2026/03/24 16:31:31 - mmengine - INFO - 
------------------------------------------------------------
System environment:
    sys.platform: linux
    Python: 3.11.10 (main, Sep  7 2024, 18:35:41) [GCC 11.4.0]
    CUDA available: True
    MUSA available: False
    numpy_random_seed: 0
    GPU 0: NVIDIA A100-SXM4-80GB
    CUDA_HOME: /usr/local/cuda
    NVCC: Cuda compilation tools, release 12.4, V12.4.131
    GCC: x86_64-linux-gnu-gcc (Ubuntu 11.4.0-1ubuntu1~22.04) 11.4.0
    PyTorch: 2.1.0+cu121
    PyTorch compiling details: PyTorch built with:
  - GCC 9.3
  - C++ Version: 201703
  - Intel(R) oneAPI Math Kernel Library Version 2022.2-Product Build 20220804 for Intel(R) 64 architecture applications
  - Intel(R) MKL-DNN v3.1.1 (Git Hash 64f6bcbcbab628e96f33a62c3e975f8535a7bde4)
  - OpenMP 201511 (a.k.a. OpenMP 4.5)
  - LAPACK is enabled (usually provided by MKL)
  - NNPACK is enabled
  - CPU capability usage: AVX2
  - CUDA Runtime 12.1
  - NVCC architecture flags: -gencode;arch=compute_50,code=sm_50;-gencode;arch=compute_60,code=sm_60;-gencode;arch=compute_70,code=sm_70;-gencode;arch=compute_75,code=sm_75;-gencode;arch=compute_80,code=sm_80;-gencode;arch=compute_86,code=sm_86;-gencode;arch=compute_90,code=sm_90
  - CuDNN 8.9.2
  - Magma 2.6.1
  - Build settings: BLAS_INFO=mkl, BUILD_TYPE=Release, CUDA_VERSION=12.1, CUDNN_VERSION=8.9.2, CXX_COMPILER=/opt/rh/devtoolset-9/root/usr/bin/c++, CXX_FLAGS= -D_GLIBCXX_USE_CXX11_ABI=0 -fabi-version=11 -fvisibility-inlines-hidden -DUSE_PTHREADPOOL -DNDEBUG -DUSE_KINETO -DLIBKINETO_NOROCTRACER -DUSE_FBGEMM -DUSE_QNNPACK -DUSE_PYTORCH_QNNPACK -DUSE_XNNPACK -DSYMBOLICATE_MOBILE_DEBUG_HANDLE -O2 -fPIC -Wall -Wextra -Werror=return-type -Werror=non-virtual-dtor -Werror=bool-operation -Wnarrowing -Wno-missing-field-initializers -Wno-type-limits -Wno-array-bounds -Wno-unknown-pragmas -Wno-unused-parameter -Wno-unused-function -Wno-unused-result -Wno-strict-overflow -Wno-strict-aliasing -Wno-stringop-overflow -Wno-psabi -Wno-error=pedantic -Wno-error=old-style-cast -Wno-invalid-partial-specialization -Wno-unused-private-field -Wno-aligned-allocation-unavailable -Wno-missing-braces -fdiagnostics-color=always -faligned-new -Wno-unused-but-set-variable -Wno-maybe-uninitialized -fno-math-errno -fno-trapping-math -Werror=format -Werror=cast-function-type -Wno-stringop-overflow, LAPACK_INFO=mkl, PERF_WITH_AVX=1, PERF_WITH_AVX2=1, PERF_WITH_AVX512=1, TORCH_DISABLE_GPU_ASSERTS=ON, TORCH_VERSION=2.1.0, USE_CUDA=ON, USE_CUDNN=ON, USE_EXCEPTION_PTR=1, USE_GFLAGS=OFF, USE_GLOG=OFF, USE_MKL=ON, USE_MKLDNN=ON, USE_MPI=OFF, USE_NCCL=1, USE_NNPACK=ON, USE_OPENMP=ON, USE_ROCM=OFF, 

    TorchVision: 0.16.0+cu121
    OpenCV: 4.11.0
    MMEngine: 0.10.7

Runtime environment:
    cudnn_benchmark: False
    mp_cfg: {'mp_start_method': 'fork', 'opencv_num_threads': 0}
    dist_cfg: {'backend': 'nccl'}
    seed: 0
    deterministic: False
    Distributed launcher: none
    Distributed training: False
    GPU number: 1
------------------------------------------------------------

2026/03/24 16:31:31 - mmengine - INFO - Config:
auto_scale_lr = dict(base_batch_size=16, enable=False)
backend_args = None
classes = (
    'holothurian',
    'echinus',
    'scallop',
    'starfish',
    'fish',
    'coral',
    'diver',
    'cuttlefish',
    'turtle',
    'jellyfish',
)
data_root = '../data-processing/vision/RUOD/processed/'
dataset_type = 'CocoDataset'
default_hooks = dict(
    checkpoint=dict(
        interval=-1,
        max_keep_ckpts=1,
        rule='greater',
        save_best='coco/bbox_mAP',
        save_last=True,
        type='CheckpointHook'),
    logger=dict(interval=50, type='LoggerHook'),
    param_scheduler=dict(type='ParamSchedulerHook'),
    sampler_seed=dict(type='DistSamplerSeedHook'),
    timer=dict(type='IterTimerHook'),
    visualization=dict(type='DetVisualizationHook'))
default_scope = 'mmdet'
env_cfg = dict(
    cudnn_benchmark=False,
    dist_cfg=dict(backend='nccl'),
    mp_cfg=dict(mp_start_method='fork', opencv_num_threads=0))
launcher = 'none'
load_from = None
log_level = 'INFO'
log_processor = dict(by_epoch=True, type='LogProcessor', window_size=50)
metainfo = dict(
    classes=(
        'holothurian',
        'echinus',
        'scallop',
        'starfish',
        'fish',
        'coral',
        'diver',
        'cuttlefish',
        'turtle',
        'jellyfish',
    ))
model = dict(
    backbone=dict(
        depth=50,
        frozen_stages=1,
        init_cfg=dict(checkpoint='torchvision://resnet50', type='Pretrained'),
        norm_cfg=dict(requires_grad=True, type='BN'),
        norm_eval=True,
        num_stages=4,
        out_indices=(
            0,
            1,
            2,
            3,
        ),
        style='pytorch',
        type='ResNet'),
    data_preprocessor=dict(
        bgr_to_rgb=True,
        mean=[
            123.675,
            116.28,
            103.53,
        ],
        pad_size_divisor=32,
        std=[
            58.395,
            57.12,
            57.375,
        ],
        type='DetDataPreprocessor'),
    neck=dict(
        in_channels=[
            256,
            512,
            1024,
            2048,
        ],
        num_outs=5,
        out_channels=256,
        type='FPN'),
    roi_head=dict(
        bbox_head=dict(
            bbox_coder=dict(
                target_means=[
                    0.0,
                    0.0,
                    0.0,
                    0.0,
                ],
                target_stds=[
                    0.1,
                    0.1,
                    0.2,
                    0.2,
                ],
                type='DeltaXYWHBBoxCoder'),
            fc_out_channels=1024,
            in_channels=256,
            loss_bbox=dict(loss_weight=1.0, type='L1Loss'),
            loss_cls=dict(
                loss_weight=1.0, type='CrossEntropyLoss', use_sigmoid=False),
            num_classes=10,
            reg_class_agnostic=False,
            roi_feat_size=7,
            type='Shared2FCBBoxHead'),
        bbox_roi_extractor=dict(
            featmap_strides=[
                4,
                8,
                16,
                32,
            ],
            out_channels=256,
            roi_layer=dict(output_size=7, sampling_ratio=0, type='RoIAlign'),
            type='SingleRoIExtractor'),
        type='StandardRoIHead'),
    rpn_head=dict(
        anchor_generator=dict(
            ratios=[
                0.5,
                1.0,
                2.0,
            ],
            scales=[
                8,
            ],
            strides=[
                4,
                8,
                16,
                32,
                64,
            ],
            type='AnchorGenerator'),
        bbox_coder=dict(
            target_means=[
                0.0,
                0.0,
                0.0,
                0.0,
            ],
            target_stds=[
                1.0,
                1.0,
                1.0,
                1.0,
            ],
            type='DeltaXYWHBBoxCoder'),
        feat_channels=256,
        in_channels=256,
        loss_bbox=dict(loss_weight=1.0, type='L1Loss'),
        loss_cls=dict(
            loss_weight=1.0, type='CrossEntropyLoss', use_sigmoid=True),
        type='RPNHead'),
    test_cfg=dict(
        rcnn=dict(
            max_per_img=100,
            nms=dict(iou_threshold=0.5, type='nms'),
            score_thr=0.05),
        rpn=dict(
            max_per_img=1000,
            min_bbox_size=0,
            nms=dict(iou_threshold=0.7, type='nms'),
            nms_pre=1000)),
    train_cfg=dict(
        rcnn=dict(
            assigner=dict(
                ignore_iof_thr=-1,
                match_low_quality=False,
                min_pos_iou=0.5,
                neg_iou_thr=0.5,
                pos_iou_thr=0.5,
                type='MaxIoUAssigner'),
            debug=False,
            pos_weight=-1,
            sampler=dict(
                add_gt_as_proposals=True,
                neg_pos_ub=-1,
                num=512,
                pos_fraction=0.25,
                type='RandomSampler')),
        rpn=dict(
            allowed_border=-1,
            assigner=dict(
                ignore_iof_thr=-1,
                match_low_quality=True,
                min_pos_iou=0.3,
                neg_iou_thr=0.3,
                pos_iou_thr=0.7,
                type='MaxIoUAssigner'),
            debug=False,
            pos_weight=-1,
            sampler=dict(
                add_gt_as_proposals=False,
                neg_pos_ub=-1,
                num=256,
                pos_fraction=0.5,
                type='RandomSampler')),
        rpn_proposal=dict(
            max_per_img=1000,
            min_bbox_size=0,
            nms=dict(iou_threshold=0.7, type='nms'),
            nms_pre=2000)),
    type='FasterRCNN')
num_classes = 10
optim_wrapper = dict(
    optimizer=dict(lr=0.02, momentum=0.9, type='SGD', weight_decay=0.0001),
    type='OptimWrapper')
param_scheduler = [
    dict(
        begin=0, by_epoch=False, end=500, start_factor=0.001, type='LinearLR'),
    dict(
        begin=0,
        by_epoch=True,
        end=80,
        gamma=0.1,
        milestones=[
            53,
            73,
        ],
        type='MultiStepLR'),
]
randomness = dict(deterministic=False, seed=0)
resume = False
test_cfg = dict(type='TestLoop')
test_dataloader = dict(
    batch_size=1,
    dataset=dict(
        ann_file='annotations/test.json',
        backend_args=None,
        data_prefix=dict(img='images/test/'),
        data_root='../data-processing/vision/RUOD/processed/',
        metainfo=dict(
            classes=(
                'holothurian',
                'echinus',
                'scallop',
                'starfish',
                'fish',
                'coral',
                'diver',
                'cuttlefish',
                'turtle',
                'jellyfish',
            )),
        pipeline=[
            dict(backend_args=None, type='LoadImageFromFile'),
            dict(keep_ratio=True, scale=(
                640,
                640,
            ), type='Resize'),
            dict(type='LoadAnnotations', with_bbox=True),
            dict(
                meta_keys=(
                    'img_id',
                    'img_path',
                    'ori_shape',
                    'img_shape',
                    'scale_factor',
                ),
                type='PackDetInputs'),
        ],
        test_mode=True,
        type='CocoDataset'),
    drop_last=False,
    num_workers=2,
    persistent_workers=True,
    sampler=dict(shuffle=False, type='DefaultSampler'))
test_evaluator = dict(
    ann_file='../data-processing/vision/RUOD/processed/annotations/test.json',
    backend_args=None,
    format_only=False,
    metric='bbox',
    type='CocoMetric')
test_pipeline = [
    dict(backend_args=None, type='LoadImageFromFile'),
    dict(keep_ratio=True, scale=(
        640,
        640,
    ), type='Resize'),
    dict(type='LoadAnnotations', with_bbox=True),
    dict(
        meta_keys=(
            'img_id',
            'img_path',
            'ori_shape',
            'img_shape',
            'scale_factor',
        ),
        type='PackDetInputs'),
]
train_cfg = dict(max_epochs=80, type='EpochBasedTrainLoop', val_interval=2)
train_dataloader = dict(
    batch_sampler=dict(type='AspectRatioBatchSampler'),
    batch_size=32,
    dataset=dict(
        ann_file='annotations/train.json',
        backend_args=None,
        data_prefix=dict(img='images/train/'),
        data_root='../data-processing/vision/RUOD/processed/',
        filter_cfg=dict(filter_empty_gt=False),
        metainfo=dict(
            classes=(
                'holothurian',
                'echinus',
                'scallop',
                'starfish',
                'fish',
                'coral',
                'diver',
                'cuttlefish',
                'turtle',
                'jellyfish',
            )),
        pipeline=[
            dict(backend_args=None, type='LoadImageFromFile'),
            dict(type='LoadAnnotations', with_bbox=True),
            dict(keep_ratio=True, scale=(
                640,
                640,
            ), type='Resize'),
            dict(prob=0.5, type='RandomFlip'),
            dict(type='PackDetInputs'),
        ],
        type='CocoDataset'),
    num_workers=8,
    persistent_workers=True,
    pin_memory=True,
    prefetch_factor=4,
    sampler=dict(shuffle=True, type='DefaultSampler'))
train_pipeline = [
    dict(backend_args=None, type='LoadImageFromFile'),
    dict(type='LoadAnnotations', with_bbox=True),
    dict(keep_ratio=True, scale=(
        640,
        640,
    ), type='Resize'),
    dict(prob=0.5, type='RandomFlip'),
    dict(type='PackDetInputs'),
]
val_cfg = dict(type='ValLoop')
val_dataloader = dict(
    batch_size=4,
    dataset=dict(
        ann_file='annotations/val.json',
        backend_args=None,
        data_prefix=dict(img='images/val/'),
        data_root='../data-processing/vision/RUOD/processed/',
        metainfo=dict(
            classes=(
                'holothurian',
                'echinus',
                'scallop',
                'starfish',
                'fish',
                'coral',
                'diver',
                'cuttlefish',
                'turtle',
                'jellyfish',
            )),
        pipeline=[
            dict(backend_args=None, type='LoadImageFromFile'),
            dict(keep_ratio=True, scale=(
                640,
                640,
            ), type='Resize'),
            dict(type='LoadAnnotations', with_bbox=True),
            dict(
                meta_keys=(
                    'img_id',
                    'img_path',
                    'ori_shape',
                    'img_shape',
                    'scale_factor',
                ),
                type='PackDetInputs'),
        ],
        test_mode=True,
        type='CocoDataset'),
    drop_last=False,
    num_workers=4,
    persistent_workers=True,
    sampler=dict(shuffle=False, type='DefaultSampler'))
val_evaluator = dict(
    ann_file='../data-processing/vision/RUOD/processed/annotations/val.json',
    backend_args=None,
    format_only=False,
    metric='bbox',
    type='CocoMetric')
vis_backends = [
    dict(type='LocalVisBackend'),
]
visualizer = dict(
    name='visualizer',
    type='DetLocalVisualizer',
    vis_backends=[
        dict(type='LocalVisBackend'),
    ])
work_dir = '../runs/mmdet/faster_rcnn_r50_fpn_ruod_80e_pretrained'

2026/03/24 16:31:35 - mmengine - INFO - Distributed training is not used, all SyncBatchNorm (SyncBN) layers in the model will be automatically reverted to BatchNormXd layers if they are used.
2026/03/24 16:31:35 - mmengine - INFO - Hooks will be executed in the following order:
before_run:
(VERY_HIGH   ) RuntimeInfoHook                    
(BELOW_NORMAL) LoggerHook                         
 -------------------- 
before_train:
(VERY_HIGH   ) RuntimeInfoHook                    
(NORMAL      ) IterTimerHook                      
(VERY_LOW    ) CheckpointHook                     
 -------------------- 
before_train_epoch:
(VERY_HIGH   ) RuntimeInfoHook                    
(NORMAL      ) IterTimerHook                      
(NORMAL      ) DistSamplerSeedHook                
 -------------------- 
before_train_iter:
(VERY_HIGH   ) RuntimeInfoHook                    
(NORMAL      ) IterTimerHook                      
 -------------------- 
after_train_iter:
(VERY_HIGH   ) RuntimeInfoHook                    
(NORMAL      ) IterTimerHook                      
(BELOW_NORMAL) LoggerHook                         
(LOW         ) ParamSchedulerHook                 
(VERY_LOW    ) CheckpointHook                     
 -------------------- 
after_train_epoch:
(NORMAL      ) IterTimerHook                      
(LOW         ) ParamSchedulerHook                 
(VERY_LOW    ) CheckpointHook                     
 -------------------- 
before_val:
(VERY_HIGH   ) RuntimeInfoHook                    
 -------------------- 
before_val_epoch:
(NORMAL      ) IterTimerHook                      
 -------------------- 
before_val_iter:
(NORMAL      ) IterTimerHook                      
 -------------------- 
after_val_iter:
(NORMAL      ) IterTimerHook                      
(NORMAL      ) DetVisualizationHook               
(BELOW_NORMAL) LoggerHook                         
 -------------------- 
after_val_epoch:
(VERY_HIGH   ) RuntimeInfoHook                    
(NORMAL      ) IterTimerHook                      
(BELOW_NORMAL) LoggerHook                         
(LOW         ) ParamSchedulerHook                 
(VERY_LOW    ) CheckpointHook                     
 -------------------- 
after_val:
(VERY_HIGH   ) RuntimeInfoHook                    
 -------------------- 
after_train:
(VERY_HIGH   ) RuntimeInfoHook                    
(VERY_LOW    ) CheckpointHook                     
 -------------------- 
before_test:
(VERY_HIGH   ) RuntimeInfoHook                    
 -------------------- 
before_test_epoch:
(NORMAL      ) IterTimerHook                      
 -------------------- 
before_test_iter:
(NORMAL      ) IterTimerHook                      
 -------------------- 
after_test_iter:
(NORMAL      ) IterTimerHook                      
(NORMAL      ) DetVisualizationHook               
(BELOW_NORMAL) LoggerHook                         
 -------------------- 
after_test_epoch:
(VERY_HIGH   ) RuntimeInfoHook                    
(NORMAL      ) IterTimerHook                      
(BELOW_NORMAL) LoggerHook                         
 -------------------- 
after_test:
(VERY_HIGH   ) RuntimeInfoHook                    
 -------------------- 
after_run:
(BELOW_NORMAL) LoggerHook                         
 -------------------- 
2026/03/24 16:31:36 - mmengine - INFO - load model from: torchvision://resnet50
2026/03/24 16:31:36 - mmengine - INFO - Loads checkpoint by torchvision backend from path: torchvision://resnet50
2026/03/24 16:31:36 - mmengine - WARNING - The model and loaded state dict do not match exactly

unexpected key in source state_dict: fc.weight, fc.bias

Name of parameter - Initialization information

backbone.conv1.weight - torch.Size([64, 3, 7, 7]): 
PretrainedInit: load from torchvision://resnet50 

backbone.bn1.weight - torch.Size([64]): 
PretrainedInit: load from torchvision://resnet50 

backbone.bn1.bias - torch.Size([64]): 
PretrainedInit: load from torchvision://resnet50 

backbone.layer1.0.conv1.weight - torch.Size([64, 64, 1, 1]): 
PretrainedInit: load from torchvision://resnet50 

backbone.layer1.0.bn1.weight - torch.Size([64]): 
PretrainedInit: load from torchvision://resnet50 

backbone.layer1.0.bn1.bias - torch.Size([64]): 
PretrainedInit: load from torchvision://resnet50 

backbone.layer1.0.conv2.weight - torch.Size([64, 64, 3, 3]): 
PretrainedInit: load from torchvision://resnet50 

backbone.layer1.0.bn2.weight - torch.Size([64]): 
PretrainedInit: load from torchvision://resnet50 

backbone.layer1.0.bn2.bias - torch.Size([64]): 
PretrainedInit: load from torchvision://resnet50 

backbone.layer1.0.conv3.weight - torch.Size([256, 64, 1, 1]): 
PretrainedInit: load from torchvision://resnet50 

backbone.layer1.0.bn3.weight - torch.Size([256]): 
PretrainedInit: load from torchvision://resnet50 

backbone.layer1.0.bn3.bias - torch.Size([256]): 
PretrainedInit: load from torchvision://resnet50 

backbone.layer1.0.downsample.0.weight - torch.Size([256, 64, 1, 1]): 
PretrainedInit: load from torchvision://resnet50 

backbone.layer1.0.downsample.1.weight - torch.Size([256]): 
PretrainedInit: load from torchvision://resnet50 

backbone.layer1.0.downsample.1.bias - torch.Size([256]): 
PretrainedInit: load from torchvision://resnet50 

backbone.layer1.1.conv1.weight - torch.Size([64, 256, 1, 1]): 
PretrainedInit: load from torchvision://resnet50 

backbone.layer1.1.bn1.weight - torch.Size([64]): 
PretrainedInit: load from torchvision://resnet50 

backbone.layer1.1.bn1.bias - torch.Size([64]): 
PretrainedInit: load from torchvision://resnet50 

backbone.layer1.1.conv2.weight - torch.Size([64, 64, 3, 3]): 
PretrainedInit: load from torchvision://resnet50 

backbone.layer1.1.bn2.weight - torch.Size([64]): 
PretrainedInit: load from torchvision://resnet50 

backbone.layer1.1.bn2.bias - torch.Size([64]): 
PretrainedInit: load from torchvision://resnet50 

backbone.layer1.1.conv3.weight - torch.Size([256, 64, 1, 1]): 
PretrainedInit: load from torchvision://resnet50 

backbone.layer1.1.bn3.weight - torch.Size([256]): 
PretrainedInit: load from torchvision://resnet50 

backbone.layer1.1.bn3.bias - torch.Size([256]): 
PretrainedInit: load from torchvision://resnet50 

backbone.layer1.2.conv1.weight - torch.Size([64, 256, 1, 1]): 
PretrainedInit: load from torchvision://resnet50 

backbone.layer1.2.bn1.weight - torch.Size([64]): 
PretrainedInit: load from torchvision://resnet50 

backbone.layer1.2.bn1.bias - torch.Size([64]): 
PretrainedInit: load from torchvision://resnet50 

backbone.layer1.2.conv2.weight - torch.Size([64, 64, 3, 3]): 
PretrainedInit: load from torchvision://resnet50 

backbone.layer1.2.bn2.weight - torch.Size([64]): 
PretrainedInit: load from torchvision://resnet50 

backbone.layer1.2.bn2.bias - torch.Size([64]): 
PretrainedInit: load from torchvision://resnet50 

backbone.layer1.2.conv3.weight - torch.Size([256, 64, 1, 1]): 
PretrainedInit: load from torchvision://resnet50 

backbone.layer1.2.bn3.weight - torch.Size([256]): 
PretrainedInit: load from torchvision://resnet50 

backbone.layer1.2.bn3.bias - torch.Size([256]): 
PretrainedInit: load from torchvision://resnet50 

backbone.layer2.0.conv1.weight - torch.Size([128, 256, 1, 1]): 
PretrainedInit: load from torchvision://resnet50 

backbone.layer2.0.bn1.weight - torch.Size([128]): 
PretrainedInit: load from torchvision://resnet50 

backbone.layer2.0.bn1.bias - torch.Size([128]): 
PretrainedInit: load from torchvision://resnet50 

backbone.layer2.0.conv2.weight - torch.Size([128, 128, 3, 3]): 
PretrainedInit: load from torchvision://resnet50 

backbone.layer2.0.bn2.weight - torch.Size([128]): 
PretrainedInit: load from torchvision://resnet50 

backbone.layer2.0.bn2.bias - torch.Size([128]): 
PretrainedInit: load from torchvision://resnet50 

backbone.layer2.0.conv3.weight - torch.Size([512, 128, 1, 1]): 
PretrainedInit: load from torchvision://resnet50 

backbone.layer2.0.bn3.weight - torch.Size([512]): 
PretrainedInit: load from torchvision://resnet50 

backbone.layer2.0.bn3.bias - torch.Size([512]): 
PretrainedInit: load from torchvision://resnet50 

backbone.layer2.0.downsample.0.weight - torch.Size([512, 256, 1, 1]): 
PretrainedInit: load from torchvision://resnet50 

backbone.layer2.0.downsample.1.weight - torch.Size([512]): 
PretrainedInit: load from torchvision://resnet50 

backbone.layer2.0.downsample.1.bias - torch.Size([512]): 
PretrainedInit: load from torchvision://resnet50 

backbone.layer2.1.conv1.weight - torch.Size([128, 512, 1, 1]): 
PretrainedInit: load from torchvision://resnet50 

backbone.layer2.1.bn1.weight - torch.Size([128]): 
PretrainedInit: load from torchvision://resnet50 

backbone.layer2.1.bn1.bias - torch.Size([128]): 
PretrainedInit: load from torchvision://resnet50 

backbone.layer2.1.conv2.weight - torch.Size([128, 128, 3, 3]): 
PretrainedInit: load from torchvision://resnet50 

backbone.layer2.1.bn2.weight - torch.Size([128]): 
PretrainedInit: load from torchvision://resnet50 

backbone.layer2.1.bn2.bias - torch.Size([128]): 
PretrainedInit: load from torchvision://resnet50 

backbone.layer2.1.conv3.weight - torch.Size([512, 128, 1, 1]): 
PretrainedInit: load from torchvision://resnet50 

backbone.layer2.1.bn3.weight - torch.Size([512]): 
PretrainedInit: load from torchvision://resnet50 

backbone.layer2.1.bn3.bias - torch.Size([512]): 
PretrainedInit: load from torchvision://resnet50 

backbone.layer2.2.conv1.weight - torch.Size([128, 512, 1, 1]): 
PretrainedInit: load from torchvision://resnet50 

backbone.layer2.2.bn1.weight - torch.Size([128]): 
PretrainedInit: load from torchvision://resnet50 

backbone.layer2.2.bn1.bias - torch.Size([128]): 
PretrainedInit: load from torchvision://resnet50 

backbone.layer2.2.conv2.weight - torch.Size([128, 128, 3, 3]): 
PretrainedInit: load from torchvision://resnet50 

backbone.layer2.2.bn2.weight - torch.Size([128]): 
PretrainedInit: load from torchvision://resnet50 

backbone.layer2.2.bn2.bias - torch.Size([128]): 
PretrainedInit: load from torchvision://resnet50 

backbone.layer2.2.conv3.weight - torch.Size([512, 128, 1, 1]): 
PretrainedInit: load from torchvision://resnet50 

backbone.layer2.2.bn3.weight - torch.Size([512]): 
PretrainedInit: load from torchvision://resnet50 

backbone.layer2.2.bn3.bias - torch.Size([512]): 
PretrainedInit: load from torchvision://resnet50 

backbone.layer2.3.conv1.weight - torch.Size([128, 512, 1, 1]): 
PretrainedInit: load from torchvision://resnet50 

backbone.layer2.3.bn1.weight - torch.Size([128]): 
PretrainedInit: load from torchvision://resnet50 

backbone.layer2.3.bn1.bias - torch.Size([128]): 
PretrainedInit: load from torchvision://resnet50 

backbone.layer2.3.conv2.weight - torch.Size([128, 128, 3, 3]): 
PretrainedInit: load from torchvision://resnet50 

backbone.layer2.3.bn2.weight - torch.Size([128]): 
PretrainedInit: load from torchvision://resnet50 

backbone.layer2.3.bn2.bias - torch.Size([128]): 
PretrainedInit: load from torchvision://resnet50 

backbone.layer2.3.conv3.weight - torch.Size([512, 128, 1, 1]): 
PretrainedInit: load from torchvision://resnet50 

backbone.layer2.3.bn3.weight - torch.Size([512]): 
PretrainedInit: load from torchvision://resnet50 

backbone.layer2.3.bn3.bias - torch.Size([512]): 
PretrainedInit: load from torchvision://resnet50 

backbone.layer3.0.conv1.weight - torch.Size([256, 512, 1, 1]): 
PretrainedInit: load from torchvision://resnet50 

backbone.layer3.0.bn1.weight - torch.Size([256]): 
PretrainedInit: load from torchvision://resnet50 

backbone.layer3.0.bn1.bias - torch.Size([256]): 
PretrainedInit: load from torchvision://resnet50 

backbone.layer3.0.conv2.weight - torch.Size([256, 256, 3, 3]): 
PretrainedInit: load from torchvision://resnet50 

backbone.layer3.0.bn2.weight - torch.Size([256]): 
PretrainedInit: load from torchvision://resnet50 

backbone.layer3.0.bn2.bias - torch.Size([256]): 
PretrainedInit: load from torchvision://resnet50 

backbone.layer3.0.conv3.weight - torch.Size([1024, 256, 1, 1]): 
PretrainedInit: load from torchvision://resnet50 

backbone.layer3.0.bn3.weight - torch.Size([1024]): 
PretrainedInit: load from torchvision://resnet50 

backbone.layer3.0.bn3.bias - torch.Size([1024]): 
PretrainedInit: load from torchvision://resnet50 

backbone.layer3.0.downsample.0.weight - torch.Size([1024, 512, 1, 1]): 
PretrainedInit: load from torchvision://resnet50 

backbone.layer3.0.downsample.1.weight - torch.Size([1024]): 
PretrainedInit: load from torchvision://resnet50 

backbone.layer3.0.downsample.1.bias - torch.Size([1024]): 
PretrainedInit: load from torchvision://resnet50 

backbone.layer3.1.conv1.weight - torch.Size([256, 1024, 1, 1]): 
PretrainedInit: load from torchvision://resnet50 

backbone.layer3.1.bn1.weight - torch.Size([256]): 
PretrainedInit: load from torchvision://resnet50 

backbone.layer3.1.bn1.bias - torch.Size([256]): 
PretrainedInit: load from torchvision://resnet50 

backbone.layer3.1.conv2.weight - torch.Size([256, 256, 3, 3]): 
PretrainedInit: load from torchvision://resnet50 

backbone.layer3.1.bn2.weight - torch.Size([256]): 
PretrainedInit: load from torchvision://resnet50 

backbone.layer3.1.bn2.bias - torch.Size([256]): 
PretrainedInit: load from torchvision://resnet50 

backbone.layer3.1.conv3.weight - torch.Size([1024, 256, 1, 1]): 
PretrainedInit: load from torchvision://resnet50 

backbone.layer3.1.bn3.weight - torch.Size([1024]): 
PretrainedInit: load from torchvision://resnet50 

backbone.layer3.1.bn3.bias - torch.Size([1024]): 
PretrainedInit: load from torchvision://resnet50 

backbone.layer3.2.conv1.weight - torch.Size([256, 1024, 1, 1]): 
PretrainedInit: load from torchvision://resnet50 

backbone.layer3.2.bn1.weight - torch.Size([256]): 
PretrainedInit: load from torchvision://resnet50 

backbone.layer3.2.bn1.bias - torch.Size([256]): 
PretrainedInit: load from torchvision://resnet50 

backbone.layer3.2.conv2.weight - torch.Size([256, 256, 3, 3]): 
PretrainedInit: load from torchvision://resnet50 

backbone.layer3.2.bn2.weight - torch.Size([256]): 
PretrainedInit: load from torchvision://resnet50 

backbone.layer3.2.bn2.bias - torch.Size([256]): 
PretrainedInit: load from torchvision://resnet50 

backbone.layer3.2.conv3.weight - torch.Size([1024, 256, 1, 1]): 
PretrainedInit: load from torchvision://resnet50 

backbone.layer3.2.bn3.weight - torch.Size([1024]): 
PretrainedInit: load from torchvision://resnet50 

backbone.layer3.2.bn3.bias - torch.Size([1024]): 
PretrainedInit: load from torchvision://resnet50 

backbone.layer3.3.conv1.weight - torch.Size([256, 1024, 1, 1]): 
PretrainedInit: load from torchvision://resnet50 

backbone.layer3.3.bn1.weight - torch.Size([256]): 
PretrainedInit: load from torchvision://resnet50 

backbone.layer3.3.bn1.bias - torch.Size([256]): 
PretrainedInit: load from torchvision://resnet50 

backbone.layer3.3.conv2.weight - torch.Size([256, 256, 3, 3]): 
PretrainedInit: load from torchvision://resnet50 

backbone.layer3.3.bn2.weight - torch.Size([256]): 
PretrainedInit: load from torchvision://resnet50 

backbone.layer3.3.bn2.bias - torch.Size([256]): 
PretrainedInit: load from torchvision://resnet50 

backbone.layer3.3.conv3.weight - torch.Size([1024, 256, 1, 1]): 
PretrainedInit: load from torchvision://resnet50 

backbone.layer3.3.bn3.weight - torch.Size([1024]): 
PretrainedInit: load from torchvision://resnet50 

backbone.layer3.3.bn3.bias - torch.Size([1024]): 
PretrainedInit: load from torchvision://resnet50 

backbone.layer3.4.conv1.weight - torch.Size([256, 1024, 1, 1]): 
PretrainedInit: load from torchvision://resnet50 

backbone.layer3.4.bn1.weight - torch.Size([256]): 
PretrainedInit: load from torchvision://resnet50 

backbone.layer3.4.bn1.bias - torch.Size([256]): 
PretrainedInit: load from torchvision://resnet50 

backbone.layer3.4.conv2.weight - torch.Size([256, 256, 3, 3]): 
PretrainedInit: load from torchvision://resnet50 

backbone.layer3.4.bn2.weight - torch.Size([256]): 
PretrainedInit: load from torchvision://resnet50 

backbone.layer3.4.bn2.bias - torch.Size([256]): 
PretrainedInit: load from torchvision://resnet50 

backbone.layer3.4.conv3.weight - torch.Size([1024, 256, 1, 1]): 
PretrainedInit: load from torchvision://resnet50 

backbone.layer3.4.bn3.weight - torch.Size([1024]): 
PretrainedInit: load from torchvision://resnet50 

backbone.layer3.4.bn3.bias - torch.Size([1024]): 
PretrainedInit: load from torchvision://resnet50 

backbone.layer3.5.conv1.weight - torch.Size([256, 1024, 1, 1]): 
PretrainedInit: load from torchvision://resnet50 

backbone.layer3.5.bn1.weight - torch.Size([256]): 
PretrainedInit: load from torchvision://resnet50 

backbone.layer3.5.bn1.bias - torch.Size([256]): 
PretrainedInit: load from torchvision://resnet50 

backbone.layer3.5.conv2.weight - torch.Size([256, 256, 3, 3]): 
PretrainedInit: load from torchvision://resnet50 

backbone.layer3.5.bn2.weight - torch.Size([256]): 
PretrainedInit: load from torchvision://resnet50 

backbone.layer3.5.bn2.bias - torch.Size([256]): 
PretrainedInit: load from torchvision://resnet50 

backbone.layer3.5.conv3.weight - torch.Size([1024, 256, 1, 1]): 
PretrainedInit: load from torchvision://resnet50 

backbone.layer3.5.bn3.weight - torch.Size([1024]): 
PretrainedInit: load from torchvision://resnet50 

backbone.layer3.5.bn3.bias - torch.Size([1024]): 
PretrainedInit: load from torchvision://resnet50 

backbone.layer4.0.conv1.weight - torch.Size([512, 1024, 1, 1]): 
PretrainedInit: load from torchvision://resnet50 

backbone.layer4.0.bn1.weight - torch.Size([512]): 
PretrainedInit: load from torchvision://resnet50 

backbone.layer4.0.bn1.bias - torch.Size([512]): 
PretrainedInit: load from torchvision://resnet50 

backbone.layer4.0.conv2.weight - torch.Size([512, 512, 3, 3]): 
PretrainedInit: load from torchvision://resnet50 

backbone.layer4.0.bn2.weight - torch.Size([512]): 
PretrainedInit: load from torchvision://resnet50 

backbone.layer4.0.bn2.bias - torch.Size([512]): 
PretrainedInit: load from torchvision://resnet50 

backbone.layer4.0.conv3.weight - torch.Size([2048, 512, 1, 1]): 
PretrainedInit: load from torchvision://resnet50 

backbone.layer4.0.bn3.weight - torch.Size([2048]): 
PretrainedInit: load from torchvision://resnet50 

backbone.layer4.0.bn3.bias - torch.Size([2048]): 
PretrainedInit: load from torchvision://resnet50 

backbone.layer4.0.downsample.0.weight - torch.Size([2048, 1024, 1, 1]): 
PretrainedInit: load from torchvision://resnet50 

backbone.layer4.0.downsample.1.weight - torch.Size([2048]): 
PretrainedInit: load from torchvision://resnet50 

backbone.layer4.0.downsample.1.bias - torch.Size([2048]): 
PretrainedInit: load from torchvision://resnet50 

backbone.layer4.1.conv1.weight - torch.Size([512, 2048, 1, 1]): 
PretrainedInit: load from torchvision://resnet50 

backbone.layer4.1.bn1.weight - torch.Size([512]): 
PretrainedInit: load from torchvision://resnet50 

backbone.layer4.1.bn1.bias - torch.Size([512]): 
PretrainedInit: load from torchvision://resnet50 

backbone.layer4.1.conv2.weight - torch.Size([512, 512, 3, 3]): 
PretrainedInit: load from torchvision://resnet50 

backbone.layer4.1.bn2.weight - torch.Size([512]): 
PretrainedInit: load from torchvision://resnet50 

backbone.layer4.1.bn2.bias - torch.Size([512]): 
PretrainedInit: load from torchvision://resnet50 

backbone.layer4.1.conv3.weight - torch.Size([2048, 512, 1, 1]): 
PretrainedInit: load from torchvision://resnet50 

backbone.layer4.1.bn3.weight - torch.Size([2048]): 
PretrainedInit: load from torchvision://resnet50 

backbone.layer4.1.bn3.bias - torch.Size([2048]): 
PretrainedInit: load from torchvision://resnet50 

backbone.layer4.2.conv1.weight - torch.Size([512, 2048, 1, 1]): 
PretrainedInit: load from torchvision://resnet50 

backbone.layer4.2.bn1.weight - torch.Size([512]): 
PretrainedInit: load from torchvision://resnet50 

backbone.layer4.2.bn1.bias - torch.Size([512]): 
PretrainedInit: load from torchvision://resnet50 

backbone.layer4.2.conv2.weight - torch.Size([512, 512, 3, 3]): 
PretrainedInit: load from torchvision://resnet50 

backbone.layer4.2.bn2.weight - torch.Size([512]): 
PretrainedInit: load from torchvision://resnet50 

backbone.layer4.2.bn2.bias - torch.Size([512]): 
PretrainedInit: load from torchvision://resnet50 

backbone.layer4.2.conv3.weight - torch.Size([2048, 512, 1, 1]): 
PretrainedInit: load from torchvision://resnet50 

backbone.layer4.2.bn3.weight - torch.Size([2048]): 
PretrainedInit: load from torchvision://resnet50 

backbone.layer4.2.bn3.bias - torch.Size([2048]): 
PretrainedInit: load from torchvision://resnet50 

neck.lateral_convs.0.conv.weight - torch.Size([256, 256, 1, 1]): 
XavierInit: gain=1, distribution=uniform, bias=0 

neck.lateral_convs.0.conv.bias - torch.Size([256]): 
The value is the same before and after calling `init_weights` of FasterRCNN  

neck.lateral_convs.1.conv.weight - torch.Size([256, 512, 1, 1]): 
XavierInit: gain=1, distribution=uniform, bias=0 

neck.lateral_convs.1.conv.bias - torch.Size([256]): 
The value is the same before and after calling `init_weights` of FasterRCNN  

neck.lateral_convs.2.conv.weight - torch.Size([256, 1024, 1, 1]): 
XavierInit: gain=1, distribution=uniform, bias=0 

neck.lateral_convs.2.conv.bias - torch.Size([256]): 
The value is the same before and after calling `init_weights` of FasterRCNN  

neck.lateral_convs.3.conv.weight - torch.Size([256, 2048, 1, 1]): 
XavierInit: gain=1, distribution=uniform, bias=0 

neck.lateral_convs.3.conv.bias - torch.Size([256]): 
The value is the same before and after calling `init_weights` of FasterRCNN  

neck.fpn_convs.0.conv.weight - torch.Size([256, 256, 3, 3]): 
XavierInit: gain=1, distribution=uniform, bias=0 

neck.fpn_convs.0.conv.bias - torch.Size([256]): 
The value is the same before and after calling `init_weights` of FasterRCNN  

neck.fpn_convs.1.conv.weight - torch.Size([256, 256, 3, 3]): 
XavierInit: gain=1, distribution=uniform, bias=0 

neck.fpn_convs.1.conv.bias - torch.Size([256]): 
The value is the same before and after calling `init_weights` of FasterRCNN  

neck.fpn_convs.2.conv.weight - torch.Size([256, 256, 3, 3]): 
XavierInit: gain=1, distribution=uniform, bias=0 

neck.fpn_convs.2.conv.bias - torch.Size([256]): 
The value is the same before and after calling `init_weights` of FasterRCNN  

neck.fpn_convs.3.conv.weight - torch.Size([256, 256, 3, 3]): 
XavierInit: gain=1, distribution=uniform, bias=0 

neck.fpn_convs.3.conv.bias - torch.Size([256]): 
The value is the same before and after calling `init_weights` of FasterRCNN  

rpn_head.rpn_conv.weight - torch.Size([256, 256, 3, 3]): 
NormalInit: mean=0, std=0.01, bias=0 

rpn_head.rpn_conv.bias - torch.Size([256]): 
NormalInit: mean=0, std=0.01, bias=0 

rpn_head.rpn_cls.weight - torch.Size([3, 256, 1, 1]): 
NormalInit: mean=0, std=0.01, bias=0 

rpn_head.rpn_cls.bias - torch.Size([3]): 
NormalInit: mean=0, std=0.01, bias=0 

rpn_head.rpn_reg.weight - torch.Size([12, 256, 1, 1]): 
NormalInit: mean=0, std=0.01, bias=0 

rpn_head.rpn_reg.bias - torch.Size([12]): 
NormalInit: mean=0, std=0.01, bias=0 

roi_head.bbox_head.fc_cls.weight - torch.Size([11, 1024]): 
NormalInit: mean=0, std=0.01, bias=0 

roi_head.bbox_head.fc_cls.bias - torch.Size([11]): 
NormalInit: mean=0, std=0.01, bias=0 

roi_head.bbox_head.fc_reg.weight - torch.Size([40, 1024]): 
NormalInit: mean=0, std=0.001, bias=0 

roi_head.bbox_head.fc_reg.bias - torch.Size([40]): 
NormalInit: mean=0, std=0.001, bias=0 

roi_head.bbox_head.shared_fcs.0.weight - torch.Size([1024, 12544]): 
XavierInit: gain=1, distribution=uniform, bias=0 

roi_head.bbox_head.shared_fcs.0.bias - torch.Size([1024]): 
XavierInit: gain=1, distribution=uniform, bias=0 

roi_head.bbox_head.shared_fcs.1.weight - torch.Size([1024, 1024]): 
XavierInit: gain=1, distribution=uniform, bias=0 

roi_head.bbox_head.shared_fcs.1.bias - torch.Size([1024]): 
XavierInit: gain=1, distribution=uniform, bias=0 
2026/03/24 16:31:36 - mmengine - WARNING - "FileClient" will be deprecated in future. Please use io functions in https://mmengine.readthedocs.io/en/latest/api/fileio.html#file-io
2026/03/24 16:31:36 - mmengine - WARNING - "HardDiskBackend" is the alias of "LocalBackend" and the former will be deprecated in future.
2026/03/24 16:31:36 - mmengine - INFO - Checkpoints will be saved to /workspace/aquaculture-perception/runs/mmdet/faster_rcnn_r50_fpn_ruod_80e_pretrained.
2026/03/24 16:32:17 - mmengine - INFO - Epoch(train)  [1][ 50/245]  lr: 1.9820e-03  eta: 4:26:05  time: 0.8166  data_time: 0.0216  memory: 18573  loss: 1.2963  loss_rpn_cls: 0.4989  loss_rpn_bbox: 0.0539  loss_cls: 0.6320  acc: 94.8425  loss_bbox: 0.1115
2026/03/24 16:32:53 - mmengine - INFO - Epoch(train)  [1][100/245]  lr: 3.9840e-03  eta: 4:09:33  time: 0.7191  data_time: 0.0025  memory: 18573  loss: 0.7398  loss_rpn_cls: 0.1998  loss_rpn_bbox: 0.0467  loss_cls: 0.2968  acc: 93.7805  loss_bbox: 0.1964
2026/03/24 16:33:28 - mmengine - INFO - Epoch(train)  [1][150/245]  lr: 5.9860e-03  eta: 4:02:50  time: 0.7116  data_time: 0.0025  memory: 18573  loss: 0.8523  loss_rpn_cls: 0.1622  loss_rpn_bbox: 0.0485  loss_cls: 0.3643  acc: 92.6147  loss_bbox: 0.2773
2026/03/24 16:34:04 - mmengine - INFO - Epoch(train)  [1][200/245]  lr: 7.9880e-03  eta: 3:58:39  time: 0.7051  data_time: 0.0041  memory: 18573  loss: 0.8347  loss_rpn_cls: 0.1268  loss_rpn_bbox: 0.0441  loss_cls: 0.3484  acc: 91.5894  loss_bbox: 0.3154
2026/03/24 16:34:34 - mmengine - INFO - Exp name: faster_rcnn_r50_fpn_ruod_80e_pretrained_20260324_163125
2026/03/24 16:35:11 - mmengine - INFO - Epoch(train)  [2][ 50/245]  lr: 1.1792e-02  eta: 3:54:05  time: 0.7213  data_time: 0.0165  memory: 18573  loss: 0.7964  loss_rpn_cls: 0.0922  loss_rpn_bbox: 0.0404  loss_cls: 0.3069  acc: 90.8508  loss_bbox: 0.3569
2026/03/24 16:35:46 - mmengine - INFO - Epoch(train)  [2][100/245]  lr: 1.3794e-02  eta: 3:52:10  time: 0.6993  data_time: 0.0025  memory: 18573  loss: 0.7912  loss_rpn_cls: 0.0829  loss_rpn_bbox: 0.0403  loss_cls: 0.2954  acc: 90.4053  loss_bbox: 0.3726
2026/03/24 16:36:20 - mmengine - INFO - Epoch(train)  [2][150/245]  lr: 1.5796e-02  eta: 3:50:15  time: 0.6910  data_time: 0.0026  memory: 18573  loss: 0.8026  loss_rpn_cls: 0.0813  loss_rpn_bbox: 0.0405  loss_cls: 0.3032  acc: 91.5100  loss_bbox: 0.3776
2026/03/24 16:36:55 - mmengine - INFO - Epoch(train)  [2][200/245]  lr: 1.7798e-02  eta: 3:48:34  time: 0.6892  data_time: 0.0024  memory: 18573  loss: 0.7811  loss_rpn_cls: 0.0828  loss_rpn_bbox: 0.0412  loss_cls: 0.2971  acc: 91.4246  loss_bbox: 0.3600
2026/03/24 16:37:25 - mmengine - INFO - Exp name: faster_rcnn_r50_fpn_ruod_80e_pretrained_20260324_163125
2026/03/24 16:37:28 - mmengine - INFO - Epoch(val)  [2][ 50/490]    eta: 0:00:23  time: 0.0544  data_time: 0.0099  memory: 18573  
2026/03/24 16:37:30 - mmengine - INFO - Epoch(val)  [2][100/490]    eta: 0:00:19  time: 0.0448  data_time: 0.0043  memory: 810  
2026/03/24 16:37:33 - mmengine - INFO - Epoch(val)  [2][150/490]    eta: 0:00:17  time: 0.0546  data_time: 0.0048  memory: 879  
2026/03/24 16:37:36 - mmengine - INFO - Epoch(val)  [2][200/490]    eta: 0:00:15  time: 0.0565  data_time: 0.0046  memory: 879  
2026/03/24 16:37:38 - mmengine - INFO - Epoch(val)  [2][250/490]    eta: 0:00:12  time: 0.0482  data_time: 0.0041  memory: 879  
2026/03/24 16:37:40 - mmengine - INFO - Epoch(val)  [2][300/490]    eta: 0:00:09  time: 0.0479  data_time: 0.0045  memory: 879  
2026/03/24 16:37:43 - mmengine - INFO - Epoch(val)  [2][350/490]    eta: 0:00:07  time: 0.0483  data_time: 0.0040  memory: 879  
2026/03/24 16:37:45 - mmengine - INFO - Epoch(val)  [2][400/490]    eta: 0:00:04  time: 0.0479  data_time: 0.0043  memory: 879  
2026/03/24 16:37:48 - mmengine - INFO - Epoch(val)  [2][450/490]    eta: 0:00:02  time: 0.0482  data_time: 0.0043  memory: 879  
2026/03/24 16:37:50 - mmengine - INFO - Evaluating bbox...
2026/03/24 16:37:56 - mmengine - INFO - bbox_mAP_copypaste: 0.196 0.523 0.082 0.049 0.128 0.214
2026/03/24 16:37:56 - mmengine - INFO - Epoch(val) [2][490/490]    coco/bbox_mAP: 0.1960  coco/bbox_mAP_50: 0.5230  coco/bbox_mAP_75: 0.0820  coco/bbox_mAP_s: 0.0490  coco/bbox_mAP_m: 0.1280  coco/bbox_mAP_l: 0.2140  data_time: 0.0049  time: 0.0498
2026/03/24 16:37:57 - mmengine - INFO - The best checkpoint with 0.1960 coco/bbox_mAP at 2 epoch is saved to best_coco_bbox_mAP_epoch_2.pth.
2026/03/24 16:38:33 - mmengine - INFO - Epoch(train)  [3][ 50/245]  lr: 2.0000e-02  eta: 3:46:35  time: 0.7211  data_time: 0.0207  memory: 18573  loss: 0.7312  loss_rpn_cls: 0.0672  loss_rpn_bbox: 0.0366  loss_cls: 0.2733  acc: 90.6494  loss_bbox: 0.3541
2026/03/24 16:39:08 - mmengine - INFO - Epoch(train)  [3][100/245]  lr: 2.0000e-02  eta: 3:45:35  time: 0.6985  data_time: 0.0029  memory: 18573  loss: 0.7098  loss_rpn_cls: 0.0624  loss_rpn_bbox: 0.0356  loss_cls: 0.2625  acc: 91.6138  loss_bbox: 0.3493
2026/03/24 16:39:42 - mmengine - INFO - Epoch(train)  [3][150/245]  lr: 2.0000e-02  eta: 3:44:31  time: 0.6923  data_time: 0.0022  memory: 18573  loss: 0.6684  loss_rpn_cls: 0.0547  loss_rpn_bbox: 0.0324  loss_cls: 0.2479  acc: 91.1499  loss_bbox: 0.3334
2026/03/24 16:40:17 - mmengine - INFO - Epoch(train)  [3][200/245]  lr: 2.0000e-02  eta: 3:43:39  time: 0.6985  data_time: 0.0026  memory: 18573  loss: 0.6701  loss_rpn_cls: 0.0602  loss_rpn_bbox: 0.0339  loss_cls: 0.2449  acc: 91.8152  loss_bbox: 0.3311
2026/03/24 16:40:48 - mmengine - INFO - Exp name: faster_rcnn_r50_fpn_ruod_80e_pretrained_20260324_163125
2026/03/24 16:41:24 - mmengine - INFO - Epoch(train)  [4][ 50/245]  lr: 2.0000e-02  eta: 3:42:15  time: 0.7187  data_time: 0.0173  memory: 18573  loss: 0.6329  loss_rpn_cls: 0.0497  loss_rpn_bbox: 0.0322  loss_cls: 0.2261  acc: 90.4114  loss_bbox: 0.3248
2026/03/24 16:41:58 - mmengine - INFO - Epoch(train)  [4][100/245]  lr: 2.0000e-02  eta: 3:41:15  time: 0.6868  data_time: 0.0025  memory: 18573  loss: 0.6214  loss_rpn_cls: 0.0456  loss_rpn_bbox: 0.0307  loss_cls: 0.2280  acc: 92.3523  loss_bbox: 0.3171
2026/03/24 16:42:33 - mmengine - INFO - Epoch(train)  [4][150/245]  lr: 2.0000e-02  eta: 3:40:21  time: 0.6901  data_time: 0.0025  memory: 18573  loss: 0.6085  loss_rpn_cls: 0.0470  loss_rpn_bbox: 0.0319  loss_cls: 0.2181  acc: 90.9485  loss_bbox: 0.3115
2026/03/24 16:43:07 - mmengine - INFO - Epoch(train)  [4][200/245]  lr: 2.0000e-02  eta: 3:39:32  time: 0.6920  data_time: 0.0024  memory: 18573  loss: 0.5843  loss_rpn_cls: 0.0447  loss_rpn_bbox: 0.0298  loss_cls: 0.2102  acc: 92.9810  loss_bbox: 0.2996
2026/03/24 16:43:38 - mmengine - INFO - Exp name: faster_rcnn_r50_fpn_ruod_80e_pretrained_20260324_163125
2026/03/24 16:43:43 - mmengine - INFO - Epoch(val)  [4][ 50/490]    eta: 0:00:38  time: 0.0867  data_time: 0.0371  memory: 18573  
2026/03/24 16:43:45 - mmengine - INFO - Epoch(val)  [4][100/490]    eta: 0:00:26  time: 0.0495  data_time: 0.0044  memory: 806  
2026/03/24 16:43:48 - mmengine - INFO - Epoch(val)  [4][150/490]    eta: 0:00:23  time: 0.0673  data_time: 0.0208  memory: 879  
2026/03/24 16:43:51 - mmengine - INFO - Epoch(val)  [4][200/490]    eta: 0:00:18  time: 0.0552  data_time: 0.0092  memory: 879  
2026/03/24 16:43:54 - mmengine - INFO - Epoch(val)  [4][250/490]    eta: 0:00:14  time: 0.0499  data_time: 0.0051  memory: 879  
2026/03/24 16:43:56 - mmengine - INFO - Epoch(val)  [4][300/490]    eta: 0:00:11  time: 0.0472  data_time: 0.0042  memory: 879  
2026/03/24 16:43:58 - mmengine - INFO - Epoch(val)  [4][350/490]    eta: 0:00:08  time: 0.0480  data_time: 0.0043  memory: 879  
2026/03/24 16:44:01 - mmengine - INFO - Epoch(val)  [4][400/490]    eta: 0:00:05  time: 0.0482  data_time: 0.0044  memory: 879  
2026/03/24 16:44:03 - mmengine - INFO - Epoch(val)  [4][450/490]    eta: 0:00:02  time: 0.0484  data_time: 0.0047  memory: 879  
2026/03/24 16:44:06 - mmengine - INFO - Evaluating bbox...
2026/03/24 16:44:09 - mmengine - INFO - bbox_mAP_copypaste: 0.331 0.675 0.276 0.077 0.242 0.369
2026/03/24 16:44:09 - mmengine - INFO - Epoch(val) [4][490/490]    coco/bbox_mAP: 0.3310  coco/bbox_mAP_50: 0.6750  coco/bbox_mAP_75: 0.2760  coco/bbox_mAP_s: 0.0770  coco/bbox_mAP_m: 0.2420  coco/bbox_mAP_l: 0.3690  data_time: 0.0100  time: 0.0550
2026/03/24 16:44:09 - mmengine - INFO - The previous best checkpoint /workspace/aquaculture-perception/runs/mmdet/faster_rcnn_r50_fpn_ruod_80e_pretrained/best_coco_bbox_mAP_epoch_2.pth is removed
2026/03/24 16:44:10 - mmengine - INFO - The best checkpoint with 0.3310 coco/bbox_mAP at 4 epoch is saved to best_coco_bbox_mAP_epoch_4.pth.
2026/03/24 16:44:26 - mmengine - INFO - Exp name: faster_rcnn_r50_fpn_ruod_80e_pretrained_20260324_163125
2026/03/24 16:44:46 - mmengine - INFO - Epoch(train)  [5][ 50/245]  lr: 2.0000e-02  eta: 3:38:24  time: 0.7207  data_time: 0.0162  memory: 18573  loss: 0.5691  loss_rpn_cls: 0.0389  loss_rpn_bbox: 0.0303  loss_cls: 0.2005  acc: 91.3147  loss_bbox: 0.2995
2026/03/24 16:45:21 - mmengine - INFO - Epoch(train)  [5][100/245]  lr: 2.0000e-02  eta: 3:37:35  time: 0.6898  data_time: 0.0027  memory: 18573  loss: 0.5650  loss_rpn_cls: 0.0408  loss_rpn_bbox: 0.0295  loss_cls: 0.2023  acc: 92.0776  loss_bbox: 0.2923
2026/03/24 16:45:55 - mmengine - INFO - Epoch(train)  [5][150/245]  lr: 2.0000e-02  eta: 3:36:54  time: 0.6975  data_time: 0.0025  memory: 18573  loss: 0.5645  loss_rpn_cls: 0.0421  loss_rpn_bbox: 0.0300  loss_cls: 0.2004  acc: 93.7622  loss_bbox: 0.2920
2026/03/24 16:46:30 - mmengine - INFO - Epoch(train)  [5][200/245]  lr: 2.0000e-02  eta: 3:36:05  time: 0.6877  data_time: 0.0025  memory: 18573  loss: 0.5482  loss_rpn_cls: 0.0389  loss_rpn_bbox: 0.0281  loss_cls: 0.1952  acc: 92.3584  loss_bbox: 0.2859
2026/03/24 16:47:00 - mmengine - INFO - Exp name: faster_rcnn_r50_fpn_ruod_80e_pretrained_20260324_163125
2026/03/24 16:47:37 - mmengine - INFO - Epoch(train)  [6][ 50/245]  lr: 2.0000e-02  eta: 3:35:03  time: 0.7305  data_time: 0.0217  memory: 18573  loss: 0.5279  loss_rpn_cls: 0.0335  loss_rpn_bbox: 0.0278  loss_cls: 0.1852  acc: 92.0105  loss_bbox: 0.2814
2026/03/24 16:48:11 - mmengine - INFO - Epoch(train)  [6][100/245]  lr: 2.0000e-02  eta: 3:34:17  time: 0.6889  data_time: 0.0024  memory: 18573  loss: 0.5270  loss_rpn_cls: 0.0346  loss_rpn_bbox: 0.0290  loss_cls: 0.1844  acc: 94.2078  loss_bbox: 0.2790
2026/03/24 16:48:46 - mmengine - INFO - Epoch(train)  [6][150/245]  lr: 2.0000e-02  eta: 3:33:38  time: 0.6965  data_time: 0.0022  memory: 18573  loss: 0.5074  loss_rpn_cls: 0.0338  loss_rpn_bbox: 0.0268  loss_cls: 0.1762  acc: 92.4805  loss_bbox: 0.2706
2026/03/24 16:49:21 - mmengine - INFO - Epoch(train)  [6][200/245]  lr: 2.0000e-02  eta: 3:32:59  time: 0.6972  data_time: 0.0023  memory: 18573  loss: 0.5224  loss_rpn_cls: 0.0356  loss_rpn_bbox: 0.0287  loss_cls: 0.1841  acc: 94.5496  loss_bbox: 0.2740
2026/03/24 16:49:52 - mmengine - INFO - Exp name: faster_rcnn_r50_fpn_ruod_80e_pretrained_20260324_163125
2026/03/24 16:49:54 - mmengine - INFO - Epoch(val)  [6][ 50/490]    eta: 0:00:21  time: 0.0478  data_time: 0.0062  memory: 18573  
2026/03/24 16:49:57 - mmengine - INFO - Epoch(val)  [6][100/490]    eta: 0:00:18  time: 0.0449  data_time: 0.0041  memory: 803  
2026/03/24 16:50:00 - mmengine - INFO - Epoch(val)  [6][150/490]    eta: 0:00:17  time: 0.0579  data_time: 0.0124  memory: 879  
2026/03/24 16:50:02 - mmengine - INFO - Epoch(val)  [6][200/490]    eta: 0:00:14  time: 0.0542  data_time: 0.0052  memory: 879  
2026/03/24 16:50:05 - mmengine - INFO - Epoch(val)  [6][250/490]    eta: 0:00:12  time: 0.0500  data_time: 0.0044  memory: 879  
2026/03/24 16:50:07 - mmengine - INFO - Epoch(val)  [6][300/490]    eta: 0:00:09  time: 0.0482  data_time: 0.0044  memory: 879  
2026/03/24 16:50:10 - mmengine - INFO - Epoch(val)  [6][350/490]    eta: 0:00:07  time: 0.0475  data_time: 0.0041  memory: 879  
2026/03/24 16:50:12 - mmengine - INFO - Epoch(val)  [6][400/490]    eta: 0:00:04  time: 0.0479  data_time: 0.0042  memory: 879  
2026/03/24 16:50:14 - mmengine - INFO - Epoch(val)  [6][450/490]    eta: 0:00:01  time: 0.0490  data_time: 0.0044  memory: 879  
2026/03/24 16:50:17 - mmengine - INFO - Evaluating bbox...
2026/03/24 16:50:21 - mmengine - INFO - bbox_mAP_copypaste: 0.388 0.724 0.375 0.097 0.293 0.430
2026/03/24 16:50:21 - mmengine - INFO - Epoch(val) [6][490/490]    coco/bbox_mAP: 0.3880  coco/bbox_mAP_50: 0.7240  coco/bbox_mAP_75: 0.3750  coco/bbox_mAP_s: 0.0970  coco/bbox_mAP_m: 0.2930  coco/bbox_mAP_l: 0.4300  data_time: 0.0054  time: 0.0495
2026/03/24 16:50:21 - mmengine - INFO - The previous best checkpoint /workspace/aquaculture-perception/runs/mmdet/faster_rcnn_r50_fpn_ruod_80e_pretrained/best_coco_bbox_mAP_epoch_4.pth is removed
2026/03/24 16:50:22 - mmengine - INFO - The best checkpoint with 0.3880 coco/bbox_mAP at 6 epoch is saved to best_coco_bbox_mAP_epoch_6.pth.
2026/03/24 16:50:58 - mmengine - INFO - Epoch(train)  [7][ 50/245]  lr: 2.0000e-02  eta: 3:31:53  time: 0.7205  data_time: 0.0179  memory: 18573  loss: 0.4978  loss_rpn_cls: 0.0299  loss_rpn_bbox: 0.0272  loss_cls: 0.1714  acc: 92.9565  loss_bbox: 0.2693
2026/03/24 16:51:33 - mmengine - INFO - Epoch(train)  [7][100/245]  lr: 2.0000e-02  eta: 3:31:12  time: 0.6920  data_time: 0.0025  memory: 18573  loss: 0.4939  loss_rpn_cls: 0.0310  loss_rpn_bbox: 0.0263  loss_cls: 0.1700  acc: 94.0125  loss_bbox: 0.2667
2026/03/24 16:52:08 - mmengine - INFO - Epoch(train)  [7][150/245]  lr: 2.0000e-02  eta: 3:30:34  time: 0.6985  data_time: 0.0023  memory: 18573  loss: 0.5033  loss_rpn_cls: 0.0296  loss_rpn_bbox: 0.0279  loss_cls: 0.1741  acc: 91.9067  loss_bbox: 0.2716
2026/03/24 16:52:42 - mmengine - INFO - Epoch(train)  [7][200/245]  lr: 2.0000e-02  eta: 3:29:52  time: 0.6891  data_time: 0.0024  memory: 18573  loss: 0.4788  loss_rpn_cls: 0.0284  loss_rpn_bbox: 0.0252  loss_cls: 0.1664  acc: 92.7124  loss_bbox: 0.2587
2026/03/24 16:53:13 - mmengine - INFO - Exp name: faster_rcnn_r50_fpn_ruod_80e_pretrained_20260324_163125
2026/03/24 16:53:49 - mmengine - INFO - Epoch(train)  [8][ 50/245]  lr: 2.0000e-02  eta: 3:28:45  time: 0.7185  data_time: 0.0198  memory: 18573  loss: 0.4759  loss_rpn_cls: 0.0257  loss_rpn_bbox: 0.0264  loss_cls: 0.1619  acc: 93.8782  loss_bbox: 0.2619
2026/03/24 16:54:24 - mmengine - INFO - Epoch(train)  [8][100/245]  lr: 2.0000e-02  eta: 3:28:07  time: 0.6960  data_time: 0.0027  memory: 18573  loss: 0.4653  loss_rpn_cls: 0.0267  loss_rpn_bbox: 0.0253  loss_cls: 0.1590  acc: 93.8904  loss_bbox: 0.2542
2026/03/24 16:54:58 - mmengine - INFO - Epoch(train)  [8][150/245]  lr: 2.0000e-02  eta: 3:27:26  time: 0.6897  data_time: 0.0024  memory: 18573  loss: 0.4650  loss_rpn_cls: 0.0282  loss_rpn_bbox: 0.0266  loss_cls: 0.1598  acc: 93.0359  loss_bbox: 0.2504
2026/03/24 16:55:33 - mmengine - INFO - Epoch(train)  [8][200/245]  lr: 2.0000e-02  eta: 3:26:46  time: 0.6901  data_time: 0.0023  memory: 18573  loss: 0.4733  loss_rpn_cls: 0.0266  loss_rpn_bbox: 0.0256  loss_cls: 0.1640  acc: 92.4683  loss_bbox: 0.2570
2026/03/24 16:56:03 - mmengine - INFO - Exp name: faster_rcnn_r50_fpn_ruod_80e_pretrained_20260324_163125
2026/03/24 16:56:08 - mmengine - INFO - Epoch(val)  [8][ 50/490]    eta: 0:00:36  time: 0.0828  data_time: 0.0362  memory: 18573  
2026/03/24 16:56:10 - mmengine - INFO - Epoch(val)  [8][100/490]    eta: 0:00:24  time: 0.0431  data_time: 0.0039  memory: 803  
2026/03/24 16:56:12 - mmengine - INFO - Epoch(val)  [8][150/490]    eta: 0:00:20  time: 0.0525  data_time: 0.0096  memory: 879  
2026/03/24 16:56:15 - mmengine - INFO - Epoch(val)  [8][200/490]    eta: 0:00:16  time: 0.0480  data_time: 0.0041  memory: 879  
2026/03/24 16:56:17 - mmengine - INFO - Epoch(val)  [8][250/490]    eta: 0:00:13  time: 0.0476  data_time: 0.0041  memory: 879  
2026/03/24 16:56:19 - mmengine - INFO - Epoch(val)  [8][300/490]    eta: 0:00:10  time: 0.0464  data_time: 0.0041  memory: 879  
2026/03/24 16:56:22 - mmengine - INFO - Epoch(val)  [8][350/490]    eta: 0:00:07  time: 0.0484  data_time: 0.0044  memory: 879  
2026/03/24 16:56:24 - mmengine - INFO - Epoch(val)  [8][400/490]    eta: 0:00:04  time: 0.0526  data_time: 0.0049  memory: 879  
2026/03/24 16:56:27 - mmengine - INFO - Epoch(val)  [8][450/490]    eta: 0:00:02  time: 0.0496  data_time: 0.0046  memory: 879  
2026/03/24 16:56:29 - mmengine - INFO - Evaluating bbox...
2026/03/24 16:56:33 - mmengine - INFO - bbox_mAP_copypaste: 0.403 0.736 0.405 0.102 0.296 0.449
2026/03/24 16:56:33 - mmengine - INFO - Epoch(val) [8][490/490]    coco/bbox_mAP: 0.4030  coco/bbox_mAP_50: 0.7360  coco/bbox_mAP_75: 0.4050  coco/bbox_mAP_s: 0.1020  coco/bbox_mAP_m: 0.2960  coco/bbox_mAP_l: 0.4490  data_time: 0.0081  time: 0.0520
2026/03/24 16:56:33 - mmengine - INFO - The previous best checkpoint /workspace/aquaculture-perception/runs/mmdet/faster_rcnn_r50_fpn_ruod_80e_pretrained/best_coco_bbox_mAP_epoch_6.pth is removed
2026/03/24 16:56:34 - mmengine - INFO - The best checkpoint with 0.4030 coco/bbox_mAP at 8 epoch is saved to best_coco_bbox_mAP_epoch_8.pth.
2026/03/24 16:57:03 - mmengine - INFO - Exp name: faster_rcnn_r50_fpn_ruod_80e_pretrained_20260324_163125
2026/03/24 16:57:10 - mmengine - INFO - Epoch(train)  [9][ 50/245]  lr: 2.0000e-02  eta: 3:25:36  time: 0.7118  data_time: 0.0156  memory: 18573  loss: 0.4583  loss_rpn_cls: 0.0244  loss_rpn_bbox: 0.0258  loss_cls: 0.1568  acc: 94.1772  loss_bbox: 0.2512
2026/03/24 16:57:44 - mmengine - INFO - Epoch(train)  [9][100/245]  lr: 2.0000e-02  eta: 3:24:57  time: 0.6909  data_time: 0.0025  memory: 18573  loss: 0.4489  loss_rpn_cls: 0.0243  loss_rpn_bbox: 0.0250  loss_cls: 0.1528  acc: 94.8059  loss_bbox: 0.2468
2026/03/24 16:58:19 - mmengine - INFO - Epoch(train)  [9][150/245]  lr: 2.0000e-02  eta: 3:24:19  time: 0.6948  data_time: 0.0026  memory: 18573  loss: 0.4429  loss_rpn_cls: 0.0230  loss_rpn_bbox: 0.0254  loss_cls: 0.1485  acc: 93.8110  loss_bbox: 0.2460
2026/03/24 16:58:54 - mmengine - INFO - Epoch(train)  [9][200/245]  lr: 2.0000e-02  eta: 3:23:43  time: 0.6991  data_time: 0.0027  memory: 18573  loss: 0.4345  loss_rpn_cls: 0.0215  loss_rpn_bbox: 0.0239  loss_cls: 0.1467  acc: 94.8547  loss_bbox: 0.2425
2026/03/24 16:59:25 - mmengine - INFO - Exp name: faster_rcnn_r50_fpn_ruod_80e_pretrained_20260324_163125
2026/03/24 17:00:01 - mmengine - INFO - Epoch(train) [10][ 50/245]  lr: 2.0000e-02  eta: 3:22:39  time: 0.7235  data_time: 0.0226  memory: 18573  loss: 0.4349  loss_rpn_cls: 0.0224  loss_rpn_bbox: 0.0250  loss_cls: 0.1461  acc: 93.8965  loss_bbox: 0.2414
2026/03/24 17:00:36 - mmengine - INFO - Epoch(train) [10][100/245]  lr: 2.0000e-02  eta: 3:22:02  time: 0.6939  data_time: 0.0023  memory: 18573  loss: 0.4236  loss_rpn_cls: 0.0211  loss_rpn_bbox: 0.0243  loss_cls: 0.1419  acc: 93.9026  loss_bbox: 0.2363
2026/03/24 17:01:10 - mmengine - INFO - Epoch(train) [10][150/245]  lr: 2.0000e-02  eta: 3:21:24  time: 0.6935  data_time: 0.0024  memory: 18573  loss: 0.4296  loss_rpn_cls: 0.0219  loss_rpn_bbox: 0.0242  loss_cls: 0.1451  acc: 94.0308  loss_bbox: 0.2384
2026/03/24 17:01:45 - mmengine - INFO - Epoch(train) [10][200/245]  lr: 2.0000e-02  eta: 3:20:49  time: 0.7025  data_time: 0.0023  memory: 18573  loss: 0.4164  loss_rpn_cls: 0.0186  loss_rpn_bbox: 0.0232  loss_cls: 0.1398  acc: 92.7673  loss_bbox: 0.2348
2026/03/24 17:02:16 - mmengine - INFO - Exp name: faster_rcnn_r50_fpn_ruod_80e_pretrained_20260324_163125
2026/03/24 17:02:20 - mmengine - INFO - Epoch(val) [10][ 50/490]    eta: 0:00:31  time: 0.0706  data_time: 0.0238  memory: 18573  
2026/03/24 17:02:22 - mmengine - INFO - Epoch(val) [10][100/490]    eta: 0:00:22  time: 0.0462  data_time: 0.0044  memory: 802  
2026/03/24 17:02:25 - mmengine - INFO - Epoch(val) [10][150/490]    eta: 0:00:19  time: 0.0593  data_time: 0.0161  memory: 879  
2026/03/24 17:02:28 - mmengine - INFO - Epoch(val) [10][200/490]    eta: 0:00:16  time: 0.0520  data_time: 0.0073  memory: 879  
2026/03/24 17:02:30 - mmengine - INFO - Epoch(val) [10][250/490]    eta: 0:00:13  time: 0.0506  data_time: 0.0059  memory: 879  
2026/03/24 17:02:33 - mmengine - INFO - Epoch(val) [10][300/490]    eta: 0:00:10  time: 0.0476  data_time: 0.0044  memory: 879  
2026/03/24 17:02:35 - mmengine - INFO - Epoch(val) [10][350/490]    eta: 0:00:07  time: 0.0474  data_time: 0.0042  memory: 879  
2026/03/24 17:02:37 - mmengine - INFO - Epoch(val) [10][400/490]    eta: 0:00:04  time: 0.0478  data_time: 0.0043  memory: 879  
2026/03/24 17:02:40 - mmengine - INFO - Epoch(val) [10][450/490]    eta: 0:00:02  time: 0.0482  data_time: 0.0043  memory: 879  
2026/03/24 17:02:42 - mmengine - INFO - Evaluating bbox...
2026/03/24 17:02:45 - mmengine - INFO - bbox_mAP_copypaste: 0.424 0.750 0.438 0.103 0.313 0.473
2026/03/24 17:02:45 - mmengine - INFO - Epoch(val) [10][490/490]    coco/bbox_mAP: 0.4240  coco/bbox_mAP_50: 0.7500  coco/bbox_mAP_75: 0.4380  coco/bbox_mAP_s: 0.1030  coco/bbox_mAP_m: 0.3130  coco/bbox_mAP_l: 0.4730  data_time: 0.0080  time: 0.0518
2026/03/24 17:02:45 - mmengine - INFO - The previous best checkpoint /workspace/aquaculture-perception/runs/mmdet/faster_rcnn_r50_fpn_ruod_80e_pretrained/best_coco_bbox_mAP_epoch_8.pth is removed
2026/03/24 17:02:46 - mmengine - INFO - The best checkpoint with 0.4240 coco/bbox_mAP at 10 epoch is saved to best_coco_bbox_mAP_epoch_10.pth.
2026/03/24 17:03:23 - mmengine - INFO - Epoch(train) [11][ 50/245]  lr: 2.0000e-02  eta: 3:19:47  time: 0.7296  data_time: 0.0212  memory: 18573  loss: 0.4179  loss_rpn_cls: 0.0189  loss_rpn_bbox: 0.0246  loss_cls: 0.1379  acc: 93.5974  loss_bbox: 0.2365
2026/03/24 17:03:57 - mmengine - INFO - Epoch(train) [11][100/245]  lr: 2.0000e-02  eta: 3:19:11  time: 0.6977  data_time: 0.0024  memory: 18573  loss: 0.3937  loss_rpn_cls: 0.0199  loss_rpn_bbox: 0.0229  loss_cls: 0.1313  acc: 95.9900  loss_bbox: 0.2195
2026/03/24 17:04:32 - mmengine - INFO - Epoch(train) [11][150/245]  lr: 2.0000e-02  eta: 3:18:36  time: 0.6993  data_time: 0.0025  memory: 18573  loss: 0.4094  loss_rpn_cls: 0.0188  loss_rpn_bbox: 0.0230  loss_cls: 0.1361  acc: 94.4031  loss_bbox: 0.2315
2026/03/24 17:05:07 - mmengine - INFO - Epoch(train) [11][200/245]  lr: 2.0000e-02  eta: 3:17:58  time: 0.6920  data_time: 0.0026  memory: 18573  loss: 0.4096  loss_rpn_cls: 0.0180  loss_rpn_bbox: 0.0234  loss_cls: 0.1358  acc: 95.4529  loss_bbox: 0.2324
2026/03/24 17:05:38 - mmengine - INFO - Exp name: faster_rcnn_r50_fpn_ruod_80e_pretrained_20260324_163125
2026/03/24 17:06:14 - mmengine - INFO - Epoch(train) [12][ 50/245]  lr: 2.0000e-02  eta: 3:16:52  time: 0.7075  data_time: 0.0148  memory: 18573  loss: 0.3839  loss_rpn_cls: 0.0158  loss_rpn_bbox: 0.0219  loss_cls: 0.1276  acc: 94.8486  loss_bbox: 0.2186
2026/03/24 17:06:49 - mmengine - INFO - Epoch(train) [12][100/245]  lr: 2.0000e-02  eta: 3:16:16  time: 0.6995  data_time: 0.0026  memory: 18573  loss: 0.3892  loss_rpn_cls: 0.0169  loss_rpn_bbox: 0.0221  loss_cls: 0.1278  acc: 94.6350  loss_bbox: 0.2224
2026/03/24 17:07:23 - mmengine - INFO - Epoch(train) [12][150/245]  lr: 2.0000e-02  eta: 3:15:37  time: 0.6863  data_time: 0.0027  memory: 18573  loss: 0.3933  loss_rpn_cls: 0.0173  loss_rpn_bbox: 0.0229  loss_cls: 0.1297  acc: 94.3054  loss_bbox: 0.2235
2026/03/24 17:07:58 - mmengine - INFO - Epoch(train) [12][200/245]  lr: 2.0000e-02  eta: 3:15:00  time: 0.6914  data_time: 0.0027  memory: 18573  loss: 0.4160  loss_rpn_cls: 0.0186  loss_rpn_bbox: 0.0241  loss_cls: 0.1399  acc: 94.5251  loss_bbox: 0.2334
2026/03/24 17:08:28 - mmengine - INFO - Exp name: faster_rcnn_r50_fpn_ruod_80e_pretrained_20260324_163125
2026/03/24 17:08:33 - mmengine - INFO - Epoch(val) [12][ 50/490]    eta: 0:00:37  time: 0.0854  data_time: 0.0386  memory: 18573  
2026/03/24 17:08:35 - mmengine - INFO - Epoch(val) [12][100/490]    eta: 0:00:25  time: 0.0435  data_time: 0.0038  memory: 801  
2026/03/24 17:08:39 - mmengine - INFO - Epoch(val) [12][150/490]    eta: 0:00:22  time: 0.0736  data_time: 0.0251  memory: 879  
2026/03/24 17:08:41 - mmengine - INFO - Epoch(val) [12][200/490]    eta: 0:00:18  time: 0.0522  data_time: 0.0074  memory: 879  
2026/03/24 17:08:44 - mmengine - INFO - Epoch(val) [12][250/490]    eta: 0:00:14  time: 0.0482  data_time: 0.0052  memory: 879  
2026/03/24 17:08:46 - mmengine - INFO - Epoch(val) [12][300/490]    eta: 0:00:11  time: 0.0458  data_time: 0.0039  memory: 879  
2026/03/24 17:08:48 - mmengine - INFO - Epoch(val) [12][350/490]    eta: 0:00:07  time: 0.0467  data_time: 0.0042  memory: 879  
2026/03/24 17:08:50 - mmengine - INFO - Epoch(val) [12][400/490]    eta: 0:00:04  time: 0.0466  data_time: 0.0041  memory: 879  
2026/03/24 17:08:53 - mmengine - INFO - Epoch(val) [12][450/490]    eta: 0:00:02  time: 0.0470  data_time: 0.0045  memory: 879  
2026/03/24 17:08:55 - mmengine - INFO - Evaluating bbox...
2026/03/24 17:08:59 - mmengine - INFO - bbox_mAP_copypaste: 0.441 0.775 0.458 0.108 0.335 0.491
2026/03/24 17:08:59 - mmengine - INFO - Epoch(val) [12][490/490]    coco/bbox_mAP: 0.4410  coco/bbox_mAP_50: 0.7750  coco/bbox_mAP_75: 0.4580  coco/bbox_mAP_s: 0.1080  coco/bbox_mAP_m: 0.3350  coco/bbox_mAP_l: 0.4910  data_time: 0.0102  time: 0.0537
2026/03/24 17:08:59 - mmengine - INFO - The previous best checkpoint /workspace/aquaculture-perception/runs/mmdet/faster_rcnn_r50_fpn_ruod_80e_pretrained/best_coco_bbox_mAP_epoch_10.pth is removed
2026/03/24 17:09:00 - mmengine - INFO - The best checkpoint with 0.4410 coco/bbox_mAP at 12 epoch is saved to best_coco_bbox_mAP_epoch_12.pth.
2026/03/24 17:09:36 - mmengine - INFO - Epoch(train) [13][ 50/245]  lr: 2.0000e-02  eta: 3:13:57  time: 0.7289  data_time: 0.0190  memory: 18573  loss: 0.3744  loss_rpn_cls: 0.0143  loss_rpn_bbox: 0.0217  loss_cls: 0.1246  acc: 96.2769  loss_bbox: 0.2137
2026/03/24 17:09:43 - mmengine - INFO - Exp name: faster_rcnn_r50_fpn_ruod_80e_pretrained_20260324_163125
2026/03/24 17:10:10 - mmengine - INFO - Epoch(train) [13][100/245]  lr: 2.0000e-02  eta: 3:13:17  time: 0.6844  data_time: 0.0026  memory: 18573  loss: 0.3723  loss_rpn_cls: 0.0154  loss_rpn_bbox: 0.0215  loss_cls: 0.1212  acc: 95.0928  loss_bbox: 0.2143
2026/03/24 17:10:45 - mmengine - INFO - Epoch(train) [13][150/245]  lr: 2.0000e-02  eta: 3:12:40  time: 0.6915  data_time: 0.0026  memory: 18573  loss: 0.3757  loss_rpn_cls: 0.0160  loss_rpn_bbox: 0.0227  loss_cls: 0.1202  acc: 95.3674  loss_bbox: 0.2168
2026/03/24 17:11:19 - mmengine - INFO - Epoch(train) [13][200/245]  lr: 2.0000e-02  eta: 3:12:02  time: 0.6907  data_time: 0.0027  memory: 18573  loss: 0.3876  loss_rpn_cls: 0.0168  loss_rpn_bbox: 0.0225  loss_cls: 0.1273  acc: 94.5190  loss_bbox: 0.2209
2026/03/24 17:11:50 - mmengine - INFO - Exp name: faster_rcnn_r50_fpn_ruod_80e_pretrained_20260324_163125
2026/03/24 17:12:26 - mmengine - INFO - Epoch(train) [14][ 50/245]  lr: 2.0000e-02  eta: 3:10:56  time: 0.7148  data_time: 0.0134  memory: 18573  loss: 0.3641  loss_rpn_cls: 0.0145  loss_rpn_bbox: 0.0218  loss_cls: 0.1167  acc: 95.3735  loss_bbox: 0.2111
2026/03/24 17:13:00 - mmengine - INFO - Epoch(train) [14][100/245]  lr: 2.0000e-02  eta: 3:10:16  time: 0.6812  data_time: 0.0023  memory: 18573  loss: 0.3678  loss_rpn_cls: 0.0142  loss_rpn_bbox: 0.0220  loss_cls: 0.1188  acc: 94.4336  loss_bbox: 0.2129
2026/03/24 17:13:34 - mmengine - INFO - Epoch(train) [14][150/245]  lr: 2.0000e-02  eta: 3:09:38  time: 0.6872  data_time: 0.0026  memory: 18573  loss: 0.3651  loss_rpn_cls: 0.0138  loss_rpn_bbox: 0.0218  loss_cls: 0.1168  acc: 94.9097  loss_bbox: 0.2127
2026/03/24 17:14:09 - mmengine - INFO - Epoch(train) [14][200/245]  lr: 2.0000e-02  eta: 3:09:01  time: 0.6937  data_time: 0.0026  memory: 18573  loss: 0.3690  loss_rpn_cls: 0.0160  loss_rpn_bbox: 0.0223  loss_cls: 0.1183  acc: 95.2820  loss_bbox: 0.2124
2026/03/24 17:14:40 - mmengine - INFO - Exp name: faster_rcnn_r50_fpn_ruod_80e_pretrained_20260324_163125
2026/03/24 17:14:43 - mmengine - INFO - Epoch(val) [14][ 50/490]    eta: 0:00:21  time: 0.0484  data_time: 0.0064  memory: 18573  
2026/03/24 17:14:45 - mmengine - INFO - Epoch(val) [14][100/490]    eta: 0:00:18  time: 0.0458  data_time: 0.0044  memory: 802  
2026/03/24 17:14:49 - mmengine - INFO - Epoch(val) [14][150/490]    eta: 0:00:18  time: 0.0725  data_time: 0.0300  memory: 879  
2026/03/24 17:14:51 - mmengine - INFO - Epoch(val) [14][200/490]    eta: 0:00:15  time: 0.0525  data_time: 0.0075  memory: 879  
2026/03/24 17:14:54 - mmengine - INFO - Epoch(val) [14][250/490]    eta: 0:00:12  time: 0.0485  data_time: 0.0043  memory: 879  
2026/03/24 17:14:56 - mmengine - INFO - Epoch(val) [14][300/490]    eta: 0:00:10  time: 0.0527  data_time: 0.0049  memory: 879  
2026/03/24 17:14:59 - mmengine - INFO - Epoch(val) [14][350/490]    eta: 0:00:07  time: 0.0477  data_time: 0.0043  memory: 879  
2026/03/24 17:15:01 - mmengine - INFO - Epoch(val) [14][400/490]    eta: 0:00:04  time: 0.0482  data_time: 0.0045  memory: 879  
2026/03/24 17:15:04 - mmengine - INFO - Epoch(val) [14][450/490]    eta: 0:00:02  time: 0.0490  data_time: 0.0045  memory: 879  
2026/03/24 17:15:06 - mmengine - INFO - Evaluating bbox...
2026/03/24 17:15:09 - mmengine - INFO - bbox_mAP_copypaste: 0.451 0.770 0.471 0.104 0.328 0.508
2026/03/24 17:15:09 - mmengine - INFO - Epoch(val) [14][490/490]    coco/bbox_mAP: 0.4510  coco/bbox_mAP_50: 0.7700  coco/bbox_mAP_75: 0.4710  coco/bbox_mAP_s: 0.1040  coco/bbox_mAP_m: 0.3280  coco/bbox_mAP_l: 0.5080  data_time: 0.0076  time: 0.0514
2026/03/24 17:15:09 - mmengine - INFO - The previous best checkpoint /workspace/aquaculture-perception/runs/mmdet/faster_rcnn_r50_fpn_ruod_80e_pretrained/best_coco_bbox_mAP_epoch_12.pth is removed
2026/03/24 17:15:10 - mmengine - INFO - The best checkpoint with 0.4510 coco/bbox_mAP at 14 epoch is saved to best_coco_bbox_mAP_epoch_14.pth.
2026/03/24 17:15:47 - mmengine - INFO - Epoch(train) [15][ 50/245]  lr: 2.0000e-02  eta: 3:08:04  time: 0.7410  data_time: 0.0206  memory: 18573  loss: 0.3477  loss_rpn_cls: 0.0115  loss_rpn_bbox: 0.0204  loss_cls: 0.1104  acc: 95.4224  loss_bbox: 0.2054
2026/03/24 17:16:22 - mmengine - INFO - Epoch(train) [15][100/245]  lr: 2.0000e-02  eta: 3:07:28  time: 0.6961  data_time: 0.0025  memory: 18573  loss: 0.3546  loss_rpn_cls: 0.0132  loss_rpn_bbox: 0.0218  loss_cls: 0.1148  acc: 95.6787  loss_bbox: 0.2048
2026/03/24 17:16:57 - mmengine - INFO - Epoch(train) [15][150/245]  lr: 2.0000e-02  eta: 3:06:53  time: 0.6994  data_time: 0.0026  memory: 18573  loss: 0.3584  loss_rpn_cls: 0.0128  loss_rpn_bbox: 0.0209  loss_cls: 0.1173  acc: 95.5017  loss_bbox: 0.2073
2026/03/24 17:17:32 - mmengine - INFO - Epoch(train) [15][200/245]  lr: 2.0000e-02  eta: 3:06:19  time: 0.7048  data_time: 0.0021  memory: 18573  loss: 0.3658  loss_rpn_cls: 0.0139  loss_rpn_bbox: 0.0218  loss_cls: 0.1182  acc: 95.7764  loss_bbox: 0.2118
2026/03/24 17:18:03 - mmengine - INFO - Exp name: faster_rcnn_r50_fpn_ruod_80e_pretrained_20260324_163125
2026/03/24 17:18:39 - mmengine - INFO - Epoch(train) [16][ 50/245]  lr: 2.0000e-02  eta: 3:05:13  time: 0.7186  data_time: 0.0146  memory: 18573  loss: 0.3332  loss_rpn_cls: 0.0122  loss_rpn_bbox: 0.0207  loss_cls: 0.1053  acc: 95.9045  loss_bbox: 0.1951
2026/03/24 17:19:13 - mmengine - INFO - Epoch(train) [16][100/245]  lr: 2.0000e-02  eta: 3:04:37  time: 0.6990  data_time: 0.0022  memory: 18573  loss: 0.3267  loss_rpn_cls: 0.0107  loss_rpn_bbox: 0.0197  loss_cls: 0.1036  acc: 95.4956  loss_bbox: 0.1927
2026/03/24 17:19:49 - mmengine - INFO - Epoch(train) [16][150/245]  lr: 2.0000e-02  eta: 3:04:06  time: 0.7162  data_time: 0.0029  memory: 18573  loss: 0.3446  loss_rpn_cls: 0.0118  loss_rpn_bbox: 0.0206  loss_cls: 0.1096  acc: 94.2566  loss_bbox: 0.2027
2026/03/24 17:20:24 - mmengine - INFO - Epoch(train) [16][200/245]  lr: 2.0000e-02  eta: 3:03:30  time: 0.6972  data_time: 0.0026  memory: 18573  loss: 0.3452  loss_rpn_cls: 0.0123  loss_rpn_bbox: 0.0213  loss_cls: 0.1098  acc: 94.5312  loss_bbox: 0.2019
2026/03/24 17:20:55 - mmengine - INFO - Exp name: faster_rcnn_r50_fpn_ruod_80e_pretrained_20260324_163125
2026/03/24 17:20:58 - mmengine - INFO - Epoch(val) [16][ 50/490]    eta: 0:00:34  time: 0.0776  data_time: 0.0302  memory: 18573  
2026/03/24 17:21:01 - mmengine - INFO - Epoch(val) [16][100/490]    eta: 0:00:23  time: 0.0450  data_time: 0.0040  memory: 804  
2026/03/24 17:21:04 - mmengine - INFO - Epoch(val) [16][150/490]    eta: 0:00:20  time: 0.0580  data_time: 0.0142  memory: 879  
2026/03/24 17:21:06 - mmengine - INFO - Epoch(val) [16][200/490]    eta: 0:00:16  time: 0.0517  data_time: 0.0068  memory: 879  
2026/03/24 17:21:09 - mmengine - INFO - Epoch(val) [16][250/490]    eta: 0:00:13  time: 0.0477  data_time: 0.0041  memory: 879  
2026/03/24 17:21:11 - mmengine - INFO - Epoch(val) [16][300/490]    eta: 0:00:10  time: 0.0465  data_time: 0.0041  memory: 879  
2026/03/24 17:21:13 - mmengine - INFO - Epoch(val) [16][350/490]    eta: 0:00:07  time: 0.0467  data_time: 0.0040  memory: 879  
2026/03/24 17:21:16 - mmengine - INFO - Epoch(val) [16][400/490]    eta: 0:00:04  time: 0.0504  data_time: 0.0046  memory: 879  
2026/03/24 17:21:18 - mmengine - INFO - Epoch(val) [16][450/490]    eta: 0:00:02  time: 0.0489  data_time: 0.0042  memory: 879  
2026/03/24 17:21:20 - mmengine - INFO - Evaluating bbox...
2026/03/24 17:21:23 - mmengine - INFO - bbox_mAP_copypaste: 0.462 0.777 0.488 0.114 0.347 0.516
2026/03/24 17:21:23 - mmengine - INFO - Epoch(val) [16][490/490]    coco/bbox_mAP: 0.4620  coco/bbox_mAP_50: 0.7770  coco/bbox_mAP_75: 0.4880  coco/bbox_mAP_s: 0.1140  coco/bbox_mAP_m: 0.3470  coco/bbox_mAP_l: 0.5160  data_time: 0.0081  time: 0.0520
2026/03/24 17:21:23 - mmengine - INFO - The previous best checkpoint /workspace/aquaculture-perception/runs/mmdet/faster_rcnn_r50_fpn_ruod_80e_pretrained/best_coco_bbox_mAP_epoch_14.pth is removed
2026/03/24 17:21:24 - mmengine - INFO - The best checkpoint with 0.4620 coco/bbox_mAP at 16 epoch is saved to best_coco_bbox_mAP_epoch_16.pth.
2026/03/24 17:22:00 - mmengine - INFO - Epoch(train) [17][ 50/245]  lr: 2.0000e-02  eta: 3:02:23  time: 0.7189  data_time: 0.0168  memory: 18573  loss: 0.3279  loss_rpn_cls: 0.0094  loss_rpn_bbox: 0.0199  loss_cls: 0.1027  acc: 95.0989  loss_bbox: 0.1959
2026/03/24 17:22:21 - mmengine - INFO - Exp name: faster_rcnn_r50_fpn_ruod_80e_pretrained_20260324_163125
2026/03/24 17:22:35 - mmengine - INFO - Epoch(train) [17][100/245]  lr: 2.0000e-02  eta: 3:01:46  time: 0.6877  data_time: 0.0024  memory: 18573  loss: 0.3289  loss_rpn_cls: 0.0110  loss_rpn_bbox: 0.0201  loss_cls: 0.1034  acc: 96.1670  loss_bbox: 0.1944
2026/03/24 17:23:09 - mmengine - INFO - Epoch(train) [17][150/245]  lr: 2.0000e-02  eta: 3:01:08  time: 0.6886  data_time: 0.0024  memory: 18573  loss: 0.3280  loss_rpn_cls: 0.0111  loss_rpn_bbox: 0.0204  loss_cls: 0.1028  acc: 95.7825  loss_bbox: 0.1938
2026/03/24 17:23:44 - mmengine - INFO - Epoch(train) [17][200/245]  lr: 2.0000e-02  eta: 3:00:32  time: 0.6945  data_time: 0.0027  memory: 18573  loss: 0.3312  loss_rpn_cls: 0.0113  loss_rpn_bbox: 0.0205  loss_cls: 0.1034  acc: 94.5435  loss_bbox: 0.1961
2026/03/24 17:24:15 - mmengine - INFO - Exp name: faster_rcnn_r50_fpn_ruod_80e_pretrained_20260324_163125
2026/03/24 17:24:51 - mmengine - INFO - Epoch(train) [18][ 50/245]  lr: 2.0000e-02  eta: 2:59:28  time: 0.7237  data_time: 0.0124  memory: 18573  loss: 0.3139  loss_rpn_cls: 0.0098  loss_rpn_bbox: 0.0195  loss_cls: 0.0969  acc: 96.0266  loss_bbox: 0.1877
2026/03/24 17:25:25 - mmengine - INFO - Epoch(train) [18][100/245]  lr: 2.0000e-02  eta: 2:58:50  time: 0.6837  data_time: 0.0026  memory: 18573  loss: 0.3211  loss_rpn_cls: 0.0102  loss_rpn_bbox: 0.0195  loss_cls: 0.1000  acc: 95.2271  loss_bbox: 0.1915
2026/03/24 17:26:00 - mmengine - INFO - Epoch(train) [18][150/245]  lr: 2.0000e-02  eta: 2:58:14  time: 0.6960  data_time: 0.0026  memory: 18573  loss: 0.3188  loss_rpn_cls: 0.0102  loss_rpn_bbox: 0.0200  loss_cls: 0.0991  acc: 96.4172  loss_bbox: 0.1895
2026/03/24 17:26:34 - mmengine - INFO - Epoch(train) [18][200/245]  lr: 2.0000e-02  eta: 2:57:38  time: 0.6934  data_time: 0.0026  memory: 18573  loss: 0.3346  loss_rpn_cls: 0.0109  loss_rpn_bbox: 0.0208  loss_cls: 0.1048  acc: 96.4539  loss_bbox: 0.1981
2026/03/24 17:27:05 - mmengine - INFO - Exp name: faster_rcnn_r50_fpn_ruod_80e_pretrained_20260324_163125
2026/03/24 17:27:08 - mmengine - INFO - Epoch(val) [18][ 50/490]    eta: 0:00:21  time: 0.0485  data_time: 0.0064  memory: 18573  
2026/03/24 17:27:10 - mmengine - INFO - Epoch(val) [18][100/490]    eta: 0:00:18  time: 0.0453  data_time: 0.0042  memory: 805  
2026/03/24 17:27:12 - mmengine - INFO - Epoch(val) [18][150/490]    eta: 0:00:15  time: 0.0462  data_time: 0.0043  memory: 879  
2026/03/24 17:27:15 - mmengine - INFO - Epoch(val) [18][200/490]    eta: 0:00:13  time: 0.0488  data_time: 0.0043  memory: 879  
2026/03/24 17:27:17 - mmengine - INFO - Epoch(val) [18][250/490]    eta: 0:00:11  time: 0.0470  data_time: 0.0041  memory: 879  
2026/03/24 17:27:20 - mmengine - INFO - Epoch(val) [18][300/490]    eta: 0:00:08  time: 0.0461  data_time: 0.0040  memory: 879  
2026/03/24 17:27:22 - mmengine - INFO - Epoch(val) [18][350/490]    eta: 0:00:06  time: 0.0478  data_time: 0.0043  memory: 879  
2026/03/24 17:27:24 - mmengine - INFO - Epoch(val) [18][400/490]    eta: 0:00:04  time: 0.0478  data_time: 0.0043  memory: 879  
2026/03/24 17:27:27 - mmengine - INFO - Epoch(val) [18][450/490]    eta: 0:00:01  time: 0.0494  data_time: 0.0048  memory: 879  
2026/03/24 17:27:29 - mmengine - INFO - Evaluating bbox...
2026/03/24 17:27:32 - mmengine - INFO - bbox_mAP_copypaste: 0.461 0.771 0.494 0.114 0.335 0.517
2026/03/24 17:27:32 - mmengine - INFO - Epoch(val) [18][490/490]    coco/bbox_mAP: 0.4610  coco/bbox_mAP_50: 0.7710  coco/bbox_mAP_75: 0.4940  coco/bbox_mAP_s: 0.1140  coco/bbox_mAP_m: 0.3350  coco/bbox_mAP_l: 0.5170  data_time: 0.0045  time: 0.0475
2026/03/24 17:28:08 - mmengine - INFO - Epoch(train) [19][ 50/245]  lr: 2.0000e-02  eta: 2:56:34  time: 0.7226  data_time: 0.0165  memory: 18573  loss: 0.3074  loss_rpn_cls: 0.0089  loss_rpn_bbox: 0.0194  loss_cls: 0.0941  acc: 95.6238  loss_bbox: 0.1849
2026/03/24 17:28:43 - mmengine - INFO - Epoch(train) [19][100/245]  lr: 2.0000e-02  eta: 2:56:00  time: 0.7025  data_time: 0.0029  memory: 18573  loss: 0.3217  loss_rpn_cls: 0.0095  loss_rpn_bbox: 0.0201  loss_cls: 0.1001  acc: 95.4590  loss_bbox: 0.1920
2026/03/24 17:29:18 - mmengine - INFO - Epoch(train) [19][150/245]  lr: 2.0000e-02  eta: 2:55:24  time: 0.6968  data_time: 0.0024  memory: 18573  loss: 0.3191  loss_rpn_cls: 0.0093  loss_rpn_bbox: 0.0196  loss_cls: 0.0995  acc: 96.0754  loss_bbox: 0.1907
2026/03/24 17:29:53 - mmengine - INFO - Epoch(train) [19][200/245]  lr: 2.0000e-02  eta: 2:54:49  time: 0.6994  data_time: 0.0025  memory: 18573  loss: 0.3125  loss_rpn_cls: 0.0094  loss_rpn_bbox: 0.0199  loss_cls: 0.0964  acc: 96.0388  loss_bbox: 0.1868
2026/03/24 17:30:24 - mmengine - INFO - Exp name: faster_rcnn_r50_fpn_ruod_80e_pretrained_20260324_163125
2026/03/24 17:31:00 - mmengine - INFO - Epoch(train) [20][ 50/245]  lr: 2.0000e-02  eta: 2:53:44  time: 0.7134  data_time: 0.0173  memory: 18573  loss: 0.2974  loss_rpn_cls: 0.0077  loss_rpn_bbox: 0.0189  loss_cls: 0.0903  acc: 96.6003  loss_bbox: 0.1805
2026/03/24 17:31:35 - mmengine - INFO - Epoch(train) [20][100/245]  lr: 2.0000e-02  eta: 2:53:09  time: 0.6999  data_time: 0.0025  memory: 18573  loss: 0.2967  loss_rpn_cls: 0.0079  loss_rpn_bbox: 0.0186  loss_cls: 0.0908  acc: 96.3501  loss_bbox: 0.1795
2026/03/24 17:32:09 - mmengine - INFO - Epoch(train) [20][150/245]  lr: 2.0000e-02  eta: 2:52:33  time: 0.6939  data_time: 0.0025  memory: 18573  loss: 0.2871  loss_rpn_cls: 0.0077  loss_rpn_bbox: 0.0177  loss_cls: 0.0889  acc: 96.9238  loss_bbox: 0.1727
2026/03/24 17:32:44 - mmengine - INFO - Epoch(train) [20][200/245]  lr: 2.0000e-02  eta: 2:51:58  time: 0.6965  data_time: 0.0023  memory: 18573  loss: 0.3092  loss_rpn_cls: 0.0091  loss_rpn_bbox: 0.0203  loss_cls: 0.0957  acc: 96.4722  loss_bbox: 0.1840
2026/03/24 17:33:15 - mmengine - INFO - Exp name: faster_rcnn_r50_fpn_ruod_80e_pretrained_20260324_163125
2026/03/24 17:33:17 - mmengine - INFO - Epoch(val) [20][ 50/490]    eta: 0:00:20  time: 0.0471  data_time: 0.0061  memory: 18573  
2026/03/24 17:33:19 - mmengine - INFO - Epoch(val) [20][100/490]    eta: 0:00:17  time: 0.0433  data_time: 0.0037  memory: 805  
2026/03/24 17:33:22 - mmengine - INFO - Epoch(val) [20][150/490]    eta: 0:00:15  time: 0.0484  data_time: 0.0066  memory: 879  
2026/03/24 17:33:24 - mmengine - INFO - Epoch(val) [20][200/490]    eta: 0:00:13  time: 0.0493  data_time: 0.0043  memory: 879  
2026/03/24 17:33:27 - mmengine - INFO - Epoch(val) [20][250/490]    eta: 0:00:11  time: 0.0529  data_time: 0.0048  memory: 879  
2026/03/24 17:33:29 - mmengine - INFO - Epoch(val) [20][300/490]    eta: 0:00:09  time: 0.0482  data_time: 0.0044  memory: 879  
2026/03/24 17:33:32 - mmengine - INFO - Epoch(val) [20][350/490]    eta: 0:00:06  time: 0.0469  data_time: 0.0040  memory: 879  
2026/03/24 17:33:34 - mmengine - INFO - Epoch(val) [20][400/490]    eta: 0:00:04  time: 0.0467  data_time: 0.0040  memory: 879  
2026/03/24 17:33:36 - mmengine - INFO - Epoch(val) [20][450/490]    eta: 0:00:01  time: 0.0484  data_time: 0.0042  memory: 879  
2026/03/24 17:33:38 - mmengine - INFO - Evaluating bbox...
2026/03/24 17:33:41 - mmengine - INFO - bbox_mAP_copypaste: 0.462 0.777 0.490 0.117 0.336 0.516
2026/03/24 17:33:41 - mmengine - INFO - Epoch(val) [20][490/490]    coco/bbox_mAP: 0.4620  coco/bbox_mAP_50: 0.7770  coco/bbox_mAP_75: 0.4900  coco/bbox_mAP_s: 0.1170  coco/bbox_mAP_m: 0.3360  coco/bbox_mAP_l: 0.5160  data_time: 0.0046  time: 0.0478
2026/03/24 17:34:17 - mmengine - INFO - Epoch(train) [21][ 50/245]  lr: 2.0000e-02  eta: 2:50:51  time: 0.7185  data_time: 0.0127  memory: 18573  loss: 0.2908  loss_rpn_cls: 0.0079  loss_rpn_bbox: 0.0188  loss_cls: 0.0891  acc: 96.2830  loss_bbox: 0.1750
2026/03/24 17:34:52 - mmengine - INFO - Exp name: faster_rcnn_r50_fpn_ruod_80e_pretrained_20260324_163125
2026/03/24 17:34:52 - mmengine - INFO - Epoch(train) [21][100/245]  lr: 2.0000e-02  eta: 2:50:15  time: 0.6912  data_time: 0.0024  memory: 18573  loss: 0.2967  loss_rpn_cls: 0.0082  loss_rpn_bbox: 0.0191  loss_cls: 0.0910  acc: 96.5149  loss_bbox: 0.1784
2026/03/24 17:35:26 - mmengine - INFO - Epoch(train) [21][150/245]  lr: 2.0000e-02  eta: 2:49:38  time: 0.6867  data_time: 0.0025  memory: 18573  loss: 0.2928  loss_rpn_cls: 0.0085  loss_rpn_bbox: 0.0184  loss_cls: 0.0891  acc: 96.5515  loss_bbox: 0.1768
2026/03/24 17:36:01 - mmengine - INFO - Epoch(train) [21][200/245]  lr: 2.0000e-02  eta: 2:49:01  time: 0.6847  data_time: 0.0023  memory: 18573  loss: 0.2923  loss_rpn_cls: 0.0076  loss_rpn_bbox: 0.0184  loss_cls: 0.0890  acc: 97.0032  loss_bbox: 0.1773
2026/03/24 17:36:31 - mmengine - INFO - Exp name: faster_rcnn_r50_fpn_ruod_80e_pretrained_20260324_163125
2026/03/24 17:37:07 - mmengine - INFO - Epoch(train) [22][ 50/245]  lr: 2.0000e-02  eta: 2:47:56  time: 0.7207  data_time: 0.0177  memory: 18573  loss: 0.2879  loss_rpn_cls: 0.0083  loss_rpn_bbox: 0.0190  loss_cls: 0.0866  acc: 96.4844  loss_bbox: 0.1740
2026/03/24 17:37:42 - mmengine - INFO - Epoch(train) [22][100/245]  lr: 2.0000e-02  eta: 2:47:20  time: 0.6922  data_time: 0.0025  memory: 18573  loss: 0.2857  loss_rpn_cls: 0.0073  loss_rpn_bbox: 0.0189  loss_cls: 0.0851  acc: 96.7773  loss_bbox: 0.1744
2026/03/24 17:38:16 - mmengine - INFO - Epoch(train) [22][150/245]  lr: 2.0000e-02  eta: 2:46:42  time: 0.6820  data_time: 0.0024  memory: 18573  loss: 0.2885  loss_rpn_cls: 0.0077  loss_rpn_bbox: 0.0183  loss_cls: 0.0894  acc: 96.2341  loss_bbox: 0.1731
2026/03/24 17:38:51 - mmengine - INFO - Epoch(train) [22][200/245]  lr: 2.0000e-02  eta: 2:46:08  time: 0.7038  data_time: 0.0024  memory: 18573  loss: 0.2887  loss_rpn_cls: 0.0083  loss_rpn_bbox: 0.0179  loss_cls: 0.0896  acc: 96.2708  loss_bbox: 0.1730
2026/03/24 17:39:22 - mmengine - INFO - Exp name: faster_rcnn_r50_fpn_ruod_80e_pretrained_20260324_163125
2026/03/24 17:39:24 - mmengine - INFO - Epoch(val) [22][ 50/490]    eta: 0:00:21  time: 0.0488  data_time: 0.0064  memory: 18573  
2026/03/24 17:39:27 - mmengine - INFO - Epoch(val) [22][100/490]    eta: 0:00:18  time: 0.0452  data_time: 0.0042  memory: 803  
2026/03/24 17:39:29 - mmengine - INFO - Epoch(val) [22][150/490]    eta: 0:00:15  time: 0.0471  data_time: 0.0046  memory: 879  
2026/03/24 17:39:32 - mmengine - INFO - Epoch(val) [22][200/490]    eta: 0:00:13  time: 0.0508  data_time: 0.0061  memory: 879  
2026/03/24 17:39:34 - mmengine - INFO - Epoch(val) [22][250/490]    eta: 0:00:11  time: 0.0481  data_time: 0.0043  memory: 879  
2026/03/24 17:39:36 - mmengine - INFO - Epoch(val) [22][300/490]    eta: 0:00:09  time: 0.0470  data_time: 0.0042  memory: 879  
2026/03/24 17:39:39 - mmengine - INFO - Epoch(val) [22][350/490]    eta: 0:00:06  time: 0.0470  data_time: 0.0042  memory: 879  
2026/03/24 17:39:41 - mmengine - INFO - Epoch(val) [22][400/490]    eta: 0:00:04  time: 0.0477  data_time: 0.0043  memory: 879  
2026/03/24 17:39:44 - mmengine - INFO - Epoch(val) [22][450/490]    eta: 0:00:01  time: 0.0501  data_time: 0.0045  memory: 879  
2026/03/24 17:39:46 - mmengine - INFO - Evaluating bbox...
2026/03/24 17:39:48 - mmengine - INFO - bbox_mAP_copypaste: 0.460 0.767 0.491 0.105 0.340 0.518
2026/03/24 17:39:48 - mmengine - INFO - Epoch(val) [22][490/490]    coco/bbox_mAP: 0.4600  coco/bbox_mAP_50: 0.7670  coco/bbox_mAP_75: 0.4910  coco/bbox_mAP_s: 0.1050  coco/bbox_mAP_m: 0.3400  coco/bbox_mAP_l: 0.5180  data_time: 0.0047  time: 0.0482
2026/03/24 17:40:25 - mmengine - INFO - Epoch(train) [23][ 50/245]  lr: 2.0000e-02  eta: 2:45:04  time: 0.7318  data_time: 0.0222  memory: 18573  loss: 0.2810  loss_rpn_cls: 0.0068  loss_rpn_bbox: 0.0183  loss_cls: 0.0834  acc: 96.6309  loss_bbox: 0.1725
2026/03/24 17:41:00 - mmengine - INFO - Epoch(train) [23][100/245]  lr: 2.0000e-02  eta: 2:44:29  time: 0.6986  data_time: 0.0028  memory: 18573  loss: 0.2685  loss_rpn_cls: 0.0064  loss_rpn_bbox: 0.0170  loss_cls: 0.0801  acc: 96.6919  loss_bbox: 0.1651
2026/03/24 17:41:34 - mmengine - INFO - Epoch(train) [23][150/245]  lr: 2.0000e-02  eta: 2:43:52  time: 0.6889  data_time: 0.0027  memory: 18573  loss: 0.2818  loss_rpn_cls: 0.0072  loss_rpn_bbox: 0.0185  loss_cls: 0.0857  acc: 96.7346  loss_bbox: 0.1704
2026/03/24 17:42:09 - mmengine - INFO - Epoch(train) [23][200/245]  lr: 2.0000e-02  eta: 2:43:17  time: 0.6987  data_time: 0.0025  memory: 18573  loss: 0.2880  loss_rpn_cls: 0.0077  loss_rpn_bbox: 0.0182  loss_cls: 0.0876  acc: 95.4407  loss_bbox: 0.1745
2026/03/24 17:42:40 - mmengine - INFO - Exp name: faster_rcnn_r50_fpn_ruod_80e_pretrained_20260324_163125
2026/03/24 17:43:16 - mmengine - INFO - Epoch(train) [24][ 50/245]  lr: 2.0000e-02  eta: 2:42:12  time: 0.7191  data_time: 0.0165  memory: 18573  loss: 0.2589  loss_rpn_cls: 0.0061  loss_rpn_bbox: 0.0177  loss_cls: 0.0752  acc: 97.3450  loss_bbox: 0.1598
2026/03/24 17:43:51 - mmengine - INFO - Epoch(train) [24][100/245]  lr: 2.0000e-02  eta: 2:41:36  time: 0.6961  data_time: 0.0026  memory: 18573  loss: 0.2663  loss_rpn_cls: 0.0062  loss_rpn_bbox: 0.0172  loss_cls: 0.0781  acc: 95.9534  loss_bbox: 0.1648
2026/03/24 17:44:25 - mmengine - INFO - Epoch(train) [24][150/245]  lr: 2.0000e-02  eta: 2:41:00  time: 0.6886  data_time: 0.0025  memory: 18573  loss: 0.2662  loss_rpn_cls: 0.0063  loss_rpn_bbox: 0.0173  loss_cls: 0.0796  acc: 97.5464  loss_bbox: 0.1629
2026/03/24 17:45:00 - mmengine - INFO - Epoch(train) [24][200/245]  lr: 2.0000e-02  eta: 2:40:24  time: 0.6938  data_time: 0.0024  memory: 18573  loss: 0.2810  loss_rpn_cls: 0.0067  loss_rpn_bbox: 0.0180  loss_cls: 0.0837  acc: 97.2595  loss_bbox: 0.1727
2026/03/24 17:45:31 - mmengine - INFO - Exp name: faster_rcnn_r50_fpn_ruod_80e_pretrained_20260324_163125
2026/03/24 17:45:33 - mmengine - INFO - Epoch(val) [24][ 50/490]    eta: 0:00:21  time: 0.0485  data_time: 0.0059  memory: 18573  
2026/03/24 17:45:36 - mmengine - INFO - Epoch(val) [24][100/490]    eta: 0:00:18  time: 0.0453  data_time: 0.0041  memory: 807  
2026/03/24 17:45:38 - mmengine - INFO - Epoch(val) [24][150/490]    eta: 0:00:16  time: 0.0493  data_time: 0.0070  memory: 879  
2026/03/24 17:45:41 - mmengine - INFO - Epoch(val) [24][200/490]    eta: 0:00:13  time: 0.0489  data_time: 0.0043  memory: 879  
2026/03/24 17:45:43 - mmengine - INFO - Epoch(val) [24][250/490]    eta: 0:00:11  time: 0.0473  data_time: 0.0040  memory: 879  
2026/03/24 17:45:45 - mmengine - INFO - Epoch(val) [24][300/490]    eta: 0:00:09  time: 0.0477  data_time: 0.0043  memory: 879  
2026/03/24 17:45:48 - mmengine - INFO - Epoch(val) [24][350/490]    eta: 0:00:06  time: 0.0474  data_time: 0.0042  memory: 879  
2026/03/24 17:45:50 - mmengine - INFO - Epoch(val) [24][400/490]    eta: 0:00:04  time: 0.0470  data_time: 0.0041  memory: 879  
2026/03/24 17:45:53 - mmengine - INFO - Epoch(val) [24][450/490]    eta: 0:00:01  time: 0.0481  data_time: 0.0042  memory: 879  
2026/03/24 17:45:55 - mmengine - INFO - Evaluating bbox...
2026/03/24 17:45:57 - mmengine - INFO - bbox_mAP_copypaste: 0.456 0.767 0.479 0.114 0.346 0.512
2026/03/24 17:45:57 - mmengine - INFO - Epoch(val) [24][490/490]    coco/bbox_mAP: 0.4560  coco/bbox_mAP_50: 0.7670  coco/bbox_mAP_75: 0.4790  coco/bbox_mAP_s: 0.1140  coco/bbox_mAP_m: 0.3460  coco/bbox_mAP_l: 0.5120  data_time: 0.0046  time: 0.0476
2026/03/24 17:46:33 - mmengine - INFO - Epoch(train) [25][ 50/245]  lr: 2.0000e-02  eta: 2:39:20  time: 0.7240  data_time: 0.0173  memory: 18573  loss: 0.2616  loss_rpn_cls: 0.0055  loss_rpn_bbox: 0.0169  loss_cls: 0.0775  acc: 97.2046  loss_bbox: 0.1617
2026/03/24 17:47:08 - mmengine - INFO - Epoch(train) [25][100/245]  lr: 2.0000e-02  eta: 2:38:44  time: 0.6915  data_time: 0.0026  memory: 18573  loss: 0.2643  loss_rpn_cls: 0.0052  loss_rpn_bbox: 0.0172  loss_cls: 0.0775  acc: 96.9299  loss_bbox: 0.1644
2026/03/24 17:47:22 - mmengine - INFO - Exp name: faster_rcnn_r50_fpn_ruod_80e_pretrained_20260324_163125
2026/03/24 17:47:43 - mmengine - INFO - Epoch(train) [25][150/245]  lr: 2.0000e-02  eta: 2:38:09  time: 0.6958  data_time: 0.0029  memory: 18573  loss: 0.2574  loss_rpn_cls: 0.0058  loss_rpn_bbox: 0.0173  loss_cls: 0.0752  acc: 96.3440  loss_bbox: 0.1590
2026/03/24 17:48:18 - mmengine - INFO - Epoch(train) [25][200/245]  lr: 2.0000e-02  eta: 2:37:34  time: 0.7028  data_time: 0.0031  memory: 18573  loss: 0.2643  loss_rpn_cls: 0.0062  loss_rpn_bbox: 0.0177  loss_cls: 0.0775  acc: 96.3440  loss_bbox: 0.1628
2026/03/24 17:48:49 - mmengine - INFO - Exp name: faster_rcnn_r50_fpn_ruod_80e_pretrained_20260324_163125
2026/03/24 17:49:25 - mmengine - INFO - Epoch(train) [26][ 50/245]  lr: 2.0000e-02  eta: 2:36:30  time: 0.7333  data_time: 0.0228  memory: 18573  loss: 0.2523  loss_rpn_cls: 0.0058  loss_rpn_bbox: 0.0170  loss_cls: 0.0747  acc: 96.7834  loss_bbox: 0.1547
2026/03/24 17:50:00 - mmengine - INFO - Epoch(train) [26][100/245]  lr: 2.0000e-02  eta: 2:35:55  time: 0.6965  data_time: 0.0028  memory: 18573  loss: 0.2553  loss_rpn_cls: 0.0054  loss_rpn_bbox: 0.0168  loss_cls: 0.0743  acc: 96.5942  loss_bbox: 0.1588
2026/03/24 17:50:35 - mmengine - INFO - Epoch(train) [26][150/245]  lr: 2.0000e-02  eta: 2:35:19  time: 0.6941  data_time: 0.0033  memory: 18573  loss: 0.2529  loss_rpn_cls: 0.0058  loss_rpn_bbox: 0.0169  loss_cls: 0.0747  acc: 97.4548  loss_bbox: 0.1555
2026/03/24 17:51:10 - mmengine - INFO - Epoch(train) [26][200/245]  lr: 2.0000e-02  eta: 2:34:44  time: 0.6964  data_time: 0.0026  memory: 18573  loss: 0.2695  loss_rpn_cls: 0.0060  loss_rpn_bbox: 0.0175  loss_cls: 0.0802  acc: 96.0205  loss_bbox: 0.1657
2026/03/24 17:51:41 - mmengine - INFO - Exp name: faster_rcnn_r50_fpn_ruod_80e_pretrained_20260324_163125
2026/03/24 17:51:43 - mmengine - INFO - Epoch(val) [26][ 50/490]    eta: 0:00:24  time: 0.0555  data_time: 0.0126  memory: 18573  
2026/03/24 17:51:46 - mmengine - INFO - Epoch(val) [26][100/490]    eta: 0:00:19  time: 0.0447  data_time: 0.0040  memory: 806  
2026/03/24 17:51:49 - mmengine - INFO - Epoch(val) [26][150/490]    eta: 0:00:19  time: 0.0733  data_time: 0.0273  memory: 879  
2026/03/24 17:51:52 - mmengine - INFO - Epoch(val) [26][200/490]    eta: 0:00:16  time: 0.0495  data_time: 0.0054  memory: 879  
2026/03/24 17:51:54 - mmengine - INFO - Epoch(val) [26][250/490]    eta: 0:00:12  time: 0.0473  data_time: 0.0041  memory: 879  
2026/03/24 17:51:57 - mmengine - INFO - Epoch(val) [26][300/490]    eta: 0:00:10  time: 0.0474  data_time: 0.0044  memory: 879  
2026/03/24 17:51:59 - mmengine - INFO - Epoch(val) [26][350/490]    eta: 0:00:07  time: 0.0504  data_time: 0.0044  memory: 879  
2026/03/24 17:52:02 - mmengine - INFO - Epoch(val) [26][400/490]    eta: 0:00:04  time: 0.0490  data_time: 0.0049  memory: 879  
2026/03/24 17:52:04 - mmengine - INFO - Epoch(val) [26][450/490]    eta: 0:00:02  time: 0.0502  data_time: 0.0062  memory: 879  
2026/03/24 17:52:06 - mmengine - INFO - Evaluating bbox...
2026/03/24 17:52:08 - mmengine - INFO - bbox_mAP_copypaste: 0.448 0.750 0.472 0.104 0.317 0.509
2026/03/24 17:52:09 - mmengine - INFO - Epoch(val) [26][490/490]    coco/bbox_mAP: 0.4480  coco/bbox_mAP_50: 0.7500  coco/bbox_mAP_75: 0.4720  coco/bbox_mAP_s: 0.1040  coco/bbox_mAP_m: 0.3170  coco/bbox_mAP_l: 0.5090  data_time: 0.0078  time: 0.0516
2026/03/24 17:52:44 - mmengine - INFO - Epoch(train) [27][ 50/245]  lr: 2.0000e-02  eta: 2:33:38  time: 0.7111  data_time: 0.0180  memory: 18573  loss: 0.2380  loss_rpn_cls: 0.0047  loss_rpn_bbox: 0.0156  loss_cls: 0.0691  acc: 96.8323  loss_bbox: 0.1487
2026/03/24 17:53:19 - mmengine - INFO - Epoch(train) [27][100/245]  lr: 2.0000e-02  eta: 2:33:02  time: 0.6944  data_time: 0.0029  memory: 18573  loss: 0.2500  loss_rpn_cls: 0.0055  loss_rpn_bbox: 0.0175  loss_cls: 0.0731  acc: 95.5322  loss_bbox: 0.1539
2026/03/24 17:53:54 - mmengine - INFO - Epoch(train) [27][150/245]  lr: 2.0000e-02  eta: 2:32:27  time: 0.7018  data_time: 0.0027  memory: 18573  loss: 0.2469  loss_rpn_cls: 0.0052  loss_rpn_bbox: 0.0164  loss_cls: 0.0720  acc: 96.7834  loss_bbox: 0.1533
2026/03/24 17:54:28 - mmengine - INFO - Epoch(train) [27][200/245]  lr: 2.0000e-02  eta: 2:31:52  time: 0.6915  data_time: 0.0026  memory: 18573  loss: 0.2510  loss_rpn_cls: 0.0058  loss_rpn_bbox: 0.0170  loss_cls: 0.0717  acc: 97.3938  loss_bbox: 0.1565
2026/03/24 17:54:59 - mmengine - INFO - Exp name: faster_rcnn_r50_fpn_ruod_80e_pretrained_20260324_163125
2026/03/24 17:55:35 - mmengine - INFO - Epoch(train) [28][ 50/245]  lr: 2.0000e-02  eta: 2:30:46  time: 0.7253  data_time: 0.0223  memory: 18573  loss: 0.2451  loss_rpn_cls: 0.0049  loss_rpn_bbox: 0.0167  loss_cls: 0.0706  acc: 96.4294  loss_bbox: 0.1529
2026/03/24 17:56:10 - mmengine - INFO - Epoch(train) [28][100/245]  lr: 2.0000e-02  eta: 2:30:10  time: 0.6892  data_time: 0.0026  memory: 18573  loss: 0.2473  loss_rpn_cls: 0.0052  loss_rpn_bbox: 0.0164  loss_cls: 0.0707  acc: 97.2778  loss_bbox: 0.1551
2026/03/24 17:56:44 - mmengine - INFO - Epoch(train) [28][150/245]  lr: 2.0000e-02  eta: 2:29:34  time: 0.6850  data_time: 0.0024  memory: 18573  loss: 0.2463  loss_rpn_cls: 0.0051  loss_rpn_bbox: 0.0161  loss_cls: 0.0729  acc: 97.7661  loss_bbox: 0.1522
2026/03/24 17:57:19 - mmengine - INFO - Epoch(train) [28][200/245]  lr: 2.0000e-02  eta: 2:28:58  time: 0.6936  data_time: 0.0026  memory: 18573  loss: 0.2481  loss_rpn_cls: 0.0054  loss_rpn_bbox: 0.0165  loss_cls: 0.0719  acc: 97.1436  loss_bbox: 0.1543
2026/03/24 17:57:49 - mmengine - INFO - Exp name: faster_rcnn_r50_fpn_ruod_80e_pretrained_20260324_163125
2026/03/24 17:57:52 - mmengine - INFO - Epoch(val) [28][ 50/490]    eta: 0:00:21  time: 0.0481  data_time: 0.0061  memory: 18573  
2026/03/24 17:57:54 - mmengine - INFO - Epoch(val) [28][100/490]    eta: 0:00:17  time: 0.0436  data_time: 0.0037  memory: 808  
2026/03/24 17:57:56 - mmengine - INFO - Epoch(val) [28][150/490]    eta: 0:00:15  time: 0.0468  data_time: 0.0053  memory: 879  
2026/03/24 17:57:59 - mmengine - INFO - Epoch(val) [28][200/490]    eta: 0:00:13  time: 0.0483  data_time: 0.0042  memory: 879  
2026/03/24 17:58:01 - mmengine - INFO - Epoch(val) [28][250/490]    eta: 0:00:11  time: 0.0471  data_time: 0.0040  memory: 879  
2026/03/24 17:58:03 - mmengine - INFO - Epoch(val) [28][300/490]    eta: 0:00:08  time: 0.0470  data_time: 0.0041  memory: 879  
2026/03/24 17:58:06 - mmengine - INFO - Epoch(val) [28][350/490]    eta: 0:00:06  time: 0.0491  data_time: 0.0044  memory: 879  
2026/03/24 17:58:08 - mmengine - INFO - Epoch(val) [28][400/490]    eta: 0:00:04  time: 0.0483  data_time: 0.0042  memory: 879  
2026/03/24 17:58:11 - mmengine - INFO - Epoch(val) [28][450/490]    eta: 0:00:01  time: 0.0478  data_time: 0.0041  memory: 879  
2026/03/24 17:58:13 - mmengine - INFO - Evaluating bbox...
2026/03/24 17:58:15 - mmengine - INFO - bbox_mAP_copypaste: 0.461 0.761 0.489 0.109 0.329 0.521
2026/03/24 17:58:15 - mmengine - INFO - Epoch(val) [28][490/490]    coco/bbox_mAP: 0.4610  coco/bbox_mAP_50: 0.7610  coco/bbox_mAP_75: 0.4890  coco/bbox_mAP_s: 0.1090  coco/bbox_mAP_m: 0.3290  coco/bbox_mAP_l: 0.5210  data_time: 0.0044  time: 0.0472
2026/03/24 17:58:52 - mmengine - INFO - Epoch(train) [29][ 50/245]  lr: 2.0000e-02  eta: 2:27:53  time: 0.7328  data_time: 0.0170  memory: 18573  loss: 0.2332  loss_rpn_cls: 0.0046  loss_rpn_bbox: 0.0157  loss_cls: 0.0669  acc: 97.6929  loss_bbox: 0.1460
2026/03/24 17:59:26 - mmengine - INFO - Epoch(train) [29][100/245]  lr: 2.0000e-02  eta: 2:27:17  time: 0.6876  data_time: 0.0024  memory: 18573  loss: 0.2327  loss_rpn_cls: 0.0040  loss_rpn_bbox: 0.0153  loss_cls: 0.0670  acc: 96.4539  loss_bbox: 0.1464
2026/03/24 17:59:54 - mmengine - INFO - Exp name: faster_rcnn_r50_fpn_ruod_80e_pretrained_20260324_163125
2026/03/24 18:00:01 - mmengine - INFO - Epoch(train) [29][150/245]  lr: 2.0000e-02  eta: 2:26:42  time: 0.6959  data_time: 0.0024  memory: 18573  loss: 0.2382  loss_rpn_cls: 0.0048  loss_rpn_bbox: 0.0162  loss_cls: 0.0680  acc: 97.1924  loss_bbox: 0.1491
2026/03/24 18:00:35 - mmengine - INFO - Epoch(train) [29][200/245]  lr: 2.0000e-02  eta: 2:26:06  time: 0.6908  data_time: 0.0060  memory: 18573  loss: 0.2478  loss_rpn_cls: 0.0052  loss_rpn_bbox: 0.0170  loss_cls: 0.0710  acc: 96.8445  loss_bbox: 0.1546
2026/03/24 18:01:06 - mmengine - INFO - Exp name: faster_rcnn_r50_fpn_ruod_80e_pretrained_20260324_163125
2026/03/24 18:01:43 - mmengine - INFO - Epoch(train) [30][ 50/245]  lr: 2.0000e-02  eta: 2:25:02  time: 0.7327  data_time: 0.0127  memory: 18573  loss: 0.2402  loss_rpn_cls: 0.0049  loss_rpn_bbox: 0.0163  loss_cls: 0.0689  acc: 97.5708  loss_bbox: 0.1502
2026/03/24 18:02:18 - mmengine - INFO - Epoch(train) [30][100/245]  lr: 2.0000e-02  eta: 2:24:27  time: 0.6960  data_time: 0.0028  memory: 18573  loss: 0.2318  loss_rpn_cls: 0.0044  loss_rpn_bbox: 0.0162  loss_cls: 0.0661  acc: 97.5830  loss_bbox: 0.1451
2026/03/24 18:02:52 - mmengine - INFO - Epoch(train) [30][150/245]  lr: 2.0000e-02  eta: 2:23:51  time: 0.6858  data_time: 0.0028  memory: 18573  loss: 0.2334  loss_rpn_cls: 0.0044  loss_rpn_bbox: 0.0159  loss_cls: 0.0660  acc: 97.3083  loss_bbox: 0.1471
2026/03/24 18:03:27 - mmengine - INFO - Epoch(train) [30][200/245]  lr: 2.0000e-02  eta: 2:23:16  time: 0.6996  data_time: 0.0024  memory: 18573  loss: 0.2286  loss_rpn_cls: 0.0042  loss_rpn_bbox: 0.0154  loss_cls: 0.0650  acc: 97.2656  loss_bbox: 0.1441
2026/03/24 18:03:58 - mmengine - INFO - Exp name: faster_rcnn_r50_fpn_ruod_80e_pretrained_20260324_163125
2026/03/24 18:04:00 - mmengine - INFO - Epoch(val) [30][ 50/490]    eta: 0:00:20  time: 0.0477  data_time: 0.0056  memory: 18573  
2026/03/24 18:04:03 - mmengine - INFO - Epoch(val) [30][100/490]    eta: 0:00:18  time: 0.0450  data_time: 0.0040  memory: 808  
2026/03/24 18:04:05 - mmengine - INFO - Epoch(val) [30][150/490]    eta: 0:00:16  time: 0.0492  data_time: 0.0072  memory: 879  
2026/03/24 18:04:08 - mmengine - INFO - Epoch(val) [30][200/490]    eta: 0:00:13  time: 0.0490  data_time: 0.0042  memory: 879  
2026/03/24 18:04:10 - mmengine - INFO - Epoch(val) [30][250/490]    eta: 0:00:11  time: 0.0479  data_time: 0.0042  memory: 879  
2026/03/24 18:04:12 - mmengine - INFO - Epoch(val) [30][300/490]    eta: 0:00:09  time: 0.0478  data_time: 0.0043  memory: 879  
2026/03/24 18:04:15 - mmengine - INFO - Epoch(val) [30][350/490]    eta: 0:00:06  time: 0.0473  data_time: 0.0042  memory: 879  
2026/03/24 18:04:17 - mmengine - INFO - Epoch(val) [30][400/490]    eta: 0:00:04  time: 0.0465  data_time: 0.0040  memory: 879  
2026/03/24 18:04:19 - mmengine - INFO - Epoch(val) [30][450/490]    eta: 0:00:01  time: 0.0473  data_time: 0.0041  memory: 879  
2026/03/24 18:04:21 - mmengine - INFO - Evaluating bbox...
2026/03/24 18:04:24 - mmengine - INFO - bbox_mAP_copypaste: 0.462 0.763 0.488 0.096 0.341 0.522
2026/03/24 18:04:24 - mmengine - INFO - Epoch(val) [30][490/490]    coco/bbox_mAP: 0.4620  coco/bbox_mAP_50: 0.7630  coco/bbox_mAP_75: 0.4880  coco/bbox_mAP_s: 0.0960  coco/bbox_mAP_m: 0.3410  coco/bbox_mAP_l: 0.5220  data_time: 0.0046  time: 0.0474
2026/03/24 18:05:00 - mmengine - INFO - Epoch(train) [31][ 50/245]  lr: 2.0000e-02  eta: 2:22:11  time: 0.7242  data_time: 0.0174  memory: 18573  loss: 0.2199  loss_rpn_cls: 0.0039  loss_rpn_bbox: 0.0150  loss_cls: 0.0620  acc: 97.3145  loss_bbox: 0.1390
2026/03/24 18:05:35 - mmengine - INFO - Epoch(train) [31][100/245]  lr: 2.0000e-02  eta: 2:21:36  time: 0.6976  data_time: 0.0033  memory: 18573  loss: 0.2310  loss_rpn_cls: 0.0047  loss_rpn_bbox: 0.0160  loss_cls: 0.0662  acc: 97.7783  loss_bbox: 0.1441
2026/03/24 18:06:10 - mmengine - INFO - Epoch(train) [31][150/245]  lr: 2.0000e-02  eta: 2:21:00  time: 0.6961  data_time: 0.0028  memory: 18573  loss: 0.2235  loss_rpn_cls: 0.0040  loss_rpn_bbox: 0.0147  loss_cls: 0.0639  acc: 96.8323  loss_bbox: 0.1409
2026/03/24 18:06:45 - mmengine - INFO - Epoch(train) [31][200/245]  lr: 2.0000e-02  eta: 2:20:25  time: 0.6941  data_time: 0.0027  memory: 18573  loss: 0.2316  loss_rpn_cls: 0.0044  loss_rpn_bbox: 0.0164  loss_cls: 0.0657  acc: 97.3328  loss_bbox: 0.1451
2026/03/24 18:07:16 - mmengine - INFO - Exp name: faster_rcnn_r50_fpn_ruod_80e_pretrained_20260324_163125
2026/03/24 18:07:52 - mmengine - INFO - Epoch(train) [32][ 50/245]  lr: 2.0000e-02  eta: 2:19:20  time: 0.7257  data_time: 0.0118  memory: 18573  loss: 0.2215  loss_rpn_cls: 0.0038  loss_rpn_bbox: 0.0153  loss_cls: 0.0623  acc: 97.3267  loss_bbox: 0.1401
2026/03/24 18:08:27 - mmengine - INFO - Epoch(train) [32][100/245]  lr: 2.0000e-02  eta: 2:18:45  time: 0.7078  data_time: 0.0029  memory: 18573  loss: 0.2177  loss_rpn_cls: 0.0037  loss_rpn_bbox: 0.0153  loss_cls: 0.0615  acc: 97.2595  loss_bbox: 0.1372
2026/03/24 18:09:01 - mmengine - INFO - Epoch(train) [32][150/245]  lr: 2.0000e-02  eta: 2:18:09  time: 0.6822  data_time: 0.0032  memory: 18573  loss: 0.2221  loss_rpn_cls: 0.0041  loss_rpn_bbox: 0.0158  loss_cls: 0.0622  acc: 97.1619  loss_bbox: 0.1400
2026/03/24 18:09:36 - mmengine - INFO - Epoch(train) [32][200/245]  lr: 2.0000e-02  eta: 2:17:34  time: 0.6945  data_time: 0.0027  memory: 18573  loss: 0.2273  loss_rpn_cls: 0.0047  loss_rpn_bbox: 0.0155  loss_cls: 0.0649  acc: 97.4304  loss_bbox: 0.1422
2026/03/24 18:10:07 - mmengine - INFO - Exp name: faster_rcnn_r50_fpn_ruod_80e_pretrained_20260324_163125
2026/03/24 18:10:09 - mmengine - INFO - Epoch(val) [32][ 50/490]    eta: 0:00:22  time: 0.0514  data_time: 0.0065  memory: 18573  
2026/03/24 18:10:12 - mmengine - INFO - Epoch(val) [32][100/490]    eta: 0:00:20  time: 0.0518  data_time: 0.0045  memory: 808  
2026/03/24 18:10:14 - mmengine - INFO - Epoch(val) [32][150/490]    eta: 0:00:17  time: 0.0471  data_time: 0.0051  memory: 879  
2026/03/24 18:10:17 - mmengine - INFO - Epoch(val) [32][200/490]    eta: 0:00:14  time: 0.0496  data_time: 0.0045  memory: 879  
2026/03/24 18:10:19 - mmengine - INFO - Epoch(val) [32][250/490]    eta: 0:00:11  time: 0.0474  data_time: 0.0043  memory: 879  
2026/03/24 18:10:22 - mmengine - INFO - Epoch(val) [32][300/490]    eta: 0:00:09  time: 0.0487  data_time: 0.0046  memory: 879  
2026/03/24 18:10:24 - mmengine - INFO - Epoch(val) [32][350/490]    eta: 0:00:06  time: 0.0473  data_time: 0.0044  memory: 879  
2026/03/24 18:10:26 - mmengine - INFO - Epoch(val) [32][400/490]    eta: 0:00:04  time: 0.0476  data_time: 0.0043  memory: 879  
2026/03/24 18:10:29 - mmengine - INFO - Epoch(val) [32][450/490]    eta: 0:00:01  time: 0.0489  data_time: 0.0044  memory: 879  
2026/03/24 18:10:31 - mmengine - INFO - Evaluating bbox...
2026/03/24 18:10:33 - mmengine - INFO - bbox_mAP_copypaste: 0.458 0.762 0.488 0.107 0.342 0.517
2026/03/24 18:10:33 - mmengine - INFO - Epoch(val) [32][490/490]    coco/bbox_mAP: 0.4580  coco/bbox_mAP_50: 0.7620  coco/bbox_mAP_75: 0.4880  coco/bbox_mAP_s: 0.1070  coco/bbox_mAP_m: 0.3420  coco/bbox_mAP_l: 0.5170  data_time: 0.0047  time: 0.0487
2026/03/24 18:11:09 - mmengine - INFO - Epoch(train) [33][ 50/245]  lr: 2.0000e-02  eta: 2:16:28  time: 0.7197  data_time: 0.0142  memory: 18573  loss: 0.2148  loss_rpn_cls: 0.0035  loss_rpn_bbox: 0.0150  loss_cls: 0.0596  acc: 97.4548  loss_bbox: 0.1367
2026/03/24 18:11:44 - mmengine - INFO - Epoch(train) [33][100/245]  lr: 2.0000e-02  eta: 2:15:52  time: 0.6933  data_time: 0.0025  memory: 18573  loss: 0.2117  loss_rpn_cls: 0.0037  loss_rpn_bbox: 0.0151  loss_cls: 0.0590  acc: 98.2056  loss_bbox: 0.1340
2026/03/24 18:12:19 - mmengine - INFO - Epoch(train) [33][150/245]  lr: 2.0000e-02  eta: 2:15:17  time: 0.6967  data_time: 0.0030  memory: 18573  loss: 0.2164  loss_rpn_cls: 0.0036  loss_rpn_bbox: 0.0144  loss_cls: 0.0611  acc: 97.6074  loss_bbox: 0.1373
2026/03/24 18:12:26 - mmengine - INFO - Exp name: faster_rcnn_r50_fpn_ruod_80e_pretrained_20260324_163125
2026/03/24 18:12:54 - mmengine - INFO - Epoch(train) [33][200/245]  lr: 2.0000e-02  eta: 2:14:42  time: 0.6963  data_time: 0.0028  memory: 18573  loss: 0.2185  loss_rpn_cls: 0.0042  loss_rpn_bbox: 0.0156  loss_cls: 0.0611  acc: 97.6318  loss_bbox: 0.1376
2026/03/24 18:13:25 - mmengine - INFO - Exp name: faster_rcnn_r50_fpn_ruod_80e_pretrained_20260324_163125
2026/03/24 18:14:01 - mmengine - INFO - Epoch(train) [34][ 50/245]  lr: 2.0000e-02  eta: 2:13:37  time: 0.7225  data_time: 0.0166  memory: 18573  loss: 0.2164  loss_rpn_cls: 0.0035  loss_rpn_bbox: 0.0154  loss_cls: 0.0598  acc: 97.8699  loss_bbox: 0.1378
2026/03/24 18:14:35 - mmengine - INFO - Epoch(train) [34][100/245]  lr: 2.0000e-02  eta: 2:13:01  time: 0.6936  data_time: 0.0025  memory: 18573  loss: 0.2108  loss_rpn_cls: 0.0035  loss_rpn_bbox: 0.0148  loss_cls: 0.0585  acc: 98.0530  loss_bbox: 0.1341
2026/03/24 18:15:10 - mmengine - INFO - Epoch(train) [34][150/245]  lr: 2.0000e-02  eta: 2:12:26  time: 0.6942  data_time: 0.0027  memory: 18573  loss: 0.2105  loss_rpn_cls: 0.0040  loss_rpn_bbox: 0.0146  loss_cls: 0.0585  acc: 97.6074  loss_bbox: 0.1334
2026/03/24 18:15:45 - mmengine - INFO - Epoch(train) [34][200/245]  lr: 2.0000e-02  eta: 2:11:51  time: 0.6971  data_time: 0.0029  memory: 18573  loss: 0.2168  loss_rpn_cls: 0.0037  loss_rpn_bbox: 0.0153  loss_cls: 0.0592  acc: 97.8455  loss_bbox: 0.1387
2026/03/24 18:16:16 - mmengine - INFO - Exp name: faster_rcnn_r50_fpn_ruod_80e_pretrained_20260324_163125
2026/03/24 18:16:18 - mmengine - INFO - Epoch(val) [34][ 50/490]    eta: 0:00:21  time: 0.0478  data_time: 0.0064  memory: 18573  
2026/03/24 18:16:20 - mmengine - INFO - Epoch(val) [34][100/490]    eta: 0:00:17  time: 0.0441  data_time: 0.0039  memory: 808  
2026/03/24 18:16:23 - mmengine - INFO - Epoch(val) [34][150/490]    eta: 0:00:15  time: 0.0485  data_time: 0.0062  memory: 879  
2026/03/24 18:16:25 - mmengine - INFO - Epoch(val) [34][200/490]    eta: 0:00:13  time: 0.0487  data_time: 0.0042  memory: 879  
2026/03/24 18:16:27 - mmengine - INFO - Epoch(val) [34][250/490]    eta: 0:00:11  time: 0.0478  data_time: 0.0043  memory: 879  
2026/03/24 18:16:30 - mmengine - INFO - Epoch(val) [34][300/490]    eta: 0:00:09  time: 0.0501  data_time: 0.0047  memory: 879  
2026/03/24 18:16:32 - mmengine - INFO - Epoch(val) [34][350/490]    eta: 0:00:06  time: 0.0498  data_time: 0.0045  memory: 879  
2026/03/24 18:16:35 - mmengine - INFO - Epoch(val) [34][400/490]    eta: 0:00:04  time: 0.0458  data_time: 0.0039  memory: 879  
2026/03/24 18:16:37 - mmengine - INFO - Epoch(val) [34][450/490]    eta: 0:00:01  time: 0.0466  data_time: 0.0040  memory: 879  
2026/03/24 18:16:39 - mmengine - INFO - Evaluating bbox...
2026/03/24 18:16:42 - mmengine - INFO - bbox_mAP_copypaste: 0.459 0.763 0.486 0.111 0.355 0.518
2026/03/24 18:16:42 - mmengine - INFO - Epoch(val) [34][490/490]    coco/bbox_mAP: 0.4590  coco/bbox_mAP_50: 0.7630  coco/bbox_mAP_75: 0.4860  coco/bbox_mAP_s: 0.1110  coco/bbox_mAP_m: 0.3550  coco/bbox_mAP_l: 0.5180  data_time: 0.0046  time: 0.0475
2026/03/24 18:17:17 - mmengine - INFO - Epoch(train) [35][ 50/245]  lr: 2.0000e-02  eta: 2:10:44  time: 0.7142  data_time: 0.0099  memory: 18573  loss: 0.2099  loss_rpn_cls: 0.0036  loss_rpn_bbox: 0.0144  loss_cls: 0.0574  acc: 97.9370  loss_bbox: 0.1345
2026/03/24 18:17:52 - mmengine - INFO - Epoch(train) [35][100/245]  lr: 2.0000e-02  eta: 2:10:09  time: 0.6967  data_time: 0.0026  memory: 18573  loss: 0.1982  loss_rpn_cls: 0.0033  loss_rpn_bbox: 0.0140  loss_cls: 0.0548  acc: 98.0225  loss_bbox: 0.1260
2026/03/24 18:18:27 - mmengine - INFO - Epoch(train) [35][150/245]  lr: 2.0000e-02  eta: 2:09:34  time: 0.6904  data_time: 0.0031  memory: 18573  loss: 0.2144  loss_rpn_cls: 0.0035  loss_rpn_bbox: 0.0150  loss_cls: 0.0599  acc: 98.0713  loss_bbox: 0.1359
2026/03/24 18:19:02 - mmengine - INFO - Epoch(train) [35][200/245]  lr: 2.0000e-02  eta: 2:08:59  time: 0.7030  data_time: 0.0045  memory: 18573  loss: 0.2139  loss_rpn_cls: 0.0038  loss_rpn_bbox: 0.0151  loss_cls: 0.0603  acc: 97.1436  loss_bbox: 0.1347
2026/03/24 18:19:33 - mmengine - INFO - Exp name: faster_rcnn_r50_fpn_ruod_80e_pretrained_20260324_163125
2026/03/24 18:20:09 - mmengine - INFO - Epoch(train) [36][ 50/245]  lr: 2.0000e-02  eta: 2:07:54  time: 0.7263  data_time: 0.0144  memory: 18573  loss: 0.2109  loss_rpn_cls: 0.0043  loss_rpn_bbox: 0.0145  loss_cls: 0.0599  acc: 97.0703  loss_bbox: 0.1321
2026/03/24 18:20:44 - mmengine - INFO - Epoch(train) [36][100/245]  lr: 2.0000e-02  eta: 2:07:18  time: 0.6940  data_time: 0.0027  memory: 18573  loss: 0.2119  loss_rpn_cls: 0.0036  loss_rpn_bbox: 0.0150  loss_cls: 0.0592  acc: 97.7234  loss_bbox: 0.1340
2026/03/24 18:21:19 - mmengine - INFO - Epoch(train) [36][150/245]  lr: 2.0000e-02  eta: 2:06:44  time: 0.7029  data_time: 0.0025  memory: 18573  loss: 0.1997  loss_rpn_cls: 0.0034  loss_rpn_bbox: 0.0143  loss_cls: 0.0550  acc: 97.4060  loss_bbox: 0.1271
2026/03/24 18:21:54 - mmengine - INFO - Epoch(train) [36][200/245]  lr: 2.0000e-02  eta: 2:06:08  time: 0.6928  data_time: 0.0026  memory: 18573  loss: 0.2071  loss_rpn_cls: 0.0034  loss_rpn_bbox: 0.0141  loss_cls: 0.0579  acc: 97.5891  loss_bbox: 0.1318
2026/03/24 18:22:25 - mmengine - INFO - Exp name: faster_rcnn_r50_fpn_ruod_80e_pretrained_20260324_163125
2026/03/24 18:22:27 - mmengine - INFO - Epoch(val) [36][ 50/490]    eta: 0:00:21  time: 0.0485  data_time: 0.0068  memory: 18573  
2026/03/24 18:22:30 - mmengine - INFO - Epoch(val) [36][100/490]    eta: 0:00:18  time: 0.0455  data_time: 0.0041  memory: 806  
2026/03/24 18:22:32 - mmengine - INFO - Epoch(val) [36][150/490]    eta: 0:00:16  time: 0.0473  data_time: 0.0046  memory: 879  
2026/03/24 18:22:34 - mmengine - INFO - Epoch(val) [36][200/490]    eta: 0:00:13  time: 0.0489  data_time: 0.0043  memory: 879  
2026/03/24 18:22:37 - mmengine - INFO - Epoch(val) [36][250/490]    eta: 0:00:11  time: 0.0472  data_time: 0.0041  memory: 879  
2026/03/24 18:22:39 - mmengine - INFO - Epoch(val) [36][300/490]    eta: 0:00:09  time: 0.0476  data_time: 0.0044  memory: 879  
2026/03/24 18:22:41 - mmengine - INFO - Epoch(val) [36][350/490]    eta: 0:00:06  time: 0.0470  data_time: 0.0042  memory: 879  
2026/03/24 18:22:44 - mmengine - INFO - Epoch(val) [36][400/490]    eta: 0:00:04  time: 0.0468  data_time: 0.0042  memory: 879  
2026/03/24 18:22:46 - mmengine - INFO - Epoch(val) [36][450/490]    eta: 0:00:01  time: 0.0483  data_time: 0.0043  memory: 879  
2026/03/24 18:22:48 - mmengine - INFO - Evaluating bbox...
2026/03/24 18:22:51 - mmengine - INFO - bbox_mAP_copypaste: 0.462 0.768 0.491 0.097 0.352 0.519
2026/03/24 18:22:51 - mmengine - INFO - Epoch(val) [36][490/490]    coco/bbox_mAP: 0.4620  coco/bbox_mAP_50: 0.7680  coco/bbox_mAP_75: 0.4910  coco/bbox_mAP_s: 0.0970  coco/bbox_mAP_m: 0.3520  coco/bbox_mAP_l: 0.5190  data_time: 0.0045  time: 0.0474
2026/03/24 18:23:27 - mmengine - INFO - Epoch(train) [37][ 50/245]  lr: 2.0000e-02  eta: 2:05:02  time: 0.7164  data_time: 0.0142  memory: 18573  loss: 0.1969  loss_rpn_cls: 0.0027  loss_rpn_bbox: 0.0138  loss_cls: 0.0534  acc: 97.6685  loss_bbox: 0.1270
2026/03/24 18:24:02 - mmengine - INFO - Epoch(train) [37][100/245]  lr: 2.0000e-02  eta: 2:04:27  time: 0.6914  data_time: 0.0027  memory: 18573  loss: 0.1956  loss_rpn_cls: 0.0029  loss_rpn_bbox: 0.0141  loss_cls: 0.0532  acc: 98.0774  loss_bbox: 0.1254
2026/03/24 18:24:36 - mmengine - INFO - Epoch(train) [37][150/245]  lr: 2.0000e-02  eta: 2:03:52  time: 0.6950  data_time: 0.0023  memory: 18573  loss: 0.2065  loss_rpn_cls: 0.0037  loss_rpn_bbox: 0.0149  loss_cls: 0.0571  acc: 97.4976  loss_bbox: 0.1309
2026/03/24 18:24:57 - mmengine - INFO - Exp name: faster_rcnn_r50_fpn_ruod_80e_pretrained_20260324_163125
2026/03/24 18:25:11 - mmengine - INFO - Epoch(train) [37][200/245]  lr: 2.0000e-02  eta: 2:03:16  time: 0.6936  data_time: 0.0026  memory: 18573  loss: 0.2030  loss_rpn_cls: 0.0036  loss_rpn_bbox: 0.0146  loss_cls: 0.0554  acc: 97.4976  loss_bbox: 0.1294
2026/03/24 18:25:42 - mmengine - INFO - Exp name: faster_rcnn_r50_fpn_ruod_80e_pretrained_20260324_163125
2026/03/24 18:26:18 - mmengine - INFO - Epoch(train) [38][ 50/245]  lr: 2.0000e-02  eta: 2:02:11  time: 0.7244  data_time: 0.0187  memory: 18573  loss: 0.1962  loss_rpn_cls: 0.0030  loss_rpn_bbox: 0.0143  loss_cls: 0.0524  acc: 98.4619  loss_bbox: 0.1265
2026/03/24 18:26:53 - mmengine - INFO - Epoch(train) [38][100/245]  lr: 2.0000e-02  eta: 2:01:36  time: 0.6960  data_time: 0.0028  memory: 18573  loss: 0.1930  loss_rpn_cls: 0.0027  loss_rpn_bbox: 0.0133  loss_cls: 0.0530  acc: 97.8577  loss_bbox: 0.1240
2026/03/24 18:27:28 - mmengine - INFO - Epoch(train) [38][150/245]  lr: 2.0000e-02  eta: 2:01:00  time: 0.6894  data_time: 0.0027  memory: 18573  loss: 0.1976  loss_rpn_cls: 0.0029  loss_rpn_bbox: 0.0143  loss_cls: 0.0529  acc: 97.9675  loss_bbox: 0.1275
2026/03/24 18:28:02 - mmengine - INFO - Epoch(train) [38][200/245]  lr: 2.0000e-02  eta: 2:00:25  time: 0.6889  data_time: 0.0030  memory: 18573  loss: 0.1948  loss_rpn_cls: 0.0034  loss_rpn_bbox: 0.0141  loss_cls: 0.0541  acc: 97.6624  loss_bbox: 0.1232
2026/03/24 18:28:33 - mmengine - INFO - Exp name: faster_rcnn_r50_fpn_ruod_80e_pretrained_20260324_163125
2026/03/24 18:28:35 - mmengine - INFO - Epoch(val) [38][ 50/490]    eta: 0:00:20  time: 0.0475  data_time: 0.0060  memory: 18573  
2026/03/24 18:28:37 - mmengine - INFO - Epoch(val) [38][100/490]    eta: 0:00:17  time: 0.0441  data_time: 0.0040  memory: 809  
2026/03/24 18:28:40 - mmengine - INFO - Epoch(val) [38][150/490]    eta: 0:00:15  time: 0.0477  data_time: 0.0055  memory: 879  
2026/03/24 18:28:42 - mmengine - INFO - Epoch(val) [38][200/490]    eta: 0:00:13  time: 0.0482  data_time: 0.0042  memory: 879  
2026/03/24 18:28:45 - mmengine - INFO - Epoch(val) [38][250/490]    eta: 0:00:11  time: 0.0477  data_time: 0.0042  memory: 879  
2026/03/24 18:28:47 - mmengine - INFO - Epoch(val) [38][300/490]    eta: 0:00:08  time: 0.0473  data_time: 0.0043  memory: 879  
2026/03/24 18:28:49 - mmengine - INFO - Epoch(val) [38][350/490]    eta: 0:00:06  time: 0.0472  data_time: 0.0041  memory: 879  
2026/03/24 18:28:52 - mmengine - INFO - Epoch(val) [38][400/490]    eta: 0:00:04  time: 0.0467  data_time: 0.0040  memory: 879  
2026/03/24 18:28:54 - mmengine - INFO - Epoch(val) [38][450/490]    eta: 0:00:01  time: 0.0476  data_time: 0.0041  memory: 879  
2026/03/24 18:28:56 - mmengine - INFO - Evaluating bbox...
2026/03/24 18:28:58 - mmengine - INFO - bbox_mAP_copypaste: 0.456 0.759 0.479 0.110 0.345 0.514
2026/03/24 18:28:58 - mmengine - INFO - Epoch(val) [38][490/490]    coco/bbox_mAP: 0.4560  coco/bbox_mAP_50: 0.7590  coco/bbox_mAP_75: 0.4790  coco/bbox_mAP_s: 0.1100  coco/bbox_mAP_m: 0.3450  coco/bbox_mAP_l: 0.5140  data_time: 0.0044  time: 0.0470
2026/03/24 18:29:34 - mmengine - INFO - Epoch(train) [39][ 50/245]  lr: 2.0000e-02  eta: 1:59:19  time: 0.7212  data_time: 0.0116  memory: 18573  loss: 0.1972  loss_rpn_cls: 0.0033  loss_rpn_bbox: 0.0142  loss_cls: 0.0541  acc: 97.7173  loss_bbox: 0.1256
2026/03/24 18:30:10 - mmengine - INFO - Epoch(train) [39][100/245]  lr: 2.0000e-02  eta: 1:58:44  time: 0.7031  data_time: 0.0024  memory: 18573  loss: 0.2072  loss_rpn_cls: 0.0031  loss_rpn_bbox: 0.0149  loss_cls: 0.0569  acc: 98.0347  loss_bbox: 0.1322
2026/03/24 18:30:44 - mmengine - INFO - Epoch(train) [39][150/245]  lr: 2.0000e-02  eta: 1:58:09  time: 0.6965  data_time: 0.0026  memory: 18573  loss: 0.1865  loss_rpn_cls: 0.0028  loss_rpn_bbox: 0.0132  loss_cls: 0.0502  acc: 97.8210  loss_bbox: 0.1203
2026/03/24 18:31:19 - mmengine - INFO - Epoch(train) [39][200/245]  lr: 2.0000e-02  eta: 1:57:34  time: 0.7000  data_time: 0.0030  memory: 18573  loss: 0.1979  loss_rpn_cls: 0.0030  loss_rpn_bbox: 0.0140  loss_cls: 0.0545  acc: 97.8760  loss_bbox: 0.1264
2026/03/24 18:31:50 - mmengine - INFO - Exp name: faster_rcnn_r50_fpn_ruod_80e_pretrained_20260324_163125
2026/03/24 18:32:27 - mmengine - INFO - Epoch(train) [40][ 50/245]  lr: 2.0000e-02  eta: 1:56:29  time: 0.7242  data_time: 0.0180  memory: 18573  loss: 0.1831  loss_rpn_cls: 0.0027  loss_rpn_bbox: 0.0135  loss_cls: 0.0486  acc: 98.2666  loss_bbox: 0.1183
2026/03/24 18:33:01 - mmengine - INFO - Epoch(train) [40][100/245]  lr: 2.0000e-02  eta: 1:55:53  time: 0.6920  data_time: 0.0026  memory: 18573  loss: 0.1930  loss_rpn_cls: 0.0030  loss_rpn_bbox: 0.0140  loss_cls: 0.0524  acc: 97.8760  loss_bbox: 0.1236
2026/03/24 18:33:36 - mmengine - INFO - Epoch(train) [40][150/245]  lr: 2.0000e-02  eta: 1:55:18  time: 0.6928  data_time: 0.0025  memory: 18573  loss: 0.1908  loss_rpn_cls: 0.0028  loss_rpn_bbox: 0.0137  loss_cls: 0.0529  acc: 97.3328  loss_bbox: 0.1214
2026/03/24 18:34:11 - mmengine - INFO - Epoch(train) [40][200/245]  lr: 2.0000e-02  eta: 1:54:43  time: 0.6935  data_time: 0.0029  memory: 18573  loss: 0.1978  loss_rpn_cls: 0.0035  loss_rpn_bbox: 0.0142  loss_cls: 0.0541  acc: 97.5342  loss_bbox: 0.1259
2026/03/24 18:34:42 - mmengine - INFO - Exp name: faster_rcnn_r50_fpn_ruod_80e_pretrained_20260324_163125
2026/03/24 18:34:44 - mmengine - INFO - Epoch(val) [40][ 50/490]    eta: 0:00:21  time: 0.0489  data_time: 0.0061  memory: 18573  
2026/03/24 18:34:46 - mmengine - INFO - Epoch(val) [40][100/490]    eta: 0:00:18  time: 0.0453  data_time: 0.0041  memory: 808  
2026/03/24 18:34:49 - mmengine - INFO - Epoch(val) [40][150/490]    eta: 0:00:16  time: 0.0478  data_time: 0.0057  memory: 879  
2026/03/24 18:34:51 - mmengine - INFO - Epoch(val) [40][200/490]    eta: 0:00:14  time: 0.0537  data_time: 0.0049  memory: 879  
2026/03/24 18:34:54 - mmengine - INFO - Epoch(val) [40][250/490]    eta: 0:00:11  time: 0.0482  data_time: 0.0043  memory: 879  
2026/03/24 18:34:56 - mmengine - INFO - Epoch(val) [40][300/490]    eta: 0:00:09  time: 0.0474  data_time: 0.0043  memory: 879  
2026/03/24 18:34:59 - mmengine - INFO - Epoch(val) [40][350/490]    eta: 0:00:06  time: 0.0468  data_time: 0.0041  memory: 879  
2026/03/24 18:35:01 - mmengine - INFO - Epoch(val) [40][400/490]    eta: 0:00:04  time: 0.0478  data_time: 0.0044  memory: 879  
2026/03/24 18:35:03 - mmengine - INFO - Epoch(val) [40][450/490]    eta: 0:00:01  time: 0.0484  data_time: 0.0044  memory: 879  
2026/03/24 18:35:05 - mmengine - INFO - Evaluating bbox...
2026/03/24 18:35:08 - mmengine - INFO - bbox_mAP_copypaste: 0.460 0.760 0.486 0.112 0.334 0.521
2026/03/24 18:35:08 - mmengine - INFO - Epoch(val) [40][490/490]    coco/bbox_mAP: 0.4600  coco/bbox_mAP_50: 0.7600  coco/bbox_mAP_75: 0.4860  coco/bbox_mAP_s: 0.1120  coco/bbox_mAP_m: 0.3340  coco/bbox_mAP_l: 0.5210  data_time: 0.0046  time: 0.0481
2026/03/24 18:35:44 - mmengine - INFO - Epoch(train) [41][ 50/245]  lr: 2.0000e-02  eta: 1:53:37  time: 0.7264  data_time: 0.0149  memory: 18573  loss: 0.1864  loss_rpn_cls: 0.0026  loss_rpn_bbox: 0.0133  loss_cls: 0.0499  acc: 98.4131  loss_bbox: 0.1206
2026/03/24 18:36:19 - mmengine - INFO - Epoch(train) [41][100/245]  lr: 2.0000e-02  eta: 1:53:02  time: 0.6895  data_time: 0.0027  memory: 18573  loss: 0.1892  loss_rpn_cls: 0.0029  loss_rpn_bbox: 0.0135  loss_cls: 0.0511  acc: 97.6562  loss_bbox: 0.1217
2026/03/24 18:36:54 - mmengine - INFO - Epoch(train) [41][150/245]  lr: 2.0000e-02  eta: 1:52:27  time: 0.7008  data_time: 0.0025  memory: 18573  loss: 0.1948  loss_rpn_cls: 0.0030  loss_rpn_bbox: 0.0137  loss_cls: 0.0540  acc: 98.0469  loss_bbox: 0.1241
2026/03/24 18:37:29 - mmengine - INFO - Exp name: faster_rcnn_r50_fpn_ruod_80e_pretrained_20260324_163125
2026/03/24 18:37:29 - mmengine - INFO - Epoch(train) [41][200/245]  lr: 2.0000e-02  eta: 1:51:52  time: 0.6994  data_time: 0.0026  memory: 18573  loss: 0.1833  loss_rpn_cls: 0.0025  loss_rpn_bbox: 0.0133  loss_cls: 0.0503  acc: 98.5840  loss_bbox: 0.1172
2026/03/24 18:37:59 - mmengine - INFO - Exp name: faster_rcnn_r50_fpn_ruod_80e_pretrained_20260324_163125
2026/03/24 18:38:35 - mmengine - INFO - Epoch(train) [42][ 50/245]  lr: 2.0000e-02  eta: 1:50:46  time: 0.7205  data_time: 0.0185  memory: 18573  loss: 0.1863  loss_rpn_cls: 0.0026  loss_rpn_bbox: 0.0138  loss_cls: 0.0499  acc: 98.6511  loss_bbox: 0.1200
2026/03/24 18:39:10 - mmengine - INFO - Epoch(train) [42][100/245]  lr: 2.0000e-02  eta: 1:50:11  time: 0.6903  data_time: 0.0024  memory: 18573  loss: 0.1821  loss_rpn_cls: 0.0027  loss_rpn_bbox: 0.0135  loss_cls: 0.0485  acc: 97.5342  loss_bbox: 0.1173
2026/03/24 18:39:44 - mmengine - INFO - Epoch(train) [42][150/245]  lr: 2.0000e-02  eta: 1:49:35  time: 0.6892  data_time: 0.0022  memory: 18573  loss: 0.1885  loss_rpn_cls: 0.0030  loss_rpn_bbox: 0.0133  loss_cls: 0.0513  acc: 97.7417  loss_bbox: 0.1209
2026/03/24 18:40:19 - mmengine - INFO - Epoch(train) [42][200/245]  lr: 2.0000e-02  eta: 1:49:00  time: 0.6922  data_time: 0.0023  memory: 18573  loss: 0.1858  loss_rpn_cls: 0.0030  loss_rpn_bbox: 0.0132  loss_cls: 0.0515  acc: 97.9919  loss_bbox: 0.1180
2026/03/24 18:40:50 - mmengine - INFO - Exp name: faster_rcnn_r50_fpn_ruod_80e_pretrained_20260324_163125
2026/03/24 18:40:52 - mmengine - INFO - Epoch(val) [42][ 50/490]    eta: 0:00:21  time: 0.0490  data_time: 0.0067  memory: 18573  
2026/03/24 18:40:55 - mmengine - INFO - Epoch(val) [42][100/490]    eta: 0:00:19  time: 0.0507  data_time: 0.0077  memory: 810  
2026/03/24 18:40:58 - mmengine - INFO - Epoch(val) [42][150/490]    eta: 0:00:18  time: 0.0593  data_time: 0.0160  memory: 879  
2026/03/24 18:41:00 - mmengine - INFO - Epoch(val) [42][200/490]    eta: 0:00:15  time: 0.0489  data_time: 0.0045  memory: 879  
2026/03/24 18:41:03 - mmengine - INFO - Epoch(val) [42][250/490]    eta: 0:00:12  time: 0.0481  data_time: 0.0043  memory: 879  
2026/03/24 18:41:05 - mmengine - INFO - Epoch(val) [42][300/490]    eta: 0:00:09  time: 0.0479  data_time: 0.0045  memory: 879  
2026/03/24 18:41:07 - mmengine - INFO - Epoch(val) [42][350/490]    eta: 0:00:07  time: 0.0470  data_time: 0.0040  memory: 879  
2026/03/24 18:41:10 - mmengine - INFO - Epoch(val) [42][400/490]    eta: 0:00:04  time: 0.0513  data_time: 0.0046  memory: 879  
2026/03/24 18:41:12 - mmengine - INFO - Epoch(val) [42][450/490]    eta: 0:00:01  time: 0.0473  data_time: 0.0042  memory: 879  
2026/03/24 18:41:14 - mmengine - INFO - Evaluating bbox...
2026/03/24 18:41:17 - mmengine - INFO - bbox_mAP_copypaste: 0.460 0.754 0.489 0.106 0.356 0.521
2026/03/24 18:41:17 - mmengine - INFO - Epoch(val) [42][490/490]    coco/bbox_mAP: 0.4600  coco/bbox_mAP_50: 0.7540  coco/bbox_mAP_75: 0.4890  coco/bbox_mAP_s: 0.1060  coco/bbox_mAP_m: 0.3560  coco/bbox_mAP_l: 0.5210  data_time: 0.0061  time: 0.0497
2026/03/24 18:41:53 - mmengine - INFO - Epoch(train) [43][ 50/245]  lr: 2.0000e-02  eta: 1:47:54  time: 0.7255  data_time: 0.0178  memory: 18573  loss: 0.1765  loss_rpn_cls: 0.0023  loss_rpn_bbox: 0.0126  loss_cls: 0.0472  acc: 98.0103  loss_bbox: 0.1144
2026/03/24 18:42:28 - mmengine - INFO - Epoch(train) [43][100/245]  lr: 2.0000e-02  eta: 1:47:19  time: 0.6988  data_time: 0.0027  memory: 18573  loss: 0.1831  loss_rpn_cls: 0.0023  loss_rpn_bbox: 0.0132  loss_cls: 0.0491  acc: 97.8577  loss_bbox: 0.1185
2026/03/24 18:43:02 - mmengine - INFO - Epoch(train) [43][150/245]  lr: 2.0000e-02  eta: 1:46:44  time: 0.6909  data_time: 0.0024  memory: 18573  loss: 0.1840  loss_rpn_cls: 0.0027  loss_rpn_bbox: 0.0130  loss_cls: 0.0502  acc: 97.9492  loss_bbox: 0.1181
2026/03/24 18:43:37 - mmengine - INFO - Epoch(train) [43][200/245]  lr: 2.0000e-02  eta: 1:46:09  time: 0.6969  data_time: 0.0025  memory: 18573  loss: 0.1880  loss_rpn_cls: 0.0032  loss_rpn_bbox: 0.0140  loss_cls: 0.0498  acc: 98.5840  loss_bbox: 0.1210
2026/03/24 18:44:08 - mmengine - INFO - Exp name: faster_rcnn_r50_fpn_ruod_80e_pretrained_20260324_163125
2026/03/24 18:44:44 - mmengine - INFO - Epoch(train) [44][ 50/245]  lr: 2.0000e-02  eta: 1:45:03  time: 0.7204  data_time: 0.0162  memory: 18573  loss: 0.1787  loss_rpn_cls: 0.0024  loss_rpn_bbox: 0.0132  loss_cls: 0.0479  acc: 97.8394  loss_bbox: 0.1152
2026/03/24 18:45:19 - mmengine - INFO - Epoch(train) [44][100/245]  lr: 2.0000e-02  eta: 1:44:28  time: 0.6974  data_time: 0.0029  memory: 18573  loss: 0.1731  loss_rpn_cls: 0.0026  loss_rpn_bbox: 0.0125  loss_cls: 0.0471  acc: 97.5891  loss_bbox: 0.1110
2026/03/24 18:45:54 - mmengine - INFO - Epoch(train) [44][150/245]  lr: 2.0000e-02  eta: 1:43:53  time: 0.6963  data_time: 0.0025  memory: 18573  loss: 0.1780  loss_rpn_cls: 0.0026  loss_rpn_bbox: 0.0127  loss_cls: 0.0487  acc: 98.0408  loss_bbox: 0.1140
2026/03/24 18:46:29 - mmengine - INFO - Epoch(train) [44][200/245]  lr: 2.0000e-02  eta: 1:43:18  time: 0.6983  data_time: 0.0029  memory: 18573  loss: 0.1882  loss_rpn_cls: 0.0028  loss_rpn_bbox: 0.0141  loss_cls: 0.0511  acc: 98.0469  loss_bbox: 0.1201
2026/03/24 18:47:00 - mmengine - INFO - Exp name: faster_rcnn_r50_fpn_ruod_80e_pretrained_20260324_163125
2026/03/24 18:47:02 - mmengine - INFO - Epoch(val) [44][ 50/490]    eta: 0:00:21  time: 0.0486  data_time: 0.0060  memory: 18573  
2026/03/24 18:47:04 - mmengine - INFO - Epoch(val) [44][100/490]    eta: 0:00:18  time: 0.0448  data_time: 0.0039  memory: 809  
2026/03/24 18:47:07 - mmengine - INFO - Epoch(val) [44][150/490]    eta: 0:00:15  time: 0.0476  data_time: 0.0052  memory: 879  
2026/03/24 18:47:09 - mmengine - INFO - Epoch(val) [44][200/490]    eta: 0:00:13  time: 0.0487  data_time: 0.0043  memory: 879  
2026/03/24 18:47:12 - mmengine - INFO - Epoch(val) [44][250/490]    eta: 0:00:11  time: 0.0471  data_time: 0.0041  memory: 879  
2026/03/24 18:47:14 - mmengine - INFO - Epoch(val) [44][300/490]    eta: 0:00:09  time: 0.0479  data_time: 0.0045  memory: 879  
2026/03/24 18:47:16 - mmengine - INFO - Epoch(val) [44][350/490]    eta: 0:00:06  time: 0.0473  data_time: 0.0042  memory: 879  
2026/03/24 18:47:19 - mmengine - INFO - Epoch(val) [44][400/490]    eta: 0:00:04  time: 0.0472  data_time: 0.0041  memory: 879  
2026/03/24 18:47:21 - mmengine - INFO - Epoch(val) [44][450/490]    eta: 0:00:01  time: 0.0482  data_time: 0.0042  memory: 879  
2026/03/24 18:47:23 - mmengine - INFO - Evaluating bbox...
2026/03/24 18:47:25 - mmengine - INFO - bbox_mAP_copypaste: 0.457 0.742 0.492 0.108 0.350 0.516
2026/03/24 18:47:25 - mmengine - INFO - Epoch(val) [44][490/490]    coco/bbox_mAP: 0.4570  coco/bbox_mAP_50: 0.7420  coco/bbox_mAP_75: 0.4920  coco/bbox_mAP_s: 0.1080  coco/bbox_mAP_m: 0.3500  coco/bbox_mAP_l: 0.5160  data_time: 0.0044  time: 0.0474
2026/03/24 18:48:02 - mmengine - INFO - Epoch(train) [45][ 50/245]  lr: 2.0000e-02  eta: 1:42:12  time: 0.7276  data_time: 0.0198  memory: 18573  loss: 0.1711  loss_rpn_cls: 0.0023  loss_rpn_bbox: 0.0126  loss_cls: 0.0455  acc: 97.9858  loss_bbox: 0.1106
2026/03/24 18:48:36 - mmengine - INFO - Epoch(train) [45][100/245]  lr: 2.0000e-02  eta: 1:41:37  time: 0.6925  data_time: 0.0026  memory: 18573  loss: 0.1754  loss_rpn_cls: 0.0023  loss_rpn_bbox: 0.0125  loss_cls: 0.0469  acc: 98.4009  loss_bbox: 0.1138
2026/03/24 18:49:12 - mmengine - INFO - Epoch(train) [45][150/245]  lr: 2.0000e-02  eta: 1:41:02  time: 0.7085  data_time: 0.0026  memory: 18573  loss: 0.1732  loss_rpn_cls: 0.0026  loss_rpn_bbox: 0.0129  loss_cls: 0.0452  acc: 98.6938  loss_bbox: 0.1125
2026/03/24 18:49:47 - mmengine - INFO - Epoch(train) [45][200/245]  lr: 2.0000e-02  eta: 1:40:28  time: 0.7086  data_time: 0.0027  memory: 18573  loss: 0.1801  loss_rpn_cls: 0.0023  loss_rpn_bbox: 0.0130  loss_cls: 0.0483  acc: 97.6929  loss_bbox: 0.1165
2026/03/24 18:50:01 - mmengine - INFO - Exp name: faster_rcnn_r50_fpn_ruod_80e_pretrained_20260324_163125
2026/03/24 18:50:18 - mmengine - INFO - Exp name: faster_rcnn_r50_fpn_ruod_80e_pretrained_20260324_163125
2026/03/24 18:50:54 - mmengine - INFO - Epoch(train) [46][ 50/245]  lr: 2.0000e-02  eta: 1:39:22  time: 0.7360  data_time: 0.0182  memory: 18573  loss: 0.1710  loss_rpn_cls: 0.0022  loss_rpn_bbox: 0.0126  loss_cls: 0.0448  acc: 98.5229  loss_bbox: 0.1114
2026/03/24 18:51:29 - mmengine - INFO - Epoch(train) [46][100/245]  lr: 2.0000e-02  eta: 1:38:47  time: 0.6984  data_time: 0.0026  memory: 18573  loss: 0.1791  loss_rpn_cls: 0.0022  loss_rpn_bbox: 0.0134  loss_cls: 0.0478  acc: 98.2971  loss_bbox: 0.1156
2026/03/24 18:52:04 - mmengine - INFO - Epoch(train) [46][150/245]  lr: 2.0000e-02  eta: 1:38:12  time: 0.6972  data_time: 0.0026  memory: 18573  loss: 0.1762  loss_rpn_cls: 0.0024  loss_rpn_bbox: 0.0125  loss_cls: 0.0467  acc: 98.3948  loss_bbox: 0.1146
2026/03/24 18:52:39 - mmengine - INFO - Epoch(train) [46][200/245]  lr: 2.0000e-02  eta: 1:37:37  time: 0.7010  data_time: 0.0032  memory: 18573  loss: 0.1806  loss_rpn_cls: 0.0024  loss_rpn_bbox: 0.0129  loss_cls: 0.0486  acc: 97.9248  loss_bbox: 0.1166
2026/03/24 18:53:10 - mmengine - INFO - Exp name: faster_rcnn_r50_fpn_ruod_80e_pretrained_20260324_163125
2026/03/24 18:53:13 - mmengine - INFO - Epoch(val) [46][ 50/490]    eta: 0:00:22  time: 0.0515  data_time: 0.0061  memory: 18573  
2026/03/24 18:53:15 - mmengine - INFO - Epoch(val) [46][100/490]    eta: 0:00:18  time: 0.0455  data_time: 0.0040  memory: 809  
2026/03/24 18:53:17 - mmengine - INFO - Epoch(val) [46][150/490]    eta: 0:00:16  time: 0.0469  data_time: 0.0052  memory: 879  
2026/03/24 18:53:20 - mmengine - INFO - Epoch(val) [46][200/490]    eta: 0:00:13  time: 0.0484  data_time: 0.0042  memory: 879  
2026/03/24 18:53:22 - mmengine - INFO - Epoch(val) [46][250/490]    eta: 0:00:11  time: 0.0477  data_time: 0.0042  memory: 879  
2026/03/24 18:53:24 - mmengine - INFO - Epoch(val) [46][300/490]    eta: 0:00:09  time: 0.0467  data_time: 0.0041  memory: 879  
2026/03/24 18:53:27 - mmengine - INFO - Epoch(val) [46][350/490]    eta: 0:00:06  time: 0.0472  data_time: 0.0043  memory: 879  
2026/03/24 18:53:29 - mmengine - INFO - Epoch(val) [46][400/490]    eta: 0:00:04  time: 0.0479  data_time: 0.0043  memory: 879  
2026/03/24 18:53:32 - mmengine - INFO - Epoch(val) [46][450/490]    eta: 0:00:01  time: 0.0482  data_time: 0.0042  memory: 879  
2026/03/24 18:53:34 - mmengine - INFO - Evaluating bbox...
2026/03/24 18:53:36 - mmengine - INFO - bbox_mAP_copypaste: 0.465 0.759 0.495 0.110 0.356 0.523
2026/03/24 18:53:36 - mmengine - INFO - Epoch(val) [46][490/490]    coco/bbox_mAP: 0.4650  coco/bbox_mAP_50: 0.7590  coco/bbox_mAP_75: 0.4950  coco/bbox_mAP_s: 0.1100  coco/bbox_mAP_m: 0.3560  coco/bbox_mAP_l: 0.5230  data_time: 0.0045  time: 0.0476
2026/03/24 18:53:36 - mmengine - INFO - The previous best checkpoint /workspace/aquaculture-perception/runs/mmdet/faster_rcnn_r50_fpn_ruod_80e_pretrained/best_coco_bbox_mAP_epoch_16.pth is removed
2026/03/24 18:53:37 - mmengine - INFO - The best checkpoint with 0.4650 coco/bbox_mAP at 46 epoch is saved to best_coco_bbox_mAP_epoch_46.pth.
2026/03/24 18:54:13 - mmengine - INFO - Epoch(train) [47][ 50/245]  lr: 2.0000e-02  eta: 1:36:31  time: 0.7253  data_time: 0.0157  memory: 18573  loss: 0.1665  loss_rpn_cls: 0.0023  loss_rpn_bbox: 0.0122  loss_cls: 0.0435  acc: 98.5229  loss_bbox: 0.1085
2026/03/24 18:54:48 - mmengine - INFO - Epoch(train) [47][100/245]  lr: 2.0000e-02  eta: 1:35:56  time: 0.6975  data_time: 0.0027  memory: 18573  loss: 0.1809  loss_rpn_cls: 0.0024  loss_rpn_bbox: 0.0132  loss_cls: 0.0488  acc: 98.0774  loss_bbox: 0.1166
2026/03/24 18:55:23 - mmengine - INFO - Epoch(train) [47][150/245]  lr: 2.0000e-02  eta: 1:35:21  time: 0.6935  data_time: 0.0026  memory: 18573  loss: 0.1789  loss_rpn_cls: 0.0024  loss_rpn_bbox: 0.0131  loss_cls: 0.0479  acc: 97.9370  loss_bbox: 0.1155
2026/03/24 18:55:58 - mmengine - INFO - Epoch(train) [47][200/245]  lr: 2.0000e-02  eta: 1:34:46  time: 0.7016  data_time: 0.0027  memory: 18573  loss: 0.1692  loss_rpn_cls: 0.0025  loss_rpn_bbox: 0.0123  loss_cls: 0.0449  acc: 98.3032  loss_bbox: 0.1095
2026/03/24 18:56:29 - mmengine - INFO - Exp name: faster_rcnn_r50_fpn_ruod_80e_pretrained_20260324_163125
2026/03/24 18:57:05 - mmengine - INFO - Epoch(train) [48][ 50/245]  lr: 2.0000e-02  eta: 1:33:40  time: 0.7249  data_time: 0.0135  memory: 18573  loss: 0.1733  loss_rpn_cls: 0.0023  loss_rpn_bbox: 0.0133  loss_cls: 0.0451  acc: 97.8333  loss_bbox: 0.1125
2026/03/24 18:57:40 - mmengine - INFO - Epoch(train) [48][100/245]  lr: 2.0000e-02  eta: 1:33:05  time: 0.6952  data_time: 0.0026  memory: 18573  loss: 0.1635  loss_rpn_cls: 0.0022  loss_rpn_bbox: 0.0119  loss_cls: 0.0438  acc: 98.4863  loss_bbox: 0.1055
2026/03/24 18:58:14 - mmengine - INFO - Epoch(train) [48][150/245]  lr: 2.0000e-02  eta: 1:32:30  time: 0.6931  data_time: 0.0026  memory: 18573  loss: 0.1648  loss_rpn_cls: 0.0020  loss_rpn_bbox: 0.0120  loss_cls: 0.0438  acc: 97.9248  loss_bbox: 0.1070
2026/03/24 18:58:49 - mmengine - INFO - Epoch(train) [48][200/245]  lr: 2.0000e-02  eta: 1:31:54  time: 0.6939  data_time: 0.0024  memory: 18573  loss: 0.1625  loss_rpn_cls: 0.0020  loss_rpn_bbox: 0.0118  loss_cls: 0.0416  acc: 98.5291  loss_bbox: 0.1070
2026/03/24 18:59:20 - mmengine - INFO - Exp name: faster_rcnn_r50_fpn_ruod_80e_pretrained_20260324_163125
2026/03/24 18:59:23 - mmengine - INFO - Epoch(val) [48][ 50/490]    eta: 0:00:22  time: 0.0502  data_time: 0.0066  memory: 18573  
2026/03/24 18:59:25 - mmengine - INFO - Epoch(val) [48][100/490]    eta: 0:00:18  time: 0.0445  data_time: 0.0039  memory: 809  
2026/03/24 18:59:27 - mmengine - INFO - Epoch(val) [48][150/490]    eta: 0:00:16  time: 0.0478  data_time: 0.0048  memory: 879  
2026/03/24 18:59:30 - mmengine - INFO - Epoch(val) [48][200/490]    eta: 0:00:13  time: 0.0507  data_time: 0.0046  memory: 879  
2026/03/24 18:59:32 - mmengine - INFO - Epoch(val) [48][250/490]    eta: 0:00:11  time: 0.0523  data_time: 0.0047  memory: 879  
2026/03/24 18:59:35 - mmengine - INFO - Epoch(val) [48][300/490]    eta: 0:00:09  time: 0.0468  data_time: 0.0041  memory: 879  
2026/03/24 18:59:37 - mmengine - INFO - Epoch(val) [48][350/490]    eta: 0:00:06  time: 0.0463  data_time: 0.0040  memory: 879  
2026/03/24 18:59:39 - mmengine - INFO - Epoch(val) [48][400/490]    eta: 0:00:04  time: 0.0466  data_time: 0.0040  memory: 879  
2026/03/24 18:59:42 - mmengine - INFO - Epoch(val) [48][450/490]    eta: 0:00:01  time: 0.0482  data_time: 0.0043  memory: 879  
2026/03/24 18:59:44 - mmengine - INFO - Evaluating bbox...
2026/03/24 18:59:46 - mmengine - INFO - bbox_mAP_copypaste: 0.463 0.754 0.491 0.110 0.343 0.523
2026/03/24 18:59:46 - mmengine - INFO - Epoch(val) [48][490/490]    coco/bbox_mAP: 0.4630  coco/bbox_mAP_50: 0.7540  coco/bbox_mAP_75: 0.4910  coco/bbox_mAP_s: 0.1100  coco/bbox_mAP_m: 0.3430  coco/bbox_mAP_l: 0.5230  data_time: 0.0045  time: 0.0480
2026/03/24 19:00:23 - mmengine - INFO - Epoch(train) [49][ 50/245]  lr: 2.0000e-02  eta: 1:30:49  time: 0.7324  data_time: 0.0175  memory: 18573  loss: 0.1596  loss_rpn_cls: 0.0019  loss_rpn_bbox: 0.0123  loss_cls: 0.0414  acc: 98.2361  loss_bbox: 0.1040
2026/03/24 19:00:57 - mmengine - INFO - Epoch(train) [49][100/245]  lr: 2.0000e-02  eta: 1:30:14  time: 0.6988  data_time: 0.0027  memory: 18573  loss: 0.1633  loss_rpn_cls: 0.0018  loss_rpn_bbox: 0.0120  loss_cls: 0.0425  acc: 98.4009  loss_bbox: 0.1070
2026/03/24 19:01:33 - mmengine - INFO - Epoch(train) [49][150/245]  lr: 2.0000e-02  eta: 1:29:39  time: 0.7028  data_time: 0.0027  memory: 18573  loss: 0.1613  loss_rpn_cls: 0.0020  loss_rpn_bbox: 0.0119  loss_cls: 0.0427  acc: 97.8333  loss_bbox: 0.1047
2026/03/24 19:02:07 - mmengine - INFO - Epoch(train) [49][200/245]  lr: 2.0000e-02  eta: 1:29:04  time: 0.6939  data_time: 0.0026  memory: 18573  loss: 0.1742  loss_rpn_cls: 0.0023  loss_rpn_bbox: 0.0130  loss_cls: 0.0463  acc: 97.9614  loss_bbox: 0.1126
2026/03/24 19:02:34 - mmengine - INFO - Exp name: faster_rcnn_r50_fpn_ruod_80e_pretrained_20260324_163125
2026/03/24 19:02:38 - mmengine - INFO - Exp name: faster_rcnn_r50_fpn_ruod_80e_pretrained_20260324_163125
2026/03/24 19:03:14 - mmengine - INFO - Epoch(train) [50][ 50/245]  lr: 2.0000e-02  eta: 1:27:57  time: 0.7145  data_time: 0.0158  memory: 18573  loss: 0.1596  loss_rpn_cls: 0.0020  loss_rpn_bbox: 0.0120  loss_cls: 0.0418  acc: 98.1323  loss_bbox: 0.1037
2026/03/24 19:03:49 - mmengine - INFO - Epoch(train) [50][100/245]  lr: 2.0000e-02  eta: 1:27:23  time: 0.7094  data_time: 0.0028  memory: 18573  loss: 0.1602  loss_rpn_cls: 0.0018  loss_rpn_bbox: 0.0122  loss_cls: 0.0422  acc: 98.3948  loss_bbox: 0.1040
2026/03/24 19:04:24 - mmengine - INFO - Epoch(train) [50][150/245]  lr: 2.0000e-02  eta: 1:26:48  time: 0.7025  data_time: 0.0032  memory: 18573  loss: 0.1661  loss_rpn_cls: 0.0020  loss_rpn_bbox: 0.0123  loss_cls: 0.0441  acc: 97.9248  loss_bbox: 0.1077
2026/03/24 19:05:00 - mmengine - INFO - Epoch(train) [50][200/245]  lr: 2.0000e-02  eta: 1:26:13  time: 0.7058  data_time: 0.0024  memory: 18573  loss: 0.1756  loss_rpn_cls: 0.0023  loss_rpn_bbox: 0.0132  loss_cls: 0.0467  acc: 97.7234  loss_bbox: 0.1134
2026/03/24 19:05:32 - mmengine - INFO - Exp name: faster_rcnn_r50_fpn_ruod_80e_pretrained_20260324_163125
2026/03/24 19:05:34 - mmengine - INFO - Epoch(val) [50][ 50/490]    eta: 0:00:20  time: 0.0474  data_time: 0.0052  memory: 18573  
2026/03/24 19:05:36 - mmengine - INFO - Epoch(val) [50][100/490]    eta: 0:00:18  time: 0.0454  data_time: 0.0041  memory: 809  
2026/03/24 19:05:39 - mmengine - INFO - Epoch(val) [50][150/490]    eta: 0:00:15  time: 0.0473  data_time: 0.0043  memory: 879  
2026/03/24 19:05:41 - mmengine - INFO - Epoch(val) [50][200/490]    eta: 0:00:13  time: 0.0495  data_time: 0.0045  memory: 879  
2026/03/24 19:05:43 - mmengine - INFO - Epoch(val) [50][250/490]    eta: 0:00:11  time: 0.0486  data_time: 0.0043  memory: 879  
2026/03/24 19:05:46 - mmengine - INFO - Epoch(val) [50][300/490]    eta: 0:00:09  time: 0.0480  data_time: 0.0043  memory: 879  
2026/03/24 19:05:48 - mmengine - INFO - Epoch(val) [50][350/490]    eta: 0:00:06  time: 0.0471  data_time: 0.0041  memory: 879  
2026/03/24 19:05:51 - mmengine - INFO - Epoch(val) [50][400/490]    eta: 0:00:04  time: 0.0507  data_time: 0.0045  memory: 879  
2026/03/24 19:05:53 - mmengine - INFO - Epoch(val) [50][450/490]    eta: 0:00:01  time: 0.0507  data_time: 0.0046  memory: 879  
2026/03/24 19:05:55 - mmengine - INFO - Evaluating bbox...
2026/03/24 19:05:57 - mmengine - INFO - bbox_mAP_copypaste: 0.460 0.753 0.489 0.105 0.340 0.520
2026/03/24 19:05:58 - mmengine - INFO - Epoch(val) [50][490/490]    coco/bbox_mAP: 0.4600  coco/bbox_mAP_50: 0.7530  coco/bbox_mAP_75: 0.4890  coco/bbox_mAP_s: 0.1050  coco/bbox_mAP_m: 0.3400  coco/bbox_mAP_l: 0.5200  data_time: 0.0044  time: 0.0482
2026/03/24 19:06:34 - mmengine - INFO - Epoch(train) [51][ 50/245]  lr: 2.0000e-02  eta: 1:25:07  time: 0.7242  data_time: 0.0168  memory: 18573  loss: 0.1578  loss_rpn_cls: 0.0020  loss_rpn_bbox: 0.0119  loss_cls: 0.0409  acc: 98.6633  loss_bbox: 0.1030
2026/03/24 19:07:08 - mmengine - INFO - Epoch(train) [51][100/245]  lr: 2.0000e-02  eta: 1:24:32  time: 0.6890  data_time: 0.0027  memory: 18573  loss: 0.1536  loss_rpn_cls: 0.0016  loss_rpn_bbox: 0.0111  loss_cls: 0.0400  acc: 98.1140  loss_bbox: 0.1009
2026/03/24 19:07:43 - mmengine - INFO - Epoch(train) [51][150/245]  lr: 2.0000e-02  eta: 1:23:57  time: 0.6978  data_time: 0.0026  memory: 18573  loss: 0.1588  loss_rpn_cls: 0.0020  loss_rpn_bbox: 0.0120  loss_cls: 0.0424  acc: 98.5718  loss_bbox: 0.1024
2026/03/24 19:08:18 - mmengine - INFO - Epoch(train) [51][200/245]  lr: 2.0000e-02  eta: 1:23:22  time: 0.6980  data_time: 0.0026  memory: 18573  loss: 0.1629  loss_rpn_cls: 0.0021  loss_rpn_bbox: 0.0122  loss_cls: 0.0428  acc: 97.8638  loss_bbox: 0.1058
2026/03/24 19:08:49 - mmengine - INFO - Exp name: faster_rcnn_r50_fpn_ruod_80e_pretrained_20260324_163125
2026/03/24 19:09:26 - mmengine - INFO - Epoch(train) [52][ 50/245]  lr: 2.0000e-02  eta: 1:22:16  time: 0.7258  data_time: 0.0150  memory: 18573  loss: 0.1550  loss_rpn_cls: 0.0019  loss_rpn_bbox: 0.0119  loss_cls: 0.0402  acc: 98.8037  loss_bbox: 0.1010
2026/03/24 19:10:01 - mmengine - INFO - Epoch(train) [52][100/245]  lr: 2.0000e-02  eta: 1:21:41  time: 0.7022  data_time: 0.0025  memory: 18573  loss: 0.1533  loss_rpn_cls: 0.0019  loss_rpn_bbox: 0.0113  loss_cls: 0.0398  acc: 98.2849  loss_bbox: 0.1003
2026/03/24 19:10:36 - mmengine - INFO - Epoch(train) [52][150/245]  lr: 2.0000e-02  eta: 1:21:06  time: 0.6999  data_time: 0.0026  memory: 18573  loss: 0.1563  loss_rpn_cls: 0.0023  loss_rpn_bbox: 0.0116  loss_cls: 0.0411  acc: 97.8149  loss_bbox: 0.1013
2026/03/24 19:11:11 - mmengine - INFO - Epoch(train) [52][200/245]  lr: 2.0000e-02  eta: 1:20:31  time: 0.6982  data_time: 0.0029  memory: 18573  loss: 0.1566  loss_rpn_cls: 0.0019  loss_rpn_bbox: 0.0120  loss_cls: 0.0401  acc: 98.6328  loss_bbox: 0.1025
2026/03/24 19:11:42 - mmengine - INFO - Exp name: faster_rcnn_r50_fpn_ruod_80e_pretrained_20260324_163125
2026/03/24 19:11:44 - mmengine - INFO - Epoch(val) [52][ 50/490]    eta: 0:00:21  time: 0.0493  data_time: 0.0060  memory: 18573  
2026/03/24 19:11:47 - mmengine - INFO - Epoch(val) [52][100/490]    eta: 0:00:18  time: 0.0465  data_time: 0.0042  memory: 809  
2026/03/24 19:11:49 - mmengine - INFO - Epoch(val) [52][150/490]    eta: 0:00:16  time: 0.0468  data_time: 0.0046  memory: 879  
2026/03/24 19:11:51 - mmengine - INFO - Epoch(val) [52][200/490]    eta: 0:00:13  time: 0.0494  data_time: 0.0043  memory: 879  
2026/03/24 19:11:54 - mmengine - INFO - Epoch(val) [52][250/490]    eta: 0:00:11  time: 0.0482  data_time: 0.0042  memory: 879  
2026/03/24 19:11:56 - mmengine - INFO - Epoch(val) [52][300/490]    eta: 0:00:09  time: 0.0479  data_time: 0.0043  memory: 879  
2026/03/24 19:11:59 - mmengine - INFO - Epoch(val) [52][350/490]    eta: 0:00:06  time: 0.0472  data_time: 0.0041  memory: 879  
2026/03/24 19:12:01 - mmengine - INFO - Epoch(val) [52][400/490]    eta: 0:00:04  time: 0.0480  data_time: 0.0043  memory: 879  
2026/03/24 19:12:03 - mmengine - INFO - Epoch(val) [52][450/490]    eta: 0:00:01  time: 0.0493  data_time: 0.0045  memory: 879  
2026/03/24 19:12:06 - mmengine - INFO - Evaluating bbox...
2026/03/24 19:12:08 - mmengine - INFO - bbox_mAP_copypaste: 0.463 0.753 0.491 0.110 0.360 0.521
2026/03/24 19:12:08 - mmengine - INFO - Epoch(val) [52][490/490]    coco/bbox_mAP: 0.4630  coco/bbox_mAP_50: 0.7530  coco/bbox_mAP_75: 0.4910  coco/bbox_mAP_s: 0.1100  coco/bbox_mAP_m: 0.3600  coco/bbox_mAP_l: 0.5210  data_time: 0.0045  time: 0.0480
2026/03/24 19:12:45 - mmengine - INFO - Epoch(train) [53][ 50/245]  lr: 2.0000e-02  eta: 1:19:26  time: 0.7449  data_time: 0.0199  memory: 18573  loss: 0.1559  loss_rpn_cls: 0.0018  loss_rpn_bbox: 0.0119  loss_cls: 0.0415  acc: 98.4741  loss_bbox: 0.1006
2026/03/24 19:13:20 - mmengine - INFO - Epoch(train) [53][100/245]  lr: 2.0000e-02  eta: 1:18:51  time: 0.6974  data_time: 0.0026  memory: 18573  loss: 0.1499  loss_rpn_cls: 0.0017  loss_rpn_bbox: 0.0111  loss_cls: 0.0393  acc: 98.2727  loss_bbox: 0.0978
2026/03/24 19:13:55 - mmengine - INFO - Epoch(train) [53][150/245]  lr: 2.0000e-02  eta: 1:18:16  time: 0.6951  data_time: 0.0027  memory: 18573  loss: 0.1529  loss_rpn_cls: 0.0018  loss_rpn_bbox: 0.0115  loss_cls: 0.0398  acc: 98.3276  loss_bbox: 0.0998
2026/03/24 19:14:30 - mmengine - INFO - Epoch(train) [53][200/245]  lr: 2.0000e-02  eta: 1:17:41  time: 0.7018  data_time: 0.0026  memory: 18573  loss: 0.1586  loss_rpn_cls: 0.0020  loss_rpn_bbox: 0.0122  loss_cls: 0.0416  acc: 98.2788  loss_bbox: 0.1028
2026/03/24 19:15:01 - mmengine - INFO - Exp name: faster_rcnn_r50_fpn_ruod_80e_pretrained_20260324_163125
2026/03/24 19:15:13 - mmengine - INFO - Exp name: faster_rcnn_r50_fpn_ruod_80e_pretrained_20260324_163125
2026/03/24 19:15:38 - mmengine - INFO - Epoch(train) [54][ 50/245]  lr: 2.0000e-03  eta: 1:16:35  time: 0.7416  data_time: 0.0209  memory: 18573  loss: 0.1404  loss_rpn_cls: 0.0016  loss_rpn_bbox: 0.0108  loss_cls: 0.0364  acc: 98.7000  loss_bbox: 0.0916
2026/03/24 19:16:12 - mmengine - INFO - Epoch(train) [54][100/245]  lr: 2.0000e-03  eta: 1:16:00  time: 0.6941  data_time: 0.0031  memory: 18573  loss: 0.1279  loss_rpn_cls: 0.0014  loss_rpn_bbox: 0.0099  loss_cls: 0.0337  acc: 98.7427  loss_bbox: 0.0829
2026/03/24 19:16:47 - mmengine - INFO - Epoch(train) [54][150/245]  lr: 2.0000e-03  eta: 1:15:25  time: 0.7004  data_time: 0.0028  memory: 18573  loss: 0.1236  loss_rpn_cls: 0.0015  loss_rpn_bbox: 0.0096  loss_cls: 0.0323  acc: 98.6450  loss_bbox: 0.0803
2026/03/24 19:17:23 - mmengine - INFO - Epoch(train) [54][200/245]  lr: 2.0000e-03  eta: 1:14:50  time: 0.7035  data_time: 0.0027  memory: 18573  loss: 0.1188  loss_rpn_cls: 0.0013  loss_rpn_bbox: 0.0091  loss_cls: 0.0307  acc: 98.6633  loss_bbox: 0.0778
2026/03/24 19:17:54 - mmengine - INFO - Exp name: faster_rcnn_r50_fpn_ruod_80e_pretrained_20260324_163125
2026/03/24 19:17:56 - mmengine - INFO - Epoch(val) [54][ 50/490]    eta: 0:00:22  time: 0.0502  data_time: 0.0060  memory: 18573  
2026/03/24 19:17:59 - mmengine - INFO - Epoch(val) [54][100/490]    eta: 0:00:18  time: 0.0454  data_time: 0.0040  memory: 809  
2026/03/24 19:18:01 - mmengine - INFO - Epoch(val) [54][150/490]    eta: 0:00:16  time: 0.0469  data_time: 0.0045  memory: 879  
2026/03/24 19:18:04 - mmengine - INFO - Epoch(val) [54][200/490]    eta: 0:00:13  time: 0.0507  data_time: 0.0050  memory: 879  
2026/03/24 19:18:06 - mmengine - INFO - Epoch(val) [54][250/490]    eta: 0:00:11  time: 0.0479  data_time: 0.0041  memory: 879  
2026/03/24 19:18:08 - mmengine - INFO - Epoch(val) [54][300/490]    eta: 0:00:09  time: 0.0482  data_time: 0.0044  memory: 879  
2026/03/24 19:18:11 - mmengine - INFO - Epoch(val) [54][350/490]    eta: 0:00:06  time: 0.0461  data_time: 0.0039  memory: 879  
2026/03/24 19:18:13 - mmengine - INFO - Epoch(val) [54][400/490]    eta: 0:00:04  time: 0.0478  data_time: 0.0042  memory: 879  
2026/03/24 19:18:16 - mmengine - INFO - Epoch(val) [54][450/490]    eta: 0:00:01  time: 0.0486  data_time: 0.0043  memory: 879  
2026/03/24 19:18:18 - mmengine - INFO - Evaluating bbox...
2026/03/24 19:18:20 - mmengine - INFO - bbox_mAP_copypaste: 0.477 0.758 0.515 0.108 0.357 0.539
2026/03/24 19:18:20 - mmengine - INFO - Epoch(val) [54][490/490]    coco/bbox_mAP: 0.4770  coco/bbox_mAP_50: 0.7580  coco/bbox_mAP_75: 0.5150  coco/bbox_mAP_s: 0.1080  coco/bbox_mAP_m: 0.3570  coco/bbox_mAP_l: 0.5390  data_time: 0.0045  time: 0.0479
2026/03/24 19:18:20 - mmengine - INFO - The previous best checkpoint /workspace/aquaculture-perception/runs/mmdet/faster_rcnn_r50_fpn_ruod_80e_pretrained/best_coco_bbox_mAP_epoch_46.pth is removed
2026/03/24 19:18:21 - mmengine - INFO - The best checkpoint with 0.4770 coco/bbox_mAP at 54 epoch is saved to best_coco_bbox_mAP_epoch_54.pth.
2026/03/24 19:18:57 - mmengine - INFO - Epoch(train) [55][ 50/245]  lr: 2.0000e-03  eta: 1:13:44  time: 0.7322  data_time: 0.0157  memory: 18573  loss: 0.1204  loss_rpn_cls: 0.0012  loss_rpn_bbox: 0.0093  loss_cls: 0.0319  acc: 98.8525  loss_bbox: 0.0780
2026/03/24 19:19:32 - mmengine - INFO - Epoch(train) [55][100/245]  lr: 2.0000e-03  eta: 1:13:09  time: 0.6971  data_time: 0.0029  memory: 18573  loss: 0.1148  loss_rpn_cls: 0.0009  loss_rpn_bbox: 0.0092  loss_cls: 0.0302  acc: 98.7915  loss_bbox: 0.0744
2026/03/24 19:20:07 - mmengine - INFO - Epoch(train) [55][150/245]  lr: 2.0000e-03  eta: 1:12:34  time: 0.6930  data_time: 0.0028  memory: 18573  loss: 0.1175  loss_rpn_cls: 0.0011  loss_rpn_bbox: 0.0091  loss_cls: 0.0313  acc: 98.6023  loss_bbox: 0.0760
2026/03/24 19:20:42 - mmengine - INFO - Epoch(train) [55][200/245]  lr: 2.0000e-03  eta: 1:11:59  time: 0.7002  data_time: 0.0027  memory: 18573  loss: 0.1183  loss_rpn_cls: 0.0014  loss_rpn_bbox: 0.0094  loss_cls: 0.0310  acc: 98.7366  loss_bbox: 0.0765
2026/03/24 19:21:13 - mmengine - INFO - Exp name: faster_rcnn_r50_fpn_ruod_80e_pretrained_20260324_163125
2026/03/24 19:21:49 - mmengine - INFO - Epoch(train) [56][ 50/245]  lr: 2.0000e-03  eta: 1:10:53  time: 0.7257  data_time: 0.0185  memory: 18573  loss: 0.1134  loss_rpn_cls: 0.0011  loss_rpn_bbox: 0.0093  loss_cls: 0.0301  acc: 98.9197  loss_bbox: 0.0729
2026/03/24 19:22:24 - mmengine - INFO - Epoch(train) [56][100/245]  lr: 2.0000e-03  eta: 1:10:18  time: 0.7055  data_time: 0.0030  memory: 18573  loss: 0.1101  loss_rpn_cls: 0.0010  loss_rpn_bbox: 0.0089  loss_cls: 0.0292  acc: 99.0051  loss_bbox: 0.0709
2026/03/24 19:23:00 - mmengine - INFO - Epoch(train) [56][150/245]  lr: 2.0000e-03  eta: 1:09:43  time: 0.7050  data_time: 0.0033  memory: 18573  loss: 0.1109  loss_rpn_cls: 0.0013  loss_rpn_bbox: 0.0090  loss_cls: 0.0293  acc: 98.5901  loss_bbox: 0.0714
2026/03/24 19:23:35 - mmengine - INFO - Epoch(train) [56][200/245]  lr: 2.0000e-03  eta: 1:09:08  time: 0.7055  data_time: 0.0031  memory: 18573  loss: 0.1125  loss_rpn_cls: 0.0011  loss_rpn_bbox: 0.0091  loss_cls: 0.0294  acc: 98.5779  loss_bbox: 0.0729
2026/03/24 19:24:06 - mmengine - INFO - Exp name: faster_rcnn_r50_fpn_ruod_80e_pretrained_20260324_163125
2026/03/24 19:24:09 - mmengine - INFO - Epoch(val) [56][ 50/490]    eta: 0:00:21  time: 0.0479  data_time: 0.0058  memory: 18573  
2026/03/24 19:24:11 - mmengine - INFO - Epoch(val) [56][100/490]    eta: 0:00:17  time: 0.0441  data_time: 0.0038  memory: 809  
2026/03/24 19:24:14 - mmengine - INFO - Epoch(val) [56][150/490]    eta: 0:00:16  time: 0.0543  data_time: 0.0096  memory: 879  
2026/03/24 19:24:16 - mmengine - INFO - Epoch(val) [56][200/490]    eta: 0:00:14  time: 0.0541  data_time: 0.0063  memory: 879  
2026/03/24 19:24:19 - mmengine - INFO - Epoch(val) [56][250/490]    eta: 0:00:12  time: 0.0514  data_time: 0.0045  memory: 879  
2026/03/24 19:24:21 - mmengine - INFO - Epoch(val) [56][300/490]    eta: 0:00:09  time: 0.0476  data_time: 0.0042  memory: 879  
2026/03/24 19:24:24 - mmengine - INFO - Epoch(val) [56][350/490]    eta: 0:00:06  time: 0.0469  data_time: 0.0041  memory: 879  
2026/03/24 19:24:26 - mmengine - INFO - Epoch(val) [56][400/490]    eta: 0:00:04  time: 0.0476  data_time: 0.0042  memory: 879  
2026/03/24 19:24:28 - mmengine - INFO - Epoch(val) [56][450/490]    eta: 0:00:01  time: 0.0493  data_time: 0.0045  memory: 879  
2026/03/24 19:24:30 - mmengine - INFO - Evaluating bbox...
2026/03/24 19:24:32 - mmengine - INFO - bbox_mAP_copypaste: 0.478 0.759 0.512 0.109 0.361 0.540
2026/03/24 19:24:32 - mmengine - INFO - Epoch(val) [56][490/490]    coco/bbox_mAP: 0.4780  coco/bbox_mAP_50: 0.7590  coco/bbox_mAP_75: 0.5120  coco/bbox_mAP_s: 0.1090  coco/bbox_mAP_m: 0.3610  coco/bbox_mAP_l: 0.5400  data_time: 0.0051  time: 0.0491
2026/03/24 19:24:32 - mmengine - INFO - The previous best checkpoint /workspace/aquaculture-perception/runs/mmdet/faster_rcnn_r50_fpn_ruod_80e_pretrained/best_coco_bbox_mAP_epoch_54.pth is removed
2026/03/24 19:24:33 - mmengine - INFO - The best checkpoint with 0.4780 coco/bbox_mAP at 56 epoch is saved to best_coco_bbox_mAP_epoch_56.pth.
2026/03/24 19:25:10 - mmengine - INFO - Epoch(train) [57][ 50/245]  lr: 2.0000e-03  eta: 1:08:02  time: 0.7238  data_time: 0.0153  memory: 18573  loss: 0.1070  loss_rpn_cls: 0.0010  loss_rpn_bbox: 0.0088  loss_cls: 0.0286  acc: 98.4558  loss_bbox: 0.0686
2026/03/24 19:25:45 - mmengine - INFO - Epoch(train) [57][100/245]  lr: 2.0000e-03  eta: 1:07:27  time: 0.6996  data_time: 0.0027  memory: 18573  loss: 0.1088  loss_rpn_cls: 0.0010  loss_rpn_bbox: 0.0089  loss_cls: 0.0287  acc: 98.8770  loss_bbox: 0.0702
2026/03/24 19:26:20 - mmengine - INFO - Epoch(train) [57][150/245]  lr: 2.0000e-03  eta: 1:06:52  time: 0.7076  data_time: 0.0029  memory: 18573  loss: 0.1058  loss_rpn_cls: 0.0010  loss_rpn_bbox: 0.0087  loss_cls: 0.0276  acc: 98.9685  loss_bbox: 0.0685
2026/03/24 19:26:55 - mmengine - INFO - Epoch(train) [57][200/245]  lr: 2.0000e-03  eta: 1:06:17  time: 0.7076  data_time: 0.0025  memory: 18573  loss: 0.1057  loss_rpn_cls: 0.0011  loss_rpn_bbox: 0.0087  loss_cls: 0.0276  acc: 98.7305  loss_bbox: 0.0683
2026/03/24 19:27:26 - mmengine - INFO - Exp name: faster_rcnn_r50_fpn_ruod_80e_pretrained_20260324_163125
2026/03/24 19:27:53 - mmengine - INFO - Exp name: faster_rcnn_r50_fpn_ruod_80e_pretrained_20260324_163125
2026/03/24 19:28:03 - mmengine - INFO - Epoch(train) [58][ 50/245]  lr: 2.0000e-03  eta: 1:05:11  time: 0.7361  data_time: 0.0186  memory: 18573  loss: 0.1061  loss_rpn_cls: 0.0010  loss_rpn_bbox: 0.0089  loss_cls: 0.0280  acc: 98.6877  loss_bbox: 0.0683
2026/03/24 19:28:38 - mmengine - INFO - Epoch(train) [58][100/245]  lr: 2.0000e-03  eta: 1:04:36  time: 0.7021  data_time: 0.0031  memory: 18573  loss: 0.1063  loss_rpn_cls: 0.0011  loss_rpn_bbox: 0.0088  loss_cls: 0.0284  acc: 99.0967  loss_bbox: 0.0680
2026/03/24 19:29:13 - mmengine - INFO - Epoch(train) [58][150/245]  lr: 2.0000e-03  eta: 1:04:01  time: 0.6995  data_time: 0.0029  memory: 18573  loss: 0.1023  loss_rpn_cls: 0.0009  loss_rpn_bbox: 0.0085  loss_cls: 0.0272  acc: 99.1821  loss_bbox: 0.0658
2026/03/24 19:29:48 - mmengine - INFO - Epoch(train) [58][200/245]  lr: 2.0000e-03  eta: 1:03:26  time: 0.6972  data_time: 0.0030  memory: 18573  loss: 0.1068  loss_rpn_cls: 0.0010  loss_rpn_bbox: 0.0089  loss_cls: 0.0284  acc: 99.1577  loss_bbox: 0.0684
2026/03/24 19:30:19 - mmengine - INFO - Exp name: faster_rcnn_r50_fpn_ruod_80e_pretrained_20260324_163125
2026/03/24 19:30:21 - mmengine - INFO - Epoch(val) [58][ 50/490]    eta: 0:00:20  time: 0.0466  data_time: 0.0055  memory: 18573  
2026/03/24 19:30:24 - mmengine - INFO - Epoch(val) [58][100/490]    eta: 0:00:17  time: 0.0439  data_time: 0.0038  memory: 809  
2026/03/24 19:30:26 - mmengine - INFO - Epoch(val) [58][150/490]    eta: 0:00:15  time: 0.0471  data_time: 0.0043  memory: 879  
2026/03/24 19:30:28 - mmengine - INFO - Epoch(val) [58][200/490]    eta: 0:00:13  time: 0.0504  data_time: 0.0046  memory: 879  
2026/03/24 19:30:31 - mmengine - INFO - Epoch(val) [58][250/490]    eta: 0:00:11  time: 0.0488  data_time: 0.0045  memory: 879  
2026/03/24 19:30:33 - mmengine - INFO - Epoch(val) [58][300/490]    eta: 0:00:09  time: 0.0476  data_time: 0.0044  memory: 879  
2026/03/24 19:30:36 - mmengine - INFO - Epoch(val) [58][350/490]    eta: 0:00:06  time: 0.0465  data_time: 0.0041  memory: 879  
2026/03/24 19:30:38 - mmengine - INFO - Epoch(val) [58][400/490]    eta: 0:00:04  time: 0.0466  data_time: 0.0041  memory: 879  
2026/03/24 19:30:41 - mmengine - INFO - Epoch(val) [58][450/490]    eta: 0:00:01  time: 0.0528  data_time: 0.0048  memory: 879  
2026/03/24 19:30:43 - mmengine - INFO - Evaluating bbox...
2026/03/24 19:30:45 - mmengine - INFO - bbox_mAP_copypaste: 0.478 0.757 0.511 0.108 0.363 0.539
2026/03/24 19:30:45 - mmengine - INFO - Epoch(val) [58][490/490]    coco/bbox_mAP: 0.4780  coco/bbox_mAP_50: 0.7570  coco/bbox_mAP_75: 0.5110  coco/bbox_mAP_s: 0.1080  coco/bbox_mAP_m: 0.3630  coco/bbox_mAP_l: 0.5390  data_time: 0.0045  time: 0.0479
2026/03/24 19:31:22 - mmengine - INFO - Epoch(train) [59][ 50/245]  lr: 2.0000e-03  eta: 1:02:20  time: 0.7344  data_time: 0.0176  memory: 18573  loss: 0.1003  loss_rpn_cls: 0.0010  loss_rpn_bbox: 0.0083  loss_cls: 0.0262  acc: 99.0234  loss_bbox: 0.0649
2026/03/24 19:31:57 - mmengine - INFO - Epoch(train) [59][100/245]  lr: 2.0000e-03  eta: 1:01:45  time: 0.7012  data_time: 0.0027  memory: 18573  loss: 0.1014  loss_rpn_cls: 0.0010  loss_rpn_bbox: 0.0086  loss_cls: 0.0271  acc: 99.0540  loss_bbox: 0.0647
2026/03/24 19:32:32 - mmengine - INFO - Epoch(train) [59][150/245]  lr: 2.0000e-03  eta: 1:01:10  time: 0.7143  data_time: 0.0026  memory: 18573  loss: 0.1001  loss_rpn_cls: 0.0008  loss_rpn_bbox: 0.0083  loss_cls: 0.0266  acc: 98.7854  loss_bbox: 0.0644
2026/03/24 19:33:08 - mmengine - INFO - Epoch(train) [59][200/245]  lr: 2.0000e-03  eta: 1:00:35  time: 0.7051  data_time: 0.0029  memory: 18573  loss: 0.1052  loss_rpn_cls: 0.0009  loss_rpn_bbox: 0.0089  loss_cls: 0.0282  acc: 98.8098  loss_bbox: 0.0672
2026/03/24 19:33:39 - mmengine - INFO - Exp name: faster_rcnn_r50_fpn_ruod_80e_pretrained_20260324_163125
2026/03/24 19:34:15 - mmengine - INFO - Epoch(train) [60][ 50/245]  lr: 2.0000e-03  eta: 0:59:29  time: 0.7224  data_time: 0.0158  memory: 18573  loss: 0.0971  loss_rpn_cls: 0.0009  loss_rpn_bbox: 0.0081  loss_cls: 0.0259  acc: 99.0479  loss_bbox: 0.0622
2026/03/24 19:34:50 - mmengine - INFO - Epoch(train) [60][100/245]  lr: 2.0000e-03  eta: 0:58:54  time: 0.7045  data_time: 0.0025  memory: 18573  loss: 0.1025  loss_rpn_cls: 0.0010  loss_rpn_bbox: 0.0088  loss_cls: 0.0271  acc: 99.0417  loss_bbox: 0.0657
2026/03/24 19:35:25 - mmengine - INFO - Epoch(train) [60][150/245]  lr: 2.0000e-03  eta: 0:58:19  time: 0.6963  data_time: 0.0027  memory: 18573  loss: 0.0966  loss_rpn_cls: 0.0008  loss_rpn_bbox: 0.0080  loss_cls: 0.0260  acc: 99.1394  loss_bbox: 0.0618
2026/03/24 19:36:00 - mmengine - INFO - Epoch(train) [60][200/245]  lr: 2.0000e-03  eta: 0:57:44  time: 0.7053  data_time: 0.0028  memory: 18573  loss: 0.1030  loss_rpn_cls: 0.0009  loss_rpn_bbox: 0.0087  loss_cls: 0.0277  acc: 99.0356  loss_bbox: 0.0656
2026/03/24 19:36:32 - mmengine - INFO - Exp name: faster_rcnn_r50_fpn_ruod_80e_pretrained_20260324_163125
2026/03/24 19:36:34 - mmengine - INFO - Epoch(val) [60][ 50/490]    eta: 0:00:21  time: 0.0485  data_time: 0.0059  memory: 18573  
2026/03/24 19:36:36 - mmengine - INFO - Epoch(val) [60][100/490]    eta: 0:00:18  time: 0.0451  data_time: 0.0040  memory: 809  
2026/03/24 19:36:39 - mmengine - INFO - Epoch(val) [60][150/490]    eta: 0:00:15  time: 0.0476  data_time: 0.0057  memory: 879  
2026/03/24 19:36:41 - mmengine - INFO - Epoch(val) [60][200/490]    eta: 0:00:13  time: 0.0504  data_time: 0.0042  memory: 879  
2026/03/24 19:36:44 - mmengine - INFO - Epoch(val) [60][250/490]    eta: 0:00:11  time: 0.0475  data_time: 0.0043  memory: 879  
2026/03/24 19:36:46 - mmengine - INFO - Epoch(val) [60][300/490]    eta: 0:00:09  time: 0.0474  data_time: 0.0044  memory: 879  
2026/03/24 19:36:48 - mmengine - INFO - Epoch(val) [60][350/490]    eta: 0:00:06  time: 0.0464  data_time: 0.0040  memory: 879  
2026/03/24 19:36:51 - mmengine - INFO - Epoch(val) [60][400/490]    eta: 0:00:04  time: 0.0459  data_time: 0.0038  memory: 879  
2026/03/24 19:36:53 - mmengine - INFO - Epoch(val) [60][450/490]    eta: 0:00:01  time: 0.0480  data_time: 0.0042  memory: 879  
2026/03/24 19:36:55 - mmengine - INFO - Evaluating bbox...
2026/03/24 19:36:57 - mmengine - INFO - bbox_mAP_copypaste: 0.477 0.757 0.512 0.106 0.362 0.539
2026/03/24 19:36:57 - mmengine - INFO - Epoch(val) [60][490/490]    coco/bbox_mAP: 0.4770  coco/bbox_mAP_50: 0.7570  coco/bbox_mAP_75: 0.5120  coco/bbox_mAP_s: 0.1060  coco/bbox_mAP_m: 0.3620  coco/bbox_mAP_l: 0.5390  data_time: 0.0045  time: 0.0473
2026/03/24 19:37:34 - mmengine - INFO - Epoch(train) [61][ 50/245]  lr: 2.0000e-03  eta: 0:56:38  time: 0.7409  data_time: 0.0237  memory: 18573  loss: 0.0984  loss_rpn_cls: 0.0009  loss_rpn_bbox: 0.0085  loss_cls: 0.0259  acc: 98.9258  loss_bbox: 0.0631
2026/03/24 19:38:09 - mmengine - INFO - Epoch(train) [61][100/245]  lr: 2.0000e-03  eta: 0:56:03  time: 0.7030  data_time: 0.0028  memory: 18573  loss: 0.1007  loss_rpn_cls: 0.0010  loss_rpn_bbox: 0.0086  loss_cls: 0.0270  acc: 98.9929  loss_bbox: 0.0641
2026/03/24 19:38:44 - mmengine - INFO - Epoch(train) [61][150/245]  lr: 2.0000e-03  eta: 0:55:28  time: 0.7034  data_time: 0.0028  memory: 18573  loss: 0.0975  loss_rpn_cls: 0.0011  loss_rpn_bbox: 0.0086  loss_cls: 0.0255  acc: 99.0479  loss_bbox: 0.0623
2026/03/24 19:39:19 - mmengine - INFO - Epoch(train) [61][200/245]  lr: 2.0000e-03  eta: 0:54:53  time: 0.6988  data_time: 0.0028  memory: 18573  loss: 0.0991  loss_rpn_cls: 0.0008  loss_rpn_bbox: 0.0082  loss_cls: 0.0267  acc: 98.9563  loss_bbox: 0.0633
2026/03/24 19:39:51 - mmengine - INFO - Exp name: faster_rcnn_r50_fpn_ruod_80e_pretrained_20260324_163125
2026/03/24 19:40:27 - mmengine - INFO - Epoch(train) [62][ 50/245]  lr: 2.0000e-03  eta: 0:53:47  time: 0.7345  data_time: 0.0226  memory: 18573  loss: 0.0943  loss_rpn_cls: 0.0009  loss_rpn_bbox: 0.0082  loss_cls: 0.0252  acc: 98.9319  loss_bbox: 0.0600
2026/03/24 19:40:31 - mmengine - INFO - Exp name: faster_rcnn_r50_fpn_ruod_80e_pretrained_20260324_163125
2026/03/24 19:41:02 - mmengine - INFO - Epoch(train) [62][100/245]  lr: 2.0000e-03  eta: 0:53:12  time: 0.6925  data_time: 0.0027  memory: 18573  loss: 0.0996  loss_rpn_cls: 0.0009  loss_rpn_bbox: 0.0085  loss_cls: 0.0270  acc: 99.2920  loss_bbox: 0.0632
2026/03/24 19:41:37 - mmengine - INFO - Epoch(train) [62][150/245]  lr: 2.0000e-03  eta: 0:52:37  time: 0.7010  data_time: 0.0026  memory: 18573  loss: 0.0938  loss_rpn_cls: 0.0009  loss_rpn_bbox: 0.0081  loss_cls: 0.0247  acc: 98.9197  loss_bbox: 0.0601
2026/03/24 19:42:12 - mmengine - INFO - Epoch(train) [62][200/245]  lr: 2.0000e-03  eta: 0:52:02  time: 0.7079  data_time: 0.0027  memory: 18573  loss: 0.0979  loss_rpn_cls: 0.0010  loss_rpn_bbox: 0.0085  loss_cls: 0.0262  acc: 98.8525  loss_bbox: 0.0623
2026/03/24 19:42:44 - mmengine - INFO - Exp name: faster_rcnn_r50_fpn_ruod_80e_pretrained_20260324_163125
2026/03/24 19:42:47 - mmengine - INFO - Epoch(val) [62][ 50/490]    eta: 0:00:21  time: 0.0492  data_time: 0.0060  memory: 18573  
2026/03/24 19:42:49 - mmengine - INFO - Epoch(val) [62][100/490]    eta: 0:00:18  time: 0.0475  data_time: 0.0045  memory: 808  
2026/03/24 19:42:51 - mmengine - INFO - Epoch(val) [62][150/490]    eta: 0:00:16  time: 0.0488  data_time: 0.0050  memory: 879  
2026/03/24 19:42:54 - mmengine - INFO - Epoch(val) [62][200/490]    eta: 0:00:14  time: 0.0526  data_time: 0.0049  memory: 879  
2026/03/24 19:42:57 - mmengine - INFO - Epoch(val) [62][250/490]    eta: 0:00:12  time: 0.0538  data_time: 0.0052  memory: 879  
2026/03/24 19:42:59 - mmengine - INFO - Epoch(val) [62][300/490]    eta: 0:00:09  time: 0.0491  data_time: 0.0048  memory: 879  
2026/03/24 19:43:02 - mmengine - INFO - Epoch(val) [62][350/490]    eta: 0:00:07  time: 0.0492  data_time: 0.0047  memory: 879  
2026/03/24 19:43:04 - mmengine - INFO - Epoch(val) [62][400/490]    eta: 0:00:04  time: 0.0493  data_time: 0.0048  memory: 879  
2026/03/24 19:43:07 - mmengine - INFO - Epoch(val) [62][450/490]    eta: 0:00:01  time: 0.0498  data_time: 0.0047  memory: 879  
2026/03/24 19:43:09 - mmengine - INFO - Evaluating bbox...
2026/03/24 19:43:11 - mmengine - INFO - bbox_mAP_copypaste: 0.476 0.755 0.508 0.108 0.361 0.538
2026/03/24 19:43:11 - mmengine - INFO - Epoch(val) [62][490/490]    coco/bbox_mAP: 0.4760  coco/bbox_mAP_50: 0.7550  coco/bbox_mAP_75: 0.5080  coco/bbox_mAP_s: 0.1080  coco/bbox_mAP_m: 0.3610  coco/bbox_mAP_l: 0.5380  data_time: 0.0049  time: 0.0499
2026/03/24 19:43:49 - mmengine - INFO - Epoch(train) [63][ 50/245]  lr: 2.0000e-03  eta: 0:50:56  time: 0.7559  data_time: 0.0129  memory: 18573  loss: 0.0966  loss_rpn_cls: 0.0010  loss_rpn_bbox: 0.0085  loss_cls: 0.0260  acc: 99.2798  loss_bbox: 0.0612
2026/03/24 19:44:26 - mmengine - INFO - Epoch(train) [63][100/245]  lr: 2.0000e-03  eta: 0:50:22  time: 0.7348  data_time: 0.0027  memory: 18573  loss: 0.0948  loss_rpn_cls: 0.0008  loss_rpn_bbox: 0.0080  loss_cls: 0.0257  acc: 98.9380  loss_bbox: 0.0603
2026/03/24 19:45:01 - mmengine - INFO - Epoch(train) [63][150/245]  lr: 2.0000e-03  eta: 0:49:47  time: 0.7174  data_time: 0.0023  memory: 18573  loss: 0.0942  loss_rpn_cls: 0.0009  loss_rpn_bbox: 0.0081  loss_cls: 0.0255  acc: 99.1089  loss_bbox: 0.0597
2026/03/24 19:45:38 - mmengine - INFO - Epoch(train) [63][200/245]  lr: 2.0000e-03  eta: 0:49:12  time: 0.7400  data_time: 0.0024  memory: 18573  loss: 0.0923  loss_rpn_cls: 0.0008  loss_rpn_bbox: 0.0080  loss_cls: 0.0244  acc: 98.9014  loss_bbox: 0.0592
2026/03/24 19:46:11 - mmengine - INFO - Exp name: faster_rcnn_r50_fpn_ruod_80e_pretrained_20260324_163125
2026/03/24 19:46:47 - mmengine - INFO - Epoch(train) [64][ 50/245]  lr: 2.0000e-03  eta: 0:48:06  time: 0.7235  data_time: 0.0095  memory: 18573  loss: 0.0942  loss_rpn_cls: 0.0009  loss_rpn_bbox: 0.0082  loss_cls: 0.0252  acc: 99.3042  loss_bbox: 0.0600
2026/03/24 19:47:22 - mmengine - INFO - Epoch(train) [64][100/245]  lr: 2.0000e-03  eta: 0:47:31  time: 0.6996  data_time: 0.0026  memory: 18573  loss: 0.0939  loss_rpn_cls: 0.0009  loss_rpn_bbox: 0.0082  loss_cls: 0.0255  acc: 98.9319  loss_bbox: 0.0594
2026/03/24 19:47:58 - mmengine - INFO - Epoch(train) [64][150/245]  lr: 2.0000e-03  eta: 0:46:56  time: 0.7065  data_time: 0.0029  memory: 18573  loss: 0.0931  loss_rpn_cls: 0.0009  loss_rpn_bbox: 0.0080  loss_cls: 0.0248  acc: 99.0112  loss_bbox: 0.0593
2026/03/24 19:48:33 - mmengine - INFO - Epoch(train) [64][200/245]  lr: 2.0000e-03  eta: 0:46:21  time: 0.7063  data_time: 0.0027  memory: 18573  loss: 0.0936  loss_rpn_cls: 0.0010  loss_rpn_bbox: 0.0081  loss_cls: 0.0255  acc: 98.9990  loss_bbox: 0.0590
2026/03/24 19:49:04 - mmengine - INFO - Exp name: faster_rcnn_r50_fpn_ruod_80e_pretrained_20260324_163125
2026/03/24 19:49:07 - mmengine - INFO - Epoch(val) [64][ 50/490]    eta: 0:00:21  time: 0.0480  data_time: 0.0061  memory: 18573  
2026/03/24 19:49:09 - mmengine - INFO - Epoch(val) [64][100/490]    eta: 0:00:18  time: 0.0451  data_time: 0.0041  memory: 808  
2026/03/24 19:49:11 - mmengine - INFO - Epoch(val) [64][150/490]    eta: 0:00:15  time: 0.0475  data_time: 0.0061  memory: 879  
2026/03/24 19:49:14 - mmengine - INFO - Epoch(val) [64][200/490]    eta: 0:00:13  time: 0.0494  data_time: 0.0045  memory: 879  
2026/03/24 19:49:16 - mmengine - INFO - Epoch(val) [64][250/490]    eta: 0:00:11  time: 0.0481  data_time: 0.0042  memory: 879  
2026/03/24 19:49:19 - mmengine - INFO - Epoch(val) [64][300/490]    eta: 0:00:09  time: 0.0472  data_time: 0.0043  memory: 879  
2026/03/24 19:49:21 - mmengine - INFO - Epoch(val) [64][350/490]    eta: 0:00:06  time: 0.0517  data_time: 0.0048  memory: 879  
2026/03/24 19:49:24 - mmengine - INFO - Epoch(val) [64][400/490]    eta: 0:00:04  time: 0.0491  data_time: 0.0045  memory: 879  
2026/03/24 19:49:26 - mmengine - INFO - Epoch(val) [64][450/490]    eta: 0:00:01  time: 0.0485  data_time: 0.0043  memory: 879  
2026/03/24 19:49:28 - mmengine - INFO - Evaluating bbox...
2026/03/24 19:49:30 - mmengine - INFO - bbox_mAP_copypaste: 0.475 0.754 0.511 0.106 0.353 0.537
2026/03/24 19:49:30 - mmengine - INFO - Epoch(val) [64][490/490]    coco/bbox_mAP: 0.4750  coco/bbox_mAP_50: 0.7540  coco/bbox_mAP_75: 0.5110  coco/bbox_mAP_s: 0.1060  coco/bbox_mAP_m: 0.3530  coco/bbox_mAP_l: 0.5370  data_time: 0.0047  time: 0.0483
2026/03/24 19:50:07 - mmengine - INFO - Epoch(train) [65][ 50/245]  lr: 2.0000e-03  eta: 0:45:15  time: 0.7463  data_time: 0.0197  memory: 18573  loss: 0.0944  loss_rpn_cls: 0.0009  loss_rpn_bbox: 0.0083  loss_cls: 0.0255  acc: 98.7366  loss_bbox: 0.0596
2026/03/24 19:50:45 - mmengine - INFO - Epoch(train) [65][100/245]  lr: 2.0000e-03  eta: 0:44:40  time: 0.7431  data_time: 0.0029  memory: 18573  loss: 0.0915  loss_rpn_cls: 0.0008  loss_rpn_bbox: 0.0079  loss_cls: 0.0247  acc: 99.0479  loss_bbox: 0.0580
2026/03/24 19:51:22 - mmengine - INFO - Epoch(train) [65][150/245]  lr: 2.0000e-03  eta: 0:44:06  time: 0.7547  data_time: 0.0035  memory: 18573  loss: 0.0914  loss_rpn_cls: 0.0008  loss_rpn_bbox: 0.0080  loss_cls: 0.0240  acc: 98.7610  loss_bbox: 0.0586
2026/03/24 19:51:59 - mmengine - INFO - Epoch(train) [65][200/245]  lr: 2.0000e-03  eta: 0:43:31  time: 0.7368  data_time: 0.0025  memory: 18573  loss: 0.0938  loss_rpn_cls: 0.0009  loss_rpn_bbox: 0.0082  loss_cls: 0.0254  acc: 99.2126  loss_bbox: 0.0593
2026/03/24 19:52:32 - mmengine - INFO - Exp name: faster_rcnn_r50_fpn_ruod_80e_pretrained_20260324_163125
2026/03/24 19:53:09 - mmengine - INFO - Epoch(train) [66][ 50/245]  lr: 2.0000e-03  eta: 0:42:25  time: 0.7477  data_time: 0.0133  memory: 18573  loss: 0.0885  loss_rpn_cls: 0.0009  loss_rpn_bbox: 0.0077  loss_cls: 0.0238  acc: 98.8647  loss_bbox: 0.0560
2026/03/24 19:53:28 - mmengine - INFO - Exp name: faster_rcnn_r50_fpn_ruod_80e_pretrained_20260324_163125
2026/03/24 19:53:46 - mmengine - INFO - Epoch(train) [66][100/245]  lr: 2.0000e-03  eta: 0:41:51  time: 0.7372  data_time: 0.0025  memory: 18573  loss: 0.0947  loss_rpn_cls: 0.0009  loss_rpn_bbox: 0.0084  loss_cls: 0.0256  acc: 99.0601  loss_bbox: 0.0598
2026/03/24 19:54:23 - mmengine - INFO - Epoch(train) [66][150/245]  lr: 2.0000e-03  eta: 0:41:16  time: 0.7369  data_time: 0.0025  memory: 18573  loss: 0.0929  loss_rpn_cls: 0.0009  loss_rpn_bbox: 0.0080  loss_cls: 0.0251  acc: 99.1150  loss_bbox: 0.0589
2026/03/24 19:55:00 - mmengine - INFO - Epoch(train) [66][200/245]  lr: 2.0000e-03  eta: 0:40:41  time: 0.7438  data_time: 0.0024  memory: 18573  loss: 0.0909  loss_rpn_cls: 0.0009  loss_rpn_bbox: 0.0082  loss_cls: 0.0243  acc: 98.6877  loss_bbox: 0.0574
2026/03/24 19:55:33 - mmengine - INFO - Exp name: faster_rcnn_r50_fpn_ruod_80e_pretrained_20260324_163125
2026/03/24 19:55:36 - mmengine - INFO - Epoch(val) [66][ 50/490]    eta: 0:00:21  time: 0.0483  data_time: 0.0056  memory: 18573  
2026/03/24 19:55:38 - mmengine - INFO - Epoch(val) [66][100/490]    eta: 0:00:18  time: 0.0476  data_time: 0.0045  memory: 808  
2026/03/24 19:55:41 - mmengine - INFO - Epoch(val) [66][150/490]    eta: 0:00:16  time: 0.0496  data_time: 0.0052  memory: 879  
2026/03/24 19:55:44 - mmengine - INFO - Epoch(val) [66][200/490]    eta: 0:00:14  time: 0.0590  data_time: 0.0106  memory: 879  
2026/03/24 19:55:46 - mmengine - INFO - Epoch(val) [66][250/490]    eta: 0:00:12  time: 0.0561  data_time: 0.0052  memory: 879  
2026/03/24 19:55:49 - mmengine - INFO - Epoch(val) [66][300/490]    eta: 0:00:09  time: 0.0540  data_time: 0.0054  memory: 879  
2026/03/24 19:55:52 - mmengine - INFO - Epoch(val) [66][350/490]    eta: 0:00:07  time: 0.0494  data_time: 0.0047  memory: 879  
2026/03/24 19:55:54 - mmengine - INFO - Epoch(val) [66][400/490]    eta: 0:00:04  time: 0.0507  data_time: 0.0048  memory: 879  
2026/03/24 19:55:57 - mmengine - INFO - Epoch(val) [66][450/490]    eta: 0:00:02  time: 0.0509  data_time: 0.0049  memory: 879  
2026/03/24 19:55:59 - mmengine - INFO - Evaluating bbox...
2026/03/24 19:56:01 - mmengine - INFO - bbox_mAP_copypaste: 0.474 0.751 0.506 0.105 0.354 0.536
2026/03/24 19:56:01 - mmengine - INFO - Epoch(val) [66][490/490]    coco/bbox_mAP: 0.4740  coco/bbox_mAP_50: 0.7510  coco/bbox_mAP_75: 0.5060  coco/bbox_mAP_s: 0.1050  coco/bbox_mAP_m: 0.3540  coco/bbox_mAP_l: 0.5360  data_time: 0.0056  time: 0.0516
2026/03/24 19:56:39 - mmengine - INFO - Epoch(train) [67][ 50/245]  lr: 2.0000e-03  eta: 0:39:35  time: 0.7539  data_time: 0.0133  memory: 18573  loss: 0.0852  loss_rpn_cls: 0.0008  loss_rpn_bbox: 0.0073  loss_cls: 0.0228  acc: 99.2798  loss_bbox: 0.0543
2026/03/24 19:57:16 - mmengine - INFO - Epoch(train) [67][100/245]  lr: 2.0000e-03  eta: 0:39:00  time: 0.7390  data_time: 0.0025  memory: 18573  loss: 0.0943  loss_rpn_cls: 0.0010  loss_rpn_bbox: 0.0086  loss_cls: 0.0256  acc: 99.0601  loss_bbox: 0.0591
2026/03/24 19:57:53 - mmengine - INFO - Epoch(train) [67][150/245]  lr: 2.0000e-03  eta: 0:38:26  time: 0.7418  data_time: 0.0028  memory: 18573  loss: 0.0899  loss_rpn_cls: 0.0008  loss_rpn_bbox: 0.0081  loss_cls: 0.0241  acc: 99.3469  loss_bbox: 0.0569
2026/03/24 19:58:30 - mmengine - INFO - Epoch(train) [67][200/245]  lr: 2.0000e-03  eta: 0:37:51  time: 0.7449  data_time: 0.0027  memory: 18573  loss: 0.0900  loss_rpn_cls: 0.0009  loss_rpn_bbox: 0.0081  loss_cls: 0.0244  acc: 98.7366  loss_bbox: 0.0566
2026/03/24 19:59:03 - mmengine - INFO - Exp name: faster_rcnn_r50_fpn_ruod_80e_pretrained_20260324_163125
2026/03/24 19:59:41 - mmengine - INFO - Epoch(train) [68][ 50/245]  lr: 2.0000e-03  eta: 0:36:45  time: 0.7593  data_time: 0.0113  memory: 18573  loss: 0.0922  loss_rpn_cls: 0.0009  loss_rpn_bbox: 0.0083  loss_cls: 0.0249  acc: 98.9746  loss_bbox: 0.0581
2026/03/24 20:00:18 - mmengine - INFO - Epoch(train) [68][100/245]  lr: 2.0000e-03  eta: 0:36:10  time: 0.7439  data_time: 0.0026  memory: 18573  loss: 0.0858  loss_rpn_cls: 0.0009  loss_rpn_bbox: 0.0077  loss_cls: 0.0227  acc: 99.1821  loss_bbox: 0.0545
2026/03/24 20:00:56 - mmengine - INFO - Epoch(train) [68][150/245]  lr: 2.0000e-03  eta: 0:35:35  time: 0.7454  data_time: 0.0028  memory: 18573  loss: 0.0856  loss_rpn_cls: 0.0008  loss_rpn_bbox: 0.0077  loss_cls: 0.0230  acc: 99.0967  loss_bbox: 0.0541
2026/03/24 20:01:33 - mmengine - INFO - Epoch(train) [68][200/245]  lr: 2.0000e-03  eta: 0:35:00  time: 0.7414  data_time: 0.0026  memory: 18573  loss: 0.0895  loss_rpn_cls: 0.0008  loss_rpn_bbox: 0.0079  loss_cls: 0.0245  acc: 98.7610  loss_bbox: 0.0564
2026/03/24 20:02:05 - mmengine - INFO - Exp name: faster_rcnn_r50_fpn_ruod_80e_pretrained_20260324_163125
2026/03/24 20:02:08 - mmengine - INFO - Epoch(val) [68][ 50/490]    eta: 0:00:22  time: 0.0507  data_time: 0.0062  memory: 18573  
2026/03/24 20:02:10 - mmengine - INFO - Epoch(val) [68][100/490]    eta: 0:00:19  time: 0.0488  data_time: 0.0050  memory: 808  
2026/03/24 20:02:13 - mmengine - INFO - Epoch(val) [68][150/490]    eta: 0:00:16  time: 0.0490  data_time: 0.0049  memory: 879  
2026/03/24 20:02:15 - mmengine - INFO - Epoch(val) [68][200/490]    eta: 0:00:14  time: 0.0537  data_time: 0.0075  memory: 879  
2026/03/24 20:02:18 - mmengine - INFO - Epoch(val) [68][250/490]    eta: 0:00:12  time: 0.0517  data_time: 0.0053  memory: 879  
2026/03/24 20:02:20 - mmengine - INFO - Epoch(val) [68][300/490]    eta: 0:00:09  time: 0.0502  data_time: 0.0048  memory: 879  
2026/03/24 20:02:23 - mmengine - INFO - Epoch(val) [68][350/490]    eta: 0:00:07  time: 0.0500  data_time: 0.0047  memory: 879  
2026/03/24 20:02:25 - mmengine - INFO - Epoch(val) [68][400/490]    eta: 0:00:04  time: 0.0497  data_time: 0.0047  memory: 879  
2026/03/24 20:02:28 - mmengine - INFO - Epoch(val) [68][450/490]    eta: 0:00:02  time: 0.0504  data_time: 0.0048  memory: 879  
2026/03/24 20:02:30 - mmengine - INFO - Evaluating bbox...
2026/03/24 20:02:32 - mmengine - INFO - bbox_mAP_copypaste: 0.474 0.750 0.506 0.103 0.353 0.536
2026/03/24 20:02:32 - mmengine - INFO - Epoch(val) [68][490/490]    coco/bbox_mAP: 0.4740  coco/bbox_mAP_50: 0.7500  coco/bbox_mAP_75: 0.5060  coco/bbox_mAP_s: 0.1030  coco/bbox_mAP_m: 0.3530  coco/bbox_mAP_l: 0.5360  data_time: 0.0053  time: 0.0504
2026/03/24 20:03:11 - mmengine - INFO - Epoch(train) [69][ 50/245]  lr: 2.0000e-03  eta: 0:33:54  time: 0.7716  data_time: 0.0133  memory: 18573  loss: 0.0848  loss_rpn_cls: 0.0007  loss_rpn_bbox: 0.0074  loss_cls: 0.0227  acc: 98.9868  loss_bbox: 0.0540
2026/03/24 20:03:49 - mmengine - INFO - Epoch(train) [69][100/245]  lr: 2.0000e-03  eta: 0:33:20  time: 0.7600  data_time: 0.0115  memory: 18573  loss: 0.0885  loss_rpn_cls: 0.0010  loss_rpn_bbox: 0.0081  loss_cls: 0.0238  acc: 99.2004  loss_bbox: 0.0557
2026/03/24 20:04:26 - mmengine - INFO - Epoch(train) [69][150/245]  lr: 2.0000e-03  eta: 0:32:45  time: 0.7380  data_time: 0.0043  memory: 18573  loss: 0.0871  loss_rpn_cls: 0.0008  loss_rpn_bbox: 0.0080  loss_cls: 0.0234  acc: 98.9075  loss_bbox: 0.0550
2026/03/24 20:05:02 - mmengine - INFO - Epoch(train) [69][200/245]  lr: 2.0000e-03  eta: 0:32:10  time: 0.7172  data_time: 0.0029  memory: 18573  loss: 0.0897  loss_rpn_cls: 0.0008  loss_rpn_bbox: 0.0081  loss_cls: 0.0243  acc: 98.9197  loss_bbox: 0.0566
2026/03/24 20:05:33 - mmengine - INFO - Exp name: faster_rcnn_r50_fpn_ruod_80e_pretrained_20260324_163125
2026/03/24 20:06:09 - mmengine - INFO - Epoch(train) [70][ 50/245]  lr: 2.0000e-03  eta: 0:31:03  time: 0.7283  data_time: 0.0169  memory: 18573  loss: 0.0844  loss_rpn_cls: 0.0007  loss_rpn_bbox: 0.0075  loss_cls: 0.0231  acc: 99.0967  loss_bbox: 0.0530
2026/03/24 20:06:41 - mmengine - INFO - Exp name: faster_rcnn_r50_fpn_ruod_80e_pretrained_20260324_163125
2026/03/24 20:06:44 - mmengine - INFO - Epoch(train) [70][100/245]  lr: 2.0000e-03  eta: 0:30:28  time: 0.7031  data_time: 0.0029  memory: 18573  loss: 0.0856  loss_rpn_cls: 0.0008  loss_rpn_bbox: 0.0075  loss_cls: 0.0236  acc: 98.6816  loss_bbox: 0.0537
2026/03/24 20:07:20 - mmengine - INFO - Epoch(train) [70][150/245]  lr: 2.0000e-03  eta: 0:29:52  time: 0.7051  data_time: 0.0029  memory: 18573  loss: 0.0863  loss_rpn_cls: 0.0008  loss_rpn_bbox: 0.0079  loss_cls: 0.0234  acc: 98.9502  loss_bbox: 0.0542
2026/03/24 20:07:55 - mmengine - INFO - Epoch(train) [70][200/245]  lr: 2.0000e-03  eta: 0:29:17  time: 0.6968  data_time: 0.0031  memory: 18573  loss: 0.0898  loss_rpn_cls: 0.0009  loss_rpn_bbox: 0.0083  loss_cls: 0.0239  acc: 99.2798  loss_bbox: 0.0566
2026/03/24 20:08:26 - mmengine - INFO - Exp name: faster_rcnn_r50_fpn_ruod_80e_pretrained_20260324_163125
2026/03/24 20:08:28 - mmengine - INFO - Epoch(val) [70][ 50/490]    eta: 0:00:21  time: 0.0481  data_time: 0.0061  memory: 18573  
2026/03/24 20:08:30 - mmengine - INFO - Epoch(val) [70][100/490]    eta: 0:00:18  time: 0.0451  data_time: 0.0041  memory: 808  
2026/03/24 20:08:33 - mmengine - INFO - Epoch(val) [70][150/490]    eta: 0:00:15  time: 0.0471  data_time: 0.0049  memory: 879  
2026/03/24 20:08:35 - mmengine - INFO - Epoch(val) [70][200/490]    eta: 0:00:14  time: 0.0545  data_time: 0.0088  memory: 879  
2026/03/24 20:08:38 - mmengine - INFO - Epoch(val) [70][250/490]    eta: 0:00:11  time: 0.0494  data_time: 0.0049  memory: 879  
2026/03/24 20:08:40 - mmengine - INFO - Epoch(val) [70][300/490]    eta: 0:00:09  time: 0.0489  data_time: 0.0047  memory: 879  
2026/03/24 20:08:43 - mmengine - INFO - Epoch(val) [70][350/490]    eta: 0:00:06  time: 0.0468  data_time: 0.0041  memory: 879  
2026/03/24 20:08:45 - mmengine - INFO - Epoch(val) [70][400/490]    eta: 0:00:04  time: 0.0485  data_time: 0.0045  memory: 879  
2026/03/24 20:08:48 - mmengine - INFO - Epoch(val) [70][450/490]    eta: 0:00:01  time: 0.0498  data_time: 0.0052  memory: 879  
2026/03/24 20:08:50 - mmengine - INFO - Evaluating bbox...
2026/03/24 20:08:51 - mmengine - INFO - bbox_mAP_copypaste: 0.473 0.749 0.502 0.107 0.355 0.535
2026/03/24 20:08:52 - mmengine - INFO - Epoch(val) [70][490/490]    coco/bbox_mAP: 0.4730  coco/bbox_mAP_50: 0.7490  coco/bbox_mAP_75: 0.5020  coco/bbox_mAP_s: 0.1070  coco/bbox_mAP_m: 0.3550  coco/bbox_mAP_l: 0.5350  data_time: 0.0052  time: 0.0486
2026/03/24 20:09:28 - mmengine - INFO - Epoch(train) [71][ 50/245]  lr: 2.0000e-03  eta: 0:28:10  time: 0.7390  data_time: 0.0167  memory: 18573  loss: 0.0872  loss_rpn_cls: 0.0008  loss_rpn_bbox: 0.0080  loss_cls: 0.0236  acc: 98.6694  loss_bbox: 0.0548
2026/03/24 20:10:04 - mmengine - INFO - Epoch(train) [71][100/245]  lr: 2.0000e-03  eta: 0:27:35  time: 0.7002  data_time: 0.0028  memory: 18573  loss: 0.0866  loss_rpn_cls: 0.0010  loss_rpn_bbox: 0.0077  loss_cls: 0.0240  acc: 99.0234  loss_bbox: 0.0539
2026/03/24 20:10:39 - mmengine - INFO - Epoch(train) [71][150/245]  lr: 2.0000e-03  eta: 0:27:00  time: 0.7063  data_time: 0.0030  memory: 18573  loss: 0.0844  loss_rpn_cls: 0.0008  loss_rpn_bbox: 0.0077  loss_cls: 0.0226  acc: 99.1577  loss_bbox: 0.0533
2026/03/24 20:11:14 - mmengine - INFO - Epoch(train) [71][200/245]  lr: 2.0000e-03  eta: 0:26:25  time: 0.7075  data_time: 0.0026  memory: 18573  loss: 0.0864  loss_rpn_cls: 0.0008  loss_rpn_bbox: 0.0078  loss_cls: 0.0232  acc: 98.8708  loss_bbox: 0.0547
2026/03/24 20:11:45 - mmengine - INFO - Exp name: faster_rcnn_r50_fpn_ruod_80e_pretrained_20260324_163125
2026/03/24 20:12:22 - mmengine - INFO - Epoch(train) [72][ 50/245]  lr: 2.0000e-03  eta: 0:25:18  time: 0.7340  data_time: 0.0180  memory: 18573  loss: 0.0875  loss_rpn_cls: 0.0008  loss_rpn_bbox: 0.0082  loss_cls: 0.0235  acc: 98.9746  loss_bbox: 0.0550
2026/03/24 20:12:57 - mmengine - INFO - Epoch(train) [72][100/245]  lr: 2.0000e-03  eta: 0:24:42  time: 0.7003  data_time: 0.0026  memory: 18573  loss: 0.0831  loss_rpn_cls: 0.0008  loss_rpn_bbox: 0.0074  loss_cls: 0.0224  acc: 99.3591  loss_bbox: 0.0526
2026/03/24 20:13:32 - mmengine - INFO - Epoch(train) [72][150/245]  lr: 2.0000e-03  eta: 0:24:07  time: 0.7050  data_time: 0.0030  memory: 18573  loss: 0.0824  loss_rpn_cls: 0.0008  loss_rpn_bbox: 0.0075  loss_cls: 0.0221  acc: 99.2432  loss_bbox: 0.0521
2026/03/24 20:14:07 - mmengine - INFO - Epoch(train) [72][200/245]  lr: 2.0000e-03  eta: 0:23:32  time: 0.6990  data_time: 0.0026  memory: 18573  loss: 0.0840  loss_rpn_cls: 0.0007  loss_rpn_bbox: 0.0075  loss_cls: 0.0232  acc: 98.8037  loss_bbox: 0.0526
2026/03/24 20:14:38 - mmengine - INFO - Exp name: faster_rcnn_r50_fpn_ruod_80e_pretrained_20260324_163125
2026/03/24 20:14:43 - mmengine - INFO - Epoch(val) [72][ 50/490]    eta: 0:00:38  time: 0.0879  data_time: 0.0355  memory: 18573  
2026/03/24 20:14:45 - mmengine - INFO - Epoch(val) [72][100/490]    eta: 0:00:26  time: 0.0468  data_time: 0.0046  memory: 808  
2026/03/24 20:14:49 - mmengine - INFO - Epoch(val) [72][150/490]    eta: 0:00:24  time: 0.0815  data_time: 0.0334  memory: 879  
2026/03/24 20:14:52 - mmengine - INFO - Epoch(val) [72][200/490]    eta: 0:00:19  time: 0.0550  data_time: 0.0091  memory: 879  
2026/03/24 20:14:54 - mmengine - INFO - Epoch(val) [72][250/490]    eta: 0:00:15  time: 0.0511  data_time: 0.0059  memory: 879  
2026/03/24 20:14:57 - mmengine - INFO - Epoch(val) [72][300/490]    eta: 0:00:11  time: 0.0475  data_time: 0.0043  memory: 879  
2026/03/24 20:14:59 - mmengine - INFO - Epoch(val) [72][350/490]    eta: 0:00:08  time: 0.0482  data_time: 0.0043  memory: 879  
2026/03/24 20:15:02 - mmengine - INFO - Epoch(val) [72][400/490]    eta: 0:00:05  time: 0.0486  data_time: 0.0045  memory: 879  
2026/03/24 20:15:04 - mmengine - INFO - Epoch(val) [72][450/490]    eta: 0:00:02  time: 0.0496  data_time: 0.0055  memory: 879  
2026/03/24 20:15:06 - mmengine - INFO - Evaluating bbox...
2026/03/24 20:15:08 - mmengine - INFO - bbox_mAP_copypaste: 0.472 0.751 0.502 0.106 0.351 0.534
2026/03/24 20:15:08 - mmengine - INFO - Epoch(val) [72][490/490]    coco/bbox_mAP: 0.4720  coco/bbox_mAP_50: 0.7510  coco/bbox_mAP_75: 0.5020  coco/bbox_mAP_s: 0.1060  coco/bbox_mAP_m: 0.3510  coco/bbox_mAP_l: 0.5340  data_time: 0.0113  time: 0.0566
2026/03/24 20:15:45 - mmengine - INFO - Epoch(train) [73][ 50/245]  lr: 2.0000e-03  eta: 0:22:25  time: 0.7402  data_time: 0.0231  memory: 18573  loss: 0.0856  loss_rpn_cls: 0.0008  loss_rpn_bbox: 0.0079  loss_cls: 0.0233  acc: 99.0906  loss_bbox: 0.0537
2026/03/24 20:16:20 - mmengine - INFO - Epoch(train) [73][100/245]  lr: 2.0000e-03  eta: 0:21:50  time: 0.6995  data_time: 0.0028  memory: 18573  loss: 0.0840  loss_rpn_cls: 0.0009  loss_rpn_bbox: 0.0076  loss_cls: 0.0230  acc: 99.0295  loss_bbox: 0.0525
2026/03/24 20:16:55 - mmengine - INFO - Epoch(train) [73][150/245]  lr: 2.0000e-03  eta: 0:21:15  time: 0.7012  data_time: 0.0029  memory: 18573  loss: 0.0826  loss_rpn_cls: 0.0007  loss_rpn_bbox: 0.0075  loss_cls: 0.0224  acc: 99.1394  loss_bbox: 0.0520
2026/03/24 20:17:31 - mmengine - INFO - Epoch(train) [73][200/245]  lr: 2.0000e-03  eta: 0:20:40  time: 0.7123  data_time: 0.0025  memory: 18573  loss: 0.0833  loss_rpn_cls: 0.0007  loss_rpn_bbox: 0.0076  loss_cls: 0.0224  acc: 99.1028  loss_bbox: 0.0526
2026/03/24 20:18:03 - mmengine - INFO - Exp name: faster_rcnn_r50_fpn_ruod_80e_pretrained_20260324_163125
2026/03/24 20:18:40 - mmengine - INFO - Epoch(train) [74][ 50/245]  lr: 2.0000e-04  eta: 0:19:33  time: 0.7407  data_time: 0.0215  memory: 18573  loss: 0.0794  loss_rpn_cls: 0.0008  loss_rpn_bbox: 0.0072  loss_cls: 0.0211  acc: 99.0662  loss_bbox: 0.0503
2026/03/24 20:19:15 - mmengine - INFO - Epoch(train) [74][100/245]  lr: 2.0000e-04  eta: 0:18:58  time: 0.7136  data_time: 0.0037  memory: 18573  loss: 0.0840  loss_rpn_cls: 0.0007  loss_rpn_bbox: 0.0079  loss_cls: 0.0225  acc: 99.0662  loss_bbox: 0.0528
2026/03/24 20:19:26 - mmengine - INFO - Exp name: faster_rcnn_r50_fpn_ruod_80e_pretrained_20260324_163125
2026/03/24 20:19:51 - mmengine - INFO - Epoch(train) [74][150/245]  lr: 2.0000e-04  eta: 0:18:22  time: 0.7075  data_time: 0.0027  memory: 18573  loss: 0.0799  loss_rpn_cls: 0.0008  loss_rpn_bbox: 0.0073  loss_cls: 0.0220  acc: 98.9990  loss_bbox: 0.0498
2026/03/24 20:20:26 - mmengine - INFO - Epoch(train) [74][200/245]  lr: 2.0000e-04  eta: 0:17:47  time: 0.7070  data_time: 0.0026  memory: 18573  loss: 0.0839  loss_rpn_cls: 0.0008  loss_rpn_bbox: 0.0077  loss_cls: 0.0229  acc: 99.3286  loss_bbox: 0.0525
2026/03/24 20:20:57 - mmengine - INFO - Exp name: faster_rcnn_r50_fpn_ruod_80e_pretrained_20260324_163125
2026/03/24 20:21:00 - mmengine - INFO - Epoch(val) [74][ 50/490]    eta: 0:00:23  time: 0.0536  data_time: 0.0070  memory: 18573  
2026/03/24 20:21:02 - mmengine - INFO - Epoch(val) [74][100/490]    eta: 0:00:19  time: 0.0461  data_time: 0.0043  memory: 808  
2026/03/24 20:21:05 - mmengine - INFO - Epoch(val) [74][150/490]    eta: 0:00:16  time: 0.0474  data_time: 0.0045  memory: 879  
2026/03/24 20:21:07 - mmengine - INFO - Epoch(val) [74][200/490]    eta: 0:00:14  time: 0.0558  data_time: 0.0098  memory: 879  
2026/03/24 20:21:10 - mmengine - INFO - Epoch(val) [74][250/490]    eta: 0:00:12  time: 0.0487  data_time: 0.0043  memory: 879  
2026/03/24 20:21:12 - mmengine - INFO - Epoch(val) [74][300/490]    eta: 0:00:09  time: 0.0475  data_time: 0.0043  memory: 879  
2026/03/24 20:21:15 - mmengine - INFO - Epoch(val) [74][350/490]    eta: 0:00:06  time: 0.0488  data_time: 0.0046  memory: 879  
2026/03/24 20:21:17 - mmengine - INFO - Epoch(val) [74][400/490]    eta: 0:00:04  time: 0.0518  data_time: 0.0068  memory: 879  
2026/03/24 20:21:20 - mmengine - INFO - Epoch(val) [74][450/490]    eta: 0:00:01  time: 0.0492  data_time: 0.0047  memory: 879  
2026/03/24 20:21:22 - mmengine - INFO - Evaluating bbox...
2026/03/24 20:21:24 - mmengine - INFO - bbox_mAP_copypaste: 0.472 0.751 0.503 0.106 0.352 0.534
2026/03/24 20:21:24 - mmengine - INFO - Epoch(val) [74][490/490]    coco/bbox_mAP: 0.4720  coco/bbox_mAP_50: 0.7510  coco/bbox_mAP_75: 0.5030  coco/bbox_mAP_s: 0.1060  coco/bbox_mAP_m: 0.3520  coco/bbox_mAP_l: 0.5340  data_time: 0.0055  time: 0.0496
2026/03/24 20:22:01 - mmengine - INFO - Epoch(train) [75][ 50/245]  lr: 2.0000e-04  eta: 0:16:40  time: 0.7407  data_time: 0.0186  memory: 18573  loss: 0.0828  loss_rpn_cls: 0.0008  loss_rpn_bbox: 0.0077  loss_cls: 0.0224  acc: 98.3826  loss_bbox: 0.0519
2026/03/24 20:22:36 - mmengine - INFO - Epoch(train) [75][100/245]  lr: 2.0000e-04  eta: 0:16:05  time: 0.7006  data_time: 0.0030  memory: 18573  loss: 0.0819  loss_rpn_cls: 0.0008  loss_rpn_bbox: 0.0076  loss_cls: 0.0220  acc: 99.3347  loss_bbox: 0.0514
2026/03/24 20:23:11 - mmengine - INFO - Epoch(train) [75][150/245]  lr: 2.0000e-04  eta: 0:15:30  time: 0.7066  data_time: 0.0027  memory: 18573  loss: 0.0811  loss_rpn_cls: 0.0008  loss_rpn_bbox: 0.0074  loss_cls: 0.0218  acc: 98.7793  loss_bbox: 0.0511
2026/03/24 20:23:47 - mmengine - INFO - Epoch(train) [75][200/245]  lr: 2.0000e-04  eta: 0:14:55  time: 0.7203  data_time: 0.0033  memory: 18573  loss: 0.0817  loss_rpn_cls: 0.0008  loss_rpn_bbox: 0.0076  loss_cls: 0.0223  acc: 98.9197  loss_bbox: 0.0510
2026/03/24 20:24:19 - mmengine - INFO - Exp name: faster_rcnn_r50_fpn_ruod_80e_pretrained_20260324_163125
2026/03/24 20:24:57 - mmengine - INFO - Epoch(train) [76][ 50/245]  lr: 2.0000e-04  eta: 0:13:48  time: 0.7587  data_time: 0.0241  memory: 18573  loss: 0.0790  loss_rpn_cls: 0.0007  loss_rpn_bbox: 0.0072  loss_cls: 0.0216  acc: 98.9990  loss_bbox: 0.0496
2026/03/24 20:25:32 - mmengine - INFO - Epoch(train) [76][100/245]  lr: 2.0000e-04  eta: 0:13:13  time: 0.7050  data_time: 0.0028  memory: 18573  loss: 0.0820  loss_rpn_cls: 0.0009  loss_rpn_bbox: 0.0077  loss_cls: 0.0222  acc: 99.3164  loss_bbox: 0.0513
2026/03/24 20:26:07 - mmengine - INFO - Epoch(train) [76][150/245]  lr: 2.0000e-04  eta: 0:12:37  time: 0.7030  data_time: 0.0028  memory: 18573  loss: 0.0849  loss_rpn_cls: 0.0008  loss_rpn_bbox: 0.0081  loss_cls: 0.0230  acc: 98.6694  loss_bbox: 0.0529
2026/03/24 20:26:42 - mmengine - INFO - Epoch(train) [76][200/245]  lr: 2.0000e-04  eta: 0:12:02  time: 0.6992  data_time: 0.0028  memory: 18573  loss: 0.0800  loss_rpn_cls: 0.0008  loss_rpn_bbox: 0.0074  loss_cls: 0.0216  acc: 99.1577  loss_bbox: 0.0502
2026/03/24 20:27:14 - mmengine - INFO - Exp name: faster_rcnn_r50_fpn_ruod_80e_pretrained_20260324_163125
2026/03/24 20:27:16 - mmengine - INFO - Epoch(val) [76][ 50/490]    eta: 0:00:21  time: 0.0481  data_time: 0.0058  memory: 18573  
2026/03/24 20:27:18 - mmengine - INFO - Epoch(val) [76][100/490]    eta: 0:00:18  time: 0.0453  data_time: 0.0042  memory: 808  
2026/03/24 20:27:21 - mmengine - INFO - Epoch(val) [76][150/490]    eta: 0:00:16  time: 0.0508  data_time: 0.0072  memory: 879  
2026/03/24 20:27:24 - mmengine - INFO - Epoch(val) [76][200/490]    eta: 0:00:14  time: 0.0547  data_time: 0.0054  memory: 879  
2026/03/24 20:27:26 - mmengine - INFO - Epoch(val) [76][250/490]    eta: 0:00:12  time: 0.0519  data_time: 0.0048  memory: 879  
2026/03/24 20:27:29 - mmengine - INFO - Epoch(val) [76][300/490]    eta: 0:00:09  time: 0.0498  data_time: 0.0048  memory: 879  
2026/03/24 20:27:31 - mmengine - INFO - Epoch(val) [76][350/490]    eta: 0:00:06  time: 0.0480  data_time: 0.0044  memory: 879  
2026/03/24 20:27:33 - mmengine - INFO - Epoch(val) [76][400/490]    eta: 0:00:04  time: 0.0479  data_time: 0.0043  memory: 879  
2026/03/24 20:27:36 - mmengine - INFO - Epoch(val) [76][450/490]    eta: 0:00:01  time: 0.0485  data_time: 0.0049  memory: 879  
2026/03/24 20:27:38 - mmengine - INFO - Evaluating bbox...
2026/03/24 20:27:40 - mmengine - INFO - bbox_mAP_copypaste: 0.472 0.749 0.503 0.106 0.351 0.534
2026/03/24 20:27:40 - mmengine - INFO - Epoch(val) [76][490/490]    coco/bbox_mAP: 0.4720  coco/bbox_mAP_50: 0.7490  coco/bbox_mAP_75: 0.5030  coco/bbox_mAP_s: 0.1060  coco/bbox_mAP_m: 0.3510  coco/bbox_mAP_l: 0.5340  data_time: 0.0050  time: 0.0493
2026/03/24 20:28:16 - mmengine - INFO - Epoch(train) [77][ 50/245]  lr: 2.0000e-04  eta: 0:10:55  time: 0.7323  data_time: 0.0154  memory: 18573  loss: 0.0808  loss_rpn_cls: 0.0006  loss_rpn_bbox: 0.0077  loss_cls: 0.0219  acc: 99.0295  loss_bbox: 0.0506
2026/03/24 20:28:51 - mmengine - INFO - Epoch(train) [77][100/245]  lr: 2.0000e-04  eta: 0:10:20  time: 0.6995  data_time: 0.0030  memory: 18573  loss: 0.0807  loss_rpn_cls: 0.0008  loss_rpn_bbox: 0.0075  loss_cls: 0.0220  acc: 99.2676  loss_bbox: 0.0504
2026/03/24 20:29:27 - mmengine - INFO - Epoch(train) [77][150/245]  lr: 2.0000e-04  eta: 0:09:45  time: 0.7025  data_time: 0.0027  memory: 18573  loss: 0.0810  loss_rpn_cls: 0.0007  loss_rpn_bbox: 0.0074  loss_cls: 0.0221  acc: 99.1394  loss_bbox: 0.0508
2026/03/24 20:30:02 - mmengine - INFO - Epoch(train) [77][200/245]  lr: 2.0000e-04  eta: 0:09:09  time: 0.7001  data_time: 0.0029  memory: 18573  loss: 0.0803  loss_rpn_cls: 0.0008  loss_rpn_bbox: 0.0075  loss_cls: 0.0217  acc: 99.1638  loss_bbox: 0.0503
2026/03/24 20:30:33 - mmengine - INFO - Exp name: faster_rcnn_r50_fpn_ruod_80e_pretrained_20260324_163125
2026/03/24 20:31:11 - mmengine - INFO - Epoch(train) [78][ 50/245]  lr: 2.0000e-04  eta: 0:08:02  time: 0.7501  data_time: 0.0151  memory: 18573  loss: 0.0813  loss_rpn_cls: 0.0009  loss_rpn_bbox: 0.0076  loss_cls: 0.0219  acc: 99.3774  loss_bbox: 0.0509
2026/03/24 20:31:46 - mmengine - INFO - Epoch(train) [78][100/245]  lr: 2.0000e-04  eta: 0:07:27  time: 0.7171  data_time: 0.0049  memory: 18573  loss: 0.0796  loss_rpn_cls: 0.0008  loss_rpn_bbox: 0.0072  loss_cls: 0.0215  acc: 98.9746  loss_bbox: 0.0500
2026/03/24 20:32:11 - mmengine - INFO - Exp name: faster_rcnn_r50_fpn_ruod_80e_pretrained_20260324_163125
2026/03/24 20:32:22 - mmengine - INFO - Epoch(train) [78][150/245]  lr: 2.0000e-04  eta: 0:06:52  time: 0.7056  data_time: 0.0031  memory: 18573  loss: 0.0804  loss_rpn_cls: 0.0007  loss_rpn_bbox: 0.0076  loss_cls: 0.0219  acc: 99.2065  loss_bbox: 0.0502
2026/03/24 20:32:57 - mmengine - INFO - Epoch(train) [78][200/245]  lr: 2.0000e-04  eta: 0:06:17  time: 0.7054  data_time: 0.0029  memory: 18573  loss: 0.0831  loss_rpn_cls: 0.0007  loss_rpn_bbox: 0.0077  loss_cls: 0.0230  acc: 98.9746  loss_bbox: 0.0518
2026/03/24 20:33:28 - mmengine - INFO - Exp name: faster_rcnn_r50_fpn_ruod_80e_pretrained_20260324_163125
2026/03/24 20:33:31 - mmengine - INFO - Epoch(val) [78][ 50/490]    eta: 0:00:26  time: 0.0595  data_time: 0.0161  memory: 18573  
2026/03/24 20:33:34 - mmengine - INFO - Epoch(val) [78][100/490]    eta: 0:00:20  time: 0.0450  data_time: 0.0042  memory: 808  
2026/03/24 20:33:36 - mmengine - INFO - Epoch(val) [78][150/490]    eta: 0:00:17  time: 0.0468  data_time: 0.0047  memory: 879  
2026/03/24 20:33:39 - mmengine - INFO - Epoch(val) [78][200/490]    eta: 0:00:14  time: 0.0519  data_time: 0.0066  memory: 879  
2026/03/24 20:33:41 - mmengine - INFO - Epoch(val) [78][250/490]    eta: 0:00:12  time: 0.0511  data_time: 0.0049  memory: 879  
2026/03/24 20:33:44 - mmengine - INFO - Epoch(val) [78][300/490]    eta: 0:00:09  time: 0.0516  data_time: 0.0050  memory: 879  
2026/03/24 20:33:46 - mmengine - INFO - Epoch(val) [78][350/490]    eta: 0:00:07  time: 0.0488  data_time: 0.0045  memory: 879  
2026/03/24 20:33:49 - mmengine - INFO - Epoch(val) [78][400/490]    eta: 0:00:04  time: 0.0488  data_time: 0.0044  memory: 879  
2026/03/24 20:33:51 - mmengine - INFO - Epoch(val) [78][450/490]    eta: 0:00:02  time: 0.0502  data_time: 0.0058  memory: 879  
2026/03/24 20:33:53 - mmengine - INFO - Evaluating bbox...
2026/03/24 20:33:55 - mmengine - INFO - bbox_mAP_copypaste: 0.471 0.748 0.503 0.106 0.350 0.533
2026/03/24 20:33:55 - mmengine - INFO - Epoch(val) [78][490/490]    coco/bbox_mAP: 0.4710  coco/bbox_mAP_50: 0.7480  coco/bbox_mAP_75: 0.5030  coco/bbox_mAP_s: 0.1060  coco/bbox_mAP_m: 0.3500  coco/bbox_mAP_l: 0.5330  data_time: 0.0061  time: 0.0502
2026/03/24 20:34:32 - mmengine - INFO - Epoch(train) [79][ 50/245]  lr: 2.0000e-04  eta: 0:05:10  time: 0.7367  data_time: 0.0176  memory: 18573  loss: 0.0792  loss_rpn_cls: 0.0008  loss_rpn_bbox: 0.0073  loss_cls: 0.0217  acc: 99.1577  loss_bbox: 0.0494
2026/03/24 20:35:07 - mmengine - INFO - Epoch(train) [79][100/245]  lr: 2.0000e-04  eta: 0:04:35  time: 0.7074  data_time: 0.0027  memory: 18573  loss: 0.0800  loss_rpn_cls: 0.0008  loss_rpn_bbox: 0.0075  loss_cls: 0.0216  acc: 99.2004  loss_bbox: 0.0502
2026/03/24 20:35:43 - mmengine - INFO - Epoch(train) [79][150/245]  lr: 2.0000e-04  eta: 0:03:59  time: 0.7138  data_time: 0.0031  memory: 18573  loss: 0.0840  loss_rpn_cls: 0.0009  loss_rpn_bbox: 0.0079  loss_cls: 0.0229  acc: 99.3103  loss_bbox: 0.0523
2026/03/24 20:36:18 - mmengine - INFO - Epoch(train) [79][200/245]  lr: 2.0000e-04  eta: 0:03:24  time: 0.6962  data_time: 0.0031  memory: 18573  loss: 0.0832  loss_rpn_cls: 0.0008  loss_rpn_bbox: 0.0079  loss_cls: 0.0225  acc: 99.0906  loss_bbox: 0.0521
2026/03/24 20:36:49 - mmengine - INFO - Exp name: faster_rcnn_r50_fpn_ruod_80e_pretrained_20260324_163125
2026/03/24 20:37:26 - mmengine - INFO - Epoch(train) [80][ 50/245]  lr: 2.0000e-04  eta: 0:02:17  time: 0.7423  data_time: 0.0203  memory: 18573  loss: 0.0804  loss_rpn_cls: 0.0007  loss_rpn_bbox: 0.0074  loss_cls: 0.0219  acc: 99.0417  loss_bbox: 0.0504
2026/03/24 20:38:01 - mmengine - INFO - Epoch(train) [80][100/245]  lr: 2.0000e-04  eta: 0:01:42  time: 0.7019  data_time: 0.0026  memory: 18573  loss: 0.0824  loss_rpn_cls: 0.0008  loss_rpn_bbox: 0.0076  loss_cls: 0.0225  acc: 99.0845  loss_bbox: 0.0515
2026/03/24 20:38:36 - mmengine - INFO - Epoch(train) [80][150/245]  lr: 2.0000e-04  eta: 0:01:06  time: 0.6990  data_time: 0.0028  memory: 18573  loss: 0.0806  loss_rpn_cls: 0.0009  loss_rpn_bbox: 0.0075  loss_cls: 0.0219  acc: 99.1211  loss_bbox: 0.0502
2026/03/24 20:39:11 - mmengine - INFO - Epoch(train) [80][200/245]  lr: 2.0000e-04  eta: 0:00:31  time: 0.7014  data_time: 0.0027  memory: 18573  loss: 0.0797  loss_rpn_cls: 0.0008  loss_rpn_bbox: 0.0074  loss_cls: 0.0217  acc: 99.2554  loss_bbox: 0.0498
2026/03/24 20:39:43 - mmengine - INFO - Exp name: faster_rcnn_r50_fpn_ruod_80e_pretrained_20260324_163125
2026/03/24 20:39:43 - mmengine - INFO - Saving checkpoint at 80 epochs
2026/03/24 20:39:47 - mmengine - INFO - Epoch(val) [80][ 50/490]    eta: 0:00:21  time: 0.0488  data_time: 0.0065  memory: 18573  
2026/03/24 20:39:49 - mmengine - INFO - Epoch(val) [80][100/490]    eta: 0:00:18  time: 0.0456  data_time: 0.0042  memory: 808  
2026/03/24 20:39:51 - mmengine - INFO - Epoch(val) [80][150/490]    eta: 0:00:15  time: 0.0459  data_time: 0.0044  memory: 879  
2026/03/24 20:39:54 - mmengine - INFO - Epoch(val) [80][200/490]    eta: 0:00:14  time: 0.0542  data_time: 0.0089  memory: 879  
2026/03/24 20:39:56 - mmengine - INFO - Epoch(val) [80][250/490]    eta: 0:00:11  time: 0.0492  data_time: 0.0046  memory: 879  
2026/03/24 20:39:59 - mmengine - INFO - Epoch(val) [80][300/490]    eta: 0:00:09  time: 0.0482  data_time: 0.0045  memory: 879  
2026/03/24 20:40:01 - mmengine - INFO - Epoch(val) [80][350/490]    eta: 0:00:06  time: 0.0509  data_time: 0.0054  memory: 879  
2026/03/24 20:40:04 - mmengine - INFO - Epoch(val) [80][400/490]    eta: 0:00:04  time: 0.0488  data_time: 0.0043  memory: 879  
2026/03/24 20:40:06 - mmengine - INFO - Epoch(val) [80][450/490]    eta: 0:00:01  time: 0.0495  data_time: 0.0049  memory: 879  
2026/03/24 20:40:08 - mmengine - INFO - Evaluating bbox...
2026/03/24 20:40:10 - mmengine - INFO - bbox_mAP_copypaste: 0.471 0.747 0.502 0.106 0.351 0.533
2026/03/24 20:40:10 - mmengine - INFO - Epoch(val) [80][490/490]    coco/bbox_mAP: 0.4710  coco/bbox_mAP_50: 0.7470  coco/bbox_mAP_75: 0.5020  coco/bbox_mAP_s: 0.1060  coco/bbox_mAP_m: 0.3510  coco/bbox_mAP_l: 0.5330  data_time: 0.0052  time: 0.0488
