2026/03/25 23:16:55 - mmengine - INFO - 
------------------------------------------------------------
System environment:
    sys.platform: linux
    Python: 3.11.10 (main, Sep  7 2024, 18:35:41) [GCC 11.4.0]
    CUDA available: True
    MUSA available: False
    numpy_random_seed: 0
    GPU 0: NVIDIA A100-SXM4-80GB
    CUDA_HOME: /usr/local/cuda
    NVCC: Cuda compilation tools, release 12.4, V12.4.131
    GCC: x86_64-linux-gnu-gcc (Ubuntu 11.4.0-1ubuntu1~22.04) 11.4.0
    PyTorch: 2.1.0+cu121
    PyTorch compiling details: PyTorch built with:
  - GCC 9.3
  - C++ Version: 201703
  - Intel(R) oneAPI Math Kernel Library Version 2022.2-Product Build 20220804 for Intel(R) 64 architecture applications
  - Intel(R) MKL-DNN v3.1.1 (Git Hash 64f6bcbcbab628e96f33a62c3e975f8535a7bde4)
  - OpenMP 201511 (a.k.a. OpenMP 4.5)
  - LAPACK is enabled (usually provided by MKL)
  - NNPACK is enabled
  - CPU capability usage: AVX2
  - CUDA Runtime 12.1
  - NVCC architecture flags: -gencode;arch=compute_50,code=sm_50;-gencode;arch=compute_60,code=sm_60;-gencode;arch=compute_70,code=sm_70;-gencode;arch=compute_75,code=sm_75;-gencode;arch=compute_80,code=sm_80;-gencode;arch=compute_86,code=sm_86;-gencode;arch=compute_90,code=sm_90
  - CuDNN 8.9.2
  - Magma 2.6.1
  - Build settings: BLAS_INFO=mkl, BUILD_TYPE=Release, CUDA_VERSION=12.1, CUDNN_VERSION=8.9.2, CXX_COMPILER=/opt/rh/devtoolset-9/root/usr/bin/c++, CXX_FLAGS= -D_GLIBCXX_USE_CXX11_ABI=0 -fabi-version=11 -fvisibility-inlines-hidden -DUSE_PTHREADPOOL -DNDEBUG -DUSE_KINETO -DLIBKINETO_NOROCTRACER -DUSE_FBGEMM -DUSE_QNNPACK -DUSE_PYTORCH_QNNPACK -DUSE_XNNPACK -DSYMBOLICATE_MOBILE_DEBUG_HANDLE -O2 -fPIC -Wall -Wextra -Werror=return-type -Werror=non-virtual-dtor -Werror=bool-operation -Wnarrowing -Wno-missing-field-initializers -Wno-type-limits -Wno-array-bounds -Wno-unknown-pragmas -Wno-unused-parameter -Wno-unused-function -Wno-unused-result -Wno-strict-overflow -Wno-strict-aliasing -Wno-stringop-overflow -Wno-psabi -Wno-error=pedantic -Wno-error=old-style-cast -Wno-invalid-partial-specialization -Wno-unused-private-field -Wno-aligned-allocation-unavailable -Wno-missing-braces -fdiagnostics-color=always -faligned-new -Wno-unused-but-set-variable -Wno-maybe-uninitialized -fno-math-errno -fno-trapping-math -Werror=format -Werror=cast-function-type -Wno-stringop-overflow, LAPACK_INFO=mkl, PERF_WITH_AVX=1, PERF_WITH_AVX2=1, PERF_WITH_AVX512=1, TORCH_DISABLE_GPU_ASSERTS=ON, TORCH_VERSION=2.1.0, USE_CUDA=ON, USE_CUDNN=ON, USE_EXCEPTION_PTR=1, USE_GFLAGS=OFF, USE_GLOG=OFF, USE_MKL=ON, USE_MKLDNN=ON, USE_MPI=OFF, USE_NCCL=1, USE_NNPACK=ON, USE_OPENMP=ON, USE_ROCM=OFF, 

    TorchVision: 0.16.0+cu121
    OpenCV: 4.11.0
    MMEngine: 0.10.7

Runtime environment:
    cudnn_benchmark: False
    mp_cfg: {'mp_start_method': 'fork', 'opencv_num_threads': 0}
    dist_cfg: {'backend': 'nccl'}
    seed: 0
    deterministic: False
    Distributed launcher: none
    Distributed training: False
    GPU number: 1
------------------------------------------------------------

2026/03/25 23:16:55 - mmengine - INFO - Config:
auto_scale_lr = dict(base_batch_size=16, enable=False)
backend_args = None
classes = (
    'human-body',
    'ball',
    'circle-cage',
    'square-cage',
    'tyre',
    'metal-bucket',
    'cube',
    'cylinder',
    'plane',
    'rov',
)
data_root = '../data-processing/sonar/UATD/processed/'
dataset_type = 'CocoDataset'
default_hooks = dict(
    checkpoint=dict(
        interval=-1,
        max_keep_ckpts=1,
        rule='greater',
        save_best='coco/bbox_mAP',
        save_last=True,
        type='CheckpointHook'),
    logger=dict(interval=50, type='LoggerHook'),
    param_scheduler=dict(type='ParamSchedulerHook'),
    sampler_seed=dict(type='DistSamplerSeedHook'),
    timer=dict(type='IterTimerHook'),
    visualization=dict(type='DetVisualizationHook'))
default_scope = 'mmdet'
env_cfg = dict(
    cudnn_benchmark=False,
    dist_cfg=dict(backend='nccl'),
    mp_cfg=dict(mp_start_method='fork', opencv_num_threads=0))
launcher = 'none'
load_from = 'https://download.openmmlab.com/mmdetection/v3.0/dino/dino-4scale_r50_8xb2-12e_coco/dino-4scale_r50_8xb2-12e_coco_20221202_182705-55b2bba2.pth'
log_level = 'INFO'
log_processor = dict(by_epoch=True, type='LogProcessor', window_size=50)
metainfo = dict(
    classes=(
        'human-body',
        'ball',
        'circle-cage',
        'square-cage',
        'tyre',
        'metal-bucket',
        'cube',
        'cylinder',
        'plane',
        'rov',
    ))
model = dict(
    as_two_stage=True,
    backbone=dict(
        depth=50,
        frozen_stages=1,
        init_cfg=dict(checkpoint='torchvision://resnet50', type='Pretrained'),
        norm_cfg=dict(requires_grad=False, type='BN'),
        norm_eval=True,
        num_stages=4,
        out_indices=(
            1,
            2,
            3,
        ),
        style='pytorch',
        type='ResNet'),
    bbox_head=dict(
        loss_bbox=dict(loss_weight=5.0, type='L1Loss'),
        loss_cls=dict(
            alpha=0.25,
            gamma=2.0,
            loss_weight=1.0,
            type='FocalLoss',
            use_sigmoid=True),
        loss_iou=dict(loss_weight=2.0, type='GIoULoss'),
        num_classes=10,
        sync_cls_avg_factor=True,
        type='DINOHead'),
    data_preprocessor=dict(
        bgr_to_rgb=True,
        mean=[
            123.675,
            116.28,
            103.53,
        ],
        pad_size_divisor=1,
        std=[
            58.395,
            57.12,
            57.375,
        ],
        type='DetDataPreprocessor'),
    decoder=dict(
        layer_cfg=dict(
            cross_attn_cfg=dict(dropout=0.0, embed_dims=256, num_levels=4),
            ffn_cfg=dict(
                embed_dims=256, feedforward_channels=2048, ffn_drop=0.0),
            self_attn_cfg=dict(dropout=0.0, embed_dims=256, num_heads=8)),
        num_layers=6,
        post_norm_cfg=None,
        return_intermediate=True),
    dn_cfg=dict(
        box_noise_scale=1.0,
        group_cfg=dict(dynamic=True, num_dn_queries=100, num_groups=None),
        label_noise_scale=0.5),
    encoder=dict(
        layer_cfg=dict(
            ffn_cfg=dict(
                embed_dims=256, feedforward_channels=2048, ffn_drop=0.0),
            self_attn_cfg=dict(dropout=0.0, embed_dims=256, num_levels=4)),
        num_layers=6),
    neck=dict(
        act_cfg=None,
        in_channels=[
            512,
            1024,
            2048,
        ],
        kernel_size=1,
        norm_cfg=dict(num_groups=32, type='GN'),
        num_outs=4,
        out_channels=256,
        type='ChannelMapper'),
    num_queries=900,
    positional_encoding=dict(
        normalize=True, num_feats=128, offset=0.0, temperature=20),
    test_cfg=dict(max_per_img=300),
    train_cfg=dict(
        assigner=dict(
            match_costs=[
                dict(type='FocalLossCost', weight=2.0),
                dict(box_format='xywh', type='BBoxL1Cost', weight=5.0),
                dict(iou_mode='giou', type='IoUCost', weight=2.0),
            ],
            type='HungarianAssigner')),
    type='DINO',
    with_box_refine=True)
num_classes = 10
optim_wrapper = dict(
    clip_grad=dict(max_norm=0.1, norm_type=2),
    optimizer=dict(lr=0.0001, type='AdamW', weight_decay=0.0001),
    paramwise_cfg=dict(custom_keys=dict(backbone=dict(lr_mult=0.1))),
    type='AmpOptimWrapper')
param_scheduler = [
    dict(
        begin=0,
        by_epoch=True,
        end=3,
        end_factor=1.0,
        start_factor=0.1,
        type='LinearLR'),
    dict(
        begin=3,
        by_epoch=True,
        end=80,
        end_factor=0.01,
        start_factor=1.0,
        type='LinearLR'),
]
randomness = dict(deterministic=False, seed=0)
resume = False
test_cfg = dict(type='TestLoop')
test_dataloader = dict(
    batch_size=1,
    dataset=dict(
        ann_file='annotations/test.json',
        backend_args=None,
        data_prefix=dict(img='images/test/'),
        data_root='../data-processing/sonar/UATD/processed/',
        metainfo=dict(
            classes=(
                'human-body',
                'ball',
                'circle-cage',
                'square-cage',
                'tyre',
                'metal-bucket',
                'cube',
                'cylinder',
                'plane',
                'rov',
            )),
        pipeline=[
            dict(backend_args=None, type='LoadImageFromFile'),
            dict(keep_ratio=True, scale=(
                640,
                640,
            ), type='Resize'),
            dict(type='LoadAnnotations', with_bbox=True),
            dict(
                meta_keys=(
                    'img_id',
                    'img_path',
                    'ori_shape',
                    'img_shape',
                    'scale_factor',
                ),
                type='PackDetInputs'),
        ],
        test_mode=True,
        type='CocoDataset'),
    drop_last=False,
    num_workers=2,
    persistent_workers=True,
    sampler=dict(shuffle=False, type='DefaultSampler'))
test_evaluator = dict(
    ann_file='../data-processing/sonar/UATD/processed/annotations/test.json',
    backend_args=None,
    format_only=False,
    metric='bbox',
    type='CocoMetric')
test_pipeline = [
    dict(backend_args=None, type='LoadImageFromFile'),
    dict(keep_ratio=True, scale=(
        640,
        640,
    ), type='Resize'),
    dict(type='LoadAnnotations', with_bbox=True),
    dict(
        meta_keys=(
            'img_id',
            'img_path',
            'ori_shape',
            'img_shape',
            'scale_factor',
        ),
        type='PackDetInputs'),
]
train_cfg = dict(max_epochs=80, type='EpochBasedTrainLoop', val_interval=2)
train_dataloader = dict(
    batch_sampler=dict(type='AspectRatioBatchSampler'),
    batch_size=32,
    dataset=dict(
        ann_file='annotations/train.json',
        backend_args=None,
        data_prefix=dict(img='images/train/'),
        data_root='../data-processing/sonar/UATD/processed/',
        filter_cfg=dict(filter_empty_gt=False),
        metainfo=dict(
            classes=(
                'human-body',
                'ball',
                'circle-cage',
                'square-cage',
                'tyre',
                'metal-bucket',
                'cube',
                'cylinder',
                'plane',
                'rov',
            )),
        pipeline=[
            dict(backend_args=None, type='LoadImageFromFile'),
            dict(type='LoadAnnotations', with_bbox=True),
            dict(keep_ratio=True, scale=(
                640,
                640,
            ), type='Resize'),
            dict(prob=0.5, type='RandomFlip'),
            dict(type='PackDetInputs'),
        ],
        type='CocoDataset'),
    num_workers=8,
    persistent_workers=True,
    pin_memory=True,
    prefetch_factor=4,
    sampler=dict(shuffle=True, type='DefaultSampler'))
train_pipeline = [
    dict(backend_args=None, type='LoadImageFromFile'),
    dict(type='LoadAnnotations', with_bbox=True),
    dict(keep_ratio=True, scale=(
        640,
        640,
    ), type='Resize'),
    dict(prob=0.5, type='RandomFlip'),
    dict(type='PackDetInputs'),
]
val_cfg = dict(type='ValLoop')
val_dataloader = dict(
    batch_size=8,
    dataset=dict(
        ann_file='annotations/val.json',
        backend_args=None,
        data_prefix=dict(img='images/val/'),
        data_root='../data-processing/sonar/UATD/processed/',
        metainfo=dict(
            classes=(
                'human-body',
                'ball',
                'circle-cage',
                'square-cage',
                'tyre',
                'metal-bucket',
                'cube',
                'cylinder',
                'plane',
                'rov',
            )),
        pipeline=[
            dict(backend_args=None, type='LoadImageFromFile'),
            dict(keep_ratio=True, scale=(
                640,
                640,
            ), type='Resize'),
            dict(type='LoadAnnotations', with_bbox=True),
            dict(
                meta_keys=(
                    'img_id',
                    'img_path',
                    'ori_shape',
                    'img_shape',
                    'scale_factor',
                ),
                type='PackDetInputs'),
        ],
        test_mode=True,
        type='CocoDataset'),
    drop_last=False,
    num_workers=4,
    persistent_workers=True,
    sampler=dict(shuffle=False, type='DefaultSampler'))
val_evaluator = dict(
    ann_file='../data-processing/sonar/UATD/processed/annotations/val.json',
    backend_args=None,
    format_only=False,
    metric='bbox',
    type='CocoMetric')
vis_backends = [
    dict(type='LocalVisBackend'),
]
visualizer = dict(
    name='visualizer',
    type='DetLocalVisualizer',
    vis_backends=[
        dict(type='LocalVisBackend'),
    ])
work_dir = '../runs/mmdet/uatd/dino_4scale_r50_uatd_80e_pretrained'

2026/03/25 23:17:06 - mmengine - INFO - Distributed training is not used, all SyncBatchNorm (SyncBN) layers in the model will be automatically reverted to BatchNormXd layers if they are used.
2026/03/25 23:17:06 - mmengine - INFO - Hooks will be executed in the following order:
before_run:
(VERY_HIGH   ) RuntimeInfoHook                    
(BELOW_NORMAL) LoggerHook                         
 -------------------- 
before_train:
(VERY_HIGH   ) RuntimeInfoHook                    
(NORMAL      ) IterTimerHook                      
(VERY_LOW    ) CheckpointHook                     
 -------------------- 
before_train_epoch:
(VERY_HIGH   ) RuntimeInfoHook                    
(NORMAL      ) IterTimerHook                      
(NORMAL      ) DistSamplerSeedHook                
 -------------------- 
before_train_iter:
(VERY_HIGH   ) RuntimeInfoHook                    
(NORMAL      ) IterTimerHook                      
 -------------------- 
after_train_iter:
(VERY_HIGH   ) RuntimeInfoHook                    
(NORMAL      ) IterTimerHook                      
(BELOW_NORMAL) LoggerHook                         
(LOW         ) ParamSchedulerHook                 
(VERY_LOW    ) CheckpointHook                     
 -------------------- 
after_train_epoch:
(NORMAL      ) IterTimerHook                      
(LOW         ) ParamSchedulerHook                 
(VERY_LOW    ) CheckpointHook                     
 -------------------- 
before_val:
(VERY_HIGH   ) RuntimeInfoHook                    
 -------------------- 
before_val_epoch:
(NORMAL      ) IterTimerHook                      
 -------------------- 
before_val_iter:
(NORMAL      ) IterTimerHook                      
 -------------------- 
after_val_iter:
(NORMAL      ) IterTimerHook                      
(NORMAL      ) DetVisualizationHook               
(BELOW_NORMAL) LoggerHook                         
 -------------------- 
after_val_epoch:
(VERY_HIGH   ) RuntimeInfoHook                    
(NORMAL      ) IterTimerHook                      
(BELOW_NORMAL) LoggerHook                         
(LOW         ) ParamSchedulerHook                 
(VERY_LOW    ) CheckpointHook                     
 -------------------- 
after_val:
(VERY_HIGH   ) RuntimeInfoHook                    
 -------------------- 
after_train:
(VERY_HIGH   ) RuntimeInfoHook                    
(VERY_LOW    ) CheckpointHook                     
 -------------------- 
before_test:
(VERY_HIGH   ) RuntimeInfoHook                    
 -------------------- 
before_test_epoch:
(NORMAL      ) IterTimerHook                      
 -------------------- 
before_test_iter:
(NORMAL      ) IterTimerHook                      
 -------------------- 
after_test_iter:
(NORMAL      ) IterTimerHook                      
(NORMAL      ) DetVisualizationHook               
(BELOW_NORMAL) LoggerHook                         
 -------------------- 
after_test_epoch:
(VERY_HIGH   ) RuntimeInfoHook                    
(NORMAL      ) IterTimerHook                      
(BELOW_NORMAL) LoggerHook                         
 -------------------- 
after_test:
(VERY_HIGH   ) RuntimeInfoHook                    
 -------------------- 
after_run:
(BELOW_NORMAL) LoggerHook                         
 -------------------- 
2026/03/25 23:17:07 - mmengine - WARNING - backbone.conv1.weight is skipped since its requires_grad=False
2026/03/25 23:17:07 - mmengine - WARNING - backbone.bn1.weight is skipped since its requires_grad=False
2026/03/25 23:17:07 - mmengine - WARNING - backbone.bn1.bias is skipped since its requires_grad=False
2026/03/25 23:17:07 - mmengine - WARNING - backbone.layer1.0.conv1.weight is skipped since its requires_grad=False
2026/03/25 23:17:07 - mmengine - WARNING - backbone.layer1.0.bn1.weight is skipped since its requires_grad=False
2026/03/25 23:17:07 - mmengine - WARNING - backbone.layer1.0.bn1.bias is skipped since its requires_grad=False
2026/03/25 23:17:07 - mmengine - WARNING - backbone.layer1.0.conv2.weight is skipped since its requires_grad=False
2026/03/25 23:17:07 - mmengine - WARNING - backbone.layer1.0.bn2.weight is skipped since its requires_grad=False
2026/03/25 23:17:07 - mmengine - WARNING - backbone.layer1.0.bn2.bias is skipped since its requires_grad=False
2026/03/25 23:17:07 - mmengine - WARNING - backbone.layer1.0.conv3.weight is skipped since its requires_grad=False
2026/03/25 23:17:07 - mmengine - WARNING - backbone.layer1.0.bn3.weight is skipped since its requires_grad=False
2026/03/25 23:17:07 - mmengine - WARNING - backbone.layer1.0.bn3.bias is skipped since its requires_grad=False
2026/03/25 23:17:07 - mmengine - WARNING - backbone.layer1.0.downsample.0.weight is skipped since its requires_grad=False
2026/03/25 23:17:07 - mmengine - WARNING - backbone.layer1.0.downsample.1.weight is skipped since its requires_grad=False
2026/03/25 23:17:07 - mmengine - WARNING - backbone.layer1.0.downsample.1.bias is skipped since its requires_grad=False
2026/03/25 23:17:07 - mmengine - WARNING - backbone.layer1.1.conv1.weight is skipped since its requires_grad=False
2026/03/25 23:17:07 - mmengine - WARNING - backbone.layer1.1.bn1.weight is skipped since its requires_grad=False
2026/03/25 23:17:07 - mmengine - WARNING - backbone.layer1.1.bn1.bias is skipped since its requires_grad=False
2026/03/25 23:17:07 - mmengine - WARNING - backbone.layer1.1.conv2.weight is skipped since its requires_grad=False
2026/03/25 23:17:07 - mmengine - WARNING - backbone.layer1.1.bn2.weight is skipped since its requires_grad=False
2026/03/25 23:17:07 - mmengine - WARNING - backbone.layer1.1.bn2.bias is skipped since its requires_grad=False
2026/03/25 23:17:07 - mmengine - WARNING - backbone.layer1.1.conv3.weight is skipped since its requires_grad=False
2026/03/25 23:17:07 - mmengine - WARNING - backbone.layer1.1.bn3.weight is skipped since its requires_grad=False
2026/03/25 23:17:07 - mmengine - WARNING - backbone.layer1.1.bn3.bias is skipped since its requires_grad=False
2026/03/25 23:17:07 - mmengine - WARNING - backbone.layer1.2.conv1.weight is skipped since its requires_grad=False
2026/03/25 23:17:07 - mmengine - WARNING - backbone.layer1.2.bn1.weight is skipped since its requires_grad=False
2026/03/25 23:17:07 - mmengine - WARNING - backbone.layer1.2.bn1.bias is skipped since its requires_grad=False
2026/03/25 23:17:07 - mmengine - WARNING - backbone.layer1.2.conv2.weight is skipped since its requires_grad=False
2026/03/25 23:17:07 - mmengine - WARNING - backbone.layer1.2.bn2.weight is skipped since its requires_grad=False
2026/03/25 23:17:07 - mmengine - WARNING - backbone.layer1.2.bn2.bias is skipped since its requires_grad=False
2026/03/25 23:17:07 - mmengine - WARNING - backbone.layer1.2.conv3.weight is skipped since its requires_grad=False
2026/03/25 23:17:07 - mmengine - WARNING - backbone.layer1.2.bn3.weight is skipped since its requires_grad=False
2026/03/25 23:17:07 - mmengine - WARNING - backbone.layer1.2.bn3.bias is skipped since its requires_grad=False
2026/03/25 23:17:07 - mmengine - INFO - paramwise_options -- backbone.layer2.0.conv1.weight:lr=1e-05
2026/03/25 23:17:07 - mmengine - INFO - paramwise_options -- backbone.layer2.0.conv1.weight:weight_decay=0.0001
2026/03/25 23:17:07 - mmengine - INFO - paramwise_options -- backbone.layer2.0.conv1.weight:lr_mult=0.1
2026/03/25 23:17:07 - mmengine - WARNING - backbone.layer2.0.bn1.weight is skipped since its requires_grad=False
2026/03/25 23:17:07 - mmengine - WARNING - backbone.layer2.0.bn1.bias is skipped since its requires_grad=False
2026/03/25 23:17:07 - mmengine - INFO - paramwise_options -- backbone.layer2.0.conv2.weight:lr=1e-05
2026/03/25 23:17:07 - mmengine - INFO - paramwise_options -- backbone.layer2.0.conv2.weight:weight_decay=0.0001
2026/03/25 23:17:07 - mmengine - INFO - paramwise_options -- backbone.layer2.0.conv2.weight:lr_mult=0.1
2026/03/25 23:17:07 - mmengine - WARNING - backbone.layer2.0.bn2.weight is skipped since its requires_grad=False
2026/03/25 23:17:07 - mmengine - WARNING - backbone.layer2.0.bn2.bias is skipped since its requires_grad=False
2026/03/25 23:17:07 - mmengine - INFO - paramwise_options -- backbone.layer2.0.conv3.weight:lr=1e-05
2026/03/25 23:17:07 - mmengine - INFO - paramwise_options -- backbone.layer2.0.conv3.weight:weight_decay=0.0001
2026/03/25 23:17:07 - mmengine - INFO - paramwise_options -- backbone.layer2.0.conv3.weight:lr_mult=0.1
2026/03/25 23:17:07 - mmengine - WARNING - backbone.layer2.0.bn3.weight is skipped since its requires_grad=False
2026/03/25 23:17:07 - mmengine - WARNING - backbone.layer2.0.bn3.bias is skipped since its requires_grad=False
2026/03/25 23:17:07 - mmengine - INFO - paramwise_options -- backbone.layer2.0.downsample.0.weight:lr=1e-05
2026/03/25 23:17:07 - mmengine - INFO - paramwise_options -- backbone.layer2.0.downsample.0.weight:weight_decay=0.0001
2026/03/25 23:17:07 - mmengine - INFO - paramwise_options -- backbone.layer2.0.downsample.0.weight:lr_mult=0.1
2026/03/25 23:17:07 - mmengine - WARNING - backbone.layer2.0.downsample.1.weight is skipped since its requires_grad=False
2026/03/25 23:17:07 - mmengine - WARNING - backbone.layer2.0.downsample.1.bias is skipped since its requires_grad=False
2026/03/25 23:17:07 - mmengine - INFO - paramwise_options -- backbone.layer2.1.conv1.weight:lr=1e-05
2026/03/25 23:17:07 - mmengine - INFO - paramwise_options -- backbone.layer2.1.conv1.weight:weight_decay=0.0001
2026/03/25 23:17:07 - mmengine - INFO - paramwise_options -- backbone.layer2.1.conv1.weight:lr_mult=0.1
2026/03/25 23:17:07 - mmengine - WARNING - backbone.layer2.1.bn1.weight is skipped since its requires_grad=False
2026/03/25 23:17:07 - mmengine - WARNING - backbone.layer2.1.bn1.bias is skipped since its requires_grad=False
2026/03/25 23:17:07 - mmengine - INFO - paramwise_options -- backbone.layer2.1.conv2.weight:lr=1e-05
2026/03/25 23:17:07 - mmengine - INFO - paramwise_options -- backbone.layer2.1.conv2.weight:weight_decay=0.0001
2026/03/25 23:17:07 - mmengine - INFO - paramwise_options -- backbone.layer2.1.conv2.weight:lr_mult=0.1
2026/03/25 23:17:07 - mmengine - WARNING - backbone.layer2.1.bn2.weight is skipped since its requires_grad=False
2026/03/25 23:17:07 - mmengine - WARNING - backbone.layer2.1.bn2.bias is skipped since its requires_grad=False
2026/03/25 23:17:07 - mmengine - INFO - paramwise_options -- backbone.layer2.1.conv3.weight:lr=1e-05
2026/03/25 23:17:07 - mmengine - INFO - paramwise_options -- backbone.layer2.1.conv3.weight:weight_decay=0.0001
2026/03/25 23:17:07 - mmengine - INFO - paramwise_options -- backbone.layer2.1.conv3.weight:lr_mult=0.1
2026/03/25 23:17:07 - mmengine - WARNING - backbone.layer2.1.bn3.weight is skipped since its requires_grad=False
2026/03/25 23:17:07 - mmengine - WARNING - backbone.layer2.1.bn3.bias is skipped since its requires_grad=False
2026/03/25 23:17:07 - mmengine - INFO - paramwise_options -- backbone.layer2.2.conv1.weight:lr=1e-05
2026/03/25 23:17:07 - mmengine - INFO - paramwise_options -- backbone.layer2.2.conv1.weight:weight_decay=0.0001
2026/03/25 23:17:07 - mmengine - INFO - paramwise_options -- backbone.layer2.2.conv1.weight:lr_mult=0.1
2026/03/25 23:17:07 - mmengine - WARNING - backbone.layer2.2.bn1.weight is skipped since its requires_grad=False
2026/03/25 23:17:07 - mmengine - WARNING - backbone.layer2.2.bn1.bias is skipped since its requires_grad=False
2026/03/25 23:17:07 - mmengine - INFO - paramwise_options -- backbone.layer2.2.conv2.weight:lr=1e-05
2026/03/25 23:17:07 - mmengine - INFO - paramwise_options -- backbone.layer2.2.conv2.weight:weight_decay=0.0001
2026/03/25 23:17:07 - mmengine - INFO - paramwise_options -- backbone.layer2.2.conv2.weight:lr_mult=0.1
2026/03/25 23:17:07 - mmengine - WARNING - backbone.layer2.2.bn2.weight is skipped since its requires_grad=False
2026/03/25 23:17:07 - mmengine - WARNING - backbone.layer2.2.bn2.bias is skipped since its requires_grad=False
2026/03/25 23:17:07 - mmengine - INFO - paramwise_options -- backbone.layer2.2.conv3.weight:lr=1e-05
2026/03/25 23:17:07 - mmengine - INFO - paramwise_options -- backbone.layer2.2.conv3.weight:weight_decay=0.0001
2026/03/25 23:17:07 - mmengine - INFO - paramwise_options -- backbone.layer2.2.conv3.weight:lr_mult=0.1
2026/03/25 23:17:07 - mmengine - WARNING - backbone.layer2.2.bn3.weight is skipped since its requires_grad=False
2026/03/25 23:17:07 - mmengine - WARNING - backbone.layer2.2.bn3.bias is skipped since its requires_grad=False
2026/03/25 23:17:07 - mmengine - INFO - paramwise_options -- backbone.layer2.3.conv1.weight:lr=1e-05
2026/03/25 23:17:07 - mmengine - INFO - paramwise_options -- backbone.layer2.3.conv1.weight:weight_decay=0.0001
2026/03/25 23:17:07 - mmengine - INFO - paramwise_options -- backbone.layer2.3.conv1.weight:lr_mult=0.1
2026/03/25 23:17:07 - mmengine - WARNING - backbone.layer2.3.bn1.weight is skipped since its requires_grad=False
2026/03/25 23:17:07 - mmengine - WARNING - backbone.layer2.3.bn1.bias is skipped since its requires_grad=False
2026/03/25 23:17:07 - mmengine - INFO - paramwise_options -- backbone.layer2.3.conv2.weight:lr=1e-05
2026/03/25 23:17:07 - mmengine - INFO - paramwise_options -- backbone.layer2.3.conv2.weight:weight_decay=0.0001
2026/03/25 23:17:07 - mmengine - INFO - paramwise_options -- backbone.layer2.3.conv2.weight:lr_mult=0.1
2026/03/25 23:17:07 - mmengine - WARNING - backbone.layer2.3.bn2.weight is skipped since its requires_grad=False
2026/03/25 23:17:07 - mmengine - WARNING - backbone.layer2.3.bn2.bias is skipped since its requires_grad=False
2026/03/25 23:17:07 - mmengine - INFO - paramwise_options -- backbone.layer2.3.conv3.weight:lr=1e-05
2026/03/25 23:17:07 - mmengine - INFO - paramwise_options -- backbone.layer2.3.conv3.weight:weight_decay=0.0001
2026/03/25 23:17:07 - mmengine - INFO - paramwise_options -- backbone.layer2.3.conv3.weight:lr_mult=0.1
2026/03/25 23:17:07 - mmengine - WARNING - backbone.layer2.3.bn3.weight is skipped since its requires_grad=False
2026/03/25 23:17:07 - mmengine - WARNING - backbone.layer2.3.bn3.bias is skipped since its requires_grad=False
2026/03/25 23:17:07 - mmengine - INFO - paramwise_options -- backbone.layer3.0.conv1.weight:lr=1e-05
2026/03/25 23:17:07 - mmengine - INFO - paramwise_options -- backbone.layer3.0.conv1.weight:weight_decay=0.0001
2026/03/25 23:17:07 - mmengine - INFO - paramwise_options -- backbone.layer3.0.conv1.weight:lr_mult=0.1
2026/03/25 23:17:07 - mmengine - WARNING - backbone.layer3.0.bn1.weight is skipped since its requires_grad=False
2026/03/25 23:17:07 - mmengine - WARNING - backbone.layer3.0.bn1.bias is skipped since its requires_grad=False
2026/03/25 23:17:07 - mmengine - INFO - paramwise_options -- backbone.layer3.0.conv2.weight:lr=1e-05
2026/03/25 23:17:07 - mmengine - INFO - paramwise_options -- backbone.layer3.0.conv2.weight:weight_decay=0.0001
2026/03/25 23:17:07 - mmengine - INFO - paramwise_options -- backbone.layer3.0.conv2.weight:lr_mult=0.1
2026/03/25 23:17:07 - mmengine - WARNING - backbone.layer3.0.bn2.weight is skipped since its requires_grad=False
2026/03/25 23:17:07 - mmengine - WARNING - backbone.layer3.0.bn2.bias is skipped since its requires_grad=False
2026/03/25 23:17:07 - mmengine - INFO - paramwise_options -- backbone.layer3.0.conv3.weight:lr=1e-05
2026/03/25 23:17:07 - mmengine - INFO - paramwise_options -- backbone.layer3.0.conv3.weight:weight_decay=0.0001
2026/03/25 23:17:07 - mmengine - INFO - paramwise_options -- backbone.layer3.0.conv3.weight:lr_mult=0.1
2026/03/25 23:17:07 - mmengine - WARNING - backbone.layer3.0.bn3.weight is skipped since its requires_grad=False
2026/03/25 23:17:07 - mmengine - WARNING - backbone.layer3.0.bn3.bias is skipped since its requires_grad=False
2026/03/25 23:17:07 - mmengine - INFO - paramwise_options -- backbone.layer3.0.downsample.0.weight:lr=1e-05
2026/03/25 23:17:07 - mmengine - INFO - paramwise_options -- backbone.layer3.0.downsample.0.weight:weight_decay=0.0001
2026/03/25 23:17:07 - mmengine - INFO - paramwise_options -- backbone.layer3.0.downsample.0.weight:lr_mult=0.1
2026/03/25 23:17:07 - mmengine - WARNING - backbone.layer3.0.downsample.1.weight is skipped since its requires_grad=False
2026/03/25 23:17:07 - mmengine - WARNING - backbone.layer3.0.downsample.1.bias is skipped since its requires_grad=False
2026/03/25 23:17:08 - mmengine - INFO - paramwise_options -- backbone.layer3.1.conv1.weight:lr=1e-05
2026/03/25 23:17:08 - mmengine - INFO - paramwise_options -- backbone.layer3.1.conv1.weight:weight_decay=0.0001
2026/03/25 23:17:08 - mmengine - INFO - paramwise_options -- backbone.layer3.1.conv1.weight:lr_mult=0.1
2026/03/25 23:17:08 - mmengine - WARNING - backbone.layer3.1.bn1.weight is skipped since its requires_grad=False
2026/03/25 23:17:08 - mmengine - WARNING - backbone.layer3.1.bn1.bias is skipped since its requires_grad=False
2026/03/25 23:17:08 - mmengine - INFO - paramwise_options -- backbone.layer3.1.conv2.weight:lr=1e-05
2026/03/25 23:17:08 - mmengine - INFO - paramwise_options -- backbone.layer3.1.conv2.weight:weight_decay=0.0001
2026/03/25 23:17:08 - mmengine - INFO - paramwise_options -- backbone.layer3.1.conv2.weight:lr_mult=0.1
2026/03/25 23:17:08 - mmengine - WARNING - backbone.layer3.1.bn2.weight is skipped since its requires_grad=False
2026/03/25 23:17:08 - mmengine - WARNING - backbone.layer3.1.bn2.bias is skipped since its requires_grad=False
2026/03/25 23:17:08 - mmengine - INFO - paramwise_options -- backbone.layer3.1.conv3.weight:lr=1e-05
2026/03/25 23:17:08 - mmengine - INFO - paramwise_options -- backbone.layer3.1.conv3.weight:weight_decay=0.0001
2026/03/25 23:17:08 - mmengine - INFO - paramwise_options -- backbone.layer3.1.conv3.weight:lr_mult=0.1
2026/03/25 23:17:08 - mmengine - WARNING - backbone.layer3.1.bn3.weight is skipped since its requires_grad=False
2026/03/25 23:17:08 - mmengine - WARNING - backbone.layer3.1.bn3.bias is skipped since its requires_grad=False
2026/03/25 23:17:08 - mmengine - INFO - paramwise_options -- backbone.layer3.2.conv1.weight:lr=1e-05
2026/03/25 23:17:08 - mmengine - INFO - paramwise_options -- backbone.layer3.2.conv1.weight:weight_decay=0.0001
2026/03/25 23:17:08 - mmengine - INFO - paramwise_options -- backbone.layer3.2.conv1.weight:lr_mult=0.1
2026/03/25 23:17:08 - mmengine - WARNING - backbone.layer3.2.bn1.weight is skipped since its requires_grad=False
2026/03/25 23:17:08 - mmengine - WARNING - backbone.layer3.2.bn1.bias is skipped since its requires_grad=False
2026/03/25 23:17:08 - mmengine - INFO - paramwise_options -- backbone.layer3.2.conv2.weight:lr=1e-05
2026/03/25 23:17:08 - mmengine - INFO - paramwise_options -- backbone.layer3.2.conv2.weight:weight_decay=0.0001
2026/03/25 23:17:08 - mmengine - INFO - paramwise_options -- backbone.layer3.2.conv2.weight:lr_mult=0.1
2026/03/25 23:17:08 - mmengine - WARNING - backbone.layer3.2.bn2.weight is skipped since its requires_grad=False
2026/03/25 23:17:08 - mmengine - WARNING - backbone.layer3.2.bn2.bias is skipped since its requires_grad=False
2026/03/25 23:17:08 - mmengine - INFO - paramwise_options -- backbone.layer3.2.conv3.weight:lr=1e-05
2026/03/25 23:17:08 - mmengine - INFO - paramwise_options -- backbone.layer3.2.conv3.weight:weight_decay=0.0001
2026/03/25 23:17:08 - mmengine - INFO - paramwise_options -- backbone.layer3.2.conv3.weight:lr_mult=0.1
2026/03/25 23:17:08 - mmengine - WARNING - backbone.layer3.2.bn3.weight is skipped since its requires_grad=False
2026/03/25 23:17:08 - mmengine - WARNING - backbone.layer3.2.bn3.bias is skipped since its requires_grad=False
2026/03/25 23:17:08 - mmengine - INFO - paramwise_options -- backbone.layer3.3.conv1.weight:lr=1e-05
2026/03/25 23:17:08 - mmengine - INFO - paramwise_options -- backbone.layer3.3.conv1.weight:weight_decay=0.0001
2026/03/25 23:17:08 - mmengine - INFO - paramwise_options -- backbone.layer3.3.conv1.weight:lr_mult=0.1
2026/03/25 23:17:08 - mmengine - WARNING - backbone.layer3.3.bn1.weight is skipped since its requires_grad=False
2026/03/25 23:17:08 - mmengine - WARNING - backbone.layer3.3.bn1.bias is skipped since its requires_grad=False
2026/03/25 23:17:08 - mmengine - INFO - paramwise_options -- backbone.layer3.3.conv2.weight:lr=1e-05
2026/03/25 23:17:08 - mmengine - INFO - paramwise_options -- backbone.layer3.3.conv2.weight:weight_decay=0.0001
2026/03/25 23:17:08 - mmengine - INFO - paramwise_options -- backbone.layer3.3.conv2.weight:lr_mult=0.1
2026/03/25 23:17:08 - mmengine - WARNING - backbone.layer3.3.bn2.weight is skipped since its requires_grad=False
2026/03/25 23:17:08 - mmengine - WARNING - backbone.layer3.3.bn2.bias is skipped since its requires_grad=False
2026/03/25 23:17:08 - mmengine - INFO - paramwise_options -- backbone.layer3.3.conv3.weight:lr=1e-05
2026/03/25 23:17:08 - mmengine - INFO - paramwise_options -- backbone.layer3.3.conv3.weight:weight_decay=0.0001
2026/03/25 23:17:08 - mmengine - INFO - paramwise_options -- backbone.layer3.3.conv3.weight:lr_mult=0.1
2026/03/25 23:17:08 - mmengine - WARNING - backbone.layer3.3.bn3.weight is skipped since its requires_grad=False
2026/03/25 23:17:08 - mmengine - WARNING - backbone.layer3.3.bn3.bias is skipped since its requires_grad=False
2026/03/25 23:17:08 - mmengine - INFO - paramwise_options -- backbone.layer3.4.conv1.weight:lr=1e-05
2026/03/25 23:17:08 - mmengine - INFO - paramwise_options -- backbone.layer3.4.conv1.weight:weight_decay=0.0001
2026/03/25 23:17:08 - mmengine - INFO - paramwise_options -- backbone.layer3.4.conv1.weight:lr_mult=0.1
2026/03/25 23:17:08 - mmengine - WARNING - backbone.layer3.4.bn1.weight is skipped since its requires_grad=False
2026/03/25 23:17:08 - mmengine - WARNING - backbone.layer3.4.bn1.bias is skipped since its requires_grad=False
2026/03/25 23:17:08 - mmengine - INFO - paramwise_options -- backbone.layer3.4.conv2.weight:lr=1e-05
2026/03/25 23:17:08 - mmengine - INFO - paramwise_options -- backbone.layer3.4.conv2.weight:weight_decay=0.0001
2026/03/25 23:17:08 - mmengine - INFO - paramwise_options -- backbone.layer3.4.conv2.weight:lr_mult=0.1
2026/03/25 23:17:08 - mmengine - WARNING - backbone.layer3.4.bn2.weight is skipped since its requires_grad=False
2026/03/25 23:17:08 - mmengine - WARNING - backbone.layer3.4.bn2.bias is skipped since its requires_grad=False
2026/03/25 23:17:08 - mmengine - INFO - paramwise_options -- backbone.layer3.4.conv3.weight:lr=1e-05
2026/03/25 23:17:08 - mmengine - INFO - paramwise_options -- backbone.layer3.4.conv3.weight:weight_decay=0.0001
2026/03/25 23:17:08 - mmengine - INFO - paramwise_options -- backbone.layer3.4.conv3.weight:lr_mult=0.1
2026/03/25 23:17:08 - mmengine - WARNING - backbone.layer3.4.bn3.weight is skipped since its requires_grad=False
2026/03/25 23:17:08 - mmengine - WARNING - backbone.layer3.4.bn3.bias is skipped since its requires_grad=False
2026/03/25 23:17:08 - mmengine - INFO - paramwise_options -- backbone.layer3.5.conv1.weight:lr=1e-05
2026/03/25 23:17:08 - mmengine - INFO - paramwise_options -- backbone.layer3.5.conv1.weight:weight_decay=0.0001
2026/03/25 23:17:08 - mmengine - INFO - paramwise_options -- backbone.layer3.5.conv1.weight:lr_mult=0.1
2026/03/25 23:17:08 - mmengine - WARNING - backbone.layer3.5.bn1.weight is skipped since its requires_grad=False
2026/03/25 23:17:08 - mmengine - WARNING - backbone.layer3.5.bn1.bias is skipped since its requires_grad=False
2026/03/25 23:17:08 - mmengine - INFO - paramwise_options -- backbone.layer3.5.conv2.weight:lr=1e-05
2026/03/25 23:17:08 - mmengine - INFO - paramwise_options -- backbone.layer3.5.conv2.weight:weight_decay=0.0001
2026/03/25 23:17:08 - mmengine - INFO - paramwise_options -- backbone.layer3.5.conv2.weight:lr_mult=0.1
2026/03/25 23:17:08 - mmengine - WARNING - backbone.layer3.5.bn2.weight is skipped since its requires_grad=False
2026/03/25 23:17:08 - mmengine - WARNING - backbone.layer3.5.bn2.bias is skipped since its requires_grad=False
2026/03/25 23:17:08 - mmengine - INFO - paramwise_options -- backbone.layer3.5.conv3.weight:lr=1e-05
2026/03/25 23:17:08 - mmengine - INFO - paramwise_options -- backbone.layer3.5.conv3.weight:weight_decay=0.0001
2026/03/25 23:17:08 - mmengine - INFO - paramwise_options -- backbone.layer3.5.conv3.weight:lr_mult=0.1
2026/03/25 23:17:08 - mmengine - WARNING - backbone.layer3.5.bn3.weight is skipped since its requires_grad=False
2026/03/25 23:17:08 - mmengine - WARNING - backbone.layer3.5.bn3.bias is skipped since its requires_grad=False
2026/03/25 23:17:08 - mmengine - INFO - paramwise_options -- backbone.layer4.0.conv1.weight:lr=1e-05
2026/03/25 23:17:08 - mmengine - INFO - paramwise_options -- backbone.layer4.0.conv1.weight:weight_decay=0.0001
2026/03/25 23:17:08 - mmengine - INFO - paramwise_options -- backbone.layer4.0.conv1.weight:lr_mult=0.1
2026/03/25 23:17:08 - mmengine - WARNING - backbone.layer4.0.bn1.weight is skipped since its requires_grad=False
2026/03/25 23:17:08 - mmengine - WARNING - backbone.layer4.0.bn1.bias is skipped since its requires_grad=False
2026/03/25 23:17:08 - mmengine - INFO - paramwise_options -- backbone.layer4.0.conv2.weight:lr=1e-05
2026/03/25 23:17:08 - mmengine - INFO - paramwise_options -- backbone.layer4.0.conv2.weight:weight_decay=0.0001
2026/03/25 23:17:08 - mmengine - INFO - paramwise_options -- backbone.layer4.0.conv2.weight:lr_mult=0.1
2026/03/25 23:17:08 - mmengine - WARNING - backbone.layer4.0.bn2.weight is skipped since its requires_grad=False
2026/03/25 23:17:08 - mmengine - WARNING - backbone.layer4.0.bn2.bias is skipped since its requires_grad=False
2026/03/25 23:17:08 - mmengine - INFO - paramwise_options -- backbone.layer4.0.conv3.weight:lr=1e-05
2026/03/25 23:17:08 - mmengine - INFO - paramwise_options -- backbone.layer4.0.conv3.weight:weight_decay=0.0001
2026/03/25 23:17:08 - mmengine - INFO - paramwise_options -- backbone.layer4.0.conv3.weight:lr_mult=0.1
2026/03/25 23:17:08 - mmengine - WARNING - backbone.layer4.0.bn3.weight is skipped since its requires_grad=False
2026/03/25 23:17:08 - mmengine - WARNING - backbone.layer4.0.bn3.bias is skipped since its requires_grad=False
2026/03/25 23:17:08 - mmengine - INFO - paramwise_options -- backbone.layer4.0.downsample.0.weight:lr=1e-05
2026/03/25 23:17:08 - mmengine - INFO - paramwise_options -- backbone.layer4.0.downsample.0.weight:weight_decay=0.0001
2026/03/25 23:17:08 - mmengine - INFO - paramwise_options -- backbone.layer4.0.downsample.0.weight:lr_mult=0.1
2026/03/25 23:17:08 - mmengine - WARNING - backbone.layer4.0.downsample.1.weight is skipped since its requires_grad=False
2026/03/25 23:17:08 - mmengine - WARNING - backbone.layer4.0.downsample.1.bias is skipped since its requires_grad=False
2026/03/25 23:17:08 - mmengine - INFO - paramwise_options -- backbone.layer4.1.conv1.weight:lr=1e-05
2026/03/25 23:17:08 - mmengine - INFO - paramwise_options -- backbone.layer4.1.conv1.weight:weight_decay=0.0001
2026/03/25 23:17:08 - mmengine - INFO - paramwise_options -- backbone.layer4.1.conv1.weight:lr_mult=0.1
2026/03/25 23:17:08 - mmengine - WARNING - backbone.layer4.1.bn1.weight is skipped since its requires_grad=False
2026/03/25 23:17:08 - mmengine - WARNING - backbone.layer4.1.bn1.bias is skipped since its requires_grad=False
2026/03/25 23:17:08 - mmengine - INFO - paramwise_options -- backbone.layer4.1.conv2.weight:lr=1e-05
2026/03/25 23:17:08 - mmengine - INFO - paramwise_options -- backbone.layer4.1.conv2.weight:weight_decay=0.0001
2026/03/25 23:17:08 - mmengine - INFO - paramwise_options -- backbone.layer4.1.conv2.weight:lr_mult=0.1
2026/03/25 23:17:08 - mmengine - WARNING - backbone.layer4.1.bn2.weight is skipped since its requires_grad=False
2026/03/25 23:17:08 - mmengine - WARNING - backbone.layer4.1.bn2.bias is skipped since its requires_grad=False
2026/03/25 23:17:08 - mmengine - INFO - paramwise_options -- backbone.layer4.1.conv3.weight:lr=1e-05
2026/03/25 23:17:08 - mmengine - INFO - paramwise_options -- backbone.layer4.1.conv3.weight:weight_decay=0.0001
2026/03/25 23:17:08 - mmengine - INFO - paramwise_options -- backbone.layer4.1.conv3.weight:lr_mult=0.1
2026/03/25 23:17:08 - mmengine - WARNING - backbone.layer4.1.bn3.weight is skipped since its requires_grad=False
2026/03/25 23:17:08 - mmengine - WARNING - backbone.layer4.1.bn3.bias is skipped since its requires_grad=False
2026/03/25 23:17:08 - mmengine - INFO - paramwise_options -- backbone.layer4.2.conv1.weight:lr=1e-05
2026/03/25 23:17:08 - mmengine - INFO - paramwise_options -- backbone.layer4.2.conv1.weight:weight_decay=0.0001
2026/03/25 23:17:08 - mmengine - INFO - paramwise_options -- backbone.layer4.2.conv1.weight:lr_mult=0.1
2026/03/25 23:17:08 - mmengine - WARNING - backbone.layer4.2.bn1.weight is skipped since its requires_grad=False
2026/03/25 23:17:08 - mmengine - WARNING - backbone.layer4.2.bn1.bias is skipped since its requires_grad=False
2026/03/25 23:17:08 - mmengine - INFO - paramwise_options -- backbone.layer4.2.conv2.weight:lr=1e-05
2026/03/25 23:17:08 - mmengine - INFO - paramwise_options -- backbone.layer4.2.conv2.weight:weight_decay=0.0001
2026/03/25 23:17:08 - mmengine - INFO - paramwise_options -- backbone.layer4.2.conv2.weight:lr_mult=0.1
2026/03/25 23:17:08 - mmengine - WARNING - backbone.layer4.2.bn2.weight is skipped since its requires_grad=False
2026/03/25 23:17:08 - mmengine - WARNING - backbone.layer4.2.bn2.bias is skipped since its requires_grad=False
2026/03/25 23:17:08 - mmengine - INFO - paramwise_options -- backbone.layer4.2.conv3.weight:lr=1e-05
2026/03/25 23:17:08 - mmengine - INFO - paramwise_options -- backbone.layer4.2.conv3.weight:weight_decay=0.0001
2026/03/25 23:17:08 - mmengine - INFO - paramwise_options -- backbone.layer4.2.conv3.weight:lr_mult=0.1
2026/03/25 23:17:08 - mmengine - WARNING - backbone.layer4.2.bn3.weight is skipped since its requires_grad=False
2026/03/25 23:17:08 - mmengine - WARNING - backbone.layer4.2.bn3.bias is skipped since its requires_grad=False
2026/03/25 23:17:09 - mmengine - INFO - load model from: torchvision://resnet50
2026/03/25 23:17:09 - mmengine - INFO - Loads checkpoint by torchvision backend from path: torchvision://resnet50
2026/03/25 23:17:09 - mmengine - WARNING - The model and loaded state dict do not match exactly

unexpected key in source state_dict: fc.weight, fc.bias

Name of parameter - Initialization information

level_embed - torch.Size([4, 256]): 
The value is the same before and after calling `init_weights` of DINO  

backbone.conv1.weight - torch.Size([64, 3, 7, 7]): 
PretrainedInit: load from torchvision://resnet50 

backbone.bn1.weight - torch.Size([64]): 
PretrainedInit: load from torchvision://resnet50 

backbone.bn1.bias - torch.Size([64]): 
PretrainedInit: load from torchvision://resnet50 

backbone.layer1.0.conv1.weight - torch.Size([64, 64, 1, 1]): 
PretrainedInit: load from torchvision://resnet50 

backbone.layer1.0.bn1.weight - torch.Size([64]): 
PretrainedInit: load from torchvision://resnet50 

backbone.layer1.0.bn1.bias - torch.Size([64]): 
PretrainedInit: load from torchvision://resnet50 

backbone.layer1.0.conv2.weight - torch.Size([64, 64, 3, 3]): 
PretrainedInit: load from torchvision://resnet50 

backbone.layer1.0.bn2.weight - torch.Size([64]): 
PretrainedInit: load from torchvision://resnet50 

backbone.layer1.0.bn2.bias - torch.Size([64]): 
PretrainedInit: load from torchvision://resnet50 

backbone.layer1.0.conv3.weight - torch.Size([256, 64, 1, 1]): 
PretrainedInit: load from torchvision://resnet50 

backbone.layer1.0.bn3.weight - torch.Size([256]): 
PretrainedInit: load from torchvision://resnet50 

backbone.layer1.0.bn3.bias - torch.Size([256]): 
PretrainedInit: load from torchvision://resnet50 

backbone.layer1.0.downsample.0.weight - torch.Size([256, 64, 1, 1]): 
PretrainedInit: load from torchvision://resnet50 

backbone.layer1.0.downsample.1.weight - torch.Size([256]): 
PretrainedInit: load from torchvision://resnet50 

backbone.layer1.0.downsample.1.bias - torch.Size([256]): 
PretrainedInit: load from torchvision://resnet50 

backbone.layer1.1.conv1.weight - torch.Size([64, 256, 1, 1]): 
PretrainedInit: load from torchvision://resnet50 

backbone.layer1.1.bn1.weight - torch.Size([64]): 
PretrainedInit: load from torchvision://resnet50 

backbone.layer1.1.bn1.bias - torch.Size([64]): 
PretrainedInit: load from torchvision://resnet50 

backbone.layer1.1.conv2.weight - torch.Size([64, 64, 3, 3]): 
PretrainedInit: load from torchvision://resnet50 

backbone.layer1.1.bn2.weight - torch.Size([64]): 
PretrainedInit: load from torchvision://resnet50 

backbone.layer1.1.bn2.bias - torch.Size([64]): 
PretrainedInit: load from torchvision://resnet50 

backbone.layer1.1.conv3.weight - torch.Size([256, 64, 1, 1]): 
PretrainedInit: load from torchvision://resnet50 

backbone.layer1.1.bn3.weight - torch.Size([256]): 
PretrainedInit: load from torchvision://resnet50 

backbone.layer1.1.bn3.bias - torch.Size([256]): 
PretrainedInit: load from torchvision://resnet50 

backbone.layer1.2.conv1.weight - torch.Size([64, 256, 1, 1]): 
PretrainedInit: load from torchvision://resnet50 

backbone.layer1.2.bn1.weight - torch.Size([64]): 
PretrainedInit: load from torchvision://resnet50 

backbone.layer1.2.bn1.bias - torch.Size([64]): 
PretrainedInit: load from torchvision://resnet50 

backbone.layer1.2.conv2.weight - torch.Size([64, 64, 3, 3]): 
PretrainedInit: load from torchvision://resnet50 

backbone.layer1.2.bn2.weight - torch.Size([64]): 
PretrainedInit: load from torchvision://resnet50 

backbone.layer1.2.bn2.bias - torch.Size([64]): 
PretrainedInit: load from torchvision://resnet50 

backbone.layer1.2.conv3.weight - torch.Size([256, 64, 1, 1]): 
PretrainedInit: load from torchvision://resnet50 

backbone.layer1.2.bn3.weight - torch.Size([256]): 
PretrainedInit: load from torchvision://resnet50 

backbone.layer1.2.bn3.bias - torch.Size([256]): 
PretrainedInit: load from torchvision://resnet50 

backbone.layer2.0.conv1.weight - torch.Size([128, 256, 1, 1]): 
PretrainedInit: load from torchvision://resnet50 

backbone.layer2.0.bn1.weight - torch.Size([128]): 
PretrainedInit: load from torchvision://resnet50 

backbone.layer2.0.bn1.bias - torch.Size([128]): 
PretrainedInit: load from torchvision://resnet50 

backbone.layer2.0.conv2.weight - torch.Size([128, 128, 3, 3]): 
PretrainedInit: load from torchvision://resnet50 

backbone.layer2.0.bn2.weight - torch.Size([128]): 
PretrainedInit: load from torchvision://resnet50 

backbone.layer2.0.bn2.bias - torch.Size([128]): 
PretrainedInit: load from torchvision://resnet50 

backbone.layer2.0.conv3.weight - torch.Size([512, 128, 1, 1]): 
PretrainedInit: load from torchvision://resnet50 

backbone.layer2.0.bn3.weight - torch.Size([512]): 
PretrainedInit: load from torchvision://resnet50 

backbone.layer2.0.bn3.bias - torch.Size([512]): 
PretrainedInit: load from torchvision://resnet50 

backbone.layer2.0.downsample.0.weight - torch.Size([512, 256, 1, 1]): 
PretrainedInit: load from torchvision://resnet50 

backbone.layer2.0.downsample.1.weight - torch.Size([512]): 
PretrainedInit: load from torchvision://resnet50 

backbone.layer2.0.downsample.1.bias - torch.Size([512]): 
PretrainedInit: load from torchvision://resnet50 

backbone.layer2.1.conv1.weight - torch.Size([128, 512, 1, 1]): 
PretrainedInit: load from torchvision://resnet50 

backbone.layer2.1.bn1.weight - torch.Size([128]): 
PretrainedInit: load from torchvision://resnet50 

backbone.layer2.1.bn1.bias - torch.Size([128]): 
PretrainedInit: load from torchvision://resnet50 

backbone.layer2.1.conv2.weight - torch.Size([128, 128, 3, 3]): 
PretrainedInit: load from torchvision://resnet50 

backbone.layer2.1.bn2.weight - torch.Size([128]): 
PretrainedInit: load from torchvision://resnet50 

backbone.layer2.1.bn2.bias - torch.Size([128]): 
PretrainedInit: load from torchvision://resnet50 

backbone.layer2.1.conv3.weight - torch.Size([512, 128, 1, 1]): 
PretrainedInit: load from torchvision://resnet50 

backbone.layer2.1.bn3.weight - torch.Size([512]): 
PretrainedInit: load from torchvision://resnet50 

backbone.layer2.1.bn3.bias - torch.Size([512]): 
PretrainedInit: load from torchvision://resnet50 

backbone.layer2.2.conv1.weight - torch.Size([128, 512, 1, 1]): 
PretrainedInit: load from torchvision://resnet50 

backbone.layer2.2.bn1.weight - torch.Size([128]): 
PretrainedInit: load from torchvision://resnet50 

backbone.layer2.2.bn1.bias - torch.Size([128]): 
PretrainedInit: load from torchvision://resnet50 

backbone.layer2.2.conv2.weight - torch.Size([128, 128, 3, 3]): 
PretrainedInit: load from torchvision://resnet50 

backbone.layer2.2.bn2.weight - torch.Size([128]): 
PretrainedInit: load from torchvision://resnet50 

backbone.layer2.2.bn2.bias - torch.Size([128]): 
PretrainedInit: load from torchvision://resnet50 

backbone.layer2.2.conv3.weight - torch.Size([512, 128, 1, 1]): 
PretrainedInit: load from torchvision://resnet50 

backbone.layer2.2.bn3.weight - torch.Size([512]): 
PretrainedInit: load from torchvision://resnet50 

backbone.layer2.2.bn3.bias - torch.Size([512]): 
PretrainedInit: load from torchvision://resnet50 

backbone.layer2.3.conv1.weight - torch.Size([128, 512, 1, 1]): 
PretrainedInit: load from torchvision://resnet50 

backbone.layer2.3.bn1.weight - torch.Size([128]): 
PretrainedInit: load from torchvision://resnet50 

backbone.layer2.3.bn1.bias - torch.Size([128]): 
PretrainedInit: load from torchvision://resnet50 

backbone.layer2.3.conv2.weight - torch.Size([128, 128, 3, 3]): 
PretrainedInit: load from torchvision://resnet50 

backbone.layer2.3.bn2.weight - torch.Size([128]): 
PretrainedInit: load from torchvision://resnet50 

backbone.layer2.3.bn2.bias - torch.Size([128]): 
PretrainedInit: load from torchvision://resnet50 

backbone.layer2.3.conv3.weight - torch.Size([512, 128, 1, 1]): 
PretrainedInit: load from torchvision://resnet50 

backbone.layer2.3.bn3.weight - torch.Size([512]): 
PretrainedInit: load from torchvision://resnet50 

backbone.layer2.3.bn3.bias - torch.Size([512]): 
PretrainedInit: load from torchvision://resnet50 

backbone.layer3.0.conv1.weight - torch.Size([256, 512, 1, 1]): 
PretrainedInit: load from torchvision://resnet50 

backbone.layer3.0.bn1.weight - torch.Size([256]): 
PretrainedInit: load from torchvision://resnet50 

backbone.layer3.0.bn1.bias - torch.Size([256]): 
PretrainedInit: load from torchvision://resnet50 

backbone.layer3.0.conv2.weight - torch.Size([256, 256, 3, 3]): 
PretrainedInit: load from torchvision://resnet50 

backbone.layer3.0.bn2.weight - torch.Size([256]): 
PretrainedInit: load from torchvision://resnet50 

backbone.layer3.0.bn2.bias - torch.Size([256]): 
PretrainedInit: load from torchvision://resnet50 

backbone.layer3.0.conv3.weight - torch.Size([1024, 256, 1, 1]): 
PretrainedInit: load from torchvision://resnet50 

backbone.layer3.0.bn3.weight - torch.Size([1024]): 
PretrainedInit: load from torchvision://resnet50 

backbone.layer3.0.bn3.bias - torch.Size([1024]): 
PretrainedInit: load from torchvision://resnet50 

backbone.layer3.0.downsample.0.weight - torch.Size([1024, 512, 1, 1]): 
PretrainedInit: load from torchvision://resnet50 

backbone.layer3.0.downsample.1.weight - torch.Size([1024]): 
PretrainedInit: load from torchvision://resnet50 

backbone.layer3.0.downsample.1.bias - torch.Size([1024]): 
PretrainedInit: load from torchvision://resnet50 

backbone.layer3.1.conv1.weight - torch.Size([256, 1024, 1, 1]): 
PretrainedInit: load from torchvision://resnet50 

backbone.layer3.1.bn1.weight - torch.Size([256]): 
PretrainedInit: load from torchvision://resnet50 

backbone.layer3.1.bn1.bias - torch.Size([256]): 
PretrainedInit: load from torchvision://resnet50 

backbone.layer3.1.conv2.weight - torch.Size([256, 256, 3, 3]): 
PretrainedInit: load from torchvision://resnet50 

backbone.layer3.1.bn2.weight - torch.Size([256]): 
PretrainedInit: load from torchvision://resnet50 

backbone.layer3.1.bn2.bias - torch.Size([256]): 
PretrainedInit: load from torchvision://resnet50 

backbone.layer3.1.conv3.weight - torch.Size([1024, 256, 1, 1]): 
PretrainedInit: load from torchvision://resnet50 

backbone.layer3.1.bn3.weight - torch.Size([1024]): 
PretrainedInit: load from torchvision://resnet50 

backbone.layer3.1.bn3.bias - torch.Size([1024]): 
PretrainedInit: load from torchvision://resnet50 

backbone.layer3.2.conv1.weight - torch.Size([256, 1024, 1, 1]): 
PretrainedInit: load from torchvision://resnet50 

backbone.layer3.2.bn1.weight - torch.Size([256]): 
PretrainedInit: load from torchvision://resnet50 

backbone.layer3.2.bn1.bias - torch.Size([256]): 
PretrainedInit: load from torchvision://resnet50 

backbone.layer3.2.conv2.weight - torch.Size([256, 256, 3, 3]): 
PretrainedInit: load from torchvision://resnet50 

backbone.layer3.2.bn2.weight - torch.Size([256]): 
PretrainedInit: load from torchvision://resnet50 

backbone.layer3.2.bn2.bias - torch.Size([256]): 
PretrainedInit: load from torchvision://resnet50 

backbone.layer3.2.conv3.weight - torch.Size([1024, 256, 1, 1]): 
PretrainedInit: load from torchvision://resnet50 

backbone.layer3.2.bn3.weight - torch.Size([1024]): 
PretrainedInit: load from torchvision://resnet50 

backbone.layer3.2.bn3.bias - torch.Size([1024]): 
PretrainedInit: load from torchvision://resnet50 

backbone.layer3.3.conv1.weight - torch.Size([256, 1024, 1, 1]): 
PretrainedInit: load from torchvision://resnet50 

backbone.layer3.3.bn1.weight - torch.Size([256]): 
PretrainedInit: load from torchvision://resnet50 

backbone.layer3.3.bn1.bias - torch.Size([256]): 
PretrainedInit: load from torchvision://resnet50 

backbone.layer3.3.conv2.weight - torch.Size([256, 256, 3, 3]): 
PretrainedInit: load from torchvision://resnet50 

backbone.layer3.3.bn2.weight - torch.Size([256]): 
PretrainedInit: load from torchvision://resnet50 

backbone.layer3.3.bn2.bias - torch.Size([256]): 
PretrainedInit: load from torchvision://resnet50 

backbone.layer3.3.conv3.weight - torch.Size([1024, 256, 1, 1]): 
PretrainedInit: load from torchvision://resnet50 

backbone.layer3.3.bn3.weight - torch.Size([1024]): 
PretrainedInit: load from torchvision://resnet50 

backbone.layer3.3.bn3.bias - torch.Size([1024]): 
PretrainedInit: load from torchvision://resnet50 

backbone.layer3.4.conv1.weight - torch.Size([256, 1024, 1, 1]): 
PretrainedInit: load from torchvision://resnet50 

backbone.layer3.4.bn1.weight - torch.Size([256]): 
PretrainedInit: load from torchvision://resnet50 

backbone.layer3.4.bn1.bias - torch.Size([256]): 
PretrainedInit: load from torchvision://resnet50 

backbone.layer3.4.conv2.weight - torch.Size([256, 256, 3, 3]): 
PretrainedInit: load from torchvision://resnet50 

backbone.layer3.4.bn2.weight - torch.Size([256]): 
PretrainedInit: load from torchvision://resnet50 

backbone.layer3.4.bn2.bias - torch.Size([256]): 
PretrainedInit: load from torchvision://resnet50 

backbone.layer3.4.conv3.weight - torch.Size([1024, 256, 1, 1]): 
PretrainedInit: load from torchvision://resnet50 

backbone.layer3.4.bn3.weight - torch.Size([1024]): 
PretrainedInit: load from torchvision://resnet50 

backbone.layer3.4.bn3.bias - torch.Size([1024]): 
PretrainedInit: load from torchvision://resnet50 

backbone.layer3.5.conv1.weight - torch.Size([256, 1024, 1, 1]): 
PretrainedInit: load from torchvision://resnet50 

backbone.layer3.5.bn1.weight - torch.Size([256]): 
PretrainedInit: load from torchvision://resnet50 

backbone.layer3.5.bn1.bias - torch.Size([256]): 
PretrainedInit: load from torchvision://resnet50 

backbone.layer3.5.conv2.weight - torch.Size([256, 256, 3, 3]): 
PretrainedInit: load from torchvision://resnet50 

backbone.layer3.5.bn2.weight - torch.Size([256]): 
PretrainedInit: load from torchvision://resnet50 

backbone.layer3.5.bn2.bias - torch.Size([256]): 
PretrainedInit: load from torchvision://resnet50 

backbone.layer3.5.conv3.weight - torch.Size([1024, 256, 1, 1]): 
PretrainedInit: load from torchvision://resnet50 

backbone.layer3.5.bn3.weight - torch.Size([1024]): 
PretrainedInit: load from torchvision://resnet50 

backbone.layer3.5.bn3.bias - torch.Size([1024]): 
PretrainedInit: load from torchvision://resnet50 

backbone.layer4.0.conv1.weight - torch.Size([512, 1024, 1, 1]): 
PretrainedInit: load from torchvision://resnet50 

backbone.layer4.0.bn1.weight - torch.Size([512]): 
PretrainedInit: load from torchvision://resnet50 

backbone.layer4.0.bn1.bias - torch.Size([512]): 
PretrainedInit: load from torchvision://resnet50 

backbone.layer4.0.conv2.weight - torch.Size([512, 512, 3, 3]): 
PretrainedInit: load from torchvision://resnet50 

backbone.layer4.0.bn2.weight - torch.Size([512]): 
PretrainedInit: load from torchvision://resnet50 

backbone.layer4.0.bn2.bias - torch.Size([512]): 
PretrainedInit: load from torchvision://resnet50 

backbone.layer4.0.conv3.weight - torch.Size([2048, 512, 1, 1]): 
PretrainedInit: load from torchvision://resnet50 

backbone.layer4.0.bn3.weight - torch.Size([2048]): 
PretrainedInit: load from torchvision://resnet50 

backbone.layer4.0.bn3.bias - torch.Size([2048]): 
PretrainedInit: load from torchvision://resnet50 

backbone.layer4.0.downsample.0.weight - torch.Size([2048, 1024, 1, 1]): 
PretrainedInit: load from torchvision://resnet50 

backbone.layer4.0.downsample.1.weight - torch.Size([2048]): 
PretrainedInit: load from torchvision://resnet50 

backbone.layer4.0.downsample.1.bias - torch.Size([2048]): 
PretrainedInit: load from torchvision://resnet50 

backbone.layer4.1.conv1.weight - torch.Size([512, 2048, 1, 1]): 
PretrainedInit: load from torchvision://resnet50 

backbone.layer4.1.bn1.weight - torch.Size([512]): 
PretrainedInit: load from torchvision://resnet50 

backbone.layer4.1.bn1.bias - torch.Size([512]): 
PretrainedInit: load from torchvision://resnet50 

backbone.layer4.1.conv2.weight - torch.Size([512, 512, 3, 3]): 
PretrainedInit: load from torchvision://resnet50 

backbone.layer4.1.bn2.weight - torch.Size([512]): 
PretrainedInit: load from torchvision://resnet50 

backbone.layer4.1.bn2.bias - torch.Size([512]): 
PretrainedInit: load from torchvision://resnet50 

backbone.layer4.1.conv3.weight - torch.Size([2048, 512, 1, 1]): 
PretrainedInit: load from torchvision://resnet50 

backbone.layer4.1.bn3.weight - torch.Size([2048]): 
PretrainedInit: load from torchvision://resnet50 

backbone.layer4.1.bn3.bias - torch.Size([2048]): 
PretrainedInit: load from torchvision://resnet50 

backbone.layer4.2.conv1.weight - torch.Size([512, 2048, 1, 1]): 
PretrainedInit: load from torchvision://resnet50 

backbone.layer4.2.bn1.weight - torch.Size([512]): 
PretrainedInit: load from torchvision://resnet50 

backbone.layer4.2.bn1.bias - torch.Size([512]): 
PretrainedInit: load from torchvision://resnet50 

backbone.layer4.2.conv2.weight - torch.Size([512, 512, 3, 3]): 
PretrainedInit: load from torchvision://resnet50 

backbone.layer4.2.bn2.weight - torch.Size([512]): 
PretrainedInit: load from torchvision://resnet50 

backbone.layer4.2.bn2.bias - torch.Size([512]): 
PretrainedInit: load from torchvision://resnet50 

backbone.layer4.2.conv3.weight - torch.Size([2048, 512, 1, 1]): 
PretrainedInit: load from torchvision://resnet50 

backbone.layer4.2.bn3.weight - torch.Size([2048]): 
PretrainedInit: load from torchvision://resnet50 

backbone.layer4.2.bn3.bias - torch.Size([2048]): 
PretrainedInit: load from torchvision://resnet50 

neck.convs.0.conv.weight - torch.Size([256, 512, 1, 1]): 
XavierInit: gain=1, distribution=uniform, bias=0 

neck.convs.0.gn.weight - torch.Size([256]): 
The value is the same before and after calling `init_weights` of DINO  

neck.convs.0.gn.bias - torch.Size([256]): 
The value is the same before and after calling `init_weights` of DINO  

neck.convs.1.conv.weight - torch.Size([256, 1024, 1, 1]): 
XavierInit: gain=1, distribution=uniform, bias=0 

neck.convs.1.gn.weight - torch.Size([256]): 
The value is the same before and after calling `init_weights` of DINO  

neck.convs.1.gn.bias - torch.Size([256]): 
The value is the same before and after calling `init_weights` of DINO  

neck.convs.2.conv.weight - torch.Size([256, 2048, 1, 1]): 
XavierInit: gain=1, distribution=uniform, bias=0 

neck.convs.2.gn.weight - torch.Size([256]): 
The value is the same before and after calling `init_weights` of DINO  

neck.convs.2.gn.bias - torch.Size([256]): 
The value is the same before and after calling `init_weights` of DINO  

neck.extra_convs.0.conv.weight - torch.Size([256, 2048, 3, 3]): 
XavierInit: gain=1, distribution=uniform, bias=0 

neck.extra_convs.0.gn.weight - torch.Size([256]): 
The value is the same before and after calling `init_weights` of DINO  

neck.extra_convs.0.gn.bias - torch.Size([256]): 
The value is the same before and after calling `init_weights` of DINO  

bbox_head.cls_branches.0.weight - torch.Size([10, 256]): 
The value is the same before and after calling `init_weights` of DINO  

bbox_head.cls_branches.0.bias - torch.Size([10]): 
Initialized by user-defined `init_weights` in DINOHead  

bbox_head.cls_branches.1.weight - torch.Size([10, 256]): 
The value is the same before and after calling `init_weights` of DINO  

bbox_head.cls_branches.1.bias - torch.Size([10]): 
Initialized by user-defined `init_weights` in DINOHead  

bbox_head.cls_branches.2.weight - torch.Size([10, 256]): 
The value is the same before and after calling `init_weights` of DINO  

bbox_head.cls_branches.2.bias - torch.Size([10]): 
Initialized by user-defined `init_weights` in DINOHead  

bbox_head.cls_branches.3.weight - torch.Size([10, 256]): 
The value is the same before and after calling `init_weights` of DINO  

bbox_head.cls_branches.3.bias - torch.Size([10]): 
Initialized by user-defined `init_weights` in DINOHead  

bbox_head.cls_branches.4.weight - torch.Size([10, 256]): 
The value is the same before and after calling `init_weights` of DINO  

bbox_head.cls_branches.4.bias - torch.Size([10]): 
Initialized by user-defined `init_weights` in DINOHead  

bbox_head.cls_branches.5.weight - torch.Size([10, 256]): 
The value is the same before and after calling `init_weights` of DINO  

bbox_head.cls_branches.5.bias - torch.Size([10]): 
Initialized by user-defined `init_weights` in DINOHead  

bbox_head.cls_branches.6.weight - torch.Size([10, 256]): 
The value is the same before and after calling `init_weights` of DINO  

bbox_head.cls_branches.6.bias - torch.Size([10]): 
Initialized by user-defined `init_weights` in DINOHead  

bbox_head.reg_branches.0.0.weight - torch.Size([256, 256]): 
The value is the same before and after calling `init_weights` of DINO  

bbox_head.reg_branches.0.0.bias - torch.Size([256]): 
The value is the same before and after calling `init_weights` of DINO  

bbox_head.reg_branches.0.2.weight - torch.Size([256, 256]): 
The value is the same before and after calling `init_weights` of DINO  

bbox_head.reg_branches.0.2.bias - torch.Size([256]): 
The value is the same before and after calling `init_weights` of DINO  

bbox_head.reg_branches.0.4.weight - torch.Size([4, 256]): 
Initialized by user-defined `init_weights` in DINOHead  

bbox_head.reg_branches.0.4.bias - torch.Size([4]): 
Initialized by user-defined `init_weights` in DINOHead  

bbox_head.reg_branches.1.0.weight - torch.Size([256, 256]): 
The value is the same before and after calling `init_weights` of DINO  

bbox_head.reg_branches.1.0.bias - torch.Size([256]): 
The value is the same before and after calling `init_weights` of DINO  

bbox_head.reg_branches.1.2.weight - torch.Size([256, 256]): 
The value is the same before and after calling `init_weights` of DINO  

bbox_head.reg_branches.1.2.bias - torch.Size([256]): 
The value is the same before and after calling `init_weights` of DINO  

bbox_head.reg_branches.1.4.weight - torch.Size([4, 256]): 
Initialized by user-defined `init_weights` in DINOHead  

bbox_head.reg_branches.1.4.bias - torch.Size([4]): 
Initialized by user-defined `init_weights` in DINOHead  

bbox_head.reg_branches.2.0.weight - torch.Size([256, 256]): 
The value is the same before and after calling `init_weights` of DINO  

bbox_head.reg_branches.2.0.bias - torch.Size([256]): 
The value is the same before and after calling `init_weights` of DINO  

bbox_head.reg_branches.2.2.weight - torch.Size([256, 256]): 
The value is the same before and after calling `init_weights` of DINO  

bbox_head.reg_branches.2.2.bias - torch.Size([256]): 
The value is the same before and after calling `init_weights` of DINO  

bbox_head.reg_branches.2.4.weight - torch.Size([4, 256]): 
Initialized by user-defined `init_weights` in DINOHead  

bbox_head.reg_branches.2.4.bias - torch.Size([4]): 
Initialized by user-defined `init_weights` in DINOHead  

bbox_head.reg_branches.3.0.weight - torch.Size([256, 256]): 
The value is the same before and after calling `init_weights` of DINO  

bbox_head.reg_branches.3.0.bias - torch.Size([256]): 
The value is the same before and after calling `init_weights` of DINO  

bbox_head.reg_branches.3.2.weight - torch.Size([256, 256]): 
The value is the same before and after calling `init_weights` of DINO  

bbox_head.reg_branches.3.2.bias - torch.Size([256]): 
The value is the same before and after calling `init_weights` of DINO  

bbox_head.reg_branches.3.4.weight - torch.Size([4, 256]): 
Initialized by user-defined `init_weights` in DINOHead  

bbox_head.reg_branches.3.4.bias - torch.Size([4]): 
Initialized by user-defined `init_weights` in DINOHead  

bbox_head.reg_branches.4.0.weight - torch.Size([256, 256]): 
The value is the same before and after calling `init_weights` of DINO  

bbox_head.reg_branches.4.0.bias - torch.Size([256]): 
The value is the same before and after calling `init_weights` of DINO  

bbox_head.reg_branches.4.2.weight - torch.Size([256, 256]): 
The value is the same before and after calling `init_weights` of DINO  

bbox_head.reg_branches.4.2.bias - torch.Size([256]): 
The value is the same before and after calling `init_weights` of DINO  

bbox_head.reg_branches.4.4.weight - torch.Size([4, 256]): 
Initialized by user-defined `init_weights` in DINOHead  

bbox_head.reg_branches.4.4.bias - torch.Size([4]): 
Initialized by user-defined `init_weights` in DINOHead  

bbox_head.reg_branches.5.0.weight - torch.Size([256, 256]): 
The value is the same before and after calling `init_weights` of DINO  

bbox_head.reg_branches.5.0.bias - torch.Size([256]): 
The value is the same before and after calling `init_weights` of DINO  

bbox_head.reg_branches.5.2.weight - torch.Size([256, 256]): 
The value is the same before and after calling `init_weights` of DINO  

bbox_head.reg_branches.5.2.bias - torch.Size([256]): 
The value is the same before and after calling `init_weights` of DINO  

bbox_head.reg_branches.5.4.weight - torch.Size([4, 256]): 
Initialized by user-defined `init_weights` in DINOHead  

bbox_head.reg_branches.5.4.bias - torch.Size([4]): 
Initialized by user-defined `init_weights` in DINOHead  

bbox_head.reg_branches.6.0.weight - torch.Size([256, 256]): 
The value is the same before and after calling `init_weights` of DINO  

bbox_head.reg_branches.6.0.bias - torch.Size([256]): 
The value is the same before and after calling `init_weights` of DINO  

bbox_head.reg_branches.6.2.weight - torch.Size([256, 256]): 
The value is the same before and after calling `init_weights` of DINO  

bbox_head.reg_branches.6.2.bias - torch.Size([256]): 
The value is the same before and after calling `init_weights` of DINO  

bbox_head.reg_branches.6.4.weight - torch.Size([4, 256]): 
Initialized by user-defined `init_weights` in DINOHead  

bbox_head.reg_branches.6.4.bias - torch.Size([4]): 
Initialized by user-defined `init_weights` in DINOHead  

encoder.layers.0.self_attn.sampling_offsets.weight - torch.Size([256, 256]): 
The value is the same before and after calling `init_weights` of DINO  

encoder.layers.0.self_attn.sampling_offsets.bias - torch.Size([256]): 
The value is the same before and after calling `init_weights` of DINO  

encoder.layers.0.self_attn.attention_weights.weight - torch.Size([128, 256]): 
The value is the same before and after calling `init_weights` of DINO  

encoder.layers.0.self_attn.attention_weights.bias - torch.Size([128]): 
The value is the same before and after calling `init_weights` of DINO  

encoder.layers.0.self_attn.value_proj.weight - torch.Size([256, 256]): 
The value is the same before and after calling `init_weights` of DINO  

encoder.layers.0.self_attn.value_proj.bias - torch.Size([256]): 
The value is the same before and after calling `init_weights` of DINO  

encoder.layers.0.self_attn.output_proj.weight - torch.Size([256, 256]): 
The value is the same before and after calling `init_weights` of DINO  

encoder.layers.0.self_attn.output_proj.bias - torch.Size([256]): 
The value is the same before and after calling `init_weights` of DINO  

encoder.layers.0.ffn.layers.0.0.weight - torch.Size([2048, 256]): 
The value is the same before and after calling `init_weights` of DINO  

encoder.layers.0.ffn.layers.0.0.bias - torch.Size([2048]): 
The value is the same before and after calling `init_weights` of DINO  

encoder.layers.0.ffn.layers.1.weight - torch.Size([256, 2048]): 
The value is the same before and after calling `init_weights` of DINO  

encoder.layers.0.ffn.layers.1.bias - torch.Size([256]): 
The value is the same before and after calling `init_weights` of DINO  

encoder.layers.0.norms.0.weight - torch.Size([256]): 
The value is the same before and after calling `init_weights` of DINO  

encoder.layers.0.norms.0.bias - torch.Size([256]): 
The value is the same before and after calling `init_weights` of DINO  

encoder.layers.0.norms.1.weight - torch.Size([256]): 
The value is the same before and after calling `init_weights` of DINO  

encoder.layers.0.norms.1.bias - torch.Size([256]): 
The value is the same before and after calling `init_weights` of DINO  

encoder.layers.1.self_attn.sampling_offsets.weight - torch.Size([256, 256]): 
The value is the same before and after calling `init_weights` of DINO  

encoder.layers.1.self_attn.sampling_offsets.bias - torch.Size([256]): 
The value is the same before and after calling `init_weights` of DINO  

encoder.layers.1.self_attn.attention_weights.weight - torch.Size([128, 256]): 
The value is the same before and after calling `init_weights` of DINO  

encoder.layers.1.self_attn.attention_weights.bias - torch.Size([128]): 
The value is the same before and after calling `init_weights` of DINO  

encoder.layers.1.self_attn.value_proj.weight - torch.Size([256, 256]): 
The value is the same before and after calling `init_weights` of DINO  

encoder.layers.1.self_attn.value_proj.bias - torch.Size([256]): 
The value is the same before and after calling `init_weights` of DINO  

encoder.layers.1.self_attn.output_proj.weight - torch.Size([256, 256]): 
The value is the same before and after calling `init_weights` of DINO  

encoder.layers.1.self_attn.output_proj.bias - torch.Size([256]): 
The value is the same before and after calling `init_weights` of DINO  

encoder.layers.1.ffn.layers.0.0.weight - torch.Size([2048, 256]): 
The value is the same before and after calling `init_weights` of DINO  

encoder.layers.1.ffn.layers.0.0.bias - torch.Size([2048]): 
The value is the same before and after calling `init_weights` of DINO  

encoder.layers.1.ffn.layers.1.weight - torch.Size([256, 2048]): 
The value is the same before and after calling `init_weights` of DINO  

encoder.layers.1.ffn.layers.1.bias - torch.Size([256]): 
The value is the same before and after calling `init_weights` of DINO  

encoder.layers.1.norms.0.weight - torch.Size([256]): 
The value is the same before and after calling `init_weights` of DINO  

encoder.layers.1.norms.0.bias - torch.Size([256]): 
The value is the same before and after calling `init_weights` of DINO  

encoder.layers.1.norms.1.weight - torch.Size([256]): 
The value is the same before and after calling `init_weights` of DINO  

encoder.layers.1.norms.1.bias - torch.Size([256]): 
The value is the same before and after calling `init_weights` of DINO  

encoder.layers.2.self_attn.sampling_offsets.weight - torch.Size([256, 256]): 
The value is the same before and after calling `init_weights` of DINO  

encoder.layers.2.self_attn.sampling_offsets.bias - torch.Size([256]): 
The value is the same before and after calling `init_weights` of DINO  

encoder.layers.2.self_attn.attention_weights.weight - torch.Size([128, 256]): 
The value is the same before and after calling `init_weights` of DINO  

encoder.layers.2.self_attn.attention_weights.bias - torch.Size([128]): 
The value is the same before and after calling `init_weights` of DINO  

encoder.layers.2.self_attn.value_proj.weight - torch.Size([256, 256]): 
The value is the same before and after calling `init_weights` of DINO  

encoder.layers.2.self_attn.value_proj.bias - torch.Size([256]): 
The value is the same before and after calling `init_weights` of DINO  

encoder.layers.2.self_attn.output_proj.weight - torch.Size([256, 256]): 
The value is the same before and after calling `init_weights` of DINO  

encoder.layers.2.self_attn.output_proj.bias - torch.Size([256]): 
The value is the same before and after calling `init_weights` of DINO  

encoder.layers.2.ffn.layers.0.0.weight - torch.Size([2048, 256]): 
The value is the same before and after calling `init_weights` of DINO  

encoder.layers.2.ffn.layers.0.0.bias - torch.Size([2048]): 
The value is the same before and after calling `init_weights` of DINO  

encoder.layers.2.ffn.layers.1.weight - torch.Size([256, 2048]): 
The value is the same before and after calling `init_weights` of DINO  

encoder.layers.2.ffn.layers.1.bias - torch.Size([256]): 
The value is the same before and after calling `init_weights` of DINO  

encoder.layers.2.norms.0.weight - torch.Size([256]): 
The value is the same before and after calling `init_weights` of DINO  

encoder.layers.2.norms.0.bias - torch.Size([256]): 
The value is the same before and after calling `init_weights` of DINO  

encoder.layers.2.norms.1.weight - torch.Size([256]): 
The value is the same before and after calling `init_weights` of DINO  

encoder.layers.2.norms.1.bias - torch.Size([256]): 
The value is the same before and after calling `init_weights` of DINO  

encoder.layers.3.self_attn.sampling_offsets.weight - torch.Size([256, 256]): 
The value is the same before and after calling `init_weights` of DINO  

encoder.layers.3.self_attn.sampling_offsets.bias - torch.Size([256]): 
The value is the same before and after calling `init_weights` of DINO  

encoder.layers.3.self_attn.attention_weights.weight - torch.Size([128, 256]): 
The value is the same before and after calling `init_weights` of DINO  

encoder.layers.3.self_attn.attention_weights.bias - torch.Size([128]): 
The value is the same before and after calling `init_weights` of DINO  

encoder.layers.3.self_attn.value_proj.weight - torch.Size([256, 256]): 
The value is the same before and after calling `init_weights` of DINO  

encoder.layers.3.self_attn.value_proj.bias - torch.Size([256]): 
The value is the same before and after calling `init_weights` of DINO  

encoder.layers.3.self_attn.output_proj.weight - torch.Size([256, 256]): 
The value is the same before and after calling `init_weights` of DINO  

encoder.layers.3.self_attn.output_proj.bias - torch.Size([256]): 
The value is the same before and after calling `init_weights` of DINO  

encoder.layers.3.ffn.layers.0.0.weight - torch.Size([2048, 256]): 
The value is the same before and after calling `init_weights` of DINO  

encoder.layers.3.ffn.layers.0.0.bias - torch.Size([2048]): 
The value is the same before and after calling `init_weights` of DINO  

encoder.layers.3.ffn.layers.1.weight - torch.Size([256, 2048]): 
The value is the same before and after calling `init_weights` of DINO  

encoder.layers.3.ffn.layers.1.bias - torch.Size([256]): 
The value is the same before and after calling `init_weights` of DINO  

encoder.layers.3.norms.0.weight - torch.Size([256]): 
The value is the same before and after calling `init_weights` of DINO  

encoder.layers.3.norms.0.bias - torch.Size([256]): 
The value is the same before and after calling `init_weights` of DINO  

encoder.layers.3.norms.1.weight - torch.Size([256]): 
The value is the same before and after calling `init_weights` of DINO  

encoder.layers.3.norms.1.bias - torch.Size([256]): 
The value is the same before and after calling `init_weights` of DINO  

encoder.layers.4.self_attn.sampling_offsets.weight - torch.Size([256, 256]): 
The value is the same before and after calling `init_weights` of DINO  

encoder.layers.4.self_attn.sampling_offsets.bias - torch.Size([256]): 
The value is the same before and after calling `init_weights` of DINO  

encoder.layers.4.self_attn.attention_weights.weight - torch.Size([128, 256]): 
The value is the same before and after calling `init_weights` of DINO  

encoder.layers.4.self_attn.attention_weights.bias - torch.Size([128]): 
The value is the same before and after calling `init_weights` of DINO  

encoder.layers.4.self_attn.value_proj.weight - torch.Size([256, 256]): 
The value is the same before and after calling `init_weights` of DINO  

encoder.layers.4.self_attn.value_proj.bias - torch.Size([256]): 
The value is the same before and after calling `init_weights` of DINO  

encoder.layers.4.self_attn.output_proj.weight - torch.Size([256, 256]): 
The value is the same before and after calling `init_weights` of DINO  

encoder.layers.4.self_attn.output_proj.bias - torch.Size([256]): 
The value is the same before and after calling `init_weights` of DINO  

encoder.layers.4.ffn.layers.0.0.weight - torch.Size([2048, 256]): 
The value is the same before and after calling `init_weights` of DINO  

encoder.layers.4.ffn.layers.0.0.bias - torch.Size([2048]): 
The value is the same before and after calling `init_weights` of DINO  

encoder.layers.4.ffn.layers.1.weight - torch.Size([256, 2048]): 
The value is the same before and after calling `init_weights` of DINO  

encoder.layers.4.ffn.layers.1.bias - torch.Size([256]): 
The value is the same before and after calling `init_weights` of DINO  

encoder.layers.4.norms.0.weight - torch.Size([256]): 
The value is the same before and after calling `init_weights` of DINO  

encoder.layers.4.norms.0.bias - torch.Size([256]): 
The value is the same before and after calling `init_weights` of DINO  

encoder.layers.4.norms.1.weight - torch.Size([256]): 
The value is the same before and after calling `init_weights` of DINO  

encoder.layers.4.norms.1.bias - torch.Size([256]): 
The value is the same before and after calling `init_weights` of DINO  

encoder.layers.5.self_attn.sampling_offsets.weight - torch.Size([256, 256]): 
The value is the same before and after calling `init_weights` of DINO  

encoder.layers.5.self_attn.sampling_offsets.bias - torch.Size([256]): 
The value is the same before and after calling `init_weights` of DINO  

encoder.layers.5.self_attn.attention_weights.weight - torch.Size([128, 256]): 
The value is the same before and after calling `init_weights` of DINO  

encoder.layers.5.self_attn.attention_weights.bias - torch.Size([128]): 
The value is the same before and after calling `init_weights` of DINO  

encoder.layers.5.self_attn.value_proj.weight - torch.Size([256, 256]): 
The value is the same before and after calling `init_weights` of DINO  

encoder.layers.5.self_attn.value_proj.bias - torch.Size([256]): 
The value is the same before and after calling `init_weights` of DINO  

encoder.layers.5.self_attn.output_proj.weight - torch.Size([256, 256]): 
The value is the same before and after calling `init_weights` of DINO  

encoder.layers.5.self_attn.output_proj.bias - torch.Size([256]): 
The value is the same before and after calling `init_weights` of DINO  

encoder.layers.5.ffn.layers.0.0.weight - torch.Size([2048, 256]): 
The value is the same before and after calling `init_weights` of DINO  

encoder.layers.5.ffn.layers.0.0.bias - torch.Size([2048]): 
The value is the same before and after calling `init_weights` of DINO  

encoder.layers.5.ffn.layers.1.weight - torch.Size([256, 2048]): 
The value is the same before and after calling `init_weights` of DINO  

encoder.layers.5.ffn.layers.1.bias - torch.Size([256]): 
The value is the same before and after calling `init_weights` of DINO  

encoder.layers.5.norms.0.weight - torch.Size([256]): 
The value is the same before and after calling `init_weights` of DINO  

encoder.layers.5.norms.0.bias - torch.Size([256]): 
The value is the same before and after calling `init_weights` of DINO  

encoder.layers.5.norms.1.weight - torch.Size([256]): 
The value is the same before and after calling `init_weights` of DINO  

encoder.layers.5.norms.1.bias - torch.Size([256]): 
The value is the same before and after calling `init_weights` of DINO  

decoder.layers.0.self_attn.attn.in_proj_weight - torch.Size([768, 256]): 
The value is the same before and after calling `init_weights` of DINO  

decoder.layers.0.self_attn.attn.in_proj_bias - torch.Size([768]): 
The value is the same before and after calling `init_weights` of DINO  

decoder.layers.0.self_attn.attn.out_proj.weight - torch.Size([256, 256]): 
The value is the same before and after calling `init_weights` of DINO  

decoder.layers.0.self_attn.attn.out_proj.bias - torch.Size([256]): 
The value is the same before and after calling `init_weights` of DINO  

decoder.layers.0.cross_attn.sampling_offsets.weight - torch.Size([256, 256]): 
The value is the same before and after calling `init_weights` of DINO  

decoder.layers.0.cross_attn.sampling_offsets.bias - torch.Size([256]): 
The value is the same before and after calling `init_weights` of DINO  

decoder.layers.0.cross_attn.attention_weights.weight - torch.Size([128, 256]): 
The value is the same before and after calling `init_weights` of DINO  

decoder.layers.0.cross_attn.attention_weights.bias - torch.Size([128]): 
The value is the same before and after calling `init_weights` of DINO  

decoder.layers.0.cross_attn.value_proj.weight - torch.Size([256, 256]): 
The value is the same before and after calling `init_weights` of DINO  

decoder.layers.0.cross_attn.value_proj.bias - torch.Size([256]): 
The value is the same before and after calling `init_weights` of DINO  

decoder.layers.0.cross_attn.output_proj.weight - torch.Size([256, 256]): 
The value is the same before and after calling `init_weights` of DINO  

decoder.layers.0.cross_attn.output_proj.bias - torch.Size([256]): 
The value is the same before and after calling `init_weights` of DINO  

decoder.layers.0.ffn.layers.0.0.weight - torch.Size([2048, 256]): 
The value is the same before and after calling `init_weights` of DINO  

decoder.layers.0.ffn.layers.0.0.bias - torch.Size([2048]): 
The value is the same before and after calling `init_weights` of DINO  

decoder.layers.0.ffn.layers.1.weight - torch.Size([256, 2048]): 
The value is the same before and after calling `init_weights` of DINO  

decoder.layers.0.ffn.layers.1.bias - torch.Size([256]): 
The value is the same before and after calling `init_weights` of DINO  

decoder.layers.0.norms.0.weight - torch.Size([256]): 
The value is the same before and after calling `init_weights` of DINO  

decoder.layers.0.norms.0.bias - torch.Size([256]): 
The value is the same before and after calling `init_weights` of DINO  

decoder.layers.0.norms.1.weight - torch.Size([256]): 
The value is the same before and after calling `init_weights` of DINO  

decoder.layers.0.norms.1.bias - torch.Size([256]): 
The value is the same before and after calling `init_weights` of DINO  

decoder.layers.0.norms.2.weight - torch.Size([256]): 
The value is the same before and after calling `init_weights` of DINO  

decoder.layers.0.norms.2.bias - torch.Size([256]): 
The value is the same before and after calling `init_weights` of DINO  

decoder.layers.1.self_attn.attn.in_proj_weight - torch.Size([768, 256]): 
The value is the same before and after calling `init_weights` of DINO  

decoder.layers.1.self_attn.attn.in_proj_bias - torch.Size([768]): 
The value is the same before and after calling `init_weights` of DINO  

decoder.layers.1.self_attn.attn.out_proj.weight - torch.Size([256, 256]): 
The value is the same before and after calling `init_weights` of DINO  

decoder.layers.1.self_attn.attn.out_proj.bias - torch.Size([256]): 
The value is the same before and after calling `init_weights` of DINO  

decoder.layers.1.cross_attn.sampling_offsets.weight - torch.Size([256, 256]): 
The value is the same before and after calling `init_weights` of DINO  

decoder.layers.1.cross_attn.sampling_offsets.bias - torch.Size([256]): 
The value is the same before and after calling `init_weights` of DINO  

decoder.layers.1.cross_attn.attention_weights.weight - torch.Size([128, 256]): 
The value is the same before and after calling `init_weights` of DINO  

decoder.layers.1.cross_attn.attention_weights.bias - torch.Size([128]): 
The value is the same before and after calling `init_weights` of DINO  

decoder.layers.1.cross_attn.value_proj.weight - torch.Size([256, 256]): 
The value is the same before and after calling `init_weights` of DINO  

decoder.layers.1.cross_attn.value_proj.bias - torch.Size([256]): 
The value is the same before and after calling `init_weights` of DINO  

decoder.layers.1.cross_attn.output_proj.weight - torch.Size([256, 256]): 
The value is the same before and after calling `init_weights` of DINO  

decoder.layers.1.cross_attn.output_proj.bias - torch.Size([256]): 
The value is the same before and after calling `init_weights` of DINO  

decoder.layers.1.ffn.layers.0.0.weight - torch.Size([2048, 256]): 
The value is the same before and after calling `init_weights` of DINO  

decoder.layers.1.ffn.layers.0.0.bias - torch.Size([2048]): 
The value is the same before and after calling `init_weights` of DINO  

decoder.layers.1.ffn.layers.1.weight - torch.Size([256, 2048]): 
The value is the same before and after calling `init_weights` of DINO  

decoder.layers.1.ffn.layers.1.bias - torch.Size([256]): 
The value is the same before and after calling `init_weights` of DINO  

decoder.layers.1.norms.0.weight - torch.Size([256]): 
The value is the same before and after calling `init_weights` of DINO  

decoder.layers.1.norms.0.bias - torch.Size([256]): 
The value is the same before and after calling `init_weights` of DINO  

decoder.layers.1.norms.1.weight - torch.Size([256]): 
The value is the same before and after calling `init_weights` of DINO  

decoder.layers.1.norms.1.bias - torch.Size([256]): 
The value is the same before and after calling `init_weights` of DINO  

decoder.layers.1.norms.2.weight - torch.Size([256]): 
The value is the same before and after calling `init_weights` of DINO  

decoder.layers.1.norms.2.bias - torch.Size([256]): 
The value is the same before and after calling `init_weights` of DINO  

decoder.layers.2.self_attn.attn.in_proj_weight - torch.Size([768, 256]): 
The value is the same before and after calling `init_weights` of DINO  

decoder.layers.2.self_attn.attn.in_proj_bias - torch.Size([768]): 
The value is the same before and after calling `init_weights` of DINO  

decoder.layers.2.self_attn.attn.out_proj.weight - torch.Size([256, 256]): 
The value is the same before and after calling `init_weights` of DINO  

decoder.layers.2.self_attn.attn.out_proj.bias - torch.Size([256]): 
The value is the same before and after calling `init_weights` of DINO  

decoder.layers.2.cross_attn.sampling_offsets.weight - torch.Size([256, 256]): 
The value is the same before and after calling `init_weights` of DINO  

decoder.layers.2.cross_attn.sampling_offsets.bias - torch.Size([256]): 
The value is the same before and after calling `init_weights` of DINO  

decoder.layers.2.cross_attn.attention_weights.weight - torch.Size([128, 256]): 
The value is the same before and after calling `init_weights` of DINO  

decoder.layers.2.cross_attn.attention_weights.bias - torch.Size([128]): 
The value is the same before and after calling `init_weights` of DINO  

decoder.layers.2.cross_attn.value_proj.weight - torch.Size([256, 256]): 
The value is the same before and after calling `init_weights` of DINO  

decoder.layers.2.cross_attn.value_proj.bias - torch.Size([256]): 
The value is the same before and after calling `init_weights` of DINO  

decoder.layers.2.cross_attn.output_proj.weight - torch.Size([256, 256]): 
The value is the same before and after calling `init_weights` of DINO  

decoder.layers.2.cross_attn.output_proj.bias - torch.Size([256]): 
The value is the same before and after calling `init_weights` of DINO  

decoder.layers.2.ffn.layers.0.0.weight - torch.Size([2048, 256]): 
The value is the same before and after calling `init_weights` of DINO  

decoder.layers.2.ffn.layers.0.0.bias - torch.Size([2048]): 
The value is the same before and after calling `init_weights` of DINO  

decoder.layers.2.ffn.layers.1.weight - torch.Size([256, 2048]): 
The value is the same before and after calling `init_weights` of DINO  

decoder.layers.2.ffn.layers.1.bias - torch.Size([256]): 
The value is the same before and after calling `init_weights` of DINO  

decoder.layers.2.norms.0.weight - torch.Size([256]): 
The value is the same before and after calling `init_weights` of DINO  

decoder.layers.2.norms.0.bias - torch.Size([256]): 
The value is the same before and after calling `init_weights` of DINO  

decoder.layers.2.norms.1.weight - torch.Size([256]): 
The value is the same before and after calling `init_weights` of DINO  

decoder.layers.2.norms.1.bias - torch.Size([256]): 
The value is the same before and after calling `init_weights` of DINO  

decoder.layers.2.norms.2.weight - torch.Size([256]): 
The value is the same before and after calling `init_weights` of DINO  

decoder.layers.2.norms.2.bias - torch.Size([256]): 
The value is the same before and after calling `init_weights` of DINO  

decoder.layers.3.self_attn.attn.in_proj_weight - torch.Size([768, 256]): 
The value is the same before and after calling `init_weights` of DINO  

decoder.layers.3.self_attn.attn.in_proj_bias - torch.Size([768]): 
The value is the same before and after calling `init_weights` of DINO  

decoder.layers.3.self_attn.attn.out_proj.weight - torch.Size([256, 256]): 
The value is the same before and after calling `init_weights` of DINO  

decoder.layers.3.self_attn.attn.out_proj.bias - torch.Size([256]): 
The value is the same before and after calling `init_weights` of DINO  

decoder.layers.3.cross_attn.sampling_offsets.weight - torch.Size([256, 256]): 
The value is the same before and after calling `init_weights` of DINO  

decoder.layers.3.cross_attn.sampling_offsets.bias - torch.Size([256]): 
The value is the same before and after calling `init_weights` of DINO  

decoder.layers.3.cross_attn.attention_weights.weight - torch.Size([128, 256]): 
The value is the same before and after calling `init_weights` of DINO  

decoder.layers.3.cross_attn.attention_weights.bias - torch.Size([128]): 
The value is the same before and after calling `init_weights` of DINO  

decoder.layers.3.cross_attn.value_proj.weight - torch.Size([256, 256]): 
The value is the same before and after calling `init_weights` of DINO  

decoder.layers.3.cross_attn.value_proj.bias - torch.Size([256]): 
The value is the same before and after calling `init_weights` of DINO  

decoder.layers.3.cross_attn.output_proj.weight - torch.Size([256, 256]): 
The value is the same before and after calling `init_weights` of DINO  

decoder.layers.3.cross_attn.output_proj.bias - torch.Size([256]): 
The value is the same before and after calling `init_weights` of DINO  

decoder.layers.3.ffn.layers.0.0.weight - torch.Size([2048, 256]): 
The value is the same before and after calling `init_weights` of DINO  

decoder.layers.3.ffn.layers.0.0.bias - torch.Size([2048]): 
The value is the same before and after calling `init_weights` of DINO  

decoder.layers.3.ffn.layers.1.weight - torch.Size([256, 2048]): 
The value is the same before and after calling `init_weights` of DINO  

decoder.layers.3.ffn.layers.1.bias - torch.Size([256]): 
The value is the same before and after calling `init_weights` of DINO  

decoder.layers.3.norms.0.weight - torch.Size([256]): 
The value is the same before and after calling `init_weights` of DINO  

decoder.layers.3.norms.0.bias - torch.Size([256]): 
The value is the same before and after calling `init_weights` of DINO  

decoder.layers.3.norms.1.weight - torch.Size([256]): 
The value is the same before and after calling `init_weights` of DINO  

decoder.layers.3.norms.1.bias - torch.Size([256]): 
The value is the same before and after calling `init_weights` of DINO  

decoder.layers.3.norms.2.weight - torch.Size([256]): 
The value is the same before and after calling `init_weights` of DINO  

decoder.layers.3.norms.2.bias - torch.Size([256]): 
The value is the same before and after calling `init_weights` of DINO  

decoder.layers.4.self_attn.attn.in_proj_weight - torch.Size([768, 256]): 
The value is the same before and after calling `init_weights` of DINO  

decoder.layers.4.self_attn.attn.in_proj_bias - torch.Size([768]): 
The value is the same before and after calling `init_weights` of DINO  

decoder.layers.4.self_attn.attn.out_proj.weight - torch.Size([256, 256]): 
The value is the same before and after calling `init_weights` of DINO  

decoder.layers.4.self_attn.attn.out_proj.bias - torch.Size([256]): 
The value is the same before and after calling `init_weights` of DINO  

decoder.layers.4.cross_attn.sampling_offsets.weight - torch.Size([256, 256]): 
The value is the same before and after calling `init_weights` of DINO  

decoder.layers.4.cross_attn.sampling_offsets.bias - torch.Size([256]): 
The value is the same before and after calling `init_weights` of DINO  

decoder.layers.4.cross_attn.attention_weights.weight - torch.Size([128, 256]): 
The value is the same before and after calling `init_weights` of DINO  

decoder.layers.4.cross_attn.attention_weights.bias - torch.Size([128]): 
The value is the same before and after calling `init_weights` of DINO  

decoder.layers.4.cross_attn.value_proj.weight - torch.Size([256, 256]): 
The value is the same before and after calling `init_weights` of DINO  

decoder.layers.4.cross_attn.value_proj.bias - torch.Size([256]): 
The value is the same before and after calling `init_weights` of DINO  

decoder.layers.4.cross_attn.output_proj.weight - torch.Size([256, 256]): 
The value is the same before and after calling `init_weights` of DINO  

decoder.layers.4.cross_attn.output_proj.bias - torch.Size([256]): 
The value is the same before and after calling `init_weights` of DINO  

decoder.layers.4.ffn.layers.0.0.weight - torch.Size([2048, 256]): 
The value is the same before and after calling `init_weights` of DINO  

decoder.layers.4.ffn.layers.0.0.bias - torch.Size([2048]): 
The value is the same before and after calling `init_weights` of DINO  

decoder.layers.4.ffn.layers.1.weight - torch.Size([256, 2048]): 
The value is the same before and after calling `init_weights` of DINO  

decoder.layers.4.ffn.layers.1.bias - torch.Size([256]): 
The value is the same before and after calling `init_weights` of DINO  

decoder.layers.4.norms.0.weight - torch.Size([256]): 
The value is the same before and after calling `init_weights` of DINO  

decoder.layers.4.norms.0.bias - torch.Size([256]): 
The value is the same before and after calling `init_weights` of DINO  

decoder.layers.4.norms.1.weight - torch.Size([256]): 
The value is the same before and after calling `init_weights` of DINO  

decoder.layers.4.norms.1.bias - torch.Size([256]): 
The value is the same before and after calling `init_weights` of DINO  

decoder.layers.4.norms.2.weight - torch.Size([256]): 
The value is the same before and after calling `init_weights` of DINO  

decoder.layers.4.norms.2.bias - torch.Size([256]): 
The value is the same before and after calling `init_weights` of DINO  

decoder.layers.5.self_attn.attn.in_proj_weight - torch.Size([768, 256]): 
The value is the same before and after calling `init_weights` of DINO  

decoder.layers.5.self_attn.attn.in_proj_bias - torch.Size([768]): 
The value is the same before and after calling `init_weights` of DINO  

decoder.layers.5.self_attn.attn.out_proj.weight - torch.Size([256, 256]): 
The value is the same before and after calling `init_weights` of DINO  

decoder.layers.5.self_attn.attn.out_proj.bias - torch.Size([256]): 
The value is the same before and after calling `init_weights` of DINO  

decoder.layers.5.cross_attn.sampling_offsets.weight - torch.Size([256, 256]): 
The value is the same before and after calling `init_weights` of DINO  

decoder.layers.5.cross_attn.sampling_offsets.bias - torch.Size([256]): 
The value is the same before and after calling `init_weights` of DINO  

decoder.layers.5.cross_attn.attention_weights.weight - torch.Size([128, 256]): 
The value is the same before and after calling `init_weights` of DINO  

decoder.layers.5.cross_attn.attention_weights.bias - torch.Size([128]): 
The value is the same before and after calling `init_weights` of DINO  

decoder.layers.5.cross_attn.value_proj.weight - torch.Size([256, 256]): 
The value is the same before and after calling `init_weights` of DINO  

decoder.layers.5.cross_attn.value_proj.bias - torch.Size([256]): 
The value is the same before and after calling `init_weights` of DINO  

decoder.layers.5.cross_attn.output_proj.weight - torch.Size([256, 256]): 
The value is the same before and after calling `init_weights` of DINO  

decoder.layers.5.cross_attn.output_proj.bias - torch.Size([256]): 
The value is the same before and after calling `init_weights` of DINO  

decoder.layers.5.ffn.layers.0.0.weight - torch.Size([2048, 256]): 
The value is the same before and after calling `init_weights` of DINO  

decoder.layers.5.ffn.layers.0.0.bias - torch.Size([2048]): 
The value is the same before and after calling `init_weights` of DINO  

decoder.layers.5.ffn.layers.1.weight - torch.Size([256, 2048]): 
The value is the same before and after calling `init_weights` of DINO  

decoder.layers.5.ffn.layers.1.bias - torch.Size([256]): 
The value is the same before and after calling `init_weights` of DINO  

decoder.layers.5.norms.0.weight - torch.Size([256]): 
The value is the same before and after calling `init_weights` of DINO  

decoder.layers.5.norms.0.bias - torch.Size([256]): 
The value is the same before and after calling `init_weights` of DINO  

decoder.layers.5.norms.1.weight - torch.Size([256]): 
The value is the same before and after calling `init_weights` of DINO  

decoder.layers.5.norms.1.bias - torch.Size([256]): 
The value is the same before and after calling `init_weights` of DINO  

decoder.layers.5.norms.2.weight - torch.Size([256]): 
The value is the same before and after calling `init_weights` of DINO  

decoder.layers.5.norms.2.bias - torch.Size([256]): 
The value is the same before and after calling `init_weights` of DINO  

decoder.ref_point_head.layers.0.weight - torch.Size([256, 512]): 
The value is the same before and after calling `init_weights` of DINO  

decoder.ref_point_head.layers.0.bias - torch.Size([256]): 
The value is the same before and after calling `init_weights` of DINO  

decoder.ref_point_head.layers.1.weight - torch.Size([256, 256]): 
The value is the same before and after calling `init_weights` of DINO  

decoder.ref_point_head.layers.1.bias - torch.Size([256]): 
The value is the same before and after calling `init_weights` of DINO  

decoder.norm.weight - torch.Size([256]): 
The value is the same before and after calling `init_weights` of DINO  

decoder.norm.bias - torch.Size([256]): 
The value is the same before and after calling `init_weights` of DINO  

query_embedding.weight - torch.Size([900, 256]): 
The value is the same before and after calling `init_weights` of DINO  

memory_trans_fc.weight - torch.Size([256, 256]): 
The value is the same before and after calling `init_weights` of DINO  

memory_trans_fc.bias - torch.Size([256]): 
The value is the same before and after calling `init_weights` of DINO  

memory_trans_norm.weight - torch.Size([256]): 
The value is the same before and after calling `init_weights` of DINO  

memory_trans_norm.bias - torch.Size([256]): 
The value is the same before and after calling `init_weights` of DINO  

dn_query_generator.label_embedding.weight - torch.Size([10, 256]): 
The value is the same before and after calling `init_weights` of DINO  
2026/03/25 23:17:10 - mmengine - INFO - Load checkpoint from https://download.openmmlab.com/mmdetection/v3.0/dino/dino-4scale_r50_8xb2-12e_coco/dino-4scale_r50_8xb2-12e_coco_20221202_182705-55b2bba2.pth
2026/03/25 23:17:10 - mmengine - WARNING - "FileClient" will be deprecated in future. Please use io functions in https://mmengine.readthedocs.io/en/latest/api/fileio.html#file-io
2026/03/25 23:17:10 - mmengine - WARNING - "HardDiskBackend" is the alias of "LocalBackend" and the former will be deprecated in future.
2026/03/25 23:17:10 - mmengine - INFO - Checkpoints will be saved to /workspace/aquaculture-perception/runs/mmdet/uatd/dino_4scale_r50_uatd_80e_pretrained.
2026/03/25 23:19:25 - mmengine - INFO - Epoch(train)  [1][ 50/238]  base_lr: 1.0000e-05 lr: 1.0000e-05  eta: 14:17:06  time: 2.7081  data_time: 0.1088  memory: 42375  grad_norm: nan  loss: 28.2220  loss_cls: 0.9418  loss_bbox: 0.5074  loss_iou: 0.9696  d0.loss_cls: 0.9937  d0.loss_bbox: 0.5336  d0.loss_iou: 1.0286  d1.loss_cls: 0.9631  d1.loss_bbox: 0.5216  d1.loss_iou: 0.9948  d2.loss_cls: 0.9608  d2.loss_bbox: 0.5146  d2.loss_iou: 0.9798  d3.loss_cls: 0.9690  d3.loss_bbox: 0.5107  d3.loss_iou: 0.9678  d4.loss_cls: 0.9698  d4.loss_bbox: 0.5097  d4.loss_iou: 0.9690  enc_loss_cls: 1.0360  enc_loss_bbox: 0.5726  enc_loss_iou: 1.1400  dn_loss_cls: 0.8115  dn_loss_bbox: 0.1495  dn_loss_iou: 0.6722  d0.dn_loss_cls: 1.0303  d0.dn_loss_bbox: 0.2526  d0.dn_loss_iou: 0.8885  d1.dn_loss_cls: 0.9277  d1.dn_loss_bbox: 0.1680  d1.dn_loss_iou: 0.7328  d2.dn_loss_cls: 0.8596  d2.dn_loss_bbox: 0.1532  d2.dn_loss_iou: 0.6784  d3.dn_loss_cls: 0.8497  d3.dn_loss_bbox: 0.1496  d3.dn_loss_iou: 0.6705  d4.dn_loss_cls: 0.8526  d4.dn_loss_bbox: 0.1493  d4.dn_loss_iou: 0.6718
2026/03/25 23:21:23 - mmengine - INFO - Epoch(train)  [1][100/238]  base_lr: 1.0000e-05 lr: 1.0000e-05  eta: 13:20:22  time: 2.3629  data_time: 0.0060  memory: 42375  grad_norm: 36.3049  loss: 16.9971  loss_cls: 0.6164  loss_bbox: 0.1056  loss_iou: 0.5239  d0.loss_cls: 0.8545  d0.loss_bbox: 0.1070  d0.loss_iou: 0.5098  d1.loss_cls: 0.7472  d1.loss_bbox: 0.1021  d1.loss_iou: 0.4959  d2.loss_cls: 0.6866  d2.loss_bbox: 0.1050  d2.loss_iou: 0.5127  d3.loss_cls: 0.6583  d3.loss_bbox: 0.1018  d3.loss_iou: 0.5018  d4.loss_cls: 0.6418  d4.loss_bbox: 0.1031  d4.loss_iou: 0.5109  enc_loss_cls: 0.8974  enc_loss_bbox: 0.1439  enc_loss_iou: 0.6342  dn_loss_cls: 0.4066  dn_loss_bbox: 0.1103  dn_loss_iou: 0.5410  d0.dn_loss_cls: 0.9033  d0.dn_loss_bbox: 0.1490  d0.dn_loss_iou: 0.6919  d1.dn_loss_cls: 0.6213  d1.dn_loss_bbox: 0.1171  d1.dn_loss_iou: 0.5689  d2.dn_loss_cls: 0.4925  d2.dn_loss_bbox: 0.1106  d2.dn_loss_iou: 0.5437  d3.dn_loss_cls: 0.4461  d3.dn_loss_bbox: 0.1103  d3.dn_loss_iou: 0.5410  d4.dn_loss_cls: 0.4321  d4.dn_loss_bbox: 0.1104  d4.dn_loss_iou: 0.5412
2026/03/25 23:24:30 - mmengine - INFO - Epoch(train)  [1][150/238]  base_lr: 1.0000e-05 lr: 1.0000e-05  eta: 15:24:13  time: 3.7358  data_time: 0.0111  memory: 42426  grad_norm: inf  loss: 14.9571  loss_cls: 0.4453  loss_bbox: 0.1055  loss_iou: 0.5366  d0.loss_cls: 0.7768  d0.loss_bbox: 0.0887  d0.loss_iou: 0.4551  d1.loss_cls: 0.6582  d1.loss_bbox: 0.0878  d1.loss_iou: 0.4549  d2.loss_cls: 0.5667  d2.loss_bbox: 0.0962  d2.loss_iou: 0.4957  d3.loss_cls: 0.5185  d3.loss_bbox: 0.0960  d3.loss_iou: 0.4965  d4.loss_cls: 0.4725  d4.loss_bbox: 0.1018  d4.loss_iou: 0.5228  enc_loss_cls: 0.8075  enc_loss_bbox: 0.1159  enc_loss_iou: 0.5556  dn_loss_cls: 0.2626  dn_loss_bbox: 0.1062  dn_loss_iou: 0.5252  d0.dn_loss_cls: 0.7973  d0.dn_loss_bbox: 0.1413  d0.dn_loss_iou: 0.6610  d1.dn_loss_cls: 0.4785  d1.dn_loss_bbox: 0.1128  d1.dn_loss_iou: 0.5493  d2.dn_loss_cls: 0.3687  d2.dn_loss_bbox: 0.1064  d2.dn_loss_iou: 0.5276  d3.dn_loss_cls: 0.3148  d3.dn_loss_bbox: 0.1059  d3.dn_loss_iou: 0.5247  d4.dn_loss_cls: 0.2884  d4.dn_loss_bbox: 0.1064  d4.dn_loss_iou: 0.5257
2026/03/25 23:26:41 - mmengine - INFO - Epoch(train)  [1][200/238]  base_lr: 1.0000e-05 lr: 1.0000e-05  eta: 14:57:16  time: 2.6234  data_time: 0.0076  memory: 42375  grad_norm: 34.3402  loss: 13.3851  loss_cls: 0.2996  loss_bbox: 0.1112  loss_iou: 0.5587  d0.loss_cls: 0.7114  d0.loss_bbox: 0.0812  d0.loss_iou: 0.4322  d1.loss_cls: 0.5654  d1.loss_bbox: 0.0872  d1.loss_iou: 0.4626  d2.loss_cls: 0.4348  d2.loss_bbox: 0.0977  d2.loss_iou: 0.5107  d3.loss_cls: 0.3734  d3.loss_bbox: 0.1012  d3.loss_iou: 0.5236  d4.loss_cls: 0.3275  d4.loss_bbox: 0.1080  d4.loss_iou: 0.5481  enc_loss_cls: 0.7276  enc_loss_bbox: 0.1064  enc_loss_iou: 0.5300  dn_loss_cls: 0.1728  dn_loss_bbox: 0.0967  dn_loss_iou: 0.4964  d0.dn_loss_cls: 0.6928  d0.dn_loss_bbox: 0.1292  d0.dn_loss_iou: 0.6265  d1.dn_loss_cls: 0.3778  d1.dn_loss_bbox: 0.1030  d1.dn_loss_iou: 0.5194  d2.dn_loss_cls: 0.2735  d2.dn_loss_bbox: 0.0970  d2.dn_loss_iou: 0.4983  d3.dn_loss_cls: 0.2209  d3.dn_loss_bbox: 0.0965  d3.dn_loss_iou: 0.4961  d4.dn_loss_cls: 0.1967  d4.dn_loss_bbox: 0.0967  d4.dn_loss_iou: 0.4964
2026/03/25 23:28:07 - mmengine - INFO - Exp name: dino_4scale_r50_uatd_80e_pretrained_20260325_231646
2026/03/25 23:30:22 - mmengine - INFO - Epoch(train)  [2][ 50/238]  base_lr: 5.5000e-05 lr: 5.5000e-05  eta: 14:20:20  time: 2.7154  data_time: 0.0389  memory: 42375  grad_norm: 40.0640  loss: 11.0180  loss_cls: 0.1726  loss_bbox: 0.1096  loss_iou: 0.5459  d0.loss_cls: 0.5343  d0.loss_bbox: 0.0856  d0.loss_iou: 0.4433  d1.loss_cls: 0.3324  d1.loss_bbox: 0.0968  d1.loss_iou: 0.4973  d2.loss_cls: 0.2411  d2.loss_bbox: 0.1026  d2.loss_iou: 0.5224  d3.loss_cls: 0.2054  d3.loss_bbox: 0.1053  d3.loss_iou: 0.5322  d4.loss_cls: 0.1834  d4.loss_bbox: 0.1076  d4.loss_iou: 0.5392  enc_loss_cls: 0.5407  enc_loss_bbox: 0.1015  enc_loss_iou: 0.5126  dn_loss_cls: 0.0690  dn_loss_bbox: 0.0910  dn_loss_iou: 0.4711  d0.dn_loss_cls: 0.4197  d0.dn_loss_bbox: 0.1216  d0.dn_loss_iou: 0.5909  d1.dn_loss_cls: 0.1812  d1.dn_loss_bbox: 0.0968  d1.dn_loss_iou: 0.4931  d2.dn_loss_cls: 0.1162  d2.dn_loss_bbox: 0.0916  d2.dn_loss_iou: 0.4731  d3.dn_loss_cls: 0.0896  d3.dn_loss_bbox: 0.0908  d3.dn_loss_iou: 0.4708  d4.dn_loss_cls: 0.0774  d4.dn_loss_bbox: 0.0910  d4.dn_loss_iou: 0.4710
2026/03/25 23:32:24 - mmengine - INFO - Epoch(train)  [2][100/238]  base_lr: 5.5000e-05 lr: 5.5000e-05  eta: 14:03:01  time: 2.4272  data_time: 0.0054  memory: 42375  grad_norm: 45.2549  loss: 9.6825  loss_cls: 0.1079  loss_bbox: 0.1069  loss_iou: 0.5336  d0.loss_cls: 0.3478  d0.loss_bbox: 0.0957  d0.loss_iou: 0.4872  d1.loss_cls: 0.1986  d1.loss_bbox: 0.1008  d1.loss_iou: 0.5137  d2.loss_cls: 0.1494  d2.loss_bbox: 0.1041  d2.loss_iou: 0.5227  d3.loss_cls: 0.1293  d3.loss_bbox: 0.1051  d3.loss_iou: 0.5274  d4.loss_cls: 0.1144  d4.loss_bbox: 0.1062  d4.loss_iou: 0.5306  enc_loss_cls: 0.4111  enc_loss_bbox: 0.1016  enc_loss_iou: 0.5073  dn_loss_cls: 0.0340  dn_loss_bbox: 0.0851  dn_loss_iou: 0.4510  d0.dn_loss_cls: 0.2249  d0.dn_loss_bbox: 0.1153  d0.dn_loss_iou: 0.5664  d1.dn_loss_cls: 0.0894  d1.dn_loss_bbox: 0.0907  d1.dn_loss_iou: 0.4723  d2.dn_loss_cls: 0.0589  d2.dn_loss_bbox: 0.0856  d2.dn_loss_iou: 0.4523  d3.dn_loss_cls: 0.0454  d3.dn_loss_bbox: 0.0849  d3.dn_loss_iou: 0.4504  d4.dn_loss_cls: 0.0385  d4.dn_loss_bbox: 0.0850  d4.dn_loss_iou: 0.4509
2026/03/25 23:34:19 - mmengine - INFO - Epoch(train)  [2][150/238]  base_lr: 5.5000e-05 lr: 5.5000e-05  eta: 13:44:23  time: 2.2955  data_time: 0.0054  memory: 42375  grad_norm: nan  loss: 8.8635  loss_cls: 0.0847  loss_bbox: 0.0995  loss_iou: 0.5076  d0.loss_cls: 0.2439  d0.loss_bbox: 0.0940  d0.loss_iou: 0.4882  d1.loss_cls: 0.1408  d1.loss_bbox: 0.0981  d1.loss_iou: 0.5018  d2.loss_cls: 0.1111  d2.loss_bbox: 0.0986  d2.loss_iou: 0.5032  d3.loss_cls: 0.0977  d3.loss_bbox: 0.0990  d3.loss_iou: 0.5049  d4.loss_cls: 0.0872  d4.loss_bbox: 0.0997  d4.loss_iou: 0.5077  enc_loss_cls: 0.3331  enc_loss_bbox: 0.0957  enc_loss_iou: 0.4939  dn_loss_cls: 0.0252  dn_loss_bbox: 0.0807  dn_loss_iou: 0.4307  d0.dn_loss_cls: 0.1497  d0.dn_loss_bbox: 0.1090  d0.dn_loss_iou: 0.5397  d1.dn_loss_cls: 0.0624  d1.dn_loss_bbox: 0.0862  d1.dn_loss_iou: 0.4508  d2.dn_loss_cls: 0.0416  d2.dn_loss_bbox: 0.0814  d2.dn_loss_iou: 0.4330  d3.dn_loss_cls: 0.0321  d3.dn_loss_bbox: 0.0808  d3.dn_loss_iou: 0.4309  d4.dn_loss_cls: 0.0275  d4.dn_loss_bbox: 0.0807  d4.dn_loss_iou: 0.4307
2026/03/25 23:37:29 - mmengine - INFO - Epoch(train)  [2][200/238]  base_lr: 5.5000e-05 lr: 5.5000e-05  eta: 14:23:00  time: 3.8056  data_time: 0.0112  memory: 42375  grad_norm: 44.7366  loss: 8.4335  loss_cls: 0.0710  loss_bbox: 0.0987  loss_iou: 0.5000  d0.loss_cls: 0.1858  d0.loss_bbox: 0.0953  d0.loss_iou: 0.4901  d1.loss_cls: 0.1136  d1.loss_bbox: 0.0967  d1.loss_iou: 0.4942  d2.loss_cls: 0.0913  d2.loss_bbox: 0.0976  d2.loss_iou: 0.4973  d3.loss_cls: 0.0813  d3.loss_bbox: 0.0977  d3.loss_iou: 0.4973  d4.loss_cls: 0.0734  d4.loss_bbox: 0.0983  d4.loss_iou: 0.4994  enc_loss_cls: 0.2861  enc_loss_bbox: 0.0961  enc_loss_iou: 0.4920  dn_loss_cls: 0.0210  dn_loss_bbox: 0.0773  dn_loss_iou: 0.4175  d0.dn_loss_cls: 0.1128  d0.dn_loss_bbox: 0.1018  d0.dn_loss_iou: 0.5163  d1.dn_loss_cls: 0.0491  d1.dn_loss_bbox: 0.0815  d1.dn_loss_iou: 0.4337  d2.dn_loss_cls: 0.0339  d2.dn_loss_bbox: 0.0778  d2.dn_loss_iou: 0.4193  d3.dn_loss_cls: 0.0263  d3.dn_loss_bbox: 0.0773  d3.dn_loss_iou: 0.4173  d4.dn_loss_cls: 0.0228  d4.dn_loss_bbox: 0.0773  d4.dn_loss_iou: 0.4174
2026/03/25 23:39:03 - mmengine - INFO - Exp name: dino_4scale_r50_uatd_80e_pretrained_20260325_231646
2026/03/25 23:40:55 - mmengine - INFO - Epoch(val)  [2][ 50/100]    eta: 0:01:52  time: 2.2410  data_time: 1.8652  memory: 42375  
2026/03/25 23:41:35 - mmengine - INFO - Epoch(val)  [2][100/100]    eta: 0:00:00  time: 0.7965  data_time: 0.5187  memory: 1533  
2026/03/25 23:41:38 - mmengine - INFO - Evaluating bbox...
2026/03/25 23:41:48 - mmengine - INFO - bbox_mAP_copypaste: 0.323 0.789 0.182 0.355 0.321 0.302
2026/03/25 23:41:48 - mmengine - INFO - Epoch(val) [2][100/100]    coco/bbox_mAP: 0.3230  coco/bbox_mAP_50: 0.7890  coco/bbox_mAP_75: 0.1820  coco/bbox_mAP_s: 0.3550  coco/bbox_mAP_m: 0.3210  coco/bbox_mAP_l: 0.3020  data_time: 1.1919  time: 1.5188
2026/03/25 23:41:50 - mmengine - INFO - The best checkpoint with 0.3230 coco/bbox_mAP at 2 epoch is saved to best_coco_bbox_mAP_epoch_2.pth.
2026/03/25 23:43:51 - mmengine - INFO - Epoch(train)  [3][ 50/238]  base_lr: 1.0000e-04 lr: 1.0000e-04  eta: 14:01:42  time: 2.4355  data_time: 0.0670  memory: 42375  grad_norm: 43.7874  loss: 7.8680  loss_cls: 0.0463  loss_bbox: 0.0960  loss_iou: 0.4815  d0.loss_cls: 0.1274  d0.loss_bbox: 0.0958  d0.loss_iou: 0.4837  d1.loss_cls: 0.0788  d1.loss_bbox: 0.0955  d1.loss_iou: 0.4811  d2.loss_cls: 0.0625  d2.loss_bbox: 0.0955  d2.loss_iou: 0.4793  d3.loss_cls: 0.0548  d3.loss_bbox: 0.0957  d3.loss_iou: 0.4806  d4.loss_cls: 0.0499  d4.loss_bbox: 0.0953  d4.loss_iou: 0.4794  enc_loss_cls: 0.2301  enc_loss_bbox: 0.0948  enc_loss_iou: 0.4809  dn_loss_cls: 0.0131  dn_loss_bbox: 0.0744  dn_loss_iou: 0.4030  d0.dn_loss_cls: 0.0812  d0.dn_loss_bbox: 0.0971  d0.dn_loss_iou: 0.4958  d1.dn_loss_cls: 0.0344  d1.dn_loss_bbox: 0.0781  d1.dn_loss_iou: 0.4177  d2.dn_loss_cls: 0.0227  d2.dn_loss_bbox: 0.0748  d2.dn_loss_iou: 0.4045  d3.dn_loss_cls: 0.0171  d3.dn_loss_bbox: 0.0743  d3.dn_loss_iou: 0.4031  d4.dn_loss_cls: 0.0144  d4.dn_loss_bbox: 0.0744  d4.dn_loss_iou: 0.4029
2026/03/25 23:45:51 - mmengine - INFO - Epoch(train)  [3][100/238]  base_lr: 1.0000e-04 lr: 1.0000e-04  eta: 13:50:15  time: 2.3845  data_time: 0.0056  memory: 42375  grad_norm: 49.0894  loss: 7.7558  loss_cls: 0.0493  loss_bbox: 0.0916  loss_iou: 0.4812  d0.loss_cls: 0.1112  d0.loss_bbox: 0.0912  d0.loss_iou: 0.4827  d1.loss_cls: 0.0717  d1.loss_bbox: 0.0909  d1.loss_iou: 0.4801  d2.loss_cls: 0.0594  d2.loss_bbox: 0.0913  d2.loss_iou: 0.4809  d3.loss_cls: 0.0549  d3.loss_bbox: 0.0909  d3.loss_iou: 0.4799  d4.loss_cls: 0.0508  d4.loss_bbox: 0.0914  d4.loss_iou: 0.4808  enc_loss_cls: 0.2050  enc_loss_bbox: 0.0898  enc_loss_iou: 0.4805  dn_loss_cls: 0.0158  dn_loss_bbox: 0.0720  dn_loss_iou: 0.4024  d0.dn_loss_cls: 0.0708  d0.dn_loss_bbox: 0.0937  d0.dn_loss_iou: 0.4937  d1.dn_loss_cls: 0.0313  d1.dn_loss_bbox: 0.0751  d1.dn_loss_iou: 0.4156  d2.dn_loss_cls: 0.0218  d2.dn_loss_bbox: 0.0722  d2.dn_loss_iou: 0.4035  d3.dn_loss_cls: 0.0177  d3.dn_loss_bbox: 0.0719  d3.dn_loss_iou: 0.4023  d4.dn_loss_cls: 0.0164  d4.dn_loss_bbox: 0.0719  d4.dn_loss_iou: 0.4023
2026/03/25 23:48:11 - mmengine - INFO - Epoch(train)  [3][150/238]  base_lr: 1.0000e-04 lr: 1.0000e-04  eta: 13:50:39  time: 2.8058  data_time: 0.0072  memory: 42375  grad_norm: 47.6438  loss: 7.6726  loss_cls: 0.0440  loss_bbox: 0.0932  loss_iou: 0.4780  d0.loss_cls: 0.0969  d0.loss_bbox: 0.0938  d0.loss_iou: 0.4819  d1.loss_cls: 0.0616  d1.loss_bbox: 0.0934  d1.loss_iou: 0.4788  d2.loss_cls: 0.0525  d2.loss_bbox: 0.0931  d2.loss_iou: 0.4795  d3.loss_cls: 0.0475  d3.loss_bbox: 0.0933  d3.loss_iou: 0.4790  d4.loss_cls: 0.0448  d4.loss_bbox: 0.0932  d4.loss_iou: 0.4785  enc_loss_cls: 0.1884  enc_loss_bbox: 0.0925  enc_loss_iou: 0.4824  dn_loss_cls: 0.0116  dn_loss_bbox: 0.0742  dn_loss_iou: 0.4009  d0.dn_loss_cls: 0.0621  d0.dn_loss_bbox: 0.0966  d0.dn_loss_iou: 0.4933  d1.dn_loss_cls: 0.0263  d1.dn_loss_bbox: 0.0775  d1.dn_loss_iou: 0.4148  d2.dn_loss_cls: 0.0173  d2.dn_loss_bbox: 0.0744  d2.dn_loss_iou: 0.4021  d3.dn_loss_cls: 0.0136  d3.dn_loss_bbox: 0.0741  d3.dn_loss_iou: 0.4005  d4.dn_loss_cls: 0.0121  d4.dn_loss_bbox: 0.0742  d4.dn_loss_iou: 0.4008
2026/03/25 23:50:25 - mmengine - INFO - Epoch(train)  [3][200/238]  base_lr: 1.0000e-04 lr: 1.0000e-04  eta: 13:47:44  time: 2.6777  data_time: 0.0060  memory: 42375  grad_norm: 43.2315  loss: 7.4727  loss_cls: 0.0452  loss_bbox: 0.0900  loss_iou: 0.4658  d0.loss_cls: 0.0893  d0.loss_bbox: 0.0902  d0.loss_iou: 0.4695  d1.loss_cls: 0.0588  d1.loss_bbox: 0.0896  d1.loss_iou: 0.4668  d2.loss_cls: 0.0521  d2.loss_bbox: 0.0896  d2.loss_iou: 0.4658  d3.loss_cls: 0.0471  d3.loss_bbox: 0.0907  d3.loss_iou: 0.4674  d4.loss_cls: 0.0463  d4.loss_bbox: 0.0898  d4.loss_iou: 0.4656  enc_loss_cls: 0.1711  enc_loss_bbox: 0.0911  enc_loss_iou: 0.4753  dn_loss_cls: 0.0170  dn_loss_bbox: 0.0713  dn_loss_iou: 0.3914  d0.dn_loss_cls: 0.0594  d0.dn_loss_bbox: 0.0916  d0.dn_loss_iou: 0.4773  d1.dn_loss_cls: 0.0268  d1.dn_loss_bbox: 0.0742  d1.dn_loss_iou: 0.4030  d2.dn_loss_cls: 0.0206  d2.dn_loss_bbox: 0.0715  d2.dn_loss_iou: 0.3919  d3.dn_loss_cls: 0.0177  d3.dn_loss_bbox: 0.0712  d3.dn_loss_iou: 0.3910  d4.dn_loss_cls: 0.0172  d4.dn_loss_bbox: 0.0713  d4.dn_loss_iou: 0.3914
2026/03/25 23:51:59 - mmengine - INFO - Exp name: dino_4scale_r50_uatd_80e_pretrained_20260325_231646
2026/03/25 23:54:29 - mmengine - INFO - Epoch(train)  [4][ 50/238]  base_lr: 1.0000e-04 lr: 1.0000e-04  eta: 13:46:07  time: 2.9960  data_time: 0.0609  memory: 42375  grad_norm: 43.7653  loss: 7.1635  loss_cls: 0.0326  loss_bbox: 0.0871  loss_iou: 0.4563  d0.loss_cls: 0.0745  d0.loss_bbox: 0.0874  d0.loss_iou: 0.4597  d1.loss_cls: 0.0474  d1.loss_bbox: 0.0864  d1.loss_iou: 0.4545  d2.loss_cls: 0.0412  d2.loss_bbox: 0.0865  d2.loss_iou: 0.4538  d3.loss_cls: 0.0370  d3.loss_bbox: 0.0868  d3.loss_iou: 0.4549  d4.loss_cls: 0.0345  d4.loss_bbox: 0.0868  d4.loss_iou: 0.4549  enc_loss_cls: 0.1472  enc_loss_bbox: 0.0898  enc_loss_iou: 0.4665  dn_loss_cls: 0.0087  dn_loss_bbox: 0.0686  dn_loss_iou: 0.3809  d0.dn_loss_cls: 0.0508  d0.dn_loss_bbox: 0.0890  d0.dn_loss_iou: 0.4722  d1.dn_loss_cls: 0.0203  d1.dn_loss_bbox: 0.0713  d1.dn_loss_iou: 0.3925  d2.dn_loss_cls: 0.0140  d2.dn_loss_bbox: 0.0688  d2.dn_loss_iou: 0.3819  d3.dn_loss_cls: 0.0106  d3.dn_loss_bbox: 0.0686  d3.dn_loss_iou: 0.3807  d4.dn_loss_cls: 0.0094  d4.dn_loss_bbox: 0.0686  d4.dn_loss_iou: 0.3808
2026/03/25 23:57:02 - mmengine - INFO - Epoch(train)  [4][100/238]  base_lr: 1.0000e-04 lr: 1.0000e-04  eta: 13:50:18  time: 3.0581  data_time: 0.0068  memory: 42375  grad_norm: 44.7532  loss: 6.9954  loss_cls: 0.0313  loss_bbox: 0.0859  loss_iou: 0.4475  d0.loss_cls: 0.0639  d0.loss_bbox: 0.0865  d0.loss_iou: 0.4528  d1.loss_cls: 0.0433  d1.loss_bbox: 0.0849  d1.loss_iou: 0.4452  d2.loss_cls: 0.0382  d2.loss_bbox: 0.0846  d2.loss_iou: 0.4448  d3.loss_cls: 0.0362  d3.loss_bbox: 0.0845  d3.loss_iou: 0.4442  d4.loss_cls: 0.0333  d4.loss_bbox: 0.0852  d4.loss_iou: 0.4464  enc_loss_cls: 0.1361  enc_loss_bbox: 0.0883  enc_loss_iou: 0.4589  dn_loss_cls: 0.0125  dn_loss_bbox: 0.0673  dn_loss_iou: 0.3723  d0.dn_loss_cls: 0.0468  d0.dn_loss_bbox: 0.0865  d0.dn_loss_iou: 0.4549  d1.dn_loss_cls: 0.0205  d1.dn_loss_bbox: 0.0696  d1.dn_loss_iou: 0.3816  d2.dn_loss_cls: 0.0163  d2.dn_loss_bbox: 0.0675  d2.dn_loss_iou: 0.3726  d3.dn_loss_cls: 0.0138  d3.dn_loss_bbox: 0.0673  d3.dn_loss_iou: 0.3718  d4.dn_loss_cls: 0.0129  d4.dn_loss_bbox: 0.0673  d4.dn_loss_iou: 0.3720
2026/03/25 23:59:31 - mmengine - INFO - Epoch(train)  [4][150/238]  base_lr: 1.0000e-04 lr: 1.0000e-04  eta: 13:52:18  time: 2.9768  data_time: 0.0064  memory: 42375  grad_norm: 41.7948  loss: 6.8571  loss_cls: 0.0309  loss_bbox: 0.0835  loss_iou: 0.4394  d0.loss_cls: 0.0623  d0.loss_bbox: 0.0844  d0.loss_iou: 0.4446  d1.loss_cls: 0.0420  d1.loss_bbox: 0.0830  d1.loss_iou: 0.4389  d2.loss_cls: 0.0369  d2.loss_bbox: 0.0828  d2.loss_iou: 0.4381  d3.loss_cls: 0.0334  d3.loss_bbox: 0.0830  d3.loss_iou: 0.4378  d4.loss_cls: 0.0314  d4.loss_bbox: 0.0833  d4.loss_iou: 0.4388  enc_loss_cls: 0.1274  enc_loss_bbox: 0.0861  enc_loss_iou: 0.4499  dn_loss_cls: 0.0096  dn_loss_bbox: 0.0659  dn_loss_iou: 0.3682  d0.dn_loss_cls: 0.0448  d0.dn_loss_bbox: 0.0837  d0.dn_loss_iou: 0.4448  d1.dn_loss_cls: 0.0190  d1.dn_loss_bbox: 0.0681  d1.dn_loss_iou: 0.3774  d2.dn_loss_cls: 0.0140  d2.dn_loss_bbox: 0.0661  d2.dn_loss_iou: 0.3687  d3.dn_loss_cls: 0.0112  d3.dn_loss_bbox: 0.0659  d3.dn_loss_iou: 0.3680  d4.dn_loss_cls: 0.0100  d4.dn_loss_bbox: 0.0659  d4.dn_loss_iou: 0.3681
2026/03/26 00:02:08 - mmengine - INFO - Epoch(train)  [4][200/238]  base_lr: 1.0000e-04 lr: 1.0000e-04  eta: 13:56:42  time: 3.1527  data_time: 0.0074  memory: 42375  grad_norm: 41.9612  loss: 6.9145  loss_cls: 0.0227  loss_bbox: 0.0864  loss_iou: 0.4494  d0.loss_cls: 0.0555  d0.loss_bbox: 0.0879  d0.loss_iou: 0.4544  d1.loss_cls: 0.0341  d1.loss_bbox: 0.0871  d1.loss_iou: 0.4506  d2.loss_cls: 0.0288  d2.loss_bbox: 0.0864  d2.loss_iou: 0.4498  d3.loss_cls: 0.0262  d3.loss_bbox: 0.0864  d3.loss_iou: 0.4494  d4.loss_cls: 0.0238  d4.loss_bbox: 0.0865  d4.loss_iou: 0.4495  enc_loss_cls: 0.1188  enc_loss_bbox: 0.0891  enc_loss_iou: 0.4603  dn_loss_cls: 0.0066  dn_loss_bbox: 0.0670  dn_loss_iou: 0.3721  d0.dn_loss_cls: 0.0395  d0.dn_loss_bbox: 0.0853  d0.dn_loss_iou: 0.4522  d1.dn_loss_cls: 0.0151  d1.dn_loss_bbox: 0.0694  d1.dn_loss_iou: 0.3813  d2.dn_loss_cls: 0.0101  d2.dn_loss_bbox: 0.0672  d2.dn_loss_iou: 0.3725  d3.dn_loss_cls: 0.0078  d3.dn_loss_bbox: 0.0670  d3.dn_loss_iou: 0.3720  d4.dn_loss_cls: 0.0072  d4.dn_loss_bbox: 0.0670  d4.dn_loss_iou: 0.3720
2026/03/26 00:03:50 - mmengine - INFO - Exp name: dino_4scale_r50_uatd_80e_pretrained_20260325_231646
2026/03/26 00:04:11 - mmengine - INFO - Epoch(val)  [4][ 50/100]    eta: 0:00:21  time: 0.4314  data_time: 0.0386  memory: 42375  
2026/03/26 00:04:31 - mmengine - INFO - Epoch(val)  [4][100/100]    eta: 0:00:00  time: 0.4029  data_time: 0.0264  memory: 1533  
2026/03/26 00:04:35 - mmengine - INFO - Evaluating bbox...
2026/03/26 00:04:47 - mmengine - INFO - bbox_mAP_copypaste: 0.369 0.837 0.255 0.350 0.366 0.349
2026/03/26 00:04:47 - mmengine - INFO - Epoch(val) [4][100/100]    coco/bbox_mAP: 0.3690  coco/bbox_mAP_50: 0.8370  coco/bbox_mAP_75: 0.2550  coco/bbox_mAP_s: 0.3500  coco/bbox_mAP_m: 0.3660  coco/bbox_mAP_l: 0.3490  data_time: 0.0322  time: 0.4153
2026/03/26 00:04:48 - mmengine - INFO - The previous best checkpoint /workspace/aquaculture-perception/runs/mmdet/uatd/dino_4scale_r50_uatd_80e_pretrained/best_coco_bbox_mAP_epoch_2.pth is removed
2026/03/26 00:04:49 - mmengine - INFO - The best checkpoint with 0.3690 coco/bbox_mAP at 4 epoch is saved to best_coco_bbox_mAP_epoch_4.pth.
2026/03/26 00:07:47 - mmengine - INFO - Exp name: dino_4scale_r50_uatd_80e_pretrained_20260325_231646
2026/03/26 00:07:55 - mmengine - INFO - Epoch(train)  [5][ 50/238]  base_lr: 9.8697e-05 lr: 9.8697e-05  eta: 14:05:43  time: 3.7164  data_time: 0.1016  memory: 42375  grad_norm: 54.2127  loss: 6.5328  loss_cls: 0.0232  loss_bbox: 0.0794  loss_iou: 0.4213  d0.loss_cls: 0.0453  d0.loss_bbox: 0.0800  d0.loss_iou: 0.4260  d1.loss_cls: 0.0293  d1.loss_bbox: 0.0794  d1.loss_iou: 0.4227  d2.loss_cls: 0.0246  d2.loss_bbox: 0.0798  d2.loss_iou: 0.4231  d3.loss_cls: 0.0238  d3.loss_bbox: 0.0794  d3.loss_iou: 0.4208  d4.loss_cls: 0.0235  d4.loss_bbox: 0.0793  d4.loss_iou: 0.4208  enc_loss_cls: 0.1083  enc_loss_bbox: 0.0823  enc_loss_iou: 0.4364  dn_loss_cls: 0.0080  dn_loss_bbox: 0.0639  dn_loss_iou: 0.3584  d0.dn_loss_cls: 0.0345  d0.dn_loss_bbox: 0.0813  d0.dn_loss_iou: 0.4383  d1.dn_loss_cls: 0.0135  d1.dn_loss_bbox: 0.0657  d1.dn_loss_iou: 0.3665  d2.dn_loss_cls: 0.0100  d2.dn_loss_bbox: 0.0640  d2.dn_loss_iou: 0.3589  d3.dn_loss_cls: 0.0087  d3.dn_loss_bbox: 0.0638  d3.dn_loss_iou: 0.3581  d4.dn_loss_cls: 0.0082  d4.dn_loss_bbox: 0.0639  d4.dn_loss_iou: 0.3583
2026/03/26 00:10:45 - mmengine - INFO - Epoch(train)  [5][100/238]  base_lr: 9.8697e-05 lr: 9.8697e-05  eta: 14:11:49  time: 3.4058  data_time: 0.0079  memory: 42375  grad_norm: 46.1782  loss: 6.5663  loss_cls: 0.0217  loss_bbox: 0.0809  loss_iou: 0.4269  d0.loss_cls: 0.0444  d0.loss_bbox: 0.0814  d0.loss_iou: 0.4307  d1.loss_cls: 0.0288  d1.loss_bbox: 0.0806  d1.loss_iou: 0.4268  d2.loss_cls: 0.0252  d2.loss_bbox: 0.0804  d2.loss_iou: 0.4257  d3.loss_cls: 0.0228  d3.loss_bbox: 0.0809  d3.loss_iou: 0.4271  d4.loss_cls: 0.0213  d4.loss_bbox: 0.0808  d4.loss_iou: 0.4265  enc_loss_cls: 0.1008  enc_loss_bbox: 0.0829  enc_loss_iou: 0.4384  dn_loss_cls: 0.0072  dn_loss_bbox: 0.0647  dn_loss_iou: 0.3596  d0.dn_loss_cls: 0.0342  d0.dn_loss_bbox: 0.0826  d0.dn_loss_iou: 0.4385  d1.dn_loss_cls: 0.0134  d1.dn_loss_bbox: 0.0665  d1.dn_loss_iou: 0.3670  d2.dn_loss_cls: 0.0098  d2.dn_loss_bbox: 0.0648  d2.dn_loss_iou: 0.3595  d3.dn_loss_cls: 0.0082  d3.dn_loss_bbox: 0.0647  d3.dn_loss_iou: 0.3594  d4.dn_loss_cls: 0.0073  d4.dn_loss_bbox: 0.0647  d4.dn_loss_iou: 0.3594
2026/03/26 00:13:33 - mmengine - INFO - Epoch(train)  [5][150/238]  base_lr: 9.8697e-05 lr: 9.8697e-05  eta: 14:16:33  time: 3.3644  data_time: 0.0090  memory: 42375  grad_norm: 42.9224  loss: 6.6759  loss_cls: 0.0305  loss_bbox: 0.0822  loss_iou: 0.4308  d0.loss_cls: 0.0535  d0.loss_bbox: 0.0833  d0.loss_iou: 0.4342  d1.loss_cls: 0.0378  d1.loss_bbox: 0.0822  d1.loss_iou: 0.4291  d2.loss_cls: 0.0351  d2.loss_bbox: 0.0820  d2.loss_iou: 0.4288  d3.loss_cls: 0.0320  d3.loss_bbox: 0.0825  d3.loss_iou: 0.4309  d4.loss_cls: 0.0305  d4.loss_bbox: 0.0825  d4.loss_iou: 0.4314  enc_loss_cls: 0.1053  enc_loss_bbox: 0.0847  enc_loss_iou: 0.4408  dn_loss_cls: 0.0105  dn_loss_bbox: 0.0649  dn_loss_iou: 0.3585  d0.dn_loss_cls: 0.0384  d0.dn_loss_bbox: 0.0823  d0.dn_loss_iou: 0.4340  d1.dn_loss_cls: 0.0178  d1.dn_loss_bbox: 0.0667  d1.dn_loss_iou: 0.3661  d2.dn_loss_cls: 0.0138  d2.dn_loss_bbox: 0.0650  d2.dn_loss_iou: 0.3589  d3.dn_loss_cls: 0.0115  d3.dn_loss_bbox: 0.0649  d3.dn_loss_iou: 0.3583  d4.dn_loss_cls: 0.0108  d4.dn_loss_bbox: 0.0649  d4.dn_loss_iou: 0.3584
2026/03/26 00:16:26 - mmengine - INFO - Epoch(train)  [5][200/238]  base_lr: 9.8697e-05 lr: 9.8697e-05  eta: 14:21:48  time: 3.4549  data_time: 0.0091  memory: 42375  grad_norm: 39.8934  loss: 6.4616  loss_cls: 0.0182  loss_bbox: 0.0790  loss_iou: 0.4260  d0.loss_cls: 0.0394  d0.loss_bbox: 0.0796  d0.loss_iou: 0.4300  d1.loss_cls: 0.0251  d1.loss_bbox: 0.0786  d1.loss_iou: 0.4252  d2.loss_cls: 0.0212  d2.loss_bbox: 0.0786  d2.loss_iou: 0.4253  d3.loss_cls: 0.0198  d3.loss_bbox: 0.0788  d3.loss_iou: 0.4253  d4.loss_cls: 0.0185  d4.loss_bbox: 0.0789  d4.loss_iou: 0.4256  enc_loss_cls: 0.0922  enc_loss_bbox: 0.0810  enc_loss_iou: 0.4355  dn_loss_cls: 0.0062  dn_loss_bbox: 0.0621  dn_loss_iou: 0.3552  d0.dn_loss_cls: 0.0306  d0.dn_loss_bbox: 0.0793  d0.dn_loss_iou: 0.4326  d1.dn_loss_cls: 0.0121  d1.dn_loss_bbox: 0.0640  d1.dn_loss_iou: 0.3634  d2.dn_loss_cls: 0.0088  d2.dn_loss_bbox: 0.0622  d2.dn_loss_iou: 0.3553  d3.dn_loss_cls: 0.0072  d3.dn_loss_bbox: 0.0621  d3.dn_loss_iou: 0.3549  d4.dn_loss_cls: 0.0064  d4.dn_loss_bbox: 0.0621  d4.dn_loss_iou: 0.3551
2026/03/26 00:18:36 - mmengine - INFO - Exp name: dino_4scale_r50_uatd_80e_pretrained_20260325_231646
2026/03/26 00:21:52 - mmengine - INFO - Epoch(train)  [6][ 50/238]  base_lr: 9.7395e-05 lr: 9.7395e-05  eta: 14:34:43  time: 3.9172  data_time: 0.0747  memory: 42375  grad_norm: 42.5401  loss: 6.4301  loss_cls: 0.0231  loss_bbox: 0.0787  loss_iou: 0.4184  d0.loss_cls: 0.0435  d0.loss_bbox: 0.0793  d0.loss_iou: 0.4218  d1.loss_cls: 0.0291  d1.loss_bbox: 0.0786  d1.loss_iou: 0.4178  d2.loss_cls: 0.0259  d2.loss_bbox: 0.0785  d2.loss_iou: 0.4173  d3.loss_cls: 0.0239  d3.loss_bbox: 0.0785  d3.loss_iou: 0.4183  d4.loss_cls: 0.0233  d4.loss_bbox: 0.0787  d4.loss_iou: 0.4184  enc_loss_cls: 0.0918  enc_loss_bbox: 0.0830  enc_loss_iou: 0.4347  dn_loss_cls: 0.0079  dn_loss_bbox: 0.0627  dn_loss_iou: 0.3511  d0.dn_loss_cls: 0.0320  d0.dn_loss_bbox: 0.0798  d0.dn_loss_iou: 0.4275  d1.dn_loss_cls: 0.0138  d1.dn_loss_bbox: 0.0647  d1.dn_loss_iou: 0.3595  d2.dn_loss_cls: 0.0103  d2.dn_loss_bbox: 0.0628  d2.dn_loss_iou: 0.3514  d3.dn_loss_cls: 0.0087  d3.dn_loss_bbox: 0.0626  d3.dn_loss_iou: 0.3507  d4.dn_loss_cls: 0.0082  d4.dn_loss_bbox: 0.0627  d4.dn_loss_iou: 0.3510
2026/03/26 00:24:50 - mmengine - INFO - Epoch(train)  [6][100/238]  base_lr: 9.7395e-05 lr: 9.7395e-05  eta: 14:39:07  time: 3.5457  data_time: 0.0099  memory: 42375  grad_norm: 38.9573  loss: 6.1728  loss_cls: 0.0131  loss_bbox: 0.0756  loss_iou: 0.4070  d0.loss_cls: 0.0315  d0.loss_bbox: 0.0761  d0.loss_iou: 0.4109  d1.loss_cls: 0.0187  d1.loss_bbox: 0.0756  d1.loss_iou: 0.4074  d2.loss_cls: 0.0160  d2.loss_bbox: 0.0756  d2.loss_iou: 0.4070  d3.loss_cls: 0.0140  d3.loss_bbox: 0.0756  d3.loss_iou: 0.4070  d4.loss_cls: 0.0129  d4.loss_bbox: 0.0757  d4.loss_iou: 0.4069  enc_loss_cls: 0.0817  enc_loss_bbox: 0.0787  enc_loss_iou: 0.4246  dn_loss_cls: 0.0034  dn_loss_bbox: 0.0608  dn_loss_iou: 0.3449  d0.dn_loss_cls: 0.0259  d0.dn_loss_bbox: 0.0766  d0.dn_loss_iou: 0.4165  d1.dn_loss_cls: 0.0087  d1.dn_loss_bbox: 0.0625  d1.dn_loss_iou: 0.3516  d2.dn_loss_cls: 0.0057  d2.dn_loss_bbox: 0.0609  d2.dn_loss_iou: 0.3450  d3.dn_loss_cls: 0.0041  d3.dn_loss_bbox: 0.0608  d3.dn_loss_iou: 0.3446  d4.dn_loss_cls: 0.0035  d4.dn_loss_bbox: 0.0608  d4.dn_loss_iou: 0.3448
2026/03/26 00:27:54 - mmengine - INFO - Epoch(train)  [6][150/238]  base_lr: 9.7395e-05 lr: 9.7395e-05  eta: 14:44:35  time: 3.6932  data_time: 0.0083  memory: 42375  grad_norm: 40.9269  loss: 6.2936  loss_cls: 0.0179  loss_bbox: 0.0795  loss_iou: 0.4136  d0.loss_cls: 0.0381  d0.loss_bbox: 0.0792  d0.loss_iou: 0.4158  d1.loss_cls: 0.0256  d1.loss_bbox: 0.0789  d1.loss_iou: 0.4128  d2.loss_cls: 0.0221  d2.loss_bbox: 0.0791  d2.loss_iou: 0.4127  d3.loss_cls: 0.0206  d3.loss_bbox: 0.0788  d3.loss_iou: 0.4122  d4.loss_cls: 0.0186  d4.loss_bbox: 0.0795  d4.loss_iou: 0.4131  enc_loss_cls: 0.0832  enc_loss_bbox: 0.0824  enc_loss_iou: 0.4291  dn_loss_cls: 0.0059  dn_loss_bbox: 0.0618  dn_loss_iou: 0.3442  d0.dn_loss_cls: 0.0283  d0.dn_loss_bbox: 0.0779  d0.dn_loss_iou: 0.4167  d1.dn_loss_cls: 0.0117  d1.dn_loss_bbox: 0.0634  d1.dn_loss_iou: 0.3510  d2.dn_loss_cls: 0.0085  d2.dn_loss_bbox: 0.0619  d2.dn_loss_iou: 0.3446  d3.dn_loss_cls: 0.0069  d3.dn_loss_bbox: 0.0618  d3.dn_loss_iou: 0.3440  d4.dn_loss_cls: 0.0063  d4.dn_loss_bbox: 0.0618  d4.dn_loss_iou: 0.3441
2026/03/26 00:30:54 - mmengine - INFO - Epoch(train)  [6][200/238]  base_lr: 9.7395e-05 lr: 9.7395e-05  eta: 14:48:27  time: 3.6006  data_time: 0.0082  memory: 42426  grad_norm: 47.2215  loss: 6.3429  loss_cls: 0.0193  loss_bbox: 0.0783  loss_iou: 0.4180  d0.loss_cls: 0.0357  d0.loss_bbox: 0.0784  d0.loss_iou: 0.4202  d1.loss_cls: 0.0246  d1.loss_bbox: 0.0778  d1.loss_iou: 0.4169  d2.loss_cls: 0.0225  d2.loss_bbox: 0.0776  d2.loss_iou: 0.4153  d3.loss_cls: 0.0211  d3.loss_bbox: 0.0776  d3.loss_iou: 0.4163  d4.loss_cls: 0.0190  d4.loss_bbox: 0.0787  d4.loss_iou: 0.4186  enc_loss_cls: 0.0810  enc_loss_bbox: 0.0802  enc_loss_iou: 0.4276  dn_loss_cls: 0.0071  dn_loss_bbox: 0.0616  dn_loss_iou: 0.3497  d0.dn_loss_cls: 0.0292  d0.dn_loss_bbox: 0.0774  d0.dn_loss_iou: 0.4211  d1.dn_loss_cls: 0.0130  d1.dn_loss_bbox: 0.0632  d1.dn_loss_iou: 0.3568  d2.dn_loss_cls: 0.0099  d2.dn_loss_bbox: 0.0617  d2.dn_loss_iou: 0.3498  d3.dn_loss_cls: 0.0083  d3.dn_loss_bbox: 0.0616  d3.dn_loss_iou: 0.3495  d4.dn_loss_cls: 0.0074  d4.dn_loss_bbox: 0.0616  d4.dn_loss_iou: 0.3495
2026/03/26 00:33:27 - mmengine - INFO - Exp name: dino_4scale_r50_uatd_80e_pretrained_20260325_231646
2026/03/26 00:33:57 - mmengine - INFO - Epoch(val)  [6][ 50/100]    eta: 0:00:29  time: 0.5907  data_time: 0.0966  memory: 42375  
2026/03/26 00:34:25 - mmengine - INFO - Epoch(val)  [6][100/100]    eta: 0:00:00  time: 0.5523  data_time: 0.0435  memory: 1533  
2026/03/26 00:34:32 - mmengine - INFO - Evaluating bbox...
2026/03/26 00:34:48 - mmengine - INFO - bbox_mAP_copypaste: 0.348 0.801 0.238 0.377 0.350 0.323
2026/03/26 00:34:48 - mmengine - INFO - Epoch(val) [6][100/100]    coco/bbox_mAP: 0.3480  coco/bbox_mAP_50: 0.8010  coco/bbox_mAP_75: 0.2380  coco/bbox_mAP_s: 0.3770  coco/bbox_mAP_m: 0.3500  coco/bbox_mAP_l: 0.3230  data_time: 0.0695  time: 0.5696
2026/03/26 00:38:02 - mmengine - INFO - Epoch(train)  [7][ 50/238]  base_lr: 9.6092e-05 lr: 9.6092e-05  eta: 15:00:06  time: 3.8755  data_time: 0.0680  memory: 42375  grad_norm: 40.4504  loss: 6.0185  loss_cls: 0.0157  loss_bbox: 0.0731  loss_iou: 0.3969  d0.loss_cls: 0.0311  d0.loss_bbox: 0.0738  d0.loss_iou: 0.4018  d1.loss_cls: 0.0216  d1.loss_bbox: 0.0728  d1.loss_iou: 0.3959  d2.loss_cls: 0.0185  d2.loss_bbox: 0.0730  d2.loss_iou: 0.3954  d3.loss_cls: 0.0170  d3.loss_bbox: 0.0730  d3.loss_iou: 0.3955  d4.loss_cls: 0.0159  d4.loss_bbox: 0.0731  d4.loss_iou: 0.3967  enc_loss_cls: 0.0752  enc_loss_bbox: 0.0766  enc_loss_iou: 0.4119  dn_loss_cls: 0.0061  dn_loss_bbox: 0.0587  dn_loss_iou: 0.3351  d0.dn_loss_cls: 0.0261  d0.dn_loss_bbox: 0.0733  d0.dn_loss_iou: 0.4014  d1.dn_loss_cls: 0.0104  d1.dn_loss_bbox: 0.0602  d1.dn_loss_iou: 0.3410  d2.dn_loss_cls: 0.0079  d2.dn_loss_bbox: 0.0588  d2.dn_loss_iou: 0.3352  d3.dn_loss_cls: 0.0064  d3.dn_loss_bbox: 0.0587  d3.dn_loss_iou: 0.3350  d4.dn_loss_cls: 0.0060  d4.dn_loss_bbox: 0.0587  d4.dn_loss_iou: 0.3350
2026/03/26 00:40:46 - mmengine - INFO - Epoch(train)  [7][100/238]  base_lr: 9.6092e-05 lr: 9.6092e-05  eta: 14:59:32  time: 3.2847  data_time: 0.0082  memory: 42375  grad_norm: 42.0355  loss: 5.9254  loss_cls: 0.0137  loss_bbox: 0.0735  loss_iou: 0.3914  d0.loss_cls: 0.0313  d0.loss_bbox: 0.0737  d0.loss_iou: 0.3938  d1.loss_cls: 0.0205  d1.loss_bbox: 0.0729  d1.loss_iou: 0.3890  d2.loss_cls: 0.0187  d2.loss_bbox: 0.0724  d2.loss_iou: 0.3874  d3.loss_cls: 0.0171  d3.loss_bbox: 0.0725  d3.loss_iou: 0.3883  d4.loss_cls: 0.0146  d4.loss_bbox: 0.0732  d4.loss_iou: 0.3904  enc_loss_cls: 0.0722  enc_loss_bbox: 0.0751  enc_loss_iou: 0.4021  dn_loss_cls: 0.0043  dn_loss_bbox: 0.0588  dn_loss_iou: 0.3303  d0.dn_loss_cls: 0.0242  d0.dn_loss_bbox: 0.0738  d0.dn_loss_iou: 0.3994  d1.dn_loss_cls: 0.0096  d1.dn_loss_bbox: 0.0603  d1.dn_loss_iou: 0.3362  d2.dn_loss_cls: 0.0070  d2.dn_loss_bbox: 0.0590  d2.dn_loss_iou: 0.3307  d3.dn_loss_cls: 0.0053  d3.dn_loss_bbox: 0.0588  d3.dn_loss_iou: 0.3301  d4.dn_loss_cls: 0.0046  d4.dn_loss_bbox: 0.0588  d4.dn_loss_iou: 0.3303
2026/03/26 00:43:09 - mmengine - INFO - Epoch(train)  [7][150/238]  base_lr: 9.6092e-05 lr: 9.6092e-05  eta: 14:54:45  time: 2.8421  data_time: 0.0069  memory: 42375  grad_norm: 41.4702  loss: 6.0485  loss_cls: 0.0135  loss_bbox: 0.0750  loss_iou: 0.3996  d0.loss_cls: 0.0306  d0.loss_bbox: 0.0755  d0.loss_iou: 0.4019  d1.loss_cls: 0.0200  d1.loss_bbox: 0.0747  d1.loss_iou: 0.3991  d2.loss_cls: 0.0169  d2.loss_bbox: 0.0746  d2.loss_iou: 0.3985  d3.loss_cls: 0.0150  d3.loss_bbox: 0.0748  d3.loss_iou: 0.3991  d4.loss_cls: 0.0138  d4.loss_bbox: 0.0749  d4.loss_iou: 0.3994  enc_loss_cls: 0.0704  enc_loss_bbox: 0.0785  enc_loss_iou: 0.4136  dn_loss_cls: 0.0040  dn_loss_bbox: 0.0601  dn_loss_iou: 0.3369  d0.dn_loss_cls: 0.0243  d0.dn_loss_bbox: 0.0757  d0.dn_loss_iou: 0.4073  d1.dn_loss_cls: 0.0092  d1.dn_loss_bbox: 0.0615  d1.dn_loss_iou: 0.3435  d2.dn_loss_cls: 0.0063  d2.dn_loss_bbox: 0.0602  d2.dn_loss_iou: 0.3372  d3.dn_loss_cls: 0.0049  d3.dn_loss_bbox: 0.0600  d3.dn_loss_iou: 0.3368  d4.dn_loss_cls: 0.0042  d4.dn_loss_bbox: 0.0601  d4.dn_loss_iou: 0.3368
2026/03/26 00:45:59 - mmengine - INFO - Epoch(train)  [7][200/238]  base_lr: 9.6092e-05 lr: 9.6092e-05  eta: 14:55:14  time: 3.4147  data_time: 0.0076  memory: 42375  grad_norm: 44.8799  loss: 6.1037  loss_cls: 0.0132  loss_bbox: 0.0756  loss_iou: 0.4052  d0.loss_cls: 0.0286  d0.loss_bbox: 0.0761  d0.loss_iou: 0.4082  d1.loss_cls: 0.0188  d1.loss_bbox: 0.0752  d1.loss_iou: 0.4040  d2.loss_cls: 0.0157  d2.loss_bbox: 0.0754  d2.loss_iou: 0.4044  d3.loss_cls: 0.0140  d3.loss_bbox: 0.0755  d3.loss_iou: 0.4048  d4.loss_cls: 0.0136  d4.loss_bbox: 0.0756  d4.loss_iou: 0.4049  enc_loss_cls: 0.0683  enc_loss_bbox: 0.0796  enc_loss_iou: 0.4217  dn_loss_cls: 0.0045  dn_loss_bbox: 0.0595  dn_loss_iou: 0.3404  d0.dn_loss_cls: 0.0238  d0.dn_loss_bbox: 0.0748  d0.dn_loss_iou: 0.4114  d1.dn_loss_cls: 0.0095  d1.dn_loss_bbox: 0.0607  d1.dn_loss_iou: 0.3454  d2.dn_loss_cls: 0.0067  d2.dn_loss_bbox: 0.0596  d2.dn_loss_iou: 0.3403  d3.dn_loss_cls: 0.0052  d3.dn_loss_bbox: 0.0594  d3.dn_loss_iou: 0.3399  d4.dn_loss_cls: 0.0046  d4.dn_loss_bbox: 0.0595  d4.dn_loss_iou: 0.3402
2026/03/26 00:48:09 - mmengine - INFO - Exp name: dino_4scale_r50_uatd_80e_pretrained_20260325_231646
2026/03/26 00:50:56 - mmengine - INFO - Epoch(train)  [8][ 50/238]  base_lr: 9.4789e-05 lr: 9.4789e-05  eta: 14:54:54  time: 3.3238  data_time: 0.0714  memory: 42375  grad_norm: 39.3982  loss: 5.7724  loss_cls: 0.0118  loss_bbox: 0.0716  loss_iou: 0.3812  d0.loss_cls: 0.0262  d0.loss_bbox: 0.0723  d0.loss_iou: 0.3832  d1.loss_cls: 0.0169  d1.loss_bbox: 0.0713  d1.loss_iou: 0.3795  d2.loss_cls: 0.0145  d2.loss_bbox: 0.0717  d2.loss_iou: 0.3811  d3.loss_cls: 0.0140  d3.loss_bbox: 0.0712  d3.loss_iou: 0.3796  d4.loss_cls: 0.0121  d4.loss_bbox: 0.0716  d4.loss_iou: 0.3813  enc_loss_cls: 0.0648  enc_loss_bbox: 0.0743  enc_loss_iou: 0.3921  dn_loss_cls: 0.0035  dn_loss_bbox: 0.0575  dn_loss_iou: 0.3242  d0.dn_loss_cls: 0.0224  d0.dn_loss_bbox: 0.0728  d0.dn_loss_iou: 0.3923  d1.dn_loss_cls: 0.0089  d1.dn_loss_bbox: 0.0589  d1.dn_loss_iou: 0.3301  d2.dn_loss_cls: 0.0063  d2.dn_loss_bbox: 0.0576  d2.dn_loss_iou: 0.3244  d3.dn_loss_cls: 0.0045  d3.dn_loss_bbox: 0.0575  d3.dn_loss_iou: 0.3240  d4.dn_loss_cls: 0.0038  d4.dn_loss_bbox: 0.0575  d4.dn_loss_iou: 0.3241
2026/03/26 00:53:58 - mmengine - INFO - Epoch(train)  [8][100/238]  base_lr: 9.4789e-05 lr: 9.4789e-05  eta: 14:56:45  time: 3.6430  data_time: 0.0100  memory: 42375  grad_norm: 43.2449  loss: 5.9041  loss_cls: 0.0134  loss_bbox: 0.0718  loss_iou: 0.3917  d0.loss_cls: 0.0293  d0.loss_bbox: 0.0722  d0.loss_iou: 0.3947  d1.loss_cls: 0.0183  d1.loss_bbox: 0.0716  d1.loss_iou: 0.3908  d2.loss_cls: 0.0160  d2.loss_bbox: 0.0714  d2.loss_iou: 0.3908  d3.loss_cls: 0.0147  d3.loss_bbox: 0.0713  d3.loss_iou: 0.3903  d4.loss_cls: 0.0136  d4.loss_bbox: 0.0717  d4.loss_iou: 0.3913  enc_loss_cls: 0.0685  enc_loss_bbox: 0.0735  enc_loss_iou: 0.4004  dn_loss_cls: 0.0039  dn_loss_bbox: 0.0579  dn_loss_iou: 0.3317  d0.dn_loss_cls: 0.0222  d0.dn_loss_bbox: 0.0728  d0.dn_loss_iou: 0.3998  d1.dn_loss_cls: 0.0086  d1.dn_loss_bbox: 0.0593  d1.dn_loss_iou: 0.3370  d2.dn_loss_cls: 0.0059  d2.dn_loss_bbox: 0.0580  d2.dn_loss_iou: 0.3319  d3.dn_loss_cls: 0.0047  d3.dn_loss_bbox: 0.0579  d3.dn_loss_iou: 0.3315  d4.dn_loss_cls: 0.0041  d4.dn_loss_bbox: 0.0579  d4.dn_loss_iou: 0.3316
2026/03/26 00:56:41 - mmengine - INFO - Epoch(train)  [8][150/238]  base_lr: 9.4789e-05 lr: 9.4789e-05  eta: 14:55:17  time: 3.2584  data_time: 0.0083  memory: 42375  grad_norm: 42.1989  loss: 5.8515  loss_cls: 0.0107  loss_bbox: 0.0709  loss_iou: 0.3895  d0.loss_cls: 0.0246  d0.loss_bbox: 0.0718  d0.loss_iou: 0.3930  d1.loss_cls: 0.0149  d1.loss_bbox: 0.0712  d1.loss_iou: 0.3896  d2.loss_cls: 0.0128  d2.loss_bbox: 0.0709  d2.loss_iou: 0.3889  d3.loss_cls: 0.0110  d3.loss_bbox: 0.0710  d3.loss_iou: 0.3891  d4.loss_cls: 0.0105  d4.loss_bbox: 0.0710  d4.loss_iou: 0.3893  enc_loss_cls: 0.0617  enc_loss_bbox: 0.0744  enc_loss_iou: 0.4039  dn_loss_cls: 0.0027  dn_loss_bbox: 0.0578  dn_loss_iou: 0.3297  d0.dn_loss_cls: 0.0203  d0.dn_loss_bbox: 0.0733  d0.dn_loss_iou: 0.4018  d1.dn_loss_cls: 0.0074  d1.dn_loss_bbox: 0.0592  d1.dn_loss_iou: 0.3357  d2.dn_loss_cls: 0.0047  d2.dn_loss_bbox: 0.0578  d2.dn_loss_iou: 0.3301  d3.dn_loss_cls: 0.0033  d3.dn_loss_bbox: 0.0577  d3.dn_loss_iou: 0.3294  d4.dn_loss_cls: 0.0028  d4.dn_loss_bbox: 0.0577  d4.dn_loss_iou: 0.3296
2026/03/26 00:59:26 - mmengine - INFO - Epoch(train)  [8][200/238]  base_lr: 9.4789e-05 lr: 9.4789e-05  eta: 14:54:06  time: 3.3027  data_time: 0.0091  memory: 42426  grad_norm: 43.6733  loss: 5.7721  loss_cls: 0.0105  loss_bbox: 0.0710  loss_iou: 0.3812  d0.loss_cls: 0.0230  d0.loss_bbox: 0.0734  d0.loss_iou: 0.3884  d1.loss_cls: 0.0147  d1.loss_bbox: 0.0713  d1.loss_iou: 0.3829  d2.loss_cls: 0.0131  d2.loss_bbox: 0.0711  d2.loss_iou: 0.3815  d3.loss_cls: 0.0116  d3.loss_bbox: 0.0711  d3.loss_iou: 0.3810  d4.loss_cls: 0.0106  d4.loss_bbox: 0.0711  d4.loss_iou: 0.3815  enc_loss_cls: 0.0620  enc_loss_bbox: 0.0749  enc_loss_iou: 0.3982  dn_loss_cls: 0.0026  dn_loss_bbox: 0.0572  dn_loss_iou: 0.3262  d0.dn_loss_cls: 0.0196  d0.dn_loss_bbox: 0.0717  d0.dn_loss_iou: 0.3913  d1.dn_loss_cls: 0.0073  d1.dn_loss_bbox: 0.0584  d1.dn_loss_iou: 0.3321  d2.dn_loss_cls: 0.0050  d2.dn_loss_bbox: 0.0573  d2.dn_loss_iou: 0.3266  d3.dn_loss_cls: 0.0035  d3.dn_loss_bbox: 0.0571  d3.dn_loss_iou: 0.3259  d4.dn_loss_cls: 0.0029  d4.dn_loss_bbox: 0.0572  d4.dn_loss_iou: 0.3260
2026/03/26 01:01:25 - mmengine - INFO - Exp name: dino_4scale_r50_uatd_80e_pretrained_20260325_231646
2026/03/26 01:01:48 - mmengine - INFO - Epoch(val)  [8][ 50/100]    eta: 0:00:23  time: 0.4691  data_time: 0.0523  memory: 42375  
2026/03/26 01:02:08 - mmengine - INFO - Epoch(val)  [8][100/100]    eta: 0:00:00  time: 0.4006  data_time: 0.0299  memory: 1533  
2026/03/26 01:02:15 - mmengine - INFO - Evaluating bbox...
2026/03/26 01:02:31 - mmengine - INFO - bbox_mAP_copypaste: 0.320 0.747 0.207 0.454 0.318 0.305
2026/03/26 01:02:31 - mmengine - INFO - Epoch(val) [8][100/100]    coco/bbox_mAP: 0.3200  coco/bbox_mAP_50: 0.7470  coco/bbox_mAP_75: 0.2070  coco/bbox_mAP_s: 0.4540  coco/bbox_mAP_m: 0.3180  coco/bbox_mAP_l: 0.3050  data_time: 0.0409  time: 0.4331
2026/03/26 01:05:15 - mmengine - INFO - Epoch(train)  [9][ 50/238]  base_lr: 9.3487e-05 lr: 9.3487e-05  eta: 14:50:37  time: 3.2659  data_time: 0.0997  memory: 42375  grad_norm: 41.2165  loss: 5.5543  loss_cls: 0.0086  loss_bbox: 0.0685  loss_iou: 0.3687  d0.loss_cls: 0.0217  d0.loss_bbox: 0.0691  d0.loss_iou: 0.3722  d1.loss_cls: 0.0134  d1.loss_bbox: 0.0681  d1.loss_iou: 0.3673  d2.loss_cls: 0.0110  d2.loss_bbox: 0.0683  d2.loss_iou: 0.3681  d3.loss_cls: 0.0095  d3.loss_bbox: 0.0685  d3.loss_iou: 0.3690  d4.loss_cls: 0.0091  d4.loss_bbox: 0.0684  d4.loss_iou: 0.3684  enc_loss_cls: 0.0546  enc_loss_bbox: 0.0709  enc_loss_iou: 0.3809  dn_loss_cls: 0.0025  dn_loss_bbox: 0.0560  dn_loss_iou: 0.3147  d0.dn_loss_cls: 0.0190  d0.dn_loss_bbox: 0.0703  d0.dn_loss_iou: 0.3804  d1.dn_loss_cls: 0.0070  d1.dn_loss_bbox: 0.0573  d1.dn_loss_iou: 0.3203  d2.dn_loss_cls: 0.0046  d2.dn_loss_bbox: 0.0561  d2.dn_loss_iou: 0.3148  d3.dn_loss_cls: 0.0033  d3.dn_loss_bbox: 0.0560  d3.dn_loss_iou: 0.3145  d4.dn_loss_cls: 0.0027  d4.dn_loss_bbox: 0.0560  d4.dn_loss_iou: 0.3147
2026/03/26 01:07:22 - mmengine - INFO - Exp name: dino_4scale_r50_uatd_80e_pretrained_20260325_231646
2026/03/26 01:07:33 - mmengine - INFO - Epoch(train)  [9][100/238]  base_lr: 9.3487e-05 lr: 9.3487e-05  eta: 14:45:28  time: 2.7696  data_time: 0.0069  memory: 42375  grad_norm: 47.1798  loss: 5.5343  loss_cls: 0.0074  loss_bbox: 0.0672  loss_iou: 0.3667  d0.loss_cls: 0.0195  d0.loss_bbox: 0.0690  d0.loss_iou: 0.3722  d1.loss_cls: 0.0116  d1.loss_bbox: 0.0678  d1.loss_iou: 0.3676  d2.loss_cls: 0.0110  d2.loss_bbox: 0.0669  d2.loss_iou: 0.3653  d3.loss_cls: 0.0084  d3.loss_bbox: 0.0672  d3.loss_iou: 0.3662  d4.loss_cls: 0.0077  d4.loss_bbox: 0.0672  d4.loss_iou: 0.3665  enc_loss_cls: 0.0547  enc_loss_bbox: 0.0707  enc_loss_iou: 0.3830  dn_loss_cls: 0.0022  dn_loss_bbox: 0.0553  dn_loss_iou: 0.3157  d0.dn_loss_cls: 0.0184  d0.dn_loss_bbox: 0.0696  d0.dn_loss_iou: 0.3830  d1.dn_loss_cls: 0.0066  d1.dn_loss_bbox: 0.0564  d1.dn_loss_iou: 0.3204  d2.dn_loss_cls: 0.0044  d2.dn_loss_bbox: 0.0554  d2.dn_loss_iou: 0.3158  d3.dn_loss_cls: 0.0031  d3.dn_loss_bbox: 0.0553  d3.dn_loss_iou: 0.3154  d4.dn_loss_cls: 0.0024  d4.dn_loss_bbox: 0.0553  d4.dn_loss_iou: 0.3156
2026/03/26 01:09:46 - mmengine - INFO - Epoch(train)  [9][150/238]  base_lr: 9.3487e-05 lr: 9.3487e-05  eta: 14:39:40  time: 2.6530  data_time: 0.0068  memory: 42375  grad_norm: 43.6571  loss: 5.6168  loss_cls: 0.0108  loss_bbox: 0.0687  loss_iou: 0.3729  d0.loss_cls: 0.0238  d0.loss_bbox: 0.0690  d0.loss_iou: 0.3762  d1.loss_cls: 0.0146  d1.loss_bbox: 0.0690  d1.loss_iou: 0.3746  d2.loss_cls: 0.0132  d2.loss_bbox: 0.0685  d2.loss_iou: 0.3725  d3.loss_cls: 0.0120  d3.loss_bbox: 0.0687  d3.loss_iou: 0.3728  d4.loss_cls: 0.0111  d4.loss_bbox: 0.0687  d4.loss_iou: 0.3728  enc_loss_cls: 0.0546  enc_loss_bbox: 0.0710  enc_loss_iou: 0.3862  dn_loss_cls: 0.0028  dn_loss_bbox: 0.0556  dn_loss_iou: 0.3179  d0.dn_loss_cls: 0.0183  d0.dn_loss_bbox: 0.0695  d0.dn_loss_iou: 0.3826  d1.dn_loss_cls: 0.0072  d1.dn_loss_bbox: 0.0568  d1.dn_loss_iou: 0.3231  d2.dn_loss_cls: 0.0048  d2.dn_loss_bbox: 0.0556  d2.dn_loss_iou: 0.3178  d3.dn_loss_cls: 0.0036  d3.dn_loss_bbox: 0.0556  d3.dn_loss_iou: 0.3176  d4.dn_loss_cls: 0.0031  d4.dn_loss_bbox: 0.0556  d4.dn_loss_iou: 0.3177
2026/03/26 01:12:02 - mmengine - INFO - Epoch(train)  [9][200/238]  base_lr: 9.3487e-05 lr: 9.3487e-05  eta: 14:34:28  time: 2.7198  data_time: 0.0062  memory: 42375  grad_norm: 49.5243  loss: 5.7036  loss_cls: 0.0146  loss_bbox: 0.0698  loss_iou: 0.3765  d0.loss_cls: 0.0270  d0.loss_bbox: 0.0708  d0.loss_iou: 0.3794  d1.loss_cls: 0.0191  d1.loss_bbox: 0.0700  d1.loss_iou: 0.3754  d2.loss_cls: 0.0170  d2.loss_bbox: 0.0698  d2.loss_iou: 0.3755  d3.loss_cls: 0.0154  d3.loss_bbox: 0.0698  d3.loss_iou: 0.3758  d4.loss_cls: 0.0146  d4.loss_bbox: 0.0698  d4.loss_iou: 0.3763  enc_loss_cls: 0.0589  enc_loss_bbox: 0.0740  enc_loss_iou: 0.3918  dn_loss_cls: 0.0040  dn_loss_bbox: 0.0558  dn_loss_iou: 0.3211  d0.dn_loss_cls: 0.0201  d0.dn_loss_bbox: 0.0696  d0.dn_loss_iou: 0.3861  d1.dn_loss_cls: 0.0086  d1.dn_loss_bbox: 0.0569  d1.dn_loss_iou: 0.3254  d2.dn_loss_cls: 0.0059  d2.dn_loss_bbox: 0.0558  d2.dn_loss_iou: 0.3208  d3.dn_loss_cls: 0.0047  d3.dn_loss_bbox: 0.0558  d3.dn_loss_iou: 0.3207  d4.dn_loss_cls: 0.0042  d4.dn_loss_bbox: 0.0558  d4.dn_loss_iou: 0.3209
2026/03/26 01:13:39 - mmengine - INFO - Exp name: dino_4scale_r50_uatd_80e_pretrained_20260325_231646
2026/03/26 01:16:05 - mmengine - INFO - Epoch(train) [10][ 50/238]  base_lr: 9.2184e-05 lr: 9.2184e-05  eta: 14:26:12  time: 2.9227  data_time: 0.0844  memory: 42426  grad_norm: 45.7069  loss: 5.4007  loss_cls: 0.0084  loss_bbox: 0.0653  loss_iou: 0.3577  d0.loss_cls: 0.0190  d0.loss_bbox: 0.0661  d0.loss_iou: 0.3609  d1.loss_cls: 0.0133  d1.loss_bbox: 0.0652  d1.loss_iou: 0.3574  d2.loss_cls: 0.0112  d2.loss_bbox: 0.0653  d2.loss_iou: 0.3565  d3.loss_cls: 0.0096  d3.loss_bbox: 0.0654  d3.loss_iou: 0.3579  d4.loss_cls: 0.0088  d4.loss_bbox: 0.0653  d4.loss_iou: 0.3575  enc_loss_cls: 0.0516  enc_loss_bbox: 0.0692  enc_loss_iou: 0.3758  dn_loss_cls: 0.0023  dn_loss_bbox: 0.0537  dn_loss_iou: 0.3089  d0.dn_loss_cls: 0.0169  d0.dn_loss_bbox: 0.0670  d0.dn_loss_iou: 0.3725  d1.dn_loss_cls: 0.0063  d1.dn_loss_bbox: 0.0547  d1.dn_loss_iou: 0.3137  d2.dn_loss_cls: 0.0042  d2.dn_loss_bbox: 0.0537  d2.dn_loss_iou: 0.3090  d3.dn_loss_cls: 0.0030  d3.dn_loss_bbox: 0.0536  d3.dn_loss_iou: 0.3087  d4.dn_loss_cls: 0.0025  d4.dn_loss_bbox: 0.0537  d4.dn_loss_iou: 0.3088
2026/03/26 01:18:31 - mmengine - INFO - Epoch(train) [10][100/238]  base_lr: 9.2184e-05 lr: 9.2184e-05  eta: 14:22:34  time: 2.9149  data_time: 0.0123  memory: 42375  grad_norm: 43.2917  loss: 5.3000  loss_cls: 0.0067  loss_bbox: 0.0640  loss_iou: 0.3522  d0.loss_cls: 0.0145  d0.loss_bbox: 0.0651  d0.loss_iou: 0.3576  d1.loss_cls: 0.0087  d1.loss_bbox: 0.0645  d1.loss_iou: 0.3539  d2.loss_cls: 0.0077  d2.loss_bbox: 0.0641  d2.loss_iou: 0.3527  d3.loss_cls: 0.0070  d3.loss_bbox: 0.0641  d3.loss_iou: 0.3521  d4.loss_cls: 0.0067  d4.loss_bbox: 0.0640  d4.loss_iou: 0.3522  enc_loss_cls: 0.0476  enc_loss_bbox: 0.0677  enc_loss_iou: 0.3701  dn_loss_cls: 0.0013  dn_loss_bbox: 0.0531  dn_loss_iou: 0.3047  d0.dn_loss_cls: 0.0154  d0.dn_loss_bbox: 0.0668  d0.dn_loss_iou: 0.3677  d1.dn_loss_cls: 0.0048  d1.dn_loss_bbox: 0.0541  d1.dn_loss_iou: 0.3092  d2.dn_loss_cls: 0.0028  d2.dn_loss_bbox: 0.0532  d2.dn_loss_iou: 0.3048  d3.dn_loss_cls: 0.0019  d3.dn_loss_bbox: 0.0531  d3.dn_loss_iou: 0.3046  d4.dn_loss_cls: 0.0015  d4.dn_loss_bbox: 0.0531  d4.dn_loss_iou: 0.3046
2026/03/26 01:21:02 - mmengine - INFO - Epoch(train) [10][150/238]  base_lr: 9.2184e-05 lr: 9.2184e-05  eta: 14:19:41  time: 3.0294  data_time: 0.0077  memory: 42375  grad_norm: 44.2467  loss: 5.4601  loss_cls: 0.0101  loss_bbox: 0.0672  loss_iou: 0.3632  d0.loss_cls: 0.0207  d0.loss_bbox: 0.0680  d0.loss_iou: 0.3666  d1.loss_cls: 0.0145  d1.loss_bbox: 0.0670  d1.loss_iou: 0.3623  d2.loss_cls: 0.0123  d2.loss_bbox: 0.0673  d2.loss_iou: 0.3635  d3.loss_cls: 0.0109  d3.loss_bbox: 0.0672  d3.loss_iou: 0.3633  d4.loss_cls: 0.0100  d4.loss_bbox: 0.0672  d4.loss_iou: 0.3633  enc_loss_cls: 0.0508  enc_loss_bbox: 0.0700  enc_loss_iou: 0.3764  dn_loss_cls: 0.0032  dn_loss_bbox: 0.0545  dn_loss_iou: 0.3089  d0.dn_loss_cls: 0.0175  d0.dn_loss_bbox: 0.0674  d0.dn_loss_iou: 0.3692  d1.dn_loss_cls: 0.0070  d1.dn_loss_bbox: 0.0556  d1.dn_loss_iou: 0.3136  d2.dn_loss_cls: 0.0050  d2.dn_loss_bbox: 0.0545  d2.dn_loss_iou: 0.3088  d3.dn_loss_cls: 0.0037  d3.dn_loss_bbox: 0.0544  d3.dn_loss_iou: 0.3087  d4.dn_loss_cls: 0.0032  d4.dn_loss_bbox: 0.0545  d4.dn_loss_iou: 0.3087
2026/03/26 01:23:54 - mmengine - INFO - Epoch(train) [10][200/238]  base_lr: 9.2184e-05 lr: 9.2184e-05  eta: 14:19:11  time: 3.4271  data_time: 0.0098  memory: 42375  grad_norm: 40.5412  loss: 5.3846  loss_cls: 0.0095  loss_bbox: 0.0661  loss_iou: 0.3550  d0.loss_cls: 0.0209  d0.loss_bbox: 0.0670  d0.loss_iou: 0.3594  d1.loss_cls: 0.0139  d1.loss_bbox: 0.0663  d1.loss_iou: 0.3563  d2.loss_cls: 0.0119  d2.loss_bbox: 0.0662  d2.loss_iou: 0.3556  d3.loss_cls: 0.0105  d3.loss_bbox: 0.0661  d3.loss_iou: 0.3549  d4.loss_cls: 0.0098  d4.loss_bbox: 0.0661  d4.loss_iou: 0.3550  enc_loss_cls: 0.0547  enc_loss_bbox: 0.0699  enc_loss_iou: 0.3727  dn_loss_cls: 0.0025  dn_loss_bbox: 0.0541  dn_loss_iou: 0.3065  d0.dn_loss_cls: 0.0177  d0.dn_loss_bbox: 0.0666  d0.dn_loss_iou: 0.3643  d1.dn_loss_cls: 0.0071  d1.dn_loss_bbox: 0.0552  d1.dn_loss_iou: 0.3108  d2.dn_loss_cls: 0.0047  d2.dn_loss_bbox: 0.0541  d2.dn_loss_iou: 0.3066  d3.dn_loss_cls: 0.0033  d3.dn_loss_bbox: 0.0540  d3.dn_loss_iou: 0.3063  d4.dn_loss_cls: 0.0027  d4.dn_loss_bbox: 0.0541  d4.dn_loss_iou: 0.3064
2026/03/26 01:26:06 - mmengine - INFO - Exp name: dino_4scale_r50_uatd_80e_pretrained_20260325_231646
2026/03/26 01:26:34 - mmengine - INFO - Epoch(val) [10][ 50/100]    eta: 0:00:27  time: 0.5504  data_time: 0.0966  memory: 42426  
2026/03/26 01:26:57 - mmengine - INFO - Epoch(val) [10][100/100]    eta: 0:00:00  time: 0.4578  data_time: 0.0338  memory: 1533  
2026/03/26 01:27:04 - mmengine - INFO - Evaluating bbox...
2026/03/26 01:27:25 - mmengine - INFO - bbox_mAP_copypaste: 0.337 0.777 0.225 0.488 0.335 0.315
2026/03/26 01:27:25 - mmengine - INFO - Epoch(val) [10][100/100]    coco/bbox_mAP: 0.3370  coco/bbox_mAP_50: 0.7770  coco/bbox_mAP_75: 0.2250  coco/bbox_mAP_s: 0.4880  coco/bbox_mAP_m: 0.3350  coco/bbox_mAP_l: 0.3150  data_time: 0.0646  time: 0.5024
2026/03/26 01:29:46 - mmengine - INFO - Epoch(train) [11][ 50/238]  base_lr: 9.0882e-05 lr: 9.0882e-05  eta: 14:14:49  time: 2.8092  data_time: 0.0796  memory: 42375  grad_norm: 41.8225  loss: 5.1289  loss_cls: 0.0074  loss_bbox: 0.0615  loss_iou: 0.3398  d0.loss_cls: 0.0195  d0.loss_bbox: 0.0625  d0.loss_iou: 0.3448  d1.loss_cls: 0.0124  d1.loss_bbox: 0.0617  d1.loss_iou: 0.3407  d2.loss_cls: 0.0102  d2.loss_bbox: 0.0616  d2.loss_iou: 0.3400  d3.loss_cls: 0.0085  d3.loss_bbox: 0.0615  d3.loss_iou: 0.3393  d4.loss_cls: 0.0076  d4.loss_bbox: 0.0615  d4.loss_iou: 0.3397  enc_loss_cls: 0.0460  enc_loss_bbox: 0.0650  enc_loss_iou: 0.3567  dn_loss_cls: 0.0014  dn_loss_bbox: 0.0513  dn_loss_iou: 0.2946  d0.dn_loss_cls: 0.0152  d0.dn_loss_bbox: 0.0639  d0.dn_loss_iou: 0.3533  d1.dn_loss_cls: 0.0052  d1.dn_loss_bbox: 0.0523  d1.dn_loss_iou: 0.2996  d2.dn_loss_cls: 0.0032  d2.dn_loss_bbox: 0.0513  d2.dn_loss_iou: 0.2949  d3.dn_loss_cls: 0.0019  d3.dn_loss_bbox: 0.0512  d3.dn_loss_iou: 0.2945  d4.dn_loss_cls: 0.0015  d4.dn_loss_bbox: 0.0513  d4.dn_loss_iou: 0.2946
2026/03/26 01:31:58 - mmengine - INFO - Epoch(train) [11][100/238]  base_lr: 9.0882e-05 lr: 9.0882e-05  eta: 14:09:50  time: 2.6554  data_time: 0.0071  memory: 42375  grad_norm: 44.1448  loss: 5.2561  loss_cls: 0.0068  loss_bbox: 0.0649  loss_iou: 0.3504  d0.loss_cls: 0.0151  d0.loss_bbox: 0.0658  d0.loss_iou: 0.3533  d1.loss_cls: 0.0085  d1.loss_bbox: 0.0651  d1.loss_iou: 0.3516  d2.loss_cls: 0.0072  d2.loss_bbox: 0.0650  d2.loss_iou: 0.3504  d3.loss_cls: 0.0061  d3.loss_bbox: 0.0650  d3.loss_iou: 0.3507  d4.loss_cls: 0.0066  d4.loss_bbox: 0.0649  d4.loss_iou: 0.3503  enc_loss_cls: 0.0441  enc_loss_bbox: 0.0671  enc_loss_iou: 0.3616  dn_loss_cls: 0.0018  dn_loss_bbox: 0.0533  dn_loss_iou: 0.3014  d0.dn_loss_cls: 0.0144  d0.dn_loss_bbox: 0.0665  d0.dn_loss_iou: 0.3629  d1.dn_loss_cls: 0.0047  d1.dn_loss_bbox: 0.0543  d1.dn_loss_iou: 0.3058  d2.dn_loss_cls: 0.0030  d2.dn_loss_bbox: 0.0533  d2.dn_loss_iou: 0.3012  d3.dn_loss_cls: 0.0021  d3.dn_loss_bbox: 0.0532  d3.dn_loss_iou: 0.3012  d4.dn_loss_cls: 0.0019  d4.dn_loss_bbox: 0.0532  d4.dn_loss_iou: 0.3013
2026/03/26 01:34:06 - mmengine - INFO - Epoch(train) [11][150/238]  base_lr: 9.0882e-05 lr: 9.0882e-05  eta: 14:04:25  time: 2.5549  data_time: 0.0065  memory: 42375  grad_norm: 47.2810  loss: 5.2335  loss_cls: 0.0071  loss_bbox: 0.0634  loss_iou: 0.3476  d0.loss_cls: 0.0164  d0.loss_bbox: 0.0636  d0.loss_iou: 0.3500  d1.loss_cls: 0.0103  d1.loss_bbox: 0.0635  d1.loss_iou: 0.3483  d2.loss_cls: 0.0087  d2.loss_bbox: 0.0635  d2.loss_iou: 0.3476  d3.loss_cls: 0.0075  d3.loss_bbox: 0.0634  d3.loss_iou: 0.3476  d4.loss_cls: 0.0068  d4.loss_bbox: 0.0634  d4.loss_iou: 0.3476  enc_loss_cls: 0.0464  enc_loss_bbox: 0.0658  enc_loss_iou: 0.3598  dn_loss_cls: 0.0018  dn_loss_bbox: 0.0528  dn_loss_iou: 0.3017  d0.dn_loss_cls: 0.0145  d0.dn_loss_bbox: 0.0658  d0.dn_loss_iou: 0.3627  d1.dn_loss_cls: 0.0050  d1.dn_loss_bbox: 0.0540  d1.dn_loss_iou: 0.3065  d2.dn_loss_cls: 0.0030  d2.dn_loss_bbox: 0.0529  d2.dn_loss_iou: 0.3019  d3.dn_loss_cls: 0.0021  d3.dn_loss_bbox: 0.0528  d3.dn_loss_iou: 0.3016  d4.dn_loss_cls: 0.0018  d4.dn_loss_bbox: 0.0528  d4.dn_loss_iou: 0.3016
2026/03/26 01:36:22 - mmengine - INFO - Epoch(train) [11][200/238]  base_lr: 9.0882e-05 lr: 9.0882e-05  eta: 13:59:57  time: 2.7106  data_time: 0.0071  memory: 42375  grad_norm: 44.6192  loss: 5.2605  loss_cls: 0.0081  loss_bbox: 0.0648  loss_iou: 0.3493  d0.loss_cls: 0.0166  d0.loss_bbox: 0.0655  d0.loss_iou: 0.3530  d1.loss_cls: 0.0112  d1.loss_bbox: 0.0649  d1.loss_iou: 0.3498  d2.loss_cls: 0.0099  d2.loss_bbox: 0.0648  d2.loss_iou: 0.3493  d3.loss_cls: 0.0088  d3.loss_bbox: 0.0648  d3.loss_iou: 0.3490  d4.loss_cls: 0.0081  d4.loss_bbox: 0.0649  d4.loss_iou: 0.3494  enc_loss_cls: 0.0458  enc_loss_bbox: 0.0683  enc_loss_iou: 0.3662  dn_loss_cls: 0.0019  dn_loss_bbox: 0.0525  dn_loss_iou: 0.3010  d0.dn_loss_cls: 0.0151  d0.dn_loss_bbox: 0.0651  d0.dn_loss_iou: 0.3608  d1.dn_loss_cls: 0.0052  d1.dn_loss_bbox: 0.0534  d1.dn_loss_iou: 0.3052  d2.dn_loss_cls: 0.0034  d2.dn_loss_bbox: 0.0525  d2.dn_loss_iou: 0.3010  d3.dn_loss_cls: 0.0024  d3.dn_loss_bbox: 0.0524  d3.dn_loss_iou: 0.3007  d4.dn_loss_cls: 0.0019  d4.dn_loss_bbox: 0.0525  d4.dn_loss_iou: 0.3009
2026/03/26 01:38:00 - mmengine - INFO - Exp name: dino_4scale_r50_uatd_80e_pretrained_20260325_231646
2026/03/26 01:40:31 - mmengine - INFO - Epoch(train) [12][ 50/238]  base_lr: 8.9579e-05 lr: 8.9579e-05  eta: 13:53:24  time: 3.0142  data_time: 0.0773  memory: 42375  grad_norm: 43.2472  loss: 4.9814  loss_cls: 0.0059  loss_bbox: 0.0602  loss_iou: 0.3303  d0.loss_cls: 0.0148  d0.loss_bbox: 0.0608  d0.loss_iou: 0.3337  d1.loss_cls: 0.0089  d1.loss_bbox: 0.0602  d1.loss_iou: 0.3304  d2.loss_cls: 0.0076  d2.loss_bbox: 0.0602  d2.loss_iou: 0.3303  d3.loss_cls: 0.0065  d3.loss_bbox: 0.0602  d3.loss_iou: 0.3304  d4.loss_cls: 0.0062  d4.loss_bbox: 0.0602  d4.loss_iou: 0.3301  enc_loss_cls: 0.0442  enc_loss_bbox: 0.0628  enc_loss_iou: 0.3421  dn_loss_cls: 0.0020  dn_loss_bbox: 0.0503  dn_loss_iou: 0.2882  d0.dn_loss_cls: 0.0140  d0.dn_loss_bbox: 0.0625  d0.dn_loss_iou: 0.3468  d1.dn_loss_cls: 0.0049  d1.dn_loss_bbox: 0.0512  d1.dn_loss_iou: 0.2922  d2.dn_loss_cls: 0.0033  d2.dn_loss_bbox: 0.0503  d2.dn_loss_iou: 0.2882  d3.dn_loss_cls: 0.0025  d3.dn_loss_bbox: 0.0503  d3.dn_loss_iou: 0.2880  d4.dn_loss_cls: 0.0021  d4.dn_loss_bbox: 0.0503  d4.dn_loss_iou: 0.2880
2026/03/26 01:42:42 - mmengine - INFO - Epoch(train) [12][100/238]  base_lr: 8.9579e-05 lr: 8.9579e-05  eta: 13:48:40  time: 2.6167  data_time: 0.0064  memory: 42426  grad_norm: 48.2217  loss: 4.9568  loss_cls: 0.0048  loss_bbox: 0.0597  loss_iou: 0.3306  d0.loss_cls: 0.0137  d0.loss_bbox: 0.0602  d0.loss_iou: 0.3339  d1.loss_cls: 0.0078  d1.loss_bbox: 0.0597  d1.loss_iou: 0.3315  d2.loss_cls: 0.0060  d2.loss_bbox: 0.0596  d2.loss_iou: 0.3308  d3.loss_cls: 0.0048  d3.loss_bbox: 0.0596  d3.loss_iou: 0.3303  d4.loss_cls: 0.0047  d4.loss_bbox: 0.0597  d4.loss_iou: 0.3306  enc_loss_cls: 0.0427  enc_loss_bbox: 0.0632  enc_loss_iou: 0.3446  dn_loss_cls: 0.0011  dn_loss_bbox: 0.0498  dn_loss_iou: 0.2877  d0.dn_loss_cls: 0.0132  d0.dn_loss_bbox: 0.0610  d0.dn_loss_iou: 0.3427  d1.dn_loss_cls: 0.0042  d1.dn_loss_bbox: 0.0505  d1.dn_loss_iou: 0.2910  d2.dn_loss_cls: 0.0025  d2.dn_loss_bbox: 0.0498  d2.dn_loss_iou: 0.2876  d3.dn_loss_cls: 0.0015  d3.dn_loss_bbox: 0.0498  d3.dn_loss_iou: 0.2875  d4.dn_loss_cls: 0.0012  d4.dn_loss_bbox: 0.0498  d4.dn_loss_iou: 0.2876
2026/03/26 01:44:58 - mmengine - INFO - Epoch(train) [12][150/238]  base_lr: 8.9579e-05 lr: 8.9579e-05  eta: 13:44:31  time: 2.7195  data_time: 0.0063  memory: 42375  grad_norm: 44.3774  loss: 5.0478  loss_cls: 0.0078  loss_bbox: 0.0618  loss_iou: 0.3348  d0.loss_cls: 0.0184  d0.loss_bbox: 0.0624  d0.loss_iou: 0.3364  d1.loss_cls: 0.0112  d1.loss_bbox: 0.0621  d1.loss_iou: 0.3350  d2.loss_cls: 0.0095  d2.loss_bbox: 0.0618  d2.loss_iou: 0.3340  d3.loss_cls: 0.0085  d3.loss_bbox: 0.0618  d3.loss_iou: 0.3343  d4.loss_cls: 0.0081  d4.loss_bbox: 0.0618  d4.loss_iou: 0.3346  enc_loss_cls: 0.0463  enc_loss_bbox: 0.0650  enc_loss_iou: 0.3484  dn_loss_cls: 0.0025  dn_loss_bbox: 0.0504  dn_loss_iou: 0.2894  d0.dn_loss_cls: 0.0146  d0.dn_loss_bbox: 0.0624  d0.dn_loss_iou: 0.3459  d1.dn_loss_cls: 0.0053  d1.dn_loss_bbox: 0.0514  d1.dn_loss_iou: 0.2937  d2.dn_loss_cls: 0.0035  d2.dn_loss_bbox: 0.0504  d2.dn_loss_iou: 0.2895  d3.dn_loss_cls: 0.0029  d3.dn_loss_bbox: 0.0504  d3.dn_loss_iou: 0.2893  d4.dn_loss_cls: 0.0025  d4.dn_loss_bbox: 0.0504  d4.dn_loss_iou: 0.2893
2026/03/26 01:47:35 - mmengine - INFO - Epoch(train) [12][200/238]  base_lr: 8.9579e-05 lr: 8.9579e-05  eta: 13:42:31  time: 3.1516  data_time: 0.0099  memory: 42375  grad_norm: 47.5892  loss: 5.0565  loss_cls: 0.0059  loss_bbox: 0.0614  loss_iou: 0.3363  d0.loss_cls: 0.0181  d0.loss_bbox: 0.0619  d0.loss_iou: 0.3383  d1.loss_cls: 0.0076  d1.loss_bbox: 0.0615  d1.loss_iou: 0.3364  d2.loss_cls: 0.0070  d2.loss_bbox: 0.0614  d2.loss_iou: 0.3368  d3.loss_cls: 0.0064  d3.loss_bbox: 0.0613  d3.loss_iou: 0.3360  d4.loss_cls: 0.0059  d4.loss_bbox: 0.0614  d4.loss_iou: 0.3360  enc_loss_cls: 0.0374  enc_loss_bbox: 0.0644  enc_loss_iou: 0.3492  dn_loss_cls: 0.0015  dn_loss_bbox: 0.0512  dn_loss_iou: 0.2933  d0.dn_loss_cls: 0.0120  d0.dn_loss_bbox: 0.0636  d0.dn_loss_iou: 0.3529  d1.dn_loss_cls: 0.0037  d1.dn_loss_bbox: 0.0521  d1.dn_loss_iou: 0.2974  d2.dn_loss_cls: 0.0023  d2.dn_loss_bbox: 0.0512  d2.dn_loss_iou: 0.2934  d3.dn_loss_cls: 0.0017  d3.dn_loss_bbox: 0.0512  d3.dn_loss_iou: 0.2931  d4.dn_loss_cls: 0.0015  d4.dn_loss_bbox: 0.0512  d4.dn_loss_iou: 0.2931
2026/03/26 01:49:26 - mmengine - INFO - Exp name: dino_4scale_r50_uatd_80e_pretrained_20260325_231646
2026/03/26 01:49:49 - mmengine - INFO - Epoch(val) [12][ 50/100]    eta: 0:00:22  time: 0.4592  data_time: 0.0442  memory: 42375  
2026/03/26 01:50:10 - mmengine - INFO - Epoch(val) [12][100/100]    eta: 0:00:00  time: 0.4018  data_time: 0.0321  memory: 1533  
2026/03/26 01:50:16 - mmengine - INFO - Evaluating bbox...
2026/03/26 01:50:32 - mmengine - INFO - bbox_mAP_copypaste: 0.357 0.793 0.255 0.401 0.358 0.343
2026/03/26 01:50:33 - mmengine - INFO - Epoch(val) [12][100/100]    coco/bbox_mAP: 0.3570  coco/bbox_mAP_50: 0.7930  coco/bbox_mAP_75: 0.2550  coco/bbox_mAP_s: 0.4010  coco/bbox_mAP_m: 0.3580  coco/bbox_mAP_l: 0.3430  data_time: 0.0380  time: 0.4300
2026/03/26 01:53:04 - mmengine - INFO - Epoch(train) [13][ 50/238]  base_lr: 8.8276e-05 lr: 8.8276e-05  eta: 13:37:37  time: 3.0349  data_time: 0.1057  memory: 42426  grad_norm: 46.2473  loss: 4.8544  loss_cls: 0.0038  loss_bbox: 0.0601  loss_iou: 0.3204  d0.loss_cls: 0.0144  d0.loss_bbox: 0.0605  d0.loss_iou: 0.3241  d1.loss_cls: 0.0080  d1.loss_bbox: 0.0601  d1.loss_iou: 0.3210  d2.loss_cls: 0.0059  d2.loss_bbox: 0.0601  d2.loss_iou: 0.3206  d3.loss_cls: 0.0049  d3.loss_bbox: 0.0600  d3.loss_iou: 0.3202  d4.loss_cls: 0.0041  d4.loss_bbox: 0.0600  d4.loss_iou: 0.3200  enc_loss_cls: 0.0402  enc_loss_bbox: 0.0637  enc_loss_iou: 0.3373  dn_loss_cls: 0.0011  dn_loss_bbox: 0.0496  dn_loss_iou: 0.2812  d0.dn_loss_cls: 0.0131  d0.dn_loss_bbox: 0.0615  d0.dn_loss_iou: 0.3404  d1.dn_loss_cls: 0.0044  d1.dn_loss_bbox: 0.0505  d1.dn_loss_iou: 0.2856  d2.dn_loss_cls: 0.0027  d2.dn_loss_bbox: 0.0496  d2.dn_loss_iou: 0.2813  d3.dn_loss_cls: 0.0017  d3.dn_loss_bbox: 0.0495  d3.dn_loss_iou: 0.2809  d4.dn_loss_cls: 0.0013  d4.dn_loss_bbox: 0.0495  d4.dn_loss_iou: 0.2810
2026/03/26 01:55:13 - mmengine - INFO - Epoch(train) [13][100/238]  base_lr: 8.8276e-05 lr: 8.8276e-05  eta: 13:32:59  time: 2.5793  data_time: 0.0065  memory: 42375  grad_norm: 48.9161  loss: 4.7886  loss_cls: 0.0038  loss_bbox: 0.0578  loss_iou: 0.3176  d0.loss_cls: 0.0133  d0.loss_bbox: 0.0584  d0.loss_iou: 0.3213  d1.loss_cls: 0.0067  d1.loss_bbox: 0.0579  d1.loss_iou: 0.3182  d2.loss_cls: 0.0054  d2.loss_bbox: 0.0578  d2.loss_iou: 0.3173  d3.loss_cls: 0.0043  d3.loss_bbox: 0.0578  d3.loss_iou: 0.3177  d4.loss_cls: 0.0039  d4.loss_bbox: 0.0578  d4.loss_iou: 0.3174  enc_loss_cls: 0.0405  enc_loss_bbox: 0.0612  enc_loss_iou: 0.3332  dn_loss_cls: 0.0008  dn_loss_bbox: 0.0490  dn_loss_iou: 0.2783  d0.dn_loss_cls: 0.0115  d0.dn_loss_bbox: 0.0614  d0.dn_loss_iou: 0.3369  d1.dn_loss_cls: 0.0035  d1.dn_loss_bbox: 0.0499  d1.dn_loss_iou: 0.2822  d2.dn_loss_cls: 0.0019  d2.dn_loss_bbox: 0.0490  d2.dn_loss_iou: 0.2785  d3.dn_loss_cls: 0.0012  d3.dn_loss_bbox: 0.0489  d3.dn_loss_iou: 0.2782  d4.dn_loss_cls: 0.0009  d4.dn_loss_bbox: 0.0490  d4.dn_loss_iou: 0.2782
2026/03/26 01:56:59 - mmengine - INFO - Exp name: dino_4scale_r50_uatd_80e_pretrained_20260325_231646
2026/03/26 01:57:13 - mmengine - INFO - Epoch(train) [13][150/238]  base_lr: 8.8276e-05 lr: 8.8276e-05  eta: 13:27:38  time: 2.3978  data_time: 0.0057  memory: 42375  grad_norm: 53.4775  loss: 4.9343  loss_cls: 0.0039  loss_bbox: 0.0596  loss_iou: 0.3291  d0.loss_cls: 0.0120  d0.loss_bbox: 0.0601  d0.loss_iou: 0.3322  d1.loss_cls: 0.0069  d1.loss_bbox: 0.0594  d1.loss_iou: 0.3292  d2.loss_cls: 0.0049  d2.loss_bbox: 0.0596  d2.loss_iou: 0.3290  d3.loss_cls: 0.0045  d3.loss_bbox: 0.0596  d3.loss_iou: 0.3291  d4.loss_cls: 0.0039  d4.loss_bbox: 0.0596  d4.loss_iou: 0.3291  enc_loss_cls: 0.0391  enc_loss_bbox: 0.0623  enc_loss_iou: 0.3430  dn_loss_cls: 0.0013  dn_loss_bbox: 0.0498  dn_loss_iou: 0.2876  d0.dn_loss_cls: 0.0115  d0.dn_loss_bbox: 0.0615  d0.dn_loss_iou: 0.3446  d1.dn_loss_cls: 0.0037  d1.dn_loss_bbox: 0.0507  d1.dn_loss_iou: 0.2912  d2.dn_loss_cls: 0.0023  d2.dn_loss_bbox: 0.0498  d2.dn_loss_iou: 0.2872  d3.dn_loss_cls: 0.0016  d3.dn_loss_bbox: 0.0498  d3.dn_loss_iou: 0.2872  d4.dn_loss_cls: 0.0014  d4.dn_loss_bbox: 0.0498  d4.dn_loss_iou: 0.2874
2026/03/26 01:59:16 - mmengine - INFO - Epoch(train) [13][200/238]  base_lr: 8.8276e-05 lr: 8.8276e-05  eta: 13:22:38  time: 2.4518  data_time: 0.0056  memory: 42375  grad_norm: 46.6596  loss: 4.9473  loss_cls: 0.0061  loss_bbox: 0.0602  loss_iou: 0.3289  d0.loss_cls: 0.0138  d0.loss_bbox: 0.0610  d0.loss_iou: 0.3335  d1.loss_cls: 0.0090  d1.loss_bbox: 0.0604  d1.loss_iou: 0.3301  d2.loss_cls: 0.0082  d2.loss_bbox: 0.0600  d2.loss_iou: 0.3277  d3.loss_cls: 0.0068  d3.loss_bbox: 0.0602  d3.loss_iou: 0.3283  d4.loss_cls: 0.0064  d4.loss_bbox: 0.0602  d4.loss_iou: 0.3285  enc_loss_cls: 0.0411  enc_loss_bbox: 0.0634  enc_loss_iou: 0.3457  dn_loss_cls: 0.0017  dn_loss_bbox: 0.0499  dn_loss_iou: 0.2855  d0.dn_loss_cls: 0.0129  d0.dn_loss_bbox: 0.0613  d0.dn_loss_iou: 0.3401  d1.dn_loss_cls: 0.0044  d1.dn_loss_bbox: 0.0506  d1.dn_loss_iou: 0.2894  d2.dn_loss_cls: 0.0027  d2.dn_loss_bbox: 0.0499  d2.dn_loss_iou: 0.2854  d3.dn_loss_cls: 0.0020  d3.dn_loss_bbox: 0.0499  d3.dn_loss_iou: 0.2853  d4.dn_loss_cls: 0.0017  d4.dn_loss_bbox: 0.0499  d4.dn_loss_iou: 0.2854
2026/03/26 02:00:44 - mmengine - INFO - Exp name: dino_4scale_r50_uatd_80e_pretrained_20260325_231646
2026/03/26 02:02:50 - mmengine - INFO - Epoch(train) [14][ 50/238]  base_lr: 8.6974e-05 lr: 8.6974e-05  eta: 13:13:53  time: 2.5106  data_time: 0.0605  memory: 42375  grad_norm: 45.1093  loss: 4.6544  loss_cls: 0.0052  loss_bbox: 0.0561  loss_iou: 0.3079  d0.loss_cls: 0.0150  d0.loss_bbox: 0.0570  d0.loss_iou: 0.3114  d1.loss_cls: 0.0081  d1.loss_bbox: 0.0563  d1.loss_iou: 0.3082  d2.loss_cls: 0.0066  d2.loss_bbox: 0.0562  d2.loss_iou: 0.3076  d3.loss_cls: 0.0059  d3.loss_bbox: 0.0561  d3.loss_iou: 0.3077  d4.loss_cls: 0.0052  d4.loss_bbox: 0.0561  d4.loss_iou: 0.3077  enc_loss_cls: 0.0395  enc_loss_bbox: 0.0604  enc_loss_iou: 0.3244  dn_loss_cls: 0.0010  dn_loss_bbox: 0.0470  dn_loss_iou: 0.2707  d0.dn_loss_cls: 0.0117  d0.dn_loss_bbox: 0.0580  d0.dn_loss_iou: 0.3241  d1.dn_loss_cls: 0.0034  d1.dn_loss_bbox: 0.0479  d1.dn_loss_iou: 0.2743  d2.dn_loss_cls: 0.0019  d2.dn_loss_bbox: 0.0471  d2.dn_loss_iou: 0.2709  d3.dn_loss_cls: 0.0013  d3.dn_loss_bbox: 0.0470  d3.dn_loss_iou: 0.2706  d4.dn_loss_cls: 0.0010  d4.dn_loss_bbox: 0.0470  d4.dn_loss_iou: 0.2707
2026/03/26 02:04:53 - mmengine - INFO - Epoch(train) [14][100/238]  base_lr: 8.6974e-05 lr: 8.6974e-05  eta: 13:09:10  time: 2.4611  data_time: 0.0051  memory: 42375  grad_norm: 51.2440  loss: 4.5604  loss_cls: 0.0052  loss_bbox: 0.0546  loss_iou: 0.3023  d0.loss_cls: 0.0123  d0.loss_bbox: 0.0550  d0.loss_iou: 0.3066  d1.loss_cls: 0.0079  d1.loss_bbox: 0.0543  d1.loss_iou: 0.3019  d2.loss_cls: 0.0062  d2.loss_bbox: 0.0546  d2.loss_iou: 0.3025  d3.loss_cls: 0.0058  d3.loss_bbox: 0.0546  d3.loss_iou: 0.3023  d4.loss_cls: 0.0055  d4.loss_bbox: 0.0545  d4.loss_iou: 0.3022  enc_loss_cls: 0.0371  enc_loss_bbox: 0.0577  enc_loss_iou: 0.3201  dn_loss_cls: 0.0015  dn_loss_bbox: 0.0458  dn_loss_iou: 0.2653  d0.dn_loss_cls: 0.0115  d0.dn_loss_bbox: 0.0563  d0.dn_loss_iou: 0.3185  d1.dn_loss_cls: 0.0040  d1.dn_loss_bbox: 0.0465  d1.dn_loss_iou: 0.2685  d2.dn_loss_cls: 0.0028  d2.dn_loss_bbox: 0.0458  d2.dn_loss_iou: 0.2653  d3.dn_loss_cls: 0.0020  d3.dn_loss_bbox: 0.0458  d3.dn_loss_iou: 0.2651  d4.dn_loss_cls: 0.0016  d4.dn_loss_bbox: 0.0458  d4.dn_loss_iou: 0.2652
2026/03/26 02:07:04 - mmengine - INFO - Epoch(train) [14][150/238]  base_lr: 8.6974e-05 lr: 8.6974e-05  eta: 13:05:11  time: 2.6178  data_time: 0.0058  memory: 42375  grad_norm: 46.8815  loss: 4.7191  loss_cls: 0.0042  loss_bbox: 0.0566  loss_iou: 0.3133  d0.loss_cls: 0.0113  d0.loss_bbox: 0.0572  d0.loss_iou: 0.3159  d1.loss_cls: 0.0063  d1.loss_bbox: 0.0566  d1.loss_iou: 0.3141  d2.loss_cls: 0.0054  d2.loss_bbox: 0.0566  d2.loss_iou: 0.3133  d3.loss_cls: 0.0048  d3.loss_bbox: 0.0566  d3.loss_iou: 0.3132  d4.loss_cls: 0.0043  d4.loss_bbox: 0.0566  d4.loss_iou: 0.3132  enc_loss_cls: 0.0382  enc_loss_bbox: 0.0602  enc_loss_iou: 0.3288  dn_loss_cls: 0.0010  dn_loss_bbox: 0.0481  dn_loss_iou: 0.2758  d0.dn_loss_cls: 0.0109  d0.dn_loss_bbox: 0.0593  d0.dn_loss_iou: 0.3298  d1.dn_loss_cls: 0.0032  d1.dn_loss_bbox: 0.0489  d1.dn_loss_iou: 0.2795  d2.dn_loss_cls: 0.0020  d2.dn_loss_bbox: 0.0481  d2.dn_loss_iou: 0.2759  d3.dn_loss_cls: 0.0014  d3.dn_loss_bbox: 0.0481  d3.dn_loss_iou: 0.2756  d4.dn_loss_cls: 0.0011  d4.dn_loss_bbox: 0.0481  d4.dn_loss_iou: 0.2757
2026/03/26 02:09:15 - mmengine - INFO - Epoch(train) [14][200/238]  base_lr: 8.6974e-05 lr: 8.6974e-05  eta: 13:01:19  time: 2.6365  data_time: 0.0071  memory: 42375  grad_norm: 45.4246  loss: 4.7405  loss_cls: 0.0028  loss_bbox: 0.0576  loss_iou: 0.3166  d0.loss_cls: 0.0132  d0.loss_bbox: 0.0580  d0.loss_iou: 0.3171  d1.loss_cls: 0.0062  d1.loss_bbox: 0.0577  d1.loss_iou: 0.3161  d2.loss_cls: 0.0046  d2.loss_bbox: 0.0576  d2.loss_iou: 0.3160  d3.loss_cls: 0.0037  d3.loss_bbox: 0.0575  d3.loss_iou: 0.3162  d4.loss_cls: 0.0030  d4.loss_bbox: 0.0576  d4.loss_iou: 0.3166  enc_loss_cls: 0.0381  enc_loss_bbox: 0.0610  enc_loss_iou: 0.3302  dn_loss_cls: 0.0009  dn_loss_bbox: 0.0480  dn_loss_iou: 0.2757  d0.dn_loss_cls: 0.0116  d0.dn_loss_bbox: 0.0594  d0.dn_loss_iou: 0.3308  d1.dn_loss_cls: 0.0035  d1.dn_loss_bbox: 0.0488  d1.dn_loss_iou: 0.2791  d2.dn_loss_cls: 0.0020  d2.dn_loss_bbox: 0.0480  d2.dn_loss_iou: 0.2757  d3.dn_loss_cls: 0.0013  d3.dn_loss_bbox: 0.0480  d3.dn_loss_iou: 0.2756  d4.dn_loss_cls: 0.0010  d4.dn_loss_bbox: 0.0480  d4.dn_loss_iou: 0.2756
2026/03/26 02:11:19 - mmengine - INFO - Exp name: dino_4scale_r50_uatd_80e_pretrained_20260325_231646
2026/03/26 02:11:35 - mmengine - INFO - Epoch(val) [14][ 50/100]    eta: 0:00:15  time: 0.3185  data_time: 0.0235  memory: 42375  
2026/03/26 02:11:50 - mmengine - INFO - Epoch(val) [14][100/100]    eta: 0:00:00  time: 0.3049  data_time: 0.0192  memory: 1533  
2026/03/26 02:11:55 - mmengine - INFO - Evaluating bbox...
2026/03/26 02:12:07 - mmengine - INFO - bbox_mAP_copypaste: 0.337 0.784 0.228 0.454 0.337 0.324
2026/03/26 02:12:07 - mmengine - INFO - Epoch(val) [14][100/100]    coco/bbox_mAP: 0.3370  coco/bbox_mAP_50: 0.7840  coco/bbox_mAP_75: 0.2280  coco/bbox_mAP_s: 0.4540  coco/bbox_mAP_m: 0.3370  coco/bbox_mAP_l: 0.3240  data_time: 0.0213  time: 0.3106
2026/03/26 02:14:35 - mmengine - INFO - Epoch(train) [15][ 50/238]  base_lr: 8.5671e-05 lr: 8.5671e-05  eta: 12:57:40  time: 2.9553  data_time: 0.0559  memory: 42426  grad_norm: 52.7126  loss: 4.6075  loss_cls: 0.0039  loss_bbox: 0.0559  loss_iou: 0.3044  d0.loss_cls: 0.0119  d0.loss_bbox: 0.0566  d0.loss_iou: 0.3065  d1.loss_cls: 0.0064  d1.loss_bbox: 0.0560  d1.loss_iou: 0.3043  d2.loss_cls: 0.0050  d2.loss_bbox: 0.0559  d2.loss_iou: 0.3045  d3.loss_cls: 0.0046  d3.loss_bbox: 0.0559  d3.loss_iou: 0.3040  d4.loss_cls: 0.0040  d4.loss_bbox: 0.0559  d4.loss_iou: 0.3044  enc_loss_cls: 0.0352  enc_loss_bbox: 0.0586  enc_loss_iou: 0.3154  dn_loss_cls: 0.0009  dn_loss_bbox: 0.0478  dn_loss_iou: 0.2690  d0.dn_loss_cls: 0.0112  d0.dn_loss_bbox: 0.0602  d0.dn_loss_iou: 0.3285  d1.dn_loss_cls: 0.0036  d1.dn_loss_bbox: 0.0487  d1.dn_loss_iou: 0.2733  d2.dn_loss_cls: 0.0021  d2.dn_loss_bbox: 0.0478  d2.dn_loss_iou: 0.2693  d3.dn_loss_cls: 0.0014  d3.dn_loss_bbox: 0.0478  d3.dn_loss_iou: 0.2688  d4.dn_loss_cls: 0.0010  d4.dn_loss_bbox: 0.0478  d4.dn_loss_iou: 0.2689
2026/03/26 02:16:31 - mmengine - INFO - Epoch(train) [15][100/238]  base_lr: 8.5671e-05 lr: 8.5671e-05  eta: 12:52:42  time: 2.3248  data_time: 0.0058  memory: 42375  grad_norm: 50.6452  loss: 4.4970  loss_cls: 0.0027  loss_bbox: 0.0530  loss_iou: 0.2978  d0.loss_cls: 0.0103  d0.loss_bbox: 0.0536  d0.loss_iou: 0.3010  d1.loss_cls: 0.0056  d1.loss_bbox: 0.0532  d1.loss_iou: 0.2987  d2.loss_cls: 0.0043  d2.loss_bbox: 0.0531  d2.loss_iou: 0.2977  d3.loss_cls: 0.0033  d3.loss_bbox: 0.0530  d3.loss_iou: 0.2977  d4.loss_cls: 0.0028  d4.loss_bbox: 0.0530  d4.loss_iou: 0.2978  enc_loss_cls: 0.0360  enc_loss_bbox: 0.0560  enc_loss_iou: 0.3129  dn_loss_cls: 0.0007  dn_loss_bbox: 0.0457  dn_loss_iou: 0.2653  d0.dn_loss_cls: 0.0106  d0.dn_loss_bbox: 0.0568  d0.dn_loss_iou: 0.3189  d1.dn_loss_cls: 0.0032  d1.dn_loss_bbox: 0.0466  d1.dn_loss_iou: 0.2691  d2.dn_loss_cls: 0.0017  d2.dn_loss_bbox: 0.0457  d2.dn_loss_iou: 0.2653  d3.dn_loss_cls: 0.0010  d3.dn_loss_bbox: 0.0457  d3.dn_loss_iou: 0.2652  d4.dn_loss_cls: 0.0008  d4.dn_loss_bbox: 0.0457  d4.dn_loss_iou: 0.2652
2026/03/26 02:18:41 - mmengine - INFO - Epoch(train) [15][150/238]  base_lr: 8.5671e-05 lr: 8.5671e-05  eta: 12:48:51  time: 2.5985  data_time: 0.0065  memory: 42375  grad_norm: 48.6098  loss: 4.4549  loss_cls: 0.0029  loss_bbox: 0.0532  loss_iou: 0.2956  d0.loss_cls: 0.0096  d0.loss_bbox: 0.0540  d0.loss_iou: 0.2998  d1.loss_cls: 0.0044  d1.loss_bbox: 0.0533  d1.loss_iou: 0.2957  d2.loss_cls: 0.0034  d2.loss_bbox: 0.0532  d2.loss_iou: 0.2956  d3.loss_cls: 0.0030  d3.loss_bbox: 0.0531  d3.loss_iou: 0.2956  d4.loss_cls: 0.0029  d4.loss_bbox: 0.0531  d4.loss_iou: 0.2955  enc_loss_cls: 0.0365  enc_loss_bbox: 0.0570  enc_loss_iou: 0.3136  dn_loss_cls: 0.0011  dn_loss_bbox: 0.0455  dn_loss_iou: 0.2608  d0.dn_loss_cls: 0.0102  d0.dn_loss_bbox: 0.0564  d0.dn_loss_iou: 0.3142  d1.dn_loss_cls: 0.0030  d1.dn_loss_bbox: 0.0462  d1.dn_loss_iou: 0.2640  d2.dn_loss_cls: 0.0018  d2.dn_loss_bbox: 0.0455  d2.dn_loss_iou: 0.2607  d3.dn_loss_cls: 0.0012  d3.dn_loss_bbox: 0.0455  d3.dn_loss_iou: 0.2606  d4.dn_loss_cls: 0.0010  d4.dn_loss_bbox: 0.0455  d4.dn_loss_iou: 0.2607
2026/03/26 02:20:51 - mmengine - INFO - Epoch(train) [15][200/238]  base_lr: 8.5671e-05 lr: 8.5671e-05  eta: 12:45:01  time: 2.5913  data_time: 0.0058  memory: 42375  grad_norm: 46.6551  loss: 4.5542  loss_cls: 0.0027  loss_bbox: 0.0556  loss_iou: 0.3037  d0.loss_cls: 0.0117  d0.loss_bbox: 0.0565  d0.loss_iou: 0.3082  d1.loss_cls: 0.0059  d1.loss_bbox: 0.0556  d1.loss_iou: 0.3041  d2.loss_cls: 0.0041  d2.loss_bbox: 0.0557  d2.loss_iou: 0.3041  d3.loss_cls: 0.0034  d3.loss_bbox: 0.0556  d3.loss_iou: 0.3038  d4.loss_cls: 0.0029  d4.loss_bbox: 0.0556  d4.loss_iou: 0.3039  enc_loss_cls: 0.0352  enc_loss_bbox: 0.0593  enc_loss_iou: 0.3212  dn_loss_cls: 0.0007  dn_loss_bbox: 0.0455  dn_loss_iou: 0.2648  d0.dn_loss_cls: 0.0095  d0.dn_loss_bbox: 0.0564  d0.dn_loss_iou: 0.3175  d1.dn_loss_cls: 0.0027  d1.dn_loss_bbox: 0.0463  d1.dn_loss_iou: 0.2682  d2.dn_loss_cls: 0.0015  d2.dn_loss_bbox: 0.0455  d2.dn_loss_iou: 0.2649  d3.dn_loss_cls: 0.0009  d3.dn_loss_bbox: 0.0455  d3.dn_loss_iou: 0.2646  d4.dn_loss_cls: 0.0008  d4.dn_loss_bbox: 0.0455  d4.dn_loss_iou: 0.2647
2026/03/26 02:22:35 - mmengine - INFO - Exp name: dino_4scale_r50_uatd_80e_pretrained_20260325_231646
2026/03/26 02:25:15 - mmengine - INFO - Epoch(train) [16][ 50/238]  base_lr: 8.4368e-05 lr: 8.4368e-05  eta: 12:40:56  time: 3.2048  data_time: 0.1327  memory: 42375  grad_norm: 52.0725  loss: 4.3678  loss_cls: 0.0026  loss_bbox: 0.0520  loss_iou: 0.2889  d0.loss_cls: 0.0091  d0.loss_bbox: 0.0529  d0.loss_iou: 0.2932  d1.loss_cls: 0.0042  d1.loss_bbox: 0.0523  d1.loss_iou: 0.2908  d2.loss_cls: 0.0037  d2.loss_bbox: 0.0520  d2.loss_iou: 0.2889  d3.loss_cls: 0.0031  d3.loss_bbox: 0.0520  d3.loss_iou: 0.2892  d4.loss_cls: 0.0026  d4.loss_bbox: 0.0520  d4.loss_iou: 0.2889  enc_loss_cls: 0.0313  enc_loss_bbox: 0.0545  enc_loss_iou: 0.3031  dn_loss_cls: 0.0006  dn_loss_bbox: 0.0450  dn_loss_iou: 0.2575  d0.dn_loss_cls: 0.0096  d0.dn_loss_bbox: 0.0565  d0.dn_loss_iou: 0.3123  d1.dn_loss_cls: 0.0025  d1.dn_loss_bbox: 0.0457  d1.dn_loss_iou: 0.2611  d2.dn_loss_cls: 0.0014  d2.dn_loss_bbox: 0.0449  d2.dn_loss_iou: 0.2573  d3.dn_loss_cls: 0.0008  d3.dn_loss_bbox: 0.0450  d3.dn_loss_iou: 0.2573  d4.dn_loss_cls: 0.0007  d4.dn_loss_bbox: 0.0450  d4.dn_loss_iou: 0.2574
2026/03/26 02:27:51 - mmengine - INFO - Epoch(train) [16][100/238]  base_lr: 8.4368e-05 lr: 8.4368e-05  eta: 12:39:00  time: 3.1172  data_time: 0.0086  memory: 42375  grad_norm: 46.3480  loss: 4.3192  loss_cls: 0.0029  loss_bbox: 0.0514  loss_iou: 0.2845  d0.loss_cls: 0.0141  d0.loss_bbox: 0.0521  d0.loss_iou: 0.2878  d1.loss_cls: 0.0070  d1.loss_bbox: 0.0515  d1.loss_iou: 0.2850  d2.loss_cls: 0.0049  d2.loss_bbox: 0.0513  d2.loss_iou: 0.2842  d3.loss_cls: 0.0036  d3.loss_bbox: 0.0514  d3.loss_iou: 0.2842  d4.loss_cls: 0.0030  d4.loss_bbox: 0.0514  d4.loss_iou: 0.2844  enc_loss_cls: 0.0364  enc_loss_bbox: 0.0549  enc_loss_iou: 0.2982  dn_loss_cls: 0.0009  dn_loss_bbox: 0.0440  dn_loss_iou: 0.2538  d0.dn_loss_cls: 0.0107  d0.dn_loss_bbox: 0.0549  d0.dn_loss_iou: 0.3073  d1.dn_loss_cls: 0.0034  d1.dn_loss_bbox: 0.0449  d1.dn_loss_iou: 0.2576  d2.dn_loss_cls: 0.0019  d2.dn_loss_bbox: 0.0441  d2.dn_loss_iou: 0.2540  d3.dn_loss_cls: 0.0013  d3.dn_loss_bbox: 0.0440  d3.dn_loss_iou: 0.2536  d4.dn_loss_cls: 0.0010  d4.dn_loss_bbox: 0.0440  d4.dn_loss_iou: 0.2537
2026/03/26 02:30:16 - mmengine - INFO - Epoch(train) [16][150/238]  base_lr: 8.4368e-05 lr: 8.4368e-05  eta: 12:36:20  time: 2.9015  data_time: 0.0066  memory: 42375  grad_norm: 51.1191  loss: 4.4826  loss_cls: 0.0032  loss_bbox: 0.0546  loss_iou: 0.2974  d0.loss_cls: 0.0109  d0.loss_bbox: 0.0553  d0.loss_iou: 0.3006  d1.loss_cls: 0.0068  d1.loss_bbox: 0.0546  d1.loss_iou: 0.2971  d2.loss_cls: 0.0049  d2.loss_bbox: 0.0547  d2.loss_iou: 0.2980  d3.loss_cls: 0.0040  d3.loss_bbox: 0.0546  d3.loss_iou: 0.2973  d4.loss_cls: 0.0036  d4.loss_bbox: 0.0546  d4.loss_iou: 0.2975  enc_loss_cls: 0.0345  enc_loss_bbox: 0.0571  enc_loss_iou: 0.3102  dn_loss_cls: 0.0009  dn_loss_bbox: 0.0453  dn_loss_iou: 0.2627  d0.dn_loss_cls: 0.0102  d0.dn_loss_bbox: 0.0558  d0.dn_loss_iou: 0.3132  d1.dn_loss_cls: 0.0035  d1.dn_loss_bbox: 0.0461  d1.dn_loss_iou: 0.2654  d2.dn_loss_cls: 0.0021  d2.dn_loss_bbox: 0.0454  d2.dn_loss_iou: 0.2626  d3.dn_loss_cls: 0.0014  d3.dn_loss_bbox: 0.0453  d3.dn_loss_iou: 0.2624  d4.dn_loss_cls: 0.0011  d4.dn_loss_bbox: 0.0453  d4.dn_loss_iou: 0.2625
2026/03/26 02:32:45 - mmengine - INFO - Epoch(train) [16][200/238]  base_lr: 8.4368e-05 lr: 8.4368e-05  eta: 12:33:58  time: 2.9947  data_time: 0.0069  memory: 42375  grad_norm: 58.2955  loss: 4.3213  loss_cls: 0.0023  loss_bbox: 0.0515  loss_iou: 0.2868  d0.loss_cls: 0.0094  d0.loss_bbox: 0.0519  d0.loss_iou: 0.2885  d1.loss_cls: 0.0047  d1.loss_bbox: 0.0513  d1.loss_iou: 0.2855  d2.loss_cls: 0.0031  d2.loss_bbox: 0.0514  d2.loss_iou: 0.2864  d3.loss_cls: 0.0027  d3.loss_bbox: 0.0514  d3.loss_iou: 0.2864  d4.loss_cls: 0.0025  d4.loss_bbox: 0.0514  d4.loss_iou: 0.2865  enc_loss_cls: 0.0323  enc_loss_bbox: 0.0549  enc_loss_iou: 0.3016  dn_loss_cls: 0.0008  dn_loss_bbox: 0.0439  dn_loss_iou: 0.2554  d0.dn_loss_cls: 0.0097  d0.dn_loss_bbox: 0.0543  d0.dn_loss_iou: 0.3075  d1.dn_loss_cls: 0.0028  d1.dn_loss_bbox: 0.0446  d1.dn_loss_iou: 0.2583  d2.dn_loss_cls: 0.0017  d2.dn_loss_bbox: 0.0439  d2.dn_loss_iou: 0.2552  d3.dn_loss_cls: 0.0011  d3.dn_loss_bbox: 0.0439  d3.dn_loss_iou: 0.2552  d4.dn_loss_cls: 0.0009  d4.dn_loss_bbox: 0.0439  d4.dn_loss_iou: 0.2553
2026/03/26 02:34:40 - mmengine - INFO - Exp name: dino_4scale_r50_uatd_80e_pretrained_20260325_231646
2026/03/26 02:34:58 - mmengine - INFO - Epoch(val) [16][ 50/100]    eta: 0:00:18  time: 0.3636  data_time: 0.0345  memory: 42375  
2026/03/26 02:35:20 - mmengine - INFO - Epoch(val) [16][100/100]    eta: 0:00:00  time: 0.4370  data_time: 0.0309  memory: 1533  
2026/03/26 02:35:28 - mmengine - INFO - Evaluating bbox...
2026/03/26 02:35:45 - mmengine - INFO - bbox_mAP_copypaste: 0.351 0.806 0.259 0.388 0.351 0.333
2026/03/26 02:35:46 - mmengine - INFO - Epoch(val) [16][100/100]    coco/bbox_mAP: 0.3510  coco/bbox_mAP_50: 0.8060  coco/bbox_mAP_75: 0.2590  coco/bbox_mAP_s: 0.3880  coco/bbox_mAP_m: 0.3510  coco/bbox_mAP_l: 0.3330  data_time: 0.0325  time: 0.3979
2026/03/26 02:38:30 - mmengine - INFO - Epoch(train) [17][ 50/238]  base_lr: 8.3066e-05 lr: 8.3066e-05  eta: 12:30:46  time: 3.2791  data_time: 0.0637  memory: 42426  grad_norm: 55.1836  loss: 4.2449  loss_cls: 0.0016  loss_bbox: 0.0518  loss_iou: 0.2818  d0.loss_cls: 0.0085  d0.loss_bbox: 0.0520  d0.loss_iou: 0.2832  d1.loss_cls: 0.0045  d1.loss_bbox: 0.0515  d1.loss_iou: 0.2804  d2.loss_cls: 0.0031  d2.loss_bbox: 0.0518  d2.loss_iou: 0.2812  d3.loss_cls: 0.0024  d3.loss_bbox: 0.0518  d3.loss_iou: 0.2817  d4.loss_cls: 0.0019  d4.loss_bbox: 0.0518  d4.loss_iou: 0.2817  enc_loss_cls: 0.0315  enc_loss_bbox: 0.0532  enc_loss_iou: 0.2912  dn_loss_cls: 0.0011  dn_loss_bbox: 0.0433  dn_loss_iou: 0.2502  d0.dn_loss_cls: 0.0091  d0.dn_loss_bbox: 0.0544  d0.dn_loss_iou: 0.3034  d1.dn_loss_cls: 0.0030  d1.dn_loss_bbox: 0.0441  d1.dn_loss_iou: 0.2532  d2.dn_loss_cls: 0.0020  d2.dn_loss_bbox: 0.0433  d2.dn_loss_iou: 0.2501  d3.dn_loss_cls: 0.0014  d3.dn_loss_bbox: 0.0433  d3.dn_loss_iou: 0.2498  d4.dn_loss_cls: 0.0012  d4.dn_loss_bbox: 0.0433  d4.dn_loss_iou: 0.2500
2026/03/26 02:40:55 - mmengine - INFO - Epoch(train) [17][100/238]  base_lr: 8.3066e-05 lr: 8.3066e-05  eta: 12:28:03  time: 2.8947  data_time: 0.0068  memory: 42375  grad_norm: 62.2088  loss: 4.1067  loss_cls: 0.0018  loss_bbox: 0.0480  loss_iou: 0.2728  d0.loss_cls: 0.0087  d0.loss_bbox: 0.0481  d0.loss_iou: 0.2742  d1.loss_cls: 0.0046  d1.loss_bbox: 0.0478  d1.loss_iou: 0.2717  d2.loss_cls: 0.0039  d2.loss_bbox: 0.0476  d2.loss_iou: 0.2713  d3.loss_cls: 0.0031  d3.loss_bbox: 0.0476  d3.loss_iou: 0.2708  d4.loss_cls: 0.0018  d4.loss_bbox: 0.0479  d4.loss_iou: 0.2725  enc_loss_cls: 0.0306  enc_loss_bbox: 0.0510  enc_loss_iou: 0.2861  dn_loss_cls: 0.0007  dn_loss_bbox: 0.0417  dn_loss_iou: 0.2445  d0.dn_loss_cls: 0.0091  d0.dn_loss_bbox: 0.0514  d0.dn_loss_iou: 0.2939  d1.dn_loss_cls: 0.0027  d1.dn_loss_bbox: 0.0424  d1.dn_loss_iou: 0.2473  d2.dn_loss_cls: 0.0016  d2.dn_loss_bbox: 0.0417  d2.dn_loss_iou: 0.2443  d3.dn_loss_cls: 0.0011  d3.dn_loss_bbox: 0.0417  d3.dn_loss_iou: 0.2442  d4.dn_loss_cls: 0.0007  d4.dn_loss_bbox: 0.0417  d4.dn_loss_iou: 0.2443
2026/03/26 02:43:15 - mmengine - INFO - Epoch(train) [17][150/238]  base_lr: 8.3066e-05 lr: 8.3066e-05  eta: 12:25:04  time: 2.8017  data_time: 0.0065  memory: 42375  grad_norm: 47.2473  loss: 4.0786  loss_cls: 0.0021  loss_bbox: 0.0483  loss_iou: 0.2683  d0.loss_cls: 0.0100  d0.loss_bbox: 0.0491  d0.loss_iou: 0.2722  d1.loss_cls: 0.0052  d1.loss_bbox: 0.0484  d1.loss_iou: 0.2692  d2.loss_cls: 0.0036  d2.loss_bbox: 0.0481  d2.loss_iou: 0.2679  d3.loss_cls: 0.0028  d3.loss_bbox: 0.0482  d3.loss_iou: 0.2682  d4.loss_cls: 0.0024  d4.loss_bbox: 0.0482  d4.loss_iou: 0.2679  enc_loss_cls: 0.0312  enc_loss_bbox: 0.0526  enc_loss_iou: 0.2873  dn_loss_cls: 0.0007  dn_loss_bbox: 0.0420  dn_loss_iou: 0.2416  d0.dn_loss_cls: 0.0094  d0.dn_loss_bbox: 0.0517  d0.dn_loss_iou: 0.2889  d1.dn_loss_cls: 0.0026  d1.dn_loss_bbox: 0.0427  d1.dn_loss_iou: 0.2443  d2.dn_loss_cls: 0.0014  d2.dn_loss_bbox: 0.0420  d2.dn_loss_iou: 0.2415  d3.dn_loss_cls: 0.0010  d3.dn_loss_bbox: 0.0420  d3.dn_loss_iou: 0.2414  d4.dn_loss_cls: 0.0008  d4.dn_loss_bbox: 0.0420  d4.dn_loss_iou: 0.2415
2026/03/26 02:45:11 - mmengine - INFO - Exp name: dino_4scale_r50_uatd_80e_pretrained_20260325_231646
2026/03/26 02:45:35 - mmengine - INFO - Epoch(train) [17][200/238]  base_lr: 8.3066e-05 lr: 8.3066e-05  eta: 12:22:06  time: 2.8058  data_time: 0.0062  memory: 42375  grad_norm: 52.9008  loss: 4.1403  loss_cls: 0.0022  loss_bbox: 0.0485  loss_iou: 0.2732  d0.loss_cls: 0.0102  d0.loss_bbox: 0.0493  d0.loss_iou: 0.2773  d1.loss_cls: 0.0052  d1.loss_bbox: 0.0487  d1.loss_iou: 0.2741  d2.loss_cls: 0.0039  d2.loss_bbox: 0.0486  d2.loss_iou: 0.2731  d3.loss_cls: 0.0030  d3.loss_bbox: 0.0485  d3.loss_iou: 0.2729  d4.loss_cls: 0.0025  d4.loss_bbox: 0.0485  d4.loss_iou: 0.2731  enc_loss_cls: 0.0307  enc_loss_bbox: 0.0520  enc_loss_iou: 0.2911  dn_loss_cls: 0.0006  dn_loss_bbox: 0.0422  dn_loss_iou: 0.2456  d0.dn_loss_cls: 0.0085  d0.dn_loss_bbox: 0.0520  d0.dn_loss_iou: 0.2938  d1.dn_loss_cls: 0.0026  d1.dn_loss_bbox: 0.0429  d1.dn_loss_iou: 0.2489  d2.dn_loss_cls: 0.0015  d2.dn_loss_bbox: 0.0422  d2.dn_loss_iou: 0.2457  d3.dn_loss_cls: 0.0008  d3.dn_loss_bbox: 0.0422  d3.dn_loss_iou: 0.2454  d4.dn_loss_cls: 0.0006  d4.dn_loss_bbox: 0.0422  d4.dn_loss_iou: 0.2455
2026/03/26 02:47:19 - mmengine - INFO - Exp name: dino_4scale_r50_uatd_80e_pretrained_20260325_231646
2026/03/26 02:49:42 - mmengine - INFO - Epoch(train) [18][ 50/238]  base_lr: 8.1763e-05 lr: 8.1763e-05  eta: 12:16:55  time: 2.8633  data_time: 0.0770  memory: 42375  grad_norm: 52.8869  loss: 4.0406  loss_cls: 0.0025  loss_bbox: 0.0476  loss_iou: 0.2661  d0.loss_cls: 0.0091  d0.loss_bbox: 0.0483  d0.loss_iou: 0.2691  d1.loss_cls: 0.0048  d1.loss_bbox: 0.0478  d1.loss_iou: 0.2663  d2.loss_cls: 0.0041  d2.loss_bbox: 0.0477  d2.loss_iou: 0.2655  d3.loss_cls: 0.0029  d3.loss_bbox: 0.0476  d3.loss_iou: 0.2659  d4.loss_cls: 0.0026  d4.loss_bbox: 0.0476  d4.loss_iou: 0.2662  enc_loss_cls: 0.0310  enc_loss_bbox: 0.0509  enc_loss_iou: 0.2825  dn_loss_cls: 0.0009  dn_loss_bbox: 0.0414  dn_loss_iou: 0.2399  d0.dn_loss_cls: 0.0091  d0.dn_loss_bbox: 0.0512  d0.dn_loss_iou: 0.2876  d1.dn_loss_cls: 0.0027  d1.dn_loss_bbox: 0.0421  d1.dn_loss_iou: 0.2425  d2.dn_loss_cls: 0.0016  d2.dn_loss_bbox: 0.0414  d2.dn_loss_iou: 0.2397  d3.dn_loss_cls: 0.0011  d3.dn_loss_bbox: 0.0414  d3.dn_loss_iou: 0.2397  d4.dn_loss_cls: 0.0010  d4.dn_loss_bbox: 0.0414  d4.dn_loss_iou: 0.2398
2026/03/26 02:51:49 - mmengine - INFO - Epoch(train) [18][100/238]  base_lr: 8.1763e-05 lr: 8.1763e-05  eta: 12:13:14  time: 2.5509  data_time: 0.0056  memory: 42375  grad_norm: 52.8687  loss: 4.0703  loss_cls: 0.0014  loss_bbox: 0.0485  loss_iou: 0.2693  d0.loss_cls: 0.0084  d0.loss_bbox: 0.0491  d0.loss_iou: 0.2729  d1.loss_cls: 0.0044  d1.loss_bbox: 0.0487  d1.loss_iou: 0.2704  d2.loss_cls: 0.0032  d2.loss_bbox: 0.0486  d2.loss_iou: 0.2694  d3.loss_cls: 0.0024  d3.loss_bbox: 0.0485  d3.loss_iou: 0.2695  d4.loss_cls: 0.0016  d4.loss_bbox: 0.0485  d4.loss_iou: 0.2692  enc_loss_cls: 0.0300  enc_loss_bbox: 0.0512  enc_loss_iou: 0.2842  dn_loss_cls: 0.0006  dn_loss_bbox: 0.0413  dn_loss_iou: 0.2407  d0.dn_loss_cls: 0.0089  d0.dn_loss_bbox: 0.0515  d0.dn_loss_iou: 0.2908  d1.dn_loss_cls: 0.0026  d1.dn_loss_bbox: 0.0420  d1.dn_loss_iou: 0.2439  d2.dn_loss_cls: 0.0015  d2.dn_loss_bbox: 0.0413  d2.dn_loss_iou: 0.2406  d3.dn_loss_cls: 0.0009  d3.dn_loss_bbox: 0.0413  d3.dn_loss_iou: 0.2404  d4.dn_loss_cls: 0.0007  d4.dn_loss_bbox: 0.0413  d4.dn_loss_iou: 0.2405
2026/03/26 02:53:45 - mmengine - INFO - Epoch(train) [18][150/238]  base_lr: 8.1763e-05 lr: 8.1763e-05  eta: 12:08:53  time: 2.3115  data_time: 0.0050  memory: 42375  grad_norm: 56.1612  loss: 4.0891  loss_cls: 0.0020  loss_bbox: 0.0480  loss_iou: 0.2699  d0.loss_cls: 0.0086  d0.loss_bbox: 0.0488  d0.loss_iou: 0.2732  d1.loss_cls: 0.0044  d1.loss_bbox: 0.0481  d1.loss_iou: 0.2701  d2.loss_cls: 0.0033  d2.loss_bbox: 0.0480  d2.loss_iou: 0.2695  d3.loss_cls: 0.0029  d3.loss_bbox: 0.0480  d3.loss_iou: 0.2696  d4.loss_cls: 0.0023  d4.loss_bbox: 0.0480  d4.loss_iou: 0.2697  enc_loss_cls: 0.0307  enc_loss_bbox: 0.0513  enc_loss_iou: 0.2856  dn_loss_cls: 0.0007  dn_loss_bbox: 0.0420  dn_loss_iou: 0.2431  d0.dn_loss_cls: 0.0084  d0.dn_loss_bbox: 0.0520  d0.dn_loss_iou: 0.2918  d1.dn_loss_cls: 0.0024  d1.dn_loss_bbox: 0.0427  d1.dn_loss_iou: 0.2457  d2.dn_loss_cls: 0.0015  d2.dn_loss_bbox: 0.0420  d2.dn_loss_iou: 0.2428  d3.dn_loss_cls: 0.0010  d3.dn_loss_bbox: 0.0420  d3.dn_loss_iou: 0.2429  d4.dn_loss_cls: 0.0008  d4.dn_loss_bbox: 0.0420  d4.dn_loss_iou: 0.2430
2026/03/26 02:55:27 - mmengine - INFO - Epoch(train) [18][200/238]  base_lr: 8.1763e-05 lr: 8.1763e-05  eta: 12:03:46  time: 2.0318  data_time: 0.0046  memory: 42375  grad_norm: 51.8090  loss: 4.1051  loss_cls: 0.0061  loss_bbox: 0.0486  loss_iou: 0.2677  d0.loss_cls: 0.0141  d0.loss_bbox: 0.0495  d0.loss_iou: 0.2706  d1.loss_cls: 0.0091  d1.loss_bbox: 0.0488  d1.loss_iou: 0.2683  d2.loss_cls: 0.0075  d2.loss_bbox: 0.0487  d2.loss_iou: 0.2677  d3.loss_cls: 0.0066  d3.loss_bbox: 0.0486  d3.loss_iou: 0.2673  d4.loss_cls: 0.0062  d4.loss_bbox: 0.0486  d4.loss_iou: 0.2676  enc_loss_cls: 0.0370  enc_loss_bbox: 0.0524  enc_loss_iou: 0.2844  dn_loss_cls: 0.0021  dn_loss_bbox: 0.0416  dn_loss_iou: 0.2409  d0.dn_loss_cls: 0.0111  d0.dn_loss_bbox: 0.0510  d0.dn_loss_iou: 0.2865  d1.dn_loss_cls: 0.0044  d1.dn_loss_bbox: 0.0423  d1.dn_loss_iou: 0.2441  d2.dn_loss_cls: 0.0031  d2.dn_loss_bbox: 0.0417  d2.dn_loss_iou: 0.2411  d3.dn_loss_cls: 0.0025  d3.dn_loss_bbox: 0.0417  d3.dn_loss_iou: 0.2408  d4.dn_loss_cls: 0.0022  d4.dn_loss_bbox: 0.0416  d4.dn_loss_iou: 0.2409
2026/03/26 02:56:37 - mmengine - INFO - Exp name: dino_4scale_r50_uatd_80e_pretrained_20260325_231646
2026/03/26 02:56:47 - mmengine - INFO - Epoch(val) [18][ 50/100]    eta: 0:00:10  time: 0.2039  data_time: 0.0133  memory: 42375  
2026/03/26 02:56:57 - mmengine - INFO - Epoch(val) [18][100/100]    eta: 0:00:00  time: 0.1986  data_time: 0.0104  memory: 1533  
2026/03/26 02:57:01 - mmengine - INFO - Evaluating bbox...
2026/03/26 02:57:08 - mmengine - INFO - bbox_mAP_copypaste: 0.348 0.812 0.232 0.446 0.349 0.342
2026/03/26 02:57:08 - mmengine - INFO - Epoch(val) [18][100/100]    coco/bbox_mAP: 0.3480  coco/bbox_mAP_50: 0.8120  coco/bbox_mAP_75: 0.2320  coco/bbox_mAP_s: 0.4460  coco/bbox_mAP_m: 0.3490  coco/bbox_mAP_l: 0.3420  data_time: 0.0119  time: 0.2028
2026/03/26 02:58:46 - mmengine - INFO - Epoch(train) [19][ 50/238]  base_lr: 8.0461e-05 lr: 8.0461e-05  eta: 11:54:19  time: 1.9416  data_time: 0.0168  memory: 42375  grad_norm: 52.3397  loss: 3.9282  loss_cls: 0.0027  loss_bbox: 0.0467  loss_iou: 0.2574  d0.loss_cls: 0.0087  d0.loss_bbox: 0.0474  d0.loss_iou: 0.2607  d1.loss_cls: 0.0043  d1.loss_bbox: 0.0468  d1.loss_iou: 0.2579  d2.loss_cls: 0.0035  d2.loss_bbox: 0.0467  d2.loss_iou: 0.2573  d3.loss_cls: 0.0028  d3.loss_bbox: 0.0467  d3.loss_iou: 0.2574  d4.loss_cls: 0.0026  d4.loss_bbox: 0.0467  d4.loss_iou: 0.2573  enc_loss_cls: 0.0308  enc_loss_bbox: 0.0505  enc_loss_iou: 0.2740  dn_loss_cls: 0.0007  dn_loss_bbox: 0.0404  dn_loss_iou: 0.2326  d0.dn_loss_cls: 0.0081  d0.dn_loss_bbox: 0.0510  d0.dn_loss_iou: 0.2856  d1.dn_loss_cls: 0.0023  d1.dn_loss_bbox: 0.0410  d1.dn_loss_iou: 0.2358  d2.dn_loss_cls: 0.0013  d2.dn_loss_bbox: 0.0404  d2.dn_loss_iou: 0.2327  d3.dn_loss_cls: 0.0009  d3.dn_loss_bbox: 0.0404  d3.dn_loss_iou: 0.2325  d4.dn_loss_cls: 0.0007  d4.dn_loss_bbox: 0.0404  d4.dn_loss_iou: 0.2326
2026/03/26 03:00:21 - mmengine - INFO - Epoch(train) [19][100/238]  base_lr: 8.0461e-05 lr: 8.0461e-05  eta: 11:49:04  time: 1.9013  data_time: 0.0040  memory: 42375  grad_norm: 52.9732  loss: 3.8227  loss_cls: 0.0020  loss_bbox: 0.0447  loss_iou: 0.2500  d0.loss_cls: 0.0100  d0.loss_bbox: 0.0453  d0.loss_iou: 0.2536  d1.loss_cls: 0.0045  d1.loss_bbox: 0.0447  d1.loss_iou: 0.2507  d2.loss_cls: 0.0032  d2.loss_bbox: 0.0446  d2.loss_iou: 0.2495  d3.loss_cls: 0.0023  d3.loss_bbox: 0.0446  d3.loss_iou: 0.2498  d4.loss_cls: 0.0019  d4.loss_bbox: 0.0447  d4.loss_iou: 0.2499  enc_loss_cls: 0.0276  enc_loss_bbox: 0.0482  enc_loss_iou: 0.2682  dn_loss_cls: 0.0010  dn_loss_bbox: 0.0396  dn_loss_iou: 0.2277  d0.dn_loss_cls: 0.0083  d0.dn_loss_bbox: 0.0498  d0.dn_loss_iou: 0.2776  d1.dn_loss_cls: 0.0025  d1.dn_loss_bbox: 0.0403  d1.dn_loss_iou: 0.2308  d2.dn_loss_cls: 0.0014  d2.dn_loss_bbox: 0.0396  d2.dn_loss_iou: 0.2278  d3.dn_loss_cls: 0.0010  d3.dn_loss_bbox: 0.0395  d3.dn_loss_iou: 0.2276  d4.dn_loss_cls: 0.0009  d4.dn_loss_bbox: 0.0396  d4.dn_loss_iou: 0.2276
2026/03/26 03:01:56 - mmengine - INFO - Epoch(train) [19][150/238]  base_lr: 8.0461e-05 lr: 8.0461e-05  eta: 11:43:54  time: 1.8975  data_time: 0.0040  memory: 42375  grad_norm: 54.5786  loss: 3.8800  loss_cls: 0.0017  loss_bbox: 0.0458  loss_iou: 0.2566  d0.loss_cls: 0.0077  d0.loss_bbox: 0.0465  d0.loss_iou: 0.2589  d1.loss_cls: 0.0040  d1.loss_bbox: 0.0460  d1.loss_iou: 0.2569  d2.loss_cls: 0.0032  d2.loss_bbox: 0.0455  d2.loss_iou: 0.2555  d3.loss_cls: 0.0022  d3.loss_bbox: 0.0458  d3.loss_iou: 0.2562  d4.loss_cls: 0.0018  d4.loss_bbox: 0.0458  d4.loss_iou: 0.2565  enc_loss_cls: 0.0286  enc_loss_bbox: 0.0486  enc_loss_iou: 0.2725  dn_loss_cls: 0.0006  dn_loss_bbox: 0.0394  dn_loss_iou: 0.2305  d0.dn_loss_cls: 0.0080  d0.dn_loss_bbox: 0.0488  d0.dn_loss_iou: 0.2784  d1.dn_loss_cls: 0.0024  d1.dn_loss_bbox: 0.0401  d1.dn_loss_iou: 0.2335  d2.dn_loss_cls: 0.0013  d2.dn_loss_bbox: 0.0394  d2.dn_loss_iou: 0.2304  d3.dn_loss_cls: 0.0009  d3.dn_loss_bbox: 0.0394  d3.dn_loss_iou: 0.2303  d4.dn_loss_cls: 0.0007  d4.dn_loss_bbox: 0.0394  d4.dn_loss_iou: 0.2304
2026/03/26 03:03:36 - mmengine - INFO - Epoch(train) [19][200/238]  base_lr: 8.0461e-05 lr: 8.0461e-05  eta: 11:39:07  time: 2.0185  data_time: 0.0044  memory: 42375  grad_norm: 49.6518  loss: 3.9362  loss_cls: 0.0020  loss_bbox: 0.0468  loss_iou: 0.2587  d0.loss_cls: 0.0081  d0.loss_bbox: 0.0473  d0.loss_iou: 0.2625  d1.loss_cls: 0.0040  d1.loss_bbox: 0.0468  d1.loss_iou: 0.2596  d2.loss_cls: 0.0034  d2.loss_bbox: 0.0467  d2.loss_iou: 0.2587  d3.loss_cls: 0.0024  d3.loss_bbox: 0.0467  d3.loss_iou: 0.2586  d4.loss_cls: 0.0021  d4.loss_bbox: 0.0468  d4.loss_iou: 0.2585  enc_loss_cls: 0.0294  enc_loss_bbox: 0.0506  enc_loss_iou: 0.2765  dn_loss_cls: 0.0009  dn_loss_bbox: 0.0407  dn_loss_iou: 0.2336  d0.dn_loss_cls: 0.0083  d0.dn_loss_bbox: 0.0501  d0.dn_loss_iou: 0.2797  d1.dn_loss_cls: 0.0026  d1.dn_loss_bbox: 0.0413  d1.dn_loss_iou: 0.2365  d2.dn_loss_cls: 0.0015  d2.dn_loss_bbox: 0.0407  d2.dn_loss_iou: 0.2336  d3.dn_loss_cls: 0.0010  d3.dn_loss_bbox: 0.0407  d3.dn_loss_iou: 0.2335  d4.dn_loss_cls: 0.0008  d4.dn_loss_bbox: 0.0407  d4.dn_loss_iou: 0.2336
2026/03/26 03:04:57 - mmengine - INFO - Exp name: dino_4scale_r50_uatd_80e_pretrained_20260325_231646
2026/03/26 03:06:45 - mmengine - INFO - Epoch(train) [20][ 50/238]  base_lr: 7.9158e-05 lr: 7.9158e-05  eta: 11:31:27  time: 2.1466  data_time: 0.0316  memory: 42375  grad_norm: 54.0133  loss: 3.8414  loss_cls: 0.0017  loss_bbox: 0.0459  loss_iou: 0.2526  d0.loss_cls: 0.0097  d0.loss_bbox: 0.0467  d0.loss_iou: 0.2556  d1.loss_cls: 0.0050  d1.loss_bbox: 0.0460  d1.loss_iou: 0.2530  d2.loss_cls: 0.0034  d2.loss_bbox: 0.0458  d2.loss_iou: 0.2526  d3.loss_cls: 0.0024  d3.loss_bbox: 0.0458  d3.loss_iou: 0.2523  d4.loss_cls: 0.0019  d4.loss_bbox: 0.0458  d4.loss_iou: 0.2525  enc_loss_cls: 0.0295  enc_loss_bbox: 0.0484  enc_loss_iou: 0.2656  dn_loss_cls: 0.0006  dn_loss_bbox: 0.0395  dn_loss_iou: 0.2275  d0.dn_loss_cls: 0.0087  d0.dn_loss_bbox: 0.0496  d0.dn_loss_iou: 0.2766  d1.dn_loss_cls: 0.0026  d1.dn_loss_bbox: 0.0401  d1.dn_loss_iou: 0.2305  d2.dn_loss_cls: 0.0015  d2.dn_loss_bbox: 0.0395  d2.dn_loss_iou: 0.2274  d3.dn_loss_cls: 0.0009  d3.dn_loss_bbox: 0.0394  d3.dn_loss_iou: 0.2273  d4.dn_loss_cls: 0.0007  d4.dn_loss_bbox: 0.0394  d4.dn_loss_iou: 0.2274
2026/03/26 03:08:51 - mmengine - INFO - Epoch(train) [20][100/238]  base_lr: 7.9158e-05 lr: 7.9158e-05  eta: 11:28:11  time: 2.5308  data_time: 0.0083  memory: 42426  grad_norm: 54.0697  loss: 3.7679  loss_cls: 0.0010  loss_bbox: 0.0441  loss_iou: 0.2481  d0.loss_cls: 0.0080  d0.loss_bbox: 0.0446  d0.loss_iou: 0.2510  d1.loss_cls: 0.0037  d1.loss_bbox: 0.0441  d1.loss_iou: 0.2484  d2.loss_cls: 0.0024  d2.loss_bbox: 0.0441  d2.loss_iou: 0.2474  d3.loss_cls: 0.0017  d3.loss_bbox: 0.0440  d3.loss_iou: 0.2474  d4.loss_cls: 0.0014  d4.loss_bbox: 0.0440  d4.loss_iou: 0.2472  enc_loss_cls: 0.0274  enc_loss_bbox: 0.0477  enc_loss_iou: 0.2649  dn_loss_cls: 0.0005  dn_loss_bbox: 0.0391  dn_loss_iou: 0.2252  d0.dn_loss_cls: 0.0077  d0.dn_loss_bbox: 0.0482  d0.dn_loss_iou: 0.2698  d1.dn_loss_cls: 0.0021  d1.dn_loss_bbox: 0.0398  d1.dn_loss_iou: 0.2280  d2.dn_loss_cls: 0.0013  d2.dn_loss_bbox: 0.0391  d2.dn_loss_iou: 0.2250  d3.dn_loss_cls: 0.0008  d3.dn_loss_bbox: 0.0391  d3.dn_loss_iou: 0.2250  d4.dn_loss_cls: 0.0006  d4.dn_loss_bbox: 0.0391  d4.dn_loss_iou: 0.2250
2026/03/26 03:10:50 - mmengine - INFO - Epoch(train) [20][150/238]  base_lr: 7.9158e-05 lr: 7.9158e-05  eta: 11:24:31  time: 2.3677  data_time: 0.0079  memory: 42375  grad_norm: 55.7802  loss: 3.7769  loss_cls: 0.0013  loss_bbox: 0.0438  loss_iou: 0.2480  d0.loss_cls: 0.0073  d0.loss_bbox: 0.0444  d0.loss_iou: 0.2509  d1.loss_cls: 0.0038  d1.loss_bbox: 0.0439  d1.loss_iou: 0.2487  d2.loss_cls: 0.0026  d2.loss_bbox: 0.0437  d2.loss_iou: 0.2479  d3.loss_cls: 0.0018  d3.loss_bbox: 0.0438  d3.loss_iou: 0.2480  d4.loss_cls: 0.0013  d4.loss_bbox: 0.0438  d4.loss_iou: 0.2481  enc_loss_cls: 0.0280  enc_loss_bbox: 0.0471  enc_loss_iou: 0.2632  dn_loss_cls: 0.0004  dn_loss_bbox: 0.0389  dn_loss_iou: 0.2263  d0.dn_loss_cls: 0.0076  d0.dn_loss_bbox: 0.0488  d0.dn_loss_iou: 0.2749  d1.dn_loss_cls: 0.0020  d1.dn_loss_bbox: 0.0396  d1.dn_loss_iou: 0.2294  d2.dn_loss_cls: 0.0010  d2.dn_loss_bbox: 0.0389  d2.dn_loss_iou: 0.2263  d3.dn_loss_cls: 0.0006  d3.dn_loss_bbox: 0.0389  d3.dn_loss_iou: 0.2262  d4.dn_loss_cls: 0.0005  d4.dn_loss_bbox: 0.0389  d4.dn_loss_iou: 0.2262
2026/03/26 03:12:34 - mmengine - INFO - Epoch(train) [20][200/238]  base_lr: 7.9158e-05 lr: 7.9158e-05  eta: 11:20:11  time: 2.0867  data_time: 0.0072  memory: 42375  grad_norm: 53.8773  loss: 3.8153  loss_cls: 0.0021  loss_bbox: 0.0454  loss_iou: 0.2508  d0.loss_cls: 0.0095  d0.loss_bbox: 0.0460  d0.loss_iou: 0.2546  d1.loss_cls: 0.0042  d1.loss_bbox: 0.0454  d1.loss_iou: 0.2512  d2.loss_cls: 0.0032  d2.loss_bbox: 0.0453  d2.loss_iou: 0.2508  d3.loss_cls: 0.0026  d3.loss_bbox: 0.0453  d3.loss_iou: 0.2504  d4.loss_cls: 0.0024  d4.loss_bbox: 0.0454  d4.loss_iou: 0.2507  enc_loss_cls: 0.0276  enc_loss_bbox: 0.0488  enc_loss_iou: 0.2679  dn_loss_cls: 0.0005  dn_loss_bbox: 0.0388  dn_loss_iou: 0.2270  d0.dn_loss_cls: 0.0077  d0.dn_loss_bbox: 0.0479  d0.dn_loss_iou: 0.2735  d1.dn_loss_cls: 0.0020  d1.dn_loss_bbox: 0.0394  d1.dn_loss_iou: 0.2299  d2.dn_loss_cls: 0.0010  d2.dn_loss_bbox: 0.0388  d2.dn_loss_iou: 0.2270  d3.dn_loss_cls: 0.0007  d3.dn_loss_bbox: 0.0387  d3.dn_loss_iou: 0.2268  d4.dn_loss_cls: 0.0005  d4.dn_loss_bbox: 0.0388  d4.dn_loss_iou: 0.2269
2026/03/26 03:13:58 - mmengine - INFO - Exp name: dino_4scale_r50_uatd_80e_pretrained_20260325_231646
2026/03/26 03:14:11 - mmengine - INFO - Epoch(val) [20][ 50/100]    eta: 0:00:13  time: 0.2669  data_time: 0.0232  memory: 42375  
2026/03/26 03:14:27 - mmengine - INFO - Epoch(val) [20][100/100]    eta: 0:00:00  time: 0.3150  data_time: 0.0261  memory: 1533  
2026/03/26 03:14:32 - mmengine - INFO - Evaluating bbox...
2026/03/26 03:14:48 - mmengine - INFO - bbox_mAP_copypaste: 0.344 0.804 0.230 0.399 0.339 0.348
2026/03/26 03:14:49 - mmengine - INFO - Epoch(val) [20][100/100]    coco/bbox_mAP: 0.3440  coco/bbox_mAP_50: 0.8040  coco/bbox_mAP_75: 0.2300  coco/bbox_mAP_s: 0.3990  coco/bbox_mAP_m: 0.3390  coco/bbox_mAP_l: 0.3480  data_time: 0.0245  time: 0.2894
2026/03/26 03:17:05 - mmengine - INFO - Epoch(train) [21][ 50/238]  base_lr: 7.7855e-05 lr: 7.7855e-05  eta: 11:14:30  time: 2.7252  data_time: 0.0815  memory: 42375  grad_norm: inf  loss: 3.6300  loss_cls: 0.0013  loss_bbox: 0.0419  loss_iou: 0.2377  d0.loss_cls: 0.0079  d0.loss_bbox: 0.0425  d0.loss_iou: 0.2411  d1.loss_cls: 0.0041  d1.loss_bbox: 0.0418  d1.loss_iou: 0.2374  d2.loss_cls: 0.0027  d2.loss_bbox: 0.0418  d2.loss_iou: 0.2369  d3.loss_cls: 0.0017  d3.loss_bbox: 0.0418  d3.loss_iou: 0.2372  d4.loss_cls: 0.0013  d4.loss_bbox: 0.0418  d4.loss_iou: 0.2374  enc_loss_cls: 0.0272  enc_loss_bbox: 0.0450  enc_loss_iou: 0.2538  dn_loss_cls: 0.0011  dn_loss_bbox: 0.0372  dn_loss_iou: 0.2180  d0.dn_loss_cls: 0.0076  d0.dn_loss_bbox: 0.0463  d0.dn_loss_iou: 0.2660  d1.dn_loss_cls: 0.0023  d1.dn_loss_bbox: 0.0378  d1.dn_loss_iou: 0.2208  d2.dn_loss_cls: 0.0015  d2.dn_loss_bbox: 0.0372  d2.dn_loss_iou: 0.2178  d3.dn_loss_cls: 0.0011  d3.dn_loss_bbox: 0.0372  d3.dn_loss_iou: 0.2177  d4.dn_loss_cls: 0.0010  d4.dn_loss_bbox: 0.0372  d4.dn_loss_iou: 0.2179
2026/03/26 03:19:07 - mmengine - INFO - Epoch(train) [21][100/238]  base_lr: 7.7855e-05 lr: 7.7855e-05  eta: 11:11:08  time: 2.4348  data_time: 0.0054  memory: 42375  grad_norm: 68.1236  loss: 3.6430  loss_cls: 0.0012  loss_bbox: 0.0431  loss_iou: 0.2393  d0.loss_cls: 0.0066  d0.loss_bbox: 0.0440  d0.loss_iou: 0.2430  d1.loss_cls: 0.0033  d1.loss_bbox: 0.0432  d1.loss_iou: 0.2397  d2.loss_cls: 0.0024  d2.loss_bbox: 0.0431  d2.loss_iou: 0.2390  d3.loss_cls: 0.0016  d3.loss_bbox: 0.0431  d3.loss_iou: 0.2389  d4.loss_cls: 0.0013  d4.loss_bbox: 0.0431  d4.loss_iou: 0.2391  enc_loss_cls: 0.0275  enc_loss_bbox: 0.0464  enc_loss_iou: 0.2534  dn_loss_cls: 0.0007  dn_loss_bbox: 0.0374  dn_loss_iou: 0.2172  d0.dn_loss_cls: 0.0072  d0.dn_loss_bbox: 0.0468  d0.dn_loss_iou: 0.2656  d1.dn_loss_cls: 0.0020  d1.dn_loss_bbox: 0.0380  d1.dn_loss_iou: 0.2199  d2.dn_loss_cls: 0.0012  d2.dn_loss_bbox: 0.0374  d2.dn_loss_iou: 0.2169  d3.dn_loss_cls: 0.0009  d3.dn_loss_bbox: 0.0374  d3.dn_loss_iou: 0.2168  d4.dn_loss_cls: 0.0007  d4.dn_loss_bbox: 0.0374  d4.dn_loss_iou: 0.2170
2026/03/26 03:20:46 - mmengine - INFO - Epoch(train) [21][150/238]  base_lr: 7.7855e-05 lr: 7.7855e-05  eta: 11:06:44  time: 1.9888  data_time: 0.0049  memory: 42375  grad_norm: 54.8926  loss: 3.6085  loss_cls: 0.0024  loss_bbox: 0.0418  loss_iou: 0.2353  d0.loss_cls: 0.0100  d0.loss_bbox: 0.0427  d0.loss_iou: 0.2407  d1.loss_cls: 0.0055  d1.loss_bbox: 0.0419  d1.loss_iou: 0.2364  d2.loss_cls: 0.0037  d2.loss_bbox: 0.0418  d2.loss_iou: 0.2353  d3.loss_cls: 0.0025  d3.loss_bbox: 0.0418  d3.loss_iou: 0.2351  d4.loss_cls: 0.0022  d4.loss_bbox: 0.0418  d4.loss_iou: 0.2353  enc_loss_cls: 0.0277  enc_loss_bbox: 0.0457  enc_loss_iou: 0.2551  dn_loss_cls: 0.0006  dn_loss_bbox: 0.0367  dn_loss_iou: 0.2149  d0.dn_loss_cls: 0.0076  d0.dn_loss_bbox: 0.0462  d0.dn_loss_iou: 0.2631  d1.dn_loss_cls: 0.0023  d1.dn_loss_bbox: 0.0373  d1.dn_loss_iou: 0.2180  d2.dn_loss_cls: 0.0013  d2.dn_loss_bbox: 0.0367  d2.dn_loss_iou: 0.2150  d3.dn_loss_cls: 0.0008  d3.dn_loss_bbox: 0.0367  d3.dn_loss_iou: 0.2148  d4.dn_loss_cls: 0.0006  d4.dn_loss_bbox: 0.0367  d4.dn_loss_iou: 0.2148
2026/03/26 03:22:24 - mmengine - INFO - Epoch(train) [21][200/238]  base_lr: 7.7855e-05 lr: 7.7855e-05  eta: 11:02:18  time: 1.9590  data_time: 0.0044  memory: 42375  grad_norm: 54.2069  loss: 3.6329  loss_cls: 0.0023  loss_bbox: 0.0422  loss_iou: 0.2383  d0.loss_cls: 0.0069  d0.loss_bbox: 0.0428  d0.loss_iou: 0.2417  d1.loss_cls: 0.0031  d1.loss_bbox: 0.0423  d1.loss_iou: 0.2387  d2.loss_cls: 0.0022  d2.loss_bbox: 0.0422  d2.loss_iou: 0.2385  d3.loss_cls: 0.0020  d3.loss_bbox: 0.0422  d3.loss_iou: 0.2384  d4.loss_cls: 0.0022  d4.loss_bbox: 0.0422  d4.loss_iou: 0.2383  enc_loss_cls: 0.0263  enc_loss_bbox: 0.0459  enc_loss_iou: 0.2567  dn_loss_cls: 0.0008  dn_loss_bbox: 0.0372  dn_loss_iou: 0.2171  d0.dn_loss_cls: 0.0069  d0.dn_loss_bbox: 0.0466  d0.dn_loss_iou: 0.2646  d1.dn_loss_cls: 0.0018  d1.dn_loss_bbox: 0.0378  d1.dn_loss_iou: 0.2197  d2.dn_loss_cls: 0.0009  d2.dn_loss_bbox: 0.0372  d2.dn_loss_iou: 0.2172  d3.dn_loss_cls: 0.0007  d3.dn_loss_bbox: 0.0372  d3.dn_loss_iou: 0.2169  d4.dn_loss_cls: 0.0007  d4.dn_loss_bbox: 0.0372  d4.dn_loss_iou: 0.2170
2026/03/26 03:23:33 - mmengine - INFO - Exp name: dino_4scale_r50_uatd_80e_pretrained_20260325_231646
2026/03/26 03:23:38 - mmengine - INFO - Exp name: dino_4scale_r50_uatd_80e_pretrained_20260325_231646
2026/03/26 03:25:07 - mmengine - INFO - Epoch(train) [22][ 50/238]  base_lr: 7.6553e-05 lr: 7.6553e-05  eta: 10:54:12  time: 1.8768  data_time: 0.0179  memory: 42375  grad_norm: 52.3294  loss: 3.5362  loss_cls: 0.0011  loss_bbox: 0.0410  loss_iou: 0.2314  d0.loss_cls: 0.0090  d0.loss_bbox: 0.0414  d0.loss_iou: 0.2335  d1.loss_cls: 0.0037  d1.loss_bbox: 0.0410  d1.loss_iou: 0.2307  d2.loss_cls: 0.0023  d2.loss_bbox: 0.0410  d2.loss_iou: 0.2313  d3.loss_cls: 0.0015  d3.loss_bbox: 0.0410  d3.loss_iou: 0.2313  d4.loss_cls: 0.0011  d4.loss_bbox: 0.0410  d4.loss_iou: 0.2313  enc_loss_cls: 0.0256  enc_loss_bbox: 0.0442  enc_loss_iou: 0.2463  dn_loss_cls: 0.0007  dn_loss_bbox: 0.0366  dn_loss_iou: 0.2122  d0.dn_loss_cls: 0.0076  d0.dn_loss_bbox: 0.0461  d0.dn_loss_iou: 0.2587  d1.dn_loss_cls: 0.0023  d1.dn_loss_bbox: 0.0371  d1.dn_loss_iou: 0.2150  d2.dn_loss_cls: 0.0013  d2.dn_loss_bbox: 0.0366  d2.dn_loss_iou: 0.2123  d3.dn_loss_cls: 0.0010  d3.dn_loss_bbox: 0.0366  d3.dn_loss_iou: 0.2120  d4.dn_loss_cls: 0.0008  d4.dn_loss_bbox: 0.0366  d4.dn_loss_iou: 0.2121
2026/03/26 03:26:40 - mmengine - INFO - Epoch(train) [22][100/238]  base_lr: 7.6553e-05 lr: 7.6553e-05  eta: 10:49:43  time: 1.8613  data_time: 0.0039  memory: 42426  grad_norm: 55.0847  loss: 3.5481  loss_cls: 0.0004  loss_bbox: 0.0428  loss_iou: 0.2329  d0.loss_cls: 0.0063  d0.loss_bbox: 0.0433  d0.loss_iou: 0.2351  d1.loss_cls: 0.0027  d1.loss_bbox: 0.0429  d1.loss_iou: 0.2337  d2.loss_cls: 0.0016  d2.loss_bbox: 0.0428  d2.loss_iou: 0.2331  d3.loss_cls: 0.0009  d3.loss_bbox: 0.0428  d3.loss_iou: 0.2327  d4.loss_cls: 0.0005  d4.loss_bbox: 0.0428  d4.loss_iou: 0.2327  enc_loss_cls: 0.0255  enc_loss_bbox: 0.0468  enc_loss_iou: 0.2511  dn_loss_cls: 0.0005  dn_loss_bbox: 0.0362  dn_loss_iou: 0.2111  d0.dn_loss_cls: 0.0073  d0.dn_loss_bbox: 0.0451  d0.dn_loss_iou: 0.2574  d1.dn_loss_cls: 0.0019  d1.dn_loss_bbox: 0.0369  d1.dn_loss_iou: 0.2143  d2.dn_loss_cls: 0.0010  d2.dn_loss_bbox: 0.0363  d2.dn_loss_iou: 0.2111  d3.dn_loss_cls: 0.0006  d3.dn_loss_bbox: 0.0362  d3.dn_loss_iou: 0.2109  d4.dn_loss_cls: 0.0005  d4.dn_loss_bbox: 0.0362  d4.dn_loss_iou: 0.2110
2026/03/26 03:28:16 - mmengine - INFO - Epoch(train) [22][150/238]  base_lr: 7.6553e-05 lr: 7.6553e-05  eta: 10:45:24  time: 1.9119  data_time: 0.0043  memory: 42375  grad_norm: 51.5255  loss: 3.4873  loss_cls: 0.0023  loss_bbox: 0.0402  loss_iou: 0.2268  d0.loss_cls: 0.0083  d0.loss_bbox: 0.0410  d0.loss_iou: 0.2307  d1.loss_cls: 0.0044  d1.loss_bbox: 0.0404  d1.loss_iou: 0.2279  d2.loss_cls: 0.0034  d2.loss_bbox: 0.0403  d2.loss_iou: 0.2272  d3.loss_cls: 0.0028  d3.loss_bbox: 0.0402  d3.loss_iou: 0.2267  d4.loss_cls: 0.0024  d4.loss_bbox: 0.0402  d4.loss_iou: 0.2267  enc_loss_cls: 0.0256  enc_loss_bbox: 0.0441  enc_loss_iou: 0.2453  dn_loss_cls: 0.0009  dn_loss_bbox: 0.0359  dn_loss_iou: 0.2091  d0.dn_loss_cls: 0.0073  d0.dn_loss_bbox: 0.0451  d0.dn_loss_iou: 0.2534  d1.dn_loss_cls: 0.0023  d1.dn_loss_bbox: 0.0365  d1.dn_loss_iou: 0.2113  d2.dn_loss_cls: 0.0015  d2.dn_loss_bbox: 0.0359  d2.dn_loss_iou: 0.2092  d3.dn_loss_cls: 0.0011  d3.dn_loss_bbox: 0.0359  d3.dn_loss_iou: 0.2090  d4.dn_loss_cls: 0.0010  d4.dn_loss_bbox: 0.0359  d4.dn_loss_iou: 0.2090
2026/03/26 03:29:54 - mmengine - INFO - Epoch(train) [22][200/238]  base_lr: 7.6553e-05 lr: 7.6553e-05  eta: 10:41:15  time: 1.9644  data_time: 0.0043  memory: 42375  grad_norm: 57.4934  loss: 3.4851  loss_cls: 0.0005  loss_bbox: 0.0401  loss_iou: 0.2281  d0.loss_cls: 0.0057  d0.loss_bbox: 0.0406  d0.loss_iou: 0.2304  d1.loss_cls: 0.0024  d1.loss_bbox: 0.0402  d1.loss_iou: 0.2283  d2.loss_cls: 0.0014  d2.loss_bbox: 0.0402  d2.loss_iou: 0.2279  d3.loss_cls: 0.0008  d3.loss_bbox: 0.0401  d3.loss_iou: 0.2281  d4.loss_cls: 0.0006  d4.loss_bbox: 0.0401  d4.loss_iou: 0.2279  enc_loss_cls: 0.0268  enc_loss_bbox: 0.0438  enc_loss_iou: 0.2454  dn_loss_cls: 0.0004  dn_loss_bbox: 0.0362  dn_loss_iou: 0.2101  d0.dn_loss_cls: 0.0063  d0.dn_loss_bbox: 0.0452  d0.dn_loss_iou: 0.2558  d1.dn_loss_cls: 0.0017  d1.dn_loss_bbox: 0.0368  d1.dn_loss_iou: 0.2128  d2.dn_loss_cls: 0.0009  d2.dn_loss_bbox: 0.0362  d2.dn_loss_iou: 0.2101  d3.dn_loss_cls: 0.0005  d3.dn_loss_bbox: 0.0362  d3.dn_loss_iou: 0.2099  d4.dn_loss_cls: 0.0004  d4.dn_loss_bbox: 0.0362  d4.dn_loss_iou: 0.2100
2026/03/26 03:31:04 - mmengine - INFO - Exp name: dino_4scale_r50_uatd_80e_pretrained_20260325_231646
2026/03/26 03:31:15 - mmengine - INFO - Epoch(val) [22][ 50/100]    eta: 0:00:10  time: 0.2045  data_time: 0.0132  memory: 42375  
2026/03/26 03:31:25 - mmengine - INFO - Epoch(val) [22][100/100]    eta: 0:00:00  time: 0.2054  data_time: 0.0099  memory: 1533  
2026/03/26 03:31:28 - mmengine - INFO - Evaluating bbox...
2026/03/26 03:31:35 - mmengine - INFO - bbox_mAP_copypaste: 0.341 0.818 0.232 0.461 0.340 0.318
2026/03/26 03:31:35 - mmengine - INFO - Epoch(val) [22][100/100]    coco/bbox_mAP: 0.3410  coco/bbox_mAP_50: 0.8180  coco/bbox_mAP_75: 0.2320  coco/bbox_mAP_s: 0.4610  coco/bbox_mAP_m: 0.3400  coco/bbox_mAP_l: 0.3180  data_time: 0.0116  time: 0.2047
2026/03/26 03:33:10 - mmengine - INFO - Epoch(train) [23][ 50/238]  base_lr: 7.5250e-05 lr: 7.5250e-05  eta: 10:33:44  time: 1.8979  data_time: 0.0218  memory: 42375  grad_norm: 63.2226  loss: 3.3327  loss_cls: 0.0008  loss_bbox: 0.0378  loss_iou: 0.2179  d0.loss_cls: 0.0060  d0.loss_bbox: 0.0384  d0.loss_iou: 0.2207  d1.loss_cls: 0.0027  d1.loss_bbox: 0.0378  d1.loss_iou: 0.2179  d2.loss_cls: 0.0021  d2.loss_bbox: 0.0378  d2.loss_iou: 0.2177  d3.loss_cls: 0.0014  d3.loss_bbox: 0.0378  d3.loss_iou: 0.2176  d4.loss_cls: 0.0010  d4.loss_bbox: 0.0378  d4.loss_iou: 0.2176  enc_loss_cls: 0.0222  enc_loss_bbox: 0.0415  enc_loss_iou: 0.2350  dn_loss_cls: 0.0004  dn_loss_bbox: 0.0342  dn_loss_iou: 0.2014  d0.dn_loss_cls: 0.0066  d0.dn_loss_bbox: 0.0434  d0.dn_loss_iou: 0.2482  d1.dn_loss_cls: 0.0020  d1.dn_loss_bbox: 0.0347  d1.dn_loss_iou: 0.2038  d2.dn_loss_cls: 0.0011  d2.dn_loss_bbox: 0.0342  d2.dn_loss_iou: 0.2013  d3.dn_loss_cls: 0.0007  d3.dn_loss_bbox: 0.0342  d3.dn_loss_iou: 0.2011  d4.dn_loss_cls: 0.0005  d4.dn_loss_bbox: 0.0342  d4.dn_loss_iou: 0.2013
2026/03/26 03:34:45 - mmengine - INFO - Epoch(train) [23][100/238]  base_lr: 7.5250e-05 lr: 7.5250e-05  eta: 10:29:34  time: 1.8945  data_time: 0.0036  memory: 42375  grad_norm: 52.3222  loss: 3.3306  loss_cls: 0.0004  loss_bbox: 0.0398  loss_iou: 0.2183  d0.loss_cls: 0.0044  d0.loss_bbox: 0.0404  d0.loss_iou: 0.2218  d1.loss_cls: 0.0014  d1.loss_bbox: 0.0399  d1.loss_iou: 0.2187  d2.loss_cls: 0.0008  d2.loss_bbox: 0.0397  d2.loss_iou: 0.2181  d3.loss_cls: 0.0005  d3.loss_bbox: 0.0398  d3.loss_iou: 0.2182  d4.loss_cls: 0.0004  d4.loss_bbox: 0.0398  d4.loss_iou: 0.2184  enc_loss_cls: 0.0238  enc_loss_bbox: 0.0431  enc_loss_iou: 0.2332  dn_loss_cls: 0.0005  dn_loss_bbox: 0.0343  dn_loss_iou: 0.1996  d0.dn_loss_cls: 0.0064  d0.dn_loss_bbox: 0.0429  d0.dn_loss_iou: 0.2431  d1.dn_loss_cls: 0.0016  d1.dn_loss_bbox: 0.0349  d1.dn_loss_iou: 0.2030  d2.dn_loss_cls: 0.0009  d2.dn_loss_bbox: 0.0343  d2.dn_loss_iou: 0.1997  d3.dn_loss_cls: 0.0006  d3.dn_loss_bbox: 0.0343  d3.dn_loss_iou: 0.1995  d4.dn_loss_cls: 0.0005  d4.dn_loss_bbox: 0.0343  d4.dn_loss_iou: 0.1995
2026/03/26 03:36:20 - mmengine - INFO - Epoch(train) [23][150/238]  base_lr: 7.5250e-05 lr: 7.5250e-05  eta: 10:25:28  time: 1.8995  data_time: 0.0038  memory: 42375  grad_norm: 56.0018  loss: 3.3885  loss_cls: 0.0009  loss_bbox: 0.0395  loss_iou: 0.2221  d0.loss_cls: 0.0065  d0.loss_bbox: 0.0397  d0.loss_iou: 0.2243  d1.loss_cls: 0.0036  d1.loss_bbox: 0.0392  d1.loss_iou: 0.2209  d2.loss_cls: 0.0020  d2.loss_bbox: 0.0395  d2.loss_iou: 0.2219  d3.loss_cls: 0.0012  d3.loss_bbox: 0.0395  d3.loss_iou: 0.2218  d4.loss_cls: 0.0009  d4.loss_bbox: 0.0395  d4.loss_iou: 0.2219  enc_loss_cls: 0.0248  enc_loss_bbox: 0.0425  enc_loss_iou: 0.2387  dn_loss_cls: 0.0005  dn_loss_bbox: 0.0351  dn_loss_iou: 0.2034  d0.dn_loss_cls: 0.0063  d0.dn_loss_bbox: 0.0438  d0.dn_loss_iou: 0.2480  d1.dn_loss_cls: 0.0016  d1.dn_loss_bbox: 0.0356  d1.dn_loss_iou: 0.2061  d2.dn_loss_cls: 0.0009  d2.dn_loss_bbox: 0.0351  d2.dn_loss_iou: 0.2033  d3.dn_loss_cls: 0.0006  d3.dn_loss_bbox: 0.0350  d3.dn_loss_iou: 0.2032  d4.dn_loss_cls: 0.0005  d4.dn_loss_bbox: 0.0351  d4.dn_loss_iou: 0.2033
2026/03/26 03:37:55 - mmengine - INFO - Epoch(train) [23][200/238]  base_lr: 7.5250e-05 lr: 7.5250e-05  eta: 10:21:24  time: 1.8982  data_time: 0.0034  memory: 42375  grad_norm: 58.4664  loss: 3.3575  loss_cls: 0.0012  loss_bbox: 0.0378  loss_iou: 0.2186  d0.loss_cls: 0.0072  d0.loss_bbox: 0.0384  d0.loss_iou: 0.2221  d1.loss_cls: 0.0032  d1.loss_bbox: 0.0378  d1.loss_iou: 0.2197  d2.loss_cls: 0.0020  d2.loss_bbox: 0.0378  d2.loss_iou: 0.2185  d3.loss_cls: 0.0016  d3.loss_bbox: 0.0378  d3.loss_iou: 0.2187  d4.loss_cls: 0.0013  d4.loss_bbox: 0.0378  d4.loss_iou: 0.2185  enc_loss_cls: 0.0249  enc_loss_bbox: 0.0414  enc_loss_iou: 0.2373  dn_loss_cls: 0.0006  dn_loss_bbox: 0.0341  dn_loss_iou: 0.2031  d0.dn_loss_cls: 0.0063  d0.dn_loss_bbox: 0.0433  d0.dn_loss_iou: 0.2508  d1.dn_loss_cls: 0.0018  d1.dn_loss_bbox: 0.0347  d1.dn_loss_iou: 0.2061  d2.dn_loss_cls: 0.0011  d2.dn_loss_bbox: 0.0341  d2.dn_loss_iou: 0.2030  d3.dn_loss_cls: 0.0007  d3.dn_loss_bbox: 0.0340  d3.dn_loss_iou: 0.2029  d4.dn_loss_cls: 0.0006  d4.dn_loss_bbox: 0.0341  d4.dn_loss_iou: 0.2030
2026/03/26 03:39:05 - mmengine - INFO - Exp name: dino_4scale_r50_uatd_80e_pretrained_20260325_231646
2026/03/26 03:41:14 - mmengine - INFO - Epoch(train) [24][ 50/238]  base_lr: 7.3947e-05 lr: 7.3947e-05  eta: 10:15:41  time: 2.5885  data_time: 0.0236  memory: 42375  grad_norm: 55.8879  loss: 3.2523  loss_cls: 0.0017  loss_bbox: 0.0386  loss_iou: 0.2109  d0.loss_cls: 0.0070  d0.loss_bbox: 0.0393  d0.loss_iou: 0.2150  d1.loss_cls: 0.0033  d1.loss_bbox: 0.0387  d1.loss_iou: 0.2111  d2.loss_cls: 0.0026  d2.loss_bbox: 0.0386  d2.loss_iou: 0.2106  d3.loss_cls: 0.0021  d3.loss_bbox: 0.0386  d3.loss_iou: 0.2107  d4.loss_cls: 0.0018  d4.loss_bbox: 0.0386  d4.loss_iou: 0.2109  enc_loss_cls: 0.0231  enc_loss_bbox: 0.0419  enc_loss_iou: 0.2287  dn_loss_cls: 0.0006  dn_loss_bbox: 0.0335  dn_loss_iou: 0.1948  d0.dn_loss_cls: 0.0067  d0.dn_loss_bbox: 0.0424  d0.dn_loss_iou: 0.2397  d1.dn_loss_cls: 0.0021  d1.dn_loss_bbox: 0.0341  d1.dn_loss_iou: 0.1974  d2.dn_loss_cls: 0.0013  d2.dn_loss_bbox: 0.0335  d2.dn_loss_iou: 0.1947  d3.dn_loss_cls: 0.0008  d3.dn_loss_bbox: 0.0335  d3.dn_loss_iou: 0.1946  d4.dn_loss_cls: 0.0006  d4.dn_loss_bbox: 0.0335  d4.dn_loss_iou: 0.1947
2026/03/26 03:43:23 - mmengine - INFO - Epoch(train) [24][100/238]  base_lr: 7.3947e-05 lr: 7.3947e-05  eta: 10:13:03  time: 2.5634  data_time: 0.0080  memory: 42375  grad_norm: 56.7682  loss: 3.2322  loss_cls: 0.0011  loss_bbox: 0.0372  loss_iou: 0.2110  d0.loss_cls: 0.0053  d0.loss_bbox: 0.0376  d0.loss_iou: 0.2140  d1.loss_cls: 0.0025  d1.loss_bbox: 0.0372  d1.loss_iou: 0.2111  d2.loss_cls: 0.0026  d2.loss_bbox: 0.0367  d2.loss_iou: 0.2097  d3.loss_cls: 0.0014  d3.loss_bbox: 0.0371  d3.loss_iou: 0.2108  d4.loss_cls: 0.0011  d4.loss_bbox: 0.0371  d4.loss_iou: 0.2108  enc_loss_cls: 0.0232  enc_loss_bbox: 0.0401  enc_loss_iou: 0.2279  dn_loss_cls: 0.0006  dn_loss_bbox: 0.0332  dn_loss_iou: 0.1952  d0.dn_loss_cls: 0.0060  d0.dn_loss_bbox: 0.0418  d0.dn_loss_iou: 0.2392  d1.dn_loss_cls: 0.0017  d1.dn_loss_bbox: 0.0338  d1.dn_loss_iou: 0.1978  d2.dn_loss_cls: 0.0010  d2.dn_loss_bbox: 0.0332  d2.dn_loss_iou: 0.1953  d3.dn_loss_cls: 0.0007  d3.dn_loss_bbox: 0.0332  d3.dn_loss_iou: 0.1951  d4.dn_loss_cls: 0.0006  d4.dn_loss_bbox: 0.0332  d4.dn_loss_iou: 0.1952
2026/03/26 03:45:29 - mmengine - INFO - Epoch(train) [24][150/238]  base_lr: 7.3947e-05 lr: 7.3947e-05  eta: 10:10:23  time: 2.5295  data_time: 0.0056  memory: 42375  grad_norm: 55.9348  loss: 3.2774  loss_cls: 0.0010  loss_bbox: 0.0375  loss_iou: 0.2142  d0.loss_cls: 0.0072  d0.loss_bbox: 0.0381  d0.loss_iou: 0.2173  d1.loss_cls: 0.0033  d1.loss_bbox: 0.0376  d1.loss_iou: 0.2149  d2.loss_cls: 0.0022  d2.loss_bbox: 0.0375  d2.loss_iou: 0.2144  d3.loss_cls: 0.0014  d3.loss_bbox: 0.0374  d3.loss_iou: 0.2140  d4.loss_cls: 0.0012  d4.loss_bbox: 0.0374  d4.loss_iou: 0.2140  enc_loss_cls: 0.0251  enc_loss_bbox: 0.0406  enc_loss_iou: 0.2297  dn_loss_cls: 0.0005  dn_loss_bbox: 0.0337  dn_loss_iou: 0.1976  d0.dn_loss_cls: 0.0066  d0.dn_loss_bbox: 0.0419  d0.dn_loss_iou: 0.2394  d1.dn_loss_cls: 0.0018  d1.dn_loss_bbox: 0.0342  d1.dn_loss_iou: 0.2003  d2.dn_loss_cls: 0.0010  d2.dn_loss_bbox: 0.0337  d2.dn_loss_iou: 0.1976  d3.dn_loss_cls: 0.0006  d3.dn_loss_bbox: 0.0336  d3.dn_loss_iou: 0.1974  d4.dn_loss_cls: 0.0005  d4.dn_loss_bbox: 0.0337  d4.dn_loss_iou: 0.1975
2026/03/26 03:47:42 - mmengine - INFO - Epoch(train) [24][200/238]  base_lr: 7.3947e-05 lr: 7.3947e-05  eta: 10:07:59  time: 2.6642  data_time: 0.0063  memory: 42375  grad_norm: 55.3180  loss: 3.2472  loss_cls: 0.0010  loss_bbox: 0.0373  loss_iou: 0.2118  d0.loss_cls: 0.0064  d0.loss_bbox: 0.0380  d0.loss_iou: 0.2148  d1.loss_cls: 0.0030  d1.loss_bbox: 0.0374  d1.loss_iou: 0.2120  d2.loss_cls: 0.0023  d2.loss_bbox: 0.0373  d2.loss_iou: 0.2115  d3.loss_cls: 0.0016  d3.loss_bbox: 0.0373  d3.loss_iou: 0.2114  d4.loss_cls: 0.0011  d4.loss_bbox: 0.0373  d4.loss_iou: 0.2117  enc_loss_cls: 0.0244  enc_loss_bbox: 0.0413  enc_loss_iou: 0.2282  dn_loss_cls: 0.0006  dn_loss_bbox: 0.0334  dn_loss_iou: 0.1956  d0.dn_loss_cls: 0.0067  d0.dn_loss_bbox: 0.0415  d0.dn_loss_iou: 0.2385  d1.dn_loss_cls: 0.0019  d1.dn_loss_bbox: 0.0340  d1.dn_loss_iou: 0.1982  d2.dn_loss_cls: 0.0012  d2.dn_loss_bbox: 0.0335  d2.dn_loss_iou: 0.1957  d3.dn_loss_cls: 0.0008  d3.dn_loss_bbox: 0.0334  d3.dn_loss_iou: 0.1955  d4.dn_loss_cls: 0.0007  d4.dn_loss_bbox: 0.0334  d4.dn_loss_iou: 0.1955
2026/03/26 03:49:18 - mmengine - INFO - Exp name: dino_4scale_r50_uatd_80e_pretrained_20260325_231646
2026/03/26 03:49:34 - mmengine - INFO - Epoch(val) [24][ 50/100]    eta: 0:00:16  time: 0.3248  data_time: 0.0292  memory: 42375  
2026/03/26 03:49:48 - mmengine - INFO - Epoch(val) [24][100/100]    eta: 0:00:00  time: 0.2794  data_time: 0.0185  memory: 1533  
2026/03/26 03:49:54 - mmengine - INFO - Evaluating bbox...
2026/03/26 03:50:05 - mmengine - INFO - bbox_mAP_copypaste: 0.334 0.792 0.220 0.447 0.334 0.327
2026/03/26 03:50:05 - mmengine - INFO - Epoch(val) [24][100/100]    coco/bbox_mAP: 0.3340  coco/bbox_mAP_50: 0.7920  coco/bbox_mAP_75: 0.2200  coco/bbox_mAP_s: 0.4470  coco/bbox_mAP_m: 0.3340  coco/bbox_mAP_l: 0.3270  data_time: 0.0237  time: 0.3008
2026/03/26 03:52:09 - mmengine - INFO - Epoch(train) [25][ 50/238]  base_lr: 7.2645e-05 lr: 7.2645e-05  eta: 10:03:10  time: 2.4727  data_time: 0.0701  memory: 42375  grad_norm: 65.5644  loss: 3.2059  loss_cls: 0.0009  loss_bbox: 0.0377  loss_iou: 0.2099  d0.loss_cls: 0.0043  d0.loss_bbox: 0.0383  d0.loss_iou: 0.2128  d1.loss_cls: 0.0016  d1.loss_bbox: 0.0378  d1.loss_iou: 0.2099  d2.loss_cls: 0.0010  d2.loss_bbox: 0.0377  d2.loss_iou: 0.2096  d3.loss_cls: 0.0008  d3.loss_bbox: 0.0377  d3.loss_iou: 0.2095  d4.loss_cls: 0.0007  d4.loss_bbox: 0.0377  d4.loss_iou: 0.2099  enc_loss_cls: 0.0210  enc_loss_bbox: 0.0415  enc_loss_iou: 0.2269  dn_loss_cls: 0.0003  dn_loss_bbox: 0.0328  dn_loss_iou: 0.1927  d0.dn_loss_cls: 0.0053  d0.dn_loss_bbox: 0.0416  d0.dn_loss_iou: 0.2381  d1.dn_loss_cls: 0.0014  d1.dn_loss_bbox: 0.0334  d1.dn_loss_iou: 0.1954  d2.dn_loss_cls: 0.0007  d2.dn_loss_bbox: 0.0328  d2.dn_loss_iou: 0.1928  d3.dn_loss_cls: 0.0004  d3.dn_loss_bbox: 0.0328  d3.dn_loss_iou: 0.1924  d4.dn_loss_cls: 0.0003  d4.dn_loss_bbox: 0.0328  d4.dn_loss_iou: 0.1926
2026/03/26 03:53:48 - mmengine - INFO - Epoch(train) [25][100/238]  base_lr: 7.2645e-05 lr: 7.2645e-05  eta: 9:59:29  time: 1.9796  data_time: 0.0041  memory: 42375  grad_norm: 55.7780  loss: 3.0213  loss_cls: 0.0006  loss_bbox: 0.0343  loss_iou: 0.1967  d0.loss_cls: 0.0047  d0.loss_bbox: 0.0350  d0.loss_iou: 0.2002  d1.loss_cls: 0.0017  d1.loss_bbox: 0.0344  d1.loss_iou: 0.1970  d2.loss_cls: 0.0013  d2.loss_bbox: 0.0344  d2.loss_iou: 0.1967  d3.loss_cls: 0.0009  d3.loss_bbox: 0.0344  d3.loss_iou: 0.1970  d4.loss_cls: 0.0006  d4.loss_bbox: 0.0343  d4.loss_iou: 0.1968  enc_loss_cls: 0.0207  enc_loss_bbox: 0.0381  enc_loss_iou: 0.2133  dn_loss_cls: 0.0002  dn_loss_bbox: 0.0313  dn_loss_iou: 0.1836  d0.dn_loss_cls: 0.0056  d0.dn_loss_bbox: 0.0392  d0.dn_loss_iou: 0.2235  d1.dn_loss_cls: 0.0012  d1.dn_loss_bbox: 0.0318  d1.dn_loss_iou: 0.1858  d2.dn_loss_cls: 0.0006  d2.dn_loss_bbox: 0.0314  d2.dn_loss_iou: 0.1838  d3.dn_loss_cls: 0.0003  d3.dn_loss_bbox: 0.0313  d3.dn_loss_iou: 0.1835  d4.dn_loss_cls: 0.0002  d4.dn_loss_bbox: 0.0313  d4.dn_loss_iou: 0.1836
2026/03/26 03:55:23 - mmengine - INFO - Epoch(train) [25][150/238]  base_lr: 7.2645e-05 lr: 7.2645e-05  eta: 9:55:42  time: 1.9124  data_time: 0.0041  memory: 42375  grad_norm: 55.1161  loss: 3.1992  loss_cls: 0.0012  loss_bbox: 0.0369  loss_iou: 0.2094  d0.loss_cls: 0.0049  d0.loss_bbox: 0.0374  d0.loss_iou: 0.2120  d1.loss_cls: 0.0018  d1.loss_bbox: 0.0369  d1.loss_iou: 0.2097  d2.loss_cls: 0.0013  d2.loss_bbox: 0.0369  d2.loss_iou: 0.2093  d3.loss_cls: 0.0011  d3.loss_bbox: 0.0369  d3.loss_iou: 0.2093  d4.loss_cls: 0.0012  d4.loss_bbox: 0.0369  d4.loss_iou: 0.2094  enc_loss_cls: 0.0213  enc_loss_bbox: 0.0406  enc_loss_iou: 0.2264  dn_loss_cls: 0.0004  dn_loss_bbox: 0.0330  dn_loss_iou: 0.1930  d0.dn_loss_cls: 0.0055  d0.dn_loss_bbox: 0.0416  d0.dn_loss_iou: 0.2357  d1.dn_loss_cls: 0.0013  d1.dn_loss_bbox: 0.0336  d1.dn_loss_iou: 0.1954  d2.dn_loss_cls: 0.0007  d2.dn_loss_bbox: 0.0330  d2.dn_loss_iou: 0.1929  d3.dn_loss_cls: 0.0005  d3.dn_loss_bbox: 0.0330  d3.dn_loss_iou: 0.1928  d4.dn_loss_cls: 0.0005  d4.dn_loss_bbox: 0.0330  d4.dn_loss_iou: 0.1929
2026/03/26 03:57:20 - mmengine - INFO - Epoch(train) [25][200/238]  base_lr: 7.2645e-05 lr: 7.2645e-05  eta: 9:52:45  time: 2.3390  data_time: 0.0050  memory: 42426  grad_norm: 59.6331  loss: 3.1528  loss_cls: 0.0012  loss_bbox: 0.0360  loss_iou: 0.2048  d0.loss_cls: 0.0108  d0.loss_bbox: 0.0360  d0.loss_iou: 0.2056  d1.loss_cls: 0.0051  d1.loss_bbox: 0.0357  d1.loss_iou: 0.2033  d2.loss_cls: 0.0032  d2.loss_bbox: 0.0356  d2.loss_iou: 0.2029  d3.loss_cls: 0.0025  d3.loss_bbox: 0.0356  d3.loss_iou: 0.2034  d4.loss_cls: 0.0013  d4.loss_bbox: 0.0360  d4.loss_iou: 0.2047  enc_loss_cls: 0.0233  enc_loss_bbox: 0.0392  enc_loss_iou: 0.2208  dn_loss_cls: 0.0007  dn_loss_bbox: 0.0326  dn_loss_iou: 0.1904  d0.dn_loss_cls: 0.0069  d0.dn_loss_bbox: 0.0411  d0.dn_loss_iou: 0.2345  d1.dn_loss_cls: 0.0021  d1.dn_loss_bbox: 0.0332  d1.dn_loss_iou: 0.1932  d2.dn_loss_cls: 0.0012  d2.dn_loss_bbox: 0.0326  d2.dn_loss_iou: 0.1903  d3.dn_loss_cls: 0.0007  d3.dn_loss_bbox: 0.0326  d3.dn_loss_iou: 0.1902  d4.dn_loss_cls: 0.0007  d4.dn_loss_bbox: 0.0326  d4.dn_loss_iou: 0.1903
2026/03/26 03:58:39 - mmengine - INFO - Exp name: dino_4scale_r50_uatd_80e_pretrained_20260325_231646
2026/03/26 04:00:44 - mmengine - INFO - Exp name: dino_4scale_r50_uatd_80e_pretrained_20260325_231646
2026/03/26 04:00:44 - mmengine - INFO - Epoch(train) [26][ 50/238]  base_lr: 7.1342e-05 lr: 7.1342e-05  eta: 9:47:32  time: 2.5094  data_time: 0.0980  memory: 42375  grad_norm: 63.4501  loss: 3.0129  loss_cls: 0.0017  loss_bbox: 0.0344  loss_iou: 0.1951  d0.loss_cls: 0.0048  d0.loss_bbox: 0.0350  d0.loss_iou: 0.1985  d1.loss_cls: 0.0023  d1.loss_bbox: 0.0345  d1.loss_iou: 0.1951  d2.loss_cls: 0.0020  d2.loss_bbox: 0.0344  d2.loss_iou: 0.1948  d3.loss_cls: 0.0018  d3.loss_bbox: 0.0344  d3.loss_iou: 0.1949  d4.loss_cls: 0.0015  d4.loss_bbox: 0.0344  d4.loss_iou: 0.1951  enc_loss_cls: 0.0202  enc_loss_bbox: 0.0384  enc_loss_iou: 0.2125  dn_loss_cls: 0.0004  dn_loss_bbox: 0.0314  dn_loss_iou: 0.1826  d0.dn_loss_cls: 0.0056  d0.dn_loss_bbox: 0.0400  d0.dn_loss_iou: 0.2259  d1.dn_loss_cls: 0.0014  d1.dn_loss_bbox: 0.0319  d1.dn_loss_iou: 0.1848  d2.dn_loss_cls: 0.0007  d2.dn_loss_bbox: 0.0314  d2.dn_loss_iou: 0.1824  d3.dn_loss_cls: 0.0005  d3.dn_loss_bbox: 0.0314  d3.dn_loss_iou: 0.1823  d4.dn_loss_cls: 0.0004  d4.dn_loss_bbox: 0.0314  d4.dn_loss_iou: 0.1824
2026/03/26 04:02:34 - mmengine - INFO - Epoch(train) [26][100/238]  base_lr: 7.1342e-05 lr: 7.1342e-05  eta: 9:44:23  time: 2.2014  data_time: 0.0045  memory: 42375  grad_norm: 59.3712  loss: 3.0263  loss_cls: 0.0007  loss_bbox: 0.0342  loss_iou: 0.1969  d0.loss_cls: 0.0051  d0.loss_bbox: 0.0347  d0.loss_iou: 0.1997  d1.loss_cls: 0.0024  d1.loss_bbox: 0.0343  d1.loss_iou: 0.1973  d2.loss_cls: 0.0016  d2.loss_bbox: 0.0342  d2.loss_iou: 0.1966  d3.loss_cls: 0.0010  d3.loss_bbox: 0.0342  d3.loss_iou: 0.1968  d4.loss_cls: 0.0007  d4.loss_bbox: 0.0342  d4.loss_iou: 0.1969  enc_loss_cls: 0.0207  enc_loss_bbox: 0.0370  enc_loss_iou: 0.2122  dn_loss_cls: 0.0003  dn_loss_bbox: 0.0314  dn_loss_iou: 0.1839  d0.dn_loss_cls: 0.0054  d0.dn_loss_bbox: 0.0398  d0.dn_loss_iou: 0.2267  d1.dn_loss_cls: 0.0015  d1.dn_loss_bbox: 0.0320  d1.dn_loss_iou: 0.1865  d2.dn_loss_cls: 0.0008  d2.dn_loss_bbox: 0.0314  d2.dn_loss_iou: 0.1839  d3.dn_loss_cls: 0.0004  d3.dn_loss_bbox: 0.0314  d3.dn_loss_iou: 0.1839  d4.dn_loss_cls: 0.0003  d4.dn_loss_bbox: 0.0314  d4.dn_loss_iou: 0.1839
2026/03/26 04:04:10 - mmengine - INFO - Epoch(train) [26][150/238]  base_lr: 7.1342e-05 lr: 7.1342e-05  eta: 9:40:43  time: 1.9016  data_time: 0.0035  memory: 42375  grad_norm: 56.3612  loss: 3.0533  loss_cls: 0.0004  loss_bbox: 0.0354  loss_iou: 0.1993  d0.loss_cls: 0.0050  d0.loss_bbox: 0.0360  d0.loss_iou: 0.2025  d1.loss_cls: 0.0019  d1.loss_bbox: 0.0355  d1.loss_iou: 0.1997  d2.loss_cls: 0.0018  d2.loss_bbox: 0.0350  d2.loss_iou: 0.1983  d3.loss_cls: 0.0006  d3.loss_bbox: 0.0354  d3.loss_iou: 0.1991  d4.loss_cls: 0.0004  d4.loss_bbox: 0.0354  d4.loss_iou: 0.1991  enc_loss_cls: 0.0207  enc_loss_bbox: 0.0384  enc_loss_iou: 0.2152  dn_loss_cls: 0.0005  dn_loss_bbox: 0.0315  dn_loss_iou: 0.1846  d0.dn_loss_cls: 0.0058  d0.dn_loss_bbox: 0.0395  d0.dn_loss_iou: 0.2253  d1.dn_loss_cls: 0.0016  d1.dn_loss_bbox: 0.0320  d1.dn_loss_iou: 0.1868  d2.dn_loss_cls: 0.0009  d2.dn_loss_bbox: 0.0316  d2.dn_loss_iou: 0.1847  d3.dn_loss_cls: 0.0006  d3.dn_loss_bbox: 0.0315  d3.dn_loss_iou: 0.1845  d4.dn_loss_cls: 0.0005  d4.dn_loss_bbox: 0.0315  d4.dn_loss_iou: 0.1846
2026/03/26 04:05:44 - mmengine - INFO - Epoch(train) [26][200/238]  base_lr: 7.1342e-05 lr: 7.1342e-05  eta: 9:37:04  time: 1.8817  data_time: 0.0040  memory: 42375  grad_norm: 59.5988  loss: 3.0777  loss_cls: 0.0010  loss_bbox: 0.0354  loss_iou: 0.1996  d0.loss_cls: 0.0067  d0.loss_bbox: 0.0361  d0.loss_iou: 0.2037  d1.loss_cls: 0.0032  d1.loss_bbox: 0.0355  d1.loss_iou: 0.2004  d2.loss_cls: 0.0019  d2.loss_bbox: 0.0355  d2.loss_iou: 0.1995  d3.loss_cls: 0.0013  d3.loss_bbox: 0.0354  d3.loss_iou: 0.1995  d4.loss_cls: 0.0010  d4.loss_bbox: 0.0355  d4.loss_iou: 0.1997  enc_loss_cls: 0.0219  enc_loss_bbox: 0.0390  enc_loss_iou: 0.2176  dn_loss_cls: 0.0006  dn_loss_bbox: 0.0312  dn_loss_iou: 0.1863  d0.dn_loss_cls: 0.0058  d0.dn_loss_bbox: 0.0393  d0.dn_loss_iou: 0.2286  d1.dn_loss_cls: 0.0017  d1.dn_loss_bbox: 0.0317  d1.dn_loss_iou: 0.1887  d2.dn_loss_cls: 0.0010  d2.dn_loss_bbox: 0.0312  d2.dn_loss_iou: 0.1862  d3.dn_loss_cls: 0.0007  d3.dn_loss_bbox: 0.0312  d3.dn_loss_iou: 0.1860  d4.dn_loss_cls: 0.0006  d4.dn_loss_bbox: 0.0312  d4.dn_loss_iou: 0.1862
2026/03/26 04:06:52 - mmengine - INFO - Exp name: dino_4scale_r50_uatd_80e_pretrained_20260325_231646
2026/03/26 04:07:02 - mmengine - INFO - Epoch(val) [26][ 50/100]    eta: 0:00:10  time: 0.2039  data_time: 0.0129  memory: 42375  
2026/03/26 04:07:12 - mmengine - INFO - Epoch(val) [26][100/100]    eta: 0:00:00  time: 0.1994  data_time: 0.0090  memory: 1533  
2026/03/26 04:07:15 - mmengine - INFO - Evaluating bbox...
2026/03/26 04:07:23 - mmengine - INFO - bbox_mAP_copypaste: 0.329 0.768 0.228 0.488 0.330 0.312
2026/03/26 04:07:23 - mmengine - INFO - Epoch(val) [26][100/100]    coco/bbox_mAP: 0.3290  coco/bbox_mAP_50: 0.7680  coco/bbox_mAP_75: 0.2280  coco/bbox_mAP_s: 0.4880  coco/bbox_mAP_m: 0.3300  coco/bbox_mAP_l: 0.3120  data_time: 0.0110  time: 0.2012
2026/03/26 04:08:57 - mmengine - INFO - Epoch(train) [27][ 50/238]  base_lr: 7.0039e-05 lr: 7.0039e-05  eta: 9:30:36  time: 1.8854  data_time: 0.0253  memory: 42426  grad_norm: 55.3196  loss: 2.8940  loss_cls: 0.0007  loss_bbox: 0.0325  loss_iou: 0.1879  d0.loss_cls: 0.0055  d0.loss_bbox: 0.0331  d0.loss_iou: 0.1904  d1.loss_cls: 0.0019  d1.loss_bbox: 0.0325  d1.loss_iou: 0.1877  d2.loss_cls: 0.0011  d2.loss_bbox: 0.0325  d2.loss_iou: 0.1873  d3.loss_cls: 0.0006  d3.loss_bbox: 0.0325  d3.loss_iou: 0.1875  d4.loss_cls: 0.0007  d4.loss_bbox: 0.0325  d4.loss_iou: 0.1876  enc_loss_cls: 0.0201  enc_loss_bbox: 0.0361  enc_loss_iou: 0.2053  dn_loss_cls: 0.0003  dn_loss_bbox: 0.0296  dn_loss_iou: 0.1769  d0.dn_loss_cls: 0.0054  d0.dn_loss_bbox: 0.0376  d0.dn_loss_iou: 0.2175  d1.dn_loss_cls: 0.0013  d1.dn_loss_bbox: 0.0301  d1.dn_loss_iou: 0.1789  d2.dn_loss_cls: 0.0007  d2.dn_loss_bbox: 0.0296  d2.dn_loss_iou: 0.1765  d3.dn_loss_cls: 0.0005  d3.dn_loss_bbox: 0.0296  d3.dn_loss_iou: 0.1766  d4.dn_loss_cls: 0.0004  d4.dn_loss_bbox: 0.0296  d4.dn_loss_iou: 0.1768
2026/03/26 04:10:31 - mmengine - INFO - Epoch(train) [27][100/238]  base_lr: 7.0039e-05 lr: 7.0039e-05  eta: 9:27:01  time: 1.8696  data_time: 0.0039  memory: 42375  grad_norm: 60.8195  loss: 2.9692  loss_cls: 0.0010  loss_bbox: 0.0343  loss_iou: 0.1924  d0.loss_cls: 0.0050  d0.loss_bbox: 0.0350  d0.loss_iou: 0.1957  d1.loss_cls: 0.0019  d1.loss_bbox: 0.0344  d1.loss_iou: 0.1928  d2.loss_cls: 0.0020  d2.loss_bbox: 0.0339  d2.loss_iou: 0.1914  d3.loss_cls: 0.0010  d3.loss_bbox: 0.0343  d3.loss_iou: 0.1926  d4.loss_cls: 0.0010  d4.loss_bbox: 0.0343  d4.loss_iou: 0.1925  enc_loss_cls: 0.0211  enc_loss_bbox: 0.0370  enc_loss_iou: 0.2067  dn_loss_cls: 0.0004  dn_loss_bbox: 0.0310  dn_loss_iou: 0.1796  d0.dn_loss_cls: 0.0058  d0.dn_loss_bbox: 0.0397  d0.dn_loss_iou: 0.2234  d1.dn_loss_cls: 0.0015  d1.dn_loss_bbox: 0.0316  d1.dn_loss_iou: 0.1821  d2.dn_loss_cls: 0.0008  d2.dn_loss_bbox: 0.0311  d2.dn_loss_iou: 0.1797  d3.dn_loss_cls: 0.0005  d3.dn_loss_bbox: 0.0310  d3.dn_loss_iou: 0.1796  d4.dn_loss_cls: 0.0004  d4.dn_loss_bbox: 0.0310  d4.dn_loss_iou: 0.1796
2026/03/26 04:12:04 - mmengine - INFO - Epoch(train) [27][150/238]  base_lr: 7.0039e-05 lr: 7.0039e-05  eta: 9:23:26  time: 1.8535  data_time: 0.0036  memory: 42375  grad_norm: 60.7111  loss: 2.9416  loss_cls: 0.0007  loss_bbox: 0.0344  loss_iou: 0.1910  d0.loss_cls: 0.0051  d0.loss_bbox: 0.0350  d0.loss_iou: 0.1943  d1.loss_cls: 0.0026  d1.loss_bbox: 0.0344  d1.loss_iou: 0.1911  d2.loss_cls: 0.0017  d2.loss_bbox: 0.0343  d2.loss_iou: 0.1905  d3.loss_cls: 0.0012  d3.loss_bbox: 0.0343  d3.loss_iou: 0.1906  d4.loss_cls: 0.0009  d4.loss_bbox: 0.0344  d4.loss_iou: 0.1909  enc_loss_cls: 0.0220  enc_loss_bbox: 0.0378  enc_loss_iou: 0.2064  dn_loss_cls: 0.0005  dn_loss_bbox: 0.0300  dn_loss_iou: 0.1779  d0.dn_loss_cls: 0.0055  d0.dn_loss_bbox: 0.0378  d0.dn_loss_iou: 0.2187  d1.dn_loss_cls: 0.0019  d1.dn_loss_bbox: 0.0304  d1.dn_loss_iou: 0.1801  d2.dn_loss_cls: 0.0010  d2.dn_loss_bbox: 0.0299  d2.dn_loss_iou: 0.1778  d3.dn_loss_cls: 0.0007  d3.dn_loss_bbox: 0.0299  d3.dn_loss_iou: 0.1777  d4.dn_loss_cls: 0.0005  d4.dn_loss_bbox: 0.0299  d4.dn_loss_iou: 0.1778
2026/03/26 04:13:38 - mmengine - INFO - Epoch(train) [27][200/238]  base_lr: 7.0039e-05 lr: 7.0039e-05  eta: 9:19:56  time: 1.8853  data_time: 0.0040  memory: 42375  grad_norm: 59.4798  loss: 2.9516  loss_cls: 0.0004  loss_bbox: 0.0337  loss_iou: 0.1918  d0.loss_cls: 0.0042  d0.loss_bbox: 0.0343  d0.loss_iou: 0.1944  d1.loss_cls: 0.0018  d1.loss_bbox: 0.0338  d1.loss_iou: 0.1922  d2.loss_cls: 0.0010  d2.loss_bbox: 0.0337  d2.loss_iou: 0.1912  d3.loss_cls: 0.0006  d3.loss_bbox: 0.0337  d3.loss_iou: 0.1916  d4.loss_cls: 0.0004  d4.loss_bbox: 0.0337  d4.loss_iou: 0.1918  enc_loss_cls: 0.0190  enc_loss_bbox: 0.0372  enc_loss_iou: 0.2076  dn_loss_cls: 0.0004  dn_loss_bbox: 0.0310  dn_loss_iou: 0.1793  d0.dn_loss_cls: 0.0056  d0.dn_loss_bbox: 0.0391  d0.dn_loss_iou: 0.2206  d1.dn_loss_cls: 0.0013  d1.dn_loss_bbox: 0.0316  d1.dn_loss_iou: 0.1820  d2.dn_loss_cls: 0.0007  d2.dn_loss_bbox: 0.0310  d2.dn_loss_iou: 0.1793  d3.dn_loss_cls: 0.0005  d3.dn_loss_bbox: 0.0310  d3.dn_loss_iou: 0.1793  d4.dn_loss_cls: 0.0004  d4.dn_loss_bbox: 0.0310  d4.dn_loss_iou: 0.1793
2026/03/26 04:14:48 - mmengine - INFO - Exp name: dino_4scale_r50_uatd_80e_pretrained_20260325_231646
2026/03/26 04:16:24 - mmengine - INFO - Epoch(train) [28][ 50/238]  base_lr: 6.8737e-05 lr: 6.8737e-05  eta: 9:13:52  time: 1.9254  data_time: 0.0183  memory: 42375  grad_norm: 60.5014  loss: 2.8562  loss_cls: 0.0008  loss_bbox: 0.0327  loss_iou: 0.1856  d0.loss_cls: 0.0051  d0.loss_bbox: 0.0333  d0.loss_iou: 0.1893  d1.loss_cls: 0.0026  d1.loss_bbox: 0.0328  d1.loss_iou: 0.1856  d2.loss_cls: 0.0018  d2.loss_bbox: 0.0327  d2.loss_iou: 0.1855  d3.loss_cls: 0.0012  d3.loss_bbox: 0.0327  d3.loss_iou: 0.1855  d4.loss_cls: 0.0009  d4.loss_bbox: 0.0327  d4.loss_iou: 0.1855  enc_loss_cls: 0.0211  enc_loss_bbox: 0.0355  enc_loss_iou: 0.2008  dn_loss_cls: 0.0006  dn_loss_bbox: 0.0295  dn_loss_iou: 0.1721  d0.dn_loss_cls: 0.0059  d0.dn_loss_bbox: 0.0374  d0.dn_loss_iou: 0.2133  d1.dn_loss_cls: 0.0018  d1.dn_loss_bbox: 0.0300  d1.dn_loss_iou: 0.1747  d2.dn_loss_cls: 0.0011  d2.dn_loss_bbox: 0.0295  d2.dn_loss_iou: 0.1721  d3.dn_loss_cls: 0.0008  d3.dn_loss_bbox: 0.0295  d3.dn_loss_iou: 0.1720  d4.dn_loss_cls: 0.0006  d4.dn_loss_bbox: 0.0295  d4.dn_loss_iou: 0.1721
2026/03/26 04:17:58 - mmengine - INFO - Epoch(train) [28][100/238]  base_lr: 6.8737e-05 lr: 6.8737e-05  eta: 9:10:26  time: 1.8774  data_time: 0.0038  memory: 42375  grad_norm: 57.5539  loss: 2.8121  loss_cls: 0.0007  loss_bbox: 0.0314  loss_iou: 0.1814  d0.loss_cls: 0.0079  d0.loss_bbox: 0.0320  d0.loss_iou: 0.1845  d1.loss_cls: 0.0026  d1.loss_bbox: 0.0315  d1.loss_iou: 0.1817  d2.loss_cls: 0.0015  d2.loss_bbox: 0.0314  d2.loss_iou: 0.1811  d3.loss_cls: 0.0010  d3.loss_bbox: 0.0314  d3.loss_iou: 0.1814  d4.loss_cls: 0.0008  d4.loss_bbox: 0.0314  d4.loss_iou: 0.1814  enc_loss_cls: 0.0209  enc_loss_bbox: 0.0353  enc_loss_iou: 0.1996  dn_loss_cls: 0.0005  dn_loss_bbox: 0.0290  dn_loss_iou: 0.1708  d0.dn_loss_cls: 0.0056  d0.dn_loss_bbox: 0.0371  d0.dn_loss_iou: 0.2131  d1.dn_loss_cls: 0.0017  d1.dn_loss_bbox: 0.0294  d1.dn_loss_iou: 0.1729  d2.dn_loss_cls: 0.0010  d2.dn_loss_bbox: 0.0290  d2.dn_loss_iou: 0.1707  d3.dn_loss_cls: 0.0007  d3.dn_loss_bbox: 0.0290  d3.dn_loss_iou: 0.1706  d4.dn_loss_cls: 0.0005  d4.dn_loss_bbox: 0.0290  d4.dn_loss_iou: 0.1707
2026/03/26 04:19:30 - mmengine - INFO - Epoch(train) [28][150/238]  base_lr: 6.8737e-05 lr: 6.8737e-05  eta: 9:06:59  time: 1.8453  data_time: 0.0039  memory: 42375  grad_norm: 58.5084  loss: 2.8345  loss_cls: 0.0003  loss_bbox: 0.0315  loss_iou: 0.1838  d0.loss_cls: 0.0045  d0.loss_bbox: 0.0320  d0.loss_iou: 0.1864  d1.loss_cls: 0.0016  d1.loss_bbox: 0.0315  d1.loss_iou: 0.1843  d2.loss_cls: 0.0010  d2.loss_bbox: 0.0314  d2.loss_iou: 0.1838  d3.loss_cls: 0.0006  d3.loss_bbox: 0.0315  d3.loss_iou: 0.1837  d4.loss_cls: 0.0004  d4.loss_bbox: 0.0315  d4.loss_iou: 0.1837  enc_loss_cls: 0.0184  enc_loss_bbox: 0.0350  enc_loss_iou: 0.2001  dn_loss_cls: 0.0003  dn_loss_bbox: 0.0292  dn_loss_iou: 0.1736  d0.dn_loss_cls: 0.0048  d0.dn_loss_bbox: 0.0376  d0.dn_loss_iou: 0.2161  d1.dn_loss_cls: 0.0011  d1.dn_loss_bbox: 0.0297  d1.dn_loss_iou: 0.1759  d2.dn_loss_cls: 0.0006  d2.dn_loss_bbox: 0.0292  d2.dn_loss_iou: 0.1734  d3.dn_loss_cls: 0.0004  d3.dn_loss_bbox: 0.0292  d3.dn_loss_iou: 0.1733  d4.dn_loss_cls: 0.0003  d4.dn_loss_bbox: 0.0292  d4.dn_loss_iou: 0.1734
2026/03/26 04:21:04 - mmengine - INFO - Epoch(train) [28][200/238]  base_lr: 6.8737e-05 lr: 6.8737e-05  eta: 9:03:35  time: 1.8631  data_time: 0.0038  memory: 42426  grad_norm: 58.1396  loss: 2.8764  loss_cls: 0.0006  loss_bbox: 0.0338  loss_iou: 0.1865  d0.loss_cls: 0.0053  d0.loss_bbox: 0.0343  d0.loss_iou: 0.1896  d1.loss_cls: 0.0018  d1.loss_bbox: 0.0338  d1.loss_iou: 0.1869  d2.loss_cls: 0.0009  d2.loss_bbox: 0.0338  d2.loss_iou: 0.1864  d3.loss_cls: 0.0006  d3.loss_bbox: 0.0338  d3.loss_iou: 0.1863  d4.loss_cls: 0.0006  d4.loss_bbox: 0.0338  d4.loss_iou: 0.1863  enc_loss_cls: 0.0205  enc_loss_bbox: 0.0375  enc_loss_iou: 0.2034  dn_loss_cls: 0.0004  dn_loss_bbox: 0.0291  dn_loss_iou: 0.1742  d0.dn_loss_cls: 0.0054  d0.dn_loss_bbox: 0.0369  d0.dn_loss_iou: 0.2150  d1.dn_loss_cls: 0.0014  d1.dn_loss_bbox: 0.0296  d1.dn_loss_iou: 0.1764  d2.dn_loss_cls: 0.0007  d2.dn_loss_bbox: 0.0291  d2.dn_loss_iou: 0.1741  d3.dn_loss_cls: 0.0005  d3.dn_loss_bbox: 0.0291  d3.dn_loss_iou: 0.1741  d4.dn_loss_cls: 0.0004  d4.dn_loss_bbox: 0.0291  d4.dn_loss_iou: 0.1742
2026/03/26 04:22:12 - mmengine - INFO - Exp name: dino_4scale_r50_uatd_80e_pretrained_20260325_231646
2026/03/26 04:22:22 - mmengine - INFO - Epoch(val) [28][ 50/100]    eta: 0:00:10  time: 0.2026  data_time: 0.0128  memory: 42375  
2026/03/26 04:22:32 - mmengine - INFO - Epoch(val) [28][100/100]    eta: 0:00:00  time: 0.1994  data_time: 0.0095  memory: 1533  
2026/03/26 04:22:35 - mmengine - INFO - Evaluating bbox...
2026/03/26 04:22:42 - mmengine - INFO - bbox_mAP_copypaste: 0.341 0.769 0.229 0.449 0.341 0.336
2026/03/26 04:22:43 - mmengine - INFO - Epoch(val) [28][100/100]    coco/bbox_mAP: 0.3410  coco/bbox_mAP_50: 0.7690  coco/bbox_mAP_75: 0.2290  coco/bbox_mAP_s: 0.4490  coco/bbox_mAP_m: 0.3410  coco/bbox_mAP_l: 0.3360  data_time: 0.0112  time: 0.2007
2026/03/26 04:24:18 - mmengine - INFO - Epoch(train) [29][ 50/238]  base_lr: 6.7434e-05 lr: 6.7434e-05  eta: 8:57:40  time: 1.9078  data_time: 0.0242  memory: 42375  grad_norm: 59.8726  loss: 2.7735  loss_cls: 0.0009  loss_bbox: 0.0318  loss_iou: 0.1800  d0.loss_cls: 0.0059  d0.loss_bbox: 0.0323  d0.loss_iou: 0.1831  d1.loss_cls: 0.0024  d1.loss_bbox: 0.0319  d1.loss_iou: 0.1806  d2.loss_cls: 0.0013  d2.loss_bbox: 0.0318  d2.loss_iou: 0.1801  d3.loss_cls: 0.0008  d3.loss_bbox: 0.0318  d3.loss_iou: 0.1800  d4.loss_cls: 0.0011  d4.loss_bbox: 0.0318  d4.loss_iou: 0.1799  enc_loss_cls: 0.0194  enc_loss_bbox: 0.0353  enc_loss_iou: 0.1973  dn_loss_cls: 0.0006  dn_loss_bbox: 0.0284  dn_loss_iou: 0.1675  d0.dn_loss_cls: 0.0055  d0.dn_loss_bbox: 0.0360  d0.dn_loss_iou: 0.2063  d1.dn_loss_cls: 0.0016  d1.dn_loss_bbox: 0.0289  d1.dn_loss_iou: 0.1698  d2.dn_loss_cls: 0.0009  d2.dn_loss_bbox: 0.0284  d2.dn_loss_iou: 0.1675  d3.dn_loss_cls: 0.0006  d3.dn_loss_bbox: 0.0283  d3.dn_loss_iou: 0.1674  d4.dn_loss_cls: 0.0006  d4.dn_loss_bbox: 0.0283  d4.dn_loss_iou: 0.1674
2026/03/26 04:25:52 - mmengine - INFO - Epoch(train) [29][100/238]  base_lr: 6.7434e-05 lr: 6.7434e-05  eta: 8:54:22  time: 1.8732  data_time: 0.0041  memory: 42375  grad_norm: 65.0726  loss: 2.7317  loss_cls: 0.0006  loss_bbox: 0.0305  loss_iou: 0.1762  d0.loss_cls: 0.0056  d0.loss_bbox: 0.0311  d0.loss_iou: 0.1788  d1.loss_cls: 0.0021  d1.loss_bbox: 0.0306  d1.loss_iou: 0.1766  d2.loss_cls: 0.0013  d2.loss_bbox: 0.0305  d2.loss_iou: 0.1760  d3.loss_cls: 0.0008  d3.loss_bbox: 0.0305  d3.loss_iou: 0.1760  d4.loss_cls: 0.0006  d4.loss_bbox: 0.0305  d4.loss_iou: 0.1762  enc_loss_cls: 0.0183  enc_loss_bbox: 0.0339  enc_loss_iou: 0.1914  dn_loss_cls: 0.0004  dn_loss_bbox: 0.0281  dn_loss_iou: 0.1674  d0.dn_loss_cls: 0.0051  d0.dn_loss_bbox: 0.0361  d0.dn_loss_iou: 0.2091  d1.dn_loss_cls: 0.0013  d1.dn_loss_bbox: 0.0287  d1.dn_loss_iou: 0.1698  d2.dn_loss_cls: 0.0006  d2.dn_loss_bbox: 0.0281  d2.dn_loss_iou: 0.1673  d3.dn_loss_cls: 0.0004  d3.dn_loss_bbox: 0.0281  d3.dn_loss_iou: 0.1672  d4.dn_loss_cls: 0.0003  d4.dn_loss_bbox: 0.0281  d4.dn_loss_iou: 0.1673
2026/03/26 04:27:28 - mmengine - INFO - Epoch(train) [29][150/238]  base_lr: 6.7434e-05 lr: 6.7434e-05  eta: 8:51:10  time: 1.9245  data_time: 0.0048  memory: 42375  grad_norm: 59.7667  loss: 2.7363  loss_cls: 0.0007  loss_bbox: 0.0312  loss_iou: 0.1773  d0.loss_cls: 0.0055  d0.loss_bbox: 0.0316  d0.loss_iou: 0.1803  d1.loss_cls: 0.0024  d1.loss_bbox: 0.0312  d1.loss_iou: 0.1771  d2.loss_cls: 0.0015  d2.loss_bbox: 0.0311  d2.loss_iou: 0.1771  d3.loss_cls: 0.0007  d3.loss_bbox: 0.0312  d3.loss_iou: 0.1772  d4.loss_cls: 0.0006  d4.loss_bbox: 0.0312  d4.loss_iou: 0.1772  enc_loss_cls: 0.0197  enc_loss_bbox: 0.0350  enc_loss_iou: 0.1955  dn_loss_cls: 0.0004  dn_loss_bbox: 0.0278  dn_loss_iou: 0.1660  d0.dn_loss_cls: 0.0049  d0.dn_loss_bbox: 0.0355  d0.dn_loss_iou: 0.2058  d1.dn_loss_cls: 0.0013  d1.dn_loss_bbox: 0.0283  d1.dn_loss_iou: 0.1681  d2.dn_loss_cls: 0.0008  d2.dn_loss_bbox: 0.0278  d2.dn_loss_iou: 0.1660  d3.dn_loss_cls: 0.0005  d3.dn_loss_bbox: 0.0278  d3.dn_loss_iou: 0.1658  d4.dn_loss_cls: 0.0004  d4.dn_loss_bbox: 0.0278  d4.dn_loss_iou: 0.1659
2026/03/26 04:29:14 - mmengine - INFO - Epoch(train) [29][200/238]  base_lr: 6.7434e-05 lr: 6.7434e-05  eta: 8:48:16  time: 2.1171  data_time: 0.0051  memory: 42375  grad_norm: 57.5085  loss: 2.7736  loss_cls: 0.0003  loss_bbox: 0.0317  loss_iou: 0.1802  d0.loss_cls: 0.0042  d0.loss_bbox: 0.0322  d0.loss_iou: 0.1834  d1.loss_cls: 0.0014  d1.loss_bbox: 0.0317  d1.loss_iou: 0.1804  d2.loss_cls: 0.0010  d2.loss_bbox: 0.0317  d2.loss_iou: 0.1798  d3.loss_cls: 0.0005  d3.loss_bbox: 0.0317  d3.loss_iou: 0.1800  d4.loss_cls: 0.0003  d4.loss_bbox: 0.0317  d4.loss_iou: 0.1802  enc_loss_cls: 0.0189  enc_loss_bbox: 0.0349  enc_loss_iou: 0.1976  dn_loss_cls: 0.0003  dn_loss_bbox: 0.0287  dn_loss_iou: 0.1683  d0.dn_loss_cls: 0.0051  d0.dn_loss_bbox: 0.0364  d0.dn_loss_iou: 0.2081  d1.dn_loss_cls: 0.0014  d1.dn_loss_bbox: 0.0291  d1.dn_loss_iou: 0.1704  d2.dn_loss_cls: 0.0008  d2.dn_loss_bbox: 0.0287  d2.dn_loss_iou: 0.1684  d3.dn_loss_cls: 0.0005  d3.dn_loss_bbox: 0.0287  d3.dn_loss_iou: 0.1682  d4.dn_loss_cls: 0.0003  d4.dn_loss_bbox: 0.0287  d4.dn_loss_iou: 0.1683
2026/03/26 04:30:22 - mmengine - INFO - Exp name: dino_4scale_r50_uatd_80e_pretrained_20260325_231646
2026/03/26 04:31:57 - mmengine - INFO - Epoch(train) [30][ 50/238]  base_lr: 6.6132e-05 lr: 6.6132e-05  eta: 8:42:33  time: 1.9141  data_time: 0.0784  memory: 42375  grad_norm: 64.2152  loss: 2.7195  loss_cls: 0.0004  loss_bbox: 0.0301  loss_iou: 0.1762  d0.loss_cls: 0.0045  d0.loss_bbox: 0.0307  d0.loss_iou: 0.1794  d1.loss_cls: 0.0016  d1.loss_bbox: 0.0302  d1.loss_iou: 0.1765  d2.loss_cls: 0.0008  d2.loss_bbox: 0.0301  d2.loss_iou: 0.1759  d3.loss_cls: 0.0006  d3.loss_bbox: 0.0301  d3.loss_iou: 0.1763  d4.loss_cls: 0.0004  d4.loss_bbox: 0.0301  d4.loss_iou: 0.1760  enc_loss_cls: 0.0179  enc_loss_bbox: 0.0331  enc_loss_iou: 0.1912  dn_loss_cls: 0.0003  dn_loss_bbox: 0.0279  dn_loss_iou: 0.1664  d0.dn_loss_cls: 0.0045  d0.dn_loss_bbox: 0.0362  d0.dn_loss_iou: 0.2102  d1.dn_loss_cls: 0.0011  d1.dn_loss_bbox: 0.0285  d1.dn_loss_iou: 0.1690  d2.dn_loss_cls: 0.0006  d2.dn_loss_bbox: 0.0279  d2.dn_loss_iou: 0.1662  d3.dn_loss_cls: 0.0003  d3.dn_loss_bbox: 0.0278  d3.dn_loss_iou: 0.1662  d4.dn_loss_cls: 0.0003  d4.dn_loss_bbox: 0.0278  d4.dn_loss_iou: 0.1662
2026/03/26 04:33:24 - mmengine - INFO - Exp name: dino_4scale_r50_uatd_80e_pretrained_20260325_231646
2026/03/26 04:33:28 - mmengine - INFO - Epoch(train) [30][100/238]  base_lr: 6.6132e-05 lr: 6.6132e-05  eta: 8:39:16  time: 1.8128  data_time: 0.0043  memory: 42375  grad_norm: 60.8583  loss: 2.6307  loss_cls: 0.0002  loss_bbox: 0.0298  loss_iou: 0.1703  d0.loss_cls: 0.0075  d0.loss_bbox: 0.0303  d0.loss_iou: 0.1730  d1.loss_cls: 0.0011  d1.loss_bbox: 0.0298  d1.loss_iou: 0.1704  d2.loss_cls: 0.0007  d2.loss_bbox: 0.0298  d2.loss_iou: 0.1699  d3.loss_cls: 0.0003  d3.loss_bbox: 0.0298  d3.loss_iou: 0.1701  d4.loss_cls: 0.0002  d4.loss_bbox: 0.0298  d4.loss_iou: 0.1702  enc_loss_cls: 0.0181  enc_loss_bbox: 0.0335  enc_loss_iou: 0.1865  dn_loss_cls: 0.0003  dn_loss_bbox: 0.0267  dn_loss_iou: 0.1605  d0.dn_loss_cls: 0.0047  d0.dn_loss_bbox: 0.0343  d0.dn_loss_iou: 0.1992  d1.dn_loss_cls: 0.0010  d1.dn_loss_bbox: 0.0273  d1.dn_loss_iou: 0.1628  d2.dn_loss_cls: 0.0005  d2.dn_loss_bbox: 0.0268  d2.dn_loss_iou: 0.1605  d3.dn_loss_cls: 0.0003  d3.dn_loss_bbox: 0.0267  d3.dn_loss_iou: 0.1604  d4.dn_loss_cls: 0.0003  d4.dn_loss_bbox: 0.0267  d4.dn_loss_iou: 0.1604
2026/03/26 04:35:02 - mmengine - INFO - Epoch(train) [30][150/238]  base_lr: 6.6132e-05 lr: 6.6132e-05  eta: 8:36:06  time: 1.8763  data_time: 0.0041  memory: 42426  grad_norm: 60.0095  loss: 2.6713  loss_cls: 0.0001  loss_bbox: 0.0307  loss_iou: 0.1731  d0.loss_cls: 0.0049  d0.loss_bbox: 0.0314  d0.loss_iou: 0.1757  d1.loss_cls: 0.0018  d1.loss_bbox: 0.0308  d1.loss_iou: 0.1730  d2.loss_cls: 0.0008  d2.loss_bbox: 0.0307  d2.loss_iou: 0.1729  d3.loss_cls: 0.0004  d3.loss_bbox: 0.0307  d3.loss_iou: 0.1731  d4.loss_cls: 0.0002  d4.loss_bbox: 0.0307  d4.loss_iou: 0.1732  enc_loss_cls: 0.0187  enc_loss_bbox: 0.0344  enc_loss_iou: 0.1905  dn_loss_cls: 0.0003  dn_loss_bbox: 0.0273  dn_loss_iou: 0.1620  d0.dn_loss_cls: 0.0053  d0.dn_loss_bbox: 0.0348  d0.dn_loss_iou: 0.2014  d1.dn_loss_cls: 0.0013  d1.dn_loss_bbox: 0.0278  d1.dn_loss_iou: 0.1642  d2.dn_loss_cls: 0.0007  d2.dn_loss_bbox: 0.0273  d2.dn_loss_iou: 0.1620  d3.dn_loss_cls: 0.0004  d3.dn_loss_bbox: 0.0273  d3.dn_loss_iou: 0.1619  d4.dn_loss_cls: 0.0004  d4.dn_loss_bbox: 0.0273  d4.dn_loss_iou: 0.1619
2026/03/26 04:36:36 - mmengine - INFO - Epoch(train) [30][200/238]  base_lr: 6.6132e-05 lr: 6.6132e-05  eta: 8:32:58  time: 1.8741  data_time: 0.0038  memory: 42375  grad_norm: 57.6979  loss: 2.6228  loss_cls: 0.0006  loss_bbox: 0.0292  loss_iou: 0.1686  d0.loss_cls: 0.0074  d0.loss_bbox: 0.0298  d0.loss_iou: 0.1711  d1.loss_cls: 0.0032  d1.loss_bbox: 0.0293  d1.loss_iou: 0.1682  d2.loss_cls: 0.0019  d2.loss_bbox: 0.0292  d2.loss_iou: 0.1681  d3.loss_cls: 0.0010  d3.loss_bbox: 0.0292  d3.loss_iou: 0.1685  d4.loss_cls: 0.0007  d4.loss_bbox: 0.0292  d4.loss_iou: 0.1685  enc_loss_cls: 0.0188  enc_loss_bbox: 0.0326  enc_loss_iou: 0.1844  dn_loss_cls: 0.0005  dn_loss_bbox: 0.0273  dn_loss_iou: 0.1600  d0.dn_loss_cls: 0.0053  d0.dn_loss_bbox: 0.0349  d0.dn_loss_iou: 0.1995  d1.dn_loss_cls: 0.0016  d1.dn_loss_bbox: 0.0278  d1.dn_loss_iou: 0.1619  d2.dn_loss_cls: 0.0010  d2.dn_loss_bbox: 0.0274  d2.dn_loss_iou: 0.1602  d3.dn_loss_cls: 0.0007  d3.dn_loss_bbox: 0.0273  d3.dn_loss_iou: 0.1599  d4.dn_loss_cls: 0.0006  d4.dn_loss_bbox: 0.0273  d4.dn_loss_iou: 0.1600
2026/03/26 04:37:42 - mmengine - INFO - Exp name: dino_4scale_r50_uatd_80e_pretrained_20260325_231646
2026/03/26 04:37:52 - mmengine - INFO - Epoch(val) [30][ 50/100]    eta: 0:00:10  time: 0.2047  data_time: 0.0150  memory: 42375  
2026/03/26 04:38:02 - mmengine - INFO - Epoch(val) [30][100/100]    eta: 0:00:00  time: 0.1996  data_time: 0.0091  memory: 1533  
2026/03/26 04:38:05 - mmengine - INFO - Evaluating bbox...
2026/03/26 04:38:12 - mmengine - INFO - bbox_mAP_copypaste: 0.344 0.793 0.236 0.484 0.348 0.310
2026/03/26 04:38:12 - mmengine - INFO - Epoch(val) [30][100/100]    coco/bbox_mAP: 0.3440  coco/bbox_mAP_50: 0.7930  coco/bbox_mAP_75: 0.2360  coco/bbox_mAP_s: 0.4840  coco/bbox_mAP_m: 0.3480  coco/bbox_mAP_l: 0.3100  data_time: 0.0120  time: 0.2019
2026/03/26 04:39:48 - mmengine - INFO - Epoch(train) [31][ 50/238]  base_lr: 6.4829e-05 lr: 6.4829e-05  eta: 8:27:23  time: 1.9110  data_time: 0.0245  memory: 42426  grad_norm: 58.2862  loss: 2.5093  loss_cls: 0.0003  loss_bbox: 0.0277  loss_iou: 0.1619  d0.loss_cls: 0.0039  d0.loss_bbox: 0.0282  d0.loss_iou: 0.1643  d1.loss_cls: 0.0015  d1.loss_bbox: 0.0278  d1.loss_iou: 0.1625  d2.loss_cls: 0.0009  d2.loss_bbox: 0.0277  d2.loss_iou: 0.1620  d3.loss_cls: 0.0005  d3.loss_bbox: 0.0277  d3.loss_iou: 0.1621  d4.loss_cls: 0.0004  d4.loss_bbox: 0.0277  d4.loss_iou: 0.1621  enc_loss_cls: 0.0175  enc_loss_bbox: 0.0313  enc_loss_iou: 0.1784  dn_loss_cls: 0.0003  dn_loss_bbox: 0.0258  dn_loss_iou: 0.1540  d0.dn_loss_cls: 0.0044  d0.dn_loss_bbox: 0.0329  d0.dn_loss_iou: 0.1920  d1.dn_loss_cls: 0.0011  d1.dn_loss_bbox: 0.0262  d1.dn_loss_iou: 0.1560  d2.dn_loss_cls: 0.0006  d2.dn_loss_bbox: 0.0258  d2.dn_loss_iou: 0.1540  d3.dn_loss_cls: 0.0004  d3.dn_loss_bbox: 0.0258  d3.dn_loss_iou: 0.1539  d4.dn_loss_cls: 0.0003  d4.dn_loss_bbox: 0.0258  d4.dn_loss_iou: 0.1539
2026/03/26 04:41:54 - mmengine - INFO - Epoch(train) [31][100/238]  base_lr: 6.4829e-05 lr: 6.4829e-05  eta: 8:25:11  time: 2.5213  data_time: 0.0064  memory: 42375  grad_norm: 57.7149  loss: 2.5074  loss_cls: 0.0002  loss_bbox: 0.0287  loss_iou: 0.1626  d0.loss_cls: 0.0026  d0.loss_bbox: 0.0292  d0.loss_iou: 0.1649  d1.loss_cls: 0.0011  d1.loss_bbox: 0.0287  d1.loss_iou: 0.1628  d2.loss_cls: 0.0006  d2.loss_bbox: 0.0287  d2.loss_iou: 0.1626  d3.loss_cls: 0.0004  d3.loss_bbox: 0.0287  d3.loss_iou: 0.1625  d4.loss_cls: 0.0003  d4.loss_bbox: 0.0287  d4.loss_iou: 0.1626  enc_loss_cls: 0.0166  enc_loss_bbox: 0.0318  enc_loss_iou: 0.1771  dn_loss_cls: 0.0002  dn_loss_bbox: 0.0257  dn_loss_iou: 0.1530  d0.dn_loss_cls: 0.0043  d0.dn_loss_bbox: 0.0330  d0.dn_loss_iou: 0.1916  d1.dn_loss_cls: 0.0009  d1.dn_loss_bbox: 0.0260  d1.dn_loss_iou: 0.1547  d2.dn_loss_cls: 0.0005  d2.dn_loss_bbox: 0.0256  d2.dn_loss_iou: 0.1529  d3.dn_loss_cls: 0.0003  d3.dn_loss_bbox: 0.0256  d3.dn_loss_iou: 0.1529  d4.dn_loss_cls: 0.0003  d4.dn_loss_bbox: 0.0257  d4.dn_loss_iou: 0.1530
2026/03/26 04:43:33 - mmengine - INFO - Epoch(train) [31][150/238]  base_lr: 6.4829e-05 lr: 6.4829e-05  eta: 8:22:15  time: 1.9816  data_time: 0.0044  memory: 42375  grad_norm: 61.6570  loss: 2.6376  loss_cls: 0.0012  loss_bbox: 0.0298  loss_iou: 0.1699  d0.loss_cls: 0.0050  d0.loss_bbox: 0.0305  d0.loss_iou: 0.1725  d1.loss_cls: 0.0026  d1.loss_bbox: 0.0299  d1.loss_iou: 0.1705  d2.loss_cls: 0.0016  d2.loss_bbox: 0.0298  d2.loss_iou: 0.1698  d3.loss_cls: 0.0012  d3.loss_bbox: 0.0298  d3.loss_iou: 0.1698  d4.loss_cls: 0.0012  d4.loss_bbox: 0.0298  d4.loss_iou: 0.1698  enc_loss_cls: 0.0193  enc_loss_bbox: 0.0330  enc_loss_iou: 0.1857  dn_loss_cls: 0.0004  dn_loss_bbox: 0.0273  dn_loss_iou: 0.1598  d0.dn_loss_cls: 0.0051  d0.dn_loss_bbox: 0.0356  d0.dn_loss_iou: 0.2019  d1.dn_loss_cls: 0.0015  d1.dn_loss_bbox: 0.0278  d1.dn_loss_iou: 0.1623  d2.dn_loss_cls: 0.0009  d2.dn_loss_bbox: 0.0273  d2.dn_loss_iou: 0.1598  d3.dn_loss_cls: 0.0006  d3.dn_loss_bbox: 0.0273  d3.dn_loss_iou: 0.1597  d4.dn_loss_cls: 0.0005  d4.dn_loss_bbox: 0.0273  d4.dn_loss_iou: 0.1597
2026/03/26 04:45:05 - mmengine - INFO - Epoch(train) [31][200/238]  base_lr: 6.4829e-05 lr: 6.4829e-05  eta: 8:19:09  time: 1.8342  data_time: 0.0037  memory: 42375  grad_norm: 59.5923  loss: 2.6877  loss_cls: 0.0007  loss_bbox: 0.0308  loss_iou: 0.1729  d0.loss_cls: 0.0049  d0.loss_bbox: 0.0312  d0.loss_iou: 0.1756  d1.loss_cls: 0.0021  d1.loss_bbox: 0.0308  d1.loss_iou: 0.1733  d2.loss_cls: 0.0011  d2.loss_bbox: 0.0308  d2.loss_iou: 0.1730  d3.loss_cls: 0.0008  d3.loss_bbox: 0.0308  d3.loss_iou: 0.1729  d4.loss_cls: 0.0006  d4.loss_bbox: 0.0308  d4.loss_iou: 0.1730  enc_loss_cls: 0.0185  enc_loss_bbox: 0.0337  enc_loss_iou: 0.1877  dn_loss_cls: 0.0005  dn_loss_bbox: 0.0283  dn_loss_iou: 0.1634  d0.dn_loss_cls: 0.0050  d0.dn_loss_bbox: 0.0364  d0.dn_loss_iou: 0.2048  d1.dn_loss_cls: 0.0015  d1.dn_loss_bbox: 0.0288  d1.dn_loss_iou: 0.1660  d2.dn_loss_cls: 0.0009  d2.dn_loss_bbox: 0.0283  d2.dn_loss_iou: 0.1635  d3.dn_loss_cls: 0.0005  d3.dn_loss_bbox: 0.0283  d3.dn_loss_iou: 0.1633  d4.dn_loss_cls: 0.0005  d4.dn_loss_bbox: 0.0283  d4.dn_loss_iou: 0.1633
2026/03/26 04:46:11 - mmengine - INFO - Exp name: dino_4scale_r50_uatd_80e_pretrained_20260325_231646
2026/03/26 04:47:44 - mmengine - INFO - Epoch(train) [32][ 50/238]  base_lr: 6.3526e-05 lr: 6.3526e-05  eta: 8:13:41  time: 1.8725  data_time: 0.0177  memory: 42375  grad_norm: 67.4931  loss: 2.5038  loss_cls: 0.0004  loss_bbox: 0.0274  loss_iou: 0.1615  d0.loss_cls: 0.0050  d0.loss_bbox: 0.0280  d0.loss_iou: 0.1646  d1.loss_cls: 0.0015  d1.loss_bbox: 0.0274  d1.loss_iou: 0.1615  d2.loss_cls: 0.0009  d2.loss_bbox: 0.0273  d2.loss_iou: 0.1611  d3.loss_cls: 0.0006  d3.loss_bbox: 0.0273  d3.loss_iou: 0.1613  d4.loss_cls: 0.0005  d4.loss_bbox: 0.0274  d4.loss_iou: 0.1613  enc_loss_cls: 0.0165  enc_loss_bbox: 0.0309  enc_loss_iou: 0.1773  dn_loss_cls: 0.0004  dn_loss_bbox: 0.0256  dn_loss_iou: 0.1539  d0.dn_loss_cls: 0.0043  d0.dn_loss_bbox: 0.0332  d0.dn_loss_iou: 0.1941  d1.dn_loss_cls: 0.0010  d1.dn_loss_bbox: 0.0261  d1.dn_loss_iou: 0.1560  d2.dn_loss_cls: 0.0006  d2.dn_loss_bbox: 0.0256  d2.dn_loss_iou: 0.1537  d3.dn_loss_cls: 0.0004  d3.dn_loss_bbox: 0.0256  d3.dn_loss_iou: 0.1537  d4.dn_loss_cls: 0.0004  d4.dn_loss_bbox: 0.0256  d4.dn_loss_iou: 0.1538
2026/03/26 04:49:14 - mmengine - INFO - Epoch(train) [32][100/238]  base_lr: 6.3526e-05 lr: 6.3526e-05  eta: 8:10:35  time: 1.7938  data_time: 0.0038  memory: 42375  grad_norm: 60.1036  loss: 2.5507  loss_cls: 0.0003  loss_bbox: 0.0284  loss_iou: 0.1662  d0.loss_cls: 0.0038  d0.loss_bbox: 0.0288  d0.loss_iou: 0.1677  d1.loss_cls: 0.0016  d1.loss_bbox: 0.0284  d1.loss_iou: 0.1659  d2.loss_cls: 0.0009  d2.loss_bbox: 0.0284  d2.loss_iou: 0.1659  d3.loss_cls: 0.0005  d3.loss_bbox: 0.0284  d3.loss_iou: 0.1659  d4.loss_cls: 0.0003  d4.loss_bbox: 0.0284  d4.loss_iou: 0.1660  enc_loss_cls: 0.0176  enc_loss_bbox: 0.0310  enc_loss_iou: 0.1786  dn_loss_cls: 0.0005  dn_loss_bbox: 0.0261  dn_loss_iou: 0.1557  d0.dn_loss_cls: 0.0048  d0.dn_loss_bbox: 0.0334  d0.dn_loss_iou: 0.1943  d1.dn_loss_cls: 0.0014  d1.dn_loss_bbox: 0.0266  d1.dn_loss_iou: 0.1578  d2.dn_loss_cls: 0.0008  d2.dn_loss_bbox: 0.0261  d2.dn_loss_iou: 0.1557  d3.dn_loss_cls: 0.0006  d3.dn_loss_bbox: 0.0261  d3.dn_loss_iou: 0.1555  d4.dn_loss_cls: 0.0005  d4.dn_loss_bbox: 0.0261  d4.dn_loss_iou: 0.1556
2026/03/26 04:50:45 - mmengine - INFO - Epoch(train) [32][150/238]  base_lr: 6.3526e-05 lr: 6.3526e-05  eta: 8:07:32  time: 1.8202  data_time: 0.0037  memory: 42375  grad_norm: 56.6617  loss: 2.5358  loss_cls: 0.0003  loss_bbox: 0.0285  loss_iou: 0.1639  d0.loss_cls: 0.0034  d0.loss_bbox: 0.0291  d0.loss_iou: 0.1667  d1.loss_cls: 0.0014  d1.loss_bbox: 0.0286  d1.loss_iou: 0.1646  d2.loss_cls: 0.0008  d2.loss_bbox: 0.0285  d2.loss_iou: 0.1641  d3.loss_cls: 0.0005  d3.loss_bbox: 0.0285  d3.loss_iou: 0.1639  d4.loss_cls: 0.0004  d4.loss_bbox: 0.0285  d4.loss_iou: 0.1639  enc_loss_cls: 0.0163  enc_loss_bbox: 0.0322  enc_loss_iou: 0.1799  dn_loss_cls: 0.0003  dn_loss_bbox: 0.0258  dn_loss_iou: 0.1552  d0.dn_loss_cls: 0.0046  d0.dn_loss_bbox: 0.0333  d0.dn_loss_iou: 0.1940  d1.dn_loss_cls: 0.0012  d1.dn_loss_bbox: 0.0262  d1.dn_loss_iou: 0.1571  d2.dn_loss_cls: 0.0006  d2.dn_loss_bbox: 0.0258  d2.dn_loss_iou: 0.1553  d3.dn_loss_cls: 0.0004  d3.dn_loss_bbox: 0.0258  d3.dn_loss_iou: 0.1551  d4.dn_loss_cls: 0.0003  d4.dn_loss_bbox: 0.0258  d4.dn_loss_iou: 0.1551
2026/03/26 04:52:15 - mmengine - INFO - Epoch(train) [32][200/238]  base_lr: 6.3526e-05 lr: 6.3526e-05  eta: 8:04:29  time: 1.8022  data_time: 0.0033  memory: 42375  grad_norm: 61.6691  loss: 2.5170  loss_cls: 0.0007  loss_bbox: 0.0279  loss_iou: 0.1613  d0.loss_cls: 0.0061  d0.loss_bbox: 0.0285  d0.loss_iou: 0.1652  d1.loss_cls: 0.0029  d1.loss_bbox: 0.0280  d1.loss_iou: 0.1616  d2.loss_cls: 0.0016  d2.loss_bbox: 0.0279  d2.loss_iou: 0.1611  d3.loss_cls: 0.0012  d3.loss_bbox: 0.0279  d3.loss_iou: 0.1612  d4.loss_cls: 0.0008  d4.loss_bbox: 0.0279  d4.loss_iou: 0.1612  enc_loss_cls: 0.0178  enc_loss_bbox: 0.0314  enc_loss_iou: 0.1772  dn_loss_cls: 0.0007  dn_loss_bbox: 0.0261  dn_loss_iou: 0.1537  d0.dn_loss_cls: 0.0047  d0.dn_loss_bbox: 0.0339  d0.dn_loss_iou: 0.1931  d1.dn_loss_cls: 0.0015  d1.dn_loss_bbox: 0.0266  d1.dn_loss_iou: 0.1558  d2.dn_loss_cls: 0.0009  d2.dn_loss_bbox: 0.0261  d2.dn_loss_iou: 0.1537  d3.dn_loss_cls: 0.0007  d3.dn_loss_bbox: 0.0260  d3.dn_loss_iou: 0.1536  d4.dn_loss_cls: 0.0007  d4.dn_loss_bbox: 0.0260  d4.dn_loss_iou: 0.1536
2026/03/26 04:53:21 - mmengine - INFO - Exp name: dino_4scale_r50_uatd_80e_pretrained_20260325_231646
2026/03/26 04:53:32 - mmengine - INFO - Epoch(val) [32][ 50/100]    eta: 0:00:10  time: 0.2045  data_time: 0.0128  memory: 42426  
2026/03/26 04:53:42 - mmengine - INFO - Epoch(val) [32][100/100]    eta: 0:00:00  time: 0.1996  data_time: 0.0091  memory: 1533  
2026/03/26 04:53:44 - mmengine - INFO - Evaluating bbox...
2026/03/26 04:53:51 - mmengine - INFO - bbox_mAP_copypaste: 0.346 0.807 0.236 0.476 0.346 0.337
2026/03/26 04:53:51 - mmengine - INFO - Epoch(val) [32][100/100]    coco/bbox_mAP: 0.3460  coco/bbox_mAP_50: 0.8070  coco/bbox_mAP_75: 0.2360  coco/bbox_mAP_s: 0.4760  coco/bbox_mAP_m: 0.3460  coco/bbox_mAP_l: 0.3370  data_time: 0.0109  time: 0.2019
2026/03/26 04:55:23 - mmengine - INFO - Epoch(train) [33][ 50/238]  base_lr: 6.2224e-05 lr: 6.2224e-05  eta: 7:59:09  time: 1.8358  data_time: 0.0179  memory: 42375  grad_norm: 56.6133  loss: 2.3917  loss_cls: 0.0002  loss_bbox: 0.0266  loss_iou: 0.1538  d0.loss_cls: 0.0034  d0.loss_bbox: 0.0271  d0.loss_iou: 0.1568  d1.loss_cls: 0.0012  d1.loss_bbox: 0.0266  d1.loss_iou: 0.1536  d2.loss_cls: 0.0005  d2.loss_bbox: 0.0265  d2.loss_iou: 0.1538  d3.loss_cls: 0.0004  d3.loss_bbox: 0.0265  d3.loss_iou: 0.1536  d4.loss_cls: 0.0003  d4.loss_bbox: 0.0265  d4.loss_iou: 0.1537  enc_loss_cls: 0.0161  enc_loss_bbox: 0.0295  enc_loss_iou: 0.1680  dn_loss_cls: 0.0004  dn_loss_bbox: 0.0247  dn_loss_iou: 0.1468  d0.dn_loss_cls: 0.0043  d0.dn_loss_bbox: 0.0328  d0.dn_loss_iou: 0.1879  d1.dn_loss_cls: 0.0010  d1.dn_loss_bbox: 0.0251  d1.dn_loss_iou: 0.1485  d2.dn_loss_cls: 0.0005  d2.dn_loss_bbox: 0.0247  d2.dn_loss_iou: 0.1467  d3.dn_loss_cls: 0.0004  d3.dn_loss_bbox: 0.0247  d3.dn_loss_iou: 0.1467  d4.dn_loss_cls: 0.0004  d4.dn_loss_bbox: 0.0247  d4.dn_loss_iou: 0.1468
2026/03/26 04:56:53 - mmengine - INFO - Epoch(train) [33][100/238]  base_lr: 6.2224e-05 lr: 6.2224e-05  eta: 7:56:10  time: 1.8045  data_time: 0.0036  memory: 42375  grad_norm: 68.4963  loss: 2.4539  loss_cls: 0.0002  loss_bbox: 0.0269  loss_iou: 0.1585  d0.loss_cls: 0.0050  d0.loss_bbox: 0.0276  d0.loss_iou: 0.1612  d1.loss_cls: 0.0020  d1.loss_bbox: 0.0269  d1.loss_iou: 0.1582  d2.loss_cls: 0.0009  d2.loss_bbox: 0.0268  d2.loss_iou: 0.1580  d3.loss_cls: 0.0004  d3.loss_bbox: 0.0268  d3.loss_iou: 0.1581  d4.loss_cls: 0.0003  d4.loss_bbox: 0.0268  d4.loss_iou: 0.1583  enc_loss_cls: 0.0173  enc_loss_bbox: 0.0310  enc_loss_iou: 0.1767  dn_loss_cls: 0.0004  dn_loss_bbox: 0.0248  dn_loss_iou: 0.1500  d0.dn_loss_cls: 0.0043  d0.dn_loss_bbox: 0.0324  d0.dn_loss_iou: 0.1903  d1.dn_loss_cls: 0.0011  d1.dn_loss_bbox: 0.0252  d1.dn_loss_iou: 0.1519  d2.dn_loss_cls: 0.0006  d2.dn_loss_bbox: 0.0248  d2.dn_loss_iou: 0.1498  d3.dn_loss_cls: 0.0004  d3.dn_loss_bbox: 0.0248  d3.dn_loss_iou: 0.1498  d4.dn_loss_cls: 0.0004  d4.dn_loss_bbox: 0.0248  d4.dn_loss_iou: 0.1499
2026/03/26 04:58:24 - mmengine - INFO - Epoch(train) [33][150/238]  base_lr: 6.2224e-05 lr: 6.2224e-05  eta: 7:53:13  time: 1.8274  data_time: 0.0038  memory: 42375  grad_norm: 65.9529  loss: 2.4686  loss_cls: 0.0012  loss_bbox: 0.0282  loss_iou: 0.1582  d0.loss_cls: 0.0065  d0.loss_bbox: 0.0288  d0.loss_iou: 0.1602  d1.loss_cls: 0.0027  d1.loss_bbox: 0.0283  d1.loss_iou: 0.1584  d2.loss_cls: 0.0013  d2.loss_bbox: 0.0282  d2.loss_iou: 0.1579  d3.loss_cls: 0.0011  d3.loss_bbox: 0.0282  d3.loss_iou: 0.1580  d4.loss_cls: 0.0011  d4.loss_bbox: 0.0282  d4.loss_iou: 0.1581  enc_loss_cls: 0.0172  enc_loss_bbox: 0.0317  enc_loss_iou: 0.1739  dn_loss_cls: 0.0004  dn_loss_bbox: 0.0253  dn_loss_iou: 0.1503  d0.dn_loss_cls: 0.0049  d0.dn_loss_bbox: 0.0330  d0.dn_loss_iou: 0.1902  d1.dn_loss_cls: 0.0014  d1.dn_loss_bbox: 0.0257  d1.dn_loss_iou: 0.1523  d2.dn_loss_cls: 0.0007  d2.dn_loss_bbox: 0.0253  d2.dn_loss_iou: 0.1501  d3.dn_loss_cls: 0.0005  d3.dn_loss_bbox: 0.0253  d3.dn_loss_iou: 0.1501  d4.dn_loss_cls: 0.0004  d4.dn_loss_bbox: 0.0253  d4.dn_loss_iou: 0.1502
2026/03/26 04:59:57 - mmengine - INFO - Epoch(train) [33][200/238]  base_lr: 6.2224e-05 lr: 6.2224e-05  eta: 7:50:19  time: 1.8501  data_time: 0.0038  memory: 42375  grad_norm: 70.5891  loss: 2.4386  loss_cls: 0.0003  loss_bbox: 0.0270  loss_iou: 0.1577  d0.loss_cls: 0.0053  d0.loss_bbox: 0.0276  d0.loss_iou: 0.1601  d1.loss_cls: 0.0015  d1.loss_bbox: 0.0271  d1.loss_iou: 0.1579  d2.loss_cls: 0.0009  d2.loss_bbox: 0.0270  d2.loss_iou: 0.1573  d3.loss_cls: 0.0005  d3.loss_bbox: 0.0270  d3.loss_iou: 0.1575  d4.loss_cls: 0.0004  d4.loss_bbox: 0.0270  d4.loss_iou: 0.1575  enc_loss_cls: 0.0151  enc_loss_bbox: 0.0302  enc_loss_iou: 0.1730  dn_loss_cls: 0.0004  dn_loss_bbox: 0.0247  dn_loss_iou: 0.1493  d0.dn_loss_cls: 0.0045  d0.dn_loss_bbox: 0.0322  d0.dn_loss_iou: 0.1891  d1.dn_loss_cls: 0.0013  d1.dn_loss_bbox: 0.0251  d1.dn_loss_iou: 0.1513  d2.dn_loss_cls: 0.0007  d2.dn_loss_bbox: 0.0247  d2.dn_loss_iou: 0.1491  d3.dn_loss_cls: 0.0005  d3.dn_loss_bbox: 0.0246  d3.dn_loss_iou: 0.1490  d4.dn_loss_cls: 0.0004  d4.dn_loss_bbox: 0.0246  d4.dn_loss_iou: 0.1491
2026/03/26 05:01:04 - mmengine - INFO - Exp name: dino_4scale_r50_uatd_80e_pretrained_20260325_231646
2026/03/26 05:02:38 - mmengine - INFO - Epoch(train) [34][ 50/238]  base_lr: 6.0921e-05 lr: 6.0921e-05  eta: 7:45:14  time: 1.8863  data_time: 0.0181  memory: 42375  grad_norm: 69.3837  loss: 2.3526  loss_cls: 0.0005  loss_bbox: 0.0259  loss_iou: 0.1508  d0.loss_cls: 0.0044  d0.loss_bbox: 0.0267  d0.loss_iou: 0.1545  d1.loss_cls: 0.0015  d1.loss_bbox: 0.0261  d1.loss_iou: 0.1513  d2.loss_cls: 0.0007  d2.loss_bbox: 0.0259  d2.loss_iou: 0.1509  d3.loss_cls: 0.0004  d3.loss_bbox: 0.0259  d3.loss_iou: 0.1506  d4.loss_cls: 0.0005  d4.loss_bbox: 0.0259  d4.loss_iou: 0.1507  enc_loss_cls: 0.0164  enc_loss_bbox: 0.0300  enc_loss_iou: 0.1683  dn_loss_cls: 0.0004  dn_loss_bbox: 0.0239  dn_loss_iou: 0.1437  d0.dn_loss_cls: 0.0045  d0.dn_loss_bbox: 0.0320  d0.dn_loss_iou: 0.1849  d1.dn_loss_cls: 0.0012  d1.dn_loss_bbox: 0.0244  d1.dn_loss_iou: 0.1458  d2.dn_loss_cls: 0.0007  d2.dn_loss_bbox: 0.0239  d2.dn_loss_iou: 0.1437  d3.dn_loss_cls: 0.0005  d3.dn_loss_bbox: 0.0239  d3.dn_loss_iou: 0.1435  d4.dn_loss_cls: 0.0004  d4.dn_loss_bbox: 0.0239  d4.dn_loss_iou: 0.1436
2026/03/26 05:04:13 - mmengine - INFO - Epoch(train) [34][100/238]  base_lr: 6.0921e-05 lr: 6.0921e-05  eta: 7:42:25  time: 1.8872  data_time: 0.0039  memory: 42375  grad_norm: 66.6016  loss: 2.3770  loss_cls: 0.0004  loss_bbox: 0.0260  loss_iou: 0.1530  d0.loss_cls: 0.0047  d0.loss_bbox: 0.0265  d0.loss_iou: 0.1553  d1.loss_cls: 0.0019  d1.loss_bbox: 0.0260  d1.loss_iou: 0.1534  d2.loss_cls: 0.0008  d2.loss_bbox: 0.0260  d2.loss_iou: 0.1531  d3.loss_cls: 0.0005  d3.loss_bbox: 0.0259  d3.loss_iou: 0.1529  d4.loss_cls: 0.0004  d4.loss_bbox: 0.0259  d4.loss_iou: 0.1530  enc_loss_cls: 0.0164  enc_loss_bbox: 0.0291  enc_loss_iou: 0.1669  dn_loss_cls: 0.0003  dn_loss_bbox: 0.0245  dn_loss_iou: 0.1458  d0.dn_loss_cls: 0.0042  d0.dn_loss_bbox: 0.0322  d0.dn_loss_iou: 0.1862  d1.dn_loss_cls: 0.0011  d1.dn_loss_bbox: 0.0249  d1.dn_loss_iou: 0.1479  d2.dn_loss_cls: 0.0006  d2.dn_loss_bbox: 0.0245  d2.dn_loss_iou: 0.1459  d3.dn_loss_cls: 0.0004  d3.dn_loss_bbox: 0.0244  d3.dn_loss_iou: 0.1456  d4.dn_loss_cls: 0.0002  d4.dn_loss_bbox: 0.0245  d4.dn_loss_iou: 0.1457
2026/03/26 05:05:58 - mmengine - INFO - Exp name: dino_4scale_r50_uatd_80e_pretrained_20260325_231646
2026/03/26 05:06:07 - mmengine - INFO - Epoch(train) [34][150/238]  base_lr: 6.0921e-05 lr: 6.0921e-05  eta: 7:40:06  time: 2.2956  data_time: 0.0058  memory: 42375  grad_norm: 63.3007  loss: 2.3963  loss_cls: 0.0003  loss_bbox: 0.0268  loss_iou: 0.1542  d0.loss_cls: 0.0057  d0.loss_bbox: 0.0272  d0.loss_iou: 0.1565  d1.loss_cls: 0.0027  d1.loss_bbox: 0.0267  d1.loss_iou: 0.1542  d2.loss_cls: 0.0012  d2.loss_bbox: 0.0267  d2.loss_iou: 0.1541  d3.loss_cls: 0.0007  d3.loss_bbox: 0.0267  d3.loss_iou: 0.1539  d4.loss_cls: 0.0005  d4.loss_bbox: 0.0267  d4.loss_iou: 0.1540  enc_loss_cls: 0.0156  enc_loss_bbox: 0.0299  enc_loss_iou: 0.1683  dn_loss_cls: 0.0003  dn_loss_bbox: 0.0247  dn_loss_iou: 0.1468  d0.dn_loss_cls: 0.0049  d0.dn_loss_bbox: 0.0319  d0.dn_loss_iou: 0.1844  d1.dn_loss_cls: 0.0015  d1.dn_loss_bbox: 0.0251  d1.dn_loss_iou: 0.1484  d2.dn_loss_cls: 0.0008  d2.dn_loss_bbox: 0.0247  d2.dn_loss_iou: 0.1466  d3.dn_loss_cls: 0.0005  d3.dn_loss_bbox: 0.0247  d3.dn_loss_iou: 0.1465  d4.dn_loss_cls: 0.0004  d4.dn_loss_bbox: 0.0247  d4.dn_loss_iou: 0.1467
2026/03/26 05:08:24 - mmengine - INFO - Epoch(train) [34][200/238]  base_lr: 6.0921e-05 lr: 6.0921e-05  eta: 7:38:16  time: 2.7238  data_time: 0.0077  memory: 42375  grad_norm: 60.5161  loss: 2.3697  loss_cls: 0.0004  loss_bbox: 0.0262  loss_iou: 0.1531  d0.loss_cls: 0.0032  d0.loss_bbox: 0.0267  d0.loss_iou: 0.1556  d1.loss_cls: 0.0010  d1.loss_bbox: 0.0263  d1.loss_iou: 0.1535  d2.loss_cls: 0.0008  d2.loss_bbox: 0.0262  d2.loss_iou: 0.1531  d3.loss_cls: 0.0006  d3.loss_bbox: 0.0262  d3.loss_iou: 0.1531  d4.loss_cls: 0.0005  d4.loss_bbox: 0.0262  d4.loss_iou: 0.1531  enc_loss_cls: 0.0155  enc_loss_bbox: 0.0291  enc_loss_iou: 0.1685  dn_loss_cls: 0.0004  dn_loss_bbox: 0.0240  dn_loss_iou: 0.1448  d0.dn_loss_cls: 0.0046  d0.dn_loss_bbox: 0.0313  d0.dn_loss_iou: 0.1845  d1.dn_loss_cls: 0.0014  d1.dn_loss_bbox: 0.0245  d1.dn_loss_iou: 0.1472  d2.dn_loss_cls: 0.0008  d2.dn_loss_bbox: 0.0241  d2.dn_loss_iou: 0.1448  d3.dn_loss_cls: 0.0006  d3.dn_loss_bbox: 0.0240  d3.dn_loss_iou: 0.1447  d4.dn_loss_cls: 0.0005  d4.dn_loss_bbox: 0.0240  d4.dn_loss_iou: 0.1447
2026/03/26 05:09:58 - mmengine - INFO - Exp name: dino_4scale_r50_uatd_80e_pretrained_20260325_231646
2026/03/26 05:10:19 - mmengine - INFO - Epoch(val) [34][ 50/100]    eta: 0:00:20  time: 0.4186  data_time: 0.0370  memory: 42375  
2026/03/26 05:10:36 - mmengine - INFO - Epoch(val) [34][100/100]    eta: 0:00:00  time: 0.3386  data_time: 0.0183  memory: 1533  
2026/03/26 05:10:40 - mmengine - INFO - Evaluating bbox...
2026/03/26 05:10:51 - mmengine - INFO - bbox_mAP_copypaste: 0.339 0.797 0.219 0.489 0.338 0.325
2026/03/26 05:10:52 - mmengine - INFO - Epoch(val) [34][100/100]    coco/bbox_mAP: 0.3390  coco/bbox_mAP_50: 0.7970  coco/bbox_mAP_75: 0.2190  coco/bbox_mAP_s: 0.4890  coco/bbox_mAP_m: 0.3380  coco/bbox_mAP_l: 0.3250  data_time: 0.0274  time: 0.3766
2026/03/26 05:12:52 - mmengine - INFO - Epoch(train) [35][ 50/238]  base_lr: 5.9618e-05 lr: 5.9618e-05  eta: 7:34:29  time: 2.4085  data_time: 0.0529  memory: 42375  grad_norm: 64.5405  loss: 2.3032  loss_cls: 0.0019  loss_bbox: 0.0253  loss_iou: 0.1476  d0.loss_cls: 0.0038  d0.loss_bbox: 0.0256  d0.loss_iou: 0.1501  d1.loss_cls: 0.0015  d1.loss_bbox: 0.0253  d1.loss_iou: 0.1476  d2.loss_cls: 0.0010  d2.loss_bbox: 0.0252  d2.loss_iou: 0.1477  d3.loss_cls: 0.0009  d3.loss_bbox: 0.0253  d3.loss_iou: 0.1478  d4.loss_cls: 0.0013  d4.loss_bbox: 0.0253  d4.loss_iou: 0.1477  enc_loss_cls: 0.0139  enc_loss_bbox: 0.0286  enc_loss_iou: 0.1636  dn_loss_cls: 0.0013  dn_loss_bbox: 0.0234  dn_loss_iou: 0.1413  d0.dn_loss_cls: 0.0045  d0.dn_loss_bbox: 0.0309  d0.dn_loss_iou: 0.1803  d1.dn_loss_cls: 0.0013  d1.dn_loss_bbox: 0.0238  d1.dn_loss_iou: 0.1430  d2.dn_loss_cls: 0.0009  d2.dn_loss_bbox: 0.0234  d2.dn_loss_iou: 0.1412  d3.dn_loss_cls: 0.0008  d3.dn_loss_bbox: 0.0234  d3.dn_loss_iou: 0.1411  d4.dn_loss_cls: 0.0010  d4.dn_loss_bbox: 0.0234  d4.dn_loss_iou: 0.1412
2026/03/26 05:15:03 - mmengine - INFO - Epoch(train) [35][100/238]  base_lr: 5.9618e-05 lr: 5.9618e-05  eta: 7:32:32  time: 2.6284  data_time: 0.0054  memory: 42375  grad_norm: 56.4097  loss: 2.3933  loss_cls: 0.0003  loss_bbox: 0.0275  loss_iou: 0.1542  d0.loss_cls: 0.0041  d0.loss_bbox: 0.0280  d0.loss_iou: 0.1574  d1.loss_cls: 0.0014  d1.loss_bbox: 0.0276  d1.loss_iou: 0.1543  d2.loss_cls: 0.0007  d2.loss_bbox: 0.0275  d2.loss_iou: 0.1539  d3.loss_cls: 0.0004  d3.loss_bbox: 0.0275  d3.loss_iou: 0.1543  d4.loss_cls: 0.0003  d4.loss_bbox: 0.0276  d4.loss_iou: 0.1542  enc_loss_cls: 0.0162  enc_loss_bbox: 0.0304  enc_loss_iou: 0.1684  dn_loss_cls: 0.0005  dn_loss_bbox: 0.0247  dn_loss_iou: 0.1458  d0.dn_loss_cls: 0.0042  d0.dn_loss_bbox: 0.0320  d0.dn_loss_iou: 0.1839  d1.dn_loss_cls: 0.0010  d1.dn_loss_bbox: 0.0250  d1.dn_loss_iou: 0.1475  d2.dn_loss_cls: 0.0007  d2.dn_loss_bbox: 0.0246  d2.dn_loss_iou: 0.1457  d3.dn_loss_cls: 0.0005  d3.dn_loss_bbox: 0.0246  d3.dn_loss_iou: 0.1457  d4.dn_loss_cls: 0.0004  d4.dn_loss_bbox: 0.0246  d4.dn_loss_iou: 0.1458
2026/03/26 05:16:58 - mmengine - INFO - Epoch(train) [35][150/238]  base_lr: 5.9618e-05 lr: 5.9618e-05  eta: 7:30:13  time: 2.2909  data_time: 0.0046  memory: 42426  grad_norm: 62.5015  loss: 2.3060  loss_cls: 0.0003  loss_bbox: 0.0257  loss_iou: 0.1487  d0.loss_cls: 0.0029  d0.loss_bbox: 0.0263  d0.loss_iou: 0.1522  d1.loss_cls: 0.0013  d1.loss_bbox: 0.0258  d1.loss_iou: 0.1490  d2.loss_cls: 0.0007  d2.loss_bbox: 0.0257  d2.loss_iou: 0.1483  d3.loss_cls: 0.0005  d3.loss_bbox: 0.0257  d3.loss_iou: 0.1486  d4.loss_cls: 0.0004  d4.loss_bbox: 0.0257  d4.loss_iou: 0.1486  enc_loss_cls: 0.0160  enc_loss_bbox: 0.0289  enc_loss_iou: 0.1634  dn_loss_cls: 0.0004  dn_loss_bbox: 0.0235  dn_loss_iou: 0.1406  d0.dn_loss_cls: 0.0040  d0.dn_loss_bbox: 0.0311  d0.dn_loss_iou: 0.1803  d1.dn_loss_cls: 0.0011  d1.dn_loss_bbox: 0.0239  d1.dn_loss_iou: 0.1426  d2.dn_loss_cls: 0.0007  d2.dn_loss_bbox: 0.0235  d2.dn_loss_iou: 0.1405  d3.dn_loss_cls: 0.0005  d3.dn_loss_bbox: 0.0235  d3.dn_loss_iou: 0.1404  d4.dn_loss_cls: 0.0004  d4.dn_loss_bbox: 0.0235  d4.dn_loss_iou: 0.1405
2026/03/26 05:18:37 - mmengine - INFO - Epoch(train) [35][200/238]  base_lr: 5.9618e-05 lr: 5.9618e-05  eta: 7:27:34  time: 1.9723  data_time: 0.0040  memory: 42375  grad_norm: 62.9262  loss: 2.2817  loss_cls: 0.0007  loss_bbox: 0.0248  loss_iou: 0.1461  d0.loss_cls: 0.0045  d0.loss_bbox: 0.0253  d0.loss_iou: 0.1482  d1.loss_cls: 0.0016  d1.loss_bbox: 0.0248  d1.loss_iou: 0.1455  d2.loss_cls: 0.0009  d2.loss_bbox: 0.0248  d2.loss_iou: 0.1457  d3.loss_cls: 0.0007  d3.loss_bbox: 0.0248  d3.loss_iou: 0.1457  d4.loss_cls: 0.0007  d4.loss_bbox: 0.0248  d4.loss_iou: 0.1459  enc_loss_cls: 0.0163  enc_loss_bbox: 0.0284  enc_loss_iou: 0.1623  dn_loss_cls: 0.0007  dn_loss_bbox: 0.0234  dn_loss_iou: 0.1405  d0.dn_loss_cls: 0.0044  d0.dn_loss_bbox: 0.0305  d0.dn_loss_iou: 0.1785  d1.dn_loss_cls: 0.0013  d1.dn_loss_bbox: 0.0238  d1.dn_loss_iou: 0.1424  d2.dn_loss_cls: 0.0008  d2.dn_loss_bbox: 0.0234  d2.dn_loss_iou: 0.1405  d3.dn_loss_cls: 0.0006  d3.dn_loss_bbox: 0.0234  d3.dn_loss_iou: 0.1404  d4.dn_loss_cls: 0.0007  d4.dn_loss_bbox: 0.0234  d4.dn_loss_iou: 0.1404
2026/03/26 05:19:47 - mmengine - INFO - Exp name: dino_4scale_r50_uatd_80e_pretrained_20260325_231646
2026/03/26 05:21:25 - mmengine - INFO - Epoch(train) [36][ 50/238]  base_lr: 5.8316e-05 lr: 5.8316e-05  eta: 7:22:48  time: 1.9486  data_time: 0.0136  memory: 42375  grad_norm: nan  loss: 2.2193  loss_cls: 0.0007  loss_bbox: 0.0244  loss_iou: 0.1425  d0.loss_cls: 0.0060  d0.loss_bbox: 0.0250  d0.loss_iou: 0.1461  d1.loss_cls: 0.0018  d1.loss_bbox: 0.0244  d1.loss_iou: 0.1431  d2.loss_cls: 0.0012  d2.loss_bbox: 0.0244  d2.loss_iou: 0.1424  d3.loss_cls: 0.0009  d3.loss_bbox: 0.0244  d3.loss_iou: 0.1424  d4.loss_cls: 0.0007  d4.loss_bbox: 0.0244  d4.loss_iou: 0.1426  enc_loss_cls: 0.0151  enc_loss_bbox: 0.0273  enc_loss_iou: 0.1584  dn_loss_cls: 0.0004  dn_loss_bbox: 0.0225  dn_loss_iou: 0.1348  d0.dn_loss_cls: 0.0045  d0.dn_loss_bbox: 0.0300  d0.dn_loss_iou: 0.1739  d1.dn_loss_cls: 0.0013  d1.dn_loss_bbox: 0.0230  d1.dn_loss_iou: 0.1370  d2.dn_loss_cls: 0.0008  d2.dn_loss_bbox: 0.0225  d2.dn_loss_iou: 0.1348  d3.dn_loss_cls: 0.0005  d3.dn_loss_bbox: 0.0225  d3.dn_loss_iou: 0.1347  d4.dn_loss_cls: 0.0004  d4.dn_loss_bbox: 0.0225  d4.dn_loss_iou: 0.1348
2026/03/26 05:23:00 - mmengine - INFO - Epoch(train) [36][100/238]  base_lr: 5.8316e-05 lr: 5.8316e-05  eta: 7:20:07  time: 1.9152  data_time: 0.0039  memory: 42375  grad_norm: 62.4305  loss: 2.2715  loss_cls: 0.0003  loss_bbox: 0.0262  loss_iou: 0.1455  d0.loss_cls: 0.0040  d0.loss_bbox: 0.0268  d0.loss_iou: 0.1487  d1.loss_cls: 0.0015  d1.loss_bbox: 0.0263  d1.loss_iou: 0.1461  d2.loss_cls: 0.0008  d2.loss_bbox: 0.0262  d2.loss_iou: 0.1455  d3.loss_cls: 0.0004  d3.loss_bbox: 0.0262  d3.loss_iou: 0.1456  d4.loss_cls: 0.0004  d4.loss_bbox: 0.0262  d4.loss_iou: 0.1455  enc_loss_cls: 0.0155  enc_loss_bbox: 0.0295  enc_loss_iou: 0.1612  dn_loss_cls: 0.0007  dn_loss_bbox: 0.0230  dn_loss_iou: 0.1383  d0.dn_loss_cls: 0.0044  d0.dn_loss_bbox: 0.0298  d0.dn_loss_iou: 0.1755  d1.dn_loss_cls: 0.0013  d1.dn_loss_bbox: 0.0234  d1.dn_loss_iou: 0.1403  d2.dn_loss_cls: 0.0009  d2.dn_loss_bbox: 0.0230  d2.dn_loss_iou: 0.1383  d3.dn_loss_cls: 0.0008  d3.dn_loss_bbox: 0.0230  d3.dn_loss_iou: 0.1382  d4.dn_loss_cls: 0.0008  d4.dn_loss_bbox: 0.0230  d4.dn_loss_iou: 0.1383
2026/03/26 05:24:36 - mmengine - INFO - Epoch(train) [36][150/238]  base_lr: 5.8316e-05 lr: 5.8316e-05  eta: 7:17:26  time: 1.9101  data_time: 0.0040  memory: 42375  grad_norm: 59.5927  loss: 2.2573  loss_cls: 0.0003  loss_bbox: 0.0246  loss_iou: 0.1448  d0.loss_cls: 0.0029  d0.loss_bbox: 0.0251  d0.loss_iou: 0.1479  d1.loss_cls: 0.0010  d1.loss_bbox: 0.0246  d1.loss_iou: 0.1449  d2.loss_cls: 0.0005  d2.loss_bbox: 0.0246  d2.loss_iou: 0.1447  d3.loss_cls: 0.0003  d3.loss_bbox: 0.0246  d3.loss_iou: 0.1447  d4.loss_cls: 0.0003  d4.loss_bbox: 0.0246  d4.loss_iou: 0.1448  enc_loss_cls: 0.0135  enc_loss_bbox: 0.0278  enc_loss_iou: 0.1597  dn_loss_cls: 0.0003  dn_loss_bbox: 0.0232  dn_loss_iou: 0.1392  d0.dn_loss_cls: 0.0039  d0.dn_loss_bbox: 0.0308  d0.dn_loss_iou: 0.1794  d1.dn_loss_cls: 0.0010  d1.dn_loss_bbox: 0.0236  d1.dn_loss_iou: 0.1412  d2.dn_loss_cls: 0.0005  d2.dn_loss_bbox: 0.0232  d2.dn_loss_iou: 0.1392  d3.dn_loss_cls: 0.0004  d3.dn_loss_bbox: 0.0232  d3.dn_loss_iou: 0.1391  d4.dn_loss_cls: 0.0004  d4.dn_loss_bbox: 0.0232  d4.dn_loss_iou: 0.1391
2026/03/26 05:26:12 - mmengine - INFO - Epoch(train) [36][200/238]  base_lr: 5.8316e-05 lr: 5.8316e-05  eta: 7:14:47  time: 1.9206  data_time: 0.0038  memory: 42375  grad_norm: 56.0657  loss: 2.2757  loss_cls: 0.0005  loss_bbox: 0.0249  loss_iou: 0.1465  d0.loss_cls: 0.0036  d0.loss_bbox: 0.0254  d0.loss_iou: 0.1492  d1.loss_cls: 0.0014  d1.loss_bbox: 0.0249  d1.loss_iou: 0.1466  d2.loss_cls: 0.0009  d2.loss_bbox: 0.0249  d2.loss_iou: 0.1463  d3.loss_cls: 0.0005  d3.loss_bbox: 0.0249  d3.loss_iou: 0.1464  d4.loss_cls: 0.0005  d4.loss_bbox: 0.0249  d4.loss_iou: 0.1464  enc_loss_cls: 0.0138  enc_loss_bbox: 0.0281  enc_loss_iou: 0.1607  dn_loss_cls: 0.0004  dn_loss_bbox: 0.0233  dn_loss_iou: 0.1400  d0.dn_loss_cls: 0.0039  d0.dn_loss_bbox: 0.0308  d0.dn_loss_iou: 0.1780  d1.dn_loss_cls: 0.0010  d1.dn_loss_bbox: 0.0237  d1.dn_loss_iou: 0.1419  d2.dn_loss_cls: 0.0007  d2.dn_loss_bbox: 0.0233  d2.dn_loss_iou: 0.1400  d3.dn_loss_cls: 0.0005  d3.dn_loss_bbox: 0.0233  d3.dn_loss_iou: 0.1399  d4.dn_loss_cls: 0.0004  d4.dn_loss_bbox: 0.0233  d4.dn_loss_iou: 0.1400
2026/03/26 05:27:24 - mmengine - INFO - Exp name: dino_4scale_r50_uatd_80e_pretrained_20260325_231646
2026/03/26 05:27:37 - mmengine - INFO - Epoch(val) [36][ 50/100]    eta: 0:00:12  time: 0.2573  data_time: 0.0141  memory: 42375  
2026/03/26 05:27:49 - mmengine - INFO - Epoch(val) [36][100/100]    eta: 0:00:00  time: 0.2420  data_time: 0.0100  memory: 1533  
2026/03/26 05:27:53 - mmengine - INFO - Evaluating bbox...
2026/03/26 05:28:02 - mmengine - INFO - bbox_mAP_copypaste: 0.346 0.796 0.243 0.486 0.344 0.329
2026/03/26 05:28:02 - mmengine - INFO - Epoch(val) [36][100/100]    coco/bbox_mAP: 0.3460  coco/bbox_mAP_50: 0.7960  coco/bbox_mAP_75: 0.2430  coco/bbox_mAP_s: 0.4860  coco/bbox_mAP_m: 0.3440  coco/bbox_mAP_l: 0.3290  data_time: 0.0120  time: 0.2499
2026/03/26 05:29:45 - mmengine - INFO - Epoch(train) [37][ 50/238]  base_lr: 5.7013e-05 lr: 5.7013e-05  eta: 7:10:16  time: 2.0563  data_time: 0.0182  memory: 42375  grad_norm: 64.4388  loss: 2.1804  loss_cls: 0.0003  loss_bbox: 0.0238  loss_iou: 0.1401  d0.loss_cls: 0.0037  d0.loss_bbox: 0.0243  d0.loss_iou: 0.1439  d1.loss_cls: 0.0010  d1.loss_bbox: 0.0238  d1.loss_iou: 0.1405  d2.loss_cls: 0.0007  d2.loss_bbox: 0.0238  d2.loss_iou: 0.1405  d3.loss_cls: 0.0005  d3.loss_bbox: 0.0238  d3.loss_iou: 0.1401  d4.loss_cls: 0.0003  d4.loss_bbox: 0.0238  d4.loss_iou: 0.1401  enc_loss_cls: 0.0146  enc_loss_bbox: 0.0272  enc_loss_iou: 0.1553  dn_loss_cls: 0.0003  dn_loss_bbox: 0.0223  dn_loss_iou: 0.1334  d0.dn_loss_cls: 0.0040  d0.dn_loss_bbox: 0.0295  d0.dn_loss_iou: 0.1716  d1.dn_loss_cls: 0.0010  d1.dn_loss_bbox: 0.0227  d1.dn_loss_iou: 0.1356  d2.dn_loss_cls: 0.0006  d2.dn_loss_bbox: 0.0223  d2.dn_loss_iou: 0.1334  d3.dn_loss_cls: 0.0004  d3.dn_loss_bbox: 0.0223  d3.dn_loss_iou: 0.1334  d4.dn_loss_cls: 0.0003  d4.dn_loss_bbox: 0.0223  d4.dn_loss_iou: 0.1334
2026/03/26 05:31:24 - mmengine - INFO - Epoch(train) [37][100/238]  base_lr: 5.7013e-05 lr: 5.7013e-05  eta: 7:07:42  time: 1.9699  data_time: 0.0041  memory: 42375  grad_norm: 59.3817  loss: 2.1632  loss_cls: 0.0007  loss_bbox: 0.0246  loss_iou: 0.1384  d0.loss_cls: 0.0025  d0.loss_bbox: 0.0251  d0.loss_iou: 0.1408  d1.loss_cls: 0.0012  d1.loss_bbox: 0.0247  d1.loss_iou: 0.1384  d2.loss_cls: 0.0009  d2.loss_bbox: 0.0246  d2.loss_iou: 0.1381  d3.loss_cls: 0.0007  d3.loss_bbox: 0.0246  d3.loss_iou: 0.1382  d4.loss_cls: 0.0008  d4.loss_bbox: 0.0246  d4.loss_iou: 0.1384  enc_loss_cls: 0.0148  enc_loss_bbox: 0.0278  enc_loss_iou: 0.1533  dn_loss_cls: 0.0005  dn_loss_bbox: 0.0220  dn_loss_iou: 0.1325  d0.dn_loss_cls: 0.0038  d0.dn_loss_bbox: 0.0292  d0.dn_loss_iou: 0.1689  d1.dn_loss_cls: 0.0011  d1.dn_loss_bbox: 0.0224  d1.dn_loss_iou: 0.1343  d2.dn_loss_cls: 0.0007  d2.dn_loss_bbox: 0.0220  d2.dn_loss_iou: 0.1323  d3.dn_loss_cls: 0.0006  d3.dn_loss_bbox: 0.0220  d3.dn_loss_iou: 0.1323  d4.dn_loss_cls: 0.0005  d4.dn_loss_bbox: 0.0220  d4.dn_loss_iou: 0.1324
2026/03/26 05:33:01 - mmengine - INFO - Epoch(train) [37][150/238]  base_lr: 5.7013e-05 lr: 5.7013e-05  eta: 7:05:07  time: 1.9566  data_time: 0.0042  memory: 42375  grad_norm: 61.6747  loss: 2.1447  loss_cls: 0.0002  loss_bbox: 0.0231  loss_iou: 0.1374  d0.loss_cls: 0.0039  d0.loss_bbox: 0.0237  d0.loss_iou: 0.1402  d1.loss_cls: 0.0011  d1.loss_bbox: 0.0232  d1.loss_iou: 0.1377  d2.loss_cls: 0.0006  d2.loss_bbox: 0.0231  d2.loss_iou: 0.1375  d3.loss_cls: 0.0003  d3.loss_bbox: 0.0231  d3.loss_iou: 0.1374  d4.loss_cls: 0.0002  d4.loss_bbox: 0.0231  d4.loss_iou: 0.1374  enc_loss_cls: 0.0145  enc_loss_bbox: 0.0263  enc_loss_iou: 0.1523  dn_loss_cls: 0.0003  dn_loss_bbox: 0.0219  dn_loss_iou: 0.1325  d0.dn_loss_cls: 0.0041  d0.dn_loss_bbox: 0.0287  d0.dn_loss_iou: 0.1694  d1.dn_loss_cls: 0.0009  d1.dn_loss_bbox: 0.0223  d1.dn_loss_iou: 0.1344  d2.dn_loss_cls: 0.0005  d2.dn_loss_bbox: 0.0219  d2.dn_loss_iou: 0.1324  d3.dn_loss_cls: 0.0003  d3.dn_loss_bbox: 0.0219  d3.dn_loss_iou: 0.1323  d4.dn_loss_cls: 0.0003  d4.dn_loss_bbox: 0.0219  d4.dn_loss_iou: 0.1324
2026/03/26 05:34:38 - mmengine - INFO - Epoch(train) [37][200/238]  base_lr: 5.7013e-05 lr: 5.7013e-05  eta: 7:02:33  time: 1.9363  data_time: 0.0039  memory: 42375  grad_norm: 62.5029  loss: 2.1329  loss_cls: 0.0002  loss_bbox: 0.0229  loss_iou: 0.1370  d0.loss_cls: 0.0025  d0.loss_bbox: 0.0234  d0.loss_iou: 0.1394  d1.loss_cls: 0.0013  d1.loss_bbox: 0.0230  d1.loss_iou: 0.1372  d2.loss_cls: 0.0004  d2.loss_bbox: 0.0229  d2.loss_iou: 0.1367  d3.loss_cls: 0.0002  d3.loss_bbox: 0.0229  d3.loss_iou: 0.1370  d4.loss_cls: 0.0002  d4.loss_bbox: 0.0229  d4.loss_iou: 0.1369  enc_loss_cls: 0.0140  enc_loss_bbox: 0.0263  enc_loss_iou: 0.1519  dn_loss_cls: 0.0003  dn_loss_bbox: 0.0216  dn_loss_iou: 0.1322  d0.dn_loss_cls: 0.0037  d0.dn_loss_bbox: 0.0284  d0.dn_loss_iou: 0.1689  d1.dn_loss_cls: 0.0008  d1.dn_loss_bbox: 0.0220  d1.dn_loss_iou: 0.1340  d2.dn_loss_cls: 0.0004  d2.dn_loss_bbox: 0.0216  d2.dn_loss_iou: 0.1321  d3.dn_loss_cls: 0.0003  d3.dn_loss_bbox: 0.0216  d3.dn_loss_iou: 0.1320  d4.dn_loss_cls: 0.0003  d4.dn_loss_bbox: 0.0216  d4.dn_loss_iou: 0.1321
2026/03/26 05:35:48 - mmengine - INFO - Exp name: dino_4scale_r50_uatd_80e_pretrained_20260325_231646
2026/03/26 05:37:24 - mmengine - INFO - Epoch(train) [38][ 50/238]  base_lr: 5.5711e-05 lr: 5.5711e-05  eta: 6:57:56  time: 1.9180  data_time: 0.0173  memory: 42426  grad_norm: 58.6238  loss: 2.0832  loss_cls: 0.0004  loss_bbox: 0.0236  loss_iou: 0.1347  d0.loss_cls: 0.0041  d0.loss_bbox: 0.0241  d0.loss_iou: 0.1377  d1.loss_cls: 0.0017  d1.loss_bbox: 0.0237  d1.loss_iou: 0.1352  d2.loss_cls: 0.0008  d2.loss_bbox: 0.0236  d2.loss_iou: 0.1344  d3.loss_cls: 0.0004  d3.loss_bbox: 0.0236  d3.loss_iou: 0.1346  d4.loss_cls: 0.0005  d4.loss_bbox: 0.0236  d4.loss_iou: 0.1346  enc_loss_cls: 0.0137  enc_loss_bbox: 0.0263  enc_loss_iou: 0.1480  dn_loss_cls: 0.0003  dn_loss_bbox: 0.0205  dn_loss_iou: 0.1261  d0.dn_loss_cls: 0.0039  d0.dn_loss_bbox: 0.0276  d0.dn_loss_iou: 0.1639  d1.dn_loss_cls: 0.0010  d1.dn_loss_bbox: 0.0209  d1.dn_loss_iou: 0.1282  d2.dn_loss_cls: 0.0006  d2.dn_loss_bbox: 0.0205  d2.dn_loss_iou: 0.1262  d3.dn_loss_cls: 0.0004  d3.dn_loss_bbox: 0.0205  d3.dn_loss_iou: 0.1261  d4.dn_loss_cls: 0.0003  d4.dn_loss_bbox: 0.0205  d4.dn_loss_iou: 0.1261
2026/03/26 05:39:00 - mmengine - INFO - Epoch(train) [38][100/238]  base_lr: 5.5711e-05 lr: 5.5711e-05  eta: 6:55:22  time: 1.9240  data_time: 0.0039  memory: 42375  grad_norm: 60.2102  loss: 2.1124  loss_cls: 0.0002  loss_bbox: 0.0230  loss_iou: 0.1353  d0.loss_cls: 0.0034  d0.loss_bbox: 0.0234  d0.loss_iou: 0.1378  d1.loss_cls: 0.0007  d1.loss_bbox: 0.0230  d1.loss_iou: 0.1353  d2.loss_cls: 0.0004  d2.loss_bbox: 0.0229  d2.loss_iou: 0.1351  d3.loss_cls: 0.0002  d3.loss_bbox: 0.0229  d3.loss_iou: 0.1351  d4.loss_cls: 0.0002  d4.loss_bbox: 0.0229  d4.loss_iou: 0.1351  enc_loss_cls: 0.0131  enc_loss_bbox: 0.0262  enc_loss_iou: 0.1491  dn_loss_cls: 0.0002  dn_loss_bbox: 0.0216  dn_loss_iou: 0.1307  d0.dn_loss_cls: 0.0041  d0.dn_loss_bbox: 0.0289  d0.dn_loss_iou: 0.1686  d1.dn_loss_cls: 0.0010  d1.dn_loss_bbox: 0.0220  d1.dn_loss_iou: 0.1325  d2.dn_loss_cls: 0.0005  d2.dn_loss_bbox: 0.0216  d2.dn_loss_iou: 0.1306  d3.dn_loss_cls: 0.0003  d3.dn_loss_bbox: 0.0216  d3.dn_loss_iou: 0.1305  d4.dn_loss_cls: 0.0002  d4.dn_loss_bbox: 0.0216  d4.dn_loss_iou: 0.1306
2026/03/26 05:40:36 - mmengine - INFO - Epoch(train) [38][150/238]  base_lr: 5.5711e-05 lr: 5.5711e-05  eta: 6:52:49  time: 1.9197  data_time: 0.0041  memory: 42375  grad_norm: 63.9735  loss: 2.1268  loss_cls: 0.0001  loss_bbox: 0.0233  loss_iou: 0.1364  d0.loss_cls: 0.0031  d0.loss_bbox: 0.0238  d0.loss_iou: 0.1390  d1.loss_cls: 0.0010  d1.loss_bbox: 0.0234  d1.loss_iou: 0.1371  d2.loss_cls: 0.0005  d2.loss_bbox: 0.0233  d2.loss_iou: 0.1359  d3.loss_cls: 0.0003  d3.loss_bbox: 0.0233  d3.loss_iou: 0.1363  d4.loss_cls: 0.0001  d4.loss_bbox: 0.0233  d4.loss_iou: 0.1364  enc_loss_cls: 0.0130  enc_loss_bbox: 0.0267  enc_loss_iou: 0.1520  dn_loss_cls: 0.0003  dn_loss_bbox: 0.0215  dn_loss_iou: 0.1316  d0.dn_loss_cls: 0.0034  d0.dn_loss_bbox: 0.0284  d0.dn_loss_iou: 0.1671  d1.dn_loss_cls: 0.0008  d1.dn_loss_bbox: 0.0219  d1.dn_loss_iou: 0.1335  d2.dn_loss_cls: 0.0005  d2.dn_loss_bbox: 0.0215  d2.dn_loss_iou: 0.1316  d3.dn_loss_cls: 0.0004  d3.dn_loss_bbox: 0.0214  d3.dn_loss_iou: 0.1314  d4.dn_loss_cls: 0.0003  d4.dn_loss_bbox: 0.0215  d4.dn_loss_iou: 0.1315
2026/03/26 05:42:02 - mmengine - INFO - Exp name: dino_4scale_r50_uatd_80e_pretrained_20260325_231646
2026/03/26 05:42:14 - mmengine - INFO - Epoch(train) [38][200/238]  base_lr: 5.5711e-05 lr: 5.5711e-05  eta: 6:50:19  time: 1.9600  data_time: 0.0040  memory: 42375  grad_norm: 67.5853  loss: 2.0753  loss_cls: 0.0004  loss_bbox: 0.0222  loss_iou: 0.1320  d0.loss_cls: 0.0045  d0.loss_bbox: 0.0229  d0.loss_iou: 0.1356  d1.loss_cls: 0.0019  d1.loss_bbox: 0.0223  d1.loss_iou: 0.1324  d2.loss_cls: 0.0009  d2.loss_bbox: 0.0223  d2.loss_iou: 0.1323  d3.loss_cls: 0.0005  d3.loss_bbox: 0.0222  d3.loss_iou: 0.1316  d4.loss_cls: 0.0004  d4.loss_bbox: 0.0222  d4.loss_iou: 0.1318  enc_loss_cls: 0.0143  enc_loss_bbox: 0.0258  enc_loss_iou: 0.1493  dn_loss_cls: 0.0003  dn_loss_bbox: 0.0213  dn_loss_iou: 0.1278  d0.dn_loss_cls: 0.0043  d0.dn_loss_bbox: 0.0283  d0.dn_loss_iou: 0.1653  d1.dn_loss_cls: 0.0011  d1.dn_loss_bbox: 0.0217  d1.dn_loss_iou: 0.1297  d2.dn_loss_cls: 0.0006  d2.dn_loss_bbox: 0.0213  d2.dn_loss_iou: 0.1277  d3.dn_loss_cls: 0.0004  d3.dn_loss_bbox: 0.0212  d3.dn_loss_iou: 0.1276  d4.dn_loss_cls: 0.0003  d4.dn_loss_bbox: 0.0212  d4.dn_loss_iou: 0.1277
2026/03/26 05:43:26 - mmengine - INFO - Exp name: dino_4scale_r50_uatd_80e_pretrained_20260325_231646
2026/03/26 05:43:39 - mmengine - INFO - Epoch(val) [38][ 50/100]    eta: 0:00:13  time: 0.2617  data_time: 0.0170  memory: 42426  
2026/03/26 05:43:51 - mmengine - INFO - Epoch(val) [38][100/100]    eta: 0:00:00  time: 0.2375  data_time: 0.0119  memory: 1533  
2026/03/26 05:43:55 - mmengine - INFO - Evaluating bbox...
2026/03/26 05:44:04 - mmengine - INFO - bbox_mAP_copypaste: 0.347 0.809 0.224 0.463 0.348 0.334
2026/03/26 05:44:04 - mmengine - INFO - Epoch(val) [38][100/100]    coco/bbox_mAP: 0.3470  coco/bbox_mAP_50: 0.8090  coco/bbox_mAP_75: 0.2240  coco/bbox_mAP_s: 0.4630  coco/bbox_mAP_m: 0.3480  coco/bbox_mAP_l: 0.3340  data_time: 0.0144  time: 0.2486
2026/03/26 05:45:43 - mmengine - INFO - Epoch(train) [39][ 50/238]  base_lr: 5.4408e-05 lr: 5.4408e-05  eta: 6:45:54  time: 1.9793  data_time: 0.0273  memory: 42375  grad_norm: 61.4552  loss: 2.0474  loss_cls: 0.0006  loss_bbox: 0.0222  loss_iou: 0.1301  d0.loss_cls: 0.0091  d0.loss_bbox: 0.0227  d0.loss_iou: 0.1327  d1.loss_cls: 0.0022  d1.loss_bbox: 0.0223  d1.loss_iou: 0.1303  d2.loss_cls: 0.0013  d2.loss_bbox: 0.0222  d2.loss_iou: 0.1298  d3.loss_cls: 0.0009  d3.loss_bbox: 0.0222  d3.loss_iou: 0.1299  d4.loss_cls: 0.0006  d4.loss_bbox: 0.0222  d4.loss_iou: 0.1300  enc_loss_cls: 0.0160  enc_loss_bbox: 0.0258  enc_loss_iou: 0.1459  dn_loss_cls: 0.0003  dn_loss_bbox: 0.0205  dn_loss_iou: 0.1257  d0.dn_loss_cls: 0.0038  d0.dn_loss_bbox: 0.0272  d0.dn_loss_iou: 0.1614  d1.dn_loss_cls: 0.0011  d1.dn_loss_bbox: 0.0209  d1.dn_loss_iou: 0.1272  d2.dn_loss_cls: 0.0007  d2.dn_loss_bbox: 0.0205  d2.dn_loss_iou: 0.1257  d3.dn_loss_cls: 0.0005  d3.dn_loss_bbox: 0.0205  d3.dn_loss_iou: 0.1256  d4.dn_loss_cls: 0.0004  d4.dn_loss_bbox: 0.0205  d4.dn_loss_iou: 0.1256
2026/03/26 05:47:20 - mmengine - INFO - Epoch(train) [39][100/238]  base_lr: 5.4408e-05 lr: 5.4408e-05  eta: 6:43:23  time: 1.9307  data_time: 0.0040  memory: 42375  grad_norm: 61.7730  loss: 2.0211  loss_cls: 0.0001  loss_bbox: 0.0217  loss_iou: 0.1284  d0.loss_cls: 0.0042  d0.loss_bbox: 0.0223  d0.loss_iou: 0.1323  d1.loss_cls: 0.0010  d1.loss_bbox: 0.0218  d1.loss_iou: 0.1290  d2.loss_cls: 0.0005  d2.loss_bbox: 0.0217  d2.loss_iou: 0.1284  d3.loss_cls: 0.0004  d3.loss_bbox: 0.0217  d3.loss_iou: 0.1283  d4.loss_cls: 0.0002  d4.loss_bbox: 0.0217  d4.loss_iou: 0.1284  enc_loss_cls: 0.0120  enc_loss_bbox: 0.0251  enc_loss_iou: 0.1445  dn_loss_cls: 0.0003  dn_loss_bbox: 0.0207  dn_loss_iou: 0.1252  d0.dn_loss_cls: 0.0038  d0.dn_loss_bbox: 0.0275  d0.dn_loss_iou: 0.1617  d1.dn_loss_cls: 0.0009  d1.dn_loss_bbox: 0.0211  d1.dn_loss_iou: 0.1271  d2.dn_loss_cls: 0.0005  d2.dn_loss_bbox: 0.0207  d2.dn_loss_iou: 0.1252  d3.dn_loss_cls: 0.0003  d3.dn_loss_bbox: 0.0207  d3.dn_loss_iou: 0.1251  d4.dn_loss_cls: 0.0003  d4.dn_loss_bbox: 0.0207  d4.dn_loss_iou: 0.1252
2026/03/26 05:48:55 - mmengine - INFO - Epoch(train) [39][150/238]  base_lr: 5.4408e-05 lr: 5.4408e-05  eta: 6:40:51  time: 1.8990  data_time: 0.0039  memory: 42375  grad_norm: 61.0599  loss: 2.0848  loss_cls: 0.0001  loss_bbox: 0.0231  loss_iou: 0.1333  d0.loss_cls: 0.0044  d0.loss_bbox: 0.0235  d0.loss_iou: 0.1359  d1.loss_cls: 0.0011  d1.loss_bbox: 0.0232  d1.loss_iou: 0.1341  d2.loss_cls: 0.0006  d2.loss_bbox: 0.0231  d2.loss_iou: 0.1331  d3.loss_cls: 0.0003  d3.loss_bbox: 0.0231  d3.loss_iou: 0.1332  d4.loss_cls: 0.0001  d4.loss_bbox: 0.0231  d4.loss_iou: 0.1333  enc_loss_cls: 0.0123  enc_loss_bbox: 0.0262  enc_loss_iou: 0.1472  dn_loss_cls: 0.0004  dn_loss_bbox: 0.0211  dn_loss_iou: 0.1284  d0.dn_loss_cls: 0.0040  d0.dn_loss_bbox: 0.0283  d0.dn_loss_iou: 0.1657  d1.dn_loss_cls: 0.0010  d1.dn_loss_bbox: 0.0216  d1.dn_loss_iou: 0.1307  d2.dn_loss_cls: 0.0006  d2.dn_loss_bbox: 0.0211  d2.dn_loss_iou: 0.1283  d3.dn_loss_cls: 0.0004  d3.dn_loss_bbox: 0.0211  d3.dn_loss_iou: 0.1283  d4.dn_loss_cls: 0.0004  d4.dn_loss_bbox: 0.0211  d4.dn_loss_iou: 0.1283
2026/03/26 05:50:31 - mmengine - INFO - Epoch(train) [39][200/238]  base_lr: 5.4408e-05 lr: 5.4408e-05  eta: 6:38:22  time: 1.9177  data_time: 0.0039  memory: 42426  grad_norm: 69.1941  loss: 2.0661  loss_cls: 0.0003  loss_bbox: 0.0226  loss_iou: 0.1333  d0.loss_cls: 0.0037  d0.loss_bbox: 0.0230  d0.loss_iou: 0.1360  d1.loss_cls: 0.0015  d1.loss_bbox: 0.0226  d1.loss_iou: 0.1333  d2.loss_cls: 0.0007  d2.loss_bbox: 0.0226  d2.loss_iou: 0.1332  d3.loss_cls: 0.0005  d3.loss_bbox: 0.0225  d3.loss_iou: 0.1330  d4.loss_cls: 0.0004  d4.loss_bbox: 0.0226  d4.loss_iou: 0.1332  enc_loss_cls: 0.0144  enc_loss_bbox: 0.0250  enc_loss_iou: 0.1454  dn_loss_cls: 0.0003  dn_loss_bbox: 0.0207  dn_loss_iou: 0.1265  d0.dn_loss_cls: 0.0040  d0.dn_loss_bbox: 0.0277  d0.dn_loss_iou: 0.1637  d1.dn_loss_cls: 0.0012  d1.dn_loss_bbox: 0.0211  d1.dn_loss_iou: 0.1285  d2.dn_loss_cls: 0.0007  d2.dn_loss_bbox: 0.0207  d2.dn_loss_iou: 0.1265  d3.dn_loss_cls: 0.0004  d3.dn_loss_bbox: 0.0207  d3.dn_loss_iou: 0.1263  d4.dn_loss_cls: 0.0003  d4.dn_loss_bbox: 0.0207  d4.dn_loss_iou: 0.1264
2026/03/26 05:51:41 - mmengine - INFO - Exp name: dino_4scale_r50_uatd_80e_pretrained_20260325_231646
2026/03/26 05:53:18 - mmengine - INFO - Epoch(train) [40][ 50/238]  base_lr: 5.3105e-05 lr: 5.3105e-05  eta: 6:33:57  time: 1.9384  data_time: 0.0237  memory: 42375  grad_norm: 58.2985  loss: 2.0188  loss_cls: 0.0001  loss_bbox: 0.0223  loss_iou: 0.1290  d0.loss_cls: 0.0036  d0.loss_bbox: 0.0228  d0.loss_iou: 0.1319  d1.loss_cls: 0.0008  d1.loss_bbox: 0.0223  d1.loss_iou: 0.1293  d2.loss_cls: 0.0005  d2.loss_bbox: 0.0223  d2.loss_iou: 0.1289  d3.loss_cls: 0.0003  d3.loss_bbox: 0.0222  d3.loss_iou: 0.1288  d4.loss_cls: 0.0001  d4.loss_bbox: 0.0222  d4.loss_iou: 0.1289  enc_loss_cls: 0.0135  enc_loss_bbox: 0.0258  enc_loss_iou: 0.1437  dn_loss_cls: 0.0004  dn_loss_bbox: 0.0205  dn_loss_iou: 0.1238  d0.dn_loss_cls: 0.0039  d0.dn_loss_bbox: 0.0277  d0.dn_loss_iou: 0.1610  d1.dn_loss_cls: 0.0010  d1.dn_loss_bbox: 0.0209  d1.dn_loss_iou: 0.1259  d2.dn_loss_cls: 0.0006  d2.dn_loss_bbox: 0.0206  d2.dn_loss_iou: 0.1239  d3.dn_loss_cls: 0.0004  d3.dn_loss_bbox: 0.0205  d3.dn_loss_iou: 0.1237  d4.dn_loss_cls: 0.0004  d4.dn_loss_bbox: 0.0205  d4.dn_loss_iou: 0.1237
2026/03/26 05:54:52 - mmengine - INFO - Epoch(train) [40][100/238]  base_lr: 5.3105e-05 lr: 5.3105e-05  eta: 6:31:28  time: 1.8933  data_time: 0.0041  memory: 42375  grad_norm: 59.5386  loss: 2.0147  loss_cls: 0.0002  loss_bbox: 0.0217  loss_iou: 0.1290  d0.loss_cls: 0.0041  d0.loss_bbox: 0.0222  d0.loss_iou: 0.1318  d1.loss_cls: 0.0015  d1.loss_bbox: 0.0217  d1.loss_iou: 0.1288  d2.loss_cls: 0.0007  d2.loss_bbox: 0.0217  d2.loss_iou: 0.1288  d3.loss_cls: 0.0003  d3.loss_bbox: 0.0217  d3.loss_iou: 0.1290  d4.loss_cls: 0.0002  d4.loss_bbox: 0.0217  d4.loss_iou: 0.1290  enc_loss_cls: 0.0150  enc_loss_bbox: 0.0249  enc_loss_iou: 0.1431  dn_loss_cls: 0.0004  dn_loss_bbox: 0.0200  dn_loss_iou: 0.1243  d0.dn_loss_cls: 0.0037  d0.dn_loss_bbox: 0.0270  d0.dn_loss_iou: 0.1610  d1.dn_loss_cls: 0.0010  d1.dn_loss_bbox: 0.0203  d1.dn_loss_iou: 0.1257  d2.dn_loss_cls: 0.0006  d2.dn_loss_bbox: 0.0200  d2.dn_loss_iou: 0.1244  d3.dn_loss_cls: 0.0005  d3.dn_loss_bbox: 0.0200  d3.dn_loss_iou: 0.1242  d4.dn_loss_cls: 0.0005  d4.dn_loss_bbox: 0.0200  d4.dn_loss_iou: 0.1242
2026/03/26 05:56:29 - mmengine - INFO - Epoch(train) [40][150/238]  base_lr: 5.3105e-05 lr: 5.3105e-05  eta: 6:29:00  time: 1.9238  data_time: 0.0049  memory: 42375  grad_norm: 62.2535  loss: 2.0302  loss_cls: 0.0002  loss_bbox: 0.0218  loss_iou: 0.1296  d0.loss_cls: 0.0046  d0.loss_bbox: 0.0223  d0.loss_iou: 0.1329  d1.loss_cls: 0.0014  d1.loss_bbox: 0.0218  d1.loss_iou: 0.1297  d2.loss_cls: 0.0008  d2.loss_bbox: 0.0217  d2.loss_iou: 0.1294  d3.loss_cls: 0.0005  d3.loss_bbox: 0.0217  d3.loss_iou: 0.1294  d4.loss_cls: 0.0003  d4.loss_bbox: 0.0218  d4.loss_iou: 0.1295  enc_loss_cls: 0.0141  enc_loss_bbox: 0.0251  enc_loss_iou: 0.1439  dn_loss_cls: 0.0005  dn_loss_bbox: 0.0205  dn_loss_iou: 0.1252  d0.dn_loss_cls: 0.0042  d0.dn_loss_bbox: 0.0274  d0.dn_loss_iou: 0.1613  d1.dn_loss_cls: 0.0012  d1.dn_loss_bbox: 0.0210  d1.dn_loss_iou: 0.1271  d2.dn_loss_cls: 0.0009  d2.dn_loss_bbox: 0.0206  d2.dn_loss_iou: 0.1253  d3.dn_loss_cls: 0.0006  d3.dn_loss_bbox: 0.0205  d3.dn_loss_iou: 0.1251  d4.dn_loss_cls: 0.0005  d4.dn_loss_bbox: 0.0205  d4.dn_loss_iou: 0.1252
2026/03/26 05:58:04 - mmengine - INFO - Epoch(train) [40][200/238]  base_lr: 5.3105e-05 lr: 5.3105e-05  eta: 6:26:33  time: 1.9158  data_time: 0.0049  memory: 42375  grad_norm: 62.8169  loss: 1.9888  loss_cls: 0.0001  loss_bbox: 0.0220  loss_iou: 0.1274  d0.loss_cls: 0.0027  d0.loss_bbox: 0.0226  d0.loss_iou: 0.1303  d1.loss_cls: 0.0006  d1.loss_bbox: 0.0219  d1.loss_iou: 0.1276  d2.loss_cls: 0.0002  d2.loss_bbox: 0.0219  d2.loss_iou: 0.1270  d3.loss_cls: 0.0002  d3.loss_bbox: 0.0220  d3.loss_iou: 0.1274  d4.loss_cls: 0.0001  d4.loss_bbox: 0.0220  d4.loss_iou: 0.1273  enc_loss_cls: 0.0126  enc_loss_bbox: 0.0254  enc_loss_iou: 0.1425  dn_loss_cls: 0.0002  dn_loss_bbox: 0.0201  dn_loss_iou: 0.1224  d0.dn_loss_cls: 0.0032  d0.dn_loss_bbox: 0.0271  d0.dn_loss_iou: 0.1587  d1.dn_loss_cls: 0.0006  d1.dn_loss_bbox: 0.0204  d1.dn_loss_iou: 0.1239  d2.dn_loss_cls: 0.0003  d2.dn_loss_bbox: 0.0201  d2.dn_loss_iou: 0.1224  d3.dn_loss_cls: 0.0002  d3.dn_loss_bbox: 0.0201  d3.dn_loss_iou: 0.1223  d4.dn_loss_cls: 0.0002  d4.dn_loss_bbox: 0.0201  d4.dn_loss_iou: 0.1224
2026/03/26 05:59:13 - mmengine - INFO - Exp name: dino_4scale_r50_uatd_80e_pretrained_20260325_231646
2026/03/26 05:59:23 - mmengine - INFO - Epoch(val) [40][ 50/100]    eta: 0:00:10  time: 0.2040  data_time: 0.0132  memory: 42375  
2026/03/26 05:59:33 - mmengine - INFO - Epoch(val) [40][100/100]    eta: 0:00:00  time: 0.1995  data_time: 0.0100  memory: 1533  
2026/03/26 05:59:36 - mmengine - INFO - Evaluating bbox...
2026/03/26 05:59:43 - mmengine - INFO - bbox_mAP_copypaste: 0.334 0.769 0.221 0.465 0.336 0.303
2026/03/26 05:59:43 - mmengine - INFO - Epoch(val) [40][100/100]    coco/bbox_mAP: 0.3340  coco/bbox_mAP_50: 0.7690  coco/bbox_mAP_75: 0.2210  coco/bbox_mAP_s: 0.4650  coco/bbox_mAP_m: 0.3360  coco/bbox_mAP_l: 0.3030  data_time: 0.0116  time: 0.2023
2026/03/26 06:01:18 - mmengine - INFO - Epoch(train) [41][ 50/238]  base_lr: 5.1803e-05 lr: 5.1803e-05  eta: 6:22:10  time: 1.9031  data_time: 0.0184  memory: 42375  grad_norm: 59.2238  loss: 1.9846  loss_cls: 0.0001  loss_bbox: 0.0224  loss_iou: 0.1274  d0.loss_cls: 0.0024  d0.loss_bbox: 0.0228  d0.loss_iou: 0.1302  d1.loss_cls: 0.0006  d1.loss_bbox: 0.0224  d1.loss_iou: 0.1277  d2.loss_cls: 0.0003  d2.loss_bbox: 0.0224  d2.loss_iou: 0.1272  d3.loss_cls: 0.0001  d3.loss_bbox: 0.0224  d3.loss_iou: 0.1272  d4.loss_cls: 0.0001  d4.loss_bbox: 0.0224  d4.loss_iou: 0.1272  enc_loss_cls: 0.0127  enc_loss_bbox: 0.0256  enc_loss_iou: 0.1415  dn_loss_cls: 0.0003  dn_loss_bbox: 0.0197  dn_loss_iou: 0.1220  d0.dn_loss_cls: 0.0035  d0.dn_loss_bbox: 0.0264  d0.dn_loss_iou: 0.1567  d1.dn_loss_cls: 0.0008  d1.dn_loss_bbox: 0.0201  d1.dn_loss_iou: 0.1238  d2.dn_loss_cls: 0.0004  d2.dn_loss_bbox: 0.0197  d2.dn_loss_iou: 0.1221  d3.dn_loss_cls: 0.0004  d3.dn_loss_bbox: 0.0197  d3.dn_loss_iou: 0.1219  d4.dn_loss_cls: 0.0004  d4.dn_loss_bbox: 0.0197  d4.dn_loss_iou: 0.1219
2026/03/26 06:02:51 - mmengine - INFO - Epoch(train) [41][100/238]  base_lr: 5.1803e-05 lr: 5.1803e-05  eta: 6:19:41  time: 1.8603  data_time: 0.0040  memory: 42426  grad_norm: 58.1943  loss: 1.9224  loss_cls: 0.0000  loss_bbox: 0.0206  loss_iou: 0.1230  d0.loss_cls: 0.0032  d0.loss_bbox: 0.0209  d0.loss_iou: 0.1254  d1.loss_cls: 0.0006  d1.loss_bbox: 0.0205  d1.loss_iou: 0.1232  d2.loss_cls: 0.0002  d2.loss_bbox: 0.0206  d2.loss_iou: 0.1229  d3.loss_cls: 0.0001  d3.loss_bbox: 0.0206  d3.loss_iou: 0.1229  d4.loss_cls: 0.0000  d4.loss_bbox: 0.0206  d4.loss_iou: 0.1230  enc_loss_cls: 0.0119  enc_loss_bbox: 0.0237  enc_loss_iou: 0.1370  dn_loss_cls: 0.0002  dn_loss_bbox: 0.0195  dn_loss_iou: 0.1190  d0.dn_loss_cls: 0.0033  d0.dn_loss_bbox: 0.0265  d0.dn_loss_iou: 0.1550  d1.dn_loss_cls: 0.0007  d1.dn_loss_bbox: 0.0199  d1.dn_loss_iou: 0.1210  d2.dn_loss_cls: 0.0004  d2.dn_loss_bbox: 0.0195  d2.dn_loss_iou: 0.1191  d3.dn_loss_cls: 0.0003  d3.dn_loss_bbox: 0.0195  d3.dn_loss_iou: 0.1190  d4.dn_loss_cls: 0.0002  d4.dn_loss_bbox: 0.0195  d4.dn_loss_iou: 0.1190
2026/03/26 06:04:49 - mmengine - INFO - Epoch(train) [41][150/238]  base_lr: 5.1803e-05 lr: 5.1803e-05  eta: 6:17:37  time: 2.3448  data_time: 0.0072  memory: 42375  grad_norm: 57.3249  loss: 1.9890  loss_cls: 0.0002  loss_bbox: 0.0214  loss_iou: 0.1287  d0.loss_cls: 0.0039  d0.loss_bbox: 0.0218  d0.loss_iou: 0.1310  d1.loss_cls: 0.0015  d1.loss_bbox: 0.0215  d1.loss_iou: 0.1282  d2.loss_cls: 0.0007  d2.loss_bbox: 0.0214  d2.loss_iou: 0.1286  d3.loss_cls: 0.0004  d3.loss_bbox: 0.0214  d3.loss_iou: 0.1285  d4.loss_cls: 0.0003  d4.loss_bbox: 0.0214  d4.loss_iou: 0.1288  enc_loss_cls: 0.0128  enc_loss_bbox: 0.0240  enc_loss_iou: 0.1407  dn_loss_cls: 0.0004  dn_loss_bbox: 0.0198  dn_loss_iou: 0.1219  d0.dn_loss_cls: 0.0039  d0.dn_loss_bbox: 0.0264  d0.dn_loss_iou: 0.1575  d1.dn_loss_cls: 0.0012  d1.dn_loss_bbox: 0.0202  d1.dn_loss_iou: 0.1235  d2.dn_loss_cls: 0.0007  d2.dn_loss_bbox: 0.0199  d2.dn_loss_iou: 0.1220  d3.dn_loss_cls: 0.0005  d3.dn_loss_bbox: 0.0198  d3.dn_loss_iou: 0.1219  d4.dn_loss_cls: 0.0004  d4.dn_loss_bbox: 0.0198  d4.dn_loss_iou: 0.1219
2026/03/26 06:06:26 - mmengine - INFO - Epoch(train) [41][200/238]  base_lr: 5.1803e-05 lr: 5.1803e-05  eta: 6:15:14  time: 1.9555  data_time: 0.0070  memory: 42375  grad_norm: 67.4702  loss: 1.9353  loss_cls: 0.0002  loss_bbox: 0.0205  loss_iou: 0.1240  d0.loss_cls: 0.0028  d0.loss_bbox: 0.0209  d0.loss_iou: 0.1261  d1.loss_cls: 0.0010  d1.loss_bbox: 0.0205  d1.loss_iou: 0.1238  d2.loss_cls: 0.0005  d2.loss_bbox: 0.0205  d2.loss_iou: 0.1237  d3.loss_cls: 0.0003  d3.loss_bbox: 0.0205  d3.loss_iou: 0.1237  d4.loss_cls: 0.0002  d4.loss_bbox: 0.0205  d4.loss_iou: 0.1239  enc_loss_cls: 0.0126  enc_loss_bbox: 0.0236  enc_loss_iou: 0.1370  dn_loss_cls: 0.0003  dn_loss_bbox: 0.0196  dn_loss_iou: 0.1198  d0.dn_loss_cls: 0.0038  d0.dn_loss_bbox: 0.0265  d0.dn_loss_iou: 0.1561  d1.dn_loss_cls: 0.0010  d1.dn_loss_bbox: 0.0200  d1.dn_loss_iou: 0.1219  d2.dn_loss_cls: 0.0006  d2.dn_loss_bbox: 0.0196  d2.dn_loss_iou: 0.1198  d3.dn_loss_cls: 0.0004  d3.dn_loss_bbox: 0.0196  d3.dn_loss_iou: 0.1196  d4.dn_loss_cls: 0.0003  d4.dn_loss_bbox: 0.0196  d4.dn_loss_iou: 0.1197
2026/03/26 06:07:37 - mmengine - INFO - Exp name: dino_4scale_r50_uatd_80e_pretrained_20260325_231646
2026/03/26 06:09:33 - mmengine - INFO - Epoch(train) [42][ 50/238]  base_lr: 5.0500e-05 lr: 5.0500e-05  eta: 6:11:17  time: 2.3253  data_time: 0.0237  memory: 42375  grad_norm: 61.5437  loss: 1.8971  loss_cls: 0.0000  loss_bbox: 0.0205  loss_iou: 0.1217  d0.loss_cls: 0.0032  d0.loss_bbox: 0.0208  d0.loss_iou: 0.1232  d1.loss_cls: 0.0010  d1.loss_bbox: 0.0205  d1.loss_iou: 0.1214  d2.loss_cls: 0.0002  d2.loss_bbox: 0.0204  d2.loss_iou: 0.1215  d3.loss_cls: 0.0001  d3.loss_bbox: 0.0204  d3.loss_iou: 0.1216  d4.loss_cls: 0.0000  d4.loss_bbox: 0.0204  d4.loss_iou: 0.1217  enc_loss_cls: 0.0115  enc_loss_bbox: 0.0229  enc_loss_iou: 0.1335  dn_loss_cls: 0.0005  dn_loss_bbox: 0.0193  dn_loss_iou: 0.1175  d0.dn_loss_cls: 0.0035  d0.dn_loss_bbox: 0.0261  d0.dn_loss_iou: 0.1527  d1.dn_loss_cls: 0.0009  d1.dn_loss_bbox: 0.0196  d1.dn_loss_iou: 0.1191  d2.dn_loss_cls: 0.0005  d2.dn_loss_bbox: 0.0193  d2.dn_loss_iou: 0.1175  d3.dn_loss_cls: 0.0004  d3.dn_loss_bbox: 0.0193  d3.dn_loss_iou: 0.1174  d4.dn_loss_cls: 0.0005  d4.dn_loss_bbox: 0.0193  d4.dn_loss_iou: 0.1174
2026/03/26 06:11:10 - mmengine - INFO - Epoch(train) [42][100/238]  base_lr: 5.0500e-05 lr: 5.0500e-05  eta: 6:08:54  time: 1.9375  data_time: 0.0046  memory: 42375  grad_norm: 59.9164  loss: 1.9448  loss_cls: 0.0004  loss_bbox: 0.0214  loss_iou: 0.1240  d0.loss_cls: 0.0032  d0.loss_bbox: 0.0220  d0.loss_iou: 0.1263  d1.loss_cls: 0.0007  d1.loss_bbox: 0.0214  d1.loss_iou: 0.1244  d2.loss_cls: 0.0007  d2.loss_bbox: 0.0214  d2.loss_iou: 0.1237  d3.loss_cls: 0.0004  d3.loss_bbox: 0.0214  d3.loss_iou: 0.1237  d4.loss_cls: 0.0004  d4.loss_bbox: 0.0214  d4.loss_iou: 0.1239  enc_loss_cls: 0.0125  enc_loss_bbox: 0.0248  enc_loss_iou: 0.1375  dn_loss_cls: 0.0004  dn_loss_bbox: 0.0197  dn_loss_iou: 0.1199  d0.dn_loss_cls: 0.0036  d0.dn_loss_bbox: 0.0267  d0.dn_loss_iou: 0.1559  d1.dn_loss_cls: 0.0009  d1.dn_loss_bbox: 0.0201  d1.dn_loss_iou: 0.1219  d2.dn_loss_cls: 0.0005  d2.dn_loss_bbox: 0.0197  d2.dn_loss_iou: 0.1199  d3.dn_loss_cls: 0.0004  d3.dn_loss_bbox: 0.0197  d3.dn_loss_iou: 0.1199  d4.dn_loss_cls: 0.0003  d4.dn_loss_bbox: 0.0197  d4.dn_loss_iou: 0.1199
2026/03/26 06:12:55 - mmengine - INFO - Epoch(train) [42][150/238]  base_lr: 5.0500e-05 lr: 5.0500e-05  eta: 6:06:39  time: 2.0948  data_time: 0.0057  memory: 42375  grad_norm: 70.1926  loss: 1.9340  loss_cls: 0.0004  loss_bbox: 0.0215  loss_iou: 0.1247  d0.loss_cls: 0.0035  d0.loss_bbox: 0.0220  d0.loss_iou: 0.1276  d1.loss_cls: 0.0019  d1.loss_bbox: 0.0209  d1.loss_iou: 0.1236  d2.loss_cls: 0.0006  d2.loss_bbox: 0.0215  d2.loss_iou: 0.1246  d3.loss_cls: 0.0013  d3.loss_bbox: 0.0207  d3.loss_iou: 0.1237  d4.loss_cls: 0.0013  d4.loss_bbox: 0.0207  d4.loss_iou: 0.1236  enc_loss_cls: 0.0125  enc_loss_bbox: 0.0247  enc_loss_iou: 0.1381  dn_loss_cls: 0.0004  dn_loss_bbox: 0.0190  dn_loss_iou: 0.1181  d0.dn_loss_cls: 0.0036  d0.dn_loss_bbox: 0.0258  d0.dn_loss_iou: 0.1548  d1.dn_loss_cls: 0.0009  d1.dn_loss_bbox: 0.0194  d1.dn_loss_iou: 0.1199  d2.dn_loss_cls: 0.0006  d2.dn_loss_bbox: 0.0191  d2.dn_loss_iou: 0.1181  d3.dn_loss_cls: 0.0005  d3.dn_loss_bbox: 0.0190  d3.dn_loss_iou: 0.1179  d4.dn_loss_cls: 0.0004  d4.dn_loss_bbox: 0.0190  d4.dn_loss_iou: 0.1180
2026/03/26 06:14:36 - mmengine - INFO - Epoch(train) [42][200/238]  base_lr: 5.0500e-05 lr: 5.0500e-05  eta: 6:04:21  time: 2.0288  data_time: 0.0045  memory: 42375  grad_norm: 59.5940  loss: 1.8641  loss_cls: 0.0001  loss_bbox: 0.0198  loss_iou: 0.1193  d0.loss_cls: 0.0035  d0.loss_bbox: 0.0202  d0.loss_iou: 0.1214  d1.loss_cls: 0.0006  d1.loss_bbox: 0.0198  d1.loss_iou: 0.1198  d2.loss_cls: 0.0003  d2.loss_bbox: 0.0198  d2.loss_iou: 0.1195  d3.loss_cls: 0.0001  d3.loss_bbox: 0.0198  d3.loss_iou: 0.1191  d4.loss_cls: 0.0001  d4.loss_bbox: 0.0198  d4.loss_iou: 0.1192  enc_loss_cls: 0.0114  enc_loss_bbox: 0.0227  enc_loss_iou: 0.1324  dn_loss_cls: 0.0001  dn_loss_bbox: 0.0188  dn_loss_iou: 0.1152  d0.dn_loss_cls: 0.0035  d0.dn_loss_bbox: 0.0258  d0.dn_loss_iou: 0.1519  d1.dn_loss_cls: 0.0007  d1.dn_loss_bbox: 0.0192  d1.dn_loss_iou: 0.1175  d2.dn_loss_cls: 0.0004  d2.dn_loss_bbox: 0.0188  d2.dn_loss_iou: 0.1153  d3.dn_loss_cls: 0.0002  d3.dn_loss_bbox: 0.0188  d3.dn_loss_iou: 0.1151  d4.dn_loss_cls: 0.0001  d4.dn_loss_bbox: 0.0188  d4.dn_loss_iou: 0.1152
2026/03/26 06:15:53 - mmengine - INFO - Exp name: dino_4scale_r50_uatd_80e_pretrained_20260325_231646
2026/03/26 06:16:05 - mmengine - INFO - Epoch(val) [42][ 50/100]    eta: 0:00:11  time: 0.2341  data_time: 0.0182  memory: 42375  
2026/03/26 06:16:16 - mmengine - INFO - Epoch(val) [42][100/100]    eta: 0:00:00  time: 0.2272  data_time: 0.0128  memory: 1533  
2026/03/26 06:16:19 - mmengine - INFO - Evaluating bbox...
2026/03/26 06:16:27 - mmengine - INFO - bbox_mAP_copypaste: 0.338 0.788 0.221 0.465 0.339 0.320
2026/03/26 06:16:27 - mmengine - INFO - Epoch(val) [42][100/100]    coco/bbox_mAP: 0.3380  coco/bbox_mAP_50: 0.7880  coco/bbox_mAP_75: 0.2210  coco/bbox_mAP_s: 0.4650  coco/bbox_mAP_m: 0.3390  coco/bbox_mAP_l: 0.3200  data_time: 0.0154  time: 0.2301
2026/03/26 06:16:37 - mmengine - INFO - Exp name: dino_4scale_r50_uatd_80e_pretrained_20260325_231646
2026/03/26 06:18:02 - mmengine - INFO - Epoch(train) [43][ 50/238]  base_lr: 4.9197e-05 lr: 4.9197e-05  eta: 6:00:14  time: 1.9110  data_time: 0.0175  memory: 42375  grad_norm: 59.5468  loss: 1.8779  loss_cls: 0.0006  loss_bbox: 0.0196  loss_iou: 0.1194  d0.loss_cls: 0.0052  d0.loss_bbox: 0.0201  d0.loss_iou: 0.1217  d1.loss_cls: 0.0020  d1.loss_bbox: 0.0196  d1.loss_iou: 0.1192  d2.loss_cls: 0.0010  d2.loss_bbox: 0.0195  d2.loss_iou: 0.1191  d3.loss_cls: 0.0007  d3.loss_bbox: 0.0195  d3.loss_iou: 0.1192  d4.loss_cls: 0.0006  d4.loss_bbox: 0.0195  d4.loss_iou: 0.1192  enc_loss_cls: 0.0148  enc_loss_bbox: 0.0229  enc_loss_iou: 0.1339  dn_loss_cls: 0.0005  dn_loss_bbox: 0.0189  dn_loss_iou: 0.1162  d0.dn_loss_cls: 0.0040  d0.dn_loss_bbox: 0.0255  d0.dn_loss_iou: 0.1508  d1.dn_loss_cls: 0.0011  d1.dn_loss_bbox: 0.0193  d1.dn_loss_iou: 0.1179  d2.dn_loss_cls: 0.0007  d2.dn_loss_bbox: 0.0189  d2.dn_loss_iou: 0.1162  d3.dn_loss_cls: 0.0005  d3.dn_loss_bbox: 0.0189  d3.dn_loss_iou: 0.1161  d4.dn_loss_cls: 0.0004  d4.dn_loss_bbox: 0.0189  d4.dn_loss_iou: 0.1161
2026/03/26 06:19:35 - mmengine - INFO - Epoch(train) [43][100/238]  base_lr: 4.9197e-05 lr: 4.9197e-05  eta: 5:57:49  time: 1.8464  data_time: 0.0050  memory: 42426  grad_norm: 67.6487  loss: 1.8634  loss_cls: 0.0002  loss_bbox: 0.0205  loss_iou: 0.1197  d0.loss_cls: 0.0022  d0.loss_bbox: 0.0210  d0.loss_iou: 0.1221  d1.loss_cls: 0.0006  d1.loss_bbox: 0.0205  d1.loss_iou: 0.1193  d2.loss_cls: 0.0003  d2.loss_bbox: 0.0205  d2.loss_iou: 0.1194  d3.loss_cls: 0.0003  d3.loss_bbox: 0.0205  d3.loss_iou: 0.1196  d4.loss_cls: 0.0002  d4.loss_bbox: 0.0205  d4.loss_iou: 0.1197  enc_loss_cls: 0.0119  enc_loss_bbox: 0.0234  enc_loss_iou: 0.1326  dn_loss_cls: 0.0003  dn_loss_bbox: 0.0187  dn_loss_iou: 0.1136  d0.dn_loss_cls: 0.0035  d0.dn_loss_bbox: 0.0261  d0.dn_loss_iou: 0.1528  d1.dn_loss_cls: 0.0008  d1.dn_loss_bbox: 0.0191  d1.dn_loss_iou: 0.1155  d2.dn_loss_cls: 0.0004  d2.dn_loss_bbox: 0.0187  d2.dn_loss_iou: 0.1136  d3.dn_loss_cls: 0.0003  d3.dn_loss_bbox: 0.0187  d3.dn_loss_iou: 0.1135  d4.dn_loss_cls: 0.0003  d4.dn_loss_bbox: 0.0187  d4.dn_loss_iou: 0.1136
2026/03/26 06:21:17 - mmengine - INFO - Epoch(train) [43][150/238]  base_lr: 4.9197e-05 lr: 4.9197e-05  eta: 5:55:34  time: 2.0478  data_time: 0.0054  memory: 42375  grad_norm: 62.8824  loss: 1.8390  loss_cls: 0.0002  loss_bbox: 0.0201  loss_iou: 0.1171  d0.loss_cls: 0.0018  d0.loss_bbox: 0.0205  d0.loss_iou: 0.1191  d1.loss_cls: 0.0007  d1.loss_bbox: 0.0201  d1.loss_iou: 0.1168  d2.loss_cls: 0.0005  d2.loss_bbox: 0.0200  d2.loss_iou: 0.1170  d3.loss_cls: 0.0003  d3.loss_bbox: 0.0200  d3.loss_iou: 0.1171  d4.loss_cls: 0.0003  d4.loss_bbox: 0.0201  d4.loss_iou: 0.1172  enc_loss_cls: 0.0120  enc_loss_bbox: 0.0233  enc_loss_iou: 0.1307  dn_loss_cls: 0.0002  dn_loss_bbox: 0.0186  dn_loss_iou: 0.1137  d0.dn_loss_cls: 0.0035  d0.dn_loss_bbox: 0.0258  d0.dn_loss_iou: 0.1493  d1.dn_loss_cls: 0.0008  d1.dn_loss_bbox: 0.0191  d1.dn_loss_iou: 0.1155  d2.dn_loss_cls: 0.0004  d2.dn_loss_bbox: 0.0187  d2.dn_loss_iou: 0.1137  d3.dn_loss_cls: 0.0002  d3.dn_loss_bbox: 0.0186  d3.dn_loss_iou: 0.1136  d4.dn_loss_cls: 0.0002  d4.dn_loss_bbox: 0.0186  d4.dn_loss_iou: 0.1136
2026/03/26 06:23:21 - mmengine - INFO - Epoch(train) [43][200/238]  base_lr: 4.9197e-05 lr: 4.9197e-05  eta: 5:53:37  time: 2.4733  data_time: 0.0069  memory: 42375  grad_norm: 57.3277  loss: 1.8735  loss_cls: 0.0001  loss_bbox: 0.0199  loss_iou: 0.1199  d0.loss_cls: 0.0025  d0.loss_bbox: 0.0204  d0.loss_iou: 0.1228  d1.loss_cls: 0.0007  d1.loss_bbox: 0.0199  d1.loss_iou: 0.1202  d2.loss_cls: 0.0004  d2.loss_bbox: 0.0199  d2.loss_iou: 0.1197  d3.loss_cls: 0.0002  d3.loss_bbox: 0.0199  d3.loss_iou: 0.1197  d4.loss_cls: 0.0001  d4.loss_bbox: 0.0199  d4.loss_iou: 0.1198  enc_loss_cls: 0.0114  enc_loss_bbox: 0.0232  enc_loss_iou: 0.1346  dn_loss_cls: 0.0003  dn_loss_bbox: 0.0188  dn_loss_iou: 0.1162  d0.dn_loss_cls: 0.0031  d0.dn_loss_bbox: 0.0254  d0.dn_loss_iou: 0.1503  d1.dn_loss_cls: 0.0007  d1.dn_loss_bbox: 0.0192  d1.dn_loss_iou: 0.1179  d2.dn_loss_cls: 0.0005  d2.dn_loss_bbox: 0.0189  d2.dn_loss_iou: 0.1163  d3.dn_loss_cls: 0.0004  d3.dn_loss_bbox: 0.0188  d3.dn_loss_iou: 0.1162  d4.dn_loss_cls: 0.0003  d4.dn_loss_bbox: 0.0188  d4.dn_loss_iou: 0.1162
2026/03/26 06:24:32 - mmengine - INFO - Exp name: dino_4scale_r50_uatd_80e_pretrained_20260325_231646
2026/03/26 06:26:13 - mmengine - INFO - Epoch(train) [44][ 50/238]  base_lr: 4.7895e-05 lr: 4.7895e-05  eta: 5:49:33  time: 2.0316  data_time: 0.0239  memory: 42375  grad_norm: 61.1921  loss: 1.7813  loss_cls: 0.0002  loss_bbox: 0.0187  loss_iou: 0.1138  d0.loss_cls: 0.0069  d0.loss_bbox: 0.0192  d0.loss_iou: 0.1165  d1.loss_cls: 0.0011  d1.loss_bbox: 0.0188  d1.loss_iou: 0.1140  d2.loss_cls: 0.0009  d2.loss_bbox: 0.0187  d2.loss_iou: 0.1139  d3.loss_cls: 0.0004  d3.loss_bbox: 0.0187  d3.loss_iou: 0.1135  d4.loss_cls: 0.0002  d4.loss_bbox: 0.0187  d4.loss_iou: 0.1138  enc_loss_cls: 0.0108  enc_loss_bbox: 0.0212  enc_loss_iou: 0.1240  dn_loss_cls: 0.0001  dn_loss_bbox: 0.0179  dn_loss_iou: 0.1103  d0.dn_loss_cls: 0.0030  d0.dn_loss_bbox: 0.0247  d0.dn_loss_iou: 0.1455  d1.dn_loss_cls: 0.0006  d1.dn_loss_bbox: 0.0182  d1.dn_loss_iou: 0.1121  d2.dn_loss_cls: 0.0003  d2.dn_loss_bbox: 0.0179  d2.dn_loss_iou: 0.1105  d3.dn_loss_cls: 0.0002  d3.dn_loss_bbox: 0.0178  d3.dn_loss_iou: 0.1102  d4.dn_loss_cls: 0.0001  d4.dn_loss_bbox: 0.0179  d4.dn_loss_iou: 0.1102
2026/03/26 06:27:46 - mmengine - INFO - Epoch(train) [44][100/238]  base_lr: 4.7895e-05 lr: 4.7895e-05  eta: 5:47:10  time: 1.8491  data_time: 0.0046  memory: 42375  grad_norm: 59.3570  loss: 1.8379  loss_cls: 0.0005  loss_bbox: 0.0201  loss_iou: 0.1177  d0.loss_cls: 0.0037  d0.loss_bbox: 0.0205  d0.loss_iou: 0.1201  d1.loss_cls: 0.0013  d1.loss_bbox: 0.0201  d1.loss_iou: 0.1184  d2.loss_cls: 0.0006  d2.loss_bbox: 0.0201  d2.loss_iou: 0.1179  d3.loss_cls: 0.0005  d3.loss_bbox: 0.0201  d3.loss_iou: 0.1178  d4.loss_cls: 0.0005  d4.loss_bbox: 0.0201  d4.loss_iou: 0.1177  enc_loss_cls: 0.0102  enc_loss_bbox: 0.0226  enc_loss_iou: 0.1292  dn_loss_cls: 0.0003  dn_loss_bbox: 0.0186  dn_loss_iou: 0.1127  d0.dn_loss_cls: 0.0035  d0.dn_loss_bbox: 0.0255  d0.dn_loss_iou: 0.1486  d1.dn_loss_cls: 0.0008  d1.dn_loss_bbox: 0.0189  d1.dn_loss_iou: 0.1143  d2.dn_loss_cls: 0.0004  d2.dn_loss_bbox: 0.0186  d2.dn_loss_iou: 0.1127  d3.dn_loss_cls: 0.0003  d3.dn_loss_bbox: 0.0186  d3.dn_loss_iou: 0.1126  d4.dn_loss_cls: 0.0003  d4.dn_loss_bbox: 0.0186  d4.dn_loss_iou: 0.1126
2026/03/26 06:29:18 - mmengine - INFO - Epoch(train) [44][150/238]  base_lr: 4.7895e-05 lr: 4.7895e-05  eta: 5:44:48  time: 1.8460  data_time: 0.0047  memory: 42375  grad_norm: 57.8479  loss: 1.8323  loss_cls: 0.0004  loss_bbox: 0.0199  loss_iou: 0.1167  d0.loss_cls: 0.0048  d0.loss_bbox: 0.0203  d0.loss_iou: 0.1186  d1.loss_cls: 0.0012  d1.loss_bbox: 0.0199  d1.loss_iou: 0.1168  d2.loss_cls: 0.0004  d2.loss_bbox: 0.0199  d2.loss_iou: 0.1163  d3.loss_cls: 0.0004  d3.loss_bbox: 0.0199  d3.loss_iou: 0.1165  d4.loss_cls: 0.0004  d4.loss_bbox: 0.0199  d4.loss_iou: 0.1167  enc_loss_cls: 0.0112  enc_loss_bbox: 0.0232  enc_loss_iou: 0.1293  dn_loss_cls: 0.0005  dn_loss_bbox: 0.0184  dn_loss_iou: 0.1126  d0.dn_loss_cls: 0.0040  d0.dn_loss_bbox: 0.0257  d0.dn_loss_iou: 0.1494  d1.dn_loss_cls: 0.0011  d1.dn_loss_bbox: 0.0188  d1.dn_loss_iou: 0.1148  d2.dn_loss_cls: 0.0007  d2.dn_loss_bbox: 0.0184  d2.dn_loss_iou: 0.1126  d3.dn_loss_cls: 0.0005  d3.dn_loss_bbox: 0.0184  d3.dn_loss_iou: 0.1125  d4.dn_loss_cls: 0.0005  d4.dn_loss_bbox: 0.0184  d4.dn_loss_iou: 0.1126
2026/03/26 06:30:53 - mmengine - INFO - Epoch(train) [44][200/238]  base_lr: 4.7895e-05 lr: 4.7895e-05  eta: 5:42:28  time: 1.8968  data_time: 0.0050  memory: 42375  grad_norm: 68.3675  loss: 1.8485  loss_cls: 0.0000  loss_bbox: 0.0194  loss_iou: 0.1182  d0.loss_cls: 0.0025  d0.loss_bbox: 0.0199  d0.loss_iou: 0.1202  d1.loss_cls: 0.0004  d1.loss_bbox: 0.0195  d1.loss_iou: 0.1185  d2.loss_cls: 0.0003  d2.loss_bbox: 0.0194  d2.loss_iou: 0.1178  d3.loss_cls: 0.0001  d3.loss_bbox: 0.0194  d3.loss_iou: 0.1180  d4.loss_cls: 0.0001  d4.loss_bbox: 0.0194  d4.loss_iou: 0.1181  enc_loss_cls: 0.0116  enc_loss_bbox: 0.0224  enc_loss_iou: 0.1301  dn_loss_cls: 0.0002  dn_loss_bbox: 0.0185  dn_loss_iou: 0.1150  d0.dn_loss_cls: 0.0034  d0.dn_loss_bbox: 0.0257  d0.dn_loss_iou: 0.1532  d1.dn_loss_cls: 0.0007  d1.dn_loss_bbox: 0.0189  d1.dn_loss_iou: 0.1169  d2.dn_loss_cls: 0.0004  d2.dn_loss_bbox: 0.0185  d2.dn_loss_iou: 0.1148  d3.dn_loss_cls: 0.0003  d3.dn_loss_bbox: 0.0185  d3.dn_loss_iou: 0.1147  d4.dn_loss_cls: 0.0002  d4.dn_loss_bbox: 0.0185  d4.dn_loss_iou: 0.1149
2026/03/26 06:32:01 - mmengine - INFO - Exp name: dino_4scale_r50_uatd_80e_pretrained_20260325_231646
2026/03/26 06:32:11 - mmengine - INFO - Epoch(val) [44][ 50/100]    eta: 0:00:10  time: 0.2039  data_time: 0.0147  memory: 42375  
2026/03/26 06:32:21 - mmengine - INFO - Epoch(val) [44][100/100]    eta: 0:00:00  time: 0.1996  data_time: 0.0101  memory: 1533  
2026/03/26 06:32:24 - mmengine - INFO - Evaluating bbox...
2026/03/26 06:32:32 - mmengine - INFO - bbox_mAP_copypaste: 0.339 0.791 0.217 0.468 0.341 0.325
2026/03/26 06:32:32 - mmengine - INFO - Epoch(val) [44][100/100]    coco/bbox_mAP: 0.3390  coco/bbox_mAP_50: 0.7910  coco/bbox_mAP_75: 0.2170  coco/bbox_mAP_s: 0.4680  coco/bbox_mAP_m: 0.3410  coco/bbox_mAP_l: 0.3250  data_time: 0.0124  time: 0.2014
2026/03/26 06:34:10 - mmengine - INFO - Epoch(train) [45][ 50/238]  base_lr: 4.6592e-05 lr: 4.6592e-05  eta: 5:38:22  time: 1.9581  data_time: 0.0237  memory: 42375  grad_norm: 65.3009  loss: 1.8217  loss_cls: 0.0012  loss_bbox: 0.0201  loss_iou: 0.1166  d0.loss_cls: 0.0043  d0.loss_bbox: 0.0212  d0.loss_iou: 0.1191  d1.loss_cls: 0.0018  d1.loss_bbox: 0.0200  d1.loss_iou: 0.1169  d2.loss_cls: 0.0016  d2.loss_bbox: 0.0199  d2.loss_iou: 0.1166  d3.loss_cls: 0.0011  d3.loss_bbox: 0.0201  d3.loss_iou: 0.1163  d4.loss_cls: 0.0013  d4.loss_bbox: 0.0201  d4.loss_iou: 0.1165  enc_loss_cls: 0.0133  enc_loss_bbox: 0.0229  enc_loss_iou: 0.1264  dn_loss_cls: 0.0006  dn_loss_bbox: 0.0176  dn_loss_iou: 0.1109  d0.dn_loss_cls: 0.0043  d0.dn_loss_bbox: 0.0244  d0.dn_loss_iou: 0.1473  d1.dn_loss_cls: 0.0015  d1.dn_loss_bbox: 0.0180  d1.dn_loss_iou: 0.1128  d2.dn_loss_cls: 0.0010  d2.dn_loss_bbox: 0.0176  d2.dn_loss_iou: 0.1107  d3.dn_loss_cls: 0.0008  d3.dn_loss_bbox: 0.0176  d3.dn_loss_iou: 0.1106  d4.dn_loss_cls: 0.0007  d4.dn_loss_bbox: 0.0176  d4.dn_loss_iou: 0.1107
2026/03/26 06:36:02 - mmengine - INFO - Epoch(train) [45][100/238]  base_lr: 4.6592e-05 lr: 4.6592e-05  eta: 5:36:18  time: 2.2455  data_time: 0.0057  memory: 42375  grad_norm: 61.2144  loss: 1.7436  loss_cls: 0.0003  loss_bbox: 0.0184  loss_iou: 0.1116  d0.loss_cls: 0.0036  d0.loss_bbox: 0.0189  d0.loss_iou: 0.1140  d1.loss_cls: 0.0011  d1.loss_bbox: 0.0185  d1.loss_iou: 0.1115  d2.loss_cls: 0.0005  d2.loss_bbox: 0.0184  d2.loss_iou: 0.1113  d3.loss_cls: 0.0003  d3.loss_bbox: 0.0184  d3.loss_iou: 0.1115  d4.loss_cls: 0.0002  d4.loss_bbox: 0.0184  d4.loss_iou: 0.1116  enc_loss_cls: 0.0120  enc_loss_bbox: 0.0217  enc_loss_iou: 0.1254  dn_loss_cls: 0.0002  dn_loss_bbox: 0.0173  dn_loss_iou: 0.1073  d0.dn_loss_cls: 0.0034  d0.dn_loss_bbox: 0.0239  d0.dn_loss_iou: 0.1421  d1.dn_loss_cls: 0.0008  d1.dn_loss_bbox: 0.0176  d1.dn_loss_iou: 0.1089  d2.dn_loss_cls: 0.0004  d2.dn_loss_bbox: 0.0173  d2.dn_loss_iou: 0.1074  d3.dn_loss_cls: 0.0002  d3.dn_loss_bbox: 0.0173  d3.dn_loss_iou: 0.1072  d4.dn_loss_cls: 0.0002  d4.dn_loss_bbox: 0.0173  d4.dn_loss_iou: 0.1072
2026/03/26 06:37:55 - mmengine - INFO - Epoch(train) [45][150/238]  base_lr: 4.6592e-05 lr: 4.6592e-05  eta: 5:34:13  time: 2.2463  data_time: 0.0056  memory: 42375  grad_norm: 61.2728  loss: 1.7452  loss_cls: 0.0000  loss_bbox: 0.0185  loss_iou: 0.1113  d0.loss_cls: 0.0022  d0.loss_bbox: 0.0190  d0.loss_iou: 0.1131  d1.loss_cls: 0.0005  d1.loss_bbox: 0.0186  d1.loss_iou: 0.1118  d2.loss_cls: 0.0002  d2.loss_bbox: 0.0185  d2.loss_iou: 0.1111  d3.loss_cls: 0.0001  d3.loss_bbox: 0.0185  d3.loss_iou: 0.1113  d4.loss_cls: 0.0000  d4.loss_bbox: 0.0185  d4.loss_iou: 0.1113  enc_loss_cls: 0.0119  enc_loss_bbox: 0.0213  enc_loss_iou: 0.1231  dn_loss_cls: 0.0001  dn_loss_bbox: 0.0178  dn_loss_iou: 0.1085  d0.dn_loss_cls: 0.0029  d0.dn_loss_bbox: 0.0243  d0.dn_loss_iou: 0.1425  d1.dn_loss_cls: 0.0006  d1.dn_loss_bbox: 0.0181  d1.dn_loss_iou: 0.1100  d2.dn_loss_cls: 0.0003  d2.dn_loss_bbox: 0.0178  d2.dn_loss_iou: 0.1086  d3.dn_loss_cls: 0.0002  d3.dn_loss_bbox: 0.0178  d3.dn_loss_iou: 0.1085  d4.dn_loss_cls: 0.0001  d4.dn_loss_bbox: 0.0178  d4.dn_loss_iou: 0.1085
2026/03/26 06:39:28 - mmengine - INFO - Epoch(train) [45][200/238]  base_lr: 4.6592e-05 lr: 4.6592e-05  eta: 5:31:54  time: 1.8767  data_time: 0.0048  memory: 42375  grad_norm: 60.3146  loss: 1.7346  loss_cls: 0.0001  loss_bbox: 0.0185  loss_iou: 0.1098  d0.loss_cls: 0.0031  d0.loss_bbox: 0.0189  d0.loss_iou: 0.1126  d1.loss_cls: 0.0011  d1.loss_bbox: 0.0186  d1.loss_iou: 0.1105  d2.loss_cls: 0.0004  d2.loss_bbox: 0.0185  d2.loss_iou: 0.1101  d3.loss_cls: 0.0002  d3.loss_bbox: 0.0185  d3.loss_iou: 0.1100  d4.loss_cls: 0.0001  d4.loss_bbox: 0.0185  d4.loss_iou: 0.1099  enc_loss_cls: 0.0120  enc_loss_bbox: 0.0216  enc_loss_iou: 0.1225  dn_loss_cls: 0.0002  dn_loss_bbox: 0.0178  dn_loss_iou: 0.1074  d0.dn_loss_cls: 0.0034  d0.dn_loss_bbox: 0.0244  d0.dn_loss_iou: 0.1416  d1.dn_loss_cls: 0.0008  d1.dn_loss_bbox: 0.0182  d1.dn_loss_iou: 0.1090  d2.dn_loss_cls: 0.0004  d2.dn_loss_bbox: 0.0178  d2.dn_loss_iou: 0.1073  d3.dn_loss_cls: 0.0003  d3.dn_loss_bbox: 0.0178  d3.dn_loss_iou: 0.1073  d4.dn_loss_cls: 0.0002  d4.dn_loss_bbox: 0.0178  d4.dn_loss_iou: 0.1074
2026/03/26 06:40:37 - mmengine - INFO - Exp name: dino_4scale_r50_uatd_80e_pretrained_20260325_231646
2026/03/26 06:42:25 - mmengine - INFO - Epoch(train) [46][ 50/238]  base_lr: 4.5289e-05 lr: 4.5289e-05  eta: 5:27:59  time: 2.1432  data_time: 0.0188  memory: 42375  grad_norm: 67.4040  loss: 1.7315  loss_cls: 0.0001  loss_bbox: 0.0186  loss_iou: 0.1105  d0.loss_cls: 0.0022  d0.loss_bbox: 0.0191  d0.loss_iou: 0.1131  d1.loss_cls: 0.0005  d1.loss_bbox: 0.0186  d1.loss_iou: 0.1106  d2.loss_cls: 0.0003  d2.loss_bbox: 0.0185  d2.loss_iou: 0.1102  d3.loss_cls: 0.0001  d3.loss_bbox: 0.0185  d3.loss_iou: 0.1102  d4.loss_cls: 0.0001  d4.loss_bbox: 0.0185  d4.loss_iou: 0.1104  enc_loss_cls: 0.0105  enc_loss_bbox: 0.0214  enc_loss_iou: 0.1230  dn_loss_cls: 0.0002  dn_loss_bbox: 0.0172  dn_loss_iou: 0.1068  d0.dn_loss_cls: 0.0033  d0.dn_loss_bbox: 0.0246  d0.dn_loss_iou: 0.1452  d1.dn_loss_cls: 0.0007  d1.dn_loss_bbox: 0.0176  d1.dn_loss_iou: 0.1082  d2.dn_loss_cls: 0.0004  d2.dn_loss_bbox: 0.0173  d2.dn_loss_iou: 0.1068  d3.dn_loss_cls: 0.0003  d3.dn_loss_bbox: 0.0172  d3.dn_loss_iou: 0.1066  d4.dn_loss_cls: 0.0002  d4.dn_loss_bbox: 0.0172  d4.dn_loss_iou: 0.1067
2026/03/26 06:44:00 - mmengine - INFO - Epoch(train) [46][100/238]  base_lr: 4.5289e-05 lr: 4.5289e-05  eta: 5:25:43  time: 1.9128  data_time: 0.0050  memory: 42375  grad_norm: 58.4376  loss: 1.6961  loss_cls: 0.0001  loss_bbox: 0.0181  loss_iou: 0.1075  d0.loss_cls: 0.0023  d0.loss_bbox: 0.0185  d0.loss_iou: 0.1102  d1.loss_cls: 0.0006  d1.loss_bbox: 0.0181  d1.loss_iou: 0.1082  d2.loss_cls: 0.0004  d2.loss_bbox: 0.0181  d2.loss_iou: 0.1075  d3.loss_cls: 0.0002  d3.loss_bbox: 0.0181  d3.loss_iou: 0.1075  d4.loss_cls: 0.0001  d4.loss_bbox: 0.0181  d4.loss_iou: 0.1076  enc_loss_cls: 0.0102  enc_loss_bbox: 0.0209  enc_loss_iou: 0.1195  dn_loss_cls: 0.0002  dn_loss_bbox: 0.0172  dn_loss_iou: 0.1054  d0.dn_loss_cls: 0.0029  d0.dn_loss_bbox: 0.0240  d0.dn_loss_iou: 0.1406  d1.dn_loss_cls: 0.0006  d1.dn_loss_bbox: 0.0176  d1.dn_loss_iou: 0.1072  d2.dn_loss_cls: 0.0003  d2.dn_loss_bbox: 0.0172  d2.dn_loss_iou: 0.1055  d3.dn_loss_cls: 0.0002  d3.dn_loss_bbox: 0.0172  d3.dn_loss_iou: 0.1053  d4.dn_loss_cls: 0.0002  d4.dn_loss_bbox: 0.0172  d4.dn_loss_iou: 0.1054
2026/03/26 06:45:34 - mmengine - INFO - Epoch(train) [46][150/238]  base_lr: 4.5289e-05 lr: 4.5289e-05  eta: 5:23:25  time: 1.8808  data_time: 0.0052  memory: 42375  grad_norm: 61.2822  loss: 1.7818  loss_cls: 0.0001  loss_bbox: 0.0201  loss_iou: 0.1143  d0.loss_cls: 0.0029  d0.loss_bbox: 0.0206  d0.loss_iou: 0.1165  d1.loss_cls: 0.0006  d1.loss_bbox: 0.0201  d1.loss_iou: 0.1146  d2.loss_cls: 0.0002  d2.loss_bbox: 0.0201  d2.loss_iou: 0.1140  d3.loss_cls: 0.0001  d3.loss_bbox: 0.0201  d3.loss_iou: 0.1143  d4.loss_cls: 0.0001  d4.loss_bbox: 0.0201  d4.loss_iou: 0.1142  enc_loss_cls: 0.0117  enc_loss_bbox: 0.0227  enc_loss_iou: 0.1257  dn_loss_cls: 0.0002  dn_loss_bbox: 0.0176  dn_loss_iou: 0.1089  d0.dn_loss_cls: 0.0038  d0.dn_loss_bbox: 0.0244  d0.dn_loss_iou: 0.1438  d1.dn_loss_cls: 0.0010  d1.dn_loss_bbox: 0.0180  d1.dn_loss_iou: 0.1108  d2.dn_loss_cls: 0.0006  d2.dn_loss_bbox: 0.0176  d2.dn_loss_iou: 0.1090  d3.dn_loss_cls: 0.0003  d3.dn_loss_bbox: 0.0176  d3.dn_loss_iou: 0.1088  d4.dn_loss_cls: 0.0003  d4.dn_loss_bbox: 0.0176  d4.dn_loss_iou: 0.1088
2026/03/26 06:47:24 - mmengine - INFO - Epoch(train) [46][200/238]  base_lr: 4.5289e-05 lr: 4.5289e-05  eta: 5:21:20  time: 2.1883  data_time: 0.0064  memory: 42426  grad_norm: 56.6635  loss: 1.6466  loss_cls: 0.0003  loss_bbox: 0.0173  loss_iou: 0.1052  d0.loss_cls: 0.0023  d0.loss_bbox: 0.0177  d0.loss_iou: 0.1071  d1.loss_cls: 0.0007  d1.loss_bbox: 0.0173  d1.loss_iou: 0.1055  d2.loss_cls: 0.0003  d2.loss_bbox: 0.0173  d2.loss_iou: 0.1053  d3.loss_cls: 0.0003  d3.loss_bbox: 0.0173  d3.loss_iou: 0.1053  d4.loss_cls: 0.0004  d4.loss_bbox: 0.0173  d4.loss_iou: 0.1053  enc_loss_cls: 0.0115  enc_loss_bbox: 0.0203  enc_loss_iou: 0.1169  dn_loss_cls: 0.0001  dn_loss_bbox: 0.0164  dn_loss_iou: 0.1022  d0.dn_loss_cls: 0.0028  d0.dn_loss_bbox: 0.0226  d0.dn_loss_iou: 0.1341  d1.dn_loss_cls: 0.0006  d1.dn_loss_bbox: 0.0167  d1.dn_loss_iou: 0.1038  d2.dn_loss_cls: 0.0003  d2.dn_loss_bbox: 0.0164  d2.dn_loss_iou: 0.1022  d3.dn_loss_cls: 0.0002  d3.dn_loss_bbox: 0.0164  d3.dn_loss_iou: 0.1022  d4.dn_loss_cls: 0.0001  d4.dn_loss_bbox: 0.0164  d4.dn_loss_iou: 0.1022
2026/03/26 06:48:43 - mmengine - INFO - Exp name: dino_4scale_r50_uatd_80e_pretrained_20260325_231646
2026/03/26 06:48:55 - mmengine - INFO - Epoch(val) [46][ 50/100]    eta: 0:00:11  time: 0.2373  data_time: 0.0224  memory: 42375  
2026/03/26 06:49:07 - mmengine - INFO - Epoch(val) [46][100/100]    eta: 0:00:00  time: 0.2417  data_time: 0.0160  memory: 1533  
2026/03/26 06:49:11 - mmengine - INFO - Evaluating bbox...
2026/03/26 06:49:21 - mmengine - INFO - bbox_mAP_copypaste: 0.336 0.801 0.226 0.503 0.334 0.316
2026/03/26 06:49:22 - mmengine - INFO - Epoch(val) [46][100/100]    coco/bbox_mAP: 0.3360  coco/bbox_mAP_50: 0.8010  coco/bbox_mAP_75: 0.2260  coco/bbox_mAP_s: 0.5030  coco/bbox_mAP_m: 0.3340  coco/bbox_mAP_l: 0.3160  data_time: 0.0191  time: 0.2388
2026/03/26 06:51:17 - mmengine - INFO - Epoch(train) [47][ 50/238]  base_lr: 4.3987e-05 lr: 4.3987e-05  eta: 5:17:41  time: 2.3129  data_time: 0.0460  memory: 42375  grad_norm: 60.9253  loss: 1.6467  loss_cls: 0.0004  loss_bbox: 0.0171  loss_iou: 0.1053  d0.loss_cls: 0.0025  d0.loss_bbox: 0.0175  d0.loss_iou: 0.1073  d1.loss_cls: 0.0006  d1.loss_bbox: 0.0171  d1.loss_iou: 0.1054  d2.loss_cls: 0.0003  d2.loss_bbox: 0.0171  d2.loss_iou: 0.1051  d3.loss_cls: 0.0002  d3.loss_bbox: 0.0170  d3.loss_iou: 0.1051  d4.loss_cls: 0.0003  d4.loss_bbox: 0.0171  d4.loss_iou: 0.1053  enc_loss_cls: 0.0099  enc_loss_bbox: 0.0199  enc_loss_iou: 0.1168  dn_loss_cls: 0.0002  dn_loss_bbox: 0.0164  dn_loss_iou: 0.1020  d0.dn_loss_cls: 0.0034  d0.dn_loss_bbox: 0.0229  d0.dn_loss_iou: 0.1366  d1.dn_loss_cls: 0.0008  d1.dn_loss_bbox: 0.0168  d1.dn_loss_iou: 0.1039  d2.dn_loss_cls: 0.0004  d2.dn_loss_bbox: 0.0164  d2.dn_loss_iou: 0.1023  d3.dn_loss_cls: 0.0003  d3.dn_loss_bbox: 0.0164  d3.dn_loss_iou: 0.1020  d4.dn_loss_cls: 0.0003  d4.dn_loss_bbox: 0.0164  d4.dn_loss_iou: 0.1020
2026/03/26 06:51:21 - mmengine - INFO - Exp name: dino_4scale_r50_uatd_80e_pretrained_20260325_231646
2026/03/26 06:53:03 - mmengine - INFO - Epoch(train) [47][100/238]  base_lr: 4.3987e-05 lr: 4.3987e-05  eta: 5:15:34  time: 2.1140  data_time: 0.0058  memory: 42426  grad_norm: 58.3710  loss: 1.6788  loss_cls: 0.0000  loss_bbox: 0.0186  loss_iou: 0.1075  d0.loss_cls: 0.0019  d0.loss_bbox: 0.0190  d0.loss_iou: 0.1095  d1.loss_cls: 0.0004  d1.loss_bbox: 0.0185  d1.loss_iou: 0.1077  d2.loss_cls: 0.0002  d2.loss_bbox: 0.0186  d2.loss_iou: 0.1074  d3.loss_cls: 0.0001  d3.loss_bbox: 0.0186  d3.loss_iou: 0.1073  d4.loss_cls: 0.0000  d4.loss_bbox: 0.0186  d4.loss_iou: 0.1074  enc_loss_cls: 0.0106  enc_loss_bbox: 0.0208  enc_loss_iou: 0.1177  dn_loss_cls: 0.0003  dn_loss_bbox: 0.0167  dn_loss_iou: 0.1037  d0.dn_loss_cls: 0.0030  d0.dn_loss_bbox: 0.0230  d0.dn_loss_iou: 0.1370  d1.dn_loss_cls: 0.0007  d1.dn_loss_bbox: 0.0169  d1.dn_loss_iou: 0.1049  d2.dn_loss_cls: 0.0005  d2.dn_loss_bbox: 0.0167  d2.dn_loss_iou: 0.1036  d3.dn_loss_cls: 0.0004  d3.dn_loss_bbox: 0.0167  d3.dn_loss_iou: 0.1036  d4.dn_loss_cls: 0.0003  d4.dn_loss_bbox: 0.0167  d4.dn_loss_iou: 0.1037
2026/03/26 06:54:44 - mmengine - INFO - Epoch(train) [47][150/238]  base_lr: 4.3987e-05 lr: 4.3987e-05  eta: 5:13:23  time: 2.0157  data_time: 0.0053  memory: 42375  grad_norm: 59.5219  loss: 1.6757  loss_cls: 0.0009  loss_bbox: 0.0179  loss_iou: 0.1059  d0.loss_cls: 0.0032  d0.loss_bbox: 0.0191  d0.loss_iou: 0.1100  d1.loss_cls: 0.0015  d1.loss_bbox: 0.0179  d1.loss_iou: 0.1062  d2.loss_cls: 0.0011  d2.loss_bbox: 0.0177  d2.loss_iou: 0.1061  d3.loss_cls: 0.0009  d3.loss_bbox: 0.0179  d3.loss_iou: 0.1058  d4.loss_cls: 0.0008  d4.loss_bbox: 0.0179  d4.loss_iou: 0.1058  enc_loss_cls: 0.0104  enc_loss_bbox: 0.0216  enc_loss_iou: 0.1195  dn_loss_cls: 0.0002  dn_loss_bbox: 0.0167  dn_loss_iou: 0.1032  d0.dn_loss_cls: 0.0033  d0.dn_loss_bbox: 0.0234  d0.dn_loss_iou: 0.1378  d1.dn_loss_cls: 0.0008  d1.dn_loss_bbox: 0.0171  d1.dn_loss_iou: 0.1050  d2.dn_loss_cls: 0.0004  d2.dn_loss_bbox: 0.0167  d2.dn_loss_iou: 0.1032  d3.dn_loss_cls: 0.0003  d3.dn_loss_bbox: 0.0167  d3.dn_loss_iou: 0.1030  d4.dn_loss_cls: 0.0002  d4.dn_loss_bbox: 0.0167  d4.dn_loss_iou: 0.1031
2026/03/26 06:56:27 - mmengine - INFO - Epoch(train) [47][200/238]  base_lr: 4.3987e-05 lr: 4.3987e-05  eta: 5:11:13  time: 2.0598  data_time: 0.0056  memory: 42375  grad_norm: 58.6164  loss: 1.6574  loss_cls: 0.0000  loss_bbox: 0.0172  loss_iou: 0.1054  d0.loss_cls: 0.0028  d0.loss_bbox: 0.0178  d0.loss_iou: 0.1075  d1.loss_cls: 0.0006  d1.loss_bbox: 0.0172  d1.loss_iou: 0.1053  d2.loss_cls: 0.0001  d2.loss_bbox: 0.0172  d2.loss_iou: 0.1053  d3.loss_cls: 0.0001  d3.loss_bbox: 0.0171  d3.loss_iou: 0.1053  d4.loss_cls: 0.0000  d4.loss_bbox: 0.0171  d4.loss_iou: 0.1053  enc_loss_cls: 0.0111  enc_loss_bbox: 0.0203  enc_loss_iou: 0.1176  dn_loss_cls: 0.0002  dn_loss_bbox: 0.0166  dn_loss_iou: 0.1029  d0.dn_loss_cls: 0.0032  d0.dn_loss_bbox: 0.0233  d0.dn_loss_iou: 0.1385  d1.dn_loss_cls: 0.0007  d1.dn_loss_bbox: 0.0170  d1.dn_loss_iou: 0.1050  d2.dn_loss_cls: 0.0004  d2.dn_loss_bbox: 0.0167  d2.dn_loss_iou: 0.1031  d3.dn_loss_cls: 0.0002  d3.dn_loss_bbox: 0.0166  d3.dn_loss_iou: 0.1029  d4.dn_loss_cls: 0.0002  d4.dn_loss_bbox: 0.0166  d4.dn_loss_iou: 0.1029
2026/03/26 06:57:59 - mmengine - INFO - Exp name: dino_4scale_r50_uatd_80e_pretrained_20260325_231646
2026/03/26 06:59:54 - mmengine - INFO - Epoch(train) [48][ 50/238]  base_lr: 4.2684e-05 lr: 4.2684e-05  eta: 5:07:44  time: 2.2956  data_time: 0.0549  memory: 42375  grad_norm: 63.5080  loss: 1.6024  loss_cls: 0.0001  loss_bbox: 0.0172  loss_iou: 0.1015  d0.loss_cls: 0.0021  d0.loss_bbox: 0.0177  d0.loss_iou: 0.1045  d1.loss_cls: 0.0006  d1.loss_bbox: 0.0173  d1.loss_iou: 0.1022  d2.loss_cls: 0.0002  d2.loss_bbox: 0.0172  d2.loss_iou: 0.1015  d3.loss_cls: 0.0002  d3.loss_bbox: 0.0172  d3.loss_iou: 0.1016  d4.loss_cls: 0.0001  d4.loss_bbox: 0.0172  d4.loss_iou: 0.1016  enc_loss_cls: 0.0105  enc_loss_bbox: 0.0201  enc_loss_iou: 0.1134  dn_loss_cls: 0.0002  dn_loss_bbox: 0.0160  dn_loss_iou: 0.0990  d0.dn_loss_cls: 0.0030  d0.dn_loss_bbox: 0.0227  d0.dn_loss_iou: 0.1342  d1.dn_loss_cls: 0.0007  d1.dn_loss_bbox: 0.0163  d1.dn_loss_iou: 0.1007  d2.dn_loss_cls: 0.0004  d2.dn_loss_bbox: 0.0160  d2.dn_loss_iou: 0.0990  d3.dn_loss_cls: 0.0003  d3.dn_loss_bbox: 0.0160  d3.dn_loss_iou: 0.0988  d4.dn_loss_cls: 0.0003  d4.dn_loss_bbox: 0.0160  d4.dn_loss_iou: 0.0989
2026/03/26 07:01:48 - mmengine - INFO - Epoch(train) [48][100/238]  base_lr: 4.2684e-05 lr: 4.2684e-05  eta: 5:05:43  time: 2.2721  data_time: 0.0065  memory: 42375  grad_norm: 61.5212  loss: 1.6551  loss_cls: 0.0009  loss_bbox: 0.0177  loss_iou: 0.1067  d0.loss_cls: 0.0017  d0.loss_bbox: 0.0181  d0.loss_iou: 0.1084  d1.loss_cls: 0.0005  d1.loss_bbox: 0.0177  d1.loss_iou: 0.1062  d2.loss_cls: 0.0004  d2.loss_bbox: 0.0176  d2.loss_iou: 0.1064  d3.loss_cls: 0.0006  d3.loss_bbox: 0.0177  d3.loss_iou: 0.1066  d4.loss_cls: 0.0008  d4.loss_bbox: 0.0177  d4.loss_iou: 0.1066  enc_loss_cls: 0.0114  enc_loss_bbox: 0.0199  enc_loss_iou: 0.1166  dn_loss_cls: 0.0002  dn_loss_bbox: 0.0161  dn_loss_iou: 0.1019  d0.dn_loss_cls: 0.0035  d0.dn_loss_bbox: 0.0224  d0.dn_loss_iou: 0.1352  d1.dn_loss_cls: 0.0009  d1.dn_loss_bbox: 0.0164  d1.dn_loss_iou: 0.1034  d2.dn_loss_cls: 0.0006  d2.dn_loss_bbox: 0.0161  d2.dn_loss_iou: 0.1018  d3.dn_loss_cls: 0.0003  d3.dn_loss_bbox: 0.0161  d3.dn_loss_iou: 0.1019  d4.dn_loss_cls: 0.0003  d4.dn_loss_bbox: 0.0161  d4.dn_loss_iou: 0.1019
2026/03/26 07:03:38 - mmengine - INFO - Epoch(train) [48][150/238]  base_lr: 4.2684e-05 lr: 4.2684e-05  eta: 5:03:39  time: 2.2149  data_time: 0.0065  memory: 42375  grad_norm: 56.3690  loss: 1.6805  loss_cls: 0.0006  loss_bbox: 0.0173  loss_iou: 0.1072  d0.loss_cls: 0.0052  d0.loss_bbox: 0.0179  d0.loss_iou: 0.1101  d1.loss_cls: 0.0021  d1.loss_bbox: 0.0173  d1.loss_iou: 0.1074  d2.loss_cls: 0.0014  d2.loss_bbox: 0.0173  d2.loss_iou: 0.1069  d3.loss_cls: 0.0008  d3.loss_bbox: 0.0173  d3.loss_iou: 0.1070  d4.loss_cls: 0.0007  d4.loss_bbox: 0.0173  d4.loss_iou: 0.1071  enc_loss_cls: 0.0117  enc_loss_bbox: 0.0202  enc_loss_iou: 0.1191  dn_loss_cls: 0.0004  dn_loss_bbox: 0.0165  dn_loss_iou: 0.1036  d0.dn_loss_cls: 0.0035  d0.dn_loss_bbox: 0.0229  d0.dn_loss_iou: 0.1369  d1.dn_loss_cls: 0.0011  d1.dn_loss_bbox: 0.0168  d1.dn_loss_iou: 0.1049  d2.dn_loss_cls: 0.0008  d2.dn_loss_bbox: 0.0165  d2.dn_loss_iou: 0.1036  d3.dn_loss_cls: 0.0005  d3.dn_loss_bbox: 0.0165  d3.dn_loss_iou: 0.1035  d4.dn_loss_cls: 0.0004  d4.dn_loss_bbox: 0.0165  d4.dn_loss_iou: 0.1036
2026/03/26 07:05:25 - mmengine - INFO - Epoch(train) [48][200/238]  base_lr: 4.2684e-05 lr: 4.2684e-05  eta: 5:01:33  time: 2.1386  data_time: 0.0058  memory: 42375  grad_norm: 63.8464  loss: 1.5769  loss_cls: 0.0002  loss_bbox: 0.0160  loss_iou: 0.0993  d0.loss_cls: 0.0024  d0.loss_bbox: 0.0165  d0.loss_iou: 0.1026  d1.loss_cls: 0.0007  d1.loss_bbox: 0.0160  d1.loss_iou: 0.0998  d2.loss_cls: 0.0004  d2.loss_bbox: 0.0160  d2.loss_iou: 0.0991  d3.loss_cls: 0.0004  d3.loss_bbox: 0.0160  d3.loss_iou: 0.0992  d4.loss_cls: 0.0002  d4.loss_bbox: 0.0159  d4.loss_iou: 0.0991  enc_loss_cls: 0.0111  enc_loss_bbox: 0.0190  enc_loss_iou: 0.1127  dn_loss_cls: 0.0003  dn_loss_bbox: 0.0157  dn_loss_iou: 0.0985  d0.dn_loss_cls: 0.0032  d0.dn_loss_bbox: 0.0223  d0.dn_loss_iou: 0.1333  d1.dn_loss_cls: 0.0008  d1.dn_loss_bbox: 0.0161  d1.dn_loss_iou: 0.1002  d2.dn_loss_cls: 0.0005  d2.dn_loss_bbox: 0.0158  d2.dn_loss_iou: 0.0987  d3.dn_loss_cls: 0.0004  d3.dn_loss_bbox: 0.0157  d3.dn_loss_iou: 0.0984  d4.dn_loss_cls: 0.0003  d4.dn_loss_bbox: 0.0157  d4.dn_loss_iou: 0.0985
2026/03/26 07:06:37 - mmengine - INFO - Exp name: dino_4scale_r50_uatd_80e_pretrained_20260325_231646
2026/03/26 07:06:51 - mmengine - INFO - Epoch(val) [48][ 50/100]    eta: 0:00:13  time: 0.2646  data_time: 0.0212  memory: 42426  
2026/03/26 07:07:02 - mmengine - INFO - Epoch(val) [48][100/100]    eta: 0:00:00  time: 0.2169  data_time: 0.0154  memory: 1533  
2026/03/26 07:07:05 - mmengine - INFO - Evaluating bbox...
2026/03/26 07:07:16 - mmengine - INFO - bbox_mAP_copypaste: 0.340 0.785 0.223 0.464 0.341 0.324
2026/03/26 07:07:16 - mmengine - INFO - Epoch(val) [48][100/100]    coco/bbox_mAP: 0.3400  coco/bbox_mAP_50: 0.7850  coco/bbox_mAP_75: 0.2230  coco/bbox_mAP_s: 0.4640  coco/bbox_mAP_m: 0.3410  coco/bbox_mAP_l: 0.3240  data_time: 0.0182  time: 0.2400
2026/03/26 07:09:04 - mmengine - INFO - Epoch(train) [49][ 50/238]  base_lr: 4.1382e-05 lr: 4.1382e-05  eta: 4:57:47  time: 2.1630  data_time: 0.0336  memory: 42426  grad_norm: 65.5583  loss: 1.5590  loss_cls: 0.0002  loss_bbox: 0.0157  loss_iou: 0.0996  d0.loss_cls: 0.0028  d0.loss_bbox: 0.0161  d0.loss_iou: 0.1012  d1.loss_cls: 0.0006  d1.loss_bbox: 0.0157  d1.loss_iou: 0.0993  d2.loss_cls: 0.0004  d2.loss_bbox: 0.0157  d2.loss_iou: 0.0993  d3.loss_cls: 0.0003  d3.loss_bbox: 0.0157  d3.loss_iou: 0.0995  d4.loss_cls: 0.0003  d4.loss_bbox: 0.0157  d4.loss_iou: 0.0996  enc_loss_cls: 0.0090  enc_loss_bbox: 0.0184  enc_loss_iou: 0.1094  dn_loss_cls: 0.0002  dn_loss_bbox: 0.0154  dn_loss_iou: 0.0975  d0.dn_loss_cls: 0.0036  d0.dn_loss_bbox: 0.0217  d0.dn_loss_iou: 0.1308  d1.dn_loss_cls: 0.0009  d1.dn_loss_bbox: 0.0157  d1.dn_loss_iou: 0.0990  d2.dn_loss_cls: 0.0005  d2.dn_loss_bbox: 0.0154  d2.dn_loss_iou: 0.0975  d3.dn_loss_cls: 0.0004  d3.dn_loss_bbox: 0.0154  d3.dn_loss_iou: 0.0975  d4.dn_loss_cls: 0.0002  d4.dn_loss_bbox: 0.0154  d4.dn_loss_iou: 0.0975
2026/03/26 07:10:44 - mmengine - INFO - Epoch(train) [49][100/238]  base_lr: 4.1382e-05 lr: 4.1382e-05  eta: 4:55:38  time: 2.0041  data_time: 0.0058  memory: 42375  grad_norm: 56.2108  loss: 1.5550  loss_cls: 0.0000  loss_bbox: 0.0167  loss_iou: 0.0992  d0.loss_cls: 0.0023  d0.loss_bbox: 0.0171  d0.loss_iou: 0.1019  d1.loss_cls: 0.0007  d1.loss_bbox: 0.0167  d1.loss_iou: 0.0992  d2.loss_cls: 0.0003  d2.loss_bbox: 0.0166  d2.loss_iou: 0.0990  d3.loss_cls: 0.0001  d3.loss_bbox: 0.0167  d3.loss_iou: 0.0992  d4.loss_cls: 0.0000  d4.loss_bbox: 0.0166  d4.loss_iou: 0.0992  enc_loss_cls: 0.0096  enc_loss_bbox: 0.0193  enc_loss_iou: 0.1108  dn_loss_cls: 0.0002  dn_loss_bbox: 0.0153  dn_loss_iou: 0.0960  d0.dn_loss_cls: 0.0029  d0.dn_loss_bbox: 0.0216  d0.dn_loss_iou: 0.1289  d1.dn_loss_cls: 0.0007  d1.dn_loss_bbox: 0.0157  d1.dn_loss_iou: 0.0976  d2.dn_loss_cls: 0.0004  d2.dn_loss_bbox: 0.0154  d2.dn_loss_iou: 0.0961  d3.dn_loss_cls: 0.0002  d3.dn_loss_bbox: 0.0153  d3.dn_loss_iou: 0.0960  d4.dn_loss_cls: 0.0002  d4.dn_loss_bbox: 0.0153  d4.dn_loss_iou: 0.0960
2026/03/26 07:12:28 - mmengine - INFO - Epoch(train) [49][150/238]  base_lr: 4.1382e-05 lr: 4.1382e-05  eta: 4:53:30  time: 2.0763  data_time: 0.0055  memory: 42375  grad_norm: 56.8144  loss: 1.5792  loss_cls: 0.0001  loss_bbox: 0.0163  loss_iou: 0.1001  d0.loss_cls: 0.0023  d0.loss_bbox: 0.0168  d0.loss_iou: 0.1029  d1.loss_cls: 0.0004  d1.loss_bbox: 0.0163  d1.loss_iou: 0.1006  d2.loss_cls: 0.0002  d2.loss_bbox: 0.0163  d2.loss_iou: 0.1002  d3.loss_cls: 0.0002  d3.loss_bbox: 0.0163  d3.loss_iou: 0.1002  d4.loss_cls: 0.0001  d4.loss_bbox: 0.0163  d4.loss_iou: 0.1001  enc_loss_cls: 0.0109  enc_loss_bbox: 0.0191  enc_loss_iou: 0.1120  dn_loss_cls: 0.0003  dn_loss_bbox: 0.0156  dn_loss_iou: 0.0981  d0.dn_loss_cls: 0.0033  d0.dn_loss_bbox: 0.0221  d0.dn_loss_iou: 0.1332  d1.dn_loss_cls: 0.0008  d1.dn_loss_bbox: 0.0160  d1.dn_loss_iou: 0.0997  d2.dn_loss_cls: 0.0005  d2.dn_loss_bbox: 0.0156  d2.dn_loss_iou: 0.0983  d3.dn_loss_cls: 0.0004  d3.dn_loss_bbox: 0.0156  d3.dn_loss_iou: 0.0980  d4.dn_loss_cls: 0.0003  d4.dn_loss_bbox: 0.0156  d4.dn_loss_iou: 0.0981
2026/03/26 07:14:11 - mmengine - INFO - Epoch(train) [49][200/238]  base_lr: 4.1382e-05 lr: 4.1382e-05  eta: 4:51:23  time: 2.0573  data_time: 0.0060  memory: 42375  grad_norm: 71.9487  loss: 1.6420  loss_cls: 0.0004  loss_bbox: 0.0172  loss_iou: 0.1040  d0.loss_cls: 0.0018  d0.loss_bbox: 0.0179  d0.loss_iou: 0.1067  d1.loss_cls: 0.0007  d1.loss_bbox: 0.0174  d1.loss_iou: 0.1045  d2.loss_cls: 0.0006  d2.loss_bbox: 0.0173  d2.loss_iou: 0.1040  d3.loss_cls: 0.0005  d3.loss_bbox: 0.0173  d3.loss_iou: 0.1043  d4.loss_cls: 0.0005  d4.loss_bbox: 0.0173  d4.loss_iou: 0.1042  enc_loss_cls: 0.0092  enc_loss_bbox: 0.0207  enc_loss_iou: 0.1157  dn_loss_cls: 0.0002  dn_loss_bbox: 0.0164  dn_loss_iou: 0.1019  d0.dn_loss_cls: 0.0027  d0.dn_loss_bbox: 0.0233  d0.dn_loss_iou: 0.1389  d1.dn_loss_cls: 0.0006  d1.dn_loss_bbox: 0.0167  d1.dn_loss_iou: 0.1039  d2.dn_loss_cls: 0.0003  d2.dn_loss_bbox: 0.0164  d2.dn_loss_iou: 0.1020  d3.dn_loss_cls: 0.0002  d3.dn_loss_bbox: 0.0164  d3.dn_loss_iou: 0.1018  d4.dn_loss_cls: 0.0002  d4.dn_loss_bbox: 0.0164  d4.dn_loss_iou: 0.1018
2026/03/26 07:15:31 - mmengine - INFO - Exp name: dino_4scale_r50_uatd_80e_pretrained_20260325_231646
2026/03/26 07:17:50 - mmengine - INFO - Epoch(train) [50][ 50/238]  base_lr: 4.0079e-05 lr: 4.0079e-05  eta: 4:48:02  time: 2.7714  data_time: 0.0388  memory: 42375  grad_norm: 61.4757  loss: 1.5409  loss_cls: 0.0002  loss_bbox: 0.0158  loss_iou: 0.0977  d0.loss_cls: 0.0027  d0.loss_bbox: 0.0162  d0.loss_iou: 0.0997  d1.loss_cls: 0.0005  d1.loss_bbox: 0.0158  d1.loss_iou: 0.0981  d2.loss_cls: 0.0003  d2.loss_bbox: 0.0158  d2.loss_iou: 0.0975  d3.loss_cls: 0.0003  d3.loss_bbox: 0.0157  d3.loss_iou: 0.0977  d4.loss_cls: 0.0003  d4.loss_bbox: 0.0157  d4.loss_iou: 0.0977  enc_loss_cls: 0.0094  enc_loss_bbox: 0.0186  enc_loss_iou: 0.1090  dn_loss_cls: 0.0002  dn_loss_bbox: 0.0154  dn_loss_iou: 0.0963  d0.dn_loss_cls: 0.0031  d0.dn_loss_bbox: 0.0216  d0.dn_loss_iou: 0.1294  d1.dn_loss_cls: 0.0008  d1.dn_loss_bbox: 0.0157  d1.dn_loss_iou: 0.0979  d2.dn_loss_cls: 0.0004  d2.dn_loss_bbox: 0.0154  d2.dn_loss_iou: 0.0963  d3.dn_loss_cls: 0.0003  d3.dn_loss_bbox: 0.0154  d3.dn_loss_iou: 0.0962  d4.dn_loss_cls: 0.0002  d4.dn_loss_bbox: 0.0154  d4.dn_loss_iou: 0.0962
2026/03/26 07:19:46 - mmengine - INFO - Epoch(train) [50][100/238]  base_lr: 4.0079e-05 lr: 4.0079e-05  eta: 4:46:03  time: 2.3257  data_time: 0.0062  memory: 42375  grad_norm: 57.6360  loss: 1.5734  loss_cls: 0.0000  loss_bbox: 0.0167  loss_iou: 0.1012  d0.loss_cls: 0.0018  d0.loss_bbox: 0.0171  d0.loss_iou: 0.1033  d1.loss_cls: 0.0004  d1.loss_bbox: 0.0167  d1.loss_iou: 0.1012  d2.loss_cls: 0.0001  d2.loss_bbox: 0.0167  d2.loss_iou: 0.1009  d3.loss_cls: 0.0001  d3.loss_bbox: 0.0167  d3.loss_iou: 0.1009  d4.loss_cls: 0.0000  d4.loss_bbox: 0.0167  d4.loss_iou: 0.1010  enc_loss_cls: 0.0092  enc_loss_bbox: 0.0188  enc_loss_iou: 0.1084  dn_loss_cls: 0.0002  dn_loss_bbox: 0.0156  dn_loss_iou: 0.0973  d0.dn_loss_cls: 0.0027  d0.dn_loss_bbox: 0.0224  d0.dn_loss_iou: 0.1328  d1.dn_loss_cls: 0.0005  d1.dn_loss_bbox: 0.0159  d1.dn_loss_iou: 0.0989  d2.dn_loss_cls: 0.0003  d2.dn_loss_bbox: 0.0156  d2.dn_loss_iou: 0.0974  d3.dn_loss_cls: 0.0002  d3.dn_loss_bbox: 0.0156  d3.dn_loss_iou: 0.0973  d4.dn_loss_cls: 0.0002  d4.dn_loss_bbox: 0.0156  d4.dn_loss_iou: 0.0973
2026/03/26 07:21:39 - mmengine - INFO - Epoch(train) [50][150/238]  base_lr: 4.0079e-05 lr: 4.0079e-05  eta: 4:44:02  time: 2.2583  data_time: 0.0065  memory: 42375  grad_norm: 57.3417  loss: 1.5527  loss_cls: 0.0000  loss_bbox: 0.0163  loss_iou: 0.0989  d0.loss_cls: 0.0011  d0.loss_bbox: 0.0168  d0.loss_iou: 0.1018  d1.loss_cls: 0.0003  d1.loss_bbox: 0.0163  d1.loss_iou: 0.0993  d2.loss_cls: 0.0001  d2.loss_bbox: 0.0163  d2.loss_iou: 0.0991  d3.loss_cls: 0.0000  d3.loss_bbox: 0.0163  d3.loss_iou: 0.0990  d4.loss_cls: 0.0000  d4.loss_bbox: 0.0163  d4.loss_iou: 0.0989  enc_loss_cls: 0.0102  enc_loss_bbox: 0.0192  enc_loss_iou: 0.1101  dn_loss_cls: 0.0001  dn_loss_bbox: 0.0153  dn_loss_iou: 0.0967  d0.dn_loss_cls: 0.0028  d0.dn_loss_bbox: 0.0215  d0.dn_loss_iou: 0.1295  d1.dn_loss_cls: 0.0005  d1.dn_loss_bbox: 0.0156  d1.dn_loss_iou: 0.0980  d2.dn_loss_cls: 0.0002  d2.dn_loss_bbox: 0.0153  d2.dn_loss_iou: 0.0967  d3.dn_loss_cls: 0.0001  d3.dn_loss_bbox: 0.0153  d3.dn_loss_iou: 0.0966  d4.dn_loss_cls: 0.0001  d4.dn_loss_bbox: 0.0153  d4.dn_loss_iou: 0.0967
2026/03/26 07:23:41 - mmengine - INFO - Epoch(train) [50][200/238]  base_lr: 4.0079e-05 lr: 4.0079e-05  eta: 4:42:07  time: 2.4397  data_time: 0.0080  memory: 42375  grad_norm: 58.0057  loss: 1.5647  loss_cls: 0.0005  loss_bbox: 0.0167  loss_iou: 0.1000  d0.loss_cls: 0.0028  d0.loss_bbox: 0.0172  d0.loss_iou: 0.1024  d1.loss_cls: 0.0009  d1.loss_bbox: 0.0166  d1.loss_iou: 0.1000  d2.loss_cls: 0.0008  d2.loss_bbox: 0.0165  d2.loss_iou: 0.0995  d3.loss_cls: 0.0007  d3.loss_bbox: 0.0166  d3.loss_iou: 0.0997  d4.loss_cls: 0.0007  d4.loss_bbox: 0.0166  d4.loss_iou: 0.0998  enc_loss_cls: 0.0097  enc_loss_bbox: 0.0203  enc_loss_iou: 0.1121  dn_loss_cls: 0.0004  dn_loss_bbox: 0.0154  dn_loss_iou: 0.0954  d0.dn_loss_cls: 0.0034  d0.dn_loss_bbox: 0.0221  d0.dn_loss_iou: 0.1303  d1.dn_loss_cls: 0.0009  d1.dn_loss_bbox: 0.0157  d1.dn_loss_iou: 0.0972  d2.dn_loss_cls: 0.0006  d2.dn_loss_bbox: 0.0154  d2.dn_loss_iou: 0.0955  d3.dn_loss_cls: 0.0005  d3.dn_loss_bbox: 0.0153  d3.dn_loss_iou: 0.0953  d4.dn_loss_cls: 0.0004  d4.dn_loss_bbox: 0.0153  d4.dn_loss_iou: 0.0953
2026/03/26 07:24:59 - mmengine - INFO - Exp name: dino_4scale_r50_uatd_80e_pretrained_20260325_231646
2026/03/26 07:25:12 - mmengine - INFO - Epoch(val) [50][ 50/100]    eta: 0:00:13  time: 0.2629  data_time: 0.0207  memory: 42375  
2026/03/26 07:25:22 - mmengine - INFO - Epoch(val) [50][100/100]    eta: 0:00:00  time: 0.2112  data_time: 0.0141  memory: 1533  
2026/03/26 07:25:26 - mmengine - INFO - Evaluating bbox...
2026/03/26 07:25:35 - mmengine - INFO - bbox_mAP_copypaste: 0.337 0.793 0.223 0.454 0.336 0.327
2026/03/26 07:25:36 - mmengine - INFO - Epoch(val) [50][100/100]    coco/bbox_mAP: 0.3370  coco/bbox_mAP_50: 0.7930  coco/bbox_mAP_75: 0.2230  coco/bbox_mAP_s: 0.4540  coco/bbox_mAP_m: 0.3360  coco/bbox_mAP_l: 0.3270  data_time: 0.0173  time: 0.2364
2026/03/26 07:27:23 - mmengine - INFO - Epoch(train) [51][ 50/238]  base_lr: 3.8776e-05 lr: 3.8776e-05  eta: 4:38:26  time: 2.1494  data_time: 0.0286  memory: 42375  grad_norm: 63.0991  loss: 1.4692  loss_cls: 0.0002  loss_bbox: 0.0150  loss_iou: 0.0927  d0.loss_cls: 0.0020  d0.loss_bbox: 0.0155  d0.loss_iou: 0.0958  d1.loss_cls: 0.0005  d1.loss_bbox: 0.0150  d1.loss_iou: 0.0930  d2.loss_cls: 0.0003  d2.loss_bbox: 0.0150  d2.loss_iou: 0.0927  d3.loss_cls: 0.0002  d3.loss_bbox: 0.0150  d3.loss_iou: 0.0927  d4.loss_cls: 0.0002  d4.loss_bbox: 0.0150  d4.loss_iou: 0.0926  enc_loss_cls: 0.0089  enc_loss_bbox: 0.0177  enc_loss_iou: 0.1036  dn_loss_cls: 0.0002  dn_loss_bbox: 0.0146  dn_loss_iou: 0.0916  d0.dn_loss_cls: 0.0030  d0.dn_loss_bbox: 0.0212  d0.dn_loss_iou: 0.1267  d1.dn_loss_cls: 0.0007  d1.dn_loss_bbox: 0.0149  d1.dn_loss_iou: 0.0931  d2.dn_loss_cls: 0.0004  d2.dn_loss_bbox: 0.0146  d2.dn_loss_iou: 0.0915  d3.dn_loss_cls: 0.0003  d3.dn_loss_bbox: 0.0146  d3.dn_loss_iou: 0.0914  d4.dn_loss_cls: 0.0003  d4.dn_loss_bbox: 0.0146  d4.dn_loss_iou: 0.0915
2026/03/26 07:29:09 - mmengine - INFO - Exp name: dino_4scale_r50_uatd_80e_pretrained_20260325_231646
2026/03/26 07:29:09 - mmengine - INFO - Epoch(train) [51][100/238]  base_lr: 3.8776e-05 lr: 3.8776e-05  eta: 4:36:22  time: 2.1265  data_time: 0.0065  memory: 42375  grad_norm: 62.6238  loss: 1.4865  loss_cls: 0.0003  loss_bbox: 0.0154  loss_iou: 0.0946  d0.loss_cls: 0.0016  d0.loss_bbox: 0.0160  d0.loss_iou: 0.0964  d1.loss_cls: 0.0007  d1.loss_bbox: 0.0154  d1.loss_iou: 0.0947  d2.loss_cls: 0.0005  d2.loss_bbox: 0.0154  d2.loss_iou: 0.0946  d3.loss_cls: 0.0005  d3.loss_bbox: 0.0154  d3.loss_iou: 0.0945  d4.loss_cls: 0.0003  d4.loss_bbox: 0.0154  d4.loss_iou: 0.0945  enc_loss_cls: 0.0090  enc_loss_bbox: 0.0194  enc_loss_iou: 0.1057  dn_loss_cls: 0.0001  dn_loss_bbox: 0.0145  dn_loss_iou: 0.0922  d0.dn_loss_cls: 0.0024  d0.dn_loss_bbox: 0.0210  d0.dn_loss_iou: 0.1266  d1.dn_loss_cls: 0.0005  d1.dn_loss_bbox: 0.0148  d1.dn_loss_iou: 0.0937  d2.dn_loss_cls: 0.0003  d2.dn_loss_bbox: 0.0145  d2.dn_loss_iou: 0.0922  d3.dn_loss_cls: 0.0002  d3.dn_loss_bbox: 0.0145  d3.dn_loss_iou: 0.0921  d4.dn_loss_cls: 0.0001  d4.dn_loss_bbox: 0.0145  d4.dn_loss_iou: 0.0921
2026/03/26 07:30:56 - mmengine - INFO - Epoch(train) [51][150/238]  base_lr: 3.8776e-05 lr: 3.8776e-05  eta: 4:34:18  time: 2.1339  data_time: 0.0058  memory: 42375  grad_norm: 59.1348  loss: 1.5336  loss_cls: 0.0001  loss_bbox: 0.0161  loss_iou: 0.0978  d0.loss_cls: 0.0025  d0.loss_bbox: 0.0165  d0.loss_iou: 0.0990  d1.loss_cls: 0.0007  d1.loss_bbox: 0.0162  d1.loss_iou: 0.0979  d2.loss_cls: 0.0003  d2.loss_bbox: 0.0161  d2.loss_iou: 0.0975  d3.loss_cls: 0.0002  d3.loss_bbox: 0.0161  d3.loss_iou: 0.0976  d4.loss_cls: 0.0002  d4.loss_bbox: 0.0161  d4.loss_iou: 0.0978  enc_loss_cls: 0.0093  enc_loss_bbox: 0.0191  enc_loss_iou: 0.1086  dn_loss_cls: 0.0003  dn_loss_bbox: 0.0152  dn_loss_iou: 0.0949  d0.dn_loss_cls: 0.0033  d0.dn_loss_bbox: 0.0216  d0.dn_loss_iou: 0.1282  d1.dn_loss_cls: 0.0008  d1.dn_loss_bbox: 0.0155  d1.dn_loss_iou: 0.0966  d2.dn_loss_cls: 0.0005  d2.dn_loss_bbox: 0.0152  d2.dn_loss_iou: 0.0950  d3.dn_loss_cls: 0.0004  d3.dn_loss_bbox: 0.0152  d3.dn_loss_iou: 0.0948  d4.dn_loss_cls: 0.0003  d4.dn_loss_bbox: 0.0152  d4.dn_loss_iou: 0.0948
2026/03/26 07:32:43 - mmengine - INFO - Epoch(train) [51][200/238]  base_lr: 3.8776e-05 lr: 3.8776e-05  eta: 4:32:14  time: 2.1449  data_time: 0.0062  memory: 42375  grad_norm: 63.1384  loss: 1.5059  loss_cls: 0.0000  loss_bbox: 0.0160  loss_iou: 0.0963  d0.loss_cls: 0.0022  d0.loss_bbox: 0.0164  d0.loss_iou: 0.0977  d1.loss_cls: 0.0003  d1.loss_bbox: 0.0160  d1.loss_iou: 0.0959  d2.loss_cls: 0.0001  d2.loss_bbox: 0.0160  d2.loss_iou: 0.0961  d3.loss_cls: 0.0000  d3.loss_bbox: 0.0160  d3.loss_iou: 0.0961  d4.loss_cls: 0.0000  d4.loss_bbox: 0.0160  d4.loss_iou: 0.0963  enc_loss_cls: 0.0103  enc_loss_bbox: 0.0181  enc_loss_iou: 0.1048  dn_loss_cls: 0.0002  dn_loss_bbox: 0.0148  dn_loss_iou: 0.0934  d0.dn_loss_cls: 0.0029  d0.dn_loss_bbox: 0.0213  d0.dn_loss_iou: 0.1268  d1.dn_loss_cls: 0.0006  d1.dn_loss_bbox: 0.0151  d1.dn_loss_iou: 0.0950  d2.dn_loss_cls: 0.0003  d2.dn_loss_bbox: 0.0148  d2.dn_loss_iou: 0.0934  d3.dn_loss_cls: 0.0002  d3.dn_loss_bbox: 0.0148  d3.dn_loss_iou: 0.0933  d4.dn_loss_cls: 0.0002  d4.dn_loss_bbox: 0.0148  d4.dn_loss_iou: 0.0933
2026/03/26 07:34:09 - mmengine - INFO - Exp name: dino_4scale_r50_uatd_80e_pretrained_20260325_231646
2026/03/26 07:36:13 - mmengine - INFO - Epoch(train) [52][ 50/238]  base_lr: 3.7474e-05 lr: 3.7474e-05  eta: 4:28:48  time: 2.4897  data_time: 0.0395  memory: 42375  grad_norm: 59.6506  loss: 1.5085  loss_cls: 0.0000  loss_bbox: 0.0169  loss_iou: 0.0969  d0.loss_cls: 0.0021  d0.loss_bbox: 0.0174  d0.loss_iou: 0.0989  d1.loss_cls: 0.0004  d1.loss_bbox: 0.0170  d1.loss_iou: 0.0968  d2.loss_cls: 0.0002  d2.loss_bbox: 0.0169  d2.loss_iou: 0.0964  d3.loss_cls: 0.0001  d3.loss_bbox: 0.0169  d3.loss_iou: 0.0967  d4.loss_cls: 0.0001  d4.loss_bbox: 0.0169  d4.loss_iou: 0.0968  enc_loss_cls: 0.0101  enc_loss_bbox: 0.0190  enc_loss_iou: 0.1043  dn_loss_cls: 0.0003  dn_loss_bbox: 0.0148  dn_loss_iou: 0.0919  d0.dn_loss_cls: 0.0030  d0.dn_loss_bbox: 0.0213  d0.dn_loss_iou: 0.1255  d1.dn_loss_cls: 0.0009  d1.dn_loss_bbox: 0.0151  d1.dn_loss_iou: 0.0933  d2.dn_loss_cls: 0.0007  d2.dn_loss_bbox: 0.0148  d2.dn_loss_iou: 0.0920  d3.dn_loss_cls: 0.0004  d3.dn_loss_bbox: 0.0148  d3.dn_loss_iou: 0.0919  d4.dn_loss_cls: 0.0004  d4.dn_loss_bbox: 0.0148  d4.dn_loss_iou: 0.0919
2026/03/26 07:38:14 - mmengine - INFO - Epoch(train) [52][100/238]  base_lr: 3.7474e-05 lr: 3.7474e-05  eta: 4:26:52  time: 2.4169  data_time: 0.0075  memory: 42375  grad_norm: 59.4588  loss: 1.4445  loss_cls: 0.0002  loss_bbox: 0.0149  loss_iou: 0.0908  d0.loss_cls: 0.0021  d0.loss_bbox: 0.0154  d0.loss_iou: 0.0937  d1.loss_cls: 0.0007  d1.loss_bbox: 0.0150  d1.loss_iou: 0.0914  d2.loss_cls: 0.0002  d2.loss_bbox: 0.0149  d2.loss_iou: 0.0909  d3.loss_cls: 0.0002  d3.loss_bbox: 0.0149  d3.loss_iou: 0.0908  d4.loss_cls: 0.0002  d4.loss_bbox: 0.0149  d4.loss_iou: 0.0908  enc_loss_cls: 0.0087  enc_loss_bbox: 0.0176  enc_loss_iou: 0.1027  dn_loss_cls: 0.0002  dn_loss_bbox: 0.0144  dn_loss_iou: 0.0900  d0.dn_loss_cls: 0.0028  d0.dn_loss_bbox: 0.0209  d0.dn_loss_iou: 0.1240  d1.dn_loss_cls: 0.0006  d1.dn_loss_bbox: 0.0147  d1.dn_loss_iou: 0.0916  d2.dn_loss_cls: 0.0004  d2.dn_loss_bbox: 0.0144  d2.dn_loss_iou: 0.0900  d3.dn_loss_cls: 0.0003  d3.dn_loss_bbox: 0.0144  d3.dn_loss_iou: 0.0899  d4.dn_loss_cls: 0.0003  d4.dn_loss_bbox: 0.0144  d4.dn_loss_iou: 0.0899
2026/03/26 07:40:14 - mmengine - INFO - Epoch(train) [52][150/238]  base_lr: 3.7474e-05 lr: 3.7474e-05  eta: 4:24:56  time: 2.3976  data_time: 0.0072  memory: 42375  grad_norm: 62.2729  loss: 1.4875  loss_cls: 0.0002  loss_bbox: 0.0150  loss_iou: 0.0947  d0.loss_cls: 0.0027  d0.loss_bbox: 0.0154  d0.loss_iou: 0.0969  d1.loss_cls: 0.0008  d1.loss_bbox: 0.0150  d1.loss_iou: 0.0951  d2.loss_cls: 0.0004  d2.loss_bbox: 0.0150  d2.loss_iou: 0.0947  d3.loss_cls: 0.0002  d3.loss_bbox: 0.0150  d3.loss_iou: 0.0946  d4.loss_cls: 0.0003  d4.loss_bbox: 0.0150  d4.loss_iou: 0.0948  enc_loss_cls: 0.0089  enc_loss_bbox: 0.0178  enc_loss_iou: 0.1047  dn_loss_cls: 0.0002  dn_loss_bbox: 0.0145  dn_loss_iou: 0.0927  d0.dn_loss_cls: 0.0031  d0.dn_loss_bbox: 0.0210  d0.dn_loss_iou: 0.1263  d1.dn_loss_cls: 0.0007  d1.dn_loss_bbox: 0.0149  d1.dn_loss_iou: 0.0945  d2.dn_loss_cls: 0.0003  d2.dn_loss_bbox: 0.0145  d2.dn_loss_iou: 0.0927  d3.dn_loss_cls: 0.0002  d3.dn_loss_bbox: 0.0145  d3.dn_loss_iou: 0.0926  d4.dn_loss_cls: 0.0002  d4.dn_loss_bbox: 0.0145  d4.dn_loss_iou: 0.0927
2026/03/26 07:42:18 - mmengine - INFO - Epoch(train) [52][200/238]  base_lr: 3.7474e-05 lr: 3.7474e-05  eta: 4:23:01  time: 2.4817  data_time: 0.0070  memory: 42375  grad_norm: 66.9968  loss: 1.4714  loss_cls: 0.0003  loss_bbox: 0.0156  loss_iou: 0.0937  d0.loss_cls: 0.0015  d0.loss_bbox: 0.0159  d0.loss_iou: 0.0955  d1.loss_cls: 0.0007  d1.loss_bbox: 0.0156  d1.loss_iou: 0.0935  d2.loss_cls: 0.0005  d2.loss_bbox: 0.0155  d2.loss_iou: 0.0930  d3.loss_cls: 0.0004  d3.loss_bbox: 0.0155  d3.loss_iou: 0.0933  d4.loss_cls: 0.0003  d4.loss_bbox: 0.0155  d4.loss_iou: 0.0935  enc_loss_cls: 0.0083  enc_loss_bbox: 0.0182  enc_loss_iou: 0.1046  dn_loss_cls: 0.0002  dn_loss_bbox: 0.0143  dn_loss_iou: 0.0916  d0.dn_loss_cls: 0.0029  d0.dn_loss_bbox: 0.0204  d0.dn_loss_iou: 0.1244  d1.dn_loss_cls: 0.0006  d1.dn_loss_bbox: 0.0146  d1.dn_loss_iou: 0.0931  d2.dn_loss_cls: 0.0003  d2.dn_loss_bbox: 0.0143  d2.dn_loss_iou: 0.0916  d3.dn_loss_cls: 0.0002  d3.dn_loss_bbox: 0.0143  d3.dn_loss_iou: 0.0915  d4.dn_loss_cls: 0.0002  d4.dn_loss_bbox: 0.0143  d4.dn_loss_iou: 0.0915
2026/03/26 07:43:40 - mmengine - INFO - Exp name: dino_4scale_r50_uatd_80e_pretrained_20260325_231646
2026/03/26 07:43:52 - mmengine - INFO - Epoch(val) [52][ 50/100]    eta: 0:00:12  time: 0.2422  data_time: 0.0230  memory: 42375  
2026/03/26 07:44:04 - mmengine - INFO - Epoch(val) [52][100/100]    eta: 0:00:00  time: 0.2491  data_time: 0.0163  memory: 1533  
2026/03/26 07:44:09 - mmengine - INFO - Evaluating bbox...
2026/03/26 07:44:18 - mmengine - INFO - bbox_mAP_copypaste: 0.330 0.767 0.222 0.475 0.328 0.321
2026/03/26 07:44:19 - mmengine - INFO - Epoch(val) [52][100/100]    coco/bbox_mAP: 0.3300  coco/bbox_mAP_50: 0.7670  coco/bbox_mAP_75: 0.2220  coco/bbox_mAP_s: 0.4750  coco/bbox_mAP_m: 0.3280  coco/bbox_mAP_l: 0.3210  data_time: 0.0196  time: 0.2448
2026/03/26 07:46:19 - mmengine - INFO - Epoch(train) [53][ 50/238]  base_lr: 3.6171e-05 lr: 3.6171e-05  eta: 4:19:31  time: 2.4023  data_time: 0.0604  memory: 42375  grad_norm: 68.2992  loss: 1.4362  loss_cls: 0.0003  loss_bbox: 0.0146  loss_iou: 0.0912  d0.loss_cls: 0.0026  d0.loss_bbox: 0.0150  d0.loss_iou: 0.0934  d1.loss_cls: 0.0007  d1.loss_bbox: 0.0146  d1.loss_iou: 0.0912  d2.loss_cls: 0.0004  d2.loss_bbox: 0.0146  d2.loss_iou: 0.0910  d3.loss_cls: 0.0003  d3.loss_bbox: 0.0146  d3.loss_iou: 0.0911  d4.loss_cls: 0.0003  d4.loss_bbox: 0.0146  d4.loss_iou: 0.0911  enc_loss_cls: 0.0083  enc_loss_bbox: 0.0172  enc_loss_iou: 0.1005  dn_loss_cls: 0.0003  dn_loss_bbox: 0.0140  dn_loss_iou: 0.0896  d0.dn_loss_cls: 0.0030  d0.dn_loss_bbox: 0.0205  d0.dn_loss_iou: 0.1234  d1.dn_loss_cls: 0.0008  d1.dn_loss_bbox: 0.0143  d1.dn_loss_iou: 0.0912  d2.dn_loss_cls: 0.0005  d2.dn_loss_bbox: 0.0140  d2.dn_loss_iou: 0.0897  d3.dn_loss_cls: 0.0004  d3.dn_loss_bbox: 0.0140  d3.dn_loss_iou: 0.0895  d4.dn_loss_cls: 0.0003  d4.dn_loss_bbox: 0.0140  d4.dn_loss_iou: 0.0895
2026/03/26 07:48:46 - mmengine - INFO - Epoch(train) [53][100/238]  base_lr: 3.6171e-05 lr: 3.6171e-05  eta: 4:17:49  time: 2.9471  data_time: 0.0082  memory: 42375  grad_norm: 65.9651  loss: 1.4293  loss_cls: 0.0002  loss_bbox: 0.0153  loss_iou: 0.0917  d0.loss_cls: 0.0021  d0.loss_bbox: 0.0159  d0.loss_iou: 0.0948  d1.loss_cls: 0.0005  d1.loss_bbox: 0.0154  d1.loss_iou: 0.0925  d2.loss_cls: 0.0006  d2.loss_bbox: 0.0153  d2.loss_iou: 0.0915  d3.loss_cls: 0.0003  d3.loss_bbox: 0.0153  d3.loss_iou: 0.0915  d4.loss_cls: 0.0002  d4.loss_bbox: 0.0153  d4.loss_iou: 0.0916  enc_loss_cls: 0.0082  enc_loss_bbox: 0.0179  enc_loss_iou: 0.1002  dn_loss_cls: 0.0001  dn_loss_bbox: 0.0135  dn_loss_iou: 0.0878  d0.dn_loss_cls: 0.0027  d0.dn_loss_bbox: 0.0199  d0.dn_loss_iou: 0.1207  d1.dn_loss_cls: 0.0005  d1.dn_loss_bbox: 0.0138  d1.dn_loss_iou: 0.0894  d2.dn_loss_cls: 0.0003  d2.dn_loss_bbox: 0.0135  d2.dn_loss_iou: 0.0878  d3.dn_loss_cls: 0.0002  d3.dn_loss_bbox: 0.0135  d3.dn_loss_iou: 0.0877  d4.dn_loss_cls: 0.0001  d4.dn_loss_bbox: 0.0135  d4.dn_loss_iou: 0.0877
2026/03/26 07:50:57 - mmengine - INFO - Epoch(train) [53][150/238]  base_lr: 3.6171e-05 lr: 3.6171e-05  eta: 4:15:58  time: 2.6206  data_time: 0.0077  memory: 42426  grad_norm: 60.6031  loss: 1.4371  loss_cls: 0.0001  loss_bbox: 0.0150  loss_iou: 0.0918  d0.loss_cls: 0.0018  d0.loss_bbox: 0.0154  d0.loss_iou: 0.0938  d1.loss_cls: 0.0005  d1.loss_bbox: 0.0151  d1.loss_iou: 0.0919  d2.loss_cls: 0.0003  d2.loss_bbox: 0.0150  d2.loss_iou: 0.0917  d3.loss_cls: 0.0002  d3.loss_bbox: 0.0150  d3.loss_iou: 0.0916  d4.loss_cls: 0.0001  d4.loss_bbox: 0.0150  d4.loss_iou: 0.0918  enc_loss_cls: 0.0091  enc_loss_bbox: 0.0172  enc_loss_iou: 0.1003  dn_loss_cls: 0.0004  dn_loss_bbox: 0.0138  dn_loss_iou: 0.0891  d0.dn_loss_cls: 0.0031  d0.dn_loss_bbox: 0.0200  d0.dn_loss_iou: 0.1220  d1.dn_loss_cls: 0.0009  d1.dn_loss_bbox: 0.0142  d1.dn_loss_iou: 0.0909  d2.dn_loss_cls: 0.0006  d2.dn_loss_bbox: 0.0139  d2.dn_loss_iou: 0.0893  d3.dn_loss_cls: 0.0004  d3.dn_loss_bbox: 0.0138  d3.dn_loss_iou: 0.0890  d4.dn_loss_cls: 0.0004  d4.dn_loss_bbox: 0.0138  d4.dn_loss_iou: 0.0890
2026/03/26 07:52:44 - mmengine - INFO - Epoch(train) [53][200/238]  base_lr: 3.6171e-05 lr: 3.6171e-05  eta: 4:13:54  time: 2.1274  data_time: 0.0053  memory: 42375  grad_norm: 57.3077  loss: 1.3878  loss_cls: 0.0001  loss_bbox: 0.0139  loss_iou: 0.0878  d0.loss_cls: 0.0011  d0.loss_bbox: 0.0144  d0.loss_iou: 0.0897  d1.loss_cls: 0.0004  d1.loss_bbox: 0.0140  d1.loss_iou: 0.0878  d2.loss_cls: 0.0003  d2.loss_bbox: 0.0139  d2.loss_iou: 0.0876  d3.loss_cls: 0.0002  d3.loss_bbox: 0.0139  d3.loss_iou: 0.0878  d4.loss_cls: 0.0002  d4.loss_bbox: 0.0139  d4.loss_iou: 0.0878  enc_loss_cls: 0.0084  enc_loss_bbox: 0.0169  enc_loss_iou: 0.0985  dn_loss_cls: 0.0001  dn_loss_bbox: 0.0137  dn_loss_iou: 0.0871  d0.dn_loss_cls: 0.0026  d0.dn_loss_bbox: 0.0200  d0.dn_loss_iou: 0.1191  d1.dn_loss_cls: 0.0005  d1.dn_loss_bbox: 0.0140  d1.dn_loss_iou: 0.0886  d2.dn_loss_cls: 0.0003  d2.dn_loss_bbox: 0.0138  d2.dn_loss_iou: 0.0871  d3.dn_loss_cls: 0.0002  d3.dn_loss_bbox: 0.0137  d3.dn_loss_iou: 0.0870  d4.dn_loss_cls: 0.0002  d4.dn_loss_bbox: 0.0137  d4.dn_loss_iou: 0.0871
2026/03/26 07:54:00 - mmengine - INFO - Exp name: dino_4scale_r50_uatd_80e_pretrained_20260325_231646
2026/03/26 07:55:51 - mmengine - INFO - Epoch(train) [54][ 50/238]  base_lr: 3.4868e-05 lr: 3.4868e-05  eta: 4:10:17  time: 2.2074  data_time: 0.0562  memory: 42375  grad_norm: 54.5082  loss: 1.3636  loss_cls: 0.0003  loss_bbox: 0.0142  loss_iou: 0.0857  d0.loss_cls: 0.0017  d0.loss_bbox: 0.0146  d0.loss_iou: 0.0877  d1.loss_cls: 0.0007  d1.loss_bbox: 0.0143  d1.loss_iou: 0.0860  d2.loss_cls: 0.0005  d2.loss_bbox: 0.0142  d2.loss_iou: 0.0858  d3.loss_cls: 0.0003  d3.loss_bbox: 0.0142  d3.loss_iou: 0.0857  d4.loss_cls: 0.0003  d4.loss_bbox: 0.0142  d4.loss_iou: 0.0857  enc_loss_cls: 0.0081  enc_loss_bbox: 0.0169  enc_loss_iou: 0.0958  dn_loss_cls: 0.0001  dn_loss_bbox: 0.0134  dn_loss_iou: 0.0851  d0.dn_loss_cls: 0.0026  d0.dn_loss_bbox: 0.0199  d0.dn_loss_iou: 0.1183  d1.dn_loss_cls: 0.0005  d1.dn_loss_bbox: 0.0138  d1.dn_loss_iou: 0.0865  d2.dn_loss_cls: 0.0003  d2.dn_loss_bbox: 0.0135  d2.dn_loss_iou: 0.0852  d3.dn_loss_cls: 0.0002  d3.dn_loss_bbox: 0.0134  d3.dn_loss_iou: 0.0850  d4.dn_loss_cls: 0.0001  d4.dn_loss_bbox: 0.0134  d4.dn_loss_iou: 0.0851
2026/03/26 07:57:35 - mmengine - INFO - Epoch(train) [54][100/238]  base_lr: 3.4868e-05 lr: 3.4868e-05  eta: 4:08:12  time: 2.0914  data_time: 0.0047  memory: 42375  grad_norm: 63.5250  loss: 1.3569  loss_cls: 0.0000  loss_bbox: 0.0139  loss_iou: 0.0868  d0.loss_cls: 0.0020  d0.loss_bbox: 0.0142  d0.loss_iou: 0.0886  d1.loss_cls: 0.0002  d1.loss_bbox: 0.0139  d1.loss_iou: 0.0872  d2.loss_cls: 0.0001  d2.loss_bbox: 0.0139  d2.loss_iou: 0.0867  d3.loss_cls: 0.0001  d3.loss_bbox: 0.0139  d3.loss_iou: 0.0868  d4.loss_cls: 0.0000  d4.loss_bbox: 0.0139  d4.loss_iou: 0.0868  enc_loss_cls: 0.0086  enc_loss_bbox: 0.0161  enc_loss_iou: 0.0945  dn_loss_cls: 0.0002  dn_loss_bbox: 0.0131  dn_loss_iou: 0.0844  d0.dn_loss_cls: 0.0026  d0.dn_loss_bbox: 0.0193  d0.dn_loss_iou: 0.1161  d1.dn_loss_cls: 0.0006  d1.dn_loss_bbox: 0.0134  d1.dn_loss_iou: 0.0858  d2.dn_loss_cls: 0.0003  d2.dn_loss_bbox: 0.0131  d2.dn_loss_iou: 0.0844  d3.dn_loss_cls: 0.0002  d3.dn_loss_bbox: 0.0131  d3.dn_loss_iou: 0.0843  d4.dn_loss_cls: 0.0002  d4.dn_loss_bbox: 0.0131  d4.dn_loss_iou: 0.0843
2026/03/26 07:59:24 - mmengine - INFO - Epoch(train) [54][150/238]  base_lr: 3.4868e-05 lr: 3.4868e-05  eta: 4:06:10  time: 2.1784  data_time: 0.0058  memory: 42375  grad_norm: 64.2764  loss: 1.4082  loss_cls: 0.0001  loss_bbox: 0.0151  loss_iou: 0.0897  d0.loss_cls: 0.0019  d0.loss_bbox: 0.0156  d0.loss_iou: 0.0925  d1.loss_cls: 0.0005  d1.loss_bbox: 0.0152  d1.loss_iou: 0.0900  d2.loss_cls: 0.0002  d2.loss_bbox: 0.0151  d2.loss_iou: 0.0896  d3.loss_cls: 0.0002  d3.loss_bbox: 0.0151  d3.loss_iou: 0.0896  d4.loss_cls: 0.0002  d4.loss_bbox: 0.0151  d4.loss_iou: 0.0896  enc_loss_cls: 0.0083  enc_loss_bbox: 0.0180  enc_loss_iou: 0.1006  dn_loss_cls: 0.0001  dn_loss_bbox: 0.0135  dn_loss_iou: 0.0864  d0.dn_loss_cls: 0.0030  d0.dn_loss_bbox: 0.0198  d0.dn_loss_iou: 0.1198  d1.dn_loss_cls: 0.0007  d1.dn_loss_bbox: 0.0139  d1.dn_loss_iou: 0.0883  d2.dn_loss_cls: 0.0003  d2.dn_loss_bbox: 0.0135  d2.dn_loss_iou: 0.0865  d3.dn_loss_cls: 0.0002  d3.dn_loss_bbox: 0.0135  d3.dn_loss_iou: 0.0863  d4.dn_loss_cls: 0.0001  d4.dn_loss_bbox: 0.0135  d4.dn_loss_iou: 0.0864
2026/03/26 08:00:57 - mmengine - INFO - Epoch(train) [54][200/238]  base_lr: 3.4868e-05 lr: 3.4868e-05  eta: 4:04:01  time: 1.8628  data_time: 0.0039  memory: 42375  grad_norm: 58.5871  loss: 1.3777  loss_cls: 0.0002  loss_bbox: 0.0139  loss_iou: 0.0872  d0.loss_cls: 0.0024  d0.loss_bbox: 0.0143  d0.loss_iou: 0.0892  d1.loss_cls: 0.0006  d1.loss_bbox: 0.0140  d1.loss_iou: 0.0877  d2.loss_cls: 0.0003  d2.loss_bbox: 0.0139  d2.loss_iou: 0.0873  d3.loss_cls: 0.0003  d3.loss_bbox: 0.0139  d3.loss_iou: 0.0874  d4.loss_cls: 0.0002  d4.loss_bbox: 0.0139  d4.loss_iou: 0.0873  enc_loss_cls: 0.0081  enc_loss_bbox: 0.0164  enc_loss_iou: 0.0956  dn_loss_cls: 0.0002  dn_loss_bbox: 0.0134  dn_loss_iou: 0.0864  d0.dn_loss_cls: 0.0030  d0.dn_loss_bbox: 0.0195  d0.dn_loss_iou: 0.1183  d1.dn_loss_cls: 0.0007  d1.dn_loss_bbox: 0.0137  d1.dn_loss_iou: 0.0881  d2.dn_loss_cls: 0.0004  d2.dn_loss_bbox: 0.0134  d2.dn_loss_iou: 0.0865  d3.dn_loss_cls: 0.0003  d3.dn_loss_bbox: 0.0134  d3.dn_loss_iou: 0.0864  d4.dn_loss_cls: 0.0002  d4.dn_loss_bbox: 0.0134  d4.dn_loss_iou: 0.0864
2026/03/26 08:02:05 - mmengine - INFO - Exp name: dino_4scale_r50_uatd_80e_pretrained_20260325_231646
2026/03/26 08:02:15 - mmengine - INFO - Epoch(val) [54][ 50/100]    eta: 0:00:10  time: 0.2072  data_time: 0.0179  memory: 42426  
2026/03/26 08:02:25 - mmengine - INFO - Epoch(val) [54][100/100]    eta: 0:00:00  time: 0.1993  data_time: 0.0108  memory: 1533  
2026/03/26 08:02:28 - mmengine - INFO - Evaluating bbox...
2026/03/26 08:02:35 - mmengine - INFO - bbox_mAP_copypaste: 0.342 0.799 0.223 0.465 0.344 0.326
2026/03/26 08:02:36 - mmengine - INFO - Epoch(val) [54][100/100]    coco/bbox_mAP: 0.3420  coco/bbox_mAP_50: 0.7990  coco/bbox_mAP_75: 0.2230  coco/bbox_mAP_s: 0.4650  coco/bbox_mAP_m: 0.3440  coco/bbox_mAP_l: 0.3260  data_time: 0.0143  time: 0.2030
2026/03/26 08:04:11 - mmengine - INFO - Epoch(train) [55][ 50/238]  base_lr: 3.3566e-05 lr: 3.3566e-05  eta: 4:00:13  time: 1.9136  data_time: 0.0164  memory: 42426  grad_norm: 59.4497  loss: 1.3451  loss_cls: 0.0000  loss_bbox: 0.0141  loss_iou: 0.0850  d0.loss_cls: 0.0012  d0.loss_bbox: 0.0146  d0.loss_iou: 0.0878  d1.loss_cls: 0.0002  d1.loss_bbox: 0.0142  d1.loss_iou: 0.0853  d2.loss_cls: 0.0001  d2.loss_bbox: 0.0142  d2.loss_iou: 0.0850  d3.loss_cls: 0.0000  d3.loss_bbox: 0.0141  d3.loss_iou: 0.0848  d4.loss_cls: 0.0000  d4.loss_bbox: 0.0141  d4.loss_iou: 0.0849  enc_loss_cls: 0.0076  enc_loss_bbox: 0.0169  enc_loss_iou: 0.0959  dn_loss_cls: 0.0002  dn_loss_bbox: 0.0129  dn_loss_iou: 0.0839  d0.dn_loss_cls: 0.0024  d0.dn_loss_bbox: 0.0191  d0.dn_loss_iou: 0.1163  d1.dn_loss_cls: 0.0005  d1.dn_loss_bbox: 0.0133  d1.dn_loss_iou: 0.0854  d2.dn_loss_cls: 0.0002  d2.dn_loss_bbox: 0.0130  d2.dn_loss_iou: 0.0840  d3.dn_loss_cls: 0.0002  d3.dn_loss_bbox: 0.0129  d3.dn_loss_iou: 0.0838  d4.dn_loss_cls: 0.0002  d4.dn_loss_bbox: 0.0129  d4.dn_loss_iou: 0.0839
2026/03/26 08:05:45 - mmengine - INFO - Epoch(train) [55][100/238]  base_lr: 3.3566e-05 lr: 3.3566e-05  eta: 3:58:05  time: 1.8807  data_time: 0.0049  memory: 42375  grad_norm: 55.9566  loss: 1.3535  loss_cls: 0.0002  loss_bbox: 0.0136  loss_iou: 0.0858  d0.loss_cls: 0.0021  d0.loss_bbox: 0.0141  d0.loss_iou: 0.0888  d1.loss_cls: 0.0007  d1.loss_bbox: 0.0137  d1.loss_iou: 0.0862  d2.loss_cls: 0.0004  d2.loss_bbox: 0.0136  d2.loss_iou: 0.0855  d3.loss_cls: 0.0002  d3.loss_bbox: 0.0136  d3.loss_iou: 0.0856  d4.loss_cls: 0.0002  d4.loss_bbox: 0.0136  d4.loss_iou: 0.0858  enc_loss_cls: 0.0083  enc_loss_bbox: 0.0163  enc_loss_iou: 0.0950  dn_loss_cls: 0.0001  dn_loss_bbox: 0.0130  dn_loss_iou: 0.0844  d0.dn_loss_cls: 0.0029  d0.dn_loss_bbox: 0.0194  d0.dn_loss_iou: 0.1172  d1.dn_loss_cls: 0.0007  d1.dn_loss_bbox: 0.0133  d1.dn_loss_iou: 0.0859  d2.dn_loss_cls: 0.0004  d2.dn_loss_bbox: 0.0131  d2.dn_loss_iou: 0.0846  d3.dn_loss_cls: 0.0002  d3.dn_loss_bbox: 0.0130  d3.dn_loss_iou: 0.0844  d4.dn_loss_cls: 0.0002  d4.dn_loss_bbox: 0.0130  d4.dn_loss_iou: 0.0844
2026/03/26 08:07:17 - mmengine - INFO - Exp name: dino_4scale_r50_uatd_80e_pretrained_20260325_231646
2026/03/26 08:07:20 - mmengine - INFO - Epoch(train) [55][150/238]  base_lr: 3.3566e-05 lr: 3.3566e-05  eta: 3:55:57  time: 1.9014  data_time: 0.0053  memory: 42375  grad_norm: 60.6741  loss: 1.3611  loss_cls: 0.0002  loss_bbox: 0.0137  loss_iou: 0.0855  d0.loss_cls: 0.0025  d0.loss_bbox: 0.0141  d0.loss_iou: 0.0877  d1.loss_cls: 0.0008  d1.loss_bbox: 0.0137  d1.loss_iou: 0.0857  d2.loss_cls: 0.0005  d2.loss_bbox: 0.0137  d2.loss_iou: 0.0857  d3.loss_cls: 0.0005  d3.loss_bbox: 0.0137  d3.loss_iou: 0.0856  d4.loss_cls: 0.0003  d4.loss_bbox: 0.0137  d4.loss_iou: 0.0856  enc_loss_cls: 0.0079  enc_loss_bbox: 0.0162  enc_loss_iou: 0.0945  dn_loss_cls: 0.0002  dn_loss_bbox: 0.0133  dn_loss_iou: 0.0856  d0.dn_loss_cls: 0.0028  d0.dn_loss_bbox: 0.0198  d0.dn_loss_iou: 0.1193  d1.dn_loss_cls: 0.0007  d1.dn_loss_bbox: 0.0136  d1.dn_loss_iou: 0.0868  d2.dn_loss_cls: 0.0004  d2.dn_loss_bbox: 0.0133  d2.dn_loss_iou: 0.0856  d3.dn_loss_cls: 0.0002  d3.dn_loss_bbox: 0.0133  d3.dn_loss_iou: 0.0854  d4.dn_loss_cls: 0.0002  d4.dn_loss_bbox: 0.0133  d4.dn_loss_iou: 0.0855
2026/03/26 08:08:54 - mmengine - INFO - Epoch(train) [55][200/238]  base_lr: 3.3566e-05 lr: 3.3566e-05  eta: 3:53:49  time: 1.8808  data_time: 0.0046  memory: 42375  grad_norm: 60.8085  loss: 1.3456  loss_cls: 0.0002  loss_bbox: 0.0141  loss_iou: 0.0860  d0.loss_cls: 0.0014  d0.loss_bbox: 0.0147  d0.loss_iou: 0.0889  d1.loss_cls: 0.0007  d1.loss_bbox: 0.0141  d1.loss_iou: 0.0862  d2.loss_cls: 0.0004  d2.loss_bbox: 0.0140  d2.loss_iou: 0.0859  d3.loss_cls: 0.0003  d3.loss_bbox: 0.0140  d3.loss_iou: 0.0858  d4.loss_cls: 0.0002  d4.loss_bbox: 0.0141  d4.loss_iou: 0.0860  enc_loss_cls: 0.0082  enc_loss_bbox: 0.0164  enc_loss_iou: 0.0937  dn_loss_cls: 0.0003  dn_loss_bbox: 0.0128  dn_loss_iou: 0.0830  d0.dn_loss_cls: 0.0031  d0.dn_loss_bbox: 0.0190  d0.dn_loss_iou: 0.1149  d1.dn_loss_cls: 0.0007  d1.dn_loss_bbox: 0.0132  d1.dn_loss_iou: 0.0847  d2.dn_loss_cls: 0.0005  d2.dn_loss_bbox: 0.0128  d2.dn_loss_iou: 0.0831  d3.dn_loss_cls: 0.0003  d3.dn_loss_bbox: 0.0128  d3.dn_loss_iou: 0.0829  d4.dn_loss_cls: 0.0003  d4.dn_loss_bbox: 0.0128  d4.dn_loss_iou: 0.0830
2026/03/26 08:10:02 - mmengine - INFO - Exp name: dino_4scale_r50_uatd_80e_pretrained_20260325_231646
2026/03/26 08:11:39 - mmengine - INFO - Epoch(train) [56][ 50/238]  base_lr: 3.2263e-05 lr: 3.2263e-05  eta: 3:50:05  time: 1.9573  data_time: 0.0226  memory: 42375  grad_norm: 53.8111  loss: 1.3142  loss_cls: 0.0001  loss_bbox: 0.0134  loss_iou: 0.0828  d0.loss_cls: 0.0015  d0.loss_bbox: 0.0139  d0.loss_iou: 0.0855  d1.loss_cls: 0.0004  d1.loss_bbox: 0.0135  d1.loss_iou: 0.0834  d2.loss_cls: 0.0002  d2.loss_bbox: 0.0134  d2.loss_iou: 0.0829  d3.loss_cls: 0.0002  d3.loss_bbox: 0.0134  d3.loss_iou: 0.0828  d4.loss_cls: 0.0002  d4.loss_bbox: 0.0134  d4.loss_iou: 0.0828  enc_loss_cls: 0.0074  enc_loss_bbox: 0.0158  enc_loss_iou: 0.0918  dn_loss_cls: 0.0003  dn_loss_bbox: 0.0127  dn_loss_iou: 0.0819  d0.dn_loss_cls: 0.0029  d0.dn_loss_bbox: 0.0193  d0.dn_loss_iou: 0.1160  d1.dn_loss_cls: 0.0007  d1.dn_loss_bbox: 0.0130  d1.dn_loss_iou: 0.0837  d2.dn_loss_cls: 0.0004  d2.dn_loss_bbox: 0.0127  d2.dn_loss_iou: 0.0820  d3.dn_loss_cls: 0.0003  d3.dn_loss_bbox: 0.0127  d3.dn_loss_iou: 0.0819  d4.dn_loss_cls: 0.0002  d4.dn_loss_bbox: 0.0127  d4.dn_loss_iou: 0.0819
2026/03/26 08:13:18 - mmengine - INFO - Epoch(train) [56][100/238]  base_lr: 3.2263e-05 lr: 3.2263e-05  eta: 3:48:00  time: 1.9796  data_time: 0.0054  memory: 42375  grad_norm: 58.7715  loss: 1.3426  loss_cls: 0.0001  loss_bbox: 0.0142  loss_iou: 0.0855  d0.loss_cls: 0.0022  d0.loss_bbox: 0.0146  d0.loss_iou: 0.0877  d1.loss_cls: 0.0004  d1.loss_bbox: 0.0142  d1.loss_iou: 0.0857  d2.loss_cls: 0.0002  d2.loss_bbox: 0.0142  d2.loss_iou: 0.0854  d3.loss_cls: 0.0001  d3.loss_bbox: 0.0142  d3.loss_iou: 0.0853  d4.loss_cls: 0.0001  d4.loss_bbox: 0.0142  d4.loss_iou: 0.0854  enc_loss_cls: 0.0085  enc_loss_bbox: 0.0164  enc_loss_iou: 0.0931  dn_loss_cls: 0.0003  dn_loss_bbox: 0.0129  dn_loss_iou: 0.0830  d0.dn_loss_cls: 0.0029  d0.dn_loss_bbox: 0.0190  d0.dn_loss_iou: 0.1156  d1.dn_loss_cls: 0.0007  d1.dn_loss_bbox: 0.0132  d1.dn_loss_iou: 0.0846  d2.dn_loss_cls: 0.0004  d2.dn_loss_bbox: 0.0129  d2.dn_loss_iou: 0.0832  d3.dn_loss_cls: 0.0003  d3.dn_loss_bbox: 0.0129  d3.dn_loss_iou: 0.0830  d4.dn_loss_cls: 0.0002  d4.dn_loss_bbox: 0.0129  d4.dn_loss_iou: 0.0830
2026/03/26 08:14:52 - mmengine - INFO - Epoch(train) [56][150/238]  base_lr: 3.2263e-05 lr: 3.2263e-05  eta: 3:45:53  time: 1.8781  data_time: 0.0050  memory: 42375  grad_norm: 62.0354  loss: 1.3260  loss_cls: 0.0002  loss_bbox: 0.0135  loss_iou: 0.0840  d0.loss_cls: 0.0017  d0.loss_bbox: 0.0139  d0.loss_iou: 0.0864  d1.loss_cls: 0.0007  d1.loss_bbox: 0.0135  d1.loss_iou: 0.0844  d2.loss_cls: 0.0004  d2.loss_bbox: 0.0135  d2.loss_iou: 0.0842  d3.loss_cls: 0.0003  d3.loss_bbox: 0.0135  d3.loss_iou: 0.0842  d4.loss_cls: 0.0002  d4.loss_bbox: 0.0135  d4.loss_iou: 0.0841  enc_loss_cls: 0.0077  enc_loss_bbox: 0.0161  enc_loss_iou: 0.0930  dn_loss_cls: 0.0002  dn_loss_bbox: 0.0127  dn_loss_iou: 0.0823  d0.dn_loss_cls: 0.0029  d0.dn_loss_bbox: 0.0192  d0.dn_loss_iou: 0.1159  d1.dn_loss_cls: 0.0007  d1.dn_loss_bbox: 0.0131  d1.dn_loss_iou: 0.0840  d2.dn_loss_cls: 0.0004  d2.dn_loss_bbox: 0.0128  d2.dn_loss_iou: 0.0824  d3.dn_loss_cls: 0.0003  d3.dn_loss_bbox: 0.0127  d3.dn_loss_iou: 0.0822  d4.dn_loss_cls: 0.0002  d4.dn_loss_bbox: 0.0127  d4.dn_loss_iou: 0.0823
2026/03/26 08:16:26 - mmengine - INFO - Epoch(train) [56][200/238]  base_lr: 3.2263e-05 lr: 3.2263e-05  eta: 3:43:46  time: 1.8750  data_time: 0.0050  memory: 42375  grad_norm: 58.9326  loss: 1.2747  loss_cls: 0.0000  loss_bbox: 0.0129  loss_iou: 0.0811  d0.loss_cls: 0.0016  d0.loss_bbox: 0.0133  d0.loss_iou: 0.0831  d1.loss_cls: 0.0003  d1.loss_bbox: 0.0129  d1.loss_iou: 0.0814  d2.loss_cls: 0.0001  d2.loss_bbox: 0.0129  d2.loss_iou: 0.0809  d3.loss_cls: 0.0000  d3.loss_bbox: 0.0129  d3.loss_iou: 0.0810  d4.loss_cls: 0.0000  d4.loss_bbox: 0.0129  d4.loss_iou: 0.0810  enc_loss_cls: 0.0067  enc_loss_bbox: 0.0150  enc_loss_iou: 0.0885  dn_loss_cls: 0.0002  dn_loss_bbox: 0.0124  dn_loss_iou: 0.0797  d0.dn_loss_cls: 0.0026  d0.dn_loss_bbox: 0.0186  d0.dn_loss_iou: 0.1116  d1.dn_loss_cls: 0.0006  d1.dn_loss_bbox: 0.0127  d1.dn_loss_iou: 0.0810  d2.dn_loss_cls: 0.0003  d2.dn_loss_bbox: 0.0124  d2.dn_loss_iou: 0.0798  d3.dn_loss_cls: 0.0002  d3.dn_loss_bbox: 0.0124  d3.dn_loss_iou: 0.0796  d4.dn_loss_cls: 0.0002  d4.dn_loss_bbox: 0.0124  d4.dn_loss_iou: 0.0797
2026/03/26 08:17:33 - mmengine - INFO - Exp name: dino_4scale_r50_uatd_80e_pretrained_20260325_231646
2026/03/26 08:17:43 - mmengine - INFO - Epoch(val) [56][ 50/100]    eta: 0:00:10  time: 0.2067  data_time: 0.0165  memory: 42375  
2026/03/26 08:17:53 - mmengine - INFO - Epoch(val) [56][100/100]    eta: 0:00:00  time: 0.1992  data_time: 0.0107  memory: 1533  
2026/03/26 08:17:56 - mmengine - INFO - Evaluating bbox...
2026/03/26 08:18:03 - mmengine - INFO - bbox_mAP_copypaste: 0.339 0.802 0.230 0.465 0.339 0.331
2026/03/26 08:18:03 - mmengine - INFO - Epoch(val) [56][100/100]    coco/bbox_mAP: 0.3390  coco/bbox_mAP_50: 0.8020  coco/bbox_mAP_75: 0.2300  coco/bbox_mAP_s: 0.4650  coco/bbox_mAP_m: 0.3390  coco/bbox_mAP_l: 0.3310  data_time: 0.0136  time: 0.2027
2026/03/26 08:19:39 - mmengine - INFO - Epoch(train) [57][ 50/238]  base_lr: 3.0961e-05 lr: 3.0961e-05  eta: 3:40:02  time: 1.9162  data_time: 0.0149  memory: 42375  grad_norm: 57.5232  loss: 1.2939  loss_cls: 0.0000  loss_bbox: 0.0136  loss_iou: 0.0819  d0.loss_cls: 0.0017  d0.loss_bbox: 0.0140  d0.loss_iou: 0.0846  d1.loss_cls: 0.0003  d1.loss_bbox: 0.0136  d1.loss_iou: 0.0824  d2.loss_cls: 0.0002  d2.loss_bbox: 0.0136  d2.loss_iou: 0.0820  d3.loss_cls: 0.0001  d3.loss_bbox: 0.0136  d3.loss_iou: 0.0819  d4.loss_cls: 0.0000  d4.loss_bbox: 0.0136  d4.loss_iou: 0.0818  enc_loss_cls: 0.0077  enc_loss_bbox: 0.0164  enc_loss_iou: 0.0921  dn_loss_cls: 0.0002  dn_loss_bbox: 0.0122  dn_loss_iou: 0.0800  d0.dn_loss_cls: 0.0028  d0.dn_loss_bbox: 0.0184  d0.dn_loss_iou: 0.1127  d1.dn_loss_cls: 0.0007  d1.dn_loss_bbox: 0.0125  d1.dn_loss_iou: 0.0820  d2.dn_loss_cls: 0.0004  d2.dn_loss_bbox: 0.0122  d2.dn_loss_iou: 0.0801  d3.dn_loss_cls: 0.0002  d3.dn_loss_bbox: 0.0122  d3.dn_loss_iou: 0.0799  d4.dn_loss_cls: 0.0002  d4.dn_loss_bbox: 0.0122  d4.dn_loss_iou: 0.0800
2026/03/26 08:21:20 - mmengine - INFO - Epoch(train) [57][100/238]  base_lr: 3.0961e-05 lr: 3.0961e-05  eta: 3:37:59  time: 2.0249  data_time: 0.0054  memory: 42375  grad_norm: 62.8416  loss: 1.2954  loss_cls: 0.0001  loss_bbox: 0.0130  loss_iou: 0.0818  d0.loss_cls: 0.0019  d0.loss_bbox: 0.0136  d0.loss_iou: 0.0842  d1.loss_cls: 0.0005  d1.loss_bbox: 0.0131  d1.loss_iou: 0.0824  d2.loss_cls: 0.0002  d2.loss_bbox: 0.0131  d2.loss_iou: 0.0821  d3.loss_cls: 0.0001  d3.loss_bbox: 0.0130  d3.loss_iou: 0.0820  d4.loss_cls: 0.0001  d4.loss_bbox: 0.0130  d4.loss_iou: 0.0819  enc_loss_cls: 0.0067  enc_loss_bbox: 0.0158  enc_loss_iou: 0.0910  dn_loss_cls: 0.0002  dn_loss_bbox: 0.0125  dn_loss_iou: 0.0805  d0.dn_loss_cls: 0.0028  d0.dn_loss_bbox: 0.0193  d0.dn_loss_iou: 0.1146  d1.dn_loss_cls: 0.0007  d1.dn_loss_bbox: 0.0129  d1.dn_loss_iou: 0.0822  d2.dn_loss_cls: 0.0004  d2.dn_loss_bbox: 0.0125  d2.dn_loss_iou: 0.0807  d3.dn_loss_cls: 0.0003  d3.dn_loss_bbox: 0.0125  d3.dn_loss_iou: 0.0805  d4.dn_loss_cls: 0.0003  d4.dn_loss_bbox: 0.0125  d4.dn_loss_iou: 0.0805
2026/03/26 08:23:19 - mmengine - INFO - Epoch(train) [57][150/238]  base_lr: 3.0961e-05 lr: 3.0961e-05  eta: 3:36:04  time: 2.3791  data_time: 0.0064  memory: 42375  grad_norm: 62.1422  loss: 1.3019  loss_cls: 0.0002  loss_bbox: 0.0133  loss_iou: 0.0827  d0.loss_cls: 0.0024  d0.loss_bbox: 0.0136  d0.loss_iou: 0.0848  d1.loss_cls: 0.0003  d1.loss_bbox: 0.0133  d1.loss_iou: 0.0829  d2.loss_cls: 0.0002  d2.loss_bbox: 0.0133  d2.loss_iou: 0.0827  d3.loss_cls: 0.0002  d3.loss_bbox: 0.0133  d3.loss_iou: 0.0826  d4.loss_cls: 0.0002  d4.loss_bbox: 0.0133  d4.loss_iou: 0.0825  enc_loss_cls: 0.0080  enc_loss_bbox: 0.0152  enc_loss_iou: 0.0896  dn_loss_cls: 0.0003  dn_loss_bbox: 0.0126  dn_loss_iou: 0.0809  d0.dn_loss_cls: 0.0030  d0.dn_loss_bbox: 0.0190  d0.dn_loss_iou: 0.1141  d1.dn_loss_cls: 0.0007  d1.dn_loss_bbox: 0.0129  d1.dn_loss_iou: 0.0822  d2.dn_loss_cls: 0.0004  d2.dn_loss_bbox: 0.0126  d2.dn_loss_iou: 0.0809  d3.dn_loss_cls: 0.0003  d3.dn_loss_bbox: 0.0126  d3.dn_loss_iou: 0.0808  d4.dn_loss_cls: 0.0003  d4.dn_loss_bbox: 0.0126  d4.dn_loss_iou: 0.0809
2026/03/26 08:24:57 - mmengine - INFO - Epoch(train) [57][200/238]  base_lr: 3.0961e-05 lr: 3.0961e-05  eta: 3:34:00  time: 1.9632  data_time: 0.0054  memory: 42375  grad_norm: 59.7266  loss: 1.2415  loss_cls: 0.0001  loss_bbox: 0.0124  loss_iou: 0.0780  d0.loss_cls: 0.0012  d0.loss_bbox: 0.0128  d0.loss_iou: 0.0799  d1.loss_cls: 0.0003  d1.loss_bbox: 0.0124  d1.loss_iou: 0.0785  d2.loss_cls: 0.0002  d2.loss_bbox: 0.0124  d2.loss_iou: 0.0782  d3.loss_cls: 0.0001  d3.loss_bbox: 0.0124  d3.loss_iou: 0.0781  d4.loss_cls: 0.0001  d4.loss_bbox: 0.0124  d4.loss_iou: 0.0780  enc_loss_cls: 0.0068  enc_loss_bbox: 0.0153  enc_loss_iou: 0.0889  dn_loss_cls: 0.0002  dn_loss_bbox: 0.0119  dn_loss_iou: 0.0779  d0.dn_loss_cls: 0.0026  d0.dn_loss_bbox: 0.0180  d0.dn_loss_iou: 0.1101  d1.dn_loss_cls: 0.0005  d1.dn_loss_bbox: 0.0122  d1.dn_loss_iou: 0.0796  d2.dn_loss_cls: 0.0003  d2.dn_loss_bbox: 0.0119  d2.dn_loss_iou: 0.0780  d3.dn_loss_cls: 0.0002  d3.dn_loss_bbox: 0.0119  d3.dn_loss_iou: 0.0779  d4.dn_loss_cls: 0.0002  d4.dn_loss_bbox: 0.0119  d4.dn_loss_iou: 0.0779
2026/03/26 08:26:10 - mmengine - INFO - Exp name: dino_4scale_r50_uatd_80e_pretrained_20260325_231646
2026/03/26 08:27:45 - mmengine - INFO - Epoch(train) [58][ 50/238]  base_lr: 2.9658e-05 lr: 2.9658e-05  eta: 3:30:20  time: 1.8942  data_time: 0.0178  memory: 42375  grad_norm: 74.1996  loss: 1.3227  loss_cls: 0.0001  loss_bbox: 0.0139  loss_iou: 0.0846  d0.loss_cls: 0.0016  d0.loss_bbox: 0.0144  d0.loss_iou: 0.0861  d1.loss_cls: 0.0006  d1.loss_bbox: 0.0140  d1.loss_iou: 0.0844  d2.loss_cls: 0.0002  d2.loss_bbox: 0.0140  d2.loss_iou: 0.0846  d3.loss_cls: 0.0002  d3.loss_bbox: 0.0139  d3.loss_iou: 0.0846  d4.loss_cls: 0.0001  d4.loss_bbox: 0.0139  d4.loss_iou: 0.0846  enc_loss_cls: 0.0071  enc_loss_bbox: 0.0164  enc_loss_iou: 0.0921  dn_loss_cls: 0.0003  dn_loss_bbox: 0.0123  dn_loss_iou: 0.0813  d0.dn_loss_cls: 0.0032  d0.dn_loss_bbox: 0.0191  d0.dn_loss_iou: 0.1161  d1.dn_loss_cls: 0.0009  d1.dn_loss_bbox: 0.0128  d1.dn_loss_iou: 0.0830  d2.dn_loss_cls: 0.0005  d2.dn_loss_bbox: 0.0124  d2.dn_loss_iou: 0.0814  d3.dn_loss_cls: 0.0004  d3.dn_loss_bbox: 0.0123  d3.dn_loss_iou: 0.0811  d4.dn_loss_cls: 0.0003  d4.dn_loss_bbox: 0.0123  d4.dn_loss_iou: 0.0812
2026/03/26 08:29:22 - mmengine - INFO - Epoch(train) [58][100/238]  base_lr: 2.9658e-05 lr: 2.9658e-05  eta: 3:28:16  time: 1.9274  data_time: 0.0048  memory: 42426  grad_norm: 53.8225  loss: 1.2348  loss_cls: 0.0002  loss_bbox: 0.0122  loss_iou: 0.0779  d0.loss_cls: 0.0024  d0.loss_bbox: 0.0126  d0.loss_iou: 0.0804  d1.loss_cls: 0.0006  d1.loss_bbox: 0.0122  d1.loss_iou: 0.0784  d2.loss_cls: 0.0004  d2.loss_bbox: 0.0122  d2.loss_iou: 0.0780  d3.loss_cls: 0.0002  d3.loss_bbox: 0.0122  d3.loss_iou: 0.0779  d4.loss_cls: 0.0002  d4.loss_bbox: 0.0122  d4.loss_iou: 0.0779  enc_loss_cls: 0.0074  enc_loss_bbox: 0.0145  enc_loss_iou: 0.0855  dn_loss_cls: 0.0002  dn_loss_bbox: 0.0116  dn_loss_iou: 0.0773  d0.dn_loss_cls: 0.0027  d0.dn_loss_bbox: 0.0180  d0.dn_loss_iou: 0.1097  d1.dn_loss_cls: 0.0006  d1.dn_loss_bbox: 0.0119  d1.dn_loss_iou: 0.0789  d2.dn_loss_cls: 0.0004  d2.dn_loss_bbox: 0.0117  d2.dn_loss_iou: 0.0776  d3.dn_loss_cls: 0.0003  d3.dn_loss_bbox: 0.0116  d3.dn_loss_iou: 0.0773  d4.dn_loss_cls: 0.0002  d4.dn_loss_bbox: 0.0116  d4.dn_loss_iou: 0.0773
2026/03/26 08:31:05 - mmengine - INFO - Epoch(train) [58][150/238]  base_lr: 2.9658e-05 lr: 2.9658e-05  eta: 3:26:14  time: 2.0672  data_time: 0.0056  memory: 42375  grad_norm: 64.4816  loss: 1.2662  loss_cls: 0.0000  loss_bbox: 0.0124  loss_iou: 0.0802  d0.loss_cls: 0.0018  d0.loss_bbox: 0.0128  d0.loss_iou: 0.0827  d1.loss_cls: 0.0003  d1.loss_bbox: 0.0125  d1.loss_iou: 0.0804  d2.loss_cls: 0.0001  d2.loss_bbox: 0.0124  d2.loss_iou: 0.0802  d3.loss_cls: 0.0000  d3.loss_bbox: 0.0124  d3.loss_iou: 0.0801  d4.loss_cls: 0.0000  d4.loss_bbox: 0.0124  d4.loss_iou: 0.0801  enc_loss_cls: 0.0081  enc_loss_bbox: 0.0149  enc_loss_iou: 0.0887  dn_loss_cls: 0.0002  dn_loss_bbox: 0.0120  dn_loss_iou: 0.0788  d0.dn_loss_cls: 0.0026  d0.dn_loss_bbox: 0.0191  d0.dn_loss_iou: 0.1145  d1.dn_loss_cls: 0.0006  d1.dn_loss_bbox: 0.0124  d1.dn_loss_iou: 0.0805  d2.dn_loss_cls: 0.0004  d2.dn_loss_bbox: 0.0120  d2.dn_loss_iou: 0.0788  d3.dn_loss_cls: 0.0002  d3.dn_loss_bbox: 0.0120  d3.dn_loss_iou: 0.0787  d4.dn_loss_cls: 0.0002  d4.dn_loss_bbox: 0.0120  d4.dn_loss_iou: 0.0787
2026/03/26 08:32:42 - mmengine - INFO - Epoch(train) [58][200/238]  base_lr: 2.9658e-05 lr: 2.9658e-05  eta: 3:24:11  time: 1.9445  data_time: 0.0056  memory: 42375  grad_norm: 58.9895  loss: 1.2315  loss_cls: 0.0003  loss_bbox: 0.0119  loss_iou: 0.0774  d0.loss_cls: 0.0017  d0.loss_bbox: 0.0124  d0.loss_iou: 0.0801  d1.loss_cls: 0.0007  d1.loss_bbox: 0.0120  d1.loss_iou: 0.0777  d2.loss_cls: 0.0004  d2.loss_bbox: 0.0119  d2.loss_iou: 0.0776  d3.loss_cls: 0.0004  d3.loss_bbox: 0.0119  d3.loss_iou: 0.0774  d4.loss_cls: 0.0003  d4.loss_bbox: 0.0119  d4.loss_iou: 0.0774  enc_loss_cls: 0.0064  enc_loss_bbox: 0.0154  enc_loss_iou: 0.0872  dn_loss_cls: 0.0001  dn_loss_bbox: 0.0117  dn_loss_iou: 0.0773  d0.dn_loss_cls: 0.0024  d0.dn_loss_bbox: 0.0182  d0.dn_loss_iou: 0.1104  d1.dn_loss_cls: 0.0005  d1.dn_loss_bbox: 0.0121  d1.dn_loss_iou: 0.0788  d2.dn_loss_cls: 0.0002  d2.dn_loss_bbox: 0.0118  d2.dn_loss_iou: 0.0775  d3.dn_loss_cls: 0.0001  d3.dn_loss_bbox: 0.0117  d3.dn_loss_iou: 0.0772  d4.dn_loss_cls: 0.0001  d4.dn_loss_bbox: 0.0117  d4.dn_loss_iou: 0.0772
2026/03/26 08:33:51 - mmengine - INFO - Exp name: dino_4scale_r50_uatd_80e_pretrained_20260325_231646
2026/03/26 08:34:02 - mmengine - INFO - Epoch(val) [58][ 50/100]    eta: 0:00:10  time: 0.2075  data_time: 0.0174  memory: 42375  
2026/03/26 08:34:13 - mmengine - INFO - Epoch(val) [58][100/100]    eta: 0:00:00  time: 0.2332  data_time: 0.0169  memory: 1533  
2026/03/26 08:34:17 - mmengine - INFO - Evaluating bbox...
2026/03/26 08:34:24 - mmengine - INFO - bbox_mAP_copypaste: 0.347 0.804 0.235 0.475 0.349 0.331
2026/03/26 08:34:24 - mmengine - INFO - Epoch(val) [58][100/100]    coco/bbox_mAP: 0.3470  coco/bbox_mAP_50: 0.8040  coco/bbox_mAP_75: 0.2350  coco/bbox_mAP_s: 0.4750  coco/bbox_mAP_m: 0.3490  coco/bbox_mAP_l: 0.3310  data_time: 0.0170  time: 0.2198
2026/03/26 08:36:01 - mmengine - INFO - Epoch(train) [59][ 50/238]  base_lr: 2.8355e-05 lr: 2.8355e-05  eta: 3:20:32  time: 1.9331  data_time: 0.0255  memory: 42375  grad_norm: 61.0067  loss: 1.1926  loss_cls: 0.0001  loss_bbox: 0.0119  loss_iou: 0.0753  d0.loss_cls: 0.0011  d0.loss_bbox: 0.0123  d0.loss_iou: 0.0780  d1.loss_cls: 0.0003  d1.loss_bbox: 0.0119  d1.loss_iou: 0.0756  d2.loss_cls: 0.0002  d2.loss_bbox: 0.0119  d2.loss_iou: 0.0756  d3.loss_cls: 0.0001  d3.loss_bbox: 0.0119  d3.loss_iou: 0.0755  d4.loss_cls: 0.0001  d4.loss_bbox: 0.0119  d4.loss_iou: 0.0755  enc_loss_cls: 0.0067  enc_loss_bbox: 0.0138  enc_loss_iou: 0.0817  dn_loss_cls: 0.0001  dn_loss_bbox: 0.0114  dn_loss_iou: 0.0746  d0.dn_loss_cls: 0.0024  d0.dn_loss_bbox: 0.0179  d0.dn_loss_iou: 0.1078  d1.dn_loss_cls: 0.0005  d1.dn_loss_bbox: 0.0117  d1.dn_loss_iou: 0.0761  d2.dn_loss_cls: 0.0002  d2.dn_loss_bbox: 0.0114  d2.dn_loss_iou: 0.0748  d3.dn_loss_cls: 0.0001  d3.dn_loss_bbox: 0.0114  d3.dn_loss_iou: 0.0746  d4.dn_loss_cls: 0.0001  d4.dn_loss_bbox: 0.0114  d4.dn_loss_iou: 0.0746
2026/03/26 08:37:34 - mmengine - INFO - Epoch(train) [59][100/238]  base_lr: 2.8355e-05 lr: 2.8355e-05  eta: 3:18:28  time: 1.8720  data_time: 0.0049  memory: 42375  grad_norm: 63.2121  loss: 1.2249  loss_cls: 0.0001  loss_bbox: 0.0121  loss_iou: 0.0777  d0.loss_cls: 0.0023  d0.loss_bbox: 0.0126  d0.loss_iou: 0.0803  d1.loss_cls: 0.0004  d1.loss_bbox: 0.0121  d1.loss_iou: 0.0775  d2.loss_cls: 0.0001  d2.loss_bbox: 0.0121  d2.loss_iou: 0.0777  d3.loss_cls: 0.0001  d3.loss_bbox: 0.0121  d3.loss_iou: 0.0777  d4.loss_cls: 0.0001  d4.loss_bbox: 0.0121  d4.loss_iou: 0.0777  enc_loss_cls: 0.0072  enc_loss_bbox: 0.0146  enc_loss_iou: 0.0854  dn_loss_cls: 0.0004  dn_loss_bbox: 0.0113  dn_loss_iou: 0.0764  d0.dn_loss_cls: 0.0027  d0.dn_loss_bbox: 0.0177  d0.dn_loss_iou: 0.1092  d1.dn_loss_cls: 0.0009  d1.dn_loss_bbox: 0.0117  d1.dn_loss_iou: 0.0780  d2.dn_loss_cls: 0.0005  d2.dn_loss_bbox: 0.0114  d2.dn_loss_iou: 0.0766  d3.dn_loss_cls: 0.0004  d3.dn_loss_bbox: 0.0113  d3.dn_loss_iou: 0.0763  d4.dn_loss_cls: 0.0004  d4.dn_loss_bbox: 0.0113  d4.dn_loss_iou: 0.0763
2026/03/26 08:39:08 - mmengine - INFO - Epoch(train) [59][150/238]  base_lr: 2.8355e-05 lr: 2.8355e-05  eta: 3:16:24  time: 1.8850  data_time: 0.0049  memory: 42375  grad_norm: 63.5213  loss: 1.2205  loss_cls: 0.0000  loss_bbox: 0.0120  loss_iou: 0.0778  d0.loss_cls: 0.0007  d0.loss_bbox: 0.0124  d0.loss_iou: 0.0790  d1.loss_cls: 0.0001  d1.loss_bbox: 0.0120  d1.loss_iou: 0.0776  d2.loss_cls: 0.0000  d2.loss_bbox: 0.0120  d2.loss_iou: 0.0776  d3.loss_cls: 0.0000  d3.loss_bbox: 0.0120  d3.loss_iou: 0.0778  d4.loss_cls: 0.0000  d4.loss_bbox: 0.0120  d4.loss_iou: 0.0778  enc_loss_cls: 0.0069  enc_loss_bbox: 0.0149  enc_loss_iou: 0.0867  dn_loss_cls: 0.0001  dn_loss_bbox: 0.0115  dn_loss_iou: 0.0764  d0.dn_loss_cls: 0.0024  d0.dn_loss_bbox: 0.0177  d0.dn_loss_iou: 0.1086  d1.dn_loss_cls: 0.0005  d1.dn_loss_bbox: 0.0118  d1.dn_loss_iou: 0.0777  d2.dn_loss_cls: 0.0003  d2.dn_loss_bbox: 0.0115  d2.dn_loss_iou: 0.0765  d3.dn_loss_cls: 0.0002  d3.dn_loss_bbox: 0.0115  d3.dn_loss_iou: 0.0763  d4.dn_loss_cls: 0.0001  d4.dn_loss_bbox: 0.0115  d4.dn_loss_iou: 0.0764
2026/03/26 08:40:35 - mmengine - INFO - Exp name: dino_4scale_r50_uatd_80e_pretrained_20260325_231646
2026/03/26 08:40:42 - mmengine - INFO - Epoch(train) [59][200/238]  base_lr: 2.8355e-05 lr: 2.8355e-05  eta: 3:14:20  time: 1.8718  data_time: 0.0046  memory: 42426  grad_norm: 54.0491  loss: 1.2454  loss_cls: 0.0001  loss_bbox: 0.0137  loss_iou: 0.0793  d0.loss_cls: 0.0022  d0.loss_bbox: 0.0141  d0.loss_iou: 0.0815  d1.loss_cls: 0.0003  d1.loss_bbox: 0.0138  d1.loss_iou: 0.0798  d2.loss_cls: 0.0002  d2.loss_bbox: 0.0138  d2.loss_iou: 0.0795  d3.loss_cls: 0.0001  d3.loss_bbox: 0.0137  d3.loss_iou: 0.0792  d4.loss_cls: 0.0001  d4.loss_bbox: 0.0137  d4.loss_iou: 0.0792  enc_loss_cls: 0.0074  enc_loss_bbox: 0.0164  enc_loss_iou: 0.0881  dn_loss_cls: 0.0003  dn_loss_bbox: 0.0114  dn_loss_iou: 0.0756  d0.dn_loss_cls: 0.0031  d0.dn_loss_bbox: 0.0179  d0.dn_loss_iou: 0.1084  d1.dn_loss_cls: 0.0008  d1.dn_loss_bbox: 0.0118  d1.dn_loss_iou: 0.0775  d2.dn_loss_cls: 0.0005  d2.dn_loss_bbox: 0.0115  d2.dn_loss_iou: 0.0758  d3.dn_loss_cls: 0.0003  d3.dn_loss_bbox: 0.0114  d3.dn_loss_iou: 0.0755  d4.dn_loss_cls: 0.0003  d4.dn_loss_bbox: 0.0114  d4.dn_loss_iou: 0.0755
2026/03/26 08:42:01 - mmengine - INFO - Exp name: dino_4scale_r50_uatd_80e_pretrained_20260325_231646
2026/03/26 08:43:47 - mmengine - INFO - Epoch(train) [60][ 50/238]  base_lr: 2.7053e-05 lr: 2.7053e-05  eta: 3:10:50  time: 2.1099  data_time: 0.0302  memory: 42426  grad_norm: 52.6418  loss: 1.2088  loss_cls: 0.0004  loss_bbox: 0.0125  loss_iou: 0.0768  d0.loss_cls: 0.0011  d0.loss_bbox: 0.0128  d0.loss_iou: 0.0780  d1.loss_cls: 0.0004  d1.loss_bbox: 0.0125  d1.loss_iou: 0.0766  d2.loss_cls: 0.0004  d2.loss_bbox: 0.0125  d2.loss_iou: 0.0767  d3.loss_cls: 0.0003  d3.loss_bbox: 0.0125  d3.loss_iou: 0.0767  d4.loss_cls: 0.0003  d4.loss_bbox: 0.0125  d4.loss_iou: 0.0768  enc_loss_cls: 0.0078  enc_loss_bbox: 0.0148  enc_loss_iou: 0.0837  dn_loss_cls: 0.0002  dn_loss_bbox: 0.0113  dn_loss_iou: 0.0751  d0.dn_loss_cls: 0.0027  d0.dn_loss_bbox: 0.0175  d0.dn_loss_iou: 0.1070  d1.dn_loss_cls: 0.0006  d1.dn_loss_bbox: 0.0116  d1.dn_loss_iou: 0.0766  d2.dn_loss_cls: 0.0004  d2.dn_loss_bbox: 0.0113  d2.dn_loss_iou: 0.0752  d3.dn_loss_cls: 0.0003  d3.dn_loss_bbox: 0.0113  d3.dn_loss_iou: 0.0750  d4.dn_loss_cls: 0.0003  d4.dn_loss_bbox: 0.0113  d4.dn_loss_iou: 0.0751
2026/03/26 08:45:47 - mmengine - INFO - Epoch(train) [60][100/238]  base_lr: 2.7053e-05 lr: 2.7053e-05  eta: 3:08:55  time: 2.4003  data_time: 0.0061  memory: 42375  grad_norm: 52.0846  loss: 1.2532  loss_cls: 0.0005  loss_bbox: 0.0126  loss_iou: 0.0796  d0.loss_cls: 0.0029  d0.loss_bbox: 0.0131  d0.loss_iou: 0.0817  d1.loss_cls: 0.0010  d1.loss_bbox: 0.0127  d1.loss_iou: 0.0797  d2.loss_cls: 0.0008  d2.loss_bbox: 0.0126  d2.loss_iou: 0.0796  d3.loss_cls: 0.0007  d3.loss_bbox: 0.0126  d3.loss_iou: 0.0795  d4.loss_cls: 0.0005  d4.loss_bbox: 0.0126  d4.loss_iou: 0.0796  enc_loss_cls: 0.0068  enc_loss_bbox: 0.0155  enc_loss_iou: 0.0866  dn_loss_cls: 0.0003  dn_loss_bbox: 0.0118  dn_loss_iou: 0.0774  d0.dn_loss_cls: 0.0027  d0.dn_loss_bbox: 0.0182  d0.dn_loss_iou: 0.1105  d1.dn_loss_cls: 0.0008  d1.dn_loss_bbox: 0.0121  d1.dn_loss_iou: 0.0791  d2.dn_loss_cls: 0.0006  d2.dn_loss_bbox: 0.0118  d2.dn_loss_iou: 0.0777  d3.dn_loss_cls: 0.0004  d3.dn_loss_bbox: 0.0118  d3.dn_loss_iou: 0.0774  d4.dn_loss_cls: 0.0003  d4.dn_loss_bbox: 0.0118  d4.dn_loss_iou: 0.0774
2026/03/26 08:47:37 - mmengine - INFO - Epoch(train) [60][150/238]  base_lr: 2.7053e-05 lr: 2.7053e-05  eta: 3:06:58  time: 2.2147  data_time: 0.0054  memory: 42375  grad_norm: 53.7712  loss: 1.2127  loss_cls: 0.0000  loss_bbox: 0.0118  loss_iou: 0.0763  d0.loss_cls: 0.0015  d0.loss_bbox: 0.0123  d0.loss_iou: 0.0788  d1.loss_cls: 0.0003  d1.loss_bbox: 0.0119  d1.loss_iou: 0.0767  d2.loss_cls: 0.0002  d2.loss_bbox: 0.0118  d2.loss_iou: 0.0762  d3.loss_cls: 0.0001  d3.loss_bbox: 0.0118  d3.loss_iou: 0.0763  d4.loss_cls: 0.0000  d4.loss_bbox: 0.0118  d4.loss_iou: 0.0764  enc_loss_cls: 0.0071  enc_loss_bbox: 0.0144  enc_loss_iou: 0.0843  dn_loss_cls: 0.0001  dn_loss_bbox: 0.0117  dn_loss_iou: 0.0761  d0.dn_loss_cls: 0.0026  d0.dn_loss_bbox: 0.0183  d0.dn_loss_iou: 0.1095  d1.dn_loss_cls: 0.0005  d1.dn_loss_bbox: 0.0121  d1.dn_loss_iou: 0.0778  d2.dn_loss_cls: 0.0003  d2.dn_loss_bbox: 0.0118  d2.dn_loss_iou: 0.0763  d3.dn_loss_cls: 0.0002  d3.dn_loss_bbox: 0.0117  d3.dn_loss_iou: 0.0760  d4.dn_loss_cls: 0.0001  d4.dn_loss_bbox: 0.0117  d4.dn_loss_iou: 0.0761
2026/03/26 08:49:10 - mmengine - INFO - Epoch(train) [60][200/238]  base_lr: 2.7053e-05 lr: 2.7053e-05  eta: 3:04:55  time: 1.8569  data_time: 0.0046  memory: 42375  grad_norm: 55.8180  loss: 1.2013  loss_cls: 0.0000  loss_bbox: 0.0120  loss_iou: 0.0762  d0.loss_cls: 0.0011  d0.loss_bbox: 0.0124  d0.loss_iou: 0.0782  d1.loss_cls: 0.0002  d1.loss_bbox: 0.0120  d1.loss_iou: 0.0765  d2.loss_cls: 0.0001  d2.loss_bbox: 0.0119  d2.loss_iou: 0.0760  d3.loss_cls: 0.0000  d3.loss_bbox: 0.0119  d3.loss_iou: 0.0760  d4.loss_cls: 0.0000  d4.loss_bbox: 0.0119  d4.loss_iou: 0.0760  enc_loss_cls: 0.0069  enc_loss_bbox: 0.0144  enc_loss_iou: 0.0831  dn_loss_cls: 0.0001  dn_loss_bbox: 0.0113  dn_loss_iou: 0.0753  d0.dn_loss_cls: 0.0027  d0.dn_loss_bbox: 0.0177  d0.dn_loss_iou: 0.1077  d1.dn_loss_cls: 0.0006  d1.dn_loss_bbox: 0.0117  d1.dn_loss_iou: 0.0769  d2.dn_loss_cls: 0.0003  d2.dn_loss_bbox: 0.0114  d2.dn_loss_iou: 0.0755  d3.dn_loss_cls: 0.0002  d3.dn_loss_bbox: 0.0113  d3.dn_loss_iou: 0.0752  d4.dn_loss_cls: 0.0002  d4.dn_loss_bbox: 0.0113  d4.dn_loss_iou: 0.0753
2026/03/26 08:50:16 - mmengine - INFO - Exp name: dino_4scale_r50_uatd_80e_pretrained_20260325_231646
2026/03/26 08:50:27 - mmengine - INFO - Epoch(val) [60][ 50/100]    eta: 0:00:10  time: 0.2048  data_time: 0.0159  memory: 42375  
2026/03/26 08:50:39 - mmengine - INFO - Epoch(val) [60][100/100]    eta: 0:00:00  time: 0.2473  data_time: 0.0561  memory: 1533  
2026/03/26 08:50:42 - mmengine - INFO - Evaluating bbox...
2026/03/26 08:50:49 - mmengine - INFO - bbox_mAP_copypaste: 0.343 0.801 0.229 0.465 0.345 0.327
2026/03/26 08:50:49 - mmengine - INFO - Epoch(val) [60][100/100]    coco/bbox_mAP: 0.3430  coco/bbox_mAP_50: 0.8010  coco/bbox_mAP_75: 0.2290  coco/bbox_mAP_s: 0.4650  coco/bbox_mAP_m: 0.3450  coco/bbox_mAP_l: 0.3270  data_time: 0.0357  time: 0.2255
2026/03/26 08:52:24 - mmengine - INFO - Epoch(train) [61][ 50/238]  base_lr: 2.5750e-05 lr: 2.5750e-05  eta: 3:01:17  time: 1.8989  data_time: 0.0325  memory: 42375  grad_norm: 56.1380  loss: 1.1472  loss_cls: 0.0001  loss_bbox: 0.0112  loss_iou: 0.0723  d0.loss_cls: 0.0015  d0.loss_bbox: 0.0116  d0.loss_iou: 0.0741  d1.loss_cls: 0.0002  d1.loss_bbox: 0.0112  d1.loss_iou: 0.0720  d2.loss_cls: 0.0001  d2.loss_bbox: 0.0112  d2.loss_iou: 0.0719  d3.loss_cls: 0.0001  d3.loss_bbox: 0.0112  d3.loss_iou: 0.0721  d4.loss_cls: 0.0001  d4.loss_bbox: 0.0112  d4.loss_iou: 0.0722  enc_loss_cls: 0.0063  enc_loss_bbox: 0.0135  enc_loss_iou: 0.0786  dn_loss_cls: 0.0002  dn_loss_bbox: 0.0111  dn_loss_iou: 0.0717  d0.dn_loss_cls: 0.0029  d0.dn_loss_bbox: 0.0178  d0.dn_loss_iou: 0.1059  d1.dn_loss_cls: 0.0007  d1.dn_loss_bbox: 0.0114  d1.dn_loss_iou: 0.0735  d2.dn_loss_cls: 0.0004  d2.dn_loss_bbox: 0.0111  d2.dn_loss_iou: 0.0718  d3.dn_loss_cls: 0.0003  d3.dn_loss_bbox: 0.0111  d3.dn_loss_iou: 0.0716  d4.dn_loss_cls: 0.0002  d4.dn_loss_bbox: 0.0111  d4.dn_loss_iou: 0.0717
2026/03/26 08:53:56 - mmengine - INFO - Epoch(train) [61][100/238]  base_lr: 2.5750e-05 lr: 2.5750e-05  eta: 2:59:14  time: 1.8480  data_time: 0.0040  memory: 42375  grad_norm: 55.7476  loss: 1.1399  loss_cls: 0.0004  loss_bbox: 0.0110  loss_iou: 0.0718  d0.loss_cls: 0.0017  d0.loss_bbox: 0.0113  d0.loss_iou: 0.0735  d1.loss_cls: 0.0003  d1.loss_bbox: 0.0110  d1.loss_iou: 0.0718  d2.loss_cls: 0.0003  d2.loss_bbox: 0.0110  d2.loss_iou: 0.0720  d3.loss_cls: 0.0002  d3.loss_bbox: 0.0109  d3.loss_iou: 0.0717  d4.loss_cls: 0.0003  d4.loss_bbox: 0.0110  d4.loss_iou: 0.0718  enc_loss_cls: 0.0058  enc_loss_bbox: 0.0132  enc_loss_iou: 0.0782  dn_loss_cls: 0.0003  dn_loss_bbox: 0.0107  dn_loss_iou: 0.0722  d0.dn_loss_cls: 0.0025  d0.dn_loss_bbox: 0.0169  d0.dn_loss_iou: 0.1039  d1.dn_loss_cls: 0.0005  d1.dn_loss_bbox: 0.0110  d1.dn_loss_iou: 0.0733  d2.dn_loss_cls: 0.0003  d2.dn_loss_bbox: 0.0107  d2.dn_loss_iou: 0.0723  d3.dn_loss_cls: 0.0003  d3.dn_loss_bbox: 0.0107  d3.dn_loss_iou: 0.0721  d4.dn_loss_cls: 0.0003  d4.dn_loss_bbox: 0.0107  d4.dn_loss_iou: 0.0721
2026/03/26 08:55:30 - mmengine - INFO - Epoch(train) [61][150/238]  base_lr: 2.5750e-05 lr: 2.5750e-05  eta: 2:57:12  time: 1.8782  data_time: 0.0050  memory: 42375  grad_norm: 55.7348  loss: 1.1335  loss_cls: 0.0001  loss_bbox: 0.0118  loss_iou: 0.0720  d0.loss_cls: 0.0009  d0.loss_bbox: 0.0121  d0.loss_iou: 0.0738  d1.loss_cls: 0.0003  d1.loss_bbox: 0.0118  d1.loss_iou: 0.0723  d2.loss_cls: 0.0001  d2.loss_bbox: 0.0118  d2.loss_iou: 0.0719  d3.loss_cls: 0.0001  d3.loss_bbox: 0.0118  d3.loss_iou: 0.0720  d4.loss_cls: 0.0001  d4.loss_bbox: 0.0118  d4.loss_iou: 0.0719  enc_loss_cls: 0.0062  enc_loss_bbox: 0.0142  enc_loss_iou: 0.0791  dn_loss_cls: 0.0001  dn_loss_bbox: 0.0105  dn_loss_iou: 0.0704  d0.dn_loss_cls: 0.0022  d0.dn_loss_bbox: 0.0166  d0.dn_loss_iou: 0.1011  d1.dn_loss_cls: 0.0004  d1.dn_loss_bbox: 0.0108  d1.dn_loss_iou: 0.0720  d2.dn_loss_cls: 0.0002  d2.dn_loss_bbox: 0.0106  d2.dn_loss_iou: 0.0705  d3.dn_loss_cls: 0.0001  d3.dn_loss_bbox: 0.0105  d3.dn_loss_iou: 0.0704  d4.dn_loss_cls: 0.0001  d4.dn_loss_bbox: 0.0105  d4.dn_loss_iou: 0.0704
2026/03/26 08:57:04 - mmengine - INFO - Epoch(train) [61][200/238]  base_lr: 2.5750e-05 lr: 2.5750e-05  eta: 2:55:10  time: 1.8819  data_time: 0.0052  memory: 42375  grad_norm: inf  loss: 1.1523  loss_cls: 0.0002  loss_bbox: 0.0113  loss_iou: 0.0723  d0.loss_cls: 0.0014  d0.loss_bbox: 0.0118  d0.loss_iou: 0.0744  d1.loss_cls: 0.0005  d1.loss_bbox: 0.0114  d1.loss_iou: 0.0725  d2.loss_cls: 0.0002  d2.loss_bbox: 0.0113  d2.loss_iou: 0.0722  d3.loss_cls: 0.0002  d3.loss_bbox: 0.0113  d3.loss_iou: 0.0721  d4.loss_cls: 0.0002  d4.loss_bbox: 0.0113  d4.loss_iou: 0.0722  enc_loss_cls: 0.0067  enc_loss_bbox: 0.0140  enc_loss_iou: 0.0809  dn_loss_cls: 0.0002  dn_loss_bbox: 0.0109  dn_loss_iou: 0.0720  d0.dn_loss_cls: 0.0028  d0.dn_loss_bbox: 0.0174  d0.dn_loss_iou: 0.1055  d1.dn_loss_cls: 0.0006  d1.dn_loss_bbox: 0.0112  d1.dn_loss_iou: 0.0738  d2.dn_loss_cls: 0.0003  d2.dn_loss_bbox: 0.0109  d2.dn_loss_iou: 0.0723  d3.dn_loss_cls: 0.0002  d3.dn_loss_bbox: 0.0109  d3.dn_loss_iou: 0.0720  d4.dn_loss_cls: 0.0002  d4.dn_loss_bbox: 0.0109  d4.dn_loss_iou: 0.0720
2026/03/26 08:58:14 - mmengine - INFO - Exp name: dino_4scale_r50_uatd_80e_pretrained_20260325_231646
2026/03/26 08:59:49 - mmengine - INFO - Epoch(train) [62][ 50/238]  base_lr: 2.4447e-05 lr: 2.4447e-05  eta: 2:51:35  time: 1.9012  data_time: 0.0293  memory: 42375  grad_norm: 56.3607  loss: 1.0982  loss_cls: 0.0002  loss_bbox: 0.0103  loss_iou: 0.0694  d0.loss_cls: 0.0014  d0.loss_bbox: 0.0107  d0.loss_iou: 0.0709  d1.loss_cls: 0.0004  d1.loss_bbox: 0.0103  d1.loss_iou: 0.0692  d2.loss_cls: 0.0002  d2.loss_bbox: 0.0103  d2.loss_iou: 0.0689  d3.loss_cls: 0.0002  d3.loss_bbox: 0.0103  d3.loss_iou: 0.0693  d4.loss_cls: 0.0002  d4.loss_bbox: 0.0103  d4.loss_iou: 0.0694  enc_loss_cls: 0.0059  enc_loss_bbox: 0.0126  enc_loss_iou: 0.0751  dn_loss_cls: 0.0001  dn_loss_bbox: 0.0101  dn_loss_iou: 0.0696  d0.dn_loss_cls: 0.0023  d0.dn_loss_bbox: 0.0165  d0.dn_loss_iou: 0.1022  d1.dn_loss_cls: 0.0005  d1.dn_loss_bbox: 0.0105  d1.dn_loss_iou: 0.0711  d2.dn_loss_cls: 0.0003  d2.dn_loss_bbox: 0.0102  d2.dn_loss_iou: 0.0697  d3.dn_loss_cls: 0.0002  d3.dn_loss_bbox: 0.0101  d3.dn_loss_iou: 0.0695  d4.dn_loss_cls: 0.0001  d4.dn_loss_bbox: 0.0101  d4.dn_loss_iou: 0.0695
2026/03/26 09:01:22 - mmengine - INFO - Epoch(train) [62][100/238]  base_lr: 2.4447e-05 lr: 2.4447e-05  eta: 2:49:34  time: 1.8679  data_time: 0.0048  memory: 42375  grad_norm: 53.4074  loss: 1.1105  loss_cls: 0.0000  loss_bbox: 0.0109  loss_iou: 0.0707  d0.loss_cls: 0.0013  d0.loss_bbox: 0.0112  d0.loss_iou: 0.0732  d1.loss_cls: 0.0001  d1.loss_bbox: 0.0109  d1.loss_iou: 0.0710  d2.loss_cls: 0.0000  d2.loss_bbox: 0.0108  d2.loss_iou: 0.0707  d3.loss_cls: 0.0000  d3.loss_bbox: 0.0109  d3.loss_iou: 0.0708  d4.loss_cls: 0.0000  d4.loss_bbox: 0.0109  d4.loss_iou: 0.0707  enc_loss_cls: 0.0059  enc_loss_bbox: 0.0132  enc_loss_iou: 0.0773  dn_loss_cls: 0.0001  dn_loss_bbox: 0.0103  dn_loss_iou: 0.0692  d0.dn_loss_cls: 0.0024  d0.dn_loss_bbox: 0.0165  d0.dn_loss_iou: 0.1012  d1.dn_loss_cls: 0.0005  d1.dn_loss_bbox: 0.0106  d1.dn_loss_iou: 0.0707  d2.dn_loss_cls: 0.0002  d2.dn_loss_bbox: 0.0103  d2.dn_loss_iou: 0.0693  d3.dn_loss_cls: 0.0001  d3.dn_loss_bbox: 0.0103  d3.dn_loss_iou: 0.0691  d4.dn_loss_cls: 0.0001  d4.dn_loss_bbox: 0.0103  d4.dn_loss_iou: 0.0691
2026/03/26 09:02:59 - mmengine - INFO - Epoch(train) [62][150/238]  base_lr: 2.4447e-05 lr: 2.4447e-05  eta: 2:47:33  time: 1.9398  data_time: 0.0047  memory: 42375  grad_norm: 55.6091  loss: 1.1394  loss_cls: 0.0002  loss_bbox: 0.0118  loss_iou: 0.0723  d0.loss_cls: 0.0014  d0.loss_bbox: 0.0123  d0.loss_iou: 0.0743  d1.loss_cls: 0.0005  d1.loss_bbox: 0.0118  d1.loss_iou: 0.0723  d2.loss_cls: 0.0003  d2.loss_bbox: 0.0118  d2.loss_iou: 0.0723  d3.loss_cls: 0.0002  d3.loss_bbox: 0.0118  d3.loss_iou: 0.0724  d4.loss_cls: 0.0002  d4.loss_bbox: 0.0118  d4.loss_iou: 0.0724  enc_loss_cls: 0.0072  enc_loss_bbox: 0.0143  enc_loss_iou: 0.0792  dn_loss_cls: 0.0002  dn_loss_bbox: 0.0103  dn_loss_iou: 0.0704  d0.dn_loss_cls: 0.0026  d0.dn_loss_bbox: 0.0166  d0.dn_loss_iou: 0.1024  d1.dn_loss_cls: 0.0006  d1.dn_loss_bbox: 0.0107  d1.dn_loss_iou: 0.0719  d2.dn_loss_cls: 0.0003  d2.dn_loss_bbox: 0.0104  d2.dn_loss_iou: 0.0705  d3.dn_loss_cls: 0.0002  d3.dn_loss_bbox: 0.0103  d3.dn_loss_iou: 0.0703  d4.dn_loss_cls: 0.0002  d4.dn_loss_bbox: 0.0103  d4.dn_loss_iou: 0.0703
2026/03/26 09:04:34 - mmengine - INFO - Epoch(train) [62][200/238]  base_lr: 2.4447e-05 lr: 2.4447e-05  eta: 2:45:32  time: 1.8962  data_time: 0.0045  memory: 42426  grad_norm: 58.9790  loss: 1.1428  loss_cls: 0.0005  loss_bbox: 0.0113  loss_iou: 0.0729  d0.loss_cls: 0.0011  d0.loss_bbox: 0.0117  d0.loss_iou: 0.0744  d1.loss_cls: 0.0006  d1.loss_bbox: 0.0113  d1.loss_iou: 0.0730  d2.loss_cls: 0.0005  d2.loss_bbox: 0.0113  d2.loss_iou: 0.0727  d3.loss_cls: 0.0006  d3.loss_bbox: 0.0113  d3.loss_iou: 0.0726  d4.loss_cls: 0.0005  d4.loss_bbox: 0.0113  d4.loss_iou: 0.0728  enc_loss_cls: 0.0056  enc_loss_bbox: 0.0139  enc_loss_iou: 0.0800  dn_loss_cls: 0.0002  dn_loss_bbox: 0.0106  dn_loss_iou: 0.0712  d0.dn_loss_cls: 0.0024  d0.dn_loss_bbox: 0.0166  d0.dn_loss_iou: 0.1024  d1.dn_loss_cls: 0.0005  d1.dn_loss_bbox: 0.0108  d1.dn_loss_iou: 0.0725  d2.dn_loss_cls: 0.0003  d2.dn_loss_bbox: 0.0106  d2.dn_loss_iou: 0.0713  d3.dn_loss_cls: 0.0002  d3.dn_loss_bbox: 0.0106  d3.dn_loss_iou: 0.0711  d4.dn_loss_cls: 0.0002  d4.dn_loss_bbox: 0.0106  d4.dn_loss_iou: 0.0711
2026/03/26 09:05:43 - mmengine - INFO - Exp name: dino_4scale_r50_uatd_80e_pretrained_20260325_231646
2026/03/26 09:05:53 - mmengine - INFO - Epoch(val) [62][ 50/100]    eta: 0:00:10  time: 0.2063  data_time: 0.0173  memory: 42375  
2026/03/26 09:06:03 - mmengine - INFO - Epoch(val) [62][100/100]    eta: 0:00:00  time: 0.1995  data_time: 0.0103  memory: 1533  
2026/03/26 09:06:06 - mmengine - INFO - Evaluating bbox...
2026/03/26 09:06:12 - mmengine - INFO - bbox_mAP_copypaste: 0.336 0.775 0.226 0.475 0.336 0.321
2026/03/26 09:06:13 - mmengine - INFO - Epoch(val) [62][100/100]    coco/bbox_mAP: 0.3360  coco/bbox_mAP_50: 0.7750  coco/bbox_mAP_75: 0.2260  coco/bbox_mAP_s: 0.4750  coco/bbox_mAP_m: 0.3360  coco/bbox_mAP_l: 0.3210  data_time: 0.0137  time: 0.2025
2026/03/26 09:07:45 - mmengine - INFO - Epoch(train) [63][ 50/238]  base_lr: 2.3145e-05 lr: 2.3145e-05  eta: 2:41:58  time: 1.8513  data_time: 0.0365  memory: 42375  grad_norm: 57.8478  loss: 1.0589  loss_cls: 0.0002  loss_bbox: 0.0097  loss_iou: 0.0668  d0.loss_cls: 0.0012  d0.loss_bbox: 0.0101  d0.loss_iou: 0.0685  d1.loss_cls: 0.0004  d1.loss_bbox: 0.0097  d1.loss_iou: 0.0669  d2.loss_cls: 0.0003  d2.loss_bbox: 0.0097  d2.loss_iou: 0.0666  d3.loss_cls: 0.0002  d3.loss_bbox: 0.0097  d3.loss_iou: 0.0666  d4.loss_cls: 0.0003  d4.loss_bbox: 0.0097  d4.loss_iou: 0.0666  enc_loss_cls: 0.0055  enc_loss_bbox: 0.0121  enc_loss_iou: 0.0735  dn_loss_cls: 0.0002  dn_loss_bbox: 0.0097  dn_loss_iou: 0.0670  d0.dn_loss_cls: 0.0022  d0.dn_loss_bbox: 0.0161  d0.dn_loss_iou: 0.0997  d1.dn_loss_cls: 0.0005  d1.dn_loss_bbox: 0.0100  d1.dn_loss_iou: 0.0685  d2.dn_loss_cls: 0.0003  d2.dn_loss_bbox: 0.0098  d2.dn_loss_iou: 0.0671  d3.dn_loss_cls: 0.0002  d3.dn_loss_bbox: 0.0097  d3.dn_loss_iou: 0.0670  d4.dn_loss_cls: 0.0002  d4.dn_loss_bbox: 0.0097  d4.dn_loss_iou: 0.0669
2026/03/26 09:09:16 - mmengine - INFO - Epoch(train) [63][100/238]  base_lr: 2.3145e-05 lr: 2.3145e-05  eta: 2:39:57  time: 1.8143  data_time: 0.0049  memory: 42375  grad_norm: 56.7804  loss: 1.1051  loss_cls: 0.0000  loss_bbox: 0.0112  loss_iou: 0.0703  d0.loss_cls: 0.0013  d0.loss_bbox: 0.0116  d0.loss_iou: 0.0726  d1.loss_cls: 0.0001  d1.loss_bbox: 0.0112  d1.loss_iou: 0.0707  d2.loss_cls: 0.0001  d2.loss_bbox: 0.0112  d2.loss_iou: 0.0702  d3.loss_cls: 0.0000  d3.loss_bbox: 0.0112  d3.loss_iou: 0.0703  d4.loss_cls: 0.0000  d4.loss_bbox: 0.0111  d4.loss_iou: 0.0702  enc_loss_cls: 0.0060  enc_loss_bbox: 0.0131  enc_loss_iou: 0.0757  dn_loss_cls: 0.0003  dn_loss_bbox: 0.0102  dn_loss_iou: 0.0686  d0.dn_loss_cls: 0.0025  d0.dn_loss_bbox: 0.0163  d0.dn_loss_iou: 0.1007  d1.dn_loss_cls: 0.0006  d1.dn_loss_bbox: 0.0105  d1.dn_loss_iou: 0.0701  d2.dn_loss_cls: 0.0004  d2.dn_loss_bbox: 0.0102  d2.dn_loss_iou: 0.0687  d3.dn_loss_cls: 0.0003  d3.dn_loss_bbox: 0.0102  d3.dn_loss_iou: 0.0685  d4.dn_loss_cls: 0.0003  d4.dn_loss_bbox: 0.0102  d4.dn_loss_iou: 0.0685
2026/03/26 09:10:47 - mmengine - INFO - Epoch(train) [63][150/238]  base_lr: 2.3145e-05 lr: 2.3145e-05  eta: 2:37:56  time: 1.8155  data_time: 0.0042  memory: 42375  grad_norm: 50.2365  loss: 1.0990  loss_cls: 0.0001  loss_bbox: 0.0115  loss_iou: 0.0697  d0.loss_cls: 0.0016  d0.loss_bbox: 0.0119  d0.loss_iou: 0.0714  d1.loss_cls: 0.0004  d1.loss_bbox: 0.0115  d1.loss_iou: 0.0699  d2.loss_cls: 0.0002  d2.loss_bbox: 0.0115  d2.loss_iou: 0.0698  d3.loss_cls: 0.0002  d3.loss_bbox: 0.0115  d3.loss_iou: 0.0698  d4.loss_cls: 0.0001  d4.loss_bbox: 0.0115  d4.loss_iou: 0.0698  enc_loss_cls: 0.0063  enc_loss_bbox: 0.0136  enc_loss_iou: 0.0751  dn_loss_cls: 0.0002  dn_loss_bbox: 0.0100  dn_loss_iou: 0.0674  d0.dn_loss_cls: 0.0028  d0.dn_loss_bbox: 0.0164  d0.dn_loss_iou: 0.1003  d1.dn_loss_cls: 0.0008  d1.dn_loss_bbox: 0.0104  d1.dn_loss_iou: 0.0694  d2.dn_loss_cls: 0.0005  d2.dn_loss_bbox: 0.0101  d2.dn_loss_iou: 0.0676  d3.dn_loss_cls: 0.0003  d3.dn_loss_bbox: 0.0100  d3.dn_loss_iou: 0.0674  d4.dn_loss_cls: 0.0002  d4.dn_loss_bbox: 0.0100  d4.dn_loss_iou: 0.0674
2026/03/26 09:12:17 - mmengine - INFO - Epoch(train) [63][200/238]  base_lr: 2.3145e-05 lr: 2.3145e-05  eta: 2:35:54  time: 1.8096  data_time: 0.0040  memory: 42375  grad_norm: 54.8543  loss: 1.1252  loss_cls: 0.0001  loss_bbox: 0.0116  loss_iou: 0.0715  d0.loss_cls: 0.0015  d0.loss_bbox: 0.0120  d0.loss_iou: 0.0732  d1.loss_cls: 0.0003  d1.loss_bbox: 0.0116  d1.loss_iou: 0.0714  d2.loss_cls: 0.0003  d2.loss_bbox: 0.0116  d2.loss_iou: 0.0712  d3.loss_cls: 0.0002  d3.loss_bbox: 0.0116  d3.loss_iou: 0.0714  d4.loss_cls: 0.0001  d4.loss_bbox: 0.0116  d4.loss_iou: 0.0714  enc_loss_cls: 0.0054  enc_loss_bbox: 0.0139  enc_loss_iou: 0.0769  dn_loss_cls: 0.0002  dn_loss_bbox: 0.0104  dn_loss_iou: 0.0699  d0.dn_loss_cls: 0.0024  d0.dn_loss_bbox: 0.0169  d0.dn_loss_iou: 0.1023  d1.dn_loss_cls: 0.0005  d1.dn_loss_bbox: 0.0108  d1.dn_loss_iou: 0.0713  d2.dn_loss_cls: 0.0003  d2.dn_loss_bbox: 0.0105  d2.dn_loss_iou: 0.0700  d3.dn_loss_cls: 0.0002  d3.dn_loss_bbox: 0.0104  d3.dn_loss_iou: 0.0698  d4.dn_loss_cls: 0.0002  d4.dn_loss_bbox: 0.0104  d4.dn_loss_iou: 0.0698
2026/03/26 09:13:25 - mmengine - INFO - Exp name: dino_4scale_r50_uatd_80e_pretrained_20260325_231646
2026/03/26 09:13:37 - mmengine - INFO - Exp name: dino_4scale_r50_uatd_80e_pretrained_20260325_231646
2026/03/26 09:15:00 - mmengine - INFO - Epoch(train) [64][ 50/238]  base_lr: 2.1842e-05 lr: 2.1842e-05  eta: 2:32:22  time: 1.9028  data_time: 0.0307  memory: 42375  grad_norm: 58.9062  loss: 1.0750  loss_cls: 0.0001  loss_bbox: 0.0101  loss_iou: 0.0676  d0.loss_cls: 0.0016  d0.loss_bbox: 0.0106  d0.loss_iou: 0.0701  d1.loss_cls: 0.0002  d1.loss_bbox: 0.0102  d1.loss_iou: 0.0679  d2.loss_cls: 0.0001  d2.loss_bbox: 0.0101  d2.loss_iou: 0.0678  d3.loss_cls: 0.0001  d3.loss_bbox: 0.0101  d3.loss_iou: 0.0676  d4.loss_cls: 0.0001  d4.loss_bbox: 0.0101  d4.loss_iou: 0.0675  enc_loss_cls: 0.0059  enc_loss_bbox: 0.0125  enc_loss_iou: 0.0740  dn_loss_cls: 0.0003  dn_loss_bbox: 0.0100  dn_loss_iou: 0.0674  d0.dn_loss_cls: 0.0028  d0.dn_loss_bbox: 0.0165  d0.dn_loss_iou: 0.1001  d1.dn_loss_cls: 0.0008  d1.dn_loss_bbox: 0.0103  d1.dn_loss_iou: 0.0689  d2.dn_loss_cls: 0.0005  d2.dn_loss_bbox: 0.0101  d2.dn_loss_iou: 0.0676  d3.dn_loss_cls: 0.0003  d3.dn_loss_bbox: 0.0100  d3.dn_loss_iou: 0.0673  d4.dn_loss_cls: 0.0003  d4.dn_loss_bbox: 0.0100  d4.dn_loss_iou: 0.0674
2026/03/26 09:16:34 - mmengine - INFO - Epoch(train) [64][100/238]  base_lr: 2.1842e-05 lr: 2.1842e-05  eta: 2:30:23  time: 1.8887  data_time: 0.0048  memory: 42375  grad_norm: 56.4478  loss: 1.0790  loss_cls: 0.0003  loss_bbox: 0.0110  loss_iou: 0.0682  d0.loss_cls: 0.0013  d0.loss_bbox: 0.0113  d0.loss_iou: 0.0707  d1.loss_cls: 0.0004  d1.loss_bbox: 0.0110  d1.loss_iou: 0.0688  d2.loss_cls: 0.0003  d2.loss_bbox: 0.0110  d2.loss_iou: 0.0683  d3.loss_cls: 0.0002  d3.loss_bbox: 0.0110  d3.loss_iou: 0.0682  d4.loss_cls: 0.0002  d4.loss_bbox: 0.0110  d4.loss_iou: 0.0683  enc_loss_cls: 0.0054  enc_loss_bbox: 0.0131  enc_loss_iou: 0.0733  dn_loss_cls: 0.0002  dn_loss_bbox: 0.0099  dn_loss_iou: 0.0673  d0.dn_loss_cls: 0.0023  d0.dn_loss_bbox: 0.0161  d0.dn_loss_iou: 0.0985  d1.dn_loss_cls: 0.0005  d1.dn_loss_bbox: 0.0102  d1.dn_loss_iou: 0.0687  d2.dn_loss_cls: 0.0003  d2.dn_loss_bbox: 0.0099  d2.dn_loss_iou: 0.0674  d3.dn_loss_cls: 0.0002  d3.dn_loss_bbox: 0.0099  d3.dn_loss_iou: 0.0672  d4.dn_loss_cls: 0.0002  d4.dn_loss_bbox: 0.0099  d4.dn_loss_iou: 0.0672
2026/03/26 09:18:09 - mmengine - INFO - Epoch(train) [64][150/238]  base_lr: 2.1842e-05 lr: 2.1842e-05  eta: 2:28:23  time: 1.8862  data_time: 0.0051  memory: 42375  grad_norm: 52.0451  loss: 1.0632  loss_cls: 0.0003  loss_bbox: 0.0102  loss_iou: 0.0677  d0.loss_cls: 0.0013  d0.loss_bbox: 0.0105  d0.loss_iou: 0.0692  d1.loss_cls: 0.0003  d1.loss_bbox: 0.0102  d1.loss_iou: 0.0677  d2.loss_cls: 0.0003  d2.loss_bbox: 0.0102  d2.loss_iou: 0.0675  d3.loss_cls: 0.0002  d3.loss_bbox: 0.0102  d3.loss_iou: 0.0677  d4.loss_cls: 0.0002  d4.loss_bbox: 0.0102  d4.loss_iou: 0.0677  enc_loss_cls: 0.0063  enc_loss_bbox: 0.0122  enc_loss_iou: 0.0718  dn_loss_cls: 0.0001  dn_loss_bbox: 0.0096  dn_loss_iou: 0.0663  d0.dn_loss_cls: 0.0025  d0.dn_loss_bbox: 0.0160  d0.dn_loss_iou: 0.0991  d1.dn_loss_cls: 0.0006  d1.dn_loss_bbox: 0.0100  d1.dn_loss_iou: 0.0681  d2.dn_loss_cls: 0.0003  d2.dn_loss_bbox: 0.0096  d2.dn_loss_iou: 0.0666  d3.dn_loss_cls: 0.0002  d3.dn_loss_bbox: 0.0096  d3.dn_loss_iou: 0.0663  d4.dn_loss_cls: 0.0002  d4.dn_loss_bbox: 0.0096  d4.dn_loss_iou: 0.0663
2026/03/26 09:19:41 - mmengine - INFO - Epoch(train) [64][200/238]  base_lr: 2.1842e-05 lr: 2.1842e-05  eta: 2:26:24  time: 1.8497  data_time: 0.0055  memory: 42375  grad_norm: 71.0215  loss: 1.0531  loss_cls: 0.0001  loss_bbox: 0.0098  loss_iou: 0.0663  d0.loss_cls: 0.0014  d0.loss_bbox: 0.0103  d0.loss_iou: 0.0682  d1.loss_cls: 0.0003  d1.loss_bbox: 0.0099  d1.loss_iou: 0.0665  d2.loss_cls: 0.0001  d2.loss_bbox: 0.0098  d2.loss_iou: 0.0664  d3.loss_cls: 0.0001  d3.loss_bbox: 0.0098  d3.loss_iou: 0.0663  d4.loss_cls: 0.0000  d4.loss_bbox: 0.0098  d4.loss_iou: 0.0663  enc_loss_cls: 0.0057  enc_loss_bbox: 0.0122  enc_loss_iou: 0.0720  dn_loss_cls: 0.0002  dn_loss_bbox: 0.0095  dn_loss_iou: 0.0664  d0.dn_loss_cls: 0.0026  d0.dn_loss_bbox: 0.0159  d0.dn_loss_iou: 0.0994  d1.dn_loss_cls: 0.0006  d1.dn_loss_bbox: 0.0099  d1.dn_loss_iou: 0.0682  d2.dn_loss_cls: 0.0003  d2.dn_loss_bbox: 0.0096  d2.dn_loss_iou: 0.0666  d3.dn_loss_cls: 0.0003  d3.dn_loss_bbox: 0.0095  d3.dn_loss_iou: 0.0664  d4.dn_loss_cls: 0.0002  d4.dn_loss_bbox: 0.0095  d4.dn_loss_iou: 0.0664
2026/03/26 09:20:52 - mmengine - INFO - Exp name: dino_4scale_r50_uatd_80e_pretrained_20260325_231646
2026/03/26 09:21:02 - mmengine - INFO - Epoch(val) [64][ 50/100]    eta: 0:00:10  time: 0.2064  data_time: 0.0164  memory: 42426  
2026/03/26 09:21:12 - mmengine - INFO - Epoch(val) [64][100/100]    eta: 0:00:00  time: 0.1993  data_time: 0.0104  memory: 1533  
2026/03/26 09:21:15 - mmengine - INFO - Evaluating bbox...
2026/03/26 09:21:22 - mmengine - INFO - bbox_mAP_copypaste: 0.340 0.795 0.230 0.476 0.339 0.327
2026/03/26 09:21:22 - mmengine - INFO - Epoch(val) [64][100/100]    coco/bbox_mAP: 0.3400  coco/bbox_mAP_50: 0.7950  coco/bbox_mAP_75: 0.2300  coco/bbox_mAP_s: 0.4760  coco/bbox_mAP_m: 0.3390  coco/bbox_mAP_l: 0.3270  data_time: 0.0134  time: 0.2026
2026/03/26 09:22:56 - mmengine - INFO - Epoch(train) [65][ 50/238]  base_lr: 2.0539e-05 lr: 2.0539e-05  eta: 2:22:53  time: 1.8744  data_time: 0.0253  memory: 42375  grad_norm: 53.6431  loss: 1.0536  loss_cls: 0.0002  loss_bbox: 0.0106  loss_iou: 0.0671  d0.loss_cls: 0.0012  d0.loss_bbox: 0.0110  d0.loss_iou: 0.0692  d1.loss_cls: 0.0003  d1.loss_bbox: 0.0106  d1.loss_iou: 0.0669  d2.loss_cls: 0.0003  d2.loss_bbox: 0.0106  d2.loss_iou: 0.0669  d3.loss_cls: 0.0002  d3.loss_bbox: 0.0106  d3.loss_iou: 0.0669  d4.loss_cls: 0.0002  d4.loss_bbox: 0.0106  d4.loss_iou: 0.0671  enc_loss_cls: 0.0051  enc_loss_bbox: 0.0130  enc_loss_iou: 0.0729  dn_loss_cls: 0.0002  dn_loss_bbox: 0.0093  dn_loss_iou: 0.0656  d0.dn_loss_cls: 0.0023  d0.dn_loss_bbox: 0.0154  d0.dn_loss_iou: 0.0968  d1.dn_loss_cls: 0.0005  d1.dn_loss_bbox: 0.0096  d1.dn_loss_iou: 0.0671  d2.dn_loss_cls: 0.0003  d2.dn_loss_bbox: 0.0094  d2.dn_loss_iou: 0.0656  d3.dn_loss_cls: 0.0002  d3.dn_loss_bbox: 0.0093  d3.dn_loss_iou: 0.0655  d4.dn_loss_cls: 0.0002  d4.dn_loss_bbox: 0.0093  d4.dn_loss_iou: 0.0655
2026/03/26 09:24:27 - mmengine - INFO - Epoch(train) [65][100/238]  base_lr: 2.0539e-05 lr: 2.0539e-05  eta: 2:20:54  time: 1.8306  data_time: 0.0038  memory: 42375  grad_norm: 56.3139  loss: 1.0447  loss_cls: 0.0003  loss_bbox: 0.0099  loss_iou: 0.0654  d0.loss_cls: 0.0024  d0.loss_bbox: 0.0104  d0.loss_iou: 0.0676  d1.loss_cls: 0.0007  d1.loss_bbox: 0.0099  d1.loss_iou: 0.0655  d2.loss_cls: 0.0005  d2.loss_bbox: 0.0099  d2.loss_iou: 0.0654  d3.loss_cls: 0.0005  d3.loss_bbox: 0.0099  d3.loss_iou: 0.0655  d4.loss_cls: 0.0003  d4.loss_bbox: 0.0099  d4.loss_iou: 0.0654  enc_loss_cls: 0.0052  enc_loss_bbox: 0.0132  enc_loss_iou: 0.0722  dn_loss_cls: 0.0002  dn_loss_bbox: 0.0096  dn_loss_iou: 0.0654  d0.dn_loss_cls: 0.0025  d0.dn_loss_bbox: 0.0161  d0.dn_loss_iou: 0.0979  d1.dn_loss_cls: 0.0006  d1.dn_loss_bbox: 0.0099  d1.dn_loss_iou: 0.0669  d2.dn_loss_cls: 0.0003  d2.dn_loss_bbox: 0.0096  d2.dn_loss_iou: 0.0655  d3.dn_loss_cls: 0.0003  d3.dn_loss_bbox: 0.0096  d3.dn_loss_iou: 0.0654  d4.dn_loss_cls: 0.0002  d4.dn_loss_bbox: 0.0096  d4.dn_loss_iou: 0.0654
2026/03/26 09:26:00 - mmengine - INFO - Epoch(train) [65][150/238]  base_lr: 2.0539e-05 lr: 2.0539e-05  eta: 2:18:55  time: 1.8480  data_time: 0.0040  memory: 42375  grad_norm: 54.6847  loss: 1.0327  loss_cls: 0.0001  loss_bbox: 0.0098  loss_iou: 0.0655  d0.loss_cls: 0.0015  d0.loss_bbox: 0.0102  d0.loss_iou: 0.0675  d1.loss_cls: 0.0003  d1.loss_bbox: 0.0098  d1.loss_iou: 0.0657  d2.loss_cls: 0.0002  d2.loss_bbox: 0.0098  d2.loss_iou: 0.0655  d3.loss_cls: 0.0001  d3.loss_bbox: 0.0098  d3.loss_iou: 0.0655  d4.loss_cls: 0.0001  d4.loss_bbox: 0.0098  d4.loss_iou: 0.0656  enc_loss_cls: 0.0055  enc_loss_bbox: 0.0118  enc_loss_iou: 0.0700  dn_loss_cls: 0.0001  dn_loss_bbox: 0.0093  dn_loss_iou: 0.0646  d0.dn_loss_cls: 0.0025  d0.dn_loss_bbox: 0.0159  d0.dn_loss_iou: 0.0975  d1.dn_loss_cls: 0.0004  d1.dn_loss_bbox: 0.0097  d1.dn_loss_iou: 0.0664  d2.dn_loss_cls: 0.0002  d2.dn_loss_bbox: 0.0094  d2.dn_loss_iou: 0.0647  d3.dn_loss_cls: 0.0001  d3.dn_loss_bbox: 0.0093  d3.dn_loss_iou: 0.0645  d4.dn_loss_cls: 0.0001  d4.dn_loss_bbox: 0.0093  d4.dn_loss_iou: 0.0645
2026/03/26 09:27:32 - mmengine - INFO - Epoch(train) [65][200/238]  base_lr: 2.0539e-05 lr: 2.0539e-05  eta: 2:16:56  time: 1.8481  data_time: 0.0047  memory: 42375  grad_norm: 51.7461  loss: 1.0197  loss_cls: 0.0001  loss_bbox: 0.0093  loss_iou: 0.0640  d0.loss_cls: 0.0014  d0.loss_bbox: 0.0097  d0.loss_iou: 0.0658  d1.loss_cls: 0.0002  d1.loss_bbox: 0.0093  d1.loss_iou: 0.0643  d2.loss_cls: 0.0001  d2.loss_bbox: 0.0093  d2.loss_iou: 0.0639  d3.loss_cls: 0.0001  d3.loss_bbox: 0.0093  d3.loss_iou: 0.0640  d4.loss_cls: 0.0001  d4.loss_bbox: 0.0093  d4.loss_iou: 0.0640  enc_loss_cls: 0.0052  enc_loss_bbox: 0.0117  enc_loss_iou: 0.0698  dn_loss_cls: 0.0001  dn_loss_bbox: 0.0094  dn_loss_iou: 0.0645  d0.dn_loss_cls: 0.0024  d0.dn_loss_bbox: 0.0159  d0.dn_loss_iou: 0.0975  d1.dn_loss_cls: 0.0005  d1.dn_loss_bbox: 0.0097  d1.dn_loss_iou: 0.0665  d2.dn_loss_cls: 0.0003  d2.dn_loss_bbox: 0.0094  d2.dn_loss_iou: 0.0650  d3.dn_loss_cls: 0.0002  d3.dn_loss_bbox: 0.0094  d3.dn_loss_iou: 0.0646  d4.dn_loss_cls: 0.0002  d4.dn_loss_bbox: 0.0093  d4.dn_loss_iou: 0.0645
2026/03/26 09:28:40 - mmengine - INFO - Exp name: dino_4scale_r50_uatd_80e_pretrained_20260325_231646
2026/03/26 09:30:14 - mmengine - INFO - Epoch(train) [66][ 50/238]  base_lr: 1.9237e-05 lr: 1.9237e-05  eta: 2:13:27  time: 1.8645  data_time: 0.0245  memory: 42375  grad_norm: 50.1298  loss: 0.9940  loss_cls: 0.0003  loss_bbox: 0.0094  loss_iou: 0.0623  d0.loss_cls: 0.0019  d0.loss_bbox: 0.0099  d0.loss_iou: 0.0640  d1.loss_cls: 0.0008  d1.loss_bbox: 0.0094  d1.loss_iou: 0.0623  d2.loss_cls: 0.0006  d2.loss_bbox: 0.0094  d2.loss_iou: 0.0622  d3.loss_cls: 0.0004  d3.loss_bbox: 0.0094  d3.loss_iou: 0.0623  d4.loss_cls: 0.0003  d4.loss_bbox: 0.0094  d4.loss_iou: 0.0622  enc_loss_cls: 0.0050  enc_loss_bbox: 0.0130  enc_loss_iou: 0.0690  dn_loss_cls: 0.0002  dn_loss_bbox: 0.0090  dn_loss_iou: 0.0621  d0.dn_loss_cls: 0.0025  d0.dn_loss_bbox: 0.0151  d0.dn_loss_iou: 0.0938  d1.dn_loss_cls: 0.0007  d1.dn_loss_bbox: 0.0093  d1.dn_loss_iou: 0.0636  d2.dn_loss_cls: 0.0003  d2.dn_loss_bbox: 0.0090  d2.dn_loss_iou: 0.0624  d3.dn_loss_cls: 0.0002  d3.dn_loss_bbox: 0.0090  d3.dn_loss_iou: 0.0621  d4.dn_loss_cls: 0.0002  d4.dn_loss_bbox: 0.0090  d4.dn_loss_iou: 0.0621
2026/03/26 09:31:47 - mmengine - INFO - Epoch(train) [66][100/238]  base_lr: 1.9237e-05 lr: 1.9237e-05  eta: 2:11:28  time: 1.8618  data_time: 0.0043  memory: 42375  grad_norm: 51.4040  loss: 0.9869  loss_cls: 0.0001  loss_bbox: 0.0095  loss_iou: 0.0625  d0.loss_cls: 0.0011  d0.loss_bbox: 0.0098  d0.loss_iou: 0.0639  d1.loss_cls: 0.0002  d1.loss_bbox: 0.0095  d1.loss_iou: 0.0628  d2.loss_cls: 0.0001  d2.loss_bbox: 0.0095  d2.loss_iou: 0.0622  d3.loss_cls: 0.0001  d3.loss_bbox: 0.0095  d3.loss_iou: 0.0625  d4.loss_cls: 0.0001  d4.loss_bbox: 0.0095  d4.loss_iou: 0.0625  enc_loss_cls: 0.0055  enc_loss_bbox: 0.0112  enc_loss_iou: 0.0665  dn_loss_cls: 0.0001  dn_loss_bbox: 0.0088  dn_loss_iou: 0.0618  d0.dn_loss_cls: 0.0023  d0.dn_loss_bbox: 0.0152  d0.dn_loss_iou: 0.0944  d1.dn_loss_cls: 0.0005  d1.dn_loss_bbox: 0.0091  d1.dn_loss_iou: 0.0634  d2.dn_loss_cls: 0.0003  d2.dn_loss_bbox: 0.0088  d2.dn_loss_iou: 0.0620  d3.dn_loss_cls: 0.0002  d3.dn_loss_bbox: 0.0088  d3.dn_loss_iou: 0.0618  d4.dn_loss_cls: 0.0001  d4.dn_loss_bbox: 0.0088  d4.dn_loss_iou: 0.0618
2026/03/26 09:33:22 - mmengine - INFO - Epoch(train) [66][150/238]  base_lr: 1.9237e-05 lr: 1.9237e-05  eta: 2:09:31  time: 1.9098  data_time: 0.0045  memory: 42375  grad_norm: 56.3262  loss: 1.0285  loss_cls: 0.0001  loss_bbox: 0.0095  loss_iou: 0.0653  d0.loss_cls: 0.0014  d0.loss_bbox: 0.0100  d0.loss_iou: 0.0677  d1.loss_cls: 0.0002  d1.loss_bbox: 0.0096  d1.loss_iou: 0.0656  d2.loss_cls: 0.0001  d2.loss_bbox: 0.0095  d2.loss_iou: 0.0653  d3.loss_cls: 0.0001  d3.loss_bbox: 0.0095  d3.loss_iou: 0.0652  d4.loss_cls: 0.0001  d4.loss_bbox: 0.0095  d4.loss_iou: 0.0653  enc_loss_cls: 0.0049  enc_loss_bbox: 0.0118  enc_loss_iou: 0.0704  dn_loss_cls: 0.0002  dn_loss_bbox: 0.0092  dn_loss_iou: 0.0644  d0.dn_loss_cls: 0.0028  d0.dn_loss_bbox: 0.0156  d0.dn_loss_iou: 0.0970  d1.dn_loss_cls: 0.0006  d1.dn_loss_bbox: 0.0095  d1.dn_loss_iou: 0.0664  d2.dn_loss_cls: 0.0004  d2.dn_loss_bbox: 0.0092  d2.dn_loss_iou: 0.0646  d3.dn_loss_cls: 0.0002  d3.dn_loss_bbox: 0.0092  d3.dn_loss_iou: 0.0643  d4.dn_loss_cls: 0.0002  d4.dn_loss_bbox: 0.0092  d4.dn_loss_iou: 0.0643
2026/03/26 09:34:59 - mmengine - INFO - Epoch(train) [66][200/238]  base_lr: 1.9237e-05 lr: 1.9237e-05  eta: 2:07:33  time: 1.9344  data_time: 0.0046  memory: 42375  grad_norm: 64.0489  loss: 1.0015  loss_cls: 0.0000  loss_bbox: 0.0096  loss_iou: 0.0641  d0.loss_cls: 0.0011  d0.loss_bbox: 0.0101  d0.loss_iou: 0.0662  d1.loss_cls: 0.0003  d1.loss_bbox: 0.0097  d1.loss_iou: 0.0643  d2.loss_cls: 0.0001  d2.loss_bbox: 0.0096  d2.loss_iou: 0.0639  d3.loss_cls: 0.0000  d3.loss_bbox: 0.0096  d3.loss_iou: 0.0639  d4.loss_cls: 0.0000  d4.loss_bbox: 0.0096  d4.loss_iou: 0.0641  enc_loss_cls: 0.0048  enc_loss_bbox: 0.0118  enc_loss_iou: 0.0686  dn_loss_cls: 0.0001  dn_loss_bbox: 0.0089  dn_loss_iou: 0.0619  d0.dn_loss_cls: 0.0024  d0.dn_loss_bbox: 0.0155  d0.dn_loss_iou: 0.0943  d1.dn_loss_cls: 0.0005  d1.dn_loss_bbox: 0.0093  d1.dn_loss_iou: 0.0636  d2.dn_loss_cls: 0.0003  d2.dn_loss_bbox: 0.0090  d2.dn_loss_iou: 0.0621  d3.dn_loss_cls: 0.0002  d3.dn_loss_bbox: 0.0089  d3.dn_loss_iou: 0.0619  d4.dn_loss_cls: 0.0001  d4.dn_loss_bbox: 0.0089  d4.dn_loss_iou: 0.0619
2026/03/26 09:36:11 - mmengine - INFO - Exp name: dino_4scale_r50_uatd_80e_pretrained_20260325_231646
2026/03/26 09:36:22 - mmengine - INFO - Epoch(val) [66][ 50/100]    eta: 0:00:11  time: 0.2219  data_time: 0.0148  memory: 42375  
2026/03/26 09:36:32 - mmengine - INFO - Epoch(val) [66][100/100]    eta: 0:00:00  time: 0.2072  data_time: 0.0107  memory: 1533  
2026/03/26 09:36:36 - mmengine - INFO - Evaluating bbox...
2026/03/26 09:36:46 - mmengine - INFO - bbox_mAP_copypaste: 0.338 0.794 0.222 0.498 0.337 0.332
2026/03/26 09:36:46 - mmengine - INFO - Epoch(val) [66][100/100]    coco/bbox_mAP: 0.3380  coco/bbox_mAP_50: 0.7940  coco/bbox_mAP_75: 0.2220  coco/bbox_mAP_s: 0.4980  coco/bbox_mAP_m: 0.3370  coco/bbox_mAP_l: 0.3320  data_time: 0.0127  time: 0.2141
2026/03/26 09:38:34 - mmengine - INFO - Epoch(train) [67][ 50/238]  base_lr: 1.7934e-05 lr: 1.7934e-05  eta: 2:04:09  time: 2.1438  data_time: 0.0221  memory: 42375  grad_norm: 51.1888  loss: 0.9781  loss_cls: 0.0000  loss_bbox: 0.0092  loss_iou: 0.0620  d0.loss_cls: 0.0012  d0.loss_bbox: 0.0096  d0.loss_iou: 0.0636  d1.loss_cls: 0.0002  d1.loss_bbox: 0.0092  d1.loss_iou: 0.0620  d2.loss_cls: 0.0001  d2.loss_bbox: 0.0092  d2.loss_iou: 0.0620  d3.loss_cls: 0.0000  d3.loss_bbox: 0.0092  d3.loss_iou: 0.0619  d4.loss_cls: 0.0000  d4.loss_bbox: 0.0092  d4.loss_iou: 0.0620  enc_loss_cls: 0.0056  enc_loss_bbox: 0.0108  enc_loss_iou: 0.0647  dn_loss_cls: 0.0001  dn_loss_bbox: 0.0089  dn_loss_iou: 0.0613  d0.dn_loss_cls: 0.0023  d0.dn_loss_bbox: 0.0154  d0.dn_loss_iou: 0.0941  d1.dn_loss_cls: 0.0005  d1.dn_loss_bbox: 0.0092  d1.dn_loss_iou: 0.0631  d2.dn_loss_cls: 0.0003  d2.dn_loss_bbox: 0.0089  d2.dn_loss_iou: 0.0615  d3.dn_loss_cls: 0.0002  d3.dn_loss_bbox: 0.0089  d3.dn_loss_iou: 0.0613  d4.dn_loss_cls: 0.0001  d4.dn_loss_bbox: 0.0089  d4.dn_loss_iou: 0.0613
2026/03/26 09:40:12 - mmengine - INFO - Epoch(train) [67][100/238]  base_lr: 1.7934e-05 lr: 1.7934e-05  eta: 2:02:13  time: 1.9765  data_time: 0.0047  memory: 42375  grad_norm: 51.5897  loss: 0.9532  loss_cls: 0.0002  loss_bbox: 0.0089  loss_iou: 0.0606  d0.loss_cls: 0.0014  d0.loss_bbox: 0.0094  d0.loss_iou: 0.0628  d1.loss_cls: 0.0004  d1.loss_bbox: 0.0089  d1.loss_iou: 0.0608  d2.loss_cls: 0.0003  d2.loss_bbox: 0.0089  d2.loss_iou: 0.0603  d3.loss_cls: 0.0003  d3.loss_bbox: 0.0089  d3.loss_iou: 0.0602  d4.loss_cls: 0.0003  d4.loss_bbox: 0.0089  d4.loss_iou: 0.0604  enc_loss_cls: 0.0047  enc_loss_bbox: 0.0114  enc_loss_iou: 0.0660  dn_loss_cls: 0.0002  dn_loss_bbox: 0.0083  dn_loss_iou: 0.0592  d0.dn_loss_cls: 0.0022  d0.dn_loss_bbox: 0.0147  d0.dn_loss_iou: 0.0916  d1.dn_loss_cls: 0.0005  d1.dn_loss_bbox: 0.0086  d1.dn_loss_iou: 0.0607  d2.dn_loss_cls: 0.0003  d2.dn_loss_bbox: 0.0084  d2.dn_loss_iou: 0.0592  d3.dn_loss_cls: 0.0002  d3.dn_loss_bbox: 0.0083  d3.dn_loss_iou: 0.0591  d4.dn_loss_cls: 0.0002  d4.dn_loss_bbox: 0.0083  d4.dn_loss_iou: 0.0591
2026/03/26 09:41:55 - mmengine - INFO - Epoch(train) [67][150/238]  base_lr: 1.7934e-05 lr: 1.7934e-05  eta: 2:00:17  time: 2.0453  data_time: 0.0050  memory: 42375  grad_norm: 54.9608  loss: 0.9825  loss_cls: 0.0000  loss_bbox: 0.0089  loss_iou: 0.0619  d0.loss_cls: 0.0009  d0.loss_bbox: 0.0095  d0.loss_iou: 0.0639  d1.loss_cls: 0.0002  d1.loss_bbox: 0.0090  d1.loss_iou: 0.0623  d2.loss_cls: 0.0001  d2.loss_bbox: 0.0089  d2.loss_iou: 0.0619  d3.loss_cls: 0.0001  d3.loss_bbox: 0.0089  d3.loss_iou: 0.0618  d4.loss_cls: 0.0000  d4.loss_bbox: 0.0089  d4.loss_iou: 0.0619  enc_loss_cls: 0.0047  enc_loss_bbox: 0.0112  enc_loss_iou: 0.0669  dn_loss_cls: 0.0002  dn_loss_bbox: 0.0087  dn_loss_iou: 0.0621  d0.dn_loss_cls: 0.0025  d0.dn_loss_bbox: 0.0152  d0.dn_loss_iou: 0.0948  d1.dn_loss_cls: 0.0005  d1.dn_loss_bbox: 0.0091  d1.dn_loss_iou: 0.0639  d2.dn_loss_cls: 0.0003  d2.dn_loss_bbox: 0.0088  d2.dn_loss_iou: 0.0623  d3.dn_loss_cls: 0.0002  d3.dn_loss_bbox: 0.0087  d3.dn_loss_iou: 0.0621  d4.dn_loss_cls: 0.0002  d4.dn_loss_bbox: 0.0087  d4.dn_loss_iou: 0.0621
2026/03/26 09:43:42 - mmengine - INFO - Epoch(train) [67][200/238]  base_lr: 1.7934e-05 lr: 1.7934e-05  eta: 1:58:22  time: 2.1440  data_time: 0.0050  memory: 42375  grad_norm: 59.1552  loss: 0.9612  loss_cls: 0.0000  loss_bbox: 0.0091  loss_iou: 0.0607  d0.loss_cls: 0.0008  d0.loss_bbox: 0.0094  d0.loss_iou: 0.0623  d1.loss_cls: 0.0001  d1.loss_bbox: 0.0091  d1.loss_iou: 0.0608  d2.loss_cls: 0.0000  d2.loss_bbox: 0.0091  d2.loss_iou: 0.0608  d3.loss_cls: 0.0000  d3.loss_bbox: 0.0091  d3.loss_iou: 0.0607  d4.loss_cls: 0.0000  d4.loss_bbox: 0.0091  d4.loss_iou: 0.0607  enc_loss_cls: 0.0047  enc_loss_bbox: 0.0113  enc_loss_iou: 0.0657  dn_loss_cls: 0.0001  dn_loss_bbox: 0.0085  dn_loss_iou: 0.0608  d0.dn_loss_cls: 0.0021  d0.dn_loss_bbox: 0.0147  d0.dn_loss_iou: 0.0925  d1.dn_loss_cls: 0.0004  d1.dn_loss_bbox: 0.0088  d1.dn_loss_iou: 0.0620  d2.dn_loss_cls: 0.0002  d2.dn_loss_bbox: 0.0085  d2.dn_loss_iou: 0.0609  d3.dn_loss_cls: 0.0001  d3.dn_loss_bbox: 0.0085  d3.dn_loss_iou: 0.0607  d4.dn_loss_cls: 0.0001  d4.dn_loss_bbox: 0.0085  d4.dn_loss_iou: 0.0607
2026/03/26 09:44:58 - mmengine - INFO - Exp name: dino_4scale_r50_uatd_80e_pretrained_20260325_231646
2026/03/26 09:46:36 - mmengine - INFO - Epoch(train) [68][ 50/238]  base_lr: 1.6632e-05 lr: 1.6632e-05  eta: 1:54:58  time: 1.9416  data_time: 0.0245  memory: 42375  grad_norm: 55.4221  loss: 0.9375  loss_cls: 0.0002  loss_bbox: 0.0087  loss_iou: 0.0601  d0.loss_cls: 0.0007  d0.loss_bbox: 0.0091  d0.loss_iou: 0.0625  d1.loss_cls: 0.0002  d1.loss_bbox: 0.0088  d1.loss_iou: 0.0602  d2.loss_cls: 0.0001  d2.loss_bbox: 0.0087  d2.loss_iou: 0.0601  d3.loss_cls: 0.0002  d3.loss_bbox: 0.0087  d3.loss_iou: 0.0602  d4.loss_cls: 0.0002  d4.loss_bbox: 0.0087  d4.loss_iou: 0.0601  enc_loss_cls: 0.0047  enc_loss_bbox: 0.0101  enc_loss_iou: 0.0616  dn_loss_cls: 0.0000  dn_loss_bbox: 0.0082  dn_loss_iou: 0.0587  d0.dn_loss_cls: 0.0022  d0.dn_loss_bbox: 0.0144  d0.dn_loss_iou: 0.0902  d1.dn_loss_cls: 0.0004  d1.dn_loss_bbox: 0.0084  d1.dn_loss_iou: 0.0601  d2.dn_loss_cls: 0.0001  d2.dn_loss_bbox: 0.0082  d2.dn_loss_iou: 0.0588  d3.dn_loss_cls: 0.0001  d3.dn_loss_bbox: 0.0082  d3.dn_loss_iou: 0.0587  d4.dn_loss_cls: 0.0001  d4.dn_loss_bbox: 0.0082  d4.dn_loss_iou: 0.0586
2026/03/26 09:46:43 - mmengine - INFO - Exp name: dino_4scale_r50_uatd_80e_pretrained_20260325_231646
2026/03/26 09:48:10 - mmengine - INFO - Epoch(train) [68][100/238]  base_lr: 1.6632e-05 lr: 1.6632e-05  eta: 1:53:01  time: 1.8872  data_time: 0.0047  memory: 42375  grad_norm: 49.2109  loss: 0.9411  loss_cls: 0.0001  loss_bbox: 0.0088  loss_iou: 0.0594  d0.loss_cls: 0.0015  d0.loss_bbox: 0.0093  d0.loss_iou: 0.0618  d1.loss_cls: 0.0003  d1.loss_bbox: 0.0088  d1.loss_iou: 0.0598  d2.loss_cls: 0.0002  d2.loss_bbox: 0.0088  d2.loss_iou: 0.0596  d3.loss_cls: 0.0001  d3.loss_bbox: 0.0088  d3.loss_iou: 0.0594  d4.loss_cls: 0.0001  d4.loss_bbox: 0.0088  d4.loss_iou: 0.0594  enc_loss_cls: 0.0049  enc_loss_bbox: 0.0112  enc_loss_iou: 0.0649  dn_loss_cls: 0.0002  dn_loss_bbox: 0.0081  dn_loss_iou: 0.0585  d0.dn_loss_cls: 0.0025  d0.dn_loss_bbox: 0.0147  d0.dn_loss_iou: 0.0909  d1.dn_loss_cls: 0.0005  d1.dn_loss_bbox: 0.0085  d1.dn_loss_iou: 0.0603  d2.dn_loss_cls: 0.0003  d2.dn_loss_bbox: 0.0082  d2.dn_loss_iou: 0.0588  d3.dn_loss_cls: 0.0002  d3.dn_loss_bbox: 0.0081  d3.dn_loss_iou: 0.0585  d4.dn_loss_cls: 0.0002  d4.dn_loss_bbox: 0.0081  d4.dn_loss_iou: 0.0585
2026/03/26 09:49:46 - mmengine - INFO - Epoch(train) [68][150/238]  base_lr: 1.6632e-05 lr: 1.6632e-05  eta: 1:51:05  time: 1.9202  data_time: 0.0043  memory: 42375  grad_norm: 56.5146  loss: 0.9592  loss_cls: 0.0000  loss_bbox: 0.0087  loss_iou: 0.0603  d0.loss_cls: 0.0016  d0.loss_bbox: 0.0091  d0.loss_iou: 0.0629  d1.loss_cls: 0.0003  d1.loss_bbox: 0.0087  d1.loss_iou: 0.0608  d2.loss_cls: 0.0001  d2.loss_bbox: 0.0087  d2.loss_iou: 0.0602  d3.loss_cls: 0.0000  d3.loss_bbox: 0.0087  d3.loss_iou: 0.0602  d4.loss_cls: 0.0000  d4.loss_bbox: 0.0087  d4.loss_iou: 0.0603  enc_loss_cls: 0.0051  enc_loss_bbox: 0.0109  enc_loss_iou: 0.0648  dn_loss_cls: 0.0002  dn_loss_bbox: 0.0084  dn_loss_iou: 0.0602  d0.dn_loss_cls: 0.0028  d0.dn_loss_bbox: 0.0149  d0.dn_loss_iou: 0.0939  d1.dn_loss_cls: 0.0007  d1.dn_loss_bbox: 0.0088  d1.dn_loss_iou: 0.0623  d2.dn_loss_cls: 0.0004  d2.dn_loss_bbox: 0.0084  d2.dn_loss_iou: 0.0605  d3.dn_loss_cls: 0.0003  d3.dn_loss_bbox: 0.0084  d3.dn_loss_iou: 0.0602  d4.dn_loss_cls: 0.0002  d4.dn_loss_bbox: 0.0084  d4.dn_loss_iou: 0.0602
2026/03/26 09:51:22 - mmengine - INFO - Epoch(train) [68][200/238]  base_lr: 1.6632e-05 lr: 1.6632e-05  eta: 1:49:08  time: 1.9139  data_time: 0.0044  memory: 42375  grad_norm: 54.6719  loss: 0.9225  loss_cls: 0.0002  loss_bbox: 0.0082  loss_iou: 0.0574  d0.loss_cls: 0.0014  d0.loss_bbox: 0.0088  d0.loss_iou: 0.0598  d1.loss_cls: 0.0004  d1.loss_bbox: 0.0083  d1.loss_iou: 0.0579  d2.loss_cls: 0.0003  d2.loss_bbox: 0.0082  d2.loss_iou: 0.0575  d3.loss_cls: 0.0002  d3.loss_bbox: 0.0082  d3.loss_iou: 0.0573  d4.loss_cls: 0.0002  d4.loss_bbox: 0.0082  d4.loss_iou: 0.0573  enc_loss_cls: 0.0046  enc_loss_bbox: 0.0109  enc_loss_iou: 0.0635  dn_loss_cls: 0.0002  dn_loss_bbox: 0.0083  dn_loss_iou: 0.0582  d0.dn_loss_cls: 0.0024  d0.dn_loss_bbox: 0.0148  d0.dn_loss_iou: 0.0907  d1.dn_loss_cls: 0.0005  d1.dn_loss_bbox: 0.0087  d1.dn_loss_iou: 0.0600  d2.dn_loss_cls: 0.0003  d2.dn_loss_bbox: 0.0083  d2.dn_loss_iou: 0.0584  d3.dn_loss_cls: 0.0002  d3.dn_loss_bbox: 0.0083  d3.dn_loss_iou: 0.0582  d4.dn_loss_cls: 0.0002  d4.dn_loss_bbox: 0.0083  d4.dn_loss_iou: 0.0582
2026/03/26 09:52:45 - mmengine - INFO - Exp name: dino_4scale_r50_uatd_80e_pretrained_20260325_231646
2026/03/26 09:52:55 - mmengine - INFO - Epoch(val) [68][ 50/100]    eta: 0:00:10  time: 0.2147  data_time: 0.0165  memory: 42375  
2026/03/26 09:53:11 - mmengine - INFO - Epoch(val) [68][100/100]    eta: 0:00:00  time: 0.3193  data_time: 0.0288  memory: 1533  
2026/03/26 09:53:19 - mmengine - INFO - Evaluating bbox...
2026/03/26 09:53:34 - mmengine - INFO - bbox_mAP_copypaste: 0.340 0.794 0.228 0.476 0.340 0.329
2026/03/26 09:53:34 - mmengine - INFO - Epoch(val) [68][100/100]    coco/bbox_mAP: 0.3400  coco/bbox_mAP_50: 0.7940  coco/bbox_mAP_75: 0.2280  coco/bbox_mAP_s: 0.4760  coco/bbox_mAP_m: 0.3400  coco/bbox_mAP_l: 0.3290  data_time: 0.0225  time: 0.2660
2026/03/26 09:55:26 - mmengine - INFO - Epoch(train) [69][ 50/238]  base_lr: 1.5329e-05 lr: 1.5329e-05  eta: 1:45:48  time: 2.2366  data_time: 0.0839  memory: 42375  grad_norm: 56.4811  loss: 0.9239  loss_cls: 0.0000  loss_bbox: 0.0082  loss_iou: 0.0579  d0.loss_cls: 0.0009  d0.loss_bbox: 0.0087  d0.loss_iou: 0.0602  d1.loss_cls: 0.0001  d1.loss_bbox: 0.0083  d1.loss_iou: 0.0579  d2.loss_cls: 0.0000  d2.loss_bbox: 0.0082  d2.loss_iou: 0.0579  d3.loss_cls: 0.0000  d3.loss_bbox: 0.0082  d3.loss_iou: 0.0579  d4.loss_cls: 0.0000  d4.loss_bbox: 0.0082  d4.loss_iou: 0.0579  enc_loss_cls: 0.0040  enc_loss_bbox: 0.0104  enc_loss_iou: 0.0623  dn_loss_cls: 0.0002  dn_loss_bbox: 0.0082  dn_loss_iou: 0.0591  d0.dn_loss_cls: 0.0022  d0.dn_loss_bbox: 0.0142  d0.dn_loss_iou: 0.0904  d1.dn_loss_cls: 0.0005  d1.dn_loss_bbox: 0.0085  d1.dn_loss_iou: 0.0606  d2.dn_loss_cls: 0.0003  d2.dn_loss_bbox: 0.0082  d2.dn_loss_iou: 0.0593  d3.dn_loss_cls: 0.0002  d3.dn_loss_bbox: 0.0082  d3.dn_loss_iou: 0.0591  d4.dn_loss_cls: 0.0002  d4.dn_loss_bbox: 0.0082  d4.dn_loss_iou: 0.0591
2026/03/26 09:57:07 - mmengine - INFO - Epoch(train) [69][100/238]  base_lr: 1.5329e-05 lr: 1.5329e-05  eta: 1:43:53  time: 2.0173  data_time: 0.0049  memory: 42375  grad_norm: 53.5951  loss: 0.9508  loss_cls: 0.0001  loss_bbox: 0.0087  loss_iou: 0.0605  d0.loss_cls: 0.0012  d0.loss_bbox: 0.0092  d0.loss_iou: 0.0628  d1.loss_cls: 0.0003  d1.loss_bbox: 0.0088  d1.loss_iou: 0.0608  d2.loss_cls: 0.0002  d2.loss_bbox: 0.0088  d2.loss_iou: 0.0607  d3.loss_cls: 0.0001  d3.loss_bbox: 0.0087  d3.loss_iou: 0.0605  d4.loss_cls: 0.0001  d4.loss_bbox: 0.0087  d4.loss_iou: 0.0605  enc_loss_cls: 0.0044  enc_loss_bbox: 0.0106  enc_loss_iou: 0.0635  dn_loss_cls: 0.0001  dn_loss_bbox: 0.0083  dn_loss_iou: 0.0595  d0.dn_loss_cls: 0.0026  d0.dn_loss_bbox: 0.0147  d0.dn_loss_iou: 0.0919  d1.dn_loss_cls: 0.0005  d1.dn_loss_bbox: 0.0087  d1.dn_loss_iou: 0.0611  d2.dn_loss_cls: 0.0003  d2.dn_loss_bbox: 0.0083  d2.dn_loss_iou: 0.0596  d3.dn_loss_cls: 0.0002  d3.dn_loss_bbox: 0.0083  d3.dn_loss_iou: 0.0594  d4.dn_loss_cls: 0.0002  d4.dn_loss_bbox: 0.0083  d4.dn_loss_iou: 0.0594
2026/03/26 09:58:47 - mmengine - INFO - Epoch(train) [69][150/238]  base_lr: 1.5329e-05 lr: 1.5329e-05  eta: 1:41:58  time: 1.9988  data_time: 0.0051  memory: 42375  grad_norm: 55.5087  loss: 0.8912  loss_cls: 0.0002  loss_bbox: 0.0079  loss_iou: 0.0565  d0.loss_cls: 0.0012  d0.loss_bbox: 0.0083  d0.loss_iou: 0.0586  d1.loss_cls: 0.0003  d1.loss_bbox: 0.0079  d1.loss_iou: 0.0567  d2.loss_cls: 0.0002  d2.loss_bbox: 0.0079  d2.loss_iou: 0.0564  d3.loss_cls: 0.0002  d3.loss_bbox: 0.0079  d3.loss_iou: 0.0565  d4.loss_cls: 0.0002  d4.loss_bbox: 0.0079  d4.loss_iou: 0.0565  enc_loss_cls: 0.0045  enc_loss_bbox: 0.0099  enc_loss_iou: 0.0599  dn_loss_cls: 0.0001  dn_loss_bbox: 0.0077  dn_loss_iou: 0.0558  d0.dn_loss_cls: 0.0021  d0.dn_loss_bbox: 0.0143  d0.dn_loss_iou: 0.0890  d1.dn_loss_cls: 0.0004  d1.dn_loss_bbox: 0.0080  d1.dn_loss_iou: 0.0575  d2.dn_loss_cls: 0.0002  d2.dn_loss_bbox: 0.0077  d2.dn_loss_iou: 0.0561  d3.dn_loss_cls: 0.0001  d3.dn_loss_bbox: 0.0077  d3.dn_loss_iou: 0.0558  d4.dn_loss_cls: 0.0001  d4.dn_loss_bbox: 0.0077  d4.dn_loss_iou: 0.0558
2026/03/26 10:00:35 - mmengine - INFO - Epoch(train) [69][200/238]  base_lr: 1.5329e-05 lr: 1.5329e-05  eta: 1:40:04  time: 2.1613  data_time: 0.0050  memory: 42375  grad_norm: 52.3421  loss: 0.9256  loss_cls: 0.0001  loss_bbox: 0.0095  loss_iou: 0.0582  d0.loss_cls: 0.0014  d0.loss_bbox: 0.0100  d0.loss_iou: 0.0598  d1.loss_cls: 0.0003  d1.loss_bbox: 0.0095  d1.loss_iou: 0.0581  d2.loss_cls: 0.0001  d2.loss_bbox: 0.0095  d2.loss_iou: 0.0580  d3.loss_cls: 0.0001  d3.loss_bbox: 0.0095  d3.loss_iou: 0.0581  d4.loss_cls: 0.0001  d4.loss_bbox: 0.0095  d4.loss_iou: 0.0582  enc_loss_cls: 0.0044  enc_loss_bbox: 0.0119  enc_loss_iou: 0.0622  dn_loss_cls: 0.0002  dn_loss_bbox: 0.0080  dn_loss_iou: 0.0572  d0.dn_loss_cls: 0.0025  d0.dn_loss_bbox: 0.0147  d0.dn_loss_iou: 0.0897  d1.dn_loss_cls: 0.0007  d1.dn_loss_bbox: 0.0084  d1.dn_loss_iou: 0.0591  d2.dn_loss_cls: 0.0004  d2.dn_loss_bbox: 0.0080  d2.dn_loss_iou: 0.0575  d3.dn_loss_cls: 0.0003  d3.dn_loss_bbox: 0.0080  d3.dn_loss_iou: 0.0572  d4.dn_loss_cls: 0.0002  d4.dn_loss_bbox: 0.0080  d4.dn_loss_iou: 0.0572
2026/03/26 10:01:57 - mmengine - INFO - Exp name: dino_4scale_r50_uatd_80e_pretrained_20260325_231646
2026/03/26 10:03:51 - mmengine - INFO - Epoch(train) [70][ 50/238]  base_lr: 1.4026e-05 lr: 1.4026e-05  eta: 1:36:45  time: 2.2956  data_time: 0.0370  memory: 42375  grad_norm: 56.0754  loss: 0.9128  loss_cls: 0.0002  loss_bbox: 0.0086  loss_iou: 0.0581  d0.loss_cls: 0.0014  d0.loss_bbox: 0.0092  d0.loss_iou: 0.0605  d1.loss_cls: 0.0007  d1.loss_bbox: 0.0087  d1.loss_iou: 0.0585  d2.loss_cls: 0.0004  d2.loss_bbox: 0.0087  d2.loss_iou: 0.0584  d3.loss_cls: 0.0004  d3.loss_bbox: 0.0087  d3.loss_iou: 0.0583  d4.loss_cls: 0.0002  d4.loss_bbox: 0.0086  d4.loss_iou: 0.0582  enc_loss_cls: 0.0041  enc_loss_bbox: 0.0113  enc_loss_iou: 0.0610  dn_loss_cls: 0.0002  dn_loss_bbox: 0.0077  dn_loss_iou: 0.0558  d0.dn_loss_cls: 0.0023  d0.dn_loss_bbox: 0.0146  d0.dn_loss_iou: 0.0903  d1.dn_loss_cls: 0.0005  d1.dn_loss_bbox: 0.0080  d1.dn_loss_iou: 0.0575  d2.dn_loss_cls: 0.0003  d2.dn_loss_bbox: 0.0077  d2.dn_loss_iou: 0.0561  d3.dn_loss_cls: 0.0002  d3.dn_loss_bbox: 0.0077  d3.dn_loss_iou: 0.0559  d4.dn_loss_cls: 0.0002  d4.dn_loss_bbox: 0.0077  d4.dn_loss_iou: 0.0558
2026/03/26 10:05:42 - mmengine - INFO - Epoch(train) [70][100/238]  base_lr: 1.4026e-05 lr: 1.4026e-05  eta: 1:34:51  time: 2.2134  data_time: 0.0050  memory: 42375  grad_norm: 52.7136  loss: 0.8878  loss_cls: 0.0002  loss_bbox: 0.0075  loss_iou: 0.0555  d0.loss_cls: 0.0018  d0.loss_bbox: 0.0080  d0.loss_iou: 0.0576  d1.loss_cls: 0.0004  d1.loss_bbox: 0.0076  d1.loss_iou: 0.0555  d2.loss_cls: 0.0002  d2.loss_bbox: 0.0075  d2.loss_iou: 0.0554  d3.loss_cls: 0.0002  d3.loss_bbox: 0.0075  d3.loss_iou: 0.0554  d4.loss_cls: 0.0002  d4.loss_bbox: 0.0075  d4.loss_iou: 0.0554  enc_loss_cls: 0.0043  enc_loss_bbox: 0.0099  enc_loss_iou: 0.0596  dn_loss_cls: 0.0002  dn_loss_bbox: 0.0077  dn_loss_iou: 0.0564  d0.dn_loss_cls: 0.0023  d0.dn_loss_bbox: 0.0144  d0.dn_loss_iou: 0.0895  d1.dn_loss_cls: 0.0005  d1.dn_loss_bbox: 0.0081  d1.dn_loss_iou: 0.0584  d2.dn_loss_cls: 0.0003  d2.dn_loss_bbox: 0.0077  d2.dn_loss_iou: 0.0567  d3.dn_loss_cls: 0.0002  d3.dn_loss_bbox: 0.0077  d3.dn_loss_iou: 0.0564  d4.dn_loss_cls: 0.0002  d4.dn_loss_bbox: 0.0077  d4.dn_loss_iou: 0.0564
2026/03/26 10:07:30 - mmengine - INFO - Epoch(train) [70][150/238]  base_lr: 1.4026e-05 lr: 1.4026e-05  eta: 1:32:58  time: 2.1529  data_time: 0.0055  memory: 42375  grad_norm: 48.4134  loss: 0.8829  loss_cls: 0.0001  loss_bbox: 0.0079  loss_iou: 0.0553  d0.loss_cls: 0.0010  d0.loss_bbox: 0.0084  d0.loss_iou: 0.0579  d1.loss_cls: 0.0003  d1.loss_bbox: 0.0079  d1.loss_iou: 0.0556  d2.loss_cls: 0.0001  d2.loss_bbox: 0.0079  d2.loss_iou: 0.0553  d3.loss_cls: 0.0001  d3.loss_bbox: 0.0079  d3.loss_iou: 0.0552  d4.loss_cls: 0.0001  d4.loss_bbox: 0.0079  d4.loss_iou: 0.0552  enc_loss_cls: 0.0037  enc_loss_bbox: 0.0102  enc_loss_iou: 0.0593  dn_loss_cls: 0.0001  dn_loss_bbox: 0.0075  dn_loss_iou: 0.0560  d0.dn_loss_cls: 0.0025  d0.dn_loss_bbox: 0.0140  d0.dn_loss_iou: 0.0882  d1.dn_loss_cls: 0.0005  d1.dn_loss_bbox: 0.0078  d1.dn_loss_iou: 0.0578  d2.dn_loss_cls: 0.0002  d2.dn_loss_bbox: 0.0075  d2.dn_loss_iou: 0.0564  d3.dn_loss_cls: 0.0002  d3.dn_loss_bbox: 0.0075  d3.dn_loss_iou: 0.0560  d4.dn_loss_cls: 0.0001  d4.dn_loss_bbox: 0.0075  d4.dn_loss_iou: 0.0560
2026/03/26 10:09:04 - mmengine - INFO - Epoch(train) [70][200/238]  base_lr: 1.4026e-05 lr: 1.4026e-05  eta: 1:31:02  time: 1.8816  data_time: 0.0047  memory: 42375  grad_norm: 49.5416  loss: 0.8694  loss_cls: 0.0001  loss_bbox: 0.0074  loss_iou: 0.0546  d0.loss_cls: 0.0016  d0.loss_bbox: 0.0078  d0.loss_iou: 0.0573  d1.loss_cls: 0.0004  d1.loss_bbox: 0.0074  d1.loss_iou: 0.0548  d2.loss_cls: 0.0002  d2.loss_bbox: 0.0074  d2.loss_iou: 0.0544  d3.loss_cls: 0.0002  d3.loss_bbox: 0.0074  d3.loss_iou: 0.0545  d4.loss_cls: 0.0001  d4.loss_bbox: 0.0074  d4.loss_iou: 0.0546  enc_loss_cls: 0.0039  enc_loss_bbox: 0.0096  enc_loss_iou: 0.0588  dn_loss_cls: 0.0001  dn_loss_bbox: 0.0075  dn_loss_iou: 0.0554  d0.dn_loss_cls: 0.0021  d0.dn_loss_bbox: 0.0137  d0.dn_loss_iou: 0.0862  d1.dn_loss_cls: 0.0004  d1.dn_loss_bbox: 0.0078  d1.dn_loss_iou: 0.0570  d2.dn_loss_cls: 0.0002  d2.dn_loss_bbox: 0.0076  d2.dn_loss_iou: 0.0558  d3.dn_loss_cls: 0.0001  d3.dn_loss_bbox: 0.0075  d3.dn_loss_iou: 0.0554  d4.dn_loss_cls: 0.0001  d4.dn_loss_bbox: 0.0075  d4.dn_loss_iou: 0.0554
2026/03/26 10:10:15 - mmengine - INFO - Exp name: dino_4scale_r50_uatd_80e_pretrained_20260325_231646
2026/03/26 10:10:27 - mmengine - INFO - Epoch(val) [70][ 50/100]    eta: 0:00:12  time: 0.2518  data_time: 0.0173  memory: 42375  
2026/03/26 10:10:39 - mmengine - INFO - Epoch(val) [70][100/100]    eta: 0:00:00  time: 0.2314  data_time: 0.0145  memory: 1533  
2026/03/26 10:10:42 - mmengine - INFO - Evaluating bbox...
2026/03/26 10:10:51 - mmengine - INFO - bbox_mAP_copypaste: 0.336 0.797 0.227 0.520 0.335 0.327
2026/03/26 10:10:51 - mmengine - INFO - Epoch(val) [70][100/100]    coco/bbox_mAP: 0.3360  coco/bbox_mAP_50: 0.7970  coco/bbox_mAP_75: 0.2270  coco/bbox_mAP_s: 0.5200  coco/bbox_mAP_m: 0.3350  coco/bbox_mAP_l: 0.3270  data_time: 0.0159  time: 0.2410
2026/03/26 10:12:52 - mmengine - INFO - Epoch(train) [71][ 50/238]  base_lr: 1.2724e-05 lr: 1.2724e-05  eta: 1:27:42  time: 2.4117  data_time: 0.0456  memory: 42375  grad_norm: 51.6003  loss: 0.8816  loss_cls: 0.0001  loss_bbox: 0.0075  loss_iou: 0.0549  d0.loss_cls: 0.0019  d0.loss_bbox: 0.0080  d0.loss_iou: 0.0574  d1.loss_cls: 0.0003  d1.loss_bbox: 0.0076  d1.loss_iou: 0.0551  d2.loss_cls: 0.0001  d2.loss_bbox: 0.0075  d2.loss_iou: 0.0550  d3.loss_cls: 0.0001  d3.loss_bbox: 0.0075  d3.loss_iou: 0.0549  d4.loss_cls: 0.0001  d4.loss_bbox: 0.0075  d4.loss_iou: 0.0549  enc_loss_cls: 0.0043  enc_loss_bbox: 0.0097  enc_loss_iou: 0.0585  dn_loss_cls: 0.0003  dn_loss_bbox: 0.0075  dn_loss_iou: 0.0561  d0.dn_loss_cls: 0.0027  d0.dn_loss_bbox: 0.0140  d0.dn_loss_iou: 0.0889  d1.dn_loss_cls: 0.0008  d1.dn_loss_bbox: 0.0079  d1.dn_loss_iou: 0.0580  d2.dn_loss_cls: 0.0005  d2.dn_loss_bbox: 0.0075  d2.dn_loss_iou: 0.0565  d3.dn_loss_cls: 0.0004  d3.dn_loss_bbox: 0.0075  d3.dn_loss_iou: 0.0561  d4.dn_loss_cls: 0.0004  d4.dn_loss_bbox: 0.0075  d4.dn_loss_iou: 0.0561
2026/03/26 10:14:48 - mmengine - INFO - Epoch(train) [71][100/238]  base_lr: 1.2724e-05 lr: 1.2724e-05  eta: 1:25:50  time: 2.3251  data_time: 0.0062  memory: 42375  grad_norm: 46.3094  loss: 0.8693  loss_cls: 0.0001  loss_bbox: 0.0078  loss_iou: 0.0545  d0.loss_cls: 0.0005  d0.loss_bbox: 0.0082  d0.loss_iou: 0.0564  d1.loss_cls: 0.0001  d1.loss_bbox: 0.0079  d1.loss_iou: 0.0546  d2.loss_cls: 0.0001  d2.loss_bbox: 0.0079  d2.loss_iou: 0.0547  d3.loss_cls: 0.0001  d3.loss_bbox: 0.0078  d3.loss_iou: 0.0546  d4.loss_cls: 0.0001  d4.loss_bbox: 0.0078  d4.loss_iou: 0.0546  enc_loss_cls: 0.0042  enc_loss_bbox: 0.0101  enc_loss_iou: 0.0579  dn_loss_cls: 0.0001  dn_loss_bbox: 0.0073  dn_loss_iou: 0.0547  d0.dn_loss_cls: 0.0023  d0.dn_loss_bbox: 0.0143  d0.dn_loss_iou: 0.0886  d1.dn_loss_cls: 0.0005  d1.dn_loss_bbox: 0.0078  d1.dn_loss_iou: 0.0569  d2.dn_loss_cls: 0.0002  d2.dn_loss_bbox: 0.0074  d2.dn_loss_iou: 0.0550  d3.dn_loss_cls: 0.0002  d3.dn_loss_bbox: 0.0073  d3.dn_loss_iou: 0.0547  d4.dn_loss_cls: 0.0001  d4.dn_loss_bbox: 0.0073  d4.dn_loss_iou: 0.0547
2026/03/26 10:16:52 - mmengine - INFO - Epoch(train) [71][150/238]  base_lr: 1.2724e-05 lr: 1.2724e-05  eta: 1:23:58  time: 2.4684  data_time: 0.0057  memory: 42375  grad_norm: 47.0023  loss: 0.8322  loss_cls: 0.0001  loss_bbox: 0.0069  loss_iou: 0.0522  d0.loss_cls: 0.0011  d0.loss_bbox: 0.0074  d0.loss_iou: 0.0539  d1.loss_cls: 0.0003  d1.loss_bbox: 0.0069  d1.loss_iou: 0.0520  d2.loss_cls: 0.0002  d2.loss_bbox: 0.0069  d2.loss_iou: 0.0519  d3.loss_cls: 0.0002  d3.loss_bbox: 0.0069  d3.loss_iou: 0.0523  d4.loss_cls: 0.0001  d4.loss_bbox: 0.0069  d4.loss_iou: 0.0521  enc_loss_cls: 0.0045  enc_loss_bbox: 0.0092  enc_loss_iou: 0.0557  dn_loss_cls: 0.0001  dn_loss_bbox: 0.0071  dn_loss_iou: 0.0530  d0.dn_loss_cls: 0.0022  d0.dn_loss_bbox: 0.0135  d0.dn_loss_iou: 0.0850  d1.dn_loss_cls: 0.0004  d1.dn_loss_bbox: 0.0074  d1.dn_loss_iou: 0.0545  d2.dn_loss_cls: 0.0002  d2.dn_loss_bbox: 0.0071  d2.dn_loss_iou: 0.0533  d3.dn_loss_cls: 0.0001  d3.dn_loss_bbox: 0.0071  d3.dn_loss_iou: 0.0530  d4.dn_loss_cls: 0.0001  d4.dn_loss_bbox: 0.0071  d4.dn_loss_iou: 0.0530
2026/03/26 10:18:55 - mmengine - INFO - Epoch(train) [71][200/238]  base_lr: 1.2724e-05 lr: 1.2724e-05  eta: 1:22:06  time: 2.4613  data_time: 0.0069  memory: 42375  grad_norm: 45.6804  loss: 0.8946  loss_cls: 0.0001  loss_bbox: 0.0095  loss_iou: 0.0580  d0.loss_cls: 0.0012  d0.loss_bbox: 0.0099  d0.loss_iou: 0.0600  d1.loss_cls: 0.0002  d1.loss_bbox: 0.0095  d1.loss_iou: 0.0580  d2.loss_cls: 0.0001  d2.loss_bbox: 0.0095  d2.loss_iou: 0.0577  d3.loss_cls: 0.0001  d3.loss_bbox: 0.0095  d3.loss_iou: 0.0578  d4.loss_cls: 0.0001  d4.loss_bbox: 0.0095  d4.loss_iou: 0.0579  enc_loss_cls: 0.0040  enc_loss_bbox: 0.0112  enc_loss_iou: 0.0594  dn_loss_cls: 0.0002  dn_loss_bbox: 0.0072  dn_loss_iou: 0.0539  d0.dn_loss_cls: 0.0023  d0.dn_loss_bbox: 0.0137  d0.dn_loss_iou: 0.0861  d1.dn_loss_cls: 0.0005  d1.dn_loss_bbox: 0.0075  d1.dn_loss_iou: 0.0555  d2.dn_loss_cls: 0.0003  d2.dn_loss_bbox: 0.0073  d2.dn_loss_iou: 0.0541  d3.dn_loss_cls: 0.0002  d3.dn_loss_bbox: 0.0072  d3.dn_loss_iou: 0.0539  d4.dn_loss_cls: 0.0002  d4.dn_loss_bbox: 0.0072  d4.dn_loss_iou: 0.0539
2026/03/26 10:20:26 - mmengine - INFO - Exp name: dino_4scale_r50_uatd_80e_pretrained_20260325_231646
2026/03/26 10:22:47 - mmengine - INFO - Epoch(train) [72][ 50/238]  base_lr: 1.1421e-05 lr: 1.1421e-05  eta: 1:18:52  time: 2.8185  data_time: 0.0333  memory: 42426  grad_norm: 49.0447  loss: 0.9142  loss_cls: 0.0001  loss_bbox: 0.0089  loss_iou: 0.0596  d0.loss_cls: 0.0011  d0.loss_bbox: 0.0094  d0.loss_iou: 0.0619  d1.loss_cls: 0.0006  d1.loss_bbox: 0.0089  d1.loss_iou: 0.0598  d2.loss_cls: 0.0003  d2.loss_bbox: 0.0089  d2.loss_iou: 0.0595  d3.loss_cls: 0.0001  d3.loss_bbox: 0.0089  d3.loss_iou: 0.0595  d4.loss_cls: 0.0001  d4.loss_bbox: 0.0089  d4.loss_iou: 0.0596  enc_loss_cls: 0.0044  enc_loss_bbox: 0.0103  enc_loss_iou: 0.0600  dn_loss_cls: 0.0003  dn_loss_bbox: 0.0073  dn_loss_iou: 0.0557  d0.dn_loss_cls: 0.0025  d0.dn_loss_bbox: 0.0138  d0.dn_loss_iou: 0.0873  d1.dn_loss_cls: 0.0007  d1.dn_loss_bbox: 0.0077  d1.dn_loss_iou: 0.0574  d2.dn_loss_cls: 0.0005  d2.dn_loss_bbox: 0.0074  d2.dn_loss_iou: 0.0559  d3.dn_loss_cls: 0.0003  d3.dn_loss_bbox: 0.0073  d3.dn_loss_iou: 0.0557  d4.dn_loss_cls: 0.0003  d4.dn_loss_bbox: 0.0073  d4.dn_loss_iou: 0.0557
2026/03/26 10:25:06 - mmengine - INFO - Epoch(train) [72][100/238]  base_lr: 1.1421e-05 lr: 1.1421e-05  eta: 1:17:02  time: 2.7777  data_time: 0.0083  memory: 42375  grad_norm: inf  loss: 0.8774  loss_cls: 0.0001  loss_bbox: 0.0083  loss_iou: 0.0556  d0.loss_cls: 0.0009  d0.loss_bbox: 0.0087  d0.loss_iou: 0.0575  d1.loss_cls: 0.0002  d1.loss_bbox: 0.0083  d1.loss_iou: 0.0556  d2.loss_cls: 0.0002  d2.loss_bbox: 0.0083  d2.loss_iou: 0.0557  d3.loss_cls: 0.0001  d3.loss_bbox: 0.0083  d3.loss_iou: 0.0556  d4.loss_cls: 0.0001  d4.loss_bbox: 0.0083  d4.loss_iou: 0.0557  enc_loss_cls: 0.0038  enc_loss_bbox: 0.0104  enc_loss_iou: 0.0574  dn_loss_cls: 0.0002  dn_loss_bbox: 0.0074  dn_loss_iou: 0.0549  d0.dn_loss_cls: 0.0024  d0.dn_loss_bbox: 0.0139  d0.dn_loss_iou: 0.0870  d1.dn_loss_cls: 0.0005  d1.dn_loss_bbox: 0.0077  d1.dn_loss_iou: 0.0565  d2.dn_loss_cls: 0.0003  d2.dn_loss_bbox: 0.0074  d2.dn_loss_iou: 0.0551  d3.dn_loss_cls: 0.0002  d3.dn_loss_bbox: 0.0074  d3.dn_loss_iou: 0.0549  d4.dn_loss_cls: 0.0002  d4.dn_loss_bbox: 0.0074  d4.dn_loss_iou: 0.0549
2026/03/26 10:25:10 - mmengine - INFO - Exp name: dino_4scale_r50_uatd_80e_pretrained_20260325_231646
2026/03/26 10:27:20 - mmengine - INFO - Epoch(train) [72][150/238]  base_lr: 1.1421e-05 lr: 1.1421e-05  eta: 1:15:11  time: 2.6848  data_time: 0.0081  memory: 42375  grad_norm: 46.1048  loss: 0.8398  loss_cls: 0.0001  loss_bbox: 0.0070  loss_iou: 0.0523  d0.loss_cls: 0.0012  d0.loss_bbox: 0.0075  d0.loss_iou: 0.0546  d1.loss_cls: 0.0003  d1.loss_bbox: 0.0071  d1.loss_iou: 0.0530  d2.loss_cls: 0.0001  d2.loss_bbox: 0.0070  d2.loss_iou: 0.0525  d3.loss_cls: 0.0000  d3.loss_bbox: 0.0070  d3.loss_iou: 0.0523  d4.loss_cls: 0.0000  d4.loss_bbox: 0.0070  d4.loss_iou: 0.0522  enc_loss_cls: 0.0036  enc_loss_bbox: 0.0093  enc_loss_iou: 0.0556  dn_loss_cls: 0.0001  dn_loss_bbox: 0.0071  dn_loss_iou: 0.0536  d0.dn_loss_cls: 0.0022  d0.dn_loss_bbox: 0.0138  d0.dn_loss_iou: 0.0870  d1.dn_loss_cls: 0.0004  d1.dn_loss_bbox: 0.0075  d1.dn_loss_iou: 0.0553  d2.dn_loss_cls: 0.0003  d2.dn_loss_bbox: 0.0072  d2.dn_loss_iou: 0.0538  d3.dn_loss_cls: 0.0002  d3.dn_loss_bbox: 0.0071  d3.dn_loss_iou: 0.0535  d4.dn_loss_cls: 0.0002  d4.dn_loss_bbox: 0.0071  d4.dn_loss_iou: 0.0535
2026/03/26 10:29:35 - mmengine - INFO - Epoch(train) [72][200/238]  base_lr: 1.1421e-05 lr: 1.1421e-05  eta: 1:13:20  time: 2.7019  data_time: 0.0085  memory: 42375  grad_norm: 51.6023  loss: 0.8681  loss_cls: 0.0000  loss_bbox: 0.0074  loss_iou: 0.0550  d0.loss_cls: 0.0013  d0.loss_bbox: 0.0078  d0.loss_iou: 0.0564  d1.loss_cls: 0.0002  d1.loss_bbox: 0.0075  d1.loss_iou: 0.0550  d2.loss_cls: 0.0001  d2.loss_bbox: 0.0074  d2.loss_iou: 0.0550  d3.loss_cls: 0.0000  d3.loss_bbox: 0.0074  d3.loss_iou: 0.0548  d4.loss_cls: 0.0000  d4.loss_bbox: 0.0074  d4.loss_iou: 0.0549  enc_loss_cls: 0.0041  enc_loss_bbox: 0.0096  enc_loss_iou: 0.0570  dn_loss_cls: 0.0002  dn_loss_bbox: 0.0072  dn_loss_iou: 0.0549  d0.dn_loss_cls: 0.0025  d0.dn_loss_bbox: 0.0141  d0.dn_loss_iou: 0.0881  d1.dn_loss_cls: 0.0007  d1.dn_loss_bbox: 0.0076  d1.dn_loss_iou: 0.0569  d2.dn_loss_cls: 0.0004  d2.dn_loss_bbox: 0.0073  d2.dn_loss_iou: 0.0551  d3.dn_loss_cls: 0.0003  d3.dn_loss_bbox: 0.0072  d3.dn_loss_iou: 0.0549  d4.dn_loss_cls: 0.0002  d4.dn_loss_bbox: 0.0072  d4.dn_loss_iou: 0.0549
2026/03/26 10:31:11 - mmengine - INFO - Exp name: dino_4scale_r50_uatd_80e_pretrained_20260325_231646
2026/03/26 10:31:26 - mmengine - INFO - Epoch(val) [72][ 50/100]    eta: 0:00:15  time: 0.3100  data_time: 0.0260  memory: 42375  
2026/03/26 10:31:42 - mmengine - INFO - Epoch(val) [72][100/100]    eta: 0:00:00  time: 0.3067  data_time: 0.0189  memory: 1533  
2026/03/26 10:31:48 - mmengine - INFO - Evaluating bbox...
2026/03/26 10:32:03 - mmengine - INFO - bbox_mAP_copypaste: 0.338 0.799 0.230 0.476 0.337 0.327
2026/03/26 10:32:03 - mmengine - INFO - Epoch(val) [72][100/100]    coco/bbox_mAP: 0.3380  coco/bbox_mAP_50: 0.7990  coco/bbox_mAP_75: 0.2300  coco/bbox_mAP_s: 0.4760  coco/bbox_mAP_m: 0.3370  coco/bbox_mAP_l: 0.3270  data_time: 0.0224  time: 0.3070
2026/03/26 10:34:25 - mmengine - INFO - Epoch(train) [73][ 50/238]  base_lr: 1.0118e-05 lr: 1.0118e-05  eta: 1:10:05  time: 2.8363  data_time: 0.0566  memory: 42426  grad_norm: 50.4003  loss: 0.8179  loss_cls: 0.0001  loss_bbox: 0.0066  loss_iou: 0.0510  d0.loss_cls: 0.0014  d0.loss_bbox: 0.0071  d0.loss_iou: 0.0530  d1.loss_cls: 0.0002  d1.loss_bbox: 0.0067  d1.loss_iou: 0.0511  d2.loss_cls: 0.0001  d2.loss_bbox: 0.0066  d2.loss_iou: 0.0508  d3.loss_cls: 0.0001  d3.loss_bbox: 0.0066  d3.loss_iou: 0.0509  d4.loss_cls: 0.0001  d4.loss_bbox: 0.0066  d4.loss_iou: 0.0510  enc_loss_cls: 0.0036  enc_loss_bbox: 0.0090  enc_loss_iou: 0.0548  dn_loss_cls: 0.0002  dn_loss_bbox: 0.0069  dn_loss_iou: 0.0523  d0.dn_loss_cls: 0.0025  d0.dn_loss_bbox: 0.0136  d0.dn_loss_iou: 0.0848  d1.dn_loss_cls: 0.0005  d1.dn_loss_bbox: 0.0073  d1.dn_loss_iou: 0.0536  d2.dn_loss_cls: 0.0003  d2.dn_loss_bbox: 0.0070  d2.dn_loss_iou: 0.0527  d3.dn_loss_cls: 0.0002  d3.dn_loss_bbox: 0.0070  d3.dn_loss_iou: 0.0523  d4.dn_loss_cls: 0.0002  d4.dn_loss_bbox: 0.0069  d4.dn_loss_iou: 0.0523
2026/03/26 10:36:48 - mmengine - INFO - Epoch(train) [73][100/238]  base_lr: 1.0118e-05 lr: 1.0118e-05  eta: 1:08:14  time: 2.8499  data_time: 0.0077  memory: 42375  grad_norm: 48.3705  loss: 0.8237  loss_cls: 0.0000  loss_bbox: 0.0080  loss_iou: 0.0524  d0.loss_cls: 0.0010  d0.loss_bbox: 0.0084  d0.loss_iou: 0.0545  d1.loss_cls: 0.0001  d1.loss_bbox: 0.0080  d1.loss_iou: 0.0525  d2.loss_cls: 0.0000  d2.loss_bbox: 0.0080  d2.loss_iou: 0.0523  d3.loss_cls: 0.0000  d3.loss_bbox: 0.0080  d3.loss_iou: 0.0523  d4.loss_cls: 0.0000  d4.loss_bbox: 0.0080  d4.loss_iou: 0.0523  enc_loss_cls: 0.0034  enc_loss_bbox: 0.0102  enc_loss_iou: 0.0552  dn_loss_cls: 0.0001  dn_loss_bbox: 0.0065  dn_loss_iou: 0.0509  d0.dn_loss_cls: 0.0021  d0.dn_loss_bbox: 0.0130  d0.dn_loss_iou: 0.0833  d1.dn_loss_cls: 0.0004  d1.dn_loss_bbox: 0.0069  d1.dn_loss_iou: 0.0528  d2.dn_loss_cls: 0.0002  d2.dn_loss_bbox: 0.0066  d2.dn_loss_iou: 0.0512  d3.dn_loss_cls: 0.0002  d3.dn_loss_bbox: 0.0065  d3.dn_loss_iou: 0.0509  d4.dn_loss_cls: 0.0001  d4.dn_loss_bbox: 0.0065  d4.dn_loss_iou: 0.0509
2026/03/26 10:39:18 - mmengine - INFO - Epoch(train) [73][150/238]  base_lr: 1.0118e-05 lr: 1.0118e-05  eta: 1:06:25  time: 3.0084  data_time: 0.0075  memory: 42375  grad_norm: 46.9237  loss: 0.8163  loss_cls: 0.0001  loss_bbox: 0.0071  loss_iou: 0.0510  d0.loss_cls: 0.0011  d0.loss_bbox: 0.0076  d0.loss_iou: 0.0531  d1.loss_cls: 0.0003  d1.loss_bbox: 0.0072  d1.loss_iou: 0.0510  d2.loss_cls: 0.0002  d2.loss_bbox: 0.0071  d2.loss_iou: 0.0509  d3.loss_cls: 0.0001  d3.loss_bbox: 0.0071  d3.loss_iou: 0.0511  d4.loss_cls: 0.0001  d4.loss_bbox: 0.0071  d4.loss_iou: 0.0510  enc_loss_cls: 0.0033  enc_loss_bbox: 0.0096  enc_loss_iou: 0.0543  dn_loss_cls: 0.0003  dn_loss_bbox: 0.0066  dn_loss_iou: 0.0514  d0.dn_loss_cls: 0.0024  d0.dn_loss_bbox: 0.0135  d0.dn_loss_iou: 0.0852  d1.dn_loss_cls: 0.0006  d1.dn_loss_bbox: 0.0071  d1.dn_loss_iou: 0.0534  d2.dn_loss_cls: 0.0004  d2.dn_loss_bbox: 0.0067  d2.dn_loss_iou: 0.0518  d3.dn_loss_cls: 0.0003  d3.dn_loss_bbox: 0.0066  d3.dn_loss_iou: 0.0515  d4.dn_loss_cls: 0.0003  d4.dn_loss_bbox: 0.0066  d4.dn_loss_iou: 0.0514
2026/03/26 10:41:46 - mmengine - INFO - Epoch(train) [73][200/238]  base_lr: 1.0118e-05 lr: 1.0118e-05  eta: 1:04:34  time: 2.9577  data_time: 0.0074  memory: 42426  grad_norm: 49.2678  loss: 0.8102  loss_cls: 0.0002  loss_bbox: 0.0069  loss_iou: 0.0512  d0.loss_cls: 0.0008  d0.loss_bbox: 0.0073  d0.loss_iou: 0.0528  d1.loss_cls: 0.0004  d1.loss_bbox: 0.0069  d1.loss_iou: 0.0515  d2.loss_cls: 0.0003  d2.loss_bbox: 0.0069  d2.loss_iou: 0.0514  d3.loss_cls: 0.0003  d3.loss_bbox: 0.0069  d3.loss_iou: 0.0512  d4.loss_cls: 0.0003  d4.loss_bbox: 0.0069  d4.loss_iou: 0.0512  enc_loss_cls: 0.0035  enc_loss_bbox: 0.0090  enc_loss_iou: 0.0530  dn_loss_cls: 0.0001  dn_loss_bbox: 0.0066  dn_loss_iou: 0.0511  d0.dn_loss_cls: 0.0022  d0.dn_loss_bbox: 0.0134  d0.dn_loss_iou: 0.0842  d1.dn_loss_cls: 0.0004  d1.dn_loss_bbox: 0.0070  d1.dn_loss_iou: 0.0529  d2.dn_loss_cls: 0.0002  d2.dn_loss_bbox: 0.0066  d2.dn_loss_iou: 0.0512  d3.dn_loss_cls: 0.0002  d3.dn_loss_bbox: 0.0066  d3.dn_loss_iou: 0.0511  d4.dn_loss_cls: 0.0001  d4.dn_loss_bbox: 0.0066  d4.dn_loss_iou: 0.0511
2026/03/26 10:43:23 - mmengine - INFO - Exp name: dino_4scale_r50_uatd_80e_pretrained_20260325_231646
2026/03/26 10:45:47 - mmengine - INFO - Epoch(train) [74][ 50/238]  base_lr: 8.8158e-06 lr: 8.8158e-06  eta: 1:01:18  time: 2.8756  data_time: 0.0603  memory: 42426  grad_norm: 46.9443  loss: 0.8235  loss_cls: 0.0001  loss_bbox: 0.0075  loss_iou: 0.0523  d0.loss_cls: 0.0010  d0.loss_bbox: 0.0080  d0.loss_iou: 0.0545  d1.loss_cls: 0.0002  d1.loss_bbox: 0.0075  d1.loss_iou: 0.0526  d2.loss_cls: 0.0001  d2.loss_bbox: 0.0075  d2.loss_iou: 0.0520  d3.loss_cls: 0.0001  d3.loss_bbox: 0.0075  d3.loss_iou: 0.0522  d4.loss_cls: 0.0001  d4.loss_bbox: 0.0075  d4.loss_iou: 0.0523  enc_loss_cls: 0.0034  enc_loss_bbox: 0.0092  enc_loss_iou: 0.0531  dn_loss_cls: 0.0002  dn_loss_bbox: 0.0066  dn_loss_iou: 0.0516  d0.dn_loss_cls: 0.0022  d0.dn_loss_bbox: 0.0134  d0.dn_loss_iou: 0.0846  d1.dn_loss_cls: 0.0005  d1.dn_loss_bbox: 0.0070  d1.dn_loss_iou: 0.0535  d2.dn_loss_cls: 0.0003  d2.dn_loss_bbox: 0.0066  d2.dn_loss_iou: 0.0518  d3.dn_loss_cls: 0.0002  d3.dn_loss_bbox: 0.0066  d3.dn_loss_iou: 0.0516  d4.dn_loss_cls: 0.0002  d4.dn_loss_bbox: 0.0066  d4.dn_loss_iou: 0.0516
2026/03/26 10:48:06 - mmengine - INFO - Epoch(train) [74][100/238]  base_lr: 8.8158e-06 lr: 8.8158e-06  eta: 0:59:27  time: 2.7908  data_time: 0.0085  memory: 42375  grad_norm: 47.4439  loss: 0.8092  loss_cls: 0.0001  loss_bbox: 0.0068  loss_iou: 0.0516  d0.loss_cls: 0.0011  d0.loss_bbox: 0.0073  d0.loss_iou: 0.0535  d1.loss_cls: 0.0003  d1.loss_bbox: 0.0068  d1.loss_iou: 0.0516  d2.loss_cls: 0.0002  d2.loss_bbox: 0.0068  d2.loss_iou: 0.0515  d3.loss_cls: 0.0001  d3.loss_bbox: 0.0068  d3.loss_iou: 0.0516  d4.loss_cls: 0.0001  d4.loss_bbox: 0.0068  d4.loss_iou: 0.0516  enc_loss_cls: 0.0035  enc_loss_bbox: 0.0090  enc_loss_iou: 0.0536  dn_loss_cls: 0.0001  dn_loss_bbox: 0.0064  dn_loss_iou: 0.0507  d0.dn_loss_cls: 0.0023  d0.dn_loss_bbox: 0.0131  d0.dn_loss_iou: 0.0836  d1.dn_loss_cls: 0.0005  d1.dn_loss_bbox: 0.0068  d1.dn_loss_iou: 0.0524  d2.dn_loss_cls: 0.0002  d2.dn_loss_bbox: 0.0065  d2.dn_loss_iou: 0.0511  d3.dn_loss_cls: 0.0001  d3.dn_loss_bbox: 0.0064  d3.dn_loss_iou: 0.0507  d4.dn_loss_cls: 0.0001  d4.dn_loss_bbox: 0.0064  d4.dn_loss_iou: 0.0507
2026/03/26 10:50:20 - mmengine - INFO - Epoch(train) [74][150/238]  base_lr: 8.8158e-06 lr: 8.8158e-06  eta: 0:57:34  time: 2.6799  data_time: 0.0073  memory: 42375  grad_norm: 45.8425  loss: 0.8168  loss_cls: 0.0000  loss_bbox: 0.0078  loss_iou: 0.0519  d0.loss_cls: 0.0005  d0.loss_bbox: 0.0084  d0.loss_iou: 0.0536  d1.loss_cls: 0.0001  d1.loss_bbox: 0.0078  d1.loss_iou: 0.0513  d2.loss_cls: 0.0000  d2.loss_bbox: 0.0078  d2.loss_iou: 0.0517  d3.loss_cls: 0.0000  d3.loss_bbox: 0.0078  d3.loss_iou: 0.0519  d4.loss_cls: 0.0000  d4.loss_bbox: 0.0078  d4.loss_iou: 0.0519  enc_loss_cls: 0.0030  enc_loss_bbox: 0.0101  enc_loss_iou: 0.0539  dn_loss_cls: 0.0001  dn_loss_bbox: 0.0065  dn_loss_iou: 0.0508  d0.dn_loss_cls: 0.0025  d0.dn_loss_bbox: 0.0134  d0.dn_loss_iou: 0.0842  d1.dn_loss_cls: 0.0004  d1.dn_loss_bbox: 0.0068  d1.dn_loss_iou: 0.0525  d2.dn_loss_cls: 0.0002  d2.dn_loss_bbox: 0.0065  d2.dn_loss_iou: 0.0509  d3.dn_loss_cls: 0.0001  d3.dn_loss_bbox: 0.0065  d3.dn_loss_iou: 0.0507  d4.dn_loss_cls: 0.0001  d4.dn_loss_bbox: 0.0065  d4.dn_loss_iou: 0.0508
2026/03/26 10:52:36 - mmengine - INFO - Epoch(train) [74][200/238]  base_lr: 8.8158e-06 lr: 8.8158e-06  eta: 0:55:42  time: 2.7098  data_time: 0.0087  memory: 42375  grad_norm: 45.7478  loss: 0.7820  loss_cls: 0.0000  loss_bbox: 0.0066  loss_iou: 0.0497  d0.loss_cls: 0.0013  d0.loss_bbox: 0.0070  d0.loss_iou: 0.0517  d1.loss_cls: 0.0001  d1.loss_bbox: 0.0066  d1.loss_iou: 0.0499  d2.loss_cls: 0.0000  d2.loss_bbox: 0.0066  d2.loss_iou: 0.0496  d3.loss_cls: 0.0000  d3.loss_bbox: 0.0066  d3.loss_iou: 0.0496  d4.loss_cls: 0.0000  d4.loss_bbox: 0.0066  d4.loss_iou: 0.0496  enc_loss_cls: 0.0036  enc_loss_bbox: 0.0085  enc_loss_iou: 0.0510  dn_loss_cls: 0.0001  dn_loss_bbox: 0.0062  dn_loss_iou: 0.0491  d0.dn_loss_cls: 0.0021  d0.dn_loss_bbox: 0.0130  d0.dn_loss_iou: 0.0827  d1.dn_loss_cls: 0.0004  d1.dn_loss_bbox: 0.0066  d1.dn_loss_iou: 0.0509  d2.dn_loss_cls: 0.0002  d2.dn_loss_bbox: 0.0062  d2.dn_loss_iou: 0.0493  d3.dn_loss_cls: 0.0001  d3.dn_loss_bbox: 0.0062  d3.dn_loss_iou: 0.0491  d4.dn_loss_cls: 0.0001  d4.dn_loss_bbox: 0.0062  d4.dn_loss_iou: 0.0491
2026/03/26 10:54:18 - mmengine - INFO - Exp name: dino_4scale_r50_uatd_80e_pretrained_20260325_231646
2026/03/26 10:54:34 - mmengine - INFO - Epoch(val) [74][ 50/100]    eta: 0:00:16  time: 0.3207  data_time: 0.0250  memory: 42375  
2026/03/26 10:54:51 - mmengine - INFO - Epoch(val) [74][100/100]    eta: 0:00:00  time: 0.3350  data_time: 0.0217  memory: 1533  
2026/03/26 10:54:56 - mmengine - INFO - Evaluating bbox...
2026/03/26 10:55:10 - mmengine - INFO - bbox_mAP_copypaste: 0.338 0.797 0.231 0.476 0.338 0.325
2026/03/26 10:55:10 - mmengine - INFO - Epoch(val) [74][100/100]    coco/bbox_mAP: 0.3380  coco/bbox_mAP_50: 0.7970  coco/bbox_mAP_75: 0.2310  coco/bbox_mAP_s: 0.4760  coco/bbox_mAP_m: 0.3380  coco/bbox_mAP_l: 0.3250  data_time: 0.0232  time: 0.3261
2026/03/26 10:57:30 - mmengine - INFO - Epoch(train) [75][ 50/238]  base_lr: 7.5132e-06 lr: 7.5132e-06  eta: 0:52:25  time: 2.8076  data_time: 0.0446  memory: 42375  grad_norm: 44.0524  loss: 0.8114  loss_cls: 0.0002  loss_bbox: 0.0070  loss_iou: 0.0516  d0.loss_cls: 0.0016  d0.loss_bbox: 0.0075  d0.loss_iou: 0.0536  d1.loss_cls: 0.0004  d1.loss_bbox: 0.0071  d1.loss_iou: 0.0523  d2.loss_cls: 0.0002  d2.loss_bbox: 0.0070  d2.loss_iou: 0.0518  d3.loss_cls: 0.0002  d3.loss_bbox: 0.0070  d3.loss_iou: 0.0516  d4.loss_cls: 0.0001  d4.loss_bbox: 0.0070  d4.loss_iou: 0.0517  enc_loss_cls: 0.0047  enc_loss_bbox: 0.0093  enc_loss_iou: 0.0543  dn_loss_cls: 0.0001  dn_loss_bbox: 0.0064  dn_loss_iou: 0.0501  d0.dn_loss_cls: 0.0025  d0.dn_loss_bbox: 0.0133  d0.dn_loss_iou: 0.0833  d1.dn_loss_cls: 0.0006  d1.dn_loss_bbox: 0.0068  d1.dn_loss_iou: 0.0520  d2.dn_loss_cls: 0.0003  d2.dn_loss_bbox: 0.0064  d2.dn_loss_iou: 0.0504  d3.dn_loss_cls: 0.0002  d3.dn_loss_bbox: 0.0064  d3.dn_loss_iou: 0.0501  d4.dn_loss_cls: 0.0002  d4.dn_loss_bbox: 0.0064  d4.dn_loss_iou: 0.0501
2026/03/26 10:59:40 - mmengine - INFO - Epoch(train) [75][100/238]  base_lr: 7.5132e-06 lr: 7.5132e-06  eta: 0:50:32  time: 2.5937  data_time: 0.0073  memory: 42375  grad_norm: 43.2553  loss: 0.7905  loss_cls: 0.0001  loss_bbox: 0.0065  loss_iou: 0.0496  d0.loss_cls: 0.0019  d0.loss_bbox: 0.0070  d0.loss_iou: 0.0512  d1.loss_cls: 0.0006  d1.loss_bbox: 0.0066  d1.loss_iou: 0.0496  d2.loss_cls: 0.0004  d2.loss_bbox: 0.0065  d2.loss_iou: 0.0497  d3.loss_cls: 0.0002  d3.loss_bbox: 0.0065  d3.loss_iou: 0.0495  d4.loss_cls: 0.0001  d4.loss_bbox: 0.0065  d4.loss_iou: 0.0496  enc_loss_cls: 0.0033  enc_loss_bbox: 0.0097  enc_loss_iou: 0.0523  dn_loss_cls: 0.0002  dn_loss_bbox: 0.0063  dn_loss_iou: 0.0498  d0.dn_loss_cls: 0.0025  d0.dn_loss_bbox: 0.0131  d0.dn_loss_iou: 0.0827  d1.dn_loss_cls: 0.0006  d1.dn_loss_bbox: 0.0067  d1.dn_loss_iou: 0.0518  d2.dn_loss_cls: 0.0003  d2.dn_loss_bbox: 0.0063  d2.dn_loss_iou: 0.0501  d3.dn_loss_cls: 0.0002  d3.dn_loss_bbox: 0.0063  d3.dn_loss_iou: 0.0498  d4.dn_loss_cls: 0.0002  d4.dn_loss_bbox: 0.0063  d4.dn_loss_iou: 0.0498
2026/03/26 11:01:41 - mmengine - INFO - Epoch(train) [75][150/238]  base_lr: 7.5132e-06 lr: 7.5132e-06  eta: 0:48:38  time: 2.4185  data_time: 0.0061  memory: 42375  grad_norm: 43.7805  loss: 0.7822  loss_cls: 0.0000  loss_bbox: 0.0066  loss_iou: 0.0495  d0.loss_cls: 0.0005  d0.loss_bbox: 0.0071  d0.loss_iou: 0.0517  d1.loss_cls: 0.0001  d1.loss_bbox: 0.0066  d1.loss_iou: 0.0496  d2.loss_cls: 0.0000  d2.loss_bbox: 0.0066  d2.loss_iou: 0.0495  d3.loss_cls: 0.0000  d3.loss_bbox: 0.0066  d3.loss_iou: 0.0495  d4.loss_cls: 0.0000  d4.loss_bbox: 0.0066  d4.loss_iou: 0.0495  enc_loss_cls: 0.0032  enc_loss_bbox: 0.0084  enc_loss_iou: 0.0501  dn_loss_cls: 0.0001  dn_loss_bbox: 0.0062  dn_loss_iou: 0.0498  d0.dn_loss_cls: 0.0020  d0.dn_loss_bbox: 0.0129  d0.dn_loss_iou: 0.0822  d1.dn_loss_cls: 0.0004  d1.dn_loss_bbox: 0.0066  d1.dn_loss_iou: 0.0513  d2.dn_loss_cls: 0.0002  d2.dn_loss_bbox: 0.0063  d2.dn_loss_iou: 0.0500  d3.dn_loss_cls: 0.0002  d3.dn_loss_bbox: 0.0062  d3.dn_loss_iou: 0.0497  d4.dn_loss_cls: 0.0001  d4.dn_loss_bbox: 0.0062  d4.dn_loss_iou: 0.0498
2026/03/26 11:04:04 - mmengine - INFO - Epoch(train) [75][200/238]  base_lr: 7.5132e-06 lr: 7.5132e-06  eta: 0:46:46  time: 2.8525  data_time: 0.0089  memory: 42375  grad_norm: 43.6833  loss: 0.7446  loss_cls: 0.0000  loss_bbox: 0.0059  loss_iou: 0.0464  d0.loss_cls: 0.0006  d0.loss_bbox: 0.0064  d0.loss_iou: 0.0483  d1.loss_cls: 0.0001  d1.loss_bbox: 0.0060  d1.loss_iou: 0.0465  d2.loss_cls: 0.0000  d2.loss_bbox: 0.0060  d2.loss_iou: 0.0464  d3.loss_cls: 0.0000  d3.loss_bbox: 0.0059  d3.loss_iou: 0.0464  d4.loss_cls: 0.0000  d4.loss_bbox: 0.0059  d4.loss_iou: 0.0464  enc_loss_cls: 0.0032  enc_loss_bbox: 0.0082  enc_loss_iou: 0.0485  dn_loss_cls: 0.0001  dn_loss_bbox: 0.0059  dn_loss_iou: 0.0476  d0.dn_loss_cls: 0.0022  d0.dn_loss_bbox: 0.0130  d0.dn_loss_iou: 0.0815  d1.dn_loss_cls: 0.0004  d1.dn_loss_bbox: 0.0063  d1.dn_loss_iou: 0.0494  d2.dn_loss_cls: 0.0002  d2.dn_loss_bbox: 0.0060  d2.dn_loss_iou: 0.0478  d3.dn_loss_cls: 0.0001  d3.dn_loss_bbox: 0.0059  d3.dn_loss_iou: 0.0476  d4.dn_loss_cls: 0.0001  d4.dn_loss_bbox: 0.0059  d4.dn_loss_iou: 0.0476
2026/03/26 11:05:49 - mmengine - INFO - Exp name: dino_4scale_r50_uatd_80e_pretrained_20260325_231646
2026/03/26 11:08:15 - mmengine - INFO - Epoch(train) [76][ 50/238]  base_lr: 6.2105e-06 lr: 6.2105e-06  eta: 0:43:28  time: 2.9194  data_time: 0.0862  memory: 42375  grad_norm: 43.7997  loss: 0.7562  loss_cls: 0.0000  loss_bbox: 0.0067  loss_iou: 0.0477  d0.loss_cls: 0.0007  d0.loss_bbox: 0.0072  d0.loss_iou: 0.0490  d1.loss_cls: 0.0001  d1.loss_bbox: 0.0068  d1.loss_iou: 0.0475  d2.loss_cls: 0.0000  d2.loss_bbox: 0.0067  d2.loss_iou: 0.0476  d3.loss_cls: 0.0000  d3.loss_bbox: 0.0067  d3.loss_iou: 0.0476  d4.loss_cls: 0.0000  d4.loss_bbox: 0.0067  d4.loss_iou: 0.0477  enc_loss_cls: 0.0031  enc_loss_bbox: 0.0089  enc_loss_iou: 0.0484  dn_loss_cls: 0.0001  dn_loss_bbox: 0.0059  dn_loss_iou: 0.0478  d0.dn_loss_cls: 0.0021  d0.dn_loss_bbox: 0.0127  d0.dn_loss_iou: 0.0803  d1.dn_loss_cls: 0.0003  d1.dn_loss_bbox: 0.0063  d1.dn_loss_iou: 0.0497  d2.dn_loss_cls: 0.0002  d2.dn_loss_bbox: 0.0059  d2.dn_loss_iou: 0.0481  d3.dn_loss_cls: 0.0001  d3.dn_loss_bbox: 0.0059  d3.dn_loss_iou: 0.0478  d4.dn_loss_cls: 0.0001  d4.dn_loss_bbox: 0.0059  d4.dn_loss_iou: 0.0478
2026/03/26 11:10:30 - mmengine - INFO - Epoch(train) [76][100/238]  base_lr: 6.2105e-06 lr: 6.2105e-06  eta: 0:41:35  time: 2.6967  data_time: 0.0080  memory: 42375  grad_norm: 44.0739  loss: 0.8321  loss_cls: 0.0001  loss_bbox: 0.0078  loss_iou: 0.0533  d0.loss_cls: 0.0016  d0.loss_bbox: 0.0083  d0.loss_iou: 0.0559  d1.loss_cls: 0.0002  d1.loss_bbox: 0.0079  d1.loss_iou: 0.0541  d2.loss_cls: 0.0001  d2.loss_bbox: 0.0078  d2.loss_iou: 0.0538  d3.loss_cls: 0.0001  d3.loss_bbox: 0.0078  d3.loss_iou: 0.0533  d4.loss_cls: 0.0001  d4.loss_bbox: 0.0078  d4.loss_iou: 0.0533  enc_loss_cls: 0.0036  enc_loss_bbox: 0.0097  enc_loss_iou: 0.0547  dn_loss_cls: 0.0002  dn_loss_bbox: 0.0063  dn_loss_iou: 0.0510  d0.dn_loss_cls: 0.0024  d0.dn_loss_bbox: 0.0132  d0.dn_loss_iou: 0.0839  d1.dn_loss_cls: 0.0006  d1.dn_loss_bbox: 0.0067  d1.dn_loss_iou: 0.0531  d2.dn_loss_cls: 0.0004  d2.dn_loss_bbox: 0.0064  d2.dn_loss_iou: 0.0514  d3.dn_loss_cls: 0.0003  d3.dn_loss_bbox: 0.0063  d3.dn_loss_iou: 0.0510  d4.dn_loss_cls: 0.0002  d4.dn_loss_bbox: 0.0063  d4.dn_loss_iou: 0.0510
2026/03/26 11:12:37 - mmengine - INFO - Exp name: dino_4scale_r50_uatd_80e_pretrained_20260325_231646
2026/03/26 11:12:37 - mmengine - INFO - Epoch(train) [76][150/238]  base_lr: 6.2105e-06 lr: 6.2105e-06  eta: 0:39:41  time: 2.5412  data_time: 0.0066  memory: 42375  grad_norm: 42.2231  loss: 0.7797  loss_cls: 0.0002  loss_bbox: 0.0064  loss_iou: 0.0494  d0.loss_cls: 0.0009  d0.loss_bbox: 0.0068  d0.loss_iou: 0.0513  d1.loss_cls: 0.0003  d1.loss_bbox: 0.0064  d1.loss_iou: 0.0494  d2.loss_cls: 0.0002  d2.loss_bbox: 0.0064  d2.loss_iou: 0.0492  d3.loss_cls: 0.0002  d3.loss_bbox: 0.0064  d3.loss_iou: 0.0495  d4.loss_cls: 0.0002  d4.loss_bbox: 0.0064  d4.loss_iou: 0.0494  enc_loss_cls: 0.0032  enc_loss_bbox: 0.0086  enc_loss_iou: 0.0510  dn_loss_cls: 0.0001  dn_loss_bbox: 0.0060  dn_loss_iou: 0.0492  d0.dn_loss_cls: 0.0025  d0.dn_loss_bbox: 0.0129  d0.dn_loss_iou: 0.0829  d1.dn_loss_cls: 0.0006  d1.dn_loss_bbox: 0.0064  d1.dn_loss_iou: 0.0511  d2.dn_loss_cls: 0.0003  d2.dn_loss_bbox: 0.0060  d2.dn_loss_iou: 0.0494  d3.dn_loss_cls: 0.0002  d3.dn_loss_bbox: 0.0060  d3.dn_loss_iou: 0.0492  d4.dn_loss_cls: 0.0001  d4.dn_loss_bbox: 0.0060  d4.dn_loss_iou: 0.0492
2026/03/26 11:14:51 - mmengine - INFO - Epoch(train) [76][200/238]  base_lr: 6.2105e-06 lr: 6.2105e-06  eta: 0:37:48  time: 2.6701  data_time: 0.0076  memory: 42426  grad_norm: 48.0662  loss: 0.7352  loss_cls: 0.0001  loss_bbox: 0.0055  loss_iou: 0.0456  d0.loss_cls: 0.0006  d0.loss_bbox: 0.0061  d0.loss_iou: 0.0477  d1.loss_cls: 0.0002  d1.loss_bbox: 0.0056  d1.loss_iou: 0.0455  d2.loss_cls: 0.0001  d2.loss_bbox: 0.0056  d2.loss_iou: 0.0456  d3.loss_cls: 0.0001  d3.loss_bbox: 0.0055  d3.loss_iou: 0.0456  d4.loss_cls: 0.0001  d4.loss_bbox: 0.0055  d4.loss_iou: 0.0456  enc_loss_cls: 0.0030  enc_loss_bbox: 0.0078  enc_loss_iou: 0.0469  dn_loss_cls: 0.0001  dn_loss_bbox: 0.0059  dn_loss_iou: 0.0478  d0.dn_loss_cls: 0.0021  d0.dn_loss_bbox: 0.0128  d0.dn_loss_iou: 0.0807  d1.dn_loss_cls: 0.0003  d1.dn_loss_bbox: 0.0063  d1.dn_loss_iou: 0.0492  d2.dn_loss_cls: 0.0002  d2.dn_loss_bbox: 0.0060  d2.dn_loss_iou: 0.0479  d3.dn_loss_cls: 0.0001  d3.dn_loss_bbox: 0.0059  d3.dn_loss_iou: 0.0477  d4.dn_loss_cls: 0.0001  d4.dn_loss_bbox: 0.0059  d4.dn_loss_iou: 0.0478
2026/03/26 11:16:25 - mmengine - INFO - Exp name: dino_4scale_r50_uatd_80e_pretrained_20260325_231646
2026/03/26 11:16:41 - mmengine - INFO - Epoch(val) [76][ 50/100]    eta: 0:00:15  time: 0.3197  data_time: 0.0244  memory: 42375  
2026/03/26 11:16:56 - mmengine - INFO - Epoch(val) [76][100/100]    eta: 0:00:00  time: 0.2932  data_time: 0.0180  memory: 1533  
2026/03/26 11:17:00 - mmengine - INFO - Evaluating bbox...
2026/03/26 11:17:12 - mmengine - INFO - bbox_mAP_copypaste: 0.338 0.794 0.227 0.465 0.337 0.320
2026/03/26 11:17:13 - mmengine - INFO - Epoch(val) [76][100/100]    coco/bbox_mAP: 0.3380  coco/bbox_mAP_50: 0.7940  coco/bbox_mAP_75: 0.2270  coco/bbox_mAP_s: 0.4650  coco/bbox_mAP_m: 0.3370  coco/bbox_mAP_l: 0.3200  data_time: 0.0211  time: 0.3051
2026/03/26 11:19:22 - mmengine - INFO - Epoch(train) [77][ 50/238]  base_lr: 4.9079e-06 lr: 4.9079e-06  eta: 0:34:27  time: 2.5809  data_time: 0.0354  memory: 42375  grad_norm: 42.2504  loss: 0.7860  loss_cls: 0.0000  loss_bbox: 0.0075  loss_iou: 0.0502  d0.loss_cls: 0.0011  d0.loss_bbox: 0.0081  d0.loss_iou: 0.0521  d1.loss_cls: 0.0002  d1.loss_bbox: 0.0076  d1.loss_iou: 0.0503  d2.loss_cls: 0.0001  d2.loss_bbox: 0.0075  d2.loss_iou: 0.0500  d3.loss_cls: 0.0000  d3.loss_bbox: 0.0075  d3.loss_iou: 0.0500  d4.loss_cls: 0.0000  d4.loss_bbox: 0.0075  d4.loss_iou: 0.0501  enc_loss_cls: 0.0028  enc_loss_bbox: 0.0099  enc_loss_iou: 0.0513  dn_loss_cls: 0.0002  dn_loss_bbox: 0.0057  dn_loss_iou: 0.0484  d0.dn_loss_cls: 0.0027  d0.dn_loss_bbox: 0.0128  d0.dn_loss_iou: 0.0819  d1.dn_loss_cls: 0.0007  d1.dn_loss_bbox: 0.0062  d1.dn_loss_iou: 0.0503  d2.dn_loss_cls: 0.0003  d2.dn_loss_bbox: 0.0058  d2.dn_loss_iou: 0.0486  d3.dn_loss_cls: 0.0002  d3.dn_loss_bbox: 0.0058  d3.dn_loss_iou: 0.0484  d4.dn_loss_cls: 0.0002  d4.dn_loss_bbox: 0.0057  d4.dn_loss_iou: 0.0484
2026/03/26 11:21:25 - mmengine - INFO - Epoch(train) [77][100/238]  base_lr: 4.9079e-06 lr: 4.9079e-06  eta: 0:32:33  time: 2.4770  data_time: 0.0060  memory: 42375  grad_norm: 42.4080  loss: 0.7252  loss_cls: 0.0001  loss_bbox: 0.0057  loss_iou: 0.0463  d0.loss_cls: 0.0010  d0.loss_bbox: 0.0062  d0.loss_iou: 0.0484  d1.loss_cls: 0.0002  d1.loss_bbox: 0.0057  d1.loss_iou: 0.0460  d2.loss_cls: 0.0002  d2.loss_bbox: 0.0057  d2.loss_iou: 0.0461  d3.loss_cls: 0.0002  d3.loss_bbox: 0.0057  d3.loss_iou: 0.0463  d4.loss_cls: 0.0001  d4.loss_bbox: 0.0057  d4.loss_iou: 0.0463  enc_loss_cls: 0.0028  enc_loss_bbox: 0.0079  enc_loss_iou: 0.0475  dn_loss_cls: 0.0001  dn_loss_bbox: 0.0053  dn_loss_iou: 0.0457  d0.dn_loss_cls: 0.0022  d0.dn_loss_bbox: 0.0122  d0.dn_loss_iou: 0.0787  d1.dn_loss_cls: 0.0005  d1.dn_loss_bbox: 0.0057  d1.dn_loss_iou: 0.0471  d2.dn_loss_cls: 0.0002  d2.dn_loss_bbox: 0.0054  d2.dn_loss_iou: 0.0460  d3.dn_loss_cls: 0.0002  d3.dn_loss_bbox: 0.0053  d3.dn_loss_iou: 0.0457  d4.dn_loss_cls: 0.0001  d4.dn_loss_bbox: 0.0053  d4.dn_loss_iou: 0.0457
2026/03/26 11:23:25 - mmengine - INFO - Epoch(train) [77][150/238]  base_lr: 4.9079e-06 lr: 4.9079e-06  eta: 0:30:39  time: 2.3895  data_time: 0.0068  memory: 42375  grad_norm: 39.8781  loss: 0.7755  loss_cls: 0.0000  loss_bbox: 0.0064  loss_iou: 0.0486  d0.loss_cls: 0.0017  d0.loss_bbox: 0.0071  d0.loss_iou: 0.0510  d1.loss_cls: 0.0003  d1.loss_bbox: 0.0065  d1.loss_iou: 0.0485  d2.loss_cls: 0.0001  d2.loss_bbox: 0.0064  d2.loss_iou: 0.0484  d3.loss_cls: 0.0000  d3.loss_bbox: 0.0064  d3.loss_iou: 0.0485  d4.loss_cls: 0.0000  d4.loss_bbox: 0.0064  d4.loss_iou: 0.0486  enc_loss_cls: 0.0030  enc_loss_bbox: 0.0088  enc_loss_iou: 0.0494  dn_loss_cls: 0.0002  dn_loss_bbox: 0.0061  dn_loss_iou: 0.0494  d0.dn_loss_cls: 0.0023  d0.dn_loss_bbox: 0.0130  d0.dn_loss_iou: 0.0820  d1.dn_loss_cls: 0.0006  d1.dn_loss_bbox: 0.0066  d1.dn_loss_iou: 0.0513  d2.dn_loss_cls: 0.0004  d2.dn_loss_bbox: 0.0062  d2.dn_loss_iou: 0.0498  d3.dn_loss_cls: 0.0003  d3.dn_loss_bbox: 0.0061  d3.dn_loss_iou: 0.0493  d4.dn_loss_cls: 0.0003  d4.dn_loss_bbox: 0.0061  d4.dn_loss_iou: 0.0494
2026/03/26 11:25:32 - mmengine - INFO - Epoch(train) [77][200/238]  base_lr: 4.9079e-06 lr: 4.9079e-06  eta: 0:28:44  time: 2.5461  data_time: 0.0071  memory: 42375  grad_norm: 40.9933  loss: 0.7379  loss_cls: 0.0000  loss_bbox: 0.0057  loss_iou: 0.0466  d0.loss_cls: 0.0006  d0.loss_bbox: 0.0063  d0.loss_iou: 0.0489  d1.loss_cls: 0.0001  d1.loss_bbox: 0.0057  d1.loss_iou: 0.0468  d2.loss_cls: 0.0000  d2.loss_bbox: 0.0057  d2.loss_iou: 0.0467  d3.loss_cls: 0.0000  d3.loss_bbox: 0.0057  d3.loss_iou: 0.0466  d4.loss_cls: 0.0000  d4.loss_bbox: 0.0057  d4.loss_iou: 0.0466  enc_loss_cls: 0.0030  enc_loss_bbox: 0.0076  enc_loss_iou: 0.0464  dn_loss_cls: 0.0002  dn_loss_bbox: 0.0056  dn_loss_iou: 0.0473  d0.dn_loss_cls: 0.0022  d0.dn_loss_bbox: 0.0125  d0.dn_loss_iou: 0.0798  d1.dn_loss_cls: 0.0005  d1.dn_loss_bbox: 0.0060  d1.dn_loss_iou: 0.0492  d2.dn_loss_cls: 0.0003  d2.dn_loss_bbox: 0.0057  d2.dn_loss_iou: 0.0476  d3.dn_loss_cls: 0.0002  d3.dn_loss_bbox: 0.0056  d3.dn_loss_iou: 0.0473  d4.dn_loss_cls: 0.0002  d4.dn_loss_bbox: 0.0056  d4.dn_loss_iou: 0.0473
2026/03/26 11:27:07 - mmengine - INFO - Exp name: dino_4scale_r50_uatd_80e_pretrained_20260325_231646
2026/03/26 11:29:12 - mmengine - INFO - Epoch(train) [78][ 50/238]  base_lr: 3.6053e-06 lr: 3.6053e-06  eta: 0:25:23  time: 2.5078  data_time: 0.0438  memory: 42426  grad_norm: 39.3852  loss: 0.7487  loss_cls: 0.0001  loss_bbox: 0.0057  loss_iou: 0.0466  d0.loss_cls: 0.0013  d0.loss_bbox: 0.0063  d0.loss_iou: 0.0489  d1.loss_cls: 0.0003  d1.loss_bbox: 0.0058  d1.loss_iou: 0.0467  d2.loss_cls: 0.0001  d2.loss_bbox: 0.0058  d2.loss_iou: 0.0466  d3.loss_cls: 0.0001  d3.loss_bbox: 0.0057  d3.loss_iou: 0.0466  d4.loss_cls: 0.0001  d4.loss_bbox: 0.0057  d4.loss_iou: 0.0466  enc_loss_cls: 0.0031  enc_loss_bbox: 0.0081  enc_loss_iou: 0.0486  dn_loss_cls: 0.0001  dn_loss_bbox: 0.0057  dn_loss_iou: 0.0485  d0.dn_loss_cls: 0.0022  d0.dn_loss_bbox: 0.0124  d0.dn_loss_iou: 0.0810  d1.dn_loss_cls: 0.0005  d1.dn_loss_bbox: 0.0061  d1.dn_loss_iou: 0.0501  d2.dn_loss_cls: 0.0002  d2.dn_loss_bbox: 0.0057  d2.dn_loss_iou: 0.0487  d3.dn_loss_cls: 0.0002  d3.dn_loss_bbox: 0.0057  d3.dn_loss_iou: 0.0485  d4.dn_loss_cls: 0.0001  d4.dn_loss_bbox: 0.0057  d4.dn_loss_iou: 0.0485
2026/03/26 11:31:18 - mmengine - INFO - Epoch(train) [78][100/238]  base_lr: 3.6053e-06 lr: 3.6053e-06  eta: 0:23:29  time: 2.5228  data_time: 0.0075  memory: 42375  grad_norm: 38.5193  loss: 0.7887  loss_cls: 0.0002  loss_bbox: 0.0072  loss_iou: 0.0502  d0.loss_cls: 0.0020  d0.loss_bbox: 0.0077  d0.loss_iou: 0.0525  d1.loss_cls: 0.0007  d1.loss_bbox: 0.0072  d1.loss_iou: 0.0504  d2.loss_cls: 0.0003  d2.loss_bbox: 0.0072  d2.loss_iou: 0.0501  d3.loss_cls: 0.0003  d3.loss_bbox: 0.0072  d3.loss_iou: 0.0501  d4.loss_cls: 0.0002  d4.loss_bbox: 0.0072  d4.loss_iou: 0.0503  enc_loss_cls: 0.0034  enc_loss_bbox: 0.0102  enc_loss_iou: 0.0514  dn_loss_cls: 0.0002  dn_loss_bbox: 0.0057  dn_loss_iou: 0.0480  d0.dn_loss_cls: 0.0029  d0.dn_loss_bbox: 0.0131  d0.dn_loss_iou: 0.0826  d1.dn_loss_cls: 0.0008  d1.dn_loss_bbox: 0.0062  d1.dn_loss_iou: 0.0505  d2.dn_loss_cls: 0.0005  d2.dn_loss_bbox: 0.0058  d2.dn_loss_iou: 0.0484  d3.dn_loss_cls: 0.0003  d3.dn_loss_bbox: 0.0057  d3.dn_loss_iou: 0.0481  d4.dn_loss_cls: 0.0002  d4.dn_loss_bbox: 0.0057  d4.dn_loss_iou: 0.0481
2026/03/26 11:33:23 - mmengine - INFO - Epoch(train) [78][150/238]  base_lr: 3.6053e-06 lr: 3.6053e-06  eta: 0:21:34  time: 2.5038  data_time: 0.0072  memory: 42375  grad_norm: 39.0691  loss: 0.6998  loss_cls: 0.0001  loss_bbox: 0.0051  loss_iou: 0.0434  d0.loss_cls: 0.0006  d0.loss_bbox: 0.0056  d0.loss_iou: 0.0450  d1.loss_cls: 0.0001  d1.loss_bbox: 0.0051  d1.loss_iou: 0.0434  d2.loss_cls: 0.0001  d2.loss_bbox: 0.0051  d2.loss_iou: 0.0434  d3.loss_cls: 0.0001  d3.loss_bbox: 0.0050  d3.loss_iou: 0.0433  d4.loss_cls: 0.0001  d4.loss_bbox: 0.0050  d4.loss_iou: 0.0434  enc_loss_cls: 0.0026  enc_loss_bbox: 0.0073  enc_loss_iou: 0.0443  dn_loss_cls: 0.0001  dn_loss_bbox: 0.0055  dn_loss_iou: 0.0454  d0.dn_loss_cls: 0.0024  d0.dn_loss_bbox: 0.0125  d0.dn_loss_iou: 0.0788  d1.dn_loss_cls: 0.0004  d1.dn_loss_bbox: 0.0059  d1.dn_loss_iou: 0.0472  d2.dn_loss_cls: 0.0002  d2.dn_loss_bbox: 0.0055  d2.dn_loss_iou: 0.0458  d3.dn_loss_cls: 0.0002  d3.dn_loss_bbox: 0.0055  d3.dn_loss_iou: 0.0454  d4.dn_loss_cls: 0.0001  d4.dn_loss_bbox: 0.0055  d4.dn_loss_iou: 0.0454
2026/03/26 11:35:22 - mmengine - INFO - Epoch(train) [78][200/238]  base_lr: 3.6053e-06 lr: 3.6053e-06  eta: 0:19:40  time: 2.3724  data_time: 0.0068  memory: 42375  grad_norm: 40.4420  loss: 0.7078  loss_cls: 0.0000  loss_bbox: 0.0051  loss_iou: 0.0446  d0.loss_cls: 0.0006  d0.loss_bbox: 0.0057  d0.loss_iou: 0.0472  d1.loss_cls: 0.0002  d1.loss_bbox: 0.0052  d1.loss_iou: 0.0447  d2.loss_cls: 0.0001  d2.loss_bbox: 0.0051  d2.loss_iou: 0.0445  d3.loss_cls: 0.0000  d3.loss_bbox: 0.0051  d3.loss_iou: 0.0444  d4.loss_cls: 0.0000  d4.loss_bbox: 0.0051  d4.loss_iou: 0.0445  enc_loss_cls: 0.0029  enc_loss_bbox: 0.0074  enc_loss_iou: 0.0458  dn_loss_cls: 0.0002  dn_loss_bbox: 0.0053  dn_loss_iou: 0.0453  d0.dn_loss_cls: 0.0021  d0.dn_loss_bbox: 0.0123  d0.dn_loss_iou: 0.0786  d1.dn_loss_cls: 0.0005  d1.dn_loss_bbox: 0.0057  d1.dn_loss_iou: 0.0472  d2.dn_loss_cls: 0.0003  d2.dn_loss_bbox: 0.0054  d2.dn_loss_iou: 0.0457  d3.dn_loss_cls: 0.0002  d3.dn_loss_bbox: 0.0053  d3.dn_loss_iou: 0.0453  d4.dn_loss_cls: 0.0002  d4.dn_loss_bbox: 0.0053  d4.dn_loss_iou: 0.0453
2026/03/26 11:36:40 - mmengine - INFO - Exp name: dino_4scale_r50_uatd_80e_pretrained_20260325_231646
2026/03/26 11:36:55 - mmengine - INFO - Epoch(val) [78][ 50/100]    eta: 0:00:14  time: 0.2977  data_time: 0.0227  memory: 42375  
2026/03/26 11:37:07 - mmengine - INFO - Epoch(val) [78][100/100]    eta: 0:00:00  time: 0.2436  data_time: 0.0144  memory: 1533  
2026/03/26 11:37:11 - mmengine - INFO - Evaluating bbox...
2026/03/26 11:37:23 - mmengine - INFO - bbox_mAP_copypaste: 0.338 0.797 0.231 0.476 0.337 0.320
2026/03/26 11:37:23 - mmengine - INFO - Epoch(val) [78][100/100]    coco/bbox_mAP: 0.3380  coco/bbox_mAP_50: 0.7970  coco/bbox_mAP_75: 0.2310  coco/bbox_mAP_s: 0.4760  coco/bbox_mAP_m: 0.3370  coco/bbox_mAP_l: 0.3200  data_time: 0.0185  time: 0.2707
2026/03/26 11:39:31 - mmengine - INFO - Epoch(train) [79][ 50/238]  base_lr: 2.3026e-06 lr: 2.3026e-06  eta: 0:16:18  time: 2.5426  data_time: 0.0672  memory: 42375  grad_norm: 34.3668  loss: 0.7475  loss_cls: 0.0002  loss_bbox: 0.0062  loss_iou: 0.0467  d0.loss_cls: 0.0017  d0.loss_bbox: 0.0069  d0.loss_iou: 0.0499  d1.loss_cls: 0.0005  d1.loss_bbox: 0.0063  d1.loss_iou: 0.0468  d2.loss_cls: 0.0003  d2.loss_bbox: 0.0063  d2.loss_iou: 0.0467  d3.loss_cls: 0.0002  d3.loss_bbox: 0.0062  d3.loss_iou: 0.0467  d4.loss_cls: 0.0002  d4.loss_bbox: 0.0062  d4.loss_iou: 0.0467  enc_loss_cls: 0.0033  enc_loss_bbox: 0.0087  enc_loss_iou: 0.0491  dn_loss_cls: 0.0003  dn_loss_bbox: 0.0054  dn_loss_iou: 0.0466  d0.dn_loss_cls: 0.0026  d0.dn_loss_bbox: 0.0126  d0.dn_loss_iou: 0.0805  d1.dn_loss_cls: 0.0008  d1.dn_loss_bbox: 0.0059  d1.dn_loss_iou: 0.0489  d2.dn_loss_cls: 0.0005  d2.dn_loss_bbox: 0.0055  d2.dn_loss_iou: 0.0471  d3.dn_loss_cls: 0.0004  d3.dn_loss_bbox: 0.0055  d3.dn_loss_iou: 0.0467  d4.dn_loss_cls: 0.0003  d4.dn_loss_bbox: 0.0054  d4.dn_loss_iou: 0.0466
2026/03/26 11:41:32 - mmengine - INFO - Epoch(train) [79][100/238]  base_lr: 2.3026e-06 lr: 2.3026e-06  eta: 0:14:23  time: 2.4226  data_time: 0.0066  memory: 42375  grad_norm: 35.0780  loss: 0.7080  loss_cls: 0.0000  loss_bbox: 0.0050  loss_iou: 0.0443  d0.loss_cls: 0.0011  d0.loss_bbox: 0.0055  d0.loss_iou: 0.0463  d1.loss_cls: 0.0001  d1.loss_bbox: 0.0050  d1.loss_iou: 0.0444  d2.loss_cls: 0.0000  d2.loss_bbox: 0.0050  d2.loss_iou: 0.0442  d3.loss_cls: 0.0000  d3.loss_bbox: 0.0050  d3.loss_iou: 0.0443  d4.loss_cls: 0.0000  d4.loss_bbox: 0.0050  d4.loss_iou: 0.0443  enc_loss_cls: 0.0026  enc_loss_bbox: 0.0075  enc_loss_iou: 0.0446  dn_loss_cls: 0.0001  dn_loss_bbox: 0.0053  dn_loss_iou: 0.0460  d0.dn_loss_cls: 0.0020  d0.dn_loss_bbox: 0.0125  d0.dn_loss_iou: 0.0792  d1.dn_loss_cls: 0.0004  d1.dn_loss_bbox: 0.0057  d1.dn_loss_iou: 0.0477  d2.dn_loss_cls: 0.0002  d2.dn_loss_bbox: 0.0054  d2.dn_loss_iou: 0.0463  d3.dn_loss_cls: 0.0001  d3.dn_loss_bbox: 0.0053  d3.dn_loss_iou: 0.0460  d4.dn_loss_cls: 0.0001  d4.dn_loss_bbox: 0.0053  d4.dn_loss_iou: 0.0460
