2026/03/26 19:29:36 - mmengine - INFO - 
------------------------------------------------------------
System environment:
    sys.platform: linux
    Python: 3.11.10 (main, Sep  7 2024, 18:35:41) [GCC 11.4.0]
    CUDA available: True
    MUSA available: False
    numpy_random_seed: 0
    GPU 0: NVIDIA A100-SXM4-80GB
    CUDA_HOME: /usr/local/cuda
    NVCC: Cuda compilation tools, release 12.4, V12.4.131
    GCC: x86_64-linux-gnu-gcc (Ubuntu 11.4.0-1ubuntu1~22.04) 11.4.0
    PyTorch: 2.1.0+cu121
    PyTorch compiling details: PyTorch built with:
  - GCC 9.3
  - C++ Version: 201703
  - Intel(R) oneAPI Math Kernel Library Version 2022.2-Product Build 20220804 for Intel(R) 64 architecture applications
  - Intel(R) MKL-DNN v3.1.1 (Git Hash 64f6bcbcbab628e96f33a62c3e975f8535a7bde4)
  - OpenMP 201511 (a.k.a. OpenMP 4.5)
  - LAPACK is enabled (usually provided by MKL)
  - NNPACK is enabled
  - CPU capability usage: AVX2
  - CUDA Runtime 12.1
  - NVCC architecture flags: -gencode;arch=compute_50,code=sm_50;-gencode;arch=compute_60,code=sm_60;-gencode;arch=compute_70,code=sm_70;-gencode;arch=compute_75,code=sm_75;-gencode;arch=compute_80,code=sm_80;-gencode;arch=compute_86,code=sm_86;-gencode;arch=compute_90,code=sm_90
  - CuDNN 8.9.2
  - Magma 2.6.1
  - Build settings: BLAS_INFO=mkl, BUILD_TYPE=Release, CUDA_VERSION=12.1, CUDNN_VERSION=8.9.2, CXX_COMPILER=/opt/rh/devtoolset-9/root/usr/bin/c++, CXX_FLAGS= -D_GLIBCXX_USE_CXX11_ABI=0 -fabi-version=11 -fvisibility-inlines-hidden -DUSE_PTHREADPOOL -DNDEBUG -DUSE_KINETO -DLIBKINETO_NOROCTRACER -DUSE_FBGEMM -DUSE_QNNPACK -DUSE_PYTORCH_QNNPACK -DUSE_XNNPACK -DSYMBOLICATE_MOBILE_DEBUG_HANDLE -O2 -fPIC -Wall -Wextra -Werror=return-type -Werror=non-virtual-dtor -Werror=bool-operation -Wnarrowing -Wno-missing-field-initializers -Wno-type-limits -Wno-array-bounds -Wno-unknown-pragmas -Wno-unused-parameter -Wno-unused-function -Wno-unused-result -Wno-strict-overflow -Wno-strict-aliasing -Wno-stringop-overflow -Wno-psabi -Wno-error=pedantic -Wno-error=old-style-cast -Wno-invalid-partial-specialization -Wno-unused-private-field -Wno-aligned-allocation-unavailable -Wno-missing-braces -fdiagnostics-color=always -faligned-new -Wno-unused-but-set-variable -Wno-maybe-uninitialized -fno-math-errno -fno-trapping-math -Werror=format -Werror=cast-function-type -Wno-stringop-overflow, LAPACK_INFO=mkl, PERF_WITH_AVX=1, PERF_WITH_AVX2=1, PERF_WITH_AVX512=1, TORCH_DISABLE_GPU_ASSERTS=ON, TORCH_VERSION=2.1.0, USE_CUDA=ON, USE_CUDNN=ON, USE_EXCEPTION_PTR=1, USE_GFLAGS=OFF, USE_GLOG=OFF, USE_MKL=ON, USE_MKLDNN=ON, USE_MPI=OFF, USE_NCCL=1, USE_NNPACK=ON, USE_OPENMP=ON, USE_ROCM=OFF, 

    TorchVision: 0.16.0+cu121
    OpenCV: 4.11.0
    MMEngine: 0.10.7

Runtime environment:
    cudnn_benchmark: False
    mp_cfg: {'mp_start_method': 'fork', 'opencv_num_threads': 0}
    dist_cfg: {'backend': 'nccl'}
    seed: 0
    deterministic: False
    Distributed launcher: none
    Distributed training: False
    GPU number: 1
------------------------------------------------------------

2026/03/26 19:29:36 - mmengine - INFO - Config:
auto_scale_lr = dict(base_batch_size=16, enable=False)
backend_args = None
classes = (
    'human-body',
    'ball',
    'circle-cage',
    'square-cage',
    'tyre',
    'metal-bucket',
    'cube',
    'cylinder',
    'plane',
    'rov',
)
data_root = '../data-processing/sonar/UATD/processed/'
dataset_type = 'CocoDataset'
default_hooks = dict(
    checkpoint=dict(
        interval=-1,
        max_keep_ckpts=1,
        rule='greater',
        save_best='coco/bbox_mAP',
        save_last=True,
        type='CheckpointHook'),
    logger=dict(interval=50, type='LoggerHook'),
    param_scheduler=dict(type='ParamSchedulerHook'),
    sampler_seed=dict(type='DistSamplerSeedHook'),
    timer=dict(type='IterTimerHook'),
    visualization=dict(type='DetVisualizationHook'))
default_scope = 'mmdet'
env_cfg = dict(
    cudnn_benchmark=False,
    dist_cfg=dict(backend='nccl'),
    mp_cfg=dict(mp_start_method='fork', opencv_num_threads=0))
launcher = 'none'
load_from = 'https://download.openmmlab.com/mmdetection/v2.0/dynamic_rcnn/dynamic_rcnn_r50_fpn_1x/dynamic_rcnn_r50_fpn_1x-62a3f276.pth'
log_level = 'INFO'
log_processor = dict(by_epoch=True, type='LogProcessor', window_size=50)
metainfo = dict(
    classes=(
        'human-body',
        'ball',
        'circle-cage',
        'square-cage',
        'tyre',
        'metal-bucket',
        'cube',
        'cylinder',
        'plane',
        'rov',
    ))
model = dict(
    backbone=dict(
        depth=50,
        frozen_stages=1,
        init_cfg=dict(checkpoint='torchvision://resnet50', type='Pretrained'),
        norm_cfg=dict(requires_grad=True, type='BN'),
        norm_eval=True,
        num_stages=4,
        out_indices=(
            0,
            1,
            2,
            3,
        ),
        style='pytorch',
        type='ResNet'),
    data_preprocessor=dict(
        bgr_to_rgb=True,
        mean=[
            123.675,
            116.28,
            103.53,
        ],
        pad_size_divisor=32,
        std=[
            58.395,
            57.12,
            57.375,
        ],
        type='DetDataPreprocessor'),
    neck=dict(
        in_channels=[
            256,
            512,
            1024,
            2048,
        ],
        num_outs=5,
        out_channels=256,
        type='FPN'),
    roi_head=dict(
        bbox_head=dict(
            bbox_coder=dict(
                target_means=[
                    0.0,
                    0.0,
                    0.0,
                    0.0,
                ],
                target_stds=[
                    0.1,
                    0.1,
                    0.2,
                    0.2,
                ],
                type='DeltaXYWHBBoxCoder'),
            fc_out_channels=1024,
            in_channels=256,
            loss_bbox=dict(beta=1.0, loss_weight=1.0, type='SmoothL1Loss'),
            loss_cls=dict(
                loss_weight=1.0, type='CrossEntropyLoss', use_sigmoid=False),
            num_classes=10,
            reg_class_agnostic=False,
            roi_feat_size=7,
            type='Shared2FCBBoxHead'),
        bbox_roi_extractor=dict(
            featmap_strides=[
                4,
                8,
                16,
                32,
            ],
            out_channels=256,
            roi_layer=dict(output_size=7, sampling_ratio=0, type='RoIAlign'),
            type='SingleRoIExtractor'),
        type='DynamicRoIHead'),
    rpn_head=dict(
        anchor_generator=dict(
            ratios=[
                0.5,
                1.0,
                2.0,
            ],
            scales=[
                8,
            ],
            strides=[
                4,
                8,
                16,
                32,
                64,
            ],
            type='AnchorGenerator'),
        bbox_coder=dict(
            target_means=[
                0.0,
                0.0,
                0.0,
                0.0,
            ],
            target_stds=[
                1.0,
                1.0,
                1.0,
                1.0,
            ],
            type='DeltaXYWHBBoxCoder'),
        feat_channels=256,
        in_channels=256,
        loss_bbox=dict(loss_weight=1.0, type='L1Loss'),
        loss_cls=dict(
            loss_weight=1.0, type='CrossEntropyLoss', use_sigmoid=True),
        type='RPNHead'),
    test_cfg=dict(
        rcnn=dict(
            max_per_img=100,
            nms=dict(iou_threshold=0.5, type='nms'),
            score_thr=0.05),
        rpn=dict(
            max_per_img=1000,
            min_bbox_size=0,
            nms=dict(iou_threshold=0.85, type='nms'),
            nms_pre=1000)),
    train_cfg=dict(
        rcnn=dict(
            assigner=dict(
                ignore_iof_thr=-1,
                match_low_quality=False,
                min_pos_iou=0.5,
                neg_iou_thr=0.5,
                pos_iou_thr=0.5,
                type='MaxIoUAssigner'),
            debug=False,
            dynamic_rcnn=dict(
                beta_topk=10,
                initial_beta=1.0,
                initial_iou=0.4,
                iou_topk=75,
                update_iter_interval=100),
            pos_weight=-1,
            sampler=dict(
                add_gt_as_proposals=True,
                neg_pos_ub=-1,
                num=512,
                pos_fraction=0.25,
                type='RandomSampler')),
        rpn=dict(
            allowed_border=-1,
            assigner=dict(
                ignore_iof_thr=-1,
                match_low_quality=True,
                min_pos_iou=0.3,
                neg_iou_thr=0.3,
                pos_iou_thr=0.7,
                type='MaxIoUAssigner'),
            debug=False,
            pos_weight=-1,
            sampler=dict(
                add_gt_as_proposals=False,
                neg_pos_ub=-1,
                num=256,
                pos_fraction=0.5,
                type='RandomSampler')),
        rpn_proposal=dict(
            max_per_img=1000,
            min_bbox_size=0,
            nms=dict(iou_threshold=0.85, type='nms'),
            nms_pre=2000)),
    type='FasterRCNN')
num_classes = 10
optim_wrapper = dict(
    optimizer=dict(lr=0.02, momentum=0.9, type='SGD', weight_decay=0.0001),
    type='OptimWrapper')
param_scheduler = [
    dict(
        begin=0, by_epoch=False, end=500, start_factor=0.001, type='LinearLR'),
    dict(
        begin=0,
        by_epoch=True,
        end=80,
        gamma=0.1,
        milestones=[
            53,
            73,
        ],
        type='MultiStepLR'),
]
randomness = dict(deterministic=False, seed=0)
resume = False
test_cfg = dict(type='TestLoop')
test_dataloader = dict(
    batch_size=1,
    dataset=dict(
        ann_file='annotations/test.json',
        backend_args=None,
        data_prefix=dict(img='images/test/'),
        data_root='../data-processing/sonar/UATD/processed/',
        metainfo=dict(
            classes=(
                'human-body',
                'ball',
                'circle-cage',
                'square-cage',
                'tyre',
                'metal-bucket',
                'cube',
                'cylinder',
                'plane',
                'rov',
            )),
        pipeline=[
            dict(backend_args=None, type='LoadImageFromFile'),
            dict(keep_ratio=True, scale=(
                640,
                640,
            ), type='Resize'),
            dict(type='LoadAnnotations', with_bbox=True),
            dict(
                meta_keys=(
                    'img_id',
                    'img_path',
                    'ori_shape',
                    'img_shape',
                    'scale_factor',
                ),
                type='PackDetInputs'),
        ],
        test_mode=True,
        type='CocoDataset'),
    drop_last=False,
    num_workers=2,
    persistent_workers=True,
    sampler=dict(shuffle=False, type='DefaultSampler'))
test_evaluator = dict(
    ann_file='../data-processing/sonar/UATD/processed/annotations/test.json',
    backend_args=None,
    format_only=False,
    metric='bbox',
    type='CocoMetric')
test_pipeline = [
    dict(backend_args=None, type='LoadImageFromFile'),
    dict(keep_ratio=True, scale=(
        640,
        640,
    ), type='Resize'),
    dict(type='LoadAnnotations', with_bbox=True),
    dict(
        meta_keys=(
            'img_id',
            'img_path',
            'ori_shape',
            'img_shape',
            'scale_factor',
        ),
        type='PackDetInputs'),
]
train_cfg = dict(max_epochs=80, type='EpochBasedTrainLoop', val_interval=2)
train_dataloader = dict(
    batch_sampler=dict(type='AspectRatioBatchSampler'),
    batch_size=32,
    dataset=dict(
        ann_file='annotations/train.json',
        backend_args=None,
        data_prefix=dict(img='images/train/'),
        data_root='../data-processing/sonar/UATD/processed/',
        filter_cfg=dict(filter_empty_gt=False),
        metainfo=dict(
            classes=(
                'human-body',
                'ball',
                'circle-cage',
                'square-cage',
                'tyre',
                'metal-bucket',
                'cube',
                'cylinder',
                'plane',
                'rov',
            )),
        pipeline=[
            dict(backend_args=None, type='LoadImageFromFile'),
            dict(type='LoadAnnotations', with_bbox=True),
            dict(keep_ratio=True, scale=(
                640,
                640,
            ), type='Resize'),
            dict(prob=0.5, type='RandomFlip'),
            dict(type='PackDetInputs'),
        ],
        type='CocoDataset'),
    num_workers=8,
    persistent_workers=True,
    pin_memory=True,
    prefetch_factor=4,
    sampler=dict(shuffle=True, type='DefaultSampler'))
train_pipeline = [
    dict(backend_args=None, type='LoadImageFromFile'),
    dict(type='LoadAnnotations', with_bbox=True),
    dict(keep_ratio=True, scale=(
        640,
        640,
    ), type='Resize'),
    dict(prob=0.5, type='RandomFlip'),
    dict(type='PackDetInputs'),
]
val_cfg = dict(type='ValLoop')
val_dataloader = dict(
    batch_size=4,
    dataset=dict(
        ann_file='annotations/val.json',
        backend_args=None,
        data_prefix=dict(img='images/val/'),
        data_root='../data-processing/sonar/UATD/processed/',
        metainfo=dict(
            classes=(
                'human-body',
                'ball',
                'circle-cage',
                'square-cage',
                'tyre',
                'metal-bucket',
                'cube',
                'cylinder',
                'plane',
                'rov',
            )),
        pipeline=[
            dict(backend_args=None, type='LoadImageFromFile'),
            dict(keep_ratio=True, scale=(
                640,
                640,
            ), type='Resize'),
            dict(type='LoadAnnotations', with_bbox=True),
            dict(
                meta_keys=(
                    'img_id',
                    'img_path',
                    'ori_shape',
                    'img_shape',
                    'scale_factor',
                ),
                type='PackDetInputs'),
        ],
        test_mode=True,
        type='CocoDataset'),
    drop_last=False,
    num_workers=4,
    persistent_workers=True,
    sampler=dict(shuffle=False, type='DefaultSampler'))
val_evaluator = dict(
    ann_file='../data-processing/sonar/UATD/processed/annotations/val.json',
    backend_args=None,
    format_only=False,
    metric='bbox',
    type='CocoMetric')
vis_backends = [
    dict(type='LocalVisBackend'),
]
visualizer = dict(
    name='visualizer',
    type='DetLocalVisualizer',
    vis_backends=[
        dict(type='LocalVisBackend'),
    ])
work_dir = '../runs/mmdet/uatd/dynamic_rcnn_r50_fpn_uatd_80e_pretrained'

2026/03/26 19:29:40 - mmengine - INFO - Distributed training is not used, all SyncBatchNorm (SyncBN) layers in the model will be automatically reverted to BatchNormXd layers if they are used.
2026/03/26 19:29:40 - mmengine - INFO - Hooks will be executed in the following order:
before_run:
(VERY_HIGH   ) RuntimeInfoHook                    
(BELOW_NORMAL) LoggerHook                         
 -------------------- 
before_train:
(VERY_HIGH   ) RuntimeInfoHook                    
(NORMAL      ) IterTimerHook                      
(VERY_LOW    ) CheckpointHook                     
 -------------------- 
before_train_epoch:
(VERY_HIGH   ) RuntimeInfoHook                    
(NORMAL      ) IterTimerHook                      
(NORMAL      ) DistSamplerSeedHook                
 -------------------- 
before_train_iter:
(VERY_HIGH   ) RuntimeInfoHook                    
(NORMAL      ) IterTimerHook                      
 -------------------- 
after_train_iter:
(VERY_HIGH   ) RuntimeInfoHook                    
(NORMAL      ) IterTimerHook                      
(BELOW_NORMAL) LoggerHook                         
(LOW         ) ParamSchedulerHook                 
(VERY_LOW    ) CheckpointHook                     
 -------------------- 
after_train_epoch:
(NORMAL      ) IterTimerHook                      
(LOW         ) ParamSchedulerHook                 
(VERY_LOW    ) CheckpointHook                     
 -------------------- 
before_val:
(VERY_HIGH   ) RuntimeInfoHook                    
 -------------------- 
before_val_epoch:
(NORMAL      ) IterTimerHook                      
 -------------------- 
before_val_iter:
(NORMAL      ) IterTimerHook                      
 -------------------- 
after_val_iter:
(NORMAL      ) IterTimerHook                      
(NORMAL      ) DetVisualizationHook               
(BELOW_NORMAL) LoggerHook                         
 -------------------- 
after_val_epoch:
(VERY_HIGH   ) RuntimeInfoHook                    
(NORMAL      ) IterTimerHook                      
(BELOW_NORMAL) LoggerHook                         
(LOW         ) ParamSchedulerHook                 
(VERY_LOW    ) CheckpointHook                     
 -------------------- 
after_val:
(VERY_HIGH   ) RuntimeInfoHook                    
 -------------------- 
after_train:
(VERY_HIGH   ) RuntimeInfoHook                    
(VERY_LOW    ) CheckpointHook                     
 -------------------- 
before_test:
(VERY_HIGH   ) RuntimeInfoHook                    
 -------------------- 
before_test_epoch:
(NORMAL      ) IterTimerHook                      
 -------------------- 
before_test_iter:
(NORMAL      ) IterTimerHook                      
 -------------------- 
after_test_iter:
(NORMAL      ) IterTimerHook                      
(NORMAL      ) DetVisualizationHook               
(BELOW_NORMAL) LoggerHook                         
 -------------------- 
after_test_epoch:
(VERY_HIGH   ) RuntimeInfoHook                    
(NORMAL      ) IterTimerHook                      
(BELOW_NORMAL) LoggerHook                         
 -------------------- 
after_test:
(VERY_HIGH   ) RuntimeInfoHook                    
 -------------------- 
after_run:
(BELOW_NORMAL) LoggerHook                         
 -------------------- 
2026/03/26 19:29:41 - mmengine - INFO - load model from: torchvision://resnet50
2026/03/26 19:29:41 - mmengine - INFO - Loads checkpoint by torchvision backend from path: torchvision://resnet50
2026/03/26 19:29:41 - mmengine - WARNING - The model and loaded state dict do not match exactly

unexpected key in source state_dict: fc.weight, fc.bias

Name of parameter - Initialization information

backbone.conv1.weight - torch.Size([64, 3, 7, 7]): 
PretrainedInit: load from torchvision://resnet50 

backbone.bn1.weight - torch.Size([64]): 
PretrainedInit: load from torchvision://resnet50 

backbone.bn1.bias - torch.Size([64]): 
PretrainedInit: load from torchvision://resnet50 

backbone.layer1.0.conv1.weight - torch.Size([64, 64, 1, 1]): 
PretrainedInit: load from torchvision://resnet50 

backbone.layer1.0.bn1.weight - torch.Size([64]): 
PretrainedInit: load from torchvision://resnet50 

backbone.layer1.0.bn1.bias - torch.Size([64]): 
PretrainedInit: load from torchvision://resnet50 

backbone.layer1.0.conv2.weight - torch.Size([64, 64, 3, 3]): 
PretrainedInit: load from torchvision://resnet50 

backbone.layer1.0.bn2.weight - torch.Size([64]): 
PretrainedInit: load from torchvision://resnet50 

backbone.layer1.0.bn2.bias - torch.Size([64]): 
PretrainedInit: load from torchvision://resnet50 

backbone.layer1.0.conv3.weight - torch.Size([256, 64, 1, 1]): 
PretrainedInit: load from torchvision://resnet50 

backbone.layer1.0.bn3.weight - torch.Size([256]): 
PretrainedInit: load from torchvision://resnet50 

backbone.layer1.0.bn3.bias - torch.Size([256]): 
PretrainedInit: load from torchvision://resnet50 

backbone.layer1.0.downsample.0.weight - torch.Size([256, 64, 1, 1]): 
PretrainedInit: load from torchvision://resnet50 

backbone.layer1.0.downsample.1.weight - torch.Size([256]): 
PretrainedInit: load from torchvision://resnet50 

backbone.layer1.0.downsample.1.bias - torch.Size([256]): 
PretrainedInit: load from torchvision://resnet50 

backbone.layer1.1.conv1.weight - torch.Size([64, 256, 1, 1]): 
PretrainedInit: load from torchvision://resnet50 

backbone.layer1.1.bn1.weight - torch.Size([64]): 
PretrainedInit: load from torchvision://resnet50 

backbone.layer1.1.bn1.bias - torch.Size([64]): 
PretrainedInit: load from torchvision://resnet50 

backbone.layer1.1.conv2.weight - torch.Size([64, 64, 3, 3]): 
PretrainedInit: load from torchvision://resnet50 

backbone.layer1.1.bn2.weight - torch.Size([64]): 
PretrainedInit: load from torchvision://resnet50 

backbone.layer1.1.bn2.bias - torch.Size([64]): 
PretrainedInit: load from torchvision://resnet50 

backbone.layer1.1.conv3.weight - torch.Size([256, 64, 1, 1]): 
PretrainedInit: load from torchvision://resnet50 

backbone.layer1.1.bn3.weight - torch.Size([256]): 
PretrainedInit: load from torchvision://resnet50 

backbone.layer1.1.bn3.bias - torch.Size([256]): 
PretrainedInit: load from torchvision://resnet50 

backbone.layer1.2.conv1.weight - torch.Size([64, 256, 1, 1]): 
PretrainedInit: load from torchvision://resnet50 

backbone.layer1.2.bn1.weight - torch.Size([64]): 
PretrainedInit: load from torchvision://resnet50 

backbone.layer1.2.bn1.bias - torch.Size([64]): 
PretrainedInit: load from torchvision://resnet50 

backbone.layer1.2.conv2.weight - torch.Size([64, 64, 3, 3]): 
PretrainedInit: load from torchvision://resnet50 

backbone.layer1.2.bn2.weight - torch.Size([64]): 
PretrainedInit: load from torchvision://resnet50 

backbone.layer1.2.bn2.bias - torch.Size([64]): 
PretrainedInit: load from torchvision://resnet50 

backbone.layer1.2.conv3.weight - torch.Size([256, 64, 1, 1]): 
PretrainedInit: load from torchvision://resnet50 

backbone.layer1.2.bn3.weight - torch.Size([256]): 
PretrainedInit: load from torchvision://resnet50 

backbone.layer1.2.bn3.bias - torch.Size([256]): 
PretrainedInit: load from torchvision://resnet50 

backbone.layer2.0.conv1.weight - torch.Size([128, 256, 1, 1]): 
PretrainedInit: load from torchvision://resnet50 

backbone.layer2.0.bn1.weight - torch.Size([128]): 
PretrainedInit: load from torchvision://resnet50 

backbone.layer2.0.bn1.bias - torch.Size([128]): 
PretrainedInit: load from torchvision://resnet50 

backbone.layer2.0.conv2.weight - torch.Size([128, 128, 3, 3]): 
PretrainedInit: load from torchvision://resnet50 

backbone.layer2.0.bn2.weight - torch.Size([128]): 
PretrainedInit: load from torchvision://resnet50 

backbone.layer2.0.bn2.bias - torch.Size([128]): 
PretrainedInit: load from torchvision://resnet50 

backbone.layer2.0.conv3.weight - torch.Size([512, 128, 1, 1]): 
PretrainedInit: load from torchvision://resnet50 

backbone.layer2.0.bn3.weight - torch.Size([512]): 
PretrainedInit: load from torchvision://resnet50 

backbone.layer2.0.bn3.bias - torch.Size([512]): 
PretrainedInit: load from torchvision://resnet50 

backbone.layer2.0.downsample.0.weight - torch.Size([512, 256, 1, 1]): 
PretrainedInit: load from torchvision://resnet50 

backbone.layer2.0.downsample.1.weight - torch.Size([512]): 
PretrainedInit: load from torchvision://resnet50 

backbone.layer2.0.downsample.1.bias - torch.Size([512]): 
PretrainedInit: load from torchvision://resnet50 

backbone.layer2.1.conv1.weight - torch.Size([128, 512, 1, 1]): 
PretrainedInit: load from torchvision://resnet50 

backbone.layer2.1.bn1.weight - torch.Size([128]): 
PretrainedInit: load from torchvision://resnet50 

backbone.layer2.1.bn1.bias - torch.Size([128]): 
PretrainedInit: load from torchvision://resnet50 

backbone.layer2.1.conv2.weight - torch.Size([128, 128, 3, 3]): 
PretrainedInit: load from torchvision://resnet50 

backbone.layer2.1.bn2.weight - torch.Size([128]): 
PretrainedInit: load from torchvision://resnet50 

backbone.layer2.1.bn2.bias - torch.Size([128]): 
PretrainedInit: load from torchvision://resnet50 

backbone.layer2.1.conv3.weight - torch.Size([512, 128, 1, 1]): 
PretrainedInit: load from torchvision://resnet50 

backbone.layer2.1.bn3.weight - torch.Size([512]): 
PretrainedInit: load from torchvision://resnet50 

backbone.layer2.1.bn3.bias - torch.Size([512]): 
PretrainedInit: load from torchvision://resnet50 

backbone.layer2.2.conv1.weight - torch.Size([128, 512, 1, 1]): 
PretrainedInit: load from torchvision://resnet50 

backbone.layer2.2.bn1.weight - torch.Size([128]): 
PretrainedInit: load from torchvision://resnet50 

backbone.layer2.2.bn1.bias - torch.Size([128]): 
PretrainedInit: load from torchvision://resnet50 

backbone.layer2.2.conv2.weight - torch.Size([128, 128, 3, 3]): 
PretrainedInit: load from torchvision://resnet50 

backbone.layer2.2.bn2.weight - torch.Size([128]): 
PretrainedInit: load from torchvision://resnet50 

backbone.layer2.2.bn2.bias - torch.Size([128]): 
PretrainedInit: load from torchvision://resnet50 

backbone.layer2.2.conv3.weight - torch.Size([512, 128, 1, 1]): 
PretrainedInit: load from torchvision://resnet50 

backbone.layer2.2.bn3.weight - torch.Size([512]): 
PretrainedInit: load from torchvision://resnet50 

backbone.layer2.2.bn3.bias - torch.Size([512]): 
PretrainedInit: load from torchvision://resnet50 

backbone.layer2.3.conv1.weight - torch.Size([128, 512, 1, 1]): 
PretrainedInit: load from torchvision://resnet50 

backbone.layer2.3.bn1.weight - torch.Size([128]): 
PretrainedInit: load from torchvision://resnet50 

backbone.layer2.3.bn1.bias - torch.Size([128]): 
PretrainedInit: load from torchvision://resnet50 

backbone.layer2.3.conv2.weight - torch.Size([128, 128, 3, 3]): 
PretrainedInit: load from torchvision://resnet50 

backbone.layer2.3.bn2.weight - torch.Size([128]): 
PretrainedInit: load from torchvision://resnet50 

backbone.layer2.3.bn2.bias - torch.Size([128]): 
PretrainedInit: load from torchvision://resnet50 

backbone.layer2.3.conv3.weight - torch.Size([512, 128, 1, 1]): 
PretrainedInit: load from torchvision://resnet50 

backbone.layer2.3.bn3.weight - torch.Size([512]): 
PretrainedInit: load from torchvision://resnet50 

backbone.layer2.3.bn3.bias - torch.Size([512]): 
PretrainedInit: load from torchvision://resnet50 

backbone.layer3.0.conv1.weight - torch.Size([256, 512, 1, 1]): 
PretrainedInit: load from torchvision://resnet50 

backbone.layer3.0.bn1.weight - torch.Size([256]): 
PretrainedInit: load from torchvision://resnet50 

backbone.layer3.0.bn1.bias - torch.Size([256]): 
PretrainedInit: load from torchvision://resnet50 

backbone.layer3.0.conv2.weight - torch.Size([256, 256, 3, 3]): 
PretrainedInit: load from torchvision://resnet50 

backbone.layer3.0.bn2.weight - torch.Size([256]): 
PretrainedInit: load from torchvision://resnet50 

backbone.layer3.0.bn2.bias - torch.Size([256]): 
PretrainedInit: load from torchvision://resnet50 

backbone.layer3.0.conv3.weight - torch.Size([1024, 256, 1, 1]): 
PretrainedInit: load from torchvision://resnet50 

backbone.layer3.0.bn3.weight - torch.Size([1024]): 
PretrainedInit: load from torchvision://resnet50 

backbone.layer3.0.bn3.bias - torch.Size([1024]): 
PretrainedInit: load from torchvision://resnet50 

backbone.layer3.0.downsample.0.weight - torch.Size([1024, 512, 1, 1]): 
PretrainedInit: load from torchvision://resnet50 

backbone.layer3.0.downsample.1.weight - torch.Size([1024]): 
PretrainedInit: load from torchvision://resnet50 

backbone.layer3.0.downsample.1.bias - torch.Size([1024]): 
PretrainedInit: load from torchvision://resnet50 

backbone.layer3.1.conv1.weight - torch.Size([256, 1024, 1, 1]): 
PretrainedInit: load from torchvision://resnet50 

backbone.layer3.1.bn1.weight - torch.Size([256]): 
PretrainedInit: load from torchvision://resnet50 

backbone.layer3.1.bn1.bias - torch.Size([256]): 
PretrainedInit: load from torchvision://resnet50 

backbone.layer3.1.conv2.weight - torch.Size([256, 256, 3, 3]): 
PretrainedInit: load from torchvision://resnet50 

backbone.layer3.1.bn2.weight - torch.Size([256]): 
PretrainedInit: load from torchvision://resnet50 

backbone.layer3.1.bn2.bias - torch.Size([256]): 
PretrainedInit: load from torchvision://resnet50 

backbone.layer3.1.conv3.weight - torch.Size([1024, 256, 1, 1]): 
PretrainedInit: load from torchvision://resnet50 

backbone.layer3.1.bn3.weight - torch.Size([1024]): 
PretrainedInit: load from torchvision://resnet50 

backbone.layer3.1.bn3.bias - torch.Size([1024]): 
PretrainedInit: load from torchvision://resnet50 

backbone.layer3.2.conv1.weight - torch.Size([256, 1024, 1, 1]): 
PretrainedInit: load from torchvision://resnet50 

backbone.layer3.2.bn1.weight - torch.Size([256]): 
PretrainedInit: load from torchvision://resnet50 

backbone.layer3.2.bn1.bias - torch.Size([256]): 
PretrainedInit: load from torchvision://resnet50 

backbone.layer3.2.conv2.weight - torch.Size([256, 256, 3, 3]): 
PretrainedInit: load from torchvision://resnet50 

backbone.layer3.2.bn2.weight - torch.Size([256]): 
PretrainedInit: load from torchvision://resnet50 

backbone.layer3.2.bn2.bias - torch.Size([256]): 
PretrainedInit: load from torchvision://resnet50 

backbone.layer3.2.conv3.weight - torch.Size([1024, 256, 1, 1]): 
PretrainedInit: load from torchvision://resnet50 

backbone.layer3.2.bn3.weight - torch.Size([1024]): 
PretrainedInit: load from torchvision://resnet50 

backbone.layer3.2.bn3.bias - torch.Size([1024]): 
PretrainedInit: load from torchvision://resnet50 

backbone.layer3.3.conv1.weight - torch.Size([256, 1024, 1, 1]): 
PretrainedInit: load from torchvision://resnet50 

backbone.layer3.3.bn1.weight - torch.Size([256]): 
PretrainedInit: load from torchvision://resnet50 

backbone.layer3.3.bn1.bias - torch.Size([256]): 
PretrainedInit: load from torchvision://resnet50 

backbone.layer3.3.conv2.weight - torch.Size([256, 256, 3, 3]): 
PretrainedInit: load from torchvision://resnet50 

backbone.layer3.3.bn2.weight - torch.Size([256]): 
PretrainedInit: load from torchvision://resnet50 

backbone.layer3.3.bn2.bias - torch.Size([256]): 
PretrainedInit: load from torchvision://resnet50 

backbone.layer3.3.conv3.weight - torch.Size([1024, 256, 1, 1]): 
PretrainedInit: load from torchvision://resnet50 

backbone.layer3.3.bn3.weight - torch.Size([1024]): 
PretrainedInit: load from torchvision://resnet50 

backbone.layer3.3.bn3.bias - torch.Size([1024]): 
PretrainedInit: load from torchvision://resnet50 

backbone.layer3.4.conv1.weight - torch.Size([256, 1024, 1, 1]): 
PretrainedInit: load from torchvision://resnet50 

backbone.layer3.4.bn1.weight - torch.Size([256]): 
PretrainedInit: load from torchvision://resnet50 

backbone.layer3.4.bn1.bias - torch.Size([256]): 
PretrainedInit: load from torchvision://resnet50 

backbone.layer3.4.conv2.weight - torch.Size([256, 256, 3, 3]): 
PretrainedInit: load from torchvision://resnet50 

backbone.layer3.4.bn2.weight - torch.Size([256]): 
PretrainedInit: load from torchvision://resnet50 

backbone.layer3.4.bn2.bias - torch.Size([256]): 
PretrainedInit: load from torchvision://resnet50 

backbone.layer3.4.conv3.weight - torch.Size([1024, 256, 1, 1]): 
PretrainedInit: load from torchvision://resnet50 

backbone.layer3.4.bn3.weight - torch.Size([1024]): 
PretrainedInit: load from torchvision://resnet50 

backbone.layer3.4.bn3.bias - torch.Size([1024]): 
PretrainedInit: load from torchvision://resnet50 

backbone.layer3.5.conv1.weight - torch.Size([256, 1024, 1, 1]): 
PretrainedInit: load from torchvision://resnet50 

backbone.layer3.5.bn1.weight - torch.Size([256]): 
PretrainedInit: load from torchvision://resnet50 

backbone.layer3.5.bn1.bias - torch.Size([256]): 
PretrainedInit: load from torchvision://resnet50 

backbone.layer3.5.conv2.weight - torch.Size([256, 256, 3, 3]): 
PretrainedInit: load from torchvision://resnet50 

backbone.layer3.5.bn2.weight - torch.Size([256]): 
PretrainedInit: load from torchvision://resnet50 

backbone.layer3.5.bn2.bias - torch.Size([256]): 
PretrainedInit: load from torchvision://resnet50 

backbone.layer3.5.conv3.weight - torch.Size([1024, 256, 1, 1]): 
PretrainedInit: load from torchvision://resnet50 

backbone.layer3.5.bn3.weight - torch.Size([1024]): 
PretrainedInit: load from torchvision://resnet50 

backbone.layer3.5.bn3.bias - torch.Size([1024]): 
PretrainedInit: load from torchvision://resnet50 

backbone.layer4.0.conv1.weight - torch.Size([512, 1024, 1, 1]): 
PretrainedInit: load from torchvision://resnet50 

backbone.layer4.0.bn1.weight - torch.Size([512]): 
PretrainedInit: load from torchvision://resnet50 

backbone.layer4.0.bn1.bias - torch.Size([512]): 
PretrainedInit: load from torchvision://resnet50 

backbone.layer4.0.conv2.weight - torch.Size([512, 512, 3, 3]): 
PretrainedInit: load from torchvision://resnet50 

backbone.layer4.0.bn2.weight - torch.Size([512]): 
PretrainedInit: load from torchvision://resnet50 

backbone.layer4.0.bn2.bias - torch.Size([512]): 
PretrainedInit: load from torchvision://resnet50 

backbone.layer4.0.conv3.weight - torch.Size([2048, 512, 1, 1]): 
PretrainedInit: load from torchvision://resnet50 

backbone.layer4.0.bn3.weight - torch.Size([2048]): 
PretrainedInit: load from torchvision://resnet50 

backbone.layer4.0.bn3.bias - torch.Size([2048]): 
PretrainedInit: load from torchvision://resnet50 

backbone.layer4.0.downsample.0.weight - torch.Size([2048, 1024, 1, 1]): 
PretrainedInit: load from torchvision://resnet50 

backbone.layer4.0.downsample.1.weight - torch.Size([2048]): 
PretrainedInit: load from torchvision://resnet50 

backbone.layer4.0.downsample.1.bias - torch.Size([2048]): 
PretrainedInit: load from torchvision://resnet50 

backbone.layer4.1.conv1.weight - torch.Size([512, 2048, 1, 1]): 
PretrainedInit: load from torchvision://resnet50 

backbone.layer4.1.bn1.weight - torch.Size([512]): 
PretrainedInit: load from torchvision://resnet50 

backbone.layer4.1.bn1.bias - torch.Size([512]): 
PretrainedInit: load from torchvision://resnet50 

backbone.layer4.1.conv2.weight - torch.Size([512, 512, 3, 3]): 
PretrainedInit: load from torchvision://resnet50 

backbone.layer4.1.bn2.weight - torch.Size([512]): 
PretrainedInit: load from torchvision://resnet50 

backbone.layer4.1.bn2.bias - torch.Size([512]): 
PretrainedInit: load from torchvision://resnet50 

backbone.layer4.1.conv3.weight - torch.Size([2048, 512, 1, 1]): 
PretrainedInit: load from torchvision://resnet50 

backbone.layer4.1.bn3.weight - torch.Size([2048]): 
PretrainedInit: load from torchvision://resnet50 

backbone.layer4.1.bn3.bias - torch.Size([2048]): 
PretrainedInit: load from torchvision://resnet50 

backbone.layer4.2.conv1.weight - torch.Size([512, 2048, 1, 1]): 
PretrainedInit: load from torchvision://resnet50 

backbone.layer4.2.bn1.weight - torch.Size([512]): 
PretrainedInit: load from torchvision://resnet50 

backbone.layer4.2.bn1.bias - torch.Size([512]): 
PretrainedInit: load from torchvision://resnet50 

backbone.layer4.2.conv2.weight - torch.Size([512, 512, 3, 3]): 
PretrainedInit: load from torchvision://resnet50 

backbone.layer4.2.bn2.weight - torch.Size([512]): 
PretrainedInit: load from torchvision://resnet50 

backbone.layer4.2.bn2.bias - torch.Size([512]): 
PretrainedInit: load from torchvision://resnet50 

backbone.layer4.2.conv3.weight - torch.Size([2048, 512, 1, 1]): 
PretrainedInit: load from torchvision://resnet50 

backbone.layer4.2.bn3.weight - torch.Size([2048]): 
PretrainedInit: load from torchvision://resnet50 

backbone.layer4.2.bn3.bias - torch.Size([2048]): 
PretrainedInit: load from torchvision://resnet50 

neck.lateral_convs.0.conv.weight - torch.Size([256, 256, 1, 1]): 
XavierInit: gain=1, distribution=uniform, bias=0 

neck.lateral_convs.0.conv.bias - torch.Size([256]): 
The value is the same before and after calling `init_weights` of FasterRCNN  

neck.lateral_convs.1.conv.weight - torch.Size([256, 512, 1, 1]): 
XavierInit: gain=1, distribution=uniform, bias=0 

neck.lateral_convs.1.conv.bias - torch.Size([256]): 
The value is the same before and after calling `init_weights` of FasterRCNN  

neck.lateral_convs.2.conv.weight - torch.Size([256, 1024, 1, 1]): 
XavierInit: gain=1, distribution=uniform, bias=0 

neck.lateral_convs.2.conv.bias - torch.Size([256]): 
The value is the same before and after calling `init_weights` of FasterRCNN  

neck.lateral_convs.3.conv.weight - torch.Size([256, 2048, 1, 1]): 
XavierInit: gain=1, distribution=uniform, bias=0 

neck.lateral_convs.3.conv.bias - torch.Size([256]): 
The value is the same before and after calling `init_weights` of FasterRCNN  

neck.fpn_convs.0.conv.weight - torch.Size([256, 256, 3, 3]): 
XavierInit: gain=1, distribution=uniform, bias=0 

neck.fpn_convs.0.conv.bias - torch.Size([256]): 
The value is the same before and after calling `init_weights` of FasterRCNN  

neck.fpn_convs.1.conv.weight - torch.Size([256, 256, 3, 3]): 
XavierInit: gain=1, distribution=uniform, bias=0 

neck.fpn_convs.1.conv.bias - torch.Size([256]): 
The value is the same before and after calling `init_weights` of FasterRCNN  

neck.fpn_convs.2.conv.weight - torch.Size([256, 256, 3, 3]): 
XavierInit: gain=1, distribution=uniform, bias=0 

neck.fpn_convs.2.conv.bias - torch.Size([256]): 
The value is the same before and after calling `init_weights` of FasterRCNN  

neck.fpn_convs.3.conv.weight - torch.Size([256, 256, 3, 3]): 
XavierInit: gain=1, distribution=uniform, bias=0 

neck.fpn_convs.3.conv.bias - torch.Size([256]): 
The value is the same before and after calling `init_weights` of FasterRCNN  

rpn_head.rpn_conv.weight - torch.Size([256, 256, 3, 3]): 
NormalInit: mean=0, std=0.01, bias=0 

rpn_head.rpn_conv.bias - torch.Size([256]): 
NormalInit: mean=0, std=0.01, bias=0 

rpn_head.rpn_cls.weight - torch.Size([3, 256, 1, 1]): 
NormalInit: mean=0, std=0.01, bias=0 

rpn_head.rpn_cls.bias - torch.Size([3]): 
NormalInit: mean=0, std=0.01, bias=0 

rpn_head.rpn_reg.weight - torch.Size([12, 256, 1, 1]): 
NormalInit: mean=0, std=0.01, bias=0 

rpn_head.rpn_reg.bias - torch.Size([12]): 
NormalInit: mean=0, std=0.01, bias=0 

roi_head.bbox_head.fc_cls.weight - torch.Size([11, 1024]): 
NormalInit: mean=0, std=0.01, bias=0 

roi_head.bbox_head.fc_cls.bias - torch.Size([11]): 
NormalInit: mean=0, std=0.01, bias=0 

roi_head.bbox_head.fc_reg.weight - torch.Size([40, 1024]): 
NormalInit: mean=0, std=0.001, bias=0 

roi_head.bbox_head.fc_reg.bias - torch.Size([40]): 
NormalInit: mean=0, std=0.001, bias=0 

roi_head.bbox_head.shared_fcs.0.weight - torch.Size([1024, 12544]): 
XavierInit: gain=1, distribution=uniform, bias=0 

roi_head.bbox_head.shared_fcs.0.bias - torch.Size([1024]): 
XavierInit: gain=1, distribution=uniform, bias=0 

roi_head.bbox_head.shared_fcs.1.weight - torch.Size([1024, 1024]): 
XavierInit: gain=1, distribution=uniform, bias=0 

roi_head.bbox_head.shared_fcs.1.bias - torch.Size([1024]): 
XavierInit: gain=1, distribution=uniform, bias=0 
2026/03/26 19:30:02 - mmengine - INFO - Load checkpoint from https://download.openmmlab.com/mmdetection/v2.0/dynamic_rcnn/dynamic_rcnn_r50_fpn_1x/dynamic_rcnn_r50_fpn_1x-62a3f276.pth
2026/03/26 19:30:02 - mmengine - WARNING - "FileClient" will be deprecated in future. Please use io functions in https://mmengine.readthedocs.io/en/latest/api/fileio.html#file-io
2026/03/26 19:30:02 - mmengine - WARNING - "HardDiskBackend" is the alias of "LocalBackend" and the former will be deprecated in future.
2026/03/26 19:30:02 - mmengine - INFO - Checkpoints will be saved to /workspace/aquaculture-perception/runs/mmdet/uatd/dynamic_rcnn_r50_fpn_uatd_80e_pretrained.
2026/03/26 19:30:49 - mmengine - INFO - Epoch(train)  [1][ 50/238]  lr: 1.9820e-03  eta: 4:58:02  time: 0.9417  data_time: 0.0743  memory: 18575  loss: 1.0961  loss_rpn_cls: 0.0555  loss_rpn_bbox: 0.0127  loss_cls: 0.8071  acc: 86.4563  loss_bbox: 0.2208
2026/03/26 19:31:28 - mmengine - INFO - Epoch(train)  [1][100/238]  lr: 3.9840e-03  eta: 4:29:51  time: 0.7681  data_time: 0.0028  memory: 18575  loss: 0.7115  loss_rpn_cls: 0.0091  loss_rpn_bbox: 0.0100  loss_cls: 0.4229  acc: 89.5935  loss_bbox: 0.2695
2026/03/26 19:32:05 - mmengine - INFO - Epoch(train)  [1][150/238]  lr: 5.9860e-03  eta: 4:18:07  time: 0.7498  data_time: 0.0023  memory: 18575  loss: 0.9137  loss_rpn_cls: 0.0096  loss_rpn_bbox: 0.0106  loss_cls: 0.4402  acc: 88.1165  loss_bbox: 0.4533
2026/03/26 19:32:43 - mmengine - INFO - Epoch(train)  [1][200/238]  lr: 7.9880e-03  eta: 4:12:27  time: 0.7564  data_time: 0.0027  memory: 18575  loss: 0.6491  loss_rpn_cls: 0.0055  loss_rpn_bbox: 0.0097  loss_cls: 0.2852  acc: 92.6880  loss_bbox: 0.3487
2026/03/26 19:33:10 - mmengine - INFO - Exp name: dynamic_rcnn_r50_fpn_uatd_80e_pretrained_20260326_192928
2026/03/26 19:33:48 - mmengine - INFO - Epoch(train)  [2][ 50/238]  lr: 1.1512e-02  eta: 4:05:33  time: 0.7683  data_time: 0.0080  memory: 18575  loss: 0.4552  loss_rpn_cls: 0.0046  loss_rpn_bbox: 0.0089  loss_cls: 0.1879  acc: 94.0308  loss_bbox: 0.2538
2026/03/26 19:34:26 - mmengine - INFO - Epoch(train)  [2][100/238]  lr: 1.3514e-02  eta: 4:03:38  time: 0.7585  data_time: 0.0023  memory: 18575  loss: 0.4231  loss_rpn_cls: 0.0051  loss_rpn_bbox: 0.0085  loss_cls: 0.1659  acc: 95.0256  loss_bbox: 0.2437
2026/03/26 19:35:04 - mmengine - INFO - Epoch(train)  [2][150/238]  lr: 1.5516e-02  eta: 4:01:53  time: 0.7541  data_time: 0.0023  memory: 18575  loss: 0.4154  loss_rpn_cls: 0.0043  loss_rpn_bbox: 0.0084  loss_cls: 0.1574  acc: 93.8354  loss_bbox: 0.2453
2026/03/26 19:35:42 - mmengine - INFO - Epoch(train)  [2][200/238]  lr: 1.7518e-02  eta: 4:00:49  time: 0.7664  data_time: 0.0026  memory: 18575  loss: 0.4199  loss_rpn_cls: 0.0043  loss_rpn_bbox: 0.0081  loss_cls: 0.1617  acc: 94.2871  loss_bbox: 0.2457
2026/03/26 19:36:10 - mmengine - INFO - Exp name: dynamic_rcnn_r50_fpn_uatd_80e_pretrained_20260326_192928
2026/03/26 19:36:14 - mmengine - INFO - Epoch(val)  [2][ 50/200]    eta: 0:00:11  time: 0.0735  data_time: 0.0111  memory: 18575  
2026/03/26 19:36:17 - mmengine - INFO - Epoch(val)  [2][100/200]    eta: 0:00:06  time: 0.0609  data_time: 0.0062  memory: 880  
2026/03/26 19:36:20 - mmengine - INFO - Epoch(val)  [2][150/200]    eta: 0:00:03  time: 0.0631  data_time: 0.0064  memory: 880  
2026/03/26 19:36:23 - mmengine - INFO - Epoch(val)  [2][200/200]    eta: 0:00:00  time: 0.0614  data_time: 0.0061  memory: 880  
2026/03/26 19:36:23 - mmengine - INFO - Evaluating bbox...
2026/03/26 19:36:24 - mmengine - INFO - bbox_mAP_copypaste: 0.276 0.741 0.113 0.387 0.271 0.253
2026/03/26 19:36:24 - mmengine - INFO - Epoch(val) [2][200/200]    coco/bbox_mAP: 0.2760  coco/bbox_mAP_50: 0.7410  coco/bbox_mAP_75: 0.1130  coco/bbox_mAP_s: 0.3870  coco/bbox_mAP_m: 0.2710  coco/bbox_mAP_l: 0.2530  data_time: 0.0075  time: 0.0647
2026/03/26 19:36:24 - mmengine - INFO - The best checkpoint with 0.2760 coco/bbox_mAP at 2 epoch is saved to best_coco_bbox_mAP_epoch_2.pth.
2026/03/26 19:37:06 - mmengine - INFO - Epoch(train)  [3][ 50/238]  lr: 2.0000e-02  eta: 4:00:10  time: 0.8333  data_time: 0.0312  memory: 18575  loss: 0.3932  loss_rpn_cls: 0.0038  loss_rpn_bbox: 0.0080  loss_cls: 0.1456  acc: 95.5261  loss_bbox: 0.2358
2026/03/26 19:37:47 - mmengine - INFO - Epoch(train)  [3][100/238]  lr: 2.0000e-02  eta: 4:00:39  time: 0.8207  data_time: 0.0028  memory: 18575  loss: 0.3840  loss_rpn_cls: 0.0038  loss_rpn_bbox: 0.0079  loss_cls: 0.1398  acc: 94.2749  loss_bbox: 0.2325
2026/03/26 19:38:28 - mmengine - INFO - Epoch(train)  [3][150/238]  lr: 2.0000e-02  eta: 4:00:58  time: 0.8221  data_time: 0.0028  memory: 18575  loss: 0.3797  loss_rpn_cls: 0.0036  loss_rpn_bbox: 0.0076  loss_cls: 0.1359  acc: 94.5923  loss_bbox: 0.2326
2026/03/26 19:39:13 - mmengine - INFO - Epoch(train)  [3][200/238]  lr: 2.0000e-02  eta: 4:02:48  time: 0.8946  data_time: 0.0030  memory: 18575  loss: 0.3734  loss_rpn_cls: 0.0034  loss_rpn_bbox: 0.0077  loss_cls: 0.1332  acc: 95.2087  loss_bbox: 0.2290
2026/03/26 19:39:46 - mmengine - INFO - Exp name: dynamic_rcnn_r50_fpn_uatd_80e_pretrained_20260326_192928
2026/03/26 19:40:32 - mmengine - INFO - Epoch(train)  [4][ 50/238]  lr: 2.0000e-02  eta: 4:05:19  time: 0.9267  data_time: 0.0454  memory: 18575  loss: 0.3450  loss_rpn_cls: 0.0030  loss_rpn_bbox: 0.0075  loss_cls: 0.1212  acc: 94.8730  loss_bbox: 0.2133
2026/03/26 19:41:16 - mmengine - INFO - Epoch(train)  [4][100/238]  lr: 2.0000e-02  eta: 4:06:01  time: 0.8792  data_time: 0.0034  memory: 18575  loss: 0.3384  loss_rpn_cls: 0.0030  loss_rpn_bbox: 0.0071  loss_cls: 0.1222  acc: 96.2830  loss_bbox: 0.2062
2026/03/26 19:41:59 - mmengine - INFO - Epoch(train)  [4][150/238]  lr: 2.0000e-02  eta: 4:06:13  time: 0.8600  data_time: 0.0028  memory: 18575  loss: 0.3205  loss_rpn_cls: 0.0027  loss_rpn_bbox: 0.0070  loss_cls: 0.1138  acc: 95.5444  loss_bbox: 0.1970
2026/03/26 19:42:39 - mmengine - INFO - Epoch(train)  [4][200/238]  lr: 2.0000e-02  eta: 4:05:29  time: 0.8089  data_time: 0.0027  memory: 18575  loss: 0.3225  loss_rpn_cls: 0.0026  loss_rpn_bbox: 0.0072  loss_cls: 0.1103  acc: 96.3867  loss_bbox: 0.2024
2026/03/26 19:43:07 - mmengine - INFO - Exp name: dynamic_rcnn_r50_fpn_uatd_80e_pretrained_20260326_192928
2026/03/26 19:43:11 - mmengine - INFO - Epoch(val)  [4][ 50/200]    eta: 0:00:09  time: 0.0618  data_time: 0.0091  memory: 18575  
2026/03/26 19:43:14 - mmengine - INFO - Epoch(val)  [4][100/200]    eta: 0:00:06  time: 0.0611  data_time: 0.0062  memory: 880  
2026/03/26 19:43:17 - mmengine - INFO - Epoch(val)  [4][150/200]    eta: 0:00:03  time: 0.0602  data_time: 0.0062  memory: 880  
2026/03/26 19:43:19 - mmengine - INFO - Epoch(val)  [4][200/200]    eta: 0:00:00  time: 0.0564  data_time: 0.0055  memory: 880  
2026/03/26 19:43:19 - mmengine - INFO - Evaluating bbox...
2026/03/26 19:43:20 - mmengine - INFO - bbox_mAP_copypaste: 0.328 0.799 0.223 0.400 0.322 0.340
2026/03/26 19:43:20 - mmengine - INFO - Epoch(val) [4][200/200]    coco/bbox_mAP: 0.3280  coco/bbox_mAP_50: 0.7990  coco/bbox_mAP_75: 0.2230  coco/bbox_mAP_s: 0.4000  coco/bbox_mAP_m: 0.3220  coco/bbox_mAP_l: 0.3400  data_time: 0.0067  time: 0.0603
2026/03/26 19:43:20 - mmengine - INFO - The previous best checkpoint /workspace/aquaculture-perception/runs/mmdet/uatd/dynamic_rcnn_r50_fpn_uatd_80e_pretrained/best_coco_bbox_mAP_epoch_2.pth is removed
2026/03/26 19:43:21 - mmengine - INFO - The best checkpoint with 0.3280 coco/bbox_mAP at 4 epoch is saved to best_coco_bbox_mAP_epoch_4.pth.
2026/03/26 19:44:00 - mmengine - INFO - Exp name: dynamic_rcnn_r50_fpn_uatd_80e_pretrained_20260326_192928
2026/03/26 19:44:01 - mmengine - INFO - Epoch(train)  [5][ 50/238]  lr: 2.0000e-02  eta: 4:03:23  time: 0.8108  data_time: 0.0112  memory: 18575  loss: 0.3134  loss_rpn_cls: 0.0025  loss_rpn_bbox: 0.0068  loss_cls: 0.1107  acc: 96.1182  loss_bbox: 0.1933
2026/03/26 19:44:44 - mmengine - INFO - Epoch(train)  [5][100/238]  lr: 2.0000e-02  eta: 4:03:18  time: 0.8514  data_time: 0.0039  memory: 18575  loss: 0.3088  loss_rpn_cls: 0.0021  loss_rpn_bbox: 0.0067  loss_cls: 0.1056  acc: 95.4407  loss_bbox: 0.1944
2026/03/26 19:45:25 - mmengine - INFO - Epoch(train)  [5][150/238]  lr: 2.0000e-02  eta: 4:02:49  time: 0.8258  data_time: 0.0027  memory: 18575  loss: 0.3092  loss_rpn_cls: 0.0029  loss_rpn_bbox: 0.0071  loss_cls: 0.1108  acc: 95.7947  loss_bbox: 0.1884
2026/03/26 19:46:08 - mmengine - INFO - Epoch(train)  [5][200/238]  lr: 2.0000e-02  eta: 4:02:40  time: 0.8524  data_time: 0.0028  memory: 18575  loss: 0.2926  loss_rpn_cls: 0.0021  loss_rpn_bbox: 0.0066  loss_cls: 0.1004  acc: 96.1670  loss_bbox: 0.1835
2026/03/26 19:46:37 - mmengine - INFO - Exp name: dynamic_rcnn_r50_fpn_uatd_80e_pretrained_20260326_192928
2026/03/26 19:47:21 - mmengine - INFO - Epoch(train)  [6][ 50/238]  lr: 2.0000e-02  eta: 4:01:52  time: 0.8822  data_time: 0.0122  memory: 18575  loss: 0.2892  loss_rpn_cls: 0.0022  loss_rpn_bbox: 0.0065  loss_cls: 0.1010  acc: 96.5759  loss_bbox: 0.1795
2026/03/26 19:48:00 - mmengine - INFO - Epoch(train)  [6][100/238]  lr: 2.0000e-02  eta: 4:00:45  time: 0.7782  data_time: 0.0025  memory: 18575  loss: 0.2759  loss_rpn_cls: 0.0019  loss_rpn_bbox: 0.0063  loss_cls: 0.0915  acc: 96.4172  loss_bbox: 0.1762
2026/03/26 19:48:39 - mmengine - INFO - Epoch(train)  [6][150/238]  lr: 2.0000e-02  eta: 3:59:39  time: 0.7754  data_time: 0.0028  memory: 18575  loss: 0.2913  loss_rpn_cls: 0.0018  loss_rpn_bbox: 0.0067  loss_cls: 0.0984  acc: 96.9482  loss_bbox: 0.1843
2026/03/26 19:49:18 - mmengine - INFO - Epoch(train)  [6][200/238]  lr: 2.0000e-02  eta: 3:58:43  time: 0.7881  data_time: 0.0028  memory: 18575  loss: 0.2884  loss_rpn_cls: 0.0022  loss_rpn_bbox: 0.0067  loss_cls: 0.0985  acc: 96.2402  loss_bbox: 0.1810
2026/03/26 19:49:48 - mmengine - INFO - Exp name: dynamic_rcnn_r50_fpn_uatd_80e_pretrained_20260326_192928
2026/03/26 19:49:51 - mmengine - INFO - Epoch(val)  [6][ 50/200]    eta: 0:00:10  time: 0.0726  data_time: 0.0096  memory: 18575  
2026/03/26 19:49:55 - mmengine - INFO - Epoch(val)  [6][100/200]    eta: 0:00:07  time: 0.0677  data_time: 0.0077  memory: 880  
2026/03/26 19:49:58 - mmengine - INFO - Epoch(val)  [6][150/200]    eta: 0:00:03  time: 0.0644  data_time: 0.0068  memory: 880  
2026/03/26 19:50:01 - mmengine - INFO - Epoch(val)  [6][200/200]    eta: 0:00:00  time: 0.0619  data_time: 0.0067  memory: 880  
2026/03/26 19:50:01 - mmengine - INFO - Evaluating bbox...
2026/03/26 19:50:01 - mmengine - INFO - bbox_mAP_copypaste: 0.330 0.766 0.230 0.311 0.328 0.336
2026/03/26 19:50:01 - mmengine - INFO - Epoch(val) [6][200/200]    coco/bbox_mAP: 0.3300  coco/bbox_mAP_50: 0.7660  coco/bbox_mAP_75: 0.2300  coco/bbox_mAP_s: 0.3110  coco/bbox_mAP_m: 0.3280  coco/bbox_mAP_l: 0.3360  data_time: 0.0077  time: 0.0665
2026/03/26 19:50:02 - mmengine - INFO - The previous best checkpoint /workspace/aquaculture-perception/runs/mmdet/uatd/dynamic_rcnn_r50_fpn_uatd_80e_pretrained/best_coco_bbox_mAP_epoch_4.pth is removed
2026/03/26 19:50:02 - mmengine - INFO - The best checkpoint with 0.3300 coco/bbox_mAP at 6 epoch is saved to best_coco_bbox_mAP_epoch_6.pth.
2026/03/26 19:50:46 - mmengine - INFO - Epoch(train)  [7][ 50/238]  lr: 2.0000e-02  eta: 3:57:49  time: 0.8680  data_time: 0.0460  memory: 18575  loss: 0.2830  loss_rpn_cls: 0.0017  loss_rpn_bbox: 0.0063  loss_cls: 0.0970  acc: 96.1548  loss_bbox: 0.1780
2026/03/26 19:51:28 - mmengine - INFO - Epoch(train)  [7][100/238]  lr: 2.0000e-02  eta: 3:57:21  time: 0.8349  data_time: 0.0028  memory: 18575  loss: 0.2636  loss_rpn_cls: 0.0019  loss_rpn_bbox: 0.0061  loss_cls: 0.0905  acc: 96.4783  loss_bbox: 0.1651
2026/03/26 19:52:07 - mmengine - INFO - Epoch(train)  [7][150/238]  lr: 2.0000e-02  eta: 3:56:28  time: 0.7909  data_time: 0.0027  memory: 18575  loss: 0.2664  loss_rpn_cls: 0.0017  loss_rpn_bbox: 0.0063  loss_cls: 0.0892  acc: 97.0276  loss_bbox: 0.1692
2026/03/26 19:52:47 - mmengine - INFO - Epoch(train)  [7][200/238]  lr: 2.0000e-02  eta: 3:55:39  time: 0.7967  data_time: 0.0044  memory: 18575  loss: 0.2715  loss_rpn_cls: 0.0019  loss_rpn_bbox: 0.0064  loss_cls: 0.0894  acc: 96.4111  loss_bbox: 0.1737
2026/03/26 19:53:22 - mmengine - INFO - Exp name: dynamic_rcnn_r50_fpn_uatd_80e_pretrained_20260326_192928
2026/03/26 19:54:12 - mmengine - INFO - Epoch(train)  [8][ 50/238]  lr: 2.0000e-02  eta: 3:56:43  time: 0.9959  data_time: 0.0515  memory: 18575  loss: 0.2635  loss_rpn_cls: 0.0015  loss_rpn_bbox: 0.0061  loss_cls: 0.0899  acc: 96.7407  loss_bbox: 0.1661
2026/03/26 19:54:59 - mmengine - INFO - Epoch(train)  [8][100/238]  lr: 2.0000e-02  eta: 3:57:04  time: 0.9463  data_time: 0.0040  memory: 18575  loss: 0.2663  loss_rpn_cls: 0.0018  loss_rpn_bbox: 0.0062  loss_cls: 0.0908  acc: 96.3440  loss_bbox: 0.1676
2026/03/26 19:55:41 - mmengine - INFO - Epoch(train)  [8][150/238]  lr: 2.0000e-02  eta: 3:56:32  time: 0.8429  data_time: 0.0036  memory: 18575  loss: 0.2688  loss_rpn_cls: 0.0017  loss_rpn_bbox: 0.0064  loss_cls: 0.0898  acc: 96.4539  loss_bbox: 0.1709
2026/03/26 19:56:21 - mmengine - INFO - Epoch(train)  [8][200/238]  lr: 2.0000e-02  eta: 3:55:37  time: 0.7937  data_time: 0.0036  memory: 18575  loss: 0.2500  loss_rpn_cls: 0.0016  loss_rpn_bbox: 0.0060  loss_cls: 0.0821  acc: 97.3206  loss_bbox: 0.1603
2026/03/26 19:56:50 - mmengine - INFO - Exp name: dynamic_rcnn_r50_fpn_uatd_80e_pretrained_20260326_192928
2026/03/26 19:56:54 - mmengine - INFO - Epoch(val)  [8][ 50/200]    eta: 0:00:12  time: 0.0803  data_time: 0.0110  memory: 18575  
2026/03/26 19:57:07 - mmengine - INFO - Epoch(val)  [8][100/200]    eta: 0:00:16  time: 0.2541  data_time: 0.1960  memory: 880  
2026/03/26 19:57:11 - mmengine - INFO - Epoch(val)  [8][150/200]    eta: 0:00:07  time: 0.0877  data_time: 0.0238  memory: 880  
2026/03/26 19:57:16 - mmengine - INFO - Epoch(val)  [8][200/200]    eta: 0:00:00  time: 0.0958  data_time: 0.0397  memory: 880  
2026/03/26 19:57:16 - mmengine - INFO - Evaluating bbox...
2026/03/26 19:57:17 - mmengine - INFO - bbox_mAP_copypaste: 0.316 0.759 0.190 0.488 0.313 0.330
2026/03/26 19:57:17 - mmengine - INFO - Epoch(val) [8][200/200]    coco/bbox_mAP: 0.3160  coco/bbox_mAP_50: 0.7590  coco/bbox_mAP_75: 0.1900  coco/bbox_mAP_s: 0.4880  coco/bbox_mAP_m: 0.3130  coco/bbox_mAP_l: 0.3300  data_time: 0.0673  time: 0.1291
2026/03/26 19:58:00 - mmengine - INFO - Epoch(train)  [9][ 50/238]  lr: 2.0000e-02  eta: 3:54:21  time: 0.8601  data_time: 0.0308  memory: 18575  loss: 0.2500  loss_rpn_cls: 0.0016  loss_rpn_bbox: 0.0059  loss_cls: 0.0831  acc: 96.7285  loss_bbox: 0.1593
2026/03/26 19:58:39 - mmengine - INFO - Exp name: dynamic_rcnn_r50_fpn_uatd_80e_pretrained_20260326_192928
2026/03/26 19:58:43 - mmengine - INFO - Epoch(train)  [9][100/238]  lr: 2.0000e-02  eta: 3:53:54  time: 0.8560  data_time: 0.0056  memory: 18575  loss: 0.2455  loss_rpn_cls: 0.0016  loss_rpn_bbox: 0.0059  loss_cls: 0.0813  acc: 96.4966  loss_bbox: 0.1567
2026/03/26 19:59:24 - mmengine - INFO - Epoch(train)  [9][150/238]  lr: 2.0000e-02  eta: 3:53:11  time: 0.8184  data_time: 0.0029  memory: 18575  loss: 0.2620  loss_rpn_cls: 0.0015  loss_rpn_bbox: 0.0061  loss_cls: 0.0868  acc: 95.4468  loss_bbox: 0.1674
2026/03/26 20:00:06 - mmengine - INFO - Epoch(train)  [9][200/238]  lr: 2.0000e-02  eta: 3:52:41  time: 0.8527  data_time: 0.0031  memory: 18575  loss: 0.2604  loss_rpn_cls: 0.0017  loss_rpn_bbox: 0.0062  loss_cls: 0.0877  acc: 96.6125  loss_bbox: 0.1648
2026/03/26 20:00:37 - mmengine - INFO - Exp name: dynamic_rcnn_r50_fpn_uatd_80e_pretrained_20260326_192928
2026/03/26 20:01:26 - mmengine - INFO - Epoch(train) [10][ 50/238]  lr: 2.0000e-02  eta: 3:52:27  time: 0.9906  data_time: 0.0391  memory: 18575  loss: 0.2445  loss_rpn_cls: 0.0015  loss_rpn_bbox: 0.0060  loss_cls: 0.0814  acc: 97.3572  loss_bbox: 0.1556
2026/03/26 20:02:16 - mmengine - INFO - Epoch(train) [10][100/238]  lr: 2.0000e-02  eta: 3:52:51  time: 1.0006  data_time: 0.0046  memory: 18575  loss: 0.2397  loss_rpn_cls: 0.0014  loss_rpn_bbox: 0.0058  loss_cls: 0.0804  acc: 97.0642  loss_bbox: 0.1521
2026/03/26 20:02:57 - mmengine - INFO - Epoch(train) [10][150/238]  lr: 2.0000e-02  eta: 3:52:04  time: 0.8168  data_time: 0.0025  memory: 18575  loss: 0.2449  loss_rpn_cls: 0.0017  loss_rpn_bbox: 0.0058  loss_cls: 0.0834  acc: 96.4478  loss_bbox: 0.1540
2026/03/26 20:03:40 - mmengine - INFO - Epoch(train) [10][200/238]  lr: 2.0000e-02  eta: 3:51:27  time: 0.8452  data_time: 0.0028  memory: 18575  loss: 0.2551  loss_rpn_cls: 0.0014  loss_rpn_bbox: 0.0058  loss_cls: 0.0879  acc: 96.3867  loss_bbox: 0.1599
2026/03/26 20:04:10 - mmengine - INFO - Exp name: dynamic_rcnn_r50_fpn_uatd_80e_pretrained_20260326_192928
2026/03/26 20:04:15 - mmengine - INFO - Epoch(val) [10][ 50/200]    eta: 0:00:15  time: 0.1013  data_time: 0.0155  memory: 18575  
2026/03/26 20:04:18 - mmengine - INFO - Epoch(val) [10][100/200]    eta: 0:00:08  time: 0.0630  data_time: 0.0067  memory: 880  
2026/03/26 20:04:22 - mmengine - INFO - Epoch(val) [10][150/200]    eta: 0:00:03  time: 0.0631  data_time: 0.0065  memory: 880  
2026/03/26 20:04:25 - mmengine - INFO - Epoch(val) [10][200/200]    eta: 0:00:00  time: 0.0657  data_time: 0.0068  memory: 880  
2026/03/26 20:04:25 - mmengine - INFO - Evaluating bbox...
2026/03/26 20:04:25 - mmengine - INFO - bbox_mAP_copypaste: 0.328 0.786 0.185 0.410 0.326 0.309
2026/03/26 20:04:25 - mmengine - INFO - Epoch(val) [10][200/200]    coco/bbox_mAP: 0.3280  coco/bbox_mAP_50: 0.7860  coco/bbox_mAP_75: 0.1850  coco/bbox_mAP_s: 0.4100  coco/bbox_mAP_m: 0.3260  coco/bbox_mAP_l: 0.3090  data_time: 0.0088  time: 0.0731
2026/03/26 20:05:12 - mmengine - INFO - Epoch(train) [11][ 50/238]  lr: 2.0000e-02  eta: 3:50:40  time: 0.9289  data_time: 0.0422  memory: 18575  loss: 0.2400  loss_rpn_cls: 0.0016  loss_rpn_bbox: 0.0059  loss_cls: 0.0809  acc: 97.2107  loss_bbox: 0.1516
2026/03/26 20:05:56 - mmengine - INFO - Epoch(train) [11][100/238]  lr: 2.0000e-02  eta: 3:50:14  time: 0.8802  data_time: 0.0030  memory: 18575  loss: 0.2298  loss_rpn_cls: 0.0014  loss_rpn_bbox: 0.0056  loss_cls: 0.0763  acc: 97.1008  loss_bbox: 0.1464
2026/03/26 20:06:40 - mmengine - INFO - Epoch(train) [11][150/238]  lr: 2.0000e-02  eta: 3:49:45  time: 0.8733  data_time: 0.0028  memory: 18575  loss: 0.2310  loss_rpn_cls: 0.0013  loss_rpn_bbox: 0.0055  loss_cls: 0.0784  acc: 96.5698  loss_bbox: 0.1457
2026/03/26 20:07:22 - mmengine - INFO - Epoch(train) [11][200/238]  lr: 2.0000e-02  eta: 3:49:11  time: 0.8570  data_time: 0.0026  memory: 18575  loss: 0.2438  loss_rpn_cls: 0.0013  loss_rpn_bbox: 0.0060  loss_cls: 0.0811  acc: 96.8933  loss_bbox: 0.1554
2026/03/26 20:07:52 - mmengine - INFO - Exp name: dynamic_rcnn_r50_fpn_uatd_80e_pretrained_20260326_192928
2026/03/26 20:08:38 - mmengine - INFO - Epoch(train) [12][ 50/238]  lr: 2.0000e-02  eta: 3:48:07  time: 0.9123  data_time: 0.0523  memory: 18575  loss: 0.2392  loss_rpn_cls: 0.0012  loss_rpn_bbox: 0.0057  loss_cls: 0.0815  acc: 97.3145  loss_bbox: 0.1509
2026/03/26 20:09:19 - mmengine - INFO - Epoch(train) [12][100/238]  lr: 2.0000e-02  eta: 3:47:26  time: 0.8379  data_time: 0.0040  memory: 18575  loss: 0.2216  loss_rpn_cls: 0.0013  loss_rpn_bbox: 0.0056  loss_cls: 0.0736  acc: 96.2280  loss_bbox: 0.1410
2026/03/26 20:10:03 - mmengine - INFO - Epoch(train) [12][150/238]  lr: 2.0000e-02  eta: 3:46:52  time: 0.8642  data_time: 0.0065  memory: 18575  loss: 0.2376  loss_rpn_cls: 0.0015  loss_rpn_bbox: 0.0057  loss_cls: 0.0803  acc: 96.9788  loss_bbox: 0.1502
2026/03/26 20:10:45 - mmengine - INFO - Epoch(train) [12][200/238]  lr: 2.0000e-02  eta: 3:46:11  time: 0.8398  data_time: 0.0031  memory: 18575  loss: 0.2278  loss_rpn_cls: 0.0013  loss_rpn_bbox: 0.0056  loss_cls: 0.0739  acc: 96.8140  loss_bbox: 0.1470
2026/03/26 20:11:15 - mmengine - INFO - Exp name: dynamic_rcnn_r50_fpn_uatd_80e_pretrained_20260326_192928
2026/03/26 20:11:19 - mmengine - INFO - Epoch(val) [12][ 50/200]    eta: 0:00:12  time: 0.0800  data_time: 0.0170  memory: 18575  
2026/03/26 20:11:22 - mmengine - INFO - Epoch(val) [12][100/200]    eta: 0:00:07  time: 0.0686  data_time: 0.0084  memory: 880  
2026/03/26 20:11:26 - mmengine - INFO - Epoch(val) [12][150/200]    eta: 0:00:03  time: 0.0713  data_time: 0.0086  memory: 880  
2026/03/26 20:11:29 - mmengine - INFO - Epoch(val) [12][200/200]    eta: 0:00:00  time: 0.0614  data_time: 0.0068  memory: 880  
2026/03/26 20:11:29 - mmengine - INFO - Evaluating bbox...
2026/03/26 20:11:29 - mmengine - INFO - bbox_mAP_copypaste: 0.328 0.788 0.177 0.423 0.322 0.350
2026/03/26 20:11:29 - mmengine - INFO - Epoch(val) [12][200/200]    coco/bbox_mAP: 0.3280  coco/bbox_mAP_50: 0.7880  coco/bbox_mAP_75: 0.1770  coco/bbox_mAP_s: 0.4230  coco/bbox_mAP_m: 0.3220  coco/bbox_mAP_l: 0.3500  data_time: 0.0102  time: 0.0702
2026/03/26 20:12:12 - mmengine - INFO - Epoch(train) [13][ 50/238]  lr: 2.0000e-02  eta: 3:44:53  time: 0.8584  data_time: 0.0128  memory: 18575  loss: 0.2203  loss_rpn_cls: 0.0014  loss_rpn_bbox: 0.0058  loss_cls: 0.0743  acc: 96.9299  loss_bbox: 0.1388
2026/03/26 20:12:53 - mmengine - INFO - Epoch(train) [13][100/238]  lr: 2.0000e-02  eta: 3:44:07  time: 0.8207  data_time: 0.0030  memory: 18575  loss: 0.2205  loss_rpn_cls: 0.0011  loss_rpn_bbox: 0.0055  loss_cls: 0.0732  acc: 96.6553  loss_bbox: 0.1407
2026/03/26 20:13:30 - mmengine - INFO - Exp name: dynamic_rcnn_r50_fpn_uatd_80e_pretrained_20260326_192928
2026/03/26 20:13:35 - mmengine - INFO - Epoch(train) [13][150/238]  lr: 2.0000e-02  eta: 3:43:25  time: 0.8348  data_time: 0.0031  memory: 18575  loss: 0.2261  loss_rpn_cls: 0.0011  loss_rpn_bbox: 0.0056  loss_cls: 0.0762  acc: 96.9360  loss_bbox: 0.1432
2026/03/26 20:14:17 - mmengine - INFO - Epoch(train) [13][200/238]  lr: 2.0000e-02  eta: 3:42:43  time: 0.8357  data_time: 0.0029  memory: 18575  loss: 0.2237  loss_rpn_cls: 0.0014  loss_rpn_bbox: 0.0056  loss_cls: 0.0749  acc: 97.3633  loss_bbox: 0.1418
2026/03/26 20:14:45 - mmengine - INFO - Exp name: dynamic_rcnn_r50_fpn_uatd_80e_pretrained_20260326_192928
2026/03/26 20:15:28 - mmengine - INFO - Epoch(train) [14][ 50/238]  lr: 2.0000e-02  eta: 3:41:19  time: 0.8638  data_time: 0.0383  memory: 18575  loss: 0.2074  loss_rpn_cls: 0.0012  loss_rpn_bbox: 0.0053  loss_cls: 0.0695  acc: 97.6196  loss_bbox: 0.1314
2026/03/26 20:16:09 - mmengine - INFO - Epoch(train) [14][100/238]  lr: 2.0000e-02  eta: 3:40:31  time: 0.8129  data_time: 0.0028  memory: 18575  loss: 0.2075  loss_rpn_cls: 0.0012  loss_rpn_bbox: 0.0055  loss_cls: 0.0692  acc: 97.8821  loss_bbox: 0.1317
2026/03/26 20:16:52 - mmengine - INFO - Epoch(train) [14][150/238]  lr: 2.0000e-02  eta: 3:39:58  time: 0.8683  data_time: 0.0034  memory: 18575  loss: 0.2194  loss_rpn_cls: 0.0013  loss_rpn_bbox: 0.0056  loss_cls: 0.0723  acc: 96.1975  loss_bbox: 0.1403
2026/03/26 20:17:37 - mmengine - INFO - Epoch(train) [14][200/238]  lr: 2.0000e-02  eta: 3:39:33  time: 0.9053  data_time: 0.0044  memory: 18575  loss: 0.2179  loss_rpn_cls: 0.0011  loss_rpn_bbox: 0.0055  loss_cls: 0.0730  acc: 96.1426  loss_bbox: 0.1383
2026/03/26 20:18:09 - mmengine - INFO - Exp name: dynamic_rcnn_r50_fpn_uatd_80e_pretrained_20260326_192928
2026/03/26 20:18:13 - mmengine - INFO - Epoch(val) [14][ 50/200]    eta: 0:00:13  time: 0.0876  data_time: 0.0170  memory: 18575  
2026/03/26 20:18:17 - mmengine - INFO - Epoch(val) [14][100/200]    eta: 0:00:08  time: 0.0865  data_time: 0.0153  memory: 880  
2026/03/26 20:18:21 - mmengine - INFO - Epoch(val) [14][150/200]    eta: 0:00:04  time: 0.0815  data_time: 0.0108  memory: 880  
2026/03/26 20:18:25 - mmengine - INFO - Epoch(val) [14][200/200]    eta: 0:00:00  time: 0.0697  data_time: 0.0081  memory: 880  
2026/03/26 20:18:25 - mmengine - INFO - Evaluating bbox...
2026/03/26 20:18:26 - mmengine - INFO - bbox_mAP_copypaste: 0.329 0.757 0.213 0.366 0.324 0.333
2026/03/26 20:18:26 - mmengine - INFO - Epoch(val) [14][200/200]    coco/bbox_mAP: 0.3290  coco/bbox_mAP_50: 0.7570  coco/bbox_mAP_75: 0.2130  coco/bbox_mAP_s: 0.3660  coco/bbox_mAP_m: 0.3240  coco/bbox_mAP_l: 0.3330  data_time: 0.0128  time: 0.0811
2026/03/26 20:19:11 - mmengine - INFO - Epoch(train) [15][ 50/238]  lr: 2.0000e-02  eta: 3:38:33  time: 0.9092  data_time: 0.0233  memory: 18575  loss: 0.2081  loss_rpn_cls: 0.0011  loss_rpn_bbox: 0.0053  loss_cls: 0.0702  acc: 97.7844  loss_bbox: 0.1315
2026/03/26 20:20:04 - mmengine - INFO - Epoch(train) [15][100/238]  lr: 2.0000e-02  eta: 3:38:42  time: 1.0606  data_time: 0.0039  memory: 18575  loss: 0.2096  loss_rpn_cls: 0.0010  loss_rpn_bbox: 0.0055  loss_cls: 0.0701  acc: 97.2717  loss_bbox: 0.1331
2026/03/26 20:20:56 - mmengine - INFO - Epoch(train) [15][150/238]  lr: 2.0000e-02  eta: 3:38:43  time: 1.0312  data_time: 0.0040  memory: 18575  loss: 0.2018  loss_rpn_cls: 0.0011  loss_rpn_bbox: 0.0052  loss_cls: 0.0667  acc: 97.4976  loss_bbox: 0.1287
2026/03/26 20:21:48 - mmengine - INFO - Epoch(train) [15][200/238]  lr: 2.0000e-02  eta: 3:38:46  time: 1.0522  data_time: 0.0039  memory: 18575  loss: 0.2079  loss_rpn_cls: 0.0013  loss_rpn_bbox: 0.0055  loss_cls: 0.0683  acc: 97.5708  loss_bbox: 0.1329
2026/03/26 20:22:25 - mmengine - INFO - Exp name: dynamic_rcnn_r50_fpn_uatd_80e_pretrained_20260326_192928
2026/03/26 20:23:14 - mmengine - INFO - Epoch(train) [16][ 50/238]  lr: 2.0000e-02  eta: 3:38:19  time: 0.9860  data_time: 0.0119  memory: 18575  loss: 0.2033  loss_rpn_cls: 0.0010  loss_rpn_bbox: 0.0052  loss_cls: 0.0662  acc: 97.7844  loss_bbox: 0.1309
2026/03/26 20:23:55 - mmengine - INFO - Epoch(train) [16][100/238]  lr: 2.0000e-02  eta: 3:37:32  time: 0.8264  data_time: 0.0028  memory: 18575  loss: 0.2051  loss_rpn_cls: 0.0010  loss_rpn_bbox: 0.0052  loss_cls: 0.0700  acc: 97.3694  loss_bbox: 0.1289
2026/03/26 20:24:38 - mmengine - INFO - Epoch(train) [16][150/238]  lr: 2.0000e-02  eta: 3:36:50  time: 0.8516  data_time: 0.0032  memory: 18575  loss: 0.2105  loss_rpn_cls: 0.0013  loss_rpn_bbox: 0.0054  loss_cls: 0.0693  acc: 97.4792  loss_bbox: 0.1345
2026/03/26 20:25:23 - mmengine - INFO - Epoch(train) [16][200/238]  lr: 2.0000e-02  eta: 3:36:20  time: 0.9135  data_time: 0.0032  memory: 18575  loss: 0.2080  loss_rpn_cls: 0.0012  loss_rpn_bbox: 0.0054  loss_cls: 0.0699  acc: 97.2839  loss_bbox: 0.1316
2026/03/26 20:25:57 - mmengine - INFO - Exp name: dynamic_rcnn_r50_fpn_uatd_80e_pretrained_20260326_192928
2026/03/26 20:26:03 - mmengine - INFO - Epoch(val) [16][ 50/200]    eta: 0:00:20  time: 0.1369  data_time: 0.0195  memory: 18575  
2026/03/26 20:26:09 - mmengine - INFO - Epoch(val) [16][100/200]    eta: 0:00:12  time: 0.1044  data_time: 0.0127  memory: 880  
2026/03/26 20:26:13 - mmengine - INFO - Epoch(val) [16][150/200]    eta: 0:00:05  time: 0.0816  data_time: 0.0106  memory: 880  
2026/03/26 20:26:17 - mmengine - INFO - Epoch(val) [16][200/200]    eta: 0:00:00  time: 0.0893  data_time: 0.0115  memory: 880  
2026/03/26 20:26:17 - mmengine - INFO - Evaluating bbox...
2026/03/26 20:26:18 - mmengine - INFO - bbox_mAP_copypaste: 0.322 0.759 0.204 0.430 0.322 0.340
2026/03/26 20:26:18 - mmengine - INFO - Epoch(val) [16][200/200]    coco/bbox_mAP: 0.3220  coco/bbox_mAP_50: 0.7590  coco/bbox_mAP_75: 0.2040  coco/bbox_mAP_s: 0.4300  coco/bbox_mAP_m: 0.3220  coco/bbox_mAP_l: 0.3400  data_time: 0.0135  time: 0.1027
2026/03/26 20:27:09 - mmengine - INFO - Epoch(train) [17][ 50/238]  lr: 2.0000e-02  eta: 3:35:45  time: 1.0328  data_time: 0.0204  memory: 18575  loss: 0.1983  loss_rpn_cls: 0.0010  loss_rpn_bbox: 0.0052  loss_cls: 0.0650  acc: 97.8577  loss_bbox: 0.1271
2026/03/26 20:27:58 - mmengine - INFO - Epoch(train) [17][100/238]  lr: 2.0000e-02  eta: 3:35:25  time: 0.9706  data_time: 0.0033  memory: 18575  loss: 0.2003  loss_rpn_cls: 0.0009  loss_rpn_bbox: 0.0052  loss_cls: 0.0675  acc: 96.5271  loss_bbox: 0.1266
2026/03/26 20:28:44 - mmengine - INFO - Epoch(train) [17][150/238]  lr: 2.0000e-02  eta: 3:34:54  time: 0.9180  data_time: 0.0034  memory: 18575  loss: 0.1969  loss_rpn_cls: 0.0010  loss_rpn_bbox: 0.0052  loss_cls: 0.0671  acc: 97.6196  loss_bbox: 0.1236
2026/03/26 20:29:22 - mmengine - INFO - Exp name: dynamic_rcnn_r50_fpn_uatd_80e_pretrained_20260326_192928
2026/03/26 20:29:29 - mmengine - INFO - Epoch(train) [17][200/238]  lr: 2.0000e-02  eta: 3:34:21  time: 0.9061  data_time: 0.0033  memory: 18575  loss: 0.1993  loss_rpn_cls: 0.0011  loss_rpn_bbox: 0.0055  loss_cls: 0.0650  acc: 97.1008  loss_bbox: 0.1277
2026/03/26 20:29:58 - mmengine - INFO - Exp name: dynamic_rcnn_r50_fpn_uatd_80e_pretrained_20260326_192928
2026/03/26 20:30:48 - mmengine - INFO - Epoch(train) [18][ 50/238]  lr: 2.0000e-02  eta: 3:33:19  time: 0.9861  data_time: 0.0613  memory: 18575  loss: 0.1935  loss_rpn_cls: 0.0010  loss_rpn_bbox: 0.0052  loss_cls: 0.0637  acc: 97.3511  loss_bbox: 0.1237
2026/03/26 20:31:33 - mmengine - INFO - Epoch(train) [18][100/238]  lr: 2.0000e-02  eta: 3:32:44  time: 0.9042  data_time: 0.0029  memory: 18575  loss: 0.1950  loss_rpn_cls: 0.0011  loss_rpn_bbox: 0.0050  loss_cls: 0.0651  acc: 97.3816  loss_bbox: 0.1237
2026/03/26 20:32:18 - mmengine - INFO - Epoch(train) [18][150/238]  lr: 2.0000e-02  eta: 3:32:08  time: 0.8953  data_time: 0.0027  memory: 18575  loss: 0.2007  loss_rpn_cls: 0.0009  loss_rpn_bbox: 0.0052  loss_cls: 0.0659  acc: 97.5342  loss_bbox: 0.1286
2026/03/26 20:33:05 - mmengine - INFO - Epoch(train) [18][200/238]  lr: 2.0000e-02  eta: 3:31:39  time: 0.9374  data_time: 0.0030  memory: 18575  loss: 0.1991  loss_rpn_cls: 0.0011  loss_rpn_bbox: 0.0052  loss_cls: 0.0685  acc: 97.5098  loss_bbox: 0.1244
2026/03/26 20:33:35 - mmengine - INFO - Exp name: dynamic_rcnn_r50_fpn_uatd_80e_pretrained_20260326_192928
2026/03/26 20:33:39 - mmengine - INFO - Epoch(val) [18][ 50/200]    eta: 0:00:11  time: 0.0739  data_time: 0.0102  memory: 18575  
2026/03/26 20:33:43 - mmengine - INFO - Epoch(val) [18][100/200]    eta: 0:00:07  time: 0.0767  data_time: 0.0090  memory: 880  
2026/03/26 20:33:46 - mmengine - INFO - Epoch(val) [18][150/200]    eta: 0:00:03  time: 0.0633  data_time: 0.0073  memory: 880  
2026/03/26 20:33:49 - mmengine - INFO - Epoch(val) [18][200/200]    eta: 0:00:00  time: 0.0646  data_time: 0.0075  memory: 880  
2026/03/26 20:33:49 - mmengine - INFO - Evaluating bbox...
2026/03/26 20:33:50 - mmengine - INFO - bbox_mAP_copypaste: 0.342 0.760 0.230 0.296 0.338 0.374
2026/03/26 20:33:50 - mmengine - INFO - Epoch(val) [18][200/200]    coco/bbox_mAP: 0.3420  coco/bbox_mAP_50: 0.7600  coco/bbox_mAP_75: 0.2300  coco/bbox_mAP_s: 0.2960  coco/bbox_mAP_m: 0.3380  coco/bbox_mAP_l: 0.3740  data_time: 0.0085  time: 0.0695
2026/03/26 20:33:50 - mmengine - INFO - The previous best checkpoint /workspace/aquaculture-perception/runs/mmdet/uatd/dynamic_rcnn_r50_fpn_uatd_80e_pretrained/best_coco_bbox_mAP_epoch_6.pth is removed
2026/03/26 20:33:51 - mmengine - INFO - The best checkpoint with 0.3420 coco/bbox_mAP at 18 epoch is saved to best_coco_bbox_mAP_epoch_18.pth.
2026/03/26 20:34:36 - mmengine - INFO - Epoch(train) [19][ 50/238]  lr: 2.0000e-02  eta: 3:30:26  time: 0.9110  data_time: 0.0100  memory: 18575  loss: 0.1825  loss_rpn_cls: 0.0011  loss_rpn_bbox: 0.0051  loss_cls: 0.0602  acc: 97.5159  loss_bbox: 0.1161
2026/03/26 20:35:24 - mmengine - INFO - Epoch(train) [19][100/238]  lr: 2.0000e-02  eta: 3:29:58  time: 0.9452  data_time: 0.0030  memory: 18575  loss: 0.1865  loss_rpn_cls: 0.0011  loss_rpn_bbox: 0.0052  loss_cls: 0.0621  acc: 97.2107  loss_bbox: 0.1182
2026/03/26 20:36:16 - mmengine - INFO - Epoch(train) [19][150/238]  lr: 2.0000e-02  eta: 3:29:47  time: 1.0554  data_time: 0.0043  memory: 18575  loss: 0.1868  loss_rpn_cls: 0.0010  loss_rpn_bbox: 0.0049  loss_cls: 0.0626  acc: 97.4609  loss_bbox: 0.1183
2026/03/26 20:37:04 - mmengine - INFO - Epoch(train) [19][200/238]  lr: 2.0000e-02  eta: 3:29:19  time: 0.9562  data_time: 0.0036  memory: 18575  loss: 0.1905  loss_rpn_cls: 0.0009  loss_rpn_bbox: 0.0051  loss_cls: 0.0636  acc: 97.2046  loss_bbox: 0.1208
2026/03/26 20:37:33 - mmengine - INFO - Exp name: dynamic_rcnn_r50_fpn_uatd_80e_pretrained_20260326_192928
2026/03/26 20:38:17 - mmengine - INFO - Epoch(train) [20][ 50/238]  lr: 2.0000e-02  eta: 3:27:54  time: 0.8864  data_time: 0.0138  memory: 18575  loss: 0.1824  loss_rpn_cls: 0.0009  loss_rpn_bbox: 0.0050  loss_cls: 0.0625  acc: 97.0093  loss_bbox: 0.1139
2026/03/26 20:38:58 - mmengine - INFO - Epoch(train) [20][100/238]  lr: 2.0000e-02  eta: 3:27:03  time: 0.8111  data_time: 0.0025  memory: 18575  loss: 0.1815  loss_rpn_cls: 0.0011  loss_rpn_bbox: 0.0050  loss_cls: 0.0610  acc: 97.8027  loss_bbox: 0.1145
2026/03/26 20:39:38 - mmengine - INFO - Epoch(train) [20][150/238]  lr: 2.0000e-02  eta: 3:26:12  time: 0.8093  data_time: 0.0023  memory: 18575  loss: 0.1761  loss_rpn_cls: 0.0010  loss_rpn_bbox: 0.0050  loss_cls: 0.0580  acc: 97.2107  loss_bbox: 0.1121
2026/03/26 20:40:20 - mmengine - INFO - Epoch(train) [20][200/238]  lr: 2.0000e-02  eta: 3:25:25  time: 0.8322  data_time: 0.0026  memory: 18575  loss: 0.1865  loss_rpn_cls: 0.0010  loss_rpn_bbox: 0.0050  loss_cls: 0.0621  acc: 97.6807  loss_bbox: 0.1184
2026/03/26 20:40:49 - mmengine - INFO - Exp name: dynamic_rcnn_r50_fpn_uatd_80e_pretrained_20260326_192928
2026/03/26 20:40:52 - mmengine - INFO - Epoch(val) [20][ 50/200]    eta: 0:00:09  time: 0.0632  data_time: 0.0081  memory: 18575  
2026/03/26 20:40:56 - mmengine - INFO - Epoch(val) [20][100/200]    eta: 0:00:06  time: 0.0706  data_time: 0.0085  memory: 880  
2026/03/26 20:40:59 - mmengine - INFO - Epoch(val) [20][150/200]    eta: 0:00:03  time: 0.0625  data_time: 0.0065  memory: 880  
2026/03/26 20:41:03 - mmengine - INFO - Epoch(val) [20][200/200]    eta: 0:00:00  time: 0.0809  data_time: 0.0100  memory: 880  
2026/03/26 20:41:03 - mmengine - INFO - Evaluating bbox...
2026/03/26 20:41:03 - mmengine - INFO - bbox_mAP_copypaste: 0.314 0.762 0.189 0.404 0.316 0.323
2026/03/26 20:41:03 - mmengine - INFO - Epoch(val) [20][200/200]    coco/bbox_mAP: 0.3140  coco/bbox_mAP_50: 0.7620  coco/bbox_mAP_75: 0.1890  coco/bbox_mAP_s: 0.4040  coco/bbox_mAP_m: 0.3160  coco/bbox_mAP_l: 0.3230  data_time: 0.0082  time: 0.0691
2026/03/26 20:41:46 - mmengine - INFO - Epoch(train) [21][ 50/238]  lr: 2.0000e-02  eta: 3:23:57  time: 0.8550  data_time: 0.0141  memory: 18575  loss: 0.1842  loss_rpn_cls: 0.0010  loss_rpn_bbox: 0.0050  loss_cls: 0.0613  acc: 97.6196  loss_bbox: 0.1170
2026/03/26 20:42:26 - mmengine - INFO - Epoch(train) [21][100/238]  lr: 2.0000e-02  eta: 3:23:06  time: 0.8051  data_time: 0.0023  memory: 18575  loss: 0.1705  loss_rpn_cls: 0.0010  loss_rpn_bbox: 0.0048  loss_cls: 0.0572  acc: 97.3755  loss_bbox: 0.1076
2026/03/26 20:43:11 - mmengine - INFO - Epoch(train) [21][150/238]  lr: 2.0000e-02  eta: 3:22:27  time: 0.8888  data_time: 0.0030  memory: 18575  loss: 0.1772  loss_rpn_cls: 0.0011  loss_rpn_bbox: 0.0050  loss_cls: 0.0593  acc: 97.6318  loss_bbox: 0.1119
2026/03/26 20:43:52 - mmengine - INFO - Epoch(train) [21][200/238]  lr: 2.0000e-02  eta: 3:21:38  time: 0.8162  data_time: 0.0025  memory: 18575  loss: 0.1855  loss_rpn_cls: 0.0009  loss_rpn_bbox: 0.0049  loss_cls: 0.0599  acc: 97.2412  loss_bbox: 0.1198
2026/03/26 20:44:20 - mmengine - INFO - Exp name: dynamic_rcnn_r50_fpn_uatd_80e_pretrained_20260326_192928
2026/03/26 20:44:25 - mmengine - INFO - Exp name: dynamic_rcnn_r50_fpn_uatd_80e_pretrained_20260326_192928
2026/03/26 20:45:04 - mmengine - INFO - Epoch(train) [22][ 50/238]  lr: 2.0000e-02  eta: 3:20:13  time: 0.8685  data_time: 0.0284  memory: 18575  loss: 0.1711  loss_rpn_cls: 0.0010  loss_rpn_bbox: 0.0047  loss_cls: 0.0585  acc: 97.8516  loss_bbox: 0.1070
2026/03/26 20:45:44 - mmengine - INFO - Epoch(train) [22][100/238]  lr: 2.0000e-02  eta: 3:19:23  time: 0.8050  data_time: 0.0024  memory: 18575  loss: 0.1758  loss_rpn_cls: 0.0010  loss_rpn_bbox: 0.0049  loss_cls: 0.0585  acc: 98.3093  loss_bbox: 0.1114
2026/03/26 20:46:27 - mmengine - INFO - Epoch(train) [22][150/238]  lr: 2.0000e-02  eta: 3:18:38  time: 0.8479  data_time: 0.0029  memory: 18575  loss: 0.1698  loss_rpn_cls: 0.0009  loss_rpn_bbox: 0.0048  loss_cls: 0.0558  acc: 97.8088  loss_bbox: 0.1083
2026/03/26 20:47:11 - mmengine - INFO - Epoch(train) [22][200/238]  lr: 2.0000e-02  eta: 3:17:59  time: 0.8817  data_time: 0.0035  memory: 18575  loss: 0.1748  loss_rpn_cls: 0.0009  loss_rpn_bbox: 0.0048  loss_cls: 0.0577  acc: 96.9421  loss_bbox: 0.1115
2026/03/26 20:47:40 - mmengine - INFO - Exp name: dynamic_rcnn_r50_fpn_uatd_80e_pretrained_20260326_192928
2026/03/26 20:47:44 - mmengine - INFO - Epoch(val) [22][ 50/200]    eta: 0:00:12  time: 0.0823  data_time: 0.0111  memory: 18575  
2026/03/26 20:47:48 - mmengine - INFO - Epoch(val) [22][100/200]    eta: 0:00:07  time: 0.0721  data_time: 0.0078  memory: 880  
2026/03/26 20:47:52 - mmengine - INFO - Epoch(val) [22][150/200]    eta: 0:00:03  time: 0.0735  data_time: 0.0082  memory: 880  
2026/03/26 20:47:56 - mmengine - INFO - Epoch(val) [22][200/200]    eta: 0:00:00  time: 0.0811  data_time: 0.0094  memory: 880  
2026/03/26 20:47:56 - mmengine - INFO - Evaluating bbox...
2026/03/26 20:47:56 - mmengine - INFO - bbox_mAP_copypaste: 0.334 0.770 0.215 0.478 0.334 0.322
2026/03/26 20:47:56 - mmengine - INFO - Epoch(val) [22][200/200]    coco/bbox_mAP: 0.3340  coco/bbox_mAP_50: 0.7700  coco/bbox_mAP_75: 0.2150  coco/bbox_mAP_s: 0.4780  coco/bbox_mAP_m: 0.3340  coco/bbox_mAP_l: 0.3220  data_time: 0.0091  time: 0.0770
2026/03/26 20:48:38 - mmengine - INFO - Epoch(train) [23][ 50/238]  lr: 2.0000e-02  eta: 3:16:33  time: 0.8417  data_time: 0.0081  memory: 18575  loss: 0.1688  loss_rpn_cls: 0.0009  loss_rpn_bbox: 0.0048  loss_cls: 0.0556  acc: 97.4976  loss_bbox: 0.1074
2026/03/26 20:49:25 - mmengine - INFO - Epoch(train) [23][100/238]  lr: 2.0000e-02  eta: 3:16:00  time: 0.9317  data_time: 0.0033  memory: 18575  loss: 0.1666  loss_rpn_cls: 0.0011  loss_rpn_bbox: 0.0048  loss_cls: 0.0555  acc: 98.1812  loss_bbox: 0.1052
2026/03/26 20:50:09 - mmengine - INFO - Epoch(train) [23][150/238]  lr: 2.0000e-02  eta: 3:15:19  time: 0.8789  data_time: 0.0028  memory: 18575  loss: 0.1687  loss_rpn_cls: 0.0009  loss_rpn_bbox: 0.0047  loss_cls: 0.0542  acc: 97.8638  loss_bbox: 0.1088
2026/03/26 20:50:58 - mmengine - INFO - Epoch(train) [23][200/238]  lr: 2.0000e-02  eta: 3:14:52  time: 0.9853  data_time: 0.0033  memory: 18575  loss: 0.1691  loss_rpn_cls: 0.0008  loss_rpn_bbox: 0.0049  loss_cls: 0.0565  acc: 97.5281  loss_bbox: 0.1069
2026/03/26 20:51:28 - mmengine - INFO - Exp name: dynamic_rcnn_r50_fpn_uatd_80e_pretrained_20260326_192928
2026/03/26 20:52:13 - mmengine - INFO - Epoch(train) [24][ 50/238]  lr: 2.0000e-02  eta: 3:13:36  time: 0.9048  data_time: 0.0142  memory: 18575  loss: 0.1693  loss_rpn_cls: 0.0010  loss_rpn_bbox: 0.0048  loss_cls: 0.0557  acc: 97.6135  loss_bbox: 0.1078
2026/03/26 20:52:52 - mmengine - INFO - Epoch(train) [24][100/238]  lr: 2.0000e-02  eta: 3:12:43  time: 0.7827  data_time: 0.0023  memory: 18575  loss: 0.1574  loss_rpn_cls: 0.0007  loss_rpn_bbox: 0.0045  loss_cls: 0.0514  acc: 97.7295  loss_bbox: 0.1007
2026/03/26 20:53:32 - mmengine - INFO - Epoch(train) [24][150/238]  lr: 2.0000e-02  eta: 3:11:52  time: 0.7865  data_time: 0.0024  memory: 18575  loss: 0.1693  loss_rpn_cls: 0.0009  loss_rpn_bbox: 0.0048  loss_cls: 0.0568  acc: 98.2300  loss_bbox: 0.1067
2026/03/26 20:54:13 - mmengine - INFO - Epoch(train) [24][200/238]  lr: 2.0000e-02  eta: 3:11:04  time: 0.8169  data_time: 0.0026  memory: 18575  loss: 0.1664  loss_rpn_cls: 0.0011  loss_rpn_bbox: 0.0048  loss_cls: 0.0564  acc: 97.7844  loss_bbox: 0.1040
2026/03/26 20:54:41 - mmengine - INFO - Exp name: dynamic_rcnn_r50_fpn_uatd_80e_pretrained_20260326_192928
2026/03/26 20:54:44 - mmengine - INFO - Epoch(val) [24][ 50/200]    eta: 0:00:08  time: 0.0594  data_time: 0.0082  memory: 18575  
2026/03/26 20:54:46 - mmengine - INFO - Epoch(val) [24][100/200]    eta: 0:00:05  time: 0.0568  data_time: 0.0054  memory: 880  
2026/03/26 20:54:49 - mmengine - INFO - Epoch(val) [24][150/200]    eta: 0:00:02  time: 0.0570  data_time: 0.0054  memory: 880  
2026/03/26 20:54:52 - mmengine - INFO - Epoch(val) [24][200/200]    eta: 0:00:00  time: 0.0554  data_time: 0.0050  memory: 880  
2026/03/26 20:54:52 - mmengine - INFO - Evaluating bbox...
2026/03/26 20:54:53 - mmengine - INFO - bbox_mAP_copypaste: 0.333 0.778 0.216 0.467 0.333 0.342
2026/03/26 20:54:53 - mmengine - INFO - Epoch(val) [24][200/200]    coco/bbox_mAP: 0.3330  coco/bbox_mAP_50: 0.7780  coco/bbox_mAP_75: 0.2160  coco/bbox_mAP_s: 0.4670  coco/bbox_mAP_m: 0.3330  coco/bbox_mAP_l: 0.3420  data_time: 0.0060  time: 0.0571
2026/03/26 20:55:33 - mmengine - INFO - Epoch(train) [25][ 50/238]  lr: 2.0000e-02  eta: 3:09:31  time: 0.8012  data_time: 0.0126  memory: 18575  loss: 0.1591  loss_rpn_cls: 0.0008  loss_rpn_bbox: 0.0045  loss_cls: 0.0523  acc: 98.1812  loss_bbox: 0.1013
2026/03/26 20:56:15 - mmengine - INFO - Epoch(train) [25][100/238]  lr: 2.0000e-02  eta: 3:08:47  time: 0.8420  data_time: 0.0027  memory: 18575  loss: 0.1576  loss_rpn_cls: 0.0008  loss_rpn_bbox: 0.0046  loss_cls: 0.0521  acc: 97.2778  loss_bbox: 0.1000
2026/03/26 20:57:06 - mmengine - INFO - Epoch(train) [25][150/238]  lr: 2.0000e-02  eta: 3:08:22  time: 1.0175  data_time: 0.0038  memory: 18575  loss: 0.1590  loss_rpn_cls: 0.0010  loss_rpn_bbox: 0.0045  loss_cls: 0.0529  acc: 97.4304  loss_bbox: 0.1006
2026/03/26 20:57:55 - mmengine - INFO - Epoch(train) [25][200/238]  lr: 2.0000e-02  eta: 3:07:53  time: 0.9837  data_time: 0.0039  memory: 18575  loss: 0.1632  loss_rpn_cls: 0.0009  loss_rpn_bbox: 0.0048  loss_cls: 0.0556  acc: 97.8638  loss_bbox: 0.1019
2026/03/26 20:58:30 - mmengine - INFO - Exp name: dynamic_rcnn_r50_fpn_uatd_80e_pretrained_20260326_192928
2026/03/26 20:59:22 - mmengine - INFO - Exp name: dynamic_rcnn_r50_fpn_uatd_80e_pretrained_20260326_192928
2026/03/26 20:59:22 - mmengine - INFO - Epoch(train) [26][ 50/238]  lr: 2.0000e-02  eta: 3:07:03  time: 1.0430  data_time: 0.0172  memory: 18575  loss: 0.1528  loss_rpn_cls: 0.0009  loss_rpn_bbox: 0.0045  loss_cls: 0.0514  acc: 97.7112  loss_bbox: 0.0960
2026/03/26 21:00:09 - mmengine - INFO - Epoch(train) [26][100/238]  lr: 2.0000e-02  eta: 3:06:28  time: 0.9368  data_time: 0.0030  memory: 18575  loss: 0.1502  loss_rpn_cls: 0.0008  loss_rpn_bbox: 0.0045  loss_cls: 0.0501  acc: 98.4253  loss_bbox: 0.0949
2026/03/26 21:00:59 - mmengine - INFO - Epoch(train) [26][150/238]  lr: 2.0000e-02  eta: 3:06:00  time: 1.0030  data_time: 0.0035  memory: 18575  loss: 0.1556  loss_rpn_cls: 0.0008  loss_rpn_bbox: 0.0047  loss_cls: 0.0519  acc: 97.9309  loss_bbox: 0.0982
2026/03/26 21:01:43 - mmengine - INFO - Epoch(train) [26][200/238]  lr: 2.0000e-02  eta: 3:05:19  time: 0.8853  data_time: 0.0028  memory: 18575  loss: 0.1567  loss_rpn_cls: 0.0008  loss_rpn_bbox: 0.0046  loss_cls: 0.0520  acc: 97.9431  loss_bbox: 0.0994
2026/03/26 21:02:11 - mmengine - INFO - Exp name: dynamic_rcnn_r50_fpn_uatd_80e_pretrained_20260326_192928
2026/03/26 21:02:16 - mmengine - INFO - Epoch(val) [26][ 50/200]    eta: 0:00:13  time: 0.0891  data_time: 0.0117  memory: 18575  
2026/03/26 21:02:19 - mmengine - INFO - Epoch(val) [26][100/200]    eta: 0:00:08  time: 0.0719  data_time: 0.0079  memory: 880  
2026/03/26 21:02:22 - mmengine - INFO - Epoch(val) [26][150/200]    eta: 0:00:03  time: 0.0626  data_time: 0.0062  memory: 880  
2026/03/26 21:02:25 - mmengine - INFO - Epoch(val) [26][200/200]    eta: 0:00:00  time: 0.0589  data_time: 0.0055  memory: 880  
2026/03/26 21:02:25 - mmengine - INFO - Evaluating bbox...
2026/03/26 21:02:26 - mmengine - INFO - bbox_mAP_copypaste: 0.319 0.787 0.183 0.434 0.316 0.335
2026/03/26 21:02:26 - mmengine - INFO - Epoch(val) [26][200/200]    coco/bbox_mAP: 0.3190  coco/bbox_mAP_50: 0.7870  coco/bbox_mAP_75: 0.1830  coco/bbox_mAP_s: 0.4340  coco/bbox_mAP_m: 0.3160  coco/bbox_mAP_l: 0.3350  data_time: 0.0078  time: 0.0704
2026/03/26 21:03:07 - mmengine - INFO - Epoch(train) [27][ 50/238]  lr: 2.0000e-02  eta: 3:03:48  time: 0.8107  data_time: 0.0137  memory: 18575  loss: 0.1450  loss_rpn_cls: 0.0007  loss_rpn_bbox: 0.0045  loss_cls: 0.0479  acc: 97.8516  loss_bbox: 0.0919
2026/03/26 21:03:45 - mmengine - INFO - Epoch(train) [27][100/238]  lr: 2.0000e-02  eta: 3:02:56  time: 0.7693  data_time: 0.0026  memory: 18575  loss: 0.1506  loss_rpn_cls: 0.0007  loss_rpn_bbox: 0.0046  loss_cls: 0.0505  acc: 97.7295  loss_bbox: 0.0947
2026/03/26 21:04:24 - mmengine - INFO - Epoch(train) [27][150/238]  lr: 2.0000e-02  eta: 3:02:04  time: 0.7716  data_time: 0.0026  memory: 18575  loss: 0.1498  loss_rpn_cls: 0.0010  loss_rpn_bbox: 0.0045  loss_cls: 0.0498  acc: 97.9736  loss_bbox: 0.0945
2026/03/26 21:05:02 - mmengine - INFO - Epoch(train) [27][200/238]  lr: 2.0000e-02  eta: 3:01:11  time: 0.7602  data_time: 0.0026  memory: 18575  loss: 0.1531  loss_rpn_cls: 0.0010  loss_rpn_bbox: 0.0045  loss_cls: 0.0496  acc: 97.9187  loss_bbox: 0.0980
2026/03/26 21:05:29 - mmengine - INFO - Exp name: dynamic_rcnn_r50_fpn_uatd_80e_pretrained_20260326_192928
2026/03/26 21:06:09 - mmengine - INFO - Epoch(train) [28][ 50/238]  lr: 2.0000e-02  eta: 2:59:39  time: 0.7930  data_time: 0.0138  memory: 18575  loss: 0.1470  loss_rpn_cls: 0.0009  loss_rpn_bbox: 0.0044  loss_cls: 0.0486  acc: 98.1812  loss_bbox: 0.0931
2026/03/26 21:06:54 - mmengine - INFO - Epoch(train) [28][100/238]  lr: 2.0000e-02  eta: 2:59:01  time: 0.9021  data_time: 0.0034  memory: 18575  loss: 0.1432  loss_rpn_cls: 0.0008  loss_rpn_bbox: 0.0045  loss_cls: 0.0479  acc: 98.2300  loss_bbox: 0.0900
2026/03/26 21:07:46 - mmengine - INFO - Epoch(train) [28][150/238]  lr: 2.0000e-02  eta: 2:58:35  time: 1.0372  data_time: 0.0040  memory: 18575  loss: 0.1445  loss_rpn_cls: 0.0008  loss_rpn_bbox: 0.0043  loss_cls: 0.0483  acc: 97.5708  loss_bbox: 0.0911
2026/03/26 21:08:27 - mmengine - INFO - Epoch(train) [28][200/238]  lr: 2.0000e-02  eta: 2:57:49  time: 0.8302  data_time: 0.0027  memory: 18575  loss: 0.1494  loss_rpn_cls: 0.0009  loss_rpn_bbox: 0.0045  loss_cls: 0.0500  acc: 98.3765  loss_bbox: 0.0940
2026/03/26 21:08:56 - mmengine - INFO - Exp name: dynamic_rcnn_r50_fpn_uatd_80e_pretrained_20260326_192928
2026/03/26 21:08:59 - mmengine - INFO - Epoch(val) [28][ 50/200]    eta: 0:00:09  time: 0.0608  data_time: 0.0076  memory: 18575  
2026/03/26 21:09:02 - mmengine - INFO - Epoch(val) [28][100/200]    eta: 0:00:06  time: 0.0592  data_time: 0.0064  memory: 880  
2026/03/26 21:09:05 - mmengine - INFO - Epoch(val) [28][150/200]    eta: 0:00:02  time: 0.0578  data_time: 0.0060  memory: 880  
2026/03/26 21:09:08 - mmengine - INFO - Epoch(val) [28][200/200]    eta: 0:00:00  time: 0.0585  data_time: 0.0061  memory: 880  
2026/03/26 21:09:08 - mmengine - INFO - Evaluating bbox...
2026/03/26 21:09:08 - mmengine - INFO - bbox_mAP_copypaste: 0.339 0.788 0.212 0.408 0.340 0.334
2026/03/26 21:09:08 - mmengine - INFO - Epoch(val) [28][200/200]    coco/bbox_mAP: 0.3390  coco/bbox_mAP_50: 0.7880  coco/bbox_mAP_75: 0.2120  coco/bbox_mAP_s: 0.4080  coco/bbox_mAP_m: 0.3400  coco/bbox_mAP_l: 0.3340  data_time: 0.0065  time: 0.0590
2026/03/26 21:09:49 - mmengine - INFO - Epoch(train) [29][ 50/238]  lr: 2.0000e-02  eta: 2:56:22  time: 0.8267  data_time: 0.0150  memory: 18575  loss: 0.1448  loss_rpn_cls: 0.0008  loss_rpn_bbox: 0.0043  loss_cls: 0.0481  acc: 97.7173  loss_bbox: 0.0915
2026/03/26 21:10:29 - mmengine - INFO - Epoch(train) [29][100/238]  lr: 2.0000e-02  eta: 2:55:33  time: 0.7820  data_time: 0.0020  memory: 18575  loss: 0.1453  loss_rpn_cls: 0.0008  loss_rpn_bbox: 0.0044  loss_cls: 0.0488  acc: 97.2229  loss_bbox: 0.0914
2026/03/26 21:11:07 - mmengine - INFO - Epoch(train) [29][150/238]  lr: 2.0000e-02  eta: 2:54:42  time: 0.7690  data_time: 0.0022  memory: 18575  loss: 0.1420  loss_rpn_cls: 0.0008  loss_rpn_bbox: 0.0044  loss_cls: 0.0482  acc: 97.7051  loss_bbox: 0.0887
2026/03/26 21:11:44 - mmengine - INFO - Epoch(train) [29][200/238]  lr: 2.0000e-02  eta: 2:53:49  time: 0.7433  data_time: 0.0023  memory: 18575  loss: 0.1474  loss_rpn_cls: 0.0008  loss_rpn_bbox: 0.0044  loss_cls: 0.0487  acc: 97.8271  loss_bbox: 0.0936
2026/03/26 21:12:12 - mmengine - INFO - Exp name: dynamic_rcnn_r50_fpn_uatd_80e_pretrained_20260326_192928
2026/03/26 21:12:53 - mmengine - INFO - Epoch(train) [30][ 50/238]  lr: 2.0000e-02  eta: 2:52:22  time: 0.8257  data_time: 0.0084  memory: 18575  loss: 0.1416  loss_rpn_cls: 0.0008  loss_rpn_bbox: 0.0045  loss_cls: 0.0466  acc: 98.0774  loss_bbox: 0.0897
2026/03/26 21:13:33 - mmengine - INFO - Exp name: dynamic_rcnn_r50_fpn_uatd_80e_pretrained_20260326_192928
2026/03/26 21:13:34 - mmengine - INFO - Epoch(train) [30][100/238]  lr: 2.0000e-02  eta: 2:51:36  time: 0.8195  data_time: 0.0030  memory: 18575  loss: 0.1350  loss_rpn_cls: 0.0009  loss_rpn_bbox: 0.0044  loss_cls: 0.0447  acc: 97.9736  loss_bbox: 0.0850
2026/03/26 21:14:17 - mmengine - INFO - Epoch(train) [30][150/238]  lr: 2.0000e-02  eta: 2:50:54  time: 0.8602  data_time: 0.0028  memory: 18575  loss: 0.1387  loss_rpn_cls: 0.0009  loss_rpn_bbox: 0.0043  loss_cls: 0.0463  acc: 98.1384  loss_bbox: 0.0872
2026/03/26 21:15:08 - mmengine - INFO - Epoch(train) [30][200/238]  lr: 2.0000e-02  eta: 2:50:25  time: 1.0184  data_time: 0.0043  memory: 18575  loss: 0.1394  loss_rpn_cls: 0.0008  loss_rpn_bbox: 0.0042  loss_cls: 0.0460  acc: 98.4131  loss_bbox: 0.0883
2026/03/26 21:15:41 - mmengine - INFO - Exp name: dynamic_rcnn_r50_fpn_uatd_80e_pretrained_20260326_192928
2026/03/26 21:15:44 - mmengine - INFO - Epoch(val) [30][ 50/200]    eta: 0:00:09  time: 0.0612  data_time: 0.0080  memory: 18575  
2026/03/26 21:15:48 - mmengine - INFO - Epoch(val) [30][100/200]    eta: 0:00:06  time: 0.0751  data_time: 0.0087  memory: 880  
2026/03/26 21:15:51 - mmengine - INFO - Epoch(val) [30][150/200]    eta: 0:00:03  time: 0.0607  data_time: 0.0065  memory: 880  
2026/03/26 21:15:55 - mmengine - INFO - Epoch(val) [30][200/200]    eta: 0:00:00  time: 0.0845  data_time: 0.0097  memory: 880  
2026/03/26 21:15:56 - mmengine - INFO - Evaluating bbox...
2026/03/26 21:15:56 - mmengine - INFO - bbox_mAP_copypaste: 0.311 0.721 0.186 0.373 0.316 0.305
2026/03/26 21:15:56 - mmengine - INFO - Epoch(val) [30][200/200]    coco/bbox_mAP: 0.3110  coco/bbox_mAP_50: 0.7210  coco/bbox_mAP_75: 0.1860  coco/bbox_mAP_s: 0.3730  coco/bbox_mAP_m: 0.3160  coco/bbox_mAP_l: 0.3050  data_time: 0.0082  time: 0.0702
2026/03/26 21:16:39 - mmengine - INFO - Epoch(train) [31][ 50/238]  lr: 2.0000e-02  eta: 2:49:11  time: 0.8650  data_time: 0.0122  memory: 18575  loss: 0.1446  loss_rpn_cls: 0.0008  loss_rpn_bbox: 0.0045  loss_cls: 0.0474  acc: 98.1934  loss_bbox: 0.0919
2026/03/26 21:17:23 - mmengine - INFO - Epoch(train) [31][100/238]  lr: 2.0000e-02  eta: 2:48:30  time: 0.8762  data_time: 0.0026  memory: 18575  loss: 0.1416  loss_rpn_cls: 0.0008  loss_rpn_bbox: 0.0044  loss_cls: 0.0468  acc: 98.3948  loss_bbox: 0.0896
2026/03/26 21:18:05 - mmengine - INFO - Epoch(train) [31][150/238]  lr: 2.0000e-02  eta: 2:47:46  time: 0.8374  data_time: 0.0025  memory: 18575  loss: 0.1375  loss_rpn_cls: 0.0007  loss_rpn_bbox: 0.0043  loss_cls: 0.0448  acc: 97.8943  loss_bbox: 0.0877
2026/03/26 21:18:45 - mmengine - INFO - Epoch(train) [31][200/238]  lr: 2.0000e-02  eta: 2:46:59  time: 0.8053  data_time: 0.0025  memory: 18575  loss: 0.1368  loss_rpn_cls: 0.0008  loss_rpn_bbox: 0.0042  loss_cls: 0.0452  acc: 98.4985  loss_bbox: 0.0866
2026/03/26 21:19:13 - mmengine - INFO - Exp name: dynamic_rcnn_r50_fpn_uatd_80e_pretrained_20260326_192928
2026/03/26 21:19:53 - mmengine - INFO - Epoch(train) [32][ 50/238]  lr: 2.0000e-02  eta: 2:45:32  time: 0.7938  data_time: 0.0136  memory: 18575  loss: 0.1387  loss_rpn_cls: 0.0009  loss_rpn_bbox: 0.0043  loss_cls: 0.0465  acc: 97.9675  loss_bbox: 0.0871
2026/03/26 21:20:33 - mmengine - INFO - Epoch(train) [32][100/238]  lr: 2.0000e-02  eta: 2:44:44  time: 0.7947  data_time: 0.0024  memory: 18575  loss: 0.1312  loss_rpn_cls: 0.0008  loss_rpn_bbox: 0.0041  loss_cls: 0.0437  acc: 97.7234  loss_bbox: 0.0826
2026/03/26 21:21:13 - mmengine - INFO - Epoch(train) [32][150/238]  lr: 2.0000e-02  eta: 2:43:57  time: 0.7984  data_time: 0.0021  memory: 18575  loss: 0.1319  loss_rpn_cls: 0.0008  loss_rpn_bbox: 0.0044  loss_cls: 0.0436  acc: 98.2727  loss_bbox: 0.0832
2026/03/26 21:21:52 - mmengine - INFO - Epoch(train) [32][200/238]  lr: 2.0000e-02  eta: 2:43:10  time: 0.7978  data_time: 0.0020  memory: 18575  loss: 0.1306  loss_rpn_cls: 0.0007  loss_rpn_bbox: 0.0042  loss_cls: 0.0444  acc: 98.6206  loss_bbox: 0.0814
2026/03/26 21:22:22 - mmengine - INFO - Exp name: dynamic_rcnn_r50_fpn_uatd_80e_pretrained_20260326_192928
2026/03/26 21:22:25 - mmengine - INFO - Epoch(val) [32][ 50/200]    eta: 0:00:11  time: 0.0741  data_time: 0.0101  memory: 18575  
2026/03/26 21:22:28 - mmengine - INFO - Epoch(val) [32][100/200]    eta: 0:00:06  time: 0.0564  data_time: 0.0055  memory: 880  
2026/03/26 21:22:31 - mmengine - INFO - Epoch(val) [32][150/200]    eta: 0:00:03  time: 0.0541  data_time: 0.0050  memory: 880  
2026/03/26 21:22:34 - mmengine - INFO - Epoch(val) [32][200/200]    eta: 0:00:00  time: 0.0544  data_time: 0.0052  memory: 880  
2026/03/26 21:22:34 - mmengine - INFO - Evaluating bbox...
2026/03/26 21:22:34 - mmengine - INFO - bbox_mAP_copypaste: 0.329 0.784 0.207 0.377 0.327 0.337
2026/03/26 21:22:34 - mmengine - INFO - Epoch(val) [32][200/200]    coco/bbox_mAP: 0.3290  coco/bbox_mAP_50: 0.7840  coco/bbox_mAP_75: 0.2070  coco/bbox_mAP_s: 0.3770  coco/bbox_mAP_m: 0.3270  coco/bbox_mAP_l: 0.3370  data_time: 0.0064  time: 0.0596
2026/03/26 21:23:16 - mmengine - INFO - Epoch(train) [33][ 50/238]  lr: 2.0000e-02  eta: 2:41:49  time: 0.8416  data_time: 0.0071  memory: 18575  loss: 0.1285  loss_rpn_cls: 0.0007  loss_rpn_bbox: 0.0041  loss_cls: 0.0427  acc: 98.1262  loss_bbox: 0.0811
2026/03/26 21:23:56 - mmengine - INFO - Epoch(train) [33][100/238]  lr: 2.0000e-02  eta: 2:41:02  time: 0.7999  data_time: 0.0023  memory: 18575  loss: 0.1303  loss_rpn_cls: 0.0009  loss_rpn_bbox: 0.0042  loss_cls: 0.0430  acc: 98.8220  loss_bbox: 0.0823
2026/03/26 21:24:36 - mmengine - INFO - Epoch(train) [33][150/238]  lr: 2.0000e-02  eta: 2:40:15  time: 0.7942  data_time: 0.0022  memory: 18575  loss: 0.1308  loss_rpn_cls: 0.0008  loss_rpn_bbox: 0.0042  loss_cls: 0.0444  acc: 98.1323  loss_bbox: 0.0813
2026/03/26 21:25:15 - mmengine - INFO - Epoch(train) [33][200/238]  lr: 2.0000e-02  eta: 2:39:28  time: 0.7886  data_time: 0.0022  memory: 18575  loss: 0.1293  loss_rpn_cls: 0.0008  loss_rpn_bbox: 0.0041  loss_cls: 0.0433  acc: 98.1628  loss_bbox: 0.0811
2026/03/26 21:25:43 - mmengine - INFO - Exp name: dynamic_rcnn_r50_fpn_uatd_80e_pretrained_20260326_192928
2026/03/26 21:26:23 - mmengine - INFO - Epoch(train) [34][ 50/238]  lr: 2.0000e-02  eta: 2:38:03  time: 0.8003  data_time: 0.0095  memory: 18575  loss: 0.1270  loss_rpn_cls: 0.0007  loss_rpn_bbox: 0.0041  loss_cls: 0.0425  acc: 98.2910  loss_bbox: 0.0796
2026/03/26 21:27:03 - mmengine - INFO - Epoch(train) [34][100/238]  lr: 2.0000e-02  eta: 2:37:16  time: 0.7833  data_time: 0.0021  memory: 18575  loss: 0.1294  loss_rpn_cls: 0.0008  loss_rpn_bbox: 0.0042  loss_cls: 0.0436  acc: 98.5657  loss_bbox: 0.0808
2026/03/26 21:27:38 - mmengine - INFO - Exp name: dynamic_rcnn_r50_fpn_uatd_80e_pretrained_20260326_192928
2026/03/26 21:27:41 - mmengine - INFO - Epoch(train) [34][150/238]  lr: 2.0000e-02  eta: 2:36:28  time: 0.7731  data_time: 0.0022  memory: 18575  loss: 0.1303  loss_rpn_cls: 0.0007  loss_rpn_bbox: 0.0040  loss_cls: 0.0435  acc: 97.7844  loss_bbox: 0.0821
2026/03/26 21:28:20 - mmengine - INFO - Epoch(train) [34][200/238]  lr: 2.0000e-02  eta: 2:35:40  time: 0.7662  data_time: 0.0021  memory: 18575  loss: 0.1305  loss_rpn_cls: 0.0007  loss_rpn_bbox: 0.0040  loss_cls: 0.0435  acc: 98.7061  loss_bbox: 0.0824
2026/03/26 21:28:47 - mmengine - INFO - Exp name: dynamic_rcnn_r50_fpn_uatd_80e_pretrained_20260326_192928
2026/03/26 21:28:50 - mmengine - INFO - Epoch(val) [34][ 50/200]    eta: 0:00:08  time: 0.0562  data_time: 0.0067  memory: 18575  
2026/03/26 21:28:53 - mmengine - INFO - Epoch(val) [34][100/200]    eta: 0:00:05  time: 0.0546  data_time: 0.0051  memory: 880  
2026/03/26 21:28:55 - mmengine - INFO - Epoch(val) [34][150/200]    eta: 0:00:02  time: 0.0540  data_time: 0.0048  memory: 880  
2026/03/26 21:28:58 - mmengine - INFO - Epoch(val) [34][200/200]    eta: 0:00:00  time: 0.0540  data_time: 0.0049  memory: 880  
2026/03/26 21:28:58 - mmengine - INFO - Evaluating bbox...
2026/03/26 21:28:59 - mmengine - INFO - bbox_mAP_copypaste: 0.312 0.743 0.171 0.519 0.311 0.334
2026/03/26 21:28:59 - mmengine - INFO - Epoch(val) [34][200/200]    coco/bbox_mAP: 0.3120  coco/bbox_mAP_50: 0.7430  coco/bbox_mAP_75: 0.1710  coco/bbox_mAP_s: 0.5190  coco/bbox_mAP_m: 0.3110  coco/bbox_mAP_l: 0.3340  data_time: 0.0053  time: 0.0546
2026/03/26 21:29:39 - mmengine - INFO - Epoch(train) [35][ 50/238]  lr: 2.0000e-02  eta: 2:34:15  time: 0.7984  data_time: 0.0126  memory: 18575  loss: 0.1256  loss_rpn_cls: 0.0007  loss_rpn_bbox: 0.0040  loss_cls: 0.0421  acc: 98.4558  loss_bbox: 0.0788
2026/03/26 21:30:18 - mmengine - INFO - Epoch(train) [35][100/238]  lr: 2.0000e-02  eta: 2:33:29  time: 0.7878  data_time: 0.0021  memory: 18575  loss: 0.1209  loss_rpn_cls: 0.0007  loss_rpn_bbox: 0.0040  loss_cls: 0.0411  acc: 98.3154  loss_bbox: 0.0751
2026/03/26 21:30:58 - mmengine - INFO - Epoch(train) [35][150/238]  lr: 2.0000e-02  eta: 2:32:43  time: 0.7981  data_time: 0.0022  memory: 18575  loss: 0.1229  loss_rpn_cls: 0.0007  loss_rpn_bbox: 0.0041  loss_cls: 0.0410  acc: 98.0469  loss_bbox: 0.0771
2026/03/26 21:31:37 - mmengine - INFO - Epoch(train) [35][200/238]  lr: 2.0000e-02  eta: 2:31:57  time: 0.7889  data_time: 0.0024  memory: 18575  loss: 0.1249  loss_rpn_cls: 0.0008  loss_rpn_bbox: 0.0040  loss_cls: 0.0416  acc: 97.4915  loss_bbox: 0.0785
2026/03/26 21:32:05 - mmengine - INFO - Exp name: dynamic_rcnn_r50_fpn_uatd_80e_pretrained_20260326_192928
2026/03/26 21:32:45 - mmengine - INFO - Epoch(train) [36][ 50/238]  lr: 2.0000e-02  eta: 2:30:34  time: 0.8069  data_time: 0.0108  memory: 18575  loss: 0.1214  loss_rpn_cls: 0.0007  loss_rpn_bbox: 0.0040  loss_cls: 0.0409  acc: 98.5168  loss_bbox: 0.0757
2026/03/26 21:33:25 - mmengine - INFO - Epoch(train) [36][100/238]  lr: 2.0000e-02  eta: 2:29:48  time: 0.8003  data_time: 0.0022  memory: 18575  loss: 0.1205  loss_rpn_cls: 0.0008  loss_rpn_bbox: 0.0040  loss_cls: 0.0409  acc: 98.2300  loss_bbox: 0.0749
2026/03/26 21:34:05 - mmengine - INFO - Epoch(train) [36][150/238]  lr: 2.0000e-02  eta: 2:29:03  time: 0.7963  data_time: 0.0022  memory: 18575  loss: 0.1228  loss_rpn_cls: 0.0008  loss_rpn_bbox: 0.0041  loss_cls: 0.0400  acc: 98.6023  loss_bbox: 0.0780
2026/03/26 21:34:46 - mmengine - INFO - Epoch(train) [36][200/238]  lr: 2.0000e-02  eta: 2:28:18  time: 0.8044  data_time: 0.0023  memory: 18575  loss: 0.1218  loss_rpn_cls: 0.0008  loss_rpn_bbox: 0.0040  loss_cls: 0.0407  acc: 98.1567  loss_bbox: 0.0763
2026/03/26 21:35:14 - mmengine - INFO - Exp name: dynamic_rcnn_r50_fpn_uatd_80e_pretrained_20260326_192928
2026/03/26 21:35:17 - mmengine - INFO - Epoch(val) [36][ 50/200]    eta: 0:00:08  time: 0.0598  data_time: 0.0077  memory: 18575  
2026/03/26 21:35:20 - mmengine - INFO - Epoch(val) [36][100/200]    eta: 0:00:05  time: 0.0586  data_time: 0.0058  memory: 880  
2026/03/26 21:35:23 - mmengine - INFO - Epoch(val) [36][150/200]    eta: 0:00:02  time: 0.0581  data_time: 0.0057  memory: 880  
2026/03/26 21:35:26 - mmengine - INFO - Epoch(val) [36][200/200]    eta: 0:00:00  time: 0.0564  data_time: 0.0054  memory: 880  
2026/03/26 21:35:26 - mmengine - INFO - Evaluating bbox...
2026/03/26 21:35:26 - mmengine - INFO - bbox_mAP_copypaste: 0.336 0.792 0.211 0.286 0.339 0.336
2026/03/26 21:35:26 - mmengine - INFO - Epoch(val) [36][200/200]    coco/bbox_mAP: 0.3360  coco/bbox_mAP_50: 0.7920  coco/bbox_mAP_75: 0.2110  coco/bbox_mAP_s: 0.2860  coco/bbox_mAP_m: 0.3390  coco/bbox_mAP_l: 0.3360  data_time: 0.0061  time: 0.0581
2026/03/26 21:36:09 - mmengine - INFO - Epoch(train) [37][ 50/238]  lr: 2.0000e-02  eta: 2:26:59  time: 0.8452  data_time: 0.0079  memory: 18575  loss: 0.1200  loss_rpn_cls: 0.0008  loss_rpn_bbox: 0.0040  loss_cls: 0.0408  acc: 98.0896  loss_bbox: 0.0745
2026/03/26 21:36:48 - mmengine - INFO - Epoch(train) [37][100/238]  lr: 2.0000e-02  eta: 2:26:13  time: 0.7789  data_time: 0.0161  memory: 18575  loss: 0.1195  loss_rpn_cls: 0.0007  loss_rpn_bbox: 0.0041  loss_cls: 0.0406  acc: 98.0774  loss_bbox: 0.0741
2026/03/26 21:37:26 - mmengine - INFO - Epoch(train) [37][150/238]  lr: 2.0000e-02  eta: 2:25:26  time: 0.7686  data_time: 0.0131  memory: 18575  loss: 0.1181  loss_rpn_cls: 0.0006  loss_rpn_bbox: 0.0040  loss_cls: 0.0398  acc: 98.7183  loss_bbox: 0.0738
2026/03/26 21:38:08 - mmengine - INFO - Epoch(train) [37][200/238]  lr: 2.0000e-02  eta: 2:24:43  time: 0.8399  data_time: 0.0480  memory: 18575  loss: 0.1190  loss_rpn_cls: 0.0007  loss_rpn_bbox: 0.0039  loss_cls: 0.0394  acc: 98.3032  loss_bbox: 0.0750
2026/03/26 21:38:36 - mmengine - INFO - Exp name: dynamic_rcnn_r50_fpn_uatd_80e_pretrained_20260326_192928
2026/03/26 21:39:16 - mmengine - INFO - Epoch(train) [38][ 50/238]  lr: 2.0000e-02  eta: 2:23:22  time: 0.7988  data_time: 0.0433  memory: 18575  loss: 0.1133  loss_rpn_cls: 0.0007  loss_rpn_bbox: 0.0038  loss_cls: 0.0388  acc: 98.4985  loss_bbox: 0.0700
2026/03/26 21:39:55 - mmengine - INFO - Epoch(train) [38][100/238]  lr: 2.0000e-02  eta: 2:22:36  time: 0.7773  data_time: 0.0025  memory: 18575  loss: 0.1125  loss_rpn_cls: 0.0007  loss_rpn_bbox: 0.0039  loss_cls: 0.0385  acc: 98.4375  loss_bbox: 0.0694
2026/03/26 21:40:39 - mmengine - INFO - Epoch(train) [38][150/238]  lr: 2.0000e-02  eta: 2:21:56  time: 0.8863  data_time: 0.0037  memory: 18575  loss: 0.1156  loss_rpn_cls: 0.0007  loss_rpn_bbox: 0.0039  loss_cls: 0.0388  acc: 97.6440  loss_bbox: 0.0722
2026/03/26 21:41:23 - mmengine - INFO - Exp name: dynamic_rcnn_r50_fpn_uatd_80e_pretrained_20260326_192928
2026/03/26 21:41:29 - mmengine - INFO - Epoch(train) [38][200/238]  lr: 2.0000e-02  eta: 2:21:22  time: 0.9855  data_time: 0.0072  memory: 18575  loss: 0.1185  loss_rpn_cls: 0.0007  loss_rpn_bbox: 0.0039  loss_cls: 0.0403  acc: 98.3337  loss_bbox: 0.0736
2026/03/26 21:42:19 - mmengine - INFO - Exp name: dynamic_rcnn_r50_fpn_uatd_80e_pretrained_20260326_192928
2026/03/26 21:42:25 - mmengine - INFO - Epoch(val) [38][ 50/200]    eta: 0:00:20  time: 0.1368  data_time: 0.0184  memory: 18575  
2026/03/26 21:42:30 - mmengine - INFO - Epoch(val) [38][100/200]    eta: 0:00:10  time: 0.0811  data_time: 0.0089  memory: 880  
2026/03/26 21:42:33 - mmengine - INFO - Epoch(val) [38][150/200]    eta: 0:00:04  time: 0.0650  data_time: 0.0068  memory: 880  
2026/03/26 21:42:36 - mmengine - INFO - Epoch(val) [38][200/200]    eta: 0:00:00  time: 0.0637  data_time: 0.0069  memory: 880  
2026/03/26 21:42:36 - mmengine - INFO - Evaluating bbox...
2026/03/26 21:42:37 - mmengine - INFO - bbox_mAP_copypaste: 0.319 0.769 0.198 0.434 0.321 0.311
2026/03/26 21:42:37 - mmengine - INFO - Epoch(val) [38][200/200]    coco/bbox_mAP: 0.3190  coco/bbox_mAP_50: 0.7690  coco/bbox_mAP_75: 0.1980  coco/bbox_mAP_s: 0.4340  coco/bbox_mAP_m: 0.3210  coco/bbox_mAP_l: 0.3110  data_time: 0.0102  time: 0.0864
2026/03/26 21:43:50 - mmengine - INFO - Epoch(train) [39][ 50/238]  lr: 2.0000e-02  eta: 2:21:01  time: 1.4675  data_time: 0.0131  memory: 18575  loss: 0.1138  loss_rpn_cls: 0.0007  loss_rpn_bbox: 0.0039  loss_cls: 0.0382  acc: 98.5291  loss_bbox: 0.0710
2026/03/26 21:44:49 - mmengine - INFO - Epoch(train) [39][100/238]  lr: 2.0000e-02  eta: 2:20:36  time: 1.1739  data_time: 0.0045  memory: 18575  loss: 0.1089  loss_rpn_cls: 0.0007  loss_rpn_bbox: 0.0039  loss_cls: 0.0371  acc: 98.6511  loss_bbox: 0.0673
2026/03/26 21:45:52 - mmengine - INFO - Epoch(train) [39][150/238]  lr: 2.0000e-02  eta: 2:20:15  time: 1.2638  data_time: 0.0047  memory: 18575  loss: 0.1163  loss_rpn_cls: 0.0006  loss_rpn_bbox: 0.0039  loss_cls: 0.0401  acc: 98.5107  loss_bbox: 0.0717
2026/03/26 21:46:48 - mmengine - INFO - Epoch(train) [39][200/238]  lr: 2.0000e-02  eta: 2:19:46  time: 1.1237  data_time: 0.0041  memory: 18575  loss: 0.1122  loss_rpn_cls: 0.0006  loss_rpn_bbox: 0.0038  loss_cls: 0.0385  acc: 98.5229  loss_bbox: 0.0693
2026/03/26 21:47:24 - mmengine - INFO - Exp name: dynamic_rcnn_r50_fpn_uatd_80e_pretrained_20260326_192928
2026/03/26 21:48:19 - mmengine - INFO - Epoch(train) [40][ 50/238]  lr: 2.0000e-02  eta: 2:18:48  time: 1.1031  data_time: 0.0138  memory: 18575  loss: 0.1087  loss_rpn_cls: 0.0007  loss_rpn_bbox: 0.0036  loss_cls: 0.0371  acc: 98.9136  loss_bbox: 0.0673
2026/03/26 21:49:13 - mmengine - INFO - Epoch(train) [40][100/238]  lr: 2.0000e-02  eta: 2:18:16  time: 1.0682  data_time: 0.0039  memory: 18575  loss: 0.1070  loss_rpn_cls: 0.0007  loss_rpn_bbox: 0.0039  loss_cls: 0.0361  acc: 98.1567  loss_bbox: 0.0663
2026/03/26 21:50:04 - mmengine - INFO - Epoch(train) [40][150/238]  lr: 2.0000e-02  eta: 2:17:42  time: 1.0321  data_time: 0.0037  memory: 18575  loss: 0.1097  loss_rpn_cls: 0.0008  loss_rpn_bbox: 0.0038  loss_cls: 0.0368  acc: 98.6938  loss_bbox: 0.0683
2026/03/26 21:50:54 - mmengine - INFO - Epoch(train) [40][200/238]  lr: 2.0000e-02  eta: 2:17:06  time: 0.9966  data_time: 0.0037  memory: 18575  loss: 0.1147  loss_rpn_cls: 0.0007  loss_rpn_bbox: 0.0038  loss_cls: 0.0375  acc: 98.3276  loss_bbox: 0.0727
2026/03/26 21:51:30 - mmengine - INFO - Exp name: dynamic_rcnn_r50_fpn_uatd_80e_pretrained_20260326_192928
2026/03/26 21:51:36 - mmengine - INFO - Epoch(val) [40][ 50/200]    eta: 0:00:16  time: 0.1083  data_time: 0.0138  memory: 18575  
2026/03/26 21:51:39 - mmengine - INFO - Epoch(val) [40][100/200]    eta: 0:00:09  time: 0.0776  data_time: 0.0084  memory: 880  
2026/03/26 21:51:44 - mmengine - INFO - Epoch(val) [40][150/200]    eta: 0:00:04  time: 0.0959  data_time: 0.0114  memory: 880  
2026/03/26 21:51:49 - mmengine - INFO - Epoch(val) [40][200/200]    eta: 0:00:00  time: 0.0886  data_time: 0.0101  memory: 880  
2026/03/26 21:51:49 - mmengine - INFO - Evaluating bbox...
2026/03/26 21:51:49 - mmengine - INFO - bbox_mAP_copypaste: 0.328 0.785 0.206 0.430 0.329 0.335
2026/03/26 21:51:49 - mmengine - INFO - Epoch(val) [40][200/200]    coco/bbox_mAP: 0.3280  coco/bbox_mAP_50: 0.7850  coco/bbox_mAP_75: 0.2060  coco/bbox_mAP_s: 0.4300  coco/bbox_mAP_m: 0.3290  coco/bbox_mAP_l: 0.3350  data_time: 0.0109  time: 0.0924
2026/03/26 21:52:54 - mmengine - INFO - Epoch(train) [41][ 50/238]  lr: 2.0000e-02  eta: 2:16:14  time: 1.2927  data_time: 0.0207  memory: 18575  loss: 0.1103  loss_rpn_cls: 0.0007  loss_rpn_bbox: 0.0037  loss_cls: 0.0373  acc: 98.5596  loss_bbox: 0.0685
2026/03/26 21:53:52 - mmengine - INFO - Epoch(train) [41][100/238]  lr: 2.0000e-02  eta: 2:15:46  time: 1.1574  data_time: 0.0047  memory: 18575  loss: 0.1059  loss_rpn_cls: 0.0006  loss_rpn_bbox: 0.0037  loss_cls: 0.0359  acc: 98.7671  loss_bbox: 0.0656
2026/03/26 21:54:40 - mmengine - INFO - Epoch(train) [41][150/238]  lr: 2.0000e-02  eta: 2:15:08  time: 0.9749  data_time: 0.0041  memory: 18575  loss: 0.1046  loss_rpn_cls: 0.0007  loss_rpn_bbox: 0.0037  loss_cls: 0.0358  acc: 98.4253  loss_bbox: 0.0644
2026/03/26 21:55:32 - mmengine - INFO - Epoch(train) [41][200/238]  lr: 2.0000e-02  eta: 2:14:33  time: 1.0391  data_time: 0.0039  memory: 18575  loss: 0.1045  loss_rpn_cls: 0.0006  loss_rpn_bbox: 0.0038  loss_cls: 0.0360  acc: 98.7183  loss_bbox: 0.0642
2026/03/26 21:56:14 - mmengine - INFO - Exp name: dynamic_rcnn_r50_fpn_uatd_80e_pretrained_20260326_192928
2026/03/26 21:57:05 - mmengine - INFO - Epoch(train) [42][ 50/238]  lr: 2.0000e-02  eta: 2:13:32  time: 1.0105  data_time: 0.0177  memory: 18575  loss: 0.1046  loss_rpn_cls: 0.0007  loss_rpn_bbox: 0.0037  loss_cls: 0.0354  acc: 98.6328  loss_bbox: 0.0648
2026/03/26 21:57:47 - mmengine - INFO - Epoch(train) [42][100/238]  lr: 2.0000e-02  eta: 2:12:47  time: 0.8407  data_time: 0.0031  memory: 18575  loss: 0.1067  loss_rpn_cls: 0.0007  loss_rpn_bbox: 0.0038  loss_cls: 0.0359  acc: 97.8577  loss_bbox: 0.0664
2026/03/26 21:58:26 - mmengine - INFO - Epoch(train) [42][150/238]  lr: 2.0000e-02  eta: 2:12:00  time: 0.7870  data_time: 0.0026  memory: 18575  loss: 0.0989  loss_rpn_cls: 0.0009  loss_rpn_bbox: 0.0036  loss_cls: 0.0341  acc: 98.9685  loss_bbox: 0.0603
2026/03/26 21:59:04 - mmengine - INFO - Epoch(train) [42][200/238]  lr: 2.0000e-02  eta: 2:11:12  time: 0.7668  data_time: 0.0023  memory: 18575  loss: 0.1038  loss_rpn_cls: 0.0006  loss_rpn_bbox: 0.0038  loss_cls: 0.0353  acc: 98.3887  loss_bbox: 0.0641
2026/03/26 21:59:36 - mmengine - INFO - Exp name: dynamic_rcnn_r50_fpn_uatd_80e_pretrained_20260326_192928
2026/03/26 21:59:38 - mmengine - INFO - Epoch(val) [42][ 50/200]    eta: 0:00:08  time: 0.0561  data_time: 0.0069  memory: 18575  
2026/03/26 21:59:41 - mmengine - INFO - Epoch(val) [42][100/200]    eta: 0:00:05  time: 0.0542  data_time: 0.0049  memory: 880  
2026/03/26 21:59:44 - mmengine - INFO - Epoch(val) [42][150/200]    eta: 0:00:02  time: 0.0537  data_time: 0.0049  memory: 880  
2026/03/26 21:59:47 - mmengine - INFO - Epoch(val) [42][200/200]    eta: 0:00:00  time: 0.0535  data_time: 0.0048  memory: 880  
2026/03/26 21:59:47 - mmengine - INFO - Evaluating bbox...
2026/03/26 21:59:47 - mmengine - INFO - bbox_mAP_copypaste: 0.317 0.779 0.193 0.312 0.319 0.321
2026/03/26 21:59:47 - mmengine - INFO - Epoch(val) [42][200/200]    coco/bbox_mAP: 0.3170  coco/bbox_mAP_50: 0.7790  coco/bbox_mAP_75: 0.1930  coco/bbox_mAP_s: 0.3120  coco/bbox_mAP_m: 0.3190  coco/bbox_mAP_l: 0.3210  data_time: 0.0054  time: 0.0543
2026/03/26 21:59:51 - mmengine - INFO - Exp name: dynamic_rcnn_r50_fpn_uatd_80e_pretrained_20260326_192928
2026/03/26 22:00:27 - mmengine - INFO - Epoch(train) [43][ 50/238]  lr: 2.0000e-02  eta: 2:09:51  time: 0.7951  data_time: 0.0151  memory: 18575  loss: 0.1047  loss_rpn_cls: 0.0007  loss_rpn_bbox: 0.0037  loss_cls: 0.0354  acc: 98.7976  loss_bbox: 0.0649
2026/03/26 22:01:05 - mmengine - INFO - Epoch(train) [43][100/238]  lr: 2.0000e-02  eta: 2:09:03  time: 0.7724  data_time: 0.0021  memory: 18575  loss: 0.1023  loss_rpn_cls: 0.0005  loss_rpn_bbox: 0.0038  loss_cls: 0.0348  acc: 98.7183  loss_bbox: 0.0632
2026/03/26 22:01:44 - mmengine - INFO - Epoch(train) [43][150/238]  lr: 2.0000e-02  eta: 2:08:16  time: 0.7708  data_time: 0.0025  memory: 18575  loss: 0.1015  loss_rpn_cls: 0.0007  loss_rpn_bbox: 0.0036  loss_cls: 0.0344  acc: 98.4436  loss_bbox: 0.0628
2026/03/26 22:02:23 - mmengine - INFO - Epoch(train) [43][200/238]  lr: 2.0000e-02  eta: 2:07:29  time: 0.7836  data_time: 0.0023  memory: 18575  loss: 0.1047  loss_rpn_cls: 0.0006  loss_rpn_bbox: 0.0036  loss_cls: 0.0348  acc: 98.4375  loss_bbox: 0.0657
2026/03/26 22:02:51 - mmengine - INFO - Exp name: dynamic_rcnn_r50_fpn_uatd_80e_pretrained_20260326_192928
2026/03/26 22:03:30 - mmengine - INFO - Epoch(train) [44][ 50/238]  lr: 2.0000e-02  eta: 2:06:05  time: 0.7887  data_time: 0.0077  memory: 18575  loss: 0.1034  loss_rpn_cls: 0.0006  loss_rpn_bbox: 0.0037  loss_cls: 0.0345  acc: 98.3459  loss_bbox: 0.0646
2026/03/26 22:04:10 - mmengine - INFO - Epoch(train) [44][100/238]  lr: 2.0000e-02  eta: 2:05:19  time: 0.7889  data_time: 0.0023  memory: 18575  loss: 0.0959  loss_rpn_cls: 0.0007  loss_rpn_bbox: 0.0034  loss_cls: 0.0336  acc: 98.6084  loss_bbox: 0.0582
2026/03/26 22:04:49 - mmengine - INFO - Epoch(train) [44][150/238]  lr: 2.0000e-02  eta: 2:04:32  time: 0.7764  data_time: 0.0022  memory: 18575  loss: 0.1005  loss_rpn_cls: 0.0007  loss_rpn_bbox: 0.0037  loss_cls: 0.0345  acc: 98.7854  loss_bbox: 0.0617
2026/03/26 22:05:28 - mmengine - INFO - Epoch(train) [44][200/238]  lr: 2.0000e-02  eta: 2:03:46  time: 0.7940  data_time: 0.0024  memory: 18575  loss: 0.1063  loss_rpn_cls: 0.0008  loss_rpn_bbox: 0.0037  loss_cls: 0.0352  acc: 98.7549  loss_bbox: 0.0666
2026/03/26 22:05:56 - mmengine - INFO - Exp name: dynamic_rcnn_r50_fpn_uatd_80e_pretrained_20260326_192928
2026/03/26 22:05:59 - mmengine - INFO - Epoch(val) [44][ 50/200]    eta: 0:00:08  time: 0.0590  data_time: 0.0078  memory: 18575  
2026/03/26 22:06:02 - mmengine - INFO - Epoch(val) [44][100/200]    eta: 0:00:05  time: 0.0568  data_time: 0.0055  memory: 880  
2026/03/26 22:06:05 - mmengine - INFO - Epoch(val) [44][150/200]    eta: 0:00:02  time: 0.0565  data_time: 0.0054  memory: 880  
2026/03/26 22:06:08 - mmengine - INFO - Epoch(val) [44][200/200]    eta: 0:00:00  time: 0.0579  data_time: 0.0057  memory: 880  
2026/03/26 22:06:08 - mmengine - INFO - Evaluating bbox...
2026/03/26 22:06:08 - mmengine - INFO - bbox_mAP_copypaste: 0.322 0.772 0.216 0.357 0.324 0.333
2026/03/26 22:06:08 - mmengine - INFO - Epoch(val) [44][200/200]    coco/bbox_mAP: 0.3220  coco/bbox_mAP_50: 0.7720  coco/bbox_mAP_75: 0.2160  coco/bbox_mAP_s: 0.3570  coco/bbox_mAP_m: 0.3240  coco/bbox_mAP_l: 0.3330  data_time: 0.0061  time: 0.0574
2026/03/26 22:06:50 - mmengine - INFO - Epoch(train) [45][ 50/238]  lr: 2.0000e-02  eta: 2:02:25  time: 0.8274  data_time: 0.0107  memory: 18575  loss: 0.1026  loss_rpn_cls: 0.0006  loss_rpn_bbox: 0.0036  loss_cls: 0.0354  acc: 98.3643  loss_bbox: 0.0629
2026/03/26 22:07:29 - mmengine - INFO - Epoch(train) [45][100/238]  lr: 2.0000e-02  eta: 2:01:39  time: 0.7961  data_time: 0.0025  memory: 18575  loss: 0.0968  loss_rpn_cls: 0.0006  loss_rpn_bbox: 0.0036  loss_cls: 0.0336  acc: 98.4985  loss_bbox: 0.0591
2026/03/26 22:08:10 - mmengine - INFO - Epoch(train) [45][150/238]  lr: 2.0000e-02  eta: 2:00:54  time: 0.8055  data_time: 0.0025  memory: 18575  loss: 0.0932  loss_rpn_cls: 0.0006  loss_rpn_bbox: 0.0035  loss_cls: 0.0316  acc: 98.8220  loss_bbox: 0.0575
2026/03/26 22:08:55 - mmengine - INFO - Epoch(train) [45][200/238]  lr: 2.0000e-02  eta: 2:00:12  time: 0.9049  data_time: 0.0029  memory: 18575  loss: 0.0955  loss_rpn_cls: 0.0007  loss_rpn_bbox: 0.0035  loss_cls: 0.0325  acc: 98.7061  loss_bbox: 0.0588
2026/03/26 22:09:24 - mmengine - INFO - Exp name: dynamic_rcnn_r50_fpn_uatd_80e_pretrained_20260326_192928
2026/03/26 22:10:07 - mmengine - INFO - Epoch(train) [46][ 50/238]  lr: 2.0000e-02  eta: 1:58:54  time: 0.8693  data_time: 0.0282  memory: 18575  loss: 0.0953  loss_rpn_cls: 0.0006  loss_rpn_bbox: 0.0034  loss_cls: 0.0325  acc: 98.7732  loss_bbox: 0.0588
2026/03/26 22:10:48 - mmengine - INFO - Epoch(train) [46][100/238]  lr: 2.0000e-02  eta: 1:58:09  time: 0.8087  data_time: 0.0023  memory: 18575  loss: 0.0931  loss_rpn_cls: 0.0006  loss_rpn_bbox: 0.0035  loss_cls: 0.0322  acc: 98.7610  loss_bbox: 0.0568
2026/03/26 22:11:31 - mmengine - INFO - Epoch(train) [46][150/238]  lr: 2.0000e-02  eta: 1:57:25  time: 0.8559  data_time: 0.0977  memory: 18575  loss: 0.0960  loss_rpn_cls: 0.0006  loss_rpn_bbox: 0.0036  loss_cls: 0.0338  acc: 98.8708  loss_bbox: 0.0580
2026/03/26 22:12:09 - mmengine - INFO - Epoch(train) [46][200/238]  lr: 2.0000e-02  eta: 1:56:39  time: 0.7691  data_time: 0.0028  memory: 18575  loss: 0.0963  loss_rpn_cls: 0.0007  loss_rpn_bbox: 0.0036  loss_cls: 0.0322  acc: 98.6145  loss_bbox: 0.0598
2026/03/26 22:12:36 - mmengine - INFO - Exp name: dynamic_rcnn_r50_fpn_uatd_80e_pretrained_20260326_192928
2026/03/26 22:12:39 - mmengine - INFO - Epoch(val) [46][ 50/200]    eta: 0:00:08  time: 0.0556  data_time: 0.0066  memory: 18575  
2026/03/26 22:12:42 - mmengine - INFO - Epoch(val) [46][100/200]    eta: 0:00:05  time: 0.0543  data_time: 0.0049  memory: 880  
2026/03/26 22:12:44 - mmengine - INFO - Epoch(val) [46][150/200]    eta: 0:00:02  time: 0.0536  data_time: 0.0048  memory: 880  
2026/03/26 22:12:47 - mmengine - INFO - Epoch(val) [46][200/200]    eta: 0:00:00  time: 0.0538  data_time: 0.0048  memory: 880  
2026/03/26 22:12:47 - mmengine - INFO - Evaluating bbox...
2026/03/26 22:12:48 - mmengine - INFO - bbox_mAP_copypaste: 0.317 0.734 0.219 0.334 0.314 0.340
2026/03/26 22:12:48 - mmengine - INFO - Epoch(val) [46][200/200]    coco/bbox_mAP: 0.3170  coco/bbox_mAP_50: 0.7340  coco/bbox_mAP_75: 0.2190  coco/bbox_mAP_s: 0.3340  coco/bbox_mAP_m: 0.3140  coco/bbox_mAP_l: 0.3400  data_time: 0.0053  time: 0.0542
2026/03/26 22:13:31 - mmengine - INFO - Epoch(train) [47][ 50/238]  lr: 2.0000e-02  eta: 1:55:19  time: 0.8590  data_time: 0.0084  memory: 18575  loss: 0.0911  loss_rpn_cls: 0.0007  loss_rpn_bbox: 0.0035  loss_cls: 0.0309  acc: 98.7976  loss_bbox: 0.0560
2026/03/26 22:13:32 - mmengine - INFO - Exp name: dynamic_rcnn_r50_fpn_uatd_80e_pretrained_20260326_192928
2026/03/26 22:14:10 - mmengine - INFO - Epoch(train) [47][100/238]  lr: 2.0000e-02  eta: 1:54:34  time: 0.7865  data_time: 0.0021  memory: 18575  loss: 0.0895  loss_rpn_cls: 0.0007  loss_rpn_bbox: 0.0033  loss_cls: 0.0311  acc: 98.6755  loss_bbox: 0.0544
2026/03/26 22:14:49 - mmengine - INFO - Epoch(train) [47][150/238]  lr: 2.0000e-02  eta: 1:53:48  time: 0.7862  data_time: 0.0022  memory: 18575  loss: 0.0913  loss_rpn_cls: 0.0007  loss_rpn_bbox: 0.0035  loss_cls: 0.0318  acc: 98.9563  loss_bbox: 0.0553
2026/03/26 22:15:29 - mmengine - INFO - Epoch(train) [47][200/238]  lr: 2.0000e-02  eta: 1:53:03  time: 0.7934  data_time: 0.0022  memory: 18575  loss: 0.0951  loss_rpn_cls: 0.0006  loss_rpn_bbox: 0.0036  loss_cls: 0.0324  acc: 98.3032  loss_bbox: 0.0586
2026/03/26 22:16:00 - mmengine - INFO - Exp name: dynamic_rcnn_r50_fpn_uatd_80e_pretrained_20260326_192928
2026/03/26 22:16:41 - mmengine - INFO - Epoch(train) [48][ 50/238]  lr: 2.0000e-02  eta: 1:51:45  time: 0.8296  data_time: 0.0133  memory: 18575  loss: 0.1001  loss_rpn_cls: 0.0006  loss_rpn_bbox: 0.0036  loss_cls: 0.0337  acc: 98.7610  loss_bbox: 0.0622
2026/03/26 22:17:21 - mmengine - INFO - Epoch(train) [48][100/238]  lr: 2.0000e-02  eta: 1:50:59  time: 0.7929  data_time: 0.0022  memory: 18575  loss: 0.0891  loss_rpn_cls: 0.0006  loss_rpn_bbox: 0.0034  loss_cls: 0.0309  acc: 98.6938  loss_bbox: 0.0542
2026/03/26 22:18:01 - mmengine - INFO - Epoch(train) [48][150/238]  lr: 2.0000e-02  eta: 1:50:14  time: 0.7970  data_time: 0.0023  memory: 18575  loss: 0.0947  loss_rpn_cls: 0.0006  loss_rpn_bbox: 0.0034  loss_cls: 0.0341  acc: 98.5352  loss_bbox: 0.0566
2026/03/26 22:18:39 - mmengine - INFO - Epoch(train) [48][200/238]  lr: 2.0000e-02  eta: 1:49:28  time: 0.7611  data_time: 0.0022  memory: 18575  loss: 0.0950  loss_rpn_cls: 0.0007  loss_rpn_bbox: 0.0035  loss_cls: 0.0312  acc: 98.8525  loss_bbox: 0.0596
2026/03/26 22:19:07 - mmengine - INFO - Exp name: dynamic_rcnn_r50_fpn_uatd_80e_pretrained_20260326_192928
2026/03/26 22:19:09 - mmengine - INFO - Epoch(val) [48][ 50/200]    eta: 0:00:08  time: 0.0548  data_time: 0.0063  memory: 18575  
2026/03/26 22:19:12 - mmengine - INFO - Epoch(val) [48][100/200]    eta: 0:00:05  time: 0.0531  data_time: 0.0048  memory: 880  
2026/03/26 22:19:15 - mmengine - INFO - Epoch(val) [48][150/200]    eta: 0:00:02  time: 0.0529  data_time: 0.0046  memory: 880  
2026/03/26 22:19:17 - mmengine - INFO - Epoch(val) [48][200/200]    eta: 0:00:00  time: 0.0534  data_time: 0.0050  memory: 880  
2026/03/26 22:19:17 - mmengine - INFO - Evaluating bbox...
2026/03/26 22:19:18 - mmengine - INFO - bbox_mAP_copypaste: 0.320 0.771 0.195 0.367 0.319 0.329
2026/03/26 22:19:18 - mmengine - INFO - Epoch(val) [48][200/200]    coco/bbox_mAP: 0.3200  coco/bbox_mAP_50: 0.7710  coco/bbox_mAP_75: 0.1950  coco/bbox_mAP_s: 0.3670  coco/bbox_mAP_m: 0.3190  coco/bbox_mAP_l: 0.3290  data_time: 0.0052  time: 0.0535
2026/03/26 22:19:57 - mmengine - INFO - Epoch(train) [49][ 50/238]  lr: 2.0000e-02  eta: 1:48:07  time: 0.7853  data_time: 0.0135  memory: 18575  loss: 0.0938  loss_rpn_cls: 0.0006  loss_rpn_bbox: 0.0035  loss_cls: 0.0311  acc: 98.6145  loss_bbox: 0.0585
2026/03/26 22:20:35 - mmengine - INFO - Epoch(train) [49][100/238]  lr: 2.0000e-02  eta: 1:47:21  time: 0.7632  data_time: 0.0020  memory: 18575  loss: 0.0888  loss_rpn_cls: 0.0007  loss_rpn_bbox: 0.0034  loss_cls: 0.0308  acc: 98.7793  loss_bbox: 0.0539
2026/03/26 22:21:14 - mmengine - INFO - Epoch(train) [49][150/238]  lr: 2.0000e-02  eta: 1:46:35  time: 0.7719  data_time: 0.0023  memory: 18575  loss: 0.0921  loss_rpn_cls: 0.0007  loss_rpn_bbox: 0.0035  loss_cls: 0.0323  acc: 98.5962  loss_bbox: 0.0556
2026/03/26 22:21:51 - mmengine - INFO - Epoch(train) [49][200/238]  lr: 2.0000e-02  eta: 1:45:49  time: 0.7506  data_time: 0.0020  memory: 18575  loss: 0.0914  loss_rpn_cls: 0.0006  loss_rpn_bbox: 0.0033  loss_cls: 0.0317  acc: 98.9380  loss_bbox: 0.0557
2026/03/26 22:22:19 - mmengine - INFO - Exp name: dynamic_rcnn_r50_fpn_uatd_80e_pretrained_20260326_192928
2026/03/26 22:22:58 - mmengine - INFO - Epoch(train) [50][ 50/238]  lr: 2.0000e-02  eta: 1:44:28  time: 0.7804  data_time: 0.0081  memory: 18575  loss: 0.0892  loss_rpn_cls: 0.0006  loss_rpn_bbox: 0.0034  loss_cls: 0.0315  acc: 98.7793  loss_bbox: 0.0537
2026/03/26 22:23:36 - mmengine - INFO - Epoch(train) [50][100/238]  lr: 2.0000e-02  eta: 1:43:43  time: 0.7620  data_time: 0.0020  memory: 18575  loss: 0.0865  loss_rpn_cls: 0.0005  loss_rpn_bbox: 0.0034  loss_cls: 0.0302  acc: 98.8098  loss_bbox: 0.0524
2026/03/26 22:24:14 - mmengine - INFO - Epoch(train) [50][150/238]  lr: 2.0000e-02  eta: 1:42:57  time: 0.7682  data_time: 0.0020  memory: 18575  loss: 0.0872  loss_rpn_cls: 0.0007  loss_rpn_bbox: 0.0033  loss_cls: 0.0303  acc: 98.5352  loss_bbox: 0.0529
2026/03/26 22:24:52 - mmengine - INFO - Epoch(train) [50][200/238]  lr: 2.0000e-02  eta: 1:42:12  time: 0.7590  data_time: 0.0020  memory: 18575  loss: 0.0871  loss_rpn_cls: 0.0006  loss_rpn_bbox: 0.0033  loss_cls: 0.0304  acc: 98.7915  loss_bbox: 0.0527
2026/03/26 22:25:19 - mmengine - INFO - Exp name: dynamic_rcnn_r50_fpn_uatd_80e_pretrained_20260326_192928
2026/03/26 22:25:22 - mmengine - INFO - Epoch(val) [50][ 50/200]    eta: 0:00:08  time: 0.0554  data_time: 0.0065  memory: 18575  
2026/03/26 22:25:25 - mmengine - INFO - Epoch(val) [50][100/200]    eta: 0:00:05  time: 0.0532  data_time: 0.0047  memory: 880  
2026/03/26 22:25:27 - mmengine - INFO - Epoch(val) [50][150/200]    eta: 0:00:02  time: 0.0529  data_time: 0.0045  memory: 880  
2026/03/26 22:25:30 - mmengine - INFO - Epoch(val) [50][200/200]    eta: 0:00:00  time: 0.0530  data_time: 0.0045  memory: 880  
2026/03/26 22:25:30 - mmengine - INFO - Evaluating bbox...
2026/03/26 22:25:30 - mmengine - INFO - bbox_mAP_copypaste: 0.324 0.775 0.200 0.322 0.324 0.331
2026/03/26 22:25:30 - mmengine - INFO - Epoch(val) [50][200/200]    coco/bbox_mAP: 0.3240  coco/bbox_mAP_50: 0.7750  coco/bbox_mAP_75: 0.2000  coco/bbox_mAP_s: 0.3220  coco/bbox_mAP_m: 0.3240  coco/bbox_mAP_l: 0.3310  data_time: 0.0051  time: 0.0535
2026/03/26 22:26:09 - mmengine - INFO - Epoch(train) [51][ 50/238]  lr: 2.0000e-02  eta: 1:40:51  time: 0.7741  data_time: 0.0083  memory: 18575  loss: 0.0888  loss_rpn_cls: 0.0006  loss_rpn_bbox: 0.0034  loss_cls: 0.0307  acc: 98.6572  loss_bbox: 0.0541
2026/03/26 22:26:48 - mmengine - INFO - Exp name: dynamic_rcnn_r50_fpn_uatd_80e_pretrained_20260326_192928
2026/03/26 22:26:48 - mmengine - INFO - Epoch(train) [51][100/238]  lr: 2.0000e-02  eta: 1:40:06  time: 0.7664  data_time: 0.0020  memory: 18575  loss: 0.0809  loss_rpn_cls: 0.0006  loss_rpn_bbox: 0.0031  loss_cls: 0.0284  acc: 99.0173  loss_bbox: 0.0488
2026/03/26 22:27:25 - mmengine - INFO - Epoch(train) [51][150/238]  lr: 2.0000e-02  eta: 1:39:20  time: 0.7562  data_time: 0.0021  memory: 18575  loss: 0.0854  loss_rpn_cls: 0.0006  loss_rpn_bbox: 0.0034  loss_cls: 0.0297  acc: 98.7976  loss_bbox: 0.0517
2026/03/26 22:28:03 - mmengine - INFO - Epoch(train) [51][200/238]  lr: 2.0000e-02  eta: 1:38:34  time: 0.7470  data_time: 0.0021  memory: 18575  loss: 0.0882  loss_rpn_cls: 0.0006  loss_rpn_bbox: 0.0033  loss_cls: 0.0295  acc: 98.6023  loss_bbox: 0.0548
2026/03/26 22:28:30 - mmengine - INFO - Exp name: dynamic_rcnn_r50_fpn_uatd_80e_pretrained_20260326_192928
2026/03/26 22:29:09 - mmengine - INFO - Epoch(train) [52][ 50/238]  lr: 2.0000e-02  eta: 1:37:14  time: 0.7770  data_time: 0.0086  memory: 18575  loss: 0.0955  loss_rpn_cls: 0.0007  loss_rpn_bbox: 0.0033  loss_cls: 0.0324  acc: 98.6023  loss_bbox: 0.0591
2026/03/26 22:29:47 - mmengine - INFO - Epoch(train) [52][100/238]  lr: 2.0000e-02  eta: 1:36:29  time: 0.7632  data_time: 0.0019  memory: 18575  loss: 0.0857  loss_rpn_cls: 0.0006  loss_rpn_bbox: 0.0033  loss_cls: 0.0296  acc: 98.9136  loss_bbox: 0.0522
2026/03/26 22:30:25 - mmengine - INFO - Epoch(train) [52][150/238]  lr: 2.0000e-02  eta: 1:35:44  time: 0.7556  data_time: 0.0019  memory: 18575  loss: 0.0869  loss_rpn_cls: 0.0006  loss_rpn_bbox: 0.0034  loss_cls: 0.0296  acc: 98.7793  loss_bbox: 0.0533
2026/03/26 22:31:03 - mmengine - INFO - Epoch(train) [52][200/238]  lr: 2.0000e-02  eta: 1:34:59  time: 0.7598  data_time: 0.0020  memory: 18575  loss: 0.0893  loss_rpn_cls: 0.0006  loss_rpn_bbox: 0.0034  loss_cls: 0.0306  acc: 98.7610  loss_bbox: 0.0546
2026/03/26 22:31:30 - mmengine - INFO - Exp name: dynamic_rcnn_r50_fpn_uatd_80e_pretrained_20260326_192928
2026/03/26 22:31:33 - mmengine - INFO - Epoch(val) [52][ 50/200]    eta: 0:00:08  time: 0.0549  data_time: 0.0063  memory: 18575  
2026/03/26 22:31:35 - mmengine - INFO - Epoch(val) [52][100/200]    eta: 0:00:05  time: 0.0527  data_time: 0.0045  memory: 880  
2026/03/26 22:31:38 - mmengine - INFO - Epoch(val) [52][150/200]    eta: 0:00:02  time: 0.0536  data_time: 0.0050  memory: 880  
2026/03/26 22:31:41 - mmengine - INFO - Epoch(val) [52][200/200]    eta: 0:00:00  time: 0.0528  data_time: 0.0048  memory: 880  
2026/03/26 22:31:41 - mmengine - INFO - Evaluating bbox...
2026/03/26 22:31:41 - mmengine - INFO - bbox_mAP_copypaste: 0.325 0.753 0.205 0.334 0.324 0.348
2026/03/26 22:31:41 - mmengine - INFO - Epoch(val) [52][200/200]    coco/bbox_mAP: 0.3250  coco/bbox_mAP_50: 0.7530  coco/bbox_mAP_75: 0.2050  coco/bbox_mAP_s: 0.3340  coco/bbox_mAP_m: 0.3240  coco/bbox_mAP_l: 0.3480  data_time: 0.0051  time: 0.0534
2026/03/26 22:32:21 - mmengine - INFO - Epoch(train) [53][ 50/238]  lr: 2.0000e-02  eta: 1:33:40  time: 0.7930  data_time: 0.0123  memory: 18575  loss: 0.0908  loss_rpn_cls: 0.0006  loss_rpn_bbox: 0.0033  loss_cls: 0.0304  acc: 98.6633  loss_bbox: 0.0565
2026/03/26 22:32:59 - mmengine - INFO - Epoch(train) [53][100/238]  lr: 2.0000e-02  eta: 1:32:56  time: 0.7683  data_time: 0.0021  memory: 18575  loss: 0.0816  loss_rpn_cls: 0.0006  loss_rpn_bbox: 0.0032  loss_cls: 0.0287  acc: 98.7732  loss_bbox: 0.0491
2026/03/26 22:33:39 - mmengine - INFO - Epoch(train) [53][150/238]  lr: 2.0000e-02  eta: 1:32:12  time: 0.7967  data_time: 0.0043  memory: 18575  loss: 0.0823  loss_rpn_cls: 0.0006  loss_rpn_bbox: 0.0032  loss_cls: 0.0296  acc: 98.5657  loss_bbox: 0.0490
2026/03/26 22:34:17 - mmengine - INFO - Epoch(train) [53][200/238]  lr: 2.0000e-02  eta: 1:31:27  time: 0.7574  data_time: 0.0060  memory: 18575  loss: 0.0833  loss_rpn_cls: 0.0005  loss_rpn_bbox: 0.0033  loss_cls: 0.0291  acc: 98.7915  loss_bbox: 0.0503
2026/03/26 22:34:44 - mmengine - INFO - Exp name: dynamic_rcnn_r50_fpn_uatd_80e_pretrained_20260326_192928
2026/03/26 22:35:23 - mmengine - INFO - Epoch(train) [54][ 50/238]  lr: 2.0000e-03  eta: 1:30:08  time: 0.7779  data_time: 0.0106  memory: 18575  loss: 0.0681  loss_rpn_cls: 0.0005  loss_rpn_bbox: 0.0030  loss_cls: 0.0261  acc: 99.0112  loss_bbox: 0.0385
2026/03/26 22:36:01 - mmengine - INFO - Epoch(train) [54][100/238]  lr: 2.0000e-03  eta: 1:29:23  time: 0.7698  data_time: 0.0019  memory: 18575  loss: 0.0595  loss_rpn_cls: 0.0005  loss_rpn_bbox: 0.0026  loss_cls: 0.0243  acc: 99.1028  loss_bbox: 0.0320
2026/03/26 22:36:40 - mmengine - INFO - Epoch(train) [54][150/238]  lr: 2.0000e-03  eta: 1:28:39  time: 0.7699  data_time: 0.0021  memory: 18575  loss: 0.0602  loss_rpn_cls: 0.0005  loss_rpn_bbox: 0.0028  loss_cls: 0.0244  acc: 99.0845  loss_bbox: 0.0325
2026/03/26 22:37:18 - mmengine - INFO - Epoch(train) [54][200/238]  lr: 2.0000e-03  eta: 1:27:54  time: 0.7526  data_time: 0.0021  memory: 18575  loss: 0.0580  loss_rpn_cls: 0.0005  loss_rpn_bbox: 0.0027  loss_cls: 0.0235  acc: 99.2188  loss_bbox: 0.0314
2026/03/26 22:37:44 - mmengine - INFO - Exp name: dynamic_rcnn_r50_fpn_uatd_80e_pretrained_20260326_192928
2026/03/26 22:37:47 - mmengine - INFO - Epoch(val) [54][ 50/200]    eta: 0:00:08  time: 0.0556  data_time: 0.0066  memory: 18575  
2026/03/26 22:37:50 - mmengine - INFO - Epoch(val) [54][100/200]    eta: 0:00:05  time: 0.0554  data_time: 0.0067  memory: 880  
2026/03/26 22:38:35 - mmengine - INFO - Epoch(val) [54][150/200]    eta: 0:00:16  time: 0.8969  data_time: 0.8455  memory: 880  
2026/03/26 22:40:04 - mmengine - INFO - Epoch(val) [54][200/200]    eta: 0:00:00  time: 1.7823  data_time: 1.7290  memory: 880  
2026/03/26 22:40:04 - mmengine - INFO - Evaluating bbox...
2026/03/26 22:40:04 - mmengine - INFO - bbox_mAP_copypaste: 0.326 0.746 0.223 0.355 0.327 0.327
2026/03/26 22:40:04 - mmengine - INFO - Epoch(val) [54][200/200]    coco/bbox_mAP: 0.3260  coco/bbox_mAP_50: 0.7460  coco/bbox_mAP_75: 0.2230  coco/bbox_mAP_s: 0.3550  coco/bbox_mAP_m: 0.3270  coco/bbox_mAP_l: 0.3270  data_time: 0.6438  time: 0.6942
2026/03/26 22:41:31 - mmengine - INFO - Epoch(train) [55][ 50/238]  lr: 2.0000e-03  eta: 1:26:58  time: 1.7283  data_time: 0.9853  memory: 18575  loss: 0.0511  loss_rpn_cls: 0.0006  loss_rpn_bbox: 0.0025  loss_cls: 0.0218  acc: 99.3591  loss_bbox: 0.0262
2026/03/26 22:42:07 - mmengine - INFO - Epoch(train) [55][100/238]  lr: 2.0000e-03  eta: 1:26:13  time: 0.7244  data_time: 0.0021  memory: 18575  loss: 0.0549  loss_rpn_cls: 0.0006  loss_rpn_bbox: 0.0027  loss_cls: 0.0225  acc: 99.0234  loss_bbox: 0.0292
2026/03/26 22:42:42 - mmengine - INFO - Exp name: dynamic_rcnn_r50_fpn_uatd_80e_pretrained_20260326_192928
2026/03/26 22:42:44 - mmengine - INFO - Epoch(train) [55][150/238]  lr: 2.0000e-03  eta: 1:25:27  time: 0.7256  data_time: 0.0023  memory: 18575  loss: 0.0502  loss_rpn_cls: 0.0005  loss_rpn_bbox: 0.0025  loss_cls: 0.0214  acc: 99.3469  loss_bbox: 0.0258
2026/03/26 22:43:20 - mmengine - INFO - Epoch(train) [55][200/238]  lr: 2.0000e-03  eta: 1:24:42  time: 0.7285  data_time: 0.0022  memory: 18575  loss: 0.0506  loss_rpn_cls: 0.0005  loss_rpn_bbox: 0.0025  loss_cls: 0.0217  acc: 98.9746  loss_bbox: 0.0259
2026/03/26 22:43:47 - mmengine - INFO - Exp name: dynamic_rcnn_r50_fpn_uatd_80e_pretrained_20260326_192928
2026/03/26 22:44:26 - mmengine - INFO - Epoch(train) [56][ 50/238]  lr: 2.0000e-03  eta: 1:23:23  time: 0.7704  data_time: 0.0065  memory: 18575  loss: 0.0488  loss_rpn_cls: 0.0006  loss_rpn_bbox: 0.0025  loss_cls: 0.0211  acc: 98.9868  loss_bbox: 0.0246
2026/03/26 22:45:04 - mmengine - INFO - Epoch(train) [56][100/238]  lr: 2.0000e-03  eta: 1:22:39  time: 0.7641  data_time: 0.0023  memory: 18575  loss: 0.0501  loss_rpn_cls: 0.0005  loss_rpn_bbox: 0.0026  loss_cls: 0.0213  acc: 98.9258  loss_bbox: 0.0257
2026/03/26 22:45:42 - mmengine - INFO - Epoch(train) [56][150/238]  lr: 2.0000e-03  eta: 1:21:55  time: 0.7656  data_time: 0.0024  memory: 18575  loss: 0.0467  loss_rpn_cls: 0.0004  loss_rpn_bbox: 0.0023  loss_cls: 0.0204  acc: 99.2004  loss_bbox: 0.0235
2026/03/26 22:46:20 - mmengine - INFO - Epoch(train) [56][200/238]  lr: 2.0000e-03  eta: 1:21:11  time: 0.7484  data_time: 0.0021  memory: 18575  loss: 0.0462  loss_rpn_cls: 0.0005  loss_rpn_bbox: 0.0025  loss_cls: 0.0203  acc: 99.2065  loss_bbox: 0.0230
2026/03/26 22:46:47 - mmengine - INFO - Exp name: dynamic_rcnn_r50_fpn_uatd_80e_pretrained_20260326_192928
2026/03/26 22:46:50 - mmengine - INFO - Epoch(val) [56][ 50/200]    eta: 0:00:08  time: 0.0556  data_time: 0.0067  memory: 18575  
2026/03/26 22:46:52 - mmengine - INFO - Epoch(val) [56][100/200]    eta: 0:00:05  time: 0.0535  data_time: 0.0048  memory: 880  
2026/03/26 22:46:55 - mmengine - INFO - Epoch(val) [56][150/200]    eta: 0:00:02  time: 0.0533  data_time: 0.0047  memory: 880  
2026/03/26 22:46:58 - mmengine - INFO - Epoch(val) [56][200/200]    eta: 0:00:00  time: 0.0530  data_time: 0.0047  memory: 880  
2026/03/26 22:46:58 - mmengine - INFO - Evaluating bbox...
2026/03/26 22:46:58 - mmengine - INFO - bbox_mAP_copypaste: 0.325 0.745 0.209 0.377 0.326 0.331
2026/03/26 22:46:58 - mmengine - INFO - Epoch(val) [56][200/200]    coco/bbox_mAP: 0.3250  coco/bbox_mAP_50: 0.7450  coco/bbox_mAP_75: 0.2090  coco/bbox_mAP_s: 0.3770  coco/bbox_mAP_m: 0.3260  coco/bbox_mAP_l: 0.3310  data_time: 0.0196  time: 0.0682
2026/03/26 22:47:38 - mmengine - INFO - Epoch(train) [57][ 50/238]  lr: 2.0000e-03  eta: 1:19:53  time: 0.7891  data_time: 0.0119  memory: 18575  loss: 0.0461  loss_rpn_cls: 0.0005  loss_rpn_bbox: 0.0025  loss_cls: 0.0199  acc: 99.3713  loss_bbox: 0.0233
2026/03/26 22:48:16 - mmengine - INFO - Epoch(train) [57][100/238]  lr: 2.0000e-03  eta: 1:19:09  time: 0.7696  data_time: 0.0023  memory: 18575  loss: 0.0449  loss_rpn_cls: 0.0006  loss_rpn_bbox: 0.0024  loss_cls: 0.0196  acc: 99.3591  loss_bbox: 0.0223
2026/03/26 22:48:54 - mmengine - INFO - Epoch(train) [57][150/238]  lr: 2.0000e-03  eta: 1:18:24  time: 0.7486  data_time: 0.0023  memory: 18575  loss: 0.0459  loss_rpn_cls: 0.0005  loss_rpn_bbox: 0.0025  loss_cls: 0.0199  acc: 99.0906  loss_bbox: 0.0231
2026/03/26 22:49:30 - mmengine - INFO - Epoch(train) [57][200/238]  lr: 2.0000e-03  eta: 1:17:40  time: 0.7355  data_time: 0.0024  memory: 18575  loss: 0.0448  loss_rpn_cls: 0.0005  loss_rpn_bbox: 0.0024  loss_cls: 0.0195  acc: 99.2065  loss_bbox: 0.0224
2026/03/26 22:49:57 - mmengine - INFO - Exp name: dynamic_rcnn_r50_fpn_uatd_80e_pretrained_20260326_192928
2026/03/26 22:50:35 - mmengine - INFO - Epoch(train) [58][ 50/238]  lr: 2.0000e-03  eta: 1:16:22  time: 0.7672  data_time: 0.0119  memory: 18575  loss: 0.0440  loss_rpn_cls: 0.0004  loss_rpn_bbox: 0.0024  loss_cls: 0.0197  acc: 99.1089  loss_bbox: 0.0213
2026/03/26 22:51:13 - mmengine - INFO - Epoch(train) [58][100/238]  lr: 2.0000e-03  eta: 1:15:38  time: 0.7493  data_time: 0.0022  memory: 18575  loss: 0.0425  loss_rpn_cls: 0.0006  loss_rpn_bbox: 0.0024  loss_cls: 0.0189  acc: 99.2676  loss_bbox: 0.0207
2026/03/26 22:51:50 - mmengine - INFO - Epoch(train) [58][150/238]  lr: 2.0000e-03  eta: 1:14:54  time: 0.7486  data_time: 0.0021  memory: 18575  loss: 0.0433  loss_rpn_cls: 0.0004  loss_rpn_bbox: 0.0023  loss_cls: 0.0194  acc: 99.2737  loss_bbox: 0.0212
2026/03/26 22:52:28 - mmengine - INFO - Epoch(train) [58][200/238]  lr: 2.0000e-03  eta: 1:14:09  time: 0.7428  data_time: 0.0021  memory: 18575  loss: 0.0421  loss_rpn_cls: 0.0005  loss_rpn_bbox: 0.0024  loss_cls: 0.0185  acc: 99.2554  loss_bbox: 0.0207
2026/03/26 22:52:54 - mmengine - INFO - Exp name: dynamic_rcnn_r50_fpn_uatd_80e_pretrained_20260326_192928
2026/03/26 22:52:57 - mmengine - INFO - Epoch(val) [58][ 50/200]    eta: 0:00:08  time: 0.0570  data_time: 0.0063  memory: 18575  
2026/03/26 22:53:00 - mmengine - INFO - Epoch(val) [58][100/200]    eta: 0:00:05  time: 0.0531  data_time: 0.0046  memory: 880  
2026/03/26 22:53:02 - mmengine - INFO - Epoch(val) [58][150/200]    eta: 0:00:02  time: 0.0535  data_time: 0.0048  memory: 880  
2026/03/26 22:53:05 - mmengine - INFO - Epoch(val) [58][200/200]    eta: 0:00:00  time: 0.0522  data_time: 0.0045  memory: 880  
2026/03/26 22:53:05 - mmengine - INFO - Evaluating bbox...
2026/03/26 22:53:05 - mmengine - INFO - bbox_mAP_copypaste: 0.326 0.748 0.217 0.389 0.327 0.330
2026/03/26 22:53:05 - mmengine - INFO - Epoch(val) [58][200/200]    coco/bbox_mAP: 0.3260  coco/bbox_mAP_50: 0.7480  coco/bbox_mAP_75: 0.2170  coco/bbox_mAP_s: 0.3890  coco/bbox_mAP_m: 0.3270  coco/bbox_mAP_l: 0.3300  data_time: 0.0051  time: 0.0538
2026/03/26 22:53:44 - mmengine - INFO - Epoch(train) [59][ 50/238]  lr: 2.0000e-03  eta: 1:12:52  time: 0.7706  data_time: 0.0134  memory: 18575  loss: 0.0412  loss_rpn_cls: 0.0005  loss_rpn_bbox: 0.0024  loss_cls: 0.0188  acc: 99.1150  loss_bbox: 0.0196
2026/03/26 22:54:21 - mmengine - INFO - Epoch(train) [59][100/238]  lr: 2.0000e-03  eta: 1:12:08  time: 0.7543  data_time: 0.0021  memory: 18575  loss: 0.0410  loss_rpn_cls: 0.0005  loss_rpn_bbox: 0.0024  loss_cls: 0.0185  acc: 99.2126  loss_bbox: 0.0196
2026/03/26 22:54:59 - mmengine - INFO - Epoch(train) [59][150/238]  lr: 2.0000e-03  eta: 1:11:24  time: 0.7463  data_time: 0.0021  memory: 18575  loss: 0.0410  loss_rpn_cls: 0.0004  loss_rpn_bbox: 0.0023  loss_cls: 0.0182  acc: 99.2981  loss_bbox: 0.0200
2026/03/26 22:55:33 - mmengine - INFO - Exp name: dynamic_rcnn_r50_fpn_uatd_80e_pretrained_20260326_192928
2026/03/26 22:55:36 - mmengine - INFO - Epoch(train) [59][200/238]  lr: 2.0000e-03  eta: 1:10:40  time: 0.7352  data_time: 0.0023  memory: 18575  loss: 0.0422  loss_rpn_cls: 0.0005  loss_rpn_bbox: 0.0024  loss_cls: 0.0190  acc: 99.0967  loss_bbox: 0.0203
2026/03/26 22:56:02 - mmengine - INFO - Exp name: dynamic_rcnn_r50_fpn_uatd_80e_pretrained_20260326_192928
2026/03/26 22:56:41 - mmengine - INFO - Epoch(train) [60][ 50/238]  lr: 2.0000e-03  eta: 1:09:23  time: 0.7758  data_time: 0.0094  memory: 18575  loss: 0.0397  loss_rpn_cls: 0.0005  loss_rpn_bbox: 0.0023  loss_cls: 0.0182  acc: 99.2065  loss_bbox: 0.0187
