2026/03/24 13:03:20 - mmengine - INFO - 
------------------------------------------------------------
System environment:
    sys.platform: linux
    Python: 3.11.10 (main, Sep  7 2024, 18:35:41) [GCC 11.4.0]
    CUDA available: True
    MUSA available: False
    numpy_random_seed: 0
    GPU 0: NVIDIA A100-SXM4-80GB
    CUDA_HOME: /usr/local/cuda
    NVCC: Cuda compilation tools, release 12.4, V12.4.131
    GCC: x86_64-linux-gnu-gcc (Ubuntu 11.4.0-1ubuntu1~22.04) 11.4.0
    PyTorch: 2.1.0+cu121
    PyTorch compiling details: PyTorch built with:
  - GCC 9.3
  - C++ Version: 201703
  - Intel(R) oneAPI Math Kernel Library Version 2022.2-Product Build 20220804 for Intel(R) 64 architecture applications
  - Intel(R) MKL-DNN v3.1.1 (Git Hash 64f6bcbcbab628e96f33a62c3e975f8535a7bde4)
  - OpenMP 201511 (a.k.a. OpenMP 4.5)
  - LAPACK is enabled (usually provided by MKL)
  - NNPACK is enabled
  - CPU capability usage: AVX2
  - CUDA Runtime 12.1
  - NVCC architecture flags: -gencode;arch=compute_50,code=sm_50;-gencode;arch=compute_60,code=sm_60;-gencode;arch=compute_70,code=sm_70;-gencode;arch=compute_75,code=sm_75;-gencode;arch=compute_80,code=sm_80;-gencode;arch=compute_86,code=sm_86;-gencode;arch=compute_90,code=sm_90
  - CuDNN 8.9.2
  - Magma 2.6.1
  - Build settings: BLAS_INFO=mkl, BUILD_TYPE=Release, CUDA_VERSION=12.1, CUDNN_VERSION=8.9.2, CXX_COMPILER=/opt/rh/devtoolset-9/root/usr/bin/c++, CXX_FLAGS= -D_GLIBCXX_USE_CXX11_ABI=0 -fabi-version=11 -fvisibility-inlines-hidden -DUSE_PTHREADPOOL -DNDEBUG -DUSE_KINETO -DLIBKINETO_NOROCTRACER -DUSE_FBGEMM -DUSE_QNNPACK -DUSE_PYTORCH_QNNPACK -DUSE_XNNPACK -DSYMBOLICATE_MOBILE_DEBUG_HANDLE -O2 -fPIC -Wall -Wextra -Werror=return-type -Werror=non-virtual-dtor -Werror=bool-operation -Wnarrowing -Wno-missing-field-initializers -Wno-type-limits -Wno-array-bounds -Wno-unknown-pragmas -Wno-unused-parameter -Wno-unused-function -Wno-unused-result -Wno-strict-overflow -Wno-strict-aliasing -Wno-stringop-overflow -Wno-psabi -Wno-error=pedantic -Wno-error=old-style-cast -Wno-invalid-partial-specialization -Wno-unused-private-field -Wno-aligned-allocation-unavailable -Wno-missing-braces -fdiagnostics-color=always -faligned-new -Wno-unused-but-set-variable -Wno-maybe-uninitialized -fno-math-errno -fno-trapping-math -Werror=format -Werror=cast-function-type -Wno-stringop-overflow, LAPACK_INFO=mkl, PERF_WITH_AVX=1, PERF_WITH_AVX2=1, PERF_WITH_AVX512=1, TORCH_DISABLE_GPU_ASSERTS=ON, TORCH_VERSION=2.1.0, USE_CUDA=ON, USE_CUDNN=ON, USE_EXCEPTION_PTR=1, USE_GFLAGS=OFF, USE_GLOG=OFF, USE_MKL=ON, USE_MKLDNN=ON, USE_MPI=OFF, USE_NCCL=1, USE_NNPACK=ON, USE_OPENMP=ON, USE_ROCM=OFF, 

    TorchVision: 0.16.0+cu121
    OpenCV: 4.11.0
    MMEngine: 0.10.7

Runtime environment:
    cudnn_benchmark: False
    mp_cfg: {'mp_start_method': 'fork', 'opencv_num_threads': 0}
    dist_cfg: {'backend': 'nccl'}
    seed: 0
    deterministic: False
    Distributed launcher: none
    Distributed training: False
    GPU number: 1
------------------------------------------------------------

2026/03/24 13:03:21 - mmengine - INFO - Config:
auto_scale_lr = dict(base_batch_size=16, enable=False)
backend_args = None
classes = ('fish', )
data_root = '../data-processing/vision/solaqua_fish/processed/split_yolo/'
dataset_type = 'CocoDataset'
default_hooks = dict(
    checkpoint=dict(
        interval=-1,
        max_keep_ckpts=1,
        rule='greater',
        save_best='coco/bbox_mAP',
        save_last=True,
        type='CheckpointHook'),
    logger=dict(interval=50, type='LoggerHook'),
    param_scheduler=dict(type='ParamSchedulerHook'),
    sampler_seed=dict(type='DistSamplerSeedHook'),
    timer=dict(type='IterTimerHook'),
    visualization=dict(type='DetVisualizationHook'))
default_scope = 'mmdet'
env_cfg = dict(
    cudnn_benchmark=False,
    dist_cfg=dict(backend='nccl'),
    mp_cfg=dict(mp_start_method='fork', opencv_num_threads=0))
launcher = 'none'
load_from = 'https://download.openmmlab.com/mmdetection/v3.0/detr/detr_r50_8xb2-150e_coco/detr_r50_8xb2-150e_coco_20221023_153551-436d03e8.pth'
log_level = 'INFO'
log_processor = dict(by_epoch=True, type='LogProcessor', window_size=50)
metainfo = dict(classes=('fish', ))
model = dict(
    backbone=dict(
        depth=50,
        frozen_stages=1,
        init_cfg=dict(checkpoint='torchvision://resnet50', type='Pretrained'),
        norm_cfg=dict(requires_grad=False, type='BN'),
        norm_eval=True,
        num_stages=4,
        out_indices=(3, ),
        style='pytorch',
        type='ResNet'),
    bbox_head=dict(
        embed_dims=256,
        loss_bbox=dict(loss_weight=5.0, type='L1Loss'),
        loss_cls=dict(
            bg_cls_weight=0.1,
            class_weight=1.0,
            loss_weight=1.0,
            type='CrossEntropyLoss',
            use_sigmoid=False),
        loss_iou=dict(loss_weight=2.0, type='GIoULoss'),
        num_classes=1,
        type='DETRHead'),
    data_preprocessor=dict(
        bgr_to_rgb=True,
        mean=[
            123.675,
            116.28,
            103.53,
        ],
        pad_size_divisor=1,
        std=[
            58.395,
            57.12,
            57.375,
        ],
        type='DetDataPreprocessor'),
    decoder=dict(
        layer_cfg=dict(
            cross_attn_cfg=dict(
                batch_first=True, dropout=0.1, embed_dims=256, num_heads=8),
            ffn_cfg=dict(
                act_cfg=dict(inplace=True, type='ReLU'),
                embed_dims=256,
                feedforward_channels=2048,
                ffn_drop=0.1,
                num_fcs=2),
            self_attn_cfg=dict(
                batch_first=True, dropout=0.1, embed_dims=256, num_heads=8)),
        num_layers=6,
        return_intermediate=True),
    encoder=dict(
        layer_cfg=dict(
            ffn_cfg=dict(
                act_cfg=dict(inplace=True, type='ReLU'),
                embed_dims=256,
                feedforward_channels=2048,
                ffn_drop=0.1,
                num_fcs=2),
            self_attn_cfg=dict(
                batch_first=True, dropout=0.1, embed_dims=256, num_heads=8)),
        num_layers=6),
    neck=dict(
        act_cfg=None,
        in_channels=[
            2048,
        ],
        kernel_size=1,
        norm_cfg=None,
        num_outs=1,
        out_channels=256,
        type='ChannelMapper'),
    num_queries=100,
    positional_encoding=dict(normalize=True, num_feats=128),
    test_cfg=dict(max_per_img=100),
    train_cfg=dict(
        assigner=dict(
            match_costs=[
                dict(type='ClassificationCost', weight=1.0),
                dict(box_format='xywh', type='BBoxL1Cost', weight=5.0),
                dict(iou_mode='giou', type='IoUCost', weight=2.0),
            ],
            type='HungarianAssigner')),
    type='DETR')
num_classes = 1
optim_wrapper = dict(
    clip_grad=dict(max_norm=0.1, norm_type=2),
    optimizer=dict(lr=0.0001, type='AdamW', weight_decay=0.0001),
    paramwise_cfg=dict(custom_keys=dict(backbone=dict(lr_mult=0.1))),
    type='AmpOptimWrapper')
param_scheduler = [
    dict(
        begin=0,
        by_epoch=True,
        end=3,
        end_factor=1.0,
        start_factor=0.1,
        type='LinearLR'),
    dict(
        begin=3,
        by_epoch=True,
        end=80,
        end_factor=0.01,
        start_factor=1.0,
        type='LinearLR'),
]
randomness = dict(deterministic=False, seed=0)
resume = False
test_cfg = dict(type='TestLoop')
test_dataloader = dict(
    batch_size=1,
    dataset=dict(
        ann_file='annotations/test.json',
        backend_args=None,
        data_prefix=dict(img='images/test/'),
        data_root=
        '../data-processing/vision/solaqua_fish/processed/split_yolo/',
        metainfo=dict(classes=('fish', )),
        pipeline=[
            dict(backend_args=None, type='LoadImageFromFile'),
            dict(keep_ratio=True, scale=(
                640,
                640,
            ), type='Resize'),
            dict(type='LoadAnnotations', with_bbox=True),
            dict(
                meta_keys=(
                    'img_id',
                    'img_path',
                    'ori_shape',
                    'img_shape',
                    'scale_factor',
                ),
                type='PackDetInputs'),
        ],
        test_mode=True,
        type='CocoDataset'),
    drop_last=False,
    num_workers=2,
    persistent_workers=True,
    sampler=dict(shuffle=False, type='DefaultSampler'))
test_evaluator = dict(
    ann_file=
    '../data-processing/vision/solaqua_fish/processed/split_yolo/annotations/test.json',
    backend_args=None,
    format_only=False,
    metric='bbox',
    type='CocoMetric')
test_pipeline = [
    dict(backend_args=None, type='LoadImageFromFile'),
    dict(keep_ratio=True, scale=(
        640,
        640,
    ), type='Resize'),
    dict(type='LoadAnnotations', with_bbox=True),
    dict(
        meta_keys=(
            'img_id',
            'img_path',
            'ori_shape',
            'img_shape',
            'scale_factor',
        ),
        type='PackDetInputs'),
]
train_cfg = dict(max_epochs=80, type='EpochBasedTrainLoop', val_interval=2)
train_dataloader = dict(
    batch_sampler=dict(type='AspectRatioBatchSampler'),
    batch_size=32,
    dataset=dict(
        ann_file='annotations/train.json',
        backend_args=None,
        data_prefix=dict(img='images/train/'),
        data_root=
        '../data-processing/vision/solaqua_fish/processed/split_yolo/',
        filter_cfg=dict(filter_empty_gt=False),
        metainfo=dict(classes=('fish', )),
        pipeline=[
            dict(backend_args=None, type='LoadImageFromFile'),
            dict(type='LoadAnnotations', with_bbox=True),
            dict(keep_ratio=True, scale=(
                640,
                640,
            ), type='Resize'),
            dict(prob=0.5, type='RandomFlip'),
            dict(type='PackDetInputs'),
        ],
        type='CocoDataset'),
    num_workers=8,
    persistent_workers=True,
    pin_memory=True,
    prefetch_factor=4,
    sampler=dict(shuffle=True, type='DefaultSampler'))
train_pipeline = [
    dict(backend_args=None, type='LoadImageFromFile'),
    dict(type='LoadAnnotations', with_bbox=True),
    dict(keep_ratio=True, scale=(
        640,
        640,
    ), type='Resize'),
    dict(prob=0.5, type='RandomFlip'),
    dict(type='PackDetInputs'),
]
val_cfg = dict(type='ValLoop')
val_dataloader = dict(
    batch_size=8,
    dataset=dict(
        ann_file='annotations/val.json',
        backend_args=None,
        data_prefix=dict(img='images/val/'),
        data_root=
        '../data-processing/vision/solaqua_fish/processed/split_yolo/',
        metainfo=dict(classes=('fish', )),
        pipeline=[
            dict(backend_args=None, type='LoadImageFromFile'),
            dict(keep_ratio=True, scale=(
                640,
                640,
            ), type='Resize'),
            dict(type='LoadAnnotations', with_bbox=True),
            dict(
                meta_keys=(
                    'img_id',
                    'img_path',
                    'ori_shape',
                    'img_shape',
                    'scale_factor',
                ),
                type='PackDetInputs'),
        ],
        test_mode=True,
        type='CocoDataset'),
    drop_last=False,
    num_workers=4,
    persistent_workers=True,
    sampler=dict(shuffle=False, type='DefaultSampler'))
val_evaluator = dict(
    ann_file=
    '../data-processing/vision/solaqua_fish/processed/split_yolo/annotations/val.json',
    backend_args=None,
    format_only=False,
    metric='bbox',
    type='CocoMetric')
vis_backends = [
    dict(type='LocalVisBackend'),
]
visualizer = dict(
    name='visualizer',
    type='DetLocalVisualizer',
    vis_backends=[
        dict(type='LocalVisBackend'),
    ])
work_dir = '../runs/mmdet/solaqua_fish/detr_r50_solaqua_fish_80e_pretrained'

2026/03/24 13:03:25 - mmengine - INFO - Distributed training is not used, all SyncBatchNorm (SyncBN) layers in the model will be automatically reverted to BatchNormXd layers if they are used.
2026/03/24 13:03:25 - mmengine - INFO - Hooks will be executed in the following order:
before_run:
(VERY_HIGH   ) RuntimeInfoHook                    
(BELOW_NORMAL) LoggerHook                         
 -------------------- 
before_train:
(VERY_HIGH   ) RuntimeInfoHook                    
(NORMAL      ) IterTimerHook                      
(VERY_LOW    ) CheckpointHook                     
 -------------------- 
before_train_epoch:
(VERY_HIGH   ) RuntimeInfoHook                    
(NORMAL      ) IterTimerHook                      
(NORMAL      ) DistSamplerSeedHook                
 -------------------- 
before_train_iter:
(VERY_HIGH   ) RuntimeInfoHook                    
(NORMAL      ) IterTimerHook                      
 -------------------- 
after_train_iter:
(VERY_HIGH   ) RuntimeInfoHook                    
(NORMAL      ) IterTimerHook                      
(BELOW_NORMAL) LoggerHook                         
(LOW         ) ParamSchedulerHook                 
(VERY_LOW    ) CheckpointHook                     
 -------------------- 
after_train_epoch:
(NORMAL      ) IterTimerHook                      
(LOW         ) ParamSchedulerHook                 
(VERY_LOW    ) CheckpointHook                     
 -------------------- 
before_val:
(VERY_HIGH   ) RuntimeInfoHook                    
 -------------------- 
before_val_epoch:
(NORMAL      ) IterTimerHook                      
 -------------------- 
before_val_iter:
(NORMAL      ) IterTimerHook                      
 -------------------- 
after_val_iter:
(NORMAL      ) IterTimerHook                      
(NORMAL      ) DetVisualizationHook               
(BELOW_NORMAL) LoggerHook                         
 -------------------- 
after_val_epoch:
(VERY_HIGH   ) RuntimeInfoHook                    
(NORMAL      ) IterTimerHook                      
(BELOW_NORMAL) LoggerHook                         
(LOW         ) ParamSchedulerHook                 
(VERY_LOW    ) CheckpointHook                     
 -------------------- 
after_val:
(VERY_HIGH   ) RuntimeInfoHook                    
 -------------------- 
after_train:
(VERY_HIGH   ) RuntimeInfoHook                    
(VERY_LOW    ) CheckpointHook                     
 -------------------- 
before_test:
(VERY_HIGH   ) RuntimeInfoHook                    
 -------------------- 
before_test_epoch:
(NORMAL      ) IterTimerHook                      
 -------------------- 
before_test_iter:
(NORMAL      ) IterTimerHook                      
 -------------------- 
after_test_iter:
(NORMAL      ) IterTimerHook                      
(NORMAL      ) DetVisualizationHook               
(BELOW_NORMAL) LoggerHook                         
 -------------------- 
after_test_epoch:
(VERY_HIGH   ) RuntimeInfoHook                    
(NORMAL      ) IterTimerHook                      
(BELOW_NORMAL) LoggerHook                         
 -------------------- 
after_test:
(VERY_HIGH   ) RuntimeInfoHook                    
 -------------------- 
after_run:
(BELOW_NORMAL) LoggerHook                         
 -------------------- 
2026/03/24 13:03:25 - mmengine - WARNING - backbone.conv1.weight is skipped since its requires_grad=False
2026/03/24 13:03:25 - mmengine - WARNING - backbone.bn1.weight is skipped since its requires_grad=False
2026/03/24 13:03:25 - mmengine - WARNING - backbone.bn1.bias is skipped since its requires_grad=False
2026/03/24 13:03:25 - mmengine - WARNING - backbone.layer1.0.conv1.weight is skipped since its requires_grad=False
2026/03/24 13:03:25 - mmengine - WARNING - backbone.layer1.0.bn1.weight is skipped since its requires_grad=False
2026/03/24 13:03:25 - mmengine - WARNING - backbone.layer1.0.bn1.bias is skipped since its requires_grad=False
2026/03/24 13:03:25 - mmengine - WARNING - backbone.layer1.0.conv2.weight is skipped since its requires_grad=False
2026/03/24 13:03:25 - mmengine - WARNING - backbone.layer1.0.bn2.weight is skipped since its requires_grad=False
2026/03/24 13:03:25 - mmengine - WARNING - backbone.layer1.0.bn2.bias is skipped since its requires_grad=False
2026/03/24 13:03:25 - mmengine - WARNING - backbone.layer1.0.conv3.weight is skipped since its requires_grad=False
2026/03/24 13:03:25 - mmengine - WARNING - backbone.layer1.0.bn3.weight is skipped since its requires_grad=False
2026/03/24 13:03:25 - mmengine - WARNING - backbone.layer1.0.bn3.bias is skipped since its requires_grad=False
2026/03/24 13:03:25 - mmengine - WARNING - backbone.layer1.0.downsample.0.weight is skipped since its requires_grad=False
2026/03/24 13:03:25 - mmengine - WARNING - backbone.layer1.0.downsample.1.weight is skipped since its requires_grad=False
2026/03/24 13:03:25 - mmengine - WARNING - backbone.layer1.0.downsample.1.bias is skipped since its requires_grad=False
2026/03/24 13:03:25 - mmengine - WARNING - backbone.layer1.1.conv1.weight is skipped since its requires_grad=False
2026/03/24 13:03:25 - mmengine - WARNING - backbone.layer1.1.bn1.weight is skipped since its requires_grad=False
2026/03/24 13:03:25 - mmengine - WARNING - backbone.layer1.1.bn1.bias is skipped since its requires_grad=False
2026/03/24 13:03:25 - mmengine - WARNING - backbone.layer1.1.conv2.weight is skipped since its requires_grad=False
2026/03/24 13:03:25 - mmengine - WARNING - backbone.layer1.1.bn2.weight is skipped since its requires_grad=False
2026/03/24 13:03:25 - mmengine - WARNING - backbone.layer1.1.bn2.bias is skipped since its requires_grad=False
2026/03/24 13:03:25 - mmengine - WARNING - backbone.layer1.1.conv3.weight is skipped since its requires_grad=False
2026/03/24 13:03:25 - mmengine - WARNING - backbone.layer1.1.bn3.weight is skipped since its requires_grad=False
2026/03/24 13:03:25 - mmengine - WARNING - backbone.layer1.1.bn3.bias is skipped since its requires_grad=False
2026/03/24 13:03:25 - mmengine - WARNING - backbone.layer1.2.conv1.weight is skipped since its requires_grad=False
2026/03/24 13:03:25 - mmengine - WARNING - backbone.layer1.2.bn1.weight is skipped since its requires_grad=False
2026/03/24 13:03:25 - mmengine - WARNING - backbone.layer1.2.bn1.bias is skipped since its requires_grad=False
2026/03/24 13:03:25 - mmengine - WARNING - backbone.layer1.2.conv2.weight is skipped since its requires_grad=False
2026/03/24 13:03:25 - mmengine - WARNING - backbone.layer1.2.bn2.weight is skipped since its requires_grad=False
2026/03/24 13:03:25 - mmengine - WARNING - backbone.layer1.2.bn2.bias is skipped since its requires_grad=False
2026/03/24 13:03:25 - mmengine - WARNING - backbone.layer1.2.conv3.weight is skipped since its requires_grad=False
2026/03/24 13:03:25 - mmengine - WARNING - backbone.layer1.2.bn3.weight is skipped since its requires_grad=False
2026/03/24 13:03:25 - mmengine - WARNING - backbone.layer1.2.bn3.bias is skipped since its requires_grad=False
2026/03/24 13:03:25 - mmengine - INFO - paramwise_options -- backbone.layer2.0.conv1.weight:lr=1e-05
2026/03/24 13:03:25 - mmengine - INFO - paramwise_options -- backbone.layer2.0.conv1.weight:weight_decay=0.0001
2026/03/24 13:03:25 - mmengine - INFO - paramwise_options -- backbone.layer2.0.conv1.weight:lr_mult=0.1
2026/03/24 13:03:25 - mmengine - WARNING - backbone.layer2.0.bn1.weight is skipped since its requires_grad=False
2026/03/24 13:03:25 - mmengine - WARNING - backbone.layer2.0.bn1.bias is skipped since its requires_grad=False
2026/03/24 13:03:25 - mmengine - INFO - paramwise_options -- backbone.layer2.0.conv2.weight:lr=1e-05
2026/03/24 13:03:25 - mmengine - INFO - paramwise_options -- backbone.layer2.0.conv2.weight:weight_decay=0.0001
2026/03/24 13:03:25 - mmengine - INFO - paramwise_options -- backbone.layer2.0.conv2.weight:lr_mult=0.1
2026/03/24 13:03:25 - mmengine - WARNING - backbone.layer2.0.bn2.weight is skipped since its requires_grad=False
2026/03/24 13:03:25 - mmengine - WARNING - backbone.layer2.0.bn2.bias is skipped since its requires_grad=False
2026/03/24 13:03:25 - mmengine - INFO - paramwise_options -- backbone.layer2.0.conv3.weight:lr=1e-05
2026/03/24 13:03:25 - mmengine - INFO - paramwise_options -- backbone.layer2.0.conv3.weight:weight_decay=0.0001
2026/03/24 13:03:25 - mmengine - INFO - paramwise_options -- backbone.layer2.0.conv3.weight:lr_mult=0.1
2026/03/24 13:03:25 - mmengine - WARNING - backbone.layer2.0.bn3.weight is skipped since its requires_grad=False
2026/03/24 13:03:25 - mmengine - WARNING - backbone.layer2.0.bn3.bias is skipped since its requires_grad=False
2026/03/24 13:03:25 - mmengine - INFO - paramwise_options -- backbone.layer2.0.downsample.0.weight:lr=1e-05
2026/03/24 13:03:25 - mmengine - INFO - paramwise_options -- backbone.layer2.0.downsample.0.weight:weight_decay=0.0001
2026/03/24 13:03:25 - mmengine - INFO - paramwise_options -- backbone.layer2.0.downsample.0.weight:lr_mult=0.1
2026/03/24 13:03:25 - mmengine - WARNING - backbone.layer2.0.downsample.1.weight is skipped since its requires_grad=False
2026/03/24 13:03:25 - mmengine - WARNING - backbone.layer2.0.downsample.1.bias is skipped since its requires_grad=False
2026/03/24 13:03:25 - mmengine - INFO - paramwise_options -- backbone.layer2.1.conv1.weight:lr=1e-05
2026/03/24 13:03:25 - mmengine - INFO - paramwise_options -- backbone.layer2.1.conv1.weight:weight_decay=0.0001
2026/03/24 13:03:25 - mmengine - INFO - paramwise_options -- backbone.layer2.1.conv1.weight:lr_mult=0.1
2026/03/24 13:03:25 - mmengine - WARNING - backbone.layer2.1.bn1.weight is skipped since its requires_grad=False
2026/03/24 13:03:25 - mmengine - WARNING - backbone.layer2.1.bn1.bias is skipped since its requires_grad=False
2026/03/24 13:03:25 - mmengine - INFO - paramwise_options -- backbone.layer2.1.conv2.weight:lr=1e-05
2026/03/24 13:03:25 - mmengine - INFO - paramwise_options -- backbone.layer2.1.conv2.weight:weight_decay=0.0001
2026/03/24 13:03:25 - mmengine - INFO - paramwise_options -- backbone.layer2.1.conv2.weight:lr_mult=0.1
2026/03/24 13:03:25 - mmengine - WARNING - backbone.layer2.1.bn2.weight is skipped since its requires_grad=False
2026/03/24 13:03:25 - mmengine - WARNING - backbone.layer2.1.bn2.bias is skipped since its requires_grad=False
2026/03/24 13:03:25 - mmengine - INFO - paramwise_options -- backbone.layer2.1.conv3.weight:lr=1e-05
2026/03/24 13:03:25 - mmengine - INFO - paramwise_options -- backbone.layer2.1.conv3.weight:weight_decay=0.0001
2026/03/24 13:03:25 - mmengine - INFO - paramwise_options -- backbone.layer2.1.conv3.weight:lr_mult=0.1
2026/03/24 13:03:25 - mmengine - WARNING - backbone.layer2.1.bn3.weight is skipped since its requires_grad=False
2026/03/24 13:03:25 - mmengine - WARNING - backbone.layer2.1.bn3.bias is skipped since its requires_grad=False
2026/03/24 13:03:25 - mmengine - INFO - paramwise_options -- backbone.layer2.2.conv1.weight:lr=1e-05
2026/03/24 13:03:25 - mmengine - INFO - paramwise_options -- backbone.layer2.2.conv1.weight:weight_decay=0.0001
2026/03/24 13:03:25 - mmengine - INFO - paramwise_options -- backbone.layer2.2.conv1.weight:lr_mult=0.1
2026/03/24 13:03:25 - mmengine - WARNING - backbone.layer2.2.bn1.weight is skipped since its requires_grad=False
2026/03/24 13:03:25 - mmengine - WARNING - backbone.layer2.2.bn1.bias is skipped since its requires_grad=False
2026/03/24 13:03:25 - mmengine - INFO - paramwise_options -- backbone.layer2.2.conv2.weight:lr=1e-05
2026/03/24 13:03:25 - mmengine - INFO - paramwise_options -- backbone.layer2.2.conv2.weight:weight_decay=0.0001
2026/03/24 13:03:25 - mmengine - INFO - paramwise_options -- backbone.layer2.2.conv2.weight:lr_mult=0.1
2026/03/24 13:03:25 - mmengine - WARNING - backbone.layer2.2.bn2.weight is skipped since its requires_grad=False
2026/03/24 13:03:25 - mmengine - WARNING - backbone.layer2.2.bn2.bias is skipped since its requires_grad=False
2026/03/24 13:03:25 - mmengine - INFO - paramwise_options -- backbone.layer2.2.conv3.weight:lr=1e-05
2026/03/24 13:03:25 - mmengine - INFO - paramwise_options -- backbone.layer2.2.conv3.weight:weight_decay=0.0001
2026/03/24 13:03:25 - mmengine - INFO - paramwise_options -- backbone.layer2.2.conv3.weight:lr_mult=0.1
2026/03/24 13:03:25 - mmengine - WARNING - backbone.layer2.2.bn3.weight is skipped since its requires_grad=False
2026/03/24 13:03:25 - mmengine - WARNING - backbone.layer2.2.bn3.bias is skipped since its requires_grad=False
2026/03/24 13:03:25 - mmengine - INFO - paramwise_options -- backbone.layer2.3.conv1.weight:lr=1e-05
2026/03/24 13:03:25 - mmengine - INFO - paramwise_options -- backbone.layer2.3.conv1.weight:weight_decay=0.0001
2026/03/24 13:03:25 - mmengine - INFO - paramwise_options -- backbone.layer2.3.conv1.weight:lr_mult=0.1
2026/03/24 13:03:25 - mmengine - WARNING - backbone.layer2.3.bn1.weight is skipped since its requires_grad=False
2026/03/24 13:03:25 - mmengine - WARNING - backbone.layer2.3.bn1.bias is skipped since its requires_grad=False
2026/03/24 13:03:25 - mmengine - INFO - paramwise_options -- backbone.layer2.3.conv2.weight:lr=1e-05
2026/03/24 13:03:25 - mmengine - INFO - paramwise_options -- backbone.layer2.3.conv2.weight:weight_decay=0.0001
2026/03/24 13:03:25 - mmengine - INFO - paramwise_options -- backbone.layer2.3.conv2.weight:lr_mult=0.1
2026/03/24 13:03:25 - mmengine - WARNING - backbone.layer2.3.bn2.weight is skipped since its requires_grad=False
2026/03/24 13:03:25 - mmengine - WARNING - backbone.layer2.3.bn2.bias is skipped since its requires_grad=False
2026/03/24 13:03:25 - mmengine - INFO - paramwise_options -- backbone.layer2.3.conv3.weight:lr=1e-05
2026/03/24 13:03:25 - mmengine - INFO - paramwise_options -- backbone.layer2.3.conv3.weight:weight_decay=0.0001
2026/03/24 13:03:25 - mmengine - INFO - paramwise_options -- backbone.layer2.3.conv3.weight:lr_mult=0.1
2026/03/24 13:03:25 - mmengine - WARNING - backbone.layer2.3.bn3.weight is skipped since its requires_grad=False
2026/03/24 13:03:25 - mmengine - WARNING - backbone.layer2.3.bn3.bias is skipped since its requires_grad=False
2026/03/24 13:03:25 - mmengine - INFO - paramwise_options -- backbone.layer3.0.conv1.weight:lr=1e-05
2026/03/24 13:03:25 - mmengine - INFO - paramwise_options -- backbone.layer3.0.conv1.weight:weight_decay=0.0001
2026/03/24 13:03:25 - mmengine - INFO - paramwise_options -- backbone.layer3.0.conv1.weight:lr_mult=0.1
2026/03/24 13:03:25 - mmengine - WARNING - backbone.layer3.0.bn1.weight is skipped since its requires_grad=False
2026/03/24 13:03:25 - mmengine - WARNING - backbone.layer3.0.bn1.bias is skipped since its requires_grad=False
2026/03/24 13:03:25 - mmengine - INFO - paramwise_options -- backbone.layer3.0.conv2.weight:lr=1e-05
2026/03/24 13:03:25 - mmengine - INFO - paramwise_options -- backbone.layer3.0.conv2.weight:weight_decay=0.0001
2026/03/24 13:03:25 - mmengine - INFO - paramwise_options -- backbone.layer3.0.conv2.weight:lr_mult=0.1
2026/03/24 13:03:25 - mmengine - WARNING - backbone.layer3.0.bn2.weight is skipped since its requires_grad=False
2026/03/24 13:03:25 - mmengine - WARNING - backbone.layer3.0.bn2.bias is skipped since its requires_grad=False
2026/03/24 13:03:25 - mmengine - INFO - paramwise_options -- backbone.layer3.0.conv3.weight:lr=1e-05
2026/03/24 13:03:25 - mmengine - INFO - paramwise_options -- backbone.layer3.0.conv3.weight:weight_decay=0.0001
2026/03/24 13:03:25 - mmengine - INFO - paramwise_options -- backbone.layer3.0.conv3.weight:lr_mult=0.1
2026/03/24 13:03:25 - mmengine - WARNING - backbone.layer3.0.bn3.weight is skipped since its requires_grad=False
2026/03/24 13:03:25 - mmengine - WARNING - backbone.layer3.0.bn3.bias is skipped since its requires_grad=False
2026/03/24 13:03:25 - mmengine - INFO - paramwise_options -- backbone.layer3.0.downsample.0.weight:lr=1e-05
2026/03/24 13:03:25 - mmengine - INFO - paramwise_options -- backbone.layer3.0.downsample.0.weight:weight_decay=0.0001
2026/03/24 13:03:25 - mmengine - INFO - paramwise_options -- backbone.layer3.0.downsample.0.weight:lr_mult=0.1
2026/03/24 13:03:25 - mmengine - WARNING - backbone.layer3.0.downsample.1.weight is skipped since its requires_grad=False
2026/03/24 13:03:25 - mmengine - WARNING - backbone.layer3.0.downsample.1.bias is skipped since its requires_grad=False
2026/03/24 13:03:25 - mmengine - INFO - paramwise_options -- backbone.layer3.1.conv1.weight:lr=1e-05
2026/03/24 13:03:25 - mmengine - INFO - paramwise_options -- backbone.layer3.1.conv1.weight:weight_decay=0.0001
2026/03/24 13:03:25 - mmengine - INFO - paramwise_options -- backbone.layer3.1.conv1.weight:lr_mult=0.1
2026/03/24 13:03:25 - mmengine - WARNING - backbone.layer3.1.bn1.weight is skipped since its requires_grad=False
2026/03/24 13:03:25 - mmengine - WARNING - backbone.layer3.1.bn1.bias is skipped since its requires_grad=False
2026/03/24 13:03:25 - mmengine - INFO - paramwise_options -- backbone.layer3.1.conv2.weight:lr=1e-05
2026/03/24 13:03:25 - mmengine - INFO - paramwise_options -- backbone.layer3.1.conv2.weight:weight_decay=0.0001
2026/03/24 13:03:25 - mmengine - INFO - paramwise_options -- backbone.layer3.1.conv2.weight:lr_mult=0.1
2026/03/24 13:03:25 - mmengine - WARNING - backbone.layer3.1.bn2.weight is skipped since its requires_grad=False
2026/03/24 13:03:25 - mmengine - WARNING - backbone.layer3.1.bn2.bias is skipped since its requires_grad=False
2026/03/24 13:03:25 - mmengine - INFO - paramwise_options -- backbone.layer3.1.conv3.weight:lr=1e-05
2026/03/24 13:03:25 - mmengine - INFO - paramwise_options -- backbone.layer3.1.conv3.weight:weight_decay=0.0001
2026/03/24 13:03:25 - mmengine - INFO - paramwise_options -- backbone.layer3.1.conv3.weight:lr_mult=0.1
2026/03/24 13:03:25 - mmengine - WARNING - backbone.layer3.1.bn3.weight is skipped since its requires_grad=False
2026/03/24 13:03:25 - mmengine - WARNING - backbone.layer3.1.bn3.bias is skipped since its requires_grad=False
2026/03/24 13:03:25 - mmengine - INFO - paramwise_options -- backbone.layer3.2.conv1.weight:lr=1e-05
2026/03/24 13:03:25 - mmengine - INFO - paramwise_options -- backbone.layer3.2.conv1.weight:weight_decay=0.0001
2026/03/24 13:03:25 - mmengine - INFO - paramwise_options -- backbone.layer3.2.conv1.weight:lr_mult=0.1
2026/03/24 13:03:25 - mmengine - WARNING - backbone.layer3.2.bn1.weight is skipped since its requires_grad=False
2026/03/24 13:03:25 - mmengine - WARNING - backbone.layer3.2.bn1.bias is skipped since its requires_grad=False
2026/03/24 13:03:25 - mmengine - INFO - paramwise_options -- backbone.layer3.2.conv2.weight:lr=1e-05
2026/03/24 13:03:25 - mmengine - INFO - paramwise_options -- backbone.layer3.2.conv2.weight:weight_decay=0.0001
2026/03/24 13:03:25 - mmengine - INFO - paramwise_options -- backbone.layer3.2.conv2.weight:lr_mult=0.1
2026/03/24 13:03:25 - mmengine - WARNING - backbone.layer3.2.bn2.weight is skipped since its requires_grad=False
2026/03/24 13:03:25 - mmengine - WARNING - backbone.layer3.2.bn2.bias is skipped since its requires_grad=False
2026/03/24 13:03:25 - mmengine - INFO - paramwise_options -- backbone.layer3.2.conv3.weight:lr=1e-05
2026/03/24 13:03:25 - mmengine - INFO - paramwise_options -- backbone.layer3.2.conv3.weight:weight_decay=0.0001
2026/03/24 13:03:25 - mmengine - INFO - paramwise_options -- backbone.layer3.2.conv3.weight:lr_mult=0.1
2026/03/24 13:03:25 - mmengine - WARNING - backbone.layer3.2.bn3.weight is skipped since its requires_grad=False
2026/03/24 13:03:25 - mmengine - WARNING - backbone.layer3.2.bn3.bias is skipped since its requires_grad=False
2026/03/24 13:03:25 - mmengine - INFO - paramwise_options -- backbone.layer3.3.conv1.weight:lr=1e-05
2026/03/24 13:03:25 - mmengine - INFO - paramwise_options -- backbone.layer3.3.conv1.weight:weight_decay=0.0001
2026/03/24 13:03:25 - mmengine - INFO - paramwise_options -- backbone.layer3.3.conv1.weight:lr_mult=0.1
2026/03/24 13:03:25 - mmengine - WARNING - backbone.layer3.3.bn1.weight is skipped since its requires_grad=False
2026/03/24 13:03:25 - mmengine - WARNING - backbone.layer3.3.bn1.bias is skipped since its requires_grad=False
2026/03/24 13:03:25 - mmengine - INFO - paramwise_options -- backbone.layer3.3.conv2.weight:lr=1e-05
2026/03/24 13:03:25 - mmengine - INFO - paramwise_options -- backbone.layer3.3.conv2.weight:weight_decay=0.0001
2026/03/24 13:03:25 - mmengine - INFO - paramwise_options -- backbone.layer3.3.conv2.weight:lr_mult=0.1
2026/03/24 13:03:25 - mmengine - WARNING - backbone.layer3.3.bn2.weight is skipped since its requires_grad=False
2026/03/24 13:03:25 - mmengine - WARNING - backbone.layer3.3.bn2.bias is skipped since its requires_grad=False
2026/03/24 13:03:25 - mmengine - INFO - paramwise_options -- backbone.layer3.3.conv3.weight:lr=1e-05
2026/03/24 13:03:25 - mmengine - INFO - paramwise_options -- backbone.layer3.3.conv3.weight:weight_decay=0.0001
2026/03/24 13:03:25 - mmengine - INFO - paramwise_options -- backbone.layer3.3.conv3.weight:lr_mult=0.1
2026/03/24 13:03:25 - mmengine - WARNING - backbone.layer3.3.bn3.weight is skipped since its requires_grad=False
2026/03/24 13:03:25 - mmengine - WARNING - backbone.layer3.3.bn3.bias is skipped since its requires_grad=False
2026/03/24 13:03:25 - mmengine - INFO - paramwise_options -- backbone.layer3.4.conv1.weight:lr=1e-05
2026/03/24 13:03:25 - mmengine - INFO - paramwise_options -- backbone.layer3.4.conv1.weight:weight_decay=0.0001
2026/03/24 13:03:25 - mmengine - INFO - paramwise_options -- backbone.layer3.4.conv1.weight:lr_mult=0.1
2026/03/24 13:03:25 - mmengine - WARNING - backbone.layer3.4.bn1.weight is skipped since its requires_grad=False
2026/03/24 13:03:25 - mmengine - WARNING - backbone.layer3.4.bn1.bias is skipped since its requires_grad=False
2026/03/24 13:03:25 - mmengine - INFO - paramwise_options -- backbone.layer3.4.conv2.weight:lr=1e-05
2026/03/24 13:03:25 - mmengine - INFO - paramwise_options -- backbone.layer3.4.conv2.weight:weight_decay=0.0001
2026/03/24 13:03:25 - mmengine - INFO - paramwise_options -- backbone.layer3.4.conv2.weight:lr_mult=0.1
2026/03/24 13:03:25 - mmengine - WARNING - backbone.layer3.4.bn2.weight is skipped since its requires_grad=False
2026/03/24 13:03:25 - mmengine - WARNING - backbone.layer3.4.bn2.bias is skipped since its requires_grad=False
2026/03/24 13:03:25 - mmengine - INFO - paramwise_options -- backbone.layer3.4.conv3.weight:lr=1e-05
2026/03/24 13:03:25 - mmengine - INFO - paramwise_options -- backbone.layer3.4.conv3.weight:weight_decay=0.0001
2026/03/24 13:03:25 - mmengine - INFO - paramwise_options -- backbone.layer3.4.conv3.weight:lr_mult=0.1
2026/03/24 13:03:25 - mmengine - WARNING - backbone.layer3.4.bn3.weight is skipped since its requires_grad=False
2026/03/24 13:03:25 - mmengine - WARNING - backbone.layer3.4.bn3.bias is skipped since its requires_grad=False
2026/03/24 13:03:25 - mmengine - INFO - paramwise_options -- backbone.layer3.5.conv1.weight:lr=1e-05
2026/03/24 13:03:25 - mmengine - INFO - paramwise_options -- backbone.layer3.5.conv1.weight:weight_decay=0.0001
2026/03/24 13:03:25 - mmengine - INFO - paramwise_options -- backbone.layer3.5.conv1.weight:lr_mult=0.1
2026/03/24 13:03:25 - mmengine - WARNING - backbone.layer3.5.bn1.weight is skipped since its requires_grad=False
2026/03/24 13:03:25 - mmengine - WARNING - backbone.layer3.5.bn1.bias is skipped since its requires_grad=False
2026/03/24 13:03:25 - mmengine - INFO - paramwise_options -- backbone.layer3.5.conv2.weight:lr=1e-05
2026/03/24 13:03:25 - mmengine - INFO - paramwise_options -- backbone.layer3.5.conv2.weight:weight_decay=0.0001
2026/03/24 13:03:25 - mmengine - INFO - paramwise_options -- backbone.layer3.5.conv2.weight:lr_mult=0.1
2026/03/24 13:03:25 - mmengine - WARNING - backbone.layer3.5.bn2.weight is skipped since its requires_grad=False
2026/03/24 13:03:25 - mmengine - WARNING - backbone.layer3.5.bn2.bias is skipped since its requires_grad=False
2026/03/24 13:03:25 - mmengine - INFO - paramwise_options -- backbone.layer3.5.conv3.weight:lr=1e-05
2026/03/24 13:03:25 - mmengine - INFO - paramwise_options -- backbone.layer3.5.conv3.weight:weight_decay=0.0001
2026/03/24 13:03:25 - mmengine - INFO - paramwise_options -- backbone.layer3.5.conv3.weight:lr_mult=0.1
2026/03/24 13:03:25 - mmengine - WARNING - backbone.layer3.5.bn3.weight is skipped since its requires_grad=False
2026/03/24 13:03:25 - mmengine - WARNING - backbone.layer3.5.bn3.bias is skipped since its requires_grad=False
2026/03/24 13:03:25 - mmengine - INFO - paramwise_options -- backbone.layer4.0.conv1.weight:lr=1e-05
2026/03/24 13:03:25 - mmengine - INFO - paramwise_options -- backbone.layer4.0.conv1.weight:weight_decay=0.0001
2026/03/24 13:03:25 - mmengine - INFO - paramwise_options -- backbone.layer4.0.conv1.weight:lr_mult=0.1
2026/03/24 13:03:25 - mmengine - WARNING - backbone.layer4.0.bn1.weight is skipped since its requires_grad=False
2026/03/24 13:03:25 - mmengine - WARNING - backbone.layer4.0.bn1.bias is skipped since its requires_grad=False
2026/03/24 13:03:25 - mmengine - INFO - paramwise_options -- backbone.layer4.0.conv2.weight:lr=1e-05
2026/03/24 13:03:25 - mmengine - INFO - paramwise_options -- backbone.layer4.0.conv2.weight:weight_decay=0.0001
2026/03/24 13:03:25 - mmengine - INFO - paramwise_options -- backbone.layer4.0.conv2.weight:lr_mult=0.1
2026/03/24 13:03:25 - mmengine - WARNING - backbone.layer4.0.bn2.weight is skipped since its requires_grad=False
2026/03/24 13:03:25 - mmengine - WARNING - backbone.layer4.0.bn2.bias is skipped since its requires_grad=False
2026/03/24 13:03:25 - mmengine - INFO - paramwise_options -- backbone.layer4.0.conv3.weight:lr=1e-05
2026/03/24 13:03:25 - mmengine - INFO - paramwise_options -- backbone.layer4.0.conv3.weight:weight_decay=0.0001
2026/03/24 13:03:25 - mmengine - INFO - paramwise_options -- backbone.layer4.0.conv3.weight:lr_mult=0.1
2026/03/24 13:03:25 - mmengine - WARNING - backbone.layer4.0.bn3.weight is skipped since its requires_grad=False
2026/03/24 13:03:25 - mmengine - WARNING - backbone.layer4.0.bn3.bias is skipped since its requires_grad=False
2026/03/24 13:03:25 - mmengine - INFO - paramwise_options -- backbone.layer4.0.downsample.0.weight:lr=1e-05
2026/03/24 13:03:25 - mmengine - INFO - paramwise_options -- backbone.layer4.0.downsample.0.weight:weight_decay=0.0001
2026/03/24 13:03:25 - mmengine - INFO - paramwise_options -- backbone.layer4.0.downsample.0.weight:lr_mult=0.1
2026/03/24 13:03:25 - mmengine - WARNING - backbone.layer4.0.downsample.1.weight is skipped since its requires_grad=False
2026/03/24 13:03:25 - mmengine - WARNING - backbone.layer4.0.downsample.1.bias is skipped since its requires_grad=False
2026/03/24 13:03:25 - mmengine - INFO - paramwise_options -- backbone.layer4.1.conv1.weight:lr=1e-05
2026/03/24 13:03:25 - mmengine - INFO - paramwise_options -- backbone.layer4.1.conv1.weight:weight_decay=0.0001
2026/03/24 13:03:25 - mmengine - INFO - paramwise_options -- backbone.layer4.1.conv1.weight:lr_mult=0.1
2026/03/24 13:03:25 - mmengine - WARNING - backbone.layer4.1.bn1.weight is skipped since its requires_grad=False
2026/03/24 13:03:25 - mmengine - WARNING - backbone.layer4.1.bn1.bias is skipped since its requires_grad=False
2026/03/24 13:03:25 - mmengine - INFO - paramwise_options -- backbone.layer4.1.conv2.weight:lr=1e-05
2026/03/24 13:03:25 - mmengine - INFO - paramwise_options -- backbone.layer4.1.conv2.weight:weight_decay=0.0001
2026/03/24 13:03:25 - mmengine - INFO - paramwise_options -- backbone.layer4.1.conv2.weight:lr_mult=0.1
2026/03/24 13:03:25 - mmengine - WARNING - backbone.layer4.1.bn2.weight is skipped since its requires_grad=False
2026/03/24 13:03:25 - mmengine - WARNING - backbone.layer4.1.bn2.bias is skipped since its requires_grad=False
2026/03/24 13:03:25 - mmengine - INFO - paramwise_options -- backbone.layer4.1.conv3.weight:lr=1e-05
2026/03/24 13:03:25 - mmengine - INFO - paramwise_options -- backbone.layer4.1.conv3.weight:weight_decay=0.0001
2026/03/24 13:03:25 - mmengine - INFO - paramwise_options -- backbone.layer4.1.conv3.weight:lr_mult=0.1
2026/03/24 13:03:25 - mmengine - WARNING - backbone.layer4.1.bn3.weight is skipped since its requires_grad=False
2026/03/24 13:03:25 - mmengine - WARNING - backbone.layer4.1.bn3.bias is skipped since its requires_grad=False
2026/03/24 13:03:25 - mmengine - INFO - paramwise_options -- backbone.layer4.2.conv1.weight:lr=1e-05
2026/03/24 13:03:25 - mmengine - INFO - paramwise_options -- backbone.layer4.2.conv1.weight:weight_decay=0.0001
2026/03/24 13:03:25 - mmengine - INFO - paramwise_options -- backbone.layer4.2.conv1.weight:lr_mult=0.1
2026/03/24 13:03:25 - mmengine - WARNING - backbone.layer4.2.bn1.weight is skipped since its requires_grad=False
2026/03/24 13:03:25 - mmengine - WARNING - backbone.layer4.2.bn1.bias is skipped since its requires_grad=False
2026/03/24 13:03:25 - mmengine - INFO - paramwise_options -- backbone.layer4.2.conv2.weight:lr=1e-05
2026/03/24 13:03:25 - mmengine - INFO - paramwise_options -- backbone.layer4.2.conv2.weight:weight_decay=0.0001
2026/03/24 13:03:25 - mmengine - INFO - paramwise_options -- backbone.layer4.2.conv2.weight:lr_mult=0.1
2026/03/24 13:03:25 - mmengine - WARNING - backbone.layer4.2.bn2.weight is skipped since its requires_grad=False
2026/03/24 13:03:25 - mmengine - WARNING - backbone.layer4.2.bn2.bias is skipped since its requires_grad=False
2026/03/24 13:03:25 - mmengine - INFO - paramwise_options -- backbone.layer4.2.conv3.weight:lr=1e-05
2026/03/24 13:03:25 - mmengine - INFO - paramwise_options -- backbone.layer4.2.conv3.weight:weight_decay=0.0001
2026/03/24 13:03:25 - mmengine - INFO - paramwise_options -- backbone.layer4.2.conv3.weight:lr_mult=0.1
2026/03/24 13:03:25 - mmengine - WARNING - backbone.layer4.2.bn3.weight is skipped since its requires_grad=False
2026/03/24 13:03:25 - mmengine - WARNING - backbone.layer4.2.bn3.bias is skipped since its requires_grad=False
2026/03/24 13:03:26 - mmengine - INFO - load model from: torchvision://resnet50
2026/03/24 13:03:26 - mmengine - INFO - Loads checkpoint by torchvision backend from path: torchvision://resnet50
2026/03/24 13:03:26 - mmengine - WARNING - The model and loaded state dict do not match exactly

unexpected key in source state_dict: fc.weight, fc.bias

Name of parameter - Initialization information

backbone.conv1.weight - torch.Size([64, 3, 7, 7]): 
PretrainedInit: load from torchvision://resnet50 

backbone.bn1.weight - torch.Size([64]): 
PretrainedInit: load from torchvision://resnet50 

backbone.bn1.bias - torch.Size([64]): 
PretrainedInit: load from torchvision://resnet50 

backbone.layer1.0.conv1.weight - torch.Size([64, 64, 1, 1]): 
PretrainedInit: load from torchvision://resnet50 

backbone.layer1.0.bn1.weight - torch.Size([64]): 
PretrainedInit: load from torchvision://resnet50 

backbone.layer1.0.bn1.bias - torch.Size([64]): 
PretrainedInit: load from torchvision://resnet50 

backbone.layer1.0.conv2.weight - torch.Size([64, 64, 3, 3]): 
PretrainedInit: load from torchvision://resnet50 

backbone.layer1.0.bn2.weight - torch.Size([64]): 
PretrainedInit: load from torchvision://resnet50 

backbone.layer1.0.bn2.bias - torch.Size([64]): 
PretrainedInit: load from torchvision://resnet50 

backbone.layer1.0.conv3.weight - torch.Size([256, 64, 1, 1]): 
PretrainedInit: load from torchvision://resnet50 

backbone.layer1.0.bn3.weight - torch.Size([256]): 
PretrainedInit: load from torchvision://resnet50 

backbone.layer1.0.bn3.bias - torch.Size([256]): 
PretrainedInit: load from torchvision://resnet50 

backbone.layer1.0.downsample.0.weight - torch.Size([256, 64, 1, 1]): 
PretrainedInit: load from torchvision://resnet50 

backbone.layer1.0.downsample.1.weight - torch.Size([256]): 
PretrainedInit: load from torchvision://resnet50 

backbone.layer1.0.downsample.1.bias - torch.Size([256]): 
PretrainedInit: load from torchvision://resnet50 

backbone.layer1.1.conv1.weight - torch.Size([64, 256, 1, 1]): 
PretrainedInit: load from torchvision://resnet50 

backbone.layer1.1.bn1.weight - torch.Size([64]): 
PretrainedInit: load from torchvision://resnet50 

backbone.layer1.1.bn1.bias - torch.Size([64]): 
PretrainedInit: load from torchvision://resnet50 

backbone.layer1.1.conv2.weight - torch.Size([64, 64, 3, 3]): 
PretrainedInit: load from torchvision://resnet50 

backbone.layer1.1.bn2.weight - torch.Size([64]): 
PretrainedInit: load from torchvision://resnet50 

backbone.layer1.1.bn2.bias - torch.Size([64]): 
PretrainedInit: load from torchvision://resnet50 

backbone.layer1.1.conv3.weight - torch.Size([256, 64, 1, 1]): 
PretrainedInit: load from torchvision://resnet50 

backbone.layer1.1.bn3.weight - torch.Size([256]): 
PretrainedInit: load from torchvision://resnet50 

backbone.layer1.1.bn3.bias - torch.Size([256]): 
PretrainedInit: load from torchvision://resnet50 

backbone.layer1.2.conv1.weight - torch.Size([64, 256, 1, 1]): 
PretrainedInit: load from torchvision://resnet50 

backbone.layer1.2.bn1.weight - torch.Size([64]): 
PretrainedInit: load from torchvision://resnet50 

backbone.layer1.2.bn1.bias - torch.Size([64]): 
PretrainedInit: load from torchvision://resnet50 

backbone.layer1.2.conv2.weight - torch.Size([64, 64, 3, 3]): 
PretrainedInit: load from torchvision://resnet50 

backbone.layer1.2.bn2.weight - torch.Size([64]): 
PretrainedInit: load from torchvision://resnet50 

backbone.layer1.2.bn2.bias - torch.Size([64]): 
PretrainedInit: load from torchvision://resnet50 

backbone.layer1.2.conv3.weight - torch.Size([256, 64, 1, 1]): 
PretrainedInit: load from torchvision://resnet50 

backbone.layer1.2.bn3.weight - torch.Size([256]): 
PretrainedInit: load from torchvision://resnet50 

backbone.layer1.2.bn3.bias - torch.Size([256]): 
PretrainedInit: load from torchvision://resnet50 

backbone.layer2.0.conv1.weight - torch.Size([128, 256, 1, 1]): 
PretrainedInit: load from torchvision://resnet50 

backbone.layer2.0.bn1.weight - torch.Size([128]): 
PretrainedInit: load from torchvision://resnet50 

backbone.layer2.0.bn1.bias - torch.Size([128]): 
PretrainedInit: load from torchvision://resnet50 

backbone.layer2.0.conv2.weight - torch.Size([128, 128, 3, 3]): 
PretrainedInit: load from torchvision://resnet50 

backbone.layer2.0.bn2.weight - torch.Size([128]): 
PretrainedInit: load from torchvision://resnet50 

backbone.layer2.0.bn2.bias - torch.Size([128]): 
PretrainedInit: load from torchvision://resnet50 

backbone.layer2.0.conv3.weight - torch.Size([512, 128, 1, 1]): 
PretrainedInit: load from torchvision://resnet50 

backbone.layer2.0.bn3.weight - torch.Size([512]): 
PretrainedInit: load from torchvision://resnet50 

backbone.layer2.0.bn3.bias - torch.Size([512]): 
PretrainedInit: load from torchvision://resnet50 

backbone.layer2.0.downsample.0.weight - torch.Size([512, 256, 1, 1]): 
PretrainedInit: load from torchvision://resnet50 

backbone.layer2.0.downsample.1.weight - torch.Size([512]): 
PretrainedInit: load from torchvision://resnet50 

backbone.layer2.0.downsample.1.bias - torch.Size([512]): 
PretrainedInit: load from torchvision://resnet50 

backbone.layer2.1.conv1.weight - torch.Size([128, 512, 1, 1]): 
PretrainedInit: load from torchvision://resnet50 

backbone.layer2.1.bn1.weight - torch.Size([128]): 
PretrainedInit: load from torchvision://resnet50 

backbone.layer2.1.bn1.bias - torch.Size([128]): 
PretrainedInit: load from torchvision://resnet50 

backbone.layer2.1.conv2.weight - torch.Size([128, 128, 3, 3]): 
PretrainedInit: load from torchvision://resnet50 

backbone.layer2.1.bn2.weight - torch.Size([128]): 
PretrainedInit: load from torchvision://resnet50 

backbone.layer2.1.bn2.bias - torch.Size([128]): 
PretrainedInit: load from torchvision://resnet50 

backbone.layer2.1.conv3.weight - torch.Size([512, 128, 1, 1]): 
PretrainedInit: load from torchvision://resnet50 

backbone.layer2.1.bn3.weight - torch.Size([512]): 
PretrainedInit: load from torchvision://resnet50 

backbone.layer2.1.bn3.bias - torch.Size([512]): 
PretrainedInit: load from torchvision://resnet50 

backbone.layer2.2.conv1.weight - torch.Size([128, 512, 1, 1]): 
PretrainedInit: load from torchvision://resnet50 

backbone.layer2.2.bn1.weight - torch.Size([128]): 
PretrainedInit: load from torchvision://resnet50 

backbone.layer2.2.bn1.bias - torch.Size([128]): 
PretrainedInit: load from torchvision://resnet50 

backbone.layer2.2.conv2.weight - torch.Size([128, 128, 3, 3]): 
PretrainedInit: load from torchvision://resnet50 

backbone.layer2.2.bn2.weight - torch.Size([128]): 
PretrainedInit: load from torchvision://resnet50 

backbone.layer2.2.bn2.bias - torch.Size([128]): 
PretrainedInit: load from torchvision://resnet50 

backbone.layer2.2.conv3.weight - torch.Size([512, 128, 1, 1]): 
PretrainedInit: load from torchvision://resnet50 

backbone.layer2.2.bn3.weight - torch.Size([512]): 
PretrainedInit: load from torchvision://resnet50 

backbone.layer2.2.bn3.bias - torch.Size([512]): 
PretrainedInit: load from torchvision://resnet50 

backbone.layer2.3.conv1.weight - torch.Size([128, 512, 1, 1]): 
PretrainedInit: load from torchvision://resnet50 

backbone.layer2.3.bn1.weight - torch.Size([128]): 
PretrainedInit: load from torchvision://resnet50 

backbone.layer2.3.bn1.bias - torch.Size([128]): 
PretrainedInit: load from torchvision://resnet50 

backbone.layer2.3.conv2.weight - torch.Size([128, 128, 3, 3]): 
PretrainedInit: load from torchvision://resnet50 

backbone.layer2.3.bn2.weight - torch.Size([128]): 
PretrainedInit: load from torchvision://resnet50 

backbone.layer2.3.bn2.bias - torch.Size([128]): 
PretrainedInit: load from torchvision://resnet50 

backbone.layer2.3.conv3.weight - torch.Size([512, 128, 1, 1]): 
PretrainedInit: load from torchvision://resnet50 

backbone.layer2.3.bn3.weight - torch.Size([512]): 
PretrainedInit: load from torchvision://resnet50 

backbone.layer2.3.bn3.bias - torch.Size([512]): 
PretrainedInit: load from torchvision://resnet50 

backbone.layer3.0.conv1.weight - torch.Size([256, 512, 1, 1]): 
PretrainedInit: load from torchvision://resnet50 

backbone.layer3.0.bn1.weight - torch.Size([256]): 
PretrainedInit: load from torchvision://resnet50 

backbone.layer3.0.bn1.bias - torch.Size([256]): 
PretrainedInit: load from torchvision://resnet50 

backbone.layer3.0.conv2.weight - torch.Size([256, 256, 3, 3]): 
PretrainedInit: load from torchvision://resnet50 

backbone.layer3.0.bn2.weight - torch.Size([256]): 
PretrainedInit: load from torchvision://resnet50 

backbone.layer3.0.bn2.bias - torch.Size([256]): 
PretrainedInit: load from torchvision://resnet50 

backbone.layer3.0.conv3.weight - torch.Size([1024, 256, 1, 1]): 
PretrainedInit: load from torchvision://resnet50 

backbone.layer3.0.bn3.weight - torch.Size([1024]): 
PretrainedInit: load from torchvision://resnet50 

backbone.layer3.0.bn3.bias - torch.Size([1024]): 
PretrainedInit: load from torchvision://resnet50 

backbone.layer3.0.downsample.0.weight - torch.Size([1024, 512, 1, 1]): 
PretrainedInit: load from torchvision://resnet50 

backbone.layer3.0.downsample.1.weight - torch.Size([1024]): 
PretrainedInit: load from torchvision://resnet50 

backbone.layer3.0.downsample.1.bias - torch.Size([1024]): 
PretrainedInit: load from torchvision://resnet50 

backbone.layer3.1.conv1.weight - torch.Size([256, 1024, 1, 1]): 
PretrainedInit: load from torchvision://resnet50 

backbone.layer3.1.bn1.weight - torch.Size([256]): 
PretrainedInit: load from torchvision://resnet50 

backbone.layer3.1.bn1.bias - torch.Size([256]): 
PretrainedInit: load from torchvision://resnet50 

backbone.layer3.1.conv2.weight - torch.Size([256, 256, 3, 3]): 
PretrainedInit: load from torchvision://resnet50 

backbone.layer3.1.bn2.weight - torch.Size([256]): 
PretrainedInit: load from torchvision://resnet50 

backbone.layer3.1.bn2.bias - torch.Size([256]): 
PretrainedInit: load from torchvision://resnet50 

backbone.layer3.1.conv3.weight - torch.Size([1024, 256, 1, 1]): 
PretrainedInit: load from torchvision://resnet50 

backbone.layer3.1.bn3.weight - torch.Size([1024]): 
PretrainedInit: load from torchvision://resnet50 

backbone.layer3.1.bn3.bias - torch.Size([1024]): 
PretrainedInit: load from torchvision://resnet50 

backbone.layer3.2.conv1.weight - torch.Size([256, 1024, 1, 1]): 
PretrainedInit: load from torchvision://resnet50 

backbone.layer3.2.bn1.weight - torch.Size([256]): 
PretrainedInit: load from torchvision://resnet50 

backbone.layer3.2.bn1.bias - torch.Size([256]): 
PretrainedInit: load from torchvision://resnet50 

backbone.layer3.2.conv2.weight - torch.Size([256, 256, 3, 3]): 
PretrainedInit: load from torchvision://resnet50 

backbone.layer3.2.bn2.weight - torch.Size([256]): 
PretrainedInit: load from torchvision://resnet50 

backbone.layer3.2.bn2.bias - torch.Size([256]): 
PretrainedInit: load from torchvision://resnet50 

backbone.layer3.2.conv3.weight - torch.Size([1024, 256, 1, 1]): 
PretrainedInit: load from torchvision://resnet50 

backbone.layer3.2.bn3.weight - torch.Size([1024]): 
PretrainedInit: load from torchvision://resnet50 

backbone.layer3.2.bn3.bias - torch.Size([1024]): 
PretrainedInit: load from torchvision://resnet50 

backbone.layer3.3.conv1.weight - torch.Size([256, 1024, 1, 1]): 
PretrainedInit: load from torchvision://resnet50 

backbone.layer3.3.bn1.weight - torch.Size([256]): 
PretrainedInit: load from torchvision://resnet50 

backbone.layer3.3.bn1.bias - torch.Size([256]): 
PretrainedInit: load from torchvision://resnet50 

backbone.layer3.3.conv2.weight - torch.Size([256, 256, 3, 3]): 
PretrainedInit: load from torchvision://resnet50 

backbone.layer3.3.bn2.weight - torch.Size([256]): 
PretrainedInit: load from torchvision://resnet50 

backbone.layer3.3.bn2.bias - torch.Size([256]): 
PretrainedInit: load from torchvision://resnet50 

backbone.layer3.3.conv3.weight - torch.Size([1024, 256, 1, 1]): 
PretrainedInit: load from torchvision://resnet50 

backbone.layer3.3.bn3.weight - torch.Size([1024]): 
PretrainedInit: load from torchvision://resnet50 

backbone.layer3.3.bn3.bias - torch.Size([1024]): 
PretrainedInit: load from torchvision://resnet50 

backbone.layer3.4.conv1.weight - torch.Size([256, 1024, 1, 1]): 
PretrainedInit: load from torchvision://resnet50 

backbone.layer3.4.bn1.weight - torch.Size([256]): 
PretrainedInit: load from torchvision://resnet50 

backbone.layer3.4.bn1.bias - torch.Size([256]): 
PretrainedInit: load from torchvision://resnet50 

backbone.layer3.4.conv2.weight - torch.Size([256, 256, 3, 3]): 
PretrainedInit: load from torchvision://resnet50 

backbone.layer3.4.bn2.weight - torch.Size([256]): 
PretrainedInit: load from torchvision://resnet50 

backbone.layer3.4.bn2.bias - torch.Size([256]): 
PretrainedInit: load from torchvision://resnet50 

backbone.layer3.4.conv3.weight - torch.Size([1024, 256, 1, 1]): 
PretrainedInit: load from torchvision://resnet50 

backbone.layer3.4.bn3.weight - torch.Size([1024]): 
PretrainedInit: load from torchvision://resnet50 

backbone.layer3.4.bn3.bias - torch.Size([1024]): 
PretrainedInit: load from torchvision://resnet50 

backbone.layer3.5.conv1.weight - torch.Size([256, 1024, 1, 1]): 
PretrainedInit: load from torchvision://resnet50 

backbone.layer3.5.bn1.weight - torch.Size([256]): 
PretrainedInit: load from torchvision://resnet50 

backbone.layer3.5.bn1.bias - torch.Size([256]): 
PretrainedInit: load from torchvision://resnet50 

backbone.layer3.5.conv2.weight - torch.Size([256, 256, 3, 3]): 
PretrainedInit: load from torchvision://resnet50 

backbone.layer3.5.bn2.weight - torch.Size([256]): 
PretrainedInit: load from torchvision://resnet50 

backbone.layer3.5.bn2.bias - torch.Size([256]): 
PretrainedInit: load from torchvision://resnet50 

backbone.layer3.5.conv3.weight - torch.Size([1024, 256, 1, 1]): 
PretrainedInit: load from torchvision://resnet50 

backbone.layer3.5.bn3.weight - torch.Size([1024]): 
PretrainedInit: load from torchvision://resnet50 

backbone.layer3.5.bn3.bias - torch.Size([1024]): 
PretrainedInit: load from torchvision://resnet50 

backbone.layer4.0.conv1.weight - torch.Size([512, 1024, 1, 1]): 
PretrainedInit: load from torchvision://resnet50 

backbone.layer4.0.bn1.weight - torch.Size([512]): 
PretrainedInit: load from torchvision://resnet50 

backbone.layer4.0.bn1.bias - torch.Size([512]): 
PretrainedInit: load from torchvision://resnet50 

backbone.layer4.0.conv2.weight - torch.Size([512, 512, 3, 3]): 
PretrainedInit: load from torchvision://resnet50 

backbone.layer4.0.bn2.weight - torch.Size([512]): 
PretrainedInit: load from torchvision://resnet50 

backbone.layer4.0.bn2.bias - torch.Size([512]): 
PretrainedInit: load from torchvision://resnet50 

backbone.layer4.0.conv3.weight - torch.Size([2048, 512, 1, 1]): 
PretrainedInit: load from torchvision://resnet50 

backbone.layer4.0.bn3.weight - torch.Size([2048]): 
PretrainedInit: load from torchvision://resnet50 

backbone.layer4.0.bn3.bias - torch.Size([2048]): 
PretrainedInit: load from torchvision://resnet50 

backbone.layer4.0.downsample.0.weight - torch.Size([2048, 1024, 1, 1]): 
PretrainedInit: load from torchvision://resnet50 

backbone.layer4.0.downsample.1.weight - torch.Size([2048]): 
PretrainedInit: load from torchvision://resnet50 

backbone.layer4.0.downsample.1.bias - torch.Size([2048]): 
PretrainedInit: load from torchvision://resnet50 

backbone.layer4.1.conv1.weight - torch.Size([512, 2048, 1, 1]): 
PretrainedInit: load from torchvision://resnet50 

backbone.layer4.1.bn1.weight - torch.Size([512]): 
PretrainedInit: load from torchvision://resnet50 

backbone.layer4.1.bn1.bias - torch.Size([512]): 
PretrainedInit: load from torchvision://resnet50 

backbone.layer4.1.conv2.weight - torch.Size([512, 512, 3, 3]): 
PretrainedInit: load from torchvision://resnet50 

backbone.layer4.1.bn2.weight - torch.Size([512]): 
PretrainedInit: load from torchvision://resnet50 

backbone.layer4.1.bn2.bias - torch.Size([512]): 
PretrainedInit: load from torchvision://resnet50 

backbone.layer4.1.conv3.weight - torch.Size([2048, 512, 1, 1]): 
PretrainedInit: load from torchvision://resnet50 

backbone.layer4.1.bn3.weight - torch.Size([2048]): 
PretrainedInit: load from torchvision://resnet50 

backbone.layer4.1.bn3.bias - torch.Size([2048]): 
PretrainedInit: load from torchvision://resnet50 

backbone.layer4.2.conv1.weight - torch.Size([512, 2048, 1, 1]): 
PretrainedInit: load from torchvision://resnet50 

backbone.layer4.2.bn1.weight - torch.Size([512]): 
PretrainedInit: load from torchvision://resnet50 

backbone.layer4.2.bn1.bias - torch.Size([512]): 
PretrainedInit: load from torchvision://resnet50 

backbone.layer4.2.conv2.weight - torch.Size([512, 512, 3, 3]): 
PretrainedInit: load from torchvision://resnet50 

backbone.layer4.2.bn2.weight - torch.Size([512]): 
PretrainedInit: load from torchvision://resnet50 

backbone.layer4.2.bn2.bias - torch.Size([512]): 
PretrainedInit: load from torchvision://resnet50 

backbone.layer4.2.conv3.weight - torch.Size([2048, 512, 1, 1]): 
PretrainedInit: load from torchvision://resnet50 

backbone.layer4.2.bn3.weight - torch.Size([2048]): 
PretrainedInit: load from torchvision://resnet50 

backbone.layer4.2.bn3.bias - torch.Size([2048]): 
PretrainedInit: load from torchvision://resnet50 

neck.convs.0.conv.weight - torch.Size([256, 2048, 1, 1]): 
XavierInit: gain=1, distribution=uniform, bias=0 

neck.convs.0.conv.bias - torch.Size([256]): 
The value is the same before and after calling `init_weights` of DETR  

bbox_head.fc_cls.weight - torch.Size([2, 256]): 
The value is the same before and after calling `init_weights` of DETR  

bbox_head.fc_cls.bias - torch.Size([2]): 
The value is the same before and after calling `init_weights` of DETR  

bbox_head.reg_ffn.layers.0.0.weight - torch.Size([256, 256]): 
The value is the same before and after calling `init_weights` of DETR  

bbox_head.reg_ffn.layers.0.0.bias - torch.Size([256]): 
The value is the same before and after calling `init_weights` of DETR  

bbox_head.reg_ffn.layers.1.weight - torch.Size([256, 256]): 
The value is the same before and after calling `init_weights` of DETR  

bbox_head.reg_ffn.layers.1.bias - torch.Size([256]): 
The value is the same before and after calling `init_weights` of DETR  

bbox_head.fc_reg.weight - torch.Size([4, 256]): 
The value is the same before and after calling `init_weights` of DETR  

bbox_head.fc_reg.bias - torch.Size([4]): 
The value is the same before and after calling `init_weights` of DETR  

encoder.layers.0.self_attn.attn.in_proj_weight - torch.Size([768, 256]): 
The value is the same before and after calling `init_weights` of DETR  

encoder.layers.0.self_attn.attn.in_proj_bias - torch.Size([768]): 
The value is the same before and after calling `init_weights` of DETR  

encoder.layers.0.self_attn.attn.out_proj.weight - torch.Size([256, 256]): 
The value is the same before and after calling `init_weights` of DETR  

encoder.layers.0.self_attn.attn.out_proj.bias - torch.Size([256]): 
The value is the same before and after calling `init_weights` of DETR  

encoder.layers.0.ffn.layers.0.0.weight - torch.Size([2048, 256]): 
The value is the same before and after calling `init_weights` of DETR  

encoder.layers.0.ffn.layers.0.0.bias - torch.Size([2048]): 
The value is the same before and after calling `init_weights` of DETR  

encoder.layers.0.ffn.layers.1.weight - torch.Size([256, 2048]): 
The value is the same before and after calling `init_weights` of DETR  

encoder.layers.0.ffn.layers.1.bias - torch.Size([256]): 
The value is the same before and after calling `init_weights` of DETR  

encoder.layers.0.norms.0.weight - torch.Size([256]): 
The value is the same before and after calling `init_weights` of DETR  

encoder.layers.0.norms.0.bias - torch.Size([256]): 
The value is the same before and after calling `init_weights` of DETR  

encoder.layers.0.norms.1.weight - torch.Size([256]): 
The value is the same before and after calling `init_weights` of DETR  

encoder.layers.0.norms.1.bias - torch.Size([256]): 
The value is the same before and after calling `init_weights` of DETR  

encoder.layers.1.self_attn.attn.in_proj_weight - torch.Size([768, 256]): 
The value is the same before and after calling `init_weights` of DETR  

encoder.layers.1.self_attn.attn.in_proj_bias - torch.Size([768]): 
The value is the same before and after calling `init_weights` of DETR  

encoder.layers.1.self_attn.attn.out_proj.weight - torch.Size([256, 256]): 
The value is the same before and after calling `init_weights` of DETR  

encoder.layers.1.self_attn.attn.out_proj.bias - torch.Size([256]): 
The value is the same before and after calling `init_weights` of DETR  

encoder.layers.1.ffn.layers.0.0.weight - torch.Size([2048, 256]): 
The value is the same before and after calling `init_weights` of DETR  

encoder.layers.1.ffn.layers.0.0.bias - torch.Size([2048]): 
The value is the same before and after calling `init_weights` of DETR  

encoder.layers.1.ffn.layers.1.weight - torch.Size([256, 2048]): 
The value is the same before and after calling `init_weights` of DETR  

encoder.layers.1.ffn.layers.1.bias - torch.Size([256]): 
The value is the same before and after calling `init_weights` of DETR  

encoder.layers.1.norms.0.weight - torch.Size([256]): 
The value is the same before and after calling `init_weights` of DETR  

encoder.layers.1.norms.0.bias - torch.Size([256]): 
The value is the same before and after calling `init_weights` of DETR  

encoder.layers.1.norms.1.weight - torch.Size([256]): 
The value is the same before and after calling `init_weights` of DETR  

encoder.layers.1.norms.1.bias - torch.Size([256]): 
The value is the same before and after calling `init_weights` of DETR  

encoder.layers.2.self_attn.attn.in_proj_weight - torch.Size([768, 256]): 
The value is the same before and after calling `init_weights` of DETR  

encoder.layers.2.self_attn.attn.in_proj_bias - torch.Size([768]): 
The value is the same before and after calling `init_weights` of DETR  

encoder.layers.2.self_attn.attn.out_proj.weight - torch.Size([256, 256]): 
The value is the same before and after calling `init_weights` of DETR  

encoder.layers.2.self_attn.attn.out_proj.bias - torch.Size([256]): 
The value is the same before and after calling `init_weights` of DETR  

encoder.layers.2.ffn.layers.0.0.weight - torch.Size([2048, 256]): 
The value is the same before and after calling `init_weights` of DETR  

encoder.layers.2.ffn.layers.0.0.bias - torch.Size([2048]): 
The value is the same before and after calling `init_weights` of DETR  

encoder.layers.2.ffn.layers.1.weight - torch.Size([256, 2048]): 
The value is the same before and after calling `init_weights` of DETR  

encoder.layers.2.ffn.layers.1.bias - torch.Size([256]): 
The value is the same before and after calling `init_weights` of DETR  

encoder.layers.2.norms.0.weight - torch.Size([256]): 
The value is the same before and after calling `init_weights` of DETR  

encoder.layers.2.norms.0.bias - torch.Size([256]): 
The value is the same before and after calling `init_weights` of DETR  

encoder.layers.2.norms.1.weight - torch.Size([256]): 
The value is the same before and after calling `init_weights` of DETR  

encoder.layers.2.norms.1.bias - torch.Size([256]): 
The value is the same before and after calling `init_weights` of DETR  

encoder.layers.3.self_attn.attn.in_proj_weight - torch.Size([768, 256]): 
The value is the same before and after calling `init_weights` of DETR  

encoder.layers.3.self_attn.attn.in_proj_bias - torch.Size([768]): 
The value is the same before and after calling `init_weights` of DETR  

encoder.layers.3.self_attn.attn.out_proj.weight - torch.Size([256, 256]): 
The value is the same before and after calling `init_weights` of DETR  

encoder.layers.3.self_attn.attn.out_proj.bias - torch.Size([256]): 
The value is the same before and after calling `init_weights` of DETR  

encoder.layers.3.ffn.layers.0.0.weight - torch.Size([2048, 256]): 
The value is the same before and after calling `init_weights` of DETR  

encoder.layers.3.ffn.layers.0.0.bias - torch.Size([2048]): 
The value is the same before and after calling `init_weights` of DETR  

encoder.layers.3.ffn.layers.1.weight - torch.Size([256, 2048]): 
The value is the same before and after calling `init_weights` of DETR  

encoder.layers.3.ffn.layers.1.bias - torch.Size([256]): 
The value is the same before and after calling `init_weights` of DETR  

encoder.layers.3.norms.0.weight - torch.Size([256]): 
The value is the same before and after calling `init_weights` of DETR  

encoder.layers.3.norms.0.bias - torch.Size([256]): 
The value is the same before and after calling `init_weights` of DETR  

encoder.layers.3.norms.1.weight - torch.Size([256]): 
The value is the same before and after calling `init_weights` of DETR  

encoder.layers.3.norms.1.bias - torch.Size([256]): 
The value is the same before and after calling `init_weights` of DETR  

encoder.layers.4.self_attn.attn.in_proj_weight - torch.Size([768, 256]): 
The value is the same before and after calling `init_weights` of DETR  

encoder.layers.4.self_attn.attn.in_proj_bias - torch.Size([768]): 
The value is the same before and after calling `init_weights` of DETR  

encoder.layers.4.self_attn.attn.out_proj.weight - torch.Size([256, 256]): 
The value is the same before and after calling `init_weights` of DETR  

encoder.layers.4.self_attn.attn.out_proj.bias - torch.Size([256]): 
The value is the same before and after calling `init_weights` of DETR  

encoder.layers.4.ffn.layers.0.0.weight - torch.Size([2048, 256]): 
The value is the same before and after calling `init_weights` of DETR  

encoder.layers.4.ffn.layers.0.0.bias - torch.Size([2048]): 
The value is the same before and after calling `init_weights` of DETR  

encoder.layers.4.ffn.layers.1.weight - torch.Size([256, 2048]): 
The value is the same before and after calling `init_weights` of DETR  

encoder.layers.4.ffn.layers.1.bias - torch.Size([256]): 
The value is the same before and after calling `init_weights` of DETR  

encoder.layers.4.norms.0.weight - torch.Size([256]): 
The value is the same before and after calling `init_weights` of DETR  

encoder.layers.4.norms.0.bias - torch.Size([256]): 
The value is the same before and after calling `init_weights` of DETR  

encoder.layers.4.norms.1.weight - torch.Size([256]): 
The value is the same before and after calling `init_weights` of DETR  

encoder.layers.4.norms.1.bias - torch.Size([256]): 
The value is the same before and after calling `init_weights` of DETR  

encoder.layers.5.self_attn.attn.in_proj_weight - torch.Size([768, 256]): 
The value is the same before and after calling `init_weights` of DETR  

encoder.layers.5.self_attn.attn.in_proj_bias - torch.Size([768]): 
The value is the same before and after calling `init_weights` of DETR  

encoder.layers.5.self_attn.attn.out_proj.weight - torch.Size([256, 256]): 
The value is the same before and after calling `init_weights` of DETR  

encoder.layers.5.self_attn.attn.out_proj.bias - torch.Size([256]): 
The value is the same before and after calling `init_weights` of DETR  

encoder.layers.5.ffn.layers.0.0.weight - torch.Size([2048, 256]): 
The value is the same before and after calling `init_weights` of DETR  

encoder.layers.5.ffn.layers.0.0.bias - torch.Size([2048]): 
The value is the same before and after calling `init_weights` of DETR  

encoder.layers.5.ffn.layers.1.weight - torch.Size([256, 2048]): 
The value is the same before and after calling `init_weights` of DETR  

encoder.layers.5.ffn.layers.1.bias - torch.Size([256]): 
The value is the same before and after calling `init_weights` of DETR  

encoder.layers.5.norms.0.weight - torch.Size([256]): 
The value is the same before and after calling `init_weights` of DETR  

encoder.layers.5.norms.0.bias - torch.Size([256]): 
The value is the same before and after calling `init_weights` of DETR  

encoder.layers.5.norms.1.weight - torch.Size([256]): 
The value is the same before and after calling `init_weights` of DETR  

encoder.layers.5.norms.1.bias - torch.Size([256]): 
The value is the same before and after calling `init_weights` of DETR  

decoder.layers.0.self_attn.attn.in_proj_weight - torch.Size([768, 256]): 
The value is the same before and after calling `init_weights` of DETR  

decoder.layers.0.self_attn.attn.in_proj_bias - torch.Size([768]): 
The value is the same before and after calling `init_weights` of DETR  

decoder.layers.0.self_attn.attn.out_proj.weight - torch.Size([256, 256]): 
The value is the same before and after calling `init_weights` of DETR  

decoder.layers.0.self_attn.attn.out_proj.bias - torch.Size([256]): 
The value is the same before and after calling `init_weights` of DETR  

decoder.layers.0.cross_attn.attn.in_proj_weight - torch.Size([768, 256]): 
The value is the same before and after calling `init_weights` of DETR  

decoder.layers.0.cross_attn.attn.in_proj_bias - torch.Size([768]): 
The value is the same before and after calling `init_weights` of DETR  

decoder.layers.0.cross_attn.attn.out_proj.weight - torch.Size([256, 256]): 
The value is the same before and after calling `init_weights` of DETR  

decoder.layers.0.cross_attn.attn.out_proj.bias - torch.Size([256]): 
The value is the same before and after calling `init_weights` of DETR  

decoder.layers.0.ffn.layers.0.0.weight - torch.Size([2048, 256]): 
The value is the same before and after calling `init_weights` of DETR  

decoder.layers.0.ffn.layers.0.0.bias - torch.Size([2048]): 
The value is the same before and after calling `init_weights` of DETR  

decoder.layers.0.ffn.layers.1.weight - torch.Size([256, 2048]): 
The value is the same before and after calling `init_weights` of DETR  

decoder.layers.0.ffn.layers.1.bias - torch.Size([256]): 
The value is the same before and after calling `init_weights` of DETR  

decoder.layers.0.norms.0.weight - torch.Size([256]): 
The value is the same before and after calling `init_weights` of DETR  

decoder.layers.0.norms.0.bias - torch.Size([256]): 
The value is the same before and after calling `init_weights` of DETR  

decoder.layers.0.norms.1.weight - torch.Size([256]): 
The value is the same before and after calling `init_weights` of DETR  

decoder.layers.0.norms.1.bias - torch.Size([256]): 
The value is the same before and after calling `init_weights` of DETR  

decoder.layers.0.norms.2.weight - torch.Size([256]): 
The value is the same before and after calling `init_weights` of DETR  

decoder.layers.0.norms.2.bias - torch.Size([256]): 
The value is the same before and after calling `init_weights` of DETR  

decoder.layers.1.self_attn.attn.in_proj_weight - torch.Size([768, 256]): 
The value is the same before and after calling `init_weights` of DETR  

decoder.layers.1.self_attn.attn.in_proj_bias - torch.Size([768]): 
The value is the same before and after calling `init_weights` of DETR  

decoder.layers.1.self_attn.attn.out_proj.weight - torch.Size([256, 256]): 
The value is the same before and after calling `init_weights` of DETR  

decoder.layers.1.self_attn.attn.out_proj.bias - torch.Size([256]): 
The value is the same before and after calling `init_weights` of DETR  

decoder.layers.1.cross_attn.attn.in_proj_weight - torch.Size([768, 256]): 
The value is the same before and after calling `init_weights` of DETR  

decoder.layers.1.cross_attn.attn.in_proj_bias - torch.Size([768]): 
The value is the same before and after calling `init_weights` of DETR  

decoder.layers.1.cross_attn.attn.out_proj.weight - torch.Size([256, 256]): 
The value is the same before and after calling `init_weights` of DETR  

decoder.layers.1.cross_attn.attn.out_proj.bias - torch.Size([256]): 
The value is the same before and after calling `init_weights` of DETR  

decoder.layers.1.ffn.layers.0.0.weight - torch.Size([2048, 256]): 
The value is the same before and after calling `init_weights` of DETR  

decoder.layers.1.ffn.layers.0.0.bias - torch.Size([2048]): 
The value is the same before and after calling `init_weights` of DETR  

decoder.layers.1.ffn.layers.1.weight - torch.Size([256, 2048]): 
The value is the same before and after calling `init_weights` of DETR  

decoder.layers.1.ffn.layers.1.bias - torch.Size([256]): 
The value is the same before and after calling `init_weights` of DETR  

decoder.layers.1.norms.0.weight - torch.Size([256]): 
The value is the same before and after calling `init_weights` of DETR  

decoder.layers.1.norms.0.bias - torch.Size([256]): 
The value is the same before and after calling `init_weights` of DETR  

decoder.layers.1.norms.1.weight - torch.Size([256]): 
The value is the same before and after calling `init_weights` of DETR  

decoder.layers.1.norms.1.bias - torch.Size([256]): 
The value is the same before and after calling `init_weights` of DETR  

decoder.layers.1.norms.2.weight - torch.Size([256]): 
The value is the same before and after calling `init_weights` of DETR  

decoder.layers.1.norms.2.bias - torch.Size([256]): 
The value is the same before and after calling `init_weights` of DETR  

decoder.layers.2.self_attn.attn.in_proj_weight - torch.Size([768, 256]): 
The value is the same before and after calling `init_weights` of DETR  

decoder.layers.2.self_attn.attn.in_proj_bias - torch.Size([768]): 
The value is the same before and after calling `init_weights` of DETR  

decoder.layers.2.self_attn.attn.out_proj.weight - torch.Size([256, 256]): 
The value is the same before and after calling `init_weights` of DETR  

decoder.layers.2.self_attn.attn.out_proj.bias - torch.Size([256]): 
The value is the same before and after calling `init_weights` of DETR  

decoder.layers.2.cross_attn.attn.in_proj_weight - torch.Size([768, 256]): 
The value is the same before and after calling `init_weights` of DETR  

decoder.layers.2.cross_attn.attn.in_proj_bias - torch.Size([768]): 
The value is the same before and after calling `init_weights` of DETR  

decoder.layers.2.cross_attn.attn.out_proj.weight - torch.Size([256, 256]): 
The value is the same before and after calling `init_weights` of DETR  

decoder.layers.2.cross_attn.attn.out_proj.bias - torch.Size([256]): 
The value is the same before and after calling `init_weights` of DETR  

decoder.layers.2.ffn.layers.0.0.weight - torch.Size([2048, 256]): 
The value is the same before and after calling `init_weights` of DETR  

decoder.layers.2.ffn.layers.0.0.bias - torch.Size([2048]): 
The value is the same before and after calling `init_weights` of DETR  

decoder.layers.2.ffn.layers.1.weight - torch.Size([256, 2048]): 
The value is the same before and after calling `init_weights` of DETR  

decoder.layers.2.ffn.layers.1.bias - torch.Size([256]): 
The value is the same before and after calling `init_weights` of DETR  

decoder.layers.2.norms.0.weight - torch.Size([256]): 
The value is the same before and after calling `init_weights` of DETR  

decoder.layers.2.norms.0.bias - torch.Size([256]): 
The value is the same before and after calling `init_weights` of DETR  

decoder.layers.2.norms.1.weight - torch.Size([256]): 
The value is the same before and after calling `init_weights` of DETR  

decoder.layers.2.norms.1.bias - torch.Size([256]): 
The value is the same before and after calling `init_weights` of DETR  

decoder.layers.2.norms.2.weight - torch.Size([256]): 
The value is the same before and after calling `init_weights` of DETR  

decoder.layers.2.norms.2.bias - torch.Size([256]): 
The value is the same before and after calling `init_weights` of DETR  

decoder.layers.3.self_attn.attn.in_proj_weight - torch.Size([768, 256]): 
The value is the same before and after calling `init_weights` of DETR  

decoder.layers.3.self_attn.attn.in_proj_bias - torch.Size([768]): 
The value is the same before and after calling `init_weights` of DETR  

decoder.layers.3.self_attn.attn.out_proj.weight - torch.Size([256, 256]): 
The value is the same before and after calling `init_weights` of DETR  

decoder.layers.3.self_attn.attn.out_proj.bias - torch.Size([256]): 
The value is the same before and after calling `init_weights` of DETR  

decoder.layers.3.cross_attn.attn.in_proj_weight - torch.Size([768, 256]): 
The value is the same before and after calling `init_weights` of DETR  

decoder.layers.3.cross_attn.attn.in_proj_bias - torch.Size([768]): 
The value is the same before and after calling `init_weights` of DETR  

decoder.layers.3.cross_attn.attn.out_proj.weight - torch.Size([256, 256]): 
The value is the same before and after calling `init_weights` of DETR  

decoder.layers.3.cross_attn.attn.out_proj.bias - torch.Size([256]): 
The value is the same before and after calling `init_weights` of DETR  

decoder.layers.3.ffn.layers.0.0.weight - torch.Size([2048, 256]): 
The value is the same before and after calling `init_weights` of DETR  

decoder.layers.3.ffn.layers.0.0.bias - torch.Size([2048]): 
The value is the same before and after calling `init_weights` of DETR  

decoder.layers.3.ffn.layers.1.weight - torch.Size([256, 2048]): 
The value is the same before and after calling `init_weights` of DETR  

decoder.layers.3.ffn.layers.1.bias - torch.Size([256]): 
The value is the same before and after calling `init_weights` of DETR  

decoder.layers.3.norms.0.weight - torch.Size([256]): 
The value is the same before and after calling `init_weights` of DETR  

decoder.layers.3.norms.0.bias - torch.Size([256]): 
The value is the same before and after calling `init_weights` of DETR  

decoder.layers.3.norms.1.weight - torch.Size([256]): 
The value is the same before and after calling `init_weights` of DETR  

decoder.layers.3.norms.1.bias - torch.Size([256]): 
The value is the same before and after calling `init_weights` of DETR  

decoder.layers.3.norms.2.weight - torch.Size([256]): 
The value is the same before and after calling `init_weights` of DETR  

decoder.layers.3.norms.2.bias - torch.Size([256]): 
The value is the same before and after calling `init_weights` of DETR  

decoder.layers.4.self_attn.attn.in_proj_weight - torch.Size([768, 256]): 
The value is the same before and after calling `init_weights` of DETR  

decoder.layers.4.self_attn.attn.in_proj_bias - torch.Size([768]): 
The value is the same before and after calling `init_weights` of DETR  

decoder.layers.4.self_attn.attn.out_proj.weight - torch.Size([256, 256]): 
The value is the same before and after calling `init_weights` of DETR  

decoder.layers.4.self_attn.attn.out_proj.bias - torch.Size([256]): 
The value is the same before and after calling `init_weights` of DETR  

decoder.layers.4.cross_attn.attn.in_proj_weight - torch.Size([768, 256]): 
The value is the same before and after calling `init_weights` of DETR  

decoder.layers.4.cross_attn.attn.in_proj_bias - torch.Size([768]): 
The value is the same before and after calling `init_weights` of DETR  

decoder.layers.4.cross_attn.attn.out_proj.weight - torch.Size([256, 256]): 
The value is the same before and after calling `init_weights` of DETR  

decoder.layers.4.cross_attn.attn.out_proj.bias - torch.Size([256]): 
The value is the same before and after calling `init_weights` of DETR  

decoder.layers.4.ffn.layers.0.0.weight - torch.Size([2048, 256]): 
The value is the same before and after calling `init_weights` of DETR  

decoder.layers.4.ffn.layers.0.0.bias - torch.Size([2048]): 
The value is the same before and after calling `init_weights` of DETR  

decoder.layers.4.ffn.layers.1.weight - torch.Size([256, 2048]): 
The value is the same before and after calling `init_weights` of DETR  

decoder.layers.4.ffn.layers.1.bias - torch.Size([256]): 
The value is the same before and after calling `init_weights` of DETR  

decoder.layers.4.norms.0.weight - torch.Size([256]): 
The value is the same before and after calling `init_weights` of DETR  

decoder.layers.4.norms.0.bias - torch.Size([256]): 
The value is the same before and after calling `init_weights` of DETR  

decoder.layers.4.norms.1.weight - torch.Size([256]): 
The value is the same before and after calling `init_weights` of DETR  

decoder.layers.4.norms.1.bias - torch.Size([256]): 
The value is the same before and after calling `init_weights` of DETR  

decoder.layers.4.norms.2.weight - torch.Size([256]): 
The value is the same before and after calling `init_weights` of DETR  

decoder.layers.4.norms.2.bias - torch.Size([256]): 
The value is the same before and after calling `init_weights` of DETR  

decoder.layers.5.self_attn.attn.in_proj_weight - torch.Size([768, 256]): 
The value is the same before and after calling `init_weights` of DETR  

decoder.layers.5.self_attn.attn.in_proj_bias - torch.Size([768]): 
The value is the same before and after calling `init_weights` of DETR  

decoder.layers.5.self_attn.attn.out_proj.weight - torch.Size([256, 256]): 
The value is the same before and after calling `init_weights` of DETR  

decoder.layers.5.self_attn.attn.out_proj.bias - torch.Size([256]): 
The value is the same before and after calling `init_weights` of DETR  

decoder.layers.5.cross_attn.attn.in_proj_weight - torch.Size([768, 256]): 
The value is the same before and after calling `init_weights` of DETR  

decoder.layers.5.cross_attn.attn.in_proj_bias - torch.Size([768]): 
The value is the same before and after calling `init_weights` of DETR  

decoder.layers.5.cross_attn.attn.out_proj.weight - torch.Size([256, 256]): 
The value is the same before and after calling `init_weights` of DETR  

decoder.layers.5.cross_attn.attn.out_proj.bias - torch.Size([256]): 
The value is the same before and after calling `init_weights` of DETR  

decoder.layers.5.ffn.layers.0.0.weight - torch.Size([2048, 256]): 
The value is the same before and after calling `init_weights` of DETR  

decoder.layers.5.ffn.layers.0.0.bias - torch.Size([2048]): 
The value is the same before and after calling `init_weights` of DETR  

decoder.layers.5.ffn.layers.1.weight - torch.Size([256, 2048]): 
The value is the same before and after calling `init_weights` of DETR  

decoder.layers.5.ffn.layers.1.bias - torch.Size([256]): 
The value is the same before and after calling `init_weights` of DETR  

decoder.layers.5.norms.0.weight - torch.Size([256]): 
The value is the same before and after calling `init_weights` of DETR  

decoder.layers.5.norms.0.bias - torch.Size([256]): 
The value is the same before and after calling `init_weights` of DETR  

decoder.layers.5.norms.1.weight - torch.Size([256]): 
The value is the same before and after calling `init_weights` of DETR  

decoder.layers.5.norms.1.bias - torch.Size([256]): 
The value is the same before and after calling `init_weights` of DETR  

decoder.layers.5.norms.2.weight - torch.Size([256]): 
The value is the same before and after calling `init_weights` of DETR  

decoder.layers.5.norms.2.bias - torch.Size([256]): 
The value is the same before and after calling `init_weights` of DETR  

decoder.post_norm.weight - torch.Size([256]): 
The value is the same before and after calling `init_weights` of DETR  

decoder.post_norm.bias - torch.Size([256]): 
The value is the same before and after calling `init_weights` of DETR  

query_embedding.weight - torch.Size([100, 256]): 
The value is the same before and after calling `init_weights` of DETR  
2026/03/24 13:03:27 - mmengine - INFO - Load checkpoint from https://download.openmmlab.com/mmdetection/v3.0/detr/detr_r50_8xb2-150e_coco/detr_r50_8xb2-150e_coco_20221023_153551-436d03e8.pth
2026/03/24 13:03:27 - mmengine - WARNING - "FileClient" will be deprecated in future. Please use io functions in https://mmengine.readthedocs.io/en/latest/api/fileio.html#file-io
2026/03/24 13:03:27 - mmengine - WARNING - "HardDiskBackend" is the alias of "LocalBackend" and the former will be deprecated in future.
2026/03/24 13:03:27 - mmengine - INFO - Checkpoints will be saved to /workspace/aquaculture-perception/runs/mmdet/solaqua_fish/detr_r50_solaqua_fish_80e_pretrained.
2026/03/24 13:03:40 - mmengine - INFO - Exp name: detr_r50_solaqua_fish_80e_pretrained_20260324_130315
2026/03/24 13:03:40 - mmengine - INFO - Epoch(train)  [1][16/16]  base_lr: 1.0000e-05 lr: 1.0000e-06  eta: 0:16:44  time: 0.7944  data_time: 0.0589  memory: 6311  grad_norm: nan  loss: 10.9015  loss_cls: 0.7246  loss_bbox: 0.3964  loss_iou: 0.6296  d0.loss_cls: 0.7376  d0.loss_bbox: 0.4466  d0.loss_iou: 0.7013  d1.loss_cls: 0.8235  d1.loss_bbox: 0.4171  d1.loss_iou: 0.6567  d2.loss_cls: 0.7840  d2.loss_bbox: 0.4057  d2.loss_iou: 0.6423  d3.loss_cls: 0.7362  d3.loss_bbox: 0.4007  d3.loss_iou: 0.6394  d4.loss_cls: 0.7313  d4.loss_bbox: 0.3975  d4.loss_iou: 0.6309
2026/03/24 13:03:49 - mmengine - INFO - Exp name: detr_r50_solaqua_fish_80e_pretrained_20260324_130315
2026/03/24 13:03:49 - mmengine - INFO - Epoch(train)  [2][16/16]  base_lr: 5.5000e-05 lr: 5.5000e-06  eta: 0:14:05  time: 0.6776  data_time: 0.0464  memory: 6311  grad_norm: nan  loss: 9.6184  loss_cls: 0.6674  loss_bbox: 0.3155  loss_iou: 0.5607  d0.loss_cls: 0.6956  d0.loss_bbox: 0.3616  d0.loss_iou: 0.6295  d1.loss_cls: 0.7471  d1.loss_bbox: 0.3345  d1.loss_iou: 0.5872  d2.loss_cls: 0.7077  d2.loss_bbox: 0.3235  d2.loss_iou: 0.5760  d3.loss_cls: 0.6702  d3.loss_bbox: 0.3196  d3.loss_iou: 0.5708  d4.loss_cls: 0.6721  d4.loss_bbox: 0.3163  d4.loss_iou: 0.5631
2026/03/24 13:03:51 - mmengine - INFO - Evaluating bbox...
2026/03/24 13:03:52 - mmengine - INFO - bbox_mAP_copypaste: 0.100 0.176 0.094 -1.000 0.020 0.116
2026/03/24 13:03:52 - mmengine - INFO - Epoch(val) [2][16/16]    coco/bbox_mAP: 0.1000  coco/bbox_mAP_50: 0.1760  coco/bbox_mAP_75: 0.0940  coco/bbox_mAP_s: -1.0000  coco/bbox_mAP_m: 0.0200  coco/bbox_mAP_l: 0.1160  data_time: 0.0303  time: 0.1018
2026/03/24 13:03:52 - mmengine - INFO - The best checkpoint with 0.1000 coco/bbox_mAP at 2 epoch is saved to best_coco_bbox_mAP_epoch_2.pth.
2026/03/24 13:04:02 - mmengine - INFO - Exp name: detr_r50_solaqua_fish_80e_pretrained_20260324_130315
2026/03/24 13:04:02 - mmengine - INFO - Epoch(train)  [3][16/16]  base_lr: 1.0000e-04 lr: 1.0000e-05  eta: 0:13:09  time: 0.6410  data_time: 0.0453  memory: 6311  grad_norm: nan  loss: 8.6319  loss_cls: 0.5965  loss_bbox: 0.2734  loss_iou: 0.5135  d0.loss_cls: 0.6378  d0.loss_bbox: 0.3163  d0.loss_iou: 0.5800  d1.loss_cls: 0.6646  d1.loss_bbox: 0.2898  d1.loss_iou: 0.5371  d2.loss_cls: 0.6275  d2.loss_bbox: 0.2807  d2.loss_iou: 0.5257  d3.loss_cls: 0.5979  d3.loss_bbox: 0.2778  d3.loss_iou: 0.5228  d4.loss_cls: 0.6003  d4.loss_bbox: 0.2745  d4.loss_iou: 0.5157
2026/03/24 13:04:11 - mmengine - INFO - Exp name: detr_r50_solaqua_fish_80e_pretrained_20260324_130315
2026/03/24 13:04:11 - mmengine - INFO - Epoch(train)  [4][16/16]  base_lr: 1.0000e-04 lr: 1.0000e-05  eta: 0:12:44  time: 0.5737  data_time: 0.0374  memory: 6311  grad_norm: inf  loss: 7.0122  loss_cls: 0.4810  loss_bbox: 0.2024  loss_iou: 0.4364  d0.loss_cls: 0.5322  d0.loss_bbox: 0.2426  d0.loss_iou: 0.5008  d1.loss_cls: 0.5286  d1.loss_bbox: 0.2179  d1.loss_iou: 0.4601  d2.loss_cls: 0.4951  d2.loss_bbox: 0.2103  d2.loss_iou: 0.4492  d3.loss_cls: 0.4778  d3.loss_bbox: 0.2076  d3.loss_iou: 0.4455  d4.loss_cls: 0.4819  d4.loss_bbox: 0.2037  d4.loss_iou: 0.4391
2026/03/24 13:04:12 - mmengine - INFO - Evaluating bbox...
2026/03/24 13:04:13 - mmengine - INFO - bbox_mAP_copypaste: 0.233 0.364 0.256 -1.000 0.115 0.252
2026/03/24 13:04:13 - mmengine - INFO - Epoch(val) [4][16/16]    coco/bbox_mAP: 0.2330  coco/bbox_mAP_50: 0.3640  coco/bbox_mAP_75: 0.2560  coco/bbox_mAP_s: -1.0000  coco/bbox_mAP_m: 0.1150  coco/bbox_mAP_l: 0.2520  data_time: 0.0160  time: 0.0508
2026/03/24 13:04:13 - mmengine - INFO - The previous best checkpoint /workspace/aquaculture-perception/runs/mmdet/solaqua_fish/detr_r50_solaqua_fish_80e_pretrained/best_coco_bbox_mAP_epoch_2.pth is removed
2026/03/24 13:04:14 - mmengine - INFO - The best checkpoint with 0.2330 coco/bbox_mAP at 4 epoch is saved to best_coco_bbox_mAP_epoch_4.pth.
2026/03/24 13:04:23 - mmengine - INFO - Exp name: detr_r50_solaqua_fish_80e_pretrained_20260324_130315
2026/03/24 13:04:23 - mmengine - INFO - Epoch(train)  [5][16/16]  base_lr: 9.8697e-05 lr: 9.8697e-06  eta: 0:12:22  time: 0.5752  data_time: 0.0405  memory: 6311  grad_norm: inf  loss: 5.9036  loss_cls: 0.3632  loss_bbox: 0.1793  loss_iou: 0.3965  d0.loss_cls: 0.4155  d0.loss_bbox: 0.2187  d0.loss_iou: 0.4646  d1.loss_cls: 0.3985  d1.loss_bbox: 0.1936  d1.loss_iou: 0.4208  d2.loss_cls: 0.3687  d2.loss_bbox: 0.1866  d2.loss_iou: 0.4085  d3.loss_cls: 0.3613  d3.loss_bbox: 0.1832  d3.loss_iou: 0.4034  d4.loss_cls: 0.3614  d4.loss_bbox: 0.1808  d4.loss_iou: 0.3990
2026/03/24 13:04:32 - mmengine - INFO - Exp name: detr_r50_solaqua_fish_80e_pretrained_20260324_130315
2026/03/24 13:04:32 - mmengine - INFO - Epoch(train)  [6][16/16]  base_lr: 9.7395e-05 lr: 9.7395e-06  eta: 0:12:07  time: 0.5830  data_time: 0.0408  memory: 6311  grad_norm: inf  loss: 5.2367  loss_cls: 0.2641  loss_bbox: 0.1754  loss_iou: 0.3878  d0.loss_cls: 0.3223  d0.loss_bbox: 0.2119  d0.loss_iou: 0.4522  d1.loss_cls: 0.3035  d1.loss_bbox: 0.1888  d1.loss_iou: 0.4095  d2.loss_cls: 0.2730  d2.loss_bbox: 0.1820  d2.loss_iou: 0.3992  d3.loss_cls: 0.2679  d3.loss_bbox: 0.1778  d3.loss_iou: 0.3927  d4.loss_cls: 0.2613  d4.loss_bbox: 0.1772  d4.loss_iou: 0.3902
2026/03/24 13:04:33 - mmengine - INFO - Evaluating bbox...
2026/03/24 13:04:34 - mmengine - INFO - bbox_mAP_copypaste: 0.593 0.901 0.681 -1.000 0.259 0.622
2026/03/24 13:04:34 - mmengine - INFO - Epoch(val) [6][16/16]    coco/bbox_mAP: 0.5930  coco/bbox_mAP_50: 0.9010  coco/bbox_mAP_75: 0.6810  coco/bbox_mAP_s: -1.0000  coco/bbox_mAP_m: 0.2590  coco/bbox_mAP_l: 0.6220  data_time: 0.0182  time: 0.0524
2026/03/24 13:04:34 - mmengine - INFO - The previous best checkpoint /workspace/aquaculture-perception/runs/mmdet/solaqua_fish/detr_r50_solaqua_fish_80e_pretrained/best_coco_bbox_mAP_epoch_4.pth is removed
2026/03/24 13:04:35 - mmengine - INFO - The best checkpoint with 0.5930 coco/bbox_mAP at 6 epoch is saved to best_coco_bbox_mAP_epoch_6.pth.
2026/03/24 13:04:46 - mmengine - INFO - Exp name: detr_r50_solaqua_fish_80e_pretrained_20260324_130315
2026/03/24 13:04:46 - mmengine - INFO - Epoch(train)  [7][16/16]  base_lr: 9.6092e-05 lr: 9.6092e-06  eta: 0:12:02  time: 0.6012  data_time: 0.0470  memory: 6311  grad_norm: 72.9772  loss: 4.7206  loss_cls: 0.1802  loss_bbox: 0.1746  loss_iou: 0.3797  d0.loss_cls: 0.2614  d0.loss_bbox: 0.2076  d0.loss_iou: 0.4394  d1.loss_cls: 0.2346  d1.loss_bbox: 0.1864  d1.loss_iou: 0.3996  d2.loss_cls: 0.1991  d2.loss_bbox: 0.1805  d2.loss_iou: 0.3910  d3.loss_cls: 0.1927  d3.loss_bbox: 0.1752  d3.loss_iou: 0.3820  d4.loss_cls: 0.1785  d4.loss_bbox: 0.1762  d4.loss_iou: 0.3821
2026/03/24 13:04:55 - mmengine - INFO - Exp name: detr_r50_solaqua_fish_80e_pretrained_20260324_130315
2026/03/24 13:04:55 - mmengine - INFO - Epoch(train)  [8][16/16]  base_lr: 9.4789e-05 lr: 9.4789e-06  eta: 0:11:50  time: 0.6079  data_time: 0.0509  memory: 6311  grad_norm: 76.8329  loss: 4.4064  loss_cls: 0.1210  loss_bbox: 0.1744  loss_iou: 0.3819  d0.loss_cls: 0.2270  d0.loss_bbox: 0.2008  d0.loss_iou: 0.4314  d1.loss_cls: 0.1909  d1.loss_bbox: 0.1837  d1.loss_iou: 0.3966  d2.loss_cls: 0.1504  d2.loss_bbox: 0.1789  d2.loss_iou: 0.3908  d3.loss_cls: 0.1399  d3.loss_bbox: 0.1748  d3.loss_iou: 0.3833  d4.loss_cls: 0.1215  d4.loss_bbox: 0.1758  d4.loss_iou: 0.3834
2026/03/24 13:04:56 - mmengine - INFO - Evaluating bbox...
2026/03/24 13:04:57 - mmengine - INFO - bbox_mAP_copypaste: 0.627 0.914 0.716 -1.000 0.243 0.659
2026/03/24 13:04:57 - mmengine - INFO - Epoch(val) [8][16/16]    coco/bbox_mAP: 0.6270  coco/bbox_mAP_50: 0.9140  coco/bbox_mAP_75: 0.7160  coco/bbox_mAP_s: -1.0000  coco/bbox_mAP_m: 0.2430  coco/bbox_mAP_l: 0.6590  data_time: 0.0184  time: 0.0530
2026/03/24 13:04:57 - mmengine - INFO - The previous best checkpoint /workspace/aquaculture-perception/runs/mmdet/solaqua_fish/detr_r50_solaqua_fish_80e_pretrained/best_coco_bbox_mAP_epoch_6.pth is removed
2026/03/24 13:04:58 - mmengine - INFO - The best checkpoint with 0.6270 coco/bbox_mAP at 8 epoch is saved to best_coco_bbox_mAP_epoch_8.pth.
2026/03/24 13:05:08 - mmengine - INFO - Exp name: detr_r50_solaqua_fish_80e_pretrained_20260324_130315
2026/03/24 13:05:08 - mmengine - INFO - Epoch(train)  [9][16/16]  base_lr: 9.3487e-05 lr: 9.3487e-06  eta: 0:11:39  time: 0.6133  data_time: 0.0516  memory: 6311  grad_norm: 75.3309  loss: 4.2006  loss_cls: 0.0923  loss_bbox: 0.1707  loss_iou: 0.3770  d0.loss_cls: 0.2115  d0.loss_bbox: 0.1939  d0.loss_iou: 0.4226  d1.loss_cls: 0.1695  d1.loss_bbox: 0.1798  d1.loss_iou: 0.3916  d2.loss_cls: 0.1253  d2.loss_bbox: 0.1750  d2.loss_iou: 0.3861  d3.loss_cls: 0.1137  d3.loss_bbox: 0.1709  d3.loss_iou: 0.3781  d4.loss_cls: 0.0936  d4.loss_bbox: 0.1712  d4.loss_iou: 0.3781
2026/03/24 13:05:17 - mmengine - INFO - Exp name: detr_r50_solaqua_fish_80e_pretrained_20260324_130315
2026/03/24 13:05:17 - mmengine - INFO - Epoch(train) [10][16/16]  base_lr: 9.2184e-05 lr: 9.2184e-06  eta: 0:11:28  time: 0.6023  data_time: 0.0487  memory: 6311  grad_norm: 82.4225  loss: 4.0428  loss_cls: 0.0788  loss_bbox: 0.1645  loss_iou: 0.3685  d0.loss_cls: 0.1984  d0.loss_bbox: 0.1895  d0.loss_iou: 0.4168  d1.loss_cls: 0.1542  d1.loss_bbox: 0.1756  d1.loss_iou: 0.3858  d2.loss_cls: 0.1111  d2.loss_bbox: 0.1695  d2.loss_iou: 0.3783  d3.loss_cls: 0.0991  d3.loss_bbox: 0.1662  d3.loss_iou: 0.3707  d4.loss_cls: 0.0802  d4.loss_bbox: 0.1654  d4.loss_iou: 0.3700
2026/03/24 13:05:18 - mmengine - INFO - Evaluating bbox...
2026/03/24 13:05:19 - mmengine - INFO - bbox_mAP_copypaste: 0.628 0.923 0.703 -1.000 0.295 0.657
2026/03/24 13:05:19 - mmengine - INFO - Epoch(val) [10][16/16]    coco/bbox_mAP: 0.6280  coco/bbox_mAP_50: 0.9230  coco/bbox_mAP_75: 0.7030  coco/bbox_mAP_s: -1.0000  coco/bbox_mAP_m: 0.2950  coco/bbox_mAP_l: 0.6570  data_time: 0.0177  time: 0.0524
2026/03/24 13:05:19 - mmengine - INFO - The previous best checkpoint /workspace/aquaculture-perception/runs/mmdet/solaqua_fish/detr_r50_solaqua_fish_80e_pretrained/best_coco_bbox_mAP_epoch_8.pth is removed
2026/03/24 13:05:20 - mmengine - INFO - The best checkpoint with 0.6280 coco/bbox_mAP at 10 epoch is saved to best_coco_bbox_mAP_epoch_10.pth.
2026/03/24 13:05:30 - mmengine - INFO - Exp name: detr_r50_solaqua_fish_80e_pretrained_20260324_130315
2026/03/24 13:05:30 - mmengine - INFO - Epoch(train) [11][16/16]  base_lr: 9.0882e-05 lr: 9.0882e-06  eta: 0:11:15  time: 0.5964  data_time: 0.0430  memory: 6311  grad_norm: 79.1110  loss: 3.9009  loss_cls: 0.0715  loss_bbox: 0.1587  loss_iou: 0.3570  d0.loss_cls: 0.1910  d0.loss_bbox: 0.1846  d0.loss_iou: 0.4077  d1.loss_cls: 0.1440  d1.loss_bbox: 0.1703  d1.loss_iou: 0.3764  d2.loss_cls: 0.1025  d2.loss_bbox: 0.1645  d2.loss_iou: 0.3682  d3.loss_cls: 0.0911  d3.loss_bbox: 0.1616  d3.loss_iou: 0.3609  d4.loss_cls: 0.0728  d4.loss_bbox: 0.1595  d4.loss_iou: 0.3585
2026/03/24 13:05:39 - mmengine - INFO - Exp name: detr_r50_solaqua_fish_80e_pretrained_20260324_130315
2026/03/24 13:05:39 - mmengine - INFO - Epoch(train) [12][16/16]  base_lr: 8.9579e-05 lr: 8.9579e-06  eta: 0:11:03  time: 0.5877  data_time: 0.0400  memory: 6311  grad_norm: 75.4900  loss: 3.7452  loss_cls: 0.0640  loss_bbox: 0.1530  loss_iou: 0.3429  d0.loss_cls: 0.1792  d0.loss_bbox: 0.1825  d0.loss_iou: 0.3987  d1.loss_cls: 0.1316  d1.loss_bbox: 0.1656  d1.loss_iou: 0.3658  d2.loss_cls: 0.0931  d2.loss_bbox: 0.1597  d2.loss_iou: 0.3568  d3.loss_cls: 0.0815  d3.loss_bbox: 0.1568  d3.loss_iou: 0.3485  d4.loss_cls: 0.0652  d4.loss_bbox: 0.1546  d4.loss_iou: 0.3458
2026/03/24 13:05:40 - mmengine - INFO - Evaluating bbox...
2026/03/24 13:05:40 - mmengine - INFO - bbox_mAP_copypaste: 0.651 0.928 0.767 -1.000 0.288 0.678
2026/03/24 13:05:40 - mmengine - INFO - Epoch(val) [12][16/16]    coco/bbox_mAP: 0.6510  coco/bbox_mAP_50: 0.9280  coco/bbox_mAP_75: 0.7670  coco/bbox_mAP_s: -1.0000  coco/bbox_mAP_m: 0.2880  coco/bbox_mAP_l: 0.6780  data_time: 0.0161  time: 0.0454
2026/03/24 13:05:41 - mmengine - INFO - The previous best checkpoint /workspace/aquaculture-perception/runs/mmdet/solaqua_fish/detr_r50_solaqua_fish_80e_pretrained/best_coco_bbox_mAP_epoch_10.pth is removed
2026/03/24 13:05:42 - mmengine - INFO - The best checkpoint with 0.6510 coco/bbox_mAP at 12 epoch is saved to best_coco_bbox_mAP_epoch_12.pth.
2026/03/24 13:05:51 - mmengine - INFO - Exp name: detr_r50_solaqua_fish_80e_pretrained_20260324_130315
2026/03/24 13:05:51 - mmengine - INFO - Epoch(train) [13][16/16]  base_lr: 8.8276e-05 lr: 8.8276e-06  eta: 0:10:52  time: 0.5854  data_time: 0.0406  memory: 6311  grad_norm: 66.3905  loss: 3.6223  loss_cls: 0.0601  loss_bbox: 0.1472  loss_iou: 0.3312  d0.loss_cls: 0.1749  d0.loss_bbox: 0.1779  d0.loss_iou: 0.3911  d1.loss_cls: 0.1252  d1.loss_bbox: 0.1609  d1.loss_iou: 0.3565  d2.loss_cls: 0.0877  d2.loss_bbox: 0.1547  d2.loss_iou: 0.3460  d3.loss_cls: 0.0770  d3.loss_bbox: 0.1508  d3.loss_iou: 0.3375  d4.loss_cls: 0.0607  d4.loss_bbox: 0.1487  d4.loss_iou: 0.3341
2026/03/24 13:06:00 - mmengine - INFO - Exp name: detr_r50_solaqua_fish_80e_pretrained_20260324_130315
2026/03/24 13:06:00 - mmengine - INFO - Epoch(train) [14][16/16]  base_lr: 8.6974e-05 lr: 8.6974e-06  eta: 0:10:40  time: 0.5823  data_time: 0.0482  memory: 6311  grad_norm: 65.2743  loss: 3.4864  loss_cls: 0.0530  loss_bbox: 0.1422  loss_iou: 0.3207  d0.loss_cls: 0.1639  d0.loss_bbox: 0.1751  d0.loss_iou: 0.3854  d1.loss_cls: 0.1138  d1.loss_bbox: 0.1576  d1.loss_iou: 0.3485  d2.loss_cls: 0.0785  d2.loss_bbox: 0.1499  d2.loss_iou: 0.3359  d3.loss_cls: 0.0688  d3.loss_bbox: 0.1454  d3.loss_iou: 0.3269  d4.loss_cls: 0.0541  d4.loss_bbox: 0.1436  d4.loss_iou: 0.3230
2026/03/24 13:06:01 - mmengine - INFO - Evaluating bbox...
2026/03/24 13:06:02 - mmengine - INFO - bbox_mAP_copypaste: 0.652 0.937 0.764 -1.000 0.297 0.678
2026/03/24 13:06:02 - mmengine - INFO - Epoch(val) [14][16/16]    coco/bbox_mAP: 0.6520  coco/bbox_mAP_50: 0.9370  coco/bbox_mAP_75: 0.7640  coco/bbox_mAP_s: -1.0000  coco/bbox_mAP_m: 0.2970  coco/bbox_mAP_l: 0.6780  data_time: 0.0167  time: 0.0502
2026/03/24 13:06:02 - mmengine - INFO - The previous best checkpoint /workspace/aquaculture-perception/runs/mmdet/solaqua_fish/detr_r50_solaqua_fish_80e_pretrained/best_coco_bbox_mAP_epoch_12.pth is removed
2026/03/24 13:06:03 - mmengine - INFO - The best checkpoint with 0.6520 coco/bbox_mAP at 14 epoch is saved to best_coco_bbox_mAP_epoch_14.pth.
2026/03/24 13:06:12 - mmengine - INFO - Exp name: detr_r50_solaqua_fish_80e_pretrained_20260324_130315
2026/03/24 13:06:12 - mmengine - INFO - Epoch(train) [15][16/16]  base_lr: 8.5671e-05 lr: 8.5671e-06  eta: 0:10:29  time: 0.5799  data_time: 0.0471  memory: 6311  grad_norm: 68.3276  loss: 3.4025  loss_cls: 0.0496  loss_bbox: 0.1397  loss_iou: 0.3138  d0.loss_cls: 0.1578  d0.loss_bbox: 0.1722  d0.loss_iou: 0.3792  d1.loss_cls: 0.1070  d1.loss_bbox: 0.1551  d1.loss_iou: 0.3427  d2.loss_cls: 0.0735  d2.loss_bbox: 0.1473  d2.loss_iou: 0.3291  d3.loss_cls: 0.0644  d3.loss_bbox: 0.1433  d3.loss_iou: 0.3202  d4.loss_cls: 0.0504  d4.loss_bbox: 0.1410  d4.loss_iou: 0.3162
2026/03/24 13:06:22 - mmengine - INFO - Exp name: detr_r50_solaqua_fish_80e_pretrained_20260324_130315
2026/03/24 13:06:22 - mmengine - INFO - Epoch(train) [16][16/16]  base_lr: 8.4368e-05 lr: 8.4368e-06  eta: 0:10:18  time: 0.5807  data_time: 0.0428  memory: 6311  grad_norm: 70.3690  loss: 3.3082  loss_cls: 0.0469  loss_bbox: 0.1350  loss_iou: 0.3054  d0.loss_cls: 0.1543  d0.loss_bbox: 0.1690  d0.loss_iou: 0.3732  d1.loss_cls: 0.1030  d1.loss_bbox: 0.1506  d1.loss_iou: 0.3336  d2.loss_cls: 0.0709  d2.loss_bbox: 0.1422  d2.loss_iou: 0.3199  d3.loss_cls: 0.0613  d3.loss_bbox: 0.1387  d3.loss_iou: 0.3119  d4.loss_cls: 0.0474  d4.loss_bbox: 0.1365  d4.loss_iou: 0.3084
2026/03/24 13:06:23 - mmengine - INFO - Evaluating bbox...
2026/03/24 13:06:23 - mmengine - INFO - bbox_mAP_copypaste: 0.654 0.936 0.780 -1.000 0.339 0.676
2026/03/24 13:06:23 - mmengine - INFO - Epoch(val) [16][16/16]    coco/bbox_mAP: 0.6540  coco/bbox_mAP_50: 0.9360  coco/bbox_mAP_75: 0.7800  coco/bbox_mAP_s: -1.0000  coco/bbox_mAP_m: 0.3390  coco/bbox_mAP_l: 0.6760  data_time: 0.0157  time: 0.0489
2026/03/24 13:06:23 - mmengine - INFO - The previous best checkpoint /workspace/aquaculture-perception/runs/mmdet/solaqua_fish/detr_r50_solaqua_fish_80e_pretrained/best_coco_bbox_mAP_epoch_14.pth is removed
2026/03/24 13:06:25 - mmengine - INFO - The best checkpoint with 0.6540 coco/bbox_mAP at 16 epoch is saved to best_coco_bbox_mAP_epoch_16.pth.
2026/03/24 13:06:34 - mmengine - INFO - Exp name: detr_r50_solaqua_fish_80e_pretrained_20260324_130315
2026/03/24 13:06:34 - mmengine - INFO - Epoch(train) [17][16/16]  base_lr: 8.3066e-05 lr: 8.3066e-06  eta: 0:10:07  time: 0.5757  data_time: 0.0385  memory: 6311  grad_norm: 70.9887  loss: 3.2683  loss_cls: 0.0437  loss_bbox: 0.1334  loss_iou: 0.3031  d0.loss_cls: 0.1536  d0.loss_bbox: 0.1662  d0.loss_iou: 0.3681  d1.loss_cls: 0.1019  d1.loss_bbox: 0.1485  d1.loss_iou: 0.3305  d2.loss_cls: 0.0695  d2.loss_bbox: 0.1408  d2.loss_iou: 0.3176  d3.loss_cls: 0.0588  d3.loss_bbox: 0.1370  d3.loss_iou: 0.3095  d4.loss_cls: 0.0446  d4.loss_bbox: 0.1350  d4.loss_iou: 0.3067
2026/03/24 13:06:43 - mmengine - INFO - Exp name: detr_r50_solaqua_fish_80e_pretrained_20260324_130315
2026/03/24 13:06:43 - mmengine - INFO - Epoch(train) [18][16/16]  base_lr: 8.1763e-05 lr: 8.1763e-06  eta: 0:09:54  time: 0.5670  data_time: 0.0399  memory: 6311  grad_norm: 68.9661  loss: 3.2150  loss_cls: 0.0405  loss_bbox: 0.1311  loss_iou: 0.2999  d0.loss_cls: 0.1505  d0.loss_bbox: 0.1646  d0.loss_iou: 0.3646  d1.loss_cls: 0.0994  d1.loss_bbox: 0.1461  d1.loss_iou: 0.3265  d2.loss_cls: 0.0667  d2.loss_bbox: 0.1382  d2.loss_iou: 0.3139  d3.loss_cls: 0.0555  d3.loss_bbox: 0.1344  d3.loss_iou: 0.3062  d4.loss_cls: 0.0410  d4.loss_bbox: 0.1327  d4.loss_iou: 0.3030
2026/03/24 13:06:44 - mmengine - INFO - Evaluating bbox...
2026/03/24 13:06:44 - mmengine - INFO - bbox_mAP_copypaste: 0.650 0.926 0.778 -1.000 0.342 0.673
2026/03/24 13:06:44 - mmengine - INFO - Epoch(val) [18][16/16]    coco/bbox_mAP: 0.6500  coco/bbox_mAP_50: 0.9260  coco/bbox_mAP_75: 0.7780  coco/bbox_mAP_s: -1.0000  coco/bbox_mAP_m: 0.3420  coco/bbox_mAP_l: 0.6730  data_time: 0.0238  time: 0.0534
2026/03/24 13:06:54 - mmengine - INFO - Exp name: detr_r50_solaqua_fish_80e_pretrained_20260324_130315
2026/03/24 13:06:54 - mmengine - INFO - Epoch(train) [19][16/16]  base_lr: 8.0461e-05 lr: 8.0461e-06  eta: 0:09:44  time: 0.5650  data_time: 0.0397  memory: 6311  grad_norm: 62.8933  loss: 3.1708  loss_cls: 0.0386  loss_bbox: 0.1292  loss_iou: 0.2966  d0.loss_cls: 0.1490  d0.loss_bbox: 0.1625  d0.loss_iou: 0.3598  d1.loss_cls: 0.0976  d1.loss_bbox: 0.1442  d1.loss_iou: 0.3233  d2.loss_cls: 0.0646  d2.loss_bbox: 0.1370  d2.loss_iou: 0.3110  d3.loss_cls: 0.0527  d3.loss_bbox: 0.1330  d3.loss_iou: 0.3027  d4.loss_cls: 0.0393  d4.loss_bbox: 0.1306  d4.loss_iou: 0.2991
2026/03/24 13:07:03 - mmengine - INFO - Exp name: detr_r50_solaqua_fish_80e_pretrained_20260324_130315
2026/03/24 13:07:03 - mmengine - INFO - Epoch(train) [20][16/16]  base_lr: 7.9158e-05 lr: 7.9158e-06  eta: 0:09:33  time: 0.5654  data_time: 0.0368  memory: 6311  grad_norm: 62.6317  loss: 3.1011  loss_cls: 0.0371  loss_bbox: 0.1268  loss_iou: 0.2901  d0.loss_cls: 0.1456  d0.loss_bbox: 0.1607  d0.loss_iou: 0.3529  d1.loss_cls: 0.0939  d1.loss_bbox: 0.1413  d1.loss_iou: 0.3169  d2.loss_cls: 0.0620  d2.loss_bbox: 0.1340  d2.loss_iou: 0.3039  d3.loss_cls: 0.0497  d3.loss_bbox: 0.1306  d3.loss_iou: 0.2966  d4.loss_cls: 0.0373  d4.loss_bbox: 0.1287  d4.loss_iou: 0.2931
2026/03/24 13:07:04 - mmengine - INFO - Evaluating bbox...
2026/03/24 13:07:05 - mmengine - INFO - bbox_mAP_copypaste: 0.650 0.934 0.765 -1.000 0.336 0.673
2026/03/24 13:07:05 - mmengine - INFO - Epoch(val) [20][16/16]    coco/bbox_mAP: 0.6500  coco/bbox_mAP_50: 0.9340  coco/bbox_mAP_75: 0.7650  coco/bbox_mAP_s: -1.0000  coco/bbox_mAP_m: 0.3360  coco/bbox_mAP_l: 0.6730  data_time: 0.0157  time: 0.0469
2026/03/24 13:07:14 - mmengine - INFO - Exp name: detr_r50_solaqua_fish_80e_pretrained_20260324_130315
2026/03/24 13:07:14 - mmengine - INFO - Epoch(train) [21][16/16]  base_lr: 7.7855e-05 lr: 7.7855e-06  eta: 0:09:23  time: 0.5741  data_time: 0.0459  memory: 6311  grad_norm: 62.7272  loss: 3.0533  loss_cls: 0.0352  loss_bbox: 0.1242  loss_iou: 0.2856  d0.loss_cls: 0.1444  d0.loss_bbox: 0.1580  d0.loss_iou: 0.3484  d1.loss_cls: 0.0922  d1.loss_bbox: 0.1394  d1.loss_iou: 0.3141  d2.loss_cls: 0.0607  d2.loss_bbox: 0.1317  d2.loss_iou: 0.3005  d3.loss_cls: 0.0481  d3.loss_bbox: 0.1281  d3.loss_iou: 0.2925  d4.loss_cls: 0.0357  d4.loss_bbox: 0.1259  d4.loss_iou: 0.2887
2026/03/24 13:07:23 - mmengine - INFO - Exp name: detr_r50_solaqua_fish_80e_pretrained_20260324_130315
2026/03/24 13:07:23 - mmengine - INFO - Epoch(train) [22][16/16]  base_lr: 7.6553e-05 lr: 7.6553e-06  eta: 0:09:12  time: 0.5721  data_time: 0.0501  memory: 6311  grad_norm: 64.2932  loss: 2.9980  loss_cls: 0.0344  loss_bbox: 0.1209  loss_iou: 0.2787  d0.loss_cls: 0.1423  d0.loss_bbox: 0.1553  d0.loss_iou: 0.3430  d1.loss_cls: 0.0907  d1.loss_bbox: 0.1365  d1.loss_iou: 0.3094  d2.loss_cls: 0.0596  d2.loss_bbox: 0.1298  d2.loss_iou: 0.2965  d3.loss_cls: 0.0473  d3.loss_bbox: 0.1256  d3.loss_iou: 0.2879  d4.loss_cls: 0.0345  d4.loss_bbox: 0.1229  d4.loss_iou: 0.2827
2026/03/24 13:07:24 - mmengine - INFO - Evaluating bbox...
2026/03/24 13:07:25 - mmengine - INFO - bbox_mAP_copypaste: 0.650 0.933 0.751 -1.000 0.358 0.674
2026/03/24 13:07:25 - mmengine - INFO - Epoch(val) [22][16/16]    coco/bbox_mAP: 0.6500  coco/bbox_mAP_50: 0.9330  coco/bbox_mAP_75: 0.7510  coco/bbox_mAP_s: -1.0000  coco/bbox_mAP_m: 0.3580  coco/bbox_mAP_l: 0.6740  data_time: 0.0172  time: 0.0485
2026/03/24 13:07:35 - mmengine - INFO - Exp name: detr_r50_solaqua_fish_80e_pretrained_20260324_130315
2026/03/24 13:07:35 - mmengine - INFO - Epoch(train) [23][16/16]  base_lr: 7.5250e-05 lr: 7.5250e-06  eta: 0:09:04  time: 0.5876  data_time: 0.0584  memory: 6311  grad_norm: 62.6852  loss: 2.9743  loss_cls: 0.0341  loss_bbox: 0.1193  loss_iou: 0.2758  d0.loss_cls: 0.1418  d0.loss_bbox: 0.1537  d0.loss_iou: 0.3425  d1.loss_cls: 0.0908  d1.loss_bbox: 0.1355  d1.loss_iou: 0.3077  d2.loss_cls: 0.0594  d2.loss_bbox: 0.1287  d2.loss_iou: 0.2942  d3.loss_cls: 0.0467  d3.loss_bbox: 0.1244  d3.loss_iou: 0.2852  d4.loss_cls: 0.0341  d4.loss_bbox: 0.1210  d4.loss_iou: 0.2796
2026/03/24 13:07:44 - mmengine - INFO - Exp name: detr_r50_solaqua_fish_80e_pretrained_20260324_130315
2026/03/24 13:07:44 - mmengine - INFO - Epoch(train) [24][16/16]  base_lr: 7.3947e-05 lr: 7.3947e-06  eta: 0:08:54  time: 0.5868  data_time: 0.0519  memory: 6311  grad_norm: 62.2551  loss: 2.9303  loss_cls: 0.0341  loss_bbox: 0.1170  loss_iou: 0.2709  d0.loss_cls: 0.1410  d0.loss_bbox: 0.1518  d0.loss_iou: 0.3387  d1.loss_cls: 0.0887  d1.loss_bbox: 0.1329  d1.loss_iou: 0.3019  d2.loss_cls: 0.0585  d2.loss_bbox: 0.1268  d2.loss_iou: 0.2902  d3.loss_cls: 0.0460  d3.loss_bbox: 0.1227  d3.loss_iou: 0.2814  d4.loss_cls: 0.0341  d4.loss_bbox: 0.1187  d4.loss_iou: 0.2749
2026/03/24 13:07:45 - mmengine - INFO - Evaluating bbox...
2026/03/24 13:07:46 - mmengine - INFO - bbox_mAP_copypaste: 0.654 0.933 0.777 -1.000 0.350 0.679
2026/03/24 13:07:46 - mmengine - INFO - Epoch(val) [24][16/16]    coco/bbox_mAP: 0.6540  coco/bbox_mAP_50: 0.9330  coco/bbox_mAP_75: 0.7770  coco/bbox_mAP_s: -1.0000  coco/bbox_mAP_m: 0.3500  coco/bbox_mAP_l: 0.6790  data_time: 0.0167  time: 0.0497
2026/03/24 13:07:55 - mmengine - INFO - Exp name: detr_r50_solaqua_fish_80e_pretrained_20260324_130315
2026/03/24 13:07:55 - mmengine - INFO - Epoch(train) [25][16/16]  base_lr: 7.2645e-05 lr: 7.2645e-06  eta: 0:08:45  time: 0.5967  data_time: 0.0478  memory: 6311  grad_norm: 65.2834  loss: 2.8887  loss_cls: 0.0325  loss_bbox: 0.1162  loss_iou: 0.2681  d0.loss_cls: 0.1374  d0.loss_bbox: 0.1506  d0.loss_iou: 0.3359  d1.loss_cls: 0.0854  d1.loss_bbox: 0.1322  d1.loss_iou: 0.2983  d2.loss_cls: 0.0562  d2.loss_bbox: 0.1250  d2.loss_iou: 0.2851  d3.loss_cls: 0.0433  d3.loss_bbox: 0.1217  d3.loss_iou: 0.2780  d4.loss_cls: 0.0323  d4.loss_bbox: 0.1179  d4.loss_iou: 0.2725
2026/03/24 13:08:05 - mmengine - INFO - Exp name: detr_r50_solaqua_fish_80e_pretrained_20260324_130315
2026/03/24 13:08:05 - mmengine - INFO - Epoch(train) [26][16/16]  base_lr: 7.1342e-05 lr: 7.1342e-06  eta: 0:08:36  time: 0.5945  data_time: 0.0386  memory: 6311  grad_norm: 64.1895  loss: 2.8786  loss_cls: 0.0326  loss_bbox: 0.1144  loss_iou: 0.2673  d0.loss_cls: 0.1376  d0.loss_bbox: 0.1506  d0.loss_iou: 0.3381  d1.loss_cls: 0.0842  d1.loss_bbox: 0.1311  d1.loss_iou: 0.2983  d2.loss_cls: 0.0558  d2.loss_bbox: 0.1231  d2.loss_iou: 0.2852  d3.loss_cls: 0.0433  d3.loss_bbox: 0.1195  d3.loss_iou: 0.2774  d4.loss_cls: 0.0326  d4.loss_bbox: 0.1161  d4.loss_iou: 0.2715
2026/03/24 13:08:06 - mmengine - INFO - Evaluating bbox...
2026/03/24 13:08:07 - mmengine - INFO - bbox_mAP_copypaste: 0.648 0.940 0.770 -1.000 0.352 0.674
2026/03/24 13:08:07 - mmengine - INFO - Epoch(val) [26][16/16]    coco/bbox_mAP: 0.6480  coco/bbox_mAP_50: 0.9400  coco/bbox_mAP_75: 0.7700  coco/bbox_mAP_s: -1.0000  coco/bbox_mAP_m: 0.3520  coco/bbox_mAP_l: 0.6740  data_time: 0.0177  time: 0.0497
2026/03/24 13:08:17 - mmengine - INFO - Exp name: detr_r50_solaqua_fish_80e_pretrained_20260324_130315
2026/03/24 13:08:17 - mmengine - INFO - Epoch(train) [27][16/16]  base_lr: 7.0039e-05 lr: 7.0039e-06  eta: 0:08:26  time: 0.6016  data_time: 0.0383  memory: 6311  grad_norm: 65.7347  loss: 2.8405  loss_cls: 0.0298  loss_bbox: 0.1131  loss_iou: 0.2655  d0.loss_cls: 0.1337  d0.loss_bbox: 0.1502  d0.loss_iou: 0.3377  d1.loss_cls: 0.0796  d1.loss_bbox: 0.1304  d1.loss_iou: 0.2977  d2.loss_cls: 0.0521  d2.loss_bbox: 0.1218  d2.loss_iou: 0.2817  d3.loss_cls: 0.0399  d3.loss_bbox: 0.1178  d3.loss_iou: 0.2749  d4.loss_cls: 0.0297  d4.loss_bbox: 0.1151  d4.loss_iou: 0.2700
2026/03/24 13:08:26 - mmengine - INFO - Exp name: detr_r50_solaqua_fish_80e_pretrained_20260324_130315
2026/03/24 13:08:26 - mmengine - INFO - Epoch(train) [28][16/16]  base_lr: 6.8737e-05 lr: 6.8737e-06  eta: 0:08:15  time: 0.5869  data_time: 0.0399  memory: 6311  grad_norm: 65.2090  loss: 2.7872  loss_cls: 0.0279  loss_bbox: 0.1110  loss_iou: 0.2601  d0.loss_cls: 0.1304  d0.loss_bbox: 0.1486  d0.loss_iou: 0.3335  d1.loss_cls: 0.0765  d1.loss_bbox: 0.1287  d1.loss_iou: 0.2942  d2.loss_cls: 0.0489  d2.loss_bbox: 0.1204  d2.loss_iou: 0.2788  d3.loss_cls: 0.0370  d3.loss_bbox: 0.1158  d3.loss_iou: 0.2704  d4.loss_cls: 0.0285  d4.loss_bbox: 0.1126  d4.loss_iou: 0.2638
2026/03/24 13:08:27 - mmengine - INFO - Evaluating bbox...
2026/03/24 13:08:27 - mmengine - INFO - bbox_mAP_copypaste: 0.653 0.936 0.775 -1.000 0.360 0.677
2026/03/24 13:08:27 - mmengine - INFO - Epoch(val) [28][16/16]    coco/bbox_mAP: 0.6530  coco/bbox_mAP_50: 0.9360  coco/bbox_mAP_75: 0.7750  coco/bbox_mAP_s: -1.0000  coco/bbox_mAP_m: 0.3600  coco/bbox_mAP_l: 0.6770  data_time: 0.0166  time: 0.0501
2026/03/24 13:08:37 - mmengine - INFO - Exp name: detr_r50_solaqua_fish_80e_pretrained_20260324_130315
2026/03/24 13:08:37 - mmengine - INFO - Epoch(train) [29][16/16]  base_lr: 6.7434e-05 lr: 6.7434e-06  eta: 0:08:05  time: 0.5725  data_time: 0.0390  memory: 6311  grad_norm: 64.7668  loss: 2.7888  loss_cls: 0.0273  loss_bbox: 0.1109  loss_iou: 0.2612  d0.loss_cls: 0.1298  d0.loss_bbox: 0.1477  d0.loss_iou: 0.3341  d1.loss_cls: 0.0764  d1.loss_bbox: 0.1286  d1.loss_iou: 0.2948  d2.loss_cls: 0.0492  d2.loss_bbox: 0.1202  d2.loss_iou: 0.2788  d3.loss_cls: 0.0365  d3.loss_bbox: 0.1161  d3.loss_iou: 0.2713  d4.loss_cls: 0.0277  d4.loss_bbox: 0.1129  d4.loss_iou: 0.2653
2026/03/24 13:08:46 - mmengine - INFO - Exp name: detr_r50_solaqua_fish_80e_pretrained_20260324_130315
2026/03/24 13:08:46 - mmengine - INFO - Epoch(train) [30][16/16]  base_lr: 6.6132e-05 lr: 6.6132e-06  eta: 0:07:56  time: 0.5688  data_time: 0.0358  memory: 6311  grad_norm: 64.9198  loss: 2.7590  loss_cls: 0.0278  loss_bbox: 0.1095  loss_iou: 0.2566  d0.loss_cls: 0.1302  d0.loss_bbox: 0.1467  d0.loss_iou: 0.3310  d1.loss_cls: 0.0764  d1.loss_bbox: 0.1277  d1.loss_iou: 0.2911  d2.loss_cls: 0.0497  d2.loss_bbox: 0.1188  d2.loss_iou: 0.2750  d3.loss_cls: 0.0363  d3.loss_bbox: 0.1150  d3.loss_iou: 0.2664  d4.loss_cls: 0.0286  d4.loss_bbox: 0.1114  d4.loss_iou: 0.2606
2026/03/24 13:08:47 - mmengine - INFO - Evaluating bbox...
2026/03/24 13:08:48 - mmengine - INFO - bbox_mAP_copypaste: 0.660 0.934 0.780 -1.000 0.374 0.684
2026/03/24 13:08:48 - mmengine - INFO - Epoch(val) [30][16/16]    coco/bbox_mAP: 0.6600  coco/bbox_mAP_50: 0.9340  coco/bbox_mAP_75: 0.7800  coco/bbox_mAP_s: -1.0000  coco/bbox_mAP_m: 0.3740  coco/bbox_mAP_l: 0.6840  data_time: 0.0171  time: 0.0506
2026/03/24 13:08:48 - mmengine - INFO - The previous best checkpoint /workspace/aquaculture-perception/runs/mmdet/solaqua_fish/detr_r50_solaqua_fish_80e_pretrained/best_coco_bbox_mAP_epoch_16.pth is removed
2026/03/24 13:08:49 - mmengine - INFO - The best checkpoint with 0.6600 coco/bbox_mAP at 30 epoch is saved to best_coco_bbox_mAP_epoch_30.pth.
2026/03/24 13:08:58 - mmengine - INFO - Exp name: detr_r50_solaqua_fish_80e_pretrained_20260324_130315
2026/03/24 13:08:58 - mmengine - INFO - Epoch(train) [31][16/16]  base_lr: 6.4829e-05 lr: 6.4829e-06  eta: 0:07:46  time: 0.5808  data_time: 0.0444  memory: 6311  grad_norm: 59.9589  loss: 2.7341  loss_cls: 0.0284  loss_bbox: 0.1082  loss_iou: 0.2528  d0.loss_cls: 0.1301  d0.loss_bbox: 0.1468  d0.loss_iou: 0.3293  d1.loss_cls: 0.0773  d1.loss_bbox: 0.1272  d1.loss_iou: 0.2874  d2.loss_cls: 0.0504  d2.loss_bbox: 0.1179  d2.loss_iou: 0.2702  d3.loss_cls: 0.0368  d3.loss_bbox: 0.1140  d3.loss_iou: 0.2621  d4.loss_cls: 0.0286  d4.loss_bbox: 0.1103  d4.loss_iou: 0.2562
2026/03/24 13:09:08 - mmengine - INFO - Exp name: detr_r50_solaqua_fish_80e_pretrained_20260324_130315
2026/03/24 13:09:08 - mmengine - INFO - Epoch(train) [32][16/16]  base_lr: 6.3526e-05 lr: 6.3526e-06  eta: 0:07:37  time: 0.5883  data_time: 0.0555  memory: 6311  grad_norm: 59.4014  loss: 2.7069  loss_cls: 0.0274  loss_bbox: 0.1067  loss_iou: 0.2497  d0.loss_cls: 0.1309  d0.loss_bbox: 0.1459  d0.loss_iou: 0.3270  d1.loss_cls: 0.0766  d1.loss_bbox: 0.1256  d1.loss_iou: 0.2857  d2.loss_cls: 0.0487  d2.loss_bbox: 0.1166  d2.loss_iou: 0.2677  d3.loss_cls: 0.0362  d3.loss_bbox: 0.1124  d3.loss_iou: 0.2602  d4.loss_cls: 0.0275  d4.loss_bbox: 0.1086  d4.loss_iou: 0.2534
2026/03/24 13:09:09 - mmengine - INFO - Evaluating bbox...
2026/03/24 13:09:09 - mmengine - INFO - bbox_mAP_copypaste: 0.648 0.932 0.761 -1.000 0.361 0.672
2026/03/24 13:09:09 - mmengine - INFO - Epoch(val) [32][16/16]    coco/bbox_mAP: 0.6480  coco/bbox_mAP_50: 0.9320  coco/bbox_mAP_75: 0.7610  coco/bbox_mAP_s: -1.0000  coco/bbox_mAP_m: 0.3610  coco/bbox_mAP_l: 0.6720  data_time: 0.0165  time: 0.0495
2026/03/24 13:09:19 - mmengine - INFO - Exp name: detr_r50_solaqua_fish_80e_pretrained_20260324_130315
2026/03/24 13:09:19 - mmengine - INFO - Epoch(train) [33][16/16]  base_lr: 6.2224e-05 lr: 6.2224e-06  eta: 0:07:27  time: 0.5936  data_time: 0.0663  memory: 6311  grad_norm: 60.1464  loss: 2.6889  loss_cls: 0.0260  loss_bbox: 0.1061  loss_iou: 0.2489  d0.loss_cls: 0.1299  d0.loss_bbox: 0.1451  d0.loss_iou: 0.3243  d1.loss_cls: 0.0759  d1.loss_bbox: 0.1251  d1.loss_iou: 0.2838  d2.loss_cls: 0.0465  d2.loss_bbox: 0.1162  d2.loss_iou: 0.2671  d3.loss_cls: 0.0351  d3.loss_bbox: 0.1121  d3.loss_iou: 0.2602  d4.loss_cls: 0.0264  d4.loss_bbox: 0.1081  d4.loss_iou: 0.2521
2026/03/24 13:09:29 - mmengine - INFO - Exp name: detr_r50_solaqua_fish_80e_pretrained_20260324_130315
2026/03/24 13:09:29 - mmengine - INFO - Epoch(train) [34][16/16]  base_lr: 6.0921e-05 lr: 6.0921e-06  eta: 0:07:18  time: 0.5902  data_time: 0.0544  memory: 6311  grad_norm: 61.2564  loss: 2.6448  loss_cls: 0.0249  loss_bbox: 0.1048  loss_iou: 0.2451  d0.loss_cls: 0.1287  d0.loss_bbox: 0.1430  d0.loss_iou: 0.3191  d1.loss_cls: 0.0742  d1.loss_bbox: 0.1226  d1.loss_iou: 0.2781  d2.loss_cls: 0.0455  d2.loss_bbox: 0.1139  d2.loss_iou: 0.2624  d3.loss_cls: 0.0342  d3.loss_bbox: 0.1106  d3.loss_iou: 0.2565  d4.loss_cls: 0.0254  d4.loss_bbox: 0.1068  d4.loss_iou: 0.2490
2026/03/24 13:09:29 - mmengine - INFO - Evaluating bbox...
2026/03/24 13:09:30 - mmengine - INFO - bbox_mAP_copypaste: 0.670 0.935 0.794 -1.000 0.397 0.694
2026/03/24 13:09:30 - mmengine - INFO - Epoch(val) [34][16/16]    coco/bbox_mAP: 0.6700  coco/bbox_mAP_50: 0.9350  coco/bbox_mAP_75: 0.7940  coco/bbox_mAP_s: -1.0000  coco/bbox_mAP_m: 0.3970  coco/bbox_mAP_l: 0.6940  data_time: 0.0166  time: 0.0465
2026/03/24 13:09:30 - mmengine - INFO - The previous best checkpoint /workspace/aquaculture-perception/runs/mmdet/solaqua_fish/detr_r50_solaqua_fish_80e_pretrained/best_coco_bbox_mAP_epoch_30.pth is removed
2026/03/24 13:09:31 - mmengine - INFO - The best checkpoint with 0.6700 coco/bbox_mAP at 34 epoch is saved to best_coco_bbox_mAP_epoch_34.pth.
2026/03/24 13:09:40 - mmengine - INFO - Exp name: detr_r50_solaqua_fish_80e_pretrained_20260324_130315
2026/03/24 13:09:40 - mmengine - INFO - Epoch(train) [35][16/16]  base_lr: 5.9618e-05 lr: 5.9618e-06  eta: 0:07:08  time: 0.5835  data_time: 0.0439  memory: 6311  grad_norm: 62.2752  loss: 2.6167  loss_cls: 0.0251  loss_bbox: 0.1033  loss_iou: 0.2423  d0.loss_cls: 0.1266  d0.loss_bbox: 0.1417  d0.loss_iou: 0.3178  d1.loss_cls: 0.0739  d1.loss_bbox: 0.1205  d1.loss_iou: 0.2750  d2.loss_cls: 0.0453  d2.loss_bbox: 0.1123  d2.loss_iou: 0.2608  d3.loss_cls: 0.0343  d3.loss_bbox: 0.1088  d3.loss_iou: 0.2532  d4.loss_cls: 0.0255  d4.loss_bbox: 0.1050  d4.loss_iou: 0.2453
2026/03/24 13:09:49 - mmengine - INFO - Exp name: detr_r50_solaqua_fish_80e_pretrained_20260324_130315
2026/03/24 13:09:49 - mmengine - INFO - Epoch(train) [36][16/16]  base_lr: 5.8316e-05 lr: 5.8316e-06  eta: 0:06:58  time: 0.5710  data_time: 0.0398  memory: 6311  grad_norm: inf  loss: 2.5776  loss_cls: 0.0247  loss_bbox: 0.1008  loss_iou: 0.2384  d0.loss_cls: 0.1260  d0.loss_bbox: 0.1395  d0.loss_iou: 0.3169  d1.loss_cls: 0.0743  d1.loss_bbox: 0.1176  d1.loss_iou: 0.2715  d2.loss_cls: 0.0458  d2.loss_bbox: 0.1091  d2.loss_iou: 0.2556  d3.loss_cls: 0.0335  d3.loss_bbox: 0.1061  d3.loss_iou: 0.2493  d4.loss_cls: 0.0248  d4.loss_bbox: 0.1022  d4.loss_iou: 0.2416
2026/03/24 13:09:50 - mmengine - INFO - Evaluating bbox...
2026/03/24 13:09:51 - mmengine - INFO - bbox_mAP_copypaste: 0.653 0.935 0.784 -1.000 0.370 0.676
2026/03/24 13:09:51 - mmengine - INFO - Epoch(val) [36][16/16]    coco/bbox_mAP: 0.6530  coco/bbox_mAP_50: 0.9350  coco/bbox_mAP_75: 0.7840  coco/bbox_mAP_s: -1.0000  coco/bbox_mAP_m: 0.3700  coco/bbox_mAP_l: 0.6760  data_time: 0.0159  time: 0.0469
2026/03/24 13:10:00 - mmengine - INFO - Exp name: detr_r50_solaqua_fish_80e_pretrained_20260324_130315
2026/03/24 13:10:00 - mmengine - INFO - Epoch(train) [37][16/16]  base_lr: 5.7013e-05 lr: 5.7013e-06  eta: 0:06:48  time: 0.5697  data_time: 0.0474  memory: 6311  grad_norm: inf  loss: 2.5354  loss_cls: 0.0219  loss_bbox: 0.1000  loss_iou: 0.2350  d0.loss_cls: 0.1213  d0.loss_bbox: 0.1389  d0.loss_iou: 0.3155  d1.loss_cls: 0.0695  d1.loss_bbox: 0.1171  d1.loss_iou: 0.2693  d2.loss_cls: 0.0420  d2.loss_bbox: 0.1086  d2.loss_iou: 0.2534  d3.loss_cls: 0.0297  d3.loss_bbox: 0.1051  d3.loss_iou: 0.2460  d4.loss_cls: 0.0226  d4.loss_bbox: 0.1014  d4.loss_iou: 0.2379
2026/03/24 13:10:10 - mmengine - INFO - Exp name: detr_r50_solaqua_fish_80e_pretrained_20260324_130315
2026/03/24 13:10:10 - mmengine - INFO - Epoch(train) [38][16/16]  base_lr: 5.5711e-05 lr: 5.5711e-06  eta: 0:06:38  time: 0.5734  data_time: 0.0525  memory: 6311  grad_norm: inf  loss: 2.5127  loss_cls: 0.0195  loss_bbox: 0.0995  loss_iou: 0.2343  d0.loss_cls: 0.1190  d0.loss_bbox: 0.1378  d0.loss_iou: 0.3140  d1.loss_cls: 0.0669  d1.loss_bbox: 0.1168  d1.loss_iou: 0.2686  d2.loss_cls: 0.0392  d2.loss_bbox: 0.1085  d2.loss_iou: 0.2527  d3.loss_cls: 0.0269  d3.loss_bbox: 0.1043  d3.loss_iou: 0.2449  d4.loss_cls: 0.0202  d4.loss_bbox: 0.1012  d4.loss_iou: 0.2382
2026/03/24 13:10:11 - mmengine - INFO - Evaluating bbox...
2026/03/24 13:10:11 - mmengine - INFO - bbox_mAP_copypaste: 0.659 0.931 0.791 -1.000 0.368 0.684
2026/03/24 13:10:11 - mmengine - INFO - Epoch(val) [38][16/16]    coco/bbox_mAP: 0.6590  coco/bbox_mAP_50: 0.9310  coco/bbox_mAP_75: 0.7910  coco/bbox_mAP_s: -1.0000  coco/bbox_mAP_m: 0.3680  coco/bbox_mAP_l: 0.6840  data_time: 0.0170  time: 0.0474
2026/03/24 13:10:21 - mmengine - INFO - Exp name: detr_r50_solaqua_fish_80e_pretrained_20260324_130315
2026/03/24 13:10:21 - mmengine - INFO - Epoch(train) [39][16/16]  base_lr: 5.4408e-05 lr: 5.4408e-06  eta: 0:06:29  time: 0.5790  data_time: 0.0540  memory: 6311  grad_norm: 61.2353  loss: 2.5027  loss_cls: 0.0187  loss_bbox: 0.0986  loss_iou: 0.2337  d0.loss_cls: 0.1177  d0.loss_bbox: 0.1376  d0.loss_iou: 0.3138  d1.loss_cls: 0.0660  d1.loss_bbox: 0.1164  d1.loss_iou: 0.2682  d2.loss_cls: 0.0387  d2.loss_bbox: 0.1085  d2.loss_iou: 0.2539  d3.loss_cls: 0.0263  d3.loss_bbox: 0.1034  d3.loss_iou: 0.2439  d4.loss_cls: 0.0194  d4.loss_bbox: 0.1006  d4.loss_iou: 0.2374
2026/03/24 13:10:30 - mmengine - INFO - Exp name: detr_r50_solaqua_fish_80e_pretrained_20260324_130315
2026/03/24 13:10:30 - mmengine - INFO - Epoch(train) [40][16/16]  base_lr: 5.3105e-05 lr: 5.3105e-06  eta: 0:06:19  time: 0.5803  data_time: 0.0551  memory: 6311  grad_norm: 62.9166  loss: 2.4662  loss_cls: 0.0178  loss_bbox: 0.0974  loss_iou: 0.2300  d0.loss_cls: 0.1129  d0.loss_bbox: 0.1368  d0.loss_iou: 0.3104  d1.loss_cls: 0.0626  d1.loss_bbox: 0.1160  d1.loss_iou: 0.2666  d2.loss_cls: 0.0366  d2.loss_bbox: 0.1077  d2.loss_iou: 0.2513  d3.loss_cls: 0.0250  d3.loss_bbox: 0.1024  d3.loss_iou: 0.2409  d4.loss_cls: 0.0186  d4.loss_bbox: 0.0994  d4.loss_iou: 0.2337
2026/03/24 13:10:31 - mmengine - INFO - Evaluating bbox...
2026/03/24 13:10:32 - mmengine - INFO - bbox_mAP_copypaste: 0.666 0.937 0.788 -1.000 0.365 0.690
2026/03/24 13:10:32 - mmengine - INFO - Epoch(val) [40][16/16]    coco/bbox_mAP: 0.6660  coco/bbox_mAP_50: 0.9370  coco/bbox_mAP_75: 0.7880  coco/bbox_mAP_s: -1.0000  coco/bbox_mAP_m: 0.3650  coco/bbox_mAP_l: 0.6900  data_time: 0.0170  time: 0.0465
2026/03/24 13:10:41 - mmengine - INFO - Exp name: detr_r50_solaqua_fish_80e_pretrained_20260324_130315
2026/03/24 13:10:41 - mmengine - INFO - Epoch(train) [41][16/16]  base_lr: 5.1803e-05 lr: 5.1803e-06  eta: 0:06:09  time: 0.5752  data_time: 0.0498  memory: 6311  grad_norm: 63.7336  loss: 2.4652  loss_cls: 0.0194  loss_bbox: 0.0957  loss_iou: 0.2282  d0.loss_cls: 0.1168  d0.loss_bbox: 0.1355  d0.loss_iou: 0.3090  d1.loss_cls: 0.0652  d1.loss_bbox: 0.1148  d1.loss_iou: 0.2664  d2.loss_cls: 0.0389  d2.loss_bbox: 0.1066  d2.loss_iou: 0.2511  d3.loss_cls: 0.0263  d3.loss_bbox: 0.1018  d3.loss_iou: 0.2402  d4.loss_cls: 0.0202  d4.loss_bbox: 0.0977  d4.loss_iou: 0.2315
2026/03/24 13:10:50 - mmengine - INFO - Exp name: detr_r50_solaqua_fish_80e_pretrained_20260324_130315
2026/03/24 13:10:50 - mmengine - INFO - Epoch(train) [42][16/16]  base_lr: 5.0500e-05 lr: 5.0500e-06  eta: 0:05:59  time: 0.5613  data_time: 0.0463  memory: 6311  grad_norm: 64.2577  loss: 2.4353  loss_cls: 0.0197  loss_bbox: 0.0946  loss_iou: 0.2239  d0.loss_cls: 0.1181  d0.loss_bbox: 0.1342  d0.loss_iou: 0.3047  d1.loss_cls: 0.0643  d1.loss_bbox: 0.1138  d1.loss_iou: 0.2640  d2.loss_cls: 0.0377  d2.loss_bbox: 0.1053  d2.loss_iou: 0.2476  d3.loss_cls: 0.0260  d3.loss_bbox: 0.1007  d3.loss_iou: 0.2365  d4.loss_cls: 0.0205  d4.loss_bbox: 0.0964  d4.loss_iou: 0.2274
2026/03/24 13:10:51 - mmengine - INFO - Evaluating bbox...
2026/03/24 13:10:51 - mmengine - INFO - bbox_mAP_copypaste: 0.663 0.939 0.788 -1.000 0.376 0.687
2026/03/24 13:10:51 - mmengine - INFO - Epoch(val) [42][16/16]    coco/bbox_mAP: 0.6630  coco/bbox_mAP_50: 0.9390  coco/bbox_mAP_75: 0.7880  coco/bbox_mAP_s: -1.0000  coco/bbox_mAP_m: 0.3760  coco/bbox_mAP_l: 0.6870  data_time: 0.0160  time: 0.0502
2026/03/24 13:11:00 - mmengine - INFO - Exp name: detr_r50_solaqua_fish_80e_pretrained_20260324_130315
2026/03/24 13:11:00 - mmengine - INFO - Epoch(train) [43][16/16]  base_lr: 4.9197e-05 lr: 4.9197e-06  eta: 0:05:49  time: 0.5555  data_time: 0.0422  memory: 6311  grad_norm: 61.6390  loss: 2.4155  loss_cls: 0.0200  loss_bbox: 0.0932  loss_iou: 0.2213  d0.loss_cls: 0.1204  d0.loss_bbox: 0.1328  d0.loss_iou: 0.3025  d1.loss_cls: 0.0655  d1.loss_bbox: 0.1120  d1.loss_iou: 0.2600  d2.loss_cls: 0.0390  d2.loss_bbox: 0.1038  d2.loss_iou: 0.2446  d3.loss_cls: 0.0261  d3.loss_bbox: 0.0996  d3.loss_iou: 0.2345  d4.loss_cls: 0.0206  d4.loss_bbox: 0.0950  d4.loss_iou: 0.2247
2026/03/24 13:11:10 - mmengine - INFO - Exp name: detr_r50_solaqua_fish_80e_pretrained_20260324_130315
2026/03/24 13:11:10 - mmengine - INFO - Epoch(train) [44][16/16]  base_lr: 4.7895e-05 lr: 4.7895e-06  eta: 0:05:40  time: 0.5606  data_time: 0.0501  memory: 6311  grad_norm: 60.0607  loss: 2.3766  loss_cls: 0.0190  loss_bbox: 0.0921  loss_iou: 0.2178  d0.loss_cls: 0.1174  d0.loss_bbox: 0.1322  d0.loss_iou: 0.3007  d1.loss_cls: 0.0633  d1.loss_bbox: 0.1106  d1.loss_iou: 0.2560  d2.loss_cls: 0.0364  d2.loss_bbox: 0.1027  d2.loss_iou: 0.2403  d3.loss_cls: 0.0248  d3.loss_bbox: 0.0982  d3.loss_iou: 0.2304  d4.loss_cls: 0.0195  d4.loss_bbox: 0.0938  d4.loss_iou: 0.2213
2026/03/24 13:11:11 - mmengine - INFO - Evaluating bbox...
2026/03/24 13:11:11 - mmengine - INFO - bbox_mAP_copypaste: 0.661 0.935 0.797 -1.000 0.378 0.684
2026/03/24 13:11:11 - mmengine - INFO - Epoch(val) [44][16/16]    coco/bbox_mAP: 0.6610  coco/bbox_mAP_50: 0.9350  coco/bbox_mAP_75: 0.7970  coco/bbox_mAP_s: -1.0000  coco/bbox_mAP_m: 0.3780  coco/bbox_mAP_l: 0.6840  data_time: 0.0157  time: 0.0486
2026/03/24 13:11:21 - mmengine - INFO - Exp name: detr_r50_solaqua_fish_80e_pretrained_20260324_130315
2026/03/24 13:11:21 - mmengine - INFO - Epoch(train) [45][16/16]  base_lr: 4.6592e-05 lr: 4.6592e-06  eta: 0:05:30  time: 0.5694  data_time: 0.0434  memory: 6311  grad_norm: 59.1168  loss: 2.3471  loss_cls: 0.0185  loss_bbox: 0.0908  loss_iou: 0.2154  d0.loss_cls: 0.1133  d0.loss_bbox: 0.1313  d0.loss_iou: 0.2994  d1.loss_cls: 0.0618  d1.loss_bbox: 0.1095  d1.loss_iou: 0.2531  d2.loss_cls: 0.0360  d2.loss_bbox: 0.1010  d2.loss_iou: 0.2372  d3.loss_cls: 0.0240  d3.loss_bbox: 0.0968  d3.loss_iou: 0.2278  d4.loss_cls: 0.0189  d4.loss_bbox: 0.0928  d4.loss_iou: 0.2196
2026/03/24 13:11:29 - mmengine - INFO - Exp name: detr_r50_solaqua_fish_80e_pretrained_20260324_130315
2026/03/24 13:11:29 - mmengine - INFO - Epoch(train) [46][16/16]  base_lr: 4.5289e-05 lr: 4.5289e-06  eta: 0:05:20  time: 0.5610  data_time: 0.0438  memory: 6311  grad_norm: 57.6888  loss: 2.3293  loss_cls: 0.0180  loss_bbox: 0.0901  loss_iou: 0.2144  d0.loss_cls: 0.1087  d0.loss_bbox: 0.1306  d0.loss_iou: 0.2976  d1.loss_cls: 0.0592  d1.loss_bbox: 0.1095  d1.loss_iou: 0.2535  d2.loss_cls: 0.0342  d2.loss_bbox: 0.1006  d2.loss_iou: 0.2365  d3.loss_cls: 0.0228  d3.loss_bbox: 0.0964  d3.loss_iou: 0.2277  d4.loss_cls: 0.0183  d4.loss_bbox: 0.0923  d4.loss_iou: 0.2190
2026/03/24 13:11:30 - mmengine - INFO - Evaluating bbox...
2026/03/24 13:11:31 - mmengine - INFO - bbox_mAP_copypaste: 0.675 0.933 0.802 -1.000 0.372 0.700
2026/03/24 13:11:31 - mmengine - INFO - Epoch(val) [46][16/16]    coco/bbox_mAP: 0.6750  coco/bbox_mAP_50: 0.9330  coco/bbox_mAP_75: 0.8020  coco/bbox_mAP_s: -1.0000  coco/bbox_mAP_m: 0.3720  coco/bbox_mAP_l: 0.7000  data_time: 0.0159  time: 0.0493
2026/03/24 13:11:31 - mmengine - INFO - The previous best checkpoint /workspace/aquaculture-perception/runs/mmdet/solaqua_fish/detr_r50_solaqua_fish_80e_pretrained/best_coco_bbox_mAP_epoch_34.pth is removed
2026/03/24 13:11:32 - mmengine - INFO - The best checkpoint with 0.6750 coco/bbox_mAP at 46 epoch is saved to best_coco_bbox_mAP_epoch_46.pth.
2026/03/24 13:11:41 - mmengine - INFO - Exp name: detr_r50_solaqua_fish_80e_pretrained_20260324_130315
2026/03/24 13:11:41 - mmengine - INFO - Epoch(train) [47][16/16]  base_lr: 4.3987e-05 lr: 4.3987e-06  eta: 0:05:10  time: 0.5543  data_time: 0.0333  memory: 6311  grad_norm: 59.1866  loss: 2.3037  loss_cls: 0.0182  loss_bbox: 0.0891  loss_iou: 0.2111  d0.loss_cls: 0.1059  d0.loss_bbox: 0.1297  d0.loss_iou: 0.2944  d1.loss_cls: 0.0581  d1.loss_bbox: 0.1090  d1.loss_iou: 0.2518  d2.loss_cls: 0.0342  d2.loss_bbox: 0.0993  d2.loss_iou: 0.2332  d3.loss_cls: 0.0236  d3.loss_bbox: 0.0951  d3.loss_iou: 0.2244  d4.loss_cls: 0.0189  d4.loss_bbox: 0.0913  d4.loss_iou: 0.2162
2026/03/24 13:11:50 - mmengine - INFO - Exp name: detr_r50_solaqua_fish_80e_pretrained_20260324_130315
2026/03/24 13:11:50 - mmengine - INFO - Epoch(train) [48][16/16]  base_lr: 4.2684e-05 lr: 4.2684e-06  eta: 0:05:00  time: 0.5499  data_time: 0.0365  memory: 6311  grad_norm: 59.9916  loss: 2.3023  loss_cls: 0.0180  loss_bbox: 0.0886  loss_iou: 0.2115  d0.loss_cls: 0.1065  d0.loss_bbox: 0.1291  d0.loss_iou: 0.2950  d1.loss_cls: 0.0587  d1.loss_bbox: 0.1084  d1.loss_iou: 0.2510  d2.loss_cls: 0.0344  d2.loss_bbox: 0.0988  d2.loss_iou: 0.2332  d3.loss_cls: 0.0235  d3.loss_bbox: 0.0947  d3.loss_iou: 0.2253  d4.loss_cls: 0.0188  d4.loss_bbox: 0.0906  d4.loss_iou: 0.2162
2026/03/24 13:11:51 - mmengine - INFO - Evaluating bbox...
2026/03/24 13:11:52 - mmengine - INFO - bbox_mAP_copypaste: 0.666 0.934 0.805 -1.000 0.364 0.692
2026/03/24 13:11:52 - mmengine - INFO - Epoch(val) [48][16/16]    coco/bbox_mAP: 0.6660  coco/bbox_mAP_50: 0.9340  coco/bbox_mAP_75: 0.8050  coco/bbox_mAP_s: -1.0000  coco/bbox_mAP_m: 0.3640  coco/bbox_mAP_l: 0.6920  data_time: 0.0169  time: 0.0496
2026/03/24 13:12:01 - mmengine - INFO - Exp name: detr_r50_solaqua_fish_80e_pretrained_20260324_130315
2026/03/24 13:12:01 - mmengine - INFO - Epoch(train) [49][16/16]  base_lr: 4.1382e-05 lr: 4.1382e-06  eta: 0:04:51  time: 0.5599  data_time: 0.0405  memory: 6311  grad_norm: 61.0815  loss: 2.2867  loss_cls: 0.0178  loss_bbox: 0.0882  loss_iou: 0.2090  d0.loss_cls: 0.1067  d0.loss_bbox: 0.1288  d0.loss_iou: 0.2941  d1.loss_cls: 0.0581  d1.loss_bbox: 0.1080  d1.loss_iou: 0.2488  d2.loss_cls: 0.0346  d2.loss_bbox: 0.0987  d2.loss_iou: 0.2313  d3.loss_cls: 0.0237  d3.loss_bbox: 0.0942  d3.loss_iou: 0.2223  d4.loss_cls: 0.0186  d4.loss_bbox: 0.0902  d4.loss_iou: 0.2135
2026/03/24 13:12:10 - mmengine - INFO - Exp name: detr_r50_solaqua_fish_80e_pretrained_20260324_130315
2026/03/24 13:12:10 - mmengine - INFO - Epoch(train) [50][16/16]  base_lr: 4.0079e-05 lr: 4.0079e-06  eta: 0:04:41  time: 0.5653  data_time: 0.0494  memory: 6311  grad_norm: 60.4701  loss: 2.3131  loss_cls: 0.0177  loss_bbox: 0.0883  loss_iou: 0.2128  d0.loss_cls: 0.1087  d0.loss_bbox: 0.1294  d0.loss_iou: 0.2996  d1.loss_cls: 0.0598  d1.loss_bbox: 0.1079  d1.loss_iou: 0.2516  d2.loss_cls: 0.0354  d2.loss_bbox: 0.0986  d2.loss_iou: 0.2333  d3.loss_cls: 0.0245  d3.loss_bbox: 0.0942  d3.loss_iou: 0.2257  d4.loss_cls: 0.0186  d4.loss_bbox: 0.0902  d4.loss_iou: 0.2169
2026/03/24 13:12:11 - mmengine - INFO - Evaluating bbox...
2026/03/24 13:12:12 - mmengine - INFO - bbox_mAP_copypaste: 0.671 0.937 0.790 -1.000 0.383 0.695
2026/03/24 13:12:12 - mmengine - INFO - Epoch(val) [50][16/16]    coco/bbox_mAP: 0.6710  coco/bbox_mAP_50: 0.9370  coco/bbox_mAP_75: 0.7900  coco/bbox_mAP_s: -1.0000  coco/bbox_mAP_m: 0.3830  coco/bbox_mAP_l: 0.6950  data_time: 0.0172  time: 0.0498
2026/03/24 13:12:21 - mmengine - INFO - Exp name: detr_r50_solaqua_fish_80e_pretrained_20260324_130315
2026/03/24 13:12:21 - mmengine - INFO - Epoch(train) [51][16/16]  base_lr: 3.8776e-05 lr: 3.8776e-06  eta: 0:04:32  time: 0.5727  data_time: 0.0512  memory: 6311  grad_norm: 59.2450  loss: 2.2851  loss_cls: 0.0176  loss_bbox: 0.0874  loss_iou: 0.2095  d0.loss_cls: 0.1068  d0.loss_bbox: 0.1286  d0.loss_iou: 0.2951  d1.loss_cls: 0.0583  d1.loss_bbox: 0.1069  d1.loss_iou: 0.2484  d2.loss_cls: 0.0342  d2.loss_bbox: 0.0980  d2.loss_iou: 0.2317  d3.loss_cls: 0.0241  d3.loss_bbox: 0.0936  d3.loss_iou: 0.2230  d4.loss_cls: 0.0186  d4.loss_bbox: 0.0893  d4.loss_iou: 0.2139
2026/03/24 13:12:31 - mmengine - INFO - Exp name: detr_r50_solaqua_fish_80e_pretrained_20260324_130315
2026/03/24 13:12:31 - mmengine - INFO - Epoch(train) [52][16/16]  base_lr: 3.7474e-05 lr: 3.7474e-06  eta: 0:04:23  time: 0.5767  data_time: 0.0567  memory: 6311  grad_norm: 59.5645  loss: 2.2861  loss_cls: 0.0175  loss_bbox: 0.0873  loss_iou: 0.2100  d0.loss_cls: 0.1068  d0.loss_bbox: 0.1287  d0.loss_iou: 0.2957  d1.loss_cls: 0.0600  d1.loss_bbox: 0.1066  d1.loss_iou: 0.2490  d2.loss_cls: 0.0343  d2.loss_bbox: 0.0974  d2.loss_iou: 0.2322  d3.loss_cls: 0.0235  d3.loss_bbox: 0.0934  d3.loss_iou: 0.2224  d4.loss_cls: 0.0183  d4.loss_bbox: 0.0891  d4.loss_iou: 0.2140
2026/03/24 13:12:31 - mmengine - INFO - Evaluating bbox...
2026/03/24 13:12:32 - mmengine - INFO - bbox_mAP_copypaste: 0.666 0.936 0.799 -1.000 0.388 0.688
2026/03/24 13:12:32 - mmengine - INFO - Epoch(val) [52][16/16]    coco/bbox_mAP: 0.6660  coco/bbox_mAP_50: 0.9360  coco/bbox_mAP_75: 0.7990  coco/bbox_mAP_s: -1.0000  coco/bbox_mAP_m: 0.3880  coco/bbox_mAP_l: 0.6880  data_time: 0.0156  time: 0.0451
2026/03/24 13:12:41 - mmengine - INFO - Exp name: detr_r50_solaqua_fish_80e_pretrained_20260324_130315
2026/03/24 13:12:41 - mmengine - INFO - Epoch(train) [53][16/16]  base_lr: 3.6171e-05 lr: 3.6171e-06  eta: 0:04:13  time: 0.5745  data_time: 0.0532  memory: 6311  grad_norm: 60.0244  loss: 2.2466  loss_cls: 0.0167  loss_bbox: 0.0860  loss_iou: 0.2070  d0.loss_cls: 0.1049  d0.loss_bbox: 0.1264  d0.loss_iou: 0.2909  d1.loss_cls: 0.0578  d1.loss_bbox: 0.1047  d1.loss_iou: 0.2456  d2.loss_cls: 0.0325  d2.loss_bbox: 0.0961  d2.loss_iou: 0.2294  d3.loss_cls: 0.0219  d3.loss_bbox: 0.0919  d3.loss_iou: 0.2191  d4.loss_cls: 0.0170  d4.loss_bbox: 0.0878  d4.loss_iou: 0.2109
2026/03/24 13:12:50 - mmengine - INFO - Exp name: detr_r50_solaqua_fish_80e_pretrained_20260324_130315
2026/03/24 13:12:50 - mmengine - INFO - Epoch(train) [54][16/16]  base_lr: 3.4868e-05 lr: 3.4868e-06  eta: 0:04:03  time: 0.5687  data_time: 0.0542  memory: 6311  grad_norm: 57.3169  loss: 2.2190  loss_cls: 0.0159  loss_bbox: 0.0847  loss_iou: 0.2040  d0.loss_cls: 0.1043  d0.loss_bbox: 0.1259  d0.loss_iou: 0.2889  d1.loss_cls: 0.0567  d1.loss_bbox: 0.1037  d1.loss_iou: 0.2437  d2.loss_cls: 0.0317  d2.loss_bbox: 0.0953  d2.loss_iou: 0.2266  d3.loss_cls: 0.0209  d3.loss_bbox: 0.0907  d3.loss_iou: 0.2161  d4.loss_cls: 0.0162  d4.loss_bbox: 0.0864  d4.loss_iou: 0.2073
2026/03/24 13:12:51 - mmengine - INFO - Evaluating bbox...
2026/03/24 13:12:52 - mmengine - INFO - bbox_mAP_copypaste: 0.666 0.937 0.793 -1.000 0.353 0.690
2026/03/24 13:12:52 - mmengine - INFO - Epoch(val) [54][16/16]    coco/bbox_mAP: 0.6660  coco/bbox_mAP_50: 0.9370  coco/bbox_mAP_75: 0.7930  coco/bbox_mAP_s: -1.0000  coco/bbox_mAP_m: 0.3530  coco/bbox_mAP_l: 0.6900  data_time: 0.0166  time: 0.0485
2026/03/24 13:13:01 - mmengine - INFO - Exp name: detr_r50_solaqua_fish_80e_pretrained_20260324_130315
2026/03/24 13:13:01 - mmengine - INFO - Epoch(train) [55][16/16]  base_lr: 3.3566e-05 lr: 3.3566e-06  eta: 0:03:54  time: 0.5618  data_time: 0.0430  memory: 6311  grad_norm: 56.6063  loss: 2.1855  loss_cls: 0.0153  loss_bbox: 0.0838  loss_iou: 0.2002  d0.loss_cls: 0.1018  d0.loss_bbox: 0.1254  d0.loss_iou: 0.2857  d1.loss_cls: 0.0538  d1.loss_bbox: 0.1033  d1.loss_iou: 0.2406  d2.loss_cls: 0.0305  d2.loss_bbox: 0.0943  d2.loss_iou: 0.2224  d3.loss_cls: 0.0201  d3.loss_bbox: 0.0897  d3.loss_iou: 0.2137  d4.loss_cls: 0.0154  d4.loss_bbox: 0.0855  d4.loss_iou: 0.2041
2026/03/24 13:13:10 - mmengine - INFO - Exp name: detr_r50_solaqua_fish_80e_pretrained_20260324_130315
2026/03/24 13:13:10 - mmengine - INFO - Epoch(train) [56][16/16]  base_lr: 3.2263e-05 lr: 3.2263e-06  eta: 0:03:44  time: 0.5597  data_time: 0.0474  memory: 6311  grad_norm: 57.1396  loss: 2.1906  loss_cls: 0.0147  loss_bbox: 0.0838  loss_iou: 0.2010  d0.loss_cls: 0.1017  d0.loss_bbox: 0.1259  d0.loss_iou: 0.2881  d1.loss_cls: 0.0533  d1.loss_bbox: 0.1035  d1.loss_iou: 0.2405  d2.loss_cls: 0.0305  d2.loss_bbox: 0.0943  d2.loss_iou: 0.2231  d3.loss_cls: 0.0194  d3.loss_bbox: 0.0895  d3.loss_iou: 0.2147  d4.loss_cls: 0.0154  d4.loss_bbox: 0.0857  d4.loss_iou: 0.2054
2026/03/24 13:13:11 - mmengine - INFO - Evaluating bbox...
2026/03/24 13:13:11 - mmengine - INFO - bbox_mAP_copypaste: 0.664 0.936 0.800 -1.000 0.357 0.688
2026/03/24 13:13:11 - mmengine - INFO - Epoch(val) [56][16/16]    coco/bbox_mAP: 0.6640  coco/bbox_mAP_50: 0.9360  coco/bbox_mAP_75: 0.8000  coco/bbox_mAP_s: -1.0000  coco/bbox_mAP_m: 0.3570  coco/bbox_mAP_l: 0.6880  data_time: 0.0166  time: 0.0479
2026/03/24 13:13:20 - mmengine - INFO - Exp name: detr_r50_solaqua_fish_80e_pretrained_20260324_130315
2026/03/24 13:13:20 - mmengine - INFO - Epoch(train) [57][16/16]  base_lr: 3.0961e-05 lr: 3.0961e-06  eta: 0:03:35  time: 0.5511  data_time: 0.0414  memory: 6311  grad_norm: 57.6252  loss: 2.1718  loss_cls: 0.0148  loss_bbox: 0.0834  loss_iou: 0.1980  d0.loss_cls: 0.1017  d0.loss_bbox: 0.1256  d0.loss_iou: 0.2863  d1.loss_cls: 0.0525  d1.loss_bbox: 0.1034  d1.loss_iou: 0.2389  d2.loss_cls: 0.0296  d2.loss_bbox: 0.0934  d2.loss_iou: 0.2209  d3.loss_cls: 0.0191  d3.loss_bbox: 0.0891  d3.loss_iou: 0.2122  d4.loss_cls: 0.0155  d4.loss_bbox: 0.0851  d4.loss_iou: 0.2024
2026/03/24 13:13:29 - mmengine - INFO - Exp name: detr_r50_solaqua_fish_80e_pretrained_20260324_130315
2026/03/24 13:13:29 - mmengine - INFO - Epoch(train) [58][16/16]  base_lr: 2.9658e-05 lr: 2.9658e-06  eta: 0:03:25  time: 0.5535  data_time: 0.0469  memory: 6311  grad_norm: 58.6876  loss: 2.1566  loss_cls: 0.0139  loss_bbox: 0.0830  loss_iou: 0.1964  d0.loss_cls: 0.1009  d0.loss_bbox: 0.1251  d0.loss_iou: 0.2849  d1.loss_cls: 0.0516  d1.loss_bbox: 0.1034  d1.loss_iou: 0.2381  d2.loss_cls: 0.0291  d2.loss_bbox: 0.0930  d2.loss_iou: 0.2195  d3.loss_cls: 0.0190  d3.loss_bbox: 0.0886  d3.loss_iou: 0.2100  d4.loss_cls: 0.0146  d4.loss_bbox: 0.0849  d4.loss_iou: 0.2007
2026/03/24 13:13:30 - mmengine - INFO - Evaluating bbox...
2026/03/24 13:13:31 - mmengine - INFO - bbox_mAP_copypaste: 0.663 0.929 0.800 -1.000 0.357 0.687
2026/03/24 13:13:31 - mmengine - INFO - Epoch(val) [58][16/16]    coco/bbox_mAP: 0.6630  coco/bbox_mAP_50: 0.9290  coco/bbox_mAP_75: 0.8000  coco/bbox_mAP_s: -1.0000  coco/bbox_mAP_m: 0.3570  coco/bbox_mAP_l: 0.6870  data_time: 0.0158  time: 0.0467
2026/03/24 13:13:40 - mmengine - INFO - Exp name: detr_r50_solaqua_fish_80e_pretrained_20260324_130315
2026/03/24 13:13:40 - mmengine - INFO - Epoch(train) [59][16/16]  base_lr: 2.8355e-05 lr: 2.8355e-06  eta: 0:03:16  time: 0.5550  data_time: 0.0455  memory: 6311  grad_norm: 57.0651  loss: 2.1295  loss_cls: 0.0137  loss_bbox: 0.0813  loss_iou: 0.1929  d0.loss_cls: 0.1012  d0.loss_bbox: 0.1236  d0.loss_iou: 0.2830  d1.loss_cls: 0.0523  d1.loss_bbox: 0.1011  d1.loss_iou: 0.2347  d2.loss_cls: 0.0293  d2.loss_bbox: 0.0915  d2.loss_iou: 0.2166  d3.loss_cls: 0.0188  d3.loss_bbox: 0.0874  d3.loss_iou: 0.2070  d4.loss_cls: 0.0139  d4.loss_bbox: 0.0834  d4.loss_iou: 0.1979
2026/03/24 13:13:49 - mmengine - INFO - Exp name: detr_r50_solaqua_fish_80e_pretrained_20260324_130315
2026/03/24 13:13:49 - mmengine - INFO - Epoch(train) [60][16/16]  base_lr: 2.7053e-05 lr: 2.7053e-06  eta: 0:03:06  time: 0.5606  data_time: 0.0529  memory: 6311  grad_norm: 58.0080  loss: 2.1315  loss_cls: 0.0132  loss_bbox: 0.0805  loss_iou: 0.1942  d0.loss_cls: 0.1015  d0.loss_bbox: 0.1231  d0.loss_iou: 0.2839  d1.loss_cls: 0.0518  d1.loss_bbox: 0.1006  d1.loss_iou: 0.2358  d2.loss_cls: 0.0292  d2.loss_bbox: 0.0912  d2.loss_iou: 0.2177  d3.loss_cls: 0.0185  d3.loss_bbox: 0.0868  d3.loss_iou: 0.2084  d4.loss_cls: 0.0134  d4.loss_bbox: 0.0828  d4.loss_iou: 0.1989
2026/03/24 13:13:50 - mmengine - INFO - Evaluating bbox...
2026/03/24 13:13:50 - mmengine - INFO - bbox_mAP_copypaste: 0.671 0.933 0.811 -1.000 0.373 0.693
2026/03/24 13:13:50 - mmengine - INFO - Epoch(val) [60][16/16]    coco/bbox_mAP: 0.6710  coco/bbox_mAP_50: 0.9330  coco/bbox_mAP_75: 0.8110  coco/bbox_mAP_s: -1.0000  coco/bbox_mAP_m: 0.3730  coco/bbox_mAP_l: 0.6930  data_time: 0.0161  time: 0.0485
2026/03/24 13:14:00 - mmengine - INFO - Exp name: detr_r50_solaqua_fish_80e_pretrained_20260324_130315
2026/03/24 13:14:00 - mmengine - INFO - Epoch(train) [61][16/16]  base_lr: 2.5750e-05 lr: 2.5750e-06  eta: 0:02:57  time: 0.5628  data_time: 0.0544  memory: 6311  grad_norm: 58.3161  loss: 2.1293  loss_cls: 0.0134  loss_bbox: 0.0804  loss_iou: 0.1929  d0.loss_cls: 0.1018  d0.loss_bbox: 0.1234  d0.loss_iou: 0.2844  d1.loss_cls: 0.0516  d1.loss_bbox: 0.1008  d1.loss_iou: 0.2356  d2.loss_cls: 0.0287  d2.loss_bbox: 0.0914  d2.loss_iou: 0.2172  d3.loss_cls: 0.0182  d3.loss_bbox: 0.0872  d3.loss_iou: 0.2073  d4.loss_cls: 0.0137  d4.loss_bbox: 0.0829  d4.loss_iou: 0.1983
2026/03/24 13:14:09 - mmengine - INFO - Exp name: detr_r50_solaqua_fish_80e_pretrained_20260324_130315
2026/03/24 13:14:09 - mmengine - INFO - Epoch(train) [62][16/16]  base_lr: 2.4447e-05 lr: 2.4447e-06  eta: 0:02:48  time: 0.5723  data_time: 0.0584  memory: 6311  grad_norm: 55.0067  loss: 2.1353  loss_cls: 0.0132  loss_bbox: 0.0802  loss_iou: 0.1944  d0.loss_cls: 0.1024  d0.loss_bbox: 0.1232  d0.loss_iou: 0.2849  d1.loss_cls: 0.0513  d1.loss_bbox: 0.1013  d1.loss_iou: 0.2383  d2.loss_cls: 0.0282  d2.loss_bbox: 0.0913  d2.loss_iou: 0.2183  d3.loss_cls: 0.0181  d3.loss_bbox: 0.0869  d3.loss_iou: 0.2088  d4.loss_cls: 0.0135  d4.loss_bbox: 0.0823  d4.loss_iou: 0.1989
2026/03/24 13:14:10 - mmengine - INFO - Evaluating bbox...
2026/03/24 13:14:11 - mmengine - INFO - bbox_mAP_copypaste: 0.671 0.934 0.812 -1.000 0.380 0.695
2026/03/24 13:14:11 - mmengine - INFO - Epoch(val) [62][16/16]    coco/bbox_mAP: 0.6710  coco/bbox_mAP_50: 0.9340  coco/bbox_mAP_75: 0.8120  coco/bbox_mAP_s: -1.0000  coco/bbox_mAP_m: 0.3800  coco/bbox_mAP_l: 0.6950  data_time: 0.0165  time: 0.0475
2026/03/24 13:14:16 - mmengine - INFO - Exp name: detr_r50_solaqua_fish_80e_pretrained_20260324_130315
2026/03/24 13:14:20 - mmengine - INFO - Exp name: detr_r50_solaqua_fish_80e_pretrained_20260324_130315
2026/03/24 13:14:20 - mmengine - INFO - Epoch(train) [63][16/16]  base_lr: 2.3145e-05 lr: 2.3145e-06  eta: 0:02:38  time: 0.5773  data_time: 0.0588  memory: 6311  grad_norm: 54.2656  loss: 2.1236  loss_cls: 0.0135  loss_bbox: 0.0800  loss_iou: 0.1925  d0.loss_cls: 0.1024  d0.loss_bbox: 0.1224  d0.loss_iou: 0.2823  d1.loss_cls: 0.0511  d1.loss_bbox: 0.1012  d1.loss_iou: 0.2377  d2.loss_cls: 0.0276  d2.loss_bbox: 0.0912  d2.loss_iou: 0.2174  d3.loss_cls: 0.0181  d3.loss_bbox: 0.0865  d3.loss_iou: 0.2069  d4.loss_cls: 0.0137  d4.loss_bbox: 0.0821  d4.loss_iou: 0.1969
2026/03/24 13:14:29 - mmengine - INFO - Exp name: detr_r50_solaqua_fish_80e_pretrained_20260324_130315
2026/03/24 13:14:29 - mmengine - INFO - Epoch(train) [64][16/16]  base_lr: 2.1842e-05 lr: 2.1842e-06  eta: 0:02:29  time: 0.5776  data_time: 0.0481  memory: 6311  grad_norm: 55.7928  loss: 2.1188  loss_cls: 0.0136  loss_bbox: 0.0797  loss_iou: 0.1916  d0.loss_cls: 0.1032  d0.loss_bbox: 0.1216  d0.loss_iou: 0.2802  d1.loss_cls: 0.0520  d1.loss_bbox: 0.1009  d1.loss_iou: 0.2370  d2.loss_cls: 0.0281  d2.loss_bbox: 0.0909  d2.loss_iou: 0.2170  d3.loss_cls: 0.0186  d3.loss_bbox: 0.0862  d3.loss_iou: 0.2067  d4.loss_cls: 0.0140  d4.loss_bbox: 0.0815  d4.loss_iou: 0.1959
2026/03/24 13:14:30 - mmengine - INFO - Evaluating bbox...
2026/03/24 13:14:31 - mmengine - INFO - bbox_mAP_copypaste: 0.669 0.930 0.811 -1.000 0.379 0.693
2026/03/24 13:14:31 - mmengine - INFO - Epoch(val) [64][16/16]    coco/bbox_mAP: 0.6690  coco/bbox_mAP_50: 0.9300  coco/bbox_mAP_75: 0.8110  coco/bbox_mAP_s: -1.0000  coco/bbox_mAP_m: 0.3790  coco/bbox_mAP_l: 0.6930  data_time: 0.0163  time: 0.0478
2026/03/24 13:14:40 - mmengine - INFO - Exp name: detr_r50_solaqua_fish_80e_pretrained_20260324_130315
2026/03/24 13:14:40 - mmengine - INFO - Epoch(train) [65][16/16]  base_lr: 2.0539e-05 lr: 2.0539e-06  eta: 0:02:20  time: 0.5726  data_time: 0.0353  memory: 6311  grad_norm: 55.6870  loss: 2.1035  loss_cls: 0.0138  loss_bbox: 0.0788  loss_iou: 0.1898  d0.loss_cls: 0.1031  d0.loss_bbox: 0.1214  d0.loss_iou: 0.2788  d1.loss_cls: 0.0529  d1.loss_bbox: 0.1003  d1.loss_iou: 0.2348  d2.loss_cls: 0.0282  d2.loss_bbox: 0.0901  d2.loss_iou: 0.2154  d3.loss_cls: 0.0183  d3.loss_bbox: 0.0851  d3.loss_iou: 0.2041  d4.loss_cls: 0.0142  d4.loss_bbox: 0.0808  d4.loss_iou: 0.1939
2026/03/24 13:14:50 - mmengine - INFO - Exp name: detr_r50_solaqua_fish_80e_pretrained_20260324_130315
2026/03/24 13:14:50 - mmengine - INFO - Epoch(train) [66][16/16]  base_lr: 1.9237e-05 lr: 1.9237e-06  eta: 0:02:10  time: 0.5763  data_time: 0.0374  memory: 6311  grad_norm: 56.9578  loss: 2.0918  loss_cls: 0.0139  loss_bbox: 0.0778  loss_iou: 0.1886  d0.loss_cls: 0.1032  d0.loss_bbox: 0.1206  d0.loss_iou: 0.2777  d1.loss_cls: 0.0529  d1.loss_bbox: 0.0997  d1.loss_iou: 0.2336  d2.loss_cls: 0.0291  d2.loss_bbox: 0.0893  d2.loss_iou: 0.2138  d3.loss_cls: 0.0186  d3.loss_bbox: 0.0841  d3.loss_iou: 0.2023  d4.loss_cls: 0.0143  d4.loss_bbox: 0.0797  d4.loss_iou: 0.1927
2026/03/24 13:14:51 - mmengine - INFO - Evaluating bbox...
2026/03/24 13:14:51 - mmengine - INFO - bbox_mAP_copypaste: 0.668 0.929 0.802 -1.000 0.378 0.691
2026/03/24 13:14:51 - mmengine - INFO - Epoch(val) [66][16/16]    coco/bbox_mAP: 0.6680  coco/bbox_mAP_50: 0.9290  coco/bbox_mAP_75: 0.8020  coco/bbox_mAP_s: -1.0000  coco/bbox_mAP_m: 0.3780  coco/bbox_mAP_l: 0.6910  data_time: 0.0161  time: 0.0480
2026/03/24 13:15:00 - mmengine - INFO - Exp name: detr_r50_solaqua_fish_80e_pretrained_20260324_130315
2026/03/24 13:15:00 - mmengine - INFO - Epoch(train) [67][16/16]  base_lr: 1.7934e-05 lr: 1.7934e-06  eta: 0:02:01  time: 0.5706  data_time: 0.0497  memory: 6311  grad_norm: 58.3562  loss: 2.0819  loss_cls: 0.0141  loss_bbox: 0.0778  loss_iou: 0.1876  d0.loss_cls: 0.1017  d0.loss_bbox: 0.1211  d0.loss_iou: 0.2758  d1.loss_cls: 0.0524  d1.loss_bbox: 0.0995  d1.loss_iou: 0.2318  d2.loss_cls: 0.0289  d2.loss_bbox: 0.0891  d2.loss_iou: 0.2123  d3.loss_cls: 0.0180  d3.loss_bbox: 0.0839  d3.loss_iou: 0.2017  d4.loss_cls: 0.0146  d4.loss_bbox: 0.0797  d4.loss_iou: 0.1920
2026/03/24 13:15:09 - mmengine - INFO - Exp name: detr_r50_solaqua_fish_80e_pretrained_20260324_130315
2026/03/24 13:15:09 - mmengine - INFO - Epoch(train) [68][16/16]  base_lr: 1.6632e-05 lr: 1.6632e-06  eta: 0:01:51  time: 0.5653  data_time: 0.0617  memory: 6311  grad_norm: 54.7382  loss: 2.0737  loss_cls: 0.0138  loss_bbox: 0.0774  loss_iou: 0.1865  d0.loss_cls: 0.1006  d0.loss_bbox: 0.1207  d0.loss_iou: 0.2759  d1.loss_cls: 0.0517  d1.loss_bbox: 0.0990  d1.loss_iou: 0.2305  d2.loss_cls: 0.0290  d2.loss_bbox: 0.0892  d2.loss_iou: 0.2115  d3.loss_cls: 0.0180  d3.loss_bbox: 0.0841  d3.loss_iou: 0.2011  d4.loss_cls: 0.0142  d4.loss_bbox: 0.0794  d4.loss_iou: 0.1910
2026/03/24 13:15:10 - mmengine - INFO - Evaluating bbox...
2026/03/24 13:15:11 - mmengine - INFO - bbox_mAP_copypaste: 0.670 0.933 0.804 -1.000 0.385 0.693
2026/03/24 13:15:11 - mmengine - INFO - Epoch(val) [68][16/16]    coco/bbox_mAP: 0.6700  coco/bbox_mAP_50: 0.9330  coco/bbox_mAP_75: 0.8040  coco/bbox_mAP_s: -1.0000  coco/bbox_mAP_m: 0.3850  coco/bbox_mAP_l: 0.6930  data_time: 0.0167  time: 0.0503
2026/03/24 13:15:20 - mmengine - INFO - Exp name: detr_r50_solaqua_fish_80e_pretrained_20260324_130315
2026/03/24 13:15:20 - mmengine - INFO - Epoch(train) [69][16/16]  base_lr: 1.5329e-05 lr: 1.5329e-06  eta: 0:01:42  time: 0.5601  data_time: 0.0621  memory: 6311  grad_norm: 54.6284  loss: 2.0864  loss_cls: 0.0140  loss_bbox: 0.0778  loss_iou: 0.1880  d0.loss_cls: 0.1014  d0.loss_bbox: 0.1207  d0.loss_iou: 0.2784  d1.loss_cls: 0.0527  d1.loss_bbox: 0.0982  d1.loss_iou: 0.2312  d2.loss_cls: 0.0290  d2.loss_bbox: 0.0892  d2.loss_iou: 0.2135  d3.loss_cls: 0.0180  d3.loss_bbox: 0.0843  d3.loss_iou: 0.2029  d4.loss_cls: 0.0147  d4.loss_bbox: 0.0798  d4.loss_iou: 0.1925
2026/03/24 13:15:29 - mmengine - INFO - Exp name: detr_r50_solaqua_fish_80e_pretrained_20260324_130315
2026/03/24 13:15:29 - mmengine - INFO - Epoch(train) [70][16/16]  base_lr: 1.4026e-05 lr: 1.4026e-06  eta: 0:01:33  time: 0.5643  data_time: 0.0598  memory: 6311  grad_norm: 53.2951  loss: 2.0582  loss_cls: 0.0123  loss_bbox: 0.0769  loss_iou: 0.1856  d0.loss_cls: 0.0984  d0.loss_bbox: 0.1215  d0.loss_iou: 0.2790  d1.loss_cls: 0.0498  d1.loss_bbox: 0.0980  d1.loss_iou: 0.2290  d2.loss_cls: 0.0272  d2.loss_bbox: 0.0884  d2.loss_iou: 0.2108  d3.loss_cls: 0.0168  d3.loss_bbox: 0.0833  d3.loss_iou: 0.1994  d4.loss_cls: 0.0129  d4.loss_bbox: 0.0789  d4.loss_iou: 0.1901
2026/03/24 13:15:30 - mmengine - INFO - Evaluating bbox...
2026/03/24 13:15:31 - mmengine - INFO - bbox_mAP_copypaste: 0.664 0.935 0.790 -1.000 0.366 0.688
2026/03/24 13:15:31 - mmengine - INFO - Epoch(val) [70][16/16]    coco/bbox_mAP: 0.6640  coco/bbox_mAP_50: 0.9350  coco/bbox_mAP_75: 0.7900  coco/bbox_mAP_s: -1.0000  coco/bbox_mAP_m: 0.3660  coco/bbox_mAP_l: 0.6880  data_time: 0.0156  time: 0.0471
2026/03/24 13:15:40 - mmengine - INFO - Exp name: detr_r50_solaqua_fish_80e_pretrained_20260324_130315
2026/03/24 13:15:40 - mmengine - INFO - Epoch(train) [71][16/16]  base_lr: 1.2724e-05 lr: 1.2724e-06  eta: 0:01:23  time: 0.5647  data_time: 0.0598  memory: 6311  grad_norm: 55.2651  loss: 2.0539  loss_cls: 0.0128  loss_bbox: 0.0771  loss_iou: 0.1853  d0.loss_cls: 0.0984  d0.loss_bbox: 0.1220  d0.loss_iou: 0.2783  d1.loss_cls: 0.0489  d1.loss_bbox: 0.0979  d1.loss_iou: 0.2282  d2.loss_cls: 0.0270  d2.loss_bbox: 0.0880  d2.loss_iou: 0.2095  d3.loss_cls: 0.0171  d3.loss_bbox: 0.0831  d3.loss_iou: 0.1986  d4.loss_cls: 0.0134  d4.loss_bbox: 0.0790  d4.loss_iou: 0.1893
2026/03/24 13:15:49 - mmengine - INFO - Exp name: detr_r50_solaqua_fish_80e_pretrained_20260324_130315
2026/03/24 13:15:49 - mmengine - INFO - Epoch(train) [72][16/16]  base_lr: 1.1421e-05 lr: 1.1421e-06  eta: 0:01:14  time: 0.5700  data_time: 0.0511  memory: 6311  grad_norm: 53.9343  loss: 2.0633  loss_cls: 0.0128  loss_bbox: 0.0769  loss_iou: 0.1865  d0.loss_cls: 0.0982  d0.loss_bbox: 0.1214  d0.loss_iou: 0.2798  d1.loss_cls: 0.0500  d1.loss_bbox: 0.0977  d1.loss_iou: 0.2304  d2.loss_cls: 0.0275  d2.loss_bbox: 0.0876  d2.loss_iou: 0.2110  d3.loss_cls: 0.0176  d3.loss_bbox: 0.0829  d3.loss_iou: 0.1999  d4.loss_cls: 0.0134  d4.loss_bbox: 0.0788  d4.loss_iou: 0.1908
2026/03/24 13:15:50 - mmengine - INFO - Evaluating bbox...
2026/03/24 13:15:51 - mmengine - INFO - bbox_mAP_copypaste: 0.665 0.931 0.800 -1.000 0.380 0.690
2026/03/24 13:15:51 - mmengine - INFO - Epoch(val) [72][16/16]    coco/bbox_mAP: 0.6650  coco/bbox_mAP_50: 0.9310  coco/bbox_mAP_75: 0.8000  coco/bbox_mAP_s: -1.0000  coco/bbox_mAP_m: 0.3800  coco/bbox_mAP_l: 0.6900  data_time: 0.0162  time: 0.0483
2026/03/24 13:16:00 - mmengine - INFO - Exp name: detr_r50_solaqua_fish_80e_pretrained_20260324_130315
2026/03/24 13:16:00 - mmengine - INFO - Epoch(train) [73][16/16]  base_lr: 1.0118e-05 lr: 1.0118e-06  eta: 0:01:05  time: 0.5668  data_time: 0.0524  memory: 6311  grad_norm: 49.7595  loss: 2.0519  loss_cls: 0.0136  loss_bbox: 0.0766  loss_iou: 0.1846  d0.loss_cls: 0.0984  d0.loss_bbox: 0.1196  d0.loss_iou: 0.2780  d1.loss_cls: 0.0502  d1.loss_bbox: 0.0968  d1.loss_iou: 0.2275  d2.loss_cls: 0.0277  d2.loss_bbox: 0.0872  d2.loss_iou: 0.2094  d3.loss_cls: 0.0179  d3.loss_bbox: 0.0830  d3.loss_iou: 0.1994  d4.loss_cls: 0.0138  d4.loss_bbox: 0.0788  d4.loss_iou: 0.1894
2026/03/24 13:16:09 - mmengine - INFO - Exp name: detr_r50_solaqua_fish_80e_pretrained_20260324_130315
2026/03/24 13:16:09 - mmengine - INFO - Epoch(train) [74][16/16]  base_lr: 8.8158e-06 lr: 8.8158e-07  eta: 0:00:55  time: 0.5656  data_time: 0.0482  memory: 6311  grad_norm: 48.6207  loss: 2.0355  loss_cls: 0.0133  loss_bbox: 0.0756  loss_iou: 0.1818  d0.loss_cls: 0.0973  d0.loss_bbox: 0.1198  d0.loss_iou: 0.2784  d1.loss_cls: 0.0493  d1.loss_bbox: 0.0963  d1.loss_iou: 0.2263  d2.loss_cls: 0.0273  d2.loss_bbox: 0.0865  d2.loss_iou: 0.2079  d3.loss_cls: 0.0173  d3.loss_bbox: 0.0824  d3.loss_iou: 0.1972  d4.loss_cls: 0.0134  d4.loss_bbox: 0.0780  d4.loss_iou: 0.1876
2026/03/24 13:16:10 - mmengine - INFO - Evaluating bbox...
2026/03/24 13:16:11 - mmengine - INFO - bbox_mAP_copypaste: 0.667 0.938 0.804 -1.000 0.384 0.690
2026/03/24 13:16:11 - mmengine - INFO - Epoch(val) [74][16/16]    coco/bbox_mAP: 0.6670  coco/bbox_mAP_50: 0.9380  coco/bbox_mAP_75: 0.8040  coco/bbox_mAP_s: -1.0000  coco/bbox_mAP_m: 0.3840  coco/bbox_mAP_l: 0.6900  data_time: 0.0167  time: 0.0500
2026/03/24 13:16:20 - mmengine - INFO - Exp name: detr_r50_solaqua_fish_80e_pretrained_20260324_130315
2026/03/24 13:16:20 - mmengine - INFO - Epoch(train) [75][16/16]  base_lr: 7.5132e-06 lr: 7.5132e-07  eta: 0:00:46  time: 0.5723  data_time: 0.0580  memory: 6311  grad_norm: 47.6338  loss: 2.0370  loss_cls: 0.0129  loss_bbox: 0.0754  loss_iou: 0.1826  d0.loss_cls: 0.0962  d0.loss_bbox: 0.1194  d0.loss_iou: 0.2781  d1.loss_cls: 0.0489  d1.loss_bbox: 0.0959  d1.loss_iou: 0.2271  d2.loss_cls: 0.0273  d2.loss_bbox: 0.0867  d2.loss_iou: 0.2090  d3.loss_cls: 0.0174  d3.loss_bbox: 0.0826  d3.loss_iou: 0.1986  d4.loss_cls: 0.0131  d4.loss_bbox: 0.0778  d4.loss_iou: 0.1879
2026/03/24 13:16:30 - mmengine - INFO - Exp name: detr_r50_solaqua_fish_80e_pretrained_20260324_130315
2026/03/24 13:16:30 - mmengine - INFO - Epoch(train) [76][16/16]  base_lr: 6.2105e-06 lr: 6.2105e-07  eta: 0:00:37  time: 0.5777  data_time: 0.0551  memory: 6311  grad_norm: 50.6620  loss: 2.0236  loss_cls: 0.0128  loss_bbox: 0.0747  loss_iou: 0.1811  d0.loss_cls: 0.0961  d0.loss_bbox: 0.1195  d0.loss_iou: 0.2762  d1.loss_cls: 0.0490  d1.loss_bbox: 0.0955  d1.loss_iou: 0.2263  d2.loss_cls: 0.0273  d2.loss_bbox: 0.0861  d2.loss_iou: 0.2068  d3.loss_cls: 0.0172  d3.loss_bbox: 0.0818  d3.loss_iou: 0.1970  d4.loss_cls: 0.0132  d4.loss_bbox: 0.0768  d4.loss_iou: 0.1862
2026/03/24 13:16:31 - mmengine - INFO - Evaluating bbox...
2026/03/24 13:16:31 - mmengine - INFO - bbox_mAP_copypaste: 0.670 0.937 0.806 -1.000 0.378 0.694
2026/03/24 13:16:31 - mmengine - INFO - Epoch(val) [76][16/16]    coco/bbox_mAP: 0.6700  coco/bbox_mAP_50: 0.9370  coco/bbox_mAP_75: 0.8060  coco/bbox_mAP_s: -1.0000  coco/bbox_mAP_m: 0.3780  coco/bbox_mAP_l: 0.6940  data_time: 0.0172  time: 0.0479
2026/03/24 13:16:40 - mmengine - INFO - Exp name: detr_r50_solaqua_fish_80e_pretrained_20260324_130315
2026/03/24 13:16:40 - mmengine - INFO - Epoch(train) [77][16/16]  base_lr: 4.9079e-06 lr: 4.9079e-07  eta: 0:00:27  time: 0.5787  data_time: 0.0598  memory: 6311  grad_norm: 50.2113  loss: 2.0073  loss_cls: 0.0124  loss_bbox: 0.0744  loss_iou: 0.1800  d0.loss_cls: 0.0940  d0.loss_bbox: 0.1190  d0.loss_iou: 0.2734  d1.loss_cls: 0.0481  d1.loss_bbox: 0.0954  d1.loss_iou: 0.2248  d2.loss_cls: 0.0273  d2.loss_bbox: 0.0858  d2.loss_iou: 0.2051  d3.loss_cls: 0.0171  d3.loss_bbox: 0.0815  d3.loss_iou: 0.1955  d4.loss_cls: 0.0128  d4.loss_bbox: 0.0761  d4.loss_iou: 0.1845
2026/03/24 13:16:50 - mmengine - INFO - Exp name: detr_r50_solaqua_fish_80e_pretrained_20260324_130315
2026/03/24 13:16:50 - mmengine - INFO - Epoch(train) [78][16/16]  base_lr: 3.6053e-06 lr: 3.6053e-07  eta: 0:00:18  time: 0.5691  data_time: 0.0561  memory: 6311  grad_norm: 52.5752  loss: 2.0067  loss_cls: 0.0130  loss_bbox: 0.0744  loss_iou: 0.1795  d0.loss_cls: 0.0955  d0.loss_bbox: 0.1184  d0.loss_iou: 0.2732  d1.loss_cls: 0.0480  d1.loss_bbox: 0.0954  d1.loss_iou: 0.2245  d2.loss_cls: 0.0273  d2.loss_bbox: 0.0854  d2.loss_iou: 0.2045  d3.loss_cls: 0.0170  d3.loss_bbox: 0.0813  d3.loss_iou: 0.1955  d4.loss_cls: 0.0134  d4.loss_bbox: 0.0762  d4.loss_iou: 0.1843
2026/03/24 13:16:50 - mmengine - INFO - Evaluating bbox...
2026/03/24 13:16:51 - mmengine - INFO - bbox_mAP_copypaste: 0.670 0.937 0.805 -1.000 0.379 0.694
2026/03/24 13:16:51 - mmengine - INFO - Epoch(val) [78][16/16]    coco/bbox_mAP: 0.6700  coco/bbox_mAP_50: 0.9370  coco/bbox_mAP_75: 0.8050  coco/bbox_mAP_s: -1.0000  coco/bbox_mAP_m: 0.3790  coco/bbox_mAP_l: 0.6940  data_time: 0.0173  time: 0.0498
2026/03/24 13:17:01 - mmengine - INFO - Exp name: detr_r50_solaqua_fish_80e_pretrained_20260324_130315
2026/03/24 13:17:01 - mmengine - INFO - Epoch(train) [79][16/16]  base_lr: 2.3026e-06 lr: 2.3026e-07  eta: 0:00:09  time: 0.5710  data_time: 0.0592  memory: 6311  grad_norm: 50.6178  loss: 2.0105  loss_cls: 0.0130  loss_bbox: 0.0746  loss_iou: 0.1801  d0.loss_cls: 0.0959  d0.loss_bbox: 0.1178  d0.loss_iou: 0.2728  d1.loss_cls: 0.0479  d1.loss_bbox: 0.0956  d1.loss_iou: 0.2241  d2.loss_cls: 0.0273  d2.loss_bbox: 0.0857  d2.loss_iou: 0.2055  d3.loss_cls: 0.0171  d3.loss_bbox: 0.0816  d3.loss_iou: 0.1963  d4.loss_cls: 0.0134  d4.loss_bbox: 0.0767  d4.loss_iou: 0.1851
2026/03/24 13:17:10 - mmengine - INFO - Exp name: detr_r50_solaqua_fish_80e_pretrained_20260324_130315
2026/03/24 13:17:10 - mmengine - INFO - Epoch(train) [80][16/16]  base_lr: 1.0000e-06 lr: 1.0000e-07  eta: 0:00:00  time: 0.5721  data_time: 0.0588  memory: 6311  grad_norm: 48.7250  loss: 2.0125  loss_cls: 0.0133  loss_bbox: 0.0749  loss_iou: 0.1806  d0.loss_cls: 0.0959  d0.loss_bbox: 0.1166  d0.loss_iou: 0.2722  d1.loss_cls: 0.0484  d1.loss_bbox: 0.0954  d1.loss_iou: 0.2247  d2.loss_cls: 0.0268  d2.loss_bbox: 0.0858  d2.loss_iou: 0.2066  d3.loss_cls: 0.0172  d3.loss_bbox: 0.0814  d3.loss_iou: 0.1965  d4.loss_cls: 0.0136  d4.loss_bbox: 0.0770  d4.loss_iou: 0.1854
2026/03/24 13:17:10 - mmengine - INFO - Saving checkpoint at 80 epochs
2026/03/24 13:17:13 - mmengine - INFO - Evaluating bbox...
2026/03/24 13:17:14 - mmengine - INFO - bbox_mAP_copypaste: 0.670 0.937 0.801 -1.000 0.373 0.693
2026/03/24 13:17:14 - mmengine - INFO - Epoch(val) [80][16/16]    coco/bbox_mAP: 0.6700  coco/bbox_mAP_50: 0.9370  coco/bbox_mAP_75: 0.8010  coco/bbox_mAP_s: -1.0000  coco/bbox_mAP_m: 0.3730  coco/bbox_mAP_l: 0.6930  data_time: 0.0161  time: 0.0480
