2026/03/28 11:32:39 - mmengine - INFO - 
------------------------------------------------------------
System environment:
    sys.platform: linux
    Python: 3.11.10 (main, Sep  7 2024, 18:35:41) [GCC 11.4.0]
    CUDA available: True
    MUSA available: False
    numpy_random_seed: 0
    GPU 0: NVIDIA A100-SXM4-80GB
    CUDA_HOME: /usr/local/cuda
    NVCC: Cuda compilation tools, release 12.4, V12.4.131
    GCC: x86_64-linux-gnu-gcc (Ubuntu 11.4.0-1ubuntu1~22.04) 11.4.0
    PyTorch: 2.1.0+cu121
    PyTorch compiling details: PyTorch built with:
  - GCC 9.3
  - C++ Version: 201703
  - Intel(R) oneAPI Math Kernel Library Version 2022.2-Product Build 20220804 for Intel(R) 64 architecture applications
  - Intel(R) MKL-DNN v3.1.1 (Git Hash 64f6bcbcbab628e96f33a62c3e975f8535a7bde4)
  - OpenMP 201511 (a.k.a. OpenMP 4.5)
  - LAPACK is enabled (usually provided by MKL)
  - NNPACK is enabled
  - CPU capability usage: AVX2
  - CUDA Runtime 12.1
  - NVCC architecture flags: -gencode;arch=compute_50,code=sm_50;-gencode;arch=compute_60,code=sm_60;-gencode;arch=compute_70,code=sm_70;-gencode;arch=compute_75,code=sm_75;-gencode;arch=compute_80,code=sm_80;-gencode;arch=compute_86,code=sm_86;-gencode;arch=compute_90,code=sm_90
  - CuDNN 8.9.2
  - Magma 2.6.1
  - Build settings: BLAS_INFO=mkl, BUILD_TYPE=Release, CUDA_VERSION=12.1, CUDNN_VERSION=8.9.2, CXX_COMPILER=/opt/rh/devtoolset-9/root/usr/bin/c++, CXX_FLAGS= -D_GLIBCXX_USE_CXX11_ABI=0 -fabi-version=11 -fvisibility-inlines-hidden -DUSE_PTHREADPOOL -DNDEBUG -DUSE_KINETO -DLIBKINETO_NOROCTRACER -DUSE_FBGEMM -DUSE_QNNPACK -DUSE_PYTORCH_QNNPACK -DUSE_XNNPACK -DSYMBOLICATE_MOBILE_DEBUG_HANDLE -O2 -fPIC -Wall -Wextra -Werror=return-type -Werror=non-virtual-dtor -Werror=bool-operation -Wnarrowing -Wno-missing-field-initializers -Wno-type-limits -Wno-array-bounds -Wno-unknown-pragmas -Wno-unused-parameter -Wno-unused-function -Wno-unused-result -Wno-strict-overflow -Wno-strict-aliasing -Wno-stringop-overflow -Wno-psabi -Wno-error=pedantic -Wno-error=old-style-cast -Wno-invalid-partial-specialization -Wno-unused-private-field -Wno-aligned-allocation-unavailable -Wno-missing-braces -fdiagnostics-color=always -faligned-new -Wno-unused-but-set-variable -Wno-maybe-uninitialized -fno-math-errno -fno-trapping-math -Werror=format -Werror=cast-function-type -Wno-stringop-overflow, LAPACK_INFO=mkl, PERF_WITH_AVX=1, PERF_WITH_AVX2=1, PERF_WITH_AVX512=1, TORCH_DISABLE_GPU_ASSERTS=ON, TORCH_VERSION=2.1.0, USE_CUDA=ON, USE_CUDNN=ON, USE_EXCEPTION_PTR=1, USE_GFLAGS=OFF, USE_GLOG=OFF, USE_MKL=ON, USE_MKLDNN=ON, USE_MPI=OFF, USE_NCCL=1, USE_NNPACK=ON, USE_OPENMP=ON, USE_ROCM=OFF, 

    TorchVision: 0.16.0+cu121
    OpenCV: 4.11.0
    MMEngine: 0.10.7

Runtime environment:
    cudnn_benchmark: False
    mp_cfg: {'mp_start_method': 'fork', 'opencv_num_threads': 0}
    dist_cfg: {'backend': 'nccl'}
    seed: 0
    deterministic: False
    Distributed launcher: none
    Distributed training: False
    GPU number: 1
------------------------------------------------------------

2026/03/28 11:32:39 - mmengine - INFO - Config:
auto_scale_lr = dict(base_batch_size=16, enable=False)
backend_args = None
classes = (
    'fish',
    'net',
)
data_root = '../data-processing/sonar/net_fish_sonar/processed/split_yolo_fish_net/'
dataset_type = 'CocoDataset'
default_hooks = dict(
    checkpoint=dict(
        interval=-1,
        max_keep_ckpts=1,
        rule='greater',
        save_best='coco/bbox_mAP',
        save_last=True,
        type='CheckpointHook'),
    logger=dict(interval=50, type='LoggerHook'),
    param_scheduler=dict(type='ParamSchedulerHook'),
    sampler_seed=dict(type='DistSamplerSeedHook'),
    timer=dict(type='IterTimerHook'),
    visualization=dict(type='DetVisualizationHook'))
default_scope = 'mmdet'
env_cfg = dict(
    cudnn_benchmark=False,
    dist_cfg=dict(backend='nccl'),
    mp_cfg=dict(mp_start_method='fork', opencv_num_threads=0))
launcher = 'none'
load_from = 'https://download.openmmlab.com/mmdetection/v3.0/dino/dino-4scale_r50_8xb2-12e_coco/dino-4scale_r50_8xb2-12e_coco_20221202_182705-55b2bba2.pth'
log_level = 'INFO'
log_processor = dict(by_epoch=True, type='LogProcessor', window_size=50)
metainfo = dict(classes=(
    'fish',
    'net',
))
model = dict(
    as_two_stage=True,
    backbone=dict(
        depth=50,
        frozen_stages=1,
        init_cfg=dict(checkpoint='torchvision://resnet50', type='Pretrained'),
        norm_cfg=dict(requires_grad=False, type='BN'),
        norm_eval=True,
        num_stages=4,
        out_indices=(
            1,
            2,
            3,
        ),
        style='pytorch',
        type='ResNet'),
    bbox_head=dict(
        loss_bbox=dict(loss_weight=5.0, type='L1Loss'),
        loss_cls=dict(
            alpha=0.25,
            gamma=2.0,
            loss_weight=1.0,
            type='FocalLoss',
            use_sigmoid=True),
        loss_iou=dict(loss_weight=2.0, type='GIoULoss'),
        num_classes=2,
        sync_cls_avg_factor=True,
        type='DINOHead'),
    data_preprocessor=dict(
        bgr_to_rgb=True,
        mean=[
            123.675,
            116.28,
            103.53,
        ],
        pad_size_divisor=1,
        std=[
            58.395,
            57.12,
            57.375,
        ],
        type='DetDataPreprocessor'),
    decoder=dict(
        layer_cfg=dict(
            cross_attn_cfg=dict(dropout=0.0, embed_dims=256, num_levels=4),
            ffn_cfg=dict(
                embed_dims=256, feedforward_channels=2048, ffn_drop=0.0),
            self_attn_cfg=dict(dropout=0.0, embed_dims=256, num_heads=8)),
        num_layers=6,
        post_norm_cfg=None,
        return_intermediate=True),
    dn_cfg=dict(
        box_noise_scale=1.0,
        group_cfg=dict(dynamic=True, num_dn_queries=100, num_groups=None),
        label_noise_scale=0.5),
    encoder=dict(
        layer_cfg=dict(
            ffn_cfg=dict(
                embed_dims=256, feedforward_channels=2048, ffn_drop=0.0),
            self_attn_cfg=dict(dropout=0.0, embed_dims=256, num_levels=4)),
        num_layers=6),
    neck=dict(
        act_cfg=None,
        in_channels=[
            512,
            1024,
            2048,
        ],
        kernel_size=1,
        norm_cfg=dict(num_groups=32, type='GN'),
        num_outs=4,
        out_channels=256,
        type='ChannelMapper'),
    num_queries=900,
    positional_encoding=dict(
        normalize=True, num_feats=128, offset=0.0, temperature=20),
    test_cfg=dict(max_per_img=300),
    train_cfg=dict(
        assigner=dict(
            match_costs=[
                dict(type='FocalLossCost', weight=2.0),
                dict(box_format='xywh', type='BBoxL1Cost', weight=5.0),
                dict(iou_mode='giou', type='IoUCost', weight=2.0),
            ],
            type='HungarianAssigner')),
    type='DINO',
    with_box_refine=True)
num_classes = 2
optim_wrapper = dict(
    clip_grad=dict(max_norm=0.1, norm_type=2),
    optimizer=dict(lr=0.0001, type='AdamW', weight_decay=0.0001),
    paramwise_cfg=dict(custom_keys=dict(backbone=dict(lr_mult=0.1))),
    type='AmpOptimWrapper')
param_scheduler = [
    dict(
        begin=0,
        by_epoch=True,
        end=3,
        end_factor=1.0,
        start_factor=0.1,
        type='LinearLR'),
    dict(
        begin=3,
        by_epoch=True,
        end=80,
        end_factor=0.01,
        start_factor=1.0,
        type='LinearLR'),
]
randomness = dict(deterministic=False, seed=0)
resume = False
test_cfg = dict(type='TestLoop')
test_dataloader = dict(
    batch_size=1,
    dataset=dict(
        ann_file='annotations/test.json',
        backend_args=None,
        data_prefix=dict(img='images/test/'),
        data_root=
        '../data-processing/sonar/net_fish_sonar/processed/split_yolo_fish_net/',
        metainfo=dict(classes=(
            'fish',
            'net',
        )),
        pipeline=[
            dict(backend_args=None, type='LoadImageFromFile'),
            dict(keep_ratio=True, scale=(
                640,
                640,
            ), type='Resize'),
            dict(type='LoadAnnotations', with_bbox=True),
            dict(
                meta_keys=(
                    'img_id',
                    'img_path',
                    'ori_shape',
                    'img_shape',
                    'scale_factor',
                ),
                type='PackDetInputs'),
        ],
        test_mode=True,
        type='CocoDataset'),
    drop_last=False,
    num_workers=2,
    persistent_workers=True,
    sampler=dict(shuffle=False, type='DefaultSampler'))
test_evaluator = dict(
    ann_file=
    '../data-processing/sonar/net_fish_sonar/processed/split_yolo_fish_net/annotations/test.json',
    backend_args=None,
    format_only=False,
    metric='bbox',
    type='CocoMetric')
test_pipeline = [
    dict(backend_args=None, type='LoadImageFromFile'),
    dict(keep_ratio=True, scale=(
        640,
        640,
    ), type='Resize'),
    dict(type='LoadAnnotations', with_bbox=True),
    dict(
        meta_keys=(
            'img_id',
            'img_path',
            'ori_shape',
            'img_shape',
            'scale_factor',
        ),
        type='PackDetInputs'),
]
train_cfg = dict(max_epochs=80, type='EpochBasedTrainLoop', val_interval=2)
train_dataloader = dict(
    batch_sampler=dict(type='AspectRatioBatchSampler'),
    batch_size=32,
    dataset=dict(
        ann_file='annotations/train.json',
        backend_args=None,
        data_prefix=dict(img='images/train/'),
        data_root=
        '../data-processing/sonar/net_fish_sonar/processed/split_yolo_fish_net/',
        filter_cfg=dict(filter_empty_gt=False),
        metainfo=dict(classes=(
            'fish',
            'net',
        )),
        pipeline=[
            dict(backend_args=None, type='LoadImageFromFile'),
            dict(type='LoadAnnotations', with_bbox=True),
            dict(keep_ratio=True, scale=(
                640,
                640,
            ), type='Resize'),
            dict(prob=0.5, type='RandomFlip'),
            dict(type='PackDetInputs'),
        ],
        type='CocoDataset'),
    num_workers=8,
    persistent_workers=True,
    pin_memory=True,
    prefetch_factor=4,
    sampler=dict(shuffle=True, type='DefaultSampler'))
train_pipeline = [
    dict(backend_args=None, type='LoadImageFromFile'),
    dict(type='LoadAnnotations', with_bbox=True),
    dict(keep_ratio=True, scale=(
        640,
        640,
    ), type='Resize'),
    dict(prob=0.5, type='RandomFlip'),
    dict(type='PackDetInputs'),
]
val_cfg = dict(type='ValLoop')
val_dataloader = dict(
    batch_size=8,
    dataset=dict(
        ann_file='annotations/val.json',
        backend_args=None,
        data_prefix=dict(img='images/val/'),
        data_root=
        '../data-processing/sonar/net_fish_sonar/processed/split_yolo_fish_net/',
        metainfo=dict(classes=(
            'fish',
            'net',
        )),
        pipeline=[
            dict(backend_args=None, type='LoadImageFromFile'),
            dict(keep_ratio=True, scale=(
                640,
                640,
            ), type='Resize'),
            dict(type='LoadAnnotations', with_bbox=True),
            dict(
                meta_keys=(
                    'img_id',
                    'img_path',
                    'ori_shape',
                    'img_shape',
                    'scale_factor',
                ),
                type='PackDetInputs'),
        ],
        test_mode=True,
        type='CocoDataset'),
    drop_last=False,
    num_workers=4,
    persistent_workers=True,
    sampler=dict(shuffle=False, type='DefaultSampler'))
val_evaluator = dict(
    ann_file=
    '../data-processing/sonar/net_fish_sonar/processed/split_yolo_fish_net/annotations/val.json',
    backend_args=None,
    format_only=False,
    metric='bbox',
    type='CocoMetric')
vis_backends = [
    dict(type='LocalVisBackend'),
]
visualizer = dict(
    name='visualizer',
    type='DetLocalVisualizer',
    vis_backends=[
        dict(type='LocalVisBackend'),
    ])
work_dir = '../runs/mmdet/net_fish_sonar/dino_4scale_r50_net_fish_sonar_80e_pretrained'

2026/03/28 11:32:46 - mmengine - INFO - Distributed training is not used, all SyncBatchNorm (SyncBN) layers in the model will be automatically reverted to BatchNormXd layers if they are used.
2026/03/28 11:32:46 - mmengine - INFO - Hooks will be executed in the following order:
before_run:
(VERY_HIGH   ) RuntimeInfoHook                    
(BELOW_NORMAL) LoggerHook                         
 -------------------- 
before_train:
(VERY_HIGH   ) RuntimeInfoHook                    
(NORMAL      ) IterTimerHook                      
(VERY_LOW    ) CheckpointHook                     
 -------------------- 
before_train_epoch:
(VERY_HIGH   ) RuntimeInfoHook                    
(NORMAL      ) IterTimerHook                      
(NORMAL      ) DistSamplerSeedHook                
 -------------------- 
before_train_iter:
(VERY_HIGH   ) RuntimeInfoHook                    
(NORMAL      ) IterTimerHook                      
 -------------------- 
after_train_iter:
(VERY_HIGH   ) RuntimeInfoHook                    
(NORMAL      ) IterTimerHook                      
(BELOW_NORMAL) LoggerHook                         
(LOW         ) ParamSchedulerHook                 
(VERY_LOW    ) CheckpointHook                     
 -------------------- 
after_train_epoch:
(NORMAL      ) IterTimerHook                      
(LOW         ) ParamSchedulerHook                 
(VERY_LOW    ) CheckpointHook                     
 -------------------- 
before_val:
(VERY_HIGH   ) RuntimeInfoHook                    
 -------------------- 
before_val_epoch:
(NORMAL      ) IterTimerHook                      
 -------------------- 
before_val_iter:
(NORMAL      ) IterTimerHook                      
 -------------------- 
after_val_iter:
(NORMAL      ) IterTimerHook                      
(NORMAL      ) DetVisualizationHook               
(BELOW_NORMAL) LoggerHook                         
 -------------------- 
after_val_epoch:
(VERY_HIGH   ) RuntimeInfoHook                    
(NORMAL      ) IterTimerHook                      
(BELOW_NORMAL) LoggerHook                         
(LOW         ) ParamSchedulerHook                 
(VERY_LOW    ) CheckpointHook                     
 -------------------- 
after_val:
(VERY_HIGH   ) RuntimeInfoHook                    
 -------------------- 
after_train:
(VERY_HIGH   ) RuntimeInfoHook                    
(VERY_LOW    ) CheckpointHook                     
 -------------------- 
before_test:
(VERY_HIGH   ) RuntimeInfoHook                    
 -------------------- 
before_test_epoch:
(NORMAL      ) IterTimerHook                      
 -------------------- 
before_test_iter:
(NORMAL      ) IterTimerHook                      
 -------------------- 
after_test_iter:
(NORMAL      ) IterTimerHook                      
(NORMAL      ) DetVisualizationHook               
(BELOW_NORMAL) LoggerHook                         
 -------------------- 
after_test_epoch:
(VERY_HIGH   ) RuntimeInfoHook                    
(NORMAL      ) IterTimerHook                      
(BELOW_NORMAL) LoggerHook                         
 -------------------- 
after_test:
(VERY_HIGH   ) RuntimeInfoHook                    
 -------------------- 
after_run:
(BELOW_NORMAL) LoggerHook                         
 -------------------- 
2026/03/28 11:32:47 - mmengine - WARNING - backbone.conv1.weight is skipped since its requires_grad=False
2026/03/28 11:32:47 - mmengine - WARNING - backbone.bn1.weight is skipped since its requires_grad=False
2026/03/28 11:32:47 - mmengine - WARNING - backbone.bn1.bias is skipped since its requires_grad=False
2026/03/28 11:32:47 - mmengine - WARNING - backbone.layer1.0.conv1.weight is skipped since its requires_grad=False
2026/03/28 11:32:47 - mmengine - WARNING - backbone.layer1.0.bn1.weight is skipped since its requires_grad=False
2026/03/28 11:32:47 - mmengine - WARNING - backbone.layer1.0.bn1.bias is skipped since its requires_grad=False
2026/03/28 11:32:47 - mmengine - WARNING - backbone.layer1.0.conv2.weight is skipped since its requires_grad=False
2026/03/28 11:32:47 - mmengine - WARNING - backbone.layer1.0.bn2.weight is skipped since its requires_grad=False
2026/03/28 11:32:47 - mmengine - WARNING - backbone.layer1.0.bn2.bias is skipped since its requires_grad=False
2026/03/28 11:32:47 - mmengine - WARNING - backbone.layer1.0.conv3.weight is skipped since its requires_grad=False
2026/03/28 11:32:47 - mmengine - WARNING - backbone.layer1.0.bn3.weight is skipped since its requires_grad=False
2026/03/28 11:32:47 - mmengine - WARNING - backbone.layer1.0.bn3.bias is skipped since its requires_grad=False
2026/03/28 11:32:47 - mmengine - WARNING - backbone.layer1.0.downsample.0.weight is skipped since its requires_grad=False
2026/03/28 11:32:47 - mmengine - WARNING - backbone.layer1.0.downsample.1.weight is skipped since its requires_grad=False
2026/03/28 11:32:47 - mmengine - WARNING - backbone.layer1.0.downsample.1.bias is skipped since its requires_grad=False
2026/03/28 11:32:47 - mmengine - WARNING - backbone.layer1.1.conv1.weight is skipped since its requires_grad=False
2026/03/28 11:32:47 - mmengine - WARNING - backbone.layer1.1.bn1.weight is skipped since its requires_grad=False
2026/03/28 11:32:47 - mmengine - WARNING - backbone.layer1.1.bn1.bias is skipped since its requires_grad=False
2026/03/28 11:32:47 - mmengine - WARNING - backbone.layer1.1.conv2.weight is skipped since its requires_grad=False
2026/03/28 11:32:47 - mmengine - WARNING - backbone.layer1.1.bn2.weight is skipped since its requires_grad=False
2026/03/28 11:32:47 - mmengine - WARNING - backbone.layer1.1.bn2.bias is skipped since its requires_grad=False
2026/03/28 11:32:47 - mmengine - WARNING - backbone.layer1.1.conv3.weight is skipped since its requires_grad=False
2026/03/28 11:32:47 - mmengine - WARNING - backbone.layer1.1.bn3.weight is skipped since its requires_grad=False
2026/03/28 11:32:47 - mmengine - WARNING - backbone.layer1.1.bn3.bias is skipped since its requires_grad=False
2026/03/28 11:32:47 - mmengine - WARNING - backbone.layer1.2.conv1.weight is skipped since its requires_grad=False
2026/03/28 11:32:47 - mmengine - WARNING - backbone.layer1.2.bn1.weight is skipped since its requires_grad=False
2026/03/28 11:32:47 - mmengine - WARNING - backbone.layer1.2.bn1.bias is skipped since its requires_grad=False
2026/03/28 11:32:47 - mmengine - WARNING - backbone.layer1.2.conv2.weight is skipped since its requires_grad=False
2026/03/28 11:32:47 - mmengine - WARNING - backbone.layer1.2.bn2.weight is skipped since its requires_grad=False
2026/03/28 11:32:47 - mmengine - WARNING - backbone.layer1.2.bn2.bias is skipped since its requires_grad=False
2026/03/28 11:32:47 - mmengine - WARNING - backbone.layer1.2.conv3.weight is skipped since its requires_grad=False
2026/03/28 11:32:47 - mmengine - WARNING - backbone.layer1.2.bn3.weight is skipped since its requires_grad=False
2026/03/28 11:32:47 - mmengine - WARNING - backbone.layer1.2.bn3.bias is skipped since its requires_grad=False
2026/03/28 11:32:47 - mmengine - INFO - paramwise_options -- backbone.layer2.0.conv1.weight:lr=1e-05
2026/03/28 11:32:47 - mmengine - INFO - paramwise_options -- backbone.layer2.0.conv1.weight:weight_decay=0.0001
2026/03/28 11:32:47 - mmengine - INFO - paramwise_options -- backbone.layer2.0.conv1.weight:lr_mult=0.1
2026/03/28 11:32:47 - mmengine - WARNING - backbone.layer2.0.bn1.weight is skipped since its requires_grad=False
2026/03/28 11:32:47 - mmengine - WARNING - backbone.layer2.0.bn1.bias is skipped since its requires_grad=False
2026/03/28 11:32:47 - mmengine - INFO - paramwise_options -- backbone.layer2.0.conv2.weight:lr=1e-05
2026/03/28 11:32:47 - mmengine - INFO - paramwise_options -- backbone.layer2.0.conv2.weight:weight_decay=0.0001
2026/03/28 11:32:47 - mmengine - INFO - paramwise_options -- backbone.layer2.0.conv2.weight:lr_mult=0.1
2026/03/28 11:32:47 - mmengine - WARNING - backbone.layer2.0.bn2.weight is skipped since its requires_grad=False
2026/03/28 11:32:47 - mmengine - WARNING - backbone.layer2.0.bn2.bias is skipped since its requires_grad=False
2026/03/28 11:32:47 - mmengine - INFO - paramwise_options -- backbone.layer2.0.conv3.weight:lr=1e-05
2026/03/28 11:32:47 - mmengine - INFO - paramwise_options -- backbone.layer2.0.conv3.weight:weight_decay=0.0001
2026/03/28 11:32:47 - mmengine - INFO - paramwise_options -- backbone.layer2.0.conv3.weight:lr_mult=0.1
2026/03/28 11:32:47 - mmengine - WARNING - backbone.layer2.0.bn3.weight is skipped since its requires_grad=False
2026/03/28 11:32:47 - mmengine - WARNING - backbone.layer2.0.bn3.bias is skipped since its requires_grad=False
2026/03/28 11:32:47 - mmengine - INFO - paramwise_options -- backbone.layer2.0.downsample.0.weight:lr=1e-05
2026/03/28 11:32:47 - mmengine - INFO - paramwise_options -- backbone.layer2.0.downsample.0.weight:weight_decay=0.0001
2026/03/28 11:32:47 - mmengine - INFO - paramwise_options -- backbone.layer2.0.downsample.0.weight:lr_mult=0.1
2026/03/28 11:32:47 - mmengine - WARNING - backbone.layer2.0.downsample.1.weight is skipped since its requires_grad=False
2026/03/28 11:32:47 - mmengine - WARNING - backbone.layer2.0.downsample.1.bias is skipped since its requires_grad=False
2026/03/28 11:32:47 - mmengine - INFO - paramwise_options -- backbone.layer2.1.conv1.weight:lr=1e-05
2026/03/28 11:32:47 - mmengine - INFO - paramwise_options -- backbone.layer2.1.conv1.weight:weight_decay=0.0001
2026/03/28 11:32:47 - mmengine - INFO - paramwise_options -- backbone.layer2.1.conv1.weight:lr_mult=0.1
2026/03/28 11:32:47 - mmengine - WARNING - backbone.layer2.1.bn1.weight is skipped since its requires_grad=False
2026/03/28 11:32:47 - mmengine - WARNING - backbone.layer2.1.bn1.bias is skipped since its requires_grad=False
2026/03/28 11:32:47 - mmengine - INFO - paramwise_options -- backbone.layer2.1.conv2.weight:lr=1e-05
2026/03/28 11:32:47 - mmengine - INFO - paramwise_options -- backbone.layer2.1.conv2.weight:weight_decay=0.0001
2026/03/28 11:32:47 - mmengine - INFO - paramwise_options -- backbone.layer2.1.conv2.weight:lr_mult=0.1
2026/03/28 11:32:47 - mmengine - WARNING - backbone.layer2.1.bn2.weight is skipped since its requires_grad=False
2026/03/28 11:32:47 - mmengine - WARNING - backbone.layer2.1.bn2.bias is skipped since its requires_grad=False
2026/03/28 11:32:47 - mmengine - INFO - paramwise_options -- backbone.layer2.1.conv3.weight:lr=1e-05
2026/03/28 11:32:47 - mmengine - INFO - paramwise_options -- backbone.layer2.1.conv3.weight:weight_decay=0.0001
2026/03/28 11:32:47 - mmengine - INFO - paramwise_options -- backbone.layer2.1.conv3.weight:lr_mult=0.1
2026/03/28 11:32:47 - mmengine - WARNING - backbone.layer2.1.bn3.weight is skipped since its requires_grad=False
2026/03/28 11:32:47 - mmengine - WARNING - backbone.layer2.1.bn3.bias is skipped since its requires_grad=False
2026/03/28 11:32:47 - mmengine - INFO - paramwise_options -- backbone.layer2.2.conv1.weight:lr=1e-05
2026/03/28 11:32:47 - mmengine - INFO - paramwise_options -- backbone.layer2.2.conv1.weight:weight_decay=0.0001
2026/03/28 11:32:47 - mmengine - INFO - paramwise_options -- backbone.layer2.2.conv1.weight:lr_mult=0.1
2026/03/28 11:32:47 - mmengine - WARNING - backbone.layer2.2.bn1.weight is skipped since its requires_grad=False
2026/03/28 11:32:47 - mmengine - WARNING - backbone.layer2.2.bn1.bias is skipped since its requires_grad=False
2026/03/28 11:32:47 - mmengine - INFO - paramwise_options -- backbone.layer2.2.conv2.weight:lr=1e-05
2026/03/28 11:32:47 - mmengine - INFO - paramwise_options -- backbone.layer2.2.conv2.weight:weight_decay=0.0001
2026/03/28 11:32:47 - mmengine - INFO - paramwise_options -- backbone.layer2.2.conv2.weight:lr_mult=0.1
2026/03/28 11:32:47 - mmengine - WARNING - backbone.layer2.2.bn2.weight is skipped since its requires_grad=False
2026/03/28 11:32:47 - mmengine - WARNING - backbone.layer2.2.bn2.bias is skipped since its requires_grad=False
2026/03/28 11:32:47 - mmengine - INFO - paramwise_options -- backbone.layer2.2.conv3.weight:lr=1e-05
2026/03/28 11:32:47 - mmengine - INFO - paramwise_options -- backbone.layer2.2.conv3.weight:weight_decay=0.0001
2026/03/28 11:32:47 - mmengine - INFO - paramwise_options -- backbone.layer2.2.conv3.weight:lr_mult=0.1
2026/03/28 11:32:47 - mmengine - WARNING - backbone.layer2.2.bn3.weight is skipped since its requires_grad=False
2026/03/28 11:32:47 - mmengine - WARNING - backbone.layer2.2.bn3.bias is skipped since its requires_grad=False
2026/03/28 11:32:47 - mmengine - INFO - paramwise_options -- backbone.layer2.3.conv1.weight:lr=1e-05
2026/03/28 11:32:47 - mmengine - INFO - paramwise_options -- backbone.layer2.3.conv1.weight:weight_decay=0.0001
2026/03/28 11:32:47 - mmengine - INFO - paramwise_options -- backbone.layer2.3.conv1.weight:lr_mult=0.1
2026/03/28 11:32:47 - mmengine - WARNING - backbone.layer2.3.bn1.weight is skipped since its requires_grad=False
2026/03/28 11:32:47 - mmengine - WARNING - backbone.layer2.3.bn1.bias is skipped since its requires_grad=False
2026/03/28 11:32:47 - mmengine - INFO - paramwise_options -- backbone.layer2.3.conv2.weight:lr=1e-05
2026/03/28 11:32:47 - mmengine - INFO - paramwise_options -- backbone.layer2.3.conv2.weight:weight_decay=0.0001
2026/03/28 11:32:47 - mmengine - INFO - paramwise_options -- backbone.layer2.3.conv2.weight:lr_mult=0.1
2026/03/28 11:32:47 - mmengine - WARNING - backbone.layer2.3.bn2.weight is skipped since its requires_grad=False
2026/03/28 11:32:47 - mmengine - WARNING - backbone.layer2.3.bn2.bias is skipped since its requires_grad=False
2026/03/28 11:32:47 - mmengine - INFO - paramwise_options -- backbone.layer2.3.conv3.weight:lr=1e-05
2026/03/28 11:32:47 - mmengine - INFO - paramwise_options -- backbone.layer2.3.conv3.weight:weight_decay=0.0001
2026/03/28 11:32:47 - mmengine - INFO - paramwise_options -- backbone.layer2.3.conv3.weight:lr_mult=0.1
2026/03/28 11:32:47 - mmengine - WARNING - backbone.layer2.3.bn3.weight is skipped since its requires_grad=False
2026/03/28 11:32:47 - mmengine - WARNING - backbone.layer2.3.bn3.bias is skipped since its requires_grad=False
2026/03/28 11:32:47 - mmengine - INFO - paramwise_options -- backbone.layer3.0.conv1.weight:lr=1e-05
2026/03/28 11:32:47 - mmengine - INFO - paramwise_options -- backbone.layer3.0.conv1.weight:weight_decay=0.0001
2026/03/28 11:32:47 - mmengine - INFO - paramwise_options -- backbone.layer3.0.conv1.weight:lr_mult=0.1
2026/03/28 11:32:47 - mmengine - WARNING - backbone.layer3.0.bn1.weight is skipped since its requires_grad=False
2026/03/28 11:32:47 - mmengine - WARNING - backbone.layer3.0.bn1.bias is skipped since its requires_grad=False
2026/03/28 11:32:47 - mmengine - INFO - paramwise_options -- backbone.layer3.0.conv2.weight:lr=1e-05
2026/03/28 11:32:47 - mmengine - INFO - paramwise_options -- backbone.layer3.0.conv2.weight:weight_decay=0.0001
2026/03/28 11:32:47 - mmengine - INFO - paramwise_options -- backbone.layer3.0.conv2.weight:lr_mult=0.1
2026/03/28 11:32:47 - mmengine - WARNING - backbone.layer3.0.bn2.weight is skipped since its requires_grad=False
2026/03/28 11:32:47 - mmengine - WARNING - backbone.layer3.0.bn2.bias is skipped since its requires_grad=False
2026/03/28 11:32:47 - mmengine - INFO - paramwise_options -- backbone.layer3.0.conv3.weight:lr=1e-05
2026/03/28 11:32:47 - mmengine - INFO - paramwise_options -- backbone.layer3.0.conv3.weight:weight_decay=0.0001
2026/03/28 11:32:47 - mmengine - INFO - paramwise_options -- backbone.layer3.0.conv3.weight:lr_mult=0.1
2026/03/28 11:32:47 - mmengine - WARNING - backbone.layer3.0.bn3.weight is skipped since its requires_grad=False
2026/03/28 11:32:47 - mmengine - WARNING - backbone.layer3.0.bn3.bias is skipped since its requires_grad=False
2026/03/28 11:32:47 - mmengine - INFO - paramwise_options -- backbone.layer3.0.downsample.0.weight:lr=1e-05
2026/03/28 11:32:47 - mmengine - INFO - paramwise_options -- backbone.layer3.0.downsample.0.weight:weight_decay=0.0001
2026/03/28 11:32:47 - mmengine - INFO - paramwise_options -- backbone.layer3.0.downsample.0.weight:lr_mult=0.1
2026/03/28 11:32:47 - mmengine - WARNING - backbone.layer3.0.downsample.1.weight is skipped since its requires_grad=False
2026/03/28 11:32:47 - mmengine - WARNING - backbone.layer3.0.downsample.1.bias is skipped since its requires_grad=False
2026/03/28 11:32:47 - mmengine - INFO - paramwise_options -- backbone.layer3.1.conv1.weight:lr=1e-05
2026/03/28 11:32:47 - mmengine - INFO - paramwise_options -- backbone.layer3.1.conv1.weight:weight_decay=0.0001
2026/03/28 11:32:47 - mmengine - INFO - paramwise_options -- backbone.layer3.1.conv1.weight:lr_mult=0.1
2026/03/28 11:32:47 - mmengine - WARNING - backbone.layer3.1.bn1.weight is skipped since its requires_grad=False
2026/03/28 11:32:47 - mmengine - WARNING - backbone.layer3.1.bn1.bias is skipped since its requires_grad=False
2026/03/28 11:32:47 - mmengine - INFO - paramwise_options -- backbone.layer3.1.conv2.weight:lr=1e-05
2026/03/28 11:32:47 - mmengine - INFO - paramwise_options -- backbone.layer3.1.conv2.weight:weight_decay=0.0001
2026/03/28 11:32:47 - mmengine - INFO - paramwise_options -- backbone.layer3.1.conv2.weight:lr_mult=0.1
2026/03/28 11:32:47 - mmengine - WARNING - backbone.layer3.1.bn2.weight is skipped since its requires_grad=False
2026/03/28 11:32:47 - mmengine - WARNING - backbone.layer3.1.bn2.bias is skipped since its requires_grad=False
2026/03/28 11:32:47 - mmengine - INFO - paramwise_options -- backbone.layer3.1.conv3.weight:lr=1e-05
2026/03/28 11:32:47 - mmengine - INFO - paramwise_options -- backbone.layer3.1.conv3.weight:weight_decay=0.0001
2026/03/28 11:32:47 - mmengine - INFO - paramwise_options -- backbone.layer3.1.conv3.weight:lr_mult=0.1
2026/03/28 11:32:47 - mmengine - WARNING - backbone.layer3.1.bn3.weight is skipped since its requires_grad=False
2026/03/28 11:32:47 - mmengine - WARNING - backbone.layer3.1.bn3.bias is skipped since its requires_grad=False
2026/03/28 11:32:47 - mmengine - INFO - paramwise_options -- backbone.layer3.2.conv1.weight:lr=1e-05
2026/03/28 11:32:47 - mmengine - INFO - paramwise_options -- backbone.layer3.2.conv1.weight:weight_decay=0.0001
2026/03/28 11:32:47 - mmengine - INFO - paramwise_options -- backbone.layer3.2.conv1.weight:lr_mult=0.1
2026/03/28 11:32:47 - mmengine - WARNING - backbone.layer3.2.bn1.weight is skipped since its requires_grad=False
2026/03/28 11:32:47 - mmengine - WARNING - backbone.layer3.2.bn1.bias is skipped since its requires_grad=False
2026/03/28 11:32:47 - mmengine - INFO - paramwise_options -- backbone.layer3.2.conv2.weight:lr=1e-05
2026/03/28 11:32:47 - mmengine - INFO - paramwise_options -- backbone.layer3.2.conv2.weight:weight_decay=0.0001
2026/03/28 11:32:47 - mmengine - INFO - paramwise_options -- backbone.layer3.2.conv2.weight:lr_mult=0.1
2026/03/28 11:32:47 - mmengine - WARNING - backbone.layer3.2.bn2.weight is skipped since its requires_grad=False
2026/03/28 11:32:47 - mmengine - WARNING - backbone.layer3.2.bn2.bias is skipped since its requires_grad=False
2026/03/28 11:32:47 - mmengine - INFO - paramwise_options -- backbone.layer3.2.conv3.weight:lr=1e-05
2026/03/28 11:32:47 - mmengine - INFO - paramwise_options -- backbone.layer3.2.conv3.weight:weight_decay=0.0001
2026/03/28 11:32:47 - mmengine - INFO - paramwise_options -- backbone.layer3.2.conv3.weight:lr_mult=0.1
2026/03/28 11:32:47 - mmengine - WARNING - backbone.layer3.2.bn3.weight is skipped since its requires_grad=False
2026/03/28 11:32:47 - mmengine - WARNING - backbone.layer3.2.bn3.bias is skipped since its requires_grad=False
2026/03/28 11:32:47 - mmengine - INFO - paramwise_options -- backbone.layer3.3.conv1.weight:lr=1e-05
2026/03/28 11:32:47 - mmengine - INFO - paramwise_options -- backbone.layer3.3.conv1.weight:weight_decay=0.0001
2026/03/28 11:32:47 - mmengine - INFO - paramwise_options -- backbone.layer3.3.conv1.weight:lr_mult=0.1
2026/03/28 11:32:47 - mmengine - WARNING - backbone.layer3.3.bn1.weight is skipped since its requires_grad=False
2026/03/28 11:32:47 - mmengine - WARNING - backbone.layer3.3.bn1.bias is skipped since its requires_grad=False
2026/03/28 11:32:47 - mmengine - INFO - paramwise_options -- backbone.layer3.3.conv2.weight:lr=1e-05
2026/03/28 11:32:47 - mmengine - INFO - paramwise_options -- backbone.layer3.3.conv2.weight:weight_decay=0.0001
2026/03/28 11:32:47 - mmengine - INFO - paramwise_options -- backbone.layer3.3.conv2.weight:lr_mult=0.1
2026/03/28 11:32:47 - mmengine - WARNING - backbone.layer3.3.bn2.weight is skipped since its requires_grad=False
2026/03/28 11:32:47 - mmengine - WARNING - backbone.layer3.3.bn2.bias is skipped since its requires_grad=False
2026/03/28 11:32:47 - mmengine - INFO - paramwise_options -- backbone.layer3.3.conv3.weight:lr=1e-05
2026/03/28 11:32:47 - mmengine - INFO - paramwise_options -- backbone.layer3.3.conv3.weight:weight_decay=0.0001
2026/03/28 11:32:47 - mmengine - INFO - paramwise_options -- backbone.layer3.3.conv3.weight:lr_mult=0.1
2026/03/28 11:32:47 - mmengine - WARNING - backbone.layer3.3.bn3.weight is skipped since its requires_grad=False
2026/03/28 11:32:47 - mmengine - WARNING - backbone.layer3.3.bn3.bias is skipped since its requires_grad=False
2026/03/28 11:32:47 - mmengine - INFO - paramwise_options -- backbone.layer3.4.conv1.weight:lr=1e-05
2026/03/28 11:32:47 - mmengine - INFO - paramwise_options -- backbone.layer3.4.conv1.weight:weight_decay=0.0001
2026/03/28 11:32:47 - mmengine - INFO - paramwise_options -- backbone.layer3.4.conv1.weight:lr_mult=0.1
2026/03/28 11:32:47 - mmengine - WARNING - backbone.layer3.4.bn1.weight is skipped since its requires_grad=False
2026/03/28 11:32:47 - mmengine - WARNING - backbone.layer3.4.bn1.bias is skipped since its requires_grad=False
2026/03/28 11:32:47 - mmengine - INFO - paramwise_options -- backbone.layer3.4.conv2.weight:lr=1e-05
2026/03/28 11:32:47 - mmengine - INFO - paramwise_options -- backbone.layer3.4.conv2.weight:weight_decay=0.0001
2026/03/28 11:32:47 - mmengine - INFO - paramwise_options -- backbone.layer3.4.conv2.weight:lr_mult=0.1
2026/03/28 11:32:47 - mmengine - WARNING - backbone.layer3.4.bn2.weight is skipped since its requires_grad=False
2026/03/28 11:32:47 - mmengine - WARNING - backbone.layer3.4.bn2.bias is skipped since its requires_grad=False
2026/03/28 11:32:47 - mmengine - INFO - paramwise_options -- backbone.layer3.4.conv3.weight:lr=1e-05
2026/03/28 11:32:47 - mmengine - INFO - paramwise_options -- backbone.layer3.4.conv3.weight:weight_decay=0.0001
2026/03/28 11:32:47 - mmengine - INFO - paramwise_options -- backbone.layer3.4.conv3.weight:lr_mult=0.1
2026/03/28 11:32:47 - mmengine - WARNING - backbone.layer3.4.bn3.weight is skipped since its requires_grad=False
2026/03/28 11:32:47 - mmengine - WARNING - backbone.layer3.4.bn3.bias is skipped since its requires_grad=False
2026/03/28 11:32:47 - mmengine - INFO - paramwise_options -- backbone.layer3.5.conv1.weight:lr=1e-05
2026/03/28 11:32:47 - mmengine - INFO - paramwise_options -- backbone.layer3.5.conv1.weight:weight_decay=0.0001
2026/03/28 11:32:47 - mmengine - INFO - paramwise_options -- backbone.layer3.5.conv1.weight:lr_mult=0.1
2026/03/28 11:32:47 - mmengine - WARNING - backbone.layer3.5.bn1.weight is skipped since its requires_grad=False
2026/03/28 11:32:47 - mmengine - WARNING - backbone.layer3.5.bn1.bias is skipped since its requires_grad=False
2026/03/28 11:32:47 - mmengine - INFO - paramwise_options -- backbone.layer3.5.conv2.weight:lr=1e-05
2026/03/28 11:32:47 - mmengine - INFO - paramwise_options -- backbone.layer3.5.conv2.weight:weight_decay=0.0001
2026/03/28 11:32:47 - mmengine - INFO - paramwise_options -- backbone.layer3.5.conv2.weight:lr_mult=0.1
2026/03/28 11:32:47 - mmengine - WARNING - backbone.layer3.5.bn2.weight is skipped since its requires_grad=False
2026/03/28 11:32:47 - mmengine - WARNING - backbone.layer3.5.bn2.bias is skipped since its requires_grad=False
2026/03/28 11:32:47 - mmengine - INFO - paramwise_options -- backbone.layer3.5.conv3.weight:lr=1e-05
2026/03/28 11:32:47 - mmengine - INFO - paramwise_options -- backbone.layer3.5.conv3.weight:weight_decay=0.0001
2026/03/28 11:32:47 - mmengine - INFO - paramwise_options -- backbone.layer3.5.conv3.weight:lr_mult=0.1
2026/03/28 11:32:47 - mmengine - WARNING - backbone.layer3.5.bn3.weight is skipped since its requires_grad=False
2026/03/28 11:32:47 - mmengine - WARNING - backbone.layer3.5.bn3.bias is skipped since its requires_grad=False
2026/03/28 11:32:47 - mmengine - INFO - paramwise_options -- backbone.layer4.0.conv1.weight:lr=1e-05
2026/03/28 11:32:47 - mmengine - INFO - paramwise_options -- backbone.layer4.0.conv1.weight:weight_decay=0.0001
2026/03/28 11:32:47 - mmengine - INFO - paramwise_options -- backbone.layer4.0.conv1.weight:lr_mult=0.1
2026/03/28 11:32:47 - mmengine - WARNING - backbone.layer4.0.bn1.weight is skipped since its requires_grad=False
2026/03/28 11:32:47 - mmengine - WARNING - backbone.layer4.0.bn1.bias is skipped since its requires_grad=False
2026/03/28 11:32:47 - mmengine - INFO - paramwise_options -- backbone.layer4.0.conv2.weight:lr=1e-05
2026/03/28 11:32:47 - mmengine - INFO - paramwise_options -- backbone.layer4.0.conv2.weight:weight_decay=0.0001
2026/03/28 11:32:47 - mmengine - INFO - paramwise_options -- backbone.layer4.0.conv2.weight:lr_mult=0.1
2026/03/28 11:32:47 - mmengine - WARNING - backbone.layer4.0.bn2.weight is skipped since its requires_grad=False
2026/03/28 11:32:47 - mmengine - WARNING - backbone.layer4.0.bn2.bias is skipped since its requires_grad=False
2026/03/28 11:32:47 - mmengine - INFO - paramwise_options -- backbone.layer4.0.conv3.weight:lr=1e-05
2026/03/28 11:32:47 - mmengine - INFO - paramwise_options -- backbone.layer4.0.conv3.weight:weight_decay=0.0001
2026/03/28 11:32:47 - mmengine - INFO - paramwise_options -- backbone.layer4.0.conv3.weight:lr_mult=0.1
2026/03/28 11:32:47 - mmengine - WARNING - backbone.layer4.0.bn3.weight is skipped since its requires_grad=False
2026/03/28 11:32:47 - mmengine - WARNING - backbone.layer4.0.bn3.bias is skipped since its requires_grad=False
2026/03/28 11:32:47 - mmengine - INFO - paramwise_options -- backbone.layer4.0.downsample.0.weight:lr=1e-05
2026/03/28 11:32:47 - mmengine - INFO - paramwise_options -- backbone.layer4.0.downsample.0.weight:weight_decay=0.0001
2026/03/28 11:32:47 - mmengine - INFO - paramwise_options -- backbone.layer4.0.downsample.0.weight:lr_mult=0.1
2026/03/28 11:32:47 - mmengine - WARNING - backbone.layer4.0.downsample.1.weight is skipped since its requires_grad=False
2026/03/28 11:32:47 - mmengine - WARNING - backbone.layer4.0.downsample.1.bias is skipped since its requires_grad=False
2026/03/28 11:32:47 - mmengine - INFO - paramwise_options -- backbone.layer4.1.conv1.weight:lr=1e-05
2026/03/28 11:32:47 - mmengine - INFO - paramwise_options -- backbone.layer4.1.conv1.weight:weight_decay=0.0001
2026/03/28 11:32:47 - mmengine - INFO - paramwise_options -- backbone.layer4.1.conv1.weight:lr_mult=0.1
2026/03/28 11:32:47 - mmengine - WARNING - backbone.layer4.1.bn1.weight is skipped since its requires_grad=False
2026/03/28 11:32:47 - mmengine - WARNING - backbone.layer4.1.bn1.bias is skipped since its requires_grad=False
2026/03/28 11:32:47 - mmengine - INFO - paramwise_options -- backbone.layer4.1.conv2.weight:lr=1e-05
2026/03/28 11:32:47 - mmengine - INFO - paramwise_options -- backbone.layer4.1.conv2.weight:weight_decay=0.0001
2026/03/28 11:32:47 - mmengine - INFO - paramwise_options -- backbone.layer4.1.conv2.weight:lr_mult=0.1
2026/03/28 11:32:47 - mmengine - WARNING - backbone.layer4.1.bn2.weight is skipped since its requires_grad=False
2026/03/28 11:32:47 - mmengine - WARNING - backbone.layer4.1.bn2.bias is skipped since its requires_grad=False
2026/03/28 11:32:47 - mmengine - INFO - paramwise_options -- backbone.layer4.1.conv3.weight:lr=1e-05
2026/03/28 11:32:47 - mmengine - INFO - paramwise_options -- backbone.layer4.1.conv3.weight:weight_decay=0.0001
2026/03/28 11:32:47 - mmengine - INFO - paramwise_options -- backbone.layer4.1.conv3.weight:lr_mult=0.1
2026/03/28 11:32:47 - mmengine - WARNING - backbone.layer4.1.bn3.weight is skipped since its requires_grad=False
2026/03/28 11:32:47 - mmengine - WARNING - backbone.layer4.1.bn3.bias is skipped since its requires_grad=False
2026/03/28 11:32:47 - mmengine - INFO - paramwise_options -- backbone.layer4.2.conv1.weight:lr=1e-05
2026/03/28 11:32:47 - mmengine - INFO - paramwise_options -- backbone.layer4.2.conv1.weight:weight_decay=0.0001
2026/03/28 11:32:47 - mmengine - INFO - paramwise_options -- backbone.layer4.2.conv1.weight:lr_mult=0.1
2026/03/28 11:32:47 - mmengine - WARNING - backbone.layer4.2.bn1.weight is skipped since its requires_grad=False
2026/03/28 11:32:47 - mmengine - WARNING - backbone.layer4.2.bn1.bias is skipped since its requires_grad=False
2026/03/28 11:32:47 - mmengine - INFO - paramwise_options -- backbone.layer4.2.conv2.weight:lr=1e-05
2026/03/28 11:32:47 - mmengine - INFO - paramwise_options -- backbone.layer4.2.conv2.weight:weight_decay=0.0001
2026/03/28 11:32:47 - mmengine - INFO - paramwise_options -- backbone.layer4.2.conv2.weight:lr_mult=0.1
2026/03/28 11:32:47 - mmengine - WARNING - backbone.layer4.2.bn2.weight is skipped since its requires_grad=False
2026/03/28 11:32:47 - mmengine - WARNING - backbone.layer4.2.bn2.bias is skipped since its requires_grad=False
2026/03/28 11:32:47 - mmengine - INFO - paramwise_options -- backbone.layer4.2.conv3.weight:lr=1e-05
2026/03/28 11:32:47 - mmengine - INFO - paramwise_options -- backbone.layer4.2.conv3.weight:weight_decay=0.0001
2026/03/28 11:32:47 - mmengine - INFO - paramwise_options -- backbone.layer4.2.conv3.weight:lr_mult=0.1
2026/03/28 11:32:47 - mmengine - WARNING - backbone.layer4.2.bn3.weight is skipped since its requires_grad=False
2026/03/28 11:32:47 - mmengine - WARNING - backbone.layer4.2.bn3.bias is skipped since its requires_grad=False
2026/03/28 11:32:48 - mmengine - INFO - load model from: torchvision://resnet50
2026/03/28 11:32:48 - mmengine - INFO - Loads checkpoint by torchvision backend from path: torchvision://resnet50
2026/03/28 11:32:48 - mmengine - WARNING - The model and loaded state dict do not match exactly

unexpected key in source state_dict: fc.weight, fc.bias

Name of parameter - Initialization information

level_embed - torch.Size([4, 256]): 
The value is the same before and after calling `init_weights` of DINO  

backbone.conv1.weight - torch.Size([64, 3, 7, 7]): 
PretrainedInit: load from torchvision://resnet50 

backbone.bn1.weight - torch.Size([64]): 
PretrainedInit: load from torchvision://resnet50 

backbone.bn1.bias - torch.Size([64]): 
PretrainedInit: load from torchvision://resnet50 

backbone.layer1.0.conv1.weight - torch.Size([64, 64, 1, 1]): 
PretrainedInit: load from torchvision://resnet50 

backbone.layer1.0.bn1.weight - torch.Size([64]): 
PretrainedInit: load from torchvision://resnet50 

backbone.layer1.0.bn1.bias - torch.Size([64]): 
PretrainedInit: load from torchvision://resnet50 

backbone.layer1.0.conv2.weight - torch.Size([64, 64, 3, 3]): 
PretrainedInit: load from torchvision://resnet50 

backbone.layer1.0.bn2.weight - torch.Size([64]): 
PretrainedInit: load from torchvision://resnet50 

backbone.layer1.0.bn2.bias - torch.Size([64]): 
PretrainedInit: load from torchvision://resnet50 

backbone.layer1.0.conv3.weight - torch.Size([256, 64, 1, 1]): 
PretrainedInit: load from torchvision://resnet50 

backbone.layer1.0.bn3.weight - torch.Size([256]): 
PretrainedInit: load from torchvision://resnet50 

backbone.layer1.0.bn3.bias - torch.Size([256]): 
PretrainedInit: load from torchvision://resnet50 

backbone.layer1.0.downsample.0.weight - torch.Size([256, 64, 1, 1]): 
PretrainedInit: load from torchvision://resnet50 

backbone.layer1.0.downsample.1.weight - torch.Size([256]): 
PretrainedInit: load from torchvision://resnet50 

backbone.layer1.0.downsample.1.bias - torch.Size([256]): 
PretrainedInit: load from torchvision://resnet50 

backbone.layer1.1.conv1.weight - torch.Size([64, 256, 1, 1]): 
PretrainedInit: load from torchvision://resnet50 

backbone.layer1.1.bn1.weight - torch.Size([64]): 
PretrainedInit: load from torchvision://resnet50 

backbone.layer1.1.bn1.bias - torch.Size([64]): 
PretrainedInit: load from torchvision://resnet50 

backbone.layer1.1.conv2.weight - torch.Size([64, 64, 3, 3]): 
PretrainedInit: load from torchvision://resnet50 

backbone.layer1.1.bn2.weight - torch.Size([64]): 
PretrainedInit: load from torchvision://resnet50 

backbone.layer1.1.bn2.bias - torch.Size([64]): 
PretrainedInit: load from torchvision://resnet50 

backbone.layer1.1.conv3.weight - torch.Size([256, 64, 1, 1]): 
PretrainedInit: load from torchvision://resnet50 

backbone.layer1.1.bn3.weight - torch.Size([256]): 
PretrainedInit: load from torchvision://resnet50 

backbone.layer1.1.bn3.bias - torch.Size([256]): 
PretrainedInit: load from torchvision://resnet50 

backbone.layer1.2.conv1.weight - torch.Size([64, 256, 1, 1]): 
PretrainedInit: load from torchvision://resnet50 

backbone.layer1.2.bn1.weight - torch.Size([64]): 
PretrainedInit: load from torchvision://resnet50 

backbone.layer1.2.bn1.bias - torch.Size([64]): 
PretrainedInit: load from torchvision://resnet50 

backbone.layer1.2.conv2.weight - torch.Size([64, 64, 3, 3]): 
PretrainedInit: load from torchvision://resnet50 

backbone.layer1.2.bn2.weight - torch.Size([64]): 
PretrainedInit: load from torchvision://resnet50 

backbone.layer1.2.bn2.bias - torch.Size([64]): 
PretrainedInit: load from torchvision://resnet50 

backbone.layer1.2.conv3.weight - torch.Size([256, 64, 1, 1]): 
PretrainedInit: load from torchvision://resnet50 

backbone.layer1.2.bn3.weight - torch.Size([256]): 
PretrainedInit: load from torchvision://resnet50 

backbone.layer1.2.bn3.bias - torch.Size([256]): 
PretrainedInit: load from torchvision://resnet50 

backbone.layer2.0.conv1.weight - torch.Size([128, 256, 1, 1]): 
PretrainedInit: load from torchvision://resnet50 

backbone.layer2.0.bn1.weight - torch.Size([128]): 
PretrainedInit: load from torchvision://resnet50 

backbone.layer2.0.bn1.bias - torch.Size([128]): 
PretrainedInit: load from torchvision://resnet50 

backbone.layer2.0.conv2.weight - torch.Size([128, 128, 3, 3]): 
PretrainedInit: load from torchvision://resnet50 

backbone.layer2.0.bn2.weight - torch.Size([128]): 
PretrainedInit: load from torchvision://resnet50 

backbone.layer2.0.bn2.bias - torch.Size([128]): 
PretrainedInit: load from torchvision://resnet50 

backbone.layer2.0.conv3.weight - torch.Size([512, 128, 1, 1]): 
PretrainedInit: load from torchvision://resnet50 

backbone.layer2.0.bn3.weight - torch.Size([512]): 
PretrainedInit: load from torchvision://resnet50 

backbone.layer2.0.bn3.bias - torch.Size([512]): 
PretrainedInit: load from torchvision://resnet50 

backbone.layer2.0.downsample.0.weight - torch.Size([512, 256, 1, 1]): 
PretrainedInit: load from torchvision://resnet50 

backbone.layer2.0.downsample.1.weight - torch.Size([512]): 
PretrainedInit: load from torchvision://resnet50 

backbone.layer2.0.downsample.1.bias - torch.Size([512]): 
PretrainedInit: load from torchvision://resnet50 

backbone.layer2.1.conv1.weight - torch.Size([128, 512, 1, 1]): 
PretrainedInit: load from torchvision://resnet50 

backbone.layer2.1.bn1.weight - torch.Size([128]): 
PretrainedInit: load from torchvision://resnet50 

backbone.layer2.1.bn1.bias - torch.Size([128]): 
PretrainedInit: load from torchvision://resnet50 

backbone.layer2.1.conv2.weight - torch.Size([128, 128, 3, 3]): 
PretrainedInit: load from torchvision://resnet50 

backbone.layer2.1.bn2.weight - torch.Size([128]): 
PretrainedInit: load from torchvision://resnet50 

backbone.layer2.1.bn2.bias - torch.Size([128]): 
PretrainedInit: load from torchvision://resnet50 

backbone.layer2.1.conv3.weight - torch.Size([512, 128, 1, 1]): 
PretrainedInit: load from torchvision://resnet50 

backbone.layer2.1.bn3.weight - torch.Size([512]): 
PretrainedInit: load from torchvision://resnet50 

backbone.layer2.1.bn3.bias - torch.Size([512]): 
PretrainedInit: load from torchvision://resnet50 

backbone.layer2.2.conv1.weight - torch.Size([128, 512, 1, 1]): 
PretrainedInit: load from torchvision://resnet50 

backbone.layer2.2.bn1.weight - torch.Size([128]): 
PretrainedInit: load from torchvision://resnet50 

backbone.layer2.2.bn1.bias - torch.Size([128]): 
PretrainedInit: load from torchvision://resnet50 

backbone.layer2.2.conv2.weight - torch.Size([128, 128, 3, 3]): 
PretrainedInit: load from torchvision://resnet50 

backbone.layer2.2.bn2.weight - torch.Size([128]): 
PretrainedInit: load from torchvision://resnet50 

backbone.layer2.2.bn2.bias - torch.Size([128]): 
PretrainedInit: load from torchvision://resnet50 

backbone.layer2.2.conv3.weight - torch.Size([512, 128, 1, 1]): 
PretrainedInit: load from torchvision://resnet50 

backbone.layer2.2.bn3.weight - torch.Size([512]): 
PretrainedInit: load from torchvision://resnet50 

backbone.layer2.2.bn3.bias - torch.Size([512]): 
PretrainedInit: load from torchvision://resnet50 

backbone.layer2.3.conv1.weight - torch.Size([128, 512, 1, 1]): 
PretrainedInit: load from torchvision://resnet50 

backbone.layer2.3.bn1.weight - torch.Size([128]): 
PretrainedInit: load from torchvision://resnet50 

backbone.layer2.3.bn1.bias - torch.Size([128]): 
PretrainedInit: load from torchvision://resnet50 

backbone.layer2.3.conv2.weight - torch.Size([128, 128, 3, 3]): 
PretrainedInit: load from torchvision://resnet50 

backbone.layer2.3.bn2.weight - torch.Size([128]): 
PretrainedInit: load from torchvision://resnet50 

backbone.layer2.3.bn2.bias - torch.Size([128]): 
PretrainedInit: load from torchvision://resnet50 

backbone.layer2.3.conv3.weight - torch.Size([512, 128, 1, 1]): 
PretrainedInit: load from torchvision://resnet50 

backbone.layer2.3.bn3.weight - torch.Size([512]): 
PretrainedInit: load from torchvision://resnet50 

backbone.layer2.3.bn3.bias - torch.Size([512]): 
PretrainedInit: load from torchvision://resnet50 

backbone.layer3.0.conv1.weight - torch.Size([256, 512, 1, 1]): 
PretrainedInit: load from torchvision://resnet50 

backbone.layer3.0.bn1.weight - torch.Size([256]): 
PretrainedInit: load from torchvision://resnet50 

backbone.layer3.0.bn1.bias - torch.Size([256]): 
PretrainedInit: load from torchvision://resnet50 

backbone.layer3.0.conv2.weight - torch.Size([256, 256, 3, 3]): 
PretrainedInit: load from torchvision://resnet50 

backbone.layer3.0.bn2.weight - torch.Size([256]): 
PretrainedInit: load from torchvision://resnet50 

backbone.layer3.0.bn2.bias - torch.Size([256]): 
PretrainedInit: load from torchvision://resnet50 

backbone.layer3.0.conv3.weight - torch.Size([1024, 256, 1, 1]): 
PretrainedInit: load from torchvision://resnet50 

backbone.layer3.0.bn3.weight - torch.Size([1024]): 
PretrainedInit: load from torchvision://resnet50 

backbone.layer3.0.bn3.bias - torch.Size([1024]): 
PretrainedInit: load from torchvision://resnet50 

backbone.layer3.0.downsample.0.weight - torch.Size([1024, 512, 1, 1]): 
PretrainedInit: load from torchvision://resnet50 

backbone.layer3.0.downsample.1.weight - torch.Size([1024]): 
PretrainedInit: load from torchvision://resnet50 

backbone.layer3.0.downsample.1.bias - torch.Size([1024]): 
PretrainedInit: load from torchvision://resnet50 

backbone.layer3.1.conv1.weight - torch.Size([256, 1024, 1, 1]): 
PretrainedInit: load from torchvision://resnet50 

backbone.layer3.1.bn1.weight - torch.Size([256]): 
PretrainedInit: load from torchvision://resnet50 

backbone.layer3.1.bn1.bias - torch.Size([256]): 
PretrainedInit: load from torchvision://resnet50 

backbone.layer3.1.conv2.weight - torch.Size([256, 256, 3, 3]): 
PretrainedInit: load from torchvision://resnet50 

backbone.layer3.1.bn2.weight - torch.Size([256]): 
PretrainedInit: load from torchvision://resnet50 

backbone.layer3.1.bn2.bias - torch.Size([256]): 
PretrainedInit: load from torchvision://resnet50 

backbone.layer3.1.conv3.weight - torch.Size([1024, 256, 1, 1]): 
PretrainedInit: load from torchvision://resnet50 

backbone.layer3.1.bn3.weight - torch.Size([1024]): 
PretrainedInit: load from torchvision://resnet50 

backbone.layer3.1.bn3.bias - torch.Size([1024]): 
PretrainedInit: load from torchvision://resnet50 

backbone.layer3.2.conv1.weight - torch.Size([256, 1024, 1, 1]): 
PretrainedInit: load from torchvision://resnet50 

backbone.layer3.2.bn1.weight - torch.Size([256]): 
PretrainedInit: load from torchvision://resnet50 

backbone.layer3.2.bn1.bias - torch.Size([256]): 
PretrainedInit: load from torchvision://resnet50 

backbone.layer3.2.conv2.weight - torch.Size([256, 256, 3, 3]): 
PretrainedInit: load from torchvision://resnet50 

backbone.layer3.2.bn2.weight - torch.Size([256]): 
PretrainedInit: load from torchvision://resnet50 

backbone.layer3.2.bn2.bias - torch.Size([256]): 
PretrainedInit: load from torchvision://resnet50 

backbone.layer3.2.conv3.weight - torch.Size([1024, 256, 1, 1]): 
PretrainedInit: load from torchvision://resnet50 

backbone.layer3.2.bn3.weight - torch.Size([1024]): 
PretrainedInit: load from torchvision://resnet50 

backbone.layer3.2.bn3.bias - torch.Size([1024]): 
PretrainedInit: load from torchvision://resnet50 

backbone.layer3.3.conv1.weight - torch.Size([256, 1024, 1, 1]): 
PretrainedInit: load from torchvision://resnet50 

backbone.layer3.3.bn1.weight - torch.Size([256]): 
PretrainedInit: load from torchvision://resnet50 

backbone.layer3.3.bn1.bias - torch.Size([256]): 
PretrainedInit: load from torchvision://resnet50 

backbone.layer3.3.conv2.weight - torch.Size([256, 256, 3, 3]): 
PretrainedInit: load from torchvision://resnet50 

backbone.layer3.3.bn2.weight - torch.Size([256]): 
PretrainedInit: load from torchvision://resnet50 

backbone.layer3.3.bn2.bias - torch.Size([256]): 
PretrainedInit: load from torchvision://resnet50 

backbone.layer3.3.conv3.weight - torch.Size([1024, 256, 1, 1]): 
PretrainedInit: load from torchvision://resnet50 

backbone.layer3.3.bn3.weight - torch.Size([1024]): 
PretrainedInit: load from torchvision://resnet50 

backbone.layer3.3.bn3.bias - torch.Size([1024]): 
PretrainedInit: load from torchvision://resnet50 

backbone.layer3.4.conv1.weight - torch.Size([256, 1024, 1, 1]): 
PretrainedInit: load from torchvision://resnet50 

backbone.layer3.4.bn1.weight - torch.Size([256]): 
PretrainedInit: load from torchvision://resnet50 

backbone.layer3.4.bn1.bias - torch.Size([256]): 
PretrainedInit: load from torchvision://resnet50 

backbone.layer3.4.conv2.weight - torch.Size([256, 256, 3, 3]): 
PretrainedInit: load from torchvision://resnet50 

backbone.layer3.4.bn2.weight - torch.Size([256]): 
PretrainedInit: load from torchvision://resnet50 

backbone.layer3.4.bn2.bias - torch.Size([256]): 
PretrainedInit: load from torchvision://resnet50 

backbone.layer3.4.conv3.weight - torch.Size([1024, 256, 1, 1]): 
PretrainedInit: load from torchvision://resnet50 

backbone.layer3.4.bn3.weight - torch.Size([1024]): 
PretrainedInit: load from torchvision://resnet50 

backbone.layer3.4.bn3.bias - torch.Size([1024]): 
PretrainedInit: load from torchvision://resnet50 

backbone.layer3.5.conv1.weight - torch.Size([256, 1024, 1, 1]): 
PretrainedInit: load from torchvision://resnet50 

backbone.layer3.5.bn1.weight - torch.Size([256]): 
PretrainedInit: load from torchvision://resnet50 

backbone.layer3.5.bn1.bias - torch.Size([256]): 
PretrainedInit: load from torchvision://resnet50 

backbone.layer3.5.conv2.weight - torch.Size([256, 256, 3, 3]): 
PretrainedInit: load from torchvision://resnet50 

backbone.layer3.5.bn2.weight - torch.Size([256]): 
PretrainedInit: load from torchvision://resnet50 

backbone.layer3.5.bn2.bias - torch.Size([256]): 
PretrainedInit: load from torchvision://resnet50 

backbone.layer3.5.conv3.weight - torch.Size([1024, 256, 1, 1]): 
PretrainedInit: load from torchvision://resnet50 

backbone.layer3.5.bn3.weight - torch.Size([1024]): 
PretrainedInit: load from torchvision://resnet50 

backbone.layer3.5.bn3.bias - torch.Size([1024]): 
PretrainedInit: load from torchvision://resnet50 

backbone.layer4.0.conv1.weight - torch.Size([512, 1024, 1, 1]): 
PretrainedInit: load from torchvision://resnet50 

backbone.layer4.0.bn1.weight - torch.Size([512]): 
PretrainedInit: load from torchvision://resnet50 

backbone.layer4.0.bn1.bias - torch.Size([512]): 
PretrainedInit: load from torchvision://resnet50 

backbone.layer4.0.conv2.weight - torch.Size([512, 512, 3, 3]): 
PretrainedInit: load from torchvision://resnet50 

backbone.layer4.0.bn2.weight - torch.Size([512]): 
PretrainedInit: load from torchvision://resnet50 

backbone.layer4.0.bn2.bias - torch.Size([512]): 
PretrainedInit: load from torchvision://resnet50 

backbone.layer4.0.conv3.weight - torch.Size([2048, 512, 1, 1]): 
PretrainedInit: load from torchvision://resnet50 

backbone.layer4.0.bn3.weight - torch.Size([2048]): 
PretrainedInit: load from torchvision://resnet50 

backbone.layer4.0.bn3.bias - torch.Size([2048]): 
PretrainedInit: load from torchvision://resnet50 

backbone.layer4.0.downsample.0.weight - torch.Size([2048, 1024, 1, 1]): 
PretrainedInit: load from torchvision://resnet50 

backbone.layer4.0.downsample.1.weight - torch.Size([2048]): 
PretrainedInit: load from torchvision://resnet50 

backbone.layer4.0.downsample.1.bias - torch.Size([2048]): 
PretrainedInit: load from torchvision://resnet50 

backbone.layer4.1.conv1.weight - torch.Size([512, 2048, 1, 1]): 
PretrainedInit: load from torchvision://resnet50 

backbone.layer4.1.bn1.weight - torch.Size([512]): 
PretrainedInit: load from torchvision://resnet50 

backbone.layer4.1.bn1.bias - torch.Size([512]): 
PretrainedInit: load from torchvision://resnet50 

backbone.layer4.1.conv2.weight - torch.Size([512, 512, 3, 3]): 
PretrainedInit: load from torchvision://resnet50 

backbone.layer4.1.bn2.weight - torch.Size([512]): 
PretrainedInit: load from torchvision://resnet50 

backbone.layer4.1.bn2.bias - torch.Size([512]): 
PretrainedInit: load from torchvision://resnet50 

backbone.layer4.1.conv3.weight - torch.Size([2048, 512, 1, 1]): 
PretrainedInit: load from torchvision://resnet50 

backbone.layer4.1.bn3.weight - torch.Size([2048]): 
PretrainedInit: load from torchvision://resnet50 

backbone.layer4.1.bn3.bias - torch.Size([2048]): 
PretrainedInit: load from torchvision://resnet50 

backbone.layer4.2.conv1.weight - torch.Size([512, 2048, 1, 1]): 
PretrainedInit: load from torchvision://resnet50 

backbone.layer4.2.bn1.weight - torch.Size([512]): 
PretrainedInit: load from torchvision://resnet50 

backbone.layer4.2.bn1.bias - torch.Size([512]): 
PretrainedInit: load from torchvision://resnet50 

backbone.layer4.2.conv2.weight - torch.Size([512, 512, 3, 3]): 
PretrainedInit: load from torchvision://resnet50 

backbone.layer4.2.bn2.weight - torch.Size([512]): 
PretrainedInit: load from torchvision://resnet50 

backbone.layer4.2.bn2.bias - torch.Size([512]): 
PretrainedInit: load from torchvision://resnet50 

backbone.layer4.2.conv3.weight - torch.Size([2048, 512, 1, 1]): 
PretrainedInit: load from torchvision://resnet50 

backbone.layer4.2.bn3.weight - torch.Size([2048]): 
PretrainedInit: load from torchvision://resnet50 

backbone.layer4.2.bn3.bias - torch.Size([2048]): 
PretrainedInit: load from torchvision://resnet50 

neck.convs.0.conv.weight - torch.Size([256, 512, 1, 1]): 
XavierInit: gain=1, distribution=uniform, bias=0 

neck.convs.0.gn.weight - torch.Size([256]): 
The value is the same before and after calling `init_weights` of DINO  

neck.convs.0.gn.bias - torch.Size([256]): 
The value is the same before and after calling `init_weights` of DINO  

neck.convs.1.conv.weight - torch.Size([256, 1024, 1, 1]): 
XavierInit: gain=1, distribution=uniform, bias=0 

neck.convs.1.gn.weight - torch.Size([256]): 
The value is the same before and after calling `init_weights` of DINO  

neck.convs.1.gn.bias - torch.Size([256]): 
The value is the same before and after calling `init_weights` of DINO  

neck.convs.2.conv.weight - torch.Size([256, 2048, 1, 1]): 
XavierInit: gain=1, distribution=uniform, bias=0 

neck.convs.2.gn.weight - torch.Size([256]): 
The value is the same before and after calling `init_weights` of DINO  

neck.convs.2.gn.bias - torch.Size([256]): 
The value is the same before and after calling `init_weights` of DINO  

neck.extra_convs.0.conv.weight - torch.Size([256, 2048, 3, 3]): 
XavierInit: gain=1, distribution=uniform, bias=0 

neck.extra_convs.0.gn.weight - torch.Size([256]): 
The value is the same before and after calling `init_weights` of DINO  

neck.extra_convs.0.gn.bias - torch.Size([256]): 
The value is the same before and after calling `init_weights` of DINO  

bbox_head.cls_branches.0.weight - torch.Size([2, 256]): 
The value is the same before and after calling `init_weights` of DINO  

bbox_head.cls_branches.0.bias - torch.Size([2]): 
Initialized by user-defined `init_weights` in DINOHead  

bbox_head.cls_branches.1.weight - torch.Size([2, 256]): 
The value is the same before and after calling `init_weights` of DINO  

bbox_head.cls_branches.1.bias - torch.Size([2]): 
Initialized by user-defined `init_weights` in DINOHead  

bbox_head.cls_branches.2.weight - torch.Size([2, 256]): 
The value is the same before and after calling `init_weights` of DINO  

bbox_head.cls_branches.2.bias - torch.Size([2]): 
Initialized by user-defined `init_weights` in DINOHead  

bbox_head.cls_branches.3.weight - torch.Size([2, 256]): 
The value is the same before and after calling `init_weights` of DINO  

bbox_head.cls_branches.3.bias - torch.Size([2]): 
Initialized by user-defined `init_weights` in DINOHead  

bbox_head.cls_branches.4.weight - torch.Size([2, 256]): 
The value is the same before and after calling `init_weights` of DINO  

bbox_head.cls_branches.4.bias - torch.Size([2]): 
Initialized by user-defined `init_weights` in DINOHead  

bbox_head.cls_branches.5.weight - torch.Size([2, 256]): 
The value is the same before and after calling `init_weights` of DINO  

bbox_head.cls_branches.5.bias - torch.Size([2]): 
Initialized by user-defined `init_weights` in DINOHead  

bbox_head.cls_branches.6.weight - torch.Size([2, 256]): 
The value is the same before and after calling `init_weights` of DINO  

bbox_head.cls_branches.6.bias - torch.Size([2]): 
Initialized by user-defined `init_weights` in DINOHead  

bbox_head.reg_branches.0.0.weight - torch.Size([256, 256]): 
The value is the same before and after calling `init_weights` of DINO  

bbox_head.reg_branches.0.0.bias - torch.Size([256]): 
The value is the same before and after calling `init_weights` of DINO  

bbox_head.reg_branches.0.2.weight - torch.Size([256, 256]): 
The value is the same before and after calling `init_weights` of DINO  

bbox_head.reg_branches.0.2.bias - torch.Size([256]): 
The value is the same before and after calling `init_weights` of DINO  

bbox_head.reg_branches.0.4.weight - torch.Size([4, 256]): 
Initialized by user-defined `init_weights` in DINOHead  

bbox_head.reg_branches.0.4.bias - torch.Size([4]): 
Initialized by user-defined `init_weights` in DINOHead  

bbox_head.reg_branches.1.0.weight - torch.Size([256, 256]): 
The value is the same before and after calling `init_weights` of DINO  

bbox_head.reg_branches.1.0.bias - torch.Size([256]): 
The value is the same before and after calling `init_weights` of DINO  

bbox_head.reg_branches.1.2.weight - torch.Size([256, 256]): 
The value is the same before and after calling `init_weights` of DINO  

bbox_head.reg_branches.1.2.bias - torch.Size([256]): 
The value is the same before and after calling `init_weights` of DINO  

bbox_head.reg_branches.1.4.weight - torch.Size([4, 256]): 
Initialized by user-defined `init_weights` in DINOHead  

bbox_head.reg_branches.1.4.bias - torch.Size([4]): 
Initialized by user-defined `init_weights` in DINOHead  

bbox_head.reg_branches.2.0.weight - torch.Size([256, 256]): 
The value is the same before and after calling `init_weights` of DINO  

bbox_head.reg_branches.2.0.bias - torch.Size([256]): 
The value is the same before and after calling `init_weights` of DINO  

bbox_head.reg_branches.2.2.weight - torch.Size([256, 256]): 
The value is the same before and after calling `init_weights` of DINO  

bbox_head.reg_branches.2.2.bias - torch.Size([256]): 
The value is the same before and after calling `init_weights` of DINO  

bbox_head.reg_branches.2.4.weight - torch.Size([4, 256]): 
Initialized by user-defined `init_weights` in DINOHead  

bbox_head.reg_branches.2.4.bias - torch.Size([4]): 
Initialized by user-defined `init_weights` in DINOHead  

bbox_head.reg_branches.3.0.weight - torch.Size([256, 256]): 
The value is the same before and after calling `init_weights` of DINO  

bbox_head.reg_branches.3.0.bias - torch.Size([256]): 
The value is the same before and after calling `init_weights` of DINO  

bbox_head.reg_branches.3.2.weight - torch.Size([256, 256]): 
The value is the same before and after calling `init_weights` of DINO  

bbox_head.reg_branches.3.2.bias - torch.Size([256]): 
The value is the same before and after calling `init_weights` of DINO  

bbox_head.reg_branches.3.4.weight - torch.Size([4, 256]): 
Initialized by user-defined `init_weights` in DINOHead  

bbox_head.reg_branches.3.4.bias - torch.Size([4]): 
Initialized by user-defined `init_weights` in DINOHead  

bbox_head.reg_branches.4.0.weight - torch.Size([256, 256]): 
The value is the same before and after calling `init_weights` of DINO  

bbox_head.reg_branches.4.0.bias - torch.Size([256]): 
The value is the same before and after calling `init_weights` of DINO  

bbox_head.reg_branches.4.2.weight - torch.Size([256, 256]): 
The value is the same before and after calling `init_weights` of DINO  

bbox_head.reg_branches.4.2.bias - torch.Size([256]): 
The value is the same before and after calling `init_weights` of DINO  

bbox_head.reg_branches.4.4.weight - torch.Size([4, 256]): 
Initialized by user-defined `init_weights` in DINOHead  

bbox_head.reg_branches.4.4.bias - torch.Size([4]): 
Initialized by user-defined `init_weights` in DINOHead  

bbox_head.reg_branches.5.0.weight - torch.Size([256, 256]): 
The value is the same before and after calling `init_weights` of DINO  

bbox_head.reg_branches.5.0.bias - torch.Size([256]): 
The value is the same before and after calling `init_weights` of DINO  

bbox_head.reg_branches.5.2.weight - torch.Size([256, 256]): 
The value is the same before and after calling `init_weights` of DINO  

bbox_head.reg_branches.5.2.bias - torch.Size([256]): 
The value is the same before and after calling `init_weights` of DINO  

bbox_head.reg_branches.5.4.weight - torch.Size([4, 256]): 
Initialized by user-defined `init_weights` in DINOHead  

bbox_head.reg_branches.5.4.bias - torch.Size([4]): 
Initialized by user-defined `init_weights` in DINOHead  

bbox_head.reg_branches.6.0.weight - torch.Size([256, 256]): 
The value is the same before and after calling `init_weights` of DINO  

bbox_head.reg_branches.6.0.bias - torch.Size([256]): 
The value is the same before and after calling `init_weights` of DINO  

bbox_head.reg_branches.6.2.weight - torch.Size([256, 256]): 
The value is the same before and after calling `init_weights` of DINO  

bbox_head.reg_branches.6.2.bias - torch.Size([256]): 
The value is the same before and after calling `init_weights` of DINO  

bbox_head.reg_branches.6.4.weight - torch.Size([4, 256]): 
Initialized by user-defined `init_weights` in DINOHead  

bbox_head.reg_branches.6.4.bias - torch.Size([4]): 
Initialized by user-defined `init_weights` in DINOHead  

encoder.layers.0.self_attn.sampling_offsets.weight - torch.Size([256, 256]): 
The value is the same before and after calling `init_weights` of DINO  

encoder.layers.0.self_attn.sampling_offsets.bias - torch.Size([256]): 
The value is the same before and after calling `init_weights` of DINO  

encoder.layers.0.self_attn.attention_weights.weight - torch.Size([128, 256]): 
The value is the same before and after calling `init_weights` of DINO  

encoder.layers.0.self_attn.attention_weights.bias - torch.Size([128]): 
The value is the same before and after calling `init_weights` of DINO  

encoder.layers.0.self_attn.value_proj.weight - torch.Size([256, 256]): 
The value is the same before and after calling `init_weights` of DINO  

encoder.layers.0.self_attn.value_proj.bias - torch.Size([256]): 
The value is the same before and after calling `init_weights` of DINO  

encoder.layers.0.self_attn.output_proj.weight - torch.Size([256, 256]): 
The value is the same before and after calling `init_weights` of DINO  

encoder.layers.0.self_attn.output_proj.bias - torch.Size([256]): 
The value is the same before and after calling `init_weights` of DINO  

encoder.layers.0.ffn.layers.0.0.weight - torch.Size([2048, 256]): 
The value is the same before and after calling `init_weights` of DINO  

encoder.layers.0.ffn.layers.0.0.bias - torch.Size([2048]): 
The value is the same before and after calling `init_weights` of DINO  

encoder.layers.0.ffn.layers.1.weight - torch.Size([256, 2048]): 
The value is the same before and after calling `init_weights` of DINO  

encoder.layers.0.ffn.layers.1.bias - torch.Size([256]): 
The value is the same before and after calling `init_weights` of DINO  

encoder.layers.0.norms.0.weight - torch.Size([256]): 
The value is the same before and after calling `init_weights` of DINO  

encoder.layers.0.norms.0.bias - torch.Size([256]): 
The value is the same before and after calling `init_weights` of DINO  

encoder.layers.0.norms.1.weight - torch.Size([256]): 
The value is the same before and after calling `init_weights` of DINO  

encoder.layers.0.norms.1.bias - torch.Size([256]): 
The value is the same before and after calling `init_weights` of DINO  

encoder.layers.1.self_attn.sampling_offsets.weight - torch.Size([256, 256]): 
The value is the same before and after calling `init_weights` of DINO  

encoder.layers.1.self_attn.sampling_offsets.bias - torch.Size([256]): 
The value is the same before and after calling `init_weights` of DINO  

encoder.layers.1.self_attn.attention_weights.weight - torch.Size([128, 256]): 
The value is the same before and after calling `init_weights` of DINO  

encoder.layers.1.self_attn.attention_weights.bias - torch.Size([128]): 
The value is the same before and after calling `init_weights` of DINO  

encoder.layers.1.self_attn.value_proj.weight - torch.Size([256, 256]): 
The value is the same before and after calling `init_weights` of DINO  

encoder.layers.1.self_attn.value_proj.bias - torch.Size([256]): 
The value is the same before and after calling `init_weights` of DINO  

encoder.layers.1.self_attn.output_proj.weight - torch.Size([256, 256]): 
The value is the same before and after calling `init_weights` of DINO  

encoder.layers.1.self_attn.output_proj.bias - torch.Size([256]): 
The value is the same before and after calling `init_weights` of DINO  

encoder.layers.1.ffn.layers.0.0.weight - torch.Size([2048, 256]): 
The value is the same before and after calling `init_weights` of DINO  

encoder.layers.1.ffn.layers.0.0.bias - torch.Size([2048]): 
The value is the same before and after calling `init_weights` of DINO  

encoder.layers.1.ffn.layers.1.weight - torch.Size([256, 2048]): 
The value is the same before and after calling `init_weights` of DINO  

encoder.layers.1.ffn.layers.1.bias - torch.Size([256]): 
The value is the same before and after calling `init_weights` of DINO  

encoder.layers.1.norms.0.weight - torch.Size([256]): 
The value is the same before and after calling `init_weights` of DINO  

encoder.layers.1.norms.0.bias - torch.Size([256]): 
The value is the same before and after calling `init_weights` of DINO  

encoder.layers.1.norms.1.weight - torch.Size([256]): 
The value is the same before and after calling `init_weights` of DINO  

encoder.layers.1.norms.1.bias - torch.Size([256]): 
The value is the same before and after calling `init_weights` of DINO  

encoder.layers.2.self_attn.sampling_offsets.weight - torch.Size([256, 256]): 
The value is the same before and after calling `init_weights` of DINO  

encoder.layers.2.self_attn.sampling_offsets.bias - torch.Size([256]): 
The value is the same before and after calling `init_weights` of DINO  

encoder.layers.2.self_attn.attention_weights.weight - torch.Size([128, 256]): 
The value is the same before and after calling `init_weights` of DINO  

encoder.layers.2.self_attn.attention_weights.bias - torch.Size([128]): 
The value is the same before and after calling `init_weights` of DINO  

encoder.layers.2.self_attn.value_proj.weight - torch.Size([256, 256]): 
The value is the same before and after calling `init_weights` of DINO  

encoder.layers.2.self_attn.value_proj.bias - torch.Size([256]): 
The value is the same before and after calling `init_weights` of DINO  

encoder.layers.2.self_attn.output_proj.weight - torch.Size([256, 256]): 
The value is the same before and after calling `init_weights` of DINO  

encoder.layers.2.self_attn.output_proj.bias - torch.Size([256]): 
The value is the same before and after calling `init_weights` of DINO  

encoder.layers.2.ffn.layers.0.0.weight - torch.Size([2048, 256]): 
The value is the same before and after calling `init_weights` of DINO  

encoder.layers.2.ffn.layers.0.0.bias - torch.Size([2048]): 
The value is the same before and after calling `init_weights` of DINO  

encoder.layers.2.ffn.layers.1.weight - torch.Size([256, 2048]): 
The value is the same before and after calling `init_weights` of DINO  

encoder.layers.2.ffn.layers.1.bias - torch.Size([256]): 
The value is the same before and after calling `init_weights` of DINO  

encoder.layers.2.norms.0.weight - torch.Size([256]): 
The value is the same before and after calling `init_weights` of DINO  

encoder.layers.2.norms.0.bias - torch.Size([256]): 
The value is the same before and after calling `init_weights` of DINO  

encoder.layers.2.norms.1.weight - torch.Size([256]): 
The value is the same before and after calling `init_weights` of DINO  

encoder.layers.2.norms.1.bias - torch.Size([256]): 
The value is the same before and after calling `init_weights` of DINO  

encoder.layers.3.self_attn.sampling_offsets.weight - torch.Size([256, 256]): 
The value is the same before and after calling `init_weights` of DINO  

encoder.layers.3.self_attn.sampling_offsets.bias - torch.Size([256]): 
The value is the same before and after calling `init_weights` of DINO  

encoder.layers.3.self_attn.attention_weights.weight - torch.Size([128, 256]): 
The value is the same before and after calling `init_weights` of DINO  

encoder.layers.3.self_attn.attention_weights.bias - torch.Size([128]): 
The value is the same before and after calling `init_weights` of DINO  

encoder.layers.3.self_attn.value_proj.weight - torch.Size([256, 256]): 
The value is the same before and after calling `init_weights` of DINO  

encoder.layers.3.self_attn.value_proj.bias - torch.Size([256]): 
The value is the same before and after calling `init_weights` of DINO  

encoder.layers.3.self_attn.output_proj.weight - torch.Size([256, 256]): 
The value is the same before and after calling `init_weights` of DINO  

encoder.layers.3.self_attn.output_proj.bias - torch.Size([256]): 
The value is the same before and after calling `init_weights` of DINO  

encoder.layers.3.ffn.layers.0.0.weight - torch.Size([2048, 256]): 
The value is the same before and after calling `init_weights` of DINO  

encoder.layers.3.ffn.layers.0.0.bias - torch.Size([2048]): 
The value is the same before and after calling `init_weights` of DINO  

encoder.layers.3.ffn.layers.1.weight - torch.Size([256, 2048]): 
The value is the same before and after calling `init_weights` of DINO  

encoder.layers.3.ffn.layers.1.bias - torch.Size([256]): 
The value is the same before and after calling `init_weights` of DINO  

encoder.layers.3.norms.0.weight - torch.Size([256]): 
The value is the same before and after calling `init_weights` of DINO  

encoder.layers.3.norms.0.bias - torch.Size([256]): 
The value is the same before and after calling `init_weights` of DINO  

encoder.layers.3.norms.1.weight - torch.Size([256]): 
The value is the same before and after calling `init_weights` of DINO  

encoder.layers.3.norms.1.bias - torch.Size([256]): 
The value is the same before and after calling `init_weights` of DINO  

encoder.layers.4.self_attn.sampling_offsets.weight - torch.Size([256, 256]): 
The value is the same before and after calling `init_weights` of DINO  

encoder.layers.4.self_attn.sampling_offsets.bias - torch.Size([256]): 
The value is the same before and after calling `init_weights` of DINO  

encoder.layers.4.self_attn.attention_weights.weight - torch.Size([128, 256]): 
The value is the same before and after calling `init_weights` of DINO  

encoder.layers.4.self_attn.attention_weights.bias - torch.Size([128]): 
The value is the same before and after calling `init_weights` of DINO  

encoder.layers.4.self_attn.value_proj.weight - torch.Size([256, 256]): 
The value is the same before and after calling `init_weights` of DINO  

encoder.layers.4.self_attn.value_proj.bias - torch.Size([256]): 
The value is the same before and after calling `init_weights` of DINO  

encoder.layers.4.self_attn.output_proj.weight - torch.Size([256, 256]): 
The value is the same before and after calling `init_weights` of DINO  

encoder.layers.4.self_attn.output_proj.bias - torch.Size([256]): 
The value is the same before and after calling `init_weights` of DINO  

encoder.layers.4.ffn.layers.0.0.weight - torch.Size([2048, 256]): 
The value is the same before and after calling `init_weights` of DINO  

encoder.layers.4.ffn.layers.0.0.bias - torch.Size([2048]): 
The value is the same before and after calling `init_weights` of DINO  

encoder.layers.4.ffn.layers.1.weight - torch.Size([256, 2048]): 
The value is the same before and after calling `init_weights` of DINO  

encoder.layers.4.ffn.layers.1.bias - torch.Size([256]): 
The value is the same before and after calling `init_weights` of DINO  

encoder.layers.4.norms.0.weight - torch.Size([256]): 
The value is the same before and after calling `init_weights` of DINO  

encoder.layers.4.norms.0.bias - torch.Size([256]): 
The value is the same before and after calling `init_weights` of DINO  

encoder.layers.4.norms.1.weight - torch.Size([256]): 
The value is the same before and after calling `init_weights` of DINO  

encoder.layers.4.norms.1.bias - torch.Size([256]): 
The value is the same before and after calling `init_weights` of DINO  

encoder.layers.5.self_attn.sampling_offsets.weight - torch.Size([256, 256]): 
The value is the same before and after calling `init_weights` of DINO  

encoder.layers.5.self_attn.sampling_offsets.bias - torch.Size([256]): 
The value is the same before and after calling `init_weights` of DINO  

encoder.layers.5.self_attn.attention_weights.weight - torch.Size([128, 256]): 
The value is the same before and after calling `init_weights` of DINO  

encoder.layers.5.self_attn.attention_weights.bias - torch.Size([128]): 
The value is the same before and after calling `init_weights` of DINO  

encoder.layers.5.self_attn.value_proj.weight - torch.Size([256, 256]): 
The value is the same before and after calling `init_weights` of DINO  

encoder.layers.5.self_attn.value_proj.bias - torch.Size([256]): 
The value is the same before and after calling `init_weights` of DINO  

encoder.layers.5.self_attn.output_proj.weight - torch.Size([256, 256]): 
The value is the same before and after calling `init_weights` of DINO  

encoder.layers.5.self_attn.output_proj.bias - torch.Size([256]): 
The value is the same before and after calling `init_weights` of DINO  

encoder.layers.5.ffn.layers.0.0.weight - torch.Size([2048, 256]): 
The value is the same before and after calling `init_weights` of DINO  

encoder.layers.5.ffn.layers.0.0.bias - torch.Size([2048]): 
The value is the same before and after calling `init_weights` of DINO  

encoder.layers.5.ffn.layers.1.weight - torch.Size([256, 2048]): 
The value is the same before and after calling `init_weights` of DINO  

encoder.layers.5.ffn.layers.1.bias - torch.Size([256]): 
The value is the same before and after calling `init_weights` of DINO  

encoder.layers.5.norms.0.weight - torch.Size([256]): 
The value is the same before and after calling `init_weights` of DINO  

encoder.layers.5.norms.0.bias - torch.Size([256]): 
The value is the same before and after calling `init_weights` of DINO  

encoder.layers.5.norms.1.weight - torch.Size([256]): 
The value is the same before and after calling `init_weights` of DINO  

encoder.layers.5.norms.1.bias - torch.Size([256]): 
The value is the same before and after calling `init_weights` of DINO  

decoder.layers.0.self_attn.attn.in_proj_weight - torch.Size([768, 256]): 
The value is the same before and after calling `init_weights` of DINO  

decoder.layers.0.self_attn.attn.in_proj_bias - torch.Size([768]): 
The value is the same before and after calling `init_weights` of DINO  

decoder.layers.0.self_attn.attn.out_proj.weight - torch.Size([256, 256]): 
The value is the same before and after calling `init_weights` of DINO  

decoder.layers.0.self_attn.attn.out_proj.bias - torch.Size([256]): 
The value is the same before and after calling `init_weights` of DINO  

decoder.layers.0.cross_attn.sampling_offsets.weight - torch.Size([256, 256]): 
The value is the same before and after calling `init_weights` of DINO  

decoder.layers.0.cross_attn.sampling_offsets.bias - torch.Size([256]): 
The value is the same before and after calling `init_weights` of DINO  

decoder.layers.0.cross_attn.attention_weights.weight - torch.Size([128, 256]): 
The value is the same before and after calling `init_weights` of DINO  

decoder.layers.0.cross_attn.attention_weights.bias - torch.Size([128]): 
The value is the same before and after calling `init_weights` of DINO  

decoder.layers.0.cross_attn.value_proj.weight - torch.Size([256, 256]): 
The value is the same before and after calling `init_weights` of DINO  

decoder.layers.0.cross_attn.value_proj.bias - torch.Size([256]): 
The value is the same before and after calling `init_weights` of DINO  

decoder.layers.0.cross_attn.output_proj.weight - torch.Size([256, 256]): 
The value is the same before and after calling `init_weights` of DINO  

decoder.layers.0.cross_attn.output_proj.bias - torch.Size([256]): 
The value is the same before and after calling `init_weights` of DINO  

decoder.layers.0.ffn.layers.0.0.weight - torch.Size([2048, 256]): 
The value is the same before and after calling `init_weights` of DINO  

decoder.layers.0.ffn.layers.0.0.bias - torch.Size([2048]): 
The value is the same before and after calling `init_weights` of DINO  

decoder.layers.0.ffn.layers.1.weight - torch.Size([256, 2048]): 
The value is the same before and after calling `init_weights` of DINO  

decoder.layers.0.ffn.layers.1.bias - torch.Size([256]): 
The value is the same before and after calling `init_weights` of DINO  

decoder.layers.0.norms.0.weight - torch.Size([256]): 
The value is the same before and after calling `init_weights` of DINO  

decoder.layers.0.norms.0.bias - torch.Size([256]): 
The value is the same before and after calling `init_weights` of DINO  

decoder.layers.0.norms.1.weight - torch.Size([256]): 
The value is the same before and after calling `init_weights` of DINO  

decoder.layers.0.norms.1.bias - torch.Size([256]): 
The value is the same before and after calling `init_weights` of DINO  

decoder.layers.0.norms.2.weight - torch.Size([256]): 
The value is the same before and after calling `init_weights` of DINO  

decoder.layers.0.norms.2.bias - torch.Size([256]): 
The value is the same before and after calling `init_weights` of DINO  

decoder.layers.1.self_attn.attn.in_proj_weight - torch.Size([768, 256]): 
The value is the same before and after calling `init_weights` of DINO  

decoder.layers.1.self_attn.attn.in_proj_bias - torch.Size([768]): 
The value is the same before and after calling `init_weights` of DINO  

decoder.layers.1.self_attn.attn.out_proj.weight - torch.Size([256, 256]): 
The value is the same before and after calling `init_weights` of DINO  

decoder.layers.1.self_attn.attn.out_proj.bias - torch.Size([256]): 
The value is the same before and after calling `init_weights` of DINO  

decoder.layers.1.cross_attn.sampling_offsets.weight - torch.Size([256, 256]): 
The value is the same before and after calling `init_weights` of DINO  

decoder.layers.1.cross_attn.sampling_offsets.bias - torch.Size([256]): 
The value is the same before and after calling `init_weights` of DINO  

decoder.layers.1.cross_attn.attention_weights.weight - torch.Size([128, 256]): 
The value is the same before and after calling `init_weights` of DINO  

decoder.layers.1.cross_attn.attention_weights.bias - torch.Size([128]): 
The value is the same before and after calling `init_weights` of DINO  

decoder.layers.1.cross_attn.value_proj.weight - torch.Size([256, 256]): 
The value is the same before and after calling `init_weights` of DINO  

decoder.layers.1.cross_attn.value_proj.bias - torch.Size([256]): 
The value is the same before and after calling `init_weights` of DINO  

decoder.layers.1.cross_attn.output_proj.weight - torch.Size([256, 256]): 
The value is the same before and after calling `init_weights` of DINO  

decoder.layers.1.cross_attn.output_proj.bias - torch.Size([256]): 
The value is the same before and after calling `init_weights` of DINO  

decoder.layers.1.ffn.layers.0.0.weight - torch.Size([2048, 256]): 
The value is the same before and after calling `init_weights` of DINO  

decoder.layers.1.ffn.layers.0.0.bias - torch.Size([2048]): 
The value is the same before and after calling `init_weights` of DINO  

decoder.layers.1.ffn.layers.1.weight - torch.Size([256, 2048]): 
The value is the same before and after calling `init_weights` of DINO  

decoder.layers.1.ffn.layers.1.bias - torch.Size([256]): 
The value is the same before and after calling `init_weights` of DINO  

decoder.layers.1.norms.0.weight - torch.Size([256]): 
The value is the same before and after calling `init_weights` of DINO  

decoder.layers.1.norms.0.bias - torch.Size([256]): 
The value is the same before and after calling `init_weights` of DINO  

decoder.layers.1.norms.1.weight - torch.Size([256]): 
The value is the same before and after calling `init_weights` of DINO  

decoder.layers.1.norms.1.bias - torch.Size([256]): 
The value is the same before and after calling `init_weights` of DINO  

decoder.layers.1.norms.2.weight - torch.Size([256]): 
The value is the same before and after calling `init_weights` of DINO  

decoder.layers.1.norms.2.bias - torch.Size([256]): 
The value is the same before and after calling `init_weights` of DINO  

decoder.layers.2.self_attn.attn.in_proj_weight - torch.Size([768, 256]): 
The value is the same before and after calling `init_weights` of DINO  

decoder.layers.2.self_attn.attn.in_proj_bias - torch.Size([768]): 
The value is the same before and after calling `init_weights` of DINO  

decoder.layers.2.self_attn.attn.out_proj.weight - torch.Size([256, 256]): 
The value is the same before and after calling `init_weights` of DINO  

decoder.layers.2.self_attn.attn.out_proj.bias - torch.Size([256]): 
The value is the same before and after calling `init_weights` of DINO  

decoder.layers.2.cross_attn.sampling_offsets.weight - torch.Size([256, 256]): 
The value is the same before and after calling `init_weights` of DINO  

decoder.layers.2.cross_attn.sampling_offsets.bias - torch.Size([256]): 
The value is the same before and after calling `init_weights` of DINO  

decoder.layers.2.cross_attn.attention_weights.weight - torch.Size([128, 256]): 
The value is the same before and after calling `init_weights` of DINO  

decoder.layers.2.cross_attn.attention_weights.bias - torch.Size([128]): 
The value is the same before and after calling `init_weights` of DINO  

decoder.layers.2.cross_attn.value_proj.weight - torch.Size([256, 256]): 
The value is the same before and after calling `init_weights` of DINO  

decoder.layers.2.cross_attn.value_proj.bias - torch.Size([256]): 
The value is the same before and after calling `init_weights` of DINO  

decoder.layers.2.cross_attn.output_proj.weight - torch.Size([256, 256]): 
The value is the same before and after calling `init_weights` of DINO  

decoder.layers.2.cross_attn.output_proj.bias - torch.Size([256]): 
The value is the same before and after calling `init_weights` of DINO  

decoder.layers.2.ffn.layers.0.0.weight - torch.Size([2048, 256]): 
The value is the same before and after calling `init_weights` of DINO  

decoder.layers.2.ffn.layers.0.0.bias - torch.Size([2048]): 
The value is the same before and after calling `init_weights` of DINO  

decoder.layers.2.ffn.layers.1.weight - torch.Size([256, 2048]): 
The value is the same before and after calling `init_weights` of DINO  

decoder.layers.2.ffn.layers.1.bias - torch.Size([256]): 
The value is the same before and after calling `init_weights` of DINO  

decoder.layers.2.norms.0.weight - torch.Size([256]): 
The value is the same before and after calling `init_weights` of DINO  

decoder.layers.2.norms.0.bias - torch.Size([256]): 
The value is the same before and after calling `init_weights` of DINO  

decoder.layers.2.norms.1.weight - torch.Size([256]): 
The value is the same before and after calling `init_weights` of DINO  

decoder.layers.2.norms.1.bias - torch.Size([256]): 
The value is the same before and after calling `init_weights` of DINO  

decoder.layers.2.norms.2.weight - torch.Size([256]): 
The value is the same before and after calling `init_weights` of DINO  

decoder.layers.2.norms.2.bias - torch.Size([256]): 
The value is the same before and after calling `init_weights` of DINO  

decoder.layers.3.self_attn.attn.in_proj_weight - torch.Size([768, 256]): 
The value is the same before and after calling `init_weights` of DINO  

decoder.layers.3.self_attn.attn.in_proj_bias - torch.Size([768]): 
The value is the same before and after calling `init_weights` of DINO  

decoder.layers.3.self_attn.attn.out_proj.weight - torch.Size([256, 256]): 
The value is the same before and after calling `init_weights` of DINO  

decoder.layers.3.self_attn.attn.out_proj.bias - torch.Size([256]): 
The value is the same before and after calling `init_weights` of DINO  

decoder.layers.3.cross_attn.sampling_offsets.weight - torch.Size([256, 256]): 
The value is the same before and after calling `init_weights` of DINO  

decoder.layers.3.cross_attn.sampling_offsets.bias - torch.Size([256]): 
The value is the same before and after calling `init_weights` of DINO  

decoder.layers.3.cross_attn.attention_weights.weight - torch.Size([128, 256]): 
The value is the same before and after calling `init_weights` of DINO  

decoder.layers.3.cross_attn.attention_weights.bias - torch.Size([128]): 
The value is the same before and after calling `init_weights` of DINO  

decoder.layers.3.cross_attn.value_proj.weight - torch.Size([256, 256]): 
The value is the same before and after calling `init_weights` of DINO  

decoder.layers.3.cross_attn.value_proj.bias - torch.Size([256]): 
The value is the same before and after calling `init_weights` of DINO  

decoder.layers.3.cross_attn.output_proj.weight - torch.Size([256, 256]): 
The value is the same before and after calling `init_weights` of DINO  

decoder.layers.3.cross_attn.output_proj.bias - torch.Size([256]): 
The value is the same before and after calling `init_weights` of DINO  

decoder.layers.3.ffn.layers.0.0.weight - torch.Size([2048, 256]): 
The value is the same before and after calling `init_weights` of DINO  

decoder.layers.3.ffn.layers.0.0.bias - torch.Size([2048]): 
The value is the same before and after calling `init_weights` of DINO  

decoder.layers.3.ffn.layers.1.weight - torch.Size([256, 2048]): 
The value is the same before and after calling `init_weights` of DINO  

decoder.layers.3.ffn.layers.1.bias - torch.Size([256]): 
The value is the same before and after calling `init_weights` of DINO  

decoder.layers.3.norms.0.weight - torch.Size([256]): 
The value is the same before and after calling `init_weights` of DINO  

decoder.layers.3.norms.0.bias - torch.Size([256]): 
The value is the same before and after calling `init_weights` of DINO  

decoder.layers.3.norms.1.weight - torch.Size([256]): 
The value is the same before and after calling `init_weights` of DINO  

decoder.layers.3.norms.1.bias - torch.Size([256]): 
The value is the same before and after calling `init_weights` of DINO  

decoder.layers.3.norms.2.weight - torch.Size([256]): 
The value is the same before and after calling `init_weights` of DINO  

decoder.layers.3.norms.2.bias - torch.Size([256]): 
The value is the same before and after calling `init_weights` of DINO  

decoder.layers.4.self_attn.attn.in_proj_weight - torch.Size([768, 256]): 
The value is the same before and after calling `init_weights` of DINO  

decoder.layers.4.self_attn.attn.in_proj_bias - torch.Size([768]): 
The value is the same before and after calling `init_weights` of DINO  

decoder.layers.4.self_attn.attn.out_proj.weight - torch.Size([256, 256]): 
The value is the same before and after calling `init_weights` of DINO  

decoder.layers.4.self_attn.attn.out_proj.bias - torch.Size([256]): 
The value is the same before and after calling `init_weights` of DINO  

decoder.layers.4.cross_attn.sampling_offsets.weight - torch.Size([256, 256]): 
The value is the same before and after calling `init_weights` of DINO  

decoder.layers.4.cross_attn.sampling_offsets.bias - torch.Size([256]): 
The value is the same before and after calling `init_weights` of DINO  

decoder.layers.4.cross_attn.attention_weights.weight - torch.Size([128, 256]): 
The value is the same before and after calling `init_weights` of DINO  

decoder.layers.4.cross_attn.attention_weights.bias - torch.Size([128]): 
The value is the same before and after calling `init_weights` of DINO  

decoder.layers.4.cross_attn.value_proj.weight - torch.Size([256, 256]): 
The value is the same before and after calling `init_weights` of DINO  

decoder.layers.4.cross_attn.value_proj.bias - torch.Size([256]): 
The value is the same before and after calling `init_weights` of DINO  

decoder.layers.4.cross_attn.output_proj.weight - torch.Size([256, 256]): 
The value is the same before and after calling `init_weights` of DINO  

decoder.layers.4.cross_attn.output_proj.bias - torch.Size([256]): 
The value is the same before and after calling `init_weights` of DINO  

decoder.layers.4.ffn.layers.0.0.weight - torch.Size([2048, 256]): 
The value is the same before and after calling `init_weights` of DINO  

decoder.layers.4.ffn.layers.0.0.bias - torch.Size([2048]): 
The value is the same before and after calling `init_weights` of DINO  

decoder.layers.4.ffn.layers.1.weight - torch.Size([256, 2048]): 
The value is the same before and after calling `init_weights` of DINO  

decoder.layers.4.ffn.layers.1.bias - torch.Size([256]): 
The value is the same before and after calling `init_weights` of DINO  

decoder.layers.4.norms.0.weight - torch.Size([256]): 
The value is the same before and after calling `init_weights` of DINO  

decoder.layers.4.norms.0.bias - torch.Size([256]): 
The value is the same before and after calling `init_weights` of DINO  

decoder.layers.4.norms.1.weight - torch.Size([256]): 
The value is the same before and after calling `init_weights` of DINO  

decoder.layers.4.norms.1.bias - torch.Size([256]): 
The value is the same before and after calling `init_weights` of DINO  

decoder.layers.4.norms.2.weight - torch.Size([256]): 
The value is the same before and after calling `init_weights` of DINO  

decoder.layers.4.norms.2.bias - torch.Size([256]): 
The value is the same before and after calling `init_weights` of DINO  

decoder.layers.5.self_attn.attn.in_proj_weight - torch.Size([768, 256]): 
The value is the same before and after calling `init_weights` of DINO  

decoder.layers.5.self_attn.attn.in_proj_bias - torch.Size([768]): 
The value is the same before and after calling `init_weights` of DINO  

decoder.layers.5.self_attn.attn.out_proj.weight - torch.Size([256, 256]): 
The value is the same before and after calling `init_weights` of DINO  

decoder.layers.5.self_attn.attn.out_proj.bias - torch.Size([256]): 
The value is the same before and after calling `init_weights` of DINO  

decoder.layers.5.cross_attn.sampling_offsets.weight - torch.Size([256, 256]): 
The value is the same before and after calling `init_weights` of DINO  

decoder.layers.5.cross_attn.sampling_offsets.bias - torch.Size([256]): 
The value is the same before and after calling `init_weights` of DINO  

decoder.layers.5.cross_attn.attention_weights.weight - torch.Size([128, 256]): 
The value is the same before and after calling `init_weights` of DINO  

decoder.layers.5.cross_attn.attention_weights.bias - torch.Size([128]): 
The value is the same before and after calling `init_weights` of DINO  

decoder.layers.5.cross_attn.value_proj.weight - torch.Size([256, 256]): 
The value is the same before and after calling `init_weights` of DINO  

decoder.layers.5.cross_attn.value_proj.bias - torch.Size([256]): 
The value is the same before and after calling `init_weights` of DINO  

decoder.layers.5.cross_attn.output_proj.weight - torch.Size([256, 256]): 
The value is the same before and after calling `init_weights` of DINO  

decoder.layers.5.cross_attn.output_proj.bias - torch.Size([256]): 
The value is the same before and after calling `init_weights` of DINO  

decoder.layers.5.ffn.layers.0.0.weight - torch.Size([2048, 256]): 
The value is the same before and after calling `init_weights` of DINO  

decoder.layers.5.ffn.layers.0.0.bias - torch.Size([2048]): 
The value is the same before and after calling `init_weights` of DINO  

decoder.layers.5.ffn.layers.1.weight - torch.Size([256, 2048]): 
The value is the same before and after calling `init_weights` of DINO  

decoder.layers.5.ffn.layers.1.bias - torch.Size([256]): 
The value is the same before and after calling `init_weights` of DINO  

decoder.layers.5.norms.0.weight - torch.Size([256]): 
The value is the same before and after calling `init_weights` of DINO  

decoder.layers.5.norms.0.bias - torch.Size([256]): 
The value is the same before and after calling `init_weights` of DINO  

decoder.layers.5.norms.1.weight - torch.Size([256]): 
The value is the same before and after calling `init_weights` of DINO  

decoder.layers.5.norms.1.bias - torch.Size([256]): 
The value is the same before and after calling `init_weights` of DINO  

decoder.layers.5.norms.2.weight - torch.Size([256]): 
The value is the same before and after calling `init_weights` of DINO  

decoder.layers.5.norms.2.bias - torch.Size([256]): 
The value is the same before and after calling `init_weights` of DINO  

decoder.ref_point_head.layers.0.weight - torch.Size([256, 512]): 
The value is the same before and after calling `init_weights` of DINO  

decoder.ref_point_head.layers.0.bias - torch.Size([256]): 
The value is the same before and after calling `init_weights` of DINO  

decoder.ref_point_head.layers.1.weight - torch.Size([256, 256]): 
The value is the same before and after calling `init_weights` of DINO  

decoder.ref_point_head.layers.1.bias - torch.Size([256]): 
The value is the same before and after calling `init_weights` of DINO  

decoder.norm.weight - torch.Size([256]): 
The value is the same before and after calling `init_weights` of DINO  

decoder.norm.bias - torch.Size([256]): 
The value is the same before and after calling `init_weights` of DINO  

query_embedding.weight - torch.Size([900, 256]): 
The value is the same before and after calling `init_weights` of DINO  

memory_trans_fc.weight - torch.Size([256, 256]): 
The value is the same before and after calling `init_weights` of DINO  

memory_trans_fc.bias - torch.Size([256]): 
The value is the same before and after calling `init_weights` of DINO  

memory_trans_norm.weight - torch.Size([256]): 
The value is the same before and after calling `init_weights` of DINO  

memory_trans_norm.bias - torch.Size([256]): 
The value is the same before and after calling `init_weights` of DINO  

dn_query_generator.label_embedding.weight - torch.Size([2, 256]): 
The value is the same before and after calling `init_weights` of DINO  
2026/03/28 11:33:10 - mmengine - INFO - Load checkpoint from https://download.openmmlab.com/mmdetection/v3.0/dino/dino-4scale_r50_8xb2-12e_coco/dino-4scale_r50_8xb2-12e_coco_20221202_182705-55b2bba2.pth
2026/03/28 11:33:10 - mmengine - WARNING - "FileClient" will be deprecated in future. Please use io functions in https://mmengine.readthedocs.io/en/latest/api/fileio.html#file-io
2026/03/28 11:33:10 - mmengine - WARNING - "HardDiskBackend" is the alias of "LocalBackend" and the former will be deprecated in future.
2026/03/28 11:33:10 - mmengine - INFO - Checkpoints will be saved to /workspace/aquaculture-perception/runs/mmdet/net_fish_sonar/dino_4scale_r50_net_fish_sonar_80e_pretrained.
2026/03/28 11:34:12 - mmengine - INFO - Exp name: dino_4scale_r50_net_fish_sonar_80e_pretrained_20260328_113233
2026/03/28 11:34:12 - mmengine - INFO - Epoch(train)  [1][38/38]  base_lr: 1.0000e-05 lr: 1.0000e-05  eta: 1:21:32  time: 1.6297  data_time: 0.0281  memory: 32111  grad_norm: nan  loss: 21.5078  loss_cls: 0.7337  loss_bbox: 0.1875  loss_iou: 0.5110  d0.loss_cls: 0.8126  d0.loss_bbox: 0.2496  d0.loss_iou: 0.6176  d1.loss_cls: 0.7164  d1.loss_bbox: 0.2238  d1.loss_iou: 0.5651  d2.loss_cls: 0.7520  d2.loss_bbox: 0.2035  d2.loss_iou: 0.5425  d3.loss_cls: 0.7867  d3.loss_bbox: 0.1931  d3.loss_iou: 0.5249  d4.loss_cls: 0.7482  d4.loss_bbox: 0.1884  d4.loss_iou: 0.5146  enc_loss_cls: 0.7867  enc_loss_bbox: 0.3311  enc_loss_iou: 0.7475  dn_loss_cls: 0.5555  dn_loss_bbox: 0.2764  dn_loss_iou: 0.5589  d0.dn_loss_cls: 0.9363  d0.dn_loss_bbox: 0.7777  d0.dn_loss_iou: 0.9072  d1.dn_loss_cls: 0.8927  d1.dn_loss_bbox: 0.3563  d1.dn_loss_iou: 0.6744  d2.dn_loss_cls: 0.6966  d2.dn_loss_bbox: 0.2989  d2.dn_loss_iou: 0.5952  d3.dn_loss_cls: 0.7285  d3.dn_loss_bbox: 0.2813  d3.dn_loss_iou: 0.5700  d4.dn_loss_cls: 0.6272  d4.dn_loss_bbox: 0.2776  d4.dn_loss_iou: 0.5605
2026/03/28 11:35:11 - mmengine - INFO - Exp name: dino_4scale_r50_net_fish_sonar_80e_pretrained_20260328_113233
2026/03/28 11:35:11 - mmengine - INFO - Epoch(train)  [2][38/38]  base_lr: 5.5000e-05 lr: 5.5000e-05  eta: 1:18:11  time: 1.5242  data_time: 0.0480  memory: 32111  grad_norm: 42.2897  loss: 9.1258  loss_cls: 0.1926  loss_bbox: 0.0918  loss_iou: 0.3476  d0.loss_cls: 0.4515  d0.loss_bbox: 0.0915  d0.loss_iou: 0.3423  d1.loss_cls: 0.2722  d1.loss_bbox: 0.0871  d1.loss_iou: 0.3440  d2.loss_cls: 0.2182  d2.loss_bbox: 0.0908  d2.loss_iou: 0.3492  d3.loss_cls: 0.2043  d3.loss_bbox: 0.0903  d3.loss_iou: 0.3480  d4.loss_cls: 0.1857  d4.loss_bbox: 0.0908  d4.loss_iou: 0.3472  enc_loss_cls: 0.4921  enc_loss_bbox: 0.1173  enc_loss_iou: 0.3961  dn_loss_cls: 0.0739  dn_loss_bbox: 0.0946  dn_loss_iou: 0.3430  d0.dn_loss_cls: 0.4501  d0.dn_loss_bbox: 0.1711  d0.dn_loss_iou: 0.5044  d1.dn_loss_cls: 0.2324  d1.dn_loss_bbox: 0.1092  d1.dn_loss_iou: 0.3744  d2.dn_loss_cls: 0.1127  d2.dn_loss_bbox: 0.0980  d2.dn_loss_iou: 0.3503  d3.dn_loss_cls: 0.1083  d3.dn_loss_bbox: 0.0956  d3.dn_loss_iou: 0.3449  d4.dn_loss_cls: 0.0744  d4.dn_loss_bbox: 0.0947  d4.dn_loss_iou: 0.3430
2026/03/28 11:35:21 - mmengine - INFO - Epoch(val)  [2][50/50]    eta: 0:00:00  time: 0.2133  data_time: 0.0159  memory: 1260  
2026/03/28 11:35:22 - mmengine - INFO - Evaluating bbox...
2026/03/28 11:35:28 - mmengine - INFO - bbox_mAP_copypaste: 0.463 0.716 0.506 0.111 0.494 0.746
2026/03/28 11:35:28 - mmengine - INFO - Epoch(val) [2][50/50]    coco/bbox_mAP: 0.4630  coco/bbox_mAP_50: 0.7160  coco/bbox_mAP_75: 0.5060  coco/bbox_mAP_s: 0.1110  coco/bbox_mAP_m: 0.4940  coco/bbox_mAP_l: 0.7460  data_time: 0.0159  time: 0.2133
2026/03/28 11:35:29 - mmengine - INFO - The best checkpoint with 0.4630 coco/bbox_mAP at 2 epoch is saved to best_coco_bbox_mAP_epoch_2.pth.
2026/03/28 11:36:24 - mmengine - INFO - Exp name: dino_4scale_r50_net_fish_sonar_80e_pretrained_20260328_113233
2026/03/28 11:36:24 - mmengine - INFO - Epoch(train)  [3][38/38]  base_lr: 1.0000e-04 lr: 1.0000e-04  eta: 1:14:53  time: 1.4206  data_time: 0.0221  memory: 32111  grad_norm: 46.4823  loss: 6.0665  loss_cls: 0.0354  loss_bbox: 0.0828  loss_iou: 0.3236  d0.loss_cls: 0.1170  d0.loss_bbox: 0.0870  d0.loss_iou: 0.3377  d1.loss_cls: 0.0606  d1.loss_bbox: 0.0825  d1.loss_iou: 0.3266  d2.loss_cls: 0.0460  d2.loss_bbox: 0.0820  d2.loss_iou: 0.3219  d3.loss_cls: 0.0399  d3.loss_bbox: 0.0821  d3.loss_iou: 0.3226  d4.loss_cls: 0.0364  d4.loss_bbox: 0.0825  d4.loss_iou: 0.3226  enc_loss_cls: 0.2350  enc_loss_bbox: 0.0999  enc_loss_iou: 0.3604  dn_loss_cls: 0.0082  dn_loss_bbox: 0.0739  dn_loss_iou: 0.2996  d0.dn_loss_cls: 0.0742  d0.dn_loss_bbox: 0.1260  d0.dn_loss_iou: 0.4186  d1.dn_loss_cls: 0.0209  d1.dn_loss_bbox: 0.0825  d1.dn_loss_iou: 0.3197  d2.dn_loss_cls: 0.0124  d2.dn_loss_bbox: 0.0757  d2.dn_loss_iou: 0.3040  d3.dn_loss_cls: 0.0101  d3.dn_loss_bbox: 0.0741  d3.dn_loss_iou: 0.2999  d4.dn_loss_cls: 0.0085  d4.dn_loss_bbox: 0.0739  d4.dn_loss_iou: 0.2994
2026/03/28 11:37:19 - mmengine - INFO - Exp name: dino_4scale_r50_net_fish_sonar_80e_pretrained_20260328_113233
2026/03/28 11:37:19 - mmengine - INFO - Epoch(train)  [4][38/38]  base_lr: 1.0000e-04 lr: 1.0000e-04  eta: 1:12:56  time: 1.4300  data_time: 0.0194  memory: 32111  grad_norm: 45.0525  loss: 5.4556  loss_cls: 0.0268  loss_bbox: 0.0739  loss_iou: 0.3013  d0.loss_cls: 0.0697  d0.loss_bbox: 0.0800  d0.loss_iou: 0.3195  d1.loss_cls: 0.0416  d1.loss_bbox: 0.0750  d1.loss_iou: 0.3059  d2.loss_cls: 0.0346  d2.loss_bbox: 0.0727  d2.loss_iou: 0.3010  d3.loss_cls: 0.0304  d3.loss_bbox: 0.0730  d3.loss_iou: 0.3003  d4.loss_cls: 0.0281  d4.loss_bbox: 0.0735  d4.loss_iou: 0.3007  enc_loss_cls: 0.1591  enc_loss_bbox: 0.0901  enc_loss_iou: 0.3502  dn_loss_cls: 0.0053  dn_loss_bbox: 0.0664  dn_loss_iou: 0.2767  d0.dn_loss_cls: 0.0389  d0.dn_loss_bbox: 0.1218  d0.dn_loss_iou: 0.3983  d1.dn_loss_cls: 0.0140  d1.dn_loss_bbox: 0.0747  d1.dn_loss_iou: 0.2969  d2.dn_loss_cls: 0.0091  d2.dn_loss_bbox: 0.0675  d2.dn_loss_iou: 0.2796  d3.dn_loss_cls: 0.0070  d3.dn_loss_bbox: 0.0664  d3.dn_loss_iou: 0.2769  d4.dn_loss_cls: 0.0057  d4.dn_loss_bbox: 0.0663  d4.dn_loss_iou: 0.2766
2026/03/28 11:37:29 - mmengine - INFO - Epoch(val)  [4][50/50]    eta: 0:00:00  time: 0.2004  data_time: 0.0124  memory: 1260  
2026/03/28 11:37:30 - mmengine - INFO - Evaluating bbox...
2026/03/28 11:37:34 - mmengine - INFO - bbox_mAP_copypaste: 0.515 0.856 0.527 0.209 0.529 0.752
2026/03/28 11:37:34 - mmengine - INFO - Epoch(val) [4][50/50]    coco/bbox_mAP: 0.5150  coco/bbox_mAP_50: 0.8560  coco/bbox_mAP_75: 0.5270  coco/bbox_mAP_s: 0.2090  coco/bbox_mAP_m: 0.5290  coco/bbox_mAP_l: 0.7520  data_time: 0.0123  time: 0.2004
2026/03/28 11:37:34 - mmengine - INFO - The previous best checkpoint /workspace/aquaculture-perception/runs/mmdet/net_fish_sonar/dino_4scale_r50_net_fish_sonar_80e_pretrained/best_coco_bbox_mAP_epoch_2.pth is removed
2026/03/28 11:37:35 - mmengine - INFO - The best checkpoint with 0.5150 coco/bbox_mAP at 4 epoch is saved to best_coco_bbox_mAP_epoch_4.pth.
2026/03/28 11:38:31 - mmengine - INFO - Exp name: dino_4scale_r50_net_fish_sonar_80e_pretrained_20260328_113233
2026/03/28 11:38:31 - mmengine - INFO - Epoch(train)  [5][38/38]  base_lr: 9.8697e-05 lr: 9.8697e-05  eta: 1:11:26  time: 1.4335  data_time: 0.0162  memory: 32111  grad_norm: 42.8840  loss: 5.0688  loss_cls: 0.0234  loss_bbox: 0.0679  loss_iou: 0.2881  d0.loss_cls: 0.0543  d0.loss_bbox: 0.0732  d0.loss_iou: 0.3032  d1.loss_cls: 0.0341  d1.loss_bbox: 0.0691  d1.loss_iou: 0.2902  d2.loss_cls: 0.0297  d2.loss_bbox: 0.0676  d2.loss_iou: 0.2871  d3.loss_cls: 0.0262  d3.loss_bbox: 0.0675  d3.loss_iou: 0.2872  d4.loss_cls: 0.0241  d4.loss_bbox: 0.0680  d4.loss_iou: 0.2879  enc_loss_cls: 0.1239  enc_loss_bbox: 0.0818  enc_loss_iou: 0.3303  dn_loss_cls: 0.0050  dn_loss_bbox: 0.0618  dn_loss_iou: 0.2649  d0.dn_loss_cls: 0.0296  d0.dn_loss_bbox: 0.1008  d0.dn_loss_iou: 0.3636  d1.dn_loss_cls: 0.0107  d1.dn_loss_bbox: 0.0672  d1.dn_loss_iou: 0.2791  d2.dn_loss_cls: 0.0073  d2.dn_loss_bbox: 0.0627  d2.dn_loss_iou: 0.2671  d3.dn_loss_cls: 0.0058  d3.dn_loss_bbox: 0.0618  d3.dn_loss_iou: 0.2648  d4.dn_loss_cls: 0.0052  d4.dn_loss_bbox: 0.0617  d4.dn_loss_iou: 0.2647
2026/03/28 11:39:26 - mmengine - INFO - Exp name: dino_4scale_r50_net_fish_sonar_80e_pretrained_20260328_113233
2026/03/28 11:39:26 - mmengine - INFO - Epoch(train)  [6][38/38]  base_lr: 9.7395e-05 lr: 9.7395e-05  eta: 1:10:06  time: 1.4316  data_time: 0.0130  memory: 32111  grad_norm: 43.5264  loss: 4.7070  loss_cls: 0.0189  loss_bbox: 0.0652  loss_iou: 0.2710  d0.loss_cls: 0.0417  d0.loss_bbox: 0.0690  d0.loss_iou: 0.2842  d1.loss_cls: 0.0269  d1.loss_bbox: 0.0656  d1.loss_iou: 0.2747  d2.loss_cls: 0.0229  d2.loss_bbox: 0.0638  d2.loss_iou: 0.2707  d3.loss_cls: 0.0207  d3.loss_bbox: 0.0639  d3.loss_iou: 0.2700  d4.loss_cls: 0.0186  d4.loss_bbox: 0.0652  d4.loss_iou: 0.2711  enc_loss_cls: 0.0983  enc_loss_bbox: 0.0776  enc_loss_iou: 0.3104  dn_loss_cls: 0.0035  dn_loss_bbox: 0.0586  dn_loss_iou: 0.2478  d0.dn_loss_cls: 0.0242  d0.dn_loss_bbox: 0.0943  d0.dn_loss_iou: 0.3373  d1.dn_loss_cls: 0.0092  d1.dn_loss_bbox: 0.0634  d1.dn_loss_iou: 0.2613  d2.dn_loss_cls: 0.0058  d2.dn_loss_bbox: 0.0593  d2.dn_loss_iou: 0.2505  d3.dn_loss_cls: 0.0045  d3.dn_loss_bbox: 0.0587  d3.dn_loss_iou: 0.2480  d4.dn_loss_cls: 0.0037  d4.dn_loss_bbox: 0.0586  d4.dn_loss_iou: 0.2477
2026/03/28 11:39:36 - mmengine - INFO - Epoch(val)  [6][50/50]    eta: 0:00:00  time: 0.1971  data_time: 0.0109  memory: 1260  
2026/03/28 11:39:37 - mmengine - INFO - Evaluating bbox...
2026/03/28 11:39:43 - mmengine - INFO - bbox_mAP_copypaste: 0.530 0.874 0.547 0.233 0.543 0.775
2026/03/28 11:39:43 - mmengine - INFO - Epoch(val) [6][50/50]    coco/bbox_mAP: 0.5300  coco/bbox_mAP_50: 0.8740  coco/bbox_mAP_75: 0.5470  coco/bbox_mAP_s: 0.2330  coco/bbox_mAP_m: 0.5430  coco/bbox_mAP_l: 0.7750  data_time: 0.0108  time: 0.1972
2026/03/28 11:39:43 - mmengine - INFO - The previous best checkpoint /workspace/aquaculture-perception/runs/mmdet/net_fish_sonar/dino_4scale_r50_net_fish_sonar_80e_pretrained/best_coco_bbox_mAP_epoch_4.pth is removed
2026/03/28 11:39:44 - mmengine - INFO - The best checkpoint with 0.5300 coco/bbox_mAP at 6 epoch is saved to best_coco_bbox_mAP_epoch_6.pth.
2026/03/28 11:40:39 - mmengine - INFO - Exp name: dino_4scale_r50_net_fish_sonar_80e_pretrained_20260328_113233
2026/03/28 11:40:39 - mmengine - INFO - Epoch(train)  [7][38/38]  base_lr: 9.6092e-05 lr: 9.6092e-05  eta: 1:08:49  time: 1.4250  data_time: 0.0183  memory: 32111  grad_norm: 38.4360  loss: 4.3854  loss_cls: 0.0129  loss_bbox: 0.0609  loss_iou: 0.2551  d0.loss_cls: 0.0335  d0.loss_bbox: 0.0643  d0.loss_iou: 0.2652  d1.loss_cls: 0.0214  d1.loss_bbox: 0.0608  d1.loss_iou: 0.2557  d2.loss_cls: 0.0165  d2.loss_bbox: 0.0608  d2.loss_iou: 0.2550  d3.loss_cls: 0.0144  d3.loss_bbox: 0.0608  d3.loss_iou: 0.2549  d4.loss_cls: 0.0129  d4.loss_bbox: 0.0609  d4.loss_iou: 0.2550  enc_loss_cls: 0.0824  enc_loss_bbox: 0.0762  enc_loss_iou: 0.2958  dn_loss_cls: 0.0028  dn_loss_bbox: 0.0549  dn_loss_iou: 0.2337  d0.dn_loss_cls: 0.0198  d0.dn_loss_bbox: 0.0871  d0.dn_loss_iou: 0.3195  d1.dn_loss_cls: 0.0075  d1.dn_loss_bbox: 0.0587  d1.dn_loss_iou: 0.2453  d2.dn_loss_cls: 0.0046  d2.dn_loss_bbox: 0.0557  d2.dn_loss_iou: 0.2362  d3.dn_loss_cls: 0.0036  d3.dn_loss_bbox: 0.0550  d3.dn_loss_iou: 0.2340  d4.dn_loss_cls: 0.0030  d4.dn_loss_bbox: 0.0549  d4.dn_loss_iou: 0.2336
2026/03/28 11:41:34 - mmengine - INFO - Exp name: dino_4scale_r50_net_fish_sonar_80e_pretrained_20260328_113233
2026/03/28 11:41:34 - mmengine - INFO - Epoch(train)  [8][38/38]  base_lr: 9.4789e-05 lr: 9.4789e-05  eta: 1:07:42  time: 1.4335  data_time: 0.0146  memory: 32111  grad_norm: 44.7725  loss: 4.1970  loss_cls: 0.0126  loss_bbox: 0.0562  loss_iou: 0.2463  d0.loss_cls: 0.0329  d0.loss_bbox: 0.0584  d0.loss_iou: 0.2539  d1.loss_cls: 0.0205  d1.loss_bbox: 0.0564  d1.loss_iou: 0.2467  d2.loss_cls: 0.0152  d2.loss_bbox: 0.0561  d2.loss_iou: 0.2458  d3.loss_cls: 0.0136  d3.loss_bbox: 0.0563  d3.loss_iou: 0.2462  d4.loss_cls: 0.0129  d4.loss_bbox: 0.0562  d4.loss_iou: 0.2465  enc_loss_cls: 0.0735  enc_loss_bbox: 0.0679  enc_loss_iou: 0.2830  dn_loss_cls: 0.0034  dn_loss_bbox: 0.0509  dn_loss_iou: 0.2279  d0.dn_loss_cls: 0.0189  d0.dn_loss_bbox: 0.0803  d0.dn_loss_iou: 0.3078  d1.dn_loss_cls: 0.0076  d1.dn_loss_bbox: 0.0540  d1.dn_loss_iou: 0.2379  d2.dn_loss_cls: 0.0049  d2.dn_loss_bbox: 0.0514  d2.dn_loss_iou: 0.2296  d3.dn_loss_cls: 0.0040  d3.dn_loss_bbox: 0.0509  d3.dn_loss_iou: 0.2279  d4.dn_loss_cls: 0.0036  d4.dn_loss_bbox: 0.0509  d4.dn_loss_iou: 0.2278
2026/03/28 11:41:44 - mmengine - INFO - Epoch(val)  [8][50/50]    eta: 0:00:00  time: 0.1950  data_time: 0.0107  memory: 1260  
2026/03/28 11:41:45 - mmengine - INFO - Evaluating bbox...
2026/03/28 11:41:49 - mmengine - INFO - bbox_mAP_copypaste: 0.533 0.897 0.533 0.243 0.542 0.761
2026/03/28 11:41:49 - mmengine - INFO - Epoch(val) [8][50/50]    coco/bbox_mAP: 0.5330  coco/bbox_mAP_50: 0.8970  coco/bbox_mAP_75: 0.5330  coco/bbox_mAP_s: 0.2430  coco/bbox_mAP_m: 0.5420  coco/bbox_mAP_l: 0.7610  data_time: 0.0107  time: 0.1950
2026/03/28 11:41:49 - mmengine - INFO - The previous best checkpoint /workspace/aquaculture-perception/runs/mmdet/net_fish_sonar/dino_4scale_r50_net_fish_sonar_80e_pretrained/best_coco_bbox_mAP_epoch_6.pth is removed
2026/03/28 11:41:50 - mmengine - INFO - The best checkpoint with 0.5330 coco/bbox_mAP at 8 epoch is saved to best_coco_bbox_mAP_epoch_8.pth.
2026/03/28 11:42:45 - mmengine - INFO - Exp name: dino_4scale_r50_net_fish_sonar_80e_pretrained_20260328_113233
2026/03/28 11:42:45 - mmengine - INFO - Epoch(train)  [9][38/38]  base_lr: 9.3487e-05 lr: 9.3487e-05  eta: 1:06:37  time: 1.4351  data_time: 0.0149  memory: 32111  grad_norm: 43.9386  loss: 4.1293  loss_cls: 0.0106  loss_bbox: 0.0570  loss_iou: 0.2420  d0.loss_cls: 0.0294  d0.loss_bbox: 0.0584  d0.loss_iou: 0.2495  d1.loss_cls: 0.0179  d1.loss_bbox: 0.0566  d1.loss_iou: 0.2420  d2.loss_cls: 0.0136  d2.loss_bbox: 0.0565  d2.loss_iou: 0.2415  d3.loss_cls: 0.0119  d3.loss_bbox: 0.0564  d3.loss_iou: 0.2418  d4.loss_cls: 0.0107  d4.loss_bbox: 0.0571  d4.loss_iou: 0.2420  enc_loss_cls: 0.0657  enc_loss_bbox: 0.0702  enc_loss_iou: 0.2782  dn_loss_cls: 0.0034  dn_loss_bbox: 0.0515  dn_loss_iou: 0.2240  d0.dn_loss_cls: 0.0173  d0.dn_loss_bbox: 0.0829  d0.dn_loss_iou: 0.3061  d1.dn_loss_cls: 0.0070  d1.dn_loss_bbox: 0.0549  d1.dn_loss_iou: 0.2336  d2.dn_loss_cls: 0.0045  d2.dn_loss_bbox: 0.0521  d2.dn_loss_iou: 0.2255  d3.dn_loss_cls: 0.0037  d3.dn_loss_bbox: 0.0515  d3.dn_loss_iou: 0.2237  d4.dn_loss_cls: 0.0034  d4.dn_loss_bbox: 0.0515  d4.dn_loss_iou: 0.2239
2026/03/28 11:43:40 - mmengine - INFO - Exp name: dino_4scale_r50_net_fish_sonar_80e_pretrained_20260328_113233
2026/03/28 11:43:40 - mmengine - INFO - Epoch(train) [10][38/38]  base_lr: 9.2184e-05 lr: 9.2184e-05  eta: 1:05:31  time: 1.4281  data_time: 0.0131  memory: 32111  grad_norm: 41.8288  loss: 4.0199  loss_cls: 0.0106  loss_bbox: 0.0545  loss_iou: 0.2353  d0.loss_cls: 0.0272  d0.loss_bbox: 0.0573  d0.loss_iou: 0.2465  d1.loss_cls: 0.0167  d1.loss_bbox: 0.0551  d1.loss_iou: 0.2371  d2.loss_cls: 0.0128  d2.loss_bbox: 0.0546  d2.loss_iou: 0.2359  d3.loss_cls: 0.0114  d3.loss_bbox: 0.0546  d3.loss_iou: 0.2354  d4.loss_cls: 0.0107  d4.loss_bbox: 0.0545  d4.loss_iou: 0.2352  enc_loss_cls: 0.0623  enc_loss_bbox: 0.0718  enc_loss_iou: 0.2778  dn_loss_cls: 0.0031  dn_loss_bbox: 0.0495  dn_loss_iou: 0.2172  d0.dn_loss_cls: 0.0164  d0.dn_loss_bbox: 0.0780  d0.dn_loss_iou: 0.2975  d1.dn_loss_cls: 0.0067  d1.dn_loss_bbox: 0.0527  d1.dn_loss_iou: 0.2277  d2.dn_loss_cls: 0.0042  d2.dn_loss_bbox: 0.0500  d2.dn_loss_iou: 0.2189  d3.dn_loss_cls: 0.0035  d3.dn_loss_bbox: 0.0496  d3.dn_loss_iou: 0.2173  d4.dn_loss_cls: 0.0032  d4.dn_loss_bbox: 0.0495  d4.dn_loss_iou: 0.2172
2026/03/28 11:43:50 - mmengine - INFO - Epoch(val) [10][50/50]    eta: 0:00:00  time: 0.1964  data_time: 0.0113  memory: 1260  
2026/03/28 11:43:51 - mmengine - INFO - Evaluating bbox...
2026/03/28 11:43:55 - mmengine - INFO - bbox_mAP_copypaste: 0.522 0.873 0.549 0.219 0.518 0.778
2026/03/28 11:43:55 - mmengine - INFO - Epoch(val) [10][50/50]    coco/bbox_mAP: 0.5220  coco/bbox_mAP_50: 0.8730  coco/bbox_mAP_75: 0.5490  coco/bbox_mAP_s: 0.2190  coco/bbox_mAP_m: 0.5180  coco/bbox_mAP_l: 0.7780  data_time: 0.0112  time: 0.1964
2026/03/28 11:44:50 - mmengine - INFO - Exp name: dino_4scale_r50_net_fish_sonar_80e_pretrained_20260328_113233
2026/03/28 11:44:50 - mmengine - INFO - Epoch(train) [11][38/38]  base_lr: 9.0882e-05 lr: 9.0882e-05  eta: 1:04:30  time: 1.4351  data_time: 0.0122  memory: 32111  grad_norm: 47.3478  loss: 3.7897  loss_cls: 0.0091  loss_bbox: 0.0500  loss_iou: 0.2222  d0.loss_cls: 0.0262  d0.loss_bbox: 0.0541  d0.loss_iou: 0.2334  d1.loss_cls: 0.0145  d1.loss_bbox: 0.0508  d1.loss_iou: 0.2251  d2.loss_cls: 0.0110  d2.loss_bbox: 0.0501  d2.loss_iou: 0.2227  d3.loss_cls: 0.0096  d3.loss_bbox: 0.0500  d3.loss_iou: 0.2223  d4.loss_cls: 0.0090  d4.loss_bbox: 0.0499  d4.loss_iou: 0.2222  enc_loss_cls: 0.0569  enc_loss_bbox: 0.0661  enc_loss_iou: 0.2633  dn_loss_cls: 0.0022  dn_loss_bbox: 0.0463  dn_loss_iou: 0.2064  d0.dn_loss_cls: 0.0148  d0.dn_loss_bbox: 0.0751  d0.dn_loss_iou: 0.2865  d1.dn_loss_cls: 0.0054  d1.dn_loss_bbox: 0.0495  d1.dn_loss_iou: 0.2162  d2.dn_loss_cls: 0.0030  d2.dn_loss_bbox: 0.0469  d2.dn_loss_iou: 0.2084  d3.dn_loss_cls: 0.0026  d3.dn_loss_bbox: 0.0464  d3.dn_loss_iou: 0.2066  d4.dn_loss_cls: 0.0023  d4.dn_loss_bbox: 0.0463  d4.dn_loss_iou: 0.2063
2026/03/28 11:45:46 - mmengine - INFO - Exp name: dino_4scale_r50_net_fish_sonar_80e_pretrained_20260328_113233
2026/03/28 11:45:46 - mmengine - INFO - Epoch(train) [12][38/38]  base_lr: 8.9579e-05 lr: 8.9579e-05  eta: 1:03:30  time: 1.4400  data_time: 0.0192  memory: 32111  grad_norm: 41.3252  loss: 3.5056  loss_cls: 0.0088  loss_bbox: 0.0458  loss_iou: 0.2057  d0.loss_cls: 0.0229  d0.loss_bbox: 0.0483  d0.loss_iou: 0.2136  d1.loss_cls: 0.0133  d1.loss_bbox: 0.0466  d1.loss_iou: 0.2084  d2.loss_cls: 0.0101  d2.loss_bbox: 0.0460  d2.loss_iou: 0.2061  d3.loss_cls: 0.0091  d3.loss_bbox: 0.0459  d3.loss_iou: 0.2055  d4.loss_cls: 0.0088  d4.loss_bbox: 0.0459  d4.loss_iou: 0.2059  enc_loss_cls: 0.0497  enc_loss_bbox: 0.0590  enc_loss_iou: 0.2419  dn_loss_cls: 0.0020  dn_loss_bbox: 0.0434  dn_loss_iou: 0.1940  d0.dn_loss_cls: 0.0138  d0.dn_loss_bbox: 0.0670  d0.dn_loss_iou: 0.2644  d1.dn_loss_cls: 0.0049  d1.dn_loss_bbox: 0.0457  d1.dn_loss_iou: 0.2025  d2.dn_loss_cls: 0.0028  d2.dn_loss_bbox: 0.0437  d2.dn_loss_iou: 0.1951  d3.dn_loss_cls: 0.0022  d3.dn_loss_bbox: 0.0434  d3.dn_loss_iou: 0.1940  d4.dn_loss_cls: 0.0020  d4.dn_loss_bbox: 0.0434  d4.dn_loss_iou: 0.1940
2026/03/28 11:45:56 - mmengine - INFO - Epoch(val) [12][50/50]    eta: 0:00:00  time: 0.1987  data_time: 0.0110  memory: 1260  
2026/03/28 11:45:57 - mmengine - INFO - Evaluating bbox...
2026/03/28 11:46:00 - mmengine - INFO - bbox_mAP_copypaste: 0.535 0.881 0.521 0.234 0.532 0.775
2026/03/28 11:46:01 - mmengine - INFO - Epoch(val) [12][50/50]    coco/bbox_mAP: 0.5350  coco/bbox_mAP_50: 0.8810  coco/bbox_mAP_75: 0.5210  coco/bbox_mAP_s: 0.2340  coco/bbox_mAP_m: 0.5320  coco/bbox_mAP_l: 0.7750  data_time: 0.0109  time: 0.1988
2026/03/28 11:46:01 - mmengine - INFO - The previous best checkpoint /workspace/aquaculture-perception/runs/mmdet/net_fish_sonar/dino_4scale_r50_net_fish_sonar_80e_pretrained/best_coco_bbox_mAP_epoch_8.pth is removed
2026/03/28 11:46:02 - mmengine - INFO - The best checkpoint with 0.5350 coco/bbox_mAP at 12 epoch is saved to best_coco_bbox_mAP_epoch_12.pth.
2026/03/28 11:46:57 - mmengine - INFO - Exp name: dino_4scale_r50_net_fish_sonar_80e_pretrained_20260328_113233
2026/03/28 11:46:57 - mmengine - INFO - Epoch(train) [13][38/38]  base_lr: 8.8276e-05 lr: 8.8276e-05  eta: 1:02:28  time: 1.4231  data_time: 0.0140  memory: 32111  grad_norm: 41.2770  loss: 3.4330  loss_cls: 0.0063  loss_bbox: 0.0446  loss_iou: 0.2014  d0.loss_cls: 0.0216  d0.loss_bbox: 0.0474  d0.loss_iou: 0.2100  d1.loss_cls: 0.0126  d1.loss_bbox: 0.0454  d1.loss_iou: 0.2034  d2.loss_cls: 0.0092  d2.loss_bbox: 0.0447  d2.loss_iou: 0.2019  d3.loss_cls: 0.0077  d3.loss_bbox: 0.0445  d3.loss_iou: 0.2012  d4.loss_cls: 0.0065  d4.loss_bbox: 0.0446  d4.loss_iou: 0.2014  enc_loss_cls: 0.0461  enc_loss_bbox: 0.0585  enc_loss_iou: 0.2389  dn_loss_cls: 0.0021  dn_loss_bbox: 0.0422  dn_loss_iou: 0.1901  d0.dn_loss_cls: 0.0130  d0.dn_loss_bbox: 0.0671  d0.dn_loss_iou: 0.2636  d1.dn_loss_cls: 0.0050  d1.dn_loss_bbox: 0.0450  d1.dn_loss_iou: 0.1996  d2.dn_loss_cls: 0.0031  d2.dn_loss_bbox: 0.0427  d2.dn_loss_iou: 0.1919  d3.dn_loss_cls: 0.0025  d3.dn_loss_bbox: 0.0422  d3.dn_loss_iou: 0.1902  d4.dn_loss_cls: 0.0022  d4.dn_loss_bbox: 0.0422  d4.dn_loss_iou: 0.1901
2026/03/28 11:47:52 - mmengine - INFO - Exp name: dino_4scale_r50_net_fish_sonar_80e_pretrained_20260328_113233
2026/03/28 11:47:52 - mmengine - INFO - Epoch(train) [14][38/38]  base_lr: 8.6974e-05 lr: 8.6974e-05  eta: 1:01:31  time: 1.4412  data_time: 0.0160  memory: 32111  grad_norm: 40.7359  loss: 3.3663  loss_cls: 0.0039  loss_bbox: 0.0439  loss_iou: 0.1958  d0.loss_cls: 0.0215  d0.loss_bbox: 0.0473  d0.loss_iou: 0.2060  d1.loss_cls: 0.0112  d1.loss_bbox: 0.0448  d1.loss_iou: 0.1979  d2.loss_cls: 0.0072  d2.loss_bbox: 0.0441  d2.loss_iou: 0.1966  d3.loss_cls: 0.0056  d3.loss_bbox: 0.0438  d3.loss_iou: 0.1959  d4.loss_cls: 0.0042  d4.loss_bbox: 0.0439  d4.loss_iou: 0.1959  enc_loss_cls: 0.0434  enc_loss_bbox: 0.0617  enc_loss_iou: 0.2393  dn_loss_cls: 0.0025  dn_loss_bbox: 0.0417  dn_loss_iou: 0.1865  d0.dn_loss_cls: 0.0128  d0.dn_loss_bbox: 0.0679  d0.dn_loss_iou: 0.2592  d1.dn_loss_cls: 0.0052  d1.dn_loss_bbox: 0.0447  d1.dn_loss_iou: 0.1956  d2.dn_loss_cls: 0.0034  d2.dn_loss_bbox: 0.0423  d2.dn_loss_iou: 0.1885  d3.dn_loss_cls: 0.0029  d3.dn_loss_bbox: 0.0417  d3.dn_loss_iou: 0.1865  d4.dn_loss_cls: 0.0026  d4.dn_loss_bbox: 0.0417  d4.dn_loss_iou: 0.1864
2026/03/28 11:48:02 - mmengine - INFO - Epoch(val) [14][50/50]    eta: 0:00:00  time: 0.1949  data_time: 0.0110  memory: 1260  
2026/03/28 11:48:03 - mmengine - INFO - Evaluating bbox...
2026/03/28 11:48:07 - mmengine - INFO - bbox_mAP_copypaste: 0.527 0.871 0.511 0.258 0.527 0.770
2026/03/28 11:48:07 - mmengine - INFO - Epoch(val) [14][50/50]    coco/bbox_mAP: 0.5270  coco/bbox_mAP_50: 0.8710  coco/bbox_mAP_75: 0.5110  coco/bbox_mAP_s: 0.2580  coco/bbox_mAP_m: 0.5270  coco/bbox_mAP_l: 0.7700  data_time: 0.0109  time: 0.1949
2026/03/28 11:49:03 - mmengine - INFO - Exp name: dino_4scale_r50_net_fish_sonar_80e_pretrained_20260328_113233
2026/03/28 11:49:03 - mmengine - INFO - Epoch(train) [15][38/38]  base_lr: 8.5671e-05 lr: 8.5671e-05  eta: 1:00:35  time: 1.4434  data_time: 0.0213  memory: 32111  grad_norm: 48.1212  loss: 3.1019  loss_cls: 0.0049  loss_bbox: 0.0402  loss_iou: 0.1795  d0.loss_cls: 0.0189  d0.loss_bbox: 0.0428  d0.loss_iou: 0.1879  d1.loss_cls: 0.0098  d1.loss_bbox: 0.0409  d1.loss_iou: 0.1813  d2.loss_cls: 0.0064  d2.loss_bbox: 0.0404  d2.loss_iou: 0.1800  d3.loss_cls: 0.0052  d3.loss_bbox: 0.0402  d3.loss_iou: 0.1794  d4.loss_cls: 0.0049  d4.loss_bbox: 0.0402  d4.loss_iou: 0.1791  enc_loss_cls: 0.0402  enc_loss_bbox: 0.0541  enc_loss_iou: 0.2169  dn_loss_cls: 0.0018  dn_loss_bbox: 0.0389  dn_loss_iou: 0.1725  d0.dn_loss_cls: 0.0119  d0.dn_loss_bbox: 0.0658  d0.dn_loss_iou: 0.2477  d1.dn_loss_cls: 0.0045  d1.dn_loss_bbox: 0.0415  d1.dn_loss_iou: 0.1805  d2.dn_loss_cls: 0.0027  d2.dn_loss_bbox: 0.0394  d2.dn_loss_iou: 0.1742  d3.dn_loss_cls: 0.0023  d3.dn_loss_bbox: 0.0390  d3.dn_loss_iou: 0.1726  d4.dn_loss_cls: 0.0019  d4.dn_loss_bbox: 0.0389  d4.dn_loss_iou: 0.1724
2026/03/28 11:49:58 - mmengine - INFO - Exp name: dino_4scale_r50_net_fish_sonar_80e_pretrained_20260328_113233
2026/03/28 11:49:58 - mmengine - INFO - Epoch(train) [16][38/38]  base_lr: 8.4368e-05 lr: 8.4368e-05  eta: 0:59:37  time: 1.4371  data_time: 0.0141  memory: 32111  grad_norm: 50.2531  loss: 2.9667  loss_cls: 0.0030  loss_bbox: 0.0382  loss_iou: 0.1720  d0.loss_cls: 0.0179  d0.loss_bbox: 0.0406  d0.loss_iou: 0.1813  d1.loss_cls: 0.0078  d1.loss_bbox: 0.0388  d1.loss_iou: 0.1731  d2.loss_cls: 0.0048  d2.loss_bbox: 0.0384  d2.loss_iou: 0.1721  d3.loss_cls: 0.0039  d3.loss_bbox: 0.0382  d3.loss_iou: 0.1716  d4.loss_cls: 0.0032  d4.loss_bbox: 0.0382  d4.loss_iou: 0.1717  enc_loss_cls: 0.0392  enc_loss_bbox: 0.0523  enc_loss_iou: 0.2091  dn_loss_cls: 0.0016  dn_loss_bbox: 0.0370  dn_loss_iou: 0.1663  d0.dn_loss_cls: 0.0112  d0.dn_loss_bbox: 0.0617  d0.dn_loss_iou: 0.2385  d1.dn_loss_cls: 0.0040  d1.dn_loss_bbox: 0.0392  d1.dn_loss_iou: 0.1738  d2.dn_loss_cls: 0.0025  d2.dn_loss_bbox: 0.0374  d2.dn_loss_iou: 0.1677  d3.dn_loss_cls: 0.0020  d3.dn_loss_bbox: 0.0370  d3.dn_loss_iou: 0.1662  d4.dn_loss_cls: 0.0017  d4.dn_loss_bbox: 0.0370  d4.dn_loss_iou: 0.1661
2026/03/28 11:50:08 - mmengine - INFO - Epoch(val) [16][50/50]    eta: 0:00:00  time: 0.1971  data_time: 0.0110  memory: 1260  
2026/03/28 11:50:09 - mmengine - INFO - Evaluating bbox...
2026/03/28 11:50:13 - mmengine - INFO - bbox_mAP_copypaste: 0.529 0.877 0.529 0.214 0.541 0.770
2026/03/28 11:50:13 - mmengine - INFO - Epoch(val) [16][50/50]    coco/bbox_mAP: 0.5290  coco/bbox_mAP_50: 0.8770  coco/bbox_mAP_75: 0.5290  coco/bbox_mAP_s: 0.2140  coco/bbox_mAP_m: 0.5410  coco/bbox_mAP_l: 0.7700  data_time: 0.0110  time: 0.1971
2026/03/28 11:51:09 - mmengine - INFO - Exp name: dino_4scale_r50_net_fish_sonar_80e_pretrained_20260328_113233
2026/03/28 11:51:09 - mmengine - INFO - Epoch(train) [17][38/38]  base_lr: 8.3066e-05 lr: 8.3066e-05  eta: 0:58:39  time: 1.4344  data_time: 0.0148  memory: 32111  grad_norm: 56.2663  loss: 2.9153  loss_cls: 0.0033  loss_bbox: 0.0366  loss_iou: 0.1683  d0.loss_cls: 0.0191  d0.loss_bbox: 0.0393  d0.loss_iou: 0.1800  d1.loss_cls: 0.0083  d1.loss_bbox: 0.0374  d1.loss_iou: 0.1701  d2.loss_cls: 0.0049  d2.loss_bbox: 0.0368  d2.loss_iou: 0.1685  d3.loss_cls: 0.0040  d3.loss_bbox: 0.0366  d3.loss_iou: 0.1680  d4.loss_cls: 0.0034  d4.loss_bbox: 0.0366  d4.loss_iou: 0.1681  enc_loss_cls: 0.0369  enc_loss_bbox: 0.0496  enc_loss_iou: 0.2070  dn_loss_cls: 0.0020  dn_loss_bbox: 0.0357  dn_loss_iou: 0.1642  d0.dn_loss_cls: 0.0111  d0.dn_loss_bbox: 0.0601  d0.dn_loss_iou: 0.2374  d1.dn_loss_cls: 0.0042  d1.dn_loss_bbox: 0.0379  d1.dn_loss_iou: 0.1718  d2.dn_loss_cls: 0.0027  d2.dn_loss_bbox: 0.0361  d2.dn_loss_iou: 0.1656  d3.dn_loss_cls: 0.0022  d3.dn_loss_bbox: 0.0357  d3.dn_loss_iou: 0.1642  d4.dn_loss_cls: 0.0020  d4.dn_loss_bbox: 0.0357  d4.dn_loss_iou: 0.1640
2026/03/28 11:52:05 - mmengine - INFO - Exp name: dino_4scale_r50_net_fish_sonar_80e_pretrained_20260328_113233
2026/03/28 11:52:05 - mmengine - INFO - Epoch(train) [18][38/38]  base_lr: 8.1763e-05 lr: 8.1763e-05  eta: 0:57:44  time: 1.4477  data_time: 0.0183  memory: 32111  grad_norm: nan  loss: 2.7557  loss_cls: 0.0029  loss_bbox: 0.0343  loss_iou: 0.1600  d0.loss_cls: 0.0155  d0.loss_bbox: 0.0370  d0.loss_iou: 0.1687  d1.loss_cls: 0.0064  d1.loss_bbox: 0.0350  d1.loss_iou: 0.1611  d2.loss_cls: 0.0042  d2.loss_bbox: 0.0344  d2.loss_iou: 0.1597  d3.loss_cls: 0.0036  d3.loss_bbox: 0.0343  d3.loss_iou: 0.1599  d4.loss_cls: 0.0029  d4.loss_bbox: 0.0343  d4.loss_iou: 0.1600  enc_loss_cls: 0.0350  enc_loss_bbox: 0.0470  enc_loss_iou: 0.1961  dn_loss_cls: 0.0017  dn_loss_bbox: 0.0336  dn_loss_iou: 0.1567  d0.dn_loss_cls: 0.0104  d0.dn_loss_bbox: 0.0562  d0.dn_loss_iou: 0.2240  d1.dn_loss_cls: 0.0039  d1.dn_loss_bbox: 0.0356  d1.dn_loss_iou: 0.1630  d2.dn_loss_cls: 0.0023  d2.dn_loss_bbox: 0.0339  d2.dn_loss_iou: 0.1576  d3.dn_loss_cls: 0.0019  d3.dn_loss_bbox: 0.0336  d3.dn_loss_iou: 0.1568  d4.dn_loss_cls: 0.0017  d4.dn_loss_bbox: 0.0335  d4.dn_loss_iou: 0.1567
2026/03/28 11:52:15 - mmengine - INFO - Epoch(val) [18][50/50]    eta: 0:00:00  time: 0.1986  data_time: 0.0112  memory: 1260  
2026/03/28 11:52:17 - mmengine - INFO - Evaluating bbox...
2026/03/28 11:52:22 - mmengine - INFO - bbox_mAP_copypaste: 0.522 0.868 0.511 0.237 0.527 0.763
2026/03/28 11:52:22 - mmengine - INFO - Epoch(val) [18][50/50]    coco/bbox_mAP: 0.5220  coco/bbox_mAP_50: 0.8680  coco/bbox_mAP_75: 0.5110  coco/bbox_mAP_s: 0.2370  coco/bbox_mAP_m: 0.5270  coco/bbox_mAP_l: 0.7630  data_time: 0.0111  time: 0.1985
2026/03/28 11:53:17 - mmengine - INFO - Exp name: dino_4scale_r50_net_fish_sonar_80e_pretrained_20260328_113233
2026/03/28 11:53:17 - mmengine - INFO - Epoch(train) [19][38/38]  base_lr: 8.0461e-05 lr: 8.0461e-05  eta: 0:56:45  time: 1.4300  data_time: 0.0132  memory: 32111  grad_norm: 45.1136  loss: 2.6840  loss_cls: 0.0027  loss_bbox: 0.0343  loss_iou: 0.1547  d0.loss_cls: 0.0148  d0.loss_bbox: 0.0369  d0.loss_iou: 0.1636  d1.loss_cls: 0.0062  d1.loss_bbox: 0.0348  d1.loss_iou: 0.1561  d2.loss_cls: 0.0040  d2.loss_bbox: 0.0342  d2.loss_iou: 0.1542  d3.loss_cls: 0.0033  d3.loss_bbox: 0.0340  d3.loss_iou: 0.1539  d4.loss_cls: 0.0028  d4.loss_bbox: 0.0342  d4.loss_iou: 0.1545  enc_loss_cls: 0.0333  enc_loss_bbox: 0.0480  enc_loss_iou: 0.1933  dn_loss_cls: 0.0016  dn_loss_bbox: 0.0332  dn_loss_iou: 0.1508  d0.dn_loss_cls: 0.0102  d0.dn_loss_bbox: 0.0567  d0.dn_loss_iou: 0.2212  d1.dn_loss_cls: 0.0038  d1.dn_loss_bbox: 0.0352  d1.dn_loss_iou: 0.1579  d2.dn_loss_cls: 0.0022  d2.dn_loss_bbox: 0.0337  d2.dn_loss_iou: 0.1522  d3.dn_loss_cls: 0.0018  d3.dn_loss_bbox: 0.0332  d3.dn_loss_iou: 0.1509  d4.dn_loss_cls: 0.0016  d4.dn_loss_bbox: 0.0332  d4.dn_loss_iou: 0.1508
2026/03/28 11:54:12 - mmengine - INFO - Exp name: dino_4scale_r50_net_fish_sonar_80e_pretrained_20260328_113233
2026/03/28 11:54:12 - mmengine - INFO - Epoch(train) [20][38/38]  base_lr: 7.9158e-05 lr: 7.9158e-05  eta: 0:55:48  time: 1.4386  data_time: 0.0141  memory: 32111  grad_norm: 48.8102  loss: 2.5784  loss_cls: 0.0020  loss_bbox: 0.0323  loss_iou: 0.1481  d0.loss_cls: 0.0138  d0.loss_bbox: 0.0348  d0.loss_iou: 0.1572  d1.loss_cls: 0.0061  d1.loss_bbox: 0.0328  d1.loss_iou: 0.1498  d2.loss_cls: 0.0034  d2.loss_bbox: 0.0325  d2.loss_iou: 0.1486  d3.loss_cls: 0.0025  d3.loss_bbox: 0.0323  d3.loss_iou: 0.1479  d4.loss_cls: 0.0022  d4.loss_bbox: 0.0323  d4.loss_iou: 0.1480  enc_loss_cls: 0.0315  enc_loss_bbox: 0.0445  enc_loss_iou: 0.1823  dn_loss_cls: 0.0015  dn_loss_bbox: 0.0319  dn_loss_iou: 0.1465  d0.dn_loss_cls: 0.0102  d0.dn_loss_bbox: 0.0544  d0.dn_loss_iou: 0.2158  d1.dn_loss_cls: 0.0038  d1.dn_loss_bbox: 0.0337  d1.dn_loss_iou: 0.1528  d2.dn_loss_cls: 0.0022  d2.dn_loss_bbox: 0.0324  d2.dn_loss_iou: 0.1480  d3.dn_loss_cls: 0.0017  d3.dn_loss_bbox: 0.0320  d3.dn_loss_iou: 0.1465  d4.dn_loss_cls: 0.0015  d4.dn_loss_bbox: 0.0319  d4.dn_loss_iou: 0.1464
2026/03/28 11:54:22 - mmengine - INFO - Epoch(val) [20][50/50]    eta: 0:00:00  time: 0.2004  data_time: 0.0111  memory: 1260  
2026/03/28 11:54:24 - mmengine - INFO - Evaluating bbox...
2026/03/28 11:54:28 - mmengine - INFO - bbox_mAP_copypaste: 0.525 0.861 0.520 0.219 0.523 0.784
2026/03/28 11:54:28 - mmengine - INFO - Epoch(val) [20][50/50]    coco/bbox_mAP: 0.5250  coco/bbox_mAP_50: 0.8610  coco/bbox_mAP_75: 0.5200  coco/bbox_mAP_s: 0.2190  coco/bbox_mAP_m: 0.5230  coco/bbox_mAP_l: 0.7840  data_time: 0.0110  time: 0.2004
2026/03/28 11:55:23 - mmengine - INFO - Exp name: dino_4scale_r50_net_fish_sonar_80e_pretrained_20260328_113233
2026/03/28 11:55:23 - mmengine - INFO - Epoch(train) [21][38/38]  base_lr: 7.7855e-05 lr: 7.7855e-05  eta: 0:54:52  time: 1.4388  data_time: 0.0171  memory: 32111  grad_norm: 53.2346  loss: 2.5136  loss_cls: 0.0024  loss_bbox: 0.0312  loss_iou: 0.1440  d0.loss_cls: 0.0142  d0.loss_bbox: 0.0335  d0.loss_iou: 0.1528  d1.loss_cls: 0.0066  d1.loss_bbox: 0.0317  d1.loss_iou: 0.1457  d2.loss_cls: 0.0039  d2.loss_bbox: 0.0312  d2.loss_iou: 0.1440  d3.loss_cls: 0.0032  d3.loss_bbox: 0.0312  d3.loss_iou: 0.1436  d4.loss_cls: 0.0025  d4.loss_bbox: 0.0312  d4.loss_iou: 0.1438  enc_loss_cls: 0.0323  enc_loss_bbox: 0.0437  enc_loss_iou: 0.1793  dn_loss_cls: 0.0018  dn_loss_bbox: 0.0308  dn_loss_iou: 0.1422  d0.dn_loss_cls: 0.0105  d0.dn_loss_bbox: 0.0529  d0.dn_loss_iou: 0.2111  d1.dn_loss_cls: 0.0040  d1.dn_loss_bbox: 0.0325  d1.dn_loss_iou: 0.1489  d2.dn_loss_cls: 0.0025  d2.dn_loss_bbox: 0.0311  d2.dn_loss_iou: 0.1436  d3.dn_loss_cls: 0.0020  d3.dn_loss_bbox: 0.0308  d3.dn_loss_iou: 0.1422  d4.dn_loss_cls: 0.0019  d4.dn_loss_bbox: 0.0308  d4.dn_loss_iou: 0.1420
2026/03/28 11:56:19 - mmengine - INFO - Exp name: dino_4scale_r50_net_fish_sonar_80e_pretrained_20260328_113233
2026/03/28 11:56:19 - mmengine - INFO - Epoch(train) [22][38/38]  base_lr: 7.6553e-05 lr: 7.6553e-05  eta: 0:53:55  time: 1.4334  data_time: 0.0242  memory: 32111  grad_norm: 46.5790  loss: 2.3588  loss_cls: 0.0021  loss_bbox: 0.0293  loss_iou: 0.1339  d0.loss_cls: 0.0142  d0.loss_bbox: 0.0315  d0.loss_iou: 0.1433  d1.loss_cls: 0.0058  d1.loss_bbox: 0.0299  d1.loss_iou: 0.1364  d2.loss_cls: 0.0035  d2.loss_bbox: 0.0295  d2.loss_iou: 0.1342  d3.loss_cls: 0.0029  d3.loss_bbox: 0.0293  d3.loss_iou: 0.1336  d4.loss_cls: 0.0022  d4.loss_bbox: 0.0293  d4.loss_iou: 0.1340  enc_loss_cls: 0.0288  enc_loss_bbox: 0.0401  enc_loss_iou: 0.1663  dn_loss_cls: 0.0015  dn_loss_bbox: 0.0294  dn_loss_iou: 0.1338  d0.dn_loss_cls: 0.0100  d0.dn_loss_bbox: 0.0513  d0.dn_loss_iou: 0.2012  d1.dn_loss_cls: 0.0036  d1.dn_loss_bbox: 0.0310  d1.dn_loss_iou: 0.1400  d2.dn_loss_cls: 0.0022  d2.dn_loss_bbox: 0.0297  d2.dn_loss_iou: 0.1354  d3.dn_loss_cls: 0.0017  d3.dn_loss_bbox: 0.0294  d3.dn_loss_iou: 0.1338  d4.dn_loss_cls: 0.0016  d4.dn_loss_bbox: 0.0294  d4.dn_loss_iou: 0.1337
2026/03/28 11:56:28 - mmengine - INFO - Epoch(val) [22][50/50]    eta: 0:00:00  time: 0.1931  data_time: 0.0108  memory: 1260  
2026/03/28 11:56:30 - mmengine - INFO - Evaluating bbox...
2026/03/28 11:56:34 - mmengine - INFO - bbox_mAP_copypaste: 0.533 0.881 0.522 0.212 0.543 0.783
2026/03/28 11:56:34 - mmengine - INFO - Epoch(val) [22][50/50]    coco/bbox_mAP: 0.5330  coco/bbox_mAP_50: 0.8810  coco/bbox_mAP_75: 0.5220  coco/bbox_mAP_s: 0.2120  coco/bbox_mAP_m: 0.5430  coco/bbox_mAP_l: 0.7830  data_time: 0.0108  time: 0.1931
2026/03/28 11:57:29 - mmengine - INFO - Exp name: dino_4scale_r50_net_fish_sonar_80e_pretrained_20260328_113233
2026/03/28 11:57:29 - mmengine - INFO - Epoch(train) [23][38/38]  base_lr: 7.5250e-05 lr: 7.5250e-05  eta: 0:52:58  time: 1.4319  data_time: 0.0111  memory: 32111  grad_norm: nan  loss: 2.3759  loss_cls: 0.0010  loss_bbox: 0.0297  loss_iou: 0.1358  d0.loss_cls: 0.0126  d0.loss_bbox: 0.0319  d0.loss_iou: 0.1449  d1.loss_cls: 0.0048  d1.loss_bbox: 0.0302  d1.loss_iou: 0.1386  d2.loss_cls: 0.0029  d2.loss_bbox: 0.0297  d2.loss_iou: 0.1355  d3.loss_cls: 0.0016  d3.loss_bbox: 0.0297  d3.loss_iou: 0.1355  d4.loss_cls: 0.0012  d4.loss_bbox: 0.0297  d4.loss_iou: 0.1358  enc_loss_cls: 0.0287  enc_loss_bbox: 0.0411  enc_loss_iou: 0.1691  dn_loss_cls: 0.0015  dn_loss_bbox: 0.0297  dn_loss_iou: 0.1348  d0.dn_loss_cls: 0.0095  d0.dn_loss_bbox: 0.0517  d0.dn_loss_iou: 0.2030  d1.dn_loss_cls: 0.0034  d1.dn_loss_bbox: 0.0311  d1.dn_loss_iou: 0.1410  d2.dn_loss_cls: 0.0021  d2.dn_loss_bbox: 0.0299  d2.dn_loss_iou: 0.1361  d3.dn_loss_cls: 0.0017  d3.dn_loss_bbox: 0.0296  d3.dn_loss_iou: 0.1346  d4.dn_loss_cls: 0.0015  d4.dn_loss_bbox: 0.0296  d4.dn_loss_iou: 0.1347
2026/03/28 11:58:24 - mmengine - INFO - Exp name: dino_4scale_r50_net_fish_sonar_80e_pretrained_20260328_113233
2026/03/28 11:58:24 - mmengine - INFO - Epoch(train) [24][38/38]  base_lr: 7.3947e-05 lr: 7.3947e-05  eta: 0:52:01  time: 1.4277  data_time: 0.0181  memory: 32111  grad_norm: nan  loss: 2.3008  loss_cls: 0.0012  loss_bbox: 0.0288  loss_iou: 0.1317  d0.loss_cls: 0.0136  d0.loss_bbox: 0.0311  d0.loss_iou: 0.1408  d1.loss_cls: 0.0057  d1.loss_bbox: 0.0292  d1.loss_iou: 0.1323  d2.loss_cls: 0.0032  d2.loss_bbox: 0.0289  d2.loss_iou: 0.1308  d3.loss_cls: 0.0019  d3.loss_bbox: 0.0288  d3.loss_iou: 0.1313  d4.loss_cls: 0.0013  d4.loss_bbox: 0.0288  d4.loss_iou: 0.1316  enc_loss_cls: 0.0285  enc_loss_bbox: 0.0384  enc_loss_iou: 0.1595  dn_loss_cls: 0.0015  dn_loss_bbox: 0.0288  dn_loss_iou: 0.1308  d0.dn_loss_cls: 0.0090  d0.dn_loss_bbox: 0.0504  d0.dn_loss_iou: 0.1977  d1.dn_loss_cls: 0.0034  d1.dn_loss_bbox: 0.0303  d1.dn_loss_iou: 0.1363  d2.dn_loss_cls: 0.0020  d2.dn_loss_bbox: 0.0291  d2.dn_loss_iou: 0.1318  d3.dn_loss_cls: 0.0017  d3.dn_loss_bbox: 0.0288  d3.dn_loss_iou: 0.1307  d4.dn_loss_cls: 0.0015  d4.dn_loss_bbox: 0.0288  d4.dn_loss_iou: 0.1306
2026/03/28 11:58:34 - mmengine - INFO - Epoch(val) [24][50/50]    eta: 0:00:00  time: 0.1965  data_time: 0.0107  memory: 1260  
2026/03/28 11:58:35 - mmengine - INFO - Evaluating bbox...
2026/03/28 11:58:39 - mmengine - INFO - bbox_mAP_copypaste: 0.518 0.868 0.541 0.222 0.510 0.773
2026/03/28 11:58:39 - mmengine - INFO - Epoch(val) [24][50/50]    coco/bbox_mAP: 0.5180  coco/bbox_mAP_50: 0.8680  coco/bbox_mAP_75: 0.5410  coco/bbox_mAP_s: 0.2220  coco/bbox_mAP_m: 0.5100  coco/bbox_mAP_l: 0.7730  data_time: 0.0107  time: 0.1954
2026/03/28 11:59:35 - mmengine - INFO - Exp name: dino_4scale_r50_net_fish_sonar_80e_pretrained_20260328_113233
2026/03/28 11:59:35 - mmengine - INFO - Epoch(train) [25][38/38]  base_lr: 7.2645e-05 lr: 7.2645e-05  eta: 0:51:05  time: 1.4379  data_time: 0.0184  memory: 32111  grad_norm: 56.1655  loss: 2.3040  loss_cls: 0.0028  loss_bbox: 0.0281  loss_iou: 0.1294  d0.loss_cls: 0.0180  d0.loss_bbox: 0.0305  d0.loss_iou: 0.1413  d1.loss_cls: 0.0093  d1.loss_bbox: 0.0285  d1.loss_iou: 0.1299  d2.loss_cls: 0.0067  d2.loss_bbox: 0.0282  d2.loss_iou: 0.1290  d3.loss_cls: 0.0043  d3.loss_bbox: 0.0280  d3.loss_iou: 0.1288  d4.loss_cls: 0.0032  d4.loss_bbox: 0.0280  d4.loss_iou: 0.1290  enc_loss_cls: 0.0283  enc_loss_bbox: 0.0385  enc_loss_iou: 0.1629  dn_loss_cls: 0.0018  dn_loss_bbox: 0.0282  dn_loss_iou: 0.1289  d0.dn_loss_cls: 0.0094  d0.dn_loss_bbox: 0.0524  d0.dn_loss_iou: 0.2022  d1.dn_loss_cls: 0.0034  d1.dn_loss_bbox: 0.0301  d1.dn_loss_iou: 0.1359  d2.dn_loss_cls: 0.0022  d2.dn_loss_bbox: 0.0286  d2.dn_loss_iou: 0.1304  d3.dn_loss_cls: 0.0021  d3.dn_loss_bbox: 0.0282  d3.dn_loss_iou: 0.1288  d4.dn_loss_cls: 0.0018  d4.dn_loss_bbox: 0.0282  d4.dn_loss_iou: 0.1288
2026/03/28 12:00:30 - mmengine - INFO - Exp name: dino_4scale_r50_net_fish_sonar_80e_pretrained_20260328_113233
2026/03/28 12:00:30 - mmengine - INFO - Epoch(train) [26][38/38]  base_lr: 7.1342e-05 lr: 7.1342e-05  eta: 0:50:09  time: 1.4381  data_time: 0.0185  memory: 32111  grad_norm: 50.1792  loss: 2.1868  loss_cls: 0.0017  loss_bbox: 0.0271  loss_iou: 0.1231  d0.loss_cls: 0.0158  d0.loss_bbox: 0.0288  d0.loss_iou: 0.1316  d1.loss_cls: 0.0085  d1.loss_bbox: 0.0273  d1.loss_iou: 0.1240  d2.loss_cls: 0.0043  d2.loss_bbox: 0.0271  d2.loss_iou: 0.1226  d3.loss_cls: 0.0027  d3.loss_bbox: 0.0270  d3.loss_iou: 0.1225  d4.loss_cls: 0.0018  d4.loss_bbox: 0.0270  d4.loss_iou: 0.1228  enc_loss_cls: 0.0247  enc_loss_bbox: 0.0380  enc_loss_iou: 0.1543  dn_loss_cls: 0.0014  dn_loss_bbox: 0.0271  dn_loss_iou: 0.1228  d0.dn_loss_cls: 0.0084  d0.dn_loss_bbox: 0.0515  d0.dn_loss_iou: 0.1945  d1.dn_loss_cls: 0.0030  d1.dn_loss_bbox: 0.0290  d1.dn_loss_iou: 0.1293  d2.dn_loss_cls: 0.0020  d2.dn_loss_bbox: 0.0276  d2.dn_loss_iou: 0.1243  d3.dn_loss_cls: 0.0017  d3.dn_loss_bbox: 0.0272  d3.dn_loss_iou: 0.1229  d4.dn_loss_cls: 0.0015  d4.dn_loss_bbox: 0.0271  d4.dn_loss_iou: 0.1227
2026/03/28 12:00:40 - mmengine - INFO - Epoch(val) [26][50/50]    eta: 0:00:00  time: 0.2009  data_time: 0.0134  memory: 1260  
2026/03/28 12:00:42 - mmengine - INFO - Evaluating bbox...
2026/03/28 12:00:45 - mmengine - INFO - bbox_mAP_copypaste: 0.520 0.865 0.515 0.209 0.518 0.784
2026/03/28 12:00:45 - mmengine - INFO - Epoch(val) [26][50/50]    coco/bbox_mAP: 0.5200  coco/bbox_mAP_50: 0.8650  coco/bbox_mAP_75: 0.5150  coco/bbox_mAP_s: 0.2090  coco/bbox_mAP_m: 0.5180  coco/bbox_mAP_l: 0.7840  data_time: 0.0133  time: 0.2008
2026/03/28 12:01:05 - mmengine - INFO - Exp name: dino_4scale_r50_net_fish_sonar_80e_pretrained_20260328_113233
2026/03/28 12:01:41 - mmengine - INFO - Exp name: dino_4scale_r50_net_fish_sonar_80e_pretrained_20260328_113233
2026/03/28 12:01:41 - mmengine - INFO - Epoch(train) [27][38/38]  base_lr: 7.0039e-05 lr: 7.0039e-05  eta: 0:49:12  time: 1.4343  data_time: 0.0126  memory: 32111  grad_norm: 50.7702  loss: 2.1202  loss_cls: 0.0024  loss_bbox: 0.0260  loss_iou: 0.1183  d0.loss_cls: 0.0144  d0.loss_bbox: 0.0278  d0.loss_iou: 0.1261  d1.loss_cls: 0.0072  d1.loss_bbox: 0.0263  d1.loss_iou: 0.1203  d2.loss_cls: 0.0041  d2.loss_bbox: 0.0260  d2.loss_iou: 0.1184  d3.loss_cls: 0.0029  d3.loss_bbox: 0.0260  d3.loss_iou: 0.1183  d4.loss_cls: 0.0025  d4.loss_bbox: 0.0260  d4.loss_iou: 0.1182  enc_loss_cls: 0.0239  enc_loss_bbox: 0.0370  enc_loss_iou: 0.1513  dn_loss_cls: 0.0014  dn_loss_bbox: 0.0263  dn_loss_iou: 0.1192  d0.dn_loss_cls: 0.0085  d0.dn_loss_bbox: 0.0510  d0.dn_loss_iou: 0.1905  d1.dn_loss_cls: 0.0032  d1.dn_loss_bbox: 0.0282  d1.dn_loss_iou: 0.1257  d2.dn_loss_cls: 0.0019  d2.dn_loss_bbox: 0.0267  d2.dn_loss_iou: 0.1204  d3.dn_loss_cls: 0.0015  d3.dn_loss_bbox: 0.0264  d3.dn_loss_iou: 0.1193  d4.dn_loss_cls: 0.0014  d4.dn_loss_bbox: 0.0263  d4.dn_loss_iou: 0.1191
2026/03/28 12:02:37 - mmengine - INFO - Exp name: dino_4scale_r50_net_fish_sonar_80e_pretrained_20260328_113233
2026/03/28 12:02:37 - mmengine - INFO - Epoch(train) [28][38/38]  base_lr: 6.8737e-05 lr: 6.8737e-05  eta: 0:48:16  time: 1.4396  data_time: 0.0134  memory: 32111  grad_norm: 58.3149  loss: 2.0794  loss_cls: 0.0018  loss_bbox: 0.0254  loss_iou: 0.1170  d0.loss_cls: 0.0164  d0.loss_bbox: 0.0281  d0.loss_iou: 0.1271  d1.loss_cls: 0.0067  d1.loss_bbox: 0.0260  d1.loss_iou: 0.1182  d2.loss_cls: 0.0025  d2.loss_bbox: 0.0257  d2.loss_iou: 0.1172  d3.loss_cls: 0.0020  d3.loss_bbox: 0.0254  d3.loss_iou: 0.1170  d4.loss_cls: 0.0017  d4.loss_bbox: 0.0254  d4.loss_iou: 0.1168  enc_loss_cls: 0.0223  enc_loss_bbox: 0.0369  enc_loss_iou: 0.1514  dn_loss_cls: 0.0013  dn_loss_bbox: 0.0254  dn_loss_iou: 0.1167  d0.dn_loss_cls: 0.0087  d0.dn_loss_bbox: 0.0472  d0.dn_loss_iou: 0.1830  d1.dn_loss_cls: 0.0030  d1.dn_loss_bbox: 0.0272  d1.dn_loss_iou: 0.1229  d2.dn_loss_cls: 0.0018  d2.dn_loss_bbox: 0.0258  d2.dn_loss_iou: 0.1182  d3.dn_loss_cls: 0.0015  d3.dn_loss_bbox: 0.0255  d3.dn_loss_iou: 0.1168  d4.dn_loss_cls: 0.0013  d4.dn_loss_bbox: 0.0254  d4.dn_loss_iou: 0.1166
2026/03/28 12:02:47 - mmengine - INFO - Epoch(val) [28][50/50]    eta: 0:00:00  time: 0.2012  data_time: 0.0117  memory: 1260  
2026/03/28 12:02:48 - mmengine - INFO - Evaluating bbox...
2026/03/28 12:02:51 - mmengine - INFO - bbox_mAP_copypaste: 0.515 0.851 0.513 0.216 0.521 0.776
2026/03/28 12:02:51 - mmengine - INFO - Epoch(val) [28][50/50]    coco/bbox_mAP: 0.5150  coco/bbox_mAP_50: 0.8510  coco/bbox_mAP_75: 0.5130  coco/bbox_mAP_s: 0.2160  coco/bbox_mAP_m: 0.5210  coco/bbox_mAP_l: 0.7760  data_time: 0.0116  time: 0.2012
2026/03/28 12:03:46 - mmengine - INFO - Exp name: dino_4scale_r50_net_fish_sonar_80e_pretrained_20260328_113233
2026/03/28 12:03:46 - mmengine - INFO - Epoch(train) [29][38/38]  base_lr: 6.7434e-05 lr: 6.7434e-05  eta: 0:47:20  time: 1.4239  data_time: 0.0112  memory: 32111  grad_norm: 54.6777  loss: 1.9644  loss_cls: 0.0009  loss_bbox: 0.0245  loss_iou: 0.1096  d0.loss_cls: 0.0140  d0.loss_bbox: 0.0268  d0.loss_iou: 0.1179  d1.loss_cls: 0.0059  d1.loss_bbox: 0.0250  d1.loss_iou: 0.1107  d2.loss_cls: 0.0024  d2.loss_bbox: 0.0246  d2.loss_iou: 0.1104  d3.loss_cls: 0.0013  d3.loss_bbox: 0.0245  d3.loss_iou: 0.1095  d4.loss_cls: 0.0009  d4.loss_bbox: 0.0245  d4.loss_iou: 0.1096  enc_loss_cls: 0.0207  enc_loss_bbox: 0.0357  enc_loss_iou: 0.1415  dn_loss_cls: 0.0012  dn_loss_bbox: 0.0247  dn_loss_iou: 0.1107  d0.dn_loss_cls: 0.0085  d0.dn_loss_bbox: 0.0456  d0.dn_loss_iou: 0.1757  d1.dn_loss_cls: 0.0029  d1.dn_loss_bbox: 0.0262  d1.dn_loss_iou: 0.1165  d2.dn_loss_cls: 0.0016  d2.dn_loss_bbox: 0.0250  d2.dn_loss_iou: 0.1119  d3.dn_loss_cls: 0.0013  d3.dn_loss_bbox: 0.0247  d3.dn_loss_iou: 0.1108  d4.dn_loss_cls: 0.0012  d4.dn_loss_bbox: 0.0247  d4.dn_loss_iou: 0.1107
2026/03/28 12:04:43 - mmengine - INFO - Exp name: dino_4scale_r50_net_fish_sonar_80e_pretrained_20260328_113233
2026/03/28 12:04:43 - mmengine - INFO - Epoch(train) [30][38/38]  base_lr: 6.6132e-05 lr: 6.6132e-05  eta: 0:46:25  time: 1.4474  data_time: 0.0158  memory: 32111  grad_norm: 54.3453  loss: 1.8681  loss_cls: 0.0023  loss_bbox: 0.0227  loss_iou: 0.1039  d0.loss_cls: 0.0126  d0.loss_bbox: 0.0244  d0.loss_iou: 0.1104  d1.loss_cls: 0.0047  d1.loss_bbox: 0.0230  d1.loss_iou: 0.1045  d2.loss_cls: 0.0025  d2.loss_bbox: 0.0228  d2.loss_iou: 0.1040  d3.loss_cls: 0.0021  d3.loss_bbox: 0.0227  d3.loss_iou: 0.1035  d4.loss_cls: 0.0023  d4.loss_bbox: 0.0227  d4.loss_iou: 0.1040  enc_loss_cls: 0.0210  enc_loss_bbox: 0.0318  enc_loss_iou: 0.1310  dn_loss_cls: 0.0014  dn_loss_bbox: 0.0234  dn_loss_iou: 0.1067  d0.dn_loss_cls: 0.0078  d0.dn_loss_bbox: 0.0435  d0.dn_loss_iou: 0.1700  d1.dn_loss_cls: 0.0029  d1.dn_loss_bbox: 0.0248  d1.dn_loss_iou: 0.1122  d2.dn_loss_cls: 0.0018  d2.dn_loss_bbox: 0.0237  d2.dn_loss_iou: 0.1078  d3.dn_loss_cls: 0.0016  d3.dn_loss_bbox: 0.0234  d3.dn_loss_iou: 0.1066  d4.dn_loss_cls: 0.0015  d4.dn_loss_bbox: 0.0234  d4.dn_loss_iou: 0.1067
2026/03/28 12:04:52 - mmengine - INFO - Epoch(val) [30][50/50]    eta: 0:00:00  time: 0.1971  data_time: 0.0114  memory: 1260  
2026/03/28 12:04:54 - mmengine - INFO - Evaluating bbox...
2026/03/28 12:04:58 - mmengine - INFO - bbox_mAP_copypaste: 0.522 0.887 0.513 0.236 0.510 0.779
2026/03/28 12:04:58 - mmengine - INFO - Epoch(val) [30][50/50]    coco/bbox_mAP: 0.5220  coco/bbox_mAP_50: 0.8870  coco/bbox_mAP_75: 0.5130  coco/bbox_mAP_s: 0.2360  coco/bbox_mAP_m: 0.5100  coco/bbox_mAP_l: 0.7790  data_time: 0.0114  time: 0.1971
2026/03/28 12:05:52 - mmengine - INFO - Exp name: dino_4scale_r50_net_fish_sonar_80e_pretrained_20260328_113233
2026/03/28 12:05:52 - mmengine - INFO - Epoch(train) [31][38/38]  base_lr: 6.4829e-05 lr: 6.4829e-05  eta: 0:45:27  time: 1.4264  data_time: 0.0123  memory: 32111  grad_norm: 54.0527  loss: 1.8187  loss_cls: 0.0009  loss_bbox: 0.0223  loss_iou: 0.1014  d0.loss_cls: 0.0104  d0.loss_bbox: 0.0241  d0.loss_iou: 0.1092  d1.loss_cls: 0.0037  d1.loss_bbox: 0.0225  d1.loss_iou: 0.1016  d2.loss_cls: 0.0017  d2.loss_bbox: 0.0224  d2.loss_iou: 0.1011  d3.loss_cls: 0.0010  d3.loss_bbox: 0.0223  d3.loss_iou: 0.1012  d4.loss_cls: 0.0009  d4.loss_bbox: 0.0223  d4.loss_iou: 0.1013  enc_loss_cls: 0.0197  enc_loss_bbox: 0.0305  enc_loss_iou: 0.1277  dn_loss_cls: 0.0011  dn_loss_bbox: 0.0228  dn_loss_iou: 0.1037  d0.dn_loss_cls: 0.0075  d0.dn_loss_bbox: 0.0436  d0.dn_loss_iou: 0.1694  d1.dn_loss_cls: 0.0026  d1.dn_loss_bbox: 0.0244  d1.dn_loss_iou: 0.1096  d2.dn_loss_cls: 0.0016  d2.dn_loss_bbox: 0.0233  d2.dn_loss_iou: 0.1051  d3.dn_loss_cls: 0.0013  d3.dn_loss_bbox: 0.0229  d3.dn_loss_iou: 0.1038  d4.dn_loss_cls: 0.0011  d4.dn_loss_bbox: 0.0228  d4.dn_loss_iou: 0.1037
2026/03/28 12:06:48 - mmengine - INFO - Exp name: dino_4scale_r50_net_fish_sonar_80e_pretrained_20260328_113233
2026/03/28 12:06:48 - mmengine - INFO - Epoch(train) [32][38/38]  base_lr: 6.3526e-05 lr: 6.3526e-05  eta: 0:44:31  time: 1.4333  data_time: 0.0187  memory: 32111  grad_norm: 56.9841  loss: 1.8136  loss_cls: 0.0003  loss_bbox: 0.0221  loss_iou: 0.1005  d0.loss_cls: 0.0102  d0.loss_bbox: 0.0240  d0.loss_iou: 0.1092  d1.loss_cls: 0.0036  d1.loss_bbox: 0.0224  d1.loss_iou: 0.1014  d2.loss_cls: 0.0015  d2.loss_bbox: 0.0222  d2.loss_iou: 0.1006  d3.loss_cls: 0.0007  d3.loss_bbox: 0.0221  d3.loss_iou: 0.1002  d4.loss_cls: 0.0004  d4.loss_bbox: 0.0221  d4.loss_iou: 0.1003  enc_loss_cls: 0.0199  enc_loss_bbox: 0.0305  enc_loss_iou: 0.1275  dn_loss_cls: 0.0011  dn_loss_bbox: 0.0226  dn_loss_iou: 0.1031  d0.dn_loss_cls: 0.0075  d0.dn_loss_bbox: 0.0444  d0.dn_loss_iou: 0.1737  d1.dn_loss_cls: 0.0026  d1.dn_loss_bbox: 0.0242  d1.dn_loss_iou: 0.1097  d2.dn_loss_cls: 0.0015  d2.dn_loss_bbox: 0.0230  d2.dn_loss_iou: 0.1046  d3.dn_loss_cls: 0.0013  d3.dn_loss_bbox: 0.0226  d3.dn_loss_iou: 0.1032  d4.dn_loss_cls: 0.0011  d4.dn_loss_bbox: 0.0226  d4.dn_loss_iou: 0.1030
2026/03/28 12:06:57 - mmengine - INFO - Epoch(val) [32][50/50]    eta: 0:00:00  time: 0.1929  data_time: 0.0105  memory: 1260  
2026/03/28 12:06:59 - mmengine - INFO - Evaluating bbox...
2026/03/28 12:07:02 - mmengine - INFO - bbox_mAP_copypaste: 0.522 0.879 0.511 0.227 0.505 0.791
2026/03/28 12:07:02 - mmengine - INFO - Epoch(val) [32][50/50]    coco/bbox_mAP: 0.5220  coco/bbox_mAP_50: 0.8790  coco/bbox_mAP_75: 0.5110  coco/bbox_mAP_s: 0.2270  coco/bbox_mAP_m: 0.5050  coco/bbox_mAP_l: 0.7910  data_time: 0.0105  time: 0.1930
2026/03/28 12:07:57 - mmengine - INFO - Exp name: dino_4scale_r50_net_fish_sonar_80e_pretrained_20260328_113233
2026/03/28 12:07:57 - mmengine - INFO - Epoch(train) [33][38/38]  base_lr: 6.2224e-05 lr: 6.2224e-05  eta: 0:43:34  time: 1.4252  data_time: 0.0185  memory: 32111  grad_norm: 51.1761  loss: 1.6863  loss_cls: 0.0005  loss_bbox: 0.0203  loss_iou: 0.0929  d0.loss_cls: 0.0091  d0.loss_bbox: 0.0221  d0.loss_iou: 0.1012  d1.loss_cls: 0.0036  d1.loss_bbox: 0.0205  d1.loss_iou: 0.0927  d2.loss_cls: 0.0015  d2.loss_bbox: 0.0203  d2.loss_iou: 0.0924  d3.loss_cls: 0.0007  d3.loss_bbox: 0.0202  d3.loss_iou: 0.0923  d4.loss_cls: 0.0005  d4.loss_bbox: 0.0203  d4.loss_iou: 0.0929  enc_loss_cls: 0.0194  enc_loss_bbox: 0.0297  enc_loss_iou: 0.1226  dn_loss_cls: 0.0011  dn_loss_bbox: 0.0209  dn_loss_iou: 0.0965  d0.dn_loss_cls: 0.0074  d0.dn_loss_bbox: 0.0405  d0.dn_loss_iou: 0.1596  d1.dn_loss_cls: 0.0026  d1.dn_loss_bbox: 0.0224  d1.dn_loss_iou: 0.1023  d2.dn_loss_cls: 0.0014  d2.dn_loss_bbox: 0.0212  d2.dn_loss_iou: 0.0977  d3.dn_loss_cls: 0.0012  d3.dn_loss_bbox: 0.0209  d3.dn_loss_iou: 0.0966  d4.dn_loss_cls: 0.0011  d4.dn_loss_bbox: 0.0209  d4.dn_loss_iou: 0.0964
2026/03/28 12:08:52 - mmengine - INFO - Exp name: dino_4scale_r50_net_fish_sonar_80e_pretrained_20260328_113233
2026/03/28 12:08:52 - mmengine - INFO - Epoch(train) [34][38/38]  base_lr: 6.0921e-05 lr: 6.0921e-05  eta: 0:42:37  time: 1.4173  data_time: 0.0148  memory: 32111  grad_norm: 54.4330  loss: 1.6933  loss_cls: 0.0002  loss_bbox: 0.0202  loss_iou: 0.0940  d0.loss_cls: 0.0104  d0.loss_bbox: 0.0217  d0.loss_iou: 0.1013  d1.loss_cls: 0.0035  d1.loss_bbox: 0.0204  d1.loss_iou: 0.0950  d2.loss_cls: 0.0012  d2.loss_bbox: 0.0202  d2.loss_iou: 0.0938  d3.loss_cls: 0.0006  d3.loss_bbox: 0.0202  d3.loss_iou: 0.0938  d4.loss_cls: 0.0003  d4.loss_bbox: 0.0202  d4.loss_iou: 0.0939  enc_loss_cls: 0.0180  enc_loss_bbox: 0.0288  enc_loss_iou: 0.1196  dn_loss_cls: 0.0011  dn_loss_bbox: 0.0208  dn_loss_iou: 0.0970  d0.dn_loss_cls: 0.0076  d0.dn_loss_bbox: 0.0414  d0.dn_loss_iou: 0.1621  d1.dn_loss_cls: 0.0027  d1.dn_loss_bbox: 0.0223  d1.dn_loss_iou: 0.1028  d2.dn_loss_cls: 0.0016  d2.dn_loss_bbox: 0.0211  d2.dn_loss_iou: 0.0980  d3.dn_loss_cls: 0.0013  d3.dn_loss_bbox: 0.0209  d3.dn_loss_iou: 0.0969  d4.dn_loss_cls: 0.0011  d4.dn_loss_bbox: 0.0208  d4.dn_loss_iou: 0.0969
2026/03/28 12:09:02 - mmengine - INFO - Epoch(val) [34][50/50]    eta: 0:00:00  time: 0.1972  data_time: 0.0108  memory: 1260  
2026/03/28 12:09:03 - mmengine - INFO - Evaluating bbox...
2026/03/28 12:09:07 - mmengine - INFO - bbox_mAP_copypaste: 0.517 0.861 0.513 0.223 0.515 0.775
2026/03/28 12:09:07 - mmengine - INFO - Epoch(val) [34][50/50]    coco/bbox_mAP: 0.5170  coco/bbox_mAP_50: 0.8610  coco/bbox_mAP_75: 0.5130  coco/bbox_mAP_s: 0.2230  coco/bbox_mAP_m: 0.5150  coco/bbox_mAP_l: 0.7750  data_time: 0.0107  time: 0.1973
2026/03/28 12:10:03 - mmengine - INFO - Exp name: dino_4scale_r50_net_fish_sonar_80e_pretrained_20260328_113233
2026/03/28 12:10:03 - mmengine - INFO - Epoch(train) [35][38/38]  base_lr: 5.9618e-05 lr: 5.9618e-05  eta: 0:41:42  time: 1.4392  data_time: 0.0212  memory: 32111  grad_norm: 52.2923  loss: 1.6385  loss_cls: 0.0008  loss_bbox: 0.0194  loss_iou: 0.0908  d0.loss_cls: 0.0106  d0.loss_bbox: 0.0212  d0.loss_iou: 0.0980  d1.loss_cls: 0.0028  d1.loss_bbox: 0.0196  d1.loss_iou: 0.0911  d2.loss_cls: 0.0013  d2.loss_bbox: 0.0195  d2.loss_iou: 0.0900  d3.loss_cls: 0.0008  d3.loss_bbox: 0.0194  d3.loss_iou: 0.0904  d4.loss_cls: 0.0007  d4.loss_bbox: 0.0194  d4.loss_iou: 0.0906  enc_loss_cls: 0.0171  enc_loss_bbox: 0.0283  enc_loss_iou: 0.1163  dn_loss_cls: 0.0010  dn_loss_bbox: 0.0199  dn_loss_iou: 0.0929  d0.dn_loss_cls: 0.0076  d0.dn_loss_bbox: 0.0408  d0.dn_loss_iou: 0.1611  d1.dn_loss_cls: 0.0027  d1.dn_loss_bbox: 0.0214  d1.dn_loss_iou: 0.0989  d2.dn_loss_cls: 0.0015  d2.dn_loss_bbox: 0.0203  d2.dn_loss_iou: 0.0943  d3.dn_loss_cls: 0.0012  d3.dn_loss_bbox: 0.0200  d3.dn_loss_iou: 0.0930  d4.dn_loss_cls: 0.0010  d4.dn_loss_bbox: 0.0199  d4.dn_loss_iou: 0.0929
2026/03/28 12:10:58 - mmengine - INFO - Exp name: dino_4scale_r50_net_fish_sonar_80e_pretrained_20260328_113233
2026/03/28 12:10:58 - mmengine - INFO - Epoch(train) [36][38/38]  base_lr: 5.8316e-05 lr: 5.8316e-05  eta: 0:40:46  time: 1.4436  data_time: 0.0198  memory: 32111  grad_norm: 59.8638  loss: 1.7226  loss_cls: 0.0016  loss_bbox: 0.0203  loss_iou: 0.0948  d0.loss_cls: 0.0146  d0.loss_bbox: 0.0229  d0.loss_iou: 0.1036  d1.loss_cls: 0.0029  d1.loss_bbox: 0.0208  d1.loss_iou: 0.0962  d2.loss_cls: 0.0015  d2.loss_bbox: 0.0205  d2.loss_iou: 0.0953  d3.loss_cls: 0.0011  d3.loss_bbox: 0.0204  d3.loss_iou: 0.0952  d4.loss_cls: 0.0012  d4.loss_bbox: 0.0203  d4.loss_iou: 0.0947  enc_loss_cls: 0.0184  enc_loss_bbox: 0.0311  enc_loss_iou: 0.1262  dn_loss_cls: 0.0008  dn_loss_bbox: 0.0208  dn_loss_iou: 0.0971  d0.dn_loss_cls: 0.0073  d0.dn_loss_bbox: 0.0419  d0.dn_loss_iou: 0.1647  d1.dn_loss_cls: 0.0022  d1.dn_loss_bbox: 0.0224  d1.dn_loss_iou: 0.1035  d2.dn_loss_cls: 0.0011  d2.dn_loss_bbox: 0.0211  d2.dn_loss_iou: 0.0986  d3.dn_loss_cls: 0.0008  d3.dn_loss_bbox: 0.0208  d3.dn_loss_iou: 0.0973  d4.dn_loss_cls: 0.0007  d4.dn_loss_bbox: 0.0208  d4.dn_loss_iou: 0.0971
2026/03/28 12:11:08 - mmengine - INFO - Epoch(val) [36][50/50]    eta: 0:00:00  time: 0.1930  data_time: 0.0098  memory: 1260  
2026/03/28 12:11:09 - mmengine - INFO - Evaluating bbox...
2026/03/28 12:11:13 - mmengine - INFO - bbox_mAP_copypaste: 0.516 0.876 0.508 0.246 0.503 0.770
2026/03/28 12:11:13 - mmengine - INFO - Epoch(val) [36][50/50]    coco/bbox_mAP: 0.5160  coco/bbox_mAP_50: 0.8760  coco/bbox_mAP_75: 0.5080  coco/bbox_mAP_s: 0.2460  coco/bbox_mAP_m: 0.5030  coco/bbox_mAP_l: 0.7700  data_time: 0.0098  time: 0.1931
2026/03/28 12:12:08 - mmengine - INFO - Exp name: dino_4scale_r50_net_fish_sonar_80e_pretrained_20260328_113233
2026/03/28 12:12:08 - mmengine - INFO - Epoch(train) [37][38/38]  base_lr: 5.7013e-05 lr: 5.7013e-05  eta: 0:39:50  time: 1.4229  data_time: 0.0168  memory: 32111  grad_norm: 57.4833  loss: 1.6060  loss_cls: 0.0001  loss_bbox: 0.0194  loss_iou: 0.0888  d0.loss_cls: 0.0085  d0.loss_bbox: 0.0216  d0.loss_iou: 0.0969  d1.loss_cls: 0.0021  d1.loss_bbox: 0.0199  d1.loss_iou: 0.0895  d2.loss_cls: 0.0007  d2.loss_bbox: 0.0196  d2.loss_iou: 0.0894  d3.loss_cls: 0.0003  d3.loss_bbox: 0.0194  d3.loss_iou: 0.0890  d4.loss_cls: 0.0001  d4.loss_bbox: 0.0194  d4.loss_iou: 0.0887  enc_loss_cls: 0.0157  enc_loss_bbox: 0.0292  enc_loss_iou: 0.1145  dn_loss_cls: 0.0009  dn_loss_bbox: 0.0199  dn_loss_iou: 0.0914  d0.dn_loss_cls: 0.0071  d0.dn_loss_bbox: 0.0399  d0.dn_loss_iou: 0.1545  d1.dn_loss_cls: 0.0023  d1.dn_loss_bbox: 0.0215  d1.dn_loss_iou: 0.0970  d2.dn_loss_cls: 0.0012  d2.dn_loss_bbox: 0.0203  d2.dn_loss_iou: 0.0930  d3.dn_loss_cls: 0.0010  d3.dn_loss_bbox: 0.0199  d3.dn_loss_iou: 0.0914  d4.dn_loss_cls: 0.0009  d4.dn_loss_bbox: 0.0199  d4.dn_loss_iou: 0.0913
2026/03/28 12:13:03 - mmengine - INFO - Exp name: dino_4scale_r50_net_fish_sonar_80e_pretrained_20260328_113233
2026/03/28 12:13:03 - mmengine - INFO - Epoch(train) [38][38/38]  base_lr: 5.5711e-05 lr: 5.5711e-05  eta: 0:38:54  time: 1.4296  data_time: 0.0149  memory: 32111  grad_norm: 52.0154  loss: 1.5437  loss_cls: 0.0001  loss_bbox: 0.0179  loss_iou: 0.0846  d0.loss_cls: 0.0092  d0.loss_bbox: 0.0199  d0.loss_iou: 0.0921  d1.loss_cls: 0.0026  d1.loss_bbox: 0.0183  d1.loss_iou: 0.0859  d2.loss_cls: 0.0010  d2.loss_bbox: 0.0181  d2.loss_iou: 0.0846  d3.loss_cls: 0.0004  d3.loss_bbox: 0.0180  d3.loss_iou: 0.0847  d4.loss_cls: 0.0002  d4.loss_bbox: 0.0179  d4.loss_iou: 0.0845  enc_loss_cls: 0.0158  enc_loss_bbox: 0.0278  enc_loss_iou: 0.1109  dn_loss_cls: 0.0010  dn_loss_bbox: 0.0186  dn_loss_iou: 0.0880  d0.dn_loss_cls: 0.0073  d0.dn_loss_bbox: 0.0387  d0.dn_loss_iou: 0.1532  d1.dn_loss_cls: 0.0026  d1.dn_loss_bbox: 0.0201  d1.dn_loss_iou: 0.0939  d2.dn_loss_cls: 0.0015  d2.dn_loss_bbox: 0.0190  d2.dn_loss_iou: 0.0897  d3.dn_loss_cls: 0.0012  d3.dn_loss_bbox: 0.0186  d3.dn_loss_iou: 0.0883  d4.dn_loss_cls: 0.0011  d4.dn_loss_bbox: 0.0186  d4.dn_loss_iou: 0.0879
2026/03/28 12:13:13 - mmengine - INFO - Epoch(val) [38][50/50]    eta: 0:00:00  time: 0.1932  data_time: 0.0110  memory: 1260  
2026/03/28 12:13:14 - mmengine - INFO - Evaluating bbox...
2026/03/28 12:13:18 - mmengine - INFO - bbox_mAP_copypaste: 0.528 0.877 0.527 0.247 0.521 0.782
2026/03/28 12:13:18 - mmengine - INFO - Epoch(val) [38][50/50]    coco/bbox_mAP: 0.5280  coco/bbox_mAP_50: 0.8770  coco/bbox_mAP_75: 0.5270  coco/bbox_mAP_s: 0.2470  coco/bbox_mAP_m: 0.5210  coco/bbox_mAP_l: 0.7820  data_time: 0.0110  time: 0.1917
2026/03/28 12:14:13 - mmengine - INFO - Exp name: dino_4scale_r50_net_fish_sonar_80e_pretrained_20260328_113233
2026/03/28 12:14:13 - mmengine - INFO - Epoch(train) [39][38/38]  base_lr: 5.4408e-05 lr: 5.4408e-05  eta: 0:37:58  time: 1.4327  data_time: 0.0200  memory: 32111  grad_norm: 51.7327  loss: 1.5222  loss_cls: 0.0001  loss_bbox: 0.0178  loss_iou: 0.0835  d0.loss_cls: 0.0084  d0.loss_bbox: 0.0199  d0.loss_iou: 0.0910  d1.loss_cls: 0.0023  d1.loss_bbox: 0.0181  d1.loss_iou: 0.0843  d2.loss_cls: 0.0009  d2.loss_bbox: 0.0179  d2.loss_iou: 0.0835  d3.loss_cls: 0.0003  d3.loss_bbox: 0.0178  d3.loss_iou: 0.0832  d4.loss_cls: 0.0002  d4.loss_bbox: 0.0178  d4.loss_iou: 0.0835  enc_loss_cls: 0.0146  enc_loss_bbox: 0.0276  enc_loss_iou: 0.1108  dn_loss_cls: 0.0012  dn_loss_bbox: 0.0185  dn_loss_iou: 0.0865  d0.dn_loss_cls: 0.0071  d0.dn_loss_bbox: 0.0386  d0.dn_loss_iou: 0.1513  d1.dn_loss_cls: 0.0027  d1.dn_loss_bbox: 0.0199  d1.dn_loss_iou: 0.0917  d2.dn_loss_cls: 0.0018  d2.dn_loss_bbox: 0.0188  d2.dn_loss_iou: 0.0876  d3.dn_loss_cls: 0.0014  d3.dn_loss_bbox: 0.0186  d3.dn_loss_iou: 0.0866  d4.dn_loss_cls: 0.0013  d4.dn_loss_bbox: 0.0185  d4.dn_loss_iou: 0.0865
2026/03/28 12:15:08 - mmengine - INFO - Exp name: dino_4scale_r50_net_fish_sonar_80e_pretrained_20260328_113233
2026/03/28 12:15:08 - mmengine - INFO - Epoch(train) [40][38/38]  base_lr: 5.3105e-05 lr: 5.3105e-05  eta: 0:37:01  time: 1.4180  data_time: 0.0122  memory: 32111  grad_norm: 50.5819  loss: 1.4783  loss_cls: 0.0007  loss_bbox: 0.0173  loss_iou: 0.0805  d0.loss_cls: 0.0084  d0.loss_bbox: 0.0193  d0.loss_iou: 0.0885  d1.loss_cls: 0.0028  d1.loss_bbox: 0.0175  d1.loss_iou: 0.0817  d2.loss_cls: 0.0015  d2.loss_bbox: 0.0173  d2.loss_iou: 0.0806  d3.loss_cls: 0.0007  d3.loss_bbox: 0.0173  d3.loss_iou: 0.0806  d4.loss_cls: 0.0007  d4.loss_bbox: 0.0172  d4.loss_iou: 0.0806  enc_loss_cls: 0.0154  enc_loss_bbox: 0.0251  enc_loss_iou: 0.1044  dn_loss_cls: 0.0012  dn_loss_bbox: 0.0179  dn_loss_iou: 0.0838  d0.dn_loss_cls: 0.0072  d0.dn_loss_bbox: 0.0380  d0.dn_loss_iou: 0.1494  d1.dn_loss_cls: 0.0025  d1.dn_loss_bbox: 0.0193  d1.dn_loss_iou: 0.0894  d2.dn_loss_cls: 0.0017  d2.dn_loss_bbox: 0.0183  d2.dn_loss_iou: 0.0851  d3.dn_loss_cls: 0.0014  d3.dn_loss_bbox: 0.0180  d3.dn_loss_iou: 0.0839  d4.dn_loss_cls: 0.0012  d4.dn_loss_bbox: 0.0179  d4.dn_loss_iou: 0.0838
2026/03/28 12:15:17 - mmengine - INFO - Epoch(val) [40][50/50]    eta: 0:00:00  time: 0.1927  data_time: 0.0105  memory: 1260  
2026/03/28 12:15:18 - mmengine - INFO - Evaluating bbox...
2026/03/28 12:15:22 - mmengine - INFO - bbox_mAP_copypaste: 0.525 0.882 0.520 0.238 0.512 0.786
2026/03/28 12:15:22 - mmengine - INFO - Epoch(val) [40][50/50]    coco/bbox_mAP: 0.5250  coco/bbox_mAP_50: 0.8820  coco/bbox_mAP_75: 0.5200  coco/bbox_mAP_s: 0.2380  coco/bbox_mAP_m: 0.5120  coco/bbox_mAP_l: 0.7860  data_time: 0.0105  time: 0.1926
2026/03/28 12:16:18 - mmengine - INFO - Exp name: dino_4scale_r50_net_fish_sonar_80e_pretrained_20260328_113233
2026/03/28 12:16:18 - mmengine - INFO - Epoch(train) [41][38/38]  base_lr: 5.1803e-05 lr: 5.1803e-05  eta: 0:36:06  time: 1.4425  data_time: 0.0133  memory: 32111  grad_norm: 51.5750  loss: 1.4139  loss_cls: 0.0004  loss_bbox: 0.0165  loss_iou: 0.0775  d0.loss_cls: 0.0070  d0.loss_bbox: 0.0182  d0.loss_iou: 0.0847  d1.loss_cls: 0.0014  d1.loss_bbox: 0.0168  d1.loss_iou: 0.0780  d2.loss_cls: 0.0007  d2.loss_bbox: 0.0166  d2.loss_iou: 0.0773  d3.loss_cls: 0.0005  d3.loss_bbox: 0.0165  d3.loss_iou: 0.0773  d4.loss_cls: 0.0005  d4.loss_bbox: 0.0165  d4.loss_iou: 0.0774  enc_loss_cls: 0.0143  enc_loss_bbox: 0.0242  enc_loss_iou: 0.1003  dn_loss_cls: 0.0008  dn_loss_bbox: 0.0172  dn_loss_iou: 0.0803  d0.dn_loss_cls: 0.0062  d0.dn_loss_bbox: 0.0371  d0.dn_loss_iou: 0.1462  d1.dn_loss_cls: 0.0020  d1.dn_loss_bbox: 0.0186  d1.dn_loss_iou: 0.0856  d2.dn_loss_cls: 0.0012  d2.dn_loss_bbox: 0.0175  d2.dn_loss_iou: 0.0816  d3.dn_loss_cls: 0.0010  d3.dn_loss_bbox: 0.0172  d3.dn_loss_iou: 0.0804  d4.dn_loss_cls: 0.0008  d4.dn_loss_bbox: 0.0171  d4.dn_loss_iou: 0.0803
2026/03/28 12:17:13 - mmengine - INFO - Exp name: dino_4scale_r50_net_fish_sonar_80e_pretrained_20260328_113233
2026/03/28 12:17:13 - mmengine - INFO - Epoch(train) [42][38/38]  base_lr: 5.0500e-05 lr: 5.0500e-05  eta: 0:35:09  time: 1.4185  data_time: 0.0149  memory: 32111  grad_norm: 48.1487  loss: 1.3619  loss_cls: 0.0004  loss_bbox: 0.0157  loss_iou: 0.0742  d0.loss_cls: 0.0077  d0.loss_bbox: 0.0175  d0.loss_iou: 0.0815  d1.loss_cls: 0.0019  d1.loss_bbox: 0.0159  d1.loss_iou: 0.0751  d2.loss_cls: 0.0008  d2.loss_bbox: 0.0158  d2.loss_iou: 0.0742  d3.loss_cls: 0.0004  d3.loss_bbox: 0.0157  d3.loss_iou: 0.0742  d4.loss_cls: 0.0004  d4.loss_bbox: 0.0156  d4.loss_iou: 0.0741  enc_loss_cls: 0.0142  enc_loss_bbox: 0.0233  enc_loss_iou: 0.0963  dn_loss_cls: 0.0008  dn_loss_bbox: 0.0164  dn_loss_iou: 0.0773  d0.dn_loss_cls: 0.0064  d0.dn_loss_bbox: 0.0360  d0.dn_loss_iou: 0.1410  d1.dn_loss_cls: 0.0021  d1.dn_loss_bbox: 0.0178  d1.dn_loss_iou: 0.0827  d2.dn_loss_cls: 0.0013  d2.dn_loss_bbox: 0.0168  d2.dn_loss_iou: 0.0787  d3.dn_loss_cls: 0.0010  d3.dn_loss_bbox: 0.0164  d3.dn_loss_iou: 0.0774  d4.dn_loss_cls: 0.0009  d4.dn_loss_bbox: 0.0164  d4.dn_loss_iou: 0.0773
2026/03/28 12:17:23 - mmengine - INFO - Epoch(val) [42][50/50]    eta: 0:00:00  time: 0.1968  data_time: 0.0109  memory: 1260  
2026/03/28 12:17:24 - mmengine - INFO - Evaluating bbox...
2026/03/28 12:17:28 - mmengine - INFO - bbox_mAP_copypaste: 0.530 0.881 0.529 0.240 0.521 0.787
2026/03/28 12:17:28 - mmengine - INFO - Epoch(val) [42][50/50]    coco/bbox_mAP: 0.5300  coco/bbox_mAP_50: 0.8810  coco/bbox_mAP_75: 0.5290  coco/bbox_mAP_s: 0.2400  coco/bbox_mAP_m: 0.5210  coco/bbox_mAP_l: 0.7870  data_time: 0.0109  time: 0.1958
2026/03/28 12:18:23 - mmengine - INFO - Exp name: dino_4scale_r50_net_fish_sonar_80e_pretrained_20260328_113233
2026/03/28 12:18:23 - mmengine - INFO - Epoch(train) [43][38/38]  base_lr: 4.9197e-05 lr: 4.9197e-05  eta: 0:34:14  time: 1.4408  data_time: 0.0149  memory: 32111  grad_norm: 50.1410  loss: 1.3789  loss_cls: 0.0001  loss_bbox: 0.0161  loss_iou: 0.0753  d0.loss_cls: 0.0074  d0.loss_bbox: 0.0178  d0.loss_iou: 0.0824  d1.loss_cls: 0.0018  d1.loss_bbox: 0.0164  d1.loss_iou: 0.0763  d2.loss_cls: 0.0004  d2.loss_bbox: 0.0162  d2.loss_iou: 0.0754  d3.loss_cls: 0.0006  d3.loss_bbox: 0.0159  d3.loss_iou: 0.0746  d4.loss_cls: 0.0001  d4.loss_bbox: 0.0161  d4.loss_iou: 0.0754  enc_loss_cls: 0.0135  enc_loss_bbox: 0.0232  enc_loss_iou: 0.0970  dn_loss_cls: 0.0008  dn_loss_bbox: 0.0167  dn_loss_iou: 0.0785  d0.dn_loss_cls: 0.0071  d0.dn_loss_bbox: 0.0361  d0.dn_loss_iou: 0.1421  d1.dn_loss_cls: 0.0024  d1.dn_loss_bbox: 0.0182  d1.dn_loss_iou: 0.0840  d2.dn_loss_cls: 0.0014  d2.dn_loss_bbox: 0.0170  d2.dn_loss_iou: 0.0800  d3.dn_loss_cls: 0.0010  d3.dn_loss_bbox: 0.0167  d3.dn_loss_iou: 0.0788  d4.dn_loss_cls: 0.0008  d4.dn_loss_bbox: 0.0167  d4.dn_loss_iou: 0.0784
2026/03/28 12:19:18 - mmengine - INFO - Exp name: dino_4scale_r50_net_fish_sonar_80e_pretrained_20260328_113233
2026/03/28 12:19:18 - mmengine - INFO - Epoch(train) [44][38/38]  base_lr: 4.7895e-05 lr: 4.7895e-05  eta: 0:33:18  time: 1.4212  data_time: 0.0211  memory: 32111  grad_norm: 51.2977  loss: 1.3463  loss_cls: 0.0002  loss_bbox: 0.0155  loss_iou: 0.0732  d0.loss_cls: 0.0073  d0.loss_bbox: 0.0173  d0.loss_iou: 0.0801  d1.loss_cls: 0.0021  d1.loss_bbox: 0.0158  d1.loss_iou: 0.0738  d2.loss_cls: 0.0009  d2.loss_bbox: 0.0156  d2.loss_iou: 0.0732  d3.loss_cls: 0.0006  d3.loss_bbox: 0.0155  d3.loss_iou: 0.0731  d4.loss_cls: 0.0003  d4.loss_bbox: 0.0155  d4.loss_iou: 0.0733  enc_loss_cls: 0.0137  enc_loss_bbox: 0.0231  enc_loss_iou: 0.0957  dn_loss_cls: 0.0008  dn_loss_bbox: 0.0162  dn_loss_iou: 0.0766  d0.dn_loss_cls: 0.0067  d0.dn_loss_bbox: 0.0358  d0.dn_loss_iou: 0.1401  d1.dn_loss_cls: 0.0022  d1.dn_loss_bbox: 0.0176  d1.dn_loss_iou: 0.0814  d2.dn_loss_cls: 0.0012  d2.dn_loss_bbox: 0.0165  d2.dn_loss_iou: 0.0777  d3.dn_loss_cls: 0.0010  d3.dn_loss_bbox: 0.0162  d3.dn_loss_iou: 0.0767  d4.dn_loss_cls: 0.0008  d4.dn_loss_bbox: 0.0162  d4.dn_loss_iou: 0.0766
2026/03/28 12:19:28 - mmengine - INFO - Epoch(val) [44][50/50]    eta: 0:00:00  time: 0.1951  data_time: 0.0108  memory: 1260  
2026/03/28 12:19:29 - mmengine - INFO - Evaluating bbox...
2026/03/28 12:19:33 - mmengine - INFO - bbox_mAP_copypaste: 0.525 0.892 0.521 0.242 0.518 0.777
2026/03/28 12:19:33 - mmengine - INFO - Epoch(val) [44][50/50]    coco/bbox_mAP: 0.5250  coco/bbox_mAP_50: 0.8920  coco/bbox_mAP_75: 0.5210  coco/bbox_mAP_s: 0.2420  coco/bbox_mAP_m: 0.5180  coco/bbox_mAP_l: 0.7770  data_time: 0.0108  time: 0.1952
2026/03/28 12:20:28 - mmengine - INFO - Exp name: dino_4scale_r50_net_fish_sonar_80e_pretrained_20260328_113233
2026/03/28 12:20:28 - mmengine - INFO - Epoch(train) [45][38/38]  base_lr: 4.6592e-05 lr: 4.6592e-05  eta: 0:32:22  time: 1.4367  data_time: 0.0227  memory: 32111  grad_norm: 54.8074  loss: 1.3053  loss_cls: 0.0004  loss_bbox: 0.0150  loss_iou: 0.0707  d0.loss_cls: 0.0074  d0.loss_bbox: 0.0165  d0.loss_iou: 0.0767  d1.loss_cls: 0.0026  d1.loss_bbox: 0.0152  d1.loss_iou: 0.0715  d2.loss_cls: 0.0010  d2.loss_bbox: 0.0150  d2.loss_iou: 0.0704  d3.loss_cls: 0.0006  d3.loss_bbox: 0.0150  d3.loss_iou: 0.0705  d4.loss_cls: 0.0005  d4.loss_bbox: 0.0150  d4.loss_iou: 0.0706  enc_loss_cls: 0.0129  enc_loss_bbox: 0.0221  enc_loss_iou: 0.0899  dn_loss_cls: 0.0009  dn_loss_bbox: 0.0157  dn_loss_iou: 0.0748  d0.dn_loss_cls: 0.0067  d0.dn_loss_bbox: 0.0350  d0.dn_loss_iou: 0.1377  d1.dn_loss_cls: 0.0022  d1.dn_loss_bbox: 0.0170  d1.dn_loss_iou: 0.0798  d2.dn_loss_cls: 0.0012  d2.dn_loss_bbox: 0.0160  d2.dn_loss_iou: 0.0760  d3.dn_loss_cls: 0.0010  d3.dn_loss_bbox: 0.0157  d3.dn_loss_iou: 0.0749  d4.dn_loss_cls: 0.0009  d4.dn_loss_bbox: 0.0157  d4.dn_loss_iou: 0.0747
2026/03/28 12:21:23 - mmengine - INFO - Exp name: dino_4scale_r50_net_fish_sonar_80e_pretrained_20260328_113233
2026/03/28 12:21:23 - mmengine - INFO - Epoch(train) [46][38/38]  base_lr: 4.5289e-05 lr: 4.5289e-05  eta: 0:31:26  time: 1.4193  data_time: 0.0189  memory: 32111  grad_norm: 51.4567  loss: 1.2589  loss_cls: 0.0005  loss_bbox: 0.0144  loss_iou: 0.0678  d0.loss_cls: 0.0071  d0.loss_bbox: 0.0160  d0.loss_iou: 0.0733  d1.loss_cls: 0.0020  d1.loss_bbox: 0.0146  d1.loss_iou: 0.0684  d2.loss_cls: 0.0008  d2.loss_bbox: 0.0145  d2.loss_iou: 0.0678  d3.loss_cls: 0.0006  d3.loss_bbox: 0.0144  d3.loss_iou: 0.0678  d4.loss_cls: 0.0005  d4.loss_bbox: 0.0144  d4.loss_iou: 0.0678  enc_loss_cls: 0.0122  enc_loss_bbox: 0.0209  enc_loss_iou: 0.0871  dn_loss_cls: 0.0010  dn_loss_bbox: 0.0151  dn_loss_iou: 0.0718  d0.dn_loss_cls: 0.0070  d0.dn_loss_bbox: 0.0344  d0.dn_loss_iou: 0.1352  d1.dn_loss_cls: 0.0025  d1.dn_loss_bbox: 0.0164  d1.dn_loss_iou: 0.0768  d2.dn_loss_cls: 0.0014  d2.dn_loss_bbox: 0.0154  d2.dn_loss_iou: 0.0731  d3.dn_loss_cls: 0.0012  d3.dn_loss_bbox: 0.0151  d3.dn_loss_iou: 0.0719  d4.dn_loss_cls: 0.0010  d4.dn_loss_bbox: 0.0151  d4.dn_loss_iou: 0.0718
2026/03/28 12:21:33 - mmengine - INFO - Epoch(val) [46][50/50]    eta: 0:00:00  time: 0.1936  data_time: 0.0109  memory: 1260  
2026/03/28 12:21:34 - mmengine - INFO - Evaluating bbox...
2026/03/28 12:21:38 - mmengine - INFO - bbox_mAP_copypaste: 0.525 0.883 0.522 0.205 0.523 0.784
2026/03/28 12:21:38 - mmengine - INFO - Epoch(val) [46][50/50]    coco/bbox_mAP: 0.5250  coco/bbox_mAP_50: 0.8830  coco/bbox_mAP_75: 0.5220  coco/bbox_mAP_s: 0.2050  coco/bbox_mAP_m: 0.5230  coco/bbox_mAP_l: 0.7840  data_time: 0.0108  time: 0.1937
2026/03/28 12:22:32 - mmengine - INFO - Exp name: dino_4scale_r50_net_fish_sonar_80e_pretrained_20260328_113233
2026/03/28 12:22:32 - mmengine - INFO - Epoch(train) [47][38/38]  base_lr: 4.3987e-05 lr: 4.3987e-05  eta: 0:30:30  time: 1.4246  data_time: 0.0204  memory: 32111  grad_norm: 51.2633  loss: 1.2463  loss_cls: 0.0001  loss_bbox: 0.0143  loss_iou: 0.0675  d0.loss_cls: 0.0076  d0.loss_bbox: 0.0162  d0.loss_iou: 0.0748  d1.loss_cls: 0.0022  d1.loss_bbox: 0.0146  d1.loss_iou: 0.0684  d2.loss_cls: 0.0010  d2.loss_bbox: 0.0143  d2.loss_iou: 0.0672  d3.loss_cls: 0.0003  d3.loss_bbox: 0.0143  d3.loss_iou: 0.0675  d4.loss_cls: 0.0001  d4.loss_bbox: 0.0143  d4.loss_iou: 0.0673  enc_loss_cls: 0.0112  enc_loss_bbox: 0.0216  enc_loss_iou: 0.0878  dn_loss_cls: 0.0007  dn_loss_bbox: 0.0148  dn_loss_iou: 0.0709  d0.dn_loss_cls: 0.0060  d0.dn_loss_bbox: 0.0337  d0.dn_loss_iou: 0.1321  d1.dn_loss_cls: 0.0020  d1.dn_loss_bbox: 0.0163  d1.dn_loss_iou: 0.0759  d2.dn_loss_cls: 0.0012  d2.dn_loss_bbox: 0.0152  d2.dn_loss_iou: 0.0719  d3.dn_loss_cls: 0.0009  d3.dn_loss_bbox: 0.0148  d3.dn_loss_iou: 0.0709  d4.dn_loss_cls: 0.0008  d4.dn_loss_bbox: 0.0148  d4.dn_loss_iou: 0.0708
2026/03/28 12:23:28 - mmengine - INFO - Exp name: dino_4scale_r50_net_fish_sonar_80e_pretrained_20260328_113233
2026/03/28 12:23:28 - mmengine - INFO - Epoch(train) [48][38/38]  base_lr: 4.2684e-05 lr: 4.2684e-05  eta: 0:29:35  time: 1.4293  data_time: 0.0197  memory: 32111  grad_norm: 49.6086  loss: 1.2188  loss_cls: 0.0001  loss_bbox: 0.0134  loss_iou: 0.0660  d0.loss_cls: 0.0082  d0.loss_bbox: 0.0153  d0.loss_iou: 0.0727  d1.loss_cls: 0.0027  d1.loss_bbox: 0.0137  d1.loss_iou: 0.0667  d2.loss_cls: 0.0011  d2.loss_bbox: 0.0135  d2.loss_iou: 0.0657  d3.loss_cls: 0.0003  d3.loss_bbox: 0.0134  d3.loss_iou: 0.0657  d4.loss_cls: 0.0001  d4.loss_bbox: 0.0134  d4.loss_iou: 0.0658  enc_loss_cls: 0.0115  enc_loss_bbox: 0.0208  enc_loss_iou: 0.0854  dn_loss_cls: 0.0007  dn_loss_bbox: 0.0141  dn_loss_iou: 0.0695  d0.dn_loss_cls: 0.0065  d0.dn_loss_bbox: 0.0332  d0.dn_loss_iou: 0.1318  d1.dn_loss_cls: 0.0022  d1.dn_loss_bbox: 0.0155  d1.dn_loss_iou: 0.0748  d2.dn_loss_cls: 0.0012  d2.dn_loss_bbox: 0.0144  d2.dn_loss_iou: 0.0706  d3.dn_loss_cls: 0.0009  d3.dn_loss_bbox: 0.0141  d3.dn_loss_iou: 0.0695  d4.dn_loss_cls: 0.0007  d4.dn_loss_bbox: 0.0141  d4.dn_loss_iou: 0.0694
2026/03/28 12:23:37 - mmengine - INFO - Epoch(val) [48][50/50]    eta: 0:00:00  time: 0.1933  data_time: 0.0103  memory: 1260  
2026/03/28 12:23:39 - mmengine - INFO - Evaluating bbox...
2026/03/28 12:23:42 - mmengine - INFO - bbox_mAP_copypaste: 0.525 0.870 0.517 0.219 0.525 0.788
2026/03/28 12:23:43 - mmengine - INFO - Epoch(val) [48][50/50]    coco/bbox_mAP: 0.5250  coco/bbox_mAP_50: 0.8700  coco/bbox_mAP_75: 0.5170  coco/bbox_mAP_s: 0.2190  coco/bbox_mAP_m: 0.5250  coco/bbox_mAP_l: 0.7880  data_time: 0.0102  time: 0.1934
2026/03/28 12:24:37 - mmengine - INFO - Exp name: dino_4scale_r50_net_fish_sonar_80e_pretrained_20260328_113233
2026/03/28 12:24:37 - mmengine - INFO - Epoch(train) [49][38/38]  base_lr: 4.1382e-05 lr: 4.1382e-05  eta: 0:28:39  time: 1.4198  data_time: 0.0176  memory: 32111  grad_norm: nan  loss: 1.2027  loss_cls: 0.0001  loss_bbox: 0.0132  loss_iou: 0.0654  d0.loss_cls: 0.0071  d0.loss_bbox: 0.0145  d0.loss_iou: 0.0705  d1.loss_cls: 0.0019  d1.loss_bbox: 0.0134  d1.loss_iou: 0.0657  d2.loss_cls: 0.0005  d2.loss_bbox: 0.0133  d2.loss_iou: 0.0653  d3.loss_cls: 0.0003  d3.loss_bbox: 0.0132  d3.loss_iou: 0.0653  d4.loss_cls: 0.0003  d4.loss_bbox: 0.0132  d4.loss_iou: 0.0654  enc_loss_cls: 0.0108  enc_loss_bbox: 0.0192  enc_loss_iou: 0.0826  dn_loss_cls: 0.0006  dn_loss_bbox: 0.0140  dn_loss_iou: 0.0694  d0.dn_loss_cls: 0.0063  d0.dn_loss_bbox: 0.0328  d0.dn_loss_iou: 0.1324  d1.dn_loss_cls: 0.0020  d1.dn_loss_bbox: 0.0153  d1.dn_loss_iou: 0.0744  d2.dn_loss_cls: 0.0010  d2.dn_loss_bbox: 0.0143  d2.dn_loss_iou: 0.0705  d3.dn_loss_cls: 0.0008  d3.dn_loss_bbox: 0.0141  d3.dn_loss_iou: 0.0695  d4.dn_loss_cls: 0.0007  d4.dn_loss_bbox: 0.0140  d4.dn_loss_iou: 0.0694
2026/03/28 12:25:32 - mmengine - INFO - Exp name: dino_4scale_r50_net_fish_sonar_80e_pretrained_20260328_113233
2026/03/28 12:25:32 - mmengine - INFO - Epoch(train) [50][38/38]  base_lr: 4.0079e-05 lr: 4.0079e-05  eta: 0:27:43  time: 1.4156  data_time: 0.0105  memory: 32111  grad_norm: nan  loss: 1.2023  loss_cls: 0.0001  loss_bbox: 0.0131  loss_iou: 0.0652  d0.loss_cls: 0.0072  d0.loss_bbox: 0.0146  d0.loss_iou: 0.0716  d1.loss_cls: 0.0019  d1.loss_bbox: 0.0133  d1.loss_iou: 0.0658  d2.loss_cls: 0.0005  d2.loss_bbox: 0.0131  d2.loss_iou: 0.0652  d3.loss_cls: 0.0003  d3.loss_bbox: 0.0131  d3.loss_iou: 0.0650  d4.loss_cls: 0.0002  d4.loss_bbox: 0.0131  d4.loss_iou: 0.0650  enc_loss_cls: 0.0105  enc_loss_bbox: 0.0190  enc_loss_iou: 0.0814  dn_loss_cls: 0.0008  dn_loss_bbox: 0.0139  dn_loss_iou: 0.0694  d0.dn_loss_cls: 0.0067  d0.dn_loss_bbox: 0.0326  d0.dn_loss_iou: 0.1327  d1.dn_loss_cls: 0.0024  d1.dn_loss_bbox: 0.0152  d1.dn_loss_iou: 0.0743  d2.dn_loss_cls: 0.0013  d2.dn_loss_bbox: 0.0142  d2.dn_loss_iou: 0.0709  d3.dn_loss_cls: 0.0010  d3.dn_loss_bbox: 0.0139  d3.dn_loss_iou: 0.0696  d4.dn_loss_cls: 0.0008  d4.dn_loss_bbox: 0.0139  d4.dn_loss_iou: 0.0694
2026/03/28 12:25:41 - mmengine - INFO - Epoch(val) [50][50/50]    eta: 0:00:00  time: 0.1951  data_time: 0.0120  memory: 1260  
2026/03/28 12:25:43 - mmengine - INFO - Evaluating bbox...
2026/03/28 12:25:46 - mmengine - INFO - bbox_mAP_copypaste: 0.520 0.882 0.505 0.228 0.515 0.778
2026/03/28 12:25:46 - mmengine - INFO - Epoch(val) [50][50/50]    coco/bbox_mAP: 0.5200  coco/bbox_mAP_50: 0.8820  coco/bbox_mAP_75: 0.5050  coco/bbox_mAP_s: 0.2280  coco/bbox_mAP_m: 0.5150  coco/bbox_mAP_l: 0.7780  data_time: 0.0120  time: 0.1941
2026/03/28 12:26:42 - mmengine - INFO - Exp name: dino_4scale_r50_net_fish_sonar_80e_pretrained_20260328_113233
2026/03/28 12:26:42 - mmengine - INFO - Epoch(train) [51][38/38]  base_lr: 3.8776e-05 lr: 3.8776e-05  eta: 0:26:47  time: 1.4322  data_time: 0.0201  memory: 32111  grad_norm: 49.4934  loss: 1.1742  loss_cls: 0.0000  loss_bbox: 0.0134  loss_iou: 0.0631  d0.loss_cls: 0.0062  d0.loss_bbox: 0.0150  d0.loss_iou: 0.0693  d1.loss_cls: 0.0014  d1.loss_bbox: 0.0137  d1.loss_iou: 0.0646  d2.loss_cls: 0.0005  d2.loss_bbox: 0.0135  d2.loss_iou: 0.0631  d3.loss_cls: 0.0001  d3.loss_bbox: 0.0135  d3.loss_iou: 0.0633  d4.loss_cls: 0.0001  d4.loss_bbox: 0.0134  d4.loss_iou: 0.0630  enc_loss_cls: 0.0101  enc_loss_bbox: 0.0197  enc_loss_iou: 0.0777  dn_loss_cls: 0.0006  dn_loss_bbox: 0.0142  dn_loss_iou: 0.0671  d0.dn_loss_cls: 0.0064  d0.dn_loss_bbox: 0.0343  d0.dn_loss_iou: 0.1296  d1.dn_loss_cls: 0.0020  d1.dn_loss_bbox: 0.0155  d1.dn_loss_iou: 0.0720  d2.dn_loss_cls: 0.0010  d2.dn_loss_bbox: 0.0145  d2.dn_loss_iou: 0.0683  d3.dn_loss_cls: 0.0008  d3.dn_loss_bbox: 0.0142  d3.dn_loss_iou: 0.0673  d4.dn_loss_cls: 0.0006  d4.dn_loss_bbox: 0.0142  d4.dn_loss_iou: 0.0671
2026/03/28 12:27:37 - mmengine - INFO - Exp name: dino_4scale_r50_net_fish_sonar_80e_pretrained_20260328_113233
2026/03/28 12:27:37 - mmengine - INFO - Epoch(train) [52][38/38]  base_lr: 3.7474e-05 lr: 3.7474e-05  eta: 0:25:51  time: 1.4177  data_time: 0.0147  memory: 32111  grad_norm: 54.2259  loss: 1.1642  loss_cls: 0.0002  loss_bbox: 0.0130  loss_iou: 0.0618  d0.loss_cls: 0.0059  d0.loss_bbox: 0.0150  d0.loss_iou: 0.0690  d1.loss_cls: 0.0014  d1.loss_bbox: 0.0134  d1.loss_iou: 0.0628  d2.loss_cls: 0.0006  d2.loss_bbox: 0.0132  d2.loss_iou: 0.0618  d3.loss_cls: 0.0004  d3.loss_bbox: 0.0131  d3.loss_iou: 0.0616  d4.loss_cls: 0.0002  d4.loss_bbox: 0.0131  d4.loss_iou: 0.0618  enc_loss_cls: 0.0098  enc_loss_bbox: 0.0207  enc_loss_iou: 0.0781  dn_loss_cls: 0.0007  dn_loss_bbox: 0.0138  dn_loss_iou: 0.0664  d0.dn_loss_cls: 0.0067  d0.dn_loss_bbox: 0.0349  d0.dn_loss_iou: 0.1308  d1.dn_loss_cls: 0.0021  d1.dn_loss_bbox: 0.0153  d1.dn_loss_iou: 0.0716  d2.dn_loss_cls: 0.0011  d2.dn_loss_bbox: 0.0141  d2.dn_loss_iou: 0.0675  d3.dn_loss_cls: 0.0009  d3.dn_loss_bbox: 0.0138  d3.dn_loss_iou: 0.0666  d4.dn_loss_cls: 0.0008  d4.dn_loss_bbox: 0.0138  d4.dn_loss_iou: 0.0663
2026/03/28 12:27:46 - mmengine - INFO - Epoch(val) [52][50/50]    eta: 0:00:00  time: 0.1969  data_time: 0.0109  memory: 1260  
2026/03/28 12:27:48 - mmengine - INFO - Evaluating bbox...
2026/03/28 12:27:51 - mmengine - INFO - bbox_mAP_copypaste: 0.516 0.873 0.511 0.206 0.512 0.775
2026/03/28 12:27:52 - mmengine - INFO - Epoch(val) [52][50/50]    coco/bbox_mAP: 0.5160  coco/bbox_mAP_50: 0.8730  coco/bbox_mAP_75: 0.5110  coco/bbox_mAP_s: 0.2060  coco/bbox_mAP_m: 0.5120  coco/bbox_mAP_l: 0.7750  data_time: 0.0109  time: 0.1967
2026/03/28 12:28:27 - mmengine - INFO - Exp name: dino_4scale_r50_net_fish_sonar_80e_pretrained_20260328_113233
2026/03/28 12:28:46 - mmengine - INFO - Exp name: dino_4scale_r50_net_fish_sonar_80e_pretrained_20260328_113233
2026/03/28 12:28:46 - mmengine - INFO - Epoch(train) [53][38/38]  base_lr: 3.6171e-05 lr: 3.6171e-05  eta: 0:24:56  time: 1.4209  data_time: 0.0153  memory: 32111  grad_norm: 45.9666  loss: 1.0883  loss_cls: 0.0001  loss_bbox: 0.0124  loss_iou: 0.0578  d0.loss_cls: 0.0051  d0.loss_bbox: 0.0139  d0.loss_iou: 0.0636  d1.loss_cls: 0.0010  d1.loss_bbox: 0.0126  d1.loss_iou: 0.0589  d2.loss_cls: 0.0004  d2.loss_bbox: 0.0125  d2.loss_iou: 0.0582  d3.loss_cls: 0.0002  d3.loss_bbox: 0.0124  d3.loss_iou: 0.0580  d4.loss_cls: 0.0001  d4.loss_bbox: 0.0124  d4.loss_iou: 0.0580  enc_loss_cls: 0.0088  enc_loss_bbox: 0.0181  enc_loss_iou: 0.0726  dn_loss_cls: 0.0009  dn_loss_bbox: 0.0131  dn_loss_iou: 0.0622  d0.dn_loss_cls: 0.0060  d0.dn_loss_bbox: 0.0317  d0.dn_loss_iou: 0.1234  d1.dn_loss_cls: 0.0019  d1.dn_loss_bbox: 0.0144  d1.dn_loss_iou: 0.0671  d2.dn_loss_cls: 0.0012  d2.dn_loss_bbox: 0.0134  d2.dn_loss_iou: 0.0633  d3.dn_loss_cls: 0.0010  d3.dn_loss_bbox: 0.0131  d3.dn_loss_iou: 0.0623  d4.dn_loss_cls: 0.0009  d4.dn_loss_bbox: 0.0131  d4.dn_loss_iou: 0.0622
2026/03/28 12:29:41 - mmengine - INFO - Exp name: dino_4scale_r50_net_fish_sonar_80e_pretrained_20260328_113233
2026/03/28 12:29:41 - mmengine - INFO - Epoch(train) [54][38/38]  base_lr: 3.4868e-05 lr: 3.4868e-05  eta: 0:24:00  time: 1.4181  data_time: 0.0150  memory: 32111  grad_norm: 46.9515  loss: 1.0875  loss_cls: 0.0000  loss_bbox: 0.0119  loss_iou: 0.0574  d0.loss_cls: 0.0055  d0.loss_bbox: 0.0135  d0.loss_iou: 0.0635  d1.loss_cls: 0.0015  d1.loss_bbox: 0.0121  d1.loss_iou: 0.0582  d2.loss_cls: 0.0004  d2.loss_bbox: 0.0119  d2.loss_iou: 0.0575  d3.loss_cls: 0.0001  d3.loss_bbox: 0.0119  d3.loss_iou: 0.0573  d4.loss_cls: 0.0000  d4.loss_bbox: 0.0119  d4.loss_iou: 0.0573  enc_loss_cls: 0.0093  enc_loss_bbox: 0.0178  enc_loss_iou: 0.0727  dn_loss_cls: 0.0010  dn_loss_bbox: 0.0128  dn_loss_iou: 0.0626  d0.dn_loss_cls: 0.0066  d0.dn_loss_bbox: 0.0325  d0.dn_loss_iou: 0.1259  d1.dn_loss_cls: 0.0022  d1.dn_loss_bbox: 0.0141  d1.dn_loss_iou: 0.0670  d2.dn_loss_cls: 0.0014  d2.dn_loss_bbox: 0.0131  d2.dn_loss_iou: 0.0638  d3.dn_loss_cls: 0.0011  d3.dn_loss_bbox: 0.0128  d3.dn_loss_iou: 0.0627  d4.dn_loss_cls: 0.0010  d4.dn_loss_bbox: 0.0127  d4.dn_loss_iou: 0.0626
2026/03/28 12:29:51 - mmengine - INFO - Epoch(val) [54][50/50]    eta: 0:00:00  time: 0.1970  data_time: 0.0112  memory: 1260  
2026/03/28 12:29:52 - mmengine - INFO - Evaluating bbox...
2026/03/28 12:29:56 - mmengine - INFO - bbox_mAP_copypaste: 0.523 0.869 0.514 0.223 0.515 0.780
2026/03/28 12:29:56 - mmengine - INFO - Epoch(val) [54][50/50]    coco/bbox_mAP: 0.5230  coco/bbox_mAP_50: 0.8690  coco/bbox_mAP_75: 0.5140  coco/bbox_mAP_s: 0.2230  coco/bbox_mAP_m: 0.5150  coco/bbox_mAP_l: 0.7800  data_time: 0.0112  time: 0.1971
2026/03/28 12:30:53 - mmengine - INFO - Exp name: dino_4scale_r50_net_fish_sonar_80e_pretrained_20260328_113233
2026/03/28 12:30:53 - mmengine - INFO - Epoch(train) [55][38/38]  base_lr: 3.3566e-05 lr: 3.3566e-05  eta: 0:23:05  time: 1.4630  data_time: 0.0158  memory: 32111  grad_norm: 54.3656  loss: 1.0549  loss_cls: 0.0000  loss_bbox: 0.0112  loss_iou: 0.0567  d0.loss_cls: 0.0053  d0.loss_bbox: 0.0127  d0.loss_iou: 0.0623  d1.loss_cls: 0.0010  d1.loss_bbox: 0.0114  d1.loss_iou: 0.0569  d2.loss_cls: 0.0003  d2.loss_bbox: 0.0113  d2.loss_iou: 0.0567  d3.loss_cls: 0.0001  d3.loss_bbox: 0.0112  d3.loss_iou: 0.0568  d4.loss_cls: 0.0000  d4.loss_bbox: 0.0112  d4.loss_iou: 0.0568  enc_loss_cls: 0.0085  enc_loss_bbox: 0.0168  enc_loss_iou: 0.0711  dn_loss_cls: 0.0007  dn_loss_bbox: 0.0120  dn_loss_iou: 0.0610  d0.dn_loss_cls: 0.0057  d0.dn_loss_bbox: 0.0309  d0.dn_loss_iou: 0.1226  d1.dn_loss_cls: 0.0018  d1.dn_loss_bbox: 0.0133  d1.dn_loss_iou: 0.0656  d2.dn_loss_cls: 0.0010  d2.dn_loss_bbox: 0.0123  d2.dn_loss_iou: 0.0621  d3.dn_loss_cls: 0.0008  d3.dn_loss_bbox: 0.0121  d3.dn_loss_iou: 0.0611  d4.dn_loss_cls: 0.0007  d4.dn_loss_bbox: 0.0120  d4.dn_loss_iou: 0.0610
2026/03/28 12:31:47 - mmengine - INFO - Exp name: dino_4scale_r50_net_fish_sonar_80e_pretrained_20260328_113233
2026/03/28 12:31:47 - mmengine - INFO - Epoch(train) [56][38/38]  base_lr: 3.2263e-05 lr: 3.2263e-05  eta: 0:22:09  time: 1.4314  data_time: 0.0230  memory: 32111  grad_norm: 51.1774  loss: 1.0302  loss_cls: 0.0001  loss_bbox: 0.0105  loss_iou: 0.0552  d0.loss_cls: 0.0061  d0.loss_bbox: 0.0119  d0.loss_iou: 0.0604  d1.loss_cls: 0.0014  d1.loss_bbox: 0.0107  d1.loss_iou: 0.0558  d2.loss_cls: 0.0007  d2.loss_bbox: 0.0106  d2.loss_iou: 0.0554  d3.loss_cls: 0.0004  d3.loss_bbox: 0.0105  d3.loss_iou: 0.0551  d4.loss_cls: 0.0002  d4.loss_bbox: 0.0105  d4.loss_iou: 0.0552  enc_loss_cls: 0.0086  enc_loss_bbox: 0.0163  enc_loss_iou: 0.0693  dn_loss_cls: 0.0007  dn_loss_bbox: 0.0114  dn_loss_iou: 0.0595  d0.dn_loss_cls: 0.0061  d0.dn_loss_bbox: 0.0302  d0.dn_loss_iou: 0.1220  d1.dn_loss_cls: 0.0020  d1.dn_loss_bbox: 0.0126  d1.dn_loss_iou: 0.0640  d2.dn_loss_cls: 0.0011  d2.dn_loss_bbox: 0.0117  d2.dn_loss_iou: 0.0606  d3.dn_loss_cls: 0.0008  d3.dn_loss_bbox: 0.0114  d3.dn_loss_iou: 0.0596  d4.dn_loss_cls: 0.0007  d4.dn_loss_bbox: 0.0114  d4.dn_loss_iou: 0.0595
2026/03/28 12:31:57 - mmengine - INFO - Epoch(val) [56][50/50]    eta: 0:00:00  time: 0.1970  data_time: 0.0113  memory: 1260  
2026/03/28 12:31:59 - mmengine - INFO - Evaluating bbox...
2026/03/28 12:32:02 - mmengine - INFO - bbox_mAP_copypaste: 0.519 0.876 0.514 0.222 0.507 0.780
2026/03/28 12:32:02 - mmengine - INFO - Epoch(val) [56][50/50]    coco/bbox_mAP: 0.5190  coco/bbox_mAP_50: 0.8760  coco/bbox_mAP_75: 0.5140  coco/bbox_mAP_s: 0.2220  coco/bbox_mAP_m: 0.5070  coco/bbox_mAP_l: 0.7800  data_time: 0.0112  time: 0.1971
2026/03/28 12:32:58 - mmengine - INFO - Exp name: dino_4scale_r50_net_fish_sonar_80e_pretrained_20260328_113233
2026/03/28 12:32:58 - mmengine - INFO - Epoch(train) [57][38/38]  base_lr: 3.0961e-05 lr: 3.0961e-05  eta: 0:21:14  time: 1.4315  data_time: 0.0133  memory: 32111  grad_norm: 50.1334  loss: 1.0078  loss_cls: 0.0001  loss_bbox: 0.0104  loss_iou: 0.0537  d0.loss_cls: 0.0056  d0.loss_bbox: 0.0118  d0.loss_iou: 0.0590  d1.loss_cls: 0.0011  d1.loss_bbox: 0.0106  d1.loss_iou: 0.0548  d2.loss_cls: 0.0004  d2.loss_bbox: 0.0105  d2.loss_iou: 0.0540  d3.loss_cls: 0.0001  d3.loss_bbox: 0.0104  d3.loss_iou: 0.0539  d4.loss_cls: 0.0001  d4.loss_bbox: 0.0104  d4.loss_iou: 0.0537  enc_loss_cls: 0.0084  enc_loss_bbox: 0.0156  enc_loss_iou: 0.0668  dn_loss_cls: 0.0007  dn_loss_bbox: 0.0113  dn_loss_iou: 0.0575  d0.dn_loss_cls: 0.0063  d0.dn_loss_bbox: 0.0303  d0.dn_loss_iou: 0.1215  d1.dn_loss_cls: 0.0021  d1.dn_loss_bbox: 0.0127  d1.dn_loss_iou: 0.0628  d2.dn_loss_cls: 0.0012  d2.dn_loss_bbox: 0.0116  d2.dn_loss_iou: 0.0590  d3.dn_loss_cls: 0.0009  d3.dn_loss_bbox: 0.0113  d3.dn_loss_iou: 0.0577  d4.dn_loss_cls: 0.0007  d4.dn_loss_bbox: 0.0113  d4.dn_loss_iou: 0.0575
2026/03/28 12:33:53 - mmengine - INFO - Exp name: dino_4scale_r50_net_fish_sonar_80e_pretrained_20260328_113233
2026/03/28 12:33:53 - mmengine - INFO - Epoch(train) [58][38/38]  base_lr: 2.9658e-05 lr: 2.9658e-05  eta: 0:20:18  time: 1.4232  data_time: 0.0211  memory: 32111  grad_norm: 45.8376  loss: 0.9660  loss_cls: 0.0000  loss_bbox: 0.0100  loss_iou: 0.0510  d0.loss_cls: 0.0065  d0.loss_bbox: 0.0113  d0.loss_iou: 0.0562  d1.loss_cls: 0.0014  d1.loss_bbox: 0.0101  d1.loss_iou: 0.0512  d2.loss_cls: 0.0008  d2.loss_bbox: 0.0100  d2.loss_iou: 0.0511  d3.loss_cls: 0.0001  d3.loss_bbox: 0.0100  d3.loss_iou: 0.0512  d4.loss_cls: 0.0000  d4.loss_bbox: 0.0100  d4.loss_iou: 0.0510  enc_loss_cls: 0.0090  enc_loss_bbox: 0.0152  enc_loss_iou: 0.0621  dn_loss_cls: 0.0007  dn_loss_bbox: 0.0110  dn_loss_iou: 0.0554  d0.dn_loss_cls: 0.0061  d0.dn_loss_bbox: 0.0296  d0.dn_loss_iou: 0.1175  d1.dn_loss_cls: 0.0021  d1.dn_loss_bbox: 0.0122  d1.dn_loss_iou: 0.0601  d2.dn_loss_cls: 0.0011  d2.dn_loss_bbox: 0.0113  d2.dn_loss_iou: 0.0564  d3.dn_loss_cls: 0.0008  d3.dn_loss_bbox: 0.0110  d3.dn_loss_iou: 0.0556  d4.dn_loss_cls: 0.0007  d4.dn_loss_bbox: 0.0110  d4.dn_loss_iou: 0.0554
2026/03/28 12:34:03 - mmengine - INFO - Epoch(val) [58][50/50]    eta: 0:00:00  time: 0.1991  data_time: 0.0111  memory: 1260  
2026/03/28 12:34:04 - mmengine - INFO - Evaluating bbox...
2026/03/28 12:34:08 - mmengine - INFO - bbox_mAP_copypaste: 0.526 0.873 0.517 0.230 0.515 0.789
2026/03/28 12:34:08 - mmengine - INFO - Epoch(val) [58][50/50]    coco/bbox_mAP: 0.5260  coco/bbox_mAP_50: 0.8730  coco/bbox_mAP_75: 0.5170  coco/bbox_mAP_s: 0.2300  coco/bbox_mAP_m: 0.5150  coco/bbox_mAP_l: 0.7890  data_time: 0.0110  time: 0.1991
2026/03/28 12:35:03 - mmengine - INFO - Exp name: dino_4scale_r50_net_fish_sonar_80e_pretrained_20260328_113233
2026/03/28 12:35:03 - mmengine - INFO - Epoch(train) [59][38/38]  base_lr: 2.8355e-05 lr: 2.8355e-05  eta: 0:19:23  time: 1.4256  data_time: 0.0185  memory: 32111  grad_norm: 48.7918  loss: 0.9876  loss_cls: 0.0000  loss_bbox: 0.0100  loss_iou: 0.0520  d0.loss_cls: 0.0065  d0.loss_bbox: 0.0114  d0.loss_iou: 0.0575  d1.loss_cls: 0.0016  d1.loss_bbox: 0.0101  d1.loss_iou: 0.0522  d2.loss_cls: 0.0007  d2.loss_bbox: 0.0100  d2.loss_iou: 0.0520  d3.loss_cls: 0.0001  d3.loss_bbox: 0.0100  d3.loss_iou: 0.0522  d4.loss_cls: 0.0001  d4.loss_bbox: 0.0100  d4.loss_iou: 0.0521  enc_loss_cls: 0.0080  enc_loss_bbox: 0.0151  enc_loss_iou: 0.0629  dn_loss_cls: 0.0009  dn_loss_bbox: 0.0110  dn_loss_iou: 0.0569  d0.dn_loss_cls: 0.0067  d0.dn_loss_bbox: 0.0301  d0.dn_loss_iou: 0.1216  d1.dn_loss_cls: 0.0024  d1.dn_loss_bbox: 0.0124  d1.dn_loss_iou: 0.0622  d2.dn_loss_cls: 0.0013  d2.dn_loss_bbox: 0.0114  d2.dn_loss_iou: 0.0583  d3.dn_loss_cls: 0.0010  d3.dn_loss_bbox: 0.0110  d3.dn_loss_iou: 0.0570  d4.dn_loss_cls: 0.0009  d4.dn_loss_bbox: 0.0110  d4.dn_loss_iou: 0.0569
2026/03/28 12:35:58 - mmengine - INFO - Exp name: dino_4scale_r50_net_fish_sonar_80e_pretrained_20260328_113233
2026/03/28 12:35:58 - mmengine - INFO - Epoch(train) [60][38/38]  base_lr: 2.7053e-05 lr: 2.7053e-05  eta: 0:18:27  time: 1.4189  data_time: 0.0156  memory: 32111  grad_norm: 47.6632  loss: 0.9860  loss_cls: 0.0000  loss_bbox: 0.0099  loss_iou: 0.0519  d0.loss_cls: 0.0058  d0.loss_bbox: 0.0111  d0.loss_iou: 0.0569  d1.loss_cls: 0.0017  d1.loss_bbox: 0.0101  d1.loss_iou: 0.0526  d2.loss_cls: 0.0008  d2.loss_bbox: 0.0099  d2.loss_iou: 0.0521  d3.loss_cls: 0.0004  d3.loss_bbox: 0.0099  d3.loss_iou: 0.0520  d4.loss_cls: 0.0000  d4.loss_bbox: 0.0099  d4.loss_iou: 0.0519  enc_loss_cls: 0.0079  enc_loss_bbox: 0.0147  enc_loss_iou: 0.0631  dn_loss_cls: 0.0010  dn_loss_bbox: 0.0110  dn_loss_iou: 0.0570  d0.dn_loss_cls: 0.0064  d0.dn_loss_bbox: 0.0299  d0.dn_loss_iou: 0.1213  d1.dn_loss_cls: 0.0023  d1.dn_loss_bbox: 0.0124  d1.dn_loss_iou: 0.0623  d2.dn_loss_cls: 0.0014  d2.dn_loss_bbox: 0.0114  d2.dn_loss_iou: 0.0584  d3.dn_loss_cls: 0.0011  d3.dn_loss_bbox: 0.0110  d3.dn_loss_iou: 0.0572  d4.dn_loss_cls: 0.0010  d4.dn_loss_bbox: 0.0110  d4.dn_loss_iou: 0.0570
2026/03/28 12:36:08 - mmengine - INFO - Epoch(val) [60][50/50]    eta: 0:00:00  time: 0.2012  data_time: 0.0111  memory: 1260  
2026/03/28 12:36:09 - mmengine - INFO - Evaluating bbox...
2026/03/28 12:36:13 - mmengine - INFO - bbox_mAP_copypaste: 0.520 0.868 0.514 0.220 0.512 0.783
2026/03/28 12:36:13 - mmengine - INFO - Epoch(val) [60][50/50]    coco/bbox_mAP: 0.5200  coco/bbox_mAP_50: 0.8680  coco/bbox_mAP_75: 0.5140  coco/bbox_mAP_s: 0.2200  coco/bbox_mAP_m: 0.5120  coco/bbox_mAP_l: 0.7830  data_time: 0.0111  time: 0.2012
2026/03/28 12:37:08 - mmengine - INFO - Exp name: dino_4scale_r50_net_fish_sonar_80e_pretrained_20260328_113233
2026/03/28 12:37:08 - mmengine - INFO - Epoch(train) [61][38/38]  base_lr: 2.5750e-05 lr: 2.5750e-05  eta: 0:17:32  time: 1.4306  data_time: 0.0148  memory: 32111  grad_norm: nan  loss: 0.9466  loss_cls: 0.0005  loss_bbox: 0.0092  loss_iou: 0.0500  d0.loss_cls: 0.0057  d0.loss_bbox: 0.0107  d0.loss_iou: 0.0554  d1.loss_cls: 0.0020  d1.loss_bbox: 0.0094  d1.loss_iou: 0.0506  d2.loss_cls: 0.0013  d2.loss_bbox: 0.0093  d2.loss_iou: 0.0502  d3.loss_cls: 0.0008  d3.loss_bbox: 0.0092  d3.loss_iou: 0.0501  d4.loss_cls: 0.0004  d4.loss_bbox: 0.0093  d4.loss_iou: 0.0501  enc_loss_cls: 0.0075  enc_loss_bbox: 0.0138  enc_loss_iou: 0.0594  dn_loss_cls: 0.0009  dn_loss_bbox: 0.0103  dn_loss_iou: 0.0552  d0.dn_loss_cls: 0.0060  d0.dn_loss_bbox: 0.0284  d0.dn_loss_iou: 0.1159  d1.dn_loss_cls: 0.0021  d1.dn_loss_bbox: 0.0115  d1.dn_loss_iou: 0.0596  d2.dn_loss_cls: 0.0012  d2.dn_loss_bbox: 0.0107  d2.dn_loss_iou: 0.0566  d3.dn_loss_cls: 0.0010  d3.dn_loss_bbox: 0.0103  d3.dn_loss_iou: 0.0554  d4.dn_loss_cls: 0.0009  d4.dn_loss_bbox: 0.0103  d4.dn_loss_iou: 0.0551
2026/03/28 12:38:02 - mmengine - INFO - Exp name: dino_4scale_r50_net_fish_sonar_80e_pretrained_20260328_113233
2026/03/28 12:38:02 - mmengine - INFO - Epoch(train) [62][38/38]  base_lr: 2.4447e-05 lr: 2.4447e-05  eta: 0:16:36  time: 1.4053  data_time: 0.0140  memory: 32111  grad_norm: nan  loss: 0.9032  loss_cls: 0.0005  loss_bbox: 0.0089  loss_iou: 0.0476  d0.loss_cls: 0.0059  d0.loss_bbox: 0.0104  d0.loss_iou: 0.0534  d1.loss_cls: 0.0015  d1.loss_bbox: 0.0091  d1.loss_iou: 0.0482  d2.loss_cls: 0.0007  d2.loss_bbox: 0.0089  d2.loss_iou: 0.0477  d3.loss_cls: 0.0005  d3.loss_bbox: 0.0089  d3.loss_iou: 0.0474  d4.loss_cls: 0.0004  d4.loss_bbox: 0.0089  d4.loss_iou: 0.0476  enc_loss_cls: 0.0069  enc_loss_bbox: 0.0136  enc_loss_iou: 0.0571  dn_loss_cls: 0.0007  dn_loss_bbox: 0.0099  dn_loss_iou: 0.0521  d0.dn_loss_cls: 0.0059  d0.dn_loss_bbox: 0.0281  d0.dn_loss_iou: 0.1121  d1.dn_loss_cls: 0.0019  d1.dn_loss_bbox: 0.0111  d1.dn_loss_iou: 0.0566  d2.dn_loss_cls: 0.0011  d2.dn_loss_bbox: 0.0102  d2.dn_loss_iou: 0.0535  d3.dn_loss_cls: 0.0008  d3.dn_loss_bbox: 0.0099  d3.dn_loss_iou: 0.0524  d4.dn_loss_cls: 0.0007  d4.dn_loss_bbox: 0.0099  d4.dn_loss_iou: 0.0521
2026/03/28 12:38:12 - mmengine - INFO - Epoch(val) [62][50/50]    eta: 0:00:00  time: 0.1990  data_time: 0.0129  memory: 1260  
2026/03/28 12:38:13 - mmengine - INFO - Evaluating bbox...
2026/03/28 12:38:17 - mmengine - INFO - bbox_mAP_copypaste: 0.527 0.874 0.524 0.230 0.520 0.783
2026/03/28 12:38:17 - mmengine - INFO - Epoch(val) [62][50/50]    coco/bbox_mAP: 0.5270  coco/bbox_mAP_50: 0.8740  coco/bbox_mAP_75: 0.5240  coco/bbox_mAP_s: 0.2300  coco/bbox_mAP_m: 0.5200  coco/bbox_mAP_l: 0.7830  data_time: 0.0128  time: 0.1983
2026/03/28 12:39:11 - mmengine - INFO - Exp name: dino_4scale_r50_net_fish_sonar_80e_pretrained_20260328_113233
2026/03/28 12:39:11 - mmengine - INFO - Epoch(train) [63][38/38]  base_lr: 2.3145e-05 lr: 2.3145e-05  eta: 0:15:40  time: 1.4116  data_time: 0.0146  memory: 32111  grad_norm: 47.0602  loss: 0.9038  loss_cls: 0.0000  loss_bbox: 0.0089  loss_iou: 0.0476  d0.loss_cls: 0.0055  d0.loss_bbox: 0.0104  d0.loss_iou: 0.0532  d1.loss_cls: 0.0010  d1.loss_bbox: 0.0091  d1.loss_iou: 0.0476  d2.loss_cls: 0.0002  d2.loss_bbox: 0.0090  d2.loss_iou: 0.0476  d3.loss_cls: 0.0001  d3.loss_bbox: 0.0089  d3.loss_iou: 0.0473  d4.loss_cls: 0.0000  d4.loss_bbox: 0.0089  d4.loss_iou: 0.0474  enc_loss_cls: 0.0071  enc_loss_bbox: 0.0139  enc_loss_iou: 0.0590  dn_loss_cls: 0.0007  dn_loss_bbox: 0.0098  dn_loss_iou: 0.0523  d0.dn_loss_cls: 0.0061  d0.dn_loss_bbox: 0.0284  d0.dn_loss_iou: 0.1131  d1.dn_loss_cls: 0.0020  d1.dn_loss_bbox: 0.0112  d1.dn_loss_iou: 0.0569  d2.dn_loss_cls: 0.0011  d2.dn_loss_bbox: 0.0101  d2.dn_loss_iou: 0.0535  d3.dn_loss_cls: 0.0008  d3.dn_loss_bbox: 0.0099  d3.dn_loss_iou: 0.0525  d4.dn_loss_cls: 0.0007  d4.dn_loss_bbox: 0.0098  d4.dn_loss_iou: 0.0522
2026/03/28 12:40:07 - mmengine - INFO - Exp name: dino_4scale_r50_net_fish_sonar_80e_pretrained_20260328_113233
2026/03/28 12:40:07 - mmengine - INFO - Epoch(train) [64][38/38]  base_lr: 2.1842e-05 lr: 2.1842e-05  eta: 0:14:45  time: 1.4419  data_time: 0.0224  memory: 32111  grad_norm: 49.9174  loss: 0.8673  loss_cls: 0.0000  loss_bbox: 0.0086  loss_iou: 0.0456  d0.loss_cls: 0.0051  d0.loss_bbox: 0.0100  d0.loss_iou: 0.0503  d1.loss_cls: 0.0007  d1.loss_bbox: 0.0089  d1.loss_iou: 0.0462  d2.loss_cls: 0.0002  d2.loss_bbox: 0.0087  d2.loss_iou: 0.0453  d3.loss_cls: 0.0001  d3.loss_bbox: 0.0086  d3.loss_iou: 0.0455  d4.loss_cls: 0.0000  d4.loss_bbox: 0.0086  d4.loss_iou: 0.0456  enc_loss_cls: 0.0071  enc_loss_bbox: 0.0130  enc_loss_iou: 0.0515  dn_loss_cls: 0.0008  dn_loss_bbox: 0.0095  dn_loss_iou: 0.0504  d0.dn_loss_cls: 0.0061  d0.dn_loss_bbox: 0.0278  d0.dn_loss_iou: 0.1109  d1.dn_loss_cls: 0.0020  d1.dn_loss_bbox: 0.0109  d1.dn_loss_iou: 0.0550  d2.dn_loss_cls: 0.0012  d2.dn_loss_bbox: 0.0098  d2.dn_loss_iou: 0.0515  d3.dn_loss_cls: 0.0009  d3.dn_loss_bbox: 0.0096  d3.dn_loss_iou: 0.0506  d4.dn_loss_cls: 0.0008  d4.dn_loss_bbox: 0.0095  d4.dn_loss_iou: 0.0503
2026/03/28 12:40:17 - mmengine - INFO - Epoch(val) [64][50/50]    eta: 0:00:00  time: 0.1912  data_time: 0.0106  memory: 1260  
2026/03/28 12:40:18 - mmengine - INFO - Evaluating bbox...
2026/03/28 12:40:22 - mmengine - INFO - bbox_mAP_copypaste: 0.522 0.876 0.518 0.226 0.510 0.784
2026/03/28 12:40:22 - mmengine - INFO - Epoch(val) [64][50/50]    coco/bbox_mAP: 0.5220  coco/bbox_mAP_50: 0.8760  coco/bbox_mAP_75: 0.5180  coco/bbox_mAP_s: 0.2260  coco/bbox_mAP_m: 0.5100  coco/bbox_mAP_l: 0.7840  data_time: 0.0106  time: 0.1914
2026/03/28 12:41:18 - mmengine - INFO - Exp name: dino_4scale_r50_net_fish_sonar_80e_pretrained_20260328_113233
2026/03/28 12:41:18 - mmengine - INFO - Epoch(train) [65][38/38]  base_lr: 2.0539e-05 lr: 2.0539e-05  eta: 0:13:50  time: 1.4404  data_time: 0.0154  memory: 32111  grad_norm: 45.9506  loss: 0.8609  loss_cls: 0.0000  loss_bbox: 0.0083  loss_iou: 0.0445  d0.loss_cls: 0.0052  d0.loss_bbox: 0.0097  d0.loss_iou: 0.0490  d1.loss_cls: 0.0010  d1.loss_bbox: 0.0085  d1.loss_iou: 0.0454  d2.loss_cls: 0.0002  d2.loss_bbox: 0.0083  d2.loss_iou: 0.0446  d3.loss_cls: 0.0001  d3.loss_bbox: 0.0083  d3.loss_iou: 0.0447  d4.loss_cls: 0.0000  d4.loss_bbox: 0.0083  d4.loss_iou: 0.0446  enc_loss_cls: 0.0072  enc_loss_bbox: 0.0127  enc_loss_iou: 0.0514  dn_loss_cls: 0.0010  dn_loss_bbox: 0.0093  dn_loss_iou: 0.0501  d0.dn_loss_cls: 0.0063  d0.dn_loss_bbox: 0.0274  d0.dn_loss_iou: 0.1126  d1.dn_loss_cls: 0.0023  d1.dn_loss_bbox: 0.0107  d1.dn_loss_iou: 0.0553  d2.dn_loss_cls: 0.0014  d2.dn_loss_bbox: 0.0097  d2.dn_loss_iou: 0.0515  d3.dn_loss_cls: 0.0011  d3.dn_loss_bbox: 0.0094  d3.dn_loss_iou: 0.0504  d4.dn_loss_cls: 0.0010  d4.dn_loss_bbox: 0.0093  d4.dn_loss_iou: 0.0501
2026/03/28 12:42:13 - mmengine - INFO - Exp name: dino_4scale_r50_net_fish_sonar_80e_pretrained_20260328_113233
2026/03/28 12:42:13 - mmengine - INFO - Epoch(train) [66][38/38]  base_lr: 1.9237e-05 lr: 1.9237e-05  eta: 0:12:54  time: 1.4295  data_time: 0.0132  memory: 32111  grad_norm: 44.5318  loss: 0.8398  loss_cls: 0.0000  loss_bbox: 0.0081  loss_iou: 0.0437  d0.loss_cls: 0.0051  d0.loss_bbox: 0.0094  d0.loss_iou: 0.0484  d1.loss_cls: 0.0009  d1.loss_bbox: 0.0082  d1.loss_iou: 0.0438  d2.loss_cls: 0.0002  d2.loss_bbox: 0.0082  d2.loss_iou: 0.0438  d3.loss_cls: 0.0001  d3.loss_bbox: 0.0081  d3.loss_iou: 0.0437  d4.loss_cls: 0.0000  d4.loss_bbox: 0.0081  d4.loss_iou: 0.0438  enc_loss_cls: 0.0070  enc_loss_bbox: 0.0123  enc_loss_iou: 0.0508  dn_loss_cls: 0.0006  dn_loss_bbox: 0.0092  dn_loss_iou: 0.0488  d0.dn_loss_cls: 0.0057  d0.dn_loss_bbox: 0.0274  d0.dn_loss_iou: 0.1100  d1.dn_loss_cls: 0.0018  d1.dn_loss_bbox: 0.0105  d1.dn_loss_iou: 0.0537  d2.dn_loss_cls: 0.0010  d2.dn_loss_bbox: 0.0095  d2.dn_loss_iou: 0.0501  d3.dn_loss_cls: 0.0008  d3.dn_loss_bbox: 0.0092  d3.dn_loss_iou: 0.0490  d4.dn_loss_cls: 0.0007  d4.dn_loss_bbox: 0.0092  d4.dn_loss_iou: 0.0488
2026/03/28 12:42:23 - mmengine - INFO - Epoch(val) [66][50/50]    eta: 0:00:00  time: 0.1932  data_time: 0.0108  memory: 1260  
2026/03/28 12:42:24 - mmengine - INFO - Evaluating bbox...
2026/03/28 12:42:28 - mmengine - INFO - bbox_mAP_copypaste: 0.520 0.875 0.511 0.222 0.509 0.783
2026/03/28 12:42:28 - mmengine - INFO - Epoch(val) [66][50/50]    coco/bbox_mAP: 0.5200  coco/bbox_mAP_50: 0.8750  coco/bbox_mAP_75: 0.5110  coco/bbox_mAP_s: 0.2220  coco/bbox_mAP_m: 0.5090  coco/bbox_mAP_l: 0.7830  data_time: 0.0107  time: 0.1933
2026/03/28 12:43:22 - mmengine - INFO - Exp name: dino_4scale_r50_net_fish_sonar_80e_pretrained_20260328_113233
2026/03/28 12:43:22 - mmengine - INFO - Epoch(train) [67][38/38]  base_lr: 1.7934e-05 lr: 1.7934e-05  eta: 0:11:59  time: 1.4142  data_time: 0.0141  memory: 32111  grad_norm: 40.5826  loss: 0.8477  loss_cls: 0.0000  loss_bbox: 0.0080  loss_iou: 0.0438  d0.loss_cls: 0.0055  d0.loss_bbox: 0.0094  d0.loss_iou: 0.0495  d1.loss_cls: 0.0012  d1.loss_bbox: 0.0082  d1.loss_iou: 0.0448  d2.loss_cls: 0.0003  d2.loss_bbox: 0.0081  d2.loss_iou: 0.0441  d3.loss_cls: 0.0001  d3.loss_bbox: 0.0080  d3.loss_iou: 0.0438  d4.loss_cls: 0.0000  d4.loss_bbox: 0.0080  d4.loss_iou: 0.0438  enc_loss_cls: 0.0066  enc_loss_bbox: 0.0120  enc_loss_iou: 0.0502  dn_loss_cls: 0.0006  dn_loss_bbox: 0.0091  dn_loss_iou: 0.0495  d0.dn_loss_cls: 0.0059  d0.dn_loss_bbox: 0.0273  d0.dn_loss_iou: 0.1126  d1.dn_loss_cls: 0.0018  d1.dn_loss_bbox: 0.0104  d1.dn_loss_iou: 0.0546  d2.dn_loss_cls: 0.0010  d2.dn_loss_bbox: 0.0094  d2.dn_loss_iou: 0.0511  d3.dn_loss_cls: 0.0008  d3.dn_loss_bbox: 0.0091  d3.dn_loss_iou: 0.0498  d4.dn_loss_cls: 0.0006  d4.dn_loss_bbox: 0.0091  d4.dn_loss_iou: 0.0495
2026/03/28 12:44:17 - mmengine - INFO - Exp name: dino_4scale_r50_net_fish_sonar_80e_pretrained_20260328_113233
2026/03/28 12:44:17 - mmengine - INFO - Epoch(train) [68][38/38]  base_lr: 1.6632e-05 lr: 1.6632e-05  eta: 0:11:03  time: 1.4217  data_time: 0.0121  memory: 32111  grad_norm: 42.5217  loss: 0.8249  loss_cls: 0.0000  loss_bbox: 0.0079  loss_iou: 0.0429  d0.loss_cls: 0.0046  d0.loss_bbox: 0.0093  d0.loss_iou: 0.0480  d1.loss_cls: 0.0008  d1.loss_bbox: 0.0081  d1.loss_iou: 0.0436  d2.loss_cls: 0.0002  d2.loss_bbox: 0.0080  d2.loss_iou: 0.0432  d3.loss_cls: 0.0001  d3.loss_bbox: 0.0079  d3.loss_iou: 0.0431  d4.loss_cls: 0.0000  d4.loss_bbox: 0.0079  d4.loss_iou: 0.0430  enc_loss_cls: 0.0066  enc_loss_bbox: 0.0118  enc_loss_iou: 0.0476  dn_loss_cls: 0.0007  dn_loss_bbox: 0.0090  dn_loss_iou: 0.0485  d0.dn_loss_cls: 0.0053  d0.dn_loss_bbox: 0.0271  d0.dn_loss_iou: 0.1088  d1.dn_loss_cls: 0.0016  d1.dn_loss_bbox: 0.0102  d1.dn_loss_iou: 0.0528  d2.dn_loss_cls: 0.0009  d2.dn_loss_bbox: 0.0093  d2.dn_loss_iou: 0.0497  d3.dn_loss_cls: 0.0008  d3.dn_loss_bbox: 0.0090  d3.dn_loss_iou: 0.0487  d4.dn_loss_cls: 0.0007  d4.dn_loss_bbox: 0.0090  d4.dn_loss_iou: 0.0485
2026/03/28 12:44:27 - mmengine - INFO - Epoch(val) [68][50/50]    eta: 0:00:00  time: 0.2032  data_time: 0.0113  memory: 1260  
2026/03/28 12:44:28 - mmengine - INFO - Evaluating bbox...
2026/03/28 12:44:32 - mmengine - INFO - bbox_mAP_copypaste: 0.524 0.860 0.521 0.211 0.520 0.786
2026/03/28 12:44:32 - mmengine - INFO - Epoch(val) [68][50/50]    coco/bbox_mAP: 0.5240  coco/bbox_mAP_50: 0.8600  coco/bbox_mAP_75: 0.5210  coco/bbox_mAP_s: 0.2110  coco/bbox_mAP_m: 0.5200  coco/bbox_mAP_l: 0.7860  data_time: 0.0112  time: 0.2032
2026/03/28 12:45:28 - mmengine - INFO - Exp name: dino_4scale_r50_net_fish_sonar_80e_pretrained_20260328_113233
2026/03/28 12:45:28 - mmengine - INFO - Epoch(train) [69][38/38]  base_lr: 1.5329e-05 lr: 1.5329e-05  eta: 0:10:08  time: 1.4338  data_time: 0.0201  memory: 32111  grad_norm: 46.3182  loss: 0.8158  loss_cls: 0.0007  loss_bbox: 0.0077  loss_iou: 0.0425  d0.loss_cls: 0.0051  d0.loss_bbox: 0.0092  d0.loss_iou: 0.0478  d1.loss_cls: 0.0011  d1.loss_bbox: 0.0079  d1.loss_iou: 0.0432  d2.loss_cls: 0.0005  d2.loss_bbox: 0.0078  d2.loss_iou: 0.0424  d3.loss_cls: 0.0006  d3.loss_bbox: 0.0077  d3.loss_iou: 0.0425  d4.loss_cls: 0.0007  d4.loss_bbox: 0.0077  d4.loss_iou: 0.0425  enc_loss_cls: 0.0064  enc_loss_bbox: 0.0119  enc_loss_iou: 0.0472  dn_loss_cls: 0.0007  dn_loss_bbox: 0.0087  dn_loss_iou: 0.0471  d0.dn_loss_cls: 0.0057  d0.dn_loss_bbox: 0.0269  d0.dn_loss_iou: 0.1089  d1.dn_loss_cls: 0.0018  d1.dn_loss_bbox: 0.0099  d1.dn_loss_iou: 0.0515  d2.dn_loss_cls: 0.0010  d2.dn_loss_bbox: 0.0090  d2.dn_loss_iou: 0.0483  d3.dn_loss_cls: 0.0008  d3.dn_loss_bbox: 0.0087  d3.dn_loss_iou: 0.0473  d4.dn_loss_cls: 0.0007  d4.dn_loss_bbox: 0.0087  d4.dn_loss_iou: 0.0470
2026/03/28 12:46:23 - mmengine - INFO - Exp name: dino_4scale_r50_net_fish_sonar_80e_pretrained_20260328_113233
2026/03/28 12:46:23 - mmengine - INFO - Epoch(train) [70][38/38]  base_lr: 1.4026e-05 lr: 1.4026e-05  eta: 0:09:13  time: 1.4257  data_time: 0.0165  memory: 32111  grad_norm: 40.1129  loss: 0.8096  loss_cls: 0.0001  loss_bbox: 0.0076  loss_iou: 0.0417  d0.loss_cls: 0.0057  d0.loss_bbox: 0.0089  d0.loss_iou: 0.0460  d1.loss_cls: 0.0015  d1.loss_bbox: 0.0078  d1.loss_iou: 0.0421  d2.loss_cls: 0.0005  d2.loss_bbox: 0.0077  d2.loss_iou: 0.0414  d3.loss_cls: 0.0002  d3.loss_bbox: 0.0076  d3.loss_iou: 0.0416  d4.loss_cls: 0.0001  d4.loss_bbox: 0.0076  d4.loss_iou: 0.0417  enc_loss_cls: 0.0067  enc_loss_bbox: 0.0114  enc_loss_iou: 0.0450  dn_loss_cls: 0.0008  dn_loss_bbox: 0.0087  dn_loss_iou: 0.0469  d0.dn_loss_cls: 0.0062  d0.dn_loss_bbox: 0.0271  d0.dn_loss_iou: 0.1104  d1.dn_loss_cls: 0.0022  d1.dn_loss_bbox: 0.0100  d1.dn_loss_iou: 0.0524  d2.dn_loss_cls: 0.0012  d2.dn_loss_bbox: 0.0090  d2.dn_loss_iou: 0.0486  d3.dn_loss_cls: 0.0009  d3.dn_loss_bbox: 0.0087  d3.dn_loss_iou: 0.0472  d4.dn_loss_cls: 0.0008  d4.dn_loss_bbox: 0.0086  d4.dn_loss_iou: 0.0468
2026/03/28 12:46:33 - mmengine - INFO - Epoch(val) [70][50/50]    eta: 0:00:00  time: 0.1988  data_time: 0.0114  memory: 1260  
2026/03/28 12:46:34 - mmengine - INFO - Evaluating bbox...
2026/03/28 12:46:38 - mmengine - INFO - bbox_mAP_copypaste: 0.524 0.869 0.520 0.210 0.517 0.787
2026/03/28 12:46:38 - mmengine - INFO - Epoch(val) [70][50/50]    coco/bbox_mAP: 0.5240  coco/bbox_mAP_50: 0.8690  coco/bbox_mAP_75: 0.5200  coco/bbox_mAP_s: 0.2100  coco/bbox_mAP_m: 0.5170  coco/bbox_mAP_l: 0.7870  data_time: 0.0113  time: 0.1988
2026/03/28 12:47:34 - mmengine - INFO - Exp name: dino_4scale_r50_net_fish_sonar_80e_pretrained_20260328_113233
2026/03/28 12:47:34 - mmengine - INFO - Epoch(train) [71][38/38]  base_lr: 1.2724e-05 lr: 1.2724e-05  eta: 0:08:17  time: 1.4329  data_time: 0.0150  memory: 32111  grad_norm: 37.2622  loss: 0.7778  loss_cls: 0.0001  loss_bbox: 0.0072  loss_iou: 0.0403  d0.loss_cls: 0.0053  d0.loss_bbox: 0.0085  d0.loss_iou: 0.0440  d1.loss_cls: 0.0012  d1.loss_bbox: 0.0073  d1.loss_iou: 0.0400  d2.loss_cls: 0.0003  d2.loss_bbox: 0.0072  d2.loss_iou: 0.0401  d3.loss_cls: 0.0002  d3.loss_bbox: 0.0072  d3.loss_iou: 0.0404  d4.loss_cls: 0.0001  d4.loss_bbox: 0.0072  d4.loss_iou: 0.0403  enc_loss_cls: 0.0062  enc_loss_bbox: 0.0109  enc_loss_iou: 0.0421  dn_loss_cls: 0.0005  dn_loss_bbox: 0.0083  dn_loss_iou: 0.0456  d0.dn_loss_cls: 0.0057  d0.dn_loss_bbox: 0.0265  d0.dn_loss_iou: 0.1071  d1.dn_loss_cls: 0.0019  d1.dn_loss_bbox: 0.0096  d1.dn_loss_iou: 0.0506  d2.dn_loss_cls: 0.0009  d2.dn_loss_bbox: 0.0086  d2.dn_loss_iou: 0.0471  d3.dn_loss_cls: 0.0007  d3.dn_loss_bbox: 0.0083  d3.dn_loss_iou: 0.0459  d4.dn_loss_cls: 0.0006  d4.dn_loss_bbox: 0.0083  d4.dn_loss_iou: 0.0456
2026/03/28 12:48:30 - mmengine - INFO - Exp name: dino_4scale_r50_net_fish_sonar_80e_pretrained_20260328_113233
2026/03/28 12:48:30 - mmengine - INFO - Epoch(train) [72][38/38]  base_lr: 1.1421e-05 lr: 1.1421e-05  eta: 0:07:22  time: 1.4453  data_time: 0.0139  memory: 32111  grad_norm: 36.1705  loss: 0.7562  loss_cls: 0.0000  loss_bbox: 0.0068  loss_iou: 0.0392  d0.loss_cls: 0.0045  d0.loss_bbox: 0.0082  d0.loss_iou: 0.0431  d1.loss_cls: 0.0007  d1.loss_bbox: 0.0070  d1.loss_iou: 0.0392  d2.loss_cls: 0.0001  d2.loss_bbox: 0.0069  d2.loss_iou: 0.0394  d3.loss_cls: 0.0001  d3.loss_bbox: 0.0068  d3.loss_iou: 0.0395  d4.loss_cls: 0.0000  d4.loss_bbox: 0.0068  d4.loss_iou: 0.0393  enc_loss_cls: 0.0058  enc_loss_bbox: 0.0102  enc_loss_iou: 0.0402  dn_loss_cls: 0.0007  dn_loss_bbox: 0.0080  dn_loss_iou: 0.0445  d0.dn_loss_cls: 0.0055  d0.dn_loss_bbox: 0.0261  d0.dn_loss_iou: 0.1055  d1.dn_loss_cls: 0.0018  d1.dn_loss_bbox: 0.0093  d1.dn_loss_iou: 0.0491  d2.dn_loss_cls: 0.0010  d2.dn_loss_bbox: 0.0083  d2.dn_loss_iou: 0.0458  d3.dn_loss_cls: 0.0009  d3.dn_loss_bbox: 0.0080  d3.dn_loss_iou: 0.0448  d4.dn_loss_cls: 0.0007  d4.dn_loss_bbox: 0.0080  d4.dn_loss_iou: 0.0445
2026/03/28 12:48:39 - mmengine - INFO - Epoch(val) [72][50/50]    eta: 0:00:00  time: 0.1882  data_time: 0.0103  memory: 1260  
2026/03/28 12:48:40 - mmengine - INFO - Evaluating bbox...
2026/03/28 12:48:44 - mmengine - INFO - bbox_mAP_copypaste: 0.522 0.871 0.515 0.209 0.517 0.785
2026/03/28 12:48:44 - mmengine - INFO - Epoch(val) [72][50/50]    coco/bbox_mAP: 0.5220  coco/bbox_mAP_50: 0.8710  coco/bbox_mAP_75: 0.5150  coco/bbox_mAP_s: 0.2090  coco/bbox_mAP_m: 0.5170  coco/bbox_mAP_l: 0.7850  data_time: 0.0103  time: 0.1880
2026/03/28 12:49:38 - mmengine - INFO - Exp name: dino_4scale_r50_net_fish_sonar_80e_pretrained_20260328_113233
2026/03/28 12:49:38 - mmengine - INFO - Epoch(train) [73][38/38]  base_lr: 1.0118e-05 lr: 1.0118e-05  eta: 0:06:27  time: 1.4161  data_time: 0.0162  memory: 32111  grad_norm: 35.4904  loss: 0.7545  loss_cls: 0.0000  loss_bbox: 0.0066  loss_iou: 0.0396  d0.loss_cls: 0.0043  d0.loss_bbox: 0.0079  d0.loss_iou: 0.0437  d1.loss_cls: 0.0005  d1.loss_bbox: 0.0067  d1.loss_iou: 0.0395  d2.loss_cls: 0.0001  d2.loss_bbox: 0.0066  d2.loss_iou: 0.0396  d3.loss_cls: 0.0001  d3.loss_bbox: 0.0066  d3.loss_iou: 0.0395  d4.loss_cls: 0.0000  d4.loss_bbox: 0.0066  d4.loss_iou: 0.0396  enc_loss_cls: 0.0059  enc_loss_bbox: 0.0101  enc_loss_iou: 0.0397  dn_loss_cls: 0.0007  dn_loss_bbox: 0.0077  dn_loss_iou: 0.0444  d0.dn_loss_cls: 0.0059  d0.dn_loss_bbox: 0.0258  d0.dn_loss_iou: 0.1059  d1.dn_loss_cls: 0.0020  d1.dn_loss_bbox: 0.0090  d1.dn_loss_iou: 0.0490  d2.dn_loss_cls: 0.0012  d2.dn_loss_bbox: 0.0080  d2.dn_loss_iou: 0.0455  d3.dn_loss_cls: 0.0009  d3.dn_loss_bbox: 0.0078  d3.dn_loss_iou: 0.0445  d4.dn_loss_cls: 0.0008  d4.dn_loss_bbox: 0.0077  d4.dn_loss_iou: 0.0444
2026/03/28 12:50:32 - mmengine - INFO - Exp name: dino_4scale_r50_net_fish_sonar_80e_pretrained_20260328_113233
2026/03/28 12:50:32 - mmengine - INFO - Epoch(train) [74][38/38]  base_lr: 8.8158e-06 lr: 8.8158e-06  eta: 0:05:31  time: 1.4116  data_time: 0.0218  memory: 32111  grad_norm: 37.2151  loss: 0.7288  loss_cls: 0.0001  loss_bbox: 0.0062  loss_iou: 0.0381  d0.loss_cls: 0.0039  d0.loss_bbox: 0.0076  d0.loss_iou: 0.0417  d1.loss_cls: 0.0007  d1.loss_bbox: 0.0064  d1.loss_iou: 0.0384  d2.loss_cls: 0.0004  d2.loss_bbox: 0.0063  d2.loss_iou: 0.0380  d3.loss_cls: 0.0003  d3.loss_bbox: 0.0063  d3.loss_iou: 0.0380  d4.loss_cls: 0.0001  d4.loss_bbox: 0.0062  d4.loss_iou: 0.0380  enc_loss_cls: 0.0058  enc_loss_bbox: 0.0096  enc_loss_iou: 0.0374  dn_loss_cls: 0.0005  dn_loss_bbox: 0.0074  dn_loss_iou: 0.0429  d0.dn_loss_cls: 0.0055  d0.dn_loss_bbox: 0.0258  d0.dn_loss_iou: 0.1045  d1.dn_loss_cls: 0.0018  d1.dn_loss_bbox: 0.0088  d1.dn_loss_iou: 0.0475  d2.dn_loss_cls: 0.0009  d2.dn_loss_bbox: 0.0077  d2.dn_loss_iou: 0.0440  d3.dn_loss_cls: 0.0007  d3.dn_loss_bbox: 0.0074  d3.dn_loss_iou: 0.0430  d4.dn_loss_cls: 0.0005  d4.dn_loss_bbox: 0.0074  d4.dn_loss_iou: 0.0428
2026/03/28 12:50:42 - mmengine - INFO - Epoch(val) [74][50/50]    eta: 0:00:00  time: 0.1911  data_time: 0.0100  memory: 1260  
2026/03/28 12:50:43 - mmengine - INFO - Evaluating bbox...
2026/03/28 12:50:47 - mmengine - INFO - bbox_mAP_copypaste: 0.524 0.873 0.514 0.209 0.521 0.786
2026/03/28 12:50:47 - mmengine - INFO - Epoch(val) [74][50/50]    coco/bbox_mAP: 0.5240  coco/bbox_mAP_50: 0.8730  coco/bbox_mAP_75: 0.5140  coco/bbox_mAP_s: 0.2090  coco/bbox_mAP_m: 0.5210  coco/bbox_mAP_l: 0.7860  data_time: 0.0100  time: 0.1913
2026/03/28 12:51:41 - mmengine - INFO - Exp name: dino_4scale_r50_net_fish_sonar_80e_pretrained_20260328_113233
2026/03/28 12:51:41 - mmengine - INFO - Epoch(train) [75][38/38]  base_lr: 7.5132e-06 lr: 7.5132e-06  eta: 0:04:36  time: 1.4034  data_time: 0.0191  memory: 32111  grad_norm: 38.1552  loss: 0.7351  loss_cls: 0.0001  loss_bbox: 0.0062  loss_iou: 0.0385  d0.loss_cls: 0.0046  d0.loss_bbox: 0.0074  d0.loss_iou: 0.0417  d1.loss_cls: 0.0011  d1.loss_bbox: 0.0063  d1.loss_iou: 0.0384  d2.loss_cls: 0.0006  d2.loss_bbox: 0.0062  d2.loss_iou: 0.0382  d3.loss_cls: 0.0003  d3.loss_bbox: 0.0062  d3.loss_iou: 0.0386  d4.loss_cls: 0.0001  d4.loss_bbox: 0.0062  d4.loss_iou: 0.0384  enc_loss_cls: 0.0061  enc_loss_bbox: 0.0090  enc_loss_iou: 0.0355  dn_loss_cls: 0.0007  dn_loss_bbox: 0.0074  dn_loss_iou: 0.0436  d0.dn_loss_cls: 0.0056  d0.dn_loss_bbox: 0.0257  d0.dn_loss_iou: 0.1064  d1.dn_loss_cls: 0.0020  d1.dn_loss_bbox: 0.0087  d1.dn_loss_iou: 0.0481  d2.dn_loss_cls: 0.0011  d2.dn_loss_bbox: 0.0077  d2.dn_loss_iou: 0.0447  d3.dn_loss_cls: 0.0008  d3.dn_loss_bbox: 0.0074  d3.dn_loss_iou: 0.0438  d4.dn_loss_cls: 0.0007  d4.dn_loss_bbox: 0.0074  d4.dn_loss_iou: 0.0435
2026/03/28 12:52:36 - mmengine - INFO - Exp name: dino_4scale_r50_net_fish_sonar_80e_pretrained_20260328_113233
2026/03/28 12:52:36 - mmengine - INFO - Epoch(train) [76][38/38]  base_lr: 6.2105e-06 lr: 6.2105e-06  eta: 0:03:41  time: 1.4205  data_time: 0.0223  memory: 32111  grad_norm: 33.5619  loss: 0.7213  loss_cls: 0.0000  loss_bbox: 0.0060  loss_iou: 0.0378  d0.loss_cls: 0.0044  d0.loss_bbox: 0.0073  d0.loss_iou: 0.0415  d1.loss_cls: 0.0008  d1.loss_bbox: 0.0062  d1.loss_iou: 0.0377  d2.loss_cls: 0.0001  d2.loss_bbox: 0.0060  d2.loss_iou: 0.0377  d3.loss_cls: 0.0001  d3.loss_bbox: 0.0060  d3.loss_iou: 0.0378  d4.loss_cls: 0.0000  d4.loss_bbox: 0.0060  d4.loss_iou: 0.0377  enc_loss_cls: 0.0056  enc_loss_bbox: 0.0089  enc_loss_iou: 0.0351  dn_loss_cls: 0.0008  dn_loss_bbox: 0.0072  dn_loss_iou: 0.0426  d0.dn_loss_cls: 0.0059  d0.dn_loss_bbox: 0.0254  d0.dn_loss_iou: 0.1040  d1.dn_loss_cls: 0.0020  d1.dn_loss_bbox: 0.0086  d1.dn_loss_iou: 0.0473  d2.dn_loss_cls: 0.0012  d2.dn_loss_bbox: 0.0076  d2.dn_loss_iou: 0.0441  d3.dn_loss_cls: 0.0010  d3.dn_loss_bbox: 0.0073  d3.dn_loss_iou: 0.0429  d4.dn_loss_cls: 0.0008  d4.dn_loss_bbox: 0.0072  d4.dn_loss_iou: 0.0426
2026/03/28 12:52:46 - mmengine - INFO - Epoch(val) [76][50/50]    eta: 0:00:00  time: 0.1932  data_time: 0.0098  memory: 1260  
2026/03/28 12:52:47 - mmengine - INFO - Evaluating bbox...
2026/03/28 12:52:50 - mmengine - INFO - bbox_mAP_copypaste: 0.523 0.865 0.523 0.208 0.518 0.787
2026/03/28 12:52:50 - mmengine - INFO - Epoch(val) [76][50/50]    coco/bbox_mAP: 0.5230  coco/bbox_mAP_50: 0.8650  coco/bbox_mAP_75: 0.5230  coco/bbox_mAP_s: 0.2080  coco/bbox_mAP_m: 0.5180  coco/bbox_mAP_l: 0.7870  data_time: 0.0098  time: 0.1933
2026/03/28 12:53:45 - mmengine - INFO - Exp name: dino_4scale_r50_net_fish_sonar_80e_pretrained_20260328_113233
2026/03/28 12:53:45 - mmengine - INFO - Epoch(train) [77][38/38]  base_lr: 4.9079e-06 lr: 4.9079e-06  eta: 0:02:45  time: 1.4167  data_time: 0.0213  memory: 32111  grad_norm: 27.9432  loss: 0.7025  loss_cls: 0.0000  loss_bbox: 0.0058  loss_iou: 0.0363  d0.loss_cls: 0.0044  d0.loss_bbox: 0.0071  d0.loss_iou: 0.0401  d1.loss_cls: 0.0008  d1.loss_bbox: 0.0059  d1.loss_iou: 0.0365  d2.loss_cls: 0.0001  d2.loss_bbox: 0.0058  d2.loss_iou: 0.0364  d3.loss_cls: 0.0001  d3.loss_bbox: 0.0058  d3.loss_iou: 0.0363  d4.loss_cls: 0.0000  d4.loss_bbox: 0.0058  d4.loss_iou: 0.0364  enc_loss_cls: 0.0060  enc_loss_bbox: 0.0087  enc_loss_iou: 0.0335  dn_loss_cls: 0.0006  dn_loss_bbox: 0.0070  dn_loss_iou: 0.0418  d0.dn_loss_cls: 0.0057  d0.dn_loss_bbox: 0.0254  d0.dn_loss_iou: 0.1025  d1.dn_loss_cls: 0.0019  d1.dn_loss_bbox: 0.0084  d1.dn_loss_iou: 0.0461  d2.dn_loss_cls: 0.0010  d2.dn_loss_bbox: 0.0074  d2.dn_loss_iou: 0.0431  d3.dn_loss_cls: 0.0008  d3.dn_loss_bbox: 0.0071  d3.dn_loss_iou: 0.0420  d4.dn_loss_cls: 0.0007  d4.dn_loss_bbox: 0.0070  d4.dn_loss_iou: 0.0418
2026/03/28 12:54:40 - mmengine - INFO - Exp name: dino_4scale_r50_net_fish_sonar_80e_pretrained_20260328_113233
2026/03/28 12:54:40 - mmengine - INFO - Epoch(train) [78][38/38]  base_lr: 3.6053e-06 lr: 3.6053e-06  eta: 0:01:50  time: 1.4241  data_time: 0.0189  memory: 32111  grad_norm: 28.1255  loss: 0.7067  loss_cls: 0.0000  loss_bbox: 0.0059  loss_iou: 0.0369  d0.loss_cls: 0.0048  d0.loss_bbox: 0.0071  d0.loss_iou: 0.0405  d1.loss_cls: 0.0007  d1.loss_bbox: 0.0060  d1.loss_iou: 0.0367  d2.loss_cls: 0.0001  d2.loss_bbox: 0.0059  d2.loss_iou: 0.0368  d3.loss_cls: 0.0001  d3.loss_bbox: 0.0059  d3.loss_iou: 0.0370  d4.loss_cls: 0.0000  d4.loss_bbox: 0.0058  d4.loss_iou: 0.0369  enc_loss_cls: 0.0059  enc_loss_bbox: 0.0087  enc_loss_iou: 0.0341  dn_loss_cls: 0.0006  dn_loss_bbox: 0.0071  dn_loss_iou: 0.0420  d0.dn_loss_cls: 0.0055  d0.dn_loss_bbox: 0.0251  d0.dn_loss_iou: 0.1021  d1.dn_loss_cls: 0.0018  d1.dn_loss_bbox: 0.0085  d1.dn_loss_iou: 0.0466  d2.dn_loss_cls: 0.0010  d2.dn_loss_bbox: 0.0075  d2.dn_loss_iou: 0.0432  d3.dn_loss_cls: 0.0008  d3.dn_loss_bbox: 0.0071  d3.dn_loss_iou: 0.0422  d4.dn_loss_cls: 0.0007  d4.dn_loss_bbox: 0.0071  d4.dn_loss_iou: 0.0420
2026/03/28 12:54:50 - mmengine - INFO - Epoch(val) [78][50/50]    eta: 0:00:00  time: 0.1968  data_time: 0.0108  memory: 1260  
2026/03/28 12:54:51 - mmengine - INFO - Evaluating bbox...
2026/03/28 12:54:55 - mmengine - INFO - bbox_mAP_copypaste: 0.524 0.864 0.515 0.211 0.521 0.784
2026/03/28 12:54:55 - mmengine - INFO - Epoch(val) [78][50/50]    coco/bbox_mAP: 0.5240  coco/bbox_mAP_50: 0.8640  coco/bbox_mAP_75: 0.5150  coco/bbox_mAP_s: 0.2110  coco/bbox_mAP_m: 0.5210  coco/bbox_mAP_l: 0.7840  data_time: 0.0108  time: 0.1968
2026/03/28 12:55:48 - mmengine - INFO - Exp name: dino_4scale_r50_net_fish_sonar_80e_pretrained_20260328_113233
2026/03/28 12:55:50 - mmengine - INFO - Exp name: dino_4scale_r50_net_fish_sonar_80e_pretrained_20260328_113233
2026/03/28 12:55:50 - mmengine - INFO - Epoch(train) [79][38/38]  base_lr: 2.3026e-06 lr: 2.3026e-06  eta: 0:00:55  time: 1.4436  data_time: 0.0205  memory: 32111  grad_norm: 27.8040  loss: 0.7050  loss_cls: 0.0000  loss_bbox: 0.0057  loss_iou: 0.0369  d0.loss_cls: 0.0053  d0.loss_bbox: 0.0070  d0.loss_iou: 0.0404  d1.loss_cls: 0.0008  d1.loss_bbox: 0.0059  d1.loss_iou: 0.0367  d2.loss_cls: 0.0002  d2.loss_bbox: 0.0057  d2.loss_iou: 0.0366  d3.loss_cls: 0.0002  d3.loss_bbox: 0.0057  d3.loss_iou: 0.0369  d4.loss_cls: 0.0001  d4.loss_bbox: 0.0057  d4.loss_iou: 0.0368  enc_loss_cls: 0.0059  enc_loss_bbox: 0.0082  enc_loss_iou: 0.0315  dn_loss_cls: 0.0006  dn_loss_bbox: 0.0070  dn_loss_iou: 0.0424  d0.dn_loss_cls: 0.0059  d0.dn_loss_bbox: 0.0249  d0.dn_loss_iou: 0.1031  d1.dn_loss_cls: 0.0018  d1.dn_loss_bbox: 0.0083  d1.dn_loss_iou: 0.0466  d2.dn_loss_cls: 0.0010  d2.dn_loss_bbox: 0.0073  d2.dn_loss_iou: 0.0436  d3.dn_loss_cls: 0.0008  d3.dn_loss_bbox: 0.0071  d3.dn_loss_iou: 0.0426  d4.dn_loss_cls: 0.0006  d4.dn_loss_bbox: 0.0070  d4.dn_loss_iou: 0.0424
2026/03/28 12:56:45 - mmengine - INFO - Exp name: dino_4scale_r50_net_fish_sonar_80e_pretrained_20260328_113233
2026/03/28 12:56:45 - mmengine - INFO - Epoch(train) [80][38/38]  base_lr: 1.0000e-06 lr: 1.0000e-06  eta: 0:00:00  time: 1.4304  data_time: 0.0167  memory: 32111  grad_norm: 23.2643  loss: 0.6963  loss_cls: 0.0000  loss_bbox: 0.0056  loss_iou: 0.0366  d0.loss_cls: 0.0059  d0.loss_bbox: 0.0069  d0.loss_iou: 0.0405  d1.loss_cls: 0.0009  d1.loss_bbox: 0.0058  d1.loss_iou: 0.0366  d2.loss_cls: 0.0002  d2.loss_bbox: 0.0056  d2.loss_iou: 0.0362  d3.loss_cls: 0.0003  d3.loss_bbox: 0.0056  d3.loss_iou: 0.0366  d4.loss_cls: 0.0001  d4.loss_bbox: 0.0056  d4.loss_iou: 0.0366  enc_loss_cls: 0.0057  enc_loss_bbox: 0.0079  enc_loss_iou: 0.0308  dn_loss_cls: 0.0006  dn_loss_bbox: 0.0069  dn_loss_iou: 0.0416  d0.dn_loss_cls: 0.0056  d0.dn_loss_bbox: 0.0249  d0.dn_loss_iou: 0.1019  d1.dn_loss_cls: 0.0019  d1.dn_loss_bbox: 0.0082  d1.dn_loss_iou: 0.0457  d2.dn_loss_cls: 0.0010  d2.dn_loss_bbox: 0.0072  d2.dn_loss_iou: 0.0425  d3.dn_loss_cls: 0.0008  d3.dn_loss_bbox: 0.0069  d3.dn_loss_iou: 0.0417  d4.dn_loss_cls: 0.0007  d4.dn_loss_bbox: 0.0069  d4.dn_loss_iou: 0.0416
2026/03/28 12:56:45 - mmengine - INFO - Saving checkpoint at 80 epochs
2026/03/28 12:56:58 - mmengine - INFO - Epoch(val) [80][50/50]    eta: 0:00:00  time: 0.1951  data_time: 0.0107  memory: 1260  
2026/03/28 12:56:59 - mmengine - INFO - Evaluating bbox...
2026/03/28 12:57:03 - mmengine - INFO - bbox_mAP_copypaste: 0.523 0.866 0.518 0.220 0.517 0.785
2026/03/28 12:57:03 - mmengine - INFO - Epoch(val) [80][50/50]    coco/bbox_mAP: 0.5230  coco/bbox_mAP_50: 0.8660  coco/bbox_mAP_75: 0.5180  coco/bbox_mAP_s: 0.2200  coco/bbox_mAP_m: 0.5170  coco/bbox_mAP_l: 0.7850  data_time: 0.0106  time: 0.1953
