128,5,761.93,153.56,431.13,70.40,1,1,1.000000
1076,21,1013.36,101.45,114.77,104.39,1,1,1.000000
1121,27,75.78,6.75,103.07,92.97,1,1,1.000000
1122,27,83.75,11.15,96.78,86.95,1,1,1.000000
1123,27,96.52,6.96,95.92,86.23,1,1,1.000000
1124,27,100.06,5.87,95.80,86.18,1,1,1.000000
1125,27,107.49,14.35,92.67,82.51,1,1,1.000000
1126,27,117.76,16.07,91.52,80.89,1,1,1.000000
1127,27,123.61,16.51,87.99,77.23,1,1,1.000000
1128,27,129.16,15.89,89.57,78.21,1,1,1.000000
1129,27,136.75,16.77,87.68,76.36,1,1,1.000000
1130,27,142.07,14.30,89.57,77.91,1,1,1.000000
1131,27,150.28,10.79,89.34,77.12,1,1,1.000000
1132,27,155.31,6.25,95.71,82.83,1,1,1.000000
1133,27,165.82,13.79,87.18,74.48,1,1,1.000000
1134,27,168.60,12.10,89.72,76.32,1,1,1.000000
1135,27,166.83,7.91,94.10,79.72,1,1,1.000000
1136,27,180.14,5.72,93.75,79.36,1,1,1.000000
1137,27,184.83,4.84,93.92,79.47,1,1,1.000000
1139,27,199.20,5.88,98.59,84.09,1,1,1.000000
1141,27,210.04,5.10,96.85,83.07,1,1,1.000000
1142,27,215.16,2.41,100.33,86.83,1,1,1.000000
1143,27,220.89,2.51,98.77,86.08,1,1,1.000000
1144,27,226.59,5.18,93.31,80.98,1,1,1.000000
1145,27,233.02,5.39,92.72,80.13,1,1,1.000000
1146,27,239.95,5.20,92.33,79.28,1,1,1.000000
1147,27,247.37,4.61,90.37,77.13,1,1,1.000000
1148,27,249.73,4.34,89.97,76.38,1,1,1.000000
1150,27,275.23,2.76,89.39,75.77,1,1,1.000000
1151,27,287.78,9.51,81.19,67.66,1,1,1.000000
1154,27,301.32,3.59,88.85,74.15,1,1,1.000000
1155,27,308.15,5.62,84.88,70.53,1,1,1.000000
1160,27,354.51,1.32,88.73,73.37,1,1,1.000000
1161,27,357.85,1.04,89.20,73.45,1,1,1.000000
1169,27,413.03,1.04,97.47,80.59,1,1,1.000000
1170,27,417.33,3.68,98.88,81.85,1,1,1.000000
1171,27,423.17,2.03,98.30,82.69,1,1,1.000000
1184,27,501.23,2.85,87.75,77.24,1,1,1.000000
1185,27,511.92,5.01,81.64,72.65,1,1,1.000000
1208,27,617.72,5.64,86.72,83.50,1,1,1.000000
1246,32,3.50,553.84,35.33,57.52,1,1,1.000000
1247,32,7.87,559.46,38.48,62.08,1,1,1.000000
1248,32,13.04,562.80,40.88,64.58,1,1,1.000000
1249,32,15.48,564.38,44.97,69.20,1,1,1.000000
1250,32,20.81,566.40,52.22,77.21,1,1,1.000000
1251,32,21.89,567.10,56.54,80.11,1,1,1.000000
1252,32,24.58,569.49,59.03,79.02,1,1,1.000000
1253,32,28.69,575.39,65.16,81.62,1,1,1.000000
1254,32,28.79,577.56,70.14,82.50,1,1,1.000000
1255,32,29.01,581.58,74.85,82.67,1,1,1.000000
1256,32,32.27,587.39,77.86,79.35,1,1,1.000000
1257,32,34.59,595.60,85.87,81.15,1,1,1.000000
1258,32,35.05,601.82,89.77,78.61,1,1,1.000000
1259,32,33.29,604.06,94.64,77.52,1,1,1.000000
1260,32,28.62,604.17,108.65,85.20,1,1,1.000000
1261,32,32.00,606.17,116.69,86.44,1,1,1.000000
1262,32,31.51,606.80,123.33,86.92,1,1,1.000000
1263,32,31.19,612.73,133.98,90.24,1,1,1.000000
1264,32,30.53,614.51,147.61,95.65,1,1,1.000000
1265,32,33.87,618.30,158.26,97.96,1,1,1.000000
1266,32,37.24,621.96,163.95,96.42,1,1,1.000000
1267,32,36.54,623.28,170.17,95.69,1,1,1.000000
1268,32,44.16,629.03,172.55,90.97,1,1,1.000000
1269,32,44.46,631.09,178.35,88.91,1,1,1.000000
1270,32,51.49,636.36,180.18,83.64,1,1,1.000000
1271,32,56.86,639.20,187.07,80.80,1,1,1.000000
1272,32,60.00,641.56,194.69,78.44,1,1,1.000000
1273,32,66.41,645.86,198.44,74.14,1,1,1.000000
1274,32,83.30,652.20,198.63,67.80,1,1,1.000000
1275,32,84.69,654.23,207.38,65.77,1,1,1.000000
1276,32,96.30,657.61,210.48,62.39,1,1,1.000000
1277,32,105.36,658.82,217.86,61.18,1,1,1.000000
1278,32,128.36,662.68,216.42,57.32,1,1,1.000000
1279,32,132.78,663.83,222.39,56.17,1,1,1.000000
1280,32,148.16,665.59,222.63,54.41,1,1,1.000000
1281,32,158.73,666.19,227.90,53.81,1,1,1.000000
1282,32,165.45,668.04,225.98,51.96,1,1,1.000000
1283,32,174.17,668.25,229.20,51.57,1,1,1.000000
1284,32,184.11,669.78,227.19,49.82,1,1,1.000000
1285,32,207.37,673.70,219.16,46.08,1,1,1.000000
1286,32,226.21,677.71,207.65,42.00,1,1,1.000000
1287,32,248.92,684.30,186.33,35.50,1,1,1.000000
1292,32,337.36,690.65,159.14,29.35,1,1,1.000000
1293,32,354.09,690.96,158.70,28.83,1,1,1.000000
1294,32,353.25,690.04,166.50,29.66,1,1,1.000000
1295,32,361.42,689.67,169.37,29.94,1,1,1.000000
1296,32,363.24,688.30,178.89,31.36,1,1,1.000000
1297,32,365.33,687.69,185.58,32.23,1,1,1.000000
1298,32,372.17,688.15,184.97,31.56,1,1,1.000000
1299,32,380.36,689.50,181.19,30.44,1,1,1.000000
1300,32,393.50,690.32,177.24,29.68,1,1,1.000000
1301,32,407.16,691.81,169.42,28.19,1,1,1.000000
1302,32,416.47,690.82,174.83,29.18,1,1,1.000000
1303,32,425.38,689.07,181.00,30.93,1,1,1.000000
1304,32,430.55,686.64,187.42,33.15,1,1,1.000000
1317,33,3.11,56.69,71.81,115.55,1,1,1.000000
1318,33,6.15,54.34,75.17,120.50,1,1,1.000000
1319,33,7.05,53.53,76.64,122.19,1,1,1.000000
1320,33,16.79,50.86,74.44,116.10,1,1,1.000000
1321,33,25.29,49.22,69.99,104.89,1,1,1.000000
1322,33,31.61,46.90,67.26,95.19,1,1,1.000000
1323,33,36.15,40.77,71.76,95.18,1,1,1.000000
1323,34,2.69,288.38,66.92,124.19,1,1,1.000000
1324,33,38.86,38.51,76.55,94.50,1,1,1.000000
1324,34,6.12,276.89,79.00,146.05,1,1,1.000000
1325,33,39.44,33.41,84.49,97.40,1,1,1.000000
1325,34,9.45,266.73,97.70,179.55,1,1,1.000000
1326,33,39.64,28.44,98.98,107.34,1,1,1.000000
1326,34,19.39,257.68,102.80,185.33,1,1,1.000000
1327,33,40.92,24.86,108.42,110.15,1,1,1.000000
1327,34,31.48,248.92,108.31,188.74,1,1,1.000000
1328,33,39.82,21.33,118.18,113.30,1,1,1.000000
1328,34,39.56,237.46,126.11,211.77,1,1,1.000000
1329,33,38.73,16.69,126.45,114.80,1,1,1.000000
1329,34,53.33,227.92,137.08,217.42,1,1,1.000000
1330,33,38.38,12.55,134.32,115.55,1,1,1.000000
1330,34,61.53,216.70,155.32,232.65,1,1,1.000000
1331,33,39.85,7.20,141.72,115.23,1,1,1.000000
1331,34,85.87,203.33,160.97,216.97,1,1,1.000000
1332,33,38.12,5.29,148.73,115.07,1,1,1.000000
1332,34,91.65,198.33,170.58,209.24,1,1,1.000000
1333,33,38.70,0.51,153.51,112.59,1,1,1.000000
1333,34,115.92,186.84,180.96,200.78,1,1,1.000000
1334,33,35.80,0.00,161.63,112.09,1,1,1.000000
1334,34,132.94,179.36,190.10,189.98,1,1,1.000000
1334,35,5.91,322.86,93.80,82.14,1,1,1.000000
1335,33,33.26,0.00,162.89,108.07,1,1,1.000000
1335,34,142.71,178.20,204.98,186.09,1,1,1.000000
1335,35,19.28,325.69,88.89,76.97,1,1,1.000000
1336,33,29.05,0.00,166.48,106.72,1,1,1.000000
1336,34,156.89,176.56,212.96,174.61,1,1,1.000000
1336,35,26.37,325.89,97.71,83.24,1,1,1.000000
1337,33,25.91,0.00,169.03,105.71,1,1,1.000000
1337,34,173.55,173.05,220.53,164.28,1,1,1.000000
1337,35,31.40,322.89,109.27,91.06,1,1,1.000000
1338,33,24.73,0.00,169.94,103.25,1,1,1.000000
1338,34,195.01,167.66,235.90,162.51,1,1,1.000000
1338,35,40.25,323.01,114.02,91.63,1,1,1.000000
1338,38,11.90,579.64,57.50,80.30,1,1,1.000000
1338,39,9.27,674.00,43.51,45.60,1,1,1.000000
1339,33,22.70,0.00,172.08,101.60,1,1,1.000000
1339,34,215.22,160.71,251.38,162.48,1,1,1.000000
1339,35,45.29,321.62,124.15,95.74,1,1,1.000000
1339,38,22.74,588.06,54.64,74.93,1,1,1.000000
1339,39,15.97,671.37,46.79,48.30,1,1,1.000000
1340,33,20.95,0.00,173.20,99.84,1,1,1.000000
1340,34,240.50,157.94,266.06,163.70,1,1,1.000000
1340,35,48.13,319.41,137.85,101.81,1,1,1.000000
1340,38,30.61,590.21,54.67,72.47,1,1,1.000000
1340,39,24.12,664.90,54.49,54.73,1,1,1.000000
1341,33,19.34,0.00,172.69,97.31,1,1,1.000000
1341,34,273.62,152.75,278.46,165.80,1,1,1.000000
1341,35,55.19,317.43,143.49,99.88,1,1,1.000000
1341,38,39.62,591.99,53.84,67.23,1,1,1.000000
1341,39,31.06,657.17,64.74,62.65,1,1,1.000000
1342,33,19.10,0.00,173.96,95.69,1,1,1.000000
1342,34,307.94,152.78,282.85,164.89,1,1,1.000000
1342,35,59.61,314.75,155.02,101.54,1,1,1.000000
1342,38,49.01,593.10,52.52,59.58,1,1,1.000000
1342,39,38.43,652.56,73.36,67.39,1,1,1.000000
1343,33,23.12,0.00,167.08,89.04,1,1,1.000000
1343,34,368.03,149.11,261.80,146.08,1,1,1.000000
1343,35,68.06,311.99,167.22,102.06,1,1,1.000000
1343,39,34.70,614.88,116.87,104.87,1,1,1.000000
1344,33,24.87,0.00,167.14,86.02,1,1,1.000000
1344,34,409.37,148.27,243.10,127.76,1,1,1.000000
1344,35,75.25,311.48,178.29,100.79,1,1,1.000000
1344,39,39.71,605.56,132.31,114.19,1,1,1.000000
1345,33,25.79,0.00,168.32,83.79,1,1,1.000000
1345,34,436.98,149.13,237.24,117.18,1,1,1.000000
1345,35,81.27,311.32,188.76,98.47,1,1,1.000000
1345,39,46.40,603.89,141.49,116.09,1,1,1.000000
1346,33,24.50,0.00,171.93,83.13,1,1,1.000000
1346,34,440.89,149.60,243.21,113.88,1,1,1.000000
1346,35,79.13,311.30,200.66,97.52,1,1,1.000000
1346,39,47.10,603.70,148.92,116.30,1,1,1.000000
1347,33,26.56,0.00,171.92,80.18,1,1,1.000000
1347,34,475.02,149.11,251.94,112.77,1,1,1.000000
1347,35,57.86,306.76,269.47,127.48,1,1,1.000000
1347,39,55.24,600.71,161.99,119.29,1,1,1.000000
1348,33,28.35,0.00,168.77,75.69,1,1,1.000000
1348,34,502.32,151.29,260.98,112.10,1,1,1.000000
1348,35,60.23,302.17,291.94,133.49,1,1,1.000000
1348,39,59.00,595.90,178.67,124.10,1,1,1.000000
1349,33,28.09,0.00,170.01,73.67,1,1,1.000000
1349,34,524.94,149.61,276.36,115.37,1,1,1.000000
1349,35,78.21,303.82,297.40,131.36,1,1,1.000000
1349,39,62.96,595.33,191.20,124.67,1,1,1.000000
1350,33,29.18,0.00,167.23,69.67,1,1,1.000000
1350,34,549.53,148.75,286.43,117.12,1,1,1.000000
1350,35,105.81,303.85,294.04,125.82,1,1,1.000000
1350,39,67.55,594.35,205.35,125.58,1,1,1.000000
1351,33,30.70,0.00,164.38,65.78,1,1,1.000000
1351,34,580.54,150.83,290.38,115.99,1,1,1.000000
1351,35,134.92,304.65,278.04,113.66,1,1,1.000000
1351,39,79.41,591.92,220.94,127.94,1,1,1.000000
1352,33,31.89,0.00,164.23,62.91,1,1,1.000000
1352,34,611.51,150.33,292.68,114.77,1,1,1.000000
1352,35,167.12,305.33,263.09,101.58,1,1,1.000000
1352,39,82.36,590.84,237.34,128.54,1,1,1.000000
1352,40,2.84,601.65,196.78,81.88,1,1,1.000000
1353,33,33.82,0.00,162.26,59.23,1,1,1.000000
1353,34,637.51,149.45,300.83,115.84,1,1,1.000000
1353,35,196.45,306.25,253.81,92.35,1,1,1.000000
1353,39,91.53,589.39,254.25,130.26,1,1,1.000000
1353,40,6.23,599.34,201.16,83.60,1,1,1.000000
1354,33,34.82,0.00,162.30,56.57,1,1,1.000000
1354,34,660.59,147.49,316.50,120.01,1,1,1.000000
1354,35,216.85,306.59,256.75,88.90,1,1,1.000000
1354,39,104.43,588.84,269.20,130.77,1,1,1.000000
1354,40,0.00,592.89,232.64,104.53,1,1,1.000000
1355,33,35.27,0.00,161.87,54.05,1,1,1.000000
1355,34,684.86,149.46,327.62,122.44,1,1,1.000000
1355,35,235.48,304.44,271.05,90.59,1,1,1.000000
1355,39,113.53,584.77,289.85,134.69,1,1,1.000000
1355,40,0.00,593.28,239.14,108.40,1,1,1.000000
1356,33,40.09,0.00,155.95,49.07,1,1,1.000000
1356,34,725.70,153.58,348.08,128.94,1,1,1.000000
1356,35,267.39,302.72,282.31,91.85,1,1,1.000000
1356,39,129.21,581.40,311.83,138.12,1,1,1.000000
1356,40,11.04,595.34,230.30,96.35,1,1,1.000000
1357,33,38.87,0.00,160.32,47.89,1,1,1.000000
1357,34,752.62,157.58,364.93,133.82,1,1,1.000000
1357,35,292.62,303.12,291.96,93.12,1,1,1.000000
1357,39,145.09,577.98,332.75,141.84,1,1,1.000000
1357,40,39.29,597.23,202.55,83.60,1,1,1.000000
1358,33,39.75,0.00,164.32,46.52,1,1,1.000000
1358,34,780.20,160.66,379.90,138.37,1,1,1.000000
1358,35,301.95,299.69,317.02,100.41,1,1,1.000000
1358,39,156.82,573.52,354.27,146.33,1,1,1.000000
1358,40,82.11,600.40,165.61,66.30,1,1,1.000000
1359,33,41.06,0.00,165.23,44.23,1,1,1.000000
1359,34,798.86,159.44,411.28,149.99,1,1,1.000000
1359,35,321.48,298.28,319.42,100.01,1,1,1.000000
1359,39,164.80,571.52,370.89,148.26,1,1,1.000000
1359,40,106.76,600.82,160.18,62.86,1,1,1.000000
1360,33,48.97,0.00,151.53,37.60,1,1,1.000000
1360,34,820.85,162.50,428.98,156.55,1,1,1.000000
1360,35,340.53,296.98,326.70,101.69,1,1,1.000000
1360,39,164.37,570.80,386.76,148.84,1,1,1.000000
1360,40,129.70,600.58,142.06,54.05,1,1,1.000000
1361,33,61.81,0.00,132.05,28.92,1,1,1.000000
1361,34,841.59,164.48,438.41,164.56,1,1,1.000000
1361,35,361.82,297.68,329.27,102.05,1,1,1.000000
1361,39,161.81,569.91,405.13,149.27,1,1,1.000000
1361,40,155.37,600.00,133.00,49.19,1,1,1.000000
1362,33,61.66,0.00,133.98,26.57,1,1,1.000000
1362,34,849.63,165.23,430.37,167.71,1,1,1.000000
1362,35,368.79,298.00,330.87,102.15,1,1,1.000000
1362,39,155.91,569.70,420.91,149.31,1,1,1.000000
1362,40,160.84,599.82,133.21,47.98,1,1,1.000000
1363,33,58.67,0.00,157.41,29.30,1,1,1.000000
1363,34,877.43,176.87,402.57,166.00,1,1,1.000000
1363,35,399.20,296.75,343.51,106.61,1,1,1.000000
1363,39,196.42,569.11,429.58,147.79,1,1,1.000000
1363,40,206.25,594.01,123.68,42.58,1,1,1.000000
1364,33,55.82,0.00,172.64,30.10,1,1,1.000000
1364,34,898.84,181.95,381.16,168.03,1,1,1.000000
1364,35,423.67,296.10,354.45,110.82,1,1,1.000000
1364,39,237.29,564.70,429.53,143.67,1,1,1.000000
1364,40,236.43,586.75,126.79,42.22,1,1,1.000000
1365,33,56.55,0.06,179.54,29.40,1,1,1.000000
1365,34,920.89,182.43,359.11,170.33,1,1,1.000000
1365,35,442.82,295.62,368.90,116.90,1,1,1.000000
1365,39,268.42,561.64,436.59,142.76,1,1,1.000000
1366,34,964.53,185.71,315.47,164.53,1,1,1.000000
1366,35,476.21,301.54,385.94,124.10,1,1,1.000000
1366,39,309.54,557.22,456.34,146.84,1,1,1.000000
1367,34,984.35,186.90,295.65,162.10,1,1,1.000000
1367,35,490.28,303.84,389.55,126.95,1,1,1.000000
1367,39,322.43,555.63,467.69,148.37,1,1,1.000000
1368,34,1042.99,197.80,237.01,137.43,1,1,1.000000
1368,35,528.80,314.55,386.45,127.72,1,1,1.000000
1368,39,368.23,553.78,488.63,154.48,1,1,1.000000
1369,34,1096.50,205.68,183.50,109.58,1,1,1.000000
1369,35,561.96,319.92,384.27,129.30,1,1,1.000000
1369,39,408.15,555.15,495.99,156.95,1,1,1.000000
1369,41,334.04,582.90,207.01,79.54,1,1,1.000000
1369,42,7.13,86.26,83.10,49.69,1,1,1.000000
1370,34,1114.34,208.14,165.66,100.08,1,1,1.000000
1370,35,575.85,321.93,379.64,129.88,1,1,1.000000
1370,39,422.93,555.79,498.38,157.83,1,1,1.000000
1370,41,336.31,582.82,206.94,79.55,1,1,1.000000
1370,42,8.34,86.32,82.93,49.38,1,1,1.000000
1371,34,1165.69,221.55,114.31,79.48,1,1,1.000000
1371,35,594.37,317.62,406.26,142.31,1,1,1.000000
1371,39,463.83,552.19,512.14,162.91,1,1,1.000000
1371,41,325.81,590.90,277.57,107.78,1,1,1.000000
1371,42,8.42,78.08,105.06,62.30,1,1,1.000000
1372,35,613.71,317.23,414.73,148.51,1,1,1.000000
1372,39,488.62,550.54,521.42,165.78,1,1,1.000000
1372,41,398.65,600.09,280.10,107.27,1,1,1.000000
1372,42,11.67,73.57,115.83,68.09,1,1,1.000000
1373,35,635.84,318.30,414.26,151.17,1,1,1.000000
1373,39,532.57,552.55,512.05,163.23,1,1,1.000000
1373,41,447.78,605.62,280.41,105.39,1,1,1.000000
1373,42,16.75,71.25,120.61,69.82,1,1,1.000000
1374,35,652.21,315.47,428.28,159.75,1,1,1.000000
1374,39,570.65,554.93,507.73,161.95,1,1,1.000000
1374,41,482.29,613.07,275.05,100.98,1,1,1.000000
1374,42,24.56,69.20,123.92,69.86,1,1,1.000000
1375,35,670.71,314.27,438.75,167.70,1,1,1.000000
1375,39,598.04,557.52,503.15,160.18,1,1,1.000000
1375,41,506.48,617.73,273.77,97.99,1,1,1.000000
1375,42,28.45,67.51,133.09,72.97,1,1,1.000000
1376,35,689.05,314.51,450.23,176.28,1,1,1.000000
1376,39,624.00,557.83,505.11,160.74,1,1,1.000000
1376,41,511.99,614.26,296.72,104.68,1,1,1.000000
1376,42,27.71,66.56,150.37,80.54,1,1,1.000000
1377,35,712.94,318.45,452.91,181.22,1,1,1.000000
1377,39,640.02,555.06,512.96,164.31,1,1,1.000000
1377,41,525.01,612.88,313.75,107.12,1,1,1.000000
1377,42,27.32,63.41,164.88,86.27,1,1,1.000000
1378,35,742.96,328.78,441.11,178.87,1,1,1.000000
1378,39,653.62,551.35,521.92,168.14,1,1,1.000000
1378,41,545.00,616.61,308.70,103.39,1,1,1.000000
1378,42,28.03,63.19,173.65,88.54,1,1,1.000000
1379,35,773.93,340.69,433.03,177.58,1,1,1.000000
1379,39,670.17,546.23,532.77,173.35,1,1,1.000000
1379,41,563.66,618.12,307.79,101.88,1,1,1.000000
1379,42,33.46,61.68,180.75,88.91,1,1,1.000000
1380,35,830.71,362.65,418.09,172.46,1,1,1.000000
1380,39,705.36,540.76,542.91,178.96,1,1,1.000000
1380,41,596.77,624.10,292.61,95.90,1,1,1.000000
1380,42,41.08,59.94,192.88,90.82,1,1,1.000000
1381,35,852.42,371.06,410.73,170.32,1,1,1.000000
1381,39,720.19,538.71,542.73,181.04,1,1,1.000000
1381,41,607.40,626.21,287.99,93.79,1,1,1.000000
1381,42,41.51,59.39,202.25,91.55,1,1,1.000000
1382,35,880.07,383.75,397.94,164.85,1,1,1.000000
1382,39,749.32,541.52,529.13,177.78,1,1,1.000000
1382,41,620.20,626.65,287.78,93.35,1,1,1.000000
1382,42,48.00,63.16,201.48,86.48,1,1,1.000000
1383,35,902.78,389.32,377.22,168.81,1,1,1.000000
1383,39,812.33,563.62,467.61,156.10,1,1,1.000000
1383,41,643.57,627.16,286.38,92.84,1,1,1.000000
1383,42,51.21,62.94,217.50,89.06,1,1,1.000000
1384,35,912.12,391.28,367.88,170.19,1,1,1.000000
1384,39,834.44,572.41,444.30,147.47,1,1,1.000000
1384,41,651.12,627.23,286.52,92.77,1,1,1.000000
1384,42,49.39,62.89,229.19,89.99,1,1,1.000000
1384,44,0.05,348.37,57.95,82.46,1,1,1.000000
1385,35,939.16,395.82,340.84,164.46,1,1,1.000000
1385,39,902.22,597.25,373.94,122.75,1,1,1.000000
1385,41,665.82,624.55,292.92,95.45,1,1,1.000000
1385,42,54.42,65.01,244.28,91.45,1,1,1.000000
1385,44,4.05,350.42,59.18,83.91,1,1,1.000000
1386,35,965.51,399.64,314.49,156.05,1,1,1.000000
1386,39,948.63,616.46,319.68,103.43,1,1,1.000000
1386,41,679.39,623.94,292.27,96.06,1,1,1.000000
1386,42,56.11,66.17,259.30,92.75,1,1,1.000000
1386,44,6.16,349.78,61.54,86.74,1,1,1.000000
1387,35,979.37,399.88,300.63,154.78,1,1,1.000000
1387,39,977.93,623.44,299.39,96.51,1,1,1.000000
1387,41,690.82,623.51,290.88,96.49,1,1,1.000000
1387,42,57.99,67.92,271.30,92.72,1,1,1.000000
1387,44,7.03,351.02,66.97,93.67,1,1,1.000000
1388,35,997.80,404.29,282.20,151.55,1,1,1.000000
1388,39,992.48,622.40,287.52,97.47,1,1,1.000000
1388,41,707.04,621.89,292.38,98.11,1,1,1.000000
1388,42,58.99,70.41,282.45,92.31,1,1,1.000000
1388,44,10.49,352.64,72.88,100.42,1,1,1.000000
1389,35,1011.35,407.35,268.65,151.22,1,1,1.000000
1389,39,1002.35,617.46,277.65,102.37,1,1,1.000000
1389,41,713.73,618.79,297.10,101.11,1,1,1.000000
1389,42,61.02,70.62,298.94,93.82,1,1,1.000000
1389,44,11.37,354.48,77.03,104.44,1,1,1.000000
1390,35,1056.71,417.95,223.29,132.10,1,1,1.000000
1390,39,1018.59,610.59,261.41,108.83,1,1,1.000000
1390,41,747.42,622.77,284.06,97.23,1,1,1.000000
1390,42,75.24,71.84,315.50,96.17,1,1,1.000000
1390,44,10.76,355.03,90.79,121.52,1,1,1.000000
1391,35,1074.33,421.66,205.67,124.75,1,1,1.000000
1391,39,1027.28,607.98,252.72,111.30,1,1,1.000000
1391,41,760.29,624.34,277.72,95.66,1,1,1.000000
1391,42,77.95,72.26,326.89,97.11,1,1,1.000000
1391,44,10.08,355.23,96.90,128.00,1,1,1.000000
1392,35,1097.62,426.17,182.38,115.09,1,1,1.000000
1392,39,1045.98,608.40,234.02,111.30,1,1,1.000000
1392,41,778.44,627.21,267.29,92.79,1,1,1.000000
1392,42,89.36,73.56,336.16,97.83,1,1,1.000000
1392,44,8.14,352.66,107.61,140.91,1,1,1.000000
1393,35,1127.15,430.63,152.85,99.30,1,1,1.000000
1393,39,1069.95,609.83,210.05,108.94,1,1,1.000000
1393,41,800.68,632.11,251.51,87.63,1,1,1.000000
1393,42,106.94,76.10,335.60,95.65,1,1,1.000000
1393,44,10.61,353.21,110.33,141.91,1,1,1.000000
1394,35,1155.14,436.80,124.86,84.92,1,1,1.000000
1394,39,1106.06,613.56,173.94,97.75,1,1,1.000000
1394,41,806.87,637.83,227.45,81.02,1,1,1.000000
1394,42,122.25,77.35,341.80,95.78,1,1,1.000000
1394,44,13.81,357.59,111.35,139.74,1,1,1.000000
1395,35,1191.24,448.51,88.76,74.82,1,1,1.000000
1395,41,835.93,646.32,200.37,73.19,1,1,1.000000
1395,42,152.35,79.91,343.78,95.46,1,1,1.000000
1395,44,20.34,362.43,115.10,138.88,1,1,1.000000
1396,41,866.27,656.95,170.15,62.86,1,1,1.000000
1396,42,168.59,80.22,353.85,97.88,1,1,1.000000
1396,44,23.49,364.25,121.54,141.02,1,1,1.000000
1397,42,185.77,80.43,359.04,99.26,1,1,1.000000
1397,44,25.85,365.11,128.85,143.46,1,1,1.000000
1398,42,191.95,80.53,360.77,99.69,1,1,1.000000
1398,44,25.20,365.41,134.46,144.27,1,1,1.000000
1399,42,215.95,83.77,360.27,99.74,1,1,1.000000
1399,44,25.41,370.03,153.06,159.22,1,1,1.000000
1400,42,237.52,85.69,357.75,99.12,1,1,1.000000
1400,44,30.33,371.47,162.70,162.44,1,1,1.000000
1401,42,258.70,87.45,353.31,98.15,1,1,1.000000
1401,44,29.27,371.50,182.70,177.10,1,1,1.000000
1402,42,272.31,83.99,365.27,102.39,1,1,1.000000
1402,44,25.63,373.53,206.13,195.55,1,1,1.000000
1403,42,293.44,87.30,362.25,102.24,1,1,1.000000
1403,44,34.57,375.44,218.46,204.18,1,1,1.000000
1404,42,312.16,91.38,360.69,102.39,1,1,1.000000
1404,44,47.50,376.65,225.19,208.48,1,1,1.000000
1405,42,337.20,96.32,348.03,99.00,1,1,1.000000
1405,44,65.34,378.07,228.98,210.84,1,1,1.000000
1406,42,346.47,98.30,342.15,97.49,1,1,1.000000
1406,44,71.90,378.45,230.97,211.64,1,1,1.000000
1407,42,385.51,102.30,332.84,94.87,1,1,1.000000
1407,44,119.23,380.14,191.02,168.12,1,1,1.000000
1408,42,399.45,103.75,329.26,93.87,1,1,1.000000
1408,44,137.55,380.70,175.43,149.05,1,1,1.000000
1408,45,0.00,216.52,116.26,84.94,1,1,1.000000
1409,42,425.53,107.26,317.37,90.50,1,1,1.000000
1409,44,150.27,377.07,173.99,142.28,1,1,1.000000
1409,45,9.67,217.28,118.09,85.86,1,1,1.000000
1410,42,465.25,109.13,301.35,85.68,1,1,1.000000
1410,44,148.37,373.28,226.65,186.58,1,1,1.000000
1410,45,29.10,218.72,127.32,91.17,1,1,1.000000
1410,46,11.40,396.33,130.88,106.48,1,1,1.000000
1410,47,296.04,0.00,208.46,42.92,1,1,1.000000
1411,42,482.74,108.65,309.99,88.26,1,1,1.000000
1411,44,152.59,374.18,241.17,198.65,1,1,1.000000
1411,45,38.70,218.13,139.05,97.45,1,1,1.000000
1411,46,15.80,394.22,159.59,129.34,1,1,1.000000
1411,47,305.74,0.00,210.60,43.33,1,1,1.000000
1412,42,488.70,108.45,312.82,89.17,1,1,1.000000
1412,44,153.77,374.63,247.22,203.74,1,1,1.000000
1412,45,40.33,217.91,145.61,99.59,1,1,1.000000
1412,46,17.28,393.35,172.25,138.83,1,1,1.000000
1412,47,309.02,0.00,211.41,43.39,1,1,1.000000
1412,48,157.26,373.70,234.93,125.30,1,1,1.000000
1413,42,517.99,111.59,307.63,87.28,1,1,1.000000
1413,45,46.05,214.37,163.18,108.25,1,1,1.000000
1413,46,37.62,390.87,180.11,142.13,1,1,1.000000
1413,47,307.03,0.00,221.55,45.16,1,1,1.000000
1413,48,190.43,389.13,202.68,107.58,1,1,1.000000
1414,42,537.44,112.03,308.96,87.56,1,1,1.000000
1414,45,47.55,211.11,182.32,117.25,1,1,1.000000
1414,46,46.64,387.92,190.88,146.94,1,1,1.000000
1414,47,309.21,0.00,230.11,46.67,1,1,1.000000
1414,48,217.22,400.70,189.76,100.09,1,1,1.000000
1415,42,553.79,111.80,317.70,90.31,1,1,1.000000
1415,45,51.35,213.13,193.05,119.54,1,1,1.000000
1415,46,58.51,386.38,211.02,157.33,1,1,1.000000
1415,47,309.50,0.00,248.87,50.31,1,1,1.000000
1415,48,221.44,395.66,205.53,108.15,1,1,1.000000
1416,42,575.56,109.83,333.03,95.38,1,1,1.000000
1416,45,64.12,223.89,195.93,114.53,1,1,1.000000
1416,47,317.15,0.00,257.11,51.71,1,1,1.000000
1416,44,108.67,389.48,259.34,191.78,1,1,1.000000
1417,42,584.07,109.06,337.31,97.26,1,1,1.000000
1417,45,65.78,228.29,202.58,112.20,1,1,1.000000
1417,47,319.72,0.00,260.58,52.18,1,1,1.000000
1417,49,0.05,16.81,115.94,75.35,1,1,1.000000
1417,44,91.77,391.05,278.33,189.30,1,1,1.000000
1418,42,596.79,109.21,342.33,99.37,1,1,1.000000
1418,45,70.02,237.62,205.54,107.07,1,1,1.000000
1418,47,320.72,0.00,275.29,55.04,1,1,1.000000
1418,49,0.00,14.78,123.07,80.75,1,1,1.000000
1418,44,91.12,391.98,284.58,177.11,1,1,1.000000
1419,42,622.41,112.70,329.19,95.26,1,1,1.000000
1419,45,73.85,242.20,221.03,108.43,1,1,1.000000
1419,47,331.36,0.00,272.65,54.28,1,1,1.000000
1419,49,0.00,18.35,128.27,84.16,1,1,1.000000
1419,44,89.72,392.27,294.09,169.27,1,1,1.000000
1420,42,650.98,117.43,306.53,87.46,1,1,1.000000
1420,45,70.94,244.26,250.98,117.36,1,1,1.000000
1420,47,340.84,0.00,274.06,54.25,1,1,1.000000
1420,49,3.01,26.31,129.14,83.75,1,1,1.000000
1420,44,78.73,393.76,336.82,184.48,1,1,1.000000
1421,42,697.21,122.10,288.56,80.38,1,1,1.000000
1421,45,70.86,249.98,282.37,126.28,1,1,1.000000
1421,47,355.34,0.00,270.58,53.06,1,1,1.000000
1421,49,0.00,37.73,137.91,91.03,1,1,1.000000
1421,44,98.45,394.61,345.74,174.61,1,1,1.000000
1422,42,711.07,123.70,285.60,77.88,1,1,1.000000
1422,45,66.96,252.19,301.92,129.73,1,1,1.000000
1422,47,360.05,0.00,270.31,52.54,1,1,1.000000
1422,49,0.00,41.75,139.61,93.36,1,1,1.000000
1422,44,100.03,394.77,361.33,170.73,1,1,1.000000
1423,42,735.87,123.60,293.36,78.65,1,1,1.000000
1423,45,69.23,256.35,328.56,135.58,1,1,1.000000
1423,47,373.06,0.00,285.08,55.39,1,1,1.000000
1423,49,4.02,47.59,138.05,89.28,1,1,1.000000
1423,44,77.37,395.38,448.22,205.42,1,1,1.000000
1424,42,750.53,122.34,305.10,80.81,1,1,1.000000
1424,45,67.35,257.49,361.49,144.55,1,1,1.000000
1424,47,380.66,0.02,299.27,58.52,1,1,1.000000
1424,49,5.03,50.71,143.81,92.46,1,1,1.000000
1424,44,92.37,395.22,461.13,202.31,1,1,1.000000
1424,50,78.22,0.15,168.18,61.63,1,1,1.000000
1425,42,760.75,120.77,320.75,84.32,1,1,1.000000
1425,45,87.09,261.37,377.30,148.04,1,1,1.000000
1425,47,392.63,0.00,308.99,60.69,1,1,1.000000
1425,49,5.31,50.91,150.14,95.99,1,1,1.000000
1425,44,124.49,394.42,451.01,188.38,1,1,1.000000
1425,50,81.51,0.00,184.07,67.48,1,1,1.000000
1426,42,763.23,120.14,328.09,85.68,1,1,1.000000
1426,45,92.93,262.81,387.07,149.30,1,1,1.000000
1426,47,397.47,0.00,311.95,61.54,1,1,1.000000
1426,49,5.18,50.86,152.82,97.15,1,1,1.000000
1426,44,131.70,394.01,456.50,182.82,1,1,1.000000
1426,50,82.90,0.00,189.22,69.41,1,1,1.000000
1427,42,787.38,121.65,328.28,84.73,1,1,1.000000
1427,45,151.02,267.63,355.60,133.59,1,1,1.000000
1427,47,415.59,0.00,313.88,62.30,1,1,1.000000
1427,49,6.85,59.03,157.34,99.28,1,1,1.000000
1427,44,198.47,395.73,435.01,167.49,1,1,1.000000
1427,50,70.53,0.00,210.39,77.89,1,1,1.000000
1428,42,799.88,121.53,341.99,87.91,1,1,1.000000
1428,45,193.58,272.92,323.31,116.39,1,1,1.000000
1428,47,431.55,0.10,313.76,62.92,1,1,1.000000
1428,49,7.46,60.05,162.96,102.00,1,1,1.000000
1428,44,241.01,395.46,440.77,165.10,1,1,1.000000
1428,50,71.85,0.05,212.93,79.53,1,1,1.000000
1428,52,3.17,215.27,48.40,53.98,1,1,1.000000
1429,42,813.48,122.04,355.77,91.32,1,1,1.000000
1429,45,224.56,277.79,304.04,104.16,1,1,1.000000
1429,47,445.82,0.02,319.70,64.53,1,1,1.000000
1429,49,10.51,65.13,163.04,100.65,1,1,1.000000
1429,44,271.61,394.28,458.97,168.90,1,1,1.000000
1429,50,72.08,0.00,218.27,82.42,1,1,1.000000
1429,52,7.06,215.96,51.21,56.74,1,1,1.000000
1430,42,829.21,122.73,361.50,92.54,1,1,1.000000
1430,45,243.10,280.70,303.65,99.73,1,1,1.000000
1430,47,460.19,0.28,319.33,65.04,1,1,1.000000
1430,49,12.51,67.80,165.28,100.46,1,1,1.000000
1430,44,296.66,393.24,476.86,173.13,1,1,1.000000
1430,50,76.59,0.00,222.58,84.89,1,1,1.000000
1430,52,11.02,216.53,56.46,61.83,1,1,1.000000
1431,42,848.41,123.22,366.09,93.44,1,1,1.000000
1431,45,262.44,283.36,311.42,98.58,1,1,1.000000
1431,47,466.84,0.32,327.13,67.59,1,1,1.000000
1431,49,10.58,68.32,174.32,104.93,1,1,1.000000
1431,44,316.88,391.53,504.71,182.06,1,1,1.000000
1431,50,89.88,1.07,212.51,81.88,1,1,1.000000
1431,52,17.91,223.56,56.43,60.00,1,1,1.000000
1432,42,886.91,125.55,362.50,91.52,1,1,1.000000
1432,45,290.66,283.01,340.26,106.02,1,1,1.000000
1432,47,468.58,0.23,352.74,74.06,1,1,1.000000
1432,49,22.37,79.75,159.68,92.42,1,1,1.000000
1432,44,352.89,388.57,543.03,196.72,1,1,1.000000
1432,50,59.89,0.54,208.24,77.48,1,1,1.000000
1432,52,23.02,226.31,68.06,70.16,1,1,1.000000
1432,46,357.43,431.85,204.34,155.46,1,1,1.000000
1433,42,899.95,126.42,362.96,90.76,1,1,1.000000
1433,45,298.80,282.86,353.71,108.65,1,1,1.000000
1433,47,470.81,0.20,359.17,76.53,1,1,1.000000
1433,49,25.85,84.10,155.89,87.13,1,1,1.000000
1433,44,366.87,387.43,556.39,202.35,1,1,1.000000
1433,50,46.58,0.34,210.16,75.61,1,1,1.000000
1433,52,23.92,227.19,73.78,73.56,1,1,1.000000
1433,54,420.67,433.88,126.22,58.36,1,1,1.000000
1433,46,364.83,432.77,200.98,155.22,1,1,1.000000
1434,42,919.40,130.01,348.26,85.90,1,1,1.000000
1434,45,314.34,285.63,366.90,111.78,1,1,1.000000
1434,47,474.25,0.05,367.83,79.51,1,1,1.000000
1434,49,26.60,87.25,159.22,86.02,1,1,1.000000
1434,44,410.46,386.54,550.41,201.87,1,1,1.000000
1434,50,40.84,0.11,214.88,74.77,1,1,1.000000
1434,52,29.97,239.97,70.90,66.31,1,1,1.000000
1434,46,377.98,433.10,199.15,154.54,1,1,1.000000
1435,42,927.42,129.83,352.29,86.70,1,1,1.000000
1435,45,335.36,291.51,368.02,111.14,1,1,1.000000
1435,47,481.50,0.13,371.40,81.38,1,1,1.000000
1435,49,20.78,87.26,173.36,91.87,1,1,1.000000
1435,44,464.53,386.89,520.74,191.53,1,1,1.000000
1435,50,29.88,0.01,237.72,81.21,1,1,1.000000
1435,52,27.21,232.72,86.28,77.75,1,1,1.000000
1435,46,390.87,431.96,198.18,156.77,1,1,1.000000
1436,42,931.47,130.32,348.53,89.82,1,1,1.000000
1436,45,351.56,298.29,377.53,113.82,1,1,1.000000
1436,47,489.37,0.15,377.48,83.88,1,1,1.000000
1436,49,18.83,90.18,180.95,94.13,1,1,1.000000
1436,44,524.16,389.36,475.74,173.86,1,1,1.000000
1436,50,21.99,0.44,254.72,85.83,1,1,1.000000
1436,52,29.30,228.97,92.40,79.21,1,1,1.000000
1436,46,407.30,433.66,185.81,149.16,1,1,1.000000
1436,55,0.00,0.08,109.32,68.00,1,1,1.000000
1437,42,951.15,131.44,328.85,90.54,1,1,1.000000
1437,45,389.65,306.92,379.89,114.84,1,1,1.000000
1437,47,502.12,0.37,395.41,89.58,1,1,1.000000
1437,49,18.87,95.68,189.56,96.80,1,1,1.000000
1437,44,605.07,397.25,407.57,144.04,1,1,1.000000
1437,50,66.54,1.36,248.83,84.72,1,1,1.000000
1437,52,33.81,228.14,103.98,84.29,1,1,1.000000
1437,46,440.07,441.11,145.58,115.86,1,1,1.000000
1437,55,0.00,0.00,119.34,74.99,1,1,1.000000
1438,42,967.02,133.36,312.98,91.51,1,1,1.000000
1438,45,425.87,315.76,368.13,111.34,1,1,1.000000
1438,47,513.88,1.69,409.12,94.53,1,1,1.000000
1438,49,22.48,99.92,196.48,98.84,1,1,1.000000
1438,44,642.70,403.34,401.67,138.58,1,1,1.000000
1438,50,83.27,1.62,247.74,85.56,1,1,1.000000
1438,52,37.84,228.38,112.60,85.75,1,1,1.000000
1438,46,469.47,438.94,155.43,116.98,1,1,1.000000
1438,55,0.00,0.00,127.94,82.27,1,1,1.000000
1438,56,0.88,450.46,65.96,71.55,1,1,1.000000
1439,42,979.15,135.41,300.85,91.49,1,1,1.000000
1439,45,445.95,319.69,378.36,115.30,1,1,1.000000
1439,47,532.15,2.17,406.63,95.78,1,1,1.000000
1439,49,24.66,100.78,203.26,100.70,1,1,1.000000
1439,44,675.46,409.97,397.06,133.38,1,1,1.000000
1439,50,94.34,2.58,246.45,86.37,1,1,1.000000
1439,52,40.60,228.53,123.30,88.30,1,1,1.000000
1439,46,479.01,439.50,166.77,119.42,1,1,1.000000
1439,55,0.00,0.00,133.93,87.11,1,1,1.000000
1439,56,5.26,450.35,69.65,75.27,1,1,1.000000
1440,42,994.35,137.68,285.65,90.00,1,1,1.000000
1440,45,455.28,320.24,401.36,124.17,1,1,1.000000
1440,47,554.21,4.12,394.62,94.33,1,1,1.000000
1440,49,37.38,102.49,202.89,99.59,1,1,1.000000
1440,44,697.43,411.07,419.97,138.66,1,1,1.000000
1440,50,101.02,2.28,248.89,88.76,1,1,1.000000
1440,52,43.56,228.76,132.23,88.69,1,1,1.000000
1440,46,486.22,442.66,172.19,116.57,1,1,1.000000
1440,55,0.00,0.00,140.44,90.98,1,1,1.000000
1440,56,9.73,454.81,77.83,83.45,1,1,1.000000
1441,42,1002.46,139.24,277.54,91.57,1,1,1.000000
1441,45,467.69,321.52,413.26,130.02,1,1,1.000000
1441,47,578.65,8.66,376.26,90.80,1,1,1.000000
1441,49,49.07,103.13,206.96,101.54,1,1,1.000000
1441,44,725.25,413.25,426.07,137.94,1,1,1.000000
1441,50,106.48,3.82,243.69,88.35,1,1,1.000000
1441,52,40.45,227.01,149.40,95.54,1,1,1.000000
1441,46,490.85,447.61,173.73,110.84,1,1,1.000000
1441,55,0.74,0.00,145.05,89.48,1,1,1.000000
1441,56,15.41,458.51,81.03,85.46,1,1,1.000000
1441,57,20.80,98.72,67.86,82.87,1,1,1.000000
1442,42,1026.77,147.41,253.23,84.85,1,1,1.000000
1442,45,477.58,321.04,426.64,136.68,1,1,1.000000
1442,47,592.38,9.56,377.89,92.43,1,1,1.000000
1442,49,61.90,103.58,209.82,102.99,1,1,1.000000
1442,44,752.10,417.00,435.97,138.25,1,1,1.000000
1442,50,117.85,9.65,228.12,83.58,1,1,1.000000
1442,52,35.15,227.15,172.11,106.37,1,1,1.000000
1442,46,491.85,448.82,180.83,109.60,1,1,1.000000
1442,55,7.30,0.00,149.89,91.92,1,1,1.000000
1442,56,18.46,460.28,90.22,93.36,1,1,1.000000
1442,57,29.68,111.46,62.29,74.43,1,1,1.000000
1443,42,1063.15,156.29,216.85,74.85,1,1,1.000000
1443,45,500.15,324.08,448.81,147.29,1,1,1.000000
1443,47,614.64,12.91,384.81,95.66,1,1,1.000000
1443,49,97.74,108.56,184.99,89.38,1,1,1.000000
1443,44,791.34,422.54,452.06,141.70,1,1,1.000000
1443,50,128.18,14.49,225.36,83.47,1,1,1.000000
1443,52,44.14,234.84,180.65,105.28,1,1,1.000000
1443,46,497.91,454.57,186.21,106.85,1,1,1.000000
1443,55,10.28,0.00,155.41,96.25,1,1,1.000000
1443,56,20.08,469.70,110.28,112.04,1,1,1.000000
1443,57,21.03,113.10,64.55,75.90,1,1,1.000000
1444,42,1077.06,159.45,202.94,71.18,1,1,1.000000
1444,45,511.43,325.10,451.74,151.61,1,1,1.000000
1444,47,624.62,14.19,383.83,96.84,1,1,1.000000
1444,49,111.08,110.30,175.90,83.80,1,1,1.000000
1444,44,803.13,424.50,461.11,143.03,1,1,1.000000
1444,50,132.50,16.24,222.96,83.39,1,1,1.000000
1444,52,45.24,238.04,188.91,104.57,1,1,1.000000
1444,46,496.58,456.47,193.82,106.24,1,1,1.000000
1444,55,11.65,0.05,156.58,97.80,1,1,1.000000
1444,56,19.83,473.32,119.75,119.38,1,1,1.000000
1444,57,18.06,113.40,66.32,76.42,1,1,1.000000
1445,42,1088.05,158.76,191.95,72.27,1,1,1.000000
1445,45,527.61,328.77,452.19,155.16,1,1,1.000000
1445,47,631.60,14.68,393.30,100.92,1,1,1.000000
1445,49,130.56,113.08,172.24,81.94,1,1,1.000000
1445,44,798.45,425.19,481.55,156.97,1,1,1.000000
1445,50,135.94,18.98,220.27,83.29,1,1,1.000000
1445,52,45.58,240.83,201.00,106.11,1,1,1.000000
1445,46,510.87,460.76,183.33,95.21,1,1,1.000000
1445,55,15.69,0.38,160.13,102.18,1,1,1.000000
1445,56,19.40,476.55,133.47,130.67,1,1,1.000000
1445,57,17.59,115.19,67.97,76.43,1,1,1.000000
1446,42,1114.04,164.41,165.96,70.11,1,1,1.000000
1446,45,560.72,339.48,444.51,155.70,1,1,1.000000
1446,47,649.70,16.51,402.36,105.01,1,1,1.000000
1446,49,140.40,115.01,179.51,85.24,1,1,1.000000
1446,44,824.59,430.47,455.41,159.87,1,1,1.000000
1446,50,144.38,27.69,216.86,82.59,1,1,1.000000
1446,52,48.63,246.25,216.03,108.59,1,1,1.000000
1446,46,521.23,466.87,182.27,89.97,1,1,1.000000
1446,55,0.87,0.84,168.81,108.69,1,1,1.000000
1446,56,28.07,486.59,137.43,129.48,1,1,1.000000
1446,57,21.16,118.11,71.83,77.93,1,1,1.000000
1447,42,1133.38,169.03,146.62,70.73,1,1,1.000000
1447,45,584.60,349.40,435.17,155.48,1,1,1.000000
1447,47,667.07,21.02,396.08,104.52,1,1,1.000000
1447,49,147.06,116.93,189.37,89.70,1,1,1.000000
1447,44,850.58,437.31,429.42,158.01,1,1,1.000000
1447,50,151.00,32.67,209.34,80.12,1,1,1.000000
1447,52,45.76,247.31,239.48,115.92,1,1,1.000000
1447,46,520.49,466.75,197.50,94.39,1,1,1.000000
1447,55,2.27,9.32,165.78,106.46,1,1,1.000000
1447,56,35.03,490.64,145.08,130.67,1,1,1.000000
1447,57,22.05,121.86,76.38,79.86,1,1,1.000000
1448,42,1151.59,172.46,128.41,71.10,1,1,1.000000
1448,45,598.21,361.13,469.97,171.76,1,1,1.000000
1448,47,683.60,25.60,389.83,103.69,1,1,1.000000
1448,49,153.40,120.37,190.16,89.32,1,1,1.000000
1448,44,871.10,443.49,408.90,156.12,1,1,1.000000
1448,50,157.95,37.98,203.96,78.43,1,1,1.000000
1448,52,50.29,251.65,244.13,112.64,1,1,1.000000
1448,46,514.68,467.08,217.51,101.82,1,1,1.000000
1448,55,10.31,22.74,153.18,96.68,1,1,1.000000
1448,56,35.55,491.82,158.96,137.83,1,1,1.000000
1448,57,18.79,124.47,83.82,85.28,1,1,1.000000
1449,45,621.72,369.82,470.05,175.08,1,1,1.000000
1449,47,703.69,32.01,373.82,99.75,1,1,1.000000
1449,49,151.06,127.13,203.07,95.04,1,1,1.000000
1449,44,895.63,455.87,384.37,149.64,1,1,1.000000
1449,50,159.07,42.74,200.88,77.44,1,1,1.000000
1449,52,54.57,254.66,250.41,109.95,1,1,1.000000
1449,46,518.62,469.77,226.11,103.62,1,1,1.000000
1449,55,28.41,35.66,145.65,92.77,1,1,1.000000
1449,56,35.34,491.33,176.53,147.84,1,1,1.000000
1449,57,17.23,130.36,87.66,86.71,1,1,1.000000
1450,45,632.77,373.15,465.00,176.26,1,1,1.000000
1450,47,711.23,34.40,366.67,98.12,1,1,1.000000
1450,49,149.90,129.57,208.22,97.14,1,1,1.000000
1450,44,905.78,460.38,374.22,147.23,1,1,1.000000
1450,50,159.48,44.39,199.43,77.06,1,1,1.000000
1450,52,53.01,255.77,258.67,108.78,1,1,1.000000
1450,46,518.38,470.70,232.10,104.38,1,1,1.000000
1450,55,35.26,40.22,142.16,91.33,1,1,1.000000
1450,56,33.34,491.03,187.06,151.75,1,1,1.000000
1450,57,15.83,132.51,90.61,87.24,1,1,1.000000
1451,45,669.72,392.05,448.56,172.53,1,1,1.000000
1451,47,727.10,38.04,377.27,101.37,1,1,1.000000
1451,49,153.73,136.94,197.45,89.12,1,1,1.000000
1451,44,920.61,461.80,359.39,146.17,1,1,1.000000
1451,50,165.73,54.07,197.05,76.89,1,1,1.000000
1451,52,54.39,261.78,279.09,112.58,1,1,1.000000
1451,46,520.09,472.80,244.01,107.94,1,1,1.000000
1451,55,30.31,42.27,155.76,101.55,1,1,1.000000
1451,56,31.46,493.05,214.28,169.64,1,1,1.000000
1451,57,14.74,139.53,91.49,85.76,1,1,1.000000
1452,45,702.93,404.97,439.96,171.90,1,1,1.000000
1452,47,747.72,40.96,376.95,101.67,1,1,1.000000
1452,49,145.02,141.95,210.94,93.44,1,1,1.000000
1452,44,935.41,464.43,344.59,148.39,1,1,1.000000
1452,50,172.26,61.41,191.41,75.30,1,1,1.000000
1452,52,56.28,267.17,293.95,113.86,1,1,1.000000
1452,46,530.89,479.27,246.27,107.06,1,1,1.000000
1452,55,25.25,43.73,158.86,103.87,1,1,1.000000
1452,56,34.20,497.51,227.67,174.82,1,1,1.000000
1452,57,13.35,148.72,90.09,82.34,1,1,1.000000
1452,59,230.29,0.07,160.48,45.52,1,1,1.000000
1453,45,717.61,410.28,449.87,179.15,1,1,1.000000
1453,47,768.95,47.03,369.18,99.58,1,1,1.000000
1453,49,151.04,148.61,201.59,85.83,1,1,1.000000
1453,44,951.41,470.50,328.59,149.09,1,1,1.000000
1453,50,174.87,66.69,192.45,76.45,1,1,1.000000
1453,52,60.44,274.71,307.56,114.73,1,1,1.000000
1453,46,538.29,484.96,248.12,106.08,1,1,1.000000
1453,55,20.11,56.54,155.40,99.97,1,1,1.000000
1453,56,47.06,502.34,223.84,162.76,1,1,1.000000
1453,57,16.13,160.50,83.80,73.51,1,1,1.000000
1453,59,223.27,0.00,170.77,48.30,1,1,1.000000
1454,45,726.96,411.34,472.47,191.81,1,1,1.000000
1454,47,795.58,53.70,363.05,97.32,1,1,1.000000
1454,49,155.43,154.00,191.91,76.92,1,1,1.000000
1454,44,981.89,476.62,298.11,140.60,1,1,1.000000
1454,50,184.83,73.61,183.09,73.59,1,1,1.000000
1454,52,72.29,282.29,300.35,105.74,1,1,1.000000
1454,46,554.66,494.74,231.09,95.73,1,1,1.000000
1454,55,11.93,61.52,166.61,106.66,1,1,1.000000
1454,56,59.36,508.34,218.08,148.11,1,1,1.000000
1454,57,16.61,173.72,76.10,63.91,1,1,1.000000
1454,59,206.68,0.00,186.83,52.77,1,1,1.000000
1455,45,743.38,417.66,474.56,195.75,1,1,1.000000
1455,47,807.04,60.36,362.80,96.89,1,1,1.000000
1455,49,144.36,154.81,209.52,80.60,1,1,1.000000
1455,44,1015.16,484.24,264.84,128.32,1,1,1.000000
1455,50,189.37,78.22,182.59,74.42,1,1,1.000000
1455,52,97.01,290.19,292.19,97.60,1,1,1.000000
1455,46,563.49,501.74,234.73,95.10,1,1,1.000000
1455,55,11.66,67.75,168.29,106.50,1,1,1.000000
1455,56,62.88,510.71,229.25,146.69,1,1,1.000000
1455,57,13.12,177.13,87.59,71.90,1,1,1.000000
1455,59,201.27,0.34,197.86,55.97,1,1,1.000000
1456,45,755.78,421.83,492.64,207.41,1,1,1.000000
1456,47,814.26,66.19,370.85,98.96,1,1,1.000000
1456,49,132.70,157.77,232.93,86.88,1,1,1.000000
1456,44,1040.13,492.43,239.87,122.37,1,1,1.000000
1456,50,179.31,73.28,208.52,87.59,1,1,1.000000
1456,52,118.32,296.41,295.50,94.75,1,1,1.000000
1456,46,566.53,508.94,247.16,98.86,1,1,1.000000
1456,55,10.83,72.27,169.65,106.99,1,1,1.000000
1456,56,62.76,510.32,249.91,151.97,1,1,1.000000
1456,57,7.99,180.32,94.78,77.14,1,1,1.000000
1456,59,192.58,0.40,217.44,61.69,1,1,1.000000
1457,45,778.23,435.74,501.77,221.13,1,1,1.000000
1457,47,842.19,76.00,373.77,99.83,1,1,1.000000
1457,49,127.05,163.62,258.11,94.19,1,1,1.000000
1457,44,1086.86,511.60,193.14,103.36,1,1,1.000000
1457,50,171.62,74.65,230.03,100.31,1,1,1.000000
1457,52,148.87,306.88,302.34,94.05,1,1,1.000000
1457,46,573.30,513.63,269.11,108.23,1,1,1.000000
1457,55,22.64,78.14,176.05,111.90,1,1,1.000000
1457,56,77.58,517.92,251.96,141.67,1,1,1.000000
1457,57,4.34,192.53,99.61,80.80,1,1,1.000000
1457,59,176.49,0.58,247.55,70.69,1,1,1.000000
1458,45,789.86,441.10,490.14,226.45,1,1,1.000000
1458,47,852.41,79.60,374.63,100.15,1,1,1.000000
1458,49,123.17,165.80,271.08,97.03,1,1,1.000000
1458,44,1103.83,518.10,176.17,96.69,1,1,1.000000
1458,50,171.01,75.12,233.59,105.51,1,1,1.000000
1458,52,157.04,310.51,309.84,93.85,1,1,1.000000
1458,46,576.15,515.32,276.43,111.74,1,1,1.000000
1458,55,27.52,80.28,177.63,113.73,1,1,1.000000
1458,56,78.83,520.75,260.97,137.28,1,1,1.000000
1458,57,2.82,197.10,101.69,82.22,1,1,1.000000
1458,59,170.88,0.65,257.99,74.18,1,1,1.000000
1458,60,922.87,0.00,194.89,33.68,1,1,1.000000
1458,61,0.12,23.15,55.85,84.14,1,1,1.000000
1458,62,414.17,0.00,120.35,25.26,1,1,1.000000
1458,63,121.16,2.27,71.45,87.90,1,1,1.000000
1459,45,814.74,465.67,465.26,227.41,1,1,1.000000
1459,47,882.92,92.67,360.56,95.10,1,1,1.000000
1459,49,130.99,175.05,272.81,95.40,1,1,1.000000
1459,44,1137.73,544.12,142.27,89.37,1,1,1.000000
1459,50,171.58,81.81,226.10,105.34,1,1,1.000000
1459,52,175.82,319.43,312.10,91.65,1,1,1.000000
1459,46,588.35,525.16,280.10,114.29,1,1,1.000000
1459,55,34.96,89.72,176.16,115.17,1,1,1.000000
1459,56,99.75,537.87,250.55,118.60,1,1,1.000000
1459,57,0.00,198.63,107.06,89.53,1,1,1.000000
1459,59,157.55,0.44,283.05,82.15,1,1,1.000000
1459,60,883.96,0.00,266.12,46.02,1,1,1.000000
1459,61,1.57,32.56,51.96,78.19,1,1,1.000000
1459,62,361.31,0.10,178.50,37.54,1,1,1.000000
1459,63,116.45,1.17,72.80,89.83,1,1,1.000000
1460,45,836.46,487.87,443.54,222.13,1,1,1.000000
1460,47,894.18,99.84,363.75,94.76,1,1,1.000000
1460,49,134.87,179.99,277.39,95.28,1,1,1.000000
1460,44,1155.87,564.55,124.13,95.18,1,1,1.000000
1460,50,169.21,86.21,222.50,106.78,1,1,1.000000
1460,52,180.89,324.82,328.63,94.43,1,1,1.000000
1460,46,603.94,535.28,275.41,113.40,1,1,1.000000
1460,55,39.75,97.36,173.62,116.26,1,1,1.000000
1460,56,110.83,548.02,256.51,109.90,1,1,1.000000
1460,57,0.79,201.31,110.08,89.57,1,1,1.000000
1460,59,144.64,0.29,301.80,88.54,1,1,1.000000
1460,60,853.64,0.00,328.34,57.43,1,1,1.000000
1460,61,3.94,41.67,44.55,66.65,1,1,1.000000
1460,62,351.55,0.16,193.08,40.86,1,1,1.000000
1460,64,23.20,0.94,79.80,35.23,1,1,1.000000
1461,45,865.39,510.77,414.61,208.29,1,1,1.000000
1461,47,896.04,106.60,372.93,96.44,1,1,1.000000
1461,49,139.13,185.13,285.24,96.91,1,1,1.000000
1461,50,171.09,91.78,215.20,105.79,1,1,1.000000
1461,52,173.30,330.36,370.58,106.12,1,1,1.000000
1461,46,604.09,538.97,287.50,119.77,1,1,1.000000
1461,55,36.13,100.36,182.27,125.65,1,1,1.000000
1461,56,129.02,550.97,282.08,114.03,1,1,1.000000
1461,57,8.09,202.89,105.29,85.79,1,1,1.000000
1461,59,134.68,0.63,316.65,93.92,1,1,1.000000
1461,60,815.14,0.04,377.10,66.47,1,1,1.000000
1461,61,6.08,48.61,44.71,66.16,1,1,1.000000
1461,62,325.74,0.01,210.75,44.55,1,1,1.000000
1462,45,894.83,530.44,385.17,189.56,1,1,1.000000
1462,47,893.18,112.54,385.13,99.42,1,1,1.000000
1462,49,137.44,189.53,298.44,101.22,1,1,1.000000
1462,50,167.87,93.07,217.96,110.61,1,1,1.000000
1462,52,170.47,334.86,408.39,117.69,1,1,1.000000
1462,46,597.38,537.94,304.73,128.86,1,1,1.000000
1462,55,44.41,106.81,172.86,122.56,1,1,1.000000
1462,56,109.49,547.88,354.41,139.83,1,1,1.000000
1462,57,5.59,200.63,118.69,98.16,1,1,1.000000
1462,59,123.37,0.66,329.31,98.41,1,1,1.000000
1462,60,785.32,0.20,430.79,76.92,1,1,1.000000
1462,61,0.75,53.48,50.54,75.06,1,1,1.000000
1462,62,325.93,0.00,220.76,46.91,1,1,1.000000
1463,45,917.35,543.74,362.65,176.26,1,1,1.000000
1463,47,902.59,121.75,374.28,95.91,1,1,1.000000
1463,49,136.48,193.35,316.84,108.30,1,1,1.000000
1463,50,169.29,101.35,209.06,108.85,1,1,1.000000
1463,52,189.53,340.22,407.51,117.71,1,1,1.000000
1463,46,598.77,543.38,304.76,130.27,1,1,1.000000
1463,55,52.65,113.63,162.54,118.68,1,1,1.000000
1463,56,107.00,551.14,404.67,157.79,1,1,1.000000
1463,57,6.91,201.67,121.39,100.54,1,1,1.000000
1463,59,109.37,1.08,347.77,104.80,1,1,1.000000
1463,60,766.91,0.09,474.17,86.20,1,1,1.000000
1463,61,1.98,59.66,48.90,72.17,1,1,1.000000
1463,62,306.16,0.00,245.94,52.93,1,1,1.000000
1463,64,0.00,0.87,108.20,49.52,1,1,1.000000
1464,45,933.52,550.85,346.48,169.15,1,1,1.000000
1464,47,910.02,131.83,367.70,93.78,1,1,1.000000
1464,49,141.04,200.67,327.71,113.27,1,1,1.000000
1464,50,174.28,109.34,200.94,107.44,1,1,1.000000
1464,52,233.21,346.89,364.36,103.55,1,1,1.000000
1464,46,605.07,549.75,303.10,130.89,1,1,1.000000
1464,55,59.79,120.91,152.41,114.91,1,1,1.000000
1464,56,154.86,559.21,388.65,148.86,1,1,1.000000
1464,57,8.64,207.95,120.60,98.63,1,1,1.000000
1464,59,101.86,3.96,361.14,109.88,1,1,1.000000
1464,60,757.55,0.08,505.85,94.05,1,1,1.000000
1464,61,2.20,65.48,47.79,70.09,1,1,1.000000
1464,62,288.60,0.00,269.77,58.68,1,1,1.000000
1464,64,0.00,0.43,110.37,54.26,1,1,1.000000
1465,45,946.24,556.36,333.76,163.64,1,1,1.000000
1465,47,913.24,140.05,366.76,93.83,1,1,1.000000
1465,49,158.43,204.41,320.18,112.25,1,1,1.000000
1465,50,177.30,118.31,190.51,103.79,1,1,1.000000
1465,52,273.05,355.55,329.34,91.58,1,1,1.000000
1465,46,620.77,564.01,282.73,121.91,1,1,1.000000
1465,55,64.89,127.58,144.43,112.78,1,1,1.000000
1465,56,212.20,569.72,362.26,135.83,1,1,1.000000
1465,57,6.78,212.26,123.89,100.32,1,1,1.000000
1465,59,102.79,11.13,354.05,108.64,1,1,1.000000
1465,60,747.59,0.00,532.41,103.37,1,1,1.000000
1465,61,6.28,72.54,47.01,67.23,1,1,1.000000
1465,62,277.28,0.00,288.29,63.83,1,1,1.000000
1465,64,0.00,0.14,114.27,60.33,1,1,1.000000
1465,67,5.46,169.06,72.64,56.91,1,1,1.000000
1466,45,964.74,565.14,315.26,154.86,1,1,1.000000
1466,47,922.96,147.10,357.04,93.35,1,1,1.000000
1466,49,175.20,209.85,307.29,108.82,1,1,1.000000
1466,50,182.34,127.44,181.35,100.89,1,1,1.000000
1466,52,298.36,363.02,321.85,88.34,1,1,1.000000
1466,46,624.89,570.20,282.80,122.21,1,1,1.000000
1466,55,70.77,133.31,141.04,114.59,1,1,1.000000
1466,56,260.76,575.26,360.32,134.27,1,1,1.000000
1466,57,11.67,225.05,116.55,91.73,1,1,1.000000
1466,59,107.80,16.11,349.00,107.97,1,1,1.000000
1466,60,745.41,2.59,534.59,110.64,1,1,1.000000
1466,61,11.70,78.09,50.79,69.75,1,1,1.000000
1466,62,273.30,0.02,299.63,67.66,1,1,1.000000
1466,64,0.00,0.17,116.80,64.47,1,1,1.000000
1466,67,0.46,173.63,77.54,60.78,1,1,1.000000
1467,45,985.63,577.46,294.37,142.54,1,1,1.000000
1467,47,929.11,156.76,350.89,94.19,1,1,1.000000
1467,49,189.93,215.75,288.98,102.25,1,1,1.000000
1467,50,187.01,133.39,176.46,100.88,1,1,1.000000
1467,52,312.05,366.61,335.52,91.40,1,1,1.000000
1467,46,628.25,575.48,285.89,124.10,1,1,1.000000
1467,55,74.87,140.78,134.69,113.84,1,1,1.000000
1467,56,314.48,592.53,323.64,115.88,1,1,1.000000
1467,57,9.69,231.53,118.59,91.94,1,1,1.000000
1467,59,108.42,21.45,346.76,108.09,1,1,1.000000
1467,60,757.42,10.16,522.58,112.29,1,1,1.000000
1467,61,15.46,84.65,53.52,69.92,1,1,1.000000
1467,62,266.19,0.11,314.62,72.77,1,1,1.000000
1467,64,0.00,0.12,121.41,70.57,1,1,1.000000
1467,67,0.00,177.77,78.42,61.94,1,1,1.000000
1468,45,1010.41,593.85,269.59,126.15,1,1,1.000000
1468,47,935.24,166.01,344.76,96.21,1,1,1.000000
1468,49,214.98,222.29,255.68,88.48,1,1,1.000000
1468,50,191.16,136.94,173.35,102.02,1,1,1.000000
1468,52,316.27,369.74,358.14,97.20,1,1,1.000000
1468,46,627.49,579.54,298.50,130.88,1,1,1.000000
1468,55,76.71,146.39,132.90,117.30,1,1,1.000000
1468,56,348.78,605.03,319.98,110.72,1,1,1.000000
1468,57,10.92,238.86,120.30,91.23,1,1,1.000000
1468,59,104.69,23.60,353.99,111.39,1,1,1.000000
1468,60,776.66,22.24,503.34,111.23,1,1,1.000000
1468,61,21.32,92.64,62.85,77.33,1,1,1.000000
1468,62,259.60,0.42,331.67,78.86,1,1,1.000000
1468,64,0.00,0.04,122.01,74.71,1,1,1.000000
1468,67,0.00,183.36,79.57,64.28,1,1,1.000000
1469,45,1024.59,614.10,224.29,105.90,1,1,1.000000
1469,47,941.38,175.25,338.62,98.36,1,1,1.000000
1469,49,235.03,227.18,240.75,81.36,1,1,1.000000
1469,50,197.83,143.80,169.18,102.65,1,1,1.000000
1469,52,302.95,371.70,414.98,114.12,1,1,1.000000
1469,46,629.71,582.28,303.07,134.10,1,1,1.000000
1469,55,82.07,153.25,129.77,118.95,1,1,1.000000
1469,56,390.89,614.57,316.71,105.17,1,1,1.000000
1469,57,8.20,244.56,122.67,91.88,1,1,1.000000
1469,59,90.43,23.12,379.37,121.25,1,1,1.000000
1469,60,790.08,31.46,489.92,111.88,1,1,1.000000
1469,61,23.92,98.57,71.45,82.83,1,1,1.000000
1469,62,259.01,0.89,337.87,82.74,1,1,1.000000
1469,64,0.00,0.46,125.59,80.37,1,1,1.000000
1469,67,0.00,192.63,79.82,62.80,1,1,1.000000
1470,45,1039.20,641.19,165.39,78.81,1,1,1.000000
1470,47,942.69,180.60,337.31,104.61,1,1,1.000000
1470,49,256.94,232.17,234.71,78.01,1,1,1.000000
1470,50,197.64,143.14,174.83,110.30,1,1,1.000000
1470,52,309.18,372.54,459.64,129.57,1,1,1.000000
1470,46,634.76,587.10,300.45,132.90,1,1,1.000000
1470,55,86.27,158.73,127.98,121.08,1,1,1.000000
1470,56,429.31,620.03,317.76,99.97,1,1,1.000000
1470,57,3.61,249.75,127.18,95.08,1,1,1.000000
1470,59,87.61,26.24,385.66,125.10,1,1,1.000000
1470,60,805.91,43.81,474.09,111.15,1,1,1.000000
1470,61,21.26,107.51,85.68,95.86,1,1,1.000000
1470,62,253.86,0.35,352.29,89.23,1,1,1.000000
1470,64,0.00,0.62,128.49,88.71,1,1,1.000000
1471,45,1051.56,669.31,102.66,50.69,1,1,1.000000
1471,47,969.78,195.08,310.22,97.59,1,1,1.000000
1471,49,261.24,234.52,254.80,84.52,1,1,1.000000
1471,50,202.65,145.76,171.94,113.00,1,1,1.000000
1471,52,373.85,382.51,392.87,110.32,1,1,1.000000
1471,46,642.49,594.17,285.99,125.83,1,1,1.000000
1471,55,84.48,154.79,129.72,126.75,1,1,1.000000
1471,56,453.44,608.13,357.82,111.87,1,1,1.000000
1471,57,9.30,255.47,129.29,94.56,1,1,1.000000
1471,59,84.90,29.72,393.75,129.79,1,1,1.000000
1471,60,817.17,53.94,462.83,112.77,1,1,1.000000
1471,61,24.65,115.54,87.55,92.61,1,1,1.000000
1471,62,253.60,2.21,358.70,94.05,1,1,1.000000
1471,64,0.00,1.48,128.18,91.55,1,1,1.000000
1472,47,989.22,211.75,290.78,99.65,1,1,1.000000
1472,49,281.52,241.53,278.58,93.60,1,1,1.000000
1472,50,212.62,153.01,168.57,116.41,1,1,1.000000
1472,52,453.19,396.71,355.33,99.39,1,1,1.000000
1472,46,662.56,604.91,263.35,115.09,1,1,1.000000
1472,55,91.35,162.03,119.54,119.87,1,1,1.000000
1472,56,531.13,629.51,298.88,90.49,1,1,1.000000
1472,57,12.36,265.07,135.33,96.80,1,1,1.000000
1472,59,101.00,44.64,374.94,124.94,1,1,1.000000
1472,60,831.97,67.72,448.03,118.16,1,1,1.000000
1472,61,28.24,119.36,99.77,99.76,1,1,1.000000
1472,62,265.91,10.65,352.90,95.59,1,1,1.000000
1472,64,0.00,14.02,121.73,86.83,1,1,1.000000
1472,63,114.13,2.26,58.04,67.52,1,1,1.000000
1473,47,1004.50,224.30,275.50,102.11,1,1,1.000000
1473,49,315.45,245.10,260.05,87.02,1,1,1.000000
1473,50,219.25,156.48,168.91,122.71,1,1,1.000000
1473,52,491.51,405.41,360.78,100.80,1,1,1.000000
1473,46,671.33,607.67,257.02,112.33,1,1,1.000000
1473,55,94.26,171.05,110.98,114.10,1,1,1.000000
1473,56,575.00,642.97,255.52,77.03,1,1,1.000000
1473,57,11.99,271.37,141.27,99.24,1,1,1.000000
1473,59,115.20,58.57,359.76,121.00,1,1,1.000000
1473,60,852.23,82.25,427.77,118.41,1,1,1.000000
1473,61,33.40,124.91,107.33,100.26,1,1,1.000000
1473,62,281.26,17.43,344.05,96.25,1,1,1.000000
1473,64,0.00,21.82,115.60,85.34,1,1,1.000000
1473,68,903.69,0.00,357.22,53.63,1,1,1.000000
1473,63,110.83,4.75,61.08,66.83,1,1,1.000000
1474,47,1013.79,228.78,266.21,103.03,1,1,1.000000
1474,49,328.22,246.12,252.65,84.24,1,1,1.000000
1474,50,224.21,157.70,164.13,125.11,1,1,1.000000
1474,52,504.53,408.42,362.75,101.24,1,1,1.000000
1474,46,674.48,608.48,254.38,111.52,1,1,1.000000
1474,55,95.94,174.17,106.39,111.94,1,1,1.000000
1474,56,586.52,646.90,242.93,73.10,1,1,1.000000
1474,57,11.15,273.59,144.86,100.13,1,1,1.000000
1474,59,121.69,63.80,351.89,119.36,1,1,1.000000
1474,60,864.66,87.97,415.34,118.24,1,1,1.000000
1474,61,33.51,126.87,113.95,100.33,1,1,1.000000
1474,62,290.83,20.14,333.93,96.33,1,1,1.000000
1474,64,0.00,24.70,111.82,84.75,1,1,1.000000
1474,68,898.60,0.00,369.66,55.74,1,1,1.000000
1474,63,108.98,5.34,63.88,66.58,1,1,1.000000
1475,47,1033.60,244.18,246.40,96.41,1,1,1.000000
1475,49,376.67,256.27,222.72,72.13,1,1,1.000000
1475,50,233.45,165.86,153.15,123.88,1,1,1.000000
1475,52,562.29,419.23,366.11,102.01,1,1,1.000000
1475,46,667.80,617.04,238.70,102.96,1,1,1.000000
1475,55,112.72,218.19,75.74,75.91,1,1,1.000000
1475,57,12.36,280.34,144.28,97.72,1,1,1.000000
1475,59,134.54,74.80,334.77,113.27,1,1,1.000000
1475,60,877.40,101.24,402.60,122.29,1,1,1.000000
1475,61,44.57,139.33,122.31,98.56,1,1,1.000000
1475,62,333.13,40.33,280.93,82.73,1,1,1.000000
1475,64,0.00,40.66,110.05,84.44,1,1,1.000000
1475,68,832.54,0.10,447.46,73.81,1,1,1.000000
1475,63,102.45,7.99,70.82,70.45,1,1,1.000000
1476,47,1050.87,258.85,229.13,91.76,1,1,1.000000
1476,49,414.24,263.48,207.14,65.04,1,1,1.000000
1476,50,243.13,173.51,139.47,118.93,1,1,1.000000
1476,52,602.34,429.51,379.77,105.96,1,1,1.000000
1476,46,685.81,628.64,211.17,91.36,1,1,1.000000
1476,55,122.51,236.42,64.23,63.38,1,1,1.000000
1476,57,7.88,280.75,152.95,102.80,1,1,1.000000
1476,59,128.40,79.51,346.12,117.38,1,1,1.000000
1476,60,885.02,113.00,394.98,127.82,1,1,1.000000
1476,61,52.67,150.42,132.64,97.45,1,1,1.000000
1476,62,342.69,48.69,270.37,81.51,1,1,1.000000
1476,64,0.00,47.60,113.86,90.57,1,1,1.000000
1476,68,784.27,0.13,495.73,90.13,1,1,1.000000
1476,63,103.18,14.76,71.94,68.64,1,1,1.000000
1476,69,184.93,1.39,73.24,83.99,1,1,1.000000
1477,47,1071.72,272.00,208.28,86.21,1,1,1.000000
1477,49,426.36,268.37,223.15,69.13,1,1,1.000000
1477,50,250.46,176.76,126.50,112.66,1,1,1.000000
1477,52,640.17,439.31,398.03,111.30,1,1,1.000000
1477,46,700.94,641.78,181.20,78.22,1,1,1.000000
1477,57,5.47,282.44,158.12,105.66,1,1,1.000000
1477,59,146.16,85.11,342.12,116.75,1,1,1.000000
1477,60,898.75,125.26,381.25,130.36,1,1,1.000000
1477,61,56.19,153.65,152.40,103.49,1,1,1.000000
1477,62,352.38,57.90,255.12,77.91,1,1,1.000000
1477,64,0.00,51.96,111.21,88.37,1,1,1.000000
1477,68,755.41,0.08,524.59,103.43,1,1,1.000000
1477,63,103.15,22.73,74.81,69.49,1,1,1.000000
1477,69,181.81,2.87,75.94,86.92,1,1,1.000000
1478,47,1092.94,284.87,187.06,82.86,1,1,1.000000
1478,49,448.27,273.21,222.74,67.84,1,1,1.000000
1478,50,258.54,180.03,117.87,108.84,1,1,1.000000
1478,52,662.87,443.47,446.40,126.34,1,1,1.000000
1478,57,11.28,293.55,148.46,96.97,1,1,1.000000
1478,59,164.57,93.21,316.96,107.35,1,1,1.000000
1478,60,908.77,136.44,371.23,133.32,1,1,1.000000
1478,61,55.90,155.17,173.84,110.50,1,1,1.000000
1478,62,369.25,66.41,238.43,74.05,1,1,1.000000
1478,64,0.00,60.65,116.91,87.69,1,1,1.000000
1478,68,728.59,0.23,551.41,117.95,1,1,1.000000
1478,63,103.19,27.39,80.72,73.57,1,1,1.000000
1478,69,177.59,4.05,80.17,91.35,1,1,1.000000
1479,47,1102.55,289.01,177.45,81.72,1,1,1.000000
1479,49,454.35,274.73,224.79,67.45,1,1,1.000000
1479,50,262.50,181.05,112.48,107.43,1,1,1.000000
1479,52,673.07,445.01,461.63,132.10,1,1,1.000000
1479,57,12.84,297.62,145.82,93.36,1,1,1.000000
1479,59,171.18,96.02,307.96,103.59,1,1,1.000000
1479,60,917.48,140.60,362.52,134.36,1,1,1.000000
1479,61,52.46,155.57,188.55,113.25,1,1,1.000000
1479,62,376.68,69.38,229.95,72.54,1,1,1.000000
1479,64,0.00,63.84,118.25,87.35,1,1,1.000000
1479,68,725.66,0.29,554.34,123.91,1,1,1.000000
1479,63,102.80,29.04,83.73,75.07,1,1,1.000000
1479,69,176.09,4.38,81.87,92.75,1,1,1.000000
1480,47,1132.96,302.28,147.04,75.20,1,1,1.000000
1480,49,491.15,284.63,219.02,64.69,1,1,1.000000
1480,50,262.05,191.43,99.81,98.48,1,1,1.000000
1480,52,726.70,467.61,479.09,137.76,1,1,1.000000
1480,57,9.32,300.54,154.89,98.29,1,1,1.000000
1480,59,187.19,107.27,297.35,98.85,1,1,1.000000
1480,60,929.03,155.74,350.97,141.90,1,1,1.000000
1480,61,61.64,167.09,203.54,113.73,1,1,1.000000
1480,62,385.83,76.32,229.71,73.74,1,1,1.000000
1480,64,0.00,68.20,117.60,87.53,1,1,1.000000
1480,68,700.60,1.68,579.40,143.53,1,1,1.000000
1480,63,103.76,39.39,83.89,74.01,1,1,1.000000
1480,69,189.49,29.83,68.97,77.07,1,1,1.000000
1481,47,1145.85,312.91,134.15,76.68,1,1,1.000000
1481,49,515.19,291.11,222.31,65.15,1,1,1.000000
1481,52,768.53,490.32,500.72,145.04,1,1,1.000000
1481,57,1.19,301.26,172.89,110.26,1,1,1.000000
1481,59,214.24,119.43,277.73,91.05,1,1,1.000000
1481,60,938.08,165.71,341.92,146.71,1,1,1.000000
1481,61,70.13,171.41,218.01,112.67,1,1,1.000000
1481,62,386.29,80.58,231.09,75.20,1,1,1.000000
1481,64,0.58,71.81,118.72,87.72,1,1,1.000000
1481,68,723.06,14.52,556.94,147.83,1,1,1.000000
1481,63,106.14,50.22,81.98,69.58,1,1,1.000000
1481,69,195.25,42.77,63.45,69.70,1,1,1.000000
1481,73,246.15,0.15,90.16,68.80,1,1,1.000000
1481,74,7.00,0.04,78.98,42.77,1,1,1.000000
1481,75,164.65,0.17,74.50,44.11,1,1,1.000000
1481,76,397.86,0.12,54.44,56.76,1,1,1.000000
1481,77,317.79,0.07,62.54,66.24,1,1,1.000000
1481,55,88.29,282.49,101.76,103.57,1,1,1.000000
1482,47,1153.21,316.34,126.79,77.21,1,1,1.000000
1482,49,522.59,293.24,224.57,65.36,1,1,1.000000
1482,52,785.35,499.11,494.65,147.83,1,1,1.000000
1482,57,0.00,301.52,177.53,114.76,1,1,1.000000
1482,59,222.88,123.51,272.59,88.27,1,1,1.000000
1482,60,947.31,169.42,332.69,148.50,1,1,1.000000
1482,61,69.04,172.86,231.81,112.14,1,1,1.000000
1482,62,387.23,82.01,229.85,75.74,1,1,1.000000
1482,64,3.02,73.04,116.11,87.65,1,1,1.000000
1482,68,745.36,20.21,534.64,149.16,1,1,1.000000
1482,63,106.30,54.11,82.73,67.91,1,1,1.000000
1482,69,196.57,46.32,62.66,67.61,1,1,1.000000
1482,73,245.70,0.15,91.20,69.77,1,1,1.000000
1482,74,6.05,0.00,80.32,43.50,1,1,1.000000
1482,75,164.74,0.10,75.71,45.00,1,1,1.000000
1482,76,397.60,0.07,55.14,57.59,1,1,1.000000
1482,77,316.86,0.00,63.90,67.49,1,1,1.000000
1482,55,86.47,286.27,102.84,107.48,1,1,1.000000
1483,49,560.91,302.08,246.87,72.03,1,1,1.000000
1483,52,805.89,513.48,474.11,170.03,1,1,1.000000
1483,57,0.00,306.67,187.27,124.51,1,1,1.000000
1483,59,261.05,137.59,257.83,83.01,1,1,1.000000
1483,60,966.11,187.59,313.89,146.66,1,1,1.000000
1483,61,100.93,192.39,246.25,109.16,1,1,1.000000
1483,62,375.38,88.88,245.22,81.03,1,1,1.000000
1483,64,11.53,79.07,115.16,89.69,1,1,1.000000
1483,68,800.70,46.03,479.30,140.79,1,1,1.000000
1483,63,109.38,62.29,88.22,72.34,1,1,1.000000
1483,69,193.66,52.06,67.20,70.49,1,1,1.000000
1483,73,246.27,0.31,102.34,78.72,1,1,1.000000
1483,74,0.00,0.21,96.40,54.58,1,1,1.000000
1483,75,157.97,0.09,90.65,54.50,1,1,1.000000
1483,76,404.73,0.31,59.47,62.49,1,1,1.000000
1483,77,323.08,5.46,72.22,76.84,1,1,1.000000
1483,67,0.00,277.59,119.75,105.58,1,1,1.000000
1484,49,590.43,311.59,255.32,74.90,1,1,1.000000
1484,52,832.32,526.11,447.68,180.41,1,1,1.000000
1484,57,0.00,311.60,193.97,127.33,1,1,1.000000
1484,59,276.20,143.92,250.35,79.73,1,1,1.000000
1484,60,986.36,201.17,293.64,144.61,1,1,1.000000
1484,61,133.91,204.28,266.73,111.85,1,1,1.000000
1484,62,391.09,95.04,245.32,82.48,1,1,1.000000
1484,64,20.20,84.46,108.63,87.04,1,1,1.000000
1484,68,832.13,63.23,447.87,140.26,1,1,1.000000
1484,63,111.66,66.40,89.21,73.35,1,1,1.000000
1484,69,195.97,59.59,68.30,69.72,1,1,1.000000
1484,73,259.39,0.00,116.89,89.30,1,1,1.000000
1484,74,0.00,0.22,103.67,62.39,1,1,1.000000
1484,75,155.77,0.17,97.43,59.44,1,1,1.000000
1484,76,410.73,1.12,63.86,66.81,1,1,1.000000
1484,78,140.58,124.89,129.96,93.81,1,1,1.000000
1484,79,0.00,171.03,72.43,93.24,1,1,1.000000
1484,67,0.22,276.04,145.34,116.54,1,1,1.000000
1485,49,601.33,315.11,258.57,76.24,1,1,1.000000
1485,52,848.60,531.02,431.40,184.84,1,1,1.000000
1485,57,2.35,313.42,193.56,128.38,1,1,1.000000
1485,59,280.02,145.74,249.83,78.81,1,1,1.000000
1485,60,998.73,205.95,281.27,143.74,1,1,1.000000
1485,61,141.77,208.53,282.35,112.87,1,1,1.000000
1485,62,398.53,97.19,243.20,83.11,1,1,1.000000
1485,64,24.26,86.36,104.32,85.80,1,1,1.000000
1485,68,855.15,69.87,424.85,139.76,1,1,1.000000
1485,63,112.61,67.79,89.42,73.71,1,1,1.000000
1485,69,196.16,61.97,69.95,69.57,1,1,1.000000
1485,73,264.06,0.00,122.87,93.08,1,1,1.000000
1485,74,0.00,0.22,106.16,65.46,1,1,1.000000
1485,75,155.65,0.21,98.58,61.19,1,1,1.000000
1485,76,412.71,1.36,65.62,68.32,1,1,1.000000
1485,78,138.74,125.23,131.32,94.59,1,1,1.000000
1485,79,0.00,171.11,72.77,94.90,1,1,1.000000
1485,67,4.55,275.00,153.06,121.37,1,1,1.000000
1486,49,618.33,319.58,263.08,78.09,1,1,1.000000
1486,52,885.40,544.03,394.60,175.97,1,1,1.000000
1486,57,7.83,316.61,191.98,129.00,1,1,1.000000
1486,59,272.25,146.53,262.58,82.22,1,1,1.000000
1486,60,1014.89,214.97,265.11,140.49,1,1,1.000000
1486,61,156.28,211.49,302.38,116.73,1,1,1.000000
1486,62,406.74,100.35,241.91,83.84,1,1,1.000000
1486,64,30.01,92.61,98.25,82.05,1,1,1.000000
1486,68,898.18,81.67,381.82,131.48,1,1,1.000000
1486,63,111.63,70.13,91.93,76.70,1,1,1.000000
1486,69,201.45,64.79,71.40,69.90,1,1,1.000000
1486,73,265.28,0.16,125.86,94.78,1,1,1.000000
1486,74,0.00,0.09,110.93,71.06,1,1,1.000000
1486,75,157.42,0.27,98.35,62.42,1,1,1.000000
1486,76,413.29,0.32,70.59,72.62,1,1,1.000000
1486,78,135.66,127.03,136.25,98.18,1,1,1.000000
1486,79,0.00,173.59,74.60,97.11,1,1,1.000000
1486,67,0.00,276.37,145.12,121.01,1,1,1.000000
1487,49,634.60,325.73,294.68,88.94,1,1,1.000000
1487,52,968.52,579.71,311.48,140.29,1,1,1.000000
1487,57,12.81,323.12,174.17,119.29,1,1,1.000000
1487,59,284.34,155.62,260.16,80.76,1,1,1.000000
1487,60,1043.03,236.20,236.97,131.38,1,1,1.000000
1487,61,190.69,218.24,316.04,116.85,1,1,1.000000
1487,62,434.50,111.02,221.40,77.32,1,1,1.000000
1487,64,38.31,97.24,89.54,75.57,1,1,1.000000
1487,68,956.09,100.15,323.91,119.49,1,1,1.000000
1487,63,127.91,76.80,83.10,70.19,1,1,1.000000
1487,69,210.20,70.63,73.45,72.55,1,1,1.000000
1487,73,256.35,0.45,137.55,105.35,1,1,1.000000
1487,74,0.00,0.03,119.98,76.39,1,1,1.000000
1487,75,158.28,0.09,102.64,66.86,1,1,1.000000
1487,76,417.15,0.33,73.78,74.23,1,1,1.000000
1487,78,140.15,133.03,138.94,100.12,1,1,1.000000
1487,79,0.00,178.09,79.06,98.82,1,1,1.000000
1487,67,0.00,276.57,137.03,118.16,1,1,1.000000
1487,77,324.42,2.29,96.11,104.72,1,1,1.000000
1488,49,654.30,329.48,321.25,99.55,1,1,1.000000
1488,52,1049.00,610.30,231.00,109.70,1,1,1.000000
1488,57,15.51,325.91,159.71,110.69,1,1,1.000000
1488,59,287.46,158.01,269.85,83.26,1,1,1.000000
1488,60,1074.40,255.78,205.60,115.83,1,1,1.000000
1488,61,222.19,229.09,321.76,113.49,1,1,1.000000
1488,62,457.40,120.55,204.40,71.76,1,1,1.000000
1488,64,45.13,100.18,85.54,72.86,1,1,1.000000
1488,68,1004.91,113.91,275.09,108.49,1,1,1.000000
1488,63,137.58,79.63,80.37,69.12,1,1,1.000000
1488,69,215.79,73.81,75.25,75.61,1,1,1.000000
1488,73,255.87,0.76,143.95,112.38,1,1,1.000000
1488,74,0.00,0.10,125.42,81.76,1,1,1.000000
1488,75,158.85,0.34,108.37,72.46,1,1,1.000000
1488,76,417.94,0.24,79.21,77.87,1,1,1.000000
1488,78,150.33,136.70,138.78,99.99,1,1,1.000000
1488,79,0.71,182.22,81.51,98.77,1,1,1.000000
1488,67,6.08,278.68,123.97,105.88,1,1,1.000000
1488,81,9.40,501.45,60.45,72.70,1,1,1.000000
1488,82,117.03,256.43,105.16,93.25,1,1,1.000000
1488,77,326.94,1.29,98.84,110.47,1,1,1.000000
1489,49,674.61,336.49,330.59,104.93,1,1,1.000000
1489,52,1110.20,633.06,169.80,86.94,1,1,1.000000
1489,57,35.62,330.57,142.04,96.45,1,1,1.000000
1489,59,292.06,161.64,279.76,86.25,1,1,1.000000
1489,60,1113.01,273.86,166.99,92.72,1,1,1.000000
1489,61,264.82,235.76,335.25,115.80,1,1,1.000000
1489,62,471.92,127.26,199.07,70.55,1,1,1.000000
1489,64,46.38,102.85,88.97,77.04,1,1,1.000000
1489,68,1045.43,127.49,234.57,101.63,1,1,1.000000
1489,63,140.38,81.04,81.86,72.48,1,1,1.000000
1489,69,218.46,78.07,76.23,77.89,1,1,1.000000
1489,73,254.37,0.81,147.69,118.35,1,1,1.000000
1489,74,0.00,0.04,125.47,83.38,1,1,1.000000
1489,75,159.74,0.43,107.76,74.05,1,1,1.000000
1489,76,414.21,0.31,83.26,79.77,1,1,1.000000
1489,78,151.91,137.43,142.76,102.98,1,1,1.000000
1489,79,0.15,185.83,82.69,100.38,1,1,1.000000
1489,67,10.13,282.55,117.56,101.02,1,1,1.000000
1489,81,16.09,497.51,66.30,78.88,1,1,1.000000
1489,82,130.91,254.13,109.95,96.23,1,1,1.000000
1489,77,329.74,1.31,100.22,114.78,1,1,1.000000
1490,49,684.26,339.13,330.07,107.13,1,1,1.000000
1490,52,1128.92,639.13,151.08,80.87,1,1,1.000000
1490,57,42.38,332.01,136.72,91.18,1,1,1.000000
1490,59,293.43,162.83,283.69,87.40,1,1,1.000000
1490,60,1127.04,279.16,152.96,84.65,1,1,1.000000
1490,61,278.26,238.06,344.00,116.63,1,1,1.000000
1490,62,477.36,129.47,196.20,70.13,1,1,1.000000
1490,64,47.22,103.75,89.31,78.51,1,1,1.000000
1490,68,1065.86,131.97,214.14,99.13,1,1,1.000000
1490,63,142.03,81.48,81.04,73.72,1,1,1.000000
1490,69,219.72,79.50,75.88,78.78,1,1,1.000000
1490,73,254.90,0.82,146.56,120.57,1,1,1.000000
1490,74,0.00,0.01,124.59,83.88,1,1,1.000000
1490,75,161.06,0.47,105.48,74.53,1,1,1.000000
1490,76,411.97,0.33,86.04,80.41,1,1,1.000000
1490,78,152.46,137.60,143.96,103.97,1,1,1.000000
1490,79,0.00,187.03,82.93,100.92,1,1,1.000000
1490,67,11.55,283.85,114.81,99.26,1,1,1.000000
1490,81,18.04,496.12,69.18,81.06,1,1,1.000000
1490,82,135.52,253.31,113.21,97.27,1,1,1.000000
1490,77,331.54,1.27,99.19,116.39,1,1,1.000000
1491,49,714.90,353.46,333.74,110.61,1,1,1.000000
1491,57,47.40,335.94,135.03,88.54,1,1,1.000000
1491,59,307.67,168.80,284.80,87.91,1,1,1.000000
1491,60,1159.73,301.32,120.27,72.57,1,1,1.000000
1491,61,324.72,253.51,336.23,111.38,1,1,1.000000
1491,62,490.13,136.16,192.52,69.17,1,1,1.000000
1491,64,49.09,108.90,92.66,83.26,1,1,1.000000
1491,63,151.64,88.10,76.85,71.92,1,1,1.000000
1491,69,223.58,85.74,73.45,76.11,1,1,1.000000
1491,73,247.47,1.34,148.69,126.83,1,1,1.000000
1491,74,0.00,0.04,130.24,90.06,1,1,1.000000
1491,75,165.51,0.46,107.76,78.60,1,1,1.000000
1491,76,414.87,7.21,87.12,79.40,1,1,1.000000
1491,78,156.61,145.50,148.38,108.25,1,1,1.000000
1491,79,0.00,191.44,82.75,101.43,1,1,1.000000
1491,67,0.00,288.87,120.03,105.81,1,1,1.000000
1491,81,30.99,499.62,93.83,107.04,1,1,1.000000
1491,82,132.65,259.06,118.64,99.39,1,1,1.000000
1491,77,329.99,3.48,103.44,125.24,1,1,1.000000
1491,50,288.41,221.86,115.76,108.26,1,1,1.000000
1492,49,743.41,367.52,336.32,113.94,1,1,1.000000
1492,57,43.94,340.46,136.43,86.99,1,1,1.000000
1492,59,325.05,172.96,276.24,84.97,1,1,1.000000
1492,60,1181.90,314.23,98.10,60.82,1,1,1.000000
1492,61,371.10,263.02,340.72,111.63,1,1,1.000000
1492,62,497.00,138.66,196.16,70.70,1,1,1.000000
1492,64,51.55,112.67,91.63,83.71,1,1,1.000000
1492,63,157.64,92.42,73.61,70.29,1,1,1.000000
1492,69,224.92,88.92,72.13,74.24,1,1,1.000000
1492,73,243.56,3.02,147.31,130.66,1,1,1.000000
1492,74,0.00,0.27,137.60,93.99,1,1,1.000000
1492,75,166.73,0.22,109.90,82.75,1,1,1.000000
1492,76,415.51,12.37,90.01,79.94,1,1,1.000000
1492,78,157.85,149.17,155.06,114.64,1,1,1.000000
1492,79,0.00,195.01,83.88,103.49,1,1,1.000000
1492,67,0.00,293.06,118.18,107.67,1,1,1.000000
1492,81,44.01,500.70,103.41,112.50,1,1,1.000000
1492,82,141.21,265.85,118.23,94.30,1,1,1.000000
1492,77,329.62,6.86,101.70,127.81,1,1,1.000000
1492,50,296.50,221.25,105.50,86.11,1,1,1.000000
1493,49,756.02,372.91,333.06,115.16,1,1,1.000000
1493,57,41.75,342.01,139.00,86.49,1,1,1.000000
1493,59,331.08,174.31,273.35,83.82,1,1,1.000000
1493,60,1188.51,317.11,91.49,57.76,1,1,1.000000
1493,61,386.24,266.19,344.64,111.83,1,1,1.000000
1493,62,499.46,139.42,197.21,71.29,1,1,1.000000
1493,64,52.77,113.86,90.50,83.96,1,1,1.000000
1493,63,160.00,93.84,71.70,69.78,1,1,1.000000
1493,69,225.13,89.88,71.92,73.57,1,1,1.000000
1493,73,243.61,3.70,143.18,132.00,1,1,1.000000
1493,74,0.00,0.37,139.11,95.41,1,1,1.000000
1493,75,168.34,0.12,108.51,84.27,1,1,1.000000
1493,76,415.03,14.28,92.37,80.10,1,1,1.000000
1493,78,158.87,150.48,156.27,117.09,1,1,1.000000
1493,79,0.00,196.21,84.18,104.20,1,1,1.000000
1493,67,0.00,294.61,116.97,108.17,1,1,1.000000
1493,81,47.80,501.27,110.23,114.07,1,1,1.000000
1493,82,142.02,268.26,121.96,92.37,1,1,1.000000
1493,77,330.47,8.11,98.72,128.69,1,1,1.000000
1493,50,298.65,220.98,102.77,75.85,1,1,1.000000
1493,85,124.14,0.47,61.62,38.32,1,1,1.000000
1494,49,781.12,384.08,356.49,126.38,1,1,1.000000
1494,57,27.14,345.58,151.93,92.16,1,1,1.000000
1494,59,347.49,180.80,276.90,85.41,1,1,1.000000
1494,60,1201.84,329.52,78.16,57.13,1,1,1.000000
1494,61,415.19,270.28,374.45,121.89,1,1,1.000000
1494,62,508.89,143.90,196.99,71.32,1,1,1.000000
1494,64,57.73,115.13,89.44,83.77,1,1,1.000000
1494,63,161.04,97.17,72.10,72.18,1,1,1.000000
1494,69,229.74,93.91,70.86,72.41,1,1,1.000000
1494,73,241.87,8.35,138.83,133.97,1,1,1.000000
1494,74,0.00,0.27,144.34,100.89,1,1,1.000000
1494,75,170.40,0.03,108.51,87.40,1,1,1.000000
1494,76,416.98,19.44,95.57,81.02,1,1,1.000000
1494,78,166.03,152.93,148.21,111.94,1,1,1.000000
1494,79,0.00,198.28,83.72,108.22,1,1,1.000000
1494,67,0.45,294.49,115.50,103.27,1,1,1.000000
1494,81,62.13,505.24,119.19,114.20,1,1,1.000000
1494,82,140.26,270.79,126.73,90.88,1,1,1.000000
1494,77,329.71,7.38,100.08,136.75,1,1,1.000000
1494,50,290.40,224.14,107.40,67.49,1,1,1.000000
1494,85,124.75,0.19,67.76,42.27,1,1,1.000000
1495,49,800.26,391.10,377.58,137.25,1,1,1.000000
1495,57,22.87,349.10,158.23,94.02,1,1,1.000000
1495,59,371.27,185.57,266.99,83.01,1,1,1.000000
1495,61,440.84,278.31,396.15,129.42,1,1,1.000000
1495,62,515.30,145.98,201.64,73.21,1,1,1.000000
1495,64,59.99,118.32,86.13,81.18,1,1,1.000000
1495,63,167.69,103.94,67.65,70.06,1,1,1.000000
1495,69,230.24,96.22,75.22,76.99,1,1,1.000000
1495,73,242.13,10.89,134.66,136.55,1,1,1.000000
1495,74,0.00,0.17,146.93,104.30,1,1,1.000000
1495,75,172.98,0.15,109.54,91.68,1,1,1.000000
1495,76,416.09,21.97,99.38,82.56,1,1,1.000000
1495,78,168.07,154.82,146.23,111.40,1,1,1.000000
1495,79,0.00,200.30,84.66,111.48,1,1,1.000000
1495,67,0.00,297.87,123.99,122.38,1,1,1.000000
1495,81,72.89,508.84,127.84,111.93,1,1,1.000000
1495,82,133.19,272.73,136.52,93.40,1,1,1.000000
1495,77,330.52,7.48,100.18,143.01,1,1,1.000000
1495,50,292.87,226.21,120.86,71.02,1,1,1.000000
1495,85,126.61,0.41,71.03,44.50,1,1,1.000000
1496,49,820.90,398.69,388.11,144.55,1,1,1.000000
1496,57,17.53,350.80,167.51,98.26,1,1,1.000000
1496,59,385.16,191.61,258.94,80.43,1,1,1.000000
1496,61,461.52,287.48,417.33,137.53,1,1,1.000000
1496,62,525.60,149.98,202.60,73.96,1,1,1.000000
1496,64,61.46,120.23,85.03,80.61,1,1,1.000000
1496,69,219.34,99.78,82.07,78.34,1,1,1.000000
1496,73,243.26,10.90,131.76,140.53,1,1,1.000000
1496,74,0.00,0.23,144.66,105.09,1,1,1.000000
1496,75,177.38,0.27,107.72,93.74,1,1,1.000000
1496,76,411.57,21.14,104.84,85.82,1,1,1.000000
1496,78,167.47,156.15,147.64,113.71,1,1,1.000000
1496,79,0.00,202.05,86.97,114.70,1,1,1.000000
1496,67,0.00,333.47,93.26,95.89,1,1,1.000000
1496,81,77.50,507.58,145.31,117.12,1,1,1.000000
1496,82,129.62,275.84,143.85,93.89,1,1,1.000000
1496,77,335.87,12.97,89.10,131.25,1,1,1.000000
1496,50,293.92,230.21,128.92,71.55,1,1,1.000000
1496,85,125.24,1.37,71.73,45.00,1,1,1.000000
1497,49,864.24,427.01,391.69,149.78,1,1,1.000000
1497,57,5.63,353.69,191.02,112.62,1,1,1.000000
1497,59,394.87,196.28,267.76,83.62,1,1,1.000000
1497,61,502.85,300.56,453.79,152.44,1,1,1.000000
1497,62,539.16,157.93,206.93,75.99,1,1,1.000000
1497,64,65.05,131.48,78.86,74.25,1,1,1.000000
1497,69,216.64,107.52,84.11,75.61,1,1,1.000000
1497,73,246.15,14.58,128.39,144.41,1,1,1.000000
1497,74,0.00,0.30,143.71,107.41,1,1,1.000000
1497,75,178.66,2.41,107.51,97.13,1,1,1.000000
1497,76,407.39,23.58,112.06,89.70,1,1,1.000000
1497,78,172.05,164.02,140.28,108.27,1,1,1.000000
1497,79,0.00,205.56,91.44,120.44,1,1,1.000000
1497,81,95.25,518.25,153.39,109.10,1,1,1.000000
1497,82,129.45,281.73,142.13,87.80,1,1,1.000000
1497,77,336.79,21.67,84.91,130.45,1,1,1.000000
1497,50,287.12,235.50,140.40,74.05,1,1,1.000000
1497,85,126.13,0.35,76.90,48.92,1,1,1.000000
1498,49,883.78,438.23,387.44,151.82,1,1,1.000000
1498,57,1.47,354.78,199.24,118.00,1,1,1.000000
1498,59,398.59,197.88,270.12,84.78,1,1,1.000000
1498,61,521.33,305.60,462.81,158.24,1,1,1.000000
1498,62,544.45,160.85,207.79,76.72,1,1,1.000000
1498,64,66.15,135.59,76.73,71.81,1,1,1.000000
1498,69,214.29,110.31,87.31,74.53,1,1,1.000000
1498,73,249.23,16.01,123.11,145.80,1,1,1.000000
1498,74,0.00,0.34,142.07,108.22,1,1,1.000000
1498,75,180.28,3.25,105.06,98.37,1,1,1.000000
1498,76,405.02,24.49,116.21,91.16,1,1,1.000000
1498,78,173.81,166.95,137.13,106.05,1,1,1.000000
1498,79,0.00,206.86,92.94,122.60,1,1,1.000000
1498,81,97.43,522.59,165.08,105.37,1,1,1.000000
1498,82,127.14,283.81,145.59,85.48,1,1,1.000000
1498,77,338.11,24.83,81.35,130.09,1,1,1.000000
1498,50,282.70,237.34,148.28,75.00,1,1,1.000000
1498,85,126.89,0.00,77.81,50.26,1,1,1.000000
1499,49,915.35,458.54,364.65,153.90,1,1,1.000000
1499,57,0.26,362.88,209.80,125.67,1,1,1.000000
1499,59,413.86,204.52,276.38,87.63,1,1,1.000000
1499,61,559.57,311.27,499.32,174.89,1,1,1.000000
1499,62,567.77,172.75,198.63,73.50,1,1,1.000000
1499,64,64.83,137.94,79.95,74.77,1,1,1.000000
1499,69,212.73,115.62,90.83,74.04,1,1,1.000000
1499,73,258.64,21.75,104.75,128.75,1,1,1.000000
1499,74,0.00,0.36,138.88,112.38,1,1,1.000000
1499,75,185.55,10.76,99.00,96.27,1,1,1.000000
1499,76,392.32,26.31,127.62,97.12,1,1,1.000000
1499,78,174.29,167.74,137.94,106.63,1,1,1.000000
1499,79,0.00,212.17,95.53,128.67,1,1,1.000000
1499,81,109.20,531.90,188.78,107.87,1,1,1.000000
1499,82,119.32,291.61,170.68,97.63,1,1,1.000000
1499,50,290.11,242.47,142.98,67.87,1,1,1.000000
1499,85,133.94,0.00,84.76,54.54,1,1,1.000000
1500,49,951.38,482.19,328.62,148.50,1,1,1.000000
1500,57,4.45,366.07,213.47,129.76,1,1,1.000000
1500,59,424.18,211.75,282.02,90.41,1,1,1.000000
1500,61,595.44,322.12,522.73,187.10,1,1,1.000000
1500,62,590.77,182.79,188.20,69.79,1,1,1.000000
1500,64,64.41,140.39,82.06,76.64,1,1,1.000000
1500,69,212.66,120.81,92.00,71.77,1,1,1.000000
1500,73,262.46,24.63,97.64,124.56,1,1,1.000000
1500,74,0.00,0.39,140.40,118.72,1,1,1.000000
1500,75,187.12,14.71,95.99,97.12,1,1,1.000000
1500,76,387.68,30.66,135.46,99.69,1,1,1.000000
1500,78,173.83,171.45,141.00,108.70,1,1,1.000000
1500,79,0.00,216.17,95.97,130.70,1,1,1.000000
1500,81,112.82,535.60,216.74,112.39,1,1,1.000000
1500,82,116.73,295.54,180.69,100.46,1,1,1.000000
1500,50,281.91,246.85,146.09,66.18,1,1,1.000000
1500,85,133.33,0.05,94.22,61.02,1,1,1.000000
1500,90,0.89,378.84,57.61,78.10,1,1,1.000000
1501,49,999.48,512.28,280.52,134.45,1,1,1.000000
1501,57,15.83,370.85,206.74,127.29,1,1,1.000000
1501,59,435.48,220.08,283.02,91.90,1,1,1.000000
1501,61,633.88,340.54,528.89,192.66,1,1,1.000000
1501,62,596.32,188.81,193.25,71.80,1,1,1.000000
1501,64,62.44,138.28,87.32,81.97,1,1,1.000000
1501,69,212.69,124.87,85.95,63.88,1,1,1.000000
1501,73,267.28,27.47,92.19,120.48,1,1,1.000000
1501,74,0.00,0.87,142.25,124.15,1,1,1.000000
1501,75,189.24,18.86,92.55,97.42,1,1,1.000000
1501,76,412.19,44.47,126.36,92.04,1,1,1.000000
1501,78,177.98,174.19,138.35,106.34,1,1,1.000000
1501,79,0.00,220.69,96.28,133.53,1,1,1.000000
1501,81,111.17,538.35,249.27,119.31,1,1,1.000000
1501,82,119.27,301.00,182.05,98.09,1,1,1.000000
1501,50,279.45,251.48,156.09,67.53,1,1,1.000000
1501,85,135.35,0.09,97.31,63.42,1,1,1.000000
1501,90,2.38,384.33,55.07,74.56,1,1,1.000000
1501,77,359.22,33.27,67.87,107.84,1,1,1.000000
1502,49,1018.90,532.69,261.10,137.28,1,1,1.000000
1502,57,32.33,377.98,188.59,116.54,1,1,1.000000
1502,59,451.15,230.16,273.65,89.35,1,1,1.000000
1502,61,667.92,361.09,538.67,199.42,1,1,1.000000
1502,62,617.35,200.85,178.19,65.57,1,1,1.000000
1502,64,68.44,149.29,80.65,74.63,1,1,1.000000
1502,69,214.42,127.10,80.77,56.70,1,1,1.000000
1502,73,273.61,36.75,83.02,109.54,1,1,1.000000
1502,74,0.00,3.70,144.37,128.48,1,1,1.000000
1502,75,191.28,20.91,89.42,98.08,1,1,1.000000
1502,76,426.09,58.00,119.61,85.68,1,1,1.000000
1502,78,180.17,178.07,138.04,105.42,1,1,1.000000
1502,79,0.00,224.77,99.78,142.06,1,1,1.000000
1502,81,93.02,543.09,314.39,143.85,1,1,1.000000
1502,82,119.71,306.52,187.13,98.29,1,1,1.000000
1502,50,282.15,257.49,158.63,65.10,1,1,1.000000
1502,85,135.64,0.26,100.14,65.82,1,1,1.000000
1502,90,0.00,391.20,52.65,73.10,1,1,1.000000
1502,77,359.93,38.08,63.30,100.17,1,1,1.000000
1503,49,1051.21,546.91,228.79,127.66,1,1,1.000000
1503,57,43.09,380.87,178.03,110.37,1,1,1.000000
1503,59,464.34,238.51,267.23,87.46,1,1,1.000000
1503,61,706.30,382.41,542.74,203.30,1,1,1.000000
1503,62,626.12,203.20,188.70,69.67,1,1,1.000000
1503,64,68.63,152.68,82.21,75.46,1,1,1.000000
1503,69,211.08,131.90,86.37,58.84,1,1,1.000000
1503,73,274.45,37.79,85.84,115.61,1,1,1.000000
1503,74,0.00,2.53,148.35,136.10,1,1,1.000000
1503,75,188.53,17.12,93.00,107.03,1,1,1.000000
1503,76,424.38,63.10,126.73,88.97,1,1,1.000000
1503,78,185.55,181.93,141.74,108.49,1,1,1.000000
1503,79,0.00,228.75,101.98,148.17,1,1,1.000000
1503,81,108.68,554.96,330.77,143.62,1,1,1.000000
1503,82,123.29,311.00,187.76,96.13,1,1,1.000000
1503,50,285.74,262.90,158.07,61.33,1,1,1.000000
1503,85,132.55,0.41,105.72,70.67,1,1,1.000000
1503,90,0.00,392.25,57.65,79.62,1,1,1.000000
1503,77,359.55,42.51,69.05,110.25,1,1,1.000000
1504,57,49.06,386.04,168.06,104.87,1,1,1.000000
1504,59,470.54,244.65,276.18,91.20,1,1,1.000000
1504,61,721.91,402.71,558.09,231.23,1,1,1.000000
1504,62,635.24,212.19,191.53,70.56,1,1,1.000000
1504,64,67.01,153.95,87.81,80.87,1,1,1.000000
1504,69,205.22,135.86,98.32,66.82,1,1,1.000000
1504,73,274.13,41.44,87.81,121.34,1,1,1.000000
1504,74,0.00,2.71,157.06,142.16,1,1,1.000000
1504,75,189.34,20.68,88.55,106.60,1,1,1.000000
1504,76,418.54,66.63,138.23,94.94,1,1,1.000000
1504,78,182.36,188.78,149.73,115.15,1,1,1.000000
1504,79,0.00,233.91,104.31,153.61,1,1,1.000000
1504,81,153.93,566.21,310.78,126.35,1,1,1.000000
1504,82,127.93,317.53,183.95,91.42,1,1,1.000000
1504,50,287.87,268.65,163.85,60.61,1,1,1.000000
1504,85,128.08,0.95,115.11,78.94,1,1,1.000000
1504,90,2.21,394.07,62.50,84.51,1,1,1.000000
1504,77,361.54,47.00,70.04,111.94,1,1,1.000000
1505,57,52.54,391.58,162.42,101.98,1,1,1.000000
1505,59,486.43,252.40,275.59,91.89,1,1,1.000000
1505,61,738.14,417.53,541.86,246.92,1,1,1.000000
1505,62,646.30,220.43,193.60,71.09,1,1,1.000000
1505,64,65.92,163.28,86.56,78.62,1,1,1.000000
1505,69,204.02,140.27,103.83,70.43,1,1,1.000000
1505,73,274.62,46.24,91.76,130.50,1,1,1.000000
1505,74,1.54,8.42,149.68,136.19,1,1,1.000000
1505,75,191.41,26.12,82.88,104.51,1,1,1.000000
1505,76,416.00,75.65,142.14,94.31,1,1,1.000000
1505,78,197.98,194.02,137.64,105.27,1,1,1.000000
1505,79,0.00,240.15,105.74,156.60,1,1,1.000000
1505,81,191.74,576.17,311.94,120.53,1,1,1.000000
1505,82,127.86,323.45,191.84,93.53,1,1,1.000000
1505,50,287.69,271.74,171.28,60.85,1,1,1.000000
1505,85,127.81,1.77,116.52,81.97,1,1,1.000000
1505,90,3.81,400.27,63.64,85.35,1,1,1.000000
1505,77,357.25,49.54,77.07,125.51,1,1,1.000000
1505,93,55.49,317.67,102.76,88.05,1,1,1.000000
1506,57,57.34,395.17,159.37,100.09,1,1,1.000000
1506,59,497.34,260.07,283.19,95.77,1,1,1.000000
1506,61,765.16,430.81,514.84,249.44,1,1,1.000000
1506,62,656.68,226.91,204.58,75.62,1,1,1.000000
1506,64,64.42,164.31,91.16,82.63,1,1,1.000000
1506,69,202.16,144.60,109.74,75.08,1,1,1.000000
1506,73,275.93,51.68,91.37,133.19,1,1,1.000000
1506,74,6.30,22.60,137.00,126.07,1,1,1.000000
1506,75,192.04,29.20,79.99,106.32,1,1,1.000000
1506,76,412.82,83.46,149.33,95.19,1,1,1.000000
1506,78,214.89,197.84,122.78,91.85,1,1,1.000000
1506,79,0.00,244.66,104.18,162.00,1,1,1.000000
1506,81,216.29,577.35,336.44,126.71,1,1,1.000000
1506,82,130.53,330.21,193.15,92.24,1,1,1.000000
1506,50,294.20,276.78,178.04,61.17,1,1,1.000000
1506,85,129.31,7.96,113.35,81.79,1,1,1.000000
1506,90,0.00,402.53,64.81,88.51,1,1,1.000000
1506,77,357.22,51.76,77.63,128.15,1,1,1.000000
1506,93,46.68,323.95,114.55,98.29,1,1,1.000000
1506,95,146.69,260.11,73.24,71.68,1,1,1.000000
1507,57,60.60,397.49,157.32,99.21,1,1,1.000000
1507,59,503.99,265.15,292.49,100.53,1,1,1.000000
1507,61,796.34,444.49,483.66,246.04,1,1,1.000000
1507,62,672.46,235.40,204.69,75.98,1,1,1.000000
1507,64,62.83,168.46,95.19,86.04,1,1,1.000000
1507,69,201.93,150.48,113.54,77.88,1,1,1.000000
1507,73,278.05,54.98,91.62,136.07,1,1,1.000000
1507,74,9.12,30.99,136.20,127.25,1,1,1.000000
1507,75,198.70,51.88,65.66,89.83,1,1,1.000000
1507,76,409.74,86.54,158.55,97.51,1,1,1.000000
1507,78,230.94,204.45,105.09,74.49,1,1,1.000000
1507,79,0.00,252.48,105.00,164.67,1,1,1.000000
1507,81,242.91,578.13,363.06,135.10,1,1,1.000000
1507,82,129.66,337.05,200.28,94.38,1,1,1.000000
1507,50,293.21,283.00,183.77,61.19,1,1,1.000000
1507,85,130.65,15.90,109.88,81.20,1,1,1.000000
1507,90,0.00,411.90,63.85,86.86,1,1,1.000000
1507,77,359.50,57.89,72.88,117.56,1,1,1.000000
1507,93,46.15,327.86,116.41,99.80,1,1,1.000000
1507,95,151.70,261.21,79.71,77.65,1,1,1.000000
1508,57,76.25,407.10,155.01,94.49,1,1,1.000000
1508,59,519.47,274.58,298.92,104.70,1,1,1.000000
1508,61,845.04,475.51,434.96,236.16,1,1,1.000000
1508,62,697.97,249.84,200.45,74.31,1,1,1.000000
1508,64,62.53,181.04,94.40,84.63,1,1,1.000000
1508,69,208.44,161.20,119.33,84.27,1,1,1.000000
1508,73,278.77,59.39,83.50,127.70,1,1,1.000000
1508,74,21.95,41.09,110.13,103.72,1,1,1.000000
1508,75,201.90,70.64,58.06,81.39,1,1,1.000000
1508,76,417.56,94.24,169.12,101.14,1,1,1.000000
1508,78,244.02,215.87,91.90,59.96,1,1,1.000000
1508,79,0.00,264.01,103.21,161.63,1,1,1.000000
1508,81,308.56,610.52,312.34,109.48,1,1,1.000000
1508,82,130.07,346.75,212.63,99.62,1,1,1.000000
1508,50,293.16,290.77,200.88,66.36,1,1,1.000000
1508,85,133.12,30.17,102.86,77.49,1,1,1.000000
1508,90,0.54,420.80,65.70,88.56,1,1,1.000000
1508,77,358.89,68.01,69.59,107.18,1,1,1.000000
1508,93,36.18,332.17,125.09,107.50,1,1,1.000000
1508,95,150.20,270.75,85.58,83.13,1,1,1.000000
1509,57,80.63,410.45,156.84,92.81,1,1,1.000000
1509,59,526.87,278.07,298.16,106.25,1,1,1.000000
1509,61,867.73,487.15,412.27,232.14,1,1,1.000000
1509,62,707.20,255.08,198.89,73.65,1,1,1.000000
1509,64,62.27,185.83,94.41,84.04,1,1,1.000000
1509,69,211.94,165.19,119.60,86.80,1,1,1.000000
1509,73,279.60,60.94,78.98,124.12,1,1,1.000000
1509,74,27.28,44.74,99.09,94.05,1,1,1.000000
1509,75,203.33,76.87,54.76,78.52,1,1,1.000000
1509,76,419.26,97.06,175.70,102.52,1,1,1.000000
1509,78,245.84,219.00,91.68,55.79,1,1,1.000000
1509,79,0.00,268.30,102.04,160.38,1,1,1.000000
1509,81,332.02,623.96,294.00,96.04,1,1,1.000000
1509,82,129.74,350.28,218.17,101.69,1,1,1.000000
1509,50,292.60,293.53,208.06,68.24,1,1,1.000000
1509,85,134.58,35.76,98.89,75.84,1,1,1.000000
1509,90,0.88,423.96,66.26,89.16,1,1,1.000000
1509,77,357.86,71.49,69.86,103.42,1,1,1.000000
1509,93,32.90,333.47,127.84,110.17,1,1,1.000000
1509,95,149.38,274.09,87.74,84.93,1,1,1.000000
1509,96,89.33,0.34,143.16,34.67,1,1,1.000000
1509,97,770.75,0.29,254.33,41.99,1,1,1.000000
1509,98,304.55,143.07,54.93,84.24,1,1,1.000000
1509,99,193.22,173.15,44.59,67.72,1,1,1.000000
1509,100,67.95,124.02,74.07,60.27,1,1,1.000000
1510,57,87.14,412.75,154.68,88.45,1,1,1.000000
1510,59,537.85,283.40,300.76,109.26,1,1,1.000000
1510,61,903.88,506.74,376.12,213.26,1,1,1.000000
1510,62,715.87,260.66,204.79,76.12,1,1,1.000000
1510,64,62.39,192.94,94.68,84.56,1,1,1.000000
1510,69,216.96,170.62,116.90,87.41,1,1,1.000000
1510,73,274.30,63.46,95.04,155.61,1,1,1.000000
1510,74,28.88,56.15,94.67,90.98,1,1,1.000000
1510,75,205.05,83.36,53.36,77.97,1,1,1.000000
1510,76,421.84,102.73,187.22,107.41,1,1,1.000000
1510,78,238.54,224.37,95.50,53.76,1,1,1.000000
1510,79,0.00,288.27,96.22,146.40,1,1,1.000000
1510,81,363.23,637.34,269.36,82.66,1,1,1.000000
1510,82,130.31,356.20,220.98,102.29,1,1,1.000000
1510,50,291.76,297.58,221.90,73.09,1,1,1.000000
1510,85,133.27,42.40,98.08,76.96,1,1,1.000000
1510,90,4.33,434.99,63.92,84.63,1,1,1.000000
1510,77,355.55,69.69,76.04,110.14,1,1,1.000000
1510,93,30.13,335.95,131.35,113.61,1,1,1.000000
1510,95,148.50,276.81,90.21,87.12,1,1,1.000000
1510,96,81.45,0.05,157.54,38.24,1,1,1.000000
1510,97,792.65,0.10,266.20,43.94,1,1,1.000000
1510,99,190.92,175.34,47.82,72.69,1,1,1.000000
1511,57,79.32,425.05,162.38,90.00,1,1,1.000000
1511,59,556.82,296.20,310.01,115.17,1,1,1.000000
1511,61,985.54,549.99,294.46,170.01,1,1,1.000000
1511,62,740.92,273.43,203.59,75.76,1,1,1.000000
1511,64,66.93,205.84,90.03,79.77,1,1,1.000000
1511,69,225.04,178.77,113.68,87.51,1,1,1.000000
1511,73,276.86,68.93,89.92,151.48,1,1,1.000000
1511,74,35.55,68.35,91.53,89.95,1,1,1.000000
1511,75,207.27,94.98,51.38,75.51,1,1,1.000000
1511,76,432.65,113.01,192.96,109.14,1,1,1.000000
1511,78,232.86,234.08,106.32,56.02,1,1,1.000000
1511,79,0.00,290.58,99.50,152.36,1,1,1.000000
1511,81,411.96,645.16,247.51,74.84,1,1,1.000000
1511,82,126.18,359.19,238.15,111.09,1,1,1.000000
1511,50,300.14,305.35,228.46,76.27,1,1,1.000000
1511,85,135.74,53.53,93.35,74.18,1,1,1.000000
1511,90,3.07,447.31,65.98,86.92,1,1,1.000000
1511,77,362.77,75.49,75.94,104.28,1,1,1.000000
1511,93,30.01,352.90,118.73,101.51,1,1,1.000000
1511,95,147.42,284.21,95.35,92.32,1,1,1.000000
1511,96,59.54,0.22,199.69,48.95,1,1,1.000000
1511,97,836.19,0.00,296.11,48.75,1,1,1.000000
1511,99,193.26,188.80,45.28,68.48,1,1,1.000000
1511,100,59.92,129.82,90.17,73.57,1,1,1.000000
1512,57,74.44,429.65,159.99,84.70,1,1,1.000000
1512,59,569.16,303.84,320.50,121.85,1,1,1.000000
1512,61,1052.23,585.68,227.77,134.32,1,1,1.000000
1512,62,759.76,283.14,207.80,77.33,1,1,1.000000
1512,64,69.12,212.97,91.79,81.75,1,1,1.000000
1512,69,225.94,185.35,113.81,89.62,1,1,1.000000
1512,73,279.58,73.66,83.89,145.09,1,1,1.000000
1512,74,46.85,78.11,77.66,77.41,1,1,1.000000
1512,75,207.92,102.03,51.45,75.94,1,1,1.000000
1512,76,445.40,125.95,192.23,106.86,1,1,1.000000
1512,78,227.83,242.21,118.42,59.39,1,1,1.000000
1512,79,0.00,292.23,100.11,157.73,1,1,1.000000
1512,81,437.19,646.70,240.40,73.30,1,1,1.000000
1512,82,129.71,362.43,243.67,115.20,1,1,1.000000
1512,50,312.15,313.89,220.62,74.67,1,1,1.000000
1512,85,137.22,62.70,89.54,71.91,1,1,1.000000
1512,90,0.86,458.45,64.34,84.99,1,1,1.000000
1512,77,364.22,79.01,77.09,98.35,1,1,1.000000
1512,93,28.76,358.65,120.22,101.96,1,1,1.000000
1512,95,148.70,292.83,94.96,92.09,1,1,1.000000
1512,96,45.84,0.55,226.81,56.43,1,1,1.000000
1512,97,861.99,0.00,326.52,53.86,1,1,1.000000
1512,99,188.65,192.90,47.27,71.75,1,1,1.000000
1512,101,56.17,430.57,89.51,83.30,1,1,1.000000
1512,102,389.04,0.19,122.96,32.03,1,1,1.000000
1512,100,57.39,134.38,94.58,77.36,1,1,1.000000
1513,57,41.13,442.41,189.11,97.16,1,1,1.000000
1513,59,586.49,315.95,317.74,122.98,1,1,1.000000
1513,61,1104.89,611.76,175.11,108.24,1,1,1.000000
1513,62,769.86,288.55,219.34,82.32,1,1,1.000000
1513,64,72.82,220.22,88.82,79.16,1,1,1.000000
1513,69,241.67,192.62,104.61,83.66,1,1,1.000000
1513,73,279.63,78.19,84.29,149.79,1,1,1.000000
1513,74,56.81,88.68,67.37,67.46,1,1,1.000000
1513,75,206.76,98.77,56.59,84.63,1,1,1.000000
1513,76,462.37,142.29,184.30,99.89,1,1,1.000000
1513,78,214.74,247.49,139.20,68.03,1,1,1.000000
1513,82,128.09,371.44,252.47,120.33,1,1,1.000000
1513,50,318.19,321.45,221.85,76.22,1,1,1.000000
1513,85,140.02,71.67,85.04,69.02,1,1,1.000000
1513,90,0.66,465.37,64.86,85.77,1,1,1.000000
1513,77,364.88,81.99,79.99,94.68,1,1,1.000000
1513,93,27.61,367.15,119.16,99.66,1,1,1.000000
1513,95,150.98,300.80,95.99,93.78,1,1,1.000000
1513,96,30.21,0.79,258.01,65.61,1,1,1.000000
1513,97,877.14,0.00,357.06,59.31,1,1,1.000000
1513,99,196.40,199.24,48.53,72.54,1,1,1.000000
1513,101,32.71,437.32,115.43,106.59,1,1,1.000000
1513,102,366.98,0.00,159.71,41.65,1,1,1.000000
1513,100,56.66,143.41,94.07,77.48,1,1,1.000000
1514,57,62.30,444.68,183.42,91.82,1,1,1.000000
1514,59,598.82,325.73,316.68,124.47,1,1,1.000000
1514,61,1152.65,637.30,127.35,82.70,1,1,1.000000
1514,62,790.95,302.25,206.18,76.53,1,1,1.000000
1514,64,76.81,229.63,84.75,75.22,1,1,1.000000
1514,69,247.16,201.41,92.48,75.39,1,1,1.000000
1514,73,282.50,89.79,71.02,128.45,1,1,1.000000
1514,74,58.61,93.46,70.78,71.31,1,1,1.000000
1514,75,204.55,101.49,58.27,88.04,1,1,1.000000
1514,76,478.15,154.50,181.70,96.28,1,1,1.000000
1514,78,197.05,250.69,164.81,79.35,1,1,1.000000
1514,82,135.20,380.50,251.20,120.79,1,1,1.000000
1514,50,322.35,326.03,225.49,78.64,1,1,1.000000
1514,85,140.64,76.99,85.26,70.09,1,1,1.000000
1514,90,1.26,472.23,67.14,88.41,1,1,1.000000
1514,77,365.65,81.58,83.01,90.45,1,1,1.000000
1514,93,30.34,373.93,119.69,98.52,1,1,1.000000
1514,95,153.69,305.91,96.04,94.93,1,1,1.000000
1514,96,22.02,1.93,277.25,72.39,1,1,1.000000
1514,97,912.91,0.00,367.09,61.72,1,1,1.000000
1514,102,352.95,0.00,190.82,50.13,1,1,1.000000
1514,100,54.91,143.03,101.89,85.30,1,1,1.000000
1515,57,75.24,445.93,175.13,84.47,1,1,1.000000
1515,59,616.56,340.03,306.10,121.65,1,1,1.000000
1515,62,806.54,312.43,206.40,76.14,1,1,1.000000
1515,64,77.09,233.44,87.35,78.34,1,1,1.000000
1515,69,249.83,210.50,79.56,66.21,1,1,1.000000
1515,73,289.38,86.95,68.38,125.69,1,1,1.000000
1515,74,55.61,99.77,68.54,70.17,1,1,1.000000
1515,75,205.45,112.81,55.88,84.36,1,1,1.000000
1515,76,493.32,168.19,178.54,92.53,1,1,1.000000
1515,78,194.71,260.03,168.86,79.15,1,1,1.000000
1515,82,136.03,386.47,258.26,126.21,1,1,1.000000
1515,50,327.62,332.31,223.57,78.62,1,1,1.000000
1515,85,142.02,83.30,83.14,69.51,1,1,1.000000
1515,90,1.87,477.97,67.57,88.37,1,1,1.000000
1515,77,371.31,84.42,80.43,78.97,1,1,1.000000
1515,93,35.41,376.60,119.04,97.34,1,1,1.000000
1515,95,153.71,311.71,98.19,97.86,1,1,1.000000
1515,96,24.08,6.42,275.77,74.03,1,1,1.000000
1515,97,940.10,0.00,339.90,64.57,1,1,1.000000
1515,102,339.20,0.05,209.32,55.47,1,1,1.000000
1515,100,55.27,145.75,102.79,87.90,1,1,1.000000
1515,79,1.57,320.44,94.01,143.70,1,1,1.000000
1515,99,197.91,210.08,40.75,59.73,1,1,1.000000
1516,57,81.51,449.93,169.87,77.91,1,1,1.000000
1516,59,636.25,353.74,293.43,117.04,1,1,1.000000
1516,62,823.53,324.02,207.26,75.86,1,1,1.000000
1516,64,79.88,239.75,84.54,76.14,1,1,1.000000
1516,69,253.04,208.11,83.98,70.71,1,1,1.000000
1516,73,293.85,87.29,67.09,125.50,1,1,1.000000
1516,74,54.00,102.89,68.02,70.74,1,1,1.000000
1516,75,204.93,114.83,57.61,88.12,1,1,1.000000
1516,76,509.40,180.62,173.94,88.05,1,1,1.000000
1516,78,205.16,266.61,152.34,67.23,1,1,1.000000
1516,82,144.06,390.97,257.93,128.07,1,1,1.000000
1516,50,335.41,339.16,220.00,77.75,1,1,1.000000
1516,85,144.20,88.73,79.29,67.08,1,1,1.000000
1516,90,1.88,484.43,67.57,87.92,1,1,1.000000
1516,77,374.24,88.48,82.30,73.05,1,1,1.000000
1516,93,26.94,380.75,126.51,102.24,1,1,1.000000
1516,95,153.68,315.44,103.94,104.15,1,1,1.000000
1516,96,25.86,11.16,276.07,76.38,1,1,1.000000
1516,97,950.20,0.00,329.80,69.02,1,1,1.000000
1516,102,330.30,0.35,230.60,61.64,1,1,1.000000
1516,100,61.93,153.41,97.48,85.09,1,1,1.000000
1516,79,0.23,315.20,99.91,154.67,1,1,1.000000
1516,99,196.18,212.80,42.75,61.91,1,1,1.000000
1517,57,87.17,454.04,163.26,70.26,1,1,1.000000
1517,59,652.39,362.09,295.19,118.81,1,1,1.000000
1517,62,837.79,332.50,214.26,78.41,1,1,1.000000
1517,64,76.81,241.53,87.63,79.48,1,1,1.000000
1517,69,255.04,212.54,81.55,69.07,1,1,1.000000
1517,73,297.47,87.41,68.32,127.30,1,1,1.000000
1517,74,55.05,108.55,64.77,67.65,1,1,1.000000
1517,75,204.31,117.46,59.68,92.35,1,1,1.000000
1517,76,521.08,189.18,178.74,89.23,1,1,1.000000
1517,78,203.33,271.06,159.03,67.52,1,1,1.000000
1517,82,160.54,392.78,242.05,121.22,1,1,1.000000
1517,50,343.45,343.05,222.65,79.25,1,1,1.000000
1517,85,143.53,93.96,78.35,67.02,1,1,1.000000
1517,90,2.90,487.76,69.42,89.50,1,1,1.000000
1517,77,373.27,94.19,90.52,73.35,1,1,1.000000
1517,93,29.54,384.45,129.32,102.44,1,1,1.000000
1517,95,153.99,320.50,112.24,113.38,1,1,1.000000
1517,96,29.23,15.96,270.12,77.04,1,1,1.000000
1517,97,954.69,0.00,325.31,73.95,1,1,1.000000
1517,102,324.60,0.37,244.22,65.89,1,1,1.000000
1517,100,65.08,162.09,87.50,77.49,1,1,1.000000
1517,79,0.04,315.63,103.25,162.00,1,1,1.000000
1517,99,195.99,216.45,43.80,63.13,1,1,1.000000
1518,57,85.16,457.73,169.15,69.82,1,1,1.000000
1518,59,667.25,370.28,298.09,121.00,1,1,1.000000
1518,62,845.63,336.39,228.04,83.68,1,1,1.000000
1518,64,78.66,243.51,88.13,80.44,1,1,1.000000
1518,69,258.55,216.77,79.79,67.34,1,1,1.000000
1518,73,300.88,91.18,66.89,123.05,1,1,1.000000
1518,74,53.94,115.97,64.80,68.22,1,1,1.000000
1518,75,204.49,123.05,58.86,92.35,1,1,1.000000
1518,76,529.34,194.40,186.63,92.44,1,1,1.000000
1518,78,204.01,273.89,163.48,66.36,1,1,1.000000
1518,82,162.59,394.91,252.28,128.91,1,1,1.000000
1518,50,343.72,344.24,233.84,84.46,1,1,1.000000
1518,85,145.51,98.89,75.93,65.79,1,1,1.000000
1518,90,2.85,491.25,70.17,89.80,1,1,1.000000
1518,77,362.93,95.23,117.25,90.96,1,1,1.000000
1518,93,32.92,386.38,132.48,103.24,1,1,1.000000
1518,95,162.71,322.30,111.25,112.67,1,1,1.000000
1518,96,34.56,20.28,262.83,77.33,1,1,1.000000
1518,97,953.10,0.00,326.90,80.70,1,1,1.000000
1518,102,323.58,0.58,254.63,69.55,1,1,1.000000
1518,100,66.29,174.15,79.15,70.00,1,1,1.000000
1518,79,2.19,316.57,106.07,166.93,1,1,1.000000
1518,99,194.07,218.24,46.02,66.15,1,1,1.000000
1519,57,88.65,460.05,170.63,67.65,1,1,1.000000
1519,59,680.13,373.23,305.29,125.24,1,1,1.000000
1519,62,863.80,345.37,228.42,83.78,1,1,1.000000
1519,64,81.48,245.27,87.78,81.05,1,1,1.000000
1519,69,261.22,221.98,76.19,63.54,1,1,1.000000
1519,73,302.90,93.37,70.94,128.23,1,1,1.000000
1519,74,57.64,124.61,60.23,63.26,1,1,1.000000
1519,75,205.57,127.11,57.67,91.28,1,1,1.000000
1519,76,537.70,196.60,198.20,97.88,1,1,1.000000
1519,78,206.05,276.43,166.02,64.53,1,1,1.000000
1519,82,173.24,397.24,239.79,123.97,1,1,1.000000
1519,50,349.19,345.69,243.37,89.47,1,1,1.000000
1519,85,147.68,102.12,74.98,65.87,1,1,1.000000
1519,90,2.26,493.81,71.15,90.60,1,1,1.000000
1519,77,369.46,95.28,125.48,94.03,1,1,1.000000
1519,93,30.68,387.75,138.98,106.94,1,1,1.000000
1519,95,172.76,325.72,103.37,104.68,1,1,1.000000
1519,96,40.73,24.99,251.79,76.27,1,1,1.000000
1519,97,967.84,0.00,312.16,82.96,1,1,1.000000
1519,102,324.59,1.01,264.34,73.38,1,1,1.000000
1519,100,63.02,176.23,82.07,72.35,1,1,1.000000
1519,79,5.13,318.30,105.42,166.85,1,1,1.000000
1519,99,193.70,221.83,47.12,67.29,1,1,1.000000
1520,57,94.49,461.05,164.09,61.23,1,1,1.000000
1520,59,693.69,376.22,309.66,128.42,1,1,1.000000
1520,62,869.11,347.89,251.04,92.96,1,1,1.000000
1520,64,82.24,245.78,87.62,81.70,1,1,1.000000
1520,69,260.64,224.48,77.60,64.06,1,1,1.000000
1520,73,305.04,95.05,74.05,129.39,1,1,1.000000
1520,74,59.49,127.40,58.79,61.60,1,1,1.000000
1520,75,206.66,130.74,55.83,89.03,1,1,1.000000
1520,76,550.99,202.97,196.31,96.29,1,1,1.000000
1520,78,209.48,279.41,167.03,62.07,1,1,1.000000
1520,82,193.74,399.91,209.70,107.62,1,1,1.000000
1520,50,349.46,343.32,255.52,96.11,1,1,1.000000
1520,85,151.05,105.63,72.46,64.12,1,1,1.000000
1520,90,3.18,495.45,72.41,91.30,1,1,1.000000
1520,77,390.65,96.48,109.53,75.79,1,1,1.000000
1520,93,28.98,389.44,142.25,107.70,1,1,1.000000
1520,95,186.29,329.04,91.67,91.77,1,1,1.000000
1520,96,45.34,27.68,243.58,75.97,1,1,1.000000
1520,97,987.47,0.11,292.53,84.75,1,1,1.000000
1520,102,332.94,1.33,265.22,74.83,1,1,1.000000
1520,100,61.60,176.46,85.43,75.11,1,1,1.000000
1520,79,5.28,319.25,104.14,165.30,1,1,1.000000
1520,99,194.65,225.21,44.92,63.07,1,1,1.000000
1520,104,0.74,267.18,44.06,59.24,1,1,1.000000
1521,57,99.70,462.42,163.39,57.47,1,1,1.000000
1521,59,713.14,382.34,305.36,127.27,1,1,1.000000
1521,62,878.92,351.01,265.74,99.54,1,1,1.000000
1521,64,84.17,246.78,86.63,81.98,1,1,1.000000
1521,69,260.34,226.32,79.64,65.49,1,1,1.000000
1521,73,312.24,93.48,77.85,127.10,1,1,1.000000
1521,74,63.18,127.37,57.75,60.32,1,1,1.000000
1521,75,208.19,133.86,55.15,86.92,1,1,1.000000
1521,76,562.45,207.19,201.34,98.49,1,1,1.000000
1521,78,214.34,280.48,168.40,59.71,1,1,1.000000
1521,82,208.11,400.82,190.42,95.93,1,1,1.000000
1521,50,358.01,344.47,258.70,99.48,1,1,1.000000
1521,85,153.19,107.24,73.13,65.04,1,1,1.000000
1521,90,2.35,493.70,76.74,96.36,1,1,1.000000
1521,77,401.25,97.45,105.62,67.72,1,1,1.000000
1521,93,24.78,391.14,145.43,108.78,1,1,1.000000
1521,95,193.09,331.47,85.55,83.50,1,1,1.000000
1521,96,48.90,29.79,237.64,76.39,1,1,1.000000
1521,97,1019.94,0.00,260.06,82.80,1,1,1.000000
1521,102,348.08,3.05,255.29,73.09,1,1,1.000000
1521,100,59.02,169.69,94.62,83.53,1,1,1.000000
1521,79,4.75,318.73,102.61,163.74,1,1,1.000000
1521,99,193.71,226.42,46.47,64.47,1,1,1.000000
1521,104,4.54,267.08,45.78,61.27,1,1,1.000000
1522,57,105.50,463.00,165.52,55.52,1,1,1.000000
1522,59,727.66,388.29,311.63,131.07,1,1,1.000000
1522,62,893.08,356.58,272.49,103.22,1,1,1.000000
1522,64,86.65,249.60,83.72,79.74,1,1,1.000000
1522,69,255.64,226.35,88.41,73.30,1,1,1.000000
1522,73,318.06,94.85,80.56,121.16,1,1,1.000000
1522,74,63.94,125.76,62.40,65.01,1,1,1.000000
1522,76,566.92,204.35,220.41,109.14,1,1,1.000000
1522,78,220.50,281.12,166.97,56.44,1,1,1.000000
1522,82,221.97,404.09,170.51,82.79,1,1,1.000000
1522,50,360.23,339.22,271.58,107.63,1,1,1.000000
1522,85,152.40,109.96,103.12,92.75,1,1,1.000000
1522,90,2.41,491.45,79.66,99.46,1,1,1.000000
1522,77,419.49,99.24,102.69,61.26,1,1,1.000000
1522,93,29.31,390.78,153.78,113.14,1,1,1.000000
1522,95,194.17,331.33,86.49,81.25,1,1,1.000000
1522,96,52.14,30.64,232.94,77.21,1,1,1.000000
1522,97,1062.02,0.18,217.98,78.27,1,1,1.000000
1522,102,364.81,8.27,243.80,70.94,1,1,1.000000
1522,100,65.65,178.57,87.34,75.66,1,1,1.000000
1522,79,6.68,318.73,100.71,161.38,1,1,1.000000
1522,99,194.62,228.39,48.38,66.65,1,1,1.000000
1522,104,0.39,267.40,48.76,65.41,1,1,1.000000
1523,57,106.05,462.12,175.44,56.50,1,1,1.000000
1523,59,744.16,392.68,316.90,134.40,1,1,1.000000
1523,62,910.91,361.67,277.59,106.41,1,1,1.000000
1523,64,91.56,253.86,78.58,74.69,1,1,1.000000
1523,69,253.94,227.10,93.13,77.82,1,1,1.000000
1523,73,316.58,94.64,91.34,128.79,1,1,1.000000
1523,74,63.14,123.10,66.61,69.54,1,1,1.000000
1523,76,582.81,212.65,215.59,106.94,1,1,1.000000
1523,78,220.95,280.97,174.73,56.93,1,1,1.000000
1523,82,231.00,404.44,158.09,72.92,1,1,1.000000
1523,50,367.26,340.90,271.80,110.63,1,1,1.000000
1523,85,152.49,109.99,112.89,102.98,1,1,1.000000
1523,90,3.82,490.19,82.17,101.44,1,1,1.000000
1523,77,430.02,97.29,108.28,61.46,1,1,1.000000
1523,93,35.60,390.76,156.68,113.22,1,1,1.000000
1523,95,191.27,331.07,91.09,82.09,1,1,1.000000
1523,96,52.66,30.12,229.32,78.61,1,1,1.000000
1523,102,382.00,12.46,230.39,68.00,1,1,1.000000
1523,100,66.71,176.79,92.16,79.35,1,1,1.000000
1523,79,8.15,316.87,101.18,163.08,1,1,1.000000
1523,99,192.77,228.03,53.78,74.07,1,1,1.000000
1523,104,0.00,266.46,49.73,74.10,1,1,1.000000
1523,75,209.99,137.52,52.50,82.13,1,1,1.000000
1524,57,110.31,462.63,180.07,55.95,1,1,1.000000
1524,59,761.28,400.46,316.97,134.89,1,1,1.000000
1524,62,933.38,368.99,278.81,108.39,1,1,1.000000
1524,64,92.75,252.63,80.18,76.50,1,1,1.000000
1524,69,253.55,227.60,95.46,79.93,1,1,1.000000
1524,73,316.03,92.58,96.56,126.77,1,1,1.000000
1524,74,65.81,124.51,66.22,68.89,1,1,1.000000
1524,76,595.40,219.31,216.56,107.56,1,1,1.000000
1524,78,231.20,279.88,177.09,56.50,1,1,1.000000
1524,82,222.23,403.83,176.37,78.95,1,1,1.000000
1524,50,376.98,346.68,264.41,109.98,1,1,1.000000
1524,85,155.76,113.29,110.48,100.70,1,1,1.000000
1524,90,4.01,488.76,84.56,103.35,1,1,1.000000
1524,77,443.58,94.72,116.19,63.84,1,1,1.000000
1524,93,44.16,394.57,148.85,105.37,1,1,1.000000
1524,95,191.76,330.12,95.49,82.34,1,1,1.000000
1524,96,50.15,27.34,232.61,82.75,1,1,1.000000
1524,102,386.77,8.71,235.32,70.67,1,1,1.000000
1524,100,67.20,179.74,91.00,76.45,1,1,1.000000
1524,79,10.34,316.87,100.03,162.34,1,1,1.000000
1524,99,191.85,226.52,57.78,79.62,1,1,1.000000
1524,104,0.00,265.12,50.78,77.65,1,1,1.000000
1524,105,1.41,69.92,45.16,62.19,1,1,1.000000
1524,75,212.19,139.51,51.29,78.85,1,1,1.000000
1525,57,118.26,462.82,179.04,53.74,1,1,1.000000
1525,59,778.78,408.41,312.50,132.71,1,1,1.000000
1525,62,948.22,373.00,287.29,113.56,1,1,1.000000
1525,64,94.77,250.95,80.27,76.99,1,1,1.000000
1525,69,253.05,225.56,98.91,83.22,1,1,1.000000
1525,73,312.08,89.59,101.38,124.75,1,1,1.000000
1525,74,67.12,123.98,65.81,68.59,1,1,1.000000
1525,76,609.33,223.95,215.22,106.75,1,1,1.000000
1525,78,239.33,279.95,179.92,56.37,1,1,1.000000
1525,82,222.76,404.87,174.55,75.01,1,1,1.000000
1525,50,386.90,351.40,254.86,107.71,1,1,1.000000
1525,85,156.28,112.64,112.83,103.55,1,1,1.000000
1525,90,6.44,489.36,84.83,101.61,1,1,1.000000
1525,77,446.30,92.83,124.40,65.62,1,1,1.000000
1525,93,48.32,397.60,145.74,101.97,1,1,1.000000
1525,95,191.62,330.53,98.46,81.15,1,1,1.000000
1525,96,50.82,25.41,229.28,84.68,1,1,1.000000
1525,102,402.46,12.66,218.48,66.04,1,1,1.000000
1525,100,67.43,180.41,91.67,74.23,1,1,1.000000
1525,79,10.78,315.48,100.92,166.65,1,1,1.000000
1525,99,194.23,225.81,57.62,79.00,1,1,1.000000
1525,104,0.00,263.17,52.70,82.70,1,1,1.000000
1525,105,0.90,66.92,46.05,63.43,1,1,1.000000
1525,75,212.18,138.89,52.16,79.01,1,1,1.000000
1525,107,160.58,110.85,80.63,65.20,1,1,1.000000
1526,57,104.15,457.44,211.26,62.46,1,1,1.000000
1526,59,806.84,421.56,320.24,135.32,1,1,1.000000
1526,62,970.40,380.36,307.09,123.91,1,1,1.000000
1526,64,95.06,246.29,81.82,79.44,1,1,1.000000
1526,69,253.63,223.37,102.86,86.60,1,1,1.000000
1526,73,320.71,86.50,88.99,92.75,1,1,1.000000
1526,74,67.13,122.56,65.99,68.65,1,1,1.000000
1526,76,634.83,234.01,207.06,101.82,1,1,1.000000
1526,78,241.93,278.29,182.51,56.22,1,1,1.000000
1526,82,228.13,405.73,172.43,70.58,1,1,1.000000
1526,50,405.63,359.31,244.18,104.61,1,1,1.000000
1526,85,158.67,109.79,114.89,106.24,1,1,1.000000
1526,90,8.36,492.31,82.64,96.58,1,1,1.000000
1526,77,460.49,91.43,129.33,65.24,1,1,1.000000
1526,93,49.15,402.11,136.92,95.42,1,1,1.000000
1526,95,187.86,329.41,106.60,84.31,1,1,1.000000
1526,96,50.07,21.98,230.04,88.47,1,1,1.000000
1526,102,410.03,8.46,224.04,68.60,1,1,1.000000
1526,100,61.83,179.95,99.06,77.20,1,1,1.000000
1526,79,20.73,312.08,94.22,159.10,1,1,1.000000
1526,99,203.39,224.69,52.36,72.30,1,1,1.000000
1526,104,0.00,259.58,54.24,85.46,1,1,1.000000
1526,105,4.61,62.76,51.32,70.27,1,1,1.000000
1526,107,160.89,107.53,83.02,67.19,1,1,1.000000
1527,57,103.16,455.85,213.98,61.76,1,1,1.000000
1527,59,828.60,429.68,328.98,138.80,1,1,1.000000
1527,62,981.70,380.63,298.30,136.10,1,1,1.000000
1527,64,95.60,244.89,81.96,80.02,1,1,1.000000
1527,69,254.08,221.25,107.31,89.59,1,1,1.000000
1527,73,327.09,83.36,89.40,79.39,1,1,1.000000
1527,74,64.70,121.55,67.82,69.82,1,1,1.000000
1527,76,655.00,240.34,207.05,101.56,1,1,1.000000
1527,78,243.89,277.32,188.93,57.48,1,1,1.000000
1527,82,228.65,405.64,175.82,69.10,1,1,1.000000
1527,50,422.97,366.83,230.54,99.56,1,1,1.000000
1527,85,159.29,106.47,116.46,108.70,1,1,1.000000
1527,90,11.41,492.30,82.39,93.05,1,1,1.000000
1527,77,479.76,90.62,131.96,64.42,1,1,1.000000
1527,93,56.66,402.23,125.14,87.34,1,1,1.000000
1527,95,184.97,328.32,112.20,84.71,1,1,1.000000
1527,96,50.85,19.29,225.08,90.03,1,1,1.000000
1527,102,421.55,9.61,218.06,67.26,1,1,1.000000
1527,100,75.02,178.20,103.38,80.77,1,1,1.000000
1527,79,23.25,308.96,94.33,164.96,1,1,1.000000
1527,99,206.79,223.56,53.58,75.13,1,1,1.000000
1527,104,0.00,259.92,53.81,83.31,1,1,1.000000
1527,105,5.09,61.96,50.68,68.95,1,1,1.000000
1527,107,161.91,103.63,81.39,65.90,1,1,1.000000
1527,75,219.72,136.15,50.89,77.98,1,1,1.000000
1528,57,108.55,454.23,213.75,59.98,1,1,1.000000
1528,59,846.58,432.80,342.99,145.10,1,1,1.000000
1528,62,990.05,384.65,289.95,140.76,1,1,1.000000
1528,64,96.81,246.71,80.54,78.41,1,1,1.000000
1528,69,257.20,219.95,107.64,88.45,1,1,1.000000
1528,73,324.87,81.22,99.91,76.70,1,1,1.000000
1528,74,61.24,120.06,67.66,68.27,1,1,1.000000
1528,76,668.62,240.99,215.01,105.34,1,1,1.000000
1528,78,243.78,276.26,192.71,57.66,1,1,1.000000
1528,82,232.42,403.62,183.63,70.07,1,1,1.000000
1528,50,437.51,367.77,227.52,99.59,1,1,1.000000
1528,85,160.64,105.79,114.15,107.41,1,1,1.000000
1528,90,11.18,489.34,85.12,93.55,1,1,1.000000
1528,77,494.10,90.35,135.22,63.94,1,1,1.000000
1528,93,73.71,404.41,106.99,73.43,1,1,1.000000
1528,95,182.25,326.77,119.87,86.68,1,1,1.000000
1528,96,54.47,16.87,216.52,89.88,1,1,1.000000
1528,102,437.01,11.64,204.16,62.78,1,1,1.000000
1528,100,85.80,173.27,107.97,86.45,1,1,1.000000
1528,79,26.89,315.84,84.12,152.92,1,1,1.000000
1528,99,209.04,221.44,52.82,75.09,1,1,1.000000
1528,104,0.00,259.78,53.49,81.46,1,1,1.000000
1528,105,6.21,61.92,49.02,65.99,1,1,1.000000
1528,107,161.01,102.51,80.45,65.35,1,1,1.000000
1528,110,27.72,181.04,80.61,55.73,1,1,1.000000
1528,75,221.24,134.03,49.68,76.91,1,1,1.000000
1529,57,102.56,450.04,233.16,64.84,1,1,1.000000
1529,59,860.89,433.14,353.81,150.36,1,1,1.000000
1529,62,1004.41,389.81,275.59,142.67,1,1,1.000000
1529,64,98.06,247.25,80.06,77.77,1,1,1.000000
1529,69,264.58,217.92,110.36,90.44,1,1,1.000000
1529,73,323.11,78.69,113.27,77.50,1,1,1.000000
1529,74,64.69,117.14,65.85,64.59,1,1,1.000000
1529,76,682.48,243.27,216.70,106.17,1,1,1.000000
1529,78,257.82,273.61,191.75,57.21,1,1,1.000000
1529,82,231.95,402.16,193.55,71.99,1,1,1.000000
1529,50,450.16,368.38,224.51,99.20,1,1,1.000000
1529,85,162.77,104.24,110.30,104.80,1,1,1.000000
1529,90,8.55,484.73,89.93,97.22,1,1,1.000000
1529,77,499.94,90.09,139.42,63.10,1,1,1.000000
1529,93,72.39,403.91,107.07,72.65,1,1,1.000000
1529,95,179.00,324.51,127.55,88.39,1,1,1.000000
1529,96,58.86,15.37,209.36,89.96,1,1,1.000000
1529,102,447.39,13.68,200.03,61.43,1,1,1.000000
1529,100,95.47,172.82,106.55,86.75,1,1,1.000000
1529,79,35.19,333.45,63.29,117.46,1,1,1.000000
1529,99,209.47,218.75,53.23,76.74,1,1,1.000000
1529,104,0.00,257.22,53.65,82.41,1,1,1.000000
1529,105,6.65,60.13,49.72,66.12,1,1,1.000000
1529,107,163.84,103.35,79.30,64.60,1,1,1.000000
1529,110,35.43,175.75,77.67,53.20,1,1,1.000000
1529,75,221.11,132.44,49.39,77.54,1,1,1.000000
1530,57,97.58,446.87,250.84,69.55,1,1,1.000000
1530,59,872.04,433.13,367.01,156.87,1,1,1.000000
1530,62,1023.40,396.73,256.60,139.96,1,1,1.000000
1530,64,99.56,245.34,82.12,79.83,1,1,1.000000
1530,69,279.41,214.72,106.11,86.09,1,1,1.000000
1530,73,329.13,74.36,127.84,82.10,1,1,1.000000
1530,74,68.78,113.95,65.90,63.21,1,1,1.000000
1530,76,699.74,246.09,219.42,107.34,1,1,1.000000
1530,78,277.35,274.40,188.56,56.42,1,1,1.000000
1530,82,237.34,401.83,195.54,70.92,1,1,1.000000
1530,50,460.52,366.44,228.62,102.38,1,1,1.000000
1530,85,163.89,101.97,108.78,104.35,1,1,1.000000
1530,90,7.60,483.04,92.63,98.56,1,1,1.000000
1530,77,510.70,90.19,143.64,62.48,1,1,1.000000
1530,93,66.48,402.64,105.62,71.21,1,1,1.000000
1530,95,175.51,320.72,137.82,92.15,1,1,1.000000
1530,96,63.71,14.37,200.56,88.88,1,1,1.000000
1530,102,448.38,9.44,212.14,65.80,1,1,1.000000
1530,100,99.26,169.74,107.56,89.40,1,1,1.000000
1530,79,36.00,320.55,74.09,140.95,1,1,1.000000
1530,99,209.91,217.51,52.34,76.55,1,1,1.000000
1530,104,0.00,254.34,53.95,81.43,1,1,1.000000
1530,105,7.81,59.79,48.49,63.26,1,1,1.000000
1530,107,164.45,101.02,86.72,71.04,1,1,1.000000
1530,110,33.44,170.54,86.42,58.58,1,1,1.000000
1530,75,223.03,130.33,47.21,74.92,1,1,1.000000
1531,57,104.21,443.97,248.63,68.43,1,1,1.000000
1531,59,888.68,437.60,375.33,161.27,1,1,1.000000
1531,62,1046.52,406.99,233.48,132.66,1,1,1.000000
1531,64,106.66,243.92,78.22,75.81,1,1,1.000000
1531,69,289.62,212.72,100.57,80.19,1,1,1.000000
1531,73,340.99,71.71,138.40,85.31,1,1,1.000000
1531,74,70.71,112.70,64.09,59.80,1,1,1.000000
1531,76,713.80,250.37,219.99,107.32,1,1,1.000000
1531,78,266.85,273.12,196.95,58.26,1,1,1.000000
1531,82,245.73,399.58,203.77,73.50,1,1,1.000000
1531,50,475.51,367.04,224.32,101.55,1,1,1.000000
1531,90,11.13,482.41,95.51,98.65,1,1,1.000000
1531,77,523.14,90.21,148.07,61.99,1,1,1.000000
1531,93,61.20,400.31,108.81,73.66,1,1,1.000000
1531,95,174.30,319.10,141.43,91.26,1,1,1.000000
1531,96,66.77,12.65,197.66,90.40,1,1,1.000000
1531,102,451.03,5.90,217.63,68.14,1,1,1.000000
1531,100,61.82,165.21,119.41,92.95,1,1,1.000000
1531,79,42.74,310.99,77.92,147.75,1,1,1.000000
1531,99,213.11,215.95,48.02,70.79,1,1,1.000000
1531,104,0.00,250.99,55.41,83.11,1,1,1.000000
1531,105,8.02,60.41,48.63,62.24,1,1,1.000000
1531,107,162.68,101.34,85.35,70.59,1,1,1.000000
1531,75,224.32,128.95,45.90,72.56,1,1,1.000000
1532,57,91.38,442.27,280.24,78.09,1,1,1.000000
1532,59,904.66,439.12,375.34,165.99,1,1,1.000000
1532,62,1070.99,414.72,209.01,122.11,1,1,1.000000
1532,64,109.97,245.60,74.75,72.11,1,1,1.000000
1532,69,294.49,209.65,100.32,78.45,1,1,1.000000
1532,73,355.20,73.48,136.35,80.24,1,1,1.000000
1532,74,73.61,109.96,63.50,58.72,1,1,1.000000
1532,76,727.07,253.28,224.86,109.88,1,1,1.000000
1532,78,266.77,272.09,202.47,59.54,1,1,1.000000
1532,82,258.63,401.04,198.63,71.16,1,1,1.000000
1532,50,488.25,367.84,221.78,101.64,1,1,1.000000
1532,90,13.83,481.76,96.09,95.94,1,1,1.000000
1532,77,539.53,91.25,148.42,59.97,1,1,1.000000
1532,93,59.75,400.69,113.48,76.52,1,1,1.000000
1532,95,173.25,318.00,145.61,90.67,1,1,1.000000
1532,96,74.67,10.34,187.57,87.78,1,1,1.000000
1532,102,436.74,2.71,228.08,70.75,1,1,1.000000
1532,100,46.13,161.07,130.29,95.42,1,1,1.000000
1532,79,46.12,305.03,78.95,148.56,1,1,1.000000
1532,99,214.37,213.04,47.53,70.75,1,1,1.000000
1532,104,0.00,251.75,55.91,82.12,1,1,1.000000
1532,105,7.67,57.71,50.97,64.02,1,1,1.000000
1532,107,163.09,97.71,82.32,69.09,1,1,1.000000
1532,75,228.59,128.68,44.13,70.39,1,1,1.000000
1532,112,7.77,641.35,64.11,52.26,1,1,1.000000
1533,57,114.58,440.63,254.18,70.63,1,1,1.000000
1533,59,912.67,439.17,367.33,173.60,1,1,1.000000
1533,62,1093.81,421.27,186.19,112.22,1,1,1.000000
1533,64,110.80,245.88,72.42,69.86,1,1,1.000000
1533,69,299.08,207.33,98.85,75.09,1,1,1.000000
1533,73,364.76,73.57,137.56,77.80,1,1,1.000000
1533,74,76.48,104.24,64.35,58.66,1,1,1.000000
1533,76,737.87,258.14,229.69,112.25,1,1,1.000000
1533,78,265.11,270.00,211.37,61.83,1,1,1.000000
1533,82,245.77,397.80,208.08,73.06,1,1,1.000000
1533,50,498.69,369.09,218.34,100.88,1,1,1.000000
1533,90,18.58,479.73,100.72,96.04,1,1,1.000000
1533,77,548.24,91.05,156.65,61.56,1,1,1.000000
1533,93,74.57,395.32,124.01,80.50,1,1,1.000000
1533,95,175.20,316.95,148.69,89.74,1,1,1.000000
1533,96,80.64,8.37,181.32,86.57,1,1,1.000000
1533,102,435.02,1.39,234.93,72.46,1,1,1.000000
1533,100,41.97,159.21,133.77,91.46,1,1,1.000000
1533,79,46.29,300.70,79.53,150.43,1,1,1.000000
1533,99,216.68,211.49,48.10,72.47,1,1,1.000000
1533,104,0.62,253.05,55.30,80.55,1,1,1.000000
1533,105,8.90,54.18,53.04,65.00,1,1,1.000000
1533,107,162.24,93.56,81.32,69.50,1,1,1.000000
1533,75,228.86,126.59,45.62,71.63,1,1,1.000000
1533,112,8.72,635.76,63.80,51.73,1,1,1.000000
1534,57,126.77,438.39,247.06,68.86,1,1,1.000000
1534,59,929.46,446.81,350.54,171.74,1,1,1.000000
1534,62,1112.97,428.60,167.03,104.31,1,1,1.000000
1534,64,113.47,243.87,68.88,66.25,1,1,1.000000
1534,69,303.84,205.81,98.30,71.69,1,1,1.000000
1534,73,359.36,69.94,156.69,85.54,1,1,1.000000
1534,74,80.54,100.49,64.06,57.80,1,1,1.000000
1534,76,746.06,260.13,240.39,118.07,1,1,1.000000
1534,78,270.39,268.84,208.81,60.47,1,1,1.000000
1534,82,245.03,396.43,214.61,73.92,1,1,1.000000
1534,50,503.68,364.80,229.89,107.98,1,1,1.000000
1534,90,25.91,480.44,101.86,90.73,1,1,1.000000
1534,77,556.66,89.83,166.06,63.99,1,1,1.000000
1534,93,76.12,390.65,130.29,81.90,1,1,1.000000
1534,95,172.73,315.78,154.21,90.05,1,1,1.000000
1534,96,83.19,6.11,178.93,87.13,1,1,1.000000
1534,102,435.61,0.50,241.15,73.82,1,1,1.000000
1534,100,39.69,159.22,138.03,88.60,1,1,1.000000
1534,79,49.43,296.82,79.86,150.44,1,1,1.000000
1534,99,218.82,210.24,46.99,71.58,1,1,1.000000
1534,104,0.14,252.69,56.17,81.96,1,1,1.000000
1534,105,10.37,52.79,54.36,64.67,1,1,1.000000
1534,107,162.18,92.09,77.82,67.75,1,1,1.000000
1534,75,230.96,126.62,45.86,70.92,1,1,1.000000
1534,112,6.40,620.68,66.29,53.48,1,1,1.000000
1535,57,139.52,437.63,244.90,68.79,1,1,1.000000
1535,59,949.13,456.77,330.87,169.83,1,1,1.000000
1535,62,1144.35,437.97,135.65,92.81,1,1,1.000000
1535,64,110.59,236.22,72.96,70.85,1,1,1.000000
1535,69,299.60,200.40,113.19,80.83,1,1,1.000000
1535,73,369.99,66.56,164.73,86.08,1,1,1.000000
1535,74,88.15,93.76,66.58,60.40,1,1,1.000000
1535,76,766.80,270.28,246.19,120.88,1,1,1.000000
1535,78,279.81,269.09,209.91,60.39,1,1,1.000000
1535,82,247.35,394.65,221.84,75.25,1,1,1.000000
1535,50,524.66,376.61,214.22,100.37,1,1,1.000000
1535,90,30.78,478.79,105.39,87.44,1,1,1.000000
1535,77,577.18,89.70,176.80,66.88,1,1,1.000000
1535,93,72.61,387.55,138.95,84.55,1,1,1.000000
1535,95,178.71,314.17,159.60,90.43,1,1,1.000000
1535,96,85.84,3.89,179.04,88.85,1,1,1.000000
1535,102,448.84,0.15,245.54,75.60,1,1,1.000000
1535,100,36.98,154.62,149.37,91.61,1,1,1.000000
1535,79,54.54,293.53,79.52,146.35,1,1,1.000000
1535,99,222.65,212.14,47.51,72.17,1,1,1.000000
1535,104,0.85,251.27,57.58,83.79,1,1,1.000000
1535,105,10.47,50.31,56.59,65.46,1,1,1.000000
1535,107,162.56,90.76,74.26,66.41,1,1,1.000000
1535,75,235.07,126.72,44.50,68.21,1,1,1.000000
1535,112,4.62,610.88,61.20,49.14,1,1,1.000000
1536,57,144.65,437.37,243.02,68.76,1,1,1.000000
1536,59,958.30,460.36,321.70,168.84,1,1,1.000000
1536,62,1156.36,440.87,123.64,88.75,1,1,1.000000
1536,64,109.80,233.58,73.96,72.44,1,1,1.000000
1536,69,297.45,198.53,119.81,83.97,1,1,1.000000
1536,73,371.93,65.29,171.61,86.34,1,1,1.000000
1536,74,90.94,91.35,67.30,61.37,1,1,1.000000
1536,76,774.45,274.10,248.40,121.94,1,1,1.000000
1536,78,282.82,269.18,211.04,60.36,1,1,1.000000
1536,82,247.14,393.98,226.43,75.77,1,1,1.000000
1536,50,532.46,381.30,207.82,97.15,1,1,1.000000
1536,90,30.46,478.14,110.63,86.46,1,1,1.000000
1536,77,583.71,89.65,182.73,67.99,1,1,1.000000
1536,93,69.96,386.40,144.68,85.56,1,1,1.000000
1536,95,179.67,313.57,164.14,90.56,1,1,1.000000
1536,96,87.79,3.07,177.15,89.47,1,1,1.000000
1536,102,454.31,0.03,246.31,76.24,1,1,1.000000
1536,100,34.13,152.93,157.26,92.70,1,1,1.000000
1536,79,55.91,292.34,80.30,144.78,1,1,1.000000
1536,99,224.01,212.85,47.78,72.38,1,1,1.000000
1536,104,1.06,250.71,58.21,84.51,1,1,1.000000
1536,105,10.01,49.44,58.32,65.75,1,1,1.000000
1536,107,163.30,90.35,71.76,65.91,1,1,1.000000
1536,75,236.44,126.76,44.20,67.23,1,1,1.000000
1536,112,3.94,608.32,59.74,47.71,1,1,1.000000
1536,113,0.73,173.40,42.79,49.93,1,1,1.000000
1537,57,150.75,436.26,243.12,69.54,1,1,1.000000
1537,59,972.77,467.31,307.23,162.67,1,1,1.000000
1537,62,1181.59,451.48,98.41,70.54,1,1,1.000000
1537,64,110.58,231.91,72.71,71.77,1,1,1.000000
1537,69,296.50,197.69,124.67,85.21,1,1,1.000000
1537,73,379.93,66.19,176.40,85.98,1,1,1.000000
1537,74,91.83,85.82,71.84,66.02,1,1,1.000000
1537,76,784.58,277.66,252.58,124.29,1,1,1.000000
1537,78,287.84,267.92,213.17,60.66,1,1,1.000000
1537,82,241.79,387.33,248.03,83.03,1,1,1.000000
1537,50,535.56,382.87,210.58,98.30,1,1,1.000000
1537,90,24.83,471.43,123.27,92.92,1,1,1.000000
1537,77,592.85,91.27,189.09,69.71,1,1,1.000000
1537,93,70.18,389.45,142.76,81.79,1,1,1.000000
1537,95,178.63,313.43,165.39,88.84,1,1,1.000000
1537,96,90.42,2.22,175.34,89.99,1,1,1.000000
1537,102,463.66,0.00,248.89,77.82,1,1,1.000000
1537,100,44.64,157.86,150.76,84.27,1,1,1.000000
1537,79,54.08,288.41,82.34,145.75,1,1,1.000000
1537,99,227.88,213.57,46.75,70.89,1,1,1.000000
1537,104,1.29,249.03,60.62,87.84,1,1,1.000000
1537,105,10.80,47.31,59.84,65.79,1,1,1.000000
1537,107,162.94,90.44,67.86,64.19,1,1,1.000000
1537,75,237.25,127.06,43.25,65.26,1,1,1.000000
1537,112,0.00,604.21,57.55,49.24,1,1,1.000000
1537,113,5.73,168.07,45.60,52.93,1,1,1.000000
1538,57,153.39,435.62,251.23,72.90,1,1,1.000000
1538,59,1002.71,481.44,277.29,152.69,1,1,1.000000
1538,64,109.70,226.44,77.78,77.10,1,1,1.000000
1538,69,293.30,197.41,132.27,87.73,1,1,1.000000
1538,73,394.05,63.95,189.78,91.21,1,1,1.000000
1538,74,96.78,89.77,67.07,61.56,1,1,1.000000
1538,76,799.78,281.81,274.01,136.54,1,1,1.000000
1538,78,293.72,267.95,220.36,62.80,1,1,1.000000
1538,82,236.97,379.84,271.34,91.72,1,1,1.000000
1538,50,546.85,390.50,212.11,98.84,1,1,1.000000
1538,90,23.90,476.74,120.86,87.31,1,1,1.000000
1538,77,610.94,93.14,200.19,73.57,1,1,1.000000
1538,93,71.29,380.04,160.27,90.75,1,1,1.000000
1538,95,182.71,312.89,170.19,89.98,1,1,1.000000
1538,96,94.61,2.44,172.81,89.71,1,1,1.000000
1538,102,482.92,0.00,248.34,78.06,1,1,1.000000
1538,100,54.76,155.14,155.06,83.35,1,1,1.000000
1538,79,53.03,292.74,79.87,136.71,1,1,1.000000
1538,104,3.86,248.60,60.11,85.65,1,1,1.000000
1538,105,7.56,42.62,69.24,75.63,1,1,1.000000
1538,107,166.10,89.40,66.20,64.32,1,1,1.000000
1538,75,238.62,126.87,41.48,62.31,1,1,1.000000
1538,113,10.74,163.32,53.88,61.81,1,1,1.000000
1539,57,156.00,436.31,254.93,74.97,1,1,1.000000
1539,59,1032.50,495.54,247.50,139.00,1,1,1.000000
1539,64,108.93,224.18,79.53,79.30,1,1,1.000000
1539,69,292.06,195.93,139.35,89.79,1,1,1.000000
1539,73,407.67,65.79,193.49,91.67,1,1,1.000000
1539,74,99.11,91.67,63.77,57.87,1,1,1.000000
1539,76,814.20,286.09,283.87,143.80,1,1,1.000000
1539,78,294.79,269.04,227.57,65.14,1,1,1.000000
1539,82,235.64,378.46,279.47,95.24,1,1,1.000000
1539,50,558.43,398.14,210.23,97.48,1,1,1.000000
1539,90,21.79,479.68,124.00,86.48,1,1,1.000000
1539,77,622.85,94.60,210.36,77.67,1,1,1.000000
1539,93,72.79,378.65,166.87,93.39,1,1,1.000000
1539,95,185.67,311.87,175.15,91.86,1,1,1.000000
1539,96,96.78,2.83,170.68,89.64,1,1,1.000000
1539,102,496.36,0.01,251.89,79.49,1,1,1.000000
1539,100,60.20,150.65,164.69,86.72,1,1,1.000000
1539,79,51.85,294.19,81.01,134.18,1,1,1.000000
1539,104,5.31,248.71,60.26,84.25,1,1,1.000000
1539,105,8.87,40.31,68.45,73.66,1,1,1.000000
1539,107,167.07,88.17,67.02,67.01,1,1,1.000000
1539,75,239.21,126.33,45.25,67.55,1,1,1.000000
1539,113,15.03,160.49,60.03,67.55,1,1,1.000000
1540,57,160.18,437.50,257.87,77.04,1,1,1.000000
1540,59,1055.15,502.88,224.85,134.14,1,1,1.000000
1540,64,110.17,222.53,80.09,80.42,1,1,1.000000
1540,69,293.49,195.94,141.30,88.08,1,1,1.000000
1540,73,417.06,70.29,196.03,91.55,1,1,1.000000
1540,74,97.74,92.89,65.19,58.73,1,1,1.000000
1540,76,825.48,289.60,297.26,153.09,1,1,1.000000
1540,78,301.17,270.40,228.11,65.62,1,1,1.000000
1540,82,249.54,382.02,270.58,92.91,1,1,1.000000
1540,50,570.38,401.47,213.72,99.03,1,1,1.000000
1540,90,20.80,481.22,126.93,85.61,1,1,1.000000
1540,77,631.47,95.47,222.96,83.20,1,1,1.000000
1540,93,81.51,381.66,164.37,90.41,1,1,1.000000
1540,95,188.19,311.28,177.16,92.25,1,1,1.000000
1540,96,96.30,2.28,170.93,90.78,1,1,1.000000
1540,102,503.85,2.21,246.71,78.51,1,1,1.000000
1540,100,69.90,150.63,157.11,80.24,1,1,1.000000
1540,79,49.64,292.53,83.19,133.20,1,1,1.000000
1540,104,6.13,249.97,60.70,83.18,1,1,1.000000
1540,105,10.72,39.72,66.57,70.54,1,1,1.000000
1540,107,169.30,89.10,63.44,64.40,1,1,1.000000
1540,75,239.73,127.10,47.00,69.50,1,1,1.000000
1540,113,19.95,157.11,68.10,74.58,1,1,1.000000
1540,99,230.13,217.57,48.37,73.23,1,1,1.000000
1541,57,161.13,437.97,261.54,79.45,1,1,1.000000
1541,59,1078.00,509.92,202.00,123.57,1,1,1.000000
1541,64,112.19,222.28,78.44,79.15,1,1,1.000000
1541,69,281.77,197.89,151.57,90.64,1,1,1.000000
1541,73,425.47,74.00,197.84,91.03,1,1,1.000000
1541,74,96.89,93.75,67.29,60.28,1,1,1.000000
1541,76,840.36,295.86,302.32,158.37,1,1,1.000000
1541,78,299.17,269.11,239.34,69.70,1,1,1.000000
1541,82,259.33,386.41,262.61,91.01,1,1,1.000000
1541,50,583.88,407.16,214.05,99.10,1,1,1.000000
1541,90,10.55,481.20,141.51,94.86,1,1,1.000000
1541,77,641.53,97.62,232.31,88.02,1,1,1.000000
1541,93,84.07,382.53,167.51,91.20,1,1,1.000000
1541,95,198.09,312.02,173.23,89.65,1,1,1.000000
1541,96,97.83,2.24,167.61,90.04,1,1,1.000000
1541,102,512.75,1.47,254.67,80.95,1,1,1.000000
1541,100,78.04,155.96,146.17,71.64,1,1,1.000000
1541,79,48.34,293.18,85.43,132.78,1,1,1.000000
1541,104,5.86,250.79,61.99,83.52,1,1,1.000000
1541,105,15.50,42.89,62.75,65.52,1,1,1.000000
1541,107,170.31,90.13,59.62,61.04,1,1,1.000000
1541,75,238.69,128.07,48.42,70.43,1,1,1.000000
1541,113,26.93,154.84,76.49,80.47,1,1,1.000000
1541,114,531.30,3.60,238.57,49.14,1,1,1.000000
1542,57,163.79,438.81,265.28,82.14,1,1,1.000000
1542,59,1104.74,515.92,175.26,107.15,1,1,1.000000
1542,64,116.86,223.62,75.20,76.36,1,1,1.000000
1542,69,274.88,198.88,161.15,92.87,1,1,1.000000
1542,73,432.95,79.05,202.62,92.07,1,1,1.000000
1542,74,94.34,94.01,71.34,63.66,1,1,1.000000
1542,76,854.76,302.24,307.93,164.23,1,1,1.000000
1542,78,308.01,272.77,231.47,67.76,1,1,1.000000
1542,82,260.52,386.45,269.74,94.92,1,1,1.000000
1542,50,591.51,406.45,227.72,106.26,1,1,1.000000
1542,90,2.99,482.90,153.41,103.08,1,1,1.000000
1542,77,652.00,99.79,236.51,90.95,1,1,1.000000
1542,93,82.62,384.05,173.23,93.35,1,1,1.000000
1542,95,209.57,316.15,159.07,80.82,1,1,1.000000
1542,96,94.17,1.70,168.87,92.26,1,1,1.000000
1542,102,551.04,15.49,214.88,69.58,1,1,1.000000
1542,100,91.03,160.89,137.37,64.68,1,1,1.000000
1542,79,40.34,292.11,92.16,139.09,1,1,1.000000
1542,104,6.32,252.43,62.15,82.08,1,1,1.000000
1542,105,15.30,43.73,63.15,65.06,1,1,1.000000
1542,107,170.50,92.13,57.68,59.64,1,1,1.000000
1542,75,237.17,130.26,48.89,69.86,1,1,1.000000
1542,113,30.88,153.32,86.75,87.38,1,1,1.000000
1542,114,510.77,0.83,307.22,63.53,1,1,1.000000
1543,57,166.16,441.11,263.25,82.97,1,1,1.000000
1543,59,1125.31,522.11,154.69,97.46,1,1,1.000000
1543,64,117.04,226.24,72.24,73.75,1,1,1.000000
1543,69,278.42,202.32,157.35,86.72,1,1,1.000000
1543,73,446.88,85.70,196.88,87.84,1,1,1.000000
1543,74,88.78,93.62,74.02,65.05,1,1,1.000000
1543,76,863.54,307.09,318.69,173.33,1,1,1.000000
1543,78,314.40,277.21,223.69,65.36,1,1,1.000000
1543,82,262.24,389.37,266.96,95.04,1,1,1.000000
1543,50,601.01,406.17,231.55,108.91,1,1,1.000000
1543,90,5.14,486.36,150.33,100.01,1,1,1.000000
1543,77,659.49,101.76,243.50,95.38,1,1,1.000000
1543,93,79.68,385.16,178.04,95.37,1,1,1.000000
1543,95,211.47,317.62,153.06,75.80,1,1,1.000000
1543,96,88.42,2.28,175.74,97.96,1,1,1.000000
1543,102,575.71,25.18,186.51,60.95,1,1,1.000000
1543,100,95.03,159.92,141.74,64.44,1,1,1.000000
1543,79,35.08,293.45,93.62,138.52,1,1,1.000000
1543,104,3.67,254.44,62.74,82.58,1,1,1.000000
1543,105,10.45,44.46,65.34,66.24,1,1,1.000000
1543,107,168.66,98.88,55.73,58.01,1,1,1.000000
1543,75,233.94,131.27,47.83,66.81,1,1,1.000000
1543,113,31.83,150.05,96.20,92.81,1,1,1.000000
1543,114,491.54,0.02,373.19,77.87,1,1,1.000000
1543,99,223.40,215.96,50.69,77.90,1,1,1.000000
1544,57,165.93,441.89,269.74,86.80,1,1,1.000000
1544,59,1153.33,531.45,126.67,79.28,1,1,1.000000
1544,64,116.90,229.99,69.83,71.38,1,1,1.000000
1544,69,270.95,204.18,167.31,89.19,1,1,1.000000
1544,73,461.28,90.59,193.11,84.52,1,1,1.000000
1544,74,81.50,96.28,75.16,64.75,1,1,1.000000
1544,76,877.10,314.90,319.97,177.03,1,1,1.000000
1544,78,319.89,279.91,215.64,62.42,1,1,1.000000
1544,82,264.30,389.10,269.28,97.24,1,1,1.000000
1544,50,608.64,406.58,238.23,113.06,1,1,1.000000
1544,90,4.89,488.80,151.66,100.16,1,1,1.000000
1544,77,667.11,103.94,251.56,100.70,1,1,1.000000
1544,93,75.82,386.31,181.32,97.01,1,1,1.000000
1544,95,212.90,319.69,150.19,72.03,1,1,1.000000
1544,96,85.07,4.09,177.86,101.14,1,1,1.000000
1544,102,560.70,23.34,194.58,64.10,1,1,1.000000
1544,100,96.65,160.25,150.49,66.81,1,1,1.000000
1544,79,34.63,294.74,94.63,135.95,1,1,1.000000
1544,104,1.04,255.50,63.33,83.77,1,1,1.000000
1544,105,5.25,45.81,69.67,70.46,1,1,1.000000
1544,107,165.22,95.91,56.65,59.32,1,1,1.000000
1544,75,229.27,133.44,46.10,62.98,1,1,1.000000
1544,113,36.01,153.14,100.66,91.68,1,1,1.000000
1544,114,486.42,0.00,404.93,85.24,1,1,1.000000
1544,99,218.46,215.76,52.69,82.79,1,1,1.000000
1545,57,165.93,441.67,275.01,90.43,1,1,1.000000
1545,59,1177.79,538.90,102.21,66.88,1,1,1.000000
1545,64,118.28,235.45,65.56,66.93,1,1,1.000000
1545,69,264.97,204.85,176.81,90.89,1,1,1.000000
1545,73,473.16,93.98,194.02,83.67,1,1,1.000000
1545,74,72.90,97.04,77.74,66.27,1,1,1.000000
1545,76,889.85,321.20,324.91,182.44,1,1,1.000000
1545,78,321.53,282.88,215.46,61.95,1,1,1.000000
1545,82,270.09,391.46,265.28,96.87,1,1,1.000000
1545,50,617.78,407.52,244.06,116.94,1,1,1.000000
1545,90,6.09,490.08,153.93,100.65,1,1,1.000000
1545,77,678.37,107.53,253.51,103.73,1,1,1.000000
1545,93,71.61,389.81,186.00,99.58,1,1,1.000000
1545,95,191.78,320.97,178.03,84.35,1,1,1.000000
1545,96,84.60,8.06,172.09,99.47,1,1,1.000000
1545,102,552.67,20.29,209.26,70.14,1,1,1.000000
1545,100,97.93,160.93,150.62,65.30,1,1,1.000000
1545,79,29.75,296.43,98.00,137.56,1,1,1.000000
1545,104,0.00,256.57,62.81,84.79,1,1,1.000000
1545,105,0.00,47.82,75.16,76.88,1,1,1.000000
1545,107,157.45,95.72,62.45,66.18,1,1,1.000000
1545,75,227.00,136.33,44.96,60.41,1,1,1.000000
1545,113,40.72,158.62,103.77,88.17,1,1,1.000000
1545,114,493.13,0.00,413.41,88.54,1,1,1.000000
1545,99,217.48,211.23,56.42,89.32,1,1,1.000000
1546,57,167.45,441.34,278.72,93.95,1,1,1.000000
1546,59,1199.05,549.32,80.95,57.78,1,1,1.000000
1546,64,121.60,238.40,63.53,65.68,1,1,1.000000
1546,69,282.52,206.57,156.86,75.99,1,1,1.000000
1546,73,484.78,96.52,198.43,84.86,1,1,1.000000
1546,74,67.51,97.98,79.94,67.03,1,1,1.000000
1546,76,897.21,320.71,344.69,197.27,1,1,1.000000
1546,78,327.29,286.51,213.30,60.99,1,1,1.000000
1546,82,276.25,395.22,257.64,94.88,1,1,1.000000
1546,50,631.33,412.39,241.99,116.65,1,1,1.000000
1546,90,8.26,491.83,154.85,99.86,1,1,1.000000
1546,77,693.69,113.84,249.08,103.94,1,1,1.000000
1546,93,68.53,392.57,189.10,101.32,1,1,1.000000
1546,95,183.96,321.34,191.17,89.75,1,1,1.000000
1546,96,86.52,11.78,165.48,96.75,1,1,1.000000
1546,102,545.25,16.02,226.95,77.75,1,1,1.000000
1546,79,24.05,298.19,103.60,143.08,1,1,1.000000
1546,104,0.00,258.19,60.90,83.96,1,1,1.000000
1546,105,0.00,49.94,75.46,81.29,1,1,1.000000
1546,107,150.82,95.36,66.39,71.25,1,1,1.000000
1546,75,219.91,139.74,48.16,61.64,1,1,1.000000
1546,113,47.56,162.63,109.64,85.83,1,1,1.000000
1546,114,472.40,0.11,429.91,92.80,1,1,1.000000
1546,99,211.97,205.69,59.17,96.22,1,1,1.000000
1547,57,168.82,440.80,281.65,97.38,1,1,1.000000
1547,59,1214.68,555.90,65.32,53.00,1,1,1.000000
1547,64,129.57,235.01,69.11,70.01,1,1,1.000000
1547,69,285.78,207.00,155.71,71.79,1,1,1.000000
1547,73,496.74,99.46,199.91,84.69,1,1,1.000000
1547,74,63.48,103.32,77.64,62.95,1,1,1.000000
1547,76,923.03,334.91,334.82,193.95,1,1,1.000000
1547,78,323.20,287.19,225.80,64.73,1,1,1.000000
1547,82,286.70,404.15,242.06,88.85,1,1,1.000000
1547,50,644.61,416.37,241.85,117.08,1,1,1.000000
1547,90,7.72,495.14,156.64,99.97,1,1,1.000000
1547,77,707.96,119.97,247.35,105.33,1,1,1.000000
1547,93,66.38,393.85,191.64,102.87,1,1,1.000000
1547,95,184.74,322.48,192.10,88.67,1,1,1.000000
1547,96,85.73,12.44,163.12,96.54,1,1,1.000000
1547,102,550.87,18.52,224.24,78.36,1,1,1.000000
1547,79,21.70,301.13,106.14,143.14,1,1,1.000000
1547,104,0.00,260.63,59.37,83.30,1,1,1.000000
1547,105,0.00,52.74,74.61,82.22,1,1,1.000000
1547,107,149.33,96.06,66.39,72.21,1,1,1.000000
1547,75,214.17,140.24,52.31,64.20,1,1,1.000000
1547,113,48.14,159.13,127.89,93.87,1,1,1.000000
1547,114,468.82,0.07,445.61,97.27,1,1,1.000000
1547,99,214.41,210.20,48.17,76.39,1,1,1.000000
1548,57,177.54,441.47,280.45,99.33,1,1,1.000000
1548,64,130.47,249.87,55.78,56.08,1,1,1.000000
1548,69,290.54,209.43,154.25,67.31,1,1,1.000000
1548,73,519.15,107.83,195.85,81.89,1,1,1.000000
1548,74,62.82,106.95,78.30,62.29,1,1,1.000000
1548,76,948.31,348.10,331.69,199.12,1,1,1.000000
1548,78,329.89,286.69,230.28,66.44,1,1,1.000000
1548,82,288.01,407.69,250.04,92.17,1,1,1.000000
1548,50,662.86,427.64,238.81,115.10,1,1,1.000000
1548,90,8.68,498.48,162.02,102.14,1,1,1.000000
1548,77,723.87,124.46,252.30,109.71,1,1,1.000000
1548,93,61.65,391.78,201.40,108.47,1,1,1.000000
1548,95,203.19,325.05,178.07,79.02,1,1,1.000000
1548,96,85.44,13.98,159.70,95.64,1,1,1.000000
1548,102,558.97,23.82,206.60,73.30,1,1,1.000000
1548,79,21.94,304.16,106.16,139.66,1,1,1.000000
1548,104,0.00,261.75,56.99,81.80,1,1,1.000000
1548,105,2.64,56.81,64.42,66.05,1,1,1.000000
1548,107,153.09,97.51,61.51,67.84,1,1,1.000000
1548,75,216.29,142.22,52.51,63.15,1,1,1.000000
1548,113,43.08,155.84,153.85,108.05,1,1,1.000000
1548,114,477.03,0.00,483.06,107.51,1,1,1.000000
1549,57,178.61,438.82,290.06,105.53,1,1,1.000000
1549,69,293.46,211.10,152.30,62.82,1,1,1.000000
1549,73,530.68,111.37,198.16,81.62,1,1,1.000000
1549,74,60.77,111.46,74.82,56.60,1,1,1.000000
1549,76,967.78,362.06,312.22,199.68,1,1,1.000000
1549,78,331.74,284.99,237.58,69.09,1,1,1.000000
1549,82,287.45,410.20,256.51,95.13,1,1,1.000000
1549,50,673.84,433.38,239.22,114.46,1,1,1.000000
1549,90,13.60,504.47,155.07,95.42,1,1,1.000000
1549,77,741.04,131.57,253.34,112.52,1,1,1.000000
1549,93,64.63,394.23,195.52,104.74,1,1,1.000000
1549,95,215.36,327.99,156.67,64.79,1,1,1.000000
1549,96,86.54,14.91,155.83,94.11,1,1,1.000000
1549,102,568.39,27.28,199.95,71.67,1,1,1.000000
1549,79,21.49,305.96,106.71,136.14,1,1,1.000000
1549,104,0.00,262.27,55.45,81.05,1,1,1.000000
1549,105,3.34,55.39,61.16,61.93,1,1,1.000000
1549,107,157.34,98.67,54.98,61.17,1,1,1.000000
1549,75,216.25,142.93,53.65,63.55,1,1,1.000000
1549,113,41.30,156.15,167.19,112.19,1,1,1.000000
1549,114,488.60,0.09,507.47,115.87,1,1,1.000000
1550,57,181.22,437.79,289.22,107.88,1,1,1.000000
1550,69,292.15,211.65,156.08,61.33,1,1,1.000000
1550,73,533.66,112.56,200.65,81.55,1,1,1.000000
1550,74,59.24,113.12,75.15,54.44,1,1,1.000000
1550,76,976.17,367.36,303.83,199.75,1,1,1.000000
1550,78,332.84,284.31,239.33,70.09,1,1,1.000000
1550,82,287.55,411.11,258.10,96.24,1,1,1.000000
1550,50,677.23,435.45,240.12,114.14,1,1,1.000000
1550,90,14.65,506.75,153.90,92.69,1,1,1.000000
1550,77,748.87,134.31,250.71,113.56,1,1,1.000000
1550,93,65.62,395.21,193.43,103.12,1,1,1.000000
1550,95,217.46,328.98,153.19,59.67,1,1,1.000000
1550,96,87.34,15.23,153.65,93.51,1,1,1.000000
1550,102,572.25,28.51,196.40,71.05,1,1,1.000000
1550,79,20.53,306.60,108.56,134.82,1,1,1.000000
1550,104,0.00,262.43,54.73,80.81,1,1,1.000000
1550,105,3.36,54.93,60.53,60.61,1,1,1.000000
1550,107,159.13,99.09,52.30,58.65,1,1,1.000000
1550,75,216.04,143.14,54.53,63.72,1,1,1.000000
1550,113,38.34,156.37,176.48,113.69,1,1,1.000000
1550,114,497.68,0.20,508.73,119.05,1,1,1.000000
1551,57,189.04,438.74,281.03,107.29,1,1,1.000000
1551,69,294.07,211.53,161.89,60.94,1,1,1.000000
1551,73,539.12,116.34,204.39,81.77,1,1,1.000000
1551,74,59.42,113.17,80.05,57.04,1,1,1.000000
1551,76,984.03,370.09,295.97,203.99,1,1,1.000000
1551,78,338.21,285.41,240.27,71.15,1,1,1.000000
1551,82,296.22,414.79,249.31,93.21,1,1,1.000000
1551,50,687.35,442.33,239.16,112.53,1,1,1.000000
1551,90,13.52,505.01,157.27,93.09,1,1,1.000000
1551,77,762.86,140.70,241.63,110.85,1,1,1.000000
1551,93,63.92,395.11,195.87,104.25,1,1,1.000000
1551,95,214.99,331.12,154.40,57.02,1,1,1.000000
1551,96,89.44,15.42,152.65,93.54,1,1,1.000000
1551,102,580.74,33.03,185.26,67.59,1,1,1.000000
1551,79,19.38,306.24,110.74,133.75,1,1,1.000000
1551,104,0.00,263.89,54.42,79.62,1,1,1.000000
1551,105,4.38,58.53,59.44,58.61,1,1,1.000000
1551,107,162.06,101.32,50.75,57.50,1,1,1.000000
1551,75,215.37,143.38,53.91,61.61,1,1,1.000000
1551,113,40.97,159.24,181.25,111.19,1,1,1.000000
1551,114,503.62,0.35,520.72,125.17,1,1,1.000000
1552,57,208.50,448.17,254.65,98.67,1,1,1.000000
1552,69,297.00,210.66,163.34,58.71,1,1,1.000000
1552,73,547.36,119.91,207.13,81.70,1,1,1.000000
1552,74,57.66,112.93,84.47,59.75,1,1,1.000000
1552,76,996.36,377.17,283.64,200.88,1,1,1.000000
1552,78,346.84,286.92,234.76,70.02,1,1,1.000000
1552,82,302.68,418.87,249.47,93.73,1,1,1.000000
1552,50,696.96,449.81,241.56,112.47,1,1,1.000000
1552,90,14.52,504.44,158.40,91.88,1,1,1.000000
1552,77,772.84,143.21,242.08,112.47,1,1,1.000000
1552,93,63.52,395.86,197.40,105.17,1,1,1.000000
1552,95,217.77,333.03,151.68,53.02,1,1,1.000000
1552,96,88.36,17.72,154.53,94.72,1,1,1.000000
1552,102,573.61,25.26,213.77,79.98,1,1,1.000000
1552,79,15.82,306.64,116.10,137.35,1,1,1.000000
1552,104,0.00,264.46,54.72,79.34,1,1,1.000000
1552,105,4.09,61.05,60.96,59.47,1,1,1.000000
1552,107,161.51,102.45,52.09,58.81,1,1,1.000000
1552,75,214.07,145.26,56.31,62.97,1,1,1.000000
1552,113,41.25,159.29,193.51,113.67,1,1,1.000000
1552,114,510.35,0.27,531.32,131.42,1,1,1.000000
1553,57,215.79,449.62,255.21,101.17,1,1,1.000000
1553,69,310.26,209.88,165.81,58.27,1,1,1.000000
1553,73,568.50,123.47,213.05,83.02,1,1,1.000000
1553,74,54.88,112.69,88.02,61.31,1,1,1.000000
1553,76,1007.26,385.72,272.74,198.63,1,1,1.000000
1553,78,352.09,286.94,244.76,74.18,1,1,1.000000
1553,82,318.51,427.20,234.41,87.77,1,1,1.000000
1553,50,718.84,460.31,246.26,113.20,1,1,1.000000
1553,90,22.89,504.37,143.84,79.77,1,1,1.000000
1553,77,791.30,148.90,247.34,116.67,1,1,1.000000
1553,93,69.16,393.13,193.95,102.72,1,1,1.000000
1553,95,226.05,335.50,150.04,49.30,1,1,1.000000
1553,96,90.97,20.45,153.36,94.60,1,1,1.000000
1553,102,585.35,26.47,193.86,73.93,1,1,1.000000
1553,79,12.99,307.48,118.90,138.28,1,1,1.000000
1553,104,0.00,264.44,56.62,85.14,1,1,1.000000
1553,105,5.08,64.91,60.11,57.64,1,1,1.000000
1553,107,161.74,103.48,52.55,58.89,1,1,1.000000
1553,75,214.78,149.78,55.24,59.41,1,1,1.000000
1553,113,50.32,165.41,208.16,115.65,1,1,1.000000
1553,114,532.33,0.45,556.00,142.66,1,1,1.000000
1554,57,214.10,446.11,262.55,106.70,1,1,1.000000
1554,69,320.24,209.19,169.15,58.93,1,1,1.000000
1554,73,585.90,126.04,215.39,83.15,1,1,1.000000
1554,74,55.33,112.58,91.60,63.54,1,1,1.000000
1554,76,1012.68,390.00,267.32,196.63,1,1,1.000000
1554,78,360.52,287.01,241.30,74.00,1,1,1.000000
1554,82,327.66,430.96,229.31,85.69,1,1,1.000000
1554,50,732.64,463.53,257.70,117.73,1,1,1.000000
1554,90,25.65,504.77,137.90,73.29,1,1,1.000000
1554,77,805.62,153.99,249.60,119.39,1,1,1.000000
1554,93,69.72,390.79,201.38,107.23,1,1,1.000000
1554,95,230.52,337.14,148.82,46.10,1,1,1.000000
1554,96,90.82,19.66,154.17,95.94,1,1,1.000000
1554,102,596.42,28.14,181.87,70.48,1,1,1.000000
1554,79,10.06,307.16,120.11,138.08,1,1,1.000000
1554,104,0.00,266.55,56.65,89.08,1,1,1.000000
1554,105,5.25,66.81,60.93,57.48,1,1,1.000000
1554,107,163.32,104.63,54.70,60.82,1,1,1.000000
1554,75,213.83,150.21,57.52,59.85,1,1,1.000000
1554,113,55.99,172.66,217.81,114.05,1,1,1.000000
1554,114,557.70,2.07,559.36,148.83,1,1,1.000000
1555,57,216.28,447.72,259.07,107.38,1,1,1.000000
1555,69,328.60,208.95,170.32,58.99,1,1,1.000000
1555,73,601.22,130.16,214.05,81.90,1,1,1.000000
1555,74,55.10,111.67,94.04,64.98,1,1,1.000000
1555,76,1023.42,397.66,256.58,190.89,1,1,1.000000
1555,78,364.58,286.62,243.66,75.94,1,1,1.000000
1555,82,336.43,432.75,232.68,87.47,1,1,1.000000
1555,50,749.09,469.99,259.89,117.88,1,1,1.000000
1555,90,26.49,504.13,137.39,70.08,1,1,1.000000
1555,77,818.64,158.91,250.11,120.89,1,1,1.000000
1555,93,72.32,390.83,201.36,107.83,1,1,1.000000
1555,95,232.27,338.07,153.54,45.47,1,1,1.000000
1555,96,92.44,20.23,150.03,93.83,1,1,1.000000
1555,102,607.35,30.60,176.07,69.00,1,1,1.000000
1555,79,11.18,306.37,120.12,136.19,1,1,1.000000
1555,104,0.00,267.58,57.51,93.03,1,1,1.000000
1555,105,4.28,65.56,63.99,59.89,1,1,1.000000
1555,107,161.38,105.65,55.80,61.40,1,1,1.000000
1555,75,211.50,153.11,56.78,56.10,1,1,1.000000
1555,113,63.63,176.57,225.73,110.57,1,1,1.000000
1555,114,579.38,2.82,562.69,155.41,1,1,1.000000
1556,57,216.72,448.34,260.90,110.56,1,1,1.000000
1556,69,333.82,208.58,172.60,59.79,1,1,1.000000
1556,73,619.62,133.33,211.75,79.98,1,1,1.000000
1556,74,55.33,110.39,94.60,65.86,1,1,1.000000
1556,76,1036.98,405.82,243.02,181.23,1,1,1.000000
1556,78,366.47,284.77,253.74,80.75,1,1,1.000000
1556,82,338.02,431.85,240.05,91.04,1,1,1.000000
1556,50,756.98,470.46,271.07,122.49,1,1,1.000000
1556,90,22.21,502.11,146.21,72.52,1,1,1.000000
1556,77,831.59,165.55,249.81,121.71,1,1,1.000000
1556,93,75.52,391.59,197.95,106.37,1,1,1.000000
1556,95,233.77,338.84,157.44,45.07,1,1,1.000000
1556,96,92.00,19.95,146.73,92.36,1,1,1.000000
1556,102,616.55,33.62,171.11,67.76,1,1,1.000000
1556,79,18.09,306.38,112.49,125.00,1,1,1.000000
1556,104,0.00,268.29,57.60,94.38,1,1,1.000000
1556,105,4.08,66.65,64.04,59.35,1,1,1.000000
1556,107,155.72,108.73,57.97,63.92,1,1,1.000000
1556,75,215.14,154.50,58.65,56.31,1,1,1.000000
1556,113,62.91,173.30,249.23,115.96,1,1,1.000000
1556,114,591.48,2.02,568.06,163.17,1,1,1.000000
1557,57,216.80,451.80,262.03,113.48,1,1,1.000000
1557,69,338.08,208.59,174.52,60.55,1,1,1.000000
1557,73,632.66,136.22,216.72,80.98,1,1,1.000000
1557,74,54.31,112.36,88.19,60.96,1,1,1.000000
1557,76,1055.28,416.84,224.72,168.18,1,1,1.000000
1557,78,373.59,285.90,248.81,80.63,1,1,1.000000
1557,82,338.19,430.27,243.21,93.07,1,1,1.000000
1557,50,765.32,470.96,278.05,125.19,1,1,1.000000
1557,90,20.31,502.39,151.51,73.28,1,1,1.000000
1557,77,845.53,170.99,248.40,121.76,1,1,1.000000
1557,93,75.93,392.54,199.42,107.58,1,1,1.000000
1557,95,230.85,339.01,163.46,45.43,1,1,1.000000
1557,96,90.01,18.80,146.04,92.85,1,1,1.000000
1557,102,624.25,37.23,167.32,66.66,1,1,1.000000
1557,79,20.84,306.56,111.57,121.49,1,1,1.000000
1557,104,0.00,269.81,55.77,93.80,1,1,1.000000
1557,105,3.09,67.29,64.23,59.21,1,1,1.000000
1557,107,151.29,110.15,60.83,67.47,1,1,1.000000
1557,75,214.30,150.27,62.86,59.62,1,1,1.000000
1557,113,67.25,173.25,265.11,117.91,1,1,1.000000
1557,114,613.81,6.71,553.61,164.96,1,1,1.000000
1558,57,219.34,453.55,258.29,114.16,1,1,1.000000
1558,69,346.85,210.40,171.55,59.89,1,1,1.000000
1558,73,648.04,138.42,218.15,80.55,1,1,1.000000
1558,74,51.37,112.77,87.08,59.91,1,1,1.000000
1558,76,1065.58,425.86,214.42,163.27,1,1,1.000000
1558,78,382.07,290.39,237.52,78.08,1,1,1.000000
1558,82,340.28,427.25,247.91,96.13,1,1,1.000000
1558,50,776.78,473.60,281.16,126.37,1,1,1.000000
1558,90,18.18,503.94,156.00,73.80,1,1,1.000000
1558,77,857.37,175.96,248.44,122.52,1,1,1.000000
1558,93,73.11,393.50,202.30,109.55,1,1,1.000000
1558,95,226.60,339.40,170.74,46.46,1,1,1.000000
1558,96,82.65,19.30,154.71,99.94,1,1,1.000000
1558,102,623.21,32.76,182.32,74.21,1,1,1.000000
1558,79,15.60,305.24,115.69,123.66,1,1,1.000000
1558,104,0.00,271.13,54.00,95.26,1,1,1.000000
1558,105,2.62,68.02,63.98,58.68,1,1,1.000000
1558,107,147.22,109.89,63.67,71.26,1,1,1.000000
1558,75,213.87,150.17,63.19,58.89,1,1,1.000000
1558,113,83.18,183.59,259.51,108.54,1,1,1.000000
1558,114,634.16,10.00,542.46,167.48,1,1,1.000000
1559,57,220.75,457.27,252.98,113.64,1,1,1.000000
1559,69,351.33,211.89,171.30,60.53,1,1,1.000000
1559,73,652.65,141.78,225.31,82.39,1,1,1.000000
1559,74,49.83,114.33,85.05,58.05,1,1,1.000000
1559,76,1080.59,433.50,199.41,152.43,1,1,1.000000
1559,78,386.56,294.56,230.14,76.54,1,1,1.000000
1559,82,338.98,423.03,257.43,101.42,1,1,1.000000
1559,50,785.23,476.25,289.22,130.05,1,1,1.000000
1559,90,12.93,503.77,166.99,78.07,1,1,1.000000
1559,77,864.02,178.70,255.38,127.01,1,1,1.000000
1559,93,70.70,394.59,203.15,110.32,1,1,1.000000
1559,95,219.58,338.62,184.89,49.98,1,1,1.000000
1559,96,80.30,18.28,153.55,101.20,1,1,1.000000
1559,102,630.63,37.59,171.61,70.72,1,1,1.000000
1559,79,11.46,304.55,118.49,124.82,1,1,1.000000
1559,104,0.00,274.37,51.68,92.65,1,1,1.000000
1559,105,1.39,67.88,62.30,57.14,1,1,1.000000
1559,107,139.14,110.55,70.37,79.92,1,1,1.000000
1559,75,214.08,154.25,60.30,54.57,1,1,1.000000
1559,113,86.95,190.01,263.03,103.59,1,1,1.000000
1559,114,649.47,15.87,530.27,169.14,1,1,1.000000
1559,119,0.00,165.71,187.16,87.21,1,1,1.000000
1560,57,224.74,461.69,245.52,111.81,1,1,1.000000
1560,69,355.13,212.35,177.07,63.82,1,1,1.000000
1560,73,658.86,143.58,233.04,84.13,1,1,1.000000
1560,74,48.36,114.26,86.15,58.23,1,1,1.000000
1560,76,1101.21,442.85,178.79,136.78,1,1,1.000000
1560,78,391.15,297.87,223.06,74.76,1,1,1.000000
1560,82,341.41,422.13,259.29,103.69,1,1,1.000000
1560,50,793.06,478.40,296.47,133.55,1,1,1.000000
1560,90,9.62,504.85,174.22,80.74,1,1,1.000000
1560,77,882.04,187.67,248.45,124.55,1,1,1.000000
1560,93,74.32,396.24,198.28,107.72,1,1,1.000000
1560,95,214.19,337.78,196.30,53.11,1,1,1.000000
1560,96,73.94,17.15,155.02,103.99,1,1,1.000000
1560,102,632.86,37.92,173.36,72.78,1,1,1.000000
1560,79,9.44,304.81,118.80,123.42,1,1,1.000000
1560,104,0.00,276.90,44.96,81.47,1,1,1.000000
1560,107,130.77,113.22,72.82,84.05,1,1,1.000000
1560,75,211.03,155.69,61.15,53.41,1,1,1.000000
1560,113,91.44,194.14,267.71,99.09,1,1,1.000000
1560,114,676.75,25.07,506.09,166.13,1,1,1.000000
1560,119,0.00,161.17,180.18,92.16,1,1,1.000000
1561,57,226.64,465.02,242.31,111.73,1,1,1.000000
1561,69,358.92,212.99,175.64,64.44,1,1,1.000000
1561,73,666.55,146.17,238.59,85.03,1,1,1.000000
1561,74,41.51,113.22,85.64,58.37,1,1,1.000000
1561,76,1118.87,449.58,161.13,127.75,1,1,1.000000
1561,78,394.73,301.21,220.01,74.23,1,1,1.000000
1561,82,346.01,422.46,259.02,104.94,1,1,1.000000
1561,50,804.96,482.46,300.32,135.48,1,1,1.000000
1561,90,9.88,507.83,175.89,80.55,1,1,1.000000
1561,77,891.10,192.61,249.97,125.83,1,1,1.000000
1561,93,75.22,396.08,199.11,108.68,1,1,1.000000
1561,95,210.25,337.81,205.42,56.07,1,1,1.000000
1561,96,73.21,18.72,148.84,101.53,1,1,1.000000
1561,102,633.57,36.64,179.19,76.98,1,1,1.000000
1561,79,6.83,306.42,114.21,118.02,1,1,1.000000
1561,104,0.00,278.00,40.84,76.05,1,1,1.000000
1561,107,124.02,115.26,73.94,85.63,1,1,1.000000
1561,75,207.17,157.48,64.67,54.34,1,1,1.000000
1561,113,99.21,198.75,275.35,96.18,1,1,1.000000
1561,114,699.59,32.16,497.18,168.29,1,1,1.000000
1561,119,0.00,159.75,177.38,93.92,1,1,1.000000
1562,57,230.92,467.93,237.74,110.71,1,1,1.000000
1562,69,367.11,214.09,169.89,63.45,1,1,1.000000
1562,73,679.18,150.30,237.30,83.26,1,1,1.000000
1562,74,36.10,113.57,87.36,60.30,1,1,1.000000
1562,76,1135.93,458.08,144.07,124.00,1,1,1.000000
1562,78,400.10,304.24,213.99,72.49,1,1,1.000000
1562,82,350.25,423.90,257.98,105.91,1,1,1.000000
1562,50,813.73,484.03,309.92,140.32,1,1,1.000000
1562,90,7.20,509.58,183.99,83.74,1,1,1.000000
1562,77,900.31,198.05,251.47,127.03,1,1,1.000000
1562,93,72.73,394.82,206.67,114.03,1,1,1.000000
1562,95,210.20,337.38,214.17,59.67,1,1,1.000000
1562,96,71.34,19.99,142.04,98.45,1,1,1.000000
1562,102,637.99,38.44,172.94,75.87,1,1,1.000000
1562,79,3.21,307.28,116.47,120.44,1,1,1.000000
1562,107,124.62,117.32,58.95,63.10,1,1,1.000000
1562,75,204.97,158.26,66.25,53.24,1,1,1.000000
1562,113,105.91,201.51,288.87,96.15,1,1,1.000000
1562,114,719.38,36.41,487.74,169.90,1,1,1.000000
1562,119,0.00,149.32,191.31,106.57,1,1,1.000000
1563,57,235.64,467.92,243.35,115.19,1,1,1.000000
1563,73,708.74,157.20,243.18,83.79,1,1,1.000000
1563,74,29.70,114.11,96.71,68.66,1,1,1.000000
1563,76,1185.05,479.65,94.95,91.18,1,1,1.000000
1563,78,403.73,303.72,227.76,78.57,1,1,1.000000
1563,82,366.70,432.04,241.15,99.36,1,1,1.000000
1563,50,831.35,489.07,317.11,143.87,1,1,1.000000
1563,90,14.16,516.23,177.34,78.88,1,1,1.000000
1563,77,935.18,214.57,238.65,120.92,1,1,1.000000
1563,93,81.70,394.78,202.82,112.85,1,1,1.000000
1563,95,212.32,338.42,218.60,62.54,1,1,1.000000
1563,96,66.04,20.90,136.46,96.79,1,1,1.000000
1563,102,641.20,38.58,176.58,79.60,1,1,1.000000
1563,79,1.62,310.11,116.26,120.33,1,1,1.000000
1563,107,112.47,113.77,69.12,73.21,1,1,1.000000
1563,113,138.73,207.89,307.33,97.89,1,1,1.000000
1563,114,742.71,44.12,485.21,173.37,1,1,1.000000
1563,119,0.00,167.88,158.18,80.66,1,1,1.000000
1563,100,179.12,157.67,121.82,54.81,1,1,1.000000
1564,57,240.66,467.72,245.47,118.26,1,1,1.000000
1564,73,724.79,159.90,253.19,86.25,1,1,1.000000
1564,74,26.52,115.54,98.61,72.68,1,1,1.000000
1564,76,1208.62,499.44,71.38,75.92,1,1,1.000000
1564,78,416.06,307.90,222.80,77.56,1,1,1.000000
1564,82,377.36,439.14,233.00,96.50,1,1,1.000000
1564,50,845.05,492.83,321.26,146.01,1,1,1.000000
1564,90,16.52,519.94,178.66,77.83,1,1,1.000000
1564,77,956.52,225.13,234.54,119.50,1,1,1.000000
1564,93,88.61,397.27,197.78,110.79,1,1,1.000000
1564,95,216.48,339.76,217.69,64.15,1,1,1.000000
1564,96,62.52,21.52,133.25,96.77,1,1,1.000000
1564,102,649.32,40.84,172.57,79.84,1,1,1.000000
1564,79,2.34,312.73,114.60,118.44,1,1,1.000000
1564,107,103.60,113.62,73.93,77.37,1,1,1.000000
1564,113,167.28,212.14,312.35,96.54,1,1,1.000000
1564,114,767.20,51.47,477.38,174.57,1,1,1.000000
1564,119,0.00,180.82,131.12,63.64,1,1,1.000000
1564,100,178.90,159.13,121.58,55.88,1,1,1.000000
1565,57,243.71,467.58,243.87,119.40,1,1,1.000000
1565,73,729.61,160.82,258.53,87.17,1,1,1.000000
1565,74,26.33,116.12,97.29,74.27,1,1,1.000000
1565,76,1215.16,504.06,64.84,72.44,1,1,1.000000
1565,78,421.32,309.49,219.64,77.11,1,1,1.000000
1565,82,381.42,441.69,229.37,95.44,1,1,1.000000
1565,50,850.16,494.17,322.41,146.76,1,1,1.000000
1565,90,16.35,521.25,181.11,77.45,1,1,1.000000
1565,77,964.26,228.81,232.32,118.97,1,1,1.000000
1565,93,91.54,398.20,195.12,109.97,1,1,1.000000
1565,95,219.82,340.27,213.80,64.77,1,1,1.000000
1565,96,62.17,21.73,130.34,96.76,1,1,1.000000
1565,102,653.52,41.69,168.58,79.90,1,1,1.000000
1565,79,2.60,313.67,114.11,117.78,1,1,1.000000
1565,107,99.91,113.50,76.35,79.06,1,1,1.000000
1565,113,175.10,213.61,319.02,96.03,1,1,1.000000
1565,114,779.39,54.25,467.97,174.87,1,1,1.000000
1565,119,0.00,184.48,123.83,58.91,1,1,1.000000
1565,100,179.63,159.52,120.29,56.17,1,1,1.000000
1565,123,83.11,243.96,66.58,63.67,1,1,1.000000
1566,57,256.35,471.60,237.90,118.11,1,1,1.000000
1566,73,749.87,165.70,266.19,89.20,1,1,1.000000
1566,74,28.23,117.14,91.81,73.05,1,1,1.000000
1566,78,429.60,309.15,224.77,80.12,1,1,1.000000
1566,82,398.49,450.31,211.65,86.90,1,1,1.000000
1566,50,871.97,499.92,319.98,145.13,1,1,1.000000
1566,90,19.66,525.67,182.53,76.12,1,1,1.000000
1566,77,986.92,240.38,227.28,115.83,1,1,1.000000
1566,93,102.80,402.54,186.68,105.32,1,1,1.000000
1566,95,222.86,340.14,219.38,68.89,1,1,1.000000
1566,96,58.99,22.51,123.78,94.34,1,1,1.000000
1566,102,655.97,39.07,174.56,85.57,1,1,1.000000
1566,79,3.07,315.56,112.34,115.73,1,1,1.000000
1566,107,89.11,113.24,76.05,75.22,1,1,1.000000
1566,113,196.92,217.07,332.46,99.21,1,1,1.000000
1566,114,810.41,64.21,455.79,173.36,1,1,1.000000
1566,119,2.16,189.67,121.71,56.84,1,1,1.000000
1566,100,178.13,159.96,120.37,55.92,1,1,1.000000
1566,123,81.22,244.84,67.38,64.54,1,1,1.000000
1567,57,266.58,474.87,233.46,117.60,1,1,1.000000
1567,73,765.83,167.94,278.10,92.96,1,1,1.000000
1567,78,437.57,310.22,225.62,81.53,1,1,1.000000
1567,82,407.92,456.89,203.15,82.07,1,1,1.000000
1567,50,890.04,503.29,321.14,144.90,1,1,1.000000
1567,90,20.75,528.77,185.66,75.57,1,1,1.000000
1567,77,1005.59,247.87,226.16,114.56,1,1,1.000000
1567,93,111.23,404.66,179.83,101.90,1,1,1.000000
1567,95,226.61,340.38,220.05,71.66,1,1,1.000000
1567,96,54.59,22.74,123.31,96.54,1,1,1.000000
1567,102,667.69,44.00,164.08,82.85,1,1,1.000000
1567,79,4.16,317.92,110.80,113.87,1,1,1.000000
1567,107,76.71,115.50,79.23,73.83,1,1,1.000000
1567,113,222.95,219.93,337.17,100.11,1,1,1.000000
1567,114,831.46,71.09,448.54,173.63,1,1,1.000000
1567,119,1.00,195.54,119.03,55.67,1,1,1.000000
1567,100,174.12,159.65,126.08,58.83,1,1,1.000000
1567,123,79.97,244.59,69.22,66.53,1,1,1.000000
1567,64,161.61,234.88,80.45,89.51,1,1,1.000000
1567,105,0.00,79.33,51.10,56.87,1,1,1.000000
1568,57,279.10,481.28,223.11,113.38,1,1,1.000000
1568,73,777.49,170.16,289.29,96.69,1,1,1.000000
1568,78,452.86,315.13,216.17,78.73,1,1,1.000000
1568,82,417.24,462.98,196.54,77.76,1,1,1.000000
1568,50,905.49,506.81,322.76,145.15,1,1,1.000000
1568,90,20.55,531.80,190.61,75.86,1,1,1.000000
1568,77,1010.76,250.40,237.74,119.56,1,1,1.000000
1568,93,114.78,405.98,180.07,102.66,1,1,1.000000
1568,95,234.83,340.88,217.20,73.63,1,1,1.000000
1568,96,51.36,24.45,126.12,101.91,1,1,1.000000
1568,102,676.89,47.04,155.64,80.79,1,1,1.000000
1568,79,4.70,320.70,110.03,112.44,1,1,1.000000
1568,107,75.32,118.43,79.22,70.34,1,1,1.000000
1568,113,251.89,222.87,336.20,99.62,1,1,1.000000
1568,114,851.91,77.85,428.09,173.27,1,1,1.000000
1568,119,0.00,201.62,165.24,93.16,1,1,1.000000
1568,100,170.13,160.26,131.80,61.70,1,1,1.000000
1568,64,165.77,235.54,76.37,91.84,1,1,1.000000
1568,105,0.00,80.12,52.99,61.77,1,1,1.000000
1568,74,33.12,119.27,84.29,69.45,1,1,1.000000
1569,57,282.14,480.89,226.00,116.11,1,1,1.000000
1569,73,786.53,172.02,300.21,100.33,1,1,1.000000
1569,78,463.46,318.42,213.32,78.54,1,1,1.000000
1569,82,428.62,471.32,188.15,72.41,1,1,1.000000
1569,50,918.36,509.20,331.42,149.00,1,1,1.000000
1569,90,21.97,534.81,192.24,74.65,1,1,1.000000
1569,77,1033.62,261.68,226.48,111.64,1,1,1.000000
1569,93,121.96,409.72,176.35,100.48,1,1,1.000000
1569,95,242.13,340.50,216.03,76.31,1,1,1.000000
1569,96,52.39,27.28,123.81,102.90,1,1,1.000000
1569,102,680.41,44.98,157.87,84.63,1,1,1.000000
1569,79,5.29,322.43,111.36,113.22,1,1,1.000000
1569,107,79.79,119.59,82.08,72.08,1,1,1.000000
1569,113,270.62,224.71,335.74,99.19,1,1,1.000000
1569,114,876.19,86.38,403.81,169.44,1,1,1.000000
1569,119,0.00,207.18,129.71,68.54,1,1,1.000000
1569,100,164.08,160.21,144.36,68.78,1,1,1.000000
1569,64,169.49,238.68,70.58,89.55,1,1,1.000000
1569,105,0.00,81.91,53.01,62.33,1,1,1.000000
1569,74,33.48,119.81,83.34,71.39,1,1,1.000000
1569,123,86.26,247.77,68.73,66.78,1,1,1.000000
1570,57,285.45,479.35,229.61,119.49,1,1,1.000000
1570,73,800.96,175.71,305.88,101.84,1,1,1.000000
1570,78,475.33,323.45,205.78,76.28,1,1,1.000000
1570,82,437.34,477.96,182.76,68.02,1,1,1.000000
1570,50,933.59,513.41,334.80,150.12,1,1,1.000000
1570,90,23.84,539.64,193.54,73.13,1,1,1.000000
1570,77,1047.76,268.77,225.19,110.41,1,1,1.000000
1570,93,131.12,411.09,166.62,93.93,1,1,1.000000
1570,95,244.30,339.79,219.86,81.07,1,1,1.000000
1570,96,51.43,30.03,115.98,99.45,1,1,1.000000
1570,102,688.22,47.07,152.84,84.60,1,1,1.000000
1570,79,5.47,324.30,111.68,113.01,1,1,1.000000
1570,107,72.00,119.18,86.26,73.42,1,1,1.000000
1570,113,283.87,225.24,342.66,101.23,1,1,1.000000
1570,114,895.70,96.26,384.30,164.02,1,1,1.000000
1570,119,0.00,209.10,102.63,53.18,1,1,1.000000
1570,100,162.84,161.49,144.72,69.30,1,1,1.000000
1570,64,172.12,239.52,67.56,89.99,1,1,1.000000
1570,105,0.00,84.82,53.37,64.89,1,1,1.000000
1570,123,87.69,251.08,68.74,67.23,1,1,1.000000
1571,57,290.45,481.25,232.81,123.11,1,1,1.000000
1571,73,814.38,178.77,314.66,104.57,1,1,1.000000
1571,78,484.29,327.05,203.51,75.73,1,1,1.000000
1571,82,446.83,483.49,179.60,64.43,1,1,1.000000
1571,50,950.79,515.61,329.21,149.15,1,1,1.000000
1571,90,20.74,541.53,203.39,75.36,1,1,1.000000
1571,77,1047.92,267.46,232.08,115.87,1,1,1.000000
1571,93,147.81,413.08,145.91,80.24,1,1,1.000000
1571,95,248.82,339.72,221.05,85.09,1,1,1.000000
1571,96,51.32,32.47,115.32,102.13,1,1,1.000000
1571,102,694.06,47.94,151.45,86.63,1,1,1.000000
1571,79,8.33,326.17,111.40,112.15,1,1,1.000000
1571,107,72.76,120.88,87.25,73.25,1,1,1.000000
1571,113,301.42,228.07,342.29,100.74,1,1,1.000000
1571,114,912.14,103.54,367.86,159.32,1,1,1.000000
1571,119,0.00,207.84,91.21,49.27,1,1,1.000000
1571,100,164.47,164.04,141.55,67.62,1,1,1.000000
1571,64,172.79,239.62,69.05,96.39,1,1,1.000000
1571,105,0.00,86.89,51.36,63.06,1,1,1.000000
1571,123,89.91,254.36,66.27,65.21,1,1,1.000000
1571,74,42.51,120.78,79.22,69.52,1,1,1.000000
1572,57,301.64,486.95,224.23,119.91,1,1,1.000000
1572,73,825.62,180.12,333.37,111.16,1,1,1.000000
1572,78,488.33,328.32,209.67,78.47,1,1,1.000000
1572,82,452.92,486.45,182.40,63.30,1,1,1.000000
1572,50,959.76,521.68,320.24,149.56,1,1,1.000000
1572,90,16.25,543.16,214.79,78.60,1,1,1.000000
1572,77,1065.07,273.38,214.93,111.88,1,1,1.000000
1572,93,150.62,415.83,142.36,76.22,1,1,1.000000
1572,95,257.05,340.39,221.67,89.12,1,1,1.000000
1572,96,51.72,34.74,109.33,100.38,1,1,1.000000
1572,102,701.54,47.99,148.45,87.74,1,1,1.000000
1572,79,8.03,327.85,114.11,113.94,1,1,1.000000
1572,107,76.47,123.58,90.57,76.66,1,1,1.000000
1572,113,329.68,236.47,332.83,97.12,1,1,1.000000
1572,114,929.70,110.51,350.30,154.47,1,1,1.000000
1572,119,0.00,208.26,82.02,47.78,1,1,1.000000
1572,100,162.18,165.66,146.98,70.55,1,1,1.000000
1572,64,176.83,241.84,67.41,97.98,1,1,1.000000
1572,105,0.00,89.76,50.34,62.46,1,1,1.000000
1572,123,93.06,259.95,64.15,63.45,1,1,1.000000
1572,125,367.39,222.71,97.37,46.75,1,1,1.000000
1572,74,45.58,125.73,77.16,69.86,1,1,1.000000
1572,104,0.00,301.81,32.95,59.46,1,1,1.000000
1573,57,311.06,492.38,216.21,116.41,1,1,1.000000
1573,73,844.89,182.97,346.61,115.90,1,1,1.000000
1573,78,487.56,326.83,222.17,83.99,1,1,1.000000
1573,82,460.52,490.16,183.02,61.42,1,1,1.000000
1573,50,974.88,529.64,305.12,143.07,1,1,1.000000
1573,90,10.97,544.30,225.73,82.05,1,1,1.000000
1573,77,1078.26,281.77,201.74,105.13,1,1,1.000000
1573,93,149.01,419.85,148.04,77.47,1,1,1.000000
1573,95,267.36,342.19,216.83,91.08,1,1,1.000000
1573,96,54.35,39.38,101.44,96.48,1,1,1.000000
1573,102,707.47,47.37,147.33,89.78,1,1,1.000000
1573,79,9.52,330.94,115.73,114.56,1,1,1.000000
1573,107,85.85,123.59,90.94,78.91,1,1,1.000000
1573,113,354.85,239.72,333.21,97.03,1,1,1.000000
1573,114,942.87,114.66,337.13,152.41,1,1,1.000000
1573,119,0.00,207.79,73.78,48.86,1,1,1.000000
1573,100,164.03,168.35,144.29,68.96,1,1,1.000000
1573,64,178.24,244.38,66.44,99.52,1,1,1.000000
1573,105,0.00,93.51,49.72,61.38,1,1,1.000000
1573,123,95.67,263.16,64.18,63.51,1,1,1.000000
1573,125,380.01,227.19,92.97,44.37,1,1,1.000000
1573,74,47.12,127.99,75.76,71.20,1,1,1.000000
1573,104,0.00,305.33,34.76,63.83,1,1,1.000000
1574,57,321.48,500.78,207.18,111.53,1,1,1.000000
1574,73,866.62,184.23,358.15,119.83,1,1,1.000000
1574,78,485.92,325.50,235.89,90.41,1,1,1.000000
1574,82,463.27,491.79,194.56,64.01,1,1,1.000000
1574,50,991.00,538.30,289.00,137.61,1,1,1.000000
1574,90,5.32,545.94,237.36,86.17,1,1,1.000000
1574,77,1088.60,283.31,191.40,104.69,1,1,1.000000
1574,93,144.74,423.69,160.03,82.53,1,1,1.000000
1574,95,276.21,342.88,216.39,95.04,1,1,1.000000
1574,96,55.48,42.98,93.51,92.04,1,1,1.000000
1574,102,721.13,53.12,136.98,85.60,1,1,1.000000
1574,79,11.41,334.50,115.56,113.39,1,1,1.000000
1574,107,96.51,122.90,87.63,78.62,1,1,1.000000
1574,113,366.38,236.64,355.41,104.11,1,1,1.000000
1574,114,954.53,116.83,325.47,153.40,1,1,1.000000
1574,119,0.00,196.55,78.10,64.44,1,1,1.000000
1574,100,168.70,172.95,137.72,64.44,1,1,1.000000
1574,64,180.13,246.88,65.88,100.49,1,1,1.000000
1574,105,0.00,96.50,50.64,61.53,1,1,1.000000
1574,123,96.68,264.45,64.44,63.78,1,1,1.000000
1574,125,383.80,232.39,101.86,48.30,1,1,1.000000
1574,74,47.04,127.53,76.60,74.45,1,1,1.000000
1574,104,0.00,308.97,35.22,65.47,1,1,1.000000
1575,57,331.46,509.61,198.37,106.66,1,1,1.000000
1575,73,826.27,183.09,453.73,175.09,1,1,1.000000
1575,78,492.80,330.46,233.78,90.23,1,1,1.000000
1575,82,470.20,494.06,196.03,63.19,1,1,1.000000
1575,50,1008.79,547.71,271.21,132.46,1,1,1.000000
1575,90,0.00,546.13,251.07,92.59,1,1,1.000000
1575,93,148.84,426.18,155.40,77.88,1,1,1.000000
1575,95,287.03,345.35,211.48,96.83,1,1,1.000000
1575,96,57.15,45.78,86.09,87.66,1,1,1.000000
1575,102,729.21,54.68,132.52,84.46,1,1,1.000000
1575,79,12.20,338.62,117.19,113.66,1,1,1.000000
1575,107,104.14,125.65,82.51,76.64,1,1,1.000000
1575,113,404.97,246.40,329.61,95.94,1,1,1.000000
1575,114,969.49,121.43,310.51,150.50,1,1,1.000000
1575,100,166.34,177.04,142.66,65.91,1,1,1.000000
1575,64,182.65,249.37,65.04,100.15,1,1,1.000000
1575,105,0.00,103.96,48.56,57.32,1,1,1.000000
1575,123,98.31,266.38,63.92,63.48,1,1,1.000000
1575,125,390.96,234.13,102.20,47.69,1,1,1.000000
1575,74,48.50,131.13,72.31,71.66,1,1,1.000000
1575,104,0.00,311.86,35.48,66.72,1,1,1.000000
1576,57,349.38,529.37,181.58,96.02,1,1,1.000000
1576,73,842.34,191.71,437.66,185.43,1,1,1.000000
1576,78,499.58,336.31,241.73,94.34,1,1,1.000000
1576,82,484.74,498.81,192.52,60.69,1,1,1.000000
1576,50,1038.11,555.70,241.89,119.58,1,1,1.000000
1576,90,0.00,548.02,267.26,107.49,1,1,1.000000
1576,93,152.71,433.76,153.63,74.30,1,1,1.000000
1576,95,303.70,351.68,204.17,97.16,1,1,1.000000
1576,96,59.13,49.40,76.27,79.04,1,1,1.000000
1576,102,737.95,57.56,132.97,86.31,1,1,1.000000
1576,79,16.32,343.01,115.21,111.01,1,1,1.000000
1576,107,109.17,130.79,79.43,77.03,1,1,1.000000
1576,113,454.10,257.09,318.32,92.39,1,1,1.000000
1576,114,1006.56,133.81,273.44,135.51,1,1,1.000000
1576,100,165.24,180.11,144.01,65.57,1,1,1.000000
1576,64,185.14,253.97,64.24,98.24,1,1,1.000000
1576,123,98.99,270.19,64.16,63.84,1,1,1.000000
1576,125,399.61,241.53,122.13,56.18,1,1,1.000000
1576,74,52.46,137.67,68.91,69.83,1,1,1.000000
1576,104,0.00,313.40,37.64,70.82,1,1,1.000000
1577,57,357.76,542.61,175.10,90.62,1,1,1.000000
1577,73,867.06,201.60,412.94,184.85,1,1,1.000000
1577,78,506.36,340.46,248.65,98.35,1,1,1.000000
1577,82,490.03,499.71,198.64,61.80,1,1,1.000000
1577,50,1062.90,560.12,217.10,114.60,1,1,1.000000
1577,90,0.00,552.63,271.10,112.88,1,1,1.000000
1577,93,149.90,436.68,163.89,77.58,1,1,1.000000
1577,95,315.26,355.98,199.39,98.23,1,1,1.000000
1577,96,60.12,51.86,72.48,75.46,1,1,1.000000
1577,102,743.48,58.80,133.07,87.63,1,1,1.000000
1577,79,18.90,346.06,113.89,108.50,1,1,1.000000
1577,107,113.63,133.00,76.69,77.43,1,1,1.000000
1577,113,493.52,265.37,303.38,87.11,1,1,1.000000
1577,114,1033.98,141.67,246.02,123.84,1,1,1.000000
1577,100,166.83,184.11,141.23,62.87,1,1,1.000000
1577,64,186.03,256.91,63.89,97.17,1,1,1.000000
1577,123,102.51,274.02,62.59,62.40,1,1,1.000000
1577,125,414.80,245.81,119.62,53.20,1,1,1.000000
1577,74,51.63,141.32,70.74,73.15,1,1,1.000000
1577,104,0.00,317.23,38.48,72.31,1,1,1.000000
1577,105,1.46,117.48,45.72,52.30,1,1,1.000000
1578,57,359.88,550.06,179.41,90.75,1,1,1.000000
1578,73,901.59,211.72,378.41,172.56,1,1,1.000000
1578,78,516.83,345.42,249.16,99.78,1,1,1.000000
1578,82,496.85,501.65,201.28,61.82,1,1,1.000000
1578,50,1074.47,560.09,205.53,118.84,1,1,1.000000
1578,90,0.00,557.15,265.24,109.40,1,1,1.000000
1578,93,149.89,438.52,167.41,77.44,1,1,1.000000
1578,95,321.64,357.93,198.25,100.97,1,1,1.000000
1578,96,61.38,55.03,69.97,72.11,1,1,1.000000
1578,102,750.30,64.23,128.90,85.05,1,1,1.000000
1578,79,19.97,348.68,114.92,107.90,1,1,1.000000
1578,107,117.69,135.26,71.29,74.64,1,1,1.000000
1578,113,525.72,271.18,294.34,83.14,1,1,1.000000
1578,114,1062.53,153.02,217.47,114.21,1,1,1.000000
1578,100,167.15,188.11,136.56,58.73,1,1,1.000000
1578,64,185.00,258.51,65.41,99.06,1,1,1.000000
1578,123,103.75,279.30,61.74,61.82,1,1,1.000000
1578,125,425.37,249.89,119.54,51.01,1,1,1.000000
1578,74,51.93,146.22,71.80,74.91,1,1,1.000000
1578,105,1.01,121.24,46.31,52.83,1,1,1.000000
1579,57,361.98,553.65,183.13,90.36,1,1,1.000000
1579,73,928.28,216.83,351.72,163.40,1,1,1.000000
1579,78,526.31,347.85,249.84,101.57,1,1,1.000000
1579,82,500.62,502.83,208.98,63.71,1,1,1.000000
1579,50,1089.24,559.21,190.76,113.45,1,1,1.000000
1579,90,0.00,561.98,266.04,107.02,1,1,1.000000
1579,93,148.88,441.26,171.55,77.93,1,1,1.000000
1579,95,328.46,359.24,194.70,102.01,1,1,1.000000
1579,96,63.53,57.95,69.54,70.98,1,1,1.000000
1579,102,756.02,69.55,126.91,83.60,1,1,1.000000
1579,79,20.35,351.20,115.31,106.45,1,1,1.000000
1579,107,117.80,137.82,76.94,83.45,1,1,1.000000
1579,113,545.00,274.40,297.04,82.80,1,1,1.000000
1579,114,1081.20,158.18,198.80,106.88,1,1,1.000000
1579,100,161.67,189.75,144.93,60.99,1,1,1.000000
1579,64,185.22,259.87,66.79,99.78,1,1,1.000000
1579,123,103.32,282.72,60.27,60.20,1,1,1.000000
1579,125,420.52,250.94,140.28,58.97,1,1,1.000000
1579,74,51.86,147.49,72.92,77.53,1,1,1.000000
1579,105,0.42,123.75,47.53,54.26,1,1,1.000000
1579,104,0.27,325.07,39.04,71.85,1,1,1.000000
1580,57,367.01,555.09,187.72,90.94,1,1,1.000000
1580,73,954.27,222.53,325.73,153.33,1,1,1.000000
1580,78,534.50,349.21,255.60,105.80,1,1,1.000000
1580,82,504.92,503.47,214.24,64.96,1,1,1.000000
1580,50,1107.94,559.34,172.06,105.87,1,1,1.000000
1580,90,4.72,566.78,265.72,105.95,1,1,1.000000
1580,93,153.94,445.24,168.85,74.17,1,1,1.000000
1580,95,337.10,362.67,187.32,100.52,1,1,1.000000
1580,96,66.43,60.87,70.50,71.15,1,1,1.000000
1580,102,759.40,71.40,127.71,83.67,1,1,1.000000
1580,79,14.81,353.80,121.99,111.44,1,1,1.000000
1580,107,125.07,140.97,66.20,72.34,1,1,1.000000
1580,113,559.90,274.07,318.04,88.45,1,1,1.000000
1580,114,1095.61,162.24,184.39,101.76,1,1,1.000000
1580,100,158.46,192.61,148.46,60.79,1,1,1.000000
1580,64,184.95,261.49,68.06,99.99,1,1,1.000000
1580,123,102.39,282.88,61.98,62.02,1,1,1.000000
1580,125,406.79,252.37,180.25,76.57,1,1,1.000000
1580,74,52.40,151.09,70.78,76.28,1,1,1.000000
1580,105,0.26,126.15,48.20,55.06,1,1,1.000000
1580,104,0.00,326.83,39.33,74.47,1,1,1.000000
1581,57,368.97,553.26,203.83,98.43,1,1,1.000000
1581,73,978.74,226.68,301.26,145.16,1,1,1.000000
1581,78,542.63,349.90,262.08,110.87,1,1,1.000000
1581,82,510.30,505.85,219.28,66.33,1,1,1.000000
1581,50,1124.65,562.45,155.35,100.75,1,1,1.000000
1581,90,15.20,571.39,260.02,105.85,1,1,1.000000
1581,93,163.86,449.28,155.85,64.93,1,1,1.000000
1581,95,344.59,366.46,182.22,99.90,1,1,1.000000
1581,96,66.55,62.75,74.00,74.41,1,1,1.000000
1581,102,761.26,70.91,130.99,85.20,1,1,1.000000
1581,79,11.31,355.63,125.44,113.23,1,1,1.000000
1581,107,129.93,141.28,57.65,62.21,1,1,1.000000
1581,113,566.70,272.80,338.32,94.14,1,1,1.000000
1581,114,1114.75,167.26,165.25,93.49,1,1,1.000000
1581,100,153.07,194.86,159.70,64.03,1,1,1.000000
1581,64,184.89,263.99,69.33,99.77,1,1,1.000000
1581,123,99.96,284.78,63.95,63.97,1,1,1.000000
1581,125,407.59,254.82,200.90,86.18,1,1,1.000000
1581,74,53.62,153.20,68.61,75.14,1,1,1.000000
1581,105,0.40,128.24,48.85,55.84,1,1,1.000000
1581,104,0.00,331.58,38.42,72.90,1,1,1.000000
1582,57,377.83,552.75,207.56,100.04,1,1,1.000000
1582,73,1013.71,237.12,266.29,128.55,1,1,1.000000
1582,78,549.29,349.16,269.55,116.77,1,1,1.000000
1582,82,513.68,505.49,227.07,68.85,1,1,1.000000
1582,50,1144.72,570.75,135.28,90.28,1,1,1.000000
1582,90,25.22,575.56,252.96,105.09,1,1,1.000000
1582,93,172.93,450.29,146.52,57.49,1,1,1.000000
1582,95,354.20,371.71,175.54,97.87,1,1,1.000000
1582,96,68.09,65.17,77.11,77.47,1,1,1.000000
1582,102,763.72,70.75,135.95,87.74,1,1,1.000000
1582,79,9.66,357.26,126.87,113.19,1,1,1.000000
1582,107,131.90,141.42,55.10,58.32,1,1,1.000000
1582,113,581.48,271.90,356.66,99.74,1,1,1.000000
1582,114,1131.29,169.82,148.71,85.64,1,1,1.000000
1582,100,146.23,197.01,173.89,68.68,1,1,1.000000
1582,64,183.87,265.98,70.56,99.33,1,1,1.000000
1582,123,99.64,289.84,62.31,61.91,1,1,1.000000
1582,125,404.33,256.01,208.76,91.32,1,1,1.000000
1582,74,55.14,153.29,66.16,73.51,1,1,1.000000
1582,105,0.76,131.63,48.70,55.56,1,1,1.000000
1582,104,0.00,333.40,39.03,72.97,1,1,1.000000
1583,57,373.58,546.72,232.00,113.27,1,1,1.000000
1583,73,1038.16,240.88,241.84,120.79,1,1,1.000000
1583,78,556.09,349.54,278.42,123.80,1,1,1.000000
1583,82,521.16,507.89,225.22,68.18,1,1,1.000000
1583,50,1169.57,581.64,110.43,77.43,1,1,1.000000
1583,90,34.26,576.20,251.48,107.47,1,1,1.000000
1583,93,175.15,451.17,146.80,54.83,1,1,1.000000
1583,95,364.33,379.59,162.46,90.95,1,1,1.000000
1583,96,67.43,67.00,80.37,80.19,1,1,1.000000
1583,102,764.71,70.21,142.11,91.26,1,1,1.000000
1583,79,9.90,359.10,126.74,111.56,1,1,1.000000
1583,107,133.55,144.23,55.81,57.71,1,1,1.000000
1583,113,598.86,273.21,370.14,104.24,1,1,1.000000
1583,114,1155.20,179.82,124.80,74.10,1,1,1.000000
1583,100,148.99,198.98,176.32,68.49,1,1,1.000000
1583,64,184.72,267.43,72.47,99.73,1,1,1.000000
1583,123,97.61,292.96,64.05,63.32,1,1,1.000000
1583,125,406.55,257.44,209.02,93.62,1,1,1.000000
1583,74,55.81,154.57,66.72,74.70,1,1,1.000000
1583,105,1.39,133.08,49.86,56.62,1,1,1.000000
1583,104,0.20,334.94,39.26,73.29,1,1,1.000000
1584,57,377.31,544.62,239.84,118.80,1,1,1.000000
1584,73,1057.26,245.02,222.74,119.00,1,1,1.000000
1584,78,560.73,348.68,286.41,131.24,1,1,1.000000
1584,82,524.26,507.54,230.48,70.14,1,1,1.000000
1584,50,1170.28,594.71,109.72,96.06,1,1,1.000000
1584,90,42.17,578.60,251.28,110.69,1,1,1.000000
1584,93,173.68,453.73,153.26,55.04,1,1,1.000000
1584,95,371.79,390.71,150.95,84.09,1,1,1.000000
1584,96,68.95,68.63,81.06,80.00,1,1,1.000000
1584,102,766.73,72.09,144.59,91.86,1,1,1.000000
1584,79,9.45,360.79,128.52,111.79,1,1,1.000000
1584,107,131.88,145.58,63.57,64.78,1,1,1.000000
1584,113,620.32,277.69,375.44,106.46,1,1,1.000000
1584,114,1175.30,190.30,104.70,68.37,1,1,1.000000
1584,100,160.26,201.75,171.79,66.05,1,1,1.000000
1584,64,186.00,269.89,68.44,91.08,1,1,1.000000
1584,123,95.72,294.48,66.20,65.48,1,1,1.000000
1584,125,410.80,260.65,205.18,94.31,1,1,1.000000
1584,74,57.39,155.22,67.67,75.88,1,1,1.000000
1584,105,1.71,134.16,50.90,57.51,1,1,1.000000
1584,104,0.69,335.95,39.47,73.44,1,1,1.000000
1585,57,383.15,544.89,244.82,122.92,1,1,1.000000
1585,73,1070.77,249.73,209.23,121.37,1,1,1.000000
1585,78,566.62,349.31,292.10,138.16,1,1,1.000000
1585,82,524.23,504.41,244.89,75.58,1,1,1.000000
1585,90,52.52,580.38,248.60,113.04,1,1,1.000000
1585,93,171.01,455.73,160.00,55.39,1,1,1.000000
1585,95,371.98,395.91,147.91,81.58,1,1,1.000000
1585,96,67.71,70.10,79.87,77.39,1,1,1.000000
1585,102,767.97,72.54,151.13,95.36,1,1,1.000000
1585,79,10.40,363.38,128.57,110.48,1,1,1.000000
1585,107,129.74,147.65,69.82,69.34,1,1,1.000000
1585,113,644.77,281.83,376.69,107.18,1,1,1.000000
1585,114,1186.44,196.33,93.56,74.24,1,1,1.000000
1585,100,168.76,202.73,170.47,65.55,1,1,1.000000
1585,64,186.44,272.55,64.73,83.01,1,1,1.000000
1585,123,93.57,294.23,67.77,66.73,1,1,1.000000
1585,125,415.19,262.58,203.50,96.28,1,1,1.000000
1585,74,57.32,155.00,69.63,78.21,1,1,1.000000
1585,105,1.45,134.52,52.04,58.66,1,1,1.000000
1585,104,0.94,337.76,39.00,72.31,1,1,1.000000
1586,57,391.69,549.12,245.04,124.46,1,1,1.000000
1586,73,1107.85,255.67,172.15,100.34,1,1,1.000000
1586,78,571.82,349.48,297.73,145.80,1,1,1.000000
1586,82,528.06,503.73,254.79,79.82,1,1,1.000000
1586,90,61.42,578.88,252.46,119.26,1,1,1.000000
1586,93,170.73,457.38,163.40,54.86,1,1,1.000000
1586,95,372.23,400.09,145.60,78.92,1,1,1.000000
1586,96,63.99,72.65,80.22,77.02,1,1,1.000000
1586,102,769.13,74.35,155.28,97.15,1,1,1.000000
1586,79,12.27,365.47,128.95,109.70,1,1,1.000000
1586,107,128.06,148.37,75.95,73.82,1,1,1.000000
1586,113,670.63,285.57,379.85,108.35,1,1,1.000000
1586,100,175.16,203.00,170.11,65.73,1,1,1.000000
1586,64,185.23,274.54,64.46,79.74,1,1,1.000000
1586,123,90.45,295.05,69.97,68.50,1,1,1.000000
1586,125,422.14,265.94,198.21,96.78,1,1,1.000000
1586,74,57.87,157.76,68.58,76.94,1,1,1.000000
1586,105,1.30,134.65,53.23,59.86,1,1,1.000000
1586,104,1.30,339.69,39.09,72.02,1,1,1.000000
1587,57,403.84,552.51,237.62,121.30,1,1,1.000000
1587,73,1140.38,259.77,139.62,80.46,1,1,1.000000
1587,78,577.75,354.73,297.57,150.46,1,1,1.000000
1587,82,537.92,510.20,247.75,78.11,1,1,1.000000
1587,90,68.88,576.72,255.28,125.61,1,1,1.000000
1587,93,175.10,457.92,164.66,53.39,1,1,1.000000
1587,95,370.27,401.46,147.85,78.83,1,1,1.000000
1587,96,62.20,73.39,80.19,76.81,1,1,1.000000
1587,102,771.22,77.14,157.21,97.00,1,1,1.000000
1587,79,12.60,366.46,130.09,109.87,1,1,1.000000
1587,107,127.80,148.67,79.14,74.80,1,1,1.000000
1587,113,690.04,287.73,389.65,111.80,1,1,1.000000
1587,100,181.18,202.06,168.58,65.79,1,1,1.000000
1587,64,182.29,274.87,67.13,80.18,1,1,1.000000
1587,123,90.89,295.79,71.01,69.23,1,1,1.000000
1587,125,430.46,267.89,192.69,97.26,1,1,1.000000
1587,74,57.88,157.69,68.84,77.36,1,1,1.000000
1587,105,1.31,134.68,53.43,59.95,1,1,1.000000
1587,104,1.12,340.81,38.86,71.43,1,1,1.000000
1588,57,416.73,560.70,231.69,118.01,1,1,1.000000
1588,73,1186.47,274.54,93.53,61.93,1,1,1.000000
1588,78,584.68,363.19,299.40,155.77,1,1,1.000000
1588,82,552.16,518.59,244.07,77.35,1,1,1.000000
1588,90,80.43,574.22,263.54,136.40,1,1,1.000000
1588,93,176.62,455.07,178.44,56.84,1,1,1.000000
1588,95,370.41,406.93,150.72,78.61,1,1,1.000000
1588,96,60.26,75.88,75.43,72.13,1,1,1.000000
1588,102,770.01,81.19,163.64,98.80,1,1,1.000000
1588,79,12.33,366.26,132.93,111.05,1,1,1.000000
1588,107,123.48,147.32,90.20,83.06,1,1,1.000000
1588,113,722.61,292.43,409.68,118.43,1,1,1.000000
1588,100,180.96,200.19,170.19,67.03,1,1,1.000000
1588,64,176.88,272.52,72.93,84.74,1,1,1.000000
1588,123,91.25,295.26,72.11,69.99,1,1,1.000000
1588,125,435.40,267.87,196.05,103.07,1,1,1.000000
1588,74,57.23,156.87,66.82,75.53,1,1,1.000000
1588,105,1.68,133.80,54.99,61.38,1,1,1.000000
1588,104,0.66,341.19,40.10,73.70,1,1,1.000000
1589,57,421.26,563.68,229.64,116.73,1,1,1.000000
1589,73,1199.49,278.40,80.51,57.08,1,1,1.000000
1589,78,589.60,366.48,295.29,157.77,1,1,1.000000
1589,82,557.67,521.70,241.95,77.04,1,1,1.000000
1589,90,88.83,573.21,258.86,140.58,1,1,1.000000
1589,93,175.99,454.04,185.48,58.17,1,1,1.000000
1589,95,369.31,408.67,153.90,78.73,1,1,1.000000
1589,96,59.51,76.70,73.71,70.38,1,1,1.000000
1589,102,768.50,82.68,167.93,99.47,1,1,1.000000
1589,79,11.86,366.13,134.61,111.33,1,1,1.000000
1589,107,121.15,146.80,95.77,86.18,1,1,1.000000
1589,113,735.56,294.16,415.60,120.97,1,1,1.000000
1589,100,181.23,199.44,169.93,67.50,1,1,1.000000
1589,64,174.33,271.63,76.21,86.43,1,1,1.000000
1589,123,91.32,294.97,72.67,70.26,1,1,1.000000
1589,125,439.60,267.82,192.55,105.25,1,1,1.000000
1589,74,57.05,156.49,65.84,74.81,1,1,1.000000
1589,105,1.74,133.40,55.72,61.91,1,1,1.000000
1589,104,0.46,341.27,40.58,74.62,1,1,1.000000
1590,57,424.83,569.49,229.27,115.91,1,1,1.000000
1590,78,598.78,372.46,289.28,158.24,1,1,1.000000
1590,82,560.70,523.76,248.04,79.74,1,1,1.000000
1590,90,95.97,572.31,255.56,145.90,1,1,1.000000
1590,93,173.92,454.59,194.50,60.39,1,1,1.000000
1590,95,371.75,411.33,154.48,77.08,1,1,1.000000
1590,96,56.88,77.09,71.74,68.33,1,1,1.000000
1590,102,765.91,84.13,174.45,101.57,1,1,1.000000
1590,79,12.04,365.72,135.04,110.51,1,1,1.000000
1590,107,117.94,146.45,99.64,87.30,1,1,1.000000
1590,113,750.95,294.84,430.22,126.31,1,1,1.000000
1590,100,180.99,198.55,171.70,68.46,1,1,1.000000
1590,64,171.90,270.77,78.41,86.71,1,1,1.000000
1590,123,90.12,293.98,72.41,69.64,1,1,1.000000
1590,125,445.45,266.65,189.63,108.38,1,1,1.000000
1590,74,60.10,154.47,63.13,71.53,1,1,1.000000
1590,105,1.67,133.62,56.94,63.10,1,1,1.000000
1590,104,1.02,341.15,40.11,73.38,1,1,1.000000
1591,57,428.71,575.59,236.48,118.91,1,1,1.000000
1591,78,614.13,379.84,294.61,165.34,1,1,1.000000
1591,82,564.94,522.82,266.06,87.21,1,1,1.000000
1591,90,106.85,570.36,250.29,149.64,1,1,1.000000
1591,93,175.31,457.42,200.65,62.32,1,1,1.000000
1591,95,379.47,411.81,162.95,80.35,1,1,1.000000
1591,96,57.56,77.96,70.70,66.42,1,1,1.000000
1591,102,762.77,85.12,186.63,106.86,1,1,1.000000
1591,79,12.68,365.02,133.37,107.13,1,1,1.000000
1591,107,104.97,145.36,104.64,84.98,1,1,1.000000
1591,113,781.53,299.27,454.18,134.67,1,1,1.000000
1591,100,183.07,199.74,167.00,65.89,1,1,1.000000
1591,64,170.88,271.81,80.77,87.36,1,1,1.000000
1591,123,88.59,294.39,72.57,69.16,1,1,1.000000
1591,125,445.47,260.63,203.05,122.64,1,1,1.000000
1591,105,2.15,134.07,57.19,62.98,1,1,1.000000
1591,104,1.64,341.11,39.86,72.26,1,1,1.000000
1592,57,429.61,577.79,239.93,120.07,1,1,1.000000
1592,78,622.01,382.62,292.30,168.01,1,1,1.000000
1592,82,568.03,522.46,269.69,90.00,1,1,1.000000
1592,90,114.57,569.52,240.90,150.48,1,1,1.000000
1592,93,175.71,458.37,203.19,63.13,1,1,1.000000
1592,95,381.64,411.91,167.17,81.55,1,1,1.000000
1592,96,57.58,78.19,70.88,65.78,1,1,1.000000
1592,102,760.65,85.45,192.93,108.83,1,1,1.000000
1592,79,12.44,364.70,133.84,105.69,1,1,1.000000
1592,107,97.98,144.89,110.26,83.99,1,1,1.000000
1592,113,794.25,300.98,460.68,137.86,1,1,1.000000
1592,100,183.42,200.13,165.96,64.87,1,1,1.000000
1592,64,169.99,272.14,82.65,87.67,1,1,1.000000
1592,123,87.88,294.66,72.77,68.76,1,1,1.000000
1592,125,449.13,258.40,200.98,128.03,1,1,1.000000
1592,105,2.25,134.20,57.43,62.88,1,1,1.000000
1592,104,1.77,340.94,40.00,71.92,1,1,1.000000
1592,128,0.60,476.07,60.69,54.97,1,1,1.000000
1593,57,438.68,584.85,239.28,118.96,1,1,1.000000
1593,78,637.44,384.04,302.28,178.81,1,1,1.000000
1593,82,581.35,523.75,266.45,90.49,1,1,1.000000
1593,90,135.05,588.26,204.31,131.74,1,1,1.000000
1593,93,171.99,452.16,224.24,70.97,1,1,1.000000
1593,95,397.53,412.98,168.19,81.24,1,1,1.000000
1593,96,57.86,77.75,70.42,64.50,1,1,1.000000
1593,102,764.92,86.42,202.08,112.18,1,1,1.000000
1593,79,31.41,364.63,118.16,92.41,1,1,1.000000
1593,107,104.55,142.24,99.28,66.80,1,1,1.000000
1593,113,823.35,308.67,456.65,142.74,1,1,1.000000
1593,100,186.69,200.40,160.46,60.84,1,1,1.000000
1593,64,167.52,272.33,88.86,93.22,1,1,1.000000
1593,123,81.89,293.49,76.55,72.65,1,1,1.000000
1593,125,459.94,257.95,197.13,133.13,1,1,1.000000
1593,105,4.10,137.62,53.18,57.09,1,1,1.000000
1593,104,1.73,341.30,38.02,67.95,1,1,1.000000
1594,57,446.24,588.66,239.56,118.25,1,1,1.000000
1594,78,650.80,386.65,305.55,185.78,1,1,1.000000
1594,82,586.61,521.96,272.51,94.46,1,1,1.000000
1594,90,135.65,590.08,195.56,129.92,1,1,1.000000
1594,93,176.12,449.62,229.61,74.10,1,1,1.000000
1594,95,411.17,416.21,163.37,77.62,1,1,1.000000
1594,96,57.94,76.79,70.74,63.63,1,1,1.000000
1594,102,772.71,89.24,206.65,112.99,1,1,1.000000
1594,79,45.23,364.02,103.94,79.85,1,1,1.000000
1594,107,105.44,140.95,97.40,59.00,1,1,1.000000
1594,113,838.23,312.06,441.77,148.46,1,1,1.000000
1594,100,186.62,198.63,163.22,60.36,1,1,1.000000
1594,64,164.55,270.80,92.17,95.77,1,1,1.000000
1594,123,80.36,292.32,77.14,73.74,1,1,1.000000
1594,125,468.22,256.86,193.83,139.14,1,1,1.000000
1594,105,1.94,135.02,54.12,58.01,1,1,1.000000
1594,104,1.50,340.31,37.30,66.21,1,1,1.000000
1594,129,5.37,413.85,77.24,65.88,1,1,1.000000
1595,57,453.32,589.18,244.77,120.58,1,1,1.000000
1595,78,664.44,389.79,305.82,191.40,1,1,1.000000
1595,82,586.62,517.90,288.61,102.67,1,1,1.000000
1595,90,135.41,590.70,188.35,129.30,1,1,1.000000
1595,93,192.17,450.68,210.63,68.56,1,1,1.000000
1595,95,420.26,414.46,170.37,80.48,1,1,1.000000
1595,96,57.89,76.48,69.40,61.07,1,1,1.000000
1595,102,776.02,84.32,221.83,120.83,1,1,1.000000
1595,79,51.23,363.49,96.09,72.20,1,1,1.000000
1595,107,100.28,139.28,111.21,63.19,1,1,1.000000
1595,113,851.54,313.30,428.46,154.76,1,1,1.000000
1595,100,184.76,196.11,168.10,60.86,1,1,1.000000
1595,64,162.98,268.77,95.45,98.52,1,1,1.000000
1595,123,81.33,291.48,76.17,73.15,1,1,1.000000
1595,125,476.62,257.34,187.13,142.71,1,1,1.000000
1595,105,0.50,133.71,54.52,58.61,1,1,1.000000
1595,104,1.63,338.11,37.31,65.60,1,1,1.000000
1595,129,10.79,410.95,83.97,71.22,1,1,1.000000
1596,57,461.10,590.90,252.00,124.40,1,1,1.000000
1596,78,675.38,393.22,309.57,199.21,1,1,1.000000
1596,82,591.21,514.68,293.82,107.33,1,1,1.000000
1596,90,138.12,591.69,181.37,128.31,1,1,1.000000
1596,93,203.51,453.41,195.60,64.00,1,1,1.000000
1596,95,429.58,414.89,171.66,80.54,1,1,1.000000
1596,96,58.73,74.51,67.54,58.29,1,1,1.000000
1596,102,786.12,84.85,229.16,124.80,1,1,1.000000
1596,79,55.00,363.01,89.78,65.38,1,1,1.000000
1596,107,100.86,136.70,120.04,65.09,1,1,1.000000
1596,113,863.02,314.55,416.98,159.77,1,1,1.000000
1596,100,188.60,193.94,163.07,57.23,1,1,1.000000
1596,64,161.35,266.94,97.24,99.86,1,1,1.000000
1596,123,83.47,291.23,74.58,72.04,1,1,1.000000
1596,125,486.16,256.68,181.18,147.04,1,1,1.000000
1596,105,0.25,132.57,54.93,59.10,1,1,1.000000
1596,104,2.12,336.82,37.02,64.17,1,1,1.000000
1596,129,15.48,406.09,93.90,78.88,1,1,1.000000
1597,57,470.77,589.74,256.90,127.48,1,1,1.000000
1597,78,688.60,398.64,308.71,203.35,1,1,1.000000
1597,82,593.46,509.69,304.68,114.62,1,1,1.000000
1597,90,141.84,591.27,176.93,128.73,1,1,1.000000
1597,93,208.81,453.10,192.95,63.72,1,1,1.000000
1597,95,435.51,413.30,175.74,82.23,1,1,1.000000
1597,96,57.05,70.36,71.27,60.81,1,1,1.000000
1597,102,797.75,86.42,235.05,128.46,1,1,1.000000
1597,79,56.61,359.78,91.78,65.72,1,1,1.000000
1597,107,100.56,134.05,128.09,67.11,1,1,1.000000
1597,113,877.39,316.97,402.61,162.46,1,1,1.000000
1597,100,188.24,191.85,171.58,59.14,1,1,1.000000
1597,64,161.57,264.92,97.41,99.29,1,1,1.000000
1597,123,88.10,289.04,72.84,71.34,1,1,1.000000
1597,125,496.12,257.05,173.33,149.67,1,1,1.000000
1597,105,1.17,130.83,55.71,59.67,1,1,1.000000
1597,104,3.87,337.43,36.45,61.40,1,1,1.000000
1597,129,19.21,399.51,106.01,87.84,1,1,1.000000
1598,57,481.58,585.82,268.19,134.18,1,1,1.000000
1598,78,704.05,409.62,310.28,208.23,1,1,1.000000
1598,82,603.75,507.70,312.97,121.29,1,1,1.000000
1598,90,156.63,593.83,167.59,126.17,1,1,1.000000
1598,93,217.76,453.57,186.58,61.89,1,1,1.000000
1598,95,447.05,414.19,177.56,82.59,1,1,1.000000
1598,96,56.58,67.48,75.27,63.53,1,1,1.000000
1598,102,812.91,92.06,242.47,133.00,1,1,1.000000
1598,79,57.82,356.06,93.56,66.64,1,1,1.000000
1598,107,98.35,133.65,134.44,67.36,1,1,1.000000
1598,113,910.54,322.51,369.46,160.11,1,1,1.000000
1598,100,195.08,188.84,171.56,58.11,1,1,1.000000
1598,64,157.61,257.29,103.62,105.58,1,1,1.000000
1598,123,91.71,286.64,69.76,70.16,1,1,1.000000
1598,125,514.67,268.86,155.94,142.00,1,1,1.000000
1598,105,1.94,132.82,55.92,59.41,1,1,1.000000
1598,129,29.21,394.28,114.85,92.60,1,1,1.000000
1599,57,486.29,584.20,271.01,135.80,1,1,1.000000
1599,78,711.44,413.82,307.58,209.99,1,1,1.000000
1599,82,610.35,506.91,310.90,123.88,1,1,1.000000
1599,90,163.52,594.73,161.18,125.27,1,1,1.000000
1599,93,221.18,453.78,183.69,61.16,1,1,1.000000
1599,95,450.92,414.46,178.81,82.72,1,1,1.000000
1599,96,56.18,66.39,77.23,64.54,1,1,1.000000
1599,102,819.07,94.29,244.67,134.65,1,1,1.000000
1599,79,57.99,354.81,94.53,67.00,1,1,1.000000
1599,107,95.89,133.54,139.98,67.48,1,1,1.000000
1599,113,927.37,324.57,352.63,159.01,1,1,1.000000
1599,100,196.81,187.71,173.11,57.73,1,1,1.000000
1599,64,156.12,254.42,105.96,107.92,1,1,1.000000
1599,123,93.58,285.72,67.62,69.70,1,1,1.000000
1599,125,523.88,273.59,144.72,138.64,1,1,1.000000
1599,105,2.11,133.57,56.24,59.31,1,1,1.000000
1599,129,31.88,392.40,120.31,94.18,1,1,1.000000
1600,57,495.01,583.58,270.90,136.42,1,1,1.000000
1600,78,717.14,418.20,309.86,214.61,1,1,1.000000
1600,82,622.05,509.24,302.68,123.75,1,1,1.000000
1600,90,169.71,591.81,159.45,128.19,1,1,1.000000
1600,93,224.48,452.10,188.19,63.24,1,1,1.000000
1600,95,457.21,418.02,175.92,79.67,1,1,1.000000
1600,96,57.10,64.71,78.05,64.77,1,1,1.000000
1600,102,829.33,98.86,246.06,135.83,1,1,1.000000
1600,79,60.72,351.92,90.11,62.99,1,1,1.000000
1600,107,91.99,131.90,145.17,67.38,1,1,1.000000
1600,113,951.35,329.57,328.65,153.75,1,1,1.000000
1600,100,197.72,185.91,176.10,58.10,1,1,1.000000
1600,64,153.77,256.24,105.05,106.23,1,1,1.000000
1600,123,96.19,282.04,65.55,68.77,1,1,1.000000
1600,125,533.85,284.41,131.67,131.01,1,1,1.000000
1600,105,2.46,129.09,58.61,61.33,1,1,1.000000
1600,129,31.58,391.51,133.48,101.70,1,1,1.000000
1600,104,3.69,332.24,37.51,61.90,1,1,1.000000
1601,57,503.82,583.31,269.33,136.69,1,1,1.000000
1601,78,725.23,427.48,308.97,216.28,1,1,1.000000
1601,82,634.46,513.93,294.24,123.14,1,1,1.000000
1601,90,173.70,587.21,159.44,132.79,1,1,1.000000
1601,93,225.60,449.96,193.93,65.96,1,1,1.000000
1601,95,462.73,425.22,167.86,73.47,1,1,1.000000
1601,96,58.73,60.95,75.57,61.76,1,1,1.000000
1601,102,833.30,98.00,256.18,142.16,1,1,1.000000
1601,79,62.43,346.89,90.64,62.61,1,1,1.000000
1601,107,88.70,128.68,154.93,69.85,1,1,1.000000
1601,113,981.05,338.55,298.95,144.17,1,1,1.000000
1601,100,196.35,183.81,184.84,61.01,1,1,1.000000
1601,64,154.18,256.28,104.19,104.25,1,1,1.000000
1601,123,97.52,280.21,65.19,69.45,1,1,1.000000
1601,125,542.20,289.05,125.44,127.70,1,1,1.000000
1601,105,0.47,120.05,61.78,64.92,1,1,1.000000
1601,129,31.30,389.33,148.64,110.24,1,1,1.000000
1601,104,2.24,325.33,39.92,65.38,1,1,1.000000
1602,57,514.96,584.41,264.79,135.59,1,1,1.000000
1602,78,734.37,435.95,309.05,217.70,1,1,1.000000
1602,82,644.27,517.94,288.40,123.15,1,1,1.000000
1602,90,175.12,582.91,158.85,137.09,1,1,1.000000
1602,93,228.14,448.16,198.85,68.65,1,1,1.000000
1602,95,465.56,429.66,168.85,71.45,1,1,1.000000
1602,96,57.21,56.71,80.68,64.98,1,1,1.000000
1602,102,843.80,103.44,257.03,142.47,1,1,1.000000
1602,79,63.88,340.59,92.66,62.85,1,1,1.000000
1602,107,91.37,125.89,154.04,66.85,1,1,1.000000
1602,113,1018.67,350.61,261.33,129.60,1,1,1.000000
1602,100,191.74,178.10,200.33,67.10,1,1,1.000000
1602,64,153.14,256.27,104.24,103.06,1,1,1.000000
1602,123,98.34,278.92,63.95,69.22,1,1,1.000000
1602,125,548.89,292.80,121.88,125.34,1,1,1.000000
1602,105,1.48,115.60,63.11,66.03,1,1,1.000000
1602,129,32.92,384.61,163.38,117.63,1,1,1.000000
1602,104,1.54,322.25,38.91,63.35,1,1,1.000000
1603,57,526.43,586.48,260.86,133.52,1,1,1.000000
1603,78,741.70,444.06,312.69,221.50,1,1,1.000000
1603,82,652.47,523.69,284.51,123.62,1,1,1.000000
1603,90,172.29,577.16,160.66,142.84,1,1,1.000000
1603,93,229.67,445.94,205.94,72.37,1,1,1.000000
1603,95,466.44,431.96,174.30,71.52,1,1,1.000000
1603,96,57.54,54.27,82.33,65.38,1,1,1.000000
1603,102,851.51,106.50,263.35,145.98,1,1,1.000000
1603,79,68.00,339.01,87.87,58.18,1,1,1.000000
1603,107,90.06,124.01,157.55,66.03,1,1,1.000000
1603,113,1056.42,362.68,223.58,114.44,1,1,1.000000
1603,100,193.15,176.49,203.73,69.43,1,1,1.000000
1603,64,153.71,254.93,101.54,99.32,1,1,1.000000
1603,123,101.54,275.65,60.84,66.57,1,1,1.000000
1603,125,553.31,295.21,121.04,123.90,1,1,1.000000
1603,105,2.54,114.34,61.62,63.97,1,1,1.000000
1603,129,33.07,376.75,181.14,126.79,1,1,1.000000
1603,104,1.92,319.44,36.76,59.02,1,1,1.000000
1603,74,63.76,167.48,38.48,39.52,1,1,1.000000
1604,57,542.02,595.09,246.25,124.91,1,1,1.000000
1604,78,759.44,460.62,314.02,222.65,1,1,1.000000
1604,82,662.27,534.95,285.70,126.53,1,1,1.000000
1604,90,171.23,571.90,163.13,148.10,1,1,1.000000
1604,93,237.59,444.51,205.17,73.52,1,1,1.000000
1604,95,468.46,432.27,186.16,74.76,1,1,1.000000
1604,96,60.39,48.12,84.49,67.17,1,1,1.000000
1604,102,859.63,109.98,277.47,153.53,1,1,1.000000
1604,79,75.90,338.68,78.43,50.76,1,1,1.000000
1604,107,83.31,118.53,155.01,60.41,1,1,1.000000
1604,113,1116.37,379.94,163.63,90.51,1,1,1.000000
1604,100,200.59,174.69,196.55,67.99,1,1,1.000000
1604,64,155.60,252.91,97.15,93.70,1,1,1.000000
1604,123,104.37,269.88,59.87,65.98,1,1,1.000000
1604,125,558.41,295.20,123.19,123.38,1,1,1.000000
1604,105,6.08,112.63,56.70,57.31,1,1,1.000000
1604,129,44.76,371.40,184.96,123.05,1,1,1.000000
1604,104,0.00,311.95,41.53,67.56,1,1,1.000000
1604,74,57.63,159.55,45.26,45.39,1,1,1.000000
1605,57,550.37,603.84,231.38,116.16,1,1,1.000000
1605,78,773.62,472.23,313.66,221.91,1,1,1.000000
1605,82,669.65,543.03,291.60,131.85,1,1,1.000000
1605,90,171.84,578.81,155.33,141.19,1,1,1.000000
1605,93,245.88,444.46,202.75,74.31,1,1,1.000000
1605,95,466.83,430.98,200.37,79.51,1,1,1.000000
1605,96,65.91,42.81,84.69,67.24,1,1,1.000000
1605,102,863.30,113.83,289.55,159.90,1,1,1.000000
1605,79,61.73,335.79,80.44,49.04,1,1,1.000000
1605,107,94.75,112.88,151.97,56.08,1,1,1.000000
1605,113,1150.72,391.48,129.28,79.70,1,1,1.000000
1605,100,208.60,171.76,184.95,64.93,1,1,1.000000
1605,64,157.24,247.98,97.77,94.07,1,1,1.000000
1605,123,106.25,266.67,60.05,65.91,1,1,1.000000
1605,125,561.91,296.23,125.97,122.89,1,1,1.000000
1605,105,7.39,108.22,56.95,56.13,1,1,1.000000
1605,129,57.72,373.23,180.75,112.07,1,1,1.000000
1605,104,0.00,307.22,43.70,71.42,1,1,1.000000
1605,74,58.52,153.80,50.47,47.13,1,1,1.000000
1606,57,557.73,611.46,219.10,108.54,1,1,1.000000
1606,78,787.47,482.22,315.01,222.31,1,1,1.000000
1606,82,677.89,549.08,293.98,135.63,1,1,1.000000
1606,90,168.84,580.04,153.68,139.96,1,1,1.000000
1606,93,255.16,444.26,198.06,74.20,1,1,1.000000
1606,95,470.73,432.32,208.28,81.77,1,1,1.000000
1606,96,72.20,38.24,84.71,66.80,1,1,1.000000
1606,102,869.45,117.67,298.63,164.63,1,1,1.000000
1606,79,63.33,333.13,81.69,48.00,1,1,1.000000
1606,107,107.33,110.00,147.03,51.10,1,1,1.000000
1606,113,1170.91,401.63,109.09,78.44,1,1,1.000000
1606,100,215.97,169.63,177.37,63.34,1,1,1.000000
1606,64,161.66,244.55,94.29,90.56,1,1,1.000000
1606,123,107.09,264.29,60.82,66.26,1,1,1.000000
1606,125,562.42,296.95,129.95,122.90,1,1,1.000000
1606,105,6.50,101.19,59.80,57.97,1,1,1.000000
1606,129,66.01,374.10,184.96,106.51,1,1,1.000000
1606,104,0.29,303.92,44.23,71.61,1,1,1.000000
1606,74,59.39,146.15,56.53,50.53,1,1,1.000000
1607,57,565.55,620.72,204.78,99.28,1,1,1.000000
1607,78,798.86,490.45,317.87,224.00,1,1,1.000000
1607,82,686.82,552.87,297.56,140.37,1,1,1.000000
1607,90,174.98,590.79,143.58,129.21,1,1,1.000000
1607,93,263.97,444.62,190.69,72.79,1,1,1.000000
1607,95,472.45,431.97,221.78,86.85,1,1,1.000000
1607,96,75.40,34.69,85.39,66.89,1,1,1.000000
1607,102,876.67,120.26,309.56,170.96,1,1,1.000000
1607,79,62.53,327.99,87.05,50.11,1,1,1.000000
1607,107,101.77,105.68,160.51,53.45,1,1,1.000000
1607,100,223.21,166.18,171.46,62.33,1,1,1.000000
1607,64,164.56,241.18,93.50,89.72,1,1,1.000000
1607,123,104.39,261.49,61.67,67.31,1,1,1.000000
1607,125,562.94,298.66,132.05,120.36,1,1,1.000000
1607,105,4.94,96.27,61.72,59.22,1,1,1.000000
1607,129,63.97,365.49,205.90,112.07,1,1,1.000000
1607,104,0.00,300.49,44.03,71.95,1,1,1.000000
1607,74,63.73,141.22,57.19,48.53,1,1,1.000000
1608,57,576.73,630.40,190.65,89.60,1,1,1.000000
1608,78,810.41,497.10,316.80,222.63,1,1,1.000000
1608,82,691.07,555.85,301.83,145.65,1,1,1.000000
1608,90,177.42,597.60,138.19,122.40,1,1,1.000000
1608,93,268.94,445.36,187.43,72.87,1,1,1.000000
1608,95,478.38,431.97,229.44,89.86,1,1,1.000000
1608,96,77.29,31.64,86.19,67.23,1,1,1.000000
1608,102,885.26,122.95,319.19,176.98,1,1,1.000000
1608,79,60.21,322.54,95.70,54.53,1,1,1.000000
1608,107,102.88,101.25,172.91,56.26,1,1,1.000000
1608,100,232.85,165.25,162.48,60.10,1,1,1.000000
1608,64,168.54,238.78,92.29,88.97,1,1,1.000000
1608,123,104.65,258.08,62.88,68.68,1,1,1.000000
1608,125,562.00,299.79,137.21,120.74,1,1,1.000000
1608,105,3.08,88.69,64.13,61.35,1,1,1.000000
1608,129,64.91,360.97,220.44,113.23,1,1,1.000000
1608,104,0.00,295.24,43.89,73.18,1,1,1.000000
1608,74,62.14,131.61,63.17,51.66,1,1,1.000000
1609,57,584.68,639.19,176.99,80.81,1,1,1.000000
1609,78,822.18,503.33,312.68,216.67,1,1,1.000000
1609,82,695.06,557.46,306.00,151.10,1,1,1.000000
1609,90,171.44,587.61,150.23,132.39,1,1,1.000000
1609,93,274.15,446.97,181.00,71.48,1,1,1.000000
1609,95,481.97,428.33,244.52,96.60,1,1,1.000000
1609,96,79.12,27.52,87.24,67.55,1,1,1.000000
1609,102,894.30,125.40,330.66,184.86,1,1,1.000000
1609,79,54.33,316.79,105.27,59.52,1,1,1.000000
1609,107,106.46,97.20,184.89,59.48,1,1,1.000000
1609,100,236.85,162.75,165.49,62.94,1,1,1.000000
1609,64,172.21,234.49,93.47,90.81,1,1,1.000000
1609,123,102.73,253.87,65.56,71.93,1,1,1.000000
1609,125,563.30,308.31,135.53,113.02,1,1,1.000000
1609,105,0.39,77.28,66.95,64.47,1,1,1.000000
1609,129,66.70,358.58,231.14,111.84,1,1,1.000000
1609,104,0.00,289.47,41.64,71.47,1,1,1.000000
1609,74,60.83,120.98,71.10,57.34,1,1,1.000000
1610,57,595.37,644.36,171.01,75.64,1,1,1.000000
1610,78,833.78,512.20,303.07,207.80,1,1,1.000000
1610,82,701.81,559.76,309.34,156.40,1,1,1.000000
1610,90,165.86,583.71,155.48,136.29,1,1,1.000000
1610,93,278.43,449.23,178.64,71.77,1,1,1.000000
1610,95,488.69,427.29,252.02,100.64,1,1,1.000000
1610,96,81.34,23.70,87.94,67.43,1,1,1.000000
1610,102,904.13,130.12,337.52,190.29,1,1,1.000000
1610,79,47.12,312.58,113.39,63.69,1,1,1.000000
1610,107,114.00,94.12,186.69,59.44,1,1,1.000000
1610,100,243.07,160.69,161.05,62.98,1,1,1.000000
1610,64,178.41,229.72,90.89,88.70,1,1,1.000000
1610,123,99.93,248.08,67.99,75.76,1,1,1.000000
1610,125,558.45,310.83,146.70,117.66,1,1,1.000000
1610,105,0.53,68.07,68.80,66.28,1,1,1.000000
1610,129,70.28,357.63,241.54,109.88,1,1,1.000000
1610,104,0.00,286.26,41.18,70.68,1,1,1.000000
1610,74,57.91,110.99,79.45,62.95,1,1,1.000000
1611,57,597.76,645.86,170.90,74.14,1,1,1.000000
1611,78,842.11,523.45,287.25,196.55,1,1,1.000000
1611,82,713.66,563.86,299.55,154.93,1,1,1.000000
1611,90,156.82,581.43,159.34,138.47,1,1,1.000000
1611,93,283.02,449.07,177.69,72.83,1,1,1.000000
1611,95,495.93,424.50,260.60,105.43,1,1,1.000000
1611,96,83.50,19.42,90.19,68.30,1,1,1.000000
1611,102,920.39,142.81,333.53,188.90,1,1,1.000000
1611,79,37.69,306.98,125.91,71.11,1,1,1.000000
1611,107,123.00,89.99,181.38,56.93,1,1,1.000000
1611,100,253.12,158.51,155.16,62.68,1,1,1.000000
1611,64,181.54,224.40,90.48,89.61,1,1,1.000000
1611,123,98.44,243.22,69.50,78.07,1,1,1.000000
1611,125,564.24,320.69,140.94,105.58,1,1,1.000000
1611,105,2.53,65.01,67.72,64.44,1,1,1.000000
1611,129,75.17,357.26,248.19,105.66,1,1,1.000000
1611,104,0.00,279.45,42.82,73.77,1,1,1.000000
1611,74,56.39,103.87,84.60,66.51,1,1,1.000000
1612,57,605.25,645.42,172.66,74.58,1,1,1.000000
1612,78,866.01,544.11,259.51,175.89,1,1,1.000000
1612,82,721.68,563.10,295.00,156.34,1,1,1.000000
1612,90,141.23,582.77,160.15,137.05,1,1,1.000000
1612,93,283.68,446.52,182.71,76.77,1,1,1.000000
1612,95,508.16,424.66,271.12,111.59,1,1,1.000000
1612,96,85.35,12.19,95.08,71.00,1,1,1.000000
1612,102,954.00,166.22,326.00,185.91,1,1,1.000000
1612,79,33.35,300.02,137.84,78.96,1,1,1.000000
1612,107,136.40,82.16,180.93,56.56,1,1,1.000000
1612,100,262.84,153.84,156.68,66.19,1,1,1.000000
1612,64,185.97,213.07,92.50,94.38,1,1,1.000000
1612,123,98.00,233.37,70.79,79.22,1,1,1.000000
1612,125,558.84,315.64,158.35,112.39,1,1,1.000000
1612,105,3.28,53.38,72.95,68.75,1,1,1.000000
1612,129,83.26,352.22,260.49,103.43,1,1,1.000000
1612,104,0.00,266.87,46.86,78.88,1,1,1.000000
1612,74,60.59,95.23,86.39,66.77,1,1,1.000000
1613,57,607.29,645.11,173.95,74.89,1,1,1.000000
1613,78,873.60,551.21,250.44,168.79,1,1,1.000000
1613,82,726.53,562.72,289.09,156.70,1,1,1.000000
1613,90,134.64,583.32,161.65,136.46,1,1,1.000000
1613,93,285.10,445.55,181.97,78.23,1,1,1.000000
1613,95,514.17,424.71,272.55,113.96,1,1,1.000000
1613,96,85.57,9.52,97.68,72.02,1,1,1.000000
1613,102,967.25,175.16,312.75,184.60,1,1,1.000000
1613,79,32.19,297.29,141.50,82.11,1,1,1.000000
1613,107,140.91,79.41,181.20,56.43,1,1,1.000000
1613,100,268.41,152.14,153.15,67.49,1,1,1.000000
1613,64,188.37,208.93,91.65,96.16,1,1,1.000000
1613,123,97.76,229.62,71.41,79.64,1,1,1.000000
1613,125,554.59,313.98,169.14,114.59,1,1,1.000000
1613,105,3.35,49.16,75.27,70.31,1,1,1.000000
1613,129,81.35,350.46,274.21,102.54,1,1,1.000000
1613,104,0.18,262.12,48.20,80.80,1,1,1.000000
1613,74,61.94,91.98,87.71,66.79,1,1,1.000000
1614,57,607.19,643.14,178.37,76.86,1,1,1.000000
1614,78,881.64,562.38,235.95,157.62,1,1,1.000000
1614,82,732.88,565.29,278.99,154.71,1,1,1.000000
1614,90,125.95,585.63,161.85,134.37,1,1,1.000000
1614,93,283.53,444.80,182.29,79.66,1,1,1.000000
1614,95,526.23,426.54,268.13,113.64,1,1,1.000000
1614,96,86.15,5.04,97.24,70.88,1,1,1.000000
1614,102,970.21,181.46,309.79,187.05,1,1,1.000000
1614,79,27.23,293.42,149.81,88.28,1,1,1.000000
1614,107,147.53,76.00,180.79,56.40,1,1,1.000000
1614,100,273.89,148.66,147.51,67.95,1,1,1.000000
1614,64,193.21,203.76,89.22,96.60,1,1,1.000000
1614,123,96.83,223.56,72.86,81.09,1,1,1.000000
1614,125,550.63,312.58,179.46,116.34,1,1,1.000000
1614,105,5.91,48.42,71.81,65.58,1,1,1.000000
1614,129,79.65,346.59,289.99,102.47,1,1,1.000000
1614,104,0.26,256.43,48.91,81.88,1,1,1.000000
1614,74,64.34,87.26,88.11,65.93,1,1,1.000000
1615,57,606.71,637.63,188.07,82.37,1,1,1.000000
1615,78,894.61,569.59,228.00,150.41,1,1,1.000000
1615,82,742.25,567.32,270.70,152.68,1,1,1.000000
1615,90,119.67,588.18,161.03,131.82,1,1,1.000000
1615,93,287.44,443.77,181.10,80.70,1,1,1.000000
1615,95,535.53,427.25,268.02,115.09,1,1,1.000000
1615,96,87.45,1.50,96.66,69.41,1,1,1.000000
1615,102,968.14,183.84,311.86,193.60,1,1,1.000000
1615,79,25.05,289.92,152.76,91.29,1,1,1.000000
1615,107,149.40,72.72,181.15,56.60,1,1,1.000000
1615,100,287.25,149.66,130.67,62.61,1,1,1.000000
1615,64,197.03,198.79,87.05,97.36,1,1,1.000000
1615,123,100.04,220.49,69.51,76.31,1,1,1.000000
1615,125,548.27,312.81,189.67,117.44,1,1,1.000000
1615,105,8.48,48.19,68.16,60.30,1,1,1.000000
1615,129,78.72,344.13,308.26,103.60,1,1,1.000000
1615,104,1.52,250.37,49.14,81.51,1,1,1.000000
1615,74,66.43,82.87,89.53,65.98,1,1,1.000000
1616,57,618.42,635.78,187.81,84.05,1,1,1.000000
1616,78,919.95,590.72,200.64,129.28,1,1,1.000000
1616,82,756.31,573.15,253.40,146.85,1,1,1.000000
1616,90,113.96,594.77,154.27,125.23,1,1,1.000000
1616,93,293.33,442.47,181.63,82.38,1,1,1.000000
1616,95,546.55,428.74,272.99,118.29,1,1,1.000000
1616,96,93.05,0.25,92.04,65.01,1,1,1.000000
1616,102,985.44,196.21,294.56,188.94,1,1,1.000000
1616,79,4.59,283.49,184.09,112.81,1,1,1.000000
1616,107,146.49,64.58,191.44,60.12,1,1,1.000000
1616,100,300.35,145.73,124.26,62.70,1,1,1.000000
1616,64,204.96,195.62,80.05,92.44,1,1,1.000000
1616,123,105.16,213.38,65.16,69.13,1,1,1.000000
1616,125,555.00,315.55,197.02,116.50,1,1,1.000000
1616,105,13.90,42.46,67.91,59.25,1,1,1.000000
1616,129,98.75,343.77,324.07,104.86,1,1,1.000000
1616,104,3.26,242.14,48.53,79.03,1,1,1.000000
1616,74,73.04,76.27,92.43,67.27,1,1,1.000000
1617,57,626.04,632.37,191.13,87.39,1,1,1.000000
1617,78,937.21,606.27,182.56,113.73,1,1,1.000000
1617,82,769.34,577.26,242.12,142.74,1,1,1.000000
1617,90,108.00,594.53,154.21,125.47,1,1,1.000000
1617,93,307.33,441.13,179.27,83.66,1,1,1.000000
1617,95,553.79,428.73,281.68,123.39,1,1,1.000000
1617,96,97.77,3.10,87.16,60.11,1,1,1.000000
1617,102,1004.88,208.44,275.12,183.24,1,1,1.000000
1617,79,0.00,278.64,193.04,122.04,1,1,1.000000
1617,107,144.56,58.41,201.14,63.60,1,1,1.000000
1617,100,317.50,148.07,105.56,55.85,1,1,1.000000
1617,64,208.40,190.96,76.86,91.37,1,1,1.000000
1617,123,106.30,208.45,65.91,67.52,1,1,1.000000
1617,125,560.98,318.27,206.47,117.23,1,1,1.000000
1617,105,16.66,38.28,68.20,59.00,1,1,1.000000
1617,129,114.97,341.88,344.30,108.53,1,1,1.000000
1617,104,3.10,235.48,49.78,80.19,1,1,1.000000
1617,74,74.15,68.64,100.18,73.00,1,1,1.000000
1617,131,1.62,553.92,37.90,45.39,1,1,1.000000
1617,132,3.37,103.06,40.56,50.97,1,1,1.000000
1618,57,639.16,634.49,183.70,85.36,1,1,1.000000
1618,78,951.94,616.93,171.46,103.07,1,1,1.000000
1618,82,783.36,582.72,228.82,137.28,1,1,1.000000
1618,90,103.69,595.29,152.55,124.71,1,1,1.000000
1618,93,317.40,440.90,177.55,85.14,1,1,1.000000
1618,95,566.41,433.24,276.10,121.51,1,1,1.000000
1618,96,106.27,6.63,78.90,52.14,1,1,1.000000
1618,102,1023.61,219.50,256.39,174.97,1,1,1.000000
1618,79,0.00,275.38,192.60,123.81,1,1,1.000000
1618,107,146.95,54.19,202.74,64.37,1,1,1.000000
1618,100,328.86,147.91,90.61,49.96,1,1,1.000000
1618,64,211.56,187.75,71.97,87.12,1,1,1.000000
1618,123,105.03,203.70,69.30,68.76,1,1,1.000000
1618,125,569.07,321.18,210.49,114.77,1,1,1.000000
1618,105,19.14,35.30,67.79,57.94,1,1,1.000000
1618,129,132.39,340.39,360.01,111.67,1,1,1.000000
1618,104,3.96,230.99,49.09,77.71,1,1,1.000000
1618,74,77.75,66.38,101.44,73.85,1,1,1.000000
1618,131,0.89,548.90,40.93,49.00,1,1,1.000000
1618,132,4.19,101.25,42.06,52.68,1,1,1.000000
1619,57,650.69,636.02,176.55,83.74,1,1,1.000000
1619,78,958.44,622.65,166.01,97.35,1,1,1.000000
1619,82,795.71,588.46,214.94,131.54,1,1,1.000000
1619,90,102.58,598.75,146.14,120.78,1,1,1.000000
1619,93,319.20,436.18,180.38,88.47,1,1,1.000000
1619,95,577.29,439.19,275.55,121.32,1,1,1.000000
1619,96,101.09,2.07,87.79,56.67,1,1,1.000000
1619,102,1038.98,225.47,241.02,167.49,1,1,1.000000
1619,79,0.81,271.94,190.44,122.94,1,1,1.000000
1619,107,150.95,51.72,202.28,64.32,1,1,1.000000
1619,100,334.02,145.60,86.16,49.33,1,1,1.000000
1619,64,218.13,186.75,61.57,74.38,1,1,1.000000
1619,123,106.34,200.78,71.52,68.87,1,1,1.000000
1619,125,578.72,322.93,213.92,112.62,1,1,1.000000
1619,105,19.95,32.24,69.59,59.03,1,1,1.000000
1619,129,154.25,342.67,363.34,111.11,1,1,1.000000
1619,104,5.49,227.03,49.22,75.88,1,1,1.000000
1619,74,82.22,64.64,100.41,72.60,1,1,1.000000
1619,131,1.76,547.33,41.32,49.30,1,1,1.000000
1619,132,3.88,97.89,44.43,55.41,1,1,1.000000
1620,57,663.43,638.92,166.87,80.72,1,1,1.000000
1620,78,967.68,628.66,158.72,91.34,1,1,1.000000
1620,82,808.09,594.66,201.23,125.34,1,1,1.000000
1620,90,100.39,603.59,138.93,116.36,1,1,1.000000
1620,93,322.89,430.16,187.08,94.28,1,1,1.000000
1620,95,585.57,440.85,278.32,122.56,1,1,1.000000
1620,96,102.49,0.45,86.74,54.41,1,1,1.000000
1620,102,1056.40,230.20,223.60,158.40,1,1,1.000000
1620,79,2.67,268.29,189.43,123.76,1,1,1.000000
1620,107,155.81,50.45,201.19,64.03,1,1,1.000000
1620,100,334.35,141.91,86.06,51.13,1,1,1.000000
1620,64,222.03,185.11,59.76,73.02,1,1,1.000000
1620,123,114.32,198.98,70.51,66.17,1,1,1.000000
1620,125,589.99,323.46,216.93,110.30,1,1,1.000000
1620,105,21.09,27.51,72.56,61.52,1,1,1.000000
1620,129,178.41,345.04,363.88,110.03,1,1,1.000000
1620,104,5.18,225.00,51.19,77.47,1,1,1.000000
1620,74,85.75,63.32,98.95,70.64,1,1,1.000000
1620,131,1.75,546.19,42.68,50.73,1,1,1.000000
1620,132,3.74,95.51,45.64,56.62,1,1,1.000000
1620,133,16.29,368.41,152.09,66.73,1,1,1.000000
1621,57,668.68,639.96,161.66,79.62,1,1,1.000000
1621,78,968.97,630.05,158.94,89.82,1,1,1.000000
1621,82,813.01,596.75,194.93,123.25,1,1,1.000000
1621,90,100.22,605.31,135.41,114.69,1,1,1.000000
1621,93,325.69,427.85,186.74,96.50,1,1,1.000000
1621,95,588.51,441.44,279.24,122.97,1,1,1.000000
1621,96,102.24,0.00,87.64,53.58,1,1,1.000000
1621,102,1063.39,231.58,216.61,155.07,1,1,1.000000
1621,79,4.08,266.95,187.75,124.01,1,1,1.000000
1621,107,157.60,50.12,200.60,63.90,1,1,1.000000
1621,100,335.26,140.64,84.23,51.80,1,1,1.000000
1621,64,223.47,184.62,58.76,72.57,1,1,1.000000
1621,123,116.84,198.51,71.03,65.15,1,1,1.000000
1621,125,592.00,323.57,221.92,109.45,1,1,1.000000
1621,105,21.43,25.83,73.73,62.49,1,1,1.000000
1621,129,186.04,346.02,366.06,109.58,1,1,1.000000
1621,104,4.80,224.37,52.44,78.05,1,1,1.000000
1621,74,86.71,63.03,98.94,69.85,1,1,1.000000
1621,131,1.67,545.89,43.23,51.17,1,1,1.000000
1621,132,3.59,94.80,46.17,56.94,1,1,1.000000
1621,133,16.13,368.76,148.94,65.18,1,1,1.000000
1622,57,679.00,646.45,145.41,73.22,1,1,1.000000
1622,78,981.16,638.09,145.30,81.91,1,1,1.000000
1622,82,825.36,606.84,175.89,113.16,1,1,1.000000
1622,90,101.79,612.50,123.19,107.36,1,1,1.000000
1622,93,329.78,423.41,189.99,100.05,1,1,1.000000
1622,95,604.01,446.66,279.38,122.66,1,1,1.000000
1622,96,104.82,0.00,94.43,56.36,1,1,1.000000
1622,102,1093.57,244.40,186.43,137.64,1,1,1.000000
1622,79,3.22,264.22,185.95,123.83,1,1,1.000000
1622,107,166.44,49.10,199.37,63.56,1,1,1.000000
1622,100,331.90,140.86,89.20,55.80,1,1,1.000000
1622,64,229.22,181.60,55.08,69.10,1,1,1.000000
1622,123,128.85,198.31,65.40,58.52,1,1,1.000000
1622,125,603.00,324.53,226.82,108.76,1,1,1.000000
1622,105,28.50,26.71,69.36,58.12,1,1,1.000000
1622,129,203.02,341.90,386.80,116.11,1,1,1.000000
1622,104,3.95,221.48,54.82,80.62,1,1,1.000000
1622,74,89.41,60.44,99.56,69.49,1,1,1.000000
1622,131,0.00,542.29,47.49,58.48,1,1,1.000000
1622,132,3.77,93.42,47.95,58.66,1,1,1.000000
1622,133,29.56,363.82,150.33,65.39,1,1,1.000000
1623,57,699.49,656.94,123.38,62.94,1,1,1.000000
1623,78,1009.28,647.23,126.74,72.56,1,1,1.000000
1623,82,856.16,621.59,154.61,98.26,1,1,1.000000
1623,90,106.68,628.18,100.34,91.39,1,1,1.000000
1623,93,344.75,424.99,185.13,99.49,1,1,1.000000
1623,95,622.04,448.40,290.66,127.67,1,1,1.000000
1623,96,108.95,0.00,94.23,55.16,1,1,1.000000
1623,102,1137.07,262.89,142.93,109.89,1,1,1.000000
1623,79,6.42,261.96,185.94,125.75,1,1,1.000000
1623,107,180.00,48.57,191.33,60.66,1,1,1.000000
1623,100,325.11,135.10,96.49,60.57,1,1,1.000000
1623,64,227.82,176.54,61.77,79.19,1,1,1.000000
1623,123,135.66,195.47,70.82,62.50,1,1,1.000000
1623,125,625.35,327.48,228.56,107.16,1,1,1.000000
1623,105,27.91,23.13,70.25,57.96,1,1,1.000000
1623,129,224.03,334.26,420.94,128.42,1,1,1.000000
1623,104,3.35,221.57,59.50,86.79,1,1,1.000000
1623,74,91.53,59.11,98.09,67.21,1,1,1.000000
1623,131,0.00,540.60,48.91,63.57,1,1,1.000000
1623,132,4.80,91.49,49.36,59.64,1,1,1.000000
1623,133,35.71,359.56,156.34,67.36,1,1,1.000000
1624,57,706.63,660.59,114.99,59.36,1,1,1.000000
1624,78,1018.03,649.72,120.55,69.94,1,1,1.000000
1624,82,866.16,626.46,148.34,93.16,1,1,1.000000
1624,90,109.63,633.67,90.35,85.80,1,1,1.000000
1624,93,351.52,425.68,181.15,99.18,1,1,1.000000
1624,95,628.74,449.01,294.70,129.49,1,1,1.000000
1624,96,110.06,0.00,94.91,54.82,1,1,1.000000
1624,102,1151.68,268.59,128.32,100.67,1,1,1.000000
1624,79,8.68,261.18,184.16,126.33,1,1,1.000000
1624,107,184.74,48.53,188.71,59.54,1,1,1.000000
1624,100,322.49,132.91,99.15,62.43,1,1,1.000000
1624,64,227.77,174.77,63.26,82.76,1,1,1.000000
1624,123,137.66,194.49,73.19,63.81,1,1,1.000000
1624,125,632.00,328.51,231.90,106.59,1,1,1.000000
1624,105,27.23,21.80,71.33,58.07,1,1,1.000000
1624,129,234.02,331.34,429.88,133.10,1,1,1.000000
1624,104,2.97,221.68,61.58,89.16,1,1,1.000000
1624,74,91.86,58.80,98.38,66.30,1,1,1.000000
1624,131,0.00,540.00,49.23,65.54,1,1,1.000000
1624,132,4.97,90.83,50.24,59.95,1,1,1.000000
1624,133,36.70,358.28,159.84,68.13,1,1,1.000000
1625,57,728.58,671.35,93.37,48.62,1,1,1.000000
1625,78,1047.08,663.85,94.08,56.15,1,1,1.000000
1625,82,881.56,634.63,137.52,85.37,1,1,1.000000
1625,93,361.82,430.18,176.99,98.02,1,1,1.000000
1625,95,645.84,447.42,305.29,134.61,1,1,1.000000
1625,96,113.47,0.00,88.46,49.96,1,1,1.000000
1625,102,1187.13,282.55,92.87,73.37,1,1,1.000000
1625,79,10.49,260.16,184.55,128.31,1,1,1.000000
1625,107,188.71,45.64,196.86,62.32,1,1,1.000000
1625,100,318.81,130.05,102.88,64.36,1,1,1.000000
1625,64,231.45,172.98,62.47,83.23,1,1,1.000000
1625,123,140.69,196.36,75.44,64.03,1,1,1.000000
1625,125,643.81,330.40,238.54,107.57,1,1,1.000000
1625,105,24.49,16.53,77.68,63.49,1,1,1.000000
1625,129,261.12,332.70,441.77,139.54,1,1,1.000000
1625,104,4.36,223.87,60.16,85.80,1,1,1.000000
1625,74,91.77,57.52,99.78,66.97,1,1,1.000000
1625,131,0.00,539.69,52.27,72.44,1,1,1.000000
1625,132,5.50,91.17,53.43,62.86,1,1,1.000000
1625,133,35.00,357.76,169.71,71.59,1,1,1.000000
1626,57,735.50,674.80,86.05,45.17,1,1,1.000000
1626,78,1055.85,667.79,85.24,52.21,1,1,1.000000
1626,82,885.76,637.08,135.00,82.92,1,1,1.000000
1626,93,366.10,431.96,174.30,97.54,1,1,1.000000
1626,95,652.46,446.82,308.68,136.54,1,1,1.000000
1626,96,114.14,0.00,86.93,48.24,1,1,1.000000
1626,102,1196.86,285.99,83.14,65.46,1,1,1.000000
1626,79,11.89,259.87,183.24,128.98,1,1,1.000000
1626,107,190.17,44.59,199.60,63.38,1,1,1.000000
1626,100,317.13,128.99,104.71,65.14,1,1,1.000000
1626,64,233.07,172.42,61.58,83.45,1,1,1.000000
1626,123,141.15,197.18,77.40,64.15,1,1,1.000000
1626,125,646.68,331.06,243.47,107.95,1,1,1.000000
1626,105,23.56,14.63,79.84,65.50,1,1,1.000000
1626,129,273.80,333.26,441.44,142.02,1,1,1.000000
1626,104,4.71,224.97,59.95,84.35,1,1,1.000000
1626,74,91.59,57.15,100.46,67.17,1,1,1.000000
1626,131,0.00,539.59,53.11,75.08,1,1,1.000000
1626,132,5.42,91.36,55.11,63.95,1,1,1.000000
1626,133,33.63,357.66,174.46,72.79,1,1,1.000000
1627,57,750.79,678.25,79.46,41.65,1,1,1.000000
1627,78,1075.44,676.56,69.46,43.44,1,1,1.000000
1627,82,894.18,644.65,122.19,74.94,1,1,1.000000
1627,93,366.66,431.37,178.03,100.63,1,1,1.000000
1627,95,664.56,447.41,309.79,137.38,1,1,1.000000
1627,96,114.91,0.00,89.79,49.35,1,1,1.000000
1627,102,1212.69,294.64,67.31,61.37,1,1,1.000000
1627,79,12.92,259.78,183.71,131.16,1,1,1.000000
1627,107,195.79,46.07,195.96,62.14,1,1,1.000000
1627,100,314.23,125.87,110.02,68.34,1,1,1.000000
1627,64,234.30,170.75,61.08,83.63,1,1,1.000000
1627,123,141.55,196.70,80.83,65.30,1,1,1.000000
1627,125,651.00,331.44,255.61,112.00,1,1,1.000000
1627,105,23.26,14.00,80.74,66.71,1,1,1.000000
1627,129,291.53,337.00,436.88,142.84,1,1,1.000000
1627,104,5.20,224.32,61.32,84.89,1,1,1.000000
1627,74,94.73,58.31,101.00,66.54,1,1,1.000000
1627,131,0.00,539.03,54.10,78.53,1,1,1.000000
1627,132,5.80,92.30,55.19,62.96,1,1,1.000000
1627,133,36.65,356.14,177.26,72.96,1,1,1.000000
1628,57,778.84,684.40,68.03,35.60,1,1,1.000000
1628,82,909.26,651.43,110.48,68.07,1,1,1.000000
1628,93,371.54,436.95,180.24,102.46,1,1,1.000000
1628,95,696.38,451.76,304.36,135.10,1,1,1.000000
1628,96,116.80,0.00,94.45,51.85,1,1,1.000000
1628,79,22.09,259.19,177.76,128.82,1,1,1.000000
1628,107,211.84,49.79,185.21,58.56,1,1,1.000000
1628,100,313.88,126.02,110.09,66.87,1,1,1.000000
1628,64,235.48,169.62,62.00,86.37,1,1,1.000000
1628,123,141.28,195.58,89.19,69.99,1,1,1.000000
1628,125,668.91,337.33,254.47,109.21,1,1,1.000000
1628,105,23.97,13.50,80.34,66.84,1,1,1.000000
1628,129,326.32,350.67,419.72,138.48,1,1,1.000000
1628,104,5.54,221.27,64.48,87.84,1,1,1.000000
1628,74,90.96,59.25,105.89,68.78,1,1,1.000000
1628,131,0.00,535.75,59.93,90.05,1,1,1.000000
1628,132,5.70,90.96,57.07,64.06,1,1,1.000000
1628,133,34.68,353.79,191.65,78.07,1,1,1.000000
1629,57,786.88,686.04,65.02,33.96,1,1,1.000000
1629,82,913.75,653.33,106.83,66.09,1,1,1.000000
1629,93,373.53,439.11,180.51,103.14,1,1,1.000000
1629,95,708.38,453.40,301.89,134.12,1,1,1.000000
1629,96,117.36,0.00,96.36,52.82,1,1,1.000000
1629,79,26.41,259.06,173.94,127.79,1,1,1.000000
1629,107,217.51,51.29,181.48,57.23,1,1,1.000000
1629,100,313.12,126.19,111.23,66.22,1,1,1.000000
1629,64,236.15,169.25,61.73,87.34,1,1,1.000000
1629,123,140.39,195.20,93.78,71.73,1,1,1.000000
1629,125,674.09,339.55,256.61,108.12,1,1,1.000000
1629,105,24.30,13.39,79.92,66.91,1,1,1.000000
1629,129,340.22,356.09,410.70,136.63,1,1,1.000000
1629,104,5.36,220.17,66.24,88.95,1,1,1.000000
1629,74,89.11,59.65,108.53,69.62,1,1,1.000000
1629,131,0.00,534.46,61.71,94.56,1,1,1.000000
1629,132,5.36,90.48,58.29,64.46,1,1,1.000000
1629,133,33.20,352.95,198.22,79.94,1,1,1.000000
1630,57,806.55,687.17,61.60,32.78,1,1,1.000000
1630,82,934.57,660.78,96.00,58.64,1,1,1.000000
1630,93,385.09,446.57,173.39,98.71,1,1,1.000000
1630,95,728.06,452.96,308.12,137.15,1,1,1.000000
1630,96,117.51,0.00,100.86,54.88,1,1,1.000000
1630,79,37.56,260.08,166.66,124.32,1,1,1.000000
1630,107,227.50,54.34,176.73,55.86,1,1,1.000000
1630,100,312.74,121.77,117.92,68.63,1,1,1.000000
1630,64,238.30,169.41,59.72,84.56,1,1,1.000000
1630,123,140.48,195.23,98.84,73.17,1,1,1.000000
1630,125,693.43,345.84,253.53,104.29,1,1,1.000000
1630,105,30.86,16.41,76.55,65.03,1,1,1.000000
1630,129,375.53,367.19,394.51,131.73,1,1,1.000000
1630,104,1.02,218.29,74.25,100.20,1,1,1.000000
1630,74,88.80,60.61,112.12,70.83,1,1,1.000000
1630,131,0.00,531.61,65.54,103.30,1,1,1.000000
1630,132,6.39,93.59,57.57,62.31,1,1,1.000000
1630,133,44.95,353.21,195.31,78.02,1,1,1.000000
1631,57,826.46,691.43,53.76,28.57,1,1,1.000000
1631,82,952.30,665.09,90.38,54.65,1,1,1.000000
1631,93,390.01,449.29,176.10,100.27,1,1,1.000000
1631,95,770.36,468.75,278.25,122.70,1,1,1.000000
1631,96,117.86,0.00,103.37,55.94,1,1,1.000000
1631,79,43.59,260.74,163.82,124.45,1,1,1.000000
1631,107,225.26,51.09,188.19,60.44,1,1,1.000000
1631,100,309.24,119.23,125.63,71.67,1,1,1.000000
1631,64,239.74,169.65,59.94,84.57,1,1,1.000000
1631,123,138.46,195.06,104.10,74.32,1,1,1.000000
1631,125,707.42,348.87,254.96,102.58,1,1,1.000000
1631,105,36.53,19.26,72.88,62.79,1,1,1.000000
1631,129,402.37,375.28,388.25,130.23,1,1,1.000000
1631,104,0.13,217.76,76.10,103.10,1,1,1.000000
1631,74,88.94,61.67,115.07,71.65,1,1,1.000000
1631,131,0.00,532.27,68.30,106.72,1,1,1.000000
1631,132,6.03,95.91,59.08,62.84,1,1,1.000000
1631,133,52.01,351.35,196.91,78.03,1,1,1.000000
1632,57,842.03,694.59,47.73,25.41,1,1,1.000000
1632,82,965.15,666.79,88.66,53.18,1,1,1.000000
1632,93,397.47,454.13,177.92,101.64,1,1,1.000000
1632,95,807.08,486.28,250.66,107.92,1,1,1.000000
1632,96,116.62,0.00,106.38,57.55,1,1,1.000000
1632,79,47.41,259.33,163.88,127.32,1,1,1.000000
1632,107,222.23,50.03,194.77,63.82,1,1,1.000000
1632,100,306.24,120.30,129.93,72.33,1,1,1.000000
1632,64,240.76,168.01,61.89,87.95,1,1,1.000000
1632,123,137.62,195.54,107.56,74.07,1,1,1.000000
1632,125,717.99,348.93,264.66,104.99,1,1,1.000000
1632,105,42.88,21.97,68.79,60.09,1,1,1.000000
1632,129,425.33,377.67,390.56,132.12,1,1,1.000000
1632,104,0.57,216.95,76.75,104.87,1,1,1.000000
1632,74,87.87,63.43,118.22,72.80,1,1,1.000000
1632,131,0.00,535.34,68.26,107.27,1,1,1.000000
1632,132,7.04,97.20,62.54,65.07,1,1,1.000000
1632,133,55.41,350.24,202.04,79.80,1,1,1.000000
1633,82,980.07,674.44,77.69,45.51,1,1,1.000000
1633,93,400.55,453.16,185.54,107.04,1,1,1.000000
1633,95,820.81,496.55,244.39,101.61,1,1,1.000000
1633,96,114.45,0.00,108.26,58.42,1,1,1.000000
1633,79,54.38,261.77,158.82,126.18,1,1,1.000000
1633,107,220.72,49.67,196.91,65.87,1,1,1.000000
1633,100,299.84,118.80,136.36,74.00,1,1,1.000000
1633,64,242.58,168.29,62.86,89.81,1,1,1.000000
1633,123,138.07,196.40,110.45,73.39,1,1,1.000000
1633,125,729.55,349.65,267.64,104.69,1,1,1.000000
1633,105,48.61,24.83,65.00,57.43,1,1,1.000000
1633,129,444.03,378.15,395.02,134.92,1,1,1.000000
1633,104,10.03,218.71,69.70,97.00,1,1,1.000000
1633,74,86.08,65.53,122.28,74.61,1,1,1.000000
1633,131,0.00,539.51,68.60,107.71,1,1,1.000000
1633,132,5.62,99.14,64.35,66.08,1,1,1.000000
1633,133,59.97,351.31,205.87,81.19,1,1,1.000000
1633,134,3.91,228.88,32.25,54.23,1,1,1.000000
1634,82,992.55,677.62,73.03,42.24,1,1,1.000000
1634,93,408.75,455.29,186.92,108.97,1,1,1.000000
1634,95,825.05,502.57,252.47,101.23,1,1,1.000000
1634,96,106.46,0.00,114.86,61.62,1,1,1.000000
1634,79,56.21,263.90,157.20,127.82,1,1,1.000000
1634,107,225.86,53.77,187.65,63.75,1,1,1.000000
1634,100,293.08,118.68,143.22,75.81,1,1,1.000000
1634,64,245.27,169.62,62.55,89.24,1,1,1.000000
1634,123,134.60,197.45,116.05,74.56,1,1,1.000000
1634,125,737.39,348.86,274.14,105.84,1,1,1.000000
1634,105,55.62,29.54,58.86,52.55,1,1,1.000000
1634,129,459.77,376.60,405.12,140.17,1,1,1.000000
1634,104,13.89,221.40,68.46,97.62,1,1,1.000000
1634,74,84.17,68.12,124.96,75.74,1,1,1.000000
1634,131,0.00,543.46,69.49,107.69,1,1,1.000000
1634,132,5.18,102.66,65.30,66.09,1,1,1.000000
1634,133,62.25,351.47,206.71,81.40,1,1,1.000000
1634,134,4.17,232.68,29.87,50.01,1,1,1.000000
1635,82,1003.39,679.59,70.36,40.41,1,1,1.000000
1635,93,414.35,455.45,189.12,111.93,1,1,1.000000
1635,95,833.25,506.98,258.15,99.49,1,1,1.000000
1635,96,102.98,0.00,118.72,63.63,1,1,1.000000
1635,79,64.43,266.92,151.05,125.58,1,1,1.000000
1635,107,231.95,56.58,177.75,61.46,1,1,1.000000
1635,100,285.65,117.82,151.20,77.82,1,1,1.000000
1635,64,247.60,172.64,60.88,87.02,1,1,1.000000
1635,123,135.24,199.24,118.09,73.35,1,1,1.000000
1635,125,745.91,347.85,282.57,108.13,1,1,1.000000
1635,105,59.76,32.22,60.45,54.57,1,1,1.000000
1635,129,476.20,375.51,416.22,146.15,1,1,1.000000
1635,104,19.89,223.43,61.59,88.92,1,1,1.000000
1635,74,83.78,70.22,125.69,75.45,1,1,1.000000
1635,131,0.00,544.77,71.57,109.22,1,1,1.000000
1635,132,6.05,105.36,65.84,65.34,1,1,1.000000
1635,133,68.06,351.67,207.34,81.56,1,1,1.000000
1635,134,3.00,235.76,29.77,49.69,1,1,1.000000
1636,82,1012.15,683.62,63.81,36.38,1,1,1.000000
1636,93,421.55,457.61,190.15,114.36,1,1,1.000000
1636,95,841.62,508.67,273.42,102.13,1,1,1.000000
1636,96,105.05,0.43,121.17,65.80,1,1,1.000000
1636,79,71.13,269.34,146.63,125.07,1,1,1.000000
1636,107,239.40,59.45,168.77,59.37,1,1,1.000000
1636,100,275.25,115.33,164.18,82.55,1,1,1.000000
1636,64,248.54,175.53,61.52,87.86,1,1,1.000000
1636,123,138.07,202.11,117.40,70.35,1,1,1.000000
1636,125,756.94,348.54,284.93,108.08,1,1,1.000000
1636,105,62.98,34.61,62.94,57.38,1,1,1.000000
1636,129,491.92,374.84,430.65,153.67,1,1,1.000000
1636,104,25.93,224.68,59.41,85.90,1,1,1.000000
1636,74,82.29,71.47,129.27,77.29,1,1,1.000000
1636,131,0.00,547.12,72.54,110.94,1,1,1.000000
1636,132,7.48,109.63,65.98,63.92,1,1,1.000000
1636,133,74.53,353.24,205.97,81.01,1,1,1.000000
1636,134,2.14,236.13,31.95,53.19,1,1,1.000000
1636,137,0.00,369.16,28.19,46.26,1,1,1.000000
1637,82,1027.87,688.71,56.56,31.29,1,1,1.000000
1637,93,428.95,461.13,188.54,115.22,1,1,1.000000
1637,95,853.83,509.16,289.28,105.07,1,1,1.000000
1637,96,95.91,0.55,130.31,71.18,1,1,1.000000
1637,79,77.26,270.79,142.93,125.34,1,1,1.000000
1637,107,248.14,62.93,157.25,56.07,1,1,1.000000
1637,100,262.46,113.03,175.86,86.88,1,1,1.000000
1637,64,249.26,176.38,62.88,89.87,1,1,1.000000
1637,123,137.04,205.46,119.73,68.97,1,1,1.000000
1637,125,767.89,349.89,287.69,108.14,1,1,1.000000
1637,105,63.45,36.59,65.22,60.28,1,1,1.000000
1637,129,510.91,378.41,434.64,157.65,1,1,1.000000
1637,104,28.56,224.73,61.56,89.90,1,1,1.000000
1637,74,81.72,73.42,130.00,77.40,1,1,1.000000
1637,131,0.00,550.12,72.81,112.13,1,1,1.000000
1637,132,8.73,114.85,65.56,61.76,1,1,1.000000
1637,133,78.66,353.72,205.18,80.61,1,1,1.000000
1637,134,3.11,241.03,31.82,52.53,1,1,1.000000
1637,137,0.00,370.09,30.86,51.02,1,1,1.000000
1638,93,438.12,466.18,184.66,114.59,1,1,1.000000
1638,95,896.62,508.14,295.64,107.53,1,1,1.000000
1638,96,92.84,0.64,134.60,74.12,1,1,1.000000
1638,79,81.40,273.24,139.68,126.04,1,1,1.000000
1638,107,258.38,66.11,144.28,52.18,1,1,1.000000
1638,100,253.34,115.92,178.58,86.62,1,1,1.000000
1638,64,249.89,175.19,65.38,93.98,1,1,1.000000
1638,123,136.56,207.95,121.92,67.08,1,1,1.000000
1638,125,780.58,351.79,287.91,107.31,1,1,1.000000
1638,105,64.69,37.72,66.10,61.59,1,1,1.000000
1638,129,517.67,382.14,459.57,170.43,1,1,1.000000
1638,104,31.90,225.43,61.50,89.72,1,1,1.000000
1638,74,81.39,76.65,128.90,76.33,1,1,1.000000
1638,131,0.00,550.88,75.54,117.61,1,1,1.000000
1638,132,9.44,120.49,63.94,58.43,1,1,1.000000
1638,133,81.81,354.51,208.52,82.21,1,1,1.000000
1638,134,4.26,247.28,29.64,48.32,1,1,1.000000
1638,137,0.00,372.40,32.00,52.25,1,1,1.000000
1639,93,442.72,467.34,190.48,120.71,1,1,1.000000
1639,95,922.09,507.83,300.99,109.71,1,1,1.000000
1639,96,91.54,0.71,138.20,76.47,1,1,1.000000
1639,79,89.48,275.20,131.60,121.77,1,1,1.000000
1639,107,264.16,68.80,140.17,51.30,1,1,1.000000
1639,100,246.87,122.01,172.46,81.20,1,1,1.000000
1639,64,251.26,175.15,66.57,96.11,1,1,1.000000
1639,123,135.97,211.44,122.99,64.43,1,1,1.000000
1639,125,796.69,355.11,283.59,104.39,1,1,1.000000
1639,105,64.20,38.49,66.25,62.57,1,1,1.000000
1639,129,548.95,387.93,437.32,163.71,1,1,1.000000
1639,104,34.86,227.01,62.54,91.08,1,1,1.000000
1639,74,81.02,79.76,130.73,77.28,1,1,1.000000
1639,131,0.00,550.56,80.77,125.85,1,1,1.000000
1639,132,7.52,123.52,67.44,60.59,1,1,1.000000
1639,133,85.37,358.40,205.89,81.38,1,1,1.000000
1639,134,3.29,250.71,31.86,51.56,1,1,1.000000
1639,137,0.23,376.74,31.78,49.32,1,1,1.000000
1639,82,1046.89,692.52,50.46,27.48,1,1,1.000000
1640,93,446.82,468.48,195.32,126.76,1,1,1.000000
1640,95,946.23,508.13,301.71,110.42,1,1,1.000000
1640,96,89.15,0.73,140.17,78.05,1,1,1.000000
1640,79,102.97,278.12,118.22,112.12,1,1,1.000000
1640,107,267.62,72.61,139.10,51.92,1,1,1.000000
1640,100,235.03,123.39,176.58,80.97,1,1,1.000000
1640,64,252.39,176.57,65.86,95.04,1,1,1.000000
1640,123,138.48,215.01,127.15,63.63,1,1,1.000000
1640,125,809.72,356.87,286.14,104.10,1,1,1.000000
1640,105,65.03,45.35,63.50,60.29,1,1,1.000000
1640,129,574.76,394.78,426.22,160.38,1,1,1.000000
1640,104,35.96,228.57,63.28,91.40,1,1,1.000000
1640,74,80.34,82.22,131.24,77.33,1,1,1.000000
1640,131,0.00,554.51,83.83,132.03,1,1,1.000000
1640,132,7.96,127.75,67.69,59.38,1,1,1.000000
1640,133,90.69,362.27,204.89,81.64,1,1,1.000000
1640,137,1.47,378.95,31.90,49.23,1,1,1.000000
1641,93,456.15,473.64,195.17,130.43,1,1,1.000000
1641,95,984.21,511.25,295.79,109.60,1,1,1.000000
1641,96,85.60,0.88,144.95,81.74,1,1,1.000000
1641,79,108.46,283.25,116.22,113.23,1,1,1.000000
1641,107,279.01,79.26,131.54,50.44,1,1,1.000000
1641,100,220.56,125.39,180.14,80.27,1,1,1.000000
1641,64,252.00,180.49,63.89,92.26,1,1,1.000000
1641,123,131.91,220.69,127.98,60.65,1,1,1.000000
1641,125,830.78,360.43,286.27,102.15,1,1,1.000000
1641,105,65.43,53.48,61.08,57.66,1,1,1.000000
1641,129,612.49,407.78,413.33,154.92,1,1,1.000000
1641,104,40.25,234.30,60.58,86.41,1,1,1.000000
1641,74,83.72,89.90,123.46,71.93,1,1,1.000000
1641,131,0.00,565.42,88.33,139.72,1,1,1.000000
1641,132,9.21,135.23,66.93,57.00,1,1,1.000000
1641,133,99.53,362.50,210.48,84.78,1,1,1.000000
1641,137,2.47,384.98,34.97,53.55,1,1,1.000000
1642,93,461.68,475.28,196.51,135.22,1,1,1.000000
1642,95,1003.83,512.13,276.17,111.65,1,1,1.000000
1642,96,79.11,0.70,155.20,89.29,1,1,1.000000
1642,79,113.80,285.85,113.33,113.90,1,1,1.000000
1642,107,286.06,81.81,131.37,52.11,1,1,1.000000
1642,100,211.20,126.25,185.95,80.33,1,1,1.000000
1642,64,251.05,184.73,61.63,88.10,1,1,1.000000
1642,123,131.41,225.46,129.20,57.87,1,1,1.000000
1642,125,847.37,364.94,287.07,100.30,1,1,1.000000
1642,105,64.85,60.36,60.35,56.45,1,1,1.000000
1642,129,640.62,417.68,406.20,151.12,1,1,1.000000
1642,104,40.68,234.54,62.69,86.90,1,1,1.000000
1642,74,86.12,94.54,120.36,69.54,1,1,1.000000
1642,131,0.00,575.43,87.49,140.84,1,1,1.000000
1642,132,7.52,140.60,69.78,58.36,1,1,1.000000
1642,133,101.03,363.79,217.07,88.57,1,1,1.000000
1642,137,2.99,387.24,37.42,56.77,1,1,1.000000
1643,93,467.53,477.82,195.23,138.81,1,1,1.000000
1643,95,1027.45,516.95,252.55,106.52,1,1,1.000000
1643,96,80.22,4.88,153.37,89.63,1,1,1.000000
1643,79,119.94,289.51,108.03,112.04,1,1,1.000000
1643,107,290.72,86.02,124.47,51.04,1,1,1.000000
1643,100,201.89,125.45,194.30,81.42,1,1,1.000000
1643,64,249.13,188.43,60.51,85.86,1,1,1.000000
1643,123,135.14,230.13,132.55,56.09,1,1,1.000000
1643,125,864.79,369.90,284.29,97.13,1,1,1.000000
1643,105,62.22,63.17,63.31,59.35,1,1,1.000000
1643,129,665.42,425.69,403.39,148.93,1,1,1.000000
1643,104,40.64,235.27,64.17,86.96,1,1,1.000000
1643,74,87.15,98.42,116.85,66.84,1,1,1.000000
1643,131,0.00,585.22,86.40,134.78,1,1,1.000000
1643,132,3.72,143.96,77.01,64.27,1,1,1.000000
1643,133,111.46,364.32,209.39,85.87,1,1,1.000000
1643,137,3.39,389.51,39.54,59.29,1,1,1.000000
1644,93,471.35,478.73,191.25,140.19,1,1,1.000000
1644,95,1036.39,518.67,243.61,104.54,1,1,1.000000
1644,96,81.40,6.60,151.13,89.60,1,1,1.000000
1644,79,123.26,290.80,103.94,110.99,1,1,1.000000
1644,107,293.30,87.53,119.74,50.65,1,1,1.000000
1644,100,196.96,125.14,200.55,81.82,1,1,1.000000
1644,64,248.26,189.76,60.36,85.07,1,1,1.000000
1644,123,134.39,231.70,137.63,55.46,1,1,1.000000
1644,125,868.99,371.65,286.54,95.98,1,1,1.000000
1644,105,61.29,64.15,64.30,60.40,1,1,1.000000
1644,129,673.06,428.51,403.91,148.11,1,1,1.000000
1644,104,40.19,235.50,65.48,87.00,1,1,1.000000
1644,74,87.20,99.73,116.20,65.87,1,1,1.000000
1644,131,0.49,589.02,85.28,130.98,1,1,1.000000
1644,132,2.31,145.16,79.74,66.40,1,1,1.000000
1644,133,115.53,364.54,205.80,84.79,1,1,1.000000
1644,137,3.37,390.28,40.64,60.23,1,1,1.000000
1645,93,477.33,485.27,188.93,143.02,1,1,1.000000
1645,95,1060.40,522.00,219.60,104.22,1,1,1.000000
1645,96,88.57,13.30,136.01,81.29,1,1,1.000000
1645,79,128.06,292.68,99.02,108.82,1,1,1.000000
1645,107,304.45,90.00,113.17,50.66,1,1,1.000000
1645,100,190.09,127.81,202.46,79.42,1,1,1.000000
1645,64,245.60,193.02,61.06,85.61,1,1,1.000000
1645,123,122.58,233.33,147.36,57.54,1,1,1.000000
1645,125,891.29,377.87,287.89,94.43,1,1,1.000000
1645,105,59.39,66.96,64.05,60.15,1,1,1.000000
1645,129,697.69,431.14,416.25,151.88,1,1,1.000000
1645,104,37.14,241.83,65.77,85.59,1,1,1.000000
1645,74,92.09,104.41,111.55,62.40,1,1,1.000000
1645,131,6.04,599.36,80.76,120.64,1,1,1.000000
1645,132,2.84,148.86,79.27,65.58,1,1,1.000000
1645,133,119.98,364.72,206.39,85.93,1,1,1.000000
1645,137,5.23,393.14,42.07,61.05,1,1,1.000000
1645,134,1.84,270.78,35.25,56.49,1,1,1.000000
1646,93,481.39,489.27,187.42,146.64,1,1,1.000000
1646,95,1081.76,525.36,198.24,102.69,1,1,1.000000
1646,96,95.37,18.93,124.79,75.16,1,1,1.000000
1646,79,131.91,295.25,94.00,105.94,1,1,1.000000
1646,107,310.89,88.11,108.09,51.40,1,1,1.000000
1646,100,181.22,129.68,205.83,77.60,1,1,1.000000
1646,64,243.91,195.87,55.06,75.70,1,1,1.000000
1646,123,114.98,235.43,160.23,60.85,1,1,1.000000
1646,125,903.55,379.80,298.01,96.36,1,1,1.000000
1646,105,56.74,69.30,64.01,59.61,1,1,1.000000
1646,129,714.41,430.73,435.65,159.08,1,1,1.000000
1646,104,39.06,240.55,67.60,87.53,1,1,1.000000
1646,74,95.69,107.28,107.28,59.22,1,1,1.000000
1646,131,9.95,604.02,80.05,115.98,1,1,1.000000
1646,132,3.13,151.72,79.22,65.08,1,1,1.000000
1646,133,120.95,362.48,212.58,89.55,1,1,1.000000
1646,137,5.30,393.46,44.94,64.03,1,1,1.000000
1646,139,98.29,0.15,158.86,21.77,1,1,1.000000
1646,134,1.57,273.90,33.58,53.53,1,1,1.000000
1647,93,488.23,494.91,181.38,146.23,1,1,1.000000
1647,95,1100.56,529.29,179.44,99.20,1,1,1.000000
1647,96,98.26,22.85,124.37,75.81,1,1,1.000000
1647,79,133.75,297.11,92.04,106.15,1,1,1.000000
1647,107,310.92,84.43,115.16,58.57,1,1,1.000000
1647,100,171.37,128.18,214.82,78.20,1,1,1.000000
1647,64,243.38,198.17,52.40,69.64,1,1,1.000000
1647,123,67.34,235.53,219.05,82.33,1,1,1.000000
1647,125,914.15,381.55,305.87,97.67,1,1,1.000000
1647,105,53.91,70.82,63.72,59.26,1,1,1.000000
1647,129,729.39,432.39,449.10,163.88,1,1,1.000000
1647,74,96.31,109.27,107.10,58.55,1,1,1.000000
1647,131,12.50,605.54,81.78,114.46,1,1,1.000000
1647,132,1.87,152.68,80.01,65.59,1,1,1.000000
1647,133,120.85,362.78,219.43,94.10,1,1,1.000000
1647,137,4.70,394.85,46.83,65.74,1,1,1.000000
1647,139,88.27,0.36,173.73,23.96,1,1,1.000000
1647,134,1.18,275.31,33.82,53.81,1,1,1.000000
1648,93,492.19,498.48,178.03,148.04,1,1,1.000000
1648,95,1117.39,533.64,162.61,93.92,1,1,1.000000
1648,96,102.93,26.54,121.04,74.60,1,1,1.000000
1648,79,133.99,298.06,89.27,105.28,1,1,1.000000
1648,107,313.62,84.76,112.28,60.97,1,1,1.000000
1648,100,156.85,129.26,225.15,79.28,1,1,1.000000
1648,64,243.22,199.48,52.55,67.03,1,1,1.000000
1648,123,89.35,234.84,203.29,75.37,1,1,1.000000
1648,125,922.53,383.45,316.63,100.13,1,1,1.000000
1648,105,53.29,72.35,61.97,57.42,1,1,1.000000
1648,129,747.62,437.20,458.98,167.53,1,1,1.000000
1648,74,96.74,112.79,107.35,58.55,1,1,1.000000
1648,131,12.91,610.34,81.05,109.66,1,1,1.000000
1648,132,0.00,151.61,83.78,69.09,1,1,1.000000
1648,133,118.97,362.98,221.89,96.67,1,1,1.000000
1648,137,5.75,399.94,44.74,61.26,1,1,1.000000
1648,139,68.93,0.56,201.43,28.14,1,1,1.000000
1648,134,0.78,273.95,36.74,58.34,1,1,1.000000
1648,104,31.94,239.05,75.86,95.09,1,1,1.000000
1649,93,495.13,500.42,177.08,151.87,1,1,1.000000
1649,95,1134.82,537.92,145.18,87.04,1,1,1.000000
1649,96,109.47,30.30,112.57,69.32,1,1,1.000000
1649,79,132.95,298.79,88.07,105.98,1,1,1.000000
1649,107,316.47,83.88,109.54,63.39,1,1,1.000000
1649,100,137.86,131.35,236.30,80.60,1,1,1.000000
1649,64,244.03,198.97,43.55,52.31,1,1,1.000000
1649,123,103.73,235.53,193.26,70.64,1,1,1.000000
1649,125,931.30,385.02,325.80,102.16,1,1,1.000000
1649,105,51.36,73.08,62.90,58.14,1,1,1.000000
1649,129,758.91,439.30,478.49,175.01,1,1,1.000000
1649,74,91.69,112.52,114.96,63.13,1,1,1.000000
1649,131,11.03,610.44,82.80,109.56,1,1,1.000000
1649,132,0.00,152.75,83.34,70.71,1,1,1.000000
1649,133,127.23,363.77,212.93,94.04,1,1,1.000000
1649,137,4.36,398.13,47.67,64.49,1,1,1.000000
1649,139,49.58,0.39,227.66,32.43,1,1,1.000000
1649,134,0.00,274.86,34.49,57.42,1,1,1.000000
1649,104,30.76,241.61,77.31,94.25,1,1,1.000000
1650,93,500.22,505.56,176.54,157.21,1,1,1.000000
1650,95,1156.79,545.79,123.21,77.43,1,1,1.000000
1650,96,114.27,35.09,103.96,64.77,1,1,1.000000
1650,79,134.99,299.25,86.02,104.37,1,1,1.000000
1650,107,327.08,90.16,88.35,53.44,1,1,1.000000
1650,100,111.02,131.83,240.81,79.26,1,1,1.000000
1650,64,237.72,193.12,52.93,61.42,1,1,1.000000
1650,123,121.46,241.15,177.35,63.43,1,1,1.000000
1650,125,939.11,387.78,339.50,106.60,1,1,1.000000
1650,105,51.67,74.66,62.50,56.94,1,1,1.000000
1650,129,782.61,445.20,494.29,181.35,1,1,1.000000
1650,74,108.41,114.78,86.77,45.96,1,1,1.000000
1650,131,8.19,609.77,84.72,110.23,1,1,1.000000
1650,132,0.67,156.71,81.84,67.81,1,1,1.000000
1650,133,130.18,364.07,212.79,95.36,1,1,1.000000
1650,137,3.57,401.49,48.22,64.45,1,1,1.000000
1650,139,55.19,0.45,241.33,35.49,1,1,1.000000
1650,104,27.71,242.27,82.31,97.03,1,1,1.000000
1651,93,503.93,507.47,172.59,159.20,1,1,1.000000
1651,95,1165.13,548.39,114.87,74.06,1,1,1.000000
1651,96,116.23,36.70,100.31,63.17,1,1,1.000000
1651,79,135.63,299.35,85.08,104.02,1,1,1.000000
1651,107,331.85,92.67,78.03,49.21,1,1,1.000000
1651,100,98.91,132.02,246.69,78.70,1,1,1.000000
1651,64,235.42,191.67,56.54,63.69,1,1,1.000000
1651,123,127.34,243.18,172.93,60.67,1,1,1.000000
1651,125,941.84,388.76,338.16,108.27,1,1,1.000000
1651,105,51.58,75.16,62.81,56.49,1,1,1.000000
1651,129,791.69,447.39,488.31,183.75,1,1,1.000000
1651,74,115.23,115.34,75.23,38.60,1,1,1.000000
1651,131,6.72,609.42,86.19,110.58,1,1,1.000000
1651,132,1.59,158.10,80.61,66.62,1,1,1.000000
1651,133,132.08,364.17,210.96,95.82,1,1,1.000000
1651,137,3.07,402.73,48.71,64.38,1,1,1.000000
1651,139,61.10,0.47,240.33,36.66,1,1,1.000000
1651,104,25.80,242.48,85.63,98.07,1,1,1.000000
1652,93,509.33,510.15,171.62,165.35,1,1,1.000000
1652,96,122.45,41.98,93.56,59.25,1,1,1.000000
1652,79,126.94,300.23,89.15,110.39,1,1,1.000000
1652,107,329.66,88.37,84.98,56.26,1,1,1.000000
1652,100,54.54,126.96,285.63,90.08,1,1,1.000000
1652,64,236.70,190.07,56.35,61.29,1,1,1.000000
1652,123,136.60,246.77,170.31,58.98,1,1,1.000000
1652,125,937.87,387.33,342.13,116.16,1,1,1.000000
1652,105,51.11,76.23,61.84,54.55,1,1,1.000000
1652,129,800.13,455.50,479.87,191.19,1,1,1.000000
1652,131,5.82,609.44,86.85,110.56,1,1,1.000000
1652,133,141.44,364.45,211.38,98.31,1,1,1.000000
1652,137,2.10,400.29,50.74,66.62,1,1,1.000000
1652,139,52.60,0.26,250.28,39.56,1,1,1.000000
1652,104,21.97,241.34,88.75,100.02,1,1,1.000000
1653,93,513.15,512.71,170.00,171.15,1,1,1.000000
1653,96,127.91,47.59,86.64,55.39,1,1,1.000000
1653,79,124.59,300.51,88.34,110.24,1,1,1.000000
1653,107,328.03,85.69,87.49,60.59,1,1,1.000000
1653,100,30.36,127.98,302.08,94.76,1,1,1.000000
1653,123,141.04,247.93,172.55,59.45,1,1,1.000000
1653,125,944.54,390.48,335.46,116.24,1,1,1.000000
1653,105,48.84,75.12,64.12,55.66,1,1,1.000000
1653,129,809.03,462.30,470.97,194.63,1,1,1.000000
1653,131,6.38,613.23,85.15,106.77,1,1,1.000000
1653,133,150.99,364.58,203.77,96.84,1,1,1.000000
1653,137,0.79,396.52,54.05,71.04,1,1,1.000000
1653,139,47.90,0.26,256.38,42.01,1,1,1.000000
1653,104,18.79,240.84,90.47,100.19,1,1,1.000000
1654,93,516.52,513.78,165.07,173.21,1,1,1.000000
1654,96,129.97,49.42,83.93,54.13,1,1,1.000000
1654,79,123.89,300.57,87.56,110.04,1,1,1.000000
1654,107,328.43,84.62,86.21,62.30,1,1,1.000000
1654,100,20.39,128.38,309.74,96.70,1,1,1.000000
1654,123,142.37,248.28,173.89,59.65,1,1,1.000000
1654,125,947.74,391.67,332.26,116.21,1,1,1.000000
1654,105,48.06,75.31,64.96,55.48,1,1,1.000000
1654,129,813.85,464.85,466.15,195.90,1,1,1.000000
1654,131,6.30,614.75,85.09,105.25,1,1,1.000000
1654,133,155.89,364.72,198.29,96.12,1,1,1.000000
1654,137,0.24,395.01,55.35,72.84,1,1,1.000000
1654,139,49.32,0.26,252.37,42.93,1,1,1.000000
1654,104,17.24,240.74,91.80,100.05,1,1,1.000000
1655,93,524.34,517.68,161.53,178.74,1,1,1.000000
1655,96,130.78,48.92,84.26,55.01,1,1,1.000000
1655,79,120.11,300.35,87.30,110.91,1,1,1.000000
1655,107,331.56,84.65,80.70,60.75,1,1,1.000000
1655,100,0.00,121.27,325.94,104.10,1,1,1.000000
1655,123,138.10,247.99,180.32,61.66,1,1,1.000000
1655,125,949.39,394.18,330.61,121.61,1,1,1.000000
1655,105,45.88,76.13,65.76,55.63,1,1,1.000000
1655,129,829.36,475.33,450.64,196.81,1,1,1.000000
1655,131,4.20,607.56,91.60,112.44,1,1,1.000000
1655,133,176.64,361.84,171.18,83.49,1,1,1.000000
1655,137,0.00,393.28,52.95,70.12,1,1,1.000000
1655,139,50.57,0.05,238.68,41.94,1,1,1.000000
1655,104,11.33,239.80,95.91,103.02,1,1,1.000000
1655,64,235.31,187.10,58.30,59.73,1,1,1.000000
1656,93,529.65,519.10,155.32,180.78,1,1,1.000000
1656,96,131.28,48.66,83.87,55.37,1,1,1.000000
1656,79,118.94,300.23,86.71,111.26,1,1,1.000000
1656,107,333.56,84.66,76.75,60.03,1,1,1.000000
1656,100,0.00,118.54,323.66,106.92,1,1,1.000000
1656,123,136.34,247.87,182.90,62.36,1,1,1.000000
1656,125,951.93,395.10,328.07,123.61,1,1,1.000000
1656,105,44.90,76.37,66.41,55.71,1,1,1.000000
1656,129,837.42,479.24,442.58,197.08,1,1,1.000000
1656,131,3.30,605.04,94.22,114.96,1,1,1.000000
1656,133,184.62,360.61,160.17,78.57,1,1,1.000000
1656,137,0.00,392.51,51.82,69.00,1,1,1.000000
1656,139,53.63,0.00,228.11,41.38,1,1,1.000000
1656,104,8.74,239.44,98.19,104.11,1,1,1.000000
1656,64,233.68,186.69,61.48,60.04,1,1,1.000000
1657,93,539.57,535.99,144.31,176.99,1,1,1.000000
1657,96,133.44,48.13,84.12,57.14,1,1,1.000000
1657,79,113.73,297.88,90.07,117.47,1,1,1.000000
1657,107,332.81,85.78,73.84,59.50,1,1,1.000000
1657,100,0.00,120.26,309.77,103.69,1,1,1.000000
1657,123,136.00,249.05,183.49,62.09,1,1,1.000000
1657,125,960.37,400.04,319.63,126.58,1,1,1.000000
1657,105,38.33,70.04,73.10,61.31,1,1,1.000000
1657,129,856.00,485.89,424.00,199.73,1,1,1.000000
1657,131,5.45,608.94,92.58,111.06,1,1,1.000000
1657,133,192.70,360.25,146.60,71.29,1,1,1.000000
1657,137,2.64,396.20,47.33,61.39,1,1,1.000000
1657,139,54.50,0.00,225.96,42.16,1,1,1.000000
1657,104,5.42,235.78,101.05,106.53,1,1,1.000000
1657,64,228.75,187.94,63.71,59.73,1,1,1.000000
1658,93,544.96,552.40,130.56,167.52,1,1,1.000000
1658,96,134.34,47.18,85.66,59.95,1,1,1.000000
1658,79,111.10,296.36,91.12,120.63,1,1,1.000000
1658,107,331.00,85.78,72.09,59.24,1,1,1.000000
1658,100,0.00,121.02,302.03,101.78,1,1,1.000000
1658,123,133.13,249.50,189.32,63.78,1,1,1.000000
1658,125,973.36,406.60,306.64,124.86,1,1,1.000000
1658,105,33.95,67.68,75.78,63.41,1,1,1.000000
1658,129,870.73,490.73,409.27,201.84,1,1,1.000000
1658,131,6.91,613.50,90.32,106.50,1,1,1.000000
1658,133,198.64,358.09,136.94,65.73,1,1,1.000000
1658,137,4.23,398.47,43.81,55.51,1,1,1.000000
1658,139,57.19,0.00,218.02,41.67,1,1,1.000000
1658,104,4.22,233.28,102.43,107.40,1,1,1.000000
1658,64,227.97,189.71,63.22,56.15,1,1,1.000000
1659,93,547.58,559.94,121.59,160.06,1,1,1.000000
1659,96,135.23,46.46,90.43,65.82,1,1,1.000000
1659,79,110.26,295.92,91.43,122.06,1,1,1.000000
1659,107,329.58,83.74,73.17,60.87,1,1,1.000000
1659,100,0.00,121.60,297.93,101.31,1,1,1.000000
1659,123,129.05,248.69,196.04,65.82,1,1,1.000000
1659,125,987.32,413.60,292.68,122.51,1,1,1.000000
1659,105,34.65,68.39,73.93,61.47,1,1,1.000000
1659,129,887.37,494.37,392.63,202.09,1,1,1.000000
1659,131,11.57,624.90,83.57,95.10,1,1,1.000000
1659,133,196.89,357.08,135.17,63.53,1,1,1.000000
1659,137,3.49,396.83,44.32,55.37,1,1,1.000000
1659,139,63.75,0.00,204.29,39.60,1,1,1.000000
1659,104,4.45,231.92,101.26,105.43,1,1,1.000000
1659,64,223.59,185.35,68.28,58.73,1,1,1.000000
1660,93,547.86,560.50,117.14,159.50,1,1,1.000000
1660,96,134.60,45.80,95.80,73.11,1,1,1.000000
1660,79,109.97,294.78,90.84,122.91,1,1,1.000000
1660,107,328.92,86.19,72.29,60.28,1,1,1.000000
1660,100,0.00,124.59,282.54,95.35,1,1,1.000000
1660,123,125.38,249.41,202.61,67.73,1,1,1.000000
1660,125,1010.53,423.51,269.47,113.08,1,1,1.000000
1660,105,34.91,68.08,73.88,61.26,1,1,1.000000
1660,129,904.34,496.48,375.66,201.05,1,1,1.000000
1660,131,10.33,623.66,86.37,96.21,1,1,1.000000
1660,133,200.78,356.95,129.15,59.06,1,1,1.000000
1660,137,3.40,396.64,44.35,54.63,1,1,1.000000
1660,139,65.40,0.00,190.97,37.09,1,1,1.000000
1660,104,6.18,230.63,99.19,102.30,1,1,1.000000
1660,64,217.10,180.31,77.24,65.53,1,1,1.000000
1661,93,545.99,563.13,113.35,156.87,1,1,1.000000
1661,96,135.92,46.63,95.95,76.69,1,1,1.000000
1661,79,109.40,294.32,88.93,121.75,1,1,1.000000
1661,107,323.75,88.20,77.55,64.48,1,1,1.000000
1661,100,0.00,125.83,272.77,91.29,1,1,1.000000
1661,123,125.11,252.13,202.27,66.83,1,1,1.000000
1661,125,1033.57,432.88,246.43,103.94,1,1,1.000000
1661,105,35.14,67.80,71.37,59.02,1,1,1.000000
1661,129,922.29,499.14,357.71,199.47,1,1,1.000000
1661,131,8.61,617.95,92.54,101.49,1,1,1.000000
1661,133,203.54,356.58,124.67,55.50,1,1,1.000000
1661,137,2.41,397.57,44.03,53.81,1,1,1.000000
1661,139,61.31,0.00,183.91,35.61,1,1,1.000000
1661,104,6.68,229.82,97.36,99.24,1,1,1.000000
1661,64,212.36,179.52,82.70,69.18,1,1,1.000000
1662,93,544.07,563.80,111.98,156.20,1,1,1.000000
1662,96,135.30,50.28,98.53,83.08,1,1,1.000000
1662,79,108.41,294.88,87.05,120.32,1,1,1.000000
1662,107,321.01,89.07,76.56,62.27,1,1,1.000000
1662,100,0.00,127.24,267.64,88.81,1,1,1.000000
1662,123,120.00,251.69,208.74,68.48,1,1,1.000000
1662,125,1051.19,440.62,228.81,99.74,1,1,1.000000
1662,105,34.96,68.74,69.55,57.54,1,1,1.000000
1662,129,942.16,506.56,337.84,197.10,1,1,1.000000
1662,131,7.67,613.62,97.28,105.23,1,1,1.000000
1662,133,204.53,356.32,126.04,54.51,1,1,1.000000
1662,137,1.53,397.35,44.66,54.30,1,1,1.000000
1662,139,55.94,0.00,185.22,35.70,1,1,1.000000
1662,104,6.46,228.91,98.47,99.22,1,1,1.000000
1662,64,209.32,178.50,87.38,72.36,1,1,1.000000
1663,93,542.42,565.79,110.25,154.21,1,1,1.000000
1663,96,141.22,49.76,85.92,74.81,1,1,1.000000
1663,79,108.48,296.12,85.08,118.58,1,1,1.000000
1663,107,316.21,89.85,79.56,62.71,1,1,1.000000
1663,100,0.00,127.14,264.10,88.32,1,1,1.000000
1663,123,120.14,252.91,208.87,67.75,1,1,1.000000
1663,125,1063.65,444.14,216.35,99.03,1,1,1.000000
1663,105,35.31,68.71,68.99,57.18,1,1,1.000000
1663,129,969.87,512.10,310.13,187.38,1,1,1.000000
1663,131,6.84,612.42,99.76,106.67,1,1,1.000000
1663,133,206.16,357.52,124.86,52.26,1,1,1.000000
1663,137,1.87,397.09,45.04,54.25,1,1,1.000000
1663,139,53.35,0.00,183.03,35.01,1,1,1.000000
1663,104,7.12,228.46,97.92,97.41,1,1,1.000000
1663,64,207.85,178.86,88.61,72.55,1,1,1.000000
1664,93,541.77,570.72,106.86,149.28,1,1,1.000000
1664,96,142.91,51.76,79.59,71.11,1,1,1.000000
1664,79,108.66,296.91,84.27,118.48,1,1,1.000000
1664,107,310.99,94.13,78.91,59.40,1,1,1.000000
1664,100,0.00,124.05,266.47,93.42,1,1,1.000000
1664,123,118.29,253.66,212.28,68.17,1,1,1.000000
1664,125,1066.94,443.81,213.06,104.49,1,1,1.000000
1664,105,34.13,68.93,69.09,57.79,1,1,1.000000
1664,129,999.60,520.97,280.40,174.08,1,1,1.000000
1664,131,6.65,613.87,98.95,104.41,1,1,1.000000
1664,133,208.75,358.17,126.64,51.62,1,1,1.000000
1664,137,2.68,397.02,45.66,54.19,1,1,1.000000
1664,139,46.97,0.01,185.37,35.08,1,1,1.000000
1664,104,6.49,228.37,99.30,97.81,1,1,1.000000
1664,64,206.58,178.82,88.40,71.70,1,1,1.000000
1665,93,542.31,571.97,106.03,148.03,1,1,1.000000
1665,96,144.50,53.22,74.05,66.44,1,1,1.000000
1665,79,109.56,298.78,82.82,117.02,1,1,1.000000
1665,107,305.26,95.98,81.82,59.18,1,1,1.000000
1665,100,0.00,123.21,263.64,95.86,1,1,1.000000
1665,123,121.34,254.63,206.23,65.05,1,1,1.000000
1665,125,1080.64,442.76,199.36,99.84,1,1,1.000000
1665,105,33.45,68.84,69.66,59.00,1,1,1.000000
1665,129,1031.56,534.44,248.44,154.59,1,1,1.000000
1665,131,4.71,617.36,96.00,100.61,1,1,1.000000
1665,133,211.05,360.20,128.22,50.79,1,1,1.000000
1665,137,3.27,397.18,47.27,55.23,1,1,1.000000
1665,139,44.90,0.09,174.65,32.60,1,1,1.000000
1665,104,6.95,228.84,98.73,96.03,1,1,1.000000
1665,64,206.93,179.15,88.38,70.94,1,1,1.000000
1665,74,115.47,107.25,95.16,52.31,1,1,1.000000
1666,93,548.72,580.73,100.18,139.27,1,1,1.000000
1666,96,142.45,54.38,70.44,62.29,1,1,1.000000
1666,79,109.80,299.00,82.93,118.08,1,1,1.000000
1666,107,293.13,88.37,97.37,68.82,1,1,1.000000
1666,100,0.00,129.63,249.99,96.61,1,1,1.000000
1666,123,121.85,256.74,212.30,65.87,1,1,1.000000
1666,125,1102.02,441.71,177.98,93.84,1,1,1.000000
1666,105,35.31,70.49,70.30,59.68,1,1,1.000000
1666,129,1083.23,560.49,196.77,125.31,1,1,1.000000
1666,131,4.65,626.03,82.68,85.65,1,1,1.000000
1666,133,215.44,362.55,130.97,50.51,1,1,1.000000
1666,137,2.67,395.50,52.37,60.64,1,1,1.000000
1666,139,39.36,0.12,166.23,30.62,1,1,1.000000
1666,104,6.91,228.71,100.79,96.83,1,1,1.000000
1666,64,205.92,180.24,88.57,70.14,1,1,1.000000
1666,74,113.47,114.79,89.62,48.78,1,1,1.000000
1667,93,550.96,583.76,98.29,136.24,1,1,1.000000
1667,96,141.41,54.75,69.64,60.78,1,1,1.000000
1667,79,110.08,299.08,82.62,118.47,1,1,1.000000
1667,107,288.01,85.63,104.41,72.31,1,1,1.000000
1667,100,0.00,132.15,243.09,96.91,1,1,1.000000
1667,123,121.09,257.49,216.37,66.14,1,1,1.000000
1667,125,1111.23,441.14,168.77,91.69,1,1,1.000000
1667,105,36.09,71.11,70.45,59.94,1,1,1.000000
1667,129,1100.93,568.95,179.07,115.52,1,1,1.000000
1667,131,4.40,629.26,78.05,80.02,1,1,1.000000
1667,133,215.86,363.38,134.05,50.49,1,1,1.000000
1667,137,2.31,394.87,54.53,62.64,1,1,1.000000
1667,139,37.00,0.13,164.35,29.92,1,1,1.000000
1667,104,6.55,228.68,102.23,97.13,1,1,1.000000
1667,64,205.32,180.70,89.18,69.77,1,1,1.000000
1667,74,112.51,118.24,87.13,47.08,1,1,1.000000
1668,93,566.31,601.23,86.40,118.77,1,1,1.000000
1668,96,140.02,56.85,71.85,61.37,1,1,1.000000
1668,79,112.13,301.59,80.63,116.54,1,1,1.000000
1668,107,285.24,86.92,108.66,72.58,1,1,1.000000
1668,100,0.00,142.34,214.61,83.97,1,1,1.000000
1668,123,126.19,263.98,214.20,64.45,1,1,1.000000
1668,125,1138.07,446.22,141.93,83.74,1,1,1.000000
1668,105,37.17,74.78,70.67,59.63,1,1,1.000000
1668,129,1152.11,593.68,127.89,87.43,1,1,1.000000
1668,131,0.00,638.06,66.55,75.66,1,1,1.000000
1668,133,220.89,364.04,135.79,50.09,1,1,1.000000
1668,137,5.76,399.16,55.24,61.62,1,1,1.000000
1668,139,17.03,0.08,174.19,31.72,1,1,1.000000
1668,104,7.86,230.71,102.97,96.37,1,1,1.000000
1668,64,203.26,182.84,90.34,69.45,1,1,1.000000
1669,93,570.13,616.34,78.18,103.66,1,1,1.000000
1669,96,138.41,59.57,71.94,59.87,1,1,1.000000
1669,79,113.00,303.31,80.59,117.38,1,1,1.000000
1669,107,281.94,87.69,112.16,71.95,1,1,1.000000
1669,100,0.00,149.53,187.88,71.86,1,1,1.000000
1669,123,132.61,267.47,208.51,61.46,1,1,1.000000
1669,125,1162.48,450.12,117.52,73.37,1,1,1.000000
1669,105,36.61,77.04,70.65,59.57,1,1,1.000000
1669,129,1183.14,607.99,96.86,76.31,1,1,1.000000
1669,133,222.63,365.82,138.33,50.11,1,1,1.000000
1669,137,7.80,403.13,55.39,59.72,1,1,1.000000
1669,139,6.47,0.15,176.09,32.10,1,1,1.000000
1669,104,9.05,232.36,103.48,95.36,1,1,1.000000
1669,64,198.56,184.39,95.52,72.43,1,1,1.000000
1669,74,104.95,116.87,90.22,48.68,1,1,1.000000
1670,93,579.59,636.36,66.57,83.64,1,1,1.000000
1670,96,137.29,61.34,71.08,57.01,1,1,1.000000
1670,79,114.32,303.36,80.79,119.13,1,1,1.000000
1670,107,277.05,87.82,118.31,72.89,1,1,1.000000
1670,100,0.00,151.82,170.60,66.51,1,1,1.000000
1670,123,130.95,269.22,216.92,63.41,1,1,1.000000
1670,125,1183.59,457.10,96.41,65.82,1,1,1.000000
1670,105,37.12,79.13,70.90,59.88,1,1,1.000000
1670,133,222.27,365.78,147.07,52.97,1,1,1.000000
1670,137,8.67,403.81,59.09,61.76,1,1,1.000000
1670,139,0.00,0.19,174.03,32.02,1,1,1.000000
1670,104,10.78,232.87,103.93,93.92,1,1,1.000000
1670,64,196.95,184.39,98.54,74.09,1,1,1.000000
1670,74,104.16,116.67,87.65,47.29,1,1,1.000000
1671,93,580.21,624.52,77.14,95.48,1,1,1.000000
1671,96,132.93,61.09,79.73,62.81,1,1,1.000000
1671,79,117.84,302.38,79.08,118.49,1,1,1.000000
1671,107,272.78,88.35,121.02,71.39,1,1,1.000000
1671,100,0.00,153.76,158.84,64.20,1,1,1.000000
1671,123,132.30,271.13,219.52,63.45,1,1,1.000000
1671,125,1194.79,462.53,85.21,66.48,1,1,1.000000
1671,105,36.69,78.68,72.00,61.05,1,1,1.000000
1671,133,220.88,364.88,155.04,55.89,1,1,1.000000
1671,137,10.74,406.73,60.73,60.92,1,1,1.000000
1671,139,0.00,0.30,170.57,31.42,1,1,1.000000
1671,104,10.29,233.95,106.46,94.78,1,1,1.000000
1671,64,199.44,184.97,95.56,70.67,1,1,1.000000
1671,74,103.26,117.25,100.74,54.91,1,1,1.000000
1672,93,578.87,623.47,80.45,96.53,1,1,1.000000
1672,96,129.53,60.67,85.58,66.04,1,1,1.000000
1672,79,121.64,302.70,77.31,117.83,1,1,1.000000
1672,107,268.80,87.73,125.65,71.02,1,1,1.000000
1672,100,0.00,153.93,148.57,63.30,1,1,1.000000
1672,123,133.56,272.16,222.63,63.76,1,1,1.000000
1672,105,34.72,77.29,74.80,63.92,1,1,1.000000
1672,133,218.97,361.96,165.95,60.54,1,1,1.000000
1672,137,11.21,408.65,63.69,61.61,1,1,1.000000
1672,139,1.30,0.48,166.82,30.48,1,1,1.000000
1672,104,8.14,234.35,110.04,97.07,1,1,1.000000
1672,64,199.87,185.09,95.23,69.22,1,1,1.000000
1672,74,108.60,123.21,92.09,50.02,1,1,1.000000
1673,93,580.91,626.63,80.15,93.37,1,1,1.000000
1673,96,128.01,60.07,89.42,67.63,1,1,1.000000
1673,79,126.52,303.33,74.33,115.66,1,1,1.000000
1673,107,264.31,87.57,131.44,71.13,1,1,1.000000
1673,100,0.00,153.40,139.71,63.47,1,1,1.000000
1673,123,137.67,272.95,220.25,62.24,1,1,1.000000
1673,105,35.51,80.19,73.52,62.56,1,1,1.000000
1673,133,217.96,362.29,169.31,62.68,1,1,1.000000
1673,137,11.29,412.08,65.25,60.84,1,1,1.000000
1673,139,0.00,0.35,173.21,31.89,1,1,1.000000
1673,104,8.65,234.66,110.22,95.92,1,1,1.000000
1673,64,199.02,185.72,96.96,69.56,1,1,1.000000
1673,74,104.29,126.19,99.76,54.94,1,1,1.000000
1674,93,582.35,632.57,77.63,87.43,1,1,1.000000
1674,96,126.80,59.54,92.08,68.49,1,1,1.000000
1674,79,131.06,305.56,72.84,115.45,1,1,1.000000
1674,107,258.64,87.25,138.86,72.13,1,1,1.000000
1674,100,0.00,153.58,136.44,62.73,1,1,1.000000
1674,123,141.69,274.55,217.77,60.75,1,1,1.000000
1674,105,36.00,82.75,72.07,60.93,1,1,1.000000
1674,133,216.22,362.78,170.82,64.37,1,1,1.000000
1674,137,12.33,415.21,65.93,58.93,1,1,1.000000
1674,139,0.00,0.42,172.46,32.38,1,1,1.000000
1674,104,7.77,232.38,115.16,99.34,1,1,1.000000
1674,64,196.38,185.17,100.55,71.39,1,1,1.000000
1674,74,92.99,124.11,117.02,66.37,1,1,1.000000
1675,93,583.71,640.09,73.47,79.91,1,1,1.000000
1675,96,126.25,59.61,92.38,66.84,1,1,1.000000
1675,79,131.92,305.11,71.68,115.59,1,1,1.000000
1675,107,250.41,85.33,146.79,73.47,1,1,1.000000
1675,100,0.00,152.24,117.13,60.15,1,1,1.000000
1675,123,147.54,275.38,212.06,58.24,1,1,1.000000
1675,105,35.59,82.82,71.97,60.75,1,1,1.000000
1675,133,217.18,363.47,171.38,65.89,1,1,1.000000
1675,137,13.66,417.01,66.68,56.98,1,1,1.000000
1675,104,6.23,231.24,119.45,102.55,1,1,1.000000
1675,64,193.41,184.63,104.26,73.49,1,1,1.000000
1675,74,83.72,122.80,125.95,72.88,1,1,1.000000
1676,93,583.23,644.68,71.27,75.32,1,1,1.000000
1676,96,127.99,59.72,87.17,60.43,1,1,1.000000
1676,79,134.30,304.28,69.87,114.99,1,1,1.000000
1676,107,233.21,77.69,166.51,81.45,1,1,1.000000
1676,100,0.00,151.73,102.74,59.10,1,1,1.000000
1676,123,147.48,274.30,219.55,59.97,1,1,1.000000
1676,105,34.57,81.45,73.24,61.89,1,1,1.000000
1676,133,221.69,364.61,168.34,66.11,1,1,1.000000
1676,137,13.06,416.71,69.43,57.17,1,1,1.000000
1676,104,9.37,230.77,115.89,98.21,1,1,1.000000
1676,64,192.57,184.69,103.29,72.18,1,1,1.000000
1676,74,82.53,126.59,121.88,71.37,1,1,1.000000
1677,93,578.78,647.23,70.15,72.77,1,1,1.000000
1677,96,127.76,59.21,88.15,58.51,1,1,1.000000
1677,79,137.81,305.63,65.40,110.27,1,1,1.000000
1677,107,223.58,77.24,171.87,81.54,1,1,1.000000
1677,100,0.00,148.10,95.02,60.83,1,1,1.000000
1677,123,151.63,274.22,220.77,59.86,1,1,1.000000
1677,105,36.13,80.29,75.11,63.21,1,1,1.000000
1677,133,224.74,363.95,169.12,68.01,1,1,1.000000
1677,137,13.16,415.49,71.54,56.66,1,1,1.000000
1677,104,10.60,230.00,115.97,96.84,1,1,1.000000
1677,64,192.13,183.15,103.97,71.93,1,1,1.000000
1677,74,84.24,127.42,119.19,70.70,1,1,1.000000
1678,93,576.63,651.47,66.88,68.53,1,1,1.000000
1678,96,124.59,57.64,83.39,53.58,1,1,1.000000
1678,79,140.59,303.68,64.51,111.71,1,1,1.000000
1678,107,213.58,77.54,174.53,79.83,1,1,1.000000
1678,100,0.00,161.75,84.20,52.02,1,1,1.000000
1678,123,153.02,273.51,225.34,60.94,1,1,1.000000
1678,105,36.25,76.99,76.94,64.64,1,1,1.000000
1678,133,229.27,364.42,167.93,69.30,1,1,1.000000
1678,137,12.02,413.07,73.92,56.76,1,1,1.000000
1678,104,8.63,227.96,118.57,98.15,1,1,1.000000
1678,64,191.25,180.82,107.26,73.67,1,1,1.000000
1678,74,86.82,130.04,114.21,68.04,1,1,1.000000
1679,79,143.42,299.14,62.91,112.48,1,1,1.000000
1679,107,160.39,61.26,211.71,94.50,1,1,1.000000
1679,100,0.00,165.59,102.20,67.11,1,1,1.000000
1679,123,155.44,271.98,227.74,61.64,1,1,1.000000
1679,105,35.93,73.12,76.87,64.65,1,1,1.000000
1679,133,235.11,362.86,169.22,72.68,1,1,1.000000
1679,137,11.91,408.75,79.46,59.24,1,1,1.000000
1679,104,9.70,223.81,119.69,97.77,1,1,1.000000
1679,64,190.23,178.05,108.92,74.58,1,1,1.000000
1679,74,88.31,124.47,115.70,69.60,1,1,1.000000
1680,79,144.66,297.41,60.91,112.27,1,1,1.000000
1680,107,135.06,53.29,230.56,101.60,1,1,1.000000
1680,100,0.00,164.01,110.95,78.80,1,1,1.000000
1680,123,157.77,270.32,227.91,61.56,1,1,1.000000
1680,105,37.38,70.43,77.95,65.47,1,1,1.000000
1680,133,241.08,362.50,163.43,73.28,1,1,1.000000
1680,137,10.74,404.80,83.63,60.84,1,1,1.000000
1680,104,10.23,218.97,119.84,96.50,1,1,1.000000
1680,64,189.15,174.09,112.20,76.85,1,1,1.000000
1680,74,89.35,120.06,116.10,70.58,1,1,1.000000
1681,79,148.81,293.02,52.04,96.90,1,1,1.000000
1681,107,127.91,52.20,232.09,101.20,1,1,1.000000
1681,100,0.00,162.65,102.77,73.81,1,1,1.000000
1681,123,128.50,269.73,290.49,80.90,1,1,1.000000
1681,105,38.78,68.96,77.01,64.75,1,1,1.000000
1681,133,250.09,361.06,156.71,73.69,1,1,1.000000
1681,137,10.64,401.41,87.78,62.27,1,1,1.000000
1681,104,13.12,215.70,116.17,91.55,1,1,1.000000
1681,64,190.67,171.63,110.08,75.15,1,1,1.000000
1681,74,94.10,120.71,108.84,66.21,1,1,1.000000
1681,96,112.88,51.83,96.98,62.27,1,1,1.000000
1682,79,150.00,288.67,48.72,91.74,1,1,1.000000
1682,107,119.32,49.39,236.46,102.23,1,1,1.000000
1682,100,0.00,162.24,95.28,70.11,1,1,1.000000
1682,123,107.83,267.29,331.29,95.73,1,1,1.000000
1682,105,42.27,65.10,76.17,63.59,1,1,1.000000
1682,133,249.57,353.96,162.47,80.42,1,1,1.000000
1682,137,8.69,395.27,93.53,65.35,1,1,1.000000
1682,104,13.15,213.07,117.03,90.47,1,1,1.000000
1682,64,191.62,169.64,109.46,74.46,1,1,1.000000
1682,74,97.07,118.77,104.63,64.00,1,1,1.000000
1682,96,111.75,48.42,92.46,58.67,1,1,1.000000
1683,79,151.48,286.76,46.16,87.37,1,1,1.000000
1683,107,109.50,44.84,244.24,104.31,1,1,1.000000
1683,100,0.00,161.25,89.60,67.51,1,1,1.000000
1683,123,104.89,265.00,338.07,101.01,1,1,1.000000
1683,105,44.07,62.03,75.07,62.60,1,1,1.000000
1683,133,252.23,349.05,161.02,84.12,1,1,1.000000
1683,137,11.13,392.77,92.98,63.11,1,1,1.000000
1683,104,13.71,209.16,116.42,88.21,1,1,1.000000
1683,64,192.28,167.95,108.37,73.67,1,1,1.000000
1683,74,99.50,117.37,102.41,63.03,1,1,1.000000
1683,96,104.77,45.11,96.43,60.33,1,1,1.000000
1684,79,150.95,281.33,46.54,88.83,1,1,1.000000
1684,107,95.35,40.16,254.23,106.59,1,1,1.000000
1684,100,0.00,157.42,84.92,64.67,1,1,1.000000
1684,123,104.64,262.07,337.85,104.33,1,1,1.000000
1684,105,47.20,59.33,74.72,62.17,1,1,1.000000
1684,133,259.70,348.19,153.26,84.56,1,1,1.000000
1684,137,11.53,388.87,94.49,62.51,1,1,1.000000
1684,104,15.31,206.59,115.24,85.25,1,1,1.000000
1684,64,191.66,162.79,111.18,75.81,1,1,1.000000
1684,74,103.49,117.80,96.58,59.11,1,1,1.000000
1685,79,150.37,281.37,47.49,91.03,1,1,1.000000
1685,107,83.64,35.58,262.23,107.34,1,1,1.000000
1685,100,0.00,154.05,84.67,65.17,1,1,1.000000
1685,123,107.28,260.25,333.75,106.33,1,1,1.000000
1685,133,265.17,346.12,146.44,85.49,1,1,1.000000
1685,137,12.17,383.02,97.20,62.64,1,1,1.000000
1685,104,11.32,200.46,123.61,90.36,1,1,1.000000
1685,64,193.12,161.09,109.13,74.23,1,1,1.000000
1685,74,108.20,116.29,91.59,55.39,1,1,1.000000
1686,79,147.26,276.24,51.16,98.18,1,1,1.000000
1686,107,78.19,30.54,271.24,108.67,1,1,1.000000
1686,100,0.00,152.50,81.87,62.92,1,1,1.000000
1686,123,153.81,258.08,258.03,82.37,1,1,1.000000
1686,133,267.51,342.91,142.59,88.07,1,1,1.000000
1686,137,12.79,380.09,99.23,62.23,1,1,1.000000
1686,104,10.09,197.06,126.51,91.54,1,1,1.000000
1686,64,194.17,158.81,108.28,73.56,1,1,1.000000
1686,74,110.76,114.58,89.58,53.02,1,1,1.000000
1687,79,146.36,272.85,53.74,103.66,1,1,1.000000
1687,107,72.72,26.53,274.76,106.96,1,1,1.000000
1687,100,0.00,148.02,86.19,67.18,1,1,1.000000
1687,123,188.28,255.81,207.73,66.06,1,1,1.000000
1687,133,276.62,340.80,136.22,90.07,1,1,1.000000
1687,137,14.84,376.60,99.48,60.19,1,1,1.000000
1687,104,11.96,195.11,127.19,91.24,1,1,1.000000
1687,64,195.62,155.39,107.35,72.85,1,1,1.000000
1687,74,112.56,112.87,88.40,51.33,1,1,1.000000
1688,79,145.42,269.62,54.95,106.84,1,1,1.000000
1688,107,60.97,21.27,288.85,109.24,1,1,1.000000
1688,100,0.00,144.05,85.53,67.78,1,1,1.000000
1688,123,201.77,252.65,193.21,61.64,1,1,1.000000
1688,133,283.36,337.85,130.91,92.74,1,1,1.000000
1688,137,15.41,373.94,101.46,59.38,1,1,1.000000
1688,104,11.77,191.47,129.26,91.66,1,1,1.000000
1688,64,198.16,152.56,104.37,70.50,1,1,1.000000
1688,74,110.10,106.98,93.62,54.28,1,1,1.000000
1689,79,145.16,268.49,55.10,107.89,1,1,1.000000
1689,107,54.57,19.45,298.48,110.06,1,1,1.000000
1689,100,0.00,142.51,84.62,68.06,1,1,1.000000
1689,123,206.05,251.72,188.38,60.27,1,1,1.000000
1689,133,288.39,336.78,123.65,93.68,1,1,1.000000
1689,137,14.71,373.04,103.91,59.05,1,1,1.000000
1689,104,11.55,190.28,130.62,91.70,1,1,1.000000
1689,64,198.99,151.55,103.54,69.65,1,1,1.000000
1689,74,109.16,104.91,95.58,55.35,1,1,1.000000