2026/03/26 17:19:42 - mmengine - INFO - 
------------------------------------------------------------
System environment:
    sys.platform: linux
    Python: 3.11.10 (main, Sep  7 2024, 18:35:41) [GCC 11.4.0]
    CUDA available: True
    MUSA available: False
    numpy_random_seed: 0
    GPU 0: NVIDIA A100-SXM4-80GB
    CUDA_HOME: /usr/local/cuda
    NVCC: Cuda compilation tools, release 12.4, V12.4.131
    GCC: x86_64-linux-gnu-gcc (Ubuntu 11.4.0-1ubuntu1~22.04) 11.4.0
    PyTorch: 2.1.0+cu121
    PyTorch compiling details: PyTorch built with:
  - GCC 9.3
  - C++ Version: 201703
  - Intel(R) oneAPI Math Kernel Library Version 2022.2-Product Build 20220804 for Intel(R) 64 architecture applications
  - Intel(R) MKL-DNN v3.1.1 (Git Hash 64f6bcbcbab628e96f33a62c3e975f8535a7bde4)
  - OpenMP 201511 (a.k.a. OpenMP 4.5)
  - LAPACK is enabled (usually provided by MKL)
  - NNPACK is enabled
  - CPU capability usage: AVX2
  - CUDA Runtime 12.1
  - NVCC architecture flags: -gencode;arch=compute_50,code=sm_50;-gencode;arch=compute_60,code=sm_60;-gencode;arch=compute_70,code=sm_70;-gencode;arch=compute_75,code=sm_75;-gencode;arch=compute_80,code=sm_80;-gencode;arch=compute_86,code=sm_86;-gencode;arch=compute_90,code=sm_90
  - CuDNN 8.9.2
  - Magma 2.6.1
  - Build settings: BLAS_INFO=mkl, BUILD_TYPE=Release, CUDA_VERSION=12.1, CUDNN_VERSION=8.9.2, CXX_COMPILER=/opt/rh/devtoolset-9/root/usr/bin/c++, CXX_FLAGS= -D_GLIBCXX_USE_CXX11_ABI=0 -fabi-version=11 -fvisibility-inlines-hidden -DUSE_PTHREADPOOL -DNDEBUG -DUSE_KINETO -DLIBKINETO_NOROCTRACER -DUSE_FBGEMM -DUSE_QNNPACK -DUSE_PYTORCH_QNNPACK -DUSE_XNNPACK -DSYMBOLICATE_MOBILE_DEBUG_HANDLE -O2 -fPIC -Wall -Wextra -Werror=return-type -Werror=non-virtual-dtor -Werror=bool-operation -Wnarrowing -Wno-missing-field-initializers -Wno-type-limits -Wno-array-bounds -Wno-unknown-pragmas -Wno-unused-parameter -Wno-unused-function -Wno-unused-result -Wno-strict-overflow -Wno-strict-aliasing -Wno-stringop-overflow -Wno-psabi -Wno-error=pedantic -Wno-error=old-style-cast -Wno-invalid-partial-specialization -Wno-unused-private-field -Wno-aligned-allocation-unavailable -Wno-missing-braces -fdiagnostics-color=always -faligned-new -Wno-unused-but-set-variable -Wno-maybe-uninitialized -fno-math-errno -fno-trapping-math -Werror=format -Werror=cast-function-type -Wno-stringop-overflow, LAPACK_INFO=mkl, PERF_WITH_AVX=1, PERF_WITH_AVX2=1, PERF_WITH_AVX512=1, TORCH_DISABLE_GPU_ASSERTS=ON, TORCH_VERSION=2.1.0, USE_CUDA=ON, USE_CUDNN=ON, USE_EXCEPTION_PTR=1, USE_GFLAGS=OFF, USE_GLOG=OFF, USE_MKL=ON, USE_MKLDNN=ON, USE_MPI=OFF, USE_NCCL=1, USE_NNPACK=ON, USE_OPENMP=ON, USE_ROCM=OFF, 

    TorchVision: 0.16.0+cu121
    OpenCV: 4.11.0
    MMEngine: 0.10.7

Runtime environment:
    cudnn_benchmark: False
    mp_cfg: {'mp_start_method': 'fork', 'opencv_num_threads': 0}
    dist_cfg: {'backend': 'nccl'}
    seed: 0
    deterministic: False
    Distributed launcher: none
    Distributed training: False
    GPU number: 1
------------------------------------------------------------

2026/03/26 17:19:42 - mmengine - INFO - Config:
auto_scale_lr = dict(base_batch_size=16, enable=False)
backend_args = None
classes = (
    'human-body',
    'ball',
    'circle-cage',
    'square-cage',
    'tyre',
    'metal-bucket',
    'cube',
    'cylinder',
    'plane',
    'rov',
)
data_root = '../data-processing/sonar/UATD/processed/'
dataset_type = 'CocoDataset'
default_hooks = dict(
    checkpoint=dict(
        interval=-1,
        max_keep_ckpts=1,
        rule='greater',
        save_best='coco/bbox_mAP',
        save_last=True,
        type='CheckpointHook'),
    logger=dict(interval=50, type='LoggerHook'),
    param_scheduler=dict(type='ParamSchedulerHook'),
    sampler_seed=dict(type='DistSamplerSeedHook'),
    timer=dict(type='IterTimerHook'),
    visualization=dict(type='DetVisualizationHook'))
default_scope = 'mmdet'
env_cfg = dict(
    cudnn_benchmark=False,
    dist_cfg=dict(backend='nccl'),
    mp_cfg=dict(mp_start_method='fork', opencv_num_threads=0))
launcher = 'none'
load_from = None
log_level = 'INFO'
log_processor = dict(by_epoch=True, type='LogProcessor', window_size=50)
metainfo = dict(
    classes=(
        'human-body',
        'ball',
        'circle-cage',
        'square-cage',
        'tyre',
        'metal-bucket',
        'cube',
        'cylinder',
        'plane',
        'rov',
    ))
model = dict(
    backbone=dict(
        depth=50,
        frozen_stages=1,
        init_cfg=dict(checkpoint='torchvision://resnet50', type='Pretrained'),
        norm_cfg=dict(requires_grad=True, type='BN'),
        norm_eval=True,
        num_stages=4,
        out_indices=(
            0,
            1,
            2,
            3,
        ),
        style='pytorch',
        type='ResNet'),
    data_preprocessor=dict(
        bgr_to_rgb=True,
        mean=[
            123.675,
            116.28,
            103.53,
        ],
        pad_size_divisor=32,
        std=[
            58.395,
            57.12,
            57.375,
        ],
        type='DetDataPreprocessor'),
    neck=dict(
        in_channels=[
            256,
            512,
            1024,
            2048,
        ],
        num_outs=5,
        out_channels=256,
        type='FPN'),
    roi_head=dict(
        bbox_head=dict(
            bbox_coder=dict(
                target_means=[
                    0.0,
                    0.0,
                    0.0,
                    0.0,
                ],
                target_stds=[
                    0.1,
                    0.1,
                    0.2,
                    0.2,
                ],
                type='DeltaXYWHBBoxCoder'),
            fc_out_channels=1024,
            in_channels=256,
            loss_bbox=dict(loss_weight=1.0, type='L1Loss'),
            loss_cls=dict(
                loss_weight=1.0, type='CrossEntropyLoss', use_sigmoid=False),
            num_classes=10,
            reg_class_agnostic=False,
            roi_feat_size=7,
            type='Shared2FCBBoxHead'),
        bbox_roi_extractor=dict(
            featmap_strides=[
                4,
                8,
                16,
                32,
            ],
            out_channels=256,
            roi_layer=dict(output_size=7, sampling_ratio=0, type='RoIAlign'),
            type='SingleRoIExtractor'),
        type='StandardRoIHead'),
    rpn_head=dict(
        anchor_generator=dict(
            ratios=[
                0.5,
                1.0,
                2.0,
            ],
            scales=[
                8,
            ],
            strides=[
                4,
                8,
                16,
                32,
                64,
            ],
            type='AnchorGenerator'),
        bbox_coder=dict(
            target_means=[
                0.0,
                0.0,
                0.0,
                0.0,
            ],
            target_stds=[
                1.0,
                1.0,
                1.0,
                1.0,
            ],
            type='DeltaXYWHBBoxCoder'),
        feat_channels=256,
        in_channels=256,
        loss_bbox=dict(loss_weight=1.0, type='L1Loss'),
        loss_cls=dict(
            loss_weight=1.0, type='CrossEntropyLoss', use_sigmoid=True),
        type='RPNHead'),
    test_cfg=dict(
        rcnn=dict(
            max_per_img=100,
            nms=dict(iou_threshold=0.5, type='nms'),
            score_thr=0.05),
        rpn=dict(
            max_per_img=1000,
            min_bbox_size=0,
            nms=dict(iou_threshold=0.7, type='nms'),
            nms_pre=1000)),
    train_cfg=dict(
        rcnn=dict(
            assigner=dict(
                ignore_iof_thr=-1,
                match_low_quality=False,
                min_pos_iou=0.5,
                neg_iou_thr=0.5,
                pos_iou_thr=0.5,
                type='MaxIoUAssigner'),
            debug=False,
            pos_weight=-1,
            sampler=dict(
                add_gt_as_proposals=True,
                neg_pos_ub=-1,
                num=512,
                pos_fraction=0.25,
                type='RandomSampler')),
        rpn=dict(
            allowed_border=-1,
            assigner=dict(
                ignore_iof_thr=-1,
                match_low_quality=True,
                min_pos_iou=0.3,
                neg_iou_thr=0.3,
                pos_iou_thr=0.7,
                type='MaxIoUAssigner'),
            debug=False,
            pos_weight=-1,
            sampler=dict(
                add_gt_as_proposals=False,
                neg_pos_ub=-1,
                num=256,
                pos_fraction=0.5,
                type='RandomSampler')),
        rpn_proposal=dict(
            max_per_img=1000,
            min_bbox_size=0,
            nms=dict(iou_threshold=0.7, type='nms'),
            nms_pre=2000)),
    type='FasterRCNN')
num_classes = 10
optim_wrapper = dict(
    optimizer=dict(lr=0.02, momentum=0.9, type='SGD', weight_decay=0.0001),
    type='OptimWrapper')
param_scheduler = [
    dict(
        begin=0, by_epoch=False, end=500, start_factor=0.001, type='LinearLR'),
    dict(
        begin=0,
        by_epoch=True,
        end=80,
        gamma=0.1,
        milestones=[
            53,
            73,
        ],
        type='MultiStepLR'),
]
randomness = dict(deterministic=False, seed=0)
resume = False
test_cfg = dict(type='TestLoop')
test_dataloader = dict(
    batch_size=1,
    dataset=dict(
        ann_file='annotations/test.json',
        backend_args=None,
        data_prefix=dict(img='images/test/'),
        data_root='../data-processing/sonar/UATD/processed/',
        metainfo=dict(
            classes=(
                'human-body',
                'ball',
                'circle-cage',
                'square-cage',
                'tyre',
                'metal-bucket',
                'cube',
                'cylinder',
                'plane',
                'rov',
            )),
        pipeline=[
            dict(backend_args=None, type='LoadImageFromFile'),
            dict(keep_ratio=True, scale=(
                640,
                640,
            ), type='Resize'),
            dict(type='LoadAnnotations', with_bbox=True),
            dict(
                meta_keys=(
                    'img_id',
                    'img_path',
                    'ori_shape',
                    'img_shape',
                    'scale_factor',
                ),
                type='PackDetInputs'),
        ],
        test_mode=True,
        type='CocoDataset'),
    drop_last=False,
    num_workers=2,
    persistent_workers=True,
    sampler=dict(shuffle=False, type='DefaultSampler'))
test_evaluator = dict(
    ann_file='../data-processing/sonar/UATD/processed/annotations/test.json',
    backend_args=None,
    format_only=False,
    metric='bbox',
    type='CocoMetric')
test_pipeline = [
    dict(backend_args=None, type='LoadImageFromFile'),
    dict(keep_ratio=True, scale=(
        640,
        640,
    ), type='Resize'),
    dict(type='LoadAnnotations', with_bbox=True),
    dict(
        meta_keys=(
            'img_id',
            'img_path',
            'ori_shape',
            'img_shape',
            'scale_factor',
        ),
        type='PackDetInputs'),
]
train_cfg = dict(max_epochs=80, type='EpochBasedTrainLoop', val_interval=2)
train_dataloader = dict(
    batch_sampler=dict(type='AspectRatioBatchSampler'),
    batch_size=32,
    dataset=dict(
        ann_file='annotations/train.json',
        backend_args=None,
        data_prefix=dict(img='images/train/'),
        data_root='../data-processing/sonar/UATD/processed/',
        filter_cfg=dict(filter_empty_gt=False),
        metainfo=dict(
            classes=(
                'human-body',
                'ball',
                'circle-cage',
                'square-cage',
                'tyre',
                'metal-bucket',
                'cube',
                'cylinder',
                'plane',
                'rov',
            )),
        pipeline=[
            dict(backend_args=None, type='LoadImageFromFile'),
            dict(type='LoadAnnotations', with_bbox=True),
            dict(keep_ratio=True, scale=(
                640,
                640,
            ), type='Resize'),
            dict(prob=0.5, type='RandomFlip'),
            dict(type='PackDetInputs'),
        ],
        type='CocoDataset'),
    num_workers=8,
    persistent_workers=True,
    pin_memory=True,
    prefetch_factor=4,
    sampler=dict(shuffle=True, type='DefaultSampler'))
train_pipeline = [
    dict(backend_args=None, type='LoadImageFromFile'),
    dict(type='LoadAnnotations', with_bbox=True),
    dict(keep_ratio=True, scale=(
        640,
        640,
    ), type='Resize'),
    dict(prob=0.5, type='RandomFlip'),
    dict(type='PackDetInputs'),
]
val_cfg = dict(type='ValLoop')
val_dataloader = dict(
    batch_size=4,
    dataset=dict(
        ann_file='annotations/val.json',
        backend_args=None,
        data_prefix=dict(img='images/val/'),
        data_root='../data-processing/sonar/UATD/processed/',
        metainfo=dict(
            classes=(
                'human-body',
                'ball',
                'circle-cage',
                'square-cage',
                'tyre',
                'metal-bucket',
                'cube',
                'cylinder',
                'plane',
                'rov',
            )),
        pipeline=[
            dict(backend_args=None, type='LoadImageFromFile'),
            dict(keep_ratio=True, scale=(
                640,
                640,
            ), type='Resize'),
            dict(type='LoadAnnotations', with_bbox=True),
            dict(
                meta_keys=(
                    'img_id',
                    'img_path',
                    'ori_shape',
                    'img_shape',
                    'scale_factor',
                ),
                type='PackDetInputs'),
        ],
        test_mode=True,
        type='CocoDataset'),
    drop_last=False,
    num_workers=4,
    persistent_workers=True,
    sampler=dict(shuffle=False, type='DefaultSampler'))
val_evaluator = dict(
    ann_file='../data-processing/sonar/UATD/processed/annotations/val.json',
    backend_args=None,
    format_only=False,
    metric='bbox',
    type='CocoMetric')
vis_backends = [
    dict(type='LocalVisBackend'),
]
visualizer = dict(
    name='visualizer',
    type='DetLocalVisualizer',
    vis_backends=[
        dict(type='LocalVisBackend'),
    ])
work_dir = '../runs/mmdet/uatd/faster_rcnn_r50_fpn_uatd_80e_pretrained'

2026/03/26 17:19:47 - mmengine - INFO - Distributed training is not used, all SyncBatchNorm (SyncBN) layers in the model will be automatically reverted to BatchNormXd layers if they are used.
2026/03/26 17:19:47 - mmengine - INFO - Hooks will be executed in the following order:
before_run:
(VERY_HIGH   ) RuntimeInfoHook                    
(BELOW_NORMAL) LoggerHook                         
 -------------------- 
before_train:
(VERY_HIGH   ) RuntimeInfoHook                    
(NORMAL      ) IterTimerHook                      
(VERY_LOW    ) CheckpointHook                     
 -------------------- 
before_train_epoch:
(VERY_HIGH   ) RuntimeInfoHook                    
(NORMAL      ) IterTimerHook                      
(NORMAL      ) DistSamplerSeedHook                
 -------------------- 
before_train_iter:
(VERY_HIGH   ) RuntimeInfoHook                    
(NORMAL      ) IterTimerHook                      
 -------------------- 
after_train_iter:
(VERY_HIGH   ) RuntimeInfoHook                    
(NORMAL      ) IterTimerHook                      
(BELOW_NORMAL) LoggerHook                         
(LOW         ) ParamSchedulerHook                 
(VERY_LOW    ) CheckpointHook                     
 -------------------- 
after_train_epoch:
(NORMAL      ) IterTimerHook                      
(LOW         ) ParamSchedulerHook                 
(VERY_LOW    ) CheckpointHook                     
 -------------------- 
before_val:
(VERY_HIGH   ) RuntimeInfoHook                    
 -------------------- 
before_val_epoch:
(NORMAL      ) IterTimerHook                      
 -------------------- 
before_val_iter:
(NORMAL      ) IterTimerHook                      
 -------------------- 
after_val_iter:
(NORMAL      ) IterTimerHook                      
(NORMAL      ) DetVisualizationHook               
(BELOW_NORMAL) LoggerHook                         
 -------------------- 
after_val_epoch:
(VERY_HIGH   ) RuntimeInfoHook                    
(NORMAL      ) IterTimerHook                      
(BELOW_NORMAL) LoggerHook                         
(LOW         ) ParamSchedulerHook                 
(VERY_LOW    ) CheckpointHook                     
 -------------------- 
after_val:
(VERY_HIGH   ) RuntimeInfoHook                    
 -------------------- 
after_train:
(VERY_HIGH   ) RuntimeInfoHook                    
(VERY_LOW    ) CheckpointHook                     
 -------------------- 
before_test:
(VERY_HIGH   ) RuntimeInfoHook                    
 -------------------- 
before_test_epoch:
(NORMAL      ) IterTimerHook                      
 -------------------- 
before_test_iter:
(NORMAL      ) IterTimerHook                      
 -------------------- 
after_test_iter:
(NORMAL      ) IterTimerHook                      
(NORMAL      ) DetVisualizationHook               
(BELOW_NORMAL) LoggerHook                         
 -------------------- 
after_test_epoch:
(VERY_HIGH   ) RuntimeInfoHook                    
(NORMAL      ) IterTimerHook                      
(BELOW_NORMAL) LoggerHook                         
 -------------------- 
after_test:
(VERY_HIGH   ) RuntimeInfoHook                    
 -------------------- 
after_run:
(BELOW_NORMAL) LoggerHook                         
 -------------------- 
2026/03/26 17:19:48 - mmengine - INFO - load model from: torchvision://resnet50
2026/03/26 17:19:48 - mmengine - INFO - Loads checkpoint by torchvision backend from path: torchvision://resnet50
2026/03/26 17:19:48 - mmengine - WARNING - The model and loaded state dict do not match exactly

unexpected key in source state_dict: fc.weight, fc.bias

Name of parameter - Initialization information

backbone.conv1.weight - torch.Size([64, 3, 7, 7]): 
PretrainedInit: load from torchvision://resnet50 

backbone.bn1.weight - torch.Size([64]): 
PretrainedInit: load from torchvision://resnet50 

backbone.bn1.bias - torch.Size([64]): 
PretrainedInit: load from torchvision://resnet50 

backbone.layer1.0.conv1.weight - torch.Size([64, 64, 1, 1]): 
PretrainedInit: load from torchvision://resnet50 

backbone.layer1.0.bn1.weight - torch.Size([64]): 
PretrainedInit: load from torchvision://resnet50 

backbone.layer1.0.bn1.bias - torch.Size([64]): 
PretrainedInit: load from torchvision://resnet50 

backbone.layer1.0.conv2.weight - torch.Size([64, 64, 3, 3]): 
PretrainedInit: load from torchvision://resnet50 

backbone.layer1.0.bn2.weight - torch.Size([64]): 
PretrainedInit: load from torchvision://resnet50 

backbone.layer1.0.bn2.bias - torch.Size([64]): 
PretrainedInit: load from torchvision://resnet50 

backbone.layer1.0.conv3.weight - torch.Size([256, 64, 1, 1]): 
PretrainedInit: load from torchvision://resnet50 

backbone.layer1.0.bn3.weight - torch.Size([256]): 
PretrainedInit: load from torchvision://resnet50 

backbone.layer1.0.bn3.bias - torch.Size([256]): 
PretrainedInit: load from torchvision://resnet50 

backbone.layer1.0.downsample.0.weight - torch.Size([256, 64, 1, 1]): 
PretrainedInit: load from torchvision://resnet50 

backbone.layer1.0.downsample.1.weight - torch.Size([256]): 
PretrainedInit: load from torchvision://resnet50 

backbone.layer1.0.downsample.1.bias - torch.Size([256]): 
PretrainedInit: load from torchvision://resnet50 

backbone.layer1.1.conv1.weight - torch.Size([64, 256, 1, 1]): 
PretrainedInit: load from torchvision://resnet50 

backbone.layer1.1.bn1.weight - torch.Size([64]): 
PretrainedInit: load from torchvision://resnet50 

backbone.layer1.1.bn1.bias - torch.Size([64]): 
PretrainedInit: load from torchvision://resnet50 

backbone.layer1.1.conv2.weight - torch.Size([64, 64, 3, 3]): 
PretrainedInit: load from torchvision://resnet50 

backbone.layer1.1.bn2.weight - torch.Size([64]): 
PretrainedInit: load from torchvision://resnet50 

backbone.layer1.1.bn2.bias - torch.Size([64]): 
PretrainedInit: load from torchvision://resnet50 

backbone.layer1.1.conv3.weight - torch.Size([256, 64, 1, 1]): 
PretrainedInit: load from torchvision://resnet50 

backbone.layer1.1.bn3.weight - torch.Size([256]): 
PretrainedInit: load from torchvision://resnet50 

backbone.layer1.1.bn3.bias - torch.Size([256]): 
PretrainedInit: load from torchvision://resnet50 

backbone.layer1.2.conv1.weight - torch.Size([64, 256, 1, 1]): 
PretrainedInit: load from torchvision://resnet50 

backbone.layer1.2.bn1.weight - torch.Size([64]): 
PretrainedInit: load from torchvision://resnet50 

backbone.layer1.2.bn1.bias - torch.Size([64]): 
PretrainedInit: load from torchvision://resnet50 

backbone.layer1.2.conv2.weight - torch.Size([64, 64, 3, 3]): 
PretrainedInit: load from torchvision://resnet50 

backbone.layer1.2.bn2.weight - torch.Size([64]): 
PretrainedInit: load from torchvision://resnet50 

backbone.layer1.2.bn2.bias - torch.Size([64]): 
PretrainedInit: load from torchvision://resnet50 

backbone.layer1.2.conv3.weight - torch.Size([256, 64, 1, 1]): 
PretrainedInit: load from torchvision://resnet50 

backbone.layer1.2.bn3.weight - torch.Size([256]): 
PretrainedInit: load from torchvision://resnet50 

backbone.layer1.2.bn3.bias - torch.Size([256]): 
PretrainedInit: load from torchvision://resnet50 

backbone.layer2.0.conv1.weight - torch.Size([128, 256, 1, 1]): 
PretrainedInit: load from torchvision://resnet50 

backbone.layer2.0.bn1.weight - torch.Size([128]): 
PretrainedInit: load from torchvision://resnet50 

backbone.layer2.0.bn1.bias - torch.Size([128]): 
PretrainedInit: load from torchvision://resnet50 

backbone.layer2.0.conv2.weight - torch.Size([128, 128, 3, 3]): 
PretrainedInit: load from torchvision://resnet50 

backbone.layer2.0.bn2.weight - torch.Size([128]): 
PretrainedInit: load from torchvision://resnet50 

backbone.layer2.0.bn2.bias - torch.Size([128]): 
PretrainedInit: load from torchvision://resnet50 

backbone.layer2.0.conv3.weight - torch.Size([512, 128, 1, 1]): 
PretrainedInit: load from torchvision://resnet50 

backbone.layer2.0.bn3.weight - torch.Size([512]): 
PretrainedInit: load from torchvision://resnet50 

backbone.layer2.0.bn3.bias - torch.Size([512]): 
PretrainedInit: load from torchvision://resnet50 

backbone.layer2.0.downsample.0.weight - torch.Size([512, 256, 1, 1]): 
PretrainedInit: load from torchvision://resnet50 

backbone.layer2.0.downsample.1.weight - torch.Size([512]): 
PretrainedInit: load from torchvision://resnet50 

backbone.layer2.0.downsample.1.bias - torch.Size([512]): 
PretrainedInit: load from torchvision://resnet50 

backbone.layer2.1.conv1.weight - torch.Size([128, 512, 1, 1]): 
PretrainedInit: load from torchvision://resnet50 

backbone.layer2.1.bn1.weight - torch.Size([128]): 
PretrainedInit: load from torchvision://resnet50 

backbone.layer2.1.bn1.bias - torch.Size([128]): 
PretrainedInit: load from torchvision://resnet50 

backbone.layer2.1.conv2.weight - torch.Size([128, 128, 3, 3]): 
PretrainedInit: load from torchvision://resnet50 

backbone.layer2.1.bn2.weight - torch.Size([128]): 
PretrainedInit: load from torchvision://resnet50 

backbone.layer2.1.bn2.bias - torch.Size([128]): 
PretrainedInit: load from torchvision://resnet50 

backbone.layer2.1.conv3.weight - torch.Size([512, 128, 1, 1]): 
PretrainedInit: load from torchvision://resnet50 

backbone.layer2.1.bn3.weight - torch.Size([512]): 
PretrainedInit: load from torchvision://resnet50 

backbone.layer2.1.bn3.bias - torch.Size([512]): 
PretrainedInit: load from torchvision://resnet50 

backbone.layer2.2.conv1.weight - torch.Size([128, 512, 1, 1]): 
PretrainedInit: load from torchvision://resnet50 

backbone.layer2.2.bn1.weight - torch.Size([128]): 
PretrainedInit: load from torchvision://resnet50 

backbone.layer2.2.bn1.bias - torch.Size([128]): 
PretrainedInit: load from torchvision://resnet50 

backbone.layer2.2.conv2.weight - torch.Size([128, 128, 3, 3]): 
PretrainedInit: load from torchvision://resnet50 

backbone.layer2.2.bn2.weight - torch.Size([128]): 
PretrainedInit: load from torchvision://resnet50 

backbone.layer2.2.bn2.bias - torch.Size([128]): 
PretrainedInit: load from torchvision://resnet50 

backbone.layer2.2.conv3.weight - torch.Size([512, 128, 1, 1]): 
PretrainedInit: load from torchvision://resnet50 

backbone.layer2.2.bn3.weight - torch.Size([512]): 
PretrainedInit: load from torchvision://resnet50 

backbone.layer2.2.bn3.bias - torch.Size([512]): 
PretrainedInit: load from torchvision://resnet50 

backbone.layer2.3.conv1.weight - torch.Size([128, 512, 1, 1]): 
PretrainedInit: load from torchvision://resnet50 

backbone.layer2.3.bn1.weight - torch.Size([128]): 
PretrainedInit: load from torchvision://resnet50 

backbone.layer2.3.bn1.bias - torch.Size([128]): 
PretrainedInit: load from torchvision://resnet50 

backbone.layer2.3.conv2.weight - torch.Size([128, 128, 3, 3]): 
PretrainedInit: load from torchvision://resnet50 

backbone.layer2.3.bn2.weight - torch.Size([128]): 
PretrainedInit: load from torchvision://resnet50 

backbone.layer2.3.bn2.bias - torch.Size([128]): 
PretrainedInit: load from torchvision://resnet50 

backbone.layer2.3.conv3.weight - torch.Size([512, 128, 1, 1]): 
PretrainedInit: load from torchvision://resnet50 

backbone.layer2.3.bn3.weight - torch.Size([512]): 
PretrainedInit: load from torchvision://resnet50 

backbone.layer2.3.bn3.bias - torch.Size([512]): 
PretrainedInit: load from torchvision://resnet50 

backbone.layer3.0.conv1.weight - torch.Size([256, 512, 1, 1]): 
PretrainedInit: load from torchvision://resnet50 

backbone.layer3.0.bn1.weight - torch.Size([256]): 
PretrainedInit: load from torchvision://resnet50 

backbone.layer3.0.bn1.bias - torch.Size([256]): 
PretrainedInit: load from torchvision://resnet50 

backbone.layer3.0.conv2.weight - torch.Size([256, 256, 3, 3]): 
PretrainedInit: load from torchvision://resnet50 

backbone.layer3.0.bn2.weight - torch.Size([256]): 
PretrainedInit: load from torchvision://resnet50 

backbone.layer3.0.bn2.bias - torch.Size([256]): 
PretrainedInit: load from torchvision://resnet50 

backbone.layer3.0.conv3.weight - torch.Size([1024, 256, 1, 1]): 
PretrainedInit: load from torchvision://resnet50 

backbone.layer3.0.bn3.weight - torch.Size([1024]): 
PretrainedInit: load from torchvision://resnet50 

backbone.layer3.0.bn3.bias - torch.Size([1024]): 
PretrainedInit: load from torchvision://resnet50 

backbone.layer3.0.downsample.0.weight - torch.Size([1024, 512, 1, 1]): 
PretrainedInit: load from torchvision://resnet50 

backbone.layer3.0.downsample.1.weight - torch.Size([1024]): 
PretrainedInit: load from torchvision://resnet50 

backbone.layer3.0.downsample.1.bias - torch.Size([1024]): 
PretrainedInit: load from torchvision://resnet50 

backbone.layer3.1.conv1.weight - torch.Size([256, 1024, 1, 1]): 
PretrainedInit: load from torchvision://resnet50 

backbone.layer3.1.bn1.weight - torch.Size([256]): 
PretrainedInit: load from torchvision://resnet50 

backbone.layer3.1.bn1.bias - torch.Size([256]): 
PretrainedInit: load from torchvision://resnet50 

backbone.layer3.1.conv2.weight - torch.Size([256, 256, 3, 3]): 
PretrainedInit: load from torchvision://resnet50 

backbone.layer3.1.bn2.weight - torch.Size([256]): 
PretrainedInit: load from torchvision://resnet50 

backbone.layer3.1.bn2.bias - torch.Size([256]): 
PretrainedInit: load from torchvision://resnet50 

backbone.layer3.1.conv3.weight - torch.Size([1024, 256, 1, 1]): 
PretrainedInit: load from torchvision://resnet50 

backbone.layer3.1.bn3.weight - torch.Size([1024]): 
PretrainedInit: load from torchvision://resnet50 

backbone.layer3.1.bn3.bias - torch.Size([1024]): 
PretrainedInit: load from torchvision://resnet50 

backbone.layer3.2.conv1.weight - torch.Size([256, 1024, 1, 1]): 
PretrainedInit: load from torchvision://resnet50 

backbone.layer3.2.bn1.weight - torch.Size([256]): 
PretrainedInit: load from torchvision://resnet50 

backbone.layer3.2.bn1.bias - torch.Size([256]): 
PretrainedInit: load from torchvision://resnet50 

backbone.layer3.2.conv2.weight - torch.Size([256, 256, 3, 3]): 
PretrainedInit: load from torchvision://resnet50 

backbone.layer3.2.bn2.weight - torch.Size([256]): 
PretrainedInit: load from torchvision://resnet50 

backbone.layer3.2.bn2.bias - torch.Size([256]): 
PretrainedInit: load from torchvision://resnet50 

backbone.layer3.2.conv3.weight - torch.Size([1024, 256, 1, 1]): 
PretrainedInit: load from torchvision://resnet50 

backbone.layer3.2.bn3.weight - torch.Size([1024]): 
PretrainedInit: load from torchvision://resnet50 

backbone.layer3.2.bn3.bias - torch.Size([1024]): 
PretrainedInit: load from torchvision://resnet50 

backbone.layer3.3.conv1.weight - torch.Size([256, 1024, 1, 1]): 
PretrainedInit: load from torchvision://resnet50 

backbone.layer3.3.bn1.weight - torch.Size([256]): 
PretrainedInit: load from torchvision://resnet50 

backbone.layer3.3.bn1.bias - torch.Size([256]): 
PretrainedInit: load from torchvision://resnet50 

backbone.layer3.3.conv2.weight - torch.Size([256, 256, 3, 3]): 
PretrainedInit: load from torchvision://resnet50 

backbone.layer3.3.bn2.weight - torch.Size([256]): 
PretrainedInit: load from torchvision://resnet50 

backbone.layer3.3.bn2.bias - torch.Size([256]): 
PretrainedInit: load from torchvision://resnet50 

backbone.layer3.3.conv3.weight - torch.Size([1024, 256, 1, 1]): 
PretrainedInit: load from torchvision://resnet50 

backbone.layer3.3.bn3.weight - torch.Size([1024]): 
PretrainedInit: load from torchvision://resnet50 

backbone.layer3.3.bn3.bias - torch.Size([1024]): 
PretrainedInit: load from torchvision://resnet50 

backbone.layer3.4.conv1.weight - torch.Size([256, 1024, 1, 1]): 
PretrainedInit: load from torchvision://resnet50 

backbone.layer3.4.bn1.weight - torch.Size([256]): 
PretrainedInit: load from torchvision://resnet50 

backbone.layer3.4.bn1.bias - torch.Size([256]): 
PretrainedInit: load from torchvision://resnet50 

backbone.layer3.4.conv2.weight - torch.Size([256, 256, 3, 3]): 
PretrainedInit: load from torchvision://resnet50 

backbone.layer3.4.bn2.weight - torch.Size([256]): 
PretrainedInit: load from torchvision://resnet50 

backbone.layer3.4.bn2.bias - torch.Size([256]): 
PretrainedInit: load from torchvision://resnet50 

backbone.layer3.4.conv3.weight - torch.Size([1024, 256, 1, 1]): 
PretrainedInit: load from torchvision://resnet50 

backbone.layer3.4.bn3.weight - torch.Size([1024]): 
PretrainedInit: load from torchvision://resnet50 

backbone.layer3.4.bn3.bias - torch.Size([1024]): 
PretrainedInit: load from torchvision://resnet50 

backbone.layer3.5.conv1.weight - torch.Size([256, 1024, 1, 1]): 
PretrainedInit: load from torchvision://resnet50 

backbone.layer3.5.bn1.weight - torch.Size([256]): 
PretrainedInit: load from torchvision://resnet50 

backbone.layer3.5.bn1.bias - torch.Size([256]): 
PretrainedInit: load from torchvision://resnet50 

backbone.layer3.5.conv2.weight - torch.Size([256, 256, 3, 3]): 
PretrainedInit: load from torchvision://resnet50 

backbone.layer3.5.bn2.weight - torch.Size([256]): 
PretrainedInit: load from torchvision://resnet50 

backbone.layer3.5.bn2.bias - torch.Size([256]): 
PretrainedInit: load from torchvision://resnet50 

backbone.layer3.5.conv3.weight - torch.Size([1024, 256, 1, 1]): 
PretrainedInit: load from torchvision://resnet50 

backbone.layer3.5.bn3.weight - torch.Size([1024]): 
PretrainedInit: load from torchvision://resnet50 

backbone.layer3.5.bn3.bias - torch.Size([1024]): 
PretrainedInit: load from torchvision://resnet50 

backbone.layer4.0.conv1.weight - torch.Size([512, 1024, 1, 1]): 
PretrainedInit: load from torchvision://resnet50 

backbone.layer4.0.bn1.weight - torch.Size([512]): 
PretrainedInit: load from torchvision://resnet50 

backbone.layer4.0.bn1.bias - torch.Size([512]): 
PretrainedInit: load from torchvision://resnet50 

backbone.layer4.0.conv2.weight - torch.Size([512, 512, 3, 3]): 
PretrainedInit: load from torchvision://resnet50 

backbone.layer4.0.bn2.weight - torch.Size([512]): 
PretrainedInit: load from torchvision://resnet50 

backbone.layer4.0.bn2.bias - torch.Size([512]): 
PretrainedInit: load from torchvision://resnet50 

backbone.layer4.0.conv3.weight - torch.Size([2048, 512, 1, 1]): 
PretrainedInit: load from torchvision://resnet50 

backbone.layer4.0.bn3.weight - torch.Size([2048]): 
PretrainedInit: load from torchvision://resnet50 

backbone.layer4.0.bn3.bias - torch.Size([2048]): 
PretrainedInit: load from torchvision://resnet50 

backbone.layer4.0.downsample.0.weight - torch.Size([2048, 1024, 1, 1]): 
PretrainedInit: load from torchvision://resnet50 

backbone.layer4.0.downsample.1.weight - torch.Size([2048]): 
PretrainedInit: load from torchvision://resnet50 

backbone.layer4.0.downsample.1.bias - torch.Size([2048]): 
PretrainedInit: load from torchvision://resnet50 

backbone.layer4.1.conv1.weight - torch.Size([512, 2048, 1, 1]): 
PretrainedInit: load from torchvision://resnet50 

backbone.layer4.1.bn1.weight - torch.Size([512]): 
PretrainedInit: load from torchvision://resnet50 

backbone.layer4.1.bn1.bias - torch.Size([512]): 
PretrainedInit: load from torchvision://resnet50 

backbone.layer4.1.conv2.weight - torch.Size([512, 512, 3, 3]): 
PretrainedInit: load from torchvision://resnet50 

backbone.layer4.1.bn2.weight - torch.Size([512]): 
PretrainedInit: load from torchvision://resnet50 

backbone.layer4.1.bn2.bias - torch.Size([512]): 
PretrainedInit: load from torchvision://resnet50 

backbone.layer4.1.conv3.weight - torch.Size([2048, 512, 1, 1]): 
PretrainedInit: load from torchvision://resnet50 

backbone.layer4.1.bn3.weight - torch.Size([2048]): 
PretrainedInit: load from torchvision://resnet50 

backbone.layer4.1.bn3.bias - torch.Size([2048]): 
PretrainedInit: load from torchvision://resnet50 

backbone.layer4.2.conv1.weight - torch.Size([512, 2048, 1, 1]): 
PretrainedInit: load from torchvision://resnet50 

backbone.layer4.2.bn1.weight - torch.Size([512]): 
PretrainedInit: load from torchvision://resnet50 

backbone.layer4.2.bn1.bias - torch.Size([512]): 
PretrainedInit: load from torchvision://resnet50 

backbone.layer4.2.conv2.weight - torch.Size([512, 512, 3, 3]): 
PretrainedInit: load from torchvision://resnet50 

backbone.layer4.2.bn2.weight - torch.Size([512]): 
PretrainedInit: load from torchvision://resnet50 

backbone.layer4.2.bn2.bias - torch.Size([512]): 
PretrainedInit: load from torchvision://resnet50 

backbone.layer4.2.conv3.weight - torch.Size([2048, 512, 1, 1]): 
PretrainedInit: load from torchvision://resnet50 

backbone.layer4.2.bn3.weight - torch.Size([2048]): 
PretrainedInit: load from torchvision://resnet50 

backbone.layer4.2.bn3.bias - torch.Size([2048]): 
PretrainedInit: load from torchvision://resnet50 

neck.lateral_convs.0.conv.weight - torch.Size([256, 256, 1, 1]): 
XavierInit: gain=1, distribution=uniform, bias=0 

neck.lateral_convs.0.conv.bias - torch.Size([256]): 
The value is the same before and after calling `init_weights` of FasterRCNN  

neck.lateral_convs.1.conv.weight - torch.Size([256, 512, 1, 1]): 
XavierInit: gain=1, distribution=uniform, bias=0 

neck.lateral_convs.1.conv.bias - torch.Size([256]): 
The value is the same before and after calling `init_weights` of FasterRCNN  

neck.lateral_convs.2.conv.weight - torch.Size([256, 1024, 1, 1]): 
XavierInit: gain=1, distribution=uniform, bias=0 

neck.lateral_convs.2.conv.bias - torch.Size([256]): 
The value is the same before and after calling `init_weights` of FasterRCNN  

neck.lateral_convs.3.conv.weight - torch.Size([256, 2048, 1, 1]): 
XavierInit: gain=1, distribution=uniform, bias=0 

neck.lateral_convs.3.conv.bias - torch.Size([256]): 
The value is the same before and after calling `init_weights` of FasterRCNN  

neck.fpn_convs.0.conv.weight - torch.Size([256, 256, 3, 3]): 
XavierInit: gain=1, distribution=uniform, bias=0 

neck.fpn_convs.0.conv.bias - torch.Size([256]): 
The value is the same before and after calling `init_weights` of FasterRCNN  

neck.fpn_convs.1.conv.weight - torch.Size([256, 256, 3, 3]): 
XavierInit: gain=1, distribution=uniform, bias=0 

neck.fpn_convs.1.conv.bias - torch.Size([256]): 
The value is the same before and after calling `init_weights` of FasterRCNN  

neck.fpn_convs.2.conv.weight - torch.Size([256, 256, 3, 3]): 
XavierInit: gain=1, distribution=uniform, bias=0 

neck.fpn_convs.2.conv.bias - torch.Size([256]): 
The value is the same before and after calling `init_weights` of FasterRCNN  

neck.fpn_convs.3.conv.weight - torch.Size([256, 256, 3, 3]): 
XavierInit: gain=1, distribution=uniform, bias=0 

neck.fpn_convs.3.conv.bias - torch.Size([256]): 
The value is the same before and after calling `init_weights` of FasterRCNN  

rpn_head.rpn_conv.weight - torch.Size([256, 256, 3, 3]): 
NormalInit: mean=0, std=0.01, bias=0 

rpn_head.rpn_conv.bias - torch.Size([256]): 
NormalInit: mean=0, std=0.01, bias=0 

rpn_head.rpn_cls.weight - torch.Size([3, 256, 1, 1]): 
NormalInit: mean=0, std=0.01, bias=0 

rpn_head.rpn_cls.bias - torch.Size([3]): 
NormalInit: mean=0, std=0.01, bias=0 

rpn_head.rpn_reg.weight - torch.Size([12, 256, 1, 1]): 
NormalInit: mean=0, std=0.01, bias=0 

rpn_head.rpn_reg.bias - torch.Size([12]): 
NormalInit: mean=0, std=0.01, bias=0 

roi_head.bbox_head.fc_cls.weight - torch.Size([11, 1024]): 
NormalInit: mean=0, std=0.01, bias=0 

roi_head.bbox_head.fc_cls.bias - torch.Size([11]): 
NormalInit: mean=0, std=0.01, bias=0 

roi_head.bbox_head.fc_reg.weight - torch.Size([40, 1024]): 
NormalInit: mean=0, std=0.001, bias=0 

roi_head.bbox_head.fc_reg.bias - torch.Size([40]): 
NormalInit: mean=0, std=0.001, bias=0 

roi_head.bbox_head.shared_fcs.0.weight - torch.Size([1024, 12544]): 
XavierInit: gain=1, distribution=uniform, bias=0 

roi_head.bbox_head.shared_fcs.0.bias - torch.Size([1024]): 
XavierInit: gain=1, distribution=uniform, bias=0 

roi_head.bbox_head.shared_fcs.1.weight - torch.Size([1024, 1024]): 
XavierInit: gain=1, distribution=uniform, bias=0 

roi_head.bbox_head.shared_fcs.1.bias - torch.Size([1024]): 
XavierInit: gain=1, distribution=uniform, bias=0 
2026/03/26 17:19:48 - mmengine - WARNING - "FileClient" will be deprecated in future. Please use io functions in https://mmengine.readthedocs.io/en/latest/api/fileio.html#file-io
2026/03/26 17:19:48 - mmengine - WARNING - "HardDiskBackend" is the alias of "LocalBackend" and the former will be deprecated in future.
2026/03/26 17:19:48 - mmengine - INFO - Checkpoints will be saved to /workspace/aquaculture-perception/runs/mmdet/uatd/faster_rcnn_r50_fpn_uatd_80e_pretrained.
2026/03/26 17:20:32 - mmengine - INFO - Epoch(train)  [1][ 50/238]  lr: 1.9820e-03  eta: 4:42:35  time: 0.8929  data_time: 0.0469  memory: 18575  loss: 0.7410  loss_rpn_cls: 0.2987  loss_rpn_bbox: 0.0211  loss_cls: 0.3978  acc: 97.6685  loss_bbox: 0.0234
2026/03/26 17:21:07 - mmengine - INFO - Epoch(train)  [1][100/238]  lr: 3.9840e-03  eta: 4:11:07  time: 0.6982  data_time: 0.0022  memory: 18575  loss: 0.2822  loss_rpn_cls: 0.0402  loss_rpn_bbox: 0.0159  loss_cls: 0.1327  acc: 97.3694  loss_bbox: 0.0934
2026/03/26 17:21:43 - mmengine - INFO - Epoch(train)  [1][150/238]  lr: 5.9860e-03  eta: 4:02:11  time: 0.7168  data_time: 0.0025  memory: 18575  loss: 0.2756  loss_rpn_cls: 0.0296  loss_rpn_bbox: 0.0151  loss_cls: 0.1249  acc: 96.9910  loss_bbox: 0.1060
2026/03/26 17:22:20 - mmengine - INFO - Epoch(train)  [1][200/238]  lr: 7.9880e-03  eta: 3:58:16  time: 0.7274  data_time: 0.0030  memory: 18575  loss: 0.2680  loss_rpn_cls: 0.0194  loss_rpn_bbox: 0.0144  loss_cls: 0.1193  acc: 97.1558  loss_bbox: 0.1149
2026/03/26 17:22:46 - mmengine - INFO - Exp name: faster_rcnn_r50_fpn_uatd_80e_pretrained_20260326_171936
2026/03/26 17:23:24 - mmengine - INFO - Epoch(train)  [2][ 50/238]  lr: 1.1512e-02  eta: 3:54:38  time: 0.7595  data_time: 0.0092  memory: 18575  loss: 0.2562  loss_rpn_cls: 0.0121  loss_rpn_bbox: 0.0132  loss_cls: 0.1078  acc: 97.0947  loss_bbox: 0.1231
2026/03/26 17:24:01 - mmengine - INFO - Epoch(train)  [2][100/238]  lr: 1.3514e-02  eta: 3:53:25  time: 0.7377  data_time: 0.0022  memory: 18575  loss: 0.2404  loss_rpn_cls: 0.0111  loss_rpn_bbox: 0.0121  loss_cls: 0.1014  acc: 97.3938  loss_bbox: 0.1158
2026/03/26 17:24:39 - mmengine - INFO - Epoch(train)  [2][150/238]  lr: 1.5516e-02  eta: 3:53:05  time: 0.7562  data_time: 0.0025  memory: 18575  loss: 0.2277  loss_rpn_cls: 0.0089  loss_rpn_bbox: 0.0115  loss_cls: 0.0918  acc: 96.6492  loss_bbox: 0.1155
2026/03/26 17:25:21 - mmengine - INFO - Epoch(train)  [2][200/238]  lr: 1.7518e-02  eta: 3:55:58  time: 0.8488  data_time: 0.0028  memory: 18575  loss: 0.2110  loss_rpn_cls: 0.0084  loss_rpn_bbox: 0.0111  loss_cls: 0.0809  acc: 97.3999  loss_bbox: 0.1105
2026/03/26 17:25:48 - mmengine - INFO - Exp name: faster_rcnn_r50_fpn_uatd_80e_pretrained_20260326_171936
2026/03/26 17:25:52 - mmengine - INFO - Epoch(val)  [2][ 50/200]    eta: 0:00:11  time: 0.0796  data_time: 0.0135  memory: 18575  
2026/03/26 17:25:55 - mmengine - INFO - Epoch(val)  [2][100/200]    eta: 0:00:06  time: 0.0599  data_time: 0.0059  memory: 880  
2026/03/26 17:25:58 - mmengine - INFO - Epoch(val)  [2][150/200]    eta: 0:00:03  time: 0.0607  data_time: 0.0061  memory: 880  
2026/03/26 17:26:02 - mmengine - INFO - Epoch(val)  [2][200/200]    eta: 0:00:00  time: 0.0661  data_time: 0.0067  memory: 880  
2026/03/26 17:26:02 - mmengine - INFO - Evaluating bbox...
2026/03/26 17:26:03 - mmengine - INFO - bbox_mAP_copypaste: 0.228 0.615 0.101 0.190 0.224 0.236
2026/03/26 17:26:03 - mmengine - INFO - Epoch(val) [2][200/200]    coco/bbox_mAP: 0.2280  coco/bbox_mAP_50: 0.6150  coco/bbox_mAP_75: 0.1010  coco/bbox_mAP_s: 0.1900  coco/bbox_mAP_m: 0.2240  coco/bbox_mAP_l: 0.2360  data_time: 0.0080  time: 0.0666
2026/03/26 17:26:03 - mmengine - INFO - The best checkpoint with 0.2280 coco/bbox_mAP at 2 epoch is saved to best_coco_bbox_mAP_epoch_2.pth.
2026/03/26 17:26:44 - mmengine - INFO - Epoch(train)  [3][ 50/238]  lr: 2.0000e-02  eta: 3:55:08  time: 0.8035  data_time: 0.0130  memory: 18575  loss: 0.1916  loss_rpn_cls: 0.0073  loss_rpn_bbox: 0.0098  loss_cls: 0.0683  acc: 97.7173  loss_bbox: 0.1062
2026/03/26 17:27:26 - mmengine - INFO - Epoch(train)  [3][100/238]  lr: 2.0000e-02  eta: 3:56:55  time: 0.8530  data_time: 0.0035  memory: 18575  loss: 0.1903  loss_rpn_cls: 0.0070  loss_rpn_bbox: 0.0103  loss_cls: 0.0690  acc: 97.1069  loss_bbox: 0.1040
2026/03/26 17:28:08 - mmengine - INFO - Epoch(train)  [3][150/238]  lr: 2.0000e-02  eta: 3:57:41  time: 0.8272  data_time: 0.0028  memory: 18575  loss: 0.1909  loss_rpn_cls: 0.0069  loss_rpn_bbox: 0.0097  loss_cls: 0.0665  acc: 97.7539  loss_bbox: 0.1078
2026/03/26 17:28:54 - mmengine - INFO - Epoch(train)  [3][200/238]  lr: 2.0000e-02  eta: 4:00:16  time: 0.9170  data_time: 0.0038  memory: 18575  loss: 0.1821  loss_rpn_cls: 0.0059  loss_rpn_bbox: 0.0095  loss_cls: 0.0625  acc: 97.2473  loss_bbox: 0.1041
2026/03/26 17:29:21 - mmengine - INFO - Exp name: faster_rcnn_r50_fpn_uatd_80e_pretrained_20260326_171936
2026/03/26 17:30:02 - mmengine - INFO - Epoch(train)  [4][ 50/238]  lr: 2.0000e-02  eta: 3:58:44  time: 0.8101  data_time: 0.0146  memory: 18575  loss: 0.1682  loss_rpn_cls: 0.0053  loss_rpn_bbox: 0.0089  loss_cls: 0.0551  acc: 97.8027  loss_bbox: 0.0989
2026/03/26 17:30:41 - mmengine - INFO - Epoch(train)  [4][100/238]  lr: 2.0000e-02  eta: 3:58:17  time: 0.7948  data_time: 0.0027  memory: 18575  loss: 0.1717  loss_rpn_cls: 0.0051  loss_rpn_bbox: 0.0087  loss_cls: 0.0569  acc: 98.3215  loss_bbox: 0.1010
2026/03/26 17:31:18 - mmengine - INFO - Epoch(train)  [4][150/238]  lr: 2.0000e-02  eta: 3:56:48  time: 0.7367  data_time: 0.0025  memory: 18575  loss: 0.1631  loss_rpn_cls: 0.0046  loss_rpn_bbox: 0.0087  loss_cls: 0.0527  acc: 97.9797  loss_bbox: 0.0972
2026/03/26 17:31:55 - mmengine - INFO - Epoch(train)  [4][200/238]  lr: 2.0000e-02  eta: 3:55:15  time: 0.7272  data_time: 0.0025  memory: 18575  loss: 0.1641  loss_rpn_cls: 0.0046  loss_rpn_bbox: 0.0089  loss_cls: 0.0513  acc: 98.4192  loss_bbox: 0.0993
2026/03/26 17:32:21 - mmengine - INFO - Exp name: faster_rcnn_r50_fpn_uatd_80e_pretrained_20260326_171936
2026/03/26 17:32:24 - mmengine - INFO - Epoch(val)  [4][ 50/200]    eta: 0:00:08  time: 0.0550  data_time: 0.0068  memory: 18575  
2026/03/26 17:32:26 - mmengine - INFO - Epoch(val)  [4][100/200]    eta: 0:00:05  time: 0.0538  data_time: 0.0054  memory: 880  
2026/03/26 17:32:29 - mmengine - INFO - Epoch(val)  [4][150/200]    eta: 0:00:02  time: 0.0544  data_time: 0.0054  memory: 880  
2026/03/26 17:32:32 - mmengine - INFO - Epoch(val)  [4][200/200]    eta: 0:00:00  time: 0.0556  data_time: 0.0067  memory: 880  
2026/03/26 17:32:32 - mmengine - INFO - Evaluating bbox...
2026/03/26 17:32:32 - mmengine - INFO - bbox_mAP_copypaste: 0.289 0.729 0.157 0.477 0.293 0.238
2026/03/26 17:32:32 - mmengine - INFO - Epoch(val) [4][200/200]    coco/bbox_mAP: 0.2890  coco/bbox_mAP_50: 0.7290  coco/bbox_mAP_75: 0.1570  coco/bbox_mAP_s: 0.4770  coco/bbox_mAP_m: 0.2930  coco/bbox_mAP_l: 0.2380  data_time: 0.0061  time: 0.0552
2026/03/26 17:32:33 - mmengine - INFO - The previous best checkpoint /workspace/aquaculture-perception/runs/mmdet/uatd/faster_rcnn_r50_fpn_uatd_80e_pretrained/best_coco_bbox_mAP_epoch_2.pth is removed
2026/03/26 17:32:34 - mmengine - INFO - The best checkpoint with 0.2890 coco/bbox_mAP at 4 epoch is saved to best_coco_bbox_mAP_epoch_4.pth.
2026/03/26 17:33:15 - mmengine - INFO - Exp name: faster_rcnn_r50_fpn_uatd_80e_pretrained_20260326_171936
2026/03/26 17:33:16 - mmengine - INFO - Epoch(train)  [5][ 50/238]  lr: 2.0000e-02  eta: 3:54:10  time: 0.8512  data_time: 0.0382  memory: 18575  loss: 0.1558  loss_rpn_cls: 0.0041  loss_rpn_bbox: 0.0082  loss_cls: 0.0477  acc: 98.2666  loss_bbox: 0.0959
2026/03/26 17:33:58 - mmengine - INFO - Epoch(train)  [5][100/238]  lr: 2.0000e-02  eta: 3:54:21  time: 0.8370  data_time: 0.0029  memory: 18575  loss: 0.1540  loss_rpn_cls: 0.0038  loss_rpn_bbox: 0.0077  loss_cls: 0.0473  acc: 98.1079  loss_bbox: 0.0951
2026/03/26 17:34:38 - mmengine - INFO - Epoch(train)  [5][150/238]  lr: 2.0000e-02  eta: 3:54:04  time: 0.8089  data_time: 0.0028  memory: 18575  loss: 0.1613  loss_rpn_cls: 0.0047  loss_rpn_bbox: 0.0086  loss_cls: 0.0506  acc: 98.2056  loss_bbox: 0.0973
2026/03/26 17:35:21 - mmengine - INFO - Epoch(train)  [5][200/238]  lr: 2.0000e-02  eta: 3:54:20  time: 0.8540  data_time: 0.0033  memory: 18575  loss: 0.1505  loss_rpn_cls: 0.0038  loss_rpn_bbox: 0.0076  loss_cls: 0.0462  acc: 98.5779  loss_bbox: 0.0929
2026/03/26 17:35:52 - mmengine - INFO - Exp name: faster_rcnn_r50_fpn_uatd_80e_pretrained_20260326_171936
2026/03/26 17:36:40 - mmengine - INFO - Epoch(train)  [6][ 50/238]  lr: 2.0000e-02  eta: 3:55:29  time: 0.9626  data_time: 0.0372  memory: 18575  loss: 0.1530  loss_rpn_cls: 0.0040  loss_rpn_bbox: 0.0076  loss_cls: 0.0477  acc: 98.2788  loss_bbox: 0.0937
2026/03/26 17:37:26 - mmengine - INFO - Epoch(train)  [6][100/238]  lr: 2.0000e-02  eta: 3:56:18  time: 0.9231  data_time: 0.0035  memory: 18575  loss: 0.1390  loss_rpn_cls: 0.0035  loss_rpn_bbox: 0.0075  loss_cls: 0.0407  acc: 98.1140  loss_bbox: 0.0873
2026/03/26 17:38:12 - mmengine - INFO - Epoch(train)  [6][150/238]  lr: 2.0000e-02  eta: 3:56:53  time: 0.9128  data_time: 0.0039  memory: 18575  loss: 0.1507  loss_rpn_cls: 0.0037  loss_rpn_bbox: 0.0078  loss_cls: 0.0454  acc: 98.6267  loss_bbox: 0.0938
2026/03/26 17:38:58 - mmengine - INFO - Epoch(train)  [6][200/238]  lr: 2.0000e-02  eta: 3:57:30  time: 0.9246  data_time: 0.0038  memory: 18575  loss: 0.1466  loss_rpn_cls: 0.0038  loss_rpn_bbox: 0.0076  loss_cls: 0.0441  acc: 98.3826  loss_bbox: 0.0910
2026/03/26 17:39:31 - mmengine - INFO - Exp name: faster_rcnn_r50_fpn_uatd_80e_pretrained_20260326_171936
2026/03/26 17:39:36 - mmengine - INFO - Epoch(val)  [6][ 50/200]    eta: 0:00:15  time: 0.1002  data_time: 0.0283  memory: 18575  
2026/03/26 17:39:41 - mmengine - INFO - Epoch(val)  [6][100/200]    eta: 0:00:09  time: 0.0914  data_time: 0.0123  memory: 880  
2026/03/26 17:39:46 - mmengine - INFO - Epoch(val)  [6][150/200]    eta: 0:00:04  time: 0.0958  data_time: 0.0222  memory: 880  
2026/03/26 17:39:51 - mmengine - INFO - Epoch(val)  [6][200/200]    eta: 0:00:00  time: 0.0980  data_time: 0.0141  memory: 880  
2026/03/26 17:39:51 - mmengine - INFO - Evaluating bbox...
2026/03/26 17:39:51 - mmengine - INFO - bbox_mAP_copypaste: 0.299 0.744 0.170 0.365 0.299 0.276
2026/03/26 17:39:51 - mmengine - INFO - Epoch(val) [6][200/200]    coco/bbox_mAP: 0.2990  coco/bbox_mAP_50: 0.7440  coco/bbox_mAP_75: 0.1700  coco/bbox_mAP_s: 0.3650  coco/bbox_mAP_m: 0.2990  coco/bbox_mAP_l: 0.2760  data_time: 0.0191  time: 0.0960
2026/03/26 17:39:51 - mmengine - INFO - The previous best checkpoint /workspace/aquaculture-perception/runs/mmdet/uatd/faster_rcnn_r50_fpn_uatd_80e_pretrained/best_coco_bbox_mAP_epoch_4.pth is removed
2026/03/26 17:39:53 - mmengine - INFO - The best checkpoint with 0.2990 coco/bbox_mAP at 6 epoch is saved to best_coco_bbox_mAP_epoch_6.pth.
2026/03/26 17:40:41 - mmengine - INFO - Epoch(train)  [7][ 50/238]  lr: 2.0000e-02  eta: 3:58:25  time: 0.9656  data_time: 0.0357  memory: 18575  loss: 0.1432  loss_rpn_cls: 0.0029  loss_rpn_bbox: 0.0074  loss_cls: 0.0427  acc: 98.4375  loss_bbox: 0.0902
2026/03/26 17:41:21 - mmengine - INFO - Epoch(train)  [7][100/238]  lr: 2.0000e-02  eta: 3:57:41  time: 0.8090  data_time: 0.0035  memory: 18575  loss: 0.1440  loss_rpn_cls: 0.0031  loss_rpn_bbox: 0.0073  loss_cls: 0.0426  acc: 98.4009  loss_bbox: 0.0911
2026/03/26 17:42:09 - mmengine - INFO - Epoch(train)  [7][150/238]  lr: 2.0000e-02  eta: 3:58:13  time: 0.9459  data_time: 0.0040  memory: 18575  loss: 0.1398  loss_rpn_cls: 0.0028  loss_rpn_bbox: 0.0073  loss_cls: 0.0412  acc: 98.4192  loss_bbox: 0.0885
2026/03/26 17:42:49 - mmengine - INFO - Epoch(train)  [7][200/238]  lr: 2.0000e-02  eta: 3:57:29  time: 0.8124  data_time: 0.0033  memory: 18575  loss: 0.1404  loss_rpn_cls: 0.0029  loss_rpn_bbox: 0.0073  loss_cls: 0.0409  acc: 98.6145  loss_bbox: 0.0894
2026/03/26 17:43:16 - mmengine - INFO - Exp name: faster_rcnn_r50_fpn_uatd_80e_pretrained_20260326_171936
2026/03/26 17:43:58 - mmengine - INFO - Epoch(train)  [8][ 50/238]  lr: 2.0000e-02  eta: 3:55:47  time: 0.8416  data_time: 0.0340  memory: 18575  loss: 0.1369  loss_rpn_cls: 0.0027  loss_rpn_bbox: 0.0071  loss_cls: 0.0402  acc: 98.6755  loss_bbox: 0.0869
2026/03/26 17:44:37 - mmengine - INFO - Epoch(train)  [8][100/238]  lr: 2.0000e-02  eta: 3:54:44  time: 0.7706  data_time: 0.0026  memory: 18575  loss: 0.1392  loss_rpn_cls: 0.0027  loss_rpn_bbox: 0.0071  loss_cls: 0.0411  acc: 98.5046  loss_bbox: 0.0882
2026/03/26 17:45:15 - mmengine - INFO - Epoch(train)  [8][150/238]  lr: 2.0000e-02  eta: 3:53:38  time: 0.7619  data_time: 0.0027  memory: 18575  loss: 0.1432  loss_rpn_cls: 0.0028  loss_rpn_bbox: 0.0077  loss_cls: 0.0415  acc: 97.9614  loss_bbox: 0.0912
2026/03/26 17:45:55 - mmengine - INFO - Epoch(train)  [8][200/238]  lr: 2.0000e-02  eta: 3:52:48  time: 0.7929  data_time: 0.0031  memory: 18575  loss: 0.1344  loss_rpn_cls: 0.0029  loss_rpn_bbox: 0.0069  loss_cls: 0.0384  acc: 98.5901  loss_bbox: 0.0863
2026/03/26 17:46:23 - mmengine - INFO - Exp name: faster_rcnn_r50_fpn_uatd_80e_pretrained_20260326_171936
2026/03/26 17:46:27 - mmengine - INFO - Epoch(val)  [8][ 50/200]    eta: 0:00:14  time: 0.0936  data_time: 0.0148  memory: 18575  
2026/03/26 17:46:31 - mmengine - INFO - Epoch(val)  [8][100/200]    eta: 0:00:07  time: 0.0648  data_time: 0.0074  memory: 880  
2026/03/26 17:46:35 - mmengine - INFO - Epoch(val)  [8][150/200]    eta: 0:00:04  time: 0.0984  data_time: 0.0117  memory: 880  
2026/03/26 17:46:38 - mmengine - INFO - Epoch(val)  [8][200/200]    eta: 0:00:00  time: 0.0582  data_time: 0.0061  memory: 880  
2026/03/26 17:46:38 - mmengine - INFO - Evaluating bbox...
2026/03/26 17:46:39 - mmengine - INFO - bbox_mAP_copypaste: 0.306 0.766 0.164 0.334 0.307 0.282
2026/03/26 17:46:39 - mmengine - INFO - Epoch(val) [8][200/200]    coco/bbox_mAP: 0.3060  coco/bbox_mAP_50: 0.7660  coco/bbox_mAP_75: 0.1640  coco/bbox_mAP_s: 0.3340  coco/bbox_mAP_m: 0.3070  coco/bbox_mAP_l: 0.2820  data_time: 0.0100  time: 0.0785
2026/03/26 17:46:39 - mmengine - INFO - The previous best checkpoint /workspace/aquaculture-perception/runs/mmdet/uatd/faster_rcnn_r50_fpn_uatd_80e_pretrained/best_coco_bbox_mAP_epoch_6.pth is removed
2026/03/26 17:46:40 - mmengine - INFO - The best checkpoint with 0.3060 coco/bbox_mAP at 8 epoch is saved to best_coco_bbox_mAP_epoch_8.pth.
2026/03/26 17:47:20 - mmengine - INFO - Epoch(train)  [9][ 50/238]  lr: 2.0000e-02  eta: 3:51:10  time: 0.8102  data_time: 0.0113  memory: 18575  loss: 0.1302  loss_rpn_cls: 0.0025  loss_rpn_bbox: 0.0067  loss_cls: 0.0367  acc: 98.4314  loss_bbox: 0.0843
2026/03/26 17:47:58 - mmengine - INFO - Exp name: faster_rcnn_r50_fpn_uatd_80e_pretrained_20260326_171936
2026/03/26 17:48:01 - mmengine - INFO - Epoch(train)  [9][100/238]  lr: 2.0000e-02  eta: 3:50:27  time: 0.8071  data_time: 0.0029  memory: 18575  loss: 0.1306  loss_rpn_cls: 0.0025  loss_rpn_bbox: 0.0066  loss_cls: 0.0378  acc: 98.3276  loss_bbox: 0.0838
2026/03/26 17:48:40 - mmengine - INFO - Epoch(train)  [9][150/238]  lr: 2.0000e-02  eta: 3:49:36  time: 0.7865  data_time: 0.0029  memory: 18575  loss: 0.1344  loss_rpn_cls: 0.0025  loss_rpn_bbox: 0.0069  loss_cls: 0.0395  acc: 98.3704  loss_bbox: 0.0854
2026/03/26 17:49:18 - mmengine - INFO - Epoch(train)  [9][200/238]  lr: 2.0000e-02  eta: 3:48:32  time: 0.7528  data_time: 0.0029  memory: 18575  loss: 0.1365  loss_rpn_cls: 0.0027  loss_rpn_bbox: 0.0070  loss_cls: 0.0390  acc: 98.4985  loss_bbox: 0.0879
2026/03/26 17:49:44 - mmengine - INFO - Exp name: faster_rcnn_r50_fpn_uatd_80e_pretrained_20260326_171936
2026/03/26 17:50:22 - mmengine - INFO - Epoch(train) [10][ 50/238]  lr: 2.0000e-02  eta: 3:46:27  time: 0.7562  data_time: 0.0099  memory: 18575  loss: 0.1274  loss_rpn_cls: 0.0022  loss_rpn_bbox: 0.0070  loss_cls: 0.0359  acc: 98.7244  loss_bbox: 0.0823
2026/03/26 17:50:58 - mmengine - INFO - Epoch(train) [10][100/238]  lr: 2.0000e-02  eta: 3:45:12  time: 0.7159  data_time: 0.0025  memory: 18575  loss: 0.1283  loss_rpn_cls: 0.0021  loss_rpn_bbox: 0.0065  loss_cls: 0.0359  acc: 98.7854  loss_bbox: 0.0837
2026/03/26 17:51:33 - mmengine - INFO - Epoch(train) [10][150/238]  lr: 2.0000e-02  eta: 3:43:58  time: 0.7119  data_time: 0.0024  memory: 18575  loss: 0.1278  loss_rpn_cls: 0.0023  loss_rpn_bbox: 0.0066  loss_cls: 0.0371  acc: 98.0164  loss_bbox: 0.0817
2026/03/26 17:52:09 - mmengine - INFO - Epoch(train) [10][200/238]  lr: 2.0000e-02  eta: 3:42:44  time: 0.7053  data_time: 0.0025  memory: 18575  loss: 0.1320  loss_rpn_cls: 0.0023  loss_rpn_bbox: 0.0067  loss_cls: 0.0374  acc: 98.3765  loss_bbox: 0.0856
2026/03/26 17:52:44 - mmengine - INFO - Exp name: faster_rcnn_r50_fpn_uatd_80e_pretrained_20260326_171936
2026/03/26 17:52:50 - mmengine - INFO - Epoch(val) [10][ 50/200]    eta: 0:00:16  time: 0.1078  data_time: 0.0171  memory: 18575  
2026/03/26 17:52:55 - mmengine - INFO - Epoch(val) [10][100/200]    eta: 0:00:10  time: 0.0998  data_time: 0.0162  memory: 880  
2026/03/26 17:52:59 - mmengine - INFO - Epoch(val) [10][150/200]    eta: 0:00:05  time: 0.0981  data_time: 0.0130  memory: 880  
2026/03/26 17:53:03 - mmengine - INFO - Epoch(val) [10][200/200]    eta: 0:00:00  time: 0.0758  data_time: 0.0100  memory: 880  
2026/03/26 17:53:03 - mmengine - INFO - Evaluating bbox...
2026/03/26 17:53:04 - mmengine - INFO - bbox_mAP_copypaste: 0.322 0.811 0.165 0.289 0.325 0.304
2026/03/26 17:53:04 - mmengine - INFO - Epoch(val) [10][200/200]    coco/bbox_mAP: 0.3220  coco/bbox_mAP_50: 0.8110  coco/bbox_mAP_75: 0.1650  coco/bbox_mAP_s: 0.2890  coco/bbox_mAP_m: 0.3250  coco/bbox_mAP_l: 0.3040  data_time: 0.0140  time: 0.0950
2026/03/26 17:53:04 - mmengine - INFO - The previous best checkpoint /workspace/aquaculture-perception/runs/mmdet/uatd/faster_rcnn_r50_fpn_uatd_80e_pretrained/best_coco_bbox_mAP_epoch_8.pth is removed
2026/03/26 17:53:05 - mmengine - INFO - The best checkpoint with 0.3220 coco/bbox_mAP at 10 epoch is saved to best_coco_bbox_mAP_epoch_10.pth.
2026/03/26 17:53:45 - mmengine - INFO - Epoch(train) [11][ 50/238]  lr: 2.0000e-02  eta: 3:42:06  time: 0.7943  data_time: 0.0210  memory: 18575  loss: 0.1280  loss_rpn_cls: 0.0023  loss_rpn_bbox: 0.0066  loss_cls: 0.0361  acc: 98.8770  loss_bbox: 0.0830
2026/03/26 17:54:30 - mmengine - INFO - Epoch(train) [11][100/238]  lr: 2.0000e-02  eta: 3:42:00  time: 0.9055  data_time: 0.0036  memory: 18575  loss: 0.1260  loss_rpn_cls: 0.0021  loss_rpn_bbox: 0.0065  loss_cls: 0.0353  acc: 98.6938  loss_bbox: 0.0822
2026/03/26 17:55:17 - mmengine - INFO - Epoch(train) [11][150/238]  lr: 2.0000e-02  eta: 3:42:07  time: 0.9495  data_time: 0.0040  memory: 18575  loss: 0.1234  loss_rpn_cls: 0.0020  loss_rpn_bbox: 0.0063  loss_cls: 0.0348  acc: 98.8037  loss_bbox: 0.0803
2026/03/26 17:55:58 - mmengine - INFO - Epoch(train) [11][200/238]  lr: 2.0000e-02  eta: 3:41:28  time: 0.8117  data_time: 0.0034  memory: 18575  loss: 0.1289  loss_rpn_cls: 0.0021  loss_rpn_bbox: 0.0068  loss_cls: 0.0364  acc: 98.4741  loss_bbox: 0.0835
2026/03/26 17:56:25 - mmengine - INFO - Exp name: faster_rcnn_r50_fpn_uatd_80e_pretrained_20260326_171936
2026/03/26 17:57:07 - mmengine - INFO - Epoch(train) [12][ 50/238]  lr: 2.0000e-02  eta: 3:40:07  time: 0.8426  data_time: 0.0081  memory: 18575  loss: 0.1212  loss_rpn_cls: 0.0022  loss_rpn_bbox: 0.0064  loss_cls: 0.0340  acc: 98.7305  loss_bbox: 0.0786
2026/03/26 17:57:45 - mmengine - INFO - Epoch(train) [12][100/238]  lr: 2.0000e-02  eta: 3:39:09  time: 0.7484  data_time: 0.0029  memory: 18575  loss: 0.1184  loss_rpn_cls: 0.0021  loss_rpn_bbox: 0.0062  loss_cls: 0.0327  acc: 98.3032  loss_bbox: 0.0774
2026/03/26 17:58:25 - mmengine - INFO - Epoch(train) [12][150/238]  lr: 2.0000e-02  eta: 3:38:27  time: 0.7980  data_time: 0.0035  memory: 18575  loss: 0.1256  loss_rpn_cls: 0.0021  loss_rpn_bbox: 0.0065  loss_cls: 0.0353  acc: 98.6572  loss_bbox: 0.0816
2026/03/26 17:59:08 - mmengine - INFO - Epoch(train) [12][200/238]  lr: 2.0000e-02  eta: 3:38:02  time: 0.8595  data_time: 0.0033  memory: 18575  loss: 0.1229  loss_rpn_cls: 0.0021  loss_rpn_bbox: 0.0064  loss_cls: 0.0332  acc: 98.7183  loss_bbox: 0.0812
2026/03/26 17:59:37 - mmengine - INFO - Exp name: faster_rcnn_r50_fpn_uatd_80e_pretrained_20260326_171936
2026/03/26 17:59:44 - mmengine - INFO - Epoch(val) [12][ 50/200]    eta: 0:00:18  time: 0.1223  data_time: 0.0161  memory: 18575  
2026/03/26 17:59:47 - mmengine - INFO - Epoch(val) [12][100/200]    eta: 0:00:09  time: 0.0696  data_time: 0.0080  memory: 880  
2026/03/26 17:59:51 - mmengine - INFO - Epoch(val) [12][150/200]    eta: 0:00:04  time: 0.0726  data_time: 0.0082  memory: 880  
2026/03/26 17:59:54 - mmengine - INFO - Epoch(val) [12][200/200]    eta: 0:00:00  time: 0.0699  data_time: 0.0081  memory: 880  
2026/03/26 17:59:54 - mmengine - INFO - Evaluating bbox...
2026/03/26 17:59:55 - mmengine - INFO - bbox_mAP_copypaste: 0.344 0.820 0.211 0.366 0.344 0.314
2026/03/26 17:59:55 - mmengine - INFO - Epoch(val) [12][200/200]    coco/bbox_mAP: 0.3440  coco/bbox_mAP_50: 0.8200  coco/bbox_mAP_75: 0.2110  coco/bbox_mAP_s: 0.3660  coco/bbox_mAP_m: 0.3440  coco/bbox_mAP_l: 0.3140  data_time: 0.0101  time: 0.0834
2026/03/26 17:59:55 - mmengine - INFO - The previous best checkpoint /workspace/aquaculture-perception/runs/mmdet/uatd/faster_rcnn_r50_fpn_uatd_80e_pretrained/best_coco_bbox_mAP_epoch_10.pth is removed
2026/03/26 17:59:56 - mmengine - INFO - The best checkpoint with 0.3440 coco/bbox_mAP at 12 epoch is saved to best_coco_bbox_mAP_epoch_12.pth.
2026/03/26 18:00:50 - mmengine - INFO - Epoch(train) [13][ 50/238]  lr: 2.0000e-02  eta: 3:38:03  time: 1.0820  data_time: 0.0222  memory: 18575  loss: 0.1204  loss_rpn_cls: 0.0020  loss_rpn_bbox: 0.0063  loss_cls: 0.0333  acc: 98.3276  loss_bbox: 0.0789
2026/03/26 18:01:43 - mmengine - INFO - Epoch(train) [13][100/238]  lr: 2.0000e-02  eta: 3:38:31  time: 1.0640  data_time: 0.0047  memory: 18575  loss: 0.1230  loss_rpn_cls: 0.0017  loss_rpn_bbox: 0.0064  loss_cls: 0.0339  acc: 98.4802  loss_bbox: 0.0810
2026/03/26 18:02:29 - mmengine - INFO - Exp name: faster_rcnn_r50_fpn_uatd_80e_pretrained_20260326_171936
2026/03/26 18:02:35 - mmengine - INFO - Epoch(train) [13][150/238]  lr: 2.0000e-02  eta: 3:38:50  time: 1.0389  data_time: 0.0044  memory: 18575  loss: 0.1203  loss_rpn_cls: 0.0018  loss_rpn_bbox: 0.0063  loss_cls: 0.0328  acc: 98.6084  loss_bbox: 0.0794
2026/03/26 18:03:23 - mmengine - INFO - Epoch(train) [13][200/238]  lr: 2.0000e-02  eta: 3:38:49  time: 0.9736  data_time: 0.0043  memory: 18575  loss: 0.1203  loss_rpn_cls: 0.0022  loss_rpn_bbox: 0.0063  loss_cls: 0.0334  acc: 98.8464  loss_bbox: 0.0784
2026/03/26 18:03:56 - mmengine - INFO - Exp name: faster_rcnn_r50_fpn_uatd_80e_pretrained_20260326_171936
2026/03/26 18:04:45 - mmengine - INFO - Epoch(train) [14][ 50/238]  lr: 2.0000e-02  eta: 3:38:22  time: 0.9740  data_time: 0.0618  memory: 18575  loss: 0.1115  loss_rpn_cls: 0.0017  loss_rpn_bbox: 0.0058  loss_cls: 0.0301  acc: 98.7610  loss_bbox: 0.0738
2026/03/26 18:05:27 - mmengine - INFO - Epoch(train) [14][100/238]  lr: 2.0000e-02  eta: 3:37:46  time: 0.8476  data_time: 0.0034  memory: 18575  loss: 0.1126  loss_rpn_cls: 0.0017  loss_rpn_bbox: 0.0062  loss_cls: 0.0297  acc: 99.0662  loss_bbox: 0.0750
2026/03/26 18:06:09 - mmengine - INFO - Epoch(train) [14][150/238]  lr: 2.0000e-02  eta: 3:37:11  time: 0.8486  data_time: 0.0034  memory: 18575  loss: 0.1170  loss_rpn_cls: 0.0018  loss_rpn_bbox: 0.0062  loss_cls: 0.0316  acc: 98.6267  loss_bbox: 0.0774
2026/03/26 18:06:54 - mmengine - INFO - Epoch(train) [14][200/238]  lr: 2.0000e-02  eta: 3:36:44  time: 0.8835  data_time: 0.0038  memory: 18575  loss: 0.1133  loss_rpn_cls: 0.0017  loss_rpn_bbox: 0.0061  loss_cls: 0.0305  acc: 98.4680  loss_bbox: 0.0750
2026/03/26 18:07:30 - mmengine - INFO - Exp name: faster_rcnn_r50_fpn_uatd_80e_pretrained_20260326_171936
2026/03/26 18:07:36 - mmengine - INFO - Epoch(val) [14][ 50/200]    eta: 0:00:18  time: 0.1264  data_time: 0.0178  memory: 18575  
2026/03/26 18:07:40 - mmengine - INFO - Epoch(val) [14][100/200]    eta: 0:00:10  time: 0.0853  data_time: 0.0103  memory: 880  
2026/03/26 18:07:45 - mmengine - INFO - Epoch(val) [14][150/200]    eta: 0:00:05  time: 0.0937  data_time: 0.0119  memory: 880  
2026/03/26 18:07:49 - mmengine - INFO - Epoch(val) [14][200/200]    eta: 0:00:00  time: 0.0869  data_time: 0.0102  memory: 880  
2026/03/26 18:07:50 - mmengine - INFO - Evaluating bbox...
2026/03/26 18:07:50 - mmengine - INFO - bbox_mAP_copypaste: 0.344 0.792 0.229 0.388 0.346 0.314
2026/03/26 18:07:50 - mmengine - INFO - Epoch(val) [14][200/200]    coco/bbox_mAP: 0.3440  coco/bbox_mAP_50: 0.7920  coco/bbox_mAP_75: 0.2290  coco/bbox_mAP_s: 0.3880  coco/bbox_mAP_m: 0.3460  coco/bbox_mAP_l: 0.3140  data_time: 0.0125  time: 0.0978
2026/03/26 18:08:44 - mmengine - INFO - Epoch(train) [15][ 50/238]  lr: 2.0000e-02  eta: 3:36:53  time: 1.0817  data_time: 0.0558  memory: 18575  loss: 0.1116  loss_rpn_cls: 0.0016  loss_rpn_bbox: 0.0060  loss_cls: 0.0299  acc: 98.7610  loss_bbox: 0.0741
2026/03/26 18:09:32 - mmengine - INFO - Epoch(train) [15][100/238]  lr: 2.0000e-02  eta: 3:36:40  time: 0.9584  data_time: 0.0043  memory: 18575  loss: 0.1127  loss_rpn_cls: 0.0014  loss_rpn_bbox: 0.0063  loss_cls: 0.0302  acc: 98.9319  loss_bbox: 0.0748
2026/03/26 18:10:26 - mmengine - INFO - Epoch(train) [15][150/238]  lr: 2.0000e-02  eta: 3:36:51  time: 1.0669  data_time: 0.0052  memory: 18575  loss: 0.1100  loss_rpn_cls: 0.0017  loss_rpn_bbox: 0.0059  loss_cls: 0.0291  acc: 98.9502  loss_bbox: 0.0734
2026/03/26 18:11:18 - mmengine - INFO - Epoch(train) [15][200/238]  lr: 2.0000e-02  eta: 3:36:57  time: 1.0538  data_time: 0.0049  memory: 18575  loss: 0.1139  loss_rpn_cls: 0.0018  loss_rpn_bbox: 0.0061  loss_cls: 0.0301  acc: 98.9441  loss_bbox: 0.0758
2026/03/26 18:11:54 - mmengine - INFO - Exp name: faster_rcnn_r50_fpn_uatd_80e_pretrained_20260326_171936
2026/03/26 18:12:52 - mmengine - INFO - Epoch(train) [16][ 50/238]  lr: 2.0000e-02  eta: 3:37:06  time: 1.1468  data_time: 0.0305  memory: 18575  loss: 0.1052  loss_rpn_cls: 0.0015  loss_rpn_bbox: 0.0057  loss_cls: 0.0277  acc: 98.9563  loss_bbox: 0.0703
2026/03/26 18:13:50 - mmengine - INFO - Epoch(train) [16][100/238]  lr: 2.0000e-02  eta: 3:37:31  time: 1.1633  data_time: 0.0052  memory: 18575  loss: 0.1108  loss_rpn_cls: 0.0016  loss_rpn_bbox: 0.0059  loss_cls: 0.0302  acc: 98.9929  loss_bbox: 0.0731
2026/03/26 18:14:49 - mmengine - INFO - Epoch(train) [16][150/238]  lr: 2.0000e-02  eta: 3:37:55  time: 1.1739  data_time: 0.0054  memory: 18575  loss: 0.1104  loss_rpn_cls: 0.0018  loss_rpn_bbox: 0.0059  loss_cls: 0.0298  acc: 98.8220  loss_bbox: 0.0728
2026/03/26 18:15:46 - mmengine - INFO - Epoch(train) [16][200/238]  lr: 2.0000e-02  eta: 3:38:13  time: 1.1525  data_time: 0.0060  memory: 18575  loss: 0.1132  loss_rpn_cls: 0.0015  loss_rpn_bbox: 0.0061  loss_cls: 0.0302  acc: 98.7976  loss_bbox: 0.0754
2026/03/26 18:16:24 - mmengine - INFO - Exp name: faster_rcnn_r50_fpn_uatd_80e_pretrained_20260326_171936
2026/03/26 18:16:32 - mmengine - INFO - Epoch(val) [16][ 50/200]    eta: 0:00:24  time: 0.1632  data_time: 0.0329  memory: 18575  
2026/03/26 18:16:37 - mmengine - INFO - Epoch(val) [16][100/200]    eta: 0:00:13  time: 0.0990  data_time: 0.0121  memory: 880  
2026/03/26 18:16:42 - mmengine - INFO - Epoch(val) [16][150/200]    eta: 0:00:05  time: 0.0944  data_time: 0.0113  memory: 880  
2026/03/26 18:16:47 - mmengine - INFO - Epoch(val) [16][200/200]    eta: 0:00:00  time: 0.1096  data_time: 0.0138  memory: 880  
2026/03/26 18:16:47 - mmengine - INFO - Evaluating bbox...
2026/03/26 18:16:48 - mmengine - INFO - bbox_mAP_copypaste: 0.321 0.812 0.183 0.296 0.321 0.314
2026/03/26 18:16:48 - mmengine - INFO - Epoch(val) [16][200/200]    coco/bbox_mAP: 0.3210  coco/bbox_mAP_50: 0.8120  coco/bbox_mAP_75: 0.1830  coco/bbox_mAP_s: 0.2960  coco/bbox_mAP_m: 0.3210  coco/bbox_mAP_l: 0.3140  data_time: 0.0175  time: 0.1162
2026/03/26 18:17:43 - mmengine - INFO - Epoch(train) [17][ 50/238]  lr: 2.0000e-02  eta: 3:38:04  time: 1.0940  data_time: 0.0589  memory: 18575  loss: 0.1102  loss_rpn_cls: 0.0016  loss_rpn_bbox: 0.0059  loss_cls: 0.0291  acc: 98.9685  loss_bbox: 0.0736
2026/03/26 18:18:35 - mmengine - INFO - Epoch(train) [17][100/238]  lr: 2.0000e-02  eta: 3:37:57  time: 1.0460  data_time: 0.0052  memory: 18575  loss: 0.1099  loss_rpn_cls: 0.0014  loss_rpn_bbox: 0.0060  loss_cls: 0.0294  acc: 98.4436  loss_bbox: 0.0731
2026/03/26 18:19:22 - mmengine - INFO - Epoch(train) [17][150/238]  lr: 2.0000e-02  eta: 3:37:26  time: 0.9283  data_time: 0.0048  memory: 18575  loss: 0.1068  loss_rpn_cls: 0.0016  loss_rpn_bbox: 0.0057  loss_cls: 0.0288  acc: 98.9502  loss_bbox: 0.0707
2026/03/26 18:20:01 - mmengine - INFO - Exp name: faster_rcnn_r50_fpn_uatd_80e_pretrained_20260326_171936
2026/03/26 18:20:08 - mmengine - INFO - Epoch(train) [17][200/238]  lr: 2.0000e-02  eta: 3:36:54  time: 0.9246  data_time: 0.0045  memory: 18575  loss: 0.1106  loss_rpn_cls: 0.0017  loss_rpn_bbox: 0.0061  loss_cls: 0.0296  acc: 98.8342  loss_bbox: 0.0732
2026/03/26 18:20:41 - mmengine - INFO - Exp name: faster_rcnn_r50_fpn_uatd_80e_pretrained_20260326_171936
2026/03/26 18:21:32 - mmengine - INFO - Epoch(train) [18][ 50/238]  lr: 2.0000e-02  eta: 3:36:07  time: 1.0230  data_time: 0.0154  memory: 18575  loss: 0.1069  loss_rpn_cls: 0.0015  loss_rpn_bbox: 0.0059  loss_cls: 0.0282  acc: 98.9807  loss_bbox: 0.0714
2026/03/26 18:22:19 - mmengine - INFO - Epoch(train) [18][100/238]  lr: 2.0000e-02  eta: 3:35:35  time: 0.9340  data_time: 0.0041  memory: 18575  loss: 0.1097  loss_rpn_cls: 0.0015  loss_rpn_bbox: 0.0059  loss_cls: 0.0300  acc: 98.8586  loss_bbox: 0.0724
2026/03/26 18:23:08 - mmengine - INFO - Epoch(train) [18][150/238]  lr: 2.0000e-02  eta: 3:35:11  time: 0.9797  data_time: 0.0051  memory: 18575  loss: 0.1073  loss_rpn_cls: 0.0015  loss_rpn_bbox: 0.0059  loss_cls: 0.0281  acc: 98.7366  loss_bbox: 0.0719
2026/03/26 18:24:00 - mmengine - INFO - Epoch(train) [18][200/238]  lr: 2.0000e-02  eta: 3:35:00  time: 1.0541  data_time: 0.0053  memory: 18575  loss: 0.1092  loss_rpn_cls: 0.0013  loss_rpn_bbox: 0.0058  loss_cls: 0.0298  acc: 98.6877  loss_bbox: 0.0722
2026/03/26 18:24:35 - mmengine - INFO - Exp name: faster_rcnn_r50_fpn_uatd_80e_pretrained_20260326_171936
2026/03/26 18:24:40 - mmengine - INFO - Epoch(val) [18][ 50/200]    eta: 0:00:15  time: 0.1043  data_time: 0.0182  memory: 18575  
2026/03/26 18:24:45 - mmengine - INFO - Epoch(val) [18][100/200]    eta: 0:00:09  time: 0.0932  data_time: 0.0113  memory: 880  
2026/03/26 18:24:49 - mmengine - INFO - Epoch(val) [18][150/200]    eta: 0:00:04  time: 0.0777  data_time: 0.0094  memory: 880  
2026/03/26 18:24:53 - mmengine - INFO - Epoch(val) [18][200/200]    eta: 0:00:00  time: 0.0757  data_time: 0.0089  memory: 880  
2026/03/26 18:24:53 - mmengine - INFO - Evaluating bbox...
2026/03/26 18:24:54 - mmengine - INFO - bbox_mAP_copypaste: 0.333 0.788 0.208 0.289 0.333 0.316
2026/03/26 18:24:54 - mmengine - INFO - Epoch(val) [18][200/200]    coco/bbox_mAP: 0.3330  coco/bbox_mAP_50: 0.7880  coco/bbox_mAP_75: 0.2080  coco/bbox_mAP_s: 0.2890  coco/bbox_mAP_m: 0.3330  coco/bbox_mAP_l: 0.3160  data_time: 0.0119  time: 0.0875
2026/03/26 18:25:42 - mmengine - INFO - Epoch(train) [19][ 50/238]  lr: 2.0000e-02  eta: 3:34:07  time: 0.9748  data_time: 0.0155  memory: 18575  loss: 0.1065  loss_rpn_cls: 0.0014  loss_rpn_bbox: 0.0059  loss_cls: 0.0285  acc: 98.8586  loss_bbox: 0.0707
2026/03/26 18:26:23 - mmengine - INFO - Epoch(train) [19][100/238]  lr: 2.0000e-02  eta: 3:33:13  time: 0.8152  data_time: 0.0030  memory: 18575  loss: 0.1022  loss_rpn_cls: 0.0013  loss_rpn_bbox: 0.0057  loss_cls: 0.0269  acc: 98.7671  loss_bbox: 0.0682
2026/03/26 18:27:01 - mmengine - INFO - Epoch(train) [19][150/238]  lr: 2.0000e-02  eta: 3:32:09  time: 0.7493  data_time: 0.0022  memory: 18575  loss: 0.1021  loss_rpn_cls: 0.0013  loss_rpn_bbox: 0.0055  loss_cls: 0.0268  acc: 98.8892  loss_bbox: 0.0684
2026/03/26 18:27:38 - mmengine - INFO - Epoch(train) [19][200/238]  lr: 2.0000e-02  eta: 3:31:05  time: 0.7423  data_time: 0.0024  memory: 18575  loss: 0.1058  loss_rpn_cls: 0.0014  loss_rpn_bbox: 0.0057  loss_cls: 0.0276  acc: 98.9563  loss_bbox: 0.0710
2026/03/26 18:28:05 - mmengine - INFO - Exp name: faster_rcnn_r50_fpn_uatd_80e_pretrained_20260326_171936
2026/03/26 18:28:46 - mmengine - INFO - Epoch(train) [20][ 50/238]  lr: 2.0000e-02  eta: 3:29:22  time: 0.8254  data_time: 0.0382  memory: 18575  loss: 0.1048  loss_rpn_cls: 0.0013  loss_rpn_bbox: 0.0056  loss_cls: 0.0282  acc: 98.8220  loss_bbox: 0.0697
2026/03/26 18:29:28 - mmengine - INFO - Epoch(train) [20][100/238]  lr: 2.0000e-02  eta: 3:28:33  time: 0.8338  data_time: 0.0025  memory: 18575  loss: 0.1006  loss_rpn_cls: 0.0014  loss_rpn_bbox: 0.0056  loss_cls: 0.0263  acc: 99.0601  loss_bbox: 0.0674
2026/03/26 18:30:12 - mmengine - INFO - Epoch(train) [20][150/238]  lr: 2.0000e-02  eta: 3:27:51  time: 0.8767  data_time: 0.0030  memory: 18575  loss: 0.1034  loss_rpn_cls: 0.0013  loss_rpn_bbox: 0.0056  loss_cls: 0.0272  acc: 98.7671  loss_bbox: 0.0693
2026/03/26 18:30:57 - mmengine - INFO - Epoch(train) [20][200/238]  lr: 2.0000e-02  eta: 3:27:15  time: 0.9177  data_time: 0.0032  memory: 18575  loss: 0.1079  loss_rpn_cls: 0.0014  loss_rpn_bbox: 0.0058  loss_cls: 0.0288  acc: 99.0967  loss_bbox: 0.0718
2026/03/26 18:31:28 - mmengine - INFO - Exp name: faster_rcnn_r50_fpn_uatd_80e_pretrained_20260326_171936
2026/03/26 18:31:34 - mmengine - INFO - Epoch(val) [20][ 50/200]    eta: 0:00:17  time: 0.1198  data_time: 0.0168  memory: 18575  
2026/03/26 18:31:38 - mmengine - INFO - Epoch(val) [20][100/200]    eta: 0:00:10  time: 0.0816  data_time: 0.0099  memory: 880  
2026/03/26 18:31:42 - mmengine - INFO - Epoch(val) [20][150/200]    eta: 0:00:04  time: 0.0686  data_time: 0.0082  memory: 880  
2026/03/26 18:31:46 - mmengine - INFO - Epoch(val) [20][200/200]    eta: 0:00:00  time: 0.0805  data_time: 0.0110  memory: 880  
2026/03/26 18:31:46 - mmengine - INFO - Evaluating bbox...
2026/03/26 18:31:46 - mmengine - INFO - bbox_mAP_copypaste: 0.318 0.773 0.201 0.367 0.322 0.286
2026/03/26 18:31:46 - mmengine - INFO - Epoch(val) [20][200/200]    coco/bbox_mAP: 0.3180  coco/bbox_mAP_50: 0.7730  coco/bbox_mAP_75: 0.2010  coco/bbox_mAP_s: 0.3670  coco/bbox_mAP_m: 0.3220  coco/bbox_mAP_l: 0.2860  data_time: 0.0115  time: 0.0874
2026/03/26 18:32:30 - mmengine - INFO - Epoch(train) [21][ 50/238]  lr: 2.0000e-02  eta: 3:25:52  time: 0.8716  data_time: 0.0150  memory: 18575  loss: 0.1043  loss_rpn_cls: 0.0014  loss_rpn_bbox: 0.0057  loss_cls: 0.0273  acc: 98.9258  loss_bbox: 0.0699
2026/03/26 18:33:11 - mmengine - INFO - Epoch(train) [21][100/238]  lr: 2.0000e-02  eta: 3:25:03  time: 0.8273  data_time: 0.0023  memory: 18575  loss: 0.0978  loss_rpn_cls: 0.0012  loss_rpn_bbox: 0.0053  loss_cls: 0.0254  acc: 98.9258  loss_bbox: 0.0659
2026/03/26 18:33:53 - mmengine - INFO - Epoch(train) [21][150/238]  lr: 2.0000e-02  eta: 3:24:14  time: 0.8310  data_time: 0.0027  memory: 18575  loss: 0.1039  loss_rpn_cls: 0.0014  loss_rpn_bbox: 0.0056  loss_cls: 0.0271  acc: 98.9197  loss_bbox: 0.0698
2026/03/26 18:34:36 - mmengine - INFO - Epoch(train) [21][200/238]  lr: 2.0000e-02  eta: 3:23:30  time: 0.8662  data_time: 0.0032  memory: 18575  loss: 0.1014  loss_rpn_cls: 0.0013  loss_rpn_bbox: 0.0055  loss_cls: 0.0265  acc: 98.8281  loss_bbox: 0.0682
2026/03/26 18:35:04 - mmengine - INFO - Exp name: faster_rcnn_r50_fpn_uatd_80e_pretrained_20260326_171936
2026/03/26 18:35:08 - mmengine - INFO - Exp name: faster_rcnn_r50_fpn_uatd_80e_pretrained_20260326_171936
2026/03/26 18:35:50 - mmengine - INFO - Epoch(train) [22][ 50/238]  lr: 2.0000e-02  eta: 3:22:07  time: 0.9173  data_time: 0.0292  memory: 18575  loss: 0.0986  loss_rpn_cls: 0.0012  loss_rpn_bbox: 0.0054  loss_cls: 0.0262  acc: 98.9685  loss_bbox: 0.0658
2026/03/26 18:36:33 - mmengine - INFO - Epoch(train) [22][100/238]  lr: 2.0000e-02  eta: 3:21:25  time: 0.8758  data_time: 0.0028  memory: 18575  loss: 0.1019  loss_rpn_cls: 0.0013  loss_rpn_bbox: 0.0055  loss_cls: 0.0267  acc: 99.1455  loss_bbox: 0.0684
2026/03/26 18:37:17 - mmengine - INFO - Epoch(train) [22][150/238]  lr: 2.0000e-02  eta: 3:20:41  time: 0.8648  data_time: 0.0031  memory: 18575  loss: 0.0976  loss_rpn_cls: 0.0011  loss_rpn_bbox: 0.0054  loss_cls: 0.0252  acc: 98.8953  loss_bbox: 0.0660
2026/03/26 18:37:59 - mmengine - INFO - Epoch(train) [22][200/238]  lr: 2.0000e-02  eta: 3:19:54  time: 0.8372  data_time: 0.0030  memory: 18575  loss: 0.1012  loss_rpn_cls: 0.0013  loss_rpn_bbox: 0.0056  loss_cls: 0.0259  acc: 98.5901  loss_bbox: 0.0684
2026/03/26 18:38:30 - mmengine - INFO - Exp name: faster_rcnn_r50_fpn_uatd_80e_pretrained_20260326_171936
2026/03/26 18:38:35 - mmengine - INFO - Epoch(val) [22][ 50/200]    eta: 0:00:17  time: 0.1180  data_time: 0.0160  memory: 18575  
2026/03/26 18:38:40 - mmengine - INFO - Epoch(val) [22][100/200]    eta: 0:00:10  time: 0.0841  data_time: 0.0103  memory: 880  
2026/03/26 18:38:44 - mmengine - INFO - Epoch(val) [22][150/200]    eta: 0:00:04  time: 0.0803  data_time: 0.0099  memory: 880  
2026/03/26 18:38:47 - mmengine - INFO - Epoch(val) [22][200/200]    eta: 0:00:00  time: 0.0744  data_time: 0.0086  memory: 880  
2026/03/26 18:38:47 - mmengine - INFO - Evaluating bbox...
2026/03/26 18:38:48 - mmengine - INFO - bbox_mAP_copypaste: 0.338 0.778 0.213 0.289 0.342 0.295
2026/03/26 18:38:48 - mmengine - INFO - Epoch(val) [22][200/200]    coco/bbox_mAP: 0.3380  coco/bbox_mAP_50: 0.7780  coco/bbox_mAP_75: 0.2130  coco/bbox_mAP_s: 0.2890  coco/bbox_mAP_m: 0.3420  coco/bbox_mAP_l: 0.2950  data_time: 0.0112  time: 0.0889
2026/03/26 18:39:35 - mmengine - INFO - Epoch(train) [23][ 50/238]  lr: 2.0000e-02  eta: 3:18:43  time: 0.9465  data_time: 0.0236  memory: 18575  loss: 0.0962  loss_rpn_cls: 0.0011  loss_rpn_bbox: 0.0053  loss_cls: 0.0251  acc: 98.8892  loss_bbox: 0.0647
2026/03/26 18:40:19 - mmengine - INFO - Epoch(train) [23][100/238]  lr: 2.0000e-02  eta: 3:18:01  time: 0.8739  data_time: 0.0040  memory: 18575  loss: 0.0982  loss_rpn_cls: 0.0012  loss_rpn_bbox: 0.0054  loss_cls: 0.0255  acc: 99.2126  loss_bbox: 0.0660
2026/03/26 18:41:03 - mmengine - INFO - Epoch(train) [23][150/238]  lr: 2.0000e-02  eta: 3:17:18  time: 0.8708  data_time: 0.0039  memory: 18575  loss: 0.0994  loss_rpn_cls: 0.0012  loss_rpn_bbox: 0.0053  loss_cls: 0.0258  acc: 98.9807  loss_bbox: 0.0671
2026/03/26 18:41:45 - mmengine - INFO - Epoch(train) [23][200/238]  lr: 2.0000e-02  eta: 3:16:33  time: 0.8578  data_time: 0.0039  memory: 18575  loss: 0.0985  loss_rpn_cls: 0.0011  loss_rpn_bbox: 0.0056  loss_cls: 0.0256  acc: 98.8892  loss_bbox: 0.0663
2026/03/26 18:42:17 - mmengine - INFO - Exp name: faster_rcnn_r50_fpn_uatd_80e_pretrained_20260326_171936
2026/03/26 18:43:06 - mmengine - INFO - Epoch(train) [24][ 50/238]  lr: 2.0000e-02  eta: 3:15:29  time: 0.9851  data_time: 0.0145  memory: 18575  loss: 0.0940  loss_rpn_cls: 0.0012  loss_rpn_bbox: 0.0052  loss_cls: 0.0244  acc: 98.9868  loss_bbox: 0.0633
2026/03/26 18:44:01 - mmengine - INFO - Epoch(train) [24][100/238]  lr: 2.0000e-02  eta: 3:15:11  time: 1.0824  data_time: 0.0049  memory: 18575  loss: 0.0901  loss_rpn_cls: 0.0011  loss_rpn_bbox: 0.0051  loss_cls: 0.0228  acc: 99.1943  loss_bbox: 0.0611
2026/03/26 18:44:54 - mmengine - INFO - Epoch(train) [24][150/238]  lr: 2.0000e-02  eta: 3:14:51  time: 1.0664  data_time: 0.0051  memory: 18575  loss: 0.0993  loss_rpn_cls: 0.0010  loss_rpn_bbox: 0.0054  loss_cls: 0.0259  acc: 99.1882  loss_bbox: 0.0670
2026/03/26 18:45:36 - mmengine - INFO - Epoch(train) [24][200/238]  lr: 2.0000e-02  eta: 3:14:05  time: 0.8500  data_time: 0.0035  memory: 18575  loss: 0.0948  loss_rpn_cls: 0.0012  loss_rpn_bbox: 0.0054  loss_cls: 0.0244  acc: 98.9990  loss_bbox: 0.0638
2026/03/26 18:46:06 - mmengine - INFO - Exp name: faster_rcnn_r50_fpn_uatd_80e_pretrained_20260326_171936
2026/03/26 18:46:10 - mmengine - INFO - Epoch(val) [24][ 50/200]    eta: 0:00:12  time: 0.0806  data_time: 0.0118  memory: 18575  
2026/03/26 18:46:14 - mmengine - INFO - Epoch(val) [24][100/200]    eta: 0:00:08  time: 0.0805  data_time: 0.0098  memory: 880  
2026/03/26 18:46:18 - mmengine - INFO - Epoch(val) [24][150/200]    eta: 0:00:03  time: 0.0686  data_time: 0.0076  memory: 880  
2026/03/26 18:46:21 - mmengine - INFO - Epoch(val) [24][200/200]    eta: 0:00:00  time: 0.0711  data_time: 0.0083  memory: 880  
2026/03/26 18:46:21 - mmengine - INFO - Evaluating bbox...
2026/03/26 18:46:22 - mmengine - INFO - bbox_mAP_copypaste: 0.345 0.826 0.185 0.256 0.349 0.325
2026/03/26 18:46:22 - mmengine - INFO - Epoch(val) [24][200/200]    coco/bbox_mAP: 0.3450  coco/bbox_mAP_50: 0.8260  coco/bbox_mAP_75: 0.1850  coco/bbox_mAP_s: 0.2560  coco/bbox_mAP_m: 0.3490  coco/bbox_mAP_l: 0.3250  data_time: 0.0094  time: 0.0751
2026/03/26 18:46:22 - mmengine - INFO - The previous best checkpoint /workspace/aquaculture-perception/runs/mmdet/uatd/faster_rcnn_r50_fpn_uatd_80e_pretrained/best_coco_bbox_mAP_epoch_12.pth is removed
2026/03/26 18:46:23 - mmengine - INFO - The best checkpoint with 0.3450 coco/bbox_mAP at 24 epoch is saved to best_coco_bbox_mAP_epoch_24.pth.
2026/03/26 18:47:08 - mmengine - INFO - Epoch(train) [25][ 50/238]  lr: 2.0000e-02  eta: 3:12:44  time: 0.9010  data_time: 0.0159  memory: 18575  loss: 0.0944  loss_rpn_cls: 0.0012  loss_rpn_bbox: 0.0051  loss_cls: 0.0242  acc: 99.3469  loss_bbox: 0.0639
2026/03/26 18:47:49 - mmengine - INFO - Epoch(train) [25][100/238]  lr: 2.0000e-02  eta: 3:11:54  time: 0.8166  data_time: 0.0038  memory: 18575  loss: 0.0928  loss_rpn_cls: 0.0010  loss_rpn_bbox: 0.0053  loss_cls: 0.0233  acc: 98.8647  loss_bbox: 0.0631
2026/03/26 18:48:30 - mmengine - INFO - Epoch(train) [25][150/238]  lr: 2.0000e-02  eta: 3:11:05  time: 0.8194  data_time: 0.0040  memory: 18575  loss: 0.0929  loss_rpn_cls: 0.0011  loss_rpn_bbox: 0.0051  loss_cls: 0.0236  acc: 98.8525  loss_bbox: 0.0630
2026/03/26 18:49:09 - mmengine - INFO - Epoch(train) [25][200/238]  lr: 2.0000e-02  eta: 3:10:12  time: 0.7867  data_time: 0.0038  memory: 18575  loss: 0.0941  loss_rpn_cls: 0.0011  loss_rpn_bbox: 0.0054  loss_cls: 0.0247  acc: 99.0479  loss_bbox: 0.0629
2026/03/26 18:49:36 - mmengine - INFO - Exp name: faster_rcnn_r50_fpn_uatd_80e_pretrained_20260326_171936
2026/03/26 18:50:21 - mmengine - INFO - Exp name: faster_rcnn_r50_fpn_uatd_80e_pretrained_20260326_171936
2026/03/26 18:50:21 - mmengine - INFO - Epoch(train) [26][ 50/238]  lr: 2.0000e-02  eta: 3:08:46  time: 0.9081  data_time: 0.0092  memory: 18575  loss: 0.0922  loss_rpn_cls: 0.0012  loss_rpn_bbox: 0.0050  loss_cls: 0.0241  acc: 98.9807  loss_bbox: 0.0618
2026/03/26 18:51:05 - mmengine - INFO - Epoch(train) [26][100/238]  lr: 2.0000e-02  eta: 3:08:03  time: 0.8676  data_time: 0.0031  memory: 18575  loss: 0.0882  loss_rpn_cls: 0.0011  loss_rpn_bbox: 0.0050  loss_cls: 0.0227  acc: 99.2065  loss_bbox: 0.0594
2026/03/26 18:51:48 - mmengine - INFO - Epoch(train) [26][150/238]  lr: 2.0000e-02  eta: 3:07:19  time: 0.8717  data_time: 0.0031  memory: 18575  loss: 0.0918  loss_rpn_cls: 0.0011  loss_rpn_bbox: 0.0053  loss_cls: 0.0238  acc: 99.1699  loss_bbox: 0.0615
2026/03/26 18:52:28 - mmengine - INFO - Epoch(train) [26][200/238]  lr: 2.0000e-02  eta: 3:06:29  time: 0.8037  data_time: 0.0030  memory: 18575  loss: 0.0904  loss_rpn_cls: 0.0011  loss_rpn_bbox: 0.0051  loss_cls: 0.0231  acc: 98.9807  loss_bbox: 0.0611
2026/03/26 18:52:58 - mmengine - INFO - Exp name: faster_rcnn_r50_fpn_uatd_80e_pretrained_20260326_171936
2026/03/26 18:53:03 - mmengine - INFO - Epoch(val) [26][ 50/200]    eta: 0:00:12  time: 0.0846  data_time: 0.0126  memory: 18575  
2026/03/26 18:53:06 - mmengine - INFO - Epoch(val) [26][100/200]    eta: 0:00:07  time: 0.0749  data_time: 0.0102  memory: 880  
2026/03/26 18:53:09 - mmengine - INFO - Epoch(val) [26][150/200]    eta: 0:00:03  time: 0.0588  data_time: 0.0062  memory: 880  
2026/03/26 18:53:12 - mmengine - INFO - Epoch(val) [26][200/200]    eta: 0:00:00  time: 0.0622  data_time: 0.0066  memory: 880  
2026/03/26 18:53:12 - mmengine - INFO - Evaluating bbox...
2026/03/26 18:53:13 - mmengine - INFO - bbox_mAP_copypaste: 0.341 0.790 0.217 0.311 0.347 0.303
2026/03/26 18:53:13 - mmengine - INFO - Epoch(val) [26][200/200]    coco/bbox_mAP: 0.3410  coco/bbox_mAP_50: 0.7900  coco/bbox_mAP_75: 0.2170  coco/bbox_mAP_s: 0.3110  coco/bbox_mAP_m: 0.3470  coco/bbox_mAP_l: 0.3030  data_time: 0.0089  time: 0.0700
2026/03/26 18:54:02 - mmengine - INFO - Epoch(train) [27][ 50/238]  lr: 2.0000e-02  eta: 3:05:19  time: 0.9846  data_time: 0.0187  memory: 18575  loss: 0.0893  loss_rpn_cls: 0.0010  loss_rpn_bbox: 0.0050  loss_cls: 0.0227  acc: 98.9502  loss_bbox: 0.0605
2026/03/26 18:54:49 - mmengine - INFO - Epoch(train) [27][100/238]  lr: 2.0000e-02  eta: 3:04:41  time: 0.9265  data_time: 0.0035  memory: 18575  loss: 0.0911  loss_rpn_cls: 0.0010  loss_rpn_bbox: 0.0051  loss_cls: 0.0235  acc: 99.0845  loss_bbox: 0.0615
2026/03/26 18:55:37 - mmengine - INFO - Epoch(train) [27][150/238]  lr: 2.0000e-02  eta: 3:04:08  time: 0.9686  data_time: 0.0042  memory: 18575  loss: 0.0898  loss_rpn_cls: 0.0012  loss_rpn_bbox: 0.0051  loss_cls: 0.0231  acc: 99.0051  loss_bbox: 0.0605
2026/03/26 18:56:23 - mmengine - INFO - Epoch(train) [27][200/238]  lr: 2.0000e-02  eta: 3:03:28  time: 0.9130  data_time: 0.0045  memory: 18575  loss: 0.0913  loss_rpn_cls: 0.0010  loss_rpn_bbox: 0.0051  loss_cls: 0.0232  acc: 99.1577  loss_bbox: 0.0619
2026/03/26 18:56:57 - mmengine - INFO - Exp name: faster_rcnn_r50_fpn_uatd_80e_pretrained_20260326_171936
2026/03/26 18:57:47 - mmengine - INFO - Epoch(train) [28][ 50/238]  lr: 2.0000e-02  eta: 3:02:27  time: 1.0097  data_time: 0.0139  memory: 18575  loss: 0.0901  loss_rpn_cls: 0.0010  loss_rpn_bbox: 0.0050  loss_cls: 0.0233  acc: 99.1272  loss_bbox: 0.0608
2026/03/26 18:58:36 - mmengine - INFO - Epoch(train) [28][100/238]  lr: 2.0000e-02  eta: 3:01:53  time: 0.9726  data_time: 0.0037  memory: 18575  loss: 0.0878  loss_rpn_cls: 0.0010  loss_rpn_bbox: 0.0049  loss_cls: 0.0224  acc: 99.0051  loss_bbox: 0.0595
2026/03/26 18:59:28 - mmengine - INFO - Epoch(train) [28][150/238]  lr: 2.0000e-02  eta: 3:01:26  time: 1.0442  data_time: 0.0042  memory: 18575  loss: 0.0858  loss_rpn_cls: 0.0010  loss_rpn_bbox: 0.0049  loss_cls: 0.0215  acc: 98.9563  loss_bbox: 0.0584
2026/03/26 19:00:15 - mmengine - INFO - Epoch(train) [28][200/238]  lr: 2.0000e-02  eta: 3:00:48  time: 0.9360  data_time: 0.0039  memory: 18575  loss: 0.0891  loss_rpn_cls: 0.0011  loss_rpn_bbox: 0.0051  loss_cls: 0.0229  acc: 99.3164  loss_bbox: 0.0600
2026/03/26 19:00:48 - mmengine - INFO - Exp name: faster_rcnn_r50_fpn_uatd_80e_pretrained_20260326_171936
2026/03/26 19:00:56 - mmengine - INFO - Epoch(val) [28][ 50/200]    eta: 0:00:24  time: 0.1630  data_time: 0.0237  memory: 18575  
2026/03/26 19:01:01 - mmengine - INFO - Epoch(val) [28][100/200]    eta: 0:00:12  time: 0.0925  data_time: 0.0122  memory: 880  
2026/03/26 19:01:04 - mmengine - INFO - Epoch(val) [28][150/200]    eta: 0:00:05  time: 0.0702  data_time: 0.0081  memory: 880  
2026/03/26 19:01:08 - mmengine - INFO - Epoch(val) [28][200/200]    eta: 0:00:00  time: 0.0853  data_time: 0.0109  memory: 880  
2026/03/26 19:01:08 - mmengine - INFO - Evaluating bbox...
2026/03/26 19:01:09 - mmengine - INFO - bbox_mAP_copypaste: 0.326 0.788 0.198 0.345 0.333 0.287
2026/03/26 19:01:09 - mmengine - INFO - Epoch(val) [28][200/200]    coco/bbox_mAP: 0.3260  coco/bbox_mAP_50: 0.7880  coco/bbox_mAP_75: 0.1980  coco/bbox_mAP_s: 0.3450  coco/bbox_mAP_m: 0.3330  coco/bbox_mAP_l: 0.2870  data_time: 0.0137  time: 0.1024
2026/03/26 19:01:58 - mmengine - INFO - Epoch(train) [29][ 50/238]  lr: 2.0000e-02  eta: 2:59:40  time: 0.9761  data_time: 0.0209  memory: 18575  loss: 0.0831  loss_rpn_cls: 0.0010  loss_rpn_bbox: 0.0048  loss_cls: 0.0209  acc: 98.9624  loss_bbox: 0.0563
2026/03/26 19:02:42 - mmengine - INFO - Epoch(train) [29][100/238]  lr: 2.0000e-02  eta: 2:58:57  time: 0.8825  data_time: 0.0031  memory: 18575  loss: 0.0864  loss_rpn_cls: 0.0009  loss_rpn_bbox: 0.0051  loss_cls: 0.0216  acc: 98.7793  loss_bbox: 0.0588
2026/03/26 19:03:25 - mmengine - INFO - Epoch(train) [29][150/238]  lr: 2.0000e-02  eta: 2:58:13  time: 0.8695  data_time: 0.0032  memory: 18575  loss: 0.0859  loss_rpn_cls: 0.0010  loss_rpn_bbox: 0.0049  loss_cls: 0.0219  acc: 99.0234  loss_bbox: 0.0581
2026/03/26 19:04:10 - mmengine - INFO - Epoch(train) [29][200/238]  lr: 2.0000e-02  eta: 2:57:31  time: 0.8988  data_time: 0.0037  memory: 18575  loss: 0.0877  loss_rpn_cls: 0.0009  loss_rpn_bbox: 0.0050  loss_cls: 0.0220  acc: 98.8281  loss_bbox: 0.0597
2026/03/26 19:04:38 - mmengine - INFO - Exp name: faster_rcnn_r50_fpn_uatd_80e_pretrained_20260326_171936
2026/03/26 19:05:19 - mmengine - INFO - Epoch(train) [30][ 50/238]  lr: 2.0000e-02  eta: 2:56:00  time: 0.8195  data_time: 0.0183  memory: 18575  loss: 0.0847  loss_rpn_cls: 0.0010  loss_rpn_bbox: 0.0050  loss_cls: 0.0210  acc: 99.1516  loss_bbox: 0.0577
2026/03/26 19:05:53 - mmengine - INFO - Exp name: faster_rcnn_r50_fpn_uatd_80e_pretrained_20260326_171936
2026/03/26 19:05:54 - mmengine - INFO - Epoch(train) [30][100/238]  lr: 2.0000e-02  eta: 2:55:02  time: 0.7035  data_time: 0.0028  memory: 18575  loss: 0.0823  loss_rpn_cls: 0.0010  loss_rpn_bbox: 0.0048  loss_cls: 0.0204  acc: 99.2249  loss_bbox: 0.0560
2026/03/26 19:06:28 - mmengine - INFO - Epoch(train) [30][150/238]  lr: 2.0000e-02  eta: 2:54:01  time: 0.6760  data_time: 0.0022  memory: 18575  loss: 0.0817  loss_rpn_cls: 0.0009  loss_rpn_bbox: 0.0049  loss_cls: 0.0207  acc: 99.1638  loss_bbox: 0.0551
2026/03/26 19:07:02 - mmengine - INFO - Epoch(train) [30][200/238]  lr: 2.0000e-02  eta: 2:53:02  time: 0.6869  data_time: 0.0025  memory: 18575  loss: 0.0843  loss_rpn_cls: 0.0009  loss_rpn_bbox: 0.0048  loss_cls: 0.0214  acc: 99.2981  loss_bbox: 0.0572
2026/03/26 19:07:27 - mmengine - INFO - Exp name: faster_rcnn_r50_fpn_uatd_80e_pretrained_20260326_171936
2026/03/26 19:07:30 - mmengine - INFO - Epoch(val) [30][ 50/200]    eta: 0:00:08  time: 0.0537  data_time: 0.0069  memory: 18575  
2026/03/26 19:07:33 - mmengine - INFO - Epoch(val) [30][100/200]    eta: 0:00:05  time: 0.0520  data_time: 0.0051  memory: 880  
2026/03/26 19:07:35 - mmengine - INFO - Epoch(val) [30][150/200]    eta: 0:00:02  time: 0.0523  data_time: 0.0052  memory: 880  
2026/03/26 19:07:38 - mmengine - INFO - Epoch(val) [30][200/200]    eta: 0:00:00  time: 0.0516  data_time: 0.0051  memory: 880  
2026/03/26 19:07:38 - mmengine - INFO - Evaluating bbox...
2026/03/26 19:07:39 - mmengine - INFO - bbox_mAP_copypaste: 0.315 0.769 0.186 0.345 0.318 0.294
2026/03/26 19:07:39 - mmengine - INFO - Epoch(val) [30][200/200]    coco/bbox_mAP: 0.3150  coco/bbox_mAP_50: 0.7690  coco/bbox_mAP_75: 0.1860  coco/bbox_mAP_s: 0.3450  coco/bbox_mAP_m: 0.3180  coco/bbox_mAP_l: 0.2940  data_time: 0.0056  time: 0.0524
2026/03/26 19:08:15 - mmengine - INFO - Epoch(train) [31][ 50/238]  lr: 2.0000e-02  eta: 2:51:21  time: 0.7282  data_time: 0.0121  memory: 18575  loss: 0.0849  loss_rpn_cls: 0.0010  loss_rpn_bbox: 0.0051  loss_cls: 0.0207  acc: 99.0601  loss_bbox: 0.0581
2026/03/26 19:08:50 - mmengine - INFO - Epoch(train) [31][100/238]  lr: 2.0000e-02  eta: 2:50:24  time: 0.7025  data_time: 0.0023  memory: 18575  loss: 0.0837  loss_rpn_cls: 0.0009  loss_rpn_bbox: 0.0049  loss_cls: 0.0210  acc: 99.2493  loss_bbox: 0.0569
2026/03/26 19:09:25 - mmengine - INFO - Epoch(train) [31][150/238]  lr: 2.0000e-02  eta: 2:49:27  time: 0.6893  data_time: 0.0027  memory: 18575  loss: 0.0803  loss_rpn_cls: 0.0010  loss_rpn_bbox: 0.0048  loss_cls: 0.0203  acc: 99.0784  loss_bbox: 0.0543
2026/03/26 19:09:59 - mmengine - INFO - Epoch(train) [31][200/238]  lr: 2.0000e-02  eta: 2:48:29  time: 0.6846  data_time: 0.0024  memory: 18575  loss: 0.0829  loss_rpn_cls: 0.0010  loss_rpn_bbox: 0.0048  loss_cls: 0.0211  acc: 99.2798  loss_bbox: 0.0560
2026/03/26 19:10:24 - mmengine - INFO - Exp name: faster_rcnn_r50_fpn_uatd_80e_pretrained_20260326_171936
2026/03/26 19:11:00 - mmengine - INFO - Epoch(train) [32][ 50/238]  lr: 2.0000e-02  eta: 2:46:50  time: 0.7253  data_time: 0.0078  memory: 18575  loss: 0.0853  loss_rpn_cls: 0.0011  loss_rpn_bbox: 0.0048  loss_cls: 0.0212  acc: 99.1089  loss_bbox: 0.0582
2026/03/26 19:11:36 - mmengine - INFO - Epoch(train) [32][100/238]  lr: 2.0000e-02  eta: 2:45:55  time: 0.7071  data_time: 0.0025  memory: 18575  loss: 0.0814  loss_rpn_cls: 0.0009  loss_rpn_bbox: 0.0047  loss_cls: 0.0205  acc: 98.8037  loss_bbox: 0.0553
2026/03/26 19:12:11 - mmengine - INFO - Epoch(train) [32][150/238]  lr: 2.0000e-02  eta: 2:45:00  time: 0.7094  data_time: 0.0023  memory: 18575  loss: 0.0835  loss_rpn_cls: 0.0010  loss_rpn_bbox: 0.0052  loss_cls: 0.0207  acc: 99.1516  loss_bbox: 0.0567
2026/03/26 19:12:46 - mmengine - INFO - Epoch(train) [32][200/238]  lr: 2.0000e-02  eta: 2:44:05  time: 0.6992  data_time: 0.0023  memory: 18575  loss: 0.0814  loss_rpn_cls: 0.0010  loss_rpn_bbox: 0.0047  loss_cls: 0.0207  acc: 99.2432  loss_bbox: 0.0550
2026/03/26 19:13:12 - mmengine - INFO - Exp name: faster_rcnn_r50_fpn_uatd_80e_pretrained_20260326_171936
2026/03/26 19:13:15 - mmengine - INFO - Epoch(val) [32][ 50/200]    eta: 0:00:08  time: 0.0580  data_time: 0.0075  memory: 18575  
2026/03/26 19:13:17 - mmengine - INFO - Epoch(val) [32][100/200]    eta: 0:00:05  time: 0.0581  data_time: 0.0074  memory: 880  
2026/03/26 19:13:20 - mmengine - INFO - Epoch(val) [32][150/200]    eta: 0:00:02  time: 0.0500  data_time: 0.0046  memory: 880  
2026/03/26 19:13:22 - mmengine - INFO - Epoch(val) [32][200/200]    eta: 0:00:00  time: 0.0505  data_time: 0.0047  memory: 880  
2026/03/26 19:13:22 - mmengine - INFO - Evaluating bbox...
2026/03/26 19:13:23 - mmengine - INFO - bbox_mAP_copypaste: 0.321 0.757 0.199 0.345 0.328 0.286
2026/03/26 19:13:23 - mmengine - INFO - Epoch(val) [32][200/200]    coco/bbox_mAP: 0.3210  coco/bbox_mAP_50: 0.7570  coco/bbox_mAP_75: 0.1990  coco/bbox_mAP_s: 0.3450  coco/bbox_mAP_m: 0.3280  coco/bbox_mAP_l: 0.2860  data_time: 0.0060  time: 0.0541
2026/03/26 19:13:59 - mmengine - INFO - Epoch(train) [33][ 50/238]  lr: 2.0000e-02  eta: 2:42:29  time: 0.7250  data_time: 0.0120  memory: 18575  loss: 0.0813  loss_rpn_cls: 0.0008  loss_rpn_bbox: 0.0046  loss_cls: 0.0204  acc: 99.2493  loss_bbox: 0.0555
2026/03/26 19:14:34 - mmengine - INFO - Epoch(train) [33][100/238]  lr: 2.0000e-02  eta: 2:41:35  time: 0.7065  data_time: 0.0022  memory: 18575  loss: 0.0806  loss_rpn_cls: 0.0011  loss_rpn_bbox: 0.0048  loss_cls: 0.0199  acc: 99.4446  loss_bbox: 0.0548
2026/03/26 19:15:10 - mmengine - INFO - Epoch(train) [33][150/238]  lr: 2.0000e-02  eta: 2:40:42  time: 0.7146  data_time: 0.0022  memory: 18575  loss: 0.0819  loss_rpn_cls: 0.0010  loss_rpn_bbox: 0.0048  loss_cls: 0.0207  acc: 99.1028  loss_bbox: 0.0555
2026/03/26 19:15:46 - mmengine - INFO - Epoch(train) [33][200/238]  lr: 2.0000e-02  eta: 2:39:49  time: 0.7110  data_time: 0.0021  memory: 18575  loss: 0.0795  loss_rpn_cls: 0.0009  loss_rpn_bbox: 0.0046  loss_cls: 0.0201  acc: 99.1516  loss_bbox: 0.0539
2026/03/26 19:16:11 - mmengine - INFO - Exp name: faster_rcnn_r50_fpn_uatd_80e_pretrained_20260326_171936
2026/03/26 19:16:48 - mmengine - INFO - Epoch(train) [34][ 50/238]  lr: 2.0000e-02  eta: 2:38:16  time: 0.7313  data_time: 0.0117  memory: 18575  loss: 0.0803  loss_rpn_cls: 0.0009  loss_rpn_bbox: 0.0047  loss_cls: 0.0201  acc: 99.2004  loss_bbox: 0.0546
2026/03/26 19:17:24 - mmengine - INFO - Epoch(train) [34][100/238]  lr: 2.0000e-02  eta: 2:37:24  time: 0.7258  data_time: 0.0023  memory: 18575  loss: 0.0771  loss_rpn_cls: 0.0008  loss_rpn_bbox: 0.0047  loss_cls: 0.0192  acc: 99.1943  loss_bbox: 0.0525
2026/03/26 19:17:57 - mmengine - INFO - Exp name: faster_rcnn_r50_fpn_uatd_80e_pretrained_20260326_171936
2026/03/26 19:18:00 - mmengine - INFO - Epoch(train) [34][150/238]  lr: 2.0000e-02  eta: 2:36:32  time: 0.7137  data_time: 0.0027  memory: 18575  loss: 0.0813  loss_rpn_cls: 0.0009  loss_rpn_bbox: 0.0047  loss_cls: 0.0204  acc: 98.8953  loss_bbox: 0.0553
2026/03/26 19:18:36 - mmengine - INFO - Epoch(train) [34][200/238]  lr: 2.0000e-02  eta: 2:35:41  time: 0.7260  data_time: 0.0025  memory: 18575  loss: 0.0814  loss_rpn_cls: 0.0009  loss_rpn_bbox: 0.0047  loss_cls: 0.0206  acc: 99.3164  loss_bbox: 0.0552
2026/03/26 19:19:03 - mmengine - INFO - Exp name: faster_rcnn_r50_fpn_uatd_80e_pretrained_20260326_171936
2026/03/26 19:19:06 - mmengine - INFO - Epoch(val) [34][ 50/200]    eta: 0:00:08  time: 0.0564  data_time: 0.0081  memory: 18575  
2026/03/26 19:19:08 - mmengine - INFO - Epoch(val) [34][100/200]    eta: 0:00:05  time: 0.0579  data_time: 0.0079  memory: 880  
2026/03/26 19:19:11 - mmengine - INFO - Epoch(val) [34][150/200]    eta: 0:00:02  time: 0.0541  data_time: 0.0053  memory: 880  
2026/03/26 19:19:14 - mmengine - INFO - Epoch(val) [34][200/200]    eta: 0:00:00  time: 0.0545  data_time: 0.0058  memory: 880  
2026/03/26 19:19:14 - mmengine - INFO - Evaluating bbox...
2026/03/26 19:19:14 - mmengine - INFO - bbox_mAP_copypaste: 0.328 0.776 0.198 0.356 0.335 0.292
2026/03/26 19:19:14 - mmengine - INFO - Epoch(val) [34][200/200]    coco/bbox_mAP: 0.3280  coco/bbox_mAP_50: 0.7760  coco/bbox_mAP_75: 0.1980  coco/bbox_mAP_s: 0.3560  coco/bbox_mAP_m: 0.3350  coco/bbox_mAP_l: 0.2920  data_time: 0.0068  time: 0.0556
2026/03/26 19:19:51 - mmengine - INFO - Epoch(train) [35][ 50/238]  lr: 2.0000e-02  eta: 2:34:10  time: 0.7251  data_time: 0.0113  memory: 18575  loss: 0.0753  loss_rpn_cls: 0.0008  loss_rpn_bbox: 0.0046  loss_cls: 0.0186  acc: 99.5300  loss_bbox: 0.0514
2026/03/26 19:20:26 - mmengine - INFO - Epoch(train) [35][100/238]  lr: 2.0000e-02  eta: 2:33:18  time: 0.7079  data_time: 0.0022  memory: 18575  loss: 0.0781  loss_rpn_cls: 0.0009  loss_rpn_bbox: 0.0046  loss_cls: 0.0198  acc: 99.0601  loss_bbox: 0.0528
2026/03/26 19:21:01 - mmengine - INFO - Epoch(train) [35][150/238]  lr: 2.0000e-02  eta: 2:32:26  time: 0.6979  data_time: 0.0024  memory: 18575  loss: 0.0772  loss_rpn_cls: 0.0010  loss_rpn_bbox: 0.0047  loss_cls: 0.0189  acc: 99.2065  loss_bbox: 0.0526
2026/03/26 19:21:36 - mmengine - INFO - Epoch(train) [35][200/238]  lr: 2.0000e-02  eta: 2:31:33  time: 0.6933  data_time: 0.0026  memory: 18575  loss: 0.0779  loss_rpn_cls: 0.0008  loss_rpn_bbox: 0.0046  loss_cls: 0.0188  acc: 98.8098  loss_bbox: 0.0537
2026/03/26 19:22:02 - mmengine - INFO - Exp name: faster_rcnn_r50_fpn_uatd_80e_pretrained_20260326_171936
2026/03/26 19:22:37 - mmengine - INFO - Epoch(train) [36][ 50/238]  lr: 2.0000e-02  eta: 2:30:03  time: 0.7163  data_time: 0.0074  memory: 18575  loss: 0.0739  loss_rpn_cls: 0.0008  loss_rpn_bbox: 0.0044  loss_cls: 0.0184  acc: 99.2371  loss_bbox: 0.0503
2026/03/26 19:23:12 - mmengine - INFO - Epoch(train) [36][100/238]  lr: 2.0000e-02  eta: 2:29:11  time: 0.6992  data_time: 0.0020  memory: 18575  loss: 0.0782  loss_rpn_cls: 0.0009  loss_rpn_bbox: 0.0046  loss_cls: 0.0193  acc: 99.2432  loss_bbox: 0.0535
2026/03/26 19:23:47 - mmengine - INFO - Epoch(train) [36][150/238]  lr: 2.0000e-02  eta: 2:28:20  time: 0.6972  data_time: 0.0022  memory: 18575  loss: 0.0762  loss_rpn_cls: 0.0009  loss_rpn_bbox: 0.0045  loss_cls: 0.0188  acc: 99.2126  loss_bbox: 0.0520
2026/03/26 19:24:22 - mmengine - INFO - Epoch(train) [36][200/238]  lr: 2.0000e-02  eta: 2:27:28  time: 0.6901  data_time: 0.0021  memory: 18575  loss: 0.0765  loss_rpn_cls: 0.0010  loss_rpn_bbox: 0.0046  loss_cls: 0.0191  acc: 99.2371  loss_bbox: 0.0518
2026/03/26 19:24:47 - mmengine - INFO - Exp name: faster_rcnn_r50_fpn_uatd_80e_pretrained_20260326_171936
2026/03/26 19:24:50 - mmengine - INFO - Epoch(val) [36][ 50/200]    eta: 0:00:08  time: 0.0584  data_time: 0.0083  memory: 18575  
2026/03/26 19:24:53 - mmengine - INFO - Epoch(val) [36][100/200]    eta: 0:00:05  time: 0.0554  data_time: 0.0068  memory: 880  
2026/03/26 19:24:55 - mmengine - INFO - Epoch(val) [36][150/200]    eta: 0:00:02  time: 0.0542  data_time: 0.0058  memory: 880  
2026/03/26 19:24:58 - mmengine - INFO - Epoch(val) [36][200/200]    eta: 0:00:00  time: 0.0523  data_time: 0.0052  memory: 880  
2026/03/26 19:24:58 - mmengine - INFO - Evaluating bbox...
2026/03/26 19:24:58 - mmengine - INFO - bbox_mAP_copypaste: 0.320 0.768 0.176 0.378 0.327 0.310
2026/03/26 19:24:58 - mmengine - INFO - Epoch(val) [36][200/200]    coco/bbox_mAP: 0.3200  coco/bbox_mAP_50: 0.7680  coco/bbox_mAP_75: 0.1760  coco/bbox_mAP_s: 0.3780  coco/bbox_mAP_m: 0.3270  coco/bbox_mAP_l: 0.3100  data_time: 0.0065  time: 0.0549
2026/03/26 19:25:35 - mmengine - INFO - Epoch(train) [37][ 50/238]  lr: 2.0000e-02  eta: 2:25:59  time: 0.7246  data_time: 0.0103  memory: 18575  loss: 0.0763  loss_rpn_cls: 0.0009  loss_rpn_bbox: 0.0045  loss_cls: 0.0186  acc: 99.0906  loss_bbox: 0.0523
2026/03/26 19:26:10 - mmengine - INFO - Epoch(train) [37][100/238]  lr: 2.0000e-02  eta: 2:25:09  time: 0.7068  data_time: 0.0024  memory: 18575  loss: 0.0769  loss_rpn_cls: 0.0009  loss_rpn_bbox: 0.0046  loss_cls: 0.0188  acc: 99.1577  loss_bbox: 0.0526
2026/03/26 19:26:45 - mmengine - INFO - Epoch(train) [37][150/238]  lr: 2.0000e-02  eta: 2:24:19  time: 0.6948  data_time: 0.0022  memory: 18575  loss: 0.0754  loss_rpn_cls: 0.0008  loss_rpn_bbox: 0.0045  loss_cls: 0.0186  acc: 99.2798  loss_bbox: 0.0516
2026/03/26 19:27:20 - mmengine - INFO - Epoch(train) [37][200/238]  lr: 2.0000e-02  eta: 2:23:29  time: 0.7021  data_time: 0.0021  memory: 18575  loss: 0.0776  loss_rpn_cls: 0.0009  loss_rpn_bbox: 0.0046  loss_cls: 0.0196  acc: 99.2371  loss_bbox: 0.0525
2026/03/26 19:27:45 - mmengine - INFO - Exp name: faster_rcnn_r50_fpn_uatd_80e_pretrained_20260326_171936
