1724157091569867200,1,408.00,420.36,384.09,138.28,1,2,1.000000
1724157091646577400,1,410.52,422.69,384.63,135.22,1,2,1.000000
1724157091698080500,1,408.69,429.72,393.23,129.29,1,2,1.000000
1724157091754469100,1,411.74,431.04,389.84,127.05,1,2,1.000000
1724157091831546100,1,410.71,429.82,384.38,127.90,1,2,1.000000
1724157091885334800,1,410.32,439.13,344.56,118.12,1,2,1.000000
1724157091954052700,1,410.41,437.79,344.38,118.99,1,2,1.000000
1724157092018087900,1,411.50,420.31,412.12,136.01,1,2,1.000000
1724157092144854200,1,416.39,418.83,412.76,132.89,1,2,1.000000
1724157092212814600,1,410.74,420.56,419.09,131.00,1,2,1.000000
1724157092267182400,1,407.33,418.07,377.35,136.18,1,2,1.000000
1724157092335195200,1,399.34,394.05,548.87,158.07,1,2,1.000000
1724157092406787600,1,405.26,426.16,360.20,123.85,1,2,1.000000
1724157092457234000,1,403.65,428.22,358.95,122.25,1,2,1.000000
1724157092525289100,1,403.71,426.17,372.30,122.44,1,2,1.000000
1724157092593762500,1,407.86,435.05,381.72,116.05,1,2,1.000000
1724157092650238100,1,403.14,439.96,367.44,107.89,1,2,1.000000
1724157092717152600,1,400.52,435.26,399.17,115.28,1,2,1.000000
1724157092780387600,1,402.16,432.78,406.71,117.73,1,2,1.000000
1724157092841059200,1,402.26,435.45,394.58,111.07,1,2,1.000000
1724157092906817800,1,402.79,442.01,324.25,108.04,1,2,1.000000
1724157092980269200,1,402.49,431.41,426.45,120.62,1,2,1.000000
1724157093040210000,1,402.39,430.71,397.82,117.00,1,2,1.000000
1724157093106266400,1,400.74,438.50,348.87,109.66,1,2,1.000000
1724157093161862300,1,402.15,425.09,354.28,123.53,1,2,1.000000
1724157093230583700,1,401.35,425.59,347.96,120.77,1,2,1.000000
1724157093295020300,1,404.39,426.21,359.54,119.00,1,2,1.000000
1724157093354778100,1,402.54,425.64,361.88,122.24,1,2,1.000000
1724157093423379500,1,400.44,422.05,366.12,123.88,1,2,1.000000
1724157093499363500,1,402.63,421.73,343.48,124.41,1,2,1.000000
1724157093546871600,1,401.17,427.96,350.68,117.24,1,2,1.000000
1724157093631410600,1,401.12,436.19,349.47,110.82,1,2,1.000000
1724157093684964500,1,400.99,438.85,344.56,108.49,1,2,1.000000
1724157093745021900,1,391.94,404.19,551.59,142.09,1,2,1.000000
1724157093802020300,1,396.17,431.71,410.54,111.97,1,2,1.000000
1724157093867725200,1,396.45,427.52,445.43,114.77,1,2,1.000000
1724157093932236500,1,397.37,435.68,418.29,107.97,1,2,1.000000
1724157093996148300,1,400.51,441.22,405.56,98.08,1,2,1.000000
1724157094059749000,1,388.30,443.97,470.41,92.96,1,2,1.000000
1724157094130630100,1,383.80,441.66,461.44,92.84,1,2,1.000000
1724157094195817700,1,379.03,449.97,443.27,85.97,1,2,1.000000
1724157094251893100,1,371.84,444.56,464.38,94.24,1,2,1.000000
1724157094316012600,1,386.93,451.15,409.21,84.20,1,2,1.000000
1724157094379064200,1,376.11,445.34,444.79,101.54,1,2,1.000000
1724157094445616800,1,362.54,440.25,457.16,104.21,1,2,1.000000
1724157094520291200,1,341.76,441.64,477.40,104.64,1,2,1.000000
1724157094579352800,1,353.70,443.88,466.28,98.60,1,2,1.000000
1724157094646281100,1,331.61,438.90,488.42,102.99,1,2,1.000000
1724157094700041900,1,355.80,438.69,461.80,102.52,1,2,1.000000
1724157094761975200,1,320.51,429.98,494.17,118.52,1,2,1.000000
1724157094835655900,1,316.12,425.45,498.82,124.04,1,2,1.000000
1724157094894368600,1,302.32,419.78,499.94,136.35,1,2,1.000000
1724157094965850600,1,300.93,406.96,509.27,150.39,1,2,1.000000
1724157095017930200,1,302.16,409.76,509.09,147.96,1,2,1.000000
1724157095101394900,1,315.20,410.09,496.36,142.80,1,2,1.000000
1724157095153437700,1,308.92,408.43,502.55,143.91,1,2,1.000000
1724157095210199800,1,332.07,409.92,468.65,145.35,1,2,1.000000
1724157095280081600,1,330.96,409.71,473.04,143.90,1,2,1.000000
1724157095341067600,1,338.55,409.81,457.54,143.31,1,2,1.000000
1724157095418746400,1,332.30,403.64,463.61,151.13,1,2,1.000000
1724157095467732200,1,332.55,398.16,464.81,156.59,1,2,1.000000
1724157095540701100,1,326.06,397.28,478.62,155.54,1,2,1.000000
1724157095614131900,1,279.93,389.20,522.10,170.24,1,2,1.000000
1724157095677764500,1,264.19,386.19,542.22,177.00,1,2,1.000000
1724157095727799300,1,320.87,397.93,481.45,156.74,1,2,1.000000
1724157095795963400,1,327.82,400.80,477.86,151.82,1,2,1.000000
1724157095855257100,1,329.52,403.64,477.04,148.18,1,2,1.000000
1724157095913671200,1,331.29,404.46,478.04,148.99,1,2,1.000000
1724157095982911100,1,344.06,411.37,457.54,140.17,1,2,1.000000
1724157096049960000,1,370.36,411.03,442.86,140.37,1,2,1.000000
1724157096160790800,1,348.58,410.01,467.99,138.13,1,2,1.000000
1724157096215159800,1,357.81,411.80,456.88,139.40,1,2,1.000000
1724157096266360300,1,371.74,425.26,445.70,121.91,1,2,1.000000
1724157096326954000,1,366.69,425.63,445.21,122.24,1,2,1.000000
1724157096374673700,1,366.73,425.83,453.28,116.41,1,2,1.000000
1724157096427510900,1,364.61,428.75,450.39,117.72,1,2,1.000000
1724157096628982000,1,361.04,431.80,455.56,113.90,1,2,1.000000
1724157096644722200,1,360.13,428.92,457.75,115.94,1,2,1.000000
1724157096702798300,1,344.69,428.88,473.76,116.26,1,2,1.000000
1724157096749392400,1,294.85,413.22,518.37,134.23,1,2,1.000000
1724157096813193100,1,296.81,415.04,510.34,136.93,1,2,1.000000
1724157096846895100,1,373.28,437.31,436.52,110.37,1,2,1.000000
1724157096894267400,1,369.00,436.11,437.92,113.07,1,2,1.000000
1724157096945302000,1,296.51,426.46,513.31,126.11,1,2,1.000000
1724157097010329500,1,355.54,440.45,454.26,112.12,1,2,1.000000
1724157097070846500,1,294.79,425.80,513.25,129.78,1,2,1.000000
1724157097136649600,1,299.16,425.27,507.49,134.39,1,2,1.000000
1724157097203574800,1,298.08,431.36,506.87,128.19,1,2,1.000000
1724157097265544100,1,298.88,432.40,503.05,127.77,1,2,1.000000
1724157097322830300,1,333.14,443.76,463.45,115.49,1,2,1.000000
1724157097397317300,1,330.02,447.53,469.23,110.27,1,2,1.000000
1724157097454933300,1,326.20,448.92,466.62,109.81,1,2,1.000000
1724157097514069800,1,339.31,455.94,449.88,105.78,1,2,1.000000
1724157097582529100,1,314.26,451.92,475.25,110.44,1,2,1.000000
1724157097645457300,1,326.22,457.02,466.90,105.56,1,2,1.000000
1724157097712982600,1,346.54,462.48,444.36,100.24,1,2,1.000000
1724157097774693900,1,340.17,462.90,451.71,102.68,1,2,1.000000
1724157097836584300,1,335.66,464.01,449.21,101.53,1,2,1.000000
1724157097902946800,1,343.47,467.13,446.91,100.29,1,2,1.000000
1724157097974624700,1,332.90,464.73,456.83,101.20,1,2,1.000000
1724157098037126200,1,350.02,471.43,435.90,95.02,1,2,1.000000
1724157098101852100,1,353.95,472.79,429.78,95.74,1,2,1.000000
1724157098158796400,1,349.04,475.34,433.58,92.29,1,2,1.000000
1724157098217875800,1,335.87,471.74,447.22,100.30,1,2,1.000000
1724157098284002400,1,344.92,476.98,436.23,94.12,1,2,1.000000
1724157098349200800,1,392.11,481.29,390.42,89.31,1,2,1.000000
1724157098414858200,1,377.10,478.56,402.32,93.62,1,2,1.000000
1724157098477511300,1,355.40,479.64,424.52,92.55,1,2,1.000000
1724157098549622000,1,373.30,480.13,407.32,93.45,1,2,1.000000
1724157098615042400,1,411.75,485.14,362.12,85.11,1,2,1.000000
1724157098667257300,1,355.55,479.92,417.17,96.34,1,2,1.000000
1724157098734623700,1,347.80,478.75,422.07,97.65,1,2,1.000000
1724157098804688500,1,350.68,478.96,421.20,96.11,1,2,1.000000
1724157098878034700,1,413.65,485.70,359.65,87.74,1,2,1.000000
1724157098926593700,1,417.99,485.02,357.02,88.11,1,2,1.000000
1724157098987664500,1,357.36,479.52,422.79,96.57,1,2,1.000000
1724157099057875500,1,355.36,479.32,424.13,97.67,1,2,1.000000
1724157099118229500,1,355.68,479.32,424.65,98.47,1,2,1.000000
1724157099185205000,1,363.37,480.55,415.03,97.62,1,2,1.000000
1724157099246366300,1,362.62,482.15,416.27,94.83,1,2,1.000000
1724157099310639700,1,362.67,481.59,415.46,95.48,1,2,1.000000
1724157099377806400,1,362.30,483.25,414.00,93.89,1,2,1.000000
1724157099437372800,1,362.85,484.05,410.29,94.13,1,2,1.000000
1724157099503720700,1,382.44,483.69,381.33,93.50,1,2,1.000000
1724157099562573400,1,363.89,483.56,410.29,95.90,1,2,1.000000
1724157099626982500,1,365.85,483.72,408.45,95.12,1,2,1.000000
1724157099692898700,1,400.00,485.41,373.45,90.02,1,2,1.000000
1724157099761131100,1,367.78,483.27,407.94,94.54,1,2,1.000000
1724157099826190400,1,373.80,484.47,402.76,92.91,1,2,1.000000
1724157099891431400,1,386.84,485.25,388.26,91.20,1,2,1.000000
1724157100085423200,1,362.48,483.80,413.08,94.09,1,2,1.000000
1724157100098029800,1,363.64,476.44,412.96,100.85,1,2,1.000000
1724157100161843100,1,366.28,481.62,410.25,94.44,1,2,1.000000
1724157100205168700,1,368.35,479.50,410.37,99.15,1,2,1.000000
1724157100251532500,1,371.81,480.18,409.02,95.40,1,2,1.000000
1724157100312841700,1,402.01,481.97,375.45,93.34,1,2,1.000000
1724157100406611900,1,389.30,483.73,390.59,91.05,1,2,1.000000
1724157100464360000,1,407.93,485.57,373.19,88.72,1,2,1.000000
1724157100534104800,1,379.69,483.59,404.52,90.65,1,2,1.000000
1724157100594321200,1,371.14,482.87,410.20,92.96,1,2,1.000000
1724157100653865100,1,369.07,485.37,406.23,92.40,1,2,1.000000
1724157100716713500,1,379.05,486.24,403.83,90.46,1,2,1.000000
1724157100790132500,1,372.82,483.12,404.09,93.73,1,2,1.000000
1724157100852404400,1,424.92,490.16,343.34,85.10,1,2,1.000000
1724157100924584300,1,372.39,488.30,400.48,88.72,1,2,1.000000
1724157100990194300,1,368.57,487.17,415.23,90.77,1,2,1.000000
1724157101044213100,1,386.54,488.96,398.06,85.42,1,2,1.000000
1724157101098100500,1,391.84,487.27,392.23,87.36,1,2,1.000000
1724157101164961900,1,386.19,488.62,394.59,86.21,1,2,1.000000
1724157101241569500,1,369.67,485.22,408.30,90.66,1,2,1.000000
1724157101303011300,1,368.80,485.94,408.12,89.78,1,2,1.000000
1724157101367163600,1,367.02,486.36,415.05,87.98,1,2,1.000000
1724157101492320900,1,375.55,486.79,408.89,85.94,1,2,1.000000
1724157101558728600,1,369.63,484.76,407.41,90.15,1,2,1.000000
1724157101681729400,1,372.42,485.75,403.56,90.99,1,2,1.000000
1724157101805760500,1,386.25,486.55,397.08,86.12,1,2,1.000000
1724157101875095700,1,382.97,487.32,402.18,85.52,1,2,1.000000
1724157101943003100,1,368.06,485.81,414.39,86.93,1,2,1.000000
1724157101995601100,1,390.08,487.74,397.35,81.41,1,2,1.000000
1724157102078662300,1,376.96,485.73,406.06,82.83,1,2,1.000000
1724157102127113800,1,377.47,485.43,413.51,84.97,1,2,1.000000
1724157102196267600,1,372.72,483.43,423.05,83.72,1,2,1.000000
1724157102250454300,1,388.65,485.63,405.07,80.90,1,2,1.000000
1724157102321537400,1,372.20,482.84,424.02,83.58,1,2,1.000000
1724157102387549800,1,379.77,483.50,409.65,82.15,1,2,1.000000
1724157102516468500,1,373.27,482.02,410.37,84.07,1,2,1.000000
1724157102560358000,1,385.76,483.48,411.95,82.68,1,2,1.000000
1724157102619677100,1,400.65,482.70,382.10,83.47,1,2,1.000000
1724157102667245900,1,366.85,481.05,431.15,83.65,1,2,1.000000
1724157102727994100,1,375.01,480.70,423.30,84.68,1,2,1.000000
1724157102775864700,1,391.36,482.39,394.32,80.35,1,2,1.000000
1724157102833236100,1,366.26,480.12,422.07,86.89,1,2,1.000000
1724157102890518100,1,365.72,479.66,425.15,82.91,1,2,1.000000
1724157103025605500,1,388.54,480.67,406.25,83.85,1,2,1.000000
1724157103084932200,1,364.90,480.94,430.60,81.28,1,2,1.000000
1724157103145882200,1,386.95,483.42,410.50,76.94,1,2,1.000000
1724157103238186000,1,388.98,481.32,410.56,78.99,1,2,1.000000
1724157103275223900,1,390.58,482.27,409.56,78.39,1,2,1.000000
1724157103338101100,1,396.63,482.20,404.84,78.37,1,2,1.000000
1724157103406572600,1,386.49,482.26,413.88,77.32,1,2,1.000000
1724157103483829300,1,359.56,477.64,445.98,83.70,1,2,1.000000
1724157103530000900,1,355.19,476.61,433.41,88.43,1,2,1.000000
1724157103597750700,1,356.15,478.34,448.73,80.74,1,2,1.000000
1724157103658497100,1,356.61,475.69,448.37,85.13,1,2,1.000000
1724157103726749200,1,356.95,474.02,427.49,89.28,1,2,1.000000
1724157103786095000,1,360.49,474.68,447.68,84.45,1,2,1.000000
1724157103863275800,1,359.06,474.16,447.20,84.62,1,2,1.000000
1724157103920379800,1,360.46,476.67,427.60,84.24,1,2,1.000000
1724157103986305400,1,366.99,479.32,437.02,81.90,1,2,1.000000
1724157104042047600,1,365.89,477.84,445.17,82.06,1,2,1.000000
1724157104117374800,1,361.19,478.69,450.53,81.21,1,2,1.000000
1724157104180620300,1,363.19,479.57,444.40,79.38,1,2,1.000000
1724157104241193200,1,365.63,482.35,441.93,73.78,1,2,1.000000
1724157104306932300,1,365.73,473.85,442.14,86.10,1,2,1.000000
1724157104361572100,1,367.70,470.65,437.35,88.70,1,2,1.000000
1724157104434217700,1,366.50,474.31,435.33,85.58,1,2,1.000000
1724157104492784200,1,369.12,472.77,440.97,87.40,1,2,1.000000
1724157104555565200,1,369.40,473.02,434.90,87.96,1,2,1.000000
1724157104651940500,1,372.84,469.71,415.52,91.99,1,2,1.000000
1724157104685032000,1,373.42,474.14,417.51,85.80,1,2,1.000000
1724157104746576500,1,372.98,471.02,415.30,91.73,1,2,1.000000
1724157104813697500,1,378.73,478.61,409.41,84.20,1,2,1.000000
1724157104887895800,1,377.18,477.03,411.32,84.78,1,2,1.000000
1724157104949828900,1,386.91,479.32,401.25,81.97,1,2,1.000000
1724157105007232000,1,389.50,473.78,395.59,87.76,1,2,1.000000
1724157105073174800,1,387.57,476.91,404.14,83.02,1,2,1.000000
1724157105141270600,1,369.20,482.50,417.40,79.64,1,2,1.000000
1724157105199509500,1,386.68,481.63,398.37,85.21,1,2,1.000000
1724157105289059000,1,375.61,479.77,410.39,80.77,1,2,1.000000
1724157105331021300,1,388.34,472.97,395.85,91.23,1,2,1.000000
1724157105411118900,1,391.69,478.86,397.53,83.37,1,2,1.000000
1724157105516622000,1,386.16,475.31,407.44,89.23,1,2,1.000000
1724157105577655900,1,396.18,480.08,387.63,86.20,1,2,1.000000
1724157105638229200,1,388.70,485.60,398.55,77.88,1,2,1.000000
1724157105726750500,1,379.78,486.25,411.26,75.36,1,2,1.000000
1724157105759828100,1,391.30,486.41,408.25,75.73,1,2,1.000000
1724157105812025500,1,396.87,489.28,392.90,73.20,1,2,1.000000
1724157105864081800,1,394.63,484.19,399.44,79.32,1,2,1.000000
1724157105925406700,1,393.47,485.03,390.97,79.89,1,2,1.000000
1724157105989795700,1,394.33,487.78,395.52,76.46,1,2,1.000000
1724157106055089000,1,393.94,486.71,395.35,80.46,1,2,1.000000
1724157106102125200,1,397.63,488.60,376.52,74.11,1,2,1.000000
1724157106154039900,1,396.55,488.87,390.30,76.42,1,2,1.000000
1724157106222037900,1,396.76,487.92,384.39,77.98,1,2,1.000000
1724157106283673400,1,397.90,487.68,388.01,77.17,1,2,1.000000
1724157106347721600,1,397.75,487.31,389.87,81.46,1,2,1.000000
1724157106420304600,1,395.33,490.89,383.61,77.74,1,2,1.000000
1724157106481950300,1,394.20,492.34,386.60,76.79,1,2,1.000000
1724157106541814000,1,395.71,496.96,386.85,72.34,1,2,1.000000
1724157106606258600,1,402.77,497.90,379.79,69.56,1,2,1.000000
1724157106679785900,1,404.33,500.72,377.76,67.21,1,2,1.000000
1724157106736270200,1,407.03,503.09,374.51,64.24,1,2,1.000000
1724157106794671600,1,407.34,505.11,373.87,63.43,1,2,1.000000
1724157106863101200,1,413.33,505.32,364.88,66.19,1,2,1.000000
1724157106935026000,1,414.55,504.15,369.15,67.45,1,2,1.000000
1724157106990176100,1,409.16,509.06,370.35,61.19,1,2,1.000000
1724157107054307500,1,420.47,507.24,360.10,62.33,1,2,1.000000
1724157107115860800,1,447.08,505.83,333.83,67.12,1,2,1.000000
1724157107183064200,1,419.84,509.15,362.41,61.67,1,2,1.000000
1724157107242532500,1,416.67,506.25,364.81,66.29,1,2,1.000000
1724157107316887500,1,415.67,514.55,362.41,56.07,1,2,1.000000
1724157107389654800,1,414.55,510.77,368.31,60.50,1,2,1.000000
1724157107440395100,1,419.25,509.06,361.16,66.89,1,2,1.000000
1724157107522526000,1,419.36,513.81,357.81,61.86,1,2,1.000000
1724157107571510800,1,423.38,515.19,358.34,57.69,1,2,1.000000
1724157107648420500,1,424.83,513.30,356.79,59.89,1,2,1.000000
1724157107825736200,1,423.30,515.65,359.63,57.57,1,2,1.000000
1724157107843222600,1,424.88,516.17,361.65,57.83,1,2,1.000000
1724157107888325000,1,422.74,516.42,362.95,57.15,1,2,1.000000
1724157107953749700,1,427.45,518.90,363.83,54.36,1,2,1.000000
1724157108004361200,1,426.31,518.88,365.92,55.56,1,2,1.000000
1724157108040638400,1,429.25,517.74,364.13,54.55,1,2,1.000000
1724157108106209800,1,429.29,518.41,366.61,55.58,1,2,1.000000
1724157108149106200,1,427.37,521.56,367.43,53.34,1,2,1.000000
1724157108203912800,1,431.58,516.29,357.98,58.41,1,2,1.000000
1724157108271149000,1,433.38,519.43,349.01,55.35,1,2,1.000000
1724157108334847800,1,430.78,521.69,350.83,54.27,1,2,1.000000
1724157108395498100,1,429.17,522.00,357.54,53.92,1,2,1.000000
1724157108460103200,1,434.87,521.35,353.63,55.31,1,2,1.000000
1724157108523717900,1,433.15,518.85,357.03,58.52,1,2,1.000000
1724157108589677500,1,434.94,523.45,357.97,53.44,1,2,1.000000
1724157108654162400,1,434.62,521.07,359.06,56.64,1,2,1.000000
1724157108715465700,1,434.11,520.35,351.74,57.43,1,2,1.000000
1724157108789288400,1,436.05,521.14,352.53,57.06,1,2,1.000000
1724157108850009000,1,435.60,518.12,362.58,60.44,1,2,1.000000
1724157108908723600,1,437.02,520.87,356.31,57.46,1,2,1.000000
1724157108977153000,1,436.65,522.70,361.71,56.53,1,2,1.000000
1724157109043497600,1,434.66,519.65,361.00,59.92,1,2,1.000000
1724157109102124100,1,435.48,519.73,355.34,60.17,1,2,1.000000
1724157109178101500,1,437.41,523.22,354.53,56.64,1,2,1.000000
1724157109226215600,1,439.69,521.16,353.90,58.67,1,2,1.000000
1724157109296092600,1,439.53,520.61,350.99,60.32,1,2,1.000000
1724157109357970600,1,442.31,522.15,350.60,58.19,1,2,1.000000
1724157109420014900,1,445.79,522.31,347.50,59.32,1,2,1.000000
1724157109491424400,1,440.42,525.19,353.58,56.71,1,2,1.000000
1724157109560839800,1,440.00,526.57,339.00,56.53,1,2,1.000000
1724157109613677200,1,444.65,526.80,332.42,57.69,1,2,1.000000
1724157109677239600,1,446.20,529.06,305.49,54.88,1,2,1.000000
1724157109744240200,1,445.15,528.75,330.18,55.56,1,2,1.000000
1724157109805918200,1,444.09,529.73,330.31,55.48,1,2,1.000000
1724157109869468600,1,440.00,529.53,332.27,56.26,1,2,1.000000
1724157109933706400,1,443.80,529.41,329.01,56.83,1,2,1.000000
1724157110000298400,1,446.42,530.64,315.06,54.36,1,2,1.000000
1724157110061558200,1,431.45,525.83,341.16,59.26,1,2,1.000000
1724157110123505800,1,433.38,527.78,330.02,58.41,1,2,1.000000
1724157110186713200,1,446.83,527.18,330.55,59.17,1,2,1.000000
1724157110250667900,1,442.23,528.29,320.23,58.89,1,2,1.000000
1724157110317352200,1,432.67,528.27,326.94,59.17,1,2,1.000000
1724157110384612600,1,432.87,529.16,334.89,57.37,1,2,1.000000
1724157110444391200,1,436.51,531.28,329.64,55.71,1,2,1.000000
1724157110519822600,1,435.52,531.13,329.06,56.31,1,2,1.000000
1724157110574129000,1,439.54,530.24,326.86,57.72,1,2,1.000000
1724157110685823200,1,438.77,531.72,327.26,56.72,1,2,1.000000
1724157110739253800,1,439.30,530.92,330.05,56.81,1,2,1.000000
1724157110803405100,1,450.35,530.35,314.73,56.46,1,2,1.000000
1724157110837083600,1,445.62,531.75,310.13,54.74,1,2,1.000000
1724157110911969600,1,439.84,528.85,325.53,59.23,1,2,1.000000
1724157110959757700,1,439.22,529.53,324.87,58.58,1,2,1.000000
1724157111037622000,1,444.30,529.80,319.68,57.86,1,2,1.000000
1724157111088937700,1,442.14,531.24,325.43,55.37,1,2,1.000000
1724157111155440600,1,440.40,531.75,331.76,54.84,1,2,1.000000
1724157111219081800,1,442.81,531.41,313.73,55.32,1,2,1.000000
1724157111301193300,1,444.98,529.55,321.37,57.16,1,2,1.000000
1724157111353073100,1,451.76,529.09,317.07,56.20,1,2,1.000000
1724157111402487400,1,440.83,529.00,308.85,58.43,1,2,1.000000
1724157111471892600,1,445.60,527.87,327.19,58.44,1,2,1.000000
1724157111529047300,1,441.24,528.31,336.61,58.18,1,2,1.000000
1724157111601649200,1,443.97,528.30,325.71,58.83,1,2,1.000000
1724157111662197000,1,443.25,527.88,329.21,59.89,1,2,1.000000
1724157111723462300,1,443.42,527.91,338.12,59.49,1,2,1.000000
1724157111799423100,1,450.21,530.55,321.02,55.98,1,2,1.000000
1724157111856409500,1,444.72,530.67,323.24,55.16,1,2,1.000000
1724157111917263700,1,446.45,527.81,323.40,58.48,1,2,1.000000
1724157111981797600,1,445.60,531.46,309.00,54.07,1,2,1.000000
1724157112045412500,1,446.01,528.73,328.31,57.96,1,2,1.000000
1724157112116870600,1,436.04,529.78,345.68,56.44,1,2,1.000000
1724157112195272200,1,438.20,530.54,348.55,55.72,1,2,1.000000
1724157112235750700,1,440.64,529.94,327.86,56.41,1,2,1.000000
1724157112313540100,1,431.66,528.62,342.08,57.86,1,2,1.000000
1724157112373891100,1,432.58,527.47,347.01,59.31,1,2,1.000000
1724157112433332800,1,435.07,528.96,343.99,57.24,1,2,1.000000
1724157112493750000,1,436.80,527.32,337.83,58.28,1,2,1.000000
1724157112561791200,1,433.80,528.38,331.60,56.93,1,2,1.000000
1724157112619624700,1,437.02,529.35,321.99,55.29,1,2,1.000000
1724157112686259000,1,436.00,525.59,346.18,59.91,1,2,1.000000
1724157112751447800,1,431.54,526.97,349.74,57.66,1,2,1.000000
1724157112809980800,1,429.52,527.15,355.17,55.59,1,2,1.000000
1724157112875110100,1,431.98,526.78,358.07,55.40,1,2,1.000000
1724157112943279700,1,430.68,524.98,354.43,57.98,1,2,1.000000
1724157113003955300,1,432.92,524.34,345.68,61.06,1,2,1.000000
1724157113099415600,1,435.93,524.07,354.05,58.31,1,2,1.000000
1724157113143888900,1,430.67,524.13,360.69,57.50,1,2,1.000000
1724157113212150800,1,429.50,523.72,359.86,57.13,1,2,1.000000
1724157113259493200,1,431.10,524.13,350.04,57.86,1,2,1.000000
1724157113322640100,1,430.62,524.96,349.73,57.33,1,2,1.000000
1724157113388837500,1,425.57,523.78,355.82,58.22,1,2,1.000000
1724157113455110800,1,425.92,523.40,356.48,57.74,1,2,1.000000
1724157113516661600,1,427.49,524.43,354.72,56.72,1,2,1.000000
1724157113593705700,1,424.35,522.78,362.42,57.97,1,2,1.000000
1724157113684018400,1,428.42,522.26,357.00,57.96,1,2,1.000000
1724157113742606100,1,431.02,523.73,346.69,55.59,1,2,1.000000
1724157113794399300,1,431.54,524.67,343.85,54.02,1,2,1.000000
1724157113845454900,1,428.49,524.49,346.25,54.44,1,2,1.000000
1724157113964103100,1,435.19,523.23,349.77,54.84,1,2,1.000000
1724157114027899100,1,433.66,521.70,353.18,57.14,1,2,1.000000
1724157114094071600,1,430.61,522.22,353.47,54.71,1,2,1.000000
1724157114160755000,1,428.44,522.27,350.03,55.10,1,2,1.000000
1724157114224005400,1,437.66,520.75,343.92,56.25,1,2,1.000000
1724157114286395900,1,443.51,521.07,347.08,54.69,1,2,1.000000
1724157114351824200,1,427.98,521.13,358.76,55.12,1,2,1.000000
1724157114417450500,1,427.46,521.50,359.52,54.09,1,2,1.000000
1724157114481439400,1,436.74,520.90,351.82,54.08,1,2,1.000000
1724157114550185900,1,432.78,520.28,364.24,55.49,1,2,1.000000
1724157114616944100,1,433.35,520.80,368.87,55.27,1,2,1.000000
1724157114681591500,1,434.65,518.08,365.59,56.99,1,2,1.000000
1724157114731174600,1,434.71,518.88,357.59,55.73,1,2,1.000000
1724157114801552300,1,436.44,518.47,343.81,55.93,1,2,1.000000
1724157114858095800,1,436.46,515.65,364.18,58.53,1,2,1.000000
1724157114922172600,1,433.69,518.10,367.72,55.58,1,2,1.000000
1724157114988988200,1,434.53,514.13,366.03,59.76,1,2,1.000000
1724157115051735800,1,439.42,512.67,357.91,61.47,1,2,1.000000
1724157115117093200,1,437.70,513.55,359.61,59.84,1,2,1.000000
1724157115185985200,1,437.44,513.42,362.85,60.74,1,2,1.000000
1724157115241997500,1,443.57,515.00,352.50,58.57,1,2,1.000000
1724157115319412100,1,439.32,510.07,357.50,64.87,1,2,1.000000
1724157115380599200,1,437.34,511.09,364.42,63.37,1,2,1.000000
1724157115444195800,1,442.38,513.77,365.68,64.48,1,2,1.000000
1724157115504720200,1,439.86,514.38,369.03,61.90,1,2,1.000000
1724157115562536600,1,436.96,512.31,375.56,65.83,1,2,1.000000
1724157115632965500,1,441.15,506.06,371.03,71.73,1,2,1.000000
1724157115694044300,1,440.51,511.62,367.55,64.85,1,2,1.000000
1724157115766027400,1,437.93,511.66,372.02,65.58,1,2,1.000000
1724157115825833700,1,438.90,508.12,370.67,70.59,1,2,1.000000
1724157115882542300,1,442.97,505.44,366.63,74.57,1,2,1.000000
1724157115965233300,1,440.46,503.94,368.12,75.79,1,2,1.000000
1724157116017625100,1,443.92,505.40,364.36,72.05,1,2,1.000000
1724157116086488300,1,437.74,516.13,366.59,58.52,1,2,1.000000
1724157116138632200,1,437.22,518.32,355.16,56.08,1,2,1.000000
1724157116206171500,1,435.81,508.16,367.34,68.67,1,2,1.000000
1724157116270372100,1,437.66,515.97,365.55,60.00,1,2,1.000000
1724157116333415900,1,441.26,516.32,352.45,58.00,1,2,1.000000
1724157116399589900,1,431.11,513.66,368.24,60.83,1,2,1.000000
1724157116461598200,1,430.69,511.92,370.60,63.03,1,2,1.000000
1724157116525592000,1,430.30,515.79,369.76,59.08,1,2,1.000000
1724157116598979800,1,431.41,515.25,367.04,60.84,1,2,1.000000
1724157116654695700,1,435.86,514.86,367.05,61.44,1,2,1.000000
1724157116724888400,1,435.52,513.48,369.52,62.67,1,2,1.000000
1724157116784654100,1,435.35,510.87,370.11,66.01,1,2,1.000000
1724157116850581200,1,432.42,510.48,374.10,64.74,1,2,1.000000
1724157116918162600,1,431.39,512.23,374.64,61.74,1,2,1.000000
1724157116975262500,1,431.44,512.92,374.74,60.20,1,2,1.000000
1724157117039210300,1,432.52,511.53,376.10,60.99,1,2,1.000000
1724157117106537200,1,432.59,510.52,374.08,62.72,1,2,1.000000
1724157117169817300,1,445.78,513.08,357.20,58.99,1,2,1.000000
1724157117228921100,1,444.52,508.99,371.73,64.16,1,2,1.000000
1724157117307356200,1,429.16,507.94,388.20,65.52,1,2,1.000000
1724157117357964800,1,427.75,507.04,389.89,65.98,1,2,1.000000
1724157117425617100,1,429.84,511.71,379.85,60.79,1,2,1.000000
1724157117485058000,1,431.06,511.22,380.18,60.78,1,2,1.000000
1724157117549180800,1,423.92,512.14,376.63,60.97,1,2,1.000000
1724157117617108900,1,430.74,511.82,383.04,61.06,1,2,1.000000
1724157117681005200,1,429.24,510.35,356.87,63.38,1,2,1.000000
1724157117739080500,1,425.05,509.16,363.78,63.64,1,2,1.000000
1724157117809083400,1,437.62,510.79,342.94,62.48,1,2,1.000000
1724157117869064800,1,436.68,508.26,377.99,63.83,1,2,1.000000
1724157117933215200,1,433.04,507.23,379.74,64.94,1,2,1.000000
1724157117998693100,1,433.22,508.97,367.22,62.93,1,2,1.000000
1724157118079336100,1,431.53,509.11,369.98,62.53,1,2,1.000000
1724157118126728000,1,436.27,509.85,359.29,61.12,1,2,1.000000
1724157118246094200,1,435.99,508.50,363.31,62.28,1,2,1.000000
1724157118317513100,1,427.10,508.23,369.94,62.92,1,2,1.000000
1724157118374687300,1,425.46,507.17,371.29,64.11,1,2,1.000000
1724157118441545200,1,425.29,506.17,377.72,65.45,1,2,1.000000
1724157118497109900,1,423.72,507.89,381.19,64.33,1,2,1.000000
1724157118515092200,1,435.32,506.71,363.53,65.11,1,2,1.000000
1724157118583954500,1,432.40,506.77,361.44,64.56,1,2,1.000000
1724157118642869700,1,413.49,507.02,367.74,64.13,1,2,1.000000
1724157118699170900,1,428.45,505.43,361.64,65.33,1,2,1.000000
1724157118767191200,1,428.50,505.19,372.22,66.12,1,2,1.000000
1724157118894729500,1,426.53,505.34,385.20,64.47,1,2,1.000000
1724157118971887600,1,426.39,504.54,368.05,66.09,1,2,1.000000
1724157119019374100,1,423.80,504.94,373.53,65.12,1,2,1.000000
1724157119093962000,1,423.70,504.86,377.23,66.33,1,2,1.000000
1724157119145352100,1,423.49,506.02,381.32,65.92,1,2,1.000000
1724157119196387500,1,421.95,506.82,346.45,66.01,1,2,1.000000
1724157119258487400,1,422.85,505.32,376.75,65.96,1,2,1.000000
1724157119312619900,1,422.88,503.21,376.93,67.40,1,2,1.000000
1724157119360480300,1,425.70,503.43,368.64,67.42,1,2,1.000000
1724157119406090000,1,424.93,502.86,372.04,67.53,1,2,1.000000
1724157119467573200,1,426.09,503.56,382.05,66.12,1,2,1.000000
1724157119538860300,1,423.41,503.63,386.70,66.73,1,2,1.000000
1724157119596888500,1,421.69,501.01,395.91,68.64,1,2,1.000000
1724157119660770000,1,420.60,506.22,343.04,63.06,1,2,1.000000
1724157119722817400,1,420.02,505.95,345.57,62.88,1,2,1.000000
1724157119796043300,1,419.34,505.01,362.88,64.10,1,2,1.000000
1724157119855432400,1,421.13,501.55,380.76,68.05,1,2,1.000000
1724157119917606900,1,421.10,499.05,399.12,71.07,1,2,1.000000
1724157119981152100,1,421.38,502.03,386.50,67.35,1,2,1.000000
1724157120046614000,1,421.50,501.83,391.25,66.71,1,2,1.000000
1724157120116068500,1,423.59,504.10,355.26,64.46,1,2,1.000000
1724157120180363700,1,423.38,501.32,365.86,67.43,1,2,1.000000
1724157120235885700,1,415.24,501.07,375.03,67.60,1,2,1.000000
1724157120300757300,1,416.53,500.40,396.49,67.52,1,2,1.000000
1724157120364879100,1,418.84,499.70,393.34,68.42,1,2,1.000000
1724157120426993800,1,419.07,499.34,387.40,68.38,1,2,1.000000
1724157120490753900,1,414.21,498.98,383.14,69.13,1,2,1.000000
1724157120556451100,1,414.33,498.74,389.79,68.49,1,2,1.000000
1724157120621814900,1,414.89,497.86,401.61,70.05,1,2,1.000000
1724157120684234000,1,409.66,497.83,404.48,68.83,1,2,1.000000
1724157120751878500,1,410.70,497.47,413.97,69.81,1,2,1.000000
1724157120813056000,1,412.77,497.64,395.59,69.63,1,2,1.000000
1724157120878075000,1,412.84,497.01,387.79,69.26,1,2,1.000000
1724157120939508700,1,409.06,499.69,390.51,66.89,1,2,1.000000
1724157121026828500,1,405.33,499.86,395.76,67.28,1,2,1.000000
1724157121083851000,1,406.78,495.36,401.43,71.85,1,2,1.000000
1724157121130403100,1,398.15,495.90,410.57,69.62,1,2,1.000000
1724157121195429200,1,399.07,494.84,414.12,70.23,1,2,1.000000
1724157121259222500,1,402.56,495.08,412.01,69.82,1,2,1.000000
1724157121327367500,1,402.68,495.79,403.60,68.33,1,2,1.000000
1724157121390734000,1,404.30,490.79,404.77,73.57,1,2,1.000000
1724157121452910400,1,406.22,495.52,399.22,68.95,1,2,1.000000
1724157121525518500,1,408.99,494.89,408.34,68.53,1,2,1.000000
1724157121601485700,1,408.76,491.99,410.96,71.71,1,2,1.000000
1724157121649453400,1,406.85,491.15,405.51,72.18,1,2,1.000000
1724157121708504400,1,413.87,491.08,398.71,71.38,1,2,1.000000
1724157121774153500,1,415.13,493.20,398.97,68.57,1,2,1.000000
1724157121837582100,1,417.22,493.96,400.59,66.38,1,2,1.000000
1724157121897799600,1,410.57,493.20,406.63,67.66,1,2,1.000000
1724157121965152700,1,418.73,493.58,402.30,66.33,1,2,1.000000
1724157122029840100,1,421.26,490.87,396.15,70.08,1,2,1.000000
1724157122095897800,1,415.89,491.76,405.15,67.57,1,2,1.000000
1724157122160734100,1,409.84,490.94,411.26,68.22,1,2,1.000000
1724157122218735900,1,405.91,489.55,413.94,71.08,1,2,1.000000
1724157122288457000,1,409.44,487.39,414.42,72.53,1,2,1.000000
1724157122359291600,1,414.25,489.02,410.75,70.30,1,2,1.000000
1724157122475972700,1,410.37,489.22,416.96,70.06,1,2,1.000000
1724157122529736600,1,409.93,488.04,419.17,70.95,1,2,1.000000
1724157122580030900,1,413.42,489.74,414.53,69.42,1,2,1.000000
1724157122652652700,1,411.78,485.78,422.52,74.02,1,2,1.000000
1724157122715064400,1,420.40,486.85,416.24,71.22,1,2,1.000000
1724157122759466400,1,417.93,486.52,417.16,71.96,1,2,1.000000
1724157122812070900,1,410.17,488.71,405.42,69.93,1,2,1.000000
1724157122866896000,1,425.54,488.38,410.66,69.21,1,2,1.000000
1724157122926912200,1,412.42,486.49,422.69,71.23,1,2,1.000000
1724157122986917600,1,411.81,485.26,428.20,72.90,1,2,1.000000
1724157123070995800,1,419.26,484.74,420.55,75.00,1,2,1.000000
1724157123117274800,1,411.47,481.55,430.84,77.80,1,2,1.000000
1724157123180187700,1,412.37,478.15,428.66,81.69,1,2,1.000000
1724157123274830400,1,419.86,478.08,427.43,80.72,1,2,1.000000
1724157123312358600,1,410.60,477.15,432.78,80.70,1,2,1.000000
1724157123375781500,1,413.26,477.24,437.36,81.27,1,2,1.000000
1724157123444642400,1,422.62,482.19,407.83,78.96,1,2,1.000000
1724157123506773300,1,416.30,478.72,407.30,80.19,1,2,1.000000
1724157123565085900,1,414.87,481.50,410.53,78.79,1,2,1.000000
1724157123635361200,1,419.63,480.19,408.50,80.17,1,2,1.000000
1724157123704640700,1,429.28,478.93,402.46,75.11,1,2,1.000000
1724157123754069000,1,417.08,482.47,398.72,76.09,1,2,1.000000
1724157123817774200,1,418.57,476.85,400.54,82.11,1,2,1.000000
1724157123885667600,1,417.00,480.83,387.37,79.05,1,2,1.000000
1724157123949582100,1,426.98,480.40,364.47,77.70,1,2,1.000000
1724157124152120300,1,416.77,480.46,406.79,78.32,1,2,1.000000
1724157124176693600,1,420.63,482.17,384.52,78.09,1,2,1.000000
1724157124229840900,1,419.55,479.02,407.93,81.77,1,2,1.000000
1724157124275537300,1,423.29,476.70,411.87,84.21,1,2,1.000000
1724157124318160800,1,421.06,481.39,383.32,79.20,1,2,1.000000
1724157124380656600,1,417.51,483.70,416.33,76.41,1,2,1.000000
1724157124427859500,1,415.11,479.59,406.43,81.09,1,2,1.000000
1724157124470818300,1,421.89,483.17,414.85,76.43,1,2,1.000000
1724157124530091500,1,419.62,484.01,401.78,75.70,1,2,1.000000
1724157124593271000,1,418.09,479.77,389.53,80.79,1,2,1.000000
1724157124655096100,1,420.07,480.67,392.29,78.63,1,2,1.000000
1724157124720361500,1,420.75,485.93,407.73,74.02,1,2,1.000000
1724157124779545500,1,420.36,483.69,400.24,72.76,1,2,1.000000
1724157124851375700,1,419.31,483.21,404.39,74.94,1,2,1.000000
1724157124909154800,1,420.63,484.93,403.18,76.01,1,2,1.000000
1724157124970146000,1,421.20,481.42,409.14,79.43,1,2,1.000000
1724157125043316300,1,422.08,484.12,410.60,75.05,1,2,1.000000
1724157125102694900,1,420.61,486.70,414.38,72.84,1,2,1.000000
1724157125170411700,1,419.90,486.44,418.03,73.01,1,2,1.000000
1724157125233238900,1,418.71,487.21,413.00,70.92,1,2,1.000000
1724157125295729700,1,414.99,488.29,418.60,69.63,1,2,1.000000
1724157125358954300,1,419.44,486.97,414.63,73.47,1,2,1.000000
1724157125435358900,1,416.94,486.49,418.33,74.56,1,2,1.000000
1724157125486187300,1,415.48,485.21,419.35,76.25,1,2,1.000000
1724157125548171600,1,415.49,486.17,416.75,73.28,1,2,1.000000
1724157125613305500,1,413.92,486.84,416.42,74.03,1,2,1.000000
1724157125681502600,1,413.44,487.78,401.90,74.85,1,2,1.000000
1724157125742025100,1,415.36,490.10,370.38,72.16,1,2,1.000000
1724157125803890000,1,413.04,488.50,404.49,73.75,1,2,1.000000
1724157125869393600,1,411.56,489.16,390.48,72.39,1,2,1.000000
1724157125936910000,1,409.01,488.71,393.53,75.23,1,2,1.000000
1724157125998200100,1,406.62,487.97,400.31,74.51,1,2,1.000000
1724157126065215200,1,414.22,488.21,395.48,73.36,1,2,1.000000
1724157126137341400,1,416.65,489.95,379.28,73.03,1,2,1.000000
1724157126199806600,1,418.75,488.04,395.13,74.77,1,2,1.000000
1724157126259449300,1,410.77,487.19,395.50,74.86,1,2,1.000000
1724157126318027500,1,409.41,486.63,390.37,77.78,1,2,1.000000
1724157126444319000,1,416.55,484.81,391.25,79.11,1,2,1.000000
1724157126493461600,1,417.78,487.29,400.80,76.22,1,2,1.000000
1724157126539442300,1,413.66,485.65,397.60,76.72,1,2,1.000000
1724157126595186800,1,394.95,485.70,412.26,77.52,1,2,1.000000
1724157126662042000,1,411.65,484.48,393.94,79.39,1,2,1.000000
1724157126701421600,1,407.78,487.19,384.87,76.04,1,2,1.000000
1724157126762592500,1,410.70,484.35,399.15,80.25,1,2,1.000000
1724157126833586300,1,407.61,486.58,394.37,77.27,1,2,1.000000
1724157126901032500,1,397.67,487.70,397.33,76.23,1,2,1.000000
1724157127070335400,1,388.26,489.65,419.79,73.46,1,2,1.000000
1724157127130691500,1,390.64,490.56,399.98,72.43,1,2,1.000000
1724157127173504700,1,410.22,489.57,371.45,73.99,1,2,1.000000
1724157127240736900,1,424.83,487.87,374.52,74.86,1,2,1.000000
1724157127296923600,1,399.37,486.53,403.94,78.28,1,2,1.000000
1724157127340842800,1,397.35,486.18,410.73,79.00,1,2,1.000000
1724157127405557900,1,398.52,486.46,414.00,76.88,1,2,1.000000
1724157127466568900,1,401.83,487.73,394.87,77.11,1,2,1.000000
1724157127534528100,1,395.38,488.27,403.83,76.44,1,2,1.000000
1724157127598155600,1,394.04,486.69,410.48,78.07,1,2,1.000000
1724157127658993600,1,402.95,485.61,400.45,79.16,1,2,1.000000
1724157127725365500,1,402.95,488.81,375.84,71.58,1,2,1.000000
1724157127790530100,1,400.75,487.29,400.97,74.58,1,2,1.000000
1724157127852323600,1,409.95,486.91,387.74,76.11,1,2,1.000000
1724157127914979600,1,407.47,488.84,386.22,73.23,1,2,1.000000
1724157127979363100,1,399.81,491.05,400.62,70.60,1,2,1.000000
1724157128047949200,1,403.80,487.41,398.15,75.74,1,2,1.000000
1724157128109010900,1,399.33,485.81,405.03,76.95,1,2,1.000000
1724157128180575400,1,398.47,485.26,403.46,78.71,1,2,1.000000
1724157128241009000,1,409.84,486.80,387.51,74.15,1,2,1.000000
1724157128309106100,1,395.88,485.92,401.71,75.65,1,2,1.000000
1724157128362391100,1,397.25,487.90,407.92,75.63,1,2,1.000000
1724157128430958700,1,397.40,488.60,404.45,73.40,1,2,1.000000
1724157128494645900,1,396.04,485.29,404.58,79.92,1,2,1.000000
1724157128573122200,1,400.68,487.31,400.29,74.44,1,2,1.000000
1724157128620083200,1,399.52,484.10,403.84,76.11,1,2,1.000000
1724157128695463000,1,400.47,484.32,403.33,75.01,1,2,1.000000
1724157128760540700,1,399.07,483.87,409.15,77.31,1,2,1.000000
1724157128823538700,1,402.90,489.44,402.38,67.99,1,2,1.000000
1724157128882977700,1,400.49,486.52,407.48,69.78,1,2,1.000000
1724157128945380700,1,399.00,484.59,408.27,72.03,1,2,1.000000
1724157129005148400,1,400.00,487.16,410.63,69.11,1,2,1.000000
1724157129073797700,1,401.23,486.42,404.76,69.12,1,2,1.000000
1724157129133194100,1,400.02,485.44,409.98,71.18,1,2,1.000000
1724157129201882900,1,403.56,484.14,417.14,71.07,1,2,1.000000
1724157129260366600,1,407.23,485.31,416.12,70.53,1,2,1.000000
1724157129324267900,1,405.26,487.55,414.38,66.59,1,2,1.000000
1724157129393876800,1,405.47,487.22,415.96,66.57,1,2,1.000000
1724157129459993600,1,406.03,485.58,414.49,69.12,1,2,1.000000
1724157129520138100,1,400.30,485.94,418.05,70.64,1,2,1.000000
1724157129584651600,1,405.73,490.03,392.94,59.54,1,2,1.000000
1724157129653498900,1,404.33,490.63,370.88,58.26,1,2,1.000000
1724157129717896000,1,407.99,487.26,404.17,65.37,1,2,1.000000
1724157129773042000,1,407.19,484.30,414.75,69.79,1,2,1.000000
1724157129835564100,1,419.02,482.48,397.01,69.59,1,2,1.000000
1724157129914501900,1,408.86,485.10,414.63,67.01,1,2,1.000000
1724157129962744900,1,413.02,485.97,405.52,65.62,1,2,1.000000
1724157130031638900,1,409.90,488.30,411.52,64.27,1,2,1.000000
1724157130107410200,1,412.47,486.31,406.78,66.86,1,2,1.000000
1724157130156399700,1,411.97,487.14,392.71,66.66,1,2,1.000000
1724157130242722700,1,423.49,486.25,400.13,65.77,1,2,1.000000
1724157130284255200,1,416.60,482.22,411.74,71.41,1,2,1.000000
1724157130350280700,1,415.50,483.29,416.10,69.31,1,2,1.000000
1724157130415549000,1,411.65,485.27,418.16,68.14,1,2,1.000000
1724157130490339200,1,413.48,482.11,417.59,74.20,1,2,1.000000
1724157130542406300,1,411.92,479.78,417.32,74.89,1,2,1.000000
1724157130606433200,1,408.78,479.99,419.55,72.59,1,2,1.000000
1724157130672309700,1,412.02,481.30,399.65,72.44,1,2,1.000000
1724157130731908200,1,409.75,477.63,418.95,76.18,1,2,1.000000
1724157130795915300,1,410.45,479.86,420.03,73.13,1,2,1.000000
1724157130867793000,1,416.27,480.71,416.30,74.40,1,2,1.000000
1724157130923258500,1,412.40,480.96,418.11,74.62,1,2,1.000000
1724157130990879500,1,411.50,479.72,419.83,74.55,1,2,1.000000
1724157131053830200,1,412.66,479.08,419.20,76.18,1,2,1.000000
1724157131117461400,1,416.81,478.18,415.78,76.97,1,2,1.000000
1724157131180577700,1,414.30,479.26,420.11,76.63,1,2,1.000000
1724157131241839700,1,418.74,478.57,415.75,76.88,1,2,1.000000
1724157131313542600,1,414.15,482.98,422.61,70.80,1,2,1.000000
1724157131374937300,1,415.93,484.06,419.67,71.88,1,2,1.000000
1724157131453725300,1,420.07,484.26,418.73,70.97,1,2,1.000000
1724157131515441400,1,429.67,482.74,407.14,70.18,1,2,1.000000
1724157131566701000,1,416.01,482.64,422.47,73.02,1,2,1.000000
1724157131627892200,1,409.60,483.94,430.63,71.60,1,2,1.000000
1724157131690349100,1,412.23,482.06,428.43,74.16,1,2,1.000000
1724157131897476600,1,409.71,483.14,432.03,72.16,1,2,1.000000
1724157131914672300,1,418.44,483.31,424.33,72.23,1,2,1.000000
1724157131972121800,1,419.54,482.05,423.07,73.97,1,2,1.000000
1724157132014937600,1,415.11,477.68,424.49,78.07,1,2,1.000000
1724157132076613700,1,415.06,477.80,422.32,77.78,1,2,1.000000
1724157132123513200,1,426.99,477.46,410.79,76.16,1,2,1.000000
1724157132165149000,1,406.66,477.42,428.41,77.72,1,2,1.000000
1724157132226626300,1,415.86,478.73,422.16,74.84,1,2,1.000000
1724157132299782100,1,417.09,479.17,425.15,74.95,1,2,1.000000
1724157132347287300,1,413.46,476.97,428.33,78.60,1,2,1.000000
1724157132428418300,1,408.76,478.75,430.99,75.87,1,2,1.000000
1724157132465208800,1,410.86,479.48,431.76,75.80,1,2,1.000000
1724157132521679200,1,440.50,479.03,401.23,76.27,1,2,1.000000
1724157132616198700,1,416.76,474.82,437.78,81.59,1,2,1.000000
1724157132655107800,1,424.09,474.59,434.15,80.29,1,2,1.000000
1724157132719057800,1,427.10,481.54,424.84,71.78,1,2,1.000000
1724157132784639200,1,432.83,481.29,417.09,72.12,1,2,1.000000
1724157132844016400,1,407.60,484.63,414.40,70.00,1,2,1.000000
1724157132911249700,1,421.70,486.81,391.47,67.00,1,2,1.000000
1724157132971348800,1,422.22,484.81,424.45,69.49,1,2,1.000000
1724157133037095200,1,429.32,485.21,412.35,68.78,1,2,1.000000
1724157133108957000,1,423.00,478.27,433.06,76.06,1,2,1.000000
1724157133175370900,1,412.35,485.67,422.98,68.00,1,2,1.000000
1724157133232727400,1,407.02,485.04,406.79,68.73,1,2,1.000000
1724157133294271300,1,410.03,484.31,429.94,70.04,1,2,1.000000
1724157133355450400,1,414.01,486.18,401.54,69.03,1,2,1.000000
1724157133423166200,1,409.72,486.81,388.95,67.97,1,2,1.000000
1724157133491424000,1,402.42,485.95,412.46,69.88,1,2,1.000000
1724157133491424000,5,402.70,485.49,407.23,72.04,1,2,1.000000
1724157133554909700,1,411.22,486.89,379.55,71.49,1,2,1.000000
1724157133621418000,1,427.21,479.40,411.99,80.44,1,2,1.000000
1724157133677004200,1,425.10,483.04,405.17,76.07,1,2,1.000000
1724157133741997300,1,418.77,480.83,381.56,78.97,1,2,1.000000
1724157133806313700,1,415.79,485.69,396.63,75.83,1,2,1.000000
1724157133870028200,1,422.90,483.55,385.08,76.79,1,2,1.000000
1724157133950917800,1,421.42,484.03,388.86,77.37,1,2,1.000000
1724157134007267400,1,421.46,483.20,418.76,79.90,1,2,1.000000
1724157134080993100,1,436.69,481.12,398.49,81.91,1,2,1.000000
1724157134125068200,1,435.96,483.26,395.15,79.77,1,2,1.000000
1724157134189636300,1,437.71,483.69,394.74,79.61,1,2,1.000000
1724157134260818900,1,424.01,481.79,414.80,82.46,1,2,1.000000
1724157134317100400,1,418.56,487.54,370.00,76.65,1,2,1.000000
1724157134388468200,1,407.91,487.77,389.49,76.36,1,2,1.000000
1724157134443886700,1,419.42,487.22,417.17,78.16,1,2,1.000000
1724157134513310800,1,420.77,489.60,385.40,73.94,1,2,1.000000
1724157134570663200,1,422.76,486.26,415.05,77.86,1,2,1.000000
1724157134645582000,1,410.02,485.34,415.91,78.94,1,2,1.000000
1724157134698962100,1,407.54,484.97,420.19,79.29,1,2,1.000000
1724157134764524900,1,406.77,484.06,423.98,80.34,1,2,1.000000
1724157134828240100,1,405.03,483.27,426.00,81.11,1,2,1.000000
1724157134897371700,1,406.68,483.35,415.13,81.78,1,2,1.000000
1724157134960376900,1,405.97,487.87,383.55,75.75,1,2,1.000000
1724157135022049900,1,408.12,484.70,397.57,79.65,1,2,1.000000
1724157135086454300,1,410.98,484.67,379.87,78.80,1,2,1.000000
1724157135151795500,1,414.40,483.95,395.32,79.53,1,2,1.000000
1724157135259594700,1,417.21,487.65,391.06,75.73,1,2,1.000000
1724157135305924700,1,414.76,490.76,401.52,72.83,1,2,1.000000
1724157135349358900,1,412.03,488.96,380.11,74.93,1,2,1.000000
1724157135415702300,1,417.05,492.06,377.52,70.36,1,2,1.000000
1724157135474610700,1,411.35,486.21,380.65,78.03,1,2,1.000000
1724157135533133100,1,417.94,485.96,393.51,77.80,1,2,1.000000
1724157135594833900,1,422.22,485.51,400.52,78.24,1,2,1.000000
1724157135662967000,1,419.84,485.57,373.28,77.56,1,2,1.000000
1724157135732156300,1,420.22,484.70,385.76,79.16,1,2,1.000000
1724157135792416900,1,418.71,484.59,389.22,78.55,1,2,1.000000
1724157135854184700,1,420.49,487.43,390.51,75.12,1,2,1.000000
1724157135929616900,1,420.08,485.95,411.56,76.79,1,2,1.000000
1724157135979289700,1,422.19,486.32,411.38,77.45,1,2,1.000000
1724157136044380800,1,424.53,488.09,401.42,74.14,1,2,1.000000
1724157136109071100,1,420.26,489.46,366.74,73.79,1,2,1.000000
1724157136173303100,1,420.86,490.14,355.99,72.87,1,2,1.000000
1724157136236704500,1,420.84,485.79,403.63,78.05,1,2,1.000000
1724157136298940400,1,422.04,482.92,388.29,81.30,1,2,1.000000
1724157136363949000,1,422.65,485.45,390.36,80.76,1,2,1.000000
1724157136429051800,1,422.19,483.63,418.12,81.61,1,2,1.000000
1724157136495677000,1,419.94,487.98,369.32,77.20,1,2,1.000000
1724157136563974500,1,422.54,486.69,366.26,78.00,1,2,1.000000
1724157136628737700,1,426.89,488.88,368.63,75.39,1,2,1.000000
1724157136683603900,1,426.84,484.52,391.01,79.29,1,2,1.000000
1724157136747362100,1,423.70,483.61,392.86,80.54,1,2,1.000000
1724157136811230300,1,424.17,482.34,404.99,82.32,1,2,1.000000
1724157136894486800,1,433.37,486.64,397.77,76.35,1,2,1.000000
1724157136943464800,1,423.21,484.42,407.71,78.11,1,2,1.000000
1724157137003162500,1,423.56,483.50,405.75,83.17,1,2,1.000000
1724157137071985200,1,427.05,486.87,402.05,78.73,1,2,1.000000
1724157137130119900,1,424.85,482.61,405.30,83.50,1,2,1.000000
1724157137202895300,1,424.26,481.88,392.08,84.90,1,2,1.000000
1724157137262152800,1,421.96,484.37,381.33,80.84,1,2,1.000000
1724157137323701300,1,425.37,491.85,381.44,72.79,1,2,1.000000
1724157137391056900,1,444.90,477.57,377.05,82.91,1,2,1.000000
1724157137460146400,1,423.24,477.26,407.84,87.08,1,2,1.000000
1724157137516348600,1,422.67,477.95,385.88,85.81,1,2,1.000000
1724157137587677700,1,437.63,480.34,370.60,84.85,1,2,1.000000
1724157137663160800,1,423.87,483.24,407.90,83.22,1,2,1.000000
1724157137729306200,1,431.51,485.43,384.24,79.11,1,2,1.000000
1724157137783740800,1,423.71,483.60,387.66,81.82,1,2,1.000000
1724157137836572500,1,422.48,484.50,395.00,82.57,1,2,1.000000
1724157137902688500,1,426.74,485.49,402.68,82.95,1,2,1.000000
1724157137969396800,1,425.39,486.00,393.66,81.68,1,2,1.000000
1724157138028899600,1,427.25,487.60,396.71,77.89,1,2,1.000000
1724157138103655400,1,418.37,480.77,398.19,85.06,1,2,1.000000
1724157138158678000,1,423.25,478.21,406.77,90.29,1,2,1.000000
1724157138226256300,1,425.30,478.48,411.38,86.98,1,2,1.000000
1724157138285520300,1,422.87,481.34,412.52,84.93,1,2,1.000000
1724157138349532000,1,431.07,485.45,399.68,80.71,1,2,1.000000
1724157138413268700,1,424.86,475.19,411.14,91.67,1,2,1.000000
1724157138483874200,1,422.34,478.05,386.95,87.85,1,2,1.000000
1724157138539608000,1,425.81,481.10,384.15,86.44,1,2,1.000000
1724157138602851300,1,425.18,477.19,408.19,90.05,1,2,1.000000
1724157138677931200,1,426.76,480.24,405.35,86.32,1,2,1.000000
1724157138733164700,1,424.94,477.94,411.26,89.89,1,2,1.000000
1724157138800684000,1,424.36,477.55,409.04,90.37,1,2,1.000000
1724157138861093400,1,425.23,475.28,402.15,92.47,1,2,1.000000
1724157138926404100,1,425.36,482.21,381.54,85.77,1,2,1.000000
1724157138993631900,1,424.54,479.66,396.59,87.50,1,2,1.000000
1724157139069874500,1,427.12,490.35,348.99,76.98,1,2,1.000000
1724157139117948400,1,427.67,476.41,411.13,92.15,1,2,1.000000
1724157139200914600,1,434.95,475.08,405.08,92.64,1,2,1.000000
1724157139253322300,1,430.95,491.05,346.30,76.37,1,2,1.000000
1724157139311729500,1,434.72,471.88,417.75,94.91,1,2,1.000000
1724157139376033100,1,424.72,468.41,431.42,100.04,1,2,1.000000
1724157139438573000,1,423.59,488.15,376.16,79.51,1,2,1.000000
1724157139641410800,1,439.13,485.70,367.50,78.83,1,2,1.000000
1724157139654555200,1,424.43,470.13,430.39,97.39,1,2,1.000000
1724157139715248100,1,425.35,468.12,428.04,98.49,1,2,1.000000
1724157139769082400,1,423.14,473.59,432.03,92.72,1,2,1.000000
1724157139818604500,1,420.76,473.34,440.50,94.38,1,2,1.000000
1724157139870902200,1,421.90,473.28,447.46,93.45,1,2,1.000000
1724157139912018500,1,431.95,480.74,386.40,83.73,1,2,1.000000
1724157139968078700,1,419.73,489.42,369.27,73.88,1,2,1.000000
1724157140021872400,1,416.46,491.28,351.66,72.43,1,2,1.000000
1724157140084562500,1,412.88,489.20,358.67,73.12,1,2,1.000000
1724157140146262200,1,418.61,484.05,416.53,79.26,1,2,1.000000
1724157140204253500,1,417.86,481.55,419.52,81.09,1,2,1.000000
1724157140283720300,1,446.17,482.06,385.73,78.33,1,2,1.000000
1724157140342211000,1,443.93,482.79,389.30,77.11,1,2,1.000000
1724157140401872100,1,398.33,481.03,438.44,79.70,1,2,1.000000
1724157140459979800,1,398.23,480.33,431.66,80.79,1,2,1.000000
1724157140535012700,1,390.74,480.32,415.78,81.61,1,2,1.000000
1724157140604409900,1,406.65,479.62,405.75,78.26,1,2,1.000000
1724157140669075500,1,421.76,482.40,387.15,75.24,1,2,1.000000
1724157140725562100,1,438.27,483.89,366.86,72.53,1,2,1.000000
1724157140783657800,1,392.74,484.38,422.98,71.60,1,2,1.000000
1724157140856504700,1,413.12,476.78,428.54,80.83,1,2,1.000000
1724157140908174200,1,394.91,475.35,429.79,83.44,1,2,1.000000
1724157140973563000,1,394.01,474.39,428.15,82.30,1,2,1.000000
1724157141039135400,1,393.66,481.35,432.60,75.85,1,2,1.000000
1724157141102957700,1,393.18,476.47,433.92,79.35,1,2,1.000000
1724157141164821600,1,396.77,480.74,386.63,74.19,1,2,1.000000
1724157141226932400,1,398.33,479.12,389.25,75.26,1,2,1.000000
1724157141310919700,1,398.15,478.32,385.03,76.23,1,2,1.000000
1724157141356320600,1,399.71,478.60,390.29,75.88,1,2,1.000000
1724157141421990600,1,400.22,476.63,424.60,79.74,1,2,1.000000
1724157141498748300,1,396.96,474.43,430.01,82.22,1,2,1.000000
1724157141547738600,1,397.47,471.03,446.62,85.81,1,2,1.000000
1724157141612202900,1,402.13,474.39,426.33,80.37,1,2,1.000000
1724157141683804700,1,403.98,471.52,409.55,82.50,1,2,1.000000
1724157141747052500,1,402.39,473.08,416.04,81.26,1,2,1.000000
1724157141805133800,1,403.91,475.29,394.60,76.50,1,2,1.000000
1724157141868482800,1,402.31,471.45,404.93,82.32,1,2,1.000000
1724157141933825100,1,404.86,477.24,386.54,76.23,1,2,1.000000
1724157142007386100,1,406.14,471.11,388.24,82.96,1,2,1.000000
1724157142202165300,1,404.33,468.85,437.24,86.67,1,2,1.000000
1724157142217349200,1,409.35,473.96,395.75,79.91,1,2,1.000000
1724157142271653900,1,408.53,471.13,418.26,82.45,1,2,1.000000
1724157142339073800,1,409.52,465.46,457.75,90.25,1,2,1.000000
1724157142381552300,1,414.43,468.53,446.98,85.71,1,2,1.000000
1724157142422751200,1,407.18,472.20,397.46,80.99,1,2,1.000000
1724157142473683900,1,418.40,472.48,372.76,78.03,1,2,1.000000
1724157142529688400,1,407.88,468.59,435.24,87.36,1,2,1.000000
1724157142577117600,1,409.28,466.38,432.45,89.63,1,2,1.000000
1724157142634452600,1,409.53,461.93,428.79,94.68,1,2,1.000000
1724157142702052200,1,420.74,465.67,379.25,85.71,1,2,1.000000
1724157142764541100,1,417.15,466.96,390.01,87.36,1,2,1.000000
1724157142838447600,1,409.29,467.27,405.77,90.63,1,2,1.000000
1724157142900586600,1,410.95,463.56,378.95,94.60,1,2,1.000000
1724157142959349000,1,410.12,471.26,401.08,86.83,1,2,1.000000
1724157143019826000,1,414.89,469.80,387.37,87.66,1,2,1.000000
1724157143091226800,1,410.58,468.34,388.87,89.63,1,2,1.000000
1724157143147575900,1,412.39,469.15,381.12,88.68,1,2,1.000000
1724157143250677700,1,415.59,468.81,380.55,89.99,1,2,1.000000
1724157143314685200,1,416.06,464.57,414.48,96.39,1,2,1.000000
1724157143379333300,1,417.40,461.48,403.95,100.01,1,2,1.000000
1724157143432261800,1,413.99,461.34,411.93,100.27,1,2,1.000000
1724157143468308200,1,420.97,468.04,436.95,94.67,1,2,1.000000
1724157143534738800,1,421.04,469.92,393.02,91.83,1,2,1.000000
1724157143609557400,1,419.54,464.92,402.26,97.23,1,2,1.000000
1724157143658764900,1,420.94,462.37,400.51,100.68,1,2,1.000000
1724157143736021100,1,424.01,460.32,386.39,101.06,1,2,1.000000
1724157143806108800,1,422.74,463.82,431.13,100.34,1,2,1.000000
1724157143851105700,1,433.03,469.30,382.86,86.83,1,2,1.000000
1724157143923845800,1,422.25,469.78,378.76,93.13,1,2,1.000000
1724157143979481400,1,419.27,464.15,396.84,99.20,1,2,1.000000
1724157144049850000,1,419.40,462.27,397.69,100.72,1,2,1.000000
1724157144116756700,1,419.23,461.97,424.38,104.52,1,2,1.000000
1724157144172649700,1,417.65,459.79,424.47,107.09,1,2,1.000000
1724157144242017000,1,419.41,456.28,432.38,108.80,1,2,1.000000
1724157144313230600,1,418.93,456.72,423.90,105.67,1,2,1.000000
1724157144373333100,1,419.26,460.67,413.00,105.28,1,2,1.000000
1724157144432698900,1,419.52,455.05,431.82,111.09,1,2,1.000000
1724157144497494900,1,422.19,451.62,429.22,116.32,1,2,1.000000
1724157144556919400,1,422.90,454.86,389.55,111.33,1,2,1.000000
1724157144619958700,1,422.29,458.30,402.48,108.39,1,2,1.000000
1724157144694590000,1,423.14,458.98,429.24,106.67,1,2,1.000000
1724157144755054200,1,426.95,457.08,436.11,108.52,1,2,1.000000
1724157144816127700,1,421.73,461.47,430.50,108.89,1,2,1.000000
1724157144879865100,1,421.62,448.39,445.45,122.97,1,2,1.000000
1724157144948583800,1,428.69,461.21,416.53,110.22,1,2,1.000000
1724157145009097200,1,430.45,461.16,434.28,109.98,1,2,1.000000
1724157145072582700,1,431.60,452.43,416.52,123.57,1,2,1.000000
1724157145134156100,1,430.83,453.45,423.40,122.78,1,2,1.000000
1724157145209835100,1,430.61,458.59,419.03,118.08,1,2,1.000000
1724157145266155100,1,435.69,455.13,387.70,120.37,1,2,1.000000
1724157145328676100,1,438.35,455.01,390.30,120.42,1,2,1.000000
1724157145389340300,1,424.86,455.20,403.15,113.86,1,2,1.000000
1724157145459961200,1,435.40,453.79,392.70,122.95,1,2,1.000000
1724157145656535100,1,444.87,448.58,411.48,125.50,1,2,1.000000
1724157145675324500,1,430.49,453.07,399.22,121.93,1,2,1.000000
1724157145675324500,10,450.62,555.75,47.31,28.24,1,1,1.000000
1724157145735753600,1,432.22,451.76,405.38,118.37,1,2,1.000000
1724157145735753600,10,452.25,554.60,56.47,28.26,1,1,1.000000
1724157145779924800,1,434.85,445.08,439.59,128.72,1,2,1.000000
1724157145779924800,10,464.84,552.61,41.96,29.84,1,1,1.000000
1724157145779924800,11,514.59,588.52,29.78,40.03,1,1,1.000000
1724157145828056100,1,433.87,453.17,402.49,121.85,1,2,1.000000
1724157145828056100,10,454.94,553.33,57.45,33.36,1,1,1.000000
1724157145828056100,11,510.17,584.94,43.51,42.35,1,1,1.000000
1724157145892619100,1,432.67,446.91,420.82,125.97,1,2,1.000000
1724157145892619100,10,454.06,552.22,63.97,33.94,1,1,1.000000
1724157145892619100,11,513.63,580.35,51.00,42.25,1,1,1.000000
1724157145932744900,1,436.19,450.91,404.79,128.51,1,2,1.000000
1724157145932744900,10,457.44,552.29,63.20,35.00,1,1,1.000000
1724157145932744900,11,516.62,576.75,49.40,49.76,1,1,1.000000
1724157145932744900,14,482.17,587.07,30.12,24.56,1,1,1.000000
1724157145982826700,1,434.89,454.70,399.42,119.83,1,2,1.000000
1724157145982826700,10,458.15,554.95,48.36,34.07,1,1,1.000000
1724157145982826700,11,515.22,570.20,65.10,53.70,1,1,1.000000
1724157145982826700,14,485.36,587.23,29.42,26.17,1,1,1.000000
1724157146031717900,1,430.47,444.97,442.17,132.64,1,2,1.000000
1724157146031717900,10,457.98,555.05,46.75,35.98,1,1,1.000000
1724157146031717900,11,521.05,569.45,62.13,49.11,1,1,1.000000
1724157146031717900,14,485.94,586.33,35.97,26.58,1,1,1.000000
1724157146094892500,1,431.19,445.72,446.42,133.56,1,2,1.000000
1724157146094892500,10,457.98,553.69,49.06,37.88,1,1,1.000000
1724157146094892500,11,529.78,567.89,70.31,45.81,1,1,1.000000
1724157146094892500,14,486.37,586.57,36.70,26.42,1,1,1.000000
1724157146164943500,1,428.12,445.62,446.75,130.05,1,2,1.000000
1724157146164943500,10,457.39,554.19,51.25,37.69,1,1,1.000000
1724157146164943500,11,539.19,568.47,64.16,37.79,1,1,1.000000
1724157146164943500,14,489.43,586.87,38.56,26.57,1,1,1.000000
1724157146222272400,1,432.06,451.28,436.26,124.44,1,2,1.000000
1724157146222272400,10,467.68,554.37,36.26,40.64,1,1,1.000000
1724157146222272400,11,544.87,568.85,62.07,30.96,1,1,1.000000
1724157146222272400,14,492.90,582.57,46.18,31.64,1,1,1.000000
1724157146299106900,1,434.79,449.41,431.53,126.81,1,2,1.000000
1724157146299106900,11,554.75,566.03,61.95,30.97,1,1,1.000000
1724157146350537000,1,431.79,447.85,433.96,128.39,1,2,1.000000
1724157146350537000,10,470.26,554.18,27.96,48.20,1,1,1.000000
1724157146413803300,1,434.92,447.68,434.97,129.66,1,2,1.000000
1724157146413803300,10,472.27,558.02,27.68,48.53,1,1,1.000000
1724157146413803300,16,510.02,564.07,120.83,45.89,1,1,1.000000
1724157146481874200,1,436.32,474.52,336.61,106.22,1,2,1.000000
1724157146481874200,10,471.79,556.95,29.77,48.05,1,1,1.000000
1724157146481874200,11,570.26,565.33,75.85,31.25,1,1,1.000000
1724157146544533100,1,436.00,450.02,435.68,128.27,1,2,1.000000
1724157146544533100,10,474.29,556.22,32.08,48.42,1,1,1.000000
1724157146544533100,11,571.43,564.33,89.20,36.00,1,1,1.000000
1724157146544533100,14,507.56,581.50,55.80,25.88,1,1,1.000000
1724157146612437800,1,431.04,444.99,442.62,135.08,1,2,1.000000
1724157146612437800,10,474.36,563.92,26.51,41.17,1,1,1.000000
1724157146612437800,11,586.63,563.36,87.71,41.64,1,1,1.000000
1724157146612437800,14,517.60,585.59,54.38,18.25,1,1,1.000000
1724157146681493500,1,431.03,449.47,448.19,128.73,1,2,1.000000
1724157146681493500,10,476.11,563.88,32.37,41.88,1,1,1.000000
1724157146681493500,11,588.20,561.69,86.96,42.88,1,1,1.000000
1724157146681493500,14,523.32,584.78,48.94,19.07,1,1,1.000000
1724157146733595100,1,432.45,451.04,445.52,127.28,1,2,1.000000
1724157146733595100,10,479.35,565.29,31.34,42.40,1,1,1.000000
1724157146733595100,11,600.61,562.81,77.89,40.01,1,1,1.000000
1724157146733595100,14,530.11,583.99,53.07,19.70,1,1,1.000000
1724157146800962300,1,436.35,471.72,362.99,108.72,1,2,1.000000
1724157146800962300,10,481.86,568.49,30.11,40.71,1,1,1.000000
1724157146800962300,11,600.55,564.63,87.98,41.01,1,1,1.000000
1724157146800962300,14,528.83,585.19,55.19,18.50,1,1,1.000000
1724157146863312500,1,437.14,472.86,357.58,108.10,1,2,1.000000
1724157146863312500,10,480.34,572.29,31.64,37.28,1,1,1.000000
1724157146863312500,11,619.99,565.64,77.16,41.01,1,1,1.000000
1724157146863312500,14,524.21,582.39,60.71,21.90,1,1,1.000000
1724157146924211600,1,434.97,471.17,340.19,111.62,1,2,1.000000
1724157146924211600,10,482.20,571.65,34.69,39.00,1,1,1.000000
1724157146924211600,11,606.55,563.40,96.60,46.30,1,1,1.000000
1724157146924211600,14,550.82,584.91,47.63,18.57,1,1,1.000000
1724157147005340800,1,434.98,470.29,358.59,117.12,1,2,1.000000
1724157147005340800,10,486.95,571.78,34.27,41.90,1,1,1.000000
1724157147005340800,11,602.15,563.76,110.19,48.17,1,1,1.000000
1724157147053587800,1,442.16,471.23,355.01,114.98,1,2,1.000000
1724157147053587800,10,492.08,567.90,35.85,44.33,1,1,1.000000
1724157147053587800,11,625.53,562.17,94.49,54.00,1,1,1.000000
1724157147053587800,14,560.80,584.11,47.26,20.73,1,1,1.000000
1724157147132492700,1,446.34,473.82,325.17,113.09,1,2,1.000000
1724157147132492700,10,493.33,566.25,37.99,47.21,1,1,1.000000
1724157147132492700,11,663.02,574.13,58.18,36.96,1,1,1.000000
1724157147186813200,1,438.39,472.95,329.96,110.71,1,2,1.000000
1724157147186813200,10,496.53,566.44,38.14,41.48,1,1,1.000000
1724157147186813200,11,674.44,576.13,47.86,34.35,1,1,1.000000
1724157147258537100,1,438.57,470.76,372.89,112.92,1,2,1.000000
1724157147258537100,10,493.14,571.78,38.47,46.61,1,1,1.000000
1724157147258537100,11,676.66,574.74,45.24,36.56,1,1,1.000000
1724157147258537100,21,451.68,562.92,42.91,30.39,1,1,1.000000
1724157147322412900,1,441.17,469.80,378.17,114.41,1,2,1.000000
1724157147322412900,10,496.46,586.23,29.04,32.08,1,1,1.000000
1724157147322412900,11,684.46,578.32,42.03,30.58,1,1,1.000000
1724157147322412900,21,458.60,566.21,42.73,28.09,1,1,1.000000
1724157147374728300,1,438.78,470.73,367.36,109.00,1,2,1.000000
1724157147374728300,10,492.31,591.75,39.38,26.34,1,1,1.000000
1724157147374728300,11,694.63,582.42,32.18,24.71,1,1,1.000000
1724157147374728300,21,459.07,561.72,48.47,33.12,1,1,1.000000
1724157147443944000,1,438.43,456.61,429.25,123.39,1,2,1.000000
1724157147443944000,10,497.34,592.93,34.16,27.05,1,1,1.000000
1724157147443944000,11,697.88,583.35,29.14,22.34,1,1,1.000000
1724157147443944000,21,460.31,564.50,46.17,32.90,1,1,1.000000
1724157147443944000,23,684.36,529.96,47.96,39.53,1,1,1.000000
1724157147537418700,1,436.54,473.46,357.06,104.77,1,2,1.000000
1724157147537418700,10,496.66,594.22,38.19,25.74,1,1,1.000000
1724157147537418700,21,465.81,564.96,43.88,34.72,1,1,1.000000
1724157147537418700,23,693.66,532.13,39.78,37.35,1,1,1.000000
1724157147567750100,1,435.23,471.97,352.98,105.90,1,2,1.000000
1724157147567750100,10,497.82,596.64,38.31,26.86,1,1,1.000000
1724157147567750100,21,466.06,565.61,49.50,35.29,1,1,1.000000
1724157147567750100,23,703.15,531.89,35.54,42.51,1,1,1.000000
1724157147639685200,1,434.77,470.42,353.48,108.90,1,2,1.000000
1724157147639685200,10,498.02,594.43,45.60,28.19,1,1,1.000000
1724157147639685200,21,469.21,564.83,50.53,33.02,1,1,1.000000
1724157147639685200,23,707.92,532.25,36.23,41.00,1,1,1.000000
1724157147695220900,1,437.45,469.98,370.21,109.50,1,2,1.000000
1724157147695220900,10,498.91,595.36,47.77,28.56,1,1,1.000000
1724157147695220900,21,466.87,563.21,62.35,36.81,1,1,1.000000
1724157147695220900,23,710.20,535.14,40.71,42.90,1,1,1.000000
1724157147767902300,1,426.84,468.34,399.35,110.78,1,2,1.000000
1724157147767902300,10,500.48,596.23,51.60,28.45,1,1,1.000000
1724157147767902300,21,468.64,562.07,68.08,39.11,1,1,1.000000
1724157147767902300,23,717.50,546.65,39.34,33.77,1,1,1.000000
1724157147829355100,1,430.75,466.55,337.42,112.06,1,2,1.000000
1724157147829355100,10,502.48,597.76,50.46,29.37,1,1,1.000000
1724157147829355100,21,470.98,564.86,63.97,36.28,1,1,1.000000
1724157147829355100,23,716.00,542.44,41.84,37.44,1,1,1.000000
1724157147885272000,1,431.85,467.05,389.21,112.65,1,2,1.000000
1724157147885272000,10,502.46,597.69,53.88,31.19,1,1,1.000000
1724157147885272000,21,473.69,561.23,66.08,38.57,1,1,1.000000
1724157147885272000,23,726.62,549.16,34.78,31.66,1,1,1.000000
1724157147967789600,1,429.16,469.86,356.77,110.57,1,2,1.000000
1724157147967789600,10,504.36,599.67,50.23,30.63,1,1,1.000000
1724157147967789600,21,475.19,561.00,72.18,42.70,1,1,1.000000
1724157147967789600,23,729.77,546.21,33.86,30.92,1,1,1.000000
1724157148019821200,1,427.42,466.75,364.94,115.09,1,2,1.000000
1724157148019821200,10,504.93,599.12,48.46,31.70,1,1,1.000000
1724157148019821200,21,480.59,562.19,82.80,39.44,1,1,1.000000
1724157148019821200,23,725.87,545.82,37.58,30.89,1,1,1.000000
1724157148081153500,1,429.53,468.13,367.35,112.46,1,2,1.000000
1724157148081153500,10,506.70,599.16,45.72,33.54,1,1,1.000000
1724157148081153500,21,485.63,560.69,77.50,39.15,1,1,1.000000
1724157148081153500,23,726.98,543.53,38.92,29.41,1,1,1.000000
1724157148140494000,1,433.49,462.07,425.08,123.56,1,2,1.000000
1724157148140494000,10,508.58,600.40,43.21,33.02,1,1,1.000000
1724157148140494000,21,483.54,561.23,85.40,40.59,1,1,1.000000
1724157148206147400,1,433.75,460.92,427.15,126.54,1,2,1.000000
1724157148206147400,10,510.43,600.52,41.81,34.48,1,1,1.000000
1724157148206147400,21,498.21,562.71,90.42,33.75,1,1,1.000000
1724157148275706000,1,433.08,466.15,374.90,118.97,1,2,1.000000
1724157148275706000,10,510.88,603.27,41.23,33.45,1,1,1.000000
1724157148275706000,16,506.43,560.63,80.02,32.31,1,1,1.000000
1724157148275706000,21,507.70,562.31,75.55,29.80,1,1,1.000000
1724157148333075400,1,433.26,466.71,373.78,114.79,1,2,1.000000
1724157148333075400,10,512.34,606.09,35.91,31.24,1,1,1.000000
1724157148333075400,16,511.56,562.78,69.90,28.76,1,1,1.000000
1724157148398140400,1,432.57,464.88,375.24,113.39,1,2,1.000000
1724157148398140400,10,512.02,612.07,34.80,25.38,1,1,1.000000
1724157148398140400,16,512.75,560.43,73.63,33.24,1,1,1.000000
1724157148464513400,1,435.29,466.43,357.58,111.94,1,2,1.000000
1724157148464513400,10,510.87,613.70,41.36,25.50,1,1,1.000000
1724157148464513400,16,518.40,559.38,76.41,33.49,1,1,1.000000
1724157148530590600,1,432.49,466.35,361.87,112.00,1,2,1.000000
1724157148530590600,10,513.69,613.62,43.25,27.02,1,1,1.000000
1724157148530590600,16,526.55,557.86,73.32,33.42,1,1,1.000000
1724157148593862000,1,433.60,464.88,412.10,116.95,1,2,1.000000
1724157148593862000,10,517.08,614.93,33.36,26.44,1,1,1.000000
1724157148593862000,16,530.29,557.31,74.32,34.87,1,1,1.000000
1724157148655631000,1,437.43,463.08,408.18,118.00,1,2,1.000000
1724157148655631000,10,515.93,609.90,32.13,34.02,1,1,1.000000
1724157148655631000,16,534.67,558.18,75.39,33.30,1,1,1.000000
1724157148716401800,1,438.98,466.94,358.19,114.10,1,2,1.000000
1724157148716401800,16,520.14,557.66,106.52,38.22,1,1,1.000000
1724157148782117100,1,437.05,467.66,344.36,113.13,1,2,1.000000
1724157148782117100,16,519.42,558.37,108.60,36.40,1,1,1.000000
1724157148782117100,25,499.41,602.91,26.13,21.92,1,1,1.000000
1724157148844393200,1,440.47,462.56,373.25,119.50,1,2,1.000000
1724157148844393200,10,521.88,627.07,29.22,22.13,1,1,1.000000
1724157148844393200,21,557.20,556.45,75.60,35.61,1,1,1.000000
1724157148844393200,25,501.65,600.86,33.86,26.89,1,1,1.000000
1724157148910505100,1,437.97,461.92,420.66,123.85,1,2,1.000000
1724157148910505100,10,527.74,628.62,26.64,21.56,1,1,1.000000
1724157148910505100,16,532.93,553.75,130.87,45.02,1,1,1.000000
1724157148910505100,25,502.76,602.10,33.19,27.48,1,1,1.000000
1724157148978311900,1,441.45,464.05,404.24,120.18,1,2,1.000000
1724157148978311900,10,528.63,628.00,28.54,22.91,1,1,1.000000
1724157148978311900,21,545.84,555.34,94.24,35.65,1,1,1.000000
1724157148978311900,25,501.96,603.44,39.18,27.48,1,1,1.000000
1724157149038023800,1,441.94,465.16,404.39,122.93,1,2,1.000000
1724157149038023800,16,556.77,555.92,105.71,38.11,1,1,1.000000
1724157149038023800,25,507.30,601.29,32.61,30.58,1,1,1.000000
1724157149099701900,1,445.66,461.28,405.26,128.18,1,2,1.000000
1724157149099701900,16,547.24,554.41,124.90,44.96,1,1,1.000000
1724157149099701900,25,507.04,600.70,34.75,31.65,1,1,1.000000
1724157149164088900,1,443.70,460.59,407.67,123.48,1,2,1.000000
1724157149164088900,16,546.64,554.92,121.43,41.08,1,1,1.000000
1724157149164088900,25,509.92,599.10,39.13,34.90,1,1,1.000000
1724157149236219200,1,442.44,463.23,369.95,120.81,1,2,1.000000
1724157149236219200,16,558.76,555.79,116.35,39.91,1,1,1.000000
1724157149236219200,25,511.91,597.93,38.34,35.55,1,1,1.000000
1724157149297885600,1,447.82,455.68,407.15,134.02,1,2,1.000000
1724157149297885600,16,589.93,555.97,92.99,41.20,1,1,1.000000
1724157149297885600,25,513.20,596.29,45.52,39.12,1,1,1.000000
1724157149372434300,1,447.14,467.28,381.20,119.74,1,2,1.000000
1724157149372434300,16,589.73,555.05,93.56,39.36,1,1,1.000000
1724157149372434300,25,516.63,594.06,47.58,44.46,1,1,1.000000
1724157149437843800,1,441.81,464.24,387.07,123.54,1,2,1.000000
1724157149437843800,16,567.05,553.98,117.51,41.49,1,1,1.000000
1724157149437843800,25,522.08,592.84,45.19,42.89,1,1,1.000000
1724157149490306600,1,440.95,461.11,383.32,123.71,1,2,1.000000
1724157149490306600,16,576.94,555.16,110.58,38.71,1,1,1.000000
1724157149490306600,21,584.68,555.05,102.63,38.14,1,1,1.000000
1724157149490306600,25,527.71,591.05,45.25,38.58,1,1,1.000000
1724157149548657200,1,443.73,462.70,355.17,121.89,1,2,1.000000
1724157149548657200,21,620.37,555.48,77.10,35.24,1,1,1.000000
1724157149548657200,25,531.22,590.68,52.44,32.44,1,1,1.000000
1724157149617268900,1,442.71,459.40,364.77,125.47,1,2,1.000000
1724157149617268900,16,575.87,559.40,55.90,27.02,1,1,1.000000
1724157149617268900,21,613.04,553.97,85.73,38.42,1,1,1.000000
1724157149617268900,25,530.80,592.17,52.84,32.26,1,1,1.000000
1724157149617268900,31,468.53,569.61,46.05,35.45,1,1,1.000000
1724157149681074800,1,442.46,456.68,377.48,128.16,1,2,1.000000
1724157149681074800,16,575.25,558.53,54.73,28.06,1,1,1.000000
1724157149681074800,21,630.51,554.70,76.47,38.04,1,1,1.000000
1724157149681074800,25,533.19,592.65,46.87,26.47,1,1,1.000000
1724157149681074800,31,472.18,575.97,39.74,35.02,1,1,1.000000
1724157149745016300,1,446.54,454.41,402.35,133.85,1,2,1.000000
1724157149745016300,16,576.67,557.58,58.78,30.01,1,1,1.000000
1724157149745016300,21,640.97,560.17,72.83,32.82,1,1,1.000000
1724157149745016300,25,536.95,593.68,48.75,23.29,1,1,1.000000
1724157149745016300,31,469.76,574.00,44.36,35.05,1,1,1.000000
1724157149845786200,1,441.04,464.34,372.52,119.26,1,2,1.000000
1724157149845786200,16,570.00,557.03,70.82,32.36,1,1,1.000000
1724157149845786200,21,639.62,560.07,76.18,32.48,1,1,1.000000
1724157149845786200,25,539.37,592.67,59.02,24.85,1,1,1.000000
1724157149845786200,31,475.73,568.35,37.20,41.61,1,1,1.000000
1724157149869696600,1,445.88,451.08,396.78,139.16,1,2,1.000000
1724157149869696600,16,572.01,556.78,77.59,36.97,1,1,1.000000
1724157149869696600,21,641.02,560.47,83.13,36.70,1,1,1.000000
1724157149869696600,25,552.68,590.42,41.84,24.64,1,1,1.000000
1724157149869696600,31,472.66,572.76,45.46,35.16,1,1,1.000000
1724157149932155200,1,446.42,452.89,379.50,134.84,1,2,1.000000
1724157149932155200,16,568.44,556.98,77.09,36.51,1,1,1.000000
1724157149932155200,21,656.73,563.42,72.22,33.59,1,1,1.000000
1724157149932155200,25,553.42,588.95,46.99,26.54,1,1,1.000000
1724157149932155200,31,473.02,575.71,51.65,36.15,1,1,1.000000
1724157149998889400,1,442.93,458.85,384.46,129.76,1,2,1.000000
1724157149998889400,16,581.34,555.18,78.18,41.11,1,1,1.000000
1724157149998889400,21,675.66,564.06,57.69,32.95,1,1,1.000000
1724157149998889400,31,478.17,578.72,43.43,38.91,1,1,1.000000
1724157150064047000,1,442.42,456.73,382.25,132.32,1,2,1.000000
1724157150064047000,16,586.53,552.21,84.49,47.21,1,1,1.000000
1724157150064047000,21,678.39,562.25,59.89,35.62,1,1,1.000000
1724157150064047000,31,474.08,580.78,51.15,31.01,1,1,1.000000
1724157150126352800,1,440.31,457.81,357.37,133.50,1,2,1.000000
1724157150126352800,16,598.48,551.43,71.89,45.79,1,1,1.000000
1724157150126352800,21,684.13,560.92,56.43,36.91,1,1,1.000000
1724157150126352800,31,478.56,577.37,47.51,38.83,1,1,1.000000
1724157150187588800,1,444.50,456.25,353.69,133.33,1,2,1.000000
1724157150187588800,16,594.44,550.30,78.88,48.24,1,1,1.000000
1724157150187588800,21,687.73,559.70,52.66,36.36,1,1,1.000000
1724157150187588800,31,478.97,578.92,49.73,37.42,1,1,1.000000
1724157150254764600,1,447.44,453.45,377.32,138.16,1,2,1.000000
1724157150254764600,16,600.71,551.86,74.74,45.41,1,1,1.000000
1724157150254764600,21,689.03,561.52,51.60,33.44,1,1,1.000000
1724157150254764600,31,480.40,577.99,51.76,37.34,1,1,1.000000
1724157150316999500,1,443.90,447.37,357.17,140.18,1,2,1.000000
1724157150316999500,16,606.56,555.37,64.84,40.09,1,1,1.000000
1724157150316999500,21,688.40,563.29,52.11,32.42,1,1,1.000000
1724157150316999500,31,480.34,579.97,62.13,32.98,1,1,1.000000
1724157150381423700,1,437.98,444.03,387.48,145.89,1,2,1.000000
1724157150381423700,16,603.40,555.49,72.19,42.68,1,1,1.000000
1724157150381423700,21,690.39,565.04,51.79,28.40,1,1,1.000000
1724157150381423700,31,483.70,582.59,57.78,32.70,1,1,1.000000
1724157150448472400,1,442.17,446.38,356.97,141.47,1,2,1.000000
1724157150448472400,16,604.03,556.01,72.58,44.54,1,1,1.000000
1724157150448472400,31,484.53,580.95,67.78,33.08,1,1,1.000000
1724157150510729000,1,434.41,450.36,368.12,137.25,1,2,1.000000
1724157150510729000,16,606.35,557.68,70.53,42.55,1,1,1.000000
1724157150510729000,31,484.07,580.52,70.26,35.04,1,1,1.000000
1724157150582882900,1,436.33,448.82,383.39,136.36,1,2,1.000000
1724157150582882900,16,606.67,558.53,76.82,44.62,1,1,1.000000
1724157150582882900,31,483.63,579.03,73.67,34.62,1,1,1.000000
1724157150582882900,33,483.63,550.02,57.13,34.29,1,1,1.000000
1724157150641760600,1,437.53,443.84,378.14,137.98,1,2,1.000000
1724157150641760600,16,618.99,559.68,79.70,56.53,1,1,1.000000
1724157150641760600,31,485.59,580.95,76.07,35.27,1,1,1.000000
1724157150641760600,33,486.11,550.16,53.28,37.88,1,1,1.000000
1724157150641760600,34,646.77,541.73,48.89,26.22,1,1,1.000000
1724157150700930600,1,445.73,443.10,383.72,157.70,1,2,1.000000
1724157150700930600,31,486.71,578.92,76.43,37.32,1,1,1.000000
1724157150700930600,33,475.76,550.83,67.74,46.52,1,1,1.000000
1724157150773675400,1,447.17,450.30,348.04,141.16,1,2,1.000000
1724157150773675400,16,629.78,565.32,78.31,48.12,1,1,1.000000
1724157150773675400,31,492.16,577.99,80.35,38.46,1,1,1.000000
1724157150773675400,33,478.20,549.50,64.84,48.50,1,1,1.000000
1724157150773675400,34,655.31,544.83,47.13,24.03,1,1,1.000000
1724157150828474200,1,442.17,445.85,414.98,143.06,1,2,1.000000
1724157150828474200,16,645.52,570.43,59.31,41.03,1,1,1.000000
1724157150828474200,31,494.85,579.07,79.19,33.08,1,1,1.000000
1724157150828474200,33,473.09,548.08,75.96,46.40,1,1,1.000000
1724157150828474200,34,651.74,542.55,51.48,25.93,1,1,1.000000
1724157150895356800,1,448.97,455.35,352.12,125.69,1,2,1.000000
1724157150895356800,16,643.84,569.21,68.09,41.66,1,1,1.000000
1724157150895356800,31,490.55,579.04,87.30,34.37,1,1,1.000000
1724157150895356800,33,476.29,545.29,71.74,49.74,1,1,1.000000
1724157150895356800,34,654.78,544.49,54.13,24.38,1,1,1.000000
1724157150979616500,1,436.54,445.16,372.60,138.07,1,2,1.000000
1724157150979616500,16,646.04,571.22,61.42,40.60,1,1,1.000000
1724157150979616500,34,651.33,544.28,58.30,25.01,1,1,1.000000
1724157151020097700,1,433.68,445.05,382.85,142.96,1,2,1.000000
1724157151020097700,16,644.58,573.67,68.81,41.22,1,1,1.000000
1724157151020097700,34,655.16,544.70,63.95,28.77,1,1,1.000000
1724157151104388500,1,443.23,443.73,356.39,132.69,1,2,1.000000
1724157151104388500,16,639.82,572.84,69.80,40.81,1,1,1.000000
1724157151104388500,33,499.63,545.30,62.08,41.85,1,1,1.000000
1724157151104388500,34,662.86,542.27,57.24,30.01,1,1,1.000000
1724157151104388500,39,494.03,592.63,37.69,25.96,1,1,1.000000
1724157151148559500,1,436.73,440.39,377.36,144.29,1,2,1.000000
1724157151148559500,16,634.66,568.79,80.91,46.74,1,1,1.000000
1724157151148559500,33,495.71,540.33,69.75,39.19,1,1,1.000000
1724157151148559500,34,644.80,537.67,77.15,35.52,1,1,1.000000
1724157151148559500,39,493.36,591.13,40.71,29.77,1,1,1.000000
1724157151223516700,1,442.63,438.39,409.47,145.47,1,2,1.000000
1724157151223516700,16,630.01,568.95,85.68,45.72,1,1,1.000000
1724157151223516700,33,507.61,543.49,58.71,37.30,1,1,1.000000
1724157151223516700,34,653.39,539.44,72.12,36.34,1,1,1.000000
1724157151223516700,39,494.11,577.10,46.88,41.92,1,1,1.000000
1724157151285018800,1,434.21,433.88,385.16,155.13,1,2,1.000000
1724157151285018800,16,647.32,569.61,68.33,44.64,1,1,1.000000
1724157151285018800,33,514.62,541.17,57.45,39.70,1,1,1.000000
1724157151285018800,34,659.70,537.65,66.67,39.56,1,1,1.000000
1724157151285018800,39,493.56,588.30,40.60,29.79,1,1,1.000000
1724157151338773900,1,425.36,437.00,396.25,139.62,1,2,1.000000
1724157151338773900,16,628.21,566.12,86.93,47.97,1,1,1.000000
1724157151338773900,33,501.10,541.30,80.47,44.76,1,1,1.000000
1724157151338773900,34,648.62,535.19,81.54,40.76,1,1,1.000000
1724157151338773900,39,487.81,597.25,41.35,21.90,1,1,1.000000
1724157151425596500,1,421.24,433.28,373.35,144.73,1,2,1.000000
1724157151425596500,16,630.51,566.12,84.42,47.52,1,1,1.000000
1724157151425596500,33,494.07,535.39,84.87,48.78,1,1,1.000000
1724157151425596500,34,653.88,536.22,78.47,38.07,1,1,1.000000
1724157151425596500,39,486.38,594.16,49.21,26.30,1,1,1.000000
1724157151474105200,1,418.18,432.35,384.09,148.72,1,2,1.000000
1724157151474105200,16,645.25,571.42,74.26,41.53,1,1,1.000000
1724157151474105200,34,667.48,537.86,67.41,37.83,1,1,1.000000
1724157151474105200,39,484.74,593.06,54.02,27.88,1,1,1.000000
1724157151474105200,40,540.53,540.60,51.19,23.91,1,1,1.000000
1724157151570834900,1,416.96,430.36,416.09,147.51,1,2,1.000000
1724157151570834900,16,643.74,571.52,78.42,40.02,1,1,1.000000
1724157151570834900,34,664.43,540.15,78.65,40.16,1,1,1.000000
1724157151570834900,39,485.90,591.77,62.95,29.47,1,1,1.000000
1724157151570834900,40,546.07,540.32,52.34,26.41,1,1,1.000000
1724157151606189100,1,438.97,422.45,358.88,163.98,1,2,1.000000
1724157151606189100,16,608.75,565.67,116.74,48.16,1,1,1.000000
1724157151606189100,34,681.57,542.24,67.30,42.09,1,1,1.000000
1724157151606189100,39,491.45,589.06,58.79,31.28,1,1,1.000000
1724157151606189100,40,545.50,539.24,59.96,25.10,1,1,1.000000
1724157151665826100,1,417.09,422.24,384.61,152.20,1,2,1.000000
1724157151665826100,16,659.65,575.78,63.72,32.74,1,1,1.000000
1724157151665826100,34,694.26,542.10,54.80,41.61,1,1,1.000000
1724157151665826100,39,488.41,588.45,65.20,31.75,1,1,1.000000
1724157151665826100,40,565.49,537.70,52.54,22.02,1,1,1.000000
1724157151724066500,1,423.68,412.57,402.50,158.90,1,2,1.000000
1724157151724066500,16,665.27,574.56,61.30,32.52,1,1,1.000000
1724157151724066500,33,509.40,523.16,84.14,45.74,1,1,1.000000
1724157151724066500,34,692.60,540.84,54.59,41.50,1,1,1.000000
1724157151724066500,39,490.64,591.07,65.34,27.63,1,1,1.000000
1724157151724066500,40,571.09,537.88,52.51,22.05,1,1,1.000000
1724157151790659000,1,418.74,428.10,364.74,147.57,1,2,1.000000
1724157151790659000,16,656.69,567.97,69.95,42.58,1,1,1.000000
1724157151790659000,33,487.62,520.13,106.64,60.84,1,1,1.000000
1724157151790659000,34,686.36,537.54,59.96,42.00,1,1,1.000000
1724157151790659000,39,492.76,589.01,76.62,28.86,1,1,1.000000
1724157151790659000,40,581.14,537.32,49.03,21.22,1,1,1.000000
1724157151853273500,1,425.67,426.78,397.95,146.80,1,2,1.000000
1724157151853273500,16,674.41,569.97,53.85,38.52,1,1,1.000000
1724157151853273500,33,500.17,522.14,92.25,55.62,1,1,1.000000
1724157151853273500,34,701.93,540.68,45.39,39.63,1,1,1.000000
1724157151853273500,39,505.03,587.09,70.49,29.96,1,1,1.000000
1724157151921447300,1,422.50,415.93,399.98,159.20,1,2,1.000000
1724157151921447300,16,674.03,570.74,53.47,35.84,1,1,1.000000
1724157151921447300,31,527.45,584.41,72.60,29.28,1,1,1.000000
1724157151921447300,33,509.93,516.06,90.78,50.25,1,1,1.000000
1724157151921447300,34,698.59,544.66,55.61,35.93,1,1,1.000000
1724157151921447300,40,592.00,533.63,50.37,21.17,1,1,1.000000
1724157151992860200,1,419.70,417.73,392.04,156.27,1,2,1.000000
1724157151992860200,16,680.72,575.89,49.30,29.79,1,1,1.000000
1724157151992860200,31,516.05,582.64,75.36,32.38,1,1,1.000000
1724157151992860200,33,499.69,519.34,96.86,52.24,1,1,1.000000
1724157151992860200,34,687.93,543.67,68.80,39.99,1,1,1.000000
1724157152044477800,1,419.32,422.53,405.90,148.13,1,2,1.000000
1724157152044477800,16,680.74,578.13,50.82,28.92,1,1,1.000000
1724157152044477800,31,526.10,584.64,74.74,28.79,1,1,1.000000
1724157152044477800,33,498.36,518.29,109.28,46.64,1,1,1.000000
1724157152044477800,34,697.69,545.26,59.07,35.37,1,1,1.000000
1724157152110384000,31,539.33,583.27,67.40,28.47,1,1,1.000000
1724157152110384000,33,500.19,519.22,108.85,48.41,1,1,1.000000
1724157152110384000,34,719.48,548.91,41.05,33.95,1,1,1.000000
1724157152110384000,45,561.03,513.62,55.88,24.87,1,1,1.000000
1724157152176379000,1,412.43,413.75,401.30,154.94,1,2,1.000000
1724157152176379000,31,542.72,582.33,71.74,29.71,1,1,1.000000
1724157152176379000,33,477.06,531.20,120.34,48.68,1,1,1.000000
1724157152176379000,34,722.13,547.13,35.68,34.85,1,1,1.000000
1724157152176379000,45,566.83,513.74,56.32,22.38,1,1,1.000000
1724157152243774400,1,412.80,410.55,420.19,156.85,1,2,1.000000
1724157152243774400,16,692.33,566.93,40.56,32.07,1,1,1.000000
1724157152243774400,31,560.56,583.72,57.98,26.20,1,1,1.000000
1724157152243774400,33,508.83,527.32,90.02,35.08,1,1,1.000000
1724157152243774400,34,725.85,547.20,33.70,36.30,1,1,1.000000
1724157152243774400,45,565.28,514.11,57.90,23.29,1,1,1.000000
1724157152302000600,1,410.04,411.49,430.19,152.42,1,2,1.000000
1724157152302000600,31,563.04,584.63,60.51,26.10,1,1,1.000000
1724157152302000600,33,489.24,525.80,126.54,38.54,1,1,1.000000
1724157152302000600,34,727.17,547.33,29.10,34.92,1,1,1.000000
1724157152302000600,45,567.87,513.96,59.16,25.54,1,1,1.000000
1724157152367604700,1,413.72,404.23,445.36,170.20,1,2,1.000000
1724157152367604700,31,577.11,580.48,54.69,29.23,1,1,1.000000
1724157152367604700,33,511.11,528.32,94.92,41.70,1,1,1.000000
1724157152367604700,34,713.54,551.26,50.74,28.48,1,1,1.000000
1724157152367604700,45,561.54,513.78,78.05,25.50,1,1,1.000000
1724157152442351000,1,424.73,408.74,425.46,153.99,1,2,1.000000
1724157152442351000,31,569.08,580.81,57.95,27.25,1,1,1.000000
1724157152442351000,33,505.63,523.37,112.63,36.26,1,1,1.000000
1724157152442351000,45,579.19,512.14,68.28,28.64,1,1,1.000000
1724157152493723500,1,420.29,407.56,421.13,160.07,1,2,1.000000
1724157152493723500,45,584.15,511.48,55.84,28.00,1,1,1.000000
1724157152559916600,1,426.63,406.16,402.88,162.11,1,2,1.000000
1724157152559916600,33,539.92,527.86,71.10,29.86,1,1,1.000000
1724157152559916600,45,583.12,508.12,71.56,30.62,1,1,1.000000
1724157152559916600,51,583.99,561.96,63.43,25.60,1,1,1.000000
1724157152631492300,1,416.33,405.74,399.78,161.63,1,2,1.000000
1724157152631492300,33,549.91,525.82,73.72,30.62,1,1,1.000000
1724157152631492300,45,595.05,509.52,59.14,25.80,1,1,1.000000
1724157152631492300,51,590.84,563.68,55.64,22.30,1,1,1.000000
1724157152694627500,1,405.52,400.95,431.75,167.18,1,2,1.000000
1724157152694627500,33,556.80,525.33,67.39,26.63,1,1,1.000000
1724157152694627500,45,605.10,510.79,52.79,27.21,1,1,1.000000
1724157152694627500,51,597.64,562.61,65.21,23.62,1,1,1.000000
1724157152751923200,1,425.54,401.22,341.61,160.80,1,2,1.000000
1724157152751923200,33,567.63,525.63,57.86,28.38,1,1,1.000000
1724157152751923200,45,601.20,511.03,67.13,29.49,1,1,1.000000
1724157152751923200,51,623.14,562.29,54.13,22.26,1,1,1.000000
1724157152815062100,1,408.71,399.87,402.42,158.28,1,2,1.000000
1724157152815062100,33,569.02,523.73,57.68,29.58,1,1,1.000000
1724157152815062100,45,604.61,506.58,66.25,33.49,1,1,1.000000
1724157152815062100,51,625.32,561.99,55.50,22.31,1,1,1.000000
1724157152815062100,52,516.71,504.61,77.49,39.64,1,1,1.000000
1724157152876699600,1,398.51,402.90,368.00,149.53,1,2,1.000000
1724157152876699600,33,573.77,526.61,57.05,26.83,1,1,1.000000
1724157152876699600,45,619.15,509.40,54.63,28.72,1,1,1.000000
1724157152876699600,51,627.28,560.66,61.69,25.59,1,1,1.000000
1724157152876699600,52,500.22,502.84,104.46,41.78,1,1,1.000000
1724157152942596000,1,408.00,397.75,395.22,160.94,1,2,1.000000
1724157152942596000,33,584.19,526.42,45.65,26.89,1,1,1.000000
1724157152942596000,51,634.11,560.43,72.04,26.32,1,1,1.000000
1724157152942596000,52,483.32,503.36,120.09,40.28,1,1,1.000000
1724157153005778500,1,387.48,400.76,442.20,157.99,1,2,1.000000
1724157153005778500,33,588.66,530.84,42.64,22.73,1,1,1.000000
1724157153005778500,45,633.98,516.65,41.05,20.65,1,1,1.000000
1724157153005778500,51,640.51,562.35,73.10,26.69,1,1,1.000000
1724157153005778500,53,543.36,502.28,66.83,26.26,1,1,1.000000
1724157153005778500,55,486.06,593.58,36.22,24.23,1,1,1.000000
1724157153077551300,1,400.94,395.71,418.21,158.43,1,2,1.000000
1724157153077551300,45,645.59,515.40,50.15,25.18,1,1,1.000000
1724157153077551300,51,661.03,564.41,63.71,25.66,1,1,1.000000
1724157153077551300,53,549.69,501.37,64.44,25.95,1,1,1.000000
1724157153077551300,55,487.27,589.82,43.65,26.92,1,1,1.000000
1724157153132998500,1,391.46,386.85,433.50,167.03,1,2,1.000000
1724157153132998500,45,647.43,512.70,53.23,26.44,1,1,1.000000
1724157153132998500,51,675.84,563.38,54.92,27.74,1,1,1.000000
1724157153132998500,53,557.43,498.88,64.59,29.74,1,1,1.000000
1724157153132998500,55,486.70,588.25,45.56,28.22,1,1,1.000000
1724157153197347700,1,411.62,391.80,357.28,168.02,1,2,1.000000
1724157153197347700,51,687.31,561.69,53.45,32.61,1,1,1.000000
1724157153197347700,55,487.90,583.69,51.15,31.61,1,1,1.000000
1724157153274517600,1,390.78,391.36,431.98,159.67,1,2,1.000000
1724157153274517600,51,682.32,562.48,59.97,31.09,1,1,1.000000
1724157153274517600,55,486.35,581.57,54.42,31.85,1,1,1.000000
1724157153341079800,1,390.01,382.49,432.58,167.23,1,2,1.000000
1724157153341079800,53,593.59,499.73,46.45,27.83,1,1,1.000000
1724157153341079800,55,487.74,579.39,59.90,32.62,1,1,1.000000
1724157153341079800,56,520.61,496.21,75.16,26.43,1,1,1.000000
1724157153390523400,1,392.68,389.08,387.80,164.07,1,2,1.000000
1724157153390523400,51,692.39,553.12,51.11,43.51,1,1,1.000000
1724157153390523400,53,587.90,499.15,54.31,29.75,1,1,1.000000
1724157153390523400,55,497.09,576.52,52.01,33.63,1,1,1.000000
1724157153390523400,56,526.44,496.66,63.17,22.67,1,1,1.000000
1724157153451868600,1,400.29,392.70,380.02,160.47,1,2,1.000000
1724157153451868600,51,701.51,555.87,43.63,35.60,1,1,1.000000
1724157153451868600,53,587.98,499.30,61.03,30.02,1,1,1.000000
1724157153451868600,55,496.15,574.89,64.12,37.85,1,1,1.000000
1724157153451868600,56,524.89,496.55,72.48,25.05,1,1,1.000000
1724157153524205100,1,395.26,394.46,377.01,155.47,1,2,1.000000
1724157153524205100,52,492.69,520.72,59.54,34.42,1,1,1.000000
1724157153524205100,53,594.30,498.29,66.19,38.58,1,1,1.000000
1724157153524205100,55,497.07,572.20,70.10,42.83,1,1,1.000000
1724157153524205100,56,536.49,495.92,62.70,24.01,1,1,1.000000
1724157153583175700,1,392.22,394.35,376.87,157.47,1,2,1.000000
1724157153583175700,52,495.03,520.26,53.23,35.01,1,1,1.000000
1724157153583175700,55,499.42,570.13,75.97,44.60,1,1,1.000000
1724157153583175700,56,537.05,495.01,70.25,28.31,1,1,1.000000
1724157153643757300,1,391.11,392.01,420.29,159.67,1,2,1.000000
1724157153643757300,55,512.39,569.65,69.53,34.05,1,1,1.000000
1724157153643757300,56,545.00,493.94,108.22,42.01,1,1,1.000000
1724157153722567100,1,401.43,397.67,373.21,151.26,1,2,1.000000
1724157153722567100,53,622.93,500.51,52.51,40.11,1,1,1.000000
1724157153722567100,55,511.48,569.51,78.18,31.58,1,1,1.000000
1724157153722567100,56,551.13,496.37,60.93,25.39,1,1,1.000000
1724157153784609700,1,402.72,394.09,408.89,160.53,1,2,1.000000
1724157153784609700,53,635.28,509.52,46.48,33.09,1,1,1.000000
1724157153784609700,55,523.67,567.35,74.07,26.69,1,1,1.000000
1724157153784609700,56,557.60,495.64,65.83,26.04,1,1,1.000000
1724157153784609700,59,496.79,512.77,76.19,27.82,1,1,1.000000
1724157153835817100,1,412.40,396.77,360.51,146.52,1,2,1.000000
1724157153835817100,53,636.10,509.70,45.68,34.13,1,1,1.000000
1724157153835817100,55,526.54,567.44,74.56,24.97,1,1,1.000000
1724157153835817100,56,564.49,496.93,66.93,24.87,1,1,1.000000
1724157153835817100,59,496.67,510.28,79.41,30.25,1,1,1.000000
1724157153902390400,1,399.11,396.78,381.28,157.37,1,2,1.000000
1724157153902390400,55,543.12,567.39,59.43,24.03,1,1,1.000000
1724157153902390400,56,552.20,496.63,88.21,31.80,1,1,1.000000
1724157153967731800,1,392.23,395.40,430.74,154.09,1,2,1.000000
1724157153967731800,53,643.97,512.07,40.77,34.36,1,1,1.000000
1724157153967731800,55,555.37,564.21,58.67,26.36,1,1,1.000000
1724157153967731800,56,565.41,496.57,80.72,26.84,1,1,1.000000
1724157153967731800,61,555.57,517.29,44.71,18.37,1,1,1.000000
1724157154033613000,1,400.88,392.71,441.06,150.63,1,2,1.000000
1724157154033613000,55,562.50,563.13,54.26,27.88,1,1,1.000000
1724157154033613000,56,580.43,493.14,92.60,45.02,1,1,1.000000
1724157154033613000,59,487.84,504.75,97.68,35.46,1,1,1.000000
1724157154033613000,61,549.57,515.00,44.17,21.33,1,1,1.000000
1724157154033613000,63,469.33,582.87,39.79,20.26,1,1,1.000000
1724157154093378900,1,402.04,390.31,437.75,160.89,1,2,1.000000
1724157154093378900,55,561.53,562.25,66.61,29.14,1,1,1.000000
1724157154093378900,56,596.17,493.67,86.33,47.06,1,1,1.000000
1724157154093378900,59,477.08,506.02,120.29,38.91,1,1,1.000000
1724157154093378900,63,472.22,582.83,40.68,21.23,1,1,1.000000
1724157154156913900,52,439.98,536.67,68.70,37.24,1,1,1.000000
1724157154156913900,55,563.30,559.65,70.08,32.64,1,1,1.000000
1724157154156913900,56,600.03,494.64,81.69,43.24,1,1,1.000000
1724157154156913900,63,478.41,581.69,33.45,20.88,1,1,1.000000
1724157154222994700,1,399.67,393.96,385.51,154.05,1,2,1.000000
1724157154222994700,52,441.07,537.61,57.53,33.62,1,1,1.000000
1724157154222994700,55,562.72,560.22,76.39,30.90,1,1,1.000000
1724157154222994700,59,489.66,505.24,72.01,26.50,1,1,1.000000
1724157154222994700,61,566.76,516.60,42.54,25.45,1,1,1.000000
1724157154222994700,63,470.25,580.47,53.48,26.71,1,1,1.000000
1724157154286250300,1,401.48,393.24,386.73,153.05,1,2,1.000000
1724157154286250300,55,567.64,559.28,77.71,29.39,1,1,1.000000
1724157154286250300,56,592.21,492.93,88.24,48.22,1,1,1.000000
1724157154286250300,59,486.13,505.64,71.83,29.32,1,1,1.000000
1724157154286250300,61,560.78,520.22,54.81,24.88,1,1,1.000000
1724157154286250300,63,470.58,579.38,50.74,27.66,1,1,1.000000
1724157154347366700,1,399.33,389.07,368.46,160.54,1,2,1.000000
1724157154347366700,55,566.12,558.30,92.35,33.83,1,1,1.000000
1724157154347366700,56,622.87,498.49,64.98,43.52,1,1,1.000000
1724157154347366700,59,484.40,507.23,64.31,27.89,1,1,1.000000
1724157154347366700,61,570.42,521.03,56.08,24.25,1,1,1.000000
1724157154347366700,63,474.71,580.16,50.12,26.76,1,1,1.000000
1724157154424208500,1,399.31,391.13,387.37,155.10,1,2,1.000000
1724157154424208500,55,571.71,555.94,83.67,33.09,1,1,1.000000
1724157154424208500,56,624.58,499.81,63.30,37.31,1,1,1.000000
1724157154424208500,59,482.80,505.15,71.29,30.71,1,1,1.000000
1724157154424208500,61,553.66,519.63,77.57,30.77,1,1,1.000000
1724157154424208500,63,475.78,577.19,49.95,28.40,1,1,1.000000
1724157154477258800,1,415.78,398.89,349.12,147.48,1,2,1.000000
1724157154477258800,55,587.97,554.03,77.15,32.82,1,1,1.000000
1724157154477258800,56,646.22,503.22,48.25,38.18,1,1,1.000000
1724157154477258800,59,486.08,503.83,85.11,29.11,1,1,1.000000
1724157154477258800,61,542.41,521.66,86.44,29.55,1,1,1.000000
1724157154477258800,63,478.24,578.44,52.58,26.24,1,1,1.000000
1724157154477258800,68,578.78,501.18,43.05,15.28,1,1,1.000000
1724157154539607300,1,427.37,387.80,337.58,149.29,1,2,1.000000
1724157154539607300,55,584.85,555.67,84.06,34.37,1,1,1.000000
1724157154539607300,56,642.72,503.07,54.68,39.06,1,1,1.000000
1724157154539607300,59,480.04,506.40,88.15,32.96,1,1,1.000000
1724157154539607300,61,534.35,522.71,98.49,34.33,1,1,1.000000
1724157154539607300,63,474.98,578.61,57.28,25.48,1,1,1.000000
1724157154539607300,68,581.06,500.51,48.43,17.75,1,1,1.000000
1724157154605196000,1,416.29,385.98,346.21,154.55,1,2,1.000000
1724157154605196000,55,599.01,553.92,75.11,33.66,1,1,1.000000
1724157154605196000,56,653.98,507.46,49.31,37.36,1,1,1.000000
1724157154605196000,59,494.06,506.56,65.95,24.54,1,1,1.000000
1724157154605196000,61,563.70,522.62,78.23,34.06,1,1,1.000000
1724157154605196000,63,474.82,578.98,67.45,24.88,1,1,1.000000
1724157154687729100,1,417.57,402.44,334.72,137.36,1,2,1.000000
1724157154687729100,55,611.33,553.32,72.29,35.94,1,1,1.000000
1724157154687729100,56,654.25,509.63,51.34,37.60,1,1,1.000000
1724157154687729100,59,498.76,503.95,79.40,27.40,1,1,1.000000
1724157154687729100,61,595.73,527.39,49.36,27.36,1,1,1.000000
1724157154687729100,63,475.95,575.17,70.69,28.13,1,1,1.000000
1724157154687729100,68,587.58,500.81,38.56,17.40,1,1,1.000000
1724157154687729100,69,444.21,532.72,48.22,38.87,1,1,1.000000
1724157154741885500,1,392.48,378.00,398.18,173.05,1,2,1.000000
1724157154741885500,55,598.78,549.08,86.47,43.97,1,1,1.000000
1724157154741885500,56,655.16,510.09,54.94,40.44,1,1,1.000000
1724157154741885500,59,491.29,505.45,77.75,25.51,1,1,1.000000
1724157154741885500,61,596.79,525.95,60.38,33.36,1,1,1.000000
1724157154741885500,63,482.02,574.50,67.27,30.53,1,1,1.000000
1724157154741885500,68,595.70,500.19,39.11,19.10,1,1,1.000000
1724157154741885500,69,444.44,534.47,41.50,47.11,1,1,1.000000
1724157154811897100,1,390.83,399.83,361.36,144.12,1,2,1.000000
1724157154811897100,55,596.11,553.42,82.18,47.42,1,1,1.000000
1724157154811897100,56,657.19,512.44,57.14,39.92,1,1,1.000000
1724157154811897100,59,490.10,506.59,78.60,25.53,1,1,1.000000
1724157154811897100,61,600.88,530.12,83.84,43.16,1,1,1.000000
1724157154811897100,63,488.96,571.08,76.68,34.36,1,1,1.000000
1724157154811897100,68,601.87,501.23,33.69,19.47,1,1,1.000000
1724157154811897100,69,444.05,527.30,40.94,55.31,1,1,1.000000
1724157154858983600,1,387.33,396.88,372.74,148.05,1,2,1.000000
1724157154858983600,55,613.57,551.79,50.49,36.25,1,1,1.000000
1724157154858983600,56,665.38,515.35,51.27,38.42,1,1,1.000000
1724157154858983600,59,493.78,506.49,88.47,30.18,1,1,1.000000
1724157154858983600,61,595.53,528.43,90.17,43.08,1,1,1.000000
1724157154858983600,63,486.62,570.32,69.53,36.40,1,1,1.000000
1724157154858983600,68,599.69,500.19,36.74,19.40,1,1,1.000000
1724157154858983600,69,442.24,516.59,38.41,68.63,1,1,1.000000
1724157154929039700,1,398.37,380.61,357.30,164.14,1,2,1.000000
1724157154929039700,55,614.77,543.52,81.74,40.28,1,1,1.000000
1724157154929039700,56,653.93,512.47,67.38,44.84,1,1,1.000000
1724157154929039700,59,493.10,506.17,84.35,28.44,1,1,1.000000
1724157154929039700,63,486.36,569.84,83.71,40.78,1,1,1.000000
1724157154990837900,1,388.66,380.35,353.25,166.32,1,2,1.000000
1724157154990837900,56,665.66,518.36,57.88,39.85,1,1,1.000000
1724157154990837900,59,517.14,507.34,58.70,26.33,1,1,1.000000
1724157154990837900,61,603.67,528.41,97.29,50.40,1,1,1.000000
1724157154990837900,63,488.28,568.85,83.03,42.67,1,1,1.000000
1724157154990837900,69,443.23,523.51,34.91,58.17,1,1,1.000000
1724157154990837900,73,446.89,524.06,35.28,47.93,1,1,1.000000
1724157155051336600,1,390.71,379.41,345.64,165.21,1,2,1.000000
1724157155051336600,56,678.51,523.63,50.03,36.07,1,1,1.000000
1724157155051336600,59,497.74,505.48,70.72,29.65,1,1,1.000000
1724157155051336600,61,624.00,527.47,79.82,53.89,1,1,1.000000
1724157155051336600,63,491.89,569.31,88.95,35.26,1,1,1.000000
1724157155051336600,69,442.57,533.40,31.01,49.36,1,1,1.000000
1724157155116840100,1,387.96,374.26,360.93,177.07,1,2,1.000000
1724157155116840100,56,685.59,524.54,44.50,38.77,1,1,1.000000
1724157155116840100,59,495.28,505.24,78.54,29.15,1,1,1.000000
1724157155116840100,61,614.87,526.83,109.78,66.42,1,1,1.000000
1724157155116840100,63,509.51,565.80,74.53,31.75,1,1,1.000000
1724157155116840100,69,440.94,534.44,48.30,42.68,1,1,1.000000
1724157155184881000,1,397.21,376.03,347.15,169.91,1,2,1.000000
1724157155184881000,56,688.16,529.19,47.77,36.72,1,1,1.000000
1724157155184881000,59,526.11,510.04,50.73,24.51,1,1,1.000000
1724157155184881000,61,602.35,532.86,117.63,55.44,1,1,1.000000
1724157155184881000,63,519.43,566.57,76.80,30.88,1,1,1.000000
1724157155184881000,69,441.07,533.66,47.21,42.13,1,1,1.000000
1724157155244393600,1,400.07,380.47,341.86,162.70,1,2,1.000000
1724157155244393600,56,696.37,535.06,43.58,35.65,1,1,1.000000
1724157155244393600,59,512.09,502.63,77.74,39.20,1,1,1.000000
1724157155244393600,61,627.07,525.92,95.95,66.91,1,1,1.000000
1724157155244393600,63,522.04,564.19,74.60,31.84,1,1,1.000000
1724157155244393600,73,449.46,528.53,34.18,38.40,1,1,1.000000
1724157155313100800,1,391.25,378.68,360.61,170.44,1,2,1.000000
1724157155313100800,55,633.75,531.47,98.33,56.14,1,1,1.000000
1724157155313100800,56,700.64,536.72,41.65,39.24,1,1,1.000000
1724157155313100800,59,530.09,506.53,73.78,36.81,1,1,1.000000
1724157155313100800,63,527.04,565.91,71.50,31.32,1,1,1.000000
1724157155382365300,1,397.13,377.86,352.87,167.87,1,2,1.000000
1724157155382365300,56,701.06,537.26,42.38,35.71,1,1,1.000000
1724157155382365300,59,521.49,506.61,81.86,35.42,1,1,1.000000
1724157155382365300,61,600.65,533.43,125.50,60.27,1,1,1.000000
1724157155382365300,63,537.90,564.35,70.78,30.49,1,1,1.000000
1724157155436410800,1,389.91,377.20,375.22,172.94,1,2,1.000000
1724157155436410800,55,636.59,528.88,106.64,65.41,1,1,1.000000
1724157155436410800,59,521.66,507.06,57.48,28.91,1,1,1.000000
1724157155436410800,61,659.92,546.53,77.26,49.62,1,1,1.000000
1724157155436410800,63,539.01,564.19,76.82,31.22,1,1,1.000000
1724157155436410800,69,439.15,535.56,38.36,34.84,1,1,1.000000
1724157155508954500,1,388.68,373.70,367.24,173.54,1,2,1.000000
1724157155508954500,55,616.76,533.62,114.83,57.82,1,1,1.000000
1724157155508954500,59,521.61,507.92,70.22,31.38,1,1,1.000000
1724157155508954500,63,548.99,562.80,67.82,31.00,1,1,1.000000
1724157155570202000,1,385.49,373.10,361.10,171.63,1,2,1.000000
1724157155570202000,59,519.70,506.77,69.69,31.58,1,1,1.000000
1724157155570202000,61,663.50,544.60,80.79,51.63,1,1,1.000000
1724157155570202000,63,557.44,562.66,68.28,30.85,1,1,1.000000
1724157155630119500,1,381.81,376.79,366.89,163.49,1,2,1.000000
1724157155630119500,59,529.40,506.63,53.67,30.57,1,1,1.000000
1724157155630119500,61,680.10,558.62,68.06,33.16,1,1,1.000000
1724157155630119500,63,570.02,564.57,57.98,29.68,1,1,1.000000
1724157155700355200,1,384.19,378.03,362.85,164.89,1,2,1.000000
1724157155700355200,55,633.37,537.53,106.97,60.93,1,1,1.000000
1724157155700355200,59,532.40,507.76,54.67,29.12,1,1,1.000000
1724157155700355200,63,575.16,566.55,70.13,29.45,1,1,1.000000
1724157155757547800,1,376.76,378.61,371.52,162.13,1,2,1.000000
1724157155757547800,59,534.38,507.75,51.06,29.96,1,1,1.000000
1724157155757547800,61,676.77,556.13,67.41,39.80,1,1,1.000000
1724157155757547800,63,579.33,564.57,69.06,30.50,1,1,1.000000
1724157155838016100,1,378.89,374.80,371.51,163.99,1,2,1.000000
1724157155838016100,55,692.29,552.15,60.86,42.51,1,1,1.000000
1724157155838016100,59,535.42,505.65,60.76,32.44,1,1,1.000000
1724157155838016100,61,692.37,557.36,49.63,39.17,1,1,1.000000
1724157155838016100,63,593.35,565.08,56.38,30.73,1,1,1.000000
1724157155838016100,79,631.84,537.76,41.33,32.80,1,1,1.000000
1724157155895524200,1,375.46,374.07,374.20,165.71,1,2,1.000000
1724157155895524200,59,540.20,506.96,45.56,30.88,1,1,1.000000
1724157155895524200,61,690.40,561.27,46.76,35.45,1,1,1.000000
1724157155895524200,63,598.37,563.52,56.31,32.30,1,1,1.000000
1724157155895524200,79,632.14,535.37,38.67,34.62,1,1,1.000000
1724157155949482900,1,371.05,373.50,376.52,163.66,1,2,1.000000
1724157155949482900,61,692.71,558.33,48.19,36.31,1,1,1.000000
1724157155949482900,63,602.82,566.55,54.51,31.56,1,1,1.000000
1724157155949482900,79,630.08,536.67,42.48,34.21,1,1,1.000000
1724157156014299600,1,379.79,374.58,366.63,162.99,1,2,1.000000
1724157156014299600,61,703.31,566.25,41.72,32.23,1,1,1.000000
1724157156014299600,63,609.51,567.46,48.75,29.75,1,1,1.000000
1724157156014299600,79,629.67,536.60,43.72,34.95,1,1,1.000000
1724157156085625500,1,405.53,375.01,339.74,154.58,1,2,1.000000
1724157156085625500,79,626.84,535.76,45.35,36.70,1,1,1.000000
1724157156143968700,1,404.89,372.99,344.11,156.29,1,2,1.000000
1724157156143968700,79,623.92,530.64,49.85,43.01,1,1,1.000000
1724157156215384100,1,377.25,370.03,375.71,165.52,1,2,1.000000
1724157156215384100,79,625.14,535.45,54.04,39.90,1,1,1.000000
1724157156273806600,1,376.47,372.63,369.15,164.85,1,2,1.000000
1724157156273806600,55,705.13,541.84,45.17,41.77,1,1,1.000000
1724157156273806600,79,628.74,534.22,52.09,48.32,1,1,1.000000
1724157156334777500,1,375.29,369.58,371.20,168.69,1,2,1.000000
1724157156334777500,79,613.50,529.79,79.10,60.48,1,1,1.000000
1724157156396035300,1,376.30,383.69,371.30,152.99,1,2,1.000000
1724157156396035300,79,643.55,538.52,50.29,58.45,1,1,1.000000
1724157156396035300,82,483.83,574.26,38.55,41.06,1,1,1.000000
1724157156459128700,1,373.83,370.30,373.04,169.13,1,2,1.000000
1724157156459128700,63,643.18,555.16,56.47,47.55,1,1,1.000000
1724157156536199500,1,372.95,371.34,376.65,160.86,1,2,1.000000
1724157156536199500,79,644.09,549.19,56.20,42.78,1,1,1.000000
1724157156536199500,82,483.16,585.96,40.75,27.97,1,1,1.000000
1724157156611348700,1,374.14,370.35,369.78,166.22,1,2,1.000000
1724157156611348700,79,638.15,549.06,64.79,42.24,1,1,1.000000
1724157156611348700,82,483.22,587.14,42.74,26.06,1,1,1.000000
1724157156663014500,1,389.92,369.27,352.78,178.68,1,2,1.000000
1724157156663014500,63,635.09,549.66,74.49,49.84,1,1,1.000000
1724157156663014500,82,484.96,584.92,43.35,28.74,1,1,1.000000
1724157156724813200,1,393.50,367.44,350.62,185.57,1,2,1.000000
1724157156724813200,63,634.87,550.23,83.95,56.84,1,1,1.000000
1724157156724813200,82,488.41,583.80,45.16,30.71,1,1,1.000000
1724157156790119100,1,374.14,367.51,370.32,180.68,1,2,1.000000
1724157156790119100,63,632.95,550.28,84.67,54.63,1,1,1.000000
1724157156790119100,82,485.20,583.41,47.55,31.93,1,1,1.000000
1724157156846107500,1,376.02,367.37,376.06,180.59,1,2,1.000000
1724157156846107500,79,651.29,554.91,65.65,48.06,1,1,1.000000
1724157156846107500,82,485.64,582.84,49.09,33.09,1,1,1.000000
1724157156909994600,1,374.70,366.89,372.55,181.68,1,2,1.000000
1724157156909994600,79,659.27,556.57,57.37,44.61,1,1,1.000000
1724157156909994600,82,486.90,580.34,48.79,35.26,1,1,1.000000
1724157156978778500,1,373.96,369.75,372.35,175.75,1,2,1.000000
1724157156978778500,79,660.05,560.55,54.82,44.61,1,1,1.000000
1724157156978778500,82,490.68,579.19,44.82,37.75,1,1,1.000000
1724157157064140700,1,372.72,368.01,377.19,173.30,1,2,1.000000
1724157157064140700,79,660.89,561.46,52.71,36.86,1,1,1.000000
1724157157064140700,82,495.69,579.87,44.58,40.01,1,1,1.000000
1724157157110807300,1,380.24,366.60,373.74,186.82,1,2,1.000000
1724157157110807300,79,656.59,562.25,64.37,36.77,1,1,1.000000
1724157157110807300,82,501.27,577.25,54.90,36.81,1,1,1.000000
1724157157165380700,1,377.94,367.54,380.31,176.58,1,2,1.000000
1724157157165380700,79,668.37,565.76,56.59,41.20,1,1,1.000000
1724157157165380700,82,505.72,576.31,59.62,34.20,1,1,1.000000
1724157157249405400,1,389.48,368.10,359.04,175.27,1,2,1.000000
1724157157249405400,79,677.21,563.76,46.40,40.09,1,1,1.000000
1724157157249405400,82,508.68,571.98,55.22,36.07,1,1,1.000000
1724157157295228800,1,393.57,366.69,357.78,184.10,1,2,1.000000
1724157157295228800,79,677.55,564.86,42.10,39.21,1,1,1.000000
1724157157364059500,1,385.51,367.48,366.98,180.02,1,2,1.000000
1724157157364059500,79,680.30,562.59,45.21,43.23,1,1,1.000000
1724157157432104400,1,386.61,367.94,366.78,179.28,1,2,1.000000
1724157157494274200,1,390.85,366.08,374.11,181.88,1,2,1.000000
1724157157564443800,1,394.93,367.02,419.57,175.83,1,2,1.000000
1724157157627028700,1,379.55,372.57,375.77,168.69,1,2,1.000000
1724157157681501400,1,379.92,371.96,379.40,166.33,1,2,1.000000
1724157157752588800,1,379.11,369.97,378.07,167.71,1,2,1.000000
1724157157809873800,1,376.60,367.67,386.66,172.36,1,2,1.000000
1724157157869818300,1,373.35,368.03,456.74,166.62,1,2,1.000000
1724157157944360900,1,394.16,361.93,441.52,168.56,1,2,1.000000
1724157157999409200,1,376.04,373.11,413.85,160.83,1,2,1.000000
1724157157999409200,94,502.19,533.82,34.86,36.42,1,1,1.000000
1724157158071468000,1,371.73,373.58,393.35,157.90,1,2,1.000000
1724157158071468000,94,501.77,530.87,39.15,40.54,1,1,1.000000
1724157158126783000,1,392.35,373.06,372.67,159.55,1,2,1.000000
1724157158126783000,94,499.67,534.26,38.45,40.32,1,1,1.000000
1724157158192690500,1,380.41,366.62,407.66,169.10,1,2,1.000000
1724157158192690500,94,494.59,531.63,44.88,44.24,1,1,1.000000
1724157158251639700,1,372.79,372.95,464.11,159.89,1,2,1.000000
1724157158251639700,94,496.29,528.89,48.05,47.55,1,1,1.000000
1724157158321995500,1,405.68,370.77,362.59,153.21,1,2,1.000000
1724157158321995500,94,495.82,536.00,41.82,42.76,1,1,1.000000
1724157158387015100,1,392.65,361.32,380.45,156.19,1,2,1.000000
1724157158387015100,94,494.06,532.22,44.57,49.57,1,1,1.000000
1724157158445560400,1,381.46,361.77,391.45,160.97,1,2,1.000000
1724157158445560400,94,479.47,529.55,65.49,67.94,1,1,1.000000
1724157158511261600,1,376.19,360.39,410.76,164.31,1,2,1.000000
1724157158511261600,94,487.86,529.48,57.57,59.68,1,1,1.000000
1724157158585229000,1,359.42,368.10,408.02,151.97,1,2,1.000000
1724157158585229000,94,474.41,538.86,55.19,61.50,1,1,1.000000
1724157158649010600,1,358.46,365.84,402.72,156.99,1,2,1.000000
1724157158649010600,94,472.75,539.81,59.87,59.57,1,1,1.000000
1724157158707718600,1,356.93,358.63,402.73,158.92,1,2,1.000000
1724157158707718600,94,473.11,547.34,51.08,52.87,1,1,1.000000
1724157158769330300,1,359.48,363.48,399.19,154.55,1,2,1.000000
1724157158769330300,94,472.11,559.67,47.05,40.21,1,1,1.000000
1724157158832927200,1,370.60,360.23,387.61,155.89,1,2,1.000000
1724157158832927200,94,471.25,557.78,50.62,41.91,1,1,1.000000
1724157158904418000,1,367.83,362.37,381.39,152.40,1,2,1.000000
1724157158904418000,94,471.06,556.68,52.40,43.74,1,1,1.000000
1724157158904418000,95,444.62,494.16,51.41,32.65,1,1,1.000000
1724157158961381100,1,371.24,358.94,380.80,153.90,1,2,1.000000
1724157158961381100,94,469.26,563.10,51.91,36.84,1,1,1.000000
1724157158961381100,95,433.95,492.04,67.89,38.96,1,1,1.000000
1724157159026988900,1,371.70,356.28,380.35,156.14,1,2,1.000000
1724157159026988900,94,469.86,562.81,58.70,37.27,1,1,1.000000
1724157159026988900,95,426.88,490.42,79.02,43.91,1,1,1.000000
1724157159090400400,1,355.91,357.61,396.87,153.76,1,2,1.000000
1724157159090400400,94,470.66,562.71,50.97,37.19,1,1,1.000000
1724157159090400400,95,437.27,492.30,65.38,37.78,1,1,1.000000
1724157159162725700,1,350.62,355.27,402.80,162.64,1,2,1.000000
1724157159162725700,94,471.34,550.53,61.44,47.72,1,1,1.000000
1724157159162725700,95,435.57,491.99,69.06,37.48,1,1,1.000000
1724157159223012400,1,374.24,354.30,386.06,167.19,1,2,1.000000
1724157159223012400,95,430.96,492.65,72.57,37.53,1,1,1.000000
1724157159292057300,1,360.40,354.87,391.31,164.26,1,2,1.000000
1724157159292057300,94,471.50,549.95,60.48,49.33,1,1,1.000000
1724157159292057300,95,434.38,490.17,73.08,40.47,1,1,1.000000
1724157159364494200,1,371.49,356.56,381.24,158.31,1,2,1.000000
1724157159364494200,94,471.62,548.85,62.08,50.60,1,1,1.000000
1724157159364494200,95,426.93,491.11,79.21,42.20,1,1,1.000000