1724169344076533600,1,2.35,0.07,133.64,37.13,1,1,1.000000
1724169344110130000,1,2.35,0.07,133.64,37.13,1,1,1.000000
1724169344153392400,1,0.06,0.32,169.13,45.25,1,1,1.000000
1724169344183310600,1,0.06,0.32,169.13,45.25,1,1,1.000000
1724169344183310600,2,0.57,70.62,80.76,83.38,1,1,1.000000
1724169344228474100,1,0.18,0.03,238.27,45.08,1,1,1.000000
1724169344228474100,2,0.50,71.31,118.92,99.30,1,1,1.000000
1724169344273829600,1,0.48,0.00,271.52,42.17,1,1,1.000000
1724169344273829600,2,0.31,68.74,151.08,118.40,1,1,1.000000
1724169344304662400,1,0.48,0.00,271.52,42.17,1,1,1.000000
1724169344304662400,2,0.31,68.74,151.08,118.40,1,1,1.000000
1724169344351641000,1,1.11,0.00,325.72,38.58,1,1,1.000000
1724169344351641000,2,0.49,67.80,186.19,130.26,1,1,1.000000
1724169344382647900,1,3.58,0.01,369.85,49.35,1,1,1.000000
1724169344382647900,2,0.00,67.94,208.36,149.15,1,1,1.000000
1724169344427912900,1,3.58,0.01,369.85,49.35,1,1,1.000000
1724169344427912900,2,0.00,67.94,208.36,149.15,1,1,1.000000
1724169344427912900,3,625.70,126.23,93.84,48.87,1,1,1.000000
1724169344472940300,1,15.82,0.54,391.61,56.89,1,1,1.000000
1724169344472940300,2,0.00,70.27,244.08,149.88,1,1,1.000000
1724169344503248100,1,78.63,0.30,366.23,47.24,1,1,1.000000
1724169344503248100,2,0.00,69.60,265.74,150.30,1,1,1.000000
1724169344548514300,1,102.18,0.64,367.22,42.87,1,1,1.000000
1724169344548514300,2,0.00,67.27,284.01,165.37,1,1,1.000000
1724169344593367000,1,102.18,0.64,367.22,42.87,1,1,1.000000
1724169344593367000,2,0.00,67.27,284.01,165.37,1,1,1.000000
1724169344623855000,2,0.00,65.90,305.05,156.31,1,1,1.000000
1724169344669195600,2,0.00,65.90,305.05,156.31,1,1,1.000000
1724169344713568200,2,0.00,62.37,323.56,153.74,1,1,1.000000
1724169344743939200,2,0.00,62.37,323.56,153.74,1,1,1.000000
1724169344789889500,2,0.00,60.47,353.91,151.88,1,1,1.000000
1724169344835772600,2,0.00,56.82,378.03,153.90,1,1,1.000000
1724169344867438500,2,0.00,56.82,378.03,153.90,1,1,1.000000
1724169344914276900,2,0.00,52.06,403.70,154.21,1,1,1.000000
1724169344957934300,2,0.00,47.06,427.23,148.94,1,1,1.000000
1724169344988519200,2,0.00,47.06,427.23,148.94,1,1,1.000000
1724169345033748700,2,0.47,44.28,458.48,143.29,1,1,1.000000
1724169345063843300,2,0.63,38.96,492.37,163.67,1,1,1.000000
1724169345108156800,2,0.63,38.96,492.37,163.67,1,1,1.000000
1724169345153792300,2,5.31,33.10,506.08,166.11,1,1,1.000000
1724169345184171400,2,14.44,26.80,519.50,166.57,1,1,1.000000
1724169345184171400,4,0.75,10.09,170.24,129.11,1,1,1.000000
1724169345229317600,2,14.44,26.80,519.50,166.57,1,1,1.000000
1724169345229317600,4,0.75,10.09,170.24,129.11,1,1,1.000000
1724169345274445500,2,12.36,19.33,558.38,171.98,1,1,1.000000
1724169345274445500,4,1.19,0.77,248.07,124.88,1,1,1.000000
1724169345303601000,2,21.84,3.19,569.12,178.79,1,1,1.000000
1724169345303601000,4,1.39,1.24,307.99,181.60,1,1,1.000000
1724169345349620100,2,21.84,3.19,569.12,178.79,1,1,1.000000
1724169345349620100,4,1.39,1.24,307.99,181.60,1,1,1.000000
1724169345396277800,2,4.43,0.43,627.19,181.57,1,1,1.000000
1724169345396277800,4,0.00,2.59,317.73,171.66,1,1,1.000000
1724169345427615200,2,4.43,0.43,627.19,181.57,1,1,1.000000
1724169345427615200,4,0.00,2.59,317.73,171.66,1,1,1.000000
1724169345471919600,2,0.00,0.05,668.39,158.16,1,1,1.000000
1724169345502372900,2,0.00,0.05,723.23,128.55,1,1,1.000000
1724169345552133500,2,0.00,0.05,723.23,128.55,1,1,1.000000
1724169345594436700,2,0.00,0.00,766.82,106.50,1,1,1.000000
1724169345624509700,2,0.00,0.00,804.32,101.81,1,1,1.000000
1724169345624509700,5,0.00,353.40,192.72,102.32,1,1,1.000000
1724169345672103300,2,5.56,0.03,823.92,93.38,1,1,1.000000
1724169345672103300,5,0.00,312.80,262.34,146.17,1,1,1.000000
1724169345719759600,2,5.56,0.03,823.92,93.38,1,1,1.000000
1724169345719759600,5,0.00,312.80,262.34,146.17,1,1,1.000000
1724169345748838400,2,123.41,0.03,753.39,91.71,1,1,1.000000
1724169345748838400,5,0.00,300.81,330.57,154.00,1,1,1.000000
1724169345792971900,2,123.41,0.03,753.39,91.71,1,1,1.000000
1724169345792971900,5,0.00,300.81,330.57,154.00,1,1,1.000000
1724169345822061900,2,214.64,0.02,670.27,87.20,1,1,1.000000
1724169345822061900,5,0.52,304.62,379.50,143.68,1,1,1.000000
1724169345868849400,2,316.54,0.00,573.35,84.65,1,1,1.000000
1724169345868849400,5,0.00,308.80,448.30,131.28,1,1,1.000000
1724169345868849400,8,0.00,196.08,203.30,127.30,1,1,1.000000
1724169345914430700,2,316.54,0.00,573.35,84.65,1,1,1.000000
1724169345914430700,5,0.00,308.80,448.30,131.28,1,1,1.000000
1724169345914430700,8,0.00,196.08,203.30,127.30,1,1,1.000000
1724169345914430700,9,0.44,17.70,117.83,99.63,1,1,1.000000
1724169345914430700,10,294.84,0.39,197.90,61.74,1,1,1.000000
1724169345944479000,2,368.08,0.00,645.90,84.19,1,1,1.000000
1724169345944479000,5,9.01,300.21,505.78,134.62,1,1,1.000000
1724169345944479000,8,0.00,189.47,272.01,119.47,1,1,1.000000
1724169345944479000,9,0.66,7.38,174.49,121.85,1,1,1.000000
1724169345989516700,2,483.78,0.03,587.36,80.84,1,1,1.000000
1724169345989516700,5,74.85,303.53,506.83,128.89,1,1,1.000000
1724169345989516700,8,0.01,178.80,328.25,144.49,1,1,1.000000
1724169345989516700,9,0.20,1.95,237.46,125.76,1,1,1.000000
1724169346037318600,2,483.78,0.03,587.36,80.84,1,1,1.000000
1724169346037318600,5,74.85,303.53,506.83,128.89,1,1,1.000000
1724169346037318600,8,0.01,178.80,328.25,144.49,1,1,1.000000
1724169346037318600,9,0.20,1.95,237.46,125.76,1,1,1.000000
1724169346065143700,2,544.64,0.03,631.75,78.16,1,1,1.000000
1724169346065143700,5,169.09,308.20,476.21,119.41,1,1,1.000000
1724169346065143700,8,0.03,169.13,408.33,140.82,1,1,1.000000
1724169346065143700,9,0.00,0.58,301.85,125.80,1,1,1.000000
1724169346110271400,2,595.28,0.00,679.30,81.76,1,1,1.000000
1724169346110271400,5,233.99,310.06,472.23,120.86,1,1,1.000000
1724169346110271400,8,0.00,167.13,487.37,138.43,1,1,1.000000
1724169346110271400,9,0.00,0.71,359.25,125.27,1,1,1.000000
1724169346141258800,2,595.28,0.00,679.30,81.76,1,1,1.000000
1724169346141258800,5,233.99,310.06,472.23,120.86,1,1,1.000000
1724169346141258800,8,0.00,167.13,487.37,138.43,1,1,1.000000
1724169346141258800,9,0.00,0.71,359.25,125.27,1,1,1.000000
1724169346187902000,2,782.97,0.00,495.01,84.44,1,1,1.000000
1724169346187902000,5,261.78,303.43,501.83,145.55,1,1,1.000000
1724169346187902000,8,1.07,164.32,525.00,141.62,1,1,1.000000
1724169346187902000,9,0.00,0.52,422.66,124.58,1,1,1.000000
1724169346232168700,2,782.97,0.00,495.01,84.44,1,1,1.000000
1724169346232168700,5,261.78,303.43,501.83,145.55,1,1,1.000000
1724169346232168700,8,1.07,164.32,525.00,141.62,1,1,1.000000
1724169346232168700,9,0.00,0.52,422.66,124.58,1,1,1.000000
1724169346263159800,2,854.87,0.00,422.19,90.40,1,1,1.000000
1724169346263159800,5,292.90,300.60,516.13,148.20,1,1,1.000000
1724169346263159800,8,1.46,168.15,573.98,134.85,1,1,1.000000
1724169346263159800,9,0.89,0.33,467.07,124.22,1,1,1.000000
1724169346310102200,2,870.49,0.13,408.21,100.93,1,1,1.000000
1724169346310102200,5,320.47,304.98,542.83,167.73,1,1,1.000000
1724169346310102200,8,6.78,165.27,625.06,141.22,1,1,1.000000
1724169346310102200,9,1.47,0.23,513.91,129.32,1,1,1.000000
1724169346310102200,11,0.00,377.84,109.51,136.92,1,1,1.000000
1724169346352825300,2,870.49,0.13,408.21,100.93,1,1,1.000000
1724169346352825300,5,320.47,304.98,542.83,167.73,1,1,1.000000
1724169346352825300,8,6.78,165.27,625.06,141.22,1,1,1.000000
1724169346352825300,9,1.47,0.23,513.91,129.32,1,1,1.000000
1724169346352825300,11,0.00,377.84,109.51,136.92,1,1,1.000000
1724169346384968200,2,827.99,0.01,449.36,111.94,1,1,1.000000
1724169346384968200,5,368.47,308.43,535.48,155.96,1,1,1.000000
1724169346384968200,8,70.01,172.76,606.70,139.02,1,1,1.000000
1724169346384968200,9,1.14,0.06,540.43,136.39,1,1,1.000000
1724169346384968200,11,0.16,385.09,138.39,155.32,1,1,1.000000
1724169346428641800,2,868.52,0.00,410.67,120.99,1,1,1.000000
1724169346428641800,5,428.94,317.57,503.18,146.90,1,1,1.000000
1724169346428641800,8,116.26,177.46,580.31,142.68,1,1,1.000000
1724169346428641800,9,1.11,0.22,573.74,143.11,1,1,1.000000
1724169346428641800,11,0.00,395.62,174.51,155.96,1,1,1.000000
1724169346473497600,2,825.93,0.72,454.28,138.47,1,1,1.000000
1724169346473497600,5,470.73,324.49,490.91,141.31,1,1,1.000000
1724169346473497600,8,219.48,188.15,530.16,139.09,1,1,1.000000
1724169346473497600,9,0.00,0.32,603.60,158.00,1,1,1.000000
1724169346473497600,11,0.24,412.30,208.22,149.70,1,1,1.000000
1724169346503382700,2,825.93,0.72,454.28,138.47,1,1,1.000000
1724169346503382700,5,470.73,324.49,490.91,141.31,1,1,1.000000
1724169346503382700,8,219.48,188.15,530.16,139.09,1,1,1.000000
1724169346503382700,9,0.00,0.32,603.60,158.00,1,1,1.000000
1724169346503382700,11,0.24,412.30,208.22,149.70,1,1,1.000000
1724169346503382700,12,0.60,72.07,59.78,65.94,1,1,1.000000
1724169346549041100,2,967.84,0.13,312.19,143.49,1,1,1.000000
1724169346549041100,5,510.80,330.00,501.10,149.83,1,1,1.000000
1724169346549041100,8,228.72,185.02,541.09,147.67,1,1,1.000000
1724169346549041100,9,2.93,0.40,636.01,166.50,1,1,1.000000
1724169346549041100,11,0.09,429.74,231.50,141.95,1,1,1.000000
1724169346549041100,12,0.13,90.02,77.05,60.36,1,1,1.000000
1724169346597432200,2,967.84,0.13,312.19,143.49,1,1,1.000000
1724169346597432200,5,510.80,330.00,501.10,149.83,1,1,1.000000
1724169346597432200,8,228.72,185.02,541.09,147.67,1,1,1.000000
1724169346597432200,9,2.93,0.40,636.01,166.50,1,1,1.000000
1724169346597432200,11,0.09,429.74,231.50,141.95,1,1,1.000000
1724169346597432200,12,0.13,90.02,77.05,60.36,1,1,1.000000
1724169346628226700,2,1022.81,0.48,256.37,146.06,1,1,1.000000
1724169346628226700,5,543.16,336.43,514.45,154.32,1,1,1.000000
1724169346628226700,8,276.66,190.00,531.00,145.35,1,1,1.000000
1724169346628226700,9,39.18,0.55,633.46,177.24,1,1,1.000000
1724169346628226700,11,0.00,428.68,265.28,157.18,1,1,1.000000
1724169346628226700,12,0.09,78.63,95.90,73.16,1,1,1.000000
1724169346673244200,2,1022.81,0.48,256.37,146.06,1,1,1.000000
1724169346673244200,5,543.16,336.43,514.45,154.32,1,1,1.000000
1724169346673244200,8,276.66,190.00,531.00,145.35,1,1,1.000000
1724169346673244200,9,39.18,0.55,633.46,177.24,1,1,1.000000
1724169346673244200,11,0.00,428.68,265.28,157.18,1,1,1.000000
1724169346673244200,12,0.09,78.63,95.90,73.16,1,1,1.000000
1724169346704019100,2,1075.58,1.55,205.27,151.18,1,1,1.000000
1724169346704019100,5,561.21,341.35,541.89,157.53,1,1,1.000000
1724169346704019100,8,291.82,197.05,557.89,146.06,1,1,1.000000
1724169346704019100,9,61.99,0.00,645.29,189.04,1,1,1.000000
1724169346704019100,11,0.00,437.94,294.08,162.02,1,1,1.000000
1724169346704019100,12,0.59,77.85,126.15,76.19,1,1,1.000000
1724169346750576000,2,1110.55,6.15,169.46,139.86,1,1,1.000000
1724169346750576000,5,588.05,357.54,574.76,150.95,1,1,1.000000
1724169346750576000,8,309.97,200.71,599.49,161.12,1,1,1.000000
1724169346750576000,9,164.89,5.34,583.46,189.24,1,1,1.000000
1724169346750576000,11,0.70,441.97,330.38,173.80,1,1,1.000000
1724169346750576000,12,0.41,47.28,163.62,113.55,1,1,1.000000
1724169346796076100,2,1110.55,6.15,169.46,139.86,1,1,1.000000
1724169346796076100,5,588.05,357.54,574.76,150.95,1,1,1.000000
1724169346796076100,8,309.97,200.71,599.49,161.12,1,1,1.000000
1724169346796076100,9,164.89,5.34,583.46,189.24,1,1,1.000000
1724169346796076100,11,0.70,441.97,330.38,173.80,1,1,1.000000
1724169346796076100,12,0.41,47.28,163.62,113.55,1,1,1.000000
1724169346826616200,2,1153.67,11.68,126.46,136.89,1,1,1.000000
1724169346826616200,5,613.74,368.09,602.23,145.79,1,1,1.000000
1724169346826616200,8,381.82,205.15,576.98,158.99,1,1,1.000000
1724169346826616200,9,192.52,0.24,590.68,206.01,1,1,1.000000
1724169346826616200,11,0.86,450.85,364.56,182.78,1,1,1.000000
1724169346826616200,12,0.00,24.44,205.81,139.20,1,1,1.000000
1724169346871149400,5,680.98,366.53,565.93,149.85,1,1,1.000000
1724169346871149400,8,451.58,209.64,543.00,157.85,1,1,1.000000
1724169346871149400,9,247.25,12.78,573.50,194.71,1,1,1.000000
1724169346871149400,11,1.56,452.66,409.42,186.39,1,1,1.000000
1724169346871149400,12,0.00,23.01,247.08,144.89,1,1,1.000000
1724169346871149400,13,295.54,682.83,282.26,36.38,1,1,1.000000
1724169346919010500,5,680.98,366.53,565.93,149.85,1,1,1.000000
1724169346919010500,8,451.58,209.64,543.00,157.85,1,1,1.000000
1724169346919010500,9,247.25,12.78,573.50,194.71,1,1,1.000000
1724169346919010500,11,1.56,452.66,409.42,186.39,1,1,1.000000
1724169346919010500,12,0.00,23.01,247.08,144.89,1,1,1.000000
1724169346919010500,13,295.54,682.83,282.26,36.38,1,1,1.000000
1724169346947131400,5,720.20,361.12,558.33,152.41,1,1,1.000000
1724169346947131400,8,487.91,213.32,568.15,157.71,1,1,1.000000
1724169346947131400,9,286.05,0.61,577.30,213.10,1,1,1.000000
1724169346947131400,11,0.00,448.29,460.85,193.68,1,1,1.000000
1724169346947131400,12,0.00,14.59,286.30,157.78,1,1,1.000000
1724169346947131400,13,308.12,681.44,313.56,37.46,1,1,1.000000
1724169346992958100,5,769.01,357.06,509.96,158.71,1,1,1.000000
1724169346992958100,8,551.78,211.83,543.07,161.25,1,1,1.000000
1724169346992958100,9,319.90,1.72,585.44,211.98,1,1,1.000000
1724169346992958100,11,0.00,406.77,509.63,242.61,1,1,1.000000
1724169346992958100,12,0.00,3.92,318.15,174.57,1,1,1.000000
1724169346992958100,13,329.36,675.23,315.13,44.13,1,1,1.000000
1724169347023474100,5,769.01,357.06,509.96,158.71,1,1,1.000000
1724169347023474100,8,551.78,211.83,543.07,161.25,1,1,1.000000
1724169347023474100,9,319.90,1.72,585.44,211.98,1,1,1.000000
1724169347023474100,11,0.00,406.77,509.63,242.61,1,1,1.000000
1724169347023474100,12,0.00,3.92,318.15,174.57,1,1,1.000000
1724169347023474100,13,329.36,675.23,315.13,44.13,1,1,1.000000
1724169347069430700,5,815.94,359.11,463.09,153.79,1,1,1.000000
1724169347069430700,8,584.75,205.70,576.14,171.37,1,1,1.000000
1724169347069430700,9,355.49,14.93,590.39,200.30,1,1,1.000000
1724169347069430700,11,70.85,426.10,486.34,232.42,1,1,1.000000
1724169347069430700,12,0.00,12.87,353.13,173.08,1,1,1.000000
1724169347069430700,13,349.27,671.85,327.40,47.68,1,1,1.000000
1724169347117334400,5,873.49,368.93,405.36,137.44,1,1,1.000000
1724169347117334400,8,628.21,206.37,599.52,176.11,1,1,1.000000
1724169347117334400,9,420.71,39.99,562.42,170.71,1,1,1.000000
1724169347117334400,11,108.67,468.92,495.40,204.04,1,1,1.000000
1724169347117334400,12,0.36,26.22,383.52,169.70,1,1,1.000000
1724169347117334400,13,379.74,667.38,331.11,52.32,1,1,1.000000
1724169347147908800,5,873.49,368.93,405.36,137.44,1,1,1.000000
1724169347147908800,8,628.21,206.37,599.52,176.11,1,1,1.000000
1724169347147908800,9,420.71,39.99,562.42,170.71,1,1,1.000000
1724169347147908800,11,108.67,468.92,495.40,204.04,1,1,1.000000
1724169347147908800,12,0.36,26.22,383.52,169.70,1,1,1.000000
1724169347147908800,13,379.74,667.38,331.11,52.32,1,1,1.000000
1724169347192489100,5,908.89,371.98,370.71,124.79,1,1,1.000000
1724169347192489100,8,674.01,203.06,603.25,183.89,1,1,1.000000
1724169347192489100,9,448.22,52.21,570.25,154.39,1,1,1.000000
1724169347192489100,11,126.55,512.80,525.66,166.95,1,1,1.000000
1724169347192489100,12,0.12,42.43,411.78,164.18,1,1,1.000000
1724169347192489100,13,405.00,670.26,350.09,49.11,1,1,1.000000
1724169347222419500,5,949.22,375.99,330.93,98.73,1,1,1.000000
1724169347222419500,8,699.25,210.08,579.95,168.26,1,1,1.000000
1724169347222419500,9,494.36,47.65,543.40,152.51,1,1,1.000000
1724169347222419500,11,161.83,532.76,546.78,153.63,1,1,1.000000
1724169347222419500,12,0.09,55.54,437.20,161.78,1,1,1.000000
1724169347222419500,13,381.82,669.90,411.24,49.11,1,1,1.000000
1724169347269472800,5,949.22,375.99,330.93,98.73,1,1,1.000000
1724169347269472800,8,699.25,210.08,579.95,168.26,1,1,1.000000
1724169347269472800,9,494.36,47.65,543.40,152.51,1,1,1.000000
1724169347269472800,11,161.83,532.76,546.78,153.63,1,1,1.000000
1724169347269472800,12,0.09,55.54,437.20,161.78,1,1,1.000000
1724169347269472800,13,381.82,669.90,411.24,49.11,1,1,1.000000
1724169347314525600,5,1020.90,367.35,258.41,112.06,1,1,1.000000
1724169347314525600,8,739.25,212.87,538.41,159.75,1,1,1.000000
1724169347314525600,9,539.57,40.37,524.79,153.23,1,1,1.000000
1724169347314525600,11,243.15,534.78,520.10,150.18,1,1,1.000000
1724169347314525600,12,0.00,67.74,464.38,158.43,1,1,1.000000
1724169347314525600,13,402.08,672.33,447.64,46.65,1,1,1.000000
1724169347345000200,5,1073.89,356.16,206.97,88.35,1,1,1.000000
1724169347345000200,8,784.55,203.27,495.81,162.82,1,1,1.000000
1724169347345000200,9,581.86,37.85,513.50,148.28,1,1,1.000000
1724169347345000200,11,303.10,522.53,508.78,157.69,1,1,1.000000
1724169347345000200,12,0.00,80.14,500.06,154.28,1,1,1.000000
1724169347345000200,13,423.74,662.23,485.63,57.67,1,1,1.000000
1724169347391560200,5,1073.89,356.16,206.97,88.35,1,1,1.000000
1724169347391560200,8,784.55,203.27,495.81,162.82,1,1,1.000000
1724169347391560200,9,581.86,37.85,513.50,148.28,1,1,1.000000
1724169347391560200,11,303.10,522.53,508.78,157.69,1,1,1.000000
1724169347391560200,12,0.00,80.14,500.06,154.28,1,1,1.000000
1724169347391560200,13,423.74,662.23,485.63,57.67,1,1,1.000000
1724169347436587300,5,1088.86,341.11,191.97,98.04,1,1,1.000000
1724169347436587300,8,830.94,197.79,446.99,172.94,1,1,1.000000
1724169347436587300,9,612.99,34.56,534.05,148.83,1,1,1.000000
1724169347436587300,11,345.39,511.36,534.73,165.21,1,1,1.000000
1724169347436587300,12,0.00,85.10,524.13,155.00,1,1,1.000000
1724169347436587300,13,474.71,663.31,461.07,55.72,1,1,1.000000
1724169347465868400,5,1137.88,331.84,142.65,70.24,1,1,1.000000
1724169347465868400,8,869.90,181.65,409.03,160.58,1,1,1.000000
1724169347465868400,9,639.87,27.55,553.45,149.80,1,1,1.000000
1724169347465868400,11,407.38,517.03,516.79,156.08,1,1,1.000000
1724169347465868400,12,18.34,84.02,542.80,157.35,1,1,1.000000
1724169347465868400,13,514.82,660.61,474.18,59.12,1,1,1.000000
1724169347512448800,5,1137.88,331.84,142.65,70.24,1,1,1.000000
1724169347512448800,8,869.90,181.65,409.03,160.58,1,1,1.000000
1724169347512448800,9,639.87,27.55,553.45,149.80,1,1,1.000000
1724169347512448800,11,407.38,517.03,516.79,156.08,1,1,1.000000
1724169347512448800,12,18.34,84.02,542.80,157.35,1,1,1.000000
1724169347512448800,13,514.82,660.61,474.18,59.12,1,1,1.000000
1724169347543721500,5,1137.88,331.84,142.65,70.24,1,1,1.000000
1724169347543721500,8,869.90,181.65,409.03,160.58,1,1,1.000000
1724169347543721500,9,639.87,27.55,553.45,149.80,1,1,1.000000
1724169347543721500,11,407.38,517.03,516.79,156.08,1,1,1.000000
1724169347543721500,12,18.34,84.02,542.80,157.35,1,1,1.000000
1724169347543721500,13,514.82,660.61,474.18,59.12,1,1,1.000000
1724169347588318600,8,966.27,175.20,313.93,155.56,1,1,1.000000
1724169347588318600,9,721.34,9.06,555.70,156.70,1,1,1.000000
1724169347588318600,11,454.46,553.22,573.39,105.78,1,1,1.000000
1724169347588318600,12,114.71,88.09,501.13,152.62,1,1,1.000000
1724169347588318600,13,565.90,651.28,468.35,68.16,1,1,1.000000
1724169347633607200,8,966.27,175.20,313.93,155.56,1,1,1.000000
1724169347633607200,9,721.34,9.06,555.70,156.70,1,1,1.000000
1724169347633607200,11,454.46,553.22,573.39,105.78,1,1,1.000000
1724169347633607200,12,114.71,88.09,501.13,152.62,1,1,1.000000
1724169347633607200,13,565.90,651.28,468.35,68.16,1,1,1.000000
1724169347633607200,16,1096.86,674.40,182.71,44.63,1,1,1.000000
1724169347633607200,17,230.33,691.64,210.69,28.02,1,1,1.000000
1724169347667619300,8,999.50,166.21,280.54,137.50,1,1,1.000000
1724169347667619300,9,779.80,1.37,497.76,162.23,1,1,1.000000
1724169347667619300,11,500.35,551.10,571.12,104.68,1,1,1.000000
1724169347667619300,12,123.35,92.81,516.97,146.75,1,1,1.000000
1724169347667619300,13,603.71,647.88,452.58,71.70,1,1,1.000000
1724169347667619300,16,1079.35,668.59,199.67,50.44,1,1,1.000000
1724169347711721900,8,999.50,166.21,280.54,137.50,1,1,1.000000
1724169347711721900,9,779.80,1.37,497.76,162.23,1,1,1.000000
1724169347711721900,11,500.35,551.10,571.12,104.68,1,1,1.000000
1724169347711721900,12,123.35,92.81,516.97,146.75,1,1,1.000000
1724169347711721900,13,603.71,647.88,452.58,71.70,1,1,1.000000
1724169347711721900,16,1079.35,668.59,199.67,50.44,1,1,1.000000
1724169347757779100,8,1050.38,174.25,229.61,128.64,1,1,1.000000
1724169347757779100,9,807.31,0.78,470.77,154.73,1,1,1.000000
1724169347757779100,11,546.63,548.73,569.05,106.88,1,1,1.000000
1724169347757779100,12,117.87,98.90,548.93,142.77,1,1,1.000000
1724169347757779100,13,629.45,645.93,429.33,72.93,1,1,1.000000
1724169347757779100,16,1075.75,664.48,203.77,53.34,1,1,1.000000
1724169347788394600,8,1112.11,181.76,166.70,128.33,1,1,1.000000
1724169347788394600,9,818.36,0.92,459.50,146.57,1,1,1.000000
1724169347788394600,11,592.00,539.36,562.50,116.54,1,1,1.000000
1724169347788394600,12,136.01,104.58,566.92,138.66,1,1,1.000000
1724169347788394600,13,655.99,644.95,461.90,74.64,1,1,1.000000
1724169347788394600,16,1047.92,660.22,233.11,57.12,1,1,1.000000
1724169347836082400,8,1112.11,181.76,166.70,128.33,1,1,1.000000
1724169347836082400,9,818.36,0.92,459.50,146.57,1,1,1.000000
1724169347836082400,11,592.00,539.36,562.50,116.54,1,1,1.000000
1724169347836082400,12,136.01,104.58,566.92,138.66,1,1,1.000000
1724169347836082400,13,655.99,644.95,461.90,74.64,1,1,1.000000
1724169347836082400,16,1047.92,660.22,233.11,57.12,1,1,1.000000
1724169347876592600,8,1160.89,183.04,118.39,115.41,1,1,1.000000
1724169347876592600,9,844.47,0.53,433.97,131.81,1,1,1.000000
1724169347876592600,11,613.25,529.36,590.57,127.34,1,1,1.000000
1724169347876592600,12,169.92,104.97,564.16,138.97,1,1,1.000000
1724169347876592600,13,692.95,635.90,456.07,83.91,1,1,1.000000
1724169347876592600,16,1047.20,650.87,233.21,67.33,1,1,1.000000
1724169347920736400,8,1160.89,183.04,118.39,115.41,1,1,1.000000
1724169347920736400,9,844.47,0.53,433.97,131.81,1,1,1.000000
1724169347920736400,11,613.25,529.36,590.57,127.34,1,1,1.000000
1724169347920736400,12,169.92,104.97,564.16,138.97,1,1,1.000000
1724169347920736400,13,692.95,635.90,456.07,83.91,1,1,1.000000
1724169347920736400,16,1047.20,650.87,233.21,67.33,1,1,1.000000
1724169347954321800,8,1203.82,153.67,75.71,129.02,1,1,1.000000
1724169347954321800,9,881.06,0.55,397.01,119.18,1,1,1.000000
1724169347954321800,11,670.97,517.34,556.69,130.57,1,1,1.000000
1724169347954321800,12,185.39,107.33,579.51,137.18,1,1,1.000000
1724169347954321800,13,712.30,619.30,372.70,99.79,1,1,1.000000
1724169347984698000,9,893.37,0.00,385.45,111.25,1,1,1.000000
1724169347984698000,11,715.95,507.20,553.93,137.33,1,1,1.000000
1724169347984698000,12,243.71,107.62,546.35,137.17,1,1,1.000000
1724169347984698000,13,713.21,532.48,518.38,185.56,1,1,1.000000
1724169347984698000,18,0.00,390.85,93.24,71.96,1,1,1.000000
1724169348030976900,9,893.37,0.00,385.45,111.25,1,1,1.000000
1724169348030976900,11,715.95,507.20,553.93,137.33,1,1,1.000000
1724169348030976900,12,243.71,107.62,546.35,137.17,1,1,1.000000
1724169348030976900,13,713.21,532.48,518.38,185.56,1,1,1.000000
1724169348030976900,18,0.00,390.85,93.24,71.96,1,1,1.000000
1724169348076949800,9,940.65,0.46,337.62,102.51,1,1,1.000000
1724169348076949800,11,755.11,490.54,522.68,166.42,1,1,1.000000
1724169348076949800,12,292.48,108.07,513.86,137.59,1,1,1.000000
1724169348076949800,13,756.72,593.18,520.20,124.15,1,1,1.000000
1724169348076949800,18,0.00,382.12,107.52,84.52,1,1,1.000000
1724169348108216400,9,971.94,0.00,307.29,92.78,1,1,1.000000
1724169348108216400,11,791.94,481.85,487.81,232.78,1,1,1.000000
1724169348108216400,12,328.91,107.18,502.42,138.34,1,1,1.000000
1724169348108216400,18,0.65,373.07,129.07,97.19,1,1,1.000000
1724169348108216400,19,428.22,681.32,270.16,38.16,1,1,1.000000
1724169348155805600,9,1017.21,0.00,262.49,84.73,1,1,1.000000
1724169348155805600,11,835.36,474.32,444.54,237.70,1,1,1.000000
1724169348155805600,12,364.25,107.60,499.49,134.18,1,1,1.000000
1724169348155805600,18,0.00,367.91,155.76,110.47,1,1,1.000000
1724169348155805600,19,458.63,680.44,253.32,39.21,1,1,1.000000
1724169348155805600,16,902.41,649.17,377.36,68.93,1,1,1.000000
1724169348184215200,9,1017.21,0.00,262.49,84.73,1,1,1.000000
1724169348184215200,11,835.36,474.32,444.54,237.70,1,1,1.000000
1724169348184215200,12,364.25,107.60,499.49,134.18,1,1,1.000000
1724169348184215200,18,0.00,367.91,155.76,110.47,1,1,1.000000
1724169348184215200,19,458.63,680.44,253.32,39.21,1,1,1.000000
1724169348184215200,16,902.41,649.17,377.36,68.93,1,1,1.000000
1724169348230497500,9,1036.90,0.00,243.60,84.70,1,1,1.000000
1724169348230497500,11,882.58,467.85,396.34,163.77,1,1,1.000000
1724169348230497500,12,379.70,106.42,512.93,136.16,1,1,1.000000
1724169348230497500,18,0.00,359.71,172.82,118.31,1,1,1.000000
1724169348230497500,19,475.47,681.18,264.53,38.23,1,1,1.000000
1724169348230497500,16,864.90,653.00,412.86,65.72,1,1,1.000000
1724169348274071800,9,1042.96,0.00,237.28,81.48,1,1,1.000000
1724169348274071800,11,920.45,465.16,359.33,147.19,1,1,1.000000
1724169348274071800,12,392.52,106.78,530.13,134.77,1,1,1.000000
1724169348274071800,18,0.00,357.17,190.72,119.76,1,1,1.000000
1724169348274071800,19,475.36,681.86,286.66,37.85,1,1,1.000000
1724169348274071800,16,973.40,654.87,306.34,64.64,1,1,1.000000
1724169348304509000,9,1042.96,0.00,237.28,81.48,1,1,1.000000
1724169348304509000,11,920.45,465.16,359.33,147.19,1,1,1.000000
1724169348304509000,12,392.52,106.78,530.13,134.77,1,1,1.000000
1724169348304509000,18,0.00,357.17,190.72,119.76,1,1,1.000000
1724169348304509000,19,475.36,681.86,286.66,37.85,1,1,1.000000
1724169348304509000,16,973.40,654.87,306.34,64.64,1,1,1.000000
1724169348350059000,9,1065.20,0.00,214.75,76.17,1,1,1.000000
1724169348350059000,11,942.06,463.20,338.62,133.90,1,1,1.000000
1724169348350059000,12,418.76,110.13,546.30,137.83,1,1,1.000000
1724169348350059000,18,0.19,351.58,214.25,123.76,1,1,1.000000
1724169348350059000,19,476.93,682.63,336.08,37.05,1,1,1.000000
1724169348350059000,16,980.93,664.03,297.43,54.96,1,1,1.000000
1724169348395277100,9,1094.25,0.00,186.12,69.11,1,1,1.000000
1724169348395277100,11,982.66,477.86,297.36,112.68,1,1,1.000000
1724169348395277100,12,450.21,112.27,557.64,136.89,1,1,1.000000
1724169348395277100,18,0.00,345.92,240.34,126.10,1,1,1.000000
1724169348395277100,19,521.23,671.69,319.26,48.28,1,1,1.000000
1724169348395277100,16,995.41,672.79,282.31,46.32,1,1,1.000000
1724169348425726300,9,1094.25,0.00,186.12,69.11,1,1,1.000000
1724169348425726300,11,982.66,477.86,297.36,112.68,1,1,1.000000
1724169348425726300,12,450.21,112.27,557.64,136.89,1,1,1.000000
1724169348425726300,18,0.00,345.92,240.34,126.10,1,1,1.000000
1724169348425726300,19,521.23,671.69,319.26,48.28,1,1,1.000000
1724169348425726300,16,995.41,672.79,282.31,46.32,1,1,1.000000
1724169348470923800,9,1140.57,0.34,139.42,52.49,1,1,1.000000
1724169348470923800,11,1005.83,482.51,275.60,99.44,1,1,1.000000
1724169348470923800,12,502.27,113.86,543.82,136.69,1,1,1.000000
1724169348470923800,18,0.11,338.33,272.40,139.16,1,1,1.000000
1724169348470923800,19,565.45,668.79,306.11,51.39,1,1,1.000000
1724169348470923800,16,1029.54,679.98,248.73,39.51,1,1,1.000000
1724169348520364400,11,1053.54,480.49,226.83,103.09,1,1,1.000000
1724169348520364400,12,552.75,116.92,533.13,133.52,1,1,1.000000
1724169348520364400,18,0.31,329.80,308.74,144.98,1,1,1.000000
1724169348520364400,19,619.61,662.27,268.37,57.92,1,1,1.000000
1724169348520364400,16,1048.92,681.05,228.37,38.89,1,1,1.000000
1724169348549830900,11,1053.54,480.49,226.83,103.09,1,1,1.000000
1724169348549830900,12,552.75,116.92,533.13,133.52,1,1,1.000000
1724169348549830900,18,0.31,329.80,308.74,144.98,1,1,1.000000
1724169348549830900,19,619.61,662.27,268.37,57.92,1,1,1.000000
1724169348549830900,16,1048.92,681.05,228.37,38.89,1,1,1.000000
1724169348595836900,11,1106.49,483.89,173.84,97.73,1,1,1.000000
1724169348595836900,12,582.61,117.03,541.84,135.79,1,1,1.000000
1724169348595836900,18,0.24,317.09,341.65,140.14,1,1,1.000000
1724169348595836900,19,630.45,660.65,302.64,59.11,1,1,1.000000
1724169348595836900,16,1071.85,673.10,192.99,46.23,1,1,1.000000
1724169348625251100,11,1106.49,483.89,173.84,97.73,1,1,1.000000
1724169348625251100,12,582.61,117.03,541.84,135.79,1,1,1.000000
1724169348625251100,18,0.24,317.09,341.65,140.14,1,1,1.000000
1724169348625251100,19,630.45,660.65,302.64,59.11,1,1,1.000000
1724169348625251100,16,1071.85,673.10,192.99,46.23,1,1,1.000000
1724169348625251100,21,0.24,640.60,148.62,79.39,1,1,1.000000
1724169348625251100,22,1074.55,673.58,123.20,46.08,1,1,1.000000
1724169348670683200,11,1165.79,494.88,114.10,97.46,1,1,1.000000
1724169348670683200,12,614.54,118.23,540.72,140.53,1,1,1.000000
1724169348670683200,18,0.43,304.89,372.29,153.36,1,1,1.000000
1724169348670683200,19,650.58,660.25,317.85,59.76,1,1,1.000000
1724169348670683200,21,0.00,629.01,184.33,90.88,1,1,1.000000
1724169348716565100,12,648.37,121.60,550.78,139.72,1,1,1.000000
1724169348716565100,18,0.57,291.48,397.58,154.35,1,1,1.000000
1724169348716565100,19,655.12,659.08,342.02,60.61,1,1,1.000000
1724169348716565100,21,0.16,613.79,216.45,106.09,1,1,1.000000
1724169348749502700,12,648.37,121.60,550.78,139.72,1,1,1.000000
1724169348749502700,18,0.57,291.48,397.58,154.35,1,1,1.000000
1724169348749502700,19,655.12,659.08,342.02,60.61,1,1,1.000000
1724169348749502700,21,0.16,613.79,216.45,106.09,1,1,1.000000
1724169348793486600,12,689.75,123.87,560.46,141.23,1,1,1.000000
1724169348793486600,18,0.00,272.31,438.38,166.81,1,1,1.000000
1724169348793486600,19,651.45,658.26,367.44,61.41,1,1,1.000000
1724169348793486600,21,0.00,590.66,259.90,129.32,1,1,1.000000
1724169348826133000,12,689.75,123.87,560.46,141.23,1,1,1.000000
1724169348826133000,18,0.00,272.31,438.38,166.81,1,1,1.000000
1724169348826133000,19,651.45,658.26,367.44,61.41,1,1,1.000000
1724169348826133000,21,0.00,590.66,259.90,129.32,1,1,1.000000
1724169348871024400,12,730.06,118.25,549.00,145.64,1,1,1.000000
1724169348871024400,18,0.40,259.02,475.48,176.70,1,1,1.000000
1724169348871024400,19,643.47,657.57,414.78,62.30,1,1,1.000000
1724169348871024400,21,0.00,568.14,300.92,152.20,1,1,1.000000
1724169348919541800,12,774.00,116.85,505.44,149.01,1,1,1.000000
1724169348919541800,18,0.49,237.13,512.67,177.03,1,1,1.000000
1724169348919541800,19,615.98,651.94,485.26,68.03,1,1,1.000000
1724169348919541800,21,0.00,556.77,373.19,161.22,1,1,1.000000
1724169348948155200,12,774.00,116.85,505.44,149.01,1,1,1.000000
1724169348948155200,18,0.49,237.13,512.67,177.03,1,1,1.000000
1724169348948155200,19,615.98,651.94,485.26,68.03,1,1,1.000000
1724169348948155200,21,0.00,556.77,373.19,161.22,1,1,1.000000
1724169348995801500,12,824.09,114.44,456.36,148.28,1,1,1.000000
1724169348995801500,18,0.50,220.27,553.74,173.95,1,1,1.000000
1724169348995801500,19,653.62,644.26,479.91,74.79,1,1,1.000000
1724169348995801500,21,0.00,545.53,390.25,169.34,1,1,1.000000
1724169349026209800,12,876.95,113.87,402.48,149.13,1,1,1.000000
1724169349026209800,18,0.12,205.36,597.39,210.33,1,1,1.000000
1724169349026209800,19,697.54,637.67,488.20,81.58,1,1,1.000000
1724169349026209800,21,0.00,535.09,420.03,165.07,1,1,1.000000
1724169349070046500,12,876.95,113.87,402.48,149.13,1,1,1.000000
1724169349070046500,18,0.12,205.36,597.39,210.33,1,1,1.000000
1724169349070046500,19,697.54,637.67,488.20,81.58,1,1,1.000000
1724169349070046500,21,0.00,535.09,420.03,165.07,1,1,1.000000
1724169349116233000,12,922.83,103.41,357.56,154.75,1,1,1.000000
1724169349116233000,18,18.70,193.52,622.83,203.39,1,1,1.000000
1724169349116233000,19,736.93,635.73,498.10,83.46,1,1,1.000000
1724169349116233000,21,0.00,532.11,491.02,140.40,1,1,1.000000
1724169349147751100,12,922.83,103.41,357.56,154.75,1,1,1.000000
1724169349147751100,18,18.70,193.52,622.83,203.39,1,1,1.000000
1724169349147751100,19,736.93,635.73,498.10,83.46,1,1,1.000000
1724169349147751100,21,0.00,532.11,491.02,140.40,1,1,1.000000
1724169349192049400,12,983.91,110.06,296.53,141.61,1,1,1.000000
1724169349192049400,18,42.37,188.03,641.19,173.99,1,1,1.000000
1724169349192049400,19,790.19,634.41,487.79,84.96,1,1,1.000000
1724169349192049400,21,0.00,534.67,538.17,126.46,1,1,1.000000
1724169349224632500,12,1014.81,122.99,264.96,127.30,1,1,1.000000
1724169349224632500,18,132.03,187.22,592.74,144.88,1,1,1.000000
1724169349224632500,19,881.16,631.37,401.28,88.14,1,1,1.000000
1724169349224632500,21,0.00,531.89,575.98,128.77,1,1,1.000000
1724169349267898500,12,1062.69,117.45,217.27,110.34,1,1,1.000000
1724169349267898500,18,197.93,187.14,581.27,138.64,1,1,1.000000
1724169349267898500,19,873.83,642.17,408.14,77.28,1,1,1.000000
1724169349267898500,21,0.00,528.39,638.76,131.45,1,1,1.000000
1724169349267898500,23,0.00,222.56,156.99,161.83,1,1,1.000000
1724169349314837700,12,1062.69,117.45,217.27,110.34,1,1,1.000000
1724169349314837700,18,197.93,187.14,581.27,138.64,1,1,1.000000
1724169349314837700,19,873.83,642.17,408.14,77.28,1,1,1.000000
1724169349314837700,21,0.00,528.39,638.76,131.45,1,1,1.000000
1724169349314837700,23,0.00,222.56,156.99,161.83,1,1,1.000000
1724169349347792200,12,1110.94,120.78,169.50,99.35,1,1,1.000000
1724169349347792200,18,256.89,180.19,582.14,142.29,1,1,1.000000
1724169349347792200,19,921.70,647.38,360.16,72.27,1,1,1.000000
1724169349347792200,21,47.23,522.64,642.16,146.46,1,1,1.000000
1724169349347792200,23,0.00,198.56,226.83,224.57,1,1,1.000000
1724169349392347800,12,1157.94,128.31,122.31,82.43,1,1,1.000000
1724169349392347800,18,282.98,180.66,624.97,138.20,1,1,1.000000
1724169349392347800,19,959.46,654.80,320.84,65.01,1,1,1.000000
1724169349392347800,21,66.91,517.27,675.13,177.38,1,1,1.000000
1724169349392347800,23,0.00,170.77,284.71,252.18,1,1,1.000000
1724169349423462300,12,1157.94,128.31,122.31,82.43,1,1,1.000000
1724169349423462300,18,282.98,180.66,624.97,138.20,1,1,1.000000
1724169349423462300,19,959.46,654.80,320.84,65.01,1,1,1.000000
1724169349423462300,21,66.91,517.27,675.13,177.38,1,1,1.000000
1724169349423462300,23,0.00,170.77,284.71,252.18,1,1,1.000000
1724169349470151700,18,339.22,177.60,623.91,152.99,1,1,1.000000
1724169349470151700,19,979.75,653.94,301.54,64.97,1,1,1.000000
1724169349470151700,21,129.32,518.54,652.74,192.16,1,1,1.000000
1724169349470151700,23,0.00,146.01,348.22,286.24,1,1,1.000000
1724169349516362900,18,418.20,177.93,609.48,161.33,1,1,1.000000
1724169349516362900,19,1022.57,659.32,253.45,59.01,1,1,1.000000
1724169349516362900,21,267.28,520.53,593.87,171.79,1,1,1.000000
1724169349516362900,23,0.00,113.53,398.38,343.19,1,1,1.000000
1724169349547977500,18,418.20,177.93,609.48,161.33,1,1,1.000000
1724169349547977500,19,1022.57,659.32,253.45,59.01,1,1,1.000000
1724169349547977500,21,267.28,520.53,593.87,171.79,1,1,1.000000
1724169349547977500,23,0.00,113.53,398.38,343.19,1,1,1.000000
1724169349592886600,18,494.45,180.52,599.70,147.46,1,1,1.000000
1724169349592886600,21,345.98,541.86,574.21,114.93,1,1,1.000000
1724169349592886600,23,0.00,77.78,437.71,349.68,1,1,1.000000
1724169349623305900,18,494.45,180.52,599.70,147.46,1,1,1.000000
1724169349623305900,21,345.98,541.86,574.21,114.93,1,1,1.000000
1724169349623305900,23,0.00,77.78,437.71,349.68,1,1,1.000000
1724169349669620300,18,551.90,176.98,598.38,151.66,1,1,1.000000
1724169349669620300,21,411.77,530.79,586.69,133.53,1,1,1.000000
1724169349669620300,23,0.00,49.54,513.29,377.99,1,1,1.000000
1724169349714199000,18,621.61,173.74,622.94,161.44,1,1,1.000000
1724169349714199000,21,498.81,490.25,575.71,162.93,1,1,1.000000
1724169349714199000,23,0.00,5.22,602.46,445.65,1,1,1.000000
1724169349746076900,18,621.61,173.74,622.94,161.44,1,1,1.000000
1724169349746076900,21,498.81,490.25,575.71,162.93,1,1,1.000000
1724169349746076900,23,0.00,5.22,602.46,445.65,1,1,1.000000
1724169349790636000,18,716.79,182.38,561.90,161.52,1,1,1.000000
1724169349790636000,21,571.66,526.76,626.01,141.16,1,1,1.000000
1724169349790636000,23,1.55,0.00,698.23,439.02,1,1,1.000000
1724169349835278800,18,798.77,174.26,481.38,170.26,1,1,1.000000
1724169349835278800,21,698.40,534.13,579.90,163.13,1,1,1.000000
1724169349835278800,23,81.59,0.00,662.36,352.99,1,1,1.000000
1724169349865018900,18,798.77,174.26,481.38,170.26,1,1,1.000000
1724169349865018900,21,698.40,534.13,579.90,163.13,1,1,1.000000
1724169349865018900,23,81.59,0.00,662.36,352.99,1,1,1.000000
1724169349911012700,18,889.58,179.01,389.80,166.60,1,1,1.000000
1724169349911012700,21,779.79,534.12,500.50,175.48,1,1,1.000000
1724169349911012700,23,152.46,1.05,663.61,234.69,1,1,1.000000
1724169349957025200,18,990.70,194.25,290.84,136.33,1,1,1.000000
1724169349957025200,21,863.09,526.86,416.69,186.05,1,1,1.000000
1724169349957025200,23,348.34,0.00,538.53,238.45,1,1,1.000000
1724169349986460400,18,990.70,194.25,290.84,136.33,1,1,1.000000
1724169349986460400,21,863.09,526.86,416.69,186.05,1,1,1.000000
1724169349986460400,23,348.34,0.00,538.53,238.45,1,1,1.000000
1724169350031521200,18,1118.24,202.63,162.40,91.49,1,1,1.000000
1724169350031521200,21,960.86,513.97,320.59,184.33,1,1,1.000000
1724169350031521200,23,490.14,0.50,430.79,161.91,1,1,1.000000
1724169350076602500,23,668.87,0.00,241.44,109.02,1,1,1.000000
1724169350108349800,23,668.87,0.00,241.44,109.02,1,1,1.000000
1724169350108349800,24,1086.19,582.46,194.12,122.55,1,1,1.000000
1724169350229894400,25,0.15,72.56,96.83,80.45,1,1,1.000000
1724169350274846400,25,0.00,62.13,145.94,111.31,1,1,1.000000
1724169350305340200,25,0.00,62.13,145.94,111.31,1,1,1.000000
1724169350352951700,25,0.00,65.49,193.70,126.12,1,1,1.000000
1724169350384246600,25,0.00,60.88,285.26,142.09,1,1,1.000000
1724169350427805100,25,0.00,60.88,285.26,142.09,1,1,1.000000
1724169350474386400,25,0.00,64.48,331.71,134.26,1,1,1.000000
1724169350505073400,25,0.14,60.40,361.92,137.78,1,1,1.000000
1724169350549949500,25,0.14,60.40,361.92,137.78,1,1,1.000000
1724169350598049300,25,1.46,54.44,377.16,146.38,1,1,1.000000
1724169350627432200,25,1.46,54.44,377.16,146.38,1,1,1.000000
1724169350674122100,25,1.42,44.37,409.11,177.02,1,1,1.000000
1724169350702980300,25,10.35,29.45,430.65,176.23,1,1,1.000000
1724169350749020000,25,10.35,29.45,430.65,176.23,1,1,1.000000
1724169350795967600,25,44.27,10.05,413.88,195.92,1,1,1.000000
1724169350825764300,25,67.76,0.00,416.11,204.02,1,1,1.000000
1724169350873035900,25,133.04,0.00,361.91,202.59,1,1,1.000000
1724169350916801100,25,133.04,0.00,361.91,202.59,1,1,1.000000
1724169350916801100,26,0.87,220.87,60.68,107.11,1,1,1.000000
1724169350946129400,25,113.59,0.22,401.22,213.39,1,1,1.000000
1724169350946129400,26,0.40,217.92,68.08,89.82,1,1,1.000000
1724169350991202200,25,113.59,0.22,401.22,213.39,1,1,1.000000
1724169350991202200,26,0.40,217.92,68.08,89.82,1,1,1.000000
1724169351025306400,25,138.67,0.09,383.40,199.37,1,1,1.000000
1724169351025306400,26,0.45,204.89,113.57,115.01,1,1,1.000000
1724169351067828300,25,199.27,0.48,338.47,169.63,1,1,1.000000
1724169351067828300,26,0.00,197.50,121.66,99.54,1,1,1.000000
1724169351112803000,25,265.54,0.00,289.98,154.80,1,1,1.000000
1724169351143716800,25,265.54,0.00,289.98,154.80,1,1,1.000000
1724169351190056700,25,338.41,0.00,229.49,122.45,1,1,1.000000
1724169351235231200,25,352.59,0.00,225.36,122.96,1,1,1.000000
1724169351264933400,25,352.59,0.00,225.36,122.96,1,1,1.000000
1724169351432711300,27,233.29,626.22,276.71,93.36,1,1,1.000000
1724169351462692700,27,233.29,626.22,276.71,93.36,1,1,1.000000
1724169351510364200,27,243.32,617.22,311.45,102.28,1,1,1.000000
1724169351555403900,27,243.32,617.22,311.45,102.28,1,1,1.000000
1724169351586303800,27,292.28,607.96,325.14,111.48,1,1,1.000000
1724169351630636500,27,347.89,618.64,312.12,101.12,1,1,1.000000
1724169351675655100,27,377.87,606.91,375.07,113.48,1,1,1.000000
1724169351707377400,27,377.87,606.91,375.07,113.48,1,1,1.000000
1724169351755338100,27,392.47,653.11,346.98,65.53,1,1,1.000000
1724169351783667300,27,392.47,653.11,346.98,65.53,1,1,1.000000
1724169365791012400,28,0.61,395.21,105.38,260.30,1,1,1.000000
1724169365837578800,28,0.61,395.21,105.38,260.30,1,1,1.000000
1724169365870209200,28,0.61,395.21,105.38,260.30,1,1,1.000000
1724169365915488200,28,0.91,393.28,117.16,255.18,1,1,1.000000
1724169365953078200,28,0.91,393.28,117.16,255.18,1,1,1.000000
1724169365990262900,28,0.89,391.68,123.00,253.15,1,1,1.000000
1724169366036790100,28,0.57,390.87,133.88,248.91,1,1,1.000000
1724169366065665700,28,0.57,390.87,133.88,248.91,1,1,1.000000
1724169366111032300,28,0.23,381.25,143.91,253.09,1,1,1.000000
1724169366155717800,28,0.23,381.25,143.91,253.09,1,1,1.000000
1724169366186415600,28,0.57,378.57,154.22,249.29,1,1,1.000000
1724169366383170600,29,0.89,406.37,82.11,175.81,1,1,1.000000
1724169366824445300,30,2.24,337.91,268.46,220.01,1,1,1.000000
1724169367622948900,31,81.86,335.43,315.87,228.14,1,1,1.000000
1724169368948511400,32,104.55,679.77,267.81,39.50,1,1,1.000000
1724169368994669800,32,104.55,679.77,267.81,39.50,1,1,1.000000
1724169369025453400,32,72.89,676.16,331.03,42.71,1,1,1.000000
1724169369069395500,32,101.16,666.29,372.65,52.79,1,1,1.000000
1724169369117203100,32,101.16,666.29,372.65,52.79,1,1,1.000000
1724169369147606600,32,183.60,662.08,334.54,57.59,1,1,1.000000
1724169369192378100,32,217.46,654.12,343.51,65.75,1,1,1.000000
1724169369223609600,32,217.46,654.12,343.51,65.75,1,1,1.000000
1724169369268925400,32,248.10,655.22,346.27,64.59,1,1,1.000000
1724169369316751300,32,284.53,669.47,340.43,50.25,1,1,1.000000
1724169369346302700,32,284.53,669.47,340.43,50.25,1,1,1.000000
1724169369392276200,32,303.45,671.63,354.83,48.26,1,1,1.000000
1724169369423035500,32,303.45,671.63,354.83,48.26,1,1,1.000000
1724169369468924800,32,355.59,670.31,331.08,49.55,1,1,1.000000
1724169369517295800,32,384.34,669.81,336.60,49.62,1,1,1.000000
1724169369548109500,32,384.34,669.81,336.60,49.62,1,1,1.000000
1724169369589738100,32,424.52,667.77,332.94,51.17,1,1,1.000000
1724169369635015000,32,459.42,662.70,345.38,56.88,1,1,1.000000
1724169369666359400,32,459.42,662.70,345.38,56.88,1,1,1.000000
1724169369712314800,32,493.49,660.34,349.97,59.15,1,1,1.000000
1724169369743620200,32,523.67,647.79,348.94,72.42,1,1,1.000000
1724169369789337600,32,523.67,647.79,348.94,72.42,1,1,1.000000
1724169369835631400,32,555.05,650.54,348.45,69.41,1,1,1.000000
1724169369867927600,32,555.05,650.54,348.45,69.41,1,1,1.000000
1724169369913354800,32,581.53,654.38,358.46,65.46,1,1,1.000000
1724169369943673800,32,612.33,663.91,356.66,56.05,1,1,1.000000
1724169369989778500,32,612.33,663.91,356.66,56.05,1,1,1.000000
1724169370035165600,32,633.96,662.10,362.79,57.55,1,1,1.000000
1724169370065326600,32,658.20,660.52,372.24,58.34,1,1,1.000000
1724169370111796200,32,658.20,660.52,372.24,58.34,1,1,1.000000
1724169370144699200,32,701.99,658.01,361.19,61.30,1,1,1.000000
1724169370187881300,32,736.07,659.38,354.80,59.99,1,1,1.000000
1724169370233205200,32,736.07,659.38,354.80,59.99,1,1,1.000000
1724169370263705100,32,769.83,661.72,356.46,57.60,1,1,1.000000
1724169370308852900,32,794.80,660.68,349.26,58.83,1,1,1.000000
1724169370354226200,32,794.80,660.68,349.26,58.83,1,1,1.000000
1724169370386953000,32,814.95,655.09,357.84,64.24,1,1,1.000000
1724169370430178000,32,842.91,651.52,355.11,67.95,1,1,1.000000
1724169370475909600,32,842.91,651.52,355.11,67.95,1,1,1.000000
1724169370505819500,32,886.51,643.32,353.92,75.70,1,1,1.000000
1724169370551816100,32,914.40,636.15,363.12,83.50,1,1,1.000000
1724169370585563700,32,914.40,636.15,363.12,83.50,1,1,1.000000
1724169370629859300,32,958.54,629.95,320.64,89.37,1,1,1.000000
1724169370675975500,32,990.09,630.82,289.80,88.53,1,1,1.000000
1724169370705838200,32,990.09,630.82,289.80,88.53,1,1,1.000000
1724169370752568200,32,1012.73,635.25,265.95,82.98,1,1,1.000000
1724169370798992000,32,1046.58,644.91,232.87,72.43,1,1,1.000000
1724169370828662200,32,1046.58,644.91,232.87,72.43,1,1,1.000000
1724169370950365200,32,1073.43,656.93,206.20,60.74,1,1,1.000000
1724169373266312400,35,1.24,140.76,65.02,77.28,1,1,1.000000
1724169373266312400,36,0.38,142.57,128.33,82.31,1,1,1.000000
1724169373311431400,36,0.63,107.07,93.92,148.10,1,1,1.000000
1724169373342513300,36,0.42,99.21,128.33,179.30,1,1,1.000000
1724169373387967300,36,0.00,86.16,155.66,227.23,1,1,1.000000
1724169373435070100,36,0.00,86.16,155.66,227.23,1,1,1.000000
1724169373465614000,36,0.00,76.84,186.82,275.55,1,1,1.000000
1724169373511768500,36,0.00,63.99,216.26,281.40,1,1,1.000000
1724169373543936600,36,0.00,63.99,216.26,281.40,1,1,1.000000
1724169373589710400,36,0.00,51.42,253.40,302.85,1,1,1.000000
1724169373635695600,36,0.00,51.42,253.40,302.85,1,1,1.000000
1724169373665644200,36,0.02,39.93,312.98,348.75,1,1,1.000000
1724169373711117200,36,0.02,39.93,312.98,348.75,1,1,1.000000
1724169373755383500,36,0.00,30.83,354.22,337.36,1,1,1.000000
1724169373787188300,36,0.02,22.53,397.32,318.32,1,1,1.000000
1724169373831919500,36,0.02,22.53,397.32,318.32,1,1,1.000000
1724169373881141600,36,0.00,7.50,431.90,390.76,1,1,1.000000
1724169373906059600,36,0.00,0.32,473.01,369.19,1,1,1.000000
1724169373952841500,36,0.00,0.32,473.01,369.19,1,1,1.000000
1724169373996758100,36,0.70,0.00,507.58,350.98,1,1,1.000000
1724169374029191900,36,0.70,0.00,507.58,350.98,1,1,1.000000
1724169374072431000,36,9.92,0.00,510.39,320.50,1,1,1.000000
1724169374102725800,36,37.71,0.00,517.56,295.45,1,1,1.000000
1724169374102725800,38,441.31,677.61,329.12,42.61,1,1,1.000000
1724169374148211900,36,89.58,0.00,499.72,264.66,1,1,1.000000
1724169374148211900,38,494.59,667.74,311.78,52.30,1,1,1.000000
1724169374193692900,36,89.58,0.00,499.72,264.66,1,1,1.000000
1724169374193692900,38,494.59,667.74,311.78,52.30,1,1,1.000000
1724169374225149500,36,149.54,0.00,472.07,233.36,1,1,1.000000
1724169374225149500,38,512.62,656.48,341.54,62.67,1,1,1.000000
1724169374270576500,36,195.32,0.00,443.75,204.51,1,1,1.000000
1724169374270576500,38,523.27,650.97,363.94,68.93,1,1,1.000000
1724169374301160700,36,195.32,0.00,443.75,204.51,1,1,1.000000
1724169374301160700,38,523.27,650.97,363.94,68.93,1,1,1.000000
1724169374346769800,36,263.53,0.00,403.82,180.14,1,1,1.000000
1724169374346769800,38,560.12,641.87,382.09,77.93,1,1,1.000000
1724169374395244900,36,326.09,0.00,371.59,157.89,1,1,1.000000
1724169374395244900,38,612.93,637.47,369.39,82.21,1,1,1.000000
1724169374423274200,36,326.09,0.00,371.59,157.89,1,1,1.000000
1724169374423274200,38,612.93,637.47,369.39,82.21,1,1,1.000000
1724169374471377500,36,370.66,0.01,355.12,134.20,1,1,1.000000
1724169374471377500,38,648.98,621.49,384.46,98.31,1,1,1.000000
1724169374516318500,36,370.66,0.01,355.12,134.20,1,1,1.000000
1724169374516318500,38,648.98,621.49,384.46,98.31,1,1,1.000000
1724169374516318500,39,236.33,637.43,167.08,82.57,1,1,1.000000
1724169374546796700,36,427.09,0.00,315.42,116.99,1,1,1.000000
1724169374546796700,38,689.12,611.81,381.98,108.54,1,1,1.000000
1724169374546796700,39,270.96,631.10,167.05,88.28,1,1,1.000000
1724169374594128000,36,470.70,0.00,310.58,95.15,1,1,1.000000
1724169374594128000,38,729.30,608.41,373.52,112.24,1,1,1.000000
1724169374594128000,39,294.46,623.37,174.49,96.65,1,1,1.000000
1724169374637142500,36,470.70,0.00,310.58,95.15,1,1,1.000000
1724169374637142500,38,729.30,608.41,373.52,112.24,1,1,1.000000
1724169374637142500,39,294.46,623.37,174.49,96.65,1,1,1.000000
1724169374669340600,36,550.80,0.00,256.09,74.91,1,1,1.000000
1724169374669340600,38,767.01,619.25,368.52,101.07,1,1,1.000000
1724169374669340600,39,302.72,616.47,199.23,103.92,1,1,1.000000
1724169374715027200,36,610.82,0.00,224.30,77.82,1,1,1.000000
1724169374715027200,38,811.65,646.61,349.60,73.01,1,1,1.000000
1724169374715027200,39,297.94,606.16,236.31,113.28,1,1,1.000000
1724169374744397700,36,610.82,0.00,224.30,77.82,1,1,1.000000
1724169374744397700,38,811.65,646.61,349.60,73.01,1,1,1.000000
1724169374744397700,39,297.94,606.16,236.31,113.28,1,1,1.000000
1724169374789495100,36,668.47,0.00,184.96,87.65,1,1,1.000000
1724169374789495100,38,864.41,649.61,315.40,70.11,1,1,1.000000
1724169374789495100,39,330.89,593.45,234.11,99.00,1,1,1.000000
1724169374834466000,36,743.04,0.00,132.83,89.91,1,1,1.000000
1724169374834466000,38,924.63,646.36,282.12,73.64,1,1,1.000000
1724169374834466000,39,367.31,584.09,227.12,83.72,1,1,1.000000
1724169374866711000,36,743.04,0.00,132.83,89.91,1,1,1.000000
1724169374866711000,38,924.63,646.36,282.12,73.64,1,1,1.000000
1724169374866711000,39,367.31,584.09,227.12,83.72,1,1,1.000000
1724169374909432400,38,980.06,640.64,243.03,79.01,1,1,1.000000
1724169374909432400,39,426.00,572.17,243.68,82.29,1,1,1.000000
1724169374957129200,38,1027.84,643.99,194.51,75.50,1,1,1.000000
1724169374957129200,39,463.54,568.96,236.16,81.67,1,1,1.000000
1724169374957129200,40,0.00,535.85,147.38,68.77,1,1,1.000000
1724169374985475700,38,1027.84,643.99,194.51,75.50,1,1,1.000000
1724169374985475700,39,463.54,568.96,236.16,81.67,1,1,1.000000
1724169374985475700,40,0.00,535.85,147.38,68.77,1,1,1.000000
1724169375033480000,39,488.83,570.54,238.28,85.89,1,1,1.000000
1724169375033480000,40,0.00,534.38,159.55,68.00,1,1,1.000000
1724169375065457900,39,504.41,573.38,252.38,99.93,1,1,1.000000
1724169375065457900,40,0.00,537.28,175.66,66.66,1,1,1.000000
1724169375065457900,41,1168.42,304.65,109.87,226.86,1,1,1.000000
1724169375108475800,39,504.41,573.38,252.38,99.93,1,1,1.000000
1724169375108475800,40,0.00,537.28,175.66,66.66,1,1,1.000000
1724169375108475800,41,1168.42,304.65,109.87,226.86,1,1,1.000000
1724169375153378200,39,467.00,579.65,313.86,111.51,1,1,1.000000
1724169375153378200,40,0.00,541.91,182.00,68.47,1,1,1.000000
1724169375153378200,41,1168.99,320.29,110.19,225.65,1,1,1.000000
1724169375184822300,39,467.00,579.65,313.86,111.51,1,1,1.000000
1724169375184822300,40,0.00,541.91,182.00,68.47,1,1,1.000000
1724169375184822300,41,1168.99,320.29,110.19,225.65,1,1,1.000000
1724169375230220600,39,498.06,585.36,298.25,102.32,1,1,1.000000
1724169375230220600,40,0.00,549.59,183.03,70.63,1,1,1.000000
1724169375276258600,39,523.71,590.17,290.00,92.17,1,1,1.000000
1724169375276258600,40,0.00,559.47,185.81,72.88,1,1,1.000000
1724169375307228100,39,532.30,594.65,307.86,80.33,1,1,1.000000
1724169375307228100,40,0.00,566.62,193.16,74.63,1,1,1.000000
1724169375352540700,39,532.30,594.65,307.86,80.33,1,1,1.000000
1724169375352540700,40,0.00,566.62,193.16,74.63,1,1,1.000000
1724169375381776200,39,532.30,594.65,307.86,80.33,1,1,1.000000
1724169375381776200,40,0.00,566.62,193.16,74.63,1,1,1.000000
1724169375430926600,39,544.41,599.39,315.98,85.20,1,1,1.000000
1724169375430926600,40,0.00,576.89,195.68,78.92,1,1,1.000000
1724169375477911100,39,557.86,592.62,324.44,102.91,1,1,1.000000
1724169375477911100,40,0.00,583.02,197.99,85.73,1,1,1.000000
1724169375509645800,39,557.86,592.62,324.44,102.91,1,1,1.000000
1724169375509645800,40,0.00,583.02,197.99,85.73,1,1,1.000000
1724169375552598800,39,560.48,593.52,344.80,115.25,1,1,1.000000
1724169375552598800,40,0.01,584.39,203.17,97.60,1,1,1.000000
1724169375583256300,39,582.89,608.04,348.39,106.71,1,1,1.000000
1724169375583256300,40,0.00,591.41,208.17,109.80,1,1,1.000000
1724169375630325800,39,582.89,608.04,348.39,106.71,1,1,1.000000
1724169375630325800,40,0.00,591.41,208.17,109.80,1,1,1.000000
1724169375674004300,39,610.76,628.62,353.09,87.20,1,1,1.000000
1724169375674004300,40,0.58,594.08,210.52,121.36,1,1,1.000000
1724169375703965900,39,627.79,627.38,375.03,92.20,1,1,1.000000
1724169375703965900,40,0.80,599.20,220.00,118.63,1,1,1.000000
1724169375749331600,39,627.79,627.38,375.03,92.20,1,1,1.000000
1724169375749331600,40,0.80,599.20,220.00,118.63,1,1,1.000000
1724169375796283900,39,637.52,631.14,386.58,88.49,1,1,1.000000
1724169375796283900,40,0.43,598.53,234.22,118.93,1,1,1.000000
1724169375826966900,39,637.52,631.14,386.58,88.49,1,1,1.000000
1724169375826966900,40,0.43,598.53,234.22,118.93,1,1,1.000000
1724169375873799400,39,661.02,634.09,416.09,85.59,1,1,1.000000
1724169375873799400,40,0.36,598.42,247.35,115.66,1,1,1.000000
1724169375902866700,39,697.00,631.46,413.22,88.39,1,1,1.000000
1724169375902866700,40,0.94,597.12,266.27,116.76,1,1,1.000000
1724169375947578000,39,697.00,631.46,413.22,88.39,1,1,1.000000
1724169375947578000,40,0.94,597.12,266.27,116.76,1,1,1.000000
1724169375993409100,39,747.52,602.63,449.18,118.16,1,1,1.000000
1724169375993409100,40,0.82,590.87,312.83,116.92,1,1,1.000000
1724169376024551900,39,747.52,602.63,449.18,118.16,1,1,1.000000
1724169376024551900,40,0.82,590.87,312.83,116.92,1,1,1.000000
1724169376068418700,39,797.63,606.09,464.90,114.33,1,1,1.000000
1724169376068418700,40,0.59,586.61,345.50,128.26,1,1,1.000000
1724169376114407600,39,829.22,603.94,451.39,116.72,1,1,1.000000
1724169376114407600,40,5.84,584.04,366.09,125.89,1,1,1.000000
1724169376147875000,39,829.22,603.94,451.39,116.72,1,1,1.000000
1724169376147875000,40,5.84,584.04,366.09,125.89,1,1,1.000000
1724169376191297500,39,879.25,632.30,401.56,88.13,1,1,1.000000
1724169376191297500,40,43.76,580.75,353.78,89.79,1,1,1.000000
1724169376222010000,39,879.25,632.30,401.56,88.13,1,1,1.000000
1724169376222010000,40,43.76,580.75,353.78,89.79,1,1,1.000000
1724169376222010000,43,2.63,339.12,70.45,59.39,1,1,1.000000
1724169376267899800,39,910.25,646.02,370.42,73.30,1,1,1.000000
1724169376267899800,40,74.09,573.92,348.75,91.43,1,1,1.000000
1724169376315165900,39,953.52,643.28,327.93,76.26,1,1,1.000000
1724169376315165900,40,102.60,571.93,344.95,89.81,1,1,1.000000
1724169376343852800,39,953.52,643.28,327.93,76.26,1,1,1.000000
1724169376343852800,40,102.60,571.93,344.95,89.81,1,1,1.000000
1724169376393266500,39,998.75,641.42,280.61,77.99,1,1,1.000000
1724169376393266500,40,128.74,569.02,340.57,85.97,1,1,1.000000
1724169376438774700,39,1048.77,640.20,230.19,75.14,1,1,1.000000
1724169376438774700,40,142.75,563.09,348.08,90.64,1,1,1.000000
1724169376467872500,39,1048.77,640.20,230.19,75.14,1,1,1.000000
1724169376467872500,40,142.75,563.09,348.08,90.64,1,1,1.000000
1724169376514589900,39,1078.42,630.10,201.63,85.17,1,1,1.000000
1724169376514589900,40,161.79,549.52,348.16,106.43,1,1,1.000000
1724169376544130400,39,1078.42,630.10,201.63,85.17,1,1,1.000000
1724169376544130400,40,161.79,549.52,348.16,106.43,1,1,1.000000
1724169376589494400,39,1118.50,617.52,160.98,88.79,1,1,1.000000
1724169376589494400,40,178.20,555.42,352.26,109.56,1,1,1.000000
1724169376634214500,40,199.05,550.76,356.71,116.16,1,1,1.000000
1724169376664151000,40,199.05,550.76,356.71,116.16,1,1,1.000000
1724169376710125800,40,228.72,552.71,350.69,116.42,1,1,1.000000
1724169376754783500,40,259.03,552.11,341.90,109.72,1,1,1.000000
1724169376784942800,40,259.03,552.11,341.90,109.72,1,1,1.000000
1724169376829732900,40,283.45,550.08,345.01,92.68,1,1,1.000000
1724169376874247000,40,304.14,548.53,348.63,82.57,1,1,1.000000
1724169376906072900,40,304.14,548.53,348.63,82.57,1,1,1.000000
1724169376948883300,40,340.56,546.94,332.59,82.91,1,1,1.000000
1724169376995338800,40,364.72,538.71,340.04,93.49,1,1,1.000000
1724169377024551200,40,364.72,538.71,340.04,93.49,1,1,1.000000
1724169377069370200,40,386.10,538.30,343.34,97.23,1,1,1.000000
1724169377114197700,40,409.15,536.70,342.82,105.24,1,1,1.000000
1724169377143761800,40,409.15,536.70,342.82,105.24,1,1,1.000000
1724169377143761800,44,1173.44,325.34,104.30,217.22,1,1,1.000000
1724169377191622900,40,419.39,538.85,361.09,112.90,1,1,1.000000
1724169377191622900,44,1176.10,331.87,101.63,193.47,1,1,1.000000
1724169377235699000,40,440.52,547.12,360.92,122.76,1,1,1.000000
1724169377235699000,44,1182.33,337.06,96.41,196.31,1,1,1.000000
1724169377267304700,40,440.52,547.12,360.92,122.76,1,1,1.000000
1724169377267304700,44,1182.33,337.06,96.41,196.31,1,1,1.000000
1724169377311408500,40,464.50,548.46,366.68,140.26,1,1,1.000000
1724169377311408500,44,1183.44,343.82,95.10,199.27,1,1,1.000000
1724169377342557300,40,464.50,548.46,366.68,140.26,1,1,1.000000
1724169377342557300,44,1183.44,343.82,95.10,199.27,1,1,1.000000
1724169377391103800,40,491.90,549.49,367.42,153.69,1,1,1.000000
1724169377391103800,44,1189.80,350.55,88.37,202.36,1,1,1.000000
1724169377434626800,40,529.12,546.27,365.25,167.37,1,1,1.000000
1724169377466826700,40,529.12,546.27,365.25,167.37,1,1,1.000000
1724169377509698400,40,563.37,531.76,358.78,187.86,1,1,1.000000
1724169377509698400,44,1196.43,362.23,81.80,192.61,1,1,1.000000
1724169377555131900,40,588.00,510.90,367.01,210.20,1,1,1.000000
1724169377555131900,44,1202.81,372.43,76.23,188.94,1,1,1.000000
1724169377587471900,40,588.00,510.90,367.01,210.20,1,1,1.000000
1724169377587471900,44,1202.81,372.43,76.23,188.94,1,1,1.000000
1724169377631910600,40,620.14,521.65,375.73,199.28,1,1,1.000000
1724169377680293800,40,655.71,535.22,369.17,185.60,1,1,1.000000
1724169377709431300,40,655.71,535.22,369.17,185.60,1,1,1.000000
1724169377753413900,40,680.07,550.24,364.17,170.17,1,1,1.000000
1724169377783096900,40,680.07,550.24,364.17,170.17,1,1,1.000000
1724169377830364000,40,707.77,570.22,354.94,150.46,1,1,1.000000
1724169377877163800,40,733.11,576.58,341.96,143.84,1,1,1.000000
1724169377906972200,40,754.33,601.27,350.58,118.84,1,1,1.000000
1724169377952287100,40,754.33,601.27,350.58,118.84,1,1,1.000000
1724169377983641900,40,788.82,624.84,305.81,94.75,1,1,1.000000
1724169378028989200,40,827.22,640.47,287.07,79.22,1,1,1.000000
1724169378075582000,40,827.22,640.47,287.07,79.22,1,1,1.000000
1724169378106532900,40,875.98,644.31,234.16,75.25,1,1,1.000000
1724169378151253000,40,875.98,644.31,234.16,75.25,1,1,1.000000
1724169378196692000,40,902.51,636.76,197.84,83.35,1,1,1.000000
1724169378227700200,40,902.51,636.76,197.84,83.35,1,1,1.000000
1724169378273375700,40,948.54,645.77,151.82,74.03,1,1,1.000000
1724169378303455600,40,990.07,651.66,112.25,67.72,1,1,1.000000
1724169378350876500,45,122.06,223.81,88.59,87.38,1,1,1.000000
1724169378395048700,45,122.06,223.81,88.59,87.38,1,1,1.000000
1724169381597601900,46,0.00,646.15,200.86,73.00,1,1,1.000000
1724169381626557000,46,0.00,668.64,233.56,50.91,1,1,1.000000
1724169381670656600,46,0.00,668.64,233.56,50.91,1,1,1.000000
1724169386072926200,48,0.12,500.03,80.32,58.48,1,1,1.000000
1724169386121503300,48,0.00,484.00,114.78,75.21,1,1,1.000000
1724169386147734600,48,0.00,478.45,144.54,80.24,1,1,1.000000
1724169386192921800,48,0.00,478.45,144.54,80.24,1,1,1.000000
1724169386224677200,48,0.00,461.11,175.98,100.86,1,1,1.000000
1724169386269464900,48,0.00,461.11,175.98,100.86,1,1,1.000000
1724169386318029300,48,0.00,457.01,204.10,107.27,1,1,1.000000
1724169386346284500,48,0.00,453.08,229.65,113.97,1,1,1.000000
1724169386391832400,48,0.00,434.14,255.22,138.53,1,1,1.000000
1724169386424892600,48,0.00,434.14,255.22,138.53,1,1,1.000000
1724169386468210000,48,0.00,441.74,286.55,138.23,1,1,1.000000
1724169386515497300,48,0.81,443.30,306.12,146.96,1,1,1.000000
1724169386543323300,48,0.81,443.30,306.12,146.96,1,1,1.000000
1724169386590418200,48,0.58,442.74,328.15,157.23,1,1,1.000000
1724169386637508000,48,0.58,442.74,328.15,157.23,1,1,1.000000
1724169386666060800,48,1.97,443.47,352.92,164.50,1,1,1.000000
1724169386711722200,48,2.43,446.56,378.06,167.12,1,1,1.000000
1724169386711722200,49,1.17,637.54,203.31,81.41,1,1,1.000000
1724169386711722200,50,0.55,0.00,217.70,33.21,1,1,1.000000
1724169386757498000,48,2.43,446.56,378.06,167.12,1,1,1.000000
1724169386757498000,49,1.17,637.54,203.31,81.41,1,1,1.000000
1724169386757498000,50,0.55,0.00,217.70,33.21,1,1,1.000000
1724169386786887700,48,1.98,446.24,415.50,170.97,1,1,1.000000
1724169386786887700,49,0.78,635.56,245.97,83.31,1,1,1.000000
1724169386786887700,50,0.81,0.00,244.16,28.92,1,1,1.000000
1724169386832458800,48,0.57,427.98,449.91,192.17,1,1,1.000000
1724169386832458800,49,1.07,630.54,293.81,88.34,1,1,1.000000
1724169386861539200,48,0.57,427.98,449.91,192.17,1,1,1.000000
1724169386861539200,49,1.07,630.54,293.81,88.34,1,1,1.000000
1724169386907140400,48,56.79,423.05,430.76,197.24,1,1,1.000000
1724169386907140400,49,0.89,627.35,336.07,92.36,1,1,1.000000
1724169386952793900,48,127.08,423.47,392.21,205.21,1,1,1.000000
1724169386952793900,49,0.39,613.48,395.81,106.32,1,1,1.000000
1724169386984610000,48,127.08,423.47,392.21,205.21,1,1,1.000000
1724169386984610000,49,0.39,613.48,395.81,106.32,1,1,1.000000
1724169387027620400,48,167.01,417.44,387.01,225.25,1,1,1.000000
1724169387027620400,49,0.00,603.16,437.84,116.50,1,1,1.000000
1724169387027620400,50,87.93,0.00,328.00,43.06,1,1,1.000000
1724169387073052300,48,206.49,434.80,372.79,220.66,1,1,1.000000
1724169387073052300,49,0.00,590.03,467.19,129.06,1,1,1.000000
1724169387073052300,50,179.65,0.02,250.32,44.61,1,1,1.000000
1724169387103464100,48,206.49,434.80,372.79,220.66,1,1,1.000000
1724169387103464100,49,0.00,590.03,467.19,129.06,1,1,1.000000
1724169387103464100,50,179.65,0.02,250.32,44.61,1,1,1.000000
1724169387148797700,48,213.18,453.35,390.82,221.76,1,1,1.000000
1724169387148797700,49,0.59,625.83,429.62,93.71,1,1,1.000000
1724169387196482000,48,229.33,468.90,398.52,230.68,1,1,1.000000
1724169387196482000,49,0.15,623.42,483.80,96.47,1,1,1.000000
1724169387196482000,51,274.42,579.97,263.40,110.23,1,1,1.000000
1724169387196482000,50,259.88,0.00,217.82,47.35,1,1,1.000000
1724169387227419700,48,229.33,468.90,398.52,230.68,1,1,1.000000
1724169387227419700,49,0.15,623.42,483.80,96.47,1,1,1.000000
1724169387227419700,51,274.42,579.97,263.40,110.23,1,1,1.000000
1724169387227419700,52,0.76,275.37,48.42,56.73,1,1,1.000000
1724169387227419700,50,259.88,0.00,217.82,47.35,1,1,1.000000
1724169387270396500,48,247.23,470.13,375.84,159.59,1,1,1.000000
1724169387270396500,49,0.00,619.15,518.77,100.46,1,1,1.000000
1724169387270396500,51,318.97,573.23,337.80,146.95,1,1,1.000000
1724169387270396500,52,0.00,265.88,91.10,69.18,1,1,1.000000
1724169387316102000,48,275.74,501.90,402.25,217.77,1,1,1.000000
1724169387316102000,49,7.11,615.24,559.43,103.94,1,1,1.000000
1724169387316102000,51,327.02,573.97,349.73,144.74,1,1,1.000000
1724169387316102000,52,0.00,258.43,122.00,77.66,1,1,1.000000
1724169387346639200,48,275.74,501.90,402.25,217.77,1,1,1.000000
1724169387346639200,49,7.11,615.24,559.43,103.94,1,1,1.000000
1724169387346639200,51,327.02,573.97,349.73,144.74,1,1,1.000000
1724169387346639200,52,0.00,258.43,122.00,77.66,1,1,1.000000
1724169387346639200,53,564.58,650.32,109.40,69.70,1,1,1.000000
1724169387346639200,54,272.91,501.34,368.18,108.69,1,1,1.000000
1724169387391512000,49,10.67,621.94,587.42,97.63,1,1,1.000000
1724169387391512000,51,340.61,573.35,362.62,100.33,1,1,1.000000
1724169387391512000,52,0.00,251.87,154.61,96.83,1,1,1.000000
1724169387391512000,53,520.14,658.11,178.82,61.18,1,1,1.000000
1724169387391512000,54,326.21,514.32,269.79,71.89,1,1,1.000000
1724169387437474500,49,10.67,621.94,587.42,97.63,1,1,1.000000
1724169387437474500,51,340.61,573.35,362.62,100.33,1,1,1.000000
1724169387437474500,52,0.00,251.87,154.61,96.83,1,1,1.000000
1724169387437474500,53,520.14,658.11,178.82,61.18,1,1,1.000000
1724169387437474500,54,326.21,514.32,269.79,71.89,1,1,1.000000
1724169387437474500,55,0.00,553.55,54.85,160.52,1,1,1.000000
1724169387469662100,49,8.80,593.73,623.76,126.17,1,1,1.000000
1724169387469662100,51,358.48,570.40,383.11,103.80,1,1,1.000000
1724169387469662100,52,0.00,249.97,190.94,95.48,1,1,1.000000
1724169387469662100,53,540.69,657.02,177.37,62.40,1,1,1.000000
1724169387469662100,54,362.90,507.73,251.26,75.26,1,1,1.000000
1724169387469662100,48,365.78,503.23,342.02,95.65,1,1,1.000000
1724169387515885500,49,153.18,597.44,568.63,122.59,1,1,1.000000
1724169387515885500,51,355.91,497.87,446.79,174.77,1,1,1.000000
1724169387515885500,52,0.00,221.13,234.50,131.23,1,1,1.000000
1724169387515885500,56,0.00,58.93,98.84,73.45,1,1,1.000000
1724169387515885500,50,313.47,0.00,335.64,35.35,1,1,1.000000
1724169387559191900,49,153.18,597.44,568.63,122.59,1,1,1.000000
1724169387559191900,51,355.91,497.87,446.79,174.77,1,1,1.000000
1724169387559191900,52,0.00,221.13,234.50,131.23,1,1,1.000000
1724169387559191900,56,0.00,58.93,98.84,73.45,1,1,1.000000
1724169387559191900,58,244.97,604.85,508.14,114.99,1,1,1.000000
1724169387559191900,50,313.47,0.00,335.64,35.35,1,1,1.000000
1724169387587757400,51,353.87,508.73,492.19,161.11,1,1,1.000000
1724169387587757400,52,0.00,223.05,276.35,132.48,1,1,1.000000
1724169387587757400,56,0.26,46.54,138.93,93.15,1,1,1.000000
1724169387587757400,58,250.31,562.85,533.77,157.35,1,1,1.000000
1724169387587757400,54,465.39,500.62,175.02,71.07,1,1,1.000000
1724169387633228600,51,417.53,551.57,483.22,103.69,1,1,1.000000
1724169387633228600,52,0.00,205.71,315.01,147.13,1,1,1.000000
1724169387633228600,56,0.00,43.15,187.16,99.35,1,1,1.000000
1724169387633228600,54,519.17,500.39,128.28,70.70,1,1,1.000000
1724169387633228600,49,304.74,584.80,525.60,135.71,1,1,1.000000
1724169387677961600,51,417.53,551.57,483.22,103.69,1,1,1.000000
1724169387677961600,52,0.00,205.71,315.01,147.13,1,1,1.000000
1724169387677961600,56,0.00,43.15,187.16,99.35,1,1,1.000000
1724169387677961600,54,519.17,500.39,128.28,70.70,1,1,1.000000
1724169387677961600,49,304.74,584.80,525.60,135.71,1,1,1.000000
1724169387708341400,51,487.33,510.08,464.88,142.16,1,1,1.000000
1724169387708341400,52,0.00,169.19,356.76,187.26,1,1,1.000000
1724169387708341400,56,0.00,26.37,242.78,117.84,1,1,1.000000
1724169387708341400,49,393.28,640.99,487.14,78.82,1,1,1.000000
1724169387752271000,51,487.33,510.08,464.88,142.16,1,1,1.000000
1724169387752271000,52,0.00,169.19,356.76,187.26,1,1,1.000000
1724169387752271000,56,0.00,26.37,242.78,117.84,1,1,1.000000
1724169387752271000,49,393.28,640.99,487.14,78.82,1,1,1.000000
1724169387782400300,51,487.33,510.08,464.88,142.16,1,1,1.000000
1724169387782400300,52,0.00,169.19,356.76,187.26,1,1,1.000000
1724169387782400300,56,0.00,26.37,242.78,117.84,1,1,1.000000
1724169387782400300,49,393.28,640.99,487.14,78.82,1,1,1.000000
1724169387827536900,52,14.81,243.13,437.55,124.71,1,1,1.000000
1724169387827536900,56,1.61,38.20,350.52,106.99,1,1,1.000000
1724169387827536900,49,591.09,590.57,382.27,129.45,1,1,1.000000
1724169387873781500,52,14.81,243.13,437.55,124.71,1,1,1.000000
1724169387873781500,56,1.61,38.20,350.52,106.99,1,1,1.000000
1724169387873781500,49,591.09,590.57,382.27,129.45,1,1,1.000000
1724169387873781500,60,0.68,147.33,120.05,74.43,1,1,1.000000
1724169387903311600,52,9.24,237.19,489.77,137.39,1,1,1.000000
1724169387903311600,56,5.82,47.00,396.30,97.80,1,1,1.000000
1724169387903311600,49,655.34,542.84,365.78,173.59,1,1,1.000000
1724169387903311600,60,0.14,129.92,178.39,103.30,1,1,1.000000
1724169387903311600,51,697.92,518.62,513.42,120.64,1,1,1.000000
1724169387950494500,52,7.04,230.78,533.44,149.56,1,1,1.000000
1724169387950494500,56,29.48,49.43,412.68,97.09,1,1,1.000000
1724169387950494500,60,0.00,122.81,248.52,112.94,1,1,1.000000
1724169387950494500,61,30.05,634.98,354.26,83.59,1,1,1.000000
1724169387950494500,62,1009.74,86.82,269.18,289.81,1,1,1.000000
1724169387950494500,51,729.97,510.45,542.53,140.56,1,1,1.000000
1724169387995844500,52,233.58,227.69,343.84,160.25,1,1,1.000000
1724169387995844500,56,113.97,50.86,370.72,99.12,1,1,1.000000
1724169387995844500,60,0.00,110.29,295.51,127.41,1,1,1.000000
1724169387995844500,61,0.87,542.18,407.84,177.55,1,1,1.000000
1724169387995844500,62,1132.75,77.69,143.39,226.02,1,1,1.000000
1724169387995844500,51,795.78,505.44,484.67,150.24,1,1,1.000000
1724169387995844500,63,0.00,381.86,149.52,131.16,1,1,1.000000
1724169387995844500,64,0.00,0.13,227.31,54.87,1,1,1.000000
1724169387995844500,49,743.07,554.55,347.38,163.91,1,1,1.000000
1724169388025956800,52,233.58,227.69,343.84,160.25,1,1,1.000000
1724169388025956800,56,113.97,50.86,370.72,99.12,1,1,1.000000
1724169388025956800,60,0.00,110.29,295.51,127.41,1,1,1.000000
1724169388025956800,61,0.87,542.18,407.84,177.55,1,1,1.000000
1724169388025956800,62,1132.75,77.69,143.39,226.02,1,1,1.000000
1724169388025956800,51,795.78,505.44,484.67,150.24,1,1,1.000000
1724169388025956800,63,0.00,381.86,149.52,131.16,1,1,1.000000
1724169388025956800,64,0.00,0.13,227.31,54.87,1,1,1.000000
1724169388025956800,49,743.07,554.55,347.38,163.91,1,1,1.000000
1724169388072141300,52,264.52,226.63,330.63,175.84,1,1,1.000000
1724169388072141300,56,171.13,56.60,346.22,97.67,1,1,1.000000
1724169388072141300,60,0.00,120.80,334.46,123.15,1,1,1.000000
1724169388072141300,61,1.41,548.54,395.89,170.83,1,1,1.000000
1724169388072141300,62,1142.45,72.58,137.11,226.35,1,1,1.000000
1724169388072141300,51,811.69,503.57,467.95,157.25,1,1,1.000000
1724169388072141300,63,0.00,375.82,171.76,169.76,1,1,1.000000
1724169388072141300,64,0.00,0.02,258.27,61.78,1,1,1.000000
1724169388072141300,49,816.26,562.83,285.29,154.94,1,1,1.000000
1724169388115751900,52,264.52,226.63,330.63,175.84,1,1,1.000000
1724169388115751900,56,171.13,56.60,346.22,97.67,1,1,1.000000
1724169388115751900,60,0.00,120.80,334.46,123.15,1,1,1.000000
1724169388115751900,61,1.41,548.54,395.89,170.83,1,1,1.000000
1724169388115751900,62,1142.45,72.58,137.11,226.35,1,1,1.000000
1724169388115751900,51,811.69,503.57,467.95,157.25,1,1,1.000000
1724169388115751900,63,0.00,375.82,171.76,169.76,1,1,1.000000
1724169388115751900,64,0.00,0.02,258.27,61.78,1,1,1.000000
1724169388115751900,49,816.26,562.83,285.29,154.94,1,1,1.000000
1724169388145797500,52,310.05,231.80,310.55,185.85,1,1,1.000000
1724169388145797500,56,227.90,61.03,318.51,95.20,1,1,1.000000
1724169388145797500,60,0.33,132.51,368.86,118.25,1,1,1.000000
1724169388145797500,61,2.70,546.16,382.58,172.99,1,1,1.000000
1724169388145797500,62,1156.20,63.27,123.09,240.49,1,1,1.000000
1724169388145797500,51,859.46,505.77,420.13,142.92,1,1,1.000000
1724169388145797500,63,0.44,385.36,214.52,180.91,1,1,1.000000
1724169388145797500,64,0.00,0.00,283.65,65.57,1,1,1.000000
1724169388145797500,49,883.82,580.99,238.83,138.59,1,1,1.000000
1724169388190215700,52,328.28,257.38,322.89,174.83,1,1,1.000000
1724169388190215700,56,262.62,62.58,322.52,96.89,1,1,1.000000
1724169388190215700,60,0.63,126.92,407.73,127.52,1,1,1.000000
1724169388190215700,61,42.63,572.09,338.32,148.06,1,1,1.000000
1724169388190215700,62,1155.72,60.28,122.24,237.83,1,1,1.000000
1724169388190215700,51,897.12,511.46,381.92,206.56,1,1,1.000000
1724169388190215700,63,0.95,395.86,254.92,186.10,1,1,1.000000
1724169388190215700,64,0.00,0.00,289.82,87.01,1,1,1.000000
1724169388190215700,49,894.98,538.27,220.93,179.77,1,1,1.000000
1724169388235287700,52,340.32,275.25,338.41,175.02,1,1,1.000000
1724169388235287700,56,265.74,67.06,380.17,95.79,1,1,1.000000
1724169388235287700,60,0.52,147.29,441.57,112.74,1,1,1.000000
1724169388235287700,61,53.35,570.32,316.63,150.39,1,1,1.000000
1724169388235287700,62,1158.08,64.38,121.06,236.92,1,1,1.000000
1724169388235287700,51,943.22,501.45,336.56,145.24,1,1,1.000000
1724169388235287700,63,1.29,401.88,302.64,193.21,1,1,1.000000
1724169388235287700,64,0.00,0.00,308.13,74.58,1,1,1.000000
1724169388235287700,49,931.70,542.69,173.07,177.78,1,1,1.000000
1724169388265446600,52,340.32,275.25,338.41,175.02,1,1,1.000000
1724169388265446600,56,265.74,67.06,380.17,95.79,1,1,1.000000
1724169388265446600,60,0.52,147.29,441.57,112.74,1,1,1.000000
1724169388265446600,61,53.35,570.32,316.63,150.39,1,1,1.000000
1724169388265446600,62,1158.08,64.38,121.06,236.92,1,1,1.000000
1724169388265446600,51,943.22,501.45,336.56,145.24,1,1,1.000000
1724169388265446600,63,1.29,401.88,302.64,193.21,1,1,1.000000
1724169388265446600,64,0.00,0.00,308.13,74.58,1,1,1.000000
1724169388265446600,49,931.70,542.69,173.07,177.78,1,1,1.000000
1724169388311492200,52,375.97,277.19,344.67,175.27,1,1,1.000000
1724169388311492200,56,300.62,70.01,363.12,95.30,1,1,1.000000
1724169388311492200,60,3.73,153.34,485.79,117.79,1,1,1.000000
1724169388311492200,61,64.13,570.63,256.50,148.56,1,1,1.000000
1724169388311492200,62,1154.81,65.20,124.20,233.52,1,1,1.000000
1724169388311492200,51,983.45,499.28,296.35,144.03,1,1,1.000000
1724169388311492200,63,33.76,407.79,318.72,195.37,1,1,1.000000
1724169388311492200,64,0.00,0.00,360.40,81.75,1,1,1.000000
1724169388355807400,52,434.59,279.24,345.37,179.73,1,1,1.000000
1724169388355807400,56,370.76,74.75,341.48,94.15,1,1,1.000000
1724169388355807400,60,93.70,163.60,450.05,104.25,1,1,1.000000
1724169388355807400,61,63.99,547.91,268.68,170.30,1,1,1.000000
1724169388355807400,62,1162.18,66.93,116.81,228.05,1,1,1.000000
1724169388355807400,51,1027.38,504.64,253.30,125.97,1,1,1.000000
1724169388355807400,63,105.08,425.51,305.23,187.79,1,1,1.000000
1724169388355807400,64,3.39,0.02,387.25,97.67,1,1,1.000000
1724169388355807400,67,992.93,639.07,85.84,81.35,1,1,1.000000
1724169388386230900,52,434.59,279.24,345.37,179.73,1,1,1.000000
1724169388386230900,56,370.76,74.75,341.48,94.15,1,1,1.000000
1724169388386230900,60,93.70,163.60,450.05,104.25,1,1,1.000000
1724169388386230900,61,63.99,547.91,268.68,170.30,1,1,1.000000
1724169388386230900,62,1162.18,66.93,116.81,228.05,1,1,1.000000
1724169388386230900,51,1027.38,504.64,253.30,125.97,1,1,1.000000
1724169388386230900,63,105.08,425.51,305.23,187.79,1,1,1.000000
1724169388386230900,64,3.39,0.02,387.25,97.67,1,1,1.000000
1724169388386230900,67,992.93,639.07,85.84,81.35,1,1,1.000000
1724169388431105500,52,471.97,278.15,344.65,183.94,1,1,1.000000
1724169388431105500,56,400.73,76.84,364.67,95.24,1,1,1.000000
1724169388431105500,60,117.35,154.66,479.31,117.58,1,1,1.000000
1724169388431105500,61,156.95,595.19,189.58,123.06,1,1,1.000000
1724169388431105500,62,1188.40,66.92,88.98,225.56,1,1,1.000000
1724169388431105500,51,1095.91,518.85,184.20,104.00,1,1,1.000000
1724169388431105500,63,110.87,407.48,344.12,210.23,1,1,1.000000
1724169388431105500,64,1.80,0.14,439.47,115.44,1,1,1.000000
1724169388478125200,52,471.97,278.15,344.65,183.94,1,1,1.000000
1724169388478125200,56,400.73,76.84,364.67,95.24,1,1,1.000000
1724169388478125200,60,117.35,154.66,479.31,117.58,1,1,1.000000
1724169388478125200,61,156.95,595.19,189.58,123.06,1,1,1.000000
1724169388478125200,62,1188.40,66.92,88.98,225.56,1,1,1.000000
1724169388478125200,51,1095.91,518.85,184.20,104.00,1,1,1.000000
1724169388478125200,63,110.87,407.48,344.12,210.23,1,1,1.000000
1724169388478125200,64,1.80,0.14,439.47,115.44,1,1,1.000000
1724169388507883100,52,517.61,287.33,330.91,181.30,1,1,1.000000
1724169388507883100,56,452.00,78.29,354.77,97.28,1,1,1.000000
1724169388507883100,60,192.43,164.93,447.13,104.87,1,1,1.000000
1724169388507883100,61,215.05,595.19,136.84,124.19,1,1,1.000000
1724169388507883100,51,1139.32,530.60,140.48,81.76,1,1,1.000000
1724169388507883100,63,153.79,476.21,339.75,147.53,1,1,1.000000
1724169388507883100,64,24.35,0.27,436.39,111.01,1,1,1.000000
1724169388553127900,52,517.61,287.33,330.91,181.30,1,1,1.000000
1724169388553127900,56,452.00,78.29,354.77,97.28,1,1,1.000000
1724169388553127900,60,192.43,164.93,447.13,104.87,1,1,1.000000
1724169388553127900,61,215.05,595.19,136.84,124.19,1,1,1.000000
1724169388553127900,51,1139.32,530.60,140.48,81.76,1,1,1.000000
1724169388553127900,63,153.79,476.21,339.75,147.53,1,1,1.000000
1724169388553127900,64,24.35,0.27,436.39,111.01,1,1,1.000000
1724169388586402200,52,549.26,328.86,331.66,150.77,1,1,1.000000
1724169388586402200,56,495.71,72.78,353.79,104.08,1,1,1.000000
1724169388586402200,60,267.43,161.62,409.86,107.87,1,1,1.000000
1724169388586402200,61,221.34,596.40,132.78,123.70,1,1,1.000000
1724169388586402200,51,1197.48,549.17,82.73,71.88,1,1,1.000000
1724169388586402200,63,159.43,475.19,369.15,165.35,1,1,1.000000
1724169388586402200,64,59.28,0.00,426.58,107.14,1,1,1.000000
1724169388631039400,52,546.94,324.64,359.03,173.19,1,1,1.000000
1724169388631039400,56,515.03,70.30,372.87,105.72,1,1,1.000000
1724169388631039400,60,283.53,155.03,426.52,115.09,1,1,1.000000
1724169388631039400,61,204.31,591.97,159.50,127.30,1,1,1.000000
1724169388631039400,63,170.27,498.56,405.52,152.16,1,1,1.000000
1724169388631039400,64,91.16,0.00,422.05,106.38,1,1,1.000000
1724169388675093700,52,556.10,339.07,380.20,173.20,1,1,1.000000
1724169388675093700,56,525.63,71.57,397.55,101.61,1,1,1.000000
1724169388675093700,60,304.28,158.57,451.17,130.19,1,1,1.000000
1724169388675093700,63,216.01,517.80,395.55,139.25,1,1,1.000000
1724169388675093700,64,123.44,0.00,414.10,94.70,1,1,1.000000
1724169388707793100,52,556.10,339.07,380.20,173.20,1,1,1.000000
1724169388707793100,56,525.63,71.57,397.55,101.61,1,1,1.000000
1724169388707793100,60,304.28,158.57,451.17,130.19,1,1,1.000000
1724169388707793100,63,216.01,517.80,395.55,139.25,1,1,1.000000
1724169388707793100,64,123.44,0.00,414.10,94.70,1,1,1.000000
1724169388707793100,68,0.32,243.46,56.57,71.23,1,1,1.000000
1724169388752113100,52,556.10,339.07,380.20,173.20,1,1,1.000000
1724169388752113100,56,525.63,71.57,397.55,101.61,1,1,1.000000
1724169388752113100,60,304.28,158.57,451.17,130.19,1,1,1.000000
1724169388752113100,63,216.01,517.80,395.55,139.25,1,1,1.000000
1724169388752113100,64,123.44,0.00,414.10,94.70,1,1,1.000000
1724169388752113100,68,0.32,243.46,56.57,71.23,1,1,1.000000
1724169388796806100,52,604.77,369.74,398.37,173.82,1,1,1.000000
1724169388796806100,56,592.12,76.03,410.35,100.51,1,1,1.000000
1724169388796806100,60,397.67,152.55,440.62,126.40,1,1,1.000000
1724169388796806100,63,318.99,500.23,372.73,174.47,1,1,1.000000
1724169388796806100,64,167.03,0.00,404.64,88.91,1,1,1.000000
1724169388796806100,68,0.34,266.96,73.28,83.98,1,1,1.000000
1724169388826485700,52,604.77,369.74,398.37,173.82,1,1,1.000000
1724169388826485700,56,592.12,76.03,410.35,100.51,1,1,1.000000
1724169388826485700,60,397.67,152.55,440.62,126.40,1,1,1.000000
1724169388826485700,63,318.99,500.23,372.73,174.47,1,1,1.000000
1724169388826485700,64,167.03,0.00,404.64,88.91,1,1,1.000000
1724169388826485700,68,0.34,266.96,73.28,83.98,1,1,1.000000
1724169388826485700,69,1179.92,68.70,99.14,217.41,1,1,1.000000
1724169388871088500,52,639.84,369.79,409.74,185.45,1,1,1.000000
1724169388871088500,56,633.84,77.15,403.62,100.38,1,1,1.000000
1724169388871088500,60,462.48,152.69,424.60,112.55,1,1,1.000000
1724169388871088500,63,358.32,505.20,375.31,184.51,1,1,1.000000
1724169388871088500,64,193.30,0.02,407.71,84.89,1,1,1.000000
1724169388871088500,68,0.00,283.31,66.33,83.93,1,1,1.000000
1724169388871088500,69,1173.99,69.01,105.03,216.25,1,1,1.000000
1724169388919418700,52,639.84,369.79,409.74,185.45,1,1,1.000000
1724169388919418700,56,633.84,77.15,403.62,100.38,1,1,1.000000
1724169388919418700,60,462.48,152.69,424.60,112.55,1,1,1.000000
1724169388919418700,63,358.32,505.20,375.31,184.51,1,1,1.000000
1724169388919418700,64,193.30,0.02,407.71,84.89,1,1,1.000000
1724169388919418700,68,0.00,283.31,66.33,83.93,1,1,1.000000
1724169388919418700,69,1173.99,69.01,105.03,216.25,1,1,1.000000
1724169388948994300,52,639.84,369.79,409.74,185.45,1,1,1.000000
1724169388948994300,56,633.84,77.15,403.62,100.38,1,1,1.000000
1724169388948994300,60,462.48,152.69,424.60,112.55,1,1,1.000000
1724169388948994300,63,358.32,505.20,375.31,184.51,1,1,1.000000
1724169388948994300,64,193.30,0.02,407.71,84.89,1,1,1.000000
1724169388948994300,68,0.00,283.31,66.33,83.93,1,1,1.000000
1724169388948994300,69,1173.99,69.01,105.03,216.25,1,1,1.000000
1724169388995489600,52,723.97,355.58,437.97,221.50,1,1,1.000000
1724169388995489600,56,702.14,62.04,448.68,111.87,1,1,1.000000
1724169388995489600,60,571.07,151.39,460.40,100.86,1,1,1.000000
1724169388995489600,63,446.25,562.06,387.26,157.41,1,1,1.000000
1724169388995489600,64,298.96,0.00,381.22,72.81,1,1,1.000000
1724169388995489600,68,0.00,284.24,68.03,106.40,1,1,1.000000
1724169388995489600,61,286.04,559.77,143.50,136.68,1,1,1.000000
1724169389024205600,52,723.97,355.58,437.97,221.50,1,1,1.000000
1724169389024205600,56,702.14,62.04,448.68,111.87,1,1,1.000000
1724169389024205600,60,571.07,151.39,460.40,100.86,1,1,1.000000
1724169389024205600,63,446.25,562.06,387.26,157.41,1,1,1.000000
1724169389024205600,64,298.96,0.00,381.22,72.81,1,1,1.000000
1724169389024205600,68,0.00,284.24,68.03,106.40,1,1,1.000000
1724169389024205600,70,0.10,285.44,181.39,145.97,1,1,1.000000
1724169389024205600,61,286.04,559.77,143.50,136.68,1,1,1.000000
1724169389068858700,52,759.68,356.49,459.25,232.72,1,1,1.000000
1724169389068858700,56,753.17,59.19,469.69,112.43,1,1,1.000000
1724169389068858700,60,611.03,147.02,474.65,97.51,1,1,1.000000
1724169389068858700,63,494.42,554.78,386.82,164.97,1,1,1.000000
1724169389068858700,64,378.27,0.00,333.29,62.29,1,1,1.000000
1724169389068858700,68,0.00,289.79,74.67,110.91,1,1,1.000000
1724169389113973600,52,826.48,362.12,452.21,244.55,1,1,1.000000
1724169389113973600,56,752.35,60.20,527.87,103.96,1,1,1.000000
1724169389113973600,60,677.33,135.86,537.80,103.50,1,1,1.000000
1724169389113973600,63,552.04,540.66,388.62,179.44,1,1,1.000000
1724169389113973600,64,430.02,0.00,311.33,57.26,1,1,1.000000
1724169389113973600,68,0.03,298.21,82.00,112.06,1,1,1.000000
1724169389113973600,69,1222.64,70.27,56.63,211.35,1,1,1.000000
1724169389113973600,61,384.08,590.88,229.64,129.43,1,1,1.000000
1724169389143625300,52,826.48,362.12,452.21,244.55,1,1,1.000000
1724169389143625300,56,752.35,60.20,527.87,103.96,1,1,1.000000
1724169389143625300,60,677.33,135.86,537.80,103.50,1,1,1.000000
1724169389143625300,63,552.04,540.66,388.62,179.44,1,1,1.000000
1724169389143625300,64,430.02,0.00,311.33,57.26,1,1,1.000000
1724169389143625300,68,0.03,298.21,82.00,112.06,1,1,1.000000
1724169389143625300,69,1222.64,70.27,56.63,211.35,1,1,1.000000
1724169389143625300,61,384.08,590.88,229.64,129.43,1,1,1.000000
1724169389190369200,52,852.78,370.85,427.76,247.12,1,1,1.000000
1724169389190369200,60,734.42,119.29,524.65,120.07,1,1,1.000000
1724169389190369200,63,612.18,522.71,355.76,197.95,1,1,1.000000
1724169389190369200,64,485.36,0.00,299.27,61.87,1,1,1.000000
1724169389190369200,68,0.00,308.23,70.95,111.28,1,1,1.000000
1724169389190369200,69,1182.96,67.02,98.92,213.54,1,1,1.000000
1724169389190369200,61,402.16,580.47,96.73,138.22,1,1,1.000000
1724169389234958900,52,875.79,373.53,404.42,245.44,1,1,1.000000
1724169389234958900,60,771.97,55.55,509.51,187.15,1,1,1.000000
1724169389234958900,63,647.76,518.34,351.86,202.12,1,1,1.000000
1724169389234958900,64,513.69,0.00,301.24,53.20,1,1,1.000000
1724169389234958900,61,402.02,584.74,102.75,134.30,1,1,1.000000
1724169389234958900,56,946.39,55.71,333.98,104.24,1,1,1.000000
1724169389264978000,52,875.79,373.53,404.42,245.44,1,1,1.000000
1724169389264978000,60,771.97,55.55,509.51,187.15,1,1,1.000000
1724169389264978000,63,647.76,518.34,351.86,202.12,1,1,1.000000
1724169389264978000,64,513.69,0.00,301.24,53.20,1,1,1.000000
1724169389264978000,61,402.02,584.74,102.75,134.30,1,1,1.000000
1724169389264978000,74,1220.85,220.92,58.71,62.10,1,1,1.000000
1724169389264978000,56,946.39,55.71,333.98,104.24,1,1,1.000000
1724169389310730300,52,889.44,383.12,389.69,242.98,1,1,1.000000
1724169389310730300,60,814.82,68.59,463.13,193.60,1,1,1.000000
1724169389310730300,63,699.70,529.68,324.97,190.44,1,1,1.000000
1724169389310730300,64,541.25,0.18,301.57,43.33,1,1,1.000000
1724169389310730300,68,0.00,309.51,111.42,58.08,1,1,1.000000
1724169389358472600,52,889.44,383.12,389.69,242.98,1,1,1.000000
1724169389358472600,60,814.82,68.59,463.13,193.60,1,1,1.000000
1724169389358472600,63,699.70,529.68,324.97,190.44,1,1,1.000000
1724169389358472600,64,541.25,0.18,301.57,43.33,1,1,1.000000
1724169389358472600,68,0.00,309.51,111.42,58.08,1,1,1.000000
1724169389389137700,52,918.71,399.10,361.76,224.46,1,1,1.000000
1724169389389137700,60,865.75,123.64,413.81,158.44,1,1,1.000000
1724169389389137700,63,761.22,551.30,294.29,168.62,1,1,1.000000
1724169389389137700,68,0.05,309.24,137.84,54.01,1,1,1.000000
1724169389432915100,52,952.62,420.85,326.92,207.00,1,1,1.000000
1724169389432915100,60,951.76,136.08,326.75,144.88,1,1,1.000000
1724169389432915100,63,772.73,566.07,297.24,153.31,1,1,1.000000
1724169389432915100,75,0.77,617.97,167.12,91.10,1,1,1.000000
1724169389432915100,70,0.00,281.11,146.03,84.43,1,1,1.000000
1724169389432915100,56,1118.67,72.71,160.85,69.58,1,1,1.000000
1724169389464117200,52,952.62,420.85,326.92,207.00,1,1,1.000000
1724169389464117200,60,951.76,136.08,326.75,144.88,1,1,1.000000
1724169389464117200,63,772.73,566.07,297.24,153.31,1,1,1.000000
1724169389464117200,75,0.77,617.97,167.12,91.10,1,1,1.000000
1724169389464117200,70,0.00,281.11,146.03,84.43,1,1,1.000000
1724169389464117200,56,1118.67,72.71,160.85,69.58,1,1,1.000000
1724169389508357100,52,987.33,425.28,292.63,214.34,1,1,1.000000
1724169389508357100,60,1005.22,136.90,273.86,145.92,1,1,1.000000
1724169389508357100,63,801.89,604.23,281.22,115.87,1,1,1.000000
1724169389508357100,75,1.00,632.86,96.36,83.10,1,1,1.000000
1724169389508357100,70,0.00,280.11,167.50,93.19,1,1,1.000000
1724169389508357100,56,1135.92,70.60,144.32,82.38,1,1,1.000000
1724169389554392500,52,1021.52,435.79,258.72,197.59,1,1,1.000000
1724169389554392500,60,1068.00,132.47,211.99,154.88,1,1,1.000000
1724169389554392500,63,842.75,629.70,235.87,90.10,1,1,1.000000
1724169389554392500,75,0.24,630.93,187.80,86.31,1,1,1.000000
1724169389554392500,70,0.00,278.33,193.54,100.52,1,1,1.000000
1724169389554392500,56,1157.73,70.34,121.60,84.92,1,1,1.000000
1724169389584242500,52,1021.52,435.79,258.72,197.59,1,1,1.000000
1724169389584242500,60,1068.00,132.47,211.99,154.88,1,1,1.000000
1724169389584242500,63,842.75,629.70,235.87,90.10,1,1,1.000000
1724169389584242500,75,0.24,630.93,187.80,86.31,1,1,1.000000
1724169389584242500,70,0.00,278.33,193.54,100.52,1,1,1.000000
1724169389584242500,56,1157.73,70.34,121.60,84.92,1,1,1.000000
1724169389628986200,52,1045.46,439.54,235.45,192.16,1,1,1.000000
1724169389628986200,63,797.00,625.05,276.93,94.44,1,1,1.000000
1724169389628986200,75,1.43,637.61,194.29,81.37,1,1,1.000000
1724169389628986200,70,0.00,280.81,207.15,109.28,1,1,1.000000
1724169389628986200,69,1135.13,100.13,145.16,190.30,1,1,1.000000
1724169389628986200,74,1186.40,228.36,94.26,62.81,1,1,1.000000
1724169389675430000,52,1045.46,439.54,235.45,192.16,1,1,1.000000
1724169389675430000,63,797.00,625.05,276.93,94.44,1,1,1.000000
1724169389675430000,75,1.43,637.61,194.29,81.37,1,1,1.000000
1724169389675430000,70,0.00,280.81,207.15,109.28,1,1,1.000000
1724169389675430000,76,0.00,510.57,80.40,67.99,1,1,1.000000
1724169389675430000,69,1135.13,100.13,145.16,190.30,1,1,1.000000
1724169389675430000,74,1186.40,228.36,94.26,62.81,1,1,1.000000
1724169389704584400,52,1072.58,454.84,208.08,174.92,1,1,1.000000
1724169389704584400,63,950.75,630.56,110.15,89.74,1,1,1.000000
1724169389704584400,75,1.45,645.18,212.77,74.57,1,1,1.000000
1724169389704584400,70,0.00,289.14,227.80,113.34,1,1,1.000000
1724169389704584400,76,0.00,513.16,93.58,72.39,1,1,1.000000
1724169389704584400,69,1150.98,88.05,128.52,195.82,1,1,1.000000
1724169389704584400,74,1175.18,230.73,105.17,63.04,1,1,1.000000
1724169389704584400,56,1200.64,87.86,78.98,104.64,1,1,1.000000
1724169389750705300,52,1115.46,482.06,164.86,147.05,1,1,1.000000
1724169389750705300,75,1.31,653.57,220.63,66.17,1,1,1.000000
1724169389750705300,70,0.03,312.06,247.80,99.51,1,1,1.000000
1724169389750705300,76,0.00,520.03,119.56,72.26,1,1,1.000000
1724169389797790100,52,1148.40,517.83,130.94,110.33,1,1,1.000000
1724169389797790100,70,0.00,320.42,278.66,94.01,1,1,1.000000
1724169389797790100,76,0.42,528.95,132.60,85.33,1,1,1.000000
1724169389797790100,77,0.00,266.63,89.86,62.08,1,1,1.000000
1724169389825788800,52,1148.40,517.83,130.94,110.33,1,1,1.000000
1724169389825788800,70,0.00,320.42,278.66,94.01,1,1,1.000000
1724169389825788800,76,0.42,528.95,132.60,85.33,1,1,1.000000
1724169389825788800,77,0.00,266.63,89.86,62.08,1,1,1.000000
1724169389825788800,79,937.00,0.00,339.70,33.02,1,1,1.000000
1724169389825788800,80,418.47,0.68,91.73,57.49,1,1,1.000000
1724169389873691300,52,1170.41,527.17,109.78,99.05,1,1,1.000000
1724169389873691300,70,0.00,331.15,279.48,95.07,1,1,1.000000
1724169389873691300,76,0.00,532.90,148.22,97.09,1,1,1.000000
1724169389873691300,77,0.04,265.24,107.69,76.30,1,1,1.000000
1724169389873691300,79,921.23,0.00,356.51,38.42,1,1,1.000000
1724169389873691300,80,417.56,0.46,99.48,64.85,1,1,1.000000
1724169389918271100,52,1212.41,555.29,67.48,76.33,1,1,1.000000
1724169389918271100,70,0.00,343.09,313.25,94.77,1,1,1.000000
1724169389918271100,76,0.13,535.32,160.80,120.12,1,1,1.000000
1724169389918271100,77,0.32,250.23,132.03,105.46,1,1,1.000000
1724169389918271100,79,920.96,0.64,352.73,47.02,1,1,1.000000
1724169389918271100,80,401.27,0.23,124.19,82.56,1,1,1.000000
1724169389949740100,52,1212.41,555.29,67.48,76.33,1,1,1.000000
1724169389949740100,70,0.00,343.09,313.25,94.77,1,1,1.000000
1724169389949740100,76,0.13,535.32,160.80,120.12,1,1,1.000000
1724169389949740100,77,0.32,250.23,132.03,105.46,1,1,1.000000
1724169389949740100,79,920.96,0.64,352.73,47.02,1,1,1.000000
1724169389949740100,80,401.27,0.23,124.19,82.56,1,1,1.000000
1724169389949740100,81,187.03,9.64,341.32,72.75,1,1,1.000000
1724169389949740100,82,1055.73,0.14,223.53,43.94,1,1,1.000000
1724169389949740100,83,192.65,26.01,143.48,52.78,1,1,1.000000
1724169389995719400,70,0.66,350.74,322.92,116.78,1,1,1.000000
1724169389995719400,76,0.11,549.61,179.25,126.82,1,1,1.000000
1724169389995719400,77,0.28,263.60,144.34,110.87,1,1,1.000000
1724169389995719400,80,408.40,1.99,130.37,93.26,1,1,1.000000
1724169389995719400,83,203.72,39.79,141.72,56.08,1,1,1.000000
1724169390024229400,70,0.66,350.74,322.92,116.78,1,1,1.000000
1724169390024229400,76,0.11,549.61,179.25,126.82,1,1,1.000000
1724169390024229400,77,0.28,263.60,144.34,110.87,1,1,1.000000
1724169390024229400,80,408.40,1.99,130.37,93.26,1,1,1.000000
1724169390024229400,83,203.72,39.79,141.72,56.08,1,1,1.000000
1724169390024229400,84,0.33,87.28,83.98,77.26,1,1,1.000000
1724169390069210200,70,1.00,356.18,269.50,121.59,1,1,1.000000
1724169390069210200,76,0.01,564.68,197.52,121.27,1,1,1.000000
1724169390069210200,77,0.27,272.21,164.05,113.82,1,1,1.000000
1724169390069210200,80,417.43,22.58,128.24,83.42,1,1,1.000000
1724169390069210200,83,210.60,46.51,142.30,60.13,1,1,1.000000
1724169390069210200,84,0.00,85.62,112.01,90.63,1,1,1.000000
1724169390069210200,82,1088.60,0.58,190.94,54.45,1,1,1.000000
1724169390116790200,70,0.82,383.63,303.33,162.37,1,1,1.000000
1724169390116790200,76,0.30,570.92,212.08,124.71,1,1,1.000000
1724169390116790200,77,0.25,281.24,175.78,114.91,1,1,1.000000
1724169390116790200,83,221.97,59.00,139.45,55.17,1,1,1.000000
1724169390116790200,84,0.00,71.11,184.76,144.95,1,1,1.000000
1724169390147820300,70,0.82,383.63,303.33,162.37,1,1,1.000000
1724169390147820300,76,0.30,570.92,212.08,124.71,1,1,1.000000
1724169390147820300,77,0.25,281.24,175.78,114.91,1,1,1.000000
1724169390147820300,83,221.97,59.00,139.45,55.17,1,1,1.000000
1724169390147820300,84,0.00,71.11,184.76,144.95,1,1,1.000000
1724169390191398300,70,1.03,380.34,295.20,192.91,1,1,1.000000
1724169390191398300,76,0.14,579.09,234.59,107.73,1,1,1.000000
1724169390191398300,77,0.00,287.45,201.71,108.55,1,1,1.000000
1724169390191398300,84,0.00,68.45,219.36,149.74,1,1,1.000000
1724169390236854700,70,63.06,385.07,241.85,215.23,1,1,1.000000
1724169390236854700,76,0.83,581.48,277.68,92.92,1,1,1.000000
1724169390236854700,77,0.00,280.21,250.69,115.19,1,1,1.000000
1724169390236854700,84,0.00,61.25,278.94,158.81,1,1,1.000000
1724169390267870800,70,63.06,385.07,241.85,215.23,1,1,1.000000
1724169390267870800,76,0.83,581.48,277.68,92.92,1,1,1.000000
1724169390267870800,77,0.00,280.21,250.69,115.19,1,1,1.000000
1724169390267870800,84,0.00,61.25,278.94,158.81,1,1,1.000000
1724169390267870800,85,0.25,660.12,91.82,59.75,1,1,1.000000
1724169390312771900,70,1.81,373.46,332.31,253.72,1,1,1.000000
1724169390312771900,76,2.82,576.58,334.37,90.79,1,1,1.000000
1724169390312771900,77,0.00,271.62,296.91,116.04,1,1,1.000000
1724169390312771900,84,1.24,48.96,390.87,183.60,1,1,1.000000
1724169390312771900,85,0.86,629.02,120.15,89.13,1,1,1.000000
1724169390342653900,70,1.81,373.46,332.31,253.72,1,1,1.000000
1724169390342653900,76,2.82,576.58,334.37,90.79,1,1,1.000000
1724169390342653900,77,0.00,271.62,296.91,116.04,1,1,1.000000
1724169390342653900,84,1.24,48.96,390.87,183.60,1,1,1.000000
1724169390342653900,85,0.86,629.02,120.15,89.13,1,1,1.000000
1724169390387684300,70,155.99,368.68,201.61,280.05,1,1,1.000000
1724169390387684300,77,0.00,259.39,347.07,117.18,1,1,1.000000
1724169390387684300,84,0.44,31.20,425.41,179.27,1,1,1.000000
1724169390433460800,70,1.73,354.09,404.30,343.35,1,1,1.000000
1724169390433460800,77,1.40,253.66,393.31,113.42,1,1,1.000000
1724169390433460800,84,0.87,4.91,484.99,186.32,1,1,1.000000
1724169390433460800,86,0.72,194.00,185.34,86.71,1,1,1.000000
1724169390433460800,69,1175.13,128.63,103.21,203.46,1,1,1.000000
1724169390466860100,70,1.73,354.09,404.30,343.35,1,1,1.000000
1724169390466860100,77,1.40,253.66,393.31,113.42,1,1,1.000000
1724169390466860100,84,0.87,4.91,484.99,186.32,1,1,1.000000
1724169390466860100,86,0.72,194.00,185.34,86.71,1,1,1.000000
1724169390466860100,69,1175.13,128.63,103.21,203.46,1,1,1.000000
1724169390509865100,70,8.48,442.32,435.56,240.91,1,1,1.000000
1724169390509865100,77,0.95,240.93,450.33,127.08,1,1,1.000000
1724169390509865100,84,0.49,1.27,535.35,182.67,1,1,1.000000
1724169390509865100,86,0.32,185.37,229.80,91.88,1,1,1.000000
1724169390509865100,69,1197.85,129.12,81.78,189.48,1,1,1.000000
1724169390509865100,85,1.11,616.34,91.95,103.56,1,1,1.000000
1724169390555872600,70,175.80,441.45,328.33,183.72,1,1,1.000000
1724169390555872600,77,26.72,231.44,477.12,122.98,1,1,1.000000
1724169390555872600,84,69.27,1.02,566.18,184.36,1,1,1.000000
1724169390555872600,86,0.00,183.23,283.51,94.40,1,1,1.000000
1724169390555872600,69,1221.96,119.77,58.04,194.96,1,1,1.000000
1724169390555872600,85,0.61,606.49,157.26,112.54,1,1,1.000000
1724169390586977900,70,175.80,441.45,328.33,183.72,1,1,1.000000
1724169390586977900,77,26.72,231.44,477.12,122.98,1,1,1.000000
1724169390586977900,84,69.27,1.02,566.18,184.36,1,1,1.000000
1724169390586977900,86,0.00,183.23,283.51,94.40,1,1,1.000000
1724169390586977900,69,1221.96,119.77,58.04,194.96,1,1,1.000000
1724169390586977900,85,0.61,606.49,157.26,112.54,1,1,1.000000
1724169390586977900,87,554.77,669.20,225.81,50.61,1,1,1.000000
1724169390586977900,88,109.30,503.03,140.06,80.87,1,1,1.000000
1724169390631061700,70,169.83,420.38,369.54,195.54,1,1,1.000000
1724169390631061700,77,84.31,225.92,464.19,121.87,1,1,1.000000
1724169390631061700,84,166.30,0.67,530.23,136.92,1,1,1.000000
1724169390631061700,86,0.03,134.15,320.57,132.30,1,1,1.000000
1724169390631061700,87,542.45,661.41,288.08,57.76,1,1,1.000000
1724169390631061700,76,50.68,581.63,237.67,120.05,1,1,1.000000
1724169390675839300,70,169.57,419.14,408.82,201.63,1,1,1.000000
1724169390675839300,77,121.12,217.01,478.99,123.16,1,1,1.000000
1724169390675839300,84,263.07,0.52,487.00,134.26,1,1,1.000000
1724169390675839300,86,0.00,130.40,371.11,125.90,1,1,1.000000
1724169390675839300,87,562.82,654.71,300.68,64.30,1,1,1.000000
1724169390675839300,89,310.40,639.04,345.01,77.54,1,1,1.000000
1724169390675839300,90,0.05,66.91,144.83,80.75,1,1,1.000000
1724169390675839300,76,0.83,585.31,285.91,134.17,1,1,1.000000
1724169390705996300,70,169.57,419.14,408.82,201.63,1,1,1.000000
1724169390705996300,77,121.12,217.01,478.99,123.16,1,1,1.000000
1724169390705996300,84,263.07,0.52,487.00,134.26,1,1,1.000000
1724169390705996300,86,0.00,130.40,371.11,125.90,1,1,1.000000
1724169390705996300,87,562.82,654.71,300.68,64.30,1,1,1.000000
1724169390705996300,89,310.40,639.04,345.01,77.54,1,1,1.000000
1724169390705996300,90,0.05,66.91,144.83,80.75,1,1,1.000000
1724169390705996300,76,0.83,585.31,285.91,134.17,1,1,1.000000
1724169390705996300,91,259.03,530.09,325.43,91.01,1,1,1.000000
1724169390751751200,70,162.50,421.55,412.73,201.55,1,1,1.000000
1724169390751751200,77,163.22,209.80,477.55,131.25,1,1,1.000000
1724169390751751200,84,346.39,0.65,483.08,112.36,1,1,1.000000
1724169390751751200,86,0.00,116.57,430.79,135.36,1,1,1.000000
1724169390751751200,87,361.02,629.61,544.17,89.10,1,1,1.000000
1724169390751751200,89,360.25,628.36,332.54,86.14,1,1,1.000000
1724169390751751200,90,0.47,58.84,173.95,80.78,1,1,1.000000
1724169390751751200,76,0.02,545.57,275.72,174.62,1,1,1.000000
1724169390751751200,91,265.19,525.71,342.55,100.66,1,1,1.000000
1724169390781672800,70,157.43,408.69,453.03,219.48,1,1,1.000000
1724169390781672800,77,236.63,209.08,448.59,131.57,1,1,1.000000
1724169390781672800,84,430.99,0.34,449.84,94.72,1,1,1.000000
1724169390781672800,86,0.00,118.20,476.59,136.03,1,1,1.000000
1724169390781672800,87,437.98,649.98,509.38,68.35,1,1,1.000000
1724169390781672800,89,429.48,618.82,296.14,95.10,1,1,1.000000
1724169390781672800,90,0.00,54.89,216.33,82.47,1,1,1.000000
1724169390781672800,76,0.04,542.96,264.38,173.45,1,1,1.000000
1724169390781672800,91,439.73,517.89,216.74,81.19,1,1,1.000000
1724169390827643100,70,157.43,408.69,453.03,219.48,1,1,1.000000
1724169390827643100,77,236.63,209.08,448.59,131.57,1,1,1.000000
1724169390827643100,84,430.99,0.34,449.84,94.72,1,1,1.000000
1724169390827643100,86,0.00,118.20,476.59,136.03,1,1,1.000000
1724169390827643100,87,437.98,649.98,509.38,68.35,1,1,1.000000
1724169390827643100,89,429.48,618.82,296.14,95.10,1,1,1.000000
1724169390827643100,90,0.00,54.89,216.33,82.47,1,1,1.000000
1724169390827643100,76,0.04,542.96,264.38,173.45,1,1,1.000000
1724169390827643100,91,439.73,517.89,216.74,81.19,1,1,1.000000
1724169390871614800,70,159.95,423.26,463.49,193.61,1,1,1.000000
1724169390871614800,77,293.89,209.59,440.69,122.84,1,1,1.000000
1724169390871614800,84,523.17,0.03,437.88,78.81,1,1,1.000000
1724169390871614800,86,29.71,111.85,479.02,140.58,1,1,1.000000
1724169390871614800,89,446.14,622.66,551.73,96.39,1,1,1.000000
1724169390871614800,90,0.63,52.59,255.41,79.29,1,1,1.000000
1724169390871614800,76,0.00,566.88,467.23,149.93,1,1,1.000000
1724169390915964000,70,161.55,442.11,589.58,157.58,1,1,1.000000
1724169390915964000,77,345.28,209.88,438.34,116.04,1,1,1.000000
1724169390915964000,84,606.40,0.14,422.87,72.58,1,1,1.000000
1724169390915964000,86,69.98,112.19,520.12,127.24,1,1,1.000000
1724169390915964000,89,474.24,619.03,591.68,99.74,1,1,1.000000
1724169390915964000,90,37.67,52.57,309.62,79.46,1,1,1.000000
1724169390915964000,76,20.50,567.66,492.87,132.81,1,1,1.000000
1724169390946915700,70,161.55,442.11,589.58,157.58,1,1,1.000000
1724169390946915700,77,345.28,209.88,438.34,116.04,1,1,1.000000
1724169390946915700,84,606.40,0.14,422.87,72.58,1,1,1.000000
1724169390946915700,86,69.98,112.19,520.12,127.24,1,1,1.000000
1724169390946915700,89,474.24,619.03,591.68,99.74,1,1,1.000000
1724169390946915700,90,37.67,52.57,309.62,79.46,1,1,1.000000
1724169390946915700,76,20.50,567.66,492.87,132.81,1,1,1.000000
1724169390991734300,70,165.83,480.10,424.64,117.67,1,1,1.000000
1724169390991734300,77,398.88,206.24,434.20,115.98,1,1,1.000000
1724169390991734300,84,655.47,0.75,438.11,61.37,1,1,1.000000
1724169390991734300,86,169.14,102.78,467.44,133.20,1,1,1.000000
1724169390991734300,89,426.51,609.36,673.17,109.11,1,1,1.000000
1724169390991734300,90,61.41,57.34,315.79,82.08,1,1,1.000000
1724169390991734300,87,518.12,608.40,328.63,93.32,1,1,1.000000
1724169390991734300,91,168.31,474.65,625.12,128.21,1,1,1.000000
1724169391023301900,70,165.83,480.10,424.64,117.67,1,1,1.000000
1724169391023301900,77,398.88,206.24,434.20,115.98,1,1,1.000000
1724169391023301900,84,655.47,0.75,438.11,61.37,1,1,1.000000
1724169391023301900,86,169.14,102.78,467.44,133.20,1,1,1.000000
1724169391023301900,89,426.51,609.36,673.17,109.11,1,1,1.000000
1724169391023301900,90,61.41,57.34,315.79,82.08,1,1,1.000000
1724169391023301900,95,421.67,667.23,207.39,52.61,1,1,1.000000
1724169391023301900,87,518.12,608.40,328.63,93.32,1,1,1.000000
1724169391023301900,91,168.31,474.65,625.12,128.21,1,1,1.000000
1724169391068658000,70,165.14,470.00,421.12,111.62,1,1,1.000000
1724169391068658000,77,481.39,200.99,416.37,106.87,1,1,1.000000
1724169391068658000,86,240.21,95.31,437.66,124.21,1,1,1.000000
1724169391068658000,89,553.98,604.90,566.20,113.69,1,1,1.000000
1724169391068658000,90,137.33,59.25,285.64,89.58,1,1,1.000000
1724169391068658000,95,409.61,624.13,259.17,94.56,1,1,1.000000
1724169391068658000,87,556.25,602.97,323.07,106.24,1,1,1.000000
1724169391068658000,91,164.73,473.57,674.08,109.69,1,1,1.000000
1724169391068658000,97,805.56,659.90,311.09,59.37,1,1,1.000000
1724169391114698600,70,140.62,475.38,466.11,110.54,1,1,1.000000
1724169391114698600,77,511.08,191.07,404.93,113.42,1,1,1.000000
1724169391114698600,86,268.28,95.18,442.77,117.53,1,1,1.000000
1724169391114698600,89,421.12,616.27,721.84,101.92,1,1,1.000000
1724169391114698600,90,169.82,42.98,279.91,96.93,1,1,1.000000
1724169391114698600,87,425.89,607.12,512.80,110.35,1,1,1.000000
1724169391114698600,91,370.39,542.10,373.22,85.14,1,1,1.000000
1724169391114698600,98,594.20,499.29,278.75,79.65,1,1,1.000000
1724169391114698600,99,0.14,363.84,126.44,93.57,1,1,1.000000
1724169391114698600,79,876.22,60.80,242.83,55.40,1,1,1.000000
1724169391144678900,70,140.62,475.38,466.11,110.54,1,1,1.000000
1724169391144678900,77,511.08,191.07,404.93,113.42,1,1,1.000000
1724169391144678900,86,268.28,95.18,442.77,117.53,1,1,1.000000
1724169391144678900,89,421.12,616.27,721.84,101.92,1,1,1.000000
1724169391144678900,90,169.82,42.98,279.91,96.93,1,1,1.000000
1724169391144678900,87,425.89,607.12,512.80,110.35,1,1,1.000000
1724169391144678900,91,370.39,542.10,373.22,85.14,1,1,1.000000
1724169391144678900,98,594.20,499.29,278.75,79.65,1,1,1.000000
1724169391144678900,99,0.14,363.84,126.44,93.57,1,1,1.000000
1724169391144678900,101,0.04,104.22,64.95,62.37,1,1,1.000000
1724169391144678900,102,0.07,292.71,64.89,50.56,1,1,1.000000
1724169391144678900,103,0.48,234.27,46.43,52.51,1,1,1.000000
1724169391144678900,79,876.22,60.80,242.83,55.40,1,1,1.000000
1724169391190842900,70,127.45,478.57,464.74,109.45,1,1,1.000000
1724169391190842900,77,548.64,185.70,422.69,119.82,1,1,1.000000
1724169391190842900,86,316.47,85.94,480.16,133.52,1,1,1.000000
1724169391190842900,90,225.63,53.45,286.45,92.97,1,1,1.000000
1724169391190842900,87,602.29,559.70,336.14,115.24,1,1,1.000000
1724169391190842900,91,382.64,530.76,255.92,93.58,1,1,1.000000
1724169391190842900,98,553.45,494.32,350.11,88.47,1,1,1.000000
1724169391190842900,99,0.25,361.08,197.36,101.50,1,1,1.000000
1724169391190842900,101,0.79,97.72,115.88,89.48,1,1,1.000000
1724169391190842900,102,0.64,298.68,117.73,61.18,1,1,1.000000
1724169391190842900,103,0.87,220.77,99.95,68.01,1,1,1.000000
1724169391190842900,95,435.15,648.66,302.97,71.04,1,1,1.000000
1724169391190842900,97,725.28,664.38,446.52,54.23,1,1,1.000000
1724169391236598100,70,113.04,476.28,449.37,125.36,1,1,1.000000
1724169391236598100,77,595.11,178.38,425.48,135.39,1,1,1.000000
1724169391236598100,86,361.73,82.73,475.59,142.84,1,1,1.000000
1724169391236598100,90,250.60,62.86,272.01,80.39,1,1,1.000000
1724169391236598100,87,678.77,602.53,303.67,76.43,1,1,1.000000
1724169391236598100,91,387.51,520.47,276.81,104.28,1,1,1.000000
1724169391236598100,98,610.33,488.37,337.05,101.05,1,1,1.000000
1724169391236598100,99,0.09,346.10,251.74,136.58,1,1,1.000000
1724169391236598100,101,0.33,98.30,147.09,87.76,1,1,1.000000
1724169391236598100,102,0.51,281.73,159.89,70.09,1,1,1.000000
1724169391236598100,103,0.12,219.25,136.73,68.46,1,1,1.000000
1724169391236598100,95,478.82,664.92,261.80,55.05,1,1,1.000000
1724169391236598100,97,882.19,667.60,315.37,52.15,1,1,1.000000
1724169391267911700,70,113.04,476.28,449.37,125.36,1,1,1.000000
1724169391267911700,77,595.11,178.38,425.48,135.39,1,1,1.000000
1724169391267911700,86,361.73,82.73,475.59,142.84,1,1,1.000000
1724169391267911700,90,250.60,62.86,272.01,80.39,1,1,1.000000
1724169391267911700,87,678.77,602.53,303.67,76.43,1,1,1.000000
1724169391267911700,91,387.51,520.47,276.81,104.28,1,1,1.000000
1724169391267911700,98,610.33,488.37,337.05,101.05,1,1,1.000000
1724169391267911700,99,0.09,346.10,251.74,136.58,1,1,1.000000
1724169391267911700,101,0.33,98.30,147.09,87.76,1,1,1.000000
1724169391267911700,102,0.51,281.73,159.89,70.09,1,1,1.000000
1724169391267911700,103,0.12,219.25,136.73,68.46,1,1,1.000000
1724169391267911700,95,478.82,664.92,261.80,55.05,1,1,1.000000
1724169391267911700,97,882.19,667.60,315.37,52.15,1,1,1.000000
1724169391315139300,70,117.18,471.28,450.69,128.36,1,1,1.000000
1724169391315139300,77,614.84,188.88,464.71,136.38,1,1,1.000000
1724169391315139300,86,391.28,82.42,452.76,135.87,1,1,1.000000
1724169391315139300,90,238.20,46.91,287.67,104.91,1,1,1.000000
1724169391315139300,91,439.44,519.25,274.36,114.36,1,1,1.000000
1724169391315139300,98,648.33,492.28,347.93,102.38,1,1,1.000000
1724169391315139300,99,0.00,336.41,302.97,173.06,1,1,1.000000
1724169391315139300,101,0.84,99.35,152.78,95.52,1,1,1.000000
1724169391315139300,102,0.66,297.91,162.55,57.03,1,1,1.000000
1724169391315139300,103,0.00,222.15,136.28,63.85,1,1,1.000000
1724169391315139300,95,532.15,665.01,227.69,54.93,1,1,1.000000
1724169391315139300,97,1011.42,665.06,219.19,54.51,1,1,1.000000
1724169391315139300,89,716.94,600.79,330.67,113.23,1,1,1.000000
1724169391346177500,70,117.18,471.28,450.69,128.36,1,1,1.000000
1724169391346177500,77,614.84,188.88,464.71,136.38,1,1,1.000000
1724169391346177500,86,391.28,82.42,452.76,135.87,1,1,1.000000
1724169391346177500,90,238.20,46.91,287.67,104.91,1,1,1.000000
1724169391346177500,91,439.44,519.25,274.36,114.36,1,1,1.000000
1724169391346177500,98,648.33,492.28,347.93,102.38,1,1,1.000000
1724169391346177500,99,0.00,336.41,302.97,173.06,1,1,1.000000
1724169391346177500,101,0.84,99.35,152.78,95.52,1,1,1.000000
1724169391346177500,102,0.66,297.91,162.55,57.03,1,1,1.000000
1724169391346177500,103,0.00,222.15,136.28,63.85,1,1,1.000000
1724169391346177500,95,532.15,665.01,227.69,54.93,1,1,1.000000
1724169391346177500,97,1011.42,665.06,219.19,54.51,1,1,1.000000
1724169391346177500,89,716.94,600.79,330.67,113.23,1,1,1.000000
1724169391389912600,70,79.45,474.58,651.77,170.63,1,1,1.000000
1724169391389912600,77,666.23,190.19,440.78,139.37,1,1,1.000000
1724169391389912600,86,443.37,77.69,430.87,134.68,1,1,1.000000
1724169391389912600,90,271.38,55.14,281.63,108.60,1,1,1.000000
1724169391389912600,98,658.43,493.11,348.20,102.51,1,1,1.000000
1724169391389912600,99,0.00,339.25,317.68,179.93,1,1,1.000000
1724169391389912600,101,0.60,97.23,197.24,125.37,1,1,1.000000
1724169391389912600,102,0.54,271.34,220.56,80.05,1,1,1.000000
1724169391389912600,103,0.00,226.40,175.52,58.41,1,1,1.000000
1724169391389912600,95,579.95,664.83,203.51,54.89,1,1,1.000000
1724169391389912600,89,576.77,605.41,650.24,113.01,1,1,1.000000
1724169391389912600,87,734.73,605.46,501.44,113.25,1,1,1.000000
1724169391435038100,70,46.77,505.92,435.49,135.78,1,1,1.000000
1724169391435038100,77,725.99,195.73,465.47,144.12,1,1,1.000000
1724169391435038100,86,534.52,79.36,404.95,98.41,1,1,1.000000
1724169391435038100,90,345.39,74.05,288.77,100.78,1,1,1.000000
1724169391435038100,98,693.46,479.15,381.33,122.88,1,1,1.000000
1724169391435038100,99,1.10,334.09,370.05,174.17,1,1,1.000000
1724169391435038100,101,0.53,104.18,235.89,134.82,1,1,1.000000
1724169391435038100,102,0.58,224.68,276.85,150.29,1,1,1.000000
1724169391435038100,95,585.64,595.34,191.04,124.67,1,1,1.000000
1724169391435038100,87,766.85,600.40,372.77,118.15,1,1,1.000000
1724169391435038100,91,381.15,513.35,394.87,137.52,1,1,1.000000
1724169391465025500,70,46.77,505.92,435.49,135.78,1,1,1.000000
1724169391465025500,77,725.99,195.73,465.47,144.12,1,1,1.000000
1724169391465025500,86,534.52,79.36,404.95,98.41,1,1,1.000000
1724169391465025500,90,345.39,74.05,288.77,100.78,1,1,1.000000
1724169391465025500,98,693.46,479.15,381.33,122.88,1,1,1.000000
1724169391465025500,99,1.10,334.09,370.05,174.17,1,1,1.000000
1724169391465025500,101,0.53,104.18,235.89,134.82,1,1,1.000000
1724169391465025500,102,0.58,224.68,276.85,150.29,1,1,1.000000
1724169391465025500,95,585.64,595.34,191.04,124.67,1,1,1.000000
1724169391465025500,87,766.85,600.40,372.77,118.15,1,1,1.000000
1724169391465025500,91,381.15,513.35,394.87,137.52,1,1,1.000000
1724169391510551000,70,35.62,492.17,490.15,165.26,1,1,1.000000
1724169391510551000,77,741.61,196.10,525.77,156.61,1,1,1.000000
1724169391510551000,86,567.76,77.65,384.81,99.55,1,1,1.000000
1724169391510551000,90,357.35,81.48,292.97,95.41,1,1,1.000000
1724169391510551000,98,758.49,472.42,388.68,132.55,1,1,1.000000
1724169391510551000,99,1.55,328.33,416.78,173.07,1,1,1.000000
1724169391510551000,101,0.00,115.45,233.84,125.84,1,1,1.000000
1724169391510551000,102,0.51,229.42,307.79,151.76,1,1,1.000000
1724169391510551000,87,830.34,610.73,358.09,109.37,1,1,1.000000
1724169391510551000,91,507.38,515.39,328.27,141.35,1,1,1.000000
1724169391555768600,70,16.32,499.43,475.64,167.75,1,1,1.000000
1724169391555768600,77,796.34,191.04,484.29,180.23,1,1,1.000000
1724169391555768600,86,627.22,69.91,391.20,114.78,1,1,1.000000
1724169391555768600,90,408.79,78.85,272.44,111.05,1,1,1.000000
1724169391555768600,98,766.63,462.00,436.20,150.95,1,1,1.000000
1724169391555768600,99,0.13,326.32,431.66,179.58,1,1,1.000000
1724169391555768600,101,0.44,115.51,272.68,144.49,1,1,1.000000
1724169391555768600,102,0.33,215.80,331.77,130.40,1,1,1.000000
1724169391555768600,87,867.86,610.86,367.78,109.25,1,1,1.000000
1724169391555768600,91,477.09,513.74,402.98,174.72,1,1,1.000000
1724169391587859400,70,0.00,514.49,484.59,168.10,1,1,1.000000
1724169391587859400,77,841.65,205.55,438.38,177.98,1,1,1.000000
1724169391587859400,86,666.52,64.10,427.89,118.07,1,1,1.000000
1724169391587859400,90,462.08,94.10,272.31,106.06,1,1,1.000000
1724169391587859400,98,815.75,499.56,424.29,119.10,1,1,1.000000
1724169391587859400,99,0.00,321.42,473.57,172.76,1,1,1.000000
1724169391587859400,101,3.84,118.83,310.35,144.45,1,1,1.000000
1724169391587859400,102,0.00,227.09,378.43,127.82,1,1,1.000000
1724169391587859400,87,908.43,618.42,355.32,101.53,1,1,1.000000
1724169391587859400,91,557.60,503.64,346.26,187.43,1,1,1.000000
1724169391632516700,70,0.00,514.49,484.59,168.10,1,1,1.000000
1724169391632516700,77,841.65,205.55,438.38,177.98,1,1,1.000000
1724169391632516700,86,666.52,64.10,427.89,118.07,1,1,1.000000
1724169391632516700,90,462.08,94.10,272.31,106.06,1,1,1.000000
1724169391632516700,98,815.75,499.56,424.29,119.10,1,1,1.000000
1724169391632516700,99,0.00,321.42,473.57,172.76,1,1,1.000000
1724169391632516700,101,3.84,118.83,310.35,144.45,1,1,1.000000
1724169391632516700,102,0.00,227.09,378.43,127.82,1,1,1.000000
1724169391632516700,87,908.43,618.42,355.32,101.53,1,1,1.000000
1724169391632516700,91,557.60,503.64,346.26,187.43,1,1,1.000000
1724169391632516700,109,0.77,510.07,133.68,69.13,1,1,1.000000
1724169391676933800,70,0.00,499.49,471.92,197.52,1,1,1.000000
1724169391676933800,77,870.22,224.06,408.18,165.40,1,1,1.000000
1724169391676933800,86,694.96,63.95,464.54,116.25,1,1,1.000000
1724169391676933800,90,469.31,91.46,302.39,123.10,1,1,1.000000
1724169391676933800,98,846.37,520.06,432.78,118.60,1,1,1.000000
1724169391676933800,99,0.05,324.17,530.08,184.09,1,1,1.000000
1724169391676933800,101,0.04,119.34,326.10,147.82,1,1,1.000000
1724169391676933800,102,23.26,232.01,394.16,111.10,1,1,1.000000
1724169391676933800,87,915.90,601.16,362.44,118.21,1,1,1.000000
1724169391676933800,91,505.23,503.85,465.22,192.24,1,1,1.000000
1724169391676933800,109,0.98,506.77,161.88,63.06,1,1,1.000000
1724169391676933800,95,503.01,506.82,228.78,188.78,1,1,1.000000
1724169391707326000,70,0.00,499.49,471.92,197.52,1,1,1.000000
1724169391707326000,77,870.22,224.06,408.18,165.40,1,1,1.000000
1724169391707326000,86,694.96,63.95,464.54,116.25,1,1,1.000000
1724169391707326000,90,469.31,91.46,302.39,123.10,1,1,1.000000
1724169391707326000,98,846.37,520.06,432.78,118.60,1,1,1.000000
1724169391707326000,99,0.05,324.17,530.08,184.09,1,1,1.000000
1724169391707326000,101,0.04,119.34,326.10,147.82,1,1,1.000000
1724169391707326000,102,23.26,232.01,394.16,111.10,1,1,1.000000
1724169391707326000,87,915.90,601.16,362.44,118.21,1,1,1.000000
1724169391707326000,91,505.23,503.85,465.22,192.24,1,1,1.000000
1724169391707326000,109,0.98,506.77,161.88,63.06,1,1,1.000000
1724169391707326000,95,503.01,506.82,228.78,188.78,1,1,1.000000
1724169391752470600,70,0.00,485.48,445.03,227.01,1,1,1.000000
1724169391752470600,77,935.36,240.13,343.58,159.37,1,1,1.000000
1724169391752470600,86,716.18,56.36,497.82,120.60,1,1,1.000000
1724169391752470600,90,514.88,107.55,288.04,117.75,1,1,1.000000
1724169391752470600,98,890.81,527.96,388.11,130.45,1,1,1.000000
1724169391752470600,99,0.00,320.71,556.97,177.56,1,1,1.000000
1724169391752470600,101,1.99,111.53,344.67,185.76,1,1,1.000000
1724169391752470600,102,69.16,237.35,351.62,103.05,1,1,1.000000
1724169391752470600,87,974.54,646.23,304.37,72.90,1,1,1.000000
1724169391752470600,91,518.40,513.84,519.27,198.46,1,1,1.000000
1724169391752470600,109,1.41,493.44,214.25,78.52,1,1,1.000000
1724169391752470600,95,513.85,510.14,231.66,195.68,1,1,1.000000
1724169391782774900,70,0.00,502.80,409.51,214.31,1,1,1.000000
1724169391782774900,77,976.82,229.53,303.63,159.76,1,1,1.000000
1724169391782774900,86,699.25,55.39,578.58,125.89,1,1,1.000000
1724169391782774900,90,522.96,108.44,300.45,136.17,1,1,1.000000
1724169391782774900,98,934.14,527.79,345.03,124.11,1,1,1.000000
1724169391782774900,99,28.51,328.66,568.80,172.37,1,1,1.000000
1724169391782774900,101,25.63,100.05,350.30,197.64,1,1,1.000000
1724169391782774900,102,64.30,236.97,392.97,101.86,1,1,1.000000
1724169391782774900,87,1029.16,657.92,249.44,61.52,1,1,1.000000
1724169391782774900,91,669.75,550.84,406.30,168.72,1,1,1.000000
1724169391782774900,109,1.98,484.97,230.41,107.73,1,1,1.000000
1724169391782774900,95,525.91,511.03,228.35,200.97,1,1,1.000000
1724169391827869300,70,0.00,502.80,409.51,214.31,1,1,1.000000
1724169391827869300,77,976.82,229.53,303.63,159.76,1,1,1.000000
1724169391827869300,86,699.25,55.39,578.58,125.89,1,1,1.000000
1724169391827869300,90,522.96,108.44,300.45,136.17,1,1,1.000000
1724169391827869300,98,934.14,527.79,345.03,124.11,1,1,1.000000
1724169391827869300,99,28.51,328.66,568.80,172.37,1,1,1.000000
1724169391827869300,101,25.63,100.05,350.30,197.64,1,1,1.000000
1724169391827869300,102,64.30,236.97,392.97,101.86,1,1,1.000000
1724169391827869300,87,1029.16,657.92,249.44,61.52,1,1,1.000000
1724169391827869300,91,669.75,550.84,406.30,168.72,1,1,1.000000
1724169391827869300,109,1.98,484.97,230.41,107.73,1,1,1.000000
1724169391827869300,95,525.91,511.03,228.35,200.97,1,1,1.000000
1724169391827869300,110,30.70,240.64,431.00,265.84,1,1,1.000000
1724169391827869300,111,0.23,6.17,52.18,107.28,1,1,1.000000
1724169391827869300,112,0.80,232.75,51.20,61.43,1,1,1.000000
1724169391873493800,70,0.23,504.62,385.45,212.67,1,1,1.000000
1724169391873493800,77,1064.40,231.22,216.21,158.70,1,1,1.000000
1724169391873493800,86,743.13,59.49,534.11,126.97,1,1,1.000000
1724169391873493800,90,536.57,115.96,321.90,147.89,1,1,1.000000
1724169391873493800,98,969.81,531.97,309.46,124.37,1,1,1.000000
1724169391873493800,99,153.44,341.84,488.73,122.49,1,1,1.000000
1724169391873493800,101,90.76,85.41,322.42,208.60,1,1,1.000000
1724169391873493800,87,1077.16,656.98,200.33,62.46,1,1,1.000000
1724169391873493800,91,710.58,572.73,388.00,146.68,1,1,1.000000
1724169391873493800,109,1.70,500.45,261.97,105.27,1,1,1.000000
1724169391873493800,95,546.11,509.14,226.82,207.51,1,1,1.000000
1724169391873493800,110,90.37,236.78,398.91,211.35,1,1,1.000000
1724169391873493800,111,0.00,2.35,61.65,100.58,1,1,1.000000
1724169391905219800,70,0.00,521.57,369.66,192.52,1,1,1.000000
1724169391905219800,77,1128.44,237.50,151.42,143.81,1,1,1.000000
1724169391905219800,86,794.22,61.71,482.66,130.42,1,1,1.000000
1724169391905219800,90,562.12,122.36,331.96,154.98,1,1,1.000000
1724169391905219800,98,996.11,522.85,283.55,129.75,1,1,1.000000
1724169391905219800,99,236.72,343.87,433.83,121.51,1,1,1.000000
1724169391905219800,101,117.98,71.75,327.59,197.07,1,1,1.000000
1724169391905219800,87,1094.08,652.37,184.26,66.16,1,1,1.000000
1724169391905219800,91,715.78,577.55,433.29,141.82,1,1,1.000000
1724169391905219800,109,0.44,508.93,276.13,85.79,1,1,1.000000
1724169391905219800,95,559.27,501.01,226.27,216.80,1,1,1.000000
1724169391905219800,110,120.86,240.14,397.99,200.12,1,1,1.000000
1724169391905219800,111,0.00,0.87,77.99,103.83,1,1,1.000000
1724169391905219800,113,0.71,456.84,157.75,73.16,1,1,1.000000
1724169391949956000,70,0.37,509.00,338.65,205.68,1,1,1.000000
1724169391949956000,77,1155.33,261.55,123.93,106.59,1,1,1.000000
1724169391949956000,86,856.47,58.40,420.22,135.33,1,1,1.000000
1724169391949956000,90,610.09,125.65,328.86,167.95,1,1,1.000000
1724169391949956000,98,1047.53,519.22,231.36,131.33,1,1,1.000000
1724169391949956000,99,157.71,338.85,540.86,127.29,1,1,1.000000
1724169391949956000,101,159.58,58.04,320.18,192.91,1,1,1.000000
1724169391949956000,91,768.12,570.82,407.15,148.47,1,1,1.000000
1724169391949956000,95,590.19,483.40,190.92,236.09,1,1,1.000000
1724169391949956000,110,135.92,236.33,419.93,129.67,1,1,1.000000
1724169391949956000,111,0.00,0.72,95.46,97.61,1,1,1.000000
1724169391949956000,113,0.63,451.47,176.68,83.17,1,1,1.000000
1724169392002349200,70,0.37,509.00,338.65,205.68,1,1,1.000000
1724169392002349200,77,1155.33,261.55,123.93,106.59,1,1,1.000000
1724169392002349200,86,856.47,58.40,420.22,135.33,1,1,1.000000
1724169392002349200,90,610.09,125.65,328.86,167.95,1,1,1.000000
1724169392002349200,98,1047.53,519.22,231.36,131.33,1,1,1.000000
1724169392002349200,99,157.71,338.85,540.86,127.29,1,1,1.000000
1724169392002349200,101,159.58,58.04,320.18,192.91,1,1,1.000000
1724169392002349200,91,768.12,570.82,407.15,148.47,1,1,1.000000
1724169392002349200,95,590.19,483.40,190.92,236.09,1,1,1.000000
1724169392002349200,111,0.00,0.72,95.46,97.61,1,1,1.000000
1724169392002349200,113,0.63,451.47,176.68,83.17,1,1,1.000000
1724169392002349200,102,135.92,236.33,419.93,129.67,1,1,1.000000
1724169392026353500,70,0.00,504.84,316.90,212.07,1,1,1.000000
1724169392026353500,86,888.59,49.96,389.54,146.77,1,1,1.000000
1724169392026353500,90,642.63,126.14,347.84,186.04,1,1,1.000000
1724169392026353500,98,1085.77,515.31,194.42,123.28,1,1,1.000000
1724169392026353500,99,226.11,324.22,506.67,154.71,1,1,1.000000
1724169392026353500,101,182.48,44.10,326.59,213.21,1,1,1.000000
1724169392026353500,91,814.50,561.55,389.42,158.10,1,1,1.000000
1724169392026353500,95,599.03,497.96,188.57,221.50,1,1,1.000000
1724169392026353500,111,0.00,0.71,107.34,92.57,1,1,1.000000
1724169392026353500,113,1.00,446.61,191.77,94.68,1,1,1.000000
1724169392026353500,102,152.36,236.37,429.12,131.67,1,1,1.000000
1724169392070568400,70,0.00,504.84,316.90,212.07,1,1,1.000000
1724169392070568400,86,888.59,49.96,389.54,146.77,1,1,1.000000
1724169392070568400,90,642.63,126.14,347.84,186.04,1,1,1.000000
1724169392070568400,98,1085.77,515.31,194.42,123.28,1,1,1.000000
1724169392070568400,99,226.11,324.22,506.67,154.71,1,1,1.000000
1724169392070568400,101,182.48,44.10,326.59,213.21,1,1,1.000000
1724169392070568400,91,814.50,561.55,389.42,158.10,1,1,1.000000
1724169392070568400,95,599.03,497.96,188.57,221.50,1,1,1.000000
1724169392070568400,111,0.00,0.71,107.34,92.57,1,1,1.000000
1724169392070568400,113,1.00,446.61,191.77,94.68,1,1,1.000000
1724169392070568400,102,152.36,236.37,429.12,131.67,1,1,1.000000
1724169392116120900,70,0.00,506.39,368.00,206.40,1,1,1.000000
1724169392116120900,86,927.61,50.65,351.76,149.46,1,1,1.000000
1724169392116120900,90,677.79,143.23,348.49,188.35,1,1,1.000000
1724169392116120900,98,1118.51,493.31,161.27,147.03,1,1,1.000000
1724169392116120900,99,244.10,346.98,523.25,136.34,1,1,1.000000
1724169392116120900,101,186.42,29.73,350.60,230.44,1,1,1.000000
1724169392116120900,91,848.01,581.02,373.68,138.95,1,1,1.000000
1724169392116120900,95,596.88,523.82,192.53,194.96,1,1,1.000000
1724169392116120900,111,0.00,0.44,122.84,93.76,1,1,1.000000
1724169392116120900,113,0.53,443.30,203.00,83.23,1,1,1.000000
1724169392116120900,102,188.94,234.28,419.74,146.28,1,1,1.000000
1724169392148803600,70,0.00,512.04,360.52,203.39,1,1,1.000000
1724169392148803600,86,978.73,95.95,300.76,99.25,1,1,1.000000
1724169392148803600,90,698.20,155.85,353.06,194.68,1,1,1.000000
1724169392148803600,98,1172.79,541.56,106.88,98.36,1,1,1.000000
1724169392148803600,99,247.55,351.08,553.89,136.95,1,1,1.000000
1724169392148803600,101,208.71,16.15,361.40,236.65,1,1,1.000000
1724169392148803600,91,873.77,614.67,361.69,105.39,1,1,1.000000
1724169392148803600,95,609.74,546.47,181.35,172.34,1,1,1.000000
1724169392148803600,111,0.00,1.97,148.59,85.01,1,1,1.000000
1724169392148803600,113,1.03,437.97,216.52,84.56,1,1,1.000000
1724169392148803600,102,231.93,233.38,396.93,139.96,1,1,1.000000
1724169392148803600,109,76.35,510.20,303.48,124.49,1,1,1.000000
1724169392148803600,110,189.42,139.32,302.90,115.58,1,1,1.000000
1724169392192324300,70,0.00,512.04,360.52,203.39,1,1,1.000000
1724169392192324300,86,978.73,95.95,300.76,99.25,1,1,1.000000
1724169392192324300,90,698.20,155.85,353.06,194.68,1,1,1.000000
1724169392192324300,98,1172.79,541.56,106.88,98.36,1,1,1.000000
1724169392192324300,99,247.55,351.08,553.89,136.95,1,1,1.000000
1724169392192324300,101,208.71,16.15,361.40,236.65,1,1,1.000000
1724169392192324300,91,873.77,614.67,361.69,105.39,1,1,1.000000
1724169392192324300,95,609.74,546.47,181.35,172.34,1,1,1.000000
1724169392192324300,111,0.00,1.97,148.59,85.01,1,1,1.000000
1724169392192324300,113,1.03,437.97,216.52,84.56,1,1,1.000000
1724169392192324300,102,231.93,233.38,396.93,139.96,1,1,1.000000
1724169392192324300,116,0.80,532.75,189.84,162.93,1,1,1.000000
1724169392192324300,117,266.25,329.03,216.65,58.08,1,1,1.000000
1724169392192324300,118,99.07,643.08,244.13,74.87,1,1,1.000000
1724169392192324300,119,242.60,373.35,205.15,82.08,1,1,1.000000
1724169392192324300,109,76.35,510.20,303.48,124.49,1,1,1.000000
1724169392192324300,110,189.42,139.32,302.90,115.58,1,1,1.000000
1724169392224002600,70,0.00,571.33,348.61,145.41,1,1,1.000000
1724169392224002600,86,1069.41,96.52,210.30,102.06,1,1,1.000000
1724169392224002600,90,709.27,176.41,379.80,205.26,1,1,1.000000
1724169392224002600,98,1213.72,555.63,66.02,86.25,1,1,1.000000
1724169392224002600,99,369.04,346.69,465.95,151.97,1,1,1.000000
1724169392224002600,101,203.51,0.54,417.57,255.13,1,1,1.000000
1724169392224002600,91,906.67,638.92,334.44,81.18,1,1,1.000000
1724169392224002600,95,633.38,561.33,157.41,157.32,1,1,1.000000
1724169392224002600,111,0.00,1.24,143.73,81.93,1,1,1.000000
1724169392224002600,113,1.61,442.64,226.01,83.10,1,1,1.000000
1724169392224002600,102,292.35,262.49,362.41,123.09,1,1,1.000000
1724169392224002600,116,0.66,571.91,175.00,141.88,1,1,1.000000
1724169392224002600,117,276.93,331.63,226.64,96.48,1,1,1.000000
1724169392224002600,109,79.64,504.71,314.05,137.72,1,1,1.000000
1724169392224002600,110,198.49,139.23,315.87,118.63,1,1,1.000000
1724169392269297800,70,2.18,622.78,357.35,94.62,1,1,1.000000
1724169392269297800,86,1110.26,93.91,169.89,98.14,1,1,1.000000
1724169392269297800,90,710.63,194.95,442.35,220.10,1,1,1.000000
1724169392269297800,99,421.27,349.85,458.52,166.61,1,1,1.000000
1724169392269297800,101,207.04,0.07,438.15,256.38,1,1,1.000000
1724169392269297800,91,966.15,637.96,276.71,81.91,1,1,1.000000
1724169392269297800,95,668.09,551.37,123.98,169.78,1,1,1.000000
1724169392269297800,111,0.96,1.83,105.13,79.46,1,1,1.000000
1724169392269297800,113,0.00,401.01,235.77,121.61,1,1,1.000000
1724169392269297800,102,305.35,261.90,375.00,173.24,1,1,1.000000
1724169392269297800,116,3.05,546.77,174.53,110.25,1,1,1.000000
1724169392269297800,109,85.55,494.47,325.99,146.28,1,1,1.000000
1724169392269297800,110,204.66,129.90,326.53,128.47,1,1,1.000000
1724169392269297800,120,285.40,223.62,293.75,103.35,1,1,1.000000
1724169392314850500,70,2.18,622.78,357.35,94.62,1,1,1.000000
1724169392314850500,86,1110.26,93.91,169.89,98.14,1,1,1.000000
1724169392314850500,90,710.63,194.95,442.35,220.10,1,1,1.000000
1724169392314850500,99,421.27,349.85,458.52,166.61,1,1,1.000000
1724169392314850500,101,207.04,0.07,438.15,256.38,1,1,1.000000
1724169392314850500,91,966.15,637.96,276.71,81.91,1,1,1.000000
1724169392314850500,95,668.09,551.37,123.98,169.78,1,1,1.000000
1724169392314850500,111,0.96,1.83,105.13,79.46,1,1,1.000000
1724169392314850500,113,0.00,401.01,235.77,121.61,1,1,1.000000
1724169392314850500,102,305.35,261.90,375.00,173.24,1,1,1.000000
1724169392314850500,116,3.05,546.77,174.53,110.25,1,1,1.000000
1724169392314850500,109,85.55,494.47,325.99,146.28,1,1,1.000000
1724169392314850500,110,204.66,129.90,326.53,128.47,1,1,1.000000
1724169392314850500,120,285.40,223.62,293.75,103.35,1,1,1.000000
1724169392314850500,122,233.18,661.20,137.44,58.91,1,1,1.000000
1724169392345105000,70,0.00,625.98,369.83,92.92,1,1,1.000000
1724169392345105000,86,1112.36,90.05,167.40,107.15,1,1,1.000000
1724169392345105000,90,778.22,223.36,419.53,215.51,1,1,1.000000
1724169392345105000,99,369.57,355.23,546.81,172.89,1,1,1.000000
1724169392345105000,101,372.13,0.26,303.60,160.76,1,1,1.000000
1724169392345105000,91,999.81,626.14,232.34,93.83,1,1,1.000000
1724169392345105000,113,0.20,399.01,249.54,111.99,1,1,1.000000
1724169392345105000,102,331.53,252.44,372.41,164.70,1,1,1.000000
1724169392345105000,116,1.61,550.04,185.39,121.87,1,1,1.000000
1724169392345105000,109,7.82,480.01,411.31,158.82,1,1,1.000000
1724169392345105000,110,217.33,124.34,332.69,133.21,1,1,1.000000
1724169392345105000,120,311.82,212.78,295.76,102.80,1,1,1.000000
1724169392345105000,118,184.98,635.79,190.37,85.09,1,1,1.000000
1724169392390221400,90,845.19,211.49,409.92,260.91,1,1,1.000000
1724169392390221400,99,512.34,366.34,459.74,174.79,1,1,1.000000
1724169392390221400,101,380.74,0.36,319.79,136.64,1,1,1.000000
1724169392390221400,91,1055.34,623.75,150.21,96.03,1,1,1.000000
1724169392390221400,113,0.79,393.63,258.99,108.23,1,1,1.000000
1724169392390221400,102,366.57,250.15,374.03,146.42,1,1,1.000000
1724169392390221400,116,5.32,541.45,180.46,110.52,1,1,1.000000
1724169392390221400,109,117.29,479.17,328.01,161.84,1,1,1.000000
1724169392390221400,110,235.27,124.05,329.18,128.33,1,1,1.000000
1724169392390221400,120,323.84,209.18,301.14,100.65,1,1,1.000000
1724169392390221400,118,152.07,646.15,233.19,74.42,1,1,1.000000
1724169392390221400,117,387.60,367.14,269.48,162.54,1,1,1.000000
1724169392390221400,111,0.41,1.16,97.77,75.33,1,1,1.000000
1724169392436975900,90,845.19,211.49,409.92,260.91,1,1,1.000000
1724169392436975900,99,512.34,366.34,459.74,174.79,1,1,1.000000
1724169392436975900,101,380.74,0.36,319.79,136.64,1,1,1.000000
1724169392436975900,91,1055.34,623.75,150.21,96.03,1,1,1.000000
1724169392436975900,113,0.79,393.63,258.99,108.23,1,1,1.000000
1724169392436975900,102,366.57,250.15,374.03,146.42,1,1,1.000000
1724169392436975900,116,5.32,541.45,180.46,110.52,1,1,1.000000
1724169392436975900,109,117.29,479.17,328.01,161.84,1,1,1.000000
1724169392436975900,110,235.27,124.05,329.18,128.33,1,1,1.000000
1724169392436975900,120,323.84,209.18,301.14,100.65,1,1,1.000000
1724169392436975900,118,152.07,646.15,233.19,74.42,1,1,1.000000
1724169392436975900,125,0.00,468.44,134.12,76.92,1,1,1.000000
1724169392436975900,126,367.24,253.50,368.15,142.83,1,1,1.000000
1724169392436975900,117,387.60,367.14,269.48,162.54,1,1,1.000000
1724169392436975900,111,0.41,1.16,97.77,75.33,1,1,1.000000
1724169392465220100,90,897.65,212.21,382.29,298.32,1,1,1.000000
1724169392465220100,99,522.54,365.09,496.12,190.91,1,1,1.000000
1724169392465220100,101,438.10,0.01,285.32,116.96,1,1,1.000000
1724169392465220100,113,0.08,385.72,269.70,127.40,1,1,1.000000
1724169392465220100,102,392.02,244.12,385.07,135.53,1,1,1.000000
1724169392465220100,116,1.53,529.61,187.91,123.30,1,1,1.000000
1724169392465220100,109,159.58,496.19,311.02,147.00,1,1,1.000000
1724169392465220100,110,250.25,116.56,326.54,136.10,1,1,1.000000
1724169392465220100,120,326.89,203.88,319.81,115.69,1,1,1.000000
1724169392465220100,118,153.69,635.80,249.89,84.68,1,1,1.000000
1724169392465220100,117,369.50,322.55,282.27,228.76,1,1,1.000000
1724169392465220100,111,0.04,1.48,94.48,78.45,1,1,1.000000
1724169392465220100,95,688.50,584.28,106.30,135.24,1,1,1.000000
1724169392511041500,90,948.50,245.00,332.26,290.52,1,1,1.000000
1724169392511041500,99,562.44,353.20,496.08,225.37,1,1,1.000000
1724169392511041500,101,472.72,0.00,260.76,100.59,1,1,1.000000
1724169392511041500,113,0.00,377.26,275.98,127.17,1,1,1.000000
1724169392511041500,102,435.10,258.67,370.29,102.62,1,1,1.000000
1724169392511041500,116,1.93,522.44,192.08,135.55,1,1,1.000000
1724169392511041500,109,157.26,519.31,326.13,121.20,1,1,1.000000
1724169392511041500,110,268.01,114.33,326.60,131.77,1,1,1.000000
1724169392511041500,120,334.80,195.78,333.55,129.93,1,1,1.000000
1724169392511041500,118,162.86,627.36,249.78,93.23,1,1,1.000000
1724169392511041500,117,384.13,362.84,264.09,213.66,1,1,1.000000
1724169392511041500,95,682.75,606.35,112.14,112.89,1,1,1.000000
1724169392560264900,90,948.50,245.00,332.26,290.52,1,1,1.000000
1724169392560264900,99,562.44,353.20,496.08,225.37,1,1,1.000000
1724169392560264900,101,472.72,0.00,260.76,100.59,1,1,1.000000
1724169392560264900,113,0.00,377.26,275.98,127.17,1,1,1.000000
1724169392560264900,102,435.10,258.67,370.29,102.62,1,1,1.000000
1724169392560264900,116,1.93,522.44,192.08,135.55,1,1,1.000000
1724169392560264900,109,157.26,519.31,326.13,121.20,1,1,1.000000
1724169392560264900,110,268.01,114.33,326.60,131.77,1,1,1.000000
1724169392560264900,120,334.80,195.78,333.55,129.93,1,1,1.000000
1724169392560264900,118,162.86,627.36,249.78,93.23,1,1,1.000000
1724169392560264900,117,384.13,362.84,264.09,213.66,1,1,1.000000
1724169392560264900,95,682.75,606.35,112.14,112.89,1,1,1.000000
1724169392589061800,90,959.28,261.50,320.83,288.15,1,1,1.000000
1724169392589061800,99,627.64,351.24,471.25,257.31,1,1,1.000000
1724169392589061800,101,512.91,0.00,232.59,96.05,1,1,1.000000
1724169392589061800,113,0.36,376.82,296.00,122.76,1,1,1.000000
1724169392589061800,102,467.69,255.68,375.87,102.60,1,1,1.000000
1724169392589061800,116,2.12,522.03,194.48,139.67,1,1,1.000000
1724169392589061800,109,155.07,515.62,350.14,134.68,1,1,1.000000
1724169392589061800,110,288.75,111.42,322.12,128.76,1,1,1.000000
1724169392589061800,120,361.65,193.35,335.73,133.47,1,1,1.000000
1724169392589061800,118,159.27,624.00,256.34,96.33,1,1,1.000000
1724169392589061800,117,415.06,370.10,236.14,233.88,1,1,1.000000
1724169392589061800,95,671.35,624.71,116.75,94.86,1,1,1.000000
1724169392633949500,90,959.28,261.50,320.83,288.15,1,1,1.000000
1724169392633949500,99,627.64,351.24,471.25,257.31,1,1,1.000000
1724169392633949500,101,512.91,0.00,232.59,96.05,1,1,1.000000
1724169392633949500,113,0.36,376.82,296.00,122.76,1,1,1.000000
1724169392633949500,102,467.69,255.68,375.87,102.60,1,1,1.000000
1724169392633949500,116,2.12,522.03,194.48,139.67,1,1,1.000000
1724169392633949500,109,155.07,515.62,350.14,134.68,1,1,1.000000
1724169392633949500,110,288.75,111.42,322.12,128.76,1,1,1.000000
1724169392633949500,120,361.65,193.35,335.73,133.47,1,1,1.000000
1724169392633949500,118,159.27,624.00,256.34,96.33,1,1,1.000000
1724169392633949500,117,415.06,370.10,236.14,233.88,1,1,1.000000
1724169392633949500,95,671.35,624.71,116.75,94.86,1,1,1.000000
1724169392633949500,127,1.69,375.93,111.11,77.33,1,1,1.000000
1724169392669279800,90,984.30,289.49,296.11,265.13,1,1,1.000000
1724169392669279800,99,641.27,365.49,505.79,291.94,1,1,1.000000
1724169392669279800,101,565.41,0.00,180.09,76.12,1,1,1.000000
1724169392669279800,113,0.37,366.80,308.24,124.82,1,1,1.000000
1724169392669279800,102,498.61,260.87,377.72,98.06,1,1,1.000000
1724169392669279800,116,125.26,521.04,85.08,147.75,1,1,1.000000
1724169392669279800,109,130.25,515.77,377.37,157.21,1,1,1.000000
1724169392669279800,110,306.73,108.36,320.41,120.96,1,1,1.000000
1724169392669279800,120,379.96,189.71,348.17,127.65,1,1,1.000000
1724169392669279800,118,170.70,611.77,260.20,108.65,1,1,1.000000
1724169392669279800,117,455.59,367.52,193.23,259.73,1,1,1.000000
1724169392710041800,90,1068.27,347.35,212.08,217.57,1,1,1.000000
1724169392710041800,99,671.31,387.73,519.71,317.99,1,1,1.000000
1724169392710041800,101,597.50,0.41,147.00,57.88,1,1,1.000000
1724169392710041800,113,3.62,388.13,321.63,116.50,1,1,1.000000
1724169392710041800,102,497.61,262.19,416.80,100.26,1,1,1.000000
1724169392710041800,116,15.65,508.96,230.89,168.24,1,1,1.000000
1724169392710041800,109,178.48,539.61,328.97,161.29,1,1,1.000000
1724169392710041800,110,319.23,105.11,323.66,118.01,1,1,1.000000
1724169392710041800,120,421.32,186.84,328.45,109.13,1,1,1.000000
1724169392710041800,118,162.32,618.23,275.32,101.73,1,1,1.000000
1724169392710041800,117,499.32,365.24,155.66,292.09,1,1,1.000000
1724169392710041800,127,1.32,357.06,133.32,92.11,1,1,1.000000
1724169392758830500,90,1068.27,347.35,212.08,217.57,1,1,1.000000
1724169392758830500,99,671.31,387.73,519.71,317.99,1,1,1.000000
1724169392758830500,101,597.50,0.41,147.00,57.88,1,1,1.000000
1724169392758830500,113,3.62,388.13,321.63,116.50,1,1,1.000000
1724169392758830500,102,497.61,262.19,416.80,100.26,1,1,1.000000
1724169392758830500,116,15.65,508.96,230.89,168.24,1,1,1.000000
1724169392758830500,109,178.48,539.61,328.97,161.29,1,1,1.000000
1724169392758830500,110,319.23,105.11,323.66,118.01,1,1,1.000000
1724169392758830500,120,421.32,186.84,328.45,109.13,1,1,1.000000
1724169392758830500,118,162.32,618.23,275.32,101.73,1,1,1.000000
1724169392758830500,117,499.32,365.24,155.66,292.09,1,1,1.000000
1724169392758830500,127,1.32,357.06,133.32,92.11,1,1,1.000000
1724169392786606600,90,1101.20,353.27,179.61,222.66,1,1,1.000000
1724169392786606600,99,695.69,410.85,548.93,307.16,1,1,1.000000
1724169392786606600,113,2.70,382.91,334.10,110.78,1,1,1.000000
1724169392786606600,102,507.18,262.95,444.60,131.45,1,1,1.000000
1724169392786606600,116,94.82,512.02,117.17,174.53,1,1,1.000000
1724169392786606600,109,255.02,535.41,254.36,177.01,1,1,1.000000
1724169392786606600,110,342.94,99.71,322.85,116.78,1,1,1.000000
1724169392786606600,120,458.26,178.56,324.18,111.29,1,1,1.000000
1724169392786606600,118,166.34,620.58,269.98,98.32,1,1,1.000000
1724169392786606600,127,2.00,345.53,135.30,111.32,1,1,1.000000
1724169392834128300,90,1104.13,370.46,176.35,187.86,1,1,1.000000
1724169392834128300,99,761.79,425.29,514.36,292.96,1,1,1.000000
1724169392834128300,113,4.43,382.37,342.33,115.79,1,1,1.000000
1724169392834128300,102,546.64,261.79,443.78,119.27,1,1,1.000000
1724169392834128300,116,67.65,534.58,127.79,159.77,1,1,1.000000
1724169392834128300,109,69.66,493.12,427.53,210.53,1,1,1.000000
1724169392834128300,110,364.48,100.87,325.61,106.73,1,1,1.000000
1724169392834128300,120,487.02,174.78,320.75,98.62,1,1,1.000000
1724169392834128300,118,169.10,617.35,270.03,101.71,1,1,1.000000
1724169392834128300,127,0.88,332.14,146.81,141.58,1,1,1.000000
1724169392834128300,128,549.38,361.50,123.58,357.72,1,1,1.000000
1724169392834128300,129,1.57,329.71,142.72,88.39,1,1,1.000000
1724169392867533100,90,1104.13,370.46,176.35,187.86,1,1,1.000000
1724169392867533100,99,761.79,425.29,514.36,292.96,1,1,1.000000
1724169392867533100,113,4.43,382.37,342.33,115.79,1,1,1.000000
1724169392867533100,102,546.64,261.79,443.78,119.27,1,1,1.000000
1724169392867533100,116,67.65,534.58,127.79,159.77,1,1,1.000000
1724169392867533100,109,69.66,493.12,427.53,210.53,1,1,1.000000
1724169392867533100,110,364.48,100.87,325.61,106.73,1,1,1.000000
1724169392867533100,120,487.02,174.78,320.75,98.62,1,1,1.000000
1724169392867533100,118,169.10,617.35,270.03,101.71,1,1,1.000000
1724169392867533100,127,0.88,332.14,146.81,141.58,1,1,1.000000
1724169392867533100,128,549.38,361.50,123.58,357.72,1,1,1.000000
1724169392867533100,129,1.57,329.71,142.72,88.39,1,1,1.000000
1724169392867533100,130,314.21,537.00,181.35,165.31,1,1,1.000000
1724169392910736000,90,1175.83,394.37,104.34,161.40,1,1,1.000000
1724169392910736000,99,783.48,408.47,495.00,309.52,1,1,1.000000
1724169392910736000,113,18.89,380.09,338.78,115.79,1,1,1.000000
1724169392910736000,102,579.41,270.38,440.72,113.63,1,1,1.000000
1724169392910736000,116,55.59,560.35,139.08,142.30,1,1,1.000000
1724169392910736000,109,147.73,497.39,352.90,220.57,1,1,1.000000
1724169392910736000,110,385.00,101.05,326.07,97.77,1,1,1.000000
1724169392910736000,120,501.07,169.98,340.25,98.46,1,1,1.000000
1724169392910736000,118,185.47,606.23,231.71,112.24,1,1,1.000000
1724169392910736000,127,1.58,368.01,144.88,79.46,1,1,1.000000
1724169392910736000,128,587.09,368.75,86.29,349.43,1,1,1.000000
1724169392910736000,129,0.00,332.51,146.36,60.17,1,1,1.000000
1724169392910736000,130,322.78,534.78,175.50,182.27,1,1,1.000000
1724169392956384900,99,833.77,410.10,446.59,308.40,1,1,1.000000
1724169392956384900,113,1.33,367.37,365.69,110.19,1,1,1.000000
1724169392956384900,102,622.12,282.32,429.15,107.43,1,1,1.000000
1724169392956384900,116,46.26,548.67,149.17,164.86,1,1,1.000000
1724169392956384900,110,405.22,100.51,320.50,97.14,1,1,1.000000
1724169392956384900,120,510.55,166.11,356.79,105.68,1,1,1.000000
1724169392956384900,118,150.94,599.49,261.59,118.82,1,1,1.000000
1724169392956384900,127,1.74,357.72,152.63,99.21,1,1,1.000000
1724169392956384900,128,542.71,412.43,146.71,305.29,1,1,1.000000
1724169392956384900,129,0.65,281.46,149.52,84.08,1,1,1.000000
1724169392956384900,130,361.48,518.65,138.88,199.59,1,1,1.000000
1724169392956384900,125,24.67,503.35,141.48,92.90,1,1,1.000000
1724169392988262100,99,833.77,410.10,446.59,308.40,1,1,1.000000
1724169392988262100,113,1.33,367.37,365.69,110.19,1,1,1.000000
1724169392988262100,102,622.12,282.32,429.15,107.43,1,1,1.000000
1724169392988262100,116,46.26,548.67,149.17,164.86,1,1,1.000000
1724169392988262100,110,405.22,100.51,320.50,97.14,1,1,1.000000
1724169392988262100,120,510.55,166.11,356.79,105.68,1,1,1.000000
1724169392988262100,118,150.94,599.49,261.59,118.82,1,1,1.000000
1724169392988262100,127,1.74,357.72,152.63,99.21,1,1,1.000000
1724169392988262100,128,542.71,412.43,146.71,305.29,1,1,1.000000
1724169392988262100,129,0.65,281.46,149.52,84.08,1,1,1.000000
1724169392988262100,130,361.48,518.65,138.88,199.59,1,1,1.000000
1724169392988262100,134,175.70,513.77,219.96,98.23,1,1,1.000000
1724169392988262100,135,1223.92,455.37,55.72,77.12,1,1,1.000000
1724169392988262100,125,24.67,503.35,141.48,92.90,1,1,1.000000
1724169393032786800,99,885.98,415.91,392.69,303.45,1,1,1.000000
1724169393032786800,113,0.22,354.86,378.84,116.48,1,1,1.000000
1724169393032786800,102,655.58,285.53,460.37,112.48,1,1,1.000000
1724169393032786800,116,38.85,528.49,158.54,188.78,1,1,1.000000
1724169393032786800,110,426.43,96.24,323.40,101.58,1,1,1.000000
1724169393032786800,120,525.49,160.74,390.75,118.93,1,1,1.000000
1724169393032786800,118,201.69,584.87,204.02,133.39,1,1,1.000000
1724169393032786800,128,487.31,420.29,230.27,298.83,1,1,1.000000
1724169393032786800,129,0.62,273.13,159.29,90.63,1,1,1.000000
1724169393032786800,130,388.90,506.75,113.40,211.63,1,1,1.000000
1724169393032786800,134,54.17,494.15,352.85,117.95,1,1,1.000000
1724169393062709800,99,885.98,415.91,392.69,303.45,1,1,1.000000
1724169393062709800,113,0.22,354.86,378.84,116.48,1,1,1.000000
1724169393062709800,102,655.58,285.53,460.37,112.48,1,1,1.000000
1724169393062709800,116,38.85,528.49,158.54,188.78,1,1,1.000000
1724169393062709800,110,426.43,96.24,323.40,101.58,1,1,1.000000
1724169393062709800,120,525.49,160.74,390.75,118.93,1,1,1.000000
1724169393062709800,118,201.69,584.87,204.02,133.39,1,1,1.000000
1724169393062709800,128,487.31,420.29,230.27,298.83,1,1,1.000000
1724169393062709800,129,0.62,273.13,159.29,90.63,1,1,1.000000
1724169393062709800,130,388.90,506.75,113.40,211.63,1,1,1.000000
1724169393062709800,134,54.17,494.15,352.85,117.95,1,1,1.000000
1724169393110718000,99,914.81,432.11,365.77,286.43,1,1,1.000000
1724169393110718000,113,1.62,370.05,387.91,106.37,1,1,1.000000
1724169393110718000,102,689.27,284.93,464.56,125.20,1,1,1.000000
1724169393110718000,116,34.15,546.74,158.17,172.26,1,1,1.000000
1724169393110718000,110,441.71,96.42,322.43,101.74,1,1,1.000000
1724169393110718000,120,545.40,154.56,384.71,128.70,1,1,1.000000
1724169393110718000,128,476.57,437.35,247.11,282.11,1,1,1.000000
1724169393110718000,129,0.44,266.45,178.21,92.94,1,1,1.000000
1724169393110718000,130,386.52,490.47,116.66,227.61,1,1,1.000000
1724169393110718000,134,73.17,482.12,328.04,133.53,1,1,1.000000
1724169393155374500,99,939.93,455.10,341.35,265.65,1,1,1.000000
1724169393155374500,113,1.96,367.36,400.07,120.61,1,1,1.000000
1724169393155374500,102,714.92,290.30,485.69,132.59,1,1,1.000000
1724169393155374500,116,31.33,473.38,165.95,246.08,1,1,1.000000
1724169393155374500,110,451.33,96.32,332.41,102.09,1,1,1.000000
1724169393155374500,120,581.84,150.48,387.29,127.07,1,1,1.000000
1724169393155374500,128,457.41,452.61,285.24,266.88,1,1,1.000000
1724169393155374500,129,1.19,260.35,161.63,88.97,1,1,1.000000
1724169393155374500,130,398.93,536.25,106.27,184.06,1,1,1.000000
1724169393155374500,118,205.91,523.78,209.49,194.17,1,1,1.000000
1724169393188807100,99,939.93,455.10,341.35,265.65,1,1,1.000000
1724169393188807100,113,1.96,367.36,400.07,120.61,1,1,1.000000
1724169393188807100,102,714.92,290.30,485.69,132.59,1,1,1.000000
1724169393188807100,116,31.33,473.38,165.95,246.08,1,1,1.000000
1724169393188807100,110,451.33,96.32,332.41,102.09,1,1,1.000000
1724169393188807100,120,581.84,150.48,387.29,127.07,1,1,1.000000
1724169393188807100,128,457.41,452.61,285.24,266.88,1,1,1.000000
1724169393188807100,129,1.19,260.35,161.63,88.97,1,1,1.000000
1724169393188807100,130,398.93,536.25,106.27,184.06,1,1,1.000000
1724169393188807100,136,2.11,310.47,195.41,47.41,1,1,1.000000
1724169393188807100,118,205.91,523.78,209.49,194.17,1,1,1.000000
1724169393231460400,99,969.03,504.78,311.07,215.22,1,1,1.000000
1724169393231460400,113,1.41,316.15,414.53,174.42,1,1,1.000000
1724169393231460400,102,737.38,294.99,508.76,146.97,1,1,1.000000
1724169393231460400,116,32.40,464.71,164.15,253.88,1,1,1.000000
1724169393231460400,110,462.80,95.64,344.87,100.86,1,1,1.000000
1724169393231460400,120,611.73,151.55,399.45,118.68,1,1,1.000000
1724169393231460400,128,451.53,465.43,318.57,254.24,1,1,1.000000
1724169393231460400,129,0.74,248.11,172.29,98.87,1,1,1.000000
1724169393231460400,130,396.54,554.72,121.62,164.62,1,1,1.000000
1724169393231460400,118,210.53,533.36,209.37,181.67,1,1,1.000000