1724168095039296600,1,566.10,62.71,585.22,323.34,1,1,1.000000
1724168095039296600,2,31.41,127.70,593.72,230.07,1,1,1.000000
1724168095084801600,1,562.59,27.11,574.69,353.24,1,1,1.000000
1724168095084801600,2,66.40,109.15,570.31,210.14,1,1,1.000000
1724168095133026900,1,556.06,1.38,535.00,361.81,1,1,1.000000
1724168095133026900,2,164.08,99.67,486.93,215.88,1,1,1.000000
1724168095206652100,1,555.92,0.00,542.39,364.27,1,1,1.000000
1724168095206652100,2,242.58,90.83,431.43,227.03,1,1,1.000000
1724168095252608900,1,567.91,0.16,532.34,361.79,1,1,1.000000
1724168095252608900,2,280.43,86.80,425.32,254.99,1,1,1.000000
1724168095326899800,1,585.94,1.16,521.10,346.13,1,1,1.000000
1724168095326899800,2,331.00,78.44,417.75,283.43,1,1,1.000000
1724168095373480500,1,607.05,0.62,508.06,311.66,1,1,1.000000
1724168095373480500,2,424.71,70.00,375.10,320.30,1,1,1.000000
1724168095450769500,1,622.57,1.07,504.48,272.53,1,1,1.000000
1724168095450769500,2,529.22,66.11,278.91,318.71,1,1,1.000000
1724168095572201500,1,625.08,0.79,510.71,241.98,1,1,1.000000
1724168095572201500,2,604.13,59.27,241.46,318.48,1,1,1.000000
1724168095605117100,1,631.28,1.17,505.60,215.39,1,1,1.000000
1724168095605117100,2,626.89,54.31,252.75,313.66,1,1,1.000000
1724168095651497900,1,652.36,0.90,477.25,180.19,1,1,1.000000
1724168095651497900,2,629.82,42.51,257.38,277.79,1,1,1.000000
1724168095725957100,1,663.57,0.59,456.33,161.30,1,1,1.000000
1724168095725957100,2,627.20,49.28,304.98,241.53,1,1,1.000000
1724168095771630600,1,691.45,0.61,416.81,135.67,1,1,1.000000
1724168095771630600,2,629.56,17.02,477.49,263.36,1,1,1.000000
1724168095848816000,1,709.77,0.39,384.18,120.67,1,1,1.000000
1724168095848816000,2,631.53,4.38,457.72,243.78,1,1,1.000000
1724168095928430600,1,758.30,0.12,336.42,110.24,1,1,1.000000
1724168095928430600,2,653.28,2.03,433.63,220.96,1,1,1.000000
1724168095969929600,1,794.00,0.17,325.17,94.93,1,1,1.000000
1724168095969929600,2,689.99,0.99,427.04,201.03,1,1,1.000000
1724168096047349800,2,743.70,0.62,424.78,193.61,1,1,1.000000
1724168096091415000,2,780.09,0.62,436.44,191.03,1,1,1.000000
1724168096122569100,2,844.54,0.21,409.95,161.23,1,1,1.000000
1724168096213030300,2,876.97,0.00,398.89,124.34,1,1,1.000000
1724168096243439400,2,892.63,0.00,385.28,108.82,1,1,1.000000
1724168096337243700,2,904.51,0.00,374.48,101.57,1,1,1.000000
1724168096363729100,2,914.46,0.00,365.36,97.46,1,1,1.000000
1724168096440934700,2,928.07,0.00,351.50,85.02,1,1,1.000000
1724168096532377300,2,948.00,0.00,331.75,73.74,1,1,1.000000
1724168096532377300,6,531.88,696.91,258.26,22.95,1,1,1.000000
1724168096563156100,2,980.89,0.00,298.29,70.92,1,1,1.000000
1724168096563156100,6,534.84,686.57,278.04,32.98,1,1,1.000000
1724168096658648800,2,1021.08,0.01,258.36,64.95,1,1,1.000000
1724168096658648800,6,538.80,680.14,324.85,39.19,1,1,1.000000
1724168096733072500,2,1054.11,0.00,226.37,63.12,1,1,1.000000
1724168096733072500,6,525.99,677.97,331.01,41.47,1,1,1.000000
1724168096766188200,6,501.21,672.54,369.86,46.90,1,1,1.000000
1724168096810937600,6,468.08,663.20,447.23,56.09,1,1,1.000000
1724168096884313700,6,448.92,661.88,503.56,57.34,1,1,1.000000
1724168096929299600,6,422.97,664.58,572.62,54.56,1,1,1.000000
1724168097005289700,6,397.56,663.75,682.66,55.66,1,1,1.000000
1724168097051664600,6,377.89,659.41,670.62,60.13,1,1,1.000000
1724168097126086000,6,386.97,658.02,518.44,61.38,1,1,1.000000
1724168097173715700,6,375.86,646.97,528.92,72.44,1,1,1.000000
1724168097173715700,11,389.57,0.80,471.96,40.12,1,1,1.000000
1724168097247888000,6,383.67,638.21,520.07,81.37,1,1,1.000000
1724168097247888000,11,455.54,0.41,485.28,44.21,1,1,1.000000
1724168097324874700,6,388.43,630.03,525.32,89.76,1,1,1.000000
1724168097324874700,11,534.59,0.21,498.21,44.86,1,1,1.000000
1724168097324874700,14,0.05,594.36,156.44,120.32,1,1,1.000000
1724168097367622400,6,371.14,626.15,574.83,93.57,1,1,1.000000
1724168097367622400,11,630.29,0.22,500.23,48.75,1,1,1.000000
1724168097367622400,14,0.09,586.27,207.48,131.50,1,1,1.000000
1724168097445702600,6,411.98,625.67,527.86,94.21,1,1,1.000000
1724168097445702600,11,715.01,0.73,547.69,55.34,1,1,1.000000
1724168097445702600,14,0.00,573.55,245.98,145.16,1,1,1.000000
1724168097524121600,6,431.06,631.85,517.72,87.53,1,1,1.000000
1724168097524121600,11,793.47,0.27,485.14,60.82,1,1,1.000000
1724168097524121600,14,0.00,561.59,280.95,158.15,1,1,1.000000
1724168097567344900,6,425.41,645.76,632.67,73.52,1,1,1.000000
1724168097567344900,11,871.86,0.00,406.88,69.84,1,1,1.000000
1724168097567344900,14,0.42,557.47,316.05,162.20,1,1,1.000000
1724168097567344900,15,428.94,647.59,330.47,72.55,1,1,1.000000
1724168097643562200,6,401.29,655.68,619.11,64.03,1,1,1.000000
1724168097643562200,11,948.24,0.00,331.48,72.30,1,1,1.000000
1724168097643562200,14,0.00,557.73,349.30,162.23,1,1,1.000000
1724168097643562200,15,404.38,660.65,342.76,59.06,1,1,1.000000
1724168097691095200,6,376.68,628.19,607.54,91.44,1,1,1.000000
1724168097691095200,11,1035.34,0.00,244.84,64.73,1,1,1.000000
1724168097691095200,14,0.34,558.54,373.47,161.40,1,1,1.000000
1724168097691095200,15,381.62,676.11,337.58,43.50,1,1,1.000000
1724168097691095200,16,793.88,627.16,186.59,92.60,1,1,1.000000
1724168097766094000,11,1121.57,0.00,158.92,56.45,1,1,1.000000
1724168097766094000,14,0.00,559.53,397.18,160.53,1,1,1.000000
1724168097766094000,15,379.82,689.42,310.30,30.35,1,1,1.000000
1724168097812723500,14,0.15,561.77,427.49,157.96,1,1,1.000000
1724168097812723500,15,386.72,691.89,273.84,28.25,1,1,1.000000
1724168097886817500,14,0.00,560.25,448.86,159.92,1,1,1.000000
1724168097886817500,15,428.79,691.32,192.70,28.67,1,1,1.000000
1724168097934153000,14,0.00,559.67,485.00,160.67,1,1,1.000000
1724168098008206400,14,0.00,548.11,511.47,171.87,1,1,1.000000
1724168098055927500,14,1.49,542.87,542.91,176.80,1,1,1.000000
1724168098129404600,14,37.58,532.94,533.62,186.85,1,1,1.000000
1724168098174458800,14,73.09,528.11,571.75,191.76,1,1,1.000000
1724168098250670500,14,99.09,526.74,573.06,193.32,1,1,1.000000
1724168098326782700,14,146.32,523.44,581.59,196.59,1,1,1.000000
1724168098372870000,14,131.01,511.17,659.65,208.57,1,1,1.000000
1724168098450954500,14,98.07,508.16,734.81,211.07,1,1,1.000000
1724168098494296300,14,185.09,504.86,684.50,206.40,1,1,1.000000
1724168098570700500,14,257.70,501.66,651.20,159.57,1,1,1.000000
1724168098647449800,14,340.54,495.28,637.41,151.00,1,1,1.000000
1724168098699503100,14,402.79,480.69,671.13,172.35,1,1,1.000000
1724168098768604600,14,475.69,472.11,680.63,176.16,1,1,1.000000
1724168098812946400,14,569.81,460.19,662.68,203.10,1,1,1.000000
1724168098812946400,20,112.43,594.95,284.54,124.74,1,1,1.000000
1724168098889346800,14,651.95,461.75,627.96,167.16,1,1,1.000000
1724168098919231500,14,710.75,457.69,568.01,182.72,1,1,1.000000
1724168099013677600,14,765.71,450.48,512.52,183.48,1,1,1.000000
1724168099040848400,14,787.51,417.75,492.01,199.03,1,1,1.000000
1724168099087857300,14,845.97,438.44,432.10,162.30,1,1,1.000000
1724168099161075300,14,889.66,428.26,390.57,155.83,1,1,1.000000
1724168099161075300,22,0.37,591.82,103.01,128.36,1,1,1.000000
1724168099251843900,14,930.45,420.34,349.11,132.49,1,1,1.000000
1724168099251843900,22,0.31,612.20,72.36,107.86,1,1,1.000000
1724168099329378900,14,978.41,413.29,301.07,126.32,1,1,1.000000
1724168099374205600,14,1015.51,406.32,265.19,120.84,1,1,1.000000
1724168099453504700,14,1063.84,409.91,216.23,108.90,1,1,1.000000
1724168099484331200,14,1112.20,415.09,167.37,93.53,1,1,1.000000
1724168099573582200,14,1162.54,414.96,117.07,94.35,1,1,1.000000
1724168099602940200,14,1199.02,412.08,80.44,98.19,1,1,1.000000
1724168099602940200,22,0.00,593.29,99.44,126.50,1,1,1.000000
1724168099726804100,22,0.04,566.33,114.73,110.72,1,1,1.000000
1724168099772410300,22,0.00,547.96,142.40,104.39,1,1,1.000000
1724168099847174100,22,0.04,534.46,191.80,103.25,1,1,1.000000
1724168099924983600,22,0.00,518.84,193.90,93.91,1,1,1.000000
1724168099969051600,22,0.10,499.40,194.17,93.80,1,1,1.000000
1724168100044038200,22,0.00,491.82,193.39,86.40,1,1,1.000000
1724168100090554700,22,0.11,482.21,182.78,75.32,1,1,1.000000
1724168100173688300,22,0.14,473.00,168.16,73.13,1,1,1.000000
1724168100173688300,26,74.62,660.89,528.27,58.89,1,1,1.000000
1724168100213359100,22,0.10,465.83,158.18,74.22,1,1,1.000000
1724168100213359100,26,119.84,649.30,521.79,70.69,1,1,1.000000
1724168100291219700,22,0.37,462.01,142.08,75.39,1,1,1.000000
1724168100291219700,26,150.97,639.89,562.96,80.00,1,1,1.000000
1724168100334020500,22,0.24,460.48,120.30,78.54,1,1,1.000000
1724168100334020500,26,158.95,628.74,585.59,91.28,1,1,1.000000
1724168100411918900,22,0.35,457.31,106.59,82.56,1,1,1.000000
1724168100411918900,26,195.31,619.11,608.73,100.91,1,1,1.000000
1724168100489591100,22,0.10,450.88,85.17,89.33,1,1,1.000000
1724168100489591100,26,237.35,614.77,550.86,105.32,1,1,1.000000
1724168100531629400,22,0.17,450.31,67.81,88.57,1,1,1.000000
1724168100531629400,26,276.66,612.10,605.81,107.89,1,1,1.000000
1724168100607711400,22,0.38,439.10,48.04,101.24,1,1,1.000000
1724168100607711400,26,338.02,614.05,581.83,106.08,1,1,1.000000
1724168100652387000,26,393.49,614.57,542.93,105.42,1,1,1.000000
1724168100728652900,26,439.97,611.66,551.71,108.46,1,1,1.000000
1724168100775479400,26,483.24,609.68,526.94,110.38,1,1,1.000000
1724168100849999800,26,533.28,606.66,505.08,113.60,1,1,1.000000
1724168100927008300,26,570.86,603.98,502.78,116.18,1,1,1.000000
1724168100972691800,26,615.41,607.90,467.96,112.30,1,1,1.000000
1724168101050502000,26,650.79,623.59,452.38,96.24,1,1,1.000000
1724168101050502000,27,0.36,589.80,73.20,72.69,1,1,1.000000
1724168101127083000,26,702.31,640.63,420.72,79.38,1,1,1.000000
1724168101127083000,27,0.00,589.68,98.38,73.24,1,1,1.000000
1724168101174083100,26,766.95,657.63,384.98,62.08,1,1,1.000000
1724168101174083100,27,0.37,585.46,116.83,83.23,1,1,1.000000
1724168101265405300,26,812.81,642.76,384.29,76.90,1,1,1.000000
1724168101265405300,27,0.44,584.24,151.98,83.96,1,1,1.000000
1724168101293900300,26,853.12,628.11,362.81,91.41,1,1,1.000000
1724168101293900300,27,0.06,584.00,173.26,79.38,1,1,1.000000
1724168101369174900,26,894.14,620.66,287.40,99.16,1,1,1.000000
1724168101369174900,27,0.39,583.49,200.32,86.21,1,1,1.000000
1724168101400184200,26,941.44,620.65,242.86,99.00,1,1,1.000000
1724168101400184200,27,0.90,584.15,230.32,87.26,1,1,1.000000
1724168101490675700,26,988.88,629.00,213.41,90.79,1,1,1.000000
1724168101490675700,27,1.14,584.61,254.05,98.17,1,1,1.000000
1724168101521184200,26,1043.83,652.11,155.36,67.67,1,1,1.000000
1724168101521184200,27,1.03,586.76,286.79,77.22,1,1,1.000000
1724168101614745500,27,1.27,588.12,313.10,121.88,1,1,1.000000
1724168101654496200,27,1.26,590.40,341.42,128.93,1,1,1.000000
1724168101734611500,27,1.29,593.16,372.72,125.81,1,1,1.000000
1724168101734611500,30,0.30,0.93,187.43,130.50,1,1,1.000000
1724168101762699100,27,1.62,595.75,406.36,123.27,1,1,1.000000
1724168101762699100,30,0.14,0.14,275.99,149.11,1,1,1.000000
1724168101853606300,27,2.28,598.44,436.20,120.81,1,1,1.000000
1724168101853606300,30,0.00,0.11,361.10,159.27,1,1,1.000000
1724168101883988300,27,1.19,598.48,468.41,121.38,1,1,1.000000
1724168101883988300,30,0.00,0.08,444.44,167.42,1,1,1.000000
1724168101962048000,27,0.85,595.85,503.92,123.74,1,1,1.000000
1724168101962048000,30,0.00,0.00,540.06,167.84,1,1,1.000000
1724168102006933100,27,2.26,594.23,530.25,125.41,1,1,1.000000
1724168102006933100,30,0.00,0.19,615.54,168.73,1,1,1.000000
1724168102082758300,27,42.40,593.38,519.29,126.36,1,1,1.000000
1724168102082758300,30,0.00,0.15,706.57,168.72,1,1,1.000000
1724168102082758300,31,0.02,367.31,195.03,194.34,1,1,1.000000
1724168102128037100,27,74.67,595.93,514.70,123.43,1,1,1.000000
1724168102128037100,30,2.03,0.44,788.11,167.56,1,1,1.000000
1724168102128037100,31,0.38,357.01,259.69,233.21,1,1,1.000000
1724168102204730100,27,109.92,596.44,519.80,123.13,1,1,1.000000
1724168102204730100,30,178.78,0.62,692.01,165.73,1,1,1.000000
1724168102204730100,31,0.26,345.90,327.65,262.61,1,1,1.000000
1724168102281705700,27,134.20,597.31,517.58,122.21,1,1,1.000000
1724168102281705700,30,310.53,0.45,685.73,163.73,1,1,1.000000
1724168102281705700,31,0.61,318.74,407.36,314.36,1,1,1.000000
1724168102328709000,27,178.68,594.63,534.62,125.09,1,1,1.000000
1724168102328709000,30,462.52,0.77,648.15,155.83,1,1,1.000000
1724168102328709000,31,0.00,346.23,470.93,309.58,1,1,1.000000
1724168102403837100,27,228.07,645.46,396.99,74.48,1,1,1.000000
1724168102403837100,30,587.42,0.83,687.96,150.53,1,1,1.000000
1724168102403837100,31,0.31,351.75,765.37,337.64,1,1,1.000000
1724168102451520500,27,269.67,650.89,363.21,69.23,1,1,1.000000
1724168102451520500,30,695.65,0.39,583.25,147.86,1,1,1.000000
1724168102451520500,31,1.44,350.42,825.29,357.68,1,1,1.000000
1724168102526095100,30,810.97,0.75,468.02,144.71,1,1,1.000000
1724168102526095100,31,0.08,351.30,863.73,365.69,1,1,1.000000
1724168102571584700,30,916.71,1.41,363.06,142.09,1,1,1.000000
1724168102571584700,31,0.00,340.99,905.21,376.40,1,1,1.000000
1724168102647101200,30,1028.77,15.26,252.00,116.89,1,1,1.000000
1724168102647101200,31,1.36,264.13,770.03,455.47,1,1,1.000000
1724168102647101200,32,0.39,444.21,136.73,175.49,1,1,1.000000
1724168102693302800,30,1136.44,16.27,142.97,126.18,1,1,1.000000
1724168102693302800,31,97.26,291.58,699.73,429.58,1,1,1.000000
1724168102693302800,32,0.00,449.57,134.25,173.09,1,1,1.000000
1724168102693302800,33,692.23,598.40,272.40,104.45,1,1,1.000000
1724168102770460900,31,138.01,306.69,682.79,414.65,1,1,1.000000
1724168102770460900,32,0.00,457.89,123.46,173.24,1,1,1.000000
1724168102770460900,33,712.09,605.07,268.63,106.37,1,1,1.000000
1724168102800636600,31,190.20,338.13,652.91,383.34,1,1,1.000000
1724168102800636600,32,0.19,464.86,118.72,172.95,1,1,1.000000
1724168102800636600,33,742.23,608.95,277.31,101.88,1,1,1.000000
1724168102890244300,31,205.29,367.52,656.69,353.55,1,1,1.000000
1724168102890244300,32,0.00,469.93,115.75,173.44,1,1,1.000000
1724168102890244300,33,752.05,594.60,317.73,117.79,1,1,1.000000
1724168102922257100,31,261.87,406.13,618.16,314.55,1,1,1.000000
1724168102922257100,32,0.08,518.94,109.95,137.60,1,1,1.000000
1724168102922257100,33,785.79,613.79,373.13,103.88,1,1,1.000000
1724168102998311900,31,323.22,439.03,588.68,282.09,1,1,1.000000
1724168102998311900,33,767.26,611.45,446.72,108.02,1,1,1.000000
1724168103090907400,31,401.39,474.10,535.81,246.82,1,1,1.000000
1724168103090907400,33,807.60,611.23,470.12,108.32,1,1,1.000000
1724168103122479400,31,456.11,505.96,484.91,214.06,1,1,1.000000
1724168103122479400,33,832.84,621.71,444.22,97.55,1,1,1.000000
1724168103214303300,31,518.01,528.46,428.85,191.87,1,1,1.000000
1724168103214303300,33,845.03,623.61,435.11,96.08,1,1,1.000000
1724168103288707300,31,552.23,552.73,387.52,167.70,1,1,1.000000
1724168103288707300,33,813.21,629.67,465.14,89.94,1,1,1.000000
1724168103334376900,31,599.74,563.18,334.63,157.01,1,1,1.000000
1724168103334376900,33,830.17,634.21,448.19,85.36,1,1,1.000000
1724168103334376900,38,0.23,211.42,131.58,124.29,1,1,1.000000
1724168103364925300,31,625.29,579.20,280.61,140.46,1,1,1.000000
1724168103364925300,33,854.45,630.38,425.51,89.64,1,1,1.000000
1724168103364925300,38,0.05,198.23,190.36,153.07,1,1,1.000000
1724168103441919000,31,668.63,596.41,237.34,123.80,1,1,1.000000
1724168103441919000,33,881.08,628.21,398.74,91.92,1,1,1.000000
1724168103441919000,38,0.19,189.32,218.50,182.38,1,1,1.000000
1724168103535257300,31,720.69,612.97,154.00,107.46,1,1,1.000000
1724168103535257300,33,914.92,632.39,365.15,87.69,1,1,1.000000
1724168103535257300,38,0.34,184.00,259.15,200.74,1,1,1.000000
1724168103609770900,31,779.35,634.26,122.46,85.84,1,1,1.000000
1724168103609770900,33,952.97,643.65,327.23,76.31,1,1,1.000000
1724168103609770900,38,0.06,173.88,303.61,215.90,1,1,1.000000
1724168103639966700,33,997.32,666.99,282.94,52.76,1,1,1.000000
1724168103639966700,38,0.00,155.07,349.45,240.62,1,1,1.000000
1724168103687301900,38,0.21,145.68,401.67,253.22,1,1,1.000000
1724168103730625000,38,1.12,157.23,441.89,248.28,1,1,1.000000
1724168103807901200,38,1.27,153.93,501.73,256.50,1,1,1.000000
1724168103852153100,38,0.99,149.09,555.04,276.64,1,1,1.000000
1724168103929163600,38,0.24,138.09,602.97,299.77,1,1,1.000000
1724168104004664100,38,0.00,117.84,658.23,331.15,1,1,1.000000
1724168104050216300,38,2.55,69.73,707.16,386.81,1,1,1.000000
1724168104129506300,38,68.02,82.22,688.01,377.06,1,1,1.000000
1724168104173059200,38,162.34,108.47,639.53,360.21,1,1,1.000000
1724168104249098300,38,235.95,93.78,613.04,387.63,1,1,1.000000
1724168104327902200,38,290.38,106.67,606.10,387.60,1,1,1.000000
1724168104371372900,38,351.28,124.11,583.13,387.29,1,1,1.000000
1724168104458051200,38,400.19,136.13,583.45,404.30,1,1,1.000000
1724168104580674700,38,468.77,198.05,625.49,405.45,1,1,1.000000
1724168104647424900,38,494.38,221.92,662.18,403.47,1,1,1.000000
1724168104691651200,38,554.55,250.23,632.74,384.35,1,1,1.000000
1724168104724942200,38,611.17,264.87,621.85,383.60,1,1,1.000000
1724168104801849800,38,655.12,267.44,622.13,397.24,1,1,1.000000
1724168104892373600,38,682.90,279.31,596.27,396.15,1,1,1.000000
1724168104921209500,38,712.16,294.13,566.78,393.11,1,1,1.000000
1724168104967552100,38,740.66,328.44,537.36,373.54,1,1,1.000000
1724168105042699000,38,764.33,345.35,515.43,372.73,1,1,1.000000
1724168105119480500,38,798.33,378.79,480.92,336.56,1,1,1.000000
1724168105166573600,38,809.43,405.12,470.38,307.03,1,1,1.000000
1724168105241021800,38,851.39,431.24,428.89,285.29,1,1,1.000000
1724168105331477300,38,896.94,447.60,383.44,270.49,1,1,1.000000
1724168105371591300,38,909.45,454.88,370.60,264.67,1,1,1.000000
1724168105441993700,38,954.67,463.79,326.08,256.21,1,1,1.000000
1724168105487838500,38,985.27,481.82,295.62,238.15,1,1,1.000000
1724168105561895800,38,1029.26,510.18,251.67,209.79,1,1,1.000000
1724168105608037200,38,1082.95,534.83,197.60,180.34,1,1,1.000000
1724168105654192400,38,1135.61,564.04,144.46,152.52,1,1,1.000000
1724168105730073600,38,1203.08,597.37,77.38,122.24,1,1,1.000000
1724168105730073600,39,378.53,684.72,184.83,35.10,1,1,1.000000
1724168105808441000,39,393.86,686.39,211.39,33.31,1,1,1.000000
1724168105852428700,39,412.25,686.87,250.85,32.57,1,1,1.000000
1724168105937367900,39,425.21,682.17,268.07,37.73,1,1,1.000000
1724168106060739700,39,480.95,681.10,324.11,38.44,1,1,1.000000
1724168106130684600,39,542.13,666.73,293.33,52.82,1,1,1.000000
1724168106159801100,39,568.39,653.20,319.79,66.30,1,1,1.000000
1724168106255209600,39,651.01,644.90,304.28,74.59,1,1,1.000000
1724168106282496200,39,693.08,632.46,332.94,87.16,1,1,1.000000
1724168106374826600,39,733.11,627.38,363.85,92.37,1,1,1.000000
1724168106406323900,39,762.50,619.96,422.23,99.80,1,1,1.000000
1724168106479713000,39,785.43,615.51,476.02,104.23,1,1,1.000000
1724168106479713000,41,77.56,649.86,351.51,69.20,1,1,1.000000
1724168106525939000,39,807.22,607.59,471.50,112.06,1,1,1.000000
1724168106525939000,41,79.95,647.50,368.90,72.11,1,1,1.000000
1724168106601460600,39,825.93,602.78,453.70,116.46,1,1,1.000000
1724168106601460600,41,125.30,646.83,330.74,72.92,1,1,1.000000
1724168106646773400,39,865.64,612.21,413.52,106.79,1,1,1.000000
1724168106646773400,41,152.90,644.95,385.90,74.65,1,1,1.000000
1724168106724439500,39,929.64,602.52,350.52,116.73,1,1,1.000000
1724168106724439500,41,190.96,639.47,348.45,80.39,1,1,1.000000
1724168106771688400,39,993.41,594.65,287.04,125.51,1,1,1.000000
1724168106771688400,41,218.43,634.88,346.52,85.04,1,1,1.000000
1724168106845334000,39,1037.75,592.83,242.51,127.10,1,1,1.000000
1724168106845334000,41,230.71,629.00,374.25,90.85,1,1,1.000000
1724168106921660500,39,1116.50,594.65,164.25,124.47,1,1,1.000000
1724168106921660500,41,206.98,633.15,437.29,86.68,1,1,1.000000
1724168106967741000,39,1191.52,614.77,88.61,104.17,1,1,1.000000
1724168106967741000,41,270.21,629.76,403.07,89.76,1,1,1.000000
1724168106967741000,42,0.12,363.43,133.83,94.03,1,1,1.000000
1724168107043879900,41,335.67,615.85,365.81,104.38,1,1,1.000000
1724168107043879900,42,0.31,351.55,192.53,136.89,1,1,1.000000
1724168107090061900,41,368.86,662.40,342.76,57.46,1,1,1.000000
1724168107090061900,42,0.80,348.46,250.44,161.37,1,1,1.000000
1724168107133585500,41,400.97,664.06,320.08,55.73,1,1,1.000000
1724168107133585500,42,0.34,351.17,304.76,175.52,1,1,1.000000
1724168107209445200,41,457.07,642.01,246.81,77.96,1,1,1.000000
1724168107209445200,42,0.66,328.43,352.42,211.96,1,1,1.000000
1724168107209445200,43,0.28,68.86,134.22,129.51,1,1,1.000000
1724168107286761900,42,0.27,327.40,413.14,245.77,1,1,1.000000
1724168107286761900,43,0.00,55.85,197.99,164.06,1,1,1.000000
1724168107333298600,42,0.51,351.71,460.82,245.11,1,1,1.000000
1724168107333298600,43,0.39,45.96,243.99,200.29,1,1,1.000000
1724168107409328800,42,0.62,374.08,514.13,244.90,1,1,1.000000
1724168107409328800,43,0.67,39.03,299.23,222.88,1,1,1.000000
1724168107454111900,42,0.83,386.63,576.07,253.57,1,1,1.000000
1724168107454111900,43,0.18,35.11,352.28,236.17,1,1,1.000000
1724168107527525300,42,0.73,399.00,632.80,257.40,1,1,1.000000
1724168107527525300,43,0.00,5.91,405.67,280.11,1,1,1.000000
1724168107573024500,42,0.00,350.34,707.20,323.99,1,1,1.000000
1724168107573024500,43,0.00,35.35,459.15,261.99,1,1,1.000000
1724168107651649700,42,67.57,369.02,705.24,342.60,1,1,1.000000
1724168107651649700,43,0.80,53.04,521.80,267.95,1,1,1.000000
1724168107724555800,42,150.29,434.31,692.70,285.66,1,1,1.000000
1724168107724555800,43,0.00,65.14,571.27,269.56,1,1,1.000000
1724168107769319400,42,235.83,501.51,657.33,219.37,1,1,1.000000
1724168107769319400,43,0.23,78.11,639.55,278.67,1,1,1.000000
1724168107844231300,42,362.46,546.45,589.65,173.91,1,1,1.000000
1724168107844231300,43,0.00,95.18,709.51,276.45,1,1,1.000000
1724168107892552200,42,449.32,528.39,565.62,191.02,1,1,1.000000
1724168107892552200,43,0.89,45.05,781.40,331.93,1,1,1.000000
1724168107967296900,42,559.73,516.66,481.84,203.15,1,1,1.000000
1724168107967296900,43,116.39,62.79,748.16,325.20,1,1,1.000000
1724168108014030800,42,664.26,564.93,469.92,154.86,1,1,1.000000
1724168108014030800,43,227.33,62.12,723.07,344.39,1,1,1.000000
1724168108091547600,42,761.46,639.08,336.79,80.24,1,1,1.000000
1724168108091547600,43,335.25,81.00,737.83,351.22,1,1,1.000000
1724168108165467500,43,431.53,111.88,776.35,355.16,1,1,1.000000
1724168108210731800,43,551.21,152.18,724.61,350.21,1,1,1.000000
1724168108210731800,47,0.40,508.44,352.44,208.46,1,1,1.000000
1724168108291720500,43,630.78,168.40,647.17,331.00,1,1,1.000000
1724168108291720500,47,0.39,455.00,453.05,264.45,1,1,1.000000
1724168108332028100,43,764.47,191.93,515.18,288.00,1,1,1.000000
1724168108332028100,47,1.15,454.14,491.56,264.36,1,1,1.000000
1724168108408960800,43,837.80,182.11,441.17,266.96,1,1,1.000000
1724168108408960800,47,0.68,482.41,667.79,234.19,1,1,1.000000
1724168108453107000,43,961.06,199.80,319.11,226.95,1,1,1.000000
1724168108453107000,47,6.91,433.11,714.72,286.74,1,1,1.000000
1724168108527086500,43,1060.67,212.32,219.17,164.45,1,1,1.000000
1724168108527086500,47,218.45,486.68,630.57,233.09,1,1,1.000000
1724168108527086500,49,112.35,602.68,186.47,117.18,1,1,1.000000
1724168108605734000,47,370.47,593.20,550.15,125.80,1,1,1.000000
1724168108605734000,49,146.16,537.48,338.34,181.58,1,1,1.000000
1724168108650077100,47,564.94,600.57,399.44,119.28,1,1,1.000000
1724168108650077100,49,189.26,525.14,298.64,194.45,1,1,1.000000
1724168108726692700,47,698.36,595.80,296.62,123.95,1,1,1.000000
1724168108726692700,49,218.04,571.21,212.60,148.56,1,1,1.000000
1724168108770147900,49,236.56,612.97,182.67,106.79,1,1,1.000000
1724168108845671800,49,263.96,644.17,118.49,75.46,1,1,1.000000
1724168108845671800,51,0.09,0.00,181.62,157.97,1,1,1.000000
1724168108891950900,51,0.48,0.26,116.13,166.00,1,1,1.000000
1724168108967929400,51,0.00,0.48,122.29,177.68,1,1,1.000000
1724168108967929400,52,0.00,0.00,122.96,104.25,1,1,1.000000
1724168109015587100,51,0.00,0.00,240.97,274.59,1,1,1.000000
1724168109089909600,51,0.00,0.24,202.19,268.93,1,1,1.000000
1724168109089909600,52,0.00,0.00,205.29,98.23,1,1,1.000000
1724168109089909600,55,0.00,60.91,99.23,211.91,1,1,1.000000
1724168109174104200,52,0.00,0.49,165.04,95.33,1,1,1.000000
1724168109174104200,55,0.00,67.05,112.99,208.68,1,1,1.000000
1724168109211464300,51,0.07,1.08,138.25,259.39,1,1,1.000000
1724168109211464300,52,0.00,0.88,137.90,128.18,1,1,1.000000
1724168109211464300,55,0.00,75.97,109.64,185.16,1,1,1.000000
1724168109241471600,51,0.00,0.76,142.86,258.90,1,1,1.000000
1724168109241471600,52,0.00,0.79,141.63,145.27,1,1,1.000000
1724168109241471600,55,0.00,97.48,83.45,164.52,1,1,1.000000
1724168109334655600,51,0.00,0.23,142.95,257.76,1,1,1.000000
1724168109364943200,51,0.00,56.69,130.00,206.50,1,1,1.000000
1724168109364943200,52,0.00,1.55,128.49,194.24,1,1,1.000000
1724168109364943200,55,0.00,110.30,127.79,85.59,1,1,1.000000
1724168109444385300,51,0.00,81.65,116.78,186.51,1,1,1.000000
1724168109444385300,55,0.00,84.87,115.95,122.38,1,1,1.000000
1724168109534165200,55,0.00,122.54,97.96,96.00,1,1,1.000000
1724168123810744200,59,153.92,681.43,224.41,38.24,1,1,1.000000
1724168123885455900,59,132.38,677.21,270.01,42.36,1,1,1.000000
1724168123932675400,59,148.48,665.40,278.02,54.45,1,1,1.000000
1724168124007556800,59,173.34,664.11,277.03,55.90,1,1,1.000000
1724168124057868600,59,206.78,662.15,266.06,57.73,1,1,1.000000
1724168124128117800,59,218.03,660.18,281.12,59.70,1,1,1.000000
1724168124158743600,59,211.16,654.91,318.58,65.05,1,1,1.000000
1724168124249772100,59,225.17,651.47,333.83,68.33,1,1,1.000000
1724168124279821700,59,241.09,646.66,348.48,73.11,1,1,1.000000
1724168124369530000,59,256.62,642.30,352.33,77.60,1,1,1.000000
1724168124448772800,59,283.40,635.69,365.99,84.10,1,1,1.000000
1724168124448772800,61,0.00,428.76,84.74,242.50,1,1,1.000000
1724168124493914400,59,261.63,627.42,411.78,92.41,1,1,1.000000
1724168124493914400,61,0.00,401.54,89.21,268.70,1,1,1.000000
1724168124565404500,59,273.11,620.87,430.74,98.80,1,1,1.000000
1724168124565404500,61,0.14,387.58,98.85,280.81,1,1,1.000000
1724168124612478700,59,314.49,610.62,416.67,108.68,1,1,1.000000
1724168124612478700,61,0.19,373.59,119.21,273.60,1,1,1.000000
1724168124695613700,59,338.35,602.91,418.19,115.38,1,1,1.000000
1724168124695613700,61,0.22,355.83,145.45,272.02,1,1,1.000000
1724168124731887400,59,370.62,591.38,425.07,125.29,1,1,1.000000
1724168124731887400,61,0.00,348.97,173.19,245.15,1,1,1.000000
1724168124822644700,59,415.21,584.56,397.94,122.19,1,1,1.000000
1724168124822644700,61,0.29,342.89,204.73,244.47,1,1,1.000000
1724168124887092400,59,440.29,576.58,393.45,125.19,1,1,1.000000
1724168124887092400,61,0.30,337.71,237.18,239.82,1,1,1.000000
1724168124887092400,62,0.77,110.41,116.33,101.77,1,1,1.000000
1724168124936766200,59,468.79,571.27,408.36,134.81,1,1,1.000000
1724168124936766200,61,0.42,333.41,270.06,227.57,1,1,1.000000
1724168124936766200,62,0.43,82.22,155.03,129.58,1,1,1.000000
1724168124960810500,59,495.40,567.26,409.04,137.92,1,1,1.000000
1724168124960810500,61,5.08,329.10,300.45,224.26,1,1,1.000000
1724168124960810500,62,0.30,70.59,176.33,144.89,1,1,1.000000
1724168125053831200,59,525.74,562.82,408.18,149.66,1,1,1.000000
1724168125053831200,61,16.19,325.50,317.78,214.99,1,1,1.000000
1724168125053831200,62,0.12,64.52,227.63,156.70,1,1,1.000000
1724168125083203300,59,549.40,561.10,397.80,146.73,1,1,1.000000
1724168125083203300,61,39.47,321.00,322.43,208.42,1,1,1.000000
1724168125083203300,62,0.26,59.84,268.03,170.48,1,1,1.000000
1724168125161189600,59,588.81,554.54,387.20,152.79,1,1,1.000000
1724168125161189600,61,56.81,318.55,329.89,214.18,1,1,1.000000
1724168125161189600,62,0.00,56.05,309.10,176.58,1,1,1.000000
1724168125207553500,59,616.90,552.34,403.29,150.80,1,1,1.000000
1724168125207553500,61,75.62,315.91,332.74,211.69,1,1,1.000000
1724168125207553500,62,0.16,51.60,346.05,186.02,1,1,1.000000
1724168125283920200,59,658.20,551.25,396.70,133.48,1,1,1.000000
1724168125283920200,61,91.07,311.20,331.14,207.91,1,1,1.000000
1724168125283920200,62,0.99,44.92,375.83,200.60,1,1,1.000000
1724168125329880000,59,684.97,543.62,397.86,137.68,1,1,1.000000
1724168125329880000,61,108.75,306.50,324.81,204.95,1,1,1.000000
1724168125329880000,62,0.77,37.98,408.46,191.61,1,1,1.000000
1724168125405837600,59,716.94,537.65,396.12,127.56,1,1,1.000000
1724168125405837600,61,125.53,300.21,320.58,201.64,1,1,1.000000
1724168125405837600,62,0.46,26.73,444.80,201.06,1,1,1.000000
1724168125480551700,59,746.06,537.55,386.97,112.80,1,1,1.000000
1724168125480551700,61,140.36,294.16,317.86,203.05,1,1,1.000000
1724168125480551700,62,0.73,20.17,480.17,249.27,1,1,1.000000
1724168125526606100,59,772.96,533.27,381.79,105.60,1,1,1.000000
1724168125526606100,61,150.10,288.29,315.37,204.12,1,1,1.000000
1724168125526606100,62,2.53,10.68,520.28,251.62,1,1,1.000000
1724168125601063400,59,802.83,532.48,380.43,100.69,1,1,1.000000
1724168125601063400,61,168.48,285.46,308.24,205.69,1,1,1.000000
1724168125601063400,62,53.50,2.13,506.43,238.16,1,1,1.000000
1724168125680558800,59,837.88,534.79,371.32,90.37,1,1,1.000000
1724168125680558800,61,187.79,281.06,299.99,205.24,1,1,1.000000
1724168125680558800,62,113.01,0.47,510.09,218.70,1,1,1.000000
1724168125724278800,59,864.11,530.49,411.84,87.42,1,1,1.000000
1724168125724278800,61,214.22,274.39,291.15,197.96,1,1,1.000000
1724168125724278800,62,178.36,0.26,495.97,193.54,1,1,1.000000
1724168125769695100,59,910.18,529.48,369.20,84.98,1,1,1.000000
1724168125769695100,61,239.42,268.85,281.50,192.87,1,1,1.000000
1724168125769695100,62,231.08,0.14,475.76,193.21,1,1,1.000000
1724168125847905900,59,938.73,527.89,341.70,83.88,1,1,1.000000
1724168125847905900,61,262.89,264.46,268.67,146.41,1,1,1.000000
1724168125847905900,62,288.83,0.00,443.55,180.26,1,1,1.000000
1724168125923543100,59,975.72,526.35,304.01,91.50,1,1,1.000000
1724168125923543100,61,286.34,257.98,272.48,137.06,1,1,1.000000
1724168125923543100,62,371.42,0.10,379.29,168.05,1,1,1.000000
1724168125968772300,59,1032.25,536.82,248.28,87.21,1,1,1.000000
1724168125968772300,61,315.83,253.10,278.52,143.56,1,1,1.000000
1724168125968772300,62,402.89,0.00,393.17,156.53,1,1,1.000000
1724168126043763200,59,1085.42,554.59,194.82,83.45,1,1,1.000000
1724168126043763200,61,347.71,246.85,290.81,144.88,1,1,1.000000
1724168126043763200,62,453.07,0.00,391.53,143.89,1,1,1.000000
1724168126100902100,61,377.19,243.10,294.64,135.42,1,1,1.000000
1724168126100902100,62,506.76,0.00,366.36,129.01,1,1,1.000000
1724168126165505800,61,411.04,240.25,287.08,136.14,1,1,1.000000
1724168126165505800,62,557.57,0.00,365.19,127.38,1,1,1.000000
1724168126212603000,61,440.29,234.07,294.74,141.94,1,1,1.000000
1724168126212603000,62,614.57,0.00,358.10,116.19,1,1,1.000000
1724168126289811000,61,471.79,229.35,302.42,147.42,1,1,1.000000
1724168126289811000,62,665.37,0.00,329.28,113.38,1,1,1.000000
1724168126333063000,61,500.26,224.32,299.78,148.06,1,1,1.000000
1724168126333063000,62,717.05,0.00,321.73,109.56,1,1,1.000000
1724168126333063000,65,0.36,217.50,118.66,115.96,1,1,1.000000
1724168126409741700,61,535.03,221.58,298.14,143.02,1,1,1.000000
1724168126409741700,62,777.91,0.00,283.93,94.21,1,1,1.000000
1724168126409741700,65,0.32,219.64,157.07,107.63,1,1,1.000000
1724168126485839600,61,548.20,218.79,303.65,138.63,1,1,1.000000
1724168126485839600,62,821.83,0.00,274.46,88.30,1,1,1.000000
1724168126485839600,65,0.00,221.84,203.13,115.05,1,1,1.000000
1724168126531148200,61,562.13,216.54,301.65,137.27,1,1,1.000000
1724168126531148200,62,875.08,0.00,240.13,79.64,1,1,1.000000
1724168126531148200,65,0.55,202.29,218.40,133.90,1,1,1.000000
1724168126609153000,61,582.01,214.46,300.01,139.51,1,1,1.000000
1724168126609153000,62,910.34,0.00,196.18,70.56,1,1,1.000000
1724168126609153000,65,0.53,204.45,237.48,129.27,1,1,1.000000
1724168126609153000,69,1.25,593.98,180.18,86.90,1,1,1.000000
1724168126654485900,61,586.93,212.05,297.06,136.01,1,1,1.000000
1724168126654485900,62,949.69,0.06,168.04,68.54,1,1,1.000000
1724168126654485900,65,0.52,208.45,233.08,127.99,1,1,1.000000
1724168126654485900,69,0.98,608.35,165.97,108.43,1,1,1.000000
1724168126654485900,70,372.23,657.19,194.56,62.33,1,1,1.000000
1724168126732225000,61,576.45,207.75,295.72,134.08,1,1,1.000000
1724168126732225000,65,0.51,219.08,194.78,110.97,1,1,1.000000
1724168126732225000,69,0.00,626.61,152.98,90.01,1,1,1.000000
1724168126732225000,70,348.92,649.01,239.55,70.00,1,1,1.000000
1724168126759899900,61,559.81,201.14,289.50,133.00,1,1,1.000000
1724168126759899900,65,0.74,211.66,152.44,123.49,1,1,1.000000
1724168126759899900,70,321.77,643.27,256.44,75.75,1,1,1.000000
1724168126805417600,61,533.64,193.56,288.29,129.85,1,1,1.000000
1724168126805417600,65,0.00,222.72,100.01,108.13,1,1,1.000000
1724168126805417600,70,297.60,641.41,284.86,77.57,1,1,1.000000
1724168126882650800,61,513.55,193.49,284.71,124.66,1,1,1.000000
1724168126882650800,70,248.08,649.21,305.75,69.85,1,1,1.000000
1724168126975397100,61,479.83,190.23,281.37,130.67,1,1,1.000000
1724168126975397100,70,218.36,654.04,294.70,65.15,1,1,1.000000
1724168127049982000,61,460.65,193.07,275.59,131.33,1,1,1.000000
1724168127049982000,70,186.78,670.19,299.93,48.89,1,1,1.000000
1724168127049982000,75,918.69,634.14,199.84,85.36,1,1,1.000000
1724168127080788800,61,431.72,198.48,286.08,128.20,1,1,1.000000
1724168127080788800,70,165.54,680.22,272.99,39.40,1,1,1.000000
1724168127080788800,75,892.00,618.27,221.11,101.44,1,1,1.000000
1724168127128047500,61,420.16,202.97,278.85,128.91,1,1,1.000000
1724168127128047500,75,867.16,612.72,229.25,106.83,1,1,1.000000
1724168127128047500,77,0.79,0.00,361.93,45.12,1,1,1.000000
1724168127204262200,61,407.67,209.75,278.05,131.07,1,1,1.000000
1724168127204262200,75,848.37,610.11,257.03,109.00,1,1,1.000000
1724168127204262200,77,42.78,0.11,314.66,44.96,1,1,1.000000
1724168127246948100,61,402.61,215.77,283.97,121.43,1,1,1.000000
1724168127246948100,75,833.99,604.04,280.34,115.23,1,1,1.000000
1724168127246948100,77,59.02,0.00,332.65,49.04,1,1,1.000000
1724168127324216900,61,398.16,220.86,295.74,119.82,1,1,1.000000
1724168127324216900,75,815.98,599.91,313.98,119.78,1,1,1.000000
1724168127324216900,77,68.73,0.00,344.57,53.67,1,1,1.000000
1724168127403189100,61,398.03,222.02,300.44,119.46,1,1,1.000000
1724168127403189100,75,805.60,592.25,321.47,127.50,1,1,1.000000
1724168127403189100,77,97.67,0.00,345.69,53.15,1,1,1.000000
1724168127403189100,78,0.35,0.00,93.17,41.44,1,1,1.000000
1724168127403189100,79,1200.10,647.30,79.54,72.71,1,1,1.000000
1724168127448285600,61,397.67,219.83,307.48,114.16,1,1,1.000000
1724168127448285600,75,797.50,583.57,341.87,135.84,1,1,1.000000
1724168127448285600,77,139.39,0.00,340.98,51.74,1,1,1.000000
1724168127448285600,78,0.00,0.00,132.18,35.93,1,1,1.000000
1724168127448285600,79,1201.71,671.03,77.68,49.12,1,1,1.000000
1724168127523747700,61,406.01,214.24,311.09,112.20,1,1,1.000000
1724168127523747700,75,796.73,569.54,381.94,150.35,1,1,1.000000
1724168127523747700,77,194.53,0.00,322.75,47.54,1,1,1.000000
1724168127523747700,78,0.00,0.00,166.79,38.91,1,1,1.000000
1724168127570248900,61,419.64,209.33,314.57,111.74,1,1,1.000000
1724168127570248900,75,806.01,558.37,403.23,161.88,1,1,1.000000
1724168127570248900,77,245.41,0.00,317.41,39.83,1,1,1.000000
1724168127570248900,79,1228.65,664.11,51.43,55.38,1,1,1.000000
1724168127643150600,61,439.63,204.17,309.80,116.11,1,1,1.000000
1724168127643150600,75,809.72,546.34,425.52,173.66,1,1,1.000000
1724168127643150600,77,296.45,0.07,335.36,37.17,1,1,1.000000
1724168127722245100,61,462.16,198.39,306.31,122.41,1,1,1.000000
1724168127722245100,75,816.34,535.27,459.88,184.71,1,1,1.000000
1724168127722245100,77,385.73,0.27,288.45,32.05,1,1,1.000000
1724168127722245100,81,0.00,209.51,168.04,76.09,1,1,1.000000
1724168127767873300,61,486.60,193.44,303.16,127.21,1,1,1.000000
1724168127767873300,75,835.38,523.20,442.57,197.02,1,1,1.000000
1724168127767873300,81,0.00,189.61,216.66,88.50,1,1,1.000000
1724168127819054300,61,511.87,188.14,305.78,133.37,1,1,1.000000
1724168127819054300,75,855.30,511.54,424.16,208.31,1,1,1.000000
1724168127819054300,81,0.00,163.62,276.80,116.27,1,1,1.000000
1724168127889249400,61,535.02,181.73,302.01,135.09,1,1,1.000000
1724168127889249400,75,876.00,499.60,403.39,219.70,1,1,1.000000
1724168127889249400,81,0.16,152.26,328.00,113.37,1,1,1.000000
1724168127889249400,82,134.44,591.47,487.41,127.47,1,1,1.000000
1724168127918861300,61,563.25,177.50,301.56,129.90,1,1,1.000000
1724168127918861300,75,890.62,490.26,388.63,228.28,1,1,1.000000
1724168127918861300,81,0.63,146.03,384.50,108.10,1,1,1.000000
1724168127918861300,82,188.79,575.68,463.49,143.26,1,1,1.000000
1724168128010858200,61,587.60,170.82,304.54,127.53,1,1,1.000000
1724168128010858200,70,327.94,626.27,366.10,93.17,1,1,1.000000
1724168128010858200,75,899.68,476.27,378.74,231.40,1,1,1.000000
1724168128010858200,81,0.38,143.69,422.88,105.42,1,1,1.000000
1724168128010858200,82,160.05,548.49,529.81,169.70,1,1,1.000000
1724168128042157600,61,608.20,164.06,310.23,122.23,1,1,1.000000
1724168128042157600,75,909.30,461.72,370.14,215.26,1,1,1.000000
1724168128042157600,81,29.26,137.34,434.63,99.30,1,1,1.000000
1724168128042157600,82,175.74,528.18,556.81,190.86,1,1,1.000000
1724168128117906800,61,629.87,159.54,315.58,120.15,1,1,1.000000
1724168128117906800,75,919.61,451.01,360.82,200.40,1,1,1.000000
1724168128117906800,81,88.30,127.87,412.63,104.93,1,1,1.000000
1724168128117906800,82,144.69,519.81,652.13,199.62,1,1,1.000000
1724168128209816400,61,647.68,154.16,314.70,116.35,1,1,1.000000
1724168128209816400,70,353.60,586.88,460.67,132.48,1,1,1.000000
1724168128209816400,75,930.05,443.74,350.53,194.59,1,1,1.000000
1724168128209816400,81,159.95,132.35,380.37,96.09,1,1,1.000000
1724168128209816400,82,201.49,508.27,616.92,211.57,1,1,1.000000
1724168128209816400,85,0.19,90.73,94.98,89.54,1,1,1.000000
1724168128209816400,86,1.36,414.04,180.50,83.24,1,1,1.000000
1724168128209816400,87,5.57,463.84,158.22,248.40,1,1,1.000000
1724168128286262900,61,655.29,149.22,310.00,116.18,1,1,1.000000
1724168128286262900,70,376.37,581.09,445.43,138.17,1,1,1.000000
1724168128286262900,75,917.82,426.05,362.12,186.90,1,1,1.000000
1724168128286262900,81,206.44,133.76,352.62,97.67,1,1,1.000000
1724168128286262900,82,201.16,498.11,258.92,134.22,1,1,1.000000
1724168128286262900,85,0.34,90.41,106.87,98.10,1,1,1.000000
1724168128286262900,86,70.22,403.74,110.68,93.72,1,1,1.000000
1724168128286262900,87,2.35,407.83,133.95,300.96,1,1,1.000000
1724168128286262900,90,150.26,313.06,111.38,111.41,1,1,1.000000
1724168128286262900,92,468.37,649.36,143.83,69.98,1,1,1.000000
1724168128334793700,61,640.00,145.41,329.88,107.16,1,1,1.000000
1724168128334793700,70,361.91,572.94,448.21,146.99,1,1,1.000000
1724168128334793700,75,893.74,412.38,386.14,212.25,1,1,1.000000
1724168128334793700,81,235.66,126.00,332.24,109.70,1,1,1.000000
1724168128334793700,82,180.35,498.21,267.31,125.05,1,1,1.000000
1724168128334793700,85,0.48,97.14,101.99,91.13,1,1,1.000000
1724168128334793700,86,0.49,404.19,159.48,100.16,1,1,1.000000
1724168128334793700,87,0.98,410.43,155.80,263.32,1,1,1.000000
1724168128334793700,90,138.42,308.75,118.32,104.42,1,1,1.000000
1724168128334793700,92,455.97,643.70,147.50,75.18,1,1,1.000000
1724168128334793700,94,147.10,595.38,109.65,90.80,1,1,1.000000
1724168128408141200,61,634.72,138.75,303.91,101.57,1,1,1.000000
1724168128408141200,70,366.42,566.00,421.18,152.77,1,1,1.000000
1724168128408141200,75,889.27,400.74,390.01,208.48,1,1,1.000000
1724168128408141200,81,250.52,132.13,337.65,97.45,1,1,1.000000
1724168128408141200,82,181.01,489.63,271.71,132.49,1,1,1.000000
1724168128408141200,85,0.17,105.43,95.36,84.17,1,1,1.000000
1724168128408141200,86,47.79,401.03,112.67,98.48,1,1,1.000000
1724168128408141200,87,2.28,403.03,166.40,277.65,1,1,1.000000
1724168128408141200,90,146.23,310.49,126.28,122.78,1,1,1.000000
1724168128408141200,92,492.73,656.38,165.35,63.15,1,1,1.000000
1724168128408141200,94,163.15,594.26,107.97,83.05,1,1,1.000000
1724168128408141200,99,250.75,691.58,119.41,28.35,1,1,1.000000
1724168128453258800,61,635.11,134.77,302.13,98.94,1,1,1.000000
1724168128453258800,70,378.45,557.78,398.50,160.77,1,1,1.000000
1724168128453258800,75,881.70,389.25,397.35,208.84,1,1,1.000000
1724168128453258800,81,265.40,132.82,345.06,89.08,1,1,1.000000
1724168128453258800,82,181.01,485.52,279.18,135.39,1,1,1.000000
1724168128453258800,85,0.35,111.08,98.30,88.68,1,1,1.000000
1724168128453258800,86,61.44,402.24,101.69,93.12,1,1,1.000000
1724168128453258800,87,36.00,485.41,124.61,159.48,1,1,1.000000
1724168128453258800,90,148.53,304.52,131.07,108.25,1,1,1.000000
1724168128453258800,92,505.41,650.20,162.97,69.14,1,1,1.000000
1724168128453258800,94,183.61,595.31,108.63,86.78,1,1,1.000000
1724168128453258800,99,260.56,692.75,138.36,27.13,1,1,1.000000
1724168128453258800,103,0.16,394.58,71.15,95.28,1,1,1.000000
1724168128533865600,61,635.10,133.43,299.42,92.66,1,1,1.000000
1724168128533865600,70,398.02,549.09,366.76,168.80,1,1,1.000000
1724168128533865600,75,870.75,375.34,407.92,207.63,1,1,1.000000
1724168128533865600,81,280.99,134.32,348.94,88.18,1,1,1.000000
1724168128533865600,82,175.45,482.32,292.17,146.23,1,1,1.000000
1724168128533865600,85,0.24,121.30,102.09,90.77,1,1,1.000000
1724168128533865600,87,41.51,400.84,165.24,292.67,1,1,1.000000
1724168128533865600,90,104.39,291.99,183.48,118.90,1,1,1.000000
1724168128533865600,92,510.12,644.05,165.40,75.35,1,1,1.000000
1724168128533865600,99,268.45,698.35,140.81,21.88,1,1,1.000000
1724168128533865600,103,0.04,394.57,65.89,99.95,1,1,1.000000
1724168128533865600,104,934.90,670.08,151.21,50.05,1,1,1.000000
1724168128560924100,61,626.65,133.40,294.10,87.67,1,1,1.000000
1724168128560924100,70,396.92,548.40,336.12,170.97,1,1,1.000000
1724168128560924100,75,844.43,370.26,434.09,197.08,1,1,1.000000
1724168128560924100,81,287.38,132.31,349.54,93.91,1,1,1.000000
1724168128560924100,82,153.44,492.42,306.56,133.76,1,1,1.000000
1724168128560924100,85,0.13,132.96,88.48,77.30,1,1,1.000000
1724168128560924100,87,1.55,588.63,200.01,129.84,1,1,1.000000
1724168128560924100,92,491.62,650.39,173.20,68.99,1,1,1.000000
1724168128560924100,94,167.57,593.10,124.17,121.61,1,1,1.000000
1724168128560924100,104,909.98,646.96,158.59,72.82,1,1,1.000000
1724168128560924100,108,96.90,587.85,107.62,127.80,1,1,1.000000
1724168128652177200,61,602.60,135.54,283.49,88.45,1,1,1.000000
1724168128652177200,70,387.17,552.56,327.42,167.35,1,1,1.000000
1724168128652177200,75,804.09,361.59,474.14,201.49,1,1,1.000000
1724168128652177200,81,281.46,132.94,343.36,98.14,1,1,1.000000
1724168128652177200,82,103.09,496.93,340.41,155.95,1,1,1.000000
1724168128652177200,87,1.94,413.06,125.23,238.39,1,1,1.000000
1724168128652177200,90,95.14,324.09,182.57,155.27,1,1,1.000000
1724168128652177200,92,472.77,658.07,171.02,61.63,1,1,1.000000
1724168128652177200,104,881.52,632.22,192.57,87.60,1,1,1.000000
1724168128681943300,61,576.90,141.66,274.05,80.48,1,1,1.000000
1724168128681943300,70,367.86,561.75,322.55,157.99,1,1,1.000000
1724168128681943300,75,768.93,357.21,507.73,213.56,1,1,1.000000
1724168128681943300,81,265.00,135.98,359.79,103.10,1,1,1.000000
1724168128681943300,82,51.59,512.66,344.12,145.53,1,1,1.000000
1724168128681943300,92,459.67,660.31,159.97,59.59,1,1,1.000000
1724168128681943300,104,854.57,622.07,206.64,97.65,1,1,1.000000
1724168128681943300,108,0.49,579.64,154.73,139.31,1,1,1.000000
1724168128729022800,61,549.08,147.01,270.23,84.98,1,1,1.000000
1724168128729022800,70,356.37,569.53,300.69,150.38,1,1,1.000000
1724168128729022800,75,726.34,352.69,402.35,120.78,1,1,1.000000
1724168128729022800,81,250.12,142.45,359.83,102.83,1,1,1.000000
1724168128729022800,82,26.50,527.70,347.30,112.25,1,1,1.000000
1724168128729022800,92,450.13,665.07,131.99,55.08,1,1,1.000000
1724168128729022800,104,814.13,616.10,221.31,103.52,1,1,1.000000
1724168128805269700,61,528.54,154.23,245.58,81.42,1,1,1.000000
1724168128805269700,70,342.67,571.67,269.29,147.86,1,1,1.000000
1724168128805269700,75,684.81,351.36,395.64,128.46,1,1,1.000000
1724168128805269700,81,235.77,151.32,357.16,97.18,1,1,1.000000
1724168128805269700,82,12.44,540.97,320.01,102.87,1,1,1.000000
1724168128805269700,104,792.59,609.51,220.40,110.27,1,1,1.000000
1724168128805269700,115,988.53,444.23,292.08,178.43,1,1,1.000000
1724168128850941900,61,495.27,160.93,249.98,77.92,1,1,1.000000
1724168128850941900,70,306.34,565.62,269.94,153.84,1,1,1.000000
1724168128850941900,75,645.38,348.63,382.35,115.38,1,1,1.000000
1724168128850941900,81,216.96,156.74,370.27,99.47,1,1,1.000000
1724168128850941900,104,750.43,600.61,243.43,119.06,1,1,1.000000
1724168128850941900,115,942.15,436.95,337.60,204.67,1,1,1.000000
1724168128850941900,117,1116.28,415.76,163.31,139.31,1,1,1.000000
1724168128926058300,70,296.21,564.17,224.88,155.86,1,1,1.000000
1724168128926058300,75,600.22,348.41,374.99,107.37,1,1,1.000000
1724168128926058300,81,203.71,161.03,492.62,106.45,1,1,1.000000
1724168128926058300,104,715.13,593.73,240.21,126.31,1,1,1.000000
1724168128926058300,115,882.11,425.61,395.32,219.97,1,1,1.000000
1724168128926058300,117,1065.89,403.71,212.85,145.10,1,1,1.000000
1724168128973734400,70,284.52,557.56,206.21,162.56,1,1,1.000000
1724168128973734400,75,567.85,346.85,372.64,117.84,1,1,1.000000
1724168128973734400,81,199.05,162.94,462.58,101.00,1,1,1.000000
1724168128973734400,104,688.20,586.95,257.24,133.05,1,1,1.000000
1724168128973734400,115,860.33,415.60,393.85,224.09,1,1,1.000000
1724168128973734400,117,1035.30,394.38,244.77,183.49,1,1,1.000000
1724168129048304000,70,259.75,554.24,202.23,165.81,1,1,1.000000
1724168129048304000,75,538.93,345.95,362.75,98.13,1,1,1.000000
1724168129048304000,81,202.95,162.38,439.26,99.37,1,1,1.000000
1724168129048304000,104,661.30,581.98,259.71,137.58,1,1,1.000000
1724168129048304000,115,833.70,416.97,418.07,242.99,1,1,1.000000
1724168129048304000,117,1005.59,388.14,273.89,197.44,1,1,1.000000
1724168129048304000,119,845.35,0.00,343.00,40.87,1,1,1.000000
1724168129048304000,120,0.16,617.95,102.96,93.97,1,1,1.000000
1724168129126014500,70,267.00,559.09,156.41,160.92,1,1,1.000000
1724168129126014500,75,504.58,342.55,361.08,96.37,1,1,1.000000
1724168129126014500,81,199.57,159.74,419.02,95.97,1,1,1.000000
1724168129126014500,104,644.04,571.98,298.91,148.01,1,1,1.000000
1724168129126014500,115,797.32,410.37,413.65,230.02,1,1,1.000000
1724168129126014500,117,976.04,382.94,248.80,166.56,1,1,1.000000
1724168129126014500,119,849.47,0.14,340.01,41.99,1,1,1.000000
1724168129172889800,70,248.23,556.25,157.08,163.55,1,1,1.000000
1724168129172889800,75,474.84,338.77,354.60,94.07,1,1,1.000000
1724168129172889800,81,198.53,154.10,398.92,96.77,1,1,1.000000
1724168129172889800,104,618.45,571.02,299.71,148.68,1,1,1.000000
1724168129172889800,115,757.23,392.89,417.17,223.99,1,1,1.000000
1724168129172889800,117,946.25,373.49,241.80,176.20,1,1,1.000000
1724168129172889800,119,852.17,0.07,350.40,42.38,1,1,1.000000
1724168129172889800,121,331.21,681.33,94.16,38.90,1,1,1.000000
1724168129172889800,123,244.89,680.39,183.08,39.64,1,1,1.000000
1724168129253754500,70,246.91,588.58,100.34,131.24,1,1,1.000000
1724168129253754500,75,442.47,336.98,355.74,89.12,1,1,1.000000
1724168129253754500,81,202.60,146.90,369.69,97.63,1,1,1.000000
1724168129253754500,104,595.73,563.65,323.05,156.23,1,1,1.000000
1724168129253754500,115,728.78,389.93,406.79,217.48,1,1,1.000000
1724168129253754500,117,921.07,367.34,231.29,182.70,1,1,1.000000
1724168129253754500,119,855.70,0.13,356.54,41.67,1,1,1.000000
1724168129326909500,70,274.83,599.60,60.20,120.59,1,1,1.000000
1724168129326909500,75,418.06,331.51,346.78,88.14,1,1,1.000000
1724168129326909500,81,215.46,139.85,360.58,101.99,1,1,1.000000
1724168129326909500,104,572.20,558.53,309.09,161.19,1,1,1.000000
1724168129326909500,115,708.36,385.88,395.03,197.90,1,1,1.000000
1724168129326909500,117,899.95,364.96,208.28,151.41,1,1,1.000000
1724168129326909500,119,869.89,0.05,387.28,41.74,1,1,1.000000
1724168129326909500,125,0.00,655.02,126.08,64.38,1,1,1.000000
1724168129372388400,70,251.30,600.69,75.38,120.13,1,1,1.000000
1724168129372388400,75,383.99,329.22,357.71,87.38,1,1,1.000000
1724168129372388400,81,215.98,135.74,362.91,95.44,1,1,1.000000
1724168129372388400,104,552.20,556.72,318.76,162.69,1,1,1.000000
1724168129372388400,115,717.92,397.50,355.76,167.38,1,1,1.000000
1724168129372388400,117,869.02,359.26,215.35,153.50,1,1,1.000000
1724168129372388400,119,869.79,0.00,396.45,40.31,1,1,1.000000
1724168129372388400,125,0.00,649.61,163.56,69.52,1,1,1.000000
1724168129372388400,128,1016.92,659.00,124.68,60.73,1,1,1.000000
1724168129372388400,129,881.68,655.17,86.26,65.07,1,1,1.000000
1724168129372388400,130,245.37,600.22,161.43,120.01,1,1,1.000000
1724168129449514700,70,260.07,609.20,62.97,111.31,1,1,1.000000
1724168129449514700,75,358.47,325.74,357.40,88.41,1,1,1.000000
1724168129449514700,81,212.44,134.06,380.81,98.53,1,1,1.000000
1724168129449514700,104,532.63,554.92,340.14,164.18,1,1,1.000000
1724168129449514700,115,703.65,398.88,357.33,167.16,1,1,1.000000
1724168129449514700,117,865.24,357.19,197.47,154.15,1,1,1.000000
1724168129449514700,119,873.99,0.01,401.17,40.52,1,1,1.000000
1724168129449514700,125,0.39,641.99,201.70,77.15,1,1,1.000000
1724168129449514700,128,966.20,647.41,164.15,72.35,1,1,1.000000
1724168129449514700,129,863.52,646.64,102.18,73.50,1,1,1.000000
1724168129527602500,70,272.40,615.69,59.03,104.27,1,1,1.000000
1724168129527602500,75,325.16,323.59,360.30,88.21,1,1,1.000000
1724168129527602500,81,214.77,131.22,391.65,103.75,1,1,1.000000
1724168129527602500,104,509.82,553.33,318.43,146.35,1,1,1.000000
1724168129527602500,115,696.13,404.01,334.20,156.12,1,1,1.000000
1724168129527602500,117,840.51,352.63,202.51,149.68,1,1,1.000000
1724168129527602500,119,885.86,0.07,390.03,44.12,1,1,1.000000
1724168129527602500,125,0.40,626.86,281.75,91.86,1,1,1.000000
1724168129527602500,128,958.33,640.37,165.54,79.47,1,1,1.000000
1724168129527602500,129,850.98,641.83,100.63,78.19,1,1,1.000000
1724168129527602500,134,694.42,402.47,224.26,76.71,1,1,1.000000
1724168129527602500,135,838.83,411.24,196.52,147.74,1,1,1.000000
1724168129571061300,61,192.10,127.53,162.29,90.18,1,1,1.000000
1724168129571061300,70,287.59,623.63,50.27,96.11,1,1,1.000000
1724168129571061300,75,292.44,322.87,370.96,87.55,1,1,1.000000
1724168129571061300,81,205.61,128.05,404.61,105.89,1,1,1.000000
1724168129571061300,104,487.20,551.72,299.69,120.15,1,1,1.000000
1724168129571061300,115,683.39,405.87,324.49,156.25,1,1,1.000000
1724168129571061300,117,816.24,350.95,201.35,135.85,1,1,1.000000
1724168129571061300,119,899.46,0.00,378.06,47.27,1,1,1.000000
1724168129571061300,125,1.20,626.92,320.42,92.12,1,1,1.000000
1724168129571061300,128,946.77,627.86,154.89,92.03,1,1,1.000000
1724168129571061300,129,833.28,631.64,103.81,88.35,1,1,1.000000
1724168129571061300,134,681.71,403.72,214.96,83.47,1,1,1.000000
1724168129571061300,135,814.93,406.57,195.68,152.54,1,1,1.000000
1724168129571061300,136,1151.29,288.42,128.56,89.35,1,1,1.000000
1724168129571061300,137,718.47,658.18,158.07,61.71,1,1,1.000000
1724168129647085700,61,160.63,124.22,191.80,84.53,1,1,1.000000
1724168129647085700,75,264.07,321.76,383.24,90.15,1,1,1.000000
1724168129647085700,81,166.21,123.46,456.83,116.41,1,1,1.000000
1724168129647085700,104,469.91,549.04,302.16,117.82,1,1,1.000000
1724168129647085700,117,813.72,348.25,190.34,133.58,1,1,1.000000
1724168129647085700,119,903.34,0.06,373.62,48.11,1,1,1.000000
1724168129647085700,125,0.62,627.49,335.90,91.77,1,1,1.000000
1724168129647085700,128,944.50,618.81,141.87,101.10,1,1,1.000000
1724168129647085700,129,824.31,629.72,117.69,89.91,1,1,1.000000
1724168129647085700,134,665.87,402.51,214.54,90.36,1,1,1.000000
1724168129647085700,135,806.13,397.05,188.68,157.31,1,1,1.000000
1724168129647085700,136,1121.55,281.15,157.79,101.07,1,1,1.000000
1724168129647085700,137,705.15,661.09,155.49,58.49,1,1,1.000000
1724168129693527500,61,142.15,119.53,223.37,88.94,1,1,1.000000
1724168129693527500,75,228.64,322.03,402.27,92.88,1,1,1.000000
1724168129693527500,81,147.81,120.53,484.83,122.02,1,1,1.000000
1724168129693527500,104,451.35,549.69,304.43,112.15,1,1,1.000000
1724168129693527500,117,798.61,344.66,193.46,130.17,1,1,1.000000
1724168129693527500,119,912.45,0.05,366.61,53.32,1,1,1.000000
1724168129693527500,125,0.36,622.36,400.32,96.53,1,1,1.000000
1724168129693527500,128,941.66,608.67,134.25,111.23,1,1,1.000000
1724168129693527500,129,812.29,619.74,116.47,99.61,1,1,1.000000
1724168129693527500,134,650.09,401.55,216.20,91.65,1,1,1.000000
1724168129693527500,135,798.75,393.29,166.51,144.76,1,1,1.000000
1724168129693527500,136,1090.21,277.29,189.83,107.73,1,1,1.000000
1724168129693527500,137,692.66,660.53,159.81,58.86,1,1,1.000000
1724168129693527500,139,1219.97,97.37,59.93,67.22,1,1,1.000000
1724168129693527500,140,1157.82,546.28,122.33,171.32,1,1,1.000000
1724168129725009800,75,201.10,321.67,413.95,95.55,1,1,1.000000
1724168129725009800,81,121.30,117.64,520.14,124.82,1,1,1.000000
1724168129725009800,104,443.53,550.43,295.30,102.58,1,1,1.000000
1724168129725009800,117,784.31,339.84,198.12,158.00,1,1,1.000000
1724168129725009800,119,920.51,0.00,358.66,49.88,1,1,1.000000
1724168129725009800,125,1.23,606.93,444.03,111.94,1,1,1.000000
1724168129725009800,128,924.14,605.99,142.58,113.68,1,1,1.000000
1724168129725009800,129,807.09,613.07,100.99,106.20,1,1,1.000000
1724168129725009800,134,639.13,401.25,218.51,95.68,1,1,1.000000
1724168129725009800,135,780.30,387.68,177.41,144.60,1,1,1.000000
1724168129725009800,136,1075.14,267.53,202.63,117.15,1,1,1.000000
1724168129725009800,137,678.53,656.96,167.44,62.53,1,1,1.000000
1724168129725009800,139,1202.50,96.17,77.19,71.61,1,1,1.000000
1724168129800886300,61,91.01,115.23,259.54,94.32,1,1,1.000000
1724168129800886300,75,161.31,320.64,433.18,101.86,1,1,1.000000
1724168129800886300,81,320.58,131.38,345.45,95.43,1,1,1.000000
1724168129800886300,104,429.96,551.68,300.92,103.49,1,1,1.000000
1724168129800886300,117,768.45,333.82,202.95,166.44,1,1,1.000000
1724168129800886300,119,935.75,0.00,343.50,51.63,1,1,1.000000
1724168129800886300,125,0.00,595.69,499.88,123.19,1,1,1.000000
1724168129800886300,128,908.31,597.92,155.41,121.50,1,1,1.000000
1724168129800886300,129,791.33,602.72,121.93,116.74,1,1,1.000000
1724168129800886300,134,624.77,399.00,225.57,92.02,1,1,1.000000
1724168129800886300,135,767.58,386.19,182.08,133.32,1,1,1.000000
1724168129800886300,136,1046.26,257.63,212.85,118.89,1,1,1.000000
1724168129800886300,137,657.57,651.90,187.62,67.06,1,1,1.000000
1724168129800886300,139,1181.00,90.28,99.09,76.45,1,1,1.000000
1724168129848247900,61,46.88,115.44,284.31,96.29,1,1,1.000000
1724168129848247900,75,104.43,320.68,465.86,108.51,1,1,1.000000
1724168129848247900,81,301.30,130.13,364.54,98.22,1,1,1.000000
1724168129848247900,104,397.82,553.25,315.82,92.68,1,1,1.000000
1724168129848247900,117,747.42,329.05,196.71,126.28,1,1,1.000000
1724168129848247900,119,938.19,0.02,339.99,39.76,1,1,1.000000
1724168129848247900,125,0.08,606.77,551.77,112.49,1,1,1.000000
1724168129848247900,128,888.92,586.79,157.61,132.58,1,1,1.000000
1724168129848247900,129,780.11,595.78,120.16,123.78,1,1,1.000000
1724168129848247900,134,602.22,395.54,219.56,91.90,1,1,1.000000
1724168129848247900,135,746.09,381.17,185.22,135.25,1,1,1.000000
1724168129848247900,136,1013.66,251.05,199.66,100.15,1,1,1.000000
1724168129848247900,137,640.73,644.45,197.88,75.14,1,1,1.000000
1724168129848247900,139,1141.87,65.64,137.97,99.96,1,1,1.000000
1724168129934290900,61,11.47,106.55,343.98,123.92,1,1,1.000000
1724168129934290900,75,58.16,319.74,496.11,114.90,1,1,1.000000
1724168129934290900,81,308.25,128.77,370.64,93.64,1,1,1.000000
1724168129934290900,104,378.63,553.58,335.47,91.67,1,1,1.000000
1724168129934290900,117,733.06,323.35,195.90,116.02,1,1,1.000000
1724168129934290900,119,940.87,0.00,335.46,44.90,1,1,1.000000
1724168129934290900,125,2.61,612.35,645.09,107.12,1,1,1.000000
1724168129934290900,128,884.12,573.79,175.98,146.02,1,1,1.000000
1724168129934290900,129,773.31,591.96,134.70,127.45,1,1,1.000000
1724168129934290900,134,589.12,394.93,217.92,82.88,1,1,1.000000
1724168129934290900,135,731.33,374.58,181.70,134.52,1,1,1.000000
1724168129934290900,136,991.57,237.19,203.04,107.67,1,1,1.000000
1724168129934290900,137,634.01,642.09,201.41,77.04,1,1,1.000000
1724168129934290900,139,1121.24,61.12,158.46,104.21,1,1,1.000000
1724168129934290900,140,1111.44,536.52,66.28,109.69,1,1,1.000000
1724168129970521300,61,1.30,105.25,351.68,132.16,1,1,1.000000
1724168129970521300,75,36.37,317.55,506.15,124.91,1,1,1.000000
1724168129970521300,81,319.57,128.79,383.74,86.49,1,1,1.000000
1724168129970521300,104,363.65,551.27,333.61,77.07,1,1,1.000000
1724168129970521300,117,730.62,318.90,193.53,112.59,1,1,1.000000
1724168129970521300,119,954.37,0.00,322.09,45.32,1,1,1.000000
1724168129970521300,125,84.52,604.53,766.93,114.58,1,1,1.000000
1724168129970521300,128,883.32,565.74,185.01,154.07,1,1,1.000000
1724168129970521300,129,771.75,589.26,138.69,129.88,1,1,1.000000
1724168129970521300,134,582.54,391.43,223.73,76.92,1,1,1.000000
1724168129970521300,135,729.84,370.09,198.85,140.21,1,1,1.000000
1724168129970521300,136,979.85,229.55,220.21,108.77,1,1,1.000000
1724168129970521300,139,1102.22,63.02,176.89,94.95,1,1,1.000000
1724168129970521300,140,1109.64,535.69,60.11,109.63,1,1,1.000000
1724168129970521300,145,1195.29,367.72,84.80,57.79,1,1,1.000000
1724168129970521300,146,1210.25,168.46,69.11,58.98,1,1,1.000000
1724168129970521300,147,1218.27,472.38,61.38,103.58,1,1,1.000000
1724168130046718700,61,0.68,99.57,347.58,133.36,1,1,1.000000
1724168130046718700,75,6.09,309.87,519.37,132.14,1,1,1.000000
1724168130046718700,81,339.48,124.43,379.88,92.09,1,1,1.000000
1724168130046718700,104,357.49,545.86,335.04,69.45,1,1,1.000000
1724168130046718700,117,727.01,312.26,192.17,108.05,1,1,1.000000
1724168130046718700,119,980.70,0.00,290.26,40.48,1,1,1.000000
1724168130046718700,125,218.20,585.21,618.65,133.80,1,1,1.000000
1724168130046718700,128,881.05,556.66,187.81,161.99,1,1,1.000000
1724168130046718700,129,772.69,584.22,142.61,134.67,1,1,1.000000
1724168130046718700,134,578.09,389.69,215.45,74.17,1,1,1.000000
1724168130046718700,135,726.37,365.17,176.59,122.11,1,1,1.000000
1724168130046718700,136,959.59,214.80,255.50,132.01,1,1,1.000000
1724168130046718700,139,1091.20,72.31,187.68,86.57,1,1,1.000000
1724168130046718700,140,1110.44,537.53,56.29,108.89,1,1,1.000000
1724168130046718700,145,1172.94,359.75,106.52,65.70,1,1,1.000000
1724168130046718700,146,1214.12,166.96,65.31,60.19,1,1,1.000000
1724168130046718700,147,1218.09,464.52,61.14,105.70,1,1,1.000000
1724168130127669100,61,0.19,92.61,354.91,133.94,1,1,1.000000
1724168130127669100,75,0.80,301.91,511.56,137.75,1,1,1.000000
1724168130127669100,81,371.12,116.74,379.27,96.97,1,1,1.000000
1724168130127669100,104,353.06,540.19,336.25,74.45,1,1,1.000000
1724168130127669100,117,724.76,304.52,198.76,106.24,1,1,1.000000
1724168130127669100,119,1010.26,0.00,261.89,40.23,1,1,1.000000
1724168130127669100,125,286.04,569.72,606.68,148.93,1,1,1.000000
1724168130127669100,128,881.67,544.24,196.99,173.90,1,1,1.000000
1724168130127669100,129,776.43,575.44,133.05,140.61,1,1,1.000000
1724168130127669100,134,575.67,385.37,218.02,68.95,1,1,1.000000
1724168130127669100,135,723.40,356.13,167.09,114.57,1,1,1.000000
1724168130127669100,136,945.09,183.63,242.82,154.25,1,1,1.000000
1724168130127669100,139,1083.88,58.91,193.71,93.41,1,1,1.000000
1724168130127669100,140,1123.76,524.06,52.26,118.58,1,1,1.000000
1724168130127669100,145,1164.11,354.29,115.56,69.68,1,1,1.000000
1724168130127669100,146,1211.61,164.08,67.86,61.20,1,1,1.000000
1724168130127669100,147,1223.94,457.60,56.14,99.24,1,1,1.000000
1724168130168107100,61,0.00,83.84,357.19,130.46,1,1,1.000000
1724168130168107100,75,0.09,294.50,499.54,136.29,1,1,1.000000
1724168130168107100,81,413.69,105.79,362.34,116.42,1,1,1.000000
1724168130168107100,104,352.96,534.29,338.56,77.19,1,1,1.000000
1724168130168107100,117,727.01,296.58,197.61,104.46,1,1,1.000000
1724168130168107100,125,307.71,564.32,684.11,154.44,1,1,1.000000
1724168130168107100,128,884.36,529.94,203.56,178.01,1,1,1.000000
1724168130168107100,134,576.37,377.06,218.74,71.88,1,1,1.000000
1724168130168107100,135,723.00,348.48,163.02,101.10,1,1,1.000000
1724168130168107100,136,936.77,156.73,247.11,162.95,1,1,1.000000
1724168130168107100,139,1086.74,16.11,192.16,128.22,1,1,1.000000
1724168130168107100,140,1131.13,520.50,48.74,121.63,1,1,1.000000
1724168130168107100,145,1153.88,350.72,125.33,68.50,1,1,1.000000
1724168130168107100,146,1216.93,158.70,62.90,64.10,1,1,1.000000
1724168130168107100,147,1229.36,445.52,51.01,107.34,1,1,1.000000
1724168130245263200,61,0.00,75.45,359.38,128.48,1,1,1.000000
1724168130245263200,75,0.33,289.06,485.91,139.06,1,1,1.000000
1724168130245263200,81,441.56,93.75,361.68,98.33,1,1,1.000000
1724168130245263200,104,354.68,524.64,343.39,86.00,1,1,1.000000
1724168130245263200,117,733.97,288.75,196.76,105.30,1,1,1.000000
1724168130245263200,125,443.71,563.61,637.82,154.52,1,1,1.000000
1724168130245263200,128,886.03,516.67,225.07,105.15,1,1,1.000000
1724168130245263200,134,577.12,368.79,220.10,71.91,1,1,1.000000
1724168130245263200,135,726.90,342.41,165.68,98.72,1,1,1.000000
1724168130245263200,136,935.37,143.82,249.82,163.52,1,1,1.000000
1724168130245263200,139,1091.01,22.35,189.06,117.02,1,1,1.000000
1724168130245263200,140,1142.91,534.94,42.68,109.22,1,1,1.000000
1724168130245263200,145,1146.06,341.36,133.48,73.49,1,1,1.000000
1724168130245263200,146,1223.01,152.54,56.99,55.63,1,1,1.000000
1724168130291022300,61,0.76,66.15,361.81,128.68,1,1,1.000000
1724168130291022300,75,0.50,279.06,473.92,150.30,1,1,1.000000
1724168130291022300,81,474.59,87.94,356.23,96.02,1,1,1.000000
1724168130291022300,104,363.89,517.63,382.22,94.45,1,1,1.000000
1724168130291022300,117,739.31,282.52,200.89,102.67,1,1,1.000000
1724168130291022300,125,532.20,549.69,596.24,167.18,1,1,1.000000
1724168130291022300,128,967.79,508.07,183.36,88.73,1,1,1.000000
1724168130291022300,134,583.22,362.92,220.57,71.59,1,1,1.000000
1724168130291022300,135,734.95,334.30,172.04,108.73,1,1,1.000000
1724168130291022300,136,965.45,153.79,248.72,136.87,1,1,1.000000
1724168130291022300,139,1093.92,23.74,186.13,110.21,1,1,1.000000
1724168130291022300,145,1142.34,338.79,136.74,77.33,1,1,1.000000
1724168130291022300,146,1227.61,153.35,52.52,62.32,1,1,1.000000
1724168130374090100,61,1.20,53.93,361.45,133.89,1,1,1.000000
1724168130374090100,75,1.06,269.90,462.42,179.50,1,1,1.000000
1724168130374090100,81,511.61,79.83,348.38,99.77,1,1,1.000000
1724168130374090100,104,367.63,511.05,392.13,98.20,1,1,1.000000
1724168130374090100,117,738.03,272.58,199.43,99.92,1,1,1.000000
1724168130374090100,125,601.13,548.93,663.36,167.19,1,1,1.000000
1724168130374090100,128,1003.48,496.27,188.16,81.56,1,1,1.000000
1724168130374090100,134,580.24,356.89,222.95,69.44,1,1,1.000000
1724168130374090100,135,730.94,324.84,175.92,105.46,1,1,1.000000
1724168130374090100,136,938.96,124.26,292.47,163.28,1,1,1.000000
1724168130374090100,139,1105.58,14.92,174.50,112.60,1,1,1.000000
1724168130374090100,145,1128.43,333.92,150.81,78.34,1,1,1.000000
1724168130374090100,146,1230.90,146.31,49.07,59.54,1,1,1.000000
1724168130374090100,152,0.78,0.96,160.87,72.26,1,1,1.000000
1724168130445350700,61,1.42,65.53,370.93,115.30,1,1,1.000000
1724168130445350700,75,2.10,263.38,468.26,159.70,1,1,1.000000
1724168130445350700,81,571.73,71.71,353.69,99.77,1,1,1.000000
1724168130445350700,104,383.08,504.50,322.65,110.21,1,1,1.000000
1724168130445350700,117,755.65,266.18,204.62,103.09,1,1,1.000000
1724168130445350700,125,604.51,536.57,675.70,179.57,1,1,1.000000
1724168130445350700,128,973.18,495.09,272.76,84.60,1,1,1.000000
1724168130445350700,134,592.18,349.82,226.73,73.92,1,1,1.000000
1724168130445350700,135,745.12,317.21,178.04,107.02,1,1,1.000000
1724168130445350700,136,945.22,108.03,325.34,189.43,1,1,1.000000
1724168130445350700,139,1124.17,3.81,155.60,114.62,1,1,1.000000
1724168130445350700,145,1134.31,326.68,145.02,84.75,1,1,1.000000
1724168130445350700,152,0.00,0.30,233.50,75.54,1,1,1.000000
1724168130445350700,157,0.35,398.37,323.91,173.20,1,1,1.000000
1724168130489401500,61,2.38,63.23,380.74,111.87,1,1,1.000000
1724168130489401500,75,19.09,258.18,468.47,164.26,1,1,1.000000
1724168130489401500,81,612.79,63.83,361.84,96.55,1,1,1.000000
1724168130489401500,104,408.11,495.69,323.78,124.85,1,1,1.000000
1724168130489401500,117,772.73,260.57,212.91,106.58,1,1,1.000000
1724168130489401500,125,612.70,530.97,665.25,184.90,1,1,1.000000
1724168130489401500,128,1056.56,487.52,223.06,105.37,1,1,1.000000
1724168130489401500,129,837.25,531.11,139.64,84.89,1,1,1.000000
1724168130489401500,134,604.50,343.31,236.00,78.06,1,1,1.000000
1724168130489401500,135,766.55,313.28,178.20,99.00,1,1,1.000000
1724168130489401500,136,972.35,93.31,307.76,198.79,1,1,1.000000
1724168130489401500,139,1134.52,0.76,145.02,98.71,1,1,1.000000
1724168130489401500,145,1147.71,320.33,131.63,82.29,1,1,1.000000
1724168130489401500,152,1.14,0.00,265.10,56.11,1,1,1.000000
1724168130489401500,157,0.57,371.41,450.36,222.93,1,1,1.000000
1724168130565211200,61,0.00,1.15,399.79,170.25,1,1,1.000000
1724168130565211200,75,50.38,275.77,440.31,136.99,1,1,1.000000
1724168130565211200,81,656.08,57.16,365.61,99.62,1,1,1.000000
1724168130565211200,104,422.65,497.43,319.63,133.87,1,1,1.000000
1724168130565211200,117,781.46,253.78,219.04,107.98,1,1,1.000000
1724168130565211200,125,898.95,587.62,380.75,129.15,1,1,1.000000
1724168130565211200,128,1067.64,479.48,212.08,109.89,1,1,1.000000
1724168130565211200,129,845.56,525.75,133.45,81.29,1,1,1.000000
1724168130565211200,134,612.62,339.35,236.77,79.73,1,1,1.000000
1724168130565211200,135,776.21,306.47,182.71,96.73,1,1,1.000000
1724168130565211200,136,993.16,78.22,287.90,207.52,1,1,1.000000
1724168130565211200,137,614.61,518.70,312.49,182.42,1,1,1.000000
1724168130565211200,139,1151.26,0.20,128.75,70.90,1,1,1.000000
1724168130565211200,145,1158.58,313.19,121.03,87.42,1,1,1.000000
1724168130565211200,157,0.00,406.27,622.69,171.12,1,1,1.000000
1724168130565211200,162,1.29,137.61,319.10,169.38,1,1,1.000000
1724168130565211200,163,951.62,513.60,133.71,90.61,1,1,1.000000
1724168130613967400,61,2.36,0.81,494.89,164.51,1,1,1.000000
1724168130613967400,75,27.20,294.67,447.66,119.38,1,1,1.000000
1724168130613967400,81,706.40,41.27,348.42,124.55,1,1,1.000000
1724168130613967400,104,419.17,548.82,140.33,91.01,1,1,1.000000
1724168130613967400,117,778.00,247.64,214.72,107.68,1,1,1.000000
1724168130613967400,125,964.08,579.86,315.93,133.18,1,1,1.000000
1724168130613967400,128,1063.42,470.42,216.21,103.37,1,1,1.000000
1724168130613967400,129,840.56,517.43,181.89,121.46,1,1,1.000000
1724168130613967400,130,4.19,543.80,340.21,172.25,1,1,1.000000
1724168130613967400,134,608.20,335.26,237.86,84.60,1,1,1.000000
1724168130613967400,135,776.74,299.17,180.76,99.14,1,1,1.000000
1724168130613967400,136,1027.94,62.83,248.54,193.61,1,1,1.000000
1724168130613967400,137,599.03,512.04,355.39,203.12,1,1,1.000000
1724168130613967400,139,1161.47,0.00,118.43,53.15,1,1,1.000000
1724168130613967400,145,1164.89,298.01,114.93,94.66,1,1,1.000000
1724168130613967400,157,0.00,401.05,711.96,174.73,1,1,1.000000
1724168130613967400,162,1.70,118.08,440.46,191.90,1,1,1.000000
1724168130613967400,163,947.58,505.65,139.88,83.54,1,1,1.000000
1724168130688482100,61,1.97,0.55,581.79,140.48,1,1,1.000000
1724168130688482100,75,27.79,288.61,435.51,130.12,1,1,1.000000
1724168130688482100,81,745.59,38.15,373.82,101.53,1,1,1.000000
1724168130688482100,104,418.59,562.67,127.25,84.85,1,1,1.000000
1724168130688482100,117,781.27,240.20,216.89,104.68,1,1,1.000000
1724168130688482100,125,949.48,495.94,329.56,190.78,1,1,1.000000
1724168130688482100,128,1069.42,465.56,210.51,89.58,1,1,1.000000
1724168130688482100,129,839.41,508.29,179.36,145.48,1,1,1.000000
1724168130688482100,134,611.86,331.04,241.62,89.25,1,1,1.000000
1724168130688482100,135,783.27,296.79,186.55,99.62,1,1,1.000000
1724168130688482100,136,1039.34,96.31,215.28,143.27,1,1,1.000000
1724168130688482100,137,589.62,540.08,357.83,174.70,1,1,1.000000
1724168130688482100,139,1155.50,0.00,124.73,44.88,1,1,1.000000
1724168130688482100,145,1199.04,288.71,80.94,92.11,1,1,1.000000
1724168130688482100,157,0.00,406.62,708.74,166.73,1,1,1.000000
1724168130688482100,162,0.64,121.77,553.13,183.20,1,1,1.000000
1724168130688482100,163,951.56,496.65,158.58,116.23,1,1,1.000000
1724168130719973400,61,2.74,0.36,659.36,129.60,1,1,1.000000
1724168130719973400,75,22.08,275.30,410.65,152.63,1,1,1.000000
1724168130719973400,81,756.56,30.07,373.50,98.83,1,1,1.000000
1724168130719973400,104,422.51,558.49,121.24,96.01,1,1,1.000000
1724168130719973400,117,776.04,234.25,221.98,99.17,1,1,1.000000
1724168130719973400,125,955.94,493.02,324.00,184.83,1,1,1.000000
1724168130719973400,128,1058.53,466.64,221.35,79.85,1,1,1.000000
1724168130719973400,129,846.10,505.90,200.65,142.19,1,1,1.000000
1724168130719973400,130,10.37,530.22,383.88,186.61,1,1,1.000000
1724168130719973400,134,608.47,327.78,247.82,97.19,1,1,1.000000
1724168130719973400,135,780.57,292.84,198.88,98.61,1,1,1.000000
1724168130719973400,136,1049.89,103.41,193.80,129.80,1,1,1.000000
1724168130719973400,137,599.84,496.78,357.80,218.13,1,1,1.000000
1724168130719973400,139,1155.43,0.00,124.51,38.31,1,1,1.000000
1724168130719973400,145,1201.60,284.49,78.42,88.74,1,1,1.000000
1724168130719973400,157,29.35,409.92,762.38,190.01,1,1,1.000000
1724168130719973400,162,0.00,119.30,658.57,172.89,1,1,1.000000
1724168130719973400,172,943.61,624.95,146.34,88.49,1,1,1.000000
1724168130811629600,61,9.93,0.64,743.77,104.44,1,1,1.000000
1724168130811629600,75,5.44,244.84,403.25,189.08,1,1,1.000000
1724168130811629600,81,790.75,20.91,399.25,104.26,1,1,1.000000
1724168130811629600,117,778.60,229.29,228.43,102.17,1,1,1.000000
1724168130811629600,128,1077.71,472.13,202.70,73.12,1,1,1.000000
1724168130811629600,129,855.95,508.35,282.40,137.12,1,1,1.000000
1724168130811629600,134,605.69,325.79,259.37,102.00,1,1,1.000000
1724168130811629600,135,788.38,290.33,197.09,102.62,1,1,1.000000
1724168130811629600,136,1045.49,111.06,168.57,116.50,1,1,1.000000
1724168130811629600,137,644.58,577.64,332.17,124.16,1,1,1.000000
1724168130811629600,145,1226.89,283.45,53.37,81.81,1,1,1.000000
1724168130811629600,157,189.62,420.28,785.22,245.18,1,1,1.000000
1724168130811629600,162,1.94,115.74,754.29,156.43,1,1,1.000000
1724168130811629600,163,972.08,509.93,183.75,126.40,1,1,1.000000
1724168130839546400,61,172.62,0.00,700.33,86.29,1,1,1.000000
1724168130839546400,75,2.65,214.02,409.68,213.54,1,1,1.000000
1724168130839546400,81,855.22,19.63,422.79,92.23,1,1,1.000000
1724168130839546400,104,447.37,514.70,142.91,146.90,1,1,1.000000
1724168130839546400,117,809.12,227.82,230.59,98.26,1,1,1.000000
1724168130839546400,128,1132.43,479.92,147.65,66.49,1,1,1.000000
1724168130839546400,129,886.78,508.09,221.94,138.01,1,1,1.000000
1724168130839546400,134,634.23,321.89,263.21,105.01,1,1,1.000000
1724168130839546400,135,814.33,285.50,202.52,99.08,1,1,1.000000
1724168130839546400,136,1119.70,120.35,95.57,94.07,1,1,1.000000
1724168130839546400,157,373.60,433.59,649.51,281.26,1,1,1.000000
1724168130839546400,162,194.24,106.11,697.28,155.65,1,1,1.000000
1724168130839546400,163,1026.65,515.44,181.19,142.05,1,1,1.000000
1724168130839546400,172,966.97,617.88,156.42,92.00,1,1,1.000000
1724168130839546400,180,3.62,42.53,384.19,81.49,1,1,1.000000
1724168130932630200,61,34.61,0.29,941.53,115.77,1,1,1.000000
1724168130932630200,75,2.55,199.49,424.16,202.26,1,1,1.000000
1724168130932630200,81,916.31,13.88,361.92,97.89,1,1,1.000000
1724168130932630200,104,480.11,495.67,148.00,169.18,1,1,1.000000
1724168130932630200,117,853.55,228.07,226.46,98.10,1,1,1.000000
1724168130932630200,130,0.37,492.23,237.90,134.68,1,1,1.000000
1724168130932630200,134,663.08,315.50,269.00,109.02,1,1,1.000000
1724168130932630200,135,847.34,283.27,195.91,99.00,1,1,1.000000
1724168130932630200,157,468.57,387.91,634.06,281.88,1,1,1.000000
1724168130932630200,162,412.36,94.39,683.56,157.32,1,1,1.000000
1724168130932630200,163,1036.98,483.75,206.98,190.58,1,1,1.000000
1724168130932630200,172,934.18,628.03,212.85,88.77,1,1,1.000000
1724168130963096600,61,308.94,0.00,775.28,66.26,1,1,1.000000
1724168130963096600,75,4.36,181.01,423.43,204.88,1,1,1.000000
1724168130963096600,81,973.67,0.58,305.31,100.65,1,1,1.000000
1724168130963096600,104,506.61,490.94,159.08,180.40,1,1,1.000000
1724168130963096600,117,876.48,233.20,217.16,63.73,1,1,1.000000
1724168130963096600,130,0.54,471.83,336.56,149.62,1,1,1.000000
1724168130963096600,134,675.38,310.05,283.10,103.34,1,1,1.000000
1724168130963096600,135,862.26,280.26,205.66,75.25,1,1,1.000000
1724168130963096600,157,615.91,428.99,656.69,252.97,1,1,1.000000
1724168130963096600,162,476.00,83.66,694.11,159.53,1,1,1.000000
1724168130963096600,163,1068.79,484.53,210.87,159.53,1,1,1.000000
1724168130963096600,172,989.40,646.86,204.04,72.01,1,1,1.000000
1724168130963096600,180,71.92,10.96,391.47,99.04,1,1,1.000000
1724168130963096600,188,625.69,679.00,227.53,40.42,1,1,1.000000
1724168131039311800,75,28.05,164.60,421.63,210.38,1,1,1.000000
1724168131039311800,81,1050.57,2.56,229.87,90.42,1,1,1.000000
1724168131039311800,104,530.03,489.76,146.05,187.60,1,1,1.000000
1724168131039311800,117,911.62,225.05,217.31,81.08,1,1,1.000000
1724168131039311800,130,1.05,420.24,399.32,189.39,1,1,1.000000
1724168131039311800,134,699.18,300.76,272.03,102.72,1,1,1.000000
1724168131039311800,135,895.82,270.87,206.22,82.80,1,1,1.000000
1724168131039311800,157,670.98,413.77,606.94,291.72,1,1,1.000000
1724168131039311800,162,645.60,71.51,630.52,168.29,1,1,1.000000
1724168131039311800,180,114.02,13.56,378.14,96.45,1,1,1.000000
1724168131039311800,188,657.02,673.66,235.71,45.74,1,1,1.000000
1724168131039311800,191,0.56,297.11,236.09,49.56,1,1,1.000000
1724168131087937600,75,73.76,155.04,422.52,180.10,1,1,1.000000
1724168131087937600,104,583.79,477.51,196.44,217.99,1,1,1.000000
1724168131087937600,117,948.20,208.26,262.09,94.72,1,1,1.000000
1724168131087937600,130,0.00,423.89,492.03,176.12,1,1,1.000000
1724168131087937600,134,744.57,294.20,278.54,106.19,1,1,1.000000
1724168131087937600,135,951.72,267.09,193.48,84.35,1,1,1.000000
1724168131087937600,157,755.31,457.01,523.09,257.19,1,1,1.000000
1724168131087937600,162,808.42,52.13,469.90,176.59,1,1,1.000000
1724168131087937600,163,1145.75,481.49,134.51,78.44,1,1,1.000000
1724168131087937600,180,162.38,14.55,365.84,93.46,1,1,1.000000
1724168131087937600,188,719.69,674.43,220.15,45.17,1,1,1.000000
1724168131087937600,194,515.92,0.06,303.02,34.28,1,1,1.000000
1724168131087937600,195,0.00,299.49,497.10,301.15,1,1,1.000000
1724168131160867900,75,95.69,151.86,417.26,154.38,1,1,1.000000
1724168131160867900,104,637.73,479.14,202.54,220.50,1,1,1.000000
1724168131160867900,117,949.69,188.51,319.92,99.53,1,1,1.000000
1724168131160867900,129,960.21,471.02,318.44,123.65,1,1,1.000000
1724168131160867900,130,0.47,427.16,582.58,186.31,1,1,1.000000
1724168131160867900,134,771.83,293.25,299.58,106.97,1,1,1.000000
1724168131160867900,135,986.46,271.72,270.92,137.75,1,1,1.000000
1724168131160867900,157,788.23,478.85,491.19,236.71,1,1,1.000000
1724168131160867900,162,845.78,73.68,431.73,142.90,1,1,1.000000
1724168131160867900,163,1191.90,486.30,87.69,68.54,1,1,1.000000
1724168131160867900,180,206.24,14.75,349.26,98.90,1,1,1.000000
1724168131160867900,188,791.22,681.42,186.98,38.50,1,1,1.000000
1724168131160867900,194,501.34,0.00,401.37,34.08,1,1,1.000000
1724168131160867900,201,637.54,478.88,343.20,235.09,1,1,1.000000
1724168131218972200,75,143.51,149.60,415.51,192.50,1,1,1.000000
1724168131218972200,117,1012.93,181.28,266.60,105.48,1,1,1.000000
1724168131218972200,129,989.85,467.82,289.35,245.36,1,1,1.000000
1724168131218972200,130,1.33,416.97,656.40,249.89,1,1,1.000000
1724168131218972200,134,796.63,290.52,321.24,113.98,1,1,1.000000
1724168131218972200,135,1046.77,269.20,216.10,71.48,1,1,1.000000
1724168131218972200,157,753.33,473.71,512.75,243.41,1,1,1.000000
1724168131218972200,180,258.40,22.72,340.95,99.04,1,1,1.000000
1724168131218972200,194,673.02,0.26,331.26,25.70,1,1,1.000000
1724168131218972200,201,650.04,482.19,300.45,236.97,1,1,1.000000
1724168131282139300,75,181.42,151.54,421.60,200.93,1,1,1.000000
1724168131282139300,117,1065.28,187.29,214.92,98.31,1,1,1.000000
1724168131282139300,129,1044.80,475.82,234.65,189.97,1,1,1.000000
1724168131282139300,130,62.08,437.96,712.80,259.37,1,1,1.000000
1724168131282139300,134,838.51,291.45,319.46,123.50,1,1,1.000000
1724168131282139300,135,1124.94,272.29,155.14,87.08,1,1,1.000000
1724168131282139300,157,793.82,465.80,483.47,249.05,1,1,1.000000
1724168131282139300,180,301.06,32.26,333.27,100.21,1,1,1.000000
1724168131282139300,194,637.11,0.00,405.28,35.15,1,1,1.000000
1724168131282139300,201,677.15,470.30,308.49,248.98,1,1,1.000000
1724168131374770200,75,191.69,152.99,422.96,198.81,1,1,1.000000
1724168131374770200,117,1088.94,187.66,191.22,101.13,1,1,1.000000
1724168131374770200,129,1091.19,487.30,188.22,171.96,1,1,1.000000
1724168131374770200,130,222.61,454.64,624.24,263.96,1,1,1.000000
1724168131374770200,134,854.20,298.17,346.62,129.68,1,1,1.000000
1724168131374770200,135,1174.07,278.05,105.34,93.16,1,1,1.000000
1724168131374770200,157,862.86,474.56,392.19,229.27,1,1,1.000000
1724168131374770200,180,314.36,36.14,332.39,104.83,1,1,1.000000
1724168131374770200,194,694.70,0.00,403.91,42.00,1,1,1.000000
1724168131374770200,201,692.29,471.95,325.02,247.29,1,1,1.000000
1724168131374770200,207,0.00,343.24,133.56,58.79,1,1,1.000000
1724168131403493000,75,200.46,152.25,420.24,192.18,1,1,1.000000
1724168131403493000,117,1118.21,186.98,161.58,95.51,1,1,1.000000
1724168131403493000,129,1099.41,484.54,177.92,165.08,1,1,1.000000
1724168131403493000,130,273.05,456.81,597.52,262.31,1,1,1.000000
1724168131403493000,134,867.51,301.14,333.61,137.17,1,1,1.000000
1724168131403493000,135,1186.57,282.39,93.14,102.57,1,1,1.000000
1724168131403493000,157,892.76,442.05,290.64,275.88,1,1,1.000000
1724168131403493000,172,1139.65,623.46,138.84,94.13,1,1,1.000000
1724168131403493000,180,332.12,41.58,329.58,107.35,1,1,1.000000
1724168131403493000,194,751.47,0.09,416.23,39.19,1,1,1.000000
1724168131403493000,201,667.54,484.59,364.62,234.14,1,1,1.000000
1724168131403493000,207,0.53,345.87,134.61,63.77,1,1,1.000000
1724168131480429100,75,168.16,147.59,430.47,192.49,1,1,1.000000
1724168131480429100,117,1105.76,181.64,174.24,96.78,1,1,1.000000
1724168131480429100,129,1084.85,476.33,194.73,229.67,1,1,1.000000
1724168131480429100,130,363.27,425.09,475.76,294.77,1,1,1.000000
1724168131480429100,134,848.62,299.75,351.64,149.94,1,1,1.000000
1724168131480429100,135,1180.33,278.46,99.24,106.41,1,1,1.000000
1724168131480429100,157,899.34,419.33,234.24,297.03,1,1,1.000000
1724168131480429100,180,319.00,42.71,339.96,112.82,1,1,1.000000
1724168131480429100,201,645.60,493.38,294.97,222.51,1,1,1.000000
1724168131480429100,207,0.00,345.71,120.31,65.43,1,1,1.000000
1724168131527016600,75,105.09,131.29,455.71,197.67,1,1,1.000000
1724168131527016600,104,648.91,512.20,269.55,204.90,1,1,1.000000
1724168131527016600,117,1078.63,170.62,200.98,99.97,1,1,1.000000
1724168131527016600,129,1065.26,463.23,215.28,255.36,1,1,1.000000
1724168131527016600,130,379.37,430.88,414.27,287.17,1,1,1.000000
1724168131527016600,134,820.72,294.12,346.85,158.70,1,1,1.000000
1724168131527016600,135,1155.30,271.33,124.57,109.03,1,1,1.000000
1724168131527016600,157,883.17,396.10,181.82,323.88,1,1,1.000000
1724168131527016600,172,1131.14,654.76,118.03,64.91,1,1,1.000000
1724168131527016600,180,278.75,39.86,341.81,113.34,1,1,1.000000
1724168131571499000,75,54.67,130.49,468.21,189.73,1,1,1.000000
1724168131571499000,104,654.68,530.11,296.28,188.75,1,1,1.000000
1724168131571499000,117,1041.90,160.13,238.27,103.12,1,1,1.000000
1724168131571499000,129,1040.83,452.11,238.04,266.54,1,1,1.000000
1724168131571499000,130,431.63,543.61,393.38,175.51,1,1,1.000000
1724168131571499000,134,777.52,289.48,361.40,154.51,1,1,1.000000
1724168131571499000,135,1130.20,263.46,149.11,120.70,1,1,1.000000
1724168131571499000,157,858.42,389.90,144.82,297.86,1,1,1.000000
1724168131571499000,172,1112.12,635.76,118.75,81.75,1,1,1.000000
1724168131571499000,180,242.93,45.63,346.43,107.11,1,1,1.000000
1724168131651277700,75,0.98,132.51,463.85,177.33,1,1,1.000000
1724168131651277700,104,668.88,571.44,370.75,148.08,1,1,1.000000
1724168131651277700,117,1018.41,154.62,261.45,97.74,1,1,1.000000
1724168131651277700,129,1014.20,437.72,264.95,277.30,1,1,1.000000
1724168131651277700,130,405.97,557.15,350.03,162.42,1,1,1.000000
1724168131651277700,134,750.59,284.66,344.95,139.89,1,1,1.000000
1724168131651277700,135,1106.24,261.36,173.35,106.47,1,1,1.000000
1724168131651277700,157,839.10,380.39,155.46,295.78,1,1,1.000000
1724168131651277700,172,1087.05,633.14,125.91,82.34,1,1,1.000000
1724168131651277700,180,211.92,47.76,329.37,107.88,1,1,1.000000
1724168131651277700,201,535.47,623.66,221.37,95.94,1,1,1.000000
1724168131651277700,210,910.68,651.82,135.83,68.55,1,1,1.000000
1724168131651277700,211,1151.90,512.09,127.29,138.31,1,1,1.000000
1724168131726873100,75,0.54,137.55,406.31,174.64,1,1,1.000000
1724168131726873100,104,670.97,597.79,345.52,121.54,1,1,1.000000
1724168131726873100,117,966.96,144.63,312.85,121.71,1,1,1.000000
1724168131726873100,129,1001.25,428.29,279.25,283.07,1,1,1.000000
1724168131726873100,134,707.59,284.13,352.96,95.85,1,1,1.000000
1724168131726873100,135,1059.62,257.28,219.62,113.81,1,1,1.000000
1724168131726873100,157,822.05,370.12,207.57,343.20,1,1,1.000000
1724168131726873100,172,1060.60,635.28,157.30,73.68,1,1,1.000000
1724168131726873100,180,189.35,46.76,303.21,117.14,1,1,1.000000
1724168131726873100,191,156.54,340.17,198.53,62.08,1,1,1.000000
1724168131726873100,201,431.63,655.21,327.65,64.44,1,1,1.000000
1724168131726873100,211,1139.92,504.67,139.48,148.31,1,1,1.000000
1724168131726873100,213,142.74,531.57,72.51,110.86,1,1,1.000000
1724168131772703500,75,0.00,146.33,327.02,164.75,1,1,1.000000
1724168131772703500,104,684.00,637.53,300.41,82.10,1,1,1.000000
1724168131772703500,117,920.00,134.70,356.95,125.58,1,1,1.000000
1724168131772703500,129,1108.93,500.06,171.42,211.42,1,1,1.000000
1724168131772703500,134,660.38,283.92,353.08,84.07,1,1,1.000000
1724168131772703500,135,1012.00,248.10,267.65,127.57,1,1,1.000000
1724168131772703500,137,987.23,424.79,163.04,197.66,1,1,1.000000
1724168131772703500,157,797.25,366.08,236.44,342.27,1,1,1.000000
1724168131772703500,172,1032.65,630.70,153.99,65.23,1,1,1.000000
1724168131772703500,180,156.82,72.62,277.89,103.76,1,1,1.000000
1724168131772703500,191,103.61,356.35,212.60,70.84,1,1,1.000000
1724168131772703500,211,1118.29,500.63,161.04,159.98,1,1,1.000000
1724168131850379300,75,0.19,172.54,259.26,172.00,1,1,1.000000
1724168131850379300,104,725.13,655.66,212.66,63.88,1,1,1.000000
1724168131850379300,117,889.94,132.16,348.41,115.32,1,1,1.000000
1724168131850379300,129,1095.98,490.89,184.84,221.51,1,1,1.000000
1724168131850379300,134,636.64,284.84,335.11,80.46,1,1,1.000000
1724168131850379300,135,988.29,252.37,291.98,127.29,1,1,1.000000
1724168131850379300,137,974.83,424.19,159.52,184.82,1,1,1.000000
1724168131850379300,157,781.27,360.31,280.86,306.54,1,1,1.000000
1724168131850379300,172,1035.95,626.25,147.41,58.44,1,1,1.000000
1724168131850379300,180,118.62,75.04,262.89,122.00,1,1,1.000000
1724168131850379300,213,77.40,585.46,72.68,116.86,1,1,1.000000
1724168131926691600,75,0.00,216.46,168.45,104.84,1,1,1.000000
1724168131926691600,104,746.22,656.25,122.58,63.73,1,1,1.000000
1724168131926691600,117,855.57,126.62,337.61,117.16,1,1,1.000000
1724168131926691600,129,1089.97,481.93,190.66,221.18,1,1,1.000000
1724168131926691600,134,593.13,288.35,334.24,84.07,1,1,1.000000
1724168131926691600,135,1015.47,253.82,264.91,128.45,1,1,1.000000
1724168131926691600,137,965.06,425.26,162.88,204.74,1,1,1.000000
1724168131926691600,157,741.02,336.75,333.10,272.76,1,1,1.000000
1724168131926691600,172,1022.06,624.69,119.79,49.61,1,1,1.000000
1724168131926691600,180,77.83,86.62,248.17,111.59,1,1,1.000000
1724168131926691600,213,65.14,604.42,51.74,109.24,1,1,1.000000
1724168131972139900,75,0.27,226.02,130.82,81.74,1,1,1.000000
1724168131972139900,117,838.49,121.12,333.74,116.01,1,1,1.000000
1724168131972139900,129,1066.84,470.44,212.27,218.55,1,1,1.000000
1724168131972139900,134,564.32,286.74,325.57,85.68,1,1,1.000000
1724168131972139900,135,1005.69,249.87,273.86,142.39,1,1,1.000000
1724168131972139900,137,939.48,407.51,155.54,216.26,1,1,1.000000
1724168131972139900,157,699.23,332.92,381.99,238.06,1,1,1.000000
1724168131972139900,180,61.09,85.61,248.38,118.36,1,1,1.000000
1724168131972139900,191,8.11,380.63,243.40,108.57,1,1,1.000000
1724168131972139900,211,938.83,408.55,341.34,282.91,1,1,1.000000
1724168132051423600,117,804.13,114.12,322.29,115.90,1,1,1.000000
1724168132051423600,129,1049.44,492.48,228.97,202.63,1,1,1.000000
1724168132051423600,134,525.94,286.28,342.23,86.51,1,1,1.000000
1724168132051423600,135,995.15,261.02,284.86,159.11,1,1,1.000000
1724168132051423600,157,668.92,312.18,423.50,252.98,1,1,1.000000
1724168132051423600,163,1206.84,446.06,72.70,112.46,1,1,1.000000
1724168132051423600,172,988.01,623.26,154.95,78.92,1,1,1.000000
1724168132051423600,180,2.05,89.13,258.45,130.11,1,1,1.000000
1724168132051423600,191,0.61,419.80,168.42,82.84,1,1,1.000000
1724168132051423600,211,934.50,406.80,345.17,292.17,1,1,1.000000
1724168132125962300,117,779.00,111.41,325.20,117.32,1,1,1.000000
1724168132125962300,129,1017.86,471.29,260.93,240.37,1,1,1.000000
1724168132125962300,134,491.79,286.98,358.58,89.44,1,1,1.000000
1724168132125962300,135,976.55,264.41,303.51,160.10,1,1,1.000000
1724168132125962300,157,642.70,306.20,458.00,233.27,1,1,1.000000
1724168132125962300,163,1186.73,425.55,93.27,136.17,1,1,1.000000
1724168132125962300,172,977.38,625.57,195.77,91.29,1,1,1.000000
1724168132125962300,180,0.41,95.51,211.32,125.51,1,1,1.000000
1724168132125962300,191,0.00,427.11,137.84,90.34,1,1,1.000000
1724168132125962300,211,912.36,421.37,270.54,277.79,1,1,1.000000
1724168132174127900,117,755.92,105.66,315.93,127.90,1,1,1.000000
1724168132174127900,129,991.60,460.51,288.00,248.57,1,1,1.000000
1724168132174127900,134,459.16,287.11,357.33,96.61,1,1,1.000000
1724168132174127900,135,1072.92,299.15,207.39,142.02,1,1,1.000000
1724168132174127900,157,641.06,293.21,466.46,218.67,1,1,1.000000
1724168132174127900,163,1180.72,426.60,99.25,152.08,1,1,1.000000
1724168132174127900,172,966.15,628.11,92.96,90.95,1,1,1.000000
1724168132174127900,180,0.27,94.49,172.55,108.49,1,1,1.000000
1724168132174127900,191,0.00,435.78,104.47,72.19,1,1,1.000000
1724168132174127900,211,898.45,416.08,260.92,282.55,1,1,1.000000
1724168132250464800,117,735.42,97.40,313.70,139.64,1,1,1.000000
1724168132250464800,129,1003.41,451.50,276.67,265.49,1,1,1.000000
1724168132250464800,134,423.47,288.06,360.19,104.54,1,1,1.000000
1724168132250464800,135,1107.86,318.09,171.98,135.21,1,1,1.000000
1724168132250464800,157,654.69,288.77,491.09,194.95,1,1,1.000000
1724168132250464800,163,1167.69,443.96,111.57,148.99,1,1,1.000000
1724168132250464800,180,0.91,86.71,133.00,121.94,1,1,1.000000
1724168132250464800,211,881.79,415.08,270.19,295.28,1,1,1.000000
1724168132294041700,117,716.11,95.17,319.65,148.17,1,1,1.000000
1724168132294041700,129,1026.13,559.15,256.38,157.91,1,1,1.000000
1724168132294041700,134,395.50,287.61,358.22,99.52,1,1,1.000000
1724168132294041700,135,1076.48,342.42,202.22,121.96,1,1,1.000000
1724168132294041700,157,662.85,285.88,530.35,190.07,1,1,1.000000
1724168132294041700,163,1142.64,450.51,136.50,202.86,1,1,1.000000
1724168132294041700,172,927.41,652.97,89.28,66.65,1,1,1.000000
1724168132294041700,180,0.24,71.80,77.15,82.20,1,1,1.000000
1724168132294041700,211,866.72,416.42,250.71,290.67,1,1,1.000000
1724168132327162600,117,694.71,98.28,326.79,151.11,1,1,1.000000
1724168132327162600,129,999.54,582.64,279.13,135.87,1,1,1.000000
1724168132327162600,134,361.82,287.41,366.79,94.45,1,1,1.000000
1724168132327162600,135,1118.05,356.95,161.73,132.11,1,1,1.000000
1724168132327162600,157,686.82,283.35,551.05,208.49,1,1,1.000000
1724168132327162600,163,1115.17,434.42,164.74,206.02,1,1,1.000000
1724168132327162600,211,852.17,415.72,204.17,301.70,1,1,1.000000
1724168132401257800,117,682.66,97.97,324.97,159.17,1,1,1.000000
1724168132401257800,129,981.24,582.10,298.04,136.65,1,1,1.000000
1724168132401257800,134,335.46,285.97,369.20,94.83,1,1,1.000000
1724168132401257800,135,1163.87,402.73,115.51,106.18,1,1,1.000000
1724168132401257800,137,841.05,409.91,139.39,279.23,1,1,1.000000
1724168132401257800,157,731.66,278.86,543.35,208.47,1,1,1.000000
1724168132401257800,163,1092.09,406.49,187.51,246.30,1,1,1.000000
1724168132401257800,211,837.66,410.51,199.35,308.37,1,1,1.000000
1724168132446722700,117,667.79,96.08,320.77,167.36,1,1,1.000000
1724168132446722700,129,969.15,610.33,173.51,109.60,1,1,1.000000
1724168132446722700,134,296.56,285.52,387.10,92.92,1,1,1.000000
1724168132446722700,135,1213.36,424.72,66.82,108.52,1,1,1.000000
1724168132446722700,137,823.53,407.74,145.39,309.49,1,1,1.000000
1724168132446722700,157,768.29,282.83,510.11,170.31,1,1,1.000000
1724168132446722700,163,1080.13,460.09,196.97,218.03,1,1,1.000000
1724168132523720900,117,656.08,95.56,323.52,172.71,1,1,1.000000
1724168132523720900,129,889.60,630.45,174.95,85.44,1,1,1.000000
1724168132523720900,134,266.01,283.24,396.07,98.41,1,1,1.000000
1724168132523720900,137,806.52,401.15,149.18,313.88,1,1,1.000000
1724168132523720900,157,773.44,290.59,504.56,145.46,1,1,1.000000
1724168132523720900,163,1047.92,476.88,232.27,220.46,1,1,1.000000
1724168132568063100,117,641.45,93.63,318.82,177.79,1,1,1.000000
1724168132568063100,129,886.05,631.98,144.98,85.91,1,1,1.000000
1724168132568063100,134,240.79,282.38,399.10,91.27,1,1,1.000000
1724168132568063100,137,794.16,360.00,140.50,344.35,1,1,1.000000
1724168132568063100,157,795.10,303.64,482.36,149.02,1,1,1.000000
1724168132568063100,163,1032.39,498.23,248.38,219.86,1,1,1.000000
1724168132643388700,117,635.30,95.24,318.51,176.23,1,1,1.000000
1724168132643388700,129,875.45,650.01,142.57,69.43,1,1,1.000000
1724168132643388700,134,212.10,279.91,411.83,88.55,1,1,1.000000
1724168132643388700,137,800.25,376.19,144.06,306.98,1,1,1.000000
1724168132643388700,157,823.28,321.56,455.90,142.70,1,1,1.000000
1724168132643388700,163,1014.31,519.65,266.55,198.36,1,1,1.000000
1724168132689744200,117,628.39,93.67,323.83,179.48,1,1,1.000000
1724168132689744200,134,185.95,277.77,424.99,86.54,1,1,1.000000
1724168132689744200,137,796.25,393.79,155.48,326.88,1,1,1.000000
1724168132689744200,157,866.72,338.30,412.33,151.80,1,1,1.000000
1724168132689744200,163,1021.30,534.91,259.04,184.07,1,1,1.000000
1724168132767462700,117,618.05,92.60,320.49,177.85,1,1,1.000000
1724168132767462700,129,882.37,669.84,96.70,50.13,1,1,1.000000
1724168132767462700,134,163.03,275.71,429.37,86.99,1,1,1.000000
1724168132767462700,137,788.90,390.35,182.22,328.84,1,1,1.000000
1724168132767462700,157,909.96,346.94,369.31,156.93,1,1,1.000000
1724168132767462700,163,1026.00,558.51,254.86,161.40,1,1,1.000000
1724168132767462700,238,0.33,9.21,98.62,84.39,1,1,1.000000
1724168132810813800,117,606.18,91.10,325.47,176.46,1,1,1.000000
1724168132810813800,134,137.77,272.48,437.84,95.58,1,1,1.000000
1724168132810813800,137,799.16,382.72,157.71,333.43,1,1,1.000000
1724168132810813800,157,966.52,369.68,312.64,142.58,1,1,1.000000
1724168132810813800,163,1041.45,589.12,238.56,130.38,1,1,1.000000
1724168132810813800,238,0.61,0.71,129.93,93.42,1,1,1.000000
1724168132810813800,239,0.06,130.71,173.35,125.36,1,1,1.000000
1724168132933457800,117,599.33,91.67,329.41,172.36,1,1,1.000000
1724168132933457800,134,113.05,271.36,446.74,96.69,1,1,1.000000
1724168132933457800,137,794.50,389.21,175.22,328.51,1,1,1.000000
1724168132933457800,157,1021.05,392.76,258.45,112.37,1,1,1.000000
1724168132933457800,163,1055.42,603.09,223.63,116.02,1,1,1.000000
1724168132933457800,238,0.26,0.33,166.78,89.42,1,1,1.000000
1724168132933457800,239,0.39,96.55,222.73,171.97,1,1,1.000000
1724168132961841300,117,594.94,89.47,328.76,171.35,1,1,1.000000
1724168132961841300,134,90.13,268.88,452.17,97.71,1,1,1.000000
1724168132961841300,137,789.02,389.43,167.93,322.54,1,1,1.000000
1724168132961841300,157,1085.37,411.52,194.32,100.16,1,1,1.000000
1724168132961841300,163,1110.63,633.80,168.58,86.00,1,1,1.000000
1724168132961841300,238,0.32,0.91,203.81,93.46,1,1,1.000000
1724168132961841300,239,0.35,90.10,294.91,177.55,1,1,1.000000
1724168133007463200,117,584.88,86.06,330.94,166.66,1,1,1.000000
1724168133007463200,134,70.08,264.52,460.15,99.07,1,1,1.000000
1724168133007463200,137,790.05,388.57,135.84,299.48,1,1,1.000000
1724168133007463200,157,1122.70,417.82,157.37,100.60,1,1,1.000000
1724168133007463200,163,1135.41,639.25,144.46,80.64,1,1,1.000000
1724168133007463200,238,0.39,0.68,227.96,68.75,1,1,1.000000
1724168133007463200,239,1.39,36.85,386.19,226.41,1,1,1.000000
1724168133086159300,117,573.51,86.44,337.67,161.51,1,1,1.000000
1724168133086159300,134,50.12,261.98,463.37,101.06,1,1,1.000000
1724168133086159300,137,790.61,386.11,145.14,301.40,1,1,1.000000
1724168133086159300,157,1171.76,420.76,107.98,91.74,1,1,1.000000
1724168133086159300,163,1164.34,648.70,114.34,71.09,1,1,1.000000
1724168133086159300,238,0.00,0.48,253.83,60.22,1,1,1.000000
1724168133086159300,239,1.69,3.76,472.61,258.71,1,1,1.000000
1724168133129445500,117,568.25,86.03,339.54,155.43,1,1,1.000000
1724168133129445500,134,27.22,248.43,472.13,117.46,1,1,1.000000
1724168133129445500,137,786.06,382.74,156.12,300.58,1,1,1.000000
1724168133129445500,157,1211.12,423.35,68.52,80.23,1,1,1.000000
1724168133129445500,163,1212.56,663.89,67.36,56.42,1,1,1.000000
1724168133129445500,239,1.17,1.79,572.02,253.48,1,1,1.000000
1724168133206317000,117,562.23,83.35,339.53,148.39,1,1,1.000000
1724168133206317000,134,2.87,247.20,479.49,117.60,1,1,1.000000
1724168133206317000,137,789.04,381.14,160.71,294.13,1,1,1.000000
1724168133206317000,238,0.55,0.00,238.07,76.65,1,1,1.000000
1724168133206317000,239,1.21,2.33,616.71,254.80,1,1,1.000000
1724168133254159900,134,0.94,248.30,466.33,123.26,1,1,1.000000
1724168133254159900,137,791.73,372.72,167.91,296.11,1,1,1.000000
1724168133254159900,238,0.00,0.00,300.27,83.63,1,1,1.000000
1724168133254159900,239,0.00,34.75,891.05,218.13,1,1,1.000000
1724168133327112100,134,1.61,243.81,452.48,136.80,1,1,1.000000
1724168133327112100,137,792.24,366.28,172.56,292.32,1,1,1.000000
1724168133327112100,238,0.00,0.00,326.61,85.71,1,1,1.000000
1724168133327112100,239,0.00,48.17,884.57,198.81,1,1,1.000000
1724168133373526300,134,0.00,246.96,438.11,141.12,1,1,1.000000
1724168133373526300,137,791.39,357.75,181.08,283.73,1,1,1.000000
1724168133373526300,238,0.05,0.00,351.75,91.60,1,1,1.000000
1724168133373526300,239,28.32,47.42,851.17,203.55,1,1,1.000000
1724168133449403500,134,0.16,247.15,417.98,151.54,1,1,1.000000
1724168133449403500,137,791.32,352.27,187.60,275.58,1,1,1.000000
1724168133449403500,238,0.71,0.00,380.42,123.90,1,1,1.000000
1724168133449403500,239,234.47,50.92,660.27,195.42,1,1,1.000000
1724168133524698200,134,0.05,247.69,402.80,161.66,1,1,1.000000
1724168133524698200,137,791.51,346.54,195.06,263.64,1,1,1.000000
1724168133524698200,238,0.35,0.05,412.18,122.43,1,1,1.000000
1724168133524698200,239,331.87,53.47,620.43,192.74,1,1,1.000000
1724168133571684500,134,0.20,246.61,379.92,164.59,1,1,1.000000
1724168133571684500,137,796.23,340.69,201.48,249.82,1,1,1.000000
1724168133571684500,238,0.76,0.02,447.75,124.97,1,1,1.000000
1724168133571684500,239,426.83,58.74,599.26,177.33,1,1,1.000000
1724168133647254400,134,0.04,245.14,367.02,162.41,1,1,1.000000
1724168133647254400,137,801.49,333.59,217.22,251.83,1,1,1.000000
1724168133647254400,238,0.48,0.21,484.23,113.98,1,1,1.000000
1724168133647254400,239,504.42,59.49,585.19,164.48,1,1,1.000000
1724168133696016100,134,0.00,244.43,350.87,159.75,1,1,1.000000
1724168133696016100,137,839.10,330.25,197.93,257.81,1,1,1.000000
1724168133696016100,238,0.82,0.13,518.75,123.80,1,1,1.000000
1724168133696016100,239,493.17,56.70,675.98,186.99,1,1,1.000000
1724168133781988500,117,479.48,64.63,292.93,105.26,1,1,1.000000
1724168133781988500,134,0.00,245.69,336.91,153.70,1,1,1.000000
1724168133781988500,137,866.07,327.00,193.44,249.94,1,1,1.000000
1724168133781988500,238,0.00,0.20,557.41,126.27,1,1,1.000000
1724168133781988500,239,696.10,51.97,543.38,180.49,1,1,1.000000
1724168133847168400,117,481.41,65.74,338.39,103.96,1,1,1.000000
1724168133847168400,134,0.00,248.72,327.95,147.98,1,1,1.000000
1724168133847168400,137,880.87,323.50,203.69,236.06,1,1,1.000000
1724168133847168400,238,0.00,0.26,590.81,122.24,1,1,1.000000
1724168133847168400,239,746.78,38.56,530.90,187.03,1,1,1.000000
1724168133900139200,117,485.97,69.03,318.77,112.34,1,1,1.000000
1724168133900139200,134,0.00,251.07,309.63,141.42,1,1,1.000000
1724168133900139200,137,884.07,319.97,223.80,192.35,1,1,1.000000
1724168133900139200,238,0.00,0.13,626.35,125.08,1,1,1.000000
1724168133900139200,239,826.54,34.06,452.24,187.67,1,1,1.000000
1724168133968225500,117,478.56,81.06,320.28,102.96,1,1,1.000000
1724168133968225500,134,0.21,277.73,291.86,112.01,1,1,1.000000
1724168133968225500,137,884.64,316.53,246.79,215.12,1,1,1.000000
1724168133968225500,238,6.45,0.13,641.11,130.55,1,1,1.000000
1724168133968225500,239,919.44,34.04,359.94,155.07,1,1,1.000000
1724168134013697600,117,450.88,83.36,336.78,102.58,1,1,1.000000
1724168134013697600,134,0.12,284.51,276.70,100.67,1,1,1.000000
1724168134013697600,137,882.34,313.11,277.05,204.36,1,1,1.000000
1724168134013697600,238,43.20,0.41,632.33,135.70,1,1,1.000000
1724168134013697600,239,937.95,23.53,342.09,169.29,1,1,1.000000
1724168134092395900,117,474.12,90.91,298.86,100.68,1,1,1.000000
1724168134092395900,134,0.10,291.50,245.56,91.99,1,1,1.000000
1724168134092395900,137,882.86,307.61,293.83,170.50,1,1,1.000000
1724168134092395900,238,78.80,0.39,627.26,139.72,1,1,1.000000
1724168134092395900,239,976.35,43.51,303.92,139.03,1,1,1.000000
1724168134122192700,117,469.04,97.26,295.40,85.79,1,1,1.000000
1724168134122192700,134,0.00,297.19,231.29,97.01,1,1,1.000000
1724168134122192700,137,885.20,301.50,312.79,170.85,1,1,1.000000
1724168134122192700,238,123.04,0.91,626.27,179.72,1,1,1.000000
1724168134122192700,239,1023.73,56.40,256.65,107.48,1,1,1.000000
1724168134212955600,117,457.52,95.21,296.94,78.88,1,1,1.000000
1724168134212955600,134,0.20,298.52,209.31,105.77,1,1,1.000000
1724168134212955600,137,883.72,290.86,329.20,153.04,1,1,1.000000
1724168134212955600,238,139.40,0.91,612.03,172.07,1,1,1.000000
1724168134212955600,239,1102.85,61.60,176.91,91.07,1,1,1.000000
1724168134242417100,134,0.44,296.11,172.40,116.75,1,1,1.000000
1724168134242417100,137,880.11,283.24,349.28,151.76,1,1,1.000000
1724168134242417100,238,225.32,0.60,559.45,162.58,1,1,1.000000
1724168134242417100,239,1176.86,61.50,102.69,75.40,1,1,1.000000
1724168134289829000,134,0.35,285.15,136.32,126.12,1,1,1.000000
1724168134289829000,137,882.82,279.42,358.82,143.90,1,1,1.000000
1724168134289829000,238,273.41,0.12,551.40,156.91,1,1,1.000000
1724168134363885200,134,0.61,282.23,103.63,112.98,1,1,1.000000
1724168134363885200,137,884.34,275.76,378.82,140.79,1,1,1.000000
1724168134363885200,238,316.40,0.00,541.45,144.10,1,1,1.000000
1724168134441174400,134,0.35,268.71,82.91,101.37,1,1,1.000000
1724168134441174400,137,884.26,272.67,394.15,137.02,1,1,1.000000
1724168134441174400,238,341.16,0.00,544.01,132.77,1,1,1.000000
1724168134532958900,117,326.08,1.44,379.32,124.78,1,1,1.000000
1724168134532958900,134,0.31,244.04,68.50,100.40,1,1,1.000000
1724168134532958900,137,886.38,270.82,392.00,127.54,1,1,1.000000
1724168134532958900,238,324.03,0.00,591.32,121.41,1,1,1.000000
1724168134562022100,117,311.31,1.11,380.13,112.22,1,1,1.000000
1724168134562022100,134,0.43,220.20,51.24,98.54,1,1,1.000000
1724168134562022100,137,889.57,269.68,388.83,117.01,1,1,1.000000
1724168134562022100,238,310.22,0.00,636.17,92.43,1,1,1.000000
1724168134639831600,117,294.77,0.60,388.37,97.89,1,1,1.000000
1724168134639831600,137,894.51,264.84,384.36,111.81,1,1,1.000000
1724168134639831600,238,293.76,0.00,677.00,96.56,1,1,1.000000
1724168134639831600,241,0.30,387.39,82.56,70.12,1,1,1.000000
1724168134688895200,117,279.65,0.19,387.81,88.23,1,1,1.000000
1724168134688895200,137,920.54,263.13,358.01,115.97,1,1,1.000000
1724168134688895200,238,476.50,0.00,551.76,72.82,1,1,1.000000
1724168134688895200,241,0.35,373.56,129.86,76.03,1,1,1.000000
1724168134763648300,117,266.23,0.39,399.25,76.96,1,1,1.000000
1724168134763648300,137,944.72,255.08,333.92,124.40,1,1,1.000000
1724168134763648300,238,672.59,0.00,367.14,48.66,1,1,1.000000
1724168134763648300,241,0.38,355.81,169.81,95.76,1,1,1.000000
1724168134810325100,117,255.79,0.22,408.23,70.28,1,1,1.000000
1724168134810325100,137,971.32,246.00,307.90,128.96,1,1,1.000000
1724168134810325100,238,729.97,0.00,329.64,39.20,1,1,1.000000
1724168134810325100,241,0.28,343.71,207.36,100.76,1,1,1.000000
1724168134882906500,117,248.18,0.00,402.84,55.62,1,1,1.000000
1724168134882906500,137,988.06,247.60,292.25,114.48,1,1,1.000000
1724168134882906500,238,766.42,0.41,279.43,32.90,1,1,1.000000
1724168134882906500,241,0.22,334.32,243.82,103.84,1,1,1.000000
1724168134930760300,117,248.60,0.00,389.56,48.36,1,1,1.000000
1724168134930760300,137,994.96,238.41,284.83,118.76,1,1,1.000000
1724168134930760300,241,0.41,316.19,283.54,114.10,1,1,1.000000
1724168135005896300,117,257.83,0.00,378.22,41.20,1,1,1.000000
1724168135005896300,137,1003.45,236.06,275.86,114.25,1,1,1.000000
1724168135005896300,241,0.15,300.07,312.91,125.72,1,1,1.000000
1724168135049068500,117,272.86,0.00,357.69,34.78,1,1,1.000000
1724168135049068500,137,1013.35,233.16,266.00,111.78,1,1,1.000000
1724168135049068500,241,0.07,300.79,355.34,122.06,1,1,1.000000