1724157091855545200,1,58.37,0.00,892.75,719.23,1,1,1.000000
1724157091886307000,1,41.94,0.00,914.19,715.71,1,1,1.000000
1724157092054610000,1,61.97,0.00,915.59,719.72,1,1,1.000000
1724157092253380000,1,17.02,0.00,929.11,716.89,1,1,1.000000
1724157092330024400,1,14.81,0.00,927.22,718.41,1,1,1.000000
1724157092374411300,1,23.81,0.00,928.50,719.43,1,1,1.000000
1724157092451736500,1,25.55,0.00,922.53,715.07,1,1,1.000000
1724157092500987200,1,29.75,0.87,974.34,719.99,1,1,1.000000
1724157092530124500,1,27.65,2.78,927.59,719.96,1,1,1.000000
1724157092575335500,1,27.64,0.00,910.16,716.58,1,1,1.000000
1724157092653615400,1,54.18,1.90,894.71,719.87,1,1,1.000000
1724157092696206300,1,46.88,4.05,897.43,719.64,1,1,1.000000
1724157092728095600,1,48.50,1.97,916.85,719.95,1,1,1.000000
1724157092771068600,1,49.12,2.61,915.92,719.97,1,1,1.000000
1724157092939526600,1,28.59,0.00,914.92,715.17,1,1,1.000000
1724157093016264700,1,53.91,0.00,900.68,718.01,1,1,1.000000
1724157101576497600,5,1101.03,435.51,177.67,94.80,1,1,1.000000
1724157123459534100,11,1217.92,377.26,60.19,77.93,1,1,1.000000
1724157123492321200,11,1222.22,376.42,56.92,78.47,1,1,1.000000
1724157123535793700,11,1232.36,374.45,47.44,78.16,1,1,1.000000
1724157124295834600,13,1236.93,14.43,42.84,130.73,1,1,1.000000
1724157124339508000,13,1241.75,14.95,38.25,134.19,1,1,1.000000
1724157141618408900,17,0.77,553.73,37.46,68.83,1,1,1.000000
1724157141697157000,17,0.03,561.56,58.46,72.10,1,1,1.000000
1724157141742978100,17,0.07,560.61,68.59,88.00,1,1,1.000000
1724157141774521900,17,0.00,562.20,77.70,82.91,1,1,1.000000
1724157141818329800,17,0.04,563.38,97.24,87.74,1,1,1.000000
1724157141896884400,17,0.14,567.50,107.16,89.06,1,1,1.000000
1724157141940989600,17,0.00,576.38,123.54,87.66,1,1,1.000000
1724157142017317700,17,0.00,582.09,137.06,87.98,1,1,1.000000
1724157142047869100,17,0.00,590.15,153.00,82.22,1,1,1.000000
1724157142091662700,17,0.00,596.75,165.00,91.27,1,1,1.000000
1724157142138783000,17,0.09,602.14,165.46,89.96,1,1,1.000000
1724157142214881300,17,0.17,602.67,173.40,93.22,1,1,1.000000
1724157142261810900,17,0.08,603.96,186.05,96.31,1,1,1.000000
1724157142338786500,17,0.45,612.26,206.54,92.69,1,1,1.000000
1724157142368658400,17,0.75,611.78,217.00,103.57,1,1,1.000000
1724157142416034700,17,0.21,615.45,226.42,103.18,1,1,1.000000
1724157142464623500,17,0.10,621.30,248.24,97.31,1,1,1.000000
1724157142535937700,17,0.04,629.34,262.47,90.33,1,1,1.000000
1724157142614328400,17,0.00,638.58,284.06,81.40,1,1,1.000000
1724157142659504300,17,0.77,637.90,304.86,82.11,1,1,1.000000
1724157142689294700,17,0.18,640.37,313.94,79.49,1,1,1.000000
1724157142733825000,17,0.00,642.59,335.14,77.34,1,1,1.000000
1724157142780233100,17,23.23,649.91,345.42,69.95,1,1,1.000000
1724157142857033200,17,30.78,652.33,347.57,67.66,1,1,1.000000
1724157142902061300,17,50.43,655.16,332.18,64.73,1,1,1.000000
1724157142933466800,17,80.39,658.29,325.38,61.50,1,1,1.000000
1724157143022161300,17,110.22,662.10,302.82,57.74,1,1,1.000000
1724157143051517300,17,124.02,662.70,312.51,57.06,1,1,1.000000
1724157143097281000,17,138.46,665.47,306.80,54.38,1,1,1.000000
1724157143141233700,17,153.67,664.80,306.88,55.04,1,1,1.000000
1724157143174192200,17,162.59,668.00,305.87,51.43,1,1,1.000000
1724157143218496500,17,183.61,676.54,296.49,43.09,1,1,1.000000
1724157143248176900,17,194.34,676.76,289.86,42.94,1,1,1.000000
1724157143295113700,17,211.72,687.28,284.58,32.76,1,1,1.000000
1724157143337672700,17,291.13,687.19,207.09,33.00,1,1,1.000000
1724157143687974300,17,347.83,689.53,231.42,30.49,1,1,1.000000
1724157143735344200,17,361.29,688.19,225.27,31.72,1,1,1.000000
1724157143782768400,17,378.88,689.59,211.38,30.43,1,1,1.000000
1724157143809076100,17,396.06,688.39,198.71,31.48,1,1,1.000000
1724157143855792400,17,408.68,692.37,186.97,27.73,1,1,1.000000
1724157143908718700,17,424.48,692.07,179.32,28.00,1,1,1.000000
1724157143931703000,17,444.74,691.22,170.96,28.89,1,1,1.000000
1724157144489311300,18,0.11,55.72,80.81,114.42,1,1,1.000000
1724157144537408500,18,0.00,53.99,95.06,120.02,1,1,1.000000
1724157144612941400,18,0.00,50.11,118.08,115.78,1,1,1.000000
1724157144667143600,18,0.00,47.58,126.12,98.84,1,1,1.000000
1724157144702626200,18,0.00,41.07,132.73,94.35,1,1,1.000000
1724157144702626200,19,0.07,296.95,53.99,112.06,1,1,1.000000
1724157144732854300,18,0.00,43.01,146.63,92.63,1,1,1.000000
1724157144732854300,19,0.00,286.10,77.13,137.77,1,1,1.000000
1724157144779150400,18,0.00,38.74,157.07,95.24,1,1,1.000000
1724157144779150400,19,0.10,274.24,98.60,163.08,1,1,1.000000
1724157144810257500,18,0.00,31.87,164.64,101.37,1,1,1.000000
1724157144810257500,19,0.31,263.99,124.64,192.46,1,1,1.000000
1724157144855745800,18,0.00,29.00,181.90,111.43,1,1,1.000000
1724157144855745800,19,0.10,255.32,150.20,183.35,1,1,1.000000
1724157144901877300,18,0.00,21.91,191.83,117.20,1,1,1.000000
1724157144901877300,19,0.00,240.56,181.68,193.51,1,1,1.000000
1724157144931772600,18,0.00,17.96,197.64,120.32,1,1,1.000000
1724157144931772600,19,0.00,231.77,218.32,223.63,1,1,1.000000
1724157144985760200,18,0.00,13.29,202.17,121.36,1,1,1.000000
1724157144985760200,19,0.00,223.00,256.73,224.36,1,1,1.000000
1724157145009025000,18,0.00,12.01,211.36,118.17,1,1,1.000000
1724157145009025000,19,0.12,212.11,287.19,238.64,1,1,1.000000
1724157145055082800,18,0.00,4.80,223.36,118.46,1,1,1.000000
1724157145055082800,19,9.32,196.90,343.65,257.86,1,1,1.000000
1724157145132343300,18,0.00,1.70,228.79,110.61,1,1,1.000000
1724157145132343300,19,28.76,184.39,376.79,196.30,1,1,1.000000
1724157145181953200,18,0.00,0.49,232.18,112.19,1,1,1.000000
1724157145181953200,19,35.85,178.04,392.55,182.88,1,1,1.000000
1724157145181953200,21,0.30,319.12,109.44,86.22,1,1,1.000000
1724157145221126200,18,0.00,0.46,225.84,106.69,1,1,1.000000
1724157145221126200,19,44.84,178.16,407.74,180.19,1,1,1.000000
1724157145221126200,21,0.01,319.38,133.23,85.51,1,1,1.000000
1724157145252127700,18,0.18,0.61,220.88,106.28,1,1,1.000000
1724157145252127700,19,54.33,174.70,420.66,158.35,1,1,1.000000
1724157145252127700,21,0.06,322.37,154.39,90.35,1,1,1.000000
1724157145299492400,18,0.35,0.65,217.69,105.80,1,1,1.000000
1724157145299492400,19,77.57,171.16,419.58,163.82,1,1,1.000000
1724157145299492400,21,0.23,317.17,173.99,95.70,1,1,1.000000
1724157145299492400,22,0.38,596.08,65.52,69.06,1,1,1.000000
1724157145299492400,23,0.55,677.76,42.61,41.99,1,1,1.000000
1724157145329994500,18,0.00,0.47,216.49,103.15,1,1,1.000000
1724157145329994500,19,110.93,167.34,416.55,162.97,1,1,1.000000
1724157145329994500,21,0.15,323.35,195.34,90.76,1,1,1.000000
1724157145329994500,22,0.33,590.34,80.28,70.70,1,1,1.000000
1724157145329994500,23,0.59,673.04,66.33,46.85,1,1,1.000000
1724157145375226200,18,0.04,0.38,215.27,99.86,1,1,1.000000
1724157145375226200,19,144.14,162.63,408.29,163.51,1,1,1.000000
1724157145375226200,21,0.40,319.21,214.30,98.66,1,1,1.000000
1724157145375226200,22,0.21,590.58,100.40,71.96,1,1,1.000000
1724157145375226200,23,0.60,670.06,86.10,49.79,1,1,1.000000
1724157145419430500,18,0.01,0.09,211.99,98.18,1,1,1.000000
1724157145419430500,19,189.40,162.63,392.70,162.22,1,1,1.000000
1724157145419430500,21,0.73,316.43,234.79,105.23,1,1,1.000000
1724157145419430500,22,0.34,588.14,116.43,71.99,1,1,1.000000
1724157145419430500,23,0.40,662.96,107.04,57.07,1,1,1.000000
1724157145453268200,18,0.00,0.15,208.55,95.34,1,1,1.000000
1724157145453268200,19,245.58,155.23,361.93,167.71,1,1,1.000000
1724157145453268200,21,0.20,315.10,254.52,103.08,1,1,1.000000
1724157145453268200,22,0.50,592.91,132.63,60.00,1,1,1.000000
1724157145453268200,23,0.28,657.21,131.00,62.68,1,1,1.000000
1724157145498783300,18,0.11,0.00,211.29,96.16,1,1,1.000000
1724157145498783300,19,285.26,154.97,343.06,166.69,1,1,1.000000
1724157145498783300,21,0.46,313.73,273.24,102.32,1,1,1.000000
1724157145498783300,22,0.67,590.19,151.29,59.80,1,1,1.000000
1724157145498783300,23,0.00,652.22,154.26,67.48,1,1,1.000000
1724157145541575000,18,0.00,0.18,214.98,87.31,1,1,1.000000
1724157145541575000,19,338.10,149.62,348.86,141.87,1,1,1.000000
1724157145541575000,21,0.74,310.13,307.61,103.74,1,1,1.000000
1724157145541575000,23,0.54,600.76,195.13,119.18,1,1,1.000000
1724157145572330400,18,0.00,0.20,219.10,86.22,1,1,1.000000
1724157145572330400,19,350.75,150.11,365.92,121.56,1,1,1.000000
1724157145572330400,21,0.85,310.62,329.40,97.11,1,1,1.000000
1724157145572330400,23,0.87,616.06,211.68,103.72,1,1,1.000000
1724157145618525600,18,0.00,0.07,222.28,85.16,1,1,1.000000
1724157145618525600,19,370.77,150.59,369.08,115.39,1,1,1.000000
1724157145618525600,21,1.79,309.18,345.46,99.53,1,1,1.000000
1724157145618525600,23,0.80,611.30,232.01,108.76,1,1,1.000000
1724157145697742700,18,0.00,0.12,226.83,78.70,1,1,1.000000
1724157145697742700,19,424.12,148.54,363.75,117.34,1,1,1.000000
1724157145697742700,21,1.55,305.31,382.46,138.97,1,1,1.000000
1724157145697742700,23,0.34,602.95,275.21,117.01,1,1,1.000000
1724157145743901600,18,0.00,0.07,226.91,73.49,1,1,1.000000
1724157145743901600,19,452.71,147.29,366.82,117.45,1,1,1.000000
1724157145743901600,21,4.69,303.37,403.49,137.11,1,1,1.000000
1724157145743901600,23,0.00,598.83,295.33,120.92,1,1,1.000000
1724157145772521100,18,0.13,0.00,226.82,71.00,1,1,1.000000
1724157145772521100,19,484.20,145.82,358.03,120.38,1,1,1.000000
1724157145772521100,21,49.94,302.66,378.19,127.87,1,1,1.000000
1724157145772521100,23,0.00,596.53,317.07,123.27,1,1,1.000000
1724157145815860300,18,0.20,0.00,225.27,67.50,1,1,1.000000
1724157145815860300,19,518.73,148.41,350.60,118.65,1,1,1.000000
1724157145815860300,21,77.46,304.01,369.82,121.69,1,1,1.000000
1724157145815860300,23,0.00,595.53,341.55,124.27,1,1,1.000000
1724157145868416300,18,0.68,0.00,225.27,64.80,1,1,1.000000
1724157145868416300,19,551.32,149.49,348.90,119.97,1,1,1.000000
1724157145868416300,21,96.95,304.72,371.92,109.49,1,1,1.000000
1724157145868416300,23,0.08,595.32,366.55,124.47,1,1,1.000000
1724157145892557000,18,0.53,0.00,229.17,62.63,1,1,1.000000
1724157145892557000,19,586.76,146.50,347.12,121.63,1,1,1.000000
1724157145892557000,21,118.64,303.69,379.85,99.65,1,1,1.000000
1724157145892557000,23,1.95,593.76,393.44,125.77,1,1,1.000000
1724157145938176300,18,0.49,0.00,231.80,59.15,1,1,1.000000
1724157145938176300,19,606.97,145.64,361.34,123.03,1,1,1.000000
1724157145938176300,21,137.72,304.55,379.27,92.39,1,1,1.000000
1724157145938176300,23,7.24,591.55,412.29,128.20,1,1,1.000000
1724157145938176300,24,0.72,594.50,214.79,113.75,1,1,1.000000
1724157145968368500,18,0.94,0.00,233.43,57.77,1,1,1.000000
1724157145968368500,19,632.97,145.45,373.31,125.05,1,1,1.000000
1724157145968368500,21,162.97,304.01,372.44,91.06,1,1,1.000000
1724157145968368500,23,37.47,590.65,409.12,128.85,1,1,1.000000
1724157145968368500,24,0.06,591.95,216.51,122.01,1,1,1.000000
1724157146015230200,18,1.17,0.00,231.93,54.64,1,1,1.000000
1724157146015230200,19,660.55,150.80,380.83,123.21,1,1,1.000000
1724157146015230200,21,190.21,304.03,367.94,92.41,1,1,1.000000
1724157146015230200,23,45.10,587.89,427.88,131.87,1,1,1.000000
1724157146015230200,24,0.81,597.58,234.11,113.73,1,1,1.000000
1724157146059535000,18,1.18,0.00,240.93,48.75,1,1,1.000000
1724157146059535000,19,718.17,156.23,388.72,135.30,1,1,1.000000
1724157146059535000,21,237.65,301.83,360.36,96.86,1,1,1.000000
1724157146059535000,23,62.52,580.87,459.82,138.37,1,1,1.000000
1724157146059535000,24,15.87,592.78,238.86,86.20,1,1,1.000000
1724157146090160800,18,1.07,0.00,240.42,49.33,1,1,1.000000
1724157146090160800,19,742.62,156.82,397.55,141.07,1,1,1.000000
1724157146090160800,21,263.62,298.82,356.38,100.44,1,1,1.000000
1724157146090160800,23,83.81,573.04,464.06,146.46,1,1,1.000000
1724157146090160800,24,34.59,600.96,225.37,65.47,1,1,1.000000
1724157146141586300,18,1.16,0.00,247.79,47.77,1,1,1.000000
1724157146141586300,19,766.15,162.04,412.22,141.95,1,1,1.000000
1724157146141586300,21,285.74,295.67,351.95,107.30,1,1,1.000000
1724157146141586300,23,101.60,570.39,469.01,149.26,1,1,1.000000
1724157146141586300,24,60.31,600.47,223.52,59.18,1,1,1.000000
1724157146168191200,18,2.02,0.00,251.39,44.93,1,1,1.000000
1724157146168191200,19,795.31,154.93,420.12,158.27,1,1,1.000000
1724157146168191200,21,305.32,293.53,351.33,106.89,1,1,1.000000
1724157146168191200,23,94.56,571.12,499.60,148.24,1,1,1.000000
1724157146168191200,24,87.60,599.31,212.73,58.04,1,1,1.000000
1724157146214624100,18,0.76,0.00,250.50,34.50,1,1,1.000000
1724157146214624100,19,822.25,161.12,425.56,162.51,1,1,1.000000
1724157146214624100,21,331.69,295.91,349.01,104.48,1,1,1.000000
1724157146214624100,23,55.34,570.45,563.54,148.69,1,1,1.000000
1724157146214624100,24,108.87,600.22,193.56,51.08,1,1,1.000000
1724157146275537600,18,1.39,0.00,258.07,28.99,1,1,1.000000
1724157146275537600,19,854.44,161.60,425.03,172.56,1,1,1.000000
1724157146275537600,21,354.92,296.65,344.24,104.61,1,1,1.000000
1724157146275537600,23,74.10,569.59,569.32,149.74,1,1,1.000000
1724157146275537600,24,136.88,598.17,181.71,52.03,1,1,1.000000
1724157146335593100,18,0.55,0.07,282.39,30.44,1,1,1.000000
1724157146335593100,19,912.09,176.62,368.27,168.80,1,1,1.000000
1724157146335593100,21,413.17,295.01,341.90,110.17,1,1,1.000000
1724157146335593100,23,159.20,566.59,541.04,148.31,1,1,1.000000
1724157146335593100,24,190.75,587.63,173.67,50.29,1,1,1.000000
1724157146380885000,18,0.00,0.00,287.58,29.38,1,1,1.000000
1724157146380885000,19,947.55,180.39,332.52,171.85,1,1,1.000000
1724157146380885000,21,440.35,295.89,335.42,112.82,1,1,1.000000
1724157146380885000,23,199.74,562.39,530.86,140.01,1,1,1.000000
1724157146380885000,24,219.06,584.29,136.21,46.46,1,1,1.000000
1724157146412024800,18,0.00,0.01,296.55,24.50,1,1,1.000000
1724157146412024800,19,984.26,180.48,295.89,173.25,1,1,1.000000
1724157146412024800,21,467.23,293.16,328.79,123.68,1,1,1.000000
1724157146412024800,23,233.65,559.01,525.30,143.88,1,1,1.000000
1724157146457031500,19,1048.31,186.36,232.05,160.89,1,1,1.000000
1724157146457031500,21,510.27,302.95,341.07,131.16,1,1,1.000000
1724157146457031500,23,286.85,554.95,533.32,148.83,1,1,1.000000
1724157146534271000,19,1111.87,199.88,168.29,126.68,1,1,1.000000
1724157146534271000,21,566.21,319.19,326.66,126.05,1,1,1.000000
1724157146534271000,23,386.74,556.12,499.51,154.48,1,1,1.000000
1724157146580268300,19,1143.79,208.05,136.35,104.26,1,1,1.000000
1724157146580268300,21,597.80,321.64,319.16,129.21,1,1,1.000000
1724157146580268300,23,422.16,556.38,490.58,159.41,1,1,1.000000
1724157146580268300,25,339.95,581.35,201.52,81.11,1,1,1.000000
1724157146580268300,26,0.51,84.85,100.92,51.83,1,1,1.000000
1724157146660540600,19,1211.61,224.82,68.01,77.34,1,1,1.000000
1724157146660540600,21,637.06,315.44,323.15,146.77,1,1,1.000000
1724157146660540600,23,483.84,554.19,493.90,163.01,1,1,1.000000
1724157146660540600,25,373.24,591.53,198.71,84.36,1,1,1.000000
1724157146660540600,26,0.79,74.76,129.23,67.76,1,1,1.000000
1724157146699676800,21,654.37,314.07,328.22,152.04,1,1,1.000000
1724157146699676800,23,418.37,552.83,592.80,165.64,1,1,1.000000
1724157146699676800,25,393.56,598.93,374.21,100.79,1,1,1.000000
1724157146699676800,26,0.83,72.15,143.12,69.83,1,1,1.000000
1724157146731004000,21,674.81,314.53,335.21,155.29,1,1,1.000000
1724157146731004000,23,549.62,554.54,491.16,163.66,1,1,1.000000
1724157146731004000,25,411.43,606.15,377.34,98.36,1,1,1.000000
1724157146731004000,26,0.55,70.61,157.84,70.53,1,1,1.000000
1724157146774734800,21,694.50,312.76,344.65,163.89,1,1,1.000000
1724157146774734800,23,578.31,556.33,501.22,162.52,1,1,1.000000
1724157146774734800,25,436.56,611.86,372.36,99.24,1,1,1.000000
1724157146774734800,26,0.03,70.48,179.80,68.07,1,1,1.000000
1724157146821871600,21,718.60,315.25,345.43,170.62,1,1,1.000000
1724157146821871600,23,595.64,559.15,508.01,160.21,1,1,1.000000
1724157146821871600,25,456.36,614.42,366.98,101.29,1,1,1.000000
1724157146821871600,26,0.19,68.96,192.11,74.73,1,1,1.000000
1724157146854335400,21,737.67,316.37,352.54,175.35,1,1,1.000000
1724157146854335400,23,620.61,558.51,509.92,160.82,1,1,1.000000
1724157146854335400,25,475.92,606.01,362.96,112.56,1,1,1.000000
1724157146854335400,26,0.31,63.17,205.23,88.00,1,1,1.000000
1724157146901579600,21,763.34,320.60,356.12,179.98,1,1,1.000000
1724157146901579600,23,643.13,555.03,504.20,164.39,1,1,1.000000
1724157146901579600,25,497.48,603.58,364.16,115.78,1,1,1.000000
1724157146901579600,26,0.42,62.99,221.50,90.07,1,1,1.000000
1724157146932627800,21,778.18,334.73,374.69,172.64,1,1,1.000000
1724157146932627800,23,662.54,549.89,502.40,169.50,1,1,1.000000
1724157146932627800,25,522.33,616.48,348.19,102.38,1,1,1.000000
1724157146932627800,26,0.37,63.75,227.67,87.85,1,1,1.000000
1724157146986793700,21,801.99,348.20,379.04,170.26,1,1,1.000000
1724157146986793700,23,686.34,545.13,497.43,174.09,1,1,1.000000
1724157146986793700,25,544.07,619.76,338.42,99.53,1,1,1.000000
1724157146986793700,26,0.00,62.97,251.73,85.03,1,1,1.000000
1724157147020809200,21,861.73,375.65,382.64,166.16,1,1,1.000000
1724157147020809200,23,743.47,539.36,494.77,180.14,1,1,1.000000
1724157147020809200,25,587.69,624.67,321.27,94.95,1,1,1.000000
1724157147020809200,26,0.00,61.52,282.94,88.66,1,1,1.000000
1724157147098437900,21,881.05,387.76,395.16,162.08,1,1,1.000000
1724157147098437900,23,769.74,542.97,488.70,176.83,1,1,1.000000
1724157147098437900,25,602.00,624.51,316.24,95.06,1,1,1.000000
1724157147098437900,26,0.00,64.50,294.56,85.63,1,1,1.000000
1724157147143433400,21,928.80,392.09,351.41,165.66,1,1,1.000000
1724157147143433400,23,820.23,580.12,458.11,139.62,1,1,1.000000
1724157147143433400,25,636.75,625.94,306.55,93.59,1,1,1.000000
1724157147143433400,26,0.00,63.57,323.02,91.25,1,1,1.000000
1724157147218154600,21,974.56,397.34,306.48,162.28,1,1,1.000000
1724157147218154600,23,905.29,609.66,375.52,110.24,1,1,1.000000
1724157147218154600,25,669.02,624.52,290.44,95.22,1,1,1.000000
1724157147218154600,26,0.00,65.26,356.68,90.99,1,1,1.000000
1724157147218154600,27,0.65,350.81,68.15,83.95,1,1,1.000000
1724157147249556700,21,993.17,397.10,287.52,152.15,1,1,1.000000
1724157147249556700,23,931.81,623.27,347.43,96.43,1,1,1.000000
1724157147249556700,25,683.73,623.60,284.19,96.22,1,1,1.000000
1724157147249556700,26,0.00,66.31,372.63,94.37,1,1,1.000000
1724157147249556700,27,0.42,347.51,76.93,90.22,1,1,1.000000
1724157147294744600,21,1015.06,400.57,265.54,150.29,1,1,1.000000
1724157147294744600,23,970.29,625.90,308.99,93.92,1,1,1.000000
1724157147294744600,25,697.34,621.88,290.92,97.92,1,1,1.000000
1724157147294744600,26,0.77,66.57,386.41,95.58,1,1,1.000000
1724157147294744600,27,0.25,350.07,82.21,94.24,1,1,1.000000
1724157147340567500,21,1030.04,403.13,249.96,153.06,1,1,1.000000
1724157147340567500,23,1000.24,621.06,280.08,98.75,1,1,1.000000
1724157147340567500,25,716.01,621.35,280.01,98.36,1,1,1.000000
1724157147340567500,26,0.30,68.19,400.71,95.56,1,1,1.000000
1724157147340567500,27,0.23,352.59,92.38,105.96,1,1,1.000000
1724157147372445800,21,1052.81,407.06,227.69,151.55,1,1,1.000000
1724157147372445800,23,1028.89,616.93,251.29,102.91,1,1,1.000000
1724157147372445800,25,725.97,619.98,275.04,99.69,1,1,1.000000
1724157147372445800,26,6.48,69.17,410.85,96.44,1,1,1.000000
1724157147372445800,27,0.15,352.26,98.91,115.79,1,1,1.000000
1724157147419951400,21,1107.93,420.62,172.62,123.63,1,1,1.000000
1724157147419951400,23,1072.83,603.98,207.75,115.48,1,1,1.000000
1724157147419951400,25,766.97,624.38,262.53,95.51,1,1,1.000000
1724157147419951400,26,37.56,72.23,406.07,96.41,1,1,1.000000
1724157147419951400,27,0.31,355.33,115.30,128.84,1,1,1.000000
1724157147508370100,21,1127.62,423.57,152.24,114.50,1,1,1.000000
1724157147508370100,23,1103.93,607.12,176.17,112.16,1,1,1.000000
1724157147508370100,25,786.76,628.97,259.40,90.98,1,1,1.000000
1724157147508370100,26,61.72,73.69,398.92,96.96,1,1,1.000000
1724157147508370100,27,0.81,354.31,122.87,140.95,1,1,1.000000
1724157147546970000,21,1154.09,428.61,126.02,102.08,1,1,1.000000
1724157147546970000,23,1136.41,608.81,143.52,109.64,1,1,1.000000
1724157147546970000,25,803.73,633.13,251.38,86.39,1,1,1.000000
1724157147546970000,26,85.15,76.95,390.98,95.97,1,1,1.000000
1724157147546970000,27,0.48,359.39,130.06,133.84,1,1,1.000000
1724157147571677300,21,1180.94,434.87,99.06,86.24,1,1,1.000000
1724157147571677300,23,1167.06,613.36,112.72,97.50,1,1,1.000000
1724157147571677300,25,824.79,637.17,188.08,82.28,1,1,1.000000
1724157147571677300,26,104.00,77.61,389.61,95.71,1,1,1.000000
1724157147571677300,27,0.34,361.40,139.47,134.76,1,1,1.000000
1724157147616369300,21,1236.53,449.38,43.74,76.67,1,1,1.000000
1724157147616369300,25,864.37,649.01,152.47,70.63,1,1,1.000000
1724157147616369300,26,150.55,79.84,370.68,95.99,1,1,1.000000
1724157147616369300,27,0.13,363.96,160.62,137.31,1,1,1.000000
1724157147661224000,26,165.93,79.47,370.67,99.28,1,1,1.000000
1724157147661224000,27,0.23,364.50,172.04,139.94,1,1,1.000000
1724157147691213900,26,184.77,78.14,365.12,101.92,1,1,1.000000
1724157147691213900,27,0.17,364.26,181.53,143.89,1,1,1.000000
1724157147769106000,26,226.04,85.24,353.64,98.48,1,1,1.000000
1724157147769106000,27,0.13,371.40,213.16,168.02,1,1,1.000000
1724157147821931600,26,243.79,84.20,353.37,101.25,1,1,1.000000
1724157147821931600,27,0.00,370.38,233.29,166.99,1,1,1.000000
1724157147858701200,26,268.27,83.24,342.91,102.72,1,1,1.000000
1724157147858701200,27,0.05,372.29,249.82,188.26,1,1,1.000000
1724157147891179100,26,284.71,81.43,342.05,104.37,1,1,1.000000
1724157147891179100,27,0.89,376.06,262.11,202.30,1,1,1.000000
1724157147946090200,26,305.88,82.76,342.85,110.27,1,1,1.000000
1724157147946090200,27,23.27,377.32,256.11,205.20,1,1,1.000000
1724157147980739300,26,323.14,92.82,341.54,102.96,1,1,1.000000
1724157147980739300,27,43.02,377.49,247.19,210.05,1,1,1.000000
1724157148011159400,26,344.09,97.59,335.59,98.26,1,1,1.000000
1724157148011159400,27,65.66,378.10,242.89,209.61,1,1,1.000000
1724157148097885000,26,399.54,100.91,323.93,93.26,1,1,1.000000
1724157148097885000,27,111.74,379.90,233.23,136.11,1,1,1.000000
1724157148174176800,26,432.98,104.61,308.43,89.58,1,1,1.000000
1724157148174176800,27,126.98,380.30,230.71,133.31,1,1,1.000000
1724157148174176800,28,0.23,215.72,144.15,87.66,1,1,1.000000
1724157148174176800,29,0.32,406.39,96.49,79.84,1,1,1.000000
1724157148174176800,30,265.90,0.06,217.91,38.06,1,1,1.000000
1724157148218968700,26,472.74,108.81,302.07,83.63,1,1,1.000000
1724157148218968700,27,149.39,371.45,237.62,210.18,1,1,1.000000
1724157148218968700,28,0.03,217.53,202.15,94.87,1,1,1.000000
1724157148218968700,29,0.45,391.44,169.15,120.83,1,1,1.000000
1724157148218968700,30,286.94,0.03,229.34,44.65,1,1,1.000000
1724157148251949000,26,486.65,109.34,307.25,86.70,1,1,1.000000
1724157148251949000,27,154.37,371.98,242.09,214.45,1,1,1.000000
1724157148251949000,28,0.08,218.09,220.98,97.79,1,1,1.000000
1724157148251949000,29,0.98,411.16,206.57,125.21,1,1,1.000000
1724157148251949000,30,262.78,0.09,267.11,46.48,1,1,1.000000
1724157148342393900,26,526.15,111.42,309.17,87.74,1,1,1.000000
1724157148342393900,27,179.94,393.37,235.67,102.25,1,1,1.000000
1724157148342393900,28,0.42,211.06,260.84,113.11,1,1,1.000000
1724157148342393900,29,0.34,388.22,267.78,143.20,1,1,1.000000
1724157148342393900,30,269.75,0.02,279.09,47.62,1,1,1.000000
1724157148370149700,26,540.77,110.94,312.85,87.92,1,1,1.000000
1724157148370149700,27,199.84,400.76,228.21,99.21,1,1,1.000000
1724157148370149700,28,0.00,207.24,279.73,122.34,1,1,1.000000
1724157148370149700,29,0.10,387.09,290.72,150.76,1,1,1.000000
1724157148370149700,30,296.16,0.03,258.69,47.46,1,1,1.000000
1724157148416356100,26,558.16,111.48,312.22,90.57,1,1,1.000000
1724157148416356100,27,212.06,407.08,227.58,102.61,1,1,1.000000
1724157148416356100,28,0.44,214.17,293.49,119.21,1,1,1.000000
1724157148416356100,29,0.31,385.92,320.38,169.36,1,1,1.000000
1724157148416356100,30,292.28,0.00,276.39,52.19,1,1,1.000000
1724157148464639100,26,589.94,107.82,318.98,97.54,1,1,1.000000
1724157148464639100,28,0.37,232.52,327.90,109.27,1,1,1.000000
1724157148464639100,29,1.08,390.35,456.01,173.55,1,1,1.000000
1724157148464639100,30,303.16,0.00,288.92,51.79,1,1,1.000000
1724157148464639100,33,0.25,12.08,113.76,80.37,1,1,1.000000
1724157148537148100,26,603.64,109.29,323.57,100.43,1,1,1.000000
1724157148537148100,28,0.00,240.07,336.72,107.30,1,1,1.000000
1724157148537148100,29,0.97,390.38,466.72,177.41,1,1,1.000000
1724157148537148100,30,316.34,0.00,287.11,55.70,1,1,1.000000
1724157148537148100,33,0.21,15.33,123.19,81.21,1,1,1.000000
1724157148566779700,26,622.36,113.23,326.29,93.16,1,1,1.000000
1724157148566779700,28,0.00,244.22,360.75,109.09,1,1,1.000000
1724157148566779700,29,0.56,389.24,476.34,174.45,1,1,1.000000
1724157148566779700,30,325.87,0.00,287.37,54.99,1,1,1.000000
1724157148566779700,33,0.04,23.66,127.09,84.00,1,1,1.000000
1724157148613062700,26,639.09,121.07,334.82,84.06,1,1,1.000000
1724157148613062700,28,0.15,245.09,384.51,118.26,1,1,1.000000
1724157148613062700,29,1.61,390.42,500.95,179.34,1,1,1.000000
1724157148613062700,30,330.50,0.00,291.69,52.77,1,1,1.000000
1724157148613062700,33,0.27,30.20,132.10,86.58,1,1,1.000000
1724157148661212400,26,682.96,122.73,339.31,78.27,1,1,1.000000
1724157148661212400,28,1.55,250.79,428.31,130.82,1,1,1.000000
1724157148661212400,29,0.00,392.81,564.41,174.60,1,1,1.000000
1724157148661212400,30,349.41,0.03,291.67,53.28,1,1,1.000000
1724157148661212400,33,0.54,40.64,135.27,97.17,1,1,1.000000
1724157148735258100,26,715.15,120.55,341.76,82.19,1,1,1.000000
1724157148735258100,28,2.24,258.35,469.67,138.70,1,1,1.000000
1724157148735258100,29,0.00,393.13,619.01,225.55,1,1,1.000000
1724157148735258100,30,380.94,0.00,288.88,57.72,1,1,1.000000
1724157148735258100,33,0.06,42.26,149.49,95.12,1,1,1.000000
1724157148781700700,26,730.60,119.15,345.64,85.82,1,1,1.000000
1724157148781700700,28,11.74,258.69,478.41,152.69,1,1,1.000000
1724157148781700700,29,0.05,391.97,645.70,205.18,1,1,1.000000
1724157148781700700,30,391.07,0.00,293.60,61.03,1,1,1.000000
1724157148781700700,33,0.18,47.18,154.64,98.54,1,1,1.000000
1724157148781700700,34,82.39,0.02,175.25,64.47,1,1,1.000000
1724157148813432300,26,743.16,118.83,353.32,87.39,1,1,1.000000
1724157148813432300,28,65.34,261.80,444.20,149.29,1,1,1.000000
1724157148813432300,29,50.45,393.31,617.83,179.63,1,1,1.000000
1724157148813432300,30,404.25,0.00,297.91,61.72,1,1,1.000000
1724157148813432300,33,0.11,49.75,160.10,96.90,1,1,1.000000
1724157148813432300,34,87.32,0.08,178.53,67.48,1,1,1.000000
1724157148886914800,26,771.87,119.37,363.87,88.80,1,1,1.000000
1724157148886914800,28,140.22,268.75,407.17,122.67,1,1,1.000000
1724157148886914800,29,154.89,396.34,564.36,150.55,1,1,1.000000
1724157148886914800,30,432.27,0.27,288.49,62.28,1,1,1.000000
1724157148886914800,33,0.34,56.86,176.49,101.89,1,1,1.000000
1724157148886914800,34,89.01,0.08,173.07,81.74,1,1,1.000000
1724157148935508100,26,790.84,119.25,362.68,93.84,1,1,1.000000
1724157148935508100,28,152.09,273.90,418.09,108.81,1,1,1.000000
1724157148935508100,29,204.26,395.43,545.64,165.41,1,1,1.000000
1724157148935508100,30,448.75,0.21,285.84,62.71,1,1,1.000000
1724157148935508100,33,0.46,57.87,180.98,101.66,1,1,1.000000
1724157148935508100,34,93.13,0.17,175.61,80.53,1,1,1.000000
1724157148935508100,35,0.72,212.62,57.58,58.15,1,1,1.000000
1724157148978137900,26,808.12,121.65,369.34,94.00,1,1,1.000000
1724157148978137900,28,164.75,278.45,423.98,100.32,1,1,1.000000
1724157148978137900,29,241.15,392.76,545.58,172.76,1,1,1.000000
1724157148978137900,30,461.66,0.17,294.81,64.38,1,1,1.000000
1724157148978137900,33,0.32,64.28,186.34,98.08,1,1,1.000000
1724157148978137900,34,94.01,0.16,181.30,82.23,1,1,1.000000
1724157148978137900,35,0.82,214.86,70.49,60.64,1,1,1.000000
1724157149007949800,26,823.87,123.17,373.69,92.11,1,1,1.000000
1724157149007949800,28,187.17,279.98,416.82,100.61,1,1,1.000000
1724157149007949800,29,265.86,391.32,551.23,177.55,1,1,1.000000
1724157149007949800,30,477.01,0.05,288.15,65.46,1,1,1.000000
1724157149007949800,33,0.63,66.58,189.94,102.22,1,1,1.000000
1724157149007949800,34,99.88,0.18,179.23,85.26,1,1,1.000000
1724157149007949800,35,0.41,216.23,81.58,65.81,1,1,1.000000
1724157149052456400,26,842.28,123.95,381.03,91.14,1,1,1.000000
1724157149052456400,28,211.47,281.50,421.73,102.10,1,1,1.000000
1724157149052456400,29,300.45,389.93,549.41,185.87,1,1,1.000000
1724157149052456400,30,485.02,0.11,290.59,69.11,1,1,1.000000
1724157149052456400,33,0.47,70.60,197.13,96.09,1,1,1.000000
1724157149052456400,34,100.79,0.29,189.07,75.51,1,1,1.000000
1724157149052456400,35,0.39,216.00,95.98,69.36,1,1,1.000000
1724157149098173000,26,880.41,126.63,394.70,88.19,1,1,1.000000
1724157149098173000,27,391.12,430.45,166.87,61.90,1,1,1.000000
1724157149098173000,28,271.66,278.69,404.08,112.87,1,1,1.000000
1724157149098173000,29,373.31,383.81,539.96,207.27,1,1,1.000000
1724157149098173000,30,494.65,0.00,305.42,78.29,1,1,1.000000
1724157149098173000,33,0.58,83.16,206.80,90.23,1,1,1.000000
1724157149098173000,34,0.00,0.00,285.69,72.80,1,1,1.000000
1724157149098173000,35,1.05,221.67,122.65,87.30,1,1,1.000000
1724157149176098600,26,898.57,130.45,381.05,85.93,1,1,1.000000
1724157149176098600,27,376.63,430.73,201.84,156.50,1,1,1.000000
1724157149176098600,28,299.35,281.35,398.54,118.46,1,1,1.000000
1724157149176098600,29,442.58,384.45,501.57,203.36,1,1,1.000000
1724157149176098600,30,497.00,0.00,317.51,82.21,1,1,1.000000
1724157149176098600,33,0.35,85.93,213.64,88.98,1,1,1.000000
1724157149176098600,34,0.00,0.17,289.89,73.59,1,1,1.000000
1724157149176098600,35,0.69,242.34,132.13,65.49,1,1,1.000000
1724157149219853000,26,920.88,129.57,359.10,88.27,1,1,1.000000
1724157149219853000,27,396.59,429.70,179.22,157.52,1,1,1.000000
1724157149219853000,28,323.11,292.29,392.83,115.36,1,1,1.000000
1724157149219853000,29,484.44,386.34,492.97,187.72,1,1,1.000000
1724157149219853000,30,503.86,0.52,322.52,83.59,1,1,1.000000
1724157149219853000,33,0.58,87.31,217.20,91.21,1,1,1.000000
1724157149219853000,34,0.00,0.00,295.69,76.68,1,1,1.000000
1724157149219853000,35,0.43,222.29,141.21,82.97,1,1,1.000000
1724157149251550600,26,938.85,129.90,340.68,91.47,1,1,1.000000
1724157149251550600,27,415.40,431.66,172.07,150.89,1,1,1.000000
1724157149251550600,28,348.46,299.85,386.42,114.16,1,1,1.000000
1724157149251550600,29,526.75,390.31,479.36,162.92,1,1,1.000000
1724157149251550600,30,515.04,0.23,328.71,86.30,1,1,1.000000
1724157149251550600,33,1.23,90.21,219.13,92.28,1,1,1.000000
1724157149251550600,34,105.21,0.58,195.72,84.51,1,1,1.000000
1724157149251550600,35,0.48,223.28,149.95,83.41,1,1,1.000000
1724157149251550600,38,0.64,0.00,106.36,70.78,1,1,1.000000
1724157149298219900,26,979.79,131.66,300.45,91.39,1,1,1.000000
1724157149298219900,27,440.82,438.84,216.67,111.51,1,1,1.000000
1724157149298219900,28,407.10,311.73,372.17,114.48,1,1,1.000000
1724157149298219900,29,570.80,397.99,496.12,137.96,1,1,1.000000
1724157149298219900,30,542.93,0.74,333.77,93.09,1,1,1.000000
1724157149298219900,33,1.43,97.68,227.04,98.78,1,1,1.000000
1724157149298219900,34,111.26,1.77,203.24,81.21,1,1,1.000000
1724157149298219900,35,0.33,225.89,180.18,84.71,1,1,1.000000
1724157149298219900,38,0.45,0.07,117.67,77.55,1,1,1.000000
1724157149298219900,39,0.21,447.88,55.58,73.24,1,1,1.000000
1724157149340785100,26,1003.50,132.11,276.43,95.46,1,1,1.000000
1724157149340785100,27,442.58,438.40,225.91,117.99,1,1,1.000000
1724157149340785100,28,434.37,317.71,357.02,112.16,1,1,1.000000
1724157149340785100,29,601.18,402.74,492.70,143.69,1,1,1.000000
1724157149340785100,30,553.62,1.36,336.72,94.16,1,1,1.000000
1724157149340785100,33,2.98,101.12,234.57,102.33,1,1,1.000000
1724157149340785100,34,113.47,2.44,203.85,83.93,1,1,1.000000
1724157149340785100,35,0.12,225.66,193.16,87.43,1,1,1.000000
1724157149340785100,38,0.48,0.00,120.81,85.13,1,1,1.000000
1724157149340785100,39,0.23,451.77,70.78,75.07,1,1,1.000000
1724157149375507500,26,1015.05,134.16,264.90,95.28,1,1,1.000000
1724157149375507500,27,443.21,440.90,237.15,118.83,1,1,1.000000
1724157149375507500,28,461.46,321.78,349.77,113.66,1,1,1.000000
1724157149375507500,29,625.47,407.72,499.87,143.83,1,1,1.000000
1724157149375507500,30,574.45,1.52,329.63,94.74,1,1,1.000000
1724157149375507500,33,5.89,99.85,239.69,105.00,1,1,1.000000
1724157149375507500,34,121.55,2.99,198.23,85.60,1,1,1.000000
1724157149375507500,35,0.06,227.02,212.29,94.24,1,1,1.000000
1724157149375507500,38,0.96,0.10,122.55,84.53,1,1,1.000000
1724157149375507500,39,0.07,452.52,88.56,78.18,1,1,1.000000
1724157149418541600,26,1029.61,135.07,250.18,93.35,1,1,1.000000
1724157149418541600,27,444.20,444.52,249.81,114.49,1,1,1.000000
1724157149418541600,28,477.10,317.93,359.44,128.44,1,1,1.000000
1724157149418541600,29,656.69,409.42,506.09,148.79,1,1,1.000000
1724157149418541600,30,592.54,2.79,327.71,93.68,1,1,1.000000
1724157149418541600,33,3.02,100.55,249.36,102.78,1,1,1.000000
1724157149418541600,34,125.74,3.13,199.40,86.87,1,1,1.000000
1724157149418541600,35,0.00,225.72,222.51,96.71,1,1,1.000000
1724157149418541600,38,0.93,0.04,137.17,87.47,1,1,1.000000
1724157149418541600,39,0.12,454.15,105.53,87.65,1,1,1.000000
1724157149450496900,26,1042.75,138.37,237.10,92.42,1,1,1.000000
1724157149450496900,27,447.43,446.76,254.55,110.82,1,1,1.000000
1724157149450496900,28,495.07,317.62,353.99,136.19,1,1,1.000000
1724157149450496900,29,681.32,411.24,516.79,144.16,1,1,1.000000
1724157149450496900,30,604.43,7.39,328.93,91.31,1,1,1.000000
1724157149450496900,33,48.96,100.77,212.47,107.60,1,1,1.000000
1724157149450496900,34,126.60,5.07,200.53,86.35,1,1,1.000000
1724157149450496900,35,0.00,222.73,232.48,104.77,1,1,1.000000
1724157149450496900,38,1.07,0.28,145.43,87.96,1,1,1.000000
1724157149450496900,39,0.00,455.83,117.72,87.97,1,1,1.000000
1724157149495236300,26,1062.01,146.32,217.84,85.05,1,1,1.000000
1724157149495236300,27,448.45,448.31,261.99,111.00,1,1,1.000000
1724157149495236300,28,511.13,316.46,356.66,141.29,1,1,1.000000
1724157149495236300,29,703.50,414.88,530.31,143.34,1,1,1.000000
1724157149495236300,30,619.00,7.84,327.14,94.40,1,1,1.000000
1724157149495236300,33,68.46,100.79,208.81,107.54,1,1,1.000000
1724157149495236300,34,136.66,9.42,193.90,84.25,1,1,1.000000
1724157149495236300,35,0.37,222.87,243.23,116.67,1,1,1.000000
1724157149495236300,38,1.65,0.55,166.58,90.79,1,1,1.000000
1724157149495236300,39,0.38,457.37,131.24,97.90,1,1,1.000000
1724157149495236300,42,0.30,113.51,131.23,68.49,1,1,1.000000
1724157149538292500,26,1104.38,158.14,175.18,72.66,1,1,1.000000
1724157149538292500,27,460.15,458.54,265.97,95.48,1,1,1.000000
1724157149538292500,28,556.64,319.36,353.56,156.66,1,1,1.000000
1724157149538292500,29,766.13,419.59,512.57,156.02,1,1,1.000000
1724157149538292500,30,652.68,14.57,325.67,93.97,1,1,1.000000
1724157149538292500,33,103.51,108.65,197.16,85.96,1,1,1.000000
1724157149538292500,34,144.22,16.54,198.70,83.37,1,1,1.000000
1724157149538292500,35,0.00,236.54,278.08,107.28,1,1,1.000000
1724157149538292500,38,5.25,0.96,143.21,97.89,1,1,1.000000
1724157149538292500,39,0.66,471.51,156.49,131.86,1,1,1.000000
1724157149538292500,42,0.49,108.01,110.66,78.85,1,1,1.000000
1724157149614642100,26,1127.69,155.54,152.12,75.09,1,1,1.000000
1724157149614642100,27,472.19,461.48,260.15,91.18,1,1,1.000000
1724157149614642100,28,575.72,328.02,355.59,156.87,1,1,1.000000
1724157149614642100,29,799.58,422.88,478.58,167.47,1,1,1.000000
1724157149614642100,30,665.22,16.65,330.11,99.67,1,1,1.000000
1724157149614642100,33,130.80,110.97,179.32,83.52,1,1,1.000000
1724157149614642100,34,148.02,19.39,196.51,85.24,1,1,1.000000
1724157149614642100,35,0.20,240.81,294.27,105.53,1,1,1.000000
1724157149614642100,38,12.90,2.22,138.07,100.94,1,1,1.000000
1724157149614642100,39,0.47,475.03,171.56,132.29,1,1,1.000000
1724157149614642100,42,0.62,112.11,110.98,81.06,1,1,1.000000
1724157149663448700,26,1167.07,163.81,113.11,73.17,1,1,1.000000
1724157149663448700,27,482.15,467.91,262.26,89.26,1,1,1.000000
1724157149663448700,28,609.91,340.74,352.72,159.73,1,1,1.000000
1724157149663448700,29,866.37,430.93,412.20,162.36,1,1,1.000000
1724157149663448700,30,687.09,17.89,341.02,104.74,1,1,1.000000
1724157149663448700,33,138.07,115.35,192.12,84.13,1,1,1.000000
1724157149663448700,34,153.69,31.13,199.25,81.47,1,1,1.000000
1724157149663448700,35,0.58,245.84,319.72,107.60,1,1,1.000000
1724157149663448700,38,0.90,1.09,157.15,110.61,1,1,1.000000
1724157149663448700,39,0.17,488.88,202.65,132.50,1,1,1.000000
1724157149663448700,42,0.59,117.69,117.38,81.24,1,1,1.000000
1724157149692285500,26,1190.88,168.76,88.94,72.33,1,1,1.000000
1724157149692285500,27,483.48,469.91,271.55,91.98,1,1,1.000000
1724157149692285500,28,626.92,347.08,353.83,162.78,1,1,1.000000
1724157149692285500,29,890.62,438.60,388.47,159.32,1,1,1.000000
1724157149692285500,30,692.66,22.61,344.69,102.69,1,1,1.000000
1724157149692285500,33,142.65,120.14,198.27,89.78,1,1,1.000000
1724157149692285500,34,158.19,34.00,196.38,81.44,1,1,1.000000
1724157149692285500,35,0.37,246.71,332.98,112.89,1,1,1.000000
1724157149692285500,38,2.85,15.44,158.57,102.03,1,1,1.000000
1724157149692285500,39,0.10,490.36,222.37,138.12,1,1,1.000000
1724157149692285500,42,0.67,122.18,122.80,81.83,1,1,1.000000
1724157149736405500,26,1215.10,173.26,64.89,71.00,1,1,1.000000
1724157149736405500,27,488.00,469.68,282.55,98.86,1,1,1.000000
1724157149736405500,28,644.12,354.96,345.03,157.98,1,1,1.000000
1724157149736405500,29,910.92,444.85,368.00,157.12,1,1,1.000000
1724157149736405500,30,703.54,26.66,352.09,104.43,1,1,1.000000
1724157149736405500,33,143.24,122.12,206.41,87.94,1,1,1.000000
1724157149736405500,34,162.53,35.92,195.20,82.18,1,1,1.000000
1724157149736405500,35,0.94,252.00,342.64,110.38,1,1,1.000000
1724157149736405500,38,33.74,28.85,134.35,91.69,1,1,1.000000
1724157149736405500,39,0.26,483.84,232.27,149.77,1,1,1.000000
1724157149736405500,42,0.59,128.49,122.76,81.14,1,1,1.000000
1724157149781080500,27,494.39,469.24,283.57,108.35,1,1,1.000000
1724157149781080500,28,665.48,371.23,390.14,177.64,1,1,1.000000
1724157149781080500,29,932.32,460.76,346.84,146.83,1,1,1.000000
1724157149781080500,30,714.14,32.22,350.68,101.63,1,1,1.000000
1724157149781080500,33,144.01,129.62,214.40,99.20,1,1,1.000000
1724157149781080500,34,167.21,45.57,188.60,74.43,1,1,1.000000
1724157149781080500,35,1.75,255.74,356.38,104.45,1,1,1.000000
1724157149781080500,38,46.07,41.47,125.76,91.07,1,1,1.000000
1724157149781080500,39,0.00,479.74,249.13,167.38,1,1,1.000000
1724157149781080500,42,0.63,131.87,125.44,88.52,1,1,1.000000
1724157149858453000,27,505.76,471.50,286.24,106.71,1,1,1.000000
1724157149858453000,28,712.86,398.90,376.22,171.54,1,1,1.000000
1724157149858453000,29,956.75,460.39,323.88,148.39,1,1,1.000000
1724157149858453000,30,743.19,39.29,359.38,100.06,1,1,1.000000
1724157149858453000,33,126.63,137.57,242.31,93.05,1,1,1.000000
1724157149858453000,34,174.87,53.65,180.10,76.75,1,1,1.000000
1724157149858453000,35,2.30,261.86,389.30,116.19,1,1,1.000000
1724157149858453000,38,39.56,39.86,137.32,107.76,1,1,1.000000
1724157149858453000,39,0.45,492.80,285.63,169.46,1,1,1.000000
1724157149858453000,42,0.93,145.18,121.52,82.03,1,1,1.000000
1724157149901003600,27,516.70,477.57,279.88,102.11,1,1,1.000000
1724157149901003600,28,740.94,407.02,374.05,175.42,1,1,1.000000
1724157149901003600,29,988.10,461.91,292.07,151.04,1,1,1.000000
1724157149901003600,30,761.11,43.05,360.24,99.59,1,1,1.000000
1724157149901003600,33,120.09,139.29,252.38,87.12,1,1,1.000000
1724157149901003600,34,180.65,60.38,180.01,74.30,1,1,1.000000
1724157149901003600,35,3.52,267.38,400.87,109.92,1,1,1.000000
1724157149901003600,38,25.10,39.64,154.09,114.69,1,1,1.000000
1724157149901003600,39,0.13,497.77,302.34,175.01,1,1,1.000000
1724157149901003600,42,1.09,152.91,117.23,78.14,1,1,1.000000
1724157149901003600,45,191.61,0.00,199.59,45.10,1,1,1.000000
1724157149933372700,27,524.98,483.21,278.17,101.36,1,1,1.000000
1724157149933372700,28,755.91,407.85,382.99,186.18,1,1,1.000000
1724157149933372700,29,1010.11,469.00,269.96,151.62,1,1,1.000000
1724157149933372700,30,776.52,48.60,359.44,98.27,1,1,1.000000
1724157149933372700,33,113.10,146.89,266.02,81.75,1,1,1.000000
1724157149933372700,34,184.02,66.96,176.29,73.95,1,1,1.000000
1724157149933372700,35,5.31,275.77,418.52,114.17,1,1,1.000000
1724157149933372700,38,6.12,55.53,171.42,107.38,1,1,1.000000
1724157149933372700,39,0.19,502.51,320.41,157.11,1,1,1.000000
1724157149933372700,42,0.55,165.02,114.11,70.34,1,1,1.000000
1724157149933372700,45,193.28,0.00,205.87,50.26,1,1,1.000000
1724157149977649000,27,531.33,496.75,280.70,91.18,1,1,1.000000
1724157149977649000,28,766.78,408.05,396.73,196.21,1,1,1.000000
1724157149977649000,29,1038.67,476.39,241.30,139.12,1,1,1.000000
1724157149977649000,30,792.87,54.35,378.70,97.40,1,1,1.000000
1724157149977649000,33,107.52,152.31,278.75,76.62,1,1,1.000000
1724157149977649000,34,196.30,70.64,167.84,75.75,1,1,1.000000
1724157149977649000,35,4.08,283.30,433.17,98.73,1,1,1.000000
1724157149977649000,38,1.87,61.19,178.37,111.81,1,1,1.000000
1724157149977649000,39,0.67,508.67,338.80,141.97,1,1,1.000000
1724157149977649000,42,0.40,174.30,106.91,65.54,1,1,1.000000
1724157149977649000,45,194.05,0.00,207.10,54.43,1,1,1.000000
1724157150008095100,27,541.30,504.02,280.56,92.94,1,1,1.000000
1724157150008095100,28,778.80,413.69,402.49,203.27,1,1,1.000000
1724157150008095100,29,1064.79,483.68,215.31,134.87,1,1,1.000000
1724157150008095100,30,799.48,61.01,372.54,97.03,1,1,1.000000
1724157150008095100,33,96.30,153.96,297.58,85.15,1,1,1.000000
1724157150008095100,34,201.90,68.44,161.75,83.99,1,1,1.000000
1724157150008095100,35,38.07,291.53,419.53,92.91,1,1,1.000000
1724157150008095100,38,2.19,61.14,178.04,112.66,1,1,1.000000
1724157150008095100,39,0.55,510.18,355.48,146.68,1,1,1.000000
1724157150008095100,42,0.52,176.42,101.99,79.47,1,1,1.000000
1724157150008095100,45,197.07,0.01,207.87,58.29,1,1,1.000000
1724157150056669600,27,546.97,509.57,283.50,101.18,1,1,1.000000
1724157150056669600,28,796.81,418.28,403.61,214.27,1,1,1.000000
1724157150056669600,29,1085.78,492.65,194.07,130.12,1,1,1.000000
1724157150056669600,30,810.75,65.43,376.37,101.10,1,1,1.000000
1724157150056669600,33,91.65,157.95,305.52,84.65,1,1,1.000000
1724157150056669600,34,203.00,67.25,162.03,93.49,1,1,1.000000
1724157150056669600,35,67.99,296.90,403.65,95.67,1,1,1.000000
1724157150056669600,38,10.60,68.52,179.34,111.94,1,1,1.000000
1724157150056669600,39,0.19,505.85,376.09,161.90,1,1,1.000000
1724157150056669600,42,0.66,178.39,104.96,90.87,1,1,1.000000
1724157150056669600,45,188.16,0.10,221.67,63.47,1,1,1.000000
1724157150056669600,46,0.12,13.08,54.75,75.42,1,1,1.000000
1724157150056669600,47,923.58,0.00,181.89,20.81,1,1,1.000000
1724157150100942600,27,579.37,512.29,268.87,115.07,1,1,1.000000
1724157150100942600,28,831.42,438.90,419.62,230.41,1,1,1.000000
1724157150100942600,29,1139.38,518.92,140.43,98.76,1,1,1.000000
1724157150100942600,30,851.17,78.77,371.59,100.44,1,1,1.000000
1724157150100942600,33,93.77,163.66,322.28,101.16,1,1,1.000000
1724157150100942600,34,207.10,71.89,158.13,107.55,1,1,1.000000
1724157150100942600,35,119.50,307.86,383.09,96.59,1,1,1.000000
1724157150100942600,38,34.21,78.85,168.32,112.79,1,1,1.000000
1724157150100942600,39,0.65,520.69,414.72,134.23,1,1,1.000000
1724157150100942600,42,0.59,196.15,112.23,85.62,1,1,1.000000
1724157150100942600,45,183.72,0.36,233.93,74.56,1,1,1.000000
1724157150100942600,46,0.37,22.67,57.21,85.90,1,1,1.000000
1724157150100942600,47,920.08,0.04,198.64,34.31,1,1,1.000000
1724157150100942600,48,123.10,0.90,70.29,89.61,1,1,1.000000
1724157150100942600,49,410.43,0.10,126.15,23.93,1,1,1.000000
1724157150176421700,27,604.21,524.95,258.71,117.74,1,1,1.000000
1724157150176421700,28,856.82,475.31,421.20,226.09,1,1,1.000000
1724157150176421700,29,1189.53,551.58,90.16,91.33,1,1,1.000000
1724157150176421700,30,875.14,93.10,391.58,95.89,1,1,1.000000
1724157150176421700,33,109.78,175.86,318.19,97.17,1,1,1.000000
1724157150176421700,34,202.47,82.04,157.16,104.14,1,1,1.000000
1724157150176421700,35,142.14,319.92,389.62,92.32,1,1,1.000000
1724157150176421700,38,56.03,90.26,142.32,115.77,1,1,1.000000
1724157150176421700,39,0.00,541.60,459.98,114.17,1,1,1.000000
1724157150176421700,42,1.07,198.28,108.58,92.97,1,1,1.000000
1724157150176421700,45,168.65,0.05,256.39,86.38,1,1,1.000000
1724157150176421700,46,0.18,33.15,60.27,90.52,1,1,1.000000
1724157150176421700,47,896.52,0.06,240.20,50.52,1,1,1.000000
1724157150176421700,48,119.29,0.49,67.50,98.16,1,1,1.000000
1724157150176421700,49,375.53,0.13,157.73,34.58,1,1,1.000000
1724157150207281500,27,616.45,527.85,253.65,121.84,1,1,1.000000
1724157150207281500,28,872.06,492.98,405.22,222.66,1,1,1.000000
1724157150207281500,29,1216.27,569.23,63.60,103.49,1,1,1.000000
1724157150207281500,30,874.28,98.41,404.87,98.18,1,1,1.000000
1724157150207281500,33,117.84,179.17,317.81,97.65,1,1,1.000000
1724157150207281500,34,199.48,86.91,155.46,107.45,1,1,1.000000
1724157150207281500,35,142.22,324.15,403.83,96.50,1,1,1.000000
1724157150207281500,38,63.77,94.61,135.66,119.64,1,1,1.000000
1724157150207281500,39,1.19,548.11,477.10,111.19,1,1,1.000000
1724157150207281500,42,1.80,197.12,114.84,91.82,1,1,1.000000
1724157150207281500,45,153.58,0.18,273.27,90.78,1,1,1.000000
1724157150207281500,46,0.19,39.04,54.49,85.23,1,1,1.000000
1724157150207281500,47,836.22,0.00,308.61,60.15,1,1,1.000000
1724157150207281500,48,120.29,1.61,65.99,100.11,1,1,1.000000
1724157150207281500,49,372.06,0.09,161.25,38.26,1,1,1.000000
1724157150253488700,27,611.40,531.89,266.98,127.14,1,1,1.000000
1724157150253488700,28,894.81,514.05,383.30,204.95,1,1,1.000000
1724157150253488700,29,1234.33,588.10,46.16,130.56,1,1,1.000000
1724157150253488700,30,875.14,106.62,403.85,98.89,1,1,1.000000
1724157150253488700,33,127.04,187.00,314.93,98.44,1,1,1.000000
1724157150253488700,34,198.80,91.97,155.13,106.92,1,1,1.000000
1724157150253488700,35,158.14,328.82,401.50,114.19,1,1,1.000000
1724157150253488700,38,66.71,97.22,128.56,127.22,1,1,1.000000
1724157150253488700,39,51.65,546.42,454.12,121.35,1,1,1.000000
1724157150253488700,42,10.46,198.31,109.60,96.44,1,1,1.000000
1724157150253488700,45,151.37,0.40,281.17,95.27,1,1,1.000000
1724157150253488700,46,0.01,43.27,54.04,88.62,1,1,1.000000
1724157150253488700,47,836.88,0.00,318.31,67.49,1,1,1.000000
1724157150253488700,49,362.72,0.01,173.98,41.46,1,1,1.000000
1724157150299296800,27,610.47,532.17,271.46,135.95,1,1,1.000000
1724157150299296800,28,913.66,533.81,366.05,186.30,1,1,1.000000
1724157150299296800,30,882.04,112.44,397.22,100.33,1,1,1.000000
1724157150299296800,33,131.88,187.59,311.78,105.79,1,1,1.000000
1724157150299296800,34,200.02,93.90,150.57,111.12,1,1,1.000000
1724157150299296800,35,171.49,333.05,405.54,126.53,1,1,1.000000
1724157150299296800,38,67.79,105.00,126.89,124.34,1,1,1.000000
1724157150299296800,39,50.94,542.87,475.67,157.71,1,1,1.000000
1724157150299296800,42,9.51,196.63,113.50,105.80,1,1,1.000000
1724157150299296800,45,146.73,1.04,290.17,99.21,1,1,1.000000
1724157150299296800,46,0.16,49.09,51.51,82.03,1,1,1.000000
1724157150299296800,47,840.62,0.06,323.21,77.66,1,1,1.000000
1724157150299296800,49,348.79,0.00,187.34,46.75,1,1,1.000000
1724157150329928600,27,610.25,540.11,275.09,136.01,1,1,1.000000
1724157150329928600,28,929.94,541.95,349.38,178.18,1,1,1.000000
1724157150329928600,30,889.72,122.46,389.34,95.39,1,1,1.000000
1724157150329928600,33,146.35,195.40,302.22,111.90,1,1,1.000000
1724157150329928600,34,196.52,103.04,152.51,111.55,1,1,1.000000
1724157150329928600,35,201.86,339.36,389.83,119.98,1,1,1.000000
1724157150329928600,38,76.65,107.74,115.26,125.44,1,1,1.000000
1724157150329928600,39,80.68,547.39,470.53,170.99,1,1,1.000000
1724157150329928600,42,8.91,200.48,119.99,102.78,1,1,1.000000
1724157150329928600,45,143.07,1.34,294.48,104.82,1,1,1.000000
1724157150329928600,46,0.15,55.20,50.87,77.26,1,1,1.000000
1724157150329928600,47,846.36,0.00,324.00,86.93,1,1,1.000000
1724157150329928600,49,313.70,0.00,220.76,52.33,1,1,1.000000
1724157150376196500,27,615.94,547.31,276.26,134.70,1,1,1.000000
1724157150376196500,28,945.21,547.06,334.10,172.92,1,1,1.000000
1724157150376196500,30,902.45,128.98,376.52,99.76,1,1,1.000000
1724157150376196500,33,164.16,202.19,292.35,114.81,1,1,1.000000
1724157150376196500,34,198.83,107.24,148.67,110.82,1,1,1.000000
1724157150376196500,35,230.82,348.01,378.61,93.66,1,1,1.000000
1724157150376196500,38,85.49,117.31,103.70,119.13,1,1,1.000000
1724157150376196500,39,148.48,559.95,433.71,145.75,1,1,1.000000
1724157150376196500,42,4.80,211.18,128.60,96.94,1,1,1.000000
1724157150376196500,45,134.77,10.98,309.41,103.42,1,1,1.000000
1724157150376196500,46,0.00,59.20,52.53,75.17,1,1,1.000000
1724157150376196500,47,856.80,0.19,321.01,95.62,1,1,1.000000
1724157150376196500,49,317.36,0.00,224.06,58.37,1,1,1.000000
1724157150425316300,27,622.02,566.61,275.61,119.87,1,1,1.000000
1724157150425316300,28,959.80,552.92,319.98,167.29,1,1,1.000000
1724157150425316300,30,910.17,136.28,368.91,98.20,1,1,1.000000
1724157150425316300,33,179.05,210.44,280.75,108.08,1,1,1.000000
1724157150425316300,34,195.90,116.47,150.30,107.82,1,1,1.000000
1724157150425316300,35,257.55,355.46,367.65,86.97,1,1,1.000000
1724157150425316300,38,90.35,122.34,96.54,119.57,1,1,1.000000
1724157150425316300,39,202.41,574.32,409.88,125.22,1,1,1.000000
1724157150425316300,42,1.57,222.13,136.17,96.13,1,1,1.000000
1724157150425316300,45,132.60,15.91,309.16,105.44,1,1,1.000000
1724157150425316300,46,0.09,68.62,65.33,74.28,1,1,1.000000
1724157150425316300,47,865.72,0.08,320.50,105.59,1,1,1.000000
1724157150425316300,49,316.43,0.00,220.91,62.74,1,1,1.000000
1724157150425316300,50,0.78,0.00,97.26,60.57,1,1,1.000000
1724157150450237000,27,625.10,570.58,276.53,121.71,1,1,1.000000
1724157150450237000,28,977.18,563.83,302.27,156.55,1,1,1.000000
1724157150450237000,30,928.17,144.23,350.44,97.13,1,1,1.000000
1724157150450237000,33,194.43,212.14,272.07,106.17,1,1,1.000000
1724157150450237000,34,202.81,128.65,140.57,102.23,1,1,1.000000
1724157150450237000,35,285.48,362.62,354.80,88.34,1,1,1.000000
1724157150450237000,38,100.73,133.15,87.00,116.42,1,1,1.000000
1724157150450237000,39,264.57,578.93,380.52,125.91,1,1,1.000000
1724157150450237000,42,1.17,227.92,137.67,87.54,1,1,1.000000
1724157150450237000,45,130.22,18.21,310.80,106.71,1,1,1.000000
1724157150450237000,46,0.25,74.44,80.20,74.78,1,1,1.000000
1724157150450237000,47,874.17,3.44,316.96,111.74,1,1,1.000000
1724157150450237000,49,318.54,0.00,220.96,67.92,1,1,1.000000
1724157150450237000,50,0.07,0.23,96.32,63.97,1,1,1.000000
1724157150450237000,51,0.59,174.39,77.49,61.45,1,1,1.000000
1724157150496125700,27,631.75,573.58,276.30,125.35,1,1,1.000000
1724157150496125700,28,993.45,578.46,284.88,141.80,1,1,1.000000
1724157150496125700,30,942.24,152.99,336.62,99.85,1,1,1.000000
1724157150496125700,33,195.69,214.31,280.77,101.92,1,1,1.000000
1724157150496125700,34,209.02,132.27,132.06,103.88,1,1,1.000000
1724157150496125700,35,304.87,364.88,355.59,92.52,1,1,1.000000
1724157150496125700,38,103.53,140.97,80.47,113.07,1,1,1.000000
1724157150496125700,39,281.52,602.18,400.24,103.33,1,1,1.000000
1724157150496125700,42,0.67,231.39,138.27,92.36,1,1,1.000000
1724157150496125700,45,125.00,19.47,318.26,111.43,1,1,1.000000
1724157150496125700,46,0.25,80.67,90.80,80.47,1,1,1.000000
1724157150496125700,47,885.21,15.80,311.31,108.85,1,1,1.000000
1724157150496125700,49,321.38,0.00,221.71,72.79,1,1,1.000000
1724157150496125700,50,0.00,0.05,98.27,71.15,1,1,1.000000
1724157150496125700,51,0.61,179.04,74.49,64.29,1,1,1.000000
1724157150529369300,27,636.74,577.59,276.69,131.22,1,1,1.000000
1724157150529369300,28,1012.05,596.95,267.26,123.02,1,1,1.000000
1724157150529369300,30,958.60,162.36,321.17,103.09,1,1,1.000000
1724157150529369300,33,196.80,223.09,289.41,85.27,1,1,1.000000
1724157150529369300,34,215.15,135.35,125.43,108.24,1,1,1.000000
1724157150529369300,35,309.97,368.63,375.89,99.26,1,1,1.000000
1724157150529369300,38,104.74,143.71,75.75,120.61,1,1,1.000000
1724157150529369300,39,305.51,605.01,415.94,112.92,1,1,1.000000
1724157150529369300,42,0.90,236.23,140.54,94.94,1,1,1.000000
1724157150529369300,45,123.03,20.73,322.37,118.35,1,1,1.000000
1724157150529369300,46,0.23,87.60,105.37,93.01,1,1,1.000000
1724157150529369300,47,890.53,27.84,312.44,106.96,1,1,1.000000
1724157150529369300,49,322.57,0.40,220.97,78.82,1,1,1.000000
1724157150529369300,50,0.14,0.07,95.14,75.99,1,1,1.000000
1724157150529369300,51,0.48,184.12,75.40,66.63,1,1,1.000000
1724157150576255000,27,638.52,576.98,279.92,141.51,1,1,1.000000
1724157150576255000,28,1032.43,619.05,218.69,100.70,1,1,1.000000
1724157150576255000,30,972.05,168.80,307.56,107.29,1,1,1.000000
1724157150576255000,33,213.78,225.20,286.94,83.05,1,1,1.000000
1724157150576255000,34,222.90,143.79,122.83,108.14,1,1,1.000000
1724157150576255000,35,326.92,368.59,375.87,123.28,1,1,1.000000
1724157150576255000,38,106.78,149.94,80.63,124.66,1,1,1.000000
1724157150576255000,39,342.27,613.38,433.18,105.75,1,1,1.000000
1724157150576255000,42,0.83,242.34,138.33,96.45,1,1,1.000000
1724157150576255000,45,121.60,23.39,321.76,123.20,1,1,1.000000
1724157150576255000,46,0.23,95.17,118.89,98.26,1,1,1.000000
1724157150576255000,47,893.93,37.11,317.04,108.54,1,1,1.000000
1724157150576255000,49,322.58,0.37,222.29,84.76,1,1,1.000000
1724157150576255000,50,0.46,0.53,93.18,82.30,1,1,1.000000
1724157150626465600,27,643.75,586.43,278.56,133.70,1,1,1.000000
1724157150626465600,28,1044.07,645.19,144.86,74.65,1,1,1.000000
1724157150626465600,30,989.78,178.35,290.32,110.87,1,1,1.000000
1724157150626465600,33,244.88,228.92,268.31,83.01,1,1,1.000000
1724157150626465600,34,228.63,138.31,112.97,116.02,1,1,1.000000
1724157150626465600,35,359.54,368.76,372.90,140.20,1,1,1.000000
1724157150626465600,38,105.77,156.35,88.54,123.77,1,1,1.000000
1724157150626465600,39,363.75,618.70,447.88,100.88,1,1,1.000000
1724157150626465600,42,0.75,249.39,132.39,102.07,1,1,1.000000
1724157150626465600,45,117.69,24.48,329.99,128.38,1,1,1.000000
1724157150626465600,46,0.77,102.42,127.29,112.03,1,1,1.000000
1724157150626465600,47,896.74,47.20,321.72,110.95,1,1,1.000000
1724157150626465600,49,323.78,0.57,221.86,90.12,1,1,1.000000
1724157150626465600,50,0.29,0.62,92.01,92.04,1,1,1.000000
1724157150648340400,27,645.34,589.46,276.96,130.26,1,1,1.000000
1724157150648340400,30,1014.69,194.96,265.50,102.64,1,1,1.000000
1724157150648340400,33,260.72,230.60,264.47,93.55,1,1,1.000000
1724157150648340400,34,235.30,143.05,108.29,119.87,1,1,1.000000
1724157150648340400,35,404.56,384.53,349.84,99.71,1,1,1.000000
1724157150648340400,38,99.88,159.03,93.33,120.86,1,1,1.000000
1724157150648340400,39,443.69,620.48,395.19,99.26,1,1,1.000000
1724157150648340400,42,0.39,252.17,136.32,104.61,1,1,1.000000
1724157150648340400,45,120.49,32.48,328.16,127.44,1,1,1.000000
1724157150648340400,46,0.88,106.37,139.97,108.69,1,1,1.000000
1724157150648340400,47,904.08,55.52,325.75,115.68,1,1,1.000000
1724157150648340400,49,325.76,0.62,222.58,95.40,1,1,1.000000
1724157150648340400,50,0.26,2.33,93.38,93.70,1,1,1.000000
1724157150695069700,27,667.61,606.39,261.92,113.11,1,1,1.000000
1724157150695069700,30,1048.41,216.35,231.96,103.39,1,1,1.000000
1724157150695069700,33,303.80,239.10,258.81,100.19,1,1,1.000000
1724157150695069700,34,258.43,151.78,88.25,121.04,1,1,1.000000
1724157150695069700,35,478.17,399.59,345.30,96.31,1,1,1.000000
1724157150695069700,38,105.87,165.38,89.73,114.14,1,1,1.000000
1724157150695069700,39,526.30,642.74,316.86,77.00,1,1,1.000000
1724157150695069700,42,0.26,268.02,153.50,102.87,1,1,1.000000
1724157150695069700,45,126.24,52.50,329.18,123.27,1,1,1.000000
1724157150695069700,46,0.51,116.29,161.94,98.22,1,1,1.000000
1724157150695069700,47,926.01,74.51,327.38,119.29,1,1,1.000000
1724157150695069700,48,101.44,0.05,85.50,68.97,1,1,1.000000
1724157150695069700,49,341.74,14.77,224.08,94.62,1,1,1.000000
1724157150695069700,50,0.42,18.85,89.69,85.14,1,1,1.000000
1724157150741365200,27,677.14,605.20,255.25,114.54,1,1,1.000000
1724157150741365200,30,1066.90,224.27,213.29,104.86,1,1,1.000000
1724157150741365200,33,323.85,240.49,259.87,84.82,1,1,1.000000
1724157150741365200,34,263.51,154.39,85.25,126.23,1,1,1.000000
1724157150741365200,35,498.53,404.23,364.80,103.86,1,1,1.000000
1724157150741365200,38,103.40,173.38,88.07,111.71,1,1,1.000000
1724157150741365200,39,572.62,645.00,259.89,74.86,1,1,1.000000
1724157150741365200,42,0.63,271.01,165.73,102.11,1,1,1.000000
1724157150741365200,45,139.34,63.47,321.38,117.72,1,1,1.000000
1724157150741365200,46,0.53,122.81,180.03,100.13,1,1,1.000000
1724157150741365200,47,938.95,86.78,323.10,117.81,1,1,1.000000
1724157150741365200,48,97.36,3.85,91.48,68.45,1,1,1.000000
1724157150741365200,49,351.24,21.92,221.45,94.04,1,1,1.000000
1724157150741365200,50,0.29,27.35,85.50,83.18,1,1,1.000000
1724157150741365200,53,926.08,0.24,316.66,56.55,1,1,1.000000
1724157150815832600,27,655.97,617.10,260.00,102.82,1,1,1.000000
1724157150815832600,30,1085.62,247.41,194.50,96.85,1,1,1.000000
1724157150815832600,33,365.09,256.08,261.34,68.40,1,1,1.000000
1724157150815832600,34,278.94,165.90,70.31,123.21,1,1,1.000000
1724157150815832600,35,581.51,415.97,369.88,112.63,1,1,1.000000
1724157150815832600,38,109.18,227.05,98.87,70.72,1,1,1.000000
1724157150815832600,42,0.34,267.58,169.94,107.55,1,1,1.000000
1724157150815832600,45,144.29,75.30,331.28,116.67,1,1,1.000000
1724157150815832600,46,0.99,140.33,229.03,99.94,1,1,1.000000
1724157150815832600,47,959.42,105.99,318.79,123.79,1,1,1.000000
1724157150815832600,48,87.82,11.58,106.66,71.81,1,1,1.000000
1724157150815832600,49,374.32,41.33,209.85,85.59,1,1,1.000000
1724157150815832600,50,0.72,47.11,88.26,85.70,1,1,1.000000
1724157150815832600,53,864.48,0.31,413.32,81.51,1,1,1.000000
1724157150861378000,27,688.21,631.60,214.01,88.41,1,1,1.000000
1724157150861378000,30,1096.36,258.85,183.64,96.06,1,1,1.000000
1724157150861378000,33,395.28,259.36,255.66,69.61,1,1,1.000000
1724157150861378000,34,283.87,171.74,67.61,117.53,1,1,1.000000
1724157150861378000,35,613.79,427.43,381.18,115.10,1,1,1.000000
1724157150861378000,38,108.22,238.68,85.36,68.62,1,1,1.000000
1724157150861378000,42,0.30,272.88,169.95,107.18,1,1,1.000000
1724157150861378000,45,150.35,80.79,326.78,118.18,1,1,1.000000
1724157150861378000,46,0.47,147.74,249.11,105.46,1,1,1.000000
1724157150861378000,47,969.10,115.89,310.09,134.97,1,1,1.000000
1724157150861378000,48,92.81,18.06,100.66,69.31,1,1,1.000000
1724157150861378000,49,382.77,51.49,200.77,80.83,1,1,1.000000
1724157150861378000,50,0.48,48.95,88.95,90.92,1,1,1.000000
1724157150861378000,53,877.30,0.40,401.69,95.42,1,1,1.000000
1724157150861378000,54,166.53,0.30,94.82,84.86,1,1,1.000000
1724157150892281400,27,701.42,645.83,179.42,74.07,1,1,1.000000
1724157150892281400,30,1113.55,270.08,166.71,90.27,1,1,1.000000
1724157150892281400,33,409.83,266.57,259.15,72.06,1,1,1.000000
1724157150892281400,34,280.87,174.08,73.26,107.08,1,1,1.000000
1724157150892281400,35,651.97,437.32,389.57,119.38,1,1,1.000000
1724157150892281400,38,108.17,248.46,90.79,64.25,1,1,1.000000
1724157150892281400,42,0.48,279.71,169.12,104.29,1,1,1.000000
1724157150892281400,45,162.31,87.19,322.74,114.36,1,1,1.000000
1724157150892281400,46,0.41,150.66,275.06,107.93,1,1,1.000000
1724157150892281400,47,990.02,126.87,289.70,129.72,1,1,1.000000
1724157150892281400,48,92.49,21.08,99.30,77.01,1,1,1.000000
1724157150892281400,49,389.94,61.30,197.29,75.17,1,1,1.000000
1724157150892281400,50,0.93,54.95,94.62,89.61,1,1,1.000000
1724157150892281400,53,896.81,0.42,382.39,108.45,1,1,1.000000
1724157150892281400,54,164.60,0.43,100.26,90.93,1,1,1.000000
1724157150948260300,30,1138.96,285.37,140.73,82.03,1,1,1.000000
1724157150948260300,33,432.39,271.86,257.27,66.31,1,1,1.000000
1724157150948260300,34,280.65,178.34,77.37,106.72,1,1,1.000000
1724157150948260300,35,686.40,441.18,417.01,132.78,1,1,1.000000
1724157150948260300,42,0.68,294.43,169.56,94.43,1,1,1.000000
1724157150948260300,45,163.51,95.92,324.27,101.64,1,1,1.000000
1724157150948260300,46,0.53,151.73,290.96,115.60,1,1,1.000000
1724157150948260300,47,1001.43,139.23,278.25,133.57,1,1,1.000000
1724157150948260300,48,95.13,27.05,100.92,76.29,1,1,1.000000
1724157150948260300,49,397.15,67.57,190.80,74.72,1,1,1.000000
1724157150948260300,50,4.84,62.19,100.05,87.00,1,1,1.000000
1724157150948260300,53,917.92,0.24,361.95,122.17,1,1,1.000000
1724157150948260300,54,168.93,1.32,98.05,96.59,1,1,1.000000
1724157151012639400,30,1185.64,304.44,94.39,73.68,1,1,1.000000
1724157151012639400,33,487.05,286.24,246.48,64.25,1,1,1.000000
1724157151012639400,35,756.63,472.52,457.80,150.78,1,1,1.000000
1724157151012639400,38,99.35,279.90,79.92,104.56,1,1,1.000000
1724157151012639400,42,0.74,296.15,165.31,108.82,1,1,1.000000
1724157151012639400,45,183.18,114.12,319.88,91.49,1,1,1.000000
1724157151012639400,46,0.55,163.51,341.04,114.84,1,1,1.000000
1724157151012639400,47,1041.50,159.36,238.65,145.53,1,1,1.000000
1724157151012639400,48,92.74,40.53,104.46,76.35,1,1,1.000000
1724157151012639400,49,406.13,75.15,194.57,75.78,1,1,1.000000
1724157151012639400,50,13.86,68.00,87.91,83.16,1,1,1.000000
1724157151012639400,53,963.57,5.85,316.49,149.27,1,1,1.000000
1724157151012639400,54,186.54,36.75,84.00,71.30,1,1,1.000000
1724157151059024500,30,1197.90,310.91,81.78,77.55,1,1,1.000000
1724157151059024500,33,510.70,289.32,242.47,67.72,1,1,1.000000
1724157151059024500,35,797.04,498.56,470.16,150.33,1,1,1.000000
1724157151059024500,38,94.09,279.51,87.14,108.20,1,1,1.000000
1724157151059024500,42,0.57,299.63,157.13,119.02,1,1,1.000000
1724157151059024500,45,216.30,120.01,294.70,89.36,1,1,1.000000
1724157151059024500,46,0.36,166.59,369.42,115.32,1,1,1.000000
1724157151059024500,47,1040.83,166.51,239.86,147.92,1,1,1.000000
1724157151059024500,48,94.14,51.16,108.20,69.86,1,1,1.000000
1724157151059024500,49,406.67,80.45,194.47,76.03,1,1,1.000000
1724157151059024500,50,15.91,72.67,96.79,84.45,1,1,1.000000
1724157151059024500,53,995.53,21.78,284.88,147.01,1,1,1.000000
1724157151059024500,54,185.50,44.70,83.52,67.70,1,1,1.000000
1724157151059024500,55,1.56,0.01,84.15,45.06,1,1,1.000000
1724157151059024500,56,248.80,0.00,82.31,68.94,1,1,1.000000
1724157151059024500,57,169.75,0.00,63.78,44.66,1,1,1.000000
1724157151059024500,58,400.26,0.00,51.70,56.24,1,1,1.000000
1724157151059024500,59,315.96,0.05,71.12,66.81,1,1,1.000000
1724157151136611900,33,573.20,303.75,248.23,74.56,1,1,1.000000
1724157151136611900,35,908.16,516.15,371.73,191.53,1,1,1.000000
1724157151136611900,42,3.14,309.94,180.19,128.47,1,1,1.000000
1724157151136611900,45,264.63,134.36,266.72,86.66,1,1,1.000000
1724157151136611900,46,14.55,195.22,443.70,116.32,1,1,1.000000
1724157151136611900,47,1065.35,192.76,214.93,146.66,1,1,1.000000
1724157151136611900,48,102.27,60.64,100.05,77.28,1,1,1.000000
1724157151136611900,49,412.07,88.90,206.53,83.79,1,1,1.000000
1724157151136611900,50,29.28,83.70,83.51,87.69,1,1,1.000000
1724157151136611900,53,1036.53,59.45,243.51,134.62,1,1,1.000000
1724157151136611900,54,174.43,55.15,102.87,68.03,1,1,1.000000
1724157151136611900,55,0.16,0.00,92.77,66.46,1,1,1.000000
1724157151136611900,56,255.77,0.38,88.90,85.78,1,1,1.000000
1724157151136611900,57,173.95,0.00,60.54,51.58,1,1,1.000000
1724157151136611900,58,407.64,0.04,80.92,65.95,1,1,1.000000
1724157151136611900,59,331.16,0.48,64.08,85.71,1,1,1.000000
1724157151183431500,33,605.53,311.20,243.89,80.54,1,1,1.000000
1724157151183431500,35,949.44,527.43,330.74,186.47,1,1,1.000000
1724157151183431500,42,13.31,313.30,169.14,128.99,1,1,1.000000
1724157151183431500,45,258.42,141.70,277.27,81.23,1,1,1.000000
1724157151183431500,46,115.48,203.97,375.72,116.94,1,1,1.000000
1724157151183431500,47,1080.41,200.91,200.42,148.67,1,1,1.000000
1724157151183431500,48,111.92,65.96,88.29,73.92,1,1,1.000000
1724157151183431500,49,416.37,94.64,208.52,84.16,1,1,1.000000
1724157151183431500,50,35.75,88.20,82.62,84.12,1,1,1.000000
1724157151183431500,53,1054.97,72.77,225.32,133.02,1,1,1.000000
1724157151183431500,54,186.42,62.14,94.27,67.87,1,1,1.000000
1724157151183431500,55,0.28,0.06,92.35,65.13,1,1,1.000000
1724157151183431500,56,256.91,0.47,137.01,88.58,1,1,1.000000
1724157151183431500,57,174.69,0.00,59.84,58.55,1,1,1.000000
1724157151183431500,58,404.10,0.03,83.86,69.11,1,1,1.000000
1724157151183431500,61,129.92,124.91,145.47,95.69,1,1,1.000000
1724157151183431500,62,0.62,170.86,65.98,101.42,1,1,1.000000
1724157151183431500,63,1.65,268.91,135.37,123.33,1,1,1.000000
1724157151256601800,33,625.65,315.47,246.14,83.15,1,1,1.000000
1724157151256601800,35,987.58,544.66,292.95,172.28,1,1,1.000000
1724157151256601800,42,22.75,315.43,163.65,130.84,1,1,1.000000
1724157151256601800,45,256.10,143.16,286.78,85.75,1,1,1.000000
1724157151256601800,46,110.28,211.17,409.33,118.17,1,1,1.000000
1724157151256601800,47,1089.80,214.24,190.77,144.28,1,1,1.000000
1724157151256601800,48,115.16,69.08,84.08,80.09,1,1,1.000000
1724157151256601800,49,426.91,96.80,208.19,87.38,1,1,1.000000
1724157151256601800,50,39.54,93.34,84.30,83.42,1,1,1.000000
1724157151256601800,53,1075.91,83.03,204.89,130.89,1,1,1.000000
1724157151256601800,54,195.73,65.39,87.11,70.19,1,1,1.000000
1724157151256601800,55,0.92,0.06,94.87,73.72,1,1,1.000000
1724157151256601800,56,258.51,0.47,140.20,91.35,1,1,1.000000
1724157151256601800,57,176.33,0.00,60.10,60.21,1,1,1.000000
1724157151256601800,58,402.25,0.03,88.74,71.17,1,1,1.000000
1724157151256601800,61,135.96,127.19,135.25,100.09,1,1,1.000000
1724157151256601800,62,0.54,172.42,67.74,102.13,1,1,1.000000
1724157151256601800,63,3.59,273.51,117.30,122.34,1,1,1.000000
1724157151301617400,33,663.71,326.58,252.84,96.31,1,1,1.000000
1724157151301617400,35,1070.12,594.21,210.82,125.38,1,1,1.000000
1724157151301617400,42,31.59,327.39,135.73,115.58,1,1,1.000000
1724157151301617400,45,259.64,152.77,300.22,88.88,1,1,1.000000
1724157151301617400,46,145.02,216.55,438.12,122.73,1,1,1.000000
1724157151301617400,47,1117.81,238.90,162.31,128.95,1,1,1.000000
1724157151301617400,48,140.72,72.47,67.55,76.32,1,1,1.000000
1724157151301617400,49,451.01,111.81,199.75,77.30,1,1,1.000000
1724157151301617400,50,45.65,95.72,81.97,78.39,1,1,1.000000
1724157151301617400,53,1120.88,106.52,159.53,114.06,1,1,1.000000
1724157151301617400,54,212.11,70.02,72.21,74.06,1,1,1.000000
1724157151301617400,55,3.32,0.00,105.96,76.18,1,1,1.000000
1724157151301617400,56,267.65,0.62,108.20,108.80,1,1,1.000000
1724157151301617400,57,176.64,0.00,63.59,65.68,1,1,1.000000
1724157151301617400,58,402.36,0.00,101.72,73.23,1,1,1.000000
1724157151301617400,59,339.94,0.47,64.89,107.38,1,1,1.000000
1724157151301617400,61,145.76,133.03,136.04,100.51,1,1,1.000000
1724157151301617400,62,0.28,178.13,74.74,100.95,1,1,1.000000
1724157151301617400,63,22.02,275.86,91.92,107.41,1,1,1.000000
1724157151332518300,33,691.65,330.50,257.11,104.78,1,1,1.000000
1724157151332518300,35,1118.86,617.19,161.84,101.70,1,1,1.000000
1724157151332518300,42,15.89,327.30,139.41,103.97,1,1,1.000000
1724157151332518300,45,270.58,156.61,298.76,87.75,1,1,1.000000
1724157151332518300,46,197.00,227.75,422.65,119.97,1,1,1.000000
1724157151332518300,47,1133.12,257.09,147.06,114.81,1,1,1.000000
1724157151332518300,48,146.63,75.77,65.21,72.78,1,1,1.000000
1724157151332518300,49,466.63,121.94,192.98,71.08,1,1,1.000000
1724157151332518300,50,49.65,98.86,81.15,76.74,1,1,1.000000
1724157151332518300,53,1143.90,117.80,136.32,111.81,1,1,1.000000
1724157151332518300,54,222.07,70.96,65.22,77.86,1,1,1.000000
1724157151332518300,55,2.15,0.00,106.02,79.87,1,1,1.000000
1724157151332518300,56,273.13,0.57,103.97,113.63,1,1,1.000000
1724157151332518300,57,179.71,0.00,67.77,68.81,1,1,1.000000
1724157151332518300,58,401.09,0.11,107.29,75.27,1,1,1.000000
1724157151332518300,59,346.85,0.49,64.70,112.74,1,1,1.000000
1724157151332518300,61,152.00,135.44,144.88,100.60,1,1,1.000000
1724157151332518300,62,0.42,182.31,81.68,97.93,1,1,1.000000
1724157151332518300,63,11.20,276.78,107.24,90.57,1,1,1.000000
1724157151332518300,64,0.14,501.83,83.72,71.96,1,1,1.000000
1724157151332518300,65,96.06,249.55,169.75,105.36,1,1,1.000000
1724157151386341100,33,713.64,338.63,259.63,108.02,1,1,1.000000
1724157151386341100,35,1166.81,635.16,113.24,84.01,1,1,1.000000
1724157151386341100,42,33.98,331.61,156.35,88.86,1,1,1.000000
1724157151386341100,45,290.69,157.28,285.92,92.74,1,1,1.000000
1724157151386341100,46,247.93,235.31,399.58,117.84,1,1,1.000000
1724157151386341100,47,1148.99,275.47,131.26,89.99,1,1,1.000000
1724157151386341100,48,150.97,79.56,60.17,73.86,1,1,1.000000
1724157151386341100,49,483.18,128.25,181.93,70.06,1,1,1.000000
1724157151386341100,50,51.15,99.33,78.96,83.23,1,1,1.000000
1724157151386341100,53,1173.92,128.01,106.14,102.85,1,1,1.000000
1724157151386341100,54,222.68,77.01,65.91,78.82,1,1,1.000000
1724157151386341100,55,3.64,0.32,106.67,81.90,1,1,1.000000
1724157151386341100,56,277.54,0.64,97.79,118.21,1,1,1.000000
1724157151386341100,57,175.95,0.00,71.58,72.16,1,1,1.000000
1724157151386341100,58,396.47,0.48,116.46,75.72,1,1,1.000000
1724157151386341100,59,344.81,0.55,70.49,115.79,1,1,1.000000
1724157151386341100,61,153.28,136.90,140.51,104.37,1,1,1.000000
1724157151386341100,62,0.11,185.82,80.50,106.40,1,1,1.000000
1724157151386341100,63,11.83,282.71,108.42,93.19,1,1,1.000000
1724157151386341100,64,0.33,494.44,103.94,82.87,1,1,1.000000
1724157151386341100,65,103.09,253.18,176.62,98.58,1,1,1.000000
1724157151454989800,33,758.95,357.98,266.26,113.44,1,1,1.000000
1724157151454989800,34,272.20,235.62,111.50,89.58,1,1,1.000000
1724157151454989800,42,33.72,335.19,162.87,94.98,1,1,1.000000
1724157151454989800,45,309.69,167.71,285.56,92.63,1,1,1.000000
1724157151454989800,46,318.92,253.55,392.63,111.68,1,1,1.000000
1724157151454989800,47,1197.35,304.22,82.75,73.58,1,1,1.000000
1724157151454989800,48,161.08,88.16,58.75,72.52,1,1,1.000000
1724157151454989800,49,498.21,135.89,185.11,68.05,1,1,1.000000
1724157151454989800,50,55.77,107.46,80.62,87.02,1,1,1.000000
1724157151454989800,53,1234.89,168.74,45.50,90.03,1,1,1.000000
1724157151454989800,54,227.21,85.28,69.75,75.31,1,1,1.000000
1724157151454989800,55,4.84,0.37,108.56,90.52,1,1,1.000000
1724157151454989800,56,272.21,2.74,90.49,127.11,1,1,1.000000
1724157151454989800,57,181.43,0.00,72.54,78.42,1,1,1.000000
1724157151454989800,58,402.99,6.53,107.63,82.07,1,1,1.000000
1724157151454989800,59,346.30,7.00,71.97,123.49,1,1,1.000000
1724157151454989800,61,167.39,145.46,129.38,109.44,1,1,1.000000
1724157151454989800,62,0.00,193.08,80.80,107.88,1,1,1.000000
1724157151454989800,63,1.59,287.96,109.74,101.62,1,1,1.000000
1724157151454989800,64,0.82,498.85,167.88,104.23,1,1,1.000000
1724157151454989800,65,92.45,262.66,195.21,94.75,1,1,1.000000
1724157151500362100,33,782.25,370.21,264.11,115.06,1,1,1.000000
1724157151500362100,34,268.56,220.19,159.41,67.22,1,1,1.000000
1724157151500362100,42,22.84,340.42,176.91,89.98,1,1,1.000000
1724157151500362100,45,324.64,170.68,280.37,92.48,1,1,1.000000
1724157151500362100,46,367.98,259.13,371.36,115.77,1,1,1.000000
1724157151500362100,47,1201.34,310.39,78.60,65.77,1,1,1.000000
1724157151500362100,48,164.26,89.59,57.30,73.68,1,1,1.000000
1724157151500362100,49,500.13,137.80,193.90,70.86,1,1,1.000000
1724157151500362100,50,57.32,111.38,79.38,85.14,1,1,1.000000
1724157151500362100,54,228.67,87.36,71.15,72.99,1,1,1.000000
1724157151500362100,55,6.77,0.54,110.18,92.79,1,1,1.000000
1724157151500362100,56,272.60,5.66,80.53,127.10,1,1,1.000000
1724157151500362100,57,185.03,0.16,69.08,81.27,1,1,1.000000
1724157151500362100,58,405.78,12.43,109.38,80.58,1,1,1.000000
1724157151500362100,59,349.45,7.81,65.66,128.46,1,1,1.000000
1724157151500362100,61,169.32,147.93,129.80,116.64,1,1,1.000000
1724157151500362100,62,0.03,196.19,82.21,111.63,1,1,1.000000
1724157151500362100,63,1.69,288.52,109.59,107.20,1,1,1.000000
1724157151500362100,64,0.57,502.18,201.36,115.34,1,1,1.000000
1724157151500362100,65,85.17,265.04,238.41,91.99,1,1,1.000000
1724157151500362100,68,130.35,0.00,55.72,39.65,1,1,1.000000
1724157151575056600,33,827.52,384.61,277.17,132.60,1,1,1.000000
1724157151575056600,34,225.96,222.48,217.73,67.76,1,1,1.000000
1724157151575056600,42,2.33,343.56,196.06,96.81,1,1,1.000000
1724157151575056600,45,355.66,179.80,270.24,90.12,1,1,1.000000
1724157151575056600,46,425.02,269.44,378.95,127.00,1,1,1.000000
1724157151575056600,47,1229.29,329.16,50.38,57.72,1,1,1.000000
1724157151575056600,48,166.61,97.30,58.68,72.19,1,1,1.000000
1724157151575056600,49,511.24,141.25,197.52,75.84,1,1,1.000000
1724157151575056600,50,60.93,114.69,80.56,82.70,1,1,1.000000
1724157151575056600,54,232.84,92.17,70.58,71.05,1,1,1.000000
1724157151575056600,55,16.31,0.49,105.21,101.59,1,1,1.000000
1724157151575056600,56,273.73,13.24,70.18,131.18,1,1,1.000000
1724157151575056600,57,191.18,0.19,66.71,86.10,1,1,1.000000
1724157151575056600,58,409.33,19.76,118.18,81.69,1,1,1.000000
1724157151575056600,59,350.95,8.13,56.41,134.79,1,1,1.000000
1724157151575056600,61,174.35,151.95,129.93,107.67,1,1,1.000000
1724157151575056600,62,0.05,198.84,79.54,108.84,1,1,1.000000
1724157151575056600,63,1.81,289.98,117.49,104.84,1,1,1.000000
1724157151575056600,64,0.58,506.66,258.33,114.60,1,1,1.000000
1724157151575056600,65,82.66,270.57,240.30,90.34,1,1,1.000000
1724157151575056600,68,128.87,0.00,62.19,44.57,1,1,1.000000
1724157151621782500,33,845.00,391.56,293.70,144.22,1,1,1.000000
1724157151621782500,34,256.47,224.51,191.91,79.45,1,1,1.000000
1724157151621782500,42,5.05,344.19,193.06,103.29,1,1,1.000000
1724157151621782500,45,376.74,184.97,259.03,84.70,1,1,1.000000
1724157151621782500,46,448.01,279.62,393.86,139.34,1,1,1.000000
1724157151621782500,47,1248.28,338.80,32.03,63.08,1,1,1.000000
1724157151621782500,48,166.53,100.85,60.06,73.19,1,1,1.000000
1724157151621782500,49,519.66,143.23,197.12,77.83,1,1,1.000000
1724157151621782500,50,61.01,118.97,82.03,80.17,1,1,1.000000
1724157151621782500,54,231.93,96.15,73.87,67.79,1,1,1.000000
1724157151621782500,55,20.16,0.00,102.79,104.10,1,1,1.000000
1724157151621782500,56,276.20,11.60,64.23,137.59,1,1,1.000000
1724157151621782500,57,192.83,0.23,68.55,90.44,1,1,1.000000
1724157151621782500,58,404.75,23.24,125.05,81.72,1,1,1.000000
1724157151621782500,59,352.17,8.68,54.45,141.16,1,1,1.000000
1724157151621782500,61,172.28,154.36,134.15,112.15,1,1,1.000000
1724157151621782500,62,0.11,200.64,81.63,116.58,1,1,1.000000
1724157151621782500,63,4.80,291.29,110.97,101.19,1,1,1.000000
1724157151621782500,64,0.47,498.46,278.45,122.83,1,1,1.000000
1724157151621782500,65,81.92,271.79,230.74,93.77,1,1,1.000000
1724157151621782500,68,130.44,0.00,62.95,45.24,1,1,1.000000
1724157151652810800,33,851.64,388.98,316.89,161.02,1,1,1.000000
1724157151652810800,34,259.27,227.40,191.71,84.89,1,1,1.000000
1724157151652810800,42,3.38,344.73,195.49,109.86,1,1,1.000000
1724157151652810800,45,384.47,189.89,261.22,82.44,1,1,1.000000
1724157151652810800,46,478.90,289.96,394.39,145.05,1,1,1.000000
1724157151652810800,48,181.09,104.15,48.30,67.77,1,1,1.000000
1724157151652810800,49,531.62,147.19,200.56,77.69,1,1,1.000000
1724157151652810800,50,63.06,121.75,80.58,80.94,1,1,1.000000
1724157151652810800,54,229.53,99.78,83.25,75.68,1,1,1.000000
1724157151652810800,55,18.31,0.16,102.76,100.06,1,1,1.000000
1724157151652810800,56,278.05,7.85,63.03,146.59,1,1,1.000000
1724157151652810800,57,198.81,0.28,66.04,92.67,1,1,1.000000
1724157151652810800,58,403.33,20.93,128.37,86.61,1,1,1.000000
1724157151652810800,59,355.92,16.43,51.10,120.97,1,1,1.000000
1724157151652810800,61,173.86,157.03,132.61,110.11,1,1,1.000000
1724157151652810800,62,0.39,201.62,84.29,123.23,1,1,1.000000
1724157151652810800,64,0.39,509.27,301.63,115.18,1,1,1.000000
1724157151652810800,65,76.31,274.38,239.35,93.20,1,1,1.000000
1724157151652810800,68,133.97,0.04,61.41,46.48,1,1,1.000000
1724157151698984500,33,925.02,439.59,295.36,150.39,1,1,1.000000
1724157151698984500,34,254.04,233.95,202.81,80.39,1,1,1.000000
1724157151698984500,42,2.50,351.65,197.08,123.93,1,1,1.000000
1724157151698984500,45,400.86,195.71,260.53,86.35,1,1,1.000000
1724157151698984500,46,556.94,304.37,378.81,158.30,1,1,1.000000
1724157151698984500,49,548.65,159.45,197.57,78.11,1,1,1.000000
1724157151698984500,50,62.85,132.79,80.76,75.65,1,1,1.000000
1724157151698984500,54,190.79,108.45,131.42,75.98,1,1,1.000000
1724157151698984500,55,20.78,0.52,100.93,105.67,1,1,1.000000
1724157151698984500,56,281.64,16.37,59.62,145.60,1,1,1.000000
1724157151698984500,57,203.16,2.16,63.28,98.74,1,1,1.000000
1724157151698984500,58,393.07,24.07,142.66,91.46,1,1,1.000000
1724157151698984500,59,355.08,21.62,46.94,130.27,1,1,1.000000
1724157151698984500,61,174.59,163.54,134.23,110.57,1,1,1.000000
1724157151698984500,62,0.48,205.36,90.15,128.72,1,1,1.000000
1724157151698984500,64,0.03,525.33,356.02,102.84,1,1,1.000000
1724157151698984500,65,81.52,282.89,230.19,85.82,1,1,1.000000
1724157151698984500,68,137.06,0.00,61.01,49.74,1,1,1.000000
1724157151774235000,33,943.84,469.48,336.70,155.51,1,1,1.000000
1724157151774235000,34,252.96,243.32,214.22,66.66,1,1,1.000000
1724157151774235000,42,10.43,360.40,198.84,136.16,1,1,1.000000
1724157151774235000,45,428.56,204.35,255.04,91.58,1,1,1.000000
1724157151774235000,46,627.53,312.54,414.59,191.57,1,1,1.000000
1724157151774235000,49,578.14,176.57,187.61,71.73,1,1,1.000000
1724157151774235000,50,60.69,139.20,85.03,73.13,1,1,1.000000
1724157151774235000,54,192.00,116.24,129.94,68.52,1,1,1.000000
1724157151774235000,55,3.25,0.44,119.47,109.69,1,1,1.000000
1724157151774235000,56,277.35,28.49,60.91,113.33,1,1,1.000000
1724157151774235000,57,203.61,11.61,64.08,98.30,1,1,1.000000
1724157151774235000,58,373.62,34.99,168.10,90.62,1,1,1.000000
1724157151774235000,59,363.61,25.94,59.85,94.02,1,1,1.000000
1724157151774235000,61,158.57,168.33,153.00,111.29,1,1,1.000000
1724157151774235000,62,0.15,210.35,90.87,138.89,1,1,1.000000
1724157151774235000,64,0.24,531.39,419.80,110.09,1,1,1.000000
1724157151774235000,65,81.79,290.40,241.76,97.61,1,1,1.000000
1724157151774235000,68,137.23,0.00,84.16,55.43,1,1,1.000000
1724157151819146700,33,992.29,486.04,289.37,154.98,1,1,1.000000
1724157151819146700,34,248.69,246.10,217.05,65.70,1,1,1.000000
1724157151819146700,42,27.20,365.73,182.27,130.04,1,1,1.000000
1724157151819146700,45,441.67,214.44,253.93,89.50,1,1,1.000000
1724157151819146700,46,657.82,325.53,429.17,201.91,1,1,1.000000
1724157151819146700,49,596.43,183.63,181.99,68.41,1,1,1.000000
1724157151819146700,50,61.30,143.75,85.70,72.14,1,1,1.000000
1724157151819146700,54,193.99,119.38,128.45,63.94,1,1,1.000000
1724157151819146700,55,3.94,0.70,120.31,126.35,1,1,1.000000
1724157151819146700,56,277.88,29.91,63.59,109.52,1,1,1.000000
1724157151819146700,57,204.68,15.20,63.71,97.01,1,1,1.000000
1724157151819146700,58,366.42,31.83,181.86,99.50,1,1,1.000000
1724157151819146700,61,170.98,170.12,143.85,108.46,1,1,1.000000
1724157151819146700,62,0.48,211.99,91.99,141.68,1,1,1.000000
1724157151819146700,64,1.25,533.86,445.97,114.68,1,1,1.000000
1724157151819146700,65,83.85,294.76,243.93,99.76,1,1,1.000000
1724157151819146700,68,139.33,0.00,94.80,58.95,1,1,1.000000
1724157151819146700,69,0.00,376.50,53.66,86.79,1,1,1.000000
1724157151849960100,33,1048.52,516.98,232.18,134.97,1,1,1.000000
1724157151849960100,34,247.46,251.17,231.46,69.86,1,1,1.000000
1724157151849960100,42,38.20,371.42,178.06,122.85,1,1,1.000000
1724157151849960100,45,453.99,221.21,251.21,90.02,1,1,1.000000
1724157151849960100,46,683.47,345.74,444.06,198.78,1,1,1.000000
1724157151849960100,49,597.65,187.21,190.71,71.59,1,1,1.000000
1724157151849960100,50,62.38,145.61,89.03,72.93,1,1,1.000000
1724157151849960100,54,196.90,122.91,117.11,53.89,1,1,1.000000
1724157151849960100,55,3.75,1.54,121.04,126.92,1,1,1.000000
1724157151849960100,56,277.93,31.40,67.69,109.55,1,1,1.000000
1724157151849960100,57,207.22,16.62,57.86,97.89,1,1,1.000000
1724157151849960100,58,407.72,54.44,148.27,83.40,1,1,1.000000
1724157151849960100,59,362.72,33.80,69.41,103.34,1,1,1.000000
1724157151849960100,61,173.66,174.14,143.77,106.99,1,1,1.000000
1724157151849960100,62,0.80,218.51,91.02,146.71,1,1,1.000000
1724157151849960100,64,1.12,539.04,469.30,128.96,1,1,1.000000
1724157151849960100,65,90.46,302.45,239.90,96.46,1,1,1.000000
1724157151849960100,68,140.07,0.00,90.96,62.99,1,1,1.000000
1724157151849960100,69,0.00,383.53,55.00,84.87,1,1,1.000000
1724157151894603600,33,1071.21,533.07,209.54,142.35,1,1,1.000000
1724157151894603600,34,246.66,253.42,231.69,69.33,1,1,1.000000
1724157151894603600,42,45.06,377.52,172.41,109.89,1,1,1.000000
1724157151894603600,45,461.09,231.11,255.16,89.47,1,1,1.000000
1724157151894603600,46,711.35,365.69,457.07,207.03,1,1,1.000000
1724157151894603600,49,616.61,201.58,182.75,64.13,1,1,1.000000
1724157151894603600,50,66.45,150.59,87.40,73.55,1,1,1.000000
1724157151894603600,54,195.55,125.99,119.26,50.34,1,1,1.000000
1724157151894603600,55,5.42,2.32,120.66,132.94,1,1,1.000000
1724157151894603600,56,278.76,40.12,66.63,103.92,1,1,1.000000
1724157151894603600,57,209.27,21.24,52.91,96.47,1,1,1.000000
1724157151894603600,58,423.93,71.05,137.61,76.56,1,1,1.000000
1724157151894603600,59,360.14,37.31,65.78,99.50,1,1,1.000000
1724157151894603600,61,174.08,178.37,146.47,104.77,1,1,1.000000
1724157151894603600,62,0.72,224.02,89.90,153.11,1,1,1.000000
1724157151894603600,64,1.21,544.41,496.87,161.49,1,1,1.000000
1724157151894603600,65,97.18,308.51,234.10,101.48,1,1,1.000000
1724157151894603600,68,140.11,0.00,92.70,66.91,1,1,1.000000
1724157151894603600,69,0.00,384.45,56.10,87.36,1,1,1.000000
1724157151940975300,33,1094.40,544.69,186.57,136.93,1,1,1.000000
1724157151940975300,34,251.22,261.33,230.17,61.85,1,1,1.000000
1724157151940975300,42,51.44,381.86,165.67,104.33,1,1,1.000000
1724157151940975300,45,469.69,237.49,257.73,92.88,1,1,1.000000
1724157151940975300,46,738.83,388.66,485.54,208.89,1,1,1.000000
1724157151940975300,49,629.47,199.90,187.17,75.19,1,1,1.000000
1724157151940975300,50,65.67,151.40,87.77,77.17,1,1,1.000000
1724157151940975300,54,191.82,128.41,118.88,63.46,1,1,1.000000
1724157151940975300,55,7.72,2.26,119.03,136.15,1,1,1.000000
1724157151940975300,56,279.91,36.67,68.47,117.63,1,1,1.000000
1724157151940975300,57,210.84,12.78,49.37,108.69,1,1,1.000000
1724157151940975300,58,404.11,68.31,163.23,86.15,1,1,1.000000
1724157151940975300,59,357.38,41.10,71.06,104.27,1,1,1.000000
1724157151940975300,61,176.24,183.21,153.55,108.99,1,1,1.000000
1724157151940975300,62,0.72,228.93,89.75,154.32,1,1,1.000000
1724157151940975300,64,33.38,558.40,489.60,146.73,1,1,1.000000
1724157151940975300,65,99.67,312.34,236.50,94.73,1,1,1.000000
1724157151940975300,68,141.62,0.26,88.63,72.07,1,1,1.000000
1724157151940975300,69,0.01,382.46,69.74,94.37,1,1,1.000000
1724157151971031900,34,254.75,265.41,229.75,61.09,1,1,1.000000
1724157151971031900,42,55.07,384.70,160.15,106.87,1,1,1.000000
1724157151971031900,45,483.71,243.09,256.27,97.61,1,1,1.000000
1724157151971031900,46,783.38,404.64,492.47,228.35,1,1,1.000000
1724157151971031900,49,637.89,210.63,192.97,74.02,1,1,1.000000
1724157151971031900,50,65.54,156.27,91.13,77.61,1,1,1.000000
1724157151971031900,51,54.84,313.70,103.74,94.54,1,1,1.000000
1724157151971031900,54,203.70,133.68,109.94,71.23,1,1,1.000000
1724157151971031900,55,4.34,2.70,125.27,138.12,1,1,1.000000
1724157151971031900,56,281.22,43.35,71.80,121.62,1,1,1.000000
1724157151971031900,57,211.83,14.59,45.51,111.74,1,1,1.000000
1724157151971031900,58,399.32,64.01,175.90,99.55,1,1,1.000000
1724157151971031900,59,360.21,44.43,67.46,116.31,1,1,1.000000
1724157151971031900,61,194.27,188.25,139.04,110.19,1,1,1.000000
1724157151971031900,62,0.62,233.43,91.93,158.10,1,1,1.000000
1724157151971031900,64,87.66,568.76,463.95,116.92,1,1,1.000000
1724157151971031900,65,104.71,319.46,234.66,93.12,1,1,1.000000
1724157151971031900,68,142.03,1.06,87.49,77.41,1,1,1.000000
1724157151971031900,69,0.05,392.33,68.15,90.87,1,1,1.000000
1724157152016868300,34,257.25,267.54,236.81,66.70,1,1,1.000000
1724157152016868300,42,59.44,393.32,151.81,100.33,1,1,1.000000
1724157152016868300,45,500.53,250.98,250.75,98.07,1,1,1.000000
1724157152016868300,46,811.64,417.81,467.14,263.71,1,1,1.000000
1724157152016868300,49,647.21,218.28,196.97,76.23,1,1,1.000000
1724157152016868300,50,63.11,160.42,93.71,79.56,1,1,1.000000
1724157152016868300,51,52.25,318.80,105.12,98.14,1,1,1.000000
1724157152016868300,54,203.31,139.51,110.42,72.66,1,1,1.000000
1724157152016868300,55,11.16,8.72,117.72,135.69,1,1,1.000000
1724157152016868300,56,284.50,44.39,71.54,133.82,1,1,1.000000
1724157152016868300,57,211.22,24.26,44.39,105.50,1,1,1.000000
1724157152016868300,58,390.07,76.61,192.24,97.28,1,1,1.000000
1724157152016868300,59,360.92,46.66,69.97,128.83,1,1,1.000000
1724157152016868300,61,202.74,191.94,134.53,103.75,1,1,1.000000
1724157152016868300,62,0.46,240.21,93.47,158.09,1,1,1.000000
1724157152016868300,64,134.97,580.17,445.19,115.50,1,1,1.000000
1724157152016868300,65,108.00,323.74,233.64,96.03,1,1,1.000000
1724157152016868300,68,143.61,2.94,83.51,81.35,1,1,1.000000
1724157152016868300,69,0.30,393.28,64.29,94.64,1,1,1.000000
1724157152016868300,72,144.53,253.31,72.55,70.76,1,1,1.000000
1724157152047631000,34,268.66,275.25,232.06,63.25,1,1,1.000000
1724157152047631000,42,58.05,393.26,149.92,100.92,1,1,1.000000
1724157152047631000,45,514.66,258.98,252.07,100.95,1,1,1.000000
1724157152047631000,46,848.69,431.27,430.75,253.31,1,1,1.000000
1724157152047631000,49,663.01,224.43,198.95,90.52,1,1,1.000000
1724157152047631000,50,63.75,163.17,95.16,82.58,1,1,1.000000
1724157152047631000,51,49.14,325.30,112.55,100.64,1,1,1.000000
1724157152047631000,54,205.16,143.90,102.84,76.36,1,1,1.000000
1724157152047631000,55,16.61,29.70,117.81,120.10,1,1,1.000000
1724157152047631000,56,284.64,50.13,73.16,135.79,1,1,1.000000
1724157152047631000,57,212.38,29.41,40.38,106.05,1,1,1.000000
1724157152047631000,58,383.73,84.39,206.69,96.96,1,1,1.000000
1724157152047631000,59,360.50,49.77,70.02,130.41,1,1,1.000000
1724157152047631000,61,212.07,198.64,133.46,84.03,1,1,1.000000
1724157152047631000,62,0.45,244.61,91.99,163.68,1,1,1.000000
1724157152047631000,64,180.61,575.25,427.50,128.86,1,1,1.000000
1724157152047631000,65,112.85,331.15,231.58,92.94,1,1,1.000000
1724157152047631000,68,144.62,11.84,80.91,79.52,1,1,1.000000
1724157152047631000,69,0.26,397.84,62.00,96.15,1,1,1.000000
1724157152047631000,72,146.32,259.89,82.78,71.51,1,1,1.000000
1724157152092378900,34,269.22,279.38,233.27,66.61,1,1,1.000000
1724157152092378900,42,59.64,398.79,140.69,97.10,1,1,1.000000
1724157152092378900,45,520.83,264.18,255.94,101.31,1,1,1.000000
1724157152092378900,46,878.64,447.65,401.18,243.43,1,1,1.000000
1724157152092378900,49,678.45,232.43,193.75,80.86,1,1,1.000000
1724157152092378900,50,63.02,170.55,95.06,85.16,1,1,1.000000
1724157152092378900,51,47.27,331.78,111.85,97.94,1,1,1.000000
1724157152092378900,54,203.78,151.73,111.08,76.98,1,1,1.000000
1724157152092378900,55,20.29,32.42,118.20,128.43,1,1,1.000000
1724157152092378900,56,286.42,51.70,73.59,140.75,1,1,1.000000
1724157152092378900,57,210.14,60.08,41.75,80.71,1,1,1.000000
1724157152092378900,58,386.40,87.61,211.15,96.96,1,1,1.000000
1724157152092378900,59,358.00,55.67,78.01,129.12,1,1,1.000000
1724157152092378900,61,212.74,203.02,140.61,71.82,1,1,1.000000
1724157152092378900,62,0.45,253.59,89.51,163.32,1,1,1.000000
1724157152092378900,64,226.86,574.44,416.59,143.23,1,1,1.000000
1724157152092378900,65,113.44,337.75,232.27,92.45,1,1,1.000000
1724157152092378900,68,144.37,20.92,78.99,77.65,1,1,1.000000
1724157152092378900,69,0.23,408.54,59.58,93.71,1,1,1.000000
1724157152092378900,72,144.52,260.48,87.90,79.56,1,1,1.000000
1724157152092378900,74,86.68,0.00,152.17,24.04,1,1,1.000000
1724157152136339800,34,281.35,290.51,227.85,71.87,1,1,1.000000
1724157152136339800,42,57.60,406.70,199.49,93.54,1,1,1.000000
1724157152136339800,45,550.66,276.32,249.80,109.66,1,1,1.000000
1724157152136339800,46,945.30,489.80,334.86,226.59,1,1,1.000000
1724157152136339800,48,195.63,169.25,57.76,72.95,1,1,1.000000
1724157152136339800,49,704.85,248.96,201.94,78.17,1,1,1.000000
1724157152136339800,50,63.62,185.42,94.61,84.28,1,1,1.000000
1724157152136339800,51,36.93,334.33,114.75,106.85,1,1,1.000000
1724157152136339800,54,231.12,162.31,90.50,87.95,1,1,1.000000
1724157152136339800,55,28.90,50.15,88.88,88.62,1,1,1.000000
1724157152136339800,56,289.09,58.89,67.96,165.37,1,1,1.000000
1724157152136339800,57,210.50,74.43,41.81,79.41,1,1,1.000000
1724157152136339800,58,396.67,89.33,227.30,111.69,1,1,1.000000
1724157152136339800,59,347.63,65.07,88.09,105.95,1,1,1.000000
1724157152136339800,61,210.30,214.60,160.08,60.56,1,1,1.000000
1724157152136339800,62,1.88,275.41,92.63,149.98,1,1,1.000000
1724157152136339800,64,271.94,626.03,415.17,93.89,1,1,1.000000
1724157152136339800,65,121.36,349.77,232.50,104.38,1,1,1.000000
1724157152136339800,68,142.23,37.66,78.51,77.53,1,1,1.000000
1724157152136339800,69,0.35,422.85,66.80,91.68,1,1,1.000000
1724157152136339800,72,146.57,271.21,93.61,85.24,1,1,1.000000
1724157152136339800,74,89.69,0.09,145.20,34.57,1,1,1.000000
1724157152136339800,76,768.60,0.07,299.63,39.99,1,1,1.000000
1724157152136339800,77,0.19,201.72,29.68,65.24,1,1,1.000000
1724157152211978200,34,294.08,296.84,218.94,76.58,1,1,1.000000
1724157152211978200,42,57.65,410.57,207.89,88.32,1,1,1.000000
1724157152211978200,45,564.06,280.04,251.32,114.66,1,1,1.000000
1724157152211978200,46,982.78,509.14,297.66,211.20,1,1,1.000000
1724157152211978200,48,190.84,175.76,47.97,71.95,1,1,1.000000
1724157152211978200,49,717.03,257.88,201.71,78.52,1,1,1.000000
1724157152211978200,50,64.40,194.16,91.34,82.05,1,1,1.000000
1724157152211978200,51,35.54,333.85,118.44,111.88,1,1,1.000000
1724157152211978200,54,236.39,170.91,80.50,85.94,1,1,1.000000
1724157152211978200,55,36.08,58.21,83.39,90.46,1,1,1.000000
1724157152211978200,56,290.20,62.66,64.27,168.78,1,1,1.000000
1724157152211978200,57,210.23,82.01,44.81,78.21,1,1,1.000000
1724157152211978200,58,404.96,102.29,228.63,110.68,1,1,1.000000
1724157152211978200,59,344.51,64.81,97.24,113.97,1,1,1.000000
1724157152211978200,61,192.10,223.61,175.85,56.63,1,1,1.000000
1724157152211978200,62,0.71,296.43,97.24,140.36,1,1,1.000000
1724157152211978200,64,309.70,640.09,378.00,79.72,1,1,1.000000
1724157152211978200,65,123.12,355.34,232.65,103.66,1,1,1.000000
1724157152211978200,68,140.08,43.85,80.08,78.38,1,1,1.000000
1724157152211978200,69,0.47,435.72,72.55,88.31,1,1,1.000000
1724157152211978200,72,145.49,274.34,96.20,87.01,1,1,1.000000
1724157152211978200,74,90.20,0.00,142.92,40.36,1,1,1.000000
1724157152211978200,76,793.36,0.09,285.53,44.10,1,1,1.000000
1724157152211978200,77,0.12,207.79,29.32,72.84,1,1,1.000000
1724157152259387200,34,317.25,305.11,202.87,82.66,1,1,1.000000
1724157152259387200,42,55.70,422.61,219.38,88.90,1,1,1.000000
1724157152259387200,45,596.99,296.91,250.00,121.77,1,1,1.000000
1724157152259387200,46,1059.03,562.35,221.81,157.26,1,1,1.000000
1724157152259387200,48,192.02,186.22,51.21,76.37,1,1,1.000000
1724157152259387200,49,748.80,273.69,202.31,78.12,1,1,1.000000
1724157152259387200,50,70.41,207.84,91.77,80.73,1,1,1.000000
1724157152259387200,51,22.36,359.32,130.76,95.17,1,1,1.000000
1724157152259387200,54,242.23,181.06,88.90,87.02,1,1,1.000000
1724157152259387200,55,48.70,77.22,85.89,125.02,1,1,1.000000
1724157152259387200,56,289.92,70.16,64.23,139.74,1,1,1.000000
1724157152259387200,57,209.93,96.23,47.02,74.56,1,1,1.000000
1724157152259387200,58,424.42,115.81,221.95,109.64,1,1,1.000000
1724157152259387200,59,346.93,71.55,106.95,107.05,1,1,1.000000
1724157152259387200,61,190.11,231.35,185.16,62.80,1,1,1.000000
1724157152259387200,62,1.25,281.22,101.53,167.86,1,1,1.000000
1724157152259387200,64,402.66,643.68,298.66,76.14,1,1,1.000000
1724157152259387200,65,121.89,363.37,240.64,110.02,1,1,1.000000
1724157152259387200,68,142.44,57.62,77.75,70.75,1,1,1.000000
1724157152259387200,69,0.05,450.97,77.90,91.81,1,1,1.000000
1724157152259387200,72,150.82,285.18,90.44,92.68,1,1,1.000000
1724157152259387200,74,91.60,0.00,141.31,53.05,1,1,1.000000
1724157152259387200,76,844.82,0.13,307.99,51.93,1,1,1.000000
1724157152259387200,77,0.41,221.78,34.97,68.76,1,1,1.000000
1724157152287537300,34,328.38,309.95,188.84,81.25,1,1,1.000000
1724157152287537300,42,47.22,425.60,224.53,88.58,1,1,1.000000
1724157152287537300,45,606.32,304.82,253.17,124.41,1,1,1.000000
1724157152287537300,46,1102.41,589.33,177.97,130.49,1,1,1.000000
1724157152287537300,48,193.07,188.79,42.60,77.38,1,1,1.000000
1724157152287537300,49,763.26,284.15,206.53,77.96,1,1,1.000000
1724157152287537300,50,69.47,213.85,88.83,82.01,1,1,1.000000
1724157152287537300,51,19.84,359.34,143.21,103.27,1,1,1.000000
1724157152287537300,54,251.41,186.25,80.31,83.72,1,1,1.000000
1724157152287537300,55,53.00,78.94,71.12,126.86,1,1,1.000000
1724157152287537300,56,289.84,75.68,60.92,139.25,1,1,1.000000
1724157152287537300,57,208.51,101.51,51.68,76.46,1,1,1.000000
1724157152287537300,58,431.10,123.67,225.97,111.28,1,1,1.000000
1724157152287537300,59,339.75,75.58,123.35,103.03,1,1,1.000000
1724157152287537300,61,188.56,234.98,185.67,72.72,1,1,1.000000
1724157152287537300,62,1.17,290.79,95.03,159.00,1,1,1.000000
1724157152287537300,64,437.92,640.81,265.29,79.02,1,1,1.000000
1724157152287537300,65,121.90,368.60,246.02,113.18,1,1,1.000000
1724157152287537300,68,142.71,63.99,76.12,71.81,1,1,1.000000
1724157152287537300,69,0.13,459.06,68.04,88.48,1,1,1.000000
1724157152287537300,72,152.81,294.70,87.36,91.12,1,1,1.000000
1724157152287537300,74,90.78,0.03,140.01,59.24,1,1,1.000000
1724157152287537300,76,878.64,0.05,314.70,57.56,1,1,1.000000
1724157152287537300,79,369.24,0.05,142.45,31.46,1,1,1.000000
1724157152334241200,34,335.32,317.49,190.66,82.55,1,1,1.000000
1724157152334241200,42,56.51,436.09,223.97,86.18,1,1,1.000000
1724157152334241200,45,616.00,317.80,262.79,123.77,1,1,1.000000
1724157152334241200,46,1142.76,612.40,137.39,106.81,1,1,1.000000
1724157152334241200,48,196.11,195.24,56.30,70.77,1,1,1.000000
1724157152334241200,49,778.07,298.52,208.40,75.26,1,1,1.000000
1724157152334241200,50,71.26,220.80,94.05,80.52,1,1,1.000000
1724157152334241200,51,20.49,375.37,141.76,89.85,1,1,1.000000
1724157152334241200,54,256.00,194.38,81.91,75.97,1,1,1.000000
1724157152334241200,55,57.75,87.02,72.49,77.50,1,1,1.000000
1724157152334241200,56,291.94,79.68,59.96,135.90,1,1,1.000000
1724157152334241200,57,211.43,92.75,49.05,90.45,1,1,1.000000
1724157152334241200,58,450.02,145.81,217.70,96.59,1,1,1.000000
1724157152334241200,59,337.27,80.24,134.91,94.56,1,1,1.000000
1724157152334241200,61,187.63,241.77,188.59,78.01,1,1,1.000000
1724157152334241200,62,1.57,321.55,116.47,131.70,1,1,1.000000
1724157152334241200,64,477.43,656.34,119.19,63.68,1,1,1.000000
1724157152334241200,65,133.47,375.53,238.73,115.39,1,1,1.000000
1724157152334241200,68,144.19,72.33,75.72,70.10,1,1,1.000000
1724157152334241200,69,0.26,466.73,74.57,90.20,1,1,1.000000
1724157152334241200,72,156.06,302.04,85.50,93.70,1,1,1.000000
1724157152334241200,74,90.69,0.54,140.92,66.47,1,1,1.000000
1724157152334241200,76,901.77,0.03,326.46,61.42,1,1,1.000000
1724157152334241200,79,366.35,0.00,149.89,41.28,1,1,1.000000
1724157152381346900,34,338.18,323.34,195.04,81.55,1,1,1.000000
1724157152381346900,42,53.34,440.11,225.25,89.20,1,1,1.000000
1724157152381346900,45,622.10,325.47,268.85,126.30,1,1,1.000000
1724157152381346900,46,1179.23,636.67,100.93,82.70,1,1,1.000000
1724157152381346900,49,786.00,304.40,215.01,75.20,1,1,1.000000
1724157152381346900,50,77.39,229.29,87.58,75.35,1,1,1.000000
1724157152381346900,51,19.21,375.54,148.35,96.43,1,1,1.000000
1724157152381346900,54,257.48,202.40,72.00,70.16,1,1,1.000000
1724157152381346900,55,59.48,87.70,72.88,79.35,1,1,1.000000
1724157152381346900,56,288.18,93.08,56.60,116.15,1,1,1.000000
1724157152381346900,57,208.97,98.52,50.83,90.47,1,1,1.000000
1724157152381346900,58,465.79,156.57,214.84,95.44,1,1,1.000000
1724157152381346900,59,339.06,79.69,140.46,84.08,1,1,1.000000
1724157152381346900,61,175.34,245.85,201.02,90.82,1,1,1.000000
1724157152381346900,65,149.72,384.38,226.39,115.64,1,1,1.000000
1724157152381346900,68,146.20,76.96,73.62,70.93,1,1,1.000000
1724157152381346900,69,0.23,472.10,71.47,93.24,1,1,1.000000
1724157152381346900,72,160.39,304.85,86.06,95.84,1,1,1.000000
1724157152381346900,74,90.07,2.93,145.33,73.99,1,1,1.000000
1724157152381346900,76,938.85,0.00,332.46,63.03,1,1,1.000000
1724157152381346900,79,369.61,0.00,150.58,52.86,1,1,1.000000
1724157152381346900,82,69.56,140.62,75.77,88.14,1,1,1.000000
1724157152418891700,34,336.14,330.36,204.59,82.70,1,1,1.000000
1724157152418891700,42,50.25,440.68,234.38,88.00,1,1,1.000000
1724157152418891700,45,634.56,343.64,273.85,121.45,1,1,1.000000
1724157152418891700,46,1219.00,663.63,61.57,56.58,1,1,1.000000
1724157152418891700,48,190.37,203.97,52.07,69.47,1,1,1.000000
1724157152418891700,49,801.50,314.14,217.17,75.08,1,1,1.000000
1724157152418891700,50,79.74,232.94,84.89,76.46,1,1,1.000000
1724157152418891700,51,14.27,381.35,148.70,95.23,1,1,1.000000
1724157152418891700,54,256.05,211.82,67.88,62.01,1,1,1.000000
1724157152418891700,55,56.22,100.44,61.10,75.96,1,1,1.000000
1724157152418891700,56,287.47,85.11,65.25,138.10,1,1,1.000000
1724157152418891700,57,207.28,117.10,53.54,78.99,1,1,1.000000
1724157152418891700,58,482.53,171.25,208.51,88.10,1,1,1.000000
1724157152418891700,59,341.74,82.58,144.28,78.13,1,1,1.000000
1724157152418891700,61,174.20,259.70,210.43,74.11,1,1,1.000000
1724157152418891700,62,0.94,304.87,97.65,165.98,1,1,1.000000
1724157152418891700,65,155.77,388.71,225.61,124.32,1,1,1.000000
1724157152418891700,68,147.59,84.49,70.48,69.00,1,1,1.000000
1724157152418891700,69,0.08,477.80,69.37,96.01,1,1,1.000000
1724157152418891700,72,159.42,309.89,89.95,99.61,1,1,1.000000
1724157152418891700,74,89.48,7.96,147.68,75.24,1,1,1.000000
1724157152418891700,76,975.03,0.00,304.46,66.02,1,1,1.000000
1724157152418891700,79,334.18,0.00,198.90,54.32,1,1,1.000000
1724157152418891700,82,70.46,146.06,72.99,87.09,1,1,1.000000
1724157152456066200,34,340.19,335.14,208.76,81.47,1,1,1.000000
1724157152456066200,42,50.00,441.45,234.33,82.99,1,1,1.000000
1724157152456066200,45,648.03,353.71,276.22,117.05,1,1,1.000000
1724157152456066200,48,190.17,208.80,51.08,66.50,1,1,1.000000
1724157152456066200,49,817.26,321.88,220.76,76.14,1,1,1.000000
1724157152456066200,50,80.59,235.64,85.91,79.02,1,1,1.000000
1724157152456066200,51,17.35,383.85,141.71,96.81,1,1,1.000000
1724157152456066200,54,258.10,206.13,75.55,69.40,1,1,1.000000
1724157152456066200,55,57.12,107.22,58.05,68.19,1,1,1.000000
1724157152456066200,56,258.28,84.79,99.39,190.18,1,1,1.000000
1724157152456066200,57,208.94,112.44,50.87,91.99,1,1,1.000000
1724157152456066200,58,497.28,180.00,204.21,88.89,1,1,1.000000
1724157152456066200,59,341.66,85.04,152.48,76.77,1,1,1.000000
1724157152456066200,61,177.28,263.96,212.13,63.79,1,1,1.000000
1724157152456066200,62,1.12,309.54,100.24,166.44,1,1,1.000000
1724157152456066200,65,169.07,390.27,216.20,129.64,1,1,1.000000
1724157152456066200,68,149.52,90.07,68.56,65.48,1,1,1.000000
1724157152456066200,69,0.23,483.14,66.63,94.22,1,1,1.000000
1724157152456066200,72,153.74,312.98,101.77,106.83,1,1,1.000000
1724157152456066200,74,92.42,13.86,147.75,74.30,1,1,1.000000
1724157152456066200,76,997.12,0.00,283.80,67.52,1,1,1.000000
1724157152456066200,77,0.25,250.59,33.61,69.49,1,1,1.000000
1724157152456066200,79,337.53,0.00,204.31,58.22,1,1,1.000000
1724157152456066200,82,78.48,157.67,65.39,76.27,1,1,1.000000
1724157152501331500,34,349.31,339.76,205.13,80.82,1,1,1.000000
1724157152501331500,42,47.69,451.04,242.90,72.26,1,1,1.000000
1724157152501331500,45,669.04,360.50,269.03,123.62,1,1,1.000000
1724157152501331500,48,192.50,214.66,48.61,63.89,1,1,1.000000
1724157152501331500,49,834.48,328.97,223.48,83.23,1,1,1.000000
1724157152501331500,50,79.08,238.13,83.56,82.37,1,1,1.000000
1724157152501331500,51,22.16,382.63,154.29,102.77,1,1,1.000000
1724157152501331500,54,257.63,209.41,79.57,69.30,1,1,1.000000
1724157152501331500,55,57.32,110.96,59.53,63.13,1,1,1.000000
1724157152501331500,56,298.35,89.27,64.99,125.97,1,1,1.000000
1724157152501331500,57,208.30,116.61,51.47,93.07,1,1,1.000000
1724157152501331500,58,511.80,187.01,202.90,90.03,1,1,1.000000
1724157152501331500,59,336.75,89.85,166.58,78.68,1,1,1.000000
1724157152501331500,61,174.19,268.79,221.96,66.09,1,1,1.000000
1724157152501331500,62,1.24,309.93,104.60,174.20,1,1,1.000000
1724157152501331500,65,180.94,391.97,207.34,116.34,1,1,1.000000
1724157152501331500,68,149.37,94.73,67.64,65.91,1,1,1.000000
1724157152501331500,69,0.28,486.27,74.48,93.45,1,1,1.000000
1724157152501331500,72,160.98,317.00,104.11,111.81,1,1,1.000000
1724157152501331500,74,90.21,18.01,150.18,75.41,1,1,1.000000
1724157152501331500,76,1019.49,0.17,260.82,74.26,1,1,1.000000
1724157152501331500,79,346.25,0.00,204.29,62.80,1,1,1.000000
1724157152501331500,82,79.16,165.56,62.00,70.91,1,1,1.000000
1724157152531125900,34,357.18,342.91,207.42,86.43,1,1,1.000000
1724157152531125900,42,52.17,453.61,238.79,73.25,1,1,1.000000
1724157152531125900,45,679.32,368.11,278.06,123.56,1,1,1.000000
1724157152531125900,48,193.59,216.40,50.23,66.65,1,1,1.000000
1724157152531125900,49,845.90,332.59,229.11,87.23,1,1,1.000000
1724157152531125900,50,81.76,238.97,83.37,84.45,1,1,1.000000
1724157152531125900,51,19.41,384.56,159.04,104.01,1,1,1.000000
1724157152531125900,54,258.89,216.23,80.85,64.23,1,1,1.000000
1724157152531125900,55,54.78,116.03,62.73,69.71,1,1,1.000000
1724157152531125900,56,300.02,91.77,72.71,118.25,1,1,1.000000
1724157152531125900,57,207.73,124.20,52.42,91.02,1,1,1.000000
1724157152531125900,58,521.91,191.33,205.06,94.93,1,1,1.000000
1724157152531125900,59,327.92,89.53,186.29,109.35,1,1,1.000000
1724157152531125900,61,171.62,271.16,229.81,66.41,1,1,1.000000
1724157152531125900,62,1.91,316.37,109.16,170.83,1,1,1.000000
1724157152531125900,65,187.53,391.57,204.92,131.94,1,1,1.000000
1724157152531125900,68,152.80,98.71,63.62,65.24,1,1,1.000000
1724157152531125900,69,0.41,489.32,73.20,92.80,1,1,1.000000
1724157152531125900,72,166.07,319.96,107.50,108.31,1,1,1.000000
1724157152531125900,74,92.30,21.77,152.21,74.50,1,1,1.000000
1724157152531125900,76,1037.48,0.00,242.64,82.60,1,1,1.000000
1724157152531125900,79,351.36,0.00,207.23,68.18,1,1,1.000000
1724157152531125900,82,68.01,174.45,73.52,67.85,1,1,1.000000
1724157152579965000,34,367.53,342.65,209.56,92.29,1,1,1.000000
1724157152579965000,42,61.41,456.49,234.88,65.57,1,1,1.000000
1724157152579965000,45,698.95,370.18,279.34,126.56,1,1,1.000000
1724157152579965000,48,197.10,219.63,48.18,64.87,1,1,1.000000
1724157152579965000,49,862.22,339.97,233.22,91.79,1,1,1.000000
1724157152579965000,50,82.19,241.09,85.25,85.24,1,1,1.000000
1724157152579965000,51,16.13,389.77,165.03,105.53,1,1,1.000000
1724157152579965000,54,258.97,219.64,85.36,64.60,1,1,1.000000
1724157152579965000,55,56.29,122.93,61.90,67.37,1,1,1.000000
1724157152579965000,56,298.12,89.81,93.37,133.94,1,1,1.000000
1724157152579965000,57,209.05,125.46,49.98,90.64,1,1,1.000000
1724157152579965000,58,532.65,196.18,209.46,97.54,1,1,1.000000
1724157152579965000,59,349.84,91.34,174.87,101.75,1,1,1.000000
1724157152579965000,61,173.68,274.52,230.14,64.38,1,1,1.000000
1724157152579965000,62,1.68,317.65,112.30,179.11,1,1,1.000000
1724157152579965000,65,192.94,394.19,203.37,121.22,1,1,1.000000
1724157152579965000,68,154.74,100.74,63.28,64.29,1,1,1.000000
1724157152579965000,69,0.40,490.87,75.48,95.04,1,1,1.000000
1724157152579965000,72,177.97,322.65,99.63,98.97,1,1,1.000000
1724157152579965000,74,90.54,25.56,156.28,73.77,1,1,1.000000
1724157152579965000,76,1065.57,0.00,214.55,84.75,1,1,1.000000
1724157152579965000,79,360.68,0.20,206.12,74.28,1,1,1.000000
1724157152579965000,82,64.03,176.28,79.16,68.85,1,1,1.000000
1724157152615983700,34,375.90,341.14,206.52,98.10,1,1,1.000000
1724157152615983700,42,54.28,457.85,246.58,64.90,1,1,1.000000
1724157152615983700,45,710.61,372.38,283.98,132.34,1,1,1.000000
1724157152615983700,48,196.88,222.29,49.44,65.04,1,1,1.000000
1724157152615983700,49,876.66,343.44,236.24,97.57,1,1,1.000000
1724157152615983700,50,83.30,243.03,84.75,85.91,1,1,1.000000
1724157152615983700,51,11.49,391.47,171.33,105.70,1,1,1.000000
1724157152615983700,54,257.80,221.42,89.17,64.64,1,1,1.000000
1724157152615983700,55,58.37,121.21,63.42,69.87,1,1,1.000000
1724157152615983700,56,294.63,92.12,108.60,132.07,1,1,1.000000
1724157152615983700,57,210.78,130.52,50.38,86.72,1,1,1.000000
1724157152615983700,58,547.90,200.99,207.98,96.85,1,1,1.000000
1724157152615983700,59,368.47,93.80,166.85,70.04,1,1,1.000000
1724157152615983700,61,174.97,276.62,236.90,66.78,1,1,1.000000
1724157152615983700,62,2.06,316.48,108.66,178.36,1,1,1.000000
1724157152615983700,65,199.80,394.46,200.22,99.61,1,1,1.000000
1724157152615983700,68,155.80,104.65,66.17,61.52,1,1,1.000000
1724157152615983700,69,0.48,489.57,76.54,96.95,1,1,1.000000
1724157152615983700,72,178.97,325.71,102.75,88.48,1,1,1.000000
1724157152615983700,74,90.99,27.86,155.73,74.78,1,1,1.000000
1724157152615983700,76,1098.72,0.03,181.51,83.90,1,1,1.000000
1724157152615983700,77,0.27,264.35,42.37,68.97,1,1,1.000000
1724157152615983700,79,370.87,0.70,209.19,74.32,1,1,1.000000
1724157152615983700,82,60.52,163.58,87.30,83.99,1,1,1.000000
1724157152655563100,34,388.22,343.56,205.93,99.66,1,1,1.000000
1724157152655563100,42,56.05,459.38,251.41,63.83,1,1,1.000000
1724157152655563100,45,726.62,381.38,287.29,128.80,1,1,1.000000
1724157152655563100,48,197.28,222.54,50.85,67.93,1,1,1.000000
1724157152655563100,49,896.23,347.26,239.03,105.73,1,1,1.000000
1724157152655563100,50,85.87,244.17,82.62,85.91,1,1,1.000000
1724157152655563100,51,17.43,391.15,171.08,106.44,1,1,1.000000
1724157152655563100,54,257.41,223.03,85.04,65.84,1,1,1.000000
1724157152655563100,55,59.67,121.14,63.35,67.01,1,1,1.000000
1724157152655563100,56,294.78,91.52,126.64,126.82,1,1,1.000000
1724157152655563100,57,210.91,131.64,53.68,86.03,1,1,1.000000
1724157152655563100,58,561.49,206.36,209.97,98.03,1,1,1.000000
1724157152655563100,59,376.04,93.06,168.08,68.03,1,1,1.000000
1724157152655563100,61,177.38,277.14,242.15,63.55,1,1,1.000000
1724157152655563100,62,2.67,316.52,105.85,175.99,1,1,1.000000
1724157152655563100,65,191.09,397.39,215.51,88.81,1,1,1.000000
1724157152655563100,68,156.62,106.13,69.43,64.09,1,1,1.000000
1724157152655563100,69,0.47,489.03,82.54,101.13,1,1,1.000000
1724157152655563100,72,183.83,328.53,103.15,81.72,1,1,1.000000
1724157152655563100,74,92.37,28.59,152.41,75.52,1,1,1.000000
1724157152655563100,76,1136.94,0.58,143.21,79.22,1,1,1.000000
1724157152655563100,77,0.17,262.76,48.67,72.54,1,1,1.000000
1724157152655563100,79,385.70,1.55,195.26,76.44,1,1,1.000000
1724157152655563100,82,61.55,168.71,92.42,82.20,1,1,1.000000
1724157152700337200,34,400.81,342.18,197.06,106.49,1,1,1.000000
1724157152700337200,42,60.58,460.04,249.94,58.69,1,1,1.000000
1724157152700337200,45,743.84,388.02,288.72,130.78,1,1,1.000000
1724157152700337200,48,202.15,224.94,47.31,67.23,1,1,1.000000
1724157152700337200,49,910.30,350.04,243.21,110.77,1,1,1.000000
1724157152700337200,50,88.87,245.79,81.28,85.71,1,1,1.000000
1724157152700337200,51,19.50,389.93,171.15,111.58,1,1,1.000000
1724157152700337200,54,257.88,222.63,87.06,72.45,1,1,1.000000
1724157152700337200,55,57.87,117.49,76.00,76.41,1,1,1.000000
1724157152700337200,56,292.19,93.00,138.34,120.63,1,1,1.000000
1724157152700337200,57,211.62,131.63,52.73,85.18,1,1,1.000000
1724157152700337200,58,578.28,204.07,205.70,107.41,1,1,1.000000
1724157152700337200,59,404.86,96.67,153.06,61.96,1,1,1.000000
1724157152700337200,61,177.56,277.28,246.43,64.28,1,1,1.000000
1724157152700337200,62,3.82,314.87,103.81,176.77,1,1,1.000000
1724157152700337200,65,199.89,397.55,210.78,88.92,1,1,1.000000
1724157152700337200,68,156.93,106.90,76.08,67.34,1,1,1.000000
1724157152700337200,69,0.50,488.47,84.87,102.68,1,1,1.000000
1724157152700337200,72,175.85,329.42,117.03,80.20,1,1,1.000000
1724157152700337200,74,93.77,28.81,151.28,76.64,1,1,1.000000
1724157152700337200,76,1182.64,3.37,97.36,72.94,1,1,1.000000
1724157152700337200,77,0.10,262.50,46.89,76.83,1,1,1.000000
1724157152700337200,79,399.94,4.22,188.70,77.39,1,1,1.000000
1724157152700337200,82,64.34,173.54,95.08,81.15,1,1,1.000000
1724157152700337200,85,0.39,62.22,40.70,73.75,1,1,1.000000
1724157152731589700,34,403.39,343.77,202.07,107.98,1,1,1.000000
1724157152731589700,42,61.90,461.04,254.58,59.45,1,1,1.000000
1724157152731589700,45,759.63,389.78,292.97,136.73,1,1,1.000000
1724157152731589700,48,203.82,224.77,47.18,70.53,1,1,1.000000
1724157152731589700,49,930.53,353.49,245.01,115.17,1,1,1.000000
1724157152731589700,50,91.25,249.14,79.79,80.20,1,1,1.000000
1724157152731589700,51,27.91,394.09,167.20,106.62,1,1,1.000000
1724157152731589700,54,256.27,222.12,90.45,80.89,1,1,1.000000
1724157152731589700,55,62.65,118.00,76.39,72.07,1,1,1.000000
1724157152731589700,56,289.08,91.19,152.91,131.92,1,1,1.000000
1724157152731589700,57,216.64,134.55,49.70,82.35,1,1,1.000000
1724157152731589700,58,588.41,212.24,206.00,106.03,1,1,1.000000
1724157152731589700,59,415.39,94.67,153.44,63.39,1,1,1.000000
1724157152731589700,61,185.09,277.65,244.03,60.44,1,1,1.000000
1724157152731589700,62,9.83,314.96,107.50,172.11,1,1,1.000000
1724157152731589700,65,197.91,398.82,217.23,84.75,1,1,1.000000
1724157152731589700,68,158.09,106.01,74.39,67.78,1,1,1.000000
1724157152731589700,69,0.56,488.35,89.39,105.17,1,1,1.000000
1724157152731589700,72,172.57,329.58,124.42,85.77,1,1,1.000000
1724157152731589700,74,93.46,27.35,144.56,79.92,1,1,1.000000
1724157152731589700,76,1225.77,6.24,54.03,64.85,1,1,1.000000
1724157152731589700,77,0.26,262.15,46.49,81.59,1,1,1.000000
1724157152731589700,79,406.71,3.62,186.50,75.86,1,1,1.000000
1724157152731589700,82,65.49,173.61,101.35,80.08,1,1,1.000000
1724157152731589700,85,0.19,66.41,42.40,67.29,1,1,1.000000
1724157152781417600,34,405.06,346.75,207.06,108.47,1,1,1.000000
1724157152781417600,42,59.30,461.53,262.38,57.57,1,1,1.000000
1724157152781417600,45,768.25,397.97,306.26,135.18,1,1,1.000000
1724157152781417600,48,201.89,225.25,51.48,77.07,1,1,1.000000
1724157152781417600,49,947.13,359.09,251.46,122.24,1,1,1.000000
1724157152781417600,50,93.30,250.14,79.47,81.65,1,1,1.000000
1724157152781417600,51,29.19,398.80,158.69,99.38,1,1,1.000000
1724157152781417600,54,251.75,222.78,96.90,84.41,1,1,1.000000
1724157152781417600,55,63.21,117.71,70.51,74.89,1,1,1.000000
1724157152781417600,56,285.77,89.59,159.94,119.47,1,1,1.000000
1724157152781417600,57,224.09,132.27,43.27,84.84,1,1,1.000000
1724157152781417600,58,598.96,216.80,211.80,108.01,1,1,1.000000
1724157152781417600,59,432.76,91.75,151.68,66.79,1,1,1.000000
1724157152781417600,61,187.19,277.14,246.84,58.99,1,1,1.000000
1724157152781417600,62,12.93,314.50,101.10,168.15,1,1,1.000000
1724157152781417600,65,197.21,397.59,225.19,83.59,1,1,1.000000
1724157152781417600,68,159.95,106.85,81.48,70.56,1,1,1.000000
1724157152781417600,69,0.41,489.40,89.81,105.19,1,1,1.000000
1724157152781417600,72,167.30,329.15,138.91,85.31,1,1,1.000000
1724157152781417600,74,95.80,24.41,142.99,84.68,1,1,1.000000
1724157152781417600,77,0.19,261.55,47.08,82.16,1,1,1.000000
1724157152781417600,79,411.21,2.30,189.29,76.55,1,1,1.000000
1724157152781417600,82,62.03,177.33,106.87,78.32,1,1,1.000000
1724157152781417600,85,0.30,63.79,46.78,71.84,1,1,1.000000
1724157152810279200,34,409.63,349.28,209.60,106.57,1,1,1.000000
1724157152810279200,42,63.35,459.96,265.58,61.70,1,1,1.000000
1724157152810279200,45,780.12,407.30,315.20,133.18,1,1,1.000000
1724157152810279200,48,208.81,224.97,46.76,75.60,1,1,1.000000
1724157152810279200,49,965.46,366.26,254.53,125.39,1,1,1.000000
1724157152810279200,50,96.91,249.36,76.85,80.30,1,1,1.000000
1724157152810279200,51,37.64,397.82,158.49,97.72,1,1,1.000000
1724157152810279200,54,253.30,222.90,97.66,81.91,1,1,1.000000
1724157152810279200,55,66.92,119.03,69.34,70.59,1,1,1.000000
1724157152810279200,56,279.86,87.83,169.10,120.69,1,1,1.000000
1724157152810279200,57,219.48,133.07,50.53,84.56,1,1,1.000000
1724157152810279200,58,611.96,223.22,215.17,106.98,1,1,1.000000
1724157152810279200,59,435.71,90.65,162.83,65.41,1,1,1.000000
1724157152810279200,61,196.30,276.10,241.15,59.38,1,1,1.000000
1724157152810279200,62,22.35,312.54,92.45,173.90,1,1,1.000000
1724157152810279200,65,194.95,399.59,231.06,78.54,1,1,1.000000
1724157152810279200,68,158.84,105.91,83.23,71.70,1,1,1.000000
1724157152810279200,69,0.46,490.03,94.90,105.19,1,1,1.000000
1724157152810279200,72,166.49,329.75,145.24,84.13,1,1,1.000000
1724157152810279200,74,95.51,22.42,140.62,86.99,1,1,1.000000
1724157152810279200,77,0.36,260.82,45.84,84.68,1,1,1.000000
1724157152810279200,79,418.83,3.59,191.14,73.94,1,1,1.000000
1724157152810279200,82,53.83,179.39,117.98,75.78,1,1,1.000000
1724157152810279200,85,0.14,62.71,52.02,74.41,1,1,1.000000
1724157152853061100,34,427.98,364.78,206.58,99.60,1,1,1.000000
1724157152853061100,42,61.67,453.89,277.20,64.08,1,1,1.000000
1724157152853061100,45,809.90,425.19,336.61,136.41,1,1,1.000000
1724157152853061100,48,213.49,223.87,45.69,71.76,1,1,1.000000
1724157152853061100,49,1000.81,376.47,259.67,132.66,1,1,1.000000
1724157152853061100,50,96.41,249.48,80.79,77.40,1,1,1.000000
1724157152853061100,51,42.53,398.27,145.60,94.87,1,1,1.000000
1724157152853061100,54,253.55,218.93,104.36,85.64,1,1,1.000000
1724157152853061100,55,63.84,120.12,72.41,65.71,1,1,1.000000
1724157152853061100,56,269.75,82.02,199.66,95.67,1,1,1.000000
1724157152853061100,57,225.67,133.67,40.70,75.92,1,1,1.000000
1724157152853061100,58,635.67,234.63,219.13,103.73,1,1,1.000000
1724157152853061100,59,445.67,88.49,176.68,66.63,1,1,1.000000
1724157152853061100,61,218.88,276.32,223.75,58.06,1,1,1.000000
1724157152853061100,62,34.21,320.88,91.17,151.57,1,1,1.000000
1724157152853061100,65,193.67,399.27,242.47,77.58,1,1,1.000000
1724157152853061100,68,163.85,105.74,76.39,68.78,1,1,1.000000
1724157152853061100,69,0.56,490.83,98.83,100.09,1,1,1.000000
1724157152853061100,72,160.85,328.19,158.02,86.67,1,1,1.000000
1724157152853061100,74,95.84,18.88,138.09,89.22,1,1,1.000000
1724157152853061100,77,0.26,258.98,50.07,85.97,1,1,1.000000
1724157152853061100,79,428.71,1.33,191.47,73.42,1,1,1.000000
1724157152853061100,82,38.32,179.04,144.48,78.40,1,1,1.000000
1724157152853061100,85,0.24,60.92,60.25,72.61,1,1,1.000000
1724157152899068700,34,435.06,367.20,207.93,95.91,1,1,1.000000
1724157152899068700,42,67.86,452.25,272.54,65.00,1,1,1.000000
1724157152899068700,45,834.04,429.81,337.44,140.16,1,1,1.000000
1724157152899068700,48,215.52,221.71,44.14,73.95,1,1,1.000000
1724157152899068700,49,1022.82,381.42,256.18,139.48,1,1,1.000000
1724157152899068700,50,97.11,242.95,81.99,82.91,1,1,1.000000
1724157152899068700,51,51.56,398.70,136.72,89.09,1,1,1.000000
1724157152899068700,54,248.87,218.06,116.62,87.21,1,1,1.000000
1724157152899068700,55,59.83,119.38,74.41,68.00,1,1,1.000000
1724157152899068700,56,268.57,80.89,212.97,78.70,1,1,1.000000
1724157152899068700,57,228.91,133.20,40.41,77.23,1,1,1.000000
1724157152899068700,58,657.05,236.83,213.28,106.85,1,1,1.000000
1724157152899068700,59,472.02,89.38,163.37,63.57,1,1,1.000000
1724157152899068700,61,216.58,275.27,229.28,59.94,1,1,1.000000
1724157152899068700,62,35.77,352.49,56.45,129.27,1,1,1.000000
1724157152899068700,65,194.15,397.62,244.47,78.46,1,1,1.000000
1724157152899068700,68,164.60,102.39,74.59,70.67,1,1,1.000000
1724157152899068700,69,0.53,488.63,101.97,98.19,1,1,1.000000
1724157152899068700,72,156.29,326.22,165.40,88.17,1,1,1.000000
1724157152899068700,74,97.63,17.17,134.28,90.63,1,1,1.000000
1724157152899068700,77,0.29,260.86,52.71,80.67,1,1,1.000000
1724157152899068700,79,432.90,1.64,198.90,73.32,1,1,1.000000
1724157152899068700,82,33.23,173.57,152.87,84.81,1,1,1.000000
1724157152899068700,85,0.36,58.44,58.52,71.06,1,1,1.000000
1724157152930640700,34,453.34,365.85,199.72,98.18,1,1,1.000000
1724157152930640700,42,84.02,450.69,263.45,67.24,1,1,1.000000
1724157152930640700,45,853.27,430.06,338.93,148.27,1,1,1.000000
1724157152930640700,48,212.65,218.87,48.13,75.27,1,1,1.000000
1724157152930640700,49,1028.72,386.00,251.53,141.04,1,1,1.000000
1724157152930640700,50,97.99,242.31,81.94,83.17,1,1,1.000000
1724157152930640700,51,65.67,398.18,123.90,82.50,1,1,1.000000
1724157152930640700,54,252.41,215.79,121.08,87.81,1,1,1.000000
1724157152930640700,55,57.65,117.16,77.56,63.08,1,1,1.000000
1724157152930640700,56,258.50,79.00,232.42,81.04,1,1,1.000000
1724157152930640700,57,225.42,128.80,42.57,78.01,1,1,1.000000
1724157152930640700,58,672.67,238.19,214.40,107.91,1,1,1.000000
1724157152930640700,59,479.24,89.48,170.46,64.90,1,1,1.000000
1724157152930640700,61,219.75,274.44,229.90,61.34,1,1,1.000000
1724157152930640700,62,42.31,347.32,50.85,129.03,1,1,1.000000
1724157152930640700,65,200.36,396.31,246.32,79.06,1,1,1.000000
1724157152930640700,68,164.95,102.96,75.86,70.68,1,1,1.000000
1724157152930640700,69,0.39,487.44,103.96,98.78,1,1,1.000000
1724157152930640700,72,151.44,324.60,174.14,87.08,1,1,1.000000
1724157152930640700,74,97.75,16.03,133.20,86.91,1,1,1.000000
1724157152930640700,77,0.26,258.80,53.43,80.56,1,1,1.000000
1724157152930640700,79,440.34,5.47,203.39,69.70,1,1,1.000000
1724157152930640700,82,98.24,174.19,89.89,80.77,1,1,1.000000
1724157152930640700,85,0.51,59.14,59.08,67.05,1,1,1.000000
1724157152975624700,34,461.51,364.72,201.09,100.56,1,1,1.000000
1724157152975624700,42,80.85,448.69,271.03,72.40,1,1,1.000000
1724157152975624700,45,868.12,431.07,346.62,153.37,1,1,1.000000
1724157152975624700,48,213.06,216.96,49.51,88.86,1,1,1.000000
1724157152975624700,49,1047.85,388.37,232.33,147.21,1,1,1.000000
1724157152975624700,50,95.92,246.93,85.32,79.94,1,1,1.000000
1724157152975624700,51,64.63,400.84,130.60,78.56,1,1,1.000000
1724157152975624700,54,263.72,213.06,117.87,96.32,1,1,1.000000
1724157152975624700,55,59.90,115.06,76.37,62.06,1,1,1.000000
1724157152975624700,56,263.86,75.89,238.97,80.75,1,1,1.000000
1724157152975624700,58,684.73,239.23,220.72,111.28,1,1,1.000000
1724157152975624700,59,475.34,89.36,192.23,65.17,1,1,1.000000
1724157152975624700,61,245.88,269.96,209.63,62.21,1,1,1.000000
1724157152975624700,62,44.28,341.52,50.41,121.82,1,1,1.000000
1724157152975624700,65,201.63,396.06,250.14,78.61,1,1,1.000000
1724157152975624700,68,166.51,101.35,73.87,70.26,1,1,1.000000
1724157152975624700,69,0.30,484.76,102.39,100.97,1,1,1.000000
1724157152975624700,72,147.34,321.96,183.73,91.86,1,1,1.000000
1724157152975624700,74,98.55,15.22,132.90,87.35,1,1,1.000000
1724157152975624700,77,0.16,258.33,53.24,78.64,1,1,1.000000
1724157152975624700,79,448.37,10.37,200.27,66.72,1,1,1.000000
1724157152975624700,82,109.76,170.57,85.34,85.86,1,1,1.000000
1724157152975624700,85,0.40,55.97,60.60,67.32,1,1,1.000000
1724157152975624700,86,19.57,170.99,111.93,56.40,1,1,1.000000
1724157153020813000,34,475.89,361.95,199.51,103.97,1,1,1.000000
1724157153020813000,42,86.14,445.91,271.81,72.49,1,1,1.000000
1724157153020813000,45,880.87,431.54,354.13,160.39,1,1,1.000000
1724157153020813000,48,216.27,217.21,43.28,67.59,1,1,1.000000
1724157153020813000,49,1067.06,395.91,212.83,139.70,1,1,1.000000
1724157153020813000,50,95.48,240.96,89.42,85.42,1,1,1.000000
1724157153020813000,54,282.62,210.28,109.97,79.83,1,1,1.000000
1724157153020813000,55,59.87,113.20,76.73,59.02,1,1,1.000000
1724157153020813000,56,293.08,71.78,213.37,86.61,1,1,1.000000
1724157153020813000,57,231.67,128.05,35.75,75.28,1,1,1.000000
1724157153020813000,58,702.15,239.07,218.88,114.49,1,1,1.000000
1724157153020813000,59,487.92,88.80,196.13,65.38,1,1,1.000000
1724157153020813000,61,233.17,270.92,231.63,62.31,1,1,1.000000
1724157153020813000,62,48.71,339.16,75.78,124.19,1,1,1.000000
1724157153020813000,65,205.10,394.92,252.66,79.06,1,1,1.000000
1724157153020813000,68,168.73,97.74,74.19,77.16,1,1,1.000000
1724157153020813000,69,0.16,482.36,104.36,100.06,1,1,1.000000
1724157153020813000,72,148.95,321.31,185.47,93.32,1,1,1.000000
1724157153020813000,74,98.96,13.46,133.34,88.19,1,1,1.000000
1724157153020813000,77,0.26,257.36,53.91,80.06,1,1,1.000000
1724157153020813000,79,453.56,8.34,200.08,71.24,1,1,1.000000
1724157153020813000,82,110.35,166.56,89.18,88.61,1,1,1.000000
1724157153020813000,85,0.31,53.25,61.69,69.18,1,1,1.000000
1724157153020813000,86,15.52,165.66,130.83,62.62,1,1,1.000000
1724157153051003000,34,486.97,360.78,200.63,106.57,1,1,1.000000
1724157153051003000,42,94.60,443.10,267.30,73.23,1,1,1.000000
1724157153051003000,45,898.71,433.09,364.43,167.65,1,1,1.000000
1724157153051003000,48,217.28,214.14,43.19,67.68,1,1,1.000000
1724157153051003000,49,1086.97,402.45,193.29,138.24,1,1,1.000000
1724157153051003000,50,100.42,240.85,86.33,84.26,1,1,1.000000
1724157153051003000,51,58.75,392.88,167.12,88.43,1,1,1.000000
1724157153051003000,54,288.10,207.62,109.13,75.71,1,1,1.000000
1724157153051003000,55,61.72,108.99,75.76,57.15,1,1,1.000000
1724157153051003000,56,317.80,70.89,195.90,89.23,1,1,1.000000
1724157153051003000,57,228.21,126.70,42.53,76.76,1,1,1.000000
1724157153051003000,58,714.36,245.26,220.18,113.25,1,1,1.000000
1724157153051003000,59,502.66,88.30,196.48,64.50,1,1,1.000000
1724157153051003000,61,237.57,269.01,233.58,64.12,1,1,1.000000
1724157153051003000,65,210.44,395.27,250.40,76.39,1,1,1.000000
1724157153051003000,68,168.54,99.41,68.01,73.62,1,1,1.000000
1724157153051003000,69,0.06,480.24,114.14,101.84,1,1,1.000000
1724157153051003000,72,149.37,319.32,184.72,92.96,1,1,1.000000
1724157153051003000,74,99.87,11.18,137.46,90.04,1,1,1.000000
1724157153051003000,77,0.40,254.50,59.01,84.62,1,1,1.000000
1724157153051003000,79,457.85,5.99,198.89,70.05,1,1,1.000000
1724157153051003000,82,111.78,166.81,89.42,90.21,1,1,1.000000
1724157153051003000,85,0.33,57.92,63.29,63.03,1,1,1.000000
1724157153051003000,86,7.93,161.42,193.14,93.35,1,1,1.000000
1724157153051003000,89,0.30,636.15,78.23,65.69,1,1,1.000000
1724157153096176300,34,500.23,365.45,195.55,104.48,1,1,1.000000
1724157153096176300,42,102.00,441.86,261.34,79.14,1,1,1.000000
1724157153096176300,45,916.48,435.24,363.01,170.55,1,1,1.000000
1724157153096176300,48,216.99,210.73,47.16,71.39,1,1,1.000000
1724157153096176300,49,1111.70,414.39,168.09,119.75,1,1,1.000000
1724157153096176300,50,109.69,241.03,77.41,75.83,1,1,1.000000
1724157153096176300,51,55.22,395.74,129.54,84.32,1,1,1.000000
1724157153096176300,54,285.90,207.68,118.98,72.48,1,1,1.000000
1724157153096176300,55,58.49,104.68,80.75,61.39,1,1,1.000000
1724157153096176300,56,335.18,69.16,186.46,86.53,1,1,1.000000
1724157153096176300,57,227.32,126.30,48.62,73.84,1,1,1.000000
1724157153096176300,58,733.89,251.26,220.54,114.04,1,1,1.000000
1724157153096176300,59,518.78,89.48,195.33,63.86,1,1,1.000000
1724157153096176300,61,248.02,268.93,226.84,62.26,1,1,1.000000
1724157153096176300,62,40.36,325.04,78.43,147.26,1,1,1.000000
1724157153096176300,65,217.40,395.72,243.24,75.70,1,1,1.000000
1724157153096176300,68,170.93,94.09,63.44,70.76,1,1,1.000000
1724157153096176300,69,0.11,478.58,120.49,101.65,1,1,1.000000
1724157153096176300,72,151.33,317.96,189.58,94.02,1,1,1.000000
1724157153096176300,74,101.45,8.79,140.15,89.87,1,1,1.000000
1724157153096176300,77,0.41,255.32,59.79,82.65,1,1,1.000000
1724157153096176300,79,466.06,1.58,204.07,74.60,1,1,1.000000
1724157153096176300,85,0.70,54.38,65.76,64.20,1,1,1.000000
1724157153096176300,86,2.57,161.14,203.65,89.07,1,1,1.000000
1724157153096176300,89,0.42,631.03,82.27,63.57,1,1,1.000000
1724157153127298100,34,509.13,365.04,199.51,105.05,1,1,1.000000
1724157153127298100,42,120.18,438.62,244.84,70.77,1,1,1.000000
1724157153127298100,45,935.99,435.85,344.13,178.43,1,1,1.000000
1724157153127298100,48,222.26,208.71,42.94,71.44,1,1,1.000000
1724157153127298100,49,1131.47,419.95,148.77,116.76,1,1,1.000000
1724157153127298100,50,111.34,234.16,75.66,79.26,1,1,1.000000
1724157153127298100,51,57.63,393.00,173.54,85.12,1,1,1.000000
1724157153127298100,54,286.56,204.52,126.05,73.72,1,1,1.000000
1724157153127298100,55,68.44,99.31,76.26,60.53,1,1,1.000000
1724157153127298100,56,339.09,69.67,192.66,85.94,1,1,1.000000
1724157153127298100,57,228.34,125.06,50.61,75.07,1,1,1.000000
1724157153127298100,58,741.88,255.38,229.27,115.08,1,1,1.000000
1724157153127298100,59,528.05,88.24,201.04,65.02,1,1,1.000000
1724157153127298100,61,256.66,266.72,224.74,64.67,1,1,1.000000
1724157153127298100,62,40.51,299.45,72.55,168.39,1,1,1.000000
1724157153127298100,65,218.79,394.44,250.13,78.68,1,1,1.000000
1724157153127298100,68,171.59,91.99,59.74,67.67,1,1,1.000000
1724157153127298100,69,0.09,475.38,139.43,105.84,1,1,1.000000
1724157153127298100,72,153.03,316.80,191.69,89.99,1,1,1.000000
1724157153127298100,74,102.82,7.30,142.63,90.62,1,1,1.000000
1724157153127298100,77,0.35,254.26,57.38,84.02,1,1,1.000000
1724157153127298100,79,480.69,5.90,190.71,69.07,1,1,1.000000
1724157153127298100,85,0.98,52.35,69.97,64.51,1,1,1.000000
1724157153127298100,86,3.94,159.92,209.50,85.39,1,1,1.000000
1724157153127298100,89,0.51,623.23,82.75,64.04,1,1,1.000000
1724157153172212000,34,518.76,357.69,201.48,115.60,1,1,1.000000
1724157153172212000,42,131.07,440.44,238.69,69.63,1,1,1.000000
1724157153172212000,45,958.45,443.45,322.12,181.15,1,1,1.000000
1724157153172212000,48,223.44,208.37,43.87,70.26,1,1,1.000000
1724157153172212000,49,1144.64,423.26,135.73,116.11,1,1,1.000000
1724157153172212000,50,112.58,239.67,72.12,70.59,1,1,1.000000
1724157153172212000,51,57.61,387.91,173.07,86.61,1,1,1.000000
1724157153172212000,54,287.00,203.27,131.13,71.39,1,1,1.000000
1724157153172212000,55,79.33,99.53,68.26,58.07,1,1,1.000000
1724157153172212000,56,326.29,68.65,219.36,86.44,1,1,1.000000
1724157153172212000,57,229.81,125.38,49.07,75.11,1,1,1.000000
1724157153172212000,58,749.91,257.98,234.67,121.18,1,1,1.000000
1724157153172212000,59,539.76,86.54,201.75,68.68,1,1,1.000000
1724157153172212000,61,259.99,265.48,226.15,64.96,1,1,1.000000
1724157153172212000,62,41.03,297.95,81.33,167.86,1,1,1.000000
1724157153172212000,65,222.60,394.42,255.71,78.12,1,1,1.000000
1724157153172212000,68,173.47,90.57,56.54,67.16,1,1,1.000000
1724157153172212000,69,0.23,479.01,151.97,99.22,1,1,1.000000
1724157153172212000,72,156.60,315.36,192.47,90.77,1,1,1.000000
1724157153172212000,74,101.94,5.65,144.05,91.72,1,1,1.000000
1724157153172212000,77,0.40,253.01,58.69,86.28,1,1,1.000000
1724157153172212000,79,474.77,2.64,208.51,74.69,1,1,1.000000
1724157153172212000,85,1.13,51.98,71.13,63.53,1,1,1.000000
1724157153172212000,86,3.07,158.71,211.92,86.80,1,1,1.000000
1724157153172212000,89,0.55,619.62,76.81,54.50,1,1,1.000000
1724157153218388200,34,529.78,377.39,207.59,100.00,1,1,1.000000
1724157153218388200,42,147.80,438.61,230.87,67.29,1,1,1.000000
1724157153218388200,45,986.77,455.37,293.75,175.13,1,1,1.000000
1724157153218388200,48,223.14,208.53,51.82,76.82,1,1,1.000000
1724157153218388200,49,1184.25,440.60,95.89,89.84,1,1,1.000000
1724157153218388200,50,115.36,226.96,67.09,78.47,1,1,1.000000
1724157153218388200,51,55.20,387.71,172.03,84.60,1,1,1.000000
1724157153218388200,54,285.29,198.14,147.93,75.31,1,1,1.000000
1724157153218388200,55,92.84,96.71,62.39,59.29,1,1,1.000000
1724157153218388200,56,342.29,66.08,233.18,85.67,1,1,1.000000
1724157153218388200,57,232.08,125.60,52.17,70.93,1,1,1.000000
1724157153218388200,58,775.96,272.13,245.31,126.52,1,1,1.000000
1724157153218388200,59,570.65,88.17,203.88,70.37,1,1,1.000000
1724157153218388200,61,271.73,264.22,226.04,65.04,1,1,1.000000
1724157153218388200,62,45.12,287.13,88.63,159.00,1,1,1.000000
1724157153218388200,65,228.82,386.91,256.79,83.79,1,1,1.000000
1724157153218388200,68,172.63,92.27,54.49,64.98,1,1,1.000000
1724157153218388200,69,0.16,476.04,158.39,101.34,1,1,1.000000
1724157153218388200,72,158.86,314.33,199.95,89.69,1,1,1.000000
1724157153218388200,74,103.95,2.78,147.33,92.39,1,1,1.000000
1724157153218388200,77,0.56,247.32,64.50,89.54,1,1,1.000000
1724157153218388200,79,460.02,0.38,234.29,76.16,1,1,1.000000
1724157153218388200,85,1.30,46.02,75.12,67.10,1,1,1.000000
1724157153218388200,86,6.68,153.30,216.06,84.38,1,1,1.000000
1724157153218388200,89,0.00,608.01,67.81,56.72,1,1,1.000000
1724157153297387300,34,532.13,381.24,211.95,99.14,1,1,1.000000
1724157153297387300,42,157.18,437.14,225.04,70.31,1,1,1.000000
1724157153297387300,45,999.19,466.21,281.06,167.73,1,1,1.000000
1724157153297387300,48,227.90,208.01,49.02,76.04,1,1,1.000000
1724157153297387300,49,1200.71,447.67,79.28,81.11,1,1,1.000000
1724157153297387300,50,113.62,231.18,71.08,72.90,1,1,1.000000
1724157153297387300,51,62.34,383.97,181.97,88.34,1,1,1.000000
1724157153297387300,54,282.28,196.95,154.25,85.20,1,1,1.000000
1724157153297387300,55,96.61,97.30,65.28,58.93,1,1,1.000000
1724157153297387300,56,354.85,63.61,232.19,90.27,1,1,1.000000
1724157153297387300,57,233.89,125.55,50.87,69.46,1,1,1.000000
1724157153297387300,58,790.23,275.00,246.91,129.55,1,1,1.000000
1724157153297387300,59,584.18,89.62,204.36,73.38,1,1,1.000000
1724157153297387300,61,285.68,265.99,219.44,64.92,1,1,1.000000
1724157153297387300,62,37.77,285.88,98.36,154.12,1,1,1.000000
1724157153297387300,65,241.26,381.61,250.00,91.14,1,1,1.000000
1724157153297387300,68,173.90,90.64,47.71,63.72,1,1,1.000000
1724157153297387300,69,0.50,476.85,165.04,98.06,1,1,1.000000
1724157153297387300,72,159.68,313.22,200.37,93.52,1,1,1.000000
1724157153297387300,74,105.75,2.63,147.37,94.37,1,1,1.000000
1724157153297387300,77,0.44,246.33,71.01,87.37,1,1,1.000000
1724157153297387300,79,479.07,0.18,225.43,77.24,1,1,1.000000
1724157153297387300,85,3.06,46.69,73.95,63.57,1,1,1.000000
1724157153297387300,86,19.39,153.19,211.95,89.55,1,1,1.000000
1724157153297387300,89,0.00,601.27,52.65,53.82,1,1,1.000000
1724157153297387300,95,0.23,157.68,52.52,57.45,1,1,1.000000
1724157153340779600,34,548.97,394.83,216.56,97.18,1,1,1.000000
1724157153340779600,42,169.12,434.38,223.27,76.63,1,1,1.000000
1724157153340779600,45,1042.12,484.39,238.60,151.85,1,1,1.000000
1724157153340779600,49,1237.08,457.91,43.44,59.46,1,1,1.000000
1724157153340779600,50,112.47,222.05,75.28,83.06,1,1,1.000000
1724157153340779600,51,69.89,378.94,185.16,94.31,1,1,1.000000
1724157153340779600,54,277.13,196.07,169.77,90.53,1,1,1.000000
1724157153340779600,55,97.36,94.57,68.83,59.19,1,1,1.000000
1724157153340779600,56,385.94,63.90,224.36,93.09,1,1,1.000000
1724157153340779600,57,236.62,126.37,52.01,67.57,1,1,1.000000
1724157153340779600,58,824.31,281.18,244.74,142.77,1,1,1.000000
1724157153340779600,59,611.94,91.93,210.44,77.92,1,1,1.000000
1724157153340779600,61,295.44,266.11,223.75,66.69,1,1,1.000000
1724157153340779600,62,33.80,292.67,102.27,140.21,1,1,1.000000
1724157153340779600,65,241.37,376.50,261.01,96.32,1,1,1.000000
1724157153340779600,68,177.98,89.15,44.74,64.13,1,1,1.000000
1724157153340779600,69,0.54,476.79,166.49,97.47,1,1,1.000000
1724157153340779600,72,174.79,312.68,191.13,94.95,1,1,1.000000
1724157153340779600,74,107.66,2.56,149.74,93.48,1,1,1.000000
1724157153340779600,77,0.74,246.47,76.16,85.38,1,1,1.000000
1724157153340779600,79,487.05,0.08,229.08,78.26,1,1,1.000000
1724157153340779600,85,5.69,39.69,74.04,66.51,1,1,1.000000
1724157153340779600,86,40.82,147.68,201.23,85.86,1,1,1.000000
1724157153340779600,89,0.00,594.52,34.76,53.69,1,1,1.000000
1724157153340779600,95,0.46,146.45,77.85,83.70,1,1,1.000000
1724157153371408100,34,555.34,399.08,219.43,98.92,1,1,1.000000
1724157153371408100,42,172.83,437.79,221.71,77.08,1,1,1.000000
1724157153371408100,45,1063.13,497.26,217.05,137.14,1,1,1.000000
1724157153371408100,50,112.72,219.21,72.45,87.19,1,1,1.000000
1724157153371408100,51,66.53,380.89,189.39,93.76,1,1,1.000000
1724157153371408100,54,273.39,195.26,177.91,92.22,1,1,1.000000
1724157153371408100,55,95.06,92.85,70.77,59.34,1,1,1.000000
1724157153371408100,56,396.72,67.08,222.08,93.65,1,1,1.000000
1724157153371408100,57,236.77,127.02,51.87,69.78,1,1,1.000000
1724157153371408100,58,838.20,284.46,244.45,150.68,1,1,1.000000
1724157153371408100,59,625.75,92.36,208.10,83.67,1,1,1.000000
1724157153371408100,61,297.86,267.87,222.21,65.50,1,1,1.000000
1724157153371408100,62,31.39,294.24,106.56,137.49,1,1,1.000000
1724157153371408100,65,251.77,382.07,251.24,93.67,1,1,1.000000
1724157153371408100,68,175.75,88.04,49.45,65.76,1,1,1.000000
1724157153371408100,69,0.32,478.90,161.65,97.53,1,1,1.000000
1724157153371408100,72,180.13,312.41,187.23,92.93,1,1,1.000000
1724157153371408100,74,106.54,2.75,151.62,90.54,1,1,1.000000
1724157153371408100,77,0.73,248.53,72.35,83.70,1,1,1.000000
1724157153371408100,79,501.32,2.01,223.24,78.55,1,1,1.000000
1724157153371408100,85,4.71,39.80,75.55,65.53,1,1,1.000000
1724157153371408100,86,52.09,152.19,194.63,75.71,1,1,1.000000
1724157153371408100,95,0.55,146.30,91.66,89.88,1,1,1.000000
1724157153415663300,34,570.41,400.54,217.10,101.96,1,1,1.000000
1724157153415663300,42,183.52,438.50,217.16,79.08,1,1,1.000000
1724157153415663300,45,1089.74,503.53,190.71,135.54,1,1,1.000000
1724157153415663300,50,115.07,220.60,72.35,81.96,1,1,1.000000
1724157153415663300,51,73.30,378.52,189.68,96.79,1,1,1.000000
1724157153415663300,54,261.14,195.84,193.65,93.16,1,1,1.000000
1724157153415663300,55,95.28,94.57,74.92,59.33,1,1,1.000000
1724157153415663300,56,406.05,71.99,222.90,92.86,1,1,1.000000
1724157153415663300,57,236.70,128.01,51.93,70.30,1,1,1.000000
1724157153415663300,58,851.37,290.55,252.89,154.64,1,1,1.000000
1724157153415663300,59,639.66,94.66,206.20,85.82,1,1,1.000000
1724157153415663300,61,306.57,268.93,218.25,68.30,1,1,1.000000
1724157153415663300,62,29.72,293.81,110.51,136.82,1,1,1.000000
1724157153415663300,65,261.09,383.95,246.09,93.07,1,1,1.000000
1724157153415663300,68,176.29,91.17,50.66,61.33,1,1,1.000000
1724157153415663300,69,0.14,479.02,164.69,101.63,1,1,1.000000
1724157153415663300,72,188.75,311.09,182.74,90.88,1,1,1.000000
1724157153415663300,74,106.39,2.52,149.13,92.86,1,1,1.000000
1724157153415663300,77,0.83,249.70,74.97,83.35,1,1,1.000000
1724157153415663300,79,527.64,17.11,200.06,64.84,1,1,1.000000
1724157153415663300,85,5.15,43.62,75.91,64.29,1,1,1.000000
1724157153415663300,86,48.36,154.40,200.42,73.49,1,1,1.000000
1724157153415663300,95,0.91,148.86,115.54,89.38,1,1,1.000000
1724157153415663300,97,499.48,0.00,270.85,49.64,1,1,1.000000
1724157153460520600,34,582.77,402.81,218.33,105.80,1,1,1.000000
1724157153460520600,42,182.95,438.42,220.58,81.86,1,1,1.000000
1724157153460520600,45,1109.70,508.81,170.79,126.13,1,1,1.000000
1724157153460520600,50,116.84,222.28,72.53,79.57,1,1,1.000000
1724157153460520600,51,73.56,378.98,191.49,97.33,1,1,1.000000
1724157153460520600,54,241.45,196.17,216.83,97.57,1,1,1.000000
1724157153460520600,55,92.80,94.29,75.30,59.79,1,1,1.000000
1724157153460520600,56,411.59,75.58,228.16,93.60,1,1,1.000000
1724157153460520600,57,234.91,129.46,55.03,70.71,1,1,1.000000
1724157153460520600,58,869.28,293.12,250.27,165.99,1,1,1.000000
1724157153460520600,59,653.05,97.34,205.53,89.31,1,1,1.000000
1724157153460520600,61,308.99,268.13,219.19,73.95,1,1,1.000000
1724157153460520600,62,23.99,295.05,110.26,136.60,1,1,1.000000
1724157153460520600,65,270.72,387.89,238.97,92.64,1,1,1.000000
1724157153460520600,68,175.38,91.79,51.43,60.03,1,1,1.000000
1724157153460520600,69,0.00,479.83,154.83,109.65,1,1,1.000000
1724157153460520600,72,203.04,313.59,171.98,81.53,1,1,1.000000
1724157153460520600,74,106.89,2.66,147.93,92.38,1,1,1.000000
1724157153460520600,77,0.72,250.25,75.82,83.89,1,1,1.000000
1724157153460520600,79,559.44,20.33,184.44,63.07,1,1,1.000000
1724157153460520600,85,7.50,44.19,76.12,62.51,1,1,1.000000
1724157153460520600,86,63.89,157.70,185.87,67.12,1,1,1.000000
1724157153460520600,95,0.94,150.17,132.56,91.83,1,1,1.000000
1724157153460520600,97,510.47,0.01,281.48,57.94,1,1,1.000000
1724157153491078100,34,598.57,403.56,218.35,111.53,1,1,1.000000
1724157153491078100,42,182.51,439.40,224.03,83.38,1,1,1.000000
1724157153491078100,45,1126.64,514.61,153.56,107.69,1,1,1.000000
1724157153491078100,50,123.32,225.19,65.65,73.57,1,1,1.000000
1724157153491078100,51,73.79,384.19,186.75,93.86,1,1,1.000000
1724157153491078100,54,240.28,198.21,221.49,95.28,1,1,1.000000
1724157153491078100,55,86.99,94.29,79.99,62.52,1,1,1.000000
1724157153491078100,56,421.67,82.55,229.79,91.88,1,1,1.000000
1724157153491078100,57,231.96,132.80,54.96,68.74,1,1,1.000000
1724157153491078100,58,884.28,300.13,254.57,171.68,1,1,1.000000
1724157153491078100,59,665.79,99.39,207.08,94.13,1,1,1.000000
1724157153491078100,61,315.28,273.90,216.41,68.93,1,1,1.000000
1724157153491078100,62,20.27,292.15,124.07,146.87,1,1,1.000000
1724157153491078100,65,276.70,388.28,235.06,94.96,1,1,1.000000
1724157153491078100,68,174.41,94.15,51.53,58.46,1,1,1.000000
1724157153491078100,69,0.01,483.89,152.44,107.84,1,1,1.000000
1724157153491078100,72,202.53,315.27,176.75,77.37,1,1,1.000000
1724157153491078100,74,105.78,3.20,142.31,91.79,1,1,1.000000
1724157153491078100,77,0.60,251.24,75.11,84.14,1,1,1.000000
1724157153491078100,79,581.09,24.91,161.77,60.11,1,1,1.000000
1724157153491078100,85,5.93,42.78,76.50,66.13,1,1,1.000000
1724157153491078100,86,68.78,160.70,186.12,64.94,1,1,1.000000
1724157153491078100,95,1.17,145.65,149.14,97.81,1,1,1.000000
1724157153491078100,97,530.05,0.00,275.02,70.51,1,1,1.000000
1724157153537350800,34,609.65,404.27,219.37,111.86,1,1,1.000000
1724157153537350800,42,185.30,439.82,221.73,88.10,1,1,1.000000
1724157153537350800,45,1149.23,519.68,131.05,103.78,1,1,1.000000
1724157153537350800,48,228.34,214.66,40.82,82.76,1,1,1.000000
1724157153537350800,50,119.33,227.96,69.12,72.51,1,1,1.000000
1724157153537350800,51,72.03,385.51,191.63,95.59,1,1,1.000000
1724157153537350800,54,239.10,200.87,223.68,93.98,1,1,1.000000
1724157153537350800,55,79.62,91.26,84.91,68.53,1,1,1.000000
1724157153537350800,56,434.82,88.51,226.84,86.97,1,1,1.000000
1724157153537350800,57,226.17,131.55,56.30,64.57,1,1,1.000000
1724157153537350800,58,891.98,307.90,263.18,174.60,1,1,1.000000
1724157153537350800,59,677.00,101.69,209.97,99.34,1,1,1.000000
1724157153537350800,61,313.58,276.73,221.81,67.00,1,1,1.000000
1724157153537350800,62,17.90,293.55,126.28,142.62,1,1,1.000000
1724157153537350800,65,280.61,389.33,230.54,96.02,1,1,1.000000
1724157153537350800,68,171.95,98.24,50.79,55.24,1,1,1.000000
1724157153537350800,69,0.03,486.23,154.61,105.18,1,1,1.000000
1724157153537350800,72,193.36,317.70,187.35,75.42,1,1,1.000000
1724157153537350800,74,103.93,4.50,144.40,97.13,1,1,1.000000
1724157153537350800,77,0.48,253.71,71.17,86.99,1,1,1.000000
1724157153537350800,79,594.20,30.20,152.01,57.33,1,1,1.000000
1724157153537350800,85,3.98,45.70,74.76,65.91,1,1,1.000000
1724157153537350800,86,75.01,161.83,188.94,62.98,1,1,1.000000
1724157153537350800,95,0.76,150.86,159.82,92.88,1,1,1.000000
1724157153537350800,97,539.75,0.00,277.44,81.25,1,1,1.000000
1724157153570125300,34,617.98,404.56,223.98,118.42,1,1,1.000000
1724157153570125300,42,187.83,440.79,221.77,92.03,1,1,1.000000
1724157153570125300,45,1170.13,527.88,109.96,85.97,1,1,1.000000
1724157153570125300,48,219.38,215.09,45.66,85.44,1,1,1.000000
1724157153570125300,50,120.95,231.34,65.58,72.60,1,1,1.000000
1724157153570125300,51,72.01,388.33,188.69,98.24,1,1,1.000000
1724157153570125300,54,233.79,203.31,229.62,90.67,1,1,1.000000
1724157153570125300,55,71.74,96.02,88.97,65.04,1,1,1.000000
1724157153570125300,56,447.50,91.80,225.79,85.39,1,1,1.000000
1724157153570125300,57,218.79,133.18,59.32,64.62,1,1,1.000000
1724157153570125300,58,904.20,314.16,267.76,182.64,1,1,1.000000
1724157153570125300,59,687.31,104.33,209.26,102.89,1,1,1.000000
1724157153570125300,61,315.34,279.69,224.78,65.77,1,1,1.000000
1724157153570125300,62,7.84,294.29,132.36,153.28,1,1,1.000000
1724157153570125300,65,283.11,389.51,233.66,99.11,1,1,1.000000
1724157153570125300,68,168.80,95.26,49.80,58.69,1,1,1.000000
1724157153570125300,69,0.00,486.70,166.22,106.72,1,1,1.000000
1724157153570125300,72,184.58,317.99,198.18,79.90,1,1,1.000000
1724157153570125300,74,102.04,7.01,145.25,99.55,1,1,1.000000
1724157153570125300,77,0.48,257.38,64.45,82.27,1,1,1.000000
1724157153570125300,79,557.30,19.05,187.82,71.29,1,1,1.000000
1724157153570125300,85,2.21,45.75,73.25,74.33,1,1,1.000000
1724157153570125300,86,70.83,163.26,196.02,64.64,1,1,1.000000
1724157153570125300,95,0.67,155.75,171.46,90.46,1,1,1.000000
1724157153570125300,97,549.66,0.00,281.45,88.90,1,1,1.000000
1724157153614691600,34,627.26,407.10,226.94,120.34,1,1,1.000000
1724157153614691600,42,191.65,440.65,219.89,93.18,1,1,1.000000
1724157153614691600,45,1191.42,537.93,88.60,71.12,1,1,1.000000
1724157153614691600,48,218.43,213.18,48.53,87.82,1,1,1.000000
1724157153614691600,50,125.11,236.37,60.43,67.47,1,1,1.000000
1724157153614691600,51,69.97,391.08,187.25,100.28,1,1,1.000000
1724157153614691600,54,226.12,204.69,243.44,90.68,1,1,1.000000
1724157153614691600,55,66.17,96.26,88.82,66.12,1,1,1.000000
1724157153614691600,56,461.11,92.72,222.64,88.98,1,1,1.000000
1724157153614691600,57,220.34,136.91,54.93,62.65,1,1,1.000000
1724157153614691600,58,911.11,320.37,283.15,187.05,1,1,1.000000
1724157153614691600,59,703.28,107.86,203.58,105.27,1,1,1.000000
1724157153614691600,61,315.75,284.40,225.67,63.02,1,1,1.000000
1724157153614691600,62,7.22,296.85,130.11,145.90,1,1,1.000000
1724157153614691600,65,285.84,394.18,235.64,94.59,1,1,1.000000
1724157153614691600,68,151.38,94.21,62.03,70.30,1,1,1.000000
1724157153614691600,69,0.15,489.41,170.18,103.56,1,1,1.000000
1724157153614691600,72,169.37,320.39,214.69,92.75,1,1,1.000000
1724157153614691600,74,97.15,8.08,144.33,98.88,1,1,1.000000
1724157153614691600,77,0.41,258.38,61.25,82.82,1,1,1.000000
1724157153614691600,79,558.49,11.68,189.68,81.92,1,1,1.000000
1724157153614691600,85,1.00,45.19,72.21,79.65,1,1,1.000000
1724157153614691600,86,74.16,165.26,193.82,62.37,1,1,1.000000
1724157153614691600,95,0.57,162.99,185.04,86.84,1,1,1.000000
1724157153614691600,97,545.30,0.07,301.81,87.51,1,1,1.000000
1724157153661738700,34,641.04,413.16,225.66,117.47,1,1,1.000000
1724157153661738700,42,199.09,441.19,215.65,95.41,1,1,1.000000
1724157153661738700,45,1213.38,546.53,66.61,65.07,1,1,1.000000
1724157153661738700,48,213.74,202.40,50.37,98.51,1,1,1.000000
1724157153661738700,50,126.12,238.73,58.42,66.24,1,1,1.000000
1724157153661738700,51,68.33,392.90,188.18,102.78,1,1,1.000000
1724157153661738700,54,256.24,205.08,216.63,71.52,1,1,1.000000
1724157153661738700,55,59.22,94.86,92.06,70.79,1,1,1.000000
1724157153661738700,56,478.31,97.28,217.13,85.99,1,1,1.000000
1724157153661738700,57,207.24,137.10,70.96,65.82,1,1,1.000000
1724157153661738700,58,923.46,316.51,293.85,204.51,1,1,1.000000
1724157153661738700,59,714.97,113.91,204.09,106.23,1,1,1.000000
1724157153661738700,61,319.88,286.87,224.49,62.63,1,1,1.000000
1724157153661738700,62,3.62,298.58,135.06,152.36,1,1,1.000000
1724157153661738700,65,289.00,398.09,232.98,93.56,1,1,1.000000
1724157153661738700,68,145.26,95.53,64.47,74.38,1,1,1.000000
1724157153661738700,69,0.26,491.80,173.43,99.88,1,1,1.000000
1724157153661738700,72,169.73,320.52,216.56,92.86,1,1,1.000000
1724157153661738700,74,96.35,9.64,142.71,97.78,1,1,1.000000
1724157153661738700,77,0.35,259.26,59.75,82.91,1,1,1.000000
1724157153661738700,79,561.14,10.82,194.73,85.96,1,1,1.000000
1724157153661738700,85,1.10,50.68,70.22,78.81,1,1,1.000000
1724157153661738700,95,0.79,159.54,200.05,90.40,1,1,1.000000
1724157153661738700,97,491.04,0.18,363.69,91.45,1,1,1.000000
1724157153689907400,34,651.93,417.00,228.71,117.24,1,1,1.000000
1724157153689907400,42,199.62,439.28,220.51,99.02,1,1,1.000000
1724157153689907400,45,1235.44,552.78,44.97,60.52,1,1,1.000000
1724157153689907400,48,213.47,204.81,51.78,91.06,1,1,1.000000
1724157153689907400,50,127.92,241.60,63.89,62.21,1,1,1.000000
1724157153689907400,51,66.84,393.05,190.40,104.70,1,1,1.000000
1724157153689907400,54,252.42,205.98,223.89,72.82,1,1,1.000000
1724157153689907400,55,53.33,100.93,96.38,65.52,1,1,1.000000
1724157153689907400,56,490.41,99.04,218.42,87.29,1,1,1.000000
1724157153689907400,57,201.15,138.65,76.34,67.59,1,1,1.000000
1724157153689907400,58,942.98,335.53,298.36,196.54,1,1,1.000000
1724157153689907400,59,729.18,120.09,203.58,106.13,1,1,1.000000
1724157153689907400,61,323.87,287.53,226.72,65.99,1,1,1.000000
1724157153689907400,62,2.39,301.65,138.87,148.44,1,1,1.000000
1724157153689907400,65,287.93,405.21,237.42,88.39,1,1,1.000000
1724157153689907400,68,155.93,97.24,56.40,71.85,1,1,1.000000
1724157153689907400,69,0.31,494.07,173.08,103.56,1,1,1.000000
1724157153689907400,72,176.31,321.64,214.53,83.38,1,1,1.000000
1724157153689907400,74,95.64,11.13,139.81,96.70,1,1,1.000000
1724157153689907400,77,0.37,260.02,56.98,82.53,1,1,1.000000
1724157153689907400,79,567.73,14.57,183.51,84.20,1,1,1.000000
1724157153689907400,85,0.78,52.57,69.95,73.27,1,1,1.000000
1724157153689907400,95,0.54,157.10,211.64,97.72,1,1,1.000000
1724157153689907400,97,508.77,0.62,361.98,97.16,1,1,1.000000
1724157153735928100,34,663.07,427.18,246.17,117.30,1,1,1.000000
1724157153735928100,42,210.11,440.64,217.02,99.78,1,1,1.000000
1724157153735928100,51,63.67,393.68,197.95,105.26,1,1,1.000000
1724157153735928100,54,251.30,208.44,230.56,68.21,1,1,1.000000
1724157153735928100,55,52.03,107.49,99.21,60.68,1,1,1.000000
1724157153735928100,56,513.62,112.03,218.23,80.15,1,1,1.000000
1724157153735928100,57,212.48,141.29,63.24,61.51,1,1,1.000000
1724157153735928100,58,970.68,346.10,309.34,210.18,1,1,1.000000
1724157153735928100,59,749.34,125.48,206.39,113.24,1,1,1.000000
1724157153735928100,61,338.82,284.71,218.85,68.75,1,1,1.000000
1724157153735928100,62,4.35,304.43,140.07,145.23,1,1,1.000000
1724157153735928100,65,292.59,410.86,241.98,92.72,1,1,1.000000
1724157153735928100,68,165.34,99.82,47.38,60.75,1,1,1.000000
1724157153735928100,69,0.45,499.27,179.48,105.71,1,1,1.000000
1724157153735928100,72,177.14,325.60,233.84,70.65,1,1,1.000000
1724157153735928100,74,93.94,12.50,140.85,97.81,1,1,1.000000
1724157153735928100,77,0.39,260.17,53.82,86.02,1,1,1.000000
1724157153735928100,79,573.36,24.00,175.29,74.43,1,1,1.000000
1724157153735928100,85,0.57,56.27,68.80,62.44,1,1,1.000000
1724157153735928100,95,0.35,152.77,238.41,115.33,1,1,1.000000
1724157153735928100,97,557.21,0.23,345.86,111.40,1,1,1.000000
1724157153782080300,34,665.84,432.71,256.38,116.67,1,1,1.000000
1724157153782080300,42,212.09,436.20,220.45,107.61,1,1,1.000000
1724157153782080300,51,64.01,393.35,197.67,105.42,1,1,1.000000
1724157153782080300,54,254.21,209.71,227.27,66.82,1,1,1.000000
1724157153782080300,55,49.67,110.42,101.74,57.44,1,1,1.000000
1724157153782080300,56,515.72,110.94,230.02,83.59,1,1,1.000000
1724157153782080300,57,211.74,141.46,63.43,62.90,1,1,1.000000
1724157153782080300,58,994.59,364.13,285.54,200.27,1,1,1.000000
1724157153782080300,59,766.42,133.04,205.21,113.24,1,1,1.000000
1724157153782080300,61,341.03,283.33,221.54,70.50,1,1,1.000000
1724157153782080300,62,3.23,306.45,147.48,141.82,1,1,1.000000
1724157153782080300,65,293.03,411.84,244.77,97.64,1,1,1.000000
1724157153782080300,68,164.37,99.91,46.92,56.55,1,1,1.000000
1724157153782080300,69,0.37,504.45,184.38,95.68,1,1,1.000000
1724157153782080300,72,175.24,327.94,236.47,60.04,1,1,1.000000
1724157153782080300,74,92.80,13.85,143.75,95.31,1,1,1.000000
1724157153782080300,77,0.43,263.00,52.25,84.65,1,1,1.000000
1724157153782080300,79,583.44,29.33,176.19,70.95,1,1,1.000000
1724157153782080300,85,0.59,51.77,67.22,63.27,1,1,1.000000
1724157153782080300,95,0.75,153.72,247.09,117.41,1,1,1.000000
1724157153782080300,97,578.92,0.49,344.89,117.28,1,1,1.000000
1724157153857586900,34,675.73,442.87,260.72,112.55,1,1,1.000000
1724157153857586900,42,222.14,439.23,213.56,107.57,1,1,1.000000
1724157153857586900,51,64.31,393.75,197.62,106.65,1,1,1.000000
1724157153857586900,54,259.98,209.40,229.62,64.36,1,1,1.000000
1724157153857586900,55,55.06,109.67,96.80,59.17,1,1,1.000000
1724157153857586900,56,521.59,116.10,236.52,82.67,1,1,1.000000
1724157153857586900,57,209.39,142.95,65.66,64.52,1,1,1.000000
1724157153857586900,58,1008.95,366.03,271.57,206.62,1,1,1.000000
1724157153857586900,59,775.22,139.02,210.00,112.84,1,1,1.000000
1724157153857586900,61,352.32,284.78,215.06,72.67,1,1,1.000000
1724157153857586900,62,2.03,307.06,148.65,141.02,1,1,1.000000
1724157153857586900,65,302.69,416.45,238.16,93.67,1,1,1.000000
1724157153857586900,68,165.53,102.30,45.85,54.86,1,1,1.000000
1724157153857586900,69,0.45,503.69,184.93,95.18,1,1,1.000000
1724157153857586900,72,180.14,330.59,226.78,56.87,1,1,1.000000
1724157153857586900,74,93.34,15.46,144.89,94.47,1,1,1.000000
1724157153857586900,77,0.45,263.53,52.80,83.23,1,1,1.000000
1724157153857586900,79,591.60,32.23,169.23,69.04,1,1,1.000000
1724157153857586900,85,0.84,63.60,68.26,52.73,1,1,1.000000
1724157153857586900,95,1.20,159.88,260.36,114.16,1,1,1.000000
1724157153857586900,97,591.66,0.37,347.13,124.31,1,1,1.000000
1724157153891712300,34,685.96,452.02,264.07,110.03,1,1,1.000000
1724157153891712300,42,223.99,439.60,214.23,108.44,1,1,1.000000
1724157153891712300,51,64.49,391.63,203.16,109.46,1,1,1.000000
1724157153891712300,54,264.46,208.79,228.68,61.62,1,1,1.000000
1724157153891712300,55,56.48,109.63,94.89,61.36,1,1,1.000000
1724157153891712300,56,533.16,119.40,236.47,83.10,1,1,1.000000
1724157153891712300,57,209.86,144.94,66.95,64.89,1,1,1.000000
1724157153891712300,58,1022.69,372.40,258.03,202.09,1,1,1.000000
1724157153891712300,59,786.91,140.48,213.56,117.34,1,1,1.000000
1724157153891712300,61,354.02,286.73,220.92,73.11,1,1,1.000000
1724157153891712300,62,1.38,306.44,146.45,144.73,1,1,1.000000
1724157153891712300,65,308.49,424.40,236.57,89.35,1,1,1.000000
1724157153891712300,68,165.17,102.37,53.17,59.23,1,1,1.000000
1724157153891712300,69,0.37,504.89,188.08,94.12,1,1,1.000000
1724157153891712300,72,180.45,331.27,229.32,54.43,1,1,1.000000
1724157153891712300,74,89.80,15.98,151.26,95.51,1,1,1.000000
1724157153891712300,77,0.58,264.14,52.72,84.94,1,1,1.000000
1724157153891712300,79,599.42,30.53,163.89,71.14,1,1,1.000000
1724157153891712300,85,1.37,63.77,68.84,55.49,1,1,1.000000
1724157153891712300,95,1.07,160.99,278.19,122.44,1,1,1.000000
1724157153891712300,97,611.33,0.37,341.65,131.57,1,1,1.000000
1724157153943152200,34,712.24,461.86,274.90,115.45,1,1,1.000000
1724157153943152200,42,233.54,438.19,211.13,115.43,1,1,1.000000
1724157153943152200,51,67.85,389.46,202.37,108.13,1,1,1.000000
1724157153943152200,54,296.77,208.79,203.68,60.97,1,1,1.000000
1724157153943152200,55,51.57,111.41,100.14,61.57,1,1,1.000000
1724157153943152200,56,563.44,122.30,238.96,85.25,1,1,1.000000
1724157153943152200,57,208.86,152.40,71.74,57.82,1,1,1.000000
1724157153943152200,58,1035.40,385.14,244.98,201.00,1,1,1.000000
1724157153943152200,59,811.10,148.35,217.11,120.94,1,1,1.000000
1724157153943152200,61,369.07,286.13,214.82,74.51,1,1,1.000000
1724157153943152200,62,1.65,308.61,141.58,143.44,1,1,1.000000
1724157153943152200,65,320.92,429.75,232.47,86.61,1,1,1.000000
1724157153943152200,68,162.38,105.12,58.27,60.00,1,1,1.000000
1724157153943152200,69,0.38,504.46,188.76,73.38,1,1,1.000000
1724157153943152200,72,191.30,333.23,228.97,50.51,1,1,1.000000
1724157153943152200,74,94.69,17.70,146.59,95.92,1,1,1.000000
1724157153943152200,77,0.66,265.07,53.50,89.81,1,1,1.000000
1724157153943152200,79,608.81,25.30,147.51,72.25,1,1,1.000000
1724157153943152200,85,1.11,66.92,68.43,55.75,1,1,1.000000
1724157153943152200,95,0.94,172.15,317.60,113.34,1,1,1.000000
1724157153943152200,97,651.82,0.93,341.88,146.06,1,1,1.000000
1724157153981471900,34,728.26,461.28,275.64,123.74,1,1,1.000000
1724157153981471900,42,237.25,439.24,209.52,116.26,1,1,1.000000
1724157153981471900,51,75.66,389.41,194.57,109.90,1,1,1.000000
1724157153981471900,54,312.85,207.83,189.50,61.58,1,1,1.000000
1724157153981471900,55,54.92,111.01,97.75,67.19,1,1,1.000000
1724157153981471900,56,577.80,124.29,238.14,86.41,1,1,1.000000
1724157153981471900,57,205.98,150.15,75.45,61.22,1,1,1.000000
1724157153981471900,58,1037.42,387.35,243.35,199.70,1,1,1.000000
1724157153981471900,59,824.36,154.47,216.80,122.05,1,1,1.000000
1724157153981471900,61,374.75,286.28,214.95,74.24,1,1,1.000000
1724157153981471900,62,1.25,307.99,139.77,140.08,1,1,1.000000
1724157153981471900,65,329.66,430.90,228.73,86.63,1,1,1.000000
1724157153981471900,68,163.42,103.69,59.47,62.25,1,1,1.000000
1724157153981471900,69,0.40,505.07,189.58,67.67,1,1,1.000000
1724157153981471900,72,192.64,335.37,228.47,49.43,1,1,1.000000
1724157153981471900,74,95.87,17.75,145.02,98.86,1,1,1.000000
1724157153981471900,77,0.38,268.36,51.98,93.76,1,1,1.000000
1724157153981471900,79,614.52,27.65,145.76,71.53,1,1,1.000000
1724157153981471900,85,1.18,67.42,71.43,57.23,1,1,1.000000
1724157153981471900,95,1.11,178.18,330.38,111.94,1,1,1.000000
1724157153981471900,97,679.26,2.20,333.57,150.32,1,1,1.000000
1724157154010161800,34,741.03,468.36,280.24,122.28,1,1,1.000000
1724157154010161800,42,239.01,443.30,210.64,114.62,1,1,1.000000
1724157154010161800,51,77.81,388.59,191.51,111.78,1,1,1.000000
1724157154010161800,54,329.82,207.79,175.78,61.83,1,1,1.000000
1724157154010161800,55,57.45,110.38,93.97,67.85,1,1,1.000000
1724157154010161800,56,595.13,128.92,233.56,83.58,1,1,1.000000
1724157154010161800,57,208.45,154.41,72.23,54.94,1,1,1.000000
1724157154010161800,58,1044.39,395.90,236.22,194.00,1,1,1.000000
1724157154010161800,59,833.07,162.02,223.77,119.39,1,1,1.000000
1724157154010161800,61,383.88,286.86,210.25,75.75,1,1,1.000000
1724157154010161800,62,1.60,305.79,152.43,140.01,1,1,1.000000
1724157154010161800,65,341.44,431.42,222.92,90.13,1,1,1.000000
1724157154010161800,68,159.84,105.55,60.47,65.62,1,1,1.000000
1724157154010161800,69,0.43,504.73,189.20,68.76,1,1,1.000000
1724157154010161800,72,201.56,334.94,219.63,50.00,1,1,1.000000
1724157154010161800,74,97.68,17.89,141.12,96.55,1,1,1.000000
1724157154010161800,77,0.30,269.03,52.22,93.39,1,1,1.000000
1724157154010161800,79,618.07,30.54,148.88,69.86,1,1,1.000000
1724157154010161800,85,1.04,67.33,72.21,57.01,1,1,1.000000
1724157154010161800,95,1.13,175.15,349.17,119.23,1,1,1.000000
1724157154010161800,97,699.18,1.72,331.97,157.44,1,1,1.000000
1724157154058162100,34,751.09,467.69,284.19,126.49,1,1,1.000000
1724157154058162100,42,240.86,447.10,208.51,113.43,1,1,1.000000
1724157154058162100,51,79.95,389.27,190.19,114.10,1,1,1.000000
1724157154058162100,54,336.72,208.08,172.67,62.15,1,1,1.000000
1724157154058162100,55,54.73,111.59,95.83,64.55,1,1,1.000000
1724157154058162100,56,610.17,128.82,239.40,85.84,1,1,1.000000
1724157154058162100,57,210.00,154.41,75.19,56.61,1,1,1.000000
1724157154058162100,58,1058.24,404.76,222.09,183.88,1,1,1.000000
1724157154058162100,59,845.05,167.37,227.68,121.98,1,1,1.000000
1724157154058162100,61,391.88,291.98,206.45,73.55,1,1,1.000000
1724157154058162100,62,1.18,304.93,145.26,143.41,1,1,1.000000
1724157154058162100,65,348.26,431.28,219.88,92.46,1,1,1.000000
1724157154058162100,68,157.25,108.13,55.94,65.17,1,1,1.000000
1724157154058162100,69,0.16,499.91,191.49,74.85,1,1,1.000000
1724157154058162100,72,206.37,336.73,213.29,47.57,1,1,1.000000
1724157154058162100,74,95.95,16.51,141.52,100.13,1,1,1.000000
1724157154058162100,77,0.42,269.17,52.67,93.77,1,1,1.000000
1724157154058162100,79,629.20,34.82,146.81,65.85,1,1,1.000000
1724157154058162100,85,0.69,69.08,71.00,55.92,1,1,1.000000
1724157154058162100,95,1.26,167.87,375.53,127.85,1,1,1.000000
1724157154058162100,97,710.75,1.59,333.46,163.97,1,1,1.000000
1724157154088196300,34,761.19,472.44,287.55,126.29,1,1,1.000000
1724157154088196300,42,241.53,451.50,210.10,113.17,1,1,1.000000
1724157154088196300,51,76.47,390.02,194.61,111.97,1,1,1.000000
1724157154088196300,54,341.35,207.82,171.82,62.99,1,1,1.000000
1724157154088196300,55,52.80,112.97,94.55,61.68,1,1,1.000000
1724157154088196300,56,623.89,133.03,241.05,84.31,1,1,1.000000
1724157154088196300,57,209.42,151.65,76.31,58.67,1,1,1.000000
1724157154088196300,58,1070.83,414.15,209.35,170.16,1,1,1.000000
1724157154088196300,59,853.75,169.11,234.01,125.31,1,1,1.000000
1724157154088196300,61,397.84,288.16,201.45,79.85,1,1,1.000000
1724157154088196300,62,1.08,303.92,149.65,142.87,1,1,1.000000
1724157154088196300,65,346.87,428.05,224.33,94.34,1,1,1.000000
1724157154088196300,68,153.11,108.86,59.62,67.83,1,1,1.000000
1724157154088196300,69,0.53,500.74,189.75,76.46,1,1,1.000000
1724157154088196300,72,205.89,337.08,216.63,46.39,1,1,1.000000
1724157154088196300,74,95.78,16.98,135.47,99.01,1,1,1.000000
1724157154088196300,77,0.37,269.92,50.13,92.02,1,1,1.000000
1724157154088196300,79,632.08,36.00,152.78,67.66,1,1,1.000000
1724157154088196300,85,0.50,69.22,69.24,56.30,1,1,1.000000
1724157154088196300,95,11.10,170.99,380.99,123.38,1,1,1.000000
1724157154088196300,97,721.94,5.35,341.34,166.32,1,1,1.000000
1724157154134921700,34,775.10,473.45,288.07,130.32,1,1,1.000000
1724157154134921700,42,241.75,453.74,209.28,112.96,1,1,1.000000
1724157154134921700,51,73.73,391.74,196.62,112.83,1,1,1.000000
1724157154134921700,54,348.53,209.92,165.35,61.30,1,1,1.000000
1724157154134921700,55,47.75,111.84,91.62,60.72,1,1,1.000000
1724157154134921700,56,636.54,137.15,243.30,82.87,1,1,1.000000
1724157154134921700,57,207.71,151.18,76.02,57.07,1,1,1.000000
1724157154134921700,58,1085.96,424.16,194.86,167.34,1,1,1.000000
1724157154134921700,59,869.68,176.40,231.73,123.27,1,1,1.000000
1724157154134921700,61,399.31,291.29,199.75,77.01,1,1,1.000000
1724157154134921700,62,0.84,303.58,141.37,137.88,1,1,1.000000
1724157154134921700,65,352.68,424.17,223.29,98.57,1,1,1.000000
1724157154134921700,68,147.47,111.03,60.98,66.64,1,1,1.000000
1724157154134921700,69,0.78,503.15,190.80,75.05,1,1,1.000000
1724157154134921700,72,207.87,336.30,208.71,51.65,1,1,1.000000
1724157154134921700,74,93.02,16.46,135.44,108.33,1,1,1.000000
1724157154134921700,77,0.09,269.41,46.69,96.01,1,1,1.000000
1724157154134921700,79,637.79,29.48,151.85,75.92,1,1,1.000000
1724157154134921700,85,0.45,68.67,69.40,58.82,1,1,1.000000
1724157154134921700,95,28.90,185.42,385.88,107.95,1,1,1.000000
1724157154134921700,97,735.20,10.57,340.43,168.05,1,1,1.000000
1724157154134921700,101,0.62,164.94,192.35,91.06,1,1,1.000000
1724157154182429300,34,784.88,477.05,292.11,131.11,1,1,1.000000
1724157154182429300,42,240.29,458.32,211.18,112.19,1,1,1.000000
1724157154182429300,51,72.51,393.35,196.80,113.23,1,1,1.000000
1724157154182429300,54,360.01,209.18,153.95,62.81,1,1,1.000000
1724157154182429300,55,46.58,112.90,87.73,58.21,1,1,1.000000
1724157154182429300,56,637.43,140.72,258.05,84.14,1,1,1.000000
1724157154182429300,57,204.81,153.55,78.67,55.10,1,1,1.000000
1724157154182429300,58,1096.97,431.68,183.33,165.66,1,1,1.000000
1724157154182429300,59,880.20,179.64,231.58,128.05,1,1,1.000000
1724157154182429300,61,399.16,297.67,201.06,73.87,1,1,1.000000
1724157154182429300,62,0.34,304.01,134.69,138.05,1,1,1.000000
1724157154182429300,65,357.16,421.51,221.49,102.45,1,1,1.000000
1724157154182429300,68,143.49,111.56,60.00,67.35,1,1,1.000000
1724157154182429300,69,0.66,503.71,191.91,80.24,1,1,1.000000
1724157154182429300,72,208.73,335.73,206.18,56.15,1,1,1.000000
1724157154182429300,74,92.18,17.49,130.57,106.34,1,1,1.000000
1724157154182429300,77,0.06,273.26,43.90,94.15,1,1,1.000000
1724157154182429300,79,641.85,34.23,146.29,72.66,1,1,1.000000
1724157154182429300,85,0.26,68.86,65.75,57.31,1,1,1.000000
1724157154182429300,95,16.80,192.41,408.02,103.05,1,1,1.000000
1724157154182429300,97,744.93,20.23,341.05,164.94,1,1,1.000000
1724157154182429300,101,0.00,159.57,184.01,96.54,1,1,1.000000
1724157154211540000,34,796.85,480.56,295.77,134.25,1,1,1.000000
1724157154211540000,42,241.46,462.78,210.13,108.71,1,1,1.000000
1724157154211540000,51,76.60,395.21,196.52,113.30,1,1,1.000000
1724157154211540000,54,367.95,210.94,148.18,64.77,1,1,1.000000
1724157154211540000,55,44.75,112.56,87.66,58.72,1,1,1.000000
1724157154211540000,56,644.73,142.39,261.15,84.72,1,1,1.000000
1724157154211540000,57,199.82,153.70,82.78,55.95,1,1,1.000000
1724157154211540000,58,1117.78,440.73,162.68,152.71,1,1,1.000000
1724157154211540000,59,889.17,186.64,234.41,125.83,1,1,1.000000
1724157154211540000,61,398.67,298.96,203.18,75.54,1,1,1.000000
1724157154211540000,62,0.76,305.26,133.81,131.88,1,1,1.000000
1724157154211540000,65,360.50,420.54,220.47,107.18,1,1,1.000000
1724157154211540000,68,136.01,110.51,64.51,58.48,1,1,1.000000
1724157154211540000,69,0.58,503.38,193.29,87.52,1,1,1.000000
1724157154211540000,72,212.05,336.08,200.27,57.60,1,1,1.000000
1724157154211540000,74,91.48,17.67,124.99,104.68,1,1,1.000000
1724157154211540000,77,0.32,274.04,39.73,89.77,1,1,1.000000
1724157154211540000,79,645.22,32.94,146.93,75.77,1,1,1.000000
1724157154211540000,85,0.23,69.07,60.78,59.63,1,1,1.000000
1724157154211540000,95,20.61,195.50,411.23,100.34,1,1,1.000000
1724157154211540000,97,761.69,30.66,342.30,162.25,1,1,1.000000
1724157154211540000,101,0.17,156.14,165.49,99.06,1,1,1.000000
1724157154257729900,34,805.89,481.89,301.48,139.70,1,1,1.000000
1724157154257729900,42,242.03,465.49,212.72,110.77,1,1,1.000000
1724157154257729900,51,77.14,395.69,195.30,114.94,1,1,1.000000
1724157154257729900,54,374.34,210.95,143.49,67.64,1,1,1.000000
1724157154257729900,55,41.70,111.22,80.79,61.49,1,1,1.000000
1724157154257729900,56,651.89,145.22,269.20,85.22,1,1,1.000000
1724157154257729900,57,193.41,155.81,90.56,55.95,1,1,1.000000
1724157154257729900,58,1137.58,448.15,142.86,131.01,1,1,1.000000
1724157154257729900,59,902.07,194.42,233.19,124.62,1,1,1.000000
1724157154257729900,61,400.60,300.86,204.56,75.37,1,1,1.000000
1724157154257729900,62,0.85,306.01,120.47,127.20,1,1,1.000000
1724157154257729900,65,362.86,420.63,222.01,108.55,1,1,1.000000
1724157154257729900,68,123.10,114.50,73.23,59.27,1,1,1.000000
1724157154257729900,69,0.47,507.57,194.75,84.03,1,1,1.000000
1724157154257729900,72,218.25,336.54,191.28,58.21,1,1,1.000000
1724157154257729900,74,88.02,18.01,119.29,101.44,1,1,1.000000
1724157154257729900,77,0.12,276.71,36.63,86.62,1,1,1.000000
1724157154257729900,79,649.39,33.99,141.86,76.86,1,1,1.000000
1724157154257729900,85,0.00,67.86,56.54,62.62,1,1,1.000000
1724157154257729900,95,27.19,198.55,420.24,98.67,1,1,1.000000
1724157154257729900,97,781.29,35.56,341.11,165.42,1,1,1.000000
1724157154257729900,101,0.10,149.89,173.01,106.50,1,1,1.000000
1724157154287893400,34,816.39,483.15,306.81,143.59,1,1,1.000000
1724157154287893400,42,245.15,467.97,213.48,111.74,1,1,1.000000
1724157154287893400,51,79.76,394.08,193.11,117.24,1,1,1.000000
1724157154287893400,54,380.51,213.56,141.18,63.69,1,1,1.000000
1724157154287893400,55,38.82,111.98,79.76,61.36,1,1,1.000000
1724157154287893400,56,664.61,150.14,268.31,84.54,1,1,1.000000
1724157154287893400,57,190.39,157.22,95.11,53.25,1,1,1.000000
1724157154287893400,58,1159.68,457.02,120.66,129.41,1,1,1.000000
1724157154287893400,59,900.46,198.03,248.92,126.98,1,1,1.000000
1724157154287893400,61,403.81,303.75,201.65,74.04,1,1,1.000000
1724157154287893400,62,0.62,307.79,117.38,129.29,1,1,1.000000
1724157154287893400,65,367.61,423.88,223.42,110.12,1,1,1.000000
1724157154287893400,68,112.24,115.30,80.34,50.97,1,1,1.000000
1724157154287893400,69,0.77,508.93,198.84,86.55,1,1,1.000000
1724157154287893400,72,229.45,336.64,179.54,64.29,1,1,1.000000
1724157154287893400,74,83.50,19.92,117.24,96.52,1,1,1.000000
1724157154287893400,77,0.01,278.83,32.08,79.18,1,1,1.000000
1724157154287893400,79,654.13,37.69,137.55,75.71,1,1,1.000000
1724157154287893400,85,0.00,68.20,59.51,64.23,1,1,1.000000
1724157154287893400,95,45.03,200.15,419.95,99.06,1,1,1.000000
1724157154287893400,97,792.52,35.64,345.38,171.34,1,1,1.000000
1724157154287893400,101,0.36,147.77,158.54,111.62,1,1,1.000000
1724157154334273500,34,838.36,489.99,313.88,148.05,1,1,1.000000
1724157154334273500,42,255.45,470.21,210.86,115.34,1,1,1.000000
1724157154334273500,51,89.81,395.06,191.10,114.76,1,1,1.000000
1724157154334273500,55,38.33,112.94,73.70,67.77,1,1,1.000000
1724157154334273500,56,699.17,156.71,281.35,86.37,1,1,1.000000
1724157154334273500,57,187.14,157.13,105.50,51.00,1,1,1.000000
1724157154334273500,58,1221.89,488.22,58.70,86.86,1,1,1.000000
1724157154334273500,59,937.61,213.91,240.80,125.63,1,1,1.000000
1724157154334273500,61,421.83,304.36,196.48,77.27,1,1,1.000000
1724157154334273500,62,0.16,311.43,115.53,126.90,1,1,1.000000
1724157154334273500,65,378.39,432.35,222.02,104.39,1,1,1.000000
1724157154334273500,68,105.27,113.80,79.37,65.85,1,1,1.000000
1724157154334273500,69,0.64,518.00,208.09,79.65,1,1,1.000000
1724157154334273500,72,239.81,337.82,164.77,64.11,1,1,1.000000
1724157154334273500,74,79.89,19.43,107.15,98.41,1,1,1.000000
1724157154334273500,79,666.09,40.12,131.30,78.79,1,1,1.000000
1724157154334273500,95,88.69,208.67,438.16,98.67,1,1,1.000000
1724157154334273500,97,812.22,46.76,358.31,174.25,1,1,1.000000
1724157154334273500,101,0.62,166.55,140.41,84.04,1,1,1.000000
1724157154388065300,34,848.21,491.63,321.25,150.57,1,1,1.000000
1724157154388065300,42,262.93,469.22,210.85,118.95,1,1,1.000000
1724157154388065300,51,97.35,399.73,184.68,111.13,1,1,1.000000
1724157154388065300,55,40.86,114.33,66.85,73.29,1,1,1.000000
1724157154388065300,56,713.01,157.09,283.16,90.37,1,1,1.000000
1724157154388065300,57,179.36,158.85,114.73,55.26,1,1,1.000000
1724157154388065300,58,1229.29,502.74,50.46,76.76,1,1,1.000000
1724157154388065300,59,950.94,217.48,241.03,129.77,1,1,1.000000
1724157154388065300,61,428.18,307.70,197.59,76.80,1,1,1.000000
1724157154388065300,62,0.31,314.95,113.09,120.50,1,1,1.000000
1724157154388065300,65,385.85,437.41,220.36,102.08,1,1,1.000000
1724157154388065300,68,98.39,112.35,83.20,72.23,1,1,1.000000
1724157154388065300,69,0.35,519.33,213.38,82.27,1,1,1.000000
1724157154388065300,72,245.28,338.25,159.49,67.15,1,1,1.000000
1724157154388065300,74,78.86,19.66,104.49,98.29,1,1,1.000000
1724157154388065300,77,0.00,279.98,27.74,67.04,1,1,1.000000
1724157154388065300,79,673.42,39.77,127.01,82.56,1,1,1.000000
1724157154388065300,95,130.95,211.42,404.08,96.95,1,1,1.000000
1724157154388065300,97,826.50,53.26,365.30,173.36,1,1,1.000000
1724157154388065300,101,0.37,180.54,133.12,67.85,1,1,1.000000
1724157154457498300,34,870.88,498.44,332.68,149.07,1,1,1.000000
1724157154457498300,42,278.38,475.45,203.72,116.16,1,1,1.000000
1724157154457498300,51,109.93,405.65,178.27,104.71,1,1,1.000000
1724157154457498300,56,745.13,162.81,286.78,93.32,1,1,1.000000
1724157154457498300,57,175.22,159.64,123.76,59.72,1,1,1.000000
1724157154457498300,59,985.21,236.24,240.17,121.92,1,1,1.000000
1724157154457498300,61,446.76,310.09,193.68,78.92,1,1,1.000000
1724157154457498300,62,0.32,317.45,111.38,121.13,1,1,1.000000
1724157154457498300,65,394.39,450.66,224.32,87.46,1,1,1.000000
1724157154457498300,68,65.25,113.49,111.37,74.50,1,1,1.000000
1724157154457498300,69,0.48,525.83,222.89,80.31,1,1,1.000000
1724157154457498300,72,255.98,335.09,151.62,73.25,1,1,1.000000
1724157154457498300,74,72.13,21.60,96.05,95.13,1,1,1.000000
1724157154457498300,77,0.00,281.87,30.38,68.26,1,1,1.000000
1724157154457498300,79,683.89,34.03,120.45,90.61,1,1,1.000000
1724157154457498300,85,0.42,78.08,40.28,59.53,1,1,1.000000
1724157154457498300,95,190.96,216.34,366.64,102.75,1,1,1.000000
1724157154457498300,97,858.84,69.16,370.60,170.59,1,1,1.000000
1724157154457498300,101,0.51,187.49,129.76,65.70,1,1,1.000000
1724157154457498300,103,84.00,242.81,63.03,68.01,1,1,1.000000
1724157154488948800,34,886.72,502.02,334.96,147.83,1,1,1.000000
1724157154488948800,42,285.14,473.42,202.20,120.11,1,1,1.000000
1724157154488948800,48,183.47,234.71,47.41,92.58,1,1,1.000000
1724157154488948800,51,118.07,405.12,169.25,101.41,1,1,1.000000
1724157154488948800,56,761.41,166.98,291.70,94.54,1,1,1.000000
1724157154488948800,57,173.39,158.98,126.55,61.64,1,1,1.000000
1724157154488948800,59,981.88,246.72,261.95,118.27,1,1,1.000000
1724157154488948800,61,455.93,314.52,194.69,78.14,1,1,1.000000
1724157154488948800,62,0.42,318.11,113.32,120.05,1,1,1.000000
1724157154488948800,65,396.73,456.84,229.58,83.41,1,1,1.000000
1724157154488948800,68,62.04,115.80,115.60,73.45,1,1,1.000000
1724157154488948800,69,0.65,527.84,226.18,79.82,1,1,1.000000
1724157154488948800,72,262.91,334.16,147.55,77.72,1,1,1.000000
1724157154488948800,74,71.01,25.06,94.05,93.92,1,1,1.000000
1724157154488948800,77,0.00,283.87,30.18,67.39,1,1,1.000000
1724157154488948800,79,691.09,42.76,116.77,83.14,1,1,1.000000
1724157154488948800,85,0.49,76.46,39.85,65.25,1,1,1.000000
1724157154488948800,95,219.06,218.34,358.98,102.45,1,1,1.000000
1724157154488948800,97,870.54,73.27,370.86,171.75,1,1,1.000000
1724157154488948800,101,0.56,195.37,120.11,60.52,1,1,1.000000
1724157154488948800,103,85.30,243.51,62.07,68.71,1,1,1.000000
1724157154535771100,34,900.39,505.04,335.41,149.38,1,1,1.000000
1724157154535771100,42,289.25,474.16,203.45,123.96,1,1,1.000000
1724157154535771100,48,179.19,235.79,52.02,92.58,1,1,1.000000
1724157154535771100,51,119.91,406.86,173.57,106.45,1,1,1.000000
1724157154535771100,56,775.66,168.83,293.71,99.10,1,1,1.000000
1724157154535771100,57,170.64,160.03,130.60,66.07,1,1,1.000000
1724157154535771100,59,998.01,240.82,263.75,128.59,1,1,1.000000
1724157154535771100,61,466.53,317.27,192.66,76.52,1,1,1.000000
1724157154535771100,62,0.45,321.15,115.22,116.42,1,1,1.000000
1724157154535771100,65,400.16,465.39,233.99,76.29,1,1,1.000000
1724157154535771100,68,60.47,115.25,112.44,77.20,1,1,1.000000
1724157154535771100,69,0.52,528.53,230.39,81.34,1,1,1.000000
1724157154535771100,72,275.46,338.25,138.26,76.91,1,1,1.000000
1724157154535771100,74,70.79,24.74,89.21,97.00,1,1,1.000000
1724157154535771100,77,0.00,286.02,26.96,67.01,1,1,1.000000
1724157154535771100,79,697.23,42.66,115.95,84.10,1,1,1.000000
1724157154535771100,85,0.65,74.54,41.03,69.07,1,1,1.000000
1724157154535771100,95,255.66,223.21,340.33,101.53,1,1,1.000000
1724157154535771100,97,884.62,79.74,379.20,170.92,1,1,1.000000
1724157154535771100,101,0.30,201.60,110.90,49.75,1,1,1.000000
1724157154535771100,103,89.24,241.40,56.77,72.75,1,1,1.000000
1724157154579146400,34,919.10,507.77,340.31,152.19,1,1,1.000000
1724157154579146400,42,294.81,476.82,203.53,120.02,1,1,1.000000
1724157154579146400,48,178.75,238.33,52.61,91.94,1,1,1.000000
1724157154579146400,51,121.85,407.91,178.18,103.50,1,1,1.000000
1724157154579146400,56,787.20,171.64,301.51,102.79,1,1,1.000000
1724157154579146400,57,168.98,161.32,133.82,69.50,1,1,1.000000
1724157154579146400,59,1010.73,250.30,267.15,124.33,1,1,1.000000
1724157154579146400,61,478.65,321.30,186.58,74.30,1,1,1.000000
1724157154579146400,62,1.11,322.29,117.76,118.51,1,1,1.000000
1724157154579146400,65,406.32,472.21,234.50,72.94,1,1,1.000000
1724157154579146400,68,60.38,118.14,112.07,77.42,1,1,1.000000
1724157154579146400,69,0.95,533.76,236.06,77.39,1,1,1.000000
1724157154579146400,72,280.86,333.48,136.81,83.61,1,1,1.000000
1724157154579146400,74,72.18,27.47,87.99,99.44,1,1,1.000000
1724157154579146400,77,0.00,286.30,29.95,68.83,1,1,1.000000
1724157154579146400,79,704.94,40.98,111.85,88.65,1,1,1.000000
1724157154579146400,85,0.58,76.88,42.45,66.55,1,1,1.000000
1724157154579146400,95,267.10,223.72,346.04,103.92,1,1,1.000000
1724157154579146400,97,903.04,87.89,375.56,167.58,1,1,1.000000
1724157154579146400,101,0.25,203.16,100.45,48.74,1,1,1.000000
1724157154579146400,103,94.76,247.14,54.95,68.20,1,1,1.000000
1724157154609509300,34,931.52,511.94,344.71,152.22,1,1,1.000000
1724157154609509300,42,299.39,478.44,204.95,122.17,1,1,1.000000
1724157154609509300,48,181.93,238.70,50.49,95.18,1,1,1.000000
1724157154609509300,51,128.14,409.38,173.99,93.27,1,1,1.000000
1724157154609509300,56,797.64,174.41,316.93,106.15,1,1,1.000000
1724157154609509300,57,161.27,162.60,143.36,69.13,1,1,1.000000
1724157154609509300,59,1029.47,261.23,250.69,118.82,1,1,1.000000
1724157154609509300,61,485.43,323.78,190.01,75.24,1,1,1.000000
1724157154609509300,62,0.76,323.70,122.26,120.06,1,1,1.000000
1724157154609509300,65,411.42,475.45,237.46,69.96,1,1,1.000000
1724157154609509300,68,56.42,120.07,117.54,76.13,1,1,1.000000
1724157154609509300,69,0.86,534.47,240.27,79.14,1,1,1.000000
1724157154609509300,72,287.92,335.39,133.75,86.23,1,1,1.000000
1724157154609509300,74,70.84,29.88,78.96,94.91,1,1,1.000000
1724157154609509300,77,0.00,290.39,30.46,65.94,1,1,1.000000
1724157154609509300,79,712.29,41.48,108.42,90.05,1,1,1.000000
1724157154609509300,85,0.38,86.13,45.43,58.70,1,1,1.000000
1724157154609509300,95,282.41,226.40,343.33,103.56,1,1,1.000000
1724157154609509300,97,916.65,95.27,362.97,163.96,1,1,1.000000
1724157154609509300,101,0.53,204.32,87.79,50.45,1,1,1.000000
1724157154609509300,103,94.32,251.15,57.20,67.29,1,1,1.000000
1724157154656900100,34,952.32,512.31,327.12,157.54,1,1,1.000000
1724157154656900100,42,310.76,485.02,199.44,118.71,1,1,1.000000
1724157154656900100,48,185.05,239.77,48.95,99.21,1,1,1.000000
1724157154656900100,51,133.40,410.77,172.96,81.39,1,1,1.000000
1724157154656900100,56,811.84,176.24,328.02,112.26,1,1,1.000000
1724157154656900100,57,163.03,164.21,142.03,71.31,1,1,1.000000
1724157154656900100,59,811.81,175.63,467.06,207.42,1,1,1.000000
1724157154656900100,61,491.87,325.98,192.90,76.67,1,1,1.000000
1724157154656900100,62,1.17,326.17,125.85,121.35,1,1,1.000000
1724157154656900100,65,418.73,477.65,235.98,68.40,1,1,1.000000
1724157154656900100,68,72.76,117.76,98.09,80.52,1,1,1.000000
1724157154656900100,69,0.59,536.36,243.54,80.37,1,1,1.000000
1724157154656900100,72,294.91,338.47,133.09,88.48,1,1,1.000000
1724157154656900100,74,69.52,32.62,75.07,96.66,1,1,1.000000
1724157154656900100,77,0.00,294.37,30.57,64.08,1,1,1.000000
1724157154656900100,79,716.69,44.08,108.95,90.87,1,1,1.000000
1724157154656900100,85,0.54,86.99,44.62,62.71,1,1,1.000000
1724157154656900100,95,296.43,229.04,352.21,102.91,1,1,1.000000
1724157154656900100,97,931.09,103.18,348.29,160.29,1,1,1.000000
1724157154656900100,101,0.89,203.96,79.14,52.23,1,1,1.000000
1724157154656900100,103,93.63,254.22,59.43,66.02,1,1,1.000000
1724157154687626800,34,963.21,521.41,317.33,153.48,1,1,1.000000
1724157154687626800,42,315.57,490.93,201.86,116.88,1,1,1.000000
1724157154687626800,48,185.64,242.58,52.04,98.81,1,1,1.000000
1724157154687626800,51,131.84,413.23,179.63,80.77,1,1,1.000000
1724157154687626800,55,58.04,126.90,49.37,72.59,1,1,1.000000
1724157154687626800,57,161.66,166.69,146.69,71.60,1,1,1.000000
1724157154687626800,59,830.90,177.48,448.04,210.09,1,1,1.000000
1724157154687626800,61,492.15,323.71,201.78,83.59,1,1,1.000000
1724157154687626800,62,1.69,328.02,125.17,119.09,1,1,1.000000
1724157154687626800,65,427.72,482.66,236.88,66.01,1,1,1.000000
1724157154687626800,68,84.23,121.82,87.24,83.57,1,1,1.000000
1724157154687626800,69,1.08,540.78,244.47,82.46,1,1,1.000000
1724157154687626800,72,304.02,338.04,132.90,92.25,1,1,1.000000
1724157154687626800,74,70.74,36.56,72.22,98.87,1,1,1.000000
1724157154687626800,77,0.19,298.76,32.02,66.64,1,1,1.000000
1724157154687626800,79,726.77,46.92,103.48,88.39,1,1,1.000000
1724157154687626800,85,0.54,91.65,44.07,61.42,1,1,1.000000
1724157154687626800,95,324.90,236.54,345.83,99.35,1,1,1.000000
1724157154687626800,97,951.53,109.50,328.55,155.46,1,1,1.000000
1724157154687626800,101,0.68,202.12,65.91,53.10,1,1,1.000000
1724157154687626800,103,95.76,263.86,60.72,60.21,1,1,1.000000
1724157154732191700,34,976.81,527.35,303.96,148.05,1,1,1.000000
1724157154732191700,42,322.00,493.20,200.26,116.47,1,1,1.000000
1724157154732191700,48,184.44,244.18,55.46,99.21,1,1,1.000000
1724157154732191700,51,130.50,416.30,183.75,80.54,1,1,1.000000
1724157154732191700,55,62.02,131.10,47.94,68.61,1,1,1.000000
1724157154732191700,57,159.56,169.15,151.93,71.78,1,1,1.000000
1724157154732191700,59,855.71,182.63,424.50,205.38,1,1,1.000000
1724157154732191700,61,494.45,324.10,206.04,87.48,1,1,1.000000
1724157154732191700,62,2.24,331.00,131.92,116.26,1,1,1.000000
1724157154732191700,65,433.80,485.62,239.70,64.39,1,1,1.000000
1724157154732191700,68,104.84,122.14,69.97,83.51,1,1,1.000000
1724157154732191700,69,1.35,542.44,243.65,83.58,1,1,1.000000
1724157154732191700,72,312.08,339.12,130.89,95.81,1,1,1.000000
1724157154732191700,74,71.84,43.02,66.86,92.81,1,1,1.000000
1724157154732191700,77,0.00,304.25,33.48,68.96,1,1,1.000000
1724157154732191700,79,730.45,47.84,105.74,89.63,1,1,1.000000
1724157154732191700,85,0.39,96.15,45.12,59.37,1,1,1.000000
1724157154732191700,95,355.01,235.02,335.54,104.07,1,1,1.000000
1724157154732191700,97,969.70,113.71,310.30,155.23,1,1,1.000000
1724157154732191700,101,0.79,201.95,53.94,57.52,1,1,1.000000
1724157154732191700,103,100.90,264.33,60.73,62.37,1,1,1.000000
1724157154783198600,34,1001.42,538.87,279.22,139.64,1,1,1.000000
1724157154783198600,42,326.70,509.01,203.00,106.28,1,1,1.000000
1724157154783198600,48,187.30,246.76,56.55,100.44,1,1,1.000000
1724157154783198600,51,128.88,419.67,188.92,85.67,1,1,1.000000
1724157154783198600,55,62.93,131.07,52.25,67.43,1,1,1.000000
1724157154783198600,57,160.38,172.83,153.43,70.24,1,1,1.000000
1724157154783198600,59,869.47,183.07,410.07,207.49,1,1,1.000000
1724157154783198600,61,497.06,324.74,209.65,90.33,1,1,1.000000
1724157154783198600,62,3.70,333.60,132.24,117.90,1,1,1.000000
1724157154783198600,65,442.70,487.71,236.38,67.59,1,1,1.000000
1724157154783198600,68,113.84,124.45,63.11,76.11,1,1,1.000000
1724157154783198600,69,1.65,542.91,241.77,89.19,1,1,1.000000
1724157154783198600,72,323.21,341.71,129.13,96.70,1,1,1.000000
1724157154783198600,74,71.25,42.60,62.81,92.59,1,1,1.000000
1724157154783198600,77,0.10,305.93,32.74,72.94,1,1,1.000000
1724157154783198600,79,738.10,55.18,106.79,82.95,1,1,1.000000
1724157154783198600,85,0.45,99.58,47.66,58.91,1,1,1.000000
1724157154783198600,95,377.91,233.40,340.26,107.98,1,1,1.000000
1724157154783198600,97,989.71,116.43,290.43,153.65,1,1,1.000000
1724157154783198600,101,0.10,189.58,40.92,71.69,1,1,1.000000
1724157154783198600,103,101.55,264.42,58.79,62.84,1,1,1.000000
1724157154811556900,34,1022.06,547.68,258.86,134.44,1,1,1.000000
1724157154811556900,42,333.53,512.16,199.89,108.23,1,1,1.000000
1724157154811556900,48,186.05,249.96,61.54,101.09,1,1,1.000000
1724157154811556900,51,127.92,422.53,194.19,85.43,1,1,1.000000
1724157154811556900,55,64.34,133.83,52.39,70.81,1,1,1.000000
1724157154811556900,57,157.04,175.57,158.82,70.38,1,1,1.000000
1724157154811556900,59,889.55,185.29,390.51,205.61,1,1,1.000000
1724157154811556900,61,501.99,332.61,215.36,89.06,1,1,1.000000
1724157154811556900,62,4.69,337.40,131.87,117.47,1,1,1.000000
1724157154811556900,65,452.27,491.78,234.90,64.82,1,1,1.000000
1724157154811556900,68,119.94,128.19,59.34,76.55,1,1,1.000000
1724157154811556900,69,1.86,542.48,241.03,100.23,1,1,1.000000
1724157154811556900,72,332.52,342.61,128.42,100.07,1,1,1.000000
1724157154811556900,74,70.59,44.80,60.27,87.85,1,1,1.000000
1724157154811556900,77,0.06,307.95,33.96,75.98,1,1,1.000000
1724157154811556900,79,743.92,57.89,110.71,82.41,1,1,1.000000
1724157154811556900,85,0.29,108.13,49.44,53.44,1,1,1.000000
1724157154811556900,95,378.31,234.03,360.25,109.14,1,1,1.000000
1724157154811556900,97,1005.57,122.62,274.60,148.02,1,1,1.000000
1724157154811556900,103,103.75,267.53,58.43,61.97,1,1,1.000000
1724157154856853700,34,1063.75,556.95,216.64,127.82,1,1,1.000000
1724157154856853700,42,343.65,538.52,200.41,89.90,1,1,1.000000
1724157154856853700,48,184.83,255.33,66.11,97.61,1,1,1.000000
1724157154856853700,51,127.39,430.09,204.20,85.30,1,1,1.000000
1724157154856853700,54,381.71,240.91,167.09,59.92,1,1,1.000000
1724157154856853700,55,55.79,139.86,62.08,71.04,1,1,1.000000
1724157154856853700,57,154.66,179.73,164.08,65.16,1,1,1.000000
1724157154856853700,59,926.39,195.40,353.88,193.00,1,1,1.000000
1724157154856853700,61,514.52,338.63,218.75,94.18,1,1,1.000000
1724157154856853700,62,7.13,343.01,133.34,115.67,1,1,1.000000
1724157154856853700,65,469.08,495.63,233.77,63.96,1,1,1.000000
1724157154856853700,68,128.70,133.60,48.51,77.15,1,1,1.000000
1724157154856853700,69,2.05,548.57,240.29,107.51,1,1,1.000000
1724157154856853700,72,344.15,350.48,131.12,101.97,1,1,1.000000
1724157154856853700,74,61.24,49.05,68.80,78.86,1,1,1.000000
1724157154856853700,77,0.05,313.60,35.38,76.00,1,1,1.000000
1724157154856853700,79,749.36,57.99,115.48,88.00,1,1,1.000000
1724157154856853700,85,0.33,113.26,48.04,56.80,1,1,1.000000
1724157154856853700,95,461.49,261.42,326.38,87.76,1,1,1.000000
1724157154856853700,97,1047.02,137.11,233.11,130.04,1,1,1.000000
1724157154856853700,103,103.56,270.92,58.50,67.01,1,1,1.000000
1724157154900087000,34,1090.16,559.26,190.10,120.96,1,1,1.000000
1724157154900087000,42,341.47,548.70,209.00,88.66,1,1,1.000000
1724157154900087000,48,184.91,256.29,66.73,94.90,1,1,1.000000
1724157154900087000,51,128.18,432.78,206.24,84.65,1,1,1.000000
1724157154900087000,54,386.58,245.26,178.82,50.55,1,1,1.000000
1724157154900087000,55,55.00,141.10,64.61,76.68,1,1,1.000000
1724157154900087000,57,153.13,183.25,166.34,64.08,1,1,1.000000
1724157154900087000,59,947.12,205.69,332.66,181.88,1,1,1.000000
1724157154900087000,61,521.75,341.63,222.36,100.43,1,1,1.000000
1724157154900087000,62,8.48,346.05,134.11,112.27,1,1,1.000000
1724157154900087000,65,477.88,495.39,231.28,66.11,1,1,1.000000
1724157154900087000,68,130.40,134.85,47.72,74.84,1,1,1.000000
1724157154900087000,69,1.38,553.96,242.14,108.76,1,1,1.000000
1724157154900087000,72,350.54,355.67,132.98,99.24,1,1,1.000000
1724157154900087000,74,61.45,51.15,71.34,74.62,1,1,1.000000
1724157154900087000,77,0.27,314.75,34.46,79.12,1,1,1.000000
1724157154900087000,79,750.17,61.00,120.46,87.60,1,1,1.000000
1724157154900087000,85,0.45,116.55,50.26,56.31,1,1,1.000000
1724157154900087000,95,486.52,267.25,329.50,84.88,1,1,1.000000
1724157154900087000,97,1069.34,147.22,210.73,121.00,1,1,1.000000
1724157154900087000,103,106.68,276.02,57.31,62.05,1,1,1.000000
1724157154931822800,34,1111.64,557.41,168.40,122.34,1,1,1.000000
1724157154931822800,42,334.76,551.36,223.57,93.26,1,1,1.000000
1724157154931822800,48,182.05,258.02,69.03,102.02,1,1,1.000000
1724157154931822800,51,128.40,435.54,204.39,82.64,1,1,1.000000
1724157154931822800,54,391.78,248.50,192.03,51.38,1,1,1.000000
1724157154931822800,55,55.51,148.81,66.52,73.59,1,1,1.000000
1724157154931822800,57,148.45,187.40,173.23,57.88,1,1,1.000000
1724157154931822800,59,968.50,214.39,311.40,168.09,1,1,1.000000
1724157154931822800,61,532.08,345.02,220.22,102.45,1,1,1.000000
1724157154931822800,62,8.93,349.30,134.48,111.85,1,1,1.000000
1724157154931822800,65,485.40,496.70,231.65,65.29,1,1,1.000000
1724157154931822800,68,130.23,136.28,47.18,74.23,1,1,1.000000
1724157154931822800,69,3.79,556.88,241.72,106.19,1,1,1.000000
1724157154931822800,72,353.21,356.03,136.54,103.64,1,1,1.000000
1724157154931822800,74,58.30,53.70,76.19,73.49,1,1,1.000000
1724157154931822800,79,750.04,63.79,128.76,86.72,1,1,1.000000
1724157154931822800,85,0.26,120.41,48.36,55.67,1,1,1.000000
1724157154931822800,95,507.56,268.87,334.69,84.15,1,1,1.000000
1724157154931822800,97,1099.97,155.86,180.33,112.91,1,1,1.000000
1724157154931822800,103,106.80,280.49,56.96,60.67,1,1,1.000000
1724157154977361700,34,1118.03,554.85,162.17,125.80,1,1,1.000000
1724157154977361700,42,338.35,553.70,227.11,90.79,1,1,1.000000
1724157154977361700,48,180.52,259.88,72.86,104.95,1,1,1.000000
1724157154977361700,51,131.03,440.52,206.47,77.44,1,1,1.000000
1724157154977361700,54,398.98,251.35,185.66,54.60,1,1,1.000000
1724157154977361700,55,62.15,145.92,57.71,79.98,1,1,1.000000
1724157154977361700,57,144.25,189.78,180.06,61.25,1,1,1.000000
1724157154977361700,59,984.18,218.78,296.05,157.83,1,1,1.000000
1724157154977361700,61,543.98,346.06,219.25,104.41,1,1,1.000000
1724157154977361700,62,5.41,351.55,140.88,110.22,1,1,1.000000
1724157154977361700,65,491.88,497.36,231.80,68.03,1,1,1.000000
1724157154977361700,68,130.27,136.16,55.60,88.05,1,1,1.000000
1724157154977361700,69,17.18,561.77,230.60,104.80,1,1,1.000000
1724157154977361700,72,355.74,358.77,141.07,103.92,1,1,1.000000
1724157154977361700,74,63.52,58.35,74.98,70.90,1,1,1.000000
1724157154977361700,77,0.38,323.24,35.72,74.10,1,1,1.000000
1724157154977361700,79,753.80,66.66,128.85,86.35,1,1,1.000000
1724157154977361700,85,0.24,121.32,49.29,57.97,1,1,1.000000
1724157154977361700,95,523.65,271.76,337.48,86.10,1,1,1.000000
1724157154977361700,97,1110.57,156.90,169.71,111.53,1,1,1.000000
1724157154977361700,103,103.54,281.90,60.57,62.04,1,1,1.000000
1724157155007824200,34,1135.38,555.79,144.56,111.27,1,1,1.000000
1724157155007824200,42,352.73,555.00,221.91,91.29,1,1,1.000000
1724157155007824200,48,178.72,261.35,76.45,102.82,1,1,1.000000
1724157155007824200,51,131.21,444.87,216.42,71.23,1,1,1.000000
1724157155007824200,54,409.64,249.83,171.40,74.23,1,1,1.000000
1724157155007824200,55,57.85,152.00,58.66,76.62,1,1,1.000000
1724157155007824200,57,140.45,191.60,186.33,63.44,1,1,1.000000
1724157155007824200,59,1000.17,223.98,280.43,150.82,1,1,1.000000
1724157155007824200,61,557.22,345.59,213.45,111.11,1,1,1.000000
1724157155007824200,62,3.22,354.01,142.46,110.18,1,1,1.000000
1724157155007824200,65,497.83,497.85,232.21,70.12,1,1,1.000000
1724157155007824200,68,130.81,138.57,57.36,67.92,1,1,1.000000
1724157155007824200,69,33.32,565.91,214.53,105.18,1,1,1.000000
1724157155007824200,72,361.11,362.71,142.37,101.43,1,1,1.000000
1724157155007824200,74,67.04,61.85,75.72,70.76,1,1,1.000000
1724157155007824200,77,0.29,325.12,36.59,78.21,1,1,1.000000
1724157155007824200,79,754.27,67.69,136.48,87.92,1,1,1.000000
1724157155007824200,85,0.56,126.60,51.70,53.82,1,1,1.000000
1724157155007824200,95,553.35,268.08,335.40,94.20,1,1,1.000000
1724157155007824200,97,1120.45,158.41,159.73,110.27,1,1,1.000000
1724157155007824200,103,101.97,281.32,63.38,65.59,1,1,1.000000
1724157155053213000,34,1153.89,559.32,126.26,117.73,1,1,1.000000
1724157155053213000,42,364.01,550.92,217.76,98.56,1,1,1.000000
1724157155053213000,48,178.77,263.21,79.61,101.02,1,1,1.000000
1724157155053213000,51,134.56,446.69,219.91,61.05,1,1,1.000000
1724157155053213000,54,420.77,252.62,187.89,89.40,1,1,1.000000
1724157155053213000,55,59.18,152.01,58.99,76.21,1,1,1.000000
1724157155053213000,57,137.05,193.42,195.08,66.28,1,1,1.000000
1724157155053213000,59,1023.41,228.17,257.31,144.83,1,1,1.000000
1724157155053213000,61,572.77,351.22,209.77,112.09,1,1,1.000000
1724157155053213000,62,1.45,355.95,145.27,109.51,1,1,1.000000
1724157155053213000,65,505.50,502.48,230.28,68.18,1,1,1.000000
1724157155053213000,68,129.43,139.29,58.35,61.37,1,1,1.000000
1724157155053213000,69,45.40,570.63,204.89,106.07,1,1,1.000000
1724157155053213000,72,366.67,366.97,141.96,99.93,1,1,1.000000
1724157155053213000,74,66.44,63.21,79.98,75.20,1,1,1.000000
1724157155053213000,77,0.04,329.15,37.88,75.77,1,1,1.000000
1724157155053213000,79,753.59,66.65,144.41,90.50,1,1,1.000000
1724157155053213000,85,0.45,128.58,51.74,54.65,1,1,1.000000
1724157155053213000,95,566.63,267.42,344.93,100.76,1,1,1.000000
1724157155053213000,97,1134.46,164.04,145.48,97.32,1,1,1.000000
1724157155053213000,103,98.22,284.34,67.46,66.12,1,1,1.000000
1724157155097481800,34,1171.76,572.13,108.33,98.69,1,1,1.000000
1724157155097481800,42,376.72,548.06,214.13,102.22,1,1,1.000000
1724157155097481800,48,178.41,265.70,85.13,95.62,1,1,1.000000
1724157155097481800,51,136.28,446.97,220.31,58.74,1,1,1.000000
1724157155097481800,54,425.06,252.94,161.66,94.94,1,1,1.000000
1724157155097481800,55,61.35,153.56,54.03,74.15,1,1,1.000000
1724157155097481800,57,130.17,195.04,206.18,74.06,1,1,1.000000
1724157155097481800,59,1049.62,238.77,230.97,123.14,1,1,1.000000
1724157155097481800,61,578.74,345.89,211.48,120.83,1,1,1.000000
1724157155097481800,62,1.44,356.96,144.51,112.43,1,1,1.000000
1724157155097481800,65,515.28,502.48,225.43,70.33,1,1,1.000000
1724157155097481800,68,128.38,136.65,63.15,61.49,1,1,1.000000
1724157155097481800,69,54.01,574.75,199.28,106.18,1,1,1.000000
1724157155097481800,72,369.76,370.97,145.23,98.94,1,1,1.000000
1724157155097481800,74,69.89,64.45,80.53,82.07,1,1,1.000000
1724157155097481800,77,0.09,331.10,39.51,74.03,1,1,1.000000
1724157155097481800,79,757.63,67.48,149.10,92.02,1,1,1.000000
1724157155097481800,85,0.28,130.66,50.77,58.33,1,1,1.000000
1724157155097481800,95,587.38,268.67,347.56,103.72,1,1,1.000000
1724157155097481800,97,1149.23,163.75,130.80,94.18,1,1,1.000000
1724157155097481800,103,97.13,286.28,67.71,66.08,1,1,1.000000
1724157155127919000,34,1190.76,582.70,89.19,83.35,1,1,1.000000
1724157155127919000,42,381.99,543.00,216.87,113.09,1,1,1.000000
1724157155127919000,48,178.01,268.21,85.87,95.19,1,1,1.000000
1724157155127919000,51,142.34,449.05,216.84,55.97,1,1,1.000000
1724157155127919000,54,433.04,256.47,151.03,92.79,1,1,1.000000
1724157155127919000,55,61.26,152.60,61.51,76.81,1,1,1.000000
1724157155127919000,57,142.22,197.27,197.84,72.61,1,1,1.000000
1724157155127919000,59,1074.35,242.29,206.02,117.73,1,1,1.000000
1724157155127919000,61,590.75,347.72,209.95,125.92,1,1,1.000000
1724157155127919000,62,1.35,358.57,146.58,110.68,1,1,1.000000
1724157155127919000,65,519.51,504.48,226.58,70.69,1,1,1.000000
1724157155127919000,68,128.81,141.28,68.01,65.90,1,1,1.000000
1724157155127919000,69,69.42,575.69,187.19,108.64,1,1,1.000000
1724157155127919000,72,370.57,381.51,150.61,89.58,1,1,1.000000
1724157155127919000,74,67.15,67.50,86.29,83.66,1,1,1.000000
1724157155127919000,77,0.09,333.56,40.96,73.12,1,1,1.000000
1724157155127919000,79,758.63,68.99,154.63,92.71,1,1,1.000000
1724157155127919000,85,0.37,131.06,55.53,59.82,1,1,1.000000
1724157155127919000,95,609.67,271.31,352.88,106.64,1,1,1.000000
1724157155127919000,97,1173.25,174.97,106.81,80.70,1,1,1.000000
1724157155127919000,103,96.44,289.98,66.95,67.94,1,1,1.000000
1724157155172130900,34,1216.49,597.55,63.57,73.47,1,1,1.000000
1724157155172130900,42,395.01,542.82,211.44,117.35,1,1,1.000000
1724157155172130900,48,176.15,270.82,83.75,85.03,1,1,1.000000
1724157155172130900,51,141.81,452.53,218.85,56.65,1,1,1.000000
1724157155172130900,54,440.09,259.59,142.19,93.14,1,1,1.000000
1724157155172130900,55,60.88,153.10,63.57,78.32,1,1,1.000000
1724157155172130900,57,158.95,197.88,183.26,72.20,1,1,1.000000
1724157155172130900,59,1099.70,243.65,180.39,122.55,1,1,1.000000
1724157155172130900,61,600.23,348.36,205.94,133.40,1,1,1.000000
1724157155172130900,62,1.02,360.86,147.49,111.10,1,1,1.000000
1724157155172130900,65,526.12,502.67,225.88,75.09,1,1,1.000000
1724157155172130900,68,126.13,142.09,76.94,69.17,1,1,1.000000
1724157155172130900,69,82.36,576.45,179.45,112.68,1,1,1.000000
1724157155172130900,72,369.47,393.56,154.30,80.72,1,1,1.000000
1724157155172130900,74,66.70,68.30,89.05,79.99,1,1,1.000000
1724157155172130900,77,0.15,335.34,41.87,72.79,1,1,1.000000
1724157155172130900,79,760.26,71.01,158.18,94.19,1,1,1.000000
1724157155172130900,85,0.57,132.14,55.83,60.73,1,1,1.000000
1724157155172130900,95,633.35,277.04,354.29,107.49,1,1,1.000000
1724157155172130900,97,1196.31,191.89,84.20,72.10,1,1,1.000000
1724157155172130900,103,94.88,291.35,70.08,68.32,1,1,1.000000
1724157155217338000,34,1246.71,608.58,33.66,79.80,1,1,1.000000
1724157155217338000,42,401.12,543.37,216.75,126.32,1,1,1.000000
1724157155217338000,48,174.15,272.40,85.57,82.34,1,1,1.000000
1724157155217338000,51,139.76,454.53,224.15,56.40,1,1,1.000000
1724157155217338000,54,446.78,262.45,137.43,94.71,1,1,1.000000
1724157155217338000,55,61.27,152.17,71.78,80.81,1,1,1.000000
1724157155217338000,57,172.05,199.94,171.11,69.75,1,1,1.000000
1724157155217338000,59,1120.46,249.10,159.52,125.81,1,1,1.000000
1724157155217338000,61,612.85,348.65,202.54,140.38,1,1,1.000000
1724157155217338000,62,1.46,361.49,147.75,112.57,1,1,1.000000
1724157155217338000,65,536.30,498.40,222.41,82.07,1,1,1.000000
1724157155217338000,68,125.32,142.05,81.71,77.75,1,1,1.000000
1724157155217338000,69,94.41,576.09,171.14,116.07,1,1,1.000000
1724157155217338000,72,364.63,395.07,161.66,81.08,1,1,1.000000
1724157155217338000,74,64.45,69.90,90.10,81.32,1,1,1.000000
1724157155217338000,77,0.21,336.48,40.74,73.78,1,1,1.000000
1724157155217338000,79,761.30,72.05,163.37,96.55,1,1,1.000000
1724157155217338000,85,0.48,132.90,55.25,60.55,1,1,1.000000
1724157155217338000,95,655.18,280.56,364.29,110.02,1,1,1.000000
1724157155217338000,97,1220.29,195.13,59.98,81.59,1,1,1.000000
1724157155217338000,103,90.72,290.38,71.62,70.81,1,1,1.000000
1724157155250503500,42,407.26,549.54,218.20,126.23,1,1,1.000000
1724157155250503500,48,173.60,273.54,86.02,81.67,1,1,1.000000
1724157155250503500,51,144.79,454.56,220.30,58.86,1,1,1.000000
1724157155250503500,54,455.68,265.02,130.23,95.52,1,1,1.000000
1724157155250503500,55,58.24,157.18,66.48,76.61,1,1,1.000000
1724157155250503500,57,181.23,200.51,161.61,67.19,1,1,1.000000
1724157155250503500,59,1142.43,252.78,137.49,95.39,1,1,1.000000
1724157155250503500,61,619.08,347.04,201.45,149.21,1,1,1.000000
1724157155250503500,62,2.56,363.80,148.24,110.89,1,1,1.000000
1724157155250503500,65,544.71,501.99,226.17,82.28,1,1,1.000000
1724157155250503500,68,120.71,144.15,94.70,77.50,1,1,1.000000
1724157155250503500,69,109.36,576.10,163.49,120.33,1,1,1.000000
1724157155250503500,72,360.76,396.43,167.91,82.77,1,1,1.000000
1724157155250503500,74,60.81,71.52,85.60,82.03,1,1,1.000000
1724157155250503500,77,0.14,336.64,42.14,75.49,1,1,1.000000
1724157155250503500,79,761.48,72.90,168.82,97.68,1,1,1.000000
1724157155250503500,85,0.50,133.27,55.42,59.50,1,1,1.000000
1724157155250503500,95,681.02,284.41,369.74,110.61,1,1,1.000000
1724157155250503500,97,1245.14,202.74,35.04,83.85,1,1,1.000000
1724157155250503500,103,84.14,291.77,76.31,72.77,1,1,1.000000
1724157155296304100,42,413.75,553.54,219.72,125.07,1,1,1.000000
1724157155296304100,48,171.30,272.34,87.65,81.65,1,1,1.000000
1724157155296304100,51,147.15,456.83,222.34,55.76,1,1,1.000000
1724157155296304100,54,463.81,266.02,123.76,97.20,1,1,1.000000
1724157155296304100,55,59.43,152.96,68.68,81.73,1,1,1.000000
1724157155296304100,57,191.64,199.68,150.81,66.67,1,1,1.000000
1724157155296304100,59,1167.23,259.59,112.88,87.85,1,1,1.000000
1724157155296304100,61,621.62,356.25,206.75,149.07,1,1,1.000000
1724157155296304100,62,3.53,363.82,148.28,110.99,1,1,1.000000
1724157155296304100,65,547.36,512.25,230.94,78.71,1,1,1.000000
1724157155296304100,68,117.59,145.39,100.49,75.24,1,1,1.000000
1724157155296304100,69,124.47,574.06,154.47,127.62,1,1,1.000000
1724157155296304100,72,357.74,399.48,172.81,81.50,1,1,1.000000
1724157155296304100,74,59.54,73.75,81.37,75.66,1,1,1.000000
1724157155296304100,77,0.22,338.69,42.42,73.74,1,1,1.000000
1724157155296304100,79,761.13,76.36,176.74,96.90,1,1,1.000000
1724157155296304100,85,0.30,134.08,56.44,61.12,1,1,1.000000
1724157155296304100,95,702.25,286.24,371.28,115.36,1,1,1.000000
1724157155296304100,103,83.86,292.38,78.63,71.75,1,1,1.000000
1724157155337958900,42,419.27,567.31,231.46,114.50,1,1,1.000000
1724157155337958900,48,162.15,269.57,98.49,88.86,1,1,1.000000
1724157155337958900,51,159.37,454.78,219.31,58.08,1,1,1.000000
1724157155337958900,54,478.18,264.01,110.18,104.09,1,1,1.000000
1724157155337958900,55,58.75,153.99,64.63,71.80,1,1,1.000000
1724157155337958900,57,186.88,197.03,157.28,69.92,1,1,1.000000
1724157155337958900,59,1218.27,276.76,61.03,65.26,1,1,1.000000
1724157155337958900,61,622.32,367.19,222.43,156.17,1,1,1.000000
1724157155337958900,62,3.02,363.25,151.56,110.16,1,1,1.000000
1724157155337958900,65,560.22,522.00,231.06,79.01,1,1,1.000000
1724157155337958900,68,109.61,143.71,116.77,88.55,1,1,1.000000
1724157155337958900,69,148.56,571.67,138.64,139.68,1,1,1.000000
1724157155337958900,72,354.58,406.31,183.38,79.44,1,1,1.000000
1724157155337958900,74,57.64,74.56,75.26,72.68,1,1,1.000000
1724157155337958900,77,0.17,338.74,41.77,77.90,1,1,1.000000
1724157155337958900,79,751.59,79.29,198.94,103.06,1,1,1.000000
1724157155337958900,85,0.68,132.83,58.39,61.97,1,1,1.000000
1724157155337958900,95,744.29,291.64,390.07,123.13,1,1,1.000000
1724157155337958900,103,87.75,291.31,73.39,71.35,1,1,1.000000
1724157155412901200,42,418.55,571.17,238.50,116.41,1,1,1.000000
1724157155412901200,48,160.39,269.40,101.72,87.24,1,1,1.000000
1724157155412901200,51,163.12,452.62,219.04,63.07,1,1,1.000000
1724157155412901200,54,486.39,262.50,104.90,109.83,1,1,1.000000
1724157155412901200,55,61.71,150.22,64.18,72.89,1,1,1.000000
1724157155412901200,57,183.79,195.48,165.21,72.31,1,1,1.000000
1724157155412901200,59,1243.30,285.47,36.77,63.14,1,1,1.000000
1724157155412901200,61,632.39,373.94,222.53,156.67,1,1,1.000000
1724157155412901200,62,5.23,362.44,150.33,110.07,1,1,1.000000
1724157155412901200,65,569.87,522.84,227.59,81.61,1,1,1.000000
1724157155412901200,68,103.67,143.52,126.01,89.66,1,1,1.000000
1724157155412901200,69,158.57,570.48,131.47,147.00,1,1,1.000000
1724157155412901200,72,356.80,409.27,188.48,77.38,1,1,1.000000
1724157155412901200,74,55.86,74.46,73.69,71.22,1,1,1.000000
1724157155412901200,77,0.18,339.54,41.54,74.10,1,1,1.000000
1724157155412901200,79,751.15,83.71,204.73,102.34,1,1,1.000000
1724157155412901200,85,0.59,131.29,59.35,67.30,1,1,1.000000
1724157155412901200,95,765.29,292.06,400.00,129.92,1,1,1.000000
1724157155412901200,103,85.68,290.13,75.81,70.08,1,1,1.000000
1724157155459579700,42,423.09,577.15,248.93,119.91,1,1,1.000000
1724157155459579700,48,162.78,269.99,100.04,89.82,1,1,1.000000
1724157155459579700,51,173.46,450.12,208.32,72.00,1,1,1.000000
1724157155459579700,54,500.72,257.46,94.57,125.70,1,1,1.000000
1724157155459579700,57,180.79,196.17,175.51,67.30,1,1,1.000000
1724157155459579700,61,653.53,381.71,225.51,168.73,1,1,1.000000
1724157155459579700,62,1.54,362.95,157.17,109.70,1,1,1.000000
1724157155459579700,65,590.67,524.11,221.25,84.13,1,1,1.000000
1724157155459579700,68,64.69,144.08,174.65,84.22,1,1,1.000000
1724157155459579700,69,171.68,573.66,126.23,146.51,1,1,1.000000
1724157155459579700,72,371.61,409.07,187.21,80.96,1,1,1.000000
1724157155459579700,74,53.77,76.41,83.19,66.45,1,1,1.000000
1724157155459579700,77,0.11,339.36,39.71,74.00,1,1,1.000000
1724157155459579700,79,744.45,86.78,224.43,106.73,1,1,1.000000
1724157155459579700,85,0.53,132.44,59.67,63.20,1,1,1.000000
1724157155459579700,95,806.27,298.06,423.88,140.99,1,1,1.000000
1724157155459579700,103,85.22,288.85,75.02,71.93,1,1,1.000000
1724157155536847800,42,433.50,587.40,254.12,118.98,1,1,1.000000
1724157155536847800,48,161.52,269.31,103.84,97.82,1,1,1.000000
1724157155536847800,51,189.60,445.58,195.59,81.87,1,1,1.000000
1724157155536847800,54,519.38,257.50,81.43,133.90,1,1,1.000000
1724157155536847800,57,166.44,197.46,197.70,62.28,1,1,1.000000
1724157155536847800,61,681.26,382.22,224.43,183.51,1,1,1.000000
1724157155536847800,62,31.64,363.62,126.59,103.59,1,1,1.000000
1724157155536847800,65,607.64,522.52,219.30,91.89,1,1,1.000000
1724157155536847800,68,63.43,140.20,180.11,60.81,1,1,1.000000
1724157155536847800,69,165.11,594.32,140.80,125.23,1,1,1.000000
1724157155536847800,72,392.81,412.24,185.14,78.92,1,1,1.000000
1724157155536847800,74,54.71,76.86,81.25,64.21,1,1,1.000000
1724157155536847800,77,0.28,341.36,36.73,68.71,1,1,1.000000
1724157155536847800,79,750.97,87.58,236.52,113.64,1,1,1.000000
1724157155536847800,85,0.38,138.46,61.40,53.59,1,1,1.000000
1724157155536847800,95,854.53,309.28,425.55,146.24,1,1,1.000000
1724157155536847800,103,80.97,289.84,74.62,76.03,1,1,1.000000
1724157155566808600,42,441.88,587.69,256.01,119.10,1,1,1.000000
1724157155566808600,48,160.58,266.40,103.15,100.39,1,1,1.000000
1724157155566808600,51,195.49,445.22,193.71,79.59,1,1,1.000000
1724157155566808600,54,525.62,256.96,78.19,139.24,1,1,1.000000
1724157155566808600,57,166.78,196.07,201.33,61.94,1,1,1.000000
1724157155566808600,61,695.16,386.05,226.15,189.96,1,1,1.000000
1724157155566808600,62,41.36,361.28,117.12,76.23,1,1,1.000000
1724157155566808600,65,611.89,518.84,223.50,97.77,1,1,1.000000
1724157155566808600,68,62.20,137.35,183.37,61.11,1,1,1.000000
1724157155566808600,69,158.78,588.43,144.54,131.68,1,1,1.000000
1724157155566808600,72,403.68,413.77,187.21,77.73,1,1,1.000000
1724157155566808600,74,50.26,74.62,86.49,64.99,1,1,1.000000
1724157155566808600,77,0.26,337.28,37.33,69.62,1,1,1.000000
1724157155566808600,79,760.26,88.70,239.24,114.19,1,1,1.000000
1724157155566808600,85,0.13,134.31,57.16,57.82,1,1,1.000000
1724157155566808600,95,874.97,310.19,405.20,154.06,1,1,1.000000
1724157155566808600,103,82.85,289.04,72.59,75.77,1,1,1.000000
1724157155566808600,112,0.32,411.34,92.26,70.80,1,1,1.000000
1724157155612053500,42,450.14,588.20,256.10,123.96,1,1,1.000000
1724157155612053500,48,160.73,266.35,103.52,100.21,1,1,1.000000
1724157155612053500,51,204.50,450.23,185.56,66.29,1,1,1.000000
1724157155612053500,54,533.49,256.95,75.10,142.57,1,1,1.000000
1724157155612053500,57,167.91,193.84,202.86,62.21,1,1,1.000000
1724157155612053500,61,711.09,390.28,218.84,192.04,1,1,1.000000
1724157155612053500,62,42.62,359.23,114.26,74.08,1,1,1.000000
1724157155612053500,65,616.72,513.95,223.59,106.09,1,1,1.000000
1724157155612053500,68,66.48,138.04,181.97,63.65,1,1,1.000000
1724157155612053500,69,158.75,589.77,135.84,130.05,1,1,1.000000
1724157155612053500,72,415.86,411.21,183.05,83.04,1,1,1.000000
1724157155612053500,74,49.84,74.67,87.54,62.90,1,1,1.000000
1724157155612053500,77,0.28,335.07,38.02,69.30,1,1,1.000000
1724157155612053500,79,774.05,82.45,236.78,123.34,1,1,1.000000
1724157155612053500,85,0.25,131.90,52.57,59.97,1,1,1.000000
1724157155612053500,95,909.12,310.65,371.26,160.19,1,1,1.000000
1724157155612053500,103,84.89,287.88,71.82,76.74,1,1,1.000000
1724157155612053500,112,0.55,404.71,108.95,79.39,1,1,1.000000
1724157155661448000,42,461.82,593.39,254.86,125.24,1,1,1.000000
1724157155661448000,48,159.87,265.36,105.28,101.07,1,1,1.000000
1724157155661448000,51,208.65,451.19,183.72,65.38,1,1,1.000000
1724157155661448000,54,542.33,256.19,70.20,146.50,1,1,1.000000
1724157155661448000,57,168.79,191.72,203.34,60.55,1,1,1.000000
1724157155661448000,61,718.84,395.04,226.23,198.82,1,1,1.000000
1724157155661448000,62,42.76,359.77,114.92,67.72,1,1,1.000000
1724157155661448000,65,624.00,509.71,225.72,112.57,1,1,1.000000
1724157155661448000,68,73.84,136.47,175.60,66.54,1,1,1.000000
1724157155661448000,69,159.42,590.10,137.50,129.86,1,1,1.000000
1724157155661448000,72,423.87,410.16,185.91,84.17,1,1,1.000000
1724157155661448000,74,51.90,70.72,83.58,67.49,1,1,1.000000
1724157155661448000,77,0.44,336.70,40.03,65.72,1,1,1.000000
1724157155661448000,79,785.46,83.17,238.83,128.88,1,1,1.000000
1724157155661448000,85,0.49,128.68,52.31,62.16,1,1,1.000000
1724157155661448000,95,923.59,311.81,356.91,166.13,1,1,1.000000
1724157155661448000,103,89.23,288.18,66.97,73.02,1,1,1.000000
1724157155661448000,112,0.42,401.13,127.89,82.69,1,1,1.000000
1724157155689733700,42,477.70,588.08,249.24,130.84,1,1,1.000000
1724157155689733700,48,158.41,261.39,108.19,101.67,1,1,1.000000
1724157155689733700,51,214.33,452.78,180.27,63.19,1,1,1.000000
1724157155689733700,54,547.43,255.88,69.46,150.62,1,1,1.000000
1724157155689733700,57,175.28,189.76,202.02,62.24,1,1,1.000000
1724157155689733700,61,727.34,399.96,238.04,203.82,1,1,1.000000
1724157155689733700,62,47.73,358.23,110.23,67.56,1,1,1.000000
1724157155689733700,65,635.12,505.05,223.90,119.34,1,1,1.000000
1724157155689733700,68,75.28,134.87,179.03,67.99,1,1,1.000000
1724157155689733700,69,163.24,590.84,137.26,129.04,1,1,1.000000
1724157155689733700,72,433.10,410.51,183.03,84.05,1,1,1.000000
1724157155689733700,74,51.63,69.11,84.03,67.85,1,1,1.000000
1724157155689733700,77,0.61,335.51,42.96,66.39,1,1,1.000000
1724157155689733700,79,804.16,85.45,234.21,131.75,1,1,1.000000
1724157155689733700,85,0.55,128.65,57.02,60.54,1,1,1.000000
1724157155689733700,95,948.88,316.04,331.54,165.29,1,1,1.000000
1724157155689733700,103,96.67,285.68,58.49,72.42,1,1,1.000000
1724157155689733700,112,0.68,395.69,145.55,92.16,1,1,1.000000
1724157155734487500,42,495.68,582.48,249.42,136.18,1,1,1.000000
1724157155734487500,48,154.09,255.85,111.82,105.63,1,1,1.000000
1724157155734487500,51,222.31,453.47,179.86,61.44,1,1,1.000000
1724157155734487500,54,558.80,272.24,74.41,137.94,1,1,1.000000
1724157155734487500,57,184.49,186.10,196.54,59.05,1,1,1.000000
1724157155734487500,61,734.60,414.07,255.03,207.25,1,1,1.000000
1724157155734487500,62,52.86,356.07,103.44,82.93,1,1,1.000000
1724157155734487500,65,650.49,505.74,227.42,125.20,1,1,1.000000
1724157155734487500,68,64.46,133.29,196.19,70.54,1,1,1.000000
1724157155734487500,69,185.60,593.56,115.06,126.45,1,1,1.000000
1724157155734487500,72,444.39,414.49,188.95,82.14,1,1,1.000000
1724157155734487500,74,52.54,66.14,84.90,67.13,1,1,1.000000
1724157155734487500,79,820.01,93.99,240.37,134.21,1,1,1.000000
1724157155734487500,85,0.45,128.02,61.90,63.31,1,1,1.000000
1724157155734487500,95,1002.68,325.55,278.10,157.77,1,1,1.000000
1724157155734487500,103,102.31,282.69,51.29,71.41,1,1,1.000000
1724157155734487500,112,0.68,391.90,180.51,93.96,1,1,1.000000
1724157155816315200,42,504.86,579.81,251.37,139.05,1,1,1.000000
1724157155816315200,48,151.52,257.35,113.17,101.00,1,1,1.000000
1724157155816315200,51,229.54,450.95,174.13,64.89,1,1,1.000000
1724157155816315200,54,557.99,286.67,85.10,127.44,1,1,1.000000
1724157155816315200,57,191.16,183.38,190.20,62.03,1,1,1.000000
1724157155816315200,61,734.07,418.73,268.49,214.24,1,1,1.000000
1724157155816315200,62,56.93,350.18,101.20,64.12,1,1,1.000000
1724157155816315200,65,660.55,508.08,227.12,124.75,1,1,1.000000
1724157155816315200,68,65.77,130.05,195.48,69.94,1,1,1.000000
1724157155816315200,69,196.06,588.55,109.55,131.68,1,1,1.000000
1724157155816315200,72,439.62,419.74,204.62,78.01,1,1,1.000000
1724157155816315200,74,54.13,62.90,82.26,63.70,1,1,1.000000
1724157155816315200,79,830.91,98.06,242.76,137.34,1,1,1.000000
1724157155816315200,85,0.58,122.41,61.77,66.81,1,1,1.000000
1724157155816315200,95,1019.98,330.40,260.73,152.56,1,1,1.000000
1724157155816315200,103,102.76,279.75,52.25,69.02,1,1,1.000000
1724157155816315200,112,0.53,389.87,197.98,100.64,1,1,1.000000
1724157155856710700,42,513.23,580.29,251.18,139.32,1,1,1.000000
1724157155856710700,48,150.20,256.27,113.73,101.39,1,1,1.000000
1724157155856710700,51,231.00,448.75,178.50,69.09,1,1,1.000000
1724157155856710700,54,555.62,286.75,98.91,128.73,1,1,1.000000
1724157155856710700,57,196.04,180.13,188.69,67.88,1,1,1.000000
1724157155856710700,61,737.16,428.48,276.09,214.72,1,1,1.000000
1724157155856710700,62,57.40,333.57,113.46,74.11,1,1,1.000000
1724157155856710700,65,669.65,514.42,224.37,122.58,1,1,1.000000
1724157155856710700,68,68.27,126.28,198.84,70.72,1,1,1.000000
1724157155856710700,69,200.49,586.79,107.82,133.43,1,1,1.000000
1724157155856710700,72,438.53,426.27,213.15,73.85,1,1,1.000000
1724157155856710700,74,53.97,58.97,89.41,64.18,1,1,1.000000
1724157155856710700,77,0.49,319.93,43.18,70.13,1,1,1.000000
1724157155856710700,79,840.10,101.26,248.22,140.41,1,1,1.000000
1724157155856710700,85,0.55,115.41,63.75,70.84,1,1,1.000000
1724157155856710700,95,1045.52,339.06,235.58,145.53,1,1,1.000000
1724157155856710700,103,104.41,279.02,51.75,72.16,1,1,1.000000
1724157155856710700,112,0.09,387.51,212.70,119.29,1,1,1.000000
1724157155887522000,42,524.01,582.66,249.27,136.73,1,1,1.000000
1724157155887522000,48,148.24,254.56,113.81,99.38,1,1,1.000000
1724157155887522000,51,238.65,445.54,176.78,73.15,1,1,1.000000
1724157155887522000,54,555.00,292.78,111.12,124.37,1,1,1.000000
1724157155887522000,57,203.43,175.41,181.19,72.68,1,1,1.000000
1724157155887522000,61,743.85,437.69,289.78,218.68,1,1,1.000000
1724157155887522000,62,55.71,333.59,115.09,69.56,1,1,1.000000
1724157155887522000,65,673.20,519.82,230.97,124.02,1,1,1.000000
1724157155887522000,68,68.18,123.38,202.14,68.70,1,1,1.000000
1724157155887522000,69,197.18,578.92,112.60,141.03,1,1,1.000000
1724157155887522000,72,440.19,430.37,218.90,71.06,1,1,1.000000
1724157155887522000,74,52.15,55.53,95.43,66.85,1,1,1.000000
1724157155887522000,77,0.38,317.55,39.54,66.57,1,1,1.000000
1724157155887522000,79,844.81,105.38,257.28,141.55,1,1,1.000000
1724157155887522000,85,0.28,111.63,67.42,69.45,1,1,1.000000
1724157155887522000,95,1073.93,351.32,206.63,128.74,1,1,1.000000
1724157155887522000,103,105.01,277.24,53.27,70.87,1,1,1.000000
1724157155887522000,112,0.14,383.69,230.19,128.41,1,1,1.000000
1724157155934261200,42,529.06,586.53,253.20,133.20,1,1,1.000000
1724157155934261200,48,147.29,252.52,113.72,100.33,1,1,1.000000
1724157155934261200,51,247.31,443.16,173.92,76.38,1,1,1.000000
1724157155934261200,54,549.80,292.07,126.02,125.64,1,1,1.000000
1724157155934261200,57,210.48,175.32,172.42,71.09,1,1,1.000000
1724157155934261200,61,748.83,447.14,297.60,219.21,1,1,1.000000
1724157155934261200,62,61.12,331.32,110.23,66.01,1,1,1.000000
1724157155934261200,65,678.56,526.13,232.52,124.62,1,1,1.000000
1724157155934261200,68,65.38,121.41,208.71,69.43,1,1,1.000000
1724157155934261200,69,194.69,572.70,116.94,147.03,1,1,1.000000
1724157155934261200,72,440.42,430.25,225.04,74.22,1,1,1.000000
1724157155934261200,74,51.99,55.56,92.72,64.49,1,1,1.000000
1724157155934261200,77,0.36,314.29,39.56,62.73,1,1,1.000000
1724157155934261200,79,851.59,105.64,265.25,147.29,1,1,1.000000
1724157155934261200,85,0.19,115.78,66.63,60.48,1,1,1.000000
1724157155934261200,95,1107.27,363.71,172.94,114.33,1,1,1.000000
1724157155934261200,103,106.72,274.81,53.86,65.57,1,1,1.000000
1724157155934261200,112,0.72,376.50,245.25,126.31,1,1,1.000000
1724157155978654900,42,540.73,599.91,253.27,119.80,1,1,1.000000
1724157155978654900,48,153.12,250.09,107.28,91.32,1,1,1.000000
1724157155978654900,51,260.21,443.81,165.47,73.95,1,1,1.000000
1724157155978654900,54,547.02,291.22,146.85,124.86,1,1,1.000000
1724157155978654900,57,218.99,170.90,160.85,69.41,1,1,1.000000
1724157155978654900,61,763.80,469.33,315.33,219.47,1,1,1.000000
1724157155978654900,62,75.67,337.32,86.89,50.81,1,1,1.000000
1724157155978654900,65,690.30,541.30,235.56,127.86,1,1,1.000000
1724157155978654900,68,59.18,114.58,223.03,60.31,1,1,1.000000
1724157155978654900,69,176.87,569.56,138.92,151.07,1,1,1.000000
1724157155978654900,72,447.11,430.68,230.32,78.11,1,1,1.000000
1724157155978654900,74,65.51,44.95,84.78,67.14,1,1,1.000000
1724157155978654900,77,0.31,308.25,41.14,74.13,1,1,1.000000
1724157155978654900,79,859.59,112.49,285.93,156.24,1,1,1.000000
1724157155978654900,85,0.30,108.20,68.90,57.81,1,1,1.000000
1724157155978654900,95,1169.10,381.06,110.93,87.84,1,1,1.000000
1724157155978654900,103,106.89,268.24,55.36,67.86,1,1,1.000000
1724157155978654900,112,1.03,367.50,282.27,119.98,1,1,1.000000
1724157155978654900,114,55.45,153.85,63.57,50.96,1,1,1.000000
1724157156009508800,42,543.49,607.54,250.08,112.06,1,1,1.000000
1724157156009508800,48,156.73,246.65,102.16,89.51,1,1,1.000000
1724157156009508800,51,270.84,439.85,157.15,78.63,1,1,1.000000
1724157156009508800,54,545.28,295.00,156.67,121.20,1,1,1.000000
1724157156009508800,57,225.56,169.03,153.98,65.96,1,1,1.000000
1724157156009508800,61,776.54,477.00,321.00,218.27,1,1,1.000000
1724157156009508800,62,31.41,335.39,130.59,50.14,1,1,1.000000
1724157156009508800,65,700.78,546.39,232.87,133.33,1,1,1.000000
1724157156009508800,68,64.83,110.43,223.06,53.80,1,1,1.000000
1724157156009508800,69,170.15,582.41,149.48,137.86,1,1,1.000000
1724157156009508800,72,452.58,430.44,231.95,82.01,1,1,1.000000
1724157156009508800,74,70.47,41.41,86.83,66.16,1,1,1.000000
1724157156009508800,77,0.29,303.87,41.99,75.01,1,1,1.000000
1724157156009508800,79,860.50,114.42,299.12,162.09,1,1,1.000000
1724157156009508800,85,0.39,104.80,69.39,57.47,1,1,1.000000
1724157156009508800,95,1195.71,391.82,84.28,77.95,1,1,1.000000
1724157156009508800,103,107.13,266.01,61.83,66.63,1,1,1.000000
1724157156009508800,112,0.77,375.26,298.67,107.60,1,1,1.000000
1724157156009508800,114,51.46,145.94,71.83,53.26,1,1,1.000000
1724157156055207300,42,543.61,613.80,246.93,105.76,1,1,1.000000
1724157156055207300,48,162.55,242.96,96.82,89.72,1,1,1.000000
1724157156055207300,51,282.48,445.65,151.10,71.53,1,1,1.000000
1724157156055207300,54,541.63,295.86,168.11,120.22,1,1,1.000000
1724157156055207300,57,231.39,167.59,146.76,64.36,1,1,1.000000
1724157156055207300,61,789.21,485.66,318.99,220.08,1,1,1.000000
1724157156055207300,62,51.22,332.35,111.21,48.87,1,1,1.000000
1724157156055207300,65,706.97,551.99,238.52,135.71,1,1,1.000000
1724157156055207300,68,60.85,106.60,235.33,54.00,1,1,1.000000
1724157156055207300,69,163.37,582.46,156.73,137.86,1,1,1.000000
1724157156055207300,72,459.25,431.71,233.81,84.68,1,1,1.000000
1724157156055207300,74,71.86,37.43,89.02,65.67,1,1,1.000000
1724157156055207300,77,0.45,300.44,46.60,73.32,1,1,1.000000
1724157156055207300,79,866.26,118.26,308.21,166.62,1,1,1.000000
1724157156055207300,85,0.59,97.51,66.01,59.89,1,1,1.000000
1724157156055207300,95,1218.83,401.70,61.13,82.69,1,1,1.000000
1724157156055207300,103,106.73,262.92,66.72,68.31,1,1,1.000000
1724157156055207300,112,0.19,374.48,319.20,103.53,1,1,1.000000
1724157156055207300,114,51.61,142.70,74.82,53.15,1,1,1.000000
1724157156100603700,42,548.29,619.59,245.87,100.12,1,1,1.000000
1724157156100603700,48,166.88,237.74,94.06,92.38,1,1,1.000000
1724157156100603700,51,286.86,447.96,149.96,71.30,1,1,1.000000
1724157156100603700,54,537.71,300.12,178.51,117.17,1,1,1.000000
1724157156100603700,57,240.26,163.09,140.18,66.68,1,1,1.000000
1724157156100603700,61,798.76,492.18,324.52,223.58,1,1,1.000000
1724157156100603700,62,56.32,328.29,104.88,49.67,1,1,1.000000
1724157156100603700,65,715.91,553.25,237.68,143.18,1,1,1.000000
1724157156100603700,68,70.04,103.94,231.63,58.27,1,1,1.000000
1724157156100603700,69,162.34,575.40,162.76,144.90,1,1,1.000000
1724157156100603700,72,469.67,428.76,231.68,90.16,1,1,1.000000
1724157156100603700,74,73.07,33.90,91.16,67.20,1,1,1.000000
1724157156100603700,77,0.38,296.53,44.13,74.37,1,1,1.000000
1724157156100603700,79,880.11,118.89,309.42,174.60,1,1,1.000000
1724157156100603700,85,0.58,86.26,72.02,65.64,1,1,1.000000
1724157156100603700,95,1245.89,411.82,34.34,86.65,1,1,1.000000
1724157156100603700,103,103.27,259.69,67.81,71.28,1,1,1.000000
1724157156100603700,112,0.00,362.03,335.58,114.45,1,1,1.000000
1724157156100603700,114,57.54,137.63,75.18,47.26,1,1,1.000000
1724157156133660300,42,556.25,634.64,240.69,85.04,1,1,1.000000
1724157156133660300,48,171.38,234.48,91.95,92.87,1,1,1.000000
1724157156133660300,51,287.65,447.82,150.94,70.93,1,1,1.000000
1724157156133660300,54,535.26,303.19,185.25,116.96,1,1,1.000000
1724157156133660300,57,245.90,163.51,134.36,64.54,1,1,1.000000
1724157156133660300,61,811.55,497.79,319.40,221.36,1,1,1.000000
1724157156133660300,62,50.51,321.80,111.96,56.82,1,1,1.000000
1724157156133660300,65,722.13,556.62,238.19,145.91,1,1,1.000000
1724157156133660300,68,81.55,100.34,225.90,61.04,1,1,1.000000
1724157156133660300,69,151.60,580.25,174.75,139.87,1,1,1.000000
1724157156133660300,72,480.57,429.88,231.70,92.35,1,1,1.000000
1724157156133660300,74,74.40,30.54,93.18,67.02,1,1,1.000000
1724157156133660300,77,0.29,290.38,42.99,76.06,1,1,1.000000
1724157156133660300,79,893.38,122.13,310.31,179.92,1,1,1.000000
1724157156133660300,85,0.74,77.38,68.09,68.47,1,1,1.000000
1724157156133660300,103,102.62,257.36,67.81,71.38,1,1,1.000000
1724157156133660300,112,0.19,358.82,350.08,115.33,1,1,1.000000
1724157156133660300,114,54.62,127.21,84.09,54.87,1,1,1.000000
1724157156176893700,42,563.70,640.02,232.10,79.73,1,1,1.000000
1724157156176893700,48,176.90,230.87,90.44,91.37,1,1,1.000000
1724157156176893700,51,287.52,449.13,152.86,71.32,1,1,1.000000
1724157156176893700,54,532.47,311.30,194.93,115.17,1,1,1.000000
1724157156176893700,57,257.57,161.37,124.28,64.85,1,1,1.000000
1724157156176893700,61,817.71,504.60,323.18,215.01,1,1,1.000000
1724157156176893700,62,47.63,316.48,117.04,60.62,1,1,1.000000
1724157156176893700,65,731.53,557.62,238.58,154.44,1,1,1.000000
1724157156176893700,68,94.39,97.77,214.43,60.03,1,1,1.000000
1724157156176893700,69,159.27,580.68,165.93,139.56,1,1,1.000000
1724157156176893700,72,490.69,425.66,231.52,100.68,1,1,1.000000
1724157156176893700,74,75.95,25.81,95.56,67.90,1,1,1.000000
1724157156176893700,77,0.37,285.85,39.92,74.02,1,1,1.000000
1724157156176893700,79,907.06,126.08,312.25,184.88,1,1,1.000000
1724157156176893700,85,0.53,72.36,66.23,66.98,1,1,1.000000
1724157156176893700,103,103.20,249.95,64.24,76.23,1,1,1.000000
1724157156176893700,112,0.23,359.32,363.70,112.23,1,1,1.000000
1724157156176893700,114,51.16,115.10,96.04,63.31,1,1,1.000000
1724157156210085300,42,571.23,643.56,227.95,76.19,1,1,1.000000
1724157156210085300,48,182.19,225.31,85.89,91.23,1,1,1.000000
1724157156210085300,51,293.14,450.41,148.20,70.66,1,1,1.000000
1724157156210085300,54,527.69,312.70,206.02,117.85,1,1,1.000000
1724157156210085300,57,266.72,159.76,114.76,64.21,1,1,1.000000
1724157156210085300,61,829.57,512.21,310.88,207.37,1,1,1.000000
1724157156210085300,62,39.59,312.49,126.66,65.11,1,1,1.000000
1724157156210085300,65,737.28,560.80,240.43,157.64,1,1,1.000000
1724157156210085300,68,107.82,93.91,208.74,61.77,1,1,1.000000
1724157156210085300,69,152.45,581.37,171.21,138.55,1,1,1.000000
1724157156210085300,72,504.67,426.43,229.39,102.12,1,1,1.000000
1724157156210085300,74,78.80,22.76,97.42,69.06,1,1,1.000000
1724157156210085300,77,0.34,283.86,39.48,75.32,1,1,1.000000
1724157156210085300,79,916.85,130.02,314.89,192.91,1,1,1.000000
1724157156210085300,85,0.71,65.55,71.21,66.86,1,1,1.000000
1724157156210085300,103,102.03,245.51,63.57,78.25,1,1,1.000000
1724157156210085300,112,0.60,356.91,382.39,111.37,1,1,1.000000
1724157156210085300,114,51.12,106.57,96.26,68.02,1,1,1.000000
1724157156210085300,116,0.96,145.62,26.89,55.52,1,1,1.000000
1724157156257068900,42,579.28,644.79,215.57,74.90,1,1,1.000000
1724157156257068900,48,189.67,218.52,79.27,94.87,1,1,1.000000
1724157156257068900,51,296.66,450.68,147.72,71.38,1,1,1.000000
1724157156257068900,54,524.64,320.26,217.71,107.52,1,1,1.000000
1724157156257068900,57,277.60,156.45,107.82,64.84,1,1,1.000000
1724157156257068900,61,839.02,525.44,294.18,193.79,1,1,1.000000
1724157156257068900,62,32.67,306.62,131.35,74.82,1,1,1.000000
1724157156257068900,65,746.70,564.33,237.20,154.57,1,1,1.000000
1724157156257068900,68,114.12,88.40,206.40,58.72,1,1,1.000000
1724157156257068900,69,142.91,579.96,175.73,139.61,1,1,1.000000
1724157156257068900,72,515.37,424.84,229.12,106.43,1,1,1.000000
1724157156257068900,74,79.80,18.25,101.08,70.29,1,1,1.000000
1724157156257068900,77,0.35,276.48,40.77,78.06,1,1,1.000000
1724157156257068900,79,931.58,145.39,316.18,189.29,1,1,1.000000
1724157156257068900,85,0.37,59.33,74.56,65.46,1,1,1.000000
1724157156257068900,103,100.38,243.53,66.38,75.89,1,1,1.000000
1724157156257068900,112,0.64,355.97,396.63,110.52,1,1,1.000000
1724157156257068900,114,52.25,101.94,96.48,67.18,1,1,1.000000
1724157156257068900,116,1.32,142.44,27.49,49.69,1,1,1.000000
1724157156299381000,42,602.67,643.73,186.33,76.15,1,1,1.000000
1724157156299381000,48,200.51,206.84,70.46,98.16,1,1,1.000000
1724157156299381000,51,300.41,446.82,146.20,77.47,1,1,1.000000
1724157156299381000,54,516.12,312.42,244.61,114.07,1,1,1.000000
1724157156299381000,57,294.61,150.03,95.09,67.67,1,1,1.000000
1724157156299381000,61,859.83,550.05,273.86,169.30,1,1,1.000000
1724157156299381000,62,32.77,297.34,134.41,87.24,1,1,1.000000
1724157156299381000,65,755.80,562.47,216.68,156.55,1,1,1.000000
1724157156299381000,68,139.81,79.54,187.89,57.10,1,1,1.000000
1724157156299381000,69,116.06,582.14,186.20,137.67,1,1,1.000000
1724157156299381000,72,535.59,424.37,229.57,113.18,1,1,1.000000
1724157156299381000,74,80.87,10.20,111.56,71.13,1,1,1.000000
1724157156299381000,77,0.28,261.19,50.00,84.00,1,1,1.000000
1724157156299381000,79,976.37,178.33,303.34,182.95,1,1,1.000000
1724157156299381000,85,0.32,49.95,81.02,68.28,1,1,1.000000
1724157156299381000,103,97.56,227.75,72.15,78.26,1,1,1.000000
1724157156299381000,112,0.26,350.88,431.24,103.51,1,1,1.000000
1724157156299381000,114,55.92,91.39,98.38,67.72,1,1,1.000000
1724157156299381000,116,0.88,126.65,31.23,54.80,1,1,1.000000
1724157156375622100,42,607.82,641.45,181.32,78.50,1,1,1.000000
1724157156375622100,48,206.85,201.83,64.37,96.56,1,1,1.000000
1724157156375622100,51,296.89,445.51,152.53,78.61,1,1,1.000000
1724157156375622100,54,511.04,311.26,257.92,117.15,1,1,1.000000
1724157156375622100,57,304.07,147.84,85.80,66.68,1,1,1.000000
1724157156375622100,61,865.85,563.80,262.12,155.34,1,1,1.000000
1724157156375622100,62,37.84,291.73,129.40,92.24,1,1,1.000000
1724157156375622100,65,764.99,565.78,208.76,153.24,1,1,1.000000
1724157156375622100,68,149.94,74.68,177.85,58.23,1,1,1.000000
1724157156375622100,69,106.07,587.16,190.34,132.74,1,1,1.000000
1724157156375622100,72,545.87,426.76,231.73,112.64,1,1,1.000000
1724157156375622100,74,80.11,4.35,107.21,71.24,1,1,1.000000
1724157156375622100,77,0.19,253.08,50.62,84.87,1,1,1.000000
1724157156375622100,79,976.67,181.66,303.25,189.90,1,1,1.000000
1724157156375622100,85,0.49,50.28,85.69,64.72,1,1,1.000000
1724157156375622100,103,96.03,221.90,74.41,81.30,1,1,1.000000
1724157156375622100,112,0.00,345.31,447.11,104.11,1,1,1.000000
1724157156375622100,114,60.68,87.14,98.64,65.99,1,1,1.000000
1724157156375622100,116,0.99,119.04,32.71,55.45,1,1,1.000000
1724157156406328400,42,618.51,635.54,179.96,84.42,1,1,1.000000
1724157156406328400,48,210.18,198.28,60.47,96.94,1,1,1.000000
1724157156406328400,51,304.74,443.27,147.58,80.83,1,1,1.000000
1724157156406328400,54,509.39,312.69,269.54,118.19,1,1,1.000000
1724157156406328400,57,314.75,148.92,77.53,62.65,1,1,1.000000
1724157156406328400,61,868.98,573.42,272.64,145.67,1,1,1.000000
1724157156406328400,62,35.40,287.97,132.29,93.08,1,1,1.000000
1724157156406328400,65,771.59,567.07,210.46,152.24,1,1,1.000000
1724157156406328400,68,144.95,71.00,184.47,58.60,1,1,1.000000
1724157156406328400,69,101.70,591.77,185.04,128.15,1,1,1.000000
1724157156406328400,72,554.33,426.76,235.46,116.62,1,1,1.000000
1724157156406328400,74,80.93,0.83,108.31,69.32,1,1,1.000000
1724157156406328400,77,0.08,246.90,53.17,82.32,1,1,1.000000
1724157156406328400,79,978.47,182.37,301.51,198.78,1,1,1.000000
1724157156406328400,85,1.03,47.86,86.40,62.11,1,1,1.000000
1724157156406328400,103,95.99,216.27,76.07,77.58,1,1,1.000000
1724157156406328400,112,0.64,344.18,462.44,105.44,1,1,1.000000
1724157156406328400,114,64.88,81.57,100.54,67.55,1,1,1.000000
1724157156406328400,116,0.67,112.98,35.91,58.58,1,1,1.000000
1724157156406328400,118,0.45,562.89,27.34,46.73,1,1,1.000000
1724157156453285500,42,637.48,634.42,163.03,85.61,1,1,1.000000
1724157156453285500,48,217.71,196.79,55.72,86.59,1,1,1.000000
1724157156453285500,51,317.27,442.22,144.87,81.80,1,1,1.000000
1724157156453285500,54,518.34,314.45,279.09,117.74,1,1,1.000000
1724157156453285500,57,335.96,144.56,59.99,59.14,1,1,1.000000
1724157156453285500,61,898.92,597.74,248.14,121.83,1,1,1.000000
1724157156453285500,62,10.40,281.08,159.71,122.91,1,1,1.000000
1724157156453285500,65,786.58,573.47,203.55,146.51,1,1,1.000000
1724157156453285500,68,149.59,61.44,185.45,63.29,1,1,1.000000
1724157156453285500,69,97.81,594.13,172.75,126.13,1,1,1.000000
1724157156453285500,72,561.98,428.79,250.33,120.02,1,1,1.000000
1724157156453285500,74,82.42,0.00,105.29,61.98,1,1,1.000000
1724157156453285500,77,0.14,237.03,55.47,80.38,1,1,1.000000
1724157156453285500,79,1009.99,199.11,270.53,187.81,1,1,1.000000
1724157156453285500,85,6.44,37.84,82.79,61.97,1,1,1.000000
1724157156453285500,103,98.22,208.03,82.03,69.16,1,1,1.000000
1724157156453285500,112,33.93,340.51,463.71,110.93,1,1,1.000000
1724157156453285500,114,71.81,73.83,99.87,69.28,1,1,1.000000
1724157156453285500,116,0.37,102.39,43.12,60.23,1,1,1.000000
1724157156453285500,118,0.30,552.28,36.92,49.20,1,1,1.000000
1724157156502640200,42,646.20,632.87,162.66,87.10,1,1,1.000000
1724157156502640200,48,214.50,192.52,61.25,83.01,1,1,1.000000
1724157156502640200,51,333.83,442.22,135.28,83.12,1,1,1.000000
1724157156502640200,54,527.00,319.17,281.94,116.77,1,1,1.000000
1724157156502640200,57,344.42,150.45,53.47,47.43,1,1,1.000000
1724157156502640200,61,909.41,607.00,238.31,112.40,1,1,1.000000
1724157156502640200,62,15.58,279.24,158.82,121.20,1,1,1.000000
1724157156502640200,65,797.00,578.02,196.69,142.03,1,1,1.000000
1724157156502640200,68,149.26,58.36,192.48,63.80,1,1,1.000000
1724157156502640200,69,102.38,594.14,158.83,125.99,1,1,1.000000
1724157156502640200,72,568.90,430.94,254.77,120.73,1,1,1.000000
1724157156502640200,74,85.87,0.13,107.13,61.20,1,1,1.000000
1724157156502640200,77,0.33,235.36,55.59,79.28,1,1,1.000000
1724157156502640200,79,1035.11,212.92,245.34,179.05,1,1,1.000000
1724157156502640200,85,11.64,36.31,77.49,60.72,1,1,1.000000
1724157156502640200,103,97.04,206.44,87.16,68.06,1,1,1.000000
1724157156502640200,112,69.72,340.89,445.24,112.27,1,1,1.000000
1724157156502640200,114,74.74,69.81,103.62,74.06,1,1,1.000000
1724157156502640200,116,0.40,99.80,46.31,60.06,1,1,1.000000
1724157156502640200,118,0.38,551.33,40.15,47.56,1,1,1.000000
1724157156529224300,42,653.61,634.06,163.47,85.93,1,1,1.000000
1724157156529224300,48,218.39,188.93,58.14,80.77,1,1,1.000000
1724157156529224300,51,344.47,441.62,131.24,83.80,1,1,1.000000
1724157156529224300,54,537.69,321.74,279.61,112.83,1,1,1.000000
1724157156529224300,57,345.47,147.63,54.39,48.14,1,1,1.000000
1724157156529224300,61,920.39,614.74,238.36,104.78,1,1,1.000000
1724157156529224300,62,16.79,274.70,160.08,123.21,1,1,1.000000
1724157156529224300,65,806.06,584.20,189.63,135.73,1,1,1.000000
1724157156529224300,68,149.37,52.96,196.79,66.52,1,1,1.000000
1724157156529224300,69,102.77,595.48,151.71,124.77,1,1,1.000000
1724157156529224300,72,575.59,433.19,260.95,122.48,1,1,1.000000
1724157156529224300,74,90.44,0.14,108.66,56.29,1,1,1.000000
1724157156529224300,77,0.55,230.85,56.76,75.45,1,1,1.000000
1724157156529224300,79,1050.04,221.28,230.20,175.06,1,1,1.000000
1724157156529224300,85,16.65,36.65,74.38,58.42,1,1,1.000000
1724157156529224300,103,95.73,201.84,91.11,71.73,1,1,1.000000
1724157156529224300,112,106.62,341.38,422.61,112.30,1,1,1.000000
1724157156529224300,114,78.39,67.91,104.72,72.83,1,1,1.000000
1724157156529224300,116,0.40,99.18,49.14,55.24,1,1,1.000000
1724157156529224300,118,0.19,540.35,41.75,56.43,1,1,1.000000
1724157156574403600,42,666.72,636.07,157.13,83.89,1,1,1.000000
1724157156574403600,48,226.62,187.03,52.40,72.60,1,1,1.000000
1724157156574403600,51,348.86,439.02,134.56,83.85,1,1,1.000000
1724157156574403600,54,547.62,321.25,281.74,112.93,1,1,1.000000
1724157156574403600,57,346.83,147.16,55.02,47.54,1,1,1.000000
1724157156574403600,61,934.14,620.62,236.95,98.90,1,1,1.000000
1724157156574403600,62,14.77,271.25,166.21,123.11,1,1,1.000000
1724157156574403600,65,814.48,588.53,188.63,131.20,1,1,1.000000
1724157156574403600,68,155.03,52.79,196.92,64.80,1,1,1.000000
1724157156574403600,69,110.90,600.01,130.51,120.00,1,1,1.000000
1724157156574403600,72,581.15,440.85,268.62,119.76,1,1,1.000000
1724157156574403600,74,87.84,0.00,111.77,58.05,1,1,1.000000
1724157156574403600,77,0.25,226.61,59.16,77.20,1,1,1.000000
1724157156574403600,79,1061.74,225.22,218.45,169.99,1,1,1.000000
1724157156574403600,85,19.30,29.80,73.16,61.15,1,1,1.000000
1724157156574403600,103,99.49,198.55,89.96,69.95,1,1,1.000000
1724157156574403600,112,143.42,341.59,401.32,113.12,1,1,1.000000
1724157156574403600,114,80.38,66.43,103.24,71.41,1,1,1.000000
1724157156574403600,116,0.35,95.51,49.19,58.35,1,1,1.000000
1724157156574403600,118,0.08,537.91,43.73,58.02,1,1,1.000000
1724157156621104300,42,677.99,639.19,152.25,80.76,1,1,1.000000
1724157156621104300,48,227.52,183.23,53.28,79.57,1,1,1.000000
1724157156621104300,51,356.08,436.87,136.37,85.80,1,1,1.000000
1724157156621104300,54,562.11,320.30,279.94,113.24,1,1,1.000000
1724157156621104300,57,347.66,141.17,54.24,54.18,1,1,1.000000
1724157156621104300,61,949.50,625.50,198.17,94.08,1,1,1.000000
1724157156621104300,62,12.36,268.74,169.73,124.27,1,1,1.000000
1724157156621104300,65,821.72,596.01,180.45,123.68,1,1,1.000000
1724157156621104300,68,158.59,50.41,198.85,65.58,1,1,1.000000
1724157156621104300,69,103.05,607.40,127.27,112.85,1,1,1.000000
1724157156621104300,72,586.54,443.58,278.99,121.06,1,1,1.000000
1724157156621104300,74,88.89,0.00,117.99,58.59,1,1,1.000000
1724157156621104300,77,0.34,226.20,59.16,78.49,1,1,1.000000
1724157156621104300,79,1079.96,229.86,200.78,158.20,1,1,1.000000
1724157156621104300,85,19.96,26.88,77.10,64.18,1,1,1.000000
1724157156621104300,103,109.51,198.51,85.54,65.34,1,1,1.000000
1724157156621104300,112,166.13,346.27,396.07,110.79,1,1,1.000000
1724157156621104300,114,81.60,64.43,106.77,69.23,1,1,1.000000
1724157156621104300,116,0.35,88.46,50.81,64.20,1,1,1.000000
1724157156621104300,118,0.17,534.44,43.33,61.37,1,1,1.000000
1724157156621104300,119,6.59,361.55,170.57,69.53,1,1,1.000000
1724157156700962700,42,695.34,648.73,128.49,71.21,1,1,1.000000
1724157156700962700,48,235.00,179.72,47.44,69.93,1,1,1.000000
1724157156700962700,51,345.20,418.30,160.70,103.57,1,1,1.000000
1724157156700962700,54,579.67,322.06,287.38,111.61,1,1,1.000000
1724157156700962700,57,336.42,141.82,76.03,57.96,1,1,1.000000
1724157156700962700,61,983.98,637.32,151.76,82.59,1,1,1.000000
1724157156700962700,62,11.55,264.79,169.93,126.68,1,1,1.000000
1724157156700962700,65,837.35,609.96,155.79,109.44,1,1,1.000000
1724157156700962700,68,169.54,46.90,197.61,67.48,1,1,1.000000
1724157156700962700,69,117.57,613.60,90.80,106.47,1,1,1.000000
1724157156700962700,72,604.42,448.11,284.64,123.43,1,1,1.000000
1724157156700962700,74,90.78,0.00,123.01,59.02,1,1,1.000000
1724157156700962700,77,0.52,222.58,63.13,82.46,1,1,1.000000
1724157156700962700,79,1121.94,247.68,158.26,132.92,1,1,1.000000
1724157156700962700,85,23.37,29.33,80.54,56.78,1,1,1.000000
1724157156700962700,103,127.20,199.49,76.01,54.59,1,1,1.000000
1724157156700962700,112,212.19,340.36,384.24,120.72,1,1,1.000000
1724157156700962700,114,85.35,61.47,108.14,67.84,1,1,1.000000
1724157156700962700,116,0.31,91.15,57.53,60.18,1,1,1.000000
1724157156700962700,118,0.09,538.52,43.77,61.72,1,1,1.000000
1724157156700962700,119,11.23,360.90,192.52,69.09,1,1,1.000000
1724157156743029200,42,713.46,662.32,113.13,57.92,1,1,1.000000
1724157156743029200,48,234.17,173.89,52.65,74.10,1,1,1.000000
1724157156743029200,51,369.18,427.01,148.91,99.42,1,1,1.000000
1724157156743029200,54,601.76,322.72,284.49,111.64,1,1,1.000000
1724157156743029200,57,321.69,134.98,97.51,59.82,1,1,1.000000
1724157156743029200,61,1021.92,648.03,122.15,71.87,1,1,1.000000
1724157156743029200,62,14.64,263.21,167.86,126.31,1,1,1.000000
1724157156743029200,65,858.39,623.81,158.96,95.80,1,1,1.000000
1724157156743029200,68,182.06,48.62,193.66,61.73,1,1,1.000000
1724157156743029200,69,128.76,634.40,55.39,85.21,1,1,1.000000
1724157156743029200,72,626.90,448.42,295.01,128.69,1,1,1.000000
1724157156743029200,74,95.33,0.00,115.86,51.39,1,1,1.000000
1724157156743029200,77,0.73,222.73,68.37,92.42,1,1,1.000000
1724157156743029200,79,1166.14,266.19,114.41,102.95,1,1,1.000000
1724157156743029200,85,19.49,18.74,85.09,62.56,1,1,1.000000
1724157156743029200,103,130.10,196.17,86.03,64.21,1,1,1.000000
1724157156743029200,112,260.92,331.60,372.79,137.14,1,1,1.000000
1724157156743029200,114,85.93,59.96,115.26,65.57,1,1,1.000000
1724157156743029200,116,0.41,90.67,60.35,61.27,1,1,1.000000
1724157156743029200,118,0.00,535.32,44.04,69.78,1,1,1.000000
1724157156743029200,119,6.44,359.10,204.28,72.08,1,1,1.000000
1724157156820670000,42,736.95,673.17,94.65,47.03,1,1,1.000000
1724157156820670000,48,235.58,171.61,54.48,81.67,1,1,1.000000
1724157156820670000,51,374.49,432.39,155.21,97.61,1,1,1.000000
1724157156820670000,54,625.80,328.27,285.51,110.77,1,1,1.000000
1724157156820670000,57,314.25,129.72,111.05,65.35,1,1,1.000000
1724157156820670000,61,1065.39,666.29,70.38,53.81,1,1,1.000000
1724157156820670000,62,23.25,261.06,162.11,127.08,1,1,1.000000
1724157156820670000,65,875.54,634.45,152.93,85.48,1,1,1.000000
1724157156820670000,68,190.68,44.96,197.52,65.11,1,1,1.000000
1724157156820670000,72,652.50,443.96,301.44,139.30,1,1,1.000000
1724157156820670000,74,95.59,0.00,114.80,49.61,1,1,1.000000
1724157156820670000,77,0.86,223.74,68.01,85.83,1,1,1.000000
1724157156820670000,79,1203.14,283.87,76.51,67.82,1,1,1.000000
1724157156820670000,85,22.20,16.02,83.32,65.01,1,1,1.000000
1724157156820670000,103,132.34,197.93,96.62,65.60,1,1,1.000000
1724157156820670000,112,311.45,335.46,362.54,141.93,1,1,1.000000
1724157156820670000,114,90.06,58.93,102.88,68.07,1,1,1.000000
1724157156820670000,116,0.58,91.73,63.76,63.26,1,1,1.000000
1724157156820670000,118,0.13,539.45,47.07,74.68,1,1,1.000000
1724157156820670000,119,12.04,357.76,214.43,75.48,1,1,1.000000
1724157156894723600,42,750.52,677.90,86.07,42.21,1,1,1.000000
1724157156894723600,48,237.12,169.87,55.12,87.54,1,1,1.000000
1724157156894723600,51,375.29,433.37,160.77,100.02,1,1,1.000000
1724157156894723600,54,636.23,330.46,287.67,111.16,1,1,1.000000
1724157156894723600,57,312.02,126.12,115.31,69.96,1,1,1.000000
1724157156894723600,61,1086.41,675.59,61.07,44.45,1,1,1.000000
1724157156894723600,62,26.51,260.59,158.92,128.03,1,1,1.000000
1724157156894723600,65,887.57,642.14,132.51,77.45,1,1,1.000000
1724157156894723600,68,197.81,46.10,194.41,63.81,1,1,1.000000
1724157156894723600,72,668.32,446.01,302.89,138.90,1,1,1.000000
1724157156894723600,74,94.84,0.00,118.88,51.25,1,1,1.000000
1724157156894723600,77,0.59,222.57,70.42,86.76,1,1,1.000000
1724157156894723600,79,1223.75,292.84,56.07,66.34,1,1,1.000000
1724157156894723600,85,24.20,16.23,81.49,65.17,1,1,1.000000
1724157156894723600,103,131.30,197.31,103.44,64.22,1,1,1.000000
1724157156894723600,112,326.84,338.56,367.85,145.15,1,1,1.000000
1724157156894723600,114,90.08,59.61,114.85,67.13,1,1,1.000000
1724157156894723600,116,0.69,91.60,64.30,61.54,1,1,1.000000
1724157156894723600,118,0.06,538.68,47.10,78.83,1,1,1.000000
1724157156894723600,119,16.79,355.69,213.68,74.76,1,1,1.000000
1724157156939036800,42,783.82,684.47,73.78,35.63,1,1,1.000000
1724157156939036800,48,240.06,170.24,53.97,88.23,1,1,1.000000
1724157156939036800,51,377.18,438.52,171.79,103.53,1,1,1.000000
1724157156939036800,54,652.28,338.75,298.43,108.82,1,1,1.000000
1724157156939036800,57,303.90,125.37,130.61,67.90,1,1,1.000000
1724157156939036800,62,36.23,256.69,153.13,130.87,1,1,1.000000
1724157156939036800,65,911.87,650.01,123.94,69.56,1,1,1.000000
1724157156939036800,68,218.46,49.97,181.92,59.99,1,1,1.000000
1724157156939036800,72,710.49,452.13,297.16,134.48,1,1,1.000000
1724157156939036800,74,105.11,0.00,114.45,55.30,1,1,1.000000
1724157156939036800,77,0.80,223.24,72.32,93.05,1,1,1.000000
1724157156939036800,85,28.28,15.46,75.60,66.37,1,1,1.000000
1724157156939036800,103,130.73,195.83,118.67,68.41,1,1,1.000000
1724157156939036800,112,356.40,355.64,371.81,137.20,1,1,1.000000
1724157156939036800,114,81.05,61.22,126.83,68.69,1,1,1.000000
1724157156939036800,116,0.62,91.36,67.92,63.17,1,1,1.000000
1724157156939036800,118,0.24,537.92,53.59,91.85,1,1,1.000000
1724157156939036800,119,23.43,354.26,220.13,81.98,1,1,1.000000
1724157157015198100,42,813.25,686.37,63.93,33.78,1,1,1.000000
1724157157015198100,48,240.37,169.62,57.58,88.07,1,1,1.000000
1724157157015198100,51,385.43,450.53,175.80,97.87,1,1,1.000000
1724157157015198100,54,672.42,346.78,303.93,104.44,1,1,1.000000
1724157157015198100,57,302.40,118.21,141.65,73.89,1,1,1.000000
1724157157015198100,62,52.35,262.66,141.40,123.25,1,1,1.000000
1724157157015198100,65,934.47,659.01,111.46,60.56,1,1,1.000000
1724157157015198100,68,231.52,54.42,171.00,59.16,1,1,1.000000
1724157157015198100,72,733.49,449.82,310.57,141.11,1,1,1.000000
1724157157015198100,74,109.10,0.00,114.35,58.25,1,1,1.000000
1724157157015198100,77,1.40,216.00,74.88,107.81,1,1,1.000000
1724157157015198100,85,38.42,20.47,67.20,63.22,1,1,1.000000
1724157157015198100,103,128.19,194.64,127.37,73.97,1,1,1.000000
1724157157015198100,112,393.32,373.01,371.37,130.13,1,1,1.000000
1724157157015198100,114,81.21,61.52,128.04,71.22,1,1,1.000000
1724157157015198100,116,0.35,96.57,69.87,60.86,1,1,1.000000
1724157157015198100,118,0.31,531.88,59.66,104.36,1,1,1.000000
1724157157015198100,119,38.71,353.55,213.64,78.47,1,1,1.000000
1724157157063674700,42,824.80,688.65,62.34,31.37,1,1,1.000000
1724157157063674700,48,238.73,169.17,62.44,88.10,1,1,1.000000
1724157157063674700,51,389.81,450.05,177.95,103.20,1,1,1.000000
1724157157063674700,54,686.22,348.27,305.00,104.86,1,1,1.000000
1724157157063674700,57,297.99,118.40,148.34,73.90,1,1,1.000000
1724157157063674700,62,58.96,261.57,136.19,125.62,1,1,1.000000
1724157157063674700,65,948.19,664.59,109.95,55.26,1,1,1.000000
1724157157063674700,68,237.00,49.73,165.18,66.04,1,1,1.000000
1724157157063674700,72,778.59,479.31,282.33,114.37,1,1,1.000000
1724157157063674700,74,106.29,0.00,117.01,56.70,1,1,1.000000
1724157157063674700,77,3.57,216.60,71.48,104.78,1,1,1.000000
1724157157063674700,85,43.42,21.54,64.47,62.71,1,1,1.000000
1724157157063674700,103,120.73,193.42,140.43,75.45,1,1,1.000000
1724157157063674700,112,415.33,378.44,366.63,127.69,1,1,1.000000
1724157157063674700,114,82.45,62.26,131.13,74.51,1,1,1.000000
1724157157063674700,116,0.43,97.20,70.80,65.14,1,1,1.000000
1724157157063674700,118,0.48,535.21,59.01,105.59,1,1,1.000000
1724157157063674700,119,44.22,352.74,215.23,77.93,1,1,1.000000
1724157157092614700,42,838.85,692.60,57.30,27.41,1,1,1.000000
1724157157092614700,48,240.67,166.92,62.87,91.11,1,1,1.000000
1724157157092614700,51,398.90,453.74,176.50,104.17,1,1,1.000000
1724157157092614700,54,699.95,346.49,302.80,108.89,1,1,1.000000
1724157157092614700,57,292.15,120.18,158.81,74.05,1,1,1.000000
1724157157092614700,62,64.57,260.50,131.44,127.75,1,1,1.000000
1724157157092614700,65,959.11,666.57,106.95,53.51,1,1,1.000000
1724157157092614700,68,237.09,50.28,161.01,67.70,1,1,1.000000
1724157157092614700,72,787.47,492.68,293.74,102.82,1,1,1.000000
1724157157092614700,74,95.33,0.00,126.69,58.12,1,1,1.000000
1724157157092614700,77,12.62,216.98,60.64,106.01,1,1,1.000000
1724157157092614700,85,48.83,24.90,60.89,58.22,1,1,1.000000
1724157157092614700,103,119.35,194.31,150.38,75.39,1,1,1.000000
1724157157092614700,112,439.44,377.42,365.85,133.71,1,1,1.000000
1724157157092614700,114,82.02,63.56,130.54,76.28,1,1,1.000000
1724157157092614700,116,0.51,98.46,73.49,66.41,1,1,1.000000
1724157157092614700,118,0.43,538.59,59.91,104.47,1,1,1.000000
1724157157092614700,119,53.73,349.46,210.32,78.27,1,1,1.000000
1724157157135191200,42,854.85,695.91,41.30,24.27,1,1,1.000000
1724157157135191200,48,244.78,166.62,61.76,93.71,1,1,1.000000
1724157157135191200,51,408.30,454.25,172.76,106.76,1,1,1.000000
1724157157135191200,54,712.84,346.62,304.05,108.72,1,1,1.000000
1724157157135191200,57,283.74,119.82,166.14,76.29,1,1,1.000000
1724157157135191200,62,70.79,262.09,125.56,129.52,1,1,1.000000
1724157157135191200,65,975.08,671.69,109.02,48.37,1,1,1.000000
1724157157135191200,68,238.13,51.03,158.77,67.65,1,1,1.000000
1724157157135191200,72,782.90,499.53,319.14,100.79,1,1,1.000000
1724157157135191200,74,101.73,0.00,124.06,58.82,1,1,1.000000
1724157157135191200,77,17.23,218.89,57.05,104.15,1,1,1.000000
1724157157135191200,85,53.18,27.92,60.30,54.80,1,1,1.000000
1724157157135191200,103,115.00,195.09,153.82,74.65,1,1,1.000000
1724157157135191200,112,459.73,375.00,366.57,138.65,1,1,1.000000
1724157157135191200,114,79.67,65.64,133.97,77.46,1,1,1.000000
1724157157135191200,116,0.42,100.97,71.77,65.33,1,1,1.000000
1724157157135191200,118,0.18,539.86,62.68,107.60,1,1,1.000000
1724157157135191200,119,54.69,352.11,214.15,79.12,1,1,1.000000
1724157157135191200,121,0.35,227.53,37.18,53.70,1,1,1.000000
1724157157180731200,48,246.04,168.11,62.01,92.43,1,1,1.000000
1724157157180731200,51,419.86,458.26,169.71,107.73,1,1,1.000000
1724157157180731200,54,723.26,345.62,307.19,109.65,1,1,1.000000
1724157157180731200,57,273.70,118.61,179.80,77.96,1,1,1.000000
1724157157180731200,62,72.55,265.36,123.61,128.21,1,1,1.000000
1724157157180731200,65,988.77,674.26,91.15,45.88,1,1,1.000000
1724157157180731200,68,241.01,54.94,154.45,64.32,1,1,1.000000
1724157157180731200,72,777.26,501.57,344.20,102.68,1,1,1.000000
1724157157180731200,74,95.18,0.00,129.28,62.52,1,1,1.000000
1724157157180731200,77,20.43,219.91,56.28,103.50,1,1,1.000000
1724157157180731200,85,60.96,32.58,53.34,49.33,1,1,1.000000
1724157157180731200,103,113.43,196.73,157.30,76.50,1,1,1.000000
1724157157180731200,112,481.68,374.82,363.89,142.72,1,1,1.000000
1724157157180731200,114,78.67,68.30,134.62,77.70,1,1,1.000000
1724157157180731200,116,0.34,106.01,75.80,63.86,1,1,1.000000
1724157157180731200,118,0.54,545.48,64.96,104.67,1,1,1.000000
1724157157180731200,119,59.00,351.47,212.29,83.53,1,1,1.000000
1724157157180731200,121,0.38,231.32,35.86,52.78,1,1,1.000000
1724157157217733500,48,246.32,171.73,63.20,90.21,1,1,1.000000
1724157157217733500,51,428.00,456.33,164.93,113.09,1,1,1.000000
1724157157217733500,54,734.18,344.67,308.15,110.99,1,1,1.000000
1724157157217733500,57,265.66,118.30,190.17,79.20,1,1,1.000000
1724157157217733500,62,81.77,266.88,117.30,128.45,1,1,1.000000
1724157157217733500,65,998.55,674.70,90.07,45.40,1,1,1.000000
1724157157217733500,68,247.08,57.55,145.41,61.70,1,1,1.000000
1724157157217733500,72,784.16,504.07,358.04,104.97,1,1,1.000000
1724157157217733500,74,97.63,0.00,124.97,64.57,1,1,1.000000
1724157157217733500,77,25.08,222.11,54.98,90.58,1,1,1.000000
1724157157217733500,85,63.34,35.58,57.52,52.59,1,1,1.000000
1724157157217733500,103,115.03,198.88,159.61,74.87,1,1,1.000000
1724157157217733500,112,504.95,374.52,364.62,149.96,1,1,1.000000
1724157157217733500,114,77.78,69.63,136.51,77.53,1,1,1.000000
1724157157217733500,116,0.38,108.55,77.78,63.62,1,1,1.000000
1724157157217733500,118,0.60,543.56,68.90,110.01,1,1,1.000000
1724157157217733500,119,62.82,352.24,214.81,82.54,1,1,1.000000
1724157157217733500,121,0.48,232.82,35.63,54.62,1,1,1.000000
1724157157217733500,123,0.00,365.27,20.11,45.49,1,1,1.000000
1724157157257505400,48,247.47,174.56,63.22,91.48,1,1,1.000000
1724157157257505400,51,436.24,458.52,162.96,115.02,1,1,1.000000
1724157157257505400,54,745.26,347.11,311.88,108.89,1,1,1.000000
1724157157257505400,57,254.98,116.08,202.83,82.81,1,1,1.000000
1724157157257505400,62,86.15,268.84,115.04,128.25,1,1,1.000000
1724157157257505400,65,1011.08,682.96,77.55,37.03,1,1,1.000000
1724157157257505400,68,253.38,59.41,137.20,60.24,1,1,1.000000
1724157157257505400,72,797.01,507.04,367.76,105.15,1,1,1.000000
1724157157257505400,74,97.29,0.00,126.02,66.57,1,1,1.000000
1724157157257505400,77,28.39,221.82,60.47,93.32,1,1,1.000000
1724157157257505400,85,66.26,38.37,56.91,54.56,1,1,1.000000
1724157157257505400,103,118.75,201.40,157.28,72.29,1,1,1.000000
1724157157257505400,112,524.10,374.20,369.39,160.70,1,1,1.000000
1724157157257505400,114,78.97,71.73,134.93,77.61,1,1,1.000000
1724157157257505400,116,0.34,110.30,80.15,63.47,1,1,1.000000
1724157157257505400,118,2.08,550.06,67.89,107.62,1,1,1.000000
1724157157257505400,119,72.48,351.97,209.37,82.35,1,1,1.000000
1724157157257505400,121,0.41,233.94,33.70,54.06,1,1,1.000000
1724157157257505400,123,0.32,368.97,21.76,49.85,1,1,1.000000
1724157157289232300,48,248.05,175.82,65.13,92.87,1,1,1.000000
1724157157289232300,51,445.80,464.08,158.70,113.13,1,1,1.000000
1724157157289232300,54,758.35,349.59,308.90,108.03,1,1,1.000000
1724157157289232300,57,244.92,116.23,207.47,84.58,1,1,1.000000
1724157157289232300,62,92.02,270.26,110.76,127.53,1,1,1.000000
1724157157289232300,65,1019.90,687.70,69.07,32.56,1,1,1.000000
1724157157289232300,68,260.02,62.81,132.39,56.27,1,1,1.000000
1724157157289232300,72,814.51,506.06,375.25,110.28,1,1,1.000000
1724157157289232300,74,93.48,0.00,129.28,71.91,1,1,1.000000
1724157157289232300,77,29.78,223.60,61.45,93.33,1,1,1.000000
1724157157289232300,85,65.95,35.94,57.91,62.48,1,1,1.000000
1724157157289232300,103,117.09,204.91,162.82,69.66,1,1,1.000000
1724157157289232300,112,542.18,377.74,367.44,163.34,1,1,1.000000
1724157157289232300,114,78.49,73.94,135.02,76.76,1,1,1.000000
1724157157289232300,116,0.29,117.17,82.14,59.55,1,1,1.000000
1724157157289232300,118,0.86,549.32,70.17,113.99,1,1,1.000000
1724157157289232300,119,76.92,351.21,207.94,85.81,1,1,1.000000
1724157157289232300,121,0.15,238.92,35.88,54.42,1,1,1.000000
1724157157289232300,123,0.34,366.65,27.09,55.40,1,1,1.000000
1724157157333440800,48,250.85,175.05,65.16,94.95,1,1,1.000000
1724157157333440800,51,452.94,468.75,157.00,112.88,1,1,1.000000
1724157157333440800,54,772.20,351.07,308.88,107.88,1,1,1.000000
1724157157333440800,57,235.41,117.46,207.92,86.00,1,1,1.000000
1724157157333440800,62,98.93,271.34,104.94,129.73,1,1,1.000000
1724157157333440800,65,1026.93,692.56,76.46,27.79,1,1,1.000000
1724157157333440800,68,268.87,66.74,121.27,51.38,1,1,1.000000
1724157157333440800,72,911.53,504.22,298.71,112.78,1,1,1.000000
1724157157333440800,74,94.06,0.17,131.91,76.86,1,1,1.000000
1724157157333440800,77,31.15,223.00,62.25,95.09,1,1,1.000000
1724157157333440800,85,65.31,36.62,64.29,63.71,1,1,1.000000
1724157157333440800,103,111.41,206.44,170.23,70.31,1,1,1.000000
1724157157333440800,112,558.17,382.61,376.92,175.46,1,1,1.000000
1724157157333440800,114,79.60,77.89,132.57,77.70,1,1,1.000000
1724157157333440800,116,0.41,120.62,81.45,59.07,1,1,1.000000
1724157157333440800,118,0.63,550.56,74.15,118.40,1,1,1.000000
1724157157333440800,119,80.13,353.00,207.65,87.16,1,1,1.000000
1724157157333440800,121,0.45,243.00,35.03,56.20,1,1,1.000000
1724157157333440800,123,0.19,370.45,30.48,55.61,1,1,1.000000
1724157157381997800,48,250.63,177.11,66.32,94.16,1,1,1.000000
1724157157381997800,51,460.78,469.03,155.58,120.38,1,1,1.000000
1724157157381997800,54,784.56,354.88,316.10,104.81,1,1,1.000000
1724157157381997800,57,225.22,121.35,211.42,82.94,1,1,1.000000
1724157157381997800,62,104.04,274.41,101.12,126.83,1,1,1.000000
1724157157381997800,65,1051.62,693.76,69.82,26.30,1,1,1.000000
1724157157381997800,68,275.72,69.26,120.57,51.95,1,1,1.000000
1724157157381997800,72,933.27,504.66,296.89,114.32,1,1,1.000000
1724157157381997800,74,91.70,0.33,136.05,78.60,1,1,1.000000
1724157157381997800,77,31.46,225.12,67.75,93.87,1,1,1.000000
1724157157381997800,85,65.77,47.65,62.69,54.59,1,1,1.000000
1724157157381997800,103,106.95,210.40,176.42,66.49,1,1,1.000000
1724157157381997800,112,574.97,387.19,384.27,162.94,1,1,1.000000
1724157157381997800,114,79.64,81.46,134.62,77.61,1,1,1.000000
1724157157381997800,116,0.41,123.94,81.47,61.56,1,1,1.000000
1724157157381997800,118,1.06,551.84,74.58,125.07,1,1,1.000000
1724157157381997800,119,86.96,357.62,197.87,83.17,1,1,1.000000
1724157157381997800,121,0.37,248.61,36.71,53.29,1,1,1.000000
1724157157381997800,123,0.33,373.69,35.05,55.11,1,1,1.000000
1724157157412982000,48,251.33,178.24,65.68,93.52,1,1,1.000000
1724157157412982000,51,465.70,469.34,156.51,125.64,1,1,1.000000
1724157157412982000,54,796.20,355.90,317.52,106.18,1,1,1.000000
1724157157412982000,57,213.80,120.40,214.50,85.08,1,1,1.000000
1724157157412982000,62,113.06,278.12,94.97,116.05,1,1,1.000000
1724157157412982000,68,282.35,71.88,112.69,53.79,1,1,1.000000
1724157157412982000,72,948.74,505.90,303.81,114.78,1,1,1.000000
1724157157412982000,74,86.74,0.51,134.92,78.17,1,1,1.000000
1724157157412982000,77,32.35,229.02,70.44,91.64,1,1,1.000000
1724157157412982000,85,63.61,49.10,63.18,59.15,1,1,1.000000
1724157157412982000,103,109.79,214.91,176.93,64.04,1,1,1.000000
1724157157412982000,112,587.67,396.09,389.98,155.32,1,1,1.000000
1724157157412982000,114,79.16,83.99,134.89,76.58,1,1,1.000000
1724157157412982000,116,0.52,128.19,82.62,58.73,1,1,1.000000
1724157157412982000,118,7.68,555.40,71.68,134.85,1,1,1.000000
1724157157412982000,119,96.23,360.51,195.30,85.11,1,1,1.000000
1724157157412982000,121,0.32,251.63,35.35,56.63,1,1,1.000000
1724157157412982000,123,0.73,377.89,37.32,50.87,1,1,1.000000
1724157157457736500,48,250.32,182.69,64.83,88.69,1,1,1.000000
1724157157457736500,51,481.10,474.16,145.28,132.01,1,1,1.000000
1724157157457736500,54,814.23,361.76,334.40,101.91,1,1,1.000000
1724157157457736500,57,195.92,126.10,222.31,79.62,1,1,1.000000
1724157157457736500,62,124.70,283.12,86.15,119.08,1,1,1.000000
1724157157457736500,68,298.58,80.82,96.56,53.06,1,1,1.000000
1724157157457736500,72,998.56,509.81,281.22,112.54,1,1,1.000000
1724157157457736500,74,90.85,0.97,131.56,90.29,1,1,1.000000
1724157157457736500,77,32.26,234.02,73.88,88.42,1,1,1.000000
1724157157457736500,85,63.51,57.14,63.32,59.93,1,1,1.000000
1724157157457736500,103,97.12,222.54,194.68,62.26,1,1,1.000000
1724157157457736500,112,615.99,411.07,421.16,154.75,1,1,1.000000
1724157157457736500,114,81.21,92.25,130.83,72.98,1,1,1.000000
1724157157457736500,116,0.71,136.81,82.41,61.29,1,1,1.000000
1724157157457736500,118,4.54,566.02,79.90,151.40,1,1,1.000000
1724157157457736500,119,108.80,362.11,195.22,87.89,1,1,1.000000
1724157157457736500,121,0.44,256.68,34.56,59.17,1,1,1.000000
1724157157457736500,123,0.56,384.00,41.14,61.79,1,1,1.000000
1724157157500926300,48,247.49,187.56,66.87,85.20,1,1,1.000000
1724157157500926300,51,486.97,476.14,142.67,134.75,1,1,1.000000
1724157157500926300,54,824.60,364.29,338.99,103.10,1,1,1.000000
1724157157500926300,57,183.19,125.75,239.80,81.90,1,1,1.000000
1724157157500926300,62,130.25,285.89,81.34,118.62,1,1,1.000000
1724157157500926300,68,310.32,82.62,87.88,52.59,1,1,1.000000
1724157157500926300,72,1024.53,510.22,255.59,114.34,1,1,1.000000
1724157157500926300,74,89.83,2.35,128.69,92.15,1,1,1.000000
1724157157500926300,77,28.79,232.49,82.57,89.71,1,1,1.000000
1724157157500926300,85,61.51,61.92,64.07,58.55,1,1,1.000000
1724157157500926300,103,98.90,225.95,196.55,58.23,1,1,1.000000
1724157157500926300,112,631.93,419.47,424.98,149.71,1,1,1.000000
1724157157500926300,114,83.04,95.80,129.50,69.59,1,1,1.000000
1724157157500926300,116,0.55,140.73,82.92,63.91,1,1,1.000000
1724157157500926300,118,1.39,577.06,82.05,142.38,1,1,1.000000
1724157157500926300,119,110.47,362.68,197.37,88.86,1,1,1.000000
1724157157500926300,123,0.33,384.80,44.93,63.72,1,1,1.000000
1724157157530160800,48,245.82,189.76,66.05,88.49,1,1,1.000000
1724157157530160800,51,494.41,477.97,139.01,138.00,1,1,1.000000
1724157157530160800,54,838.52,369.85,344.22,97.85,1,1,1.000000
1724157157530160800,57,172.01,124.66,253.61,84.37,1,1,1.000000
1724157157530160800,62,134.50,288.53,77.38,117.05,1,1,1.000000
1724157157530160800,68,314.15,85.24,80.08,53.37,1,1,1.000000
1724157157530160800,72,1044.23,515.39,236.25,109.95,1,1,1.000000
1724157157530160800,74,91.89,4.86,129.52,92.02,1,1,1.000000
1724157157530160800,77,28.42,232.39,87.62,91.85,1,1,1.000000
1724157157530160800,85,61.10,63.12,63.28,60.71,1,1,1.000000
1724157157530160800,103,99.90,228.35,198.89,59.74,1,1,1.000000
1724157157530160800,112,652.81,427.02,425.49,147.85,1,1,1.000000
1724157157530160800,114,81.68,99.06,129.35,70.25,1,1,1.000000
1724157157530160800,116,0.60,143.53,82.63,67.16,1,1,1.000000
1724157157530160800,118,0.31,592.43,87.18,127.56,1,1,1.000000
1724157157530160800,119,112.21,361.87,204.96,90.84,1,1,1.000000
1724157157530160800,123,0.32,387.19,50.17,65.51,1,1,1.000000
1724157157620448500,48,242.54,193.75,67.97,85.76,1,1,1.000000
1724157157620448500,51,507.09,485.86,131.04,142.17,1,1,1.000000
1724157157620448500,54,866.83,377.37,345.45,99.47,1,1,1.000000
1724157157620448500,57,153.48,128.23,271.70,86.54,1,1,1.000000
1724157157620448500,62,141.96,291.95,71.25,113.71,1,1,1.000000
1724157157620448500,68,337.59,86.83,51.73,53.37,1,1,1.000000
1724157157620448500,72,1100.11,520.30,180.30,110.06,1,1,1.000000
1724157157620448500,74,99.19,17.23,117.25,73.95,1,1,1.000000
1724157157620448500,77,28.13,234.74,83.34,94.50,1,1,1.000000
1724157157620448500,85,56.26,68.49,65.23,58.21,1,1,1.000000
1724157157620448500,103,86.69,230.77,205.70,64.16,1,1,1.000000
1724157157620448500,112,689.83,428.79,441.25,158.31,1,1,1.000000
1724157157620448500,114,83.98,104.34,129.55,69.89,1,1,1.000000
1724157157620448500,116,0.54,148.62,85.07,65.74,1,1,1.000000
1724157157620448500,118,0.23,599.49,93.96,120.05,1,1,1.000000
1724157157620448500,119,122.50,363.11,194.05,100.37,1,1,1.000000
1724157157620448500,121,0.47,270.03,31.99,54.56,1,1,1.000000
1724157157620448500,123,0.50,389.40,53.86,68.47,1,1,1.000000
1724157157651434800,48,239.96,195.50,68.27,82.34,1,1,1.000000
1724157157651434800,51,510.27,492.10,129.71,141.47,1,1,1.000000
1724157157651434800,54,878.79,377.92,350.20,100.98,1,1,1.000000
1724157157651434800,57,139.69,127.32,282.35,86.86,1,1,1.000000
1724157157651434800,62,142.36,294.73,69.98,115.09,1,1,1.000000
1724157157651434800,68,342.35,84.68,45.95,60.03,1,1,1.000000
1724157157651434800,72,1121.65,524.29,158.58,108.27,1,1,1.000000
1724157157651434800,74,103.63,22.07,110.13,70.89,1,1,1.000000
1724157157651434800,77,29.19,234.69,81.33,95.84,1,1,1.000000
1724157157651434800,85,53.90,69.35,67.31,59.13,1,1,1.000000
1724157157651434800,103,79.48,232.21,217.50,72.02,1,1,1.000000
1724157157651434800,112,709.71,428.45,447.62,166.19,1,1,1.000000
1724157157651434800,114,87.45,106.77,122.96,64.40,1,1,1.000000
1724157157651434800,116,0.55,151.21,85.72,65.88,1,1,1.000000
1724157157651434800,118,0.10,601.61,97.47,118.08,1,1,1.000000
1724157157651434800,119,122.14,360.35,199.44,105.36,1,1,1.000000
1724157157651434800,121,0.21,270.02,31.36,56.55,1,1,1.000000
1724157157651434800,123,0.49,389.05,55.78,70.45,1,1,1.000000
1724157157651434800,124,94.00,0.23,160.37,22.02,1,1,1.000000
1724157157697589100,48,236.43,197.81,70.08,81.67,1,1,1.000000
1724157157697589100,51,512.76,496.86,128.25,141.58,1,1,1.000000
1724157157697589100,54,890.52,380.24,352.06,102.07,1,1,1.000000
1724157157697589100,57,135.51,126.41,283.87,88.95,1,1,1.000000
1724157157697589100,62,141.09,295.53,71.75,111.87,1,1,1.000000
1724157157697589100,68,348.17,81.27,40.35,64.86,1,1,1.000000
1724157157697589100,72,1139.99,528.54,140.31,102.68,1,1,1.000000
1724157157697589100,74,108.11,24.89,108.43,74.76,1,1,1.000000
1724157157697589100,77,28.44,238.25,82.97,93.89,1,1,1.000000
1724157157697589100,85,48.86,70.43,70.53,58.41,1,1,1.000000
1724157157697589100,103,82.97,232.28,218.00,72.93,1,1,1.000000
1724157157697589100,112,724.78,429.98,453.76,167.94,1,1,1.000000
1724157157697589100,114,88.99,107.62,121.87,69.72,1,1,1.000000
1724157157697589100,116,0.58,150.81,84.75,65.98,1,1,1.000000
1724157157697589100,118,0.18,601.70,101.28,118.02,1,1,1.000000
1724157157697589100,119,120.81,360.74,200.34,109.71,1,1,1.000000
1724157157697589100,121,0.00,269.69,30.16,58.53,1,1,1.000000
1724157157697589100,123,0.57,391.68,56.64,72.61,1,1,1.000000
1724157157697589100,124,64.14,0.00,180.95,24.34,1,1,1.000000
1724157157727066100,48,236.17,198.14,68.39,65.12,1,1,1.000000
1724157157727066100,51,515.74,499.90,126.49,144.51,1,1,1.000000
1724157157727066100,54,905.34,382.94,352.06,103.27,1,1,1.000000
1724157157727066100,57,120.71,127.81,293.65,86.25,1,1,1.000000
1724157157727066100,62,141.92,296.67,71.34,108.40,1,1,1.000000
1724157157727066100,68,348.90,79.68,40.92,67.90,1,1,1.000000
1724157157727066100,72,1153.32,534.64,126.30,94.72,1,1,1.000000
1724157157727066100,74,111.38,29.12,104.84,73.92,1,1,1.000000
1724157157727066100,77,26.15,239.34,89.94,94.97,1,1,1.000000
1724157157727066100,85,50.89,72.06,70.15,56.55,1,1,1.000000
1724157157727066100,103,92.70,232.39,213.80,71.43,1,1,1.000000
1724157157727066100,112,745.43,434.92,462.64,172.01,1,1,1.000000
1724157157727066100,114,91.50,111.14,118.34,64.85,1,1,1.000000
1724157157727066100,116,0.72,150.94,84.45,68.04,1,1,1.000000
1724157157727066100,118,0.27,603.60,101.72,116.32,1,1,1.000000
1724157157727066100,119,122.23,362.13,199.45,107.40,1,1,1.000000
1724157157727066100,121,0.13,267.01,28.86,62.50,1,1,1.000000
1724157157727066100,123,0.56,392.78,56.74,70.88,1,1,1.000000
1724157157727066100,124,66.34,0.06,168.52,30.03,1,1,1.000000
1724157157774649100,48,236.26,196.96,72.78,51.38,1,1,1.000000
1724157157774649100,51,519.99,502.07,123.96,148.55,1,1,1.000000
1724157157774649100,54,918.28,384.76,355.30,105.80,1,1,1.000000
1724157157774649100,57,98.17,130.15,309.77,81.63,1,1,1.000000
1724157157774649100,62,140.79,298.67,71.72,103.80,1,1,1.000000
1724157157774649100,68,348.16,77.70,42.89,67.98,1,1,1.000000
1724157157774649100,72,1164.32,539.57,115.33,89.41,1,1,1.000000
1724157157774649100,74,113.38,32.46,104.37,69.62,1,1,1.000000
1724157157774649100,77,22.13,239.47,87.77,97.29,1,1,1.000000
1724157157774649100,85,47.80,72.05,68.25,58.13,1,1,1.000000
1724157157774649100,103,99.04,233.25,212.61,70.13,1,1,1.000000
1724157157774649100,112,759.29,437.39,480.34,182.47,1,1,1.000000
1724157157774649100,114,95.64,112.83,111.62,66.91,1,1,1.000000
1724157157774649100,116,1.00,151.20,81.04,72.41,1,1,1.000000
1724157157774649100,118,0.00,604.81,100.87,115.27,1,1,1.000000
1724157157774649100,119,143.54,361.77,181.82,92.86,1,1,1.000000
1724157157774649100,121,0.00,268.06,23.61,62.66,1,1,1.000000
1724157157774649100,123,0.60,391.68,57.12,73.76,1,1,1.000000
1724157157774649100,124,94.94,0.18,130.39,33.18,1,1,1.000000
1724157157817852400,48,230.78,196.70,77.57,55.79,1,1,1.000000
1724157157817852400,51,530.01,506.93,115.23,155.50,1,1,1.000000
1724157157817852400,54,937.35,385.84,341.66,111.59,1,1,1.000000
1724157157817852400,57,65.44,127.83,317.76,84.82,1,1,1.000000
1724157157817852400,62,135.15,299.45,76.85,108.73,1,1,1.000000
1724157157817852400,68,347.58,84.16,46.80,59.60,1,1,1.000000
1724157157817852400,74,123.19,38.92,93.93,61.85,1,1,1.000000
1724157157817852400,77,15.94,241.91,107.18,97.96,1,1,1.000000
1724157157817852400,85,45.02,71.41,77.62,58.99,1,1,1.000000
1724157157817852400,103,110.06,241.18,204.38,63.91,1,1,1.000000
1724157157817852400,112,793.42,445.99,484.67,189.03,1,1,1.000000
1724157157817852400,114,102.46,113.95,99.82,40.85,1,1,1.000000
1724157157817852400,116,0.73,152.72,80.58,66.99,1,1,1.000000
1724157157817852400,118,0.00,604.11,98.65,115.94,1,1,1.000000
1724157157817852400,119,148.64,363.35,181.77,97.54,1,1,1.000000
1724157157817852400,121,0.00,267.68,21.78,65.20,1,1,1.000000
1724157157817852400,123,0.35,393.91,55.83,75.61,1,1,1.000000
1724157157817852400,124,145.84,0.29,78.06,37.58,1,1,1.000000
1724157157893756700,51,543.04,509.99,104.30,167.42,1,1,1.000000
1724157157893756700,54,953.02,383.65,325.93,122.62,1,1,1.000000
1724157157893756700,57,20.80,124.08,334.62,101.43,1,1,1.000000
1724157157893756700,62,128.13,298.20,82.69,113.86,1,1,1.000000
1724157157893756700,68,347.34,83.97,49.05,62.88,1,1,1.000000
1724157157893756700,74,128.47,45.96,85.35,56.02,1,1,1.000000
1724157157893756700,77,8.08,241.16,110.10,101.19,1,1,1.000000
1724157157893756700,85,45.92,74.79,74.39,54.83,1,1,1.000000
1724157157893756700,103,129.38,244.94,189.37,62.73,1,1,1.000000
1724157157893756700,112,823.79,457.13,455.52,198.06,1,1,1.000000
1724157157893756700,116,2.69,154.36,65.63,63.82,1,1,1.000000
1724157157893756700,118,0.10,606.82,99.10,112.99,1,1,1.000000
1724157157893756700,119,168.95,363.89,163.48,96.80,1,1,1.000000
1724157157893756700,123,0.55,394.14,55.53,74.31,1,1,1.000000
1724157157893756700,124,121.73,0.08,108.65,41.86,1,1,1.000000
1724157157942922700,51,547.94,513.33,100.20,170.99,1,1,1.000000
1724157157942922700,54,960.79,388.35,318.99,119.83,1,1,1.000000
1724157157942922700,57,12.54,125.94,329.24,100.32,1,1,1.000000
1724157157942922700,62,126.23,298.94,82.53,112.70,1,1,1.000000
1724157157942922700,68,345.84,83.62,51.49,63.46,1,1,1.000000
1724157157942922700,74,132.00,48.22,80.95,56.05,1,1,1.000000
1724157157942922700,77,8.16,239.85,108.68,101.89,1,1,1.000000
1724157157942922700,85,43.71,74.49,73.88,55.26,1,1,1.000000
1724157157942922700,103,134.34,246.38,185.62,61.96,1,1,1.000000
1724157157942922700,112,839.20,463.72,439.94,200.37,1,1,1.000000
1724157157942922700,118,0.19,610.89,98.77,109.29,1,1,1.000000
1724157157942922700,119,175.59,363.49,159.51,96.00,1,1,1.000000
1724157157942922700,123,0.78,393.78,54.87,72.73,1,1,1.000000
1724157157942922700,124,109.69,0.00,122.48,42.94,1,1,1.000000
1724157158017703700,48,228.95,191.60,81.27,52.36,1,1,1.000000
1724157158017703700,51,559.59,518.89,88.87,178.75,1,1,1.000000
1724157158017703700,54,981.18,396.63,298.52,124.38,1,1,1.000000
1724157158017703700,57,0.99,118.09,316.26,109.58,1,1,1.000000
1724157158017703700,62,121.83,298.34,78.80,112.11,1,1,1.000000
1724157158017703700,68,345.92,83.81,51.25,62.72,1,1,1.000000
1724157158017703700,74,137.42,49.91,72.24,53.75,1,1,1.000000
1724157158017703700,77,1.84,235.46,110.78,108.62,1,1,1.000000
1724157158017703700,85,40.53,72.72,76.08,58.44,1,1,1.000000
1724157158017703700,103,134.10,246.03,188.58,66.86,1,1,1.000000
1724157158017703700,112,874.60,477.73,405.26,198.24,1,1,1.000000
1724157158017703700,118,0.16,607.18,102.17,113.04,1,1,1.000000
1724157158017703700,119,190.66,360.17,148.73,76.21,1,1,1.000000
1724157158017703700,123,0.38,397.38,49.98,67.68,1,1,1.000000
1724157158017703700,124,96.66,0.00,134.05,41.44,1,1,1.000000
1724157158093328800,48,220.06,194.91,82.85,51.76,1,1,1.000000
1724157158093328800,51,577.11,552.44,71.11,164.52,1,1,1.000000
1724157158093328800,54,1005.92,399.60,273.90,133.55,1,1,1.000000
1724157158093328800,57,0.81,123.62,298.14,100.09,1,1,1.000000
1724157158093328800,62,116.82,296.82,82.74,119.68,1,1,1.000000
1724157158093328800,68,341.71,85.78,50.89,58.34,1,1,1.000000
1724157158093328800,74,142.93,46.89,66.80,60.03,1,1,1.000000
1724157158093328800,77,1.38,231.66,111.03,110.46,1,1,1.000000
1724157158093328800,85,34.23,68.79,77.32,61.44,1,1,1.000000
1724157158093328800,103,128.46,246.74,196.65,64.84,1,1,1.000000
1724157158093328800,112,916.63,485.86,363.23,207.68,1,1,1.000000
1724157158093328800,118,0.06,610.50,105.22,109.90,1,1,1.000000
1724157158093328800,119,192.19,358.98,148.91,65.75,1,1,1.000000
1724157158093328800,123,0.55,396.15,51.35,63.28,1,1,1.000000
1724157158093328800,124,93.59,0.00,153.01,44.42,1,1,1.000000
1724157158140408800,48,216.41,190.83,89.07,55.72,1,1,1.000000
1724157158140408800,51,569.63,558.96,76.92,161.11,1,1,1.000000
1724157158140408800,54,1016.57,406.40,263.41,131.18,1,1,1.000000
1724157158140408800,57,0.63,122.00,294.53,99.78,1,1,1.000000
1724157158140408800,62,116.71,296.22,79.47,121.51,1,1,1.000000
1724157158140408800,68,337.11,82.60,57.75,62.12,1,1,1.000000
1724157158140408800,74,146.62,45.05,63.93,62.83,1,1,1.000000
1724157158140408800,77,1.19,229.60,111.11,112.45,1,1,1.000000
1724157158140408800,85,33.09,66.91,77.54,63.89,1,1,1.000000
1724157158140408800,103,126.79,247.50,200.80,66.55,1,1,1.000000
1724157158140408800,112,935.39,489.53,344.14,205.35,1,1,1.000000
1724157158140408800,118,0.15,612.35,104.03,107.77,1,1,1.000000
1724157158140408800,119,191.37,355.05,150.73,65.82,1,1,1.000000
1724157158140408800,123,0.72,394.78,50.43,61.67,1,1,1.000000
1724157158140408800,124,85.58,0.00,158.50,40.36,1,1,1.000000
1724157158168814300,48,213.19,181.96,93.09,65.11,1,1,1.000000
1724157158168814300,51,569.01,562.00,76.88,158.02,1,1,1.000000
1724157158168814300,54,1029.07,414.48,251.03,126.36,1,1,1.000000
1724157158168814300,57,0.00,122.14,285.05,102.60,1,1,1.000000
1724157158168814300,62,114.85,295.83,81.10,123.16,1,1,1.000000
1724157158168814300,68,333.30,82.78,64.25,63.80,1,1,1.000000
1724157158168814300,74,151.01,45.48,63.17,67.00,1,1,1.000000
1724157158168814300,77,1.13,228.65,109.94,109.41,1,1,1.000000
1724157158168814300,85,32.19,68.04,78.30,61.33,1,1,1.000000
1724157158168814300,103,119.98,248.02,210.00,68.10,1,1,1.000000
1724157158168814300,112,952.90,492.10,327.33,206.22,1,1,1.000000
1724157158168814300,118,0.05,624.73,101.73,95.02,1,1,1.000000
1724157158168814300,119,186.52,355.21,156.53,63.72,1,1,1.000000
1724157158168814300,123,0.52,394.42,50.32,61.65,1,1,1.000000
1724157158168814300,124,78.95,0.01,165.44,38.00,1,1,1.000000
1724157158213841000,48,210.59,184.37,93.35,64.38,1,1,1.000000
1724157158213841000,51,561.51,560.53,84.72,159.61,1,1,1.000000
1724157158213841000,54,1045.36,424.75,234.77,117.77,1,1,1.000000
1724157158213841000,57,0.35,128.20,288.03,91.48,1,1,1.000000
1724157158213841000,62,114.45,295.97,78.68,121.84,1,1,1.000000
1724157158213841000,68,329.16,87.38,68.57,61.08,1,1,1.000000
1724157158213841000,74,155.35,48.18,57.43,68.64,1,1,1.000000
1724157158213841000,77,0.81,228.69,108.86,110.21,1,1,1.000000
1724157158213841000,85,33.31,67.12,78.17,60.58,1,1,1.000000
1724157158213841000,103,116.49,248.68,217.37,70.26,1,1,1.000000
1724157158213841000,112,970.27,495.59,309.35,205.34,1,1,1.000000
1724157158213841000,118,0.00,614.62,104.45,105.28,1,1,1.000000
1724157158213841000,119,186.70,355.40,159.28,60.07,1,1,1.000000
1724157158213841000,123,0.34,393.73,48.97,61.92,1,1,1.000000
1724157158213841000,124,66.85,0.00,175.56,36.26,1,1,1.000000
1724157158262375900,48,205.98,180.13,96.57,71.01,1,1,1.000000
1724157158262375900,51,549.26,563.55,101.30,156.35,1,1,1.000000
1724157158262375900,54,1061.21,435.96,218.84,108.07,1,1,1.000000
1724157158262375900,57,0.31,126.36,270.94,91.71,1,1,1.000000
1724157158262375900,62,115.15,294.96,77.33,120.54,1,1,1.000000
1724157158262375900,68,321.18,87.60,82.90,69.98,1,1,1.000000
1724157158262375900,74,131.98,54.29,78.47,83.41,1,1,1.000000
1724157158262375900,77,0.75,229.11,109.49,104.22,1,1,1.000000
1724157158262375900,85,34.50,66.61,73.12,58.98,1,1,1.000000
1724157158262375900,103,111.65,250.99,224.83,70.07,1,1,1.000000
1724157158262375900,112,988.65,499.14,291.22,203.94,1,1,1.000000
1724157158262375900,118,0.08,613.58,106.68,106.06,1,1,1.000000
1724157158262375900,119,187.96,355.84,157.69,55.81,1,1,1.000000
1724157158262375900,123,0.17,394.78,49.52,61.15,1,1,1.000000
1724157158262375900,124,58.93,0.00,183.80,36.57,1,1,1.000000
1724157158290618300,48,205.80,178.15,98.01,74.33,1,1,1.000000
1724157158290618300,51,544.46,564.03,107.89,156.39,1,1,1.000000
1724157158290618300,54,1078.91,442.14,200.98,104.12,1,1,1.000000
1724157158290618300,57,0.26,127.43,269.65,89.35,1,1,1.000000
1724157158290618300,62,113.93,295.31,76.36,119.62,1,1,1.000000
1724157158290618300,68,311.64,88.56,93.24,63.40,1,1,1.000000
1724157158290618300,74,160.33,54.65,50.22,80.33,1,1,1.000000
1724157158290618300,77,1.22,228.02,109.91,105.23,1,1,1.000000
1724157158290618300,85,34.68,67.59,70.74,57.52,1,1,1.000000
1724157158290618300,103,110.54,250.36,225.53,71.97,1,1,1.000000
1724157158290618300,112,1006.98,507.83,273.39,197.94,1,1,1.000000
1724157158290618300,118,0.03,608.15,111.65,111.58,1,1,1.000000
1724157158290618300,119,187.74,355.06,160.36,55.80,1,1,1.000000
1724157158290618300,123,0.16,396.33,47.49,58.44,1,1,1.000000
1724157158290618300,124,47.54,0.00,193.17,36.67,1,1,1.000000
1724157158339050700,48,203.97,178.93,98.12,73.99,1,1,1.000000
1724157158339050700,51,541.32,565.98,111.39,154.29,1,1,1.000000
1724157158339050700,54,1096.44,442.50,183.37,108.70,1,1,1.000000
1724157158339050700,57,0.17,127.18,263.49,88.61,1,1,1.000000
1724157158339050700,62,112.41,296.61,77.84,118.08,1,1,1.000000
1724157158339050700,68,301.40,87.84,120.19,69.12,1,1,1.000000
1724157158339050700,74,159.77,52.28,52.38,70.46,1,1,1.000000
1724157158339050700,77,1.25,228.21,110.92,101.11,1,1,1.000000
1724157158339050700,85,35.38,68.26,69.66,56.32,1,1,1.000000
1724157158339050700,103,108.47,251.33,230.37,69.95,1,1,1.000000
1724157158339050700,112,1031.78,512.90,248.72,191.42,1,1,1.000000
1724157158339050700,118,0.22,610.04,111.94,109.72,1,1,1.000000
1724157158339050700,119,187.26,356.30,164.32,54.76,1,1,1.000000
1724157158339050700,123,0.10,396.73,48.40,57.97,1,1,1.000000
1724157158339050700,124,39.56,0.00,207.04,37.30,1,1,1.000000
1724157158367569700,48,203.33,178.95,96.59,71.93,1,1,1.000000
1724157158367569700,51,537.59,570.29,115.43,149.78,1,1,1.000000
1724157158367569700,54,1106.89,440.74,172.90,116.89,1,1,1.000000
1724157158367569700,57,0.77,127.40,253.94,91.11,1,1,1.000000
1724157158367569700,62,111.31,297.55,78.90,118.01,1,1,1.000000
1724157158367569700,68,295.41,89.56,113.01,64.69,1,1,1.000000
1724157158367569700,74,151.67,52.21,62.37,68.76,1,1,1.000000
1724157158367569700,77,1.02,227.40,111.62,107.76,1,1,1.000000
1724157158367569700,85,35.14,68.02,65.88,59.20,1,1,1.000000
1724157158367569700,103,106.73,252.92,234.02,70.00,1,1,1.000000
1724157158367569700,112,1053.59,520.42,226.91,177.61,1,1,1.000000
1724157158367569700,118,0.33,616.19,104.82,102.95,1,1,1.000000
1724157158367569700,119,192.19,357.10,160.94,53.24,1,1,1.000000
1724157158367569700,123,0.08,396.45,51.67,57.15,1,1,1.000000
1724157158367569700,124,30.95,0.03,211.65,36.19,1,1,1.000000
1724157158415545100,48,203.41,179.13,97.03,70.43,1,1,1.000000
1724157158415545100,51,533.29,569.87,119.72,150.36,1,1,1.000000
1724157158415545100,54,1114.99,438.85,164.98,122.86,1,1,1.000000
1724157158415545100,57,0.77,127.88,243.19,95.24,1,1,1.000000
1724157158415545100,62,111.64,299.04,77.69,118.94,1,1,1.000000
1724157158415545100,68,290.42,90.88,114.11,62.90,1,1,1.000000
1724157158415545100,74,145.60,52.17,72.54,65.38,1,1,1.000000
1724157158415545100,77,1.22,227.20,111.51,103.28,1,1,1.000000
1724157158415545100,85,34.94,68.83,64.39,58.40,1,1,1.000000
1724157158415545100,103,105.84,254.65,237.44,69.17,1,1,1.000000
1724157158415545100,112,1070.16,535.73,210.51,160.00,1,1,1.000000
1724157158415545100,114,104.17,110.46,94.98,50.81,1,1,1.000000
1724157158415545100,118,0.12,621.31,99.28,97.60,1,1,1.000000
1724157158415545100,119,189.53,358.48,167.77,52.10,1,1,1.000000
1724157158415545100,123,0.15,396.98,54.74,56.93,1,1,1.000000
1724157158415545100,124,27.14,0.12,204.17,33.26,1,1,1.000000
1724157158459471100,48,199.04,179.84,100.25,72.54,1,1,1.000000
1724157158459471100,51,545.26,586.53,112.68,133.37,1,1,1.000000
1724157158459471100,54,1140.77,438.83,139.29,102.18,1,1,1.000000
1724157158459471100,57,0.57,135.74,212.72,88.43,1,1,1.000000
1724157158459471100,62,113.12,298.08,77.02,121.32,1,1,1.000000
1724157158459471100,68,276.86,85.19,131.06,71.79,1,1,1.000000
1724157158459471100,74,137.51,53.91,75.99,58.64,1,1,1.000000
1724157158459471100,77,0.75,229.60,116.19,111.64,1,1,1.000000
1724157158459471100,85,36.52,71.46,71.50,59.16,1,1,1.000000
1724157158459471100,103,109.24,260.36,242.55,65.70,1,1,1.000000
1724157158459471100,112,1120.18,567.26,160.22,123.84,1,1,1.000000
1724157158459471100,114,107.88,118.77,91.15,45.53,1,1,1.000000
1724157158459471100,118,0.00,632.45,84.52,85.88,1,1,1.000000
1724157158459471100,119,196.75,360.54,169.48,52.32,1,1,1.000000
1724157158459471100,123,0.27,395.31,60.55,61.55,1,1,1.000000
1724157158459471100,124,6.88,0.00,211.40,31.79,1,1,1.000000
1724157158534127600,48,195.75,181.62,104.28,74.22,1,1,1.000000
1724157158534127600,51,550.96,600.62,111.09,119.26,1,1,1.000000
1724157158534127600,54,1179.07,445.09,101.17,95.21,1,1,1.000000
1724157158534127600,57,0.62,141.98,188.32,80.45,1,1,1.000000
1724157158534127600,62,113.74,302.08,77.11,117.80,1,1,1.000000
1724157158534127600,68,268.15,86.44,143.05,74.29,1,1,1.000000
1724157158534127600,74,130.74,57.04,85.76,45.88,1,1,1.000000
1724157158534127600,77,0.92,231.07,119.85,105.32,1,1,1.000000
1724157158534127600,85,32.35,75.08,74.88,61.25,1,1,1.000000
1724157158534127600,103,112.53,264.95,243.94,67.29,1,1,1.000000
1724157158534127600,112,1181.94,595.01,97.75,86.49,1,1,1.000000
1724157158534127600,114,106.96,112.01,93.25,50.22,1,1,1.000000
1724157158534127600,118,0.00,641.60,47.60,77.59,1,1,1.000000
1724157158534127600,119,204.99,361.52,168.08,53.80,1,1,1.000000
1724157158534127600,123,0.73,398.98,69.19,62.49,1,1,1.000000
1724157158534127600,124,2.52,0.00,189.66,33.85,1,1,1.000000
1724157158580447200,48,192.25,181.97,108.72,78.99,1,1,1.000000
1724157158580447200,51,551.65,619.11,112.55,100.70,1,1,1.000000
1724157158580447200,54,1195.23,450.74,84.75,78.83,1,1,1.000000
1724157158580447200,57,0.27,142.71,174.64,77.47,1,1,1.000000
1724157158580447200,62,115.56,303.22,77.90,118.03,1,1,1.000000
1724157158580447200,68,262.79,87.86,150.24,73.51,1,1,1.000000
1724157158580447200,74,129.50,57.76,89.72,48.72,1,1,1.000000
1724157158580447200,77,1.09,233.07,122.15,101.35,1,1,1.000000
1724157158580447200,85,35.03,77.63,72.73,62.18,1,1,1.000000
1724157158580447200,103,115.70,266.82,242.30,67.65,1,1,1.000000
1724157158580447200,112,1212.09,607.35,67.71,82.54,1,1,1.000000
1724157158580447200,114,101.06,108.10,99.05,58.71,1,1,1.000000
1724157158580447200,119,206.81,361.94,168.49,55.86,1,1,1.000000
1724157158580447200,123,0.55,402.06,74.17,63.49,1,1,1.000000
1724157158580447200,124,0.34,0.00,185.00,33.20,1,1,1.000000
1724157158612128000,48,193.05,183.28,108.06,74.47,1,1,1.000000
1724157158612128000,51,551.02,636.46,112.46,83.33,1,1,1.000000
1724157158612128000,54,1215.09,457.45,64.83,68.41,1,1,1.000000
1724157158612128000,57,1.05,150.37,154.94,69.69,1,1,1.000000
1724157158612128000,62,118.66,303.13,75.23,120.21,1,1,1.000000
1724157158612128000,68,256.57,87.38,157.23,73.35,1,1,1.000000
1724157158612128000,74,124.57,59.84,94.30,66.85,1,1,1.000000
1724157158612128000,77,1.03,233.57,125.40,102.63,1,1,1.000000
1724157158612128000,85,35.10,81.68,75.62,57.89,1,1,1.000000
1724157158612128000,103,121.83,268.50,237.59,65.67,1,1,1.000000
1724157158612128000,112,1239.76,608.25,40.57,90.64,1,1,1.000000
1724157158612128000,114,107.64,117.09,93.34,58.48,1,1,1.000000
1724157158612128000,119,214.38,362.22,163.71,56.44,1,1,1.000000
1724157158612128000,123,0.40,401.93,79.71,64.63,1,1,1.000000
1724157158612128000,124,0.00,0.00,174.57,31.96,1,1,1.000000
1724157158658579400,48,193.58,183.32,108.69,71.59,1,1,1.000000
1724157158658579400,51,559.69,620.72,110.79,99.16,1,1,1.000000
1724157158658579400,54,1230.25,460.15,50.25,71.58,1,1,1.000000
1724157158658579400,57,0.78,150.80,143.12,69.35,1,1,1.000000
1724157158658579400,62,124.61,305.29,69.79,116.97,1,1,1.000000
1724157158658579400,68,249.78,87.08,165.30,72.95,1,1,1.000000
1724157158658579400,74,122.87,59.85,97.92,65.58,1,1,1.000000
1724157158658579400,77,1.20,233.63,125.92,104.02,1,1,1.000000
1724157158658579400,85,37.17,81.68,71.87,59.33,1,1,1.000000
1724157158658579400,103,123.36,269.81,239.63,66.21,1,1,1.000000
1724157158658579400,114,107.22,116.66,95.79,59.45,1,1,1.000000
1724157158658579400,119,218.39,361.17,159.74,59.94,1,1,1.000000
1724157158658579400,123,0.37,405.12,83.52,65.68,1,1,1.000000
1724157158658579400,124,0.30,0.00,172.53,30.58,1,1,1.000000
1724157158687607000,48,193.05,182.90,109.71,72.28,1,1,1.000000
1724157158687607000,51,560.54,618.88,110.11,101.00,1,1,1.000000
1724157158687607000,54,1245.48,468.29,34.73,74.14,1,1,1.000000
1724157158687607000,57,0.61,148.97,129.95,69.97,1,1,1.000000
1724157158687607000,62,128.45,306.84,67.03,114.67,1,1,1.000000
1724157158687607000,68,244.96,85.62,170.78,74.19,1,1,1.000000
1724157158687607000,74,121.32,58.71,103.03,66.89,1,1,1.000000
1724157158687607000,77,1.35,233.05,124.77,105.69,1,1,1.000000
1724157158687607000,85,35.80,79.63,71.28,62.42,1,1,1.000000
1724157158687607000,103,126.17,271.08,240.12,62.19,1,1,1.000000
1724157158687607000,114,106.28,117.43,93.00,58.86,1,1,1.000000
1724157158687607000,119,223.94,358.32,155.18,64.54,1,1,1.000000
1724157158687607000,123,0.44,407.63,84.84,62.17,1,1,1.000000
1724157158687607000,124,0.00,0.03,171.79,28.17,1,1,1.000000
1724157158738224100,48,192.78,183.07,111.95,75.02,1,1,1.000000
1724157158738224100,51,560.08,625.66,109.76,94.26,1,1,1.000000
1724157158738224100,57,0.90,149.86,117.78,68.20,1,1,1.000000
1724157158738224100,62,130.41,306.72,66.42,115.35,1,1,1.000000
1724157158738224100,68,239.23,85.31,179.62,74.98,1,1,1.000000
1724157158738224100,74,121.14,60.19,103.07,53.05,1,1,1.000000
1724157158738224100,77,1.37,233.33,127.24,102.21,1,1,1.000000
1724157158738224100,85,35.78,80.51,71.51,61.28,1,1,1.000000
1724157158738224100,103,128.99,272.51,242.68,63.67,1,1,1.000000
1724157158738224100,114,107.23,119.21,92.25,60.50,1,1,1.000000
1724157158738224100,119,225.42,361.65,148.70,64.17,1,1,1.000000
1724157158738224100,123,0.68,411.38,86.99,61.49,1,1,1.000000
1724157158738224100,124,0.33,0.00,181.09,33.11,1,1,1.000000
1724157158783714100,48,191.64,183.01,112.00,76.97,1,1,1.000000
1724157158783714100,51,563.11,633.26,105.32,86.68,1,1,1.000000
1724157158783714100,57,1.05,149.36,120.52,66.95,1,1,1.000000
1724157158783714100,62,137.23,309.14,60.77,113.98,1,1,1.000000
1724157158783714100,68,233.18,84.24,188.66,76.42,1,1,1.000000
1724157158783714100,74,119.08,59.28,106.54,62.90,1,1,1.000000
1724157158783714100,77,1.46,231.31,129.17,103.26,1,1,1.000000
1724157158783714100,85,32.76,81.15,76.52,61.95,1,1,1.000000
1724157158783714100,103,131.85,273.92,241.27,63.23,1,1,1.000000
1724157158783714100,114,98.82,123.36,102.69,66.99,1,1,1.000000
1724157158783714100,119,226.40,361.98,143.57,63.97,1,1,1.000000
1724157158783714100,123,0.47,412.17,88.94,60.96,1,1,1.000000
1724157158783714100,124,0.00,0.00,174.84,32.19,1,1,1.000000
1724157158810983600,48,189.32,182.43,116.10,77.91,1,1,1.000000
1724157158810983600,51,560.85,640.17,104.19,79.70,1,1,1.000000
1724157158810983600,57,0.59,148.53,85.61,67.21,1,1,1.000000
1724157158810983600,62,139.57,306.68,56.70,112.46,1,1,1.000000
1724157158810983600,68,225.33,81.37,190.79,81.57,1,1,1.000000
1724157158810983600,74,117.77,59.04,110.02,58.86,1,1,1.000000
1724157158810983600,77,1.57,229.79,129.82,105.51,1,1,1.000000
1724157158810983600,85,32.58,80.23,75.14,63.42,1,1,1.000000
1724157158810983600,103,137.99,275.49,236.99,60.13,1,1,1.000000
1724157158810983600,114,89.16,121.66,108.71,75.91,1,1,1.000000
1724157158810983600,119,232.12,364.95,138.13,63.65,1,1,1.000000
1724157158810983600,123,0.41,412.86,92.22,59.30,1,1,1.000000
1724157158810983600,124,0.00,0.00,166.47,32.01,1,1,1.000000
1724157158859656500,48,187.39,182.65,115.41,76.40,1,1,1.000000
1724157158859656500,51,566.68,645.77,94.27,74.50,1,1,1.000000
1724157158859656500,57,0.67,148.15,70.10,66.70,1,1,1.000000
1724157158859656500,62,141.09,307.02,53.88,110.11,1,1,1.000000
1724157158859656500,68,204.42,76.67,214.11,84.52,1,1,1.000000
1724157158859656500,74,116.43,59.24,111.63,56.31,1,1,1.000000
1724157158859656500,77,2.43,229.14,129.77,98.93,1,1,1.000000
1724157158859656500,85,33.74,79.48,73.71,63.84,1,1,1.000000
1724157158859656500,103,139.20,274.98,239.90,61.42,1,1,1.000000
1724157158859656500,114,89.09,120.37,106.88,78.77,1,1,1.000000
1724157158859656500,119,237.43,364.80,133.27,64.91,1,1,1.000000
1724157158859656500,123,0.60,413.01,95.31,61.73,1,1,1.000000
1724157158887881200,48,187.28,180.72,116.63,77.84,1,1,1.000000
1724157158887881200,51,569.53,650.64,83.44,69.42,1,1,1.000000
1724157158887881200,57,0.29,146.39,62.04,65.73,1,1,1.000000
1724157158887881200,62,144.95,308.53,51.87,108.85,1,1,1.000000
1724157158887881200,68,197.68,77.90,214.67,83.01,1,1,1.000000
1724157158887881200,74,115.36,58.36,113.93,53.67,1,1,1.000000
1724157158887881200,77,2.56,227.31,132.68,100.66,1,1,1.000000
1724157158887881200,85,35.34,78.75,75.09,63.44,1,1,1.000000
1724157158887881200,103,144.64,274.20,238.95,61.79,1,1,1.000000
1724157158887881200,114,95.62,121.56,101.01,75.59,1,1,1.000000
1724157158887881200,119,243.76,360.29,126.97,70.97,1,1,1.000000
1724157158887881200,123,0.51,409.39,98.17,64.51,1,1,1.000000
1724157158934224400,48,187.91,178.97,116.30,78.65,1,1,1.000000
1724157158934224400,51,564.01,651.20,81.25,68.86,1,1,1.000000
1724157158934224400,62,152.68,307.67,43.94,104.80,1,1,1.000000
1724157158934224400,68,183.46,76.98,226.93,82.62,1,1,1.000000
1724157158934224400,74,115.20,56.23,102.84,52.01,1,1,1.000000
1724157158934224400,77,2.19,225.38,132.50,102.74,1,1,1.000000
1724157158934224400,85,35.12,76.07,76.66,64.42,1,1,1.000000
1724157158934224400,103,147.37,272.65,241.01,61.09,1,1,1.000000
1724157158934224400,114,94.88,119.26,103.79,77.08,1,1,1.000000
1724157158934224400,116,0.44,170.50,69.30,84.49,1,1,1.000000
1724157158934224400,119,251.30,359.19,120.87,73.72,1,1,1.000000
1724157158934224400,123,0.50,406.50,98.34,65.53,1,1,1.000000
1724157158979588200,48,190.52,175.33,112.41,75.95,1,1,1.000000
1724157158979588200,62,153.93,301.11,46.77,105.04,1,1,1.000000
1724157158979588200,68,140.47,61.10,247.87,96.49,1,1,1.000000
1724157158979588200,74,111.43,53.41,116.34,56.32,1,1,1.000000
1724157158979588200,77,2.04,219.93,136.42,100.77,1,1,1.000000
1724157158979588200,85,35.97,70.84,74.81,65.82,1,1,1.000000
1724157158979588200,103,156.75,270.66,233.04,61.17,1,1,1.000000
1724157158979588200,114,95.03,124.59,104.43,67.29,1,1,1.000000
1724157158979588200,116,0.63,165.09,76.38,74.86,1,1,1.000000
1724157158979588200,119,268.05,359.07,101.95,74.50,1,1,1.000000
1724157158979588200,123,0.62,403.91,104.74,65.93,1,1,1.000000
1724157159009046000,48,189.39,172.96,113.12,76.90,1,1,1.000000
1724157159009046000,62,154.73,296.85,46.13,104.65,1,1,1.000000
1724157159009046000,68,113.89,52.12,263.59,102.57,1,1,1.000000
1724157159009046000,77,1.94,216.91,136.60,98.98,1,1,1.000000
1724157159009046000,85,37.01,69.34,78.73,66.20,1,1,1.000000
1724157159009046000,103,156.10,270.12,235.22,63.07,1,1,1.000000
1724157159009046000,114,96.62,119.01,102.98,72.20,1,1,1.000000
1724157159009046000,116,0.28,163.13,78.97,74.20,1,1,1.000000
1724157159009046000,119,274.41,356.77,96.43,78.88,1,1,1.000000
1724157159009046000,123,0.43,398.63,106.00,69.28,1,1,1.000000
1724157159053865700,48,188.93,171.57,112.99,74.03,1,1,1.000000
1724157159053865700,68,110.75,49.02,259.09,105.21,1,1,1.000000
1724157159053865700,77,2.10,214.55,136.55,96.07,1,1,1.000000
1724157159053865700,85,41.10,67.93,76.39,64.98,1,1,1.000000
1724157159053865700,103,156.70,269.29,234.72,62.11,1,1,1.000000
1724157159053865700,114,98.92,114.13,102.61,72.95,1,1,1.000000
1724157159053865700,116,0.00,162.02,80.30,68.56,1,1,1.000000
1724157159053865700,119,286.52,358.29,86.45,75.85,1,1,1.000000
1724157159053865700,123,0.35,395.50,111.23,69.35,1,1,1.000000
1724157159098196200,48,190.03,168.83,111.17,74.43,1,1,1.000000
1724157159098196200,68,111.58,47.19,254.49,106.03,1,1,1.000000
1724157159098196200,77,2.60,211.21,136.63,97.18,1,1,1.000000
1724157159098196200,85,43.66,62.29,78.78,65.42,1,1,1.000000
1724157159098196200,103,161.04,266.00,227.46,69.02,1,1,1.000000
1724157159098196200,114,100.29,116.99,103.91,68.10,1,1,1.000000
1724157159098196200,116,0.00,159.56,82.38,66.79,1,1,1.000000
1724157159098196200,119,288.71,350.87,83.35,82.83,1,1,1.000000
1724157159098196200,123,0.41,392.49,110.81,66.50,1,1,1.000000
1724157159130542300,48,191.84,166.72,109.27,74.20,1,1,1.000000
1724157159130542300,62,155.67,280.71,45.55,104.83,1,1,1.000000
1724157159130542300,68,94.52,43.39,275.56,107.47,1,1,1.000000
1724157159130542300,77,2.20,207.62,137.98,98.06,1,1,1.000000
1724157159130542300,85,46.63,60.95,74.14,65.09,1,1,1.000000
1724157159130542300,103,161.30,263.41,228.00,85.61,1,1,1.000000
1724157159130542300,114,101.74,115.51,102.07,66.77,1,1,1.000000
1724157159130542300,116,0.09,157.85,77.86,68.52,1,1,1.000000
1724157159130542300,119,293.44,348.69,76.59,83.54,1,1,1.000000
1724157159130542300,123,0.36,389.39,115.92,65.23,1,1,1.000000
1724157159177524800,48,191.70,162.76,110.14,75.97,1,1,1.000000
1724157159177524800,62,154.13,277.61,45.98,95.99,1,1,1.000000
1724157159177524800,68,72.90,38.73,296.89,109.19,1,1,1.000000
1724157159177524800,77,2.33,205.89,139.49,96.54,1,1,1.000000
1724157159177524800,85,49.48,58.82,72.82,63.57,1,1,1.000000
1724157159177524800,103,166.40,259.69,223.09,104.43,1,1,1.000000
1724157159177524800,114,101.19,117.08,105.53,62.24,1,1,1.000000
1724157159177524800,116,0.50,154.86,69.07,66.01,1,1,1.000000
1724157159177524800,119,301.52,348.61,69.44,82.34,1,1,1.000000
1724157159177524800,123,0.45,385.93,116.82,65.14,1,1,1.000000
1724157159207999600,48,192.34,159.13,110.34,74.93,1,1,1.000000
1724157159207999600,62,153.09,276.68,46.50,101.27,1,1,1.000000
1724157159207999600,68,54.26,34.07,319.61,108.32,1,1,1.000000
1724157159207999600,77,2.15,200.17,140.60,97.76,1,1,1.000000
1724157159207999600,103,177.20,258.35,213.10,68.11,1,1,1.000000
1724157159207999600,114,101.19,109.43,108.09,63.29,1,1,1.000000
1724157159207999600,116,0.30,150.39,74.26,68.81,1,1,1.000000
1724157159207999600,119,306.43,346.42,63.12,83.42,1,1,1.000000
1724157159207999600,123,0.42,381.79,123.16,64.25,1,1,1.000000
1724157159254278400,48,193.30,157.64,110.23,74.13,1,1,1.000000
1724157159254278400,62,148.74,274.37,51.80,102.87,1,1,1.000000
1724157159254278400,68,53.46,28.61,324.60,108.37,1,1,1.000000
1724157159254278400,77,2.50,196.39,141.84,98.35,1,1,1.000000
1724157159254278400,103,187.17,254.21,202.00,64.38,1,1,1.000000
1724157159254278400,114,102.15,106.60,107.55,62.57,1,1,1.000000
1724157159254278400,116,0.59,147.79,71.12,67.76,1,1,1.000000
1724157159254278400,119,309.03,343.47,60.95,85.91,1,1,1.000000
1724157159254278400,123,0.50,377.53,125.45,64.61,1,1,1.000000
1724157159302388000,48,194.87,154.38,109.35,74.48,1,1,1.000000
1724157159302388000,62,148.00,271.98,51.86,103.06,1,1,1.000000
1724157159302388000,68,39.27,24.50,342.76,108.38,1,1,1.000000
1724157159302388000,77,3.57,193.93,142.31,95.09,1,1,1.000000
1724157159302388000,103,197.82,252.46,192.11,61.55,1,1,1.000000
1724157159302388000,114,107.52,99.28,103.79,66.25,1,1,1.000000
1724157159302388000,116,0.31,143.26,80.98,70.29,1,1,1.000000
1724157159302388000,119,321.86,340.63,48.41,87.76,1,1,1.000000
1724157159302388000,123,0.29,373.79,130.19,66.05,1,1,1.000000
1724157159332278000,48,194.99,151.13,109.57,73.12,1,1,1.000000
1724157159332278000,62,147.84,268.41,52.70,103.59,1,1,1.000000
1724157159332278000,68,23.47,19.56,365.36,110.74,1,1,1.000000
1724157159332278000,77,2.02,189.87,146.95,96.37,1,1,1.000000
1724157159332278000,103,204.99,249.85,187.73,63.10,1,1,1.000000
1724157159332278000,114,110.52,106.23,96.20,57.44,1,1,1.000000
1724157159332278000,116,0.34,140.61,80.56,76.26,1,1,1.000000
1724157159332278000,119,327.70,338.35,42.95,91.20,1,1,1.000000
1724157159332278000,123,0.39,372.49,132.18,62.23,1,1,1.000000