1724168095039296600,1,566.10,62.71,585.22,323.34,1,1,1.000000
1724168095039296600,2,31.41,127.70,593.72,230.07,1,1,1.000000
1724168095084801600,1,562.59,27.11,574.69,353.24,1,1,1.000000
1724168095084801600,2,66.40,109.15,570.31,210.14,1,1,1.000000
1724168095133026900,1,556.06,1.38,535.00,361.81,1,1,1.000000
1724168095133026900,2,164.08,99.67,486.93,215.88,1,1,1.000000
1724168095206652100,1,555.92,0.00,542.39,364.27,1,1,1.000000
1724168095206652100,2,242.58,90.83,431.43,227.03,1,1,1.000000
1724168095252608900,1,567.91,0.16,532.34,361.79,1,1,1.000000
1724168095252608900,2,280.43,86.80,425.32,254.99,1,1,1.000000
1724168095326899800,1,585.94,1.16,521.10,346.13,1,1,1.000000
1724168095326899800,2,331.00,78.44,417.75,283.43,1,1,1.000000
1724168095373480500,1,607.05,0.62,508.06,311.66,1,1,1.000000
1724168095373480500,2,424.71,70.00,375.10,320.30,1,1,1.000000
1724168095450769500,1,622.57,1.07,504.48,272.53,1,1,1.000000
1724168095450769500,2,529.22,66.11,278.91,318.71,1,1,1.000000
1724168095572201500,1,625.08,0.79,510.71,241.98,1,1,1.000000
1724168095572201500,2,604.13,59.27,241.46,318.48,1,1,1.000000
1724168095605117100,1,631.28,1.17,505.60,215.39,1,1,1.000000
1724168095605117100,2,626.89,54.31,252.75,313.66,1,1,1.000000
1724168095651497900,1,652.36,0.90,477.25,180.19,1,1,1.000000
1724168095651497900,2,629.82,42.51,257.38,277.79,1,1,1.000000
1724168095725957100,1,663.57,0.59,456.33,161.30,1,1,1.000000
1724168095725957100,2,627.20,49.28,304.98,241.53,1,1,1.000000
1724168095771630600,1,691.45,0.61,416.81,135.67,1,1,1.000000
1724168095771630600,2,629.56,17.02,477.49,263.36,1,1,1.000000
1724168095848816000,1,709.77,0.39,384.18,120.67,1,1,1.000000
1724168095848816000,2,631.53,4.38,457.72,243.78,1,1,1.000000
1724168095928430600,1,758.30,0.12,336.42,110.24,1,1,1.000000
1724168095928430600,2,653.28,2.03,433.63,220.96,1,1,1.000000
1724168095969929600,2,689.99,0.99,427.04,201.03,1,1,1.000000
1724168096047349800,2,743.70,0.62,424.78,193.61,1,1,1.000000
1724168096091415000,2,780.09,0.62,436.44,191.03,1,1,1.000000
1724168096122569100,2,844.54,0.21,409.95,161.23,1,1,1.000000
1724168096213030300,2,876.97,0.00,398.89,124.34,1,1,1.000000
1724168096243439400,2,892.63,0.00,385.28,108.82,1,1,1.000000
1724168096337243700,2,904.51,0.00,374.48,101.57,1,1,1.000000
1724168096363729100,2,914.46,0.00,365.36,97.46,1,1,1.000000
1724168096440934700,2,928.07,0.00,351.50,85.02,1,1,1.000000
1724168096532377300,2,948.00,0.00,331.75,73.74,1,1,1.000000
1724168096532377300,7,531.88,696.91,258.26,22.95,1,1,1.000000
1724168096563156100,2,980.89,0.00,298.29,70.92,1,1,1.000000
1724168096563156100,7,534.84,686.57,278.04,32.98,1,1,1.000000
1724168096658648800,2,1021.08,0.01,258.36,64.95,1,1,1.000000
1724168096658648800,7,538.80,680.14,324.85,39.19,1,1,1.000000
1724168096733072500,2,1054.11,0.00,226.37,63.12,1,1,1.000000
1724168096733072500,7,525.99,677.97,331.01,41.47,1,1,1.000000
1724168096766188200,7,501.21,672.54,369.86,46.90,1,1,1.000000
1724168096810937600,7,468.08,663.20,447.23,56.09,1,1,1.000000
1724168096884313700,7,448.92,661.88,503.56,57.34,1,1,1.000000
1724168096929299600,7,422.97,664.58,572.62,54.56,1,1,1.000000
1724168097005289700,7,397.56,663.75,682.66,55.66,1,1,1.000000
1724168097051664600,7,377.89,659.41,670.62,60.13,1,1,1.000000
1724168097126086000,7,386.97,658.02,518.44,61.38,1,1,1.000000
1724168097126086000,11,694.15,657.49,209.93,62.43,1,1,1.000000
1724168097173715700,7,375.86,646.97,528.92,72.44,1,1,1.000000
1724168097173715700,12,389.57,0.80,471.96,40.12,1,1,1.000000
1724168097247888000,7,383.67,638.21,520.07,81.37,1,1,1.000000
1724168097247888000,12,455.54,0.41,485.28,44.21,1,1,1.000000
1724168097324874700,7,388.43,630.03,525.32,89.76,1,1,1.000000
1724168097324874700,12,534.59,0.21,498.21,44.86,1,1,1.000000
1724168097324874700,14,0.05,594.36,156.44,120.32,1,1,1.000000
1724168097367622400,7,371.14,626.15,574.83,93.57,1,1,1.000000
1724168097367622400,12,630.29,0.22,500.23,48.75,1,1,1.000000
1724168097367622400,14,0.09,586.27,207.48,131.50,1,1,1.000000
1724168097445702600,7,411.98,625.67,527.86,94.21,1,1,1.000000
1724168097445702600,12,715.01,0.73,547.69,55.34,1,1,1.000000
1724168097445702600,14,0.00,573.55,245.98,145.16,1,1,1.000000
1724168097524121600,7,431.06,631.85,517.72,87.53,1,1,1.000000
1724168097524121600,12,793.47,0.27,485.14,60.82,1,1,1.000000
1724168097524121600,14,0.00,561.59,280.95,158.15,1,1,1.000000
1724168097567344900,7,425.41,645.76,632.67,73.52,1,1,1.000000
1724168097567344900,12,871.86,0.00,406.88,69.84,1,1,1.000000
1724168097567344900,14,0.42,557.47,316.05,162.20,1,1,1.000000
1724168097567344900,15,428.94,647.59,330.47,72.55,1,1,1.000000
1724168097643562200,7,401.29,655.68,619.11,64.03,1,1,1.000000
1724168097643562200,11,731.46,654.96,292.07,64.82,1,1,1.000000
1724168097643562200,12,948.24,0.00,331.48,72.30,1,1,1.000000
1724168097643562200,14,0.00,557.73,349.30,162.23,1,1,1.000000
1724168097643562200,15,404.38,660.65,342.76,59.06,1,1,1.000000
1724168097691095200,7,376.68,628.19,607.54,91.44,1,1,1.000000
1724168097691095200,11,793.88,627.16,186.59,92.60,1,1,1.000000
1724168097691095200,12,1035.34,0.00,244.84,64.73,1,1,1.000000
1724168097691095200,14,0.34,558.54,373.47,161.40,1,1,1.000000
1724168097691095200,15,381.62,676.11,337.58,43.50,1,1,1.000000
1724168097766094000,14,0.00,559.53,397.18,160.53,1,1,1.000000
1724168097766094000,15,379.82,689.42,310.30,30.35,1,1,1.000000
1724168097812723500,14,0.15,561.77,427.49,157.96,1,1,1.000000
1724168097886817500,14,0.00,560.25,448.86,159.92,1,1,1.000000
1724168097886817500,17,428.79,691.32,192.70,28.67,1,1,1.000000
1724168097934153000,14,0.00,559.67,485.00,160.67,1,1,1.000000
1724168098008206400,14,0.00,548.11,511.47,171.87,1,1,1.000000
1724168098055927500,14,1.49,542.87,542.91,176.80,1,1,1.000000
1724168098129404600,14,37.58,532.94,533.62,186.85,1,1,1.000000
1724168098174458800,14,73.09,528.11,571.75,191.76,1,1,1.000000
1724168098250670500,14,99.09,526.74,573.06,193.32,1,1,1.000000
1724168098326782700,14,146.32,523.44,581.59,196.59,1,1,1.000000
1724168098372870000,14,131.01,511.17,659.65,208.57,1,1,1.000000
1724168098450954500,14,98.07,508.16,734.81,211.07,1,1,1.000000
1724168098494296300,14,185.09,504.86,684.50,206.40,1,1,1.000000
1724168098570700500,14,257.70,501.66,651.20,159.57,1,1,1.000000
1724168098647449800,14,340.54,495.28,637.41,151.00,1,1,1.000000
1724168098699503100,14,402.79,480.69,671.13,172.35,1,1,1.000000
1724168098768604600,14,475.69,472.11,680.63,176.16,1,1,1.000000
1724168098812946400,14,569.81,460.19,662.68,203.10,1,1,1.000000
1724168098812946400,21,112.43,594.95,284.54,124.74,1,1,1.000000
1724168098889346800,14,651.95,461.75,627.96,167.16,1,1,1.000000
1724168098919231500,14,710.75,457.69,568.01,182.72,1,1,1.000000
1724168099013677600,14,765.71,450.48,512.52,183.48,1,1,1.000000
1724168099040848400,14,787.51,417.75,492.01,199.03,1,1,1.000000
1724168099087857300,14,845.97,438.44,432.10,162.30,1,1,1.000000
1724168099161075300,14,889.66,428.26,390.57,155.83,1,1,1.000000
1724168099161075300,23,0.37,591.82,103.01,128.36,1,1,1.000000
1724168099251843900,14,930.45,420.34,349.11,132.49,1,1,1.000000
1724168099251843900,23,0.31,612.20,72.36,107.86,1,1,1.000000
1724168099329378900,14,978.41,413.29,301.07,126.32,1,1,1.000000
1724168099329378900,23,0.00,616.13,86.94,104.09,1,1,1.000000
1724168099374205600,14,1015.51,406.32,265.19,120.84,1,1,1.000000
1724168099453504700,14,1063.84,409.91,216.23,108.90,1,1,1.000000
1724168099453504700,23,0.00,621.30,142.04,98.76,1,1,1.000000
1724168099484331200,14,1112.20,415.09,167.37,93.53,1,1,1.000000
1724168099573582200,14,1162.54,414.96,117.07,94.35,1,1,1.000000
1724168099602940200,14,1199.02,412.08,80.44,98.19,1,1,1.000000
1724168099602940200,23,0.00,593.29,99.44,126.50,1,1,1.000000
1724168099726804100,23,0.04,566.33,114.73,110.72,1,1,1.000000
1724168099772410300,23,0.00,547.96,142.40,104.39,1,1,1.000000
1724168099847174100,23,0.04,534.46,191.80,103.25,1,1,1.000000
1724168099924983600,23,0.00,518.84,193.90,93.91,1,1,1.000000
1724168099969051600,23,0.10,499.40,194.17,93.80,1,1,1.000000
1724168100044038200,23,0.00,491.82,193.39,86.40,1,1,1.000000
1724168100090554700,23,0.11,482.21,182.78,75.32,1,1,1.000000
1724168100173688300,21,74.62,660.89,528.27,58.89,1,1,1.000000
1724168100173688300,23,0.14,473.00,168.16,73.13,1,1,1.000000
1724168100213359100,21,119.84,649.30,521.79,70.69,1,1,1.000000
1724168100213359100,23,0.10,465.83,158.18,74.22,1,1,1.000000
1724168100291219700,21,150.97,639.89,562.96,80.00,1,1,1.000000
1724168100291219700,23,0.37,462.01,142.08,75.39,1,1,1.000000
1724168100334020500,21,158.95,628.74,585.59,91.28,1,1,1.000000
1724168100334020500,23,0.24,460.48,120.30,78.54,1,1,1.000000
1724168100411918900,21,195.31,619.11,608.73,100.91,1,1,1.000000
1724168100411918900,23,0.35,457.31,106.59,82.56,1,1,1.000000
1724168100489591100,21,237.35,614.77,550.86,105.32,1,1,1.000000
1724168100489591100,23,0.10,450.88,85.17,89.33,1,1,1.000000
1724168100531629400,21,276.66,612.10,605.81,107.89,1,1,1.000000
1724168100531629400,23,0.17,450.31,67.81,88.57,1,1,1.000000
1724168100607711400,21,338.02,614.05,581.83,106.08,1,1,1.000000
1724168100607711400,23,0.38,439.10,48.04,101.24,1,1,1.000000
1724168100652387000,21,393.49,614.57,542.93,105.42,1,1,1.000000
1724168100728652900,21,439.97,611.66,551.71,108.46,1,1,1.000000
1724168100775479400,21,483.24,609.68,526.94,110.38,1,1,1.000000
1724168100849999800,21,533.28,606.66,505.08,113.60,1,1,1.000000
1724168100927008300,21,570.86,603.98,502.78,116.18,1,1,1.000000
1724168100972691800,21,615.41,607.90,467.96,112.30,1,1,1.000000
1724168101050502000,21,650.79,623.59,452.38,96.24,1,1,1.000000
1724168101050502000,26,0.36,589.80,73.20,72.69,1,1,1.000000
1724168101127083000,21,702.31,640.63,420.72,79.38,1,1,1.000000
1724168101127083000,26,0.00,589.68,98.38,73.24,1,1,1.000000
1724168101174083100,21,766.95,657.63,384.98,62.08,1,1,1.000000
1724168101174083100,26,0.37,585.46,116.83,83.23,1,1,1.000000
1724168101265405300,21,812.81,642.76,384.29,76.90,1,1,1.000000
1724168101265405300,26,0.44,584.24,151.98,83.96,1,1,1.000000
1724168101293900300,21,853.12,628.11,362.81,91.41,1,1,1.000000
1724168101293900300,26,0.06,584.00,173.26,79.38,1,1,1.000000
1724168101369174900,21,894.14,620.66,287.40,99.16,1,1,1.000000
1724168101369174900,26,0.39,583.49,200.32,86.21,1,1,1.000000
1724168101400184200,21,941.44,620.65,242.86,99.00,1,1,1.000000
1724168101400184200,26,0.90,584.15,230.32,87.26,1,1,1.000000
1724168101490675700,21,988.88,629.00,213.41,90.79,1,1,1.000000
1724168101490675700,26,1.14,584.61,254.05,98.17,1,1,1.000000
1724168101521184200,21,1043.83,652.11,155.36,67.67,1,1,1.000000
1724168101521184200,26,1.03,586.76,286.79,77.22,1,1,1.000000
1724168101614745500,26,1.27,588.12,313.10,121.88,1,1,1.000000
1724168101654496200,26,1.26,590.40,341.42,128.93,1,1,1.000000
1724168101734611500,26,1.29,593.16,372.72,125.81,1,1,1.000000
1724168101734611500,29,0.30,0.93,187.43,130.50,1,1,1.000000
1724168101762699100,26,1.62,595.75,406.36,123.27,1,1,1.000000
1724168101762699100,29,0.14,0.14,275.99,149.11,1,1,1.000000
1724168101853606300,26,2.28,598.44,436.20,120.81,1,1,1.000000
1724168101853606300,29,0.00,0.11,361.10,159.27,1,1,1.000000
1724168101883988300,26,1.19,598.48,468.41,121.38,1,1,1.000000
1724168101883988300,29,0.00,0.08,444.44,167.42,1,1,1.000000
1724168101962048000,26,0.85,595.85,503.92,123.74,1,1,1.000000
1724168101962048000,29,0.00,0.00,540.06,167.84,1,1,1.000000
1724168102006933100,26,2.26,594.23,530.25,125.41,1,1,1.000000
1724168102006933100,29,0.00,0.19,615.54,168.73,1,1,1.000000
1724168102082758300,26,42.40,593.38,519.29,126.36,1,1,1.000000
1724168102082758300,29,0.00,0.15,706.57,168.72,1,1,1.000000
1724168102082758300,30,0.02,367.31,195.03,194.34,1,1,1.000000
1724168102128037100,26,74.67,595.93,514.70,123.43,1,1,1.000000
1724168102128037100,29,2.03,0.44,788.11,167.56,1,1,1.000000
1724168102128037100,30,0.38,357.01,259.69,233.21,1,1,1.000000
1724168102204730100,26,109.92,596.44,519.80,123.13,1,1,1.000000
1724168102204730100,29,178.78,0.62,692.01,165.73,1,1,1.000000
1724168102204730100,30,0.26,345.90,327.65,262.61,1,1,1.000000
1724168102281705700,26,134.20,597.31,517.58,122.21,1,1,1.000000
1724168102281705700,29,310.53,0.45,685.73,163.73,1,1,1.000000
1724168102281705700,30,0.61,318.74,407.36,314.36,1,1,1.000000
1724168102328709000,26,178.68,594.63,534.62,125.09,1,1,1.000000
1724168102328709000,29,462.52,0.77,648.15,155.83,1,1,1.000000
1724168102328709000,30,0.00,346.23,470.93,309.58,1,1,1.000000
1724168102403837100,26,228.07,645.46,396.99,74.48,1,1,1.000000
1724168102403837100,29,587.42,0.83,687.96,150.53,1,1,1.000000
1724168102403837100,30,0.31,351.75,765.37,337.64,1,1,1.000000
1724168102451520500,26,269.67,650.89,363.21,69.23,1,1,1.000000
1724168102451520500,29,695.65,0.39,583.25,147.86,1,1,1.000000
1724168102451520500,30,1.44,350.42,825.29,357.68,1,1,1.000000
1724168102526095100,29,810.97,0.75,468.02,144.71,1,1,1.000000
1724168102526095100,30,0.08,351.30,863.73,365.69,1,1,1.000000
1724168102571584700,29,916.71,1.41,363.06,142.09,1,1,1.000000
1724168102571584700,30,0.00,340.99,905.21,376.40,1,1,1.000000
1724168102647101200,29,1028.77,15.26,252.00,116.89,1,1,1.000000
1724168102647101200,30,1.36,264.13,770.03,455.47,1,1,1.000000
1724168102647101200,31,0.39,444.21,136.73,175.49,1,1,1.000000
1724168102693302800,29,1136.44,16.27,142.97,126.18,1,1,1.000000
1724168102693302800,30,97.26,291.58,699.73,429.58,1,1,1.000000
1724168102693302800,31,0.00,449.57,134.25,173.09,1,1,1.000000
1724168102693302800,32,692.23,598.40,272.40,104.45,1,1,1.000000
1724168102770460900,30,138.01,306.69,682.79,414.65,1,1,1.000000
1724168102770460900,31,0.00,457.89,123.46,173.24,1,1,1.000000
1724168102770460900,32,712.09,605.07,268.63,106.37,1,1,1.000000
1724168102800636600,30,190.20,338.13,652.91,383.34,1,1,1.000000
1724168102800636600,31,0.19,464.86,118.72,172.95,1,1,1.000000
1724168102800636600,32,742.23,608.95,277.31,101.88,1,1,1.000000
1724168102890244300,30,205.29,367.52,656.69,353.55,1,1,1.000000
1724168102890244300,31,0.00,469.93,115.75,173.44,1,1,1.000000
1724168102890244300,32,752.05,594.60,317.73,117.79,1,1,1.000000
1724168102922257100,30,261.87,406.13,618.16,314.55,1,1,1.000000
1724168102922257100,31,0.08,518.94,109.95,137.60,1,1,1.000000
1724168102922257100,32,785.79,613.79,373.13,103.88,1,1,1.000000
1724168102998311900,30,323.22,439.03,588.68,282.09,1,1,1.000000
1724168102998311900,32,767.26,611.45,446.72,108.02,1,1,1.000000
1724168103090907400,30,401.39,474.10,535.81,246.82,1,1,1.000000
1724168103090907400,32,807.60,611.23,470.12,108.32,1,1,1.000000
1724168103122479400,30,456.11,505.96,484.91,214.06,1,1,1.000000
1724168103122479400,32,832.84,621.71,444.22,97.55,1,1,1.000000
1724168103214303300,30,518.01,528.46,428.85,191.87,1,1,1.000000
1724168103214303300,32,845.03,623.61,435.11,96.08,1,1,1.000000
1724168103288707300,30,552.23,552.73,387.52,167.70,1,1,1.000000
1724168103288707300,32,813.21,629.67,465.14,89.94,1,1,1.000000
1724168103334376900,30,599.74,563.18,334.63,157.01,1,1,1.000000
1724168103334376900,32,830.17,634.21,448.19,85.36,1,1,1.000000
1724168103334376900,37,0.23,211.42,131.58,124.29,1,1,1.000000
1724168103364925300,30,625.29,579.20,280.61,140.46,1,1,1.000000
1724168103364925300,32,854.45,630.38,425.51,89.64,1,1,1.000000
1724168103364925300,37,0.05,198.23,190.36,153.07,1,1,1.000000
1724168103441919000,30,668.63,596.41,237.34,123.80,1,1,1.000000
1724168103441919000,32,881.08,628.21,398.74,91.92,1,1,1.000000
1724168103441919000,37,0.19,189.32,218.50,182.38,1,1,1.000000
1724168103535257300,30,720.69,612.97,154.00,107.46,1,1,1.000000
1724168103535257300,32,914.92,632.39,365.15,87.69,1,1,1.000000
1724168103535257300,37,0.34,184.00,259.15,200.74,1,1,1.000000
1724168103609770900,30,779.35,634.26,122.46,85.84,1,1,1.000000
1724168103609770900,32,952.97,643.65,327.23,76.31,1,1,1.000000
1724168103609770900,37,0.06,173.88,303.61,215.90,1,1,1.000000
1724168103639966700,32,997.32,666.99,282.94,52.76,1,1,1.000000
1724168103639966700,37,0.00,155.07,349.45,240.62,1,1,1.000000
1724168103687301900,37,0.21,145.68,401.67,253.22,1,1,1.000000
1724168103730625000,37,1.12,157.23,441.89,248.28,1,1,1.000000
1724168103807901200,37,1.27,153.93,501.73,256.50,1,1,1.000000
1724168103852153100,37,0.99,149.09,555.04,276.64,1,1,1.000000
1724168103929163600,37,0.24,138.09,602.97,299.77,1,1,1.000000
1724168104004664100,37,0.00,117.84,658.23,331.15,1,1,1.000000
1724168104050216300,37,2.55,69.73,707.16,386.81,1,1,1.000000
1724168104129506300,37,68.02,82.22,688.01,377.06,1,1,1.000000
1724168104173059200,37,162.34,108.47,639.53,360.21,1,1,1.000000
1724168104249098300,37,235.95,93.78,613.04,387.63,1,1,1.000000
1724168104327902200,37,290.38,106.67,606.10,387.60,1,1,1.000000
1724168104371372900,37,351.28,124.11,583.13,387.29,1,1,1.000000
1724168104458051200,37,400.19,136.13,583.45,404.30,1,1,1.000000
1724168104580674700,37,468.77,198.05,625.49,405.45,1,1,1.000000
1724168104647424900,37,494.38,221.92,662.18,403.47,1,1,1.000000
1724168104691651200,37,554.55,250.23,632.74,384.35,1,1,1.000000
1724168104724942200,37,611.17,264.87,621.85,383.60,1,1,1.000000
1724168104801849800,37,655.12,267.44,622.13,397.24,1,1,1.000000
1724168104892373600,37,682.90,279.31,596.27,396.15,1,1,1.000000
1724168104921209500,37,712.16,294.13,566.78,393.11,1,1,1.000000
1724168104967552100,37,740.66,328.44,537.36,373.54,1,1,1.000000
1724168105042699000,37,764.33,345.35,515.43,372.73,1,1,1.000000
1724168105119480500,37,798.33,378.79,480.92,336.56,1,1,1.000000
1724168105166573600,37,809.43,405.12,470.38,307.03,1,1,1.000000
1724168105241021800,37,851.39,431.24,428.89,285.29,1,1,1.000000
1724168105331477300,37,896.94,447.60,383.44,270.49,1,1,1.000000
1724168105371591300,37,909.45,454.88,370.60,264.67,1,1,1.000000
1724168105441993700,37,954.67,463.79,326.08,256.21,1,1,1.000000
1724168105487838500,37,985.27,481.82,295.62,238.15,1,1,1.000000
1724168105561895800,37,1029.26,510.18,251.67,209.79,1,1,1.000000
1724168105608037200,37,1082.95,534.83,197.60,180.34,1,1,1.000000
1724168105654192400,37,1135.61,564.04,144.46,152.52,1,1,1.000000
1724168105730073600,37,1203.08,597.37,77.38,122.24,1,1,1.000000
1724168105730073600,38,378.53,684.72,184.83,35.10,1,1,1.000000
1724168105808441000,38,393.86,686.39,211.39,33.31,1,1,1.000000
1724168105852428700,38,412.25,686.87,250.85,32.57,1,1,1.000000
1724168105937367900,38,425.21,682.17,268.07,37.73,1,1,1.000000
1724168106060739700,38,480.95,681.10,324.11,38.44,1,1,1.000000
1724168106130684600,38,542.13,666.73,293.33,52.82,1,1,1.000000
1724168106159801100,38,568.39,653.20,319.79,66.30,1,1,1.000000
1724168106255209600,38,651.01,644.90,304.28,74.59,1,1,1.000000
1724168106282496200,38,693.08,632.46,332.94,87.16,1,1,1.000000
1724168106374826600,38,733.11,627.38,363.85,92.37,1,1,1.000000
1724168106406323900,38,762.50,619.96,422.23,99.80,1,1,1.000000
1724168106479713000,38,785.43,615.51,476.02,104.23,1,1,1.000000
1724168106479713000,40,77.56,649.86,351.51,69.20,1,1,1.000000
1724168106525939000,38,807.22,607.59,471.50,112.06,1,1,1.000000
1724168106525939000,40,79.95,647.50,368.90,72.11,1,1,1.000000
1724168106601460600,38,825.93,602.78,453.70,116.46,1,1,1.000000
1724168106601460600,40,125.30,646.83,330.74,72.92,1,1,1.000000
1724168106646773400,38,865.64,612.21,413.52,106.79,1,1,1.000000
1724168106646773400,40,152.90,644.95,385.90,74.65,1,1,1.000000
1724168106724439500,38,929.64,602.52,350.52,116.73,1,1,1.000000
1724168106724439500,40,190.96,639.47,348.45,80.39,1,1,1.000000
1724168106771688400,38,993.41,594.65,287.04,125.51,1,1,1.000000
1724168106771688400,40,218.43,634.88,346.52,85.04,1,1,1.000000
1724168106845334000,38,1037.75,592.83,242.51,127.10,1,1,1.000000
1724168106845334000,40,230.71,629.00,374.25,90.85,1,1,1.000000
1724168106921660500,38,1116.50,594.65,164.25,124.47,1,1,1.000000
1724168106921660500,40,206.98,633.15,437.29,86.68,1,1,1.000000
1724168106967741000,40,270.21,629.76,403.07,89.76,1,1,1.000000
1724168106967741000,41,0.12,363.43,133.83,94.03,1,1,1.000000
1724168107043879900,40,335.67,615.85,365.81,104.38,1,1,1.000000
1724168107043879900,41,0.31,351.55,192.53,136.89,1,1,1.000000
1724168107090061900,40,368.86,662.40,342.76,57.46,1,1,1.000000
1724168107090061900,41,0.80,348.46,250.44,161.37,1,1,1.000000
1724168107133585500,40,400.97,664.06,320.08,55.73,1,1,1.000000
1724168107133585500,41,0.34,351.17,304.76,175.52,1,1,1.000000
1724168107209445200,40,457.07,642.01,246.81,77.96,1,1,1.000000
1724168107209445200,41,0.66,328.43,352.42,211.96,1,1,1.000000
1724168107209445200,43,0.28,68.86,134.22,129.51,1,1,1.000000
1724168107286761900,41,0.27,327.40,413.14,245.77,1,1,1.000000
1724168107286761900,43,0.00,55.85,197.99,164.06,1,1,1.000000
1724168107333298600,41,0.51,351.71,460.82,245.11,1,1,1.000000
1724168107333298600,43,0.39,45.96,243.99,200.29,1,1,1.000000
1724168107409328800,41,0.62,374.08,514.13,244.90,1,1,1.000000
1724168107409328800,43,0.67,39.03,299.23,222.88,1,1,1.000000
1724168107454111900,41,0.83,386.63,576.07,253.57,1,1,1.000000
1724168107454111900,43,0.18,35.11,352.28,236.17,1,1,1.000000
1724168107527525300,41,0.73,399.00,632.80,257.40,1,1,1.000000
1724168107527525300,43,0.00,5.91,405.67,280.11,1,1,1.000000
1724168107573024500,41,0.00,350.34,707.20,323.99,1,1,1.000000
1724168107573024500,43,0.00,35.35,459.15,261.99,1,1,1.000000
1724168107651649700,41,67.57,369.02,705.24,342.60,1,1,1.000000
1724168107651649700,43,0.80,53.04,521.80,267.95,1,1,1.000000
1724168107724555800,41,150.29,434.31,692.70,285.66,1,1,1.000000
1724168107724555800,43,0.00,65.14,571.27,269.56,1,1,1.000000
1724168107769319400,41,235.83,501.51,657.33,219.37,1,1,1.000000
1724168107769319400,43,0.23,78.11,639.55,278.67,1,1,1.000000
1724168107844231300,41,362.46,546.45,589.65,173.91,1,1,1.000000
1724168107844231300,43,0.00,95.18,709.51,276.45,1,1,1.000000
1724168107892552200,41,449.32,528.39,565.62,191.02,1,1,1.000000
1724168107892552200,43,0.89,45.05,781.40,331.93,1,1,1.000000
1724168107967296900,41,559.73,516.66,481.84,203.15,1,1,1.000000
1724168107967296900,43,116.39,62.79,748.16,325.20,1,1,1.000000
1724168108014030800,41,664.26,564.93,469.92,154.86,1,1,1.000000
1724168108014030800,43,227.33,62.12,723.07,344.39,1,1,1.000000
1724168108091547600,40,761.46,639.08,336.79,80.24,1,1,1.000000
1724168108091547600,43,335.25,81.00,737.83,351.22,1,1,1.000000
1724168108165467500,43,431.53,111.88,776.35,355.16,1,1,1.000000
1724168108210731800,43,551.21,152.18,724.61,350.21,1,1,1.000000
1724168108210731800,48,0.40,508.44,352.44,208.46,1,1,1.000000
1724168108291720500,43,630.78,168.40,647.17,331.00,1,1,1.000000
1724168108291720500,48,0.39,455.00,453.05,264.45,1,1,1.000000
1724168108332028100,43,764.47,191.93,515.18,288.00,1,1,1.000000
1724168108332028100,48,1.15,454.14,491.56,264.36,1,1,1.000000
1724168108408960800,43,837.80,182.11,441.17,266.96,1,1,1.000000
1724168108408960800,48,0.68,482.41,667.79,234.19,1,1,1.000000
1724168108453107000,43,961.06,199.80,319.11,226.95,1,1,1.000000
1724168108453107000,48,6.91,433.11,714.72,286.74,1,1,1.000000
1724168108527086500,43,1060.67,212.32,219.17,164.45,1,1,1.000000
1724168108527086500,48,218.45,486.68,630.57,233.09,1,1,1.000000
1724168108527086500,49,112.35,602.68,186.47,117.18,1,1,1.000000
1724168108605734000,48,370.47,593.20,550.15,125.80,1,1,1.000000
1724168108605734000,49,146.16,537.48,338.34,181.58,1,1,1.000000
1724168108650077100,48,564.94,600.57,399.44,119.28,1,1,1.000000
1724168108650077100,49,189.26,525.14,298.64,194.45,1,1,1.000000
1724168108726692700,48,698.36,595.80,296.62,123.95,1,1,1.000000
1724168108726692700,49,218.04,571.21,212.60,148.56,1,1,1.000000
1724168108770147900,49,236.56,612.97,182.67,106.79,1,1,1.000000
1724168108845671800,51,0.09,0.00,181.62,157.97,1,1,1.000000
1724168108891950900,51,0.48,0.26,116.13,166.00,1,1,1.000000
1724168108967929400,51,0.00,0.48,122.29,177.68,1,1,1.000000
1724168108967929400,53,0.00,0.00,122.96,104.25,1,1,1.000000
1724168109015587100,51,0.00,0.00,240.97,274.59,1,1,1.000000
1724168109089909600,51,0.00,0.24,202.19,268.93,1,1,1.000000
1724168109089909600,53,0.00,0.00,205.29,98.23,1,1,1.000000
1724168109089909600,56,0.00,60.91,99.23,211.91,1,1,1.000000
1724168109174104200,53,0.00,0.49,165.04,95.33,1,1,1.000000
1724168109174104200,56,0.00,67.05,112.99,208.68,1,1,1.000000
1724168109211464300,51,0.07,1.08,138.25,259.39,1,1,1.000000
1724168109211464300,53,0.00,0.88,137.90,128.18,1,1,1.000000
1724168109211464300,56,0.00,75.97,109.64,185.16,1,1,1.000000
1724168109241471600,51,0.00,0.76,142.86,258.90,1,1,1.000000
1724168109241471600,53,0.00,0.79,141.63,145.27,1,1,1.000000
1724168109241471600,56,0.00,97.48,83.45,164.52,1,1,1.000000
1724168109334655600,53,0.00,0.23,142.95,257.76,1,1,1.000000
1724168109364943200,56,0.00,110.30,127.79,85.59,1,1,1.000000
1724168109444385300,53,0.00,81.65,116.78,186.51,1,1,1.000000
1724168109444385300,56,0.00,84.87,115.95,122.38,1,1,1.000000
1724168109534165200,56,0.00,122.54,97.96,96.00,1,1,1.000000
1724168123810744200,62,153.92,681.43,224.41,38.24,1,1,1.000000
1724168123885455900,62,132.38,677.21,270.01,42.36,1,1,1.000000
1724168123932675400,62,148.48,665.40,278.02,54.45,1,1,1.000000
1724168124007556800,62,173.34,664.11,277.03,55.90,1,1,1.000000
1724168124057868600,62,206.78,662.15,266.06,57.73,1,1,1.000000
1724168124128117800,62,218.03,660.18,281.12,59.70,1,1,1.000000
1724168124158743600,62,211.16,654.91,318.58,65.05,1,1,1.000000
1724168124249772100,62,225.17,651.47,333.83,68.33,1,1,1.000000
1724168124279821700,62,241.09,646.66,348.48,73.11,1,1,1.000000
1724168124369530000,62,256.62,642.30,352.33,77.60,1,1,1.000000
1724168124448772800,62,283.40,635.69,365.99,84.10,1,1,1.000000
1724168124448772800,64,0.00,428.76,84.74,242.50,1,1,1.000000
1724168124493914400,62,261.63,627.42,411.78,92.41,1,1,1.000000
1724168124493914400,64,0.00,401.54,89.21,268.70,1,1,1.000000
1724168124565404500,62,273.11,620.87,430.74,98.80,1,1,1.000000
1724168124565404500,64,0.14,387.58,98.85,280.81,1,1,1.000000
1724168124612478700,62,314.49,610.62,416.67,108.68,1,1,1.000000
1724168124612478700,64,0.19,373.59,119.21,273.60,1,1,1.000000
1724168124695613700,62,338.35,602.91,418.19,115.38,1,1,1.000000
1724168124695613700,64,0.22,355.83,145.45,272.02,1,1,1.000000
1724168124731887400,62,370.62,591.38,425.07,125.29,1,1,1.000000
1724168124731887400,64,0.00,348.97,173.19,245.15,1,1,1.000000
1724168124822644700,56,0.50,105.99,78.58,66.55,1,1,1.000000
1724168124822644700,62,415.21,584.56,397.94,122.19,1,1,1.000000
1724168124822644700,64,0.29,342.89,204.73,244.47,1,1,1.000000
1724168124887092400,56,0.77,110.41,116.33,101.77,1,1,1.000000
1724168124887092400,62,440.29,576.58,393.45,125.19,1,1,1.000000
1724168124887092400,64,0.30,337.71,237.18,239.82,1,1,1.000000
1724168124936766200,56,0.43,82.22,155.03,129.58,1,1,1.000000
1724168124936766200,62,468.79,571.27,408.36,134.81,1,1,1.000000
1724168124936766200,64,0.42,333.41,270.06,227.57,1,1,1.000000
1724168124960810500,56,0.30,70.59,176.33,144.89,1,1,1.000000
1724168124960810500,62,495.40,567.26,409.04,137.92,1,1,1.000000
1724168124960810500,64,5.08,329.10,300.45,224.26,1,1,1.000000
1724168125053831200,56,0.12,64.52,227.63,156.70,1,1,1.000000
1724168125053831200,62,525.74,562.82,408.18,149.66,1,1,1.000000
1724168125053831200,64,16.19,325.50,317.78,214.99,1,1,1.000000
1724168125083203300,56,0.26,59.84,268.03,170.48,1,1,1.000000
1724168125083203300,62,549.40,561.10,397.80,146.73,1,1,1.000000
1724168125083203300,64,39.47,321.00,322.43,208.42,1,1,1.000000
1724168125161189600,56,0.00,56.05,309.10,176.58,1,1,1.000000
1724168125161189600,62,588.81,554.54,387.20,152.79,1,1,1.000000
1724168125161189600,64,56.81,318.55,329.89,214.18,1,1,1.000000
1724168125207553500,56,0.16,51.60,346.05,186.02,1,1,1.000000
1724168125207553500,62,616.90,552.34,403.29,150.80,1,1,1.000000
1724168125207553500,64,75.62,315.91,332.74,211.69,1,1,1.000000
1724168125283920200,56,0.99,44.92,375.83,200.60,1,1,1.000000
1724168125283920200,62,658.20,551.25,396.70,133.48,1,1,1.000000
1724168125283920200,64,91.07,311.20,331.14,207.91,1,1,1.000000
1724168125329880000,56,0.77,37.98,408.46,191.61,1,1,1.000000
1724168125329880000,62,684.97,543.62,397.86,137.68,1,1,1.000000
1724168125329880000,64,108.75,306.50,324.81,204.95,1,1,1.000000
1724168125405837600,56,0.46,26.73,444.80,201.06,1,1,1.000000
1724168125405837600,62,716.94,537.65,396.12,127.56,1,1,1.000000
1724168125405837600,64,125.53,300.21,320.58,201.64,1,1,1.000000
1724168125480551700,56,0.73,20.17,480.17,249.27,1,1,1.000000
1724168125480551700,62,746.06,537.55,386.97,112.80,1,1,1.000000
1724168125480551700,64,140.36,294.16,317.86,203.05,1,1,1.000000
1724168125526606100,56,2.53,10.68,520.28,251.62,1,1,1.000000
1724168125526606100,62,772.96,533.27,381.79,105.60,1,1,1.000000
1724168125526606100,64,150.10,288.29,315.37,204.12,1,1,1.000000
1724168125601063400,56,53.50,2.13,506.43,238.16,1,1,1.000000
1724168125601063400,62,802.83,532.48,380.43,100.69,1,1,1.000000
1724168125601063400,64,168.48,285.46,308.24,205.69,1,1,1.000000
1724168125680558800,56,113.01,0.47,510.09,218.70,1,1,1.000000
1724168125680558800,62,837.88,534.79,371.32,90.37,1,1,1.000000
1724168125680558800,64,187.79,281.06,299.99,205.24,1,1,1.000000
1724168125724278800,56,178.36,0.26,495.97,193.54,1,1,1.000000
1724168125724278800,62,864.11,530.49,411.84,87.42,1,1,1.000000
1724168125724278800,64,214.22,274.39,291.15,197.96,1,1,1.000000
1724168125769695100,56,231.08,0.14,475.76,193.21,1,1,1.000000
1724168125769695100,62,910.18,529.48,369.20,84.98,1,1,1.000000
1724168125769695100,64,239.42,268.85,281.50,192.87,1,1,1.000000
1724168125847905900,56,288.83,0.00,443.55,180.26,1,1,1.000000
1724168125847905900,62,938.73,527.89,341.70,83.88,1,1,1.000000
1724168125847905900,64,262.89,264.46,268.67,146.41,1,1,1.000000
1724168125923543100,56,371.42,0.10,379.29,168.05,1,1,1.000000
1724168125923543100,62,975.72,526.35,304.01,91.50,1,1,1.000000
1724168125923543100,64,286.34,257.98,272.48,137.06,1,1,1.000000
1724168125968772300,56,402.89,0.00,393.17,156.53,1,1,1.000000
1724168125968772300,62,1032.25,536.82,248.28,87.21,1,1,1.000000
1724168125968772300,64,315.83,253.10,278.52,143.56,1,1,1.000000
1724168126043763200,56,453.07,0.00,391.53,143.89,1,1,1.000000
1724168126043763200,62,1085.42,554.59,194.82,83.45,1,1,1.000000
1724168126043763200,64,347.71,246.85,290.81,144.88,1,1,1.000000
1724168126100902100,56,506.76,0.00,366.36,129.01,1,1,1.000000
1724168126100902100,64,377.19,243.10,294.64,135.42,1,1,1.000000
1724168126165505800,56,557.57,0.00,365.19,127.38,1,1,1.000000
1724168126165505800,64,411.04,240.25,287.08,136.14,1,1,1.000000
1724168126212603000,56,614.57,0.00,358.10,116.19,1,1,1.000000
1724168126212603000,64,440.29,234.07,294.74,141.94,1,1,1.000000
1724168126289811000,56,665.37,0.00,329.28,113.38,1,1,1.000000
1724168126289811000,64,471.79,229.35,302.42,147.42,1,1,1.000000
1724168126333063000,56,717.05,0.00,321.73,109.56,1,1,1.000000
1724168126333063000,64,500.26,224.32,299.78,148.06,1,1,1.000000
1724168126333063000,67,0.36,217.50,118.66,115.96,1,1,1.000000
1724168126409741700,56,777.91,0.00,283.93,94.21,1,1,1.000000
1724168126409741700,64,535.03,221.58,298.14,143.02,1,1,1.000000
1724168126409741700,67,0.32,219.64,157.07,107.63,1,1,1.000000
1724168126485839600,56,821.83,0.00,274.46,88.30,1,1,1.000000
1724168126485839600,64,548.20,218.79,303.65,138.63,1,1,1.000000
1724168126485839600,67,0.00,221.84,203.13,115.05,1,1,1.000000
1724168126531148200,56,875.08,0.00,240.13,79.64,1,1,1.000000
1724168126531148200,64,562.13,216.54,301.65,137.27,1,1,1.000000
1724168126531148200,67,0.55,202.29,218.40,133.90,1,1,1.000000
1724168126609153000,56,910.34,0.00,196.18,70.56,1,1,1.000000
1724168126609153000,64,582.01,214.46,300.01,139.51,1,1,1.000000
1724168126609153000,67,0.53,204.45,237.48,129.27,1,1,1.000000
1724168126609153000,71,1.25,593.98,180.18,86.90,1,1,1.000000
1724168126654485900,56,949.69,0.06,168.04,68.54,1,1,1.000000
1724168126654485900,64,586.93,212.05,297.06,136.01,1,1,1.000000
1724168126654485900,67,0.52,208.45,233.08,127.99,1,1,1.000000
1724168126654485900,71,0.98,608.35,165.97,108.43,1,1,1.000000
1724168126654485900,72,372.23,657.19,194.56,62.33,1,1,1.000000
1724168126732225000,64,576.45,207.75,295.72,134.08,1,1,1.000000
1724168126732225000,67,0.51,219.08,194.78,110.97,1,1,1.000000
1724168126732225000,71,2.31,594.19,237.34,121.44,1,1,1.000000
1724168126732225000,72,348.92,649.01,239.55,70.00,1,1,1.000000
1724168126759899900,64,559.81,201.14,289.50,133.00,1,1,1.000000
1724168126759899900,67,0.74,211.66,152.44,123.49,1,1,1.000000
1724168126759899900,72,321.77,643.27,256.44,75.75,1,1,1.000000
1724168126805417600,64,533.64,193.56,288.29,129.85,1,1,1.000000
1724168126805417600,67,0.00,222.72,100.01,108.13,1,1,1.000000
1724168126805417600,72,297.60,641.41,284.86,77.57,1,1,1.000000
1724168126882650800,64,513.55,193.49,284.71,124.66,1,1,1.000000
1724168126882650800,72,248.08,649.21,305.75,69.85,1,1,1.000000
1724168126975397100,64,479.83,190.23,281.37,130.67,1,1,1.000000
1724168126975397100,72,218.36,654.04,294.70,65.15,1,1,1.000000
1724168127049982000,64,460.65,193.07,275.59,131.33,1,1,1.000000
1724168127049982000,72,186.78,670.19,299.93,48.89,1,1,1.000000
1724168127049982000,77,918.69,634.14,199.84,85.36,1,1,1.000000
1724168127080788800,64,431.72,198.48,286.08,128.20,1,1,1.000000
1724168127080788800,72,165.54,680.22,272.99,39.40,1,1,1.000000
1724168127080788800,77,892.00,618.27,221.11,101.44,1,1,1.000000
1724168127128047500,64,420.16,202.97,278.85,128.91,1,1,1.000000
1724168127128047500,77,867.16,612.72,229.25,106.83,1,1,1.000000
1724168127128047500,79,0.79,0.00,361.93,45.12,1,1,1.000000
1724168127204262200,64,407.67,209.75,278.05,131.07,1,1,1.000000
1724168127204262200,77,848.37,610.11,257.03,109.00,1,1,1.000000
1724168127204262200,79,42.78,0.11,314.66,44.96,1,1,1.000000
1724168127246948100,64,402.61,215.77,283.97,121.43,1,1,1.000000
1724168127246948100,77,833.99,604.04,280.34,115.23,1,1,1.000000
1724168127246948100,79,59.02,0.00,332.65,49.04,1,1,1.000000
1724168127324216900,64,398.16,220.86,295.74,119.82,1,1,1.000000
1724168127324216900,77,815.98,599.91,313.98,119.78,1,1,1.000000
1724168127324216900,79,68.73,0.00,344.57,53.67,1,1,1.000000
1724168127403189100,64,398.03,222.02,300.44,119.46,1,1,1.000000
1724168127403189100,77,805.60,592.25,321.47,127.50,1,1,1.000000
1724168127403189100,79,97.67,0.00,345.69,53.15,1,1,1.000000
1724168127403189100,80,0.35,0.00,93.17,41.44,1,1,1.000000
1724168127403189100,81,1200.10,647.30,79.54,72.71,1,1,1.000000
1724168127448285600,64,397.67,219.83,307.48,114.16,1,1,1.000000
1724168127448285600,77,797.50,583.57,341.87,135.84,1,1,1.000000
1724168127448285600,79,139.39,0.00,340.98,51.74,1,1,1.000000
1724168127448285600,80,0.00,0.00,132.18,35.93,1,1,1.000000
1724168127448285600,81,1201.71,671.03,77.68,49.12,1,1,1.000000
1724168127523747700,64,406.01,214.24,311.09,112.20,1,1,1.000000
1724168127523747700,77,796.73,569.54,381.94,150.35,1,1,1.000000
1724168127523747700,79,194.53,0.00,322.75,47.54,1,1,1.000000
1724168127523747700,80,0.00,0.00,166.79,38.91,1,1,1.000000
1724168127570248900,64,419.64,209.33,314.57,111.74,1,1,1.000000
1724168127570248900,77,806.01,558.37,403.23,161.88,1,1,1.000000
1724168127570248900,79,245.41,0.00,317.41,39.83,1,1,1.000000
1724168127570248900,81,1228.65,664.11,51.43,55.38,1,1,1.000000
1724168127643150600,64,439.63,204.17,309.80,116.11,1,1,1.000000
1724168127643150600,67,0.31,230.38,133.60,63.27,1,1,1.000000
1724168127643150600,77,809.72,546.34,425.52,173.66,1,1,1.000000
1724168127643150600,79,296.45,0.07,335.36,37.17,1,1,1.000000
1724168127722245100,64,462.16,198.39,306.31,122.41,1,1,1.000000
1724168127722245100,67,0.00,209.51,168.04,76.09,1,1,1.000000
1724168127722245100,77,816.34,535.27,459.88,184.71,1,1,1.000000
1724168127722245100,79,385.73,0.27,288.45,32.05,1,1,1.000000
1724168127767873300,64,486.60,193.44,303.16,127.21,1,1,1.000000
1724168127767873300,67,0.00,189.61,216.66,88.50,1,1,1.000000
1724168127767873300,77,835.38,523.20,442.57,197.02,1,1,1.000000
1724168127819054300,64,511.87,188.14,305.78,133.37,1,1,1.000000
1724168127819054300,67,0.00,163.62,276.80,116.27,1,1,1.000000
1724168127819054300,77,855.30,511.54,424.16,208.31,1,1,1.000000
1724168127889249400,64,535.02,181.73,302.01,135.09,1,1,1.000000
1724168127889249400,67,0.16,152.26,328.00,113.37,1,1,1.000000
1724168127889249400,77,876.00,499.60,403.39,219.70,1,1,1.000000
1724168127889249400,83,134.44,591.47,487.41,127.47,1,1,1.000000
1724168127918861300,64,563.25,177.50,301.56,129.90,1,1,1.000000
1724168127918861300,67,0.63,146.03,384.50,108.10,1,1,1.000000
1724168127918861300,77,890.62,490.26,388.63,228.28,1,1,1.000000
1724168127918861300,83,188.79,575.68,463.49,143.26,1,1,1.000000
1724168128010858200,64,587.60,170.82,304.54,127.53,1,1,1.000000
1724168128010858200,67,0.38,143.69,422.88,105.42,1,1,1.000000
1724168128010858200,77,899.68,476.27,378.74,231.40,1,1,1.000000
1724168128010858200,83,160.05,548.49,529.81,169.70,1,1,1.000000
1724168128042157600,64,608.20,164.06,310.23,122.23,1,1,1.000000
1724168128042157600,67,29.26,137.34,434.63,99.30,1,1,1.000000
1724168128042157600,77,909.30,461.72,370.14,215.26,1,1,1.000000
1724168128042157600,83,175.74,528.18,556.81,190.86,1,1,1.000000
1724168128117906800,64,629.87,159.54,315.58,120.15,1,1,1.000000
1724168128117906800,67,88.30,127.87,412.63,104.93,1,1,1.000000
1724168128117906800,77,919.61,451.01,360.82,200.40,1,1,1.000000
1724168128117906800,83,144.69,519.81,652.13,199.62,1,1,1.000000
1724168128209816400,64,647.68,154.16,314.70,116.35,1,1,1.000000
1724168128209816400,67,159.95,132.35,380.37,96.09,1,1,1.000000
1724168128209816400,77,930.05,443.74,350.53,194.59,1,1,1.000000
1724168128209816400,83,201.49,508.27,616.92,211.57,1,1,1.000000
1724168128209816400,87,0.19,90.73,94.98,89.54,1,1,1.000000
1724168128209816400,88,1.36,414.04,180.50,83.24,1,1,1.000000
1724168128209816400,89,5.57,463.84,158.22,248.40,1,1,1.000000
1724168128286262900,64,655.29,149.22,310.00,116.18,1,1,1.000000
1724168128286262900,67,206.44,133.76,352.62,97.67,1,1,1.000000
1724168128286262900,77,917.82,426.05,362.12,186.90,1,1,1.000000
1724168128286262900,83,376.37,581.09,445.43,138.17,1,1,1.000000
1724168128286262900,87,0.34,90.41,106.87,98.10,1,1,1.000000
1724168128286262900,88,70.22,403.74,110.68,93.72,1,1,1.000000
1724168128286262900,89,2.35,407.83,133.95,300.96,1,1,1.000000
1724168128286262900,91,201.16,498.11,258.92,134.22,1,1,1.000000
1724168128286262900,93,150.26,313.06,111.38,111.41,1,1,1.000000
1724168128286262900,95,468.37,649.36,143.83,69.98,1,1,1.000000
1724168128334793700,64,640.00,145.41,329.88,107.16,1,1,1.000000
1724168128334793700,67,235.66,126.00,332.24,109.70,1,1,1.000000
1724168128334793700,77,893.74,412.38,386.14,212.25,1,1,1.000000
1724168128334793700,83,361.91,572.94,448.21,146.99,1,1,1.000000
1724168128334793700,87,0.48,97.14,101.99,91.13,1,1,1.000000
1724168128334793700,88,0.49,404.19,159.48,100.16,1,1,1.000000
1724168128334793700,89,0.98,410.43,155.80,263.32,1,1,1.000000
1724168128334793700,91,180.35,498.21,267.31,125.05,1,1,1.000000
1724168128334793700,93,138.42,308.75,118.32,104.42,1,1,1.000000
1724168128334793700,95,455.97,643.70,147.50,75.18,1,1,1.000000
1724168128334793700,97,147.10,595.38,109.65,90.80,1,1,1.000000
1724168128334793700,99,238.71,692.47,111.38,27.48,1,1,1.000000
1724168128408141200,64,634.72,138.75,303.91,101.57,1,1,1.000000
1724168128408141200,67,250.52,132.13,337.65,97.45,1,1,1.000000
1724168128408141200,77,889.27,400.74,390.01,208.48,1,1,1.000000
1724168128408141200,83,366.42,566.00,421.18,152.77,1,1,1.000000
1724168128408141200,87,0.17,105.43,95.36,84.17,1,1,1.000000
1724168128408141200,88,47.79,401.03,112.67,98.48,1,1,1.000000
1724168128408141200,89,2.28,403.03,166.40,277.65,1,1,1.000000
1724168128408141200,91,181.01,489.63,271.71,132.49,1,1,1.000000
1724168128408141200,93,146.23,310.49,126.28,122.78,1,1,1.000000
1724168128408141200,95,492.73,656.38,165.35,63.15,1,1,1.000000
1724168128408141200,99,250.75,691.58,119.41,28.35,1,1,1.000000
1724168128453258800,64,635.11,134.77,302.13,98.94,1,1,1.000000
1724168128453258800,67,265.40,132.82,345.06,89.08,1,1,1.000000
1724168128453258800,77,881.70,389.25,397.35,208.84,1,1,1.000000
1724168128453258800,83,378.45,557.78,398.50,160.77,1,1,1.000000
1724168128453258800,87,0.35,111.08,98.30,88.68,1,1,1.000000
1724168128453258800,88,61.44,402.24,101.69,93.12,1,1,1.000000
1724168128453258800,89,36.47,486.93,159.06,198.59,1,1,1.000000
1724168128453258800,91,181.01,485.52,279.18,135.39,1,1,1.000000
1724168128453258800,93,148.53,304.52,131.07,108.25,1,1,1.000000
1724168128453258800,95,505.41,650.20,162.97,69.14,1,1,1.000000
1724168128453258800,97,183.61,595.31,108.63,86.78,1,1,1.000000
1724168128453258800,99,260.56,692.75,138.36,27.13,1,1,1.000000
1724168128453258800,105,0.16,394.58,71.15,95.28,1,1,1.000000
1724168128533865600,64,635.10,133.43,299.42,92.66,1,1,1.000000
1724168128533865600,67,280.99,134.32,348.94,88.18,1,1,1.000000
1724168128533865600,77,870.75,375.34,407.92,207.63,1,1,1.000000
1724168128533865600,83,398.02,549.09,366.76,168.80,1,1,1.000000
1724168128533865600,87,0.24,121.30,102.09,90.77,1,1,1.000000
1724168128533865600,89,41.51,400.84,165.24,292.67,1,1,1.000000
1724168128533865600,91,175.45,482.32,292.17,146.23,1,1,1.000000
1724168128533865600,93,104.39,291.99,183.48,118.90,1,1,1.000000
1724168128533865600,95,510.12,644.05,165.40,75.35,1,1,1.000000
1724168128533865600,99,268.45,698.35,140.81,21.88,1,1,1.000000
1724168128533865600,105,0.04,394.57,65.89,99.95,1,1,1.000000
1724168128533865600,108,934.90,670.08,151.21,50.05,1,1,1.000000
1724168128560924100,64,626.65,133.40,294.10,87.67,1,1,1.000000
1724168128560924100,67,287.38,132.31,349.54,93.91,1,1,1.000000
1724168128560924100,77,844.43,370.26,434.09,197.08,1,1,1.000000
1724168128560924100,83,396.92,548.40,336.12,170.97,1,1,1.000000
1724168128560924100,87,0.13,132.96,88.48,77.30,1,1,1.000000
1724168128560924100,91,153.44,492.42,306.56,133.76,1,1,1.000000
1724168128560924100,95,491.62,650.39,173.20,68.99,1,1,1.000000
1724168128560924100,97,167.57,593.10,124.17,121.61,1,1,1.000000
1724168128560924100,108,909.98,646.96,158.59,72.82,1,1,1.000000
1724168128560924100,111,96.90,587.85,107.62,127.80,1,1,1.000000
1724168128652177200,64,602.60,135.54,283.49,88.45,1,1,1.000000
1724168128652177200,67,281.46,132.94,343.36,98.14,1,1,1.000000
1724168128652177200,77,804.09,361.59,474.14,201.49,1,1,1.000000
1724168128652177200,83,387.17,552.56,327.42,167.35,1,1,1.000000
1724168128652177200,89,1.94,413.06,125.23,238.39,1,1,1.000000
1724168128652177200,91,103.09,496.93,340.41,155.95,1,1,1.000000
1724168128652177200,93,95.14,324.09,182.57,155.27,1,1,1.000000
1724168128652177200,95,472.77,658.07,171.02,61.63,1,1,1.000000
1724168128652177200,108,881.52,632.22,192.57,87.60,1,1,1.000000
1724168128681943300,64,576.90,141.66,274.05,80.48,1,1,1.000000
1724168128681943300,67,265.00,135.98,359.79,103.10,1,1,1.000000
1724168128681943300,77,768.93,357.21,507.73,213.56,1,1,1.000000
1724168128681943300,83,367.86,561.75,322.55,157.99,1,1,1.000000
1724168128681943300,91,51.59,512.66,344.12,145.53,1,1,1.000000
1724168128681943300,95,459.67,660.31,159.97,59.59,1,1,1.000000
1724168128681943300,108,854.57,622.07,206.64,97.65,1,1,1.000000
1724168128729022800,64,549.08,147.01,270.23,84.98,1,1,1.000000
1724168128729022800,67,250.12,142.45,359.83,102.83,1,1,1.000000
1724168128729022800,77,726.34,352.69,402.35,120.78,1,1,1.000000
1724168128729022800,83,356.37,569.53,300.69,150.38,1,1,1.000000
1724168128729022800,91,26.50,527.70,347.30,112.25,1,1,1.000000
1724168128729022800,95,450.13,665.07,131.99,55.08,1,1,1.000000
1724168128729022800,108,814.13,616.10,221.31,103.52,1,1,1.000000
1724168128805269700,64,528.54,154.23,245.58,81.42,1,1,1.000000
1724168128805269700,67,235.77,151.32,357.16,97.18,1,1,1.000000
1724168128805269700,77,684.81,351.36,395.64,128.46,1,1,1.000000
1724168128805269700,83,342.67,571.67,269.29,147.86,1,1,1.000000
1724168128805269700,91,12.44,540.97,320.01,102.87,1,1,1.000000
1724168128805269700,108,792.59,609.51,220.40,110.27,1,1,1.000000
1724168128805269700,120,988.53,444.23,292.08,178.43,1,1,1.000000
1724168128850941900,64,495.27,160.93,249.98,77.92,1,1,1.000000
1724168128850941900,67,216.96,156.74,370.27,99.47,1,1,1.000000
1724168128850941900,77,645.38,348.63,382.35,115.38,1,1,1.000000
1724168128850941900,83,306.34,565.62,269.94,153.84,1,1,1.000000
1724168128850941900,108,750.43,600.61,243.43,119.06,1,1,1.000000
1724168128850941900,120,942.15,436.95,337.60,204.67,1,1,1.000000
1724168128850941900,122,1116.28,415.76,163.31,139.31,1,1,1.000000
1724168128926058300,67,203.71,161.03,492.62,106.45,1,1,1.000000
1724168128926058300,77,600.22,348.41,374.99,107.37,1,1,1.000000
1724168128926058300,83,296.21,564.17,224.88,155.86,1,1,1.000000
1724168128926058300,108,715.13,593.73,240.21,126.31,1,1,1.000000
1724168128926058300,120,882.11,425.61,395.32,219.97,1,1,1.000000
1724168128926058300,122,1065.89,403.71,212.85,145.10,1,1,1.000000
1724168128973734400,67,199.05,162.94,462.58,101.00,1,1,1.000000
1724168128973734400,77,567.85,346.85,372.64,117.84,1,1,1.000000
1724168128973734400,83,284.52,557.56,206.21,162.56,1,1,1.000000
1724168128973734400,108,688.20,586.95,257.24,133.05,1,1,1.000000
1724168128973734400,120,860.33,415.60,393.85,224.09,1,1,1.000000
1724168128973734400,122,1035.30,394.38,244.77,183.49,1,1,1.000000
1724168129048304000,67,202.95,162.38,439.26,99.37,1,1,1.000000
1724168129048304000,77,538.93,345.95,362.75,98.13,1,1,1.000000
1724168129048304000,83,259.75,554.24,202.23,165.81,1,1,1.000000
1724168129048304000,108,661.30,581.98,259.71,137.58,1,1,1.000000
1724168129048304000,120,833.70,416.97,418.07,242.99,1,1,1.000000
1724168129048304000,122,1005.59,388.14,273.89,197.44,1,1,1.000000
1724168129048304000,124,845.35,0.00,343.00,40.87,1,1,1.000000
1724168129048304000,125,0.16,617.95,102.96,93.97,1,1,1.000000
1724168129126014500,67,199.57,159.74,419.02,95.97,1,1,1.000000
1724168129126014500,77,504.58,342.55,361.08,96.37,1,1,1.000000
1724168129126014500,83,267.00,559.09,156.41,160.92,1,1,1.000000
1724168129126014500,108,644.04,571.98,298.91,148.01,1,1,1.000000
1724168129126014500,120,797.32,410.37,413.65,230.02,1,1,1.000000
1724168129126014500,122,976.04,382.94,248.80,166.56,1,1,1.000000
1724168129126014500,124,849.47,0.14,340.01,41.99,1,1,1.000000
1724168129172889800,67,198.53,154.10,398.92,96.77,1,1,1.000000
1724168129172889800,77,474.84,338.77,354.60,94.07,1,1,1.000000
1724168129172889800,83,248.23,556.25,157.08,163.55,1,1,1.000000
1724168129172889800,97,249.60,613.24,119.39,106.97,1,1,1.000000
1724168129172889800,108,618.45,571.02,299.71,148.68,1,1,1.000000
1724168129172889800,120,757.23,392.89,417.17,223.99,1,1,1.000000
1724168129172889800,122,946.25,373.49,241.80,176.20,1,1,1.000000
1724168129172889800,124,852.17,0.07,350.40,42.38,1,1,1.000000
1724168129172889800,126,331.21,681.33,94.16,38.90,1,1,1.000000
1724168129172889800,128,244.89,680.39,183.08,39.64,1,1,1.000000
1724168129253754500,67,202.60,146.90,369.69,97.63,1,1,1.000000
1724168129253754500,77,442.47,336.98,355.74,89.12,1,1,1.000000
1724168129253754500,97,246.91,588.58,100.34,131.24,1,1,1.000000
1724168129253754500,108,595.73,563.65,323.05,156.23,1,1,1.000000
1724168129253754500,120,728.78,389.93,406.79,217.48,1,1,1.000000
1724168129253754500,122,921.07,367.34,231.29,182.70,1,1,1.000000
1724168129253754500,124,855.70,0.13,356.54,41.67,1,1,1.000000
1724168129326909500,67,215.46,139.85,360.58,101.99,1,1,1.000000
1724168129326909500,77,418.06,331.51,346.78,88.14,1,1,1.000000
1724168129326909500,97,274.83,599.60,60.20,120.59,1,1,1.000000
1724168129326909500,108,572.20,558.53,309.09,161.19,1,1,1.000000
1724168129326909500,120,708.36,385.88,395.03,197.90,1,1,1.000000
1724168129326909500,122,899.95,364.96,208.28,151.41,1,1,1.000000
1724168129326909500,124,869.89,0.05,387.28,41.74,1,1,1.000000
1724168129326909500,125,0.00,655.02,126.08,64.38,1,1,1.000000
1724168129326909500,131,262.10,599.03,158.53,121.00,1,1,1.000000
1724168129372388400,67,215.98,135.74,362.91,95.44,1,1,1.000000
1724168129372388400,77,383.99,329.22,357.71,87.38,1,1,1.000000
1724168129372388400,97,251.30,600.69,75.38,120.13,1,1,1.000000
1724168129372388400,108,552.20,556.72,318.76,162.69,1,1,1.000000
1724168129372388400,120,717.92,397.50,355.76,167.38,1,1,1.000000
1724168129372388400,122,869.02,359.26,215.35,153.50,1,1,1.000000
1724168129372388400,124,869.79,0.00,396.45,40.31,1,1,1.000000
1724168129372388400,125,0.00,649.61,163.56,69.52,1,1,1.000000
1724168129372388400,126,318.67,681.48,89.69,38.89,1,1,1.000000
1724168129372388400,131,245.37,600.22,161.43,120.01,1,1,1.000000
1724168129372388400,132,1016.92,659.00,124.68,60.73,1,1,1.000000
1724168129372388400,133,881.68,655.17,86.26,65.07,1,1,1.000000
1724168129449514700,67,212.44,134.06,380.81,98.53,1,1,1.000000
1724168129449514700,77,358.47,325.74,357.40,88.41,1,1,1.000000
1724168129449514700,97,260.07,609.20,62.97,111.31,1,1,1.000000
1724168129449514700,108,532.63,554.92,340.14,164.18,1,1,1.000000
1724168129449514700,120,703.65,398.88,357.33,167.16,1,1,1.000000
1724168129449514700,122,865.24,357.19,197.47,154.15,1,1,1.000000
1724168129449514700,124,873.99,0.01,401.17,40.52,1,1,1.000000
1724168129449514700,125,0.39,641.99,201.70,77.15,1,1,1.000000
1724168129449514700,132,966.20,647.41,164.15,72.35,1,1,1.000000
1724168129449514700,133,863.52,646.64,102.18,73.50,1,1,1.000000
1724168129527602500,67,214.77,131.22,391.65,103.75,1,1,1.000000
1724168129527602500,77,325.16,323.59,360.30,88.21,1,1,1.000000
1724168129527602500,97,272.40,615.69,59.03,104.27,1,1,1.000000
1724168129527602500,108,509.82,553.33,318.43,146.35,1,1,1.000000
1724168129527602500,120,696.13,404.01,334.20,156.12,1,1,1.000000
1724168129527602500,122,840.51,352.63,202.51,149.68,1,1,1.000000
1724168129527602500,124,885.86,0.07,390.03,44.12,1,1,1.000000
1724168129527602500,125,0.40,626.86,281.75,91.86,1,1,1.000000
1724168129527602500,132,958.33,640.37,165.54,79.47,1,1,1.000000
1724168129527602500,133,850.98,641.83,100.63,78.19,1,1,1.000000
1724168129527602500,136,694.42,402.47,224.26,76.71,1,1,1.000000
1724168129527602500,137,838.83,411.24,196.52,147.74,1,1,1.000000
1724168129571061300,67,205.61,128.05,404.61,105.89,1,1,1.000000
1724168129571061300,77,292.44,322.87,370.96,87.55,1,1,1.000000
1724168129571061300,97,287.59,623.63,50.27,96.11,1,1,1.000000
1724168129571061300,108,487.20,551.72,299.69,120.15,1,1,1.000000
1724168129571061300,120,683.39,405.87,324.49,156.25,1,1,1.000000
1724168129571061300,122,816.24,350.95,201.35,135.85,1,1,1.000000
1724168129571061300,124,899.46,0.00,378.06,47.27,1,1,1.000000
1724168129571061300,125,1.20,626.92,320.42,92.12,1,1,1.000000
1724168129571061300,132,946.77,627.86,154.89,92.03,1,1,1.000000
1724168129571061300,133,833.28,631.64,103.81,88.35,1,1,1.000000
1724168129571061300,136,681.71,403.72,214.96,83.47,1,1,1.000000
1724168129571061300,137,814.93,406.57,195.68,152.54,1,1,1.000000
1724168129571061300,138,1151.29,288.42,128.56,89.35,1,1,1.000000
1724168129571061300,139,718.47,658.18,158.07,61.71,1,1,1.000000
1724168129647085700,67,166.21,123.46,456.83,116.41,1,1,1.000000
1724168129647085700,77,264.07,321.76,383.24,90.15,1,1,1.000000
1724168129647085700,108,469.91,549.04,302.16,117.82,1,1,1.000000
1724168129647085700,122,813.72,348.25,190.34,133.58,1,1,1.000000
1724168129647085700,124,903.34,0.06,373.62,48.11,1,1,1.000000
1724168129647085700,125,0.62,627.49,335.90,91.77,1,1,1.000000
1724168129647085700,132,944.50,618.81,141.87,101.10,1,1,1.000000
1724168129647085700,133,824.31,629.72,117.69,89.91,1,1,1.000000
1724168129647085700,136,665.87,402.51,214.54,90.36,1,1,1.000000
1724168129647085700,137,806.13,397.05,188.68,157.31,1,1,1.000000
1724168129647085700,138,1121.55,281.15,157.79,101.07,1,1,1.000000
1724168129647085700,139,705.15,661.09,155.49,58.49,1,1,1.000000
1724168129647085700,140,160.63,124.22,191.80,84.53,1,1,1.000000
1724168129693527500,67,147.81,120.53,484.83,122.02,1,1,1.000000
1724168129693527500,77,228.64,322.03,402.27,92.88,1,1,1.000000
1724168129693527500,83,0.36,622.36,400.32,96.53,1,1,1.000000
1724168129693527500,108,451.35,549.69,304.43,112.15,1,1,1.000000
1724168129693527500,122,798.61,344.66,193.46,130.17,1,1,1.000000
1724168129693527500,124,912.45,0.05,366.61,53.32,1,1,1.000000
1724168129693527500,132,941.66,608.67,134.25,111.23,1,1,1.000000
1724168129693527500,133,812.29,619.74,116.47,99.61,1,1,1.000000
1724168129693527500,136,650.09,401.55,216.20,91.65,1,1,1.000000
1724168129693527500,137,798.75,393.29,166.51,144.76,1,1,1.000000
1724168129693527500,138,1090.21,277.29,189.83,107.73,1,1,1.000000
1724168129693527500,139,692.66,660.53,159.81,58.86,1,1,1.000000
1724168129693527500,140,142.15,119.53,223.37,88.94,1,1,1.000000
1724168129693527500,142,1219.97,97.37,59.93,67.22,1,1,1.000000
1724168129693527500,143,1157.82,546.28,122.33,171.32,1,1,1.000000
1724168129725009800,67,121.30,117.64,520.14,124.82,1,1,1.000000
1724168129725009800,77,201.10,321.67,413.95,95.55,1,1,1.000000
1724168129725009800,83,1.23,606.93,444.03,111.94,1,1,1.000000
1724168129725009800,108,443.53,550.43,295.30,102.58,1,1,1.000000
1724168129725009800,122,784.31,339.84,198.12,158.00,1,1,1.000000
1724168129725009800,124,920.51,0.00,358.66,49.88,1,1,1.000000
1724168129725009800,132,924.14,605.99,142.58,113.68,1,1,1.000000
1724168129725009800,133,807.09,613.07,100.99,106.20,1,1,1.000000
1724168129725009800,136,639.13,401.25,218.51,95.68,1,1,1.000000
1724168129725009800,137,780.30,387.68,177.41,144.60,1,1,1.000000
1724168129725009800,138,1075.14,267.53,202.63,117.15,1,1,1.000000
1724168129725009800,139,678.53,656.96,167.44,62.53,1,1,1.000000
1724168129725009800,142,1202.50,96.17,77.19,71.61,1,1,1.000000
1724168129800886300,67,320.58,131.38,345.45,95.43,1,1,1.000000
1724168129800886300,77,161.31,320.64,433.18,101.86,1,1,1.000000
1724168129800886300,83,0.00,595.69,499.88,123.19,1,1,1.000000
1724168129800886300,108,429.96,551.68,300.92,103.49,1,1,1.000000
1724168129800886300,122,768.45,333.82,202.95,166.44,1,1,1.000000
1724168129800886300,124,935.75,0.00,343.50,51.63,1,1,1.000000
1724168129800886300,132,908.31,597.92,155.41,121.50,1,1,1.000000
1724168129800886300,133,791.33,602.72,121.93,116.74,1,1,1.000000
1724168129800886300,136,624.77,399.00,225.57,92.02,1,1,1.000000
1724168129800886300,137,767.58,386.19,182.08,133.32,1,1,1.000000
1724168129800886300,138,1046.26,257.63,212.85,118.89,1,1,1.000000
1724168129800886300,139,657.57,651.90,187.62,67.06,1,1,1.000000
1724168129800886300,140,91.01,115.23,259.54,94.32,1,1,1.000000
1724168129800886300,142,1181.00,90.28,99.09,76.45,1,1,1.000000
1724168129848247900,67,301.30,130.13,364.54,98.22,1,1,1.000000
1724168129848247900,77,104.43,320.68,465.86,108.51,1,1,1.000000
1724168129848247900,83,0.08,606.77,551.77,112.49,1,1,1.000000
1724168129848247900,108,397.82,553.25,315.82,92.68,1,1,1.000000
1724168129848247900,122,747.42,329.05,196.71,126.28,1,1,1.000000
1724168129848247900,124,938.19,0.02,339.99,39.76,1,1,1.000000
1724168129848247900,132,888.92,586.79,157.61,132.58,1,1,1.000000
1724168129848247900,133,780.11,595.78,120.16,123.78,1,1,1.000000
1724168129848247900,136,602.22,395.54,219.56,91.90,1,1,1.000000
1724168129848247900,137,746.09,381.17,185.22,135.25,1,1,1.000000
1724168129848247900,138,1013.66,251.05,199.66,100.15,1,1,1.000000
1724168129848247900,139,640.73,644.45,197.88,75.14,1,1,1.000000
1724168129848247900,140,46.88,115.44,284.31,96.29,1,1,1.000000
1724168129848247900,142,1141.87,65.64,137.97,99.96,1,1,1.000000
1724168129934290900,67,308.25,128.77,370.64,93.64,1,1,1.000000
1724168129934290900,77,58.16,319.74,496.11,114.90,1,1,1.000000
1724168129934290900,83,2.61,612.35,645.09,107.12,1,1,1.000000
1724168129934290900,108,378.63,553.58,335.47,91.67,1,1,1.000000
1724168129934290900,122,733.06,323.35,195.90,116.02,1,1,1.000000
1724168129934290900,124,940.87,0.00,335.46,44.90,1,1,1.000000
1724168129934290900,132,884.12,573.79,175.98,146.02,1,1,1.000000
1724168129934290900,133,773.31,591.96,134.70,127.45,1,1,1.000000
1724168129934290900,136,589.12,394.93,217.92,82.88,1,1,1.000000
1724168129934290900,137,731.33,374.58,181.70,134.52,1,1,1.000000
1724168129934290900,138,991.57,237.19,203.04,107.67,1,1,1.000000
1724168129934290900,139,634.01,642.09,201.41,77.04,1,1,1.000000
1724168129934290900,140,11.47,106.55,343.98,123.92,1,1,1.000000
1724168129934290900,142,1121.24,61.12,158.46,104.21,1,1,1.000000
1724168129934290900,146,1111.44,536.52,66.28,109.69,1,1,1.000000
1724168129970521300,67,319.57,128.79,383.74,86.49,1,1,1.000000
1724168129970521300,77,36.37,317.55,506.15,124.91,1,1,1.000000
1724168129970521300,83,84.52,604.53,766.93,114.58,1,1,1.000000
1724168129970521300,108,363.65,551.27,333.61,77.07,1,1,1.000000
1724168129970521300,122,730.62,318.90,193.53,112.59,1,1,1.000000
1724168129970521300,124,954.37,0.00,322.09,45.32,1,1,1.000000
1724168129970521300,132,883.32,565.74,185.01,154.07,1,1,1.000000
1724168129970521300,133,771.75,589.26,138.69,129.88,1,1,1.000000
1724168129970521300,136,582.54,391.43,223.73,76.92,1,1,1.000000
1724168129970521300,137,729.84,370.09,198.85,140.21,1,1,1.000000
1724168129970521300,138,979.85,229.55,220.21,108.77,1,1,1.000000
1724168129970521300,140,1.30,105.25,351.68,132.16,1,1,1.000000
1724168129970521300,142,1102.22,63.02,176.89,94.95,1,1,1.000000
1724168129970521300,146,1109.64,535.69,60.11,109.63,1,1,1.000000
1724168129970521300,148,1195.29,367.72,84.80,57.79,1,1,1.000000
1724168129970521300,149,1210.25,168.46,69.11,58.98,1,1,1.000000
1724168129970521300,150,1218.27,472.38,61.38,103.58,1,1,1.000000
1724168130046718700,67,339.48,124.43,379.88,92.09,1,1,1.000000
1724168130046718700,77,6.09,309.87,519.37,132.14,1,1,1.000000
1724168130046718700,83,218.20,585.21,618.65,133.80,1,1,1.000000
1724168130046718700,108,357.49,545.86,335.04,69.45,1,1,1.000000
1724168130046718700,122,727.01,312.26,192.17,108.05,1,1,1.000000
1724168130046718700,124,980.70,0.00,290.26,40.48,1,1,1.000000
1724168130046718700,132,881.05,556.66,187.81,161.99,1,1,1.000000
1724168130046718700,133,772.69,584.22,142.61,134.67,1,1,1.000000
1724168130046718700,136,578.09,389.69,215.45,74.17,1,1,1.000000
1724168130046718700,137,726.37,365.17,176.59,122.11,1,1,1.000000
1724168130046718700,138,959.59,214.80,255.50,132.01,1,1,1.000000
1724168130046718700,140,0.68,99.57,347.58,133.36,1,1,1.000000
1724168130046718700,142,1091.20,72.31,187.68,86.57,1,1,1.000000
1724168130046718700,146,1110.44,537.53,56.29,108.89,1,1,1.000000
1724168130046718700,148,1172.94,359.75,106.52,65.70,1,1,1.000000
1724168130046718700,149,1214.12,166.96,65.31,60.19,1,1,1.000000
1724168130046718700,150,1218.09,464.52,61.14,105.70,1,1,1.000000
1724168130127669100,67,371.12,116.74,379.27,96.97,1,1,1.000000
1724168130127669100,77,0.80,301.91,511.56,137.75,1,1,1.000000
1724168130127669100,83,286.04,569.72,606.68,148.93,1,1,1.000000
1724168130127669100,108,353.06,540.19,336.25,74.45,1,1,1.000000
1724168130127669100,122,724.76,304.52,198.76,106.24,1,1,1.000000
1724168130127669100,124,1010.26,0.00,261.89,40.23,1,1,1.000000
1724168130127669100,132,881.67,544.24,196.99,173.90,1,1,1.000000
1724168130127669100,133,776.43,575.44,133.05,140.61,1,1,1.000000
1724168130127669100,136,575.67,385.37,218.02,68.95,1,1,1.000000
1724168130127669100,137,723.40,356.13,167.09,114.57,1,1,1.000000
1724168130127669100,138,945.09,183.63,242.82,154.25,1,1,1.000000
1724168130127669100,140,0.19,92.61,354.91,133.94,1,1,1.000000
1724168130127669100,142,1083.88,58.91,193.71,93.41,1,1,1.000000
1724168130127669100,146,1123.76,524.06,52.26,118.58,1,1,1.000000
1724168130127669100,148,1164.11,354.29,115.56,69.68,1,1,1.000000
1724168130127669100,149,1211.61,164.08,67.86,61.20,1,1,1.000000
1724168130127669100,150,1223.94,457.60,56.14,99.24,1,1,1.000000
1724168130168107100,67,413.69,105.79,362.34,116.42,1,1,1.000000
1724168130168107100,77,0.09,294.50,499.54,136.29,1,1,1.000000
1724168130168107100,83,307.71,564.32,684.11,154.44,1,1,1.000000
1724168130168107100,108,352.96,534.29,338.56,77.19,1,1,1.000000
1724168130168107100,122,727.01,296.58,197.61,104.46,1,1,1.000000
1724168130168107100,132,884.36,529.94,203.56,178.01,1,1,1.000000
1724168130168107100,136,576.37,377.06,218.74,71.88,1,1,1.000000
1724168130168107100,137,723.00,348.48,163.02,101.10,1,1,1.000000
1724168130168107100,138,936.77,156.73,247.11,162.95,1,1,1.000000
1724168130168107100,140,0.00,83.84,357.19,130.46,1,1,1.000000
1724168130168107100,142,1086.74,16.11,192.16,128.22,1,1,1.000000
1724168130168107100,146,1131.13,520.50,48.74,121.63,1,1,1.000000
1724168130168107100,148,1153.88,350.72,125.33,68.50,1,1,1.000000
1724168130168107100,149,1216.93,158.70,62.90,64.10,1,1,1.000000
1724168130168107100,150,1229.36,445.52,51.01,107.34,1,1,1.000000
1724168130245263200,67,441.56,93.75,361.68,98.33,1,1,1.000000
1724168130245263200,77,0.33,289.06,485.91,139.06,1,1,1.000000
1724168130245263200,83,443.71,563.61,637.82,154.52,1,1,1.000000
1724168130245263200,108,354.68,524.64,343.39,86.00,1,1,1.000000
1724168130245263200,122,733.97,288.75,196.76,105.30,1,1,1.000000
1724168130245263200,132,886.03,516.67,225.07,105.15,1,1,1.000000
1724168130245263200,136,577.12,368.79,220.10,71.91,1,1,1.000000
1724168130245263200,137,726.90,342.41,165.68,98.72,1,1,1.000000
1724168130245263200,138,935.37,143.82,249.82,163.52,1,1,1.000000
1724168130245263200,140,0.00,75.45,359.38,128.48,1,1,1.000000
1724168130245263200,142,1091.01,22.35,189.06,117.02,1,1,1.000000
1724168130245263200,146,1142.91,534.94,42.68,109.22,1,1,1.000000
1724168130245263200,148,1146.06,341.36,133.48,73.49,1,1,1.000000
1724168130245263200,149,1223.01,152.54,56.99,55.63,1,1,1.000000
1724168130291022300,67,474.59,87.94,356.23,96.02,1,1,1.000000
1724168130291022300,77,0.50,279.06,473.92,150.30,1,1,1.000000
1724168130291022300,83,532.20,549.69,596.24,167.18,1,1,1.000000
1724168130291022300,93,0.12,457.03,134.37,78.69,1,1,1.000000
1724168130291022300,108,363.89,517.63,382.22,94.45,1,1,1.000000
1724168130291022300,122,739.31,282.52,200.89,102.67,1,1,1.000000
1724168130291022300,132,967.79,508.07,183.36,88.73,1,1,1.000000
1724168130291022300,136,583.22,362.92,220.57,71.59,1,1,1.000000
1724168130291022300,137,734.95,334.30,172.04,108.73,1,1,1.000000
1724168130291022300,138,965.45,153.79,248.72,136.87,1,1,1.000000
1724168130291022300,140,0.76,66.15,361.81,128.68,1,1,1.000000
1724168130291022300,142,1093.92,23.74,186.13,110.21,1,1,1.000000
1724168130291022300,146,1149.23,533.10,55.14,117.52,1,1,1.000000
1724168130291022300,148,1142.34,338.79,136.74,77.33,1,1,1.000000
1724168130291022300,149,1227.61,153.35,52.52,62.32,1,1,1.000000
1724168130374090100,67,511.61,79.83,348.38,99.77,1,1,1.000000
1724168130374090100,77,1.06,269.90,462.42,179.50,1,1,1.000000
1724168130374090100,83,601.13,548.93,663.36,167.19,1,1,1.000000
1724168130374090100,93,0.91,413.87,252.69,134.22,1,1,1.000000
1724168130374090100,108,367.63,511.05,392.13,98.20,1,1,1.000000
1724168130374090100,122,738.03,272.58,199.43,99.92,1,1,1.000000
1724168130374090100,132,1003.48,496.27,188.16,81.56,1,1,1.000000
1724168130374090100,136,580.24,356.89,222.95,69.44,1,1,1.000000
1724168130374090100,137,730.94,324.84,175.92,105.46,1,1,1.000000
1724168130374090100,138,938.96,124.26,292.47,163.28,1,1,1.000000
1724168130374090100,140,1.20,53.93,361.45,133.89,1,1,1.000000
1724168130374090100,142,1105.58,14.92,174.50,112.60,1,1,1.000000
1724168130374090100,148,1128.43,333.92,150.81,78.34,1,1,1.000000
1724168130374090100,149,1230.90,146.31,49.07,59.54,1,1,1.000000
1724168130374090100,155,0.78,0.96,160.87,72.26,1,1,1.000000
1724168130445350700,67,571.73,71.71,353.69,99.77,1,1,1.000000
1724168130445350700,77,2.10,263.38,468.26,159.70,1,1,1.000000
1724168130445350700,83,604.51,536.57,675.70,179.57,1,1,1.000000
1724168130445350700,93,0.35,398.37,323.91,173.20,1,1,1.000000
1724168130445350700,108,383.08,504.50,322.65,110.21,1,1,1.000000
1724168130445350700,122,755.65,266.18,204.62,103.09,1,1,1.000000
1724168130445350700,132,973.18,495.09,272.76,84.60,1,1,1.000000
1724168130445350700,136,592.18,349.82,226.73,73.92,1,1,1.000000
1724168130445350700,137,745.12,317.21,178.04,107.02,1,1,1.000000
1724168130445350700,138,945.22,108.03,325.34,189.43,1,1,1.000000
1724168130445350700,140,1.42,65.53,370.93,115.30,1,1,1.000000
1724168130445350700,142,1124.17,3.81,155.60,114.62,1,1,1.000000
1724168130445350700,148,1134.31,326.68,145.02,84.75,1,1,1.000000
1724168130445350700,155,0.00,0.30,233.50,75.54,1,1,1.000000
1724168130489401500,67,612.79,63.83,361.84,96.55,1,1,1.000000
1724168130489401500,77,19.09,258.18,468.47,164.26,1,1,1.000000
1724168130489401500,83,612.70,530.97,665.25,184.90,1,1,1.000000
1724168130489401500,93,0.57,371.41,450.36,222.93,1,1,1.000000
1724168130489401500,108,408.11,495.69,323.78,124.85,1,1,1.000000
1724168130489401500,122,772.73,260.57,212.91,106.58,1,1,1.000000
1724168130489401500,132,1056.56,487.52,223.06,105.37,1,1,1.000000
1724168130489401500,136,604.50,343.31,236.00,78.06,1,1,1.000000
1724168130489401500,137,766.55,313.28,178.20,99.00,1,1,1.000000
1724168130489401500,138,972.35,93.31,307.76,198.79,1,1,1.000000
1724168130489401500,140,2.38,63.23,380.74,111.87,1,1,1.000000
1724168130489401500,142,1134.52,0.76,145.02,98.71,1,1,1.000000
1724168130489401500,148,1147.71,320.33,131.63,82.29,1,1,1.000000
1724168130489401500,155,1.14,0.00,265.10,56.11,1,1,1.000000
1724168130489401500,161,837.25,531.11,139.64,84.89,1,1,1.000000
1724168130565211200,64,1.29,137.61,319.10,169.38,1,1,1.000000
1724168130565211200,67,656.08,57.16,365.61,99.62,1,1,1.000000
1724168130565211200,77,50.38,275.77,440.31,136.99,1,1,1.000000
1724168130565211200,83,898.95,587.62,380.75,129.15,1,1,1.000000
1724168130565211200,87,0.81,334.12,121.09,98.17,1,1,1.000000
1724168130565211200,93,0.00,406.27,622.69,171.12,1,1,1.000000
1724168130565211200,108,422.65,497.43,319.63,133.87,1,1,1.000000
1724168130565211200,122,781.46,253.78,219.04,107.98,1,1,1.000000
1724168130565211200,132,1067.64,479.48,212.08,109.89,1,1,1.000000
1724168130565211200,133,614.61,518.70,312.49,182.42,1,1,1.000000
1724168130565211200,136,612.62,339.35,236.77,79.73,1,1,1.000000
1724168130565211200,137,776.21,306.47,182.71,96.73,1,1,1.000000
1724168130565211200,138,993.16,78.22,287.90,207.52,1,1,1.000000
1724168130565211200,140,0.00,1.15,399.79,170.25,1,1,1.000000
1724168130565211200,142,1151.26,0.20,128.75,70.90,1,1,1.000000
1724168130565211200,148,1158.58,313.19,121.03,87.42,1,1,1.000000
1724168130565211200,161,845.56,525.75,133.45,81.29,1,1,1.000000
1724168130565211200,163,951.62,513.60,133.71,90.61,1,1,1.000000
1724168130613967400,64,1.70,118.08,440.46,191.90,1,1,1.000000
1724168130613967400,67,706.40,41.27,348.42,124.55,1,1,1.000000
1724168130613967400,77,27.20,294.67,447.66,119.38,1,1,1.000000
1724168130613967400,83,964.08,579.86,315.93,133.18,1,1,1.000000
1724168130613967400,87,0.31,346.41,116.75,103.15,1,1,1.000000
1724168130613967400,93,0.00,401.05,711.96,174.73,1,1,1.000000
1724168130613967400,122,778.00,247.64,214.72,107.68,1,1,1.000000
1724168130613967400,132,1063.42,470.42,216.21,103.37,1,1,1.000000
1724168130613967400,133,599.03,512.04,355.39,203.12,1,1,1.000000
1724168130613967400,136,608.20,335.26,237.86,84.60,1,1,1.000000
1724168130613967400,137,776.74,299.17,180.76,99.14,1,1,1.000000
1724168130613967400,138,1027.94,62.83,248.54,193.61,1,1,1.000000
1724168130613967400,140,2.36,0.81,494.89,164.51,1,1,1.000000
1724168130613967400,142,1161.47,0.00,118.43,53.15,1,1,1.000000
1724168130613967400,148,1164.89,298.01,114.93,94.66,1,1,1.000000
1724168130613967400,161,840.56,517.43,181.89,121.46,1,1,1.000000
1724168130613967400,163,947.58,505.65,139.88,83.54,1,1,1.000000
1724168130688482100,64,0.64,121.77,553.13,183.20,1,1,1.000000
1724168130688482100,67,745.59,38.15,373.82,101.53,1,1,1.000000
1724168130688482100,77,27.79,288.61,435.51,130.12,1,1,1.000000
1724168130688482100,83,949.48,495.94,329.56,190.78,1,1,1.000000
1724168130688482100,93,0.00,406.62,708.74,166.73,1,1,1.000000
1724168130688482100,122,781.27,240.20,216.89,104.68,1,1,1.000000
1724168130688482100,132,1069.42,465.56,210.51,89.58,1,1,1.000000
1724168130688482100,133,589.62,540.08,357.83,174.70,1,1,1.000000
1724168130688482100,136,611.86,331.04,241.62,89.25,1,1,1.000000
1724168130688482100,137,783.27,296.79,186.55,99.62,1,1,1.000000
1724168130688482100,138,1039.34,96.31,215.28,143.27,1,1,1.000000
1724168130688482100,140,1.97,0.55,581.79,140.48,1,1,1.000000
1724168130688482100,142,1155.50,0.00,124.73,44.88,1,1,1.000000
1724168130688482100,148,1199.04,288.71,80.94,92.11,1,1,1.000000
1724168130688482100,161,839.41,508.29,179.36,145.48,1,1,1.000000
1724168130688482100,163,951.56,496.65,158.58,116.23,1,1,1.000000
1724168130688482100,168,418.59,562.67,127.25,84.85,1,1,1.000000
1724168130719973400,64,0.00,119.30,658.57,172.89,1,1,1.000000
1724168130719973400,67,756.56,30.07,373.50,98.83,1,1,1.000000
1724168130719973400,77,22.08,275.30,410.65,152.63,1,1,1.000000
1724168130719973400,83,955.94,493.02,324.00,184.83,1,1,1.000000
1724168130719973400,93,29.35,409.92,762.38,190.01,1,1,1.000000
1724168130719973400,122,776.04,234.25,221.98,99.17,1,1,1.000000
1724168130719973400,132,1058.53,466.64,221.35,79.85,1,1,1.000000
1724168130719973400,133,599.84,496.78,357.80,218.13,1,1,1.000000
1724168130719973400,136,608.47,327.78,247.82,97.19,1,1,1.000000
1724168130719973400,137,780.57,292.84,198.88,98.61,1,1,1.000000
1724168130719973400,138,1049.89,103.41,193.80,129.80,1,1,1.000000
1724168130719973400,140,2.74,0.36,659.36,129.60,1,1,1.000000
1724168130719973400,142,1155.43,0.00,124.51,38.31,1,1,1.000000
1724168130719973400,148,1201.60,284.49,78.42,88.74,1,1,1.000000
1724168130719973400,161,846.10,505.90,200.65,142.19,1,1,1.000000
1724168130719973400,168,422.51,558.49,121.24,96.01,1,1,1.000000
1724168130719973400,172,943.61,624.95,146.34,88.49,1,1,1.000000
1724168130811629600,64,1.94,115.74,754.29,156.43,1,1,1.000000
1724168130811629600,67,790.75,20.91,399.25,104.26,1,1,1.000000
1724168130811629600,77,5.44,244.84,403.25,189.08,1,1,1.000000
1724168130811629600,93,189.62,420.28,785.22,245.18,1,1,1.000000
1724168130811629600,108,423.21,510.14,363.64,153.72,1,1,1.000000
1724168130811629600,122,778.60,229.29,228.43,102.17,1,1,1.000000
1724168130811629600,132,1077.71,472.13,202.70,73.12,1,1,1.000000
1724168130811629600,133,644.58,577.64,332.17,124.16,1,1,1.000000
1724168130811629600,136,605.69,325.79,259.37,102.00,1,1,1.000000
1724168130811629600,137,788.38,290.33,197.09,102.62,1,1,1.000000
1724168130811629600,138,1045.49,111.06,168.57,116.50,1,1,1.000000
1724168130811629600,140,9.93,0.64,743.77,104.44,1,1,1.000000
1724168130811629600,148,1226.89,283.45,53.37,81.81,1,1,1.000000
1724168130811629600,161,855.95,508.35,282.40,137.12,1,1,1.000000
1724168130811629600,163,972.08,509.93,183.75,126.40,1,1,1.000000
1724168130811629600,168,425.23,511.65,267.46,151.20,1,1,1.000000
1724168130811629600,172,876.28,594.41,221.26,107.43,1,1,1.000000
1724168130839546400,64,194.24,106.11,697.28,155.65,1,1,1.000000
1724168130839546400,67,855.22,19.63,422.79,92.23,1,1,1.000000
1724168130839546400,77,2.65,214.02,409.68,213.54,1,1,1.000000
1724168130839546400,93,373.60,433.59,649.51,281.26,1,1,1.000000
1724168130839546400,122,809.12,227.82,230.59,98.26,1,1,1.000000
1724168130839546400,132,1132.43,479.92,147.65,66.49,1,1,1.000000
1724168130839546400,136,634.23,321.89,263.21,105.01,1,1,1.000000
1724168130839546400,137,814.33,285.50,202.52,99.08,1,1,1.000000
1724168130839546400,138,1119.70,120.35,95.57,94.07,1,1,1.000000
1724168130839546400,140,172.62,0.00,700.33,86.29,1,1,1.000000
1724168130839546400,161,886.78,508.09,221.94,138.01,1,1,1.000000
1724168130839546400,163,1026.65,515.44,181.19,142.05,1,1,1.000000
1724168130839546400,168,447.37,514.70,142.91,146.90,1,1,1.000000
1724168130839546400,179,3.62,42.53,384.19,81.49,1,1,1.000000
1724168130932630200,64,412.36,94.39,683.56,157.32,1,1,1.000000
1724168130932630200,67,916.31,13.88,361.92,97.89,1,1,1.000000
1724168130932630200,77,2.55,199.49,424.16,202.26,1,1,1.000000
1724168130932630200,93,468.57,387.91,634.06,281.88,1,1,1.000000
1724168130932630200,122,853.55,228.07,226.46,98.10,1,1,1.000000
1724168130932630200,136,663.08,315.50,269.00,109.02,1,1,1.000000
1724168130932630200,137,847.34,283.27,195.91,99.00,1,1,1.000000
1724168130932630200,140,34.61,0.29,941.53,115.77,1,1,1.000000
1724168130932630200,163,1036.98,483.75,206.98,190.58,1,1,1.000000
1724168130932630200,168,480.11,495.67,148.00,169.18,1,1,1.000000
1724168130932630200,172,934.18,628.03,212.85,88.77,1,1,1.000000
1724168130932630200,184,607.17,683.93,193.64,35.66,1,1,1.000000
1724168130963096600,64,476.00,83.66,694.11,159.53,1,1,1.000000
1724168130963096600,67,973.67,0.58,305.31,100.65,1,1,1.000000
1724168130963096600,77,4.36,181.01,423.43,204.88,1,1,1.000000
1724168130963096600,93,615.91,428.99,656.69,252.97,1,1,1.000000
1724168130963096600,122,876.48,233.20,217.16,63.73,1,1,1.000000
1724168130963096600,136,675.38,310.05,283.10,103.34,1,1,1.000000
1724168130963096600,137,862.26,280.26,205.66,75.25,1,1,1.000000
1724168130963096600,140,308.94,0.00,775.28,66.26,1,1,1.000000
1724168130963096600,163,1068.79,484.53,210.87,159.53,1,1,1.000000
1724168130963096600,168,506.61,490.94,159.08,180.40,1,1,1.000000
1724168130963096600,172,989.40,646.86,204.04,72.01,1,1,1.000000
1724168130963096600,179,71.92,10.96,391.47,99.04,1,1,1.000000
1724168130963096600,184,625.69,679.00,227.53,40.42,1,1,1.000000
1724168130963096600,187,0.54,471.83,336.56,149.62,1,1,1.000000
1724168131039311800,64,645.60,71.51,630.52,168.29,1,1,1.000000
1724168131039311800,67,1050.57,2.56,229.87,90.42,1,1,1.000000
1724168131039311800,77,28.05,164.60,421.63,210.38,1,1,1.000000
1724168131039311800,93,670.98,413.77,606.94,291.72,1,1,1.000000
1724168131039311800,122,911.62,225.05,217.31,81.08,1,1,1.000000
1724168131039311800,136,699.18,300.76,272.03,102.72,1,1,1.000000
1724168131039311800,137,895.82,270.87,206.22,82.80,1,1,1.000000
1724168131039311800,140,438.42,0.38,311.60,40.64,1,1,1.000000
1724168131039311800,168,530.03,489.76,146.05,187.60,1,1,1.000000
1724168131039311800,179,114.02,13.56,378.14,96.45,1,1,1.000000
1724168131039311800,184,657.02,673.66,235.71,45.74,1,1,1.000000
1724168131039311800,187,1.05,420.24,399.32,189.39,1,1,1.000000
1724168131039311800,190,0.56,297.11,236.09,49.56,1,1,1.000000
1724168131087937600,64,808.42,52.13,469.90,176.59,1,1,1.000000
1724168131087937600,77,73.76,155.04,422.52,180.10,1,1,1.000000
1724168131087937600,93,755.31,457.01,523.09,257.19,1,1,1.000000
1724168131087937600,122,948.20,208.26,262.09,94.72,1,1,1.000000
1724168131087937600,132,1145.75,481.49,134.51,78.44,1,1,1.000000
1724168131087937600,133,580.66,602.28,357.23,116.31,1,1,1.000000
1724168131087937600,136,744.57,294.20,278.54,106.19,1,1,1.000000
1724168131087937600,137,951.72,267.09,193.48,84.35,1,1,1.000000
1724168131087937600,140,515.92,0.06,303.02,34.28,1,1,1.000000
1724168131087937600,168,583.79,477.51,196.44,217.99,1,1,1.000000
1724168131087937600,179,162.38,14.55,365.84,93.46,1,1,1.000000
1724168131087937600,184,719.69,674.43,220.15,45.17,1,1,1.000000
1724168131087937600,187,0.00,423.89,492.03,176.12,1,1,1.000000
1724168131087937600,193,0.00,299.49,497.10,301.15,1,1,1.000000
1724168131160867900,64,845.78,73.68,431.73,142.90,1,1,1.000000
1724168131160867900,77,95.69,151.86,417.26,154.38,1,1,1.000000
1724168131160867900,93,788.23,478.85,491.19,236.71,1,1,1.000000
1724168131160867900,122,949.69,188.51,319.92,99.53,1,1,1.000000
1724168131160867900,132,1191.90,486.30,87.69,68.54,1,1,1.000000
1724168131160867900,136,771.83,293.25,299.58,106.97,1,1,1.000000
1724168131160867900,137,986.46,271.72,270.92,137.75,1,1,1.000000
1724168131160867900,161,960.21,471.02,318.44,123.65,1,1,1.000000
1724168131160867900,168,637.73,479.14,202.54,220.50,1,1,1.000000
1724168131160867900,179,206.24,14.75,349.26,98.90,1,1,1.000000
1724168131160867900,184,791.22,681.42,186.98,38.50,1,1,1.000000
1724168131160867900,187,0.47,427.16,582.58,186.31,1,1,1.000000
1724168131218972200,77,143.51,149.60,415.51,192.50,1,1,1.000000
1724168131218972200,93,753.33,473.71,512.75,243.41,1,1,1.000000
1724168131218972200,122,1012.93,181.28,266.60,105.48,1,1,1.000000
1724168131218972200,136,796.63,290.52,321.24,113.98,1,1,1.000000
1724168131218972200,137,1046.77,269.20,216.10,71.48,1,1,1.000000
1724168131218972200,161,989.85,467.82,289.35,245.36,1,1,1.000000
1724168131218972200,168,650.04,482.19,300.45,236.97,1,1,1.000000
1724168131218972200,179,258.40,22.72,340.95,99.04,1,1,1.000000
1724168131218972200,187,1.33,416.97,656.40,249.89,1,1,1.000000
1724168131218972200,201,673.02,0.26,331.26,25.70,1,1,1.000000
1724168131282139300,77,181.42,151.54,421.60,200.93,1,1,1.000000
1724168131282139300,93,793.82,465.80,483.47,249.05,1,1,1.000000
1724168131282139300,122,1065.28,187.29,214.92,98.31,1,1,1.000000
1724168131282139300,136,838.51,291.45,319.46,123.50,1,1,1.000000
1724168131282139300,137,1124.94,272.29,155.14,87.08,1,1,1.000000
1724168131282139300,161,1044.80,475.82,234.65,189.97,1,1,1.000000
1724168131282139300,168,677.15,470.30,308.49,248.98,1,1,1.000000
1724168131282139300,179,301.06,32.26,333.27,100.21,1,1,1.000000
1724168131282139300,187,62.08,437.96,712.80,259.37,1,1,1.000000
1724168131282139300,201,637.11,0.00,405.28,35.15,1,1,1.000000
1724168131282139300,205,0.00,335.13,107.53,59.11,1,1,1.000000
1724168131374770200,77,191.69,152.99,422.96,198.81,1,1,1.000000
1724168131374770200,93,862.86,474.56,392.19,229.27,1,1,1.000000
1724168131374770200,122,1088.94,187.66,191.22,101.13,1,1,1.000000
1724168131374770200,136,854.20,298.17,346.62,129.68,1,1,1.000000
1724168131374770200,137,1174.07,278.05,105.34,93.16,1,1,1.000000
1724168131374770200,163,1091.19,487.30,188.22,171.96,1,1,1.000000
1724168131374770200,168,692.29,471.95,325.02,247.29,1,1,1.000000
1724168131374770200,179,314.36,36.14,332.39,104.83,1,1,1.000000
1724168131374770200,187,222.61,454.64,624.24,263.96,1,1,1.000000
1724168131374770200,201,694.70,0.00,403.91,42.00,1,1,1.000000
1724168131374770200,205,0.00,343.24,133.56,58.79,1,1,1.000000
1724168131403493000,77,200.46,152.25,420.24,192.18,1,1,1.000000
1724168131403493000,93,892.76,442.05,290.64,275.88,1,1,1.000000
1724168131403493000,122,1118.21,186.98,161.58,95.51,1,1,1.000000
1724168131403493000,136,867.51,301.14,333.61,137.17,1,1,1.000000
1724168131403493000,137,1186.57,282.39,93.14,102.57,1,1,1.000000
1724168131403493000,143,1139.65,623.46,138.84,94.13,1,1,1.000000
1724168131403493000,163,1099.41,484.54,177.92,165.08,1,1,1.000000
1724168131403493000,168,667.54,484.59,364.62,234.14,1,1,1.000000
1724168131403493000,179,332.12,41.58,329.58,107.35,1,1,1.000000
1724168131403493000,187,273.05,456.81,597.52,262.31,1,1,1.000000
1724168131403493000,201,751.47,0.09,416.23,39.19,1,1,1.000000
1724168131403493000,205,0.53,345.87,134.61,63.77,1,1,1.000000
1724168131480429100,77,168.16,147.59,430.47,192.49,1,1,1.000000
1724168131480429100,93,899.34,419.33,234.24,297.03,1,1,1.000000
1724168131480429100,122,1105.76,181.64,174.24,96.78,1,1,1.000000
1724168131480429100,136,848.62,299.75,351.64,149.94,1,1,1.000000
1724168131480429100,137,1180.33,278.46,99.24,106.41,1,1,1.000000
1724168131480429100,163,1084.85,476.33,194.73,229.67,1,1,1.000000
1724168131480429100,168,645.60,493.38,294.97,222.51,1,1,1.000000
1724168131480429100,179,319.00,42.71,339.96,112.82,1,1,1.000000
1724168131480429100,187,363.27,425.09,475.76,294.77,1,1,1.000000
1724168131480429100,205,0.00,345.71,120.31,65.43,1,1,1.000000
1724168131527016600,77,105.09,131.29,455.71,197.67,1,1,1.000000
1724168131527016600,93,883.17,396.10,181.82,323.88,1,1,1.000000
1724168131527016600,122,1078.63,170.62,200.98,99.97,1,1,1.000000
1724168131527016600,136,820.72,294.12,346.85,158.70,1,1,1.000000
1724168131527016600,137,1155.30,271.33,124.57,109.03,1,1,1.000000
1724168131527016600,163,1065.26,463.23,215.28,255.36,1,1,1.000000
1724168131527016600,168,648.91,512.20,269.55,204.90,1,1,1.000000
1724168131527016600,179,278.75,39.86,341.81,113.34,1,1,1.000000
1724168131527016600,187,379.37,430.88,414.27,287.17,1,1,1.000000
1724168131571499000,77,54.67,130.49,468.21,189.73,1,1,1.000000
1724168131571499000,108,431.63,543.61,393.38,175.51,1,1,1.000000
1724168131571499000,122,1041.90,160.13,238.27,103.12,1,1,1.000000
1724168131571499000,136,777.52,289.48,361.40,154.51,1,1,1.000000
1724168131571499000,137,1130.20,263.46,149.11,120.70,1,1,1.000000
1724168131571499000,143,1112.12,635.76,118.75,81.75,1,1,1.000000
1724168131571499000,146,1174.45,518.86,105.11,104.84,1,1,1.000000
1724168131571499000,163,1040.83,452.11,238.04,266.54,1,1,1.000000
1724168131571499000,168,654.68,530.11,296.28,188.75,1,1,1.000000
1724168131571499000,179,242.93,45.63,346.43,107.11,1,1,1.000000
1724168131651277700,77,0.98,132.51,463.85,177.33,1,1,1.000000
1724168131651277700,108,405.97,557.15,350.03,162.42,1,1,1.000000
1724168131651277700,122,1018.41,154.62,261.45,97.74,1,1,1.000000
1724168131651277700,133,535.47,623.66,221.37,95.94,1,1,1.000000
1724168131651277700,136,750.59,284.66,344.95,139.89,1,1,1.000000
1724168131651277700,137,1106.24,261.36,173.35,106.47,1,1,1.000000
1724168131651277700,139,397.10,555.65,87.98,163.29,1,1,1.000000
1724168131651277700,143,1087.05,633.14,125.91,82.34,1,1,1.000000
1724168131651277700,146,1151.90,512.09,127.29,138.31,1,1,1.000000
1724168131651277700,163,1014.20,437.72,264.95,277.30,1,1,1.000000
1724168131651277700,168,668.88,571.44,370.75,148.08,1,1,1.000000
1724168131651277700,179,211.92,47.76,329.37,107.88,1,1,1.000000
1724168131651277700,209,839.10,380.39,155.46,295.78,1,1,1.000000
1724168131651277700,210,910.68,651.82,135.83,68.55,1,1,1.000000
1724168131726873100,77,0.54,137.55,406.31,174.64,1,1,1.000000
1724168131726873100,122,966.96,144.63,312.85,121.71,1,1,1.000000
1724168131726873100,133,431.63,655.21,327.65,64.44,1,1,1.000000
1724168131726873100,136,707.59,284.13,352.96,95.85,1,1,1.000000
1724168131726873100,137,1059.62,257.28,219.62,113.81,1,1,1.000000
1724168131726873100,143,1060.60,635.28,157.30,73.68,1,1,1.000000
1724168131726873100,146,1139.92,504.67,139.48,148.31,1,1,1.000000
1724168131726873100,163,1001.25,428.29,279.25,283.07,1,1,1.000000
1724168131726873100,168,670.97,597.79,345.52,121.54,1,1,1.000000
1724168131726873100,179,189.35,46.76,303.21,117.14,1,1,1.000000
1724168131726873100,184,1059.76,634.94,219.42,82.87,1,1,1.000000
1724168131726873100,209,822.05,370.12,207.57,343.20,1,1,1.000000
1724168131772703500,77,0.00,146.33,327.02,164.75,1,1,1.000000
1724168131772703500,122,920.00,134.70,356.95,125.58,1,1,1.000000
1724168131772703500,133,482.61,635.03,145.51,84.67,1,1,1.000000
1724168131772703500,136,660.38,283.92,353.08,84.07,1,1,1.000000
1724168131772703500,137,1012.00,248.10,267.65,127.57,1,1,1.000000
1724168131772703500,143,1032.65,630.70,153.99,65.23,1,1,1.000000
1724168131772703500,146,1118.29,500.63,161.04,159.98,1,1,1.000000
1724168131772703500,161,1108.93,500.06,171.42,211.42,1,1,1.000000
1724168131772703500,163,987.23,424.79,163.04,197.66,1,1,1.000000
1724168131772703500,168,684.00,637.53,300.41,82.10,1,1,1.000000
1724168131772703500,179,156.82,72.62,277.89,103.76,1,1,1.000000
1724168131772703500,209,797.25,366.08,236.44,342.27,1,1,1.000000
1724168131850379300,77,0.19,172.54,259.26,172.00,1,1,1.000000
1724168131850379300,122,889.94,132.16,348.41,115.32,1,1,1.000000
1724168131850379300,136,636.64,284.84,335.11,80.46,1,1,1.000000
1724168131850379300,137,988.29,252.37,291.98,127.29,1,1,1.000000
1724168131850379300,143,1035.95,626.25,147.41,58.44,1,1,1.000000
1724168131850379300,146,1095.98,490.89,184.84,221.51,1,1,1.000000
1724168131850379300,163,974.83,424.19,159.52,184.82,1,1,1.000000
1724168131850379300,168,725.13,655.66,212.66,63.88,1,1,1.000000
1724168131850379300,179,118.62,75.04,262.89,122.00,1,1,1.000000
1724168131850379300,209,781.27,360.31,280.86,306.54,1,1,1.000000
1724168131926691600,77,0.00,216.46,168.45,104.84,1,1,1.000000
1724168131926691600,122,855.57,126.62,337.61,117.16,1,1,1.000000
1724168131926691600,136,593.13,288.35,334.24,84.07,1,1,1.000000
1724168131926691600,137,1015.47,253.82,264.91,128.45,1,1,1.000000
1724168131926691600,143,1022.06,624.69,119.79,49.61,1,1,1.000000
1724168131926691600,146,1089.97,481.93,190.66,221.18,1,1,1.000000
1724168131926691600,163,965.06,425.26,162.88,204.74,1,1,1.000000
1724168131926691600,168,746.22,656.25,122.58,63.73,1,1,1.000000
1724168131926691600,179,77.83,86.62,248.17,111.59,1,1,1.000000
1724168131926691600,209,741.02,336.75,333.10,272.76,1,1,1.000000
1724168131972139900,77,0.27,226.02,130.82,81.74,1,1,1.000000
1724168131972139900,93,938.83,408.55,341.34,282.91,1,1,1.000000
1724168131972139900,122,838.49,121.12,333.74,116.01,1,1,1.000000
1724168131972139900,136,564.32,286.74,325.57,85.68,1,1,1.000000
1724168131972139900,137,1005.69,249.87,273.86,142.39,1,1,1.000000
1724168131972139900,146,1066.84,470.44,212.27,218.55,1,1,1.000000
1724168131972139900,163,939.48,407.51,155.54,216.26,1,1,1.000000
1724168131972139900,179,61.09,85.61,248.38,118.36,1,1,1.000000
1724168131972139900,209,699.23,332.92,381.99,238.06,1,1,1.000000
1724168132051423600,93,934.50,406.80,345.17,292.17,1,1,1.000000
1724168132051423600,122,804.13,114.12,322.29,115.90,1,1,1.000000
1724168132051423600,136,525.94,286.28,342.23,86.51,1,1,1.000000
1724168132051423600,137,995.15,261.02,284.86,159.11,1,1,1.000000
1724168132051423600,146,1049.44,492.48,228.97,202.63,1,1,1.000000
1724168132051423600,179,2.05,89.13,258.45,130.11,1,1,1.000000
1724168132051423600,209,668.92,312.18,423.50,252.98,1,1,1.000000
1724168132051423600,224,1206.84,446.06,72.70,112.46,1,1,1.000000
1724168132051423600,225,988.01,623.26,154.95,78.92,1,1,1.000000
1724168132125962300,122,779.00,111.41,325.20,117.32,1,1,1.000000
1724168132125962300,136,491.79,286.98,358.58,89.44,1,1,1.000000
1724168132125962300,137,976.55,264.41,303.51,160.10,1,1,1.000000
1724168132125962300,146,1017.86,471.29,260.93,240.37,1,1,1.000000
1724168132125962300,163,912.36,421.37,270.54,277.79,1,1,1.000000
1724168132125962300,179,0.41,95.51,211.32,125.51,1,1,1.000000
1724168132125962300,209,642.70,306.20,458.00,233.27,1,1,1.000000
1724168132125962300,224,1186.73,425.55,93.27,136.17,1,1,1.000000
1724168132125962300,225,977.38,625.57,195.77,91.29,1,1,1.000000
1724168132125962300,226,0.00,427.11,137.84,90.34,1,1,1.000000
1724168132174127900,122,755.92,105.66,315.93,127.90,1,1,1.000000
1724168132174127900,136,459.16,287.11,357.33,96.61,1,1,1.000000
1724168132174127900,137,1072.92,299.15,207.39,142.02,1,1,1.000000
1724168132174127900,146,991.60,460.51,288.00,248.57,1,1,1.000000
1724168132174127900,163,898.45,416.08,260.92,282.55,1,1,1.000000
1724168132174127900,179,0.27,94.49,172.55,108.49,1,1,1.000000
1724168132174127900,209,641.06,293.21,466.46,218.67,1,1,1.000000
1724168132174127900,210,966.15,628.11,92.96,90.95,1,1,1.000000
1724168132174127900,224,1180.72,426.60,99.25,152.08,1,1,1.000000
1724168132174127900,226,0.00,412.86,158.73,95.75,1,1,1.000000
1724168132250464800,93,1003.13,450.52,276.99,265.35,1,1,1.000000
1724168132250464800,122,735.42,97.40,313.70,139.64,1,1,1.000000
1724168132250464800,136,423.47,288.06,360.19,104.54,1,1,1.000000
1724168132250464800,137,1107.86,318.09,171.98,135.21,1,1,1.000000
1724168132250464800,146,1003.41,451.50,276.67,265.49,1,1,1.000000
1724168132250464800,163,881.79,415.08,270.19,295.28,1,1,1.000000
1724168132250464800,179,0.91,86.71,133.00,121.94,1,1,1.000000
1724168132250464800,209,654.69,288.77,491.09,194.95,1,1,1.000000
1724168132250464800,224,1167.69,443.96,111.57,148.99,1,1,1.000000
1724168132294041700,122,716.11,95.17,319.65,148.17,1,1,1.000000
1724168132294041700,136,395.50,287.61,358.22,99.52,1,1,1.000000
1724168132294041700,137,1076.48,342.42,202.22,121.96,1,1,1.000000
1724168132294041700,146,1026.13,559.15,256.38,157.91,1,1,1.000000
1724168132294041700,163,866.72,416.42,250.71,290.67,1,1,1.000000
1724168132294041700,209,662.85,285.88,530.35,190.07,1,1,1.000000
1724168132294041700,210,927.41,652.97,89.28,66.65,1,1,1.000000
1724168132294041700,224,1142.64,450.51,136.50,202.86,1,1,1.000000
1724168132327162600,122,694.71,98.28,326.79,151.11,1,1,1.000000
1724168132327162600,136,361.82,287.41,366.79,94.45,1,1,1.000000
1724168132327162600,137,1118.05,356.95,161.73,132.11,1,1,1.000000
1724168132327162600,146,999.54,582.64,279.13,135.87,1,1,1.000000
1724168132327162600,163,852.17,415.72,204.17,301.70,1,1,1.000000
1724168132327162600,209,686.82,283.35,551.05,208.49,1,1,1.000000
1724168132327162600,224,1115.17,434.42,164.74,206.02,1,1,1.000000
1724168132401257800,122,682.66,97.97,324.97,159.17,1,1,1.000000
1724168132401257800,136,335.46,285.97,369.20,94.83,1,1,1.000000
1724168132401257800,137,1163.87,402.73,115.51,106.18,1,1,1.000000
1724168132401257800,146,981.24,582.10,298.04,136.65,1,1,1.000000
1724168132401257800,163,841.05,409.91,139.39,279.23,1,1,1.000000
1724168132401257800,209,731.66,278.86,543.35,208.47,1,1,1.000000
1724168132401257800,210,915.61,564.47,121.28,154.51,1,1,1.000000
1724168132401257800,224,1092.09,406.49,187.51,246.30,1,1,1.000000
1724168132446722700,122,667.79,96.08,320.77,167.36,1,1,1.000000
1724168132446722700,136,296.56,285.52,387.10,92.92,1,1,1.000000
1724168132446722700,137,1213.36,424.72,66.82,108.52,1,1,1.000000
1724168132446722700,163,823.53,407.74,145.39,309.49,1,1,1.000000
1724168132446722700,209,768.29,282.83,510.11,170.31,1,1,1.000000
1724168132446722700,224,1080.13,460.09,196.97,218.03,1,1,1.000000
1724168132446722700,225,969.15,610.33,173.51,109.60,1,1,1.000000
1724168132523720900,122,656.08,95.56,323.52,172.71,1,1,1.000000
1724168132523720900,136,266.01,283.24,396.07,98.41,1,1,1.000000
1724168132523720900,163,806.52,401.15,149.18,313.88,1,1,1.000000
1724168132523720900,209,773.44,290.59,504.56,145.46,1,1,1.000000
1724168132523720900,224,1047.92,476.88,232.27,220.46,1,1,1.000000
1724168132523720900,225,889.60,630.45,174.95,85.44,1,1,1.000000
1724168132568063100,122,641.45,93.63,318.82,177.79,1,1,1.000000
1724168132568063100,136,240.79,282.38,399.10,91.27,1,1,1.000000
1724168132568063100,163,794.16,360.00,140.50,344.35,1,1,1.000000
1724168132568063100,209,795.10,303.64,482.36,149.02,1,1,1.000000
1724168132568063100,224,1032.39,498.23,248.38,219.86,1,1,1.000000
1724168132568063100,225,886.05,631.98,144.98,85.91,1,1,1.000000
1724168132643388700,122,635.30,95.24,318.51,176.23,1,1,1.000000
1724168132643388700,136,212.10,279.91,411.83,88.55,1,1,1.000000
1724168132643388700,163,800.25,376.19,144.06,306.98,1,1,1.000000
1724168132643388700,209,823.28,321.56,455.90,142.70,1,1,1.000000
1724168132643388700,224,1014.31,519.65,266.55,198.36,1,1,1.000000
1724168132643388700,225,875.45,650.01,142.57,69.43,1,1,1.000000
1724168132689744200,122,628.39,93.67,323.83,179.48,1,1,1.000000
1724168132689744200,136,185.95,277.77,424.99,86.54,1,1,1.000000
1724168132689744200,163,796.25,393.79,155.48,326.88,1,1,1.000000
1724168132689744200,209,866.72,338.30,412.33,151.80,1,1,1.000000
1724168132689744200,224,1021.30,534.91,259.04,184.07,1,1,1.000000
1724168132767462700,122,618.05,92.60,320.49,177.85,1,1,1.000000
1724168132767462700,136,163.03,275.71,429.37,86.99,1,1,1.000000
1724168132767462700,163,788.90,390.35,182.22,328.84,1,1,1.000000
1724168132767462700,209,909.96,346.94,369.31,156.93,1,1,1.000000
1724168132767462700,224,1026.00,558.51,254.86,161.40,1,1,1.000000
1724168132767462700,225,882.37,669.84,96.70,50.13,1,1,1.000000
1724168132767462700,241,0.33,9.21,98.62,84.39,1,1,1.000000
1724168132810813800,122,606.18,91.10,325.47,176.46,1,1,1.000000
1724168132810813800,136,137.77,272.48,437.84,95.58,1,1,1.000000
1724168132810813800,163,799.16,382.72,157.71,333.43,1,1,1.000000
1724168132810813800,209,966.52,369.68,312.64,142.58,1,1,1.000000
1724168132810813800,224,1041.45,589.12,238.56,130.38,1,1,1.000000
1724168132810813800,241,0.61,0.71,129.93,93.42,1,1,1.000000
1724168132810813800,242,0.06,130.71,173.35,125.36,1,1,1.000000
1724168132933457800,122,599.33,91.67,329.41,172.36,1,1,1.000000
1724168132933457800,136,113.05,271.36,446.74,96.69,1,1,1.000000
1724168132933457800,163,794.50,389.21,175.22,328.51,1,1,1.000000
1724168132933457800,209,1021.05,392.76,258.45,112.37,1,1,1.000000
1724168132933457800,224,1055.42,603.09,223.63,116.02,1,1,1.000000
1724168132933457800,241,0.26,0.33,166.78,89.42,1,1,1.000000
1724168132933457800,242,0.39,96.55,222.73,171.97,1,1,1.000000
1724168132961841300,122,594.94,89.47,328.76,171.35,1,1,1.000000
1724168132961841300,136,90.13,268.88,452.17,97.71,1,1,1.000000
1724168132961841300,163,789.02,389.43,167.93,322.54,1,1,1.000000
1724168132961841300,209,1085.37,411.52,194.32,100.16,1,1,1.000000
1724168132961841300,224,1110.63,633.80,168.58,86.00,1,1,1.000000
1724168132961841300,241,0.32,0.91,203.81,93.46,1,1,1.000000
1724168132961841300,242,0.35,90.10,294.91,177.55,1,1,1.000000
1724168133007463200,122,584.88,86.06,330.94,166.66,1,1,1.000000
1724168133007463200,136,70.08,264.52,460.15,99.07,1,1,1.000000
1724168133007463200,163,790.05,388.57,135.84,299.48,1,1,1.000000
1724168133007463200,209,1122.70,417.82,157.37,100.60,1,1,1.000000
1724168133007463200,224,1135.41,639.25,144.46,80.64,1,1,1.000000
1724168133007463200,241,0.39,0.68,227.96,68.75,1,1,1.000000
1724168133007463200,242,1.39,36.85,386.19,226.41,1,1,1.000000
1724168133086159300,122,573.51,86.44,337.67,161.51,1,1,1.000000
1724168133086159300,136,50.12,261.98,463.37,101.06,1,1,1.000000
1724168133086159300,163,790.61,386.11,145.14,301.40,1,1,1.000000
1724168133086159300,209,1171.76,420.76,107.98,91.74,1,1,1.000000
1724168133086159300,224,1164.34,648.70,114.34,71.09,1,1,1.000000
1724168133086159300,242,1.69,3.76,472.61,258.71,1,1,1.000000
1724168133129445500,122,568.25,86.03,339.54,155.43,1,1,1.000000
1724168133129445500,136,27.22,248.43,472.13,117.46,1,1,1.000000
1724168133129445500,163,786.06,382.74,156.12,300.58,1,1,1.000000
1724168133129445500,209,1211.12,423.35,68.52,80.23,1,1,1.000000
1724168133129445500,224,1212.56,663.89,67.36,56.42,1,1,1.000000
1724168133129445500,242,1.17,1.79,572.02,253.48,1,1,1.000000
1724168133206317000,122,562.23,83.35,339.53,148.39,1,1,1.000000
1724168133206317000,136,2.87,247.20,479.49,117.60,1,1,1.000000
1724168133206317000,163,789.04,381.14,160.71,294.13,1,1,1.000000
1724168133206317000,241,0.55,0.00,238.07,76.65,1,1,1.000000
1724168133206317000,242,1.21,2.33,616.71,254.80,1,1,1.000000
1724168133254159900,136,0.94,248.30,466.33,123.26,1,1,1.000000
1724168133254159900,163,791.73,372.72,167.91,296.11,1,1,1.000000
1724168133254159900,241,0.00,0.00,300.27,83.63,1,1,1.000000
1724168133254159900,242,0.00,34.75,891.05,218.13,1,1,1.000000
1724168133327112100,136,1.61,243.81,452.48,136.80,1,1,1.000000
1724168133327112100,163,792.24,366.28,172.56,292.32,1,1,1.000000
1724168133327112100,241,0.00,0.00,326.61,85.71,1,1,1.000000
1724168133327112100,242,0.00,48.17,884.57,198.81,1,1,1.000000
1724168133373526300,136,0.00,246.96,438.11,141.12,1,1,1.000000
1724168133373526300,163,791.39,357.75,181.08,283.73,1,1,1.000000
1724168133373526300,241,0.05,0.00,351.75,91.60,1,1,1.000000
1724168133373526300,242,28.32,47.42,851.17,203.55,1,1,1.000000
1724168133449403500,136,0.16,247.15,417.98,151.54,1,1,1.000000
1724168133449403500,163,791.32,352.27,187.60,275.58,1,1,1.000000
1724168133449403500,241,0.71,0.00,380.42,123.90,1,1,1.000000
1724168133449403500,242,234.47,50.92,660.27,195.42,1,1,1.000000
1724168133524698200,136,0.05,247.69,402.80,161.66,1,1,1.000000
1724168133524698200,163,791.51,346.54,195.06,263.64,1,1,1.000000
1724168133524698200,241,0.35,0.05,412.18,122.43,1,1,1.000000
1724168133524698200,242,331.87,53.47,620.43,192.74,1,1,1.000000
1724168133571684500,136,0.20,246.61,379.92,164.59,1,1,1.000000
1724168133571684500,163,796.23,340.69,201.48,249.82,1,1,1.000000
1724168133571684500,241,0.76,0.02,447.75,124.97,1,1,1.000000
1724168133571684500,242,426.83,58.74,599.26,177.33,1,1,1.000000
1724168133647254400,136,0.04,245.14,367.02,162.41,1,1,1.000000
1724168133647254400,163,801.49,333.59,217.22,251.83,1,1,1.000000
1724168133647254400,241,0.48,0.21,484.23,113.98,1,1,1.000000
1724168133647254400,242,504.42,59.49,585.19,164.48,1,1,1.000000
1724168133696016100,136,0.00,244.43,350.87,159.75,1,1,1.000000
1724168133696016100,163,839.10,330.25,197.93,257.81,1,1,1.000000
1724168133696016100,241,0.82,0.13,518.75,123.80,1,1,1.000000
1724168133696016100,242,493.17,56.70,675.98,186.99,1,1,1.000000
1724168133781988500,122,479.48,64.63,292.93,105.26,1,1,1.000000
1724168133781988500,136,0.00,245.69,336.91,153.70,1,1,1.000000
1724168133781988500,163,866.07,327.00,193.44,249.94,1,1,1.000000
1724168133781988500,241,0.00,0.20,557.41,126.27,1,1,1.000000
1724168133781988500,242,696.10,51.97,543.38,180.49,1,1,1.000000
1724168133847168400,122,481.41,65.74,338.39,103.96,1,1,1.000000
1724168133847168400,136,0.00,248.72,327.95,147.98,1,1,1.000000
1724168133847168400,163,880.87,323.50,203.69,236.06,1,1,1.000000
1724168133847168400,241,0.00,0.26,590.81,122.24,1,1,1.000000
1724168133847168400,242,746.78,38.56,530.90,187.03,1,1,1.000000
1724168133900139200,122,485.97,69.03,318.77,112.34,1,1,1.000000
1724168133900139200,136,0.00,251.07,309.63,141.42,1,1,1.000000
1724168133900139200,163,884.07,319.97,223.80,192.35,1,1,1.000000
1724168133900139200,241,0.00,0.13,626.35,125.08,1,1,1.000000
1724168133900139200,242,826.54,34.06,452.24,187.67,1,1,1.000000
1724168133968225500,122,478.56,81.06,320.28,102.96,1,1,1.000000
1724168133968225500,136,0.21,277.73,291.86,112.01,1,1,1.000000
1724168133968225500,163,884.64,316.53,246.79,215.12,1,1,1.000000
1724168133968225500,241,6.45,0.13,641.11,130.55,1,1,1.000000
1724168133968225500,242,919.44,34.04,359.94,155.07,1,1,1.000000
1724168134013697600,122,450.88,83.36,336.78,102.58,1,1,1.000000
1724168134013697600,136,0.12,284.51,276.70,100.67,1,1,1.000000
1724168134013697600,163,882.34,313.11,277.05,204.36,1,1,1.000000
1724168134013697600,241,43.20,0.41,632.33,135.70,1,1,1.000000
1724168134013697600,242,937.95,23.53,342.09,169.29,1,1,1.000000
1724168134092395900,122,474.12,90.91,298.86,100.68,1,1,1.000000
1724168134092395900,136,0.10,291.50,245.56,91.99,1,1,1.000000
1724168134092395900,163,882.86,307.61,293.83,170.50,1,1,1.000000
1724168134092395900,241,78.80,0.39,627.26,139.72,1,1,1.000000
1724168134092395900,242,976.35,43.51,303.92,139.03,1,1,1.000000
1724168134122192700,122,469.04,97.26,295.40,85.79,1,1,1.000000
1724168134122192700,136,0.00,297.19,231.29,97.01,1,1,1.000000
1724168134122192700,163,885.20,301.50,312.79,170.85,1,1,1.000000
1724168134122192700,241,123.04,0.91,626.27,179.72,1,1,1.000000
1724168134122192700,242,1023.73,56.40,256.65,107.48,1,1,1.000000
1724168134212955600,122,457.52,95.21,296.94,78.88,1,1,1.000000
1724168134212955600,136,0.20,298.52,209.31,105.77,1,1,1.000000
1724168134212955600,163,883.72,290.86,329.20,153.04,1,1,1.000000
1724168134212955600,241,139.40,0.91,612.03,172.07,1,1,1.000000
1724168134212955600,242,1102.85,61.60,176.91,91.07,1,1,1.000000
1724168134242417100,136,0.44,296.11,172.40,116.75,1,1,1.000000
1724168134242417100,163,880.11,283.24,349.28,151.76,1,1,1.000000
1724168134242417100,241,225.32,0.60,559.45,162.58,1,1,1.000000
1724168134242417100,242,1176.86,61.50,102.69,75.40,1,1,1.000000
1724168134289829000,136,0.35,285.15,136.32,126.12,1,1,1.000000
1724168134289829000,163,882.82,279.42,358.82,143.90,1,1,1.000000
1724168134289829000,241,273.41,0.12,551.40,156.91,1,1,1.000000
1724168134363885200,136,0.61,282.23,103.63,112.98,1,1,1.000000
1724168134363885200,163,884.34,275.76,378.82,140.79,1,1,1.000000
1724168134363885200,241,316.40,0.00,541.45,144.10,1,1,1.000000
1724168134441174400,163,884.26,272.67,394.15,137.02,1,1,1.000000
1724168134441174400,241,341.16,0.00,544.01,132.77,1,1,1.000000
1724168134532958900,163,886.38,270.82,392.00,127.54,1,1,1.000000
1724168134532958900,241,324.03,0.00,591.32,121.41,1,1,1.000000
1724168134532958900,245,0.31,244.04,68.50,100.40,1,1,1.000000
1724168134562022100,163,889.57,269.68,388.83,117.01,1,1,1.000000
1724168134562022100,241,310.22,0.00,636.17,92.43,1,1,1.000000
1724168134562022100,245,0.43,220.20,51.24,98.54,1,1,1.000000
1724168134562022100,246,311.31,1.11,380.13,112.22,1,1,1.000000
1724168134639831600,163,894.51,264.84,384.36,111.81,1,1,1.000000
1724168134639831600,241,293.76,0.00,677.00,96.56,1,1,1.000000
1724168134639831600,246,294.77,0.60,388.37,97.89,1,1,1.000000
1724168134639831600,247,0.30,387.39,82.56,70.12,1,1,1.000000
1724168134688895200,163,920.54,263.13,358.01,115.97,1,1,1.000000
1724168134688895200,241,476.50,0.00,551.76,72.82,1,1,1.000000
1724168134688895200,246,279.65,0.19,387.81,88.23,1,1,1.000000
1724168134688895200,247,0.35,373.56,129.86,76.03,1,1,1.000000
1724168134763648300,163,944.72,255.08,333.92,124.40,1,1,1.000000
1724168134763648300,241,672.59,0.00,367.14,48.66,1,1,1.000000
1724168134763648300,246,266.23,0.39,399.25,76.96,1,1,1.000000
1724168134763648300,247,0.38,355.81,169.81,95.76,1,1,1.000000
1724168134810325100,163,971.32,246.00,307.90,128.96,1,1,1.000000
1724168134810325100,241,729.97,0.00,329.64,39.20,1,1,1.000000
1724168134810325100,246,255.79,0.22,408.23,70.28,1,1,1.000000
1724168134810325100,247,0.28,343.71,207.36,100.76,1,1,1.000000
1724168134882906500,163,988.06,247.60,292.25,114.48,1,1,1.000000
1724168134882906500,241,766.42,0.41,279.43,32.90,1,1,1.000000
1724168134882906500,246,248.18,0.00,402.84,55.62,1,1,1.000000
1724168134882906500,247,0.22,334.32,243.82,103.84,1,1,1.000000
1724168134930760300,163,994.96,238.41,284.83,118.76,1,1,1.000000
1724168134930760300,246,248.60,0.00,389.56,48.36,1,1,1.000000
1724168134930760300,247,0.41,316.19,283.54,114.10,1,1,1.000000
1724168135005896300,163,1003.45,236.06,275.86,114.25,1,1,1.000000
1724168135005896300,246,257.83,0.00,378.22,41.20,1,1,1.000000
1724168135005896300,247,0.15,300.07,312.91,125.72,1,1,1.000000
1724168135049068500,163,1013.35,233.16,266.00,111.78,1,1,1.000000
1724168135049068500,246,272.86,0.00,357.69,34.78,1,1,1.000000
1724168135049068500,247,0.07,300.79,355.34,122.06,1,1,1.000000