1724157092207273400,1,949.64,331.04,69.80,26.05,1,1,1.000000
1724157092253380000,1,947.90,331.31,70.07,25.36,1,1,1.000000
1724157096931800200,6,839.53,152.97,254.98,101.06,1,1,1.000000
1724157097055414300,7,918.15,213.21,161.53,65.01,1,1,1.000000
1724157097727669000,7,943.93,219.86,171.76,82.74,1,1,1.000000
1724157136620910300,26,74.27,11.01,98.80,89.76,1,1,1.000000
1724157136655124900,26,77.62,5.37,99.67,94.42,1,1,1.000000
1724157136699350400,26,79.57,10.85,109.96,86.72,1,1,1.000000
1724157136741340900,26,97.70,5.69,97.39,87.25,1,1,1.000000
1724157136775067800,26,97.70,5.69,97.39,87.25,1,1,1.000000
1724157136821661900,26,100.67,15.28,109.56,83.92,1,1,1.000000
1724157136852141100,26,113.46,13.61,104.48,83.02,1,1,1.000000
1724157136894891400,26,118.69,14.43,96.60,78.31,1,1,1.000000
1724157136941778900,26,127.31,14.12,93.95,80.16,1,1,1.000000
1724157136971368400,26,136.03,14.80,90.67,78.08,1,1,1.000000
1724157137017075500,26,140.12,8.62,95.60,84.70,1,1,1.000000
1724157137046550700,26,146.24,6.02,97.10,81.30,1,1,1.000000
1724157137091069400,26,157.25,4.03,95.66,87.46,1,1,1.000000
1724157137140674200,26,160.85,9.78,94.15,81.64,1,1,1.000000
1724157137172291800,26,165.94,11.48,93.74,78.12,1,1,1.000000
1724157137261079200,26,181.96,4.06,97.17,81.25,1,1,1.000000
1724157137289563800,26,181.96,4.06,97.17,81.25,1,1,1.000000
1724157137380994400,26,201.19,5.46,94.11,88.21,1,1,1.000000
1724157137456918100,26,214.67,4.12,89.33,83.16,1,1,1.000000
1724157137501521400,26,222.25,1.35,91.92,87.55,1,1,1.000000
1724157137532666800,26,224.97,1.61,91.84,86.53,1,1,1.000000
1724157137583429300,26,224.51,6.38,95.17,79.15,1,1,1.000000
1724157137610357300,26,234.29,6.91,93.66,78.57,1,1,1.000000
1724157137657161600,26,238.69,5.30,96.01,79.99,1,1,1.000000
1724157137711863400,26,245.85,3.39,95.85,76.80,1,1,1.000000
1724157137734176900,26,245.85,3.39,95.85,76.80,1,1,1.000000
1724157137811329900,26,276.77,1.82,94.48,76.76,1,1,1.000000
1724157137856084300,26,286.46,9.19,90.49,67.66,1,1,1.000000
1724157137978768100,26,300.37,3.27,84.81,74.36,1,1,1.000000
1724157138008719100,26,307.21,6.81,83.01,69.65,1,1,1.000000
1724157138055343200,26,311.32,6.05,87.13,68.36,1,1,1.000000
1724157138131777100,26,323.32,6.22,91.55,69.20,1,1,1.000000
1724157138175772900,26,335.24,3.35,94.42,73.76,1,1,1.000000
1724157138221975200,26,351.47,2.12,90.69,74.25,1,1,1.000000
1724157138251345400,26,351.47,2.12,90.69,74.25,1,1,1.000000
1724157138621142700,27,417.22,4.43,99.87,83.66,1,1,1.000000
1724157138649608000,27,426.00,1.51,91.21,82.19,1,1,1.000000
1724157139211408200,29,513.04,7.29,79.76,71.43,1,1,1.000000
1724157141655175900,32,0.00,553.43,45.40,59.30,1,1,1.000000
1724157141697157000,32,0.00,560.39,58.45,64.66,1,1,1.000000
1724157141742978100,32,0.00,562.97,69.72,63.71,1,1,1.000000
1724157141774521900,32,0.09,563.69,75.51,70.33,1,1,1.000000
1724157141818329800,32,0.00,566.34,98.66,79.79,1,1,1.000000
1724157141850428800,32,0.00,566.34,98.66,79.79,1,1,1.000000
1724157141896884400,32,0.00,569.73,108.14,78.29,1,1,1.000000
1724157141940989600,32,0.00,576.38,123.44,81.53,1,1,1.000000
1724157141970924200,32,0.00,576.38,123.44,81.53,1,1,1.000000
1724157142017317700,32,0.00,582.68,129.69,81.10,1,1,1.000000
1724157142047869100,32,0.00,589.70,144.13,75.60,1,1,1.000000
1724157142091662700,32,0.00,597.66,158.31,80.13,1,1,1.000000
1724157142138783000,32,0.00,602.10,157.65,78.71,1,1,1.000000
1724157142167981400,32,0.00,602.10,157.65,78.71,1,1,1.000000
1724157142214881300,32,0.01,601.89,164.51,90.93,1,1,1.000000
1724157142261810900,32,0.67,604.67,183.45,86.55,1,1,1.000000
1724157142292158200,32,0.67,604.67,183.45,86.55,1,1,1.000000
1724157142338786500,32,1.07,615.12,196.37,89.93,1,1,1.000000
1724157142368658400,32,1.62,615.71,205.53,93.28,1,1,1.000000
1724157142416034700,32,1.43,618.45,227.09,96.97,1,1,1.000000
1724157142464623500,32,0.80,622.60,238.21,93.36,1,1,1.000000
1724157142491450100,32,0.80,622.60,238.21,93.36,1,1,1.000000
1724157142535937700,32,1.35,628.53,260.43,89.94,1,1,1.000000
1724157142568682500,32,1.35,628.53,260.43,89.94,1,1,1.000000
1724157142614328400,32,1.41,638.15,284.80,80.89,1,1,1.000000
1724157142659504300,32,2.57,638.21,300.24,81.72,1,1,1.000000
1724157142689294700,32,2.27,641.14,313.93,78.68,1,1,1.000000
1724157142733825000,32,1.28,646.62,330.22,72.99,1,1,1.000000
1724157142780233100,32,16.38,652.76,345.43,66.89,1,1,1.000000
1724157142811947400,32,16.38,652.76,345.43,66.89,1,1,1.000000
1724157142857033200,32,31.32,657.15,346.51,62.40,1,1,1.000000
1724157142902061300,32,51.06,656.93,330.79,62.79,1,1,1.000000
1724157142933466800,32,80.54,662.35,323.38,57.52,1,1,1.000000
1724157142974822200,32,80.54,662.35,323.38,57.52,1,1,1.000000
1724157143022161300,32,109.92,663.88,309.09,55.84,1,1,1.000000
1724157143051517300,32,121.82,665.78,305.45,54.03,1,1,1.000000
1724157143097281000,32,133.28,667.94,296.39,51.76,1,1,1.000000
1724157143141233700,32,148.90,667.31,296.87,52.31,1,1,1.000000
1724157143174192200,32,156.62,668.73,288.51,50.73,1,1,1.000000
1724157143218496500,32,170.70,673.38,301.45,46.28,1,1,1.000000
1724157143248176900,32,192.62,679.62,277.69,39.87,1,1,1.000000
1724157143295113700,32,204.18,684.67,276.92,34.94,1,1,1.000000
1724157143337672700,32,287.60,691.03,198.83,28.60,1,1,1.000000
1724157143369145000,32,287.60,691.03,198.83,28.60,1,1,1.000000
1724157143491392500,32,324.34,690.20,189.73,29.33,1,1,1.000000
1724157143535794000,32,338.65,689.56,186.17,29.88,1,1,1.000000
1724157143584155900,32,339.76,689.37,190.88,30.04,1,1,1.000000
1724157143613771400,32,355.09,689.18,181.60,30.23,1,1,1.000000
1724157143659780600,32,355.72,686.17,193.60,33.24,1,1,1.000000
1724157143687974300,32,351.14,687.85,205.93,31.90,1,1,1.000000
1724157143735344200,32,358.99,689.53,206.86,30.13,1,1,1.000000
1724157143782768400,32,372.52,690.29,191.71,29.46,1,1,1.000000
1724157143809076100,32,392.10,690.18,182.32,29.69,1,1,1.000000
1724157143855792400,32,408.68,691.75,169.81,28.32,1,1,1.000000
1724157143908718700,32,426.59,689.65,159.74,30.66,1,1,1.000000
1724157143931703000,32,439.02,687.15,158.93,32.71,1,1,1.000000
1724157143975866900,32,452.39,685.81,138.79,33.27,1,1,1.000000
1724157144489311300,35,0.14,55.56,79.22,118.60,1,1,1.000000
1724157144537408500,35,0.00,53.83,89.62,122.38,1,1,1.000000
1724157144568920500,35,0.00,53.83,89.62,122.38,1,1,1.000000
1724157144612941400,35,0.00,50.62,112.95,112.33,1,1,1.000000
1724157144667143600,35,0.00,48.71,123.29,101.65,1,1,1.000000
1724157144702626200,35,0.41,46.22,130.70,92.82,1,1,1.000000
1724157144702626200,36,0.00,297.30,54.21,99.11,1,1,1.000000
1724157144732854300,35,0.00,38.59,145.32,97.14,1,1,1.000000
1724157144732854300,36,0.00,284.74,77.03,131.36,1,1,1.000000
1724157144779150400,35,0.00,35.97,154.42,98.37,1,1,1.000000
1724157144779150400,36,0.00,272.29,98.18,153.83,1,1,1.000000
1724157144810257500,35,0.00,34.56,162.21,97.33,1,1,1.000000
1724157144810257500,36,0.13,264.36,124.80,190.40,1,1,1.000000
1724157144855745800,35,0.00,28.29,181.45,111.41,1,1,1.000000
1724157144855745800,36,0.00,256.27,147.81,178.87,1,1,1.000000
1724157144901877300,35,0.00,24.80,192.04,111.95,1,1,1.000000
1724157144901877300,36,0.00,247.80,180.69,183.09,1,1,1.000000
1724157144931772600,35,0.00,20.73,196.49,116.08,1,1,1.000000
1724157144931772600,36,0.00,235.68,214.49,203.66,1,1,1.000000
1724157144985760200,35,0.00,15.73,201.12,115.30,1,1,1.000000
1724157144985760200,36,0.80,225.35,253.69,215.11,1,1,1.000000
1724157145009025000,35,0.00,10.25,210.60,119.37,1,1,1.000000
1724157145009025000,36,1.48,213.44,283.91,235.07,1,1,1.000000
1724157145055082800,35,0.00,6.69,221.99,114.30,1,1,1.000000
1724157145055082800,36,1.51,201.09,348.97,198.37,1,1,1.000000
1724157145099668400,35,0.00,6.69,221.99,114.30,1,1,1.000000
1724157145099668400,36,1.51,201.09,348.97,198.37,1,1,1.000000
1724157145132343300,35,0.00,0.33,229.34,111.74,1,1,1.000000
1724157145132343300,36,28.84,186.19,372.01,196.48,1,1,1.000000
1724157145181953200,35,0.00,0.00,230.35,113.31,1,1,1.000000
1724157145181953200,36,37.72,180.02,388.46,181.22,1,1,1.000000
1724157145181953200,37,0.00,322.60,111.33,84.53,1,1,1.000000
1724157145221126200,35,0.00,0.00,223.08,107.09,1,1,1.000000
1724157145221126200,36,43.64,183.32,404.55,182.08,1,1,1.000000
1724157145221126200,37,0.00,325.30,134.70,76.81,1,1,1.000000
1724157145252127700,35,0.00,0.00,218.65,106.09,1,1,1.000000
1724157145252127700,36,56.18,180.17,417.88,164.57,1,1,1.000000
1724157145252127700,37,0.00,324.17,156.28,86.29,1,1,1.000000
1724157145299492400,35,0.00,1.09,215.83,104.45,1,1,1.000000
1724157145299492400,36,77.45,174.29,416.04,158.80,1,1,1.000000
1724157145299492400,37,0.00,320.99,175.65,94.37,1,1,1.000000
1724157145299492400,38,0.78,548.09,89.08,116.92,1,1,1.000000
1724157145329994500,35,0.00,0.08,216.39,103.04,1,1,1.000000
1724157145329994500,36,108.74,168.05,418.61,161.32,1,1,1.000000
1724157145329994500,37,0.00,322.75,197.02,92.14,1,1,1.000000
1724157145329994500,38,0.03,589.49,80.05,69.03,1,1,1.000000
1724157145329994500,39,0.00,674.03,68.03,45.54,1,1,1.000000
1724157145375226200,35,0.00,0.13,215.44,100.93,1,1,1.000000
1724157145375226200,36,142.24,161.37,407.44,161.79,1,1,1.000000
1724157145375226200,37,0.00,319.35,216.62,99.50,1,1,1.000000
1724157145375226200,38,0.33,588.41,101.34,78.82,1,1,1.000000
1724157145375226200,39,0.13,671.52,83.44,48.17,1,1,1.000000
1724157145419430500,35,0.00,0.00,213.36,100.40,1,1,1.000000
1724157145419430500,36,183.51,163.06,394.22,160.18,1,1,1.000000
1724157145419430500,37,0.00,318.88,235.07,103.84,1,1,1.000000
1724157145419430500,38,0.13,589.34,116.60,73.57,1,1,1.000000
1724157145419430500,39,0.38,662.96,107.27,56.66,1,1,1.000000
1724157145453268200,35,0.00,0.26,210.27,97.89,1,1,1.000000
1724157145453268200,36,234.17,153.98,372.35,164.86,1,1,1.000000
1724157145453268200,37,0.00,317.23,255.00,95.77,1,1,1.000000
1724157145453268200,38,0.21,592.56,133.82,64.93,1,1,1.000000
1724157145453268200,39,0.61,655.93,130.51,63.93,1,1,1.000000
1724157145498783300,35,0.00,0.00,212.26,96.06,1,1,1.000000
1724157145498783300,36,287.01,155.42,339.49,166.12,1,1,1.000000
1724157145498783300,37,0.00,314.11,274.91,100.21,1,1,1.000000
1724157145498783300,38,0.10,591.31,151.10,60.04,1,1,1.000000
1724157145498783300,39,0.59,651.97,152.12,68.05,1,1,1.000000
1724157145541575000,35,0.00,0.34,214.13,86.12,1,1,1.000000
1724157145541575000,36,336.79,149.37,347.94,138.64,1,1,1.000000
1724157145541575000,37,0.00,311.36,309.75,100.58,1,1,1.000000
1724157145541575000,39,0.87,595.06,194.72,124.35,1,1,1.000000
1724157145572330400,35,0.00,0.00,218.49,86.17,1,1,1.000000
1724157145572330400,36,352.58,150.13,360.66,120.38,1,1,1.000000
1724157145572330400,37,0.57,312.02,330.71,99.52,1,1,1.000000
1724157145572330400,39,1.79,605.38,212.50,114.26,1,1,1.000000
1724157145618525600,35,0.00,0.00,221.18,84.98,1,1,1.000000
1724157145618525600,36,369.50,151.58,368.50,114.09,1,1,1.000000
1724157145618525600,37,1.58,311.53,349.83,96.19,1,1,1.000000
1724157145618525600,39,1.43,609.57,233.32,110.53,1,1,1.000000
1724157145649575500,35,0.00,0.00,221.18,84.98,1,1,1.000000
1724157145649575500,36,369.50,151.58,368.50,114.09,1,1,1.000000
1724157145649575500,37,1.58,311.53,349.83,96.19,1,1,1.000000
1724157145649575500,39,1.43,609.57,233.32,110.53,1,1,1.000000
1724157145697742700,35,0.00,0.00,227.18,79.70,1,1,1.000000
1724157145697742700,36,423.33,150.61,365.49,113.77,1,1,1.000000
1724157145697742700,37,0.92,305.92,385.50,140.91,1,1,1.000000
1724157145697742700,39,3.06,604.22,272.47,115.85,1,1,1.000000
1724157145743901600,35,0.00,0.00,225.04,74.64,1,1,1.000000
1724157145743901600,36,451.23,153.37,367.72,113.51,1,1,1.000000
1724157145743901600,37,5.97,301.12,402.13,133.33,1,1,1.000000
1724157145743901600,39,1.97,597.75,295.78,122.30,1,1,1.000000
1724157145772521100,35,0.00,0.00,226.15,72.40,1,1,1.000000
1724157145772521100,36,483.88,148.92,359.87,119.49,1,1,1.000000
1724157145772521100,37,39.54,305.23,388.60,129.05,1,1,1.000000
1724157145772521100,39,0.79,598.50,315.10,121.50,1,1,1.000000
1724157145815860300,35,0.00,0.00,225.46,69.12,1,1,1.000000
1724157145815860300,36,520.39,149.41,348.91,118.63,1,1,1.000000
1724157145815860300,37,76.71,304.41,369.94,121.02,1,1,1.000000
1724157145815860300,39,1.47,597.99,338.65,121.95,1,1,1.000000
1724157145868416300,35,0.00,0.00,225.71,65.67,1,1,1.000000
1724157145868416300,36,550.88,152.91,356.49,117.12,1,1,1.000000
1724157145868416300,37,91.45,305.61,374.85,106.24,1,1,1.000000
1724157145868416300,39,20.58,594.71,346.13,125.06,1,1,1.000000
1724157145892557000,35,0.00,0.00,229.53,62.90,1,1,1.000000
1724157145892557000,36,587.93,148.62,338.41,118.50,1,1,1.000000
1724157145892557000,37,112.30,306.09,381.96,95.30,1,1,1.000000
1724157145892557000,39,6.08,594.00,389.42,125.15,1,1,1.000000
1724157145892557000,40,1.08,601.48,201.94,80.77,1,1,1.000000
1724157145938176300,35,0.00,0.00,231.29,58.89,1,1,1.000000
1724157145938176300,36,610.03,148.18,355.93,118.50,1,1,1.000000
1724157145938176300,37,138.72,307.41,379.48,87.96,1,1,1.000000
1724157145938176300,39,26.50,592.44,392.23,127.46,1,1,1.000000
1724157145938176300,40,0.38,598.97,216.85,83.95,1,1,1.000000
1724157145968368500,35,0.00,0.00,234.66,56.94,1,1,1.000000
1724157145968368500,36,634.53,146.12,369.90,123.02,1,1,1.000000
1724157145968368500,37,157.55,305.80,377.18,88.60,1,1,1.000000
1724157145968368500,39,42.19,592.18,401.49,127.59,1,1,1.000000
1724157145968368500,40,0.67,589.81,214.96,110.22,1,1,1.000000
1724157146015230200,35,0.00,0.00,232.15,54.20,1,1,1.000000
1724157146015230200,36,659.72,149.14,378.54,126.57,1,1,1.000000
1724157146015230200,37,190.78,303.86,367.55,91.81,1,1,1.000000
1724157146015230200,39,56.17,585.07,413.87,134.55,1,1,1.000000
1724157146015230200,40,1.45,597.58,209.63,105.31,1,1,1.000000
1724157146059535000,35,0.00,0.00,237.77,48.07,1,1,1.000000
1724157146059535000,36,716.82,156.85,389.74,131.93,1,1,1.000000
1724157146059535000,37,239.73,302.30,357.92,93.31,1,1,1.000000
1724157146059535000,39,65.66,582.39,455.06,136.73,1,1,1.000000
1724157146059535000,40,21.46,596.66,225.53,89.68,1,1,1.000000
1724157146090160800,35,0.00,0.00,237.84,48.80,1,1,1.000000
1724157146090160800,36,731.98,161.00,410.45,134.45,1,1,1.000000
1724157146090160800,37,267.80,303.40,351.20,94.55,1,1,1.000000
1724157146090160800,39,93.27,578.09,452.48,141.69,1,1,1.000000
1724157146090160800,40,32.57,598.65,228.27,76.92,1,1,1.000000
1724157146141586300,35,0.00,0.00,245.66,47.70,1,1,1.000000
1724157146141586300,36,765.72,163.00,410.65,139.62,1,1,1.000000
1724157146141586300,37,285.83,297.75,349.71,105.52,1,1,1.000000
1724157146141586300,39,106.49,573.16,462.99,146.82,1,1,1.000000
1724157146141586300,40,58.06,602.35,224.55,57.08,1,1,1.000000
1724157146168191200,35,0.00,0.00,247.87,44.00,1,1,1.000000
1724157146168191200,36,795.88,158.41,419.04,155.80,1,1,1.000000
1724157146168191200,37,304.98,297.89,351.59,99.60,1,1,1.000000
1724157146168191200,39,107.56,572.75,484.70,146.98,1,1,1.000000
1724157146168191200,40,89.18,601.29,202.73,61.10,1,1,1.000000
1724157146214624100,35,0.00,0.00,249.05,35.28,1,1,1.000000
1724157146214624100,36,817.56,162.76,433.11,160.25,1,1,1.000000
1724157146214624100,37,330.35,297.00,347.45,102.82,1,1,1.000000
1724157146214624100,39,76.93,572.49,536.46,147.23,1,1,1.000000
1724157146214624100,40,103.00,600.46,196.73,52.02,1,1,1.000000
1724157146275537600,35,0.00,0.00,255.88,26.80,1,1,1.000000
1724157146275537600,36,850.76,165.30,429.39,167.63,1,1,1.000000
1724157146275537600,37,354.90,299.22,343.49,101.87,1,1,1.000000
1724157146275537600,39,76.01,572.08,566.42,146.66,1,1,1.000000
1724157146275537600,40,135.03,599.29,180.82,50.31,1,1,1.000000
1724157146291013300,35,0.00,0.00,255.88,26.80,1,1,1.000000
1724157146291013300,36,850.76,165.30,429.39,167.63,1,1,1.000000
1724157146291013300,37,354.90,299.22,343.49,101.87,1,1,1.000000
1724157146291013300,39,76.01,572.08,566.42,146.66,1,1,1.000000
1724157146291013300,40,135.03,599.29,180.82,50.31,1,1,1.000000
1724157146335593100,35,0.00,0.00,279.70,32.52,1,1,1.000000
1724157146335593100,36,907.80,182.94,371.54,162.99,1,1,1.000000
1724157146335593100,37,413.02,295.42,334.16,108.86,1,1,1.000000
1724157146335593100,39,157.26,570.34,543.68,144.41,1,1,1.000000
1724157146335593100,40,188.39,591.79,179.73,41.36,1,1,1.000000
1724157146380885000,35,0.14,0.00,285.85,31.41,1,1,1.000000
1724157146380885000,36,944.45,184.29,335.21,168.07,1,1,1.000000
1724157146380885000,37,438.37,296.94,334.24,112.57,1,1,1.000000
1724157146380885000,39,202.78,563.92,528.15,139.00,1,1,1.000000
1724157146380885000,40,216.11,583.94,169.96,44.70,1,1,1.000000
1724157146412024800,35,1.01,0.10,290.78,28.75,1,1,1.000000
1724157146412024800,36,979.31,182.04,299.87,169.53,1,1,1.000000
1724157146412024800,37,465.73,295.94,327.75,119.29,1,1,1.000000
1724157146412024800,39,231.30,561.00,526.28,141.47,1,1,1.000000
1724157146457031500,36,1047.55,185.77,233.02,160.30,1,1,1.000000
1724157146457031500,37,509.94,305.28,339.93,127.34,1,1,1.000000
1724157146457031500,39,289.50,557.02,529.08,146.79,1,1,1.000000
1724157146490097900,36,1047.55,185.77,233.02,160.30,1,1,1.000000
1724157146490097900,37,509.94,305.28,339.93,127.34,1,1,1.000000
1724157146490097900,39,289.50,557.02,529.08,146.79,1,1,1.000000
1724157146534271000,36,1110.03,201.32,170.51,124.81,1,1,1.000000
1724157146534271000,37,564.47,320.65,330.08,125.35,1,1,1.000000
1724157146534271000,39,381.01,554.47,504.72,158.37,1,1,1.000000
1724157146580268300,36,1144.60,208.54,135.30,97.34,1,1,1.000000
1724157146580268300,37,599.88,322.28,315.40,129.43,1,1,1.000000
1724157146580268300,39,420.71,558.50,490.17,156.57,1,1,1.000000
1724157146580268300,41,339.32,582.44,202.00,79.57,1,1,1.000000
1724157146580268300,42,0.15,87.38,100.65,48.30,1,1,1.000000
1724157146608667100,36,1144.60,208.54,135.30,97.34,1,1,1.000000
1724157146608667100,37,599.88,322.28,315.40,129.43,1,1,1.000000
1724157146608667100,39,420.71,558.50,490.17,156.57,1,1,1.000000
1724157146608667100,41,339.32,582.44,202.00,79.57,1,1,1.000000
1724157146608667100,42,0.15,87.38,100.65,48.30,1,1,1.000000
1724157146660540600,36,1210.68,225.31,69.02,74.09,1,1,1.000000
1724157146660540600,37,636.50,313.59,328.59,149.95,1,1,1.000000
1724157146660540600,39,482.58,551.50,495.67,164.43,1,1,1.000000
1724157146660540600,41,374.94,594.00,187.67,96.43,1,1,1.000000
1724157146660540600,42,0.17,76.88,129.84,65.05,1,1,1.000000
1724157146699676800,37,656.34,316.34,327.47,149.93,1,1,1.000000
1724157146699676800,39,492.77,550.93,519.15,165.52,1,1,1.000000
1724157146699676800,41,396.63,602.75,356.20,102.35,1,1,1.000000
1724157146699676800,42,0.63,73.70,142.07,68.16,1,1,1.000000
1724157146731004000,37,672.47,317.91,339.00,151.52,1,1,1.000000
1724157146731004000,39,548.30,555.03,489.74,160.50,1,1,1.000000
1724157146731004000,41,414.03,605.80,370.56,100.32,1,1,1.000000
1724157146731004000,42,0.25,71.31,154.28,69.12,1,1,1.000000
1724157146774734800,37,693.46,311.55,344.21,164.66,1,1,1.000000
1724157146774734800,39,578.92,557.01,498.36,160.05,1,1,1.000000
1724157146774734800,41,435.05,614.42,373.39,97.02,1,1,1.000000
1724157146774734800,42,0.11,70.06,177.87,67.02,1,1,1.000000
1724157146821871600,37,719.47,313.21,340.47,170.77,1,1,1.000000
1724157146821871600,39,593.42,558.37,507.19,159.41,1,1,1.000000
1724157146821871600,41,455.02,617.58,371.25,94.60,1,1,1.000000
1724157146821871600,42,0.19,69.39,190.80,71.40,1,1,1.000000
1724157146854335400,37,738.72,313.88,350.64,178.78,1,1,1.000000
1724157146854335400,39,623.19,558.71,499.92,159.76,1,1,1.000000
1724157146854335400,41,472.89,610.58,364.47,104.87,1,1,1.000000
1724157146854335400,42,0.25,65.64,205.34,82.89,1,1,1.000000
1724157146901579600,37,759.88,320.41,358.91,181.65,1,1,1.000000
1724157146901579600,39,646.33,554.82,492.75,164.39,1,1,1.000000
1724157146901579600,41,495.71,611.39,365.52,108.66,1,1,1.000000
1724157146901579600,42,0.50,61.63,220.25,89.02,1,1,1.000000
1724157146932627800,37,775.52,333.98,375.71,174.89,1,1,1.000000
1724157146932627800,39,660.68,549.86,495.79,169.44,1,1,1.000000
1724157146932627800,41,520.49,616.68,347.61,102.68,1,1,1.000000
1724157146932627800,42,0.60,63.86,225.71,88.06,1,1,1.000000
1724157146986793700,37,801.97,345.88,380.95,175.45,1,1,1.000000
1724157146986793700,39,690.02,544.38,487.89,174.72,1,1,1.000000
1724157146986793700,41,544.00,617.43,340.34,102.15,1,1,1.000000
1724157146986793700,42,0.00,61.44,251.46,88.20,1,1,1.000000
1724157147020809200,37,860.79,374.39,385.25,166.33,1,1,1.000000
1724157147020809200,39,744.57,539.03,481.34,180.62,1,1,1.000000
1724157147020809200,41,585.74,625.44,313.86,94.17,1,1,1.000000
1724157147020809200,42,0.00,61.66,283.57,88.62,1,1,1.000000
1724157147053993900,37,860.79,374.39,385.25,166.33,1,1,1.000000
1724157147053993900,39,744.57,539.03,481.34,180.62,1,1,1.000000
1724157147053993900,41,585.74,625.44,313.86,94.17,1,1,1.000000
1724157147053993900,42,0.00,61.66,283.57,88.62,1,1,1.000000
1724157147098437900,37,880.35,388.64,392.62,159.85,1,1,1.000000
1724157147098437900,39,769.45,543.08,484.29,176.16,1,1,1.000000
1724157147098437900,41,604.26,624.87,312.69,94.97,1,1,1.000000
1724157147098437900,42,0.00,68.44,297.94,79.39,1,1,1.000000
1724157147143433400,37,926.43,390.25,354.44,168.68,1,1,1.000000
1724157147143433400,39,824.16,575.99,453.15,143.81,1,1,1.000000
1724157147143433400,41,639.67,626.29,297.28,93.02,1,1,1.000000
1724157147143433400,42,0.23,64.24,322.57,88.48,1,1,1.000000
1724157147173469700,37,926.43,390.25,354.44,168.68,1,1,1.000000
1724157147173469700,39,824.16,575.99,453.15,143.81,1,1,1.000000
1724157147173469700,41,639.67,626.29,297.28,93.02,1,1,1.000000
1724157147173469700,42,0.23,64.24,322.57,88.48,1,1,1.000000
1724157147173469700,44,0.00,348.97,57.76,80.07,1,1,1.000000
1724157147218154600,37,971.97,395.58,308.55,161.63,1,1,1.000000
1724157147218154600,39,907.45,607.77,370.72,112.43,1,1,1.000000
1724157147218154600,41,670.05,622.33,280.43,97.15,1,1,1.000000
1724157147218154600,42,0.37,67.03,357.86,90.76,1,1,1.000000
1724157147218154600,44,0.00,351.40,70.75,83.68,1,1,1.000000
1724157147249556700,37,992.08,398.09,288.51,149.56,1,1,1.000000
1724157147249556700,39,932.71,623.49,346.77,96.19,1,1,1.000000
1724157147249556700,41,683.73,625.23,282.07,94.02,1,1,1.000000
1724157147249556700,42,0.00,67.72,372.76,92.29,1,1,1.000000
1724157147249556700,44,0.23,349.73,73.63,86.91,1,1,1.000000
1724157147294744600,37,1010.42,398.69,269.63,151.86,1,1,1.000000
1724157147294744600,39,970.32,623.40,310.08,96.40,1,1,1.000000
1724157147294744600,41,695.35,621.47,274.58,97.72,1,1,1.000000
1724157147294744600,42,0.62,69.43,386.34,91.54,1,1,1.000000
1724157147294744600,44,0.00,351.72,81.99,94.94,1,1,1.000000
1724157147340567500,37,1033.28,404.19,247.47,151.85,1,1,1.000000
1724157147340567500,39,997.25,619.95,282.73,99.83,1,1,1.000000
1724157147340567500,41,718.04,620.89,269.38,98.30,1,1,1.000000
1724157147340567500,42,0.20,70.75,398.80,91.75,1,1,1.000000
1724157147340567500,44,0.00,354.25,95.98,101.36,1,1,1.000000
1724157147372445800,37,1048.88,406.48,231.35,151.58,1,1,1.000000
1724157147372445800,39,1024.75,612.41,254.83,107.42,1,1,1.000000
1724157147372445800,41,727.70,615.60,259.79,103.53,1,1,1.000000
1724157147372445800,42,3.74,70.17,416.21,93.98,1,1,1.000000
1724157147372445800,44,0.00,355.18,99.42,105.01,1,1,1.000000
1724157147419951400,37,1107.40,421.65,173.40,120.72,1,1,1.000000
1724157147419951400,39,1072.06,605.08,208.30,114.16,1,1,1.000000
1724157147419951400,41,765.65,625.31,258.71,94.23,1,1,1.000000
1724157147419951400,42,38.27,72.62,405.15,96.78,1,1,1.000000
1724157147419951400,44,0.00,354.97,115.08,127.56,1,1,1.000000
1724157147449094600,37,1107.40,421.65,173.40,120.72,1,1,1.000000
1724157147449094600,39,1072.06,605.08,208.30,114.16,1,1,1.000000
1724157147449094600,41,765.65,625.31,258.71,94.23,1,1,1.000000
1724157147449094600,42,38.27,72.62,405.15,96.78,1,1,1.000000
1724157147449094600,44,0.00,354.97,115.08,127.56,1,1,1.000000
1724157147508370100,37,1128.09,425.41,152.10,113.32,1,1,1.000000
1724157147508370100,39,1102.48,608.49,177.59,111.37,1,1,1.000000
1724157147508370100,41,787.26,627.60,246.26,91.82,1,1,1.000000
1724157147508370100,42,61.56,72.89,400.16,98.91,1,1,1.000000
1724157147508370100,44,0.00,349.66,123.07,146.28,1,1,1.000000
1724157147546970000,37,1154.89,430.45,125.03,93.80,1,1,1.000000
1724157147546970000,39,1134.55,608.87,145.74,110.20,1,1,1.000000
1724157147546970000,41,806.45,633.87,231.81,84.99,1,1,1.000000
1724157147546970000,42,80.99,77.15,395.38,94.25,1,1,1.000000
1724157147546970000,44,0.02,353.06,130.80,140.14,1,1,1.000000
1724157147571677300,37,1178.84,436.66,101.29,82.46,1,1,1.000000
1724157147571677300,39,1165.70,615.84,114.15,92.00,1,1,1.000000
1724157147571677300,41,823.75,639.09,172.46,79.19,1,1,1.000000
1724157147571677300,42,98.90,78.44,394.61,94.67,1,1,1.000000
1724157147571677300,44,0.00,360.05,138.23,135.54,1,1,1.000000
1724157147616369300,37,1236.82,449.08,42.37,74.44,1,1,1.000000
1724157147616369300,41,864.74,649.54,146.83,70.06,1,1,1.000000
1724157147616369300,42,149.19,81.13,370.53,95.08,1,1,1.000000
1724157147616369300,44,0.00,364.31,161.51,135.47,1,1,1.000000
1724157147661224000,41,881.59,656.70,139.61,62.52,1,1,1.000000
1724157147661224000,42,165.77,80.52,369.03,98.81,1,1,1.000000
1724157147661224000,44,0.00,365.95,170.80,137.75,1,1,1.000000
1724157147691213900,42,186.39,79.97,362.56,99.80,1,1,1.000000
1724157147691213900,44,0.00,365.41,182.60,141.27,1,1,1.000000
1724157147736670000,42,186.39,79.97,362.56,99.80,1,1,1.000000
1724157147736670000,44,0.00,365.41,182.60,141.27,1,1,1.000000
1724157147769106000,42,226.43,85.28,350.82,99.25,1,1,1.000000
1724157147769106000,44,0.25,371.79,209.83,164.71,1,1,1.000000
1724157147821931600,42,243.28,86.28,351.91,99.04,1,1,1.000000
1724157147821931600,44,0.78,369.19,228.96,162.16,1,1,1.000000
1724157147858701200,42,268.09,87.20,338.73,98.64,1,1,1.000000
1724157147858701200,44,0.86,369.45,243.32,184.61,1,1,1.000000
1724157147891179100,42,287.21,82.16,339.71,104.43,1,1,1.000000
1724157147891179100,44,0.31,373.40,261.03,203.75,1,1,1.000000
1724157147946090200,42,308.10,89.31,336.77,100.84,1,1,1.000000
1724157147946090200,44,24.64,375.94,252.42,203.74,1,1,1.000000
1724157147980739300,42,324.40,92.78,338.28,101.78,1,1,1.000000
1724157147980739300,44,43.80,375.87,244.37,207.28,1,1,1.000000
1724157148011159400,42,345.58,98.97,333.65,96.49,1,1,1.000000
1724157148011159400,44,67.27,377.23,238.45,208.63,1,1,1.000000
1724157148054938600,42,345.58,98.97,333.65,96.49,1,1,1.000000
1724157148054938600,44,67.27,377.23,238.45,208.63,1,1,1.000000
1724157148097885000,42,397.04,104.43,327.44,92.93,1,1,1.000000
1724157148097885000,44,113.19,379.55,222.94,145.79,1,1,1.000000
1724157148129312300,42,397.04,104.43,327.44,92.93,1,1,1.000000
1724157148129312300,44,113.19,379.55,222.94,145.79,1,1,1.000000
1724157148129312300,45,0.00,216.31,116.68,84.71,1,1,1.000000
1724157148174176800,42,429.74,107.34,313.86,90.38,1,1,1.000000
1724157148174176800,44,121.85,376.79,232.77,135.52,1,1,1.000000
1724157148174176800,45,0.09,216.53,142.65,86.59,1,1,1.000000
1724157148218968700,42,472.06,109.81,301.88,82.72,1,1,1.000000
1724157148218968700,44,151.36,370.98,233.59,207.56,1,1,1.000000
1724157148218968700,45,0.29,219.56,196.24,92.24,1,1,1.000000
1724157148218968700,46,0.74,393.22,167.11,115.06,1,1,1.000000
1724157148218968700,47,293.34,0.00,221.82,42.86,1,1,1.000000
1724157148251949000,42,481.62,107.16,313.89,90.31,1,1,1.000000
1724157148251949000,44,151.80,374.87,245.21,205.34,1,1,1.000000
1724157148251949000,45,0.00,218.07,218.11,98.05,1,1,1.000000
1724157148251949000,46,1.24,392.88,204.36,138.16,1,1,1.000000
1724157148251949000,47,298.44,0.00,232.33,45.72,1,1,1.000000
1724157148295885000,42,481.62,107.16,313.89,90.31,1,1,1.000000
1724157148295885000,44,151.80,374.87,245.21,205.34,1,1,1.000000
1724157148295885000,45,0.00,218.07,218.11,98.05,1,1,1.000000
1724157148295885000,46,1.24,392.88,204.36,138.16,1,1,1.000000
1724157148295885000,47,298.44,0.00,232.33,45.72,1,1,1.000000
1724157148295885000,48,170.58,375.65,223.97,112.28,1,1,1.000000
1724157148295885000,49,154.44,482.41,84.23,100.14,1,1,1.000000
1724157148342393900,42,516.66,113.30,319.64,86.00,1,1,1.000000
1724157148342393900,45,0.08,211.61,258.72,112.06,1,1,1.000000
1724157148342393900,46,0.03,390.31,271.74,138.14,1,1,1.000000
1724157148342393900,47,286.07,0.00,264.87,46.25,1,1,1.000000
1724157148342393900,48,178.86,393.07,238.73,101.98,1,1,1.000000
1724157148370149700,42,536.07,111.22,313.01,88.17,1,1,1.000000
1724157148370149700,45,0.00,208.93,277.01,120.30,1,1,1.000000
1724157148370149700,46,0.27,386.56,288.44,145.88,1,1,1.000000
1724157148370149700,47,293.40,0.00,262.97,47.34,1,1,1.000000
1724157148370149700,48,200.01,401.30,229.08,99.67,1,1,1.000000
1724157148416356100,42,555.96,112.72,315.72,90.21,1,1,1.000000
1724157148416356100,45,0.00,214.56,292.29,118.43,1,1,1.000000
1724157148416356100,46,0.13,386.61,332.90,158.75,1,1,1.000000
1724157148416356100,47,302.02,0.00,266.82,52.71,1,1,1.000000
1724157148416356100,48,209.88,392.25,226.24,113.01,1,1,1.000000
1724157148464639100,42,589.08,108.41,316.54,98.04,1,1,1.000000
1724157148464639100,45,0.00,230.33,327.70,109.20,1,1,1.000000
1724157148464639100,47,308.39,0.00,279.28,52.07,1,1,1.000000
1724157148464639100,44,0.78,388.46,450.74,180.25,1,1,1.000000
1724157148494196200,42,589.08,108.41,316.54,98.04,1,1,1.000000
1724157148494196200,45,0.00,230.33,327.70,109.20,1,1,1.000000
1724157148494196200,47,308.39,0.00,279.28,52.07,1,1,1.000000
1724157148494196200,50,0.00,14.30,116.75,79.72,1,1,1.000000
1724157148494196200,44,0.78,388.46,450.74,180.25,1,1,1.000000
1724157148537148100,42,604.09,108.78,322.29,100.17,1,1,1.000000
1724157148537148100,45,0.89,241.66,337.59,103.10,1,1,1.000000
1724157148537148100,47,316.08,0.00,285.96,56.99,1,1,1.000000
1724157148537148100,50,0.00,13.85,124.42,82.33,1,1,1.000000
1724157148537148100,44,0.55,391.62,465.56,171.85,1,1,1.000000
1724157148566779700,42,621.61,114.51,329.70,91.35,1,1,1.000000
1724157148566779700,45,0.91,243.77,366.00,109.27,1,1,1.000000
1724157148566779700,47,324.19,0.00,288.47,54.82,1,1,1.000000
1724157148566779700,50,0.12,18.94,128.66,85.68,1,1,1.000000
1724157148566779700,44,0.95,391.11,471.28,167.56,1,1,1.000000
1724157148613062700,42,637.30,119.45,331.59,83.39,1,1,1.000000
1724157148613062700,45,0.82,244.00,392.99,121.26,1,1,1.000000
1724157148613062700,47,335.07,0.00,288.40,53.11,1,1,1.000000
1724157148613062700,50,0.00,29.08,138.49,81.00,1,1,1.000000
1724157148613062700,44,1.22,393.16,497.29,190.77,1,1,1.000000
1724157148661212400,42,679.54,123.65,340.48,77.15,1,1,1.000000
1724157148661212400,45,1.31,252.38,427.64,128.14,1,1,1.000000
1724157148661212400,47,346.75,0.00,293.54,51.20,1,1,1.000000
1724157148661212400,50,0.00,40.34,134.10,96.29,1,1,1.000000
1724157148661212400,44,0.00,393.18,563.77,170.00,1,1,1.000000
1724157148693963400,42,679.54,123.65,340.48,77.15,1,1,1.000000
1724157148693963400,45,1.31,252.38,427.64,128.14,1,1,1.000000
1724157148693963400,47,346.75,0.00,293.54,51.20,1,1,1.000000
1724157148693963400,50,0.00,40.34,134.10,96.29,1,1,1.000000
1724157148693963400,44,0.00,393.18,563.77,170.00,1,1,1.000000
1724157148735258100,42,713.51,122.56,344.12,79.51,1,1,1.000000
1724157148735258100,45,2.23,257.51,466.67,136.97,1,1,1.000000
1724157148735258100,47,374.60,0.00,294.04,55.93,1,1,1.000000
1724157148735258100,50,0.00,47.71,149.36,85.49,1,1,1.000000
1724157148735258100,44,0.00,392.65,616.18,224.71,1,1,1.000000
1724157148781700700,42,729.05,121.10,345.54,82.56,1,1,1.000000
1724157148781700700,45,10.78,256.79,482.31,146.65,1,1,1.000000
1724157148781700700,47,387.22,0.15,291.67,59.67,1,1,1.000000
1724157148781700700,50,0.00,51.07,155.88,91.88,1,1,1.000000
1724157148781700700,44,15.86,393.67,629.83,199.74,1,1,1.000000
1724157148781700700,51,78.22,0.13,171.50,62.47,1,1,1.000000
1724157148813432300,42,743.15,119.59,352.28,86.41,1,1,1.000000
1724157148813432300,45,61.83,262.63,446.31,147.71,1,1,1.000000
1724157148813432300,47,403.68,0.00,296.98,60.91,1,1,1.000000
1724157148813432300,50,0.00,49.61,161.35,95.14,1,1,1.000000
1724157148813432300,44,51.22,393.35,617.47,179.51,1,1,1.000000
1724157148813432300,51,87.93,0.00,176.75,67.42,1,1,1.000000
1724157148855863800,42,743.15,119.59,352.28,86.41,1,1,1.000000
1724157148855863800,45,61.83,262.63,446.31,147.71,1,1,1.000000
1724157148855863800,47,403.68,0.00,296.98,60.91,1,1,1.000000
1724157148855863800,50,0.00,49.61,161.35,95.14,1,1,1.000000
1724157148855863800,44,51.22,393.35,617.47,179.51,1,1,1.000000
1724157148855863800,51,87.93,0.00,176.75,67.42,1,1,1.000000
1724157148886914800,42,772.82,121.84,361.39,84.71,1,1,1.000000
1724157148886914800,45,140.48,269.09,410.16,122.67,1,1,1.000000
1724157148886914800,47,435.19,0.00,285.91,62.11,1,1,1.000000
1724157148886914800,50,0.60,61.68,171.46,99.09,1,1,1.000000
1724157148886914800,44,156.34,396.03,564.35,160.68,1,1,1.000000
1724157148886914800,51,87.40,0.00,171.55,80.98,1,1,1.000000
1724157148935508100,42,789.99,121.57,360.92,88.27,1,1,1.000000
1724157148935508100,45,150.85,274.47,419.29,108.19,1,1,1.000000
1724157148935508100,47,449.13,0.27,285.39,62.74,1,1,1.000000
1724157148935508100,50,0.47,58.99,177.93,103.03,1,1,1.000000
1724157148935508100,44,198.77,394.97,550.77,165.92,1,1,1.000000
1724157148935508100,51,91.56,0.22,174.47,78.78,1,1,1.000000
1724157148935508100,53,0.47,213.14,55.90,57.01,1,1,1.000000
1724157148978137900,42,808.11,122.27,367.76,91.14,1,1,1.000000
1724157148978137900,45,166.78,279.02,424.20,98.60,1,1,1.000000
1724157148978137900,47,459.01,0.14,300.54,64.67,1,1,1.000000
1724157148978137900,50,0.07,65.80,183.92,100.07,1,1,1.000000
1724157148978137900,44,238.62,392.89,543.67,172.30,1,1,1.000000
1724157148978137900,51,96.63,0.00,166.80,81.89,1,1,1.000000
1724157148978137900,53,0.36,216.80,67.97,56.76,1,1,1.000000
1724157149007949800,42,823.25,122.88,372.05,91.35,1,1,1.000000
1724157149007949800,45,185.64,280.74,419.72,98.44,1,1,1.000000
1724157149007949800,47,477.51,0.31,287.77,64.75,1,1,1.000000
1724157149007949800,50,0.00,67.14,190.42,99.16,1,1,1.000000
1724157149007949800,44,268.21,392.52,544.84,175.23,1,1,1.000000
1724157149007949800,51,101.86,0.00,176.01,84.81,1,1,1.000000
1724157149007949800,53,0.21,216.54,81.31,62.14,1,1,1.000000
1724157149052456400,42,843.61,123.01,378.07,94.24,1,1,1.000000
1724157149052456400,45,210.16,282.34,422.04,99.57,1,1,1.000000
1724157149052456400,47,488.00,0.33,283.91,68.37,1,1,1.000000
1724157149052456400,50,0.32,66.37,194.46,106.11,1,1,1.000000
1724157149052456400,44,299.58,390.63,547.46,187.34,1,1,1.000000
1724157149052456400,51,110.49,1.16,177.09,77.47,1,1,1.000000
1724157149052456400,53,0.00,224.82,95.11,60.57,1,1,1.000000
1724157149098173000,42,880.71,125.60,393.21,91.48,1,1,1.000000
1724157149098173000,45,268.21,282.09,407.99,109.79,1,1,1.000000
1724157149098173000,47,491.02,0.12,309.69,77.40,1,1,1.000000
1724157149098173000,50,0.77,85.11,203.88,83.85,1,1,1.000000
1724157149098173000,44,373.23,386.73,538.07,203.70,1,1,1.000000
1724157149098173000,51,0.50,0.22,290.06,73.17,1,1,1.000000
1724157149098173000,53,0.68,225.85,117.46,75.73,1,1,1.000000
1724157149098173000,48,373.63,431.69,175.12,154.51,1,1,1.000000
1724157149129627900,42,880.71,125.60,393.21,91.48,1,1,1.000000
1724157149129627900,45,268.21,282.09,407.99,109.79,1,1,1.000000
1724157149129627900,47,491.02,0.12,309.69,77.40,1,1,1.000000
1724157149129627900,50,0.77,85.11,203.88,83.85,1,1,1.000000
1724157149129627900,44,373.23,386.73,538.07,203.70,1,1,1.000000
1724157149129627900,51,0.50,0.22,290.06,73.17,1,1,1.000000
1724157149129627900,53,0.68,225.85,117.46,75.73,1,1,1.000000
1724157149129627900,48,373.63,431.69,175.12,154.51,1,1,1.000000
1724157149176098600,42,898.52,131.85,380.78,82.92,1,1,1.000000
1724157149176098600,45,297.83,285.63,400.22,113.16,1,1,1.000000
1724157149176098600,47,496.24,0.13,318.15,80.10,1,1,1.000000
1724157149176098600,50,0.00,87.01,212.40,85.43,1,1,1.000000
1724157149176098600,44,442.35,386.25,501.02,200.53,1,1,1.000000
1724157149176098600,51,0.00,0.07,293.20,72.90,1,1,1.000000
1724157149176098600,53,0.24,245.57,129.61,62.07,1,1,1.000000
1724157149176098600,48,378.67,431.43,197.77,154.86,1,1,1.000000
1724157149219853000,42,918.92,127.48,360.95,89.05,1,1,1.000000
1724157149219853000,45,321.90,293.21,397.65,111.15,1,1,1.000000
1724157149219853000,47,504.39,0.20,323.59,81.31,1,1,1.000000
1724157149219853000,50,0.39,85.81,213.14,96.22,1,1,1.000000
1724157149219853000,44,484.33,387.06,491.79,185.23,1,1,1.000000
1724157149219853000,51,0.84,0.00,297.13,81.42,1,1,1.000000
1724157149219853000,53,0.31,225.33,139.74,90.14,1,1,1.000000
1724157149219853000,48,400.97,428.02,174.37,160.20,1,1,1.000000
1724157149251550600,42,936.20,129.80,342.97,91.90,1,1,1.000000
1724157149251550600,45,346.93,299.04,387.22,116.18,1,1,1.000000
1724157149251550600,47,514.48,0.04,328.76,84.91,1,1,1.000000
1724157149251550600,50,0.92,88.84,214.93,97.27,1,1,1.000000
1724157149251550600,44,527.07,391.16,477.32,164.03,1,1,1.000000
1724157149251550600,51,1.39,0.59,299.54,85.33,1,1,1.000000
1724157149251550600,53,0.00,225.93,150.06,78.18,1,1,1.000000
1724157149251550600,48,416.12,432.57,168.23,146.08,1,1,1.000000
1724157149251550600,55,1.12,0.00,106.04,69.34,1,1,1.000000
1724157149298219900,42,981.36,131.44,298.92,91.52,1,1,1.000000
1724157149298219900,45,403.25,309.79,372.25,114.48,1,1,1.000000
1724157149298219900,47,540.31,0.51,330.31,90.40,1,1,1.000000
1724157149298219900,50,2.39,97.04,223.35,95.43,1,1,1.000000
1724157149298219900,44,573.07,401.37,487.52,130.29,1,1,1.000000
1724157149298219900,51,108.66,1.77,211.60,82.25,1,1,1.000000
1724157149298219900,53,0.00,227.23,176.64,84.89,1,1,1.000000
1724157149298219900,48,444.93,443.55,136.33,101.03,1,1,1.000000
1724157149298219900,55,1.57,0.00,115.27,77.59,1,1,1.000000
1724157149340785100,42,1003.42,133.03,276.80,92.62,1,1,1.000000
1724157149340785100,45,434.59,318.45,357.71,109.65,1,1,1.000000
1724157149340785100,47,553.45,2.40,338.01,95.96,1,1,1.000000
1724157149340785100,50,9.99,101.99,226.18,97.71,1,1,1.000000
1724157149340785100,44,600.02,404.51,489.71,139.07,1,1,1.000000
1724157149340785100,51,110.42,1.78,206.33,85.45,1,1,1.000000
1724157149340785100,53,0.00,227.83,191.56,85.57,1,1,1.000000
1724157149340785100,48,440.00,438.45,228.93,119.68,1,1,1.000000
1724157149340785100,55,0.79,0.00,120.16,84.46,1,1,1.000000
1724157149340785100,57,0.16,453.32,70.50,73.55,1,1,1.000000
1724157149375507500,42,1014.07,135.66,266.59,92.48,1,1,1.000000
1724157149375507500,45,457.21,320.52,356.35,115.83,1,1,1.000000
1724157149375507500,47,574.38,2.57,328.45,94.26,1,1,1.000000
1724157149375507500,50,11.50,99.89,232.13,100.24,1,1,1.000000
1724157149375507500,44,624.58,412.37,496.11,133.51,1,1,1.000000
1724157149375507500,51,117.72,3.44,206.20,85.97,1,1,1.000000
1724157149375507500,53,0.00,227.10,206.41,89.89,1,1,1.000000
1724157149375507500,48,441.63,440.93,239.57,121.71,1,1,1.000000
1724157149375507500,55,1.03,0.00,123.22,87.86,1,1,1.000000
1724157149375507500,57,0.18,451.97,84.39,74.03,1,1,1.000000
1724157149418541600,42,1030.62,138.40,249.83,88.66,1,1,1.000000
1724157149418541600,45,475.73,318.04,356.95,128.75,1,1,1.000000
1724157149418541600,47,587.15,4.70,331.57,92.99,1,1,1.000000
1724157149418541600,50,32.22,101.80,220.68,99.32,1,1,1.000000
1724157149418541600,44,653.95,412.03,505.42,142.93,1,1,1.000000
1724157149418541600,51,125.03,2.61,200.77,88.15,1,1,1.000000
1724157149418541600,53,0.00,228.31,221.34,89.80,1,1,1.000000
1724157149418541600,48,445.14,443.81,248.72,115.57,1,1,1.000000
1724157149418541600,55,0.98,0.00,137.08,86.09,1,1,1.000000
1724157149418541600,57,0.04,456.36,100.82,86.16,1,1,1.000000
1724157149450496900,42,1042.78,139.90,237.39,92.17,1,1,1.000000
1724157149450496900,45,495.23,320.66,353.80,130.72,1,1,1.000000
1724157149450496900,47,601.03,11.59,333.37,87.56,1,1,1.000000
1724157149450496900,50,50.54,102.28,210.79,104.40,1,1,1.000000
1724157149450496900,44,681.77,414.49,509.74,137.74,1,1,1.000000
1724157149450496900,51,127.13,4.43,201.47,86.98,1,1,1.000000
1724157149450496900,53,0.00,224.76,228.67,99.08,1,1,1.000000
1724157149450496900,48,445.60,448.80,254.93,107.31,1,1,1.000000
1724157149450496900,55,1.14,0.00,144.19,87.33,1,1,1.000000
1724157149450496900,57,0.01,458.47,115.85,86.72,1,1,1.000000
1724157149450496900,58,0.72,97.82,117.10,84.05,1,1,1.000000
1724157149450496900,59,0.00,1.86,330.00,89.58,1,1,1.000000
1724157149495236300,42,1062.67,151.33,217.64,80.77,1,1,1.000000
1724157149495236300,45,506.58,318.96,359.03,139.30,1,1,1.000000
1724157149495236300,47,617.85,9.47,325.93,92.41,1,1,1.000000
1724157149495236300,50,68.00,101.75,208.54,104.79,1,1,1.000000
1724157149495236300,44,706.62,417.41,526.55,140.36,1,1,1.000000
1724157149495236300,51,133.31,12.37,196.44,80.09,1,1,1.000000
1724157149495236300,53,0.00,226.47,240.67,110.56,1,1,1.000000
1724157149495236300,48,447.08,448.54,261.12,111.25,1,1,1.000000
1724157149495236300,55,1.28,0.02,169.23,91.20,1,1,1.000000
1724157149495236300,57,0.00,459.46,129.77,96.48,1,1,1.000000
1724157149495236300,58,0.41,115.17,127.11,72.51,1,1,1.000000
1724157149538292500,42,1101.32,160.30,179.18,68.72,1,1,1.000000
1724157149538292500,45,553.51,323.89,355.37,152.67,1,1,1.000000
1724157149538292500,47,648.02,14.08,330.13,96.10,1,1,1.000000
1724157149538292500,50,103.90,110.22,192.69,81.78,1,1,1.000000
1724157149538292500,44,768.38,423.88,512.18,146.53,1,1,1.000000
1724157149538292500,51,143.12,16.67,200.68,82.67,1,1,1.000000
1724157149538292500,53,0.00,239.19,277.72,103.43,1,1,1.000000
1724157149538292500,48,451.51,455.39,274.28,107.25,1,1,1.000000
1724157149538292500,55,20.67,0.11,134.80,96.17,1,1,1.000000
1724157149538292500,57,0.06,472.83,156.50,123.70,1,1,1.000000
1724157149538292500,58,0.39,112.58,100.00,75.93,1,1,1.000000
1724157149569156300,42,1101.32,160.30,179.18,68.72,1,1,1.000000
1724157149569156300,45,553.51,323.89,355.37,152.67,1,1,1.000000
1724157149569156300,47,648.02,14.08,330.13,96.10,1,1,1.000000
1724157149569156300,50,103.90,110.22,192.69,81.78,1,1,1.000000
1724157149569156300,44,768.38,423.88,512.18,146.53,1,1,1.000000
1724157149569156300,51,143.12,16.67,200.68,82.67,1,1,1.000000
1724157149569156300,53,0.00,239.19,277.72,103.43,1,1,1.000000
1724157149569156300,48,451.51,455.39,274.28,107.25,1,1,1.000000
1724157149569156300,55,20.67,0.11,134.80,96.17,1,1,1.000000
1724157149569156300,57,0.06,472.83,156.50,123.70,1,1,1.000000
1724157149569156300,58,0.39,112.58,100.00,75.93,1,1,1.000000
1724157149614642100,42,1122.55,157.69,158.10,73.04,1,1,1.000000
1724157149614642100,45,572.16,329.43,355.14,155.76,1,1,1.000000
1724157149614642100,47,659.92,14.71,335.04,102.16,1,1,1.000000
1724157149614642100,50,132.07,112.44,175.60,82.86,1,1,1.000000
1724157149614642100,44,801.76,423.64,477.79,162.87,1,1,1.000000
1724157149614642100,51,146.56,18.97,196.01,83.56,1,1,1.000000
1724157149614642100,53,0.00,241.94,291.98,106.70,1,1,1.000000
1724157149614642100,48,471.34,461.47,259.19,90.80,1,1,1.000000
1724157149614642100,55,35.66,0.02,117.54,102.40,1,1,1.000000
1724157149614642100,57,0.02,476.15,171.70,134.28,1,1,1.000000
1724157149614642100,58,0.44,114.97,108.18,76.32,1,1,1.000000
1724157149663448700,42,1166.85,165.91,113.10,70.03,1,1,1.000000
1724157149663448700,45,610.90,343.63,353.12,155.03,1,1,1.000000
1724157149663448700,47,685.73,17.17,340.46,106.16,1,1,1.000000
1724157149663448700,50,137.99,114.97,188.58,86.19,1,1,1.000000
1724157149663448700,44,865.84,430.96,414.16,161.77,1,1,1.000000
1724157149663448700,51,154.21,31.73,199.11,81.79,1,1,1.000000
1724157149663448700,53,0.00,248.72,317.03,105.38,1,1,1.000000
1724157149663448700,48,481.03,468.66,262.70,88.94,1,1,1.000000
1724157149663448700,55,0.75,0.81,151.05,110.01,1,1,1.000000
1724157149663448700,57,0.00,489.26,201.03,126.90,1,1,1.000000
1724157149663448700,58,0.31,118.10,118.37,78.47,1,1,1.000000
1724157149692285500,42,1190.96,169.47,88.85,72.34,1,1,1.000000
1724157149692285500,45,625.88,352.77,349.42,151.92,1,1,1.000000
1724157149692285500,47,689.04,21.57,351.22,103.26,1,1,1.000000
1724157149692285500,50,142.92,116.38,197.74,92.92,1,1,1.000000
1724157149692285500,44,893.44,439.07,386.67,156.34,1,1,1.000000
1724157149692285500,51,156.82,35.73,197.03,76.35,1,1,1.000000
1724157149692285500,53,0.00,248.40,334.28,111.03,1,1,1.000000
1724157149692285500,48,483.78,465.97,265.70,97.90,1,1,1.000000
1724157149692285500,55,1.41,15.47,163.90,102.12,1,1,1.000000
1724157149692285500,57,0.00,491.56,219.45,127.91,1,1,1.000000
1724157149692285500,58,0.24,122.62,123.45,81.88,1,1,1.000000
1724157149736405500,42,1213.52,171.99,66.50,72.43,1,1,1.000000
1724157149736405500,45,645.75,363.65,365.09,165.61,1,1,1.000000
1724157149736405500,47,699.88,27.24,356.93,102.04,1,1,1.000000
1724157149736405500,50,145.22,120.98,203.40,85.35,1,1,1.000000
1724157149736405500,44,912.30,444.58,368.21,152.33,1,1,1.000000
1724157149736405500,51,162.77,39.19,194.01,77.43,1,1,1.000000
1724157149736405500,53,0.24,251.02,344.14,112.16,1,1,1.000000
1724157149736405500,48,485.16,465.97,271.99,104.76,1,1,1.000000
1724157149736405500,55,30.85,27.26,137.36,92.98,1,1,1.000000
1724157149736405500,57,0.00,489.82,231.87,142.06,1,1,1.000000
1724157149736405500,58,0.41,124.28,118.97,88.88,1,1,1.000000
1724157149781080500,45,665.16,372.26,385.70,174.61,1,1,1.000000
1724157149781080500,47,713.38,34.49,352.43,96.75,1,1,1.000000
1724157149781080500,50,143.99,129.60,215.34,97.68,1,1,1.000000
1724157149781080500,44,932.62,460.79,347.59,143.84,1,1,1.000000
1724157149781080500,51,159.23,44.34,195.49,75.82,1,1,1.000000
1724157149781080500,53,0.46,256.32,358.91,105.69,1,1,1.000000
1724157149781080500,48,493.15,468.97,275.48,106.99,1,1,1.000000
1724157149781080500,55,43.40,41.97,126.87,89.21,1,1,1.000000
1724157149781080500,57,0.00,488.93,248.32,151.49,1,1,1.000000
1724157149781080500,58,0.32,131.41,121.77,88.08,1,1,1.000000
1724157149811319000,45,665.16,372.26,385.70,174.61,1,1,1.000000
1724157149811319000,47,713.38,34.49,352.43,96.75,1,1,1.000000
1724157149811319000,50,143.99,129.60,215.34,97.68,1,1,1.000000
1724157149811319000,44,932.62,460.79,347.59,143.84,1,1,1.000000
1724157149811319000,51,159.23,44.34,195.49,75.82,1,1,1.000000
1724157149811319000,53,0.46,256.32,358.91,105.69,1,1,1.000000
1724157149811319000,48,493.15,468.97,275.48,106.99,1,1,1.000000
1724157149811319000,55,43.40,41.97,126.87,89.21,1,1,1.000000
1724157149811319000,57,0.00,488.93,248.32,151.49,1,1,1.000000
1724157149811319000,58,0.32,131.41,121.77,88.08,1,1,1.000000
1724157149858453000,45,710.39,399.76,375.94,168.07,1,1,1.000000
1724157149858453000,47,742.11,40.45,361.35,100.95,1,1,1.000000
1724157149858453000,50,128.10,139.23,240.99,86.61,1,1,1.000000
1724157149858453000,44,956.21,449.98,323.71,157.30,1,1,1.000000
1724157149858453000,51,175.95,57.51,176.77,76.65,1,1,1.000000
1724157149858453000,53,0.00,262.67,392.35,115.08,1,1,1.000000
1724157149858453000,48,498.68,471.20,286.88,113.97,1,1,1.000000
1724157149858453000,55,37.60,44.45,138.28,102.09,1,1,1.000000
1724157149858453000,57,0.93,492.65,280.91,177.20,1,1,1.000000
1724157149858453000,58,0.59,141.39,119.33,84.65,1,1,1.000000
1724157149901003600,45,739.32,407.88,377.00,171.48,1,1,1.000000
1724157149901003600,47,758.96,43.01,362.27,99.15,1,1,1.000000
1724157149901003600,50,118.47,141.85,254.25,96.76,1,1,1.000000
1724157149901003600,44,989.25,463.32,291.39,149.31,1,1,1.000000
1724157149901003600,51,180.04,63.24,175.33,74.69,1,1,1.000000
1724157149901003600,53,1.93,269.09,405.15,110.64,1,1,1.000000
1724157149901003600,48,515.85,482.54,282.70,104.76,1,1,1.000000
1724157149901003600,55,22.53,45.24,155.47,101.63,1,1,1.000000
1724157149901003600,57,0.39,498.35,299.93,171.22,1,1,1.000000
1724157149901003600,58,0.60,150.99,116.13,83.93,1,1,1.000000
1724157149901003600,60,229.00,0.01,161.24,45.58,1,1,1.000000
1724157149933372700,45,754.55,409.22,375.15,182.56,1,1,1.000000
1724157149933372700,47,772.39,49.33,362.95,98.30,1,1,1.000000
1724157149933372700,50,117.95,150.01,262.13,77.78,1,1,1.000000
1724157149933372700,44,1009.67,471.50,267.55,151.66,1,1,1.000000
1724157149933372700,51,182.14,67.39,178.00,77.09,1,1,1.000000
1724157149933372700,53,11.94,277.24,413.00,114.83,1,1,1.000000
1724157149933372700,48,519.88,486.62,285.92,106.06,1,1,1.000000
1724157149933372700,55,6.96,57.04,173.21,100.77,1,1,1.000000
1724157149933372700,57,0.00,501.94,322.05,157.38,1,1,1.000000
1724157149933372700,58,0.88,166.08,115.01,67.88,1,1,1.000000
1724157149933372700,60,224.14,0.00,172.98,50.52,1,1,1.000000
1724157149977649000,45,763.05,408.47,393.76,197.17,1,1,1.000000
1724157149977649000,47,792.92,55.56,379.39,94.79,1,1,1.000000
1724157149977649000,50,107.97,153.20,280.33,74.65,1,1,1.000000
1724157149977649000,44,1039.28,477.57,241.09,138.34,1,1,1.000000
1724157149977649000,51,198.39,74.69,160.76,71.72,1,1,1.000000
1724157149977649000,53,4.38,284.50,437.45,96.38,1,1,1.000000
1724157149977649000,48,528.99,498.54,281.10,89.33,1,1,1.000000
1724157149977649000,55,4.04,63.88,178.46,108.61,1,1,1.000000
1724157149977649000,57,0.00,510.11,337.17,137.71,1,1,1.000000
1724157149977649000,58,0.88,177.23,101.35,61.05,1,1,1.000000
1724157149977649000,60,199.60,0.00,198.20,54.19,1,1,1.000000
1724157150008095100,45,775.53,417.52,406.79,196.38,1,1,1.000000
1724157150008095100,47,797.22,61.71,377.09,96.86,1,1,1.000000
1724157150008095100,50,98.08,154.53,295.89,83.59,1,1,1.000000
1724157150008095100,44,1064.98,485.76,215.26,124.18,1,1,1.000000
1724157150008095100,51,200.25,79.47,159.36,72.98,1,1,1.000000
1724157150008095100,53,37.89,291.56,419.42,95.23,1,1,1.000000
1724157150008095100,48,539.28,501.23,284.28,97.66,1,1,1.000000
1724157150008095100,55,3.44,68.04,182.52,106.78,1,1,1.000000
1724157150008095100,57,0.07,510.09,356.16,143.84,1,1,1.000000
1724157150008095100,58,0.54,174.99,117.87,76.99,1,1,1.000000
1724157150008095100,60,210.30,0.42,190.94,57.34,1,1,1.000000
1724157150056669600,45,799.55,421.12,404.31,211.97,1,1,1.000000
1724157150056669600,47,809.69,67.42,377.49,98.82,1,1,1.000000
1724157150056669600,50,92.74,159.21,308.93,90.63,1,1,1.000000
1724157150056669600,44,1090.00,492.61,190.92,123.60,1,1,1.000000
1724157150056669600,51,203.08,70.56,157.77,93.37,1,1,1.000000
1724157150056669600,53,69.95,296.19,404.48,95.79,1,1,1.000000
1724157150056669600,48,547.21,509.84,283.70,101.31,1,1,1.000000
1724157150056669600,55,10.61,74.49,171.49,105.46,1,1,1.000000
1724157150056669600,57,0.60,508.03,376.42,153.00,1,1,1.000000
1724157150056669600,58,1.15,178.41,104.80,80.43,1,1,1.000000
1724157150056669600,60,197.04,0.36,209.85,63.92,1,1,1.000000
1724157150100942600,45,833.30,439.96,418.32,226.03,1,1,1.000000
1724157150100942600,47,849.21,78.83,371.74,100.49,1,1,1.000000
1724157150100942600,50,94.44,164.97,325.36,98.10,1,1,1.000000
1724157150100942600,44,1135.12,518.77,144.60,96.01,1,1,1.000000
1724157150100942600,51,207.68,73.17,158.89,107.42,1,1,1.000000
1724157150100942600,53,116.75,309.81,388.13,93.33,1,1,1.000000
1724157150100942600,48,578.09,513.65,267.03,113.23,1,1,1.000000
1724157150100942600,55,36.77,79.12,164.27,113.41,1,1,1.000000
1724157150100942600,57,0.00,521.13,415.33,133.69,1,1,1.000000
1724157150100942600,58,0.69,197.68,108.61,81.38,1,1,1.000000
1724157150100942600,60,187.34,0.64,227.50,74.14,1,1,1.000000
1724157150100942600,61,0.03,23.25,55.59,82.52,1,1,1.000000
1724157150100942600,59,121.29,2.17,71.11,87.47,1,1,1.000000
1724157150131341400,45,833.30,439.96,418.32,226.03,1,1,1.000000
1724157150131341400,47,849.21,78.83,371.74,100.49,1,1,1.000000
1724157150131341400,50,94.44,164.97,325.36,98.10,1,1,1.000000
1724157150131341400,44,1135.12,518.77,144.60,96.01,1,1,1.000000
1724157150131341400,51,207.68,73.17,158.89,107.42,1,1,1.000000
1724157150131341400,53,116.75,309.81,388.13,93.33,1,1,1.000000
1724157150131341400,48,578.09,513.65,267.03,113.23,1,1,1.000000
1724157150131341400,55,36.77,79.12,164.27,113.41,1,1,1.000000
1724157150131341400,57,0.00,521.13,415.33,133.69,1,1,1.000000
1724157150131341400,58,0.69,197.68,108.61,81.38,1,1,1.000000
1724157150131341400,60,187.34,0.64,227.50,74.14,1,1,1.000000
1724157150131341400,61,0.03,23.25,55.59,82.52,1,1,1.000000
1724157150131341400,62,922.58,0.00,194.43,33.81,1,1,1.000000
1724157150131341400,63,414.30,0.00,120.35,24.60,1,1,1.000000
1724157150131341400,59,121.29,2.17,71.11,87.47,1,1,1.000000
1724157150176421700,45,858.69,476.80,420.76,223.54,1,1,1.000000
1724157150176421700,47,868.44,96.14,395.29,93.74,1,1,1.000000
1724157150176421700,50,108.38,178.72,326.09,93.56,1,1,1.000000
1724157150176421700,44,1187.49,551.45,92.31,89.48,1,1,1.000000
1724157150176421700,51,203.05,83.83,155.28,103.89,1,1,1.000000
1724157150176421700,53,136.24,320.69,397.74,91.88,1,1,1.000000
1724157150176421700,48,601.04,529.60,258.21,114.02,1,1,1.000000
1724157150176421700,55,55.57,90.89,140.32,119.36,1,1,1.000000
1724157150176421700,57,1.32,544.97,456.47,108.55,1,1,1.000000
1724157150176421700,58,1.04,198.54,102.43,90.66,1,1,1.000000
1724157150176421700,60,175.27,0.38,250.31,85.32,1,1,1.000000
1724157150176421700,61,0.51,35.34,54.24,79.84,1,1,1.000000
1724157150176421700,62,896.24,0.00,237.90,50.76,1,1,1.000000
1724157150176421700,63,374.59,0.00,155.08,41.62,1,1,1.000000
1724157150176421700,59,120.22,0.71,55.32,90.11,1,1,1.000000
1724157150207281500,45,873.45,495.29,405.27,217.88,1,1,1.000000
1724157150207281500,47,871.43,101.55,405.96,93.15,1,1,1.000000
1724157150207281500,50,113.34,180.36,323.67,94.73,1,1,1.000000
1724157150207281500,44,1218.45,567.83,61.31,103.45,1,1,1.000000
1724157150207281500,51,198.53,87.27,156.28,106.17,1,1,1.000000
1724157150207281500,53,141.64,324.86,407.26,96.49,1,1,1.000000
1724157150207281500,48,620.20,538.71,248.47,112.70,1,1,1.000000
1724157150207281500,55,59.91,95.91,135.84,121.48,1,1,1.000000
1724157150207281500,57,1.51,550.08,479.01,106.12,1,1,1.000000
1724157150207281500,58,1.12,198.56,113.95,89.21,1,1,1.000000
1724157150207281500,60,163.40,0.21,261.44,89.44,1,1,1.000000
1724157150207281500,61,0.19,42.62,52.14,66.34,1,1,1.000000
1724157150207281500,62,895.23,0.00,247.42,61.12,1,1,1.000000
1724157150207281500,63,370.61,0.08,155.94,39.46,1,1,1.000000
1724157150207281500,64,27.38,0.90,70.16,36.20,1,1,1.000000
1724157150253488700,45,893.80,518.17,386.01,198.30,1,1,1.000000
1724157150253488700,47,875.48,106.63,403.79,97.50,1,1,1.000000
1724157150253488700,50,125.11,187.00,317.06,98.16,1,1,1.000000
1724157150253488700,51,194.21,92.81,160.98,105.37,1,1,1.000000
1724157150253488700,53,154.98,330.10,405.35,113.19,1,1,1.000000
1724157150253488700,48,614.82,539.80,262.61,120.51,1,1,1.000000
1724157150253488700,55,60.27,99.97,132.88,129.51,1,1,1.000000
1724157150253488700,57,55.95,549.34,447.46,117.74,1,1,1.000000
1724157150253488700,58,11.36,199.50,100.28,82.94,1,1,1.000000
1724157150253488700,60,154.59,0.85,275.78,95.01,1,1,1.000000
1724157150253488700,61,0.00,48.37,57.87,69.56,1,1,1.000000
1724157150253488700,62,838.45,0.16,314.35,66.62,1,1,1.000000
1724157150253488700,63,335.35,0.00,192.57,42.97,1,1,1.000000
1724157150299296800,45,916.19,534.70,362.42,182.69,1,1,1.000000
1724157150299296800,47,881.07,112.80,397.84,99.98,1,1,1.000000
1724157150299296800,50,130.67,188.93,310.34,104.19,1,1,1.000000
1724157150299296800,51,198.21,95.57,152.58,110.09,1,1,1.000000
1724157150299296800,53,173.63,334.15,403.22,123.56,1,1,1.000000
1724157150299296800,48,610.85,533.91,269.74,133.17,1,1,1.000000
1724157150299296800,55,68.84,106.80,123.69,121.85,1,1,1.000000
1724157150299296800,57,50.49,543.52,476.71,153.42,1,1,1.000000
1724157150299296800,58,13.35,196.67,107.29,105.39,1,1,1.000000
1724157150299296800,60,144.61,0.64,291.32,99.33,1,1,1.000000
1724157150299296800,61,0.36,53.04,49.91,81.74,1,1,1.000000
1724157150299296800,62,841.14,0.21,319.90,77.92,1,1,1.000000
1724157150299296800,63,357.11,0.00,176.10,45.45,1,1,1.000000
1724157150329928600,45,930.65,544.33,349.95,174.59,1,1,1.000000
1724157150329928600,47,888.88,124.22,391.39,92.92,1,1,1.000000
1724157150329928600,50,146.54,193.17,300.99,112.75,1,1,1.000000
1724157150329928600,51,193.82,105.00,154.38,106.78,1,1,1.000000
1724157150329928600,53,198.68,341.09,393.65,115.04,1,1,1.000000
1724157150329928600,48,610.38,544.17,273.38,130.34,1,1,1.000000
1724157150329928600,55,78.17,116.04,112.84,113.47,1,1,1.000000
1724157150329928600,57,77.24,551.25,473.58,166.84,1,1,1.000000
1724157150329928600,58,8.63,199.45,118.94,101.77,1,1,1.000000
1724157150329928600,60,126.89,1.40,313.89,105.89,1,1,1.000000
1724157150329928600,61,0.00,60.11,57.05,71.32,1,1,1.000000
1724157150329928600,62,848.65,0.00,321.06,86.98,1,1,1.000000
1724157150329928600,63,322.14,0.00,205.66,53.72,1,1,1.000000
1724157150329928600,64,5.68,0.54,91.04,50.40,1,1,1.000000
1724157150376196500,45,943.38,548.61,337.74,170.07,1,1,1.000000
1724157150376196500,47,899.84,133.60,379.46,93.90,1,1,1.000000
1724157150376196500,50,162.75,197.11,293.87,119.55,1,1,1.000000
1724157150376196500,51,199.70,111.38,147.11,106.40,1,1,1.000000
1724157150376196500,53,227.97,347.59,382.44,95.70,1,1,1.000000
1724157150376196500,48,617.11,548.95,274.33,131.38,1,1,1.000000
1724157150376196500,55,83.27,124.20,104.00,108.74,1,1,1.000000
1724157150376196500,57,148.79,560.78,431.91,142.89,1,1,1.000000
1724157150376196500,58,1.83,212.57,134.49,93.89,1,1,1.000000
1724157150376196500,60,128.52,5.73,320.00,109.98,1,1,1.000000
1724157150376196500,61,0.00,66.11,53.69,68.09,1,1,1.000000
1724157150376196500,62,856.70,0.23,320.24,94.79,1,1,1.000000
1724157150376196500,63,316.28,0.00,219.79,59.71,1,1,1.000000
1724157150376196500,67,0.48,160.17,82.31,67.63,1,1,1.000000
1724157150376196500,64,2.11,0.21,95.47,54.56,1,1,1.000000
1724157150425316300,45,956.33,553.73,324.33,165.83,1,1,1.000000
1724157150425316300,47,907.95,141.02,371.44,93.04,1,1,1.000000
1724157150425316300,50,186.45,202.75,273.15,112.38,1,1,1.000000
1724157150425316300,51,197.13,120.54,149.49,100.56,1,1,1.000000
1724157150425316300,53,255.06,356.81,371.36,86.05,1,1,1.000000
1724157150425316300,48,624.27,569.47,272.93,115.17,1,1,1.000000
1724157150425316300,55,89.03,128.78,93.41,111.45,1,1,1.000000
1724157150425316300,57,203.21,573.53,407.49,126.41,1,1,1.000000
1724157150425316300,58,0.39,214.37,135.62,99.88,1,1,1.000000
1724157150425316300,60,123.20,18.23,312.12,102.62,1,1,1.000000
1724157150425316300,61,0.00,73.73,62.86,65.70,1,1,1.000000
1724157150425316300,62,865.53,0.08,317.18,104.20,1,1,1.000000
1724157150425316300,63,314.44,0.00,220.27,63.79,1,1,1.000000
1724157150425316300,67,0.39,170.42,80.82,57.47,1,1,1.000000
1724157150425316300,64,0.99,0.00,97.40,62.43,1,1,1.000000
1724157150450237000,45,977.48,565.21,302.26,154.87,1,1,1.000000
1724157150450237000,47,927.61,145.08,351.85,94.41,1,1,1.000000
1724157150450237000,50,195.83,212.67,270.04,104.49,1,1,1.000000
1724157150450237000,51,200.87,129.58,141.84,99.36,1,1,1.000000
1724157150450237000,53,282.72,364.02,357.26,86.59,1,1,1.000000
1724157150450237000,48,625.73,570.60,277.62,120.79,1,1,1.000000
1724157150450237000,55,99.54,134.15,86.58,114.20,1,1,1.000000
1724157150450237000,57,265.85,577.07,377.44,132.77,1,1,1.000000
1724157150450237000,58,0.91,228.89,137.03,85.13,1,1,1.000000
1724157150450237000,60,130.85,20.71,311.00,104.76,1,1,1.000000
1724157150450237000,61,0.11,77.59,80.53,70.91,1,1,1.000000
1724157150450237000,62,873.57,5.86,315.03,108.47,1,1,1.000000
1724157150450237000,63,319.43,0.05,219.34,67.45,1,1,1.000000
1724157150450237000,67,0.41,174.57,75.86,61.82,1,1,1.000000
1724157150450237000,64,0.74,0.20,97.07,64.38,1,1,1.000000
1724157150496125700,45,991.70,578.60,286.64,141.20,1,1,1.000000
1724157150496125700,47,939.62,157.83,340.08,94.98,1,1,1.000000
1724157150496125700,50,193.04,215.22,281.07,99.37,1,1,1.000000
1724157150496125700,51,210.99,131.48,130.05,102.82,1,1,1.000000
1724157150496125700,53,298.76,365.74,366.24,94.15,1,1,1.000000
1724157150496125700,48,629.97,573.40,277.10,125.70,1,1,1.000000
1724157150496125700,55,100.05,139.67,82.60,115.86,1,1,1.000000
1724157150496125700,57,279.74,600.46,407.83,104.10,1,1,1.000000
1724157150496125700,58,0.49,232.82,138.76,92.23,1,1,1.000000
1724157150496125700,60,126.21,25.03,310.21,106.14,1,1,1.000000
1724157150496125700,61,0.39,85.41,87.92,70.09,1,1,1.000000
1724157150496125700,62,884.60,15.58,307.57,108.09,1,1,1.000000
1724157150496125700,63,318.27,0.16,218.74,72.30,1,1,1.000000
1724157150496125700,67,0.62,179.86,77.92,61.89,1,1,1.000000
1724157150496125700,64,0.08,0.10,95.98,71.78,1,1,1.000000
1724157150529369300,45,1008.16,595.93,269.90,123.50,1,1,1.000000
1724157150529369300,47,956.47,166.93,323.70,97.79,1,1,1.000000
1724157150529369300,50,199.66,221.95,285.81,83.11,1,1,1.000000
1724157150529369300,51,215.39,137.21,125.94,101.89,1,1,1.000000
1724157150529369300,53,306.39,367.74,381.45,101.07,1,1,1.000000
1724157150529369300,48,637.67,578.57,278.24,132.00,1,1,1.000000
1724157150529369300,55,101.85,148.13,79.16,116.08,1,1,1.000000
1724157150529369300,57,304.27,607.52,417.91,109.44,1,1,1.000000
1724157150529369300,58,0.00,240.10,145.45,90.64,1,1,1.000000
1724157150529369300,60,123.25,26.39,318.85,109.18,1,1,1.000000
1724157150529369300,61,0.65,92.37,113.79,81.82,1,1,1.000000
1724157150529369300,62,890.53,29.19,311.11,105.83,1,1,1.000000
1724157150529369300,63,319.47,0.38,222.48,79.43,1,1,1.000000
1724157150529369300,67,0.05,185.26,78.61,62.45,1,1,1.000000
1724157150529369300,64,0.47,0.00,88.81,73.56,1,1,1.000000
1724157150576255000,45,1028.29,617.10,205.71,101.97,1,1,1.000000
1724157150576255000,47,970.13,176.66,310.06,98.99,1,1,1.000000
1724157150576255000,50,216.12,226.69,284.41,79.25,1,1,1.000000
1724157150576255000,51,224.12,146.10,120.46,101.70,1,1,1.000000
1724157150576255000,53,315.08,369.84,389.96,121.29,1,1,1.000000
1724157150576255000,48,641.54,581.41,276.93,134.63,1,1,1.000000
1724157150576255000,55,106.45,152.09,79.82,122.13,1,1,1.000000
1724157150576255000,57,337.37,614.87,434.18,104.09,1,1,1.000000
1724157150576255000,58,0.00,244.58,137.85,91.58,1,1,1.000000
1724157150576255000,60,116.38,22.18,327.32,124.93,1,1,1.000000
1724157150576255000,61,0.12,97.75,127.39,87.40,1,1,1.000000
1724157150576255000,62,894.05,35.45,314.40,109.12,1,1,1.000000
1724157150576255000,63,322.66,0.76,220.57,82.95,1,1,1.000000
1724157150576255000,64,0.00,0.64,93.12,81.80,1,1,1.000000
1724157150626465600,45,1044.02,645.86,140.01,73.68,1,1,1.000000
1724157150626465600,47,987.14,178.57,293.44,109.07,1,1,1.000000
1724157150626465600,50,246.08,231.42,267.99,78.44,1,1,1.000000
1724157150626465600,51,229.10,139.50,112.30,114.70,1,1,1.000000
1724157150626465600,53,359.13,369.09,372.47,138.90,1,1,1.000000
1724157150626465600,48,644.41,586.62,278.34,133.25,1,1,1.000000
1724157150626465600,55,105.63,158.40,88.53,122.37,1,1,1.000000
1724157150626465600,57,370.73,616.19,436.65,103.72,1,1,1.000000
1724157150626465600,58,0.10,250.07,129.03,95.57,1,1,1.000000
1724157150626465600,60,115.93,25.98,329.18,126.45,1,1,1.000000
1724157150626465600,61,0.77,103.91,127.67,106.53,1,1,1.000000
1724157150626465600,62,897.13,48.70,320.65,108.00,1,1,1.000000
1724157150626465600,63,322.34,0.06,222.42,89.45,1,1,1.000000
1724157150626465600,64,0.00,0.67,88.77,92.51,1,1,1.000000
1724157150648340400,45,1063.74,673.66,63.34,46.63,1,1,1.000000
1724157150648340400,47,1010.80,198.97,268.99,93.35,1,1,1.000000
1724157150648340400,50,254.52,233.73,272.97,86.78,1,1,1.000000
1724157150648340400,51,236.82,145.54,105.20,112.81,1,1,1.000000
1724157150648340400,53,402.96,386.17,353.35,95.97,1,1,1.000000
1724157150648340400,48,645.29,594.12,278.65,124.33,1,1,1.000000
1724157150648340400,55,102.98,154.20,86.91,124.88,1,1,1.000000
1724157150648340400,57,443.03,614.10,390.71,106.09,1,1,1.000000
1724157150648340400,58,0.00,254.87,152.27,93.10,1,1,1.000000
1724157150648340400,60,117.95,33.18,331.80,128.13,1,1,1.000000
1724157150648340400,61,1.98,115.43,135.61,92.11,1,1,1.000000
1724157150648340400,62,904.49,57.83,321.34,110.66,1,1,1.000000
1724157150648340400,63,326.25,2.53,222.40,95.48,1,1,1.000000
1724157150648340400,64,0.00,2.07,91.77,90.68,1,1,1.000000
1724157150695069700,47,1050.77,215.51,229.46,100.03,1,1,1.000000
1724157150695069700,50,304.10,242.27,257.06,99.77,1,1,1.000000
1724157150695069700,51,255.88,153.46,87.91,117.93,1,1,1.000000
1724157150695069700,53,476.41,401.68,348.68,93.17,1,1,1.000000
1724157150695069700,48,664.25,607.53,265.06,111.09,1,1,1.000000
1724157150695069700,55,106.64,162.15,86.30,115.71,1,1,1.000000
1724157150695069700,57,520.36,639.49,323.08,79.70,1,1,1.000000
1724157150695069700,58,0.00,267.91,164.74,96.92,1,1,1.000000
1724157150695069700,60,130.15,52.21,323.66,117.38,1,1,1.000000
1724157150695069700,61,0.40,117.98,161.22,103.08,1,1,1.000000
1724157150695069700,62,928.31,73.96,324.37,118.54,1,1,1.000000
1724157150695069700,63,337.19,16.02,225.60,92.60,1,1,1.000000
1724157150695069700,64,0.02,21.48,88.19,81.49,1,1,1.000000
1724157150695069700,59,103.65,2.97,78.87,66.15,1,1,1.000000
1724157150741365200,47,1068.88,226.55,211.48,103.65,1,1,1.000000
1724157150741365200,50,322.20,243.92,258.45,83.56,1,1,1.000000
1724157150741365200,51,262.71,154.94,85.05,124.05,1,1,1.000000
1724157150741365200,53,497.08,407.43,366.48,99.90,1,1,1.000000
1724157150741365200,48,676.54,605.39,247.99,113.73,1,1,1.000000
1724157150741365200,55,105.97,174.97,81.51,109.36,1,1,1.000000
1724157150741365200,57,570.81,646.69,253.04,73.13,1,1,1.000000
1724157150741365200,58,0.01,271.55,164.58,103.77,1,1,1.000000
1724157150741365200,60,140.05,64.79,318.13,117.16,1,1,1.000000
1724157150741365200,61,0.40,124.21,178.63,99.16,1,1,1.000000
1724157150741365200,62,938.16,87.35,322.08,116.90,1,1,1.000000
1724157150741365200,63,351.48,21.72,220.85,93.80,1,1,1.000000
1724157150741365200,64,0.46,26.49,84.43,81.77,1,1,1.000000
1724157150741365200,68,928.10,0.00,311.69,57.13,1,1,1.000000
1724157150741365200,59,96.90,5.95,90.71,67.28,1,1,1.000000
1724157150773369200,47,1068.88,226.55,211.48,103.65,1,1,1.000000
1724157150773369200,50,322.20,243.92,258.45,83.56,1,1,1.000000
1724157150773369200,51,262.71,154.94,85.05,124.05,1,1,1.000000
1724157150773369200,53,497.08,407.43,366.48,99.90,1,1,1.000000
1724157150773369200,48,676.54,605.39,247.99,113.73,1,1,1.000000
1724157150773369200,55,105.97,174.97,81.51,109.36,1,1,1.000000
1724157150773369200,57,570.81,646.69,253.04,73.13,1,1,1.000000
1724157150773369200,58,0.01,271.55,164.58,103.77,1,1,1.000000
1724157150773369200,60,140.05,64.79,318.13,117.16,1,1,1.000000
1724157150773369200,61,0.40,124.21,178.63,99.16,1,1,1.000000
1724157150773369200,62,938.16,87.35,322.08,116.90,1,1,1.000000
1724157150773369200,63,351.48,21.72,220.85,93.80,1,1,1.000000
1724157150773369200,64,0.46,26.49,84.43,81.77,1,1,1.000000
1724157150773369200,68,928.10,0.00,311.69,57.13,1,1,1.000000
1724157150773369200,59,96.90,5.95,90.71,67.28,1,1,1.000000
1724157150815832600,47,1080.33,248.38,200.05,93.04,1,1,1.000000
1724157150815832600,50,365.50,259.48,263.81,65.75,1,1,1.000000
1724157150815832600,51,279.60,167.93,62.12,122.61,1,1,1.000000
1724157150815832600,53,578.43,421.12,370.81,102.77,1,1,1.000000
1724157150815832600,48,650.06,619.48,257.11,99.90,1,1,1.000000
1724157150815832600,55,106.09,237.71,86.27,56.73,1,1,1.000000
1724157150815832600,57,648.00,637.89,98.79,80.59,1,1,1.000000
1724157150815832600,58,0.00,278.69,168.49,97.35,1,1,1.000000
1724157150815832600,60,141.59,77.46,329.53,110.85,1,1,1.000000
1724157150815832600,61,0.48,141.42,220.52,97.66,1,1,1.000000
1724157150815832600,62,955.73,105.45,322.61,122.20,1,1,1.000000
1724157150815832600,63,383.63,48.78,198.40,75.29,1,1,1.000000
1724157150815832600,64,0.56,49.60,88.33,80.89,1,1,1.000000
1724157150815832600,68,866.47,0.30,412.04,80.07,1,1,1.000000
1724157150815832600,59,91.30,12.19,96.03,70.29,1,1,1.000000
1724157150861378000,47,1093.19,261.49,187.02,88.30,1,1,1.000000
1724157150861378000,50,395.05,265.11,257.73,62.93,1,1,1.000000
1724157150861378000,51,281.89,175.17,62.98,116.46,1,1,1.000000
1724157150861378000,53,611.71,431.17,381.98,107.93,1,1,1.000000
1724157150861378000,48,689.55,631.32,204.51,88.31,1,1,1.000000
1724157150861378000,55,114.76,239.85,75.19,60.49,1,1,1.000000
1724157150861378000,58,0.00,276.15,168.44,106.86,1,1,1.000000
1724157150861378000,60,143.15,79.59,328.87,118.93,1,1,1.000000
1724157150861378000,61,0.39,152.65,246.90,96.07,1,1,1.000000
1724157150861378000,62,969.45,115.75,310.48,129.00,1,1,1.000000
1724157150861378000,63,381.35,51.47,198.75,79.10,1,1,1.000000
1724157150861378000,64,0.64,49.79,90.61,90.50,1,1,1.000000
1724157150861378000,68,879.51,0.01,399.18,96.16,1,1,1.000000
1724157150861378000,59,92.16,16.99,98.07,68.50,1,1,1.000000
1724157150861378000,69,176.93,1.34,85.15,84.19,1,1,1.000000
1724157150892281400,47,1112.87,273.98,167.09,83.71,1,1,1.000000
1724157150892281400,50,409.09,267.82,259.86,71.00,1,1,1.000000
1724157150892281400,51,278.60,176.07,69.83,105.36,1,1,1.000000
1724157150892281400,53,648.62,440.51,399.26,113.36,1,1,1.000000
1724157150892281400,48,703.05,644.72,167.87,75.15,1,1,1.000000
1724157150892281400,55,118.94,238.04,150.88,71.20,1,1,1.000000
1724157150892281400,58,0.00,279.59,167.98,107.79,1,1,1.000000
1724157150892281400,60,166.12,85.18,318.11,115.21,1,1,1.000000
1724157150892281400,61,0.00,151.61,272.57,105.80,1,1,1.000000
1724157150892281400,62,988.64,128.67,291.33,128.88,1,1,1.000000
1724157150892281400,63,370.12,60.31,217.96,75.53,1,1,1.000000
1724157150892281400,64,0.55,53.13,91.67,85.71,1,1,1.000000
1724157150892281400,68,900.40,0.00,379.48,107.20,1,1,1.000000
1724157150892281400,59,95.74,25.11,90.33,69.08,1,1,1.000000
1724157150892281400,69,177.50,3.91,82.55,85.20,1,1,1.000000
1724157150948260300,47,1140.58,286.68,139.31,80.65,1,1,1.000000
1724157150948260300,50,431.15,273.44,259.02,66.69,1,1,1.000000
1724157150948260300,51,279.21,179.12,76.27,105.43,1,1,1.000000
1724157150948260300,53,684.72,440.92,418.51,133.04,1,1,1.000000
1724157150948260300,58,0.25,296.85,170.22,90.06,1,1,1.000000
1724157150948260300,60,163.58,95.46,321.94,101.19,1,1,1.000000
1724157150948260300,61,0.00,153.06,289.45,111.14,1,1,1.000000
1724157150948260300,62,997.04,139.64,283.08,130.17,1,1,1.000000
1724157150948260300,63,396.97,69.16,190.59,71.34,1,1,1.000000
1724157150948260300,64,11.87,63.39,92.43,87.38,1,1,1.000000
1724157150948260300,68,918.39,0.16,361.74,121.61,1,1,1.000000
1724157150948260300,59,97.67,27.79,94.72,76.13,1,1,1.000000
1724157150948260300,69,170.78,4.53,93.68,91.80,1,1,1.000000
1724157150968338900,47,1140.58,286.68,139.31,80.65,1,1,1.000000
1724157150968338900,50,431.15,273.44,259.02,66.69,1,1,1.000000
1724157150968338900,51,279.21,179.12,76.27,105.43,1,1,1.000000
1724157150968338900,53,684.72,440.92,418.51,133.04,1,1,1.000000
1724157150968338900,58,0.25,296.85,170.22,90.06,1,1,1.000000
1724157150968338900,60,163.58,95.46,321.94,101.19,1,1,1.000000
1724157150968338900,61,0.00,153.06,289.45,111.14,1,1,1.000000
1724157150968338900,62,997.04,139.64,283.08,130.17,1,1,1.000000
1724157150968338900,63,396.97,69.16,190.59,71.34,1,1,1.000000
1724157150968338900,64,11.87,63.39,92.43,87.38,1,1,1.000000
1724157150968338900,68,918.39,0.16,361.74,121.61,1,1,1.000000
1724157150968338900,59,97.67,27.79,94.72,76.13,1,1,1.000000
1724157150968338900,69,170.78,4.53,93.68,91.80,1,1,1.000000
1724157151012639400,47,1185.98,305.08,93.91,72.89,1,1,1.000000
1724157151012639400,50,483.65,286.89,251.04,63.92,1,1,1.000000
1724157151012639400,53,754.19,477.55,459.30,138.75,1,1,1.000000
1724157151012639400,58,0.86,299.78,172.83,100.61,1,1,1.000000
1724157151012639400,60,177.97,111.80,322.50,95.96,1,1,1.000000
1724157151012639400,61,0.08,170.31,339.80,114.34,1,1,1.000000
1724157151012639400,62,1035.99,160.02,243.62,141.96,1,1,1.000000
1724157151012639400,63,408.49,77.57,191.36,74.25,1,1,1.000000
1724157151012639400,64,12.61,68.96,87.40,87.60,1,1,1.000000
1724157151012639400,68,964.93,2.48,314.93,150.05,1,1,1.000000
1724157151012639400,59,95.14,42.11,101.31,75.43,1,1,1.000000
1724157151012639400,69,186.73,40.03,80.90,69.13,1,1,1.000000
1724157151059024500,47,1196.34,312.80,83.40,77.10,1,1,1.000000
1724157151059024500,50,507.02,292.13,243.41,65.21,1,1,1.000000
1724157151059024500,53,793.47,499.14,472.87,147.62,1,1,1.000000
1724157151059024500,58,1.03,300.87,158.74,113.58,1,1,1.000000
1724157151059024500,60,211.90,121.61,297.51,88.10,1,1,1.000000
1724157151059024500,61,0.00,170.70,369.81,109.37,1,1,1.000000
1724157151059024500,62,1040.34,167.19,239.48,147.10,1,1,1.000000
1724157151059024500,63,402.15,80.21,199.48,75.69,1,1,1.000000
1724157151059024500,64,14.95,72.30,92.80,85.84,1,1,1.000000
1724157151059024500,68,996.20,23.55,283.70,143.39,1,1,1.000000
1724157151059024500,59,94.17,54.28,106.46,65.98,1,1,1.000000
1724157151059024500,69,185.68,45.50,82.92,67.30,1,1,1.000000
1724157151059024500,71,250.75,0.08,80.73,70.31,1,1,1.000000
1724157151059024500,72,6.48,0.00,79.80,43.86,1,1,1.000000
1724157151059024500,73,171.60,0.00,61.95,45.08,1,1,1.000000
1724157151059024500,74,401.26,0.00,49.77,56.83,1,1,1.000000
1724157151059024500,75,313.77,0.00,70.21,67.90,1,1,1.000000
1724157151088772700,47,1196.34,312.80,83.40,77.10,1,1,1.000000
1724157151088772700,50,507.02,292.13,243.41,65.21,1,1,1.000000
1724157151088772700,53,793.47,499.14,472.87,147.62,1,1,1.000000
1724157151088772700,58,1.03,300.87,158.74,113.58,1,1,1.000000
1724157151088772700,60,211.90,121.61,297.51,88.10,1,1,1.000000
1724157151088772700,61,0.00,170.70,369.81,109.37,1,1,1.000000
1724157151088772700,62,1040.34,167.19,239.48,147.10,1,1,1.000000
1724157151088772700,63,402.15,80.21,199.48,75.69,1,1,1.000000
1724157151088772700,64,14.95,72.30,92.80,85.84,1,1,1.000000
1724157151088772700,68,996.20,23.55,283.70,143.39,1,1,1.000000
1724157151088772700,59,94.17,54.28,106.46,65.98,1,1,1.000000
1724157151088772700,69,185.68,45.50,82.92,67.30,1,1,1.000000
1724157151088772700,71,250.75,0.08,80.73,70.31,1,1,1.000000
1724157151088772700,72,6.48,0.00,79.80,43.86,1,1,1.000000
1724157151088772700,73,171.60,0.00,61.95,45.08,1,1,1.000000
1724157151088772700,74,401.26,0.00,49.77,56.83,1,1,1.000000
1724157151088772700,75,313.77,0.00,70.21,67.90,1,1,1.000000
1724157151088772700,76,96.92,280.79,82.55,107.37,1,1,1.000000
1724157151136611900,50,573.39,302.81,252.83,76.11,1,1,1.000000
1724157151136611900,53,908.06,516.76,372.05,182.88,1,1,1.000000
1724157151136611900,58,2.02,307.53,180.66,128.61,1,1,1.000000
1724157151136611900,60,266.05,140.53,266.69,80.84,1,1,1.000000
1724157151136611900,61,34.12,199.39,424.35,109.06,1,1,1.000000
1724157151136611900,62,1060.11,193.30,219.68,142.10,1,1,1.000000
1724157151136611900,63,405.74,90.13,209.95,83.80,1,1,1.000000
1724157151136611900,64,32.78,81.55,78.74,89.55,1,1,1.000000
1724157151136611900,68,1035.89,60.77,243.98,129.94,1,1,1.000000
1724157151136611900,59,110.88,62.17,90.47,78.27,1,1,1.000000
1724157151136611900,69,178.11,52.21,96.69,72.95,1,1,1.000000
1724157151136611900,71,257.16,0.53,85.70,83.00,1,1,1.000000
1724157151136611900,72,0.45,0.36,92.09,57.12,1,1,1.000000
1724157151136611900,73,175.05,0.26,55.40,57.44,1,1,1.000000
1724157151136611900,74,411.78,0.39,49.18,65.52,1,1,1.000000
1724157151136611900,75,333.18,3.88,58.40,83.49,1,1,1.000000
1724157151136611900,67,1.65,277.65,108.32,105.04,1,1,1.000000
1724157151183431500,50,600.96,313.22,247.81,76.75,1,1,1.000000
1724157151183431500,53,948.02,527.89,332.50,183.84,1,1,1.000000
1724157151183431500,58,14.46,311.40,167.98,128.67,1,1,1.000000
1724157151183431500,60,263.81,142.41,276.08,81.30,1,1,1.000000
1724157151183431500,61,82.08,206.25,405.37,114.52,1,1,1.000000
1724157151183431500,62,1078.30,203.88,201.69,139.46,1,1,1.000000
1724157151183431500,63,424.52,96.79,199.13,82.04,1,1,1.000000
1724157151183431500,64,39.23,85.00,73.69,83.67,1,1,1.000000
1724157151183431500,68,1053.38,70.53,226.36,133.17,1,1,1.000000
1724157151183431500,59,113.51,66.05,89.91,73.14,1,1,1.000000
1724157151183431500,69,184.17,60.05,93.89,70.45,1,1,1.000000
1724157151183431500,71,256.49,0.00,138.46,92.68,1,1,1.000000
1724157151183431500,72,0.50,0.23,93.02,63.73,1,1,1.000000
1724157151183431500,73,174.75,0.30,61.35,59.76,1,1,1.000000
1724157151183431500,74,408.68,0.50,73.50,68.98,1,1,1.000000
1724157151183431500,77,129.92,124.51,146.03,96.09,1,1,1.000000
1724157151183431500,78,0.35,172.49,64.43,95.97,1,1,1.000000
1724157151183431500,67,2.09,271.72,170.34,120.84,1,1,1.000000
1724157151212097300,50,600.96,313.22,247.81,76.75,1,1,1.000000
1724157151212097300,53,948.02,527.89,332.50,183.84,1,1,1.000000
1724157151212097300,58,14.46,311.40,167.98,128.67,1,1,1.000000
1724157151212097300,60,263.81,142.41,276.08,81.30,1,1,1.000000
1724157151212097300,61,82.08,206.25,405.37,114.52,1,1,1.000000
1724157151212097300,62,1078.30,203.88,201.69,139.46,1,1,1.000000
1724157151212097300,63,424.52,96.79,199.13,82.04,1,1,1.000000
1724157151212097300,64,39.23,85.00,73.69,83.67,1,1,1.000000
1724157151212097300,68,1053.38,70.53,226.36,133.17,1,1,1.000000
1724157151212097300,59,113.51,66.05,89.91,73.14,1,1,1.000000
1724157151212097300,69,184.17,60.05,93.89,70.45,1,1,1.000000
1724157151212097300,71,256.49,0.00,138.46,92.68,1,1,1.000000
1724157151212097300,72,0.50,0.23,93.02,63.73,1,1,1.000000
1724157151212097300,73,174.75,0.30,61.35,59.76,1,1,1.000000
1724157151212097300,74,408.68,0.50,73.50,68.98,1,1,1.000000
1724157151212097300,77,129.92,124.51,146.03,96.09,1,1,1.000000
1724157151212097300,78,0.35,172.49,64.43,95.97,1,1,1.000000
1724157151212097300,67,2.09,271.72,170.34,120.84,1,1,1.000000
1724157151212097300,80,411.70,0.48,79.21,25.68,1,1,1.000000
1724157151256601800,50,624.26,317.29,247.81,80.65,1,1,1.000000
1724157151256601800,53,982.60,546.69,298.33,169.74,1,1,1.000000
1724157151256601800,58,22.80,315.17,165.26,129.70,1,1,1.000000
1724157151256601800,60,256.23,143.72,287.26,84.13,1,1,1.000000
1724157151256601800,61,111.48,210.89,404.11,117.44,1,1,1.000000
1724157151256601800,62,1088.17,215.02,192.22,137.54,1,1,1.000000
1724157151256601800,63,426.10,98.44,206.78,85.16,1,1,1.000000
1724157151256601800,64,39.65,94.69,81.62,80.00,1,1,1.000000
1724157151256601800,68,1075.45,85.88,204.01,123.51,1,1,1.000000
1724157151256601800,59,115.44,68.77,82.78,79.36,1,1,1.000000
1724157151256601800,69,196.56,63.98,86.54,70.78,1,1,1.000000
1724157151256601800,71,255.23,0.34,140.56,92.17,1,1,1.000000
1724157151256601800,72,0.67,0.00,94.69,73.89,1,1,1.000000
1724157151256601800,73,178.38,0.16,57.44,61.61,1,1,1.000000
1724157151256601800,74,403.25,0.00,87.92,72.17,1,1,1.000000
1724157151256601800,77,136.65,127.58,133.77,100.04,1,1,1.000000
1724157151256601800,78,0.80,173.60,66.89,99.34,1,1,1.000000
1724157151256601800,67,3.03,274.39,120.50,118.61,1,1,1.000000
1724157151301617400,50,653.55,326.70,265.82,94.26,1,1,1.000000
1724157151301617400,53,1065.06,594.75,215.10,124.46,1,1,1.000000
1724157151301617400,58,31.22,323.08,133.67,113.40,1,1,1.000000
1724157151301617400,60,274.80,154.96,282.98,83.74,1,1,1.000000
1724157151301617400,61,141.43,220.68,442.30,113.57,1,1,1.000000
1724157151301617400,62,1114.03,242.55,166.46,125.04,1,1,1.000000
1724157151301617400,63,456.77,114.06,192.43,73.65,1,1,1.000000
1724157151301617400,64,45.77,97.93,79.04,71.61,1,1,1.000000
1724157151301617400,68,1120.61,107.02,159.37,110.24,1,1,1.000000
1724157151301617400,59,140.43,77.16,70.80,69.04,1,1,1.000000
1724157151301617400,69,216.39,71.66,67.48,73.61,1,1,1.000000
1724157151301617400,71,268.67,0.79,104.61,108.73,1,1,1.000000
1724157151301617400,72,6.82,0.00,99.84,76.84,1,1,1.000000
1724157151301617400,73,180.91,0.00,58.98,67.13,1,1,1.000000
1724157151301617400,74,405.56,0.30,99.45,74.28,1,1,1.000000
1724157151301617400,77,142.56,134.61,139.41,101.37,1,1,1.000000
1724157151301617400,78,0.55,179.57,79.00,98.37,1,1,1.000000
1724157151301617400,67,21.95,274.34,87.81,111.29,1,1,1.000000
1724157151301617400,76,100.05,267.08,96.31,74.94,1,1,1.000000
1724157151301617400,75,339.33,0.78,64.96,106.79,1,1,1.000000
1724157151332518300,50,694.00,326.55,254.88,107.21,1,1,1.000000
1724157151332518300,53,1122.98,616.93,157.07,102.46,1,1,1.000000
1724157151332518300,58,22.47,326.14,140.29,107.68,1,1,1.000000
1724157151332518300,60,274.66,154.96,293.01,85.83,1,1,1.000000
1724157151332518300,61,165.29,231.25,452.65,111.14,1,1,1.000000
1724157151332518300,62,1129.11,260.06,151.31,108.21,1,1,1.000000
1724157151332518300,63,471.66,122.84,186.50,68.03,1,1,1.000000
1724157151332518300,64,51.12,99.53,77.27,71.20,1,1,1.000000
1724157151332518300,68,1144.24,116.99,135.78,100.53,1,1,1.000000
1724157151332518300,59,147.70,78.15,66.25,70.43,1,1,1.000000
1724157151332518300,69,224.26,73.53,62.29,76.42,1,1,1.000000
1724157151332518300,71,274.16,0.89,105.44,113.84,1,1,1.000000
1724157151332518300,72,4.72,0.07,102.43,82.62,1,1,1.000000
1724157151332518300,73,180.61,0.56,67.75,73.88,1,1,1.000000
1724157151332518300,74,403.56,0.16,104.76,78.35,1,1,1.000000
1724157151332518300,77,153.04,136.59,141.29,101.16,1,1,1.000000
1724157151332518300,78,0.64,182.93,81.46,97.24,1,1,1.000000
1724157151332518300,67,15.77,270.57,107.69,101.79,1,1,1.000000
1724157151332518300,81,0.00,501.45,85.26,74.51,1,1,1.000000
1724157151332518300,76,99.84,257.17,151.39,105.57,1,1,1.000000
1724157151332518300,75,345.88,0.00,63.62,112.97,1,1,1.000000
1724157151386341100,50,711.65,337.48,258.62,107.28,1,1,1.000000
1724157151386341100,53,1166.82,636.68,113.50,81.22,1,1,1.000000
1724157151386341100,58,33.01,330.58,157.86,88.91,1,1,1.000000
1724157151386341100,60,289.54,160.40,287.05,87.92,1,1,1.000000
1724157151386341100,61,246.34,236.06,403.61,116.36,1,1,1.000000
1724157151386341100,62,1149.73,277.12,130.47,82.25,1,1,1.000000
1724157151386341100,63,484.73,127.83,178.05,69.87,1,1,1.000000
1724157151386341100,64,52.63,100.96,77.92,80.66,1,1,1.000000
1724157151386341100,68,1173.74,129.73,106.31,98.64,1,1,1.000000
1724157151386341100,59,151.22,79.39,61.20,74.43,1,1,1.000000
1724157151386341100,69,224.65,77.61,63.04,79.30,1,1,1.000000
1724157151386341100,71,277.92,0.75,95.41,118.64,1,1,1.000000
1724157151386341100,72,1.63,0.00,105.49,81.87,1,1,1.000000
1724157151386341100,73,179.94,0.33,66.79,72.90,1,1,1.000000
1724157151386341100,74,397.31,0.30,110.66,79.35,1,1,1.000000
1724157151386341100,77,155.74,136.28,137.96,103.86,1,1,1.000000
1724157151386341100,78,0.71,185.86,80.01,102.83,1,1,1.000000
1724157151386341100,67,14.46,282.46,104.67,94.62,1,1,1.000000
1724157151386341100,81,0.04,496.23,105.44,80.35,1,1,1.000000
1724157151386341100,76,100.07,253.67,177.17,96.39,1,1,1.000000
1724157151386341100,75,345.20,0.61,69.97,115.40,1,1,1.000000
1724157151411737700,50,711.65,337.48,258.62,107.28,1,1,1.000000
1724157151411737700,53,1166.82,636.68,113.50,81.22,1,1,1.000000
1724157151411737700,58,33.01,330.58,157.86,88.91,1,1,1.000000
1724157151411737700,60,289.54,160.40,287.05,87.92,1,1,1.000000
1724157151411737700,61,246.34,236.06,403.61,116.36,1,1,1.000000
1724157151411737700,62,1149.73,277.12,130.47,82.25,1,1,1.000000
1724157151411737700,63,484.73,127.83,178.05,69.87,1,1,1.000000
1724157151411737700,64,52.63,100.96,77.92,80.66,1,1,1.000000
1724157151411737700,68,1173.74,129.73,106.31,98.64,1,1,1.000000
1724157151411737700,59,151.22,79.39,61.20,74.43,1,1,1.000000
1724157151411737700,69,224.65,77.61,63.04,79.30,1,1,1.000000
1724157151411737700,71,277.92,0.75,95.41,118.64,1,1,1.000000
1724157151411737700,72,1.63,0.00,105.49,81.87,1,1,1.000000
1724157151411737700,73,179.94,0.33,66.79,72.90,1,1,1.000000
1724157151411737700,74,397.31,0.30,110.66,79.35,1,1,1.000000
1724157151411737700,77,155.74,136.28,137.96,103.86,1,1,1.000000
1724157151411737700,78,0.71,185.86,80.01,102.83,1,1,1.000000
1724157151411737700,67,14.46,282.46,104.67,94.62,1,1,1.000000
1724157151411737700,81,0.04,496.23,105.44,80.35,1,1,1.000000
1724157151411737700,76,100.07,253.67,177.17,96.39,1,1,1.000000
1724157151411737700,75,345.20,0.61,69.97,115.40,1,1,1.000000
1724157151454989800,50,753.40,358.58,269.12,111.36,1,1,1.000000
1724157151454989800,58,37.51,335.34,158.47,87.85,1,1,1.000000
1724157151454989800,60,308.31,168.57,285.80,89.79,1,1,1.000000
1724157151454989800,61,300.41,258.87,401.63,105.77,1,1,1.000000
1724157151454989800,62,1195.63,306.70,84.63,68.60,1,1,1.000000
1724157151454989800,63,497.80,136.72,182.12,68.60,1,1,1.000000
1724157151454989800,64,57.89,109.94,76.31,84.92,1,1,1.000000
1724157151454989800,59,164.04,90.12,55.59,69.73,1,1,1.000000
1724157151454989800,69,225.11,86.41,72.40,74.68,1,1,1.000000
1724157151454989800,71,274.43,2.46,79.39,125.50,1,1,1.000000
1724157151454989800,72,3.87,0.27,108.56,90.42,1,1,1.000000
1724157151454989800,73,188.90,0.50,66.93,78.41,1,1,1.000000
1724157151454989800,74,404.12,10.11,108.44,78.34,1,1,1.000000
1724157151454989800,77,170.14,146.37,127.76,110.99,1,1,1.000000
1724157151454989800,78,0.34,192.86,80.34,102.71,1,1,1.000000
1724157151454989800,67,1.63,289.29,107.55,107.75,1,1,1.000000
1724157151454989800,81,0.24,501.82,170.46,116.81,1,1,1.000000
1724157151454989800,76,91.08,260.95,192.02,99.23,1,1,1.000000
1724157151454989800,75,347.13,5.91,66.78,126.10,1,1,1.000000
1724157151454989800,51,276.95,225.96,141.92,105.79,1,1,1.000000
1724157151500362100,50,780.86,371.97,266.41,114.32,1,1,1.000000
1724157151500362100,58,25.36,340.56,170.12,85.66,1,1,1.000000
1724157151500362100,60,324.84,172.56,280.11,82.87,1,1,1.000000
1724157151500362100,61,364.50,263.84,375.97,112.14,1,1,1.000000
1724157151500362100,62,1202.83,313.91,77.23,58.38,1,1,1.000000
1724157151500362100,63,499.15,137.18,192.84,72.54,1,1,1.000000
1724157151500362100,64,59.67,112.57,76.10,84.17,1,1,1.000000
1724157151500362100,59,166.07,92.56,56.34,69.78,1,1,1.000000
1724157151500362100,69,222.46,87.10,74.97,74.49,1,1,1.000000
1724157151500362100,71,272.76,3.64,80.48,130.21,1,1,1.000000
1724157151500362100,72,19.44,0.31,94.77,92.84,1,1,1.000000
1724157151500362100,73,187.98,0.09,68.73,82.61,1,1,1.000000
1724157151500362100,74,402.50,12.17,115.75,81.45,1,1,1.000000
1724157151500362100,77,170.36,150.03,129.80,116.90,1,1,1.000000
1724157151500362100,78,0.25,196.31,81.15,107.60,1,1,1.000000
1724157151500362100,67,1.59,290.03,108.57,108.22,1,1,1.000000
1724157151500362100,81,0.21,501.50,199.31,110.16,1,1,1.000000
1724157151500362100,76,88.10,267.06,213.18,92.22,1,1,1.000000
1724157151500362100,75,349.05,7.30,58.27,127.68,1,1,1.000000
1724157151500362100,51,270.54,218.94,156.11,112.78,1,1,1.000000
1724157151529910700,50,780.86,371.97,266.41,114.32,1,1,1.000000
1724157151529910700,58,25.36,340.56,170.12,85.66,1,1,1.000000
1724157151529910700,60,324.84,172.56,280.11,82.87,1,1,1.000000
1724157151529910700,61,364.50,263.84,375.97,112.14,1,1,1.000000
1724157151529910700,62,1202.83,313.91,77.23,58.38,1,1,1.000000
1724157151529910700,63,499.15,137.18,192.84,72.54,1,1,1.000000
1724157151529910700,64,59.67,112.57,76.10,84.17,1,1,1.000000
1724157151529910700,59,166.07,92.56,56.34,69.78,1,1,1.000000
1724157151529910700,69,222.46,87.10,74.97,74.49,1,1,1.000000
1724157151529910700,71,272.76,3.64,80.48,130.21,1,1,1.000000
1724157151529910700,72,19.44,0.31,94.77,92.84,1,1,1.000000
1724157151529910700,73,187.98,0.09,68.73,82.61,1,1,1.000000
1724157151529910700,74,402.50,12.17,115.75,81.45,1,1,1.000000
1724157151529910700,77,170.36,150.03,129.80,116.90,1,1,1.000000
1724157151529910700,78,0.25,196.31,81.15,107.60,1,1,1.000000
1724157151529910700,67,1.59,290.03,108.57,108.22,1,1,1.000000
1724157151529910700,81,0.21,501.50,199.31,110.16,1,1,1.000000
1724157151529910700,76,88.10,267.06,213.18,92.22,1,1,1.000000
1724157151529910700,75,349.05,7.30,58.27,127.68,1,1,1.000000
1724157151529910700,51,270.54,218.94,156.11,112.78,1,1,1.000000
1724157151529910700,83,125.52,0.40,58.34,39.15,1,1,1.000000
1724157151575056600,50,827.71,387.12,277.04,129.55,1,1,1.000000
1724157151575056600,58,1.25,346.82,195.38,93.30,1,1,1.000000
1724157151575056600,60,357.37,181.52,265.46,85.94,1,1,1.000000
1724157151575056600,61,422.17,270.34,379.81,125.98,1,1,1.000000
1724157151575056600,62,1228.59,330.85,51.19,58.27,1,1,1.000000
1724157151575056600,63,510.88,144.04,196.04,71.56,1,1,1.000000
1724157151575056600,64,61.97,114.61,79.37,83.45,1,1,1.000000
1724157151575056600,59,167.32,97.01,54.60,74.56,1,1,1.000000
1724157151575056600,69,231.46,93.55,69.65,72.81,1,1,1.000000
1724157151575056600,71,273.47,12.70,69.23,130.52,1,1,1.000000
1724157151575056600,72,16.49,0.23,106.92,102.06,1,1,1.000000
1724157151575056600,73,190.79,0.05,67.23,86.40,1,1,1.000000
1724157151575056600,74,408.28,22.15,117.34,80.32,1,1,1.000000
1724157151575056600,77,174.53,153.61,130.49,106.39,1,1,1.000000
1724157151575056600,78,0.37,198.96,75.55,107.86,1,1,1.000000
1724157151575056600,67,1.53,289.57,116.66,102.66,1,1,1.000000
1724157151575056600,81,0.05,508.15,254.67,110.15,1,1,1.000000
1724157151575056600,76,84.72,271.98,237.24,88.30,1,1,1.000000
1724157151575056600,75,354.09,5.61,50.61,139.13,1,1,1.000000
1724157151575056600,51,233.68,223.91,212.02,64.99,1,1,1.000000
1724157151575056600,83,129.42,0.19,58.65,43.87,1,1,1.000000
1724157151621782500,50,842.56,391.32,298.76,142.66,1,1,1.000000
1724157151621782500,58,4.87,348.44,193.24,94.82,1,1,1.000000
1724157151621782500,60,385.36,186.18,245.74,81.05,1,1,1.000000
1724157151621782500,61,446.78,278.36,393.69,133.48,1,1,1.000000
1724157151621782500,63,517.58,144.74,201.10,73.95,1,1,1.000000
1724157151621782500,64,62.86,118.61,78.00,78.93,1,1,1.000000
1724157151621782500,59,179.28,105.08,45.00,67.62,1,1,1.000000
1724157151621782500,69,230.06,95.48,75.94,79.74,1,1,1.000000
1724157151621782500,71,276.95,11.91,61.31,136.18,1,1,1.000000
1724157151621782500,72,20.48,0.16,100.89,102.34,1,1,1.000000
1724157151621782500,73,197.39,0.54,63.94,92.12,1,1,1.000000
1724157151621782500,74,402.91,22.60,121.57,82.58,1,1,1.000000
1724157151621782500,77,173.59,154.29,130.88,111.60,1,1,1.000000
1724157151621782500,78,0.78,199.23,77.41,114.68,1,1,1.000000
1724157151621782500,67,1.74,297.94,108.32,127.77,1,1,1.000000
1724157151621782500,81,0.64,507.34,275.95,110.96,1,1,1.000000
1724157151621782500,76,81.29,273.07,234.95,93.59,1,1,1.000000
1724157151621782500,75,352.65,6.70,54.60,141.43,1,1,1.000000
1724157151621782500,51,262.96,226.64,185.15,73.16,1,1,1.000000
1724157151621782500,83,132.45,0.50,59.98,44.64,1,1,1.000000
1724157151652810800,50,866.00,400.87,301.35,145.11,1,1,1.000000
1724157151652810800,58,4.48,348.93,192.95,103.16,1,1,1.000000
1724157151652810800,60,384.30,192.75,259.39,78.30,1,1,1.000000
1724157151652810800,61,474.62,288.20,394.05,142.07,1,1,1.000000
1724157151652810800,63,533.23,149.03,191.06,76.14,1,1,1.000000
1724157151652810800,64,63.89,120.01,79.04,80.23,1,1,1.000000
1724157151652810800,69,187.43,99.92,134.93,78.96,1,1,1.000000
1724157151652810800,71,277.25,11.28,61.89,138.98,1,1,1.000000
1724157151652810800,72,17.06,0.12,101.89,98.97,1,1,1.000000
1724157151652810800,73,200.03,0.47,63.56,92.86,1,1,1.000000
1724157151652810800,74,402.47,21.29,120.59,85.06,1,1,1.000000
1724157151652810800,77,171.89,154.99,132.65,115.48,1,1,1.000000
1724157151652810800,78,0.95,201.49,84.36,116.24,1,1,1.000000
1724157151652810800,81,0.75,507.89,298.78,115.70,1,1,1.000000
1724157151652810800,76,83.53,277.30,234.67,93.06,1,1,1.000000
1724157151652810800,75,352.09,15.00,54.78,121.76,1,1,1.000000
1724157151652810800,51,265.19,230.72,186.94,72.41,1,1,1.000000
1724157151652810800,83,124.59,1.83,67.78,44.04,1,1,1.000000
1724157151698984500,50,925.62,439.48,293.08,152.17,1,1,1.000000
1724157151698984500,58,3.86,352.26,194.17,121.70,1,1,1.000000
1724157151698984500,60,401.49,196.28,259.78,85.38,1,1,1.000000
1724157151698984500,61,552.71,304.33,384.94,158.16,1,1,1.000000
1724157151698984500,63,549.15,159.93,197.10,77.21,1,1,1.000000
1724157151698984500,64,63.05,136.56,80.81,71.80,1,1,1.000000
1724157151698984500,69,192.67,109.92,128.95,73.42,1,1,1.000000
1724157151698984500,71,281.79,16.24,56.94,144.71,1,1,1.000000
1724157151698984500,72,18.40,0.26,101.81,106.63,1,1,1.000000
1724157151698984500,73,199.91,3.78,65.48,97.17,1,1,1.000000
1724157151698984500,74,392.91,24.65,138.85,89.84,1,1,1.000000
1724157151698984500,77,174.80,165.94,132.44,105.35,1,1,1.000000
1724157151698984500,78,0.61,205.08,90.34,124.88,1,1,1.000000
1724157151698984500,81,0.02,523.91,353.61,101.17,1,1,1.000000
1724157151698984500,76,82.24,282.55,229.66,85.15,1,1,1.000000
1724157151698984500,75,354.63,25.52,47.18,128.18,1,1,1.000000
1724157151698984500,51,254.58,236.28,200.96,77.50,1,1,1.000000
1724157151698984500,83,137.89,0.00,55.35,49.71,1,1,1.000000
1724157151728559400,50,925.62,439.48,293.08,152.17,1,1,1.000000
1724157151728559400,58,3.86,352.26,194.17,121.70,1,1,1.000000
1724157151728559400,60,401.49,196.28,259.78,85.38,1,1,1.000000
1724157151728559400,61,552.71,304.33,384.94,158.16,1,1,1.000000
1724157151728559400,63,549.15,159.93,197.10,77.21,1,1,1.000000
1724157151728559400,64,63.05,136.56,80.81,71.80,1,1,1.000000
1724157151728559400,69,192.67,109.92,128.95,73.42,1,1,1.000000
1724157151728559400,71,281.79,16.24,56.94,144.71,1,1,1.000000
1724157151728559400,72,18.40,0.26,101.81,106.63,1,1,1.000000
1724157151728559400,73,199.91,3.78,65.48,97.17,1,1,1.000000
1724157151728559400,74,392.91,24.65,138.85,89.84,1,1,1.000000
1724157151728559400,77,174.80,165.94,132.44,105.35,1,1,1.000000
1724157151728559400,78,0.61,205.08,90.34,124.88,1,1,1.000000
1724157151728559400,81,0.02,523.91,353.61,101.17,1,1,1.000000
1724157151728559400,76,82.24,282.55,229.66,85.15,1,1,1.000000
1724157151728559400,75,354.63,25.52,47.18,128.18,1,1,1.000000
1724157151728559400,51,254.58,236.28,200.96,77.50,1,1,1.000000
1724157151728559400,83,137.89,0.00,55.35,49.71,1,1,1.000000
1724157151774235000,50,946.19,464.25,328.11,153.40,1,1,1.000000
1724157151774235000,58,11.26,364.64,192.74,129.66,1,1,1.000000
1724157151774235000,60,428.81,205.66,253.91,90.12,1,1,1.000000
1724157151774235000,61,625.21,310.19,400.60,181.71,1,1,1.000000
1724157151774235000,63,577.26,177.22,190.82,71.72,1,1,1.000000
1724157151774235000,64,62.42,137.03,83.58,76.56,1,1,1.000000
1724157151774235000,69,192.69,116.16,128.50,74.59,1,1,1.000000
1724157151774235000,71,280.36,25.41,59.54,113.12,1,1,1.000000
1724157151774235000,72,3.02,0.66,118.92,111.90,1,1,1.000000
1724157151774235000,73,205.22,12.45,59.19,95.76,1,1,1.000000
1724157151774235000,74,366.11,26.35,171.03,98.26,1,1,1.000000
1724157151774235000,77,168.28,167.08,143.52,111.30,1,1,1.000000
1724157151774235000,78,0.75,213.37,89.56,131.26,1,1,1.000000
1724157151774235000,81,1.75,533.86,414.57,109.73,1,1,1.000000
1724157151774235000,76,87.75,293.26,235.32,98.37,1,1,1.000000
1724157151774235000,51,255.49,243.87,211.43,65.27,1,1,1.000000
1724157151774235000,83,136.43,0.00,88.00,56.24,1,1,1.000000
1724157151819146700,50,979.61,483.75,300.51,150.30,1,1,1.000000
1724157151819146700,58,19.40,367.36,185.38,130.49,1,1,1.000000
1724157151819146700,60,439.87,212.45,254.18,92.36,1,1,1.000000
1724157151819146700,61,654.88,324.42,417.67,188.05,1,1,1.000000
1724157151819146700,63,600.09,186.28,178.65,66.61,1,1,1.000000
1724157151819146700,64,62.05,140.72,84.02,76.27,1,1,1.000000
1724157151819146700,69,196.85,121.60,126.11,70.37,1,1,1.000000
1724157151819146700,71,279.77,25.28,61.38,123.07,1,1,1.000000
1724157151819146700,72,4.66,0.47,118.18,123.51,1,1,1.000000
1724157151819146700,73,204.72,14.73,58.80,98.12,1,1,1.000000
1724157151819146700,74,364.31,32.13,179.52,100.11,1,1,1.000000
1724157151819146700,77,161.76,171.99,153.71,113.97,1,1,1.000000
1724157151819146700,78,1.10,216.13,88.78,133.62,1,1,1.000000
1724157151819146700,81,1.81,534.48,442.28,114.59,1,1,1.000000
1724157151819146700,76,87.38,295.48,238.93,101.68,1,1,1.000000
1724157151819146700,51,249.97,246.84,201.89,68.81,1,1,1.000000
1724157151819146700,83,136.90,0.31,90.33,61.87,1,1,1.000000
1724157151819146700,87,367.31,95.88,33.43,77.16,1,1,1.000000
1724157151849960100,50,1042.06,523.12,238.78,125.04,1,1,1.000000
1724157151849960100,58,35.86,373.70,170.79,124.81,1,1,1.000000
1724157151849960100,60,453.63,221.77,249.22,90.58,1,1,1.000000
1724157151849960100,61,684.24,347.59,436.73,192.53,1,1,1.000000
1724157151849960100,63,597.40,187.17,190.67,74.42,1,1,1.000000
1724157151849960100,64,63.49,137.81,85.61,80.67,1,1,1.000000
1724157151849960100,69,195.00,124.35,117.93,59.28,1,1,1.000000
1724157151849960100,71,279.88,29.69,67.30,115.60,1,1,1.000000
1724157151849960100,72,6.32,1.17,117.26,126.96,1,1,1.000000
1724157151849960100,73,207.03,21.60,56.06,94.04,1,1,1.000000
1724157151849960100,74,421.12,52.11,128.45,85.32,1,1,1.000000
1724157151849960100,77,176.97,174.63,141.65,105.82,1,1,1.000000
1724157151849960100,78,1.36,222.14,87.38,134.95,1,1,1.000000
1724157151849960100,81,3.61,537.37,465.36,122.40,1,1,1.000000
1724157151849960100,76,91.04,301.87,238.41,98.09,1,1,1.000000
1724157151849960100,51,245.07,252.01,216.79,68.43,1,1,1.000000
1724157151849960100,83,139.39,0.16,88.82,63.68,1,1,1.000000
1724157151849960100,89,0.88,386.49,60.94,72.63,1,1,1.000000
1724157151849960100,75,360.17,33.32,68.89,103.68,1,1,1.000000
1724157151894603600,50,1070.33,537.74,209.89,136.41,1,1,1.000000
1724157151894603600,58,44.19,380.18,172.39,108.61,1,1,1.000000
1724157151894603600,60,461.75,233.23,253.16,87.84,1,1,1.000000
1724157151894603600,61,710.59,368.00,456.02,202.03,1,1,1.000000
1724157151894603600,63,616.08,204.35,185.17,61.56,1,1,1.000000
1724157151894603600,64,65.62,153.01,85.13,69.80,1,1,1.000000
1724157151894603600,69,194.25,125.78,118.76,53.00,1,1,1.000000
1724157151894603600,71,280.01,41.31,73.03,103.61,1,1,1.000000
1724157151894603600,72,9.85,4.51,116.68,130.84,1,1,1.000000
1724157151894603600,73,209.16,19.64,52.13,98.81,1,1,1.000000
1724157151894603600,74,424.32,68.12,133.81,77.81,1,1,1.000000
1724157151894603600,77,175.64,179.08,145.15,103.33,1,1,1.000000
1724157151894603600,78,2.00,226.04,88.70,144.45,1,1,1.000000
1724157151894603600,81,1.13,542.52,498.33,156.59,1,1,1.000000
1724157151894603600,76,95.29,308.50,235.88,100.09,1,1,1.000000
1724157151894603600,51,246.86,257.15,229.34,65.70,1,1,1.000000
1724157151894603600,83,140.42,0.42,89.08,64.31,1,1,1.000000
1724157151894603600,75,359.18,38.31,63.55,98.05,1,1,1.000000
1724157151940975300,50,1102.27,552.58,177.54,114.70,1,1,1.000000
1724157151940975300,58,51.25,378.79,162.90,107.61,1,1,1.000000
1724157151940975300,60,466.94,239.48,259.09,87.20,1,1,1.000000
1724157151940975300,61,740.98,388.85,478.07,202.37,1,1,1.000000
1724157151940975300,63,629.11,201.60,187.09,72.40,1,1,1.000000
1724157151940975300,64,64.90,152.60,88.32,76.69,1,1,1.000000
1724157151940975300,69,195.66,132.82,116.80,61.84,1,1,1.000000
1724157151940975300,71,281.98,37.83,69.06,118.93,1,1,1.000000
1724157151940975300,72,7.81,1.48,118.55,135.11,1,1,1.000000
1724157151940975300,73,207.83,15.37,51.55,109.75,1,1,1.000000
1724157151940975300,74,413.49,62.04,150.37,91.45,1,1,1.000000
1724157151940975300,77,186.90,182.73,142.58,110.15,1,1,1.000000
1724157151940975300,78,1.94,229.13,91.36,149.16,1,1,1.000000
1724157151940975300,81,33.82,557.35,491.94,140.37,1,1,1.000000
1724157151940975300,76,102.10,310.36,232.41,94.00,1,1,1.000000
1724157151940975300,51,249.63,264.13,234.99,58.94,1,1,1.000000
1724157151940975300,83,141.17,0.50,84.68,71.85,1,1,1.000000
1724157151940975300,75,360.42,42.90,66.54,125.27,1,1,1.000000
1724157151940975300,89,0.25,389.99,60.39,82.91,1,1,1.000000
1724157151971031900,58,54.77,386.68,152.75,101.45,1,1,1.000000
1724157151971031900,60,480.94,244.10,258.07,94.38,1,1,1.000000
1724157151971031900,61,784.53,407.06,491.60,250.64,1,1,1.000000
1724157151971031900,63,633.49,212.73,196.15,72.52,1,1,1.000000
1724157151971031900,64,64.69,155.34,89.19,80.51,1,1,1.000000
1724157151971031900,69,201.27,135.24,108.34,70.52,1,1,1.000000
1724157151971031900,71,284.01,42.31,67.71,124.68,1,1,1.000000
1724157151971031900,72,15.75,2.38,113.32,145.95,1,1,1.000000
1724157151971031900,73,208.59,23.88,47.46,103.10,1,1,1.000000
1724157151971031900,74,399.63,66.96,171.61,96.49,1,1,1.000000
1724157151971031900,77,177.49,191.21,148.46,119.06,1,1,1.000000
1724157151971031900,78,1.33,235.24,95.13,154.42,1,1,1.000000
1724157151971031900,81,90.84,569.49,461.18,113.47,1,1,1.000000
1724157151971031900,76,106.57,320.12,229.86,89.27,1,1,1.000000
1724157151971031900,51,253.66,269.50,236.65,62.68,1,1,1.000000
1724157151971031900,83,141.76,1.89,83.51,81.04,1,1,1.000000
1724157151971031900,75,361.42,47.32,68.90,113.05,1,1,1.000000
1724157151971031900,89,0.22,395.60,67.95,85.00,1,1,1.000000
1724157152016868300,58,56.79,392.85,151.14,100.22,1,1,1.000000
1724157152016868300,60,503.19,253.86,249.95,91.48,1,1,1.000000
1724157152016868300,61,811.22,419.27,468.33,253.58,1,1,1.000000
1724157152016868300,63,644.44,221.33,198.96,71.97,1,1,1.000000
1724157152016868300,64,59.80,164.76,94.85,79.48,1,1,1.000000
1724157152016868300,69,201.63,140.60,110.81,71.40,1,1,1.000000
1724157152016868300,71,287.17,47.65,67.89,134.38,1,1,1.000000
1724157152016868300,72,14.34,11.72,113.77,130.00,1,1,1.000000
1724157152016868300,73,209.90,26.54,44.60,103.72,1,1,1.000000
1724157152016868300,74,391.09,79.27,188.48,95.83,1,1,1.000000
1724157152016868300,77,203.49,194.47,135.48,98.01,1,1,1.000000
1724157152016868300,78,0.81,241.74,94.38,156.51,1,1,1.000000
1724157152016868300,81,134.26,579.10,449.04,116.47,1,1,1.000000
1724157152016868300,76,109.34,324.44,231.07,94.61,1,1,1.000000
1724157152016868300,51,254.37,270.57,239.26,62.11,1,1,1.000000
1724157152016868300,83,143.73,3.41,82.19,81.60,1,1,1.000000
1724157152016868300,75,360.20,49.16,69.74,131.04,1,1,1.000000
1724157152016868300,89,0.19,399.78,72.41,86.86,1,1,1.000000
1724157152016868300,90,52.76,318.03,106.31,88.89,1,1,1.000000
1724157152047631000,58,58.46,395.86,154.62,98.64,1,1,1.000000
1724157152047631000,60,515.84,260.38,249.65,99.13,1,1,1.000000
1724157152047631000,61,848.12,432.52,431.60,241.55,1,1,1.000000
1724157152047631000,63,663.21,225.58,196.10,78.75,1,1,1.000000
1724157152047631000,64,62.76,163.01,95.69,83.08,1,1,1.000000
1724157152047631000,69,205.50,145.48,101.41,75.66,1,1,1.000000
1724157152047631000,71,286.88,53.49,69.22,132.21,1,1,1.000000
1724157152047631000,72,16.24,31.19,114.57,116.99,1,1,1.000000
1724157152047631000,73,211.59,30.27,39.70,105.67,1,1,1.000000
1724157152047631000,74,383.49,83.16,205.59,97.71,1,1,1.000000
1724157152047631000,77,210.30,198.06,135.94,85.74,1,1,1.000000
1724157152047631000,78,0.38,244.36,90.55,163.64,1,1,1.000000
1724157152047631000,81,181.63,575.33,426.59,128.55,1,1,1.000000
1724157152047631000,76,110.90,332.06,231.50,91.42,1,1,1.000000
1724157152047631000,51,272.60,277.96,231.16,60.97,1,1,1.000000
1724157152047631000,83,144.83,11.64,79.13,79.64,1,1,1.000000
1724157152047631000,75,361.37,51.23,66.70,131.24,1,1,1.000000
1724157152047631000,89,0.06,399.58,59.84,90.65,1,1,1.000000
1724157152047631000,90,47.59,326.65,113.80,101.81,1,1,1.000000
1724157152047631000,93,140.57,261.57,87.76,71.23,1,1,1.000000
1724157152092378900,58,64.74,396.89,148.86,99.30,1,1,1.000000
1724157152092378900,60,523.79,266.34,253.40,100.85,1,1,1.000000
1724157152092378900,61,881.05,445.46,398.63,239.21,1,1,1.000000
1724157152092378900,63,679.26,237.38,195.44,74.80,1,1,1.000000
1724157152092378900,64,60.93,171.17,98.11,84.70,1,1,1.000000
1724157152092378900,69,202.18,151.92,114.27,78.57,1,1,1.000000
1724157152092378900,71,286.48,54.20,75.11,139.18,1,1,1.000000
1724157152092378900,72,19.53,33.50,114.96,128.09,1,1,1.000000
1724157152092378900,73,209.60,61.65,44.13,81.06,1,1,1.000000
1724157152092378900,74,389.37,88.67,207.10,94.99,1,1,1.000000
1724157152092378900,77,212.64,205.21,144.42,69.70,1,1,1.000000
1724157152092378900,78,0.88,256.08,89.45,161.29,1,1,1.000000
1724157152092378900,81,227.29,575.77,416.00,138.45,1,1,1.000000
1724157152092378900,76,115.17,337.69,229.40,98.06,1,1,1.000000
1724157152092378900,51,268.85,284.00,235.75,62.28,1,1,1.000000
1724157152092378900,83,143.93,19.87,78.97,78.94,1,1,1.000000
1724157152092378900,75,352.90,59.70,84.51,107.86,1,1,1.000000
1724157152092378900,89,0.09,413.78,63.38,85.29,1,1,1.000000
1724157152092378900,90,46.14,327.37,119.29,99.23,1,1,1.000000
1724157152092378900,93,144.77,262.07,95.16,79.33,1,1,1.000000
1724157152136339800,58,58.93,410.35,201.33,91.81,1,1,1.000000
1724157152136339800,60,548.46,276.66,250.53,106.21,1,1,1.000000
1724157152136339800,61,945.14,486.24,334.91,226.35,1,1,1.000000
1724157152136339800,63,704.52,253.65,199.18,73.49,1,1,1.000000
1724157152136339800,64,59.41,185.88,98.67,83.33,1,1,1.000000
1724157152136339800,69,229.51,164.26,112.59,86.54,1,1,1.000000
1724157152136339800,71,289.89,61.11,58.29,135.78,1,1,1.000000
1724157152136339800,72,30.43,46.43,108.49,135.72,1,1,1.000000
1724157152136339800,73,209.82,77.70,41.83,77.11,1,1,1.000000
1724157152136339800,74,401.05,96.45,216.30,101.87,1,1,1.000000
1724157152136339800,77,212.58,215.49,158.23,59.50,1,1,1.000000
1724157152136339800,78,1.26,267.63,92.00,157.84,1,1,1.000000
1724157152136339800,81,268.79,625.42,411.81,94.45,1,1,1.000000
1724157152136339800,76,120.93,349.86,231.42,106.48,1,1,1.000000
1724157152136339800,51,281.84,292.86,227.18,68.26,1,1,1.000000
1724157152136339800,83,144.00,37.78,78.40,73.14,1,1,1.000000
1724157152136339800,75,345.37,69.05,94.28,103.62,1,1,1.000000
1724157152136339800,89,0.41,422.42,66.73,89.71,1,1,1.000000
1724157152136339800,90,38.08,331.72,118.69,106.56,1,1,1.000000
1724157152136339800,93,144.30,273.13,96.00,85.32,1,1,1.000000
1724157152167846400,58,58.93,410.35,201.33,91.81,1,1,1.000000
1724157152167846400,60,548.46,276.66,250.53,106.21,1,1,1.000000
1724157152167846400,61,945.14,486.24,334.91,226.35,1,1,1.000000
1724157152167846400,63,704.52,253.65,199.18,73.49,1,1,1.000000
1724157152167846400,64,59.41,185.88,98.67,83.33,1,1,1.000000
1724157152167846400,69,229.51,164.26,112.59,86.54,1,1,1.000000
1724157152167846400,71,289.89,61.11,58.29,135.78,1,1,1.000000
1724157152167846400,72,30.43,46.43,108.49,135.72,1,1,1.000000
1724157152167846400,73,209.82,77.70,41.83,77.11,1,1,1.000000
1724157152167846400,74,401.05,96.45,216.30,101.87,1,1,1.000000
1724157152167846400,77,212.58,215.49,158.23,59.50,1,1,1.000000
1724157152167846400,78,1.26,267.63,92.00,157.84,1,1,1.000000
1724157152167846400,81,268.79,625.42,411.81,94.45,1,1,1.000000
1724157152167846400,76,120.93,349.86,231.42,106.48,1,1,1.000000
1724157152167846400,51,281.84,292.86,227.18,68.26,1,1,1.000000
1724157152167846400,83,144.00,37.78,78.40,73.14,1,1,1.000000
1724157152167846400,75,345.37,69.05,94.28,103.62,1,1,1.000000
1724157152167846400,89,0.41,422.42,66.73,89.71,1,1,1.000000
1724157152167846400,90,38.08,331.72,118.69,106.56,1,1,1.000000
1724157152167846400,93,144.30,273.13,96.00,85.32,1,1,1.000000
1724157152167846400,94,32.22,46.65,88.98,88.23,1,1,1.000000
1724157152167846400,95,89.54,0.40,143.19,34.79,1,1,1.000000
1724157152167846400,96,770.61,0.15,261.94,42.50,1,1,1.000000
1724157152167846400,97,65.58,122.99,73.53,60.81,1,1,1.000000
1724157152167846400,98,195.26,172.57,43.38,71.06,1,1,1.000000
1724157152211978200,58,63.08,413.32,203.72,84.68,1,1,1.000000
1724157152211978200,60,564.48,281.80,247.74,111.39,1,1,1.000000
1724157152211978200,61,981.63,509.13,298.82,212.03,1,1,1.000000
1724157152211978200,63,716.57,259.45,201.83,77.26,1,1,1.000000
1724157152211978200,64,64.39,194.18,88.66,85.26,1,1,1.000000
1724157152211978200,69,235.27,171.93,81.44,87.28,1,1,1.000000
1724157152211978200,71,291.85,63.65,61.56,169.41,1,1,1.000000
1724157152211978200,73,210.16,83.72,44.38,77.54,1,1,1.000000
1724157152211978200,74,406.14,101.35,224.63,111.46,1,1,1.000000
1724157152211978200,77,194.61,224.18,172.18,55.29,1,1,1.000000
1724157152211978200,78,1.21,296.10,94.93,136.99,1,1,1.000000
1724157152211978200,81,302.28,640.00,386.01,79.82,1,1,1.000000
1724157152211978200,76,122.02,356.56,236.46,103.66,1,1,1.000000
1724157152211978200,51,294.62,298.41,219.20,74.80,1,1,1.000000
1724157152211978200,83,142.74,44.64,73.88,77.24,1,1,1.000000
1724157152211978200,75,346.42,67.60,93.42,112.80,1,1,1.000000
1724157152211978200,89,0.45,438.79,73.39,79.17,1,1,1.000000
1724157152211978200,90,35.32,335.63,121.95,114.91,1,1,1.000000
1724157152211978200,93,146.59,276.29,92.80,86.31,1,1,1.000000
1724157152211978200,94,35.41,59.16,81.50,88.67,1,1,1.000000
1724157152211978200,95,88.66,0.00,144.08,39.68,1,1,1.000000
1724157152211978200,96,797.02,0.04,274.33,44.52,1,1,1.000000
1724157152211978200,98,192.46,178.08,45.56,71.44,1,1,1.000000
1724157152259387200,58,50.94,426.60,209.83,92.08,1,1,1.000000
1724157152259387200,60,593.98,299.63,246.14,117.35,1,1,1.000000
1724157152259387200,61,1062.37,564.67,217.92,155.42,1,1,1.000000
1724157152259387200,63,751.38,277.24,199.25,75.59,1,1,1.000000
1724157152259387200,64,66.70,210.21,92.56,77.40,1,1,1.000000
1724157152259387200,69,243.87,181.14,84.80,85.93,1,1,1.000000
1724157152259387200,71,289.27,70.06,62.34,143.92,1,1,1.000000
1724157152259387200,73,208.46,97.55,48.76,75.51,1,1,1.000000
1724157152259387200,74,426.45,116.02,218.31,109.58,1,1,1.000000
1724157152259387200,77,193.65,236.03,179.63,67.58,1,1,1.000000
1724157152259387200,78,1.94,290.66,96.48,154.81,1,1,1.000000
1724157152259387200,81,399.99,645.39,280.81,73.98,1,1,1.000000
1724157152259387200,76,131.89,356.76,228.56,116.72,1,1,1.000000
1724157152259387200,51,317.16,306.78,203.02,77.60,1,1,1.000000
1724157152259387200,83,142.49,58.26,78.43,69.42,1,1,1.000000
1724157152259387200,75,349.44,76.00,110.24,102.50,1,1,1.000000
1724157152259387200,89,0.42,451.73,71.49,86.61,1,1,1.000000
1724157152259387200,90,25.06,361.23,131.47,93.57,1,1,1.000000
1724157152259387200,93,148.87,289.16,92.52,89.25,1,1,1.000000
1724157152259387200,94,47.08,70.96,71.88,90.64,1,1,1.000000
1724157152259387200,95,88.01,0.35,142.87,52.41,1,1,1.000000
1724157152259387200,96,850.53,0.00,296.69,49.63,1,1,1.000000
1724157152259387200,98,189.63,190.84,44.86,68.29,1,1,1.000000
1724157152259387200,80,407.11,0.15,109.22,27.29,1,1,1.000000
1724157152259387200,97,63.91,129.15,83.05,77.75,1,1,1.000000
1724157152287537300,58,41.64,429.68,224.96,82.35,1,1,1.000000
1724157152287537300,60,605.25,304.89,254.00,123.21,1,1,1.000000
1724157152287537300,61,1103.05,593.62,177.21,126.19,1,1,1.000000
1724157152287537300,63,761.92,283.25,207.76,78.61,1,1,1.000000
1724157152287537300,64,71.60,213.01,88.19,83.64,1,1,1.000000
1724157152287537300,69,239.87,186.56,90.20,89.95,1,1,1.000000
1724157152287537300,71,290.60,74.40,59.95,142.45,1,1,1.000000
1724157152287537300,73,208.18,101.35,52.03,77.57,1,1,1.000000
1724157152287537300,74,434.40,131.45,220.99,103.18,1,1,1.000000
1724157152287537300,77,195.63,243.78,182.63,60.53,1,1,1.000000
1724157152287537300,78,2.22,288.00,95.50,164.11,1,1,1.000000
1724157152287537300,81,437.92,643.27,234.51,76.29,1,1,1.000000
1724157152287537300,76,134.27,359.53,227.76,121.05,1,1,1.000000
1724157152287537300,51,330.06,315.45,189.21,74.29,1,1,1.000000
1724157152287537300,83,141.66,65.13,79.64,70.39,1,1,1.000000
1724157152287537300,75,340.21,79.12,125.45,95.28,1,1,1.000000
1724157152287537300,89,0.74,461.09,62.91,83.50,1,1,1.000000
1724157152287537300,90,22.39,357.57,138.23,102.39,1,1,1.000000
1724157152287537300,93,151.16,294.77,90.55,90.60,1,1,1.000000
1724157152287537300,94,56.41,79.01,63.88,73.55,1,1,1.000000
1724157152287537300,95,88.72,0.67,141.06,57.50,1,1,1.000000
1724157152287537300,96,879.04,0.00,299.99,55.36,1,1,1.000000
1724157152287537300,98,189.98,192.14,43.31,71.07,1,1,1.000000
1724157152287537300,80,375.99,0.18,140.49,30.69,1,1,1.000000
1724157152287537300,97,62.07,134.89,84.01,77.76,1,1,1.000000
1724157152287537300,67,44.35,431.48,118.36,81.14,1,1,1.000000
1724157152334241200,58,3.86,439.92,260.29,112.32,1,1,1.000000
1724157152334241200,60,616.03,318.60,260.34,121.72,1,1,1.000000
1724157152334241200,61,1143.84,614.91,136.04,105.23,1,1,1.000000
1724157152334241200,63,781.75,298.04,202.94,73.83,1,1,1.000000
1724157152334241200,64,75.42,219.70,87.93,78.86,1,1,1.000000
1724157152334241200,69,256.52,193.75,82.58,78.92,1,1,1.000000
1724157152334241200,71,291.14,78.83,61.64,143.75,1,1,1.000000
1724157152334241200,73,209.54,93.87,52.09,89.66,1,1,1.000000
1724157152334241200,74,449.35,147.54,218.19,96.42,1,1,1.000000
1724157152334241200,77,191.03,244.92,185.63,71.12,1,1,1.000000
1724157152334241200,78,3.05,300.23,99.69,156.61,1,1,1.000000
1724157152334241200,81,479.84,657.79,81.11,61.91,1,1,1.000000
1724157152334241200,76,134.29,374.00,238.49,122.99,1,1,1.000000
1724157152334241200,51,333.71,322.26,190.50,77.42,1,1,1.000000
1724157152334241200,83,146.04,74.60,73.27,65.00,1,1,1.000000
1724157152334241200,75,338.37,81.70,133.42,94.42,1,1,1.000000
1724157152334241200,89,0.74,466.64,70.55,85.00,1,1,1.000000
1724157152334241200,90,18.47,368.79,141.56,97.77,1,1,1.000000
1724157152334241200,93,157.61,302.32,84.93,92.65,1,1,1.000000
1724157152334241200,94,60.18,90.28,63.99,67.00,1,1,1.000000
1724157152334241200,95,88.67,0.91,143.16,67.58,1,1,1.000000
1724157152334241200,96,900.43,0.00,311.79,59.73,1,1,1.000000
1724157152334241200,98,191.25,196.31,60.19,69.31,1,1,1.000000
1724157152334241200,80,369.64,0.07,150.83,42.84,1,1,1.000000
1724157152334241200,97,68.40,143.40,73.33,74.87,1,1,1.000000
1724157152381346900,58,54.95,441.61,222.06,88.05,1,1,1.000000
1724157152381346900,60,621.14,325.76,268.92,124.79,1,1,1.000000
1724157152381346900,61,1177.32,637.99,102.71,81.64,1,1,1.000000
1724157152381346900,63,785.93,306.18,215.59,72.63,1,1,1.000000
1724157152381346900,64,75.18,230.76,89.20,73.18,1,1,1.000000
1724157152381346900,69,256.95,202.04,69.35,71.77,1,1,1.000000
1724157152381346900,71,288.79,94.17,52.74,115.49,1,1,1.000000
1724157152381346900,73,205.55,99.81,54.50,89.90,1,1,1.000000
1724157152381346900,74,464.46,156.69,216.18,94.43,1,1,1.000000
1724157152381346900,77,176.41,248.11,201.33,88.32,1,1,1.000000
1724157152381346900,76,147.25,383.83,228.58,119.19,1,1,1.000000
1724157152381346900,51,338.35,323.98,194.58,79.81,1,1,1.000000
1724157152381346900,83,146.08,77.46,73.66,70.28,1,1,1.000000
1724157152381346900,75,336.31,79.11,142.84,86.03,1,1,1.000000
1724157152381346900,89,0.11,472.45,70.14,89.76,1,1,1.000000
1724157152381346900,90,19.63,376.04,144.87,95.96,1,1,1.000000
1724157152381346900,93,161.92,306.89,80.57,93.14,1,1,1.000000
1724157152381346900,94,60.07,91.30,68.30,75.21,1,1,1.000000
1724157152381346900,95,90.41,2.66,143.10,73.57,1,1,1.000000
1724157152381346900,96,940.96,0.02,320.03,59.96,1,1,1.000000
1724157152381346900,80,382.22,0.00,135.01,52.65,1,1,1.000000
1724157152381346900,97,70.83,141.20,72.27,87.66,1,1,1.000000
1724157152418891700,58,48.09,442.51,228.98,84.26,1,1,1.000000
1724157152418891700,60,638.27,344.29,265.25,118.60,1,1,1.000000
1724157152418891700,63,801.62,313.91,218.53,75.99,1,1,1.000000
1724157152418891700,64,78.86,231.67,82.21,81.02,1,1,1.000000
1724157152418891700,69,257.14,213.20,68.93,62.39,1,1,1.000000
1724157152418891700,71,288.93,84.26,65.22,137.76,1,1,1.000000
1724157152418891700,73,205.94,116.66,54.87,81.94,1,1,1.000000
1724157152418891700,74,479.21,171.31,212.44,90.30,1,1,1.000000
1724157152418891700,77,180.46,262.50,202.84,64.56,1,1,1.000000
1724157152418891700,76,155.49,386.84,222.04,129.00,1,1,1.000000
1724157152418891700,51,336.13,329.85,204.11,81.07,1,1,1.000000
1724157152418891700,83,148.73,83.96,69.32,68.19,1,1,1.000000
1724157152418891700,75,339.78,84.78,146.19,73.39,1,1,1.000000
1724157152418891700,89,0.15,478.32,72.87,86.71,1,1,1.000000
1724157152418891700,90,26.60,375.75,133.32,99.82,1,1,1.000000
1724157152418891700,93,157.67,310.93,88.96,99.76,1,1,1.000000
1724157152418891700,94,57.40,98.64,58.00,72.38,1,1,1.000000
1724157152418891700,95,89.60,8.58,145.52,72.28,1,1,1.000000
1724157152418891700,96,980.92,0.00,297.23,64.81,1,1,1.000000
1724157152418891700,80,353.65,0.46,175.97,54.92,1,1,1.000000
1724157152418891700,97,74.22,145.14,66.82,85.36,1,1,1.000000
1724157152418891700,78,2.78,314.59,89.44,147.09,1,1,1.000000
1724157152418891700,98,192.90,206.64,49.11,60.47,1,1,1.000000
1724157152456066200,58,44.25,444.97,239.27,80.35,1,1,1.000000
1724157152456066200,60,644.47,356.80,276.21,113.57,1,1,1.000000
1724157152456066200,63,817.63,326.52,222.03,74.28,1,1,1.000000
1724157152456066200,64,81.98,239.32,79.15,74.79,1,1,1.000000
1724157152456066200,69,257.42,203.16,76.81,74.68,1,1,1.000000
1724157152456066200,71,301.29,85.95,56.01,127.00,1,1,1.000000
1724157152456066200,73,207.79,113.05,51.14,89.99,1,1,1.000000
1724157152456066200,74,495.52,182.62,206.99,85.83,1,1,1.000000
1724157152456066200,77,178.65,265.66,209.77,64.86,1,1,1.000000
1724157152456066200,76,164.49,390.57,220.04,126.21,1,1,1.000000
1724157152456066200,51,342.94,339.06,206.39,77.48,1,1,1.000000
1724157152456066200,83,148.79,89.30,68.85,65.42,1,1,1.000000
1724157152456066200,75,339.63,88.31,154.25,73.25,1,1,1.000000
1724157152456066200,89,0.09,484.12,65.82,86.97,1,1,1.000000
1724157152456066200,90,16.14,379.42,146.68,103.70,1,1,1.000000
1724157152456066200,93,157.30,314.76,98.52,105.16,1,1,1.000000
1724157152456066200,94,56.61,102.75,59.35,70.53,1,1,1.000000
1724157152456066200,95,91.32,13.97,147.94,74.42,1,1,1.000000
1724157152456066200,96,1001.99,0.00,276.90,69.72,1,1,1.000000
1724157152456066200,80,349.35,0.29,193.22,61.55,1,1,1.000000
1724157152456066200,97,78.77,154.03,64.41,81.64,1,1,1.000000
1724157152456066200,78,4.17,309.93,91.89,164.25,1,1,1.000000
1724157152456066200,98,191.81,211.35,51.21,63.80,1,1,1.000000
1724157152501331500,58,42.49,453.31,252.97,68.43,1,1,1.000000
1724157152501331500,60,665.48,361.41,274.01,121.11,1,1,1.000000
1724157152501331500,63,835.90,331.86,219.67,79.28,1,1,1.000000
1724157152501331500,64,77.25,240.00,84.43,81.05,1,1,1.000000
1724157152501331500,69,256.28,213.44,78.57,67.41,1,1,1.000000
1724157152501331500,71,296.48,86.14,70.26,129.77,1,1,1.000000
1724157152501331500,73,206.78,116.79,54.92,93.28,1,1,1.000000
1724157152501331500,74,510.36,187.77,204.18,90.98,1,1,1.000000
1724157152501331500,77,175.44,269.95,217.79,67.66,1,1,1.000000
1724157152501331500,76,176.04,391.43,214.04,122.10,1,1,1.000000
1724157152501331500,51,352.25,342.52,210.65,79.61,1,1,1.000000
1724157152501331500,83,146.70,94.16,69.70,65.78,1,1,1.000000
1724157152501331500,75,334.54,94.91,168.35,73.81,1,1,1.000000
1724157152501331500,89,0.17,487.03,75.97,89.50,1,1,1.000000
1724157152501331500,90,17.00,382.85,156.44,104.04,1,1,1.000000
1724157152501331500,93,160.61,322.15,101.87,114.27,1,1,1.000000
1724157152501331500,94,55.66,108.72,62.76,66.70,1,1,1.000000
1724157152501331500,95,89.84,18.08,149.88,73.80,1,1,1.000000
1724157152501331500,96,1020.48,0.08,259.64,75.93,1,1,1.000000
1724157152501331500,80,348.33,0.46,200.62,65.89,1,1,1.000000
1724157152501331500,97,76.15,163.86,64.54,73.49,1,1,1.000000
1724157152501331500,78,5.14,312.49,96.15,168.65,1,1,1.000000
1724157152501331500,98,192.92,217.25,48.08,63.93,1,1,1.000000
1724157152531125900,58,50.45,456.84,238.04,70.74,1,1,1.000000
1724157152531125900,60,677.91,370.05,278.09,121.71,1,1,1.000000
1724157152531125900,63,844.22,334.44,230.41,84.62,1,1,1.000000
1724157152531125900,64,81.45,240.28,83.72,81.95,1,1,1.000000
1724157152531125900,69,258.45,216.95,80.94,66.14,1,1,1.000000
1724157152531125900,71,298.61,91.98,72.76,119.13,1,1,1.000000
1724157152531125900,73,207.95,125.42,51.76,89.63,1,1,1.000000
1724157152531125900,74,521.12,192.11,204.92,94.35,1,1,1.000000
1724157152531125900,77,170.97,272.50,231.88,65.25,1,1,1.000000
1724157152531125900,76,186.58,392.05,206.68,132.19,1,1,1.000000
1724157152531125900,51,357.42,343.61,207.59,84.73,1,1,1.000000
1724157152531125900,83,152.61,99.86,63.88,64.41,1,1,1.000000
1724157152531125900,75,331.38,93.40,180.39,100.30,1,1,1.000000
1724157152531125900,89,0.19,490.73,71.66,89.13,1,1,1.000000
1724157152531125900,90,23.01,386.04,156.11,102.00,1,1,1.000000
1724157152531125900,93,169.38,320.21,103.11,107.59,1,1,1.000000
1724157152531125900,94,54.43,116.14,60.89,69.94,1,1,1.000000
1724157152531125900,95,91.38,22.07,151.68,74.56,1,1,1.000000
1724157152531125900,96,1038.09,0.00,241.59,82.06,1,1,1.000000
1724157152531125900,80,352.84,0.70,203.23,67.92,1,1,1.000000
1724157152531125900,97,67.37,176.60,74.67,65.96,1,1,1.000000
1724157152531125900,78,3.72,315.21,108.58,168.45,1,1,1.000000
1724157152531125900,98,193.08,216.28,47.92,68.66,1,1,1.000000
1724157152579965000,58,62.49,458.48,232.25,67.65,1,1,1.000000
1724157152579965000,60,694.76,370.46,280.42,124.72,1,1,1.000000
1724157152579965000,63,864.19,345.66,229.83,83.26,1,1,1.000000
1724157152579965000,64,87.11,240.19,78.90,84.25,1,1,1.000000
1724157152579965000,69,258.03,222.12,82.74,61.41,1,1,1.000000
1724157152579965000,71,297.62,93.38,84.67,130.48,1,1,1.000000
1724157152579965000,73,208.69,127.19,52.05,89.83,1,1,1.000000
1724157152579965000,74,534.18,195.03,210.98,98.50,1,1,1.000000
1724157152579965000,77,174.28,275.63,230.68,62.72,1,1,1.000000
1724157152579965000,76,189.96,395.10,207.49,123.29,1,1,1.000000
1724157152579965000,51,367.78,342.81,208.57,92.29,1,1,1.000000
1724157152579965000,83,153.46,101.23,64.19,65.76,1,1,1.000000
1724157152579965000,75,351.96,92.97,170.98,98.68,1,1,1.000000
1724157152579965000,89,0.19,491.93,73.94,90.45,1,1,1.000000
1724157152579965000,90,21.05,385.59,160.54,108.13,1,1,1.000000
1724157152579965000,93,177.63,324.45,97.13,99.84,1,1,1.000000
1724157152579965000,94,59.12,125.92,59.68,63.19,1,1,1.000000
1724157152579965000,95,89.46,25.63,154.79,74.16,1,1,1.000000
1724157152579965000,96,1066.58,0.00,213.36,81.53,1,1,1.000000
1724157152579965000,80,362.64,1.36,196.67,71.28,1,1,1.000000
1724157152579965000,97,59.29,176.31,85.16,68.86,1,1,1.000000
1724157152579965000,78,8.36,317.22,102.35,163.00,1,1,1.000000
1724157152579965000,98,194.10,219.89,49.07,66.53,1,1,1.000000
1724157152615983700,58,55.18,457.32,246.74,61.35,1,1,1.000000
1724157152615983700,60,709.83,373.37,281.45,129.53,1,1,1.000000
1724157152615983700,63,874.60,345.45,240.76,97.58,1,1,1.000000
1724157152615983700,64,86.54,242.15,78.94,82.39,1,1,1.000000
1724157152615983700,69,255.42,223.21,86.53,65.90,1,1,1.000000
1724157152615983700,71,294.00,94.08,97.52,130.54,1,1,1.000000
1724157152615983700,73,208.06,130.44,53.18,86.80,1,1,1.000000
1724157152615983700,74,546.81,202.24,208.62,95.45,1,1,1.000000
1724157152615983700,77,175.49,277.33,236.13,61.37,1,1,1.000000
1724157152615983700,76,199.75,397.36,201.16,100.25,1,1,1.000000
1724157152615983700,51,375.05,340.22,206.71,98.82,1,1,1.000000
1724157152615983700,83,155.32,104.64,65.62,64.38,1,1,1.000000
1724157152615983700,75,369.36,95.71,162.79,65.20,1,1,1.000000
1724157152615983700,89,0.28,492.46,78.67,92.06,1,1,1.000000
1724157152615983700,90,17.97,389.93,159.09,105.47,1,1,1.000000
1724157152615983700,93,183.28,328.44,98.46,86.36,1,1,1.000000
1724157152615983700,94,59.43,124.84,61.15,62.06,1,1,1.000000
1724157152615983700,95,89.91,28.20,154.96,74.27,1,1,1.000000
1724157152615983700,96,1098.98,0.43,181.20,82.53,1,1,1.000000
1724157152615983700,80,370.54,1.70,200.75,72.77,1,1,1.000000
1724157152615983700,97,59.53,172.50,87.44,75.72,1,1,1.000000
1724157152615983700,78,6.01,316.42,103.23,166.10,1,1,1.000000
1724157152615983700,98,197.08,223.56,45.60,59.63,1,1,1.000000
1724157152615983700,104,0.52,266.74,46.91,59.04,1,1,1.000000
1724157152655563100,58,56.12,459.33,252.07,60.60,1,1,1.000000
1724157152655563100,60,724.16,380.87,288.44,127.30,1,1,1.000000
1724157152655563100,63,891.54,347.80,243.65,104.11,1,1,1.000000
1724157152655563100,64,90.30,244.96,74.38,80.35,1,1,1.000000
1724157152655563100,69,257.71,223.69,83.83,68.27,1,1,1.000000
1724157152655563100,71,292.23,91.49,126.27,126.48,1,1,1.000000
1724157152655563100,73,206.48,133.44,58.91,84.29,1,1,1.000000
1724157152655563100,74,559.42,204.97,210.32,99.98,1,1,1.000000
1724157152655563100,77,178.13,278.57,239.74,57.51,1,1,1.000000
1724157152655563100,76,198.84,401.19,210.23,87.43,1,1,1.000000
1724157152655563100,51,387.76,342.66,204.38,100.08,1,1,1.000000
1724157152655563100,83,155.80,105.47,69.44,65.81,1,1,1.000000
1724157152655563100,75,371.30,97.62,169.97,63.77,1,1,1.000000
1724157152655563100,89,0.38,490.38,81.44,97.48,1,1,1.000000
1724157152655563100,90,19.36,389.95,161.45,108.58,1,1,1.000000
1724157152655563100,93,184.31,330.23,103.07,79.35,1,1,1.000000
1724157152655563100,94,63.06,121.26,58.66,65.04,1,1,1.000000
1724157152655563100,95,92.54,29.81,151.99,74.86,1,1,1.000000
1724157152655563100,96,1136.76,0.00,143.52,79.35,1,1,1.000000
1724157152655563100,80,383.42,4.12,196.91,69.25,1,1,1.000000
1724157152655563100,97,60.73,174.67,94.59,77.02,1,1,1.000000
1724157152655563100,78,6.17,316.23,99.06,162.41,1,1,1.000000
1724157152655563100,98,191.94,224.22,52.29,67.03,1,1,1.000000
1724157152655563100,104,0.58,266.80,54.47,62.87,1,1,1.000000
1724157152700337200,58,68.48,460.58,242.26,57.58,1,1,1.000000
1724157152700337200,60,740.86,387.09,288.05,133.36,1,1,1.000000
1724157152700337200,63,906.61,355.07,247.09,104.86,1,1,1.000000
1724157152700337200,64,90.47,246.95,75.61,78.24,1,1,1.000000
1724157152700337200,69,255.82,224.85,86.77,78.09,1,1,1.000000
1724157152700337200,71,291.83,95.18,136.77,119.13,1,1,1.000000
1724157152700337200,73,206.67,131.12,57.79,85.66,1,1,1.000000
1724157152700337200,74,576.67,199.61,204.84,113.92,1,1,1.000000
1724157152700337200,77,185.04,279.01,239.76,56.15,1,1,1.000000
1724157152700337200,76,197.27,401.05,217.63,80.73,1,1,1.000000
1724157152700337200,51,398.02,338.78,198.53,106.72,1,1,1.000000
1724157152700337200,83,157.40,106.38,76.28,67.63,1,1,1.000000
1724157152700337200,75,395.03,99.00,162.14,59.12,1,1,1.000000
1724157152700337200,89,0.29,488.40,84.39,99.66,1,1,1.000000
1724157152700337200,90,21.73,388.97,168.60,113.47,1,1,1.000000
1724157152700337200,93,175.82,329.69,118.28,78.72,1,1,1.000000
1724157152700337200,94,61.70,124.35,65.35,68.37,1,1,1.000000
1724157152700337200,95,93.27,29.36,152.24,77.25,1,1,1.000000
1724157152700337200,80,398.83,11.26,186.48,67.91,1,1,1.000000
1724157152700337200,97,61.64,180.21,97.73,70.45,1,1,1.000000
1724157152700337200,78,7.77,315.33,96.55,160.36,1,1,1.000000
1724157152700337200,98,195.83,225.82,50.09,64.40,1,1,1.000000
1724157152700337200,104,0.47,267.74,43.09,66.30,1,1,1.000000
1724157152731589700,58,73.85,461.63,244.83,57.50,1,1,1.000000
1724157152731589700,60,758.75,391.73,290.87,135.33,1,1,1.000000
1724157152731589700,63,927.68,359.48,248.04,108.31,1,1,1.000000
1724157152731589700,64,92.21,252.46,75.60,75.29,1,1,1.000000
1724157152731589700,69,256.06,225.13,88.52,80.62,1,1,1.000000
1724157152731589700,71,287.02,93.55,150.37,131.78,1,1,1.000000
1724157152731589700,73,208.77,134.56,54.42,80.80,1,1,1.000000
1724157152731589700,74,588.85,213.06,206.16,105.07,1,1,1.000000
1724157152731589700,77,192.16,277.76,236.40,60.23,1,1,1.000000
1724157152731589700,76,193.76,402.84,226.05,73.82,1,1,1.000000
1724157152731589700,51,401.74,340.34,202.62,110.33,1,1,1.000000
1724157152731589700,83,158.19,109.48,74.77,64.84,1,1,1.000000
1724157152731589700,75,403.95,95.52,164.87,61.95,1,1,1.000000
1724157152731589700,89,0.20,488.19,90.27,99.61,1,1,1.000000
1724157152731589700,90,24.06,388.95,184.22,112.32,1,1,1.000000
1724157152731589700,93,173.00,329.15,125.02,84.99,1,1,1.000000
1724157152731589700,94,62.62,120.83,69.12,71.57,1,1,1.000000
1724157152731589700,95,94.57,29.54,143.77,77.24,1,1,1.000000
1724157152731589700,80,410.38,13.54,182.80,64.99,1,1,1.000000
1724157152731589700,97,64.67,174.33,99.22,80.36,1,1,1.000000
1724157152731589700,78,12.49,315.54,95.08,161.09,1,1,1.000000
1724157152731589700,98,198.52,227.12,50.18,71.44,1,1,1.000000
1724157152731589700,104,0.37,265.45,44.64,79.11,1,1,1.000000
1724157152731589700,106,159.01,108.06,103.08,106.15,1,1,1.000000
1724157152781417600,58,77.92,461.61,244.60,56.23,1,1,1.000000
1724157152781417600,60,767.76,400.56,304.86,133.58,1,1,1.000000
1724157152781417600,63,954.79,368.14,242.36,109.22,1,1,1.000000
1724157152781417600,64,94.23,251.81,77.24,76.12,1,1,1.000000
1724157152781417600,69,254.71,225.28,94.12,80.98,1,1,1.000000
1724157152781417600,71,283.91,90.20,160.17,126.95,1,1,1.000000
1724157152781417600,73,209.68,136.93,58.32,79.77,1,1,1.000000
1724157152781417600,74,598.76,218.49,212.90,108.14,1,1,1.000000
1724157152781417600,77,242.47,277.87,190.93,56.42,1,1,1.000000
1724157152781417600,76,190.94,400.92,235.13,85.19,1,1,1.000000
1724157152781417600,51,405.24,348.10,205.89,107.96,1,1,1.000000
1724157152781417600,83,158.21,108.43,83.22,70.64,1,1,1.000000
1724157152781417600,75,429.25,92.94,155.24,66.12,1,1,1.000000
1724157152781417600,89,0.17,486.88,91.05,103.01,1,1,1.000000
1724157152781417600,90,31.68,396.19,170.50,100.76,1,1,1.000000
1724157152781417600,93,166.81,329.19,141.64,82.61,1,1,1.000000
1724157152781417600,94,65.56,120.70,69.81,71.22,1,1,1.000000
1724157152781417600,95,94.77,25.54,142.87,82.34,1,1,1.000000
1724157152781417600,80,411.68,8.08,188.74,68.25,1,1,1.000000
1724157152781417600,97,57.80,179.61,109.41,75.66,1,1,1.000000
1724157152781417600,78,13.89,314.91,92.71,162.48,1,1,1.000000
1724157152781417600,98,191.64,224.56,60.58,81.46,1,1,1.000000
1724157152781417600,104,0.49,264.63,43.86,77.96,1,1,1.000000
1724157152781417600,106,159.42,109.02,107.10,106.14,1,1,1.000000
1724157152781417600,107,0.73,69.57,46.01,61.06,1,1,1.000000
1724157152810279200,58,81.37,461.31,245.79,55.63,1,1,1.000000
1724157152810279200,60,777.60,408.52,316.78,131.71,1,1,1.000000
1724157152810279200,63,968.79,371.08,246.94,115.59,1,1,1.000000
1724157152810279200,64,96.07,249.74,76.57,78.27,1,1,1.000000
1724157152810279200,69,254.94,223.72,94.92,81.58,1,1,1.000000
1724157152810279200,71,279.95,88.08,161.26,121.79,1,1,1.000000
1724157152810279200,74,609.52,223.08,216.71,106.42,1,1,1.000000
1724157152810279200,77,233.84,279.46,204.46,56.72,1,1,1.000000
1724157152810279200,76,188.76,403.43,238.34,75.05,1,1,1.000000
1724157152810279200,51,408.11,352.32,210.52,105.65,1,1,1.000000
1724157152810279200,83,158.85,109.46,84.43,66.48,1,1,1.000000
1724157152810279200,75,421.42,91.47,175.36,66.31,1,1,1.000000
1724157152810279200,89,0.32,490.71,96.50,97.60,1,1,1.000000
1724157152810279200,90,42.66,395.89,154.91,101.96,1,1,1.000000
1724157152810279200,93,168.76,329.85,144.12,81.77,1,1,1.000000
1724157152810279200,94,67.72,120.24,64.67,73.11,1,1,1.000000
1724157152810279200,95,95.20,22.53,138.88,84.84,1,1,1.000000
1724157152810279200,80,417.05,12.01,191.86,64.18,1,1,1.000000
1724157152810279200,97,54.30,180.56,122.05,70.90,1,1,1.000000
1724157152810279200,78,20.04,313.05,85.12,174.94,1,1,1.000000
1724157152810279200,98,197.56,224.08,57.69,76.28,1,1,1.000000
1724157152810279200,104,0.62,262.16,44.71,82.16,1,1,1.000000
1724157152810279200,106,158.77,107.06,109.15,107.11,1,1,1.000000
1724157152810279200,107,0.81,65.18,45.29,67.03,1,1,1.000000
1724157152853061100,58,83.59,452.78,254.69,68.62,1,1,1.000000
1724157152853061100,60,806.57,425.12,338.17,135.55,1,1,1.000000
1724157152853061100,63,1001.06,379.79,259.45,129.19,1,1,1.000000
1724157152853061100,64,99.11,241.29,73.96,81.89,1,1,1.000000
1724157152853061100,69,251.47,220.44,106.94,88.12,1,1,1.000000
1724157152853061100,71,274.49,85.52,179.74,75.70,1,1,1.000000
1724157152853061100,74,634.62,236.37,218.08,97.96,1,1,1.000000
1724157152853061100,77,225.20,276.29,214.28,57.30,1,1,1.000000
1724157152853061100,76,192.54,404.57,246.61,71.11,1,1,1.000000
1724157152853061100,51,426.65,360.75,207.92,102.96,1,1,1.000000
1724157152853061100,83,162.08,107.65,82.17,67.83,1,1,1.000000
1724157152853061100,75,438.04,90.26,183.47,66.08,1,1,1.000000
1724157152853061100,89,0.37,491.78,101.40,93.10,1,1,1.000000
1724157152853061100,90,48.50,402.98,133.78,90.76,1,1,1.000000
1724157152853061100,93,164.08,327.77,155.76,86.31,1,1,1.000000
1724157152853061100,94,63.00,120.18,71.75,69.18,1,1,1.000000
1724157152853061100,95,95.73,18.82,136.66,89.73,1,1,1.000000
1724157152853061100,80,428.16,4.60,193.22,68.94,1,1,1.000000
1724157152853061100,97,39.98,178.33,138.80,76.74,1,1,1.000000
1724157152853061100,78,38.27,309.70,76.55,146.94,1,1,1.000000
1724157152853061100,98,208.86,223.65,47.56,68.56,1,1,1.000000
1724157152853061100,104,0.44,257.72,47.81,84.96,1,1,1.000000
1724157152853061100,106,163.07,107.62,105.32,102.73,1,1,1.000000
1724157152853061100,107,0.56,62.19,62.47,71.53,1,1,1.000000
1724157152853061100,73,216.47,134.30,56.19,80.55,1,1,1.000000
1724157152899068700,58,73.02,453.85,266.15,61.48,1,1,1.000000
1724157152899068700,60,831.64,430.97,335.03,137.27,1,1,1.000000
1724157152899068700,63,1020.39,379.09,257.54,141.02,1,1,1.000000
1724157152899068700,64,96.94,240.87,80.62,82.85,1,1,1.000000
1724157152899068700,69,252.48,218.41,113.46,89.25,1,1,1.000000
1724157152899068700,71,270.28,81.87,204.87,76.44,1,1,1.000000
1724157152899068700,74,655.92,239.31,212.66,103.29,1,1,1.000000
1724157152899068700,77,234.95,275.63,210.04,58.48,1,1,1.000000
1724157152899068700,76,196.91,403.75,242.33,71.61,1,1,1.000000
1724157152899068700,51,435.60,368.17,207.74,96.39,1,1,1.000000
1724157152899068700,83,162.52,103.87,76.48,65.87,1,1,1.000000
1724157152899068700,75,457.43,89.55,178.71,64.26,1,1,1.000000
1724157152899068700,89,0.08,490.22,106.95,90.99,1,1,1.000000
1724157152899068700,90,63.55,403.67,116.32,83.90,1,1,1.000000
1724157152899068700,93,159.01,327.00,161.87,86.42,1,1,1.000000
1724157152899068700,94,57.63,120.03,77.29,69.88,1,1,1.000000
1724157152899068700,95,96.53,17.59,134.90,90.98,1,1,1.000000
1724157152899068700,80,435.36,11.40,195.44,62.25,1,1,1.000000
1724157152899068700,97,84.84,174.93,100.09,82.91,1,1,1.000000
1724157152899068700,78,39.84,307.09,71.15,167.06,1,1,1.000000
1724157152899068700,98,211.49,221.40,46.61,74.82,1,1,1.000000
1724157152899068700,104,0.34,260.98,49.03,77.94,1,1,1.000000
1724157152899068700,106,163.13,104.70,106.95,106.27,1,1,1.000000
1724157152899068700,107,0.74,62.15,56.31,67.13,1,1,1.000000
1724157152899068700,73,223.82,134.02,46.92,78.17,1,1,1.000000
1724157152930640700,58,85.70,451.13,262.81,63.44,1,1,1.000000
1724157152930640700,60,851.62,430.45,339.80,147.59,1,1,1.000000
1724157152930640700,63,1022.14,383.45,257.63,140.79,1,1,1.000000
1724157152930640700,64,96.12,247.57,81.59,76.89,1,1,1.000000
1724157152930640700,69,250.79,217.73,123.58,87.36,1,1,1.000000
1724157152930640700,71,259.72,81.21,230.68,76.76,1,1,1.000000
1724157152930640700,74,667.94,237.01,220.08,108.77,1,1,1.000000
1724157152930640700,77,226.88,274.92,224.57,57.91,1,1,1.000000
1724157152930640700,76,204.09,401.66,243.08,71.52,1,1,1.000000
1724157152930640700,51,454.68,366.04,197.94,99.34,1,1,1.000000
1724157152930640700,83,164.43,103.61,74.49,66.30,1,1,1.000000
1724157152930640700,75,475.61,91.15,175.68,62.58,1,1,1.000000
1724157152930640700,89,0.13,487.01,108.58,93.31,1,1,1.000000
1724157152930640700,90,76.28,400.51,110.99,73.42,1,1,1.000000
1724157152930640700,93,156.50,324.90,170.76,87.81,1,1,1.000000
1724157152930640700,94,57.34,117.94,77.38,68.80,1,1,1.000000
1724157152930640700,95,96.51,15.80,132.87,87.67,1,1,1.000000
1724157152930640700,80,439.73,12.17,200.84,60.26,1,1,1.000000
1724157152930640700,97,102.53,170.81,85.47,85.96,1,1,1.000000
1724157152930640700,78,43.84,310.38,72.77,156.65,1,1,1.000000
1724157152930640700,98,209.81,219.51,48.23,75.88,1,1,1.000000
1724157152930640700,104,0.62,260.33,49.44,78.73,1,1,1.000000
1724157152930640700,106,167.06,105.08,97.98,102.62,1,1,1.000000
1724157152930640700,107,0.97,62.04,58.75,62.69,1,1,1.000000
1724157152930640700,73,223.59,131.70,44.33,76.27,1,1,1.000000
1724157152930640700,108,23.12,180.62,88.92,55.87,1,1,1.000000
1724157152975624700,58,84.91,447.92,265.57,66.78,1,1,1.000000
1724157152975624700,60,865.86,429.60,345.28,152.00,1,1,1.000000
1724157152975624700,63,1048.00,390.90,232.14,137.97,1,1,1.000000
1724157152975624700,64,95.46,247.31,83.58,77.34,1,1,1.000000
1724157152975624700,69,262.79,216.49,116.60,93.05,1,1,1.000000
1724157152975624700,71,263.72,78.59,234.67,78.91,1,1,1.000000
1724157152975624700,74,682.81,241.79,218.77,106.67,1,1,1.000000
1724157152975624700,77,255.01,273.62,201.28,55.39,1,1,1.000000
1724157152975624700,76,206.62,400.93,245.75,73.08,1,1,1.000000
1724157152975624700,51,460.54,365.84,204.81,99.66,1,1,1.000000
1724157152975624700,75,472.70,89.85,193.09,64.42,1,1,1.000000
1724157152975624700,89,0.00,483.48,107.49,96.51,1,1,1.000000
1724157152975624700,90,64.60,400.84,119.57,75.38,1,1,1.000000
1724157152975624700,93,152.65,322.15,182.38,89.73,1,1,1.000000
1724157152975624700,94,58.26,114.64,80.69,63.17,1,1,1.000000
1724157152975624700,95,96.20,14.36,135.17,89.23,1,1,1.000000
1724157152975624700,80,448.86,13.40,198.51,62.85,1,1,1.000000
1724157152975624700,97,109.02,171.44,86.44,86.42,1,1,1.000000
1724157152975624700,78,43.70,320.97,53.49,138.75,1,1,1.000000
1724157152975624700,98,212.65,216.71,46.78,76.89,1,1,1.000000
1724157152975624700,104,0.52,256.76,48.73,81.13,1,1,1.000000
1724157152975624700,106,169.39,100.86,95.06,102.15,1,1,1.000000
1724157152975624700,107,0.94,60.13,61.15,64.32,1,1,1.000000
1724157152975624700,108,18.00,173.20,115.58,54.47,1,1,1.000000
1724157153020813000,58,87.93,444.93,268.48,72.13,1,1,1.000000
1724157153020813000,60,879.05,430.08,349.30,159.18,1,1,1.000000
1724157153020813000,63,1068.74,397.34,212.13,134.65,1,1,1.000000
1724157153020813000,64,98.32,244.28,85.69,81.26,1,1,1.000000
1724157153020813000,69,282.66,212.07,110.91,83.91,1,1,1.000000
1724157153020813000,71,292.39,73.68,210.00,82.70,1,1,1.000000
1724157153020813000,74,699.51,243.87,223.45,108.55,1,1,1.000000
1724157153020813000,77,258.89,273.30,207.10,56.12,1,1,1.000000
1724157153020813000,76,212.04,401.85,247.03,71.83,1,1,1.000000
1724157153020813000,51,477.66,363.98,199.50,102.58,1,1,1.000000
1724157153020813000,75,482.94,90.44,198.53,62.59,1,1,1.000000
1724157153020813000,89,0.06,482.85,107.19,97.27,1,1,1.000000
1724157153020813000,90,60.74,403.62,111.78,70.14,1,1,1.000000
1724157153020813000,93,150.44,318.76,188.55,91.22,1,1,1.000000
1724157153020813000,94,62.34,111.76,78.97,61.10,1,1,1.000000
1724157153020813000,95,97.90,14.56,133.67,86.63,1,1,1.000000
1724157153020813000,80,457.03,3.73,196.23,72.14,1,1,1.000000
1724157153020813000,97,110.54,165.90,85.52,88.75,1,1,1.000000
1724157153020813000,78,45.58,312.22,73.36,148.37,1,1,1.000000
1724157153020813000,98,211.09,215.67,48.39,81.21,1,1,1.000000
1724157153020813000,104,0.59,254.05,50.79,79.15,1,1,1.000000
1724157153020813000,106,168.25,99.59,98.21,102.15,1,1,1.000000
1724157153020813000,107,0.86,60.65,61.24,61.32,1,1,1.000000
1724157153020813000,108,15.74,169.67,119.32,61.76,1,1,1.000000
1724157153020813000,83,169.83,101.12,84.83,80.70,1,1,1.000000
1724157153020813000,73,225.58,128.47,42.01,74.78,1,1,1.000000
1724157153051003000,58,99.61,442.57,261.94,65.69,1,1,1.000000
1724157153051003000,60,898.92,435.95,359.88,162.22,1,1,1.000000
1724157153051003000,63,1090.51,410.05,189.73,125.59,1,1,1.000000
1724157153051003000,64,108.37,241.08,77.35,74.95,1,1,1.000000
1724157153051003000,69,285.76,210.01,112.81,77.76,1,1,1.000000
1724157153051003000,71,317.51,70.85,194.86,88.47,1,1,1.000000
1724157153051003000,74,711.46,249.45,228.26,107.42,1,1,1.000000
1724157153051003000,77,263.68,272.71,206.29,58.40,1,1,1.000000
1724157153051003000,76,209.25,399.35,252.31,73.79,1,1,1.000000
1724157153051003000,51,489.75,364.68,198.74,101.03,1,1,1.000000
1724157153051003000,75,499.21,89.88,198.31,62.76,1,1,1.000000
1724157153051003000,89,0.00,481.55,126.12,97.93,1,1,1.000000
1724157153051003000,90,61.30,388.07,113.70,85.43,1,1,1.000000
1724157153051003000,93,153.13,318.60,184.06,89.69,1,1,1.000000
1724157153051003000,94,64.26,111.04,76.28,59.32,1,1,1.000000
1724157153051003000,95,99.47,12.25,135.26,90.07,1,1,1.000000
1724157153051003000,80,458.88,3.71,200.34,68.86,1,1,1.000000
1724157153051003000,97,113.18,167.46,83.73,89.74,1,1,1.000000
1724157153051003000,78,48.04,307.81,73.68,145.63,1,1,1.000000
1724157153051003000,98,214.86,214.54,42.25,68.37,1,1,1.000000
1724157153051003000,104,0.55,251.14,53.43,82.41,1,1,1.000000
1724157153051003000,107,1.08,60.88,61.32,61.88,1,1,1.000000
1724157153051003000,83,167.91,103.39,71.45,74.79,1,1,1.000000
1724157153051003000,73,225.02,127.25,45.64,72.41,1,1,1.000000
1724157153051003000,72,4.14,164.40,194.62,90.95,1,1,1.000000
1724157153096176300,58,99.52,441.89,264.04,83.06,1,1,1.000000
1724157153096176300,60,917.28,436.91,360.45,167.52,1,1,1.000000
1724157153096176300,63,1110.65,414.61,169.11,119.98,1,1,1.000000
1724157153096176300,64,109.51,241.24,75.29,73.63,1,1,1.000000
1724157153096176300,69,287.20,208.80,116.86,76.99,1,1,1.000000
1724157153096176300,71,331.70,74.87,190.20,78.10,1,1,1.000000
1724157153096176300,74,728.36,252.21,223.85,111.22,1,1,1.000000
1724157153096176300,77,280.48,272.17,194.51,59.65,1,1,1.000000
1724157153096176300,76,250.00,400.77,213.22,71.33,1,1,1.000000
1724157153096176300,51,503.10,368.07,194.50,100.45,1,1,1.000000
1724157153096176300,75,519.32,91.52,193.44,60.15,1,1,1.000000
1724157153096176300,89,0.35,480.58,122.85,94.19,1,1,1.000000
1724157153096176300,90,55.05,396.63,123.67,82.49,1,1,1.000000
1724157153096176300,93,150.41,316.94,191.09,89.33,1,1,1.000000
1724157153096176300,94,69.79,106.89,71.11,61.62,1,1,1.000000
1724157153096176300,95,98.78,9.76,143.18,85.64,1,1,1.000000
1724157153096176300,80,415.53,1.00,252.52,71.81,1,1,1.000000
1724157153096176300,78,45.61,304.15,79.37,147.42,1,1,1.000000
1724157153096176300,98,215.45,211.30,44.24,71.51,1,1,1.000000
1724157153096176300,104,0.59,252.39,54.77,81.60,1,1,1.000000
1724157153096176300,107,0.86,56.48,64.50,63.07,1,1,1.000000
1724157153096176300,83,171.29,96.28,64.18,68.05,1,1,1.000000
1724157153096176300,73,225.02,128.08,47.65,70.15,1,1,1.000000
1724157153096176300,72,2.20,159.41,205.83,94.16,1,1,1.000000
1724157153127298100,58,124.05,439.35,240.98,65.94,1,1,1.000000
1724157153127298100,60,935.81,435.81,343.50,175.47,1,1,1.000000
1724157153127298100,63,1127.47,420.59,152.82,108.62,1,1,1.000000
1724157153127298100,64,111.04,245.00,71.24,67.44,1,1,1.000000
1724157153127298100,69,287.20,206.38,124.78,73.36,1,1,1.000000
1724157153127298100,71,340.50,73.94,189.57,78.73,1,1,1.000000
1724157153127298100,74,737.48,256.83,229.38,114.12,1,1,1.000000
1724157153127298100,77,258.28,268.70,223.82,61.46,1,1,1.000000
1724157153127298100,76,228.42,397.49,241.17,74.08,1,1,1.000000
1724157153127298100,51,507.91,367.38,200.60,102.07,1,1,1.000000
1724157153127298100,75,527.31,90.97,200.01,63.02,1,1,1.000000
1724157153127298100,89,0.00,479.40,141.21,94.22,1,1,1.000000
1724157153127298100,90,59.88,393.10,180.30,82.73,1,1,1.000000
1724157153127298100,93,153.52,317.33,192.04,87.62,1,1,1.000000
1724157153127298100,94,75.25,102.21,69.60,59.10,1,1,1.000000
1724157153127298100,95,100.07,7.60,144.15,86.29,1,1,1.000000
1724157153127298100,80,425.96,0.92,249.83,72.30,1,1,1.000000
1724157153127298100,78,45.86,298.54,72.47,151.32,1,1,1.000000
1724157153127298100,98,222.04,211.18,40.04,72.39,1,1,1.000000
1724157153127298100,104,0.63,256.32,56.72,78.41,1,1,1.000000
1724157153127298100,107,1.09,56.21,69.94,59.23,1,1,1.000000
1724157153127298100,83,171.52,92.57,60.10,66.57,1,1,1.000000
1724157153127298100,73,224.88,125.46,51.42,71.95,1,1,1.000000
1724157153127298100,72,1.55,157.58,212.19,87.55,1,1,1.000000
1724157153127298100,111,0.32,635.40,81.48,49.47,1,1,1.000000
1724157153172212000,58,134.39,438.89,235.95,67.05,1,1,1.000000
1724157153172212000,60,955.83,446.36,324.71,170.93,1,1,1.000000
1724157153172212000,63,1144.10,429.96,136.11,101.22,1,1,1.000000
1724157153172212000,64,112.45,241.35,69.82,67.31,1,1,1.000000
1724157153172212000,69,286.73,205.49,131.99,71.07,1,1,1.000000
1724157153172212000,71,326.71,69.09,217.62,86.93,1,1,1.000000
1724157153172212000,74,747.90,257.80,235.15,120.83,1,1,1.000000
1724157153172212000,77,261.64,268.17,225.25,59.40,1,1,1.000000
1724157153172212000,76,220.85,396.15,258.18,75.11,1,1,1.000000
1724157153172212000,51,518.55,358.18,200.29,114.08,1,1,1.000000
1724157153172212000,75,539.23,88.90,201.18,65.22,1,1,1.000000
1724157153172212000,89,0.00,480.73,161.02,88.39,1,1,1.000000
1724157153172212000,90,56.44,390.67,169.41,81.10,1,1,1.000000
1724157153172212000,93,151.48,314.70,199.40,90.94,1,1,1.000000
1724157153172212000,94,79.08,97.99,69.58,58.59,1,1,1.000000
1724157153172212000,95,102.05,5.00,142.77,88.42,1,1,1.000000
1724157153172212000,80,427.87,0.25,255.50,74.18,1,1,1.000000
1724157153172212000,78,46.64,296.19,77.80,153.91,1,1,1.000000
1724157153172212000,98,222.45,210.93,41.44,68.41,1,1,1.000000
1724157153172212000,104,0.53,253.63,55.45,80.84,1,1,1.000000
1724157153172212000,107,1.26,53.36,71.12,61.63,1,1,1.000000
1724157153172212000,83,171.99,92.39,57.76,67.80,1,1,1.000000
1724157153172212000,73,228.91,126.47,51.09,70.18,1,1,1.000000
1724157153172212000,72,2.27,158.41,213.77,87.16,1,1,1.000000
1724157153172212000,111,0.03,620.83,78.46,48.00,1,1,1.000000
1724157153218388200,58,153.85,436.93,224.17,69.00,1,1,1.000000
1724157153218388200,60,987.03,458.85,292.91,167.46,1,1,1.000000
1724157153218388200,63,1188.24,442.86,91.37,80.28,1,1,1.000000
1724157153218388200,64,112.06,228.03,68.74,77.88,1,1,1.000000
1724157153218388200,69,284.50,197.82,144.55,85.42,1,1,1.000000
1724157153218388200,71,340.34,66.14,232.14,86.82,1,1,1.000000
1724157153218388200,74,770.96,272.60,248.32,123.26,1,1,1.000000
1724157153218388200,77,275.54,269.38,223.80,61.96,1,1,1.000000
1724157153218388200,76,228.82,388.52,259.37,81.09,1,1,1.000000
1724157153218388200,51,529.44,379.21,208.46,97.93,1,1,1.000000
1724157153218388200,75,566.34,89.91,212.60,67.82,1,1,1.000000
1724157153218388200,89,0.00,475.42,172.37,89.07,1,1,1.000000
1724157153218388200,90,47.67,388.83,181.77,82.85,1,1,1.000000
1724157153218388200,93,159.85,313.77,202.44,90.66,1,1,1.000000
1724157153218388200,94,93.07,94.35,64.77,57.69,1,1,1.000000
1724157153218388200,95,102.31,2.57,147.54,89.12,1,1,1.000000
1724157153218388200,80,460.34,0.38,233.57,76.05,1,1,1.000000
1724157153218388200,78,47.75,291.67,93.42,144.81,1,1,1.000000
1724157153218388200,98,224.02,213.37,48.53,71.86,1,1,1.000000
1724157153218388200,104,0.58,250.39,59.92,84.52,1,1,1.000000
1724157153218388200,107,1.33,49.49,74.04,66.18,1,1,1.000000
1724157153218388200,83,174.79,91.34,48.45,64.92,1,1,1.000000
1724157153218388200,73,234.17,127.05,47.93,67.06,1,1,1.000000
1724157153218388200,72,6.74,152.02,214.64,91.06,1,1,1.000000
1724157153249735000,58,153.85,436.93,224.17,69.00,1,1,1.000000
1724157153249735000,60,987.03,458.85,292.91,167.46,1,1,1.000000
1724157153249735000,63,1188.24,442.86,91.37,80.28,1,1,1.000000
1724157153249735000,64,112.06,228.03,68.74,77.88,1,1,1.000000
1724157153249735000,69,284.50,197.82,144.55,85.42,1,1,1.000000
1724157153249735000,71,340.34,66.14,232.14,86.82,1,1,1.000000
1724157153249735000,74,770.96,272.60,248.32,123.26,1,1,1.000000
1724157153249735000,77,275.54,269.38,223.80,61.96,1,1,1.000000
1724157153249735000,76,228.82,388.52,259.37,81.09,1,1,1.000000
1724157153249735000,51,529.44,379.21,208.46,97.93,1,1,1.000000
1724157153249735000,75,566.34,89.91,212.60,67.82,1,1,1.000000
1724157153249735000,89,0.00,475.42,172.37,89.07,1,1,1.000000
1724157153249735000,90,47.67,388.83,181.77,82.85,1,1,1.000000
1724157153249735000,93,159.85,313.77,202.44,90.66,1,1,1.000000
1724157153249735000,94,93.07,94.35,64.77,57.69,1,1,1.000000
1724157153249735000,95,102.31,2.57,147.54,89.12,1,1,1.000000
1724157153249735000,80,460.34,0.38,233.57,76.05,1,1,1.000000
1724157153249735000,78,47.75,291.67,93.42,144.81,1,1,1.000000
1724157153249735000,98,224.02,213.37,48.53,71.86,1,1,1.000000
1724157153249735000,104,0.58,250.39,59.92,84.52,1,1,1.000000
1724157153249735000,107,1.33,49.49,74.04,66.18,1,1,1.000000
1724157153249735000,83,174.79,91.34,48.45,64.92,1,1,1.000000
1724157153249735000,73,234.17,127.05,47.93,67.06,1,1,1.000000
1724157153249735000,72,6.74,152.02,214.64,91.06,1,1,1.000000
1724157153249735000,112,0.69,172.83,46.29,49.11,1,1,1.000000
1724157153249735000,111,0.54,611.29,64.38,46.88,1,1,1.000000
1724157153297387300,58,160.67,436.39,221.70,69.69,1,1,1.000000
1724157153297387300,60,997.92,467.60,281.26,159.95,1,1,1.000000
1724157153297387300,63,1201.58,452.27,77.64,66.18,1,1,1.000000
1724157153297387300,64,113.43,232.49,67.37,71.97,1,1,1.000000
1724157153297387300,69,280.48,197.68,154.53,84.26,1,1,1.000000
1724157153297387300,71,354.78,66.42,228.64,85.90,1,1,1.000000
1724157153297387300,74,784.90,276.74,250.83,127.00,1,1,1.000000
1724157153297387300,77,282.32,266.18,223.88,62.92,1,1,1.000000
1724157153297387300,76,238.19,381.63,256.34,89.22,1,1,1.000000
1724157153297387300,51,531.69,383.15,214.32,98.81,1,1,1.000000
1724157153297387300,75,582.78,91.72,207.16,70.83,1,1,1.000000
1724157153297387300,89,0.00,470.52,168.41,93.49,1,1,1.000000
1724157153297387300,90,54.35,388.47,182.23,82.10,1,1,1.000000
1724157153297387300,93,156.93,313.35,205.35,89.14,1,1,1.000000
1724157153297387300,94,97.70,96.18,65.14,57.32,1,1,1.000000
1724157153297387300,95,104.28,2.22,148.57,89.53,1,1,1.000000
1724157153297387300,80,480.56,0.33,223.67,77.43,1,1,1.000000
1724157153297387300,78,44.19,288.79,96.60,144.67,1,1,1.000000
1724157153297387300,98,230.07,215.05,47.17,70.85,1,1,1.000000
1724157153297387300,104,0.58,247.25,67.04,89.28,1,1,1.000000
1724157153297387300,107,2.30,46.58,75.84,67.96,1,1,1.000000
1724157153297387300,83,172.80,90.20,45.67,63.81,1,1,1.000000
1724157153297387300,73,235.23,127.07,45.97,64.55,1,1,1.000000
1724157153297387300,72,14.97,158.67,215.35,81.16,1,1,1.000000
1724157153297387300,112,1.02,165.69,58.39,54.42,1,1,1.000000
1724157153297387300,111,0.49,606.85,49.52,47.09,1,1,1.000000
1724157153340779600,58,168.17,436.81,222.23,73.09,1,1,1.000000
1724157153340779600,60,1041.99,484.69,237.68,147.19,1,1,1.000000
1724157153340779600,64,109.87,224.67,79.21,80.09,1,1,1.000000
1724157153340779600,69,272.89,197.55,172.47,88.60,1,1,1.000000
1724157153340779600,71,384.92,64.14,220.94,91.39,1,1,1.000000
1724157153340779600,74,816.63,281.31,251.22,143.23,1,1,1.000000
1724157153340779600,77,292.86,266.89,223.49,65.37,1,1,1.000000
1724157153340779600,76,247.22,376.85,255.72,95.89,1,1,1.000000
1724157153340779600,51,546.50,392.88,216.85,99.61,1,1,1.000000
1724157153340779600,75,610.82,93.10,211.32,76.13,1,1,1.000000
1724157153340779600,89,0.24,480.99,165.36,84.20,1,1,1.000000
1724157153340779600,90,62.58,380.22,188.23,89.60,1,1,1.000000
1724157153340779600,93,173.09,312.39,195.15,89.43,1,1,1.000000
1724157153340779600,94,97.19,94.11,66.14,57.94,1,1,1.000000
1724157153340779600,95,105.89,2.19,152.48,90.82,1,1,1.000000
1724157153340779600,80,498.56,0.18,230.56,76.64,1,1,1.000000
1724157153340779600,78,39.71,297.64,98.24,130.91,1,1,1.000000
1724157153340779600,104,0.67,249.11,69.15,83.03,1,1,1.000000
1724157153340779600,107,5.54,41.26,76.20,73.91,1,1,1.000000
1724157153340779600,83,176.51,89.31,47.43,63.21,1,1,1.000000
1724157153340779600,73,237.65,125.91,43.08,62.34,1,1,1.000000
1724157153340779600,72,31.20,149.98,211.80,87.04,1,1,1.000000
1724157153340779600,112,0.72,162.67,77.70,64.23,1,1,1.000000
1724157153340779600,111,0.11,593.08,49.19,56.27,1,1,1.000000
1724157153371408100,58,169.60,437.05,224.91,75.47,1,1,1.000000
1724157153371408100,60,1065.68,499.62,214.66,131.53,1,1,1.000000
1724157153371408100,64,109.85,223.38,74.75,80.47,1,1,1.000000
1724157153371408100,69,271.81,196.41,179.18,90.27,1,1,1.000000
1724157153371408100,71,396.79,67.56,219.74,91.60,1,1,1.000000
1724157153371408100,74,834.67,284.83,246.35,148.67,1,1,1.000000
1724157153371408100,77,295.90,269.52,222.84,63.32,1,1,1.000000
1724157153371408100,76,246.45,379.78,258.71,95.57,1,1,1.000000
1724157153371408100,51,555.52,400.23,218.71,96.70,1,1,1.000000
1724157153371408100,75,625.88,94.86,206.32,80.21,1,1,1.000000
1724157153371408100,89,0.14,481.05,165.17,85.79,1,1,1.000000
1724157153371408100,90,61.93,380.25,189.85,90.94,1,1,1.000000
1724157153371408100,93,179.23,311.19,190.41,92.63,1,1,1.000000
1724157153371408100,94,95.65,93.79,69.03,57.11,1,1,1.000000
1724157153371408100,95,106.43,2.85,151.70,90.19,1,1,1.000000
1724157153371408100,80,504.39,0.36,244.72,79.82,1,1,1.000000
1724157153371408100,78,38.65,297.05,104.21,132.03,1,1,1.000000
1724157153371408100,104,0.72,249.65,69.06,82.62,1,1,1.000000
1724157153371408100,107,3.57,39.96,77.48,74.30,1,1,1.000000
1724157153371408100,83,177.31,88.10,46.73,67.15,1,1,1.000000
1724157153371408100,73,237.15,125.97,51.43,70.76,1,1,1.000000
1724157153371408100,72,43.52,153.63,202.57,82.49,1,1,1.000000
1724157153371408100,112,0.69,160.12,90.97,69.09,1,1,1.000000
1724157153415663300,58,179.99,438.55,220.22,78.05,1,1,1.000000
1724157153415663300,60,1092.15,502.67,188.35,133.56,1,1,1.000000
1724157153415663300,64,112.88,220.92,74.72,80.05,1,1,1.000000
1724157153415663300,69,271.77,195.59,184.45,88.25,1,1,1.000000
1724157153415663300,71,404.95,73.66,222.38,90.04,1,1,1.000000
1724157153415663300,74,848.46,288.61,256.98,156.12,1,1,1.000000
1724157153415663300,77,305.25,270.06,219.45,66.60,1,1,1.000000
1724157153415663300,76,268.48,384.46,241.46,91.66,1,1,1.000000
1724157153415663300,51,571.51,401.50,215.76,99.22,1,1,1.000000
1724157153415663300,75,640.48,95.47,206.19,86.30,1,1,1.000000
1724157153415663300,89,0.23,479.62,164.89,87.44,1,1,1.000000
1724157153415663300,90,74.69,382.52,187.79,89.64,1,1,1.000000
1724157153415663300,93,183.88,311.30,188.42,91.16,1,1,1.000000
1724157153415663300,94,94.27,94.85,69.96,58.30,1,1,1.000000
1724157153415663300,95,105.48,2.49,151.63,91.64,1,1,1.000000
1724157153415663300,80,514.15,2.02,229.25,79.46,1,1,1.000000
1724157153415663300,78,35.40,290.50,109.63,134.67,1,1,1.000000
1724157153415663300,104,0.67,250.33,72.67,83.67,1,1,1.000000
1724157153415663300,107,7.95,40.80,73.71,67.32,1,1,1.000000
1724157153415663300,83,175.95,89.60,49.66,63.41,1,1,1.000000
1724157153415663300,73,237.19,127.64,52.96,71.13,1,1,1.000000
1724157153415663300,72,44.47,156.31,202.53,75.41,1,1,1.000000
1724157153415663300,112,1.37,156.94,100.86,75.37,1,1,1.000000
1724157153460520600,58,178.83,438.37,222.86,80.91,1,1,1.000000
1724157153460520600,60,1107.90,509.47,172.68,116.35,1,1,1.000000
1724157153460520600,64,115.06,223.08,77.74,77.96,1,1,1.000000
1724157153460520600,69,246.14,199.33,213.33,92.09,1,1,1.000000
1724157153460520600,71,411.28,75.94,225.21,91.33,1,1,1.000000
1724157153460520600,74,865.20,296.81,253.76,159.58,1,1,1.000000
1724157153460520600,77,309.88,268.80,217.07,71.80,1,1,1.000000
1724157153460520600,76,274.56,389.44,235.41,89.44,1,1,1.000000
1724157153460520600,51,586.04,408.86,215.06,98.28,1,1,1.000000
1724157153460520600,75,656.75,97.65,202.35,90.42,1,1,1.000000
1724157153460520600,89,0.23,479.73,160.01,97.32,1,1,1.000000
1724157153460520600,90,76.63,382.55,185.61,91.70,1,1,1.000000
1724157153460520600,93,200.73,312.09,174.35,85.17,1,1,1.000000
1724157153460520600,94,93.06,94.62,73.44,61.28,1,1,1.000000
1724157153460520600,95,107.02,2.61,148.13,90.12,1,1,1.000000
1724157153460520600,80,510.47,1.63,253.12,82.01,1,1,1.000000
1724157153460520600,78,35.93,293.28,105.37,135.50,1,1,1.000000
1724157153460520600,104,0.74,250.89,72.26,83.06,1,1,1.000000
1724157153460520600,107,13.09,45.75,69.23,63.78,1,1,1.000000
1724157153460520600,83,173.79,90.97,52.23,59.06,1,1,1.000000
1724157153460520600,73,234.27,129.09,55.61,70.46,1,1,1.000000
1724157153460520600,72,58.43,159.65,188.63,68.59,1,1,1.000000
1724157153460520600,112,1.74,155.86,132.28,81.58,1,1,1.000000
1724157153491078100,58,185.07,440.31,220.89,82.23,1,1,1.000000
1724157153491078100,60,1125.02,514.59,155.22,100.95,1,1,1.000000
1724157153491078100,64,121.54,224.34,66.06,76.56,1,1,1.000000
1724157153491078100,69,242.20,199.62,222.36,93.67,1,1,1.000000
1724157153491078100,71,419.86,81.60,229.30,91.66,1,1,1.000000
1724157153491078100,74,882.02,302.89,255.62,167.01,1,1,1.000000
1724157153491078100,77,317.60,275.00,216.47,66.76,1,1,1.000000
1724157153491078100,76,277.21,387.48,235.57,95.69,1,1,1.000000
1724157153491078100,51,600.27,402.01,215.89,111.38,1,1,1.000000
1724157153491078100,75,666.31,100.75,205.57,91.21,1,1,1.000000
1724157153491078100,89,0.13,483.44,151.04,107.88,1,1,1.000000
1724157153491078100,90,72.24,384.38,191.18,93.35,1,1,1.000000
1724157153491078100,93,203.14,317.36,172.48,74.21,1,1,1.000000
1724157153491078100,94,91.36,93.60,75.98,66.38,1,1,1.000000
1724157153491078100,95,107.32,1.59,141.89,92.72,1,1,1.000000
1724157153491078100,80,536.06,0.00,264.07,67.61,1,1,1.000000
1724157153491078100,78,24.94,292.57,117.91,142.14,1,1,1.000000
1724157153491078100,104,0.83,252.79,73.72,80.59,1,1,1.000000
1724157153491078100,107,10.27,44.14,72.19,65.39,1,1,1.000000
1724157153491078100,83,173.06,95.21,51.93,57.06,1,1,1.000000
1724157153491078100,73,231.82,131.80,56.25,69.93,1,1,1.000000
1724157153491078100,72,72.99,164.90,182.00,59.97,1,1,1.000000
1724157153491078100,112,1.41,150.59,147.58,91.10,1,1,1.000000
1724157153491078100,115,583.69,24.74,158.95,61.13,1,1,1.000000
1724157153537350800,58,186.25,442.21,219.99,83.52,1,1,1.000000
1724157153537350800,60,1147.65,521.05,131.71,93.80,1,1,1.000000
1724157153537350800,64,119.16,227.58,65.47,72.78,1,1,1.000000
1724157153537350800,69,250.37,204.01,213.87,85.12,1,1,1.000000
1724157153537350800,71,434.35,89.15,223.31,85.13,1,1,1.000000
1724157153537350800,74,889.89,306.86,262.76,175.46,1,1,1.000000
1724157153537350800,77,316.14,279.56,218.66,61.61,1,1,1.000000
1724157153537350800,76,278.80,391.50,230.80,94.19,1,1,1.000000
1724157153537350800,51,609.09,404.03,216.94,110.41,1,1,1.000000
1724157153537350800,75,677.34,102.03,203.91,97.46,1,1,1.000000
1724157153537350800,89,0.00,488.77,160.02,95.82,1,1,1.000000
1724157153537350800,90,71.67,386.15,191.85,94.55,1,1,1.000000
1724157153537350800,93,193.07,318.32,186.22,73.34,1,1,1.000000
1724157153537350800,94,80.01,94.30,84.75,64.49,1,1,1.000000
1724157153537350800,95,102.37,2.94,144.67,100.77,1,1,1.000000
1724157153537350800,80,545.20,0.05,270.49,77.21,1,1,1.000000
1724157153537350800,78,20.72,293.84,115.51,139.41,1,1,1.000000
1724157153537350800,104,1.06,255.90,65.16,82.76,1,1,1.000000
1724157153537350800,107,2.40,44.54,77.39,67.31,1,1,1.000000
1724157153537350800,83,169.76,102.59,51.22,54.05,1,1,1.000000
1724157153537350800,73,227.00,132.43,54.87,62.49,1,1,1.000000
1724157153537350800,72,74.87,157.93,185.70,64.78,1,1,1.000000
1724157153537350800,112,1.00,152.17,156.38,90.54,1,1,1.000000
1724157153537350800,115,570.09,28.72,175.62,57.63,1,1,1.000000
1724157153537350800,98,224.42,215.55,45.22,78.09,1,1,1.000000
1724157153570125300,58,189.70,442.39,219.63,89.72,1,1,1.000000
1724157153570125300,60,1168.80,531.08,111.38,74.23,1,1,1.000000
1724157153570125300,64,116.85,232.43,67.25,69.76,1,1,1.000000
1724157153570125300,69,247.47,204.96,216.81,89.08,1,1,1.000000
1724157153570125300,71,447.15,92.13,224.18,83.55,1,1,1.000000
1724157153570125300,74,902.15,315.93,266.66,176.34,1,1,1.000000
1724157153570125300,77,311.33,280.17,227.35,62.64,1,1,1.000000
1724157153570125300,76,280.31,389.48,234.79,97.78,1,1,1.000000
1724157153570125300,51,616.54,406.14,221.08,113.32,1,1,1.000000
1724157153570125300,75,690.53,105.54,202.03,101.14,1,1,1.000000
1724157153570125300,89,0.00,489.17,162.62,100.37,1,1,1.000000
1724157153570125300,90,71.40,387.94,186.62,99.06,1,1,1.000000
1724157153570125300,93,188.72,320.52,192.61,72.75,1,1,1.000000
1724157153570125300,94,69.88,98.63,87.40,59.19,1,1,1.000000
1724157153570125300,95,100.96,4.01,143.68,104.20,1,1,1.000000
1724157153570125300,80,554.61,0.27,271.91,84.25,1,1,1.000000
1724157153570125300,78,18.93,295.50,119.98,134.61,1,1,1.000000
1724157153570125300,104,1.03,256.42,60.13,83.30,1,1,1.000000
1724157153570125300,107,1.60,46.58,72.94,72.48,1,1,1.000000
1724157153570125300,83,165.08,95.17,52.53,57.16,1,1,1.000000
1724157153570125300,73,222.47,133.76,55.35,63.50,1,1,1.000000
1724157153570125300,72,75.42,159.58,192.19,68.74,1,1,1.000000
1724157153570125300,112,1.20,158.38,170.53,88.35,1,1,1.000000
1724157153570125300,115,556.83,19.45,189.59,68.43,1,1,1.000000
1724157153570125300,98,217.50,214.86,46.79,86.10,1,1,1.000000
1724157153614691600,58,190.81,441.12,222.16,92.32,1,1,1.000000
1724157153614691600,60,1193.30,537.82,86.44,66.90,1,1,1.000000
1724157153614691600,64,119.17,238.36,63.64,65.13,1,1,1.000000
1724157153614691600,69,235.63,205.34,234.47,90.49,1,1,1.000000
1724157153614691600,71,460.74,95.76,220.73,82.41,1,1,1.000000
1724157153614691600,74,911.84,322.26,280.34,183.18,1,1,1.000000
1724157153614691600,77,314.80,284.18,225.99,61.79,1,1,1.000000
1724157153614691600,76,285.25,393.81,234.47,95.34,1,1,1.000000
1724157153614691600,51,626.32,404.32,228.07,120.63,1,1,1.000000
1724157153614691600,75,706.52,109.13,199.05,104.56,1,1,1.000000
1724157153614691600,89,0.00,491.12,169.34,99.96,1,1,1.000000
1724157153614691600,90,67.48,390.44,189.61,102.30,1,1,1.000000
1724157153614691600,93,172.10,321.52,211.44,89.50,1,1,1.000000
1724157153614691600,94,65.08,98.42,85.84,66.46,1,1,1.000000
1724157153614691600,95,96.72,11.47,143.83,95.76,1,1,1.000000
1724157153614691600,80,560.46,0.20,278.88,83.99,1,1,1.000000
1724157153614691600,78,16.74,298.16,117.65,139.32,1,1,1.000000
1724157153614691600,104,0.89,257.82,58.33,83.82,1,1,1.000000
1724157153614691600,107,1.03,49.18,71.56,80.14,1,1,1.000000
1724157153614691600,83,155.35,94.63,60.48,73.65,1,1,1.000000
1724157153614691600,73,222.57,137.35,51.33,59.58,1,1,1.000000
1724157153614691600,72,80.41,161.50,183.26,64.06,1,1,1.000000
1724157153614691600,112,1.22,160.67,181.65,86.83,1,1,1.000000
1724157153614691600,115,560.16,18.43,182.27,72.45,1,1,1.000000
1724157153614691600,98,218.54,209.54,55.28,90.56,1,1,1.000000
1724157153661738700,58,197.32,441.74,215.30,91.87,1,1,1.000000
1724157153661738700,60,1217.08,549.34,62.93,59.64,1,1,1.000000
1724157153661738700,64,126.29,238.78,55.86,66.23,1,1,1.000000
1724157153661738700,69,257.22,207.18,216.07,68.00,1,1,1.000000
1724157153661738700,71,477.31,96.14,217.18,86.63,1,1,1.000000
1724157153661738700,74,924.41,317.36,290.74,203.46,1,1,1.000000
1724157153661738700,77,322.01,288.16,223.23,60.12,1,1,1.000000
1724157153661738700,76,287.20,395.88,233.32,95.01,1,1,1.000000
1724157153661738700,51,639.73,413.07,226.54,116.43,1,1,1.000000
1724157153661738700,75,718.57,113.58,199.44,105.34,1,1,1.000000
1724157153661738700,89,0.00,490.59,174.14,100.05,1,1,1.000000
1724157153661738700,90,68.31,393.56,188.56,102.27,1,1,1.000000
1724157153661738700,93,170.85,321.43,214.80,91.11,1,1,1.000000
1724157153661738700,94,59.53,94.41,92.50,71.39,1,1,1.000000
1724157153661738700,95,97.45,14.57,143.55,93.94,1,1,1.000000
1724157153661738700,80,494.40,0.49,360.93,90.64,1,1,1.000000
1724157153661738700,78,14.53,299.40,121.14,143.27,1,1,1.000000
1724157153661738700,104,0.76,259.84,56.34,81.08,1,1,1.000000
1724157153661738700,107,1.21,51.29,68.00,83.42,1,1,1.000000
1724157153661738700,83,145.89,95.39,64.61,74.77,1,1,1.000000
1724157153661738700,73,205.51,139.81,71.61,62.99,1,1,1.000000
1724157153661738700,112,0.93,165.52,197.56,82.96,1,1,1.000000
1724157153661738700,115,563.89,12.00,188.69,83.47,1,1,1.000000
1724157153661738700,98,214.60,201.13,47.96,100.31,1,1,1.000000
1724157153689907400,58,203.90,441.96,212.40,95.74,1,1,1.000000
1724157153689907400,60,1234.19,555.75,45.57,54.20,1,1,1.000000
1724157153689907400,64,125.20,233.87,85.94,72.62,1,1,1.000000
1724157153689907400,69,249.46,206.83,225.21,72.08,1,1,1.000000
1724157153689907400,71,488.21,100.17,218.31,84.74,1,1,1.000000
1724157153689907400,74,946.72,340.80,292.13,189.65,1,1,1.000000
1724157153689907400,77,322.57,286.42,226.85,67.21,1,1,1.000000
1724157153689907400,76,287.12,406.71,240.09,87.55,1,1,1.000000
1724157153689907400,51,651.32,416.49,231.13,117.16,1,1,1.000000
1724157153689907400,75,731.84,119.74,198.83,108.08,1,1,1.000000
1724157153689907400,89,0.00,495.90,172.81,99.37,1,1,1.000000
1724157153689907400,90,65.62,392.63,190.62,106.57,1,1,1.000000
1724157153689907400,93,176.30,322.60,215.76,85.19,1,1,1.000000
1724157153689907400,94,49.99,103.84,98.08,63.88,1,1,1.000000
1724157153689907400,95,96.29,13.05,142.35,94.94,1,1,1.000000
1724157153689907400,80,511.68,0.66,356.96,94.88,1,1,1.000000
1724157153689907400,78,9.51,302.98,129.17,143.06,1,1,1.000000
1724157153689907400,104,0.82,261.48,55.25,83.61,1,1,1.000000
1724157153689907400,107,1.23,54.64,68.36,77.53,1,1,1.000000
1724157153689907400,83,154.17,96.53,58.30,72.29,1,1,1.000000
1724157153689907400,73,204.27,139.44,71.82,64.56,1,1,1.000000
1724157153689907400,112,0.57,157.17,226.78,97.29,1,1,1.000000
1724157153689907400,115,571.88,17.97,180.42,79.79,1,1,1.000000
1724157153735928100,58,212.37,441.41,216.02,99.72,1,1,1.000000
1724157153735928100,64,128.50,256.84,57.88,48.81,1,1,1.000000
1724157153735928100,69,255.07,210.04,227.71,67.00,1,1,1.000000
1724157153735928100,71,513.88,111.19,216.41,80.58,1,1,1.000000
1724157153735928100,74,970.83,349.72,309.31,203.49,1,1,1.000000
1724157153735928100,77,339.90,286.19,216.60,66.41,1,1,1.000000
1724157153735928100,76,291.83,406.70,244.12,95.66,1,1,1.000000
1724157153735928100,51,663.27,431.05,245.06,114.15,1,1,1.000000
1724157153735928100,75,750.99,125.62,203.46,110.71,1,1,1.000000
1724157153735928100,89,0.00,499.02,182.71,101.57,1,1,1.000000
1724157153735928100,90,61.73,391.90,196.52,107.87,1,1,1.000000
1724157153735928100,93,183.74,326.18,222.57,73.86,1,1,1.000000
1724157153735928100,94,56.39,106.26,91.30,64.33,1,1,1.000000
1724157153735928100,95,92.70,14.30,143.41,96.03,1,1,1.000000
1724157153735928100,80,558.01,0.35,344.51,109.52,1,1,1.000000
1724157153735928100,78,9.16,305.16,133.95,135.48,1,1,1.000000
1724157153735928100,104,0.57,261.86,51.70,82.12,1,1,1.000000
1724157153735928100,107,0.94,58.23,67.70,57.90,1,1,1.000000
1724157153735928100,83,159.25,99.84,51.34,63.47,1,1,1.000000
1724157153735928100,73,212.99,142.69,61.87,61.41,1,1,1.000000
1724157153735928100,112,0.00,153.81,238.73,113.34,1,1,1.000000
1724157153735928100,115,575.32,24.66,165.82,72.02,1,1,1.000000
1724157153782080300,58,214.59,436.56,219.14,108.56,1,1,1.000000
1724157153782080300,69,257.15,211.60,225.84,62.99,1,1,1.000000
1724157153782080300,71,516.38,112.66,227.52,81.09,1,1,1.000000
1724157153782080300,74,993.96,365.87,286.28,196.59,1,1,1.000000
1724157153782080300,77,339.39,283.48,222.70,69.65,1,1,1.000000
1724157153782080300,76,292.13,411.09,246.06,96.36,1,1,1.000000
1724157153782080300,51,666.34,433.43,252.94,113.62,1,1,1.000000
1724157153782080300,75,769.99,133.48,199.87,113.36,1,1,1.000000
1724157153782080300,89,0.00,506.99,182.06,91.22,1,1,1.000000
1724157153782080300,90,61.79,394.22,199.93,103.57,1,1,1.000000
1724157153782080300,93,174.67,328.05,235.14,60.31,1,1,1.000000
1724157153782080300,94,45.73,114.52,103.50,52.72,1,1,1.000000
1724157153782080300,95,92.13,14.65,143.15,93.50,1,1,1.000000
1724157153782080300,80,582.87,0.75,338.57,116.48,1,1,1.000000
1724157153782080300,78,7.24,307.11,137.74,133.97,1,1,1.000000
1724157153782080300,104,0.34,262.83,51.28,80.38,1,1,1.000000
1724157153782080300,107,0.36,54.30,67.55,59.85,1,1,1.000000
1724157153782080300,83,163.89,99.71,45.94,56.71,1,1,1.000000
1724157153782080300,73,213.23,142.73,61.46,62.69,1,1,1.000000
1724157153782080300,112,0.00,157.24,244.68,112.04,1,1,1.000000
1724157153782080300,115,580.32,28.59,177.08,70.68,1,1,1.000000
1724157153812822000,58,214.59,436.56,219.14,108.56,1,1,1.000000
1724157153812822000,69,257.15,211.60,225.84,62.99,1,1,1.000000
1724157153812822000,71,516.38,112.66,227.52,81.09,1,1,1.000000
1724157153812822000,74,993.96,365.87,286.28,196.59,1,1,1.000000
1724157153812822000,77,339.39,283.48,222.70,69.65,1,1,1.000000
1724157153812822000,76,292.13,411.09,246.06,96.36,1,1,1.000000
1724157153812822000,51,666.34,433.43,252.94,113.62,1,1,1.000000
1724157153812822000,75,769.99,133.48,199.87,113.36,1,1,1.000000
1724157153812822000,89,0.00,506.99,182.06,91.22,1,1,1.000000
1724157153812822000,90,61.79,394.22,199.93,103.57,1,1,1.000000
1724157153812822000,93,174.67,328.05,235.14,60.31,1,1,1.000000
1724157153812822000,94,45.73,114.52,103.50,52.72,1,1,1.000000
1724157153812822000,95,92.13,14.65,143.15,93.50,1,1,1.000000
1724157153812822000,80,582.87,0.75,338.57,116.48,1,1,1.000000
1724157153812822000,78,7.24,307.11,137.74,133.97,1,1,1.000000
1724157153812822000,104,0.34,262.83,51.28,80.38,1,1,1.000000
1724157153812822000,107,0.36,54.30,67.55,59.85,1,1,1.000000
1724157153812822000,83,163.89,99.71,45.94,56.71,1,1,1.000000
1724157153812822000,73,213.23,142.73,61.46,62.69,1,1,1.000000
1724157153812822000,112,0.00,157.24,244.68,112.04,1,1,1.000000
1724157153812822000,115,580.32,28.59,177.08,70.68,1,1,1.000000
1724157153857586900,58,224.50,444.86,212.43,99.70,1,1,1.000000
1724157153857586900,69,261.31,210.50,230.59,63.96,1,1,1.000000
1724157153857586900,71,521.59,117.03,236.08,81.66,1,1,1.000000
1724157153857586900,74,1011.36,367.09,268.38,202.73,1,1,1.000000
1724157153857586900,77,352.01,286.66,214.74,69.96,1,1,1.000000
1724157153857586900,76,302.65,415.79,237.93,91.50,1,1,1.000000
1724157153857586900,51,676.54,444.72,260.46,111.22,1,1,1.000000
1724157153857586900,75,776.31,141.96,207.08,108.77,1,1,1.000000
1724157153857586900,89,0.00,503.25,182.18,94.41,1,1,1.000000
1724157153857586900,90,61.63,394.39,198.24,106.00,1,1,1.000000
1724157153857586900,93,174.95,331.91,232.80,56.02,1,1,1.000000
1724157153857586900,94,52.82,112.19,95.83,58.56,1,1,1.000000
1724157153857586900,95,95.64,16.10,142.09,92.53,1,1,1.000000
1724157153857586900,80,589.64,0.68,349.23,124.46,1,1,1.000000
1724157153857586900,78,5.04,305.99,140.16,135.95,1,1,1.000000
1724157153857586900,104,0.59,264.43,53.03,79.31,1,1,1.000000
1724157153857586900,107,0.80,60.58,67.35,56.45,1,1,1.000000
1724157153857586900,83,165.21,102.45,47.62,56.10,1,1,1.000000
1724157153857586900,73,210.02,144.35,63.87,58.90,1,1,1.000000
1724157153857586900,112,0.17,163.02,259.71,107.72,1,1,1.000000
1724157153857586900,115,591.05,35.77,164.40,64.23,1,1,1.000000
1724157153891712300,58,228.94,448.76,209.79,96.79,1,1,1.000000
1724157153891712300,69,264.32,208.53,231.24,60.38,1,1,1.000000
1724157153891712300,71,532.22,120.21,236.06,82.10,1,1,1.000000
1724157153891712300,74,1024.22,378.40,255.77,193.88,1,1,1.000000
1724157153891712300,77,357.57,286.45,218.86,71.73,1,1,1.000000
1724157153891712300,76,309.42,421.96,238.28,91.29,1,1,1.000000
1724157153891712300,51,685.45,451.70,265.00,111.55,1,1,1.000000
1724157153891712300,75,786.59,143.56,212.12,111.48,1,1,1.000000
1724157153891712300,89,0.22,502.99,186.95,92.30,1,1,1.000000
1724157153891712300,90,63.65,394.06,200.27,107.17,1,1,1.000000
1724157153891712300,93,179.71,333.06,227.72,53.45,1,1,1.000000
1724157153891712300,94,51.68,111.83,97.02,61.62,1,1,1.000000
1724157153891712300,95,87.23,17.41,155.82,95.50,1,1,1.000000
1724157153891712300,80,604.61,0.55,348.55,131.08,1,1,1.000000
1724157153891712300,78,2.76,306.19,140.29,140.83,1,1,1.000000
1724157153891712300,104,0.51,264.86,52.18,79.83,1,1,1.000000
1724157153891712300,107,0.96,62.85,67.95,60.32,1,1,1.000000
1724157153891712300,83,162.24,102.14,51.78,60.95,1,1,1.000000
1724157153891712300,73,208.37,145.79,68.64,63.67,1,1,1.000000
1724157153891712300,112,0.17,159.85,276.11,114.60,1,1,1.000000
1724157153891712300,115,596.48,23.53,169.53,80.30,1,1,1.000000
1724157153943152200,58,246.36,449.06,198.75,102.73,1,1,1.000000
1724157153943152200,69,297.76,209.30,202.90,58.75,1,1,1.000000
1724157153943152200,71,561.65,123.45,239.94,84.74,1,1,1.000000
1724157153943152200,74,1037.02,387.10,242.96,193.93,1,1,1.000000
1724157153943152200,77,370.44,285.58,212.46,77.73,1,1,1.000000
1724157153943152200,76,321.58,430.79,233.01,84.43,1,1,1.000000
1724157153943152200,51,711.04,464.18,275.74,112.95,1,1,1.000000
1724157153943152200,75,812.26,150.91,214.11,117.74,1,1,1.000000
1724157153943152200,89,0.22,503.91,188.19,76.14,1,1,1.000000
1724157153943152200,90,66.62,390.83,202.76,101.70,1,1,1.000000
1724157153943152200,93,187.36,335.85,233.99,48.20,1,1,1.000000
1724157153943152200,94,49.16,111.46,100.45,63.57,1,1,1.000000
1724157153943152200,95,96.62,21.42,143.57,93.74,1,1,1.000000
1724157153943152200,80,660.52,0.43,330.62,146.03,1,1,1.000000
1724157153943152200,78,2.84,307.69,136.22,140.37,1,1,1.000000
1724157153943152200,104,0.82,265.21,52.44,87.32,1,1,1.000000
1724157153943152200,107,0.88,66.86,68.33,55.27,1,1,1.000000
1724157153943152200,83,160.69,103.99,56.31,58.71,1,1,1.000000
1724157153943152200,73,208.74,151.60,70.86,59.08,1,1,1.000000
1724157153943152200,112,0.30,170.71,318.88,113.62,1,1,1.000000
1724157153943152200,115,605.71,26.83,148.42,69.15,1,1,1.000000
1724157153981471900,58,241.75,445.19,204.08,107.19,1,1,1.000000
1724157153981471900,69,309.52,209.04,191.74,59.59,1,1,1.000000
1724157153981471900,71,578.50,124.67,235.79,84.18,1,1,1.000000
1724157153981471900,74,1034.62,388.71,245.42,194.00,1,1,1.000000
1724157153981471900,77,374.49,286.05,213.18,74.16,1,1,1.000000
1724157153981471900,76,329.79,431.43,228.77,84.86,1,1,1.000000
1724157153981471900,51,727.32,461.63,275.64,120.48,1,1,1.000000
1724157153981471900,75,822.11,153.31,218.26,122.86,1,1,1.000000
1724157153981471900,89,0.17,505.54,186.85,68.50,1,1,1.000000
1724157153981471900,90,75.61,389.48,193.25,108.91,1,1,1.000000
1724157153981471900,93,190.98,337.82,229.34,44.69,1,1,1.000000
1724157153981471900,94,55.34,111.68,95.88,65.67,1,1,1.000000
1724157153981471900,95,96.17,19.18,143.17,96.54,1,1,1.000000
1724157153981471900,80,678.80,3.59,334.39,147.93,1,1,1.000000
1724157153981471900,78,2.74,307.13,133.69,138.14,1,1,1.000000
1724157153981471900,104,0.60,267.46,50.70,90.37,1,1,1.000000
1724157153981471900,107,0.65,67.46,69.73,55.38,1,1,1.000000
1724157153981471900,83,162.24,104.52,60.74,60.75,1,1,1.000000
1724157153981471900,73,205.95,149.32,74.15,60.63,1,1,1.000000
1724157153981471900,112,0.00,178.09,333.51,109.53,1,1,1.000000
1724157153981471900,115,613.35,28.85,147.48,69.23,1,1,1.000000
1724157154010161800,58,238.42,452.25,209.69,102.65,1,1,1.000000
1724157154010161800,69,329.99,208.94,175.92,59.10,1,1,1.000000
1724157154010161800,71,594.88,129.90,231.47,81.20,1,1,1.000000
1724157154010161800,74,1043.57,397.76,236.23,186.03,1,1,1.000000
1724157154010161800,77,383.38,286.24,206.73,75.57,1,1,1.000000
1724157154010161800,76,335.63,432.57,228.71,88.37,1,1,1.000000
1724157154010161800,51,742.53,470.74,277.01,118.06,1,1,1.000000
1724157154010161800,75,832.24,160.69,224.80,120.82,1,1,1.000000
1724157154010161800,89,0.23,503.19,189.14,70.38,1,1,1.000000
1724157154010161800,90,77.75,391.51,190.21,105.50,1,1,1.000000
1724157154010161800,93,198.87,337.65,221.11,46.64,1,1,1.000000
1724157154010161800,94,53.15,109.97,97.82,66.08,1,1,1.000000
1724157154010161800,95,96.11,19.10,141.56,94.86,1,1,1.000000
1724157154010161800,80,700.90,5.65,332.35,152.10,1,1,1.000000
1724157154010161800,78,4.58,306.27,130.17,134.30,1,1,1.000000
1724157154010161800,104,0.80,267.29,52.01,94.17,1,1,1.000000
1724157154010161800,107,1.39,64.24,70.18,60.05,1,1,1.000000
1724157154010161800,83,157.65,105.17,60.40,61.74,1,1,1.000000
1724157154010161800,73,197.06,151.01,82.39,57.64,1,1,1.000000
1724157154010161800,112,0.00,176.88,358.90,109.10,1,1,1.000000
1724157154010161800,115,620.04,31.02,153.68,69.58,1,1,1.000000
1724157154058162100,58,243.10,447.66,205.95,112.06,1,1,1.000000
1724157154058162100,69,327.95,208.60,179.71,60.53,1,1,1.000000
1724157154058162100,71,609.26,132.94,235.63,79.45,1,1,1.000000
1724157154058162100,74,1055.23,405.84,225.24,176.84,1,1,1.000000
1724157154058162100,77,388.76,283.25,208.51,81.33,1,1,1.000000
1724157154058162100,76,345.60,430.40,224.36,92.72,1,1,1.000000
1724157154058162100,51,749.59,467.57,283.60,124.94,1,1,1.000000
1724157154058162100,75,838.71,165.88,232.44,122.71,1,1,1.000000
1724157154058162100,89,0.32,501.21,190.46,74.95,1,1,1.000000
1724157154058162100,90,80.21,392.80,188.35,104.88,1,1,1.000000
1724157154058162100,93,206.36,338.78,212.64,43.97,1,1,1.000000
1724157154058162100,94,55.48,110.80,90.68,63.74,1,1,1.000000
1724157154058162100,95,97.37,18.38,136.63,93.12,1,1,1.000000
1724157154058162100,80,709.61,1.79,334.26,162.89,1,1,1.000000
1724157154058162100,78,9.76,306.29,127.29,124.54,1,1,1.000000
1724157154058162100,104,0.60,268.96,51.55,94.09,1,1,1.000000
1724157154058162100,107,1.23,68.05,68.67,57.81,1,1,1.000000
1724157154058162100,83,153.06,110.16,58.30,61.34,1,1,1.000000
1724157154058162100,73,210.39,151.54,73.51,60.26,1,1,1.000000
1724157154058162100,112,1.23,171.10,375.87,116.60,1,1,1.000000
1724157154058162100,115,628.29,34.77,150.38,66.58,1,1,1.000000
1724157154088196300,58,241.63,452.41,208.30,113.30,1,1,1.000000
1724157154088196300,69,337.86,208.62,174.18,62.03,1,1,1.000000
1724157154088196300,71,622.20,136.40,240.94,81.21,1,1,1.000000
1724157154088196300,74,1074.26,417.29,205.91,164.01,1,1,1.000000
1724157154088196300,77,395.21,287.02,203.91,79.28,1,1,1.000000
1724157154088196300,76,345.86,428.33,225.54,94.10,1,1,1.000000
1724157154088196300,51,759.12,469.60,290.66,125.70,1,1,1.000000
1724157154088196300,75,855.27,171.53,230.57,121.42,1,1,1.000000
1724157154088196300,89,0.79,502.53,190.86,75.47,1,1,1.000000
1724157154088196300,90,78.54,393.41,192.41,105.86,1,1,1.000000
1724157154088196300,93,204.34,338.58,215.43,45.88,1,1,1.000000
1724157154088196300,94,52.55,112.05,88.41,59.92,1,1,1.000000
1724157154088196300,95,96.79,18.55,131.73,93.63,1,1,1.000000
1724157154088196300,80,723.03,8.74,337.86,162.32,1,1,1.000000
1724157154088196300,78,7.32,305.00,135.09,121.45,1,1,1.000000
1724157154088196300,104,0.39,270.12,50.64,93.34,1,1,1.000000
1724157154088196300,107,0.93,67.06,67.89,59.28,1,1,1.000000
1724157154088196300,83,150.53,109.94,60.29,67.82,1,1,1.000000
1724157154088196300,73,210.20,148.91,72.50,60.58,1,1,1.000000
1724157154088196300,112,13.16,173.33,377.11,116.87,1,1,1.000000
1724157154088196300,115,630.40,39.59,154.71,64.60,1,1,1.000000
1724157154134921700,58,243.68,455.16,205.67,112.03,1,1,1.000000
1724157154134921700,69,349.76,210.85,164.03,60.62,1,1,1.000000
1724157154134921700,71,636.69,137.61,243.98,81.19,1,1,1.000000
1724157154134921700,74,1082.78,426.23,197.76,162.31,1,1,1.000000
1724157154134921700,77,400.45,293.79,198.65,74.39,1,1,1.000000
1724157154134921700,76,353.57,425.15,220.73,97.62,1,1,1.000000
1724157154134921700,51,773.70,473.14,287.13,126.71,1,1,1.000000
1724157154134921700,75,866.03,176.83,232.15,121.33,1,1,1.000000
1724157154134921700,89,0.29,504.16,190.30,74.27,1,1,1.000000
1724157154134921700,90,74.14,393.61,197.11,110.17,1,1,1.000000
1724157154134921700,93,205.98,338.66,211.26,47.79,1,1,1.000000
1724157154134921700,94,47.46,112.84,90.87,58.14,1,1,1.000000
1724157154134921700,95,91.79,19.43,136.33,105.66,1,1,1.000000
1724157154134921700,80,736.37,11.79,338.38,165.54,1,1,1.000000
1724157154134921700,78,3.48,303.33,136.53,126.78,1,1,1.000000
1724157154134921700,104,0.05,271.56,45.70,95.59,1,1,1.000000
1724157154134921700,107,0.96,68.25,67.71,58.81,1,1,1.000000
1724157154134921700,83,149.30,108.40,58.42,74.07,1,1,1.000000
1724157154134921700,73,208.45,149.08,73.79,58.94,1,1,1.000000
1724157154134921700,112,24.62,189.59,385.37,101.27,1,1,1.000000
1724157154134921700,115,638.55,29.21,152.99,77.49,1,1,1.000000
1724157154134921700,120,0.42,165.94,190.24,88.05,1,1,1.000000
1724157154182429300,58,239.11,458.76,210.72,112.51,1,1,1.000000
1724157154182429300,69,363.03,210.45,150.68,63.62,1,1,1.000000
1724157154182429300,71,637.55,141.89,250.39,84.57,1,1,1.000000
1724157154182429300,74,1095.73,433.52,184.20,146.73,1,1,1.000000
1724157154182429300,77,399.52,296.74,201.22,75.32,1,1,1.000000
1724157154182429300,76,353.20,421.18,225.41,102.92,1,1,1.000000
1724157154182429300,51,783.44,475.16,292.39,132.44,1,1,1.000000
1724157154182429300,75,872.61,178.85,236.75,127.21,1,1,1.000000
1724157154182429300,89,0.17,503.08,191.49,80.98,1,1,1.000000
1724157154182429300,90,71.55,394.00,197.71,112.06,1,1,1.000000
1724157154182429300,93,208.99,337.85,205.23,52.10,1,1,1.000000
1724157154182429300,94,46.13,114.16,89.72,56.49,1,1,1.000000
1724157154182429300,95,90.18,17.29,126.27,101.42,1,1,1.000000
1724157154182429300,80,738.10,19.20,348.49,166.06,1,1,1.000000
1724157154182429300,78,1.47,304.30,132.57,124.33,1,1,1.000000
1724157154182429300,104,0.00,275.03,45.48,92.50,1,1,1.000000
1724157154182429300,107,1.00,67.55,63.62,58.09,1,1,1.000000
1724157154182429300,83,141.44,110.68,61.80,82.90,1,1,1.000000
1724157154182429300,73,206.70,156.65,73.87,51.58,1,1,1.000000
1724157154182429300,112,16.98,189.53,399.58,102.56,1,1,1.000000
1724157154182429300,115,640.66,37.26,147.66,71.19,1,1,1.000000
1724157154182429300,120,0.00,163.60,179.19,88.31,1,1,1.000000
1724157154211540000,58,240.50,463.83,210.25,109.78,1,1,1.000000
1724157154211540000,69,371.40,212.79,146.42,65.21,1,1,1.000000
1724157154211540000,71,641.80,143.44,263.53,85.21,1,1,1.000000
1724157154211540000,74,1116.64,443.59,163.39,133.89,1,1,1.000000
1724157154211540000,77,398.36,298.98,203.86,74.22,1,1,1.000000
1724157154211540000,76,358.71,421.55,225.40,104.40,1,1,1.000000
1724157154211540000,51,793.43,477.72,294.32,134.66,1,1,1.000000
1724157154211540000,75,892.81,189.98,227.54,123.10,1,1,1.000000
1724157154211540000,89,0.50,504.51,193.02,83.46,1,1,1.000000
1724157154211540000,90,77.11,396.70,193.98,105.87,1,1,1.000000
1724157154211540000,93,210.05,336.97,203.30,54.76,1,1,1.000000
1724157154211540000,94,43.00,115.92,94.78,56.25,1,1,1.000000
1724157154211540000,95,86.56,16.59,127.46,105.99,1,1,1.000000
1724157154211540000,80,756.17,30.69,349.23,160.16,1,1,1.000000
1724157154211540000,78,2.06,305.45,132.05,121.79,1,1,1.000000
1724157154211540000,104,0.42,276.78,38.40,76.32,1,1,1.000000
1724157154211540000,83,130.55,118.16,60.78,82.76,1,1,1.000000
1724157154211540000,73,199.92,156.68,81.31,51.67,1,1,1.000000
1724157154211540000,112,19.73,195.55,411.14,96.21,1,1,1.000000
1724157154211540000,115,645.81,36.44,145.11,74.45,1,1,1.000000
1724157154211540000,120,0.10,159.18,148.28,93.94,1,1,1.000000
1724157154257729900,58,240.26,466.57,211.93,109.87,1,1,1.000000
1724157154257729900,69,373.35,213.76,145.13,64.39,1,1,1.000000
1724157154257729900,71,650.22,146.31,269.37,85.14,1,1,1.000000
1724157154257729900,74,1135.86,452.47,143.73,122.89,1,1,1.000000
1724157154257729900,77,401.03,302.38,205.44,72.86,1,1,1.000000
1724157154257729900,76,361.63,421.95,227.54,105.74,1,1,1.000000
1724157154257729900,51,807.68,482.45,296.99,136.40,1,1,1.000000
1724157154257729900,75,901.08,193.63,232.45,124.67,1,1,1.000000
1724157154257729900,89,0.47,508.86,195.04,80.77,1,1,1.000000
1724157154257729900,90,79.72,395.71,192.25,108.27,1,1,1.000000
1724157154257729900,93,216.06,337.05,194.04,57.85,1,1,1.000000
1724157154257729900,94,41.90,112.64,79.56,59.35,1,1,1.000000
1724157154257729900,95,87.67,19.09,119.94,98.83,1,1,1.000000
1724157154257729900,80,781.88,34.61,339.08,166.49,1,1,1.000000
1724157154257729900,78,2.81,306.55,118.65,118.42,1,1,1.000000
1724157154257729900,104,0.66,278.81,34.55,72.45,1,1,1.000000
1724157154257729900,83,121.78,117.40,71.15,83.87,1,1,1.000000
1724157154257729900,73,194.00,157.47,89.39,56.07,1,1,1.000000
1724157154257729900,112,28.32,199.64,419.40,94.06,1,1,1.000000
1724157154257729900,115,650.42,35.21,142.35,79.03,1,1,1.000000
1724157154257729900,120,0.00,159.01,154.22,94.43,1,1,1.000000
1724157154287893400,58,243.97,468.92,212.34,109.68,1,1,1.000000
1724157154287893400,69,381.01,214.07,140.86,63.11,1,1,1.000000
1724157154287893400,71,662.60,150.30,267.25,82.91,1,1,1.000000
1724157154287893400,74,1160.53,457.21,119.25,125.11,1,1,1.000000
1724157154287893400,77,404.28,305.36,203.04,71.74,1,1,1.000000
1724157154287893400,76,366.65,424.64,225.70,106.04,1,1,1.000000
1724157154287893400,51,817.93,482.60,303.22,142.75,1,1,1.000000
1724157154287893400,75,900.75,199.42,245.66,125.17,1,1,1.000000
1724157154287893400,89,0.28,510.09,199.32,85.65,1,1,1.000000
1724157154287893400,90,81.01,393.55,190.46,117.47,1,1,1.000000
1724157154287893400,93,231.37,337.48,177.27,61.35,1,1,1.000000
1724157154287893400,94,38.44,113.02,78.92,61.68,1,1,1.000000
1724157154287893400,95,84.09,20.17,115.72,96.16,1,1,1.000000
1724157154287893400,80,791.61,37.07,344.79,168.76,1,1,1.000000
1724157154287893400,78,1.44,308.09,114.90,123.16,1,1,1.000000
1724157154287893400,83,112.29,117.92,78.35,48.87,1,1,1.000000
1724157154287893400,73,191.03,158.06,93.51,54.01,1,1,1.000000
1724157154287893400,112,40.94,201.37,421.60,97.25,1,1,1.000000
1724157154287893400,115,653.68,40.13,137.05,74.22,1,1,1.000000
1724157154287893400,120,0.00,145.99,157.37,110.93,1,1,1.000000
1724157154334273500,58,254.93,469.54,209.34,114.26,1,1,1.000000
1724157154334273500,71,696.62,158.71,283.89,85.24,1,1,1.000000
1724157154334273500,74,1220.81,485.56,58.99,81.82,1,1,1.000000
1724157154334273500,77,423.95,304.14,195.23,78.12,1,1,1.000000
1724157154334273500,76,378.98,438.24,222.23,92.76,1,1,1.000000
1724157154334273500,51,836.77,490.52,313.31,143.81,1,1,1.000000
1724157154334273500,75,949.71,213.34,224.71,124.90,1,1,1.000000
1724157154334273500,89,0.48,519.34,207.93,76.46,1,1,1.000000
1724157154334273500,90,93.39,396.31,185.81,112.38,1,1,1.000000
1724157154334273500,93,239.60,338.37,166.74,63.75,1,1,1.000000
1724157154334273500,94,40.90,111.64,72.66,73.64,1,1,1.000000
1724157154334273500,95,78.60,20.73,105.61,96.68,1,1,1.000000
1724157154334273500,80,808.44,46.95,363.68,172.75,1,1,1.000000
1724157154334273500,78,1.89,311.67,115.43,122.11,1,1,1.000000
1724157154334273500,83,107.27,111.30,77.35,76.23,1,1,1.000000
1724157154334273500,112,88.69,210.60,440.75,97.52,1,1,1.000000
1724157154334273500,115,662.70,38.42,133.91,80.99,1,1,1.000000
1724157154334273500,120,0.00,175.35,139.90,70.39,1,1,1.000000
1724157154334273500,72,185.88,157.07,106.53,52.72,1,1,1.000000
1724157154388065300,58,262.97,467.07,204.95,119.64,1,1,1.000000
1724157154388065300,71,712.20,159.93,284.22,87.10,1,1,1.000000
1724157154388065300,74,1229.98,500.60,49.85,75.69,1,1,1.000000
1724157154388065300,77,429.07,308.66,202.17,76.47,1,1,1.000000
1724157154388065300,76,386.14,442.41,217.99,97.04,1,1,1.000000
1724157154388065300,51,848.21,492.67,316.57,146.82,1,1,1.000000
1724157154388065300,75,965.40,225.60,221.94,121.13,1,1,1.000000
1724157154388065300,89,0.64,520.81,213.03,78.48,1,1,1.000000
1724157154388065300,90,98.06,397.83,181.96,110.11,1,1,1.000000
1724157154388065300,93,246.21,340.08,158.25,65.21,1,1,1.000000
1724157154388065300,94,42.99,116.66,65.60,73.32,1,1,1.000000
1724157154388065300,95,77.26,21.89,102.70,96.14,1,1,1.000000
1724157154388065300,80,826.09,53.74,364.57,172.98,1,1,1.000000
1724157154388065300,78,2.54,313.90,114.80,117.71,1,1,1.000000
1724157154388065300,83,94.25,112.20,86.11,79.79,1,1,1.000000
1724157154388065300,112,132.76,213.29,398.48,94.59,1,1,1.000000
1724157154388065300,115,672.13,41.58,129.23,79.59,1,1,1.000000
1724157154388065300,72,182.20,159.46,110.86,56.78,1,1,1.000000
1724157154412039600,58,262.97,467.07,204.95,119.64,1,1,1.000000
1724157154412039600,71,712.20,159.93,284.22,87.10,1,1,1.000000
1724157154412039600,74,1229.98,500.60,49.85,75.69,1,1,1.000000
1724157154412039600,77,429.07,308.66,202.17,76.47,1,1,1.000000
1724157154412039600,76,386.14,442.41,217.99,97.04,1,1,1.000000
1724157154412039600,51,848.21,492.67,316.57,146.82,1,1,1.000000
1724157154412039600,75,965.40,225.60,221.94,121.13,1,1,1.000000
1724157154412039600,89,0.64,520.81,213.03,78.48,1,1,1.000000
1724157154412039600,90,98.06,397.83,181.96,110.11,1,1,1.000000
1724157154412039600,93,246.21,340.08,158.25,65.21,1,1,1.000000
1724157154412039600,94,42.99,116.66,65.60,73.32,1,1,1.000000
1724157154412039600,95,77.26,21.89,102.70,96.14,1,1,1.000000
1724157154412039600,80,826.09,53.74,364.57,172.98,1,1,1.000000
1724157154412039600,78,2.54,313.90,114.80,117.71,1,1,1.000000
1724157154412039600,83,94.25,112.20,86.11,79.79,1,1,1.000000
1724157154412039600,112,132.76,213.29,398.48,94.59,1,1,1.000000
1724157154412039600,115,672.13,41.58,129.23,79.59,1,1,1.000000
1724157154412039600,72,182.20,159.46,110.86,56.78,1,1,1.000000
1724157154412039600,125,83.77,243.77,65.21,63.16,1,1,1.000000
1724157154457498300,58,274.45,473.93,206.53,115.64,1,1,1.000000
1724157154457498300,71,746.02,166.03,283.24,90.67,1,1,1.000000
1724157154457498300,77,448.22,307.71,194.52,81.57,1,1,1.000000
1724157154457498300,76,393.52,453.25,226.16,84.91,1,1,1.000000
1724157154457498300,51,871.45,500.74,329.59,144.35,1,1,1.000000
1724157154457498300,75,986.13,243.69,235.37,113.56,1,1,1.000000
1724157154457498300,89,0.24,528.24,224.56,74.69,1,1,1.000000
1724157154457498300,90,108.34,404.46,180.17,101.48,1,1,1.000000
1724157154457498300,93,259.54,338.93,148.82,71.00,1,1,1.000000
1724157154457498300,94,48.51,117.28,54.17,72.04,1,1,1.000000
1724157154457498300,95,71.68,22.21,92.87,93.11,1,1,1.000000
1724157154457498300,80,856.89,67.99,373.41,170.41,1,1,1.000000
1724157154457498300,78,3.21,316.19,112.36,115.63,1,1,1.000000
1724157154457498300,83,69.68,111.88,105.25,73.87,1,1,1.000000
1724157154457498300,112,184.10,218.45,368.07,100.91,1,1,1.000000
1724157154457498300,115,683.85,39.00,120.83,87.12,1,1,1.000000
1724157154457498300,72,175.98,159.96,122.10,56.09,1,1,1.000000
1724157154457498300,125,83.75,245.00,62.44,65.02,1,1,1.000000
1724157154457498300,120,0.34,189.39,129.84,59.50,1,1,1.000000
1724157154488948800,58,284.99,472.35,201.05,121.11,1,1,1.000000
1724157154488948800,71,762.83,166.46,291.07,96.00,1,1,1.000000
1724157154488948800,77,453.61,311.35,195.77,80.31,1,1,1.000000
1724157154488948800,76,395.41,458.75,229.64,80.40,1,1,1.000000
1724157154488948800,51,885.09,502.05,334.63,144.83,1,1,1.000000
1724157154488948800,75,1004.82,249.54,233.46,112.60,1,1,1.000000
1724157154488948800,89,0.31,529.78,227.15,75.17,1,1,1.000000
1724157154488948800,90,116.90,404.80,170.13,100.51,1,1,1.000000
1724157154488948800,93,263.93,339.55,146.27,74.10,1,1,1.000000
1724157154488948800,95,66.37,23.57,95.89,96.15,1,1,1.000000
1724157154488948800,80,870.14,72.43,372.74,172.78,1,1,1.000000
1724157154488948800,78,4.46,317.97,110.23,113.85,1,1,1.000000
1724157154488948800,83,49.66,116.21,128.84,73.07,1,1,1.000000
1724157154488948800,112,221.44,219.83,353.49,100.44,1,1,1.000000
1724157154488948800,115,693.19,46.02,114.38,80.76,1,1,1.000000
1724157154488948800,72,172.60,159.34,126.37,63.02,1,1,1.000000
1724157154488948800,125,84.66,244.86,61.21,66.21,1,1,1.000000
1724157154488948800,120,1.20,196.28,118.81,55.12,1,1,1.000000
1724157154488948800,64,177.94,234.44,49.98,91.02,1,1,1.000000
1724157154488948800,107,0.42,79.99,42.84,55.53,1,1,1.000000
1724157154535771100,58,292.12,483.77,199.71,111.50,1,1,1.000000
1724157154535771100,71,774.52,169.77,294.99,97.57,1,1,1.000000
1724157154535771100,77,468.18,318.14,192.82,75.40,1,1,1.000000
1724157154535771100,76,399.57,464.76,232.39,75.88,1,1,1.000000
1724157154535771100,51,901.33,507.13,332.86,144.86,1,1,1.000000
1724157154535771100,75,998.18,249.66,259.97,120.17,1,1,1.000000
1724157154535771100,89,0.22,532.39,231.24,76.20,1,1,1.000000
1724157154535771100,90,119.03,406.84,173.58,101.70,1,1,1.000000
1724157154535771100,93,277.15,340.23,135.04,74.55,1,1,1.000000
1724157154535771100,95,72.03,25.45,89.37,104.80,1,1,1.000000
1724157154535771100,80,884.12,78.06,377.08,172.28,1,1,1.000000
1724157154535771100,78,3.74,321.18,113.48,112.04,1,1,1.000000
1724157154535771100,83,70.78,119.95,101.41,68.65,1,1,1.000000
1724157154535771100,112,254.17,222.43,341.01,100.09,1,1,1.000000
1724157154535771100,115,698.39,47.83,112.28,79.37,1,1,1.000000
1724157154535771100,72,170.19,160.38,130.55,63.38,1,1,1.000000
1724157154535771100,125,91.23,248.27,54.45,64.83,1,1,1.000000
1724157154535771100,120,1.56,198.45,142.73,112.08,1,1,1.000000
1724157154535771100,64,179.99,236.92,47.84,92.43,1,1,1.000000
1724157154535771100,107,0.51,79.86,43.14,63.12,1,1,1.000000
1724157154535771100,94,48.89,118.62,54.38,70.43,1,1,1.000000
1724157154579146400,58,295.27,476.46,201.53,121.01,1,1,1.000000
1724157154579146400,71,783.47,172.77,304.73,100.12,1,1,1.000000
1724157154579146400,77,476.52,316.78,190.18,79.83,1,1,1.000000
1724157154579146400,76,407.76,474.12,233.11,69.47,1,1,1.000000
1724157154579146400,51,918.44,508.24,335.15,149.22,1,1,1.000000
1724157154579146400,75,1019.94,263.21,257.83,108.41,1,1,1.000000
1724157154579146400,89,0.48,535.17,235.87,74.15,1,1,1.000000
1724157154579146400,90,122.15,411.24,176.56,96.81,1,1,1.000000
1724157154579146400,93,283.19,339.10,135.17,79.43,1,1,1.000000
1724157154579146400,95,70.71,27.97,89.71,101.22,1,1,1.000000
1724157154579146400,80,902.12,88.10,376.90,166.55,1,1,1.000000
1724157154579146400,78,3.81,322.89,116.86,113.48,1,1,1.000000
1724157154579146400,83,73.78,117.83,98.21,73.98,1,1,1.000000
1724157154579146400,112,265.66,223.89,345.65,99.33,1,1,1.000000
1724157154579146400,115,705.51,42.88,110.38,86.58,1,1,1.000000
1724157154579146400,72,169.87,160.00,131.85,73.47,1,1,1.000000
1724157154579146400,125,94.60,248.14,53.20,66.94,1,1,1.000000
1724157154579146400,120,0.64,207.55,99.65,41.01,1,1,1.000000
1724157154579146400,64,180.43,239.82,47.61,89.78,1,1,1.000000
1724157154579146400,107,0.45,81.88,45.12,59.89,1,1,1.000000
1724157154579146400,94,49.69,120.03,54.13,72.87,1,1,1.000000
1724157154579146400,104,0.95,293.02,30.39,60.79,1,1,1.000000
1724157154609509300,58,299.39,476.52,202.81,123.16,1,1,1.000000
1724157154609509300,71,795.90,175.82,316.73,102.61,1,1,1.000000
1724157154609509300,77,483.09,324.07,190.44,75.37,1,1,1.000000
1724157154609509300,76,410.03,477.34,238.45,68.10,1,1,1.000000
1724157154609509300,51,932.36,513.61,338.51,147.64,1,1,1.000000
1724157154609509300,75,1035.92,266.24,242.09,112.39,1,1,1.000000
1724157154609509300,89,0.47,540.52,240.10,73.56,1,1,1.000000
1724157154609509300,90,128.02,410.76,175.51,93.18,1,1,1.000000
1724157154609509300,93,290.24,339.53,130.93,82.74,1,1,1.000000
1724157154609509300,95,70.21,30.13,77.91,96.79,1,1,1.000000
1724157154609509300,80,915.32,98.21,364.84,160.65,1,1,1.000000
1724157154609509300,78,3.52,325.03,115.64,112.74,1,1,1.000000
1724157154609509300,83,61.65,118.34,107.98,76.97,1,1,1.000000
1724157154609509300,112,280.71,223.76,346.10,103.60,1,1,1.000000
1724157154609509300,115,712.33,47.58,105.05,84.49,1,1,1.000000
1724157154609509300,72,161.73,161.77,140.79,69.23,1,1,1.000000
1724157154609509300,125,92.08,251.56,60.40,67.46,1,1,1.000000
1724157154609509300,120,0.59,206.58,85.23,49.79,1,1,1.000000
1724157154609509300,64,182.04,240.61,48.41,93.26,1,1,1.000000
1724157154609509300,107,0.21,87.13,47.53,58.26,1,1,1.000000
1724157154656900100,58,309.09,483.23,198.06,121.47,1,1,1.000000
1724157154656900100,71,811.37,178.40,323.46,107.17,1,1,1.000000
1724157154656900100,77,489.16,327.90,194.76,75.38,1,1,1.000000
1724157154656900100,76,418.57,483.42,238.46,63.73,1,1,1.000000
1724157154656900100,51,953.02,513.92,326.18,151.42,1,1,1.000000
1724157154656900100,75,1045.82,263.53,234.18,118.41,1,1,1.000000
1724157154656900100,89,0.37,540.75,244.75,77.37,1,1,1.000000
1724157154656900100,90,137.49,413.55,167.17,74.91,1,1,1.000000
1724157154656900100,93,293.29,339.07,132.87,87.22,1,1,1.000000
1724157154656900100,95,70.47,33.25,79.38,100.14,1,1,1.000000
1724157154656900100,80,930.76,103.44,349.35,157.37,1,1,1.000000
1724157154656900100,78,5.18,326.66,121.55,113.18,1,1,1.000000
1724157154656900100,83,80.48,121.45,87.86,73.07,1,1,1.000000
1724157154656900100,112,294.75,230.18,354.97,98.76,1,1,1.000000
1724157154656900100,115,717.72,50.24,105.07,84.60,1,1,1.000000
1724157154656900100,72,162.39,165.00,142.52,67.80,1,1,1.000000
1724157154656900100,125,93.59,254.93,58.54,65.94,1,1,1.000000
1724157154656900100,120,0.62,206.07,78.38,50.07,1,1,1.000000
1724157154656900100,64,183.15,239.78,49.43,100.51,1,1,1.000000
1724157154656900100,107,0.20,86.69,47.67,62.07,1,1,1.000000
1724157154656900100,94,53.81,120.20,52.57,68.98,1,1,1.000000
1724157154656900100,104,0.95,299.71,30.42,60.02,1,1,1.000000
1724157154687626800,58,318.35,491.42,194.67,115.49,1,1,1.000000
1724157154687626800,71,829.74,179.09,333.77,114.22,1,1,1.000000
1724157154687626800,77,492.94,328.07,201.14,79.32,1,1,1.000000
1724157154687626800,76,424.82,485.85,240.44,63.35,1,1,1.000000
1724157154687626800,51,965.43,524.81,314.62,146.44,1,1,1.000000
1724157154687626800,75,1073.82,276.78,205.40,106.98,1,1,1.000000
1724157154687626800,89,0.24,543.51,245.91,78.43,1,1,1.000000
1724157154687626800,90,132.54,415.79,177.21,76.02,1,1,1.000000
1724157154687626800,93,305.64,340.25,129.83,90.25,1,1,1.000000
1724157154687626800,95,72.14,35.41,69.67,100.91,1,1,1.000000
1724157154687626800,80,950.57,110.62,328.93,153.32,1,1,1.000000
1724157154687626800,78,4.66,328.50,122.53,114.13,1,1,1.000000
1724157154687626800,83,89.46,123.53,81.28,79.18,1,1,1.000000
1724157154687626800,112,321.84,242.46,351.26,91.06,1,1,1.000000
1724157154687626800,115,726.11,47.23,101.11,87.93,1,1,1.000000
1724157154687626800,72,163.63,165.33,143.53,72.69,1,1,1.000000
1724157154687626800,125,96.15,260.48,60.01,63.92,1,1,1.000000
1724157154687626800,120,0.95,203.39,64.34,48.33,1,1,1.000000
1724157154687626800,64,185.54,242.55,50.00,99.42,1,1,1.000000
1724157154687626800,107,0.06,89.63,46.26,62.30,1,1,1.000000
1724157154687626800,126,357.70,221.61,125.93,48.92,1,1,1.000000
1724157154687626800,127,678.83,14.28,58.55,51.49,1,1,1.000000
1724157154687626800,94,55.96,126.92,48.56,66.22,1,1,1.000000
1724157154687626800,104,0.60,301.47,30.82,59.40,1,1,1.000000
1724157154732191700,58,320.68,492.47,197.60,115.53,1,1,1.000000
1724157154732191700,71,853.37,182.47,341.68,117.53,1,1,1.000000
1724157154732191700,77,494.43,324.14,207.02,87.24,1,1,1.000000
1724157154732191700,76,433.21,489.14,241.17,63.73,1,1,1.000000
1724157154732191700,51,979.70,531.64,300.93,140.28,1,1,1.000000
1724157154732191700,75,1076.55,282.49,203.05,101.89,1,1,1.000000
1724157154732191700,89,0.64,542.96,245.23,84.40,1,1,1.000000
1724157154732191700,90,129.73,421.61,183.33,76.50,1,1,1.000000
1724157154732191700,93,315.82,343.45,125.82,90.41,1,1,1.000000
1724157154732191700,95,71.92,40.62,66.27,95.06,1,1,1.000000
1724157154732191700,80,966.08,112.65,314.59,153.50,1,1,1.000000
1724157154732191700,78,6.09,331.88,128.30,115.56,1,1,1.000000
1724157154732191700,83,102.48,123.87,69.79,80.81,1,1,1.000000
1724157154732191700,112,353.20,237.31,341.13,99.20,1,1,1.000000
1724157154732191700,115,729.76,46.35,103.62,89.87,1,1,1.000000
1724157154732191700,72,163.56,169.15,147.02,67.86,1,1,1.000000
1724157154732191700,125,96.78,263.85,65.01,62.99,1,1,1.000000
1724157154732191700,120,0.92,205.23,51.25,51.57,1,1,1.000000
1724157154732191700,64,184.42,245.51,52.28,99.47,1,1,1.000000
1724157154732191700,107,0.15,94.73,46.98,59.12,1,1,1.000000
1724157154732191700,126,370.44,229.81,118.44,42.56,1,1,1.000000
1724157154732191700,127,678.87,12.42,60.73,55.94,1,1,1.000000
1724157154732191700,94,59.41,130.33,53.22,69.45,1,1,1.000000
1724157154732191700,104,0.48,306.60,33.79,63.56,1,1,1.000000
1724157154783198600,58,323.47,507.48,202.71,104.68,1,1,1.000000
1724157154783198600,71,870.15,182.07,410.42,206.79,1,1,1.000000
1724157154783198600,77,496.68,323.90,212.32,93.33,1,1,1.000000
1724157154783198600,76,443.46,490.86,237.14,65.67,1,1,1.000000
1724157154783198600,51,999.59,539.70,280.70,136.46,1,1,1.000000
1724157154783198600,89,0.16,544.15,245.10,88.92,1,1,1.000000
1724157154783198600,90,128.99,424.87,190.04,85.97,1,1,1.000000
1724157154783198600,93,323.83,343.58,126.36,95.87,1,1,1.000000
1724157154783198600,95,70.62,43.75,62.45,91.21,1,1,1.000000
1724157154783198600,80,986.00,114.78,294.95,154.90,1,1,1.000000
1724157154783198600,78,6.25,335.06,126.82,115.42,1,1,1.000000
1724157154783198600,83,114.90,122.42,59.80,78.48,1,1,1.000000
1724157154783198600,112,372.26,234.19,345.95,106.07,1,1,1.000000
1724157154783198600,115,741.25,54.97,100.27,83.23,1,1,1.000000
1724157154783198600,72,160.36,174.14,155.41,64.71,1,1,1.000000
1724157154783198600,125,97.44,264.22,63.78,62.04,1,1,1.000000
1724157154783198600,120,0.58,196.10,38.91,65.30,1,1,1.000000
1724157154783198600,64,184.87,248.59,55.92,101.94,1,1,1.000000
1724157154783198600,107,0.23,97.94,48.83,61.07,1,1,1.000000
1724157154783198600,126,373.21,233.50,137.45,49.09,1,1,1.000000
1724157154783198600,94,58.58,129.13,55.04,73.26,1,1,1.000000
1724157154783198600,104,0.45,309.09,34.09,68.40,1,1,1.000000
1724157154811556900,58,332.93,513.16,196.65,101.99,1,1,1.000000
1724157154811556900,71,894.53,182.74,380.41,143.84,1,1,1.000000
1724157154811556900,77,500.62,331.88,216.57,89.84,1,1,1.000000
1724157154811556900,76,450.75,493.42,236.45,64.21,1,1,1.000000
1724157154811556900,51,1023.08,548.07,257.16,128.39,1,1,1.000000
1724157154811556900,89,1.46,544.71,245.46,96.79,1,1,1.000000
1724157154811556900,90,131.48,428.11,192.54,70.09,1,1,1.000000
1724157154811556900,93,331.57,346.63,126.65,96.46,1,1,1.000000
1724157154811556900,95,70.48,46.08,59.24,86.20,1,1,1.000000
1724157154811556900,80,1002.25,120.68,278.25,149.73,1,1,1.000000
1724157154811556900,78,5.49,338.61,130.73,115.90,1,1,1.000000
1724157154811556900,83,120.12,126.66,55.23,78.45,1,1,1.000000
1724157154811556900,112,405.92,250.24,333.13,91.76,1,1,1.000000
1724157154811556900,115,743.05,53.41,107.22,85.71,1,1,1.000000
1724157154811556900,72,157.41,179.16,160.24,65.95,1,1,1.000000
1724157154811556900,125,100.48,266.53,60.69,63.17,1,1,1.000000
1724157154811556900,64,184.96,250.13,59.44,100.18,1,1,1.000000
1724157154811556900,107,0.84,108.48,42.45,53.81,1,1,1.000000
1724157154811556900,126,372.20,234.00,147.78,48.17,1,1,1.000000
1724157154811556900,94,52.72,131.35,60.46,71.13,1,1,1.000000
1724157154811556900,104,0.73,310.23,33.73,71.49,1,1,1.000000
1724157154811556900,75,1121.08,295.62,157.95,89.99,1,1,1.000000
1724157154856853700,58,342.28,536.97,200.47,90.73,1,1,1.000000
1724157154856853700,71,927.75,195.51,351.32,187.86,1,1,1.000000
1724157154856853700,77,513.07,338.64,218.85,95.48,1,1,1.000000
1724157154856853700,76,468.65,499.24,230.77,61.58,1,1,1.000000
1724157154856853700,51,1059.74,558.33,220.06,112.21,1,1,1.000000
1724157154856853700,89,1.23,547.49,241.48,115.45,1,1,1.000000
1724157154856853700,90,128.34,436.85,203.46,71.31,1,1,1.000000
1724157154856853700,93,348.10,356.24,125.86,94.88,1,1,1.000000
1724157154856853700,95,64.37,49.87,64.19,75.02,1,1,1.000000
1724157154856853700,80,1044.22,137.69,236.11,127.66,1,1,1.000000
1724157154856853700,78,14.90,344.13,122.35,108.57,1,1,1.000000
1724157154856853700,83,127.84,132.78,44.64,76.77,1,1,1.000000
1724157154856853700,112,464.31,260.79,319.29,90.23,1,1,1.000000
1724157154856853700,115,750.77,57.78,111.10,87.91,1,1,1.000000
1724157154856853700,72,155.98,180.37,161.24,64.84,1,1,1.000000
1724157154856853700,125,99.07,271.01,63.62,66.36,1,1,1.000000
1724157154856853700,64,184.58,256.43,65.46,96.67,1,1,1.000000
1724157154856853700,107,0.30,116.96,46.64,50.45,1,1,1.000000
1724157154856853700,126,381.42,243.00,166.28,59.60,1,1,1.000000
1724157154856853700,94,60.89,139.63,54.71,69.75,1,1,1.000000
1724157154856853700,104,0.01,312.37,39.30,73.51,1,1,1.000000
1724157154900087000,58,342.99,546.02,206.98,90.93,1,1,1.000000
1724157154900087000,71,948.28,206.58,331.04,179.25,1,1,1.000000
1724157154900087000,77,520.91,341.49,221.65,99.65,1,1,1.000000
1724157154900087000,76,475.59,497.88,229.31,63.84,1,1,1.000000
1724157154900087000,51,1090.58,558.71,189.15,116.22,1,1,1.000000
1724157154900087000,89,1.16,552.04,241.78,116.85,1,1,1.000000
1724157154900087000,90,129.55,437.51,203.92,79.97,1,1,1.000000
1724157154900087000,93,350.24,357.04,132.12,97.64,1,1,1.000000
1724157154900087000,95,61.49,52.54,70.85,74.14,1,1,1.000000
1724157154900087000,80,1062.33,143.67,217.40,118.36,1,1,1.000000
1724157154900087000,78,13.34,346.23,127.32,108.19,1,1,1.000000
1724157154900087000,83,129.76,133.46,46.80,76.04,1,1,1.000000
1724157154900087000,112,486.51,267.30,325.59,84.45,1,1,1.000000
1724157154900087000,115,752.26,60.09,115.86,86.39,1,1,1.000000
1724157154900087000,72,154.53,185.49,164.63,62.28,1,1,1.000000
1724157154900087000,125,103.38,275.08,61.52,60.12,1,1,1.000000
1724157154900087000,64,183.84,257.98,65.96,93.15,1,1,1.000000
1724157154900087000,107,0.46,119.05,47.86,51.85,1,1,1.000000
1724157154900087000,126,386.75,246.60,180.02,50.98,1,1,1.000000
1724157154900087000,94,57.38,140.81,58.41,75.78,1,1,1.000000
1724157154900087000,104,0.14,317.53,36.96,73.82,1,1,1.000000
1724157154931822800,58,337.83,552.12,221.27,90.78,1,1,1.000000
1724157154931822800,71,967.24,216.08,312.14,160.21,1,1,1.000000
1724157154931822800,77,533.81,346.40,220.33,100.69,1,1,1.000000
1724157154931822800,76,484.05,499.73,229.38,63.23,1,1,1.000000
1724157154931822800,51,1110.91,557.75,168.93,122.77,1,1,1.000000
1724157154931822800,89,1.37,557.29,242.76,106.27,1,1,1.000000
1724157154931822800,90,130.50,437.08,203.57,80.56,1,1,1.000000
1724157154931822800,93,353.92,358.17,134.28,102.48,1,1,1.000000
1724157154931822800,95,58.08,55.66,77.80,69.92,1,1,1.000000
1724157154931822800,80,1097.11,156.58,182.89,110.37,1,1,1.000000
1724157154931822800,78,11.89,349.09,129.43,108.38,1,1,1.000000
1724157154931822800,83,130.90,135.09,45.04,72.55,1,1,1.000000
1724157154931822800,112,507.03,271.37,335.28,81.65,1,1,1.000000
1724157154931822800,115,752.18,66.31,124.71,83.31,1,1,1.000000
1724157154931822800,72,148.56,188.99,171.66,55.79,1,1,1.000000
1724157154931822800,125,104.82,281.13,59.60,60.84,1,1,1.000000
1724157154931822800,64,182.77,258.84,67.14,100.61,1,1,1.000000
1724157154931822800,107,0.29,121.57,46.84,54.41,1,1,1.000000
1724157154931822800,126,390.05,249.47,194.32,49.82,1,1,1.000000
1724157154931822800,94,54.60,149.78,68.66,72.53,1,1,1.000000
1724157154977361700,58,338.67,552.23,227.79,90.62,1,1,1.000000
1724157154977361700,71,983.85,218.28,295.39,155.55,1,1,1.000000
1724157154977361700,77,544.26,347.48,215.69,101.80,1,1,1.000000
1724157154977361700,76,491.53,501.61,229.20,66.03,1,1,1.000000
1724157154977361700,51,1115.49,555.72,164.74,117.96,1,1,1.000000
1724157154977361700,89,16.50,562.37,230.32,104.91,1,1,1.000000
1724157154977361700,90,131.31,441.21,204.43,79.99,1,1,1.000000
1724157154977361700,93,355.14,359.02,140.91,101.92,1,1,1.000000
1724157154977361700,95,60.59,58.41,77.52,70.70,1,1,1.000000
1724157154977361700,80,1106.80,157.33,173.10,105.17,1,1,1.000000
1724157154977361700,78,9.15,351.75,135.45,107.37,1,1,1.000000
1724157154977361700,83,130.59,139.48,53.72,86.04,1,1,1.000000
1724157154977361700,112,521.59,273.17,341.85,84.23,1,1,1.000000
1724157154977361700,115,755.05,71.41,129.20,82.11,1,1,1.000000
1724157154977361700,72,147.06,189.79,174.56,62.96,1,1,1.000000
1724157154977361700,125,101.07,283.40,61.29,58.95,1,1,1.000000
1724157154977361700,64,181.13,260.83,74.15,98.37,1,1,1.000000
1724157154977361700,107,0.15,122.34,48.77,55.32,1,1,1.000000
1724157154977361700,126,399.65,249.62,180.41,57.84,1,1,1.000000
1724157154977361700,94,59.63,145.79,59.73,79.58,1,1,1.000000
1724157154977361700,104,0.61,327.13,37.51,70.84,1,1,1.000000
1724157155007824200,58,349.80,553.09,222.86,91.24,1,1,1.000000
1724157155007824200,71,1001.35,223.48,278.42,146.41,1,1,1.000000
1724157155007824200,77,556.01,347.45,215.13,108.29,1,1,1.000000
1724157155007824200,76,497.61,502.69,228.58,65.52,1,1,1.000000
1724157155007824200,51,1133.29,557.90,147.33,104.38,1,1,1.000000
1724157155007824200,89,31.82,566.28,217.98,106.57,1,1,1.000000
1724157155007824200,90,129.93,445.47,218.07,73.67,1,1,1.000000
1724157155007824200,93,359.75,363.91,141.61,98.91,1,1,1.000000
1724157155007824200,95,64.36,61.44,78.83,72.20,1,1,1.000000
1724157155007824200,80,1117.62,161.09,162.36,100.45,1,1,1.000000
1724157155007824200,78,4.32,354.42,138.61,115.93,1,1,1.000000
1724157155007824200,83,130.24,141.86,55.77,67.97,1,1,1.000000
1724157155007824200,112,549.87,272.51,339.11,90.82,1,1,1.000000
1724157155007824200,115,755.36,72.00,134.55,82.61,1,1,1.000000
1724157155007824200,72,141.11,193.18,183.03,61.14,1,1,1.000000
1724157155007824200,125,102.10,282.97,60.67,62.13,1,1,1.000000
1724157155007824200,64,179.56,262.08,77.05,98.85,1,1,1.000000
1724157155007824200,107,0.38,124.84,49.67,56.01,1,1,1.000000
1724157155007824200,126,409.07,250.98,171.24,85.50,1,1,1.000000
1724157155007824200,94,58.08,151.94,59.00,74.57,1,1,1.000000
1724157155007824200,104,0.59,327.57,36.80,73.89,1,1,1.000000
1724157155053213000,58,362.82,549.07,218.70,102.17,1,1,1.000000
1724157155053213000,71,1023.26,225.84,256.44,141.59,1,1,1.000000
1724157155053213000,77,569.66,350.71,212.63,111.32,1,1,1.000000
1724157155053213000,76,506.69,505.28,226.79,68.50,1,1,1.000000
1724157155053213000,51,1152.18,560.86,127.15,100.76,1,1,1.000000
1724157155053213000,89,45.26,570.93,205.39,106.28,1,1,1.000000
1724157155053213000,90,133.50,449.17,218.27,58.49,1,1,1.000000
1724157155053213000,93,364.77,368.04,141.73,97.50,1,1,1.000000
1724157155053213000,95,65.19,62.86,79.47,76.86,1,1,1.000000
1724157155053213000,80,1136.13,165.57,144.04,92.98,1,1,1.000000
1724157155053213000,78,1.94,355.59,141.70,115.64,1,1,1.000000
1724157155053213000,83,127.22,141.97,60.71,57.88,1,1,1.000000
1724157155053213000,112,549.56,269.74,359.29,98.64,1,1,1.000000
1724157155053213000,115,755.44,69.68,140.68,85.36,1,1,1.000000
1724157155053213000,72,136.06,195.00,195.36,65.10,1,1,1.000000
1724157155053213000,125,97.88,285.05,64.88,65.23,1,1,1.000000
1724157155053213000,64,178.10,264.80,80.71,98.87,1,1,1.000000
1724157155053213000,107,0.42,126.78,47.54,57.32,1,1,1.000000
1724157155053213000,126,416.37,255.17,187.32,83.18,1,1,1.000000
1724157155053213000,94,60.63,151.38,57.29,75.15,1,1,1.000000
1724157155053213000,104,0.26,331.64,36.98,73.71,1,1,1.000000
1724157155097481800,58,376.97,550.13,213.76,100.16,1,1,1.000000
1724157155097481800,71,1049.18,240.03,230.97,118.33,1,1,1.000000
1724157155097481800,77,579.31,347.99,211.53,117.82,1,1,1.000000
1724157155097481800,76,514.11,503.55,226.51,69.72,1,1,1.000000
1724157155097481800,51,1169.77,572.96,110.40,87.35,1,1,1.000000
1724157155097481800,89,52.41,576.76,201.58,102.67,1,1,1.000000
1724157155097481800,90,137.47,451.06,218.70,53.76,1,1,1.000000
1724157155097481800,93,370.25,373.47,144.46,96.43,1,1,1.000000
1724157155097481800,95,68.25,66.18,80.08,78.32,1,1,1.000000
1724157155097481800,80,1149.87,167.52,129.94,84.88,1,1,1.000000
1724157155097481800,78,1.65,356.42,141.46,114.80,1,1,1.000000
1724157155097481800,83,127.47,137.97,63.49,60.93,1,1,1.000000
1724157155097481800,112,585.31,269.77,349.41,102.58,1,1,1.000000
1724157155097481800,115,757.81,69.49,148.15,89.05,1,1,1.000000
1724157155097481800,72,131.28,197.35,205.33,70.79,1,1,1.000000
1724157155097481800,125,96.20,289.46,65.70,62.67,1,1,1.000000
1724157155097481800,64,177.05,266.59,83.87,94.50,1,1,1.000000
1724157155097481800,107,0.64,131.98,47.32,54.52,1,1,1.000000
1724157155097481800,126,424.78,254.78,158.56,92.15,1,1,1.000000
1724157155097481800,94,60.56,150.87,54.52,76.21,1,1,1.000000
1724157155097481800,104,0.00,333.36,39.32,71.90,1,1,1.000000
1724157155127919000,58,382.68,540.44,215.44,119.33,1,1,1.000000
1724157155127919000,71,1073.24,240.95,206.30,116.21,1,1,1.000000
1724157155127919000,77,590.27,348.37,213.31,126.41,1,1,1.000000
1724157155127919000,76,520.13,507.60,227.16,67.95,1,1,1.000000
1724157155127919000,51,1192.67,583.40,87.54,75.17,1,1,1.000000
1724157155127919000,89,70.35,578.19,184.03,104.67,1,1,1.000000
1724157155127919000,90,141.81,451.39,214.01,53.84,1,1,1.000000
1724157155127919000,93,370.73,382.95,146.50,86.59,1,1,1.000000
1724157155127919000,95,65.50,66.09,86.50,81.82,1,1,1.000000
1724157155127919000,80,1175.39,180.17,104.28,73.02,1,1,1.000000
1724157155127919000,78,2.44,358.79,141.79,112.11,1,1,1.000000
1724157155127919000,83,127.71,142.75,68.06,62.70,1,1,1.000000
1724157155127919000,112,608.42,272.15,351.68,107.11,1,1,1.000000
1724157155127919000,115,758.87,69.22,151.85,92.34,1,1,1.000000
1724157155127919000,72,140.11,199.33,200.00,68.28,1,1,1.000000
1724157155127919000,125,95.70,292.77,65.94,65.72,1,1,1.000000
1724157155127919000,64,178.21,268.13,81.97,93.80,1,1,1.000000
1724157155127919000,107,0.67,131.81,53.06,57.72,1,1,1.000000
1724157155127919000,126,432.85,256.22,149.68,92.72,1,1,1.000000
1724157155127919000,94,59.34,152.53,61.33,76.01,1,1,1.000000
1724157155127919000,104,0.14,335.03,38.91,71.87,1,1,1.000000
1724157155172130900,58,393.03,541.97,211.17,120.03,1,1,1.000000
1724157155172130900,71,1099.27,245.51,180.02,117.07,1,1,1.000000
1724157155172130900,77,599.84,346.25,207.28,133.51,1,1,1.000000
1724157155172130900,76,527.52,505.64,222.74,71.62,1,1,1.000000
1724157155172130900,51,1218.97,598.86,61.38,71.80,1,1,1.000000
1724157155172130900,89,80.63,579.75,178.56,110.04,1,1,1.000000
1724157155172130900,90,141.70,454.05,216.10,57.42,1,1,1.000000
1724157155172130900,93,369.69,394.61,152.44,80.96,1,1,1.000000
1724157155172130900,95,65.13,67.34,89.04,80.98,1,1,1.000000
1724157155172130900,80,1198.34,191.53,81.44,69.65,1,1,1.000000
1724157155172130900,78,2.31,360.84,143.06,112.39,1,1,1.000000
1724157155172130900,83,125.76,145.90,78.60,67.65,1,1,1.000000
1724157155172130900,112,632.04,277.94,352.71,108.52,1,1,1.000000
1724157155172130900,115,758.47,71.73,159.67,92.46,1,1,1.000000
1724157155172130900,72,159.37,201.29,183.13,65.46,1,1,1.000000
1724157155172130900,125,94.60,292.70,67.62,67.59,1,1,1.000000
1724157155172130900,64,176.13,270.57,85.19,92.67,1,1,1.000000
1724157155172130900,107,0.79,132.93,53.81,59.62,1,1,1.000000
1724157155172130900,126,439.84,260.40,142.01,92.79,1,1,1.000000
1724157155172130900,94,58.94,154.03,71.18,76.53,1,1,1.000000
1724157155172130900,104,0.37,336.12,39.78,72.34,1,1,1.000000
1724157155217338000,58,400.76,544.97,214.44,122.32,1,1,1.000000
1724157155217338000,71,1119.03,250.11,161.17,123.01,1,1,1.000000
1724157155217338000,77,608.62,348.44,207.12,141.10,1,1,1.000000
1724157155217338000,76,536.58,501.26,220.29,78.86,1,1,1.000000
1724157155217338000,89,92.43,579.27,173.64,115.26,1,1,1.000000
1724157155217338000,90,140.04,455.89,219.78,55.79,1,1,1.000000
1724157155217338000,93,363.40,396.67,159.39,80.12,1,1,1.000000
1724157155217338000,95,61.67,68.40,91.13,80.37,1,1,1.000000
1724157155217338000,80,1223.81,196.14,55.59,79.70,1,1,1.000000
1724157155217338000,78,4.46,363.64,142.50,111.17,1,1,1.000000
1724157155217338000,83,121.27,146.63,86.80,73.32,1,1,1.000000
1724157155217338000,112,653.22,281.80,364.56,108.71,1,1,1.000000
1724157155217338000,115,760.74,72.04,164.00,96.59,1,1,1.000000
1724157155217338000,72,171.65,202.56,170.37,64.98,1,1,1.000000
1724157155217338000,125,90.18,291.44,73.06,69.30,1,1,1.000000
1724157155217338000,64,175.10,273.74,83.95,80.06,1,1,1.000000
1724157155217338000,107,0.71,134.19,53.29,59.68,1,1,1.000000
1724157155217338000,126,445.86,262.03,138.61,95.54,1,1,1.000000
1724157155217338000,94,59.62,153.39,68.36,79.91,1,1,1.000000
1724157155217338000,104,0.41,336.54,40.77,71.16,1,1,1.000000
1724157155250503500,58,406.59,549.36,217.91,125.96,1,1,1.000000
1724157155250503500,71,1142.61,255.85,136.79,90.67,1,1,1.000000
1724157155250503500,77,620.56,348.76,200.17,148.56,1,1,1.000000
1724157155250503500,76,544.50,501.73,224.66,82.77,1,1,1.000000
1724157155250503500,89,109.67,576.94,161.54,119.88,1,1,1.000000
1724157155250503500,90,145.57,456.66,217.19,57.37,1,1,1.000000
1724157155250503500,93,359.25,397.48,167.21,80.71,1,1,1.000000
1724157155250503500,95,58.86,73.75,86.44,78.55,1,1,1.000000
1724157155250503500,78,6.97,365.77,141.35,109.03,1,1,1.000000
1724157155250503500,83,119.78,145.90,93.35,77.35,1,1,1.000000
1724157155250503500,112,678.14,286.31,369.51,107.96,1,1,1.000000
1724157155250503500,115,762.06,74.37,167.35,97.50,1,1,1.000000
1724157155250503500,72,181.56,203.03,161.59,64.09,1,1,1.000000
1724157155250503500,125,85.74,293.77,75.90,70.33,1,1,1.000000
1724157155250503500,64,174.22,275.34,84.51,79.34,1,1,1.000000
1724157155250503500,107,0.54,133.71,54.53,60.50,1,1,1.000000
1724157155250503500,126,455.84,266.12,128.53,94.70,1,1,1.000000
1724157155250503500,94,57.25,158.03,68.77,77.06,1,1,1.000000
1724157155250503500,104,0.31,338.09,42.07,71.62,1,1,1.000000
1724157155296304100,58,414.55,553.26,219.14,118.65,1,1,1.000000
1724157155296304100,71,1163.21,260.02,115.99,70.24,1,1,1.000000
1724157155296304100,77,621.47,355.75,206.43,151.58,1,1,1.000000
1724157155296304100,76,547.26,514.75,228.93,75.10,1,1,1.000000
1724157155296304100,89,121.66,574.42,156.82,127.44,1,1,1.000000
1724157155296304100,90,148.60,456.45,218.43,56.25,1,1,1.000000
1724157155296304100,93,356.01,399.79,171.73,79.33,1,1,1.000000
1724157155296304100,95,60.23,71.40,82.05,76.59,1,1,1.000000
1724157155296304100,78,7.45,365.55,141.59,110.81,1,1,1.000000
1724157155296304100,83,117.13,147.92,100.50,73.50,1,1,1.000000
1724157155296304100,112,699.57,286.90,371.61,114.33,1,1,1.000000
1724157155296304100,115,760.61,77.66,177.53,96.59,1,1,1.000000
1724157155296304100,72,190.33,201.06,152.17,65.26,1,1,1.000000
1724157155296304100,125,90.06,295.19,74.13,68.77,1,1,1.000000
1724157155296304100,64,169.66,273.47,90.12,81.78,1,1,1.000000
1724157155296304100,107,0.59,132.85,55.72,60.65,1,1,1.000000
1724157155296304100,126,464.75,267.19,122.60,96.05,1,1,1.000000
1724157155296304100,94,59.13,156.19,67.47,78.72,1,1,1.000000
1724157155296304100,104,0.57,340.12,41.16,72.05,1,1,1.000000
1724157155337958900,58,418.67,561.94,231.09,116.30,1,1,1.000000
1724157155337958900,71,1220.03,277.33,59.65,58.14,1,1,1.000000
1724157155337958900,77,624.21,367.10,218.83,156.81,1,1,1.000000
1724157155337958900,76,562.29,521.79,228.77,76.30,1,1,1.000000
1724157155337958900,89,149.29,572.36,137.65,140.00,1,1,1.000000
1724157155337958900,90,159.78,453.02,216.85,58.95,1,1,1.000000
1724157155337958900,93,353.92,407.63,182.70,79.17,1,1,1.000000
1724157155337958900,95,58.22,75.54,76.13,70.46,1,1,1.000000
1724157155337958900,78,4.34,365.36,148.85,109.81,1,1,1.000000
1724157155337958900,83,108.69,145.81,118.85,85.72,1,1,1.000000
1724157155337958900,112,742.58,293.77,387.54,120.62,1,1,1.000000
1724157155337958900,115,751.21,81.22,197.70,100.62,1,1,1.000000
1724157155337958900,72,186.84,198.51,156.31,67.46,1,1,1.000000
1724157155337958900,125,89.37,293.63,74.80,70.51,1,1,1.000000
1724157155337958900,64,164.05,270.96,95.67,87.36,1,1,1.000000
1724157155337958900,107,0.61,133.54,57.97,59.38,1,1,1.000000
1724157155337958900,126,475.74,265.78,114.38,103.45,1,1,1.000000
1724157155337958900,94,58.90,156.04,60.43,69.88,1,1,1.000000
1724157155337958900,104,0.29,339.93,41.66,75.04,1,1,1.000000
1724157155368168700,58,418.67,561.94,231.09,116.30,1,1,1.000000
1724157155368168700,71,1220.03,277.33,59.65,58.14,1,1,1.000000
1724157155368168700,77,624.21,367.10,218.83,156.81,1,1,1.000000
1724157155368168700,76,562.29,521.79,228.77,76.30,1,1,1.000000
1724157155368168700,89,149.29,572.36,137.65,140.00,1,1,1.000000
1724157155368168700,90,159.78,453.02,216.85,58.95,1,1,1.000000
1724157155368168700,93,353.92,407.63,182.70,79.17,1,1,1.000000
1724157155368168700,95,58.22,75.54,76.13,70.46,1,1,1.000000
1724157155368168700,78,4.34,365.36,148.85,109.81,1,1,1.000000
1724157155368168700,83,108.69,145.81,118.85,85.72,1,1,1.000000
1724157155368168700,112,742.58,293.77,387.54,120.62,1,1,1.000000
1724157155368168700,115,751.21,81.22,197.70,100.62,1,1,1.000000
1724157155368168700,72,186.84,198.51,156.31,67.46,1,1,1.000000
1724157155368168700,125,89.37,293.63,74.80,70.51,1,1,1.000000
1724157155368168700,64,164.05,270.96,95.67,87.36,1,1,1.000000
1724157155368168700,107,0.61,133.54,57.97,59.38,1,1,1.000000
1724157155368168700,126,475.74,265.78,114.38,103.45,1,1,1.000000
1724157155368168700,94,58.90,156.04,60.43,69.88,1,1,1.000000
1724157155368168700,104,0.29,339.93,41.66,75.04,1,1,1.000000
1724157155412901200,58,418.20,568.52,238.51,116.89,1,1,1.000000
1724157155412901200,77,631.66,374.68,221.21,155.91,1,1,1.000000
1724157155412901200,76,570.51,524.03,226.69,80.48,1,1,1.000000
1724157155412901200,89,158.32,571.79,131.01,146.16,1,1,1.000000
1724157155412901200,90,162.05,454.00,219.71,62.29,1,1,1.000000
1724157155412901200,93,354.27,410.66,189.70,76.51,1,1,1.000000
1724157155412901200,95,55.63,75.79,72.58,68.67,1,1,1.000000
1724157155412901200,78,4.60,364.46,148.83,107.61,1,1,1.000000
1724157155412901200,83,103.22,145.33,126.71,87.91,1,1,1.000000
1724157155412901200,112,765.16,293.38,397.85,127.66,1,1,1.000000
1724157155412901200,115,749.76,83.80,203.69,102.66,1,1,1.000000
1724157155412901200,72,182.36,198.03,166.16,69.66,1,1,1.000000
1724157155412901200,125,86.71,292.63,73.65,69.15,1,1,1.000000
1724157155412901200,64,160.90,270.05,98.12,86.25,1,1,1.000000
1724157155412901200,107,0.99,133.30,60.04,63.24,1,1,1.000000
1724157155412901200,126,487.54,264.60,102.84,108.32,1,1,1.000000
1724157155412901200,94,61.29,150.92,61.43,71.70,1,1,1.000000
1724157155412901200,104,0.28,339.74,42.95,73.45,1,1,1.000000
1724157155459579700,58,422.38,577.14,251.42,119.41,1,1,1.000000
1724157155459579700,77,654.43,382.06,225.00,167.40,1,1,1.000000
1724157155459579700,76,589.79,520.96,224.61,89.69,1,1,1.000000
1724157155459579700,89,172.50,567.86,121.62,152.32,1,1,1.000000
1724157155459579700,90,173.95,458.60,205.39,63.69,1,1,1.000000
1724157155459579700,93,372.59,410.18,186.45,82.69,1,1,1.000000
1724157155459579700,95,53.51,77.74,79.44,65.24,1,1,1.000000
1724157155459579700,78,1.85,363.85,153.91,106.67,1,1,1.000000
1724157155459579700,83,65.77,145.14,171.91,81.40,1,1,1.000000
1724157155459579700,112,807.45,300.86,422.84,136.87,1,1,1.000000
1724157155459579700,115,745.55,84.48,221.54,109.15,1,1,1.000000
1724157155459579700,72,177.71,198.90,176.89,66.09,1,1,1.000000
1724157155459579700,125,84.07,293.05,78.90,68.94,1,1,1.000000
1724157155459579700,64,163.12,272.56,97.68,86.87,1,1,1.000000
1724157155459579700,107,0.72,135.32,60.80,60.62,1,1,1.000000
1724157155459579700,126,499.49,255.58,93.91,129.70,1,1,1.000000
1724157155459579700,104,0.16,340.14,44.03,71.43,1,1,1.000000
1724157155496925000,58,422.38,577.14,251.42,119.41,1,1,1.000000
1724157155496925000,77,654.43,382.06,225.00,167.40,1,1,1.000000
1724157155496925000,76,589.79,520.96,224.61,89.69,1,1,1.000000
1724157155496925000,89,172.50,567.86,121.62,152.32,1,1,1.000000
1724157155496925000,90,173.95,458.60,205.39,63.69,1,1,1.000000
1724157155496925000,93,372.59,410.18,186.45,82.69,1,1,1.000000
1724157155496925000,95,53.51,77.74,79.44,65.24,1,1,1.000000
1724157155496925000,78,1.85,363.85,153.91,106.67,1,1,1.000000
1724157155496925000,83,65.77,145.14,171.91,81.40,1,1,1.000000
1724157155496925000,112,807.45,300.86,422.84,136.87,1,1,1.000000
1724157155496925000,115,745.55,84.48,221.54,109.15,1,1,1.000000
1724157155496925000,72,177.71,198.90,176.89,66.09,1,1,1.000000
1724157155496925000,125,84.07,293.05,78.90,68.94,1,1,1.000000
1724157155496925000,64,163.12,272.56,97.68,86.87,1,1,1.000000
1724157155496925000,107,0.72,135.32,60.80,60.62,1,1,1.000000
1724157155496925000,126,499.49,255.58,93.91,129.70,1,1,1.000000
1724157155496925000,104,0.16,340.14,44.03,71.43,1,1,1.000000
1724157155496925000,130,0.80,474.53,61.07,55.89,1,1,1.000000
1724157155536847800,58,434.21,586.22,251.56,118.52,1,1,1.000000
1724157155536847800,77,683.06,383.53,223.92,182.41,1,1,1.000000
1724157155536847800,76,606.66,523.13,220.06,90.48,1,1,1.000000
1724157155536847800,89,167.40,594.13,133.16,125.27,1,1,1.000000
1724157155536847800,90,190.31,447.91,193.62,75.22,1,1,1.000000
1724157155536847800,93,395.53,411.91,184.64,81.34,1,1,1.000000
1724157155536847800,95,54.70,76.75,78.10,64.69,1,1,1.000000
1724157155536847800,78,36.45,364.52,118.70,85.12,1,1,1.000000
1724157155536847800,83,68.04,140.49,176.58,56.89,1,1,1.000000
1724157155536847800,112,850.15,311.45,429.24,144.41,1,1,1.000000
1724157155536847800,115,751.65,87.22,234.11,112.03,1,1,1.000000
1724157155536847800,72,166.66,199.82,199.19,59.45,1,1,1.000000
1724157155536847800,125,80.21,291.91,75.72,74.46,1,1,1.000000
1724157155536847800,64,161.86,271.76,101.19,96.64,1,1,1.000000
1724157155536847800,107,0.66,138.33,59.81,53.79,1,1,1.000000
1724157155536847800,126,519.69,257.62,82.31,133.02,1,1,1.000000
1724157155536847800,104,0.66,339.82,39.55,67.77,1,1,1.000000
1724157155566808600,58,440.36,588.88,254.02,118.04,1,1,1.000000
1724157155566808600,77,693.97,386.70,227.24,187.99,1,1,1.000000
1724157155566808600,76,611.17,520.52,223.50,95.79,1,1,1.000000
1724157155566808600,89,159.15,589.30,141.24,130.44,1,1,1.000000
1724157155566808600,90,196.68,447.49,191.01,76.28,1,1,1.000000
1724157155566808600,93,403.16,415.94,185.92,76.00,1,1,1.000000
1724157155566808600,95,51.70,76.17,84.44,62.94,1,1,1.000000
1724157155566808600,78,41.62,363.45,116.41,74.62,1,1,1.000000
1724157155566808600,83,66.15,139.31,179.21,56.20,1,1,1.000000
1724157155566808600,112,873.62,311.11,405.65,152.19,1,1,1.000000
1724157155566808600,115,760.75,90.44,235.71,110.83,1,1,1.000000
1724157155566808600,72,168.03,198.15,201.06,59.39,1,1,1.000000
1724157155566808600,125,82.65,290.55,72.89,74.13,1,1,1.000000
1724157155566808600,64,159.52,268.33,100.74,99.26,1,1,1.000000
1724157155566808600,107,0.43,133.29,56.79,56.33,1,1,1.000000
1724157155566808600,126,527.17,256.62,76.33,138.87,1,1,1.000000
1724157155566808600,104,0.27,338.73,39.00,66.39,1,1,1.000000
1724157155566808600,131,0.23,412.49,90.91,67.29,1,1,1.000000
1724157155612053500,58,451.83,586.98,251.76,122.36,1,1,1.000000
1724157155612053500,77,708.96,390.03,220.81,191.80,1,1,1.000000
1724157155612053500,76,618.77,514.43,223.01,106.07,1,1,1.000000
1724157155612053500,89,159.07,589.78,132.14,129.50,1,1,1.000000
1724157155612053500,90,206.40,452.03,183.87,65.08,1,1,1.000000
1724157155612053500,93,416.75,411.53,183.03,82.88,1,1,1.000000
1724157155612053500,95,51.53,75.76,81.89,60.29,1,1,1.000000
1724157155612053500,78,41.54,364.00,115.54,69.89,1,1,1.000000
1724157155612053500,83,67.42,138.80,181.26,68.71,1,1,1.000000
1724157155612053500,112,904.29,312.08,375.98,156.42,1,1,1.000000
1724157155612053500,115,772.08,80.91,236.00,124.28,1,1,1.000000
1724157155612053500,72,167.86,195.55,202.39,60.96,1,1,1.000000
1724157155612053500,125,84.37,290.33,72.67,73.82,1,1,1.000000
1724157155612053500,64,159.89,268.69,102.17,97.74,1,1,1.000000
1724157155612053500,107,0.41,132.79,53.72,57.14,1,1,1.000000
1724157155612053500,126,532.28,256.84,74.36,141.82,1,1,1.000000
1724157155612053500,104,0.22,337.09,40.81,65.19,1,1,1.000000
1724157155612053500,131,0.44,409.64,109.60,71.69,1,1,1.000000
1724157155661448000,58,463.80,590.25,250.47,126.45,1,1,1.000000
1724157155661448000,77,717.10,393.79,228.34,200.16,1,1,1.000000
1724157155661448000,76,626.46,512.45,221.98,108.36,1,1,1.000000
1724157155661448000,89,161.05,591.22,130.67,128.24,1,1,1.000000
1724157155661448000,90,210.73,454.72,179.66,62.11,1,1,1.000000
1724157155661448000,93,425.33,413.71,183.32,81.02,1,1,1.000000
1724157155661448000,95,53.08,73.03,78.90,57.77,1,1,1.000000
1724157155661448000,78,43.23,362.34,113.79,65.07,1,1,1.000000
1724157155661448000,83,78.90,136.33,172.42,65.10,1,1,1.000000
1724157155661448000,112,922.67,313.88,357.51,160.63,1,1,1.000000
1724157155661448000,115,787.09,84.63,234.38,125.89,1,1,1.000000
1724157155661448000,72,167.88,193.31,204.33,56.69,1,1,1.000000
1724157155661448000,125,87.12,290.36,69.89,71.55,1,1,1.000000
1724157155661448000,64,159.26,265.75,100.58,101.32,1,1,1.000000
1724157155661448000,107,0.52,131.72,55.87,59.47,1,1,1.000000
1724157155661448000,126,541.97,255.71,69.13,146.21,1,1,1.000000
1724157155661448000,104,0.03,337.41,42.40,61.88,1,1,1.000000
1724157155661448000,131,0.77,404.36,126.86,80.42,1,1,1.000000
1724157155689733700,58,479.10,587.50,247.39,128.70,1,1,1.000000
1724157155689733700,77,724.80,400.57,239.62,202.73,1,1,1.000000
1724157155689733700,76,633.40,505.26,223.19,118.12,1,1,1.000000
1724157155689733700,89,164.59,590.84,131.37,128.89,1,1,1.000000
1724157155689733700,90,217.85,452.23,175.08,63.86,1,1,1.000000
1724157155689733700,93,432.61,410.35,181.54,84.14,1,1,1.000000
1724157155689733700,95,53.20,68.41,80.28,62.17,1,1,1.000000
1724157155689733700,78,48.10,358.54,109.55,67.68,1,1,1.000000
1724157155689733700,83,78.32,133.93,176.31,66.58,1,1,1.000000
1724157155689733700,112,947.01,316.77,333.07,162.30,1,1,1.000000
1724157155689733700,115,804.55,84.70,230.57,131.34,1,1,1.000000
1724157155689733700,72,173.29,191.97,203.59,55.78,1,1,1.000000
1724157155689733700,125,95.50,287.57,61.48,70.97,1,1,1.000000
1724157155689733700,64,158.56,263.67,102.76,100.25,1,1,1.000000
1724157155689733700,107,0.46,130.74,58.36,58.95,1,1,1.000000
1724157155689733700,126,548.99,257.01,67.09,148.44,1,1,1.000000
1724157155689733700,104,0.02,337.50,44.64,60.97,1,1,1.000000
1724157155689733700,131,0.65,398.88,146.22,90.29,1,1,1.000000
1724157155734487500,58,496.25,582.19,248.62,137.53,1,1,1.000000
1724157155734487500,77,734.87,413.85,254.55,207.07,1,1,1.000000
1724157155734487500,76,650.32,504.82,229.13,125.10,1,1,1.000000
1724157155734487500,89,187.36,594.36,113.47,124.93,1,1,1.000000
1724157155734487500,90,222.54,453.76,178.36,60.90,1,1,1.000000
1724157155734487500,93,444.76,414.83,187.36,80.90,1,1,1.000000
1724157155734487500,95,52.10,66.66,85.26,63.84,1,1,1.000000
1724157155734487500,78,55.05,354.74,99.81,71.77,1,1,1.000000
1724157155734487500,83,68.39,133.61,191.91,68.60,1,1,1.000000
1724157155734487500,112,1000.96,324.87,278.78,156.10,1,1,1.000000
1724157155734487500,115,821.75,94.09,237.39,134.37,1,1,1.000000
1724157155734487500,72,183.75,188.21,199.50,56.70,1,1,1.000000
1724157155734487500,125,101.39,284.68,52.49,68.77,1,1,1.000000
1724157155734487500,64,156.21,253.74,106.77,108.81,1,1,1.000000
1724157155734487500,107,0.37,133.87,60.73,58.32,1,1,1.000000
1724157155734487500,126,559.38,275.24,71.10,136.20,1,1,1.000000
1724157155734487500,131,0.82,393.84,180.41,91.30,1,1,1.000000
1724157155781001900,58,496.25,582.19,248.62,137.53,1,1,1.000000
1724157155781001900,77,734.87,413.85,254.55,207.07,1,1,1.000000
1724157155781001900,76,650.32,504.82,229.13,125.10,1,1,1.000000
1724157155781001900,89,187.36,594.36,113.47,124.93,1,1,1.000000
1724157155781001900,90,222.54,453.76,178.36,60.90,1,1,1.000000
1724157155781001900,93,444.76,414.83,187.36,80.90,1,1,1.000000
1724157155781001900,95,52.10,66.66,85.26,63.84,1,1,1.000000
1724157155781001900,78,55.05,354.74,99.81,71.77,1,1,1.000000
1724157155781001900,83,68.39,133.61,191.91,68.60,1,1,1.000000
1724157155781001900,112,1000.96,324.87,278.78,156.10,1,1,1.000000
1724157155781001900,115,821.75,94.09,237.39,134.37,1,1,1.000000
1724157155781001900,72,183.75,188.21,199.50,56.70,1,1,1.000000
1724157155781001900,125,101.39,284.68,52.49,68.77,1,1,1.000000
1724157155781001900,64,156.21,253.74,106.77,108.81,1,1,1.000000
1724157155781001900,107,0.37,133.87,60.73,58.32,1,1,1.000000
1724157155781001900,126,559.38,275.24,71.10,136.20,1,1,1.000000
1724157155781001900,131,0.82,393.84,180.41,91.30,1,1,1.000000
1724157155816315200,58,504.60,581.06,252.67,138.61,1,1,1.000000
1724157155816315200,77,736.15,419.15,268.21,214.14,1,1,1.000000
1724157155816315200,76,660.33,509.53,226.40,123.46,1,1,1.000000
1724157155816315200,89,196.71,588.37,107.03,131.20,1,1,1.000000
1724157155816315200,90,231.71,451.05,174.39,63.55,1,1,1.000000
1724157155816315200,93,441.08,419.60,204.83,77.64,1,1,1.000000
1724157155816315200,95,54.50,63.16,83.83,68.02,1,1,1.000000
1724157155816315200,78,55.55,351.03,100.19,62.75,1,1,1.000000
1724157155816315200,83,65.07,130.76,195.24,69.30,1,1,1.000000
1724157155816315200,112,1020.63,330.48,259.18,149.43,1,1,1.000000
1724157155816315200,115,833.83,100.22,238.65,134.83,1,1,1.000000
1724157155816315200,72,188.91,185.94,194.37,59.70,1,1,1.000000
1724157155816315200,125,101.90,280.79,54.15,67.09,1,1,1.000000
1724157155816315200,64,150.34,257.60,110.16,103.79,1,1,1.000000
1724157155816315200,107,0.57,128.03,64.00,61.04,1,1,1.000000
1724157155816315200,126,558.12,289.10,80.15,126.79,1,1,1.000000
1724157155816315200,131,0.96,392.47,192.76,101.47,1,1,1.000000
1724157155816315200,104,0.63,332.07,43.50,61.30,1,1,1.000000
1724157155856710700,58,512.26,582.07,252.21,137.43,1,1,1.000000
1724157155856710700,77,740.15,430.73,276.93,215.39,1,1,1.000000
1724157155856710700,76,669.30,517.55,224.19,119.46,1,1,1.000000
1724157155856710700,89,201.39,584.34,104.20,135.71,1,1,1.000000
1724157155856710700,90,234.65,449.50,175.51,67.27,1,1,1.000000
1724157155856710700,93,437.72,427.78,212.53,70.32,1,1,1.000000
1724157155856710700,95,53.80,59.13,84.85,60.82,1,1,1.000000
1724157155856710700,78,56.63,345.24,101.89,62.92,1,1,1.000000
1724157155856710700,83,66.35,127.35,201.60,70.42,1,1,1.000000
1724157155856710700,112,1044.41,341.09,235.71,139.63,1,1,1.000000
1724157155856710700,115,838.88,100.00,247.77,141.01,1,1,1.000000
1724157155856710700,72,194.79,183.77,188.99,62.91,1,1,1.000000
1724157155856710700,125,102.47,279.47,56.73,69.99,1,1,1.000000
1724157155856710700,64,149.55,256.94,111.32,103.55,1,1,1.000000
1724157155856710700,107,0.47,115.70,60.53,63.81,1,1,1.000000
1724157155856710700,126,556.27,288.70,96.14,126.21,1,1,1.000000
1724157155856710700,131,0.56,389.68,210.41,112.00,1,1,1.000000
1724157155856710700,104,0.32,321.58,43.54,67.59,1,1,1.000000
1724157155887522000,58,522.22,582.51,249.77,136.52,1,1,1.000000
1724157155887522000,77,744.51,438.74,288.05,215.47,1,1,1.000000
1724157155887522000,76,672.91,520.30,230.71,121.15,1,1,1.000000
1724157155887522000,89,200.01,579.97,106.67,139.83,1,1,1.000000
1724157155887522000,90,238.63,446.57,176.39,70.57,1,1,1.000000
1724157155887522000,93,438.18,430.95,220.33,70.30,1,1,1.000000
1724157155887522000,95,51.21,56.47,95.94,65.80,1,1,1.000000
1724157155887522000,78,53.82,337.27,114.14,64.81,1,1,1.000000
1724157155887522000,83,66.90,124.65,203.43,67.48,1,1,1.000000
1724157155887522000,112,1075.29,353.95,205.03,122.67,1,1,1.000000
1724157155887522000,115,846.22,105.64,254.85,140.77,1,1,1.000000
1724157155887522000,72,202.14,175.40,180.52,69.70,1,1,1.000000
1724157155887522000,125,103.17,279.09,53.48,69.23,1,1,1.000000
1724157155887522000,64,148.50,256.31,112.90,100.29,1,1,1.000000
1724157155887522000,107,0.74,112.85,66.17,66.33,1,1,1.000000
1724157155887522000,126,555.04,293.76,108.54,122.91,1,1,1.000000
1724157155887522000,131,0.31,383.66,229.97,122.96,1,1,1.000000
1724157155887522000,104,0.13,321.96,39.53,62.64,1,1,1.000000
1724157155934261200,58,531.35,587.08,250.48,133.00,1,1,1.000000
1724157155934261200,77,749.45,446.41,297.03,220.73,1,1,1.000000
1724157155934261200,76,676.44,526.64,235.20,122.22,1,1,1.000000
1724157155934261200,89,188.24,573.99,120.98,145.81,1,1,1.000000
1724157155934261200,90,245.60,444.92,176.35,74.32,1,1,1.000000
1724157155934261200,93,439.07,431.64,226.43,72.03,1,1,1.000000
1724157155934261200,95,51.91,53.84,93.56,67.16,1,1,1.000000
1724157155934261200,78,58.65,339.65,106.16,56.58,1,1,1.000000
1724157155934261200,83,64.36,123.20,208.94,65.77,1,1,1.000000
1724157155934261200,112,1106.24,365.66,174.01,108.37,1,1,1.000000
1724157155934261200,115,852.42,106.84,264.85,146.71,1,1,1.000000
1724157155934261200,72,209.82,175.96,171.91,70.92,1,1,1.000000
1724157155934261200,125,104.24,274.50,57.11,64.28,1,1,1.000000
1724157155934261200,64,149.15,255.21,109.28,97.00,1,1,1.000000
1724157155934261200,107,1.06,114.33,64.90,62.12,1,1,1.000000
1724157155934261200,126,550.04,293.66,127.02,124.58,1,1,1.000000
1724157155934261200,131,0.09,374.75,247.03,128.97,1,1,1.000000
1724157155934261200,104,0.00,318.28,40.55,57.74,1,1,1.000000
1724157155934261200,94,56.16,169.00,50.12,38.47,1,1,1.000000
1724157155978654900,58,539.28,598.66,252.22,121.47,1,1,1.000000
1724157155978654900,77,766.31,466.97,311.02,222.06,1,1,1.000000
1724157155978654900,76,688.95,539.42,235.00,127.15,1,1,1.000000
1724157155978654900,89,180.57,570.20,135.33,150.17,1,1,1.000000
1724157155978654900,90,256.07,445.38,169.17,72.88,1,1,1.000000
1724157155978654900,93,447.81,431.63,230.25,76.58,1,1,1.000000
1724157155978654900,95,61.42,45.39,85.28,71.30,1,1,1.000000
1724157155978654900,78,72.15,340.22,88.33,46.88,1,1,1.000000
1724157155978654900,83,54.80,114.52,226.63,59.45,1,1,1.000000
1724157155978654900,112,1167.95,384.22,112.18,82.08,1,1,1.000000
1724157155978654900,115,858.60,111.00,287.28,156.68,1,1,1.000000
1724157155978654900,72,217.19,174.88,165.11,66.78,1,1,1.000000
1724157155978654900,125,105.59,267.38,57.28,66.50,1,1,1.000000
1724157155978654900,64,151.07,252.82,106.61,91.07,1,1,1.000000
1724157155978654900,107,1.10,110.29,67.24,57.79,1,1,1.000000
1724157155978654900,126,547.05,292.76,146.69,123.43,1,1,1.000000
1724157155978654900,131,0.36,369.64,282.57,117.84,1,1,1.000000
1724157155978654900,104,0.00,309.33,41.84,72.25,1,1,1.000000
1724157155978654900,94,55.09,160.96,52.53,44.88,1,1,1.000000
1724157156009508800,58,539.33,606.79,246.09,113.16,1,1,1.000000
1724157156009508800,77,773.83,475.02,316.71,219.79,1,1,1.000000
1724157156009508800,76,698.00,547.02,236.33,131.42,1,1,1.000000
1724157156009508800,89,173.61,582.77,145.51,137.70,1,1,1.000000
1724157156009508800,90,268.43,444.58,159.63,73.77,1,1,1.000000
1724157156009508800,93,451.28,430.20,230.92,80.57,1,1,1.000000
1724157156009508800,95,69.46,40.57,86.24,67.53,1,1,1.000000
1724157156009508800,78,29.36,336.07,129.78,49.01,1,1,1.000000
1724157156009508800,83,64.12,110.85,222.00,53.11,1,1,1.000000
1724157156009508800,112,1195.98,392.82,83.78,78.83,1,1,1.000000
1724157156009508800,115,858.70,114.46,298.83,162.46,1,1,1.000000
1724157156009508800,72,224.61,171.40,153.25,62.13,1,1,1.000000
1724157156009508800,125,105.84,266.49,62.65,65.77,1,1,1.000000
1724157156009508800,64,156.80,245.99,101.20,93.19,1,1,1.000000
1724157156009508800,107,1.27,107.28,71.64,56.65,1,1,1.000000
1724157156009508800,126,545.96,295.41,156.06,121.90,1,1,1.000000
1724157156009508800,131,1.27,377.13,296.46,104.81,1,1,1.000000
1724157156009508800,104,0.60,305.92,42.91,74.21,1,1,1.000000
1724157156009508800,94,50.93,150.29,72.34,49.96,1,1,1.000000
1724157156055207300,58,541.52,615.26,242.70,104.64,1,1,1.000000
1724157156055207300,77,785.44,484.90,321.91,219.20,1,1,1.000000
1724157156055207300,76,706.98,551.81,238.46,135.04,1,1,1.000000
1724157156055207300,89,165.95,580.26,153.00,139.63,1,1,1.000000
1724157156055207300,90,278.64,444.57,154.50,73.53,1,1,1.000000
1724157156055207300,93,458.32,431.58,233.41,83.65,1,1,1.000000
1724157156055207300,95,72.78,37.48,89.90,65.43,1,1,1.000000
1724157156055207300,78,50.58,333.33,110.21,47.94,1,1,1.000000
1724157156055207300,83,63.90,108.19,232.25,51.43,1,1,1.000000
1724157156055207300,112,1219.88,402.43,60.06,80.23,1,1,1.000000
1724157156055207300,115,866.91,117.29,305.74,166.15,1,1,1.000000
1724157156055207300,72,231.90,168.72,146.92,62.27,1,1,1.000000
1724157156055207300,125,105.00,263.90,65.48,67.23,1,1,1.000000
1724157156055207300,64,163.78,242.30,93.12,90.26,1,1,1.000000
1724157156055207300,107,1.31,98.08,66.15,59.26,1,1,1.000000
1724157156055207300,126,540.95,297.74,168.67,121.09,1,1,1.000000
1724157156055207300,131,0.76,376.08,316.56,102.26,1,1,1.000000
1724157156055207300,104,0.33,303.25,46.73,70.93,1,1,1.000000
1724157156055207300,94,51.63,143.60,73.70,53.03,1,1,1.000000
1724157156100603700,58,545.76,623.48,241.77,96.39,1,1,1.000000
1724157156100603700,77,797.68,491.38,321.88,223.47,1,1,1.000000
1724157156100603700,76,719.93,553.14,234.93,141.21,1,1,1.000000
1724157156100603700,89,169.54,593.95,153.97,126.02,1,1,1.000000
1724157156100603700,90,283.67,446.53,152.87,71.18,1,1,1.000000
1724157156100603700,93,468.37,430.56,232.40,90.09,1,1,1.000000
1724157156100603700,95,74.22,33.57,90.09,67.84,1,1,1.000000
1724157156100603700,78,54.55,328.00,105.19,51.31,1,1,1.000000
1724157156100603700,83,67.04,105.71,228.35,53.42,1,1,1.000000
1724157156100603700,115,879.26,119.94,308.29,173.04,1,1,1.000000
1724157156100603700,72,239.23,166.08,140.29,62.04,1,1,1.000000
1724157156100603700,125,104.22,260.90,61.34,70.05,1,1,1.000000
1724157156100603700,64,166.34,239.70,93.29,90.62,1,1,1.000000
1724157156100603700,107,0.84,95.35,67.03,59.08,1,1,1.000000
1724157156100603700,126,539.11,300.09,176.81,117.65,1,1,1.000000
1724157156100603700,131,0.95,360.12,332.91,116.90,1,1,1.000000
1724157156100603700,104,0.12,299.42,43.30,70.65,1,1,1.000000
1724157156100603700,94,56.53,140.31,76.04,48.49,1,1,1.000000
1724157156133660300,58,551.84,633.22,237.66,86.51,1,1,1.000000
1724157156133660300,77,809.22,496.46,323.12,221.74,1,1,1.000000
1724157156133660300,76,722.40,556.07,236.96,146.59,1,1,1.000000
1724157156133660300,89,167.73,597.17,156.54,122.75,1,1,1.000000
1724157156133660300,90,283.81,446.46,154.53,71.95,1,1,1.000000
1724157156133660300,93,479.01,429.95,231.94,92.68,1,1,1.000000
1724157156133660300,95,75.76,31.28,89.34,68.03,1,1,1.000000
1724157156133660300,78,52.61,320.97,111.15,57.68,1,1,1.000000
1724157156133660300,83,79.94,100.63,221.35,57.40,1,1,1.000000
1724157156133660300,115,891.80,122.65,309.43,178.44,1,1,1.000000
1724157156133660300,72,248.80,165.74,133.23,58.68,1,1,1.000000
1724157156133660300,125,104.18,257.83,64.29,69.04,1,1,1.000000
1724157156133660300,64,171.44,237.85,89.31,88.95,1,1,1.000000
1724157156133660300,107,0.91,86.69,66.83,62.93,1,1,1.000000
1724157156133660300,126,537.28,301.87,183.63,117.68,1,1,1.000000
1724157156133660300,131,1.21,360.51,347.80,113.60,1,1,1.000000
1724157156133660300,104,0.16,294.23,43.26,71.34,1,1,1.000000
1724157156133660300,94,52.27,132.88,82.43,49.25,1,1,1.000000
1724157156176893700,58,559.37,640.26,225.98,79.36,1,1,1.000000
1724157156176893700,77,818.46,503.31,317.88,215.83,1,1,1.000000
1724157156176893700,76,727.26,555.94,243.22,155.02,1,1,1.000000
1724157156176893700,89,163.18,583.53,164.13,136.46,1,1,1.000000
1724157156176893700,90,287.33,447.36,151.97,71.52,1,1,1.000000
1724157156176893700,93,491.01,425.40,232.04,100.65,1,1,1.000000
1724157156176893700,95,75.92,26.46,94.03,68.49,1,1,1.000000
1724157156176893700,78,46.38,316.05,117.75,61.80,1,1,1.000000
1724157156176893700,83,95.84,97.74,211.27,60.25,1,1,1.000000
1724157156176893700,115,907.11,125.62,309.99,185.81,1,1,1.000000
1724157156176893700,72,259.27,162.58,123.84,64.94,1,1,1.000000
1724157156176893700,125,102.85,250.02,64.40,76.89,1,1,1.000000
1724157156176893700,64,176.92,233.68,88.50,91.70,1,1,1.000000
1724157156176893700,107,0.85,72.09,62.79,62.65,1,1,1.000000
1724157156176893700,126,531.32,315.77,195.63,106.73,1,1,1.000000
1724157156176893700,131,0.39,358.69,362.12,110.29,1,1,1.000000
1724157156176893700,104,0.29,287.54,38.52,70.86,1,1,1.000000
1724157156176893700,94,55.40,118.74,82.52,58.94,1,1,1.000000
1724157156210085300,58,569.69,644.62,225.58,75.18,1,1,1.000000
1724157156210085300,77,831.03,512.28,304.39,207.56,1,1,1.000000
1724157156210085300,76,735.36,559.84,242.71,158.53,1,1,1.000000
1724157156210085300,89,158.53,581.32,165.13,138.50,1,1,1.000000
1724157156210085300,90,290.89,450.88,151.13,71.25,1,1,1.000000
1724157156210085300,93,501.43,425.95,231.65,102.22,1,1,1.000000
1724157156210085300,95,77.65,23.35,95.98,67.68,1,1,1.000000
1724157156210085300,78,39.64,312.76,123.78,65.49,1,1,1.000000
1724157156210085300,83,109.00,94.98,204.95,58.18,1,1,1.000000
1724157156210085300,115,917.73,130.51,312.97,191.55,1,1,1.000000
1724157156210085300,72,266.25,160.51,116.41,63.19,1,1,1.000000
1724157156210085300,125,102.78,247.65,59.78,76.34,1,1,1.000000
1724157156210085300,64,182.37,228.24,85.01,87.94,1,1,1.000000
1724157156210085300,107,0.86,64.61,69.22,65.84,1,1,1.000000
1724157156210085300,126,527.89,312.09,203.97,117.36,1,1,1.000000
1724157156210085300,131,0.87,358.33,381.23,109.76,1,1,1.000000
1724157156210085300,104,0.25,286.29,39.65,69.67,1,1,1.000000
1724157156210085300,94,50.76,107.76,98.02,66.04,1,1,1.000000
1724157156257068900,58,576.91,644.36,208.82,75.33,1,1,1.000000
1724157156257068900,77,838.31,524.95,287.66,194.45,1,1,1.000000
1724157156257068900,76,748.03,563.86,228.52,153.66,1,1,1.000000
1724157156257068900,89,145.04,579.55,176.40,140.03,1,1,1.000000
1724157156257068900,90,298.52,448.94,145.37,73.36,1,1,1.000000
1724157156257068900,93,513.06,422.04,232.29,107.80,1,1,1.000000
1724157156257068900,95,79.72,19.12,100.45,69.72,1,1,1.000000
1724157156257068900,78,36.57,305.91,126.35,74.65,1,1,1.000000
1724157156257068900,83,112.15,88.91,203.15,58.21,1,1,1.000000
1724157156257068900,115,931.62,148.11,314.37,186.13,1,1,1.000000
1724157156257068900,72,279.77,157.47,105.36,64.06,1,1,1.000000
1724157156257068900,125,100.44,242.91,65.79,77.17,1,1,1.000000
1724157156257068900,64,187.03,221.80,81.00,92.15,1,1,1.000000
1724157156257068900,107,0.23,61.90,74.10,66.86,1,1,1.000000
1724157156257068900,126,525.47,324.40,216.94,98.93,1,1,1.000000
1724157156257068900,131,0.60,358.15,396.71,104.08,1,1,1.000000
1724157156257068900,104,0.14,278.13,41.95,73.71,1,1,1.000000
1724157156257068900,94,52.93,102.44,92.51,66.99,1,1,1.000000
1724157156299381000,58,601.58,643.48,183.89,76.35,1,1,1.000000
1724157156299381000,77,862.17,548.85,265.24,170.66,1,1,1.000000
1724157156299381000,76,755.48,561.07,222.50,155.17,1,1,1.000000
1724157156299381000,89,121.16,583.51,182.95,136.23,1,1,1.000000
1724157156299381000,90,299.40,444.95,146.42,78.71,1,1,1.000000
1724157156299381000,93,533.69,424.79,230.57,113.31,1,1,1.000000
1724157156299381000,95,79.23,9.96,108.29,70.77,1,1,1.000000
1724157156299381000,78,35.95,298.60,130.30,83.25,1,1,1.000000
1724157156299381000,83,139.13,80.10,186.10,56.13,1,1,1.000000
1724157156299381000,115,976.13,177.80,301.56,181.86,1,1,1.000000
1724157156299381000,72,299.04,152.03,91.54,69.00,1,1,1.000000
1724157156299381000,125,97.17,228.29,73.38,80.41,1,1,1.000000
1724157156299381000,64,199.68,209.68,68.78,95.85,1,1,1.000000
1724157156299381000,107,0.25,49.02,82.24,71.35,1,1,1.000000
1724157156299381000,126,515.43,312.05,245.13,115.67,1,1,1.000000
1724157156299381000,131,1.65,350.77,428.87,102.34,1,1,1.000000
1724157156299381000,104,0.43,262.60,48.62,80.62,1,1,1.000000
1724157156299381000,94,56.74,93.52,97.68,65.82,1,1,1.000000
1724157156332503500,58,601.58,643.48,183.89,76.35,1,1,1.000000
1724157156332503500,77,862.17,548.85,265.24,170.66,1,1,1.000000
1724157156332503500,76,755.48,561.07,222.50,155.17,1,1,1.000000
1724157156332503500,89,121.16,583.51,182.95,136.23,1,1,1.000000
1724157156332503500,90,299.40,444.95,146.42,78.71,1,1,1.000000
1724157156332503500,93,533.69,424.79,230.57,113.31,1,1,1.000000
1724157156332503500,95,79.23,9.96,108.29,70.77,1,1,1.000000
1724157156332503500,78,35.95,298.60,130.30,83.25,1,1,1.000000
1724157156332503500,83,139.13,80.10,186.10,56.13,1,1,1.000000
1724157156332503500,115,976.13,177.80,301.56,181.86,1,1,1.000000
1724157156332503500,72,299.04,152.03,91.54,69.00,1,1,1.000000
1724157156332503500,125,97.17,228.29,73.38,80.41,1,1,1.000000
1724157156332503500,64,199.68,209.68,68.78,95.85,1,1,1.000000
1724157156332503500,107,0.25,49.02,82.24,71.35,1,1,1.000000
1724157156332503500,126,515.43,312.05,245.13,115.67,1,1,1.000000
1724157156332503500,131,1.65,350.77,428.87,102.34,1,1,1.000000
1724157156332503500,104,0.43,262.60,48.62,80.62,1,1,1.000000
1724157156332503500,94,56.74,93.52,97.68,65.82,1,1,1.000000
1724157156375622100,58,604.87,641.56,180.45,78.46,1,1,1.000000
1724157156375622100,77,867.19,565.04,252.70,154.39,1,1,1.000000
1724157156375622100,76,761.79,565.67,209.85,152.48,1,1,1.000000
1724157156375622100,89,105.10,586.31,190.61,133.81,1,1,1.000000
1724157156375622100,90,296.41,445.14,152.39,78.84,1,1,1.000000
1724157156375622100,93,545.64,427.15,231.61,112.38,1,1,1.000000
1724157156375622100,95,79.90,4.24,104.95,69.56,1,1,1.000000
1724157156375622100,78,36.78,293.67,129.81,90.35,1,1,1.000000
1724157156375622100,83,153.03,75.73,174.17,56.78,1,1,1.000000
1724157156375622100,115,976.01,181.92,303.41,187.11,1,1,1.000000
1724157156375622100,72,305.09,147.90,83.84,66.71,1,1,1.000000
1724157156375622100,125,96.09,222.03,74.63,82.50,1,1,1.000000
1724157156375622100,64,206.54,199.76,64.54,100.57,1,1,1.000000
1724157156375622100,107,0.35,50.37,84.34,62.87,1,1,1.000000
1724157156375622100,126,511.33,310.37,254.32,117.07,1,1,1.000000
1724157156375622100,131,0.45,346.35,445.69,101.73,1,1,1.000000
1724157156375622100,104,0.11,254.54,49.12,86.47,1,1,1.000000
1724157156375622100,94,59.38,87.52,98.48,65.76,1,1,1.000000
1724157156406328400,58,616.71,632.63,170.43,87.02,1,1,1.000000
1724157156406328400,77,880.32,570.76,256.05,148.67,1,1,1.000000
1724157156406328400,76,771.25,566.77,214.36,152.04,1,1,1.000000
1724157156406328400,89,106.20,587.52,181.84,132.58,1,1,1.000000
1724157156406328400,90,302.23,444.08,150.15,80.07,1,1,1.000000
1724157156406328400,93,552.19,427.57,234.33,115.09,1,1,1.000000
1724157156406328400,95,82.23,1.59,105.85,68.77,1,1,1.000000
1724157156406328400,78,35.29,289.53,133.13,91.82,1,1,1.000000
1724157156406328400,83,148.98,73.42,178.06,55.94,1,1,1.000000
1724157156406328400,115,978.56,182.47,301.23,194.95,1,1,1.000000
1724157156406328400,72,315.87,150.38,74.80,61.59,1,1,1.000000
1724157156406328400,125,97.91,220.48,74.44,73.10,1,1,1.000000
1724157156406328400,64,211.03,199.48,59.83,96.89,1,1,1.000000
1724157156406328400,107,0.51,51.11,83.88,56.50,1,1,1.000000
1724157156406328400,126,506.33,312.42,272.95,117.52,1,1,1.000000
1724157156406328400,131,3.05,344.70,457.54,103.15,1,1,1.000000
1724157156406328400,104,0.25,250.44,52.55,80.49,1,1,1.000000
1724157156406328400,94,60.46,82.37,103.09,65.90,1,1,1.000000
1724157156453285500,58,638.49,634.40,153.55,85.01,1,1,1.000000
1724157156453285500,77,904.04,596.16,234.77,123.32,1,1,1.000000
1724157156453285500,76,788.59,574.33,190.34,143.81,1,1,1.000000
1724157156453285500,89,105.61,597.10,165.13,122.84,1,1,1.000000
1724157156453285500,90,305.67,441.51,156.41,82.78,1,1,1.000000
1724157156453285500,93,560.92,429.49,250.02,118.84,1,1,1.000000
1724157156453285500,95,89.81,1.63,100.07,63.18,1,1,1.000000
1724157156453285500,78,17.01,282.19,153.97,124.13,1,1,1.000000
1724157156453285500,83,148.52,62.53,185.10,61.36,1,1,1.000000
1724157156453285500,115,1009.95,200.14,269.88,184.87,1,1,1.000000
1724157156453285500,72,335.50,145.14,59.44,61.11,1,1,1.000000
1724157156453285500,125,98.41,212.04,82.02,65.78,1,1,1.000000
1724157156453285500,64,219.27,196.13,53.90,89.43,1,1,1.000000
1724157156453285500,107,11.04,40.67,76.94,59.92,1,1,1.000000
1724157156453285500,126,517.46,316.57,279.29,115.23,1,1,1.000000
1724157156453285500,131,50.52,344.37,441.34,105.94,1,1,1.000000
1724157156453285500,104,0.31,239.55,55.91,77.00,1,1,1.000000
1724157156453285500,94,69.52,75.51,104.20,66.28,1,1,1.000000
1724157156502640200,58,645.12,631.00,156.04,88.61,1,1,1.000000
1724157156502640200,77,909.63,607.54,236.19,112.17,1,1,1.000000
1724157156502640200,76,797.23,577.97,181.63,141.41,1,1,1.000000
1724157156502640200,89,108.38,594.48,151.72,125.75,1,1,1.000000
1724157156502640200,90,341.73,443.30,126.79,80.93,1,1,1.000000
1724157156502640200,93,567.69,429.06,256.12,124.35,1,1,1.000000
1724157156502640200,95,90.60,6.32,102.24,58.09,1,1,1.000000
1724157156502640200,78,15.41,278.43,158.51,125.79,1,1,1.000000
1724157156502640200,83,147.40,57.31,193.41,64.18,1,1,1.000000
1724157156502640200,115,1036.69,212.27,243.98,177.30,1,1,1.000000
1724157156502640200,72,343.50,151.86,55.07,49.53,1,1,1.000000
1724157156502640200,125,96.28,208.45,85.57,66.37,1,1,1.000000
1724157156502640200,64,219.51,191.11,53.74,90.42,1,1,1.000000
1724157156502640200,107,14.54,38.76,74.54,58.23,1,1,1.000000
1724157156502640200,126,524.96,319.03,285.33,117.22,1,1,1.000000
1724157156502640200,131,76.66,341.56,436.44,111.60,1,1,1.000000
1724157156502640200,104,0.47,233.30,54.79,80.88,1,1,1.000000
1724157156502640200,94,73.88,69.11,102.66,73.79,1,1,1.000000
1724157156502640200,133,0.02,553.97,42.31,45.58,1,1,1.000000
1724157156502640200,134,0.66,102.40,46.72,52.01,1,1,1.000000
1724157156529224300,58,655.04,634.54,154.37,85.03,1,1,1.000000
1724157156529224300,77,920.93,615.57,234.23,104.05,1,1,1.000000
1724157156529224300,76,805.41,583.73,187.26,136.36,1,1,1.000000
1724157156529224300,89,106.26,595.32,146.70,124.78,1,1,1.000000
1724157156529224300,90,344.20,441.45,129.76,84.37,1,1,1.000000
1724157156529224300,93,575.50,434.88,258.21,119.43,1,1,1.000000
1724157156529224300,95,93.91,11.55,105.92,47.12,1,1,1.000000
1724157156529224300,78,16.78,275.51,157.92,123.03,1,1,1.000000
1724157156529224300,83,148.67,53.57,196.07,64.98,1,1,1.000000
1724157156529224300,115,1050.30,221.45,230.17,171.07,1,1,1.000000
1724157156529224300,72,347.73,147.95,50.98,48.53,1,1,1.000000
1724157156529224300,125,94.10,203.21,91.00,70.46,1,1,1.000000
1724157156529224300,64,218.51,188.71,57.54,84.96,1,1,1.000000
1724157156529224300,107,16.20,37.90,74.27,56.93,1,1,1.000000
1724157156529224300,126,534.57,321.75,286.70,114.20,1,1,1.000000
1724157156529224300,131,107.58,341.37,421.07,111.94,1,1,1.000000
1724157156529224300,104,0.65,232.24,55.41,75.37,1,1,1.000000
1724157156529224300,94,78.61,69.07,102.06,72.47,1,1,1.000000
1724157156529224300,133,0.13,546.59,42.53,51.05,1,1,1.000000
1724157156529224300,134,0.83,101.71,50.03,51.26,1,1,1.000000
1724157156574403600,58,668.38,636.51,142.70,83.22,1,1,1.000000
1724157156574403600,77,934.85,620.35,213.55,98.91,1,1,1.000000
1724157156574403600,76,815.59,590.42,180.30,128.82,1,1,1.000000
1724157156574403600,89,114.00,601.66,127.46,117.27,1,1,1.000000
1724157156574403600,90,345.92,435.91,134.04,87.66,1,1,1.000000
1724157156574403600,93,579.59,440.65,271.81,121.27,1,1,1.000000
1724157156574403600,95,87.99,1.91,110.77,56.27,1,1,1.000000
1724157156574403600,78,14.21,271.90,166.20,118.76,1,1,1.000000
1724157156574403600,83,151.55,52.15,198.95,64.63,1,1,1.000000
1724157156574403600,115,1062.80,225.40,217.83,162.07,1,1,1.000000
1724157156574403600,72,347.43,145.23,55.58,51.39,1,1,1.000000
1724157156574403600,125,98.50,201.88,90.06,68.05,1,1,1.000000
1724157156574403600,64,223.56,188.83,53.98,66.83,1,1,1.000000
1724157156574403600,107,17.01,28.95,75.57,63.39,1,1,1.000000
1724157156574403600,126,548.25,323.04,280.24,111.41,1,1,1.000000
1724157156574403600,131,136.56,345.23,409.88,110.16,1,1,1.000000
1724157156574403600,104,0.48,227.12,59.50,76.43,1,1,1.000000
1724157156574403600,94,81.49,67.77,103.80,70.41,1,1,1.000000
1724157156574403600,133,0.02,548.42,45.26,48.72,1,1,1.000000
1724157156574403600,134,0.54,98.40,50.87,54.80,1,1,1.000000
1724157156621104300,58,681.43,639.63,131.97,80.05,1,1,1.000000
1724157156621104300,77,951.53,626.90,188.87,92.40,1,1,1.000000
1724157156621104300,76,823.24,596.47,169.66,122.58,1,1,1.000000
1724157156621104300,89,110.22,604.96,118.79,115.01,1,1,1.000000
1724157156621104300,90,347.73,429.04,140.51,95.39,1,1,1.000000
1724157156621104300,93,586.26,440.97,277.04,122.46,1,1,1.000000
1724157156621104300,95,89.19,0.84,111.79,58.63,1,1,1.000000
1724157156621104300,78,15.57,268.25,166.26,124.01,1,1,1.000000
1724157156621104300,83,157.95,54.11,198.46,61.63,1,1,1.000000
1724157156621104300,115,1079.87,229.43,200.47,153.49,1,1,1.000000
1724157156621104300,72,347.02,141.01,56.51,52.49,1,1,1.000000
1724157156621104300,125,109.45,199.71,86.22,65.76,1,1,1.000000
1724157156621104300,64,223.78,185.09,56.33,81.79,1,1,1.000000
1724157156621104300,107,19.96,27.58,75.23,62.69,1,1,1.000000
1724157156621104300,126,559.07,323.26,284.03,108.94,1,1,1.000000
1724157156621104300,131,165.72,348.08,399.11,108.06,1,1,1.000000
1724157156621104300,104,0.43,226.09,60.46,77.72,1,1,1.000000
1724157156621104300,94,81.20,65.81,109.43,66.68,1,1,1.000000
1724157156621104300,133,0.00,546.20,45.74,50.89,1,1,1.000000
1724157156621104300,134,0.64,95.07,51.68,55.44,1,1,1.000000
1724157156621104300,135,7.33,369.09,164.66,63.78,1,1,1.000000
1724157156652343100,58,681.43,639.63,131.97,80.05,1,1,1.000000
1724157156652343100,77,951.53,626.90,188.87,92.40,1,1,1.000000
1724157156652343100,76,823.24,596.47,169.66,122.58,1,1,1.000000
1724157156652343100,89,110.22,604.96,118.79,115.01,1,1,1.000000
1724157156652343100,90,347.73,429.04,140.51,95.39,1,1,1.000000
1724157156652343100,93,586.26,440.97,277.04,122.46,1,1,1.000000
1724157156652343100,95,89.19,0.84,111.79,58.63,1,1,1.000000
1724157156652343100,78,15.57,268.25,166.26,124.01,1,1,1.000000
1724157156652343100,83,157.95,54.11,198.46,61.63,1,1,1.000000
1724157156652343100,115,1079.87,229.43,200.47,153.49,1,1,1.000000
1724157156652343100,72,347.02,141.01,56.51,52.49,1,1,1.000000
1724157156652343100,125,109.45,199.71,86.22,65.76,1,1,1.000000
1724157156652343100,64,223.78,185.09,56.33,81.79,1,1,1.000000
1724157156652343100,107,19.96,27.58,75.23,62.69,1,1,1.000000
1724157156652343100,126,559.07,323.26,284.03,108.94,1,1,1.000000
1724157156652343100,131,165.72,348.08,399.11,108.06,1,1,1.000000
1724157156652343100,104,0.43,226.09,60.46,77.72,1,1,1.000000
1724157156652343100,94,81.20,65.81,109.43,66.68,1,1,1.000000
1724157156652343100,133,0.00,546.20,45.74,50.89,1,1,1.000000
1724157156652343100,134,0.64,95.07,51.68,55.44,1,1,1.000000
1724157156652343100,135,7.33,369.09,164.66,63.78,1,1,1.000000
1724157156700962700,58,694.80,649.52,108.57,70.13,1,1,1.000000
1724157156700962700,77,982.40,638.71,145.55,81.00,1,1,1.000000
1724157156700962700,76,838.97,609.73,143.24,109.63,1,1,1.000000
1724157156700962700,89,119.67,614.72,88.35,105.00,1,1,1.000000
1724157156700962700,90,345.99,421.08,158.05,101.16,1,1,1.000000
1724157156700962700,93,605.27,449.39,284.34,120.88,1,1,1.000000
1724157156700962700,95,96.81,0.13,114.26,59.87,1,1,1.000000
1724157156700962700,78,12.18,264.83,167.82,122.76,1,1,1.000000
1724157156700962700,83,170.44,50.27,195.39,63.61,1,1,1.000000
1724157156700962700,115,1119.86,248.32,160.52,129.23,1,1,1.000000
1724157156700962700,72,335.60,143.32,77.39,55.72,1,1,1.000000
1724157156700962700,125,126.21,199.04,77.73,55.65,1,1,1.000000
1724157156700962700,64,234.72,181.89,46.86,68.40,1,1,1.000000
1724157156700962700,107,24.85,30.40,76.88,55.33,1,1,1.000000
1724157156700962700,126,577.33,323.51,287.50,109.18,1,1,1.000000
1724157156700962700,131,211.01,341.32,385.08,118.15,1,1,1.000000
1724157156700962700,104,0.27,221.88,62.53,81.88,1,1,1.000000
1724157156700962700,94,85.06,61.83,109.21,67.04,1,1,1.000000
1724157156700962700,133,0.03,541.91,44.62,59.39,1,1,1.000000
1724157156700962700,134,0.62,93.69,54.56,56.14,1,1,1.000000
1724157156700962700,135,18.66,363.20,183.85,65.76,1,1,1.000000
1724157156743029200,58,712.61,660.89,100.03,59.01,1,1,1.000000
1724157156743029200,77,1022.15,648.93,109.07,70.61,1,1,1.000000
1724157156743029200,76,858.23,625.76,162.31,93.42,1,1,1.000000
1724157156743029200,89,130.45,634.83,53.88,84.38,1,1,1.000000
1724157156743029200,90,368.99,427.64,146.16,97.67,1,1,1.000000
1724157156743029200,93,629.69,449.10,290.99,128.91,1,1,1.000000
1724157156743029200,95,102.76,0.06,108.55,55.27,1,1,1.000000
1724157156743029200,78,19.83,261.73,159.92,127.51,1,1,1.000000
1724157156743029200,83,180.66,50.19,195.33,58.75,1,1,1.000000
1724157156743029200,115,1165.63,267.96,114.37,98.76,1,1,1.000000
1724157156743029200,72,321.27,133.25,97.89,62.58,1,1,1.000000
1724157156743029200,125,131.73,194.73,84.05,65.57,1,1,1.000000
1724157156743029200,64,233.00,175.27,51.32,84.32,1,1,1.000000
1724157156743029200,107,20.14,20.94,82.68,60.56,1,1,1.000000
1724157156743029200,126,609.75,327.42,275.89,107.11,1,1,1.000000
1724157156743029200,131,260.68,332.18,372.09,133.74,1,1,1.000000
1724157156743029200,104,0.63,223.53,65.61,91.01,1,1,1.000000
1724157156743029200,94,84.69,59.91,109.04,66.05,1,1,1.000000
1724157156743029200,133,0.00,542.42,44.44,63.75,1,1,1.000000
1724157156743029200,134,0.49,91.52,59.26,58.59,1,1,1.000000
1724157156743029200,135,17.73,358.95,195.88,65.63,1,1,1.000000
1724157156772505300,58,712.61,660.89,100.03,59.01,1,1,1.000000
1724157156772505300,77,1022.15,648.93,109.07,70.61,1,1,1.000000
1724157156772505300,76,858.23,625.76,162.31,93.42,1,1,1.000000
1724157156772505300,89,130.45,634.83,53.88,84.38,1,1,1.000000
1724157156772505300,90,368.99,427.64,146.16,97.67,1,1,1.000000
1724157156772505300,93,629.69,449.10,290.99,128.91,1,1,1.000000
1724157156772505300,95,102.76,0.06,108.55,55.27,1,1,1.000000
1724157156772505300,78,19.83,261.73,159.92,127.51,1,1,1.000000
1724157156772505300,83,180.66,50.19,195.33,58.75,1,1,1.000000
1724157156772505300,115,1165.63,267.96,114.37,98.76,1,1,1.000000
1724157156772505300,72,321.27,133.25,97.89,62.58,1,1,1.000000
1724157156772505300,125,131.73,194.73,84.05,65.57,1,1,1.000000
1724157156772505300,64,233.00,175.27,51.32,84.32,1,1,1.000000
1724157156772505300,107,20.14,20.94,82.68,60.56,1,1,1.000000
1724157156772505300,126,609.75,327.42,275.89,107.11,1,1,1.000000
1724157156772505300,131,260.68,332.18,372.09,133.74,1,1,1.000000
1724157156772505300,104,0.63,223.53,65.61,91.01,1,1,1.000000
1724157156772505300,94,84.69,59.91,109.04,66.05,1,1,1.000000
1724157156772505300,133,0.00,542.42,44.44,63.75,1,1,1.000000
1724157156772505300,134,0.49,91.52,59.26,58.59,1,1,1.000000
1724157156772505300,135,17.73,358.95,195.88,65.63,1,1,1.000000
1724157156820670000,58,738.91,674.21,77.66,45.63,1,1,1.000000
1724157156820670000,77,1065.38,666.91,63.24,53.11,1,1,1.000000
1724157156820670000,76,874.86,634.63,148.92,85.22,1,1,1.000000
1724157156820670000,90,374.29,433.07,154.51,96.75,1,1,1.000000
1724157156820670000,93,654.55,445.94,299.18,135.55,1,1,1.000000
1724157156820670000,95,105.96,0.00,100.41,48.70,1,1,1.000000
1724157156820670000,78,21.15,261.87,162.44,126.90,1,1,1.000000
1724157156820670000,83,190.41,45.36,196.47,63.80,1,1,1.000000
1724157156820670000,115,1202.54,285.03,77.44,66.08,1,1,1.000000
1724157156820670000,72,312.75,129.98,110.44,64.64,1,1,1.000000
1724157156820670000,125,131.34,199.18,95.58,62.99,1,1,1.000000
1724157156820670000,64,235.74,172.53,52.65,82.43,1,1,1.000000
1724157156820670000,107,24.08,15.67,78.28,65.75,1,1,1.000000
1724157156820670000,126,624.88,330.15,283.25,108.56,1,1,1.000000
1724157156820670000,131,309.14,335.34,362.99,140.88,1,1,1.000000
1724157156820670000,104,1.37,226.73,65.81,83.45,1,1,1.000000
1724157156820670000,94,88.18,59.00,106.01,67.15,1,1,1.000000
1724157156820670000,133,0.00,542.03,46.73,72.49,1,1,1.000000
1724157156820670000,134,0.65,92.47,63.59,63.14,1,1,1.000000
1724157156820670000,135,18.75,359.17,204.27,72.05,1,1,1.000000
1724157156849262300,58,738.91,674.21,77.66,45.63,1,1,1.000000
1724157156849262300,77,1065.38,666.91,63.24,53.11,1,1,1.000000
1724157156849262300,76,874.86,634.63,148.92,85.22,1,1,1.000000
1724157156849262300,90,374.29,433.07,154.51,96.75,1,1,1.000000
1724157156849262300,93,654.55,445.94,299.18,135.55,1,1,1.000000
1724157156849262300,95,105.96,0.00,100.41,48.70,1,1,1.000000
1724157156849262300,78,21.15,261.87,162.44,126.90,1,1,1.000000
1724157156849262300,83,190.41,45.36,196.47,63.80,1,1,1.000000
1724157156849262300,115,1202.54,285.03,77.44,66.08,1,1,1.000000
1724157156849262300,72,312.75,129.98,110.44,64.64,1,1,1.000000
1724157156849262300,125,131.34,199.18,95.58,62.99,1,1,1.000000
1724157156849262300,64,235.74,172.53,52.65,82.43,1,1,1.000000
1724157156849262300,107,24.08,15.67,78.28,65.75,1,1,1.000000
1724157156849262300,126,624.88,330.15,283.25,108.56,1,1,1.000000
1724157156849262300,131,309.14,335.34,362.99,140.88,1,1,1.000000
1724157156849262300,104,1.37,226.73,65.81,83.45,1,1,1.000000
1724157156849262300,94,88.18,59.00,106.01,67.15,1,1,1.000000
1724157156849262300,133,0.00,542.03,46.73,72.49,1,1,1.000000
1724157156849262300,134,0.65,92.47,63.59,63.14,1,1,1.000000
1724157156849262300,135,18.75,359.17,204.27,72.05,1,1,1.000000
1724157156894723600,58,752.20,678.27,77.80,41.58,1,1,1.000000
1724157156894723600,77,1085.36,676.60,52.31,43.10,1,1,1.000000
1724157156894723600,76,889.53,645.82,126.49,73.08,1,1,1.000000
1724157156894723600,90,372.09,430.41,163.81,102.87,1,1,1.000000
1724157156894723600,93,671.70,449.98,298.61,133.39,1,1,1.000000
1724157156894723600,95,109.31,0.00,101.48,50.86,1,1,1.000000
1724157156894723600,78,24.10,261.41,161.18,129.47,1,1,1.000000
1724157156894723600,83,196.37,46.08,194.58,63.15,1,1,1.000000
1724157156894723600,115,1228.02,295.06,51.27,62.29,1,1,1.000000
1724157156894723600,72,311.13,125.77,115.66,69.01,1,1,1.000000
1724157156894723600,125,130.28,197.58,101.98,64.89,1,1,1.000000
1724157156894723600,64,236.34,170.79,55.48,82.57,1,1,1.000000
1724157156894723600,107,25.60,14.50,75.44,67.06,1,1,1.000000
1724157156894723600,126,634.32,330.46,289.76,113.86,1,1,1.000000
1724157156894723600,131,325.35,339.98,369.17,142.05,1,1,1.000000
1724157156894723600,104,0.65,224.57,71.18,84.86,1,1,1.000000
1724157156894723600,94,88.49,60.83,114.97,65.92,1,1,1.000000
1724157156894723600,133,0.00,539.71,46.97,79.03,1,1,1.000000
1724157156894723600,134,0.55,93.13,65.44,61.17,1,1,1.000000
1724157156894723600,135,17.03,354.75,214.89,74.22,1,1,1.000000
1724157156939036800,58,784.88,684.16,66.50,35.84,1,1,1.000000
1724157156939036800,76,912.90,651.54,110.56,68.08,1,1,1.000000
1724157156939036800,90,376.26,441.12,171.93,101.50,1,1,1.000000
1724157156939036800,93,707.53,452.91,298.19,133.40,1,1,1.000000
1724157156939036800,95,116.65,0.00,98.99,54.23,1,1,1.000000
1724157156939036800,78,39.81,261.10,149.26,125.15,1,1,1.000000
1724157156939036800,83,215.73,52.57,184.84,56.91,1,1,1.000000
1724157156939036800,72,302.48,126.88,130.60,66.31,1,1,1.000000
1724157156939036800,125,127.61,196.40,128.25,71.77,1,1,1.000000
1724157156939036800,64,239.85,171.17,53.00,87.16,1,1,1.000000
1724157156939036800,107,25.37,15.37,77.48,66.09,1,1,1.000000
1724157156939036800,126,650.19,339.45,300.77,108.56,1,1,1.000000
1724157156939036800,131,354.75,359.15,371.03,134.26,1,1,1.000000
1724157156939036800,104,0.81,220.95,75.12,88.59,1,1,1.000000
1724157156939036800,94,80.36,60.93,122.91,69.41,1,1,1.000000
1724157156939036800,133,0.00,534.67,52.82,94.72,1,1,1.000000
1724157156939036800,134,0.37,91.36,68.72,63.62,1,1,1.000000
1724157156939036800,135,19.10,353.48,224.25,80.50,1,1,1.000000
1724157156970747900,58,784.88,684.16,66.50,35.84,1,1,1.000000
1724157156970747900,76,912.90,651.54,110.56,68.08,1,1,1.000000
1724157156970747900,90,376.26,441.12,171.93,101.50,1,1,1.000000
1724157156970747900,93,707.53,452.91,298.19,133.40,1,1,1.000000
1724157156970747900,95,116.65,0.00,98.99,54.23,1,1,1.000000
1724157156970747900,78,39.81,261.10,149.26,125.15,1,1,1.000000
1724157156970747900,83,215.73,52.57,184.84,56.91,1,1,1.000000
1724157156970747900,72,302.48,126.88,130.60,66.31,1,1,1.000000
1724157156970747900,125,127.61,196.40,128.25,71.77,1,1,1.000000
1724157156970747900,64,239.85,171.17,53.00,87.16,1,1,1.000000
1724157156970747900,107,25.37,15.37,77.48,66.09,1,1,1.000000
1724157156970747900,126,650.19,339.45,300.77,108.56,1,1,1.000000
1724157156970747900,131,354.75,359.15,371.03,134.26,1,1,1.000000
1724157156970747900,104,0.81,220.95,75.12,88.59,1,1,1.000000
1724157156970747900,94,80.36,60.93,122.91,69.41,1,1,1.000000
1724157156970747900,133,0.00,534.67,52.82,94.72,1,1,1.000000
1724157156970747900,134,0.37,91.36,68.72,63.62,1,1,1.000000
1724157156970747900,135,19.10,353.48,224.25,80.50,1,1,1.000000
1724157157015198100,58,812.34,686.45,57.66,33.50,1,1,1.000000
1724157157015198100,76,934.90,660.44,107.08,59.14,1,1,1.000000
1724157157015198100,90,386.05,450.28,175.10,97.42,1,1,1.000000
1724157157015198100,93,734.34,451.36,305.46,138.01,1,1,1.000000
1724157157015198100,95,112.59,0.00,112.35,57.33,1,1,1.000000
1724157157015198100,78,54.82,262.09,138.46,121.92,1,1,1.000000
1724157157015198100,83,232.90,56.73,169.12,55.23,1,1,1.000000
1724157157015198100,72,300.43,120.71,144.73,68.82,1,1,1.000000
1724157157015198100,125,125.11,196.76,129.27,72.96,1,1,1.000000
1724157157015198100,64,240.85,170.69,56.73,86.31,1,1,1.000000
1724157157015198100,107,38.41,19.00,65.18,64.72,1,1,1.000000
1724157157015198100,126,671.75,347.72,304.44,102.03,1,1,1.000000
1724157157015198100,131,391.97,373.33,370.92,127.76,1,1,1.000000
1724157157015198100,104,0.28,217.63,74.63,106.15,1,1,1.000000
1724157157015198100,94,80.12,62.17,128.39,70.86,1,1,1.000000
1724157157015198100,133,0.00,531.43,57.52,105.88,1,1,1.000000
1724157157015198100,134,0.71,95.58,68.24,60.10,1,1,1.000000
1724157157015198100,135,38.75,354.41,213.68,76.74,1,1,1.000000
1724157157063674700,58,828.64,690.94,47.35,29.01,1,1,1.000000
1724157157063674700,76,949.18,665.04,100.95,54.64,1,1,1.000000
1724157157063674700,90,390.06,450.83,176.89,99.36,1,1,1.000000
1724157157063674700,93,777.72,480.32,278.84,110.22,1,1,1.000000
1724157157063674700,95,113.90,0.00,112.46,58.50,1,1,1.000000
1724157157063674700,78,60.04,262.13,133.99,123.88,1,1,1.000000
1724157157063674700,83,234.97,50.41,166.49,62.60,1,1,1.000000
1724157157063674700,72,295.22,118.24,152.79,73.93,1,1,1.000000
1724157157063674700,125,118.15,195.30,141.80,74.93,1,1,1.000000
1724157157063674700,64,239.15,170.06,61.22,89.69,1,1,1.000000
1724157157063674700,107,43.72,20.98,61.32,61.69,1,1,1.000000
1724157157063674700,126,684.12,348.84,306.61,103.88,1,1,1.000000
1724157157063674700,131,416.71,378.55,368.01,129.08,1,1,1.000000
1724157157063674700,104,0.90,218.30,74.73,103.91,1,1,1.000000
1724157157063674700,94,81.06,63.26,129.74,71.07,1,1,1.000000
1724157157063674700,133,0.00,530.22,60.15,110.01,1,1,1.000000
1724157157063674700,134,0.34,97.12,70.63,62.94,1,1,1.000000
1724157157063674700,135,45.74,350.53,212.05,78.42,1,1,1.000000
1724157157092614700,76,960.24,665.53,99.35,54.26,1,1,1.000000
1724157157092614700,90,402.18,457.41,171.33,99.82,1,1,1.000000
1724157157092614700,93,789.62,493.24,290.24,101.11,1,1,1.000000
1724157157092614700,95,114.72,0.08,109.63,57.85,1,1,1.000000
1724157157092614700,78,65.61,258.81,129.32,129.49,1,1,1.000000
1724157157092614700,83,236.79,50.00,162.17,66.11,1,1,1.000000
1724157157092614700,72,290.99,120.96,158.67,73.60,1,1,1.000000
1724157157092614700,125,117.49,196.11,142.43,73.39,1,1,1.000000
1724157157092614700,64,243.34,168.55,58.33,91.16,1,1,1.000000
1724157157092614700,107,49.86,24.10,58.61,58.40,1,1,1.000000
1724157157092614700,126,699.95,347.19,304.49,107.89,1,1,1.000000
1724157157092614700,131,442.38,377.70,360.17,132.51,1,1,1.000000
1724157157092614700,104,5.38,217.50,69.33,104.55,1,1,1.000000
1724157157092614700,94,81.07,64.54,130.70,73.93,1,1,1.000000
1724157157092614700,133,0.17,538.91,60.97,104.02,1,1,1.000000
1724157157092614700,134,0.51,98.33,73.33,63.60,1,1,1.000000
1724157157092614700,135,52.56,351.40,209.31,78.25,1,1,1.000000
1724157157135191200,76,973.28,671.78,91.11,47.90,1,1,1.000000
1724157157135191200,90,409.02,456.62,171.46,104.55,1,1,1.000000
1724157157135191200,93,784.64,499.28,314.52,99.99,1,1,1.000000
1724157157135191200,95,109.34,0.16,115.28,57.64,1,1,1.000000
1724157157135191200,78,74.01,263.97,123.47,126.96,1,1,1.000000
1724157157135191200,83,236.75,50.59,160.01,66.46,1,1,1.000000
1724157157135191200,72,280.26,119.13,170.27,75.31,1,1,1.000000
1724157157135191200,125,123.67,197.43,143.99,73.24,1,1,1.000000
1724157157135191200,64,246.35,169.98,58.90,90.44,1,1,1.000000
1724157157135191200,107,53.65,27.81,56.95,55.46,1,1,1.000000
1724157157135191200,126,712.55,349.22,303.56,104.68,1,1,1.000000
1724157157135191200,131,461.83,377.04,361.73,136.35,1,1,1.000000
1724157157135191200,104,20.46,221.07,54.72,102.46,1,1,1.000000
1724157157135191200,94,80.04,66.28,133.79,76.40,1,1,1.000000
1724157157135191200,133,0.00,541.31,62.67,107.14,1,1,1.000000
1724157157135191200,134,0.45,99.98,71.50,65.91,1,1,1.000000
1724157157135191200,135,55.44,352.37,212.46,81.12,1,1,1.000000
1724157157135191200,137,0.96,229.25,38.91,53.38,1,1,1.000000
1724157157180731200,76,988.30,677.36,82.44,42.49,1,1,1.000000
1724157157180731200,90,419.57,457.23,168.75,107.76,1,1,1.000000
1724157157180731200,93,777.38,502.81,340.48,102.58,1,1,1.000000
1724157157180731200,95,99.78,0.00,121.59,63.47,1,1,1.000000
1724157157180731200,78,72.23,265.27,123.00,129.23,1,1,1.000000
1724157157180731200,83,239.51,56.08,155.36,62.79,1,1,1.000000
1724157157180731200,72,273.39,119.52,179.27,76.67,1,1,1.000000
1724157157180731200,125,113.12,198.37,154.96,75.43,1,1,1.000000
1724157157180731200,64,244.87,170.42,63.65,89.80,1,1,1.000000
1724157157180731200,107,59.86,32.42,53.74,49.93,1,1,1.000000
1724157157180731200,126,720.43,347.83,308.20,106.67,1,1,1.000000
1724157157180731200,131,481.78,375.12,361.01,140.40,1,1,1.000000
1724157157180731200,104,21.00,223.04,54.41,100.56,1,1,1.000000
1724157157180731200,94,78.54,70.34,134.24,75.57,1,1,1.000000
1724157157180731200,133,0.00,546.19,66.01,104.99,1,1,1.000000
1724157157180731200,134,0.28,103.21,72.53,66.68,1,1,1.000000
1724157157180731200,135,58.82,351.73,210.96,81.82,1,1,1.000000
1724157157180731200,137,0.95,233.78,35.97,50.11,1,1,1.000000
1724157157217733500,76,999.60,676.79,76.02,43.30,1,1,1.000000
1724157157217733500,90,428.00,457.42,163.44,110.22,1,1,1.000000
1724157157217733500,93,783.27,506.26,354.10,100.02,1,1,1.000000
1724157157217733500,95,99.79,0.00,121.45,64.84,1,1,1.000000
1724157157217733500,78,83.80,269.15,115.75,124.10,1,1,1.000000
1724157157217733500,83,246.43,58.55,146.52,59.34,1,1,1.000000
1724157157217733500,72,263.03,120.63,192.70,76.41,1,1,1.000000
1724157157217733500,125,117.81,200.92,153.40,72.74,1,1,1.000000
1724157157217733500,64,247.84,175.08,60.65,85.62,1,1,1.000000
1724157157217733500,107,62.25,30.30,57.20,58.25,1,1,1.000000
1724157157217733500,126,732.07,346.76,310.53,108.19,1,1,1.000000
1724157157217733500,131,503.12,372.45,363.85,150.07,1,1,1.000000
1724157157217733500,104,25.86,225.64,51.33,83.12,1,1,1.000000
1724157157217733500,94,77.21,71.53,136.82,74.61,1,1,1.000000
1724157157217733500,133,0.00,546.12,68.73,108.09,1,1,1.000000
1724157157217733500,134,0.42,106.60,74.63,65.58,1,1,1.000000
1724157157217733500,135,65.90,352.24,210.73,81.45,1,1,1.000000
1724157157217733500,137,0.97,236.08,34.37,49.15,1,1,1.000000
1724157157257505400,76,1007.69,681.43,68.66,38.82,1,1,1.000000
1724157157257505400,90,435.95,457.76,162.11,115.18,1,1,1.000000
1724157157257505400,93,798.44,506.32,363.59,105.96,1,1,1.000000
1724157157257505400,95,100.67,0.53,121.32,66.98,1,1,1.000000
1724157157257505400,78,90.14,271.01,110.45,126.77,1,1,1.000000
1724157157257505400,83,253.52,60.78,139.61,58.13,1,1,1.000000
1724157157257505400,72,253.73,114.54,205.81,84.28,1,1,1.000000
1724157157257505400,125,119.78,203.69,153.03,68.78,1,1,1.000000
1724157157257505400,64,247.92,176.29,61.73,91.66,1,1,1.000000
1724157157257505400,107,67.37,35.52,57.96,59.17,1,1,1.000000
1724157157257505400,126,744.60,348.20,309.11,107.83,1,1,1.000000
1724157157257505400,131,523.03,373.74,370.45,155.21,1,1,1.000000
1724157157257505400,104,28.59,224.69,56.86,84.55,1,1,1.000000
1724157157257505400,94,78.53,72.10,136.04,77.77,1,1,1.000000
1724157157257505400,133,0.00,547.30,70.09,111.91,1,1,1.000000
1724157157257505400,134,0.51,109.58,79.69,65.19,1,1,1.000000
1724157157257505400,135,75.33,354.67,205.50,79.95,1,1,1.000000
1724157157257505400,137,0.98,234.33,35.62,55.10,1,1,1.000000
1724157157257505400,139,0.48,368.12,25.21,42.76,1,1,1.000000
1724157157289232300,76,1011.24,689.66,75.05,30.70,1,1,1.000000
1724157157289232300,90,444.53,462.84,157.78,113.45,1,1,1.000000
1724157157289232300,93,816.22,506.66,370.88,108.18,1,1,1.000000
1724157157289232300,95,94.68,0.72,126.61,71.44,1,1,1.000000
1724157157289232300,78,97.28,272.05,105.03,126.36,1,1,1.000000
1724157157289232300,83,260.84,63.40,132.99,55.14,1,1,1.000000
1724157157289232300,72,242.26,113.82,210.19,87.77,1,1,1.000000
1724157157289232300,125,115.70,206.59,162.05,68.82,1,1,1.000000
1724157157289232300,64,250.01,175.90,62.48,93.19,1,1,1.000000
1724157157289232300,107,66.76,36.30,56.71,63.22,1,1,1.000000
1724157157289232300,126,754.46,349.23,313.87,108.87,1,1,1.000000
1724157157289232300,131,544.17,379.09,368.63,163.86,1,1,1.000000
1724157157289232300,104,31.92,225.52,56.87,89.60,1,1,1.000000
1724157157289232300,94,77.88,73.99,135.60,77.11,1,1,1.000000
1724157157289232300,133,0.37,551.03,69.33,112.01,1,1,1.000000
1724157157289232300,134,0.82,116.17,81.36,60.51,1,1,1.000000
1724157157289232300,135,77.03,352.80,207.56,81.71,1,1,1.000000
1724157157289232300,137,0.51,241.54,36.76,48.24,1,1,1.000000
1724157157289232300,139,0.18,370.24,28.66,50.36,1,1,1.000000
1724157157333440800,90,452.77,467.67,156.11,113.07,1,1,1.000000
1724157157333440800,93,912.68,506.16,295.57,108.20,1,1,1.000000
1724157157333440800,95,95.70,1.63,126.46,73.82,1,1,1.000000
1724157157333440800,78,99.84,273.30,102.73,128.37,1,1,1.000000
1724157157333440800,83,269.62,66.57,120.88,50.05,1,1,1.000000
1724157157333440800,72,236.21,117.39,206.91,86.28,1,1,1.000000
1724157157333440800,125,111.50,208.74,169.58,66.68,1,1,1.000000
1724157157333440800,64,251.76,175.58,62.18,94.94,1,1,1.000000
1724157157333440800,107,64.77,36.55,62.48,63.54,1,1,1.000000
1724157157333440800,126,770.64,352.36,309.69,106.07,1,1,1.000000
1724157157333440800,131,559.23,383.29,373.97,176.08,1,1,1.000000
1724157157333440800,104,32.91,224.84,60.66,91.20,1,1,1.000000
1724157157333440800,94,77.54,77.92,135.52,76.64,1,1,1.000000
1724157157333440800,133,0.19,551.06,73.02,118.31,1,1,1.000000
1724157157333440800,134,0.85,122.67,78.34,55.79,1,1,1.000000
1724157157333440800,135,83.53,354.16,203.39,84.14,1,1,1.000000
1724157157333440800,139,0.03,372.42,29.81,52.34,1,1,1.000000
1724157157381997800,90,460.86,466.50,155.01,123.88,1,1,1.000000
1724157157381997800,93,926.89,505.99,300.30,111.82,1,1,1.000000
1724157157381997800,95,94.79,0.67,134.69,79.78,1,1,1.000000
1724157157381997800,78,105.64,276.76,99.33,115.17,1,1,1.000000
1724157157381997800,83,275.77,70.08,121.27,51.57,1,1,1.000000
1724157157381997800,72,223.69,126.40,209.85,76.92,1,1,1.000000
1724157157381997800,125,109.23,212.30,171.85,63.50,1,1,1.000000
1724157157381997800,64,252.17,176.57,65.12,95.50,1,1,1.000000
1724157157381997800,107,66.49,38.01,58.24,62.82,1,1,1.000000
1724157157381997800,126,783.11,356.06,314.28,102.64,1,1,1.000000
1724157157381997800,131,575.28,389.68,385.05,159.40,1,1,1.000000
1724157157381997800,104,35.80,226.70,62.85,92.18,1,1,1.000000
1724157157381997800,94,79.65,81.37,133.36,77.08,1,1,1.000000
1724157157381997800,133,0.65,548.65,79.13,128.86,1,1,1.000000
1724157157381997800,134,0.69,123.89,80.55,62.21,1,1,1.000000
1724157157381997800,135,88.06,359.63,196.23,81.57,1,1,1.000000
1724157157381997800,139,0.00,377.91,32.72,47.99,1,1,1.000000
1724157157381997800,76,1047.31,693.80,51.94,26.38,1,1,1.000000
1724157157381997800,137,1.33,250.97,37.56,54.98,1,1,1.000000
1724157157412982000,90,467.95,468.44,153.44,128.25,1,1,1.000000
1724157157412982000,93,954.94,507.13,291.75,110.16,1,1,1.000000
1724157157412982000,95,90.28,0.82,134.86,78.35,1,1,1.000000
1724157157412982000,78,116.44,279.31,90.90,108.90,1,1,1.000000
1724157157412982000,83,280.14,73.85,113.10,52.09,1,1,1.000000
1724157157412982000,72,210.84,123.21,217.59,81.71,1,1,1.000000
1724157157412982000,125,113.41,216.47,177.13,63.55,1,1,1.000000
1724157157412982000,64,251.83,177.66,65.14,94.53,1,1,1.000000
1724157157412982000,107,66.05,49.16,58.86,58.26,1,1,1.000000
1724157157412982000,126,794.53,357.06,317.09,103.56,1,1,1.000000
1724157157412982000,131,588.26,397.37,398.58,157.66,1,1,1.000000
1724157157412982000,104,32.82,229.30,68.23,93.32,1,1,1.000000
1724157157412982000,94,77.27,82.39,135.66,77.96,1,1,1.000000
1724157157412982000,133,4.34,554.96,74.67,135.09,1,1,1.000000
1724157157412982000,134,0.56,128.13,83.05,59.84,1,1,1.000000
1724157157412982000,135,99.03,362.34,187.93,83.38,1,1,1.000000
1724157157412982000,139,0.02,381.06,35.62,46.76,1,1,1.000000
1724157157457736500,90,484.12,474.82,142.01,131.62,1,1,1.000000
1724157157457736500,93,1003.82,512.38,274.44,108.80,1,1,1.000000
1724157157457736500,95,90.97,0.93,131.47,87.49,1,1,1.000000
1724157157457736500,78,124.06,284.86,85.91,115.90,1,1,1.000000
1724157157457736500,83,298.92,81.49,96.12,48.92,1,1,1.000000
1724157157457736500,72,192.80,125.77,225.93,79.63,1,1,1.000000
1724157157457736500,125,96.84,223.69,191.34,60.11,1,1,1.000000
1724157157457736500,64,251.02,182.75,62.77,90.75,1,1,1.000000
1724157157457736500,107,62.77,55.05,63.78,58.28,1,1,1.000000
1724157157457736500,126,809.00,362.12,337.37,100.78,1,1,1.000000
1724157157457736500,131,617.01,412.72,417.64,152.69,1,1,1.000000
1724157157457736500,104,37.33,236.72,67.89,84.32,1,1,1.000000
1724157157457736500,94,79.22,93.66,130.78,69.26,1,1,1.000000
1724157157457736500,133,4.50,571.06,80.45,142.72,1,1,1.000000
1724157157457736500,134,0.56,137.71,83.45,56.69,1,1,1.000000
1724157157457736500,135,108.15,362.83,195.91,86.49,1,1,1.000000
1724157157457736500,139,0.11,386.73,41.75,54.96,1,1,1.000000
1724157157500926300,90,488.14,475.46,142.23,136.06,1,1,1.000000
1724157157500926300,93,1022.21,511.99,257.70,111.44,1,1,1.000000
1724157157500926300,95,90.94,0.87,127.09,92.56,1,1,1.000000
1724157157500926300,78,130.53,287.22,80.96,114.54,1,1,1.000000
1724157157500926300,83,308.10,81.94,90.27,53.14,1,1,1.000000
1724157157500926300,72,183.48,127.72,237.88,78.88,1,1,1.000000
1724157157500926300,125,98.61,227.00,193.34,58.06,1,1,1.000000
1724157157500926300,64,247.27,187.27,66.10,85.95,1,1,1.000000
1724157157500926300,107,60.85,62.86,65.52,57.49,1,1,1.000000
1724157157500926300,126,823.03,365.89,340.08,100.05,1,1,1.000000
1724157157500926300,131,631.54,420.78,427.81,147.97,1,1,1.000000
1724157157500926300,104,33.53,233.44,77.12,88.14,1,1,1.000000
1724157157500926300,94,81.87,96.24,128.62,68.49,1,1,1.000000
1724157157500926300,133,0.64,580.06,81.74,139.49,1,1,1.000000
1724157157500926300,134,0.45,142.36,82.68,59.06,1,1,1.000000
1724157157500926300,135,110.90,365.23,194.99,86.93,1,1,1.000000
1724157157500926300,139,0.30,387.25,44.04,56.03,1,1,1.000000
1724157157530160800,90,497.64,477.79,133.25,138.96,1,1,1.000000
1724157157530160800,93,1047.90,518.96,231.43,103.62,1,1,1.000000
1724157157530160800,95,92.39,6.18,122.44,82.75,1,1,1.000000
1724157157530160800,78,136.15,289.79,74.64,115.49,1,1,1.000000
1724157157530160800,83,310.49,85.97,84.09,52.87,1,1,1.000000
1724157157530160800,72,173.49,123.83,251.13,82.71,1,1,1.000000
1724157157530160800,125,100.81,231.72,201.50,56.19,1,1,1.000000
1724157157530160800,64,245.21,190.23,64.18,85.64,1,1,1.000000
1724157157530160800,107,60.69,63.91,63.38,59.83,1,1,1.000000
1724157157530160800,126,838.54,371.74,338.55,95.27,1,1,1.000000
1724157157530160800,131,653.72,427.32,429.73,148.04,1,1,1.000000
1724157157530160800,104,34.44,233.06,81.39,88.64,1,1,1.000000
1724157157530160800,94,81.16,99.49,127.65,65.16,1,1,1.000000
1724157157530160800,133,0.40,591.29,85.40,128.14,1,1,1.000000
1724157157530160800,134,1.10,143.92,81.88,68.84,1,1,1.000000
1724157157530160800,135,118.93,362.80,195.71,86.40,1,1,1.000000
1724157157530160800,139,0.00,389.62,47.17,60.49,1,1,1.000000
1724157157578066800,90,497.64,477.79,133.25,138.96,1,1,1.000000
1724157157578066800,93,1047.90,518.96,231.43,103.62,1,1,1.000000
1724157157578066800,95,92.39,6.18,122.44,82.75,1,1,1.000000
1724157157578066800,78,136.15,289.79,74.64,115.49,1,1,1.000000
1724157157578066800,83,310.49,85.97,84.09,52.87,1,1,1.000000
1724157157578066800,72,173.49,123.83,251.13,82.71,1,1,1.000000
1724157157578066800,125,100.81,231.72,201.50,56.19,1,1,1.000000
1724157157578066800,64,245.21,190.23,64.18,85.64,1,1,1.000000
1724157157578066800,107,60.69,63.91,63.38,59.83,1,1,1.000000
1724157157578066800,126,838.54,371.74,338.55,95.27,1,1,1.000000
1724157157578066800,131,653.72,427.32,429.73,148.04,1,1,1.000000
1724157157578066800,104,34.44,233.06,81.39,88.64,1,1,1.000000
1724157157578066800,94,81.16,99.49,127.65,65.16,1,1,1.000000
1724157157578066800,133,0.40,591.29,85.40,128.14,1,1,1.000000
1724157157578066800,134,1.10,143.92,81.88,68.84,1,1,1.000000
1724157157578066800,135,118.93,362.80,195.71,86.40,1,1,1.000000
1724157157578066800,139,0.00,389.62,47.17,60.49,1,1,1.000000
1724157157620448500,90,505.93,486.02,130.58,144.93,1,1,1.000000
1724157157620448500,93,1100.41,524.47,178.77,100.62,1,1,1.000000
1724157157620448500,95,97.78,17.37,117.63,75.90,1,1,1.000000
1724157157620448500,78,140.47,292.30,74.25,110.71,1,1,1.000000
1724157157620448500,83,336.91,90.09,53.42,51.73,1,1,1.000000
1724157157620448500,72,155.38,128.24,271.16,78.84,1,1,1.000000
1724157157620448500,125,96.68,233.11,195.93,59.85,1,1,1.000000
1724157157620448500,64,242.20,194.66,66.11,84.53,1,1,1.000000
1724157157620448500,107,57.00,67.29,65.14,59.93,1,1,1.000000
1724157157620448500,126,868.05,379.16,343.45,95.26,1,1,1.000000
1724157157620448500,131,690.60,429.68,440.94,155.24,1,1,1.000000
1724157157620448500,104,26.93,243.70,83.28,85.43,1,1,1.000000
1724157157620448500,94,86.96,105.43,124.02,61.13,1,1,1.000000
1724157157620448500,133,0.71,603.56,94.29,116.05,1,1,1.000000
1724157157620448500,134,0.92,149.60,82.81,64.82,1,1,1.000000
1724157157620448500,135,127.14,362.03,189.22,89.09,1,1,1.000000
1724157157620448500,139,0.28,391.53,52.85,62.46,1,1,1.000000
1724157157620448500,137,0.74,275.63,36.11,51.28,1,1,1.000000
1724157157651434800,90,509.92,490.16,127.75,147.18,1,1,1.000000
1724157157651434800,93,1125.81,526.68,153.29,101.42,1,1,1.000000
1724157157651434800,95,102.81,20.91,110.38,73.62,1,1,1.000000
1724157157651434800,78,140.81,294.75,72.33,110.95,1,1,1.000000
1724157157651434800,83,342.09,86.94,45.67,52.23,1,1,1.000000
1724157157651434800,72,142.58,127.53,279.11,79.04,1,1,1.000000
1724157157651434800,125,89.68,235.31,208.01,64.76,1,1,1.000000
1724157157651434800,64,239.05,197.22,61.13,76.39,1,1,1.000000
1724157157651434800,107,53.36,69.35,68.99,59.47,1,1,1.000000
1724157157651434800,126,882.33,379.51,343.36,97.87,1,1,1.000000
1724157157651434800,131,713.86,428.35,439.72,163.48,1,1,1.000000
1724157157651434800,104,33.81,240.03,78.71,88.54,1,1,1.000000
1724157157651434800,94,90.52,107.65,117.79,58.38,1,1,1.000000
1724157157651434800,133,0.53,603.88,104.32,115.60,1,1,1.000000
1724157157651434800,134,0.88,151.66,84.06,62.85,1,1,1.000000
1724157157651434800,135,131.18,361.83,191.22,92.99,1,1,1.000000
1724157157651434800,139,0.28,390.80,54.67,66.65,1,1,1.000000
1724157157651434800,140,113.19,0.27,130.31,23.15,1,1,1.000000
1724157157651434800,137,0.76,273.94,35.54,53.06,1,1,1.000000
1724157157697589100,90,514.21,497.17,126.21,144.04,1,1,1.000000
1724157157697589100,93,1141.26,530.28,138.48,98.34,1,1,1.000000
1724157157697589100,95,106.82,23.83,109.45,78.15,1,1,1.000000
1724157157697589100,78,141.24,297.01,75.81,115.72,1,1,1.000000
1724157157697589100,83,346.87,83.89,40.78,52.60,1,1,1.000000
1724157157697589100,72,135.56,126.78,286.21,77.60,1,1,1.000000
1724157157697589100,125,78.78,236.28,221.09,78.19,1,1,1.000000
1724157157697589100,64,235.77,198.79,67.35,72.36,1,1,1.000000
1724157157697589100,107,51.61,70.81,64.60,58.91,1,1,1.000000
1724157157697589100,126,893.75,380.51,346.98,98.86,1,1,1.000000
1724157157697589100,131,725.57,431.01,456.18,166.02,1,1,1.000000
1724157157697589100,104,29.64,243.67,90.78,86.46,1,1,1.000000
1724157157697589100,94,92.27,109.68,116.47,61.59,1,1,1.000000
1724157157697589100,133,0.55,602.68,108.59,116.96,1,1,1.000000
1724157157697589100,134,0.51,149.97,80.74,68.28,1,1,1.000000
1724157157697589100,135,131.64,363.28,189.51,97.00,1,1,1.000000
1724157157697589100,139,0.27,393.50,55.58,65.85,1,1,1.000000
1724157157697589100,140,110.26,0.46,127.86,24.57,1,1,1.000000
1724157157697589100,137,0.76,274.12,35.50,53.35,1,1,1.000000
1724157157727066100,90,517.10,499.06,124.94,147.72,1,1,1.000000
1724157157727066100,93,1153.94,533.06,124.80,91.67,1,1,1.000000
1724157157727066100,95,111.94,27.19,105.30,78.54,1,1,1.000000
1724157157727066100,78,141.91,297.69,70.90,107.59,1,1,1.000000
1724157157727066100,83,348.77,85.57,39.41,60.03,1,1,1.000000
1724157157727066100,72,118.36,128.68,296.20,80.12,1,1,1.000000
1724157157727066100,125,96.37,233.16,210.53,71.10,1,1,1.000000
1724157157727066100,64,234.99,199.06,69.19,68.60,1,1,1.000000
1724157157727066100,107,51.09,72.29,68.02,57.20,1,1,1.000000
1724157157727066100,126,905.16,383.19,352.02,101.82,1,1,1.000000
1724157157727066100,131,747.48,438.52,461.61,167.49,1,1,1.000000
1724157157727066100,104,21.25,237.46,97.15,97.11,1,1,1.000000
1724157157727066100,94,102.54,113.55,103.42,59.07,1,1,1.000000
1724157157727066100,133,0.43,608.46,105.82,111.48,1,1,1.000000
1724157157727066100,134,0.76,149.79,81.01,72.76,1,1,1.000000
1724157157727066100,135,131.21,363.55,189.73,99.79,1,1,1.000000
1724157157727066100,139,1.03,398.91,53.78,60.60,1,1,1.000000
1724157157727066100,140,112.80,0.62,115.17,31.13,1,1,1.000000
1724157157727066100,137,0.92,274.37,35.62,56.99,1,1,1.000000
1724157157774649100,90,521.09,500.93,123.14,150.70,1,1,1.000000
1724157157774649100,93,1165.30,538.03,113.67,85.27,1,1,1.000000
1724157157774649100,95,112.44,31.49,105.06,65.30,1,1,1.000000
1724157157774649100,78,139.56,298.42,73.56,109.38,1,1,1.000000
1724157157774649100,83,349.11,82.08,41.75,64.18,1,1,1.000000
1724157157774649100,72,95.30,132.95,310.93,79.48,1,1,1.000000
1724157157774649100,125,101.00,235.28,209.01,68.13,1,1,1.000000
1724157157774649100,64,234.32,197.67,60.70,47.26,1,1,1.000000
1724157157774649100,107,49.92,72.82,63.10,57.51,1,1,1.000000
1724157157774649100,126,914.99,385.06,357.23,102.80,1,1,1.000000
1724157157774649100,131,759.40,438.72,475.49,177.15,1,1,1.000000
1724157157774649100,104,18.78,240.58,96.32,94.98,1,1,1.000000
1724157157774649100,94,94.58,110.81,110.15,61.05,1,1,1.000000
1724157157774649100,133,0.08,608.36,101.61,111.55,1,1,1.000000
1724157157774649100,134,0.97,151.60,79.73,71.57,1,1,1.000000
1724157157774649100,135,141.46,363.84,182.00,92.01,1,1,1.000000
1724157157774649100,139,0.10,399.33,55.40,61.75,1,1,1.000000
1724157157774649100,140,109.00,0.27,113.60,34.03,1,1,1.000000
1724157157774649100,137,1.05,274.74,29.05,56.48,1,1,1.000000
1724157157817852400,90,531.55,506.54,113.56,159.06,1,1,1.000000
1724157157817852400,93,1187.27,547.54,92.14,75.40,1,1,1.000000
1724157157817852400,95,121.18,36.34,88.54,61.86,1,1,1.000000
1724157157817852400,78,136.71,299.20,80.10,104.87,1,1,1.000000
1724157157817852400,83,346.69,93.60,45.26,44.34,1,1,1.000000
1724157157817852400,72,62.50,132.62,318.67,78.02,1,1,1.000000
1724157157817852400,125,114.19,243.16,199.60,60.23,1,1,1.000000
1724157157817852400,64,226.85,190.95,73.91,62.88,1,1,1.000000
1724157157817852400,107,47.20,74.01,72.49,56.49,1,1,1.000000
1724157157817852400,126,937.45,387.00,342.48,109.64,1,1,1.000000
1724157157817852400,131,792.08,446.80,485.94,183.39,1,1,1.000000
1724157157817852400,104,15.12,242.43,108.18,97.85,1,1,1.000000
1724157157817852400,133,0.00,607.37,98.50,112.69,1,1,1.000000
1724157157817852400,134,1.44,158.56,81.17,63.46,1,1,1.000000
1724157157817852400,135,142.38,364.62,184.60,94.29,1,1,1.000000
1724157157817852400,139,0.01,402.87,53.97,62.50,1,1,1.000000
1724157157817852400,140,146.61,0.40,75.34,36.45,1,1,1.000000
1724157157848231900,90,531.55,506.54,113.56,159.06,1,1,1.000000
1724157157848231900,93,1187.27,547.54,92.14,75.40,1,1,1.000000
1724157157848231900,95,121.18,36.34,88.54,61.86,1,1,1.000000
1724157157848231900,78,136.71,299.20,80.10,104.87,1,1,1.000000
1724157157848231900,83,346.69,93.60,45.26,44.34,1,1,1.000000
1724157157848231900,72,62.50,132.62,318.67,78.02,1,1,1.000000
1724157157848231900,125,114.19,243.16,199.60,60.23,1,1,1.000000
1724157157848231900,64,226.85,190.95,73.91,62.88,1,1,1.000000
1724157157848231900,107,47.20,74.01,72.49,56.49,1,1,1.000000
1724157157848231900,126,937.45,387.00,342.48,109.64,1,1,1.000000
1724157157848231900,131,792.08,446.80,485.94,183.39,1,1,1.000000
1724157157848231900,104,15.12,242.43,108.18,97.85,1,1,1.000000
1724157157848231900,133,0.00,607.37,98.50,112.69,1,1,1.000000
1724157157848231900,134,1.44,158.56,81.17,63.46,1,1,1.000000
1724157157848231900,135,142.38,364.62,184.60,94.29,1,1,1.000000
1724157157848231900,139,0.01,402.87,53.97,62.50,1,1,1.000000
1724157157848231900,140,146.61,0.40,75.34,36.45,1,1,1.000000
1724157157893756700,90,544.82,509.55,102.38,168.46,1,1,1.000000
1724157157893756700,95,126.90,43.34,87.79,57.84,1,1,1.000000
1724157157893756700,78,127.79,300.49,80.33,113.56,1,1,1.000000
1724157157893756700,83,347.94,85.85,47.06,60.09,1,1,1.000000
1724157157893756700,72,19.18,126.81,338.39,93.36,1,1,1.000000
1724157157893756700,125,133.32,247.37,186.19,57.55,1,1,1.000000
1724157157893756700,64,227.58,190.99,76.21,59.71,1,1,1.000000
1724157157893756700,107,45.37,77.46,70.78,52.94,1,1,1.000000
1724157157893756700,126,952.94,383.48,326.52,122.30,1,1,1.000000
1724157157893756700,131,825.68,458.16,454.24,192.46,1,1,1.000000
1724157157893756700,104,13.68,241.13,102.92,100.02,1,1,1.000000
1724157157893756700,133,0.08,606.47,97.50,112.97,1,1,1.000000
1724157157893756700,135,168.81,365.18,163.06,98.69,1,1,1.000000
1724157157893756700,139,0.00,396.61,54.91,67.20,1,1,1.000000
1724157157893756700,140,123.04,0.14,106.18,40.01,1,1,1.000000
1724157157942922700,90,549.39,513.32,96.93,170.73,1,1,1.000000
1724157157942922700,95,133.10,49.08,74.26,54.18,1,1,1.000000
1724157157942922700,78,126.27,300.32,81.16,111.98,1,1,1.000000
1724157157942922700,83,345.25,84.64,50.70,62.80,1,1,1.000000
1724157157942922700,72,16.39,128.79,323.09,96.92,1,1,1.000000
1724157157942922700,125,135.72,248.14,184.21,60.23,1,1,1.000000
1724157157942922700,107,43.49,75.02,72.86,53.90,1,1,1.000000
1724157157942922700,126,960.19,392.03,319.26,114.65,1,1,1.000000
1724157157942922700,131,839.27,463.83,440.71,194.58,1,1,1.000000
1724157157942922700,104,10.66,240.38,105.06,99.44,1,1,1.000000
1724157157942922700,133,0.12,612.92,97.01,106.85,1,1,1.000000
1724157157942922700,135,174.52,365.49,157.94,93.90,1,1,1.000000
1724157157942922700,139,0.04,395.55,55.20,71.35,1,1,1.000000
1724157157942922700,140,115.14,0.24,118.07,42.55,1,1,1.000000
1724157157971672000,90,549.39,513.32,96.93,170.73,1,1,1.000000
1724157157971672000,95,133.10,49.08,74.26,54.18,1,1,1.000000
1724157157971672000,78,126.27,300.32,81.16,111.98,1,1,1.000000
1724157157971672000,83,345.25,84.64,50.70,62.80,1,1,1.000000
1724157157971672000,72,16.39,128.79,323.09,96.92,1,1,1.000000
1724157157971672000,125,135.72,248.14,184.21,60.23,1,1,1.000000
1724157157971672000,107,43.49,75.02,72.86,53.90,1,1,1.000000
1724157157971672000,126,960.19,392.03,319.26,114.65,1,1,1.000000
1724157157971672000,131,839.27,463.83,440.71,194.58,1,1,1.000000
1724157157971672000,104,10.66,240.38,105.06,99.44,1,1,1.000000
1724157157971672000,133,0.12,612.92,97.01,106.85,1,1,1.000000
1724157157971672000,135,174.52,365.49,157.94,93.90,1,1,1.000000
1724157157971672000,139,0.04,395.55,55.20,71.35,1,1,1.000000
1724157157971672000,140,115.14,0.24,118.07,42.55,1,1,1.000000
1724157158017703700,90,567.49,520.00,78.08,177.20,1,1,1.000000
1724157158017703700,95,135.58,46.90,74.75,56.49,1,1,1.000000
1724157158017703700,78,122.29,298.57,79.59,110.83,1,1,1.000000
1724157158017703700,83,346.91,85.13,47.23,58.73,1,1,1.000000
1724157158017703700,72,0.62,118.10,315.09,107.23,1,1,1.000000
1724157158017703700,125,133.91,247.59,187.17,62.00,1,1,1.000000
1724157158017703700,107,42.05,74.51,72.85,57.84,1,1,1.000000
1724157158017703700,126,979.77,393.96,299.95,125.61,1,1,1.000000
1724157158017703700,131,874.71,478.89,405.25,195.47,1,1,1.000000
1724157158017703700,104,2.55,238.76,109.85,104.26,1,1,1.000000
1724157158017703700,133,0.21,601.10,100.34,119.04,1,1,1.000000
1724157158017703700,135,189.73,360.86,148.60,78.79,1,1,1.000000
1724157158017703700,139,0.04,395.96,50.28,63.65,1,1,1.000000
1724157158017703700,140,101.82,0.00,131.22,39.16,1,1,1.000000
1724157158017703700,64,220.01,187.86,87.84,59.05,1,1,1.000000
1724157158049627900,90,567.49,520.00,78.08,177.20,1,1,1.000000
1724157158049627900,95,135.58,46.90,74.75,56.49,1,1,1.000000
1724157158049627900,78,122.29,298.57,79.59,110.83,1,1,1.000000
1724157158049627900,83,346.91,85.13,47.23,58.73,1,1,1.000000
1724157158049627900,72,0.62,118.10,315.09,107.23,1,1,1.000000
1724157158049627900,125,133.91,247.59,187.17,62.00,1,1,1.000000
1724157158049627900,107,42.05,74.51,72.85,57.84,1,1,1.000000
1724157158049627900,126,979.77,393.96,299.95,125.61,1,1,1.000000
1724157158049627900,131,874.71,478.89,405.25,195.47,1,1,1.000000
1724157158049627900,104,2.55,238.76,109.85,104.26,1,1,1.000000
1724157158049627900,133,0.21,601.10,100.34,119.04,1,1,1.000000
1724157158049627900,135,189.73,360.86,148.60,78.79,1,1,1.000000
1724157158049627900,139,0.04,395.96,50.28,63.65,1,1,1.000000
1724157158049627900,140,101.82,0.00,131.22,39.16,1,1,1.000000
1724157158049627900,64,220.01,187.86,87.84,59.05,1,1,1.000000
1724157158093328800,90,576.93,544.79,70.33,171.57,1,1,1.000000
1724157158093328800,95,144.41,47.46,63.23,57.45,1,1,1.000000
1724157158093328800,78,117.98,296.54,79.52,120.90,1,1,1.000000
1724157158093328800,83,342.25,86.27,52.81,59.01,1,1,1.000000
1724157158093328800,72,0.19,121.94,297.43,100.64,1,1,1.000000
1724157158093328800,125,129.68,248.15,195.47,62.80,1,1,1.000000
1724157158093328800,107,35.53,67.90,75.33,62.30,1,1,1.000000
1724157158093328800,126,1003.86,400.63,275.85,129.52,1,1,1.000000
1724157158093328800,131,919.46,486.43,359.34,200.03,1,1,1.000000
1724157158093328800,104,2.03,234.76,107.93,105.75,1,1,1.000000
1724157158093328800,133,0.00,612.18,103.49,108.17,1,1,1.000000
1724157158093328800,135,190.47,360.85,150.50,66.51,1,1,1.000000
1724157158093328800,139,0.20,400.12,51.75,55.22,1,1,1.000000
1724157158093328800,140,93.07,0.00,152.25,40.49,1,1,1.000000
1724157158093328800,64,216.98,190.44,84.34,56.07,1,1,1.000000
1724157158140408800,90,571.64,559.00,71.02,161.19,1,1,1.000000
1724157158140408800,95,146.17,45.90,62.53,61.41,1,1,1.000000
1724157158140408800,78,117.40,295.28,77.36,122.03,1,1,1.000000
1724157158140408800,83,336.23,84.32,58.15,60.25,1,1,1.000000
1724157158140408800,72,0.37,121.71,293.62,100.44,1,1,1.000000
1724157158140408800,125,126.67,249.55,200.54,64.85,1,1,1.000000
1724157158140408800,107,31.76,66.11,77.41,64.94,1,1,1.000000
1724157158140408800,126,1014.58,409.37,265.05,122.61,1,1,1.000000
1724157158140408800,131,935.99,490.76,343.41,201.65,1,1,1.000000
1724157158140408800,104,1.79,232.14,108.22,107.31,1,1,1.000000
1724157158140408800,133,0.00,615.87,104.25,104.15,1,1,1.000000
1724157158140408800,135,190.72,356.64,150.64,64.08,1,1,1.000000
1724157158140408800,139,0.14,398.85,50.97,52.10,1,1,1.000000
1724157158140408800,140,88.82,0.00,153.21,40.01,1,1,1.000000
1724157158140408800,64,214.80,190.77,89.81,54.86,1,1,1.000000
1724157158168814300,90,569.31,561.39,72.15,158.93,1,1,1.000000
1724157158168814300,95,149.33,43.84,62.53,69.33,1,1,1.000000
1724157158168814300,78,114.33,295.97,83.32,121.66,1,1,1.000000
1724157158168814300,83,333.45,82.66,63.70,61.89,1,1,1.000000
1724157158168814300,72,0.29,122.26,288.18,98.31,1,1,1.000000
1724157158168814300,125,123.13,248.15,205.54,66.75,1,1,1.000000
1724157158168814300,107,33.26,69.06,77.02,60.52,1,1,1.000000
1724157158168814300,126,1028.24,414.64,251.54,123.08,1,1,1.000000
1724157158168814300,131,950.87,493.54,328.64,199.77,1,1,1.000000
1724157158168814300,104,1.86,231.18,107.65,104.80,1,1,1.000000
1724157158168814300,133,0.00,628.74,105.06,90.86,1,1,1.000000
1724157158168814300,135,183.63,357.37,158.02,61.85,1,1,1.000000
1724157158168814300,139,0.11,393.28,51.56,58.05,1,1,1.000000
1724157158168814300,140,82.04,0.01,164.87,35.40,1,1,1.000000
1724157158168814300,64,212.04,186.92,91.05,57.25,1,1,1.000000
1724157158213841000,90,564.55,558.70,77.92,161.28,1,1,1.000000
1724157158213841000,95,156.07,45.02,54.53,75.52,1,1,1.000000
1724157158213841000,78,116.24,294.49,80.51,121.94,1,1,1.000000
1724157158213841000,83,329.51,87.60,69.09,59.33,1,1,1.000000
1724157158213841000,72,0.39,126.85,276.23,91.71,1,1,1.000000
1724157158213841000,125,121.32,249.98,210.89,68.22,1,1,1.000000
1724157158213841000,107,34.91,67.52,75.37,61.97,1,1,1.000000
1724157158213841000,126,1043.02,427.33,236.62,110.36,1,1,1.000000
1724157158213841000,131,971.28,496.02,308.46,198.77,1,1,1.000000
1724157158213841000,104,3.39,229.98,106.21,100.58,1,1,1.000000
1724157158213841000,133,0.16,614.88,107.47,104.70,1,1,1.000000
1724157158213841000,135,183.27,357.25,161.00,60.01,1,1,1.000000
1724157158213841000,139,0.16,395.07,49.42,56.78,1,1,1.000000
1724157158213841000,140,71.46,0.00,174.26,34.20,1,1,1.000000
1724157158213841000,64,209.60,179.01,91.79,66.71,1,1,1.000000
1724157158262375900,90,550.17,560.42,96.68,159.12,1,1,1.000000
1724157158262375900,95,156.05,48.80,53.82,88.27,1,1,1.000000
1724157158262375900,78,114.70,294.31,77.37,120.34,1,1,1.000000
1724157158262375900,83,319.83,88.22,83.18,69.76,1,1,1.000000
1724157158262375900,72,0.00,126.60,269.36,90.19,1,1,1.000000
1724157158262375900,125,117.89,253.40,218.45,67.63,1,1,1.000000
1724157158262375900,107,35.33,67.93,71.06,58.99,1,1,1.000000
1724157158262375900,126,1061.74,435.00,217.82,104.29,1,1,1.000000
1724157158262375900,131,989.52,498.76,290.56,196.66,1,1,1.000000
1724157158262375900,104,1.96,229.81,107.16,98.11,1,1,1.000000
1724157158262375900,133,0.54,615.04,110.76,103.88,1,1,1.000000
1724157158262375900,135,187.01,356.27,156.87,55.31,1,1,1.000000
1724157158262375900,139,0.00,396.62,47.79,55.72,1,1,1.000000
1724157158262375900,140,60.91,0.00,179.12,34.47,1,1,1.000000
1724157158262375900,64,205.50,180.47,95.17,70.61,1,1,1.000000
1724157158290618300,90,544.40,563.27,106.96,156.42,1,1,1.000000
1724157158290618300,95,159.70,53.73,48.88,84.99,1,1,1.000000
1724157158290618300,78,112.70,295.26,77.32,119.02,1,1,1.000000
1724157158290618300,83,312.86,89.12,89.82,63.04,1,1,1.000000
1724157158290618300,72,0.00,128.40,267.82,88.17,1,1,1.000000
1724157158290618300,125,111.08,251.53,223.93,68.07,1,1,1.000000
1724157158290618300,107,35.67,69.14,67.94,56.57,1,1,1.000000
1724157158290618300,126,1080.26,442.35,199.59,97.36,1,1,1.000000
1724157158290618300,131,1008.84,508.76,271.69,194.44,1,1,1.000000
1724157158290618300,104,1.63,228.94,109.69,97.99,1,1,1.000000
1724157158290618300,133,0.47,609.37,112.13,108.68,1,1,1.000000
1724157158290618300,135,186.87,356.67,161.63,54.99,1,1,1.000000
1724157158290618300,139,0.00,396.97,47.02,53.26,1,1,1.000000
1724157158290618300,140,52.40,0.00,189.12,35.68,1,1,1.000000
1724157158290618300,64,206.19,179.17,95.96,73.46,1,1,1.000000
1724157158339050700,90,545.21,564.84,102.54,155.14,1,1,1.000000
1724157158339050700,95,157.11,48.14,53.62,71.46,1,1,1.000000
1724157158339050700,78,112.44,296.70,77.41,117.63,1,1,1.000000
1724157158339050700,83,302.88,89.57,99.38,64.44,1,1,1.000000
1724157158339050700,72,0.00,125.35,261.95,90.12,1,1,1.000000
1724157158339050700,125,110.57,253.03,228.00,67.03,1,1,1.000000
1724157158339050700,107,35.85,68.77,68.60,56.54,1,1,1.000000
1724157158339050700,126,1095.70,444.14,184.22,98.78,1,1,1.000000
1724157158339050700,131,1034.03,512.10,246.36,185.69,1,1,1.000000
1724157158339050700,104,2.11,228.30,108.64,97.04,1,1,1.000000
1724157158339050700,133,0.76,611.29,111.59,108.09,1,1,1.000000
1724157158339050700,135,186.57,358.91,164.27,52.59,1,1,1.000000
1724157158339050700,139,0.04,394.94,50.13,57.30,1,1,1.000000
1724157158339050700,140,44.49,0.00,204.88,34.33,1,1,1.000000
1724157158339050700,64,204.04,179.69,96.51,71.63,1,1,1.000000
1724157158367569700,90,541.96,571.12,105.83,148.98,1,1,1.000000
1724157158367569700,95,152.63,51.94,58.97,68.54,1,1,1.000000
1724157158367569700,78,112.34,296.74,77.63,118.03,1,1,1.000000
1724157158367569700,83,293.85,96.64,106.95,57.03,1,1,1.000000
1724157158367569700,72,0.00,123.44,253.82,93.86,1,1,1.000000
1724157158367569700,125,108.41,253.92,232.52,66.93,1,1,1.000000
1724157158367569700,107,36.24,67.56,64.99,59.58,1,1,1.000000
1724157158367569700,126,1104.36,440.75,175.84,108.44,1,1,1.000000
1724157158367569700,131,1055.84,522.71,223.96,170.62,1,1,1.000000
1724157158367569700,104,2.24,228.53,108.62,96.43,1,1,1.000000
1724157158367569700,133,0.35,612.21,107.98,105.75,1,1,1.000000
1724157158367569700,135,190.88,359.17,162.32,50.42,1,1,1.000000
1724157158367569700,139,0.00,397.50,51.67,53.95,1,1,1.000000
1724157158367569700,140,33.43,0.07,210.36,34.70,1,1,1.000000
1724157158367569700,64,203.61,179.52,94.62,70.60,1,1,1.000000
1724157158415545100,90,539.85,571.97,108.99,147.59,1,1,1.000000
1724157158415545100,95,146.77,53.48,67.20,63.73,1,1,1.000000
1724157158415545100,78,111.83,300.35,78.55,115.09,1,1,1.000000
1724157158415545100,83,288.90,96.81,111.90,58.39,1,1,1.000000
1724157158415545100,72,0.13,123.11,244.20,95.75,1,1,1.000000
1724157158415545100,125,106.59,254.98,234.06,62.11,1,1,1.000000
1724157158415545100,107,37.46,68.76,61.94,58.32,1,1,1.000000
1724157158415545100,126,1112.45,439.90,167.46,97.72,1,1,1.000000
1724157158415545100,131,1072.97,537.93,207.22,145.80,1,1,1.000000
1724157158415545100,104,1.73,229.34,109.54,95.27,1,1,1.000000
1724157158415545100,133,0.57,619.90,100.94,97.21,1,1,1.000000
1724157158415545100,135,191.07,360.80,166.82,51.34,1,1,1.000000
1724157158415545100,139,0.00,398.10,55.75,56.51,1,1,1.000000
1724157158415545100,140,32.57,0.06,191.01,31.17,1,1,1.000000
1724157158415545100,64,203.93,179.63,94.16,69.86,1,1,1.000000
1724157158415545100,142,133.99,109.96,62.12,50.06,1,1,1.000000
1724157158459471100,90,549.10,585.07,102.42,134.89,1,1,1.000000
1724157158459471100,95,136.66,53.88,78.36,61.33,1,1,1.000000
1724157158459471100,78,113.33,298.35,76.95,119.60,1,1,1.000000
1724157158459471100,83,277.12,84.00,127.83,73.58,1,1,1.000000
1724157158459471100,72,0.33,134.53,213.42,94.74,1,1,1.000000
1724157158459471100,125,107.22,259.20,244.30,64.22,1,1,1.000000
1724157158459471100,107,36.70,71.05,67.81,60.23,1,1,1.000000
1724157158459471100,126,1139.61,440.07,140.20,91.63,1,1,1.000000
1724157158459471100,131,1124.14,569.09,156.31,113.68,1,1,1.000000
1724157158459471100,104,1.50,228.97,113.44,96.33,1,1,1.000000
1724157158459471100,133,0.67,632.83,76.87,80.96,1,1,1.000000
1724157158459471100,135,199.17,363.50,167.03,50.93,1,1,1.000000
1724157158459471100,139,0.00,395.57,59.49,63.82,1,1,1.000000
1724157158459471100,140,28.18,0.06,181.16,29.81,1,1,1.000000
1724157158459471100,64,200.04,180.92,99.63,69.63,1,1,1.000000
1724157158459471100,142,108.16,117.98,90.74,48.35,1,1,1.000000
1724157158488825100,90,549.10,585.07,102.42,134.89,1,1,1.000000
1724157158488825100,95,136.66,53.88,78.36,61.33,1,1,1.000000
1724157158488825100,78,113.33,298.35,76.95,119.60,1,1,1.000000
1724157158488825100,83,277.12,84.00,127.83,73.58,1,1,1.000000
1724157158488825100,72,0.33,134.53,213.42,94.74,1,1,1.000000
1724157158488825100,125,107.22,259.20,244.30,64.22,1,1,1.000000
1724157158488825100,107,36.70,71.05,67.81,60.23,1,1,1.000000
1724157158488825100,126,1139.61,440.07,140.20,91.63,1,1,1.000000
1724157158488825100,131,1124.14,569.09,156.31,113.68,1,1,1.000000
1724157158488825100,104,1.50,228.97,113.44,96.33,1,1,1.000000
1724157158488825100,133,0.67,632.83,76.87,80.96,1,1,1.000000
1724157158488825100,135,199.17,363.50,167.03,50.93,1,1,1.000000
1724157158488825100,139,0.00,395.57,59.49,63.82,1,1,1.000000
1724157158488825100,140,28.18,0.06,181.16,29.81,1,1,1.000000
1724157158488825100,64,200.04,180.92,99.63,69.63,1,1,1.000000
1724157158488825100,142,108.16,117.98,90.74,48.35,1,1,1.000000
1724157158534127600,90,569.08,608.17,88.31,111.92,1,1,1.000000
1724157158534127600,95,131.67,57.49,84.78,60.73,1,1,1.000000
1724157158534127600,78,115.04,303.06,75.55,116.52,1,1,1.000000
1724157158534127600,83,268.03,86.50,144.22,73.76,1,1,1.000000
1724157158534127600,72,0.90,147.74,189.20,71.82,1,1,1.000000
1724157158534127600,125,113.35,266.29,242.68,61.54,1,1,1.000000
1724157158534127600,107,35.25,76.51,78.73,59.71,1,1,1.000000
1724157158534127600,126,1180.06,447.56,99.95,79.14,1,1,1.000000
1724157158534127600,131,1185.33,598.61,94.82,81.62,1,1,1.000000
1724157158534127600,104,2.16,231.14,116.21,96.37,1,1,1.000000
1724157158534127600,133,1.15,639.50,45.58,77.07,1,1,1.000000
1724157158534127600,135,207.90,364.00,164.42,50.99,1,1,1.000000
1724157158534127600,139,0.47,401.65,68.70,60.04,1,1,1.000000
1724157158534127600,140,7.47,0.05,181.70,33.36,1,1,1.000000
1724157158534127600,64,197.62,185.23,103.16,65.20,1,1,1.000000
1724157158580447200,90,556.59,629.09,99.79,90.71,1,1,1.000000
1724157158580447200,95,128.15,59.92,90.48,51.07,1,1,1.000000
1724157158580447200,78,116.83,304.56,74.73,116.63,1,1,1.000000
1724157158580447200,83,261.93,88.45,151.27,70.86,1,1,1.000000
1724157158580447200,72,0.86,152.96,173.66,65.60,1,1,1.000000
1724157158580447200,125,115.52,268.22,242.81,59.50,1,1,1.000000
1724157158580447200,107,36.17,77.45,72.39,60.67,1,1,1.000000
1724157158580447200,126,1194.90,450.48,85.15,69.28,1,1,1.000000
1724157158580447200,131,1216.05,608.30,63.63,76.74,1,1,1.000000
1724157158580447200,104,2.67,231.70,119.11,96.18,1,1,1.000000
1724157158580447200,135,210.14,366.10,163.61,51.90,1,1,1.000000
1724157158580447200,139,0.41,404.98,72.03,58.47,1,1,1.000000
1724157158580447200,140,4.79,0.21,175.94,32.27,1,1,1.000000
1724157158580447200,64,192.49,185.19,108.21,70.73,1,1,1.000000
1724157158580447200,142,97.79,115.21,99.36,53.57,1,1,1.000000
1724157158612128000,90,567.28,641.08,94.07,78.44,1,1,1.000000
1724157158612128000,95,125.65,61.15,93.64,57.76,1,1,1.000000
1724157158612128000,78,119.22,303.48,72.17,120.19,1,1,1.000000
1724157158612128000,83,254.67,87.98,161.55,72.22,1,1,1.000000
1724157158612128000,72,0.66,152.22,155.66,64.97,1,1,1.000000
1724157158612128000,125,120.31,268.39,238.60,64.08,1,1,1.000000
1724157158612128000,107,37.57,79.47,70.79,60.69,1,1,1.000000
1724157158612128000,126,1214.92,458.62,64.93,63.58,1,1,1.000000
1724157158612128000,131,1242.93,610.24,36.89,87.08,1,1,1.000000
1724157158612128000,104,2.16,231.67,123.27,96.14,1,1,1.000000
1724157158612128000,135,213.69,363.76,163.82,57.17,1,1,1.000000
1724157158612128000,139,0.33,403.29,77.42,62.07,1,1,1.000000
1724157158612128000,140,4.23,0.21,167.26,32.22,1,1,1.000000
1724157158612128000,64,193.93,185.08,106.78,72.57,1,1,1.000000
1724157158612128000,142,104.20,117.21,91.34,53.03,1,1,1.000000
1724157158658579400,90,569.10,618.16,99.15,101.65,1,1,1.000000
1724157158658579400,95,122.62,60.18,98.44,66.82,1,1,1.000000
1724157158658579400,78,124.04,302.77,68.44,118.58,1,1,1.000000
1724157158658579400,83,249.17,88.14,165.85,70.12,1,1,1.000000
1724157158658579400,72,1.02,153.33,142.55,63.53,1,1,1.000000
1724157158658579400,125,122.41,270.83,241.77,62.81,1,1,1.000000
1724157158658579400,107,38.30,80.24,69.51,60.29,1,1,1.000000
1724157158658579400,126,1230.56,463.51,49.54,68.38,1,1,1.000000
1724157158658579400,104,2.54,233.66,122.79,95.23,1,1,1.000000
1724157158658579400,135,217.39,360.61,161.14,62.15,1,1,1.000000
1724157158658579400,139,0.38,406.73,83.46,58.81,1,1,1.000000
1724157158658579400,140,3.21,0.28,169.22,31.29,1,1,1.000000
1724157158658579400,64,195.67,185.20,106.32,67.16,1,1,1.000000
1724157158658579400,142,106.81,117.53,98.70,58.09,1,1,1.000000
1724157158687607000,90,566.14,619.53,104.36,100.61,1,1,1.000000
1724157158687607000,95,120.01,60.49,102.32,67.23,1,1,1.000000
1724157158687607000,78,129.75,303.89,64.66,116.27,1,1,1.000000
1724157158687607000,83,244.16,86.72,174.35,70.88,1,1,1.000000
1724157158687607000,72,0.69,153.01,128.97,64.30,1,1,1.000000
1724157158687607000,125,123.73,271.46,241.56,65.19,1,1,1.000000
1724157158687607000,107,37.15,74.91,70.01,67.03,1,1,1.000000
1724157158687607000,104,2.07,235.01,121.66,96.38,1,1,1.000000
1724157158687607000,135,225.69,360.25,153.55,63.41,1,1,1.000000
1724157158687607000,139,0.53,408.65,85.25,60.36,1,1,1.000000
1724157158687607000,140,0.87,0.59,173.98,30.46,1,1,1.000000
1724157158687607000,64,193.41,185.56,109.29,66.37,1,1,1.000000
1724157158687607000,142,111.67,128.41,88.31,45.67,1,1,1.000000
1724157158738224100,90,567.18,624.12,105.85,95.80,1,1,1.000000
1724157158738224100,95,120.21,59.37,105.35,68.21,1,1,1.000000
1724157158738224100,78,132.92,304.02,61.82,114.98,1,1,1.000000
1724157158738224100,83,238.29,86.28,181.92,72.13,1,1,1.000000
1724157158738224100,72,1.52,151.33,115.88,66.67,1,1,1.000000
1724157158738224100,125,126.34,272.44,244.89,63.31,1,1,1.000000
1724157158738224100,107,35.67,80.85,73.72,61.55,1,1,1.000000
1724157158738224100,104,1.81,234.75,124.06,96.43,1,1,1.000000
1724157158738224100,135,225.69,362.86,150.00,64.11,1,1,1.000000
1724157158738224100,139,0.21,413.03,87.85,60.99,1,1,1.000000
1724157158738224100,140,2.33,0.19,175.15,33.40,1,1,1.000000
1724157158738224100,64,192.91,185.75,110.01,70.49,1,1,1.000000
1724157158738224100,142,107.26,122.64,89.47,66.03,1,1,1.000000
1724157158783714100,90,571.28,633.81,97.71,86.46,1,1,1.000000
1724157158783714100,95,119.46,59.15,108.35,68.92,1,1,1.000000
1724157158783714100,78,138.44,306.75,58.80,115.18,1,1,1.000000
1724157158783714100,83,231.72,86.93,190.72,71.27,1,1,1.000000
1724157158783714100,72,1.33,153.07,117.96,62.00,1,1,1.000000
1724157158783714100,125,129.63,274.22,241.75,58.52,1,1,1.000000
1724157158783714100,107,34.35,82.96,75.80,62.00,1,1,1.000000
1724157158783714100,104,2.65,231.52,125.36,100.29,1,1,1.000000
1724157158783714100,135,227.74,362.55,143.28,65.10,1,1,1.000000
1724157158783714100,139,0.24,415.88,90.66,58.55,1,1,1.000000
1724157158783714100,140,1.88,0.47,167.78,32.57,1,1,1.000000
1724157158783714100,64,190.50,185.04,111.18,72.52,1,1,1.000000
1724157158783714100,142,103.09,120.33,92.87,69.96,1,1,1.000000
1724157158810983600,90,569.58,640.48,95.86,79.71,1,1,1.000000
1724157158810983600,95,115.29,59.71,112.62,65.66,1,1,1.000000
1724157158810983600,78,136.62,303.38,61.33,116.92,1,1,1.000000
1724157158810983600,83,223.40,83.18,197.21,74.93,1,1,1.000000
1724157158810983600,72,0.83,150.94,81.61,59.88,1,1,1.000000
1724157158810983600,125,134.91,274.46,238.50,58.16,1,1,1.000000
1724157158810983600,107,34.15,81.12,72.57,63.27,1,1,1.000000
1724157158810983600,104,2.96,230.24,126.16,106.29,1,1,1.000000
1724157158810983600,135,231.44,363.88,140.46,66.15,1,1,1.000000
1724157158810983600,139,0.72,416.61,93.02,57.68,1,1,1.000000
1724157158810983600,64,188.08,184.09,114.82,75.22,1,1,1.000000
1724157158810983600,142,90.62,121.66,109.44,75.35,1,1,1.000000
1724157158810983600,145,122.54,1.16,46.73,32.06,1,1,1.000000
1724157158859656500,90,572.26,645.15,89.46,75.08,1,1,1.000000
1724157158859656500,95,115.12,59.20,114.68,59.56,1,1,1.000000
1724157158859656500,78,141.55,303.34,55.70,116.01,1,1,1.000000
1724157158859656500,83,207.66,77.49,212.41,82.04,1,1,1.000000
1724157158859656500,72,0.74,150.16,68.03,61.19,1,1,1.000000
1724157158859656500,125,139.22,273.35,235.44,61.76,1,1,1.000000
1724157158859656500,107,34.51,80.87,72.88,61.36,1,1,1.000000
1724157158859656500,104,4.64,230.59,126.72,94.89,1,1,1.000000
1724157158859656500,135,237.41,364.84,134.97,65.63,1,1,1.000000
1724157158859656500,139,0.55,416.52,94.20,57.40,1,1,1.000000
1724157158859656500,64,188.51,184.90,111.17,72.46,1,1,1.000000
1724157158859656500,142,88.15,128.69,108.30,69.14,1,1,1.000000
1724157158887881200,90,567.94,647.43,85.77,73.10,1,1,1.000000
1724157158887881200,95,112.90,58.93,123.19,58.75,1,1,1.000000
1724157158887881200,78,147.03,305.50,49.23,111.14,1,1,1.000000
1724157158887881200,83,198.11,74.64,218.66,83.47,1,1,1.000000
1724157158887881200,72,0.44,146.13,63.64,70.31,1,1,1.000000
1724157158887881200,125,144.73,273.15,237.33,60.19,1,1,1.000000
1724157158887881200,107,35.83,79.68,78.60,62.31,1,1,1.000000
1724157158887881200,104,2.71,229.74,132.94,96.76,1,1,1.000000
1724157158887881200,135,244.70,365.67,130.48,66.51,1,1,1.000000
1724157158887881200,139,0.15,416.25,98.51,54.88,1,1,1.000000
1724157158887881200,64,187.27,182.10,115.31,74.15,1,1,1.000000
1724157158887881200,142,94.69,129.88,101.72,67.10,1,1,1.000000
1724157158934224400,90,568.74,648.57,77.15,71.57,1,1,1.000000
1724157158934224400,95,111.17,56.64,103.52,50.99,1,1,1.000000
1724157158934224400,78,150.61,304.00,46.91,111.79,1,1,1.000000
1724157158934224400,83,183.68,78.65,227.07,79.19,1,1,1.000000
1724157158934224400,72,0.63,169.32,67.74,48.05,1,1,1.000000
1724157158934224400,125,149.50,273.23,235.06,60.49,1,1,1.000000
1724157158934224400,107,35.37,75.20,80.32,64.62,1,1,1.000000
1724157158934224400,104,2.69,226.84,129.21,98.02,1,1,1.000000
1724157158934224400,135,251.97,365.24,125.96,68.73,1,1,1.000000
1724157158934224400,139,0.37,413.15,95.59,56.22,1,1,1.000000
1724157158934224400,64,186.85,180.41,117.15,75.83,1,1,1.000000
1724157158934224400,142,92.10,130.83,105.37,65.19,1,1,1.000000
1724157158979588200,78,152.99,296.68,45.08,113.70,1,1,1.000000
1724157158979588200,83,109.62,52.98,282.38,102.24,1,1,1.000000
1724157158979588200,72,0.87,166.55,72.03,73.63,1,1,1.000000
1724157158979588200,125,155.86,270.78,228.07,62.39,1,1,1.000000
1724157158979588200,107,36.75,70.16,76.14,65.79,1,1,1.000000
1724157158979588200,104,2.84,221.65,134.18,98.80,1,1,1.000000
1724157158979588200,135,268.75,361.81,104.80,74.31,1,1,1.000000
1724157158979588200,139,0.47,407.17,105.00,60.46,1,1,1.000000
1724157158979588200,64,188.66,177.71,112.06,74.27,1,1,1.000000
1724157158979588200,142,95.03,122.30,103.38,68.97,1,1,1.000000
1724157159009046000,78,155.11,300.72,42.05,97.65,1,1,1.000000
1724157159009046000,83,114.00,50.08,263.28,104.47,1,1,1.000000
1724157159009046000,72,0.85,162.18,79.46,87.34,1,1,1.000000
1724157159009046000,125,154.61,269.88,232.89,63.18,1,1,1.000000
1724157159009046000,107,37.70,68.89,78.57,66.53,1,1,1.000000
1724157159009046000,104,2.68,216.95,135.57,91.39,1,1,1.000000
1724157159009046000,135,273.87,359.89,95.52,75.28,1,1,1.000000
1724157159009046000,139,0.21,401.65,105.37,62.63,1,1,1.000000
1724157159009046000,64,189.79,171.64,112.57,77.96,1,1,1.000000
1724157159009046000,142,95.96,117.62,103.68,70.38,1,1,1.000000
1724157159053865700,78,153.18,295.08,44.51,85.13,1,1,1.000000
1724157159053865700,83,111.13,48.19,259.06,104.42,1,1,1.000000
1724157159053865700,72,0.58,161.31,75.30,68.01,1,1,1.000000
1724157159053865700,125,157.69,269.57,227.98,93.73,1,1,1.000000
1724157159053865700,107,39.50,68.59,75.68,64.19,1,1,1.000000
1724157159053865700,104,3.13,215.13,136.93,87.11,1,1,1.000000
1724157159053865700,135,286.55,358.36,84.81,76.56,1,1,1.000000
1724157159053865700,139,0.11,400.42,108.95,62.36,1,1,1.000000
1724157159053865700,64,189.25,169.91,112.22,75.59,1,1,1.000000
1724157159053865700,142,98.17,120.30,101.22,62.52,1,1,1.000000
1724157159098196200,78,149.33,289.75,45.66,87.60,1,1,1.000000
1724157159098196200,83,115.61,55.70,249.53,95.00,1,1,1.000000
1724157159098196200,72,0.68,161.42,69.13,62.37,1,1,1.000000
1724157159098196200,125,156.02,266.96,231.71,94.87,1,1,1.000000
1724157159098196200,107,41.30,63.64,82.05,62.53,1,1,1.000000
1724157159098196200,104,2.84,212.33,136.50,90.33,1,1,1.000000
1724157159098196200,135,287.53,351.06,84.62,83.03,1,1,1.000000
1724157159098196200,139,0.40,394.04,108.46,65.07,1,1,1.000000
1724157159098196200,64,190.87,168.94,112.23,74.50,1,1,1.000000
1724157159098196200,142,100.58,116.45,98.21,64.15,1,1,1.000000
1724157159098196200,95,108.84,46.47,97.52,56.07,1,1,1.000000
1724157159130542300,78,151.71,291.25,44.91,81.31,1,1,1.000000
1724157159130542300,83,95.43,42.66,272.94,106.49,1,1,1.000000
1724157159130542300,72,0.99,160.91,66.93,62.70,1,1,1.000000
1724157159130542300,125,156.44,264.65,232.52,99.48,1,1,1.000000
1724157159130542300,107,44.00,61.18,74.38,62.64,1,1,1.000000
1724157159130542300,104,3.92,208.40,136.09,89.71,1,1,1.000000
1724157159130542300,135,292.81,345.67,78.73,86.94,1,1,1.000000
1724157159130542300,139,0.59,390.71,115.06,64.47,1,1,1.000000
1724157159130542300,64,193.29,167.70,107.11,73.27,1,1,1.000000
1724157159130542300,142,102.20,115.87,97.55,63.81,1,1,1.000000
1724157159130542300,95,94.86,44.10,108.07,58.48,1,1,1.000000
1724157159177524800,78,153.45,279.91,40.05,91.11,1,1,1.000000
1724157159177524800,83,56.23,38.81,313.24,107.00,1,1,1.000000
1724157159177524800,72,0.56,154.56,67.51,62.88,1,1,1.000000
1724157159177524800,125,155.90,260.59,231.42,105.37,1,1,1.000000
1724157159177524800,107,48.04,58.75,73.06,61.69,1,1,1.000000
1724157159177524800,104,8.84,206.73,133.87,83.77,1,1,1.000000
1724157159177524800,135,301.06,347.97,71.54,84.64,1,1,1.000000
1724157159177524800,139,0.46,387.88,116.96,62.31,1,1,1.000000
1724157159177524800,64,193.01,161.33,108.96,75.82,1,1,1.000000
1724157159177524800,142,104.12,119.59,96.89,55.11,1,1,1.000000
1724157159207999600,78,150.31,281.42,48.04,92.74,1,1,1.000000
1724157159207999600,83,53.63,34.66,320.60,107.18,1,1,1.000000
1724157159207999600,72,0.33,152.38,72.66,66.30,1,1,1.000000
1724157159207999600,125,154.03,258.66,234.22,112.43,1,1,1.000000
1724157159207999600,104,1.74,200.33,141.81,91.03,1,1,1.000000
1724157159207999600,135,304.49,344.46,66.89,86.67,1,1,1.000000
1724157159207999600,139,0.72,382.05,120.61,61.95,1,1,1.000000
1724157159207999600,64,192.37,159.65,110.62,74.29,1,1,1.000000
1724157159207999600,142,103.21,111.90,102.53,57.72,1,1,1.000000
1724157159254278400,78,149.64,277.22,48.89,99.93,1,1,1.000000
1724157159254278400,83,54.41,29.32,325.40,108.44,1,1,1.000000
1724157159254278400,72,0.68,150.16,70.14,64.38,1,1,1.000000
1724157159254278400,125,180.61,257.21,209.27,67.67,1,1,1.000000
1724157159254278400,104,2.83,196.34,141.39,92.99,1,1,1.000000
1724157159254278400,135,305.62,342.29,64.52,88.27,1,1,1.000000
1724157159254278400,139,0.62,378.53,124.96,62.48,1,1,1.000000
1724157159254278400,64,193.22,157.97,110.39,74.38,1,1,1.000000
1724157159254278400,142,102.28,112.01,105.46,54.18,1,1,1.000000
1724157159254278400,107,56.30,47.66,96.82,58.95,1,1,1.000000
1724157159302388000,78,146.33,273.10,52.83,106.69,1,1,1.000000
1724157159302388000,83,39.75,26.10,343.87,105.50,1,1,1.000000
1724157159302388000,72,0.69,145.24,79.97,72.15,1,1,1.000000
1724157159302388000,125,200.67,255.33,189.77,58.84,1,1,1.000000
1724157159302388000,104,5.85,195.53,140.38,90.72,1,1,1.000000
1724157159302388000,135,321.98,338.89,47.86,91.29,1,1,1.000000
1724157159302388000,139,0.00,377.00,129.59,60.38,1,1,1.000000
1724157159302388000,64,195.94,154.00,108.11,73.26,1,1,1.000000
1724157159302388000,142,104.67,99.74,103.99,63.35,1,1,1.000000
1724157159332278000,78,147.39,268.75,51.40,109.31,1,1,1.000000
1724157159332278000,83,22.81,20.41,367.59,110.31,1,1,1.000000
1724157159332278000,72,0.72,142.52,76.25,69.83,1,1,1.000000
1724157159332278000,125,207.30,251.74,183.85,60.77,1,1,1.000000
1724157159332278000,104,2.83,190.24,144.33,94.03,1,1,1.000000
1724157159332278000,135,328.26,336.60,41.91,93.49,1,1,1.000000
1724157159332278000,139,0.00,373.75,132.68,58.75,1,1,1.000000
1724157159332278000,64,196.90,151.54,107.59,71.12,1,1,1.000000
1724157159332278000,142,107.04,102.78,98.02,57.98,1,1,1.000000