2026/03/27 10:16:16 - mmengine - INFO - 
------------------------------------------------------------
System environment:
    sys.platform: linux
    Python: 3.11.10 (main, Sep  7 2024, 18:35:41) [GCC 11.4.0]
    CUDA available: True
    MUSA available: False
    numpy_random_seed: 0
    GPU 0: NVIDIA A100-SXM4-80GB
    CUDA_HOME: /usr/local/cuda
    NVCC: Cuda compilation tools, release 12.4, V12.4.131
    GCC: x86_64-linux-gnu-gcc (Ubuntu 11.4.0-1ubuntu1~22.04) 11.4.0
    PyTorch: 2.1.0+cu121
    PyTorch compiling details: PyTorch built with:
  - GCC 9.3
  - C++ Version: 201703
  - Intel(R) oneAPI Math Kernel Library Version 2022.2-Product Build 20220804 for Intel(R) 64 architecture applications
  - Intel(R) MKL-DNN v3.1.1 (Git Hash 64f6bcbcbab628e96f33a62c3e975f8535a7bde4)
  - OpenMP 201511 (a.k.a. OpenMP 4.5)
  - LAPACK is enabled (usually provided by MKL)
  - NNPACK is enabled
  - CPU capability usage: AVX2
  - CUDA Runtime 12.1
  - NVCC architecture flags: -gencode;arch=compute_50,code=sm_50;-gencode;arch=compute_60,code=sm_60;-gencode;arch=compute_70,code=sm_70;-gencode;arch=compute_75,code=sm_75;-gencode;arch=compute_80,code=sm_80;-gencode;arch=compute_86,code=sm_86;-gencode;arch=compute_90,code=sm_90
  - CuDNN 8.9.2
  - Magma 2.6.1
  - Build settings: BLAS_INFO=mkl, BUILD_TYPE=Release, CUDA_VERSION=12.1, CUDNN_VERSION=8.9.2, CXX_COMPILER=/opt/rh/devtoolset-9/root/usr/bin/c++, CXX_FLAGS= -D_GLIBCXX_USE_CXX11_ABI=0 -fabi-version=11 -fvisibility-inlines-hidden -DUSE_PTHREADPOOL -DNDEBUG -DUSE_KINETO -DLIBKINETO_NOROCTRACER -DUSE_FBGEMM -DUSE_QNNPACK -DUSE_PYTORCH_QNNPACK -DUSE_XNNPACK -DSYMBOLICATE_MOBILE_DEBUG_HANDLE -O2 -fPIC -Wall -Wextra -Werror=return-type -Werror=non-virtual-dtor -Werror=bool-operation -Wnarrowing -Wno-missing-field-initializers -Wno-type-limits -Wno-array-bounds -Wno-unknown-pragmas -Wno-unused-parameter -Wno-unused-function -Wno-unused-result -Wno-strict-overflow -Wno-strict-aliasing -Wno-stringop-overflow -Wno-psabi -Wno-error=pedantic -Wno-error=old-style-cast -Wno-invalid-partial-specialization -Wno-unused-private-field -Wno-aligned-allocation-unavailable -Wno-missing-braces -fdiagnostics-color=always -faligned-new -Wno-unused-but-set-variable -Wno-maybe-uninitialized -fno-math-errno -fno-trapping-math -Werror=format -Werror=cast-function-type -Wno-stringop-overflow, LAPACK_INFO=mkl, PERF_WITH_AVX=1, PERF_WITH_AVX2=1, PERF_WITH_AVX512=1, TORCH_DISABLE_GPU_ASSERTS=ON, TORCH_VERSION=2.1.0, USE_CUDA=ON, USE_CUDNN=ON, USE_EXCEPTION_PTR=1, USE_GFLAGS=OFF, USE_GLOG=OFF, USE_MKL=ON, USE_MKLDNN=ON, USE_MPI=OFF, USE_NCCL=1, USE_NNPACK=ON, USE_OPENMP=ON, USE_ROCM=OFF, 

    TorchVision: 0.16.0+cu121
    OpenCV: 4.11.0
    MMEngine: 0.10.7

Runtime environment:
    cudnn_benchmark: False
    mp_cfg: {'mp_start_method': 'fork', 'opencv_num_threads': 0}
    dist_cfg: {'backend': 'nccl'}
    seed: 0
    deterministic: False
    Distributed launcher: none
    Distributed training: False
    GPU number: 1
------------------------------------------------------------

2026/03/27 10:16:16 - mmengine - INFO - Config:
auto_scale_lr = dict(base_batch_size=16, enable=False)
backend_args = None
classes = (
    'holothurian',
    'echinus',
    'scallop',
    'starfish',
    'fish',
    'coral',
    'diver',
    'cuttlefish',
    'turtle',
    'jellyfish',
)
data_root = '../data-processing/vision/RUOD/processed/'
dataset_type = 'CocoDataset'
default_hooks = dict(
    checkpoint=dict(
        interval=-1,
        max_keep_ckpts=1,
        rule='greater',
        save_best='coco/bbox_mAP',
        save_last=True,
        type='CheckpointHook'),
    logger=dict(interval=50, type='LoggerHook'),
    param_scheduler=dict(type='ParamSchedulerHook'),
    sampler_seed=dict(type='DistSamplerSeedHook'),
    timer=dict(type='IterTimerHook'),
    visualization=dict(type='DetVisualizationHook'))
default_scope = 'mmdet'
env_cfg = dict(
    cudnn_benchmark=False,
    dist_cfg=dict(backend='nccl'),
    mp_cfg=dict(mp_start_method='fork', opencv_num_threads=0))
launcher = 'none'
load_from = 'https://download.openmmlab.com/mmdetection/v2.0/dynamic_rcnn/dynamic_rcnn_r50_fpn_1x/dynamic_rcnn_r50_fpn_1x-62a3f276.pth'
log_level = 'INFO'
log_processor = dict(by_epoch=True, type='LogProcessor', window_size=50)
metainfo = dict(
    classes=(
        'holothurian',
        'echinus',
        'scallop',
        'starfish',
        'fish',
        'coral',
        'diver',
        'cuttlefish',
        'turtle',
        'jellyfish',
    ))
model = dict(
    backbone=dict(
        depth=50,
        frozen_stages=1,
        init_cfg=dict(checkpoint='torchvision://resnet50', type='Pretrained'),
        norm_cfg=dict(requires_grad=True, type='BN'),
        norm_eval=True,
        num_stages=4,
        out_indices=(
            0,
            1,
            2,
            3,
        ),
        style='pytorch',
        type='ResNet'),
    data_preprocessor=dict(
        bgr_to_rgb=True,
        mean=[
            123.675,
            116.28,
            103.53,
        ],
        pad_size_divisor=32,
        std=[
            58.395,
            57.12,
            57.375,
        ],
        type='DetDataPreprocessor'),
    neck=dict(
        in_channels=[
            256,
            512,
            1024,
            2048,
        ],
        num_outs=5,
        out_channels=256,
        type='FPN'),
    roi_head=dict(
        bbox_head=dict(
            bbox_coder=dict(
                target_means=[
                    0.0,
                    0.0,
                    0.0,
                    0.0,
                ],
                target_stds=[
                    0.1,
                    0.1,
                    0.2,
                    0.2,
                ],
                type='DeltaXYWHBBoxCoder'),
            fc_out_channels=1024,
            in_channels=256,
            loss_bbox=dict(beta=1.0, loss_weight=1.0, type='SmoothL1Loss'),
            loss_cls=dict(
                loss_weight=1.0, type='CrossEntropyLoss', use_sigmoid=False),
            num_classes=10,
            reg_class_agnostic=False,
            roi_feat_size=7,
            type='Shared2FCBBoxHead'),
        bbox_roi_extractor=dict(
            featmap_strides=[
                4,
                8,
                16,
                32,
            ],
            out_channels=256,
            roi_layer=dict(output_size=7, sampling_ratio=0, type='RoIAlign'),
            type='SingleRoIExtractor'),
        type='DynamicRoIHead'),
    rpn_head=dict(
        anchor_generator=dict(
            ratios=[
                0.5,
                1.0,
                2.0,
            ],
            scales=[
                8,
            ],
            strides=[
                4,
                8,
                16,
                32,
                64,
            ],
            type='AnchorGenerator'),
        bbox_coder=dict(
            target_means=[
                0.0,
                0.0,
                0.0,
                0.0,
            ],
            target_stds=[
                1.0,
                1.0,
                1.0,
                1.0,
            ],
            type='DeltaXYWHBBoxCoder'),
        feat_channels=256,
        in_channels=256,
        loss_bbox=dict(loss_weight=1.0, type='L1Loss'),
        loss_cls=dict(
            loss_weight=1.0, type='CrossEntropyLoss', use_sigmoid=True),
        type='RPNHead'),
    test_cfg=dict(
        rcnn=dict(
            max_per_img=100,
            nms=dict(iou_threshold=0.5, type='nms'),
            score_thr=0.05),
        rpn=dict(
            max_per_img=1000,
            min_bbox_size=0,
            nms=dict(iou_threshold=0.85, type='nms'),
            nms_pre=1000)),
    train_cfg=dict(
        rcnn=dict(
            assigner=dict(
                ignore_iof_thr=-1,
                match_low_quality=False,
                min_pos_iou=0.5,
                neg_iou_thr=0.5,
                pos_iou_thr=0.5,
                type='MaxIoUAssigner'),
            debug=False,
            dynamic_rcnn=dict(
                beta_topk=10,
                initial_beta=1.0,
                initial_iou=0.4,
                iou_topk=75,
                update_iter_interval=100),
            pos_weight=-1,
            sampler=dict(
                add_gt_as_proposals=True,
                neg_pos_ub=-1,
                num=512,
                pos_fraction=0.25,
                type='RandomSampler')),
        rpn=dict(
            allowed_border=-1,
            assigner=dict(
                ignore_iof_thr=-1,
                match_low_quality=True,
                min_pos_iou=0.3,
                neg_iou_thr=0.3,
                pos_iou_thr=0.7,
                type='MaxIoUAssigner'),
            debug=False,
            pos_weight=-1,
            sampler=dict(
                add_gt_as_proposals=False,
                neg_pos_ub=-1,
                num=256,
                pos_fraction=0.5,
                type='RandomSampler')),
        rpn_proposal=dict(
            max_per_img=1000,
            min_bbox_size=0,
            nms=dict(iou_threshold=0.85, type='nms'),
            nms_pre=2000)),
    type='FasterRCNN')
num_classes = 10
optim_wrapper = dict(
    optimizer=dict(lr=0.02, momentum=0.9, type='SGD', weight_decay=0.0001),
    type='OptimWrapper')
param_scheduler = [
    dict(
        begin=0, by_epoch=False, end=500, start_factor=0.001, type='LinearLR'),
    dict(
        begin=0,
        by_epoch=True,
        end=80,
        gamma=0.1,
        milestones=[
            53,
            73,
        ],
        type='MultiStepLR'),
]
randomness = dict(deterministic=False, seed=0)
resume = False
test_cfg = dict(type='TestLoop')
test_dataloader = dict(
    batch_size=1,
    dataset=dict(
        ann_file='annotations/test.json',
        backend_args=None,
        data_prefix=dict(img='images/test/'),
        data_root='../data-processing/vision/RUOD/processed/',
        metainfo=dict(
            classes=(
                'holothurian',
                'echinus',
                'scallop',
                'starfish',
                'fish',
                'coral',
                'diver',
                'cuttlefish',
                'turtle',
                'jellyfish',
            )),
        pipeline=[
            dict(backend_args=None, type='LoadImageFromFile'),
            dict(keep_ratio=True, scale=(
                640,
                640,
            ), type='Resize'),
            dict(type='LoadAnnotations', with_bbox=True),
            dict(
                meta_keys=(
                    'img_id',
                    'img_path',
                    'ori_shape',
                    'img_shape',
                    'scale_factor',
                ),
                type='PackDetInputs'),
        ],
        test_mode=True,
        type='CocoDataset'),
    drop_last=False,
    num_workers=2,
    persistent_workers=True,
    sampler=dict(shuffle=False, type='DefaultSampler'))
test_evaluator = dict(
    ann_file='../data-processing/vision/RUOD/processed/annotations/test.json',
    backend_args=None,
    format_only=False,
    metric='bbox',
    type='CocoMetric')
test_pipeline = [
    dict(backend_args=None, type='LoadImageFromFile'),
    dict(keep_ratio=True, scale=(
        640,
        640,
    ), type='Resize'),
    dict(type='LoadAnnotations', with_bbox=True),
    dict(
        meta_keys=(
            'img_id',
            'img_path',
            'ori_shape',
            'img_shape',
            'scale_factor',
        ),
        type='PackDetInputs'),
]
train_cfg = dict(max_epochs=80, type='EpochBasedTrainLoop', val_interval=2)
train_dataloader = dict(
    batch_sampler=dict(type='AspectRatioBatchSampler'),
    batch_size=32,
    dataset=dict(
        ann_file='annotations/train.json',
        backend_args=None,
        data_prefix=dict(img='images/train/'),
        data_root='../data-processing/vision/RUOD/processed/',
        filter_cfg=dict(filter_empty_gt=False),
        metainfo=dict(
            classes=(
                'holothurian',
                'echinus',
                'scallop',
                'starfish',
                'fish',
                'coral',
                'diver',
                'cuttlefish',
                'turtle',
                'jellyfish',
            )),
        pipeline=[
            dict(backend_args=None, type='LoadImageFromFile'),
            dict(type='LoadAnnotations', with_bbox=True),
            dict(keep_ratio=True, scale=(
                640,
                640,
            ), type='Resize'),
            dict(prob=0.5, type='RandomFlip'),
            dict(type='PackDetInputs'),
        ],
        type='CocoDataset'),
    num_workers=8,
    persistent_workers=True,
    pin_memory=True,
    prefetch_factor=4,
    sampler=dict(shuffle=True, type='DefaultSampler'))
train_pipeline = [
    dict(backend_args=None, type='LoadImageFromFile'),
    dict(type='LoadAnnotations', with_bbox=True),
    dict(keep_ratio=True, scale=(
        640,
        640,
    ), type='Resize'),
    dict(prob=0.5, type='RandomFlip'),
    dict(type='PackDetInputs'),
]
val_cfg = dict(type='ValLoop')
val_dataloader = dict(
    batch_size=4,
    dataset=dict(
        ann_file='annotations/val.json',
        backend_args=None,
        data_prefix=dict(img='images/val/'),
        data_root='../data-processing/vision/RUOD/processed/',
        metainfo=dict(
            classes=(
                'holothurian',
                'echinus',
                'scallop',
                'starfish',
                'fish',
                'coral',
                'diver',
                'cuttlefish',
                'turtle',
                'jellyfish',
            )),
        pipeline=[
            dict(backend_args=None, type='LoadImageFromFile'),
            dict(keep_ratio=True, scale=(
                640,
                640,
            ), type='Resize'),
            dict(type='LoadAnnotations', with_bbox=True),
            dict(
                meta_keys=(
                    'img_id',
                    'img_path',
                    'ori_shape',
                    'img_shape',
                    'scale_factor',
                ),
                type='PackDetInputs'),
        ],
        test_mode=True,
        type='CocoDataset'),
    drop_last=False,
    num_workers=4,
    persistent_workers=True,
    sampler=dict(shuffle=False, type='DefaultSampler'))
val_evaluator = dict(
    ann_file='../data-processing/vision/RUOD/processed/annotations/val.json',
    backend_args=None,
    format_only=False,
    metric='bbox',
    type='CocoMetric')
vis_backends = [
    dict(type='LocalVisBackend'),
]
visualizer = dict(
    name='visualizer',
    type='DetLocalVisualizer',
    vis_backends=[
        dict(type='LocalVisBackend'),
    ])
work_dir = '../runs/mmdet/dynamic_rcnn_r50_fpn_ruod_80e_pretrained'

2026/03/27 10:16:20 - mmengine - INFO - Distributed training is not used, all SyncBatchNorm (SyncBN) layers in the model will be automatically reverted to BatchNormXd layers if they are used.
2026/03/27 10:16:20 - mmengine - INFO - Hooks will be executed in the following order:
before_run:
(VERY_HIGH   ) RuntimeInfoHook                    
(BELOW_NORMAL) LoggerHook                         
 -------------------- 
before_train:
(VERY_HIGH   ) RuntimeInfoHook                    
(NORMAL      ) IterTimerHook                      
(VERY_LOW    ) CheckpointHook                     
 -------------------- 
before_train_epoch:
(VERY_HIGH   ) RuntimeInfoHook                    
(NORMAL      ) IterTimerHook                      
(NORMAL      ) DistSamplerSeedHook                
 -------------------- 
before_train_iter:
(VERY_HIGH   ) RuntimeInfoHook                    
(NORMAL      ) IterTimerHook                      
 -------------------- 
after_train_iter:
(VERY_HIGH   ) RuntimeInfoHook                    
(NORMAL      ) IterTimerHook                      
(BELOW_NORMAL) LoggerHook                         
(LOW         ) ParamSchedulerHook                 
(VERY_LOW    ) CheckpointHook                     
 -------------------- 
after_train_epoch:
(NORMAL      ) IterTimerHook                      
(LOW         ) ParamSchedulerHook                 
(VERY_LOW    ) CheckpointHook                     
 -------------------- 
before_val:
(VERY_HIGH   ) RuntimeInfoHook                    
 -------------------- 
before_val_epoch:
(NORMAL      ) IterTimerHook                      
 -------------------- 
before_val_iter:
(NORMAL      ) IterTimerHook                      
 -------------------- 
after_val_iter:
(NORMAL      ) IterTimerHook                      
(NORMAL      ) DetVisualizationHook               
(BELOW_NORMAL) LoggerHook                         
 -------------------- 
after_val_epoch:
(VERY_HIGH   ) RuntimeInfoHook                    
(NORMAL      ) IterTimerHook                      
(BELOW_NORMAL) LoggerHook                         
(LOW         ) ParamSchedulerHook                 
(VERY_LOW    ) CheckpointHook                     
 -------------------- 
after_val:
(VERY_HIGH   ) RuntimeInfoHook                    
 -------------------- 
after_train:
(VERY_HIGH   ) RuntimeInfoHook                    
(VERY_LOW    ) CheckpointHook                     
 -------------------- 
before_test:
(VERY_HIGH   ) RuntimeInfoHook                    
 -------------------- 
before_test_epoch:
(NORMAL      ) IterTimerHook                      
 -------------------- 
before_test_iter:
(NORMAL      ) IterTimerHook                      
 -------------------- 
after_test_iter:
(NORMAL      ) IterTimerHook                      
(NORMAL      ) DetVisualizationHook               
(BELOW_NORMAL) LoggerHook                         
 -------------------- 
after_test_epoch:
(VERY_HIGH   ) RuntimeInfoHook                    
(NORMAL      ) IterTimerHook                      
(BELOW_NORMAL) LoggerHook                         
 -------------------- 
after_test:
(VERY_HIGH   ) RuntimeInfoHook                    
 -------------------- 
after_run:
(BELOW_NORMAL) LoggerHook                         
 -------------------- 
2026/03/27 10:16:21 - mmengine - INFO - load model from: torchvision://resnet50
2026/03/27 10:16:21 - mmengine - INFO - Loads checkpoint by torchvision backend from path: torchvision://resnet50
2026/03/27 10:16:22 - mmengine - WARNING - The model and loaded state dict do not match exactly

unexpected key in source state_dict: fc.weight, fc.bias

Name of parameter - Initialization information

backbone.conv1.weight - torch.Size([64, 3, 7, 7]): 
PretrainedInit: load from torchvision://resnet50 

backbone.bn1.weight - torch.Size([64]): 
PretrainedInit: load from torchvision://resnet50 

backbone.bn1.bias - torch.Size([64]): 
PretrainedInit: load from torchvision://resnet50 

backbone.layer1.0.conv1.weight - torch.Size([64, 64, 1, 1]): 
PretrainedInit: load from torchvision://resnet50 

backbone.layer1.0.bn1.weight - torch.Size([64]): 
PretrainedInit: load from torchvision://resnet50 

backbone.layer1.0.bn1.bias - torch.Size([64]): 
PretrainedInit: load from torchvision://resnet50 

backbone.layer1.0.conv2.weight - torch.Size([64, 64, 3, 3]): 
PretrainedInit: load from torchvision://resnet50 

backbone.layer1.0.bn2.weight - torch.Size([64]): 
PretrainedInit: load from torchvision://resnet50 

backbone.layer1.0.bn2.bias - torch.Size([64]): 
PretrainedInit: load from torchvision://resnet50 

backbone.layer1.0.conv3.weight - torch.Size([256, 64, 1, 1]): 
PretrainedInit: load from torchvision://resnet50 

backbone.layer1.0.bn3.weight - torch.Size([256]): 
PretrainedInit: load from torchvision://resnet50 

backbone.layer1.0.bn3.bias - torch.Size([256]): 
PretrainedInit: load from torchvision://resnet50 

backbone.layer1.0.downsample.0.weight - torch.Size([256, 64, 1, 1]): 
PretrainedInit: load from torchvision://resnet50 

backbone.layer1.0.downsample.1.weight - torch.Size([256]): 
PretrainedInit: load from torchvision://resnet50 

backbone.layer1.0.downsample.1.bias - torch.Size([256]): 
PretrainedInit: load from torchvision://resnet50 

backbone.layer1.1.conv1.weight - torch.Size([64, 256, 1, 1]): 
PretrainedInit: load from torchvision://resnet50 

backbone.layer1.1.bn1.weight - torch.Size([64]): 
PretrainedInit: load from torchvision://resnet50 

backbone.layer1.1.bn1.bias - torch.Size([64]): 
PretrainedInit: load from torchvision://resnet50 

backbone.layer1.1.conv2.weight - torch.Size([64, 64, 3, 3]): 
PretrainedInit: load from torchvision://resnet50 

backbone.layer1.1.bn2.weight - torch.Size([64]): 
PretrainedInit: load from torchvision://resnet50 

backbone.layer1.1.bn2.bias - torch.Size([64]): 
PretrainedInit: load from torchvision://resnet50 

backbone.layer1.1.conv3.weight - torch.Size([256, 64, 1, 1]): 
PretrainedInit: load from torchvision://resnet50 

backbone.layer1.1.bn3.weight - torch.Size([256]): 
PretrainedInit: load from torchvision://resnet50 

backbone.layer1.1.bn3.bias - torch.Size([256]): 
PretrainedInit: load from torchvision://resnet50 

backbone.layer1.2.conv1.weight - torch.Size([64, 256, 1, 1]): 
PretrainedInit: load from torchvision://resnet50 

backbone.layer1.2.bn1.weight - torch.Size([64]): 
PretrainedInit: load from torchvision://resnet50 

backbone.layer1.2.bn1.bias - torch.Size([64]): 
PretrainedInit: load from torchvision://resnet50 

backbone.layer1.2.conv2.weight - torch.Size([64, 64, 3, 3]): 
PretrainedInit: load from torchvision://resnet50 

backbone.layer1.2.bn2.weight - torch.Size([64]): 
PretrainedInit: load from torchvision://resnet50 

backbone.layer1.2.bn2.bias - torch.Size([64]): 
PretrainedInit: load from torchvision://resnet50 

backbone.layer1.2.conv3.weight - torch.Size([256, 64, 1, 1]): 
PretrainedInit: load from torchvision://resnet50 

backbone.layer1.2.bn3.weight - torch.Size([256]): 
PretrainedInit: load from torchvision://resnet50 

backbone.layer1.2.bn3.bias - torch.Size([256]): 
PretrainedInit: load from torchvision://resnet50 

backbone.layer2.0.conv1.weight - torch.Size([128, 256, 1, 1]): 
PretrainedInit: load from torchvision://resnet50 

backbone.layer2.0.bn1.weight - torch.Size([128]): 
PretrainedInit: load from torchvision://resnet50 

backbone.layer2.0.bn1.bias - torch.Size([128]): 
PretrainedInit: load from torchvision://resnet50 

backbone.layer2.0.conv2.weight - torch.Size([128, 128, 3, 3]): 
PretrainedInit: load from torchvision://resnet50 

backbone.layer2.0.bn2.weight - torch.Size([128]): 
PretrainedInit: load from torchvision://resnet50 

backbone.layer2.0.bn2.bias - torch.Size([128]): 
PretrainedInit: load from torchvision://resnet50 

backbone.layer2.0.conv3.weight - torch.Size([512, 128, 1, 1]): 
PretrainedInit: load from torchvision://resnet50 

backbone.layer2.0.bn3.weight - torch.Size([512]): 
PretrainedInit: load from torchvision://resnet50 

backbone.layer2.0.bn3.bias - torch.Size([512]): 
PretrainedInit: load from torchvision://resnet50 

backbone.layer2.0.downsample.0.weight - torch.Size([512, 256, 1, 1]): 
PretrainedInit: load from torchvision://resnet50 

backbone.layer2.0.downsample.1.weight - torch.Size([512]): 
PretrainedInit: load from torchvision://resnet50 

backbone.layer2.0.downsample.1.bias - torch.Size([512]): 
PretrainedInit: load from torchvision://resnet50 

backbone.layer2.1.conv1.weight - torch.Size([128, 512, 1, 1]): 
PretrainedInit: load from torchvision://resnet50 

backbone.layer2.1.bn1.weight - torch.Size([128]): 
PretrainedInit: load from torchvision://resnet50 

backbone.layer2.1.bn1.bias - torch.Size([128]): 
PretrainedInit: load from torchvision://resnet50 

backbone.layer2.1.conv2.weight - torch.Size([128, 128, 3, 3]): 
PretrainedInit: load from torchvision://resnet50 

backbone.layer2.1.bn2.weight - torch.Size([128]): 
PretrainedInit: load from torchvision://resnet50 

backbone.layer2.1.bn2.bias - torch.Size([128]): 
PretrainedInit: load from torchvision://resnet50 

backbone.layer2.1.conv3.weight - torch.Size([512, 128, 1, 1]): 
PretrainedInit: load from torchvision://resnet50 

backbone.layer2.1.bn3.weight - torch.Size([512]): 
PretrainedInit: load from torchvision://resnet50 

backbone.layer2.1.bn3.bias - torch.Size([512]): 
PretrainedInit: load from torchvision://resnet50 

backbone.layer2.2.conv1.weight - torch.Size([128, 512, 1, 1]): 
PretrainedInit: load from torchvision://resnet50 

backbone.layer2.2.bn1.weight - torch.Size([128]): 
PretrainedInit: load from torchvision://resnet50 

backbone.layer2.2.bn1.bias - torch.Size([128]): 
PretrainedInit: load from torchvision://resnet50 

backbone.layer2.2.conv2.weight - torch.Size([128, 128, 3, 3]): 
PretrainedInit: load from torchvision://resnet50 

backbone.layer2.2.bn2.weight - torch.Size([128]): 
PretrainedInit: load from torchvision://resnet50 

backbone.layer2.2.bn2.bias - torch.Size([128]): 
PretrainedInit: load from torchvision://resnet50 

backbone.layer2.2.conv3.weight - torch.Size([512, 128, 1, 1]): 
PretrainedInit: load from torchvision://resnet50 

backbone.layer2.2.bn3.weight - torch.Size([512]): 
PretrainedInit: load from torchvision://resnet50 

backbone.layer2.2.bn3.bias - torch.Size([512]): 
PretrainedInit: load from torchvision://resnet50 

backbone.layer2.3.conv1.weight - torch.Size([128, 512, 1, 1]): 
PretrainedInit: load from torchvision://resnet50 

backbone.layer2.3.bn1.weight - torch.Size([128]): 
PretrainedInit: load from torchvision://resnet50 

backbone.layer2.3.bn1.bias - torch.Size([128]): 
PretrainedInit: load from torchvision://resnet50 

backbone.layer2.3.conv2.weight - torch.Size([128, 128, 3, 3]): 
PretrainedInit: load from torchvision://resnet50 

backbone.layer2.3.bn2.weight - torch.Size([128]): 
PretrainedInit: load from torchvision://resnet50 

backbone.layer2.3.bn2.bias - torch.Size([128]): 
PretrainedInit: load from torchvision://resnet50 

backbone.layer2.3.conv3.weight - torch.Size([512, 128, 1, 1]): 
PretrainedInit: load from torchvision://resnet50 

backbone.layer2.3.bn3.weight - torch.Size([512]): 
PretrainedInit: load from torchvision://resnet50 

backbone.layer2.3.bn3.bias - torch.Size([512]): 
PretrainedInit: load from torchvision://resnet50 

backbone.layer3.0.conv1.weight - torch.Size([256, 512, 1, 1]): 
PretrainedInit: load from torchvision://resnet50 

backbone.layer3.0.bn1.weight - torch.Size([256]): 
PretrainedInit: load from torchvision://resnet50 

backbone.layer3.0.bn1.bias - torch.Size([256]): 
PretrainedInit: load from torchvision://resnet50 

backbone.layer3.0.conv2.weight - torch.Size([256, 256, 3, 3]): 
PretrainedInit: load from torchvision://resnet50 

backbone.layer3.0.bn2.weight - torch.Size([256]): 
PretrainedInit: load from torchvision://resnet50 

backbone.layer3.0.bn2.bias - torch.Size([256]): 
PretrainedInit: load from torchvision://resnet50 

backbone.layer3.0.conv3.weight - torch.Size([1024, 256, 1, 1]): 
PretrainedInit: load from torchvision://resnet50 

backbone.layer3.0.bn3.weight - torch.Size([1024]): 
PretrainedInit: load from torchvision://resnet50 

backbone.layer3.0.bn3.bias - torch.Size([1024]): 
PretrainedInit: load from torchvision://resnet50 

backbone.layer3.0.downsample.0.weight - torch.Size([1024, 512, 1, 1]): 
PretrainedInit: load from torchvision://resnet50 

backbone.layer3.0.downsample.1.weight - torch.Size([1024]): 
PretrainedInit: load from torchvision://resnet50 

backbone.layer3.0.downsample.1.bias - torch.Size([1024]): 
PretrainedInit: load from torchvision://resnet50 

backbone.layer3.1.conv1.weight - torch.Size([256, 1024, 1, 1]): 
PretrainedInit: load from torchvision://resnet50 

backbone.layer3.1.bn1.weight - torch.Size([256]): 
PretrainedInit: load from torchvision://resnet50 

backbone.layer3.1.bn1.bias - torch.Size([256]): 
PretrainedInit: load from torchvision://resnet50 

backbone.layer3.1.conv2.weight - torch.Size([256, 256, 3, 3]): 
PretrainedInit: load from torchvision://resnet50 

backbone.layer3.1.bn2.weight - torch.Size([256]): 
PretrainedInit: load from torchvision://resnet50 

backbone.layer3.1.bn2.bias - torch.Size([256]): 
PretrainedInit: load from torchvision://resnet50 

backbone.layer3.1.conv3.weight - torch.Size([1024, 256, 1, 1]): 
PretrainedInit: load from torchvision://resnet50 

backbone.layer3.1.bn3.weight - torch.Size([1024]): 
PretrainedInit: load from torchvision://resnet50 

backbone.layer3.1.bn3.bias - torch.Size([1024]): 
PretrainedInit: load from torchvision://resnet50 

backbone.layer3.2.conv1.weight - torch.Size([256, 1024, 1, 1]): 
PretrainedInit: load from torchvision://resnet50 

backbone.layer3.2.bn1.weight - torch.Size([256]): 
PretrainedInit: load from torchvision://resnet50 

backbone.layer3.2.bn1.bias - torch.Size([256]): 
PretrainedInit: load from torchvision://resnet50 

backbone.layer3.2.conv2.weight - torch.Size([256, 256, 3, 3]): 
PretrainedInit: load from torchvision://resnet50 

backbone.layer3.2.bn2.weight - torch.Size([256]): 
PretrainedInit: load from torchvision://resnet50 

backbone.layer3.2.bn2.bias - torch.Size([256]): 
PretrainedInit: load from torchvision://resnet50 

backbone.layer3.2.conv3.weight - torch.Size([1024, 256, 1, 1]): 
PretrainedInit: load from torchvision://resnet50 

backbone.layer3.2.bn3.weight - torch.Size([1024]): 
PretrainedInit: load from torchvision://resnet50 

backbone.layer3.2.bn3.bias - torch.Size([1024]): 
PretrainedInit: load from torchvision://resnet50 

backbone.layer3.3.conv1.weight - torch.Size([256, 1024, 1, 1]): 
PretrainedInit: load from torchvision://resnet50 

backbone.layer3.3.bn1.weight - torch.Size([256]): 
PretrainedInit: load from torchvision://resnet50 

backbone.layer3.3.bn1.bias - torch.Size([256]): 
PretrainedInit: load from torchvision://resnet50 

backbone.layer3.3.conv2.weight - torch.Size([256, 256, 3, 3]): 
PretrainedInit: load from torchvision://resnet50 

backbone.layer3.3.bn2.weight - torch.Size([256]): 
PretrainedInit: load from torchvision://resnet50 

backbone.layer3.3.bn2.bias - torch.Size([256]): 
PretrainedInit: load from torchvision://resnet50 

backbone.layer3.3.conv3.weight - torch.Size([1024, 256, 1, 1]): 
PretrainedInit: load from torchvision://resnet50 

backbone.layer3.3.bn3.weight - torch.Size([1024]): 
PretrainedInit: load from torchvision://resnet50 

backbone.layer3.3.bn3.bias - torch.Size([1024]): 
PretrainedInit: load from torchvision://resnet50 

backbone.layer3.4.conv1.weight - torch.Size([256, 1024, 1, 1]): 
PretrainedInit: load from torchvision://resnet50 

backbone.layer3.4.bn1.weight - torch.Size([256]): 
PretrainedInit: load from torchvision://resnet50 

backbone.layer3.4.bn1.bias - torch.Size([256]): 
PretrainedInit: load from torchvision://resnet50 

backbone.layer3.4.conv2.weight - torch.Size([256, 256, 3, 3]): 
PretrainedInit: load from torchvision://resnet50 

backbone.layer3.4.bn2.weight - torch.Size([256]): 
PretrainedInit: load from torchvision://resnet50 

backbone.layer3.4.bn2.bias - torch.Size([256]): 
PretrainedInit: load from torchvision://resnet50 

backbone.layer3.4.conv3.weight - torch.Size([1024, 256, 1, 1]): 
PretrainedInit: load from torchvision://resnet50 

backbone.layer3.4.bn3.weight - torch.Size([1024]): 
PretrainedInit: load from torchvision://resnet50 

backbone.layer3.4.bn3.bias - torch.Size([1024]): 
PretrainedInit: load from torchvision://resnet50 

backbone.layer3.5.conv1.weight - torch.Size([256, 1024, 1, 1]): 
PretrainedInit: load from torchvision://resnet50 

backbone.layer3.5.bn1.weight - torch.Size([256]): 
PretrainedInit: load from torchvision://resnet50 

backbone.layer3.5.bn1.bias - torch.Size([256]): 
PretrainedInit: load from torchvision://resnet50 

backbone.layer3.5.conv2.weight - torch.Size([256, 256, 3, 3]): 
PretrainedInit: load from torchvision://resnet50 

backbone.layer3.5.bn2.weight - torch.Size([256]): 
PretrainedInit: load from torchvision://resnet50 

backbone.layer3.5.bn2.bias - torch.Size([256]): 
PretrainedInit: load from torchvision://resnet50 

backbone.layer3.5.conv3.weight - torch.Size([1024, 256, 1, 1]): 
PretrainedInit: load from torchvision://resnet50 

backbone.layer3.5.bn3.weight - torch.Size([1024]): 
PretrainedInit: load from torchvision://resnet50 

backbone.layer3.5.bn3.bias - torch.Size([1024]): 
PretrainedInit: load from torchvision://resnet50 

backbone.layer4.0.conv1.weight - torch.Size([512, 1024, 1, 1]): 
PretrainedInit: load from torchvision://resnet50 

backbone.layer4.0.bn1.weight - torch.Size([512]): 
PretrainedInit: load from torchvision://resnet50 

backbone.layer4.0.bn1.bias - torch.Size([512]): 
PretrainedInit: load from torchvision://resnet50 

backbone.layer4.0.conv2.weight - torch.Size([512, 512, 3, 3]): 
PretrainedInit: load from torchvision://resnet50 

backbone.layer4.0.bn2.weight - torch.Size([512]): 
PretrainedInit: load from torchvision://resnet50 

backbone.layer4.0.bn2.bias - torch.Size([512]): 
PretrainedInit: load from torchvision://resnet50 

backbone.layer4.0.conv3.weight - torch.Size([2048, 512, 1, 1]): 
PretrainedInit: load from torchvision://resnet50 

backbone.layer4.0.bn3.weight - torch.Size([2048]): 
PretrainedInit: load from torchvision://resnet50 

backbone.layer4.0.bn3.bias - torch.Size([2048]): 
PretrainedInit: load from torchvision://resnet50 

backbone.layer4.0.downsample.0.weight - torch.Size([2048, 1024, 1, 1]): 
PretrainedInit: load from torchvision://resnet50 

backbone.layer4.0.downsample.1.weight - torch.Size([2048]): 
PretrainedInit: load from torchvision://resnet50 

backbone.layer4.0.downsample.1.bias - torch.Size([2048]): 
PretrainedInit: load from torchvision://resnet50 

backbone.layer4.1.conv1.weight - torch.Size([512, 2048, 1, 1]): 
PretrainedInit: load from torchvision://resnet50 

backbone.layer4.1.bn1.weight - torch.Size([512]): 
PretrainedInit: load from torchvision://resnet50 

backbone.layer4.1.bn1.bias - torch.Size([512]): 
PretrainedInit: load from torchvision://resnet50 

backbone.layer4.1.conv2.weight - torch.Size([512, 512, 3, 3]): 
PretrainedInit: load from torchvision://resnet50 

backbone.layer4.1.bn2.weight - torch.Size([512]): 
PretrainedInit: load from torchvision://resnet50 

backbone.layer4.1.bn2.bias - torch.Size([512]): 
PretrainedInit: load from torchvision://resnet50 

backbone.layer4.1.conv3.weight - torch.Size([2048, 512, 1, 1]): 
PretrainedInit: load from torchvision://resnet50 

backbone.layer4.1.bn3.weight - torch.Size([2048]): 
PretrainedInit: load from torchvision://resnet50 

backbone.layer4.1.bn3.bias - torch.Size([2048]): 
PretrainedInit: load from torchvision://resnet50 

backbone.layer4.2.conv1.weight - torch.Size([512, 2048, 1, 1]): 
PretrainedInit: load from torchvision://resnet50 

backbone.layer4.2.bn1.weight - torch.Size([512]): 
PretrainedInit: load from torchvision://resnet50 

backbone.layer4.2.bn1.bias - torch.Size([512]): 
PretrainedInit: load from torchvision://resnet50 

backbone.layer4.2.conv2.weight - torch.Size([512, 512, 3, 3]): 
PretrainedInit: load from torchvision://resnet50 

backbone.layer4.2.bn2.weight - torch.Size([512]): 
PretrainedInit: load from torchvision://resnet50 

backbone.layer4.2.bn2.bias - torch.Size([512]): 
PretrainedInit: load from torchvision://resnet50 

backbone.layer4.2.conv3.weight - torch.Size([2048, 512, 1, 1]): 
PretrainedInit: load from torchvision://resnet50 

backbone.layer4.2.bn3.weight - torch.Size([2048]): 
PretrainedInit: load from torchvision://resnet50 

backbone.layer4.2.bn3.bias - torch.Size([2048]): 
PretrainedInit: load from torchvision://resnet50 

neck.lateral_convs.0.conv.weight - torch.Size([256, 256, 1, 1]): 
XavierInit: gain=1, distribution=uniform, bias=0 

neck.lateral_convs.0.conv.bias - torch.Size([256]): 
The value is the same before and after calling `init_weights` of FasterRCNN  

neck.lateral_convs.1.conv.weight - torch.Size([256, 512, 1, 1]): 
XavierInit: gain=1, distribution=uniform, bias=0 

neck.lateral_convs.1.conv.bias - torch.Size([256]): 
The value is the same before and after calling `init_weights` of FasterRCNN  

neck.lateral_convs.2.conv.weight - torch.Size([256, 1024, 1, 1]): 
XavierInit: gain=1, distribution=uniform, bias=0 

neck.lateral_convs.2.conv.bias - torch.Size([256]): 
The value is the same before and after calling `init_weights` of FasterRCNN  

neck.lateral_convs.3.conv.weight - torch.Size([256, 2048, 1, 1]): 
XavierInit: gain=1, distribution=uniform, bias=0 

neck.lateral_convs.3.conv.bias - torch.Size([256]): 
The value is the same before and after calling `init_weights` of FasterRCNN  

neck.fpn_convs.0.conv.weight - torch.Size([256, 256, 3, 3]): 
XavierInit: gain=1, distribution=uniform, bias=0 

neck.fpn_convs.0.conv.bias - torch.Size([256]): 
The value is the same before and after calling `init_weights` of FasterRCNN  

neck.fpn_convs.1.conv.weight - torch.Size([256, 256, 3, 3]): 
XavierInit: gain=1, distribution=uniform, bias=0 

neck.fpn_convs.1.conv.bias - torch.Size([256]): 
The value is the same before and after calling `init_weights` of FasterRCNN  

neck.fpn_convs.2.conv.weight - torch.Size([256, 256, 3, 3]): 
XavierInit: gain=1, distribution=uniform, bias=0 

neck.fpn_convs.2.conv.bias - torch.Size([256]): 
The value is the same before and after calling `init_weights` of FasterRCNN  

neck.fpn_convs.3.conv.weight - torch.Size([256, 256, 3, 3]): 
XavierInit: gain=1, distribution=uniform, bias=0 

neck.fpn_convs.3.conv.bias - torch.Size([256]): 
The value is the same before and after calling `init_weights` of FasterRCNN  

rpn_head.rpn_conv.weight - torch.Size([256, 256, 3, 3]): 
NormalInit: mean=0, std=0.01, bias=0 

rpn_head.rpn_conv.bias - torch.Size([256]): 
NormalInit: mean=0, std=0.01, bias=0 

rpn_head.rpn_cls.weight - torch.Size([3, 256, 1, 1]): 
NormalInit: mean=0, std=0.01, bias=0 

rpn_head.rpn_cls.bias - torch.Size([3]): 
NormalInit: mean=0, std=0.01, bias=0 

rpn_head.rpn_reg.weight - torch.Size([12, 256, 1, 1]): 
NormalInit: mean=0, std=0.01, bias=0 

rpn_head.rpn_reg.bias - torch.Size([12]): 
NormalInit: mean=0, std=0.01, bias=0 

roi_head.bbox_head.fc_cls.weight - torch.Size([11, 1024]): 
NormalInit: mean=0, std=0.01, bias=0 

roi_head.bbox_head.fc_cls.bias - torch.Size([11]): 
NormalInit: mean=0, std=0.01, bias=0 

roi_head.bbox_head.fc_reg.weight - torch.Size([40, 1024]): 
NormalInit: mean=0, std=0.001, bias=0 

roi_head.bbox_head.fc_reg.bias - torch.Size([40]): 
NormalInit: mean=0, std=0.001, bias=0 

roi_head.bbox_head.shared_fcs.0.weight - torch.Size([1024, 12544]): 
XavierInit: gain=1, distribution=uniform, bias=0 

roi_head.bbox_head.shared_fcs.0.bias - torch.Size([1024]): 
XavierInit: gain=1, distribution=uniform, bias=0 

roi_head.bbox_head.shared_fcs.1.weight - torch.Size([1024, 1024]): 
XavierInit: gain=1, distribution=uniform, bias=0 

roi_head.bbox_head.shared_fcs.1.bias - torch.Size([1024]): 
XavierInit: gain=1, distribution=uniform, bias=0 
2026/03/27 10:16:36 - mmengine - INFO - Load checkpoint from https://download.openmmlab.com/mmdetection/v2.0/dynamic_rcnn/dynamic_rcnn_r50_fpn_1x/dynamic_rcnn_r50_fpn_1x-62a3f276.pth
2026/03/27 10:16:36 - mmengine - WARNING - "FileClient" will be deprecated in future. Please use io functions in https://mmengine.readthedocs.io/en/latest/api/fileio.html#file-io
2026/03/27 10:16:36 - mmengine - WARNING - "HardDiskBackend" is the alias of "LocalBackend" and the former will be deprecated in future.
2026/03/27 10:16:36 - mmengine - INFO - Checkpoints will be saved to /workspace/aquaculture-perception/runs/mmdet/dynamic_rcnn_r50_fpn_ruod_80e_pretrained.
2026/03/27 10:17:18 - mmengine - INFO - Epoch(train)  [1][ 50/245]  lr: 1.9820e-03  eta: 4:33:59  time: 0.8409  data_time: 0.0175  memory: 18573  loss: 1.6651  loss_rpn_cls: 0.1794  loss_rpn_bbox: 0.0351  loss_cls: 1.1012  acc: 81.0852  loss_bbox: 0.3494
2026/03/27 10:17:55 - mmengine - INFO - Epoch(train)  [1][100/245]  lr: 3.9840e-03  eta: 4:17:27  time: 0.7435  data_time: 0.0024  memory: 18573  loss: 1.0547  loss_rpn_cls: 0.0783  loss_rpn_bbox: 0.0294  loss_cls: 0.5995  acc: 83.8318  loss_bbox: 0.3475
2026/03/27 10:18:33 - mmengine - INFO - Epoch(train)  [1][150/245]  lr: 5.9860e-03  eta: 4:11:44  time: 0.7454  data_time: 0.0025  memory: 18573  loss: 0.8677  loss_rpn_cls: 0.0720  loss_rpn_bbox: 0.0307  loss_cls: 0.4205  acc: 87.8967  loss_bbox: 0.3445
2026/03/27 10:19:10 - mmengine - INFO - Epoch(train)  [1][200/245]  lr: 7.9880e-03  eta: 4:08:56  time: 0.7500  data_time: 0.0027  memory: 18573  loss: 0.7491  loss_rpn_cls: 0.0587  loss_rpn_bbox: 0.0269  loss_cls: 0.3627  acc: 87.5427  loss_bbox: 0.3009
2026/03/27 10:19:43 - mmengine - INFO - Exp name: dynamic_rcnn_r50_fpn_ruod_80e_pretrained_20260327_101611
2026/03/27 10:20:22 - mmengine - INFO - Epoch(train)  [2][ 50/245]  lr: 1.1792e-02  eta: 4:06:08  time: 0.7763  data_time: 0.0095  memory: 18573  loss: 0.5548  loss_rpn_cls: 0.0491  loss_rpn_bbox: 0.0248  loss_cls: 0.2726  acc: 90.8447  loss_bbox: 0.2082
2026/03/27 10:20:59 - mmengine - INFO - Epoch(train)  [2][100/245]  lr: 1.3794e-02  eta: 4:04:56  time: 0.7531  data_time: 0.0022  memory: 18573  loss: 0.5362  loss_rpn_cls: 0.0480  loss_rpn_bbox: 0.0259  loss_cls: 0.2570  acc: 90.8691  loss_bbox: 0.2052
2026/03/27 10:21:37 - mmengine - INFO - Epoch(train)  [2][150/245]  lr: 1.5796e-02  eta: 4:04:02  time: 0.7568  data_time: 0.0026  memory: 18573  loss: 0.5520  loss_rpn_cls: 0.0478  loss_rpn_bbox: 0.0267  loss_cls: 0.2702  acc: 90.9607  loss_bbox: 0.2074
2026/03/27 10:22:15 - mmengine - INFO - Epoch(train)  [2][200/245]  lr: 1.7798e-02  eta: 4:02:58  time: 0.7502  data_time: 0.0021  memory: 18573  loss: 0.5158  loss_rpn_cls: 0.0501  loss_rpn_bbox: 0.0278  loss_cls: 0.2476  acc: 92.1509  loss_bbox: 0.1903
2026/03/27 10:22:47 - mmengine - INFO - Exp name: dynamic_rcnn_r50_fpn_ruod_80e_pretrained_20260327_101611
2026/03/27 10:22:50 - mmengine - INFO - Epoch(val)  [2][ 50/490]    eta: 0:00:24  time: 0.0550  data_time: 0.0092  memory: 18573  
2026/03/27 10:22:52 - mmengine - INFO - Epoch(val)  [2][100/490]    eta: 0:00:20  time: 0.0480  data_time: 0.0044  memory: 815  
2026/03/27 10:22:55 - mmengine - INFO - Epoch(val)  [2][150/490]    eta: 0:00:18  time: 0.0592  data_time: 0.0078  memory: 879  
2026/03/27 10:22:58 - mmengine - INFO - Epoch(val)  [2][200/490]    eta: 0:00:16  time: 0.0608  data_time: 0.0044  memory: 879  
2026/03/27 10:23:01 - mmengine - INFO - Epoch(val)  [2][250/490]    eta: 0:00:13  time: 0.0510  data_time: 0.0044  memory: 879  
2026/03/27 10:23:04 - mmengine - INFO - Epoch(val)  [2][300/490]    eta: 0:00:10  time: 0.0503  data_time: 0.0044  memory: 879  
2026/03/27 10:23:06 - mmengine - INFO - Epoch(val)  [2][350/490]    eta: 0:00:07  time: 0.0524  data_time: 0.0046  memory: 879  
2026/03/27 10:23:09 - mmengine - INFO - Epoch(val)  [2][400/490]    eta: 0:00:04  time: 0.0504  data_time: 0.0045  memory: 879  
2026/03/27 10:23:11 - mmengine - INFO - Epoch(val)  [2][450/490]    eta: 0:00:02  time: 0.0508  data_time: 0.0044  memory: 879  
2026/03/27 10:23:13 - mmengine - INFO - Evaluating bbox...
2026/03/27 10:23:17 - mmengine - INFO - bbox_mAP_copypaste: 0.403 0.672 0.420 0.084 0.262 0.453
2026/03/27 10:23:17 - mmengine - INFO - Epoch(val) [2][490/490]    coco/bbox_mAP: 0.4030  coco/bbox_mAP_50: 0.6720  coco/bbox_mAP_75: 0.4200  coco/bbox_mAP_s: 0.0840  coco/bbox_mAP_m: 0.2620  coco/bbox_mAP_l: 0.4530  data_time: 0.0053  time: 0.0528
2026/03/27 10:23:18 - mmengine - INFO - The best checkpoint with 0.4030 coco/bbox_mAP at 2 epoch is saved to best_coco_bbox_mAP_epoch_2.pth.
2026/03/27 10:23:57 - mmengine - INFO - Epoch(train)  [3][ 50/245]  lr: 2.0000e-02  eta: 4:01:25  time: 0.7848  data_time: 0.0125  memory: 18573  loss: 0.4856  loss_rpn_cls: 0.0414  loss_rpn_bbox: 0.0261  loss_cls: 0.2363  acc: 91.1804  loss_bbox: 0.1818
2026/03/27 10:24:36 - mmengine - INFO - Epoch(train)  [3][100/245]  lr: 2.0000e-02  eta: 4:01:06  time: 0.7715  data_time: 0.0028  memory: 18573  loss: 0.4769  loss_rpn_cls: 0.0410  loss_rpn_bbox: 0.0252  loss_cls: 0.2323  acc: 91.3147  loss_bbox: 0.1784
2026/03/27 10:25:14 - mmengine - INFO - Epoch(train)  [3][150/245]  lr: 2.0000e-02  eta: 4:00:33  time: 0.7645  data_time: 0.0027  memory: 18573  loss: 0.4450  loss_rpn_cls: 0.0352  loss_rpn_bbox: 0.0232  loss_cls: 0.2204  acc: 92.4866  loss_bbox: 0.1661
2026/03/27 10:25:53 - mmengine - INFO - Epoch(train)  [3][200/245]  lr: 2.0000e-02  eta: 4:00:01  time: 0.7657  data_time: 0.0024  memory: 18573  loss: 0.4568  loss_rpn_cls: 0.0413  loss_rpn_bbox: 0.0249  loss_cls: 0.2240  acc: 91.9312  loss_bbox: 0.1666
2026/03/27 10:26:25 - mmengine - INFO - Exp name: dynamic_rcnn_r50_fpn_ruod_80e_pretrained_20260327_101611
2026/03/27 10:27:04 - mmengine - INFO - Epoch(train)  [4][ 50/245]  lr: 2.0000e-02  eta: 3:58:35  time: 0.7832  data_time: 0.0160  memory: 18573  loss: 0.4195  loss_rpn_cls: 0.0328  loss_rpn_bbox: 0.0233  loss_cls: 0.2018  acc: 92.1936  loss_bbox: 0.1615
2026/03/27 10:27:42 - mmengine - INFO - Epoch(train)  [4][100/245]  lr: 2.0000e-02  eta: 3:57:41  time: 0.7467  data_time: 0.0024  memory: 18573  loss: 0.4193  loss_rpn_cls: 0.0306  loss_rpn_bbox: 0.0223  loss_cls: 0.2074  acc: 93.1335  loss_bbox: 0.1590
2026/03/27 10:28:19 - mmengine - INFO - Epoch(train)  [4][150/245]  lr: 2.0000e-02  eta: 3:56:59  time: 0.7557  data_time: 0.0026  memory: 18573  loss: 0.4150  loss_rpn_cls: 0.0325  loss_rpn_bbox: 0.0237  loss_cls: 0.2037  acc: 91.6565  loss_bbox: 0.1550
2026/03/27 10:28:58 - mmengine - INFO - Epoch(train)  [4][200/245]  lr: 2.0000e-02  eta: 3:56:27  time: 0.7657  data_time: 0.0026  memory: 18573  loss: 0.4029  loss_rpn_cls: 0.0316  loss_rpn_bbox: 0.0227  loss_cls: 0.1964  acc: 93.3533  loss_bbox: 0.1522
2026/03/27 10:29:31 - mmengine - INFO - Exp name: dynamic_rcnn_r50_fpn_ruod_80e_pretrained_20260327_101611
2026/03/27 10:29:33 - mmengine - INFO - Epoch(val)  [4][ 50/490]    eta: 0:00:22  time: 0.0510  data_time: 0.0058  memory: 18573  
2026/03/27 10:29:36 - mmengine - INFO - Epoch(val)  [4][100/490]    eta: 0:00:19  time: 0.0482  data_time: 0.0045  memory: 814  
2026/03/27 10:29:38 - mmengine - INFO - Epoch(val)  [4][150/490]    eta: 0:00:16  time: 0.0501  data_time: 0.0047  memory: 879  
2026/03/27 10:29:41 - mmengine - INFO - Epoch(val)  [4][200/490]    eta: 0:00:14  time: 0.0534  data_time: 0.0048  memory: 879  
2026/03/27 10:29:44 - mmengine - INFO - Epoch(val)  [4][250/490]    eta: 0:00:12  time: 0.0527  data_time: 0.0049  memory: 879  
2026/03/27 10:29:46 - mmengine - INFO - Epoch(val)  [4][300/490]    eta: 0:00:09  time: 0.0504  data_time: 0.0046  memory: 879  
2026/03/27 10:29:49 - mmengine - INFO - Epoch(val)  [4][350/490]    eta: 0:00:07  time: 0.0515  data_time: 0.0046  memory: 879  
2026/03/27 10:29:51 - mmengine - INFO - Epoch(val)  [4][400/490]    eta: 0:00:04  time: 0.0506  data_time: 0.0044  memory: 879  
2026/03/27 10:29:54 - mmengine - INFO - Epoch(val)  [4][450/490]    eta: 0:00:02  time: 0.0519  data_time: 0.0047  memory: 879  
2026/03/27 10:29:56 - mmengine - INFO - Evaluating bbox...
2026/03/27 10:30:00 - mmengine - INFO - bbox_mAP_copypaste: 0.469 0.738 0.498 0.101 0.328 0.525
2026/03/27 10:30:00 - mmengine - INFO - Epoch(val) [4][490/490]    coco/bbox_mAP: 0.4690  coco/bbox_mAP_50: 0.7380  coco/bbox_mAP_75: 0.4980  coco/bbox_mAP_s: 0.1010  coco/bbox_mAP_m: 0.3280  coco/bbox_mAP_l: 0.5250  data_time: 0.0047  time: 0.0510
2026/03/27 10:30:00 - mmengine - INFO - The previous best checkpoint /workspace/aquaculture-perception/runs/mmdet/dynamic_rcnn_r50_fpn_ruod_80e_pretrained/best_coco_bbox_mAP_epoch_2.pth is removed
2026/03/27 10:30:01 - mmengine - INFO - The best checkpoint with 0.4690 coco/bbox_mAP at 4 epoch is saved to best_coco_bbox_mAP_epoch_4.pth.
2026/03/27 10:30:17 - mmengine - INFO - Exp name: dynamic_rcnn_r50_fpn_ruod_80e_pretrained_20260327_101611
2026/03/27 10:30:39 - mmengine - INFO - Epoch(train)  [5][ 50/245]  lr: 2.0000e-02  eta: 3:55:11  time: 0.7781  data_time: 0.0112  memory: 18573  loss: 0.3834  loss_rpn_cls: 0.0284  loss_rpn_bbox: 0.0227  loss_cls: 0.1864  acc: 90.9973  loss_bbox: 0.1460
2026/03/27 10:31:17 - mmengine - INFO - Epoch(train)  [5][100/245]  lr: 2.0000e-02  eta: 3:54:24  time: 0.7499  data_time: 0.0028  memory: 18573  loss: 0.3864  loss_rpn_cls: 0.0290  loss_rpn_bbox: 0.0220  loss_cls: 0.1905  acc: 92.4133  loss_bbox: 0.1450
2026/03/27 10:31:55 - mmengine - INFO - Epoch(train)  [5][150/245]  lr: 2.0000e-02  eta: 3:53:40  time: 0.7514  data_time: 0.0027  memory: 18573  loss: 0.3929  loss_rpn_cls: 0.0280  loss_rpn_bbox: 0.0229  loss_cls: 0.1929  acc: 93.7927  loss_bbox: 0.1491
2026/03/27 10:32:32 - mmengine - INFO - Epoch(train)  [5][200/245]  lr: 2.0000e-02  eta: 3:52:50  time: 0.7437  data_time: 0.0029  memory: 18573  loss: 0.3813  loss_rpn_cls: 0.0283  loss_rpn_bbox: 0.0220  loss_cls: 0.1836  acc: 92.2974  loss_bbox: 0.1474
2026/03/27 10:33:04 - mmengine - INFO - Exp name: dynamic_rcnn_r50_fpn_ruod_80e_pretrained_20260327_101611
2026/03/27 10:33:43 - mmengine - INFO - Epoch(train)  [6][ 50/245]  lr: 2.0000e-02  eta: 3:51:24  time: 0.7661  data_time: 0.0143  memory: 18573  loss: 0.3639  loss_rpn_cls: 0.0241  loss_rpn_bbox: 0.0212  loss_cls: 0.1789  acc: 91.7358  loss_bbox: 0.1397
2026/03/27 10:34:20 - mmengine - INFO - Epoch(train)  [6][100/245]  lr: 2.0000e-02  eta: 3:50:36  time: 0.7430  data_time: 0.0028  memory: 18573  loss: 0.3578  loss_rpn_cls: 0.0243  loss_rpn_bbox: 0.0218  loss_cls: 0.1757  acc: 93.7683  loss_bbox: 0.1360
2026/03/27 10:34:57 - mmengine - INFO - Epoch(train)  [6][150/245]  lr: 2.0000e-02  eta: 3:49:52  time: 0.7486  data_time: 0.0028  memory: 18573  loss: 0.3470  loss_rpn_cls: 0.0243  loss_rpn_bbox: 0.0209  loss_cls: 0.1702  acc: 92.0227  loss_bbox: 0.1315
2026/03/27 10:35:35 - mmengine - INFO - Epoch(train)  [6][200/245]  lr: 2.0000e-02  eta: 3:49:13  time: 0.7538  data_time: 0.0028  memory: 18573  loss: 0.3584  loss_rpn_cls: 0.0252  loss_rpn_bbox: 0.0218  loss_cls: 0.1766  acc: 94.0491  loss_bbox: 0.1348
2026/03/27 10:36:08 - mmengine - INFO - Exp name: dynamic_rcnn_r50_fpn_ruod_80e_pretrained_20260327_101611
2026/03/27 10:36:10 - mmengine - INFO - Epoch(val)  [6][ 50/490]    eta: 0:00:21  time: 0.0499  data_time: 0.0058  memory: 18573  
2026/03/27 10:36:12 - mmengine - INFO - Epoch(val)  [6][100/490]    eta: 0:00:18  time: 0.0466  data_time: 0.0041  memory: 815  
2026/03/27 10:36:15 - mmengine - INFO - Epoch(val)  [6][150/490]    eta: 0:00:16  time: 0.0483  data_time: 0.0044  memory: 879  
2026/03/27 10:36:17 - mmengine - INFO - Epoch(val)  [6][200/490]    eta: 0:00:14  time: 0.0517  data_time: 0.0043  memory: 879  
2026/03/27 10:36:20 - mmengine - INFO - Epoch(val)  [6][250/490]    eta: 0:00:11  time: 0.0506  data_time: 0.0040  memory: 879  
2026/03/27 10:36:22 - mmengine - INFO - Epoch(val)  [6][300/490]    eta: 0:00:09  time: 0.0492  data_time: 0.0040  memory: 879  
2026/03/27 10:36:25 - mmengine - INFO - Epoch(val)  [6][350/490]    eta: 0:00:06  time: 0.0494  data_time: 0.0040  memory: 879  
2026/03/27 10:36:27 - mmengine - INFO - Epoch(val)  [6][400/490]    eta: 0:00:04  time: 0.0521  data_time: 0.0048  memory: 879  
2026/03/27 10:36:30 - mmengine - INFO - Epoch(val)  [6][450/490]    eta: 0:00:02  time: 0.0543  data_time: 0.0048  memory: 879  
2026/03/27 10:36:32 - mmengine - INFO - Evaluating bbox...
2026/03/27 10:36:36 - mmengine - INFO - bbox_mAP_copypaste: 0.488 0.758 0.525 0.107 0.326 0.548
2026/03/27 10:36:36 - mmengine - INFO - Epoch(val) [6][490/490]    coco/bbox_mAP: 0.4880  coco/bbox_mAP_50: 0.7580  coco/bbox_mAP_75: 0.5250  coco/bbox_mAP_s: 0.1070  coco/bbox_mAP_m: 0.3260  coco/bbox_mAP_l: 0.5480  data_time: 0.0045  time: 0.0502
2026/03/27 10:36:36 - mmengine - INFO - The previous best checkpoint /workspace/aquaculture-perception/runs/mmdet/dynamic_rcnn_r50_fpn_ruod_80e_pretrained/best_coco_bbox_mAP_epoch_4.pth is removed
2026/03/27 10:36:37 - mmengine - INFO - The best checkpoint with 0.4880 coco/bbox_mAP at 6 epoch is saved to best_coco_bbox_mAP_epoch_6.pth.
2026/03/27 10:37:15 - mmengine - INFO - Epoch(train)  [7][ 50/245]  lr: 2.0000e-02  eta: 3:47:49  time: 0.7692  data_time: 0.0161  memory: 18573  loss: 0.3366  loss_rpn_cls: 0.0213  loss_rpn_bbox: 0.0211  loss_cls: 0.1629  acc: 93.2983  loss_bbox: 0.1312
2026/03/27 10:37:52 - mmengine - INFO - Epoch(train)  [7][100/245]  lr: 2.0000e-02  eta: 3:47:05  time: 0.7441  data_time: 0.0026  memory: 18573  loss: 0.3350  loss_rpn_cls: 0.0226  loss_rpn_bbox: 0.0204  loss_cls: 0.1633  acc: 94.2932  loss_bbox: 0.1287
2026/03/27 10:38:29 - mmengine - INFO - Epoch(train)  [7][150/245]  lr: 2.0000e-02  eta: 3:46:18  time: 0.7398  data_time: 0.0033  memory: 18573  loss: 0.3496  loss_rpn_cls: 0.0220  loss_rpn_bbox: 0.0217  loss_cls: 0.1719  acc: 90.9729  loss_bbox: 0.1340
2026/03/27 10:39:06 - mmengine - INFO - Epoch(train)  [7][200/245]  lr: 2.0000e-02  eta: 3:45:32  time: 0.7395  data_time: 0.0029  memory: 18573  loss: 0.3271  loss_rpn_cls: 0.0213  loss_rpn_bbox: 0.0196  loss_cls: 0.1612  acc: 93.6890  loss_bbox: 0.1250
2026/03/27 10:39:39 - mmengine - INFO - Exp name: dynamic_rcnn_r50_fpn_ruod_80e_pretrained_20260327_101611
2026/03/27 10:40:18 - mmengine - INFO - Epoch(train)  [8][ 50/245]  lr: 2.0000e-02  eta: 3:44:21  time: 0.7775  data_time: 0.0123  memory: 18573  loss: 0.3210  loss_rpn_cls: 0.0187  loss_rpn_bbox: 0.0203  loss_cls: 0.1548  acc: 93.1885  loss_bbox: 0.1271
2026/03/27 10:40:56 - mmengine - INFO - Epoch(train)  [8][100/245]  lr: 2.0000e-02  eta: 3:43:42  time: 0.7517  data_time: 0.0031  memory: 18573  loss: 0.3200  loss_rpn_cls: 0.0191  loss_rpn_bbox: 0.0195  loss_cls: 0.1568  acc: 93.6218  loss_bbox: 0.1245
2026/03/27 10:41:35 - mmengine - INFO - Epoch(train)  [8][150/245]  lr: 2.0000e-02  eta: 3:43:18  time: 0.7834  data_time: 0.0030  memory: 18573  loss: 0.3204  loss_rpn_cls: 0.0209  loss_rpn_bbox: 0.0209  loss_cls: 0.1570  acc: 92.8894  loss_bbox: 0.1215
2026/03/27 10:42:13 - mmengine - INFO - Epoch(train)  [8][200/245]  lr: 2.0000e-02  eta: 3:42:48  time: 0.7736  data_time: 0.0028  memory: 18574  loss: 0.3221  loss_rpn_cls: 0.0187  loss_rpn_bbox: 0.0199  loss_cls: 0.1589  acc: 92.0593  loss_bbox: 0.1246
2026/03/27 10:42:48 - mmengine - INFO - Exp name: dynamic_rcnn_r50_fpn_ruod_80e_pretrained_20260327_101611
2026/03/27 10:42:50 - mmengine - INFO - Epoch(val)  [8][ 50/490]    eta: 0:00:22  time: 0.0506  data_time: 0.0058  memory: 18573  
2026/03/27 10:42:53 - mmengine - INFO - Epoch(val)  [8][100/490]    eta: 0:00:19  time: 0.0486  data_time: 0.0045  memory: 815  
2026/03/27 10:42:55 - mmengine - INFO - Epoch(val)  [8][150/490]    eta: 0:00:17  time: 0.0534  data_time: 0.0049  memory: 879  
2026/03/27 10:42:58 - mmengine - INFO - Epoch(val)  [8][200/490]    eta: 0:00:14  time: 0.0540  data_time: 0.0046  memory: 879  
2026/03/27 10:43:01 - mmengine - INFO - Epoch(val)  [8][250/490]    eta: 0:00:12  time: 0.0553  data_time: 0.0065  memory: 879  
2026/03/27 10:43:04 - mmengine - INFO - Epoch(val)  [8][300/490]    eta: 0:00:10  time: 0.0582  data_time: 0.0095  memory: 879  
2026/03/27 10:43:06 - mmengine - INFO - Epoch(val)  [8][350/490]    eta: 0:00:07  time: 0.0523  data_time: 0.0044  memory: 879  
2026/03/27 10:43:09 - mmengine - INFO - Epoch(val)  [8][400/490]    eta: 0:00:04  time: 0.0524  data_time: 0.0047  memory: 879  
2026/03/27 10:43:12 - mmengine - INFO - Epoch(val)  [8][450/490]    eta: 0:00:02  time: 0.0532  data_time: 0.0045  memory: 879  
2026/03/27 10:43:14 - mmengine - INFO - Evaluating bbox...
2026/03/27 10:43:17 - mmengine - INFO - bbox_mAP_copypaste: 0.494 0.757 0.536 0.105 0.334 0.557
2026/03/27 10:43:17 - mmengine - INFO - Epoch(val) [8][490/490]    coco/bbox_mAP: 0.4940  coco/bbox_mAP_50: 0.7570  coco/bbox_mAP_75: 0.5360  coco/bbox_mAP_s: 0.1050  coco/bbox_mAP_m: 0.3340  coco/bbox_mAP_l: 0.5570  data_time: 0.0054  time: 0.0530
2026/03/27 10:43:17 - mmengine - INFO - The previous best checkpoint /workspace/aquaculture-perception/runs/mmdet/dynamic_rcnn_r50_fpn_ruod_80e_pretrained/best_coco_bbox_mAP_epoch_6.pth is removed
2026/03/27 10:43:18 - mmengine - INFO - The best checkpoint with 0.4940 coco/bbox_mAP at 8 epoch is saved to best_coco_bbox_mAP_epoch_8.pth.
2026/03/27 10:43:50 - mmengine - INFO - Exp name: dynamic_rcnn_r50_fpn_ruod_80e_pretrained_20260327_101611
2026/03/27 10:43:58 - mmengine - INFO - Epoch(train)  [9][ 50/245]  lr: 2.0000e-02  eta: 3:41:57  time: 0.7981  data_time: 0.0109  memory: 18573  loss: 0.3190  loss_rpn_cls: 0.0180  loss_rpn_bbox: 0.0204  loss_cls: 0.1572  acc: 94.0186  loss_bbox: 0.1234
2026/03/27 10:44:37 - mmengine - INFO - Epoch(train)  [9][100/245]  lr: 2.0000e-02  eta: 3:41:29  time: 0.7806  data_time: 0.0030  memory: 18573  loss: 0.3031  loss_rpn_cls: 0.0175  loss_rpn_bbox: 0.0194  loss_cls: 0.1494  acc: 94.2200  loss_bbox: 0.1168
2026/03/27 10:45:16 - mmengine - INFO - Epoch(train)  [9][150/245]  lr: 2.0000e-02  eta: 3:40:59  time: 0.7769  data_time: 0.0030  memory: 18573  loss: 0.2995  loss_rpn_cls: 0.0172  loss_rpn_bbox: 0.0201  loss_cls: 0.1466  acc: 93.5059  loss_bbox: 0.1156
2026/03/27 10:45:54 - mmengine - INFO - Epoch(train)  [9][200/245]  lr: 2.0000e-02  eta: 3:40:24  time: 0.7650  data_time: 0.0029  memory: 18573  loss: 0.2998  loss_rpn_cls: 0.0157  loss_rpn_bbox: 0.0189  loss_cls: 0.1466  acc: 94.2139  loss_bbox: 0.1186
2026/03/27 10:46:28 - mmengine - INFO - Exp name: dynamic_rcnn_r50_fpn_ruod_80e_pretrained_20260327_101611
2026/03/27 10:47:08 - mmengine - INFO - Epoch(train) [10][ 50/245]  lr: 2.0000e-02  eta: 3:39:25  time: 0.7935  data_time: 0.0146  memory: 18573  loss: 0.2986  loss_rpn_cls: 0.0171  loss_rpn_bbox: 0.0195  loss_cls: 0.1456  acc: 94.0063  loss_bbox: 0.1165
2026/03/27 10:47:47 - mmengine - INFO - Epoch(train) [10][100/245]  lr: 2.0000e-02  eta: 3:38:55  time: 0.7804  data_time: 0.0030  memory: 18573  loss: 0.2926  loss_rpn_cls: 0.0156  loss_rpn_bbox: 0.0193  loss_cls: 0.1429  acc: 94.3787  loss_bbox: 0.1149
2026/03/27 10:48:26 - mmengine - INFO - Epoch(train) [10][150/245]  lr: 2.0000e-02  eta: 3:38:24  time: 0.7781  data_time: 0.0030  memory: 18573  loss: 0.2943  loss_rpn_cls: 0.0168  loss_rpn_bbox: 0.0197  loss_cls: 0.1434  acc: 93.1885  loss_bbox: 0.1143
2026/03/27 10:49:05 - mmengine - INFO - Epoch(train) [10][200/245]  lr: 2.0000e-02  eta: 3:37:51  time: 0.7730  data_time: 0.0029  memory: 18573  loss: 0.2835  loss_rpn_cls: 0.0147  loss_rpn_bbox: 0.0186  loss_cls: 0.1391  acc: 92.2791  loss_bbox: 0.1112
2026/03/27 10:49:39 - mmengine - INFO - Exp name: dynamic_rcnn_r50_fpn_ruod_80e_pretrained_20260327_101611
2026/03/27 10:49:41 - mmengine - INFO - Epoch(val) [10][ 50/490]    eta: 0:00:22  time: 0.0519  data_time: 0.0061  memory: 18573  
2026/03/27 10:49:44 - mmengine - INFO - Epoch(val) [10][100/490]    eta: 0:00:20  time: 0.0538  data_time: 0.0086  memory: 814  
2026/03/27 10:49:46 - mmengine - INFO - Epoch(val) [10][150/490]    eta: 0:00:17  time: 0.0501  data_time: 0.0044  memory: 879  
2026/03/27 10:49:49 - mmengine - INFO - Epoch(val) [10][200/490]    eta: 0:00:15  time: 0.0536  data_time: 0.0046  memory: 879  
2026/03/27 10:49:52 - mmengine - INFO - Epoch(val) [10][250/490]    eta: 0:00:12  time: 0.0529  data_time: 0.0047  memory: 879  
2026/03/27 10:49:54 - mmengine - INFO - Epoch(val) [10][300/490]    eta: 0:00:10  time: 0.0541  data_time: 0.0048  memory: 879  
2026/03/27 10:49:57 - mmengine - INFO - Epoch(val) [10][350/490]    eta: 0:00:07  time: 0.0528  data_time: 0.0047  memory: 879  
2026/03/27 10:50:00 - mmengine - INFO - Epoch(val) [10][400/490]    eta: 0:00:04  time: 0.0535  data_time: 0.0052  memory: 879  
2026/03/27 10:50:02 - mmengine - INFO - Epoch(val) [10][450/490]    eta: 0:00:02  time: 0.0541  data_time: 0.0053  memory: 879  
2026/03/27 10:50:05 - mmengine - INFO - Evaluating bbox...
2026/03/27 10:50:08 - mmengine - INFO - bbox_mAP_copypaste: 0.500 0.770 0.539 0.120 0.349 0.561
2026/03/27 10:50:08 - mmengine - INFO - Epoch(val) [10][490/490]    coco/bbox_mAP: 0.5000  coco/bbox_mAP_50: 0.7700  coco/bbox_mAP_75: 0.5390  coco/bbox_mAP_s: 0.1200  coco/bbox_mAP_m: 0.3490  coco/bbox_mAP_l: 0.5610  data_time: 0.0053  time: 0.0530
2026/03/27 10:50:08 - mmengine - INFO - The previous best checkpoint /workspace/aquaculture-perception/runs/mmdet/dynamic_rcnn_r50_fpn_ruod_80e_pretrained/best_coco_bbox_mAP_epoch_8.pth is removed
2026/03/27 10:50:09 - mmengine - INFO - The best checkpoint with 0.5000 coco/bbox_mAP at 10 epoch is saved to best_coco_bbox_mAP_epoch_10.pth.
2026/03/27 10:50:49 - mmengine - INFO - Epoch(train) [11][ 50/245]  lr: 2.0000e-02  eta: 3:36:48  time: 0.7951  data_time: 0.0169  memory: 18573  loss: 0.2877  loss_rpn_cls: 0.0141  loss_rpn_bbox: 0.0198  loss_cls: 0.1386  acc: 93.0664  loss_bbox: 0.1152
2026/03/27 10:51:27 - mmengine - INFO - Epoch(train) [11][100/245]  lr: 2.0000e-02  eta: 3:36:15  time: 0.7734  data_time: 0.0030  memory: 18573  loss: 0.2708  loss_rpn_cls: 0.0148  loss_rpn_bbox: 0.0185  loss_cls: 0.1312  acc: 95.9167  loss_bbox: 0.1063
2026/03/27 10:52:06 - mmengine - INFO - Epoch(train) [11][150/245]  lr: 2.0000e-02  eta: 3:35:41  time: 0.7749  data_time: 0.0027  memory: 18573  loss: 0.2748  loss_rpn_cls: 0.0142  loss_rpn_bbox: 0.0185  loss_cls: 0.1334  acc: 93.9697  loss_bbox: 0.1086
2026/03/27 10:52:45 - mmengine - INFO - Epoch(train) [11][200/245]  lr: 2.0000e-02  eta: 3:35:05  time: 0.7688  data_time: 0.0028  memory: 18573  loss: 0.2816  loss_rpn_cls: 0.0143  loss_rpn_bbox: 0.0190  loss_cls: 0.1390  acc: 95.7825  loss_bbox: 0.1093
2026/03/27 10:53:19 - mmengine - INFO - Exp name: dynamic_rcnn_r50_fpn_ruod_80e_pretrained_20260327_101611
2026/03/27 10:53:59 - mmengine - INFO - Epoch(train) [12][ 50/245]  lr: 2.0000e-02  eta: 3:34:07  time: 0.8021  data_time: 0.0137  memory: 18573  loss: 0.2639  loss_rpn_cls: 0.0126  loss_rpn_bbox: 0.0181  loss_cls: 0.1300  acc: 94.9097  loss_bbox: 0.1032
2026/03/27 10:54:39 - mmengine - INFO - Epoch(train) [12][100/245]  lr: 2.0000e-02  eta: 3:33:36  time: 0.7856  data_time: 0.0029  memory: 18573  loss: 0.2713  loss_rpn_cls: 0.0132  loss_rpn_bbox: 0.0181  loss_cls: 0.1326  acc: 95.2515  loss_bbox: 0.1074
2026/03/27 10:55:17 - mmengine - INFO - Epoch(train) [12][150/245]  lr: 2.0000e-02  eta: 3:32:59  time: 0.7663  data_time: 0.0029  memory: 18573  loss: 0.2732  loss_rpn_cls: 0.0129  loss_rpn_bbox: 0.0188  loss_cls: 0.1330  acc: 94.1406  loss_bbox: 0.1085
2026/03/27 10:55:56 - mmengine - INFO - Epoch(train) [12][200/245]  lr: 2.0000e-02  eta: 3:32:24  time: 0.7751  data_time: 0.0030  memory: 18573  loss: 0.2764  loss_rpn_cls: 0.0139  loss_rpn_bbox: 0.0195  loss_cls: 0.1361  acc: 94.2322  loss_bbox: 0.1069
2026/03/27 10:56:30 - mmengine - INFO - Exp name: dynamic_rcnn_r50_fpn_ruod_80e_pretrained_20260327_101611
2026/03/27 10:56:32 - mmengine - INFO - Epoch(val) [12][ 50/490]    eta: 0:00:23  time: 0.0538  data_time: 0.0070  memory: 18573  
2026/03/27 10:56:35 - mmengine - INFO - Epoch(val) [12][100/490]    eta: 0:00:20  time: 0.0500  data_time: 0.0050  memory: 814  
2026/03/27 10:56:37 - mmengine - INFO - Epoch(val) [12][150/490]    eta: 0:00:17  time: 0.0517  data_time: 0.0051  memory: 879  
2026/03/27 10:56:40 - mmengine - INFO - Epoch(val) [12][200/490]    eta: 0:00:15  time: 0.0545  data_time: 0.0049  memory: 879  
2026/03/27 10:56:43 - mmengine - INFO - Epoch(val) [12][250/490]    eta: 0:00:12  time: 0.0535  data_time: 0.0047  memory: 879  
2026/03/27 10:56:45 - mmengine - INFO - Epoch(val) [12][300/490]    eta: 0:00:10  time: 0.0523  data_time: 0.0047  memory: 879  
2026/03/27 10:56:48 - mmengine - INFO - Epoch(val) [12][350/490]    eta: 0:00:07  time: 0.0526  data_time: 0.0048  memory: 879  
2026/03/27 10:56:51 - mmengine - INFO - Epoch(val) [12][400/490]    eta: 0:00:04  time: 0.0523  data_time: 0.0046  memory: 879  
2026/03/27 10:56:53 - mmengine - INFO - Epoch(val) [12][450/490]    eta: 0:00:02  time: 0.0562  data_time: 0.0051  memory: 879  
2026/03/27 10:56:56 - mmengine - INFO - Evaluating bbox...
2026/03/27 10:56:59 - mmengine - INFO - bbox_mAP_copypaste: 0.511 0.778 0.555 0.111 0.374 0.574
2026/03/27 10:56:59 - mmengine - INFO - Epoch(val) [12][490/490]    coco/bbox_mAP: 0.5110  coco/bbox_mAP_50: 0.7780  coco/bbox_mAP_75: 0.5550  coco/bbox_mAP_s: 0.1110  coco/bbox_mAP_m: 0.3740  coco/bbox_mAP_l: 0.5740  data_time: 0.0051  time: 0.0530
2026/03/27 10:56:59 - mmengine - INFO - The previous best checkpoint /workspace/aquaculture-perception/runs/mmdet/dynamic_rcnn_r50_fpn_ruod_80e_pretrained/best_coco_bbox_mAP_epoch_10.pth is removed
2026/03/27 10:57:00 - mmengine - INFO - The best checkpoint with 0.5110 coco/bbox_mAP at 12 epoch is saved to best_coco_bbox_mAP_epoch_12.pth.
2026/03/27 10:57:40 - mmengine - INFO - Epoch(train) [13][ 50/245]  lr: 2.0000e-02  eta: 3:31:20  time: 0.7995  data_time: 0.0132  memory: 18573  loss: 0.2571  loss_rpn_cls: 0.0106  loss_rpn_bbox: 0.0176  loss_cls: 0.1250  acc: 96.5027  loss_bbox: 0.1039
2026/03/27 10:57:48 - mmengine - INFO - Exp name: dynamic_rcnn_r50_fpn_ruod_80e_pretrained_20260327_101611
2026/03/27 10:58:20 - mmengine - INFO - Epoch(train) [13][100/245]  lr: 2.0000e-02  eta: 3:30:48  time: 0.7889  data_time: 0.0035  memory: 18573  loss: 0.2596  loss_rpn_cls: 0.0114  loss_rpn_bbox: 0.0177  loss_cls: 0.1272  acc: 94.7815  loss_bbox: 0.1033
2026/03/27 10:58:59 - mmengine - INFO - Epoch(train) [13][150/245]  lr: 2.0000e-02  eta: 3:30:14  time: 0.7775  data_time: 0.0029  memory: 18573  loss: 0.2621  loss_rpn_cls: 0.0124  loss_rpn_bbox: 0.0186  loss_cls: 0.1257  acc: 94.6045  loss_bbox: 0.1054
2026/03/27 10:59:37 - mmengine - INFO - Epoch(train) [13][200/245]  lr: 2.0000e-02  eta: 3:29:39  time: 0.7776  data_time: 0.0029  memory: 18573  loss: 0.2630  loss_rpn_cls: 0.0124  loss_rpn_bbox: 0.0186  loss_cls: 0.1288  acc: 94.5068  loss_bbox: 0.1032
2026/03/27 11:00:12 - mmengine - INFO - Exp name: dynamic_rcnn_r50_fpn_ruod_80e_pretrained_20260327_101611
2026/03/27 11:00:52 - mmengine - INFO - Epoch(train) [14][ 50/245]  lr: 2.0000e-02  eta: 3:28:36  time: 0.8073  data_time: 0.0111  memory: 18573  loss: 0.2525  loss_rpn_cls: 0.0106  loss_rpn_bbox: 0.0179  loss_cls: 0.1239  acc: 94.6716  loss_bbox: 0.1001
2026/03/27 11:01:31 - mmengine - INFO - Epoch(train) [14][100/245]  lr: 2.0000e-02  eta: 3:28:02  time: 0.7802  data_time: 0.0033  memory: 18573  loss: 0.2549  loss_rpn_cls: 0.0114  loss_rpn_bbox: 0.0182  loss_cls: 0.1244  acc: 94.0796  loss_bbox: 0.1009
2026/03/27 11:02:10 - mmengine - INFO - Epoch(train) [14][150/245]  lr: 2.0000e-02  eta: 3:27:28  time: 0.7833  data_time: 0.0044  memory: 18573  loss: 0.2541  loss_rpn_cls: 0.0115  loss_rpn_bbox: 0.0184  loss_cls: 0.1243  acc: 93.9392  loss_bbox: 0.0999
2026/03/27 11:02:49 - mmengine - INFO - Epoch(train) [14][200/245]  lr: 2.0000e-02  eta: 3:26:51  time: 0.7690  data_time: 0.0031  memory: 18573  loss: 0.2528  loss_rpn_cls: 0.0116  loss_rpn_bbox: 0.0183  loss_cls: 0.1232  acc: 94.5007  loss_bbox: 0.0997
2026/03/27 11:03:23 - mmengine - INFO - Exp name: dynamic_rcnn_r50_fpn_ruod_80e_pretrained_20260327_101611
2026/03/27 11:03:26 - mmengine - INFO - Epoch(val) [14][ 50/490]    eta: 0:00:23  time: 0.0527  data_time: 0.0067  memory: 18573  
2026/03/27 11:03:28 - mmengine - INFO - Epoch(val) [14][100/490]    eta: 0:00:19  time: 0.0492  data_time: 0.0048  memory: 814  
2026/03/27 11:03:31 - mmengine - INFO - Epoch(val) [14][150/490]    eta: 0:00:17  time: 0.0504  data_time: 0.0047  memory: 879  
2026/03/27 11:03:34 - mmengine - INFO - Epoch(val) [14][200/490]    eta: 0:00:14  time: 0.0543  data_time: 0.0049  memory: 879  
2026/03/27 11:03:36 - mmengine - INFO - Epoch(val) [14][250/490]    eta: 0:00:12  time: 0.0539  data_time: 0.0049  memory: 879  
2026/03/27 11:03:39 - mmengine - INFO - Epoch(val) [14][300/490]    eta: 0:00:09  time: 0.0526  data_time: 0.0047  memory: 879  
2026/03/27 11:03:42 - mmengine - INFO - Epoch(val) [14][350/490]    eta: 0:00:07  time: 0.0522  data_time: 0.0046  memory: 879  
2026/03/27 11:03:44 - mmengine - INFO - Epoch(val) [14][400/490]    eta: 0:00:04  time: 0.0523  data_time: 0.0046  memory: 879  
2026/03/27 11:03:47 - mmengine - INFO - Epoch(val) [14][450/490]    eta: 0:00:02  time: 0.0529  data_time: 0.0047  memory: 879  
2026/03/27 11:03:49 - mmengine - INFO - Evaluating bbox...
2026/03/27 11:03:52 - mmengine - INFO - bbox_mAP_copypaste: 0.512 0.774 0.559 0.111 0.354 0.576
2026/03/27 11:03:52 - mmengine - INFO - Epoch(val) [14][490/490]    coco/bbox_mAP: 0.5120  coco/bbox_mAP_50: 0.7740  coco/bbox_mAP_75: 0.5590  coco/bbox_mAP_s: 0.1110  coco/bbox_mAP_m: 0.3540  coco/bbox_mAP_l: 0.5760  data_time: 0.0049  time: 0.0522
2026/03/27 11:03:52 - mmengine - INFO - The previous best checkpoint /workspace/aquaculture-perception/runs/mmdet/dynamic_rcnn_r50_fpn_ruod_80e_pretrained/best_coco_bbox_mAP_epoch_12.pth is removed
2026/03/27 11:03:53 - mmengine - INFO - The best checkpoint with 0.5120 coco/bbox_mAP at 14 epoch is saved to best_coco_bbox_mAP_epoch_14.pth.
2026/03/27 11:04:34 - mmengine - INFO - Epoch(train) [15][ 50/245]  lr: 2.0000e-02  eta: 3:25:49  time: 0.8071  data_time: 0.0123  memory: 18573  loss: 0.2421  loss_rpn_cls: 0.0094  loss_rpn_bbox: 0.0173  loss_cls: 0.1174  acc: 94.6533  loss_bbox: 0.0980
2026/03/27 11:05:13 - mmengine - INFO - Epoch(train) [15][100/245]  lr: 2.0000e-02  eta: 3:25:15  time: 0.7856  data_time: 0.0025  memory: 18573  loss: 0.2453  loss_rpn_cls: 0.0106  loss_rpn_bbox: 0.0180  loss_cls: 0.1188  acc: 96.0938  loss_bbox: 0.0978
2026/03/27 11:05:52 - mmengine - INFO - Epoch(train) [15][150/245]  lr: 2.0000e-02  eta: 3:24:39  time: 0.7782  data_time: 0.0027  memory: 18573  loss: 0.2380  loss_rpn_cls: 0.0093  loss_rpn_bbox: 0.0170  loss_cls: 0.1165  acc: 95.2332  loss_bbox: 0.0951
2026/03/27 11:06:31 - mmengine - INFO - Epoch(train) [15][200/245]  lr: 2.0000e-02  eta: 3:24:03  time: 0.7784  data_time: 0.0031  memory: 18573  loss: 0.2475  loss_rpn_cls: 0.0107  loss_rpn_bbox: 0.0181  loss_cls: 0.1203  acc: 94.9890  loss_bbox: 0.0984
2026/03/27 11:07:05 - mmengine - INFO - Exp name: dynamic_rcnn_r50_fpn_ruod_80e_pretrained_20260327_101611
2026/03/27 11:07:46 - mmengine - INFO - Epoch(train) [16][ 50/245]  lr: 2.0000e-02  eta: 3:23:00  time: 0.8046  data_time: 0.0109  memory: 18574  loss: 0.2326  loss_rpn_cls: 0.0096  loss_rpn_bbox: 0.0172  loss_cls: 0.1127  acc: 96.1670  loss_bbox: 0.0930
2026/03/27 11:08:26 - mmengine - INFO - Epoch(train) [16][100/245]  lr: 2.0000e-02  eta: 3:22:28  time: 0.7961  data_time: 0.0030  memory: 18573  loss: 0.2306  loss_rpn_cls: 0.0088  loss_rpn_bbox: 0.0168  loss_cls: 0.1124  acc: 94.8792  loss_bbox: 0.0927
2026/03/27 11:09:05 - mmengine - INFO - Epoch(train) [16][150/245]  lr: 2.0000e-02  eta: 3:21:55  time: 0.7945  data_time: 0.0030  memory: 18574  loss: 0.2365  loss_rpn_cls: 0.0093  loss_rpn_bbox: 0.0172  loss_cls: 0.1144  acc: 93.4937  loss_bbox: 0.0956
2026/03/27 11:09:44 - mmengine - INFO - Epoch(train) [16][200/245]  lr: 2.0000e-02  eta: 3:21:20  time: 0.7828  data_time: 0.0030  memory: 18573  loss: 0.2404  loss_rpn_cls: 0.0097  loss_rpn_bbox: 0.0179  loss_cls: 0.1174  acc: 94.0613  loss_bbox: 0.0954
2026/03/27 11:10:18 - mmengine - INFO - Exp name: dynamic_rcnn_r50_fpn_ruod_80e_pretrained_20260327_101611
2026/03/27 11:10:21 - mmengine - INFO - Epoch(val) [16][ 50/490]    eta: 0:00:25  time: 0.0580  data_time: 0.0094  memory: 18573  
2026/03/27 11:10:24 - mmengine - INFO - Epoch(val) [16][100/490]    eta: 0:00:21  time: 0.0511  data_time: 0.0049  memory: 814  
2026/03/27 11:10:26 - mmengine - INFO - Epoch(val) [16][150/490]    eta: 0:00:18  time: 0.0503  data_time: 0.0049  memory: 879  
2026/03/27 11:10:29 - mmengine - INFO - Epoch(val) [16][200/490]    eta: 0:00:15  time: 0.0537  data_time: 0.0049  memory: 879  
2026/03/27 11:10:32 - mmengine - INFO - Epoch(val) [16][250/490]    eta: 0:00:12  time: 0.0533  data_time: 0.0047  memory: 879  
2026/03/27 11:10:34 - mmengine - INFO - Epoch(val) [16][300/490]    eta: 0:00:10  time: 0.0520  data_time: 0.0045  memory: 879  
2026/03/27 11:10:37 - mmengine - INFO - Epoch(val) [16][350/490]    eta: 0:00:07  time: 0.0523  data_time: 0.0046  memory: 879  
2026/03/27 11:10:40 - mmengine - INFO - Epoch(val) [16][400/490]    eta: 0:00:04  time: 0.0554  data_time: 0.0055  memory: 879  
2026/03/27 11:10:42 - mmengine - INFO - Epoch(val) [16][450/490]    eta: 0:00:02  time: 0.0539  data_time: 0.0051  memory: 879  
2026/03/27 11:10:45 - mmengine - INFO - Evaluating bbox...
2026/03/27 11:10:48 - mmengine - INFO - bbox_mAP_copypaste: 0.510 0.772 0.553 0.115 0.364 0.571
2026/03/27 11:10:48 - mmengine - INFO - Epoch(val) [16][490/490]    coco/bbox_mAP: 0.5100  coco/bbox_mAP_50: 0.7720  coco/bbox_mAP_75: 0.5530  coco/bbox_mAP_s: 0.1150  coco/bbox_mAP_m: 0.3640  coco/bbox_mAP_l: 0.5710  data_time: 0.0053  time: 0.0533
2026/03/27 11:11:28 - mmengine - INFO - Epoch(train) [17][ 50/245]  lr: 2.0000e-02  eta: 3:20:11  time: 0.8034  data_time: 0.0118  memory: 18573  loss: 0.2246  loss_rpn_cls: 0.0079  loss_rpn_bbox: 0.0169  loss_cls: 0.1101  acc: 93.6890  loss_bbox: 0.0896
2026/03/27 11:11:51 - mmengine - INFO - Exp name: dynamic_rcnn_r50_fpn_ruod_80e_pretrained_20260327_101611
2026/03/27 11:12:07 - mmengine - INFO - Epoch(train) [17][100/245]  lr: 2.0000e-02  eta: 3:19:35  time: 0.7811  data_time: 0.0026  memory: 18573  loss: 0.2263  loss_rpn_cls: 0.0080  loss_rpn_bbox: 0.0166  loss_cls: 0.1101  acc: 95.4468  loss_bbox: 0.0915
2026/03/27 11:12:46 - mmengine - INFO - Epoch(train) [17][150/245]  lr: 2.0000e-02  eta: 3:18:59  time: 0.7800  data_time: 0.0029  memory: 18573  loss: 0.2301  loss_rpn_cls: 0.0088  loss_rpn_bbox: 0.0172  loss_cls: 0.1116  acc: 95.2881  loss_bbox: 0.0925
2026/03/27 11:13:25 - mmengine - INFO - Epoch(train) [17][200/245]  lr: 2.0000e-02  eta: 3:18:21  time: 0.7745  data_time: 0.0029  memory: 18573  loss: 0.2260  loss_rpn_cls: 0.0089  loss_rpn_bbox: 0.0173  loss_cls: 0.1089  acc: 94.0369  loss_bbox: 0.0910
2026/03/27 11:13:59 - mmengine - INFO - Exp name: dynamic_rcnn_r50_fpn_ruod_80e_pretrained_20260327_101611
2026/03/27 11:14:39 - mmengine - INFO - Epoch(train) [18][ 50/245]  lr: 2.0000e-02  eta: 3:17:13  time: 0.8075  data_time: 0.0100  memory: 18573  loss: 0.2162  loss_rpn_cls: 0.0077  loss_rpn_bbox: 0.0167  loss_cls: 0.1046  acc: 96.4355  loss_bbox: 0.0872
2026/03/27 11:15:19 - mmengine - INFO - Epoch(train) [18][100/245]  lr: 2.0000e-02  eta: 3:16:38  time: 0.7860  data_time: 0.0026  memory: 18573  loss: 0.2246  loss_rpn_cls: 0.0078  loss_rpn_bbox: 0.0171  loss_cls: 0.1093  acc: 95.5933  loss_bbox: 0.0904
2026/03/27 11:15:58 - mmengine - INFO - Epoch(train) [18][150/245]  lr: 2.0000e-02  eta: 3:16:02  time: 0.7867  data_time: 0.0028  memory: 18573  loss: 0.2214  loss_rpn_cls: 0.0080  loss_rpn_bbox: 0.0169  loss_cls: 0.1066  acc: 96.0327  loss_bbox: 0.0900
2026/03/27 11:16:37 - mmengine - INFO - Epoch(train) [18][200/245]  lr: 2.0000e-02  eta: 3:15:27  time: 0.7879  data_time: 0.0026  memory: 18573  loss: 0.2334  loss_rpn_cls: 0.0091  loss_rpn_bbox: 0.0177  loss_cls: 0.1128  acc: 96.0388  loss_bbox: 0.0938
2026/03/27 11:17:11 - mmengine - INFO - Exp name: dynamic_rcnn_r50_fpn_ruod_80e_pretrained_20260327_101611
2026/03/27 11:17:14 - mmengine - INFO - Epoch(val) [18][ 50/490]    eta: 0:00:22  time: 0.0513  data_time: 0.0064  memory: 18573  
2026/03/27 11:17:16 - mmengine - INFO - Epoch(val) [18][100/490]    eta: 0:00:19  time: 0.0481  data_time: 0.0044  memory: 814  
2026/03/27 11:17:19 - mmengine - INFO - Epoch(val) [18][150/490]    eta: 0:00:17  time: 0.0509  data_time: 0.0056  memory: 879  
2026/03/27 11:17:21 - mmengine - INFO - Epoch(val) [18][200/490]    eta: 0:00:14  time: 0.0529  data_time: 0.0046  memory: 879  
2026/03/27 11:17:24 - mmengine - INFO - Epoch(val) [18][250/490]    eta: 0:00:12  time: 0.0521  data_time: 0.0043  memory: 879  
2026/03/27 11:17:27 - mmengine - INFO - Epoch(val) [18][300/490]    eta: 0:00:09  time: 0.0517  data_time: 0.0045  memory: 879  
2026/03/27 11:17:29 - mmengine - INFO - Epoch(val) [18][350/490]    eta: 0:00:07  time: 0.0548  data_time: 0.0049  memory: 879  
2026/03/27 11:17:32 - mmengine - INFO - Epoch(val) [18][400/490]    eta: 0:00:04  time: 0.0522  data_time: 0.0046  memory: 879  
2026/03/27 11:17:35 - mmengine - INFO - Epoch(val) [18][450/490]    eta: 0:00:02  time: 0.0552  data_time: 0.0047  memory: 879  
2026/03/27 11:17:37 - mmengine - INFO - Evaluating bbox...
2026/03/27 11:17:40 - mmengine - INFO - bbox_mAP_copypaste: 0.512 0.773 0.557 0.110 0.361 0.576
2026/03/27 11:17:40 - mmengine - INFO - Epoch(val) [18][490/490]    coco/bbox_mAP: 0.5120  coco/bbox_mAP_50: 0.7730  coco/bbox_mAP_75: 0.5570  coco/bbox_mAP_s: 0.1100  coco/bbox_mAP_m: 0.3610  coco/bbox_mAP_l: 0.5760  data_time: 0.0048  time: 0.0521
2026/03/27 11:18:19 - mmengine - INFO - Epoch(train) [19][ 50/245]  lr: 2.0000e-02  eta: 3:14:14  time: 0.7807  data_time: 0.0122  memory: 18574  loss: 0.2184  loss_rpn_cls: 0.0068  loss_rpn_bbox: 0.0164  loss_cls: 0.1060  acc: 95.0500  loss_bbox: 0.0892
2026/03/27 11:18:57 - mmengine - INFO - Epoch(train) [19][100/245]  lr: 2.0000e-02  eta: 3:13:33  time: 0.7596  data_time: 0.0024  memory: 18573  loss: 0.2209  loss_rpn_cls: 0.0075  loss_rpn_bbox: 0.0174  loss_cls: 0.1073  acc: 94.9402  loss_bbox: 0.0886
2026/03/27 11:19:35 - mmengine - INFO - Epoch(train) [19][150/245]  lr: 2.0000e-02  eta: 3:12:53  time: 0.7560  data_time: 0.0024  memory: 18573  loss: 0.2174  loss_rpn_cls: 0.0076  loss_rpn_bbox: 0.0166  loss_cls: 0.1050  acc: 95.7336  loss_bbox: 0.0882
2026/03/27 11:20:12 - mmengine - INFO - Epoch(train) [19][200/245]  lr: 2.0000e-02  eta: 3:12:11  time: 0.7485  data_time: 0.0026  memory: 18573  loss: 0.2182  loss_rpn_cls: 0.0078  loss_rpn_bbox: 0.0170  loss_cls: 0.1067  acc: 95.4163  loss_bbox: 0.0867
2026/03/27 11:20:45 - mmengine - INFO - Exp name: dynamic_rcnn_r50_fpn_ruod_80e_pretrained_20260327_101611
2026/03/27 11:21:24 - mmengine - INFO - Epoch(train) [20][ 50/245]  lr: 2.0000e-02  eta: 3:10:54  time: 0.7774  data_time: 0.0140  memory: 18573  loss: 0.2032  loss_rpn_cls: 0.0065  loss_rpn_bbox: 0.0156  loss_cls: 0.0988  acc: 96.9055  loss_bbox: 0.0823
2026/03/27 11:22:02 - mmengine - INFO - Epoch(train) [20][100/245]  lr: 2.0000e-02  eta: 3:10:14  time: 0.7578  data_time: 0.0023  memory: 18573  loss: 0.2059  loss_rpn_cls: 0.0067  loss_rpn_bbox: 0.0159  loss_cls: 0.0994  acc: 96.2341  loss_bbox: 0.0838
2026/03/27 11:22:40 - mmengine - INFO - Epoch(train) [20][150/245]  lr: 2.0000e-02  eta: 3:09:34  time: 0.7579  data_time: 0.0022  memory: 18573  loss: 0.1999  loss_rpn_cls: 0.0064  loss_rpn_bbox: 0.0152  loss_cls: 0.0972  acc: 97.3450  loss_bbox: 0.0811
2026/03/27 11:23:18 - mmengine - INFO - Epoch(train) [20][200/245]  lr: 2.0000e-02  eta: 3:08:54  time: 0.7596  data_time: 0.0022  memory: 18573  loss: 0.2158  loss_rpn_cls: 0.0079  loss_rpn_bbox: 0.0175  loss_cls: 0.1051  acc: 96.6797  loss_bbox: 0.0853
2026/03/27 11:23:50 - mmengine - INFO - Exp name: dynamic_rcnn_r50_fpn_ruod_80e_pretrained_20260327_101611
2026/03/27 11:23:53 - mmengine - INFO - Epoch(val) [20][ 50/490]    eta: 0:00:23  time: 0.0537  data_time: 0.0072  memory: 18573  
2026/03/27 11:23:56 - mmengine - INFO - Epoch(val) [20][100/490]    eta: 0:00:20  time: 0.0524  data_time: 0.0049  memory: 814  
2026/03/27 11:23:58 - mmengine - INFO - Epoch(val) [20][150/490]    eta: 0:00:17  time: 0.0500  data_time: 0.0047  memory: 879  
2026/03/27 11:24:01 - mmengine - INFO - Epoch(val) [20][200/490]    eta: 0:00:15  time: 0.0542  data_time: 0.0048  memory: 879  
2026/03/27 11:24:04 - mmengine - INFO - Epoch(val) [20][250/490]    eta: 0:00:12  time: 0.0535  data_time: 0.0047  memory: 879  
2026/03/27 11:24:06 - mmengine - INFO - Epoch(val) [20][300/490]    eta: 0:00:10  time: 0.0520  data_time: 0.0046  memory: 879  
2026/03/27 11:24:09 - mmengine - INFO - Epoch(val) [20][350/490]    eta: 0:00:07  time: 0.0526  data_time: 0.0047  memory: 879  
2026/03/27 11:24:11 - mmengine - INFO - Epoch(val) [20][400/490]    eta: 0:00:04  time: 0.0518  data_time: 0.0045  memory: 879  
2026/03/27 11:24:14 - mmengine - INFO - Epoch(val) [20][450/490]    eta: 0:00:02  time: 0.0531  data_time: 0.0048  memory: 879  
2026/03/27 11:24:16 - mmengine - INFO - Evaluating bbox...
2026/03/27 11:24:19 - mmengine - INFO - bbox_mAP_copypaste: 0.518 0.775 0.564 0.112 0.369 0.583
2026/03/27 11:24:19 - mmengine - INFO - Epoch(val) [20][490/490]    coco/bbox_mAP: 0.5180  coco/bbox_mAP_50: 0.7750  coco/bbox_mAP_75: 0.5640  coco/bbox_mAP_s: 0.1120  coco/bbox_mAP_m: 0.3690  coco/bbox_mAP_l: 0.5830  data_time: 0.0049  time: 0.0525
2026/03/27 11:24:19 - mmengine - INFO - The previous best checkpoint /workspace/aquaculture-perception/runs/mmdet/dynamic_rcnn_r50_fpn_ruod_80e_pretrained/best_coco_bbox_mAP_epoch_14.pth is removed
2026/03/27 11:24:20 - mmengine - INFO - The best checkpoint with 0.5180 coco/bbox_mAP at 20 epoch is saved to best_coco_bbox_mAP_epoch_20.pth.
2026/03/27 11:24:59 - mmengine - INFO - Epoch(train) [21][ 50/245]  lr: 2.0000e-02  eta: 3:07:38  time: 0.7847  data_time: 0.0098  memory: 18573  loss: 0.2030  loss_rpn_cls: 0.0059  loss_rpn_bbox: 0.0162  loss_cls: 0.0986  acc: 95.2026  loss_bbox: 0.0824
2026/03/27 11:25:37 - mmengine - INFO - Exp name: dynamic_rcnn_r50_fpn_ruod_80e_pretrained_20260327_101611
2026/03/27 11:25:37 - mmengine - INFO - Epoch(train) [21][100/245]  lr: 2.0000e-02  eta: 3:06:59  time: 0.7696  data_time: 0.0022  memory: 18573  loss: 0.2066  loss_rpn_cls: 0.0066  loss_rpn_bbox: 0.0166  loss_cls: 0.1001  acc: 96.3562  loss_bbox: 0.0834
2026/03/27 11:26:15 - mmengine - INFO - Epoch(train) [21][150/245]  lr: 2.0000e-02  eta: 3:06:19  time: 0.7516  data_time: 0.0022  memory: 18573  loss: 0.1971  loss_rpn_cls: 0.0062  loss_rpn_bbox: 0.0156  loss_cls: 0.0969  acc: 95.9717  loss_bbox: 0.0785
2026/03/27 11:26:53 - mmengine - INFO - Epoch(train) [21][200/245]  lr: 2.0000e-02  eta: 3:05:38  time: 0.7530  data_time: 0.0024  memory: 18573  loss: 0.2037  loss_rpn_cls: 0.0062  loss_rpn_bbox: 0.0156  loss_cls: 0.0993  acc: 96.2280  loss_bbox: 0.0825
2026/03/27 11:27:26 - mmengine - INFO - Exp name: dynamic_rcnn_r50_fpn_ruod_80e_pretrained_20260327_101611
2026/03/27 11:28:05 - mmengine - INFO - Epoch(train) [22][ 50/245]  lr: 2.0000e-02  eta: 3:04:23  time: 0.7804  data_time: 0.0130  memory: 18573  loss: 0.2033  loss_rpn_cls: 0.0064  loss_rpn_bbox: 0.0163  loss_cls: 0.0985  acc: 96.1304  loss_bbox: 0.0821
2026/03/27 11:28:43 - mmengine - INFO - Epoch(train) [22][100/245]  lr: 2.0000e-02  eta: 3:03:44  time: 0.7608  data_time: 0.0019  memory: 18573  loss: 0.2003  loss_rpn_cls: 0.0059  loss_rpn_bbox: 0.0161  loss_cls: 0.0982  acc: 95.7275  loss_bbox: 0.0801
2026/03/27 11:29:20 - mmengine - INFO - Epoch(train) [22][150/245]  lr: 2.0000e-02  eta: 3:03:03  time: 0.7468  data_time: 0.0020  memory: 18573  loss: 0.1973  loss_rpn_cls: 0.0063  loss_rpn_bbox: 0.0158  loss_cls: 0.0964  acc: 95.7764  loss_bbox: 0.0788
2026/03/27 11:29:59 - mmengine - INFO - Epoch(train) [22][200/245]  lr: 2.0000e-02  eta: 3:02:24  time: 0.7652  data_time: 0.0021  memory: 18573  loss: 0.1918  loss_rpn_cls: 0.0060  loss_rpn_bbox: 0.0150  loss_cls: 0.0938  acc: 95.6543  loss_bbox: 0.0769
2026/03/27 11:30:32 - mmengine - INFO - Exp name: dynamic_rcnn_r50_fpn_ruod_80e_pretrained_20260327_101611
2026/03/27 11:30:36 - mmengine - INFO - Epoch(val) [22][ 50/490]    eta: 0:00:35  time: 0.0811  data_time: 0.0349  memory: 18573  
2026/03/27 11:30:39 - mmengine - INFO - Epoch(val) [22][100/490]    eta: 0:00:27  time: 0.0612  data_time: 0.0165  memory: 814  
2026/03/27 11:30:42 - mmengine - INFO - Epoch(val) [22][150/490]    eta: 0:00:23  time: 0.0676  data_time: 0.0208  memory: 879  
2026/03/27 11:30:45 - mmengine - INFO - Epoch(val) [22][200/490]    eta: 0:00:19  time: 0.0619  data_time: 0.0115  memory: 879  
2026/03/27 11:30:48 - mmengine - INFO - Epoch(val) [22][250/490]    eta: 0:00:16  time: 0.0637  data_time: 0.0136  memory: 879  
2026/03/27 11:30:51 - mmengine - INFO - Epoch(val) [22][300/490]    eta: 0:00:12  time: 0.0550  data_time: 0.0052  memory: 879  
2026/03/27 11:30:54 - mmengine - INFO - Epoch(val) [22][350/490]    eta: 0:00:08  time: 0.0570  data_time: 0.0052  memory: 879  
2026/03/27 11:30:57 - mmengine - INFO - Epoch(val) [22][400/490]    eta: 0:00:05  time: 0.0522  data_time: 0.0045  memory: 879  
2026/03/27 11:30:59 - mmengine - INFO - Epoch(val) [22][450/490]    eta: 0:00:02  time: 0.0526  data_time: 0.0045  memory: 879  
2026/03/27 11:31:02 - mmengine - INFO - Evaluating bbox...
2026/03/27 11:31:04 - mmengine - INFO - bbox_mAP_copypaste: 0.511 0.765 0.552 0.110 0.352 0.579
2026/03/27 11:31:04 - mmengine - INFO - Epoch(val) [22][490/490]    coco/bbox_mAP: 0.5110  coco/bbox_mAP_50: 0.7650  coco/bbox_mAP_75: 0.5520  coco/bbox_mAP_s: 0.1100  coco/bbox_mAP_m: 0.3520  coco/bbox_mAP_l: 0.5790  data_time: 0.0123  time: 0.0605
2026/03/27 11:31:43 - mmengine - INFO - Epoch(train) [23][ 50/245]  lr: 2.0000e-02  eta: 3:01:09  time: 0.7853  data_time: 0.0128  memory: 18573  loss: 0.1969  loss_rpn_cls: 0.0057  loss_rpn_bbox: 0.0160  loss_cls: 0.0951  acc: 96.1487  loss_bbox: 0.0801
2026/03/27 11:32:22 - mmengine - INFO - Epoch(train) [23][100/245]  lr: 2.0000e-02  eta: 3:00:32  time: 0.7768  data_time: 0.0024  memory: 18573  loss: 0.1866  loss_rpn_cls: 0.0054  loss_rpn_bbox: 0.0149  loss_cls: 0.0897  acc: 96.5271  loss_bbox: 0.0766
2026/03/27 11:33:00 - mmengine - INFO - Epoch(train) [23][150/245]  lr: 2.0000e-02  eta: 2:59:53  time: 0.7607  data_time: 0.0022  memory: 18574  loss: 0.1997  loss_rpn_cls: 0.0063  loss_rpn_bbox: 0.0161  loss_cls: 0.0969  acc: 95.8313  loss_bbox: 0.0804
2026/03/27 11:33:38 - mmengine - INFO - Epoch(train) [23][200/245]  lr: 2.0000e-02  eta: 2:59:14  time: 0.7638  data_time: 0.0023  memory: 18573  loss: 0.1960  loss_rpn_cls: 0.0056  loss_rpn_bbox: 0.0159  loss_cls: 0.0951  acc: 95.0500  loss_bbox: 0.0795
2026/03/27 11:34:12 - mmengine - INFO - Exp name: dynamic_rcnn_r50_fpn_ruod_80e_pretrained_20260327_101611
2026/03/27 11:34:52 - mmengine - INFO - Epoch(train) [24][ 50/245]  lr: 2.0000e-02  eta: 2:58:03  time: 0.8043  data_time: 0.0111  memory: 18573  loss: 0.1800  loss_rpn_cls: 0.0050  loss_rpn_bbox: 0.0153  loss_cls: 0.0871  acc: 96.8811  loss_bbox: 0.0726
2026/03/27 11:35:32 - mmengine - INFO - Epoch(train) [24][100/245]  lr: 2.0000e-02  eta: 2:57:28  time: 0.7987  data_time: 0.0027  memory: 18573  loss: 0.1850  loss_rpn_cls: 0.0051  loss_rpn_bbox: 0.0152  loss_cls: 0.0893  acc: 95.6116  loss_bbox: 0.0753
2026/03/27 11:36:10 - mmengine - INFO - Epoch(train) [24][150/245]  lr: 2.0000e-02  eta: 2:56:49  time: 0.7638  data_time: 0.0023  memory: 18573  loss: 0.1856  loss_rpn_cls: 0.0052  loss_rpn_bbox: 0.0151  loss_cls: 0.0905  acc: 96.9299  loss_bbox: 0.0749
2026/03/27 11:36:48 - mmengine - INFO - Epoch(train) [24][200/245]  lr: 2.0000e-02  eta: 2:56:09  time: 0.7526  data_time: 0.0023  memory: 18573  loss: 0.2024  loss_rpn_cls: 0.0062  loss_rpn_bbox: 0.0162  loss_cls: 0.0984  acc: 96.1975  loss_bbox: 0.0816
2026/03/27 11:37:21 - mmengine - INFO - Exp name: dynamic_rcnn_r50_fpn_ruod_80e_pretrained_20260327_101611
2026/03/27 11:37:23 - mmengine - INFO - Epoch(val) [24][ 50/490]    eta: 0:00:22  time: 0.0500  data_time: 0.0061  memory: 18573  
2026/03/27 11:37:26 - mmengine - INFO - Epoch(val) [24][100/490]    eta: 0:00:19  time: 0.0499  data_time: 0.0047  memory: 814  
2026/03/27 11:37:29 - mmengine - INFO - Epoch(val) [24][150/490]    eta: 0:00:17  time: 0.0536  data_time: 0.0067  memory: 879  
2026/03/27 11:37:31 - mmengine - INFO - Epoch(val) [24][200/490]    eta: 0:00:14  time: 0.0532  data_time: 0.0045  memory: 879  
2026/03/27 11:37:34 - mmengine - INFO - Epoch(val) [24][250/490]    eta: 0:00:12  time: 0.0520  data_time: 0.0042  memory: 879  
2026/03/27 11:37:36 - mmengine - INFO - Epoch(val) [24][300/490]    eta: 0:00:09  time: 0.0509  data_time: 0.0042  memory: 879  
2026/03/27 11:37:39 - mmengine - INFO - Epoch(val) [24][350/490]    eta: 0:00:07  time: 0.0515  data_time: 0.0043  memory: 879  
2026/03/27 11:37:41 - mmengine - INFO - Epoch(val) [24][400/490]    eta: 0:00:04  time: 0.0521  data_time: 0.0046  memory: 879  
2026/03/27 11:37:44 - mmengine - INFO - Epoch(val) [24][450/490]    eta: 0:00:02  time: 0.0527  data_time: 0.0045  memory: 879  
2026/03/27 11:37:47 - mmengine - INFO - Evaluating bbox...
2026/03/27 11:37:49 - mmengine - INFO - bbox_mAP_copypaste: 0.510 0.767 0.544 0.112 0.361 0.574
2026/03/27 11:37:49 - mmengine - INFO - Epoch(val) [24][490/490]    coco/bbox_mAP: 0.5100  coco/bbox_mAP_50: 0.7670  coco/bbox_mAP_75: 0.5440  coco/bbox_mAP_s: 0.1120  coco/bbox_mAP_m: 0.3610  coco/bbox_mAP_l: 0.5740  data_time: 0.0048  time: 0.0517
2026/03/27 11:38:28 - mmengine - INFO - Epoch(train) [25][ 50/245]  lr: 2.0000e-02  eta: 2:54:53  time: 0.7746  data_time: 0.0121  memory: 18574  loss: 0.1787  loss_rpn_cls: 0.0045  loss_rpn_bbox: 0.0147  loss_cls: 0.0877  acc: 97.4548  loss_bbox: 0.0719
2026/03/27 11:39:06 - mmengine - INFO - Epoch(train) [25][100/245]  lr: 2.0000e-02  eta: 2:54:14  time: 0.7582  data_time: 0.0020  memory: 18573  loss: 0.1832  loss_rpn_cls: 0.0050  loss_rpn_bbox: 0.0151  loss_cls: 0.0884  acc: 96.4355  loss_bbox: 0.0748
2026/03/27 11:39:21 - mmengine - INFO - Exp name: dynamic_rcnn_r50_fpn_ruod_80e_pretrained_20260327_101611
2026/03/27 11:39:44 - mmengine - INFO - Epoch(train) [25][150/245]  lr: 2.0000e-02  eta: 2:53:35  time: 0.7645  data_time: 0.0022  memory: 18573  loss: 0.1836  loss_rpn_cls: 0.0051  loss_rpn_bbox: 0.0154  loss_cls: 0.0890  acc: 95.5017  loss_bbox: 0.0742
2026/03/27 11:40:23 - mmengine - INFO - Epoch(train) [25][200/245]  lr: 2.0000e-02  eta: 2:52:57  time: 0.7763  data_time: 0.0022  memory: 18573  loss: 0.1859  loss_rpn_cls: 0.0051  loss_rpn_bbox: 0.0155  loss_cls: 0.0904  acc: 96.4783  loss_bbox: 0.0749
2026/03/27 11:40:57 - mmengine - INFO - Exp name: dynamic_rcnn_r50_fpn_ruod_80e_pretrained_20260327_101611
2026/03/27 11:41:37 - mmengine - INFO - Epoch(train) [26][ 50/245]  lr: 2.0000e-02  eta: 2:51:47  time: 0.8050  data_time: 0.0150  memory: 18573  loss: 0.1736  loss_rpn_cls: 0.0046  loss_rpn_bbox: 0.0149  loss_cls: 0.0837  acc: 96.8628  loss_bbox: 0.0705
2026/03/27 11:42:16 - mmengine - INFO - Epoch(train) [26][100/245]  lr: 2.0000e-02  eta: 2:51:10  time: 0.7749  data_time: 0.0023  memory: 18573  loss: 0.1763  loss_rpn_cls: 0.0043  loss_rpn_bbox: 0.0149  loss_cls: 0.0852  acc: 96.6736  loss_bbox: 0.0719
2026/03/27 11:42:56 - mmengine - INFO - Epoch(train) [26][150/245]  lr: 2.0000e-02  eta: 2:50:35  time: 0.8006  data_time: 0.0113  memory: 18573  loss: 0.1699  loss_rpn_cls: 0.0045  loss_rpn_bbox: 0.0146  loss_cls: 0.0829  acc: 97.3938  loss_bbox: 0.0679
2026/03/27 11:43:34 - mmengine - INFO - Epoch(train) [26][200/245]  lr: 2.0000e-02  eta: 2:49:57  time: 0.7697  data_time: 0.0022  memory: 18573  loss: 0.1824  loss_rpn_cls: 0.0045  loss_rpn_bbox: 0.0151  loss_cls: 0.0889  acc: 96.2524  loss_bbox: 0.0738
2026/03/27 11:44:08 - mmengine - INFO - Exp name: dynamic_rcnn_r50_fpn_ruod_80e_pretrained_20260327_101611
2026/03/27 11:44:10 - mmengine - INFO - Epoch(val) [26][ 50/490]    eta: 0:00:22  time: 0.0518  data_time: 0.0069  memory: 18573  
2026/03/27 11:44:13 - mmengine - INFO - Epoch(val) [26][100/490]    eta: 0:00:19  time: 0.0487  data_time: 0.0044  memory: 815  
2026/03/27 11:44:15 - mmengine - INFO - Epoch(val) [26][150/490]    eta: 0:00:17  time: 0.0502  data_time: 0.0047  memory: 879  
2026/03/27 11:44:18 - mmengine - INFO - Epoch(val) [26][200/490]    eta: 0:00:14  time: 0.0545  data_time: 0.0048  memory: 879  
2026/03/27 11:44:21 - mmengine - INFO - Epoch(val) [26][250/490]    eta: 0:00:12  time: 0.0537  data_time: 0.0046  memory: 879  
2026/03/27 11:44:23 - mmengine - INFO - Epoch(val) [26][300/490]    eta: 0:00:09  time: 0.0522  data_time: 0.0046  memory: 879  
2026/03/27 11:44:26 - mmengine - INFO - Epoch(val) [26][350/490]    eta: 0:00:07  time: 0.0550  data_time: 0.0049  memory: 879  
2026/03/27 11:44:29 - mmengine - INFO - Epoch(val) [26][400/490]    eta: 0:00:04  time: 0.0540  data_time: 0.0051  memory: 879  
2026/03/27 11:44:32 - mmengine - INFO - Epoch(val) [26][450/490]    eta: 0:00:02  time: 0.0537  data_time: 0.0050  memory: 879  
2026/03/27 11:44:34 - mmengine - INFO - Evaluating bbox...
2026/03/27 11:44:37 - mmengine - INFO - bbox_mAP_copypaste: 0.501 0.756 0.541 0.089 0.355 0.566
2026/03/27 11:44:37 - mmengine - INFO - Epoch(val) [26][490/490]    coco/bbox_mAP: 0.5010  coco/bbox_mAP_50: 0.7560  coco/bbox_mAP_75: 0.5410  coco/bbox_mAP_s: 0.0890  coco/bbox_mAP_m: 0.3550  coco/bbox_mAP_l: 0.5660  data_time: 0.0050  time: 0.0527
2026/03/27 11:45:16 - mmengine - INFO - Epoch(train) [27][ 50/245]  lr: 2.0000e-02  eta: 2:48:43  time: 0.7889  data_time: 0.0119  memory: 18573  loss: 0.1730  loss_rpn_cls: 0.0049  loss_rpn_bbox: 0.0140  loss_cls: 0.0839  acc: 95.8008  loss_bbox: 0.0702
2026/03/27 11:45:55 - mmengine - INFO - Epoch(train) [27][100/245]  lr: 2.0000e-02  eta: 2:48:06  time: 0.7744  data_time: 0.0021  memory: 18573  loss: 0.1776  loss_rpn_cls: 0.0052  loss_rpn_bbox: 0.0152  loss_cls: 0.0859  acc: 95.3003  loss_bbox: 0.0713
2026/03/27 11:46:34 - mmengine - INFO - Epoch(train) [27][150/245]  lr: 2.0000e-02  eta: 2:47:29  time: 0.7830  data_time: 0.0021  memory: 18573  loss: 0.1726  loss_rpn_cls: 0.0044  loss_rpn_bbox: 0.0142  loss_cls: 0.0835  acc: 95.5994  loss_bbox: 0.0704
2026/03/27 11:47:12 - mmengine - INFO - Epoch(train) [27][200/245]  lr: 2.0000e-02  eta: 2:46:50  time: 0.7627  data_time: 0.0031  memory: 18573  loss: 0.1804  loss_rpn_cls: 0.0047  loss_rpn_bbox: 0.0151  loss_cls: 0.0873  acc: 96.9177  loss_bbox: 0.0732
2026/03/27 11:47:46 - mmengine - INFO - Exp name: dynamic_rcnn_r50_fpn_ruod_80e_pretrained_20260327_101611
2026/03/27 11:48:25 - mmengine - INFO - Epoch(train) [28][ 50/245]  lr: 2.0000e-02  eta: 2:45:37  time: 0.7914  data_time: 0.0140  memory: 18573  loss: 0.1764  loss_rpn_cls: 0.0048  loss_rpn_bbox: 0.0151  loss_cls: 0.0849  acc: 95.5017  loss_bbox: 0.0716
2026/03/27 11:49:04 - mmengine - INFO - Epoch(train) [28][100/245]  lr: 2.0000e-02  eta: 2:44:58  time: 0.7686  data_time: 0.0025  memory: 18573  loss: 0.1699  loss_rpn_cls: 0.0041  loss_rpn_bbox: 0.0145  loss_cls: 0.0817  acc: 97.1924  loss_bbox: 0.0697
2026/03/27 11:49:41 - mmengine - INFO - Epoch(train) [28][150/245]  lr: 2.0000e-02  eta: 2:44:19  time: 0.7541  data_time: 0.0027  memory: 18573  loss: 0.1680  loss_rpn_cls: 0.0043  loss_rpn_bbox: 0.0143  loss_cls: 0.0824  acc: 97.4182  loss_bbox: 0.0670
2026/03/27 11:50:19 - mmengine - INFO - Epoch(train) [28][200/245]  lr: 2.0000e-02  eta: 2:43:39  time: 0.7596  data_time: 0.0029  memory: 18573  loss: 0.1733  loss_rpn_cls: 0.0045  loss_rpn_bbox: 0.0148  loss_cls: 0.0834  acc: 96.6797  loss_bbox: 0.0707
2026/03/27 11:50:53 - mmengine - INFO - Exp name: dynamic_rcnn_r50_fpn_ruod_80e_pretrained_20260327_101611
2026/03/27 11:50:56 - mmengine - INFO - Epoch(val) [28][ 50/490]    eta: 0:00:24  time: 0.0550  data_time: 0.0068  memory: 18573  
2026/03/27 11:50:58 - mmengine - INFO - Epoch(val) [28][100/490]    eta: 0:00:20  time: 0.0491  data_time: 0.0046  memory: 814  
2026/03/27 11:51:01 - mmengine - INFO - Epoch(val) [28][150/490]    eta: 0:00:17  time: 0.0497  data_time: 0.0047  memory: 879  
2026/03/27 11:51:04 - mmengine - INFO - Epoch(val) [28][200/490]    eta: 0:00:15  time: 0.0558  data_time: 0.0051  memory: 879  
2026/03/27 11:51:06 - mmengine - INFO - Epoch(val) [28][250/490]    eta: 0:00:12  time: 0.0540  data_time: 0.0050  memory: 879  
2026/03/27 11:51:09 - mmengine - INFO - Epoch(val) [28][300/490]    eta: 0:00:10  time: 0.0533  data_time: 0.0050  memory: 879  
2026/03/27 11:51:12 - mmengine - INFO - Epoch(val) [28][350/490]    eta: 0:00:07  time: 0.0536  data_time: 0.0050  memory: 879  
2026/03/27 11:51:14 - mmengine - INFO - Epoch(val) [28][400/490]    eta: 0:00:04  time: 0.0533  data_time: 0.0049  memory: 879  
2026/03/27 11:51:17 - mmengine - INFO - Epoch(val) [28][450/490]    eta: 0:00:02  time: 0.0564  data_time: 0.0053  memory: 879  
2026/03/27 11:51:20 - mmengine - INFO - Evaluating bbox...
2026/03/27 11:51:22 - mmengine - INFO - bbox_mAP_copypaste: 0.509 0.763 0.553 0.100 0.354 0.576
2026/03/27 11:51:22 - mmengine - INFO - Epoch(val) [28][490/490]    coco/bbox_mAP: 0.5090  coco/bbox_mAP_50: 0.7630  coco/bbox_mAP_75: 0.5530  coco/bbox_mAP_s: 0.1000  coco/bbox_mAP_m: 0.3540  coco/bbox_mAP_l: 0.5760  data_time: 0.0051  time: 0.0534
2026/03/27 11:52:03 - mmengine - INFO - Epoch(train) [29][ 50/245]  lr: 2.0000e-02  eta: 2:42:29  time: 0.8110  data_time: 0.0107  memory: 18573  loss: 0.1625  loss_rpn_cls: 0.0037  loss_rpn_bbox: 0.0139  loss_cls: 0.0783  acc: 97.3267  loss_bbox: 0.0665
2026/03/27 11:52:42 - mmengine - INFO - Epoch(train) [29][100/245]  lr: 2.0000e-02  eta: 2:41:52  time: 0.7847  data_time: 0.0028  memory: 18573  loss: 0.1621  loss_rpn_cls: 0.0035  loss_rpn_bbox: 0.0137  loss_cls: 0.0784  acc: 95.7458  loss_bbox: 0.0665
2026/03/27 11:53:13 - mmengine - INFO - Exp name: dynamic_rcnn_r50_fpn_ruod_80e_pretrained_20260327_101611
2026/03/27 11:53:21 - mmengine - INFO - Epoch(train) [29][150/245]  lr: 2.0000e-02  eta: 2:41:15  time: 0.7818  data_time: 0.0025  memory: 18573  loss: 0.1679  loss_rpn_cls: 0.0037  loss_rpn_bbox: 0.0143  loss_cls: 0.0814  acc: 96.8201  loss_bbox: 0.0686
2026/03/27 11:54:00 - mmengine - INFO - Epoch(train) [29][200/245]  lr: 2.0000e-02  eta: 2:40:37  time: 0.7724  data_time: 0.0031  memory: 18573  loss: 0.1749  loss_rpn_cls: 0.0044  loss_rpn_bbox: 0.0153  loss_cls: 0.0841  acc: 95.9412  loss_bbox: 0.0712
2026/03/27 11:54:34 - mmengine - INFO - Exp name: dynamic_rcnn_r50_fpn_ruod_80e_pretrained_20260327_101611
2026/03/27 11:55:15 - mmengine - INFO - Epoch(train) [30][ 50/245]  lr: 2.0000e-02  eta: 2:39:27  time: 0.8050  data_time: 0.0150  memory: 18573  loss: 0.1629  loss_rpn_cls: 0.0039  loss_rpn_bbox: 0.0145  loss_cls: 0.0782  acc: 97.4365  loss_bbox: 0.0664
2026/03/27 11:55:54 - mmengine - INFO - Epoch(train) [30][100/245]  lr: 2.0000e-02  eta: 2:38:50  time: 0.7819  data_time: 0.0025  memory: 18573  loss: 0.1657  loss_rpn_cls: 0.0037  loss_rpn_bbox: 0.0145  loss_cls: 0.0803  acc: 96.7468  loss_bbox: 0.0673
2026/03/27 11:56:32 - mmengine - INFO - Epoch(train) [30][150/245]  lr: 2.0000e-02  eta: 2:38:11  time: 0.7683  data_time: 0.0039  memory: 18573  loss: 0.1628  loss_rpn_cls: 0.0036  loss_rpn_bbox: 0.0141  loss_cls: 0.0784  acc: 96.8201  loss_bbox: 0.0667
2026/03/27 11:57:11 - mmengine - INFO - Epoch(train) [30][200/245]  lr: 2.0000e-02  eta: 2:37:34  time: 0.7814  data_time: 0.0025  memory: 18573  loss: 0.1617  loss_rpn_cls: 0.0036  loss_rpn_bbox: 0.0136  loss_cls: 0.0791  acc: 97.2046  loss_bbox: 0.0653
2026/03/27 11:57:46 - mmengine - INFO - Exp name: dynamic_rcnn_r50_fpn_ruod_80e_pretrained_20260327_101611
2026/03/27 11:57:48 - mmengine - INFO - Epoch(val) [30][ 50/490]    eta: 0:00:22  time: 0.0510  data_time: 0.0064  memory: 18573  
2026/03/27 11:57:51 - mmengine - INFO - Epoch(val) [30][100/490]    eta: 0:00:19  time: 0.0492  data_time: 0.0044  memory: 814  
2026/03/27 11:57:54 - mmengine - INFO - Epoch(val) [30][150/490]    eta: 0:00:17  time: 0.0543  data_time: 0.0051  memory: 879  
2026/03/27 11:57:56 - mmengine - INFO - Epoch(val) [30][200/490]    eta: 0:00:15  time: 0.0542  data_time: 0.0046  memory: 879  
2026/03/27 11:57:59 - mmengine - INFO - Epoch(val) [30][250/490]    eta: 0:00:12  time: 0.0543  data_time: 0.0049  memory: 879  
2026/03/27 11:58:02 - mmengine - INFO - Epoch(val) [30][300/490]    eta: 0:00:10  time: 0.0538  data_time: 0.0050  memory: 879  
2026/03/27 11:58:04 - mmengine - INFO - Epoch(val) [30][350/490]    eta: 0:00:07  time: 0.0539  data_time: 0.0049  memory: 879  
2026/03/27 11:58:07 - mmengine - INFO - Epoch(val) [30][400/490]    eta: 0:00:04  time: 0.0525  data_time: 0.0046  memory: 879  
2026/03/27 11:58:10 - mmengine - INFO - Epoch(val) [30][450/490]    eta: 0:00:02  time: 0.0532  data_time: 0.0046  memory: 879  
2026/03/27 11:58:12 - mmengine - INFO - Evaluating bbox...
2026/03/27 11:58:15 - mmengine - INFO - bbox_mAP_copypaste: 0.501 0.755 0.542 0.095 0.356 0.566
2026/03/27 11:58:15 - mmengine - INFO - Epoch(val) [30][490/490]    coco/bbox_mAP: 0.5010  coco/bbox_mAP_50: 0.7550  coco/bbox_mAP_75: 0.5420  coco/bbox_mAP_s: 0.0950  coco/bbox_mAP_m: 0.3560  coco/bbox_mAP_l: 0.5660  data_time: 0.0049  time: 0.0530
2026/03/27 11:58:54 - mmengine - INFO - Epoch(train) [31][ 50/245]  lr: 2.0000e-02  eta: 2:36:23  time: 0.7919  data_time: 0.0128  memory: 18573  loss: 0.1551  loss_rpn_cls: 0.0039  loss_rpn_bbox: 0.0133  loss_cls: 0.0754  acc: 96.7163  loss_bbox: 0.0625
2026/03/27 11:59:33 - mmengine - INFO - Epoch(train) [31][100/245]  lr: 2.0000e-02  eta: 2:35:45  time: 0.7736  data_time: 0.0023  memory: 18573  loss: 0.1604  loss_rpn_cls: 0.0039  loss_rpn_bbox: 0.0144  loss_cls: 0.0773  acc: 96.4355  loss_bbox: 0.0648
2026/03/27 12:00:11 - mmengine - INFO - Epoch(train) [31][150/245]  lr: 2.0000e-02  eta: 2:35:06  time: 0.7672  data_time: 0.0025  memory: 18573  loss: 0.1585  loss_rpn_cls: 0.0037  loss_rpn_bbox: 0.0135  loss_cls: 0.0767  acc: 95.5505  loss_bbox: 0.0646
2026/03/27 12:00:51 - mmengine - INFO - Epoch(train) [31][200/245]  lr: 2.0000e-02  eta: 2:34:28  time: 0.7803  data_time: 0.0026  memory: 18573  loss: 0.1668  loss_rpn_cls: 0.0036  loss_rpn_bbox: 0.0147  loss_cls: 0.0812  acc: 96.5393  loss_bbox: 0.0673
2026/03/27 12:01:25 - mmengine - INFO - Exp name: dynamic_rcnn_r50_fpn_ruod_80e_pretrained_20260327_101611
2026/03/27 12:02:05 - mmengine - INFO - Epoch(train) [32][ 50/245]  lr: 2.0000e-02  eta: 2:33:17  time: 0.8043  data_time: 0.0107  memory: 18573  loss: 0.1567  loss_rpn_cls: 0.0034  loss_rpn_bbox: 0.0140  loss_cls: 0.0754  acc: 96.0266  loss_bbox: 0.0638
2026/03/27 12:02:44 - mmengine - INFO - Epoch(train) [32][100/245]  lr: 2.0000e-02  eta: 2:32:40  time: 0.7863  data_time: 0.0025  memory: 18573  loss: 0.1517  loss_rpn_cls: 0.0033  loss_rpn_bbox: 0.0136  loss_cls: 0.0740  acc: 96.7529  loss_bbox: 0.0608
2026/03/27 12:03:22 - mmengine - INFO - Epoch(train) [32][150/245]  lr: 2.0000e-02  eta: 2:32:01  time: 0.7665  data_time: 0.0025  memory: 18573  loss: 0.1607  loss_rpn_cls: 0.0038  loss_rpn_bbox: 0.0143  loss_cls: 0.0773  acc: 97.0032  loss_bbox: 0.0653
2026/03/27 12:04:01 - mmengine - INFO - Epoch(train) [32][200/245]  lr: 2.0000e-02  eta: 2:31:22  time: 0.7642  data_time: 0.0024  memory: 18573  loss: 0.1547  loss_rpn_cls: 0.0038  loss_rpn_bbox: 0.0137  loss_cls: 0.0752  acc: 96.4966  loss_bbox: 0.0620
2026/03/27 12:04:35 - mmengine - INFO - Exp name: dynamic_rcnn_r50_fpn_ruod_80e_pretrained_20260327_101611
2026/03/27 12:04:38 - mmengine - INFO - Epoch(val) [32][ 50/490]    eta: 0:00:22  time: 0.0516  data_time: 0.0063  memory: 18573  
2026/03/27 12:04:40 - mmengine - INFO - Epoch(val) [32][100/490]    eta: 0:00:19  time: 0.0490  data_time: 0.0046  memory: 815  
2026/03/27 12:04:43 - mmengine - INFO - Epoch(val) [32][150/490]    eta: 0:00:17  time: 0.0502  data_time: 0.0046  memory: 879  
2026/03/27 12:04:45 - mmengine - INFO - Epoch(val) [32][200/490]    eta: 0:00:14  time: 0.0540  data_time: 0.0046  memory: 879  
2026/03/27 12:04:48 - mmengine - INFO - Epoch(val) [32][250/490]    eta: 0:00:12  time: 0.0532  data_time: 0.0046  memory: 879  
2026/03/27 12:04:51 - mmengine - INFO - Epoch(val) [32][300/490]    eta: 0:00:09  time: 0.0555  data_time: 0.0052  memory: 879  
2026/03/27 12:04:53 - mmengine - INFO - Epoch(val) [32][350/490]    eta: 0:00:07  time: 0.0556  data_time: 0.0052  memory: 879  
2026/03/27 12:04:56 - mmengine - INFO - Epoch(val) [32][400/490]    eta: 0:00:04  time: 0.0542  data_time: 0.0052  memory: 879  
2026/03/27 12:04:59 - mmengine - INFO - Epoch(val) [32][450/490]    eta: 0:00:02  time: 0.0551  data_time: 0.0051  memory: 879  
2026/03/27 12:05:01 - mmengine - INFO - Evaluating bbox...
2026/03/27 12:05:04 - mmengine - INFO - bbox_mAP_copypaste: 0.507 0.764 0.548 0.097 0.350 0.572
2026/03/27 12:05:04 - mmengine - INFO - Epoch(val) [32][490/490]    coco/bbox_mAP: 0.5070  coco/bbox_mAP_50: 0.7640  coco/bbox_mAP_75: 0.5480  coco/bbox_mAP_s: 0.0970  coco/bbox_mAP_m: 0.3500  coco/bbox_mAP_l: 0.5720  data_time: 0.0050  time: 0.0531
2026/03/27 12:05:43 - mmengine - INFO - Epoch(train) [33][ 50/245]  lr: 2.0000e-02  eta: 2:30:10  time: 0.7820  data_time: 0.0101  memory: 18573  loss: 0.1483  loss_rpn_cls: 0.0031  loss_rpn_bbox: 0.0134  loss_cls: 0.0715  acc: 96.7224  loss_bbox: 0.0602
2026/03/27 12:06:22 - mmengine - INFO - Epoch(train) [33][100/245]  lr: 2.0000e-02  eta: 2:29:32  time: 0.7710  data_time: 0.0030  memory: 18573  loss: 0.1550  loss_rpn_cls: 0.0036  loss_rpn_bbox: 0.0139  loss_cls: 0.0744  acc: 97.5952  loss_bbox: 0.0630
2026/03/27 12:07:01 - mmengine - INFO - Epoch(train) [33][150/245]  lr: 2.0000e-02  eta: 2:28:54  time: 0.7890  data_time: 0.0027  memory: 18573  loss: 0.1511  loss_rpn_cls: 0.0032  loss_rpn_bbox: 0.0130  loss_cls: 0.0736  acc: 96.5149  loss_bbox: 0.0613
2026/03/27 12:07:09 - mmengine - INFO - Exp name: dynamic_rcnn_r50_fpn_ruod_80e_pretrained_20260327_101611
2026/03/27 12:07:40 - mmengine - INFO - Epoch(train) [33][200/245]  lr: 2.0000e-02  eta: 2:28:16  time: 0.7728  data_time: 0.0023  memory: 18573  loss: 0.1569  loss_rpn_cls: 0.0037  loss_rpn_bbox: 0.0141  loss_cls: 0.0763  acc: 97.0825  loss_bbox: 0.0628
2026/03/27 12:08:14 - mmengine - INFO - Exp name: dynamic_rcnn_r50_fpn_ruod_80e_pretrained_20260327_101611
2026/03/27 12:08:54 - mmengine - INFO - Epoch(train) [34][ 50/245]  lr: 2.0000e-02  eta: 2:27:05  time: 0.8121  data_time: 0.0099  memory: 18573  loss: 0.1602  loss_rpn_cls: 0.0039  loss_rpn_bbox: 0.0143  loss_cls: 0.0784  acc: 96.9788  loss_bbox: 0.0637
2026/03/27 12:09:33 - mmengine - INFO - Epoch(train) [34][100/245]  lr: 2.0000e-02  eta: 2:26:27  time: 0.7796  data_time: 0.0024  memory: 18573  loss: 0.1542  loss_rpn_cls: 0.0035  loss_rpn_bbox: 0.0133  loss_cls: 0.0755  acc: 97.8455  loss_bbox: 0.0618
2026/03/27 12:10:12 - mmengine - INFO - Epoch(train) [34][150/245]  lr: 2.0000e-02  eta: 2:25:49  time: 0.7717  data_time: 0.0023  memory: 18573  loss: 0.1549  loss_rpn_cls: 0.0037  loss_rpn_bbox: 0.0133  loss_cls: 0.0750  acc: 97.2717  loss_bbox: 0.0629
2026/03/27 12:10:50 - mmengine - INFO - Epoch(train) [34][200/245]  lr: 2.0000e-02  eta: 2:25:10  time: 0.7700  data_time: 0.0024  memory: 18573  loss: 0.1587  loss_rpn_cls: 0.0040  loss_rpn_bbox: 0.0140  loss_cls: 0.0768  acc: 97.4915  loss_bbox: 0.0639
2026/03/27 12:11:25 - mmengine - INFO - Exp name: dynamic_rcnn_r50_fpn_ruod_80e_pretrained_20260327_101611
2026/03/27 12:11:27 - mmengine - INFO - Epoch(val) [34][ 50/490]    eta: 0:00:24  time: 0.0555  data_time: 0.0086  memory: 18573  
2026/03/27 12:11:30 - mmengine - INFO - Epoch(val) [34][100/490]    eta: 0:00:20  time: 0.0498  data_time: 0.0046  memory: 814  
2026/03/27 12:11:33 - mmengine - INFO - Epoch(val) [34][150/490]    eta: 0:00:18  time: 0.0548  data_time: 0.0082  memory: 879  
2026/03/27 12:11:35 - mmengine - INFO - Epoch(val) [34][200/490]    eta: 0:00:15  time: 0.0573  data_time: 0.0069  memory: 879  
2026/03/27 12:11:38 - mmengine - INFO - Epoch(val) [34][250/490]    eta: 0:00:13  time: 0.0536  data_time: 0.0049  memory: 879  
2026/03/27 12:11:41 - mmengine - INFO - Epoch(val) [34][300/490]    eta: 0:00:10  time: 0.0522  data_time: 0.0046  memory: 879  
2026/03/27 12:11:43 - mmengine - INFO - Epoch(val) [34][350/490]    eta: 0:00:07  time: 0.0527  data_time: 0.0047  memory: 879  
2026/03/27 12:11:46 - mmengine - INFO - Epoch(val) [34][400/490]    eta: 0:00:04  time: 0.0526  data_time: 0.0046  memory: 879  
2026/03/27 12:11:49 - mmengine - INFO - Epoch(val) [34][450/490]    eta: 0:00:02  time: 0.0529  data_time: 0.0046  memory: 879  
2026/03/27 12:11:51 - mmengine - INFO - Evaluating bbox...
2026/03/27 12:11:53 - mmengine - INFO - bbox_mAP_copypaste: 0.498 0.748 0.542 0.093 0.351 0.563
2026/03/27 12:11:53 - mmengine - INFO - Epoch(val) [34][490/490]    coco/bbox_mAP: 0.4980  coco/bbox_mAP_50: 0.7480  coco/bbox_mAP_75: 0.5420  coco/bbox_mAP_s: 0.0930  coco/bbox_mAP_m: 0.3510  coco/bbox_mAP_l: 0.5630  data_time: 0.0056  time: 0.0534
2026/03/27 12:12:33 - mmengine - INFO - Epoch(train) [35][ 50/245]  lr: 2.0000e-02  eta: 2:23:58  time: 0.7907  data_time: 0.0110  memory: 18573  loss: 0.1509  loss_rpn_cls: 0.0035  loss_rpn_bbox: 0.0132  loss_cls: 0.0733  acc: 97.5586  loss_bbox: 0.0609
2026/03/27 12:13:11 - mmengine - INFO - Epoch(train) [35][100/245]  lr: 2.0000e-02  eta: 2:23:19  time: 0.7621  data_time: 0.0023  memory: 18573  loss: 0.1438  loss_rpn_cls: 0.0031  loss_rpn_bbox: 0.0130  loss_cls: 0.0688  acc: 97.3999  loss_bbox: 0.0589
2026/03/27 12:13:49 - mmengine - INFO - Epoch(train) [35][150/245]  lr: 2.0000e-02  eta: 2:22:40  time: 0.7658  data_time: 0.0024  memory: 18573  loss: 0.1501  loss_rpn_cls: 0.0033  loss_rpn_bbox: 0.0134  loss_cls: 0.0725  acc: 97.6929  loss_bbox: 0.0611
2026/03/27 12:14:27 - mmengine - INFO - Epoch(train) [35][200/245]  lr: 2.0000e-02  eta: 2:22:01  time: 0.7588  data_time: 0.0023  memory: 18573  loss: 0.1533  loss_rpn_cls: 0.0034  loss_rpn_bbox: 0.0136  loss_cls: 0.0745  acc: 96.3379  loss_bbox: 0.0616
2026/03/27 12:15:01 - mmengine - INFO - Exp name: dynamic_rcnn_r50_fpn_ruod_80e_pretrained_20260327_101611
2026/03/27 12:15:41 - mmengine - INFO - Epoch(train) [36][ 50/245]  lr: 2.0000e-02  eta: 2:20:49  time: 0.8007  data_time: 0.0153  memory: 18573  loss: 0.1500  loss_rpn_cls: 0.0032  loss_rpn_bbox: 0.0135  loss_cls: 0.0729  acc: 96.6553  loss_bbox: 0.0603
2026/03/27 12:16:19 - mmengine - INFO - Epoch(train) [36][100/245]  lr: 2.0000e-02  eta: 2:20:09  time: 0.7549  data_time: 0.0024  memory: 18573  loss: 0.1467  loss_rpn_cls: 0.0028  loss_rpn_bbox: 0.0134  loss_cls: 0.0709  acc: 97.2168  loss_bbox: 0.0596
2026/03/27 12:16:58 - mmengine - INFO - Epoch(train) [36][150/245]  lr: 2.0000e-02  eta: 2:19:32  time: 0.7831  data_time: 0.0025  memory: 18574  loss: 0.1410  loss_rpn_cls: 0.0031  loss_rpn_bbox: 0.0130  loss_cls: 0.0682  acc: 97.4487  loss_bbox: 0.0567
2026/03/27 12:17:37 - mmengine - INFO - Epoch(train) [36][200/245]  lr: 2.0000e-02  eta: 2:18:53  time: 0.7673  data_time: 0.0027  memory: 18573  loss: 0.1423  loss_rpn_cls: 0.0031  loss_rpn_bbox: 0.0127  loss_cls: 0.0687  acc: 96.8323  loss_bbox: 0.0578
2026/03/27 12:18:11 - mmengine - INFO - Exp name: dynamic_rcnn_r50_fpn_ruod_80e_pretrained_20260327_101611
2026/03/27 12:18:13 - mmengine - INFO - Epoch(val) [36][ 50/490]    eta: 0:00:23  time: 0.0533  data_time: 0.0068  memory: 18573  
2026/03/27 12:18:16 - mmengine - INFO - Epoch(val) [36][100/490]    eta: 0:00:20  time: 0.0493  data_time: 0.0043  memory: 814  
2026/03/27 12:18:18 - mmengine - INFO - Epoch(val) [36][150/490]    eta: 0:00:17  time: 0.0508  data_time: 0.0048  memory: 879  
2026/03/27 12:18:21 - mmengine - INFO - Epoch(val) [36][200/490]    eta: 0:00:15  time: 0.0575  data_time: 0.0050  memory: 879  
2026/03/27 12:18:24 - mmengine - INFO - Epoch(val) [36][250/490]    eta: 0:00:12  time: 0.0575  data_time: 0.0079  memory: 879  
2026/03/27 12:18:27 - mmengine - INFO - Epoch(val) [36][300/490]    eta: 0:00:10  time: 0.0532  data_time: 0.0047  memory: 879  
2026/03/27 12:18:29 - mmengine - INFO - Epoch(val) [36][350/490]    eta: 0:00:07  time: 0.0535  data_time: 0.0048  memory: 879  
2026/03/27 12:18:32 - mmengine - INFO - Epoch(val) [36][400/490]    eta: 0:00:04  time: 0.0557  data_time: 0.0054  memory: 879  
2026/03/27 12:18:35 - mmengine - INFO - Epoch(val) [36][450/490]    eta: 0:00:02  time: 0.0559  data_time: 0.0056  memory: 879  
2026/03/27 12:18:37 - mmengine - INFO - Evaluating bbox...
2026/03/27 12:18:40 - mmengine - INFO - bbox_mAP_copypaste: 0.504 0.755 0.546 0.098 0.360 0.570
2026/03/27 12:18:40 - mmengine - INFO - Epoch(val) [36][490/490]    coco/bbox_mAP: 0.5040  coco/bbox_mAP_50: 0.7550  coco/bbox_mAP_75: 0.5460  coco/bbox_mAP_s: 0.0980  coco/bbox_mAP_m: 0.3600  coco/bbox_mAP_l: 0.5700  data_time: 0.0054  time: 0.0540
2026/03/27 12:19:21 - mmengine - INFO - Epoch(train) [37][ 50/245]  lr: 2.0000e-02  eta: 2:17:42  time: 0.8105  data_time: 0.0103  memory: 18573  loss: 0.1372  loss_rpn_cls: 0.0028  loss_rpn_bbox: 0.0122  loss_cls: 0.0661  acc: 97.2046  loss_bbox: 0.0560
2026/03/27 12:20:00 - mmengine - INFO - Epoch(train) [37][100/245]  lr: 2.0000e-02  eta: 2:17:04  time: 0.7769  data_time: 0.0027  memory: 18573  loss: 0.1430  loss_rpn_cls: 0.0030  loss_rpn_bbox: 0.0128  loss_cls: 0.0697  acc: 97.6440  loss_bbox: 0.0574
2026/03/27 12:20:39 - mmengine - INFO - Epoch(train) [37][150/245]  lr: 2.0000e-02  eta: 2:16:26  time: 0.7788  data_time: 0.0027  memory: 18573  loss: 0.1461  loss_rpn_cls: 0.0031  loss_rpn_bbox: 0.0134  loss_cls: 0.0706  acc: 96.6492  loss_bbox: 0.0590
2026/03/27 12:21:02 - mmengine - INFO - Exp name: dynamic_rcnn_r50_fpn_ruod_80e_pretrained_20260327_101611
2026/03/27 12:21:17 - mmengine - INFO - Epoch(train) [37][200/245]  lr: 2.0000e-02  eta: 2:15:48  time: 0.7777  data_time: 0.0026  memory: 18573  loss: 0.1514  loss_rpn_cls: 0.0031  loss_rpn_bbox: 0.0139  loss_cls: 0.0735  acc: 96.9177  loss_bbox: 0.0609
2026/03/27 12:21:52 - mmengine - INFO - Exp name: dynamic_rcnn_r50_fpn_ruod_80e_pretrained_20260327_101611
2026/03/27 12:22:31 - mmengine - INFO - Epoch(train) [38][ 50/245]  lr: 2.0000e-02  eta: 2:14:35  time: 0.7963  data_time: 0.0123  memory: 18573  loss: 0.1395  loss_rpn_cls: 0.0028  loss_rpn_bbox: 0.0132  loss_cls: 0.0672  acc: 98.1018  loss_bbox: 0.0562
2026/03/27 12:23:11 - mmengine - INFO - Epoch(train) [38][100/245]  lr: 2.0000e-02  eta: 2:13:58  time: 0.7872  data_time: 0.0023  memory: 18573  loss: 0.1361  loss_rpn_cls: 0.0027  loss_rpn_bbox: 0.0123  loss_cls: 0.0671  acc: 97.6624  loss_bbox: 0.0540
2026/03/27 12:23:50 - mmengine - INFO - Epoch(train) [38][150/245]  lr: 2.0000e-02  eta: 2:13:20  time: 0.7806  data_time: 0.0025  memory: 18573  loss: 0.1422  loss_rpn_cls: 0.0030  loss_rpn_bbox: 0.0133  loss_cls: 0.0688  acc: 97.9736  loss_bbox: 0.0572
2026/03/27 12:24:28 - mmengine - INFO - Epoch(train) [38][200/245]  lr: 2.0000e-02  eta: 2:12:41  time: 0.7586  data_time: 0.0028  memory: 18573  loss: 0.1424  loss_rpn_cls: 0.0033  loss_rpn_bbox: 0.0129  loss_cls: 0.0694  acc: 96.6736  loss_bbox: 0.0568
2026/03/27 12:25:02 - mmengine - INFO - Exp name: dynamic_rcnn_r50_fpn_ruod_80e_pretrained_20260327_101611
2026/03/27 12:25:04 - mmengine - INFO - Epoch(val) [38][ 50/490]    eta: 0:00:22  time: 0.0512  data_time: 0.0067  memory: 18573  
2026/03/27 12:25:07 - mmengine - INFO - Epoch(val) [38][100/490]    eta: 0:00:19  time: 0.0489  data_time: 0.0044  memory: 814  
2026/03/27 12:25:09 - mmengine - INFO - Epoch(val) [38][150/490]    eta: 0:00:17  time: 0.0506  data_time: 0.0049  memory: 879  
2026/03/27 12:25:12 - mmengine - INFO - Epoch(val) [38][200/490]    eta: 0:00:14  time: 0.0539  data_time: 0.0047  memory: 879  
2026/03/27 12:25:15 - mmengine - INFO - Epoch(val) [38][250/490]    eta: 0:00:12  time: 0.0536  data_time: 0.0047  memory: 879  
2026/03/27 12:25:17 - mmengine - INFO - Epoch(val) [38][300/490]    eta: 0:00:09  time: 0.0516  data_time: 0.0044  memory: 879  
2026/03/27 12:25:20 - mmengine - INFO - Epoch(val) [38][350/490]    eta: 0:00:07  time: 0.0516  data_time: 0.0045  memory: 879  
2026/03/27 12:25:22 - mmengine - INFO - Epoch(val) [38][400/490]    eta: 0:00:04  time: 0.0519  data_time: 0.0046  memory: 879  
2026/03/27 12:25:25 - mmengine - INFO - Epoch(val) [38][450/490]    eta: 0:00:02  time: 0.0529  data_time: 0.0047  memory: 879  
2026/03/27 12:25:27 - mmengine - INFO - Evaluating bbox...
2026/03/27 12:25:30 - mmengine - INFO - bbox_mAP_copypaste: 0.500 0.753 0.548 0.093 0.362 0.566
2026/03/27 12:25:30 - mmengine - INFO - Epoch(val) [38][490/490]    coco/bbox_mAP: 0.5000  coco/bbox_mAP_50: 0.7530  coco/bbox_mAP_75: 0.5480  coco/bbox_mAP_s: 0.0930  coco/bbox_mAP_m: 0.3620  coco/bbox_mAP_l: 0.5660  data_time: 0.0048  time: 0.0518
2026/03/27 12:26:10 - mmengine - INFO - Epoch(train) [39][ 50/245]  lr: 2.0000e-02  eta: 2:11:29  time: 0.8032  data_time: 0.0127  memory: 18573  loss: 0.1399  loss_rpn_cls: 0.0029  loss_rpn_bbox: 0.0132  loss_cls: 0.0682  acc: 96.9971  loss_bbox: 0.0557
2026/03/27 12:26:50 - mmengine - INFO - Epoch(train) [39][100/245]  lr: 2.0000e-02  eta: 2:10:51  time: 0.7923  data_time: 0.0024  memory: 18573  loss: 0.1447  loss_rpn_cls: 0.0029  loss_rpn_bbox: 0.0138  loss_cls: 0.0698  acc: 97.2534  loss_bbox: 0.0581
2026/03/27 12:27:29 - mmengine - INFO - Epoch(train) [39][150/245]  lr: 2.0000e-02  eta: 2:10:14  time: 0.7874  data_time: 0.0025  memory: 18573  loss: 0.1316  loss_rpn_cls: 0.0028  loss_rpn_bbox: 0.0122  loss_cls: 0.0638  acc: 97.1375  loss_bbox: 0.0528
2026/03/27 12:28:08 - mmengine - INFO - Epoch(train) [39][200/245]  lr: 2.0000e-02  eta: 2:09:36  time: 0.7902  data_time: 0.0024  memory: 18573  loss: 0.1402  loss_rpn_cls: 0.0030  loss_rpn_bbox: 0.0128  loss_cls: 0.0688  acc: 96.8628  loss_bbox: 0.0556
2026/03/27 12:28:43 - mmengine - INFO - Exp name: dynamic_rcnn_r50_fpn_ruod_80e_pretrained_20260327_101611
2026/03/27 12:29:23 - mmengine - INFO - Epoch(train) [40][ 50/245]  lr: 2.0000e-02  eta: 2:08:25  time: 0.8097  data_time: 0.0143  memory: 18573  loss: 0.1357  loss_rpn_cls: 0.0027  loss_rpn_bbox: 0.0124  loss_cls: 0.0654  acc: 97.8760  loss_bbox: 0.0552
2026/03/27 12:30:03 - mmengine - INFO - Epoch(train) [40][100/245]  lr: 2.0000e-02  eta: 2:07:47  time: 0.7853  data_time: 0.0026  memory: 18573  loss: 0.1388  loss_rpn_cls: 0.0032  loss_rpn_bbox: 0.0130  loss_cls: 0.0674  acc: 96.7896  loss_bbox: 0.0552
2026/03/27 12:30:42 - mmengine - INFO - Epoch(train) [40][150/245]  lr: 2.0000e-02  eta: 2:07:09  time: 0.7875  data_time: 0.0031  memory: 18573  loss: 0.1356  loss_rpn_cls: 0.0027  loss_rpn_bbox: 0.0125  loss_cls: 0.0657  acc: 96.2708  loss_bbox: 0.0547
2026/03/27 12:31:21 - mmengine - INFO - Epoch(train) [40][200/245]  lr: 2.0000e-02  eta: 2:06:31  time: 0.7808  data_time: 0.0028  memory: 18573  loss: 0.1384  loss_rpn_cls: 0.0029  loss_rpn_bbox: 0.0129  loss_cls: 0.0663  acc: 96.9421  loss_bbox: 0.0563
2026/03/27 12:31:56 - mmengine - INFO - Exp name: dynamic_rcnn_r50_fpn_ruod_80e_pretrained_20260327_101611
2026/03/27 12:31:59 - mmengine - INFO - Epoch(val) [40][ 50/490]    eta: 0:00:22  time: 0.0510  data_time: 0.0060  memory: 18573  
2026/03/27 12:32:01 - mmengine - INFO - Epoch(val) [40][100/490]    eta: 0:00:19  time: 0.0498  data_time: 0.0048  memory: 813  
2026/03/27 12:32:04 - mmengine - INFO - Epoch(val) [40][150/490]    eta: 0:00:17  time: 0.0501  data_time: 0.0047  memory: 879  
2026/03/27 12:32:06 - mmengine - INFO - Epoch(val) [40][200/490]    eta: 0:00:14  time: 0.0535  data_time: 0.0048  memory: 879  
2026/03/27 12:32:09 - mmengine - INFO - Epoch(val) [40][250/490]    eta: 0:00:12  time: 0.0524  data_time: 0.0045  memory: 879  
2026/03/27 12:32:12 - mmengine - INFO - Epoch(val) [40][300/490]    eta: 0:00:09  time: 0.0512  data_time: 0.0044  memory: 879  
2026/03/27 12:32:14 - mmengine - INFO - Epoch(val) [40][350/490]    eta: 0:00:07  time: 0.0526  data_time: 0.0046  memory: 879  
2026/03/27 12:32:17 - mmengine - INFO - Epoch(val) [40][400/490]    eta: 0:00:04  time: 0.0529  data_time: 0.0050  memory: 879  
2026/03/27 12:32:20 - mmengine - INFO - Epoch(val) [40][450/490]    eta: 0:00:02  time: 0.0535  data_time: 0.0048  memory: 879  
2026/03/27 12:32:22 - mmengine - INFO - Evaluating bbox...
2026/03/27 12:32:25 - mmengine - INFO - bbox_mAP_copypaste: 0.495 0.742 0.537 0.094 0.352 0.561
2026/03/27 12:32:25 - mmengine - INFO - Epoch(val) [40][490/490]    coco/bbox_mAP: 0.4950  coco/bbox_mAP_50: 0.7420  coco/bbox_mAP_75: 0.5370  coco/bbox_mAP_s: 0.0940  coco/bbox_mAP_m: 0.3520  coco/bbox_mAP_l: 0.5610  data_time: 0.0048  time: 0.0520
2026/03/27 12:33:04 - mmengine - INFO - Epoch(train) [41][ 50/245]  lr: 2.0000e-02  eta: 2:05:19  time: 0.7925  data_time: 0.0110  memory: 18573  loss: 0.1322  loss_rpn_cls: 0.0025  loss_rpn_bbox: 0.0124  loss_cls: 0.0637  acc: 97.7722  loss_bbox: 0.0537
2026/03/27 12:33:43 - mmengine - INFO - Epoch(train) [41][100/245]  lr: 2.0000e-02  eta: 2:04:41  time: 0.7711  data_time: 0.0029  memory: 18573  loss: 0.1321  loss_rpn_cls: 0.0026  loss_rpn_bbox: 0.0123  loss_cls: 0.0633  acc: 96.5820  loss_bbox: 0.0539
2026/03/27 12:34:21 - mmengine - INFO - Epoch(train) [41][150/245]  lr: 2.0000e-02  eta: 2:04:02  time: 0.7651  data_time: 0.0024  memory: 18573  loss: 0.1325  loss_rpn_cls: 0.0026  loss_rpn_bbox: 0.0124  loss_cls: 0.0648  acc: 97.8943  loss_bbox: 0.0526
2026/03/27 12:34:59 - mmengine - INFO - Exp name: dynamic_rcnn_r50_fpn_ruod_80e_pretrained_20260327_101611
2026/03/27 12:34:59 - mmengine - INFO - Epoch(train) [41][200/245]  lr: 2.0000e-02  eta: 2:03:23  time: 0.7663  data_time: 0.0027  memory: 18573  loss: 0.1279  loss_rpn_cls: 0.0023  loss_rpn_bbox: 0.0122  loss_cls: 0.0623  acc: 97.6135  loss_bbox: 0.0511
2026/03/27 12:35:33 - mmengine - INFO - Exp name: dynamic_rcnn_r50_fpn_ruod_80e_pretrained_20260327_101611
2026/03/27 12:36:13 - mmengine - INFO - Epoch(train) [42][ 50/245]  lr: 2.0000e-02  eta: 2:02:10  time: 0.8102  data_time: 0.0130  memory: 18573  loss: 0.1341  loss_rpn_cls: 0.0024  loss_rpn_bbox: 0.0130  loss_cls: 0.0656  acc: 98.3215  loss_bbox: 0.0531
2026/03/27 12:36:52 - mmengine - INFO - Epoch(train) [42][100/245]  lr: 2.0000e-02  eta: 2:01:32  time: 0.7729  data_time: 0.0025  memory: 18573  loss: 0.1335  loss_rpn_cls: 0.0024  loss_rpn_bbox: 0.0126  loss_cls: 0.0650  acc: 97.0581  loss_bbox: 0.0534
2026/03/27 12:37:31 - mmengine - INFO - Epoch(train) [42][150/245]  lr: 2.0000e-02  eta: 2:00:54  time: 0.7826  data_time: 0.0030  memory: 18573  loss: 0.1348  loss_rpn_cls: 0.0026  loss_rpn_bbox: 0.0122  loss_cls: 0.0666  acc: 97.0337  loss_bbox: 0.0534
2026/03/27 12:38:09 - mmengine - INFO - Epoch(train) [42][200/245]  lr: 2.0000e-02  eta: 2:00:15  time: 0.7643  data_time: 0.0029  memory: 18573  loss: 0.1309  loss_rpn_cls: 0.0027  loss_rpn_bbox: 0.0122  loss_cls: 0.0641  acc: 97.4854  loss_bbox: 0.0519
2026/03/27 12:38:44 - mmengine - INFO - Exp name: dynamic_rcnn_r50_fpn_ruod_80e_pretrained_20260327_101611
2026/03/27 12:39:06 - mmengine - INFO - Epoch(val) [42][ 50/490]    eta: 0:03:13  time: 0.4396  data_time: 0.3914  memory: 18573  
2026/03/27 12:39:08 - mmengine - INFO - Epoch(val) [42][100/490]    eta: 0:01:35  time: 0.0506  data_time: 0.0051  memory: 814  
2026/03/27 12:39:11 - mmengine - INFO - Epoch(val) [42][150/490]    eta: 0:01:01  time: 0.0513  data_time: 0.0061  memory: 879  
2026/03/27 12:39:13 - mmengine - INFO - Epoch(val) [42][200/490]    eta: 0:00:43  time: 0.0553  data_time: 0.0053  memory: 879  
2026/03/27 12:39:16 - mmengine - INFO - Epoch(val) [42][250/490]    eta: 0:00:31  time: 0.0516  data_time: 0.0046  memory: 879  
2026/03/27 12:39:19 - mmengine - INFO - Epoch(val) [42][300/490]    eta: 0:00:22  time: 0.0523  data_time: 0.0047  memory: 879  
2026/03/27 12:39:21 - mmengine - INFO - Epoch(val) [42][350/490]    eta: 0:00:15  time: 0.0498  data_time: 0.0043  memory: 879  
2026/03/27 12:39:24 - mmengine - INFO - Epoch(val) [42][400/490]    eta: 0:00:09  time: 0.0504  data_time: 0.0045  memory: 879  
2026/03/27 12:39:26 - mmengine - INFO - Epoch(val) [42][450/490]    eta: 0:00:03  time: 0.0513  data_time: 0.0044  memory: 879  
2026/03/27 12:39:28 - mmengine - INFO - Evaluating bbox...
2026/03/27 12:39:31 - mmengine - INFO - bbox_mAP_copypaste: 0.499 0.746 0.545 0.090 0.360 0.563
2026/03/27 12:39:31 - mmengine - INFO - Epoch(val) [42][490/490]    coco/bbox_mAP: 0.4990  coco/bbox_mAP_50: 0.7460  coco/bbox_mAP_75: 0.5450  coco/bbox_mAP_s: 0.0900  coco/bbox_mAP_m: 0.3600  coco/bbox_mAP_l: 0.5630  data_time: 0.0442  time: 0.0911
2026/03/27 12:40:11 - mmengine - INFO - Epoch(train) [43][ 50/245]  lr: 2.0000e-02  eta: 1:59:03  time: 0.8021  data_time: 0.0158  memory: 18573  loss: 0.1267  loss_rpn_cls: 0.0024  loss_rpn_bbox: 0.0118  loss_cls: 0.0609  acc: 96.8628  loss_bbox: 0.0516
2026/03/27 12:40:50 - mmengine - INFO - Epoch(train) [43][100/245]  lr: 2.0000e-02  eta: 1:58:24  time: 0.7648  data_time: 0.0028  memory: 18573  loss: 0.1323  loss_rpn_cls: 0.0024  loss_rpn_bbox: 0.0125  loss_cls: 0.0646  acc: 97.0337  loss_bbox: 0.0529
2026/03/27 12:41:28 - mmengine - INFO - Epoch(train) [43][150/245]  lr: 2.0000e-02  eta: 1:57:45  time: 0.7661  data_time: 0.0031  memory: 18573  loss: 0.1279  loss_rpn_cls: 0.0025  loss_rpn_bbox: 0.0121  loss_cls: 0.0620  acc: 97.3877  loss_bbox: 0.0513
2026/03/27 12:42:06 - mmengine - INFO - Epoch(train) [43][200/245]  lr: 2.0000e-02  eta: 1:57:06  time: 0.7664  data_time: 0.0039  memory: 18573  loss: 0.1313  loss_rpn_cls: 0.0026  loss_rpn_bbox: 0.0127  loss_cls: 0.0639  acc: 98.0835  loss_bbox: 0.0522
2026/03/27 12:42:40 - mmengine - INFO - Exp name: dynamic_rcnn_r50_fpn_ruod_80e_pretrained_20260327_101611
2026/03/27 12:43:19 - mmengine - INFO - Epoch(train) [44][ 50/245]  lr: 2.0000e-02  eta: 1:55:53  time: 0.7879  data_time: 0.0148  memory: 18573  loss: 0.1257  loss_rpn_cls: 0.0024  loss_rpn_bbox: 0.0120  loss_cls: 0.0611  acc: 97.0459  loss_bbox: 0.0502
2026/03/27 12:43:58 - mmengine - INFO - Epoch(train) [44][100/245]  lr: 2.0000e-02  eta: 1:55:15  time: 0.7736  data_time: 0.0033  memory: 18573  loss: 0.1220  loss_rpn_cls: 0.0023  loss_rpn_bbox: 0.0118  loss_cls: 0.0593  acc: 97.2229  loss_bbox: 0.0486
2026/03/27 12:44:37 - mmengine - INFO - Epoch(train) [44][150/245]  lr: 2.0000e-02  eta: 1:54:36  time: 0.7723  data_time: 0.0028  memory: 18573  loss: 0.1226  loss_rpn_cls: 0.0022  loss_rpn_bbox: 0.0119  loss_cls: 0.0602  acc: 97.4670  loss_bbox: 0.0484
2026/03/27 12:45:15 - mmengine - INFO - Epoch(train) [44][200/245]  lr: 2.0000e-02  eta: 1:53:58  time: 0.7745  data_time: 0.0038  memory: 18573  loss: 0.1315  loss_rpn_cls: 0.0025  loss_rpn_bbox: 0.0128  loss_cls: 0.0643  acc: 97.7478  loss_bbox: 0.0518
2026/03/27 12:45:50 - mmengine - INFO - Exp name: dynamic_rcnn_r50_fpn_ruod_80e_pretrained_20260327_101611
2026/03/27 12:45:55 - mmengine - INFO - Epoch(val) [44][ 50/490]    eta: 0:00:39  time: 0.0902  data_time: 0.0434  memory: 18573  
2026/03/27 12:45:57 - mmengine - INFO - Epoch(val) [44][100/490]    eta: 0:00:27  time: 0.0526  data_time: 0.0053  memory: 814  
2026/03/27 12:46:00 - mmengine - INFO - Epoch(val) [44][150/490]    eta: 0:00:22  time: 0.0516  data_time: 0.0051  memory: 879  
2026/03/27 12:46:03 - mmengine - INFO - Epoch(val) [44][200/490]    eta: 0:00:18  time: 0.0541  data_time: 0.0048  memory: 879  
2026/03/27 12:46:05 - mmengine - INFO - Epoch(val) [44][250/490]    eta: 0:00:14  time: 0.0529  data_time: 0.0047  memory: 879  
2026/03/27 12:46:08 - mmengine - INFO - Epoch(val) [44][300/490]    eta: 0:00:11  time: 0.0509  data_time: 0.0046  memory: 879  
2026/03/27 12:46:10 - mmengine - INFO - Epoch(val) [44][350/490]    eta: 0:00:08  time: 0.0533  data_time: 0.0056  memory: 879  
2026/03/27 12:46:13 - mmengine - INFO - Epoch(val) [44][400/490]    eta: 0:00:05  time: 0.0531  data_time: 0.0054  memory: 879  
2026/03/27 12:46:16 - mmengine - INFO - Epoch(val) [44][450/490]    eta: 0:00:02  time: 0.0524  data_time: 0.0048  memory: 879  
2026/03/27 12:46:18 - mmengine - INFO - Evaluating bbox...
2026/03/27 12:46:20 - mmengine - INFO - bbox_mAP_copypaste: 0.499 0.748 0.543 0.092 0.364 0.565
2026/03/27 12:46:20 - mmengine - INFO - Epoch(val) [44][490/490]    coco/bbox_mAP: 0.4990  coco/bbox_mAP_50: 0.7480  coco/bbox_mAP_75: 0.5430  coco/bbox_mAP_s: 0.0920  coco/bbox_mAP_m: 0.3640  coco/bbox_mAP_l: 0.5650  data_time: 0.0090  time: 0.0563
2026/03/27 12:47:00 - mmengine - INFO - Epoch(train) [45][ 50/245]  lr: 2.0000e-02  eta: 1:52:45  time: 0.7974  data_time: 0.0163  memory: 18573  loss: 0.1238  loss_rpn_cls: 0.0021  loss_rpn_bbox: 0.0119  loss_cls: 0.0601  acc: 97.5708  loss_bbox: 0.0496
2026/03/27 12:47:39 - mmengine - INFO - Epoch(train) [45][100/245]  lr: 2.0000e-02  eta: 1:52:07  time: 0.7670  data_time: 0.0028  memory: 18573  loss: 0.1250  loss_rpn_cls: 0.0021  loss_rpn_bbox: 0.0118  loss_cls: 0.0611  acc: 97.1680  loss_bbox: 0.0500
2026/03/27 12:48:18 - mmengine - INFO - Epoch(train) [45][150/245]  lr: 2.0000e-02  eta: 1:51:28  time: 0.7832  data_time: 0.0028  memory: 18573  loss: 0.1278  loss_rpn_cls: 0.0025  loss_rpn_bbox: 0.0123  loss_cls: 0.0622  acc: 98.0713  loss_bbox: 0.0508
2026/03/27 12:48:57 - mmengine - INFO - Epoch(train) [45][200/245]  lr: 2.0000e-02  eta: 1:50:50  time: 0.7774  data_time: 0.0029  memory: 18573  loss: 0.1229  loss_rpn_cls: 0.0020  loss_rpn_bbox: 0.0121  loss_cls: 0.0598  acc: 97.0337  loss_bbox: 0.0490
2026/03/27 12:49:12 - mmengine - INFO - Exp name: dynamic_rcnn_r50_fpn_ruod_80e_pretrained_20260327_101611
2026/03/27 12:49:30 - mmengine - INFO - Exp name: dynamic_rcnn_r50_fpn_ruod_80e_pretrained_20260327_101611
2026/03/27 12:50:10 - mmengine - INFO - Epoch(train) [46][ 50/245]  lr: 2.0000e-02  eta: 1:49:37  time: 0.7873  data_time: 0.0197  memory: 18573  loss: 0.1204  loss_rpn_cls: 0.0021  loss_rpn_bbox: 0.0118  loss_cls: 0.0591  acc: 98.6084  loss_bbox: 0.0474
2026/03/27 12:50:49 - mmengine - INFO - Epoch(train) [46][100/245]  lr: 2.0000e-02  eta: 1:48:59  time: 0.7866  data_time: 0.0048  memory: 18573  loss: 0.1234  loss_rpn_cls: 0.0020  loss_rpn_bbox: 0.0120  loss_cls: 0.0602  acc: 97.9858  loss_bbox: 0.0492
2026/03/27 12:51:26 - mmengine - INFO - Epoch(train) [46][150/245]  lr: 2.0000e-02  eta: 1:48:19  time: 0.7484  data_time: 0.0030  memory: 18573  loss: 0.1236  loss_rpn_cls: 0.0022  loss_rpn_bbox: 0.0117  loss_cls: 0.0600  acc: 98.1628  loss_bbox: 0.0497
2026/03/27 12:52:04 - mmengine - INFO - Epoch(train) [46][200/245]  lr: 2.0000e-02  eta: 1:47:40  time: 0.7495  data_time: 0.0032  memory: 18573  loss: 0.1251  loss_rpn_cls: 0.0025  loss_rpn_bbox: 0.0119  loss_cls: 0.0609  acc: 96.8384  loss_bbox: 0.0497
2026/03/27 12:52:37 - mmengine - INFO - Exp name: dynamic_rcnn_r50_fpn_ruod_80e_pretrained_20260327_101611
2026/03/27 12:52:40 - mmengine - INFO - Epoch(val) [46][ 50/490]    eta: 0:00:21  time: 0.0485  data_time: 0.0061  memory: 18573  
2026/03/27 12:52:42 - mmengine - INFO - Epoch(val) [46][100/490]    eta: 0:00:18  time: 0.0459  data_time: 0.0040  memory: 814  
2026/03/27 12:52:44 - mmengine - INFO - Epoch(val) [46][150/490]    eta: 0:00:16  time: 0.0483  data_time: 0.0045  memory: 879  
2026/03/27 12:52:47 - mmengine - INFO - Epoch(val) [46][200/490]    eta: 0:00:14  time: 0.0507  data_time: 0.0043  memory: 879  
2026/03/27 12:52:49 - mmengine - INFO - Epoch(val) [46][250/490]    eta: 0:00:11  time: 0.0505  data_time: 0.0042  memory: 879  
2026/03/27 12:52:52 - mmengine - INFO - Epoch(val) [46][300/490]    eta: 0:00:09  time: 0.0495  data_time: 0.0042  memory: 879  
2026/03/27 12:52:54 - mmengine - INFO - Epoch(val) [46][350/490]    eta: 0:00:06  time: 0.0514  data_time: 0.0044  memory: 879  
2026/03/27 12:52:57 - mmengine - INFO - Epoch(val) [46][400/490]    eta: 0:00:04  time: 0.0510  data_time: 0.0043  memory: 879  
2026/03/27 12:52:59 - mmengine - INFO - Epoch(val) [46][450/490]    eta: 0:00:01  time: 0.0502  data_time: 0.0042  memory: 879  
2026/03/27 12:53:02 - mmengine - INFO - Evaluating bbox...
2026/03/27 12:53:04 - mmengine - INFO - bbox_mAP_copypaste: 0.497 0.744 0.539 0.096 0.363 0.563
2026/03/27 12:53:04 - mmengine - INFO - Epoch(val) [46][490/490]    coco/bbox_mAP: 0.4970  coco/bbox_mAP_50: 0.7440  coco/bbox_mAP_75: 0.5390  coco/bbox_mAP_s: 0.0960  coco/bbox_mAP_m: 0.3630  coco/bbox_mAP_l: 0.5630  data_time: 0.0044  time: 0.0495
2026/03/27 12:53:43 - mmengine - INFO - Epoch(train) [47][ 50/245]  lr: 2.0000e-02  eta: 1:46:26  time: 0.7848  data_time: 0.0171  memory: 18573  loss: 0.1188  loss_rpn_cls: 0.0023  loss_rpn_bbox: 0.0114  loss_cls: 0.0577  acc: 97.8882  loss_bbox: 0.0474
2026/03/27 12:54:21 - mmengine - INFO - Epoch(train) [47][100/245]  lr: 2.0000e-02  eta: 1:45:47  time: 0.7702  data_time: 0.0027  memory: 18573  loss: 0.1237  loss_rpn_cls: 0.0022  loss_rpn_bbox: 0.0121  loss_cls: 0.0600  acc: 97.3633  loss_bbox: 0.0494
2026/03/27 12:55:00 - mmengine - INFO - Epoch(train) [47][150/245]  lr: 2.0000e-02  eta: 1:45:09  time: 0.7742  data_time: 0.0028  memory: 18573  loss: 0.1263  loss_rpn_cls: 0.0023  loss_rpn_bbox: 0.0121  loss_cls: 0.0614  acc: 97.2900  loss_bbox: 0.0504
2026/03/27 12:55:38 - mmengine - INFO - Epoch(train) [47][200/245]  lr: 2.0000e-02  eta: 1:44:29  time: 0.7503  data_time: 0.0025  memory: 18573  loss: 0.1237  loss_rpn_cls: 0.0022  loss_rpn_bbox: 0.0117  loss_cls: 0.0599  acc: 96.9604  loss_bbox: 0.0499
2026/03/27 12:56:11 - mmengine - INFO - Exp name: dynamic_rcnn_r50_fpn_ruod_80e_pretrained_20260327_101611
2026/03/27 12:56:51 - mmengine - INFO - Epoch(train) [48][ 50/245]  lr: 2.0000e-02  eta: 1:43:16  time: 0.7871  data_time: 0.0110  memory: 18574  loss: 0.1245  loss_rpn_cls: 0.0024  loss_rpn_bbox: 0.0126  loss_cls: 0.0599  acc: 96.9482  loss_bbox: 0.0497
2026/03/27 12:57:30 - mmengine - INFO - Epoch(train) [48][100/245]  lr: 2.0000e-02  eta: 1:42:38  time: 0.7782  data_time: 0.0033  memory: 18573  loss: 0.1192  loss_rpn_cls: 0.0023  loss_rpn_bbox: 0.0114  loss_cls: 0.0588  acc: 97.9187  loss_bbox: 0.0466
2026/03/27 12:58:08 - mmengine - INFO - Epoch(train) [48][150/245]  lr: 2.0000e-02  eta: 1:41:59  time: 0.7758  data_time: 0.0031  memory: 18573  loss: 0.1174  loss_rpn_cls: 0.0020  loss_rpn_bbox: 0.0110  loss_cls: 0.0575  acc: 97.6562  loss_bbox: 0.0469
2026/03/27 12:58:48 - mmengine - INFO - Epoch(train) [48][200/245]  lr: 2.0000e-02  eta: 1:41:21  time: 0.7836  data_time: 0.0032  memory: 18573  loss: 0.1182  loss_rpn_cls: 0.0023  loss_rpn_bbox: 0.0112  loss_cls: 0.0564  acc: 97.8333  loss_bbox: 0.0483
2026/03/27 12:59:21 - mmengine - INFO - Exp name: dynamic_rcnn_r50_fpn_ruod_80e_pretrained_20260327_101611
2026/03/27 12:59:25 - mmengine - INFO - Epoch(val) [48][ 50/490]    eta: 0:00:29  time: 0.0660  data_time: 0.0240  memory: 18573  
2026/03/27 12:59:27 - mmengine - INFO - Epoch(val) [48][100/490]    eta: 0:00:22  time: 0.0474  data_time: 0.0043  memory: 812  
2026/03/27 12:59:29 - mmengine - INFO - Epoch(val) [48][150/490]    eta: 0:00:18  time: 0.0487  data_time: 0.0046  memory: 879  
2026/03/27 12:59:32 - mmengine - INFO - Epoch(val) [48][200/490]    eta: 0:00:15  time: 0.0512  data_time: 0.0042  memory: 879  
2026/03/27 12:59:35 - mmengine - INFO - Epoch(val) [48][250/490]    eta: 0:00:12  time: 0.0504  data_time: 0.0042  memory: 879  
2026/03/27 12:59:37 - mmengine - INFO - Epoch(val) [48][300/490]    eta: 0:00:09  time: 0.0503  data_time: 0.0044  memory: 879  
2026/03/27 12:59:40 - mmengine - INFO - Epoch(val) [48][350/490]    eta: 0:00:07  time: 0.0504  data_time: 0.0044  memory: 879  
2026/03/27 12:59:42 - mmengine - INFO - Epoch(val) [48][400/490]    eta: 0:00:04  time: 0.0489  data_time: 0.0041  memory: 879  
2026/03/27 12:59:45 - mmengine - INFO - Epoch(val) [48][450/490]    eta: 0:00:02  time: 0.0501  data_time: 0.0042  memory: 879  
2026/03/27 12:59:47 - mmengine - INFO - Evaluating bbox...
2026/03/27 12:59:49 - mmengine - INFO - bbox_mAP_copypaste: 0.502 0.749 0.545 0.096 0.358 0.570
2026/03/27 12:59:49 - mmengine - INFO - Epoch(val) [48][490/490]    coco/bbox_mAP: 0.5020  coco/bbox_mAP_50: 0.7490  coco/bbox_mAP_75: 0.5450  coco/bbox_mAP_s: 0.0960  coco/bbox_mAP_m: 0.3580  coco/bbox_mAP_l: 0.5700  data_time: 0.0063  time: 0.0513
2026/03/27 13:00:28 - mmengine - INFO - Epoch(train) [49][ 50/245]  lr: 2.0000e-02  eta: 1:40:07  time: 0.7796  data_time: 0.0124  memory: 18573  loss: 0.1163  loss_rpn_cls: 0.0019  loss_rpn_bbox: 0.0117  loss_cls: 0.0571  acc: 97.2290  loss_bbox: 0.0455
2026/03/27 13:01:05 - mmengine - INFO - Epoch(train) [49][100/245]  lr: 2.0000e-02  eta: 1:39:28  time: 0.7469  data_time: 0.0024  memory: 18573  loss: 0.1181  loss_rpn_cls: 0.0021  loss_rpn_bbox: 0.0116  loss_cls: 0.0578  acc: 97.8455  loss_bbox: 0.0465
2026/03/27 13:01:42 - mmengine - INFO - Epoch(train) [49][150/245]  lr: 2.0000e-02  eta: 1:38:49  time: 0.7441  data_time: 0.0026  memory: 18573  loss: 0.1179  loss_rpn_cls: 0.0023  loss_rpn_bbox: 0.0114  loss_cls: 0.0576  acc: 97.2900  loss_bbox: 0.0467
2026/03/27 13:02:19 - mmengine - INFO - Epoch(train) [49][200/245]  lr: 2.0000e-02  eta: 1:38:09  time: 0.7434  data_time: 0.0026  memory: 18573  loss: 0.1228  loss_rpn_cls: 0.0023  loss_rpn_bbox: 0.0120  loss_cls: 0.0601  acc: 97.5708  loss_bbox: 0.0484
2026/03/27 13:02:49 - mmengine - INFO - Exp name: dynamic_rcnn_r50_fpn_ruod_80e_pretrained_20260327_101611
2026/03/27 13:02:53 - mmengine - INFO - Exp name: dynamic_rcnn_r50_fpn_ruod_80e_pretrained_20260327_101611
2026/03/27 13:03:30 - mmengine - INFO - Epoch(train) [50][ 50/245]  lr: 2.0000e-02  eta: 1:36:55  time: 0.7560  data_time: 0.0129  memory: 18573  loss: 0.1153  loss_rpn_cls: 0.0023  loss_rpn_bbox: 0.0112  loss_cls: 0.0556  acc: 97.4731  loss_bbox: 0.0463
2026/03/27 13:04:08 - mmengine - INFO - Epoch(train) [50][100/245]  lr: 2.0000e-02  eta: 1:36:15  time: 0.7483  data_time: 0.0036  memory: 18573  loss: 0.1138  loss_rpn_cls: 0.0018  loss_rpn_bbox: 0.0111  loss_cls: 0.0554  acc: 97.5586  loss_bbox: 0.0455
2026/03/27 13:04:45 - mmengine - INFO - Epoch(train) [50][150/245]  lr: 2.0000e-02  eta: 1:35:36  time: 0.7445  data_time: 0.0028  memory: 18573  loss: 0.1220  loss_rpn_cls: 0.0021  loss_rpn_bbox: 0.0115  loss_cls: 0.0598  acc: 97.0459  loss_bbox: 0.0486
2026/03/27 13:05:21 - mmengine - INFO - Epoch(train) [50][200/245]  lr: 2.0000e-02  eta: 1:34:56  time: 0.7267  data_time: 0.0033  memory: 18573  loss: 0.1274  loss_rpn_cls: 0.0025  loss_rpn_bbox: 0.0123  loss_cls: 0.0616  acc: 97.1008  loss_bbox: 0.0510
2026/03/27 13:05:54 - mmengine - INFO - Exp name: dynamic_rcnn_r50_fpn_ruod_80e_pretrained_20260327_101611
2026/03/27 13:05:57 - mmengine - INFO - Epoch(val) [50][ 50/490]    eta: 0:00:21  time: 0.0494  data_time: 0.0082  memory: 18573  
2026/03/27 13:05:59 - mmengine - INFO - Epoch(val) [50][100/490]    eta: 0:00:18  time: 0.0461  data_time: 0.0042  memory: 814  
2026/03/27 13:06:01 - mmengine - INFO - Epoch(val) [50][150/490]    eta: 0:00:16  time: 0.0498  data_time: 0.0075  memory: 879  
2026/03/27 13:06:04 - mmengine - INFO - Epoch(val) [50][200/490]    eta: 0:00:14  time: 0.0523  data_time: 0.0046  memory: 879  
2026/03/27 13:06:07 - mmengine - INFO - Epoch(val) [50][250/490]    eta: 0:00:11  time: 0.0506  data_time: 0.0045  memory: 879  
2026/03/27 13:06:09 - mmengine - INFO - Epoch(val) [50][300/490]    eta: 0:00:09  time: 0.0509  data_time: 0.0052  memory: 879  
2026/03/27 13:06:12 - mmengine - INFO - Epoch(val) [50][350/490]    eta: 0:00:06  time: 0.0492  data_time: 0.0042  memory: 879  
2026/03/27 13:06:14 - mmengine - INFO - Epoch(val) [50][400/490]    eta: 0:00:04  time: 0.0492  data_time: 0.0043  memory: 879  
2026/03/27 13:06:17 - mmengine - INFO - Epoch(val) [50][450/490]    eta: 0:00:02  time: 0.0527  data_time: 0.0049  memory: 879  
2026/03/27 13:06:19 - mmengine - INFO - Evaluating bbox...
2026/03/27 13:06:22 - mmengine - INFO - bbox_mAP_copypaste: 0.503 0.753 0.543 0.097 0.364 0.571
2026/03/27 13:06:22 - mmengine - INFO - Epoch(val) [50][490/490]    coco/bbox_mAP: 0.5030  coco/bbox_mAP_50: 0.7530  coco/bbox_mAP_75: 0.5430  coco/bbox_mAP_s: 0.0970  coco/bbox_mAP_m: 0.3640  coco/bbox_mAP_l: 0.5710  data_time: 0.0053  time: 0.0504
2026/03/27 13:07:00 - mmengine - INFO - Epoch(train) [51][ 50/245]  lr: 2.0000e-02  eta: 1:33:42  time: 0.7713  data_time: 0.0148  memory: 18573  loss: 0.1131  loss_rpn_cls: 0.0020  loss_rpn_bbox: 0.0113  loss_cls: 0.0549  acc: 98.1873  loss_bbox: 0.0449
2026/03/27 13:07:38 - mmengine - INFO - Epoch(train) [51][100/245]  lr: 2.0000e-02  eta: 1:33:03  time: 0.7557  data_time: 0.0028  memory: 18573  loss: 0.1151  loss_rpn_cls: 0.0019  loss_rpn_bbox: 0.0109  loss_cls: 0.0569  acc: 97.3511  loss_bbox: 0.0455
2026/03/27 13:08:15 - mmengine - INFO - Epoch(train) [51][150/245]  lr: 2.0000e-02  eta: 1:32:24  time: 0.7504  data_time: 0.0029  memory: 18573  loss: 0.1214  loss_rpn_cls: 0.0020  loss_rpn_bbox: 0.0121  loss_cls: 0.0593  acc: 97.7417  loss_bbox: 0.0481
2026/03/27 13:08:54 - mmengine - INFO - Epoch(train) [51][200/245]  lr: 2.0000e-02  eta: 1:31:45  time: 0.7614  data_time: 0.0032  memory: 18573  loss: 0.1178  loss_rpn_cls: 0.0021  loss_rpn_bbox: 0.0115  loss_cls: 0.0577  acc: 97.5098  loss_bbox: 0.0465
2026/03/27 13:09:27 - mmengine - INFO - Exp name: dynamic_rcnn_r50_fpn_ruod_80e_pretrained_20260327_101611
2026/03/27 13:10:05 - mmengine - INFO - Epoch(train) [52][ 50/245]  lr: 2.0000e-02  eta: 1:30:31  time: 0.7643  data_time: 0.0112  memory: 18573  loss: 0.1138  loss_rpn_cls: 0.0019  loss_rpn_bbox: 0.0113  loss_cls: 0.0555  acc: 98.1445  loss_bbox: 0.0451
2026/03/27 13:10:42 - mmengine - INFO - Epoch(train) [52][100/245]  lr: 2.0000e-02  eta: 1:29:52  time: 0.7478  data_time: 0.0024  memory: 18573  loss: 0.1109  loss_rpn_cls: 0.0019  loss_rpn_bbox: 0.0108  loss_cls: 0.0542  acc: 97.3022  loss_bbox: 0.0439
2026/03/27 13:11:21 - mmengine - INFO - Epoch(train) [52][150/245]  lr: 2.0000e-02  eta: 1:29:13  time: 0.7690  data_time: 0.0035  memory: 18573  loss: 0.1128  loss_rpn_cls: 0.0019  loss_rpn_bbox: 0.0111  loss_cls: 0.0551  acc: 97.1008  loss_bbox: 0.0447
2026/03/27 13:12:00 - mmengine - INFO - Epoch(train) [52][200/245]  lr: 2.0000e-02  eta: 1:28:35  time: 0.7794  data_time: 0.0029  memory: 18573  loss: 0.1202  loss_rpn_cls: 0.0025  loss_rpn_bbox: 0.0115  loss_cls: 0.0588  acc: 97.9065  loss_bbox: 0.0474
2026/03/27 13:12:35 - mmengine - INFO - Exp name: dynamic_rcnn_r50_fpn_ruod_80e_pretrained_20260327_101611
2026/03/27 13:12:37 - mmengine - INFO - Epoch(val) [52][ 50/490]    eta: 0:00:23  time: 0.0542  data_time: 0.0081  memory: 18573  
2026/03/27 13:12:40 - mmengine - INFO - Epoch(val) [52][100/490]    eta: 0:00:21  time: 0.0536  data_time: 0.0087  memory: 813  
2026/03/27 13:12:43 - mmengine - INFO - Epoch(val) [52][150/490]    eta: 0:00:18  time: 0.0575  data_time: 0.0108  memory: 879  
2026/03/27 13:12:46 - mmengine - INFO - Epoch(val) [52][200/490]    eta: 0:00:15  time: 0.0554  data_time: 0.0051  memory: 879  
2026/03/27 13:12:50 - mmengine - INFO - Epoch(val) [52][250/490]    eta: 0:00:14  time: 0.0808  data_time: 0.0310  memory: 879  
2026/03/27 13:12:52 - mmengine - INFO - Epoch(val) [52][300/490]    eta: 0:00:11  time: 0.0525  data_time: 0.0047  memory: 879  
2026/03/27 13:12:55 - mmengine - INFO - Epoch(val) [52][350/490]    eta: 0:00:08  time: 0.0520  data_time: 0.0046  memory: 879  
2026/03/27 13:12:57 - mmengine - INFO - Epoch(val) [52][400/490]    eta: 0:00:05  time: 0.0514  data_time: 0.0044  memory: 879  
2026/03/27 13:13:00 - mmengine - INFO - Epoch(val) [52][450/490]    eta: 0:00:02  time: 0.0514  data_time: 0.0043  memory: 879  
2026/03/27 13:13:02 - mmengine - INFO - Evaluating bbox...
2026/03/27 13:13:05 - mmengine - INFO - bbox_mAP_copypaste: 0.501 0.750 0.539 0.096 0.353 0.565
2026/03/27 13:13:05 - mmengine - INFO - Epoch(val) [52][490/490]    coco/bbox_mAP: 0.5010  coco/bbox_mAP_50: 0.7500  coco/bbox_mAP_75: 0.5390  coco/bbox_mAP_s: 0.0960  coco/bbox_mAP_m: 0.3530  coco/bbox_mAP_l: 0.5650  data_time: 0.0087  time: 0.0560
2026/03/27 13:13:43 - mmengine - INFO - Epoch(train) [53][ 50/245]  lr: 2.0000e-02  eta: 1:27:22  time: 0.7652  data_time: 0.0122  memory: 18573  loss: 0.1148  loss_rpn_cls: 0.0020  loss_rpn_bbox: 0.0115  loss_cls: 0.0560  acc: 97.8882  loss_bbox: 0.0453
2026/03/27 13:14:21 - mmengine - INFO - Epoch(train) [53][100/245]  lr: 2.0000e-02  eta: 1:26:43  time: 0.7539  data_time: 0.0023  memory: 18573  loss: 0.1105  loss_rpn_cls: 0.0019  loss_rpn_bbox: 0.0107  loss_cls: 0.0540  acc: 97.7661  loss_bbox: 0.0440
2026/03/27 13:14:58 - mmengine - INFO - Epoch(train) [53][150/245]  lr: 2.0000e-02  eta: 1:26:04  time: 0.7535  data_time: 0.0024  memory: 18573  loss: 0.1117  loss_rpn_cls: 0.0020  loss_rpn_bbox: 0.0110  loss_cls: 0.0550  acc: 97.5891  loss_bbox: 0.0438
2026/03/27 13:15:36 - mmengine - INFO - Epoch(train) [53][200/245]  lr: 2.0000e-02  eta: 1:25:25  time: 0.7548  data_time: 0.0023  memory: 18573  loss: 0.1147  loss_rpn_cls: 0.0021  loss_rpn_bbox: 0.0118  loss_cls: 0.0554  acc: 97.8333  loss_bbox: 0.0455
2026/03/27 13:16:09 - mmengine - INFO - Exp name: dynamic_rcnn_r50_fpn_ruod_80e_pretrained_20260327_101611
2026/03/27 13:16:21 - mmengine - INFO - Exp name: dynamic_rcnn_r50_fpn_ruod_80e_pretrained_20260327_101611
2026/03/27 13:16:48 - mmengine - INFO - Epoch(train) [54][ 50/245]  lr: 2.0000e-03  eta: 1:24:11  time: 0.7791  data_time: 0.0102  memory: 18573  loss: 0.1044  loss_rpn_cls: 0.0016  loss_rpn_bbox: 0.0106  loss_cls: 0.0517  acc: 98.2971  loss_bbox: 0.0404
2026/03/27 13:17:26 - mmengine - INFO - Epoch(train) [54][100/245]  lr: 2.0000e-03  eta: 1:23:33  time: 0.7629  data_time: 0.0023  memory: 18573  loss: 0.0942  loss_rpn_cls: 0.0014  loss_rpn_bbox: 0.0098  loss_cls: 0.0475  acc: 98.2605  loss_bbox: 0.0355
2026/03/27 13:18:04 - mmengine - INFO - Epoch(train) [54][150/245]  lr: 2.0000e-03  eta: 1:22:54  time: 0.7691  data_time: 0.0024  memory: 18573  loss: 0.0900  loss_rpn_cls: 0.0016  loss_rpn_bbox: 0.0096  loss_cls: 0.0456  acc: 97.8943  loss_bbox: 0.0332
2026/03/27 13:18:44 - mmengine - INFO - Epoch(train) [54][200/245]  lr: 2.0000e-03  eta: 1:22:16  time: 0.7843  data_time: 0.0022  memory: 18573  loss: 0.0858  loss_rpn_cls: 0.0013  loss_rpn_bbox: 0.0091  loss_cls: 0.0434  acc: 97.9187  loss_bbox: 0.0320
2026/03/27 13:19:18 - mmengine - INFO - Exp name: dynamic_rcnn_r50_fpn_ruod_80e_pretrained_20260327_101611
2026/03/27 13:19:21 - mmengine - INFO - Epoch(val) [54][ 50/490]    eta: 0:00:23  time: 0.0528  data_time: 0.0065  memory: 18573  
2026/03/27 13:19:24 - mmengine - INFO - Epoch(val) [54][100/490]    eta: 0:00:20  time: 0.0536  data_time: 0.0047  memory: 812  
2026/03/27 13:19:26 - mmengine - INFO - Epoch(val) [54][150/490]    eta: 0:00:18  time: 0.0537  data_time: 0.0050  memory: 879  
2026/03/27 13:19:29 - mmengine - INFO - Epoch(val) [54][200/490]    eta: 0:00:15  time: 0.0536  data_time: 0.0047  memory: 879  
2026/03/27 13:19:32 - mmengine - INFO - Epoch(val) [54][250/490]    eta: 0:00:12  time: 0.0536  data_time: 0.0047  memory: 879  
2026/03/27 13:19:34 - mmengine - INFO - Epoch(val) [54][300/490]    eta: 0:00:10  time: 0.0527  data_time: 0.0047  memory: 879  
2026/03/27 13:19:37 - mmengine - INFO - Epoch(val) [54][350/490]    eta: 0:00:07  time: 0.0529  data_time: 0.0047  memory: 879  
2026/03/27 13:19:40 - mmengine - INFO - Epoch(val) [54][400/490]    eta: 0:00:04  time: 0.0545  data_time: 0.0049  memory: 879  
2026/03/27 13:19:42 - mmengine - INFO - Epoch(val) [54][450/490]    eta: 0:00:02  time: 0.0543  data_time: 0.0049  memory: 879  
2026/03/27 13:19:45 - mmengine - INFO - Evaluating bbox...
2026/03/27 13:19:47 - mmengine - INFO - bbox_mAP_copypaste: 0.511 0.752 0.558 0.101 0.368 0.578
2026/03/27 13:19:47 - mmengine - INFO - Epoch(val) [54][490/490]    coco/bbox_mAP: 0.5110  coco/bbox_mAP_50: 0.7520  coco/bbox_mAP_75: 0.5580  coco/bbox_mAP_s: 0.1010  coco/bbox_mAP_m: 0.3680  coco/bbox_mAP_l: 0.5780  data_time: 0.0049  time: 0.0535
2026/03/27 13:20:28 - mmengine - INFO - Epoch(train) [55][ 50/245]  lr: 2.0000e-03  eta: 1:21:04  time: 0.8090  data_time: 0.0099  memory: 18573  loss: 0.0880  loss_rpn_cls: 0.0012  loss_rpn_bbox: 0.0094  loss_cls: 0.0452  acc: 98.3276  loss_bbox: 0.0322
2026/03/27 13:21:07 - mmengine - INFO - Epoch(train) [55][100/245]  lr: 2.0000e-03  eta: 1:20:26  time: 0.7815  data_time: 0.0024  memory: 18573  loss: 0.0815  loss_rpn_cls: 0.0010  loss_rpn_bbox: 0.0092  loss_cls: 0.0416  acc: 98.3276  loss_bbox: 0.0297
2026/03/27 13:21:46 - mmengine - INFO - Epoch(train) [55][150/245]  lr: 2.0000e-03  eta: 1:19:48  time: 0.7814  data_time: 0.0023  memory: 18573  loss: 0.0843  loss_rpn_cls: 0.0011  loss_rpn_bbox: 0.0092  loss_cls: 0.0426  acc: 97.9980  loss_bbox: 0.0314
2026/03/27 13:22:25 - mmengine - INFO - Epoch(train) [55][200/245]  lr: 2.0000e-03  eta: 1:19:09  time: 0.7806  data_time: 0.0022  memory: 18573  loss: 0.0845  loss_rpn_cls: 0.0012  loss_rpn_bbox: 0.0094  loss_cls: 0.0429  acc: 98.2544  loss_bbox: 0.0310
2026/03/27 13:22:59 - mmengine - INFO - Exp name: dynamic_rcnn_r50_fpn_ruod_80e_pretrained_20260327_101611
2026/03/27 13:23:39 - mmengine - INFO - Epoch(train) [56][ 50/245]  lr: 2.0000e-03  eta: 1:17:57  time: 0.7999  data_time: 0.0128  memory: 18573  loss: 0.0805  loss_rpn_cls: 0.0012  loss_rpn_bbox: 0.0094  loss_cls: 0.0412  acc: 98.3582  loss_bbox: 0.0288
2026/03/27 13:24:18 - mmengine - INFO - Epoch(train) [56][100/245]  lr: 2.0000e-03  eta: 1:17:19  time: 0.7880  data_time: 0.0025  memory: 18573  loss: 0.0780  loss_rpn_cls: 0.0011  loss_rpn_bbox: 0.0089  loss_cls: 0.0402  acc: 98.7244  loss_bbox: 0.0278
2026/03/27 13:24:58 - mmengine - INFO - Epoch(train) [56][150/245]  lr: 2.0000e-03  eta: 1:16:41  time: 0.7940  data_time: 0.0024  memory: 18573  loss: 0.0787  loss_rpn_cls: 0.0011  loss_rpn_bbox: 0.0090  loss_cls: 0.0403  acc: 97.7539  loss_bbox: 0.0283
2026/03/27 13:25:37 - mmengine - INFO - Epoch(train) [56][200/245]  lr: 2.0000e-03  eta: 1:16:03  time: 0.7831  data_time: 0.0025  memory: 18573  loss: 0.0805  loss_rpn_cls: 0.0010  loss_rpn_bbox: 0.0092  loss_cls: 0.0406  acc: 98.0652  loss_bbox: 0.0297
2026/03/27 13:26:12 - mmengine - INFO - Exp name: dynamic_rcnn_r50_fpn_ruod_80e_pretrained_20260327_101611
2026/03/27 13:26:15 - mmengine - INFO - Epoch(val) [56][ 50/490]    eta: 0:00:23  time: 0.0542  data_time: 0.0065  memory: 18573  
2026/03/27 13:26:17 - mmengine - INFO - Epoch(val) [56][100/490]    eta: 0:00:20  time: 0.0515  data_time: 0.0050  memory: 811  
2026/03/27 13:26:20 - mmengine - INFO - Epoch(val) [56][150/490]    eta: 0:00:17  time: 0.0521  data_time: 0.0049  memory: 879  
2026/03/27 13:26:22 - mmengine - INFO - Epoch(val) [56][200/490]    eta: 0:00:15  time: 0.0542  data_time: 0.0047  memory: 879  
2026/03/27 13:26:25 - mmengine - INFO - Epoch(val) [56][250/490]    eta: 0:00:12  time: 0.0568  data_time: 0.0049  memory: 879  
2026/03/27 13:26:28 - mmengine - INFO - Epoch(val) [56][300/490]    eta: 0:00:10  time: 0.0522  data_time: 0.0045  memory: 879  
2026/03/27 13:26:31 - mmengine - INFO - Epoch(val) [56][350/490]    eta: 0:00:07  time: 0.0532  data_time: 0.0048  memory: 879  
2026/03/27 13:26:33 - mmengine - INFO - Epoch(val) [56][400/490]    eta: 0:00:04  time: 0.0550  data_time: 0.0052  memory: 879  
2026/03/27 13:26:36 - mmengine - INFO - Epoch(val) [56][450/490]    eta: 0:00:02  time: 0.0541  data_time: 0.0049  memory: 879  
2026/03/27 13:26:38 - mmengine - INFO - Evaluating bbox...
2026/03/27 13:26:41 - mmengine - INFO - bbox_mAP_copypaste: 0.509 0.748 0.558 0.095 0.361 0.577
2026/03/27 13:26:41 - mmengine - INFO - Epoch(val) [56][490/490]    coco/bbox_mAP: 0.5090  coco/bbox_mAP_50: 0.7480  coco/bbox_mAP_75: 0.5580  coco/bbox_mAP_s: 0.0950  coco/bbox_mAP_m: 0.3610  coco/bbox_mAP_l: 0.5770  data_time: 0.0050  time: 0.0537
2026/03/27 13:27:21 - mmengine - INFO - Epoch(train) [57][ 50/245]  lr: 2.0000e-03  eta: 1:14:50  time: 0.7985  data_time: 0.0110  memory: 18573  loss: 0.0756  loss_rpn_cls: 0.0010  loss_rpn_bbox: 0.0089  loss_cls: 0.0392  acc: 98.1812  loss_bbox: 0.0264
2026/03/27 13:28:00 - mmengine - INFO - Epoch(train) [57][100/245]  lr: 2.0000e-03  eta: 1:14:12  time: 0.7864  data_time: 0.0025  memory: 18573  loss: 0.0767  loss_rpn_cls: 0.0011  loss_rpn_bbox: 0.0090  loss_cls: 0.0391  acc: 98.4680  loss_bbox: 0.0275
2026/03/27 13:28:38 - mmengine - INFO - Epoch(train) [57][150/245]  lr: 2.0000e-03  eta: 1:13:33  time: 0.7656  data_time: 0.0028  memory: 18573  loss: 0.0757  loss_rpn_cls: 0.0010  loss_rpn_bbox: 0.0089  loss_cls: 0.0388  acc: 98.7427  loss_bbox: 0.0270
2026/03/27 13:29:17 - mmengine - INFO - Epoch(train) [57][200/245]  lr: 2.0000e-03  eta: 1:12:55  time: 0.7692  data_time: 0.0025  memory: 18573  loss: 0.0752  loss_rpn_cls: 0.0010  loss_rpn_bbox: 0.0088  loss_cls: 0.0383  acc: 98.2178  loss_bbox: 0.0271
2026/03/27 13:29:51 - mmengine - INFO - Exp name: dynamic_rcnn_r50_fpn_ruod_80e_pretrained_20260327_101611
2026/03/27 13:30:20 - mmengine - INFO - Exp name: dynamic_rcnn_r50_fpn_ruod_80e_pretrained_20260327_101611
2026/03/27 13:30:31 - mmengine - INFO - Epoch(train) [58][ 50/245]  lr: 2.0000e-03  eta: 1:11:42  time: 0.7956  data_time: 0.0122  memory: 18573  loss: 0.0735  loss_rpn_cls: 0.0011  loss_rpn_bbox: 0.0090  loss_cls: 0.0375  acc: 98.0652  loss_bbox: 0.0259
2026/03/27 13:31:10 - mmengine - INFO - Epoch(train) [58][100/245]  lr: 2.0000e-03  eta: 1:11:03  time: 0.7719  data_time: 0.0025  memory: 18573  loss: 0.0739  loss_rpn_cls: 0.0009  loss_rpn_bbox: 0.0089  loss_cls: 0.0381  acc: 98.7793  loss_bbox: 0.0260
2026/03/27 13:31:49 - mmengine - INFO - Epoch(train) [58][150/245]  lr: 2.0000e-03  eta: 1:10:25  time: 0.7741  data_time: 0.0025  memory: 18573  loss: 0.0728  loss_rpn_cls: 0.0008  loss_rpn_bbox: 0.0087  loss_cls: 0.0378  acc: 98.8586  loss_bbox: 0.0255
2026/03/27 13:32:27 - mmengine - INFO - Epoch(train) [58][200/245]  lr: 2.0000e-03  eta: 1:09:46  time: 0.7622  data_time: 0.0029  memory: 18573  loss: 0.0756  loss_rpn_cls: 0.0008  loss_rpn_bbox: 0.0091  loss_cls: 0.0387  acc: 98.6389  loss_bbox: 0.0270
2026/03/27 13:33:01 - mmengine - INFO - Exp name: dynamic_rcnn_r50_fpn_ruod_80e_pretrained_20260327_101611
2026/03/27 13:33:03 - mmengine - INFO - Epoch(val) [58][ 50/490]    eta: 0:00:23  time: 0.0528  data_time: 0.0065  memory: 18573  
2026/03/27 13:33:06 - mmengine - INFO - Epoch(val) [58][100/490]    eta: 0:00:19  time: 0.0497  data_time: 0.0045  memory: 811  
2026/03/27 13:33:08 - mmengine - INFO - Epoch(val) [58][150/490]    eta: 0:00:17  time: 0.0504  data_time: 0.0048  memory: 879  
2026/03/27 13:33:11 - mmengine - INFO - Epoch(val) [58][200/490]    eta: 0:00:15  time: 0.0543  data_time: 0.0048  memory: 879  
2026/03/27 13:33:14 - mmengine - INFO - Epoch(val) [58][250/490]    eta: 0:00:12  time: 0.0544  data_time: 0.0049  memory: 879  
2026/03/27 13:33:17 - mmengine - INFO - Epoch(val) [58][300/490]    eta: 0:00:09  time: 0.0539  data_time: 0.0050  memory: 879  
2026/03/27 13:33:19 - mmengine - INFO - Epoch(val) [58][350/490]    eta: 0:00:07  time: 0.0540  data_time: 0.0050  memory: 879  
2026/03/27 13:33:22 - mmengine - INFO - Epoch(val) [58][400/490]    eta: 0:00:04  time: 0.0572  data_time: 0.0052  memory: 879  
2026/03/27 13:33:25 - mmengine - INFO - Epoch(val) [58][450/490]    eta: 0:00:02  time: 0.0535  data_time: 0.0047  memory: 879  
2026/03/27 13:33:27 - mmengine - INFO - Evaluating bbox...
2026/03/27 13:33:30 - mmengine - INFO - bbox_mAP_copypaste: 0.507 0.747 0.554 0.096 0.359 0.574
2026/03/27 13:33:30 - mmengine - INFO - Epoch(val) [58][490/490]    coco/bbox_mAP: 0.5070  coco/bbox_mAP_50: 0.7470  coco/bbox_mAP_75: 0.5540  coco/bbox_mAP_s: 0.0960  coco/bbox_mAP_m: 0.3590  coco/bbox_mAP_l: 0.5740  data_time: 0.0050  time: 0.0534
2026/03/27 13:34:10 - mmengine - INFO - Epoch(train) [59][ 50/245]  lr: 2.0000e-03  eta: 1:08:33  time: 0.7947  data_time: 0.0139  memory: 18573  loss: 0.0697  loss_rpn_cls: 0.0010  loss_rpn_bbox: 0.0085  loss_cls: 0.0359  acc: 98.7305  loss_bbox: 0.0244
2026/03/27 13:34:48 - mmengine - INFO - Epoch(train) [59][100/245]  lr: 2.0000e-03  eta: 1:07:55  time: 0.7766  data_time: 0.0024  memory: 18573  loss: 0.0719  loss_rpn_cls: 0.0009  loss_rpn_bbox: 0.0087  loss_cls: 0.0376  acc: 98.6145  loss_bbox: 0.0246
2026/03/27 13:35:28 - mmengine - INFO - Epoch(train) [59][150/245]  lr: 2.0000e-03  eta: 1:07:17  time: 0.7856  data_time: 0.0026  memory: 18573  loss: 0.0693  loss_rpn_cls: 0.0009  loss_rpn_bbox: 0.0084  loss_cls: 0.0359  acc: 98.4558  loss_bbox: 0.0241
2026/03/27 13:36:07 - mmengine - INFO - Epoch(train) [59][200/245]  lr: 2.0000e-03  eta: 1:06:38  time: 0.7819  data_time: 0.0026  memory: 18573  loss: 0.0736  loss_rpn_cls: 0.0010  loss_rpn_bbox: 0.0090  loss_cls: 0.0383  acc: 98.2727  loss_bbox: 0.0253
2026/03/27 13:36:41 - mmengine - INFO - Exp name: dynamic_rcnn_r50_fpn_ruod_80e_pretrained_20260327_101611
2026/03/27 13:37:21 - mmengine - INFO - Epoch(train) [60][ 50/245]  lr: 2.0000e-03  eta: 1:05:26  time: 0.8039  data_time: 0.0119  memory: 18573  loss: 0.0666  loss_rpn_cls: 0.0009  loss_rpn_bbox: 0.0082  loss_cls: 0.0346  acc: 98.8586  loss_bbox: 0.0228
2026/03/27 13:38:00 - mmengine - INFO - Epoch(train) [60][100/245]  lr: 2.0000e-03  eta: 1:04:47  time: 0.7820  data_time: 0.0026  memory: 18573  loss: 0.0716  loss_rpn_cls: 0.0009  loss_rpn_bbox: 0.0089  loss_cls: 0.0367  acc: 98.5596  loss_bbox: 0.0251
2026/03/27 13:38:39 - mmengine - INFO - Epoch(train) [60][150/245]  lr: 2.0000e-03  eta: 1:04:09  time: 0.7753  data_time: 0.0027  memory: 18573  loss: 0.0661  loss_rpn_cls: 0.0009  loss_rpn_bbox: 0.0082  loss_cls: 0.0345  acc: 98.9075  loss_bbox: 0.0224
2026/03/27 13:39:18 - mmengine - INFO - Epoch(train) [60][200/245]  lr: 2.0000e-03  eta: 1:03:31  time: 0.7827  data_time: 0.0026  memory: 18573  loss: 0.0717  loss_rpn_cls: 0.0009  loss_rpn_bbox: 0.0089  loss_cls: 0.0370  acc: 98.6206  loss_bbox: 0.0249
2026/03/27 13:39:53 - mmengine - INFO - Exp name: dynamic_rcnn_r50_fpn_ruod_80e_pretrained_20260327_101611
2026/03/27 13:39:56 - mmengine - INFO - Epoch(val) [60][ 50/490]    eta: 0:00:23  time: 0.0532  data_time: 0.0061  memory: 18573  
2026/03/27 13:39:58 - mmengine - INFO - Epoch(val) [60][100/490]    eta: 0:00:20  time: 0.0504  data_time: 0.0047  memory: 811  
2026/03/27 13:40:01 - mmengine - INFO - Epoch(val) [60][150/490]    eta: 0:00:17  time: 0.0511  data_time: 0.0047  memory: 879  
2026/03/27 13:40:04 - mmengine - INFO - Epoch(val) [60][200/490]    eta: 0:00:15  time: 0.0550  data_time: 0.0051  memory: 879  
2026/03/27 13:40:06 - mmengine - INFO - Epoch(val) [60][250/490]    eta: 0:00:12  time: 0.0539  data_time: 0.0049  memory: 879  
2026/03/27 13:40:09 - mmengine - INFO - Epoch(val) [60][300/490]    eta: 0:00:10  time: 0.0541  data_time: 0.0050  memory: 879  
2026/03/27 13:40:12 - mmengine - INFO - Epoch(val) [60][350/490]    eta: 0:00:07  time: 0.0539  data_time: 0.0050  memory: 879  
2026/03/27 13:40:14 - mmengine - INFO - Epoch(val) [60][400/490]    eta: 0:00:04  time: 0.0548  data_time: 0.0051  memory: 879  
2026/03/27 13:40:17 - mmengine - INFO - Epoch(val) [60][450/490]    eta: 0:00:02  time: 0.0545  data_time: 0.0049  memory: 879  
2026/03/27 13:40:20 - mmengine - INFO - Evaluating bbox...
2026/03/27 13:40:22 - mmengine - INFO - bbox_mAP_copypaste: 0.507 0.750 0.553 0.099 0.362 0.575
2026/03/27 13:40:22 - mmengine - INFO - Epoch(val) [60][490/490]    coco/bbox_mAP: 0.5070  coco/bbox_mAP_50: 0.7500  coco/bbox_mAP_75: 0.5530  coco/bbox_mAP_s: 0.0990  coco/bbox_mAP_m: 0.3620  coco/bbox_mAP_l: 0.5750  data_time: 0.0051  time: 0.0538
2026/03/27 13:41:02 - mmengine - INFO - Epoch(train) [61][ 50/245]  lr: 2.0000e-03  eta: 1:02:18  time: 0.8021  data_time: 0.0138  memory: 18573  loss: 0.0679  loss_rpn_cls: 0.0009  loss_rpn_bbox: 0.0087  loss_cls: 0.0348  acc: 98.3337  loss_bbox: 0.0235
2026/03/27 13:41:41 - mmengine - INFO - Epoch(train) [61][100/245]  lr: 2.0000e-03  eta: 1:01:39  time: 0.7820  data_time: 0.0025  memory: 18573  loss: 0.0702  loss_rpn_cls: 0.0009  loss_rpn_bbox: 0.0088  loss_cls: 0.0367  acc: 98.6755  loss_bbox: 0.0238
2026/03/27 13:42:21 - mmengine - INFO - Epoch(train) [61][150/245]  lr: 2.0000e-03  eta: 1:01:01  time: 0.7842  data_time: 0.0025  memory: 18573  loss: 0.0680  loss_rpn_cls: 0.0010  loss_rpn_bbox: 0.0088  loss_cls: 0.0348  acc: 98.6816  loss_bbox: 0.0234
2026/03/27 13:43:00 - mmengine - INFO - Epoch(train) [61][200/245]  lr: 2.0000e-03  eta: 1:00:23  time: 0.7808  data_time: 0.0025  memory: 18573  loss: 0.0682  loss_rpn_cls: 0.0010  loss_rpn_bbox: 0.0085  loss_cls: 0.0355  acc: 98.7366  loss_bbox: 0.0231
2026/03/27 13:43:34 - mmengine - INFO - Exp name: dynamic_rcnn_r50_fpn_ruod_80e_pretrained_20260327_101611
2026/03/27 13:44:15 - mmengine - INFO - Epoch(train) [62][ 50/245]  lr: 2.0000e-03  eta: 0:59:10  time: 0.8113  data_time: 0.0146  memory: 18573  loss: 0.0647  loss_rpn_cls: 0.0009  loss_rpn_bbox: 0.0084  loss_cls: 0.0335  acc: 98.4070  loss_bbox: 0.0218
2026/03/27 13:44:19 - mmengine - INFO - Exp name: dynamic_rcnn_r50_fpn_ruod_80e_pretrained_20260327_101611
2026/03/27 13:44:54 - mmengine - INFO - Epoch(train) [62][100/245]  lr: 2.0000e-03  eta: 0:58:32  time: 0.7859  data_time: 0.0024  memory: 18573  loss: 0.0695  loss_rpn_cls: 0.0009  loss_rpn_bbox: 0.0088  loss_cls: 0.0365  acc: 99.0479  loss_bbox: 0.0233
2026/03/27 13:45:33 - mmengine - INFO - Epoch(train) [62][150/245]  lr: 2.0000e-03  eta: 0:57:53  time: 0.7839  data_time: 0.0025  memory: 18573  loss: 0.0655  loss_rpn_cls: 0.0009  loss_rpn_bbox: 0.0083  loss_cls: 0.0340  acc: 98.3704  loss_bbox: 0.0222
2026/03/27 13:46:13 - mmengine - INFO - Epoch(train) [62][200/245]  lr: 2.0000e-03  eta: 0:57:15  time: 0.7901  data_time: 0.0026  memory: 18573  loss: 0.0676  loss_rpn_cls: 0.0009  loss_rpn_bbox: 0.0087  loss_cls: 0.0350  acc: 98.3154  loss_bbox: 0.0230
2026/03/27 13:46:47 - mmengine - INFO - Exp name: dynamic_rcnn_r50_fpn_ruod_80e_pretrained_20260327_101611
2026/03/27 13:46:50 - mmengine - INFO - Epoch(val) [62][ 50/490]    eta: 0:00:22  time: 0.0518  data_time: 0.0072  memory: 18573  
2026/03/27 13:46:52 - mmengine - INFO - Epoch(val) [62][100/490]    eta: 0:00:19  time: 0.0489  data_time: 0.0049  memory: 810  
2026/03/27 13:46:55 - mmengine - INFO - Epoch(val) [62][150/490]    eta: 0:00:17  time: 0.0509  data_time: 0.0049  memory: 879  
2026/03/27 13:46:57 - mmengine - INFO - Epoch(val) [62][200/490]    eta: 0:00:14  time: 0.0538  data_time: 0.0048  memory: 879  
2026/03/27 13:47:00 - mmengine - INFO - Epoch(val) [62][250/490]    eta: 0:00:12  time: 0.0552  data_time: 0.0051  memory: 879  
2026/03/27 13:47:03 - mmengine - INFO - Epoch(val) [62][300/490]    eta: 0:00:09  time: 0.0533  data_time: 0.0051  memory: 879  
2026/03/27 13:47:05 - mmengine - INFO - Epoch(val) [62][350/490]    eta: 0:00:07  time: 0.0540  data_time: 0.0051  memory: 879  
2026/03/27 13:47:08 - mmengine - INFO - Epoch(val) [62][400/490]    eta: 0:00:04  time: 0.0545  data_time: 0.0054  memory: 879  
2026/03/27 13:47:11 - mmengine - INFO - Epoch(val) [62][450/490]    eta: 0:00:02  time: 0.0544  data_time: 0.0052  memory: 879  
2026/03/27 13:47:13 - mmengine - INFO - Evaluating bbox...
2026/03/27 13:47:15 - mmengine - INFO - bbox_mAP_copypaste: 0.504 0.743 0.549 0.097 0.367 0.571
2026/03/27 13:47:15 - mmengine - INFO - Epoch(val) [62][490/490]    coco/bbox_mAP: 0.5040  coco/bbox_mAP_50: 0.7430  coco/bbox_mAP_75: 0.5490  coco/bbox_mAP_s: 0.0970  coco/bbox_mAP_m: 0.3670  coco/bbox_mAP_l: 0.5710  data_time: 0.0052  time: 0.0529
2026/03/27 13:47:56 - mmengine - INFO - Epoch(train) [63][ 50/245]  lr: 2.0000e-03  eta: 0:56:02  time: 0.8173  data_time: 0.0161  memory: 18573  loss: 0.0663  loss_rpn_cls: 0.0008  loss_rpn_bbox: 0.0087  loss_cls: 0.0342  acc: 98.9319  loss_bbox: 0.0225
2026/03/27 13:48:36 - mmengine - INFO - Epoch(train) [63][100/245]  lr: 2.0000e-03  eta: 0:55:24  time: 0.7903  data_time: 0.0026  memory: 18573  loss: 0.0650  loss_rpn_cls: 0.0009  loss_rpn_bbox: 0.0082  loss_cls: 0.0340  acc: 98.7061  loss_bbox: 0.0219
2026/03/27 13:49:14 - mmengine - INFO - Epoch(train) [63][150/245]  lr: 2.0000e-03  eta: 0:54:46  time: 0.7674  data_time: 0.0023  memory: 18573  loss: 0.0639  loss_rpn_cls: 0.0008  loss_rpn_bbox: 0.0084  loss_cls: 0.0332  acc: 98.7061  loss_bbox: 0.0215
2026/03/27 13:49:52 - mmengine - INFO - Epoch(train) [63][200/245]  lr: 2.0000e-03  eta: 0:54:07  time: 0.7593  data_time: 0.0023  memory: 18573  loss: 0.0627  loss_rpn_cls: 0.0008  loss_rpn_bbox: 0.0082  loss_cls: 0.0325  acc: 98.6450  loss_bbox: 0.0212
2026/03/27 13:50:25 - mmengine - INFO - Exp name: dynamic_rcnn_r50_fpn_ruod_80e_pretrained_20260327_101611
2026/03/27 13:51:04 - mmengine - INFO - Epoch(train) [64][ 50/245]  lr: 2.0000e-03  eta: 0:52:53  time: 0.7793  data_time: 0.0101  memory: 18574  loss: 0.0647  loss_rpn_cls: 0.0009  loss_rpn_bbox: 0.0085  loss_cls: 0.0335  acc: 98.9868  loss_bbox: 0.0218
2026/03/27 13:51:43 - mmengine - INFO - Epoch(train) [64][100/245]  lr: 2.0000e-03  eta: 0:52:15  time: 0.7619  data_time: 0.0022  memory: 18573  loss: 0.0638  loss_rpn_cls: 0.0009  loss_rpn_bbox: 0.0084  loss_cls: 0.0333  acc: 98.6816  loss_bbox: 0.0212
2026/03/27 13:52:21 - mmengine - INFO - Epoch(train) [64][150/245]  lr: 2.0000e-03  eta: 0:51:36  time: 0.7668  data_time: 0.0024  memory: 18573  loss: 0.0635  loss_rpn_cls: 0.0008  loss_rpn_bbox: 0.0083  loss_cls: 0.0329  acc: 98.9258  loss_bbox: 0.0215
2026/03/27 13:52:59 - mmengine - INFO - Epoch(train) [64][200/245]  lr: 2.0000e-03  eta: 0:50:57  time: 0.7562  data_time: 0.0025  memory: 18573  loss: 0.0650  loss_rpn_cls: 0.0009  loss_rpn_bbox: 0.0083  loss_cls: 0.0342  acc: 98.9380  loss_bbox: 0.0216
2026/03/27 13:53:32 - mmengine - INFO - Exp name: dynamic_rcnn_r50_fpn_ruod_80e_pretrained_20260327_101611
2026/03/27 13:53:35 - mmengine - INFO - Epoch(val) [64][ 50/490]    eta: 0:00:23  time: 0.0529  data_time: 0.0065  memory: 18573  
2026/03/27 13:53:37 - mmengine - INFO - Epoch(val) [64][100/490]    eta: 0:00:20  time: 0.0506  data_time: 0.0048  memory: 811  
2026/03/27 13:53:40 - mmengine - INFO - Epoch(val) [64][150/490]    eta: 0:00:17  time: 0.0514  data_time: 0.0049  memory: 879  
2026/03/27 13:53:43 - mmengine - INFO - Epoch(val) [64][200/490]    eta: 0:00:15  time: 0.0544  data_time: 0.0047  memory: 879  
2026/03/27 13:53:45 - mmengine - INFO - Epoch(val) [64][250/490]    eta: 0:00:12  time: 0.0537  data_time: 0.0048  memory: 879  
2026/03/27 13:53:48 - mmengine - INFO - Epoch(val) [64][300/490]    eta: 0:00:10  time: 0.0530  data_time: 0.0047  memory: 879  
2026/03/27 13:53:51 - mmengine - INFO - Epoch(val) [64][350/490]    eta: 0:00:07  time: 0.0543  data_time: 0.0050  memory: 879  
2026/03/27 13:53:54 - mmengine - INFO - Epoch(val) [64][400/490]    eta: 0:00:04  time: 0.0552  data_time: 0.0050  memory: 879  
2026/03/27 13:53:56 - mmengine - INFO - Epoch(val) [64][450/490]    eta: 0:00:02  time: 0.0578  data_time: 0.0054  memory: 879  
2026/03/27 13:53:59 - mmengine - INFO - Evaluating bbox...
2026/03/27 13:54:01 - mmengine - INFO - bbox_mAP_copypaste: 0.504 0.744 0.549 0.099 0.370 0.572
2026/03/27 13:54:01 - mmengine - INFO - Epoch(val) [64][490/490]    coco/bbox_mAP: 0.5040  coco/bbox_mAP_50: 0.7440  coco/bbox_mAP_75: 0.5490  coco/bbox_mAP_s: 0.0990  coco/bbox_mAP_m: 0.3700  coco/bbox_mAP_l: 0.5720  data_time: 0.0051  time: 0.0537
2026/03/27 13:54:40 - mmengine - INFO - Epoch(train) [65][ 50/245]  lr: 2.0000e-03  eta: 0:49:44  time: 0.7806  data_time: 0.0150  memory: 18573  loss: 0.0651  loss_rpn_cls: 0.0010  loss_rpn_bbox: 0.0085  loss_cls: 0.0340  acc: 98.5474  loss_bbox: 0.0216
2026/03/27 13:55:19 - mmengine - INFO - Epoch(train) [65][100/245]  lr: 2.0000e-03  eta: 0:49:05  time: 0.7721  data_time: 0.0024  memory: 18573  loss: 0.0638  loss_rpn_cls: 0.0009  loss_rpn_bbox: 0.0082  loss_cls: 0.0336  acc: 98.4619  loss_bbox: 0.0211
2026/03/27 13:55:57 - mmengine - INFO - Epoch(train) [65][150/245]  lr: 2.0000e-03  eta: 0:48:27  time: 0.7661  data_time: 0.0025  memory: 18573  loss: 0.0621  loss_rpn_cls: 0.0008  loss_rpn_bbox: 0.0082  loss_cls: 0.0324  acc: 98.4863  loss_bbox: 0.0207
2026/03/27 13:56:35 - mmengine - INFO - Epoch(train) [65][200/245]  lr: 2.0000e-03  eta: 0:47:48  time: 0.7606  data_time: 0.0026  memory: 18573  loss: 0.0633  loss_rpn_cls: 0.0008  loss_rpn_bbox: 0.0084  loss_cls: 0.0333  acc: 98.7488  loss_bbox: 0.0208
2026/03/27 13:57:08 - mmengine - INFO - Exp name: dynamic_rcnn_r50_fpn_ruod_80e_pretrained_20260327_101611
2026/03/27 13:57:47 - mmengine - INFO - Epoch(train) [66][ 50/245]  lr: 2.0000e-03  eta: 0:46:34  time: 0.7794  data_time: 0.0137  memory: 18574  loss: 0.0601  loss_rpn_cls: 0.0008  loss_rpn_bbox: 0.0081  loss_cls: 0.0318  acc: 98.6206  loss_bbox: 0.0195
2026/03/27 13:58:07 - mmengine - INFO - Exp name: dynamic_rcnn_r50_fpn_ruod_80e_pretrained_20260327_101611
2026/03/27 13:58:26 - mmengine - INFO - Epoch(train) [66][100/245]  lr: 2.0000e-03  eta: 0:45:56  time: 0.7762  data_time: 0.0030  memory: 18573  loss: 0.0650  loss_rpn_cls: 0.0009  loss_rpn_bbox: 0.0087  loss_cls: 0.0338  acc: 98.6816  loss_bbox: 0.0215
2026/03/27 13:59:05 - mmengine - INFO - Epoch(train) [66][150/245]  lr: 2.0000e-03  eta: 0:45:17  time: 0.7695  data_time: 0.0024  memory: 18573  loss: 0.0626  loss_rpn_cls: 0.0007  loss_rpn_bbox: 0.0083  loss_cls: 0.0329  acc: 98.6633  loss_bbox: 0.0206
2026/03/27 13:59:46 - mmengine - INFO - Epoch(train) [66][200/245]  lr: 2.0000e-03  eta: 0:44:39  time: 0.8173  data_time: 0.0030  memory: 18573  loss: 0.0623  loss_rpn_cls: 0.0008  loss_rpn_bbox: 0.0085  loss_cls: 0.0323  acc: 98.3276  loss_bbox: 0.0207
2026/03/27 14:00:21 - mmengine - INFO - Exp name: dynamic_rcnn_r50_fpn_ruod_80e_pretrained_20260327_101611
2026/03/27 14:00:25 - mmengine - INFO - Epoch(val) [66][ 50/490]    eta: 0:00:33  time: 0.0753  data_time: 0.0279  memory: 18573  
2026/03/27 14:00:28 - mmengine - INFO - Epoch(val) [66][100/490]    eta: 0:00:24  time: 0.0496  data_time: 0.0045  memory: 811  
2026/03/27 14:00:32 - mmengine - INFO - Epoch(val) [66][150/490]    eta: 0:00:24  time: 0.0871  data_time: 0.0396  memory: 879  
2026/03/27 14:00:35 - mmengine - INFO - Epoch(val) [66][200/490]    eta: 0:00:19  time: 0.0572  data_time: 0.0076  memory: 879  
2026/03/27 14:00:38 - mmengine - INFO - Epoch(val) [66][250/490]    eta: 0:00:15  time: 0.0550  data_time: 0.0056  memory: 879  
2026/03/27 14:00:40 - mmengine - INFO - Epoch(val) [66][300/490]    eta: 0:00:12  time: 0.0554  data_time: 0.0051  memory: 879  
2026/03/27 14:00:43 - mmengine - INFO - Epoch(val) [66][350/490]    eta: 0:00:08  time: 0.0534  data_time: 0.0047  memory: 879  
2026/03/27 14:00:46 - mmengine - INFO - Epoch(val) [66][400/490]    eta: 0:00:05  time: 0.0546  data_time: 0.0050  memory: 879  
2026/03/27 14:00:48 - mmengine - INFO - Epoch(val) [66][450/490]    eta: 0:00:02  time: 0.0536  data_time: 0.0047  memory: 879  
2026/03/27 14:00:51 - mmengine - INFO - Evaluating bbox...
2026/03/27 14:00:53 - mmengine - INFO - bbox_mAP_copypaste: 0.503 0.744 0.546 0.099 0.357 0.572
2026/03/27 14:00:53 - mmengine - INFO - Epoch(val) [66][490/490]    coco/bbox_mAP: 0.5030  coco/bbox_mAP_50: 0.7440  coco/bbox_mAP_75: 0.5460  coco/bbox_mAP_s: 0.0990  coco/bbox_mAP_m: 0.3570  coco/bbox_mAP_l: 0.5720  data_time: 0.0110  time: 0.0595
2026/03/27 14:01:31 - mmengine - INFO - Epoch(train) [67][ 50/245]  lr: 2.0000e-03  eta: 0:43:26  time: 0.7763  data_time: 0.0177  memory: 18573  loss: 0.0579  loss_rpn_cls: 0.0007  loss_rpn_bbox: 0.0077  loss_cls: 0.0306  acc: 98.7122  loss_bbox: 0.0190
2026/03/27 14:02:10 - mmengine - INFO - Epoch(train) [67][100/245]  lr: 2.0000e-03  eta: 0:42:48  time: 0.7616  data_time: 0.0025  memory: 18573  loss: 0.0637  loss_rpn_cls: 0.0009  loss_rpn_bbox: 0.0088  loss_cls: 0.0330  acc: 98.3337  loss_bbox: 0.0210
2026/03/27 14:02:47 - mmengine - INFO - Epoch(train) [67][150/245]  lr: 2.0000e-03  eta: 0:42:09  time: 0.7472  data_time: 0.0025  memory: 18573  loss: 0.0617  loss_rpn_cls: 0.0009  loss_rpn_bbox: 0.0084  loss_cls: 0.0321  acc: 99.1455  loss_bbox: 0.0204
2026/03/27 14:03:24 - mmengine - INFO - Epoch(train) [67][200/245]  lr: 2.0000e-03  eta: 0:41:30  time: 0.7489  data_time: 0.0025  memory: 18573  loss: 0.0618  loss_rpn_cls: 0.0009  loss_rpn_bbox: 0.0084  loss_cls: 0.0324  acc: 98.4070  loss_bbox: 0.0201
2026/03/27 14:03:57 - mmengine - INFO - Exp name: dynamic_rcnn_r50_fpn_ruod_80e_pretrained_20260327_101611
2026/03/27 14:04:37 - mmengine - INFO - Epoch(train) [68][ 50/245]  lr: 2.0000e-03  eta: 0:40:17  time: 0.7946  data_time: 0.0120  memory: 18573  loss: 0.0630  loss_rpn_cls: 0.0009  loss_rpn_bbox: 0.0086  loss_cls: 0.0328  acc: 98.5718  loss_bbox: 0.0207
2026/03/27 14:05:16 - mmengine - INFO - Epoch(train) [68][100/245]  lr: 2.0000e-03  eta: 0:39:38  time: 0.7786  data_time: 0.0114  memory: 18573  loss: 0.0582  loss_rpn_cls: 0.0009  loss_rpn_bbox: 0.0079  loss_cls: 0.0303  acc: 98.9136  loss_bbox: 0.0190
2026/03/27 14:05:54 - mmengine - INFO - Epoch(train) [68][150/245]  lr: 2.0000e-03  eta: 0:39:00  time: 0.7507  data_time: 0.0032  memory: 18573  loss: 0.0577  loss_rpn_cls: 0.0008  loss_rpn_bbox: 0.0079  loss_cls: 0.0299  acc: 99.0540  loss_bbox: 0.0190
2026/03/27 14:06:31 - mmengine - INFO - Epoch(train) [68][200/245]  lr: 2.0000e-03  eta: 0:38:21  time: 0.7586  data_time: 0.0026  memory: 18573  loss: 0.0606  loss_rpn_cls: 0.0009  loss_rpn_bbox: 0.0081  loss_cls: 0.0319  acc: 98.5352  loss_bbox: 0.0197
2026/03/27 14:07:05 - mmengine - INFO - Exp name: dynamic_rcnn_r50_fpn_ruod_80e_pretrained_20260327_101611
2026/03/27 14:07:07 - mmengine - INFO - Epoch(val) [68][ 50/490]    eta: 0:00:22  time: 0.0510  data_time: 0.0061  memory: 18573  
2026/03/27 14:07:10 - mmengine - INFO - Epoch(val) [68][100/490]    eta: 0:00:19  time: 0.0483  data_time: 0.0042  memory: 810  
2026/03/27 14:07:12 - mmengine - INFO - Epoch(val) [68][150/490]    eta: 0:00:17  time: 0.0516  data_time: 0.0051  memory: 879  
2026/03/27 14:07:15 - mmengine - INFO - Epoch(val) [68][200/490]    eta: 0:00:14  time: 0.0535  data_time: 0.0048  memory: 879  
2026/03/27 14:07:18 - mmengine - INFO - Epoch(val) [68][250/490]    eta: 0:00:12  time: 0.0530  data_time: 0.0046  memory: 879  
2026/03/27 14:07:20 - mmengine - INFO - Epoch(val) [68][300/490]    eta: 0:00:09  time: 0.0523  data_time: 0.0048  memory: 879  
2026/03/27 14:07:23 - mmengine - INFO - Epoch(val) [68][350/490]    eta: 0:00:07  time: 0.0517  data_time: 0.0044  memory: 879  
2026/03/27 14:07:26 - mmengine - INFO - Epoch(val) [68][400/490]    eta: 0:00:04  time: 0.0527  data_time: 0.0047  memory: 879  
2026/03/27 14:07:28 - mmengine - INFO - Epoch(val) [68][450/490]    eta: 0:00:02  time: 0.0544  data_time: 0.0052  memory: 879  
2026/03/27 14:07:31 - mmengine - INFO - Evaluating bbox...
2026/03/27 14:07:33 - mmengine - INFO - bbox_mAP_copypaste: 0.501 0.743 0.545 0.099 0.365 0.569
2026/03/27 14:07:33 - mmengine - INFO - Epoch(val) [68][490/490]    coco/bbox_mAP: 0.5010  coco/bbox_mAP_50: 0.7430  coco/bbox_mAP_75: 0.5450  coco/bbox_mAP_s: 0.0990  coco/bbox_mAP_m: 0.3650  coco/bbox_mAP_l: 0.5690  data_time: 0.0049  time: 0.0525
2026/03/27 14:08:11 - mmengine - INFO - Epoch(train) [69][ 50/245]  lr: 2.0000e-03  eta: 0:37:07  time: 0.7578  data_time: 0.0126  memory: 18573  loss: 0.0574  loss_rpn_cls: 0.0007  loss_rpn_bbox: 0.0077  loss_cls: 0.0306  acc: 98.5718  loss_bbox: 0.0185
2026/03/27 14:08:48 - mmengine - INFO - Epoch(train) [69][100/245]  lr: 2.0000e-03  eta: 0:36:29  time: 0.7423  data_time: 0.0024  memory: 18573  loss: 0.0597  loss_rpn_cls: 0.0008  loss_rpn_bbox: 0.0083  loss_cls: 0.0313  acc: 99.1150  loss_bbox: 0.0192
2026/03/27 14:09:25 - mmengine - INFO - Epoch(train) [69][150/245]  lr: 2.0000e-03  eta: 0:35:50  time: 0.7381  data_time: 0.0029  memory: 18573  loss: 0.0600  loss_rpn_cls: 0.0008  loss_rpn_bbox: 0.0082  loss_cls: 0.0312  acc: 98.5718  loss_bbox: 0.0197
2026/03/27 14:10:02 - mmengine - INFO - Epoch(train) [69][200/245]  lr: 2.0000e-03  eta: 0:35:11  time: 0.7440  data_time: 0.0026  memory: 18574  loss: 0.0614  loss_rpn_cls: 0.0008  loss_rpn_bbox: 0.0084  loss_cls: 0.0320  acc: 98.5352  loss_bbox: 0.0203
2026/03/27 14:10:35 - mmengine - INFO - Exp name: dynamic_rcnn_r50_fpn_ruod_80e_pretrained_20260327_101611
2026/03/27 14:11:14 - mmengine - INFO - Epoch(train) [70][ 50/245]  lr: 2.0000e-03  eta: 0:33:58  time: 0.7770  data_time: 0.0148  memory: 18573  loss: 0.0556  loss_rpn_cls: 0.0007  loss_rpn_bbox: 0.0078  loss_cls: 0.0294  acc: 98.7549  loss_bbox: 0.0177
2026/03/27 14:11:48 - mmengine - INFO - Exp name: dynamic_rcnn_r50_fpn_ruod_80e_pretrained_20260327_101611
2026/03/27 14:11:52 - mmengine - INFO - Epoch(train) [70][100/245]  lr: 2.0000e-03  eta: 0:33:19  time: 0.7542  data_time: 0.0023  memory: 18573  loss: 0.0575  loss_rpn_cls: 0.0008  loss_rpn_bbox: 0.0078  loss_cls: 0.0303  acc: 98.1689  loss_bbox: 0.0186
2026/03/27 14:12:30 - mmengine - INFO - Epoch(train) [70][150/245]  lr: 2.0000e-03  eta: 0:32:40  time: 0.7589  data_time: 0.0024  memory: 18573  loss: 0.0591  loss_rpn_cls: 0.0008  loss_rpn_bbox: 0.0083  loss_cls: 0.0311  acc: 98.4802  loss_bbox: 0.0189
2026/03/27 14:13:07 - mmengine - INFO - Epoch(train) [70][200/245]  lr: 2.0000e-03  eta: 0:32:02  time: 0.7518  data_time: 0.0026  memory: 18573  loss: 0.0620  loss_rpn_cls: 0.0008  loss_rpn_bbox: 0.0086  loss_cls: 0.0326  acc: 98.9014  loss_bbox: 0.0201
2026/03/27 14:13:41 - mmengine - INFO - Exp name: dynamic_rcnn_r50_fpn_ruod_80e_pretrained_20260327_101611
2026/03/27 14:13:43 - mmengine - INFO - Epoch(val) [70][ 50/490]    eta: 0:00:23  time: 0.0531  data_time: 0.0069  memory: 18573  
2026/03/27 14:13:46 - mmengine - INFO - Epoch(val) [70][100/490]    eta: 0:00:20  time: 0.0499  data_time: 0.0047  memory: 810  
2026/03/27 14:13:49 - mmengine - INFO - Epoch(val) [70][150/490]    eta: 0:00:17  time: 0.0524  data_time: 0.0052  memory: 879  
2026/03/27 14:13:51 - mmengine - INFO - Epoch(val) [70][200/490]    eta: 0:00:15  time: 0.0553  data_time: 0.0052  memory: 879  
2026/03/27 14:13:54 - mmengine - INFO - Epoch(val) [70][250/490]    eta: 0:00:12  time: 0.0585  data_time: 0.0055  memory: 879  
2026/03/27 14:13:57 - mmengine - INFO - Epoch(val) [70][300/490]    eta: 0:00:10  time: 0.0534  data_time: 0.0051  memory: 879  
2026/03/27 14:14:00 - mmengine - INFO - Epoch(val) [70][350/490]    eta: 0:00:07  time: 0.0534  data_time: 0.0047  memory: 879  
2026/03/27 14:14:02 - mmengine - INFO - Epoch(val) [70][400/490]    eta: 0:00:04  time: 0.0535  data_time: 0.0048  memory: 879  
2026/03/27 14:14:05 - mmengine - INFO - Epoch(val) [70][450/490]    eta: 0:00:02  time: 0.0546  data_time: 0.0049  memory: 879  
2026/03/27 14:14:07 - mmengine - INFO - Evaluating bbox...
2026/03/27 14:14:09 - mmengine - INFO - bbox_mAP_copypaste: 0.501 0.744 0.544 0.098 0.362 0.569
2026/03/27 14:14:09 - mmengine - INFO - Epoch(val) [70][490/490]    coco/bbox_mAP: 0.5010  coco/bbox_mAP_50: 0.7440  coco/bbox_mAP_75: 0.5440  coco/bbox_mAP_s: 0.0980  coco/bbox_mAP_m: 0.3620  coco/bbox_mAP_l: 0.5690  data_time: 0.0052  time: 0.0537
2026/03/27 14:14:48 - mmengine - INFO - Epoch(train) [71][ 50/245]  lr: 2.0000e-03  eta: 0:30:48  time: 0.7671  data_time: 0.0145  memory: 18573  loss: 0.0582  loss_rpn_cls: 0.0009  loss_rpn_bbox: 0.0083  loss_cls: 0.0304  acc: 98.2544  loss_bbox: 0.0186
2026/03/27 14:15:25 - mmengine - INFO - Epoch(train) [71][100/245]  lr: 2.0000e-03  eta: 0:30:10  time: 0.7444  data_time: 0.0026  memory: 18573  loss: 0.0593  loss_rpn_cls: 0.0008  loss_rpn_bbox: 0.0080  loss_cls: 0.0314  acc: 98.6694  loss_bbox: 0.0191
2026/03/27 14:16:03 - mmengine - INFO - Epoch(train) [71][150/245]  lr: 2.0000e-03  eta: 0:29:31  time: 0.7538  data_time: 0.0027  memory: 18573  loss: 0.0567  loss_rpn_cls: 0.0007  loss_rpn_bbox: 0.0079  loss_cls: 0.0299  acc: 99.0112  loss_bbox: 0.0182
2026/03/27 14:16:41 - mmengine - INFO - Epoch(train) [71][200/245]  lr: 2.0000e-03  eta: 0:28:52  time: 0.7597  data_time: 0.0026  memory: 18573  loss: 0.0579  loss_rpn_cls: 0.0008  loss_rpn_bbox: 0.0081  loss_cls: 0.0302  acc: 98.6389  loss_bbox: 0.0188
2026/03/27 14:17:14 - mmengine - INFO - Exp name: dynamic_rcnn_r50_fpn_ruod_80e_pretrained_20260327_101611
2026/03/27 14:17:53 - mmengine - INFO - Epoch(train) [72][ 50/245]  lr: 2.0000e-03  eta: 0:27:39  time: 0.7766  data_time: 0.0139  memory: 18573  loss: 0.0597  loss_rpn_cls: 0.0008  loss_rpn_bbox: 0.0086  loss_cls: 0.0311  acc: 98.8770  loss_bbox: 0.0193
2026/03/27 14:18:30 - mmengine - INFO - Epoch(train) [72][100/245]  lr: 2.0000e-03  eta: 0:27:00  time: 0.7475  data_time: 0.0021  memory: 18573  loss: 0.0558  loss_rpn_cls: 0.0008  loss_rpn_bbox: 0.0077  loss_cls: 0.0296  acc: 99.1394  loss_bbox: 0.0177
2026/03/27 14:19:08 - mmengine - INFO - Epoch(train) [72][150/245]  lr: 2.0000e-03  eta: 0:26:22  time: 0.7560  data_time: 0.0024  memory: 18573  loss: 0.0555  loss_rpn_cls: 0.0008  loss_rpn_bbox: 0.0078  loss_cls: 0.0292  acc: 99.0967  loss_bbox: 0.0178
2026/03/27 14:19:46 - mmengine - INFO - Epoch(train) [72][200/245]  lr: 2.0000e-03  eta: 0:25:43  time: 0.7633  data_time: 0.0023  memory: 18573  loss: 0.0566  loss_rpn_cls: 0.0008  loss_rpn_bbox: 0.0078  loss_cls: 0.0298  acc: 98.3948  loss_bbox: 0.0181
2026/03/27 14:20:20 - mmengine - INFO - Exp name: dynamic_rcnn_r50_fpn_ruod_80e_pretrained_20260327_101611
2026/03/27 14:20:23 - mmengine - INFO - Epoch(val) [72][ 50/490]    eta: 0:00:22  time: 0.0522  data_time: 0.0066  memory: 18573  
2026/03/27 14:20:25 - mmengine - INFO - Epoch(val) [72][100/490]    eta: 0:00:19  time: 0.0499  data_time: 0.0046  memory: 811  
2026/03/27 14:20:28 - mmengine - INFO - Epoch(val) [72][150/490]    eta: 0:00:17  time: 0.0507  data_time: 0.0049  memory: 879  
2026/03/27 14:20:30 - mmengine - INFO - Epoch(val) [72][200/490]    eta: 0:00:14  time: 0.0541  data_time: 0.0046  memory: 879  
2026/03/27 14:20:33 - mmengine - INFO - Epoch(val) [72][250/490]    eta: 0:00:12  time: 0.0533  data_time: 0.0046  memory: 879  
2026/03/27 14:20:36 - mmengine - INFO - Epoch(val) [72][300/490]    eta: 0:00:09  time: 0.0543  data_time: 0.0053  memory: 879  
2026/03/27 14:20:38 - mmengine - INFO - Epoch(val) [72][350/490]    eta: 0:00:07  time: 0.0536  data_time: 0.0050  memory: 879  
2026/03/27 14:20:41 - mmengine - INFO - Epoch(val) [72][400/490]    eta: 0:00:04  time: 0.0538  data_time: 0.0050  memory: 879  
2026/03/27 14:20:44 - mmengine - INFO - Epoch(val) [72][450/490]    eta: 0:00:02  time: 0.0543  data_time: 0.0050  memory: 879  
2026/03/27 14:20:46 - mmengine - INFO - Evaluating bbox...
2026/03/27 14:20:48 - mmengine - INFO - bbox_mAP_copypaste: 0.500 0.744 0.545 0.098 0.365 0.567
2026/03/27 14:20:48 - mmengine - INFO - Epoch(val) [72][490/490]    coco/bbox_mAP: 0.5000  coco/bbox_mAP_50: 0.7440  coco/bbox_mAP_75: 0.5450  coco/bbox_mAP_s: 0.0980  coco/bbox_mAP_m: 0.3650  coco/bbox_mAP_l: 0.5670  data_time: 0.0050  time: 0.0529
