2026/03/26 12:41:04 - mmengine - INFO - 
------------------------------------------------------------
System environment:
    sys.platform: linux
    Python: 3.11.10 (main, Sep  7 2024, 18:35:41) [GCC 11.4.0]
    CUDA available: True
    MUSA available: False
    numpy_random_seed: 0
    GPU 0: NVIDIA A100-SXM4-80GB
    CUDA_HOME: /usr/local/cuda
    NVCC: Cuda compilation tools, release 12.4, V12.4.131
    GCC: x86_64-linux-gnu-gcc (Ubuntu 11.4.0-1ubuntu1~22.04) 11.4.0
    PyTorch: 2.1.0+cu121
    PyTorch compiling details: PyTorch built with:
  - GCC 9.3
  - C++ Version: 201703
  - Intel(R) oneAPI Math Kernel Library Version 2022.2-Product Build 20220804 for Intel(R) 64 architecture applications
  - Intel(R) MKL-DNN v3.1.1 (Git Hash 64f6bcbcbab628e96f33a62c3e975f8535a7bde4)
  - OpenMP 201511 (a.k.a. OpenMP 4.5)
  - LAPACK is enabled (usually provided by MKL)
  - NNPACK is enabled
  - CPU capability usage: AVX2
  - CUDA Runtime 12.1
  - NVCC architecture flags: -gencode;arch=compute_50,code=sm_50;-gencode;arch=compute_60,code=sm_60;-gencode;arch=compute_70,code=sm_70;-gencode;arch=compute_75,code=sm_75;-gencode;arch=compute_80,code=sm_80;-gencode;arch=compute_86,code=sm_86;-gencode;arch=compute_90,code=sm_90
  - CuDNN 8.9.2
  - Magma 2.6.1
  - Build settings: BLAS_INFO=mkl, BUILD_TYPE=Release, CUDA_VERSION=12.1, CUDNN_VERSION=8.9.2, CXX_COMPILER=/opt/rh/devtoolset-9/root/usr/bin/c++, CXX_FLAGS= -D_GLIBCXX_USE_CXX11_ABI=0 -fabi-version=11 -fvisibility-inlines-hidden -DUSE_PTHREADPOOL -DNDEBUG -DUSE_KINETO -DLIBKINETO_NOROCTRACER -DUSE_FBGEMM -DUSE_QNNPACK -DUSE_PYTORCH_QNNPACK -DUSE_XNNPACK -DSYMBOLICATE_MOBILE_DEBUG_HANDLE -O2 -fPIC -Wall -Wextra -Werror=return-type -Werror=non-virtual-dtor -Werror=bool-operation -Wnarrowing -Wno-missing-field-initializers -Wno-type-limits -Wno-array-bounds -Wno-unknown-pragmas -Wno-unused-parameter -Wno-unused-function -Wno-unused-result -Wno-strict-overflow -Wno-strict-aliasing -Wno-stringop-overflow -Wno-psabi -Wno-error=pedantic -Wno-error=old-style-cast -Wno-invalid-partial-specialization -Wno-unused-private-field -Wno-aligned-allocation-unavailable -Wno-missing-braces -fdiagnostics-color=always -faligned-new -Wno-unused-but-set-variable -Wno-maybe-uninitialized -fno-math-errno -fno-trapping-math -Werror=format -Werror=cast-function-type -Wno-stringop-overflow, LAPACK_INFO=mkl, PERF_WITH_AVX=1, PERF_WITH_AVX2=1, PERF_WITH_AVX512=1, TORCH_DISABLE_GPU_ASSERTS=ON, TORCH_VERSION=2.1.0, USE_CUDA=ON, USE_CUDNN=ON, USE_EXCEPTION_PTR=1, USE_GFLAGS=OFF, USE_GLOG=OFF, USE_MKL=ON, USE_MKLDNN=ON, USE_MPI=OFF, USE_NCCL=1, USE_NNPACK=ON, USE_OPENMP=ON, USE_ROCM=OFF, 

    TorchVision: 0.16.0+cu121
    OpenCV: 4.11.0
    MMEngine: 0.10.7

Runtime environment:
    cudnn_benchmark: False
    mp_cfg: {'mp_start_method': 'fork', 'opencv_num_threads': 0}
    dist_cfg: {'backend': 'nccl'}
    seed: 0
    deterministic: False
    Distributed launcher: none
    Distributed training: False
    GPU number: 1
------------------------------------------------------------

2026/03/26 12:41:05 - mmengine - INFO - Config:
auto_scale_lr = dict(base_batch_size=16, enable=False)
backend_args = None
classes = (
    'human-body',
    'ball',
    'circle-cage',
    'square-cage',
    'tyre',
    'metal-bucket',
    'cube',
    'cylinder',
    'plane',
    'rov',
)
data_root = '../data-processing/sonar/UATD/processed/'
dataset_type = 'CocoDataset'
default_hooks = dict(
    checkpoint=dict(
        interval=-1,
        max_keep_ckpts=1,
        rule='greater',
        save_best='coco/bbox_mAP',
        save_last=True,
        type='CheckpointHook'),
    logger=dict(interval=50, type='LoggerHook'),
    param_scheduler=dict(type='ParamSchedulerHook'),
    sampler_seed=dict(type='DistSamplerSeedHook'),
    timer=dict(type='IterTimerHook'),
    visualization=dict(type='DetVisualizationHook'))
default_scope = 'mmdet'
env_cfg = dict(
    cudnn_benchmark=False,
    dist_cfg=dict(backend='nccl'),
    mp_cfg=dict(mp_start_method='fork', opencv_num_threads=0))
launcher = 'none'
load_from = 'https://download.openmmlab.com/mmdetection/v3.0/detr/detr_r50_8xb2-150e_coco/detr_r50_8xb2-150e_coco_20221023_153551-436d03e8.pth'
log_level = 'INFO'
log_processor = dict(by_epoch=True, type='LogProcessor', window_size=50)
metainfo = dict(
    classes=(
        'human-body',
        'ball',
        'circle-cage',
        'square-cage',
        'tyre',
        'metal-bucket',
        'cube',
        'cylinder',
        'plane',
        'rov',
    ))
model = dict(
    backbone=dict(
        depth=50,
        frozen_stages=1,
        init_cfg=dict(checkpoint='torchvision://resnet50', type='Pretrained'),
        norm_cfg=dict(requires_grad=False, type='BN'),
        norm_eval=True,
        num_stages=4,
        out_indices=(3, ),
        style='pytorch',
        type='ResNet'),
    bbox_head=dict(
        embed_dims=256,
        loss_bbox=dict(loss_weight=5.0, type='L1Loss'),
        loss_cls=dict(
            bg_cls_weight=0.1,
            class_weight=1.0,
            loss_weight=1.0,
            type='CrossEntropyLoss',
            use_sigmoid=False),
        loss_iou=dict(loss_weight=2.0, type='GIoULoss'),
        num_classes=10,
        type='DETRHead'),
    data_preprocessor=dict(
        bgr_to_rgb=True,
        mean=[
            123.675,
            116.28,
            103.53,
        ],
        pad_size_divisor=1,
        std=[
            58.395,
            57.12,
            57.375,
        ],
        type='DetDataPreprocessor'),
    decoder=dict(
        layer_cfg=dict(
            cross_attn_cfg=dict(
                batch_first=True, dropout=0.1, embed_dims=256, num_heads=8),
            ffn_cfg=dict(
                act_cfg=dict(inplace=True, type='ReLU'),
                embed_dims=256,
                feedforward_channels=2048,
                ffn_drop=0.1,
                num_fcs=2),
            self_attn_cfg=dict(
                batch_first=True, dropout=0.1, embed_dims=256, num_heads=8)),
        num_layers=6,
        return_intermediate=True),
    encoder=dict(
        layer_cfg=dict(
            ffn_cfg=dict(
                act_cfg=dict(inplace=True, type='ReLU'),
                embed_dims=256,
                feedforward_channels=2048,
                ffn_drop=0.1,
                num_fcs=2),
            self_attn_cfg=dict(
                batch_first=True, dropout=0.1, embed_dims=256, num_heads=8)),
        num_layers=6),
    neck=dict(
        act_cfg=None,
        in_channels=[
            2048,
        ],
        kernel_size=1,
        norm_cfg=None,
        num_outs=1,
        out_channels=256,
        type='ChannelMapper'),
    num_queries=100,
    positional_encoding=dict(normalize=True, num_feats=128),
    test_cfg=dict(max_per_img=100),
    train_cfg=dict(
        assigner=dict(
            match_costs=[
                dict(type='ClassificationCost', weight=1.0),
                dict(box_format='xywh', type='BBoxL1Cost', weight=5.0),
                dict(iou_mode='giou', type='IoUCost', weight=2.0),
            ],
            type='HungarianAssigner')),
    type='DETR')
num_classes = 10
optim_wrapper = dict(
    clip_grad=dict(max_norm=0.1, norm_type=2),
    optimizer=dict(lr=0.0001, type='AdamW', weight_decay=0.0001),
    paramwise_cfg=dict(custom_keys=dict(backbone=dict(lr_mult=0.1))),
    type='AmpOptimWrapper')
param_scheduler = [
    dict(
        begin=0,
        by_epoch=True,
        end=3,
        end_factor=1.0,
        start_factor=0.1,
        type='LinearLR'),
    dict(
        begin=3,
        by_epoch=True,
        end=80,
        end_factor=0.01,
        start_factor=1.0,
        type='LinearLR'),
]
randomness = dict(deterministic=False, seed=0)
resume = False
test_cfg = dict(type='TestLoop')
test_dataloader = dict(
    batch_size=1,
    dataset=dict(
        ann_file='annotations/test.json',
        backend_args=None,
        data_prefix=dict(img='images/test/'),
        data_root='../data-processing/sonar/UATD/processed/',
        metainfo=dict(
            classes=(
                'human-body',
                'ball',
                'circle-cage',
                'square-cage',
                'tyre',
                'metal-bucket',
                'cube',
                'cylinder',
                'plane',
                'rov',
            )),
        pipeline=[
            dict(backend_args=None, type='LoadImageFromFile'),
            dict(keep_ratio=True, scale=(
                640,
                640,
            ), type='Resize'),
            dict(type='LoadAnnotations', with_bbox=True),
            dict(
                meta_keys=(
                    'img_id',
                    'img_path',
                    'ori_shape',
                    'img_shape',
                    'scale_factor',
                ),
                type='PackDetInputs'),
        ],
        test_mode=True,
        type='CocoDataset'),
    drop_last=False,
    num_workers=2,
    persistent_workers=True,
    sampler=dict(shuffle=False, type='DefaultSampler'))
test_evaluator = dict(
    ann_file='../data-processing/sonar/UATD/processed/annotations/test.json',
    backend_args=None,
    format_only=False,
    metric='bbox',
    type='CocoMetric')
test_pipeline = [
    dict(backend_args=None, type='LoadImageFromFile'),
    dict(keep_ratio=True, scale=(
        640,
        640,
    ), type='Resize'),
    dict(type='LoadAnnotations', with_bbox=True),
    dict(
        meta_keys=(
            'img_id',
            'img_path',
            'ori_shape',
            'img_shape',
            'scale_factor',
        ),
        type='PackDetInputs'),
]
train_cfg = dict(max_epochs=80, type='EpochBasedTrainLoop', val_interval=2)
train_dataloader = dict(
    batch_sampler=dict(type='AspectRatioBatchSampler'),
    batch_size=32,
    dataset=dict(
        ann_file='annotations/train.json',
        backend_args=None,
        data_prefix=dict(img='images/train/'),
        data_root='../data-processing/sonar/UATD/processed/',
        filter_cfg=dict(filter_empty_gt=False),
        metainfo=dict(
            classes=(
                'human-body',
                'ball',
                'circle-cage',
                'square-cage',
                'tyre',
                'metal-bucket',
                'cube',
                'cylinder',
                'plane',
                'rov',
            )),
        pipeline=[
            dict(backend_args=None, type='LoadImageFromFile'),
            dict(type='LoadAnnotations', with_bbox=True),
            dict(keep_ratio=True, scale=(
                640,
                640,
            ), type='Resize'),
            dict(prob=0.5, type='RandomFlip'),
            dict(type='PackDetInputs'),
        ],
        type='CocoDataset'),
    num_workers=8,
    persistent_workers=True,
    pin_memory=True,
    prefetch_factor=4,
    sampler=dict(shuffle=True, type='DefaultSampler'))
train_pipeline = [
    dict(backend_args=None, type='LoadImageFromFile'),
    dict(type='LoadAnnotations', with_bbox=True),
    dict(keep_ratio=True, scale=(
        640,
        640,
    ), type='Resize'),
    dict(prob=0.5, type='RandomFlip'),
    dict(type='PackDetInputs'),
]
val_cfg = dict(type='ValLoop')
val_dataloader = dict(
    batch_size=8,
    dataset=dict(
        ann_file='annotations/val.json',
        backend_args=None,
        data_prefix=dict(img='images/val/'),
        data_root='../data-processing/sonar/UATD/processed/',
        metainfo=dict(
            classes=(
                'human-body',
                'ball',
                'circle-cage',
                'square-cage',
                'tyre',
                'metal-bucket',
                'cube',
                'cylinder',
                'plane',
                'rov',
            )),
        pipeline=[
            dict(backend_args=None, type='LoadImageFromFile'),
            dict(keep_ratio=True, scale=(
                640,
                640,
            ), type='Resize'),
            dict(type='LoadAnnotations', with_bbox=True),
            dict(
                meta_keys=(
                    'img_id',
                    'img_path',
                    'ori_shape',
                    'img_shape',
                    'scale_factor',
                ),
                type='PackDetInputs'),
        ],
        test_mode=True,
        type='CocoDataset'),
    drop_last=False,
    num_workers=4,
    persistent_workers=True,
    sampler=dict(shuffle=False, type='DefaultSampler'))
val_evaluator = dict(
    ann_file='../data-processing/sonar/UATD/processed/annotations/val.json',
    backend_args=None,
    format_only=False,
    metric='bbox',
    type='CocoMetric')
vis_backends = [
    dict(type='LocalVisBackend'),
]
visualizer = dict(
    name='visualizer',
    type='DetLocalVisualizer',
    vis_backends=[
        dict(type='LocalVisBackend'),
    ])
work_dir = '../runs/mmdet/uatd/detr_r50_uatd_80e_pretrained'

2026/03/26 12:41:10 - mmengine - INFO - Distributed training is not used, all SyncBatchNorm (SyncBN) layers in the model will be automatically reverted to BatchNormXd layers if they are used.
2026/03/26 12:41:10 - mmengine - INFO - Hooks will be executed in the following order:
before_run:
(VERY_HIGH   ) RuntimeInfoHook                    
(BELOW_NORMAL) LoggerHook                         
 -------------------- 
before_train:
(VERY_HIGH   ) RuntimeInfoHook                    
(NORMAL      ) IterTimerHook                      
(VERY_LOW    ) CheckpointHook                     
 -------------------- 
before_train_epoch:
(VERY_HIGH   ) RuntimeInfoHook                    
(NORMAL      ) IterTimerHook                      
(NORMAL      ) DistSamplerSeedHook                
 -------------------- 
before_train_iter:
(VERY_HIGH   ) RuntimeInfoHook                    
(NORMAL      ) IterTimerHook                      
 -------------------- 
after_train_iter:
(VERY_HIGH   ) RuntimeInfoHook                    
(NORMAL      ) IterTimerHook                      
(BELOW_NORMAL) LoggerHook                         
(LOW         ) ParamSchedulerHook                 
(VERY_LOW    ) CheckpointHook                     
 -------------------- 
after_train_epoch:
(NORMAL      ) IterTimerHook                      
(LOW         ) ParamSchedulerHook                 
(VERY_LOW    ) CheckpointHook                     
 -------------------- 
before_val:
(VERY_HIGH   ) RuntimeInfoHook                    
 -------------------- 
before_val_epoch:
(NORMAL      ) IterTimerHook                      
 -------------------- 
before_val_iter:
(NORMAL      ) IterTimerHook                      
 -------------------- 
after_val_iter:
(NORMAL      ) IterTimerHook                      
(NORMAL      ) DetVisualizationHook               
(BELOW_NORMAL) LoggerHook                         
 -------------------- 
after_val_epoch:
(VERY_HIGH   ) RuntimeInfoHook                    
(NORMAL      ) IterTimerHook                      
(BELOW_NORMAL) LoggerHook                         
(LOW         ) ParamSchedulerHook                 
(VERY_LOW    ) CheckpointHook                     
 -------------------- 
after_val:
(VERY_HIGH   ) RuntimeInfoHook                    
 -------------------- 
after_train:
(VERY_HIGH   ) RuntimeInfoHook                    
(VERY_LOW    ) CheckpointHook                     
 -------------------- 
before_test:
(VERY_HIGH   ) RuntimeInfoHook                    
 -------------------- 
before_test_epoch:
(NORMAL      ) IterTimerHook                      
 -------------------- 
before_test_iter:
(NORMAL      ) IterTimerHook                      
 -------------------- 
after_test_iter:
(NORMAL      ) IterTimerHook                      
(NORMAL      ) DetVisualizationHook               
(BELOW_NORMAL) LoggerHook                         
 -------------------- 
after_test_epoch:
(VERY_HIGH   ) RuntimeInfoHook                    
(NORMAL      ) IterTimerHook                      
(BELOW_NORMAL) LoggerHook                         
 -------------------- 
after_test:
(VERY_HIGH   ) RuntimeInfoHook                    
 -------------------- 
after_run:
(BELOW_NORMAL) LoggerHook                         
 -------------------- 
2026/03/26 12:41:11 - mmengine - WARNING - backbone.conv1.weight is skipped since its requires_grad=False
2026/03/26 12:41:11 - mmengine - WARNING - backbone.bn1.weight is skipped since its requires_grad=False
2026/03/26 12:41:11 - mmengine - WARNING - backbone.bn1.bias is skipped since its requires_grad=False
2026/03/26 12:41:11 - mmengine - WARNING - backbone.layer1.0.conv1.weight is skipped since its requires_grad=False
2026/03/26 12:41:11 - mmengine - WARNING - backbone.layer1.0.bn1.weight is skipped since its requires_grad=False
2026/03/26 12:41:11 - mmengine - WARNING - backbone.layer1.0.bn1.bias is skipped since its requires_grad=False
2026/03/26 12:41:11 - mmengine - WARNING - backbone.layer1.0.conv2.weight is skipped since its requires_grad=False
2026/03/26 12:41:11 - mmengine - WARNING - backbone.layer1.0.bn2.weight is skipped since its requires_grad=False
2026/03/26 12:41:11 - mmengine - WARNING - backbone.layer1.0.bn2.bias is skipped since its requires_grad=False
2026/03/26 12:41:11 - mmengine - WARNING - backbone.layer1.0.conv3.weight is skipped since its requires_grad=False
2026/03/26 12:41:11 - mmengine - WARNING - backbone.layer1.0.bn3.weight is skipped since its requires_grad=False
2026/03/26 12:41:11 - mmengine - WARNING - backbone.layer1.0.bn3.bias is skipped since its requires_grad=False
2026/03/26 12:41:11 - mmengine - WARNING - backbone.layer1.0.downsample.0.weight is skipped since its requires_grad=False
2026/03/26 12:41:11 - mmengine - WARNING - backbone.layer1.0.downsample.1.weight is skipped since its requires_grad=False
2026/03/26 12:41:11 - mmengine - WARNING - backbone.layer1.0.downsample.1.bias is skipped since its requires_grad=False
2026/03/26 12:41:11 - mmengine - WARNING - backbone.layer1.1.conv1.weight is skipped since its requires_grad=False
2026/03/26 12:41:11 - mmengine - WARNING - backbone.layer1.1.bn1.weight is skipped since its requires_grad=False
2026/03/26 12:41:11 - mmengine - WARNING - backbone.layer1.1.bn1.bias is skipped since its requires_grad=False
2026/03/26 12:41:11 - mmengine - WARNING - backbone.layer1.1.conv2.weight is skipped since its requires_grad=False
2026/03/26 12:41:11 - mmengine - WARNING - backbone.layer1.1.bn2.weight is skipped since its requires_grad=False
2026/03/26 12:41:11 - mmengine - WARNING - backbone.layer1.1.bn2.bias is skipped since its requires_grad=False
2026/03/26 12:41:11 - mmengine - WARNING - backbone.layer1.1.conv3.weight is skipped since its requires_grad=False
2026/03/26 12:41:11 - mmengine - WARNING - backbone.layer1.1.bn3.weight is skipped since its requires_grad=False
2026/03/26 12:41:11 - mmengine - WARNING - backbone.layer1.1.bn3.bias is skipped since its requires_grad=False
2026/03/26 12:41:11 - mmengine - WARNING - backbone.layer1.2.conv1.weight is skipped since its requires_grad=False
2026/03/26 12:41:11 - mmengine - WARNING - backbone.layer1.2.bn1.weight is skipped since its requires_grad=False
2026/03/26 12:41:11 - mmengine - WARNING - backbone.layer1.2.bn1.bias is skipped since its requires_grad=False
2026/03/26 12:41:11 - mmengine - WARNING - backbone.layer1.2.conv2.weight is skipped since its requires_grad=False
2026/03/26 12:41:11 - mmengine - WARNING - backbone.layer1.2.bn2.weight is skipped since its requires_grad=False
2026/03/26 12:41:11 - mmengine - WARNING - backbone.layer1.2.bn2.bias is skipped since its requires_grad=False
2026/03/26 12:41:11 - mmengine - WARNING - backbone.layer1.2.conv3.weight is skipped since its requires_grad=False
2026/03/26 12:41:11 - mmengine - WARNING - backbone.layer1.2.bn3.weight is skipped since its requires_grad=False
2026/03/26 12:41:11 - mmengine - WARNING - backbone.layer1.2.bn3.bias is skipped since its requires_grad=False
2026/03/26 12:41:11 - mmengine - INFO - paramwise_options -- backbone.layer2.0.conv1.weight:lr=1e-05
2026/03/26 12:41:11 - mmengine - INFO - paramwise_options -- backbone.layer2.0.conv1.weight:weight_decay=0.0001
2026/03/26 12:41:11 - mmengine - INFO - paramwise_options -- backbone.layer2.0.conv1.weight:lr_mult=0.1
2026/03/26 12:41:11 - mmengine - WARNING - backbone.layer2.0.bn1.weight is skipped since its requires_grad=False
2026/03/26 12:41:11 - mmengine - WARNING - backbone.layer2.0.bn1.bias is skipped since its requires_grad=False
2026/03/26 12:41:11 - mmengine - INFO - paramwise_options -- backbone.layer2.0.conv2.weight:lr=1e-05
2026/03/26 12:41:11 - mmengine - INFO - paramwise_options -- backbone.layer2.0.conv2.weight:weight_decay=0.0001
2026/03/26 12:41:11 - mmengine - INFO - paramwise_options -- backbone.layer2.0.conv2.weight:lr_mult=0.1
2026/03/26 12:41:11 - mmengine - WARNING - backbone.layer2.0.bn2.weight is skipped since its requires_grad=False
2026/03/26 12:41:11 - mmengine - WARNING - backbone.layer2.0.bn2.bias is skipped since its requires_grad=False
2026/03/26 12:41:11 - mmengine - INFO - paramwise_options -- backbone.layer2.0.conv3.weight:lr=1e-05
2026/03/26 12:41:11 - mmengine - INFO - paramwise_options -- backbone.layer2.0.conv3.weight:weight_decay=0.0001
2026/03/26 12:41:11 - mmengine - INFO - paramwise_options -- backbone.layer2.0.conv3.weight:lr_mult=0.1
2026/03/26 12:41:11 - mmengine - WARNING - backbone.layer2.0.bn3.weight is skipped since its requires_grad=False
2026/03/26 12:41:11 - mmengine - WARNING - backbone.layer2.0.bn3.bias is skipped since its requires_grad=False
2026/03/26 12:41:11 - mmengine - INFO - paramwise_options -- backbone.layer2.0.downsample.0.weight:lr=1e-05
2026/03/26 12:41:11 - mmengine - INFO - paramwise_options -- backbone.layer2.0.downsample.0.weight:weight_decay=0.0001
2026/03/26 12:41:11 - mmengine - INFO - paramwise_options -- backbone.layer2.0.downsample.0.weight:lr_mult=0.1
2026/03/26 12:41:11 - mmengine - WARNING - backbone.layer2.0.downsample.1.weight is skipped since its requires_grad=False
2026/03/26 12:41:11 - mmengine - WARNING - backbone.layer2.0.downsample.1.bias is skipped since its requires_grad=False
2026/03/26 12:41:11 - mmengine - INFO - paramwise_options -- backbone.layer2.1.conv1.weight:lr=1e-05
2026/03/26 12:41:11 - mmengine - INFO - paramwise_options -- backbone.layer2.1.conv1.weight:weight_decay=0.0001
2026/03/26 12:41:11 - mmengine - INFO - paramwise_options -- backbone.layer2.1.conv1.weight:lr_mult=0.1
2026/03/26 12:41:11 - mmengine - WARNING - backbone.layer2.1.bn1.weight is skipped since its requires_grad=False
2026/03/26 12:41:11 - mmengine - WARNING - backbone.layer2.1.bn1.bias is skipped since its requires_grad=False
2026/03/26 12:41:11 - mmengine - INFO - paramwise_options -- backbone.layer2.1.conv2.weight:lr=1e-05
2026/03/26 12:41:11 - mmengine - INFO - paramwise_options -- backbone.layer2.1.conv2.weight:weight_decay=0.0001
2026/03/26 12:41:11 - mmengine - INFO - paramwise_options -- backbone.layer2.1.conv2.weight:lr_mult=0.1
2026/03/26 12:41:11 - mmengine - WARNING - backbone.layer2.1.bn2.weight is skipped since its requires_grad=False
2026/03/26 12:41:11 - mmengine - WARNING - backbone.layer2.1.bn2.bias is skipped since its requires_grad=False
2026/03/26 12:41:11 - mmengine - INFO - paramwise_options -- backbone.layer2.1.conv3.weight:lr=1e-05
2026/03/26 12:41:11 - mmengine - INFO - paramwise_options -- backbone.layer2.1.conv3.weight:weight_decay=0.0001
2026/03/26 12:41:11 - mmengine - INFO - paramwise_options -- backbone.layer2.1.conv3.weight:lr_mult=0.1
2026/03/26 12:41:11 - mmengine - WARNING - backbone.layer2.1.bn3.weight is skipped since its requires_grad=False
2026/03/26 12:41:11 - mmengine - WARNING - backbone.layer2.1.bn3.bias is skipped since its requires_grad=False
2026/03/26 12:41:11 - mmengine - INFO - paramwise_options -- backbone.layer2.2.conv1.weight:lr=1e-05
2026/03/26 12:41:11 - mmengine - INFO - paramwise_options -- backbone.layer2.2.conv1.weight:weight_decay=0.0001
2026/03/26 12:41:11 - mmengine - INFO - paramwise_options -- backbone.layer2.2.conv1.weight:lr_mult=0.1
2026/03/26 12:41:11 - mmengine - WARNING - backbone.layer2.2.bn1.weight is skipped since its requires_grad=False
2026/03/26 12:41:11 - mmengine - WARNING - backbone.layer2.2.bn1.bias is skipped since its requires_grad=False
2026/03/26 12:41:11 - mmengine - INFO - paramwise_options -- backbone.layer2.2.conv2.weight:lr=1e-05
2026/03/26 12:41:11 - mmengine - INFO - paramwise_options -- backbone.layer2.2.conv2.weight:weight_decay=0.0001
2026/03/26 12:41:11 - mmengine - INFO - paramwise_options -- backbone.layer2.2.conv2.weight:lr_mult=0.1
2026/03/26 12:41:11 - mmengine - WARNING - backbone.layer2.2.bn2.weight is skipped since its requires_grad=False
2026/03/26 12:41:11 - mmengine - WARNING - backbone.layer2.2.bn2.bias is skipped since its requires_grad=False
2026/03/26 12:41:11 - mmengine - INFO - paramwise_options -- backbone.layer2.2.conv3.weight:lr=1e-05
2026/03/26 12:41:11 - mmengine - INFO - paramwise_options -- backbone.layer2.2.conv3.weight:weight_decay=0.0001
2026/03/26 12:41:11 - mmengine - INFO - paramwise_options -- backbone.layer2.2.conv3.weight:lr_mult=0.1
2026/03/26 12:41:11 - mmengine - WARNING - backbone.layer2.2.bn3.weight is skipped since its requires_grad=False
2026/03/26 12:41:11 - mmengine - WARNING - backbone.layer2.2.bn3.bias is skipped since its requires_grad=False
2026/03/26 12:41:11 - mmengine - INFO - paramwise_options -- backbone.layer2.3.conv1.weight:lr=1e-05
2026/03/26 12:41:11 - mmengine - INFO - paramwise_options -- backbone.layer2.3.conv1.weight:weight_decay=0.0001
2026/03/26 12:41:11 - mmengine - INFO - paramwise_options -- backbone.layer2.3.conv1.weight:lr_mult=0.1
2026/03/26 12:41:11 - mmengine - WARNING - backbone.layer2.3.bn1.weight is skipped since its requires_grad=False
2026/03/26 12:41:11 - mmengine - WARNING - backbone.layer2.3.bn1.bias is skipped since its requires_grad=False
2026/03/26 12:41:11 - mmengine - INFO - paramwise_options -- backbone.layer2.3.conv2.weight:lr=1e-05
2026/03/26 12:41:11 - mmengine - INFO - paramwise_options -- backbone.layer2.3.conv2.weight:weight_decay=0.0001
2026/03/26 12:41:11 - mmengine - INFO - paramwise_options -- backbone.layer2.3.conv2.weight:lr_mult=0.1
2026/03/26 12:41:11 - mmengine - WARNING - backbone.layer2.3.bn2.weight is skipped since its requires_grad=False
2026/03/26 12:41:11 - mmengine - WARNING - backbone.layer2.3.bn2.bias is skipped since its requires_grad=False
2026/03/26 12:41:11 - mmengine - INFO - paramwise_options -- backbone.layer2.3.conv3.weight:lr=1e-05
2026/03/26 12:41:11 - mmengine - INFO - paramwise_options -- backbone.layer2.3.conv3.weight:weight_decay=0.0001
2026/03/26 12:41:11 - mmengine - INFO - paramwise_options -- backbone.layer2.3.conv3.weight:lr_mult=0.1
2026/03/26 12:41:11 - mmengine - WARNING - backbone.layer2.3.bn3.weight is skipped since its requires_grad=False
2026/03/26 12:41:11 - mmengine - WARNING - backbone.layer2.3.bn3.bias is skipped since its requires_grad=False
2026/03/26 12:41:11 - mmengine - INFO - paramwise_options -- backbone.layer3.0.conv1.weight:lr=1e-05
2026/03/26 12:41:11 - mmengine - INFO - paramwise_options -- backbone.layer3.0.conv1.weight:weight_decay=0.0001
2026/03/26 12:41:11 - mmengine - INFO - paramwise_options -- backbone.layer3.0.conv1.weight:lr_mult=0.1
2026/03/26 12:41:11 - mmengine - WARNING - backbone.layer3.0.bn1.weight is skipped since its requires_grad=False
2026/03/26 12:41:11 - mmengine - WARNING - backbone.layer3.0.bn1.bias is skipped since its requires_grad=False
2026/03/26 12:41:11 - mmengine - INFO - paramwise_options -- backbone.layer3.0.conv2.weight:lr=1e-05
2026/03/26 12:41:11 - mmengine - INFO - paramwise_options -- backbone.layer3.0.conv2.weight:weight_decay=0.0001
2026/03/26 12:41:11 - mmengine - INFO - paramwise_options -- backbone.layer3.0.conv2.weight:lr_mult=0.1
2026/03/26 12:41:11 - mmengine - WARNING - backbone.layer3.0.bn2.weight is skipped since its requires_grad=False
2026/03/26 12:41:11 - mmengine - WARNING - backbone.layer3.0.bn2.bias is skipped since its requires_grad=False
2026/03/26 12:41:11 - mmengine - INFO - paramwise_options -- backbone.layer3.0.conv3.weight:lr=1e-05
2026/03/26 12:41:11 - mmengine - INFO - paramwise_options -- backbone.layer3.0.conv3.weight:weight_decay=0.0001
2026/03/26 12:41:11 - mmengine - INFO - paramwise_options -- backbone.layer3.0.conv3.weight:lr_mult=0.1
2026/03/26 12:41:11 - mmengine - WARNING - backbone.layer3.0.bn3.weight is skipped since its requires_grad=False
2026/03/26 12:41:11 - mmengine - WARNING - backbone.layer3.0.bn3.bias is skipped since its requires_grad=False
2026/03/26 12:41:11 - mmengine - INFO - paramwise_options -- backbone.layer3.0.downsample.0.weight:lr=1e-05
2026/03/26 12:41:11 - mmengine - INFO - paramwise_options -- backbone.layer3.0.downsample.0.weight:weight_decay=0.0001
2026/03/26 12:41:11 - mmengine - INFO - paramwise_options -- backbone.layer3.0.downsample.0.weight:lr_mult=0.1
2026/03/26 12:41:11 - mmengine - WARNING - backbone.layer3.0.downsample.1.weight is skipped since its requires_grad=False
2026/03/26 12:41:11 - mmengine - WARNING - backbone.layer3.0.downsample.1.bias is skipped since its requires_grad=False
2026/03/26 12:41:11 - mmengine - INFO - paramwise_options -- backbone.layer3.1.conv1.weight:lr=1e-05
2026/03/26 12:41:11 - mmengine - INFO - paramwise_options -- backbone.layer3.1.conv1.weight:weight_decay=0.0001
2026/03/26 12:41:11 - mmengine - INFO - paramwise_options -- backbone.layer3.1.conv1.weight:lr_mult=0.1
2026/03/26 12:41:11 - mmengine - WARNING - backbone.layer3.1.bn1.weight is skipped since its requires_grad=False
2026/03/26 12:41:11 - mmengine - WARNING - backbone.layer3.1.bn1.bias is skipped since its requires_grad=False
2026/03/26 12:41:11 - mmengine - INFO - paramwise_options -- backbone.layer3.1.conv2.weight:lr=1e-05
2026/03/26 12:41:11 - mmengine - INFO - paramwise_options -- backbone.layer3.1.conv2.weight:weight_decay=0.0001
2026/03/26 12:41:11 - mmengine - INFO - paramwise_options -- backbone.layer3.1.conv2.weight:lr_mult=0.1
2026/03/26 12:41:11 - mmengine - WARNING - backbone.layer3.1.bn2.weight is skipped since its requires_grad=False
2026/03/26 12:41:11 - mmengine - WARNING - backbone.layer3.1.bn2.bias is skipped since its requires_grad=False
2026/03/26 12:41:11 - mmengine - INFO - paramwise_options -- backbone.layer3.1.conv3.weight:lr=1e-05
2026/03/26 12:41:11 - mmengine - INFO - paramwise_options -- backbone.layer3.1.conv3.weight:weight_decay=0.0001
2026/03/26 12:41:11 - mmengine - INFO - paramwise_options -- backbone.layer3.1.conv3.weight:lr_mult=0.1
2026/03/26 12:41:11 - mmengine - WARNING - backbone.layer3.1.bn3.weight is skipped since its requires_grad=False
2026/03/26 12:41:11 - mmengine - WARNING - backbone.layer3.1.bn3.bias is skipped since its requires_grad=False
2026/03/26 12:41:11 - mmengine - INFO - paramwise_options -- backbone.layer3.2.conv1.weight:lr=1e-05
2026/03/26 12:41:11 - mmengine - INFO - paramwise_options -- backbone.layer3.2.conv1.weight:weight_decay=0.0001
2026/03/26 12:41:11 - mmengine - INFO - paramwise_options -- backbone.layer3.2.conv1.weight:lr_mult=0.1
2026/03/26 12:41:11 - mmengine - WARNING - backbone.layer3.2.bn1.weight is skipped since its requires_grad=False
2026/03/26 12:41:11 - mmengine - WARNING - backbone.layer3.2.bn1.bias is skipped since its requires_grad=False
2026/03/26 12:41:11 - mmengine - INFO - paramwise_options -- backbone.layer3.2.conv2.weight:lr=1e-05
2026/03/26 12:41:11 - mmengine - INFO - paramwise_options -- backbone.layer3.2.conv2.weight:weight_decay=0.0001
2026/03/26 12:41:11 - mmengine - INFO - paramwise_options -- backbone.layer3.2.conv2.weight:lr_mult=0.1
2026/03/26 12:41:11 - mmengine - WARNING - backbone.layer3.2.bn2.weight is skipped since its requires_grad=False
2026/03/26 12:41:11 - mmengine - WARNING - backbone.layer3.2.bn2.bias is skipped since its requires_grad=False
2026/03/26 12:41:11 - mmengine - INFO - paramwise_options -- backbone.layer3.2.conv3.weight:lr=1e-05
2026/03/26 12:41:11 - mmengine - INFO - paramwise_options -- backbone.layer3.2.conv3.weight:weight_decay=0.0001
2026/03/26 12:41:11 - mmengine - INFO - paramwise_options -- backbone.layer3.2.conv3.weight:lr_mult=0.1
2026/03/26 12:41:11 - mmengine - WARNING - backbone.layer3.2.bn3.weight is skipped since its requires_grad=False
2026/03/26 12:41:11 - mmengine - WARNING - backbone.layer3.2.bn3.bias is skipped since its requires_grad=False
2026/03/26 12:41:11 - mmengine - INFO - paramwise_options -- backbone.layer3.3.conv1.weight:lr=1e-05
2026/03/26 12:41:11 - mmengine - INFO - paramwise_options -- backbone.layer3.3.conv1.weight:weight_decay=0.0001
2026/03/26 12:41:11 - mmengine - INFO - paramwise_options -- backbone.layer3.3.conv1.weight:lr_mult=0.1
2026/03/26 12:41:11 - mmengine - WARNING - backbone.layer3.3.bn1.weight is skipped since its requires_grad=False
2026/03/26 12:41:11 - mmengine - WARNING - backbone.layer3.3.bn1.bias is skipped since its requires_grad=False
2026/03/26 12:41:11 - mmengine - INFO - paramwise_options -- backbone.layer3.3.conv2.weight:lr=1e-05
2026/03/26 12:41:11 - mmengine - INFO - paramwise_options -- backbone.layer3.3.conv2.weight:weight_decay=0.0001
2026/03/26 12:41:11 - mmengine - INFO - paramwise_options -- backbone.layer3.3.conv2.weight:lr_mult=0.1
2026/03/26 12:41:11 - mmengine - WARNING - backbone.layer3.3.bn2.weight is skipped since its requires_grad=False
2026/03/26 12:41:11 - mmengine - WARNING - backbone.layer3.3.bn2.bias is skipped since its requires_grad=False
2026/03/26 12:41:11 - mmengine - INFO - paramwise_options -- backbone.layer3.3.conv3.weight:lr=1e-05
2026/03/26 12:41:11 - mmengine - INFO - paramwise_options -- backbone.layer3.3.conv3.weight:weight_decay=0.0001
2026/03/26 12:41:11 - mmengine - INFO - paramwise_options -- backbone.layer3.3.conv3.weight:lr_mult=0.1
2026/03/26 12:41:11 - mmengine - WARNING - backbone.layer3.3.bn3.weight is skipped since its requires_grad=False
2026/03/26 12:41:11 - mmengine - WARNING - backbone.layer3.3.bn3.bias is skipped since its requires_grad=False
2026/03/26 12:41:11 - mmengine - INFO - paramwise_options -- backbone.layer3.4.conv1.weight:lr=1e-05
2026/03/26 12:41:11 - mmengine - INFO - paramwise_options -- backbone.layer3.4.conv1.weight:weight_decay=0.0001
2026/03/26 12:41:11 - mmengine - INFO - paramwise_options -- backbone.layer3.4.conv1.weight:lr_mult=0.1
2026/03/26 12:41:11 - mmengine - WARNING - backbone.layer3.4.bn1.weight is skipped since its requires_grad=False
2026/03/26 12:41:11 - mmengine - WARNING - backbone.layer3.4.bn1.bias is skipped since its requires_grad=False
2026/03/26 12:41:11 - mmengine - INFO - paramwise_options -- backbone.layer3.4.conv2.weight:lr=1e-05
2026/03/26 12:41:11 - mmengine - INFO - paramwise_options -- backbone.layer3.4.conv2.weight:weight_decay=0.0001
2026/03/26 12:41:11 - mmengine - INFO - paramwise_options -- backbone.layer3.4.conv2.weight:lr_mult=0.1
2026/03/26 12:41:11 - mmengine - WARNING - backbone.layer3.4.bn2.weight is skipped since its requires_grad=False
2026/03/26 12:41:11 - mmengine - WARNING - backbone.layer3.4.bn2.bias is skipped since its requires_grad=False
2026/03/26 12:41:11 - mmengine - INFO - paramwise_options -- backbone.layer3.4.conv3.weight:lr=1e-05
2026/03/26 12:41:11 - mmengine - INFO - paramwise_options -- backbone.layer3.4.conv3.weight:weight_decay=0.0001
2026/03/26 12:41:11 - mmengine - INFO - paramwise_options -- backbone.layer3.4.conv3.weight:lr_mult=0.1
2026/03/26 12:41:11 - mmengine - WARNING - backbone.layer3.4.bn3.weight is skipped since its requires_grad=False
2026/03/26 12:41:11 - mmengine - WARNING - backbone.layer3.4.bn3.bias is skipped since its requires_grad=False
2026/03/26 12:41:11 - mmengine - INFO - paramwise_options -- backbone.layer3.5.conv1.weight:lr=1e-05
2026/03/26 12:41:11 - mmengine - INFO - paramwise_options -- backbone.layer3.5.conv1.weight:weight_decay=0.0001
2026/03/26 12:41:11 - mmengine - INFO - paramwise_options -- backbone.layer3.5.conv1.weight:lr_mult=0.1
2026/03/26 12:41:11 - mmengine - WARNING - backbone.layer3.5.bn1.weight is skipped since its requires_grad=False
2026/03/26 12:41:11 - mmengine - WARNING - backbone.layer3.5.bn1.bias is skipped since its requires_grad=False
2026/03/26 12:41:11 - mmengine - INFO - paramwise_options -- backbone.layer3.5.conv2.weight:lr=1e-05
2026/03/26 12:41:11 - mmengine - INFO - paramwise_options -- backbone.layer3.5.conv2.weight:weight_decay=0.0001
2026/03/26 12:41:11 - mmengine - INFO - paramwise_options -- backbone.layer3.5.conv2.weight:lr_mult=0.1
2026/03/26 12:41:11 - mmengine - WARNING - backbone.layer3.5.bn2.weight is skipped since its requires_grad=False
2026/03/26 12:41:11 - mmengine - WARNING - backbone.layer3.5.bn2.bias is skipped since its requires_grad=False
2026/03/26 12:41:11 - mmengine - INFO - paramwise_options -- backbone.layer3.5.conv3.weight:lr=1e-05
2026/03/26 12:41:11 - mmengine - INFO - paramwise_options -- backbone.layer3.5.conv3.weight:weight_decay=0.0001
2026/03/26 12:41:11 - mmengine - INFO - paramwise_options -- backbone.layer3.5.conv3.weight:lr_mult=0.1
2026/03/26 12:41:11 - mmengine - WARNING - backbone.layer3.5.bn3.weight is skipped since its requires_grad=False
2026/03/26 12:41:11 - mmengine - WARNING - backbone.layer3.5.bn3.bias is skipped since its requires_grad=False
2026/03/26 12:41:11 - mmengine - INFO - paramwise_options -- backbone.layer4.0.conv1.weight:lr=1e-05
2026/03/26 12:41:11 - mmengine - INFO - paramwise_options -- backbone.layer4.0.conv1.weight:weight_decay=0.0001
2026/03/26 12:41:11 - mmengine - INFO - paramwise_options -- backbone.layer4.0.conv1.weight:lr_mult=0.1
2026/03/26 12:41:11 - mmengine - WARNING - backbone.layer4.0.bn1.weight is skipped since its requires_grad=False
2026/03/26 12:41:11 - mmengine - WARNING - backbone.layer4.0.bn1.bias is skipped since its requires_grad=False
2026/03/26 12:41:11 - mmengine - INFO - paramwise_options -- backbone.layer4.0.conv2.weight:lr=1e-05
2026/03/26 12:41:11 - mmengine - INFO - paramwise_options -- backbone.layer4.0.conv2.weight:weight_decay=0.0001
2026/03/26 12:41:11 - mmengine - INFO - paramwise_options -- backbone.layer4.0.conv2.weight:lr_mult=0.1
2026/03/26 12:41:11 - mmengine - WARNING - backbone.layer4.0.bn2.weight is skipped since its requires_grad=False
2026/03/26 12:41:11 - mmengine - WARNING - backbone.layer4.0.bn2.bias is skipped since its requires_grad=False
2026/03/26 12:41:11 - mmengine - INFO - paramwise_options -- backbone.layer4.0.conv3.weight:lr=1e-05
2026/03/26 12:41:11 - mmengine - INFO - paramwise_options -- backbone.layer4.0.conv3.weight:weight_decay=0.0001
2026/03/26 12:41:11 - mmengine - INFO - paramwise_options -- backbone.layer4.0.conv3.weight:lr_mult=0.1
2026/03/26 12:41:11 - mmengine - WARNING - backbone.layer4.0.bn3.weight is skipped since its requires_grad=False
2026/03/26 12:41:11 - mmengine - WARNING - backbone.layer4.0.bn3.bias is skipped since its requires_grad=False
2026/03/26 12:41:11 - mmengine - INFO - paramwise_options -- backbone.layer4.0.downsample.0.weight:lr=1e-05
2026/03/26 12:41:11 - mmengine - INFO - paramwise_options -- backbone.layer4.0.downsample.0.weight:weight_decay=0.0001
2026/03/26 12:41:11 - mmengine - INFO - paramwise_options -- backbone.layer4.0.downsample.0.weight:lr_mult=0.1
2026/03/26 12:41:11 - mmengine - WARNING - backbone.layer4.0.downsample.1.weight is skipped since its requires_grad=False
2026/03/26 12:41:11 - mmengine - WARNING - backbone.layer4.0.downsample.1.bias is skipped since its requires_grad=False
2026/03/26 12:41:11 - mmengine - INFO - paramwise_options -- backbone.layer4.1.conv1.weight:lr=1e-05
2026/03/26 12:41:11 - mmengine - INFO - paramwise_options -- backbone.layer4.1.conv1.weight:weight_decay=0.0001
2026/03/26 12:41:11 - mmengine - INFO - paramwise_options -- backbone.layer4.1.conv1.weight:lr_mult=0.1
2026/03/26 12:41:11 - mmengine - WARNING - backbone.layer4.1.bn1.weight is skipped since its requires_grad=False
2026/03/26 12:41:11 - mmengine - WARNING - backbone.layer4.1.bn1.bias is skipped since its requires_grad=False
2026/03/26 12:41:11 - mmengine - INFO - paramwise_options -- backbone.layer4.1.conv2.weight:lr=1e-05
2026/03/26 12:41:11 - mmengine - INFO - paramwise_options -- backbone.layer4.1.conv2.weight:weight_decay=0.0001
2026/03/26 12:41:11 - mmengine - INFO - paramwise_options -- backbone.layer4.1.conv2.weight:lr_mult=0.1
2026/03/26 12:41:11 - mmengine - WARNING - backbone.layer4.1.bn2.weight is skipped since its requires_grad=False
2026/03/26 12:41:11 - mmengine - WARNING - backbone.layer4.1.bn2.bias is skipped since its requires_grad=False
2026/03/26 12:41:11 - mmengine - INFO - paramwise_options -- backbone.layer4.1.conv3.weight:lr=1e-05
2026/03/26 12:41:11 - mmengine - INFO - paramwise_options -- backbone.layer4.1.conv3.weight:weight_decay=0.0001
2026/03/26 12:41:11 - mmengine - INFO - paramwise_options -- backbone.layer4.1.conv3.weight:lr_mult=0.1
2026/03/26 12:41:11 - mmengine - WARNING - backbone.layer4.1.bn3.weight is skipped since its requires_grad=False
2026/03/26 12:41:11 - mmengine - WARNING - backbone.layer4.1.bn3.bias is skipped since its requires_grad=False
2026/03/26 12:41:11 - mmengine - INFO - paramwise_options -- backbone.layer4.2.conv1.weight:lr=1e-05
2026/03/26 12:41:11 - mmengine - INFO - paramwise_options -- backbone.layer4.2.conv1.weight:weight_decay=0.0001
2026/03/26 12:41:11 - mmengine - INFO - paramwise_options -- backbone.layer4.2.conv1.weight:lr_mult=0.1
2026/03/26 12:41:11 - mmengine - WARNING - backbone.layer4.2.bn1.weight is skipped since its requires_grad=False
2026/03/26 12:41:11 - mmengine - WARNING - backbone.layer4.2.bn1.bias is skipped since its requires_grad=False
2026/03/26 12:41:11 - mmengine - INFO - paramwise_options -- backbone.layer4.2.conv2.weight:lr=1e-05
2026/03/26 12:41:11 - mmengine - INFO - paramwise_options -- backbone.layer4.2.conv2.weight:weight_decay=0.0001
2026/03/26 12:41:11 - mmengine - INFO - paramwise_options -- backbone.layer4.2.conv2.weight:lr_mult=0.1
2026/03/26 12:41:11 - mmengine - WARNING - backbone.layer4.2.bn2.weight is skipped since its requires_grad=False
2026/03/26 12:41:11 - mmengine - WARNING - backbone.layer4.2.bn2.bias is skipped since its requires_grad=False
2026/03/26 12:41:11 - mmengine - INFO - paramwise_options -- backbone.layer4.2.conv3.weight:lr=1e-05
2026/03/26 12:41:11 - mmengine - INFO - paramwise_options -- backbone.layer4.2.conv3.weight:weight_decay=0.0001
2026/03/26 12:41:11 - mmengine - INFO - paramwise_options -- backbone.layer4.2.conv3.weight:lr_mult=0.1
2026/03/26 12:41:11 - mmengine - WARNING - backbone.layer4.2.bn3.weight is skipped since its requires_grad=False
2026/03/26 12:41:11 - mmengine - WARNING - backbone.layer4.2.bn3.bias is skipped since its requires_grad=False
2026/03/26 12:41:11 - mmengine - INFO - load model from: torchvision://resnet50
2026/03/26 12:41:11 - mmengine - INFO - Loads checkpoint by torchvision backend from path: torchvision://resnet50
2026/03/26 12:41:12 - mmengine - WARNING - The model and loaded state dict do not match exactly

unexpected key in source state_dict: fc.weight, fc.bias

Name of parameter - Initialization information

backbone.conv1.weight - torch.Size([64, 3, 7, 7]): 
PretrainedInit: load from torchvision://resnet50 

backbone.bn1.weight - torch.Size([64]): 
PretrainedInit: load from torchvision://resnet50 

backbone.bn1.bias - torch.Size([64]): 
PretrainedInit: load from torchvision://resnet50 

backbone.layer1.0.conv1.weight - torch.Size([64, 64, 1, 1]): 
PretrainedInit: load from torchvision://resnet50 

backbone.layer1.0.bn1.weight - torch.Size([64]): 
PretrainedInit: load from torchvision://resnet50 

backbone.layer1.0.bn1.bias - torch.Size([64]): 
PretrainedInit: load from torchvision://resnet50 

backbone.layer1.0.conv2.weight - torch.Size([64, 64, 3, 3]): 
PretrainedInit: load from torchvision://resnet50 

backbone.layer1.0.bn2.weight - torch.Size([64]): 
PretrainedInit: load from torchvision://resnet50 

backbone.layer1.0.bn2.bias - torch.Size([64]): 
PretrainedInit: load from torchvision://resnet50 

backbone.layer1.0.conv3.weight - torch.Size([256, 64, 1, 1]): 
PretrainedInit: load from torchvision://resnet50 

backbone.layer1.0.bn3.weight - torch.Size([256]): 
PretrainedInit: load from torchvision://resnet50 

backbone.layer1.0.bn3.bias - torch.Size([256]): 
PretrainedInit: load from torchvision://resnet50 

backbone.layer1.0.downsample.0.weight - torch.Size([256, 64, 1, 1]): 
PretrainedInit: load from torchvision://resnet50 

backbone.layer1.0.downsample.1.weight - torch.Size([256]): 
PretrainedInit: load from torchvision://resnet50 

backbone.layer1.0.downsample.1.bias - torch.Size([256]): 
PretrainedInit: load from torchvision://resnet50 

backbone.layer1.1.conv1.weight - torch.Size([64, 256, 1, 1]): 
PretrainedInit: load from torchvision://resnet50 

backbone.layer1.1.bn1.weight - torch.Size([64]): 
PretrainedInit: load from torchvision://resnet50 

backbone.layer1.1.bn1.bias - torch.Size([64]): 
PretrainedInit: load from torchvision://resnet50 

backbone.layer1.1.conv2.weight - torch.Size([64, 64, 3, 3]): 
PretrainedInit: load from torchvision://resnet50 

backbone.layer1.1.bn2.weight - torch.Size([64]): 
PretrainedInit: load from torchvision://resnet50 

backbone.layer1.1.bn2.bias - torch.Size([64]): 
PretrainedInit: load from torchvision://resnet50 

backbone.layer1.1.conv3.weight - torch.Size([256, 64, 1, 1]): 
PretrainedInit: load from torchvision://resnet50 

backbone.layer1.1.bn3.weight - torch.Size([256]): 
PretrainedInit: load from torchvision://resnet50 

backbone.layer1.1.bn3.bias - torch.Size([256]): 
PretrainedInit: load from torchvision://resnet50 

backbone.layer1.2.conv1.weight - torch.Size([64, 256, 1, 1]): 
PretrainedInit: load from torchvision://resnet50 

backbone.layer1.2.bn1.weight - torch.Size([64]): 
PretrainedInit: load from torchvision://resnet50 

backbone.layer1.2.bn1.bias - torch.Size([64]): 
PretrainedInit: load from torchvision://resnet50 

backbone.layer1.2.conv2.weight - torch.Size([64, 64, 3, 3]): 
PretrainedInit: load from torchvision://resnet50 

backbone.layer1.2.bn2.weight - torch.Size([64]): 
PretrainedInit: load from torchvision://resnet50 

backbone.layer1.2.bn2.bias - torch.Size([64]): 
PretrainedInit: load from torchvision://resnet50 

backbone.layer1.2.conv3.weight - torch.Size([256, 64, 1, 1]): 
PretrainedInit: load from torchvision://resnet50 

backbone.layer1.2.bn3.weight - torch.Size([256]): 
PretrainedInit: load from torchvision://resnet50 

backbone.layer1.2.bn3.bias - torch.Size([256]): 
PretrainedInit: load from torchvision://resnet50 

backbone.layer2.0.conv1.weight - torch.Size([128, 256, 1, 1]): 
PretrainedInit: load from torchvision://resnet50 

backbone.layer2.0.bn1.weight - torch.Size([128]): 
PretrainedInit: load from torchvision://resnet50 

backbone.layer2.0.bn1.bias - torch.Size([128]): 
PretrainedInit: load from torchvision://resnet50 

backbone.layer2.0.conv2.weight - torch.Size([128, 128, 3, 3]): 
PretrainedInit: load from torchvision://resnet50 

backbone.layer2.0.bn2.weight - torch.Size([128]): 
PretrainedInit: load from torchvision://resnet50 

backbone.layer2.0.bn2.bias - torch.Size([128]): 
PretrainedInit: load from torchvision://resnet50 

backbone.layer2.0.conv3.weight - torch.Size([512, 128, 1, 1]): 
PretrainedInit: load from torchvision://resnet50 

backbone.layer2.0.bn3.weight - torch.Size([512]): 
PretrainedInit: load from torchvision://resnet50 

backbone.layer2.0.bn3.bias - torch.Size([512]): 
PretrainedInit: load from torchvision://resnet50 

backbone.layer2.0.downsample.0.weight - torch.Size([512, 256, 1, 1]): 
PretrainedInit: load from torchvision://resnet50 

backbone.layer2.0.downsample.1.weight - torch.Size([512]): 
PretrainedInit: load from torchvision://resnet50 

backbone.layer2.0.downsample.1.bias - torch.Size([512]): 
PretrainedInit: load from torchvision://resnet50 

backbone.layer2.1.conv1.weight - torch.Size([128, 512, 1, 1]): 
PretrainedInit: load from torchvision://resnet50 

backbone.layer2.1.bn1.weight - torch.Size([128]): 
PretrainedInit: load from torchvision://resnet50 

backbone.layer2.1.bn1.bias - torch.Size([128]): 
PretrainedInit: load from torchvision://resnet50 

backbone.layer2.1.conv2.weight - torch.Size([128, 128, 3, 3]): 
PretrainedInit: load from torchvision://resnet50 

backbone.layer2.1.bn2.weight - torch.Size([128]): 
PretrainedInit: load from torchvision://resnet50 

backbone.layer2.1.bn2.bias - torch.Size([128]): 
PretrainedInit: load from torchvision://resnet50 

backbone.layer2.1.conv3.weight - torch.Size([512, 128, 1, 1]): 
PretrainedInit: load from torchvision://resnet50 

backbone.layer2.1.bn3.weight - torch.Size([512]): 
PretrainedInit: load from torchvision://resnet50 

backbone.layer2.1.bn3.bias - torch.Size([512]): 
PretrainedInit: load from torchvision://resnet50 

backbone.layer2.2.conv1.weight - torch.Size([128, 512, 1, 1]): 
PretrainedInit: load from torchvision://resnet50 

backbone.layer2.2.bn1.weight - torch.Size([128]): 
PretrainedInit: load from torchvision://resnet50 

backbone.layer2.2.bn1.bias - torch.Size([128]): 
PretrainedInit: load from torchvision://resnet50 

backbone.layer2.2.conv2.weight - torch.Size([128, 128, 3, 3]): 
PretrainedInit: load from torchvision://resnet50 

backbone.layer2.2.bn2.weight - torch.Size([128]): 
PretrainedInit: load from torchvision://resnet50 

backbone.layer2.2.bn2.bias - torch.Size([128]): 
PretrainedInit: load from torchvision://resnet50 

backbone.layer2.2.conv3.weight - torch.Size([512, 128, 1, 1]): 
PretrainedInit: load from torchvision://resnet50 

backbone.layer2.2.bn3.weight - torch.Size([512]): 
PretrainedInit: load from torchvision://resnet50 

backbone.layer2.2.bn3.bias - torch.Size([512]): 
PretrainedInit: load from torchvision://resnet50 

backbone.layer2.3.conv1.weight - torch.Size([128, 512, 1, 1]): 
PretrainedInit: load from torchvision://resnet50 

backbone.layer2.3.bn1.weight - torch.Size([128]): 
PretrainedInit: load from torchvision://resnet50 

backbone.layer2.3.bn1.bias - torch.Size([128]): 
PretrainedInit: load from torchvision://resnet50 

backbone.layer2.3.conv2.weight - torch.Size([128, 128, 3, 3]): 
PretrainedInit: load from torchvision://resnet50 

backbone.layer2.3.bn2.weight - torch.Size([128]): 
PretrainedInit: load from torchvision://resnet50 

backbone.layer2.3.bn2.bias - torch.Size([128]): 
PretrainedInit: load from torchvision://resnet50 

backbone.layer2.3.conv3.weight - torch.Size([512, 128, 1, 1]): 
PretrainedInit: load from torchvision://resnet50 

backbone.layer2.3.bn3.weight - torch.Size([512]): 
PretrainedInit: load from torchvision://resnet50 

backbone.layer2.3.bn3.bias - torch.Size([512]): 
PretrainedInit: load from torchvision://resnet50 

backbone.layer3.0.conv1.weight - torch.Size([256, 512, 1, 1]): 
PretrainedInit: load from torchvision://resnet50 

backbone.layer3.0.bn1.weight - torch.Size([256]): 
PretrainedInit: load from torchvision://resnet50 

backbone.layer3.0.bn1.bias - torch.Size([256]): 
PretrainedInit: load from torchvision://resnet50 

backbone.layer3.0.conv2.weight - torch.Size([256, 256, 3, 3]): 
PretrainedInit: load from torchvision://resnet50 

backbone.layer3.0.bn2.weight - torch.Size([256]): 
PretrainedInit: load from torchvision://resnet50 

backbone.layer3.0.bn2.bias - torch.Size([256]): 
PretrainedInit: load from torchvision://resnet50 

backbone.layer3.0.conv3.weight - torch.Size([1024, 256, 1, 1]): 
PretrainedInit: load from torchvision://resnet50 

backbone.layer3.0.bn3.weight - torch.Size([1024]): 
PretrainedInit: load from torchvision://resnet50 

backbone.layer3.0.bn3.bias - torch.Size([1024]): 
PretrainedInit: load from torchvision://resnet50 

backbone.layer3.0.downsample.0.weight - torch.Size([1024, 512, 1, 1]): 
PretrainedInit: load from torchvision://resnet50 

backbone.layer3.0.downsample.1.weight - torch.Size([1024]): 
PretrainedInit: load from torchvision://resnet50 

backbone.layer3.0.downsample.1.bias - torch.Size([1024]): 
PretrainedInit: load from torchvision://resnet50 

backbone.layer3.1.conv1.weight - torch.Size([256, 1024, 1, 1]): 
PretrainedInit: load from torchvision://resnet50 

backbone.layer3.1.bn1.weight - torch.Size([256]): 
PretrainedInit: load from torchvision://resnet50 

backbone.layer3.1.bn1.bias - torch.Size([256]): 
PretrainedInit: load from torchvision://resnet50 

backbone.layer3.1.conv2.weight - torch.Size([256, 256, 3, 3]): 
PretrainedInit: load from torchvision://resnet50 

backbone.layer3.1.bn2.weight - torch.Size([256]): 
PretrainedInit: load from torchvision://resnet50 

backbone.layer3.1.bn2.bias - torch.Size([256]): 
PretrainedInit: load from torchvision://resnet50 

backbone.layer3.1.conv3.weight - torch.Size([1024, 256, 1, 1]): 
PretrainedInit: load from torchvision://resnet50 

backbone.layer3.1.bn3.weight - torch.Size([1024]): 
PretrainedInit: load from torchvision://resnet50 

backbone.layer3.1.bn3.bias - torch.Size([1024]): 
PretrainedInit: load from torchvision://resnet50 

backbone.layer3.2.conv1.weight - torch.Size([256, 1024, 1, 1]): 
PretrainedInit: load from torchvision://resnet50 

backbone.layer3.2.bn1.weight - torch.Size([256]): 
PretrainedInit: load from torchvision://resnet50 

backbone.layer3.2.bn1.bias - torch.Size([256]): 
PretrainedInit: load from torchvision://resnet50 

backbone.layer3.2.conv2.weight - torch.Size([256, 256, 3, 3]): 
PretrainedInit: load from torchvision://resnet50 

backbone.layer3.2.bn2.weight - torch.Size([256]): 
PretrainedInit: load from torchvision://resnet50 

backbone.layer3.2.bn2.bias - torch.Size([256]): 
PretrainedInit: load from torchvision://resnet50 

backbone.layer3.2.conv3.weight - torch.Size([1024, 256, 1, 1]): 
PretrainedInit: load from torchvision://resnet50 

backbone.layer3.2.bn3.weight - torch.Size([1024]): 
PretrainedInit: load from torchvision://resnet50 

backbone.layer3.2.bn3.bias - torch.Size([1024]): 
PretrainedInit: load from torchvision://resnet50 

backbone.layer3.3.conv1.weight - torch.Size([256, 1024, 1, 1]): 
PretrainedInit: load from torchvision://resnet50 

backbone.layer3.3.bn1.weight - torch.Size([256]): 
PretrainedInit: load from torchvision://resnet50 

backbone.layer3.3.bn1.bias - torch.Size([256]): 
PretrainedInit: load from torchvision://resnet50 

backbone.layer3.3.conv2.weight - torch.Size([256, 256, 3, 3]): 
PretrainedInit: load from torchvision://resnet50 

backbone.layer3.3.bn2.weight - torch.Size([256]): 
PretrainedInit: load from torchvision://resnet50 

backbone.layer3.3.bn2.bias - torch.Size([256]): 
PretrainedInit: load from torchvision://resnet50 

backbone.layer3.3.conv3.weight - torch.Size([1024, 256, 1, 1]): 
PretrainedInit: load from torchvision://resnet50 

backbone.layer3.3.bn3.weight - torch.Size([1024]): 
PretrainedInit: load from torchvision://resnet50 

backbone.layer3.3.bn3.bias - torch.Size([1024]): 
PretrainedInit: load from torchvision://resnet50 

backbone.layer3.4.conv1.weight - torch.Size([256, 1024, 1, 1]): 
PretrainedInit: load from torchvision://resnet50 

backbone.layer3.4.bn1.weight - torch.Size([256]): 
PretrainedInit: load from torchvision://resnet50 

backbone.layer3.4.bn1.bias - torch.Size([256]): 
PretrainedInit: load from torchvision://resnet50 

backbone.layer3.4.conv2.weight - torch.Size([256, 256, 3, 3]): 
PretrainedInit: load from torchvision://resnet50 

backbone.layer3.4.bn2.weight - torch.Size([256]): 
PretrainedInit: load from torchvision://resnet50 

backbone.layer3.4.bn2.bias - torch.Size([256]): 
PretrainedInit: load from torchvision://resnet50 

backbone.layer3.4.conv3.weight - torch.Size([1024, 256, 1, 1]): 
PretrainedInit: load from torchvision://resnet50 

backbone.layer3.4.bn3.weight - torch.Size([1024]): 
PretrainedInit: load from torchvision://resnet50 

backbone.layer3.4.bn3.bias - torch.Size([1024]): 
PretrainedInit: load from torchvision://resnet50 

backbone.layer3.5.conv1.weight - torch.Size([256, 1024, 1, 1]): 
PretrainedInit: load from torchvision://resnet50 

backbone.layer3.5.bn1.weight - torch.Size([256]): 
PretrainedInit: load from torchvision://resnet50 

backbone.layer3.5.bn1.bias - torch.Size([256]): 
PretrainedInit: load from torchvision://resnet50 

backbone.layer3.5.conv2.weight - torch.Size([256, 256, 3, 3]): 
PretrainedInit: load from torchvision://resnet50 

backbone.layer3.5.bn2.weight - torch.Size([256]): 
PretrainedInit: load from torchvision://resnet50 

backbone.layer3.5.bn2.bias - torch.Size([256]): 
PretrainedInit: load from torchvision://resnet50 

backbone.layer3.5.conv3.weight - torch.Size([1024, 256, 1, 1]): 
PretrainedInit: load from torchvision://resnet50 

backbone.layer3.5.bn3.weight - torch.Size([1024]): 
PretrainedInit: load from torchvision://resnet50 

backbone.layer3.5.bn3.bias - torch.Size([1024]): 
PretrainedInit: load from torchvision://resnet50 

backbone.layer4.0.conv1.weight - torch.Size([512, 1024, 1, 1]): 
PretrainedInit: load from torchvision://resnet50 

backbone.layer4.0.bn1.weight - torch.Size([512]): 
PretrainedInit: load from torchvision://resnet50 

backbone.layer4.0.bn1.bias - torch.Size([512]): 
PretrainedInit: load from torchvision://resnet50 

backbone.layer4.0.conv2.weight - torch.Size([512, 512, 3, 3]): 
PretrainedInit: load from torchvision://resnet50 

backbone.layer4.0.bn2.weight - torch.Size([512]): 
PretrainedInit: load from torchvision://resnet50 

backbone.layer4.0.bn2.bias - torch.Size([512]): 
PretrainedInit: load from torchvision://resnet50 

backbone.layer4.0.conv3.weight - torch.Size([2048, 512, 1, 1]): 
PretrainedInit: load from torchvision://resnet50 

backbone.layer4.0.bn3.weight - torch.Size([2048]): 
PretrainedInit: load from torchvision://resnet50 

backbone.layer4.0.bn3.bias - torch.Size([2048]): 
PretrainedInit: load from torchvision://resnet50 

backbone.layer4.0.downsample.0.weight - torch.Size([2048, 1024, 1, 1]): 
PretrainedInit: load from torchvision://resnet50 

backbone.layer4.0.downsample.1.weight - torch.Size([2048]): 
PretrainedInit: load from torchvision://resnet50 

backbone.layer4.0.downsample.1.bias - torch.Size([2048]): 
PretrainedInit: load from torchvision://resnet50 

backbone.layer4.1.conv1.weight - torch.Size([512, 2048, 1, 1]): 
PretrainedInit: load from torchvision://resnet50 

backbone.layer4.1.bn1.weight - torch.Size([512]): 
PretrainedInit: load from torchvision://resnet50 

backbone.layer4.1.bn1.bias - torch.Size([512]): 
PretrainedInit: load from torchvision://resnet50 

backbone.layer4.1.conv2.weight - torch.Size([512, 512, 3, 3]): 
PretrainedInit: load from torchvision://resnet50 

backbone.layer4.1.bn2.weight - torch.Size([512]): 
PretrainedInit: load from torchvision://resnet50 

backbone.layer4.1.bn2.bias - torch.Size([512]): 
PretrainedInit: load from torchvision://resnet50 

backbone.layer4.1.conv3.weight - torch.Size([2048, 512, 1, 1]): 
PretrainedInit: load from torchvision://resnet50 

backbone.layer4.1.bn3.weight - torch.Size([2048]): 
PretrainedInit: load from torchvision://resnet50 

backbone.layer4.1.bn3.bias - torch.Size([2048]): 
PretrainedInit: load from torchvision://resnet50 

backbone.layer4.2.conv1.weight - torch.Size([512, 2048, 1, 1]): 
PretrainedInit: load from torchvision://resnet50 

backbone.layer4.2.bn1.weight - torch.Size([512]): 
PretrainedInit: load from torchvision://resnet50 

backbone.layer4.2.bn1.bias - torch.Size([512]): 
PretrainedInit: load from torchvision://resnet50 

backbone.layer4.2.conv2.weight - torch.Size([512, 512, 3, 3]): 
PretrainedInit: load from torchvision://resnet50 

backbone.layer4.2.bn2.weight - torch.Size([512]): 
PretrainedInit: load from torchvision://resnet50 

backbone.layer4.2.bn2.bias - torch.Size([512]): 
PretrainedInit: load from torchvision://resnet50 

backbone.layer4.2.conv3.weight - torch.Size([2048, 512, 1, 1]): 
PretrainedInit: load from torchvision://resnet50 

backbone.layer4.2.bn3.weight - torch.Size([2048]): 
PretrainedInit: load from torchvision://resnet50 

backbone.layer4.2.bn3.bias - torch.Size([2048]): 
PretrainedInit: load from torchvision://resnet50 

neck.convs.0.conv.weight - torch.Size([256, 2048, 1, 1]): 
XavierInit: gain=1, distribution=uniform, bias=0 

neck.convs.0.conv.bias - torch.Size([256]): 
The value is the same before and after calling `init_weights` of DETR  

bbox_head.fc_cls.weight - torch.Size([11, 256]): 
The value is the same before and after calling `init_weights` of DETR  

bbox_head.fc_cls.bias - torch.Size([11]): 
The value is the same before and after calling `init_weights` of DETR  

bbox_head.reg_ffn.layers.0.0.weight - torch.Size([256, 256]): 
The value is the same before and after calling `init_weights` of DETR  

bbox_head.reg_ffn.layers.0.0.bias - torch.Size([256]): 
The value is the same before and after calling `init_weights` of DETR  

bbox_head.reg_ffn.layers.1.weight - torch.Size([256, 256]): 
The value is the same before and after calling `init_weights` of DETR  

bbox_head.reg_ffn.layers.1.bias - torch.Size([256]): 
The value is the same before and after calling `init_weights` of DETR  

bbox_head.fc_reg.weight - torch.Size([4, 256]): 
The value is the same before and after calling `init_weights` of DETR  

bbox_head.fc_reg.bias - torch.Size([4]): 
The value is the same before and after calling `init_weights` of DETR  

encoder.layers.0.self_attn.attn.in_proj_weight - torch.Size([768, 256]): 
The value is the same before and after calling `init_weights` of DETR  

encoder.layers.0.self_attn.attn.in_proj_bias - torch.Size([768]): 
The value is the same before and after calling `init_weights` of DETR  

encoder.layers.0.self_attn.attn.out_proj.weight - torch.Size([256, 256]): 
The value is the same before and after calling `init_weights` of DETR  

encoder.layers.0.self_attn.attn.out_proj.bias - torch.Size([256]): 
The value is the same before and after calling `init_weights` of DETR  

encoder.layers.0.ffn.layers.0.0.weight - torch.Size([2048, 256]): 
The value is the same before and after calling `init_weights` of DETR  

encoder.layers.0.ffn.layers.0.0.bias - torch.Size([2048]): 
The value is the same before and after calling `init_weights` of DETR  

encoder.layers.0.ffn.layers.1.weight - torch.Size([256, 2048]): 
The value is the same before and after calling `init_weights` of DETR  

encoder.layers.0.ffn.layers.1.bias - torch.Size([256]): 
The value is the same before and after calling `init_weights` of DETR  

encoder.layers.0.norms.0.weight - torch.Size([256]): 
The value is the same before and after calling `init_weights` of DETR  

encoder.layers.0.norms.0.bias - torch.Size([256]): 
The value is the same before and after calling `init_weights` of DETR  

encoder.layers.0.norms.1.weight - torch.Size([256]): 
The value is the same before and after calling `init_weights` of DETR  

encoder.layers.0.norms.1.bias - torch.Size([256]): 
The value is the same before and after calling `init_weights` of DETR  

encoder.layers.1.self_attn.attn.in_proj_weight - torch.Size([768, 256]): 
The value is the same before and after calling `init_weights` of DETR  

encoder.layers.1.self_attn.attn.in_proj_bias - torch.Size([768]): 
The value is the same before and after calling `init_weights` of DETR  

encoder.layers.1.self_attn.attn.out_proj.weight - torch.Size([256, 256]): 
The value is the same before and after calling `init_weights` of DETR  

encoder.layers.1.self_attn.attn.out_proj.bias - torch.Size([256]): 
The value is the same before and after calling `init_weights` of DETR  

encoder.layers.1.ffn.layers.0.0.weight - torch.Size([2048, 256]): 
The value is the same before and after calling `init_weights` of DETR  

encoder.layers.1.ffn.layers.0.0.bias - torch.Size([2048]): 
The value is the same before and after calling `init_weights` of DETR  

encoder.layers.1.ffn.layers.1.weight - torch.Size([256, 2048]): 
The value is the same before and after calling `init_weights` of DETR  

encoder.layers.1.ffn.layers.1.bias - torch.Size([256]): 
The value is the same before and after calling `init_weights` of DETR  

encoder.layers.1.norms.0.weight - torch.Size([256]): 
The value is the same before and after calling `init_weights` of DETR  

encoder.layers.1.norms.0.bias - torch.Size([256]): 
The value is the same before and after calling `init_weights` of DETR  

encoder.layers.1.norms.1.weight - torch.Size([256]): 
The value is the same before and after calling `init_weights` of DETR  

encoder.layers.1.norms.1.bias - torch.Size([256]): 
The value is the same before and after calling `init_weights` of DETR  

encoder.layers.2.self_attn.attn.in_proj_weight - torch.Size([768, 256]): 
The value is the same before and after calling `init_weights` of DETR  

encoder.layers.2.self_attn.attn.in_proj_bias - torch.Size([768]): 
The value is the same before and after calling `init_weights` of DETR  

encoder.layers.2.self_attn.attn.out_proj.weight - torch.Size([256, 256]): 
The value is the same before and after calling `init_weights` of DETR  

encoder.layers.2.self_attn.attn.out_proj.bias - torch.Size([256]): 
The value is the same before and after calling `init_weights` of DETR  

encoder.layers.2.ffn.layers.0.0.weight - torch.Size([2048, 256]): 
The value is the same before and after calling `init_weights` of DETR  

encoder.layers.2.ffn.layers.0.0.bias - torch.Size([2048]): 
The value is the same before and after calling `init_weights` of DETR  

encoder.layers.2.ffn.layers.1.weight - torch.Size([256, 2048]): 
The value is the same before and after calling `init_weights` of DETR  

encoder.layers.2.ffn.layers.1.bias - torch.Size([256]): 
The value is the same before and after calling `init_weights` of DETR  

encoder.layers.2.norms.0.weight - torch.Size([256]): 
The value is the same before and after calling `init_weights` of DETR  

encoder.layers.2.norms.0.bias - torch.Size([256]): 
The value is the same before and after calling `init_weights` of DETR  

encoder.layers.2.norms.1.weight - torch.Size([256]): 
The value is the same before and after calling `init_weights` of DETR  

encoder.layers.2.norms.1.bias - torch.Size([256]): 
The value is the same before and after calling `init_weights` of DETR  

encoder.layers.3.self_attn.attn.in_proj_weight - torch.Size([768, 256]): 
The value is the same before and after calling `init_weights` of DETR  

encoder.layers.3.self_attn.attn.in_proj_bias - torch.Size([768]): 
The value is the same before and after calling `init_weights` of DETR  

encoder.layers.3.self_attn.attn.out_proj.weight - torch.Size([256, 256]): 
The value is the same before and after calling `init_weights` of DETR  

encoder.layers.3.self_attn.attn.out_proj.bias - torch.Size([256]): 
The value is the same before and after calling `init_weights` of DETR  

encoder.layers.3.ffn.layers.0.0.weight - torch.Size([2048, 256]): 
The value is the same before and after calling `init_weights` of DETR  

encoder.layers.3.ffn.layers.0.0.bias - torch.Size([2048]): 
The value is the same before and after calling `init_weights` of DETR  

encoder.layers.3.ffn.layers.1.weight - torch.Size([256, 2048]): 
The value is the same before and after calling `init_weights` of DETR  

encoder.layers.3.ffn.layers.1.bias - torch.Size([256]): 
The value is the same before and after calling `init_weights` of DETR  

encoder.layers.3.norms.0.weight - torch.Size([256]): 
The value is the same before and after calling `init_weights` of DETR  

encoder.layers.3.norms.0.bias - torch.Size([256]): 
The value is the same before and after calling `init_weights` of DETR  

encoder.layers.3.norms.1.weight - torch.Size([256]): 
The value is the same before and after calling `init_weights` of DETR  

encoder.layers.3.norms.1.bias - torch.Size([256]): 
The value is the same before and after calling `init_weights` of DETR  

encoder.layers.4.self_attn.attn.in_proj_weight - torch.Size([768, 256]): 
The value is the same before and after calling `init_weights` of DETR  

encoder.layers.4.self_attn.attn.in_proj_bias - torch.Size([768]): 
The value is the same before and after calling `init_weights` of DETR  

encoder.layers.4.self_attn.attn.out_proj.weight - torch.Size([256, 256]): 
The value is the same before and after calling `init_weights` of DETR  

encoder.layers.4.self_attn.attn.out_proj.bias - torch.Size([256]): 
The value is the same before and after calling `init_weights` of DETR  

encoder.layers.4.ffn.layers.0.0.weight - torch.Size([2048, 256]): 
The value is the same before and after calling `init_weights` of DETR  

encoder.layers.4.ffn.layers.0.0.bias - torch.Size([2048]): 
The value is the same before and after calling `init_weights` of DETR  

encoder.layers.4.ffn.layers.1.weight - torch.Size([256, 2048]): 
The value is the same before and after calling `init_weights` of DETR  

encoder.layers.4.ffn.layers.1.bias - torch.Size([256]): 
The value is the same before and after calling `init_weights` of DETR  

encoder.layers.4.norms.0.weight - torch.Size([256]): 
The value is the same before and after calling `init_weights` of DETR  

encoder.layers.4.norms.0.bias - torch.Size([256]): 
The value is the same before and after calling `init_weights` of DETR  

encoder.layers.4.norms.1.weight - torch.Size([256]): 
The value is the same before and after calling `init_weights` of DETR  

encoder.layers.4.norms.1.bias - torch.Size([256]): 
The value is the same before and after calling `init_weights` of DETR  

encoder.layers.5.self_attn.attn.in_proj_weight - torch.Size([768, 256]): 
The value is the same before and after calling `init_weights` of DETR  

encoder.layers.5.self_attn.attn.in_proj_bias - torch.Size([768]): 
The value is the same before and after calling `init_weights` of DETR  

encoder.layers.5.self_attn.attn.out_proj.weight - torch.Size([256, 256]): 
The value is the same before and after calling `init_weights` of DETR  

encoder.layers.5.self_attn.attn.out_proj.bias - torch.Size([256]): 
The value is the same before and after calling `init_weights` of DETR  

encoder.layers.5.ffn.layers.0.0.weight - torch.Size([2048, 256]): 
The value is the same before and after calling `init_weights` of DETR  

encoder.layers.5.ffn.layers.0.0.bias - torch.Size([2048]): 
The value is the same before and after calling `init_weights` of DETR  

encoder.layers.5.ffn.layers.1.weight - torch.Size([256, 2048]): 
The value is the same before and after calling `init_weights` of DETR  

encoder.layers.5.ffn.layers.1.bias - torch.Size([256]): 
The value is the same before and after calling `init_weights` of DETR  

encoder.layers.5.norms.0.weight - torch.Size([256]): 
The value is the same before and after calling `init_weights` of DETR  

encoder.layers.5.norms.0.bias - torch.Size([256]): 
The value is the same before and after calling `init_weights` of DETR  

encoder.layers.5.norms.1.weight - torch.Size([256]): 
The value is the same before and after calling `init_weights` of DETR  

encoder.layers.5.norms.1.bias - torch.Size([256]): 
The value is the same before and after calling `init_weights` of DETR  

decoder.layers.0.self_attn.attn.in_proj_weight - torch.Size([768, 256]): 
The value is the same before and after calling `init_weights` of DETR  

decoder.layers.0.self_attn.attn.in_proj_bias - torch.Size([768]): 
The value is the same before and after calling `init_weights` of DETR  

decoder.layers.0.self_attn.attn.out_proj.weight - torch.Size([256, 256]): 
The value is the same before and after calling `init_weights` of DETR  

decoder.layers.0.self_attn.attn.out_proj.bias - torch.Size([256]): 
The value is the same before and after calling `init_weights` of DETR  

decoder.layers.0.cross_attn.attn.in_proj_weight - torch.Size([768, 256]): 
The value is the same before and after calling `init_weights` of DETR  

decoder.layers.0.cross_attn.attn.in_proj_bias - torch.Size([768]): 
The value is the same before and after calling `init_weights` of DETR  

decoder.layers.0.cross_attn.attn.out_proj.weight - torch.Size([256, 256]): 
The value is the same before and after calling `init_weights` of DETR  

decoder.layers.0.cross_attn.attn.out_proj.bias - torch.Size([256]): 
The value is the same before and after calling `init_weights` of DETR  

decoder.layers.0.ffn.layers.0.0.weight - torch.Size([2048, 256]): 
The value is the same before and after calling `init_weights` of DETR  

decoder.layers.0.ffn.layers.0.0.bias - torch.Size([2048]): 
The value is the same before and after calling `init_weights` of DETR  

decoder.layers.0.ffn.layers.1.weight - torch.Size([256, 2048]): 
The value is the same before and after calling `init_weights` of DETR  

decoder.layers.0.ffn.layers.1.bias - torch.Size([256]): 
The value is the same before and after calling `init_weights` of DETR  

decoder.layers.0.norms.0.weight - torch.Size([256]): 
The value is the same before and after calling `init_weights` of DETR  

decoder.layers.0.norms.0.bias - torch.Size([256]): 
The value is the same before and after calling `init_weights` of DETR  

decoder.layers.0.norms.1.weight - torch.Size([256]): 
The value is the same before and after calling `init_weights` of DETR  

decoder.layers.0.norms.1.bias - torch.Size([256]): 
The value is the same before and after calling `init_weights` of DETR  

decoder.layers.0.norms.2.weight - torch.Size([256]): 
The value is the same before and after calling `init_weights` of DETR  

decoder.layers.0.norms.2.bias - torch.Size([256]): 
The value is the same before and after calling `init_weights` of DETR  

decoder.layers.1.self_attn.attn.in_proj_weight - torch.Size([768, 256]): 
The value is the same before and after calling `init_weights` of DETR  

decoder.layers.1.self_attn.attn.in_proj_bias - torch.Size([768]): 
The value is the same before and after calling `init_weights` of DETR  

decoder.layers.1.self_attn.attn.out_proj.weight - torch.Size([256, 256]): 
The value is the same before and after calling `init_weights` of DETR  

decoder.layers.1.self_attn.attn.out_proj.bias - torch.Size([256]): 
The value is the same before and after calling `init_weights` of DETR  

decoder.layers.1.cross_attn.attn.in_proj_weight - torch.Size([768, 256]): 
The value is the same before and after calling `init_weights` of DETR  

decoder.layers.1.cross_attn.attn.in_proj_bias - torch.Size([768]): 
The value is the same before and after calling `init_weights` of DETR  

decoder.layers.1.cross_attn.attn.out_proj.weight - torch.Size([256, 256]): 
The value is the same before and after calling `init_weights` of DETR  

decoder.layers.1.cross_attn.attn.out_proj.bias - torch.Size([256]): 
The value is the same before and after calling `init_weights` of DETR  

decoder.layers.1.ffn.layers.0.0.weight - torch.Size([2048, 256]): 
The value is the same before and after calling `init_weights` of DETR  

decoder.layers.1.ffn.layers.0.0.bias - torch.Size([2048]): 
The value is the same before and after calling `init_weights` of DETR  

decoder.layers.1.ffn.layers.1.weight - torch.Size([256, 2048]): 
The value is the same before and after calling `init_weights` of DETR  

decoder.layers.1.ffn.layers.1.bias - torch.Size([256]): 
The value is the same before and after calling `init_weights` of DETR  

decoder.layers.1.norms.0.weight - torch.Size([256]): 
The value is the same before and after calling `init_weights` of DETR  

decoder.layers.1.norms.0.bias - torch.Size([256]): 
The value is the same before and after calling `init_weights` of DETR  

decoder.layers.1.norms.1.weight - torch.Size([256]): 
The value is the same before and after calling `init_weights` of DETR  

decoder.layers.1.norms.1.bias - torch.Size([256]): 
The value is the same before and after calling `init_weights` of DETR  

decoder.layers.1.norms.2.weight - torch.Size([256]): 
The value is the same before and after calling `init_weights` of DETR  

decoder.layers.1.norms.2.bias - torch.Size([256]): 
The value is the same before and after calling `init_weights` of DETR  

decoder.layers.2.self_attn.attn.in_proj_weight - torch.Size([768, 256]): 
The value is the same before and after calling `init_weights` of DETR  

decoder.layers.2.self_attn.attn.in_proj_bias - torch.Size([768]): 
The value is the same before and after calling `init_weights` of DETR  

decoder.layers.2.self_attn.attn.out_proj.weight - torch.Size([256, 256]): 
The value is the same before and after calling `init_weights` of DETR  

decoder.layers.2.self_attn.attn.out_proj.bias - torch.Size([256]): 
The value is the same before and after calling `init_weights` of DETR  

decoder.layers.2.cross_attn.attn.in_proj_weight - torch.Size([768, 256]): 
The value is the same before and after calling `init_weights` of DETR  

decoder.layers.2.cross_attn.attn.in_proj_bias - torch.Size([768]): 
The value is the same before and after calling `init_weights` of DETR  

decoder.layers.2.cross_attn.attn.out_proj.weight - torch.Size([256, 256]): 
The value is the same before and after calling `init_weights` of DETR  

decoder.layers.2.cross_attn.attn.out_proj.bias - torch.Size([256]): 
The value is the same before and after calling `init_weights` of DETR  

decoder.layers.2.ffn.layers.0.0.weight - torch.Size([2048, 256]): 
The value is the same before and after calling `init_weights` of DETR  

decoder.layers.2.ffn.layers.0.0.bias - torch.Size([2048]): 
The value is the same before and after calling `init_weights` of DETR  

decoder.layers.2.ffn.layers.1.weight - torch.Size([256, 2048]): 
The value is the same before and after calling `init_weights` of DETR  

decoder.layers.2.ffn.layers.1.bias - torch.Size([256]): 
The value is the same before and after calling `init_weights` of DETR  

decoder.layers.2.norms.0.weight - torch.Size([256]): 
The value is the same before and after calling `init_weights` of DETR  

decoder.layers.2.norms.0.bias - torch.Size([256]): 
The value is the same before and after calling `init_weights` of DETR  

decoder.layers.2.norms.1.weight - torch.Size([256]): 
The value is the same before and after calling `init_weights` of DETR  

decoder.layers.2.norms.1.bias - torch.Size([256]): 
The value is the same before and after calling `init_weights` of DETR  

decoder.layers.2.norms.2.weight - torch.Size([256]): 
The value is the same before and after calling `init_weights` of DETR  

decoder.layers.2.norms.2.bias - torch.Size([256]): 
The value is the same before and after calling `init_weights` of DETR  

decoder.layers.3.self_attn.attn.in_proj_weight - torch.Size([768, 256]): 
The value is the same before and after calling `init_weights` of DETR  

decoder.layers.3.self_attn.attn.in_proj_bias - torch.Size([768]): 
The value is the same before and after calling `init_weights` of DETR  

decoder.layers.3.self_attn.attn.out_proj.weight - torch.Size([256, 256]): 
The value is the same before and after calling `init_weights` of DETR  

decoder.layers.3.self_attn.attn.out_proj.bias - torch.Size([256]): 
The value is the same before and after calling `init_weights` of DETR  

decoder.layers.3.cross_attn.attn.in_proj_weight - torch.Size([768, 256]): 
The value is the same before and after calling `init_weights` of DETR  

decoder.layers.3.cross_attn.attn.in_proj_bias - torch.Size([768]): 
The value is the same before and after calling `init_weights` of DETR  

decoder.layers.3.cross_attn.attn.out_proj.weight - torch.Size([256, 256]): 
The value is the same before and after calling `init_weights` of DETR  

decoder.layers.3.cross_attn.attn.out_proj.bias - torch.Size([256]): 
The value is the same before and after calling `init_weights` of DETR  

decoder.layers.3.ffn.layers.0.0.weight - torch.Size([2048, 256]): 
The value is the same before and after calling `init_weights` of DETR  

decoder.layers.3.ffn.layers.0.0.bias - torch.Size([2048]): 
The value is the same before and after calling `init_weights` of DETR  

decoder.layers.3.ffn.layers.1.weight - torch.Size([256, 2048]): 
The value is the same before and after calling `init_weights` of DETR  

decoder.layers.3.ffn.layers.1.bias - torch.Size([256]): 
The value is the same before and after calling `init_weights` of DETR  

decoder.layers.3.norms.0.weight - torch.Size([256]): 
The value is the same before and after calling `init_weights` of DETR  

decoder.layers.3.norms.0.bias - torch.Size([256]): 
The value is the same before and after calling `init_weights` of DETR  

decoder.layers.3.norms.1.weight - torch.Size([256]): 
The value is the same before and after calling `init_weights` of DETR  

decoder.layers.3.norms.1.bias - torch.Size([256]): 
The value is the same before and after calling `init_weights` of DETR  

decoder.layers.3.norms.2.weight - torch.Size([256]): 
The value is the same before and after calling `init_weights` of DETR  

decoder.layers.3.norms.2.bias - torch.Size([256]): 
The value is the same before and after calling `init_weights` of DETR  

decoder.layers.4.self_attn.attn.in_proj_weight - torch.Size([768, 256]): 
The value is the same before and after calling `init_weights` of DETR  

decoder.layers.4.self_attn.attn.in_proj_bias - torch.Size([768]): 
The value is the same before and after calling `init_weights` of DETR  

decoder.layers.4.self_attn.attn.out_proj.weight - torch.Size([256, 256]): 
The value is the same before and after calling `init_weights` of DETR  

decoder.layers.4.self_attn.attn.out_proj.bias - torch.Size([256]): 
The value is the same before and after calling `init_weights` of DETR  

decoder.layers.4.cross_attn.attn.in_proj_weight - torch.Size([768, 256]): 
The value is the same before and after calling `init_weights` of DETR  

decoder.layers.4.cross_attn.attn.in_proj_bias - torch.Size([768]): 
The value is the same before and after calling `init_weights` of DETR  

decoder.layers.4.cross_attn.attn.out_proj.weight - torch.Size([256, 256]): 
The value is the same before and after calling `init_weights` of DETR  

decoder.layers.4.cross_attn.attn.out_proj.bias - torch.Size([256]): 
The value is the same before and after calling `init_weights` of DETR  

decoder.layers.4.ffn.layers.0.0.weight - torch.Size([2048, 256]): 
The value is the same before and after calling `init_weights` of DETR  

decoder.layers.4.ffn.layers.0.0.bias - torch.Size([2048]): 
The value is the same before and after calling `init_weights` of DETR  

decoder.layers.4.ffn.layers.1.weight - torch.Size([256, 2048]): 
The value is the same before and after calling `init_weights` of DETR  

decoder.layers.4.ffn.layers.1.bias - torch.Size([256]): 
The value is the same before and after calling `init_weights` of DETR  

decoder.layers.4.norms.0.weight - torch.Size([256]): 
The value is the same before and after calling `init_weights` of DETR  

decoder.layers.4.norms.0.bias - torch.Size([256]): 
The value is the same before and after calling `init_weights` of DETR  

decoder.layers.4.norms.1.weight - torch.Size([256]): 
The value is the same before and after calling `init_weights` of DETR  

decoder.layers.4.norms.1.bias - torch.Size([256]): 
The value is the same before and after calling `init_weights` of DETR  

decoder.layers.4.norms.2.weight - torch.Size([256]): 
The value is the same before and after calling `init_weights` of DETR  

decoder.layers.4.norms.2.bias - torch.Size([256]): 
The value is the same before and after calling `init_weights` of DETR  

decoder.layers.5.self_attn.attn.in_proj_weight - torch.Size([768, 256]): 
The value is the same before and after calling `init_weights` of DETR  

decoder.layers.5.self_attn.attn.in_proj_bias - torch.Size([768]): 
The value is the same before and after calling `init_weights` of DETR  

decoder.layers.5.self_attn.attn.out_proj.weight - torch.Size([256, 256]): 
The value is the same before and after calling `init_weights` of DETR  

decoder.layers.5.self_attn.attn.out_proj.bias - torch.Size([256]): 
The value is the same before and after calling `init_weights` of DETR  

decoder.layers.5.cross_attn.attn.in_proj_weight - torch.Size([768, 256]): 
The value is the same before and after calling `init_weights` of DETR  

decoder.layers.5.cross_attn.attn.in_proj_bias - torch.Size([768]): 
The value is the same before and after calling `init_weights` of DETR  

decoder.layers.5.cross_attn.attn.out_proj.weight - torch.Size([256, 256]): 
The value is the same before and after calling `init_weights` of DETR  

decoder.layers.5.cross_attn.attn.out_proj.bias - torch.Size([256]): 
The value is the same before and after calling `init_weights` of DETR  

decoder.layers.5.ffn.layers.0.0.weight - torch.Size([2048, 256]): 
The value is the same before and after calling `init_weights` of DETR  

decoder.layers.5.ffn.layers.0.0.bias - torch.Size([2048]): 
The value is the same before and after calling `init_weights` of DETR  

decoder.layers.5.ffn.layers.1.weight - torch.Size([256, 2048]): 
The value is the same before and after calling `init_weights` of DETR  

decoder.layers.5.ffn.layers.1.bias - torch.Size([256]): 
The value is the same before and after calling `init_weights` of DETR  

decoder.layers.5.norms.0.weight - torch.Size([256]): 
The value is the same before and after calling `init_weights` of DETR  

decoder.layers.5.norms.0.bias - torch.Size([256]): 
The value is the same before and after calling `init_weights` of DETR  

decoder.layers.5.norms.1.weight - torch.Size([256]): 
The value is the same before and after calling `init_weights` of DETR  

decoder.layers.5.norms.1.bias - torch.Size([256]): 
The value is the same before and after calling `init_weights` of DETR  

decoder.layers.5.norms.2.weight - torch.Size([256]): 
The value is the same before and after calling `init_weights` of DETR  

decoder.layers.5.norms.2.bias - torch.Size([256]): 
The value is the same before and after calling `init_weights` of DETR  

decoder.post_norm.weight - torch.Size([256]): 
The value is the same before and after calling `init_weights` of DETR  

decoder.post_norm.bias - torch.Size([256]): 
The value is the same before and after calling `init_weights` of DETR  

query_embedding.weight - torch.Size([100, 256]): 
The value is the same before and after calling `init_weights` of DETR  
2026/03/26 12:46:10 - mmengine - INFO - Load checkpoint from https://download.openmmlab.com/mmdetection/v3.0/detr/detr_r50_8xb2-150e_coco/detr_r50_8xb2-150e_coco_20221023_153551-436d03e8.pth
2026/03/26 12:46:10 - mmengine - WARNING - "FileClient" will be deprecated in future. Please use io functions in https://mmengine.readthedocs.io/en/latest/api/fileio.html#file-io
2026/03/26 12:46:10 - mmengine - WARNING - "HardDiskBackend" is the alias of "LocalBackend" and the former will be deprecated in future.
2026/03/26 12:46:10 - mmengine - INFO - Checkpoints will be saved to /workspace/aquaculture-perception/runs/mmdet/uatd/detr_r50_uatd_80e_pretrained.
2026/03/26 12:47:10 - mmengine - INFO - Epoch(train)  [1][ 50/238]  base_lr: 1.0000e-05 lr: 1.0000e-06  eta: 6:21:31  time: 1.2055  data_time: 0.1008  memory: 10691  grad_norm: nan  loss: 24.3667  loss_cls: 2.2579  loss_bbox: 0.5142  loss_iou: 1.1834  d0.loss_cls: 2.3680  d0.loss_bbox: 0.5153  d0.loss_iou: 1.2538  d1.loss_cls: 2.4093  d1.loss_bbox: 0.5240  d1.loss_iou: 1.2327  d2.loss_cls: 2.3288  d2.loss_bbox: 0.5312  d2.loss_iou: 1.2177  d3.loss_cls: 2.3083  d3.loss_bbox: 0.5237  d3.loss_iou: 1.2080  d4.loss_cls: 2.2946  d4.loss_bbox: 0.5131  d4.loss_iou: 1.1828
2026/03/26 12:47:54 - mmengine - INFO - Epoch(train)  [1][100/238]  base_lr: 1.0000e-05 lr: 1.0000e-06  eta: 5:27:43  time: 0.8710  data_time: 0.0055  memory: 10691  grad_norm: 258.1504  loss: 15.2599  loss_cls: 1.1583  loss_bbox: 0.2184  loss_iou: 0.8735  d0.loss_cls: 1.7018  d0.loss_bbox: 0.2412  d0.loss_iou: 0.9488  d1.loss_cls: 1.6001  d1.loss_bbox: 0.2305  d1.loss_iou: 0.8978  d2.loss_cls: 1.4360  d2.loss_bbox: 0.2243  d2.loss_iou: 0.8959  d3.loss_cls: 1.3725  d3.loss_bbox: 0.2186  d3.loss_iou: 0.8884  d4.loss_cls: 1.2634  d4.loss_bbox: 0.2166  d4.loss_iou: 0.8738
2026/03/26 12:48:38 - mmengine - INFO - Epoch(train)  [1][150/238]  base_lr: 1.0000e-05 lr: 1.0000e-06  eta: 5:11:10  time: 0.8887  data_time: 0.0052  memory: 10691  grad_norm: 231.7080  loss: 11.9439  loss_cls: 0.7683  loss_bbox: 0.1878  loss_iou: 0.7917  d0.loss_cls: 1.3283  d0.loss_bbox: 0.2059  d0.loss_iou: 0.8596  d1.loss_cls: 1.1276  d1.loss_bbox: 0.1966  d1.loss_iou: 0.8139  d2.loss_cls: 0.9623  d2.loss_bbox: 0.1920  d2.loss_iou: 0.8073  d3.loss_cls: 0.9113  d3.loss_bbox: 0.1880  d3.loss_iou: 0.7955  d4.loss_cls: 0.8309  d4.loss_bbox: 0.1902  d4.loss_iou: 0.7867
2026/03/26 12:49:25 - mmengine - INFO - Epoch(train)  [1][200/238]  base_lr: 1.0000e-05 lr: 1.0000e-06  eta: 5:06:32  time: 0.9397  data_time: 0.0061  memory: 10691  grad_norm: 206.3328  loss: 10.5442  loss_cls: 0.7000  loss_bbox: 0.1671  loss_iou: 0.7286  d0.loss_cls: 1.1458  d0.loss_bbox: 0.1855  d0.loss_iou: 0.7988  d1.loss_cls: 0.9177  d1.loss_bbox: 0.1741  d1.loss_iou: 0.7499  d2.loss_cls: 0.7957  d2.loss_bbox: 0.1698  d2.loss_iou: 0.7320  d3.loss_cls: 0.7670  d3.loss_bbox: 0.1707  d3.loss_iou: 0.7271  d4.loss_cls: 0.7250  d4.loss_bbox: 0.1670  d4.loss_iou: 0.7226
2026/03/26 12:49:56 - mmengine - INFO - Exp name: detr_r50_uatd_80e_pretrained_20260326_124055
2026/03/26 12:50:48 - mmengine - INFO - Epoch(train)  [2][ 50/238]  base_lr: 5.5000e-05 lr: 5.5000e-06  eta: 5:01:52  time: 1.0518  data_time: 0.0576  memory: 10691  grad_norm: 261.4979  loss: 9.0517  loss_cls: 0.6919  loss_bbox: 0.1315  loss_iou: 0.6208  d0.loss_cls: 0.8840  d0.loss_bbox: 0.1503  d0.loss_iou: 0.6855  d1.loss_cls: 0.7400  d1.loss_bbox: 0.1381  d1.loss_iou: 0.6391  d2.loss_cls: 0.7058  d2.loss_bbox: 0.1356  d2.loss_iou: 0.6298  d3.loss_cls: 0.7038  d3.loss_bbox: 0.1333  d3.loss_iou: 0.6209  d4.loss_cls: 0.6962  d4.loss_bbox: 0.1312  d4.loss_iou: 0.6141
2026/03/26 12:51:29 - mmengine - INFO - Epoch(train)  [2][100/238]  base_lr: 5.5000e-05 lr: 5.5000e-06  eta: 4:54:14  time: 0.8178  data_time: 0.0045  memory: 10691  grad_norm: 294.2967  loss: 8.4167  loss_cls: 0.6666  loss_bbox: 0.1219  loss_iou: 0.5819  d0.loss_cls: 0.7526  d0.loss_bbox: 0.1348  d0.loss_iou: 0.6288  d1.loss_cls: 0.6823  d1.loss_bbox: 0.1273  d1.loss_iou: 0.5965  d2.loss_cls: 0.6729  d2.loss_bbox: 0.1241  d2.loss_iou: 0.5889  d3.loss_cls: 0.6750  d3.loss_bbox: 0.1199  d3.loss_iou: 0.5772  d4.loss_cls: 0.6711  d4.loss_bbox: 0.1202  d4.loss_iou: 0.5746
2026/03/26 12:52:07 - mmengine - INFO - Epoch(train)  [2][150/238]  base_lr: 5.5000e-05 lr: 5.5000e-06  eta: 4:45:48  time: 0.7530  data_time: 0.0043  memory: 10691  grad_norm: 196.2005  loss: 8.1046  loss_cls: 0.6766  loss_bbox: 0.1108  loss_iou: 0.5397  d0.loss_cls: 0.7180  d0.loss_bbox: 0.1261  d0.loss_iou: 0.6006  d1.loss_cls: 0.6828  d1.loss_bbox: 0.1150  d1.loss_iou: 0.5532  d2.loss_cls: 0.6791  d2.loss_bbox: 0.1104  d2.loss_iou: 0.5429  d3.loss_cls: 0.6805  d3.loss_bbox: 0.1098  d3.loss_iou: 0.5399  d4.loss_cls: 0.6795  d4.loss_bbox: 0.1079  d4.loss_iou: 0.5318
2026/03/26 12:52:44 - mmengine - INFO - Epoch(train)  [2][200/238]  base_lr: 5.5000e-05 lr: 5.5000e-06  eta: 4:38:40  time: 0.7394  data_time: 0.0043  memory: 10691  grad_norm: 222.4140  loss: 7.7759  loss_cls: 0.6561  loss_bbox: 0.1043  loss_iou: 0.5154  d0.loss_cls: 0.6844  d0.loss_bbox: 0.1170  d0.loss_iou: 0.5673  d1.loss_cls: 0.6650  d1.loss_bbox: 0.1095  d1.loss_iou: 0.5243  d2.loss_cls: 0.6593  d2.loss_bbox: 0.1072  d2.loss_iou: 0.5155  d3.loss_cls: 0.6602  d3.loss_bbox: 0.1042  d3.loss_iou: 0.5108  d4.loss_cls: 0.6582  d4.loss_bbox: 0.1048  d4.loss_iou: 0.5122
2026/03/26 12:53:08 - mmengine - INFO - Exp name: detr_r50_uatd_80e_pretrained_20260326_124055
2026/03/26 12:53:13 - mmengine - INFO - Epoch(val)  [2][ 50/100]    eta: 0:00:04  time: 0.0978  data_time: 0.0269  memory: 10691  
2026/03/26 12:53:17 - mmengine - INFO - Epoch(val)  [2][100/100]    eta: 0:00:00  time: 0.0774  data_time: 0.0191  memory: 1186  
2026/03/26 12:53:18 - mmengine - INFO - Evaluating bbox...
2026/03/26 12:53:22 - mmengine - INFO - bbox_mAP_copypaste: 0.007 0.015 0.005 0.000 0.007 0.011
2026/03/26 12:53:22 - mmengine - INFO - Epoch(val) [2][100/100]    coco/bbox_mAP: 0.0070  coco/bbox_mAP_50: 0.0150  coco/bbox_mAP_75: 0.0050  coco/bbox_mAP_s: 0.0000  coco/bbox_mAP_m: 0.0070  coco/bbox_mAP_l: 0.0110  data_time: 0.0230  time: 0.0876
2026/03/26 12:53:23 - mmengine - INFO - The best checkpoint with 0.0070 coco/bbox_mAP at 2 epoch is saved to best_coco_bbox_mAP_epoch_2.pth.
2026/03/26 12:54:01 - mmengine - INFO - Epoch(train)  [3][ 50/238]  base_lr: 1.0000e-04 lr: 1.0000e-05  eta: 4:27:41  time: 0.7612  data_time: 0.0108  memory: 10691  grad_norm: 193.5624  loss: 7.7715  loss_cls: 0.6582  loss_bbox: 0.1057  loss_iou: 0.5148  d0.loss_cls: 0.6668  d0.loss_bbox: 0.1174  d0.loss_iou: 0.5672  d1.loss_cls: 0.6596  d1.loss_bbox: 0.1089  d1.loss_iou: 0.5263  d2.loss_cls: 0.6618  d2.loss_bbox: 0.1073  d2.loss_iou: 0.5197  d3.loss_cls: 0.6611  d3.loss_bbox: 0.1061  d3.loss_iou: 0.5151  d4.loss_cls: 0.6603  d4.loss_bbox: 0.1049  d4.loss_iou: 0.5101
2026/03/26 12:54:39 - mmengine - INFO - Epoch(train)  [3][100/238]  base_lr: 1.0000e-04 lr: 1.0000e-05  eta: 4:24:21  time: 0.7702  data_time: 0.0039  memory: 10691  grad_norm: 201.7179  loss: 7.6518  loss_cls: 0.6552  loss_bbox: 0.1032  loss_iou: 0.5075  d0.loss_cls: 0.6609  d0.loss_bbox: 0.1120  d0.loss_iou: 0.5519  d1.loss_cls: 0.6612  d1.loss_bbox: 0.1032  d1.loss_iou: 0.5129  d2.loss_cls: 0.6584  d2.loss_bbox: 0.1013  d2.loss_iou: 0.5005  d3.loss_cls: 0.6576  d3.loss_bbox: 0.1014  d3.loss_iou: 0.5022  d4.loss_cls: 0.6567  d4.loss_bbox: 0.1021  d4.loss_iou: 0.5037
2026/03/26 12:55:20 - mmengine - INFO - Epoch(train)  [3][150/238]  base_lr: 1.0000e-04 lr: 1.0000e-05  eta: 4:22:24  time: 0.8087  data_time: 0.0040  memory: 10691  grad_norm: 175.4708  loss: 7.4614  loss_cls: 0.6331  loss_bbox: 0.1016  loss_iou: 0.4895  d0.loss_cls: 0.6415  d0.loss_bbox: 0.1133  d0.loss_iou: 0.5473  d1.loss_cls: 0.6406  d1.loss_bbox: 0.1028  d1.loss_iou: 0.4977  d2.loss_cls: 0.6428  d2.loss_bbox: 0.1025  d2.loss_iou: 0.4953  d3.loss_cls: 0.6390  d3.loss_bbox: 0.1016  d3.loss_iou: 0.4904  d4.loss_cls: 0.6333  d4.loss_bbox: 0.1019  d4.loss_iou: 0.4871
2026/03/26 12:56:02 - mmengine - INFO - Epoch(train)  [3][200/238]  base_lr: 1.0000e-04 lr: 1.0000e-05  eta: 4:21:10  time: 0.8319  data_time: 0.0051  memory: 10691  grad_norm: 164.1688  loss: 7.2564  loss_cls: 0.6253  loss_bbox: 0.0956  loss_iou: 0.4695  d0.loss_cls: 0.6328  d0.loss_bbox: 0.1058  d0.loss_iou: 0.5185  d1.loss_cls: 0.6318  d1.loss_bbox: 0.0990  d1.loss_iou: 0.4898  d2.loss_cls: 0.6293  d2.loss_bbox: 0.0971  d2.loss_iou: 0.4772  d3.loss_cls: 0.6289  d3.loss_bbox: 0.0957  d3.loss_iou: 0.4719  d4.loss_cls: 0.6261  d4.loss_bbox: 0.0949  d4.loss_iou: 0.4674
2026/03/26 12:56:29 - mmengine - INFO - Exp name: detr_r50_uatd_80e_pretrained_20260326_124055
2026/03/26 12:57:17 - mmengine - INFO - Epoch(train)  [4][ 50/238]  base_lr: 1.0000e-04 lr: 1.0000e-05  eta: 4:20:07  time: 0.9539  data_time: 0.0618  memory: 10691  grad_norm: 185.5250  loss: 7.0103  loss_cls: 0.5778  loss_bbox: 0.0912  loss_iou: 0.4799  d0.loss_cls: 0.5807  d0.loss_bbox: 0.1063  d0.loss_iou: 0.5418  d1.loss_cls: 0.5826  d1.loss_bbox: 0.0976  d1.loss_iou: 0.4987  d2.loss_cls: 0.5804  d2.loss_bbox: 0.0936  d2.loss_iou: 0.4805  d3.loss_cls: 0.5789  d3.loss_bbox: 0.0925  d3.loss_iou: 0.4810  d4.loss_cls: 0.5773  d4.loss_bbox: 0.0921  d4.loss_iou: 0.4773
2026/03/26 12:58:03 - mmengine - INFO - Epoch(train)  [4][100/238]  base_lr: 1.0000e-04 lr: 1.0000e-05  eta: 4:20:26  time: 0.9091  data_time: 0.0053  memory: 10691  grad_norm: 191.6259  loss: 6.8876  loss_cls: 0.5738  loss_bbox: 0.0920  loss_iou: 0.4711  d0.loss_cls: 0.5721  d0.loss_bbox: 0.1027  d0.loss_iou: 0.5219  d1.loss_cls: 0.5768  d1.loss_bbox: 0.0952  d1.loss_iou: 0.4869  d2.loss_cls: 0.5738  d2.loss_bbox: 0.0923  d2.loss_iou: 0.4734  d3.loss_cls: 0.5696  d3.loss_bbox: 0.0905  d3.loss_iou: 0.4690  d4.loss_cls: 0.5717  d4.loss_bbox: 0.0905  d4.loss_iou: 0.4643
2026/03/26 12:58:48 - mmengine - INFO - Epoch(train)  [4][150/238]  base_lr: 1.0000e-04 lr: 1.0000e-05  eta: 4:20:43  time: 0.9137  data_time: 0.0068  memory: 10691  grad_norm: 183.1289  loss: 6.8041  loss_cls: 0.5686  loss_bbox: 0.0911  loss_iou: 0.4576  d0.loss_cls: 0.5711  d0.loss_bbox: 0.1030  d0.loss_iou: 0.5149  d1.loss_cls: 0.5691  d1.loss_bbox: 0.0954  d1.loss_iou: 0.4731  d2.loss_cls: 0.5711  d2.loss_bbox: 0.0922  d2.loss_iou: 0.4636  d3.loss_cls: 0.5714  d3.loss_bbox: 0.0914  d3.loss_iou: 0.4585  d4.loss_cls: 0.5684  d4.loss_bbox: 0.0900  d4.loss_iou: 0.4536
2026/03/26 12:59:34 - mmengine - INFO - Epoch(train)  [4][200/238]  base_lr: 1.0000e-04 lr: 1.0000e-05  eta: 4:20:56  time: 0.9178  data_time: 0.0046  memory: 10691  grad_norm: 164.9740  loss: 6.6414  loss_cls: 0.5691  loss_bbox: 0.0865  loss_iou: 0.4345  d0.loss_cls: 0.5704  d0.loss_bbox: 0.0975  d0.loss_iou: 0.4879  d1.loss_cls: 0.5759  d1.loss_bbox: 0.0891  d1.loss_iou: 0.4546  d2.loss_cls: 0.5724  d2.loss_bbox: 0.0868  d2.loss_iou: 0.4384  d3.loss_cls: 0.5700  d3.loss_bbox: 0.0866  d3.loss_iou: 0.4318  d4.loss_cls: 0.5690  d4.loss_bbox: 0.0864  d4.loss_iou: 0.4344
2026/03/26 13:00:12 - mmengine - INFO - Exp name: detr_r50_uatd_80e_pretrained_20260326_124055
2026/03/26 13:00:18 - mmengine - INFO - Epoch(val)  [4][ 50/100]    eta: 0:00:06  time: 0.1262  data_time: 0.0594  memory: 10691  
2026/03/26 13:00:24 - mmengine - INFO - Epoch(val)  [4][100/100]    eta: 0:00:00  time: 0.1146  data_time: 0.0449  memory: 1186  
2026/03/26 13:00:25 - mmengine - INFO - Evaluating bbox...
2026/03/26 13:00:28 - mmengine - INFO - bbox_mAP_copypaste: 0.012 0.031 0.006 0.027 0.012 0.037
2026/03/26 13:00:28 - mmengine - INFO - Epoch(val) [4][100/100]    coco/bbox_mAP: 0.0120  coco/bbox_mAP_50: 0.0310  coco/bbox_mAP_75: 0.0060  coco/bbox_mAP_s: 0.0270  coco/bbox_mAP_m: 0.0120  coco/bbox_mAP_l: 0.0370  data_time: 0.0517  time: 0.1201
2026/03/26 13:00:29 - mmengine - INFO - The previous best checkpoint /workspace/aquaculture-perception/runs/mmdet/uatd/detr_r50_uatd_80e_pretrained/best_coco_bbox_mAP_epoch_2.pth is removed
2026/03/26 13:00:30 - mmengine - INFO - The best checkpoint with 0.0120 coco/bbox_mAP at 4 epoch is saved to best_coco_bbox_mAP_epoch_4.pth.
2026/03/26 13:01:22 - mmengine - INFO - Exp name: detr_r50_uatd_80e_pretrained_20260326_124055
2026/03/26 13:01:25 - mmengine - INFO - Epoch(train)  [5][ 50/238]  base_lr: 9.8697e-05 lr: 9.8697e-06  eta: 4:24:26  time: 1.0893  data_time: 0.0518  memory: 10691  grad_norm: 167.8239  loss: 6.5060  loss_cls: 0.5345  loss_bbox: 0.0892  loss_iou: 0.4413  d0.loss_cls: 0.5454  d0.loss_bbox: 0.0978  d0.loss_iou: 0.4854  d1.loss_cls: 0.5432  d1.loss_bbox: 0.0917  d1.loss_iou: 0.4551  d2.loss_cls: 0.5432  d2.loss_bbox: 0.0911  d2.loss_iou: 0.4489  d3.loss_cls: 0.5375  d3.loss_bbox: 0.0897  d3.loss_iou: 0.4458  d4.loss_cls: 0.5371  d4.loss_bbox: 0.0892  d4.loss_iou: 0.4396
2026/03/26 13:02:15 - mmengine - INFO - Epoch(train)  [5][100/238]  base_lr: 9.8697e-05 lr: 9.8697e-06  eta: 4:25:31  time: 1.0075  data_time: 0.0130  memory: 10691  grad_norm: 182.3475  loss: 6.4692  loss_cls: 0.5170  loss_bbox: 0.0894  loss_iou: 0.4552  d0.loss_cls: 0.5318  d0.loss_bbox: 0.0975  d0.loss_iou: 0.4907  d1.loss_cls: 0.5296  d1.loss_bbox: 0.0925  d1.loss_iou: 0.4733  d2.loss_cls: 0.5245  d2.loss_bbox: 0.0899  d2.loss_iou: 0.4551  d3.loss_cls: 0.5183  d3.loss_bbox: 0.0899  d3.loss_iou: 0.4572  d4.loss_cls: 0.5160  d4.loss_bbox: 0.0885  d4.loss_iou: 0.4530
2026/03/26 13:03:01 - mmengine - INFO - Epoch(train)  [5][150/238]  base_lr: 9.8697e-05 lr: 9.8697e-06  eta: 4:25:23  time: 0.9294  data_time: 0.0047  memory: 10691  grad_norm: 163.2064  loss: 6.3056  loss_cls: 0.5028  loss_bbox: 0.0856  loss_iou: 0.4366  d0.loss_cls: 0.5154  d0.loss_bbox: 0.0976  d0.loss_iou: 0.4897  d1.loss_cls: 0.5144  d1.loss_bbox: 0.0900  d1.loss_iou: 0.4608  d2.loss_cls: 0.5113  d2.loss_bbox: 0.0885  d2.loss_iou: 0.4529  d3.loss_cls: 0.5035  d3.loss_bbox: 0.0873  d3.loss_iou: 0.4453  d4.loss_cls: 0.5034  d4.loss_bbox: 0.0856  d4.loss_iou: 0.4349
2026/03/26 13:03:52 - mmengine - INFO - Epoch(train)  [5][200/238]  base_lr: 9.8697e-05 lr: 9.8697e-06  eta: 4:26:19  time: 1.0178  data_time: 0.0055  memory: 10691  grad_norm: 187.2527  loss: 6.1822  loss_cls: 0.4928  loss_bbox: 0.0826  loss_iou: 0.4360  d0.loss_cls: 0.5151  d0.loss_bbox: 0.0925  d0.loss_iou: 0.4743  d1.loss_cls: 0.5045  d1.loss_bbox: 0.0867  d1.loss_iou: 0.4520  d2.loss_cls: 0.5017  d2.loss_bbox: 0.0838  d2.loss_iou: 0.4387  d3.loss_cls: 0.4937  d3.loss_bbox: 0.0841  d3.loss_iou: 0.4373  d4.loss_cls: 0.4933  d4.loss_bbox: 0.0828  d4.loss_iou: 0.4303
2026/03/26 13:04:23 - mmengine - INFO - Exp name: detr_r50_uatd_80e_pretrained_20260326_124055
2026/03/26 13:05:18 - mmengine - INFO - Epoch(train)  [6][ 50/238]  base_lr: 9.7395e-05 lr: 9.7395e-06  eta: 4:26:38  time: 1.0930  data_time: 0.0690  memory: 10691  grad_norm: 162.8385  loss: 6.1291  loss_cls: 0.4692  loss_bbox: 0.0876  loss_iou: 0.4443  d0.loss_cls: 0.5044  d0.loss_bbox: 0.0941  d0.loss_iou: 0.4755  d1.loss_cls: 0.4999  d1.loss_bbox: 0.0875  d1.loss_iou: 0.4438  d2.loss_cls: 0.4896  d2.loss_bbox: 0.0877  d2.loss_iou: 0.4387  d3.loss_cls: 0.4668  d3.loss_bbox: 0.0891  d3.loss_iou: 0.4501  d4.loss_cls: 0.4682  d4.loss_bbox: 0.0879  d4.loss_iou: 0.4448
2026/03/26 13:06:10 - mmengine - INFO - Epoch(train)  [6][100/238]  base_lr: 9.7395e-05 lr: 9.7395e-06  eta: 4:27:41  time: 1.0553  data_time: 0.0053  memory: 10691  grad_norm: 187.7095  loss: 5.9196  loss_cls: 0.4367  loss_bbox: 0.0833  loss_iou: 0.4416  d0.loss_cls: 0.4781  d0.loss_bbox: 0.0906  d0.loss_iou: 0.4741  d1.loss_cls: 0.4662  d1.loss_bbox: 0.0859  d1.loss_iou: 0.4480  d2.loss_cls: 0.4590  d2.loss_bbox: 0.0835  d2.loss_iou: 0.4401  d3.loss_cls: 0.4334  d3.loss_bbox: 0.0846  d3.loss_iou: 0.4479  d4.loss_cls: 0.4367  d4.loss_bbox: 0.0844  d4.loss_iou: 0.4455
2026/03/26 13:06:55 - mmengine - INFO - Epoch(train)  [6][150/238]  base_lr: 9.7395e-05 lr: 9.7395e-06  eta: 4:26:46  time: 0.8901  data_time: 0.0043  memory: 10691  grad_norm: 194.3605  loss: 5.9379  loss_cls: 0.4104  loss_bbox: 0.0899  loss_iou: 0.4703  d0.loss_cls: 0.4589  d0.loss_bbox: 0.0935  d0.loss_iou: 0.4813  d1.loss_cls: 0.4496  d1.loss_bbox: 0.0903  d1.loss_iou: 0.4688  d2.loss_cls: 0.4358  d2.loss_bbox: 0.0884  d2.loss_iou: 0.4610  d3.loss_cls: 0.4085  d3.loss_bbox: 0.0915  d3.loss_iou: 0.4792  d4.loss_cls: 0.4085  d4.loss_bbox: 0.0883  d4.loss_iou: 0.4637
2026/03/26 13:07:39 - mmengine - INFO - Epoch(train)  [6][200/238]  base_lr: 9.7395e-05 lr: 9.7395e-06  eta: 4:25:45  time: 0.8800  data_time: 0.0043  memory: 10691  grad_norm: 226.2281  loss: 5.8627  loss_cls: 0.3743  loss_bbox: 0.0918  loss_iou: 0.4907  d0.loss_cls: 0.4472  d0.loss_bbox: 0.0935  d0.loss_iou: 0.4788  d1.loss_cls: 0.4276  d1.loss_bbox: 0.0906  d1.loss_iou: 0.4676  d2.loss_cls: 0.4127  d2.loss_bbox: 0.0884  d2.loss_iou: 0.4729  d3.loss_cls: 0.3788  d3.loss_bbox: 0.0926  d3.loss_iou: 0.4930  d4.loss_cls: 0.3758  d4.loss_bbox: 0.0928  d4.loss_iou: 0.4936
2026/03/26 13:08:10 - mmengine - INFO - Exp name: detr_r50_uatd_80e_pretrained_20260326_124055
2026/03/26 13:08:18 - mmengine - INFO - Epoch(val)  [6][ 50/100]    eta: 0:00:07  time: 0.1495  data_time: 0.0411  memory: 10691  
2026/03/26 13:08:22 - mmengine - INFO - Epoch(val)  [6][100/100]    eta: 0:00:00  time: 0.0931  data_time: 0.0223  memory: 1186  
2026/03/26 13:08:24 - mmengine - INFO - Evaluating bbox...
2026/03/26 13:08:28 - mmengine - INFO - bbox_mAP_copypaste: 0.076 0.195 0.039 0.045 0.078 0.105
2026/03/26 13:08:28 - mmengine - INFO - Epoch(val) [6][100/100]    coco/bbox_mAP: 0.0760  coco/bbox_mAP_50: 0.1950  coco/bbox_mAP_75: 0.0390  coco/bbox_mAP_s: 0.0450  coco/bbox_mAP_m: 0.0780  coco/bbox_mAP_l: 0.1050  data_time: 0.0314  time: 0.1206
2026/03/26 13:08:28 - mmengine - INFO - The previous best checkpoint /workspace/aquaculture-perception/runs/mmdet/uatd/detr_r50_uatd_80e_pretrained/best_coco_bbox_mAP_epoch_4.pth is removed
2026/03/26 13:08:29 - mmengine - INFO - The best checkpoint with 0.0760 coco/bbox_mAP at 6 epoch is saved to best_coco_bbox_mAP_epoch_6.pth.
2026/03/26 13:09:18 - mmengine - INFO - Epoch(train)  [7][ 50/238]  base_lr: 9.6092e-05 lr: 9.6092e-06  eta: 4:24:33  time: 0.9750  data_time: 0.0813  memory: 10691  grad_norm: 225.8423  loss: 5.7435  loss_cls: 0.3513  loss_bbox: 0.0901  loss_iou: 0.4965  d0.loss_cls: 0.4289  d0.loss_bbox: 0.0921  d0.loss_iou: 0.4876  d1.loss_cls: 0.4027  d1.loss_bbox: 0.0887  d1.loss_iou: 0.4793  d2.loss_cls: 0.3870  d2.loss_bbox: 0.0880  d2.loss_iou: 0.4753  d3.loss_cls: 0.3503  d3.loss_bbox: 0.0909  d3.loss_iou: 0.4994  d4.loss_cls: 0.3486  d4.loss_bbox: 0.0907  d4.loss_iou: 0.4963
2026/03/26 13:10:00 - mmengine - INFO - Epoch(train)  [7][100/238]  base_lr: 9.6092e-05 lr: 9.6092e-06  eta: 4:23:19  time: 0.8530  data_time: 0.0038  memory: 10691  grad_norm: 222.9910  loss: 5.6426  loss_cls: 0.3269  loss_bbox: 0.0919  loss_iou: 0.4976  d0.loss_cls: 0.4100  d0.loss_bbox: 0.0935  d0.loss_iou: 0.4859  d1.loss_cls: 0.3801  d1.loss_bbox: 0.0911  d1.loss_iou: 0.4864  d2.loss_cls: 0.3648  d2.loss_bbox: 0.0902  d2.loss_iou: 0.4840  d3.loss_cls: 0.3277  d3.loss_bbox: 0.0923  d3.loss_iou: 0.5033  d4.loss_cls: 0.3225  d4.loss_bbox: 0.0934  d4.loss_iou: 0.5010
2026/03/26 13:10:40 - mmengine - INFO - Epoch(train)  [7][150/238]  base_lr: 9.6092e-05 lr: 9.6092e-06  eta: 4:21:39  time: 0.8030  data_time: 0.0036  memory: 10691  grad_norm: 167.0751  loss: 5.5513  loss_cls: 0.2986  loss_bbox: 0.0928  loss_iou: 0.4996  d0.loss_cls: 0.3907  d0.loss_bbox: 0.0964  d0.loss_iou: 0.4983  d1.loss_cls: 0.3551  d1.loss_bbox: 0.0944  d1.loss_iou: 0.4935  d2.loss_cls: 0.3408  d2.loss_bbox: 0.0923  d2.loss_iou: 0.4901  d3.loss_cls: 0.3067  d3.loss_bbox: 0.0945  d3.loss_iou: 0.5106  d4.loss_cls: 0.3021  d4.loss_bbox: 0.0922  d4.loss_iou: 0.5027
2026/03/26 13:11:21 - mmengine - INFO - Epoch(train)  [7][200/238]  base_lr: 9.6092e-05 lr: 9.6092e-06  eta: 4:20:08  time: 0.8128  data_time: 0.0039  memory: 10691  grad_norm: 212.6632  loss: 5.6494  loss_cls: 0.3089  loss_bbox: 0.0949  loss_iou: 0.5172  d0.loss_cls: 0.3992  d0.loss_bbox: 0.0943  d0.loss_iou: 0.4961  d1.loss_cls: 0.3653  d1.loss_bbox: 0.0927  d1.loss_iou: 0.4962  d2.loss_cls: 0.3435  d2.loss_bbox: 0.0919  d2.loss_iou: 0.4975  d3.loss_cls: 0.3115  d3.loss_bbox: 0.0957  d3.loss_iou: 0.5236  d4.loss_cls: 0.3064  d4.loss_bbox: 0.0951  d4.loss_iou: 0.5195
2026/03/26 13:11:51 - mmengine - INFO - Exp name: detr_r50_uatd_80e_pretrained_20260326_124055
2026/03/26 13:12:40 - mmengine - INFO - Epoch(train)  [8][ 50/238]  base_lr: 9.4789e-05 lr: 9.4789e-06  eta: 4:18:54  time: 0.9901  data_time: 0.0458  memory: 10691  grad_norm: 197.5353  loss: 5.4269  loss_cls: 0.2719  loss_bbox: 0.0941  loss_iou: 0.5065  d0.loss_cls: 0.3750  d0.loss_bbox: 0.0926  d0.loss_iou: 0.4890  d1.loss_cls: 0.3320  d1.loss_bbox: 0.0937  d1.loss_iou: 0.5037  d2.loss_cls: 0.3057  d2.loss_bbox: 0.0940  d2.loss_iou: 0.5036  d3.loss_cls: 0.2780  d3.loss_bbox: 0.0950  d3.loss_iou: 0.5165  d4.loss_cls: 0.2709  d4.loss_bbox: 0.0950  d4.loss_iou: 0.5098
2026/03/26 13:13:26 - mmengine - INFO - Epoch(train)  [8][100/238]  base_lr: 9.4789e-05 lr: 9.4789e-06  eta: 4:18:12  time: 0.9017  data_time: 0.0041  memory: 10691  grad_norm: 174.3498  loss: 5.4981  loss_cls: 0.2856  loss_bbox: 0.0937  loss_iou: 0.5080  d0.loss_cls: 0.3903  d0.loss_bbox: 0.0952  d0.loss_iou: 0.4993  d1.loss_cls: 0.3441  d1.loss_bbox: 0.0928  d1.loss_iou: 0.4963  d2.loss_cls: 0.3232  d2.loss_bbox: 0.0916  d2.loss_iou: 0.4963  d3.loss_cls: 0.2919  d3.loss_bbox: 0.0937  d3.loss_iou: 0.5098  d4.loss_cls: 0.2857  d4.loss_bbox: 0.0933  d4.loss_iou: 0.5072
2026/03/26 13:14:08 - mmengine - INFO - Epoch(train)  [8][150/238]  base_lr: 9.4789e-05 lr: 9.4789e-06  eta: 4:17:06  time: 0.8526  data_time: 0.0041  memory: 10691  grad_norm: 161.7348  loss: 5.4061  loss_cls: 0.2740  loss_bbox: 0.0926  loss_iou: 0.5060  d0.loss_cls: 0.3735  d0.loss_bbox: 0.0917  d0.loss_iou: 0.4870  d1.loss_cls: 0.3409  d1.loss_bbox: 0.0912  d1.loss_iou: 0.4897  d2.loss_cls: 0.3140  d2.loss_bbox: 0.0910  d2.loss_iou: 0.4939  d3.loss_cls: 0.2779  d3.loss_bbox: 0.0942  d3.loss_iou: 0.5138  d4.loss_cls: 0.2742  d4.loss_bbox: 0.0929  d4.loss_iou: 0.5076
2026/03/26 13:14:52 - mmengine - INFO - Epoch(train)  [8][200/238]  base_lr: 9.4789e-05 lr: 9.4789e-06  eta: 4:16:16  time: 0.8839  data_time: 0.0046  memory: 10691  grad_norm: 185.4543  loss: 5.3431  loss_cls: 0.2501  loss_bbox: 0.0955  loss_iou: 0.5130  d0.loss_cls: 0.3482  d0.loss_bbox: 0.0955  d0.loss_iou: 0.5075  d1.loss_cls: 0.3086  d1.loss_bbox: 0.0941  d1.loss_iou: 0.5052  d2.loss_cls: 0.2902  d2.loss_bbox: 0.0941  d2.loss_iou: 0.5054  d3.loss_cls: 0.2598  d3.loss_bbox: 0.0966  d3.loss_iou: 0.5164  d4.loss_cls: 0.2501  d4.loss_bbox: 0.0964  d4.loss_iou: 0.5163
2026/03/26 13:15:23 - mmengine - INFO - Exp name: detr_r50_uatd_80e_pretrained_20260326_124055
2026/03/26 13:15:29 - mmengine - INFO - Epoch(val)  [8][ 50/100]    eta: 0:00:05  time: 0.1154  data_time: 0.0322  memory: 10691  
2026/03/26 13:15:33 - mmengine - INFO - Epoch(val)  [8][100/100]    eta: 0:00:00  time: 0.0939  data_time: 0.0230  memory: 1186  
2026/03/26 13:15:35 - mmengine - INFO - Evaluating bbox...
2026/03/26 13:15:39 - mmengine - INFO - bbox_mAP_copypaste: 0.136 0.354 0.076 0.354 0.132 0.164
2026/03/26 13:15:39 - mmengine - INFO - Epoch(val) [8][100/100]    coco/bbox_mAP: 0.1360  coco/bbox_mAP_50: 0.3540  coco/bbox_mAP_75: 0.0760  coco/bbox_mAP_s: 0.3540  coco/bbox_mAP_m: 0.1320  coco/bbox_mAP_l: 0.1640  data_time: 0.0274  time: 0.1040
2026/03/26 13:15:39 - mmengine - INFO - The previous best checkpoint /workspace/aquaculture-perception/runs/mmdet/uatd/detr_r50_uatd_80e_pretrained/best_coco_bbox_mAP_epoch_6.pth is removed
2026/03/26 13:15:40 - mmengine - INFO - The best checkpoint with 0.1360 coco/bbox_mAP at 8 epoch is saved to best_coco_bbox_mAP_epoch_8.pth.
2026/03/26 13:16:32 - mmengine - INFO - Epoch(train)  [9][ 50/238]  base_lr: 9.3487e-05 lr: 9.3487e-06  eta: 4:15:30  time: 1.0388  data_time: 0.0647  memory: 10691  grad_norm: 201.7562  loss: 5.2631  loss_cls: 0.2199  loss_bbox: 0.0994  loss_iou: 0.5300  d0.loss_cls: 0.3355  d0.loss_bbox: 0.0965  d0.loss_iou: 0.5016  d1.loss_cls: 0.2873  d1.loss_bbox: 0.0974  d1.loss_iou: 0.5100  d2.loss_cls: 0.2598  d2.loss_bbox: 0.0979  d2.loss_iou: 0.5166  d3.loss_cls: 0.2343  d3.loss_bbox: 0.0992  d3.loss_iou: 0.5291  d4.loss_cls: 0.2233  d4.loss_bbox: 0.0990  d4.loss_iou: 0.5262
2026/03/26 13:17:12 - mmengine - INFO - Exp name: detr_r50_uatd_80e_pretrained_20260326_124055
2026/03/26 13:17:16 - mmengine - INFO - Epoch(train)  [9][100/238]  base_lr: 9.3487e-05 lr: 9.3487e-06  eta: 4:14:38  time: 0.8805  data_time: 0.0044  memory: 10691  grad_norm: 196.7221  loss: 5.1226  loss_cls: 0.2218  loss_bbox: 0.0931  loss_iou: 0.5089  d0.loss_cls: 0.3300  d0.loss_bbox: 0.0930  d0.loss_iou: 0.4921  d1.loss_cls: 0.2853  d1.loss_bbox: 0.0908  d1.loss_iou: 0.4880  d2.loss_cls: 0.2638  d2.loss_bbox: 0.0915  d2.loss_iou: 0.4964  d3.loss_cls: 0.2294  d3.loss_bbox: 0.0938  d3.loss_iou: 0.5162  d4.loss_cls: 0.2239  d4.loss_bbox: 0.0938  d4.loss_iou: 0.5107
2026/03/26 13:18:00 - mmengine - INFO - Epoch(train)  [9][150/238]  base_lr: 9.3487e-05 lr: 9.3487e-06  eta: 4:13:51  time: 0.8912  data_time: 0.0045  memory: 10691  grad_norm: 202.3358  loss: 5.2417  loss_cls: 0.2164  loss_bbox: 0.0980  loss_iou: 0.5300  d0.loss_cls: 0.3279  d0.loss_bbox: 0.0957  d0.loss_iou: 0.5095  d1.loss_cls: 0.2858  d1.loss_bbox: 0.0942  d1.loss_iou: 0.5062  d2.loss_cls: 0.2579  d2.loss_bbox: 0.0958  d2.loss_iou: 0.5166  d3.loss_cls: 0.2273  d3.loss_bbox: 0.0980  d3.loss_iou: 0.5346  d4.loss_cls: 0.2191  d4.loss_bbox: 0.0981  d4.loss_iou: 0.5306
2026/03/26 13:18:45 - mmengine - INFO - Epoch(train)  [9][200/238]  base_lr: 9.3487e-05 lr: 9.3487e-06  eta: 4:13:06  time: 0.8955  data_time: 0.0048  memory: 10691  grad_norm: inf  loss: 5.2433  loss_cls: 0.2186  loss_bbox: 0.0989  loss_iou: 0.5282  d0.loss_cls: 0.3251  d0.loss_bbox: 0.0976  d0.loss_iou: 0.5115  d1.loss_cls: 0.2826  d1.loss_bbox: 0.0962  d1.loss_iou: 0.5072  d2.loss_cls: 0.2568  d2.loss_bbox: 0.0976  d2.loss_iou: 0.5160  d3.loss_cls: 0.2273  d3.loss_bbox: 0.1002  d3.loss_iou: 0.5317  d4.loss_cls: 0.2219  d4.loss_bbox: 0.0990  d4.loss_iou: 0.5269
2026/03/26 13:19:13 - mmengine - INFO - Exp name: detr_r50_uatd_80e_pretrained_20260326_124055
2026/03/26 13:20:01 - mmengine - INFO - Epoch(train) [10][ 50/238]  base_lr: 9.2184e-05 lr: 9.2184e-06  eta: 4:11:20  time: 0.9563  data_time: 0.0590  memory: 10691  grad_norm: 190.5518  loss: 5.1644  loss_cls: 0.1934  loss_bbox: 0.1004  loss_iou: 0.5395  d0.loss_cls: 0.3094  d0.loss_bbox: 0.0971  d0.loss_iou: 0.5162  d1.loss_cls: 0.2606  d1.loss_bbox: 0.0955  d1.loss_iou: 0.5160  d2.loss_cls: 0.2319  d2.loss_bbox: 0.0979  d2.loss_iou: 0.5254  d3.loss_cls: 0.1984  d3.loss_bbox: 0.1019  d3.loss_iou: 0.5455  d4.loss_cls: 0.1940  d4.loss_bbox: 0.1011  d4.loss_iou: 0.5402
2026/03/26 13:20:44 - mmengine - INFO - Epoch(train) [10][100/238]  base_lr: 9.2184e-05 lr: 9.2184e-06  eta: 4:10:23  time: 0.8632  data_time: 0.0042  memory: 10691  grad_norm: 211.2210  loss: 5.0372  loss_cls: 0.1834  loss_bbox: 0.0975  loss_iou: 0.5320  d0.loss_cls: 0.3111  d0.loss_bbox: 0.0935  d0.loss_iou: 0.4973  d1.loss_cls: 0.2552  d1.loss_bbox: 0.0928  d1.loss_iou: 0.5026  d2.loss_cls: 0.2255  d2.loss_bbox: 0.0951  d2.loss_iou: 0.5130  d3.loss_cls: 0.1926  d3.loss_bbox: 0.0978  d3.loss_iou: 0.5349  d4.loss_cls: 0.1837  d4.loss_bbox: 0.0974  d4.loss_iou: 0.5318
2026/03/26 13:21:29 - mmengine - INFO - Epoch(train) [10][150/238]  base_lr: 9.2184e-05 lr: 9.2184e-06  eta: 4:09:43  time: 0.9057  data_time: 0.0045  memory: 10691  grad_norm: 199.2920  loss: 5.0743  loss_cls: 0.1804  loss_bbox: 0.0987  loss_iou: 0.5371  d0.loss_cls: 0.2920  d0.loss_bbox: 0.0964  d0.loss_iou: 0.5137  d1.loss_cls: 0.2386  d1.loss_bbox: 0.0986  d1.loss_iou: 0.5265  d2.loss_cls: 0.2134  d2.loss_bbox: 0.0988  d2.loss_iou: 0.5295  d3.loss_cls: 0.1863  d3.loss_bbox: 0.1004  d3.loss_iou: 0.5466  d4.loss_cls: 0.1827  d4.loss_bbox: 0.0987  d4.loss_iou: 0.5360
2026/03/26 13:22:13 - mmengine - INFO - Epoch(train) [10][200/238]  base_lr: 9.2184e-05 lr: 9.2184e-06  eta: 4:08:50  time: 0.8733  data_time: 0.0044  memory: 10691  grad_norm: 213.5795  loss: 5.1229  loss_cls: 0.1882  loss_bbox: 0.0985  loss_iou: 0.5287  d0.loss_cls: 0.3025  d0.loss_bbox: 0.0986  d0.loss_iou: 0.5146  d1.loss_cls: 0.2504  d1.loss_bbox: 0.0990  d1.loss_iou: 0.5282  d2.loss_cls: 0.2215  d2.loss_bbox: 0.0993  d2.loss_iou: 0.5309  d3.loss_cls: 0.1965  d3.loss_bbox: 0.1004  d3.loss_iou: 0.5400  d4.loss_cls: 0.1926  d4.loss_bbox: 0.0991  d4.loss_iou: 0.5338
2026/03/26 13:22:40 - mmengine - INFO - Exp name: detr_r50_uatd_80e_pretrained_20260326_124055
2026/03/26 13:22:44 - mmengine - INFO - Epoch(val) [10][ 50/100]    eta: 0:00:04  time: 0.0948  data_time: 0.0253  memory: 10691  
2026/03/26 13:22:47 - mmengine - INFO - Epoch(val) [10][100/100]    eta: 0:00:00  time: 0.0621  data_time: 0.0145  memory: 1186  
2026/03/26 13:22:49 - mmengine - INFO - Evaluating bbox...
2026/03/26 13:22:53 - mmengine - INFO - bbox_mAP_copypaste: 0.158 0.439 0.071 0.166 0.157 0.189
2026/03/26 13:22:53 - mmengine - INFO - Epoch(val) [10][100/100]    coco/bbox_mAP: 0.1580  coco/bbox_mAP_50: 0.4390  coco/bbox_mAP_75: 0.0710  coco/bbox_mAP_s: 0.1660  coco/bbox_mAP_m: 0.1570  coco/bbox_mAP_l: 0.1890  data_time: 0.0198  time: 0.0782
2026/03/26 13:22:53 - mmengine - INFO - The previous best checkpoint /workspace/aquaculture-perception/runs/mmdet/uatd/detr_r50_uatd_80e_pretrained/best_coco_bbox_mAP_epoch_8.pth is removed
2026/03/26 13:22:54 - mmengine - INFO - The best checkpoint with 0.1580 coco/bbox_mAP at 10 epoch is saved to best_coco_bbox_mAP_epoch_10.pth.
2026/03/26 13:23:34 - mmengine - INFO - Epoch(train) [11][ 50/238]  base_lr: 9.0882e-05 lr: 9.0882e-06  eta: 4:06:10  time: 0.7992  data_time: 0.0138  memory: 10691  grad_norm: 215.1905  loss: 4.9356  loss_cls: 0.1740  loss_bbox: 0.0937  loss_iou: 0.5185  d0.loss_cls: 0.2845  d0.loss_bbox: 0.0941  d0.loss_iou: 0.5019  d1.loss_cls: 0.2329  d1.loss_bbox: 0.0954  d1.loss_iou: 0.5184  d2.loss_cls: 0.2022  d2.loss_bbox: 0.0957  d2.loss_iou: 0.5234  d3.loss_cls: 0.1790  d3.loss_bbox: 0.0960  d3.loss_iou: 0.5306  d4.loss_cls: 0.1760  d4.loss_bbox: 0.0951  d4.loss_iou: 0.5242
2026/03/26 13:24:12 - mmengine - INFO - Epoch(train) [11][100/238]  base_lr: 9.0882e-05 lr: 9.0882e-06  eta: 4:04:43  time: 0.7610  data_time: 0.0034  memory: 10691  grad_norm: 208.6034  loss: 4.8564  loss_cls: 0.1585  loss_bbox: 0.0969  loss_iou: 0.5213  d0.loss_cls: 0.2701  d0.loss_bbox: 0.0946  d0.loss_iou: 0.5048  d1.loss_cls: 0.2225  d1.loss_bbox: 0.0959  d1.loss_iou: 0.5157  d2.loss_cls: 0.1885  d2.loss_bbox: 0.0978  d2.loss_iou: 0.5227  d3.loss_cls: 0.1605  d3.loss_bbox: 0.0983  d3.loss_iou: 0.5304  d4.loss_cls: 0.1578  d4.loss_bbox: 0.0973  d4.loss_iou: 0.5231
2026/03/26 13:24:51 - mmengine - INFO - Epoch(train) [11][150/238]  base_lr: 9.0882e-05 lr: 9.0882e-06  eta: 4:03:24  time: 0.7788  data_time: 0.0034  memory: 10691  grad_norm: 186.6487  loss: 4.8065  loss_cls: 0.1543  loss_bbox: 0.0948  loss_iou: 0.5191  d0.loss_cls: 0.2622  d0.loss_bbox: 0.0948  d0.loss_iou: 0.5117  d1.loss_cls: 0.2118  d1.loss_bbox: 0.0939  d1.loss_iou: 0.5106  d2.loss_cls: 0.1852  d2.loss_bbox: 0.0944  d2.loss_iou: 0.5146  d3.loss_cls: 0.1612  d3.loss_bbox: 0.0960  d3.loss_iou: 0.5268  d4.loss_cls: 0.1546  d4.loss_bbox: 0.0958  d4.loss_iou: 0.5247
2026/03/26 13:25:29 - mmengine - INFO - Epoch(train) [11][200/238]  base_lr: 9.0882e-05 lr: 9.0882e-06  eta: 4:02:00  time: 0.7612  data_time: 0.0038  memory: 10691  grad_norm: 208.3577  loss: 4.8684  loss_cls: 0.1526  loss_bbox: 0.0953  loss_iou: 0.5275  d0.loss_cls: 0.2670  d0.loss_bbox: 0.0950  d0.loss_iou: 0.5130  d1.loss_cls: 0.2155  d1.loss_bbox: 0.0947  d1.loss_iou: 0.5204  d2.loss_cls: 0.1841  d2.loss_bbox: 0.0965  d2.loss_iou: 0.5309  d3.loss_cls: 0.1594  d3.loss_bbox: 0.0970  d3.loss_iou: 0.5409  d4.loss_cls: 0.1510  d4.loss_bbox: 0.0957  d4.loss_iou: 0.5321
2026/03/26 13:25:57 - mmengine - INFO - Exp name: detr_r50_uatd_80e_pretrained_20260326_124055
2026/03/26 13:26:39 - mmengine - INFO - Epoch(train) [12][ 50/238]  base_lr: 8.9579e-05 lr: 8.9579e-06  eta: 3:59:57  time: 0.8457  data_time: 0.0334  memory: 10691  grad_norm: 260.6950  loss: 4.7789  loss_cls: 0.1440  loss_bbox: 0.0953  loss_iou: 0.5227  d0.loss_cls: 0.2617  d0.loss_bbox: 0.0949  d0.loss_iou: 0.5066  d1.loss_cls: 0.1974  d1.loss_bbox: 0.0951  d1.loss_iou: 0.5206  d2.loss_cls: 0.1739  d2.loss_bbox: 0.0950  d2.loss_iou: 0.5214  d3.loss_cls: 0.1517  d3.loss_bbox: 0.0966  d3.loss_iou: 0.5332  d4.loss_cls: 0.1450  d4.loss_bbox: 0.0956  d4.loss_iou: 0.5281
2026/03/26 13:27:19 - mmengine - INFO - Epoch(train) [12][100/238]  base_lr: 8.9579e-05 lr: 8.9579e-06  eta: 3:58:50  time: 0.8002  data_time: 0.0037  memory: 10691  grad_norm: 193.7202  loss: 4.7247  loss_cls: 0.1432  loss_bbox: 0.0947  loss_iou: 0.5181  d0.loss_cls: 0.2515  d0.loss_bbox: 0.0920  d0.loss_iou: 0.4985  d1.loss_cls: 0.2063  d1.loss_bbox: 0.0925  d1.loss_iou: 0.5104  d2.loss_cls: 0.1749  d2.loss_bbox: 0.0960  d2.loss_iou: 0.5228  d3.loss_cls: 0.1496  d3.loss_bbox: 0.0954  d3.loss_iou: 0.5217  d4.loss_cls: 0.1408  d4.loss_bbox: 0.0954  d4.loss_iou: 0.5208
2026/03/26 13:27:58 - mmengine - INFO - Epoch(train) [12][150/238]  base_lr: 8.9579e-05 lr: 8.9579e-06  eta: 3:57:34  time: 0.7716  data_time: 0.0037  memory: 10691  grad_norm: 220.9539  loss: 4.8873  loss_cls: 0.1584  loss_bbox: 0.0962  loss_iou: 0.5253  d0.loss_cls: 0.2707  d0.loss_bbox: 0.0948  d0.loss_iou: 0.5142  d1.loss_cls: 0.2190  d1.loss_bbox: 0.0947  d1.loss_iou: 0.5174  d2.loss_cls: 0.1896  d2.loss_bbox: 0.0965  d2.loss_iou: 0.5302  d3.loss_cls: 0.1648  d3.loss_bbox: 0.0979  d3.loss_iou: 0.5336  d4.loss_cls: 0.1581  d4.loss_bbox: 0.0973  d4.loss_iou: 0.5287
2026/03/26 13:28:36 - mmengine - INFO - Epoch(train) [12][200/238]  base_lr: 8.9579e-05 lr: 8.9579e-06  eta: 3:56:17  time: 0.7591  data_time: 0.0037  memory: 10691  grad_norm: 215.1585  loss: 4.7351  loss_cls: 0.1265  loss_bbox: 0.0958  loss_iou: 0.5274  d0.loss_cls: 0.2381  d0.loss_bbox: 0.0945  d0.loss_iou: 0.5176  d1.loss_cls: 0.1838  d1.loss_bbox: 0.0965  d1.loss_iou: 0.5308  d2.loss_cls: 0.1529  d2.loss_bbox: 0.0990  d2.loss_iou: 0.5450  d3.loss_cls: 0.1318  d3.loss_bbox: 0.0980  d3.loss_iou: 0.5431  d4.loss_cls: 0.1267  d4.loss_bbox: 0.0968  d4.loss_iou: 0.5309
2026/03/26 13:29:01 - mmengine - INFO - Exp name: detr_r50_uatd_80e_pretrained_20260326_124055
2026/03/26 13:29:05 - mmengine - INFO - Epoch(val) [12][ 50/100]    eta: 0:00:04  time: 0.0848  data_time: 0.0263  memory: 10691  
2026/03/26 13:29:09 - mmengine - INFO - Epoch(val) [12][100/100]    eta: 0:00:00  time: 0.0772  data_time: 0.0186  memory: 1186  
2026/03/26 13:29:10 - mmengine - INFO - Evaluating bbox...
2026/03/26 13:29:14 - mmengine - INFO - bbox_mAP_copypaste: 0.187 0.484 0.089 0.286 0.182 0.235
2026/03/26 13:29:14 - mmengine - INFO - Epoch(val) [12][100/100]    coco/bbox_mAP: 0.1870  coco/bbox_mAP_50: 0.4840  coco/bbox_mAP_75: 0.0890  coco/bbox_mAP_s: 0.2860  coco/bbox_mAP_m: 0.1820  coco/bbox_mAP_l: 0.2350  data_time: 0.0223  time: 0.0807
2026/03/26 13:29:14 - mmengine - INFO - The previous best checkpoint /workspace/aquaculture-perception/runs/mmdet/uatd/detr_r50_uatd_80e_pretrained/best_coco_bbox_mAP_epoch_10.pth is removed
2026/03/26 13:29:15 - mmengine - INFO - The best checkpoint with 0.1870 coco/bbox_mAP at 12 epoch is saved to best_coco_bbox_mAP_epoch_12.pth.
2026/03/26 13:30:01 - mmengine - INFO - Epoch(train) [13][ 50/238]  base_lr: 8.8276e-05 lr: 8.8276e-06  eta: 3:54:28  time: 0.9161  data_time: 0.0343  memory: 10691  grad_norm: 249.1550  loss: 4.7629  loss_cls: 0.1369  loss_bbox: 0.0966  loss_iou: 0.5254  d0.loss_cls: 0.2416  d0.loss_bbox: 0.0977  d0.loss_iou: 0.5234  d1.loss_cls: 0.1961  d1.loss_bbox: 0.0953  d1.loss_iou: 0.5205  d2.loss_cls: 0.1658  d2.loss_bbox: 0.0960  d2.loss_iou: 0.5293  d3.loss_cls: 0.1425  d3.loss_bbox: 0.0974  d3.loss_iou: 0.5360  d4.loss_cls: 0.1377  d4.loss_bbox: 0.0964  d4.loss_iou: 0.5281
2026/03/26 13:30:44 - mmengine - INFO - Epoch(train) [13][100/238]  base_lr: 8.8276e-05 lr: 8.8276e-06  eta: 3:53:39  time: 0.8523  data_time: 0.0053  memory: 10691  grad_norm: 282.8536  loss: 4.6532  loss_cls: 0.1227  loss_bbox: 0.0949  loss_iou: 0.5261  d0.loss_cls: 0.2317  d0.loss_bbox: 0.0942  d0.loss_iou: 0.5069  d1.loss_cls: 0.1794  d1.loss_bbox: 0.0953  d1.loss_iou: 0.5224  d2.loss_cls: 0.1544  d2.loss_bbox: 0.0951  d2.loss_iou: 0.5222  d3.loss_cls: 0.1297  d3.loss_bbox: 0.0966  d3.loss_iou: 0.5337  d4.loss_cls: 0.1235  d4.loss_bbox: 0.0959  d4.loss_iou: 0.5283
2026/03/26 13:31:24 - mmengine - INFO - Exp name: detr_r50_uatd_80e_pretrained_20260326_124055
2026/03/26 13:31:29 - mmengine - INFO - Epoch(train) [13][150/238]  base_lr: 8.8276e-05 lr: 8.8276e-06  eta: 3:53:03  time: 0.8989  data_time: 0.0062  memory: 10691  grad_norm: 219.4220  loss: 4.5803  loss_cls: 0.1172  loss_bbox: 0.0936  loss_iou: 0.5173  d0.loss_cls: 0.2189  d0.loss_bbox: 0.0948  d0.loss_iou: 0.5188  d1.loss_cls: 0.1721  d1.loss_bbox: 0.0934  d1.loss_iou: 0.5121  d2.loss_cls: 0.1415  d2.loss_bbox: 0.0948  d2.loss_iou: 0.5276  d3.loss_cls: 0.1243  d3.loss_bbox: 0.0948  d3.loss_iou: 0.5268  d4.loss_cls: 0.1151  d4.loss_bbox: 0.0945  d4.loss_iou: 0.5227
2026/03/26 13:32:12 - mmengine - INFO - Epoch(train) [13][200/238]  base_lr: 8.8276e-05 lr: 8.8276e-06  eta: 3:52:16  time: 0.8615  data_time: 0.0065  memory: 10691  grad_norm: 186.1726  loss: 4.6844  loss_cls: 0.1204  loss_bbox: 0.0962  loss_iou: 0.5254  d0.loss_cls: 0.2157  d0.loss_bbox: 0.0986  d0.loss_iou: 0.5330  d1.loss_cls: 0.1714  d1.loss_bbox: 0.0981  d1.loss_iou: 0.5368  d2.loss_cls: 0.1482  d2.loss_bbox: 0.0983  d2.loss_iou: 0.5322  d3.loss_cls: 0.1280  d3.loss_bbox: 0.0976  d3.loss_iou: 0.5367  d4.loss_cls: 0.1247  d4.loss_bbox: 0.0962  d4.loss_iou: 0.5269
2026/03/26 13:32:36 - mmengine - INFO - Exp name: detr_r50_uatd_80e_pretrained_20260326_124055
2026/03/26 13:33:26 - mmengine - INFO - Epoch(train) [14][ 50/238]  base_lr: 8.6974e-05 lr: 8.6974e-06  eta: 3:50:48  time: 0.9954  data_time: 0.0359  memory: 10691  grad_norm: 224.1591  loss: 4.5888  loss_cls: 0.1215  loss_bbox: 0.0932  loss_iou: 0.5170  d0.loss_cls: 0.2082  d0.loss_bbox: 0.0962  d0.loss_iou: 0.5265  d1.loss_cls: 0.1628  d1.loss_bbox: 0.0950  d1.loss_iou: 0.5244  d2.loss_cls: 0.1395  d2.loss_bbox: 0.0959  d2.loss_iou: 0.5290  d3.loss_cls: 0.1216  d3.loss_bbox: 0.0956  d3.loss_iou: 0.5279  d4.loss_cls: 0.1177  d4.loss_bbox: 0.0947  d4.loss_iou: 0.5221
2026/03/26 13:34:15 - mmengine - INFO - Epoch(train) [14][100/238]  base_lr: 8.6974e-05 lr: 8.6974e-06  eta: 3:50:31  time: 0.9776  data_time: 0.0070  memory: 10691  grad_norm: 176.2100  loss: 4.5712  loss_cls: 0.1180  loss_bbox: 0.0930  loss_iou: 0.5161  d0.loss_cls: 0.2235  d0.loss_bbox: 0.0930  d0.loss_iou: 0.5122  d1.loss_cls: 0.1696  d1.loss_bbox: 0.0939  d1.loss_iou: 0.5192  d2.loss_cls: 0.1414  d2.loss_bbox: 0.0946  d2.loss_iou: 0.5251  d3.loss_cls: 0.1239  d3.loss_bbox: 0.0941  d3.loss_iou: 0.5252  d4.loss_cls: 0.1198  d4.loss_bbox: 0.0932  d4.loss_iou: 0.5154
2026/03/26 13:35:03 - mmengine - INFO - Epoch(train) [14][150/238]  base_lr: 8.6974e-05 lr: 8.6974e-06  eta: 3:50:09  time: 0.9656  data_time: 0.0061  memory: 10691  grad_norm: 213.8622  loss: 4.6031  loss_cls: 0.1170  loss_bbox: 0.0950  loss_iou: 0.5217  d0.loss_cls: 0.2134  d0.loss_bbox: 0.0958  d0.loss_iou: 0.5243  d1.loss_cls: 0.1635  d1.loss_bbox: 0.0958  d1.loss_iou: 0.5285  d2.loss_cls: 0.1354  d2.loss_bbox: 0.0971  d2.loss_iou: 0.5329  d3.loss_cls: 0.1166  d3.loss_bbox: 0.0971  d3.loss_iou: 0.5346  d4.loss_cls: 0.1114  d4.loss_bbox: 0.0956  d4.loss_iou: 0.5275
2026/03/26 13:35:49 - mmengine - INFO - Epoch(train) [14][200/238]  base_lr: 8.6974e-05 lr: 8.6974e-06  eta: 3:49:37  time: 0.9218  data_time: 0.0048  memory: 10691  grad_norm: 198.8390  loss: 4.5147  loss_cls: 0.1090  loss_bbox: 0.0934  loss_iou: 0.5128  d0.loss_cls: 0.2143  d0.loss_bbox: 0.0939  d0.loss_iou: 0.5111  d1.loss_cls: 0.1550  d1.loss_bbox: 0.0963  d1.loss_iou: 0.5241  d2.loss_cls: 0.1317  d2.loss_bbox: 0.0956  d2.loss_iou: 0.5245  d3.loss_cls: 0.1123  d3.loss_bbox: 0.0959  d3.loss_iou: 0.5285  d4.loss_cls: 0.1074  d4.loss_bbox: 0.0940  d4.loss_iou: 0.5149
2026/03/26 13:36:20 - mmengine - INFO - Exp name: detr_r50_uatd_80e_pretrained_20260326_124055
2026/03/26 13:36:27 - mmengine - INFO - Epoch(val) [14][ 50/100]    eta: 0:00:06  time: 0.1319  data_time: 0.0362  memory: 10691  
2026/03/26 13:36:31 - mmengine - INFO - Epoch(val) [14][100/100]    eta: 0:00:00  time: 0.0849  data_time: 0.0207  memory: 1186  
2026/03/26 13:36:33 - mmengine - INFO - Evaluating bbox...
2026/03/26 13:36:37 - mmengine - INFO - bbox_mAP_copypaste: 0.257 0.605 0.150 0.345 0.254 0.308
2026/03/26 13:36:37 - mmengine - INFO - Epoch(val) [14][100/100]    coco/bbox_mAP: 0.2570  coco/bbox_mAP_50: 0.6050  coco/bbox_mAP_75: 0.1500  coco/bbox_mAP_s: 0.3450  coco/bbox_mAP_m: 0.2540  coco/bbox_mAP_l: 0.3080  data_time: 0.0283  time: 0.1078
2026/03/26 13:36:37 - mmengine - INFO - The previous best checkpoint /workspace/aquaculture-perception/runs/mmdet/uatd/detr_r50_uatd_80e_pretrained/best_coco_bbox_mAP_epoch_12.pth is removed
2026/03/26 13:36:38 - mmengine - INFO - The best checkpoint with 0.2570 coco/bbox_mAP at 14 epoch is saved to best_coco_bbox_mAP_epoch_14.pth.
2026/03/26 13:37:31 - mmengine - INFO - Epoch(train) [15][ 50/238]  base_lr: 8.5671e-05 lr: 8.5671e-06  eta: 3:48:52  time: 1.0562  data_time: 0.0778  memory: 10691  grad_norm: 224.8401  loss: 4.5274  loss_cls: 0.1032  loss_bbox: 0.0958  loss_iou: 0.5216  d0.loss_cls: 0.2081  d0.loss_bbox: 0.0942  d0.loss_iou: 0.5115  d1.loss_cls: 0.1485  d1.loss_bbox: 0.0968  d1.loss_iou: 0.5267  d2.loss_cls: 0.1276  d2.loss_bbox: 0.0970  d2.loss_iou: 0.5315  d3.loss_cls: 0.1102  d3.loss_bbox: 0.0971  d3.loss_iou: 0.5325  d4.loss_cls: 0.1057  d4.loss_bbox: 0.0961  d4.loss_iou: 0.5233
2026/03/26 13:38:18 - mmengine - INFO - Epoch(train) [15][100/238]  base_lr: 8.5671e-05 lr: 8.5671e-06  eta: 3:48:25  time: 0.9527  data_time: 0.0051  memory: 10691  grad_norm: 194.9579  loss: 4.4534  loss_cls: 0.0991  loss_bbox: 0.0918  loss_iou: 0.5158  d0.loss_cls: 0.2049  d0.loss_bbox: 0.0934  d0.loss_iou: 0.5140  d1.loss_cls: 0.1450  d1.loss_bbox: 0.0943  d1.loss_iou: 0.5258  d2.loss_cls: 0.1199  d2.loss_bbox: 0.0933  d2.loss_iou: 0.5252  d3.loss_cls: 0.1060  d3.loss_bbox: 0.0925  d3.loss_iou: 0.5243  d4.loss_cls: 0.0993  d4.loss_bbox: 0.0916  d4.loss_iou: 0.5172
2026/03/26 13:39:09 - mmengine - INFO - Epoch(train) [15][150/238]  base_lr: 8.5671e-05 lr: 8.5671e-06  eta: 3:48:12  time: 1.0183  data_time: 0.0051  memory: 10691  grad_norm: 261.9592  loss: 4.4649  loss_cls: 0.0945  loss_bbox: 0.0937  loss_iou: 0.5212  d0.loss_cls: 0.1942  d0.loss_bbox: 0.0953  d0.loss_iou: 0.5175  d1.loss_cls: 0.1402  d1.loss_bbox: 0.0960  d1.loss_iou: 0.5256  d2.loss_cls: 0.1143  d2.loss_bbox: 0.0959  d2.loss_iou: 0.5329  d3.loss_cls: 0.0970  d3.loss_bbox: 0.0961  d3.loss_iou: 0.5368  d4.loss_cls: 0.0943  d4.loss_bbox: 0.0941  d4.loss_iou: 0.5254
2026/03/26 13:40:12 - mmengine - INFO - Epoch(train) [15][200/238]  base_lr: 8.5671e-05 lr: 8.5671e-06  eta: 3:48:48  time: 1.2439  data_time: 0.0053  memory: 10691  grad_norm: 201.7656  loss: 4.4703  loss_cls: 0.1006  loss_bbox: 0.0928  loss_iou: 0.5137  d0.loss_cls: 0.1982  d0.loss_bbox: 0.0936  d0.loss_iou: 0.5169  d1.loss_cls: 0.1477  d1.loss_bbox: 0.0947  d1.loss_iou: 0.5269  d2.loss_cls: 0.1222  d2.loss_bbox: 0.0953  d2.loss_iou: 0.5305  d3.loss_cls: 0.1019  d3.loss_bbox: 0.0947  d3.loss_iou: 0.5298  d4.loss_cls: 0.1015  d4.loss_bbox: 0.0931  d4.loss_iou: 0.5163
2026/03/26 13:40:39 - mmengine - INFO - Exp name: detr_r50_uatd_80e_pretrained_20260326_124055
2026/03/26 13:41:24 - mmengine - INFO - Epoch(train) [16][ 50/238]  base_lr: 8.4368e-05 lr: 8.4368e-06  eta: 3:47:08  time: 0.9060  data_time: 0.0718  memory: 10691  grad_norm: 246.1938  loss: 4.4595  loss_cls: 0.0902  loss_bbox: 0.0924  loss_iou: 0.5232  d0.loss_cls: 0.1953  d0.loss_bbox: 0.0937  d0.loss_iou: 0.5181  d1.loss_cls: 0.1457  d1.loss_bbox: 0.0933  d1.loss_iou: 0.5233  d2.loss_cls: 0.1180  d2.loss_bbox: 0.0944  d2.loss_iou: 0.5348  d3.loss_cls: 0.0961  d3.loss_bbox: 0.0948  d3.loss_iou: 0.5348  d4.loss_cls: 0.0906  d4.loss_bbox: 0.0930  d4.loss_iou: 0.5278
2026/03/26 13:42:04 - mmengine - INFO - Epoch(train) [16][100/238]  base_lr: 8.4368e-05 lr: 8.4368e-06  eta: 3:46:06  time: 0.7987  data_time: 0.0036  memory: 10691  grad_norm: 247.5522  loss: 4.4232  loss_cls: 0.0999  loss_bbox: 0.0923  loss_iou: 0.5099  d0.loss_cls: 0.1999  d0.loss_bbox: 0.0929  d0.loss_iou: 0.5055  d1.loss_cls: 0.1519  d1.loss_bbox: 0.0933  d1.loss_iou: 0.5130  d2.loss_cls: 0.1233  d2.loss_bbox: 0.0941  d2.loss_iou: 0.5166  d3.loss_cls: 0.1039  d3.loss_bbox: 0.0945  d3.loss_iou: 0.5238  d4.loss_cls: 0.1029  d4.loss_bbox: 0.0932  d4.loss_iou: 0.5124
2026/03/26 13:42:48 - mmengine - INFO - Epoch(train) [16][150/238]  base_lr: 8.4368e-05 lr: 8.4368e-06  eta: 3:45:19  time: 0.8679  data_time: 0.0041  memory: 10691  grad_norm: 243.6523  loss: 4.4896  loss_cls: 0.0922  loss_bbox: 0.0961  loss_iou: 0.5312  d0.loss_cls: 0.1925  d0.loss_bbox: 0.0953  d0.loss_iou: 0.5180  d1.loss_cls: 0.1423  d1.loss_bbox: 0.0969  d1.loss_iou: 0.5332  d2.loss_cls: 0.1132  d2.loss_bbox: 0.0970  d2.loss_iou: 0.5330  d3.loss_cls: 0.0944  d3.loss_bbox: 0.0971  d3.loss_iou: 0.5372  d4.loss_cls: 0.0903  d4.loss_bbox: 0.0967  d4.loss_iou: 0.5329
2026/03/26 13:43:47 - mmengine - INFO - Epoch(train) [16][200/238]  base_lr: 8.4368e-05 lr: 8.4368e-06  eta: 3:45:37  time: 1.1922  data_time: 0.0106  memory: 10691  grad_norm: 212.9172  loss: 4.4124  loss_cls: 0.0915  loss_bbox: 0.0935  loss_iou: 0.5155  d0.loss_cls: 0.1923  d0.loss_bbox: 0.0935  d0.loss_iou: 0.5158  d1.loss_cls: 0.1426  d1.loss_bbox: 0.0937  d1.loss_iou: 0.5202  d2.loss_cls: 0.1125  d2.loss_bbox: 0.0953  d2.loss_iou: 0.5293  d3.loss_cls: 0.0938  d3.loss_bbox: 0.0946  d3.loss_iou: 0.5238  d4.loss_cls: 0.0906  d4.loss_bbox: 0.0944  d4.loss_iou: 0.5197
2026/03/26 13:44:25 - mmengine - INFO - Exp name: detr_r50_uatd_80e_pretrained_20260326_124055
2026/03/26 13:44:35 - mmengine - INFO - Epoch(val) [16][ 50/100]    eta: 0:00:10  time: 0.2100  data_time: 0.1153  memory: 10691  
2026/03/26 13:44:45 - mmengine - INFO - Epoch(val) [16][100/100]    eta: 0:00:00  time: 0.1913  data_time: 0.0922  memory: 1186  
2026/03/26 13:44:46 - mmengine - INFO - Evaluating bbox...
2026/03/26 13:44:50 - mmengine - INFO - bbox_mAP_copypaste: 0.263 0.673 0.141 0.355 0.258 0.288
2026/03/26 13:44:50 - mmengine - INFO - Epoch(val) [16][100/100]    coco/bbox_mAP: 0.2630  coco/bbox_mAP_50: 0.6730  coco/bbox_mAP_75: 0.1410  coco/bbox_mAP_s: 0.3550  coco/bbox_mAP_m: 0.2580  coco/bbox_mAP_l: 0.2880  data_time: 0.1028  time: 0.1992
2026/03/26 13:44:51 - mmengine - INFO - The previous best checkpoint /workspace/aquaculture-perception/runs/mmdet/uatd/detr_r50_uatd_80e_pretrained/best_coco_bbox_mAP_epoch_14.pth is removed
2026/03/26 13:44:52 - mmengine - INFO - The best checkpoint with 0.2630 coco/bbox_mAP at 16 epoch is saved to best_coco_bbox_mAP_epoch_16.pth.
2026/03/26 13:45:59 - mmengine - INFO - Epoch(train) [17][ 50/238]  base_lr: 8.3066e-05 lr: 8.3066e-06  eta: 3:46:05  time: 1.3465  data_time: 0.0737  memory: 10691  grad_norm: 219.4482  loss: 4.4607  loss_cls: 0.0973  loss_bbox: 0.0938  loss_iou: 0.5174  d0.loss_cls: 0.2057  d0.loss_bbox: 0.0940  d0.loss_iou: 0.5121  d1.loss_cls: 0.1450  d1.loss_bbox: 0.0951  d1.loss_iou: 0.5222  d2.loss_cls: 0.1210  d2.loss_bbox: 0.0949  d2.loss_iou: 0.5245  d3.loss_cls: 0.1034  d3.loss_bbox: 0.0948  d3.loss_iou: 0.5302  d4.loss_cls: 0.0960  d4.loss_bbox: 0.0941  d4.loss_iou: 0.5191
2026/03/26 13:46:49 - mmengine - INFO - Epoch(train) [17][100/238]  base_lr: 8.3066e-05 lr: 8.3066e-06  eta: 3:45:39  time: 0.9931  data_time: 0.0051  memory: 10691  grad_norm: 191.3424  loss: 4.3349  loss_cls: 0.0864  loss_bbox: 0.0898  loss_iou: 0.5066  d0.loss_cls: 0.1961  d0.loss_bbox: 0.0922  d0.loss_iou: 0.5099  d1.loss_cls: 0.1343  d1.loss_bbox: 0.0931  d1.loss_iou: 0.5221  d2.loss_cls: 0.1096  d2.loss_bbox: 0.0910  d2.loss_iou: 0.5154  d3.loss_cls: 0.0922  d3.loss_bbox: 0.0910  d3.loss_iou: 0.5179  d4.loss_cls: 0.0852  d4.loss_bbox: 0.0904  d4.loss_iou: 0.5116
2026/03/26 13:47:40 - mmengine - INFO - Epoch(train) [17][150/238]  base_lr: 8.3066e-05 lr: 8.3066e-06  eta: 3:45:18  time: 1.0196  data_time: 0.0064  memory: 10691  grad_norm: 231.6413  loss: 4.3126  loss_cls: 0.0797  loss_bbox: 0.0933  loss_iou: 0.5106  d0.loss_cls: 0.1844  d0.loss_bbox: 0.0927  d0.loss_iou: 0.5029  d1.loss_cls: 0.1225  d1.loss_bbox: 0.0944  d1.loss_iou: 0.5182  d2.loss_cls: 0.1018  d2.loss_bbox: 0.0952  d2.loss_iou: 0.5234  d3.loss_cls: 0.0875  d3.loss_bbox: 0.0944  d3.loss_iou: 0.5231  d4.loss_cls: 0.0822  d4.loss_bbox: 0.0939  d4.loss_iou: 0.5125
2026/03/26 13:48:18 - mmengine - INFO - Exp name: detr_r50_uatd_80e_pretrained_20260326_124055
2026/03/26 13:48:24 - mmengine - INFO - Epoch(train) [17][200/238]  base_lr: 8.3066e-05 lr: 8.3066e-06  eta: 3:44:28  time: 0.8703  data_time: 0.0051  memory: 10691  grad_norm: 205.9922  loss: 4.3320  loss_cls: 0.0784  loss_bbox: 0.0912  loss_iou: 0.5132  d0.loss_cls: 0.1802  d0.loss_bbox: 0.0938  d0.loss_iou: 0.5174  d1.loss_cls: 0.1208  d1.loss_bbox: 0.0945  d1.loss_iou: 0.5288  d2.loss_cls: 0.1004  d2.loss_bbox: 0.0931  d2.loss_iou: 0.5241  d3.loss_cls: 0.0843  d3.loss_bbox: 0.0934  d3.loss_iou: 0.5283  d4.loss_cls: 0.0808  d4.loss_bbox: 0.0918  d4.loss_iou: 0.5175
2026/03/26 13:48:51 - mmengine - INFO - Exp name: detr_r50_uatd_80e_pretrained_20260326_124055
2026/03/26 13:49:42 - mmengine - INFO - Epoch(train) [18][ 50/238]  base_lr: 8.1763e-05 lr: 8.1763e-06  eta: 3:43:09  time: 1.0276  data_time: 0.0344  memory: 10691  grad_norm: 216.8188  loss: 4.3005  loss_cls: 0.0773  loss_bbox: 0.0909  loss_iou: 0.5099  d0.loss_cls: 0.1725  d0.loss_bbox: 0.0945  d0.loss_iou: 0.5279  d1.loss_cls: 0.1182  d1.loss_bbox: 0.0940  d1.loss_iou: 0.5322  d2.loss_cls: 0.0974  d2.loss_bbox: 0.0929  d2.loss_iou: 0.5182  d3.loss_cls: 0.0829  d3.loss_bbox: 0.0921  d3.loss_iou: 0.5180  d4.loss_cls: 0.0765  d4.loss_bbox: 0.0915  d4.loss_iou: 0.5134
2026/03/26 13:50:23 - mmengine - INFO - Epoch(train) [18][100/238]  base_lr: 8.1763e-05 lr: 8.1763e-06  eta: 3:42:11  time: 0.8249  data_time: 0.0041  memory: 10691  grad_norm: inf  loss: 4.2743  loss_cls: 0.0760  loss_bbox: 0.0907  loss_iou: 0.5076  d0.loss_cls: 0.1753  d0.loss_bbox: 0.0931  d0.loss_iou: 0.5156  d1.loss_cls: 0.1166  d1.loss_bbox: 0.0935  d1.loss_iou: 0.5270  d2.loss_cls: 0.0940  d2.loss_bbox: 0.0930  d2.loss_iou: 0.5235  d3.loss_cls: 0.0812  d3.loss_bbox: 0.0919  d3.loss_iou: 0.5167  d4.loss_cls: 0.0769  d4.loss_bbox: 0.0913  d4.loss_iou: 0.5103
2026/03/26 13:50:59 - mmengine - INFO - Epoch(train) [18][150/238]  base_lr: 8.1763e-05 lr: 8.1763e-06  eta: 3:40:53  time: 0.7090  data_time: 0.0031  memory: 10691  grad_norm: 234.5019  loss: 4.2783  loss_cls: 0.0737  loss_bbox: 0.0916  loss_iou: 0.5139  d0.loss_cls: 0.1754  d0.loss_bbox: 0.0921  d0.loss_iou: 0.5080  d1.loss_cls: 0.1215  d1.loss_bbox: 0.0925  d1.loss_iou: 0.5188  d2.loss_cls: 0.0996  d2.loss_bbox: 0.0926  d2.loss_iou: 0.5221  d3.loss_cls: 0.0808  d3.loss_bbox: 0.0926  d3.loss_iou: 0.5234  d4.loss_cls: 0.0752  d4.loss_bbox: 0.0912  d4.loss_iou: 0.5135
2026/03/26 13:51:38 - mmengine - INFO - Epoch(train) [18][200/238]  base_lr: 8.1763e-05 lr: 8.1763e-06  eta: 3:39:48  time: 0.7750  data_time: 0.0044  memory: 10691  grad_norm: 217.6609  loss: 4.3171  loss_cls: 0.0789  loss_bbox: 0.0918  loss_iou: 0.5055  d0.loss_cls: 0.1764  d0.loss_bbox: 0.0950  d0.loss_iou: 0.5191  d1.loss_cls: 0.1251  d1.loss_bbox: 0.0968  d1.loss_iou: 0.5304  d2.loss_cls: 0.0990  d2.loss_bbox: 0.0955  d2.loss_iou: 0.5253  d3.loss_cls: 0.0845  d3.loss_bbox: 0.0937  d3.loss_iou: 0.5172  d4.loss_cls: 0.0809  d4.loss_bbox: 0.0926  d4.loss_iou: 0.5094
2026/03/26 13:52:02 - mmengine - INFO - Exp name: detr_r50_uatd_80e_pretrained_20260326_124055
2026/03/26 13:52:06 - mmengine - INFO - Epoch(val) [18][ 50/100]    eta: 0:00:03  time: 0.0732  data_time: 0.0252  memory: 10691  
2026/03/26 13:52:10 - mmengine - INFO - Epoch(val) [18][100/100]    eta: 0:00:00  time: 0.0750  data_time: 0.0173  memory: 1186  
2026/03/26 13:52:11 - mmengine - INFO - Evaluating bbox...
2026/03/26 13:52:14 - mmengine - INFO - bbox_mAP_copypaste: 0.273 0.651 0.171 0.300 0.273 0.304
2026/03/26 13:52:14 - mmengine - INFO - Epoch(val) [18][100/100]    coco/bbox_mAP: 0.2730  coco/bbox_mAP_50: 0.6510  coco/bbox_mAP_75: 0.1710  coco/bbox_mAP_s: 0.3000  coco/bbox_mAP_m: 0.2730  coco/bbox_mAP_l: 0.3040  data_time: 0.0211  time: 0.0738
2026/03/26 13:52:14 - mmengine - INFO - The previous best checkpoint /workspace/aquaculture-perception/runs/mmdet/uatd/detr_r50_uatd_80e_pretrained/best_coco_bbox_mAP_epoch_16.pth is removed
2026/03/26 13:52:16 - mmengine - INFO - The best checkpoint with 0.2730 coco/bbox_mAP at 18 epoch is saved to best_coco_bbox_mAP_epoch_18.pth.
2026/03/26 13:52:53 - mmengine - INFO - Epoch(train) [19][ 50/238]  base_lr: 8.0461e-05 lr: 8.0461e-06  eta: 3:37:35  time: 0.7503  data_time: 0.0393  memory: 10691  grad_norm: 249.8527  loss: 4.2675  loss_cls: 0.0726  loss_bbox: 0.0916  loss_iou: 0.5094  d0.loss_cls: 0.1674  d0.loss_bbox: 0.0943  d0.loss_iou: 0.5191  d1.loss_cls: 0.1180  d1.loss_bbox: 0.0940  d1.loss_iou: 0.5255  d2.loss_cls: 0.0916  d2.loss_bbox: 0.0934  d2.loss_iou: 0.5242  d3.loss_cls: 0.0770  d3.loss_bbox: 0.0929  d3.loss_iou: 0.5201  d4.loss_cls: 0.0739  d4.loss_bbox: 0.0916  d4.loss_iou: 0.5107
2026/03/26 13:53:28 - mmengine - INFO - Epoch(train) [19][100/238]  base_lr: 8.0461e-05 lr: 8.0461e-06  eta: 3:36:18  time: 0.6933  data_time: 0.0032  memory: 10691  grad_norm: 232.2779  loss: 4.1953  loss_cls: 0.0685  loss_bbox: 0.0898  loss_iou: 0.5033  d0.loss_cls: 0.1600  d0.loss_bbox: 0.0937  d0.loss_iou: 0.5193  d1.loss_cls: 0.1080  d1.loss_bbox: 0.0933  d1.loss_iou: 0.5215  d2.loss_cls: 0.0851  d2.loss_bbox: 0.0926  d2.loss_iou: 0.5198  d3.loss_cls: 0.0748  d3.loss_bbox: 0.0904  d3.loss_iou: 0.5098  d4.loss_cls: 0.0693  d4.loss_bbox: 0.0898  d4.loss_iou: 0.5064
2026/03/26 13:54:03 - mmengine - INFO - Epoch(train) [19][150/238]  base_lr: 8.0461e-05 lr: 8.0461e-06  eta: 3:35:03  time: 0.6982  data_time: 0.0035  memory: 10691  grad_norm: 233.3859  loss: 4.1944  loss_cls: 0.0668  loss_bbox: 0.0893  loss_iou: 0.5062  d0.loss_cls: 0.1582  d0.loss_bbox: 0.0930  d0.loss_iou: 0.5226  d1.loss_cls: 0.1033  d1.loss_bbox: 0.0926  d1.loss_iou: 0.5245  d2.loss_cls: 0.0821  d2.loss_bbox: 0.0918  d2.loss_iou: 0.5227  d3.loss_cls: 0.0732  d3.loss_bbox: 0.0904  d3.loss_iou: 0.5168  d4.loss_cls: 0.0682  d4.loss_bbox: 0.0888  d4.loss_iou: 0.5041
2026/03/26 13:54:39 - mmengine - INFO - Epoch(train) [19][200/238]  base_lr: 8.0461e-05 lr: 8.0461e-06  eta: 3:33:55  time: 0.7377  data_time: 0.0038  memory: 10691  grad_norm: 211.8954  loss: 4.2080  loss_cls: 0.0680  loss_bbox: 0.0906  loss_iou: 0.5030  d0.loss_cls: 0.1639  d0.loss_bbox: 0.0942  d0.loss_iou: 0.5202  d1.loss_cls: 0.1096  d1.loss_bbox: 0.0935  d1.loss_iou: 0.5197  d2.loss_cls: 0.0867  d2.loss_bbox: 0.0940  d2.loss_iou: 0.5192  d3.loss_cls: 0.0742  d3.loss_bbox: 0.0916  d3.loss_iou: 0.5126  d4.loss_cls: 0.0705  d4.loss_bbox: 0.0907  d4.loss_iou: 0.5058
2026/03/26 13:55:05 - mmengine - INFO - Exp name: detr_r50_uatd_80e_pretrained_20260326_124055
2026/03/26 13:55:50 - mmengine - INFO - Epoch(train) [20][ 50/238]  base_lr: 7.9158e-05 lr: 7.9158e-06  eta: 3:32:16  time: 0.9141  data_time: 0.0478  memory: 10691  grad_norm: 220.2090  loss: 4.1840  loss_cls: 0.0709  loss_bbox: 0.0883  loss_iou: 0.4983  d0.loss_cls: 0.1609  d0.loss_bbox: 0.0918  d0.loss_iou: 0.5204  d1.loss_cls: 0.1089  d1.loss_bbox: 0.0920  d1.loss_iou: 0.5179  d2.loss_cls: 0.0875  d2.loss_bbox: 0.0919  d2.loss_iou: 0.5195  d3.loss_cls: 0.0749  d3.loss_bbox: 0.0899  d3.loss_iou: 0.5105  d4.loss_cls: 0.0704  d4.loss_bbox: 0.0890  d4.loss_iou: 0.5008
2026/03/26 13:56:32 - mmengine - INFO - Epoch(train) [20][100/238]  base_lr: 7.9158e-05 lr: 7.9158e-06  eta: 3:31:25  time: 0.8335  data_time: 0.0038  memory: 10691  grad_norm: 224.7432  loss: 4.1091  loss_cls: 0.0583  loss_bbox: 0.0879  loss_iou: 0.4990  d0.loss_cls: 0.1436  d0.loss_bbox: 0.0937  d0.loss_iou: 0.5216  d1.loss_cls: 0.0950  d1.loss_bbox: 0.0920  d1.loss_iou: 0.5206  d2.loss_cls: 0.0754  d2.loss_bbox: 0.0911  d2.loss_iou: 0.5151  d3.loss_cls: 0.0610  d3.loss_bbox: 0.0901  d3.loss_iou: 0.5145  d4.loss_cls: 0.0582  d4.loss_bbox: 0.0886  d4.loss_iou: 0.5034
2026/03/26 13:57:16 - mmengine - INFO - Epoch(train) [20][150/238]  base_lr: 7.9158e-05 lr: 7.9158e-06  eta: 3:30:42  time: 0.8861  data_time: 0.0049  memory: 10691  grad_norm: 225.5078  loss: 4.1669  loss_cls: 0.0638  loss_bbox: 0.0900  loss_iou: 0.5065  d0.loss_cls: 0.1534  d0.loss_bbox: 0.0935  d0.loss_iou: 0.5184  d1.loss_cls: 0.1005  d1.loss_bbox: 0.0928  d1.loss_iou: 0.5205  d2.loss_cls: 0.0830  d2.loss_bbox: 0.0918  d2.loss_iou: 0.5176  d3.loss_cls: 0.0675  d3.loss_bbox: 0.0904  d3.loss_iou: 0.5139  d4.loss_cls: 0.0647  d4.loss_bbox: 0.0902  d4.loss_iou: 0.5084
2026/03/26 13:58:00 - mmengine - INFO - Epoch(train) [20][200/238]  base_lr: 7.9158e-05 lr: 7.9158e-06  eta: 3:29:58  time: 0.8804  data_time: 0.0047  memory: 10691  grad_norm: 216.3319  loss: 4.1302  loss_cls: 0.0574  loss_bbox: 0.0898  loss_iou: 0.5059  d0.loss_cls: 0.1473  d0.loss_bbox: 0.0923  d0.loss_iou: 0.5162  d1.loss_cls: 0.0971  d1.loss_bbox: 0.0919  d1.loss_iou: 0.5192  d2.loss_cls: 0.0736  d2.loss_bbox: 0.0916  d2.loss_iou: 0.5188  d3.loss_cls: 0.0636  d3.loss_bbox: 0.0910  d3.loss_iou: 0.5159  d4.loss_cls: 0.0579  d4.loss_bbox: 0.0902  d4.loss_iou: 0.5103
2026/03/26 13:58:27 - mmengine - INFO - Exp name: detr_r50_uatd_80e_pretrained_20260326_124055
2026/03/26 13:58:34 - mmengine - INFO - Epoch(val) [20][ 50/100]    eta: 0:00:07  time: 0.1419  data_time: 0.0380  memory: 10691  
2026/03/26 13:58:39 - mmengine - INFO - Epoch(val) [20][100/100]    eta: 0:00:00  time: 0.0876  data_time: 0.0215  memory: 1186  
2026/03/26 13:58:40 - mmengine - INFO - Evaluating bbox...
2026/03/26 13:58:44 - mmengine - INFO - bbox_mAP_copypaste: 0.285 0.714 0.166 0.320 0.278 0.337
2026/03/26 13:58:44 - mmengine - INFO - Epoch(val) [20][100/100]    coco/bbox_mAP: 0.2850  coco/bbox_mAP_50: 0.7140  coco/bbox_mAP_75: 0.1660  coco/bbox_mAP_s: 0.3200  coco/bbox_mAP_m: 0.2780  coco/bbox_mAP_l: 0.3370  data_time: 0.0295  time: 0.1140
2026/03/26 13:58:44 - mmengine - INFO - The previous best checkpoint /workspace/aquaculture-perception/runs/mmdet/uatd/detr_r50_uatd_80e_pretrained/best_coco_bbox_mAP_epoch_18.pth is removed
2026/03/26 13:58:45 - mmengine - INFO - The best checkpoint with 0.2850 coco/bbox_mAP at 20 epoch is saved to best_coco_bbox_mAP_epoch_20.pth.
2026/03/26 13:59:32 - mmengine - INFO - Epoch(train) [21][ 50/238]  base_lr: 7.7855e-05 lr: 7.7855e-06  eta: 3:28:29  time: 0.9337  data_time: 0.0617  memory: 10691  grad_norm: 238.8986  loss: 4.1606  loss_cls: 0.0592  loss_bbox: 0.0894  loss_iou: 0.5079  d0.loss_cls: 0.1502  d0.loss_bbox: 0.0940  d0.loss_iou: 0.5261  d1.loss_cls: 0.1024  d1.loss_bbox: 0.0919  d1.loss_iou: 0.5166  d2.loss_cls: 0.0791  d2.loss_bbox: 0.0912  d2.loss_iou: 0.5173  d3.loss_cls: 0.0624  d3.loss_bbox: 0.0909  d3.loss_iou: 0.5200  d4.loss_cls: 0.0594  d4.loss_bbox: 0.0899  d4.loss_iou: 0.5126
2026/03/26 14:00:21 - mmengine - INFO - Epoch(train) [21][100/238]  base_lr: 7.7855e-05 lr: 7.7855e-06  eta: 3:28:00  time: 0.9851  data_time: 0.0050  memory: 10691  grad_norm: 234.0347  loss: 4.1495  loss_cls: 0.0517  loss_bbox: 0.0928  loss_iou: 0.5133  d0.loss_cls: 0.1465  d0.loss_bbox: 0.0943  d0.loss_iou: 0.5203  d1.loss_cls: 0.0972  d1.loss_bbox: 0.0943  d1.loss_iou: 0.5235  d2.loss_cls: 0.0737  d2.loss_bbox: 0.0938  d2.loss_iou: 0.5186  d3.loss_cls: 0.0584  d3.loss_bbox: 0.0935  d3.loss_iou: 0.5177  d4.loss_cls: 0.0534  d4.loss_bbox: 0.0933  d4.loss_iou: 0.5132
2026/03/26 14:01:10 - mmengine - INFO - Epoch(train) [21][150/238]  base_lr: 7.7855e-05 lr: 7.7855e-06  eta: 3:27:30  time: 0.9716  data_time: 0.0050  memory: 10691  grad_norm: 232.1939  loss: 4.1278  loss_cls: 0.0589  loss_bbox: 0.0886  loss_iou: 0.5032  d0.loss_cls: 0.1581  d0.loss_bbox: 0.0913  d0.loss_iou: 0.5131  d1.loss_cls: 0.0994  d1.loss_bbox: 0.0915  d1.loss_iou: 0.5183  d2.loss_cls: 0.0780  d2.loss_bbox: 0.0907  d2.loss_iou: 0.5149  d3.loss_cls: 0.0655  d3.loss_bbox: 0.0900  d3.loss_iou: 0.5143  d4.loss_cls: 0.0608  d4.loss_bbox: 0.0884  d4.loss_iou: 0.5028
2026/03/26 14:01:56 - mmengine - INFO - Epoch(train) [21][200/238]  base_lr: 7.7855e-05 lr: 7.7855e-06  eta: 3:26:51  time: 0.9225  data_time: 0.0044  memory: 10691  grad_norm: 281.6193  loss: 4.0561  loss_cls: 0.0511  loss_bbox: 0.0871  loss_iou: 0.5006  d0.loss_cls: 0.1424  d0.loss_bbox: 0.0918  d0.loss_iou: 0.5178  d1.loss_cls: 0.0910  d1.loss_bbox: 0.0899  d1.loss_iou: 0.5173  d2.loss_cls: 0.0699  d2.loss_bbox: 0.0886  d2.loss_iou: 0.5101  d3.loss_cls: 0.0561  d3.loss_bbox: 0.0884  d3.loss_iou: 0.5115  d4.loss_cls: 0.0530  d4.loss_bbox: 0.0870  d4.loss_iou: 0.5023
2026/03/26 14:02:30 - mmengine - INFO - Exp name: detr_r50_uatd_80e_pretrained_20260326_124055
2026/03/26 14:02:38 - mmengine - INFO - Exp name: detr_r50_uatd_80e_pretrained_20260326_124055
2026/03/26 14:03:20 - mmengine - INFO - Epoch(train) [22][ 50/238]  base_lr: 7.6553e-05 lr: 7.6553e-06  eta: 3:25:53  time: 1.0185  data_time: 0.0517  memory: 10691  grad_norm: 208.8563  loss: 4.0678  loss_cls: 0.0583  loss_bbox: 0.0879  loss_iou: 0.4958  d0.loss_cls: 0.1350  d0.loss_bbox: 0.0941  d0.loss_iou: 0.5269  d1.loss_cls: 0.0938  d1.loss_bbox: 0.0907  d1.loss_iou: 0.5114  d2.loss_cls: 0.0715  d2.loss_bbox: 0.0902  d2.loss_iou: 0.5105  d3.loss_cls: 0.0626  d3.loss_bbox: 0.0891  d3.loss_iou: 0.5055  d4.loss_cls: 0.0603  d4.loss_bbox: 0.0881  d4.loss_iou: 0.4962
2026/03/26 14:04:01 - mmengine - INFO - Epoch(train) [22][100/238]  base_lr: 7.6553e-05 lr: 7.6553e-06  eta: 3:24:59  time: 0.8128  data_time: 0.0042  memory: 10691  grad_norm: 264.5523  loss: 4.1512  loss_cls: 0.0567  loss_bbox: 0.0895  loss_iou: 0.5099  d0.loss_cls: 0.1366  d0.loss_bbox: 0.0938  d0.loss_iou: 0.5315  d1.loss_cls: 0.0950  d1.loss_bbox: 0.0927  d1.loss_iou: 0.5284  d2.loss_cls: 0.0697  d2.loss_bbox: 0.0928  d2.loss_iou: 0.5294  d3.loss_cls: 0.0552  d3.loss_bbox: 0.0912  d3.loss_iou: 0.5206  d4.loss_cls: 0.0558  d4.loss_bbox: 0.0899  d4.loss_iou: 0.5127
2026/03/26 14:04:41 - mmengine - INFO - Epoch(train) [22][150/238]  base_lr: 7.6553e-05 lr: 7.6553e-06  eta: 3:24:04  time: 0.8034  data_time: 0.0041  memory: 10691  grad_norm: 226.8456  loss: 4.0205  loss_cls: 0.0574  loss_bbox: 0.0859  loss_iou: 0.4893  d0.loss_cls: 0.1451  d0.loss_bbox: 0.0901  d0.loss_iou: 0.5052  d1.loss_cls: 0.0949  d1.loss_bbox: 0.0889  d1.loss_iou: 0.5084  d2.loss_cls: 0.0737  d2.loss_bbox: 0.0886  d2.loss_iou: 0.5077  d3.loss_cls: 0.0608  d3.loss_bbox: 0.0872  d3.loss_iou: 0.5002  d4.loss_cls: 0.0583  d4.loss_bbox: 0.0859  d4.loss_iou: 0.4931
2026/03/26 14:05:23 - mmengine - INFO - Epoch(train) [22][200/238]  base_lr: 7.6553e-05 lr: 7.6553e-06  eta: 3:23:14  time: 0.8373  data_time: 0.0042  memory: 10691  grad_norm: 224.0512  loss: 4.0291  loss_cls: 0.0508  loss_bbox: 0.0877  loss_iou: 0.4936  d0.loss_cls: 0.1452  d0.loss_bbox: 0.0917  d0.loss_iou: 0.5103  d1.loss_cls: 0.0914  d1.loss_bbox: 0.0915  d1.loss_iou: 0.5115  d2.loss_cls: 0.0706  d2.loss_bbox: 0.0905  d2.loss_iou: 0.5082  d3.loss_cls: 0.0546  d3.loss_bbox: 0.0902  d3.loss_iou: 0.5070  d4.loss_cls: 0.0518  d4.loss_bbox: 0.0881  d4.loss_iou: 0.4946
2026/03/26 14:05:49 - mmengine - INFO - Exp name: detr_r50_uatd_80e_pretrained_20260326_124055
2026/03/26 14:05:57 - mmengine - INFO - Epoch(val) [22][ 50/100]    eta: 0:00:07  time: 0.1494  data_time: 0.0425  memory: 10691  
2026/03/26 14:06:01 - mmengine - INFO - Epoch(val) [22][100/100]    eta: 0:00:00  time: 0.0944  data_time: 0.0223  memory: 1186  
2026/03/26 14:06:02 - mmengine - INFO - Evaluating bbox...
2026/03/26 14:06:06 - mmengine - INFO - bbox_mAP_copypaste: 0.250 0.682 0.111 0.300 0.252 0.265
2026/03/26 14:06:06 - mmengine - INFO - Epoch(val) [22][100/100]    coco/bbox_mAP: 0.2500  coco/bbox_mAP_50: 0.6820  coco/bbox_mAP_75: 0.1110  coco/bbox_mAP_s: 0.3000  coco/bbox_mAP_m: 0.2520  coco/bbox_mAP_l: 0.2650  data_time: 0.0322  time: 0.1212
2026/03/26 14:06:46 - mmengine - INFO - Epoch(train) [23][ 50/238]  base_lr: 7.5250e-05 lr: 7.5250e-06  eta: 3:21:26  time: 0.7943  data_time: 0.0401  memory: 10691  grad_norm: 219.9762  loss: 3.9675  loss_cls: 0.0514  loss_bbox: 0.0858  loss_iou: 0.4862  d0.loss_cls: 0.1375  d0.loss_bbox: 0.0909  d0.loss_iou: 0.5095  d1.loss_cls: 0.0875  d1.loss_bbox: 0.0886  d1.loss_iou: 0.5033  d2.loss_cls: 0.0675  d2.loss_bbox: 0.0887  d2.loss_iou: 0.5046  d3.loss_cls: 0.0522  d3.loss_bbox: 0.0877  d3.loss_iou: 0.4999  d4.loss_cls: 0.0519  d4.loss_bbox: 0.0861  d4.loss_iou: 0.4881
2026/03/26 14:07:22 - mmengine - INFO - Epoch(train) [23][100/238]  base_lr: 7.5250e-05 lr: 7.5250e-06  eta: 3:20:21  time: 0.7151  data_time: 0.0038  memory: 10691  grad_norm: 223.1161  loss: 4.0400  loss_cls: 0.0546  loss_bbox: 0.0875  loss_iou: 0.4927  d0.loss_cls: 0.1460  d0.loss_bbox: 0.0912  d0.loss_iou: 0.5149  d1.loss_cls: 0.0921  d1.loss_bbox: 0.0906  d1.loss_iou: 0.5141  d2.loss_cls: 0.0707  d2.loss_bbox: 0.0900  d2.loss_iou: 0.5072  d3.loss_cls: 0.0571  d3.loss_bbox: 0.0890  d3.loss_iou: 0.5017  d4.loss_cls: 0.0553  d4.loss_bbox: 0.0884  d4.loss_iou: 0.4973
2026/03/26 14:07:57 - mmengine - INFO - Epoch(train) [23][150/238]  base_lr: 7.5250e-05 lr: 7.5250e-06  eta: 3:19:16  time: 0.7077  data_time: 0.0035  memory: 10691  grad_norm: 224.9160  loss: 4.0745  loss_cls: 0.0496  loss_bbox: 0.0892  loss_iou: 0.5055  d0.loss_cls: 0.1402  d0.loss_bbox: 0.0932  d0.loss_iou: 0.5198  d1.loss_cls: 0.0871  d1.loss_bbox: 0.0926  d1.loss_iou: 0.5238  d2.loss_cls: 0.0667  d2.loss_bbox: 0.0909  d2.loss_iou: 0.5181  d3.loss_cls: 0.0503  d3.loss_bbox: 0.0906  d3.loss_iou: 0.5158  d4.loss_cls: 0.0487  d4.loss_bbox: 0.0893  d4.loss_iou: 0.5031
2026/03/26 14:08:37 - mmengine - INFO - Epoch(train) [23][200/238]  base_lr: 7.5250e-05 lr: 7.5250e-06  eta: 3:18:21  time: 0.7925  data_time: 0.0038  memory: 10691  grad_norm: 232.0323  loss: 3.9913  loss_cls: 0.0508  loss_bbox: 0.0856  loss_iou: 0.4889  d0.loss_cls: 0.1438  d0.loss_bbox: 0.0905  d0.loss_iou: 0.5113  d1.loss_cls: 0.0931  d1.loss_bbox: 0.0888  d1.loss_iou: 0.5065  d2.loss_cls: 0.0694  d2.loss_bbox: 0.0876  d2.loss_iou: 0.5035  d3.loss_cls: 0.0572  d3.loss_bbox: 0.0869  d3.loss_iou: 0.4989  d4.loss_cls: 0.0518  d4.loss_bbox: 0.0860  d4.loss_iou: 0.4906
2026/03/26 14:09:10 - mmengine - INFO - Exp name: detr_r50_uatd_80e_pretrained_20260326_124055
2026/03/26 14:09:56 - mmengine - INFO - Epoch(train) [24][ 50/238]  base_lr: 7.3947e-05 lr: 7.3947e-06  eta: 3:17:11  time: 0.9352  data_time: 0.0335  memory: 10691  grad_norm: 203.4310  loss: 3.9661  loss_cls: 0.0538  loss_bbox: 0.0846  loss_iou: 0.4834  d0.loss_cls: 0.1401  d0.loss_bbox: 0.0891  d0.loss_iou: 0.5031  d1.loss_cls: 0.0898  d1.loss_bbox: 0.0883  d1.loss_iou: 0.5062  d2.loss_cls: 0.0680  d2.loss_bbox: 0.0875  d2.loss_iou: 0.5041  d3.loss_cls: 0.0547  d3.loss_bbox: 0.0868  d3.loss_iou: 0.4983  d4.loss_cls: 0.0536  d4.loss_bbox: 0.0855  d4.loss_iou: 0.4891
2026/03/26 14:10:39 - mmengine - INFO - Epoch(train) [24][100/238]  base_lr: 7.3947e-05 lr: 7.3947e-06  eta: 3:16:23  time: 0.8420  data_time: 0.0039  memory: 10691  grad_norm: 257.5409  loss: 3.9144  loss_cls: 0.0440  loss_bbox: 0.0832  loss_iou: 0.4843  d0.loss_cls: 0.1287  d0.loss_bbox: 0.0898  d0.loss_iou: 0.5148  d1.loss_cls: 0.0785  d1.loss_bbox: 0.0883  d1.loss_iou: 0.5124  d2.loss_cls: 0.0578  d2.loss_bbox: 0.0861  d2.loss_iou: 0.5009  d3.loss_cls: 0.0460  d3.loss_bbox: 0.0853  d3.loss_iou: 0.4971  d4.loss_cls: 0.0440  d4.loss_bbox: 0.0839  d4.loss_iou: 0.4891
2026/03/26 14:11:14 - mmengine - INFO - Epoch(train) [24][150/238]  base_lr: 7.3947e-05 lr: 7.3947e-06  eta: 3:15:21  time: 0.7161  data_time: 0.0033  memory: 10691  grad_norm: 240.2305  loss: 4.0713  loss_cls: 0.0480  loss_bbox: 0.0871  loss_iou: 0.5036  d0.loss_cls: 0.1354  d0.loss_bbox: 0.0922  d0.loss_iou: 0.5308  d1.loss_cls: 0.0861  d1.loss_bbox: 0.0905  d1.loss_iou: 0.5221  d2.loss_cls: 0.0626  d2.loss_bbox: 0.0900  d2.loss_iou: 0.5232  d3.loss_cls: 0.0522  d3.loss_bbox: 0.0889  d3.loss_iou: 0.5182  d4.loss_cls: 0.0466  d4.loss_bbox: 0.0873  d4.loss_iou: 0.5062
2026/03/26 14:11:54 - mmengine - INFO - Epoch(train) [24][200/238]  base_lr: 7.3947e-05 lr: 7.3947e-06  eta: 3:14:28  time: 0.7958  data_time: 0.0044  memory: 10691  grad_norm: 291.3853  loss: 4.0556  loss_cls: 0.0478  loss_bbox: 0.0882  loss_iou: 0.5006  d0.loss_cls: 0.1287  d0.loss_bbox: 0.0937  d0.loss_iou: 0.5322  d1.loss_cls: 0.0799  d1.loss_bbox: 0.0926  d1.loss_iou: 0.5282  d2.loss_cls: 0.0607  d2.loss_bbox: 0.0910  d2.loss_iou: 0.5202  d3.loss_cls: 0.0496  d3.loss_bbox: 0.0898  d3.loss_iou: 0.5151  d4.loss_cls: 0.0459  d4.loss_bbox: 0.0887  d4.loss_iou: 0.5028
2026/03/26 14:12:20 - mmengine - INFO - Exp name: detr_r50_uatd_80e_pretrained_20260326_124055
2026/03/26 14:12:28 - mmengine - INFO - Epoch(val) [24][ 50/100]    eta: 0:00:07  time: 0.1543  data_time: 0.0412  memory: 10691  
2026/03/26 14:12:33 - mmengine - INFO - Epoch(val) [24][100/100]    eta: 0:00:00  time: 0.1018  data_time: 0.0294  memory: 1186  
2026/03/26 14:12:34 - mmengine - INFO - Evaluating bbox...
2026/03/26 14:12:38 - mmengine - INFO - bbox_mAP_copypaste: 0.303 0.721 0.191 0.384 0.302 0.317
2026/03/26 14:12:38 - mmengine - INFO - Epoch(val) [24][100/100]    coco/bbox_mAP: 0.3030  coco/bbox_mAP_50: 0.7210  coco/bbox_mAP_75: 0.1910  coco/bbox_mAP_s: 0.3840  coco/bbox_mAP_m: 0.3020  coco/bbox_mAP_l: 0.3170  data_time: 0.0351  time: 0.1274
2026/03/26 14:12:38 - mmengine - INFO - The previous best checkpoint /workspace/aquaculture-perception/runs/mmdet/uatd/detr_r50_uatd_80e_pretrained/best_coco_bbox_mAP_epoch_20.pth is removed
2026/03/26 14:12:40 - mmengine - INFO - The best checkpoint with 0.3030 coco/bbox_mAP at 24 epoch is saved to best_coco_bbox_mAP_epoch_24.pth.
2026/03/26 14:13:24 - mmengine - INFO - Epoch(train) [25][ 50/238]  base_lr: 7.2645e-05 lr: 7.2645e-06  eta: 3:12:56  time: 0.8881  data_time: 0.0124  memory: 10691  grad_norm: 213.0685  loss: 3.9249  loss_cls: 0.0438  loss_bbox: 0.0860  loss_iou: 0.4852  d0.loss_cls: 0.1254  d0.loss_bbox: 0.0908  d0.loss_iou: 0.5122  d1.loss_cls: 0.0776  d1.loss_bbox: 0.0897  d1.loss_iou: 0.5109  d2.loss_cls: 0.0596  d2.loss_bbox: 0.0885  d2.loss_iou: 0.5026  d3.loss_cls: 0.0464  d3.loss_bbox: 0.0876  d3.loss_iou: 0.4975  d4.loss_cls: 0.0445  d4.loss_bbox: 0.0866  d4.loss_iou: 0.4900
2026/03/26 14:14:04 - mmengine - INFO - Epoch(train) [25][100/238]  base_lr: 7.2645e-05 lr: 7.2645e-06  eta: 3:12:05  time: 0.7985  data_time: 0.0038  memory: 10691  grad_norm: 239.8211  loss: 3.8817  loss_cls: 0.0408  loss_bbox: 0.0843  loss_iou: 0.4812  d0.loss_cls: 0.1253  d0.loss_bbox: 0.0912  d0.loss_iou: 0.5124  d1.loss_cls: 0.0775  d1.loss_bbox: 0.0877  d1.loss_iou: 0.5021  d2.loss_cls: 0.0534  d2.loss_bbox: 0.0876  d2.loss_iou: 0.5050  d3.loss_cls: 0.0433  d3.loss_bbox: 0.0861  d3.loss_iou: 0.4940  d4.loss_cls: 0.0415  d4.loss_bbox: 0.0845  d4.loss_iou: 0.4836
2026/03/26 14:14:44 - mmengine - INFO - Epoch(train) [25][150/238]  base_lr: 7.2645e-05 lr: 7.2645e-06  eta: 3:11:14  time: 0.8112  data_time: 0.0041  memory: 10691  grad_norm: 250.4906  loss: 3.9124  loss_cls: 0.0426  loss_bbox: 0.0845  loss_iou: 0.4831  d0.loss_cls: 0.1203  d0.loss_bbox: 0.0912  d0.loss_iou: 0.5214  d1.loss_cls: 0.0712  d1.loss_bbox: 0.0899  d1.loss_iou: 0.5151  d2.loss_cls: 0.0535  d2.loss_bbox: 0.0875  d2.loss_iou: 0.5067  d3.loss_cls: 0.0437  d3.loss_bbox: 0.0863  d3.loss_iou: 0.5011  d4.loss_cls: 0.0439  d4.loss_bbox: 0.0845  d4.loss_iou: 0.4859
2026/03/26 14:15:33 - mmengine - INFO - Epoch(train) [25][200/238]  base_lr: 7.2645e-05 lr: 7.2645e-06  eta: 3:10:42  time: 0.9756  data_time: 0.0050  memory: 10691  grad_norm: 266.0732  loss: 3.9491  loss_cls: 0.0522  loss_bbox: 0.0836  loss_iou: 0.4819  d0.loss_cls: 0.1313  d0.loss_bbox: 0.0907  d0.loss_iou: 0.5219  d1.loss_cls: 0.0867  d1.loss_bbox: 0.0880  d1.loss_iou: 0.5064  d2.loss_cls: 0.0643  d2.loss_bbox: 0.0866  d2.loss_iou: 0.5010  d3.loss_cls: 0.0512  d3.loss_bbox: 0.0855  d3.loss_iou: 0.4967  d4.loss_cls: 0.0522  d4.loss_bbox: 0.0838  d4.loss_iou: 0.4849
2026/03/26 14:16:04 - mmengine - INFO - Exp name: detr_r50_uatd_80e_pretrained_20260326_124055
2026/03/26 14:16:50 - mmengine - INFO - Exp name: detr_r50_uatd_80e_pretrained_20260326_124055
2026/03/26 14:16:50 - mmengine - INFO - Epoch(train) [26][ 50/238]  base_lr: 7.1342e-05 lr: 7.1342e-06  eta: 3:09:26  time: 0.9169  data_time: 0.0279  memory: 10691  grad_norm: 198.1105  loss: 3.8600  loss_cls: 0.0450  loss_bbox: 0.0844  loss_iou: 0.4728  d0.loss_cls: 0.1203  d0.loss_bbox: 0.0914  d0.loss_iou: 0.5143  d1.loss_cls: 0.0768  d1.loss_bbox: 0.0886  d1.loss_iou: 0.5031  d2.loss_cls: 0.0565  d2.loss_bbox: 0.0873  d2.loss_iou: 0.4942  d3.loss_cls: 0.0463  d3.loss_bbox: 0.0860  d3.loss_iou: 0.4859  d4.loss_cls: 0.0459  d4.loss_bbox: 0.0846  d4.loss_iou: 0.4764
2026/03/26 14:17:40 - mmengine - INFO - Epoch(train) [26][100/238]  base_lr: 7.1342e-05 lr: 7.1342e-06  eta: 3:08:56  time: 0.9932  data_time: 0.0047  memory: 10691  grad_norm: 245.4993  loss: 3.8763  loss_cls: 0.0410  loss_bbox: 0.0841  loss_iou: 0.4832  d0.loss_cls: 0.1164  d0.loss_bbox: 0.0903  d0.loss_iou: 0.5152  d1.loss_cls: 0.0758  d1.loss_bbox: 0.0882  d1.loss_iou: 0.5062  d2.loss_cls: 0.0564  d2.loss_bbox: 0.0866  d2.loss_iou: 0.4961  d3.loss_cls: 0.0447  d3.loss_bbox: 0.0861  d3.loss_iou: 0.4933  d4.loss_cls: 0.0405  d4.loss_bbox: 0.0849  d4.loss_iou: 0.4872
2026/03/26 14:18:28 - mmengine - INFO - Epoch(train) [26][150/238]  base_lr: 7.1342e-05 lr: 7.1342e-06  eta: 3:08:21  time: 0.9520  data_time: 0.0050  memory: 10691  grad_norm: 233.9549  loss: 3.8942  loss_cls: 0.0409  loss_bbox: 0.0847  loss_iou: 0.4833  d0.loss_cls: 0.1243  d0.loss_bbox: 0.0894  d0.loss_iou: 0.5147  d1.loss_cls: 0.0748  d1.loss_bbox: 0.0884  d1.loss_iou: 0.5064  d2.loss_cls: 0.0528  d2.loss_bbox: 0.0887  d2.loss_iou: 0.5053  d3.loss_cls: 0.0439  d3.loss_bbox: 0.0867  d3.loss_iou: 0.4965  d4.loss_cls: 0.0390  d4.loss_bbox: 0.0857  d4.loss_iou: 0.4887
2026/03/26 14:19:16 - mmengine - INFO - Epoch(train) [26][200/238]  base_lr: 7.1342e-05 lr: 7.1342e-06  eta: 3:07:47  time: 0.9683  data_time: 0.0049  memory: 10691  grad_norm: 286.7169  loss: 3.8859  loss_cls: 0.0420  loss_bbox: 0.0838  loss_iou: 0.4834  d0.loss_cls: 0.1171  d0.loss_bbox: 0.0906  d0.loss_iou: 0.5166  d1.loss_cls: 0.0727  d1.loss_bbox: 0.0879  d1.loss_iou: 0.5081  d2.loss_cls: 0.0542  d2.loss_bbox: 0.0866  d2.loss_iou: 0.5028  d3.loss_cls: 0.0427  d3.loss_bbox: 0.0856  d3.loss_iou: 0.4967  d4.loss_cls: 0.0427  d4.loss_bbox: 0.0843  d4.loss_iou: 0.4883
2026/03/26 14:19:44 - mmengine - INFO - Exp name: detr_r50_uatd_80e_pretrained_20260326_124055
2026/03/26 14:19:50 - mmengine - INFO - Epoch(val) [26][ 50/100]    eta: 0:00:05  time: 0.1151  data_time: 0.0391  memory: 10691  
2026/03/26 14:19:55 - mmengine - INFO - Epoch(val) [26][100/100]    eta: 0:00:00  time: 0.1138  data_time: 0.0568  memory: 1186  
2026/03/26 14:19:57 - mmengine - INFO - Evaluating bbox...
2026/03/26 14:20:02 - mmengine - INFO - bbox_mAP_copypaste: 0.296 0.725 0.177 0.368 0.298 0.279
2026/03/26 14:20:02 - mmengine - INFO - Epoch(val) [26][100/100]    coco/bbox_mAP: 0.2960  coco/bbox_mAP_50: 0.7250  coco/bbox_mAP_75: 0.1770  coco/bbox_mAP_s: 0.3680  coco/bbox_mAP_m: 0.2980  coco/bbox_mAP_l: 0.2790  data_time: 0.0475  time: 0.1137
2026/03/26 14:20:52 - mmengine - INFO - Epoch(train) [27][ 50/238]  base_lr: 7.0039e-05 lr: 7.0039e-06  eta: 3:06:32  time: 0.9998  data_time: 0.0461  memory: 10691  grad_norm: 212.9358  loss: 3.7870  loss_cls: 0.0389  loss_bbox: 0.0808  loss_iou: 0.4686  d0.loss_cls: 0.1177  d0.loss_bbox: 0.0878  d0.loss_iou: 0.5068  d1.loss_cls: 0.0754  d1.loss_bbox: 0.0862  d1.loss_iou: 0.5009  d2.loss_cls: 0.0523  d2.loss_bbox: 0.0837  d2.loss_iou: 0.4901  d3.loss_cls: 0.0398  d3.loss_bbox: 0.0824  d3.loss_iou: 0.4844  d4.loss_cls: 0.0397  d4.loss_bbox: 0.0806  d4.loss_iou: 0.4710
2026/03/26 14:21:36 - mmengine - INFO - Epoch(train) [27][100/238]  base_lr: 7.0039e-05 lr: 7.0039e-06  eta: 3:05:50  time: 0.8858  data_time: 0.0052  memory: 10691  grad_norm: 244.0885  loss: 3.8366  loss_cls: 0.0388  loss_bbox: 0.0840  loss_iou: 0.4767  d0.loss_cls: 0.1129  d0.loss_bbox: 0.0905  d0.loss_iou: 0.5113  d1.loss_cls: 0.0709  d1.loss_bbox: 0.0888  d1.loss_iou: 0.5053  d2.loss_cls: 0.0506  d2.loss_bbox: 0.0872  d2.loss_iou: 0.4987  d3.loss_cls: 0.0401  d3.loss_bbox: 0.0855  d3.loss_iou: 0.4914  d4.loss_cls: 0.0381  d4.loss_bbox: 0.0845  d4.loss_iou: 0.4815
2026/03/26 14:22:19 - mmengine - INFO - Epoch(train) [27][150/238]  base_lr: 7.0039e-05 lr: 7.0039e-06  eta: 3:05:05  time: 0.8631  data_time: 0.0051  memory: 10691  grad_norm: 218.8179  loss: 3.8285  loss_cls: 0.0426  loss_bbox: 0.0819  loss_iou: 0.4725  d0.loss_cls: 0.1190  d0.loss_bbox: 0.0887  d0.loss_iou: 0.5126  d1.loss_cls: 0.0709  d1.loss_bbox: 0.0861  d1.loss_iou: 0.5019  d2.loss_cls: 0.0542  d2.loss_bbox: 0.0851  d2.loss_iou: 0.4951  d3.loss_cls: 0.0460  d3.loss_bbox: 0.0834  d3.loss_iou: 0.4874  d4.loss_cls: 0.0428  d4.loss_bbox: 0.0822  d4.loss_iou: 0.4762
2026/03/26 14:22:59 - mmengine - INFO - Epoch(train) [27][200/238]  base_lr: 7.0039e-05 lr: 7.0039e-06  eta: 3:04:14  time: 0.8055  data_time: 0.0047  memory: 10691  grad_norm: 239.2925  loss: 3.8424  loss_cls: 0.0388  loss_bbox: 0.0838  loss_iou: 0.4803  d0.loss_cls: 0.1160  d0.loss_bbox: 0.0898  d0.loss_iou: 0.5103  d1.loss_cls: 0.0727  d1.loss_bbox: 0.0876  d1.loss_iou: 0.5004  d2.loss_cls: 0.0503  d2.loss_bbox: 0.0871  d2.loss_iou: 0.5011  d3.loss_cls: 0.0398  d3.loss_bbox: 0.0856  d3.loss_iou: 0.4932  d4.loss_cls: 0.0392  d4.loss_bbox: 0.0843  d4.loss_iou: 0.4820
2026/03/26 14:23:23 - mmengine - INFO - Exp name: detr_r50_uatd_80e_pretrained_20260326_124055
2026/03/26 14:24:09 - mmengine - INFO - Epoch(train) [28][ 50/238]  base_lr: 6.8737e-05 lr: 6.8737e-06  eta: 3:02:44  time: 0.9234  data_time: 0.0157  memory: 10691  grad_norm: 252.7198  loss: 3.8275  loss_cls: 0.0367  loss_bbox: 0.0821  loss_iou: 0.4775  d0.loss_cls: 0.1136  d0.loss_bbox: 0.0897  d0.loss_iou: 0.5152  d1.loss_cls: 0.0693  d1.loss_bbox: 0.0870  d1.loss_iou: 0.5094  d2.loss_cls: 0.0515  d2.loss_bbox: 0.0853  d2.loss_iou: 0.4970  d3.loss_cls: 0.0386  d3.loss_bbox: 0.0842  d3.loss_iou: 0.4925  d4.loss_cls: 0.0359  d4.loss_bbox: 0.0826  d4.loss_iou: 0.4795
2026/03/26 14:24:47 - mmengine - INFO - Epoch(train) [28][100/238]  base_lr: 6.8737e-05 lr: 6.8737e-06  eta: 3:01:48  time: 0.7521  data_time: 0.0044  memory: 10691  grad_norm: 317.1207  loss: 3.8459  loss_cls: 0.0364  loss_bbox: 0.0823  loss_iou: 0.4821  d0.loss_cls: 0.1257  d0.loss_bbox: 0.0870  d0.loss_iou: 0.5081  d1.loss_cls: 0.0700  d1.loss_bbox: 0.0858  d1.loss_iou: 0.5024  d2.loss_cls: 0.0500  d2.loss_bbox: 0.0851  d2.loss_iou: 0.5055  d3.loss_cls: 0.0402  d3.loss_bbox: 0.0840  d3.loss_iou: 0.4977  d4.loss_cls: 0.0373  d4.loss_bbox: 0.0825  d4.loss_iou: 0.4838
2026/03/26 14:25:40 - mmengine - INFO - Epoch(train) [28][150/238]  base_lr: 6.8737e-05 lr: 6.8737e-06  eta: 3:01:22  time: 1.0570  data_time: 0.0063  memory: 10691  grad_norm: 223.4704  loss: 3.7877  loss_cls: 0.0346  loss_bbox: 0.0816  loss_iou: 0.4697  d0.loss_cls: 0.1155  d0.loss_bbox: 0.0893  d0.loss_iou: 0.5215  d1.loss_cls: 0.0630  d1.loss_bbox: 0.0863  d1.loss_iou: 0.5051  d2.loss_cls: 0.0463  d2.loss_bbox: 0.0849  d2.loss_iou: 0.4942  d3.loss_cls: 0.0382  d3.loss_bbox: 0.0832  d3.loss_iou: 0.4856  d4.loss_cls: 0.0355  d4.loss_bbox: 0.0819  d4.loss_iou: 0.4714
2026/03/26 14:26:34 - mmengine - INFO - Epoch(train) [28][200/238]  base_lr: 6.8737e-05 lr: 6.8737e-06  eta: 3:00:59  time: 1.0881  data_time: 0.0069  memory: 10691  grad_norm: 237.3076  loss: 3.7964  loss_cls: 0.0429  loss_bbox: 0.0808  loss_iou: 0.4687  d0.loss_cls: 0.1136  d0.loss_bbox: 0.0892  d0.loss_iou: 0.5113  d1.loss_cls: 0.0713  d1.loss_bbox: 0.0860  d1.loss_iou: 0.4997  d2.loss_cls: 0.0519  d2.loss_bbox: 0.0845  d2.loss_iou: 0.4915  d3.loss_cls: 0.0453  d3.loss_bbox: 0.0824  d3.loss_iou: 0.4803  d4.loss_cls: 0.0423  d4.loss_bbox: 0.0815  d4.loss_iou: 0.4732
2026/03/26 14:27:08 - mmengine - INFO - Exp name: detr_r50_uatd_80e_pretrained_20260326_124055
2026/03/26 14:27:14 - mmengine - INFO - Epoch(val) [28][ 50/100]    eta: 0:00:05  time: 0.1175  data_time: 0.0355  memory: 10691  
2026/03/26 14:27:18 - mmengine - INFO - Epoch(val) [28][100/100]    eta: 0:00:00  time: 0.0834  data_time: 0.0232  memory: 1186  
2026/03/26 14:27:19 - mmengine - INFO - Evaluating bbox...
2026/03/26 14:27:24 - mmengine - INFO - bbox_mAP_copypaste: 0.293 0.735 0.161 0.356 0.291 0.307
2026/03/26 14:27:24 - mmengine - INFO - Epoch(val) [28][100/100]    coco/bbox_mAP: 0.2930  coco/bbox_mAP_50: 0.7350  coco/bbox_mAP_75: 0.1610  coco/bbox_mAP_s: 0.3560  coco/bbox_mAP_m: 0.2910  coco/bbox_mAP_l: 0.3070  data_time: 0.0291  time: 0.1000
2026/03/26 14:28:07 - mmengine - INFO - Epoch(train) [29][ 50/238]  base_lr: 6.7434e-05 lr: 6.7434e-06  eta: 2:59:42  time: 0.8700  data_time: 0.0173  memory: 10691  grad_norm: 216.9424  loss: 3.7359  loss_cls: 0.0423  loss_bbox: 0.0807  loss_iou: 0.4634  d0.loss_cls: 0.1146  d0.loss_bbox: 0.0884  d0.loss_iou: 0.5081  d1.loss_cls: 0.0675  d1.loss_bbox: 0.0845  d1.loss_iou: 0.4855  d2.loss_cls: 0.0520  d2.loss_bbox: 0.0830  d2.loss_iou: 0.4790  d3.loss_cls: 0.0424  d3.loss_bbox: 0.0820  d3.loss_iou: 0.4737  d4.loss_cls: 0.0426  d4.loss_bbox: 0.0809  d4.loss_iou: 0.4652
2026/03/26 14:28:53 - mmengine - INFO - Epoch(train) [29][100/238]  base_lr: 6.7434e-05 lr: 6.7434e-06  eta: 2:59:02  time: 0.9206  data_time: 0.0049  memory: 10691  grad_norm: 235.9318  loss: 3.7355  loss_cls: 0.0345  loss_bbox: 0.0813  loss_iou: 0.4653  d0.loss_cls: 0.1168  d0.loss_bbox: 0.0879  d0.loss_iou: 0.5009  d1.loss_cls: 0.0648  d1.loss_bbox: 0.0865  d1.loss_iou: 0.4927  d2.loss_cls: 0.0468  d2.loss_bbox: 0.0849  d2.loss_iou: 0.4891  d3.loss_cls: 0.0370  d3.loss_bbox: 0.0834  d3.loss_iou: 0.4806  d4.loss_cls: 0.0337  d4.loss_bbox: 0.0816  d4.loss_iou: 0.4676
2026/03/26 14:29:37 - mmengine - INFO - Epoch(train) [29][150/238]  base_lr: 6.7434e-05 lr: 6.7434e-06  eta: 2:58:19  time: 0.8813  data_time: 0.0048  memory: 10691  grad_norm: 233.8533  loss: 3.7516  loss_cls: 0.0398  loss_bbox: 0.0796  loss_iou: 0.4605  d0.loss_cls: 0.1075  d0.loss_bbox: 0.0887  d0.loss_iou: 0.5164  d1.loss_cls: 0.0667  d1.loss_bbox: 0.0848  d1.loss_iou: 0.5002  d2.loss_cls: 0.0520  d2.loss_bbox: 0.0830  d2.loss_iou: 0.4855  d3.loss_cls: 0.0427  d3.loss_bbox: 0.0820  d3.loss_iou: 0.4787  d4.loss_cls: 0.0416  d4.loss_bbox: 0.0796  d4.loss_iou: 0.4623
2026/03/26 14:30:25 - mmengine - INFO - Epoch(train) [29][200/238]  base_lr: 6.7434e-05 lr: 6.7434e-06  eta: 2:57:43  time: 0.9623  data_time: 0.0048  memory: 10691  grad_norm: 210.8281  loss: 3.7492  loss_cls: 0.0357  loss_bbox: 0.0820  loss_iou: 0.4679  d0.loss_cls: 0.1092  d0.loss_bbox: 0.0885  d0.loss_iou: 0.5043  d1.loss_cls: 0.0615  d1.loss_bbox: 0.0875  d1.loss_iou: 0.5010  d2.loss_cls: 0.0461  d2.loss_bbox: 0.0854  d2.loss_iou: 0.4860  d3.loss_cls: 0.0383  d3.loss_bbox: 0.0843  d3.loss_iou: 0.4805  d4.loss_cls: 0.0346  d4.loss_bbox: 0.0828  d4.loss_iou: 0.4735
2026/03/26 14:30:59 - mmengine - INFO - Exp name: detr_r50_uatd_80e_pretrained_20260326_124055
2026/03/26 14:31:43 - mmengine - INFO - Epoch(train) [30][ 50/238]  base_lr: 6.6132e-05 lr: 6.6132e-06  eta: 2:56:27  time: 0.8791  data_time: 0.0315  memory: 10691  grad_norm: 223.1296  loss: 3.7508  loss_cls: 0.0292  loss_bbox: 0.0814  loss_iou: 0.4755  d0.loss_cls: 0.1044  d0.loss_bbox: 0.0877  d0.loss_iou: 0.5117  d1.loss_cls: 0.0595  d1.loss_bbox: 0.0859  d1.loss_iou: 0.5014  d2.loss_cls: 0.0418  d2.loss_bbox: 0.0843  d2.loss_iou: 0.4950  d3.loss_cls: 0.0311  d3.loss_bbox: 0.0828  d3.loss_iou: 0.4878  d4.loss_cls: 0.0290  d4.loss_bbox: 0.0822  d4.loss_iou: 0.4802
2026/03/26 14:32:26 - mmengine - INFO - Exp name: detr_r50_uatd_80e_pretrained_20260326_124055
2026/03/26 14:32:27 - mmengine - INFO - Epoch(train) [30][100/238]  base_lr: 6.6132e-05 lr: 6.6132e-06  eta: 2:55:44  time: 0.8853  data_time: 0.0049  memory: 10691  grad_norm: 240.1843  loss: 3.7456  loss_cls: 0.0363  loss_bbox: 0.0813  loss_iou: 0.4640  d0.loss_cls: 0.1148  d0.loss_bbox: 0.0893  d0.loss_iou: 0.5145  d1.loss_cls: 0.0653  d1.loss_bbox: 0.0863  d1.loss_iou: 0.4941  d2.loss_cls: 0.0524  d2.loss_bbox: 0.0838  d2.loss_iou: 0.4810  d3.loss_cls: 0.0382  d3.loss_bbox: 0.0828  d3.loss_iou: 0.4781  d4.loss_cls: 0.0372  d4.loss_bbox: 0.0812  d4.loss_iou: 0.4651
2026/03/26 14:33:10 - mmengine - INFO - Epoch(train) [30][150/238]  base_lr: 6.6132e-05 lr: 6.6132e-06  eta: 2:54:58  time: 0.8526  data_time: 0.0047  memory: 10691  grad_norm: 231.2682  loss: 3.7236  loss_cls: 0.0362  loss_bbox: 0.0812  loss_iou: 0.4637  d0.loss_cls: 0.1115  d0.loss_bbox: 0.0881  d0.loss_iou: 0.4996  d1.loss_cls: 0.0705  d1.loss_bbox: 0.0851  d1.loss_iou: 0.4913  d2.loss_cls: 0.0503  d2.loss_bbox: 0.0835  d2.loss_iou: 0.4831  d3.loss_cls: 0.0393  d3.loss_bbox: 0.0824  d3.loss_iou: 0.4735  d4.loss_cls: 0.0365  d4.loss_bbox: 0.0814  d4.loss_iou: 0.4663
2026/03/26 14:33:47 - mmengine - INFO - Epoch(train) [30][200/238]  base_lr: 6.6132e-05 lr: 6.6132e-06  eta: 2:54:02  time: 0.7355  data_time: 0.0042  memory: 10691  grad_norm: 258.2929  loss: 3.6974  loss_cls: 0.0330  loss_bbox: 0.0805  loss_iou: 0.4638  d0.loss_cls: 0.1122  d0.loss_bbox: 0.0873  d0.loss_iou: 0.4969  d1.loss_cls: 0.0651  d1.loss_bbox: 0.0844  d1.loss_iou: 0.4881  d2.loss_cls: 0.0459  d2.loss_bbox: 0.0830  d2.loss_iou: 0.4814  d3.loss_cls: 0.0349  d3.loss_bbox: 0.0820  d3.loss_iou: 0.4769  d4.loss_cls: 0.0334  d4.loss_bbox: 0.0812  d4.loss_iou: 0.4676
2026/03/26 14:34:11 - mmengine - INFO - Exp name: detr_r50_uatd_80e_pretrained_20260326_124055
2026/03/26 14:34:14 - mmengine - INFO - Epoch(val) [30][ 50/100]    eta: 0:00:03  time: 0.0733  data_time: 0.0263  memory: 10691  
2026/03/26 14:34:18 - mmengine - INFO - Epoch(val) [30][100/100]    eta: 0:00:00  time: 0.0767  data_time: 0.0253  memory: 1186  
2026/03/26 14:34:19 - mmengine - INFO - Evaluating bbox...
2026/03/26 14:34:23 - mmengine - INFO - bbox_mAP_copypaste: 0.310 0.741 0.187 0.421 0.309 0.315
2026/03/26 14:34:23 - mmengine - INFO - Epoch(val) [30][100/100]    coco/bbox_mAP: 0.3100  coco/bbox_mAP_50: 0.7410  coco/bbox_mAP_75: 0.1870  coco/bbox_mAP_s: 0.4210  coco/bbox_mAP_m: 0.3090  coco/bbox_mAP_l: 0.3150  data_time: 0.0257  time: 0.0747
2026/03/26 14:34:23 - mmengine - INFO - The previous best checkpoint /workspace/aquaculture-perception/runs/mmdet/uatd/detr_r50_uatd_80e_pretrained/best_coco_bbox_mAP_epoch_24.pth is removed
2026/03/26 14:34:24 - mmengine - INFO - The best checkpoint with 0.3100 coco/bbox_mAP at 30 epoch is saved to best_coco_bbox_mAP_epoch_30.pth.
2026/03/26 14:35:01 - mmengine - INFO - Epoch(train) [31][ 50/238]  base_lr: 6.4829e-05 lr: 6.4829e-06  eta: 2:52:19  time: 0.7428  data_time: 0.0269  memory: 10691  grad_norm: 295.4384  loss: 3.7021  loss_cls: 0.0362  loss_bbox: 0.0785  loss_iou: 0.4612  d0.loss_cls: 0.1088  d0.loss_bbox: 0.0865  d0.loss_iou: 0.5068  d1.loss_cls: 0.0661  d1.loss_bbox: 0.0835  d1.loss_iou: 0.4940  d2.loss_cls: 0.0500  d2.loss_bbox: 0.0812  d2.loss_iou: 0.4809  d3.loss_cls: 0.0383  d3.loss_bbox: 0.0795  d3.loss_iou: 0.4717  d4.loss_cls: 0.0357  d4.loss_bbox: 0.0788  d4.loss_iou: 0.4646
2026/03/26 14:35:36 - mmengine - INFO - Epoch(train) [31][100/238]  base_lr: 6.4829e-05 lr: 6.4829e-06  eta: 2:51:21  time: 0.6848  data_time: 0.0033  memory: 10691  grad_norm: 211.8403  loss: 3.5853  loss_cls: 0.0347  loss_bbox: 0.0780  loss_iou: 0.4459  d0.loss_cls: 0.1070  d0.loss_bbox: 0.0848  d0.loss_iou: 0.4911  d1.loss_cls: 0.0609  d1.loss_bbox: 0.0824  d1.loss_iou: 0.4759  d2.loss_cls: 0.0444  d2.loss_bbox: 0.0806  d2.loss_iou: 0.4647  d3.loss_cls: 0.0382  d3.loss_bbox: 0.0793  d3.loss_iou: 0.4551  d4.loss_cls: 0.0357  d4.loss_bbox: 0.0784  d4.loss_iou: 0.4480
2026/03/26 14:36:11 - mmengine - INFO - Epoch(train) [31][150/238]  base_lr: 6.4829e-05 lr: 6.4829e-06  eta: 2:50:23  time: 0.6989  data_time: 0.0034  memory: 10691  grad_norm: 256.1419  loss: 3.7188  loss_cls: 0.0381  loss_bbox: 0.0806  loss_iou: 0.4615  d0.loss_cls: 0.1053  d0.loss_bbox: 0.0887  d0.loss_iou: 0.5089  d1.loss_cls: 0.0643  d1.loss_bbox: 0.0855  d1.loss_iou: 0.4965  d2.loss_cls: 0.0492  d2.loss_bbox: 0.0836  d2.loss_iou: 0.4808  d3.loss_cls: 0.0392  d3.loss_bbox: 0.0824  d3.loss_iou: 0.4723  d4.loss_cls: 0.0373  d4.loss_bbox: 0.0812  d4.loss_iou: 0.4634
2026/03/26 14:36:45 - mmengine - INFO - Epoch(train) [31][200/238]  base_lr: 6.4829e-05 lr: 6.4829e-06  eta: 2:49:26  time: 0.6936  data_time: 0.0033  memory: 10691  grad_norm: 256.8798  loss: 3.6610  loss_cls: 0.0298  loss_bbox: 0.0798  loss_iou: 0.4598  d0.loss_cls: 0.0976  d0.loss_bbox: 0.0885  d0.loss_iou: 0.5136  d1.loss_cls: 0.0551  d1.loss_bbox: 0.0849  d1.loss_iou: 0.4899  d2.loss_cls: 0.0395  d2.loss_bbox: 0.0828  d2.loss_iou: 0.4778  d3.loss_cls: 0.0307  d3.loss_bbox: 0.0821  d3.loss_iou: 0.4747  d4.loss_cls: 0.0292  d4.loss_bbox: 0.0806  d4.loss_iou: 0.4649
2026/03/26 14:37:09 - mmengine - INFO - Exp name: detr_r50_uatd_80e_pretrained_20260326_124055
2026/03/26 14:37:47 - mmengine - INFO - Epoch(train) [32][ 50/238]  base_lr: 6.3526e-05 lr: 6.3526e-06  eta: 2:47:46  time: 0.7547  data_time: 0.0138  memory: 10691  grad_norm: 208.6558  loss: 3.6435  loss_cls: 0.0321  loss_bbox: 0.0779  loss_iou: 0.4568  d0.loss_cls: 0.1015  d0.loss_bbox: 0.0866  d0.loss_iou: 0.5095  d1.loss_cls: 0.0569  d1.loss_bbox: 0.0823  d1.loss_iou: 0.4849  d2.loss_cls: 0.0440  d2.loss_bbox: 0.0812  d2.loss_iou: 0.4769  d3.loss_cls: 0.0332  d3.loss_bbox: 0.0801  d3.loss_iou: 0.4690  d4.loss_cls: 0.0310  d4.loss_bbox: 0.0787  d4.loss_iou: 0.4609
2026/03/26 14:38:27 - mmengine - INFO - Epoch(train) [32][100/238]  base_lr: 6.3526e-05 lr: 6.3526e-06  eta: 2:46:57  time: 0.7979  data_time: 0.0034  memory: 10691  grad_norm: 283.2031  loss: 3.6863  loss_cls: 0.0353  loss_bbox: 0.0782  loss_iou: 0.4606  d0.loss_cls: 0.1100  d0.loss_bbox: 0.0850  d0.loss_iou: 0.5014  d1.loss_cls: 0.0637  d1.loss_bbox: 0.0828  d1.loss_iou: 0.4868  d2.loss_cls: 0.0464  d2.loss_bbox: 0.0817  d2.loss_iou: 0.4843  d3.loss_cls: 0.0383  d3.loss_bbox: 0.0800  d3.loss_iou: 0.4736  d4.loss_cls: 0.0363  d4.loss_bbox: 0.0786  d4.loss_iou: 0.4631
2026/03/26 14:39:06 - mmengine - INFO - Epoch(train) [32][150/238]  base_lr: 6.3526e-05 lr: 6.3526e-06  eta: 2:46:08  time: 0.7887  data_time: 0.0042  memory: 10691  grad_norm: 238.4350  loss: 3.6015  loss_cls: 0.0297  loss_bbox: 0.0784  loss_iou: 0.4530  d0.loss_cls: 0.1008  d0.loss_bbox: 0.0857  d0.loss_iou: 0.4986  d1.loss_cls: 0.0591  d1.loss_bbox: 0.0820  d1.loss_iou: 0.4784  d2.loss_cls: 0.0419  d2.loss_bbox: 0.0807  d2.loss_iou: 0.4739  d3.loss_cls: 0.0316  d3.loss_bbox: 0.0799  d3.loss_iou: 0.4649  d4.loss_cls: 0.0299  d4.loss_bbox: 0.0788  d4.loss_iou: 0.4543
2026/03/26 14:39:43 - mmengine - INFO - Epoch(train) [32][200/238]  base_lr: 6.3526e-05 lr: 6.3526e-06  eta: 2:45:15  time: 0.7351  data_time: 0.0034  memory: 10691  grad_norm: 225.5119  loss: 3.5914  loss_cls: 0.0294  loss_bbox: 0.0780  loss_iou: 0.4511  d0.loss_cls: 0.0999  d0.loss_bbox: 0.0863  d0.loss_iou: 0.5021  d1.loss_cls: 0.0547  d1.loss_bbox: 0.0821  d1.loss_iou: 0.4767  d2.loss_cls: 0.0393  d2.loss_bbox: 0.0809  d2.loss_iou: 0.4712  d3.loss_cls: 0.0320  d3.loss_bbox: 0.0797  d3.loss_iou: 0.4658  d4.loss_cls: 0.0299  d4.loss_bbox: 0.0782  d4.loss_iou: 0.4541
2026/03/26 14:40:11 - mmengine - INFO - Exp name: detr_r50_uatd_80e_pretrained_20260326_124055
2026/03/26 14:40:15 - mmengine - INFO - Epoch(val) [32][ 50/100]    eta: 0:00:03  time: 0.0776  data_time: 0.0213  memory: 10691  
2026/03/26 14:40:20 - mmengine - INFO - Epoch(val) [32][100/100]    eta: 0:00:00  time: 0.0906  data_time: 0.0211  memory: 1186  
2026/03/26 14:40:21 - mmengine - INFO - Evaluating bbox...
2026/03/26 14:40:25 - mmengine - INFO - bbox_mAP_copypaste: 0.338 0.784 0.193 0.333 0.337 0.360
2026/03/26 14:40:25 - mmengine - INFO - Epoch(val) [32][100/100]    coco/bbox_mAP: 0.3380  coco/bbox_mAP_50: 0.7840  coco/bbox_mAP_75: 0.1930  coco/bbox_mAP_s: 0.3330  coco/bbox_mAP_m: 0.3370  coco/bbox_mAP_l: 0.3600  data_time: 0.0210  time: 0.0836
2026/03/26 14:40:25 - mmengine - INFO - The previous best checkpoint /workspace/aquaculture-perception/runs/mmdet/uatd/detr_r50_uatd_80e_pretrained/best_coco_bbox_mAP_epoch_30.pth is removed
2026/03/26 14:40:26 - mmengine - INFO - The best checkpoint with 0.3380 coco/bbox_mAP at 32 epoch is saved to best_coco_bbox_mAP_epoch_32.pth.
2026/03/26 14:41:04 - mmengine - INFO - Epoch(train) [33][ 50/238]  base_lr: 6.2224e-05 lr: 6.2224e-06  eta: 2:43:44  time: 0.7605  data_time: 0.0128  memory: 10691  grad_norm: 217.6745  loss: 3.5867  loss_cls: 0.0292  loss_bbox: 0.0775  loss_iou: 0.4491  d0.loss_cls: 0.0965  d0.loss_bbox: 0.0867  d0.loss_iou: 0.5076  d1.loss_cls: 0.0574  d1.loss_bbox: 0.0815  d1.loss_iou: 0.4776  d2.loss_cls: 0.0376  d2.loss_bbox: 0.0808  d2.loss_iou: 0.4721  d3.loss_cls: 0.0312  d3.loss_bbox: 0.0793  d3.loss_iou: 0.4632  d4.loss_cls: 0.0299  d4.loss_bbox: 0.0781  d4.loss_iou: 0.4515
2026/03/26 14:41:39 - mmengine - INFO - Epoch(train) [33][100/238]  base_lr: 6.2224e-05 lr: 6.2224e-06  eta: 2:42:49  time: 0.6987  data_time: 0.0038  memory: 10691  grad_norm: 259.2551  loss: 3.6556  loss_cls: 0.0291  loss_bbox: 0.0798  loss_iou: 0.4583  d0.loss_cls: 0.0930  d0.loss_bbox: 0.0895  d0.loss_iou: 0.5205  d1.loss_cls: 0.0514  d1.loss_bbox: 0.0849  d1.loss_iou: 0.4921  d2.loss_cls: 0.0393  d2.loss_bbox: 0.0828  d2.loss_iou: 0.4804  d3.loss_cls: 0.0301  d3.loss_bbox: 0.0818  d3.loss_iou: 0.4723  d4.loss_cls: 0.0271  d4.loss_bbox: 0.0806  d4.loss_iou: 0.4626
2026/03/26 14:42:15 - mmengine - INFO - Epoch(train) [33][150/238]  base_lr: 6.2224e-05 lr: 6.2224e-06  eta: 2:41:55  time: 0.7133  data_time: 0.0042  memory: 10691  grad_norm: 274.0042  loss: 3.6211  loss_cls: 0.0316  loss_bbox: 0.0788  loss_iou: 0.4527  d0.loss_cls: 0.0980  d0.loss_bbox: 0.0871  d0.loss_iou: 0.5048  d1.loss_cls: 0.0620  d1.loss_bbox: 0.0836  d1.loss_iou: 0.4831  d2.loss_cls: 0.0419  d2.loss_bbox: 0.0816  d2.loss_iou: 0.4727  d3.loss_cls: 0.0347  d3.loss_bbox: 0.0800  d3.loss_iou: 0.4632  d4.loss_cls: 0.0313  d4.loss_bbox: 0.0791  d4.loss_iou: 0.4548
2026/03/26 14:42:55 - mmengine - INFO - Epoch(train) [33][200/238]  base_lr: 6.2224e-05 lr: 6.2224e-06  eta: 2:41:08  time: 0.8042  data_time: 0.0040  memory: 10691  grad_norm: 226.8030  loss: 3.5938  loss_cls: 0.0296  loss_bbox: 0.0774  loss_iou: 0.4494  d0.loss_cls: 0.0979  d0.loss_bbox: 0.0858  d0.loss_iou: 0.5030  d1.loss_cls: 0.0553  d1.loss_bbox: 0.0830  d1.loss_iou: 0.4851  d2.loss_cls: 0.0394  d2.loss_bbox: 0.0813  d2.loss_iou: 0.4734  d3.loss_cls: 0.0311  d3.loss_bbox: 0.0793  d3.loss_iou: 0.4628  d4.loss_cls: 0.0296  d4.loss_bbox: 0.0779  d4.loss_iou: 0.4524
2026/03/26 14:43:21 - mmengine - INFO - Exp name: detr_r50_uatd_80e_pretrained_20260326_124055
2026/03/26 14:43:56 - mmengine - INFO - Epoch(train) [34][ 50/238]  base_lr: 6.0921e-05 lr: 6.0921e-06  eta: 2:39:31  time: 0.6976  data_time: 0.0078  memory: 10691  grad_norm: 230.8467  loss: 3.5200  loss_cls: 0.0299  loss_bbox: 0.0760  loss_iou: 0.4361  d0.loss_cls: 0.0957  d0.loss_bbox: 0.0869  d0.loss_iou: 0.4997  d1.loss_cls: 0.0547  d1.loss_bbox: 0.0817  d1.loss_iou: 0.4771  d2.loss_cls: 0.0387  d2.loss_bbox: 0.0797  d2.loss_iou: 0.4615  d3.loss_cls: 0.0309  d3.loss_bbox: 0.0773  d3.loss_iou: 0.4499  d4.loss_cls: 0.0297  d4.loss_bbox: 0.0763  d4.loss_iou: 0.4381
2026/03/26 14:44:30 - mmengine - INFO - Epoch(train) [34][100/238]  base_lr: 6.0921e-05 lr: 6.0921e-06  eta: 2:38:36  time: 0.6862  data_time: 0.0035  memory: 10691  grad_norm: 254.8626  loss: 3.5260  loss_cls: 0.0290  loss_bbox: 0.0750  loss_iou: 0.4406  d0.loss_cls: 0.1002  d0.loss_bbox: 0.0835  d0.loss_iou: 0.4980  d1.loss_cls: 0.0571  d1.loss_bbox: 0.0795  d1.loss_iou: 0.4718  d2.loss_cls: 0.0400  d2.loss_bbox: 0.0781  d2.loss_iou: 0.4633  d3.loss_cls: 0.0309  d3.loss_bbox: 0.0765  d3.loss_iou: 0.4539  d4.loss_cls: 0.0302  d4.loss_bbox: 0.0756  d4.loss_iou: 0.4427
2026/03/26 14:45:03 - mmengine - INFO - Exp name: detr_r50_uatd_80e_pretrained_20260326_124055
2026/03/26 14:45:05 - mmengine - INFO - Epoch(train) [34][150/238]  base_lr: 6.0921e-05 lr: 6.0921e-06  eta: 2:37:42  time: 0.6997  data_time: 0.0033  memory: 10691  grad_norm: 280.5047  loss: 3.5975  loss_cls: 0.0305  loss_bbox: 0.0775  loss_iou: 0.4495  d0.loss_cls: 0.0933  d0.loss_bbox: 0.0869  d0.loss_iou: 0.5058  d1.loss_cls: 0.0542  d1.loss_bbox: 0.0835  d1.loss_iou: 0.4886  d2.loss_cls: 0.0429  d2.loss_bbox: 0.0799  d2.loss_iou: 0.4690  d3.loss_cls: 0.0339  d3.loss_bbox: 0.0786  d3.loss_iou: 0.4622  d4.loss_cls: 0.0306  d4.loss_bbox: 0.0781  d4.loss_iou: 0.4525
2026/03/26 14:45:40 - mmengine - INFO - Epoch(train) [34][200/238]  base_lr: 6.0921e-05 lr: 6.0921e-06  eta: 2:36:48  time: 0.6893  data_time: 0.0032  memory: 10691  grad_norm: 197.9724  loss: 3.5798  loss_cls: 0.0309  loss_bbox: 0.0766  loss_iou: 0.4464  d0.loss_cls: 0.0982  d0.loss_bbox: 0.0851  d0.loss_iou: 0.5060  d1.loss_cls: 0.0609  d1.loss_bbox: 0.0811  d1.loss_iou: 0.4774  d2.loss_cls: 0.0446  d2.loss_bbox: 0.0789  d2.loss_iou: 0.4649  d3.loss_cls: 0.0333  d3.loss_bbox: 0.0781  d3.loss_iou: 0.4575  d4.loss_cls: 0.0304  d4.loss_bbox: 0.0776  d4.loss_iou: 0.4519
2026/03/26 14:46:04 - mmengine - INFO - Exp name: detr_r50_uatd_80e_pretrained_20260326_124055
2026/03/26 14:46:53 - mmengine - INFO - Epoch(val) [34][ 50/100]    eta: 0:00:48  time: 0.9703  data_time: 0.9241  memory: 10691  
2026/03/26 14:47:13 - mmengine - INFO - Epoch(val) [34][100/100]    eta: 0:00:00  time: 0.4098  data_time: 0.3654  memory: 1186  
2026/03/26 14:47:14 - mmengine - INFO - Evaluating bbox...
2026/03/26 14:47:18 - mmengine - INFO - bbox_mAP_copypaste: 0.306 0.741 0.185 0.285 0.307 0.318
2026/03/26 14:47:18 - mmengine - INFO - Epoch(val) [34][100/100]    coco/bbox_mAP: 0.3060  coco/bbox_mAP_50: 0.7410  coco/bbox_mAP_75: 0.1850  coco/bbox_mAP_s: 0.2850  coco/bbox_mAP_m: 0.3070  coco/bbox_mAP_l: 0.3180  data_time: 0.6384  time: 0.6836
2026/03/26 14:47:57 - mmengine - INFO - Epoch(train) [35][ 50/238]  base_lr: 5.9618e-05 lr: 5.9618e-06  eta: 2:35:16  time: 0.7766  data_time: 0.0483  memory: 10691  grad_norm: 238.7627  loss: 3.5484  loss_cls: 0.0336  loss_bbox: 0.0752  loss_iou: 0.4391  d0.loss_cls: 0.1049  d0.loss_bbox: 0.0831  d0.loss_iou: 0.4936  d1.loss_cls: 0.0622  d1.loss_bbox: 0.0796  d1.loss_iou: 0.4681  d2.loss_cls: 0.0464  d2.loss_bbox: 0.0788  d2.loss_iou: 0.4635  d3.loss_cls: 0.0367  d3.loss_bbox: 0.0766  d3.loss_iou: 0.4530  d4.loss_cls: 0.0340  d4.loss_bbox: 0.0759  d4.loss_iou: 0.4442
2026/03/26 14:48:33 - mmengine - INFO - Epoch(train) [35][100/238]  base_lr: 5.9618e-05 lr: 5.9618e-06  eta: 2:34:24  time: 0.7125  data_time: 0.0057  memory: 10691  grad_norm: 221.3944  loss: 3.5156  loss_cls: 0.0295  loss_bbox: 0.0761  loss_iou: 0.4372  d0.loss_cls: 0.0979  d0.loss_bbox: 0.0859  d0.loss_iou: 0.4942  d1.loss_cls: 0.0528  d1.loss_bbox: 0.0822  d1.loss_iou: 0.4753  d2.loss_cls: 0.0377  d2.loss_bbox: 0.0800  d2.loss_iou: 0.4603  d3.loss_cls: 0.0304  d3.loss_bbox: 0.0778  d3.loss_iou: 0.4520  d4.loss_cls: 0.0294  d4.loss_bbox: 0.0763  d4.loss_iou: 0.4405
2026/03/26 14:49:10 - mmengine - INFO - Epoch(train) [35][150/238]  base_lr: 5.9618e-05 lr: 5.9618e-06  eta: 2:33:35  time: 0.7534  data_time: 0.0056  memory: 10691  grad_norm: 249.6837  loss: 3.5575  loss_cls: 0.0273  loss_bbox: 0.0770  loss_iou: 0.4527  d0.loss_cls: 0.0922  d0.loss_bbox: 0.0845  d0.loss_iou: 0.4979  d1.loss_cls: 0.0518  d1.loss_bbox: 0.0819  d1.loss_iou: 0.4822  d2.loss_cls: 0.0376  d2.loss_bbox: 0.0795  d2.loss_iou: 0.4671  d3.loss_cls: 0.0294  d3.loss_bbox: 0.0785  d3.loss_iou: 0.4611  d4.loss_cls: 0.0280  d4.loss_bbox: 0.0773  d4.loss_iou: 0.4514
2026/03/26 14:49:48 - mmengine - INFO - Epoch(train) [35][200/238]  base_lr: 5.9618e-05 lr: 5.9618e-06  eta: 2:32:46  time: 0.7547  data_time: 0.0042  memory: 10691  grad_norm: 206.8291  loss: 3.5250  loss_cls: 0.0263  loss_bbox: 0.0776  loss_iou: 0.4434  d0.loss_cls: 0.0982  d0.loss_bbox: 0.0853  d0.loss_iou: 0.4929  d1.loss_cls: 0.0524  d1.loss_bbox: 0.0816  d1.loss_iou: 0.4735  d2.loss_cls: 0.0365  d2.loss_bbox: 0.0800  d2.loss_iou: 0.4641  d3.loss_cls: 0.0266  d3.loss_bbox: 0.0790  d3.loss_iou: 0.4583  d4.loss_cls: 0.0262  d4.loss_bbox: 0.0777  d4.loss_iou: 0.4452
2026/03/26 14:50:14 - mmengine - INFO - Exp name: detr_r50_uatd_80e_pretrained_20260326_124055
2026/03/26 14:50:47 - mmengine - INFO - Epoch(train) [36][ 50/238]  base_lr: 5.8316e-05 lr: 5.8316e-06  eta: 2:31:10  time: 0.6661  data_time: 0.0181  memory: 10691  grad_norm: 227.9915  loss: 3.4706  loss_cls: 0.0293  loss_bbox: 0.0742  loss_iou: 0.4327  d0.loss_cls: 0.0928  d0.loss_bbox: 0.0834  d0.loss_iou: 0.4975  d1.loss_cls: 0.0537  d1.loss_bbox: 0.0789  d1.loss_iou: 0.4655  d2.loss_cls: 0.0386  d2.loss_bbox: 0.0771  d2.loss_iou: 0.4536  d3.loss_cls: 0.0321  d3.loss_bbox: 0.0754  d3.loss_iou: 0.4460  d4.loss_cls: 0.0297  d4.loss_bbox: 0.0745  d4.loss_iou: 0.4357
2026/03/26 14:51:21 - mmengine - INFO - Epoch(train) [36][100/238]  base_lr: 5.8316e-05 lr: 5.8316e-06  eta: 2:30:16  time: 0.6735  data_time: 0.0038  memory: 10691  grad_norm: 296.1404  loss: 3.5209  loss_cls: 0.0287  loss_bbox: 0.0756  loss_iou: 0.4428  d0.loss_cls: 0.0923  d0.loss_bbox: 0.0841  d0.loss_iou: 0.4983  d1.loss_cls: 0.0526  d1.loss_bbox: 0.0797  d1.loss_iou: 0.4702  d2.loss_cls: 0.0368  d2.loss_bbox: 0.0786  d2.loss_iou: 0.4671  d3.loss_cls: 0.0284  d3.loss_bbox: 0.0772  d3.loss_iou: 0.4546  d4.loss_cls: 0.0298  d4.loss_bbox: 0.0762  d4.loss_iou: 0.4476
2026/03/26 14:51:55 - mmengine - INFO - Epoch(train) [36][150/238]  base_lr: 5.8316e-05 lr: 5.8316e-06  eta: 2:29:23  time: 0.6837  data_time: 0.0041  memory: 10691  grad_norm: 211.8653  loss: 3.4489  loss_cls: 0.0236  loss_bbox: 0.0738  loss_iou: 0.4316  d0.loss_cls: 0.0886  d0.loss_bbox: 0.0837  d0.loss_iou: 0.4996  d1.loss_cls: 0.0500  d1.loss_bbox: 0.0793  d1.loss_iou: 0.4711  d2.loss_cls: 0.0338  d2.loss_bbox: 0.0764  d2.loss_iou: 0.4560  d3.loss_cls: 0.0250  d3.loss_bbox: 0.0757  d3.loss_iou: 0.4497  d4.loss_cls: 0.0238  d4.loss_bbox: 0.0740  d4.loss_iou: 0.4334
2026/03/26 14:52:28 - mmengine - INFO - Epoch(train) [36][200/238]  base_lr: 5.8316e-05 lr: 5.8316e-06  eta: 2:28:30  time: 0.6723  data_time: 0.0038  memory: 10691  grad_norm: 248.8931  loss: 3.4979  loss_cls: 0.0222  loss_bbox: 0.0750  loss_iou: 0.4449  d0.loss_cls: 0.0830  d0.loss_bbox: 0.0856  d0.loss_iou: 0.5081  d1.loss_cls: 0.0453  d1.loss_bbox: 0.0799  d1.loss_iou: 0.4755  d2.loss_cls: 0.0326  d2.loss_bbox: 0.0777  d2.loss_iou: 0.4645  d3.loss_cls: 0.0246  d3.loss_bbox: 0.0763  d3.loss_iou: 0.4575  d4.loss_cls: 0.0217  d4.loss_bbox: 0.0755  d4.loss_iou: 0.4481
2026/03/26 14:52:52 - mmengine - INFO - Exp name: detr_r50_uatd_80e_pretrained_20260326_124055
2026/03/26 14:52:56 - mmengine - INFO - Epoch(val) [36][ 50/100]    eta: 0:00:03  time: 0.0675  data_time: 0.0190  memory: 10691  
2026/03/26 14:53:00 - mmengine - INFO - Epoch(val) [36][100/100]    eta: 0:00:00  time: 0.0905  data_time: 0.0421  memory: 1186  
2026/03/26 14:53:01 - mmengine - INFO - Evaluating bbox...
2026/03/26 14:53:05 - mmengine - INFO - bbox_mAP_copypaste: 0.306 0.747 0.178 0.342 0.307 0.307
2026/03/26 14:53:05 - mmengine - INFO - Epoch(val) [36][100/100]    coco/bbox_mAP: 0.3060  coco/bbox_mAP_50: 0.7470  coco/bbox_mAP_75: 0.1780  coco/bbox_mAP_s: 0.3420  coco/bbox_mAP_m: 0.3070  coco/bbox_mAP_l: 0.3070  data_time: 0.0303  time: 0.0787
2026/03/26 14:53:42 - mmengine - INFO - Epoch(train) [37][ 50/238]  base_lr: 5.7013e-05 lr: 5.7013e-06  eta: 2:26:59  time: 0.7378  data_time: 0.0213  memory: 10691  grad_norm: 213.2516  loss: 3.4582  loss_cls: 0.0264  loss_bbox: 0.0747  loss_iou: 0.4339  d0.loss_cls: 0.0944  d0.loss_bbox: 0.0835  d0.loss_iou: 0.4919  d1.loss_cls: 0.0502  d1.loss_bbox: 0.0787  d1.loss_iou: 0.4641  d2.loss_cls: 0.0362  d2.loss_bbox: 0.0774  d2.loss_iou: 0.4554  d3.loss_cls: 0.0288  d3.loss_bbox: 0.0763  d3.loss_iou: 0.4487  d4.loss_cls: 0.0275  d4.loss_bbox: 0.0750  d4.loss_iou: 0.4349
2026/03/26 14:54:19 - mmengine - INFO - Epoch(train) [37][100/238]  base_lr: 5.7013e-05 lr: 5.7013e-06  eta: 2:26:10  time: 0.7432  data_time: 0.0048  memory: 10691  grad_norm: 227.0427  loss: 3.4236  loss_cls: 0.0239  loss_bbox: 0.0744  loss_iou: 0.4296  d0.loss_cls: 0.0868  d0.loss_bbox: 0.0839  d0.loss_iou: 0.4901  d1.loss_cls: 0.0466  d1.loss_bbox: 0.0799  d1.loss_iou: 0.4650  d2.loss_cls: 0.0323  d2.loss_bbox: 0.0779  d2.loss_iou: 0.4553  d3.loss_cls: 0.0255  d3.loss_bbox: 0.0756  d3.loss_iou: 0.4447  d4.loss_cls: 0.0254  d4.loss_bbox: 0.0744  d4.loss_iou: 0.4323
2026/03/26 14:54:54 - mmengine - INFO - Epoch(train) [37][150/238]  base_lr: 5.7013e-05 lr: 5.7013e-06  eta: 2:25:19  time: 0.7032  data_time: 0.0041  memory: 10691  grad_norm: 236.0235  loss: 3.4072  loss_cls: 0.0264  loss_bbox: 0.0723  loss_iou: 0.4283  d0.loss_cls: 0.0856  d0.loss_bbox: 0.0825  d0.loss_iou: 0.4869  d1.loss_cls: 0.0491  d1.loss_bbox: 0.0781  d1.loss_iou: 0.4606  d2.loss_cls: 0.0375  d2.loss_bbox: 0.0756  d2.loss_iou: 0.4454  d3.loss_cls: 0.0296  d3.loss_bbox: 0.0741  d3.loss_iou: 0.4418  d4.loss_cls: 0.0282  d4.loss_bbox: 0.0730  d4.loss_iou: 0.4320
2026/03/26 14:55:30 - mmengine - INFO - Epoch(train) [37][200/238]  base_lr: 5.7013e-05 lr: 5.7013e-06  eta: 2:24:30  time: 0.7159  data_time: 0.0044  memory: 10691  grad_norm: 281.2137  loss: 3.4412  loss_cls: 0.0220  loss_bbox: 0.0748  loss_iou: 0.4364  d0.loss_cls: 0.0821  d0.loss_bbox: 0.0838  d0.loss_iou: 0.4966  d1.loss_cls: 0.0455  d1.loss_bbox: 0.0788  d1.loss_iou: 0.4657  d2.loss_cls: 0.0332  d2.loss_bbox: 0.0775  d2.loss_iou: 0.4558  d3.loss_cls: 0.0239  d3.loss_bbox: 0.0764  d3.loss_iou: 0.4520  d4.loss_cls: 0.0233  d4.loss_bbox: 0.0752  d4.loss_iou: 0.4382
2026/03/26 14:55:55 - mmengine - INFO - Exp name: detr_r50_uatd_80e_pretrained_20260326_124055
2026/03/26 14:56:35 - mmengine - INFO - Epoch(train) [38][ 50/238]  base_lr: 5.5711e-05 lr: 5.5711e-06  eta: 2:23:05  time: 0.7938  data_time: 0.0139  memory: 10691  grad_norm: 215.4643  loss: 3.4022  loss_cls: 0.0258  loss_bbox: 0.0721  loss_iou: 0.4262  d0.loss_cls: 0.0908  d0.loss_bbox: 0.0818  d0.loss_iou: 0.4886  d1.loss_cls: 0.0526  d1.loss_bbox: 0.0767  d1.loss_iou: 0.4563  d2.loss_cls: 0.0371  d2.loss_bbox: 0.0755  d2.loss_iou: 0.4497  d3.loss_cls: 0.0291  d3.loss_bbox: 0.0737  d3.loss_iou: 0.4380  d4.loss_cls: 0.0271  d4.loss_bbox: 0.0725  d4.loss_iou: 0.4285
2026/03/26 14:57:11 - mmengine - INFO - Epoch(train) [38][100/238]  base_lr: 5.5711e-05 lr: 5.5711e-06  eta: 2:22:16  time: 0.7247  data_time: 0.0041  memory: 10691  grad_norm: 198.2476  loss: 3.4496  loss_cls: 0.0268  loss_bbox: 0.0747  loss_iou: 0.4312  d0.loss_cls: 0.0885  d0.loss_bbox: 0.0837  d0.loss_iou: 0.4977  d1.loss_cls: 0.0511  d1.loss_bbox: 0.0794  d1.loss_iou: 0.4679  d2.loss_cls: 0.0376  d2.loss_bbox: 0.0773  d2.loss_iou: 0.4522  d3.loss_cls: 0.0274  d3.loss_bbox: 0.0763  d3.loss_iou: 0.4417  d4.loss_cls: 0.0265  d4.loss_bbox: 0.0752  d4.loss_iou: 0.4342
2026/03/26 14:57:50 - mmengine - INFO - Epoch(train) [38][150/238]  base_lr: 5.5711e-05 lr: 5.5711e-06  eta: 2:21:31  time: 0.7828  data_time: 0.0039  memory: 10691  grad_norm: 244.1350  loss: 3.4173  loss_cls: 0.0223  loss_bbox: 0.0737  loss_iou: 0.4299  d0.loss_cls: 0.0856  d0.loss_bbox: 0.0836  d0.loss_iou: 0.4938  d1.loss_cls: 0.0475  d1.loss_bbox: 0.0784  d1.loss_iou: 0.4655  d2.loss_cls: 0.0352  d2.loss_bbox: 0.0763  d2.loss_iou: 0.4516  d3.loss_cls: 0.0257  d3.loss_bbox: 0.0751  d3.loss_iou: 0.4440  d4.loss_cls: 0.0236  d4.loss_bbox: 0.0740  d4.loss_iou: 0.4317
2026/03/26 14:58:24 - mmengine - INFO - Exp name: detr_r50_uatd_80e_pretrained_20260326_124055
2026/03/26 14:58:28 - mmengine - INFO - Epoch(train) [38][200/238]  base_lr: 5.5711e-05 lr: 5.5711e-06  eta: 2:20:44  time: 0.7556  data_time: 0.0043  memory: 10691  grad_norm: 225.6768  loss: 3.3922  loss_cls: 0.0273  loss_bbox: 0.0722  loss_iou: 0.4204  d0.loss_cls: 0.0891  d0.loss_bbox: 0.0829  d0.loss_iou: 0.4889  d1.loss_cls: 0.0511  d1.loss_bbox: 0.0784  d1.loss_iou: 0.4587  d2.loss_cls: 0.0379  d2.loss_bbox: 0.0752  d2.loss_iou: 0.4452  d3.loss_cls: 0.0303  d3.loss_bbox: 0.0740  d3.loss_iou: 0.4357  d4.loss_cls: 0.0275  d4.loss_bbox: 0.0729  d4.loss_iou: 0.4246
2026/03/26 14:58:54 - mmengine - INFO - Exp name: detr_r50_uatd_80e_pretrained_20260326_124055
2026/03/26 14:58:58 - mmengine - INFO - Epoch(val) [38][ 50/100]    eta: 0:00:04  time: 0.0878  data_time: 0.0418  memory: 10691  
2026/03/26 14:59:03 - mmengine - INFO - Epoch(val) [38][100/100]    eta: 0:00:00  time: 0.0882  data_time: 0.0263  memory: 1186  
2026/03/26 14:59:04 - mmengine - INFO - Evaluating bbox...
2026/03/26 14:59:08 - mmengine - INFO - bbox_mAP_copypaste: 0.334 0.761 0.218 0.335 0.340 0.331
2026/03/26 14:59:08 - mmengine - INFO - Epoch(val) [38][100/100]    coco/bbox_mAP: 0.3340  coco/bbox_mAP_50: 0.7610  coco/bbox_mAP_75: 0.2180  coco/bbox_mAP_s: 0.3350  coco/bbox_mAP_m: 0.3400  coco/bbox_mAP_l: 0.3310  data_time: 0.0337  time: 0.0875
2026/03/26 14:59:49 - mmengine - INFO - Epoch(train) [39][ 50/238]  base_lr: 5.4408e-05 lr: 5.4408e-06  eta: 2:19:22  time: 0.8212  data_time: 0.0101  memory: 10691  grad_norm: 292.7534  loss: 3.4032  loss_cls: 0.0265  loss_bbox: 0.0719  loss_iou: 0.4280  d0.loss_cls: 0.0860  d0.loss_bbox: 0.0815  d0.loss_iou: 0.4939  d1.loss_cls: 0.0475  d1.loss_bbox: 0.0763  d1.loss_iou: 0.4585  d2.loss_cls: 0.0337  d2.loss_bbox: 0.0754  d2.loss_iou: 0.4534  d3.loss_cls: 0.0275  d3.loss_bbox: 0.0736  d3.loss_iou: 0.4420  d4.loss_cls: 0.0263  d4.loss_bbox: 0.0721  d4.loss_iou: 0.4294
2026/03/26 15:00:26 - mmengine - INFO - Epoch(train) [39][100/238]  base_lr: 5.4408e-05 lr: 5.4408e-06  eta: 2:18:35  time: 0.7538  data_time: 0.0041  memory: 10691  grad_norm: 230.8002  loss: 3.3540  loss_cls: 0.0224  loss_bbox: 0.0719  loss_iou: 0.4201  d0.loss_cls: 0.0816  d0.loss_bbox: 0.0824  d0.loss_iou: 0.4896  d1.loss_cls: 0.0443  d1.loss_bbox: 0.0767  d1.loss_iou: 0.4578  d2.loss_cls: 0.0328  d2.loss_bbox: 0.0752  d2.loss_iou: 0.4461  d3.loss_cls: 0.0243  d3.loss_bbox: 0.0740  d3.loss_iou: 0.4366  d4.loss_cls: 0.0225  d4.loss_bbox: 0.0724  d4.loss_iou: 0.4233
2026/03/26 15:01:01 - mmengine - INFO - Epoch(train) [39][150/238]  base_lr: 5.4408e-05 lr: 5.4408e-06  eta: 2:17:45  time: 0.6965  data_time: 0.0030  memory: 10691  grad_norm: 196.2188  loss: 3.3792  loss_cls: 0.0287  loss_bbox: 0.0717  loss_iou: 0.4165  d0.loss_cls: 0.0868  d0.loss_bbox: 0.0825  d0.loss_iou: 0.4872  d1.loss_cls: 0.0551  d1.loss_bbox: 0.0767  d1.loss_iou: 0.4541  d2.loss_cls: 0.0370  d2.loss_bbox: 0.0756  d2.loss_iou: 0.4453  d3.loss_cls: 0.0312  d3.loss_bbox: 0.0739  d3.loss_iou: 0.4329  d4.loss_cls: 0.0288  d4.loss_bbox: 0.0727  d4.loss_iou: 0.4225
2026/03/26 15:01:36 - mmengine - INFO - Epoch(train) [39][200/238]  base_lr: 5.4408e-05 lr: 5.4408e-06  eta: 2:16:56  time: 0.6934  data_time: 0.0037  memory: 10691  grad_norm: 236.1431  loss: 3.4292  loss_cls: 0.0238  loss_bbox: 0.0738  loss_iou: 0.4323  d0.loss_cls: 0.0879  d0.loss_bbox: 0.0833  d0.loss_iou: 0.4947  d1.loss_cls: 0.0493  d1.loss_bbox: 0.0782  d1.loss_iou: 0.4630  d2.loss_cls: 0.0340  d2.loss_bbox: 0.0770  d2.loss_iou: 0.4537  d3.loss_cls: 0.0264  d3.loss_bbox: 0.0753  d3.loss_iou: 0.4445  d4.loss_cls: 0.0243  d4.loss_bbox: 0.0740  d4.loss_iou: 0.4337
2026/03/26 15:02:00 - mmengine - INFO - Exp name: detr_r50_uatd_80e_pretrained_20260326_124055
2026/03/26 15:02:37 - mmengine - INFO - Epoch(train) [40][ 50/238]  base_lr: 5.3105e-05 lr: 5.3105e-06  eta: 2:15:29  time: 0.7418  data_time: 0.0310  memory: 10691  grad_norm: 252.6132  loss: 3.3450  loss_cls: 0.0254  loss_bbox: 0.0721  loss_iou: 0.4152  d0.loss_cls: 0.0884  d0.loss_bbox: 0.0819  d0.loss_iou: 0.4811  d1.loss_cls: 0.0482  d1.loss_bbox: 0.0777  d1.loss_iou: 0.4532  d2.loss_cls: 0.0360  d2.loss_bbox: 0.0755  d2.loss_iou: 0.4421  d3.loss_cls: 0.0274  d3.loss_bbox: 0.0740  d3.loss_iou: 0.4307  d4.loss_cls: 0.0249  d4.loss_bbox: 0.0726  d4.loss_iou: 0.4184
2026/03/26 15:03:11 - mmengine - INFO - Epoch(train) [40][100/238]  base_lr: 5.3105e-05 lr: 5.3105e-06  eta: 2:14:39  time: 0.6837  data_time: 0.0033  memory: 10691  grad_norm: 300.5183  loss: 3.3651  loss_cls: 0.0238  loss_bbox: 0.0703  loss_iou: 0.4206  d0.loss_cls: 0.0836  d0.loss_bbox: 0.0811  d0.loss_iou: 0.4908  d1.loss_cls: 0.0470  d1.loss_bbox: 0.0769  d1.loss_iou: 0.4665  d2.loss_cls: 0.0308  d2.loss_bbox: 0.0739  d2.loss_iou: 0.4473  d3.loss_cls: 0.0248  d3.loss_bbox: 0.0725  d3.loss_iou: 0.4379  d4.loss_cls: 0.0244  d4.loss_bbox: 0.0709  d4.loss_iou: 0.4219
2026/03/26 15:03:47 - mmengine - INFO - Epoch(train) [40][150/238]  base_lr: 5.3105e-05 lr: 5.3105e-06  eta: 2:13:51  time: 0.7168  data_time: 0.0040  memory: 10691  grad_norm: 232.6123  loss: 3.3585  loss_cls: 0.0277  loss_bbox: 0.0704  loss_iou: 0.4165  d0.loss_cls: 0.0882  d0.loss_bbox: 0.0816  d0.loss_iou: 0.4894  d1.loss_cls: 0.0485  d1.loss_bbox: 0.0769  d1.loss_iou: 0.4575  d2.loss_cls: 0.0341  d2.loss_bbox: 0.0745  d2.loss_iou: 0.4436  d3.loss_cls: 0.0290  d3.loss_bbox: 0.0718  d3.loss_iou: 0.4304  d4.loss_cls: 0.0262  d4.loss_bbox: 0.0711  d4.loss_iou: 0.4212
2026/03/26 15:04:25 - mmengine - INFO - Epoch(train) [40][200/238]  base_lr: 5.3105e-05 lr: 5.3105e-06  eta: 2:13:05  time: 0.7481  data_time: 0.0038  memory: 10691  grad_norm: 312.3891  loss: 3.3958  loss_cls: 0.0209  loss_bbox: 0.0722  loss_iou: 0.4299  d0.loss_cls: 0.0834  d0.loss_bbox: 0.0821  d0.loss_iou: 0.4924  d1.loss_cls: 0.0418  d1.loss_bbox: 0.0777  d1.loss_iou: 0.4645  d2.loss_cls: 0.0292  d2.loss_bbox: 0.0762  d2.loss_iou: 0.4569  d3.loss_cls: 0.0243  d3.loss_bbox: 0.0742  d3.loss_iou: 0.4438  d4.loss_cls: 0.0209  d4.loss_bbox: 0.0728  d4.loss_iou: 0.4327
2026/03/26 15:04:48 - mmengine - INFO - Exp name: detr_r50_uatd_80e_pretrained_20260326_124055
2026/03/26 15:04:53 - mmengine - INFO - Epoch(val) [40][ 50/100]    eta: 0:00:05  time: 0.1019  data_time: 0.0521  memory: 10691  
2026/03/26 15:04:58 - mmengine - INFO - Epoch(val) [40][100/100]    eta: 0:00:00  time: 0.0857  data_time: 0.0400  memory: 1186  
2026/03/26 15:04:59 - mmengine - INFO - Evaluating bbox...
2026/03/26 15:05:03 - mmengine - INFO - bbox_mAP_copypaste: 0.312 0.737 0.178 0.487 0.315 0.315
2026/03/26 15:05:03 - mmengine - INFO - Epoch(val) [40][100/100]    coco/bbox_mAP: 0.3120  coco/bbox_mAP_50: 0.7370  coco/bbox_mAP_75: 0.1780  coco/bbox_mAP_s: 0.4870  coco/bbox_mAP_m: 0.3150  coco/bbox_mAP_l: 0.3150  data_time: 0.0456  time: 0.0933
2026/03/26 15:05:40 - mmengine - INFO - Epoch(train) [41][ 50/238]  base_lr: 5.1803e-05 lr: 5.1803e-06  eta: 2:11:38  time: 0.7370  data_time: 0.0082  memory: 10691  grad_norm: 219.6298  loss: 3.3155  loss_cls: 0.0224  loss_bbox: 0.0703  loss_iou: 0.4163  d0.loss_cls: 0.0844  d0.loss_bbox: 0.0806  d0.loss_iou: 0.4823  d1.loss_cls: 0.0478  d1.loss_bbox: 0.0757  d1.loss_iou: 0.4529  d2.loss_cls: 0.0319  d2.loss_bbox: 0.0734  d2.loss_iou: 0.4396  d3.loss_cls: 0.0245  d3.loss_bbox: 0.0720  d3.loss_iou: 0.4314  d4.loss_cls: 0.0229  d4.loss_bbox: 0.0708  d4.loss_iou: 0.4164
2026/03/26 15:06:17 - mmengine - INFO - Epoch(train) [41][100/238]  base_lr: 5.1803e-05 lr: 5.1803e-06  eta: 2:10:53  time: 0.7511  data_time: 0.0042  memory: 10691  grad_norm: 251.6976  loss: 3.3292  loss_cls: 0.0199  loss_bbox: 0.0707  loss_iou: 0.4203  d0.loss_cls: 0.0760  d0.loss_bbox: 0.0826  d0.loss_iou: 0.4967  d1.loss_cls: 0.0408  d1.loss_bbox: 0.0767  d1.loss_iou: 0.4569  d2.loss_cls: 0.0262  d2.loss_bbox: 0.0750  d2.loss_iou: 0.4471  d3.loss_cls: 0.0223  d3.loss_bbox: 0.0721  d3.loss_iou: 0.4337  d4.loss_cls: 0.0196  d4.loss_bbox: 0.0709  d4.loss_iou: 0.4215
2026/03/26 15:06:54 - mmengine - INFO - Epoch(train) [41][150/238]  base_lr: 5.1803e-05 lr: 5.1803e-06  eta: 2:10:06  time: 0.7373  data_time: 0.0037  memory: 10691  grad_norm: 261.4567  loss: 3.3493  loss_cls: 0.0269  loss_bbox: 0.0699  loss_iou: 0.4166  d0.loss_cls: 0.0851  d0.loss_bbox: 0.0813  d0.loss_iou: 0.4894  d1.loss_cls: 0.0486  d1.loss_bbox: 0.0759  d1.loss_iou: 0.4592  d2.loss_cls: 0.0350  d2.loss_bbox: 0.0730  d2.loss_iou: 0.4398  d3.loss_cls: 0.0274  d3.loss_bbox: 0.0720  d3.loss_iou: 0.4324  d4.loss_cls: 0.0268  d4.loss_bbox: 0.0704  d4.loss_iou: 0.4197
2026/03/26 15:07:33 - mmengine - INFO - Epoch(train) [41][200/238]  base_lr: 5.1803e-05 lr: 5.1803e-06  eta: 2:09:22  time: 0.7730  data_time: 0.0076  memory: 10691  grad_norm: 208.2999  loss: 3.2871  loss_cls: 0.0205  loss_bbox: 0.0709  loss_iou: 0.4128  d0.loss_cls: 0.0840  d0.loss_bbox: 0.0815  d0.loss_iou: 0.4788  d1.loss_cls: 0.0418  d1.loss_bbox: 0.0764  d1.loss_iou: 0.4517  d2.loss_cls: 0.0281  d2.loss_bbox: 0.0741  d2.loss_iou: 0.4368  d3.loss_cls: 0.0211  d3.loss_bbox: 0.0727  d3.loss_iou: 0.4281  d4.loss_cls: 0.0199  d4.loss_bbox: 0.0714  d4.loss_iou: 0.4165
2026/03/26 15:08:05 - mmengine - INFO - Exp name: detr_r50_uatd_80e_pretrained_20260326_124055
2026/03/26 15:08:46 - mmengine - INFO - Epoch(train) [42][ 50/238]  base_lr: 5.0500e-05 lr: 5.0500e-06  eta: 2:08:08  time: 0.8129  data_time: 0.0266  memory: 10691  grad_norm: 255.9534  loss: 3.2683  loss_cls: 0.0185  loss_bbox: 0.0699  loss_iou: 0.4117  d0.loss_cls: 0.0772  d0.loss_bbox: 0.0811  d0.loss_iou: 0.4874  d1.loss_cls: 0.0409  d1.loss_bbox: 0.0753  d1.loss_iou: 0.4512  d2.loss_cls: 0.0268  d2.loss_bbox: 0.0731  d2.loss_iou: 0.4351  d3.loss_cls: 0.0208  d3.loss_bbox: 0.0715  d3.loss_iou: 0.4241  d4.loss_cls: 0.0180  d4.loss_bbox: 0.0706  d4.loss_iou: 0.4150
2026/03/26 15:09:20 - mmengine - INFO - Epoch(train) [42][100/238]  base_lr: 5.0500e-05 lr: 5.0500e-06  eta: 2:07:20  time: 0.6899  data_time: 0.0033  memory: 10691  grad_norm: 226.1027  loss: 3.3517  loss_cls: 0.0292  loss_bbox: 0.0714  loss_iou: 0.4159  d0.loss_cls: 0.0900  d0.loss_bbox: 0.0816  d0.loss_iou: 0.4817  d1.loss_cls: 0.0538  d1.loss_bbox: 0.0767  d1.loss_iou: 0.4526  d2.loss_cls: 0.0376  d2.loss_bbox: 0.0737  d2.loss_iou: 0.4346  d3.loss_cls: 0.0308  d3.loss_bbox: 0.0733  d3.loss_iou: 0.4292  d4.loss_cls: 0.0291  d4.loss_bbox: 0.0719  d4.loss_iou: 0.4186
2026/03/26 15:09:56 - mmengine - INFO - Epoch(train) [42][150/238]  base_lr: 5.0500e-05 lr: 5.0500e-06  eta: 2:06:32  time: 0.7077  data_time: 0.0038  memory: 10691  grad_norm: 221.4528  loss: 3.2852  loss_cls: 0.0200  loss_bbox: 0.0703  loss_iou: 0.4149  d0.loss_cls: 0.0782  d0.loss_bbox: 0.0803  d0.loss_iou: 0.4886  d1.loss_cls: 0.0410  d1.loss_bbox: 0.0755  d1.loss_iou: 0.4509  d2.loss_cls: 0.0285  d2.loss_bbox: 0.0729  d2.loss_iou: 0.4348  d3.loss_cls: 0.0226  d3.loss_bbox: 0.0715  d3.loss_iou: 0.4266  d4.loss_cls: 0.0208  d4.loss_bbox: 0.0706  d4.loss_iou: 0.4170
2026/03/26 15:10:37 - mmengine - INFO - Epoch(train) [42][200/238]  base_lr: 5.0500e-05 lr: 5.0500e-06  eta: 2:05:50  time: 0.8227  data_time: 0.0042  memory: 10691  grad_norm: 247.6790  loss: 3.2778  loss_cls: 0.0206  loss_bbox: 0.0695  loss_iou: 0.4129  d0.loss_cls: 0.0837  d0.loss_bbox: 0.0801  d0.loss_iou: 0.4809  d1.loss_cls: 0.0424  d1.loss_bbox: 0.0743  d1.loss_iou: 0.4483  d2.loss_cls: 0.0315  d2.loss_bbox: 0.0718  d2.loss_iou: 0.4349  d3.loss_cls: 0.0237  d3.loss_bbox: 0.0705  d3.loss_iou: 0.4261  d4.loss_cls: 0.0214  d4.loss_bbox: 0.0696  d4.loss_iou: 0.4156
2026/03/26 15:11:04 - mmengine - INFO - Exp name: detr_r50_uatd_80e_pretrained_20260326_124055
2026/03/26 15:11:08 - mmengine - INFO - Epoch(val) [42][ 50/100]    eta: 0:00:04  time: 0.0949  data_time: 0.0442  memory: 10691  
2026/03/26 15:11:13 - mmengine - INFO - Epoch(val) [42][100/100]    eta: 0:00:00  time: 0.0872  data_time: 0.0419  memory: 1186  
2026/03/26 15:11:14 - mmengine - INFO - Evaluating bbox...
2026/03/26 15:11:18 - mmengine - INFO - bbox_mAP_copypaste: 0.318 0.751 0.180 0.445 0.321 0.313
2026/03/26 15:11:19 - mmengine - INFO - Epoch(val) [42][100/100]    coco/bbox_mAP: 0.3180  coco/bbox_mAP_50: 0.7510  coco/bbox_mAP_75: 0.1800  coco/bbox_mAP_s: 0.4450  coco/bbox_mAP_m: 0.3210  coco/bbox_mAP_l: 0.3130  data_time: 0.0426  time: 0.0906
2026/03/26 15:11:24 - mmengine - INFO - Exp name: detr_r50_uatd_80e_pretrained_20260326_124055
2026/03/26 15:11:54 - mmengine - INFO - Epoch(train) [43][ 50/238]  base_lr: 4.9197e-05 lr: 4.9197e-06  eta: 2:04:28  time: 0.7096  data_time: 0.0280  memory: 10691  grad_norm: 231.8834  loss: 3.2756  loss_cls: 0.0245  loss_bbox: 0.0700  loss_iou: 0.4108  d0.loss_cls: 0.0794  d0.loss_bbox: 0.0800  d0.loss_iou: 0.4777  d1.loss_cls: 0.0461  d1.loss_bbox: 0.0749  d1.loss_iou: 0.4475  d2.loss_cls: 0.0328  d2.loss_bbox: 0.0726  d2.loss_iou: 0.4315  d3.loss_cls: 0.0237  d3.loss_bbox: 0.0714  d3.loss_iou: 0.4242  d4.loss_cls: 0.0242  d4.loss_bbox: 0.0702  d4.loss_iou: 0.4142
2026/03/26 15:12:29 - mmengine - INFO - Epoch(train) [43][100/238]  base_lr: 4.9197e-05 lr: 4.9197e-06  eta: 2:03:40  time: 0.6900  data_time: 0.0037  memory: 10691  grad_norm: 235.4243  loss: 3.2056  loss_cls: 0.0211  loss_bbox: 0.0681  loss_iou: 0.3975  d0.loss_cls: 0.0802  d0.loss_bbox: 0.0800  d0.loss_iou: 0.4798  d1.loss_cls: 0.0406  d1.loss_bbox: 0.0749  d1.loss_iou: 0.4454  d2.loss_cls: 0.0289  d2.loss_bbox: 0.0719  d2.loss_iou: 0.4240  d3.loss_cls: 0.0221  d3.loss_bbox: 0.0700  d3.loss_iou: 0.4117  d4.loss_cls: 0.0226  d4.loss_bbox: 0.0684  d4.loss_iou: 0.3985
2026/03/26 15:13:05 - mmengine - INFO - Epoch(train) [43][150/238]  base_lr: 4.9197e-05 lr: 4.9197e-06  eta: 2:02:54  time: 0.7244  data_time: 0.0039  memory: 10691  grad_norm: 253.9929  loss: 3.2546  loss_cls: 0.0242  loss_bbox: 0.0691  loss_iou: 0.4043  d0.loss_cls: 0.0759  d0.loss_bbox: 0.0817  d0.loss_iou: 0.4843  d1.loss_cls: 0.0435  d1.loss_bbox: 0.0759  d1.loss_iou: 0.4448  d2.loss_cls: 0.0324  d2.loss_bbox: 0.0728  d2.loss_iou: 0.4281  d3.loss_cls: 0.0247  d3.loss_bbox: 0.0716  d3.loss_iou: 0.4210  d4.loss_cls: 0.0244  d4.loss_bbox: 0.0695  d4.loss_iou: 0.4066
2026/03/26 15:13:42 - mmengine - INFO - Epoch(train) [43][200/238]  base_lr: 4.9197e-05 lr: 4.9197e-06  eta: 2:02:08  time: 0.7359  data_time: 0.0047  memory: 10691  grad_norm: 327.3959  loss: 3.2234  loss_cls: 0.0200  loss_bbox: 0.0681  loss_iou: 0.4063  d0.loss_cls: 0.0686  d0.loss_bbox: 0.0790  d0.loss_iou: 0.4795  d1.loss_cls: 0.0370  d1.loss_bbox: 0.0741  d1.loss_iou: 0.4472  d2.loss_cls: 0.0269  d2.loss_bbox: 0.0713  d2.loss_iou: 0.4322  d3.loss_cls: 0.0216  d3.loss_bbox: 0.0697  d3.loss_iou: 0.4235  d4.loss_cls: 0.0204  d4.loss_bbox: 0.0683  d4.loss_iou: 0.4099
2026/03/26 15:14:07 - mmengine - INFO - Exp name: detr_r50_uatd_80e_pretrained_20260326_124055
2026/03/26 15:14:48 - mmengine - INFO - Epoch(train) [44][ 50/238]  base_lr: 4.7895e-05 lr: 4.7895e-06  eta: 2:00:50  time: 0.8044  data_time: 0.0244  memory: 10691  grad_norm: 230.9954  loss: 3.2652  loss_cls: 0.0217  loss_bbox: 0.0691  loss_iou: 0.4091  d0.loss_cls: 0.0784  d0.loss_bbox: 0.0793  d0.loss_iou: 0.4791  d1.loss_cls: 0.0399  d1.loss_bbox: 0.0755  d1.loss_iou: 0.4549  d2.loss_cls: 0.0299  d2.loss_bbox: 0.0726  d2.loss_iou: 0.4334  d3.loss_cls: 0.0220  d3.loss_bbox: 0.0712  d3.loss_iou: 0.4249  d4.loss_cls: 0.0220  d4.loss_bbox: 0.0698  d4.loss_iou: 0.4125
2026/03/26 15:15:23 - mmengine - INFO - Epoch(train) [44][100/238]  base_lr: 4.7895e-05 lr: 4.7895e-06  eta: 2:00:03  time: 0.7070  data_time: 0.0048  memory: 10691  grad_norm: 232.8689  loss: 3.2052  loss_cls: 0.0213  loss_bbox: 0.0681  loss_iou: 0.3992  d0.loss_cls: 0.0775  d0.loss_bbox: 0.0790  d0.loss_iou: 0.4749  d1.loss_cls: 0.0402  d1.loss_bbox: 0.0740  d1.loss_iou: 0.4418  d2.loss_cls: 0.0261  d2.loss_bbox: 0.0716  d2.loss_iou: 0.4275  d3.loss_cls: 0.0212  d3.loss_bbox: 0.0699  d3.loss_iou: 0.4190  d4.loss_cls: 0.0201  d4.loss_bbox: 0.0689  d4.loss_iou: 0.4048
2026/03/26 15:15:57 - mmengine - INFO - Epoch(train) [44][150/238]  base_lr: 4.7895e-05 lr: 4.7895e-06  eta: 1:59:16  time: 0.6792  data_time: 0.0036  memory: 10691  grad_norm: 224.4894  loss: 3.2251  loss_cls: 0.0238  loss_bbox: 0.0685  loss_iou: 0.4028  d0.loss_cls: 0.0764  d0.loss_bbox: 0.0811  d0.loss_iou: 0.4790  d1.loss_cls: 0.0426  d1.loss_bbox: 0.0743  d1.loss_iou: 0.4424  d2.loss_cls: 0.0293  d2.loss_bbox: 0.0717  d2.loss_iou: 0.4271  d3.loss_cls: 0.0263  d3.loss_bbox: 0.0701  d3.loss_iou: 0.4137  d4.loss_cls: 0.0236  d4.loss_bbox: 0.0688  d4.loss_iou: 0.4035
2026/03/26 15:16:30 - mmengine - INFO - Epoch(train) [44][200/238]  base_lr: 4.7895e-05 lr: 4.7895e-06  eta: 1:58:28  time: 0.6635  data_time: 0.0044  memory: 10691  grad_norm: 328.8310  loss: 3.3327  loss_cls: 0.0237  loss_bbox: 0.0697  loss_iou: 0.4170  d0.loss_cls: 0.0784  d0.loss_bbox: 0.0807  d0.loss_iou: 0.4930  d1.loss_cls: 0.0436  d1.loss_bbox: 0.0754  d1.loss_iou: 0.4571  d2.loss_cls: 0.0313  d2.loss_bbox: 0.0735  d2.loss_iou: 0.4456  d3.loss_cls: 0.0243  d3.loss_bbox: 0.0716  d3.loss_iou: 0.4338  d4.loss_cls: 0.0228  d4.loss_bbox: 0.0702  d4.loss_iou: 0.4212
2026/03/26 15:16:53 - mmengine - INFO - Exp name: detr_r50_uatd_80e_pretrained_20260326_124055
2026/03/26 15:16:57 - mmengine - INFO - Epoch(val) [44][ 50/100]    eta: 0:00:03  time: 0.0672  data_time: 0.0178  memory: 10691  
2026/03/26 15:17:00 - mmengine - INFO - Epoch(val) [44][100/100]    eta: 0:00:00  time: 0.0711  data_time: 0.0166  memory: 1186  
2026/03/26 15:17:01 - mmengine - INFO - Evaluating bbox...
2026/03/26 15:17:05 - mmengine - INFO - bbox_mAP_copypaste: 0.320 0.746 0.181 0.516 0.322 0.332
2026/03/26 15:17:05 - mmengine - INFO - Epoch(val) [44][100/100]    coco/bbox_mAP: 0.3200  coco/bbox_mAP_50: 0.7460  coco/bbox_mAP_75: 0.1810  coco/bbox_mAP_s: 0.5160  coco/bbox_mAP_m: 0.3220  coco/bbox_mAP_l: 0.3320  data_time: 0.0170  time: 0.0688
2026/03/26 15:17:41 - mmengine - INFO - Epoch(train) [45][ 50/238]  base_lr: 4.6592e-05 lr: 4.6592e-06  eta: 1:57:03  time: 0.7075  data_time: 0.0120  memory: 10691  grad_norm: 252.6175  loss: 3.2891  loss_cls: 0.0283  loss_bbox: 0.0686  loss_iou: 0.4075  d0.loss_cls: 0.0859  d0.loss_bbox: 0.0791  d0.loss_iou: 0.4803  d1.loss_cls: 0.0478  d1.loss_bbox: 0.0749  d1.loss_iou: 0.4487  d2.loss_cls: 0.0356  d2.loss_bbox: 0.0722  d2.loss_iou: 0.4340  d3.loss_cls: 0.0293  d3.loss_bbox: 0.0699  d3.loss_iou: 0.4186  d4.loss_cls: 0.0278  d4.loss_bbox: 0.0690  d4.loss_iou: 0.4116
2026/03/26 15:18:16 - mmengine - INFO - Epoch(train) [45][100/238]  base_lr: 4.6592e-05 lr: 4.6592e-06  eta: 1:56:17  time: 0.7055  data_time: 0.0037  memory: 10691  grad_norm: 263.2757  loss: 3.2223  loss_cls: 0.0231  loss_bbox: 0.0667  loss_iou: 0.4045  d0.loss_cls: 0.0825  d0.loss_bbox: 0.0765  d0.loss_iou: 0.4713  d1.loss_cls: 0.0446  d1.loss_bbox: 0.0715  d1.loss_iou: 0.4399  d2.loss_cls: 0.0327  d2.loss_bbox: 0.0697  d2.loss_iou: 0.4290  d3.loss_cls: 0.0243  d3.loss_bbox: 0.0682  d3.loss_iou: 0.4180  d4.loss_cls: 0.0226  d4.loss_bbox: 0.0675  d4.loss_iou: 0.4098
2026/03/26 15:19:00 - mmengine - INFO - Epoch(train) [45][150/238]  base_lr: 4.6592e-05 lr: 4.6592e-06  eta: 1:55:39  time: 0.8867  data_time: 0.0045  memory: 10691  grad_norm: 265.6983  loss: 3.1582  loss_cls: 0.0179  loss_bbox: 0.0661  loss_iou: 0.3959  d0.loss_cls: 0.0753  d0.loss_bbox: 0.0779  d0.loss_iou: 0.4709  d1.loss_cls: 0.0387  d1.loss_bbox: 0.0721  d1.loss_iou: 0.4361  d2.loss_cls: 0.0269  d2.loss_bbox: 0.0699  d2.loss_iou: 0.4243  d3.loss_cls: 0.0192  d3.loss_bbox: 0.0682  d3.loss_iou: 0.4134  d4.loss_cls: 0.0181  d4.loss_bbox: 0.0668  d4.loss_iou: 0.4006
2026/03/26 15:19:43 - mmengine - INFO - Epoch(train) [45][200/238]  base_lr: 4.6592e-05 lr: 4.6592e-06  eta: 1:54:59  time: 0.8497  data_time: 0.0045  memory: 10691  grad_norm: 210.5104  loss: 3.1934  loss_cls: 0.0204  loss_bbox: 0.0683  loss_iou: 0.3969  d0.loss_cls: 0.0760  d0.loss_bbox: 0.0807  d0.loss_iou: 0.4770  d1.loss_cls: 0.0402  d1.loss_bbox: 0.0738  d1.loss_iou: 0.4375  d2.loss_cls: 0.0293  d2.loss_bbox: 0.0718  d2.loss_iou: 0.4237  d3.loss_cls: 0.0202  d3.loss_bbox: 0.0709  d3.loss_iou: 0.4160  d4.loss_cls: 0.0199  d4.loss_bbox: 0.0688  d4.loss_iou: 0.4020
2026/03/26 15:20:09 - mmengine - INFO - Exp name: detr_r50_uatd_80e_pretrained_20260326_124055
2026/03/26 15:20:47 - mmengine - INFO - Epoch(train) [46][ 50/238]  base_lr: 4.5289e-05 lr: 4.5289e-06  eta: 1:53:40  time: 0.7752  data_time: 0.0116  memory: 10691  grad_norm: 280.3938  loss: 3.2136  loss_cls: 0.0188  loss_bbox: 0.0678  loss_iou: 0.4019  d0.loss_cls: 0.0740  d0.loss_bbox: 0.0788  d0.loss_iou: 0.4814  d1.loss_cls: 0.0415  d1.loss_bbox: 0.0738  d1.loss_iou: 0.4443  d2.loss_cls: 0.0264  d2.loss_bbox: 0.0720  d2.loss_iou: 0.4322  d3.loss_cls: 0.0215  d3.loss_bbox: 0.0696  d3.loss_iou: 0.4180  d4.loss_cls: 0.0195  d4.loss_bbox: 0.0681  d4.loss_iou: 0.4040
2026/03/26 15:21:27 - mmengine - INFO - Epoch(train) [46][100/238]  base_lr: 4.5289e-05 lr: 4.5289e-06  eta: 1:52:57  time: 0.7902  data_time: 0.0041  memory: 10691  grad_norm: 213.3732  loss: 3.1310  loss_cls: 0.0190  loss_bbox: 0.0659  loss_iou: 0.3886  d0.loss_cls: 0.0750  d0.loss_bbox: 0.0778  d0.loss_iou: 0.4708  d1.loss_cls: 0.0404  d1.loss_bbox: 0.0722  d1.loss_iou: 0.4353  d2.loss_cls: 0.0260  d2.loss_bbox: 0.0694  d2.loss_iou: 0.4170  d3.loss_cls: 0.0203  d3.loss_bbox: 0.0678  d3.loss_iou: 0.4053  d4.loss_cls: 0.0188  d4.loss_bbox: 0.0667  d4.loss_iou: 0.3945
2026/03/26 15:22:07 - mmengine - INFO - Epoch(train) [46][150/238]  base_lr: 4.5289e-05 lr: 4.5289e-06  eta: 1:52:15  time: 0.7956  data_time: 0.0042  memory: 10691  grad_norm: 198.6889  loss: 3.1359  loss_cls: 0.0240  loss_bbox: 0.0649  loss_iou: 0.3866  d0.loss_cls: 0.0783  d0.loss_bbox: 0.0766  d0.loss_iou: 0.4652  d1.loss_cls: 0.0416  d1.loss_bbox: 0.0711  d1.loss_iou: 0.4317  d2.loss_cls: 0.0336  d2.loss_bbox: 0.0692  d2.loss_iou: 0.4149  d3.loss_cls: 0.0249  d3.loss_bbox: 0.0670  d3.loss_iou: 0.4052  d4.loss_cls: 0.0231  d4.loss_bbox: 0.0657  d4.loss_iou: 0.3925
2026/03/26 15:22:47 - mmengine - INFO - Epoch(train) [46][200/238]  base_lr: 4.5289e-05 lr: 4.5289e-06  eta: 1:51:34  time: 0.8133  data_time: 0.0045  memory: 10691  grad_norm: 229.2459  loss: 3.1604  loss_cls: 0.0188  loss_bbox: 0.0668  loss_iou: 0.3980  d0.loss_cls: 0.0722  d0.loss_bbox: 0.0779  d0.loss_iou: 0.4713  d1.loss_cls: 0.0382  d1.loss_bbox: 0.0723  d1.loss_iou: 0.4387  d2.loss_cls: 0.0248  d2.loss_bbox: 0.0704  d2.loss_iou: 0.4256  d3.loss_cls: 0.0191  d3.loss_bbox: 0.0686  d3.loss_iou: 0.4114  d4.loss_cls: 0.0189  d4.loss_bbox: 0.0671  d4.loss_iou: 0.4003
2026/03/26 15:23:13 - mmengine - INFO - Exp name: detr_r50_uatd_80e_pretrained_20260326_124055
2026/03/26 15:23:19 - mmengine - INFO - Epoch(val) [46][ 50/100]    eta: 0:00:05  time: 0.1047  data_time: 0.0273  memory: 10691  
2026/03/26 15:23:22 - mmengine - INFO - Epoch(val) [46][100/100]    eta: 0:00:00  time: 0.0645  data_time: 0.0161  memory: 1186  
2026/03/26 15:23:23 - mmengine - INFO - Evaluating bbox...
2026/03/26 15:23:27 - mmengine - INFO - bbox_mAP_copypaste: 0.307 0.740 0.187 0.373 0.312 0.299
2026/03/26 15:23:27 - mmengine - INFO - Epoch(val) [46][100/100]    coco/bbox_mAP: 0.3070  coco/bbox_mAP_50: 0.7400  coco/bbox_mAP_75: 0.1870  coco/bbox_mAP_s: 0.3730  coco/bbox_mAP_m: 0.3120  coco/bbox_mAP_l: 0.2990  data_time: 0.0215  time: 0.0841
2026/03/26 15:24:08 - mmengine - INFO - Epoch(train) [47][ 50/238]  base_lr: 4.3987e-05 lr: 4.3987e-06  eta: 1:50:17  time: 0.8147  data_time: 0.0174  memory: 10691  grad_norm: 302.0347  loss: 3.1911  loss_cls: 0.0200  loss_bbox: 0.0662  loss_iou: 0.4002  d0.loss_cls: 0.0736  d0.loss_bbox: 0.0776  d0.loss_iou: 0.4734  d1.loss_cls: 0.0400  d1.loss_bbox: 0.0726  d1.loss_iou: 0.4437  d2.loss_cls: 0.0277  d2.loss_bbox: 0.0698  d2.loss_iou: 0.4266  d3.loss_cls: 0.0220  d3.loss_bbox: 0.0681  d3.loss_iou: 0.4174  d4.loss_cls: 0.0207  d4.loss_bbox: 0.0669  d4.loss_iou: 0.4046
2026/03/26 15:24:09 - mmengine - INFO - Exp name: detr_r50_uatd_80e_pretrained_20260326_124055
2026/03/26 15:24:41 - mmengine - INFO - Epoch(train) [47][100/238]  base_lr: 4.3987e-05 lr: 4.3987e-06  eta: 1:49:30  time: 0.6659  data_time: 0.0035  memory: 10691  grad_norm: 201.2364  loss: 3.1097  loss_cls: 0.0200  loss_bbox: 0.0657  loss_iou: 0.3863  d0.loss_cls: 0.0704  d0.loss_bbox: 0.0766  d0.loss_iou: 0.4676  d1.loss_cls: 0.0405  d1.loss_bbox: 0.0714  d1.loss_iou: 0.4307  d2.loss_cls: 0.0270  d2.loss_bbox: 0.0692  d2.loss_iou: 0.4172  d3.loss_cls: 0.0209  d3.loss_bbox: 0.0676  d3.loss_iou: 0.4026  d4.loss_cls: 0.0194  d4.loss_bbox: 0.0662  d4.loss_iou: 0.3904
2026/03/26 15:25:17 - mmengine - INFO - Epoch(train) [47][150/238]  base_lr: 4.3987e-05 lr: 4.3987e-06  eta: 1:48:45  time: 0.7141  data_time: 0.0034  memory: 10691  grad_norm: 252.3086  loss: 3.1476  loss_cls: 0.0209  loss_bbox: 0.0664  loss_iou: 0.3969  d0.loss_cls: 0.0791  d0.loss_bbox: 0.0769  d0.loss_iou: 0.4666  d1.loss_cls: 0.0416  d1.loss_bbox: 0.0713  d1.loss_iou: 0.4283  d2.loss_cls: 0.0290  d2.loss_bbox: 0.0692  d2.loss_iou: 0.4164  d3.loss_cls: 0.0230  d3.loss_bbox: 0.0678  d3.loss_iou: 0.4071  d4.loss_cls: 0.0211  d4.loss_bbox: 0.0669  d4.loss_iou: 0.3992
2026/03/26 15:25:53 - mmengine - INFO - Epoch(train) [47][200/238]  base_lr: 4.3987e-05 lr: 4.3987e-06  eta: 1:48:01  time: 0.7282  data_time: 0.0039  memory: 10691  grad_norm: 240.2294  loss: 3.1847  loss_cls: 0.0218  loss_bbox: 0.0666  loss_iou: 0.3965  d0.loss_cls: 0.0791  d0.loss_bbox: 0.0779  d0.loss_iou: 0.4712  d1.loss_cls: 0.0426  d1.loss_bbox: 0.0727  d1.loss_iou: 0.4388  d2.loss_cls: 0.0310  d2.loss_bbox: 0.0703  d2.loss_iou: 0.4239  d3.loss_cls: 0.0240  d3.loss_bbox: 0.0682  d3.loss_iou: 0.4121  d4.loss_cls: 0.0217  d4.loss_bbox: 0.0669  d4.loss_iou: 0.3995
2026/03/26 15:26:20 - mmengine - INFO - Exp name: detr_r50_uatd_80e_pretrained_20260326_124055
2026/03/26 15:26:58 - mmengine - INFO - Epoch(train) [48][ 50/238]  base_lr: 4.2684e-05 lr: 4.2684e-06  eta: 1:46:43  time: 0.7440  data_time: 0.0096  memory: 10691  grad_norm: 211.2289  loss: 3.1138  loss_cls: 0.0159  loss_bbox: 0.0668  loss_iou: 0.3878  d0.loss_cls: 0.0693  d0.loss_bbox: 0.0790  d0.loss_iou: 0.4734  d1.loss_cls: 0.0378  d1.loss_bbox: 0.0722  d1.loss_iou: 0.4339  d2.loss_cls: 0.0239  d2.loss_bbox: 0.0702  d2.loss_iou: 0.4179  d3.loss_cls: 0.0174  d3.loss_bbox: 0.0687  d3.loss_iou: 0.4044  d4.loss_cls: 0.0160  d4.loss_bbox: 0.0673  d4.loss_iou: 0.3919
2026/03/26 15:27:34 - mmengine - INFO - Epoch(train) [48][100/238]  base_lr: 4.2684e-05 lr: 4.2684e-06  eta: 1:45:59  time: 0.7344  data_time: 0.0038  memory: 10691  grad_norm: 212.0503  loss: 3.1215  loss_cls: 0.0188  loss_bbox: 0.0651  loss_iou: 0.3898  d0.loss_cls: 0.0735  d0.loss_bbox: 0.0769  d0.loss_iou: 0.4722  d1.loss_cls: 0.0396  d1.loss_bbox: 0.0702  d1.loss_iou: 0.4310  d2.loss_cls: 0.0260  d2.loss_bbox: 0.0685  d2.loss_iou: 0.4172  d3.loss_cls: 0.0190  d3.loss_bbox: 0.0672  d3.loss_iou: 0.4088  d4.loss_cls: 0.0190  d4.loss_bbox: 0.0655  d4.loss_iou: 0.3932
2026/03/26 15:28:12 - mmengine - INFO - Epoch(train) [48][150/238]  base_lr: 4.2684e-05 lr: 4.2684e-06  eta: 1:45:16  time: 0.7571  data_time: 0.0037  memory: 10691  grad_norm: 227.4879  loss: 3.1491  loss_cls: 0.0255  loss_bbox: 0.0646  loss_iou: 0.3905  d0.loss_cls: 0.0830  d0.loss_bbox: 0.0755  d0.loss_iou: 0.4664  d1.loss_cls: 0.0452  d1.loss_bbox: 0.0701  d1.loss_iou: 0.4278  d2.loss_cls: 0.0327  d2.loss_bbox: 0.0677  d2.loss_iou: 0.4147  d3.loss_cls: 0.0263  d3.loss_bbox: 0.0667  d3.loss_iou: 0.4087  d4.loss_cls: 0.0251  d4.loss_bbox: 0.0651  d4.loss_iou: 0.3936
2026/03/26 15:28:53 - mmengine - INFO - Epoch(train) [48][200/238]  base_lr: 4.2684e-05 lr: 4.2684e-06  eta: 1:44:35  time: 0.8254  data_time: 0.0041  memory: 10691  grad_norm: 292.8710  loss: 3.1854  loss_cls: 0.0220  loss_bbox: 0.0666  loss_iou: 0.3981  d0.loss_cls: 0.0812  d0.loss_bbox: 0.0778  d0.loss_iou: 0.4684  d1.loss_cls: 0.0430  d1.loss_bbox: 0.0717  d1.loss_iou: 0.4327  d2.loss_cls: 0.0305  d2.loss_bbox: 0.0701  d2.loss_iou: 0.4239  d3.loss_cls: 0.0219  d3.loss_bbox: 0.0691  d3.loss_iou: 0.4171  d4.loss_cls: 0.0221  d4.loss_bbox: 0.0673  d4.loss_iou: 0.4022
2026/03/26 15:29:19 - mmengine - INFO - Exp name: detr_r50_uatd_80e_pretrained_20260326_124055
2026/03/26 15:29:24 - mmengine - INFO - Epoch(val) [48][ 50/100]    eta: 0:00:05  time: 0.1081  data_time: 0.0279  memory: 10691  
2026/03/26 15:29:27 - mmengine - INFO - Epoch(val) [48][100/100]    eta: 0:00:00  time: 0.0640  data_time: 0.0151  memory: 1186  
2026/03/26 15:29:28 - mmengine - INFO - Evaluating bbox...
2026/03/26 15:29:32 - mmengine - INFO - bbox_mAP_copypaste: 0.294 0.716 0.159 0.439 0.297 0.297
2026/03/26 15:29:32 - mmengine - INFO - Epoch(val) [48][100/100]    coco/bbox_mAP: 0.2940  coco/bbox_mAP_50: 0.7160  coco/bbox_mAP_75: 0.1590  coco/bbox_mAP_s: 0.4390  coco/bbox_mAP_m: 0.2970  coco/bbox_mAP_l: 0.2970  data_time: 0.0214  time: 0.0857
2026/03/26 15:30:14 - mmengine - INFO - Epoch(train) [49][ 50/238]  base_lr: 4.1382e-05 lr: 4.1382e-06  eta: 1:43:20  time: 0.8383  data_time: 0.0157  memory: 10691  grad_norm: 237.6014  loss: 3.0390  loss_cls: 0.0158  loss_bbox: 0.0636  loss_iou: 0.3800  d0.loss_cls: 0.0744  d0.loss_bbox: 0.0747  d0.loss_iou: 0.4593  d1.loss_cls: 0.0399  d1.loss_bbox: 0.0695  d1.loss_iou: 0.4198  d2.loss_cls: 0.0264  d2.loss_bbox: 0.0663  d2.loss_iou: 0.4046  d3.loss_cls: 0.0169  d3.loss_bbox: 0.0655  d3.loss_iou: 0.3974  d4.loss_cls: 0.0166  d4.loss_bbox: 0.0643  d4.loss_iou: 0.3839
2026/03/26 15:30:55 - mmengine - INFO - Epoch(train) [49][100/238]  base_lr: 4.1382e-05 lr: 4.1382e-06  eta: 1:42:39  time: 0.8354  data_time: 0.0057  memory: 10691  grad_norm: 195.5447  loss: 3.0851  loss_cls: 0.0180  loss_bbox: 0.0651  loss_iou: 0.3854  d0.loss_cls: 0.0802  d0.loss_bbox: 0.0763  d0.loss_iou: 0.4607  d1.loss_cls: 0.0403  d1.loss_bbox: 0.0708  d1.loss_iou: 0.4260  d2.loss_cls: 0.0266  d2.loss_bbox: 0.0685  d2.loss_iou: 0.4088  d3.loss_cls: 0.0185  d3.loss_bbox: 0.0671  d3.loss_iou: 0.4018  d4.loss_cls: 0.0174  d4.loss_bbox: 0.0655  d4.loss_iou: 0.3882
2026/03/26 15:31:36 - mmengine - INFO - Epoch(train) [49][150/238]  base_lr: 4.1382e-05 lr: 4.1382e-06  eta: 1:41:58  time: 0.8100  data_time: 0.0040  memory: 10691  grad_norm: 243.4851  loss: 3.1186  loss_cls: 0.0221  loss_bbox: 0.0643  loss_iou: 0.3880  d0.loss_cls: 0.0826  d0.loss_bbox: 0.0754  d0.loss_iou: 0.4587  d1.loss_cls: 0.0440  d1.loss_bbox: 0.0695  d1.loss_iou: 0.4251  d2.loss_cls: 0.0316  d2.loss_bbox: 0.0684  d2.loss_iou: 0.4147  d3.loss_cls: 0.0236  d3.loss_bbox: 0.0663  d3.loss_iou: 0.4038  d4.loss_cls: 0.0223  d4.loss_bbox: 0.0653  d4.loss_iou: 0.3930
2026/03/26 15:32:16 - mmengine - INFO - Epoch(train) [49][200/238]  base_lr: 4.1382e-05 lr: 4.1382e-06  eta: 1:41:17  time: 0.8080  data_time: 0.0038  memory: 10691  grad_norm: 226.6264  loss: 3.0938  loss_cls: 0.0210  loss_bbox: 0.0648  loss_iou: 0.3822  d0.loss_cls: 0.0775  d0.loss_bbox: 0.0761  d0.loss_iou: 0.4612  d1.loss_cls: 0.0400  d1.loss_bbox: 0.0706  d1.loss_iou: 0.4279  d2.loss_cls: 0.0280  d2.loss_bbox: 0.0689  d2.loss_iou: 0.4149  d3.loss_cls: 0.0217  d3.loss_bbox: 0.0667  d3.loss_iou: 0.3992  d4.loss_cls: 0.0211  d4.loss_bbox: 0.0651  d4.loss_iou: 0.3869
2026/03/26 15:32:49 - mmengine - INFO - Exp name: detr_r50_uatd_80e_pretrained_20260326_124055
2026/03/26 15:33:36 - mmengine - INFO - Epoch(train) [50][ 50/238]  base_lr: 4.0079e-05 lr: 4.0079e-06  eta: 1:40:09  time: 0.9512  data_time: 0.0184  memory: 10691  grad_norm: 214.1600  loss: 3.0602  loss_cls: 0.0213  loss_bbox: 0.0638  loss_iou: 0.3801  d0.loss_cls: 0.0821  d0.loss_bbox: 0.0749  d0.loss_iou: 0.4571  d1.loss_cls: 0.0449  d1.loss_bbox: 0.0692  d1.loss_iou: 0.4190  d2.loss_cls: 0.0308  d2.loss_bbox: 0.0664  d2.loss_iou: 0.4010  d3.loss_cls: 0.0215  d3.loss_bbox: 0.0658  d3.loss_iou: 0.3945  d4.loss_cls: 0.0202  d4.loss_bbox: 0.0643  d4.loss_iou: 0.3833
2026/03/26 15:34:17 - mmengine - INFO - Epoch(train) [50][100/238]  base_lr: 4.0079e-05 lr: 4.0079e-06  eta: 1:39:28  time: 0.8208  data_time: 0.0040  memory: 10691  grad_norm: 185.4633  loss: 3.0502  loss_cls: 0.0195  loss_bbox: 0.0633  loss_iou: 0.3805  d0.loss_cls: 0.0748  d0.loss_bbox: 0.0737  d0.loss_iou: 0.4545  d1.loss_cls: 0.0443  d1.loss_bbox: 0.0683  d1.loss_iou: 0.4166  d2.loss_cls: 0.0314  d2.loss_bbox: 0.0667  d2.loss_iou: 0.4052  d3.loss_cls: 0.0206  d3.loss_bbox: 0.0654  d3.loss_iou: 0.3972  d4.loss_cls: 0.0203  d4.loss_bbox: 0.0637  d4.loss_iou: 0.3843
2026/03/26 15:35:04 - mmengine - INFO - Epoch(train) [50][150/238]  base_lr: 4.0079e-05 lr: 4.0079e-06  eta: 1:38:51  time: 0.9415  data_time: 0.0044  memory: 10691  grad_norm: 217.4260  loss: 3.0889  loss_cls: 0.0172  loss_bbox: 0.0655  loss_iou: 0.3860  d0.loss_cls: 0.0764  d0.loss_bbox: 0.0767  d0.loss_iou: 0.4635  d1.loss_cls: 0.0391  d1.loss_bbox: 0.0713  d1.loss_iou: 0.4303  d2.loss_cls: 0.0255  d2.loss_bbox: 0.0691  d2.loss_iou: 0.4110  d3.loss_cls: 0.0180  d3.loss_bbox: 0.0670  d3.loss_iou: 0.3998  d4.loss_cls: 0.0182  d4.loss_bbox: 0.0657  d4.loss_iou: 0.3885
2026/03/26 15:35:44 - mmengine - INFO - Epoch(train) [50][200/238]  base_lr: 4.0079e-05 lr: 4.0079e-06  eta: 1:38:09  time: 0.8013  data_time: 0.0036  memory: 10691  grad_norm: 219.2176  loss: 3.0673  loss_cls: 0.0195  loss_bbox: 0.0638  loss_iou: 0.3835  d0.loss_cls: 0.0753  d0.loss_bbox: 0.0756  d0.loss_iou: 0.4601  d1.loss_cls: 0.0376  d1.loss_bbox: 0.0701  d1.loss_iou: 0.4285  d2.loss_cls: 0.0279  d2.loss_bbox: 0.0668  d2.loss_iou: 0.4091  d3.loss_cls: 0.0212  d3.loss_bbox: 0.0649  d3.loss_iou: 0.3952  d4.loss_cls: 0.0195  d4.loss_bbox: 0.0639  d4.loss_iou: 0.3847
2026/03/26 15:36:08 - mmengine - INFO - Exp name: detr_r50_uatd_80e_pretrained_20260326_124055
2026/03/26 15:36:15 - mmengine - INFO - Epoch(val) [50][ 50/100]    eta: 0:00:06  time: 0.1250  data_time: 0.0318  memory: 10691  
2026/03/26 15:36:18 - mmengine - INFO - Epoch(val) [50][100/100]    eta: 0:00:00  time: 0.0682  data_time: 0.0164  memory: 1186  
2026/03/26 15:36:19 - mmengine - INFO - Evaluating bbox...
2026/03/26 15:36:22 - mmengine - INFO - bbox_mAP_copypaste: 0.308 0.743 0.171 0.418 0.310 0.296
2026/03/26 15:36:23 - mmengine - INFO - Epoch(val) [50][100/100]    coco/bbox_mAP: 0.3080  coco/bbox_mAP_50: 0.7430  coco/bbox_mAP_75: 0.1710  coco/bbox_mAP_s: 0.4180  coco/bbox_mAP_m: 0.3100  coco/bbox_mAP_l: 0.2960  data_time: 0.0240  time: 0.0962
2026/03/26 15:37:06 - mmengine - INFO - Epoch(train) [51][ 50/238]  base_lr: 3.8776e-05 lr: 3.8776e-06  eta: 1:36:55  time: 0.8765  data_time: 0.0167  memory: 10691  grad_norm: 219.6507  loss: 3.0855  loss_cls: 0.0219  loss_bbox: 0.0644  loss_iou: 0.3837  d0.loss_cls: 0.0771  d0.loss_bbox: 0.0752  d0.loss_iou: 0.4580  d1.loss_cls: 0.0425  d1.loss_bbox: 0.0696  d1.loss_iou: 0.4216  d2.loss_cls: 0.0307  d2.loss_bbox: 0.0677  d2.loss_iou: 0.4087  d3.loss_cls: 0.0233  d3.loss_bbox: 0.0663  d3.loss_iou: 0.3997  d4.loss_cls: 0.0212  d4.loss_bbox: 0.0651  d4.loss_iou: 0.3887
2026/03/26 15:37:43 - mmengine - INFO - Exp name: detr_r50_uatd_80e_pretrained_20260326_124055
2026/03/26 15:37:43 - mmengine - INFO - Epoch(train) [51][100/238]  base_lr: 3.8776e-05 lr: 3.8776e-06  eta: 1:36:11  time: 0.7394  data_time: 0.0037  memory: 10691  grad_norm: 217.0223  loss: 3.0059  loss_cls: 0.0132  loss_bbox: 0.0632  loss_iou: 0.3786  d0.loss_cls: 0.0696  d0.loss_bbox: 0.0754  d0.loss_iou: 0.4603  d1.loss_cls: 0.0335  d1.loss_bbox: 0.0686  d1.loss_iou: 0.4192  d2.loss_cls: 0.0212  d2.loss_bbox: 0.0664  d2.loss_iou: 0.4023  d3.loss_cls: 0.0150  d3.loss_bbox: 0.0650  d3.loss_iou: 0.3934  d4.loss_cls: 0.0138  d4.loss_bbox: 0.0636  d4.loss_iou: 0.3836
2026/03/26 15:38:22 - mmengine - INFO - Epoch(train) [51][150/238]  base_lr: 3.8776e-05 lr: 3.8776e-06  eta: 1:35:29  time: 0.7726  data_time: 0.0043  memory: 10691  grad_norm: 229.6959  loss: 3.0672  loss_cls: 0.0164  loss_bbox: 0.0647  loss_iou: 0.3832  d0.loss_cls: 0.0698  d0.loss_bbox: 0.0761  d0.loss_iou: 0.4623  d1.loss_cls: 0.0387  d1.loss_bbox: 0.0712  d1.loss_iou: 0.4273  d2.loss_cls: 0.0250  d2.loss_bbox: 0.0685  d2.loss_iou: 0.4090  d3.loss_cls: 0.0183  d3.loss_bbox: 0.0670  d3.loss_iou: 0.4006  d4.loss_cls: 0.0177  d4.loss_bbox: 0.0651  d4.loss_iou: 0.3864
2026/03/26 15:39:06 - mmengine - INFO - Epoch(train) [51][200/238]  base_lr: 3.8776e-05 lr: 3.8776e-06  eta: 1:34:49  time: 0.8751  data_time: 0.0043  memory: 10691  grad_norm: 212.1195  loss: 3.0035  loss_cls: 0.0158  loss_bbox: 0.0627  loss_iou: 0.3731  d0.loss_cls: 0.0682  d0.loss_bbox: 0.0755  d0.loss_iou: 0.4620  d1.loss_cls: 0.0349  d1.loss_bbox: 0.0684  d1.loss_iou: 0.4181  d2.loss_cls: 0.0245  d2.loss_bbox: 0.0661  d2.loss_iou: 0.4027  d3.loss_cls: 0.0178  d3.loss_bbox: 0.0643  d3.loss_iou: 0.3903  d4.loss_cls: 0.0164  d4.loss_bbox: 0.0636  d4.loss_iou: 0.3789
2026/03/26 15:39:29 - mmengine - INFO - Exp name: detr_r50_uatd_80e_pretrained_20260326_124055
2026/03/26 15:40:09 - mmengine - INFO - Epoch(train) [52][ 50/238]  base_lr: 3.7474e-05 lr: 3.7474e-06  eta: 1:33:33  time: 0.8106  data_time: 0.0130  memory: 10691  grad_norm: 166.9303  loss: 2.9855  loss_cls: 0.0171  loss_bbox: 0.0628  loss_iou: 0.3737  d0.loss_cls: 0.0677  d0.loss_bbox: 0.0746  d0.loss_iou: 0.4541  d1.loss_cls: 0.0342  d1.loss_bbox: 0.0688  d1.loss_iou: 0.4180  d2.loss_cls: 0.0233  d2.loss_bbox: 0.0665  d2.loss_iou: 0.4016  d3.loss_cls: 0.0172  d3.loss_bbox: 0.0645  d3.loss_iou: 0.3856  d4.loss_cls: 0.0164  d4.loss_bbox: 0.0633  d4.loss_iou: 0.3763
2026/03/26 15:40:44 - mmengine - INFO - Epoch(train) [52][100/238]  base_lr: 3.7474e-05 lr: 3.7474e-06  eta: 1:32:48  time: 0.6971  data_time: 0.0038  memory: 10691  grad_norm: 271.2544  loss: 3.0499  loss_cls: 0.0182  loss_bbox: 0.0635  loss_iou: 0.3816  d0.loss_cls: 0.0729  d0.loss_bbox: 0.0761  d0.loss_iou: 0.4653  d1.loss_cls: 0.0366  d1.loss_bbox: 0.0694  d1.loss_iou: 0.4235  d2.loss_cls: 0.0260  d2.loss_bbox: 0.0666  d2.loss_iou: 0.4059  d3.loss_cls: 0.0187  d3.loss_bbox: 0.0653  d3.loss_iou: 0.3936  d4.loss_cls: 0.0176  d4.loss_bbox: 0.0639  d4.loss_iou: 0.3851
2026/03/26 15:41:26 - mmengine - INFO - Epoch(train) [52][150/238]  base_lr: 3.7474e-05 lr: 3.7474e-06  eta: 1:32:08  time: 0.8396  data_time: 0.0043  memory: 10691  grad_norm: 257.5692  loss: 3.0232  loss_cls: 0.0178  loss_bbox: 0.0625  loss_iou: 0.3773  d0.loss_cls: 0.0732  d0.loss_bbox: 0.0734  d0.loss_iou: 0.4566  d1.loss_cls: 0.0389  d1.loss_bbox: 0.0688  d1.loss_iou: 0.4219  d2.loss_cls: 0.0251  d2.loss_bbox: 0.0664  d2.loss_iou: 0.4054  d3.loss_cls: 0.0195  d3.loss_bbox: 0.0646  d3.loss_iou: 0.3921  d4.loss_cls: 0.0175  d4.loss_bbox: 0.0631  d4.loss_iou: 0.3791
2026/03/26 15:41:59 - mmengine - INFO - Epoch(train) [52][200/238]  base_lr: 3.7474e-05 lr: 3.7474e-06  eta: 1:31:22  time: 0.6453  data_time: 0.0038  memory: 10691  grad_norm: 260.5202  loss: 3.0159  loss_cls: 0.0188  loss_bbox: 0.0633  loss_iou: 0.3773  d0.loss_cls: 0.0688  d0.loss_bbox: 0.0752  d0.loss_iou: 0.4597  d1.loss_cls: 0.0372  d1.loss_bbox: 0.0689  d1.loss_iou: 0.4161  d2.loss_cls: 0.0253  d2.loss_bbox: 0.0660  d2.loss_iou: 0.3989  d3.loss_cls: 0.0189  d3.loss_bbox: 0.0649  d3.loss_iou: 0.3930  d4.loss_cls: 0.0183  d4.loss_bbox: 0.0636  d4.loss_iou: 0.3816
2026/03/26 15:42:19 - mmengine - INFO - Exp name: detr_r50_uatd_80e_pretrained_20260326_124055
2026/03/26 15:42:22 - mmengine - INFO - Epoch(val) [52][ 50/100]    eta: 0:00:02  time: 0.0537  data_time: 0.0134  memory: 10691  
2026/03/26 15:42:24 - mmengine - INFO - Epoch(val) [52][100/100]    eta: 0:00:00  time: 0.0492  data_time: 0.0097  memory: 1186  
2026/03/26 15:42:25 - mmengine - INFO - Evaluating bbox...
2026/03/26 15:42:28 - mmengine - INFO - bbox_mAP_copypaste: 0.318 0.742 0.190 0.431 0.320 0.336
2026/03/26 15:42:29 - mmengine - INFO - Epoch(val) [52][100/100]    coco/bbox_mAP: 0.3180  coco/bbox_mAP_50: 0.7420  coco/bbox_mAP_75: 0.1900  coco/bbox_mAP_s: 0.4310  coco/bbox_mAP_m: 0.3200  coco/bbox_mAP_l: 0.3360  data_time: 0.0116  time: 0.0516
2026/03/26 15:43:01 - mmengine - INFO - Epoch(train) [53][ 50/238]  base_lr: 3.6171e-05 lr: 3.6171e-06  eta: 1:30:00  time: 0.6509  data_time: 0.0154  memory: 10691  grad_norm: 209.2258  loss: 2.9700  loss_cls: 0.0181  loss_bbox: 0.0611  loss_iou: 0.3686  d0.loss_cls: 0.0726  d0.loss_bbox: 0.0731  d0.loss_iou: 0.4505  d1.loss_cls: 0.0395  d1.loss_bbox: 0.0669  d1.loss_iou: 0.4103  d2.loss_cls: 0.0253  d2.loss_bbox: 0.0651  d2.loss_iou: 0.3991  d3.loss_cls: 0.0185  d3.loss_bbox: 0.0633  d3.loss_iou: 0.3850  d4.loss_cls: 0.0166  d4.loss_bbox: 0.0621  d4.loss_iou: 0.3740
2026/03/26 15:43:32 - mmengine - INFO - Epoch(train) [53][100/238]  base_lr: 3.6171e-05 lr: 3.6171e-06  eta: 1:29:14  time: 0.6113  data_time: 0.0033  memory: 10691  grad_norm: 206.6697  loss: 2.9478  loss_cls: 0.0170  loss_bbox: 0.0605  loss_iou: 0.3678  d0.loss_cls: 0.0694  d0.loss_bbox: 0.0732  d0.loss_iou: 0.4545  d1.loss_cls: 0.0355  d1.loss_bbox: 0.0660  d1.loss_iou: 0.4080  d2.loss_cls: 0.0253  d2.loss_bbox: 0.0641  d2.loss_iou: 0.3953  d3.loss_cls: 0.0177  d3.loss_bbox: 0.0622  d3.loss_iou: 0.3814  d4.loss_cls: 0.0180  d4.loss_bbox: 0.0611  d4.loss_iou: 0.3709
2026/03/26 15:44:02 - mmengine - INFO - Epoch(train) [53][150/238]  base_lr: 3.6171e-05 lr: 3.6171e-06  eta: 1:28:28  time: 0.6074  data_time: 0.0028  memory: 10691  grad_norm: 200.1535  loss: 3.0111  loss_cls: 0.0208  loss_bbox: 0.0625  loss_iou: 0.3727  d0.loss_cls: 0.0675  d0.loss_bbox: 0.0751  d0.loss_iou: 0.4625  d1.loss_cls: 0.0371  d1.loss_bbox: 0.0689  d1.loss_iou: 0.4222  d2.loss_cls: 0.0272  d2.loss_bbox: 0.0660  d2.loss_iou: 0.3999  d3.loss_cls: 0.0222  d3.loss_bbox: 0.0639  d3.loss_iou: 0.3847  d4.loss_cls: 0.0213  d4.loss_bbox: 0.0625  d4.loss_iou: 0.3740
2026/03/26 15:44:33 - mmengine - INFO - Epoch(train) [53][200/238]  base_lr: 3.6171e-05 lr: 3.6171e-06  eta: 1:27:42  time: 0.6136  data_time: 0.0037  memory: 10691  grad_norm: 198.7029  loss: 2.9592  loss_cls: 0.0164  loss_bbox: 0.0619  loss_iou: 0.3686  d0.loss_cls: 0.0690  d0.loss_bbox: 0.0738  d0.loss_iou: 0.4515  d1.loss_cls: 0.0368  d1.loss_bbox: 0.0674  d1.loss_iou: 0.4126  d2.loss_cls: 0.0237  d2.loss_bbox: 0.0649  d2.loss_iou: 0.3947  d3.loss_cls: 0.0171  d3.loss_bbox: 0.0638  d3.loss_iou: 0.3853  d4.loss_cls: 0.0162  d4.loss_bbox: 0.0624  d4.loss_iou: 0.3731
2026/03/26 15:44:53 - mmengine - INFO - Exp name: detr_r50_uatd_80e_pretrained_20260326_124055
2026/03/26 15:45:22 - mmengine - INFO - Epoch(train) [54][ 50/238]  base_lr: 3.4868e-05 lr: 3.4868e-06  eta: 1:26:19  time: 0.5919  data_time: 0.0071  memory: 10691  grad_norm: 251.1148  loss: 2.9185  loss_cls: 0.0121  loss_bbox: 0.0614  loss_iou: 0.3651  d0.loss_cls: 0.0655  d0.loss_bbox: 0.0741  d0.loss_iou: 0.4513  d1.loss_cls: 0.0310  d1.loss_bbox: 0.0675  d1.loss_iou: 0.4119  d2.loss_cls: 0.0187  d2.loss_bbox: 0.0648  d2.loss_iou: 0.3936  d3.loss_cls: 0.0130  d3.loss_bbox: 0.0630  d3.loss_iou: 0.3813  d4.loss_cls: 0.0124  d4.loss_bbox: 0.0620  d4.loss_iou: 0.3699
2026/03/26 15:45:51 - mmengine - INFO - Epoch(train) [54][100/238]  base_lr: 3.4868e-05 lr: 3.4868e-06  eta: 1:25:33  time: 0.5789  data_time: 0.0026  memory: 10691  grad_norm: 222.2614  loss: 2.9386  loss_cls: 0.0144  loss_bbox: 0.0616  loss_iou: 0.3679  d0.loss_cls: 0.0619  d0.loss_bbox: 0.0743  d0.loss_iou: 0.4567  d1.loss_cls: 0.0320  d1.loss_bbox: 0.0677  d1.loss_iou: 0.4108  d2.loss_cls: 0.0186  d2.loss_bbox: 0.0655  d2.loss_iou: 0.3983  d3.loss_cls: 0.0150  d3.loss_bbox: 0.0629  d3.loss_iou: 0.3829  d4.loss_cls: 0.0141  d4.loss_bbox: 0.0621  d4.loss_iou: 0.3720
2026/03/26 15:46:21 - mmengine - INFO - Epoch(train) [54][150/238]  base_lr: 3.4868e-05 lr: 3.4868e-06  eta: 1:24:47  time: 0.5898  data_time: 0.0032  memory: 10691  grad_norm: 233.3286  loss: 2.9763  loss_cls: 0.0233  loss_bbox: 0.0611  loss_iou: 0.3659  d0.loss_cls: 0.0760  d0.loss_bbox: 0.0728  d0.loss_iou: 0.4470  d1.loss_cls: 0.0418  d1.loss_bbox: 0.0668  d1.loss_iou: 0.4091  d2.loss_cls: 0.0296  d2.loss_bbox: 0.0647  d2.loss_iou: 0.3938  d3.loss_cls: 0.0242  d3.loss_bbox: 0.0631  d3.loss_iou: 0.3834  d4.loss_cls: 0.0231  d4.loss_bbox: 0.0614  d4.loss_iou: 0.3691
2026/03/26 15:46:52 - mmengine - INFO - Epoch(train) [54][200/238]  base_lr: 3.4868e-05 lr: 3.4868e-06  eta: 1:24:01  time: 0.6195  data_time: 0.0036  memory: 10691  grad_norm: 265.8821  loss: 3.0174  loss_cls: 0.0205  loss_bbox: 0.0622  loss_iou: 0.3739  d0.loss_cls: 0.0753  d0.loss_bbox: 0.0724  d0.loss_iou: 0.4449  d1.loss_cls: 0.0421  d1.loss_bbox: 0.0681  d1.loss_iou: 0.4189  d2.loss_cls: 0.0301  d2.loss_bbox: 0.0656  d2.loss_iou: 0.4036  d3.loss_cls: 0.0217  d3.loss_bbox: 0.0642  d3.loss_iou: 0.3928  d4.loss_cls: 0.0205  d4.loss_bbox: 0.0627  d4.loss_iou: 0.3778
2026/03/26 15:47:18 - mmengine - INFO - Exp name: detr_r50_uatd_80e_pretrained_20260326_124055
2026/03/26 15:47:21 - mmengine - INFO - Epoch(val) [54][ 50/100]    eta: 0:00:03  time: 0.0691  data_time: 0.0186  memory: 10691  
2026/03/26 15:47:25 - mmengine - INFO - Epoch(val) [54][100/100]    eta: 0:00:00  time: 0.0773  data_time: 0.0223  memory: 1186  
2026/03/26 15:47:26 - mmengine - INFO - Evaluating bbox...
2026/03/26 15:47:29 - mmengine - INFO - bbox_mAP_copypaste: 0.306 0.726 0.174 0.401 0.305 0.339
2026/03/26 15:47:29 - mmengine - INFO - Epoch(val) [54][100/100]    coco/bbox_mAP: 0.3060  coco/bbox_mAP_50: 0.7260  coco/bbox_mAP_75: 0.1740  coco/bbox_mAP_s: 0.4010  coco/bbox_mAP_m: 0.3050  coco/bbox_mAP_l: 0.3390  data_time: 0.0203  time: 0.0729
2026/03/26 15:48:05 - mmengine - INFO - Epoch(train) [55][ 50/238]  base_lr: 3.3566e-05 lr: 3.3566e-06  eta: 1:22:46  time: 0.7241  data_time: 0.0086  memory: 10691  grad_norm: 220.2538  loss: 2.9123  loss_cls: 0.0154  loss_bbox: 0.0593  loss_iou: 0.3628  d0.loss_cls: 0.0714  d0.loss_bbox: 0.0713  d0.loss_iou: 0.4441  d1.loss_cls: 0.0339  d1.loss_bbox: 0.0651  d1.loss_iou: 0.4078  d2.loss_cls: 0.0221  d2.loss_bbox: 0.0631  d2.loss_iou: 0.3950  d3.loss_cls: 0.0165  d3.loss_bbox: 0.0615  d3.loss_iou: 0.3804  d4.loss_cls: 0.0154  d4.loss_bbox: 0.0599  d4.loss_iou: 0.3674
2026/03/26 15:48:35 - mmengine - INFO - Epoch(train) [55][100/238]  base_lr: 3.3566e-05 lr: 3.3566e-06  eta: 1:22:00  time: 0.5979  data_time: 0.0027  memory: 10691  grad_norm: 289.8555  loss: 3.0013  loss_cls: 0.0217  loss_bbox: 0.0615  loss_iou: 0.3671  d0.loss_cls: 0.0719  d0.loss_bbox: 0.0745  d0.loss_iou: 0.4586  d1.loss_cls: 0.0396  d1.loss_bbox: 0.0683  d1.loss_iou: 0.4186  d2.loss_cls: 0.0271  d2.loss_bbox: 0.0653  d2.loss_iou: 0.4007  d3.loss_cls: 0.0214  d3.loss_bbox: 0.0639  d3.loss_iou: 0.3868  d4.loss_cls: 0.0219  d4.loss_bbox: 0.0619  d4.loss_iou: 0.3703
2026/03/26 15:49:05 - mmengine - INFO - Exp name: detr_r50_uatd_80e_pretrained_20260326_124055
2026/03/26 15:49:06 - mmengine - INFO - Epoch(train) [55][150/238]  base_lr: 3.3566e-05 lr: 3.3566e-06  eta: 1:21:15  time: 0.6128  data_time: 0.0030  memory: 10691  grad_norm: 255.6959  loss: 2.8925  loss_cls: 0.0177  loss_bbox: 0.0585  loss_iou: 0.3575  d0.loss_cls: 0.0687  d0.loss_bbox: 0.0717  d0.loss_iou: 0.4497  d1.loss_cls: 0.0373  d1.loss_bbox: 0.0649  d1.loss_iou: 0.4057  d2.loss_cls: 0.0242  d2.loss_bbox: 0.0618  d2.loss_iou: 0.3856  d3.loss_cls: 0.0189  d3.loss_bbox: 0.0604  d3.loss_iou: 0.3716  d4.loss_cls: 0.0176  d4.loss_bbox: 0.0592  d4.loss_iou: 0.3616
2026/03/26 15:49:36 - mmengine - INFO - Epoch(train) [55][200/238]  base_lr: 3.3566e-05 lr: 3.3566e-06  eta: 1:20:30  time: 0.6030  data_time: 0.0035  memory: 10691  grad_norm: 217.0537  loss: 2.9254  loss_cls: 0.0151  loss_bbox: 0.0605  loss_iou: 0.3646  d0.loss_cls: 0.0689  d0.loss_bbox: 0.0724  d0.loss_iou: 0.4478  d1.loss_cls: 0.0333  d1.loss_bbox: 0.0671  d1.loss_iou: 0.4126  d2.loss_cls: 0.0211  d2.loss_bbox: 0.0648  d2.loss_iou: 0.3958  d3.loss_cls: 0.0157  d3.loss_bbox: 0.0622  d3.loss_iou: 0.3798  d4.loss_cls: 0.0148  d4.loss_bbox: 0.0609  d4.loss_iou: 0.3679
2026/03/26 15:49:56 - mmengine - INFO - Exp name: detr_r50_uatd_80e_pretrained_20260326_124055
2026/03/26 15:50:27 - mmengine - INFO - Epoch(train) [56][ 50/238]  base_lr: 3.2263e-05 lr: 3.2263e-06  eta: 1:19:10  time: 0.6077  data_time: 0.0096  memory: 10691  grad_norm: 209.1158  loss: 2.8927  loss_cls: 0.0169  loss_bbox: 0.0597  loss_iou: 0.3574  d0.loss_cls: 0.0662  d0.loss_bbox: 0.0731  d0.loss_iou: 0.4516  d1.loss_cls: 0.0356  d1.loss_bbox: 0.0660  d1.loss_iou: 0.4027  d2.loss_cls: 0.0232  d2.loss_bbox: 0.0633  d2.loss_iou: 0.3851  d3.loss_cls: 0.0174  d3.loss_bbox: 0.0616  d3.loss_iou: 0.3752  d4.loss_cls: 0.0169  d4.loss_bbox: 0.0602  d4.loss_iou: 0.3603
2026/03/26 15:50:57 - mmengine - INFO - Epoch(train) [56][100/238]  base_lr: 3.2263e-05 lr: 3.2263e-06  eta: 1:18:25  time: 0.5950  data_time: 0.0032  memory: 10691  grad_norm: 224.7359  loss: 2.9908  loss_cls: 0.0234  loss_bbox: 0.0604  loss_iou: 0.3684  d0.loss_cls: 0.0773  d0.loss_bbox: 0.0727  d0.loss_iou: 0.4493  d1.loss_cls: 0.0430  d1.loss_bbox: 0.0659  d1.loss_iou: 0.4110  d2.loss_cls: 0.0301  d2.loss_bbox: 0.0640  d2.loss_iou: 0.3983  d3.loss_cls: 0.0241  d3.loss_bbox: 0.0623  d3.loss_iou: 0.3851  d4.loss_cls: 0.0239  d4.loss_bbox: 0.0609  d4.loss_iou: 0.3708
2026/03/26 15:51:27 - mmengine - INFO - Epoch(train) [56][150/238]  base_lr: 3.2263e-05 lr: 3.2263e-06  eta: 1:17:41  time: 0.6156  data_time: 0.0038  memory: 10691  grad_norm: 213.4175  loss: 2.8630  loss_cls: 0.0137  loss_bbox: 0.0590  loss_iou: 0.3558  d0.loss_cls: 0.0630  d0.loss_bbox: 0.0724  d0.loss_iou: 0.4469  d1.loss_cls: 0.0327  d1.loss_bbox: 0.0656  d1.loss_iou: 0.4039  d2.loss_cls: 0.0212  d2.loss_bbox: 0.0627  d2.loss_iou: 0.3844  d3.loss_cls: 0.0151  d3.loss_bbox: 0.0609  d3.loss_iou: 0.3725  d4.loss_cls: 0.0137  d4.loss_bbox: 0.0597  d4.loss_iou: 0.3597
2026/03/26 15:52:01 - mmengine - INFO - Epoch(train) [56][200/238]  base_lr: 3.2263e-05 lr: 3.2263e-06  eta: 1:16:58  time: 0.6703  data_time: 0.0065  memory: 10691  grad_norm: 202.6895  loss: 2.8820  loss_cls: 0.0160  loss_bbox: 0.0597  loss_iou: 0.3566  d0.loss_cls: 0.0623  d0.loss_bbox: 0.0741  d0.loss_iou: 0.4558  d1.loss_cls: 0.0351  d1.loss_bbox: 0.0658  d1.loss_iou: 0.4028  d2.loss_cls: 0.0217  d2.loss_bbox: 0.0628  d2.loss_iou: 0.3805  d3.loss_cls: 0.0171  d3.loss_bbox: 0.0616  d3.loss_iou: 0.3731  d4.loss_cls: 0.0156  d4.loss_bbox: 0.0603  d4.loss_iou: 0.3611
2026/03/26 15:52:23 - mmengine - INFO - Exp name: detr_r50_uatd_80e_pretrained_20260326_124055
2026/03/26 15:52:26 - mmengine - INFO - Epoch(val) [56][ 50/100]    eta: 0:00:02  time: 0.0541  data_time: 0.0132  memory: 10691  
2026/03/26 15:52:28 - mmengine - INFO - Epoch(val) [56][100/100]    eta: 0:00:00  time: 0.0497  data_time: 0.0095  memory: 1186  
2026/03/26 15:52:29 - mmengine - INFO - Evaluating bbox...
2026/03/26 15:52:33 - mmengine - INFO - bbox_mAP_copypaste: 0.312 0.755 0.187 0.444 0.313 0.325
2026/03/26 15:52:33 - mmengine - INFO - Epoch(val) [56][100/100]    coco/bbox_mAP: 0.3120  coco/bbox_mAP_50: 0.7550  coco/bbox_mAP_75: 0.1870  coco/bbox_mAP_s: 0.4440  coco/bbox_mAP_m: 0.3130  coco/bbox_mAP_l: 0.3250  data_time: 0.0113  time: 0.0518
2026/03/26 15:53:07 - mmengine - INFO - Epoch(train) [57][ 50/238]  base_lr: 3.0961e-05 lr: 3.0961e-06  eta: 1:15:41  time: 0.6795  data_time: 0.0112  memory: 10691  grad_norm: 195.9849  loss: 2.8764  loss_cls: 0.0141  loss_bbox: 0.0598  loss_iou: 0.3589  d0.loss_cls: 0.0652  d0.loss_bbox: 0.0718  d0.loss_iou: 0.4447  d1.loss_cls: 0.0331  d1.loss_bbox: 0.0657  d1.loss_iou: 0.4031  d2.loss_cls: 0.0204  d2.loss_bbox: 0.0635  d2.loss_iou: 0.3880  d3.loss_cls: 0.0145  d3.loss_bbox: 0.0615  d3.loss_iou: 0.3760  d4.loss_cls: 0.0135  d4.loss_bbox: 0.0603  d4.loss_iou: 0.3622
2026/03/26 15:53:39 - mmengine - INFO - Epoch(train) [57][100/238]  base_lr: 3.0961e-05 lr: 3.0961e-06  eta: 1:14:58  time: 0.6475  data_time: 0.0030  memory: 10691  grad_norm: 226.3429  loss: 2.8865  loss_cls: 0.0198  loss_bbox: 0.0590  loss_iou: 0.3559  d0.loss_cls: 0.0675  d0.loss_bbox: 0.0729  d0.loss_iou: 0.4496  d1.loss_cls: 0.0367  d1.loss_bbox: 0.0651  d1.loss_iou: 0.3958  d2.loss_cls: 0.0268  d2.loss_bbox: 0.0628  d2.loss_iou: 0.3837  d3.loss_cls: 0.0200  d3.loss_bbox: 0.0611  d3.loss_iou: 0.3712  d4.loss_cls: 0.0200  d4.loss_bbox: 0.0598  d4.loss_iou: 0.3587
2026/03/26 15:54:14 - mmengine - INFO - Epoch(train) [57][150/238]  base_lr: 3.0961e-05 lr: 3.0961e-06  eta: 1:14:15  time: 0.6817  data_time: 0.0036  memory: 10691  grad_norm: 226.7781  loss: 2.8926  loss_cls: 0.0215  loss_bbox: 0.0582  loss_iou: 0.3541  d0.loss_cls: 0.0704  d0.loss_bbox: 0.0716  d0.loss_iou: 0.4483  d1.loss_cls: 0.0372  d1.loss_bbox: 0.0644  d1.loss_iou: 0.4012  d2.loss_cls: 0.0287  d2.loss_bbox: 0.0617  d2.loss_iou: 0.3829  d3.loss_cls: 0.0226  d3.loss_bbox: 0.0599  d3.loss_iou: 0.3699  d4.loss_cls: 0.0214  d4.loss_bbox: 0.0589  d4.loss_iou: 0.3596
2026/03/26 15:54:58 - mmengine - INFO - Epoch(train) [57][200/238]  base_lr: 3.0961e-05 lr: 3.0961e-06  eta: 1:13:37  time: 0.8992  data_time: 0.0048  memory: 10691  grad_norm: 177.3532  loss: 2.8614  loss_cls: 0.0145  loss_bbox: 0.0592  loss_iou: 0.3566  d0.loss_cls: 0.0653  d0.loss_bbox: 0.0712  d0.loss_iou: 0.4419  d1.loss_cls: 0.0318  d1.loss_bbox: 0.0654  d1.loss_iou: 0.4056  d2.loss_cls: 0.0212  d2.loss_bbox: 0.0628  d2.loss_iou: 0.3844  d3.loss_cls: 0.0173  d3.loss_bbox: 0.0604  d3.loss_iou: 0.3679  d4.loss_cls: 0.0155  d4.loss_bbox: 0.0596  d4.loss_iou: 0.3608
2026/03/26 15:55:20 - mmengine - INFO - Exp name: detr_r50_uatd_80e_pretrained_20260326_124055
2026/03/26 15:55:50 - mmengine - INFO - Epoch(train) [58][ 50/238]  base_lr: 2.9658e-05 lr: 2.9658e-06  eta: 1:12:19  time: 0.6076  data_time: 0.0129  memory: 10691  grad_norm: 211.0633  loss: 2.8769  loss_cls: 0.0191  loss_bbox: 0.0591  loss_iou: 0.3516  d0.loss_cls: 0.0681  d0.loss_bbox: 0.0727  d0.loss_iou: 0.4490  d1.loss_cls: 0.0362  d1.loss_bbox: 0.0655  d1.loss_iou: 0.3992  d2.loss_cls: 0.0241  d2.loss_bbox: 0.0630  d2.loss_iou: 0.3823  d3.loss_cls: 0.0209  d3.loss_bbox: 0.0610  d3.loss_iou: 0.3702  d4.loss_cls: 0.0192  d4.loss_bbox: 0.0595  d4.loss_iou: 0.3563
2026/03/26 15:56:20 - mmengine - INFO - Epoch(train) [58][100/238]  base_lr: 2.9658e-05 lr: 2.9658e-06  eta: 1:11:35  time: 0.5915  data_time: 0.0032  memory: 10691  grad_norm: 192.4492  loss: 2.8256  loss_cls: 0.0164  loss_bbox: 0.0577  loss_iou: 0.3486  d0.loss_cls: 0.0655  d0.loss_bbox: 0.0705  d0.loss_iou: 0.4414  d1.loss_cls: 0.0335  d1.loss_bbox: 0.0638  d1.loss_iou: 0.3981  d2.loss_cls: 0.0231  d2.loss_bbox: 0.0612  d2.loss_iou: 0.3782  d3.loss_cls: 0.0170  d3.loss_bbox: 0.0598  d3.loss_iou: 0.3634  d4.loss_cls: 0.0151  d4.loss_bbox: 0.0586  d4.loss_iou: 0.3537
2026/03/26 15:56:49 - mmengine - INFO - Epoch(train) [58][150/238]  base_lr: 2.9658e-05 lr: 2.9658e-06  eta: 1:10:51  time: 0.5829  data_time: 0.0027  memory: 10691  grad_norm: 198.6228  loss: 2.8449  loss_cls: 0.0159  loss_bbox: 0.0581  loss_iou: 0.3523  d0.loss_cls: 0.0610  d0.loss_bbox: 0.0710  d0.loss_iou: 0.4464  d1.loss_cls: 0.0341  d1.loss_bbox: 0.0639  d1.loss_iou: 0.3989  d2.loss_cls: 0.0231  d2.loss_bbox: 0.0617  d2.loss_iou: 0.3802  d3.loss_cls: 0.0164  d3.loss_bbox: 0.0604  d3.loss_iou: 0.3703  d4.loss_cls: 0.0165  d4.loss_bbox: 0.0588  d4.loss_iou: 0.3559
2026/03/26 15:57:19 - mmengine - INFO - Epoch(train) [58][200/238]  base_lr: 2.9658e-05 lr: 2.9658e-06  eta: 1:10:07  time: 0.5970  data_time: 0.0030  memory: 10691  grad_norm: 213.0641  loss: 2.9014  loss_cls: 0.0157  loss_bbox: 0.0595  loss_iou: 0.3603  d0.loss_cls: 0.0670  d0.loss_bbox: 0.0725  d0.loss_iou: 0.4519  d1.loss_cls: 0.0320  d1.loss_bbox: 0.0660  d1.loss_iou: 0.4094  d2.loss_cls: 0.0220  d2.loss_bbox: 0.0630  d2.loss_iou: 0.3902  d3.loss_cls: 0.0167  d3.loss_bbox: 0.0612  d3.loss_iou: 0.3751  d4.loss_cls: 0.0158  d4.loss_bbox: 0.0599  d4.loss_iou: 0.3632
2026/03/26 15:57:38 - mmengine - INFO - Exp name: detr_r50_uatd_80e_pretrained_20260326_124055
2026/03/26 15:57:41 - mmengine - INFO - Epoch(val) [58][ 50/100]    eta: 0:00:02  time: 0.0567  data_time: 0.0154  memory: 10691  
2026/03/26 15:57:44 - mmengine - INFO - Epoch(val) [58][100/100]    eta: 0:00:00  time: 0.0549  data_time: 0.0136  memory: 1186  
2026/03/26 15:57:45 - mmengine - INFO - Evaluating bbox...
2026/03/26 15:57:48 - mmengine - INFO - bbox_mAP_copypaste: 0.308 0.738 0.178 0.486 0.310 0.312
2026/03/26 15:57:48 - mmengine - INFO - Epoch(val) [58][100/100]    coco/bbox_mAP: 0.3080  coco/bbox_mAP_50: 0.7380  coco/bbox_mAP_75: 0.1780  coco/bbox_mAP_s: 0.4860  coco/bbox_mAP_m: 0.3100  coco/bbox_mAP_l: 0.3120  data_time: 0.0144  time: 0.0556
2026/03/26 15:58:18 - mmengine - INFO - Epoch(train) [59][ 50/238]  base_lr: 2.8355e-05 lr: 2.8355e-06  eta: 1:08:49  time: 0.5958  data_time: 0.0096  memory: 10691  grad_norm: 205.0759  loss: 2.8239  loss_cls: 0.0145  loss_bbox: 0.0573  loss_iou: 0.3483  d0.loss_cls: 0.0622  d0.loss_bbox: 0.0721  d0.loss_iou: 0.4445  d1.loss_cls: 0.0326  d1.loss_bbox: 0.0643  d1.loss_iou: 0.3964  d2.loss_cls: 0.0213  d2.loss_bbox: 0.0617  d2.loss_iou: 0.3795  d3.loss_cls: 0.0171  d3.loss_bbox: 0.0594  d3.loss_iou: 0.3663  d4.loss_cls: 0.0146  d4.loss_bbox: 0.0582  d4.loss_iou: 0.3536
2026/03/26 15:58:47 - mmengine - INFO - Epoch(train) [59][100/238]  base_lr: 2.8355e-05 lr: 2.8355e-06  eta: 1:08:05  time: 0.5844  data_time: 0.0035  memory: 10691  grad_norm: 210.3394  loss: 2.8370  loss_cls: 0.0150  loss_bbox: 0.0583  loss_iou: 0.3520  d0.loss_cls: 0.0644  d0.loss_bbox: 0.0714  d0.loss_iou: 0.4446  d1.loss_cls: 0.0333  d1.loss_bbox: 0.0637  d1.loss_iou: 0.3955  d2.loss_cls: 0.0213  d2.loss_bbox: 0.0613  d2.loss_iou: 0.3807  d3.loss_cls: 0.0161  d3.loss_bbox: 0.0601  d3.loss_iou: 0.3704  d4.loss_cls: 0.0154  d4.loss_bbox: 0.0588  d4.loss_iou: 0.3546
2026/03/26 15:59:17 - mmengine - INFO - Epoch(train) [59][150/238]  base_lr: 2.8355e-05 lr: 2.8355e-06  eta: 1:07:22  time: 0.6066  data_time: 0.0030  memory: 10691  grad_norm: 210.3820  loss: 2.8213  loss_cls: 0.0128  loss_bbox: 0.0583  loss_iou: 0.3530  d0.loss_cls: 0.0599  d0.loss_bbox: 0.0717  d0.loss_iou: 0.4448  d1.loss_cls: 0.0299  d1.loss_bbox: 0.0643  d1.loss_iou: 0.3992  d2.loss_cls: 0.0191  d2.loss_bbox: 0.0618  d2.loss_iou: 0.3802  d3.loss_cls: 0.0134  d3.loss_bbox: 0.0598  d3.loss_iou: 0.3656  d4.loss_cls: 0.0111  d4.loss_bbox: 0.0589  d4.loss_iou: 0.3576
2026/03/26 15:59:45 - mmengine - INFO - Exp name: detr_r50_uatd_80e_pretrained_20260326_124055
2026/03/26 15:59:48 - mmengine - INFO - Epoch(train) [59][200/238]  base_lr: 2.8355e-05 lr: 2.8355e-06  eta: 1:06:39  time: 0.6088  data_time: 0.0036  memory: 10691  grad_norm: 184.4490  loss: 2.8615  loss_cls: 0.0206  loss_bbox: 0.0583  loss_iou: 0.3466  d0.loss_cls: 0.0688  d0.loss_bbox: 0.0720  d0.loss_iou: 0.4480  d1.loss_cls: 0.0381  d1.loss_bbox: 0.0653  d1.loss_iou: 0.3972  d2.loss_cls: 0.0272  d2.loss_bbox: 0.0627  d2.loss_iou: 0.3773  d3.loss_cls: 0.0221  d3.loss_bbox: 0.0609  d3.loss_iou: 0.3654  d4.loss_cls: 0.0212  d4.loss_bbox: 0.0591  d4.loss_iou: 0.3506
2026/03/26 16:00:08 - mmengine - INFO - Exp name: detr_r50_uatd_80e_pretrained_20260326_124055
2026/03/26 16:00:38 - mmengine - INFO - Epoch(train) [60][ 50/238]  base_lr: 2.7053e-05 lr: 2.7053e-06  eta: 1:05:22  time: 0.6048  data_time: 0.0145  memory: 10691  grad_norm: 220.6272  loss: 2.8138  loss_cls: 0.0137  loss_bbox: 0.0575  loss_iou: 0.3497  d0.loss_cls: 0.0676  d0.loss_bbox: 0.0691  d0.loss_iou: 0.4326  d1.loss_cls: 0.0356  d1.loss_bbox: 0.0634  d1.loss_iou: 0.3957  d2.loss_cls: 0.0226  d2.loss_bbox: 0.0611  d2.loss_iou: 0.3761  d3.loss_cls: 0.0150  d3.loss_bbox: 0.0595  d3.loss_iou: 0.3667  d4.loss_cls: 0.0142  d4.loss_bbox: 0.0581  d4.loss_iou: 0.3557
2026/03/26 16:01:08 - mmengine - INFO - Epoch(train) [60][100/238]  base_lr: 2.7053e-05 lr: 2.7053e-06  eta: 1:04:39  time: 0.5906  data_time: 0.0033  memory: 10691  grad_norm: 256.3596  loss: 2.8222  loss_cls: 0.0177  loss_bbox: 0.0571  loss_iou: 0.3504  d0.loss_cls: 0.0627  d0.loss_bbox: 0.0696  d0.loss_iou: 0.4400  d1.loss_cls: 0.0332  d1.loss_bbox: 0.0631  d1.loss_iou: 0.3959  d2.loss_cls: 0.0235  d2.loss_bbox: 0.0604  d2.loss_iou: 0.3771  d3.loss_cls: 0.0183  d3.loss_bbox: 0.0587  d3.loss_iou: 0.3642  d4.loss_cls: 0.0175  d4.loss_bbox: 0.0576  d4.loss_iou: 0.3553
2026/03/26 16:01:37 - mmengine - INFO - Epoch(train) [60][150/238]  base_lr: 2.7053e-05 lr: 2.7053e-06  eta: 1:03:56  time: 0.5876  data_time: 0.0034  memory: 10691  grad_norm: inf  loss: 2.8135  loss_cls: 0.0192  loss_bbox: 0.0565  loss_iou: 0.3442  d0.loss_cls: 0.0691  d0.loss_bbox: 0.0701  d0.loss_iou: 0.4381  d1.loss_cls: 0.0392  d1.loss_bbox: 0.0628  d1.loss_iou: 0.3906  d2.loss_cls: 0.0260  d2.loss_bbox: 0.0607  d2.loss_iou: 0.3754  d3.loss_cls: 0.0213  d3.loss_bbox: 0.0582  d3.loss_iou: 0.3592  d4.loss_cls: 0.0190  d4.loss_bbox: 0.0569  d4.loss_iou: 0.3468
2026/03/26 16:02:07 - mmengine - INFO - Epoch(train) [60][200/238]  base_lr: 2.7053e-05 lr: 2.7053e-06  eta: 1:03:13  time: 0.5897  data_time: 0.0033  memory: 10691  grad_norm: 243.1564  loss: 2.8415  loss_cls: 0.0177  loss_bbox: 0.0577  loss_iou: 0.3521  d0.loss_cls: 0.0673  d0.loss_bbox: 0.0706  d0.loss_iou: 0.4401  d1.loss_cls: 0.0347  d1.loss_bbox: 0.0635  d1.loss_iou: 0.3951  d2.loss_cls: 0.0237  d2.loss_bbox: 0.0617  d2.loss_iou: 0.3818  d3.loss_cls: 0.0177  d3.loss_bbox: 0.0597  d3.loss_iou: 0.3674  d4.loss_cls: 0.0177  d4.loss_bbox: 0.0582  d4.loss_iou: 0.3547
2026/03/26 16:02:27 - mmengine - INFO - Exp name: detr_r50_uatd_80e_pretrained_20260326_124055
2026/03/26 16:02:30 - mmengine - INFO - Epoch(val) [60][ 50/100]    eta: 0:00:02  time: 0.0535  data_time: 0.0116  memory: 10691  
2026/03/26 16:02:33 - mmengine - INFO - Epoch(val) [60][100/100]    eta: 0:00:00  time: 0.0566  data_time: 0.0114  memory: 1186  
2026/03/26 16:02:34 - mmengine - INFO - Evaluating bbox...
2026/03/26 16:02:37 - mmengine - INFO - bbox_mAP_copypaste: 0.297 0.724 0.167 0.428 0.296 0.309
2026/03/26 16:02:37 - mmengine - INFO - Epoch(val) [60][100/100]    coco/bbox_mAP: 0.2970  coco/bbox_mAP_50: 0.7240  coco/bbox_mAP_75: 0.1670  coco/bbox_mAP_s: 0.4280  coco/bbox_mAP_m: 0.2960  coco/bbox_mAP_l: 0.3090  data_time: 0.0115  time: 0.0549
2026/03/26 16:03:07 - mmengine - INFO - Epoch(train) [61][ 50/238]  base_lr: 2.5750e-05 lr: 2.5750e-06  eta: 1:01:57  time: 0.6128  data_time: 0.0139  memory: 10691  grad_norm: 197.2593  loss: 2.7839  loss_cls: 0.0170  loss_bbox: 0.0561  loss_iou: 0.3442  d0.loss_cls: 0.0660  d0.loss_bbox: 0.0695  d0.loss_iou: 0.4364  d1.loss_cls: 0.0356  d1.loss_bbox: 0.0625  d1.loss_iou: 0.3862  d2.loss_cls: 0.0253  d2.loss_bbox: 0.0597  d2.loss_iou: 0.3720  d3.loss_cls: 0.0186  d3.loss_bbox: 0.0575  d3.loss_iou: 0.3563  d4.loss_cls: 0.0176  d4.loss_bbox: 0.0565  d4.loss_iou: 0.3467
2026/03/26 16:03:36 - mmengine - INFO - Epoch(train) [61][100/238]  base_lr: 2.5750e-05 lr: 2.5750e-06  eta: 1:01:15  time: 0.5768  data_time: 0.0029  memory: 10691  grad_norm: 235.2985  loss: 2.7728  loss_cls: 0.0130  loss_bbox: 0.0561  loss_iou: 0.3417  d0.loss_cls: 0.0629  d0.loss_bbox: 0.0704  d0.loss_iou: 0.4410  d1.loss_cls: 0.0308  d1.loss_bbox: 0.0625  d1.loss_iou: 0.3904  d2.loss_cls: 0.0207  d2.loss_bbox: 0.0601  d2.loss_iou: 0.3749  d3.loss_cls: 0.0137  d3.loss_bbox: 0.0581  d3.loss_iou: 0.3594  d4.loss_cls: 0.0127  d4.loss_bbox: 0.0567  d4.loss_iou: 0.3478
2026/03/26 16:04:05 - mmengine - INFO - Epoch(train) [61][150/238]  base_lr: 2.5750e-05 lr: 2.5750e-06  eta: 1:00:32  time: 0.5834  data_time: 0.0034  memory: 10691  grad_norm: 189.8842  loss: 2.7821  loss_cls: 0.0157  loss_bbox: 0.0575  loss_iou: 0.3428  d0.loss_cls: 0.0656  d0.loss_bbox: 0.0699  d0.loss_iou: 0.4339  d1.loss_cls: 0.0336  d1.loss_bbox: 0.0638  d1.loss_iou: 0.3886  d2.loss_cls: 0.0221  d2.loss_bbox: 0.0606  d2.loss_iou: 0.3696  d3.loss_cls: 0.0168  d3.loss_bbox: 0.0593  d3.loss_iou: 0.3591  d4.loss_cls: 0.0154  d4.loss_bbox: 0.0582  d4.loss_iou: 0.3495
2026/03/26 16:04:38 - mmengine - INFO - Epoch(train) [61][200/238]  base_lr: 2.5750e-05 lr: 2.5750e-06  eta: 0:59:50  time: 0.6483  data_time: 0.0035  memory: 10691  grad_norm: 210.0970  loss: 2.7790  loss_cls: 0.0154  loss_bbox: 0.0575  loss_iou: 0.3428  d0.loss_cls: 0.0639  d0.loss_bbox: 0.0705  d0.loss_iou: 0.4330  d1.loss_cls: 0.0362  d1.loss_bbox: 0.0637  d1.loss_iou: 0.3902  d2.loss_cls: 0.0228  d2.loss_bbox: 0.0607  d2.loss_iou: 0.3680  d3.loss_cls: 0.0172  d3.loss_bbox: 0.0593  d3.loss_iou: 0.3586  d4.loss_cls: 0.0157  d4.loss_bbox: 0.0576  d4.loss_iou: 0.3458
2026/03/26 16:05:01 - mmengine - INFO - Exp name: detr_r50_uatd_80e_pretrained_20260326_124055
2026/03/26 16:05:34 - mmengine - INFO - Epoch(train) [62][ 50/238]  base_lr: 2.4447e-05 lr: 2.4447e-06  eta: 0:58:37  time: 0.6648  data_time: 0.0127  memory: 10691  grad_norm: 218.8039  loss: 2.7822  loss_cls: 0.0167  loss_bbox: 0.0553  loss_iou: 0.3415  d0.loss_cls: 0.0657  d0.loss_bbox: 0.0691  d0.loss_iou: 0.4419  d1.loss_cls: 0.0343  d1.loss_bbox: 0.0614  d1.loss_iou: 0.3906  d2.loss_cls: 0.0246  d2.loss_bbox: 0.0587  d2.loss_iou: 0.3698  d3.loss_cls: 0.0183  d3.loss_bbox: 0.0571  d3.loss_iou: 0.3589  d4.loss_cls: 0.0170  d4.loss_bbox: 0.0558  d4.loss_iou: 0.3454
2026/03/26 16:06:05 - mmengine - INFO - Epoch(train) [62][100/238]  base_lr: 2.4447e-05 lr: 2.4447e-06  eta: 0:57:55  time: 0.6123  data_time: 0.0029  memory: 10691  grad_norm: 248.0038  loss: 2.7635  loss_cls: 0.0127  loss_bbox: 0.0561  loss_iou: 0.3437  d0.loss_cls: 0.0573  d0.loss_bbox: 0.0705  d0.loss_iou: 0.4436  d1.loss_cls: 0.0288  d1.loss_bbox: 0.0630  d1.loss_iou: 0.3902  d2.loss_cls: 0.0192  d2.loss_bbox: 0.0600  d2.loss_iou: 0.3710  d3.loss_cls: 0.0137  d3.loss_bbox: 0.0582  d3.loss_iou: 0.3597  d4.loss_cls: 0.0130  d4.loss_bbox: 0.0566  d4.loss_iou: 0.3462
2026/03/26 16:06:35 - mmengine - INFO - Epoch(train) [62][150/238]  base_lr: 2.4447e-05 lr: 2.4447e-06  eta: 0:57:13  time: 0.6039  data_time: 0.0034  memory: 10691  grad_norm: 217.3831  loss: 2.7811  loss_cls: 0.0148  loss_bbox: 0.0563  loss_iou: 0.3446  d0.loss_cls: 0.0635  d0.loss_bbox: 0.0696  d0.loss_iou: 0.4374  d1.loss_cls: 0.0335  d1.loss_bbox: 0.0625  d1.loss_iou: 0.3863  d2.loss_cls: 0.0225  d2.loss_bbox: 0.0597  d2.loss_iou: 0.3723  d3.loss_cls: 0.0168  d3.loss_bbox: 0.0585  d3.loss_iou: 0.3626  d4.loss_cls: 0.0145  d4.loss_bbox: 0.0568  d4.loss_iou: 0.3488
2026/03/26 16:07:05 - mmengine - INFO - Epoch(train) [62][200/238]  base_lr: 2.4447e-05 lr: 2.4447e-06  eta: 0:56:31  time: 0.6133  data_time: 0.0032  memory: 10691  grad_norm: 197.9275  loss: 2.7552  loss_cls: 0.0159  loss_bbox: 0.0571  loss_iou: 0.3393  d0.loss_cls: 0.0593  d0.loss_bbox: 0.0710  d0.loss_iou: 0.4363  d1.loss_cls: 0.0326  d1.loss_bbox: 0.0627  d1.loss_iou: 0.3838  d2.loss_cls: 0.0229  d2.loss_bbox: 0.0605  d2.loss_iou: 0.3660  d3.loss_cls: 0.0176  d3.loss_bbox: 0.0588  d3.loss_iou: 0.3548  d4.loss_cls: 0.0159  d4.loss_bbox: 0.0574  d4.loss_iou: 0.3434
2026/03/26 16:07:27 - mmengine - INFO - Exp name: detr_r50_uatd_80e_pretrained_20260326_124055
2026/03/26 16:07:29 - mmengine - INFO - Epoch(val) [62][ 50/100]    eta: 0:00:02  time: 0.0568  data_time: 0.0153  memory: 10691  
2026/03/26 16:07:32 - mmengine - INFO - Epoch(val) [62][100/100]    eta: 0:00:00  time: 0.0506  data_time: 0.0101  memory: 1186  
2026/03/26 16:07:33 - mmengine - INFO - Evaluating bbox...
2026/03/26 16:07:37 - mmengine - INFO - bbox_mAP_copypaste: 0.302 0.730 0.173 0.416 0.302 0.315
2026/03/26 16:07:37 - mmengine - INFO - Epoch(val) [62][100/100]    coco/bbox_mAP: 0.3020  coco/bbox_mAP_50: 0.7300  coco/bbox_mAP_75: 0.1730  coco/bbox_mAP_s: 0.4160  coco/bbox_mAP_m: 0.3020  coco/bbox_mAP_l: 0.3150  data_time: 0.0127  time: 0.0537
2026/03/26 16:08:09 - mmengine - INFO - Epoch(train) [63][ 50/238]  base_lr: 2.3145e-05 lr: 2.3145e-06  eta: 0:55:18  time: 0.6501  data_time: 0.0100  memory: 10691  grad_norm: 194.9840  loss: 2.7597  loss_cls: 0.0155  loss_bbox: 0.0558  loss_iou: 0.3373  d0.loss_cls: 0.0646  d0.loss_bbox: 0.0699  d0.loss_iou: 0.4395  d1.loss_cls: 0.0313  d1.loss_bbox: 0.0624  d1.loss_iou: 0.3876  d2.loss_cls: 0.0229  d2.loss_bbox: 0.0593  d2.loss_iou: 0.3661  d3.loss_cls: 0.0169  d3.loss_bbox: 0.0582  d3.loss_iou: 0.3577  d4.loss_cls: 0.0156  d4.loss_bbox: 0.0567  d4.loss_iou: 0.3425
2026/03/26 16:08:40 - mmengine - INFO - Epoch(train) [63][100/238]  base_lr: 2.3145e-05 lr: 2.3145e-06  eta: 0:54:36  time: 0.6217  data_time: 0.0036  memory: 10691  grad_norm: 175.8491  loss: 2.7448  loss_cls: 0.0173  loss_bbox: 0.0551  loss_iou: 0.3344  d0.loss_cls: 0.0684  d0.loss_bbox: 0.0692  d0.loss_iou: 0.4374  d1.loss_cls: 0.0348  d1.loss_bbox: 0.0620  d1.loss_iou: 0.3850  d2.loss_cls: 0.0247  d2.loss_bbox: 0.0588  d2.loss_iou: 0.3621  d3.loss_cls: 0.0193  d3.loss_bbox: 0.0568  d3.loss_iou: 0.3478  d4.loss_cls: 0.0173  d4.loss_bbox: 0.0556  d4.loss_iou: 0.3390
2026/03/26 16:09:10 - mmengine - INFO - Epoch(train) [63][150/238]  base_lr: 2.3145e-05 lr: 2.3145e-06  eta: 0:53:55  time: 0.6027  data_time: 0.0034  memory: 10691  grad_norm: 200.5028  loss: 2.6947  loss_cls: 0.0119  loss_bbox: 0.0547  loss_iou: 0.3330  d0.loss_cls: 0.0616  d0.loss_bbox: 0.0682  d0.loss_iou: 0.4274  d1.loss_cls: 0.0278  d1.loss_bbox: 0.0614  d1.loss_iou: 0.3846  d2.loss_cls: 0.0174  d2.loss_bbox: 0.0584  d2.loss_iou: 0.3623  d3.loss_cls: 0.0126  d3.loss_bbox: 0.0566  d3.loss_iou: 0.3514  d4.loss_cls: 0.0125  d4.loss_bbox: 0.0553  d4.loss_iou: 0.3376
2026/03/26 16:09:42 - mmengine - INFO - Epoch(train) [63][200/238]  base_lr: 2.3145e-05 lr: 2.3145e-06  eta: 0:53:13  time: 0.6337  data_time: 0.0037  memory: 10691  grad_norm: 220.4994  loss: 2.7360  loss_cls: 0.0121  loss_bbox: 0.0561  loss_iou: 0.3373  d0.loss_cls: 0.0622  d0.loss_bbox: 0.0708  d0.loss_iou: 0.4401  d1.loss_cls: 0.0303  d1.loss_bbox: 0.0621  d1.loss_iou: 0.3825  d2.loss_cls: 0.0178  d2.loss_bbox: 0.0603  d2.loss_iou: 0.3676  d3.loss_cls: 0.0132  d3.loss_bbox: 0.0581  d3.loss_iou: 0.3537  d4.loss_cls: 0.0120  d4.loss_bbox: 0.0569  d4.loss_iou: 0.3430
2026/03/26 16:10:05 - mmengine - INFO - Exp name: detr_r50_uatd_80e_pretrained_20260326_124055
2026/03/26 16:10:09 - mmengine - INFO - Exp name: detr_r50_uatd_80e_pretrained_20260326_124055
2026/03/26 16:10:37 - mmengine - INFO - Epoch(train) [64][ 50/238]  base_lr: 2.1842e-05 lr: 2.1842e-06  eta: 0:52:01  time: 0.6431  data_time: 0.0170  memory: 10691  grad_norm: 246.2517  loss: 2.7370  loss_cls: 0.0163  loss_bbox: 0.0551  loss_iou: 0.3338  d0.loss_cls: 0.0674  d0.loss_bbox: 0.0684  d0.loss_iou: 0.4316  d1.loss_cls: 0.0334  d1.loss_bbox: 0.0614  d1.loss_iou: 0.3830  d2.loss_cls: 0.0241  d2.loss_bbox: 0.0586  d2.loss_iou: 0.3655  d3.loss_cls: 0.0177  d3.loss_bbox: 0.0571  d3.loss_iou: 0.3533  d4.loss_cls: 0.0161  d4.loss_bbox: 0.0555  d4.loss_iou: 0.3387
2026/03/26 16:11:09 - mmengine - INFO - Epoch(train) [64][100/238]  base_lr: 2.1842e-05 lr: 2.1842e-06  eta: 0:51:20  time: 0.6418  data_time: 0.0034  memory: 10691  grad_norm: 182.9636  loss: 2.7147  loss_cls: 0.0145  loss_bbox: 0.0551  loss_iou: 0.3340  d0.loss_cls: 0.0614  d0.loss_bbox: 0.0683  d0.loss_iou: 0.4300  d1.loss_cls: 0.0301  d1.loss_bbox: 0.0623  d1.loss_iou: 0.3838  d2.loss_cls: 0.0204  d2.loss_bbox: 0.0594  d2.loss_iou: 0.3638  d3.loss_cls: 0.0153  d3.loss_bbox: 0.0575  d3.loss_iou: 0.3494  d4.loss_cls: 0.0150  d4.loss_bbox: 0.0561  d4.loss_iou: 0.3383
2026/03/26 16:11:40 - mmengine - INFO - Epoch(train) [64][150/238]  base_lr: 2.1842e-05 lr: 2.1842e-06  eta: 0:50:39  time: 0.6170  data_time: 0.0036  memory: 10691  grad_norm: 233.3358  loss: 2.7474  loss_cls: 0.0154  loss_bbox: 0.0550  loss_iou: 0.3395  d0.loss_cls: 0.0618  d0.loss_bbox: 0.0683  d0.loss_iou: 0.4350  d1.loss_cls: 0.0329  d1.loss_bbox: 0.0620  d1.loss_iou: 0.3875  d2.loss_cls: 0.0214  d2.loss_bbox: 0.0591  d2.loss_iou: 0.3693  d3.loss_cls: 0.0159  d3.loss_bbox: 0.0570  d3.loss_iou: 0.3541  d4.loss_cls: 0.0148  d4.loss_bbox: 0.0556  d4.loss_iou: 0.3428
2026/03/26 16:12:12 - mmengine - INFO - Epoch(train) [64][200/238]  base_lr: 2.1842e-05 lr: 2.1842e-06  eta: 0:49:58  time: 0.6569  data_time: 0.0035  memory: 10691  grad_norm: 179.7978  loss: 2.7584  loss_cls: 0.0155  loss_bbox: 0.0557  loss_iou: 0.3400  d0.loss_cls: 0.0654  d0.loss_bbox: 0.0692  d0.loss_iou: 0.4353  d1.loss_cls: 0.0346  d1.loss_bbox: 0.0621  d1.loss_iou: 0.3887  d2.loss_cls: 0.0232  d2.loss_bbox: 0.0589  d2.loss_iou: 0.3657  d3.loss_cls: 0.0167  d3.loss_bbox: 0.0577  d3.loss_iou: 0.3556  d4.loss_cls: 0.0153  d4.loss_bbox: 0.0562  d4.loss_iou: 0.3426
2026/03/26 16:12:35 - mmengine - INFO - Exp name: detr_r50_uatd_80e_pretrained_20260326_124055
2026/03/26 16:12:39 - mmengine - INFO - Epoch(val) [64][ 50/100]    eta: 0:00:04  time: 0.0819  data_time: 0.0208  memory: 10691  
2026/03/26 16:12:42 - mmengine - INFO - Epoch(val) [64][100/100]    eta: 0:00:00  time: 0.0588  data_time: 0.0133  memory: 1186  
2026/03/26 16:12:43 - mmengine - INFO - Evaluating bbox...
2026/03/26 16:12:47 - mmengine - INFO - bbox_mAP_copypaste: 0.308 0.748 0.181 0.402 0.306 0.326
2026/03/26 16:12:47 - mmengine - INFO - Epoch(val) [64][100/100]    coco/bbox_mAP: 0.3080  coco/bbox_mAP_50: 0.7480  coco/bbox_mAP_75: 0.1810  coco/bbox_mAP_s: 0.4020  coco/bbox_mAP_m: 0.3060  coco/bbox_mAP_l: 0.3260  data_time: 0.0169  time: 0.0701
2026/03/26 16:13:20 - mmengine - INFO - Epoch(train) [65][ 50/238]  base_lr: 2.0539e-05 lr: 2.0539e-06  eta: 0:48:46  time: 0.6565  data_time: 0.0179  memory: 10691  grad_norm: 164.8315  loss: 2.7278  loss_cls: 0.0128  loss_bbox: 0.0555  loss_iou: 0.3377  d0.loss_cls: 0.0612  d0.loss_bbox: 0.0686  d0.loss_iou: 0.4347  d1.loss_cls: 0.0339  d1.loss_bbox: 0.0615  d1.loss_iou: 0.3824  d2.loss_cls: 0.0208  d2.loss_bbox: 0.0590  d2.loss_iou: 0.3645  d3.loss_cls: 0.0146  d3.loss_bbox: 0.0572  d3.loss_iou: 0.3536  d4.loss_cls: 0.0138  d4.loss_bbox: 0.0558  d4.loss_iou: 0.3403
2026/03/26 16:14:40 - mmengine - INFO - Epoch(train) [65][100/238]  base_lr: 2.0539e-05 lr: 2.0539e-06  eta: 0:48:17  time: 1.6115  data_time: 0.0077  memory: 10691  grad_norm: 207.5185  loss: 2.6848  loss_cls: 0.0146  loss_bbox: 0.0537  loss_iou: 0.3286  d0.loss_cls: 0.0590  d0.loss_bbox: 0.0679  d0.loss_iou: 0.4324  d1.loss_cls: 0.0300  d1.loss_bbox: 0.0600  d1.loss_iou: 0.3802  d2.loss_cls: 0.0202  d2.loss_bbox: 0.0577  d2.loss_iou: 0.3593  d3.loss_cls: 0.0156  d3.loss_bbox: 0.0556  d3.loss_iou: 0.3466  d4.loss_cls: 0.0150  d4.loss_bbox: 0.0542  d4.loss_iou: 0.3342
2026/03/26 16:15:43 - mmengine - INFO - Epoch(train) [65][150/238]  base_lr: 2.0539e-05 lr: 2.0539e-06  eta: 0:47:44  time: 1.2607  data_time: 0.0071  memory: 10691  grad_norm: 177.9774  loss: 2.6901  loss_cls: 0.0153  loss_bbox: 0.0541  loss_iou: 0.3293  d0.loss_cls: 0.0600  d0.loss_bbox: 0.0686  d0.loss_iou: 0.4335  d1.loss_cls: 0.0324  d1.loss_bbox: 0.0608  d1.loss_iou: 0.3778  d2.loss_cls: 0.0213  d2.loss_bbox: 0.0579  d2.loss_iou: 0.3586  d3.loss_cls: 0.0163  d3.loss_bbox: 0.0560  d3.loss_iou: 0.3451  d4.loss_cls: 0.0157  d4.loss_bbox: 0.0546  d4.loss_iou: 0.3328
2026/03/26 16:16:50 - mmengine - INFO - Epoch(train) [65][200/238]  base_lr: 2.0539e-05 lr: 2.0539e-06  eta: 0:47:11  time: 1.3322  data_time: 0.0092  memory: 10691  grad_norm: 169.5742  loss: 2.6780  loss_cls: 0.0144  loss_bbox: 0.0535  loss_iou: 0.3272  d0.loss_cls: 0.0628  d0.loss_bbox: 0.0679  d0.loss_iou: 0.4312  d1.loss_cls: 0.0310  d1.loss_bbox: 0.0603  d1.loss_iou: 0.3755  d2.loss_cls: 0.0210  d2.loss_bbox: 0.0577  d2.loss_iou: 0.3578  d3.loss_cls: 0.0142  d3.loss_bbox: 0.0558  d3.loss_iou: 0.3469  d4.loss_cls: 0.0138  d4.loss_bbox: 0.0543  d4.loss_iou: 0.3326
2026/03/26 16:17:35 - mmengine - INFO - Exp name: detr_r50_uatd_80e_pretrained_20260326_124055
2026/03/26 16:18:27 - mmengine - INFO - Epoch(train) [66][ 50/238]  base_lr: 1.9237e-05 lr: 1.9237e-06  eta: 0:46:09  time: 1.0452  data_time: 0.0180  memory: 10691  grad_norm: 226.9062  loss: 2.6765  loss_cls: 0.0157  loss_bbox: 0.0535  loss_iou: 0.3290  d0.loss_cls: 0.0627  d0.loss_bbox: 0.0677  d0.loss_iou: 0.4305  d1.loss_cls: 0.0322  d1.loss_bbox: 0.0597  d1.loss_iou: 0.3741  d2.loss_cls: 0.0214  d2.loss_bbox: 0.0576  d2.loss_iou: 0.3580  d3.loss_cls: 0.0160  d3.loss_bbox: 0.0551  d3.loss_iou: 0.3428  d4.loss_cls: 0.0157  d4.loss_bbox: 0.0537  d4.loss_iou: 0.3311
2026/03/26 16:19:28 - mmengine - INFO - Epoch(train) [66][100/238]  base_lr: 1.9237e-05 lr: 1.9237e-06  eta: 0:45:34  time: 1.2117  data_time: 0.0059  memory: 10691  grad_norm: 199.7162  loss: 2.6688  loss_cls: 0.0126  loss_bbox: 0.0534  loss_iou: 0.3304  d0.loss_cls: 0.0593  d0.loss_bbox: 0.0673  d0.loss_iou: 0.4276  d1.loss_cls: 0.0280  d1.loss_bbox: 0.0601  d1.loss_iou: 0.3806  d2.loss_cls: 0.0175  d2.loss_bbox: 0.0572  d2.loss_iou: 0.3597  d3.loss_cls: 0.0137  d3.loss_bbox: 0.0548  d3.loss_iou: 0.3443  d4.loss_cls: 0.0135  d4.loss_bbox: 0.0539  d4.loss_iou: 0.3350
2026/03/26 16:20:01 - mmengine - INFO - Epoch(train) [66][150/238]  base_lr: 1.9237e-05 lr: 1.9237e-06  eta: 0:44:53  time: 0.6628  data_time: 0.0036  memory: 10691  grad_norm: 188.5246  loss: 2.7168  loss_cls: 0.0178  loss_bbox: 0.0539  loss_iou: 0.3320  d0.loss_cls: 0.0628  d0.loss_bbox: 0.0673  d0.loss_iou: 0.4286  d1.loss_cls: 0.0351  d1.loss_bbox: 0.0600  d1.loss_iou: 0.3813  d2.loss_cls: 0.0234  d2.loss_bbox: 0.0579  d2.loss_iou: 0.3648  d3.loss_cls: 0.0197  d3.loss_bbox: 0.0560  d3.loss_iou: 0.3486  d4.loss_cls: 0.0179  d4.loss_bbox: 0.0545  d4.loss_iou: 0.3352
2026/03/26 16:20:31 - mmengine - INFO - Epoch(train) [66][200/238]  base_lr: 1.9237e-05 lr: 1.9237e-06  eta: 0:44:12  time: 0.6092  data_time: 0.0038  memory: 10691  grad_norm: 188.9107  loss: 2.6920  loss_cls: 0.0137  loss_bbox: 0.0550  loss_iou: 0.3327  d0.loss_cls: 0.0601  d0.loss_bbox: 0.0690  d0.loss_iou: 0.4299  d1.loss_cls: 0.0269  d1.loss_bbox: 0.0619  d1.loss_iou: 0.3782  d2.loss_cls: 0.0187  d2.loss_bbox: 0.0587  d2.loss_iou: 0.3601  d3.loss_cls: 0.0144  d3.loss_bbox: 0.0571  d3.loss_iou: 0.3498  d4.loss_cls: 0.0132  d4.loss_bbox: 0.0556  d4.loss_iou: 0.3370
2026/03/26 16:20:53 - mmengine - INFO - Exp name: detr_r50_uatd_80e_pretrained_20260326_124055
2026/03/26 16:20:56 - mmengine - INFO - Epoch(val) [66][ 50/100]    eta: 0:00:02  time: 0.0563  data_time: 0.0158  memory: 10691  
2026/03/26 16:20:58 - mmengine - INFO - Epoch(val) [66][100/100]    eta: 0:00:00  time: 0.0514  data_time: 0.0105  memory: 1186  
2026/03/26 16:20:59 - mmengine - INFO - Evaluating bbox...
2026/03/26 16:21:03 - mmengine - INFO - bbox_mAP_copypaste: 0.315 0.743 0.188 0.379 0.316 0.345
2026/03/26 16:21:03 - mmengine - INFO - Epoch(val) [66][100/100]    coco/bbox_mAP: 0.3150  coco/bbox_mAP_50: 0.7430  coco/bbox_mAP_75: 0.1880  coco/bbox_mAP_s: 0.3790  coco/bbox_mAP_m: 0.3160  coco/bbox_mAP_l: 0.3450  data_time: 0.0131  time: 0.0539
2026/03/26 16:21:34 - mmengine - INFO - Epoch(train) [67][ 50/238]  base_lr: 1.7934e-05 lr: 1.7934e-06  eta: 0:42:59  time: 0.6327  data_time: 0.0107  memory: 10691  grad_norm: 185.8861  loss: 2.6704  loss_cls: 0.0158  loss_bbox: 0.0529  loss_iou: 0.3245  d0.loss_cls: 0.0636  d0.loss_bbox: 0.0669  d0.loss_iou: 0.4266  d1.loss_cls: 0.0347  d1.loss_bbox: 0.0594  d1.loss_iou: 0.3765  d2.loss_cls: 0.0226  d2.loss_bbox: 0.0567  d2.loss_iou: 0.3558  d3.loss_cls: 0.0173  d3.loss_bbox: 0.0550  d3.loss_iou: 0.3425  d4.loss_cls: 0.0160  d4.loss_bbox: 0.0536  d4.loss_iou: 0.3297
2026/03/26 16:22:05 - mmengine - INFO - Epoch(train) [67][100/238]  base_lr: 1.7934e-05 lr: 1.7934e-06  eta: 0:42:18  time: 0.6117  data_time: 0.0029  memory: 10691  grad_norm: 225.4652  loss: 2.6372  loss_cls: 0.0119  loss_bbox: 0.0526  loss_iou: 0.3275  d0.loss_cls: 0.0582  d0.loss_bbox: 0.0664  d0.loss_iou: 0.4235  d1.loss_cls: 0.0277  d1.loss_bbox: 0.0594  d1.loss_iou: 0.3756  d2.loss_cls: 0.0164  d2.loss_bbox: 0.0564  d2.loss_iou: 0.3553  d3.loss_cls: 0.0126  d3.loss_bbox: 0.0545  d3.loss_iou: 0.3443  d4.loss_cls: 0.0117  d4.loss_bbox: 0.0530  d4.loss_iou: 0.3301
2026/03/26 16:22:36 - mmengine - INFO - Epoch(train) [67][150/238]  base_lr: 1.7934e-05 lr: 1.7934e-06  eta: 0:41:37  time: 0.6154  data_time: 0.0027  memory: 10691  grad_norm: 175.6853  loss: 2.6404  loss_cls: 0.0139  loss_bbox: 0.0527  loss_iou: 0.3236  d0.loss_cls: 0.0575  d0.loss_bbox: 0.0665  d0.loss_iou: 0.4245  d1.loss_cls: 0.0295  d1.loss_bbox: 0.0593  d1.loss_iou: 0.3740  d2.loss_cls: 0.0191  d2.loss_bbox: 0.0568  d2.loss_iou: 0.3567  d3.loss_cls: 0.0145  d3.loss_bbox: 0.0548  d3.loss_iou: 0.3416  d4.loss_cls: 0.0139  d4.loss_bbox: 0.0534  d4.loss_iou: 0.3281
2026/03/26 16:23:07 - mmengine - INFO - Epoch(train) [67][200/238]  base_lr: 1.7934e-05 lr: 1.7934e-06  eta: 0:40:56  time: 0.6176  data_time: 0.0029  memory: 10691  grad_norm: 221.5246  loss: 2.6821  loss_cls: 0.0147  loss_bbox: 0.0546  loss_iou: 0.3295  d0.loss_cls: 0.0593  d0.loss_bbox: 0.0686  d0.loss_iou: 0.4303  d1.loss_cls: 0.0318  d1.loss_bbox: 0.0612  d1.loss_iou: 0.3785  d2.loss_cls: 0.0211  d2.loss_bbox: 0.0584  d2.loss_iou: 0.3566  d3.loss_cls: 0.0152  d3.loss_bbox: 0.0563  d3.loss_iou: 0.3440  d4.loss_cls: 0.0146  d4.loss_bbox: 0.0550  d4.loss_iou: 0.3323
2026/03/26 16:23:29 - mmengine - INFO - Exp name: detr_r50_uatd_80e_pretrained_20260326_124055
2026/03/26 16:24:01 - mmengine - INFO - Epoch(train) [68][ 50/238]  base_lr: 1.6632e-05 lr: 1.6632e-06  eta: 0:39:45  time: 0.6368  data_time: 0.0105  memory: 10691  grad_norm: 209.7210  loss: 2.6332  loss_cls: 0.0134  loss_bbox: 0.0523  loss_iou: 0.3221  d0.loss_cls: 0.0603  d0.loss_bbox: 0.0667  d0.loss_iou: 0.4242  d1.loss_cls: 0.0287  d1.loss_bbox: 0.0589  d1.loss_iou: 0.3737  d2.loss_cls: 0.0188  d2.loss_bbox: 0.0567  d2.loss_iou: 0.3559  d3.loss_cls: 0.0139  d3.loss_bbox: 0.0546  d3.loss_iou: 0.3411  d4.loss_cls: 0.0133  d4.loss_bbox: 0.0528  d4.loss_iou: 0.3259
2026/03/26 16:24:03 - mmengine - INFO - Exp name: detr_r50_uatd_80e_pretrained_20260326_124055
2026/03/26 16:24:32 - mmengine - INFO - Epoch(train) [68][100/238]  base_lr: 1.6632e-05 lr: 1.6632e-06  eta: 0:39:04  time: 0.6286  data_time: 0.0033  memory: 10691  grad_norm: 192.2999  loss: 2.6554  loss_cls: 0.0159  loss_bbox: 0.0526  loss_iou: 0.3222  d0.loss_cls: 0.0640  d0.loss_bbox: 0.0670  d0.loss_iou: 0.4232  d1.loss_cls: 0.0321  d1.loss_bbox: 0.0602  d1.loss_iou: 0.3772  d2.loss_cls: 0.0221  d2.loss_bbox: 0.0567  d2.loss_iou: 0.3541  d3.loss_cls: 0.0173  d3.loss_bbox: 0.0547  d3.loss_iou: 0.3395  d4.loss_cls: 0.0161  d4.loss_bbox: 0.0533  d4.loss_iou: 0.3272
2026/03/26 16:25:03 - mmengine - INFO - Epoch(train) [68][150/238]  base_lr: 1.6632e-05 lr: 1.6632e-06  eta: 0:38:23  time: 0.6127  data_time: 0.0034  memory: 10691  grad_norm: 201.9198  loss: 2.6373  loss_cls: 0.0150  loss_bbox: 0.0517  loss_iou: 0.3231  d0.loss_cls: 0.0676  d0.loss_bbox: 0.0648  d0.loss_iou: 0.4198  d1.loss_cls: 0.0329  d1.loss_bbox: 0.0580  d1.loss_iou: 0.3738  d2.loss_cls: 0.0216  d2.loss_bbox: 0.0551  d2.loss_iou: 0.3512  d3.loss_cls: 0.0158  d3.loss_bbox: 0.0537  d3.loss_iou: 0.3401  d4.loss_cls: 0.0148  d4.loss_bbox: 0.0522  d4.loss_iou: 0.3262
2026/03/26 16:25:34 - mmengine - INFO - Epoch(train) [68][200/238]  base_lr: 1.6632e-05 lr: 1.6632e-06  eta: 0:37:43  time: 0.6205  data_time: 0.0038  memory: 10691  grad_norm: 208.4406  loss: 2.6181  loss_cls: 0.0134  loss_bbox: 0.0523  loss_iou: 0.3227  d0.loss_cls: 0.0609  d0.loss_bbox: 0.0664  d0.loss_iou: 0.4203  d1.loss_cls: 0.0320  d1.loss_bbox: 0.0588  d1.loss_iou: 0.3667  d2.loss_cls: 0.0196  d2.loss_bbox: 0.0562  d2.loss_iou: 0.3508  d3.loss_cls: 0.0138  d3.loss_bbox: 0.0542  d3.loss_iou: 0.3373  d4.loss_cls: 0.0130  d4.loss_bbox: 0.0531  d4.loss_iou: 0.3264
2026/03/26 16:25:56 - mmengine - INFO - Exp name: detr_r50_uatd_80e_pretrained_20260326_124055
2026/03/26 16:25:59 - mmengine - INFO - Epoch(val) [68][ 50/100]    eta: 0:00:02  time: 0.0587  data_time: 0.0172  memory: 10691  
2026/03/26 16:26:03 - mmengine - INFO - Epoch(val) [68][100/100]    eta: 0:00:00  time: 0.0723  data_time: 0.0160  memory: 1186  
2026/03/26 16:26:04 - mmengine - INFO - Evaluating bbox...
2026/03/26 16:26:07 - mmengine - INFO - bbox_mAP_copypaste: 0.307 0.739 0.172 0.391 0.308 0.321
2026/03/26 16:26:07 - mmengine - INFO - Epoch(val) [68][100/100]    coco/bbox_mAP: 0.3070  coco/bbox_mAP_50: 0.7390  coco/bbox_mAP_75: 0.1720  coco/bbox_mAP_s: 0.3910  coco/bbox_mAP_m: 0.3080  coco/bbox_mAP_l: 0.3210  data_time: 0.0165  time: 0.0653
2026/03/26 16:26:41 - mmengine - INFO - Epoch(train) [69][ 50/238]  base_lr: 1.5329e-05 lr: 1.5329e-06  eta: 0:36:32  time: 0.6707  data_time: 0.0148  memory: 10691  grad_norm: 231.2261  loss: 2.6088  loss_cls: 0.0114  loss_bbox: 0.0513  loss_iou: 0.3216  d0.loss_cls: 0.0568  d0.loss_bbox: 0.0654  d0.loss_iou: 0.4248  d1.loss_cls: 0.0278  d1.loss_bbox: 0.0578  d1.loss_iou: 0.3724  d2.loss_cls: 0.0178  d2.loss_bbox: 0.0550  d2.loss_iou: 0.3531  d3.loss_cls: 0.0120  d3.loss_bbox: 0.0535  d3.loss_iou: 0.3387  d4.loss_cls: 0.0116  d4.loss_bbox: 0.0520  d4.loss_iou: 0.3257
2026/03/26 16:27:16 - mmengine - INFO - Epoch(train) [69][100/238]  base_lr: 1.5329e-05 lr: 1.5329e-06  eta: 0:35:52  time: 0.7008  data_time: 0.0036  memory: 10691  grad_norm: 181.1050  loss: 2.6318  loss_cls: 0.0156  loss_bbox: 0.0520  loss_iou: 0.3181  d0.loss_cls: 0.0652  d0.loss_bbox: 0.0669  d0.loss_iou: 0.4230  d1.loss_cls: 0.0310  d1.loss_bbox: 0.0593  d1.loss_iou: 0.3727  d2.loss_cls: 0.0218  d2.loss_bbox: 0.0560  d2.loss_iou: 0.3504  d3.loss_cls: 0.0165  d3.loss_bbox: 0.0540  d3.loss_iou: 0.3364  d4.loss_cls: 0.0154  d4.loss_bbox: 0.0528  d4.loss_iou: 0.3246
2026/03/26 16:27:49 - mmengine - INFO - Epoch(train) [69][150/238]  base_lr: 1.5329e-05 lr: 1.5329e-06  eta: 0:35:12  time: 0.6639  data_time: 0.0041  memory: 10691  grad_norm: 180.5814  loss: 2.6493  loss_cls: 0.0154  loss_bbox: 0.0525  loss_iou: 0.3224  d0.loss_cls: 0.0656  d0.loss_bbox: 0.0675  d0.loss_iou: 0.4275  d1.loss_cls: 0.0319  d1.loss_bbox: 0.0584  d1.loss_iou: 0.3707  d2.loss_cls: 0.0217  d2.loss_bbox: 0.0563  d2.loss_iou: 0.3540  d3.loss_cls: 0.0161  d3.loss_bbox: 0.0547  d3.loss_iou: 0.3392  d4.loss_cls: 0.0159  d4.loss_bbox: 0.0530  d4.loss_iou: 0.3266
2026/03/26 16:28:24 - mmengine - INFO - Epoch(train) [69][200/238]  base_lr: 1.5329e-05 lr: 1.5329e-06  eta: 0:34:32  time: 0.6925  data_time: 0.0040  memory: 10691  grad_norm: 188.8884  loss: 2.6266  loss_cls: 0.0144  loss_bbox: 0.0529  loss_iou: 0.3187  d0.loss_cls: 0.0602  d0.loss_bbox: 0.0684  d0.loss_iou: 0.4233  d1.loss_cls: 0.0307  d1.loss_bbox: 0.0604  d1.loss_iou: 0.3731  d2.loss_cls: 0.0203  d2.loss_bbox: 0.0573  d2.loss_iou: 0.3485  d3.loss_cls: 0.0154  d3.loss_bbox: 0.0552  d3.loss_iou: 0.3361  d4.loss_cls: 0.0143  d4.loss_bbox: 0.0537  d4.loss_iou: 0.3239
2026/03/26 16:28:46 - mmengine - INFO - Exp name: detr_r50_uatd_80e_pretrained_20260326_124055
2026/03/26 16:29:18 - mmengine - INFO - Epoch(train) [70][ 50/238]  base_lr: 1.4026e-05 lr: 1.4026e-06  eta: 0:33:21  time: 0.6537  data_time: 0.0081  memory: 10691  grad_norm: 187.1587  loss: 2.6243  loss_cls: 0.0149  loss_bbox: 0.0520  loss_iou: 0.3183  d0.loss_cls: 0.0617  d0.loss_bbox: 0.0670  d0.loss_iou: 0.4227  d1.loss_cls: 0.0323  d1.loss_bbox: 0.0585  d1.loss_iou: 0.3696  d2.loss_cls: 0.0211  d2.loss_bbox: 0.0560  d2.loss_iou: 0.3499  d3.loss_cls: 0.0163  d3.loss_bbox: 0.0543  d3.loss_iou: 0.3379  d4.loss_cls: 0.0150  d4.loss_bbox: 0.0531  d4.loss_iou: 0.3237
2026/03/26 16:29:49 - mmengine - INFO - Epoch(train) [70][100/238]  base_lr: 1.4026e-05 lr: 1.4026e-06  eta: 0:32:41  time: 0.6202  data_time: 0.0036  memory: 10691  grad_norm: 184.3141  loss: 2.5894  loss_cls: 0.0127  loss_bbox: 0.0514  loss_iou: 0.3164  d0.loss_cls: 0.0598  d0.loss_bbox: 0.0658  d0.loss_iou: 0.4197  d1.loss_cls: 0.0293  d1.loss_bbox: 0.0580  d1.loss_iou: 0.3672  d2.loss_cls: 0.0176  d2.loss_bbox: 0.0553  d2.loss_iou: 0.3488  d3.loss_cls: 0.0131  d3.loss_bbox: 0.0535  d3.loss_iou: 0.3346  d4.loss_cls: 0.0131  d4.loss_bbox: 0.0519  d4.loss_iou: 0.3211
2026/03/26 16:30:30 - mmengine - INFO - Epoch(train) [70][150/238]  base_lr: 1.4026e-05 lr: 1.4026e-06  eta: 0:32:02  time: 0.8196  data_time: 0.0044  memory: 10691  grad_norm: 203.2772  loss: 2.6233  loss_cls: 0.0150  loss_bbox: 0.0519  loss_iou: 0.3198  d0.loss_cls: 0.0636  d0.loss_bbox: 0.0667  d0.loss_iou: 0.4252  d1.loss_cls: 0.0300  d1.loss_bbox: 0.0592  d1.loss_iou: 0.3709  d2.loss_cls: 0.0201  d2.loss_bbox: 0.0557  d2.loss_iou: 0.3484  d3.loss_cls: 0.0159  d3.loss_bbox: 0.0537  d3.loss_iou: 0.3352  d4.loss_cls: 0.0152  d4.loss_bbox: 0.0524  d4.loss_iou: 0.3244
2026/03/26 16:31:10 - mmengine - INFO - Epoch(train) [70][200/238]  base_lr: 1.4026e-05 lr: 1.4026e-06  eta: 0:31:24  time: 0.7893  data_time: 0.0037  memory: 10691  grad_norm: 181.7948  loss: 2.5928  loss_cls: 0.0138  loss_bbox: 0.0509  loss_iou: 0.3158  d0.loss_cls: 0.0628  d0.loss_bbox: 0.0643  d0.loss_iou: 0.4188  d1.loss_cls: 0.0298  d1.loss_bbox: 0.0576  d1.loss_iou: 0.3716  d2.loss_cls: 0.0197  d2.loss_bbox: 0.0548  d2.loss_iou: 0.3471  d3.loss_cls: 0.0149  d3.loss_bbox: 0.0530  d3.loss_iou: 0.3324  d4.loss_cls: 0.0140  d4.loss_bbox: 0.0515  d4.loss_iou: 0.3200
2026/03/26 16:31:33 - mmengine - INFO - Exp name: detr_r50_uatd_80e_pretrained_20260326_124055
2026/03/26 16:31:38 - mmengine - INFO - Epoch(val) [70][ 50/100]    eta: 0:00:04  time: 0.0881  data_time: 0.0432  memory: 10691  
2026/03/26 16:31:43 - mmengine - INFO - Epoch(val) [70][100/100]    eta: 0:00:00  time: 0.1090  data_time: 0.0594  memory: 1186  
2026/03/26 16:31:45 - mmengine - INFO - Evaluating bbox...
2026/03/26 16:31:48 - mmengine - INFO - bbox_mAP_copypaste: 0.309 0.723 0.172 0.399 0.308 0.333
2026/03/26 16:31:48 - mmengine - INFO - Epoch(val) [70][100/100]    coco/bbox_mAP: 0.3090  coco/bbox_mAP_50: 0.7230  coco/bbox_mAP_75: 0.1720  coco/bbox_mAP_s: 0.3990  coco/bbox_mAP_m: 0.3080  coco/bbox_mAP_l: 0.3330  data_time: 0.0509  time: 0.0980
2026/03/26 16:32:26 - mmengine - INFO - Epoch(train) [71][ 50/238]  base_lr: 1.2724e-05 lr: 1.2724e-06  eta: 0:30:14  time: 0.7466  data_time: 0.0106  memory: 10691  grad_norm: 216.2140  loss: 2.6473  loss_cls: 0.0161  loss_bbox: 0.0518  loss_iou: 0.3251  d0.loss_cls: 0.0662  d0.loss_bbox: 0.0653  d0.loss_iou: 0.4223  d1.loss_cls: 0.0341  d1.loss_bbox: 0.0578  d1.loss_iou: 0.3705  d2.loss_cls: 0.0236  d2.loss_bbox: 0.0552  d2.loss_iou: 0.3508  d3.loss_cls: 0.0180  d3.loss_bbox: 0.0536  d3.loss_iou: 0.3398  d4.loss_cls: 0.0170  d4.loss_bbox: 0.0522  d4.loss_iou: 0.3280
2026/03/26 16:33:04 - mmengine - INFO - Epoch(train) [71][100/238]  base_lr: 1.2724e-05 lr: 1.2724e-06  eta: 0:29:35  time: 0.7754  data_time: 0.0046  memory: 10691  grad_norm: 175.6049  loss: 2.5699  loss_cls: 0.0110  loss_bbox: 0.0519  loss_iou: 0.3135  d0.loss_cls: 0.0536  d0.loss_bbox: 0.0673  d0.loss_iou: 0.4246  d1.loss_cls: 0.0289  d1.loss_bbox: 0.0584  d1.loss_iou: 0.3652  d2.loss_cls: 0.0161  d2.loss_bbox: 0.0563  d2.loss_iou: 0.3461  d3.loss_cls: 0.0117  d3.loss_bbox: 0.0541  d3.loss_iou: 0.3306  d4.loss_cls: 0.0109  d4.loss_bbox: 0.0525  d4.loss_iou: 0.3174
2026/03/26 16:33:50 - mmengine - INFO - Epoch(train) [71][150/238]  base_lr: 1.2724e-05 lr: 1.2724e-06  eta: 0:28:57  time: 0.9108  data_time: 0.0048  memory: 10691  grad_norm: 167.1076  loss: 2.5773  loss_cls: 0.0094  loss_bbox: 0.0516  loss_iou: 0.3168  d0.loss_cls: 0.0561  d0.loss_bbox: 0.0661  d0.loss_iou: 0.4223  d1.loss_cls: 0.0262  d1.loss_bbox: 0.0585  d1.loss_iou: 0.3657  d2.loss_cls: 0.0164  d2.loss_bbox: 0.0560  d2.loss_iou: 0.3498  d3.loss_cls: 0.0113  d3.loss_bbox: 0.0538  d3.loss_iou: 0.3348  d4.loss_cls: 0.0102  d4.loss_bbox: 0.0520  d4.loss_iou: 0.3204
2026/03/26 16:34:29 - mmengine - INFO - Epoch(train) [71][200/238]  base_lr: 1.2724e-05 lr: 1.2724e-06  eta: 0:28:18  time: 0.7883  data_time: 0.0044  memory: 10691  grad_norm: 209.3107  loss: 2.6422  loss_cls: 0.0164  loss_bbox: 0.0524  loss_iou: 0.3215  d0.loss_cls: 0.0576  d0.loss_bbox: 0.0676  d0.loss_iou: 0.4267  d1.loss_cls: 0.0307  d1.loss_bbox: 0.0596  d1.loss_iou: 0.3741  d2.loss_cls: 0.0216  d2.loss_bbox: 0.0565  d2.loss_iou: 0.3538  d3.loss_cls: 0.0175  d3.loss_bbox: 0.0541  d3.loss_iou: 0.3372  d4.loss_cls: 0.0170  d4.loss_bbox: 0.0529  d4.loss_iou: 0.3248
2026/03/26 16:34:58 - mmengine - INFO - Exp name: detr_r50_uatd_80e_pretrained_20260326_124055
2026/03/26 16:35:40 - mmengine - INFO - Epoch(train) [72][ 50/238]  base_lr: 1.1421e-05 lr: 1.1421e-06  eta: 0:27:10  time: 0.8351  data_time: 0.0149  memory: 10691  grad_norm: 205.1452  loss: 2.6024  loss_cls: 0.0166  loss_bbox: 0.0509  loss_iou: 0.3149  d0.loss_cls: 0.0626  d0.loss_bbox: 0.0661  d0.loss_iou: 0.4211  d1.loss_cls: 0.0317  d1.loss_bbox: 0.0582  d1.loss_iou: 0.3664  d2.loss_cls: 0.0222  d2.loss_bbox: 0.0549  d2.loss_iou: 0.3459  d3.loss_cls: 0.0174  d3.loss_bbox: 0.0529  d3.loss_iou: 0.3332  d4.loss_cls: 0.0169  d4.loss_bbox: 0.0515  d4.loss_iou: 0.3189
2026/03/26 16:36:21 - mmengine - INFO - Epoch(train) [72][100/238]  base_lr: 1.1421e-05 lr: 1.1421e-06  eta: 0:26:31  time: 0.8290  data_time: 0.0043  memory: 10691  grad_norm: 168.7155  loss: 2.5940  loss_cls: 0.0151  loss_bbox: 0.0507  loss_iou: 0.3148  d0.loss_cls: 0.0606  d0.loss_bbox: 0.0657  d0.loss_iou: 0.4233  d1.loss_cls: 0.0306  d1.loss_bbox: 0.0581  d1.loss_iou: 0.3639  d2.loss_cls: 0.0209  d2.loss_bbox: 0.0553  d2.loss_iou: 0.3476  d3.loss_cls: 0.0161  d3.loss_bbox: 0.0528  d3.loss_iou: 0.3320  d4.loss_cls: 0.0147  d4.loss_bbox: 0.0516  d4.loss_iou: 0.3202
2026/03/26 16:36:23 - mmengine - INFO - Exp name: detr_r50_uatd_80e_pretrained_20260326_124055
2026/03/26 16:37:02 - mmengine - INFO - Epoch(train) [72][150/238]  base_lr: 1.1421e-05 lr: 1.1421e-06  eta: 0:25:52  time: 0.8273  data_time: 0.0040  memory: 10691  grad_norm: 170.1897  loss: 2.5578  loss_cls: 0.0108  loss_bbox: 0.0507  loss_iou: 0.3127  d0.loss_cls: 0.0551  d0.loss_bbox: 0.0662  d0.loss_iou: 0.4233  d1.loss_cls: 0.0258  d1.loss_bbox: 0.0575  d1.loss_iou: 0.3668  d2.loss_cls: 0.0155  d2.loss_bbox: 0.0545  d2.loss_iou: 0.3443  d3.loss_cls: 0.0111  d3.loss_bbox: 0.0525  d3.loss_iou: 0.3309  d4.loss_cls: 0.0109  d4.loss_bbox: 0.0512  d4.loss_iou: 0.3181
2026/03/26 16:37:42 - mmengine - INFO - Epoch(train) [72][200/238]  base_lr: 1.1421e-05 lr: 1.1421e-06  eta: 0:25:13  time: 0.7880  data_time: 0.0039  memory: 10691  grad_norm: 175.9754  loss: 2.5757  loss_cls: 0.0133  loss_bbox: 0.0504  loss_iou: 0.3131  d0.loss_cls: 0.0585  d0.loss_bbox: 0.0652  d0.loss_iou: 0.4188  d1.loss_cls: 0.0286  d1.loss_bbox: 0.0579  d1.loss_iou: 0.3684  d2.loss_cls: 0.0193  d2.loss_bbox: 0.0546  d2.loss_iou: 0.3460  d3.loss_cls: 0.0147  d3.loss_bbox: 0.0526  d3.loss_iou: 0.3315  d4.loss_cls: 0.0140  d4.loss_bbox: 0.0511  d4.loss_iou: 0.3177
2026/03/26 16:38:07 - mmengine - INFO - Exp name: detr_r50_uatd_80e_pretrained_20260326_124055
2026/03/26 16:38:14 - mmengine - INFO - Epoch(val) [72][ 50/100]    eta: 0:00:06  time: 0.1392  data_time: 0.0323  memory: 10691  
2026/03/26 16:38:19 - mmengine - INFO - Epoch(val) [72][100/100]    eta: 0:00:00  time: 0.0874  data_time: 0.0199  memory: 1186  
2026/03/26 16:38:20 - mmengine - INFO - Evaluating bbox...
2026/03/26 16:38:23 - mmengine - INFO - bbox_mAP_copypaste: 0.315 0.752 0.174 0.414 0.315 0.338
2026/03/26 16:38:23 - mmengine - INFO - Epoch(val) [72][100/100]    coco/bbox_mAP: 0.3150  coco/bbox_mAP_50: 0.7520  coco/bbox_mAP_75: 0.1740  coco/bbox_mAP_s: 0.4140  coco/bbox_mAP_m: 0.3150  coco/bbox_mAP_l: 0.3380  data_time: 0.0259  time: 0.1126
2026/03/26 16:38:59 - mmengine - INFO - Epoch(train) [73][ 50/238]  base_lr: 1.0118e-05 lr: 1.0118e-06  eta: 0:24:04  time: 0.7102  data_time: 0.0121  memory: 10691  grad_norm: 199.3517  loss: 2.5695  loss_cls: 0.0167  loss_bbox: 0.0501  loss_iou: 0.3071  d0.loss_cls: 0.0579  d0.loss_bbox: 0.0657  d0.loss_iou: 0.4196  d1.loss_cls: 0.0317  d1.loss_bbox: 0.0573  d1.loss_iou: 0.3636  d2.loss_cls: 0.0225  d2.loss_bbox: 0.0549  d2.loss_iou: 0.3452  d3.loss_cls: 0.0173  d3.loss_bbox: 0.0526  d3.loss_iou: 0.3274  d4.loss_cls: 0.0164  d4.loss_bbox: 0.0509  d4.loss_iou: 0.3126
2026/03/26 16:39:35 - mmengine - INFO - Epoch(train) [73][100/238]  base_lr: 1.0118e-05 lr: 1.0118e-06  eta: 0:23:25  time: 0.7166  data_time: 0.0037  memory: 10691  grad_norm: 187.3451  loss: 2.5567  loss_cls: 0.0148  loss_bbox: 0.0498  loss_iou: 0.3103  d0.loss_cls: 0.0610  d0.loss_bbox: 0.0645  d0.loss_iou: 0.4166  d1.loss_cls: 0.0290  d1.loss_bbox: 0.0575  d1.loss_iou: 0.3630  d2.loss_cls: 0.0206  d2.loss_bbox: 0.0542  d2.loss_iou: 0.3424  d3.loss_cls: 0.0158  d3.loss_bbox: 0.0520  d3.loss_iou: 0.3252  d4.loss_cls: 0.0150  d4.loss_bbox: 0.0506  d4.loss_iou: 0.3142
2026/03/26 16:40:19 - mmengine - INFO - Epoch(train) [73][150/238]  base_lr: 1.0118e-05 lr: 1.0118e-06  eta: 0:22:46  time: 0.8850  data_time: 0.0046  memory: 10691  grad_norm: 189.8268  loss: 2.5786  loss_cls: 0.0117  loss_bbox: 0.0509  loss_iou: 0.3143  d0.loss_cls: 0.0585  d0.loss_bbox: 0.0662  d0.loss_iou: 0.4248  d1.loss_cls: 0.0271  d1.loss_bbox: 0.0582  d1.loss_iou: 0.3681  d2.loss_cls: 0.0165  d2.loss_bbox: 0.0552  d2.loss_iou: 0.3472  d3.loss_cls: 0.0122  d3.loss_bbox: 0.0528  d3.loss_iou: 0.3327  d4.loss_cls: 0.0116  d4.loss_bbox: 0.0514  d4.loss_iou: 0.3192
2026/03/26 16:41:00 - mmengine - INFO - Epoch(train) [73][200/238]  base_lr: 1.0118e-05 lr: 1.0118e-06  eta: 0:22:07  time: 0.8180  data_time: 0.0044  memory: 10691  grad_norm: 159.9293  loss: 2.5771  loss_cls: 0.0099  loss_bbox: 0.0516  loss_iou: 0.3159  d0.loss_cls: 0.0577  d0.loss_bbox: 0.0660  d0.loss_iou: 0.4213  d1.loss_cls: 0.0258  d1.loss_bbox: 0.0585  d1.loss_iou: 0.3680  d2.loss_cls: 0.0164  d2.loss_bbox: 0.0559  d2.loss_iou: 0.3474  d3.loss_cls: 0.0112  d3.loss_bbox: 0.0540  d3.loss_iou: 0.3350  d4.loss_cls: 0.0108  d4.loss_bbox: 0.0522  d4.loss_iou: 0.3195
2026/03/26 16:41:29 - mmengine - INFO - Exp name: detr_r50_uatd_80e_pretrained_20260326_124055
2026/03/26 16:42:13 - mmengine - INFO - Epoch(train) [74][ 50/238]  base_lr: 8.8158e-06 lr: 8.8158e-07  eta: 0:20:59  time: 0.8926  data_time: 0.0144  memory: 10691  grad_norm: 197.2231  loss: 2.5247  loss_cls: 0.0116  loss_bbox: 0.0498  loss_iou: 0.3057  d0.loss_cls: 0.0541  d0.loss_bbox: 0.0657  d0.loss_iou: 0.4182  d1.loss_cls: 0.0258  d1.loss_bbox: 0.0572  d1.loss_iou: 0.3598  d2.loss_cls: 0.0177  d2.loss_bbox: 0.0546  d2.loss_iou: 0.3396  d3.loss_cls: 0.0124  d3.loss_bbox: 0.0522  d3.loss_iou: 0.3265  d4.loss_cls: 0.0113  d4.loss_bbox: 0.0506  d4.loss_iou: 0.3121
2026/03/26 16:42:53 - mmengine - INFO - Epoch(train) [74][100/238]  base_lr: 8.8158e-06 lr: 8.8158e-07  eta: 0:20:20  time: 0.7997  data_time: 0.0043  memory: 10691  grad_norm: 166.2697  loss: 2.5284  loss_cls: 0.0116  loss_bbox: 0.0494  loss_iou: 0.3077  d0.loss_cls: 0.0555  d0.loss_bbox: 0.0642  d0.loss_iou: 0.4196  d1.loss_cls: 0.0282  d1.loss_bbox: 0.0560  d1.loss_iou: 0.3585  d2.loss_cls: 0.0173  d2.loss_bbox: 0.0535  d2.loss_iou: 0.3402  d3.loss_cls: 0.0136  d3.loss_bbox: 0.0515  d3.loss_iou: 0.3263  d4.loss_cls: 0.0118  d4.loss_bbox: 0.0502  d4.loss_iou: 0.3132
2026/03/26 16:43:31 - mmengine - INFO - Epoch(train) [74][150/238]  base_lr: 8.8158e-06 lr: 8.8158e-07  eta: 0:19:41  time: 0.7487  data_time: 0.0041  memory: 10691  grad_norm: 174.4798  loss: 2.5771  loss_cls: 0.0154  loss_bbox: 0.0502  loss_iou: 0.3086  d0.loss_cls: 0.0609  d0.loss_bbox: 0.0659  d0.loss_iou: 0.4204  d1.loss_cls: 0.0318  d1.loss_bbox: 0.0577  d1.loss_iou: 0.3678  d2.loss_cls: 0.0231  d2.loss_bbox: 0.0547  d2.loss_iou: 0.3434  d3.loss_cls: 0.0169  d3.loss_bbox: 0.0524  d3.loss_iou: 0.3267  d4.loss_cls: 0.0158  d4.loss_bbox: 0.0511  d4.loss_iou: 0.3144
2026/03/26 16:44:09 - mmengine - INFO - Epoch(train) [74][200/238]  base_lr: 8.8158e-06 lr: 8.8158e-07  eta: 0:19:02  time: 0.7697  data_time: 0.0044  memory: 10691  grad_norm: 164.0929  loss: 2.5555  loss_cls: 0.0109  loss_bbox: 0.0508  loss_iou: 0.3125  d0.loss_cls: 0.0517  d0.loss_bbox: 0.0662  d0.loss_iou: 0.4245  d1.loss_cls: 0.0257  d1.loss_bbox: 0.0578  d1.loss_iou: 0.3633  d2.loss_cls: 0.0164  d2.loss_bbox: 0.0550  d2.loss_iou: 0.3468  d3.loss_cls: 0.0117  d3.loss_bbox: 0.0526  d3.loss_iou: 0.3298  d4.loss_cls: 0.0111  d4.loss_bbox: 0.0513  d4.loss_iou: 0.3172
2026/03/26 16:44:32 - mmengine - INFO - Exp name: detr_r50_uatd_80e_pretrained_20260326_124055
2026/03/26 16:44:37 - mmengine - INFO - Epoch(val) [74][ 50/100]    eta: 0:00:04  time: 0.0868  data_time: 0.0214  memory: 10691  
2026/03/26 16:44:41 - mmengine - INFO - Epoch(val) [74][100/100]    eta: 0:00:00  time: 0.0783  data_time: 0.0292  memory: 1186  
2026/03/26 16:44:42 - mmengine - INFO - Evaluating bbox...
2026/03/26 16:44:45 - mmengine - INFO - bbox_mAP_copypaste: 0.313 0.748 0.173 0.392 0.311 0.340
2026/03/26 16:44:45 - mmengine - INFO - Epoch(val) [74][100/100]    coco/bbox_mAP: 0.3130  coco/bbox_mAP_50: 0.7480  coco/bbox_mAP_75: 0.1730  coco/bbox_mAP_s: 0.3920  coco/bbox_mAP_m: 0.3110  coco/bbox_mAP_l: 0.3400  data_time: 0.0252  time: 0.0823
2026/03/26 16:45:20 - mmengine - INFO - Epoch(train) [75][ 50/238]  base_lr: 7.5132e-06 lr: 7.5132e-07  eta: 0:17:53  time: 0.6927  data_time: 0.0093  memory: 10691  grad_norm: 193.8849  loss: 2.5230  loss_cls: 0.0161  loss_bbox: 0.0491  loss_iou: 0.3012  d0.loss_cls: 0.0619  d0.loss_bbox: 0.0653  d0.loss_iou: 0.4172  d1.loss_cls: 0.0313  d1.loss_bbox: 0.0561  d1.loss_iou: 0.3541  d2.loss_cls: 0.0222  d2.loss_bbox: 0.0534  d2.loss_iou: 0.3341  d3.loss_cls: 0.0172  d3.loss_bbox: 0.0513  d3.loss_iou: 0.3201  d4.loss_cls: 0.0164  d4.loss_bbox: 0.0496  d4.loss_iou: 0.3062
2026/03/26 16:45:57 - mmengine - INFO - Epoch(train) [75][100/238]  base_lr: 7.5132e-06 lr: 7.5132e-07  eta: 0:17:14  time: 0.7440  data_time: 0.0043  memory: 10691  grad_norm: 173.1676  loss: 2.5679  loss_cls: 0.0136  loss_bbox: 0.0504  loss_iou: 0.3108  d0.loss_cls: 0.0568  d0.loss_bbox: 0.0658  d0.loss_iou: 0.4248  d1.loss_cls: 0.0281  d1.loss_bbox: 0.0577  d1.loss_iou: 0.3674  d2.loss_cls: 0.0194  d2.loss_bbox: 0.0545  d2.loss_iou: 0.3419  d3.loss_cls: 0.0141  d3.loss_bbox: 0.0527  d3.loss_iou: 0.3281  d4.loss_cls: 0.0137  d4.loss_bbox: 0.0514  d4.loss_iou: 0.3167
2026/03/26 16:46:40 - mmengine - INFO - Epoch(train) [75][150/238]  base_lr: 7.5132e-06 lr: 7.5132e-07  eta: 0:16:35  time: 0.8667  data_time: 0.0043  memory: 10691  grad_norm: 196.3445  loss: 2.4982  loss_cls: 0.0095  loss_bbox: 0.0500  loss_iou: 0.3056  d0.loss_cls: 0.0483  d0.loss_bbox: 0.0658  d0.loss_iou: 0.4209  d1.loss_cls: 0.0226  d1.loss_bbox: 0.0564  d1.loss_iou: 0.3593  d2.loss_cls: 0.0124  d2.loss_bbox: 0.0539  d2.loss_iou: 0.3395  d3.loss_cls: 0.0097  d3.loss_bbox: 0.0522  d3.loss_iou: 0.3227  d4.loss_cls: 0.0089  d4.loss_bbox: 0.0507  d4.loss_iou: 0.3097
2026/03/26 16:47:20 - mmengine - INFO - Epoch(train) [75][200/238]  base_lr: 7.5132e-06 lr: 7.5132e-07  eta: 0:15:56  time: 0.8024  data_time: 0.0043  memory: 10691  grad_norm: 193.9662  loss: 2.5729  loss_cls: 0.0166  loss_bbox: 0.0493  loss_iou: 0.3093  d0.loss_cls: 0.0599  d0.loss_bbox: 0.0664  d0.loss_iou: 0.4233  d1.loss_cls: 0.0331  d1.loss_bbox: 0.0568  d1.loss_iou: 0.3613  d2.loss_cls: 0.0232  d2.loss_bbox: 0.0533  d2.loss_iou: 0.3381  d3.loss_cls: 0.0180  d3.loss_bbox: 0.0518  d3.loss_iou: 0.3293  d4.loss_cls: 0.0170  d4.loss_bbox: 0.0502  d4.loss_iou: 0.3158
2026/03/26 16:47:43 - mmengine - INFO - Exp name: detr_r50_uatd_80e_pretrained_20260326_124055
2026/03/26 16:48:29 - mmengine - INFO - Epoch(train) [76][ 50/238]  base_lr: 6.2105e-06 lr: 6.2105e-07  eta: 0:14:48  time: 0.9127  data_time: 0.0230  memory: 10691  grad_norm: 172.0311  loss: 2.5006  loss_cls: 0.0134  loss_bbox: 0.0484  loss_iou: 0.2994  d0.loss_cls: 0.0566  d0.loss_bbox: 0.0646  d0.loss_iou: 0.4175  d1.loss_cls: 0.0277  d1.loss_bbox: 0.0558  d1.loss_iou: 0.3566  d2.loss_cls: 0.0203  d2.loss_bbox: 0.0529  d2.loss_iou: 0.3337  d3.loss_cls: 0.0148  d3.loss_bbox: 0.0507  d3.loss_iou: 0.3197  d4.loss_cls: 0.0140  d4.loss_bbox: 0.0491  d4.loss_iou: 0.3052
2026/03/26 16:49:10 - mmengine - INFO - Epoch(train) [76][100/238]  base_lr: 6.2105e-06 lr: 6.2105e-07  eta: 0:14:09  time: 0.8203  data_time: 0.0043  memory: 10691  grad_norm: 164.4095  loss: 2.5247  loss_cls: 0.0144  loss_bbox: 0.0497  loss_iou: 0.3019  d0.loss_cls: 0.0574  d0.loss_bbox: 0.0660  d0.loss_iou: 0.4220  d1.loss_cls: 0.0295  d1.loss_bbox: 0.0570  d1.loss_iou: 0.3568  d2.loss_cls: 0.0210  d2.loss_bbox: 0.0541  d2.loss_iou: 0.3347  d3.loss_cls: 0.0158  d3.loss_bbox: 0.0518  d3.loss_iou: 0.3204  d4.loss_cls: 0.0143  d4.loss_bbox: 0.0502  d4.loss_iou: 0.3076
2026/03/26 16:49:49 - mmengine - INFO - Exp name: detr_r50_uatd_80e_pretrained_20260326_124055
2026/03/26 16:49:49 - mmengine - INFO - Epoch(train) [76][150/238]  base_lr: 6.2105e-06 lr: 6.2105e-07  eta: 0:13:30  time: 0.7881  data_time: 0.0043  memory: 10691  grad_norm: 171.4217  loss: 2.5690  loss_cls: 0.0133  loss_bbox: 0.0501  loss_iou: 0.3104  d0.loss_cls: 0.0614  d0.loss_bbox: 0.0655  d0.loss_iou: 0.4239  d1.loss_cls: 0.0298  d1.loss_bbox: 0.0575  d1.loss_iou: 0.3665  d2.loss_cls: 0.0184  d2.loss_bbox: 0.0541  d2.loss_iou: 0.3444  d3.loss_cls: 0.0145  d3.loss_bbox: 0.0521  d3.loss_iou: 0.3286  d4.loss_cls: 0.0141  d4.loss_bbox: 0.0507  d4.loss_iou: 0.3135
2026/03/26 16:50:35 - mmengine - INFO - Epoch(train) [76][200/238]  base_lr: 6.2105e-06 lr: 6.2105e-07  eta: 0:12:51  time: 0.9168  data_time: 0.0049  memory: 10691  grad_norm: 178.9192  loss: 2.4799  loss_cls: 0.0100  loss_bbox: 0.0489  loss_iou: 0.3034  d0.loss_cls: 0.0537  d0.loss_bbox: 0.0639  d0.loss_iou: 0.4142  d1.loss_cls: 0.0261  d1.loss_bbox: 0.0552  d1.loss_iou: 0.3539  d2.loss_cls: 0.0156  d2.loss_bbox: 0.0523  d2.loss_iou: 0.3320  d3.loss_cls: 0.0111  d3.loss_bbox: 0.0508  d3.loss_iou: 0.3215  d4.loss_cls: 0.0100  d4.loss_bbox: 0.0495  d4.loss_iou: 0.3078
2026/03/26 16:51:04 - mmengine - INFO - Exp name: detr_r50_uatd_80e_pretrained_20260326_124055
2026/03/26 16:51:13 - mmengine - INFO - Epoch(val) [76][ 50/100]    eta: 0:00:08  time: 0.1651  data_time: 0.0362  memory: 10691  
2026/03/26 16:51:18 - mmengine - INFO - Epoch(val) [76][100/100]    eta: 0:00:00  time: 0.1078  data_time: 0.0252  memory: 1186  
2026/03/26 16:51:19 - mmengine - INFO - Evaluating bbox...
2026/03/26 16:51:22 - mmengine - INFO - bbox_mAP_copypaste: 0.319 0.747 0.184 0.394 0.320 0.342
2026/03/26 16:51:22 - mmengine - INFO - Epoch(val) [76][100/100]    coco/bbox_mAP: 0.3190  coco/bbox_mAP_50: 0.7470  coco/bbox_mAP_75: 0.1840  coco/bbox_mAP_s: 0.3940  coco/bbox_mAP_m: 0.3200  coco/bbox_mAP_l: 0.3420  data_time: 0.0304  time: 0.1356
2026/03/26 16:52:13 - mmengine - INFO - Epoch(train) [77][ 50/238]  base_lr: 4.9079e-06 lr: 4.9079e-07  eta: 0:11:43  time: 1.0154  data_time: 0.0180  memory: 10691  grad_norm: 167.9421  loss: 2.5420  loss_cls: 0.0150  loss_bbox: 0.0500  loss_iou: 0.3079  d0.loss_cls: 0.0597  d0.loss_bbox: 0.0651  d0.loss_iou: 0.4135  d1.loss_cls: 0.0309  d1.loss_bbox: 0.0576  d1.loss_iou: 0.3602  d2.loss_cls: 0.0206  d2.loss_bbox: 0.0541  d2.loss_iou: 0.3370  d3.loss_cls: 0.0165  d3.loss_bbox: 0.0523  d3.loss_iou: 0.3242  d4.loss_cls: 0.0147  d4.loss_bbox: 0.0507  d4.loss_iou: 0.3122
2026/03/26 16:53:04 - mmengine - INFO - Epoch(train) [77][100/238]  base_lr: 4.9079e-06 lr: 4.9079e-07  eta: 0:11:05  time: 1.0165  data_time: 0.0057  memory: 10691  grad_norm: 178.2391  loss: 2.5105  loss_cls: 0.0130  loss_bbox: 0.0483  loss_iou: 0.3016  d0.loss_cls: 0.0598  d0.loss_bbox: 0.0632  d0.loss_iou: 0.4119  d1.loss_cls: 0.0293  d1.loss_bbox: 0.0557  d1.loss_iou: 0.3595  d2.loss_cls: 0.0191  d2.loss_bbox: 0.0528  d2.loss_iou: 0.3372  d3.loss_cls: 0.0142  d3.loss_bbox: 0.0509  d3.loss_iou: 0.3232  d4.loss_cls: 0.0129  d4.loss_bbox: 0.0491  d4.loss_iou: 0.3088
2026/03/26 16:53:53 - mmengine - INFO - Epoch(train) [77][150/238]  base_lr: 4.9079e-06 lr: 4.9079e-07  eta: 0:10:26  time: 0.9704  data_time: 0.0057  memory: 10691  grad_norm: 166.3990  loss: 2.5653  loss_cls: 0.0129  loss_bbox: 0.0506  loss_iou: 0.3081  d0.loss_cls: 0.0578  d0.loss_bbox: 0.0657  d0.loss_iou: 0.4209  d1.loss_cls: 0.0284  d1.loss_bbox: 0.0584  d1.loss_iou: 0.3658  d2.loss_cls: 0.0194  d2.loss_bbox: 0.0555  d2.loss_iou: 0.3464  d3.loss_cls: 0.0141  d3.loss_bbox: 0.0532  d3.loss_iou: 0.3293  d4.loss_cls: 0.0126  d4.loss_bbox: 0.0516  d4.loss_iou: 0.3146
2026/03/26 16:54:39 - mmengine - INFO - Epoch(train) [77][200/238]  base_lr: 4.9079e-06 lr: 4.9079e-07  eta: 0:09:47  time: 0.9310  data_time: 0.0066  memory: 10691  grad_norm: 153.8281  loss: 2.5144  loss_cls: 0.0123  loss_bbox: 0.0492  loss_iou: 0.3059  d0.loss_cls: 0.0560  d0.loss_bbox: 0.0641  d0.loss_iou: 0.4106  d1.loss_cls: 0.0265  d1.loss_bbox: 0.0565  d1.loss_iou: 0.3624  d2.loss_cls: 0.0178  d2.loss_bbox: 0.0531  d2.loss_iou: 0.3364  d3.loss_cls: 0.0128  d3.loss_bbox: 0.0515  d3.loss_iou: 0.3252  d4.loss_cls: 0.0128  d4.loss_bbox: 0.0500  d4.loss_iou: 0.3113
2026/03/26 16:55:03 - mmengine - INFO - Exp name: detr_r50_uatd_80e_pretrained_20260326_124055
2026/03/26 16:55:48 - mmengine - INFO - Epoch(train) [78][ 50/238]  base_lr: 3.6053e-06 lr: 3.6053e-07  eta: 0:08:39  time: 0.8989  data_time: 0.0235  memory: 10691  grad_norm: 173.7354  loss: 2.5112  loss_cls: 0.0123  loss_bbox: 0.0485  loss_iou: 0.3029  d0.loss_cls: 0.0605  d0.loss_bbox: 0.0630  d0.loss_iou: 0.4153  d1.loss_cls: 0.0301  d1.loss_bbox: 0.0557  d1.loss_iou: 0.3587  d2.loss_cls: 0.0196  d2.loss_bbox: 0.0525  d2.loss_iou: 0.3373  d3.loss_cls: 0.0134  d3.loss_bbox: 0.0506  d3.loss_iou: 0.3215  d4.loss_cls: 0.0124  d4.loss_bbox: 0.0491  d4.loss_iou: 0.3078
2026/03/26 16:56:31 - mmengine - INFO - Epoch(train) [78][100/238]  base_lr: 3.6053e-06 lr: 3.6053e-07  eta: 0:08:00  time: 0.8446  data_time: 0.0038  memory: 10691  grad_norm: 168.1997  loss: 2.5317  loss_cls: 0.0176  loss_bbox: 0.0496  loss_iou: 0.3040  d0.loss_cls: 0.0591  d0.loss_bbox: 0.0649  d0.loss_iou: 0.4108  d1.loss_cls: 0.0305  d1.loss_bbox: 0.0573  d1.loss_iou: 0.3556  d2.loss_cls: 0.0219  d2.loss_bbox: 0.0548  d2.loss_iou: 0.3397  d3.loss_cls: 0.0180  d3.loss_bbox: 0.0520  d3.loss_iou: 0.3213  d4.loss_cls: 0.0172  d4.loss_bbox: 0.0501  d4.loss_iou: 0.3073
2026/03/26 16:57:08 - mmengine - INFO - Epoch(train) [78][150/238]  base_lr: 3.6053e-06 lr: 3.6053e-07  eta: 0:07:21  time: 0.7562  data_time: 0.0043  memory: 10691  grad_norm: 157.9735  loss: 2.5000  loss_cls: 0.0139  loss_bbox: 0.0487  loss_iou: 0.3001  d0.loss_cls: 0.0585  d0.loss_bbox: 0.0638  d0.loss_iou: 0.4118  d1.loss_cls: 0.0305  d1.loss_bbox: 0.0564  d1.loss_iou: 0.3610  d2.loss_cls: 0.0203  d2.loss_bbox: 0.0529  d2.loss_iou: 0.3330  d3.loss_cls: 0.0152  d3.loss_bbox: 0.0508  d3.loss_iou: 0.3179  d4.loss_cls: 0.0145  d4.loss_bbox: 0.0491  d4.loss_iou: 0.3015
2026/03/26 16:57:46 - mmengine - INFO - Epoch(train) [78][200/238]  base_lr: 3.6053e-06 lr: 3.6053e-07  eta: 0:06:41  time: 0.7586  data_time: 0.0042  memory: 10691  grad_norm: 167.9636  loss: 2.5033  loss_cls: 0.0112  loss_bbox: 0.0492  loss_iou: 0.3039  d0.loss_cls: 0.0534  d0.loss_bbox: 0.0647  d0.loss_iou: 0.4202  d1.loss_cls: 0.0276  d1.loss_bbox: 0.0565  d1.loss_iou: 0.3593  d2.loss_cls: 0.0164  d2.loss_bbox: 0.0530  d2.loss_iou: 0.3334  d3.loss_cls: 0.0110  d3.loss_bbox: 0.0516  d3.loss_iou: 0.3229  d4.loss_cls: 0.0110  d4.loss_bbox: 0.0498  d4.loss_iou: 0.3082
2026/03/26 16:58:14 - mmengine - INFO - Exp name: detr_r50_uatd_80e_pretrained_20260326_124055
2026/03/26 16:58:21 - mmengine - INFO - Epoch(val) [78][ 50/100]    eta: 0:00:07  time: 0.1426  data_time: 0.0378  memory: 10691  
2026/03/26 16:58:25 - mmengine - INFO - Epoch(val) [78][100/100]    eta: 0:00:00  time: 0.0732  data_time: 0.0177  memory: 1186  
2026/03/26 16:58:26 - mmengine - INFO - Evaluating bbox...
2026/03/26 16:58:31 - mmengine - INFO - bbox_mAP_copypaste: 0.321 0.746 0.183 0.422 0.322 0.335
2026/03/26 16:58:31 - mmengine - INFO - Epoch(val) [78][100/100]    coco/bbox_mAP: 0.3210  coco/bbox_mAP_50: 0.7460  coco/bbox_mAP_75: 0.1830  coco/bbox_mAP_s: 0.4220  coco/bbox_mAP_m: 0.3220  coco/bbox_mAP_l: 0.3350  data_time: 0.0276  time: 0.1074
2026/03/26 16:59:25 - mmengine - INFO - Epoch(train) [79][ 50/238]  base_lr: 2.3026e-06 lr: 2.3026e-07  eta: 0:05:33  time: 1.0685  data_time: 0.0410  memory: 10691  grad_norm: 158.9670  loss: 2.5354  loss_cls: 0.0183  loss_bbox: 0.0492  loss_iou: 0.3010  d0.loss_cls: 0.0610  d0.loss_bbox: 0.0649  d0.loss_iou: 0.4172  d1.loss_cls: 0.0346  d1.loss_bbox: 0.0560  d1.loss_iou: 0.3559  d2.loss_cls: 0.0247  d2.loss_bbox: 0.0534  d2.loss_iou: 0.3347  d3.loss_cls: 0.0189  d3.loss_bbox: 0.0514  d3.loss_iou: 0.3192  d4.loss_cls: 0.0184  d4.loss_bbox: 0.0500  d4.loss_iou: 0.3067
2026/03/26 17:00:15 - mmengine - INFO - Epoch(train) [79][100/238]  base_lr: 2.3026e-06 lr: 2.3026e-07  eta: 0:04:54  time: 1.0055  data_time: 0.0052  memory: 10691  grad_norm: 164.1944  loss: 2.4626  loss_cls: 0.0095  loss_bbox: 0.0482  loss_iou: 0.3007  d0.loss_cls: 0.0542  d0.loss_bbox: 0.0639  d0.loss_iou: 0.4110  d1.loss_cls: 0.0236  d1.loss_bbox: 0.0559  d1.loss_iou: 0.3576  d2.loss_cls: 0.0144  d2.loss_bbox: 0.0525  d2.loss_iou: 0.3311  d3.loss_cls: 0.0094  d3.loss_bbox: 0.0505  d3.loss_iou: 0.3178  d4.loss_cls: 0.0093  d4.loss_bbox: 0.0488  d4.loss_iou: 0.3044
2026/03/26 17:01:10 - mmengine - INFO - Epoch(train) [79][150/238]  base_lr: 2.3026e-06 lr: 2.3026e-07  eta: 0:04:15  time: 1.0992  data_time: 0.0064  memory: 10691  grad_norm: 158.0411  loss: 2.4540  loss_cls: 0.0110  loss_bbox: 0.0475  loss_iou: 0.2960  d0.loss_cls: 0.0535  d0.loss_bbox: 0.0647  d0.loss_iou: 0.4195  d1.loss_cls: 0.0237  d1.loss_bbox: 0.0555  d1.loss_iou: 0.3529  d2.loss_cls: 0.0154  d2.loss_bbox: 0.0521  d2.loss_iou: 0.3302  d3.loss_cls: 0.0119  d3.loss_bbox: 0.0495  d3.loss_iou: 0.3105  d4.loss_cls: 0.0115  d4.loss_bbox: 0.0481  d4.loss_iou: 0.3006
2026/03/26 17:02:07 - mmengine - INFO - Epoch(train) [79][200/238]  base_lr: 2.3026e-06 lr: 2.3026e-07  eta: 0:03:36  time: 1.1408  data_time: 0.0066  memory: 10691  grad_norm: 152.1136  loss: 2.5066  loss_cls: 0.0144  loss_bbox: 0.0494  loss_iou: 0.3009  d0.loss_cls: 0.0603  d0.loss_bbox: 0.0639  d0.loss_iou: 0.4128  d1.loss_cls: 0.0296  d1.loss_bbox: 0.0563  d1.loss_iou: 0.3554  d2.loss_cls: 0.0204  d2.loss_bbox: 0.0536  d2.loss_iou: 0.3349  d3.loss_cls: 0.0157  d3.loss_bbox: 0.0514  d3.loss_iou: 0.3178  d4.loss_cls: 0.0147  d4.loss_bbox: 0.0498  d4.loss_iou: 0.3052
2026/03/26 17:02:46 - mmengine - INFO - Exp name: detr_r50_uatd_80e_pretrained_20260326_124055
2026/03/26 17:03:49 - mmengine - INFO - Epoch(train) [80][ 50/238]  base_lr: 1.0000e-06 lr: 1.0000e-07  eta: 0:02:27  time: 1.2570  data_time: 0.0653  memory: 10691  grad_norm: 153.0164  loss: 2.5077  loss_cls: 0.0142  loss_bbox: 0.0482  loss_iou: 0.3000  d0.loss_cls: 0.0601  d0.loss_bbox: 0.0636  d0.loss_iou: 0.4152  d1.loss_cls: 0.0291  d1.loss_bbox: 0.0557  d1.loss_iou: 0.3591  d2.loss_cls: 0.0196  d2.loss_bbox: 0.0526  d2.loss_iou: 0.3359  d3.loss_cls: 0.0160  d3.loss_bbox: 0.0504  d3.loss_iou: 0.3197  d4.loss_cls: 0.0143  d4.loss_bbox: 0.0489  d4.loss_iou: 0.3051
2026/03/26 17:04:50 - mmengine - INFO - Epoch(train) [80][100/238]  base_lr: 1.0000e-06 lr: 1.0000e-07  eta: 0:01:48  time: 1.2176  data_time: 0.0088  memory: 10691  grad_norm: 137.1745  loss: 2.4715  loss_cls: 0.0125  loss_bbox: 0.0485  loss_iou: 0.2988  d0.loss_cls: 0.0561  d0.loss_bbox: 0.0640  d0.loss_iou: 0.4133  d1.loss_cls: 0.0253  d1.loss_bbox: 0.0550  d1.loss_iou: 0.3524  d2.loss_cls: 0.0170  d2.loss_bbox: 0.0522  d2.loss_iou: 0.3315  d3.loss_cls: 0.0136  d3.loss_bbox: 0.0503  d3.loss_iou: 0.3164  d4.loss_cls: 0.0132  d4.loss_bbox: 0.0488  d4.loss_iou: 0.3026
2026/03/26 17:05:46 - mmengine - INFO - Epoch(train) [80][150/238]  base_lr: 1.0000e-06 lr: 1.0000e-07  eta: 0:01:09  time: 1.1169  data_time: 0.0068  memory: 10691  grad_norm: 144.3349  loss: 2.5143  loss_cls: 0.0124  loss_bbox: 0.0502  loss_iou: 0.3063  d0.loss_cls: 0.0544  d0.loss_bbox: 0.0651  d0.loss_iou: 0.4099  d1.loss_cls: 0.0274  d1.loss_bbox: 0.0577  d1.loss_iou: 0.3607  d2.loss_cls: 0.0183  d2.loss_bbox: 0.0544  d2.loss_iou: 0.3359  d3.loss_cls: 0.0139  d3.loss_bbox: 0.0521  d3.loss_iou: 0.3225  d4.loss_cls: 0.0118  d4.loss_bbox: 0.0506  d4.loss_iou: 0.3107
2026/03/26 17:06:42 - mmengine - INFO - Exp name: detr_r50_uatd_80e_pretrained_20260326_124055
2026/03/26 17:06:45 - mmengine - INFO - Epoch(train) [80][200/238]  base_lr: 1.0000e-06 lr: 1.0000e-07  eta: 0:00:30  time: 1.1783  data_time: 0.0067  memory: 10691  grad_norm: 153.6075  loss: 2.4788  loss_cls: 0.0134  loss_bbox: 0.0482  loss_iou: 0.2997  d0.loss_cls: 0.0594  d0.loss_bbox: 0.0628  d0.loss_iou: 0.4058  d1.loss_cls: 0.0286  d1.loss_bbox: 0.0551  d1.loss_iou: 0.3544  d2.loss_cls: 0.0195  d2.loss_bbox: 0.0518  d2.loss_iou: 0.3315  d3.loss_cls: 0.0143  d3.loss_bbox: 0.0501  d3.loss_iou: 0.3165  d4.loss_cls: 0.0140  d4.loss_bbox: 0.0488  d4.loss_iou: 0.3049
2026/03/26 17:07:16 - mmengine - INFO - Exp name: detr_r50_uatd_80e_pretrained_20260326_124055
2026/03/26 17:07:16 - mmengine - INFO - Saving checkpoint at 80 epochs
2026/03/26 17:07:25 - mmengine - INFO - Epoch(val) [80][ 50/100]    eta: 0:00:05  time: 0.1045  data_time: 0.0267  memory: 10691  
2026/03/26 17:07:29 - mmengine - INFO - Epoch(val) [80][100/100]    eta: 0:00:00  time: 0.0879  data_time: 0.0203  memory: 1186  
2026/03/26 17:07:30 - mmengine - INFO - Evaluating bbox...
2026/03/26 17:07:34 - mmengine - INFO - bbox_mAP_copypaste: 0.316 0.748 0.181 0.376 0.316 0.337
2026/03/26 17:07:34 - mmengine - INFO - Epoch(val) [80][100/100]    coco/bbox_mAP: 0.3160  coco/bbox_mAP_50: 0.7480  coco/bbox_mAP_75: 0.1810  coco/bbox_mAP_s: 0.3760  coco/bbox_mAP_m: 0.3160  coco/bbox_mAP_l: 0.3370  data_time: 0.0234  time: 0.0958
