bag_id,bag_name,original_timestamp_ns,relative_time_s,source_path,dest_path
bag1,2024-08-20_13-55-34,1724154939663752900,2.529,raw_processed/all_images/2024-08-20_13-55-34/1724154939663752900.jpg,solaqua_labeled_fish/images/bag1_1724154939663752900.jpg
bag1,2024-08-20_13-55-34,1724154939815898400,2.682,raw_processed/all_images/2024-08-20_13-55-34/1724154939815898400.jpg,solaqua_labeled_fish/images/bag1_1724154939815898400.jpg
bag1,2024-08-20_13-55-34,1724154939982997400,2.849,raw_processed/all_images/2024-08-20_13-55-34/1724154939982997400.jpg,solaqua_labeled_fish/images/bag1_1724154939982997400.jpg
bag1,2024-08-20_13-55-34,1724154940136635800,3.002,raw_processed/all_images/2024-08-20_13-55-34/1724154940136635800.jpg,solaqua_labeled_fish/images/bag1_1724154940136635800.jpg
bag1,2024-08-20_13-55-34,1724154940316778100,3.182,raw_processed/all_images/2024-08-20_13-55-34/1724154940316778100.jpg,solaqua_labeled_fish/images/bag1_1724154940316778100.jpg
bag1,2024-08-20_13-55-34,1724154940456608900,3.322,raw_processed/all_images/2024-08-20_13-55-34/1724154940456608900.jpg,solaqua_labeled_fish/images/bag1_1724154940456608900.jpg
bag1,2024-08-20_13-55-34,1724154940627238800,3.493,raw_processed/all_images/2024-08-20_13-55-34/1724154940627238800.jpg,solaqua_labeled_fish/images/bag1_1724154940627238800.jpg
bag1,2024-08-20_13-55-34,1724154940776255200,3.642,raw_processed/all_images/2024-08-20_13-55-34/1724154940776255200.jpg,solaqua_labeled_fish/images/bag1_1724154940776255200.jpg
bag1,2024-08-20_13-55-34,1724154940932343900,3.798,raw_processed/all_images/2024-08-20_13-55-34/1724154940932343900.jpg,solaqua_labeled_fish/images/bag1_1724154940932343900.jpg
bag1,2024-08-20_13-55-34,1724154941098489800,3.964,raw_processed/all_images/2024-08-20_13-55-34/1724154941098489800.jpg,solaqua_labeled_fish/images/bag1_1724154941098489800.jpg
bag1,2024-08-20_13-55-34,1724154967259993400,30.126,raw_processed/all_images/2024-08-20_13-55-34/1724154967259993400.jpg,solaqua_labeled_fish/images/bag1_1724154967259993400.jpg
bag1,2024-08-20_13-55-34,1724154967412693900,30.278,raw_processed/all_images/2024-08-20_13-55-34/1724154967412693900.jpg,solaqua_labeled_fish/images/bag1_1724154967412693900.jpg
bag1,2024-08-20_13-55-34,1724154967581444400,30.447,raw_processed/all_images/2024-08-20_13-55-34/1724154967581444400.jpg,solaqua_labeled_fish/images/bag1_1724154967581444400.jpg
bag1,2024-08-20_13-55-34,1724154967734296600,30.600,raw_processed/all_images/2024-08-20_13-55-34/1724154967734296600.jpg,solaqua_labeled_fish/images/bag1_1724154967734296600.jpg
bag1,2024-08-20_13-55-34,1724154967903539200,30.769,raw_processed/all_images/2024-08-20_13-55-34/1724154967903539200.jpg,solaqua_labeled_fish/images/bag1_1724154967903539200.jpg
bag1,2024-08-20_13-55-34,1724154968056795900,30.922,raw_processed/all_images/2024-08-20_13-55-34/1724154968056795900.jpg,solaqua_labeled_fish/images/bag1_1724154968056795900.jpg
bag1,2024-08-20_13-55-34,1724154968222104700,31.088,raw_processed/all_images/2024-08-20_13-55-34/1724154968222104700.jpg,solaqua_labeled_fish/images/bag1_1724154968222104700.jpg
bag1,2024-08-20_13-55-34,1724154968377721200,31.243,raw_processed/all_images/2024-08-20_13-55-34/1724154968377721200.jpg,solaqua_labeled_fish/images/bag1_1724154968377721200.jpg
bag1,2024-08-20_13-55-34,1724154968541819100,31.407,raw_processed/all_images/2024-08-20_13-55-34/1724154968541819100.jpg,solaqua_labeled_fish/images/bag1_1724154968541819100.jpg
bag1,2024-08-20_13-55-34,1724154968693886300,31.560,raw_processed/all_images/2024-08-20_13-55-34/1724154968693886300.jpg,solaqua_labeled_fish/images/bag1_1724154968693886300.jpg
bag1,2024-08-20_13-55-34,1724154968860295100,31.726,raw_processed/all_images/2024-08-20_13-55-34/1724154968860295100.jpg,solaqua_labeled_fish/images/bag1_1724154968860295100.jpg
bag1,2024-08-20_13-55-34,1724154969015023300,31.881,raw_processed/all_images/2024-08-20_13-55-34/1724154969015023300.jpg,solaqua_labeled_fish/images/bag1_1724154969015023300.jpg
bag1,2024-08-20_13-55-34,1724154969181689700,32.047,raw_processed/all_images/2024-08-20_13-55-34/1724154969181689700.jpg,solaqua_labeled_fish/images/bag1_1724154969181689700.jpg
bag1,2024-08-20_13-55-34,1724154969332182400,32.198,raw_processed/all_images/2024-08-20_13-55-34/1724154969332182400.jpg,solaqua_labeled_fish/images/bag1_1724154969332182400.jpg
bag1,2024-08-20_13-55-34,1724154969500936300,32.367,raw_processed/all_images/2024-08-20_13-55-34/1724154969500936300.jpg,solaqua_labeled_fish/images/bag1_1724154969500936300.jpg
bag1,2024-08-20_13-55-34,1724154969664208500,32.530,raw_processed/all_images/2024-08-20_13-55-34/1724154969664208500.jpg,solaqua_labeled_fish/images/bag1_1724154969664208500.jpg
bag1,2024-08-20_13-55-34,1724154969821356600,32.687,raw_processed/all_images/2024-08-20_13-55-34/1724154969821356600.jpg,solaqua_labeled_fish/images/bag1_1724154969821356600.jpg
bag1,2024-08-20_13-55-34,1724154969972543500,32.838,raw_processed/all_images/2024-08-20_13-55-34/1724154969972543500.jpg,solaqua_labeled_fish/images/bag1_1724154969972543500.jpg
bag1,2024-08-20_13-55-34,1724154970143658100,33.009,raw_processed/all_images/2024-08-20_13-55-34/1724154970143658100.jpg,solaqua_labeled_fish/images/bag1_1724154970143658100.jpg
bag1,2024-08-20_13-55-34,1724154970296894100,33.163,raw_processed/all_images/2024-08-20_13-55-34/1724154970296894100.jpg,solaqua_labeled_fish/images/bag1_1724154970296894100.jpg
bag1,2024-08-20_13-55-34,1724154970463662600,33.329,raw_processed/all_images/2024-08-20_13-55-34/1724154970463662600.jpg,solaqua_labeled_fish/images/bag1_1724154970463662600.jpg
bag1,2024-08-20_13-55-34,1724154970616734800,33.482,raw_processed/all_images/2024-08-20_13-55-34/1724154970616734800.jpg,solaqua_labeled_fish/images/bag1_1724154970616734800.jpg
bag1,2024-08-20_13-55-34,1724154970787042000,33.653,raw_processed/all_images/2024-08-20_13-55-34/1724154970787042000.jpg,solaqua_labeled_fish/images/bag1_1724154970787042000.jpg
bag1,2024-08-20_13-55-34,1724154970940872600,33.807,raw_processed/all_images/2024-08-20_13-55-34/1724154970940872600.jpg,solaqua_labeled_fish/images/bag1_1724154970940872600.jpg
bag1,2024-08-20_13-55-34,1724154971094100200,33.960,raw_processed/all_images/2024-08-20_13-55-34/1724154971094100200.jpg,solaqua_labeled_fish/images/bag1_1724154971094100200.jpg
bag1,2024-08-20_13-55-34,1724154971261051800,34.127,raw_processed/all_images/2024-08-20_13-55-34/1724154971261051800.jpg,solaqua_labeled_fish/images/bag1_1724154971261051800.jpg
bag1,2024-08-20_13-55-34,1724154971414384100,34.280,raw_processed/all_images/2024-08-20_13-55-34/1724154971414384100.jpg,solaqua_labeled_fish/images/bag1_1724154971414384100.jpg
bag1,2024-08-20_13-55-34,1724154971580762600,34.446,raw_processed/all_images/2024-08-20_13-55-34/1724154971580762600.jpg,solaqua_labeled_fish/images/bag1_1724154971580762600.jpg
bag1,2024-08-20_13-55-34,1724154971733501200,34.599,raw_processed/all_images/2024-08-20_13-55-34/1724154971733501200.jpg,solaqua_labeled_fish/images/bag1_1724154971733501200.jpg
bag1,2024-08-20_13-55-34,1724154971901865000,34.767,raw_processed/all_images/2024-08-20_13-55-34/1724154971901865000.jpg,solaqua_labeled_fish/images/bag1_1724154971901865000.jpg
bag1,2024-08-20_13-55-34,1724154972053439700,34.919,raw_processed/all_images/2024-08-20_13-55-34/1724154972053439700.jpg,solaqua_labeled_fish/images/bag1_1724154972053439700.jpg
bag1,2024-08-20_13-55-34,1724154972219520900,35.085,raw_processed/all_images/2024-08-20_13-55-34/1724154972219520900.jpg,solaqua_labeled_fish/images/bag1_1724154972219520900.jpg
bag1,2024-08-20_13-55-34,1724154972372166800,35.238,raw_processed/all_images/2024-08-20_13-55-34/1724154972372166800.jpg,solaqua_labeled_fish/images/bag1_1724154972372166800.jpg
bag1,2024-08-20_13-55-34,1724154972542369900,35.408,raw_processed/all_images/2024-08-20_13-55-34/1724154972542369900.jpg,solaqua_labeled_fish/images/bag1_1724154972542369900.jpg
bag1,2024-08-20_13-55-34,1724154972692237500,35.558,raw_processed/all_images/2024-08-20_13-55-34/1724154972692237500.jpg,solaqua_labeled_fish/images/bag1_1724154972692237500.jpg
bag1,2024-08-20_13-55-34,1724154972857313300,35.723,raw_processed/all_images/2024-08-20_13-55-34/1724154972857313300.jpg,solaqua_labeled_fish/images/bag1_1724154972857313300.jpg
bag1,2024-08-20_13-55-34,1724154973013153400,35.879,raw_processed/all_images/2024-08-20_13-55-34/1724154973013153400.jpg,solaqua_labeled_fish/images/bag1_1724154973013153400.jpg
bag1,2024-08-20_13-55-34,1724154973180026700,36.046,raw_processed/all_images/2024-08-20_13-55-34/1724154973180026700.jpg,solaqua_labeled_fish/images/bag1_1724154973180026700.jpg
bag1,2024-08-20_13-55-34,1724154973331215100,36.197,raw_processed/all_images/2024-08-20_13-55-34/1724154973331215100.jpg,solaqua_labeled_fish/images/bag1_1724154973331215100.jpg
bag1,2024-08-20_13-55-34,1724154973498278600,36.364,raw_processed/all_images/2024-08-20_13-55-34/1724154973498278600.jpg,solaqua_labeled_fish/images/bag1_1724154973498278600.jpg
bag1,2024-08-20_13-55-34,1724154973651232000,36.517,raw_processed/all_images/2024-08-20_13-55-34/1724154973651232000.jpg,solaqua_labeled_fish/images/bag1_1724154973651232000.jpg
bag1,2024-08-20_13-55-34,1724154973818095000,36.684,raw_processed/all_images/2024-08-20_13-55-34/1724154973818095000.jpg,solaqua_labeled_fish/images/bag1_1724154973818095000.jpg
bag1,2024-08-20_13-55-34,1724154973971441300,36.837,raw_processed/all_images/2024-08-20_13-55-34/1724154973971441300.jpg,solaqua_labeled_fish/images/bag1_1724154973971441300.jpg
bag1,2024-08-20_13-55-34,1724154974142204500,37.008,raw_processed/all_images/2024-08-20_13-55-34/1724154974142204500.jpg,solaqua_labeled_fish/images/bag1_1724154974142204500.jpg
bag1,2024-08-20_13-55-34,1724154974291809100,37.157,raw_processed/all_images/2024-08-20_13-55-34/1724154974291809100.jpg,solaqua_labeled_fish/images/bag1_1724154974291809100.jpg
bag1,2024-08-20_13-55-34,1724154974460967900,37.327,raw_processed/all_images/2024-08-20_13-55-34/1724154974460967900.jpg,solaqua_labeled_fish/images/bag1_1724154974460967900.jpg
bag1,2024-08-20_13-55-34,1724154974611904200,37.478,raw_processed/all_images/2024-08-20_13-55-34/1724154974611904200.jpg,solaqua_labeled_fish/images/bag1_1724154974611904200.jpg
bag1,2024-08-20_13-55-34,1724154974777202200,37.643,raw_processed/all_images/2024-08-20_13-55-34/1724154974777202200.jpg,solaqua_labeled_fish/images/bag1_1724154974777202200.jpg
bag1,2024-08-20_13-55-34,1724154974932099100,37.798,raw_processed/all_images/2024-08-20_13-55-34/1724154974932099100.jpg,solaqua_labeled_fish/images/bag1_1724154974932099100.jpg
bag1,2024-08-20_13-55-34,1724154975100674800,37.966,raw_processed/all_images/2024-08-20_13-55-34/1724154975100674800.jpg,solaqua_labeled_fish/images/bag1_1724154975100674800.jpg
bag1,2024-08-20_13-55-34,1724154975253956000,38.120,raw_processed/all_images/2024-08-20_13-55-34/1724154975253956000.jpg,solaqua_labeled_fish/images/bag1_1724154975253956000.jpg
bag1,2024-08-20_13-55-34,1724154975423442600,38.289,raw_processed/all_images/2024-08-20_13-55-34/1724154975423442600.jpg,solaqua_labeled_fish/images/bag1_1724154975423442600.jpg
bag1,2024-08-20_13-55-34,1724154975572629600,38.438,raw_processed/all_images/2024-08-20_13-55-34/1724154975572629600.jpg,solaqua_labeled_fish/images/bag1_1724154975572629600.jpg
bag1,2024-08-20_13-55-34,1724154975739801100,38.605,raw_processed/all_images/2024-08-20_13-55-34/1724154975739801100.jpg,solaqua_labeled_fish/images/bag1_1724154975739801100.jpg
bag1,2024-08-20_13-55-34,1724154975906373300,38.772,raw_processed/all_images/2024-08-20_13-55-34/1724154975906373300.jpg,solaqua_labeled_fish/images/bag1_1724154975906373300.jpg
bag1,2024-08-20_13-55-34,1724154976058761800,38.924,raw_processed/all_images/2024-08-20_13-55-34/1724154976058761800.jpg,solaqua_labeled_fish/images/bag1_1724154976058761800.jpg
bag1,2024-08-20_13-55-34,1724154976224539800,39.090,raw_processed/all_images/2024-08-20_13-55-34/1724154976224539800.jpg,solaqua_labeled_fish/images/bag1_1724154976224539800.jpg
bag1,2024-08-20_13-55-34,1724154976373231500,39.239,raw_processed/all_images/2024-08-20_13-55-34/1724154976373231500.jpg,solaqua_labeled_fish/images/bag1_1724154976373231500.jpg
bag1,2024-08-20_13-55-34,1724154976542216300,39.408,raw_processed/all_images/2024-08-20_13-55-34/1724154976542216300.jpg,solaqua_labeled_fish/images/bag1_1724154976542216300.jpg
bag1,2024-08-20_13-55-34,1724154976697618900,39.563,raw_processed/all_images/2024-08-20_13-55-34/1724154976697618900.jpg,solaqua_labeled_fish/images/bag1_1724154976697618900.jpg
bag1,2024-08-20_13-55-34,1724154976864097600,39.730,raw_processed/all_images/2024-08-20_13-55-34/1724154976864097600.jpg,solaqua_labeled_fish/images/bag1_1724154976864097600.jpg
bag1,2024-08-20_13-55-34,1724154977012882900,39.879,raw_processed/all_images/2024-08-20_13-55-34/1724154977012882900.jpg,solaqua_labeled_fish/images/bag1_1724154977012882900.jpg
bag2,2024-08-20_13-57-42,1724155072144622200,7.006,raw_processed/all_images/2024-08-20_13-57-42/1724155072144622200.jpg,solaqua_labeled_fish/images/bag2_1724155072144622200.jpg
bag2,2024-08-20_13-57-42,1724155072298361200,7.160,raw_processed/all_images/2024-08-20_13-57-42/1724155072298361200.jpg,solaqua_labeled_fish/images/bag2_1724155072298361200.jpg
bag2,2024-08-20_13-57-42,1724155072465993000,7.327,raw_processed/all_images/2024-08-20_13-57-42/1724155072465993000.jpg,solaqua_labeled_fish/images/bag2_1724155072465993000.jpg
bag2,2024-08-20_13-57-42,1724155072615870000,7.477,raw_processed/all_images/2024-08-20_13-57-42/1724155072615870000.jpg,solaqua_labeled_fish/images/bag2_1724155072615870000.jpg
bag2,2024-08-20_13-57-42,1724155072782228100,7.643,raw_processed/all_images/2024-08-20_13-57-42/1724155072782228100.jpg,solaqua_labeled_fish/images/bag2_1724155072782228100.jpg
bag2,2024-08-20_13-57-42,1724155072933828500,7.795,raw_processed/all_images/2024-08-20_13-57-42/1724155072933828500.jpg,solaqua_labeled_fish/images/bag2_1724155072933828500.jpg
bag2,2024-08-20_13-57-42,1724155073104290700,7.966,raw_processed/all_images/2024-08-20_13-57-42/1724155073104290700.jpg,solaqua_labeled_fish/images/bag2_1724155073104290700.jpg
bag2,2024-08-20_13-57-42,1724155073255645600,8.117,raw_processed/all_images/2024-08-20_13-57-42/1724155073255645600.jpg,solaqua_labeled_fish/images/bag2_1724155073255645600.jpg
bag2,2024-08-20_13-57-42,1724155073423403800,8.285,raw_processed/all_images/2024-08-20_13-57-42/1724155073423403800.jpg,solaqua_labeled_fish/images/bag2_1724155073423403800.jpg
bag2,2024-08-20_13-57-42,1724155073575016000,8.436,raw_processed/all_images/2024-08-20_13-57-42/1724155073575016000.jpg,solaqua_labeled_fish/images/bag2_1724155073575016000.jpg
bag2,2024-08-20_13-57-42,1724155073745623000,8.607,raw_processed/all_images/2024-08-20_13-57-42/1724155073745623000.jpg,solaqua_labeled_fish/images/bag2_1724155073745623000.jpg
bag2,2024-08-20_13-57-42,1724155073896910400,8.758,raw_processed/all_images/2024-08-20_13-57-42/1724155073896910400.jpg,solaqua_labeled_fish/images/bag2_1724155073896910400.jpg
bag2,2024-08-20_13-57-42,1724155074063844100,8.925,raw_processed/all_images/2024-08-20_13-57-42/1724155074063844100.jpg,solaqua_labeled_fish/images/bag2_1724155074063844100.jpg
bag2,2024-08-20_13-57-42,1724155074215498200,9.077,raw_processed/all_images/2024-08-20_13-57-42/1724155074215498200.jpg,solaqua_labeled_fish/images/bag2_1724155074215498200.jpg
bag2,2024-08-20_13-57-42,1724155074382744800,9.244,raw_processed/all_images/2024-08-20_13-57-42/1724155074382744800.jpg,solaqua_labeled_fish/images/bag2_1724155074382744800.jpg
bag2,2024-08-20_13-57-42,1724155074542987200,9.404,raw_processed/all_images/2024-08-20_13-57-42/1724155074542987200.jpg,solaqua_labeled_fish/images/bag2_1724155074542987200.jpg
bag2,2024-08-20_13-57-42,1724155074704958300,9.566,raw_processed/all_images/2024-08-20_13-57-42/1724155074704958300.jpg,solaqua_labeled_fish/images/bag2_1724155074704958300.jpg
bag2,2024-08-20_13-57-42,1724155074855809300,9.717,raw_processed/all_images/2024-08-20_13-57-42/1724155074855809300.jpg,solaqua_labeled_fish/images/bag2_1724155074855809300.jpg
bag2,2024-08-20_13-57-42,1724155075020580200,9.882,raw_processed/all_images/2024-08-20_13-57-42/1724155075020580200.jpg,solaqua_labeled_fish/images/bag2_1724155075020580200.jpg
bag2,2024-08-20_13-57-42,1724155075174502100,10.036,raw_processed/all_images/2024-08-20_13-57-42/1724155075174502100.jpg,solaqua_labeled_fish/images/bag2_1724155075174502100.jpg
bag2,2024-08-20_13-57-42,1724155075343459600,10.205,raw_processed/all_images/2024-08-20_13-57-42/1724155075343459600.jpg,solaqua_labeled_fish/images/bag2_1724155075343459600.jpg
bag2,2024-08-20_13-57-42,1724155075495522500,10.357,raw_processed/all_images/2024-08-20_13-57-42/1724155075495522500.jpg,solaqua_labeled_fish/images/bag2_1724155075495522500.jpg
bag2,2024-08-20_13-57-42,1724155075663336900,10.525,raw_processed/all_images/2024-08-20_13-57-42/1724155075663336900.jpg,solaqua_labeled_fish/images/bag2_1724155075663336900.jpg
bag2,2024-08-20_13-57-42,1724155075815333300,10.677,raw_processed/all_images/2024-08-20_13-57-42/1724155075815333300.jpg,solaqua_labeled_fish/images/bag2_1724155075815333300.jpg
bag2,2024-08-20_13-57-42,1724155075985445700,10.847,raw_processed/all_images/2024-08-20_13-57-42/1724155075985445700.jpg,solaqua_labeled_fish/images/bag2_1724155075985445700.jpg
bag2,2024-08-20_13-57-42,1724155076134787600,10.996,raw_processed/all_images/2024-08-20_13-57-42/1724155076134787600.jpg,solaqua_labeled_fish/images/bag2_1724155076134787600.jpg
bag2,2024-08-20_13-57-42,1724155076307894200,11.169,raw_processed/all_images/2024-08-20_13-57-42/1724155076307894200.jpg,solaqua_labeled_fish/images/bag2_1724155076307894200.jpg
bag2,2024-08-20_13-57-42,1724155076454355800,11.316,raw_processed/all_images/2024-08-20_13-57-42/1724155076454355800.jpg,solaqua_labeled_fish/images/bag2_1724155076454355800.jpg
bag2,2024-08-20_13-57-42,1724155076621056600,11.482,raw_processed/all_images/2024-08-20_13-57-42/1724155076621056600.jpg,solaqua_labeled_fish/images/bag2_1724155076621056600.jpg
bag2,2024-08-20_13-57-42,1724155076772997600,11.634,raw_processed/all_images/2024-08-20_13-57-42/1724155076772997600.jpg,solaqua_labeled_fish/images/bag2_1724155076772997600.jpg
bag2,2024-08-20_13-57-42,1724155076941231900,11.802,raw_processed/all_images/2024-08-20_13-57-42/1724155076941231900.jpg,solaqua_labeled_fish/images/bag2_1724155076941231900.jpg
bag2,2024-08-20_13-57-42,1724155077095009600,11.956,raw_processed/all_images/2024-08-20_13-57-42/1724155077095009600.jpg,solaqua_labeled_fish/images/bag2_1724155077095009600.jpg
bag2,2024-08-20_13-57-42,1724155077267279600,12.129,raw_processed/all_images/2024-08-20_13-57-42/1724155077267279600.jpg,solaqua_labeled_fish/images/bag2_1724155077267279600.jpg
bag2,2024-08-20_13-57-42,1724155077415896500,12.277,raw_processed/all_images/2024-08-20_13-57-42/1724155077415896500.jpg,solaqua_labeled_fish/images/bag2_1724155077415896500.jpg
bag2,2024-08-20_13-57-42,1724155077583062300,12.444,raw_processed/all_images/2024-08-20_13-57-42/1724155077583062300.jpg,solaqua_labeled_fish/images/bag2_1724155077583062300.jpg
bag2,2024-08-20_13-57-42,1724155077734680400,12.596,raw_processed/all_images/2024-08-20_13-57-42/1724155077734680400.jpg,solaqua_labeled_fish/images/bag2_1724155077734680400.jpg
bag2,2024-08-20_13-57-42,1724155077903489400,12.765,raw_processed/all_images/2024-08-20_13-57-42/1724155077903489400.jpg,solaqua_labeled_fish/images/bag2_1724155077903489400.jpg
bag2,2024-08-20_13-57-42,1724155078055934900,12.917,raw_processed/all_images/2024-08-20_13-57-42/1724155078055934900.jpg,solaqua_labeled_fish/images/bag2_1724155078055934900.jpg
bag2,2024-08-20_13-57-42,1724155094185387100,29.047,raw_processed/all_images/2024-08-20_13-57-42/1724155094185387100.jpg,solaqua_labeled_fish/images/bag2_1724155094185387100.jpg
bag2,2024-08-20_13-57-42,1724155094337025800,29.198,raw_processed/all_images/2024-08-20_13-57-42/1724155094337025800.jpg,solaqua_labeled_fish/images/bag2_1724155094337025800.jpg
bag2,2024-08-20_13-57-42,1724155094503589700,29.365,raw_processed/all_images/2024-08-20_13-57-42/1724155094503589700.jpg,solaqua_labeled_fish/images/bag2_1724155094503589700.jpg
bag2,2024-08-20_13-57-42,1724155094653952800,29.515,raw_processed/all_images/2024-08-20_13-57-42/1724155094653952800.jpg,solaqua_labeled_fish/images/bag2_1724155094653952800.jpg
bag2,2024-08-20_13-57-42,1724155094820891400,29.682,raw_processed/all_images/2024-08-20_13-57-42/1724155094820891400.jpg,solaqua_labeled_fish/images/bag2_1724155094820891400.jpg
bag2,2024-08-20_13-57-42,1724155094973507500,29.835,raw_processed/all_images/2024-08-20_13-57-42/1724155094973507500.jpg,solaqua_labeled_fish/images/bag2_1724155094973507500.jpg
bag2,2024-08-20_13-57-42,1724155095142107000,30.003,raw_processed/all_images/2024-08-20_13-57-42/1724155095142107000.jpg,solaqua_labeled_fish/images/bag2_1724155095142107000.jpg
bag2,2024-08-20_13-57-42,1724155095292593000,30.154,raw_processed/all_images/2024-08-20_13-57-42/1724155095292593000.jpg,solaqua_labeled_fish/images/bag2_1724155095292593000.jpg
bag2,2024-08-20_13-57-42,1724155095461222600,30.322,raw_processed/all_images/2024-08-20_13-57-42/1724155095461222600.jpg,solaqua_labeled_fish/images/bag2_1724155095461222600.jpg
bag2,2024-08-20_13-57-42,1724155095616564900,30.478,raw_processed/all_images/2024-08-20_13-57-42/1724155095616564900.jpg,solaqua_labeled_fish/images/bag2_1724155095616564900.jpg
bag2,2024-08-20_13-57-42,1724155095784229200,30.645,raw_processed/all_images/2024-08-20_13-57-42/1724155095784229200.jpg,solaqua_labeled_fish/images/bag2_1724155095784229200.jpg
bag2,2024-08-20_13-57-42,1724155095939203900,30.800,raw_processed/all_images/2024-08-20_13-57-42/1724155095939203900.jpg,solaqua_labeled_fish/images/bag2_1724155095939203900.jpg
bag2,2024-08-20_13-57-42,1724155096103965300,30.965,raw_processed/all_images/2024-08-20_13-57-42/1724155096103965300.jpg,solaqua_labeled_fish/images/bag2_1724155096103965300.jpg
bag2,2024-08-20_13-57-42,1724155096256350500,31.118,raw_processed/all_images/2024-08-20_13-57-42/1724155096256350500.jpg,solaqua_labeled_fish/images/bag2_1724155096256350500.jpg
bag2,2024-08-20_13-57-42,1724155096411744800,31.273,raw_processed/all_images/2024-08-20_13-57-42/1724155096411744800.jpg,solaqua_labeled_fish/images/bag2_1724155096411744800.jpg
bag2,2024-08-20_13-57-42,1724155096577716500,31.439,raw_processed/all_images/2024-08-20_13-57-42/1724155096577716500.jpg,solaqua_labeled_fish/images/bag2_1724155096577716500.jpg
bag2,2024-08-20_13-57-42,1724155096744094900,31.605,raw_processed/all_images/2024-08-20_13-57-42/1724155096744094900.jpg,solaqua_labeled_fish/images/bag2_1724155096744094900.jpg
bag2,2024-08-20_13-57-42,1724155096898552200,31.760,raw_processed/all_images/2024-08-20_13-57-42/1724155096898552200.jpg,solaqua_labeled_fish/images/bag2_1724155096898552200.jpg
bag2,2024-08-20_13-57-42,1724155097064611100,31.926,raw_processed/all_images/2024-08-20_13-57-42/1724155097064611100.jpg,solaqua_labeled_fish/images/bag2_1724155097064611100.jpg
bag2,2024-08-20_13-57-42,1724155097217850600,32.079,raw_processed/all_images/2024-08-20_13-57-42/1724155097217850600.jpg,solaqua_labeled_fish/images/bag2_1724155097217850600.jpg
bag2,2024-08-20_13-57-42,1724155097384529000,32.246,raw_processed/all_images/2024-08-20_13-57-42/1724155097384529000.jpg,solaqua_labeled_fish/images/bag2_1724155097384529000.jpg
bag2,2024-08-20_13-57-42,1724155097534667900,32.396,raw_processed/all_images/2024-08-20_13-57-42/1724155097534667900.jpg,solaqua_labeled_fish/images/bag2_1724155097534667900.jpg
bag2,2024-08-20_13-57-42,1724155097699687300,32.561,raw_processed/all_images/2024-08-20_13-57-42/1724155097699687300.jpg,solaqua_labeled_fish/images/bag2_1724155097699687300.jpg
bag2,2024-08-20_13-57-42,1724155097853433000,32.715,raw_processed/all_images/2024-08-20_13-57-42/1724155097853433000.jpg,solaqua_labeled_fish/images/bag2_1724155097853433000.jpg
bag2,2024-08-20_13-57-42,1724155098023390300,32.885,raw_processed/all_images/2024-08-20_13-57-42/1724155098023390300.jpg,solaqua_labeled_fish/images/bag2_1724155098023390300.jpg
bag2,2024-08-20_13-57-42,1724155098173725200,33.035,raw_processed/all_images/2024-08-20_13-57-42/1724155098173725200.jpg,solaqua_labeled_fish/images/bag2_1724155098173725200.jpg
bag2,2024-08-20_13-57-42,1724155098340396000,33.202,raw_processed/all_images/2024-08-20_13-57-42/1724155098340396000.jpg,solaqua_labeled_fish/images/bag2_1724155098340396000.jpg
bag2,2024-08-20_13-57-42,1724155098494051900,33.355,raw_processed/all_images/2024-08-20_13-57-42/1724155098494051900.jpg,solaqua_labeled_fish/images/bag2_1724155098494051900.jpg
bag2,2024-08-20_13-57-42,1724155098661132000,33.522,raw_processed/all_images/2024-08-20_13-57-42/1724155098661132000.jpg,solaqua_labeled_fish/images/bag2_1724155098661132000.jpg
bag2,2024-08-20_13-57-42,1724155098813526900,33.675,raw_processed/all_images/2024-08-20_13-57-42/1724155098813526900.jpg,solaqua_labeled_fish/images/bag2_1724155098813526900.jpg
bag2,2024-08-20_13-57-42,1724155098983418400,33.845,raw_processed/all_images/2024-08-20_13-57-42/1724155098983418400.jpg,solaqua_labeled_fish/images/bag2_1724155098983418400.jpg
bag2,2024-08-20_13-57-42,1724155099134076500,33.995,raw_processed/all_images/2024-08-20_13-57-42/1724155099134076500.jpg,solaqua_labeled_fish/images/bag2_1724155099134076500.jpg
bag2,2024-08-20_13-57-42,1724155099301863300,34.163,raw_processed/all_images/2024-08-20_13-57-42/1724155099301863300.jpg,solaqua_labeled_fish/images/bag2_1724155099301863300.jpg
bag2,2024-08-20_13-57-42,1724155099453939500,34.315,raw_processed/all_images/2024-08-20_13-57-42/1724155099453939500.jpg,solaqua_labeled_fish/images/bag2_1724155099453939500.jpg
bag2,2024-08-20_13-57-42,1724155099623517400,34.485,raw_processed/all_images/2024-08-20_13-57-42/1724155099623517400.jpg,solaqua_labeled_fish/images/bag2_1724155099623517400.jpg
bag2,2024-08-20_13-57-42,1724155099777627900,34.639,raw_processed/all_images/2024-08-20_13-57-42/1724155099777627900.jpg,solaqua_labeled_fish/images/bag2_1724155099777627900.jpg
bag2,2024-08-20_13-57-42,1724155099943800200,34.805,raw_processed/all_images/2024-08-20_13-57-42/1724155099943800200.jpg,solaqua_labeled_fish/images/bag2_1724155099943800200.jpg
bag2,2024-08-20_13-57-42,1724155100095243900,34.956,raw_processed/all_images/2024-08-20_13-57-42/1724155100095243900.jpg,solaqua_labeled_fish/images/bag2_1724155100095243900.jpg
bag3,2024-08-20_14-16-05,1724156210937007800,43.042,raw_processed/all_images/2024-08-20_14-16-05/1724156210937007800.jpg,solaqua_labeled_fish/images/bag3_1724156210937007800.jpg
bag3,2024-08-20_14-16-05,1724156211091327200,43.197,raw_processed/all_images/2024-08-20_14-16-05/1724156211091327200.jpg,solaqua_labeled_fish/images/bag3_1724156211091327200.jpg
bag3,2024-08-20_14-16-05,1724156211260195900,43.365,raw_processed/all_images/2024-08-20_14-16-05/1724156211260195900.jpg,solaqua_labeled_fish/images/bag3_1724156211260195900.jpg
bag3,2024-08-20_14-16-05,1724156211410769700,43.516,raw_processed/all_images/2024-08-20_14-16-05/1724156211410769700.jpg,solaqua_labeled_fish/images/bag3_1724156211410769700.jpg
bag3,2024-08-20_14-16-05,1724156211580958200,43.686,raw_processed/all_images/2024-08-20_14-16-05/1724156211580958200.jpg,solaqua_labeled_fish/images/bag3_1724156211580958200.jpg
bag3,2024-08-20_14-16-05,1724156211733217200,43.838,raw_processed/all_images/2024-08-20_14-16-05/1724156211733217200.jpg,solaqua_labeled_fish/images/bag3_1724156211733217200.jpg
bag3,2024-08-20_14-16-05,1724156211900616800,44.006,raw_processed/all_images/2024-08-20_14-16-05/1724156211900616800.jpg,solaqua_labeled_fish/images/bag3_1724156211900616800.jpg
bag3,2024-08-20_14-16-05,1724156212051657600,44.157,raw_processed/all_images/2024-08-20_14-16-05/1724156212051657600.jpg,solaqua_labeled_fish/images/bag3_1724156212051657600.jpg
bag3,2024-08-20_14-16-05,1724156212220762700,44.326,raw_processed/all_images/2024-08-20_14-16-05/1724156212220762700.jpg,solaqua_labeled_fish/images/bag3_1724156212220762700.jpg
bag3,2024-08-20_14-16-05,1724156212371489900,44.477,raw_processed/all_images/2024-08-20_14-16-05/1724156212371489900.jpg,solaqua_labeled_fish/images/bag3_1724156212371489900.jpg
bag3,2024-08-20_14-16-05,1724156212537993400,44.643,raw_processed/all_images/2024-08-20_14-16-05/1724156212537993400.jpg,solaqua_labeled_fish/images/bag3_1724156212537993400.jpg
bag3,2024-08-20_14-16-05,1724156212690677800,44.796,raw_processed/all_images/2024-08-20_14-16-05/1724156212690677800.jpg,solaqua_labeled_fish/images/bag3_1724156212690677800.jpg
bag3,2024-08-20_14-16-05,1724156212859586700,44.965,raw_processed/all_images/2024-08-20_14-16-05/1724156212859586700.jpg,solaqua_labeled_fish/images/bag3_1724156212859586700.jpg
bag3,2024-08-20_14-16-05,1724156213008459300,45.114,raw_processed/all_images/2024-08-20_14-16-05/1724156213008459300.jpg,solaqua_labeled_fish/images/bag3_1724156213008459300.jpg
bag3,2024-08-20_14-16-05,1724156213176192000,45.281,raw_processed/all_images/2024-08-20_14-16-05/1724156213176192000.jpg,solaqua_labeled_fish/images/bag3_1724156213176192000.jpg
bag3,2024-08-20_14-16-05,1724156213331934500,45.437,raw_processed/all_images/2024-08-20_14-16-05/1724156213331934500.jpg,solaqua_labeled_fish/images/bag3_1724156213331934500.jpg
bag3,2024-08-20_14-16-05,1724156213498148900,45.603,raw_processed/all_images/2024-08-20_14-16-05/1724156213498148900.jpg,solaqua_labeled_fish/images/bag3_1724156213498148900.jpg
bag3,2024-08-20_14-16-05,1724156213651603900,45.757,raw_processed/all_images/2024-08-20_14-16-05/1724156213651603900.jpg,solaqua_labeled_fish/images/bag3_1724156213651603900.jpg
bag3,2024-08-20_14-16-05,1724156213819562100,45.925,raw_processed/all_images/2024-08-20_14-16-05/1724156213819562100.jpg,solaqua_labeled_fish/images/bag3_1724156213819562100.jpg
bag4,2024-08-20_14-31-29,1724157144855745800,53.000,raw_processed/all_images/2024-08-20_14-31-29/1724157144855745800.jpg,solaqua_labeled_fish/images/bag4_1724157144855745800.jpg
bag4,2024-08-20_14-31-29,1724157145009025000,53.153,raw_processed/all_images/2024-08-20_14-31-29/1724157145009025000.jpg,solaqua_labeled_fish/images/bag4_1724157145009025000.jpg
bag4,2024-08-20_14-31-29,1724157145181953200,53.326,raw_processed/all_images/2024-08-20_14-31-29/1724157145181953200.jpg,solaqua_labeled_fish/images/bag4_1724157145181953200.jpg
bag4,2024-08-20_14-31-29,1724157145329994500,53.474,raw_processed/all_images/2024-08-20_14-31-29/1724157145329994500.jpg,solaqua_labeled_fish/images/bag4_1724157145329994500.jpg
bag4,2024-08-20_14-31-29,1724157145498783300,53.643,raw_processed/all_images/2024-08-20_14-31-29/1724157145498783300.jpg,solaqua_labeled_fish/images/bag4_1724157145498783300.jpg
bag4,2024-08-20_14-31-29,1724157145649575500,53.794,raw_processed/all_images/2024-08-20_14-31-29/1724157145649575500.jpg,solaqua_labeled_fish/images/bag4_1724157145649575500.jpg
bag4,2024-08-20_14-31-29,1724157145815860300,53.960,raw_processed/all_images/2024-08-20_14-31-29/1724157145815860300.jpg,solaqua_labeled_fish/images/bag4_1724157145815860300.jpg
bag4,2024-08-20_14-31-29,1724157145968368500,54.113,raw_processed/all_images/2024-08-20_14-31-29/1724157145968368500.jpg,solaqua_labeled_fish/images/bag4_1724157145968368500.jpg
bag4,2024-08-20_14-31-29,1724157146141586300,54.286,raw_processed/all_images/2024-08-20_14-31-29/1724157146141586300.jpg,solaqua_labeled_fish/images/bag4_1724157146141586300.jpg
bag4,2024-08-20_14-31-29,1724157146291013300,54.435,raw_processed/all_images/2024-08-20_14-31-29/1724157146291013300.jpg,solaqua_labeled_fish/images/bag4_1724157146291013300.jpg
bag4,2024-08-20_14-31-29,1724157146457031500,54.601,raw_processed/all_images/2024-08-20_14-31-29/1724157146457031500.jpg,solaqua_labeled_fish/images/bag4_1724157146457031500.jpg
bag4,2024-08-20_14-31-29,1724157146608667100,54.753,raw_processed/all_images/2024-08-20_14-31-29/1724157146608667100.jpg,solaqua_labeled_fish/images/bag4_1724157146608667100.jpg
bag4,2024-08-20_14-31-29,1724157146774734800,54.919,raw_processed/all_images/2024-08-20_14-31-29/1724157146774734800.jpg,solaqua_labeled_fish/images/bag4_1724157146774734800.jpg
bag4,2024-08-20_14-31-29,1724157146932627800,55.077,raw_processed/all_images/2024-08-20_14-31-29/1724157146932627800.jpg,solaqua_labeled_fish/images/bag4_1724157146932627800.jpg
bag4,2024-08-20_14-31-29,1724157147098437900,55.243,raw_processed/all_images/2024-08-20_14-31-29/1724157147098437900.jpg,solaqua_labeled_fish/images/bag4_1724157147098437900.jpg
bag4,2024-08-20_14-31-29,1724157147249556700,55.394,raw_processed/all_images/2024-08-20_14-31-29/1724157147249556700.jpg,solaqua_labeled_fish/images/bag4_1724157147249556700.jpg
bag4,2024-08-20_14-31-29,1724157147419951400,55.564,raw_processed/all_images/2024-08-20_14-31-29/1724157147419951400.jpg,solaqua_labeled_fish/images/bag4_1724157147419951400.jpg
bag4,2024-08-20_14-31-29,1724157147571677300,55.716,raw_processed/all_images/2024-08-20_14-31-29/1724157147571677300.jpg,solaqua_labeled_fish/images/bag4_1724157147571677300.jpg
bag4,2024-08-20_14-31-29,1724157147736670000,55.881,raw_processed/all_images/2024-08-20_14-31-29/1724157147736670000.jpg,solaqua_labeled_fish/images/bag4_1724157147736670000.jpg
bag4,2024-08-20_14-31-29,1724157147891179100,56.036,raw_processed/all_images/2024-08-20_14-31-29/1724157147891179100.jpg,solaqua_labeled_fish/images/bag4_1724157147891179100.jpg
bag4,2024-08-20_14-31-29,1724157148054938600,56.199,raw_processed/all_images/2024-08-20_14-31-29/1724157148054938600.jpg,solaqua_labeled_fish/images/bag4_1724157148054938600.jpg
bag4,2024-08-20_14-31-29,1724157148218968700,56.363,raw_processed/all_images/2024-08-20_14-31-29/1724157148218968700.jpg,solaqua_labeled_fish/images/bag4_1724157148218968700.jpg
bag4,2024-08-20_14-31-29,1724157148370149700,56.515,raw_processed/all_images/2024-08-20_14-31-29/1724157148370149700.jpg,solaqua_labeled_fish/images/bag4_1724157148370149700.jpg
bag4,2024-08-20_14-31-29,1724157148537148100,56.682,raw_processed/all_images/2024-08-20_14-31-29/1724157148537148100.jpg,solaqua_labeled_fish/images/bag4_1724157148537148100.jpg
bag4,2024-08-20_14-31-29,1724157148693963400,56.838,raw_processed/all_images/2024-08-20_14-31-29/1724157148693963400.jpg,solaqua_labeled_fish/images/bag4_1724157148693963400.jpg
bag4,2024-08-20_14-31-29,1724157148855863800,57.000,raw_processed/all_images/2024-08-20_14-31-29/1724157148855863800.jpg,solaqua_labeled_fish/images/bag4_1724157148855863800.jpg
bag4,2024-08-20_14-31-29,1724157149007949800,57.152,raw_processed/all_images/2024-08-20_14-31-29/1724157149007949800.jpg,solaqua_labeled_fish/images/bag4_1724157149007949800.jpg
bag4,2024-08-20_14-31-29,1724157149176098600,57.321,raw_processed/all_images/2024-08-20_14-31-29/1724157149176098600.jpg,solaqua_labeled_fish/images/bag4_1724157149176098600.jpg
bag4,2024-08-20_14-31-29,1724157149340785100,57.485,raw_processed/all_images/2024-08-20_14-31-29/1724157149340785100.jpg,solaqua_labeled_fish/images/bag4_1724157149340785100.jpg
bag4,2024-08-20_14-31-29,1724157149495236300,57.640,raw_processed/all_images/2024-08-20_14-31-29/1724157149495236300.jpg,solaqua_labeled_fish/images/bag4_1724157149495236300.jpg
bag4,2024-08-20_14-31-29,1724157149663448700,57.808,raw_processed/all_images/2024-08-20_14-31-29/1724157149663448700.jpg,solaqua_labeled_fish/images/bag4_1724157149663448700.jpg
bag4,2024-08-20_14-31-29,1724157149811319000,57.956,raw_processed/all_images/2024-08-20_14-31-29/1724157149811319000.jpg,solaqua_labeled_fish/images/bag4_1724157149811319000.jpg
bag4,2024-08-20_14-31-29,1724157149977649000,58.122,raw_processed/all_images/2024-08-20_14-31-29/1724157149977649000.jpg,solaqua_labeled_fish/images/bag4_1724157149977649000.jpg
bag4,2024-08-20_14-31-29,1724157150131341400,58.276,raw_processed/all_images/2024-08-20_14-31-29/1724157150131341400.jpg,solaqua_labeled_fish/images/bag4_1724157150131341400.jpg
bag4,2024-08-20_14-31-29,1724157150299296800,58.444,raw_processed/all_images/2024-08-20_14-31-29/1724157150299296800.jpg,solaqua_labeled_fish/images/bag4_1724157150299296800.jpg
bag4,2024-08-20_14-31-29,1724157150450237000,58.595,raw_processed/all_images/2024-08-20_14-31-29/1724157150450237000.jpg,solaqua_labeled_fish/images/bag4_1724157150450237000.jpg
bag4,2024-08-20_14-31-29,1724157150626465600,58.771,raw_processed/all_images/2024-08-20_14-31-29/1724157150626465600.jpg,solaqua_labeled_fish/images/bag4_1724157150626465600.jpg
bag4,2024-08-20_14-31-29,1724157150773369200,58.918,raw_processed/all_images/2024-08-20_14-31-29/1724157150773369200.jpg,solaqua_labeled_fish/images/bag4_1724157150773369200.jpg
bag4,2024-08-20_14-31-29,1724157150948260300,59.093,raw_processed/all_images/2024-08-20_14-31-29/1724157150948260300.jpg,solaqua_labeled_fish/images/bag4_1724157150948260300.jpg
bag4,2024-08-20_14-31-29,1724157151088772700,59.233,raw_processed/all_images/2024-08-20_14-31-29/1724157151088772700.jpg,solaqua_labeled_fish/images/bag4_1724157151088772700.jpg
bag4,2024-08-20_14-31-29,1724157151256601800,59.401,raw_processed/all_images/2024-08-20_14-31-29/1724157151256601800.jpg,solaqua_labeled_fish/images/bag4_1724157151256601800.jpg
bag4,2024-08-20_14-31-29,1724157151411737700,59.556,raw_processed/all_images/2024-08-20_14-31-29/1724157151411737700.jpg,solaqua_labeled_fish/images/bag4_1724157151411737700.jpg
bag4,2024-08-20_14-31-29,1724157151575056600,59.720,raw_processed/all_images/2024-08-20_14-31-29/1724157151575056600.jpg,solaqua_labeled_fish/images/bag4_1724157151575056600.jpg
bag4,2024-08-20_14-31-29,1724157151728559400,59.873,raw_processed/all_images/2024-08-20_14-31-29/1724157151728559400.jpg,solaqua_labeled_fish/images/bag4_1724157151728559400.jpg
bag4,2024-08-20_14-31-29,1724157151894603600,60.039,raw_processed/all_images/2024-08-20_14-31-29/1724157151894603600.jpg,solaqua_labeled_fish/images/bag4_1724157151894603600.jpg
bag4,2024-08-20_14-31-29,1724157152047631000,60.192,raw_processed/all_images/2024-08-20_14-31-29/1724157152047631000.jpg,solaqua_labeled_fish/images/bag4_1724157152047631000.jpg
bag4,2024-08-20_14-31-29,1724157152211978200,60.356,raw_processed/all_images/2024-08-20_14-31-29/1724157152211978200.jpg,solaqua_labeled_fish/images/bag4_1724157152211978200.jpg
bag4,2024-08-20_14-31-29,1724157152381346900,60.526,raw_processed/all_images/2024-08-20_14-31-29/1724157152381346900.jpg,solaqua_labeled_fish/images/bag4_1724157152381346900.jpg
bag4,2024-08-20_14-31-29,1724157152531125900,60.676,raw_processed/all_images/2024-08-20_14-31-29/1724157152531125900.jpg,solaqua_labeled_fish/images/bag4_1724157152531125900.jpg
bag4,2024-08-20_14-31-29,1724157152700337200,60.845,raw_processed/all_images/2024-08-20_14-31-29/1724157152700337200.jpg,solaqua_labeled_fish/images/bag4_1724157152700337200.jpg
bag4,2024-08-20_14-31-29,1724157152853061100,60.998,raw_processed/all_images/2024-08-20_14-31-29/1724157152853061100.jpg,solaqua_labeled_fish/images/bag4_1724157152853061100.jpg
bag4,2024-08-20_14-31-29,1724157153020813000,61.165,raw_processed/all_images/2024-08-20_14-31-29/1724157153020813000.jpg,solaqua_labeled_fish/images/bag4_1724157153020813000.jpg
bag4,2024-08-20_14-31-29,1724157153172212000,61.317,raw_processed/all_images/2024-08-20_14-31-29/1724157153172212000.jpg,solaqua_labeled_fish/images/bag4_1724157153172212000.jpg
bag4,2024-08-20_14-31-29,1724157153340779600,61.485,raw_processed/all_images/2024-08-20_14-31-29/1724157153340779600.jpg,solaqua_labeled_fish/images/bag4_1724157153340779600.jpg
bag4,2024-08-20_14-31-29,1724157153491078100,61.636,raw_processed/all_images/2024-08-20_14-31-29/1724157153491078100.jpg,solaqua_labeled_fish/images/bag4_1724157153491078100.jpg
bag4,2024-08-20_14-31-29,1724157153661738700,61.806,raw_processed/all_images/2024-08-20_14-31-29/1724157153661738700.jpg,solaqua_labeled_fish/images/bag4_1724157153661738700.jpg
bag4,2024-08-20_14-31-29,1724157153812822000,61.957,raw_processed/all_images/2024-08-20_14-31-29/1724157153812822000.jpg,solaqua_labeled_fish/images/bag4_1724157153812822000.jpg
bag4,2024-08-20_14-31-29,1724157153981471900,62.126,raw_processed/all_images/2024-08-20_14-31-29/1724157153981471900.jpg,solaqua_labeled_fish/images/bag4_1724157153981471900.jpg
bag4,2024-08-20_14-31-29,1724157154134921700,62.279,raw_processed/all_images/2024-08-20_14-31-29/1724157154134921700.jpg,solaqua_labeled_fish/images/bag4_1724157154134921700.jpg
bag4,2024-08-20_14-31-29,1724157154287893400,62.432,raw_processed/all_images/2024-08-20_14-31-29/1724157154287893400.jpg,solaqua_labeled_fish/images/bag4_1724157154287893400.jpg
bag4,2024-08-20_14-31-29,1724157154457498300,62.602,raw_processed/all_images/2024-08-20_14-31-29/1724157154457498300.jpg,solaqua_labeled_fish/images/bag4_1724157154457498300.jpg
bag4,2024-08-20_14-31-29,1724157154609509300,62.754,raw_processed/all_images/2024-08-20_14-31-29/1724157154609509300.jpg,solaqua_labeled_fish/images/bag4_1724157154609509300.jpg
bag4,2024-08-20_14-31-29,1724157154783198600,62.928,raw_processed/all_images/2024-08-20_14-31-29/1724157154783198600.jpg,solaqua_labeled_fish/images/bag4_1724157154783198600.jpg
bag4,2024-08-20_14-31-29,1724157154931822800,63.076,raw_processed/all_images/2024-08-20_14-31-29/1724157154931822800.jpg,solaqua_labeled_fish/images/bag4_1724157154931822800.jpg
bag4,2024-08-20_14-31-29,1724157155097481800,63.242,raw_processed/all_images/2024-08-20_14-31-29/1724157155097481800.jpg,solaqua_labeled_fish/images/bag4_1724157155097481800.jpg
bag4,2024-08-20_14-31-29,1724157155250503500,63.395,raw_processed/all_images/2024-08-20_14-31-29/1724157155250503500.jpg,solaqua_labeled_fish/images/bag4_1724157155250503500.jpg
bag4,2024-08-20_14-31-29,1724157155412901200,63.557,raw_processed/all_images/2024-08-20_14-31-29/1724157155412901200.jpg,solaqua_labeled_fish/images/bag4_1724157155412901200.jpg
bag4,2024-08-20_14-31-29,1724157155566808600,63.711,raw_processed/all_images/2024-08-20_14-31-29/1724157155566808600.jpg,solaqua_labeled_fish/images/bag4_1724157155566808600.jpg
bag4,2024-08-20_14-31-29,1724157155734487500,63.879,raw_processed/all_images/2024-08-20_14-31-29/1724157155734487500.jpg,solaqua_labeled_fish/images/bag4_1724157155734487500.jpg
bag4,2024-08-20_14-31-29,1724157155887522000,64.032,raw_processed/all_images/2024-08-20_14-31-29/1724157155887522000.jpg,solaqua_labeled_fish/images/bag4_1724157155887522000.jpg
bag4,2024-08-20_14-31-29,1724157156055207300,64.200,raw_processed/all_images/2024-08-20_14-31-29/1724157156055207300.jpg,solaqua_labeled_fish/images/bag4_1724157156055207300.jpg
bag4,2024-08-20_14-31-29,1724157156210085300,64.355,raw_processed/all_images/2024-08-20_14-31-29/1724157156210085300.jpg,solaqua_labeled_fish/images/bag4_1724157156210085300.jpg
bag4,2024-08-20_14-31-29,1724157156375622100,64.520,raw_processed/all_images/2024-08-20_14-31-29/1724157156375622100.jpg,solaqua_labeled_fish/images/bag4_1724157156375622100.jpg
bag4,2024-08-20_14-31-29,1724157156529224300,64.674,raw_processed/all_images/2024-08-20_14-31-29/1724157156529224300.jpg,solaqua_labeled_fish/images/bag4_1724157156529224300.jpg
bag4,2024-08-20_14-31-29,1724157156700962700,64.845,raw_processed/all_images/2024-08-20_14-31-29/1724157156700962700.jpg,solaqua_labeled_fish/images/bag4_1724157156700962700.jpg
bag4,2024-08-20_14-31-29,1724157156849262300,64.994,raw_processed/all_images/2024-08-20_14-31-29/1724157156849262300.jpg,solaqua_labeled_fish/images/bag4_1724157156849262300.jpg
bag4,2024-08-20_14-31-29,1724157157015198100,65.160,raw_processed/all_images/2024-08-20_14-31-29/1724157157015198100.jpg,solaqua_labeled_fish/images/bag4_1724157157015198100.jpg
bag4,2024-08-20_14-31-29,1724157157180731200,65.325,raw_processed/all_images/2024-08-20_14-31-29/1724157157180731200.jpg,solaqua_labeled_fish/images/bag4_1724157157180731200.jpg
bag4,2024-08-20_14-31-29,1724157157333440800,65.478,raw_processed/all_images/2024-08-20_14-31-29/1724157157333440800.jpg,solaqua_labeled_fish/images/bag4_1724157157333440800.jpg
bag4,2024-08-20_14-31-29,1724157157500926300,65.645,raw_processed/all_images/2024-08-20_14-31-29/1724157157500926300.jpg,solaqua_labeled_fish/images/bag4_1724157157500926300.jpg
bag4,2024-08-20_14-31-29,1724157157651434800,65.796,raw_processed/all_images/2024-08-20_14-31-29/1724157157651434800.jpg,solaqua_labeled_fish/images/bag4_1724157157651434800.jpg
bag4,2024-08-20_14-31-29,1724157157817852400,65.962,raw_processed/all_images/2024-08-20_14-31-29/1724157157817852400.jpg,solaqua_labeled_fish/images/bag4_1724157157817852400.jpg
bag4,2024-08-20_14-31-29,1724157157971672000,66.116,raw_processed/all_images/2024-08-20_14-31-29/1724157157971672000.jpg,solaqua_labeled_fish/images/bag4_1724157157971672000.jpg
bag4,2024-08-20_14-31-29,1724157158140408800,66.285,raw_processed/all_images/2024-08-20_14-31-29/1724157158140408800.jpg,solaqua_labeled_fish/images/bag4_1724157158140408800.jpg
bag4,2024-08-20_14-31-29,1724157158290618300,66.435,raw_processed/all_images/2024-08-20_14-31-29/1724157158290618300.jpg,solaqua_labeled_fish/images/bag4_1724157158290618300.jpg
bag4,2024-08-20_14-31-29,1724157158459471100,66.604,raw_processed/all_images/2024-08-20_14-31-29/1724157158459471100.jpg,solaqua_labeled_fish/images/bag4_1724157158459471100.jpg
bag4,2024-08-20_14-31-29,1724157158612128000,66.757,raw_processed/all_images/2024-08-20_14-31-29/1724157158612128000.jpg,solaqua_labeled_fish/images/bag4_1724157158612128000.jpg
bag4,2024-08-20_14-31-29,1724157158783714100,66.928,raw_processed/all_images/2024-08-20_14-31-29/1724157158783714100.jpg,solaqua_labeled_fish/images/bag4_1724157158783714100.jpg
bag8,2024-08-20_15-20-29,1724160070602308500,39.037,raw_processed/all_images/2024-08-20_15-20-29/1724160070602308500.jpg,solaqua_labeled_fish/images/bag8_1724160070602308500.jpg
bag8,2024-08-20_15-20-29,1724160070767308900,39.202,raw_processed/all_images/2024-08-20_15-20-29/1724160070767308900.jpg,solaqua_labeled_fish/images/bag8_1724160070767308900.jpg
bag8,2024-08-20_15-20-29,1724160070923304800,39.358,raw_processed/all_images/2024-08-20_15-20-29/1724160070923304800.jpg,solaqua_labeled_fish/images/bag8_1724160070923304800.jpg
bag8,2024-08-20_15-20-29,1724160071088844700,39.524,raw_processed/all_images/2024-08-20_15-20-29/1724160071088844700.jpg,solaqua_labeled_fish/images/bag8_1724160071088844700.jpg
bag8,2024-08-20_15-20-29,1724160071239074800,39.674,raw_processed/all_images/2024-08-20_15-20-29/1724160071239074800.jpg,solaqua_labeled_fish/images/bag8_1724160071239074800.jpg
bag8,2024-08-20_15-20-29,1724160071404939200,39.840,raw_processed/all_images/2024-08-20_15-20-29/1724160071404939200.jpg,solaqua_labeled_fish/images/bag8_1724160071404939200.jpg
bag8,2024-08-20_15-20-29,1724160071557861300,39.993,raw_processed/all_images/2024-08-20_15-20-29/1724160071557861300.jpg,solaqua_labeled_fish/images/bag8_1724160071557861300.jpg
bag8,2024-08-20_15-20-29,1724160071729794000,40.164,raw_processed/all_images/2024-08-20_15-20-29/1724160071729794000.jpg,solaqua_labeled_fish/images/bag8_1724160071729794000.jpg
bag8,2024-08-20_15-20-29,1724160071879222000,40.314,raw_processed/all_images/2024-08-20_15-20-29/1724160071879222000.jpg,solaqua_labeled_fish/images/bag8_1724160071879222000.jpg
bag8,2024-08-20_15-20-29,1724160072036992200,40.472,raw_processed/all_images/2024-08-20_15-20-29/1724160072036992200.jpg,solaqua_labeled_fish/images/bag8_1724160072036992200.jpg
bag8,2024-08-20_15-20-29,1724160072205089500,40.640,raw_processed/all_images/2024-08-20_15-20-29/1724160072205089500.jpg,solaqua_labeled_fish/images/bag8_1724160072205089500.jpg
bag8,2024-08-20_15-20-29,1724160072359232100,40.794,raw_processed/all_images/2024-08-20_15-20-29/1724160072359232100.jpg,solaqua_labeled_fish/images/bag8_1724160072359232100.jpg
bag8,2024-08-20_15-20-29,1724160072528164700,40.963,raw_processed/all_images/2024-08-20_15-20-29/1724160072528164700.jpg,solaqua_labeled_fish/images/bag8_1724160072528164700.jpg
bag8,2024-08-20_15-20-29,1724160077639303800,46.074,raw_processed/all_images/2024-08-20_15-20-29/1724160077639303800.jpg,solaqua_labeled_fish/images/bag8_1724160077639303800.jpg
bag8,2024-08-20_15-20-29,1724160077805340600,46.240,raw_processed/all_images/2024-08-20_15-20-29/1724160077805340600.jpg,solaqua_labeled_fish/images/bag8_1724160077805340600.jpg
bag8,2024-08-20_15-20-29,1724160077956987000,46.392,raw_processed/all_images/2024-08-20_15-20-29/1724160077956987000.jpg,solaqua_labeled_fish/images/bag8_1724160077956987000.jpg
bag8,2024-08-20_15-20-29,1724160078125505600,46.560,raw_processed/all_images/2024-08-20_15-20-29/1724160078125505600.jpg,solaqua_labeled_fish/images/bag8_1724160078125505600.jpg
bag8,2024-08-20_15-20-29,1724160078275135900,46.710,raw_processed/all_images/2024-08-20_15-20-29/1724160078275135900.jpg,solaqua_labeled_fish/images/bag8_1724160078275135900.jpg
bag8,2024-08-20_15-20-29,1724160078444945300,46.880,raw_processed/all_images/2024-08-20_15-20-29/1724160078444945300.jpg,solaqua_labeled_fish/images/bag8_1724160078444945300.jpg
bag8,2024-08-20_15-20-29,1724160078594051500,47.029,raw_processed/all_images/2024-08-20_15-20-29/1724160078594051500.jpg,solaqua_labeled_fish/images/bag8_1724160078594051500.jpg
bag8,2024-08-20_15-20-29,1724160078764575000,47.199,raw_processed/all_images/2024-08-20_15-20-29/1724160078764575000.jpg,solaqua_labeled_fish/images/bag8_1724160078764575000.jpg
bag8,2024-08-20_15-20-29,1724160078916546000,47.351,raw_processed/all_images/2024-08-20_15-20-29/1724160078916546000.jpg,solaqua_labeled_fish/images/bag8_1724160078916546000.jpg
bag8,2024-08-20_15-20-29,1724160079084100700,47.519,raw_processed/all_images/2024-08-20_15-20-29/1724160079084100700.jpg,solaqua_labeled_fish/images/bag8_1724160079084100700.jpg
bag8,2024-08-20_15-20-29,1724160079236120100,47.671,raw_processed/all_images/2024-08-20_15-20-29/1724160079236120100.jpg,solaqua_labeled_fish/images/bag8_1724160079236120100.jpg
bag8,2024-08-20_15-20-29,1724160079405212400,47.840,raw_processed/all_images/2024-08-20_15-20-29/1724160079405212400.jpg,solaqua_labeled_fish/images/bag8_1724160079405212400.jpg
bag8,2024-08-20_15-20-29,1724160079557114400,47.992,raw_processed/all_images/2024-08-20_15-20-29/1724160079557114400.jpg,solaqua_labeled_fish/images/bag8_1724160079557114400.jpg
bag8,2024-08-20_15-20-29,1724160079729076100,48.164,raw_processed/all_images/2024-08-20_15-20-29/1724160079729076100.jpg,solaqua_labeled_fish/images/bag8_1724160079729076100.jpg
bag8,2024-08-20_15-20-29,1724160079877276200,48.312,raw_processed/all_images/2024-08-20_15-20-29/1724160079877276200.jpg,solaqua_labeled_fish/images/bag8_1724160079877276200.jpg
bag8,2024-08-20_15-20-29,1724160080044819600,48.479,raw_processed/all_images/2024-08-20_15-20-29/1724160080044819600.jpg,solaqua_labeled_fish/images/bag8_1724160080044819600.jpg
bag8,2024-08-20_15-20-29,1724160080195111100,48.630,raw_processed/all_images/2024-08-20_15-20-29/1724160080195111100.jpg,solaqua_labeled_fish/images/bag8_1724160080195111100.jpg
bag8,2024-08-20_15-20-29,1724160080365724700,48.800,raw_processed/all_images/2024-08-20_15-20-29/1724160080365724700.jpg,solaqua_labeled_fish/images/bag8_1724160080365724700.jpg
bag8,2024-08-20_15-20-29,1724160080516832700,48.952,raw_processed/all_images/2024-08-20_15-20-29/1724160080516832700.jpg,solaqua_labeled_fish/images/bag8_1724160080516832700.jpg
bag9,2024-08-20_16-34-34,1724164568961489800,92.046,raw_processed/all_images/2024-08-20_16-34-34/1724164568961489800.jpg,solaqua_labeled_fish/images/bag9_1724164568961489800.jpg
bag9,2024-08-20_16-34-34,1724164569113940400,92.198,raw_processed/all_images/2024-08-20_16-34-34/1724164569113940400.jpg,solaqua_labeled_fish/images/bag9_1724164569113940400.jpg
bag9,2024-08-20_16-34-34,1724164569284708700,92.369,raw_processed/all_images/2024-08-20_16-34-34/1724164569284708700.jpg,solaqua_labeled_fish/images/bag9_1724164569284708700.jpg
bag9,2024-08-20_16-34-34,1724164569435874100,92.520,raw_processed/all_images/2024-08-20_16-34-34/1724164569435874100.jpg,solaqua_labeled_fish/images/bag9_1724164569435874100.jpg
bag9,2024-08-20_16-34-34,1724164569590149500,92.674,raw_processed/all_images/2024-08-20_16-34-34/1724164569590149500.jpg,solaqua_labeled_fish/images/bag9_1724164569590149500.jpg
bag9,2024-08-20_16-34-34,1724164569756482500,92.841,raw_processed/all_images/2024-08-20_16-34-34/1724164569756482500.jpg,solaqua_labeled_fish/images/bag9_1724164569756482500.jpg
bag9,2024-08-20_16-34-34,1724164569912880400,92.997,raw_processed/all_images/2024-08-20_16-34-34/1724164569912880400.jpg,solaqua_labeled_fish/images/bag9_1724164569912880400.jpg
bag9,2024-08-20_16-34-34,1724164570081028000,93.165,raw_processed/all_images/2024-08-20_16-34-34/1724164570081028000.jpg,solaqua_labeled_fish/images/bag9_1724164570081028000.jpg
bag9,2024-08-20_16-34-34,1724164570232383500,93.317,raw_processed/all_images/2024-08-20_16-34-34/1724164570232383500.jpg,solaqua_labeled_fish/images/bag9_1724164570232383500.jpg
bag9,2024-08-20_16-34-34,1724164570404143800,93.488,raw_processed/all_images/2024-08-20_16-34-34/1724164570404143800.jpg,solaqua_labeled_fish/images/bag9_1724164570404143800.jpg
bag9,2024-08-20_16-34-34,1724164570553439700,93.638,raw_processed/all_images/2024-08-20_16-34-34/1724164570553439700.jpg,solaqua_labeled_fish/images/bag9_1724164570553439700.jpg
bag9,2024-08-20_16-34-34,1724164570718598800,93.803,raw_processed/all_images/2024-08-20_16-34-34/1724164570718598800.jpg,solaqua_labeled_fish/images/bag9_1724164570718598800.jpg
bag9,2024-08-20_16-34-34,1724164570870515700,93.955,raw_processed/all_images/2024-08-20_16-34-34/1724164570870515700.jpg,solaqua_labeled_fish/images/bag9_1724164570870515700.jpg
bag9,2024-08-20_16-34-34,1724164571038349700,94.123,raw_processed/all_images/2024-08-20_16-34-34/1724164571038349700.jpg,solaqua_labeled_fish/images/bag9_1724164571038349700.jpg
bag9,2024-08-20_16-34-34,1724164571189360000,94.274,raw_processed/all_images/2024-08-20_16-34-34/1724164571189360000.jpg,solaqua_labeled_fish/images/bag9_1724164571189360000.jpg
bag9,2024-08-20_16-34-34,1724164571357650400,94.442,raw_processed/all_images/2024-08-20_16-34-34/1724164571357650400.jpg,solaqua_labeled_fish/images/bag9_1724164571357650400.jpg
bag9,2024-08-20_16-34-34,1724164571511441200,94.596,raw_processed/all_images/2024-08-20_16-34-34/1724164571511441200.jpg,solaqua_labeled_fish/images/bag9_1724164571511441200.jpg
bag9,2024-08-20_16-34-34,1724164571677139500,94.761,raw_processed/all_images/2024-08-20_16-34-34/1724164571677139500.jpg,solaqua_labeled_fish/images/bag9_1724164571677139500.jpg
bag9,2024-08-20_16-34-34,1724164571831569300,94.916,raw_processed/all_images/2024-08-20_16-34-34/1724164571831569300.jpg,solaqua_labeled_fish/images/bag9_1724164571831569300.jpg
bag10,2024-08-20_16-43-25,1724165056147614900,48.039,raw_processed/all_images/2024-08-20_16-43-25/1724165056147614900.jpg,solaqua_labeled_fish/images/bag10_1724165056147614900.jpg
bag10,2024-08-20_16-43-25,1724165056297941700,48.190,raw_processed/all_images/2024-08-20_16-43-25/1724165056297941700.jpg,solaqua_labeled_fish/images/bag10_1724165056297941700.jpg
bag10,2024-08-20_16-43-25,1724165056463702100,48.355,raw_processed/all_images/2024-08-20_16-43-25/1724165056463702100.jpg,solaqua_labeled_fish/images/bag10_1724165056463702100.jpg
bag10,2024-08-20_16-43-25,1724165056616493700,48.508,raw_processed/all_images/2024-08-20_16-43-25/1724165056616493700.jpg,solaqua_labeled_fish/images/bag10_1724165056616493700.jpg
bag10,2024-08-20_16-43-25,1724165056783955600,48.676,raw_processed/all_images/2024-08-20_16-43-25/1724165056783955600.jpg,solaqua_labeled_fish/images/bag10_1724165056783955600.jpg
bag10,2024-08-20_16-43-25,1724165056938561700,48.830,raw_processed/all_images/2024-08-20_16-43-25/1724165056938561700.jpg,solaqua_labeled_fish/images/bag10_1724165056938561700.jpg
bag10,2024-08-20_16-43-25,1724165057104496600,48.996,raw_processed/all_images/2024-08-20_16-43-25/1724165057104496600.jpg,solaqua_labeled_fish/images/bag10_1724165057104496600.jpg
bag10,2024-08-20_16-43-25,1724165068266006700,60.158,raw_processed/all_images/2024-08-20_16-43-25/1724165068266006700.jpg,solaqua_labeled_fish/images/bag10_1724165068266006700.jpg
bag10,2024-08-20_16-43-25,1724165068419316600,60.311,raw_processed/all_images/2024-08-20_16-43-25/1724165068419316600.jpg,solaqua_labeled_fish/images/bag10_1724165068419316600.jpg
bag10,2024-08-20_16-43-25,1724165068585534400,60.477,raw_processed/all_images/2024-08-20_16-43-25/1724165068585534400.jpg,solaqua_labeled_fish/images/bag10_1724165068585534400.jpg
bag10,2024-08-20_16-43-25,1724165068737384000,60.629,raw_processed/all_images/2024-08-20_16-43-25/1724165068737384000.jpg,solaqua_labeled_fish/images/bag10_1724165068737384000.jpg
bag10,2024-08-20_16-43-25,1724165068908493100,60.800,raw_processed/all_images/2024-08-20_16-43-25/1724165068908493100.jpg,solaqua_labeled_fish/images/bag10_1724165068908493100.jpg
bag10,2024-08-20_16-43-25,1724165069062428400,60.954,raw_processed/all_images/2024-08-20_16-43-25/1724165069062428400.jpg,solaqua_labeled_fish/images/bag10_1724165069062428400.jpg
bag10,2024-08-20_16-43-25,1724165069226960100,61.119,raw_processed/all_images/2024-08-20_16-43-25/1724165069226960100.jpg,solaqua_labeled_fish/images/bag10_1724165069226960100.jpg
bag10,2024-08-20_16-43-25,1724165069381145100,61.273,raw_processed/all_images/2024-08-20_16-43-25/1724165069381145100.jpg,solaqua_labeled_fish/images/bag10_1724165069381145100.jpg
bag10,2024-08-20_16-43-25,1724165069547862300,61.439,raw_processed/all_images/2024-08-20_16-43-25/1724165069547862300.jpg,solaqua_labeled_fish/images/bag10_1724165069547862300.jpg
bag10,2024-08-20_16-43-25,1724165069700444200,61.592,raw_processed/all_images/2024-08-20_16-43-25/1724165069700444200.jpg,solaqua_labeled_fish/images/bag10_1724165069700444200.jpg
bag10,2024-08-20_16-43-25,1724165069870303000,61.762,raw_processed/all_images/2024-08-20_16-43-25/1724165069870303000.jpg,solaqua_labeled_fish/images/bag10_1724165069870303000.jpg
bag10,2024-08-20_16-43-25,1724165070021005300,61.913,raw_processed/all_images/2024-08-20_16-43-25/1724165070021005300.jpg,solaqua_labeled_fish/images/bag10_1724165070021005300.jpg
bag10,2024-08-20_16-43-25,1724165070189432400,62.081,raw_processed/all_images/2024-08-20_16-43-25/1724165070189432400.jpg,solaqua_labeled_fish/images/bag10_1724165070189432400.jpg
bag10,2024-08-20_16-43-25,1724165070342266700,62.234,raw_processed/all_images/2024-08-20_16-43-25/1724165070342266700.jpg,solaqua_labeled_fish/images/bag10_1724165070342266700.jpg
bag10,2024-08-20_16-43-25,1724165070508062700,62.400,raw_processed/all_images/2024-08-20_16-43-25/1724165070508062700.jpg,solaqua_labeled_fish/images/bag10_1724165070508062700.jpg
bag10,2024-08-20_16-43-25,1724165070658176300,62.550,raw_processed/all_images/2024-08-20_16-43-25/1724165070658176300.jpg,solaqua_labeled_fish/images/bag10_1724165070658176300.jpg
bag10,2024-08-20_16-43-25,1724165070826677100,62.718,raw_processed/all_images/2024-08-20_16-43-25/1724165070826677100.jpg,solaqua_labeled_fish/images/bag10_1724165070826677100.jpg
bag10,2024-08-20_16-43-25,1724165070977987900,62.870,raw_processed/all_images/2024-08-20_16-43-25/1724165070977987900.jpg,solaqua_labeled_fish/images/bag10_1724165070977987900.jpg
bag10,2024-08-20_16-43-25,1724165071148162500,63.040,raw_processed/all_images/2024-08-20_16-43-25/1724165071148162500.jpg,solaqua_labeled_fish/images/bag10_1724165071148162500.jpg
bag10,2024-08-20_16-43-25,1724165071299499100,63.191,raw_processed/all_images/2024-08-20_16-43-25/1724165071299499100.jpg,solaqua_labeled_fish/images/bag10_1724165071299499100.jpg
bag10,2024-08-20_16-43-25,1724165071468232000,63.360,raw_processed/all_images/2024-08-20_16-43-25/1724165071468232000.jpg,solaqua_labeled_fish/images/bag10_1724165071468232000.jpg
bag10,2024-08-20_16-43-25,1724165071624581100,63.516,raw_processed/all_images/2024-08-20_16-43-25/1724165071624581100.jpg,solaqua_labeled_fish/images/bag10_1724165071624581100.jpg
bag10,2024-08-20_16-43-25,1724165071790066200,63.682,raw_processed/all_images/2024-08-20_16-43-25/1724165071790066200.jpg,solaqua_labeled_fish/images/bag10_1724165071790066200.jpg
bag10,2024-08-20_16-43-25,1724165071939969900,63.832,raw_processed/all_images/2024-08-20_16-43-25/1724165071939969900.jpg,solaqua_labeled_fish/images/bag10_1724165071939969900.jpg
bag10,2024-08-20_16-43-25,1724165072110594800,64.002,raw_processed/all_images/2024-08-20_16-43-25/1724165072110594800.jpg,solaqua_labeled_fish/images/bag10_1724165072110594800.jpg
bag10,2024-08-20_16-43-25,1724165072260664100,64.152,raw_processed/all_images/2024-08-20_16-43-25/1724165072260664100.jpg,solaqua_labeled_fish/images/bag10_1724165072260664100.jpg
bag10,2024-08-20_16-43-25,1724165072429098500,64.321,raw_processed/all_images/2024-08-20_16-43-25/1724165072429098500.jpg,solaqua_labeled_fish/images/bag10_1724165072429098500.jpg
bag10,2024-08-20_16-43-25,1724165072580339300,64.472,raw_processed/all_images/2024-08-20_16-43-25/1724165072580339300.jpg,solaqua_labeled_fish/images/bag10_1724165072580339300.jpg
bag10,2024-08-20_16-43-25,1724165072745964700,64.638,raw_processed/all_images/2024-08-20_16-43-25/1724165072745964700.jpg,solaqua_labeled_fish/images/bag10_1724165072745964700.jpg
bag10,2024-08-20_16-43-25,1724165072897601700,64.789,raw_processed/all_images/2024-08-20_16-43-25/1724165072897601700.jpg,solaqua_labeled_fish/images/bag10_1724165072897601700.jpg
bag10,2024-08-20_16-43-25,1724165073067936300,64.960,raw_processed/all_images/2024-08-20_16-43-25/1724165073067936300.jpg,solaqua_labeled_fish/images/bag10_1724165073067936300.jpg
bag10,2024-08-20_16-43-25,1724165073220061500,65.112,raw_processed/all_images/2024-08-20_16-43-25/1724165073220061500.jpg,solaqua_labeled_fish/images/bag10_1724165073220061500.jpg
bag10,2024-08-20_16-43-25,1724165073388511500,65.280,raw_processed/all_images/2024-08-20_16-43-25/1724165073388511500.jpg,solaqua_labeled_fish/images/bag10_1724165073388511500.jpg
bag10,2024-08-20_16-43-25,1724165073538977000,65.431,raw_processed/all_images/2024-08-20_16-43-25/1724165073538977000.jpg,solaqua_labeled_fish/images/bag10_1724165073538977000.jpg
bag10,2024-08-20_16-43-25,1724165073711040700,65.603,raw_processed/all_images/2024-08-20_16-43-25/1724165073711040700.jpg,solaqua_labeled_fish/images/bag10_1724165073711040700.jpg
bag10,2024-08-20_16-43-25,1724165073861961600,65.754,raw_processed/all_images/2024-08-20_16-43-25/1724165073861961600.jpg,solaqua_labeled_fish/images/bag10_1724165073861961600.jpg
bag10,2024-08-20_16-43-25,1724165074028434700,65.920,raw_processed/all_images/2024-08-20_16-43-25/1724165074028434700.jpg,solaqua_labeled_fish/images/bag10_1724165074028434700.jpg
bag10,2024-08-20_16-43-25,1724165074181712800,66.073,raw_processed/all_images/2024-08-20_16-43-25/1724165074181712800.jpg,solaqua_labeled_fish/images/bag10_1724165074181712800.jpg
bag10,2024-08-20_16-43-25,1724165074349785300,66.241,raw_processed/all_images/2024-08-20_16-43-25/1724165074349785300.jpg,solaqua_labeled_fish/images/bag10_1724165074349785300.jpg
bag10,2024-08-20_16-43-25,1724165074501433700,66.393,raw_processed/all_images/2024-08-20_16-43-25/1724165074501433700.jpg,solaqua_labeled_fish/images/bag10_1724165074501433700.jpg
bag10,2024-08-20_16-43-25,1724165074669888800,66.561,raw_processed/all_images/2024-08-20_16-43-25/1724165074669888800.jpg,solaqua_labeled_fish/images/bag10_1724165074669888800.jpg
bag10,2024-08-20_16-43-25,1724165074822055300,66.714,raw_processed/all_images/2024-08-20_16-43-25/1724165074822055300.jpg,solaqua_labeled_fish/images/bag10_1724165074822055300.jpg
bag10,2024-08-20_16-43-25,1724165074991077900,66.883,raw_processed/all_images/2024-08-20_16-43-25/1724165074991077900.jpg,solaqua_labeled_fish/images/bag10_1724165074991077900.jpg
bag10,2024-08-20_16-43-25,1724165075141184300,67.033,raw_processed/all_images/2024-08-20_16-43-25/1724165075141184300.jpg,solaqua_labeled_fish/images/bag10_1724165075141184300.jpg
bag10,2024-08-20_16-43-25,1724165075309866700,67.201,raw_processed/all_images/2024-08-20_16-43-25/1724165075309866700.jpg,solaqua_labeled_fish/images/bag10_1724165075309866700.jpg
bag10,2024-08-20_16-43-25,1724165075460124700,67.352,raw_processed/all_images/2024-08-20_16-43-25/1724165075460124700.jpg,solaqua_labeled_fish/images/bag10_1724165075460124700.jpg
bag10,2024-08-20_16-43-25,1724165075628428300,67.520,raw_processed/all_images/2024-08-20_16-43-25/1724165075628428300.jpg,solaqua_labeled_fish/images/bag10_1724165075628428300.jpg
bag10,2024-08-20_16-43-25,1724165075782076100,67.674,raw_processed/all_images/2024-08-20_16-43-25/1724165075782076100.jpg,solaqua_labeled_fish/images/bag10_1724165075782076100.jpg
bag10,2024-08-20_16-43-25,1724165075949939900,67.842,raw_processed/all_images/2024-08-20_16-43-25/1724165075949939900.jpg,solaqua_labeled_fish/images/bag10_1724165075949939900.jpg
bag10,2024-08-20_16-43-25,1724165076101769400,67.993,raw_processed/all_images/2024-08-20_16-43-25/1724165076101769400.jpg,solaqua_labeled_fish/images/bag10_1724165076101769400.jpg
bag10,2024-08-20_16-43-25,1724165076255777200,68.147,raw_processed/all_images/2024-08-20_16-43-25/1724165076255777200.jpg,solaqua_labeled_fish/images/bag10_1724165076255777200.jpg
bag10,2024-08-20_16-43-25,1724165076422910300,68.314,raw_processed/all_images/2024-08-20_16-43-25/1724165076422910300.jpg,solaqua_labeled_fish/images/bag10_1724165076422910300.jpg
bag10,2024-08-20_16-43-25,1724165076578005800,68.470,raw_processed/all_images/2024-08-20_16-43-25/1724165076578005800.jpg,solaqua_labeled_fish/images/bag10_1724165076578005800.jpg
bag10,2024-08-20_16-43-25,1724165076744863000,68.636,raw_processed/all_images/2024-08-20_16-43-25/1724165076744863000.jpg,solaqua_labeled_fish/images/bag10_1724165076744863000.jpg
bag10,2024-08-20_16-43-25,1724165076910267800,68.802,raw_processed/all_images/2024-08-20_16-43-25/1724165076910267800.jpg,solaqua_labeled_fish/images/bag10_1724165076910267800.jpg
bag11,2024-08-20_16-45-21,1724165160861744900,37.005,raw_processed/all_images/2024-08-20_16-45-21/1724165160861744900.jpg,solaqua_labeled_fish/images/bag11_1724165160861744900.jpg
bag11,2024-08-20_16-45-21,1724165161029414900,37.172,raw_processed/all_images/2024-08-20_16-45-21/1724165161029414900.jpg,solaqua_labeled_fish/images/bag11_1724165161029414900.jpg
bag11,2024-08-20_16-45-21,1724165161184136700,37.327,raw_processed/all_images/2024-08-20_16-45-21/1724165161184136700.jpg,solaqua_labeled_fish/images/bag11_1724165161184136700.jpg
bag11,2024-08-20_16-45-21,1724165161352179300,37.495,raw_processed/all_images/2024-08-20_16-45-21/1724165161352179300.jpg,solaqua_labeled_fish/images/bag11_1724165161352179300.jpg
bag11,2024-08-20_16-45-21,1724165161501979100,37.645,raw_processed/all_images/2024-08-20_16-45-21/1724165161501979100.jpg,solaqua_labeled_fish/images/bag11_1724165161501979100.jpg
bag11,2024-08-20_16-45-21,1724165161668432800,37.811,raw_processed/all_images/2024-08-20_16-45-21/1724165161668432800.jpg,solaqua_labeled_fish/images/bag11_1724165161668432800.jpg
bag11,2024-08-20_16-45-21,1724165161820780600,37.964,raw_processed/all_images/2024-08-20_16-45-21/1724165161820780600.jpg,solaqua_labeled_fish/images/bag11_1724165161820780600.jpg
bag11,2024-08-20_16-45-21,1724165161987451700,38.130,raw_processed/all_images/2024-08-20_16-45-21/1724165161987451700.jpg,solaqua_labeled_fish/images/bag11_1724165161987451700.jpg
bag11,2024-08-20_16-45-21,1724165162139817300,38.283,raw_processed/all_images/2024-08-20_16-45-21/1724165162139817300.jpg,solaqua_labeled_fish/images/bag11_1724165162139817300.jpg
bag11,2024-08-20_16-45-21,1724165162305850300,38.449,raw_processed/all_images/2024-08-20_16-45-21/1724165162305850300.jpg,solaqua_labeled_fish/images/bag11_1724165162305850300.jpg
bag11,2024-08-20_16-45-21,1724165162461176900,38.604,raw_processed/all_images/2024-08-20_16-45-21/1724165162461176900.jpg,solaqua_labeled_fish/images/bag11_1724165162461176900.jpg
bag11,2024-08-20_16-45-21,1724165162626227900,38.769,raw_processed/all_images/2024-08-20_16-45-21/1724165162626227900.jpg,solaqua_labeled_fish/images/bag11_1724165162626227900.jpg
bag11,2024-08-20_16-45-21,1724165162780636200,38.924,raw_processed/all_images/2024-08-20_16-45-21/1724165162780636200.jpg,solaqua_labeled_fish/images/bag11_1724165162780636200.jpg
bag11,2024-08-20_16-45-21,1724165162947138600,39.090,raw_processed/all_images/2024-08-20_16-45-21/1724165162947138600.jpg,solaqua_labeled_fish/images/bag11_1724165162947138600.jpg
bag11,2024-08-20_16-45-21,1724165163099580700,39.243,raw_processed/all_images/2024-08-20_16-45-21/1724165163099580700.jpg,solaqua_labeled_fish/images/bag11_1724165163099580700.jpg
bag11,2024-08-20_16-45-21,1724165163266814900,39.410,raw_processed/all_images/2024-08-20_16-45-21/1724165163266814900.jpg,solaqua_labeled_fish/images/bag11_1724165163266814900.jpg
bag11,2024-08-20_16-45-21,1724165163418679200,39.562,raw_processed/all_images/2024-08-20_16-45-21/1724165163418679200.jpg,solaqua_labeled_fish/images/bag11_1724165163418679200.jpg
bag11,2024-08-20_16-45-21,1724165163582207800,39.725,raw_processed/all_images/2024-08-20_16-45-21/1724165163582207800.jpg,solaqua_labeled_fish/images/bag11_1724165163582207800.jpg
bag11,2024-08-20_16-45-21,1724165163750133200,39.893,raw_processed/all_images/2024-08-20_16-45-21/1724165163750133200.jpg,solaqua_labeled_fish/images/bag11_1724165163750133200.jpg
bag11,2024-08-20_16-45-21,1724165163906332800,40.049,raw_processed/all_images/2024-08-20_16-45-21/1724165163906332800.jpg,solaqua_labeled_fish/images/bag11_1724165163906332800.jpg
bag11,2024-08-20_16-45-21,1724165164059275100,40.202,raw_processed/all_images/2024-08-20_16-45-21/1724165164059275100.jpg,solaqua_labeled_fish/images/bag11_1724165164059275100.jpg
bag11,2024-08-20_16-45-21,1724165164225438000,40.368,raw_processed/all_images/2024-08-20_16-45-21/1724165164225438000.jpg,solaqua_labeled_fish/images/bag11_1724165164225438000.jpg
bag11,2024-08-20_16-45-21,1724165164380130000,40.523,raw_processed/all_images/2024-08-20_16-45-21/1724165164380130000.jpg,solaqua_labeled_fish/images/bag11_1724165164380130000.jpg
bag11,2024-08-20_16-45-21,1724165164548008200,40.691,raw_processed/all_images/2024-08-20_16-45-21/1724165164548008200.jpg,solaqua_labeled_fish/images/bag11_1724165164548008200.jpg
bag11,2024-08-20_16-45-21,1724165164701553700,40.845,raw_processed/all_images/2024-08-20_16-45-21/1724165164701553700.jpg,solaqua_labeled_fish/images/bag11_1724165164701553700.jpg
bag11,2024-08-20_16-45-21,1724165164869505500,41.013,raw_processed/all_images/2024-08-20_16-45-21/1724165164869505500.jpg,solaqua_labeled_fish/images/bag11_1724165164869505500.jpg
bag11,2024-08-20_16-45-21,1724165165021611400,41.165,raw_processed/all_images/2024-08-20_16-45-21/1724165165021611400.jpg,solaqua_labeled_fish/images/bag11_1724165165021611400.jpg
bag11,2024-08-20_16-45-21,1724165165188630400,41.332,raw_processed/all_images/2024-08-20_16-45-21/1724165165188630400.jpg,solaqua_labeled_fish/images/bag11_1724165165188630400.jpg
bag11,2024-08-20_16-45-21,1724165165342863500,41.486,raw_processed/all_images/2024-08-20_16-45-21/1724165165342863500.jpg,solaqua_labeled_fish/images/bag11_1724165165342863500.jpg
bag11,2024-08-20_16-45-21,1724165165510100900,41.653,raw_processed/all_images/2024-08-20_16-45-21/1724165165510100900.jpg,solaqua_labeled_fish/images/bag11_1724165165510100900.jpg
bag11,2024-08-20_16-45-21,1724165165662853000,41.806,raw_processed/all_images/2024-08-20_16-45-21/1724165165662853000.jpg,solaqua_labeled_fish/images/bag11_1724165165662853000.jpg
bag11,2024-08-20_16-45-21,1724165165830304000,41.973,raw_processed/all_images/2024-08-20_16-45-21/1724165165830304000.jpg,solaqua_labeled_fish/images/bag11_1724165165830304000.jpg
bag11,2024-08-20_16-45-21,1724165165982978900,42.126,raw_processed/all_images/2024-08-20_16-45-21/1724165165982978900.jpg,solaqua_labeled_fish/images/bag11_1724165165982978900.jpg
bag11,2024-08-20_16-45-21,1724165166150562800,42.294,raw_processed/all_images/2024-08-20_16-45-21/1724165166150562800.jpg,solaqua_labeled_fish/images/bag11_1724165166150562800.jpg
bag11,2024-08-20_16-45-21,1724165166302481900,42.445,raw_processed/all_images/2024-08-20_16-45-21/1724165166302481900.jpg,solaqua_labeled_fish/images/bag11_1724165166302481900.jpg
bag11,2024-08-20_16-45-21,1724165166471530500,42.615,raw_processed/all_images/2024-08-20_16-45-21/1724165166471530500.jpg,solaqua_labeled_fish/images/bag11_1724165166471530500.jpg
bag11,2024-08-20_16-45-21,1724165166626175600,42.769,raw_processed/all_images/2024-08-20_16-45-21/1724165166626175600.jpg,solaqua_labeled_fish/images/bag11_1724165166626175600.jpg
bag11,2024-08-20_16-45-21,1724165166790994400,42.934,raw_processed/all_images/2024-08-20_16-45-21/1724165166790994400.jpg,solaqua_labeled_fish/images/bag11_1724165166790994400.jpg
bag11,2024-08-20_16-45-21,1724165166942632800,43.086,raw_processed/all_images/2024-08-20_16-45-21/1724165166942632800.jpg,solaqua_labeled_fish/images/bag11_1724165166942632800.jpg
bag11,2024-08-20_16-45-21,1724165167108592700,43.252,raw_processed/all_images/2024-08-20_16-45-21/1724165167108592700.jpg,solaqua_labeled_fish/images/bag11_1724165167108592700.jpg
bag11,2024-08-20_16-45-21,1724165167260426900,43.403,raw_processed/all_images/2024-08-20_16-45-21/1724165167260426900.jpg,solaqua_labeled_fish/images/bag11_1724165167260426900.jpg
bag11,2024-08-20_16-45-21,1724165167427863400,43.571,raw_processed/all_images/2024-08-20_16-45-21/1724165167427863400.jpg,solaqua_labeled_fish/images/bag11_1724165167427863400.jpg
bag11,2024-08-20_16-45-21,1724165167580778100,43.724,raw_processed/all_images/2024-08-20_16-45-21/1724165167580778100.jpg,solaqua_labeled_fish/images/bag11_1724165167580778100.jpg
bag11,2024-08-20_16-45-21,1724165167751749500,43.895,raw_processed/all_images/2024-08-20_16-45-21/1724165167751749500.jpg,solaqua_labeled_fish/images/bag11_1724165167751749500.jpg
bag11,2024-08-20_16-45-21,1724165167901737200,44.045,raw_processed/all_images/2024-08-20_16-45-21/1724165167901737200.jpg,solaqua_labeled_fish/images/bag11_1724165167901737200.jpg
bag11,2024-08-20_16-45-21,1724165168068399100,44.211,raw_processed/all_images/2024-08-20_16-45-21/1724165168068399100.jpg,solaqua_labeled_fish/images/bag11_1724165168068399100.jpg
bag11,2024-08-20_16-45-21,1724165168221062400,44.364,raw_processed/all_images/2024-08-20_16-45-21/1724165168221062400.jpg,solaqua_labeled_fish/images/bag11_1724165168221062400.jpg
bag11,2024-08-20_16-45-21,1724165168387311400,44.530,raw_processed/all_images/2024-08-20_16-45-21/1724165168387311400.jpg,solaqua_labeled_fish/images/bag11_1724165168387311400.jpg
bag11,2024-08-20_16-45-21,1724165168538096700,44.681,raw_processed/all_images/2024-08-20_16-45-21/1724165168538096700.jpg,solaqua_labeled_fish/images/bag11_1724165168538096700.jpg
bag11,2024-08-20_16-45-21,1724165168704940700,44.848,raw_processed/all_images/2024-08-20_16-45-21/1724165168704940700.jpg,solaqua_labeled_fish/images/bag11_1724165168704940700.jpg
bag11,2024-08-20_16-45-21,1724165168857878100,45.001,raw_processed/all_images/2024-08-20_16-45-21/1724165168857878100.jpg,solaqua_labeled_fish/images/bag11_1724165168857878100.jpg
bag11,2024-08-20_16-45-21,1724165169025709200,45.169,raw_processed/all_images/2024-08-20_16-45-21/1724165169025709200.jpg,solaqua_labeled_fish/images/bag11_1724165169025709200.jpg
bag11,2024-08-20_16-45-21,1724165169190394300,45.333,raw_processed/all_images/2024-08-20_16-45-21/1724165169190394300.jpg,solaqua_labeled_fish/images/bag11_1724165169190394300.jpg
bag11,2024-08-20_16-45-21,1724165169342139000,45.485,raw_processed/all_images/2024-08-20_16-45-21/1724165169342139000.jpg,solaqua_labeled_fish/images/bag11_1724165169342139000.jpg
bag11,2024-08-20_16-45-21,1724165169507307300,45.650,raw_processed/all_images/2024-08-20_16-45-21/1724165169507307300.jpg,solaqua_labeled_fish/images/bag11_1724165169507307300.jpg
bag11,2024-08-20_16-45-21,1724165169661418000,45.804,raw_processed/all_images/2024-08-20_16-45-21/1724165169661418000.jpg,solaqua_labeled_fish/images/bag11_1724165169661418000.jpg
bag11,2024-08-20_16-45-21,1724165169829312400,45.972,raw_processed/all_images/2024-08-20_16-45-21/1724165169829312400.jpg,solaqua_labeled_fish/images/bag11_1724165169829312400.jpg
bag11,2024-08-20_16-45-21,1724165169981431000,46.124,raw_processed/all_images/2024-08-20_16-45-21/1724165169981431000.jpg,solaqua_labeled_fish/images/bag11_1724165169981431000.jpg
bag11,2024-08-20_16-45-21,1724165170150214100,46.293,raw_processed/all_images/2024-08-20_16-45-21/1724165170150214100.jpg,solaqua_labeled_fish/images/bag11_1724165170150214100.jpg
bag11,2024-08-20_16-45-21,1724165170302782600,46.446,raw_processed/all_images/2024-08-20_16-45-21/1724165170302782600.jpg,solaqua_labeled_fish/images/bag11_1724165170302782600.jpg
bag11,2024-08-20_16-45-21,1724165170468717800,46.612,raw_processed/all_images/2024-08-20_16-45-21/1724165170468717800.jpg,solaqua_labeled_fish/images/bag11_1724165170468717800.jpg
bag11,2024-08-20_16-45-21,1724165170620087300,46.763,raw_processed/all_images/2024-08-20_16-45-21/1724165170620087300.jpg,solaqua_labeled_fish/images/bag11_1724165170620087300.jpg
bag12,2024-08-20_16-47-54,1724165295510107800,19.044,raw_processed/all_images/2024-08-20_16-47-54/1724165295510107800.jpg,solaqua_labeled_fish/images/bag12_1724165295510107800.jpg
bag12,2024-08-20_16-47-54,1724165295661478900,19.195,raw_processed/all_images/2024-08-20_16-47-54/1724165295661478900.jpg,solaqua_labeled_fish/images/bag12_1724165295661478900.jpg
bag12,2024-08-20_16-47-54,1724165295826805200,19.360,raw_processed/all_images/2024-08-20_16-47-54/1724165295826805200.jpg,solaqua_labeled_fish/images/bag12_1724165295826805200.jpg
bag12,2024-08-20_16-47-54,1724165295979085200,19.513,raw_processed/all_images/2024-08-20_16-47-54/1724165295979085200.jpg,solaqua_labeled_fish/images/bag12_1724165295979085200.jpg
bag12,2024-08-20_16-47-54,1724165296150699500,19.684,raw_processed/all_images/2024-08-20_16-47-54/1724165296150699500.jpg,solaqua_labeled_fish/images/bag12_1724165296150699500.jpg
bag12,2024-08-20_16-47-54,1724165296301746300,19.835,raw_processed/all_images/2024-08-20_16-47-54/1724165296301746300.jpg,solaqua_labeled_fish/images/bag12_1724165296301746300.jpg
bag12,2024-08-20_16-47-54,1724165296470092400,20.004,raw_processed/all_images/2024-08-20_16-47-54/1724165296470092400.jpg,solaqua_labeled_fish/images/bag12_1724165296470092400.jpg
bag12,2024-08-20_16-47-54,1724165296622556400,20.156,raw_processed/all_images/2024-08-20_16-47-54/1724165296622556400.jpg,solaqua_labeled_fish/images/bag12_1724165296622556400.jpg
bag12,2024-08-20_16-47-54,1724165296790077400,20.324,raw_processed/all_images/2024-08-20_16-47-54/1724165296790077400.jpg,solaqua_labeled_fish/images/bag12_1724165296790077400.jpg
bag12,2024-08-20_16-47-54,1724165296945435700,20.479,raw_processed/all_images/2024-08-20_16-47-54/1724165296945435700.jpg,solaqua_labeled_fish/images/bag12_1724165296945435700.jpg
bag12,2024-08-20_16-47-54,1724165297096449800,20.630,raw_processed/all_images/2024-08-20_16-47-54/1724165297096449800.jpg,solaqua_labeled_fish/images/bag12_1724165297096449800.jpg
bag12,2024-08-20_16-47-54,1724165297263800600,20.797,raw_processed/all_images/2024-08-20_16-47-54/1724165297263800600.jpg,solaqua_labeled_fish/images/bag12_1724165297263800600.jpg
bag12,2024-08-20_16-47-54,1724165297431761500,20.965,raw_processed/all_images/2024-08-20_16-47-54/1724165297431761500.jpg,solaqua_labeled_fish/images/bag12_1724165297431761500.jpg
bag12,2024-08-20_16-47-54,1724165297583062700,21.117,raw_processed/all_images/2024-08-20_16-47-54/1724165297583062700.jpg,solaqua_labeled_fish/images/bag12_1724165297583062700.jpg
bag12,2024-08-20_16-47-54,1724165297749624400,21.283,raw_processed/all_images/2024-08-20_16-47-54/1724165297749624400.jpg,solaqua_labeled_fish/images/bag12_1724165297749624400.jpg
bag12,2024-08-20_16-47-54,1724165297904018700,21.437,raw_processed/all_images/2024-08-20_16-47-54/1724165297904018700.jpg,solaqua_labeled_fish/images/bag12_1724165297904018700.jpg
bag12,2024-08-20_16-47-54,1724165298069039300,21.602,raw_processed/all_images/2024-08-20_16-47-54/1724165298069039300.jpg,solaqua_labeled_fish/images/bag12_1724165298069039300.jpg
bag12,2024-08-20_16-47-54,1724165298222474400,21.756,raw_processed/all_images/2024-08-20_16-47-54/1724165298222474400.jpg,solaqua_labeled_fish/images/bag12_1724165298222474400.jpg
bag12,2024-08-20_16-47-54,1724165298394364400,21.928,raw_processed/all_images/2024-08-20_16-47-54/1724165298394364400.jpg,solaqua_labeled_fish/images/bag12_1724165298394364400.jpg
bag12,2024-08-20_16-47-54,1724165298543265800,22.077,raw_processed/all_images/2024-08-20_16-47-54/1724165298543265800.jpg,solaqua_labeled_fish/images/bag12_1724165298543265800.jpg
bag12,2024-08-20_16-47-54,1724165298711812700,22.245,raw_processed/all_images/2024-08-20_16-47-54/1724165298711812700.jpg,solaqua_labeled_fish/images/bag12_1724165298711812700.jpg
bag12,2024-08-20_16-47-54,1724165298863272800,22.397,raw_processed/all_images/2024-08-20_16-47-54/1724165298863272800.jpg,solaqua_labeled_fish/images/bag12_1724165298863272800.jpg
bag12,2024-08-20_16-47-54,1724165299016521400,22.550,raw_processed/all_images/2024-08-20_16-47-54/1724165299016521400.jpg,solaqua_labeled_fish/images/bag12_1724165299016521400.jpg
bag12,2024-08-20_16-47-54,1724165299187725800,22.721,raw_processed/all_images/2024-08-20_16-47-54/1724165299187725800.jpg,solaqua_labeled_fish/images/bag12_1724165299187725800.jpg
bag12,2024-08-20_16-47-54,1724165299342687900,22.876,raw_processed/all_images/2024-08-20_16-47-54/1724165299342687900.jpg,solaqua_labeled_fish/images/bag12_1724165299342687900.jpg
bag12,2024-08-20_16-47-54,1724165299508591100,23.042,raw_processed/all_images/2024-08-20_16-47-54/1724165299508591100.jpg,solaqua_labeled_fish/images/bag12_1724165299508591100.jpg
bag12,2024-08-20_16-47-54,1724165299662349400,23.196,raw_processed/all_images/2024-08-20_16-47-54/1724165299662349400.jpg,solaqua_labeled_fish/images/bag12_1724165299662349400.jpg
bag12,2024-08-20_16-47-54,1724165299829325600,23.363,raw_processed/all_images/2024-08-20_16-47-54/1724165299829325600.jpg,solaqua_labeled_fish/images/bag12_1724165299829325600.jpg
bag12,2024-08-20_16-47-54,1724165299981793600,23.515,raw_processed/all_images/2024-08-20_16-47-54/1724165299981793600.jpg,solaqua_labeled_fish/images/bag12_1724165299981793600.jpg
bag12,2024-08-20_16-47-54,1724165300148638000,23.682,raw_processed/all_images/2024-08-20_16-47-54/1724165300148638000.jpg,solaqua_labeled_fish/images/bag12_1724165300148638000.jpg
bag12,2024-08-20_16-47-54,1724165300301425000,23.835,raw_processed/all_images/2024-08-20_16-47-54/1724165300301425000.jpg,solaqua_labeled_fish/images/bag12_1724165300301425000.jpg
bag12,2024-08-20_16-47-54,1724165300469230300,24.003,raw_processed/all_images/2024-08-20_16-47-54/1724165300469230300.jpg,solaqua_labeled_fish/images/bag12_1724165300469230300.jpg
bag12,2024-08-20_16-47-54,1724165300621475600,24.155,raw_processed/all_images/2024-08-20_16-47-54/1724165300621475600.jpg,solaqua_labeled_fish/images/bag12_1724165300621475600.jpg
bag12,2024-08-20_16-47-54,1724165300790653500,24.324,raw_processed/all_images/2024-08-20_16-47-54/1724165300790653500.jpg,solaqua_labeled_fish/images/bag12_1724165300790653500.jpg
bag12,2024-08-20_16-47-54,1724165300944566200,24.478,raw_processed/all_images/2024-08-20_16-47-54/1724165300944566200.jpg,solaqua_labeled_fish/images/bag12_1724165300944566200.jpg
bag12,2024-08-20_16-47-54,1724165301109205300,24.643,raw_processed/all_images/2024-08-20_16-47-54/1724165301109205300.jpg,solaqua_labeled_fish/images/bag12_1724165301109205300.jpg
bag12,2024-08-20_16-47-54,1724165301261494000,24.795,raw_processed/all_images/2024-08-20_16-47-54/1724165301261494000.jpg,solaqua_labeled_fish/images/bag12_1724165301261494000.jpg
bag12,2024-08-20_16-47-54,1724165301431113800,24.965,raw_processed/all_images/2024-08-20_16-47-54/1724165301431113800.jpg,solaqua_labeled_fish/images/bag12_1724165301431113800.jpg
bag12,2024-08-20_16-47-54,1724165301594000200,25.127,raw_processed/all_images/2024-08-20_16-47-54/1724165301594000200.jpg,solaqua_labeled_fish/images/bag12_1724165301594000200.jpg
bag12,2024-08-20_16-47-54,1724165301749698100,25.283,raw_processed/all_images/2024-08-20_16-47-54/1724165301749698100.jpg,solaqua_labeled_fish/images/bag12_1724165301749698100.jpg
bag12,2024-08-20_16-47-54,1724165301920976600,25.454,raw_processed/all_images/2024-08-20_16-47-54/1724165301920976600.jpg,solaqua_labeled_fish/images/bag12_1724165301920976600.jpg
bag12,2024-08-20_16-47-54,1724165302062121300,25.596,raw_processed/all_images/2024-08-20_16-47-54/1724165302062121300.jpg,solaqua_labeled_fish/images/bag12_1724165302062121300.jpg
bag12,2024-08-20_16-47-54,1724165302224973200,25.758,raw_processed/all_images/2024-08-20_16-47-54/1724165302224973200.jpg,solaqua_labeled_fish/images/bag12_1724165302224973200.jpg
bag12,2024-08-20_16-47-54,1724165302389616500,25.923,raw_processed/all_images/2024-08-20_16-47-54/1724165302389616500.jpg,solaqua_labeled_fish/images/bag12_1724165302389616500.jpg
bag12,2024-08-20_16-47-54,1724165302540614600,26.074,raw_processed/all_images/2024-08-20_16-47-54/1724165302540614600.jpg,solaqua_labeled_fish/images/bag12_1724165302540614600.jpg
bag12,2024-08-20_16-47-54,1724165302706716200,26.240,raw_processed/all_images/2024-08-20_16-47-54/1724165302706716200.jpg,solaqua_labeled_fish/images/bag12_1724165302706716200.jpg
bag12,2024-08-20_16-47-54,1724165302860735900,26.394,raw_processed/all_images/2024-08-20_16-47-54/1724165302860735900.jpg,solaqua_labeled_fish/images/bag12_1724165302860735900.jpg
bag12,2024-08-20_16-47-54,1724165303028209900,26.562,raw_processed/all_images/2024-08-20_16-47-54/1724165303028209900.jpg,solaqua_labeled_fish/images/bag12_1724165303028209900.jpg
bag12,2024-08-20_16-47-54,1724165303179616400,26.713,raw_processed/all_images/2024-08-20_16-47-54/1724165303179616400.jpg,solaqua_labeled_fish/images/bag12_1724165303179616400.jpg
bag12,2024-08-20_16-47-54,1724165303348413800,26.882,raw_processed/all_images/2024-08-20_16-47-54/1724165303348413800.jpg,solaqua_labeled_fish/images/bag12_1724165303348413800.jpg
bag12,2024-08-20_16-47-54,1724165345540395400,69.074,raw_processed/all_images/2024-08-20_16-47-54/1724165345540395400.jpg,solaqua_labeled_fish/images/bag12_1724165345540395400.jpg
bag12,2024-08-20_16-47-54,1724165345706364100,69.240,raw_processed/all_images/2024-08-20_16-47-54/1724165345706364100.jpg,solaqua_labeled_fish/images/bag12_1724165345706364100.jpg
bag12,2024-08-20_16-47-54,1724165345859349000,69.393,raw_processed/all_images/2024-08-20_16-47-54/1724165345859349000.jpg,solaqua_labeled_fish/images/bag12_1724165345859349000.jpg
bag12,2024-08-20_16-47-54,1724165346031854200,69.565,raw_processed/all_images/2024-08-20_16-47-54/1724165346031854200.jpg,solaqua_labeled_fish/images/bag12_1724165346031854200.jpg
bag12,2024-08-20_16-47-54,1724165346179645000,69.713,raw_processed/all_images/2024-08-20_16-47-54/1724165346179645000.jpg,solaqua_labeled_fish/images/bag12_1724165346179645000.jpg
bag12,2024-08-20_16-47-54,1724165346346869600,69.880,raw_processed/all_images/2024-08-20_16-47-54/1724165346346869600.jpg,solaqua_labeled_fish/images/bag12_1724165346346869600.jpg
bag12,2024-08-20_16-47-54,1724165346499377400,70.033,raw_processed/all_images/2024-08-20_16-47-54/1724165346499377400.jpg,solaqua_labeled_fish/images/bag12_1724165346499377400.jpg
bag12,2024-08-20_16-47-54,1724165346667138300,70.201,raw_processed/all_images/2024-08-20_16-47-54/1724165346667138300.jpg,solaqua_labeled_fish/images/bag12_1724165346667138300.jpg
bag12,2024-08-20_16-47-54,1724165346821970800,70.355,raw_processed/all_images/2024-08-20_16-47-54/1724165346821970800.jpg,solaqua_labeled_fish/images/bag12_1724165346821970800.jpg
bag12,2024-08-20_16-47-54,1724165346990022800,70.523,raw_processed/all_images/2024-08-20_16-47-54/1724165346990022800.jpg,solaqua_labeled_fish/images/bag12_1724165346990022800.jpg
bag12,2024-08-20_16-47-54,1724165347142648800,70.676,raw_processed/all_images/2024-08-20_16-47-54/1724165347142648800.jpg,solaqua_labeled_fish/images/bag12_1724165347142648800.jpg
bag12,2024-08-20_16-47-54,1724165347310488100,70.844,raw_processed/all_images/2024-08-20_16-47-54/1724165347310488100.jpg,solaqua_labeled_fish/images/bag12_1724165347310488100.jpg
bag12,2024-08-20_16-47-54,1724165347462769600,70.996,raw_processed/all_images/2024-08-20_16-47-54/1724165347462769600.jpg,solaqua_labeled_fish/images/bag12_1724165347462769600.jpg
bag12,2024-08-20_16-47-54,1724165347628887400,71.162,raw_processed/all_images/2024-08-20_16-47-54/1724165347628887400.jpg,solaqua_labeled_fish/images/bag12_1724165347628887400.jpg
bag12,2024-08-20_16-47-54,1724165347781651500,71.315,raw_processed/all_images/2024-08-20_16-47-54/1724165347781651500.jpg,solaqua_labeled_fish/images/bag12_1724165347781651500.jpg
bag12,2024-08-20_16-47-54,1724165347948795700,71.482,raw_processed/all_images/2024-08-20_16-47-54/1724165347948795700.jpg,solaqua_labeled_fish/images/bag12_1724165347948795700.jpg
bag12,2024-08-20_16-47-54,1724165348099890300,71.633,raw_processed/all_images/2024-08-20_16-47-54/1724165348099890300.jpg,solaqua_labeled_fish/images/bag12_1724165348099890300.jpg
bag12,2024-08-20_16-47-54,1724165348269023600,71.802,raw_processed/all_images/2024-08-20_16-47-54/1724165348269023600.jpg,solaqua_labeled_fish/images/bag12_1724165348269023600.jpg
bag12,2024-08-20_16-47-54,1724165348420229200,71.954,raw_processed/all_images/2024-08-20_16-47-54/1724165348420229200.jpg,solaqua_labeled_fish/images/bag12_1724165348420229200.jpg
bag12,2024-08-20_16-47-54,1724165348588181100,72.122,raw_processed/all_images/2024-08-20_16-47-54/1724165348588181100.jpg,solaqua_labeled_fish/images/bag12_1724165348588181100.jpg
bag12,2024-08-20_16-47-54,1724165348739214400,72.273,raw_processed/all_images/2024-08-20_16-47-54/1724165348739214400.jpg,solaqua_labeled_fish/images/bag12_1724165348739214400.jpg
bag12,2024-08-20_16-47-54,1724165348909264300,72.443,raw_processed/all_images/2024-08-20_16-47-54/1724165348909264300.jpg,solaqua_labeled_fish/images/bag12_1724165348909264300.jpg
bag12,2024-08-20_16-47-54,1724165349062424700,72.596,raw_processed/all_images/2024-08-20_16-47-54/1724165349062424700.jpg,solaqua_labeled_fish/images/bag12_1724165349062424700.jpg
bag12,2024-08-20_16-47-54,1724165349230154800,72.764,raw_processed/all_images/2024-08-20_16-47-54/1724165349230154800.jpg,solaqua_labeled_fish/images/bag12_1724165349230154800.jpg
bag12,2024-08-20_16-47-54,1724165349379748000,72.913,raw_processed/all_images/2024-08-20_16-47-54/1724165349379748000.jpg,solaqua_labeled_fish/images/bag12_1724165349379748000.jpg
bag12,2024-08-20_16-47-54,1724165349549868700,73.083,raw_processed/all_images/2024-08-20_16-47-54/1724165349549868700.jpg,solaqua_labeled_fish/images/bag12_1724165349549868700.jpg
bag12,2024-08-20_16-47-54,1724165349701171000,73.235,raw_processed/all_images/2024-08-20_16-47-54/1724165349701171000.jpg,solaqua_labeled_fish/images/bag12_1724165349701171000.jpg
bag12,2024-08-20_16-47-54,1724165349868000300,73.401,raw_processed/all_images/2024-08-20_16-47-54/1724165349868000300.jpg,solaqua_labeled_fish/images/bag12_1724165349868000300.jpg
bag12,2024-08-20_16-47-54,1724165350019008100,73.552,raw_processed/all_images/2024-08-20_16-47-54/1724165350019008100.jpg,solaqua_labeled_fish/images/bag12_1724165350019008100.jpg
bag12,2024-08-20_16-47-54,1724165350189025700,73.722,raw_processed/all_images/2024-08-20_16-47-54/1724165350189025700.jpg,solaqua_labeled_fish/images/bag12_1724165350189025700.jpg
bag12,2024-08-20_16-47-54,1724165350339710500,73.873,raw_processed/all_images/2024-08-20_16-47-54/1724165350339710500.jpg,solaqua_labeled_fish/images/bag12_1724165350339710500.jpg
bag12,2024-08-20_16-47-54,1724165350508296400,74.042,raw_processed/all_images/2024-08-20_16-47-54/1724165350508296400.jpg,solaqua_labeled_fish/images/bag12_1724165350508296400.jpg
bag12,2024-08-20_16-47-54,1724165350658961500,74.192,raw_processed/all_images/2024-08-20_16-47-54/1724165350658961500.jpg,solaqua_labeled_fish/images/bag12_1724165350658961500.jpg
bag12,2024-08-20_16-47-54,1724165350823019300,74.356,raw_processed/all_images/2024-08-20_16-47-54/1724165350823019300.jpg,solaqua_labeled_fish/images/bag12_1724165350823019300.jpg
bag12,2024-08-20_16-47-54,1724165350993029300,74.526,raw_processed/all_images/2024-08-20_16-47-54/1724165350993029300.jpg,solaqua_labeled_fish/images/bag12_1724165350993029300.jpg
bag12,2024-08-20_16-47-54,1724165351144953200,74.678,raw_processed/all_images/2024-08-20_16-47-54/1724165351144953200.jpg,solaqua_labeled_fish/images/bag12_1724165351144953200.jpg
bag12,2024-08-20_16-47-54,1724165351313764500,74.847,raw_processed/all_images/2024-08-20_16-47-54/1724165351313764500.jpg,solaqua_labeled_fish/images/bag12_1724165351313764500.jpg
bag12,2024-08-20_16-47-54,1724165351464268600,74.998,raw_processed/all_images/2024-08-20_16-47-54/1724165351464268600.jpg,solaqua_labeled_fish/images/bag12_1724165351464268600.jpg
bag12,2024-08-20_16-47-54,1724165351630864800,75.164,raw_processed/all_images/2024-08-20_16-47-54/1724165351630864800.jpg,solaqua_labeled_fish/images/bag12_1724165351630864800.jpg
bag12,2024-08-20_16-47-54,1724165351780744100,75.314,raw_processed/all_images/2024-08-20_16-47-54/1724165351780744100.jpg,solaqua_labeled_fish/images/bag12_1724165351780744100.jpg
bag13,2024-08-20_17-02-00,1724166164327039300,41.002,raw_processed/all_images/2024-08-20_17-02-00/1724166164327039300.jpg,solaqua_labeled_fish/images/bag13_1724166164327039300.jpg
bag13,2024-08-20_17-02-00,1724166164495857200,41.171,raw_processed/all_images/2024-08-20_17-02-00/1724166164495857200.jpg,solaqua_labeled_fish/images/bag13_1724166164495857200.jpg
bag13,2024-08-20_17-02-00,1724166164649606000,41.325,raw_processed/all_images/2024-08-20_17-02-00/1724166164649606000.jpg,solaqua_labeled_fish/images/bag13_1724166164649606000.jpg
bag13,2024-08-20_17-02-00,1724166164801176800,41.477,raw_processed/all_images/2024-08-20_17-02-00/1724166164801176800.jpg,solaqua_labeled_fish/images/bag13_1724166164801176800.jpg
bag13,2024-08-20_17-02-00,1724166164968570500,41.644,raw_processed/all_images/2024-08-20_17-02-00/1724166164968570500.jpg,solaqua_labeled_fish/images/bag13_1724166164968570500.jpg
bag13,2024-08-20_17-02-00,1724166165121892500,41.797,raw_processed/all_images/2024-08-20_17-02-00/1724166165121892500.jpg,solaqua_labeled_fish/images/bag13_1724166165121892500.jpg
bag13,2024-08-20_17-02-00,1724166165290562000,41.966,raw_processed/all_images/2024-08-20_17-02-00/1724166165290562000.jpg,solaqua_labeled_fish/images/bag13_1724166165290562000.jpg
bag13,2024-08-20_17-02-00,1724166165442419900,42.118,raw_processed/all_images/2024-08-20_17-02-00/1724166165442419900.jpg,solaqua_labeled_fish/images/bag13_1724166165442419900.jpg
bag13,2024-08-20_17-02-00,1724166165612583200,42.288,raw_processed/all_images/2024-08-20_17-02-00/1724166165612583200.jpg,solaqua_labeled_fish/images/bag13_1724166165612583200.jpg
bag13,2024-08-20_17-02-00,1724166165763088000,42.438,raw_processed/all_images/2024-08-20_17-02-00/1724166165763088000.jpg,solaqua_labeled_fish/images/bag13_1724166165763088000.jpg
bag13,2024-08-20_17-02-00,1724166165930271300,42.606,raw_processed/all_images/2024-08-20_17-02-00/1724166165930271300.jpg,solaqua_labeled_fish/images/bag13_1724166165930271300.jpg
bag13,2024-08-20_17-02-00,1724166166082216700,42.758,raw_processed/all_images/2024-08-20_17-02-00/1724166166082216700.jpg,solaqua_labeled_fish/images/bag13_1724166166082216700.jpg
bag13,2024-08-20_17-02-00,1724166166248867300,42.924,raw_processed/all_images/2024-08-20_17-02-00/1724166166248867300.jpg,solaqua_labeled_fish/images/bag13_1724166166248867300.jpg
bag13,2024-08-20_17-02-00,1724166166415559500,43.091,raw_processed/all_images/2024-08-20_17-02-00/1724166166415559500.jpg,solaqua_labeled_fish/images/bag13_1724166166415559500.jpg
bag13,2024-08-20_17-02-00,1724166166568194800,43.244,raw_processed/all_images/2024-08-20_17-02-00/1724166166568194800.jpg,solaqua_labeled_fish/images/bag13_1724166166568194800.jpg
bag13,2024-08-20_17-02-00,1724166166722280400,43.398,raw_processed/all_images/2024-08-20_17-02-00/1724166166722280400.jpg,solaqua_labeled_fish/images/bag13_1724166166722280400.jpg
bag13,2024-08-20_17-02-00,1724166166891148700,43.567,raw_processed/all_images/2024-08-20_17-02-00/1724166166891148700.jpg,solaqua_labeled_fish/images/bag13_1724166166891148700.jpg
bag13,2024-08-20_17-02-00,1724166167053939000,43.729,raw_processed/all_images/2024-08-20_17-02-00/1724166167053939000.jpg,solaqua_labeled_fish/images/bag13_1724166167053939000.jpg
bag13,2024-08-20_17-02-00,1724166167207150300,43.883,raw_processed/all_images/2024-08-20_17-02-00/1724166167207150300.jpg,solaqua_labeled_fish/images/bag13_1724166167207150300.jpg
bag13,2024-08-20_17-02-00,1724166170414175900,47.090,raw_processed/all_images/2024-08-20_17-02-00/1724166170414175900.jpg,solaqua_labeled_fish/images/bag13_1724166170414175900.jpg
bag13,2024-08-20_17-02-00,1724166170565827500,47.241,raw_processed/all_images/2024-08-20_17-02-00/1724166170565827500.jpg,solaqua_labeled_fish/images/bag13_1724166170565827500.jpg
bag13,2024-08-20_17-02-00,1724166170733296400,47.409,raw_processed/all_images/2024-08-20_17-02-00/1724166170733296400.jpg,solaqua_labeled_fish/images/bag13_1724166170733296400.jpg
bag13,2024-08-20_17-02-00,1724166170886823100,47.562,raw_processed/all_images/2024-08-20_17-02-00/1724166170886823100.jpg,solaqua_labeled_fish/images/bag13_1724166170886823100.jpg
bag13,2024-08-20_17-02-00,1724166171058089100,47.733,raw_processed/all_images/2024-08-20_17-02-00/1724166171058089100.jpg,solaqua_labeled_fish/images/bag13_1724166171058089100.jpg
bag13,2024-08-20_17-02-00,1724166171208331600,47.884,raw_processed/all_images/2024-08-20_17-02-00/1724166171208331600.jpg,solaqua_labeled_fish/images/bag13_1724166171208331600.jpg
bag13,2024-08-20_17-02-00,1724166171376635900,48.052,raw_processed/all_images/2024-08-20_17-02-00/1724166171376635900.jpg,solaqua_labeled_fish/images/bag13_1724166171376635900.jpg
bag13,2024-08-20_17-02-00,1724166171527653600,48.203,raw_processed/all_images/2024-08-20_17-02-00/1724166171527653600.jpg,solaqua_labeled_fish/images/bag13_1724166171527653600.jpg
bag13,2024-08-20_17-02-00,1724166171695270100,48.371,raw_processed/all_images/2024-08-20_17-02-00/1724166171695270100.jpg,solaqua_labeled_fish/images/bag13_1724166171695270100.jpg
bag13,2024-08-20_17-02-00,1724166171848720100,48.524,raw_processed/all_images/2024-08-20_17-02-00/1724166171848720100.jpg,solaqua_labeled_fish/images/bag13_1724166171848720100.jpg
bag13,2024-08-20_17-02-00,1724166172001297300,48.677,raw_processed/all_images/2024-08-20_17-02-00/1724166172001297300.jpg,solaqua_labeled_fish/images/bag13_1724166172001297300.jpg
bag13,2024-08-20_17-02-00,1724166172170519700,48.846,raw_processed/all_images/2024-08-20_17-02-00/1724166172170519700.jpg,solaqua_labeled_fish/images/bag13_1724166172170519700.jpg
bag13,2024-08-20_17-02-00,1724166172335486900,49.011,raw_processed/all_images/2024-08-20_17-02-00/1724166172335486900.jpg,solaqua_labeled_fish/images/bag13_1724166172335486900.jpg
bag13,2024-08-20_17-02-00,1724166172486451900,49.162,raw_processed/all_images/2024-08-20_17-02-00/1724166172486451900.jpg,solaqua_labeled_fish/images/bag13_1724166172486451900.jpg
bag13,2024-08-20_17-02-00,1724166172653983700,49.329,raw_processed/all_images/2024-08-20_17-02-00/1724166172653983700.jpg,solaqua_labeled_fish/images/bag13_1724166172653983700.jpg
bag13,2024-08-20_17-02-00,1724166172805349600,49.481,raw_processed/all_images/2024-08-20_17-02-00/1724166172805349600.jpg,solaqua_labeled_fish/images/bag13_1724166172805349600.jpg
bag13,2024-08-20_17-02-00,1724166172977271300,49.653,raw_processed/all_images/2024-08-20_17-02-00/1724166172977271300.jpg,solaqua_labeled_fish/images/bag13_1724166172977271300.jpg
bag13,2024-08-20_17-02-00,1724166173128750900,49.804,raw_processed/all_images/2024-08-20_17-02-00/1724166173128750900.jpg,solaqua_labeled_fish/images/bag13_1724166173128750900.jpg
bag13,2024-08-20_17-02-00,1724166173297177100,49.973,raw_processed/all_images/2024-08-20_17-02-00/1724166173297177100.jpg,solaqua_labeled_fish/images/bag13_1724166173297177100.jpg
bag13,2024-08-20_17-02-00,1724166173448124800,50.124,raw_processed/all_images/2024-08-20_17-02-00/1724166173448124800.jpg,solaqua_labeled_fish/images/bag13_1724166173448124800.jpg
bag13,2024-08-20_17-02-00,1724166173615915800,50.291,raw_processed/all_images/2024-08-20_17-02-00/1724166173615915800.jpg,solaqua_labeled_fish/images/bag13_1724166173615915800.jpg
bag13,2024-08-20_17-02-00,1724166173766362800,50.442,raw_processed/all_images/2024-08-20_17-02-00/1724166173766362800.jpg,solaqua_labeled_fish/images/bag13_1724166173766362800.jpg
bag13,2024-08-20_17-02-00,1724166173933652700,50.609,raw_processed/all_images/2024-08-20_17-02-00/1724166173933652700.jpg,solaqua_labeled_fish/images/bag13_1724166173933652700.jpg
bag13,2024-08-20_17-02-00,1724166174086755100,50.762,raw_processed/all_images/2024-08-20_17-02-00/1724166174086755100.jpg,solaqua_labeled_fish/images/bag13_1724166174086755100.jpg
bag13,2024-08-20_17-02-00,1724166174252852000,50.928,raw_processed/all_images/2024-08-20_17-02-00/1724166174252852000.jpg,solaqua_labeled_fish/images/bag13_1724166174252852000.jpg
bag13,2024-08-20_17-02-00,1724166174402627900,51.078,raw_processed/all_images/2024-08-20_17-02-00/1724166174402627900.jpg,solaqua_labeled_fish/images/bag13_1724166174402627900.jpg
bag13,2024-08-20_17-02-00,1724166174572865400,51.248,raw_processed/all_images/2024-08-20_17-02-00/1724166174572865400.jpg,solaqua_labeled_fish/images/bag13_1724166174572865400.jpg
bag13,2024-08-20_17-02-00,1724166174726083700,51.401,raw_processed/all_images/2024-08-20_17-02-00/1724166174726083700.jpg,solaqua_labeled_fish/images/bag13_1724166174726083700.jpg
bag13,2024-08-20_17-02-00,1724166174892578400,51.568,raw_processed/all_images/2024-08-20_17-02-00/1724166174892578400.jpg,solaqua_labeled_fish/images/bag13_1724166174892578400.jpg
bag13,2024-08-20_17-02-00,1724166175042371400,51.718,raw_processed/all_images/2024-08-20_17-02-00/1724166175042371400.jpg,solaqua_labeled_fish/images/bag13_1724166175042371400.jpg
bag13,2024-08-20_17-02-00,1724166175212170300,51.888,raw_processed/all_images/2024-08-20_17-02-00/1724166175212170300.jpg,solaqua_labeled_fish/images/bag13_1724166175212170300.jpg
bag13,2024-08-20_17-02-00,1724166175361430500,52.037,raw_processed/all_images/2024-08-20_17-02-00/1724166175361430500.jpg,solaqua_labeled_fish/images/bag13_1724166175361430500.jpg
bag13,2024-08-20_17-02-00,1724166175529672800,52.205,raw_processed/all_images/2024-08-20_17-02-00/1724166175529672800.jpg,solaqua_labeled_fish/images/bag13_1724166175529672800.jpg
bag13,2024-08-20_17-02-00,1724166175684303700,52.360,raw_processed/all_images/2024-08-20_17-02-00/1724166175684303700.jpg,solaqua_labeled_fish/images/bag13_1724166175684303700.jpg
bag13,2024-08-20_17-02-00,1724166175854322700,52.530,raw_processed/all_images/2024-08-20_17-02-00/1724166175854322700.jpg,solaqua_labeled_fish/images/bag13_1724166175854322700.jpg
bag13,2024-08-20_17-02-00,1724166176004460900,52.680,raw_processed/all_images/2024-08-20_17-02-00/1724166176004460900.jpg,solaqua_labeled_fish/images/bag13_1724166176004460900.jpg
bag13,2024-08-20_17-02-00,1724166176170483200,52.846,raw_processed/all_images/2024-08-20_17-02-00/1724166176170483200.jpg,solaqua_labeled_fish/images/bag13_1724166176170483200.jpg
bag13,2024-08-20_17-02-00,1724166176324777300,53.000,raw_processed/all_images/2024-08-20_17-02-00/1724166176324777300.jpg,solaqua_labeled_fish/images/bag13_1724166176324777300.jpg
bag13,2024-08-20_17-02-00,1724166176491735900,53.167,raw_processed/all_images/2024-08-20_17-02-00/1724166176491735900.jpg,solaqua_labeled_fish/images/bag13_1724166176491735900.jpg
bag13,2024-08-20_17-02-00,1724166176647439200,53.323,raw_processed/all_images/2024-08-20_17-02-00/1724166176647439200.jpg,solaqua_labeled_fish/images/bag13_1724166176647439200.jpg
bag13,2024-08-20_17-02-00,1724166176817053500,53.492,raw_processed/all_images/2024-08-20_17-02-00/1724166176817053500.jpg,solaqua_labeled_fish/images/bag13_1724166176817053500.jpg
bag13,2024-08-20_17-02-00,1724166176967868900,53.643,raw_processed/all_images/2024-08-20_17-02-00/1724166176967868900.jpg,solaqua_labeled_fish/images/bag13_1724166176967868900.jpg
bag13,2024-08-20_17-02-00,1724166177122973700,53.798,raw_processed/all_images/2024-08-20_17-02-00/1724166177122973700.jpg,solaqua_labeled_fish/images/bag13_1724166177122973700.jpg
bag13,2024-08-20_17-02-00,1724166177292818300,53.968,raw_processed/all_images/2024-08-20_17-02-00/1724166177292818300.jpg,solaqua_labeled_fish/images/bag13_1724166177292818300.jpg
bag13,2024-08-20_17-02-00,1724166177447448500,54.123,raw_processed/all_images/2024-08-20_17-02-00/1724166177447448500.jpg,solaqua_labeled_fish/images/bag13_1724166177447448500.jpg
bag13,2024-08-20_17-02-00,1724166177614565700,54.290,raw_processed/all_images/2024-08-20_17-02-00/1724166177614565700.jpg,solaqua_labeled_fish/images/bag13_1724166177614565700.jpg
bag13,2024-08-20_17-02-00,1724166177767903000,54.443,raw_processed/all_images/2024-08-20_17-02-00/1724166177767903000.jpg,solaqua_labeled_fish/images/bag13_1724166177767903000.jpg
bag13,2024-08-20_17-02-00,1724166177935351000,54.611,raw_processed/all_images/2024-08-20_17-02-00/1724166177935351000.jpg,solaqua_labeled_fish/images/bag13_1724166177935351000.jpg
bag13,2024-08-20_17-02-00,1724166178085528400,54.761,raw_processed/all_images/2024-08-20_17-02-00/1724166178085528400.jpg,solaqua_labeled_fish/images/bag13_1724166178085528400.jpg
bag13,2024-08-20_17-02-00,1724166178259209400,54.935,raw_processed/all_images/2024-08-20_17-02-00/1724166178259209400.jpg,solaqua_labeled_fish/images/bag13_1724166178259209400.jpg
bag13,2024-08-20_17-02-00,1724166178406964200,55.082,raw_processed/all_images/2024-08-20_17-02-00/1724166178406964200.jpg,solaqua_labeled_fish/images/bag13_1724166178406964200.jpg
bag13,2024-08-20_17-02-00,1724166178562126100,55.238,raw_processed/all_images/2024-08-20_17-02-00/1724166178562126100.jpg,solaqua_labeled_fish/images/bag13_1724166178562126100.jpg
bag13,2024-08-20_17-02-00,1724166178729594400,55.405,raw_processed/all_images/2024-08-20_17-02-00/1724166178729594400.jpg,solaqua_labeled_fish/images/bag13_1724166178729594400.jpg
bag13,2024-08-20_17-02-00,1724166178882229700,55.558,raw_processed/all_images/2024-08-20_17-02-00/1724166178882229700.jpg,solaqua_labeled_fish/images/bag13_1724166178882229700.jpg
bag13,2024-08-20_17-02-00,1724166179051320500,55.727,raw_processed/all_images/2024-08-20_17-02-00/1724166179051320500.jpg,solaqua_labeled_fish/images/bag13_1724166179051320500.jpg
bag13,2024-08-20_17-02-00,1724166179202074600,55.877,raw_processed/all_images/2024-08-20_17-02-00/1724166179202074600.jpg,solaqua_labeled_fish/images/bag13_1724166179202074600.jpg
bag13,2024-08-20_17-02-00,1724166179370996500,56.046,raw_processed/all_images/2024-08-20_17-02-00/1724166179370996500.jpg,solaqua_labeled_fish/images/bag13_1724166179370996500.jpg
bag13,2024-08-20_17-02-00,1724166179522515000,56.198,raw_processed/all_images/2024-08-20_17-02-00/1724166179522515000.jpg,solaqua_labeled_fish/images/bag13_1724166179522515000.jpg
bag13,2024-08-20_17-02-00,1724166179690916500,56.366,raw_processed/all_images/2024-08-20_17-02-00/1724166179690916500.jpg,solaqua_labeled_fish/images/bag13_1724166179690916500.jpg
bag13,2024-08-20_17-02-00,1724166179845709500,56.521,raw_processed/all_images/2024-08-20_17-02-00/1724166179845709500.jpg,solaqua_labeled_fish/images/bag13_1724166179845709500.jpg
bag13,2024-08-20_17-02-00,1724166180014457800,56.690,raw_processed/all_images/2024-08-20_17-02-00/1724166180014457800.jpg,solaqua_labeled_fish/images/bag13_1724166180014457800.jpg
bag13,2024-08-20_17-02-00,1724166180166506000,56.842,raw_processed/all_images/2024-08-20_17-02-00/1724166180166506000.jpg,solaqua_labeled_fish/images/bag13_1724166180166506000.jpg
bag13,2024-08-20_17-02-00,1724166180319983800,56.995,raw_processed/all_images/2024-08-20_17-02-00/1724166180319983800.jpg,solaqua_labeled_fish/images/bag13_1724166180319983800.jpg
bag13,2024-08-20_17-02-00,1724166180487189500,57.163,raw_processed/all_images/2024-08-20_17-02-00/1724166180487189500.jpg,solaqua_labeled_fish/images/bag13_1724166180487189500.jpg
bag13,2024-08-20_17-02-00,1724166180641538600,57.317,raw_processed/all_images/2024-08-20_17-02-00/1724166180641538600.jpg,solaqua_labeled_fish/images/bag13_1724166180641538600.jpg
bag13,2024-08-20_17-02-00,1724166180805836100,57.481,raw_processed/all_images/2024-08-20_17-02-00/1724166180805836100.jpg,solaqua_labeled_fish/images/bag13_1724166180805836100.jpg
bag13,2024-08-20_17-02-00,1724166180974969700,57.650,raw_processed/all_images/2024-08-20_17-02-00/1724166180974969700.jpg,solaqua_labeled_fish/images/bag13_1724166180974969700.jpg
bag13,2024-08-20_17-02-00,1724166181128891500,57.804,raw_processed/all_images/2024-08-20_17-02-00/1724166181128891500.jpg,solaqua_labeled_fish/images/bag13_1724166181128891500.jpg
bag13,2024-08-20_17-02-00,1724166181295352800,57.971,raw_processed/all_images/2024-08-20_17-02-00/1724166181295352800.jpg,solaqua_labeled_fish/images/bag13_1724166181295352800.jpg
bag13,2024-08-20_17-02-00,1724166181445812500,58.121,raw_processed/all_images/2024-08-20_17-02-00/1724166181445812500.jpg,solaqua_labeled_fish/images/bag13_1724166181445812500.jpg
bag13,2024-08-20_17-02-00,1724166181613335300,58.289,raw_processed/all_images/2024-08-20_17-02-00/1724166181613335300.jpg,solaqua_labeled_fish/images/bag13_1724166181613335300.jpg
bag13,2024-08-20_17-02-00,1724166181767177500,58.443,raw_processed/all_images/2024-08-20_17-02-00/1724166181767177500.jpg,solaqua_labeled_fish/images/bag13_1724166181767177500.jpg
bag13,2024-08-20_17-02-00,1724166181920026600,58.595,raw_processed/all_images/2024-08-20_17-02-00/1724166181920026600.jpg,solaqua_labeled_fish/images/bag13_1724166181920026600.jpg
bag13,2024-08-20_17-02-00,1724166182087460300,58.763,raw_processed/all_images/2024-08-20_17-02-00/1724166182087460300.jpg,solaqua_labeled_fish/images/bag13_1724166182087460300.jpg
bag13,2024-08-20_17-02-00,1724166182255804000,58.931,raw_processed/all_images/2024-08-20_17-02-00/1724166182255804000.jpg,solaqua_labeled_fish/images/bag13_1724166182255804000.jpg
bag13,2024-08-20_17-02-00,1724166182410260700,59.086,raw_processed/all_images/2024-08-20_17-02-00/1724166182410260700.jpg,solaqua_labeled_fish/images/bag13_1724166182410260700.jpg
bag13,2024-08-20_17-02-00,1724166182560901800,59.236,raw_processed/all_images/2024-08-20_17-02-00/1724166182560901800.jpg,solaqua_labeled_fish/images/bag13_1724166182560901800.jpg
bag13,2024-08-20_17-02-00,1724166182727358800,59.403,raw_processed/all_images/2024-08-20_17-02-00/1724166182727358800.jpg,solaqua_labeled_fish/images/bag13_1724166182727358800.jpg
bag13,2024-08-20_17-02-00,1724166182880889600,59.556,raw_processed/all_images/2024-08-20_17-02-00/1724166182880889600.jpg,solaqua_labeled_fish/images/bag13_1724166182880889600.jpg
bag13,2024-08-20_17-02-00,1724166183048673300,59.724,raw_processed/all_images/2024-08-20_17-02-00/1724166183048673300.jpg,solaqua_labeled_fish/images/bag13_1724166183048673300.jpg
bag13,2024-08-20_17-02-00,1724166183203565200,59.879,raw_processed/all_images/2024-08-20_17-02-00/1724166183203565200.jpg,solaqua_labeled_fish/images/bag13_1724166183203565200.jpg
bag14,2024-08-20_17-14-36,1724166879127906200,0.000,raw_processed/all_images/2024-08-20_17-14-36/1724166879127906200.jpg,solaqua_labeled_fish/images/bag14_1724166879127906200.jpg
bag14,2024-08-20_17-14-36,1724166879296363900,0.168,raw_processed/all_images/2024-08-20_17-14-36/1724166879296363900.jpg,solaqua_labeled_fish/images/bag14_1724166879296363900.jpg
bag14,2024-08-20_17-14-36,1724166879463067000,0.335,raw_processed/all_images/2024-08-20_17-14-36/1724166879463067000.jpg,solaqua_labeled_fish/images/bag14_1724166879463067000.jpg
bag14,2024-08-20_17-14-36,1724166879615983000,0.488,raw_processed/all_images/2024-08-20_17-14-36/1724166879615983000.jpg,solaqua_labeled_fish/images/bag14_1724166879615983000.jpg
bag14,2024-08-20_17-14-36,1724166879767934500,0.640,raw_processed/all_images/2024-08-20_17-14-36/1724166879767934500.jpg,solaqua_labeled_fish/images/bag14_1724166879767934500.jpg
bag14,2024-08-20_17-14-36,1724166879936455600,0.809,raw_processed/all_images/2024-08-20_17-14-36/1724166879936455600.jpg,solaqua_labeled_fish/images/bag14_1724166879936455600.jpg
bag14,2024-08-20_17-14-36,1724166880087819000,0.960,raw_processed/all_images/2024-08-20_17-14-36/1724166880087819000.jpg,solaqua_labeled_fish/images/bag14_1724166880087819000.jpg
bag14,2024-08-20_17-14-36,1724166880254275100,1.126,raw_processed/all_images/2024-08-20_17-14-36/1724166880254275100.jpg,solaqua_labeled_fish/images/bag14_1724166880254275100.jpg
bag14,2024-08-20_17-14-36,1724166880407435600,1.280,raw_processed/all_images/2024-08-20_17-14-36/1724166880407435600.jpg,solaqua_labeled_fish/images/bag14_1724166880407435600.jpg
bag14,2024-08-20_17-14-36,1724166880577447900,1.450,raw_processed/all_images/2024-08-20_17-14-36/1724166880577447900.jpg,solaqua_labeled_fish/images/bag14_1724166880577447900.jpg
bag14,2024-08-20_17-14-36,1724166880728546100,1.601,raw_processed/all_images/2024-08-20_17-14-36/1724166880728546100.jpg,solaqua_labeled_fish/images/bag14_1724166880728546100.jpg
bag14,2024-08-20_17-14-36,1724166880896334700,1.768,raw_processed/all_images/2024-08-20_17-14-36/1724166880896334700.jpg,solaqua_labeled_fish/images/bag14_1724166880896334700.jpg
bag14,2024-08-20_17-14-36,1724166881064502700,1.937,raw_processed/all_images/2024-08-20_17-14-36/1724166881064502700.jpg,solaqua_labeled_fish/images/bag14_1724166881064502700.jpg
bag14,2024-08-20_17-14-36,1724166881216478700,2.089,raw_processed/all_images/2024-08-20_17-14-36/1724166881216478700.jpg,solaqua_labeled_fish/images/bag14_1724166881216478700.jpg
bag14,2024-08-20_17-14-36,1724166881370769500,2.243,raw_processed/all_images/2024-08-20_17-14-36/1724166881370769500.jpg,solaqua_labeled_fish/images/bag14_1724166881370769500.jpg
bag14,2024-08-20_17-14-36,1724166881534865300,2.407,raw_processed/all_images/2024-08-20_17-14-36/1724166881534865300.jpg,solaqua_labeled_fish/images/bag14_1724166881534865300.jpg
bag14,2024-08-20_17-14-36,1724166881700558700,2.573,raw_processed/all_images/2024-08-20_17-14-36/1724166881700558700.jpg,solaqua_labeled_fish/images/bag14_1724166881700558700.jpg
bag14,2024-08-20_17-14-36,1724166881854761000,2.727,raw_processed/all_images/2024-08-20_17-14-36/1724166881854761000.jpg,solaqua_labeled_fish/images/bag14_1724166881854761000.jpg
bag14,2024-08-20_17-14-36,1724166882023482100,2.896,raw_processed/all_images/2024-08-20_17-14-36/1724166882023482100.jpg,solaqua_labeled_fish/images/bag14_1724166882023482100.jpg
bag14,2024-08-20_17-14-36,1724166882174045200,3.046,raw_processed/all_images/2024-08-20_17-14-36/1724166882174045200.jpg,solaqua_labeled_fish/images/bag14_1724166882174045200.jpg
bag14,2024-08-20_17-14-36,1724166882343186300,3.215,raw_processed/all_images/2024-08-20_17-14-36/1724166882343186300.jpg,solaqua_labeled_fish/images/bag14_1724166882343186300.jpg
bag14,2024-08-20_17-14-36,1724166882495906600,3.368,raw_processed/all_images/2024-08-20_17-14-36/1724166882495906600.jpg,solaqua_labeled_fish/images/bag14_1724166882495906600.jpg
bag14,2024-08-20_17-14-36,1724166882647838100,3.520,raw_processed/all_images/2024-08-20_17-14-36/1724166882647838100.jpg,solaqua_labeled_fish/images/bag14_1724166882647838100.jpg
bag14,2024-08-20_17-14-36,1724166882817725400,3.690,raw_processed/all_images/2024-08-20_17-14-36/1724166882817725400.jpg,solaqua_labeled_fish/images/bag14_1724166882817725400.jpg
bag14,2024-08-20_17-14-36,1724166882970423500,3.843,raw_processed/all_images/2024-08-20_17-14-36/1724166882970423500.jpg,solaqua_labeled_fish/images/bag14_1724166882970423500.jpg
bag14,2024-08-20_17-14-36,1724166883137374000,4.009,raw_processed/all_images/2024-08-20_17-14-36/1724166883137374000.jpg,solaqua_labeled_fish/images/bag14_1724166883137374000.jpg
bag14,2024-08-20_17-14-36,1724166883293049100,4.165,raw_processed/all_images/2024-08-20_17-14-36/1724166883293049100.jpg,solaqua_labeled_fish/images/bag14_1724166883293049100.jpg
bag14,2024-08-20_17-14-36,1724166883458439500,4.331,raw_processed/all_images/2024-08-20_17-14-36/1724166883458439500.jpg,solaqua_labeled_fish/images/bag14_1724166883458439500.jpg
bag14,2024-08-20_17-14-36,1724166883611315000,4.483,raw_processed/all_images/2024-08-20_17-14-36/1724166883611315000.jpg,solaqua_labeled_fish/images/bag14_1724166883611315000.jpg
bag14,2024-08-20_17-14-36,1724166883778107200,4.650,raw_processed/all_images/2024-08-20_17-14-36/1724166883778107200.jpg,solaqua_labeled_fish/images/bag14_1724166883778107200.jpg
bag14,2024-08-20_17-14-36,1724166883931605100,4.804,raw_processed/all_images/2024-08-20_17-14-36/1724166883931605100.jpg,solaqua_labeled_fish/images/bag14_1724166883931605100.jpg
bag14,2024-08-20_17-14-36,1724166884095449300,4.968,raw_processed/all_images/2024-08-20_17-14-36/1724166884095449300.jpg,solaqua_labeled_fish/images/bag14_1724166884095449300.jpg
bag14,2024-08-20_17-14-36,1724166884248871800,5.121,raw_processed/all_images/2024-08-20_17-14-36/1724166884248871800.jpg,solaqua_labeled_fish/images/bag14_1724166884248871800.jpg
bag14,2024-08-20_17-14-36,1724166884418229100,5.290,raw_processed/all_images/2024-08-20_17-14-36/1724166884418229100.jpg,solaqua_labeled_fish/images/bag14_1724166884418229100.jpg
bag14,2024-08-20_17-14-36,1724166884568730200,5.441,raw_processed/all_images/2024-08-20_17-14-36/1724166884568730200.jpg,solaqua_labeled_fish/images/bag14_1724166884568730200.jpg
bag14,2024-08-20_17-14-36,1724166884735406600,5.608,raw_processed/all_images/2024-08-20_17-14-36/1724166884735406600.jpg,solaqua_labeled_fish/images/bag14_1724166884735406600.jpg
bag14,2024-08-20_17-14-36,1724166884893098300,5.765,raw_processed/all_images/2024-08-20_17-14-36/1724166884893098300.jpg,solaqua_labeled_fish/images/bag14_1724166884893098300.jpg
bag14,2024-08-20_17-14-36,1724166885057839400,5.930,raw_processed/all_images/2024-08-20_17-14-36/1724166885057839400.jpg,solaqua_labeled_fish/images/bag14_1724166885057839400.jpg
bag14,2024-08-20_17-14-36,1724166885209954200,6.082,raw_processed/all_images/2024-08-20_17-14-36/1724166885209954200.jpg,solaqua_labeled_fish/images/bag14_1724166885209954200.jpg
bag14,2024-08-20_17-14-36,1724166885378876000,6.251,raw_processed/all_images/2024-08-20_17-14-36/1724166885378876000.jpg,solaqua_labeled_fish/images/bag14_1724166885378876000.jpg
bag14,2024-08-20_17-14-36,1724166885531328800,6.403,raw_processed/all_images/2024-08-20_17-14-36/1724166885531328800.jpg,solaqua_labeled_fish/images/bag14_1724166885531328800.jpg
bag14,2024-08-20_17-14-36,1724166885697014000,6.569,raw_processed/all_images/2024-08-20_17-14-36/1724166885697014000.jpg,solaqua_labeled_fish/images/bag14_1724166885697014000.jpg
bag14,2024-08-20_17-14-36,1724166885851612100,6.724,raw_processed/all_images/2024-08-20_17-14-36/1724166885851612100.jpg,solaqua_labeled_fish/images/bag14_1724166885851612100.jpg
bag14,2024-08-20_17-14-36,1724166886019073700,6.891,raw_processed/all_images/2024-08-20_17-14-36/1724166886019073700.jpg,solaqua_labeled_fish/images/bag14_1724166886019073700.jpg
bag14,2024-08-20_17-14-36,1724166886173109300,7.045,raw_processed/all_images/2024-08-20_17-14-36/1724166886173109300.jpg,solaqua_labeled_fish/images/bag14_1724166886173109300.jpg
bag14,2024-08-20_17-14-36,1724166886338596500,7.211,raw_processed/all_images/2024-08-20_17-14-36/1724166886338596500.jpg,solaqua_labeled_fish/images/bag14_1724166886338596500.jpg
bag14,2024-08-20_17-14-36,1724166886491102700,7.363,raw_processed/all_images/2024-08-20_17-14-36/1724166886491102700.jpg,solaqua_labeled_fish/images/bag14_1724166886491102700.jpg
bag14,2024-08-20_17-14-36,1724166886658814300,7.531,raw_processed/all_images/2024-08-20_17-14-36/1724166886658814300.jpg,solaqua_labeled_fish/images/bag14_1724166886658814300.jpg
bag14,2024-08-20_17-14-36,1724166886809938100,7.682,raw_processed/all_images/2024-08-20_17-14-36/1724166886809938100.jpg,solaqua_labeled_fish/images/bag14_1724166886809938100.jpg
bag14,2024-08-20_17-14-36,1724166886976090300,7.848,raw_processed/all_images/2024-08-20_17-14-36/1724166886976090300.jpg,solaqua_labeled_fish/images/bag14_1724166886976090300.jpg
bag14,2024-08-20_17-14-36,1724166901139154500,22.011,raw_processed/all_images/2024-08-20_17-14-36/1724166901139154500.jpg,solaqua_labeled_fish/images/bag14_1724166901139154500.jpg
bag14,2024-08-20_17-14-36,1724166901291585400,22.164,raw_processed/all_images/2024-08-20_17-14-36/1724166901291585400.jpg,solaqua_labeled_fish/images/bag14_1724166901291585400.jpg
bag14,2024-08-20_17-14-36,1724166901456918800,22.329,raw_processed/all_images/2024-08-20_17-14-36/1724166901456918800.jpg,solaqua_labeled_fish/images/bag14_1724166901456918800.jpg
bag14,2024-08-20_17-14-36,1724166901609657000,22.482,raw_processed/all_images/2024-08-20_17-14-36/1724166901609657000.jpg,solaqua_labeled_fish/images/bag14_1724166901609657000.jpg
bag14,2024-08-20_17-14-36,1724166901777227500,22.649,raw_processed/all_images/2024-08-20_17-14-36/1724166901777227500.jpg,solaqua_labeled_fish/images/bag14_1724166901777227500.jpg
bag14,2024-08-20_17-14-36,1724166901942411800,22.815,raw_processed/all_images/2024-08-20_17-14-36/1724166901942411800.jpg,solaqua_labeled_fish/images/bag14_1724166901942411800.jpg
bag14,2024-08-20_17-14-36,1724166902092172500,22.964,raw_processed/all_images/2024-08-20_17-14-36/1724166902092172500.jpg,solaqua_labeled_fish/images/bag14_1724166902092172500.jpg
bag14,2024-08-20_17-14-36,1724166902259478200,23.132,raw_processed/all_images/2024-08-20_17-14-36/1724166902259478200.jpg,solaqua_labeled_fish/images/bag14_1724166902259478200.jpg
bag14,2024-08-20_17-14-36,1724166902410965300,23.283,raw_processed/all_images/2024-08-20_17-14-36/1724166902410965300.jpg,solaqua_labeled_fish/images/bag14_1724166902410965300.jpg
bag14,2024-08-20_17-14-36,1724166902579767900,23.452,raw_processed/all_images/2024-08-20_17-14-36/1724166902579767900.jpg,solaqua_labeled_fish/images/bag14_1724166902579767900.jpg
bag14,2024-08-20_17-14-36,1724166902731326100,23.603,raw_processed/all_images/2024-08-20_17-14-36/1724166902731326100.jpg,solaqua_labeled_fish/images/bag14_1724166902731326100.jpg
bag14,2024-08-20_17-14-36,1724166902898669000,23.771,raw_processed/all_images/2024-08-20_17-14-36/1724166902898669000.jpg,solaqua_labeled_fish/images/bag14_1724166902898669000.jpg
bag14,2024-08-20_17-14-36,1724166903055075700,23.927,raw_processed/all_images/2024-08-20_17-14-36/1724166903055075700.jpg,solaqua_labeled_fish/images/bag14_1724166903055075700.jpg
bag14,2024-08-20_17-14-36,1724166903221451000,24.094,raw_processed/all_images/2024-08-20_17-14-36/1724166903221451000.jpg,solaqua_labeled_fish/images/bag14_1724166903221451000.jpg
bag14,2024-08-20_17-14-36,1724166903375538700,24.248,raw_processed/all_images/2024-08-20_17-14-36/1724166903375538700.jpg,solaqua_labeled_fish/images/bag14_1724166903375538700.jpg
bag14,2024-08-20_17-14-36,1724166903541816300,24.414,raw_processed/all_images/2024-08-20_17-14-36/1724166903541816300.jpg,solaqua_labeled_fish/images/bag14_1724166903541816300.jpg
bag14,2024-08-20_17-14-36,1724166903696925600,24.569,raw_processed/all_images/2024-08-20_17-14-36/1724166903696925600.jpg,solaqua_labeled_fish/images/bag14_1724166903696925600.jpg
bag14,2024-08-20_17-14-36,1724166903846466200,24.719,raw_processed/all_images/2024-08-20_17-14-36/1724166903846466200.jpg,solaqua_labeled_fish/images/bag14_1724166903846466200.jpg
bag14,2024-08-20_17-14-36,1724166904017106900,24.889,raw_processed/all_images/2024-08-20_17-14-36/1724166904017106900.jpg,solaqua_labeled_fish/images/bag14_1724166904017106900.jpg
bag14,2024-08-20_17-14-36,1724166906167551600,27.040,raw_processed/all_images/2024-08-20_17-14-36/1724166906167551600.jpg,solaqua_labeled_fish/images/bag14_1724166906167551600.jpg
bag14,2024-08-20_17-14-36,1724166906336679400,27.209,raw_processed/all_images/2024-08-20_17-14-36/1724166906336679400.jpg,solaqua_labeled_fish/images/bag14_1724166906336679400.jpg
bag14,2024-08-20_17-14-36,1724166906504708300,27.377,raw_processed/all_images/2024-08-20_17-14-36/1724166906504708300.jpg,solaqua_labeled_fish/images/bag14_1724166906504708300.jpg
bag14,2024-08-20_17-14-36,1724166906653561300,27.526,raw_processed/all_images/2024-08-20_17-14-36/1724166906653561300.jpg,solaqua_labeled_fish/images/bag14_1724166906653561300.jpg
bag14,2024-08-20_17-14-36,1724166906819523900,27.692,raw_processed/all_images/2024-08-20_17-14-36/1724166906819523900.jpg,solaqua_labeled_fish/images/bag14_1724166906819523900.jpg
bag14,2024-08-20_17-14-36,1724166906972431000,27.845,raw_processed/all_images/2024-08-20_17-14-36/1724166906972431000.jpg,solaqua_labeled_fish/images/bag14_1724166906972431000.jpg
bag14,2024-08-20_17-14-36,1724166907138548700,28.011,raw_processed/all_images/2024-08-20_17-14-36/1724166907138548700.jpg,solaqua_labeled_fish/images/bag14_1724166907138548700.jpg
bag14,2024-08-20_17-14-36,1724166907290384300,28.162,raw_processed/all_images/2024-08-20_17-14-36/1724166907290384300.jpg,solaqua_labeled_fish/images/bag14_1724166907290384300.jpg
bag14,2024-08-20_17-14-36,1724166907457105100,28.329,raw_processed/all_images/2024-08-20_17-14-36/1724166907457105100.jpg,solaqua_labeled_fish/images/bag14_1724166907457105100.jpg
bag14,2024-08-20_17-14-36,1724166907610400700,28.482,raw_processed/all_images/2024-08-20_17-14-36/1724166907610400700.jpg,solaqua_labeled_fish/images/bag14_1724166907610400700.jpg
bag14,2024-08-20_17-14-36,1724166907775957200,28.648,raw_processed/all_images/2024-08-20_17-14-36/1724166907775957200.jpg,solaqua_labeled_fish/images/bag14_1724166907775957200.jpg
bag14,2024-08-20_17-14-36,1724166907932638200,28.805,raw_processed/all_images/2024-08-20_17-14-36/1724166907932638200.jpg,solaqua_labeled_fish/images/bag14_1724166907932638200.jpg
bag14,2024-08-20_17-14-36,1724166908096404200,28.968,raw_processed/all_images/2024-08-20_17-14-36/1724166908096404200.jpg,solaqua_labeled_fish/images/bag14_1724166908096404200.jpg
bag14,2024-08-20_17-14-36,1724166908250188100,29.122,raw_processed/all_images/2024-08-20_17-14-36/1724166908250188100.jpg,solaqua_labeled_fish/images/bag14_1724166908250188100.jpg
bag14,2024-08-20_17-14-36,1724166908418334100,29.290,raw_processed/all_images/2024-08-20_17-14-36/1724166908418334100.jpg,solaqua_labeled_fish/images/bag14_1724166908418334100.jpg
bag14,2024-08-20_17-14-36,1724166908574706900,29.447,raw_processed/all_images/2024-08-20_17-14-36/1724166908574706900.jpg,solaqua_labeled_fish/images/bag14_1724166908574706900.jpg
bag14,2024-08-20_17-14-36,1724166908741086300,29.613,raw_processed/all_images/2024-08-20_17-14-36/1724166908741086300.jpg,solaqua_labeled_fish/images/bag14_1724166908741086300.jpg
bag14,2024-08-20_17-14-36,1724166908894132800,29.766,raw_processed/all_images/2024-08-20_17-14-36/1724166908894132800.jpg,solaqua_labeled_fish/images/bag14_1724166908894132800.jpg
bag14,2024-08-20_17-14-36,1724166909061275800,29.933,raw_processed/all_images/2024-08-20_17-14-36/1724166909061275800.jpg,solaqua_labeled_fish/images/bag14_1724166909061275800.jpg
bag14,2024-08-20_17-14-36,1724166909213656800,30.086,raw_processed/all_images/2024-08-20_17-14-36/1724166909213656800.jpg,solaqua_labeled_fish/images/bag14_1724166909213656800.jpg
bag14,2024-08-20_17-14-36,1724166909380536600,30.253,raw_processed/all_images/2024-08-20_17-14-36/1724166909380536600.jpg,solaqua_labeled_fish/images/bag14_1724166909380536600.jpg
bag14,2024-08-20_17-14-36,1724166909532774000,30.405,raw_processed/all_images/2024-08-20_17-14-36/1724166909532774000.jpg,solaqua_labeled_fish/images/bag14_1724166909532774000.jpg
bag14,2024-08-20_17-14-36,1724166909699984900,30.572,raw_processed/all_images/2024-08-20_17-14-36/1724166909699984900.jpg,solaqua_labeled_fish/images/bag14_1724166909699984900.jpg
bag14,2024-08-20_17-14-36,1724166909857363800,30.729,raw_processed/all_images/2024-08-20_17-14-36/1724166909857363800.jpg,solaqua_labeled_fish/images/bag14_1724166909857363800.jpg
bag14,2024-08-20_17-14-36,1724166910021330700,30.893,raw_processed/all_images/2024-08-20_17-14-36/1724166910021330700.jpg,solaqua_labeled_fish/images/bag14_1724166910021330700.jpg
bag14,2024-08-20_17-14-36,1724166910176217500,31.048,raw_processed/all_images/2024-08-20_17-14-36/1724166910176217500.jpg,solaqua_labeled_fish/images/bag14_1724166910176217500.jpg
bag14,2024-08-20_17-14-36,1724166910340921100,31.213,raw_processed/all_images/2024-08-20_17-14-36/1724166910340921100.jpg,solaqua_labeled_fish/images/bag14_1724166910340921100.jpg
bag14,2024-08-20_17-14-36,1724166910498935600,31.371,raw_processed/all_images/2024-08-20_17-14-36/1724166910498935600.jpg,solaqua_labeled_fish/images/bag14_1724166910498935600.jpg
bag14,2024-08-20_17-14-36,1724166910650990900,31.523,raw_processed/all_images/2024-08-20_17-14-36/1724166910650990900.jpg,solaqua_labeled_fish/images/bag14_1724166910650990900.jpg
bag14,2024-08-20_17-14-36,1724166910819309700,31.691,raw_processed/all_images/2024-08-20_17-14-36/1724166910819309700.jpg,solaqua_labeled_fish/images/bag14_1724166910819309700.jpg
bag14,2024-08-20_17-14-36,1724166910970987300,31.843,raw_processed/all_images/2024-08-20_17-14-36/1724166910970987300.jpg,solaqua_labeled_fish/images/bag14_1724166910970987300.jpg
bag14,2024-08-20_17-14-36,1724166911138849500,32.011,raw_processed/all_images/2024-08-20_17-14-36/1724166911138849500.jpg,solaqua_labeled_fish/images/bag14_1724166911138849500.jpg
bag14,2024-08-20_17-14-36,1724166911289292000,32.161,raw_processed/all_images/2024-08-20_17-14-36/1724166911289292000.jpg,solaqua_labeled_fish/images/bag14_1724166911289292000.jpg
bag14,2024-08-20_17-14-36,1724166911458263800,32.330,raw_processed/all_images/2024-08-20_17-14-36/1724166911458263800.jpg,solaqua_labeled_fish/images/bag14_1724166911458263800.jpg
bag14,2024-08-20_17-14-36,1724166911611928100,32.484,raw_processed/all_images/2024-08-20_17-14-36/1724166911611928100.jpg,solaqua_labeled_fish/images/bag14_1724166911611928100.jpg
bag14,2024-08-20_17-14-36,1724166911774742700,32.647,raw_processed/all_images/2024-08-20_17-14-36/1724166911774742700.jpg,solaqua_labeled_fish/images/bag14_1724166911774742700.jpg
bag14,2024-08-20_17-14-36,1724166911927491000,32.800,raw_processed/all_images/2024-08-20_17-14-36/1724166911927491000.jpg,solaqua_labeled_fish/images/bag14_1724166911927491000.jpg
bag14,2024-08-20_17-14-36,1724166912095397500,32.967,raw_processed/all_images/2024-08-20_17-14-36/1724166912095397500.jpg,solaqua_labeled_fish/images/bag14_1724166912095397500.jpg
bag14,2024-08-20_17-14-36,1724166912247998000,33.120,raw_processed/all_images/2024-08-20_17-14-36/1724166912247998000.jpg,solaqua_labeled_fish/images/bag14_1724166912247998000.jpg
bag14,2024-08-20_17-14-36,1724166912417430600,33.290,raw_processed/all_images/2024-08-20_17-14-36/1724166912417430600.jpg,solaqua_labeled_fish/images/bag14_1724166912417430600.jpg
bag14,2024-08-20_17-14-36,1724166912566771600,33.439,raw_processed/all_images/2024-08-20_17-14-36/1724166912566771600.jpg,solaqua_labeled_fish/images/bag14_1724166912566771600.jpg
bag14,2024-08-20_17-14-36,1724166912737662500,33.610,raw_processed/all_images/2024-08-20_17-14-36/1724166912737662500.jpg,solaqua_labeled_fish/images/bag14_1724166912737662500.jpg
bag14,2024-08-20_17-14-36,1724166912904387000,33.776,raw_processed/all_images/2024-08-20_17-14-36/1724166912904387000.jpg,solaqua_labeled_fish/images/bag14_1724166912904387000.jpg
bag14,2024-08-20_17-14-36,1724166913052134900,33.924,raw_processed/all_images/2024-08-20_17-14-36/1724166913052134900.jpg,solaqua_labeled_fish/images/bag14_1724166913052134900.jpg
bag14,2024-08-20_17-14-36,1724166913219905000,34.092,raw_processed/all_images/2024-08-20_17-14-36/1724166913219905000.jpg,solaqua_labeled_fish/images/bag14_1724166913219905000.jpg
bag14,2024-08-20_17-14-36,1724166913376191300,34.248,raw_processed/all_images/2024-08-20_17-14-36/1724166913376191300.jpg,solaqua_labeled_fish/images/bag14_1724166913376191300.jpg
bag14,2024-08-20_17-14-36,1724166913541428600,34.414,raw_processed/all_images/2024-08-20_17-14-36/1724166913541428600.jpg,solaqua_labeled_fish/images/bag14_1724166913541428600.jpg
bag14,2024-08-20_17-14-36,1724166913697758000,34.570,raw_processed/all_images/2024-08-20_17-14-36/1724166913697758000.jpg,solaqua_labeled_fish/images/bag14_1724166913697758000.jpg
bag14,2024-08-20_17-14-36,1724166913861620400,34.734,raw_processed/all_images/2024-08-20_17-14-36/1724166913861620400.jpg,solaqua_labeled_fish/images/bag14_1724166913861620400.jpg
bag14,2024-08-20_17-14-36,1724166914014337100,34.886,raw_processed/all_images/2024-08-20_17-14-36/1724166914014337100.jpg,solaqua_labeled_fish/images/bag14_1724166914014337100.jpg
bag14,2024-08-20_17-14-36,1724166914170544700,35.043,raw_processed/all_images/2024-08-20_17-14-36/1724166914170544700.jpg,solaqua_labeled_fish/images/bag14_1724166914170544700.jpg
bag14,2024-08-20_17-14-36,1724166914335730200,35.208,raw_processed/all_images/2024-08-20_17-14-36/1724166914335730200.jpg,solaqua_labeled_fish/images/bag14_1724166914335730200.jpg
bag14,2024-08-20_17-14-36,1724166914488798800,35.361,raw_processed/all_images/2024-08-20_17-14-36/1724166914488798800.jpg,solaqua_labeled_fish/images/bag14_1724166914488798800.jpg
bag14,2024-08-20_17-14-36,1724166914657097300,35.529,raw_processed/all_images/2024-08-20_17-14-36/1724166914657097300.jpg,solaqua_labeled_fish/images/bag14_1724166914657097300.jpg
bag14,2024-08-20_17-14-36,1724166914808715800,35.681,raw_processed/all_images/2024-08-20_17-14-36/1724166914808715800.jpg,solaqua_labeled_fish/images/bag14_1724166914808715800.jpg
bag14,2024-08-20_17-14-36,1724166914977896100,35.850,raw_processed/all_images/2024-08-20_17-14-36/1724166914977896100.jpg,solaqua_labeled_fish/images/bag14_1724166914977896100.jpg
bag14,2024-08-20_17-14-36,1724166915127713300,36.000,raw_processed/all_images/2024-08-20_17-14-36/1724166915127713300.jpg,solaqua_labeled_fish/images/bag14_1724166915127713300.jpg
bag14,2024-08-20_17-14-36,1724166915296010400,36.168,raw_processed/all_images/2024-08-20_17-14-36/1724166915296010400.jpg,solaqua_labeled_fish/images/bag14_1724166915296010400.jpg
bag14,2024-08-20_17-14-36,1724166915447791800,36.320,raw_processed/all_images/2024-08-20_17-14-36/1724166915447791800.jpg,solaqua_labeled_fish/images/bag14_1724166915447791800.jpg
bag14,2024-08-20_17-14-36,1724166915619291500,36.491,raw_processed/all_images/2024-08-20_17-14-36/1724166915619291500.jpg,solaqua_labeled_fish/images/bag14_1724166915619291500.jpg
bag14,2024-08-20_17-14-36,1724166915769635100,36.642,raw_processed/all_images/2024-08-20_17-14-36/1724166915769635100.jpg,solaqua_labeled_fish/images/bag14_1724166915769635100.jpg
bag14,2024-08-20_17-14-36,1724166915936309000,36.808,raw_processed/all_images/2024-08-20_17-14-36/1724166915936309000.jpg,solaqua_labeled_fish/images/bag14_1724166915936309000.jpg
bag14,2024-08-20_17-14-36,1724166916087645700,36.960,raw_processed/all_images/2024-08-20_17-14-36/1724166916087645700.jpg,solaqua_labeled_fish/images/bag14_1724166916087645700.jpg
bag14,2024-08-20_17-14-36,1724166916256465500,37.129,raw_processed/all_images/2024-08-20_17-14-36/1724166916256465500.jpg,solaqua_labeled_fish/images/bag14_1724166916256465500.jpg
bag14,2024-08-20_17-14-36,1724166916408644900,37.281,raw_processed/all_images/2024-08-20_17-14-36/1724166916408644900.jpg,solaqua_labeled_fish/images/bag14_1724166916408644900.jpg
bag14,2024-08-20_17-14-36,1724166916574622000,37.447,raw_processed/all_images/2024-08-20_17-14-36/1724166916574622000.jpg,solaqua_labeled_fish/images/bag14_1724166916574622000.jpg
bag14,2024-08-20_17-14-36,1724166916729148800,37.601,raw_processed/all_images/2024-08-20_17-14-36/1724166916729148800.jpg,solaqua_labeled_fish/images/bag14_1724166916729148800.jpg
bag14,2024-08-20_17-14-36,1724166916897044500,37.769,raw_processed/all_images/2024-08-20_17-14-36/1724166916897044500.jpg,solaqua_labeled_fish/images/bag14_1724166916897044500.jpg
bag14,2024-08-20_17-14-36,1724166917047618800,37.920,raw_processed/all_images/2024-08-20_17-14-36/1724166917047618800.jpg,solaqua_labeled_fish/images/bag14_1724166917047618800.jpg
bag14,2024-08-20_17-14-36,1724166917214885800,38.087,raw_processed/all_images/2024-08-20_17-14-36/1724166917214885800.jpg,solaqua_labeled_fish/images/bag14_1724166917214885800.jpg
bag14,2024-08-20_17-14-36,1724166917382179200,38.254,raw_processed/all_images/2024-08-20_17-14-36/1724166917382179200.jpg,solaqua_labeled_fish/images/bag14_1724166917382179200.jpg
bag14,2024-08-20_17-14-36,1724166917537829800,38.410,raw_processed/all_images/2024-08-20_17-14-36/1724166917537829800.jpg,solaqua_labeled_fish/images/bag14_1724166917537829800.jpg
bag14,2024-08-20_17-14-36,1724166917689956700,38.562,raw_processed/all_images/2024-08-20_17-14-36/1724166917689956700.jpg,solaqua_labeled_fish/images/bag14_1724166917689956700.jpg
bag14,2024-08-20_17-14-36,1724166917854754100,38.727,raw_processed/all_images/2024-08-20_17-14-36/1724166917854754100.jpg,solaqua_labeled_fish/images/bag14_1724166917854754100.jpg
bag14,2024-08-20_17-14-36,1724166918008164500,38.880,raw_processed/all_images/2024-08-20_17-14-36/1724166918008164500.jpg,solaqua_labeled_fish/images/bag14_1724166918008164500.jpg
bag14,2024-08-20_17-14-36,1724166918174480600,39.047,raw_processed/all_images/2024-08-20_17-14-36/1724166918174480600.jpg,solaqua_labeled_fish/images/bag14_1724166918174480600.jpg
bag14,2024-08-20_17-14-36,1724166918341039400,39.213,raw_processed/all_images/2024-08-20_17-14-36/1724166918341039400.jpg,solaqua_labeled_fish/images/bag14_1724166918341039400.jpg
bag14,2024-08-20_17-14-36,1724166918496736400,39.369,raw_processed/all_images/2024-08-20_17-14-36/1724166918496736400.jpg,solaqua_labeled_fish/images/bag14_1724166918496736400.jpg
bag14,2024-08-20_17-14-36,1724166918650260300,39.522,raw_processed/all_images/2024-08-20_17-14-36/1724166918650260300.jpg,solaqua_labeled_fish/images/bag14_1724166918650260300.jpg
bag14,2024-08-20_17-14-36,1724166918815103300,39.687,raw_processed/all_images/2024-08-20_17-14-36/1724166918815103300.jpg,solaqua_labeled_fish/images/bag14_1724166918815103300.jpg
bag14,2024-08-20_17-14-36,1724166918983693200,39.856,raw_processed/all_images/2024-08-20_17-14-36/1724166918983693200.jpg,solaqua_labeled_fish/images/bag14_1724166918983693200.jpg
bag14,2024-08-20_17-14-36,1724166919134796300,40.007,raw_processed/all_images/2024-08-20_17-14-36/1724166919134796300.jpg,solaqua_labeled_fish/images/bag14_1724166919134796300.jpg
bag14,2024-08-20_17-14-36,1724166919300387700,40.172,raw_processed/all_images/2024-08-20_17-14-36/1724166919300387700.jpg,solaqua_labeled_fish/images/bag14_1724166919300387700.jpg
bag14,2024-08-20_17-14-36,1724166919453069400,40.325,raw_processed/all_images/2024-08-20_17-14-36/1724166919453069400.jpg,solaqua_labeled_fish/images/bag14_1724166919453069400.jpg
bag14,2024-08-20_17-14-36,1724166919619015400,40.491,raw_processed/all_images/2024-08-20_17-14-36/1724166919619015400.jpg,solaqua_labeled_fish/images/bag14_1724166919619015400.jpg
bag14,2024-08-20_17-14-36,1724166919770771200,40.643,raw_processed/all_images/2024-08-20_17-14-36/1724166919770771200.jpg,solaqua_labeled_fish/images/bag14_1724166919770771200.jpg
bag14,2024-08-20_17-14-36,1724166919937360100,40.809,raw_processed/all_images/2024-08-20_17-14-36/1724166919937360100.jpg,solaqua_labeled_fish/images/bag14_1724166919937360100.jpg
bag14,2024-08-20_17-14-36,1724166920087580900,40.960,raw_processed/all_images/2024-08-20_17-14-36/1724166920087580900.jpg,solaqua_labeled_fish/images/bag14_1724166920087580900.jpg
bag15,2024-08-20_17-55-40,1724169344110130000,1.002,raw_processed/all_images/2024-08-20_17-55-40/1724169344110130000.jpg,solaqua_labeled_fish/images/bag15_1724169344110130000.jpg
bag15,2024-08-20_17-55-40,1724169344273829600,1.166,raw_processed/all_images/2024-08-20_17-55-40/1724169344273829600.jpg,solaqua_labeled_fish/images/bag15_1724169344273829600.jpg
bag15,2024-08-20_17-55-40,1724169344427912900,1.320,raw_processed/all_images/2024-08-20_17-55-40/1724169344427912900.jpg,solaqua_labeled_fish/images/bag15_1724169344427912900.jpg
bag15,2024-08-20_17-55-40,1724169344593367000,1.486,raw_processed/all_images/2024-08-20_17-55-40/1724169344593367000.jpg,solaqua_labeled_fish/images/bag15_1724169344593367000.jpg
bag15,2024-08-20_17-55-40,1724169344743939200,1.636,raw_processed/all_images/2024-08-20_17-55-40/1724169344743939200.jpg,solaqua_labeled_fish/images/bag15_1724169344743939200.jpg
bag15,2024-08-20_17-55-40,1724169344914276900,1.807,raw_processed/all_images/2024-08-20_17-55-40/1724169344914276900.jpg,solaqua_labeled_fish/images/bag15_1724169344914276900.jpg
bag15,2024-08-20_17-55-40,1724169345063843300,1.956,raw_processed/all_images/2024-08-20_17-55-40/1724169345063843300.jpg,solaqua_labeled_fish/images/bag15_1724169345063843300.jpg
bag15,2024-08-20_17-55-40,1724169345229317600,2.122,raw_processed/all_images/2024-08-20_17-55-40/1724169345229317600.jpg,solaqua_labeled_fish/images/bag15_1724169345229317600.jpg
bag15,2024-08-20_17-55-40,1724169345396277800,2.289,raw_processed/all_images/2024-08-20_17-55-40/1724169345396277800.jpg,solaqua_labeled_fish/images/bag15_1724169345396277800.jpg
bag15,2024-08-20_17-55-40,1724169345552133500,2.444,raw_processed/all_images/2024-08-20_17-55-40/1724169345552133500.jpg,solaqua_labeled_fish/images/bag15_1724169345552133500.jpg
bag15,2024-08-20_17-55-40,1724169345719759600,2.612,raw_processed/all_images/2024-08-20_17-55-40/1724169345719759600.jpg,solaqua_labeled_fish/images/bag15_1724169345719759600.jpg
bag15,2024-08-20_17-55-40,1724169345868849400,2.761,raw_processed/all_images/2024-08-20_17-55-40/1724169345868849400.jpg,solaqua_labeled_fish/images/bag15_1724169345868849400.jpg
bag15,2024-08-20_17-55-40,1724169346037318600,2.930,raw_processed/all_images/2024-08-20_17-55-40/1724169346037318600.jpg,solaqua_labeled_fish/images/bag15_1724169346037318600.jpg
bag15,2024-08-20_17-55-40,1724169346187902000,3.080,raw_processed/all_images/2024-08-20_17-55-40/1724169346187902000.jpg,solaqua_labeled_fish/images/bag15_1724169346187902000.jpg
bag15,2024-08-20_17-55-40,1724169346352825300,3.245,raw_processed/all_images/2024-08-20_17-55-40/1724169346352825300.jpg,solaqua_labeled_fish/images/bag15_1724169346352825300.jpg
bag15,2024-08-20_17-55-40,1724169346503382700,3.396,raw_processed/all_images/2024-08-20_17-55-40/1724169346503382700.jpg,solaqua_labeled_fish/images/bag15_1724169346503382700.jpg
bag15,2024-08-20_17-55-40,1724169346673244200,3.565,raw_processed/all_images/2024-08-20_17-55-40/1724169346673244200.jpg,solaqua_labeled_fish/images/bag15_1724169346673244200.jpg
bag15,2024-08-20_17-55-40,1724169346826616200,3.719,raw_processed/all_images/2024-08-20_17-55-40/1724169346826616200.jpg,solaqua_labeled_fish/images/bag15_1724169346826616200.jpg
bag15,2024-08-20_17-55-40,1724169346992958100,3.885,raw_processed/all_images/2024-08-20_17-55-40/1724169346992958100.jpg,solaqua_labeled_fish/images/bag15_1724169346992958100.jpg
bag15,2024-08-20_17-55-40,1724169347147908800,4.040,raw_processed/all_images/2024-08-20_17-55-40/1724169347147908800.jpg,solaqua_labeled_fish/images/bag15_1724169347147908800.jpg
bag15,2024-08-20_17-55-40,1724169347314525600,4.207,raw_processed/all_images/2024-08-20_17-55-40/1724169347314525600.jpg,solaqua_labeled_fish/images/bag15_1724169347314525600.jpg
bag15,2024-08-20_17-55-40,1724169347465868400,4.358,raw_processed/all_images/2024-08-20_17-55-40/1724169347465868400.jpg,solaqua_labeled_fish/images/bag15_1724169347465868400.jpg
bag15,2024-08-20_17-55-40,1724169347633607200,4.526,raw_processed/all_images/2024-08-20_17-55-40/1724169347633607200.jpg,solaqua_labeled_fish/images/bag15_1724169347633607200.jpg
bag15,2024-08-20_17-55-40,1724169347788394600,4.681,raw_processed/all_images/2024-08-20_17-55-40/1724169347788394600.jpg,solaqua_labeled_fish/images/bag15_1724169347788394600.jpg
bag15,2024-08-20_17-55-40,1724169347954321800,4.847,raw_processed/all_images/2024-08-20_17-55-40/1724169347954321800.jpg,solaqua_labeled_fish/images/bag15_1724169347954321800.jpg
bag15,2024-08-20_17-55-40,1724169348108216400,5.000,raw_processed/all_images/2024-08-20_17-55-40/1724169348108216400.jpg,solaqua_labeled_fish/images/bag15_1724169348108216400.jpg
bag15,2024-08-20_17-55-40,1724169348274071800,5.166,raw_processed/all_images/2024-08-20_17-55-40/1724169348274071800.jpg,solaqua_labeled_fish/images/bag15_1724169348274071800.jpg
bag15,2024-08-20_17-55-40,1724169348425726300,5.318,raw_processed/all_images/2024-08-20_17-55-40/1724169348425726300.jpg,solaqua_labeled_fish/images/bag15_1724169348425726300.jpg
bag15,2024-08-20_17-55-40,1724169348595836900,5.488,raw_processed/all_images/2024-08-20_17-55-40/1724169348595836900.jpg,solaqua_labeled_fish/images/bag15_1724169348595836900.jpg
bag15,2024-08-20_17-55-40,1724169348749502700,5.642,raw_processed/all_images/2024-08-20_17-55-40/1724169348749502700.jpg,solaqua_labeled_fish/images/bag15_1724169348749502700.jpg
bag15,2024-08-20_17-55-40,1724169348919541800,5.812,raw_processed/all_images/2024-08-20_17-55-40/1724169348919541800.jpg,solaqua_labeled_fish/images/bag15_1724169348919541800.jpg
bag15,2024-08-20_17-55-40,1724169349070046500,5.962,raw_processed/all_images/2024-08-20_17-55-40/1724169349070046500.jpg,solaqua_labeled_fish/images/bag15_1724169349070046500.jpg
bag15,2024-08-20_17-55-40,1724169349224632500,6.117,raw_processed/all_images/2024-08-20_17-55-40/1724169349224632500.jpg,solaqua_labeled_fish/images/bag15_1724169349224632500.jpg
bag15,2024-08-20_17-55-40,1724169349392347800,6.285,raw_processed/all_images/2024-08-20_17-55-40/1724169349392347800.jpg,solaqua_labeled_fish/images/bag15_1724169349392347800.jpg
bag15,2024-08-20_17-55-40,1724169349547977500,6.440,raw_processed/all_images/2024-08-20_17-55-40/1724169349547977500.jpg,solaqua_labeled_fish/images/bag15_1724169349547977500.jpg
bag15,2024-08-20_17-55-40,1724169349714199000,6.606,raw_processed/all_images/2024-08-20_17-55-40/1724169349714199000.jpg,solaqua_labeled_fish/images/bag15_1724169349714199000.jpg
bag15,2024-08-20_17-55-40,1724169349865018900,6.757,raw_processed/all_images/2024-08-20_17-55-40/1724169349865018900.jpg,solaqua_labeled_fish/images/bag15_1724169349865018900.jpg
bag15,2024-08-20_17-55-40,1724169350031521200,6.924,raw_processed/all_images/2024-08-20_17-55-40/1724169350031521200.jpg,solaqua_labeled_fish/images/bag15_1724169350031521200.jpg
bag15,2024-08-20_17-55-40,1724169350183315300,7.076,raw_processed/all_images/2024-08-20_17-55-40/1724169350183315300.jpg,solaqua_labeled_fish/images/bag15_1724169350183315300.jpg
bag15,2024-08-20_17-55-40,1724169350352951700,7.245,raw_processed/all_images/2024-08-20_17-55-40/1724169350352951700.jpg,solaqua_labeled_fish/images/bag15_1724169350352951700.jpg
bag15,2024-08-20_17-55-40,1724169350505073400,7.397,raw_processed/all_images/2024-08-20_17-55-40/1724169350505073400.jpg,solaqua_labeled_fish/images/bag15_1724169350505073400.jpg
bag15,2024-08-20_17-55-40,1724169350674122100,7.566,raw_processed/all_images/2024-08-20_17-55-40/1724169350674122100.jpg,solaqua_labeled_fish/images/bag15_1724169350674122100.jpg
bag15,2024-08-20_17-55-40,1724169350825764300,7.718,raw_processed/all_images/2024-08-20_17-55-40/1724169350825764300.jpg,solaqua_labeled_fish/images/bag15_1724169350825764300.jpg
bag15,2024-08-20_17-55-40,1724169350991202200,7.883,raw_processed/all_images/2024-08-20_17-55-40/1724169350991202200.jpg,solaqua_labeled_fish/images/bag15_1724169350991202200.jpg
bag15,2024-08-20_17-55-40,1724169351143716800,8.036,raw_processed/all_images/2024-08-20_17-55-40/1724169351143716800.jpg,solaqua_labeled_fish/images/bag15_1724169351143716800.jpg
bag15,2024-08-20_17-55-40,1724169351311252200,8.204,raw_processed/all_images/2024-08-20_17-55-40/1724169351311252200.jpg,solaqua_labeled_fish/images/bag15_1724169351311252200.jpg
bag15,2024-08-20_17-55-40,1724169351462692700,8.355,raw_processed/all_images/2024-08-20_17-55-40/1724169351462692700.jpg,solaqua_labeled_fish/images/bag15_1724169351462692700.jpg
bag15,2024-08-20_17-55-40,1724169351630636500,8.523,raw_processed/all_images/2024-08-20_17-55-40/1724169351630636500.jpg,solaqua_labeled_fish/images/bag15_1724169351630636500.jpg
bag15,2024-08-20_17-55-40,1724169351783667300,8.676,raw_processed/all_images/2024-08-20_17-55-40/1724169351783667300.jpg,solaqua_labeled_fish/images/bag15_1724169351783667300.jpg
bag15,2024-08-20_17-55-40,1724169351950157700,8.842,raw_processed/all_images/2024-08-20_17-55-40/1724169351950157700.jpg,solaqua_labeled_fish/images/bag15_1724169351950157700.jpg
bag15,2024-08-20_17-55-40,1724169352103535000,8.996,raw_processed/all_images/2024-08-20_17-55-40/1724169352103535000.jpg,solaqua_labeled_fish/images/bag15_1724169352103535000.jpg
bag15,2024-08-20_17-55-40,1724169372235703400,29.128,raw_processed/all_images/2024-08-20_17-55-40/1724169372235703400.jpg,solaqua_labeled_fish/images/bag15_1724169372235703400.jpg
bag15,2024-08-20_17-55-40,1724169372387389500,29.280,raw_processed/all_images/2024-08-20_17-55-40/1724169372387389500.jpg,solaqua_labeled_fish/images/bag15_1724169372387389500.jpg
bag15,2024-08-20_17-55-40,1724169372555707300,29.448,raw_processed/all_images/2024-08-20_17-55-40/1724169372555707300.jpg,solaqua_labeled_fish/images/bag15_1724169372555707300.jpg
bag15,2024-08-20_17-55-40,1724169372706862100,29.599,raw_processed/all_images/2024-08-20_17-55-40/1724169372706862100.jpg,solaqua_labeled_fish/images/bag15_1724169372706862100.jpg
bag15,2024-08-20_17-55-40,1724169372875348000,29.768,raw_processed/all_images/2024-08-20_17-55-40/1724169372875348000.jpg,solaqua_labeled_fish/images/bag15_1724169372875348000.jpg
bag15,2024-08-20_17-55-40,1724169373027277900,29.920,raw_processed/all_images/2024-08-20_17-55-40/1724169373027277900.jpg,solaqua_labeled_fish/images/bag15_1724169373027277900.jpg
bag15,2024-08-20_17-55-40,1724169373190978100,30.083,raw_processed/all_images/2024-08-20_17-55-40/1724169373190978100.jpg,solaqua_labeled_fish/images/bag15_1724169373190978100.jpg
bag15,2024-08-20_17-55-40,1724169373342513300,30.235,raw_processed/all_images/2024-08-20_17-55-40/1724169373342513300.jpg,solaqua_labeled_fish/images/bag15_1724169373342513300.jpg
bag15,2024-08-20_17-55-40,1724169373511768500,30.404,raw_processed/all_images/2024-08-20_17-55-40/1724169373511768500.jpg,solaqua_labeled_fish/images/bag15_1724169373511768500.jpg
bag15,2024-08-20_17-55-40,1724169373665644200,30.558,raw_processed/all_images/2024-08-20_17-55-40/1724169373665644200.jpg,solaqua_labeled_fish/images/bag15_1724169373665644200.jpg
bag15,2024-08-20_17-55-40,1724169373831919500,30.724,raw_processed/all_images/2024-08-20_17-55-40/1724169373831919500.jpg,solaqua_labeled_fish/images/bag15_1724169373831919500.jpg
bag15,2024-08-20_17-55-40,1724169373996758100,30.889,raw_processed/all_images/2024-08-20_17-55-40/1724169373996758100.jpg,solaqua_labeled_fish/images/bag15_1724169373996758100.jpg
bag15,2024-08-20_17-55-40,1724169374148211900,31.040,raw_processed/all_images/2024-08-20_17-55-40/1724169374148211900.jpg,solaqua_labeled_fish/images/bag15_1724169374148211900.jpg
bag15,2024-08-20_17-55-40,1724169374301160700,31.193,raw_processed/all_images/2024-08-20_17-55-40/1724169374301160700.jpg,solaqua_labeled_fish/images/bag15_1724169374301160700.jpg
bag15,2024-08-20_17-55-40,1724169374471377500,31.364,raw_processed/all_images/2024-08-20_17-55-40/1724169374471377500.jpg,solaqua_labeled_fish/images/bag15_1724169374471377500.jpg
bag15,2024-08-20_17-55-40,1724169374637142500,31.529,raw_processed/all_images/2024-08-20_17-55-40/1724169374637142500.jpg,solaqua_labeled_fish/images/bag15_1724169374637142500.jpg
bag15,2024-08-20_17-55-40,1724169374789495100,31.682,raw_processed/all_images/2024-08-20_17-55-40/1724169374789495100.jpg,solaqua_labeled_fish/images/bag15_1724169374789495100.jpg
bag15,2024-08-20_17-55-40,1724169374957129200,31.849,raw_processed/all_images/2024-08-20_17-55-40/1724169374957129200.jpg,solaqua_labeled_fish/images/bag15_1724169374957129200.jpg
bag15,2024-08-20_17-55-40,1724169375108475800,32.001,raw_processed/all_images/2024-08-20_17-55-40/1724169375108475800.jpg,solaqua_labeled_fish/images/bag15_1724169375108475800.jpg
bag15,2024-08-20_17-55-40,1724169375276258600,32.169,raw_processed/all_images/2024-08-20_17-55-40/1724169375276258600.jpg,solaqua_labeled_fish/images/bag15_1724169375276258600.jpg
bag15,2024-08-20_17-55-40,1724169375430926600,32.323,raw_processed/all_images/2024-08-20_17-55-40/1724169375430926600.jpg,solaqua_labeled_fish/images/bag15_1724169375430926600.jpg
bag15,2024-08-20_17-55-40,1724169375583256300,32.476,raw_processed/all_images/2024-08-20_17-55-40/1724169375583256300.jpg,solaqua_labeled_fish/images/bag15_1724169375583256300.jpg
bag15,2024-08-20_17-55-40,1724169375749331600,32.642,raw_processed/all_images/2024-08-20_17-55-40/1724169375749331600.jpg,solaqua_labeled_fish/images/bag15_1724169375749331600.jpg
bag15,2024-08-20_17-55-40,1724169375902866700,32.795,raw_processed/all_images/2024-08-20_17-55-40/1724169375902866700.jpg,solaqua_labeled_fish/images/bag15_1724169375902866700.jpg
bag15,2024-08-20_17-55-40,1724169376068418700,32.961,raw_processed/all_images/2024-08-20_17-55-40/1724169376068418700.jpg,solaqua_labeled_fish/images/bag15_1724169376068418700.jpg
bag15,2024-08-20_17-55-40,1724169376222010000,33.114,raw_processed/all_images/2024-08-20_17-55-40/1724169376222010000.jpg,solaqua_labeled_fish/images/bag15_1724169376222010000.jpg
bag15,2024-08-20_17-55-40,1724169376393266500,33.286,raw_processed/all_images/2024-08-20_17-55-40/1724169376393266500.jpg,solaqua_labeled_fish/images/bag15_1724169376393266500.jpg
bag15,2024-08-20_17-55-40,1724169376544130400,33.436,raw_processed/all_images/2024-08-20_17-55-40/1724169376544130400.jpg,solaqua_labeled_fish/images/bag15_1724169376544130400.jpg
bag15,2024-08-20_17-55-40,1724169376710125800,33.602,raw_processed/all_images/2024-08-20_17-55-40/1724169376710125800.jpg,solaqua_labeled_fish/images/bag15_1724169376710125800.jpg
bag15,2024-08-20_17-55-40,1724169376874247000,33.766,raw_processed/all_images/2024-08-20_17-55-40/1724169376874247000.jpg,solaqua_labeled_fish/images/bag15_1724169376874247000.jpg
bag15,2024-08-20_17-55-40,1724169377024551200,33.917,raw_processed/all_images/2024-08-20_17-55-40/1724169377024551200.jpg,solaqua_labeled_fish/images/bag15_1724169377024551200.jpg
bag15,2024-08-20_17-55-40,1724169377191622900,34.084,raw_processed/all_images/2024-08-20_17-55-40/1724169377191622900.jpg,solaqua_labeled_fish/images/bag15_1724169377191622900.jpg
bag15,2024-08-20_17-55-40,1724169377342557300,34.235,raw_processed/all_images/2024-08-20_17-55-40/1724169377342557300.jpg,solaqua_labeled_fish/images/bag15_1724169377342557300.jpg
bag15,2024-08-20_17-55-40,1724169377509698400,34.402,raw_processed/all_images/2024-08-20_17-55-40/1724169377509698400.jpg,solaqua_labeled_fish/images/bag15_1724169377509698400.jpg
bag15,2024-08-20_17-55-40,1724169377680293800,34.573,raw_processed/all_images/2024-08-20_17-55-40/1724169377680293800.jpg,solaqua_labeled_fish/images/bag15_1724169377680293800.jpg
bag15,2024-08-20_17-55-40,1724169377830364000,34.723,raw_processed/all_images/2024-08-20_17-55-40/1724169377830364000.jpg,solaqua_labeled_fish/images/bag15_1724169377830364000.jpg
bag15,2024-08-20_17-55-40,1724169377983641900,34.876,raw_processed/all_images/2024-08-20_17-55-40/1724169377983641900.jpg,solaqua_labeled_fish/images/bag15_1724169377983641900.jpg
bag15,2024-08-20_17-55-40,1724169378151253000,35.044,raw_processed/all_images/2024-08-20_17-55-40/1724169378151253000.jpg,solaqua_labeled_fish/images/bag15_1724169378151253000.jpg
bag15,2024-08-20_17-55-40,1724169378303455600,35.196,raw_processed/all_images/2024-08-20_17-55-40/1724169378303455600.jpg,solaqua_labeled_fish/images/bag15_1724169378303455600.jpg
bag15,2024-08-20_17-55-40,1724169378473661900,35.366,raw_processed/all_images/2024-08-20_17-55-40/1724169378473661900.jpg,solaqua_labeled_fish/images/bag15_1724169378473661900.jpg
bag15,2024-08-20_17-55-40,1724169378625350900,35.518,raw_processed/all_images/2024-08-20_17-55-40/1724169378625350900.jpg,solaqua_labeled_fish/images/bag15_1724169378625350900.jpg
bag15,2024-08-20_17-55-40,1724169378791648400,35.684,raw_processed/all_images/2024-08-20_17-55-40/1724169378791648400.jpg,solaqua_labeled_fish/images/bag15_1724169378791648400.jpg
bag15,2024-08-20_17-55-40,1724169378944048300,35.836,raw_processed/all_images/2024-08-20_17-55-40/1724169378944048300.jpg,solaqua_labeled_fish/images/bag15_1724169378944048300.jpg
bag15,2024-08-20_17-55-40,1724169386121503300,43.014,raw_processed/all_images/2024-08-20_17-55-40/1724169386121503300.jpg,solaqua_labeled_fish/images/bag15_1724169386121503300.jpg
bag15,2024-08-20_17-55-40,1724169386269464900,43.162,raw_processed/all_images/2024-08-20_17-55-40/1724169386269464900.jpg,solaqua_labeled_fish/images/bag15_1724169386269464900.jpg
bag15,2024-08-20_17-55-40,1724169386424892600,43.317,raw_processed/all_images/2024-08-20_17-55-40/1724169386424892600.jpg,solaqua_labeled_fish/images/bag15_1724169386424892600.jpg
bag15,2024-08-20_17-55-40,1724169386590418200,43.483,raw_processed/all_images/2024-08-20_17-55-40/1724169386590418200.jpg,solaqua_labeled_fish/images/bag15_1724169386590418200.jpg
bag15,2024-08-20_17-55-40,1724169386757498000,43.650,raw_processed/all_images/2024-08-20_17-55-40/1724169386757498000.jpg,solaqua_labeled_fish/images/bag15_1724169386757498000.jpg
bag15,2024-08-20_17-55-40,1724169386907140400,43.799,raw_processed/all_images/2024-08-20_17-55-40/1724169386907140400.jpg,solaqua_labeled_fish/images/bag15_1724169386907140400.jpg
bag15,2024-08-20_17-55-40,1724169387073052300,43.965,raw_processed/all_images/2024-08-20_17-55-40/1724169387073052300.jpg,solaqua_labeled_fish/images/bag15_1724169387073052300.jpg
bag15,2024-08-20_17-55-40,1724169387227419700,44.120,raw_processed/all_images/2024-08-20_17-55-40/1724169387227419700.jpg,solaqua_labeled_fish/images/bag15_1724169387227419700.jpg
bag15,2024-08-20_17-55-40,1724169387391512000,44.284,raw_processed/all_images/2024-08-20_17-55-40/1724169387391512000.jpg,solaqua_labeled_fish/images/bag15_1724169387391512000.jpg
bag15,2024-08-20_17-55-40,1724169387559191900,44.451,raw_processed/all_images/2024-08-20_17-55-40/1724169387559191900.jpg,solaqua_labeled_fish/images/bag15_1724169387559191900.jpg
bag15,2024-08-20_17-55-40,1724169387708341400,44.601,raw_processed/all_images/2024-08-20_17-55-40/1724169387708341400.jpg,solaqua_labeled_fish/images/bag15_1724169387708341400.jpg
bag15,2024-08-20_17-55-40,1724169387873781500,44.766,raw_processed/all_images/2024-08-20_17-55-40/1724169387873781500.jpg,solaqua_labeled_fish/images/bag15_1724169387873781500.jpg
bag15,2024-08-20_17-55-40,1724169388025956800,44.918,raw_processed/all_images/2024-08-20_17-55-40/1724169388025956800.jpg,solaqua_labeled_fish/images/bag15_1724169388025956800.jpg
bag15,2024-08-20_17-55-40,1724169388190215700,45.082,raw_processed/all_images/2024-08-20_17-55-40/1724169388190215700.jpg,solaqua_labeled_fish/images/bag15_1724169388190215700.jpg
bag15,2024-08-20_17-55-40,1724169388355807400,45.248,raw_processed/all_images/2024-08-20_17-55-40/1724169388355807400.jpg,solaqua_labeled_fish/images/bag15_1724169388355807400.jpg
bag15,2024-08-20_17-55-40,1724169388507883100,45.400,raw_processed/all_images/2024-08-20_17-55-40/1724169388507883100.jpg,solaqua_labeled_fish/images/bag15_1724169388507883100.jpg
bag15,2024-08-20_17-55-40,1724169388675093700,45.567,raw_processed/all_images/2024-08-20_17-55-40/1724169388675093700.jpg,solaqua_labeled_fish/images/bag15_1724169388675093700.jpg
bag15,2024-08-20_17-55-40,1724169388826485700,45.719,raw_processed/all_images/2024-08-20_17-55-40/1724169388826485700.jpg,solaqua_labeled_fish/images/bag15_1724169388826485700.jpg
bag15,2024-08-20_17-55-40,1724169388995489600,45.888,raw_processed/all_images/2024-08-20_17-55-40/1724169388995489600.jpg,solaqua_labeled_fish/images/bag15_1724169388995489600.jpg
bag15,2024-08-20_17-55-40,1724169389143625300,46.036,raw_processed/all_images/2024-08-20_17-55-40/1724169389143625300.jpg,solaqua_labeled_fish/images/bag15_1724169389143625300.jpg
bag15,2024-08-20_17-55-40,1724169389310730300,46.203,raw_processed/all_images/2024-08-20_17-55-40/1724169389310730300.jpg,solaqua_labeled_fish/images/bag15_1724169389310730300.jpg
bag15,2024-08-20_17-55-40,1724169389464117200,46.356,raw_processed/all_images/2024-08-20_17-55-40/1724169389464117200.jpg,solaqua_labeled_fish/images/bag15_1724169389464117200.jpg
bag15,2024-08-20_17-55-40,1724169389628986200,46.521,raw_processed/all_images/2024-08-20_17-55-40/1724169389628986200.jpg,solaqua_labeled_fish/images/bag15_1724169389628986200.jpg
bag15,2024-08-20_17-55-40,1724169389797790100,46.690,raw_processed/all_images/2024-08-20_17-55-40/1724169389797790100.jpg,solaqua_labeled_fish/images/bag15_1724169389797790100.jpg
bag15,2024-08-20_17-55-40,1724169389949740100,46.842,raw_processed/all_images/2024-08-20_17-55-40/1724169389949740100.jpg,solaqua_labeled_fish/images/bag15_1724169389949740100.jpg
bag15,2024-08-20_17-55-40,1724169390116790200,47.009,raw_processed/all_images/2024-08-20_17-55-40/1724169390116790200.jpg,solaqua_labeled_fish/images/bag15_1724169390116790200.jpg
bag15,2024-08-20_17-55-40,1724169390267870800,47.160,raw_processed/all_images/2024-08-20_17-55-40/1724169390267870800.jpg,solaqua_labeled_fish/images/bag15_1724169390267870800.jpg
bag15,2024-08-20_17-55-40,1724169390433460800,47.326,raw_processed/all_images/2024-08-20_17-55-40/1724169390433460800.jpg,solaqua_labeled_fish/images/bag15_1724169390433460800.jpg
bag15,2024-08-20_17-55-40,1724169390586977900,47.479,raw_processed/all_images/2024-08-20_17-55-40/1724169390586977900.jpg,solaqua_labeled_fish/images/bag15_1724169390586977900.jpg
bag15,2024-08-20_17-55-40,1724169390751751200,47.644,raw_processed/all_images/2024-08-20_17-55-40/1724169390751751200.jpg,solaqua_labeled_fish/images/bag15_1724169390751751200.jpg
bag15,2024-08-20_17-55-40,1724169390915964000,47.808,raw_processed/all_images/2024-08-20_17-55-40/1724169390915964000.jpg,solaqua_labeled_fish/images/bag15_1724169390915964000.jpg
bag15,2024-08-20_17-55-40,1724169391068658000,47.961,raw_processed/all_images/2024-08-20_17-55-40/1724169391068658000.jpg,solaqua_labeled_fish/images/bag15_1724169391068658000.jpg
bag15,2024-08-20_17-55-40,1724169391236598100,48.129,raw_processed/all_images/2024-08-20_17-55-40/1724169391236598100.jpg,solaqua_labeled_fish/images/bag15_1724169391236598100.jpg
bag15,2024-08-20_17-55-40,1724169391389912600,48.282,raw_processed/all_images/2024-08-20_17-55-40/1724169391389912600.jpg,solaqua_labeled_fish/images/bag15_1724169391389912600.jpg
bag15,2024-08-20_17-55-40,1724169391555768600,48.448,raw_processed/all_images/2024-08-20_17-55-40/1724169391555768600.jpg,solaqua_labeled_fish/images/bag15_1724169391555768600.jpg
bag15,2024-08-20_17-55-40,1724169391707326000,48.600,raw_processed/all_images/2024-08-20_17-55-40/1724169391707326000.jpg,solaqua_labeled_fish/images/bag15_1724169391707326000.jpg
bag15,2024-08-20_17-55-40,1724169391873493800,48.766,raw_processed/all_images/2024-08-20_17-55-40/1724169391873493800.jpg,solaqua_labeled_fish/images/bag15_1724169391873493800.jpg
bag15,2024-08-20_17-55-40,1724169392026353500,48.919,raw_processed/all_images/2024-08-20_17-55-40/1724169392026353500.jpg,solaqua_labeled_fish/images/bag15_1724169392026353500.jpg
bag15,2024-08-20_17-55-40,1724169392192324300,49.085,raw_processed/all_images/2024-08-20_17-55-40/1724169392192324300.jpg,solaqua_labeled_fish/images/bag15_1724169392192324300.jpg
bag15,2024-08-20_17-55-40,1724169392345105000,49.237,raw_processed/all_images/2024-08-20_17-55-40/1724169392345105000.jpg,solaqua_labeled_fish/images/bag15_1724169392345105000.jpg
bag15,2024-08-20_17-55-40,1724169392511041500,49.403,raw_processed/all_images/2024-08-20_17-55-40/1724169392511041500.jpg,solaqua_labeled_fish/images/bag15_1724169392511041500.jpg
bag15,2024-08-20_17-55-40,1724169392669279800,49.562,raw_processed/all_images/2024-08-20_17-55-40/1724169392669279800.jpg,solaqua_labeled_fish/images/bag15_1724169392669279800.jpg
bag15,2024-08-20_17-55-40,1724169392834128300,49.726,raw_processed/all_images/2024-08-20_17-55-40/1724169392834128300.jpg,solaqua_labeled_fish/images/bag15_1724169392834128300.jpg
bag15,2024-08-20_17-55-40,1724169392988262100,49.881,raw_processed/all_images/2024-08-20_17-55-40/1724169392988262100.jpg,solaqua_labeled_fish/images/bag15_1724169392988262100.jpg
