64,1,1192.74,3.20,86.84,316.64,1,1,1.000000
65,1,1192.74,3.20,86.84,316.64,1,1,1.000000
120,2,612.95,30.42,127.97,39.00,1,1,1.000000
123,2,606.30,26.94,130.54,43.32,1,1,1.000000
682,1,1205.16,186.55,74.57,105.65,1,1,1.000000
684,6,1166.83,158.39,113.20,140.63,1,1,1.000000
685,6,1166.83,158.39,113.20,140.63,1,1,1.000000
686,6,1109.11,122.53,170.48,188.77,1,1,1.000000
687,6,1109.11,122.53,170.48,188.77,1,1,1.000000
688,6,1073.15,102.70,207.26,207.44,1,1,1.000000
689,6,1073.15,102.70,207.26,207.44,1,1,1.000000
690,6,1031.89,83.38,249.03,225.61,1,1,1.000000
691,6,1019.29,71.56,261.40,235.39,1,1,1.000000
692,6,1004.96,62.07,274.42,243.20,1,1,1.000000
693,6,987.18,47.59,293.60,249.63,1,1,1.000000
694,6,979.52,41.79,300.76,255.44,1,1,1.000000
695,6,957.09,27.57,322.71,272.79,1,1,1.000000
696,6,940.74,17.78,339.51,274.34,1,1,1.000000
697,6,910.29,0.00,369.79,273.92,1,1,1.000000
698,6,894.99,0.00,383.64,261.09,1,1,1.000000
699,6,894.99,0.00,383.64,261.09,1,1,1.000000
700,6,878.89,0.00,399.61,258.99,1,1,1.000000
701,6,858.71,0.27,420.66,245.65,1,1,1.000000
702,6,845.43,0.41,433.28,256.62,1,1,1.000000
703,6,832.92,0.00,446.14,253.88,1,1,1.000000
704,6,815.20,0.15,464.49,255.49,1,1,1.000000
705,6,811.93,0.47,467.42,246.82,1,1,1.000000
706,6,797.74,0.16,481.79,230.90,1,1,1.000000
707,6,786.33,0.00,492.78,209.15,1,1,1.000000
708,6,774.75,0.00,504.25,194.90,1,1,1.000000
709,6,769.17,0.00,510.35,201.02,1,1,1.000000
710,6,759.80,0.03,520.04,243.90,1,1,1.000000
711,6,755.83,0.00,524.57,219.64,1,1,1.000000
712,6,735.20,0.21,542.26,186.31,1,1,1.000000
713,6,722.03,0.47,529.32,137.74,1,1,1.000000
714,6,718.91,0.00,490.65,125.87,1,1,1.000000
715,6,728.23,0.53,422.48,83.53,1,1,1.000000
716,6,733.13,0.00,398.61,107.43,1,1,1.000000
717,6,733.13,0.00,398.61,107.43,1,1,1.000000
718,6,771.00,0.02,313.30,109.83,1,1,1.000000
719,6,790.15,1.27,244.65,104.93,1,1,1.000000
720,6,893.00,0.10,88.38,84.09,1,1,1.000000
1024,8,1177.76,370.29,102.53,74.54,1,1,1.000000
1025,8,1153.49,366.65,126.24,75.24,1,1,1.000000
1026,8,1133.37,358.36,146.29,84.74,1,1,1.000000
1027,8,1115.20,351.12,164.12,99.31,1,1,1.000000
1028,8,1090.94,345.66,187.85,108.50,1,1,1.000000
1029,8,1072.28,336.98,206.95,116.65,1,1,1.000000
1030,8,1055.89,336.34,223.30,116.00,1,1,1.000000
1031,8,1044.86,335.42,235.03,122.70,1,1,1.000000
1032,8,1040.69,327.74,239.61,131.25,1,1,1.000000
1033,8,1038.11,324.51,242.00,134.07,1,1,1.000000
1034,8,1036.55,323.04,243.33,133.08,1,1,1.000000
1035,8,1029.40,314.36,250.15,126.80,1,1,1.000000
1036,8,1024.37,309.99,255.91,129.04,1,1,1.000000
1037,8,1022.78,303.54,257.49,131.04,1,1,1.000000
1038,8,1024.93,299.67,255.00,132.26,1,1,1.000000
1039,8,1024.99,290.88,255.02,138.80,1,1,1.000000
1040,8,1024.12,284.47,255.57,138.36,1,1,1.000000
1041,8,1010.83,258.15,269.24,160.74,1,1,1.000000
1042,8,997.70,252.35,282.68,158.21,1,1,1.000000
1043,8,980.68,258.73,299.12,141.63,1,1,1.000000
1044,8,960.62,251.17,319.38,147.47,1,1,1.000000
1045,8,939.35,243.67,340.74,143.43,1,1,1.000000
1046,8,917.28,238.32,362.31,146.04,1,1,1.000000
1047,8,885.01,228.91,393.54,143.44,1,1,1.000000
1048,8,840.53,215.92,438.70,129.74,1,1,1.000000
1049,8,840.53,215.92,438.70,129.74,1,1,1.000000
1050,8,791.44,201.04,488.15,128.32,1,1,1.000000
1051,8,769.46,196.43,508.87,126.70,1,1,1.000000
1052,8,744.71,191.58,533.91,136.55,1,1,1.000000
1053,8,716.15,184.79,563.47,147.86,1,1,1.000000
1054,8,690.69,175.89,589.27,145.50,1,1,1.000000
1055,8,660.99,173.49,604.78,131.91,1,1,1.000000
1056,8,638.89,167.86,576.45,141.55,1,1,1.000000
1057,8,612.30,162.56,580.43,151.37,1,1,1.000000
1058,8,589.26,159.43,567.90,151.34,1,1,1.000000
1059,8,558.17,157.34,564.09,157.31,1,1,1.000000
1060,8,533.02,152.44,532.16,158.99,1,1,1.000000
1061,8,479.14,149.77,506.82,149.86,1,1,1.000000
1062,8,457.66,147.25,499.75,136.74,1,1,1.000000
1063,8,433.25,150.51,482.48,122.10,1,1,1.000000
1064,8,404.16,153.25,481.77,111.06,1,1,1.000000
1065,8,381.93,153.36,464.73,103.14,1,1,1.000000
1066,8,356.55,153.12,460.16,103.98,1,1,1.000000
1067,8,329.75,154.22,464.31,102.42,1,1,1.000000
1068,8,307.56,153.12,451.61,102.49,1,1,1.000000
1069,8,281.74,152.13,452.58,102.14,1,1,1.000000
1070,8,249.72,153.38,457.43,100.36,1,1,1.000000
1071,8,222.68,150.65,465.08,106.25,1,1,1.000000
1072,8,178.56,150.29,473.40,121.81,1,1,1.000000
1073,8,178.56,150.29,473.40,121.81,1,1,1.000000
1074,8,163.75,146.13,469.94,124.49,1,1,1.000000
1075,8,131.31,142.90,468.40,120.77,1,1,1.000000
1076,8,116.71,142.54,466.23,116.50,1,1,1.000000
1077,8,105.43,142.27,457.94,111.21,1,1,1.000000
1078,8,94.93,140.76,460.52,109.18,1,1,1.000000
1079,8,94.93,140.76,460.52,109.18,1,1,1.000000
1080,8,67.82,135.64,467.43,105.52,1,1,1.000000
1081,8,51.64,134.31,470.71,103.34,1,1,1.000000
1082,8,36.27,133.71,469.36,99.18,1,1,1.000000
1083,8,4.12,132.82,474.85,102.06,1,1,1.000000
1084,8,4.12,132.82,474.85,102.06,1,1,1.000000
1085,8,0.19,128.74,449.06,111.75,1,1,1.000000
1086,8,0.38,130.07,436.43,116.29,1,1,1.000000
1087,8,1.00,129.32,417.62,111.67,1,1,1.000000
1088,8,0.37,130.39,399.82,110.42,1,1,1.000000
1089,8,0.13,129.77,392.74,108.66,1,1,1.000000
1090,8,0.23,129.04,380.53,107.23,1,1,1.000000
1091,8,0.00,127.50,370.22,107.35,1,1,1.000000
1092,8,0.53,128.19,352.72,104.12,1,1,1.000000
1093,8,0.00,127.22,336.75,102.82,1,1,1.000000
1094,8,0.00,125.76,312.80,102.97,1,1,1.000000
1095,8,0.00,123.92,293.81,104.92,1,1,1.000000
1096,8,0.00,129.20,275.90,96.74,1,1,1.000000
1097,8,0.00,149.87,235.26,77.50,1,1,1.000000
1098,8,0.00,149.87,235.26,77.50,1,1,1.000000
1099,8,0.00,146.13,187.41,75.00,1,1,1.000000
1100,8,0.00,144.08,165.31,76.92,1,1,1.000000
1101,8,0.00,141.29,140.68,74.33,1,1,1.000000
1102,8,0.23,138.61,115.84,74.34,1,1,1.000000
1103,8,0.23,138.61,115.84,74.34,1,1,1.000000
1104,8,0.55,127.17,68.80,81.17,1,1,1.000000
1192,9,1185.99,512.67,93.90,72.24,1,1,1.000000
1193,9,1161.77,509.57,118.67,76.53,1,1,1.000000
1194,9,1142.48,509.11,137.93,82.77,1,1,1.000000
1195,9,1124.15,503.57,156.37,91.37,1,1,1.000000
1196,9,1106.43,503.93,173.77,96.65,1,1,1.000000
1196,10,1211.15,74.00,68.16,80.21,1,1,1.000000
1197,9,1088.83,502.73,190.99,100.32,1,1,1.000000
1197,10,1192.82,67.15,86.92,88.55,1,1,1.000000
1198,9,1071.79,503.55,208.35,100.40,1,1,1.000000
1198,10,1178.43,62.70,101.38,91.77,1,1,1.000000
1199,9,1035.39,495.05,244.93,103.21,1,1,1.000000
1199,10,1152.45,50.07,127.43,106.54,1,1,1.000000
1200,9,1035.39,495.05,244.93,103.21,1,1,1.000000
1200,10,1152.45,50.07,127.43,106.54,1,1,1.000000
1201,9,998.66,488.45,280.83,108.74,1,1,1.000000
1201,10,1126.02,38.80,153.65,117.47,1,1,1.000000
1202,9,981.17,483.49,298.02,113.96,1,1,1.000000
1202,10,1114.28,36.79,165.32,118.30,1,1,1.000000
1203,9,959.78,482.33,320.05,115.73,1,1,1.000000
1203,10,1090.84,31.04,189.02,125.48,1,1,1.000000
1204,9,938.29,484.22,342.28,113.37,1,1,1.000000
1204,10,1076.23,27.94,203.54,128.62,1,1,1.000000
1205,9,938.29,484.22,342.28,113.37,1,1,1.000000
1205,10,1076.23,27.94,203.54,128.62,1,1,1.000000
1206,9,900.97,485.69,379.18,107.46,1,1,1.000000
1206,10,1038.74,22.63,241.46,135.53,1,1,1.000000
1207,9,884.09,482.88,395.49,110.84,1,1,1.000000
1207,10,1021.10,14.28,259.51,144.48,1,1,1.000000
1208,9,869.73,479.50,408.75,107.86,1,1,1.000000
1208,10,1003.98,4.87,275.37,154.50,1,1,1.000000
1209,9,856.73,474.24,422.35,112.90,1,1,1.000000
1209,10,989.94,0.71,289.72,158.73,1,1,1.000000
1210,9,840.15,470.71,438.72,111.24,1,1,1.000000
1210,10,974.19,0.20,305.46,159.77,1,1,1.000000
1211,9,827.45,464.34,451.64,116.70,1,1,1.000000
1211,10,955.12,0.55,324.99,160.45,1,1,1.000000
1212,9,807.13,460.58,471.81,116.68,1,1,1.000000
1212,10,940.16,0.09,339.75,163.26,1,1,1.000000
1212,11,1199.25,303.21,80.51,65.68,1,1,1.000000
1213,9,791.36,457.90,485.83,115.87,1,1,1.000000
1213,10,926.75,0.00,353.80,166.38,1,1,1.000000
1213,11,1179.78,299.13,100.02,71.09,1,1,1.000000
1214,9,755.94,454.16,521.42,131.48,1,1,1.000000
1214,10,898.02,0.00,381.67,174.22,1,1,1.000000
1214,11,1147.73,286.40,132.34,89.50,1,1,1.000000
1215,9,737.46,455.09,517.12,120.04,1,1,1.000000
1215,10,883.10,2.88,396.51,173.61,1,1,1.000000
1215,11,1135.15,285.08,144.56,92.90,1,1,1.000000
1216,9,718.35,454.85,506.64,105.70,1,1,1.000000
1216,10,863.69,7.25,415.30,174.37,1,1,1.000000
1216,11,1121.15,283.68,158.78,94.65,1,1,1.000000
1217,9,701.34,455.22,480.27,104.45,1,1,1.000000
1217,10,842.06,12.96,436.51,170.46,1,1,1.000000
1217,11,1105.06,282.69,174.82,90.45,1,1,1.000000
1218,9,701.34,455.22,480.27,104.45,1,1,1.000000
1218,10,842.06,12.96,436.51,170.46,1,1,1.000000
1218,11,1105.06,282.69,174.82,90.45,1,1,1.000000
1219,9,662.01,439.01,451.83,121.75,1,1,1.000000
1219,10,797.29,7.19,480.75,185.09,1,1,1.000000
1219,11,1060.83,271.27,219.32,102.28,1,1,1.000000
1220,9,637.02,437.83,444.11,119.40,1,1,1.000000
1220,10,776.38,0.99,499.88,193.62,1,1,1.000000
1220,11,1038.21,265.19,241.36,107.49,1,1,1.000000
1221,9,616.03,447.98,452.48,100.19,1,1,1.000000
1221,10,753.57,8.28,490.35,189.75,1,1,1.000000
1221,11,1009.96,268.22,270.56,106.56,1,1,1.000000
1222,9,592.11,442.27,473.00,109.06,1,1,1.000000
1222,10,732.85,0.00,480.31,201.60,1,1,1.000000
1222,11,980.31,270.82,299.25,103.63,1,1,1.000000
1223,9,541.13,431.78,485.75,128.95,1,1,1.000000
1223,10,684.34,14.78,474.88,198.34,1,1,1.000000
1223,11,934.17,273.03,344.68,99.26,1,1,1.000000
1224,9,541.13,431.78,485.75,128.95,1,1,1.000000
1224,10,684.34,14.78,474.88,198.34,1,1,1.000000
1224,11,934.17,273.03,344.68,99.26,1,1,1.000000
1225,9,491.47,428.30,473.49,133.18,1,1,1.000000
1225,10,634.50,26.42,510.97,198.52,1,1,1.000000
1225,11,885.00,278.39,394.52,90.73,1,1,1.000000
1226,9,491.47,428.30,473.49,133.18,1,1,1.000000
1226,10,634.50,26.42,510.97,198.52,1,1,1.000000
1226,11,885.00,278.39,394.52,90.73,1,1,1.000000
1227,9,465.61,429.01,454.53,121.57,1,1,1.000000
1227,10,604.47,30.24,526.66,202.25,1,1,1.000000
1227,11,857.72,277.88,421.29,89.05,1,1,1.000000
1228,9,410.21,429.81,448.90,97.59,1,1,1.000000
1228,10,552.83,49.60,519.22,194.64,1,1,1.000000
1228,11,802.49,276.42,430.00,93.31,1,1,1.000000
1229,9,410.21,429.81,448.90,97.59,1,1,1.000000
1229,10,552.83,49.60,519.22,194.64,1,1,1.000000
1229,11,802.49,276.42,430.00,93.31,1,1,1.000000
1229,12,1149.75,0.63,130.06,52.59,1,1,1.000000
1230,9,343.63,419.59,441.85,114.42,1,1,1.000000
1230,10,493.37,59.77,490.91,198.44,1,1,1.000000
1230,11,739.93,278.47,398.93,97.06,1,1,1.000000
1230,12,1065.38,0.04,215.46,63.97,1,1,1.000000
1231,9,305.56,416.05,439.73,124.33,1,1,1.000000
1231,10,458.39,61.93,487.20,203.34,1,1,1.000000
1231,11,712.07,282.64,380.39,86.57,1,1,1.000000
1231,12,1033.97,0.00,245.85,68.24,1,1,1.000000
1231,13,1171.61,123.52,108.33,84.53,1,1,1.000000
1232,9,268.07,422.56,454.33,128.14,1,1,1.000000
1232,10,427.68,67.12,477.58,207.32,1,1,1.000000
1232,11,673.49,281.62,375.67,88.47,1,1,1.000000
1232,12,994.23,0.00,285.56,71.14,1,1,1.000000
1232,13,1132.85,118.40,147.28,95.67,1,1,1.000000
1233,9,268.07,422.56,454.33,128.14,1,1,1.000000
1233,10,427.68,67.12,477.58,207.32,1,1,1.000000
1233,11,673.49,281.62,375.67,88.47,1,1,1.000000
1233,12,994.23,0.00,285.56,71.14,1,1,1.000000
1233,13,1132.85,118.40,147.28,95.67,1,1,1.000000
1234,9,186.75,442.05,476.73,139.74,1,1,1.000000
1234,10,358.21,80.54,463.73,210.94,1,1,1.000000
1234,11,612.39,271.26,350.91,105.32,1,1,1.000000
1234,12,916.16,0.03,363.06,80.02,1,1,1.000000
1234,13,1060.75,112.32,219.52,105.52,1,1,1.000000
1235,9,186.75,442.05,476.73,139.74,1,1,1.000000
1235,10,358.21,80.54,463.73,210.94,1,1,1.000000
1235,11,612.39,271.26,350.91,105.32,1,1,1.000000
1235,12,916.16,0.03,363.06,80.02,1,1,1.000000
1235,13,1060.75,112.32,219.52,105.52,1,1,1.000000
1236,9,98.27,448.03,501.67,166.96,1,1,1.000000
1236,10,290.22,93.95,469.25,214.05,1,1,1.000000
1236,11,553.15,276.24,335.58,111.58,1,1,1.000000
1236,12,840.14,0.00,437.22,90.91,1,1,1.000000
1236,13,988.11,124.74,292.11,100.74,1,1,1.000000
1237,9,98.27,448.03,501.67,166.96,1,1,1.000000
1237,10,290.22,93.95,469.25,214.05,1,1,1.000000
1237,11,553.15,276.24,335.58,111.58,1,1,1.000000
1237,12,840.14,0.00,437.22,90.91,1,1,1.000000
1237,13,988.11,124.74,292.11,100.74,1,1,1.000000
1238,9,0.14,446.06,532.41,203.38,1,1,1.000000
1238,10,203.66,99.05,532.53,241.08,1,1,1.000000
1238,11,490.39,281.98,382.68,121.82,1,1,1.000000
1238,12,780.21,0.00,398.53,103.95,1,1,1.000000
1238,13,943.83,129.91,336.04,104.67,1,1,1.000000
1239,9,0.00,442.63,502.14,230.92,1,1,1.000000
1239,10,173.64,116.35,504.58,238.29,1,1,1.000000
1239,11,462.47,293.43,369.64,123.05,1,1,1.000000
1239,12,748.13,0.00,400.15,107.70,1,1,1.000000
1239,13,914.73,134.43,337.53,100.62,1,1,1.000000
1240,9,0.36,439.21,481.60,239.88,1,1,1.000000
1240,10,130.47,124.48,532.83,249.74,1,1,1.000000
1240,11,431.89,312.81,368.64,107.00,1,1,1.000000
1240,12,716.12,0.00,382.13,110.24,1,1,1.000000
1240,13,887.09,144.29,331.42,102.79,1,1,1.000000
1241,9,0.00,440.17,441.61,248.84,1,1,1.000000
1241,10,102.82,126.53,550.00,258.98,1,1,1.000000
1241,11,406.38,314.90,363.75,110.44,1,1,1.000000
1241,12,692.44,0.00,375.70,116.26,1,1,1.000000
1241,13,864.37,144.45,345.37,101.68,1,1,1.000000
1242,9,0.00,451.46,379.53,244.16,1,1,1.000000
1242,10,12.99,150.35,606.08,277.10,1,1,1.000000
1242,11,352.99,313.94,367.58,122.00,1,1,1.000000
1242,12,647.57,0.36,393.25,122.95,1,1,1.000000
1242,13,831.04,153.18,371.80,100.36,1,1,1.000000
1243,9,0.00,451.46,379.53,244.16,1,1,1.000000
1243,10,12.99,150.35,606.08,277.10,1,1,1.000000
1243,11,352.99,313.94,367.58,122.00,1,1,1.000000
1243,12,647.57,0.36,393.25,122.95,1,1,1.000000
1243,13,831.04,153.18,371.80,100.36,1,1,1.000000
1244,9,0.00,484.17,338.57,217.42,1,1,1.000000
1244,10,0.00,163.25,566.71,288.73,1,1,1.000000
1244,11,291.12,317.46,378.54,137.34,1,1,1.000000
1244,12,595.27,15.35,396.58,120.66,1,1,1.000000
1244,13,794.81,165.24,388.47,97.89,1,1,1.000000
1245,9,0.00,501.77,305.96,199.99,1,1,1.000000
1245,10,0.17,166.51,544.82,297.75,1,1,1.000000
1245,11,262.93,322.64,380.45,144.43,1,1,1.000000
1245,12,571.88,18.68,387.74,122.27,1,1,1.000000
1245,13,780.43,168.73,387.98,100.04,1,1,1.000000
1246,9,0.00,516.71,287.63,184.49,1,1,1.000000
1246,10,0.00,165.84,517.11,306.13,1,1,1.000000
1246,11,232.39,331.15,397.69,145.44,1,1,1.000000
1246,12,543.11,25.36,387.21,121.25,1,1,1.000000
1246,13,764.51,172.40,383.69,99.35,1,1,1.000000
1247,9,0.00,532.04,253.06,159.39,1,1,1.000000
1247,10,0.00,171.13,493.35,309.71,1,1,1.000000
1247,11,197.09,347.36,426.60,143.76,1,1,1.000000
1247,12,518.20,26.65,380.91,121.09,1,1,1.000000
1247,13,753.42,172.60,374.13,101.05,1,1,1.000000
1248,9,0.00,539.15,227.49,148.07,1,1,1.000000
1248,10,0.00,175.78,470.16,302.60,1,1,1.000000
1248,11,166.26,358.01,436.13,147.47,1,1,1.000000
1248,12,494.21,28.04,382.80,124.26,1,1,1.000000
1248,13,735.91,172.25,370.69,105.89,1,1,1.000000
1249,9,0.00,532.21,197.04,152.35,1,1,1.000000
1249,10,0.00,184.69,444.05,301.70,1,1,1.000000
1249,11,147.23,369.67,441.54,141.99,1,1,1.000000
1249,12,468.37,27.75,379.65,124.27,1,1,1.000000
1249,13,720.75,170.39,362.55,109.12,1,1,1.000000
1250,9,0.00,536.66,167.97,148.45,1,1,1.000000
1250,10,0.00,198.66,432.36,293.26,1,1,1.000000
1250,11,101.23,371.66,462.50,153.06,1,1,1.000000
1250,12,445.87,28.83,380.97,123.23,1,1,1.000000
1250,13,703.37,168.89,354.45,112.30,1,1,1.000000
1251,9,0.00,542.01,139.07,117.44,1,1,1.000000
1251,10,0.00,204.37,433.98,291.02,1,1,1.000000
1251,11,79.12,372.95,461.97,156.86,1,1,1.000000
1251,12,419.05,25.52,410.14,125.54,1,1,1.000000
1251,13,693.56,170.31,352.40,112.83,1,1,1.000000
1252,9,0.00,557.62,100.97,96.86,1,1,1.000000
1252,10,0.21,215.41,410.44,266.32,1,1,1.000000
1252,11,38.01,367.23,480.37,174.68,1,1,1.000000
1252,12,391.93,26.53,433.25,125.49,1,1,1.000000
1252,13,675.24,170.08,345.04,115.66,1,1,1.000000
1253,9,1.11,574.78,61.88,82.55,1,1,1.000000
1253,10,0.00,231.73,392.08,248.12,1,1,1.000000
1253,11,0.00,365.66,500.19,180.97,1,1,1.000000
1253,12,359.42,24.27,452.17,127.80,1,1,1.000000
1253,13,659.72,163.56,344.63,122.42,1,1,1.000000
1254,10,0.00,246.10,357.45,230.66,1,1,1.000000
1254,11,0.00,361.69,468.51,203.60,1,1,1.000000
1254,12,324.34,21.44,468.98,132.43,1,1,1.000000
1254,13,646.32,168.99,351.43,122.98,1,1,1.000000
1254,14,1216.32,34.40,63.60,63.76,1,1,1.000000
1254,15,1230.88,282.67,49.27,48.85,1,1,1.000000
1255,10,0.28,273.91,301.96,183.64,1,1,1.000000
1255,11,0.00,359.87,425.04,211.87,1,1,1.000000
1255,12,244.76,11.75,477.85,140.73,1,1,1.000000
1255,13,614.12,165.06,374.37,128.09,1,1,1.000000
1255,14,1173.74,24.11,106.34,74.83,1,1,1.000000
1255,15,1217.93,277.80,61.95,52.96,1,1,1.000000
1256,10,0.28,273.91,301.96,183.64,1,1,1.000000
1256,11,0.00,359.87,425.04,211.87,1,1,1.000000
1256,12,244.76,11.75,477.85,140.73,1,1,1.000000
1256,13,614.12,165.06,374.37,128.09,1,1,1.000000
1256,14,1173.74,24.11,106.34,74.83,1,1,1.000000
1256,15,1217.93,277.80,61.95,52.96,1,1,1.000000
1257,10,0.00,265.16,255.07,188.81,1,1,1.000000
1257,11,0.00,375.37,391.70,201.71,1,1,1.000000
1257,12,171.90,10.22,494.78,143.72,1,1,1.000000
1257,13,588.32,166.83,382.49,129.20,1,1,1.000000
1257,14,1161.51,15.15,118.51,78.82,1,1,1.000000
1257,15,1206.71,269.90,73.50,56.61,1,1,1.000000
1258,10,0.10,263.06,232.43,185.42,1,1,1.000000
1258,11,0.13,385.76,379.11,190.15,1,1,1.000000
1258,12,138.96,8.64,497.62,140.99,1,1,1.000000
1258,13,575.80,163.94,377.81,134.81,1,1,1.000000
1258,14,1158.49,5.85,121.51,84.83,1,1,1.000000
1258,15,1205.69,272.89,74.24,51.42,1,1,1.000000
1259,10,0.05,266.30,217.99,187.29,1,1,1.000000
1259,11,0.00,393.95,368.08,188.45,1,1,1.000000
1259,12,105.24,3.61,512.98,148.92,1,1,1.000000
1259,13,568.42,161.71,373.66,139.61,1,1,1.000000
1259,14,1165.54,1.86,114.34,84.82,1,1,1.000000
1259,15,1216.05,268.91,63.60,51.46,1,1,1.000000
1260,10,0.37,271.58,200.98,190.59,1,1,1.000000
1260,11,0.07,403.63,358.08,180.95,1,1,1.000000
1260,12,71.53,3.08,539.58,148.49,1,1,1.000000
1260,13,557.25,157.53,375.95,145.81,1,1,1.000000
1260,14,1169.53,0.65,110.38,85.56,1,1,1.000000
1260,15,1220.58,267.37,59.20,51.12,1,1,1.000000
1261,10,0.00,278.10,183.09,183.25,1,1,1.000000
1261,11,0.00,406.26,343.70,179.41,1,1,1.000000
1261,12,38.07,4.39,573.19,150.24,1,1,1.000000
1261,13,546.91,157.07,372.91,152.16,1,1,1.000000
1261,14,1165.62,0.22,114.25,82.13,1,1,1.000000
1261,15,1220.93,267.10,59.07,52.42,1,1,1.000000
1262,10,0.00,285.60,170.08,174.63,1,1,1.000000
1262,11,0.00,400.97,334.28,191.67,1,1,1.000000
1262,12,11.41,5.35,595.90,151.56,1,1,1.000000
1262,13,539.47,153.90,372.64,159.33,1,1,1.000000
1262,14,1163.03,0.00,116.62,80.50,1,1,1.000000
1262,15,1226.80,266.97,53.01,50.33,1,1,1.000000
1263,10,0.00,300.07,153.49,167.68,1,1,1.000000
1263,11,0.00,395.94,317.94,193.28,1,1,1.000000
1263,12,0.45,7.21,590.49,152.24,1,1,1.000000
1263,13,532.67,155.52,369.60,159.45,1,1,1.000000
1263,14,1158.44,0.00,120.98,80.83,1,1,1.000000
1263,15,1233.19,271.51,46.66,48.07,1,1,1.000000
1264,10,0.00,314.38,145.92,152.52,1,1,1.000000
1264,11,0.00,392.30,307.17,195.96,1,1,1.000000
1264,12,0.00,8.24,575.11,153.23,1,1,1.000000
1264,13,528.32,153.68,369.90,168.69,1,1,1.000000
1264,14,1156.15,0.14,123.67,80.53,1,1,1.000000
1264,15,1239.11,273.54,41.01,41.59,1,1,1.000000
1265,10,0.32,350.59,133.95,157.31,1,1,1.000000
1265,11,0.00,391.66,285.91,191.53,1,1,1.000000
1265,12,0.00,0.36,532.93,164.61,1,1,1.000000
1265,13,516.39,159.93,391.60,175.68,1,1,1.000000
1265,14,1151.94,0.23,127.71,80.31,1,1,1.000000
1266,10,0.22,365.93,122.35,140.91,1,1,1.000000
1266,11,0.00,392.61,279.24,192.74,1,1,1.000000
1266,12,0.00,0.00,517.61,167.43,1,1,1.000000
1266,13,511.12,163.55,403.29,177.78,1,1,1.000000
1266,14,1152.86,0.00,126.75,81.09,1,1,1.000000
1267,10,0.22,365.93,122.35,140.91,1,1,1.000000
1267,11,0.00,392.61,279.24,192.74,1,1,1.000000
1267,12,0.00,0.00,517.61,167.43,1,1,1.000000
1267,13,511.12,163.55,403.29,177.78,1,1,1.000000
1267,14,1152.86,0.00,126.75,81.09,1,1,1.000000
1268,10,0.12,394.04,99.48,99.60,1,1,1.000000
1268,11,0.00,398.54,261.97,189.97,1,1,1.000000
1268,12,0.38,0.00,476.00,175.15,1,1,1.000000
1268,13,493.26,175.04,423.56,171.98,1,1,1.000000
1268,14,1153.57,0.00,126.50,85.76,1,1,1.000000
1269,10,0.08,389.40,90.38,100.93,1,1,1.000000
1269,11,0.00,403.50,257.46,190.22,1,1,1.000000
1269,12,0.00,0.00,450.67,176.30,1,1,1.000000
1269,13,484.98,177.40,420.32,169.72,1,1,1.000000
1269,14,1155.73,0.00,124.22,89.35,1,1,1.000000
1270,10,0.00,388.39,80.85,100.04,1,1,1.000000
1270,11,0.00,408.55,255.16,184.66,1,1,1.000000
1270,12,0.00,0.00,443.65,179.74,1,1,1.000000
1270,13,474.99,177.58,420.03,169.75,1,1,1.000000
1270,14,1156.37,0.00,123.46,89.65,1,1,1.000000
1271,10,0.00,400.47,72.65,88.72,1,1,1.000000
1271,11,0.00,416.23,247.18,171.26,1,1,1.000000
1271,12,0.00,0.00,432.52,183.10,1,1,1.000000
1271,13,469.06,176.66,418.12,172.79,1,1,1.000000
1271,14,1159.75,0.05,120.17,87.89,1,1,1.000000
1272,10,0.89,418.52,63.67,74.08,1,1,1.000000
1272,11,0.05,418.89,237.74,163.08,1,1,1.000000
1272,12,0.00,0.67,417.31,183.64,1,1,1.000000
1272,13,460.73,177.56,417.87,171.20,1,1,1.000000
1272,14,1161.14,0.00,118.92,87.91,1,1,1.000000
1273,11,0.00,419.21,236.00,168.69,1,1,1.000000
1273,12,0.00,7.59,405.81,176.24,1,1,1.000000
1273,13,459.62,177.93,412.73,171.54,1,1,1.000000
1273,14,1163.84,0.00,116.00,86.75,1,1,1.000000
1274,11,0.00,407.85,231.66,183.16,1,1,1.000000
1274,12,0.00,16.27,380.98,173.43,1,1,1.000000
1274,13,447.28,178.68,421.16,177.36,1,1,1.000000
1274,14,1161.84,0.00,118.18,84.80,1,1,1.000000
1275,11,0.00,407.85,231.66,183.16,1,1,1.000000
1275,12,0.00,16.27,380.98,173.43,1,1,1.000000
1275,13,447.28,178.68,421.16,177.36,1,1,1.000000
1275,14,1161.84,0.00,118.18,84.80,1,1,1.000000
1276,11,0.00,409.72,223.26,179.10,1,1,1.000000
1276,12,0.00,16.78,368.70,171.15,1,1,1.000000
1276,13,442.95,184.72,435.93,173.37,1,1,1.000000
1276,14,1159.59,0.02,120.49,82.46,1,1,1.000000
1277,11,0.00,420.85,214.46,161.11,1,1,1.000000
1277,12,0.00,28.29,357.49,155.94,1,1,1.000000
1277,13,428.53,203.86,457.47,167.11,1,1,1.000000
1277,14,1152.11,0.10,127.92,80.94,1,1,1.000000
1278,11,0.00,420.85,214.46,161.11,1,1,1.000000
1278,12,0.00,28.29,357.49,155.94,1,1,1.000000
1278,13,428.53,203.86,457.47,167.11,1,1,1.000000
1278,14,1152.11,0.10,127.92,80.94,1,1,1.000000
1279,11,0.00,423.88,213.44,155.79,1,1,1.000000
1279,12,0.00,34.99,352.23,157.73,1,1,1.000000
1279,13,425.04,210.24,462.31,161.84,1,1,1.000000
1279,14,1148.80,0.14,130.95,79.00,1,1,1.000000
1280,11,0.00,448.19,213.87,131.60,1,1,1.000000
1280,12,0.00,48.58,337.79,154.27,1,1,1.000000
1280,13,420.53,217.67,460.56,164.83,1,1,1.000000
1280,14,1158.38,0.00,121.93,81.43,1,1,1.000000
1281,11,0.00,458.98,210.33,133.62,1,1,1.000000
1281,12,0.00,51.07,318.49,146.23,1,1,1.000000
1281,13,411.02,215.20,461.56,170.11,1,1,1.000000
1281,14,1158.40,0.00,121.94,80.83,1,1,1.000000
1282,11,0.00,476.10,205.01,111.67,1,1,1.000000
1282,12,0.00,48.93,299.55,151.23,1,1,1.000000
1282,13,403.10,221.98,457.91,166.63,1,1,1.000000
1282,14,1157.93,0.00,122.20,81.52,1,1,1.000000
1283,11,0.00,476.10,205.01,111.67,1,1,1.000000
1283,12,0.00,48.93,299.55,151.23,1,1,1.000000
1283,13,403.10,221.98,457.91,166.63,1,1,1.000000
1283,14,1157.93,0.00,122.20,81.52,1,1,1.000000
1284,11,0.00,497.39,171.04,94.43,1,1,1.000000
1284,12,0.01,62.02,264.44,130.20,1,1,1.000000
1284,13,377.16,219.22,454.42,186.92,1,1,1.000000
1284,14,1143.53,0.00,136.26,82.05,1,1,1.000000
1285,11,0.00,501.72,155.59,90.28,1,1,1.000000
1285,12,0.00,70.68,241.19,115.80,1,1,1.000000
1285,13,361.04,226.91,456.50,187.81,1,1,1.000000
1285,14,1129.79,0.00,149.59,83.94,1,1,1.000000
1286,11,0.00,506.82,131.88,82.63,1,1,1.000000
1286,12,0.00,79.98,213.71,116.28,1,1,1.000000
1286,13,345.59,229.27,456.86,192.73,1,1,1.000000
1286,14,1110.50,0.00,169.33,85.03,1,1,1.000000
1287,11,0.00,507.40,109.05,80.01,1,1,1.000000
1287,12,0.00,88.08,181.66,100.81,1,1,1.000000
1287,13,320.62,236.22,469.23,195.61,1,1,1.000000
1287,14,1091.10,0.00,188.69,87.74,1,1,1.000000
1288,11,0.01,516.60,96.25,67.65,1,1,1.000000
1288,12,0.00,94.17,137.53,91.11,1,1,1.000000
1288,13,294.48,242.17,484.37,202.77,1,1,1.000000
1288,14,1067.14,0.00,212.87,89.91,1,1,1.000000
1289,11,0.21,517.78,79.40,73.44,1,1,1.000000
1289,12,0.60,99.45,103.75,95.19,1,1,1.000000
1289,13,277.95,246.78,487.54,208.77,1,1,1.000000
1289,14,1041.40,0.00,238.61,92.70,1,1,1.000000
1290,11,0.25,530.03,65.53,75.83,1,1,1.000000
1290,12,0.14,112.42,57.19,80.75,1,1,1.000000
1290,13,255.83,253.89,497.25,216.13,1,1,1.000000
1290,14,1021.69,0.07,259.14,94.42,1,1,1.000000
1291,13,234.69,267.07,501.73,212.72,1,1,1.000000
1291,14,1000.99,0.16,278.81,95.01,1,1,1.000000
1292,13,192.21,283.77,503.63,215.02,1,1,1.000000
1292,14,962.45,0.00,317.85,101.90,1,1,1.000000
1293,13,163.81,294.52,514.64,214.54,1,1,1.000000
1293,14,944.50,0.00,334.97,102.72,1,1,1.000000
1294,13,150.81,298.58,516.40,213.36,1,1,1.000000
1294,14,927.51,0.00,352.60,104.27,1,1,1.000000
1295,13,123.87,296.69,514.43,226.40,1,1,1.000000
1295,14,908.31,0.00,371.36,107.12,1,1,1.000000
1296,13,104.13,301.13,515.04,227.08,1,1,1.000000
1296,14,887.92,0.00,391.69,111.15,1,1,1.000000
1297,13,69.85,304.55,524.29,235.94,1,1,1.000000
1297,14,857.58,0.00,422.08,115.18,1,1,1.000000
1297,16,1194.51,246.32,85.24,63.72,1,1,1.000000
1298,13,44.26,304.93,527.34,239.17,1,1,1.000000
1298,14,845.18,0.00,434.12,120.81,1,1,1.000000
1298,16,1166.18,238.72,113.98,75.40,1,1,1.000000
1299,13,26.30,321.25,525.75,235.44,1,1,1.000000
1299,14,817.84,0.00,461.46,127.02,1,1,1.000000
1299,16,1136.23,233.45,143.75,91.41,1,1,1.000000
1300,13,0.00,333.57,520.74,234.81,1,1,1.000000
1300,14,797.76,0.00,480.68,132.98,1,1,1.000000
1300,16,1108.62,229.35,171.57,106.49,1,1,1.000000
1301,13,0.00,345.00,507.29,233.97,1,1,1.000000
1301,14,771.94,0.23,487.80,134.86,1,1,1.000000
1301,16,1080.15,227.38,199.75,125.37,1,1,1.000000
1301,17,1190.49,438.08,89.90,70.70,1,1,1.000000
1302,13,0.00,354.73,491.59,227.80,1,1,1.000000
1302,14,748.72,0.00,477.54,140.24,1,1,1.000000
1302,16,1058.37,224.24,221.31,131.24,1,1,1.000000
1302,17,1170.11,433.08,110.13,74.80,1,1,1.000000
1303,13,0.00,382.76,447.08,219.10,1,1,1.000000
1303,14,703.77,2.48,457.44,141.82,1,1,1.000000
1303,16,994.42,215.07,285.15,154.24,1,1,1.000000
1303,17,1118.67,429.56,161.04,89.81,1,1,1.000000
1304,13,0.00,394.98,419.76,205.86,1,1,1.000000
1304,14,679.30,6.57,446.40,140.25,1,1,1.000000
1304,16,978.91,207.48,300.99,169.24,1,1,1.000000
1304,17,1094.23,426.08,185.27,96.45,1,1,1.000000
1305,13,0.00,394.98,419.76,205.86,1,1,1.000000
1305,14,679.30,6.57,446.40,140.25,1,1,1.000000
1305,16,978.91,207.48,300.99,169.24,1,1,1.000000
1305,17,1094.23,426.08,185.27,96.45,1,1,1.000000
1306,13,0.00,400.98,357.84,197.31,1,1,1.000000
1306,14,630.13,14.10,443.56,132.79,1,1,1.000000
1306,16,932.04,201.02,348.17,173.82,1,1,1.000000
1306,17,1037.06,421.38,243.33,88.17,1,1,1.000000
1307,13,0.00,406.56,334.53,191.04,1,1,1.000000
1307,14,606.19,14.77,445.04,135.77,1,1,1.000000
1307,16,911.01,190.47,368.65,180.56,1,1,1.000000
1307,17,1018.92,414.03,261.24,98.58,1,1,1.000000
1308,13,0.00,409.48,311.17,190.07,1,1,1.000000
1308,14,582.42,18.94,446.25,134.46,1,1,1.000000
1308,16,884.79,187.36,394.59,179.05,1,1,1.000000
1308,17,994.27,410.00,285.70,103.81,1,1,1.000000
1308,18,1121.76,306.05,157.52,66.63,1,1,1.000000
1308,19,1187.55,0.03,91.83,73.24,1,1,1.000000
1309,13,0.00,412.16,280.11,183.48,1,1,1.000000
1309,14,554.33,24.85,449.07,128.33,1,1,1.000000
1309,16,856.11,179.64,421.97,179.70,1,1,1.000000
1309,17,971.87,405.39,308.14,104.24,1,1,1.000000
1309,18,1048.29,298.77,231.59,74.75,1,1,1.000000
1309,19,1157.26,0.50,122.19,81.50,1,1,1.000000
1310,13,0.00,425.59,250.46,173.09,1,1,1.000000
1310,14,532.24,32.14,439.07,123.08,1,1,1.000000
1310,16,827.41,150.68,452.28,205.37,1,1,1.000000
1310,17,943.57,402.68,336.15,105.30,1,1,1.000000
1310,18,1030.89,292.85,249.10,77.08,1,1,1.000000
1310,19,1133.81,0.15,146.02,83.49,1,1,1.000000
1311,13,0.07,430.59,215.06,162.33,1,1,1.000000
1311,14,505.96,34.93,433.47,118.17,1,1,1.000000
1311,16,797.67,175.31,481.24,180.45,1,1,1.000000
1311,17,915.14,401.19,364.83,103.78,1,1,1.000000
1311,18,1002.17,284.60,277.65,85.18,1,1,1.000000
1311,19,1106.32,0.00,174.00,82.53,1,1,1.000000
1312,13,0.00,436.05,174.28,150.11,1,1,1.000000
1312,14,473.55,36.80,432.42,116.80,1,1,1.000000
1312,16,764.92,179.33,513.29,177.97,1,1,1.000000
1312,17,889.74,402.56,389.30,97.90,1,1,1.000000
1312,18,978.86,278.33,302.03,91.04,1,1,1.000000
1312,19,1076.71,0.00,203.19,81.24,1,1,1.000000
1313,13,0.00,449.98,144.25,112.06,1,1,1.000000
1313,14,445.26,40.85,428.57,112.90,1,1,1.000000
1313,16,739.40,179.28,538.06,178.46,1,1,1.000000
1313,17,862.77,399.85,416.18,96.94,1,1,1.000000
1313,18,955.16,274.56,325.69,95.51,1,1,1.000000
1313,19,1044.04,0.00,235.85,83.23,1,1,1.000000
1314,13,0.19,468.95,97.22,102.45,1,1,1.000000
1314,14,420.60,34.89,416.81,118.57,1,1,1.000000
1314,16,710.64,177.88,564.54,179.86,1,1,1.000000
1314,17,835.46,380.44,442.59,115.79,1,1,1.000000
1314,18,936.21,273.63,344.22,97.78,1,1,1.000000
1314,19,1014.30,0.00,265.70,86.52,1,1,1.000000
1314,21,1103.39,654.17,176.68,65.59,1,1,1.000000
1314,22,1201.92,524.80,78.06,58.56,1,1,1.000000
1315,14,389.94,34.59,418.82,119.48,1,1,1.000000
1315,16,686.35,177.56,588.15,179.54,1,1,1.000000
1315,17,809.33,370.77,440.33,119.17,1,1,1.000000
1315,18,913.34,270.58,364.94,100.29,1,1,1.000000
1315,19,983.84,0.00,295.28,84.94,1,1,1.000000
1315,21,1078.09,646.92,201.47,72.10,1,1,1.000000
1315,22,1173.25,520.66,106.82,62.62,1,1,1.000000
1316,14,326.79,37.84,421.68,114.51,1,1,1.000000
1316,16,622.93,232.56,417.40,121.70,1,1,1.000000
1316,17,754.42,360.88,401.66,125.19,1,1,1.000000
1316,18,854.71,262.77,394.75,109.06,1,1,1.000000
1316,19,919.03,0.00,359.70,84.20,1,1,1.000000
1316,21,1017.23,621.08,262.46,94.24,1,1,1.000000
1316,22,1122.80,504.04,156.88,63.25,1,1,1.000000
1317,14,297.10,34.23,418.02,119.24,1,1,1.000000
1317,16,592.69,235.94,426.92,123.14,1,1,1.000000
1317,17,724.19,373.35,411.08,112.68,1,1,1.000000
1317,18,831.89,259.64,368.64,114.34,1,1,1.000000
1317,19,890.02,0.00,380.94,83.92,1,1,1.000000
1317,21,994.49,613.86,285.23,87.09,1,1,1.000000
1317,22,1096.86,490.92,183.30,71.66,1,1,1.000000
1317,23,828.84,164.78,407.71,104.83,1,1,1.000000
1318,14,261.52,36.43,421.54,118.27,1,1,1.000000
1318,16,556.79,234.50,444.36,127.71,1,1,1.000000
1318,17,702.65,378.99,412.96,108.43,1,1,1.000000
1318,18,814.02,244.18,344.96,131.06,1,1,1.000000
1318,19,859.19,0.05,358.46,82.73,1,1,1.000000
1318,21,964.81,605.25,315.07,86.62,1,1,1.000000
1318,22,1072.75,485.26,207.22,72.62,1,1,1.000000
1318,23,797.15,162.62,390.32,105.01,1,1,1.000000
1319,14,228.35,37.40,430.04,117.82,1,1,1.000000
1319,16,529.85,237.83,447.67,128.39,1,1,1.000000
1319,17,676.39,378.92,419.94,113.54,1,1,1.000000
1319,18,787.50,243.82,332.84,121.49,1,1,1.000000
1319,19,825.00,0.00,353.45,84.17,1,1,1.000000
1319,21,941.80,601.33,336.10,74.84,1,1,1.000000
1319,22,1045.94,476.86,234.02,76.81,1,1,1.000000
1319,23,767.24,161.03,388.93,103.41,1,1,1.000000
1320,14,194.39,36.97,439.09,119.14,1,1,1.000000
1320,16,501.27,240.96,443.08,127.65,1,1,1.000000
1320,17,645.55,381.50,424.65,117.18,1,1,1.000000
1320,18,768.41,248.16,324.96,120.29,1,1,1.000000
1320,19,803.24,0.00,343.88,84.15,1,1,1.000000
1320,21,913.71,593.16,363.67,76.21,1,1,1.000000
1320,22,1022.25,475.83,258.27,73.67,1,1,1.000000
1320,23,745.87,160.43,370.51,106.60,1,1,1.000000
1320,24,0.00,223.50,33.45,151.05,1,1,1.000000
1321,14,156.90,33.34,442.67,123.51,1,1,1.000000
1321,16,467.81,242.20,433.19,128.34,1,1,1.000000
1321,17,622.37,383.39,414.75,117.05,1,1,1.000000
1321,18,747.03,251.02,328.86,115.78,1,1,1.000000
1321,19,774.22,0.00,341.28,85.07,1,1,1.000000
1321,21,893.96,586.47,369.28,84.26,1,1,1.000000
1321,22,995.60,471.79,284.24,73.93,1,1,1.000000
1321,23,721.05,160.35,351.58,114.14,1,1,1.000000
1322,14,127.94,31.85,449.28,123.61,1,1,1.000000
1322,16,435.74,242.44,441.78,129.35,1,1,1.000000
1322,17,603.35,383.27,401.16,119.75,1,1,1.000000
1322,18,726.98,252.84,324.72,112.15,1,1,1.000000
1322,19,753.25,0.00,352.11,86.03,1,1,1.000000
1322,21,876.18,581.28,378.46,89.74,1,1,1.000000
1322,22,972.72,468.05,307.14,74.89,1,1,1.000000
1322,23,707.00,183.79,326.27,89.26,1,1,1.000000
1323,14,89.79,32.88,468.00,122.64,1,1,1.000000
1323,16,403.45,241.83,443.93,133.04,1,1,1.000000
1323,17,580.59,374.67,389.86,126.60,1,1,1.000000
1323,18,707.66,262.40,309.22,108.44,1,1,1.000000
1323,19,730.86,0.00,361.79,87.31,1,1,1.000000
1323,21,854.60,579.95,371.08,99.69,1,1,1.000000
1323,22,958.97,466.41,320.76,73.04,1,1,1.000000
1323,23,675.81,178.17,334.43,94.74,1,1,1.000000
1324,14,59.12,30.20,476.55,126.42,1,1,1.000000
1324,16,376.24,242.00,441.17,138.18,1,1,1.000000
1324,17,558.10,369.48,379.73,134.72,1,1,1.000000
1324,18,692.43,265.40,314.44,106.13,1,1,1.000000
1324,19,714.29,0.00,363.83,89.20,1,1,1.000000
1324,21,833.00,576.71,351.74,93.34,1,1,1.000000
1324,22,937.62,462.64,339.97,77.71,1,1,1.000000
1324,23,643.69,163.98,368.66,115.84,1,1,1.000000
1325,14,24.84,31.13,493.64,125.16,1,1,1.000000
1325,16,347.65,237.72,440.27,147.18,1,1,1.000000
1325,17,535.02,366.65,382.38,139.76,1,1,1.000000
1325,18,672.78,267.23,333.56,108.25,1,1,1.000000
1325,19,692.36,0.00,368.00,91.19,1,1,1.000000
1325,21,815.37,578.81,349.64,81.39,1,1,1.000000
1325,22,916.37,459.60,338.68,83.77,1,1,1.000000
1325,23,624.86,167.82,381.09,115.83,1,1,1.000000
1326,14,0.34,33.08,490.94,125.37,1,1,1.000000
1326,16,317.09,239.73,441.71,154.19,1,1,1.000000
1326,17,515.89,360.38,371.60,148.63,1,1,1.000000
1326,18,666.52,275.30,329.44,103.07,1,1,1.000000
1326,19,671.55,0.22,372.10,91.29,1,1,1.000000
1326,21,793.06,577.46,355.80,81.30,1,1,1.000000
1326,22,904.41,458.98,328.39,81.91,1,1,1.000000
1326,23,600.12,174.80,398.00,109.44,1,1,1.000000
1327,14,1.13,31.25,466.55,128.73,1,1,1.000000
1327,16,283.17,249.74,439.19,150.89,1,1,1.000000
1327,17,485.31,362.17,375.59,155.30,1,1,1.000000
1327,18,648.67,278.40,337.88,103.15,1,1,1.000000
1327,19,652.51,0.38,366.02,93.18,1,1,1.000000
1327,21,777.26,575.95,325.32,83.42,1,1,1.000000
1327,22,882.81,459.97,322.88,79.53,1,1,1.000000
1327,23,577.12,178.79,399.94,112.47,1,1,1.000000
1328,14,0.00,32.86,446.85,128.71,1,1,1.000000
1328,16,247.21,255.91,464.54,157.71,1,1,1.000000
1328,17,464.46,367.43,369.55,151.76,1,1,1.000000
1328,18,627.84,281.43,340.16,103.90,1,1,1.000000
1328,19,628.62,0.24,355.25,96.57,1,1,1.000000
1328,21,755.01,575.34,324.69,81.72,1,1,1.000000
1328,22,866.11,459.21,314.29,79.63,1,1,1.000000
1328,23,556.61,184.93,393.92,104.20,1,1,1.000000
1329,14,0.00,31.14,421.65,132.30,1,1,1.000000
1329,16,211.99,258.97,488.81,161.83,1,1,1.000000
1329,17,432.82,383.78,387.70,144.75,1,1,1.000000
1329,18,606.51,280.52,347.87,109.01,1,1,1.000000
1329,19,604.11,0.02,351.32,98.91,1,1,1.000000
1329,21,726.40,572.30,318.25,88.27,1,1,1.000000
1329,22,845.16,462.61,314.88,74.77,1,1,1.000000
1329,23,528.19,186.71,388.90,105.51,1,1,1.000000
1330,14,0.00,31.90,359.16,127.41,1,1,1.000000
1330,16,128.64,269.75,528.66,175.50,1,1,1.000000
1330,17,382.09,404.21,401.74,143.67,1,1,1.000000
1330,18,564.10,274.47,320.67,119.75,1,1,1.000000
1330,19,554.60,0.00,357.21,100.26,1,1,1.000000
1330,21,685.89,566.71,311.02,93.56,1,1,1.000000
1330,22,806.45,464.61,313.51,70.13,1,1,1.000000
1330,23,469.77,186.00,389.30,111.87,1,1,1.000000
1331,14,0.00,31.90,359.16,127.41,1,1,1.000000
1331,16,128.64,269.75,528.66,175.50,1,1,1.000000
1331,17,382.09,404.21,401.74,143.67,1,1,1.000000
1331,18,564.10,274.47,320.67,119.75,1,1,1.000000
1331,19,554.60,0.00,357.21,100.26,1,1,1.000000
1331,21,685.89,566.71,311.02,93.56,1,1,1.000000
1331,22,806.45,464.61,313.51,70.13,1,1,1.000000
1331,23,469.77,186.00,389.30,111.87,1,1,1.000000
1332,14,0.00,25.83,312.96,132.69,1,1,1.000000
1332,16,36.94,275.46,557.43,183.55,1,1,1.000000
1332,17,329.43,413.77,411.77,146.46,1,1,1.000000
1332,18,525.67,294.62,313.08,101.83,1,1,1.000000
1332,19,508.88,0.00,348.91,100.26,1,1,1.000000
1332,21,644.45,571.52,324.12,88.43,1,1,1.000000
1332,22,768.60,463.29,326.32,69.55,1,1,1.000000
1332,23,424.32,179.04,384.54,123.72,1,1,1.000000
1333,14,0.00,36.75,286.35,114.12,1,1,1.000000
1333,16,0.00,275.00,564.96,190.37,1,1,1.000000
1333,17,307.43,410.66,403.89,153.31,1,1,1.000000
1333,18,507.56,290.61,312.43,108.35,1,1,1.000000
1333,19,482.54,0.04,353.98,101.71,1,1,1.000000
1333,21,628.37,572.99,328.94,92.24,1,1,1.000000
1333,22,756.09,461.26,323.44,70.32,1,1,1.000000
1333,23,404.08,182.94,372.64,124.67,1,1,1.000000
1333,25,1168.02,396.50,112.08,69.25,1,1,1.000000
1333,26,1179.61,200.99,99.68,74.38,1,1,1.000000
1334,14,0.00,40.29,265.37,109.31,1,1,1.000000
1334,16,0.00,275.99,530.86,197.75,1,1,1.000000
1334,17,276.50,405.13,412.53,165.36,1,1,1.000000
1334,18,493.62,293.99,293.98,103.52,1,1,1.000000
1334,19,452.13,0.08,377.99,101.49,1,1,1.000000
1334,21,608.50,571.66,327.13,99.04,1,1,1.000000
1334,22,740.26,460.57,324.52,69.91,1,1,1.000000
1334,23,386.64,184.95,380.77,126.78,1,1,1.000000
1334,25,1133.94,388.54,146.07,77.49,1,1,1.000000
1334,26,1157.66,202.88,121.71,76.06,1,1,1.000000
1335,14,0.00,41.97,236.25,99.68,1,1,1.000000
1335,16,0.00,274.56,504.57,205.65,1,1,1.000000
1335,17,254.00,399.97,413.60,177.47,1,1,1.000000
1335,18,477.98,298.03,302.42,101.65,1,1,1.000000
1335,19,436.98,0.00,382.13,102.01,1,1,1.000000
1335,21,592.35,569.44,329.89,103.67,1,1,1.000000
1335,22,727.97,459.21,328.34,73.93,1,1,1.000000
1335,23,363.47,189.41,394.30,129.05,1,1,1.000000
1335,25,1119.11,386.39,160.57,79.25,1,1,1.000000
1335,26,1131.88,194.73,147.83,84.00,1,1,1.000000
1336,14,0.00,40.26,215.00,97.88,1,1,1.000000
1336,16,0.68,280.76,478.26,205.93,1,1,1.000000
1336,17,233.36,395.98,413.55,184.50,1,1,1.000000
1336,18,461.27,291.45,315.42,113.71,1,1,1.000000
1336,19,418.95,0.06,387.13,101.60,1,1,1.000000
1336,21,579.49,566.17,318.69,108.80,1,1,1.000000
1336,22,715.55,459.29,331.26,73.08,1,1,1.000000
1336,23,338.92,192.01,404.38,133.41,1,1,1.000000
1336,25,1099.70,383.66,179.94,82.10,1,1,1.000000
1336,26,1114.43,193.77,165.34,86.16,1,1,1.000000
1337,14,0.00,37.16,197.63,94.43,1,1,1.000000
1337,16,0.69,283.11,456.59,206.83,1,1,1.000000
1337,17,216.51,393.67,411.92,187.72,1,1,1.000000
1337,18,450.10,290.62,311.41,116.22,1,1,1.000000
1337,19,404.18,0.37,391.10,107.44,1,1,1.000000
1337,21,564.23,564.13,321.64,110.03,1,1,1.000000
1337,22,707.36,458.11,328.02,72.31,1,1,1.000000
1337,23,305.21,194.62,424.60,134.18,1,1,1.000000
1337,25,1082.06,381.56,197.84,84.21,1,1,1.000000
1337,26,1102.19,196.52,176.96,86.04,1,1,1.000000
1338,14,0.00,31.97,183.82,99.83,1,1,1.000000
1338,16,0.30,282.09,447.52,209.47,1,1,1.000000
1338,17,197.56,391.61,415.83,194.23,1,1,1.000000
1338,18,441.58,287.99,313.74,122.13,1,1,1.000000
1338,19,387.57,0.02,396.10,101.44,1,1,1.000000
1338,21,547.07,552.18,318.11,121.13,1,1,1.000000
1338,22,691.16,458.01,333.10,74.16,1,1,1.000000
1338,23,294.02,194.68,414.31,134.28,1,1,1.000000
1338,25,1067.41,381.36,212.58,84.73,1,1,1.000000
1338,26,1090.92,195.33,188.73,88.44,1,1,1.000000
1339,14,0.11,28.58,166.22,100.21,1,1,1.000000
1339,16,0.53,292.08,443.27,202.53,1,1,1.000000
1339,17,181.68,390.56,419.61,199.67,1,1,1.000000
1339,18,432.91,295.39,322.61,115.39,1,1,1.000000
1339,19,370.71,0.25,394.92,99.10,1,1,1.000000
1339,21,543.13,554.30,312.62,119.42,1,1,1.000000
1339,22,687.69,457.71,325.03,67.55,1,1,1.000000
1339,23,271.11,192.06,416.08,144.90,1,1,1.000000
1339,25,1052.65,378.81,226.90,88.98,1,1,1.000000
1339,26,1075.60,195.79,204.10,85.12,1,1,1.000000
1340,14,0.00,26.10,151.81,101.99,1,1,1.000000
1340,16,0.53,303.75,428.23,203.13,1,1,1.000000
1340,17,156.71,405.65,434.21,193.20,1,1,1.000000
1340,18,425.64,302.85,331.08,108.12,1,1,1.000000
1340,19,348.59,0.04,388.92,100.36,1,1,1.000000
1340,21,519.37,549.32,314.81,124.58,1,1,1.000000
1340,22,677.28,456.98,320.54,67.19,1,1,1.000000
1340,23,240.41,191.90,420.88,154.89,1,1,1.000000
1340,25,1036.57,383.95,243.85,89.75,1,1,1.000000
1340,26,1069.11,194.25,210.89,88.28,1,1,1.000000
1341,14,0.00,26.10,151.81,101.99,1,1,1.000000
1341,16,0.53,303.75,428.23,203.13,1,1,1.000000
1341,17,156.71,405.65,434.21,193.20,1,1,1.000000
1341,18,425.64,302.85,331.08,108.12,1,1,1.000000
1341,19,348.59,0.04,388.92,100.36,1,1,1.000000
1341,21,519.37,549.32,314.81,124.58,1,1,1.000000
1341,22,677.28,456.98,320.54,67.19,1,1,1.000000
1341,23,240.41,191.90,420.88,154.89,1,1,1.000000
1341,25,1036.57,383.95,243.85,89.75,1,1,1.000000
1341,26,1069.11,194.25,210.89,88.28,1,1,1.000000
1342,14,0.00,26.66,154.07,108.28,1,1,1.000000
1342,16,0.25,316.47,423.85,199.06,1,1,1.000000
1342,17,166.58,431.53,430.36,166.51,1,1,1.000000
1342,18,431.14,308.14,329.63,111.64,1,1,1.000000
1342,19,341.16,0.06,393.78,102.38,1,1,1.000000
1342,21,529.89,560.60,305.36,113.42,1,1,1.000000
1342,22,688.34,460.15,319.04,66.55,1,1,1.000000
1342,23,240.59,190.67,414.21,163.84,1,1,1.000000
1342,25,1046.14,393.04,234.23,86.79,1,1,1.000000
1342,26,1081.39,194.50,198.95,88.14,1,1,1.000000
1343,14,0.00,31.62,171.89,112.62,1,1,1.000000
1343,16,0.57,327.53,423.08,191.03,1,1,1.000000
1343,17,164.31,424.30,449.97,179.88,1,1,1.000000
1343,18,435.88,308.12,337.92,111.50,1,1,1.000000
1343,19,356.76,0.12,391.23,104.49,1,1,1.000000
1343,21,524.99,576.12,312.60,101.50,1,1,1.000000
1343,22,693.51,461.69,324.02,68.58,1,1,1.000000
1343,23,247.26,192.96,414.61,157.55,1,1,1.000000
1343,25,1063.17,402.93,217.07,85.57,1,1,1.000000
1343,26,1104.18,192.94,175.84,93.95,1,1,1.000000
1344,14,0.26,34.43,175.65,109.79,1,1,1.000000
1344,16,0.80,327.77,415.69,191.34,1,1,1.000000
1344,17,169.68,437.53,447.70,171.51,1,1,1.000000
1344,18,441.99,310.05,332.01,112.88,1,1,1.000000
1344,19,353.53,0.00,393.49,106.42,1,1,1.000000
1344,21,530.09,599.22,320.87,82.75,1,1,1.000000
1344,22,703.07,464.77,324.03,70.84,1,1,1.000000
1344,23,248.35,196.11,412.60,159.44,1,1,1.000000
1344,25,1071.02,412.13,208.66,90.36,1,1,1.000000
1344,26,1115.75,198.33,164.01,92.17,1,1,1.000000
1345,14,0.00,47.96,199.07,101.33,1,1,1.000000
1345,16,0.00,325.57,413.38,187.13,1,1,1.000000
1345,17,170.57,453.96,454.27,162.16,1,1,1.000000
1345,18,455.64,313.73,330.23,115.97,1,1,1.000000
1345,19,371.13,0.00,385.83,112.57,1,1,1.000000
1345,21,525.04,608.72,348.30,88.32,1,1,1.000000
1345,22,716.54,474.69,339.57,83.43,1,1,1.000000
1345,23,249.65,206.52,431.11,160.00,1,1,1.000000
1345,25,1092.81,434.14,187.18,88.03,1,1,1.000000
1345,26,1147.94,214.60,131.99,94.10,1,1,1.000000
1346,14,0.00,47.96,199.07,101.33,1,1,1.000000
1346,16,0.00,325.57,413.38,187.13,1,1,1.000000
1346,17,170.57,453.96,454.27,162.16,1,1,1.000000
1346,18,455.64,313.73,330.23,115.97,1,1,1.000000
1346,19,371.13,0.00,385.83,112.57,1,1,1.000000
1346,21,525.04,608.72,348.30,88.32,1,1,1.000000
1346,22,716.54,474.69,339.57,83.43,1,1,1.000000
1346,23,249.65,206.52,431.11,160.00,1,1,1.000000
1346,25,1092.81,434.14,187.18,88.03,1,1,1.000000
1346,26,1147.94,214.60,131.99,94.10,1,1,1.000000
1347,14,0.00,54.12,203.91,104.35,1,1,1.000000
1347,16,0.00,330.61,390.42,191.93,1,1,1.000000
1347,17,152.93,457.22,454.14,164.97,1,1,1.000000
1347,18,455.86,317.49,322.45,113.46,1,1,1.000000
1347,19,363.84,0.00,402.17,125.77,1,1,1.000000
1347,21,503.78,605.40,365.03,99.57,1,1,1.000000
1347,22,705.58,475.60,360.25,91.28,1,1,1.000000
1347,23,227.97,219.05,453.22,153.15,1,1,1.000000
1347,25,1081.45,447.70,198.34,88.12,1,1,1.000000
1347,26,1142.46,228.19,137.18,87.49,1,1,1.000000
1348,14,0.00,58.78,199.85,97.05,1,1,1.000000
1348,16,0.00,331.34,370.94,186.85,1,1,1.000000
1348,17,132.36,452.61,455.89,169.90,1,1,1.000000
1348,18,445.00,314.63,321.17,114.87,1,1,1.000000
1348,19,352.15,0.52,407.48,123.30,1,1,1.000000
1348,21,493.33,600.88,357.64,101.90,1,1,1.000000
1348,22,696.24,469.66,355.91,102.09,1,1,1.000000
1348,23,202.19,224.71,463.47,151.26,1,1,1.000000
1348,25,1061.08,445.43,219.01,88.82,1,1,1.000000
1348,26,1126.39,230.06,153.41,84.72,1,1,1.000000
1349,14,0.00,59.44,190.44,94.17,1,1,1.000000
1349,16,0.00,329.56,351.10,180.40,1,1,1.000000
1349,17,127.85,450.71,453.41,170.49,1,1,1.000000
1349,18,441.41,307.99,319.35,120.95,1,1,1.000000
1349,19,334.17,0.00,416.37,122.44,1,1,1.000000
1349,21,481.08,594.02,354.74,106.47,1,1,1.000000
1349,22,694.59,467.88,356.13,103.29,1,1,1.000000
1349,23,187.00,228.94,469.45,148.89,1,1,1.000000
1349,25,1057.10,443.66,222.84,91.28,1,1,1.000000
1349,26,1114.48,221.72,165.78,91.92,1,1,1.000000
1350,14,0.00,60.11,188.03,90.59,1,1,1.000000
1350,16,0.00,330.71,336.36,179.16,1,1,1.000000
1350,17,121.22,449.73,446.24,172.82,1,1,1.000000
1350,18,433.16,306.60,316.78,116.57,1,1,1.000000
1350,19,326.03,0.01,418.72,122.86,1,1,1.000000
1350,21,477.03,582.40,347.23,113.14,1,1,1.000000
1350,22,687.89,464.89,346.91,99.15,1,1,1.000000
1350,23,172.83,224.14,467.66,159.71,1,1,1.000000
1350,25,1042.42,436.76,237.30,89.14,1,1,1.000000
1350,26,1106.97,217.67,172.90,88.85,1,1,1.000000
1351,14,0.00,62.69,175.57,92.31,1,1,1.000000
1351,16,0.00,332.49,313.20,173.41,1,1,1.000000
1351,17,104.91,442.91,447.09,183.13,1,1,1.000000
1351,18,422.93,299.67,320.51,121.55,1,1,1.000000
1351,19,299.57,0.08,422.81,121.82,1,1,1.000000
1351,21,456.14,579.77,348.54,110.54,1,1,1.000000
1351,22,674.57,460.46,342.91,82.66,1,1,1.000000
1351,23,156.58,221.22,461.14,155.97,1,1,1.000000
1351,25,1027.27,427.38,253.19,93.66,1,1,1.000000
1351,26,1093.03,204.72,186.41,97.13,1,1,1.000000
1352,14,0.00,63.21,153.41,81.51,1,1,1.000000
1352,16,0.00,333.33,294.26,169.08,1,1,1.000000
1352,17,88.54,436.46,448.78,192.47,1,1,1.000000
1352,18,410.18,300.46,322.78,119.63,1,1,1.000000
1352,19,272.11,0.14,426.48,121.85,1,1,1.000000
1352,21,444.07,567.69,339.47,117.17,1,1,1.000000
1352,22,662.23,453.27,344.82,80.18,1,1,1.000000
1352,23,151.19,219.90,448.60,157.93,1,1,1.000000
1352,25,1008.98,421.42,270.89,93.69,1,1,1.000000
1352,26,1074.25,190.40,205.22,102.95,1,1,1.000000
1353,14,0.00,62.97,144.84,83.37,1,1,1.000000
1353,16,0.42,343.31,263.03,153.22,1,1,1.000000
1353,17,72.96,431.48,447.25,200.50,1,1,1.000000
1353,18,401.78,305.13,321.12,115.41,1,1,1.000000
1353,19,244.00,0.11,432.99,122.37,1,1,1.000000
1353,21,426.21,562.05,346.58,120.59,1,1,1.000000
1353,22,647.69,447.30,343.71,79.60,1,1,1.000000
1353,23,125.91,217.77,454.84,161.48,1,1,1.000000
1353,25,986.19,414.95,293.45,92.07,1,1,1.000000
1353,26,1059.93,184.41,219.62,102.98,1,1,1.000000
1354,14,0.03,61.25,121.16,94.06,1,1,1.000000
1354,16,0.00,349.75,245.94,136.70,1,1,1.000000
1354,17,66.67,430.48,442.68,204.83,1,1,1.000000
1354,18,390.44,306.16,323.46,120.36,1,1,1.000000
1354,19,219.37,0.07,432.19,126.52,1,1,1.000000
1354,21,420.74,558.46,336.95,124.05,1,1,1.000000
1354,22,643.35,430.19,326.58,92.58,1,1,1.000000
1354,23,103.16,218.83,460.53,164.46,1,1,1.000000
1354,25,973.87,412.93,305.60,90.72,1,1,1.000000
1354,26,1038.88,176.17,240.98,106.25,1,1,1.000000
1355,14,0.44,80.49,98.90,89.35,1,1,1.000000
1355,16,0.00,363.41,200.93,117.19,1,1,1.000000
1355,17,51.02,427.90,438.13,215.39,1,1,1.000000
1355,18,373.87,310.93,320.54,128.20,1,1,1.000000
1355,19,189.18,0.00,426.98,134.06,1,1,1.000000
1355,21,390.77,560.09,339.91,130.42,1,1,1.000000
1355,22,622.00,425.03,321.78,96.90,1,1,1.000000
1355,23,82.90,225.09,451.13,173.59,1,1,1.000000
1355,25,947.24,407.80,332.65,89.55,1,1,1.000000
1355,26,1013.26,171.45,266.67,109.20,1,1,1.000000
1356,14,0.44,80.49,98.90,89.35,1,1,1.000000
1356,16,0.00,363.41,200.93,117.19,1,1,1.000000
1356,17,51.02,427.90,438.13,215.39,1,1,1.000000
1356,18,373.87,310.93,320.54,128.20,1,1,1.000000
1356,19,189.18,0.00,426.98,134.06,1,1,1.000000
1356,21,390.77,560.09,339.91,130.42,1,1,1.000000
1356,22,622.00,425.03,321.78,96.90,1,1,1.000000
1356,23,82.90,225.09,451.13,173.59,1,1,1.000000
1356,25,947.24,407.80,332.65,89.55,1,1,1.000000
1356,26,1013.26,171.45,266.67,109.20,1,1,1.000000
1357,14,0.40,92.82,87.06,87.10,1,1,1.000000
1357,16,0.00,366.71,193.05,119.50,1,1,1.000000
1357,17,48.48,429.70,429.27,218.08,1,1,1.000000
1357,18,374.73,316.57,310.37,122.35,1,1,1.000000
1357,19,171.53,0.25,425.38,139.72,1,1,1.000000
1357,21,387.14,567.55,336.79,126.92,1,1,1.000000
1357,22,614.75,424.56,318.11,96.75,1,1,1.000000
1357,23,64.48,229.27,454.99,175.61,1,1,1.000000
1357,25,935.21,406.08,345.16,89.90,1,1,1.000000
1357,26,997.47,170.70,283.31,111.68,1,1,1.000000
1358,14,0.39,122.32,73.20,79.43,1,1,1.000000
1358,16,0.15,376.37,175.17,121.09,1,1,1.000000
1358,17,47.67,433.32,415.90,220.76,1,1,1.000000
1358,18,367.09,324.45,306.05,122.23,1,1,1.000000
1358,19,138.32,0.21,433.24,162.43,1,1,1.000000
1358,21,369.21,574.62,339.12,133.42,1,1,1.000000
1358,22,599.34,437.46,330.66,90.41,1,1,1.000000
1358,23,46.90,245.95,452.24,174.71,1,1,1.000000
1358,25,916.43,403.84,363.17,96.81,1,1,1.000000
1358,26,967.41,170.50,276.44,116.16,1,1,1.000000
1358,27,1174.54,153.67,105.44,80.23,1,1,1.000000
1359,14,0.72,133.82,72.95,78.44,1,1,1.000000
1359,16,0.09,386.58,165.15,126.18,1,1,1.000000
1359,17,45.10,439.68,410.01,222.30,1,1,1.000000
1359,18,365.66,333.61,305.44,116.64,1,1,1.000000
1359,19,127.14,1.22,445.67,169.90,1,1,1.000000
1359,21,364.08,581.80,336.88,131.79,1,1,1.000000
1359,22,597.40,443.26,329.58,89.74,1,1,1.000000
1359,23,41.29,252.34,451.35,174.61,1,1,1.000000
1359,25,893.56,404.74,386.23,101.72,1,1,1.000000
1359,26,952.02,172.48,273.60,118.46,1,1,1.000000
1359,27,1166.30,146.65,113.62,91.80,1,1,1.000000
1360,14,0.00,144.04,72.71,77.79,1,1,1.000000
1360,16,0.40,402.16,157.14,122.36,1,1,1.000000
1360,17,40.12,452.51,406.99,217.26,1,1,1.000000
1360,18,360.83,334.81,301.26,119.96,1,1,1.000000
1360,19,109.93,8.82,456.00,177.16,1,1,1.000000
1360,21,354.36,588.31,339.49,130.27,1,1,1.000000
1360,22,588.79,446.91,326.85,92.08,1,1,1.000000
1360,23,28.11,260.23,449.55,181.29,1,1,1.000000
1360,25,888.13,405.92,390.43,103.05,1,1,1.000000
1360,26,935.10,170.12,286.80,123.61,1,1,1.000000
1360,27,1135.78,143.84,144.04,100.95,1,1,1.000000
1361,14,0.32,157.78,75.90,73.05,1,1,1.000000
1361,16,0.00,415.28,146.69,86.99,1,1,1.000000
1361,17,27.57,459.15,413.85,220.85,1,1,1.000000
1361,18,361.04,338.02,292.16,125.95,1,1,1.000000
1361,19,98.61,15.80,466.16,181.63,1,1,1.000000
1361,21,335.91,595.81,347.77,123.94,1,1,1.000000
1361,22,582.51,455.64,330.45,87.53,1,1,1.000000
1361,23,18.54,267.19,449.05,189.93,1,1,1.000000
1361,25,883.95,408.97,394.12,104.25,1,1,1.000000
1361,26,921.89,180.12,264.02,119.16,1,1,1.000000
1361,27,1122.86,141.43,157.18,110.37,1,1,1.000000
1362,14,0.37,169.22,73.94,65.83,1,1,1.000000
1362,16,0.58,422.91,129.19,84.92,1,1,1.000000
1362,17,34.17,468.58,404.69,212.34,1,1,1.000000
1362,18,356.15,341.73,290.66,127.48,1,1,1.000000
1362,19,79.87,30.43,465.72,178.98,1,1,1.000000
1362,21,341.47,596.20,326.65,123.35,1,1,1.000000
1362,22,575.61,460.38,310.43,87.05,1,1,1.000000
1362,23,14.85,282.22,443.66,174.44,1,1,1.000000
1362,25,867.04,409.42,411.88,108.85,1,1,1.000000
1362,26,903.54,189.89,256.16,114.48,1,1,1.000000
1362,27,1098.47,137.71,181.76,126.17,1,1,1.000000
1363,14,0.03,174.80,88.06,59.39,1,1,1.000000
1363,16,0.63,427.73,128.82,85.20,1,1,1.000000
1363,17,42.44,472.33,398.85,204.71,1,1,1.000000
1363,18,364.03,341.56,287.07,126.51,1,1,1.000000
1363,19,86.39,35.20,452.16,178.97,1,1,1.000000
1363,21,337.18,590.86,330.97,128.61,1,1,1.000000
1363,22,578.19,459.98,306.22,88.34,1,1,1.000000
1363,23,18.61,285.23,437.78,170.42,1,1,1.000000
1363,25,862.32,406.57,416.19,117.43,1,1,1.000000
1363,26,896.24,194.66,263.34,115.39,1,1,1.000000
1363,27,1097.52,137.22,182.97,132.90,1,1,1.000000
1363,30,1234.96,307.54,45.35,60.89,1,1,1.000000
1364,14,0.38,170.52,110.25,79.98,1,1,1.000000
1364,16,0.31,430.59,133.91,83.61,1,1,1.000000
1364,17,55.71,472.90,391.38,197.46,1,1,1.000000
1364,18,374.23,341.45,275.92,122.48,1,1,1.000000
1364,19,92.99,41.13,444.12,174.08,1,1,1.000000
1364,21,340.41,587.60,335.82,132.10,1,1,1.000000
1364,22,579.12,456.57,309.13,90.84,1,1,1.000000
1364,23,33.58,285.75,423.72,168.71,1,1,1.000000
1364,25,865.61,404.61,411.92,120.44,1,1,1.000000
1364,26,899.09,199.10,261.30,114.95,1,1,1.000000
1364,27,1098.31,146.32,182.20,136.99,1,1,1.000000
1364,30,1237.66,315.80,42.97,55.94,1,1,1.000000
1365,14,0.28,172.88,155.85,69.20,1,1,1.000000
1365,16,0.24,429.00,152.38,107.28,1,1,1.000000
1365,17,82.71,473.39,382.49,181.08,1,1,1.000000
1365,18,391.48,348.13,272.42,112.62,1,1,1.000000
1365,19,74.58,41.24,470.42,174.81,1,1,1.000000
1365,21,354.94,583.49,331.71,131.92,1,1,1.000000
1365,22,596.43,450.02,306.34,91.91,1,1,1.000000
1365,23,57.95,287.56,412.89,160.71,1,1,1.000000
1365,25,879.18,407.86,400.22,118.92,1,1,1.000000
1365,26,909.48,204.32,286.90,115.95,1,1,1.000000
1365,27,1108.11,157.88,172.17,134.28,1,1,1.000000
1366,14,0.00,168.30,165.35,87.54,1,1,1.000000
1366,16,0.03,424.59,154.38,106.35,1,1,1.000000
1366,17,94.39,472.16,371.47,175.88,1,1,1.000000
1366,18,401.51,340.24,270.02,116.09,1,1,1.000000
1366,19,116.04,43.11,439.86,169.10,1,1,1.000000
1366,21,359.19,583.01,321.54,126.08,1,1,1.000000
1366,22,598.74,449.03,310.39,92.71,1,1,1.000000
1366,23,69.95,284.69,410.43,154.32,1,1,1.000000
1366,25,880.79,415.45,398.79,114.83,1,1,1.000000
1366,26,914.27,210.22,281.52,116.33,1,1,1.000000
1366,27,1118.95,170.26,161.27,127.89,1,1,1.000000
1367,14,0.17,171.45,175.81,94.43,1,1,1.000000
1367,16,0.28,425.66,167.75,100.45,1,1,1.000000
1367,17,120.55,472.72,357.83,163.86,1,1,1.000000
1367,18,417.84,342.79,265.54,110.99,1,1,1.000000
1367,19,124.52,50.18,434.08,165.49,1,1,1.000000
1367,21,369.56,581.61,318.06,122.56,1,1,1.000000
1367,22,608.81,448.00,307.05,91.92,1,1,1.000000
1367,23,85.24,285.22,403.64,146.63,1,1,1.000000
1367,25,888.17,436.22,391.00,98.74,1,1,1.000000
1367,26,923.18,211.75,280.92,120.16,1,1,1.000000
1367,27,1129.41,189.02,151.04,119.78,1,1,1.000000
1368,14,0.11,172.56,196.19,90.02,1,1,1.000000
1368,16,0.00,417.80,184.21,110.51,1,1,1.000000
1368,17,129.96,473.02,361.57,152.88,1,1,1.000000
1368,18,436.75,344.44,265.62,107.35,1,1,1.000000
1368,19,141.52,55.01,426.77,160.88,1,1,1.000000
1368,21,376.84,581.45,320.89,117.31,1,1,1.000000
1368,22,619.64,448.54,304.41,92.58,1,1,1.000000
1368,23,113.26,297.58,386.70,124.61,1,1,1.000000
1368,25,900.36,447.21,379.32,95.79,1,1,1.000000
1368,26,938.39,213.07,341.46,129.56,1,1,1.000000
1369,14,0.00,174.65,178.05,95.47,1,1,1.000000
1369,16,0.00,416.80,191.17,122.40,1,1,1.000000
1369,17,150.36,475.55,348.74,140.48,1,1,1.000000
1369,18,449.94,349.00,256.52,103.11,1,1,1.000000
1369,19,163.87,58.88,412.27,160.46,1,1,1.000000
1369,21,384.62,581.74,318.01,113.34,1,1,1.000000
1369,22,627.75,450.63,304.90,90.47,1,1,1.000000
1369,23,126.91,301.63,379.57,116.10,1,1,1.000000
1369,25,903.81,453.11,376.04,97.35,1,1,1.000000
1369,26,943.35,224.81,331.75,123.13,1,1,1.000000
1369,27,1144.90,229.26,134.82,109.07,1,1,1.000000
1370,14,0.00,179.81,178.15,87.45,1,1,1.000000
1370,16,0.00,413.35,203.09,122.24,1,1,1.000000
1370,17,183.39,477.79,328.49,130.18,1,1,1.000000
1370,18,463.02,357.58,261.22,94.81,1,1,1.000000
1370,19,168.73,61.00,423.84,158.77,1,1,1.000000
1370,21,392.36,586.68,316.38,105.67,1,1,1.000000
1370,22,639.02,456.83,308.69,87.61,1,1,1.000000
1370,23,142.49,302.69,373.57,115.76,1,1,1.000000
1370,25,916.77,461.22,363.15,103.08,1,1,1.000000
1370,26,953.96,229.84,324.62,132.02,1,1,1.000000
1370,27,1149.42,240.50,130.50,118.77,1,1,1.000000
1371,14,0.74,179.74,193.68,81.01,1,1,1.000000
1371,16,0.00,409.37,218.72,122.39,1,1,1.000000
1371,17,207.11,480.99,314.55,118.14,1,1,1.000000
1371,18,471.65,364.78,255.90,87.73,1,1,1.000000
1371,19,181.26,72.44,415.97,146.84,1,1,1.000000
1371,21,398.03,594.38,299.00,98.56,1,1,1.000000
1371,22,636.91,465.33,320.95,84.64,1,1,1.000000
1371,23,158.57,303.83,360.00,103.60,1,1,1.000000
1371,25,914.11,475.92,366.40,102.41,1,1,1.000000
1371,26,947.49,246.20,332.45,129.66,1,1,1.000000
1371,27,1153.75,257.82,125.65,123.23,1,1,1.000000
1372,14,0.74,179.74,193.68,81.01,1,1,1.000000
1372,16,0.00,409.37,218.72,122.39,1,1,1.000000
1372,17,207.11,480.99,314.55,118.14,1,1,1.000000
1372,18,471.65,364.78,255.90,87.73,1,1,1.000000
1372,19,181.26,72.44,415.97,146.84,1,1,1.000000
1372,21,398.03,594.38,299.00,98.56,1,1,1.000000
1372,22,636.91,465.33,320.95,84.64,1,1,1.000000
1372,23,158.57,303.83,360.00,103.60,1,1,1.000000
1372,25,914.11,475.92,366.40,102.41,1,1,1.000000
1372,26,947.49,246.20,332.45,129.66,1,1,1.000000
1372,27,1153.75,257.82,125.65,123.23,1,1,1.000000
1372,31,0.00,0.00,302.69,52.93,1,1,1.000000
1373,14,29.09,183.60,169.51,76.11,1,1,1.000000
1373,16,0.00,406.66,226.59,116.69,1,1,1.000000
1373,17,224.69,478.87,297.67,115.26,1,1,1.000000
1373,18,480.36,374.49,251.68,82.55,1,1,1.000000
1373,19,185.03,88.47,410.75,134.44,1,1,1.000000
1373,21,395.95,604.23,304.76,87.71,1,1,1.000000
1373,22,640.20,475.96,314.07,76.24,1,1,1.000000
1373,23,168.26,304.24,350.94,99.39,1,1,1.000000
1373,25,913.40,490.04,366.98,95.76,1,1,1.000000
1373,26,937.48,254.21,341.75,135.41,1,1,1.000000
1373,27,1158.54,292.15,121.47,119.74,1,1,1.000000
1373,31,0.00,0.00,336.93,69.00,1,1,1.000000
1374,14,56.85,185.48,163.26,81.28,1,1,1.000000
1374,16,0.00,406.97,237.54,112.51,1,1,1.000000
1374,17,231.59,479.72,296.89,113.48,1,1,1.000000
1374,18,490.78,368.93,255.21,90.08,1,1,1.000000
1374,19,204.30,95.56,392.74,131.76,1,1,1.000000
1374,21,396.76,604.94,297.32,87.18,1,1,1.000000
1374,22,643.56,476.32,310.93,80.43,1,1,1.000000
1374,23,181.31,311.98,336.56,87.68,1,1,1.000000
1374,25,911.63,498.60,368.04,95.76,1,1,1.000000
1374,26,937.41,270.14,341.19,126.64,1,1,1.000000
1374,27,1167.66,311.66,112.37,116.98,1,1,1.000000
1374,31,0.00,0.00,368.22,83.97,1,1,1.000000
1375,14,70.81,188.94,164.04,75.88,1,1,1.000000
1375,16,0.00,409.10,231.81,112.14,1,1,1.000000
1375,17,221.29,485.48,299.65,107.84,1,1,1.000000
1375,18,491.28,377.43,244.26,85.94,1,1,1.000000
1375,19,203.87,101.20,386.33,128.88,1,1,1.000000
1375,21,385.05,616.54,300.50,78.31,1,1,1.000000
1375,22,631.41,488.95,321.21,70.46,1,1,1.000000
1375,23,176.70,313.44,339.67,87.84,1,1,1.000000
1375,25,901.96,510.90,377.15,89.90,1,1,1.000000
1375,26,930.35,280.20,348.89,122.81,1,1,1.000000
1375,27,1149.67,331.99,130.54,109.81,1,1,1.000000
1375,31,0.00,0.00,356.55,91.42,1,1,1.000000
1375,32,39.83,291.12,144.59,48.99,1,1,1.000000
1376,14,67.84,196.72,156.07,71.37,1,1,1.000000
1376,16,0.00,415.94,221.36,105.77,1,1,1.000000
1376,17,236.74,487.21,277.03,104.84,1,1,1.000000
1376,18,493.94,383.11,235.64,81.23,1,1,1.000000
1376,19,188.48,111.19,382.58,124.36,1,1,1.000000
1376,21,388.86,615.12,300.40,77.51,1,1,1.000000
1376,22,635.15,493.54,303.39,70.61,1,1,1.000000
1376,23,179.32,321.80,321.54,84.27,1,1,1.000000
1376,25,895.75,512.93,381.91,95.56,1,1,1.000000
1376,26,910.30,285.72,366.21,125.21,1,1,1.000000
1376,27,1133.15,323.04,146.85,135.57,1,1,1.000000
1376,31,0.28,0.14,341.57,103.89,1,1,1.000000
1376,32,34.86,298.71,141.05,46.04,1,1,1.000000
1377,14,100.16,193.28,152.01,73.46,1,1,1.000000
1377,16,0.00,413.72,234.25,102.16,1,1,1.000000
1377,17,240.18,491.48,276.02,97.54,1,1,1.000000
1377,18,505.43,388.50,239.98,76.09,1,1,1.000000
1377,19,214.96,117.48,371.16,115.29,1,1,1.000000
1377,21,370.03,617.19,308.86,75.39,1,1,1.000000
1377,22,635.62,499.02,309.99,70.93,1,1,1.000000
1377,23,199.59,321.26,311.20,76.75,1,1,1.000000
1377,25,887.75,527.80,390.87,92.25,1,1,1.000000
1377,26,918.16,302.91,361.00,115.76,1,1,1.000000
1377,27,1128.72,368.52,151.12,103.22,1,1,1.000000
1377,31,0.38,0.00,432.02,110.85,1,1,1.000000
1377,32,70.04,289.97,141.83,48.27,1,1,1.000000
1378,14,89.72,195.51,140.39,71.53,1,1,1.000000
1378,16,0.08,419.37,219.66,93.31,1,1,1.000000
1378,17,245.61,495.95,266.59,89.25,1,1,1.000000
1378,18,493.53,392.15,235.74,74.46,1,1,1.000000
1378,19,188.68,122.49,382.50,114.21,1,1,1.000000
1378,21,385.54,612.53,292.79,75.53,1,1,1.000000
1378,22,630.16,504.37,299.31,71.25,1,1,1.000000
1378,23,184.13,323.46,301.39,77.31,1,1,1.000000
1378,25,879.51,531.95,398.70,87.15,1,1,1.000000
1378,26,897.71,316.16,380.60,111.36,1,1,1.000000
1378,27,1107.50,392.94,172.30,89.01,1,1,1.000000
1378,31,0.00,0.00,391.71,118.66,1,1,1.000000
1378,32,62.53,296.80,138.92,40.76,1,1,1.000000
1379,14,129.70,191.58,132.70,70.66,1,1,1.000000
1379,16,0.00,411.57,248.47,88.84,1,1,1.000000
1379,17,249.65,493.85,269.44,81.52,1,1,1.000000
1379,18,515.18,389.64,228.43,77.83,1,1,1.000000
1379,19,221.55,124.26,355.04,108.78,1,1,1.000000
1379,21,382.97,612.60,283.64,68.88,1,1,1.000000
1379,22,629.33,502.57,309.67,66.03,1,1,1.000000
1379,23,217.48,317.96,287.06,76.15,1,1,1.000000
1379,25,881.91,538.68,397.68,91.71,1,1,1.000000
1379,26,899.82,319.40,379.77,115.25,1,1,1.000000
1379,27,1114.07,384.03,165.96,114.34,1,1,1.000000
1379,31,2.19,0.32,415.01,121.36,1,1,1.000000
1379,32,105.40,286.84,134.30,44.68,1,1,1.000000
1380,14,136.96,197.68,125.89,62.79,1,1,1.000000
1380,16,0.00,410.88,260.30,80.85,1,1,1.000000
1380,17,259.21,496.28,247.96,81.42,1,1,1.000000
1380,18,518.14,391.06,226.20,74.05,1,1,1.000000
1380,19,212.19,126.77,357.98,105.14,1,1,1.000000
1380,21,386.24,609.27,287.41,70.69,1,1,1.000000
1380,22,629.77,501.25,305.52,75.14,1,1,1.000000
1380,23,221.68,315.39,273.89,78.64,1,1,1.000000
1380,25,874.57,539.53,406.28,94.47,1,1,1.000000
1380,26,893.67,326.71,383.58,112.36,1,1,1.000000
1380,27,1094.45,380.61,185.36,129.37,1,1,1.000000
1380,31,1.20,0.00,405.93,123.70,1,1,1.000000
1380,32,112.00,284.70,134.05,41.89,1,1,1.000000
1381,14,188.18,195.30,117.48,53.44,1,1,1.000000
1381,16,0.00,394.03,262.53,79.19,1,1,1.000000
1381,17,284.61,487.54,247.37,70.53,1,1,1.000000
1381,18,542.68,392.21,223.48,70.00,1,1,1.000000
1381,19,238.17,129.07,348.01,98.67,1,1,1.000000
1381,21,399.03,595.30,282.89,74.34,1,1,1.000000
1381,22,639.70,501.54,311.13,66.80,1,1,1.000000
1381,23,251.05,307.36,273.20,73.28,1,1,1.000000
1381,25,888.47,546.34,391.17,97.19,1,1,1.000000
1381,26,907.54,337.41,371.26,109.81,1,1,1.000000
1381,27,1109.17,424.06,170.75,98.28,1,1,1.000000
1381,31,2.08,0.00,413.17,125.16,1,1,1.000000
1381,32,160.44,277.39,122.53,36.09,1,1,1.000000
1382,14,192.22,195.12,105.23,51.32,1,1,1.000000
1382,16,0.00,388.24,258.82,78.97,1,1,1.000000
1382,17,277.83,481.08,248.83,75.32,1,1,1.000000
1382,18,540.53,388.59,216.32,68.71,1,1,1.000000
1382,19,246.58,126.98,333.96,93.40,1,1,1.000000
1382,21,395.22,591.55,275.48,75.87,1,1,1.000000
1382,22,635.26,499.92,305.82,62.68,1,1,1.000000
1382,23,255.65,303.44,263.56,71.29,1,1,1.000000
1382,25,875.75,543.90,402.61,92.94,1,1,1.000000
1382,26,895.08,340.47,382.88,107.74,1,1,1.000000
1382,27,1084.75,416.93,194.86,121.10,1,1,1.000000
1382,31,9.06,0.00,402.82,122.55,1,1,1.000000
1382,32,166.31,268.61,115.91,38.83,1,1,1.000000
1383,14,222.55,194.14,95.94,45.33,1,1,1.000000
1383,16,21.43,374.27,241.05,77.66,1,1,1.000000
1383,17,296.46,473.90,229.45,66.50,1,1,1.000000
1383,18,550.06,388.13,215.94,68.00,1,1,1.000000
1383,19,249.97,124.78,318.43,91.08,1,1,1.000000
1383,21,397.69,581.93,270.11,78.66,1,1,1.000000
1383,22,649.29,499.68,288.90,64.36,1,1,1.000000
1383,23,271.16,294.09,249.92,70.80,1,1,1.000000
1383,25,866.33,547.97,412.97,99.95,1,1,1.000000
1383,26,876.57,353.49,400.75,103.11,1,1,1.000000
1383,27,1068.40,426.03,211.44,116.57,1,1,1.000000
1383,31,31.30,0.00,367.10,122.43,1,1,1.000000
1384,14,239.39,193.48,108.59,43.30,1,1,1.000000
1384,16,34.92,372.41,230.97,76.82,1,1,1.000000
1384,17,301.10,468.71,222.43,67.39,1,1,1.000000
1384,18,550.01,387.89,220.64,66.49,1,1,1.000000
1384,19,259.55,124.21,305.36,88.89,1,1,1.000000
1384,21,391.47,581.43,264.94,68.53,1,1,1.000000
1384,22,644.49,499.60,286.87,64.13,1,1,1.000000
1384,23,274.21,288.58,246.27,71.82,1,1,1.000000
1384,25,858.78,547.47,420.82,105.23,1,1,1.000000
1384,26,867.05,357.32,411.05,104.02,1,1,1.000000
1384,27,1044.89,429.82,235.05,120.15,1,1,1.000000
1384,31,42.20,0.01,359.64,124.56,1,1,1.000000
1385,14,239.39,193.48,108.59,43.30,1,1,1.000000
1385,16,34.92,372.41,230.97,76.82,1,1,1.000000
1385,17,301.10,468.71,222.43,67.39,1,1,1.000000
1385,18,550.01,387.89,220.64,66.49,1,1,1.000000
1385,19,259.55,124.21,305.36,88.89,1,1,1.000000
1385,21,391.47,581.43,264.94,68.53,1,1,1.000000
1385,22,644.49,499.60,286.87,64.13,1,1,1.000000
1385,23,274.21,288.58,246.27,71.82,1,1,1.000000
1385,25,858.78,547.47,420.82,105.23,1,1,1.000000
1385,26,867.05,357.32,411.05,104.02,1,1,1.000000
1385,27,1044.89,429.82,235.05,120.15,1,1,1.000000
1385,31,42.20,0.01,359.64,124.56,1,1,1.000000
1386,14,248.59,194.42,101.30,37.98,1,1,1.000000
1386,16,55.19,363.15,206.66,73.65,1,1,1.000000
1386,17,308.51,462.35,214.93,64.42,1,1,1.000000
1386,18,556.02,385.04,210.27,68.01,1,1,1.000000
1386,19,260.80,123.26,291.38,87.81,1,1,1.000000
1386,21,394.96,574.97,256.57,68.29,1,1,1.000000
1386,22,640.77,497.37,283.61,63.43,1,1,1.000000
1386,23,277.29,286.79,230.56,66.42,1,1,1.000000
1386,25,839.05,550.24,440.40,99.58,1,1,1.000000
1386,26,846.56,351.93,431.24,114.67,1,1,1.000000
1386,27,1010.45,424.82,269.58,136.79,1,1,1.000000
1386,31,53.83,0.48,335.78,129.32,1,1,1.000000
1387,14,249.81,194.25,91.29,36.87,1,1,1.000000
1387,16,59.15,359.66,202.26,72.06,1,1,1.000000
1387,17,316.17,462.05,211.90,59.71,1,1,1.000000
1387,18,556.38,385.30,201.64,64.09,1,1,1.000000
1387,19,255.99,121.91,288.62,89.42,1,1,1.000000
1387,21,393.02,573.51,254.74,65.12,1,1,1.000000
1387,22,641.89,495.33,273.33,65.26,1,1,1.000000
1387,23,276.34,284.48,220.65,68.11,1,1,1.000000
1387,25,833.82,552.00,440.38,95.58,1,1,1.000000
1387,26,830.84,352.59,447.44,110.79,1,1,1.000000
1387,27,994.48,428.31,285.90,140.57,1,1,1.000000
1387,31,50.41,1.56,325.02,128.47,1,1,1.000000
1388,14,264.52,193.48,100.84,35.09,1,1,1.000000
1388,16,70.00,357.29,202.76,72.38,1,1,1.000000
1388,17,329.64,456.49,206.59,63.02,1,1,1.000000
1388,18,562.83,384.08,195.13,62.11,1,1,1.000000
1388,19,266.78,120.92,271.89,84.64,1,1,1.000000
1388,21,403.68,565.41,240.77,67.03,1,1,1.000000
1388,22,643.76,492.76,271.81,68.04,1,1,1.000000
1388,23,287.37,278.50,208.81,71.39,1,1,1.000000
1388,25,825.40,550.45,439.98,90.67,1,1,1.000000
1388,26,826.83,352.96,448.18,110.27,1,1,1.000000
1388,27,984.09,433.39,295.54,138.77,1,1,1.000000
1388,31,63.32,5.35,309.44,127.02,1,1,1.000000
1389,16,84.76,352.11,188.34,69.10,1,1,1.000000
1389,17,338.31,453.96,201.22,60.51,1,1,1.000000
1389,18,563.97,384.33,195.30,58.51,1,1,1.000000
1389,19,271.72,118.56,262.38,86.65,1,1,1.000000
1389,21,398.27,559.54,250.72,64.42,1,1,1.000000
1389,22,644.98,490.76,264.31,68.90,1,1,1.000000
1389,23,292.32,277.32,204.01,68.02,1,1,1.000000
1389,25,822.26,552.55,425.58,82.15,1,1,1.000000
1389,26,816.63,355.15,443.39,107.01,1,1,1.000000
1389,27,965.62,440.05,314.80,135.41,1,1,1.000000
1389,31,71.74,10.28,302.05,123.19,1,1,1.000000
1390,16,105.84,349.80,180.13,64.46,1,1,1.000000
1390,17,355.26,450.55,195.78,53.63,1,1,1.000000
1390,18,575.53,383.76,196.33,55.30,1,1,1.000000
1390,19,285.11,115.55,255.28,83.68,1,1,1.000000
1390,21,410.44,558.75,241.76,62.83,1,1,1.000000
1390,22,651.00,492.70,268.16,63.98,1,1,1.000000
1390,23,306.80,272.56,194.21,70.09,1,1,1.000000
1390,25,828.44,554.58,425.70,89.60,1,1,1.000000
1390,26,817.32,361.32,448.77,101.98,1,1,1.000000
1390,27,959.74,446.55,321.14,132.48,1,1,1.000000
1390,31,79.69,15.50,292.97,119.31,1,1,1.000000
1391,16,135.02,346.48,163.96,63.14,1,1,1.000000
1391,17,364.61,441.84,194.50,59.93,1,1,1.000000
1391,18,585.73,386.58,184.25,53.43,1,1,1.000000
1391,19,302.72,114.37,246.34,86.11,1,1,1.000000
1391,21,420.59,556.05,236.66,58.20,1,1,1.000000
1391,22,659.40,489.63,259.28,66.77,1,1,1.000000
1391,23,320.46,269.96,189.82,65.87,1,1,1.000000
1391,25,829.83,554.95,423.07,95.23,1,1,1.000000
1391,26,814.85,369.94,458.81,98.57,1,1,1.000000
1391,27,951.41,459.80,328.74,123.20,1,1,1.000000
1391,31,112.72,19.99,269.17,115.05,1,1,1.000000
1392,16,160.22,339.94,152.78,62.89,1,1,1.000000
1392,17,383.79,440.65,187.99,59.20,1,1,1.000000
1392,18,597.80,386.10,180.75,50.16,1,1,1.000000
1392,19,314.17,113.13,236.21,90.12,1,1,1.000000
1392,21,431.16,549.09,235.70,62.08,1,1,1.000000
1392,22,675.87,492.19,258.40,63.21,1,1,1.000000
1392,23,335.28,266.32,184.10,64.60,1,1,1.000000
1392,25,834.77,560.65,427.95,105.42,1,1,1.000000
1392,26,815.66,378.46,463.35,93.39,1,1,1.000000
1392,27,950.51,470.84,329.54,122.79,1,1,1.000000
1392,31,30.89,7.15,357.48,131.03,1,1,1.000000
1393,16,191.77,336.53,139.98,63.33,1,1,1.000000
1393,17,397.80,434.90,183.19,60.24,1,1,1.000000
1393,18,610.44,386.75,179.53,59.18,1,1,1.000000
1393,19,334.73,114.25,232.77,87.28,1,1,1.000000
1393,21,444.53,539.38,225.83,66.85,1,1,1.000000
1393,22,681.94,492.05,254.08,64.62,1,1,1.000000
1393,23,360.24,270.65,174.04,56.94,1,1,1.000000
1393,25,837.29,563.12,427.40,106.16,1,1,1.000000
1393,26,817.59,378.96,462.19,95.94,1,1,1.000000
1393,27,950.79,480.80,329.09,119.83,1,1,1.000000
1393,31,23.82,22.13,379.44,118.21,1,1,1.000000
1394,16,196.69,335.40,139.15,62.84,1,1,1.000000
1394,17,401.71,431.25,180.89,59.37,1,1,1.000000
1394,18,613.62,384.24,179.46,52.21,1,1,1.000000
1394,19,342.03,111.00,226.25,91.37,1,1,1.000000
1394,21,450.47,534.53,218.17,67.49,1,1,1.000000
1394,22,682.69,486.66,255.16,67.76,1,1,1.000000
1394,23,366.44,257.78,168.56,65.75,1,1,1.000000
1394,25,834.99,568.13,418.49,98.96,1,1,1.000000
1394,26,811.77,379.36,467.24,95.27,1,1,1.000000
1394,27,933.68,483.60,346.72,120.89,1,1,1.000000
1394,31,175.77,31.26,224.37,110.35,1,1,1.000000
1395,16,222.93,322.49,126.24,67.36,1,1,1.000000
1395,17,414.43,426.70,175.16,62.26,1,1,1.000000
1395,18,623.37,385.91,175.94,49.56,1,1,1.000000
1395,19,353.63,110.73,214.53,87.86,1,1,1.000000
1395,21,459.03,532.22,215.80,62.51,1,1,1.000000
1395,22,691.90,483.98,249.21,69.11,1,1,1.000000
1395,23,383.13,260.07,165.35,61.91,1,1,1.000000
1395,25,833.10,574.48,411.18,86.73,1,1,1.000000
1395,26,810.54,385.26,462.57,94.01,1,1,1.000000
1395,27,928.12,486.78,351.92,120.13,1,1,1.000000
1395,31,168.91,35.73,234.87,106.79,1,1,1.000000
1396,16,244.18,318.98,114.44,58.01,1,1,1.000000
1396,17,425.52,419.67,162.66,60.79,1,1,1.000000
1396,18,632.21,380.71,165.39,51.66,1,1,1.000000
1396,19,374.49,107.76,189.98,86.51,1,1,1.000000
1396,21,466.31,519.16,205.13,65.58,1,1,1.000000
1396,22,697.25,481.14,235.10,67.57,1,1,1.000000
1396,23,395.69,260.34,169.18,53.19,1,1,1.000000
1396,25,819.52,587.08,248.98,69.29,1,1,1.000000
1396,26,797.47,388.51,438.51,89.88,1,1,1.000000
1396,27,903.70,492.74,374.58,131.41,1,1,1.000000
1396,31,213.02,37.20,192.08,101.26,1,1,1.000000
1396,39,112.78,612.91,122.02,104.44,1,1,1.000000
1397,16,242.09,313.28,121.20,66.07,1,1,1.000000
1397,17,430.63,414.24,158.17,64.04,1,1,1.000000
1397,18,638.53,381.50,164.27,49.33,1,1,1.000000
1397,19,384.74,106.93,179.43,84.56,1,1,1.000000
1397,21,466.86,515.17,199.20,66.10,1,1,1.000000
1397,22,694.74,479.51,235.98,69.87,1,1,1.000000
1397,23,415.24,260.48,146.91,49.93,1,1,1.000000
1397,25,814.55,589.86,254.31,69.84,1,1,1.000000
1397,26,800.02,391.96,427.09,88.01,1,1,1.000000
1397,27,894.19,493.20,384.80,122.57,1,1,1.000000
1397,31,218.18,38.57,188.84,97.58,1,1,1.000000
1397,39,120.84,612.54,133.39,105.35,1,1,1.000000
1397,44,428.43,171.18,93.76,43.93,1,1,1.000000
1398,16,242.09,313.28,121.20,66.07,1,1,1.000000
1398,17,430.63,414.24,158.17,64.04,1,1,1.000000
1398,18,638.53,381.50,164.27,49.33,1,1,1.000000
1398,19,384.74,106.93,179.43,84.56,1,1,1.000000
1398,21,466.86,515.17,199.20,66.10,1,1,1.000000
1398,22,694.74,479.51,235.98,69.87,1,1,1.000000
1398,23,415.24,260.48,146.91,49.93,1,1,1.000000
1398,25,814.55,589.86,254.31,69.84,1,1,1.000000
1398,26,800.02,391.96,427.09,88.01,1,1,1.000000
1398,27,894.19,493.20,384.80,122.57,1,1,1.000000
1398,31,218.18,38.57,188.84,97.58,1,1,1.000000
1398,39,120.84,612.54,133.39,105.35,1,1,1.000000
1398,44,428.43,171.18,93.76,43.93,1,1,1.000000
1398,47,0.18,420.39,75.05,73.96,1,1,1.000000
1398,48,97.78,264.37,138.11,66.50,1,1,1.000000
1398,49,0.54,280.25,86.83,69.45,1,1,1.000000
1398,50,491.84,257.49,72.83,42.98,1,1,1.000000
1398,51,1.04,496.07,77.41,119.14,1,1,1.000000
1398,52,185.65,31.13,93.61,57.18,1,1,1.000000
1398,53,0.60,66.69,64.48,58.87,1,1,1.000000
1398,54,69.98,429.19,210.13,185.96,1,1,1.000000
1399,16,264.11,311.81,96.20,64.27,1,1,1.000000
1399,17,436.23,412.99,146.40,62.23,1,1,1.000000
1399,18,637.61,379.42,166.65,59.98,1,1,1.000000
1399,19,384.00,107.70,169.83,84.46,1,1,1.000000
1399,21,463.88,510.62,195.27,66.62,1,1,1.000000
1399,22,692.26,478.29,184.62,68.59,1,1,1.000000
1399,23,409.51,249.10,162.75,64.28,1,1,1.000000
1399,25,791.09,594.21,278.31,68.71,1,1,1.000000
1399,26,780.82,395.94,403.58,87.54,1,1,1.000000
1399,27,866.22,494.65,412.89,111.16,1,1,1.000000
1399,31,234.88,40.65,163.83,91.76,1,1,1.000000
1399,39,124.53,602.45,147.85,113.90,1,1,1.000000
1399,44,429.96,169.58,105.48,46.73,1,1,1.000000
1399,47,0.44,404.99,90.57,85.21,1,1,1.000000
1399,49,0.18,272.35,139.72,69.80,1,1,1.000000
1399,51,0.29,502.38,77.22,110.44,1,1,1.000000
1399,53,0.27,49.14,88.23,70.60,1,1,1.000000
1399,54,84.72,437.27,193.93,165.49,1,1,1.000000
1400,16,265.03,309.67,90.25,61.88,1,1,1.000000
1400,17,441.54,411.89,134.04,59.27,1,1,1.000000
1400,18,634.47,381.42,169.78,52.19,1,1,1.000000
1400,19,384.20,107.93,163.85,84.43,1,1,1.000000
1400,21,454.32,509.68,194.37,67.13,1,1,1.000000
1400,22,683.78,478.45,185.06,57.02,1,1,1.000000
1400,23,410.77,252.80,160.18,58.88,1,1,1.000000
1400,25,773.84,595.68,292.84,67.37,1,1,1.000000
1400,26,769.31,397.66,393.20,89.98,1,1,1.000000
1400,27,845.91,497.00,432.79,111.15,1,1,1.000000
1400,31,239.80,41.65,153.48,91.55,1,1,1.000000
1400,39,168.93,591.53,105.24,119.55,1,1,1.000000
1400,44,431.24,163.82,105.43,50.78,1,1,1.000000
1400,47,0.41,401.66,94.68,79.17,1,1,1.000000
1400,49,0.66,260.13,147.45,73.47,1,1,1.000000
1400,51,0.10,497.31,86.70,118.33,1,1,1.000000
1400,53,0.89,46.57,99.96,71.79,1,1,1.000000
1400,54,85.89,493.20,182.82,105.53,1,1,1.000000
1400,57,1199.00,13.15,80.86,61.97,1,1,1.000000
1400,58,121.16,607.26,72.50,107.81,1,1,1.000000
1400,60,2.50,123.24,153.65,85.49,1,1,1.000000
1400,62,109.24,13.81,56.03,60.38,1,1,1.000000
1401,16,260.21,304.88,89.69,65.57,1,1,1.000000
1401,17,427.60,411.02,144.82,60.72,1,1,1.000000
1401,18,631.71,385.12,153.98,48.02,1,1,1.000000
1401,19,375.59,110.12,163.01,83.94,1,1,1.000000
1401,21,445.92,506.82,186.84,68.06,1,1,1.000000
1401,22,674.03,481.16,181.87,52.55,1,1,1.000000
1401,23,402.37,256.49,154.34,55.39,1,1,1.000000
1401,25,753.99,597.48,299.23,67.74,1,1,1.000000
1401,26,752.01,401.45,379.23,85.44,1,1,1.000000
1401,27,818.37,497.94,460.00,109.72,1,1,1.000000
1401,31,230.36,44.91,151.07,87.97,1,1,1.000000
1401,39,112.11,599.80,144.75,115.96,1,1,1.000000
1401,44,430.33,167.59,106.16,44.32,1,1,1.000000
1401,47,0.78,397.86,92.93,80.37,1,1,1.000000
1401,49,0.47,257.05,144.28,85.21,1,1,1.000000
1401,51,1.94,495.90,90.96,101.83,1,1,1.000000
1401,53,1.33,44.12,99.28,71.93,1,1,1.000000
1401,54,66.93,507.15,185.56,96.99,1,1,1.000000
1401,57,1170.98,12.64,108.99,72.65,1,1,1.000000
1401,62,106.53,9.64,89.88,62.98,1,1,1.000000
1402,16,249.67,306.54,84.60,60.85,1,1,1.000000
1402,17,422.21,409.48,143.73,61.86,1,1,1.000000
1402,18,623.67,386.16,138.29,50.50,1,1,1.000000
1402,19,366.81,111.99,160.44,84.03,1,1,1.000000
1402,21,431.66,507.83,186.27,66.86,1,1,1.000000
1402,22,661.07,478.27,195.04,55.57,1,1,1.000000
1402,23,391.81,261.44,147.44,50.86,1,1,1.000000
1402,25,733.01,601.32,311.04,63.48,1,1,1.000000
1402,26,730.75,404.28,367.22,82.81,1,1,1.000000
1402,27,799.52,502.16,478.04,110.70,1,1,1.000000
1402,31,215.35,44.72,153.35,85.12,1,1,1.000000
1402,39,110.97,588.70,138.06,113.90,1,1,1.000000
1402,44,422.21,167.95,103.55,45.84,1,1,1.000000
1402,49,0.17,253.03,143.78,82.39,1,1,1.000000
1402,51,0.21,493.07,71.98,104.69,1,1,1.000000
1402,53,1.60,42.60,97.10,69.48,1,1,1.000000
1402,54,60.69,507.81,187.06,108.16,1,1,1.000000
1402,57,1150.23,11.34,129.42,82.69,1,1,1.000000
1403,16,241.47,308.52,81.71,53.84,1,1,1.000000
1403,17,415.68,410.46,142.00,61.60,1,1,1.000000
1403,18,615.03,385.75,144.01,49.98,1,1,1.000000
1403,19,357.69,112.09,155.34,81.65,1,1,1.000000
1403,21,418.45,504.83,180.09,70.91,1,1,1.000000
1403,22,647.41,477.78,194.50,56.41,1,1,1.000000
1403,23,396.99,262.29,134.35,46.05,1,1,1.000000
1403,25,710.15,602.43,329.82,64.94,1,1,1.000000
1403,26,709.97,407.49,358.74,82.86,1,1,1.000000
1403,27,774.04,508.58,503.11,103.03,1,1,1.000000
1403,31,213.95,44.22,142.19,85.72,1,1,1.000000
1403,49,1.04,249.51,143.14,70.63,1,1,1.000000
1403,53,1.30,38.99,90.80,65.83,1,1,1.000000
1403,54,45.47,509.39,194.23,102.30,1,1,1.000000
1403,57,1126.86,15.76,153.26,95.24,1,1,1.000000
1404,16,231.28,305.38,78.03,56.10,1,1,1.000000
1404,17,402.53,408.60,149.86,60.93,1,1,1.000000
1404,18,599.96,388.41,159.90,49.34,1,1,1.000000
1404,19,348.31,110.97,154.09,81.53,1,1,1.000000
1404,21,403.75,505.67,178.42,69.08,1,1,1.000000
1404,22,631.98,475.93,191.19,59.50,1,1,1.000000
1404,23,368.98,258.91,138.83,50.76,1,1,1.000000
1404,25,695.19,592.79,334.87,76.26,1,1,1.000000
1404,26,692.03,408.33,347.19,82.02,1,1,1.000000
1404,27,750.96,506.59,496.22,101.52,1,1,1.000000
1404,31,192.60,45.86,150.72,80.65,1,1,1.000000
1404,49,0.51,244.21,134.31,80.83,1,1,1.000000
1404,53,0.98,33.80,75.89,49.89,1,1,1.000000
1404,54,29.40,509.40,207.10,99.86,1,1,1.000000
1404,57,1094.91,17.90,184.50,111.93,1,1,1.000000
1404,66,1138.04,519.90,141.48,84.66,1,1,1.000000
1404,58,160.87,586.66,71.59,106.22,1,1,1.000000
1404,62,91.75,10.03,55.26,56.46,1,1,1.000000
1404,39,73.73,590.58,161.69,124.97,1,1,1.000000
1405,16,227.11,301.33,73.62,58.50,1,1,1.000000
1405,17,398.55,405.42,141.93,60.92,1,1,1.000000
1405,18,592.93,390.56,153.04,47.27,1,1,1.000000
1405,19,337.34,108.44,156.42,85.03,1,1,1.000000
1405,21,396.33,499.44,176.71,71.84,1,1,1.000000
1405,22,623.53,475.12,174.17,54.47,1,1,1.000000
1405,23,369.69,255.85,145.82,52.45,1,1,1.000000
1405,25,674.64,591.88,348.90,74.61,1,1,1.000000
1405,26,673.94,406.36,349.08,86.54,1,1,1.000000
1405,27,731.82,504.67,470.61,104.04,1,1,1.000000
1405,31,197.53,43.45,140.39,81.71,1,1,1.000000
1405,49,0.27,242.43,134.59,79.10,1,1,1.000000
1405,53,0.94,33.00,77.15,64.40,1,1,1.000000
1405,57,1078.07,17.60,201.63,128.08,1,1,1.000000
1405,66,1116.41,507.98,163.14,95.27,1,1,1.000000
1405,58,155.02,583.95,70.94,104.98,1,1,1.000000
1405,60,21.00,125.56,69.40,58.39,1,1,1.000000
1405,51,1.38,426.91,76.92,156.51,1,1,1.000000
1406,16,220.78,296.08,72.83,60.97,1,1,1.000000
1406,17,386.97,405.34,146.61,60.44,1,1,1.000000
1406,18,580.89,385.15,161.18,49.45,1,1,1.000000
1406,19,331.77,106.63,149.53,83.14,1,1,1.000000
1406,21,386.34,496.57,172.53,70.81,1,1,1.000000
1406,22,619.50,472.79,175.85,55.38,1,1,1.000000
1406,23,367.12,256.29,87.02,51.31,1,1,1.000000
1406,25,655.38,591.09,350.65,74.45,1,1,1.000000
1406,26,658.74,402.83,339.00,91.04,1,1,1.000000
1406,27,710.71,504.41,454.13,103.10,1,1,1.000000
1406,31,189.06,43.52,136.66,80.93,1,1,1.000000
1406,49,0.78,234.74,131.72,80.86,1,1,1.000000
1406,53,0.41,29.11,71.92,59.04,1,1,1.000000
1406,57,1060.56,22.76,218.03,108.71,1,1,1.000000
1406,66,1099.96,503.96,179.22,110.45,1,1,1.000000
1406,58,152.20,573.44,67.35,114.04,1,1,1.000000
1406,70,1142.95,79.75,136.22,73.69,1,1,1.000000
1406,47,55.03,346.64,103.46,88.30,1,1,1.000000
1406,62,82.80,14.36,55.83,47.25,1,1,1.000000
1407,16,214.83,290.43,73.36,65.77,1,1,1.000000
1407,17,384.42,403.51,144.19,60.19,1,1,1.000000
1407,19,323.47,105.32,151.34,82.63,1,1,1.000000
1407,21,379.24,491.67,166.86,71.68,1,1,1.000000
1407,22,614.16,471.54,172.56,54.05,1,1,1.000000
1407,23,364.31,254.23,90.45,49.74,1,1,1.000000
1407,25,641.48,588.59,359.35,76.59,1,1,1.000000
1407,26,576.18,387.92,402.54,108.27,1,1,1.000000
1407,27,688.54,502.63,445.30,102.54,1,1,1.000000
1407,31,193.69,36.92,109.42,87.88,1,1,1.000000
1407,49,0.77,229.00,140.35,87.28,1,1,1.000000
1407,53,0.31,25.37,66.39,52.60,1,1,1.000000
1407,57,1040.05,29.05,240.08,125.00,1,1,1.000000
1407,66,1071.10,501.09,208.64,121.68,1,1,1.000000
1407,71,1204.65,219.96,74.48,61.64,1,1,1.000000
1407,47,51.32,344.53,108.09,91.34,1,1,1.000000
1407,54,5.13,510.55,228.40,83.92,1,1,1.000000
1407,39,19.47,568.44,193.81,149.50,1,1,1.000000
1408,16,207.37,273.20,70.32,76.49,1,1,1.000000
1408,17,376.16,397.60,134.80,59.70,1,1,1.000000
1408,19,314.49,104.79,142.09,77.81,1,1,1.000000
1408,21,354.69,483.94,173.69,71.71,1,1,1.000000
1408,22,599.82,464.74,164.59,53.88,1,1,1.000000
1408,25,610.97,591.26,357.01,70.78,1,1,1.000000
1408,26,574.99,389.72,363.02,103.94,1,1,1.000000
1408,27,652.28,503.26,424.55,99.42,1,1,1.000000
1408,49,0.94,225.16,145.68,82.62,1,1,1.000000
1408,57,1008.19,33.92,271.69,137.11,1,1,1.000000
1408,66,1047.59,494.31,234.20,100.09,1,1,1.000000
1408,71,1156.62,216.92,123.18,71.86,1,1,1.000000
1408,47,75.03,330.08,83.46,89.16,1,1,1.000000
1408,54,2.77,496.94,140.71,66.20,1,1,1.000000
1408,39,3.94,570.12,131.25,148.24,1,1,1.000000
1408,52,184.49,43.66,99.83,73.72,1,1,1.000000
1409,16,207.37,273.20,70.32,76.49,1,1,1.000000
1409,17,376.16,397.60,134.80,59.70,1,1,1.000000
1409,19,314.49,104.79,142.09,77.81,1,1,1.000000
1409,21,354.69,483.94,173.69,71.71,1,1,1.000000
1409,22,599.82,464.74,164.59,53.88,1,1,1.000000
1409,25,610.97,591.26,357.01,70.78,1,1,1.000000
1409,26,574.99,389.72,363.02,103.94,1,1,1.000000
1409,27,652.28,503.26,424.55,99.42,1,1,1.000000
1409,49,0.94,225.16,145.68,82.62,1,1,1.000000
1409,57,1008.19,33.92,271.69,137.11,1,1,1.000000
1409,66,1047.59,494.31,234.20,100.09,1,1,1.000000
1409,71,1156.62,216.92,123.18,71.86,1,1,1.000000
1409,47,75.03,330.08,83.46,89.16,1,1,1.000000
1409,54,2.77,496.94,140.71,66.20,1,1,1.000000
1409,39,3.94,570.12,131.25,148.24,1,1,1.000000
1409,75,656.55,496.40,619.65,106.30,1,1,1.000000
1409,76,0.26,360.15,84.57,77.05,1,1,1.000000
1409,52,184.49,43.66,99.83,73.72,1,1,1.000000
1410,17,367.09,386.10,125.23,68.23,1,1,1.000000
1410,19,305.02,103.35,137.14,75.10,1,1,1.000000
1410,21,353.35,478.31,160.80,67.71,1,1,1.000000
1410,22,591.93,460.23,162.35,50.83,1,1,1.000000
1410,25,584.47,583.01,339.04,72.66,1,1,1.000000
1410,26,566.15,389.87,329.88,96.04,1,1,1.000000
1410,27,616.32,503.64,401.33,97.63,1,1,1.000000
1410,49,1.99,218.06,157.81,81.00,1,1,1.000000
1410,57,981.50,44.56,297.97,131.79,1,1,1.000000
1410,66,982.56,478.71,297.84,109.49,1,1,1.000000
1410,71,1115.63,215.02,163.18,74.19,1,1,1.000000
1410,47,74.90,326.80,81.79,92.10,1,1,1.000000
1410,54,27.83,514.73,112.12,71.36,1,1,1.000000
1410,39,2.72,563.55,125.92,153.36,1,1,1.000000
1410,76,0.46,356.86,87.34,74.40,1,1,1.000000
1410,52,177.39,42.27,92.39,74.76,1,1,1.000000
1410,58,142.99,530.19,101.18,125.74,1,1,1.000000
1410,23,345.34,249.21,108.35,49.83,1,1,1.000000
1411,17,367.09,386.10,125.23,68.23,1,1,1.000000
1411,19,305.02,103.35,137.14,75.10,1,1,1.000000
1411,21,353.35,478.31,160.80,67.71,1,1,1.000000
1411,22,591.93,460.23,162.35,50.83,1,1,1.000000
1411,25,584.47,583.01,339.04,72.66,1,1,1.000000
1411,26,566.15,389.87,329.88,96.04,1,1,1.000000
1411,27,616.32,503.64,401.33,97.63,1,1,1.000000
1411,49,1.99,218.06,157.81,81.00,1,1,1.000000
1411,57,981.50,44.56,297.97,131.79,1,1,1.000000
1411,66,982.56,478.71,297.84,109.49,1,1,1.000000
1411,71,1115.63,215.02,163.18,74.19,1,1,1.000000
1411,47,74.90,326.80,81.79,92.10,1,1,1.000000
1411,54,27.83,514.73,112.12,71.36,1,1,1.000000
1411,39,2.72,563.55,125.92,153.36,1,1,1.000000
1411,76,0.46,356.86,87.34,74.40,1,1,1.000000
1411,52,177.39,42.27,92.39,74.76,1,1,1.000000
1411,58,142.99,530.19,101.18,125.74,1,1,1.000000
1411,23,345.34,249.21,108.35,49.83,1,1,1.000000
1412,17,361.48,387.93,115.21,61.73,1,1,1.000000
1412,19,304.67,103.52,124.40,71.03,1,1,1.000000
1412,21,347.93,471.59,155.99,66.83,1,1,1.000000
1412,22,580.46,457.47,157.00,51.96,1,1,1.000000
1412,25,563.93,571.82,332.25,82.12,1,1,1.000000
1412,26,561.41,378.18,304.53,92.22,1,1,1.000000
1412,27,583.85,503.88,404.71,93.06,1,1,1.000000
1412,49,5.53,213.93,171.28,91.10,1,1,1.000000
1412,57,956.70,45.56,322.60,134.91,1,1,1.000000
1412,66,953.15,471.68,326.22,112.45,1,1,1.000000
1412,71,1078.38,197.22,201.76,90.00,1,1,1.000000
1412,47,88.15,321.76,74.38,101.94,1,1,1.000000
1412,39,1.05,474.35,153.79,241.30,1,1,1.000000
1412,52,178.59,44.38,80.66,69.08,1,1,1.000000
1412,58,152.52,549.87,55.38,104.80,1,1,1.000000
1412,23,344.43,245.11,98.35,46.22,1,1,1.000000
1412,16,205.05,266.92,67.18,72.38,1,1,1.000000
1413,17,358.15,381.78,110.33,66.09,1,1,1.000000
1413,19,300.03,103.09,124.50,71.79,1,1,1.000000
1413,21,346.07,468.90,148.56,70.46,1,1,1.000000
1413,22,579.13,451.68,155.37,54.16,1,1,1.000000
1413,25,553.50,568.40,322.76,83.34,1,1,1.000000
1413,26,556.58,377.20,295.21,84.96,1,1,1.000000
1413,27,569.45,501.42,404.72,89.85,1,1,1.000000
1413,57,943.25,46.26,336.76,131.84,1,1,1.000000
1413,66,945.13,465.46,334.72,107.08,1,1,1.000000
1413,71,1060.82,195.93,219.14,88.87,1,1,1.000000
1413,39,19.22,502.58,126.93,208.20,1,1,1.000000
1413,52,177.73,46.43,71.56,66.24,1,1,1.000000
1413,58,156.77,517.84,86.76,128.46,1,1,1.000000
1413,80,65.89,102.86,56.13,54.66,1,1,1.000000
1413,76,1.36,347.83,110.80,90.10,1,1,1.000000
1414,17,360.84,380.31,103.44,66.00,1,1,1.000000
1414,19,297.91,102.98,118.02,71.98,1,1,1.000000
1414,21,343.84,463.65,144.60,70.42,1,1,1.000000
1414,22,575.82,449.21,156.64,54.17,1,1,1.000000
1414,25,542.82,565.69,326.66,86.03,1,1,1.000000
1414,26,551.23,376.05,291.34,86.46,1,1,1.000000
1414,27,556.29,497.04,402.39,91.76,1,1,1.000000
1414,57,931.28,45.05,348.11,133.56,1,1,1.000000
1414,66,935.69,465.31,343.84,88.84,1,1,1.000000
1414,71,1043.49,187.58,236.35,96.72,1,1,1.000000
1414,39,20.80,506.42,128.82,198.81,1,1,1.000000
1414,52,175.39,47.88,71.90,64.28,1,1,1.000000
1414,58,161.67,538.13,69.25,96.81,1,1,1.000000
1414,80,68.88,103.76,60.27,56.70,1,1,1.000000
1414,51,1.39,439.45,110.92,107.94,1,1,1.000000
1414,70,1155.23,70.48,123.65,91.81,1,1,1.000000
1414,49,27.43,216.54,138.53,88.72,1,1,1.000000
1414,16,205.66,269.26,65.27,69.04,1,1,1.000000
1415,17,358.75,379.81,102.58,63.75,1,1,1.000000
1415,19,293.18,107.99,115.16,66.04,1,1,1.000000
1415,21,339.41,462.88,145.77,70.66,1,1,1.000000
1415,22,570.13,444.34,155.51,58.37,1,1,1.000000
1415,25,530.95,563.23,326.42,86.29,1,1,1.000000
1415,26,544.56,372.21,285.39,83.12,1,1,1.000000
1415,27,542.65,490.87,399.98,96.42,1,1,1.000000
1415,57,917.49,45.19,329.01,132.82,1,1,1.000000
1415,66,914.87,461.53,363.67,90.53,1,1,1.000000
1415,71,1028.54,186.84,250.49,91.06,1,1,1.000000
1415,39,22.26,500.52,224.37,212.00,1,1,1.000000
1415,52,174.87,48.88,70.53,61.66,1,1,1.000000
1415,70,1129.93,39.82,149.29,126.20,1,1,1.000000
1415,49,8.82,210.70,165.66,76.31,1,1,1.000000
1415,76,1.47,335.65,116.42,91.45,1,1,1.000000
1416,17,357.23,377.99,100.19,60.96,1,1,1.000000
1416,19,292.69,106.36,109.60,65.33,1,1,1.000000
1416,21,337.86,459.47,144.00,68.75,1,1,1.000000
1416,22,564.72,440.63,160.67,60.00,1,1,1.000000
1416,25,523.75,559.48,322.26,88.19,1,1,1.000000
1416,26,538.66,372.75,278.68,76.15,1,1,1.000000
1416,27,528.16,493.08,397.96,94.54,1,1,1.000000
1416,57,904.13,41.23,358.53,138.04,1,1,1.000000
1416,66,903.98,455.57,375.39,91.85,1,1,1.000000
1416,71,1017.40,185.38,261.75,90.85,1,1,1.000000
1416,39,28.68,523.75,123.22,190.92,1,1,1.000000
1416,52,171.99,49.78,69.77,65.52,1,1,1.000000
1416,70,1105.76,51.12,172.43,115.52,1,1,1.000000
1416,76,2.00,338.90,118.28,86.84,1,1,1.000000
1416,58,158.42,528.95,79.44,91.64,1,1,1.000000
1416,51,1.48,450.75,153.40,93.05,1,1,1.000000
1417,17,357.84,374.77,96.16,56.89,1,1,1.000000
1417,19,291.93,107.93,104.00,65.28,1,1,1.000000
1417,21,336.12,455.62,140.48,68.55,1,1,1.000000
1417,22,563.96,438.73,152.38,61.47,1,1,1.000000
1417,25,516.06,561.25,320.53,85.56,1,1,1.000000
1417,26,517.87,370.26,285.12,77.21,1,1,1.000000
1417,27,517.42,496.13,395.99,88.56,1,1,1.000000
1417,57,891.69,39.09,376.85,138.35,1,1,1.000000
1417,66,892.30,451.69,386.75,93.03,1,1,1.000000
1417,71,997.51,181.84,282.51,88.80,1,1,1.000000
1417,39,34.35,523.45,130.41,189.51,1,1,1.000000
1417,52,169.71,49.46,68.58,67.92,1,1,1.000000
1417,70,1077.07,33.65,202.30,134.62,1,1,1.000000
1417,76,1.62,312.70,173.67,131.59,1,1,1.000000
1417,51,0.55,453.02,79.84,95.70,1,1,1.000000
1418,17,360.00,373.32,93.17,57.54,1,1,1.000000
1418,19,292.36,109.59,98.64,64.02,1,1,1.000000
1418,21,334.80,455.53,137.33,66.67,1,1,1.000000
1418,22,563.26,436.62,146.00,62.84,1,1,1.000000
1418,25,506.47,561.52,318.77,84.00,1,1,1.000000
1418,26,512.83,368.48,278.17,76.39,1,1,1.000000
1418,27,510.30,496.07,383.24,78.17,1,1,1.000000
1418,57,862.84,40.34,392.54,136.63,1,1,1.000000
1418,66,882.03,448.99,391.41,87.68,1,1,1.000000
1418,71,987.58,179.53,292.15,88.89,1,1,1.000000
1418,39,87.92,556.49,131.94,120.13,1,1,1.000000
1418,52,162.00,59.63,71.38,57.00,1,1,1.000000
1418,70,1057.81,33.54,220.86,135.93,1,1,1.000000
1419,17,356.64,370.01,98.47,60.42,1,1,1.000000
1419,19,287.07,111.45,97.16,60.39,1,1,1.000000
1419,21,333.35,454.69,134.56,66.93,1,1,1.000000
1419,22,558.42,431.61,147.12,65.88,1,1,1.000000
1419,25,498.40,558.46,316.42,85.27,1,1,1.000000
1419,26,511.28,367.02,265.77,75.39,1,1,1.000000
1419,27,498.00,493.45,380.76,84.24,1,1,1.000000
1419,57,839.24,43.92,325.03,135.27,1,1,1.000000
1419,66,873.47,447.42,381.88,81.50,1,1,1.000000
1419,71,969.82,176.74,310.03,90.71,1,1,1.000000
1419,39,97.55,562.05,93.65,106.27,1,1,1.000000
1419,52,166.15,60.24,65.60,59.89,1,1,1.000000
1419,70,1035.02,30.53,244.71,138.11,1,1,1.000000
1419,16,205.61,266.90,65.61,69.38,1,1,1.000000
1419,49,61.84,236.90,128.81,55.23,1,1,1.000000
1419,58,175.04,515.75,91.22,113.32,1,1,1.000000
1419,76,1.17,310.64,173.93,125.91,1,1,1.000000
1420,17,359.03,366.76,97.56,63.23,1,1,1.000000
1420,19,286.36,111.46,92.10,60.11,1,1,1.000000
1420,21,330.75,454.10,133.83,64.90,1,1,1.000000
1420,22,552.37,436.36,147.77,57.56,1,1,1.000000
1420,25,495.73,561.65,306.25,79.90,1,1,1.000000
1420,26,507.92,366.42,252.32,73.47,1,1,1.000000
1420,27,491.58,492.22,367.10,79.12,1,1,1.000000
1420,57,825.21,41.91,319.52,139.26,1,1,1.000000
1420,66,863.60,440.97,369.51,83.44,1,1,1.000000
1420,71,957.44,176.18,321.97,86.42,1,1,1.000000
1420,39,103.10,538.07,84.38,120.39,1,1,1.000000
1420,52,154.01,62.25,79.94,63.37,1,1,1.000000
1420,70,1008.03,28.32,271.10,144.00,1,1,1.000000
1420,84,351.35,160.75,95.91,55.72,1,1,1.000000
1420,16,206.37,257.01,90.83,80.48,1,1,1.000000
1420,49,62.56,224.46,134.55,64.74,1,1,1.000000
1420,51,16.94,467.57,143.21,95.46,1,1,1.000000
1421,17,358.82,367.67,96.32,57.54,1,1,1.000000
1421,19,286.04,114.09,79.55,58.90,1,1,1.000000
1421,21,330.00,452.81,124.12,61.25,1,1,1.000000
1421,22,549.07,430.51,126.85,47.37,1,1,1.000000
1421,25,472.66,563.38,311.58,80.12,1,1,1.000000
1421,26,491.34,357.28,243.80,83.14,1,1,1.000000
1421,27,463.37,486.32,368.41,85.80,1,1,1.000000
1421,57,786.55,38.82,365.39,141.85,1,1,1.000000
1421,66,836.93,430.24,360.57,88.17,1,1,1.000000
1421,71,924.23,175.99,354.88,82.61,1,1,1.000000
1421,39,109.56,522.19,102.32,122.86,1,1,1.000000
1421,52,167.48,67.18,65.32,60.15,1,1,1.000000
1421,70,967.73,36.38,312.04,132.65,1,1,1.000000
1421,84,348.54,162.12,96.89,47.03,1,1,1.000000
1421,49,96.69,210.98,103.81,78.64,1,1,1.000000
1421,51,43.08,468.19,133.45,84.10,1,1,1.000000
1421,23,330.54,245.00,84.13,38.84,1,1,1.000000
1422,17,358.82,367.67,96.32,57.54,1,1,1.000000
1422,19,286.04,114.09,79.55,58.90,1,1,1.000000
1422,21,330.00,452.81,124.12,61.25,1,1,1.000000
1422,22,549.07,430.51,126.85,47.37,1,1,1.000000
1422,25,472.66,563.38,311.58,80.12,1,1,1.000000
1422,26,491.34,357.28,243.80,83.14,1,1,1.000000
1422,27,463.37,486.32,368.41,85.80,1,1,1.000000
1422,57,786.55,38.82,365.39,141.85,1,1,1.000000
1422,66,836.93,430.24,360.57,88.17,1,1,1.000000
1422,71,924.23,175.99,354.88,82.61,1,1,1.000000
1422,39,109.56,522.19,102.32,122.86,1,1,1.000000
1422,52,167.48,67.18,65.32,60.15,1,1,1.000000
1422,70,967.73,36.38,312.04,132.65,1,1,1.000000
1422,84,348.54,162.12,96.89,47.03,1,1,1.000000
1422,49,96.69,210.98,103.81,78.64,1,1,1.000000
1422,51,43.08,468.19,133.45,84.10,1,1,1.000000
1422,85,969.63,37.23,306.88,131.50,1,1,1.000000
1422,23,330.54,245.00,84.13,38.84,1,1,1.000000
1423,17,325.07,351.97,128.50,72.99,1,1,1.000000
1423,19,284.49,118.82,68.96,58.17,1,1,1.000000
1423,21,328.43,450.08,118.50,62.46,1,1,1.000000
1423,22,548.33,421.94,133.23,58.01,1,1,1.000000
1423,25,461.47,565.81,304.34,72.37,1,1,1.000000
1423,26,476.64,356.10,241.61,87.38,1,1,1.000000
1423,27,451.48,488.81,351.40,80.99,1,1,1.000000
1423,57,754.79,27.62,522.32,151.17,1,1,1.000000
1423,66,829.14,420.31,349.10,91.33,1,1,1.000000
1423,71,910.53,169.20,361.21,85.14,1,1,1.000000
1423,39,113.57,517.77,158.73,133.72,1,1,1.000000
1423,52,171.21,73.11,61.62,60.35,1,1,1.000000
1423,84,345.20,163.28,98.63,44.85,1,1,1.000000
1423,49,56.03,212.83,143.09,93.27,1,1,1.000000
1423,51,53.01,472.15,135.64,87.63,1,1,1.000000
1423,85,909.46,29.09,368.11,142.60,1,1,1.000000
1423,23,327.98,241.90,81.38,44.28,1,1,1.000000
1423,76,31.94,339.62,143.57,79.75,1,1,1.000000
1424,17,325.07,351.97,128.50,72.99,1,1,1.000000
1424,19,284.49,118.82,68.96,58.17,1,1,1.000000
1424,21,328.43,450.08,118.50,62.46,1,1,1.000000
1424,22,548.33,421.94,133.23,58.01,1,1,1.000000
1424,25,461.47,565.81,304.34,72.37,1,1,1.000000
1424,26,476.64,356.10,241.61,87.38,1,1,1.000000
1424,27,451.48,488.81,351.40,80.99,1,1,1.000000
1424,57,754.79,27.62,522.32,151.17,1,1,1.000000
1424,66,829.14,420.31,349.10,91.33,1,1,1.000000
1424,71,910.53,169.20,361.21,85.14,1,1,1.000000
1424,39,113.57,517.77,158.73,133.72,1,1,1.000000
1424,52,171.21,73.11,61.62,60.35,1,1,1.000000
1424,84,345.20,163.28,98.63,44.85,1,1,1.000000
1424,49,56.03,212.83,143.09,93.27,1,1,1.000000
1424,51,53.01,472.15,135.64,87.63,1,1,1.000000
1424,85,909.46,29.09,368.11,142.60,1,1,1.000000
1424,23,327.98,241.90,81.38,44.28,1,1,1.000000
1424,86,1168.35,665.93,111.09,53.53,1,1,1.000000
1424,87,1226.19,169.32,52.94,51.28,1,1,1.000000
1424,88,204.23,392.44,74.33,79.29,1,1,1.000000
1424,76,31.94,339.62,143.57,79.75,1,1,1.000000
1425,17,336.21,360.35,111.53,64.14,1,1,1.000000
1425,19,284.00,124.38,60.93,51.01,1,1,1.000000
1425,21,325.48,447.24,114.24,62.25,1,1,1.000000
1425,22,545.58,420.22,123.99,45.11,1,1,1.000000
1425,25,450.37,566.44,297.81,70.41,1,1,1.000000
1425,26,466.55,354.63,220.96,85.52,1,1,1.000000
1425,27,430.43,493.40,349.78,75.12,1,1,1.000000
1425,57,723.86,26.22,554.40,155.01,1,1,1.000000
1425,66,809.41,414.10,339.98,94.80,1,1,1.000000
1425,71,883.76,161.29,360.31,92.41,1,1,1.000000
1425,39,121.84,526.55,144.44,119.19,1,1,1.000000
1425,51,69.07,488.64,128.24,70.87,1,1,1.000000
1425,23,322.49,248.50,79.04,36.97,1,1,1.000000
1425,86,1128.44,650.53,150.71,68.54,1,1,1.000000
1425,87,1179.62,155.46,99.44,70.69,1,1,1.000000
1425,88,166.74,417.17,113.46,58.83,1,1,1.000000
1426,17,336.21,360.35,111.53,64.14,1,1,1.000000
1426,19,284.00,124.38,60.93,51.01,1,1,1.000000
1426,21,325.48,447.24,114.24,62.25,1,1,1.000000
1426,22,545.58,420.22,123.99,45.11,1,1,1.000000
1426,25,450.37,566.44,297.81,70.41,1,1,1.000000
1426,26,466.55,354.63,220.96,85.52,1,1,1.000000
1426,27,430.43,493.40,349.78,75.12,1,1,1.000000
1426,57,723.86,26.22,554.40,155.01,1,1,1.000000
1426,66,809.41,414.10,339.98,94.80,1,1,1.000000
1426,71,883.76,161.29,360.31,92.41,1,1,1.000000
1426,39,121.84,526.55,144.44,119.19,1,1,1.000000
1426,51,69.07,488.64,128.24,70.87,1,1,1.000000
1426,23,322.49,248.50,79.04,36.97,1,1,1.000000
1426,86,1128.44,650.53,150.71,68.54,1,1,1.000000
1426,87,1179.62,155.46,99.44,70.69,1,1,1.000000
1426,88,166.74,417.17,113.46,58.83,1,1,1.000000
1426,89,121.52,569.69,89.76,73.09,1,1,1.000000
1427,17,361.97,369.06,79.24,55.03,1,1,1.000000
1427,21,324.98,445.87,109.93,64.74,1,1,1.000000
1427,22,542.89,411.93,125.78,51.83,1,1,1.000000
1427,25,443.82,563.33,285.24,75.20,1,1,1.000000
1427,26,455.29,350.77,209.37,88.83,1,1,1.000000
1427,27,415.26,492.26,336.45,75.77,1,1,1.000000
1427,57,713.52,26.41,554.91,157.40,1,1,1.000000
1427,66,797.20,409.98,321.02,94.77,1,1,1.000000
1427,71,846.73,165.23,336.88,91.60,1,1,1.000000
1427,39,125.19,523.57,182.52,118.57,1,1,1.000000
1427,51,91.97,490.76,120.64,72.22,1,1,1.000000
1427,23,312.56,249.29,88.53,38.55,1,1,1.000000
1427,86,1092.38,636.94,186.81,81.49,1,1,1.000000
1427,87,1148.47,139.65,130.64,87.54,1,1,1.000000
1427,52,173.35,90.02,56.75,52.80,1,1,1.000000
1427,76,10.66,345.46,180.83,83.40,1,1,1.000000
1428,17,359.91,370.70,78.74,52.82,1,1,1.000000
1428,21,325.07,446.18,106.57,62.80,1,1,1.000000
1428,25,439.23,561.65,280.42,76.43,1,1,1.000000
1428,26,450.44,348.15,207.60,118.83,1,1,1.000000
1428,27,407.66,491.90,330.66,76.23,1,1,1.000000
1428,57,789.04,16.43,488.89,166.30,1,1,1.000000
1428,66,787.37,407.19,318.55,96.24,1,1,1.000000
1428,71,838.43,163.30,357.54,93.02,1,1,1.000000
1428,86,1071.61,628.50,207.70,86.99,1,1,1.000000
1428,87,1132.46,137.80,146.52,88.79,1,1,1.000000
1428,52,172.54,96.89,59.33,52.72,1,1,1.000000
1428,84,341.70,169.72,87.42,54.58,1,1,1.000000
1428,89,128.99,540.77,109.70,99.47,1,1,1.000000
1429,17,359.91,370.70,78.74,52.82,1,1,1.000000
1429,21,325.07,446.18,106.57,62.80,1,1,1.000000
1429,25,439.23,561.65,280.42,76.43,1,1,1.000000
1429,26,450.44,348.15,207.60,118.83,1,1,1.000000
1429,27,407.66,491.90,330.66,76.23,1,1,1.000000
1429,57,789.04,16.43,488.89,166.30,1,1,1.000000
1429,66,787.37,407.19,318.55,96.24,1,1,1.000000
1429,71,838.43,163.30,357.54,93.02,1,1,1.000000
1429,86,1071.61,628.50,207.70,86.99,1,1,1.000000
1429,87,1132.46,137.80,146.52,88.79,1,1,1.000000
1429,52,172.54,96.89,59.33,52.72,1,1,1.000000
1429,96,286.59,341.08,150.26,84.29,1,1,1.000000
1429,84,341.70,169.72,87.42,54.58,1,1,1.000000
1429,89,128.99,540.77,109.70,99.47,1,1,1.000000
1430,17,356.83,364.86,73.58,55.88,1,1,1.000000
1430,21,323.05,445.72,105.24,60.17,1,1,1.000000
1430,25,432.30,554.16,271.44,89.84,1,1,1.000000
1430,26,439.62,348.18,199.79,69.18,1,1,1.000000
1430,27,393.38,493.71,321.14,73.89,1,1,1.000000
1430,57,655.24,18.22,589.38,171.71,1,1,1.000000
1430,66,775.15,402.75,303.83,83.15,1,1,1.000000
1430,71,823.77,160.24,336.43,90.75,1,1,1.000000
1430,86,1030.17,614.04,249.53,91.09,1,1,1.000000
1430,87,1094.19,126.33,185.42,103.78,1,1,1.000000
1430,52,171.73,100.49,71.17,56.64,1,1,1.000000
1430,84,339.53,173.21,92.73,51.25,1,1,1.000000
1430,58,236.11,515.84,76.79,85.85,1,1,1.000000
1430,22,546.54,408.67,114.51,53.77,1,1,1.000000
1430,39,138.25,520.30,169.75,128.59,1,1,1.000000
1430,76,63.68,345.14,148.26,87.34,1,1,1.000000
1431,17,362.53,368.81,67.27,53.20,1,1,1.000000
1431,21,322.52,445.68,102.92,57.79,1,1,1.000000
1431,25,428.28,560.59,264.46,82.17,1,1,1.000000
1431,26,435.34,346.08,191.88,74.84,1,1,1.000000
1431,27,386.26,494.06,312.37,73.69,1,1,1.000000
1431,57,648.29,21.65,568.98,170.53,1,1,1.000000
1431,66,769.72,400.89,297.97,78.99,1,1,1.000000
1431,71,813.44,157.33,330.64,106.14,1,1,1.000000
1431,86,1015.54,608.34,264.30,92.17,1,1,1.000000
1431,87,1076.35,114.34,202.94,114.86,1,1,1.000000
1431,58,240.24,518.50,76.74,83.90,1,1,1.000000
1431,22,539.04,409.12,118.11,51.25,1,1,1.000000
1431,39,141.60,519.55,176.77,124.67,1,1,1.000000
1431,76,68.55,342.16,143.60,91.90,1,1,1.000000
1431,89,146.51,561.44,97.09,84.29,1,1,1.000000
1432,17,341.50,357.97,84.08,61.56,1,1,1.000000
1432,21,322.21,444.93,102.07,57.12,1,1,1.000000
1432,25,425.72,562.98,256.21,85.33,1,1,1.000000
1432,26,432.41,349.56,191.39,70.15,1,1,1.000000
1432,27,381.66,495.95,308.24,73.35,1,1,1.000000
1432,57,751.38,27.94,450.79,167.33,1,1,1.000000
1432,66,764.46,397.99,290.30,72.80,1,1,1.000000
1432,71,806.72,154.97,331.48,98.37,1,1,1.000000
1432,86,998.81,600.71,281.55,84.44,1,1,1.000000
1432,87,1058.92,107.56,220.07,123.12,1,1,1.000000
1432,22,542.05,413.24,114.47,47.93,1,1,1.000000
1432,39,155.46,491.17,167.91,156.39,1,1,1.000000
1432,76,84.96,332.41,123.08,99.00,1,1,1.000000
1432,89,156.94,555.57,102.37,90.47,1,1,1.000000
1432,51,114.18,491.16,127.95,78.28,1,1,1.000000
1432,84,333.08,177.48,85.42,53.77,1,1,1.000000
1433,17,337.40,335.09,81.31,81.87,1,1,1.000000
1433,21,322.43,444.86,100.42,57.20,1,1,1.000000
1433,25,421.01,564.13,252.23,69.75,1,1,1.000000
1433,26,420.87,341.93,198.77,79.30,1,1,1.000000
1433,27,375.31,495.50,303.62,76.18,1,1,1.000000
1433,57,722.97,26.55,452.52,173.60,1,1,1.000000
1433,66,757.67,396.06,290.37,73.42,1,1,1.000000
1433,71,796.68,160.69,314.66,91.71,1,1,1.000000
1433,86,981.52,592.86,298.67,99.68,1,1,1.000000
1433,87,1047.43,107.71,232.05,122.48,1,1,1.000000
1433,22,544.85,420.35,110.12,41.03,1,1,1.000000
1433,39,163.68,482.85,150.64,165.62,1,1,1.000000
1433,76,101.40,346.28,117.78,83.36,1,1,1.000000
1433,89,164.36,555.88,81.18,91.41,1,1,1.000000
1434,21,318.90,444.57,101.45,55.22,1,1,1.000000
1434,25,422.54,568.80,242.76,73.44,1,1,1.000000
1434,26,419.68,347.81,196.65,71.55,1,1,1.000000
1434,27,370.93,495.57,297.95,77.62,1,1,1.000000
1434,57,715.15,29.12,423.16,174.39,1,1,1.000000
1434,66,750.45,394.90,289.40,70.73,1,1,1.000000
1434,71,787.98,153.63,329.61,100.92,1,1,1.000000
1434,86,965.69,590.02,314.18,95.75,1,1,1.000000
1434,87,1035.98,112.73,244.04,119.49,1,1,1.000000
1434,39,170.71,493.85,140.83,153.86,1,1,1.000000
1434,76,106.36,349.00,107.07,82.39,1,1,1.000000
1434,51,153.91,485.87,87.43,85.27,1,1,1.000000
1435,21,318.20,446.93,98.09,53.71,1,1,1.000000
1435,25,415.81,566.67,234.31,69.40,1,1,1.000000
1435,26,406.13,353.95,196.36,65.36,1,1,1.000000
1435,27,359.28,497.12,281.55,75.88,1,1,1.000000
1435,57,690.57,19.85,409.56,190.57,1,1,1.000000
1435,66,734.56,392.00,271.13,70.03,1,1,1.000000
1435,71,771.65,157.11,317.03,109.52,1,1,1.000000
1435,86,936.02,582.13,343.60,92.73,1,1,1.000000
1435,87,1002.69,116.67,277.65,118.06,1,1,1.000000
1435,39,189.35,490.45,144.90,152.87,1,1,1.000000
1435,76,114.89,357.27,111.54,74.02,1,1,1.000000
1435,106,591.90,99.04,202.44,96.51,1,1,1.000000
1435,85,740.05,36.15,222.22,83.78,1,1,1.000000
1435,22,542.21,406.83,103.68,52.45,1,1,1.000000
1436,21,317.97,447.34,100.01,53.26,1,1,1.000000
1436,25,412.63,565.52,221.59,73.93,1,1,1.000000
1436,26,405.70,353.14,190.15,65.16,1,1,1.000000
1436,27,353.54,498.58,278.50,75.12,1,1,1.000000
1436,57,674.93,20.76,392.22,193.59,1,1,1.000000
1436,66,726.19,391.53,271.78,70.31,1,1,1.000000
1436,71,764.39,160.27,304.90,93.84,1,1,1.000000
1436,86,922.76,574.81,356.22,91.52,1,1,1.000000
1436,87,987.85,118.03,289.89,117.38,1,1,1.000000
1436,39,191.79,491.51,133.50,151.81,1,1,1.000000
1436,76,116.19,368.14,111.81,60.68,1,1,1.000000
1436,106,577.57,103.31,208.94,96.67,1,1,1.000000
1436,85,730.23,34.25,219.73,86.93,1,1,1.000000
1436,22,542.48,407.68,95.16,50.19,1,1,1.000000
1437,21,317.10,447.10,99.38,54.42,1,1,1.000000
1437,25,411.94,566.76,211.47,69.11,1,1,1.000000
1437,26,390.14,356.31,195.28,64.72,1,1,1.000000
1437,27,348.70,498.76,274.69,78.13,1,1,1.000000
1437,57,664.61,27.19,384.61,190.60,1,1,1.000000
1437,66,720.90,390.12,265.13,72.66,1,1,1.000000
1437,71,756.92,161.51,299.17,95.16,1,1,1.000000
1437,86,911.81,570.74,367.28,91.10,1,1,1.000000
1437,87,975.90,116.17,303.23,120.59,1,1,1.000000
1437,39,197.53,482.11,139.58,162.77,1,1,1.000000
1437,106,564.82,106.50,197.14,94.61,1,1,1.000000
1437,85,716.24,36.95,224.18,93.34,1,1,1.000000
1437,22,543.10,403.10,87.85,55.74,1,1,1.000000
1438,21,317.10,447.10,99.38,54.42,1,1,1.000000
1438,25,411.94,566.76,211.47,69.11,1,1,1.000000
1438,26,390.14,356.31,195.28,64.72,1,1,1.000000
1438,27,348.70,498.76,274.69,78.13,1,1,1.000000
1438,57,664.61,27.19,384.61,190.60,1,1,1.000000
1438,66,720.90,390.12,265.13,72.66,1,1,1.000000
1438,71,756.92,161.51,299.17,95.16,1,1,1.000000
1438,86,911.81,570.74,367.28,91.10,1,1,1.000000
1438,87,975.90,116.17,303.23,120.59,1,1,1.000000
1438,39,197.53,482.11,139.58,162.77,1,1,1.000000
1438,106,564.82,106.50,197.14,94.61,1,1,1.000000
1438,85,716.24,36.95,224.18,93.34,1,1,1.000000
1438,22,543.10,403.10,87.85,55.74,1,1,1.000000
1438,114,1.37,317.48,138.35,77.00,1,1,1.000000
1439,21,317.48,449.21,94.18,51.47,1,1,1.000000
1439,25,411.66,574.92,197.83,63.35,1,1,1.000000
1439,26,374.20,357.20,194.39,67.82,1,1,1.000000
1439,27,337.11,498.95,267.06,80.14,1,1,1.000000
1439,57,636.01,35.77,373.77,188.69,1,1,1.000000
1439,66,708.15,386.49,260.86,78.18,1,1,1.000000
1439,71,740.13,166.68,292.60,92.46,1,1,1.000000
1439,86,885.59,561.24,394.11,96.81,1,1,1.000000
1439,87,947.53,112.05,332.59,128.43,1,1,1.000000
1439,39,224.40,485.91,132.93,156.08,1,1,1.000000
1439,106,546.81,113.67,194.02,89.53,1,1,1.000000
1439,85,715.08,46.46,206.22,84.36,1,1,1.000000
1439,22,544.68,398.53,81.16,55.93,1,1,1.000000
1439,114,1.86,319.73,141.75,81.34,1,1,1.000000
1439,76,149.36,307.44,105.57,121.06,1,1,1.000000
1440,21,318.29,450.43,94.82,51.00,1,1,1.000000
1440,25,408.06,573.50,192.30,67.95,1,1,1.000000
1440,26,386.36,357.02,185.79,66.41,1,1,1.000000
1440,27,330.11,498.50,260.14,82.16,1,1,1.000000
1440,57,623.49,42.57,366.09,188.19,1,1,1.000000
1440,66,702.82,385.57,250.73,79.22,1,1,1.000000
1440,71,732.42,170.05,288.80,92.68,1,1,1.000000
1440,86,872.75,555.64,406.70,103.02,1,1,1.000000
1440,87,934.53,114.30,344.83,129.94,1,1,1.000000
1440,106,540.95,115.90,194.88,87.23,1,1,1.000000
1440,85,708.53,47.40,206.58,83.14,1,1,1.000000
1440,22,386.94,358.24,239.58,97.03,1,1,1.000000
1440,114,2.90,321.58,149.45,78.78,1,1,1.000000
1441,21,320.00,450.41,90.78,51.70,1,1,1.000000
1441,25,404.98,573.54,188.26,73.17,1,1,1.000000
1441,26,383.66,358.47,171.28,64.08,1,1,1.000000
1441,27,325.36,501.00,253.26,85.59,1,1,1.000000
1441,57,614.28,43.64,356.02,188.58,1,1,1.000000
1441,66,693.24,386.81,254.45,74.95,1,1,1.000000
1441,71,727.09,172.57,277.95,89.65,1,1,1.000000
1441,86,862.74,552.59,394.64,100.96,1,1,1.000000
1441,87,930.41,116.54,349.44,126.42,1,1,1.000000
1441,106,534.75,117.68,195.27,84.88,1,1,1.000000
1441,85,708.77,50.38,193.23,80.64,1,1,1.000000
1441,114,20.31,331.73,140.06,76.12,1,1,1.000000
1441,117,1.06,591.27,62.31,89.39,1,1,1.000000
1441,89,166.44,533.08,122.91,105.16,1,1,1.000000
1441,76,158.27,347.09,91.73,75.24,1,1,1.000000
1442,21,301.66,452.61,104.62,50.14,1,1,1.000000
1442,25,414.41,569.04,162.87,74.53,1,1,1.000000
1442,26,379.56,358.30,157.09,65.69,1,1,1.000000
1442,27,318.57,502.78,235.96,78.40,1,1,1.000000
1442,57,590.27,64.56,347.21,175.21,1,1,1.000000
1442,66,689.53,386.43,232.53,64.73,1,1,1.000000
1442,71,712.25,191.06,229.58,73.72,1,1,1.000000
1442,86,836.07,544.64,382.32,108.22,1,1,1.000000
1442,87,901.41,106.26,378.16,145.05,1,1,1.000000
1442,106,521.44,122.57,198.39,88.35,1,1,1.000000
1442,85,691.39,58.22,187.12,82.14,1,1,1.000000
1442,117,2.21,586.94,88.70,96.58,1,1,1.000000
1442,89,158.17,524.16,142.93,192.85,1,1,1.000000
1443,21,301.66,452.61,104.62,50.14,1,1,1.000000
1443,25,414.41,569.04,162.87,74.53,1,1,1.000000
1443,26,379.56,358.30,157.09,65.69,1,1,1.000000
1443,27,318.57,502.78,235.96,78.40,1,1,1.000000
1443,57,590.27,64.56,347.21,175.21,1,1,1.000000
1443,66,689.53,386.43,232.53,64.73,1,1,1.000000
1443,71,712.25,191.06,229.58,73.72,1,1,1.000000
1443,86,836.07,544.64,382.32,108.22,1,1,1.000000
1443,87,901.41,106.26,378.16,145.05,1,1,1.000000
1443,106,521.44,122.57,198.39,88.35,1,1,1.000000
1443,85,691.39,58.22,187.12,82.14,1,1,1.000000
1443,117,2.21,586.94,88.70,96.58,1,1,1.000000
1443,89,158.17,524.16,142.93,192.85,1,1,1.000000
1443,122,0.36,36.27,60.60,48.15,1,1,1.000000
1443,123,257.79,8.46,51.16,71.96,1,1,1.000000
1443,124,67.13,368.98,189.78,99.96,1,1,1.000000
1444,21,301.29,453.56,105.76,50.01,1,1,1.000000
1444,25,415.65,565.24,152.77,71.94,1,1,1.000000
1444,26,382.50,358.12,153.08,63.91,1,1,1.000000
1444,27,313.96,503.21,223.71,77.25,1,1,1.000000
1444,57,580.04,65.19,343.84,174.21,1,1,1.000000
1444,66,688.73,384.46,232.60,66.23,1,1,1.000000
1444,71,706.06,191.90,235.49,73.26,1,1,1.000000
1444,86,820.39,539.63,383.04,116.74,1,1,1.000000
1444,87,887.68,97.65,391.05,158.01,1,1,1.000000
1444,106,515.74,125.03,191.35,88.40,1,1,1.000000
1444,85,692.95,61.47,180.75,76.74,1,1,1.000000
1444,117,2.03,539.65,146.58,140.84,1,1,1.000000
1444,122,0.02,38.10,66.03,51.74,1,1,1.000000
1444,123,255.88,11.44,56.35,72.48,1,1,1.000000
1444,114,38.37,337.23,139.74,62.76,1,1,1.000000
1445,25,426.79,564.84,130.53,68.54,1,1,1.000000
1445,26,380.03,360.44,152.14,62.62,1,1,1.000000
1445,27,309.83,505.07,220.34,75.76,1,1,1.000000
1445,57,570.63,67.36,338.35,174.48,1,1,1.000000
1445,66,684.37,384.82,232.48,63.01,1,1,1.000000
1445,71,699.21,194.26,226.80,71.55,1,1,1.000000
1445,86,809.90,532.03,369.52,125.77,1,1,1.000000
1445,87,874.41,87.21,404.79,169.11,1,1,1.000000
1445,106,509.04,129.96,179.46,81.88,1,1,1.000000
1445,85,688.97,61.41,172.56,76.13,1,1,1.000000
1445,117,0.50,588.41,80.65,91.26,1,1,1.000000
1445,122,0.04,41.84,72.73,50.93,1,1,1.000000
1445,123,257.73,18.67,57.40,68.63,1,1,1.000000
1445,76,189.25,347.83,78.04,81.51,1,1,1.000000
1446,25,416.57,565.77,131.98,68.43,1,1,1.000000
1446,26,378.75,360.85,148.94,62.50,1,1,1.000000
1446,27,307.96,505.00,209.35,74.04,1,1,1.000000
1446,57,557.75,61.45,334.87,181.64,1,1,1.000000
1446,66,679.22,386.11,226.26,62.10,1,1,1.000000
1446,71,692.37,198.29,218.42,68.79,1,1,1.000000
1446,86,799.61,530.90,363.82,124.63,1,1,1.000000
1446,87,864.92,91.74,411.07,170.56,1,1,1.000000
1446,106,504.45,128.72,186.74,84.64,1,1,1.000000
1446,85,674.64,62.50,160.70,84.87,1,1,1.000000
1446,117,3.96,586.81,94.51,126.91,1,1,1.000000
1446,122,0.06,41.83,75.96,54.52,1,1,1.000000
1446,123,267.39,14.65,50.18,76.47,1,1,1.000000
1446,76,191.04,354.45,81.45,77.73,1,1,1.000000
1446,51,189.85,512.55,98.27,61.33,1,1,1.000000
1446,39,309.02,506.61,242.74,126.73,1,1,1.000000
1446,21,313.84,453.03,101.46,54.98,1,1,1.000000
1447,25,419.89,563.91,119.38,71.98,1,1,1.000000
1447,26,359.40,361.04,152.10,58.05,1,1,1.000000
1447,27,289.13,506.64,211.91,75.15,1,1,1.000000
1447,57,537.77,65.06,321.35,182.72,1,1,1.000000
1447,66,670.93,384.23,217.53,59.84,1,1,1.000000
1447,71,680.69,198.03,204.64,70.44,1,1,1.000000
1447,86,780.40,520.97,338.11,118.36,1,1,1.000000
1447,87,854.52,100.04,405.74,157.06,1,1,1.000000
1447,106,492.41,133.44,173.31,83.08,1,1,1.000000
1447,85,666.73,67.40,173.91,87.84,1,1,1.000000
1447,117,4.47,584.32,97.14,123.58,1,1,1.000000
1447,122,0.41,41.95,82.70,59.73,1,1,1.000000
1447,123,264.04,32.27,56.94,59.72,1,1,1.000000
1447,21,300.18,448.65,104.65,57.11,1,1,1.000000
1448,25,419.89,563.91,119.38,71.98,1,1,1.000000
1448,26,359.40,361.04,152.10,58.05,1,1,1.000000
1448,27,289.13,506.64,211.91,75.15,1,1,1.000000
1448,57,537.77,65.06,321.35,182.72,1,1,1.000000
1448,66,670.93,384.23,217.53,59.84,1,1,1.000000
1448,71,680.69,198.03,204.64,70.44,1,1,1.000000
1448,86,780.40,520.97,338.11,118.36,1,1,1.000000
1448,87,854.52,100.04,405.74,157.06,1,1,1.000000
1448,106,492.41,133.44,173.31,83.08,1,1,1.000000
1448,85,666.73,67.40,173.91,87.84,1,1,1.000000
1448,117,4.47,584.32,97.14,123.58,1,1,1.000000
1448,122,0.41,41.95,82.70,59.73,1,1,1.000000
1448,123,264.04,32.27,56.94,59.72,1,1,1.000000
1448,21,300.18,448.65,104.65,57.11,1,1,1.000000
1448,128,1091.68,689.23,187.47,30.53,1,1,1.000000
1448,129,1211.44,209.36,68.29,53.45,1,1,1.000000
1448,130,83.36,261.76,93.42,58.64,1,1,1.000000
1448,131,212.42,315.43,110.46,53.76,1,1,1.000000
1448,132,75.46,585.69,114.83,122.63,1,1,1.000000
1448,133,166.86,666.10,81.30,53.05,1,1,1.000000
1448,134,345.77,24.58,50.91,38.81,1,1,1.000000
1448,135,91.96,7.86,76.17,73.24,1,1,1.000000
1449,25,419.15,560.81,114.08,71.86,1,1,1.000000
1449,26,371.05,360.60,145.67,55.74,1,1,1.000000
1449,27,296.98,507.35,204.03,75.32,1,1,1.000000
1449,57,536.36,68.73,303.25,181.59,1,1,1.000000
1449,66,666.79,383.64,214.44,59.26,1,1,1.000000
1449,71,674.23,198.49,219.28,71.74,1,1,1.000000
1449,86,766.98,520.06,336.49,112.13,1,1,1.000000
1449,87,842.18,104.67,402.67,152.88,1,1,1.000000
1449,106,487.42,135.08,164.67,83.60,1,1,1.000000
1449,117,25.43,583.78,84.82,92.40,1,1,1.000000
1449,122,0.73,45.14,88.07,57.44,1,1,1.000000
1449,123,267.36,33.17,58.15,57.32,1,1,1.000000
1449,21,281.76,442.83,124.36,58.17,1,1,1.000000
1449,128,1070.40,680.25,208.17,39.71,1,1,1.000000
1449,129,1192.05,205.69,87.51,60.30,1,1,1.000000
1449,130,46.22,259.39,138.48,109.52,1,1,1.000000
1449,133,171.79,655.12,105.13,63.92,1,1,1.000000
1449,134,354.44,24.90,42.66,40.46,1,1,1.000000
1449,135,99.10,15.98,68.03,65.94,1,1,1.000000
1450,25,398.05,564.29,126.10,61.59,1,1,1.000000
1450,26,367.95,361.06,145.47,53.10,1,1,1.000000
1450,27,290.50,506.50,198.83,73.40,1,1,1.000000
1450,57,517.29,78.55,296.03,174.49,1,1,1.000000
1450,66,656.65,381.67,213.50,60.01,1,1,1.000000
1450,71,661.68,195.72,223.70,75.53,1,1,1.000000
1450,86,750.14,513.65,317.54,93.40,1,1,1.000000
1450,87,832.20,112.10,373.42,149.33,1,1,1.000000
1450,106,474.27,138.83,161.67,78.93,1,1,1.000000
1450,117,32.90,581.71,77.81,88.01,1,1,1.000000
1450,122,1.18,50.56,100.59,58.59,1,1,1.000000
1450,123,268.19,36.02,57.98,57.04,1,1,1.000000
1450,21,318.63,453.04,88.69,52.06,1,1,1.000000
1450,128,1035.17,665.39,243.89,53.85,1,1,1.000000
1450,129,1159.89,195.59,119.64,74.13,1,1,1.000000
1450,133,174.90,655.88,106.82,62.18,1,1,1.000000
1450,134,351.46,23.21,42.58,44.78,1,1,1.000000
1451,25,399.03,563.69,120.16,60.70,1,1,1.000000
1451,26,369.65,358.25,136.85,53.07,1,1,1.000000
1451,27,287.83,505.37,194.81,71.29,1,1,1.000000
1451,57,509.63,74.42,295.00,179.66,1,1,1.000000
1451,66,652.83,379.00,207.49,61.59,1,1,1.000000
1451,71,652.78,190.19,238.39,80.52,1,1,1.000000
1451,86,738.75,505.85,315.26,90.76,1,1,1.000000
1451,87,818.86,112.84,369.21,147.26,1,1,1.000000
1451,106,467.32,141.43,157.37,76.66,1,1,1.000000
1451,117,44.95,578.58,73.20,88.93,1,1,1.000000
1451,122,1.38,51.90,103.89,56.42,1,1,1.000000
1451,123,270.52,27.09,61.25,69.43,1,1,1.000000
1451,128,1015.86,658.83,263.61,60.72,1,1,1.000000
1451,129,1145.52,196.59,133.83,76.69,1,1,1.000000
1452,25,412.29,560.56,94.38,55.08,1,1,1.000000
1452,26,370.86,357.34,135.96,54.15,1,1,1.000000
1452,27,284.20,501.04,193.50,76.78,1,1,1.000000
1452,57,498.74,75.94,305.70,178.59,1,1,1.000000
1452,66,646.68,378.71,202.78,60.39,1,1,1.000000
1452,71,650.88,191.96,227.68,80.15,1,1,1.000000
1452,86,730.72,505.06,307.91,86.04,1,1,1.000000
1452,87,815.44,115.55,359.10,141.36,1,1,1.000000
1452,106,463.33,142.63,150.01,76.01,1,1,1.000000
1452,117,44.92,575.50,75.37,92.48,1,1,1.000000
1452,122,2.19,52.55,112.11,57.29,1,1,1.000000
1452,123,265.31,25.61,64.25,72.00,1,1,1.000000
1452,128,1001.52,652.57,277.41,67.24,1,1,1.000000
1452,129,1132.50,188.91,147.53,89.82,1,1,1.000000
1452,85,625.81,77.96,175.86,100.16,1,1,1.000000
1452,135,102.98,26.53,77.37,59.61,1,1,1.000000
1452,21,319.83,453.31,84.00,49.17,1,1,1.000000
1453,25,408.41,541.40,93.97,62.85,1,1,1.000000
1453,26,367.29,357.40,131.77,53.97,1,1,1.000000
1453,27,282.34,500.95,187.81,73.74,1,1,1.000000
1453,57,490.26,116.83,278.51,137.52,1,1,1.000000
1453,66,642.15,376.36,195.91,61.35,1,1,1.000000
1453,71,645.32,196.54,221.37,73.78,1,1,1.000000
1453,86,718.62,501.46,303.47,84.00,1,1,1.000000
1453,87,801.80,118.53,357.05,140.11,1,1,1.000000
1453,106,455.92,143.15,150.28,73.60,1,1,1.000000
1453,117,47.41,572.19,83.01,92.65,1,1,1.000000
1453,122,2.42,53.75,117.95,59.21,1,1,1.000000
1453,123,265.57,27.88,60.36,73.57,1,1,1.000000
1453,128,979.87,648.13,300.42,71.62,1,1,1.000000
1453,129,1116.32,191.45,163.70,89.21,1,1,1.000000
1453,85,645.08,75.20,161.74,80.48,1,1,1.000000
1453,21,323.23,452.25,73.28,47.91,1,1,1.000000
1453,114,121.91,336.96,152.85,70.78,1,1,1.000000
1454,25,409.00,543.42,90.32,57.15,1,1,1.000000
1454,26,370.28,359.38,122.85,51.89,1,1,1.000000
1454,27,278.00,499.99,193.43,74.89,1,1,1.000000
1454,57,485.43,139.63,268.44,118.54,1,1,1.000000
1454,66,635.05,373.15,196.77,62.94,1,1,1.000000
1454,71,638.88,198.71,220.97,72.38,1,1,1.000000
1454,86,708.49,495.91,294.27,82.14,1,1,1.000000
1454,87,798.87,121.08,342.72,138.33,1,1,1.000000
1454,106,455.09,143.76,133.68,75.04,1,1,1.000000
1454,117,55.11,572.60,64.33,99.92,1,1,1.000000
1454,122,1.16,54.35,125.46,59.58,1,1,1.000000
1454,123,270.37,32.47,51.03,69.81,1,1,1.000000
1454,128,963.10,642.28,317.15,77.40,1,1,1.000000
1454,129,1099.75,173.92,180.07,112.79,1,1,1.000000
1454,85,655.21,78.02,144.38,73.55,1,1,1.000000
1454,21,323.63,451.83,68.00,46.51,1,1,1.000000
1454,130,37.31,303.00,157.36,58.43,1,1,1.000000
1454,133,179.28,652.99,116.25,65.60,1,1,1.000000
1455,26,368.00,357.89,125.01,54.10,1,1,1.000000
1455,27,275.38,500.95,219.10,96.43,1,1,1.000000
1455,57,477.53,139.69,262.95,118.10,1,1,1.000000
1455,66,630.40,373.38,187.42,61.01,1,1,1.000000
1455,71,635.94,198.85,213.90,71.01,1,1,1.000000
1455,86,697.40,493.02,290.43,83.11,1,1,1.000000
1455,87,791.34,127.69,342.23,132.16,1,1,1.000000
1455,106,447.30,144.87,138.75,72.79,1,1,1.000000
1455,117,51.22,566.99,72.38,113.35,1,1,1.000000
1455,122,2.71,54.72,127.06,59.52,1,1,1.000000
1455,128,943.42,637.43,335.85,81.81,1,1,1.000000
1455,129,1086.37,166.56,193.14,124.55,1,1,1.000000
1455,85,639.75,80.21,156.01,75.48,1,1,1.000000
1455,144,1132.65,0.04,146.19,36.24,1,1,1.000000
1455,133,179.92,655.59,115.66,62.18,1,1,1.000000
1455,135,128.13,37.07,60.05,51.80,1,1,1.000000
1456,26,365.05,356.18,119.64,53.19,1,1,1.000000
1456,27,272.83,498.90,220.24,97.08,1,1,1.000000
1456,57,467.91,129.11,262.78,128.43,1,1,1.000000
1456,66,625.16,368.91,185.61,65.73,1,1,1.000000
1456,71,631.66,201.36,205.14,70.14,1,1,1.000000
1456,86,688.83,491.23,279.00,83.74,1,1,1.000000
1456,87,784.57,132.30,329.83,127.10,1,1,1.000000
1456,106,445.59,145.05,132.64,70.99,1,1,1.000000
1456,117,52.63,561.70,74.86,107.79,1,1,1.000000
1456,122,2.30,54.86,132.37,57.57,1,1,1.000000
1456,128,927.03,633.52,352.57,85.82,1,1,1.000000
1456,129,1072.23,168.90,207.47,126.33,1,1,1.000000
1456,85,644.23,81.57,146.22,73.68,1,1,1.000000
1456,144,1118.94,0.00,160.46,41.04,1,1,1.000000
1456,133,178.25,651.19,118.70,67.42,1,1,1.000000
1456,58,272.30,498.54,168.07,76.40,1,1,1.000000
1456,123,264.23,17.84,59.49,85.69,1,1,1.000000
1456,130,54.91,303.19,157.89,56.20,1,1,1.000000
1457,26,357.55,358.43,125.20,48.70,1,1,1.000000
1457,27,269.47,498.12,219.99,96.47,1,1,1.000000
1457,57,457.09,138.90,259.26,121.39,1,1,1.000000
1457,66,623.85,362.95,174.20,70.06,1,1,1.000000
1457,71,628.58,201.83,202.09,69.06,1,1,1.000000
1457,86,676.84,486.13,277.82,90.35,1,1,1.000000
1457,87,779.15,135.60,325.84,125.25,1,1,1.000000
1457,106,443.31,144.41,123.74,71.38,1,1,1.000000
1457,117,55.45,561.15,73.90,104.75,1,1,1.000000
1457,122,2.84,55.20,137.82,58.74,1,1,1.000000
1457,128,909.74,631.67,369.62,87.20,1,1,1.000000
1457,129,1058.99,173.11,220.65,125.40,1,1,1.000000
1457,85,642.51,81.96,138.68,75.24,1,1,1.000000
1457,144,1102.58,0.00,176.80,46.52,1,1,1.000000
1457,133,175.17,645.87,124.31,72.55,1,1,1.000000
1457,150,246.60,412.15,138.65,76.58,1,1,1.000000
1457,58,268.32,497.98,159.92,78.54,1,1,1.000000
1457,123,265.55,18.36,59.65,86.80,1,1,1.000000
1457,130,62.32,300.01,161.06,62.83,1,1,1.000000
1458,26,331.03,354.30,137.88,53.08,1,1,1.000000
1458,27,264.11,494.05,224.84,100.78,1,1,1.000000
1458,57,443.79,141.28,247.19,119.59,1,1,1.000000
1458,66,621.54,370.55,162.21,65.11,1,1,1.000000
1458,71,616.41,208.80,194.53,64.46,1,1,1.000000
1458,86,659.79,482.02,267.39,92.35,1,1,1.000000
1458,87,753.18,145.68,320.10,118.56,1,1,1.000000
1458,106,439.29,145.97,138.31,70.63,1,1,1.000000
1458,117,62.21,556.74,67.37,97.70,1,1,1.000000
1458,122,8.30,53.79,144.28,60.39,1,1,1.000000
1458,128,877.42,621.11,400.76,97.38,1,1,1.000000
1458,129,1027.19,182.07,252.34,123.71,1,1,1.000000
1458,85,635.84,86.72,137.74,71.33,1,1,1.000000
1458,144,1077.80,0.00,201.54,54.18,1,1,1.000000
1458,133,177.01,648.54,128.40,70.48,1,1,1.000000
1458,58,263.54,498.81,146.98,72.02,1,1,1.000000
1458,123,274.88,47.48,53.91,59.74,1,1,1.000000
1458,25,406.64,523.20,80.62,74.58,1,1,1.000000
1459,26,331.03,354.30,137.88,53.08,1,1,1.000000
1459,27,264.11,494.05,224.84,100.78,1,1,1.000000
1459,57,443.79,141.28,247.19,119.59,1,1,1.000000
1459,66,621.54,370.55,162.21,65.11,1,1,1.000000
1459,71,616.41,208.80,194.53,64.46,1,1,1.000000
1459,86,659.79,482.02,267.39,92.35,1,1,1.000000
1459,87,753.18,145.68,320.10,118.56,1,1,1.000000
1459,106,439.29,145.97,138.31,70.63,1,1,1.000000
1459,117,62.21,556.74,67.37,97.70,1,1,1.000000
1459,122,8.30,53.79,144.28,60.39,1,1,1.000000
1459,128,877.42,621.11,400.76,97.38,1,1,1.000000
1459,129,1027.19,182.07,252.34,123.71,1,1,1.000000
1459,85,635.84,86.72,137.74,71.33,1,1,1.000000
1459,144,1077.80,0.00,201.54,54.18,1,1,1.000000
1459,133,177.01,648.54,128.40,70.48,1,1,1.000000
1459,58,263.54,498.81,146.98,72.02,1,1,1.000000
1459,123,274.88,47.48,53.91,59.74,1,1,1.000000
1459,25,406.64,523.20,80.62,74.58,1,1,1.000000
1460,26,358.83,357.31,106.87,47.22,1,1,1.000000
1460,27,260.20,492.01,224.66,101.77,1,1,1.000000
1460,57,431.61,149.02,229.17,114.83,1,1,1.000000
1460,66,616.01,361.29,156.29,69.70,1,1,1.000000
1460,71,605.71,209.55,190.45,65.60,1,1,1.000000
1460,86,641.83,476.93,256.92,94.94,1,1,1.000000
1460,87,739.12,153.63,308.72,114.81,1,1,1.000000
1460,106,434.03,148.47,140.65,68.57,1,1,1.000000
1460,117,2.45,547.74,136.65,164.42,1,1,1.000000
1460,122,10.75,58.08,149.92,57.54,1,1,1.000000
1460,128,847.50,614.30,432.04,105.11,1,1,1.000000
1460,129,1000.53,187.06,279.01,125.53,1,1,1.000000
1460,85,630.13,89.29,135.25,70.76,1,1,1.000000
1460,144,1054.46,0.00,225.29,60.60,1,1,1.000000
1460,133,186.67,639.46,116.10,79.30,1,1,1.000000
1460,123,279.89,42.88,55.26,66.55,1,1,1.000000
1460,25,386.72,517.11,93.67,77.66,1,1,1.000000
1460,150,279.59,425.07,115.33,71.05,1,1,1.000000
1461,26,358.83,357.31,106.87,47.22,1,1,1.000000
1461,27,260.20,492.01,224.66,101.77,1,1,1.000000
1461,57,431.61,149.02,229.17,114.83,1,1,1.000000
1461,66,616.01,361.29,156.29,69.70,1,1,1.000000
1461,71,605.71,209.55,190.45,65.60,1,1,1.000000
1461,86,641.83,476.93,256.92,94.94,1,1,1.000000
1461,87,739.12,153.63,308.72,114.81,1,1,1.000000
1461,106,434.03,148.47,140.65,68.57,1,1,1.000000
1461,117,2.45,547.74,136.65,164.42,1,1,1.000000
1461,122,10.75,58.08,149.92,57.54,1,1,1.000000
1461,128,847.50,614.30,432.04,105.11,1,1,1.000000
1461,129,1000.53,187.06,279.01,125.53,1,1,1.000000
1461,85,630.13,89.29,135.25,70.76,1,1,1.000000
1461,144,1054.46,0.00,225.29,60.60,1,1,1.000000
1461,133,186.67,639.46,116.10,79.30,1,1,1.000000
1461,123,279.89,42.88,55.26,66.55,1,1,1.000000
1461,25,386.72,517.11,93.67,77.66,1,1,1.000000
1461,151,1231.32,325.25,48.80,55.41,1,1,1.000000
1461,152,0.54,113.15,79.67,53.27,1,1,1.000000
1461,153,884.97,149.07,109.68,49.45,1,1,1.000000
1461,154,496.81,389.10,97.50,42.79,1,1,1.000000
1461,150,279.59,425.07,115.33,71.05,1,1,1.000000
1462,26,353.98,348.50,120.92,54.64,1,1,1.000000
1462,57,419.73,146.04,220.64,118.92,1,1,1.000000
1462,66,608.71,367.32,151.74,61.66,1,1,1.000000
1462,71,599.29,217.31,173.86,58.61,1,1,1.000000
1462,86,627.06,471.12,242.27,87.57,1,1,1.000000
1462,87,718.10,177.78,304.47,93.35,1,1,1.000000
1462,106,431.89,151.83,134.93,66.99,1,1,1.000000
1462,117,85.74,549.70,56.96,108.07,1,1,1.000000
1462,122,22.45,61.46,142.22,57.58,1,1,1.000000
1462,128,820.44,606.20,459.23,111.80,1,1,1.000000
1462,129,969.12,195.33,309.13,122.63,1,1,1.000000
1462,85,625.73,92.72,132.09,68.24,1,1,1.000000
1462,144,1031.60,0.03,247.16,70.01,1,1,1.000000
1462,123,284.69,46.92,54.23,64.96,1,1,1.000000
1462,25,396.53,508.91,75.78,83.63,1,1,1.000000
1462,151,1199.52,317.74,79.92,74.92,1,1,1.000000
1462,153,885.41,154.56,89.50,47.92,1,1,1.000000
1462,58,258.39,491.49,130.99,73.75,1,1,1.000000
1463,26,352.52,346.23,101.63,55.89,1,1,1.000000
1463,57,414.93,151.66,215.95,112.47,1,1,1.000000
1463,66,608.60,355.67,149.95,71.16,1,1,1.000000
1463,71,591.66,217.75,178.97,60.15,1,1,1.000000
1463,86,620.03,468.35,238.33,84.96,1,1,1.000000
1463,87,713.04,191.38,294.78,81.72,1,1,1.000000
1463,106,427.66,149.92,146.36,66.35,1,1,1.000000
1463,122,27.53,61.17,141.21,60.48,1,1,1.000000
1463,128,807.72,603.37,471.96,114.79,1,1,1.000000
1463,129,954.66,198.97,319.18,123.62,1,1,1.000000
1463,85,622.28,95.42,130.90,65.56,1,1,1.000000
1463,144,1018.39,0.00,259.67,76.51,1,1,1.000000
1463,123,291.48,53.91,48.46,59.36,1,1,1.000000
1463,25,395.27,509.33,74.11,83.62,1,1,1.000000
1463,151,1180.25,313.88,99.23,84.69,1,1,1.000000
1463,153,885.60,150.53,118.69,57.34,1,1,1.000000
1463,155,1199.76,136.43,79.69,65.88,1,1,1.000000
1463,58,258.01,492.58,126.45,73.04,1,1,1.000000
1463,133,186.84,650.33,97.57,68.43,1,1,1.000000
1463,152,0.74,107.72,104.59,65.04,1,1,1.000000
1464,26,350.26,351.53,155.78,52.69,1,1,1.000000
1464,57,408.12,149.02,211.49,117.07,1,1,1.000000
1464,66,609.29,367.06,141.24,60.06,1,1,1.000000
1464,71,590.32,220.65,166.50,61.49,1,1,1.000000
1464,86,614.85,467.67,233.60,79.34,1,1,1.000000
1464,87,703.24,196.22,268.87,78.35,1,1,1.000000
1464,122,18.17,56.13,155.56,66.34,1,1,1.000000
1464,128,796.19,598.00,483.50,120.61,1,1,1.000000
1464,129,941.11,195.19,336.45,130.58,1,1,1.000000
1464,85,621.55,96.28,123.49,65.90,1,1,1.000000
1464,144,1007.05,0.00,270.39,80.94,1,1,1.000000
1464,123,287.81,56.04,58.10,57.25,1,1,1.000000
1464,25,394.94,508.21,69.90,83.45,1,1,1.000000
1464,151,1162.30,310.21,117.34,91.42,1,1,1.000000
1464,155,1181.71,133.47,97.92,67.01,1,1,1.000000
1464,58,257.85,490.09,118.62,77.00,1,1,1.000000
1464,160,435.93,358.84,78.46,32.42,1,1,1.000000
1464,152,0.73,100.84,112.07,71.87,1,1,1.000000
1464,89,216.70,618.96,140.29,98.13,1,1,1.000000
1464,117,4.16,545.27,140.09,172.04,1,1,1.000000
1465,26,349.20,348.11,93.39,54.85,1,1,1.000000
1465,57,405.03,157.95,208.08,108.76,1,1,1.000000
1465,66,603.93,370.14,143.72,56.76,1,1,1.000000
1465,71,588.08,220.43,169.43,63.11,1,1,1.000000
1465,86,610.30,466.52,230.42,73.74,1,1,1.000000
1465,87,701.30,194.88,273.60,81.59,1,1,1.000000
1465,122,19.74,58.32,151.78,64.58,1,1,1.000000
1465,128,780.59,593.26,498.57,126.03,1,1,1.000000
1465,129,930.03,204.51,339.19,123.94,1,1,1.000000
1465,85,617.25,97.53,124.63,67.01,1,1,1.000000
1465,144,999.19,0.00,276.97,84.42,1,1,1.000000
1465,123,286.02,54.48,57.16,59.39,1,1,1.000000
1465,25,396.53,508.57,68.94,81.69,1,1,1.000000
1465,151,1139.34,308.82,139.66,94.91,1,1,1.000000
1465,155,1164.72,123.80,114.47,77.15,1,1,1.000000
1465,58,258.91,475.34,124.77,88.53,1,1,1.000000
1465,160,450.40,357.27,66.74,33.64,1,1,1.000000
1465,152,0.71,105.04,123.52,71.48,1,1,1.000000
1465,117,33.82,547.02,108.87,112.75,1,1,1.000000
1465,106,444.26,153.02,114.29,54.63,1,1,1.000000
1465,133,216.23,634.77,86.05,83.36,1,1,1.000000
1466,26,349.14,351.12,92.43,51.33,1,1,1.000000
1466,57,400.96,158.44,202.76,111.00,1,1,1.000000
1466,66,601.36,370.90,139.20,57.41,1,1,1.000000
1466,71,584.03,217.42,164.34,64.86,1,1,1.000000
1466,86,607.17,463.73,220.83,73.46,1,1,1.000000
1466,87,696.72,198.43,268.20,80.28,1,1,1.000000
1466,122,22.71,55.62,154.89,70.55,1,1,1.000000
1466,128,769.33,588.65,484.74,130.38,1,1,1.000000
1466,129,915.16,208.68,344.73,124.14,1,1,1.000000
1466,85,613.83,100.42,123.19,66.41,1,1,1.000000
1466,144,988.52,0.20,280.69,86.88,1,1,1.000000
1466,123,289.06,57.02,62.01,56.03,1,1,1.000000
1466,25,397.54,506.08,68.59,82.72,1,1,1.000000
1466,151,1130.64,307.73,148.66,97.25,1,1,1.000000
1466,155,1153.96,125.28,125.24,77.32,1,1,1.000000
1466,58,257.77,488.98,115.17,72.86,1,1,1.000000
1466,152,0.52,109.23,132.31,68.44,1,1,1.000000
1466,117,38.00,488.51,110.89,165.30,1,1,1.000000
1466,106,423.68,153.97,130.73,62.67,1,1,1.000000
1466,133,147.21,640.05,149.02,77.56,1,1,1.000000
1467,26,325.64,354.35,110.74,46.48,1,1,1.000000
1467,57,394.92,165.22,203.82,104.53,1,1,1.000000
1467,66,595.19,369.66,136.44,55.09,1,1,1.000000
1467,71,579.79,223.76,166.85,60.11,1,1,1.000000
1467,86,593.19,460.89,219.09,70.86,1,1,1.000000
1467,87,692.74,198.96,264.90,80.93,1,1,1.000000
1467,122,21.53,52.76,156.81,75.00,1,1,1.000000
1467,128,756.27,584.56,473.79,134.21,1,1,1.000000
1467,129,904.80,210.83,351.73,122.79,1,1,1.000000
1467,85,610.88,103.90,128.70,63.94,1,1,1.000000
1467,144,975.01,0.21,292.15,91.46,1,1,1.000000
1467,25,397.90,507.12,69.26,85.12,1,1,1.000000
1467,151,1106.58,307.19,173.02,100.40,1,1,1.000000
1467,155,1136.42,121.53,142.89,86.19,1,1,1.000000
1467,58,257.55,489.05,108.35,68.64,1,1,1.000000
1467,152,1.52,107.90,141.11,65.27,1,1,1.000000
1467,106,417.90,154.47,132.70,65.36,1,1,1.000000
1467,133,212.04,638.14,92.13,78.90,1,1,1.000000
1467,162,0.41,416.50,66.00,81.64,1,1,1.000000
1467,160,480.55,365.44,69.34,41.20,1,1,1.000000
1468,57,391.47,171.69,198.27,99.10,1,1,1.000000
1468,66,591.27,371.72,135.17,54.64,1,1,1.000000
1468,71,572.86,227.65,157.22,57.41,1,1,1.000000
1468,86,585.83,459.17,221.97,71.02,1,1,1.000000
1468,87,680.84,202.48,269.57,78.74,1,1,1.000000
1468,122,27.61,55.11,154.45,74.91,1,1,1.000000
1468,128,743.54,583.02,466.25,134.98,1,1,1.000000
1468,129,892.79,213.64,353.71,123.66,1,1,1.000000
1468,85,609.08,105.13,122.49,64.93,1,1,1.000000
1468,144,960.88,0.34,295.84,94.29,1,1,1.000000
1468,25,398.26,506.96,64.83,83.96,1,1,1.000000
1468,151,1087.62,305.07,192.32,104.39,1,1,1.000000
1468,155,1118.14,122.43,161.45,90.68,1,1,1.000000
1468,58,257.00,489.59,103.32,69.09,1,1,1.000000
1468,152,0.32,107.73,151.71,69.71,1,1,1.000000
1468,106,413.45,158.00,128.22,63.17,1,1,1.000000
1468,162,0.29,416.23,72.74,83.63,1,1,1.000000
1468,160,496.03,369.64,76.48,42.96,1,1,1.000000
1469,57,388.60,160.26,193.24,112.11,1,1,1.000000
1469,66,588.64,380.28,131.86,49.81,1,1,1.000000
1469,71,574.09,229.75,128.77,56.37,1,1,1.000000
1469,86,579.36,456.55,217.53,72.82,1,1,1.000000
1469,87,678.95,197.29,261.18,86.04,1,1,1.000000
1469,122,33.25,55.21,154.95,81.64,1,1,1.000000
1469,128,732.50,578.38,461.02,140.11,1,1,1.000000
1469,129,878.74,214.54,355.55,125.13,1,1,1.000000
1469,85,609.28,111.46,115.58,59.97,1,1,1.000000
1469,144,954.81,0.00,303.23,99.86,1,1,1.000000
1469,25,397.46,499.13,66.18,90.38,1,1,1.000000
1469,151,1072.68,296.89,206.85,115.32,1,1,1.000000
1469,155,1105.12,122.07,174.45,93.60,1,1,1.000000
1469,58,257.04,488.02,104.15,73.00,1,1,1.000000
1469,162,0.93,410.83,78.70,87.48,1,1,1.000000
1469,160,501.15,369.95,69.53,48.85,1,1,1.000000
1469,89,293.78,659.01,76.58,61.02,1,1,1.000000
1469,123,306.94,59.77,42.45,59.31,1,1,1.000000
1469,133,227.60,623.94,90.06,85.24,1,1,1.000000
1470,57,383.41,166.95,181.59,108.58,1,1,1.000000
1470,66,574.80,372.73,128.00,51.70,1,1,1.000000
1470,71,567.99,233.00,124.81,62.53,1,1,1.000000
1470,86,568.77,454.86,202.98,73.53,1,1,1.000000
1470,87,667.78,212.69,251.90,72.76,1,1,1.000000
1470,128,709.56,571.88,457.46,146.97,1,1,1.000000
1470,129,859.26,221.26,347.38,124.11,1,1,1.000000
1470,85,605.42,119.85,115.01,51.98,1,1,1.000000
1470,144,937.46,0.49,336.89,106.18,1,1,1.000000
1470,25,399.10,498.86,63.17,96.03,1,1,1.000000
1470,151,1043.78,305.03,235.77,116.74,1,1,1.000000
1470,155,1073.51,113.07,206.02,103.27,1,1,1.000000
1470,58,255.42,485.79,90.74,71.62,1,1,1.000000
1470,162,2.03,409.79,89.89,90.67,1,1,1.000000
1470,160,541.02,370.14,159.15,56.00,1,1,1.000000
1470,89,301.47,654.56,152.05,64.77,1,1,1.000000
1470,133,233.87,633.11,87.01,83.80,1,1,1.000000
1470,26,350.08,357.17,74.99,45.95,1,1,1.000000
1471,57,380.13,168.76,182.54,106.17,1,1,1.000000
1471,66,575.96,380.33,120.41,45.69,1,1,1.000000
1471,71,559.46,232.32,126.37,57.22,1,1,1.000000
1471,86,560.01,453.14,198.49,73.07,1,1,1.000000
1471,87,659.87,214.73,245.61,71.61,1,1,1.000000
1471,128,699.71,569.61,461.43,149.66,1,1,1.000000
1471,129,848.64,221.13,343.76,125.21,1,1,1.000000
1471,85,604.97,118.70,107.34,54.73,1,1,1.000000
1471,144,926.53,0.42,340.95,114.20,1,1,1.000000
1471,25,399.23,498.01,66.95,96.28,1,1,1.000000
1471,151,1029.42,305.43,250.28,121.15,1,1,1.000000
1471,155,1060.94,107.02,218.77,110.55,1,1,1.000000
1471,58,254.85,484.08,88.70,74.76,1,1,1.000000
1471,162,2.26,407.52,94.05,96.85,1,1,1.000000
1471,133,239.55,628.68,84.44,88.85,1,1,1.000000
1471,166,116.29,638.55,193.61,80.23,1,1,1.000000
1471,167,545.91,385.92,58.49,40.59,1,1,1.000000
1471,154,499.41,370.22,99.64,54.96,1,1,1.000000
1471,122,58.10,63.69,134.94,72.82,1,1,1.000000
1472,57,380.13,168.76,182.54,106.17,1,1,1.000000
1472,66,575.96,380.33,120.41,45.69,1,1,1.000000
1472,71,559.46,232.32,126.37,57.22,1,1,1.000000
1472,86,560.01,453.14,198.49,73.07,1,1,1.000000
1472,87,659.87,214.73,245.61,71.61,1,1,1.000000
1472,128,699.71,569.61,461.43,149.66,1,1,1.000000
1472,129,848.64,221.13,343.76,125.21,1,1,1.000000
1472,85,604.97,118.70,107.34,54.73,1,1,1.000000
1472,144,926.53,0.42,340.95,114.20,1,1,1.000000
1472,25,399.23,498.01,66.95,96.28,1,1,1.000000
1472,151,1029.42,305.43,250.28,121.15,1,1,1.000000
1472,155,1060.94,107.02,218.77,110.55,1,1,1.000000
1472,58,254.85,484.08,88.70,74.76,1,1,1.000000
1472,162,2.26,407.52,94.05,96.85,1,1,1.000000
1472,133,239.55,628.68,84.44,88.85,1,1,1.000000
1472,166,116.29,638.55,193.61,80.23,1,1,1.000000
1472,167,545.91,385.92,58.49,40.59,1,1,1.000000
1472,169,244.59,58.66,60.45,51.93,1,1,1.000000
1472,170,131.03,535.02,40.55,49.14,1,1,1.000000
1472,171,111.54,83.69,79.87,52.48,1,1,1.000000
1472,154,499.41,370.22,99.64,54.96,1,1,1.000000
1472,122,58.10,63.69,134.94,72.82,1,1,1.000000
1473,57,377.55,170.00,172.83,107.87,1,1,1.000000
1473,66,575.84,365.31,111.03,60.65,1,1,1.000000
1473,71,556.51,234.47,120.44,57.22,1,1,1.000000
1473,86,554.32,448.24,195.68,76.67,1,1,1.000000
1473,87,653.65,205.61,242.28,81.63,1,1,1.000000
1473,128,688.41,568.10,469.12,150.31,1,1,1.000000
1473,129,836.59,224.42,341.18,124.43,1,1,1.000000
1473,85,602.77,119.65,109.64,53.94,1,1,1.000000
1473,144,916.96,0.37,354.66,115.59,1,1,1.000000
1473,25,397.38,497.02,46.66,76.17,1,1,1.000000
1473,151,1012.46,314.51,266.45,114.34,1,1,1.000000
1473,155,1046.48,107.52,233.14,113.97,1,1,1.000000
1473,58,252.76,483.40,88.85,77.61,1,1,1.000000
1473,162,2.34,404.82,98.77,96.37,1,1,1.000000
1473,166,100.77,636.80,216.75,82.13,1,1,1.000000
1473,122,3.71,62.19,196.89,121.58,1,1,1.000000
1473,26,349.69,357.98,76.96,39.05,1,1,1.000000
1474,57,380.15,177.58,154.50,102.96,1,1,1.000000
1474,66,578.47,360.60,94.21,72.51,1,1,1.000000
1474,71,551.30,237.86,121.38,53.65,1,1,1.000000
1474,86,543.96,445.07,180.33,76.57,1,1,1.000000
1474,87,641.18,207.31,239.51,82.88,1,1,1.000000
1474,128,671.05,564.99,424.94,151.45,1,1,1.000000
1474,129,815.21,241.90,327.62,108.80,1,1,1.000000
1474,85,597.76,121.53,112.58,53.72,1,1,1.000000
1474,144,897.99,0.89,350.10,120.54,1,1,1.000000
1474,25,396.55,494.86,45.51,84.24,1,1,1.000000
1474,151,979.26,318.64,300.46,116.70,1,1,1.000000
1474,155,1013.72,117.49,265.66,107.22,1,1,1.000000
1474,58,251.98,478.68,78.58,80.01,1,1,1.000000
1474,162,1.66,400.29,109.48,101.66,1,1,1.000000
1474,166,113.91,643.53,174.17,75.45,1,1,1.000000
1474,26,350.14,356.09,72.31,39.81,1,1,1.000000
1474,152,6.39,114.86,197.01,69.51,1,1,1.000000
1474,160,593.58,387.83,83.14,47.90,1,1,1.000000
1474,133,258.70,633.40,66.46,84.16,1,1,1.000000
1475,57,380.15,177.58,154.50,102.96,1,1,1.000000
1475,66,578.47,360.60,94.21,72.51,1,1,1.000000
1475,71,551.30,237.86,121.38,53.65,1,1,1.000000
1475,86,543.96,445.07,180.33,76.57,1,1,1.000000
1475,87,641.18,207.31,239.51,82.88,1,1,1.000000
1475,128,671.05,564.99,424.94,151.45,1,1,1.000000
1475,129,815.21,241.90,327.62,108.80,1,1,1.000000
1475,85,597.76,121.53,112.58,53.72,1,1,1.000000
1475,144,897.99,0.89,350.10,120.54,1,1,1.000000
1475,25,396.55,494.86,45.51,84.24,1,1,1.000000
1475,151,979.26,318.64,300.46,116.70,1,1,1.000000
1475,155,1013.72,117.49,265.66,107.22,1,1,1.000000
1475,58,251.98,478.68,78.58,80.01,1,1,1.000000
1475,162,1.66,400.29,109.48,101.66,1,1,1.000000
1475,166,113.91,643.53,174.17,75.45,1,1,1.000000
1475,26,350.14,356.09,72.31,39.81,1,1,1.000000
1475,174,1018.22,668.52,161.80,50.59,1,1,1.000000
1475,175,985.67,669.64,207.96,50.12,1,1,1.000000
1475,152,6.39,114.86,197.01,69.51,1,1,1.000000
1475,160,593.58,387.83,83.14,47.90,1,1,1.000000
1475,133,258.70,633.40,66.46,84.16,1,1,1.000000
1476,57,372.04,186.15,145.59,97.65,1,1,1.000000
1476,66,559.15,355.72,103.94,59.90,1,1,1.000000
1476,71,547.33,240.06,109.58,52.93,1,1,1.000000
1476,86,532.77,442.16,173.60,76.05,1,1,1.000000
1476,87,632.53,213.94,225.09,75.19,1,1,1.000000
1476,128,653.64,558.28,395.99,153.16,1,1,1.000000
1476,129,793.26,255.47,327.98,98.72,1,1,1.000000
1476,85,590.69,126.61,110.87,50.28,1,1,1.000000
1476,144,882.84,3.83,329.67,122.89,1,1,1.000000
1476,25,398.70,490.77,37.36,74.88,1,1,1.000000
1476,151,945.74,322.71,333.46,116.93,1,1,1.000000
1476,155,985.64,123.00,293.29,109.75,1,1,1.000000
1476,58,250.90,475.13,80.60,91.11,1,1,1.000000
1476,162,11.48,397.13,108.67,98.58,1,1,1.000000
1476,166,110.09,634.11,221.30,85.42,1,1,1.000000
1476,175,819.19,648.53,321.24,68.92,1,1,1.000000
1476,152,16.22,108.12,125.02,55.82,1,1,1.000000
1476,122,14.00,107.43,193.14,75.42,1,1,1.000000
1477,57,372.04,186.15,145.59,97.65,1,1,1.000000
1477,66,559.15,355.72,103.94,59.90,1,1,1.000000
1477,71,547.33,240.06,109.58,52.93,1,1,1.000000
1477,86,532.77,442.16,173.60,76.05,1,1,1.000000
1477,87,632.53,213.94,225.09,75.19,1,1,1.000000
1477,128,653.64,558.28,395.99,153.16,1,1,1.000000
1477,129,793.26,255.47,327.98,98.72,1,1,1.000000
1477,85,590.69,126.61,110.87,50.28,1,1,1.000000
1477,144,882.84,3.83,329.67,122.89,1,1,1.000000
1477,25,398.70,490.77,37.36,74.88,1,1,1.000000
1477,151,945.74,322.71,333.46,116.93,1,1,1.000000
1477,155,985.64,123.00,293.29,109.75,1,1,1.000000
1477,58,250.90,475.13,80.60,91.11,1,1,1.000000
1477,162,11.48,397.13,108.67,98.58,1,1,1.000000
1477,166,110.09,634.11,221.30,85.42,1,1,1.000000
1477,175,819.19,648.53,321.24,68.92,1,1,1.000000
1477,152,16.22,108.12,125.02,55.82,1,1,1.000000
1477,176,315.87,655.35,114.50,64.16,1,1,1.000000
1477,177,139.83,407.71,130.84,115.17,1,1,1.000000
1477,122,14.00,107.43,193.14,75.42,1,1,1.000000
1478,57,369.02,229.95,105.51,53.70,1,1,1.000000
1478,66,561.30,357.72,105.37,81.80,1,1,1.000000
1478,71,546.49,239.28,100.59,58.87,1,1,1.000000
1478,86,522.92,437.43,166.78,68.09,1,1,1.000000
1478,87,622.41,222.03,215.60,70.36,1,1,1.000000
1478,128,636.49,556.86,460.67,158.17,1,1,1.000000
1478,129,773.60,267.13,309.46,90.42,1,1,1.000000
1478,85,588.10,128.03,107.66,49.25,1,1,1.000000
1478,144,869.63,10.19,318.91,121.86,1,1,1.000000
1478,25,399.07,479.96,48.44,78.84,1,1,1.000000
1478,151,915.82,310.20,359.05,134.59,1,1,1.000000
1478,155,967.13,132.98,311.97,103.87,1,1,1.000000
1478,58,251.34,472.16,67.99,84.77,1,1,1.000000
1478,162,7.44,393.69,123.79,92.19,1,1,1.000000
1478,122,26.33,109.82,140.33,63.25,1,1,1.000000
1478,131,207.62,293.60,102.41,49.75,1,1,1.000000
1478,106,399.04,185.01,107.28,62.45,1,1,1.000000
1478,133,260.71,625.81,78.09,91.87,1,1,1.000000
1479,57,369.66,232.38,87.24,51.94,1,1,1.000000
1479,71,545.31,240.43,91.64,57.47,1,1,1.000000
1479,86,518.45,436.95,168.70,63.85,1,1,1.000000
1479,87,610.22,227.21,219.93,66.74,1,1,1.000000
1479,128,630.36,554.27,446.00,161.42,1,1,1.000000
1479,129,761.69,274.40,311.31,85.34,1,1,1.000000
1479,85,585.83,130.97,106.96,47.31,1,1,1.000000
1479,144,863.34,16.90,313.56,118.75,1,1,1.000000
1479,25,393.53,483.03,46.21,75.79,1,1,1.000000
1479,151,903.62,309.67,353.48,135.74,1,1,1.000000
1479,155,960.88,130.57,318.29,107.53,1,1,1.000000
1479,58,250.36,471.00,78.95,81.07,1,1,1.000000
1479,162,3.37,390.02,130.31,98.62,1,1,1.000000
1479,122,37.44,114.89,137.92,54.08,1,1,1.000000
1479,106,397.02,184.45,103.56,62.99,1,1,1.000000
1479,133,286.24,625.78,90.58,92.69,1,1,1.000000
1480,57,367.08,185.74,126.90,98.38,1,1,1.000000
1480,71,540.73,239.45,99.61,59.94,1,1,1.000000
1480,86,510.23,432.52,173.16,65.36,1,1,1.000000
1480,87,624.31,229.82,192.96,63.00,1,1,1.000000
1480,128,625.65,551.63,419.09,161.90,1,1,1.000000
1480,129,753.52,284.74,301.18,74.91,1,1,1.000000
1480,85,581.00,133.87,99.75,45.08,1,1,1.000000
1480,144,858.03,22.15,305.88,117.17,1,1,1.000000
1480,25,392.22,481.99,49.48,79.21,1,1,1.000000
1480,151,885.55,320.16,352.42,126.88,1,1,1.000000
1480,155,936.52,135.99,341.99,107.52,1,1,1.000000
1480,58,250.31,467.81,62.40,80.56,1,1,1.000000
1480,162,0.74,388.98,139.07,68.38,1,1,1.000000
1480,122,46.87,111.36,159.33,70.32,1,1,1.000000
1480,106,400.94,186.60,85.86,60.16,1,1,1.000000
1480,133,289.49,623.31,110.44,90.75,1,1,1.000000
1480,130,188.31,371.20,69.94,70.98,1,1,1.000000
1481,57,372.10,221.06,100.19,58.74,1,1,1.000000
1481,71,537.47,242.96,100.20,57.29,1,1,1.000000
1481,86,506.78,430.40,168.37,64.21,1,1,1.000000
1481,87,619.27,230.55,185.84,63.60,1,1,1.000000
1481,128,616.13,549.35,425.02,165.97,1,1,1.000000
1481,129,742.56,287.62,297.02,72.32,1,1,1.000000
1481,85,582.02,133.60,98.47,45.14,1,1,1.000000
1481,144,848.29,28.18,303.42,113.78,1,1,1.000000
1481,25,397.40,480.63,46.44,80.54,1,1,1.000000
1481,151,868.06,326.75,346.33,124.78,1,1,1.000000
1481,155,924.65,137.91,353.95,106.45,1,1,1.000000
1481,58,250.03,466.52,61.73,67.03,1,1,1.000000
1481,162,1.20,377.06,143.83,81.01,1,1,1.000000
1481,122,60.62,115.99,155.82,65.93,1,1,1.000000
1481,106,397.28,182.71,91.07,61.00,1,1,1.000000
1481,185,267.56,431.46,85.42,38.84,1,1,1.000000
1482,57,370.09,224.48,92.51,62.17,1,1,1.000000
1482,71,536.97,242.93,92.00,55.71,1,1,1.000000
1482,86,504.67,427.27,160.11,63.54,1,1,1.000000
1482,87,618.86,231.29,178.10,63.92,1,1,1.000000
1482,128,602.81,547.06,421.79,170.93,1,1,1.000000
1482,129,734.35,288.90,290.51,71.33,1,1,1.000000
1482,85,582.05,133.25,93.08,44.90,1,1,1.000000
1482,144,840.69,32.24,302.06,111.09,1,1,1.000000
1482,25,397.01,478.26,45.76,86.78,1,1,1.000000
1482,151,855.42,338.88,353.38,114.08,1,1,1.000000
1482,155,911.46,136.26,367.32,113.20,1,1,1.000000
1482,58,248.56,464.59,60.12,63.33,1,1,1.000000
1482,162,11.89,382.28,135.96,79.01,1,1,1.000000
1482,106,395.56,189.69,85.55,56.82,1,1,1.000000
1482,185,278.05,435.08,70.49,40.63,1,1,1.000000
1482,133,307.08,609.97,96.54,97.16,1,1,1.000000
1483,71,536.11,240.13,92.52,56.58,1,1,1.000000
1483,86,499.32,423.32,158.69,66.55,1,1,1.000000
1483,87,615.95,231.34,179.70,64.36,1,1,1.000000
1483,128,604.25,543.72,405.51,176.11,1,1,1.000000
1483,129,727.03,289.33,281.23,71.75,1,1,1.000000
1483,85,576.86,134.11,95.84,44.74,1,1,1.000000
1483,144,835.16,39.00,292.51,105.42,1,1,1.000000
1483,25,394.59,475.28,47.19,69.23,1,1,1.000000
1483,151,837.56,347.81,362.59,108.54,1,1,1.000000
1483,155,897.40,132.49,381.09,130.91,1,1,1.000000
1483,162,0.83,371.14,144.43,83.59,1,1,1.000000
1483,106,392.00,190.08,84.44,60.33,1,1,1.000000
1483,133,307.72,613.27,100.91,94.80,1,1,1.000000
1483,66,559.75,343.89,94.68,57.68,1,1,1.000000
1484,71,531.80,241.47,87.23,52.59,1,1,1.000000
1484,86,487.19,420.23,164.70,68.48,1,1,1.000000
1484,87,609.63,231.99,178.05,63.28,1,1,1.000000
1484,128,593.84,540.15,391.12,177.37,1,1,1.000000
1484,129,721.57,288.70,271.35,74.43,1,1,1.000000
1484,85,577.19,134.17,90.85,44.63,1,1,1.000000
1484,144,826.58,41.95,290.50,104.29,1,1,1.000000
1484,25,391.66,472.53,50.77,71.43,1,1,1.000000
1484,151,824.29,357.69,366.70,102.67,1,1,1.000000
1484,155,892.49,126.65,386.13,132.98,1,1,1.000000
1484,162,8.86,372.77,142.77,83.60,1,1,1.000000
1484,106,385.95,186.28,94.97,61.50,1,1,1.000000
1484,133,304.36,610.25,104.72,98.13,1,1,1.000000
1484,188,0.93,1.29,71.03,64.18,1,1,1.000000
1484,66,559.86,339.41,86.72,63.05,1,1,1.000000
1484,166,104.66,624.40,206.80,93.63,1,1,1.000000
1484,122,105.49,111.49,143.05,72.16,1,1,1.000000
1484,58,233.57,458.55,80.14,63.48,1,1,1.000000
1485,71,533.45,243.86,81.62,45.86,1,1,1.000000
1485,86,487.27,421.49,138.98,62.19,1,1,1.000000
1485,87,566.11,232.81,219.92,62.18,1,1,1.000000
1485,128,586.69,535.00,386.08,180.35,1,1,1.000000
1485,129,715.51,288.56,271.14,73.75,1,1,1.000000
1485,85,576.96,137.93,85.61,40.26,1,1,1.000000
1485,144,819.14,45.43,282.88,103.52,1,1,1.000000
1485,25,384.12,476.31,59.03,64.23,1,1,1.000000
1485,151,808.94,367.51,366.33,94.98,1,1,1.000000
1485,155,879.82,126.95,397.80,131.17,1,1,1.000000
1485,162,0.00,352.43,163.62,85.75,1,1,1.000000
1485,106,388.60,186.88,80.27,61.50,1,1,1.000000
1485,133,309.58,607.51,102.09,95.23,1,1,1.000000
1485,188,0.46,1.34,74.93,63.55,1,1,1.000000
1485,66,556.96,338.93,89.66,60.96,1,1,1.000000
1485,166,99.14,613.85,203.46,103.96,1,1,1.000000
1485,57,358.35,220.27,96.78,67.16,1,1,1.000000
1486,71,529.33,239.11,75.74,51.80,1,1,1.000000
1486,86,479.20,413.19,141.53,71.12,1,1,1.000000
1486,87,593.87,235.62,179.59,56.66,1,1,1.000000
1486,128,573.89,528.34,365.16,163.29,1,1,1.000000
1486,129,698.48,285.36,262.63,77.96,1,1,1.000000
1486,85,576.05,135.71,90.98,43.18,1,1,1.000000
1486,144,806.73,52.95,275.48,98.70,1,1,1.000000
1486,25,386.05,459.84,58.31,76.02,1,1,1.000000
1486,151,778.48,371.09,351.98,93.05,1,1,1.000000
1486,155,865.18,131.52,384.73,127.70,1,1,1.000000
1486,162,0.00,363.00,160.24,74.07,1,1,1.000000
1486,106,386.34,190.06,65.99,55.43,1,1,1.000000
1486,133,315.05,603.41,101.99,78.11,1,1,1.000000
1486,188,0.69,1.05,82.99,63.25,1,1,1.000000
1486,166,80.71,605.70,190.39,113.82,1,1,1.000000
1486,57,373.61,188.40,78.07,89.35,1,1,1.000000
1486,58,249.80,440.25,76.84,75.25,1,1,1.000000
1487,71,525.38,240.93,79.00,52.68,1,1,1.000000
1487,86,473.93,407.56,140.06,69.84,1,1,1.000000
1487,87,590.94,234.90,173.48,57.00,1,1,1.000000
1487,128,566.97,527.79,352.69,146.11,1,1,1.000000
1487,129,693.66,287.33,257.39,76.16,1,1,1.000000
1487,85,575.42,133.04,92.06,44.94,1,1,1.000000
1487,144,799.34,56.10,274.04,99.55,1,1,1.000000
1487,25,385.65,459.92,59.70,76.01,1,1,1.000000
1487,151,767.39,367.02,340.71,98.93,1,1,1.000000
1487,155,855.22,133.58,378.70,125.37,1,1,1.000000
1487,162,0.00,360.72,162.74,66.51,1,1,1.000000
1487,106,385.01,190.49,60.57,56.01,1,1,1.000000
1487,133,338.35,604.30,72.37,68.60,1,1,1.000000
1487,166,79.83,603.86,171.65,113.57,1,1,1.000000
1487,57,366.89,188.76,80.42,91.73,1,1,1.000000
1487,193,1205.10,593.17,74.52,61.35,1,1,1.000000
1487,58,250.49,441.93,86.05,73.51,1,1,1.000000
1488,71,526.61,242.21,69.13,47.97,1,1,1.000000
1488,86,470.03,405.43,133.54,67.77,1,1,1.000000
1488,87,533.60,235.58,217.47,56.75,1,1,1.000000
1488,128,556.26,522.57,353.81,145.74,1,1,1.000000
1488,129,687.97,293.75,244.37,70.82,1,1,1.000000
1488,85,575.50,130.56,93.38,47.09,1,1,1.000000
1488,144,795.13,56.97,267.36,99.33,1,1,1.000000
1488,25,379.36,463.02,64.29,71.41,1,1,1.000000
1488,151,731.62,369.82,352.89,115.76,1,1,1.000000
1488,155,843.34,140.20,372.74,117.46,1,1,1.000000
1488,162,0.00,355.40,166.06,72.35,1,1,1.000000
1488,106,369.80,218.29,61.15,55.86,1,1,1.000000
1488,133,316.61,603.22,101.91,96.17,1,1,1.000000
1488,166,14.98,613.50,103.42,102.68,1,1,1.000000
1488,193,1186.68,590.75,93.17,64.67,1,1,1.000000
1488,58,249.78,435.28,68.95,79.07,1,1,1.000000
1488,198,133.53,555.39,117.71,74.33,1,1,1.000000
1489,86,465.61,405.93,130.92,64.33,1,1,1.000000
1489,87,525.15,234.94,218.83,58.50,1,1,1.000000
1489,128,544.89,517.28,352.29,144.20,1,1,1.000000
1489,129,674.93,297.10,249.94,68.18,1,1,1.000000
1489,85,573.96,128.91,93.75,49.09,1,1,1.000000
1489,144,785.15,63.69,267.20,93.13,1,1,1.000000
1489,25,380.41,461.01,63.30,71.94,1,1,1.000000
1489,151,735.64,369.52,329.38,118.80,1,1,1.000000
1489,155,837.64,141.39,361.54,117.45,1,1,1.000000
1489,162,0.00,360.86,141.56,73.21,1,1,1.000000
1489,106,371.07,191.30,69.08,83.14,1,1,1.000000
1489,133,313.69,590.78,104.61,79.30,1,1,1.000000
1489,193,1169.98,589.06,109.95,62.80,1,1,1.000000
1489,58,249.93,437.37,62.01,73.30,1,1,1.000000
1489,198,134.97,554.31,112.19,70.53,1,1,1.000000
1490,86,461.29,403.22,126.11,54.66,1,1,1.000000
1490,87,524.30,236.05,208.87,57.49,1,1,1.000000
1490,128,544.62,515.13,263.34,116.73,1,1,1.000000
1490,129,661.54,303.16,245.21,62.65,1,1,1.000000
1490,85,571.46,126.78,98.54,47.49,1,1,1.000000
1490,144,778.60,66.64,262.04,92.76,1,1,1.000000
1490,25,391.11,456.62,53.76,70.23,1,1,1.000000
1490,151,723.63,371.30,322.16,95.00,1,1,1.000000
1490,155,828.38,148.60,354.73,113.04,1,1,1.000000
1490,162,0.00,349.25,179.57,71.97,1,1,1.000000
1490,133,316.96,587.02,99.11,108.24,1,1,1.000000
1490,193,1155.39,585.85,124.18,87.89,1,1,1.000000
1490,58,249.84,434.36,65.89,73.76,1,1,1.000000
1490,198,128.89,552.74,122.94,92.48,1,1,1.000000
1490,166,0.31,558.53,67.05,156.57,1,1,1.000000
1491,86,461.29,403.22,126.11,54.66,1,1,1.000000
1491,87,524.30,236.05,208.87,57.49,1,1,1.000000
1491,128,544.62,515.13,263.34,116.73,1,1,1.000000
1491,129,661.54,303.16,245.21,62.65,1,1,1.000000
1491,85,571.46,126.78,98.54,47.49,1,1,1.000000
1491,144,778.60,66.64,262.04,92.76,1,1,1.000000
1491,25,391.11,456.62,53.76,70.23,1,1,1.000000
1491,151,723.63,371.30,322.16,95.00,1,1,1.000000
1491,155,828.38,148.60,354.73,113.04,1,1,1.000000
1491,162,0.00,349.25,179.57,71.97,1,1,1.000000
1491,133,316.96,587.02,99.11,108.24,1,1,1.000000
1491,193,1155.39,585.85,124.18,87.89,1,1,1.000000
1491,58,249.84,434.36,65.89,73.76,1,1,1.000000
1491,198,128.89,552.74,122.94,92.48,1,1,1.000000
1491,202,1242.15,321.35,37.62,33.60,1,1,1.000000
1491,203,725.49,603.43,158.07,50.22,1,1,1.000000
1492,86,452.34,393.92,127.43,56.87,1,1,1.000000
1492,87,525.65,236.42,186.50,55.12,1,1,1.000000
1492,128,535.82,510.81,235.21,103.99,1,1,1.000000
1492,129,655.03,303.51,228.02,64.77,1,1,1.000000
1492,85,567.56,129.80,99.54,45.07,1,1,1.000000
1492,144,769.92,72.60,252.92,87.43,1,1,1.000000
1492,25,393.79,452.47,54.69,64.18,1,1,1.000000
1492,151,697.21,381.43,310.11,88.72,1,1,1.000000
1492,155,809.29,156.50,342.47,104.52,1,1,1.000000
1492,162,0.00,348.88,177.64,57.92,1,1,1.000000
1492,133,317.04,571.76,49.91,95.39,1,1,1.000000
1492,193,1123.82,573.86,156.14,79.95,1,1,1.000000
1492,202,1209.93,315.03,69.58,44.90,1,1,1.000000
1492,203,671.48,589.92,185.57,56.24,1,1,1.000000
1492,166,2.81,590.24,80.37,125.80,1,1,1.000000
1493,87,526.07,235.13,178.18,55.31,1,1,1.000000
1493,128,531.63,509.09,233.49,104.56,1,1,1.000000
1493,129,653.79,302.90,217.33,67.49,1,1,1.000000
1493,85,572.78,130.87,88.03,42.44,1,1,1.000000
1493,144,767.09,76.68,246.40,84.49,1,1,1.000000
1493,25,394.86,448.90,50.10,61.79,1,1,1.000000
1493,151,684.25,384.51,308.43,84.60,1,1,1.000000
1493,155,802.42,157.79,335.07,102.67,1,1,1.000000
1493,162,0.00,344.26,185.24,66.35,1,1,1.000000
1493,133,319.52,574.11,51.72,104.07,1,1,1.000000
1493,193,1106.56,573.62,173.24,79.44,1,1,1.000000
1493,202,1194.93,305.32,85.11,56.22,1,1,1.000000
1493,203,651.21,585.18,194.90,67.86,1,1,1.000000
1493,205,528.47,660.70,73.66,58.96,1,1,1.000000
1493,206,93.50,640.94,103.80,78.34,1,1,1.000000
1493,207,170.68,654.81,115.48,64.30,1,1,1.000000
1493,166,7.63,591.65,106.93,126.30,1,1,1.000000
1493,188,1.24,0.64,106.63,60.87,1,1,1.000000
1493,58,251.85,429.62,69.72,68.73,1,1,1.000000
1494,87,523.78,235.17,174.70,55.96,1,1,1.000000
1494,128,527.13,505.16,223.99,105.85,1,1,1.000000
1494,129,649.88,302.98,211.93,68.18,1,1,1.000000
1494,85,573.88,133.19,73.29,40.87,1,1,1.000000
1494,144,762.83,78.47,243.82,83.89,1,1,1.000000
1494,25,395.01,446.16,50.75,62.33,1,1,1.000000
1494,151,670.42,388.16,304.29,82.12,1,1,1.000000
1494,155,789.66,160.35,334.26,102.94,1,1,1.000000
1494,162,0.01,342.34,185.85,69.87,1,1,1.000000
1494,133,318.24,578.40,52.96,98.35,1,1,1.000000
1494,193,1092.13,567.09,187.31,83.08,1,1,1.000000
1494,202,1179.00,302.29,101.14,58.28,1,1,1.000000
1494,203,600.38,584.03,227.69,80.57,1,1,1.000000
1494,205,526.82,653.91,79.21,66.13,1,1,1.000000
1494,206,116.04,633.98,64.09,84.01,1,1,1.000000
1494,207,171.45,586.32,144.39,120.71,1,1,1.000000
1494,166,1.91,472.69,156.97,247.28,1,1,1.000000
1494,209,1203.14,214.53,76.44,49.79,1,1,1.000000
1494,210,633.48,0.00,109.52,19.56,1,1,1.000000
1494,188,2.25,1.81,110.23,58.54,1,1,1.000000
1494,58,251.95,428.03,50.13,67.39,1,1,1.000000
1494,86,446.24,389.44,136.58,60.73,1,1,1.000000
1495,87,525.90,234.51,165.18,56.06,1,1,1.000000
1495,128,520.82,501.92,221.94,104.16,1,1,1.000000
1495,129,639.37,304.19,211.77,66.51,1,1,1.000000
1495,85,570.82,138.62,73.78,36.20,1,1,1.000000
1495,144,757.10,83.29,239.97,79.35,1,1,1.000000
1495,25,396.15,444.36,49.96,62.18,1,1,1.000000
1495,151,657.00,396.29,306.48,72.54,1,1,1.000000
1495,155,784.32,163.57,328.07,99.95,1,1,1.000000
1495,162,0.82,337.65,192.62,76.36,1,1,1.000000
1495,133,320.70,577.73,53.85,90.79,1,1,1.000000
1495,193,1076.56,566.99,203.29,80.89,1,1,1.000000
1495,202,1164.63,295.66,115.40,67.38,1,1,1.000000
1495,203,522.37,505.37,290.88,143.22,1,1,1.000000
1495,205,514.79,643.52,89.86,76.14,1,1,1.000000
1495,207,121.13,598.61,182.45,119.52,1,1,1.000000
1495,209,1190.44,205.28,89.18,67.19,1,1,1.000000
1495,210,622.10,0.00,112.27,21.96,1,1,1.000000
1495,58,252.00,428.22,48.58,67.66,1,1,1.000000
1495,213,0.27,166.73,71.98,56.45,1,1,1.000000
1495,86,443.72,391.61,134.91,54.85,1,1,1.000000
1496,87,525.18,233.26,165.20,55.62,1,1,1.000000
1496,128,515.71,499.95,221.89,101.28,1,1,1.000000
1496,129,631.88,307.59,208.72,63.04,1,1,1.000000
1496,85,565.23,133.27,83.69,39.76,1,1,1.000000
1496,144,752.36,81.58,238.95,82.04,1,1,1.000000
1496,25,394.53,443.84,50.45,62.54,1,1,1.000000
1496,151,643.82,397.00,315.32,72.12,1,1,1.000000
1496,155,773.90,167.27,325.90,96.46,1,1,1.000000
1496,162,2.25,337.74,198.21,72.30,1,1,1.000000
1496,133,317.73,577.67,61.16,91.09,1,1,1.000000
1496,193,1062.63,564.67,217.56,85.90,1,1,1.000000
1496,202,1143.12,290.91,136.86,71.81,1,1,1.000000
1496,203,516.34,500.29,283.04,144.79,1,1,1.000000
1496,205,514.97,641.28,87.50,78.40,1,1,1.000000
1496,209,1156.44,205.17,122.81,68.01,1,1,1.000000
1496,210,618.67,0.00,106.92,23.49,1,1,1.000000
1496,58,252.74,424.52,50.08,66.50,1,1,1.000000
1496,86,441.05,387.50,128.17,58.31,1,1,1.000000
1496,57,373.51,184.25,72.75,53.65,1,1,1.000000
1496,188,1.71,1.17,118.86,59.47,1,1,1.000000
1497,87,520.08,232.18,167.96,55.98,1,1,1.000000
1497,128,513.58,496.22,207.30,103.47,1,1,1.000000
1497,129,626.14,308.81,203.70,61.51,1,1,1.000000
1497,85,565.31,130.84,77.47,43.40,1,1,1.000000
1497,144,746.29,83.79,242.35,80.42,1,1,1.000000
1497,25,395.72,441.27,51.94,62.34,1,1,1.000000
1497,151,631.73,397.93,298.76,72.36,1,1,1.000000
1497,155,766.05,164.72,321.10,99.41,1,1,1.000000
1497,162,0.13,340.69,207.60,63.29,1,1,1.000000
1497,133,316.45,579.83,52.26,86.66,1,1,1.000000
1497,193,1048.59,563.24,231.25,83.52,1,1,1.000000
1497,202,1130.14,291.30,149.54,74.74,1,1,1.000000
1497,203,515.34,499.53,273.67,144.86,1,1,1.000000
1497,205,517.32,636.91,86.54,82.45,1,1,1.000000
1497,209,1134.68,201.10,144.74,78.45,1,1,1.000000
1497,210,607.16,0.00,113.76,24.77,1,1,1.000000
1497,58,252.33,424.42,47.95,61.12,1,1,1.000000
1497,86,437.49,380.72,122.76,60.27,1,1,1.000000
1497,215,0.82,604.22,38.39,111.77,1,1,1.000000
1497,216,12.60,616.51,125.89,101.99,1,1,1.000000
1497,218,932.93,155.86,105.07,41.39,1,1,1.000000
1497,207,124.79,592.37,186.48,125.99,1,1,1.000000
1498,87,520.16,231.14,164.72,55.66,1,1,1.000000
1498,128,511.28,495.74,203.05,103.20,1,1,1.000000
1498,129,617.76,306.90,202.71,62.37,1,1,1.000000
1498,85,564.57,133.46,73.97,40.94,1,1,1.000000
1498,144,743.32,85.38,237.00,79.90,1,1,1.000000
1498,25,393.27,440.47,47.25,66.44,1,1,1.000000
1498,151,623.20,401.02,296.94,72.61,1,1,1.000000
1498,155,758.21,171.15,316.82,93.63,1,1,1.000000
1498,162,3.58,339.01,214.46,56.62,1,1,1.000000
1498,133,319.05,575.52,60.93,86.86,1,1,1.000000
1498,193,1036.41,559.20,243.38,84.92,1,1,1.000000
1498,202,1115.16,288.42,164.59,82.11,1,1,1.000000
1498,205,521.21,631.91,81.90,87.87,1,1,1.000000
1498,209,1117.45,194.46,161.92,83.80,1,1,1.000000
1498,210,602.86,0.16,117.37,25.48,1,1,1.000000
1498,58,253.66,423.62,44.51,60.02,1,1,1.000000
1498,86,436.19,384.33,118.99,59.21,1,1,1.000000
1498,215,0.69,595.10,51.92,121.69,1,1,1.000000
1498,218,931.36,156.28,109.43,45.19,1,1,1.000000
1499,87,525.92,231.54,155.83,53.97,1,1,1.000000
1499,128,504.50,491.98,247.24,133.65,1,1,1.000000
1499,129,601.26,305.35,199.54,62.84,1,1,1.000000
1499,85,557.98,138.13,71.09,36.99,1,1,1.000000
1499,144,732.82,87.28,237.00,79.37,1,1,1.000000
1499,25,382.58,437.27,71.39,72.09,1,1,1.000000
1499,151,603.84,403.95,282.15,68.71,1,1,1.000000
1499,155,741.15,174.49,310.68,91.23,1,1,1.000000
1499,162,18.02,336.85,208.35,57.00,1,1,1.000000
1499,133,300.20,574.83,85.59,114.13,1,1,1.000000
1499,193,1008.88,555.67,270.89,82.72,1,1,1.000000
1499,202,1089.36,285.05,190.26,82.58,1,1,1.000000
1499,205,518.46,624.79,80.47,94.31,1,1,1.000000
1499,209,1073.93,190.90,205.48,92.23,1,1,1.000000
1499,210,587.26,0.24,121.95,28.49,1,1,1.000000
1499,58,252.07,420.54,51.09,57.85,1,1,1.000000
1499,86,426.97,379.67,115.04,65.19,1,1,1.000000
1499,215,0.71,578.34,57.60,138.65,1,1,1.000000
1499,206,130.82,654.77,162.11,63.18,1,1,1.000000
1499,216,0.46,558.21,144.29,160.16,1,1,1.000000
1500,87,523.66,231.36,156.36,52.01,1,1,1.000000
1500,128,500.53,489.36,245.90,131.08,1,1,1.000000
1500,129,595.14,307.21,198.40,61.68,1,1,1.000000
1500,85,558.49,134.80,81.47,39.77,1,1,1.000000
1500,144,729.29,88.10,229.53,79.81,1,1,1.000000
1500,151,593.92,404.66,275.11,68.92,1,1,1.000000
1500,155,735.90,183.79,306.83,81.27,1,1,1.000000
1500,162,24.44,334.01,207.54,74.45,1,1,1.000000
1500,133,303.58,576.35,82.27,100.13,1,1,1.000000
1500,193,995.78,550.33,283.89,84.91,1,1,1.000000
1500,202,1075.62,283.55,204.01,83.64,1,1,1.000000
1500,205,515.86,620.35,87.40,98.73,1,1,1.000000
1500,209,1052.91,187.50,226.39,94.44,1,1,1.000000
1500,210,581.95,0.22,122.96,31.37,1,1,1.000000
1500,58,254.22,418.83,47.21,59.24,1,1,1.000000
1500,86,425.84,378.72,108.73,62.85,1,1,1.000000
1500,215,0.18,576.04,65.70,141.51,1,1,1.000000
1500,188,2.66,0.79,140.23,61.41,1,1,1.000000
1500,207,205.55,582.13,105.75,129.08,1,1,1.000000
1500,218,932.37,154.25,99.42,46.80,1,1,1.000000
1501,87,523.94,230.75,147.97,54.23,1,1,1.000000
1501,128,496.45,486.73,191.55,108.22,1,1,1.000000
1501,129,594.79,306.73,191.84,60.54,1,1,1.000000
1501,85,560.51,135.85,80.03,41.60,1,1,1.000000
1501,144,724.61,90.71,229.21,78.60,1,1,1.000000
1501,151,586.43,406.59,268.51,67.10,1,1,1.000000
1501,155,728.91,181.75,298.06,82.77,1,1,1.000000
1501,162,31.82,334.01,207.64,65.25,1,1,1.000000
1501,193,982.12,549.33,297.13,84.57,1,1,1.000000
1501,202,1062.95,281.51,216.74,85.62,1,1,1.000000
1501,205,512.11,614.63,88.27,104.63,1,1,1.000000
1501,209,1031.61,180.47,248.07,98.54,1,1,1.000000
1501,210,572.95,0.00,131.04,33.00,1,1,1.000000
1501,58,250.48,417.28,51.52,60.77,1,1,1.000000
1501,86,422.01,376.70,108.55,55.62,1,1,1.000000
1501,215,0.37,571.12,73.54,146.58,1,1,1.000000
1501,188,3.34,0.81,145.21,60.34,1,1,1.000000
1501,207,140.31,565.92,168.39,150.52,1,1,1.000000
1501,218,932.79,158.56,91.19,33.28,1,1,1.000000
1502,87,527.28,232.55,143.22,52.89,1,1,1.000000
1502,128,491.45,485.66,196.19,106.61,1,1,1.000000
1502,129,591.70,307.47,186.20,62.35,1,1,1.000000
1502,144,719.57,95.32,231.32,75.42,1,1,1.000000
1502,151,577.25,405.70,267.03,67.36,1,1,1.000000
1502,155,721.33,194.92,287.04,72.23,1,1,1.000000
1502,162,31.72,332.51,213.39,64.31,1,1,1.000000
1502,193,967.47,548.85,312.42,81.11,1,1,1.000000
1502,202,1043.38,279.40,236.03,86.58,1,1,1.000000
1502,205,509.99,610.94,86.55,108.13,1,1,1.000000
1502,209,1006.40,182.14,273.73,98.81,1,1,1.000000
1502,210,567.36,0.00,129.11,35.10,1,1,1.000000
1502,58,253.75,415.73,50.14,59.93,1,1,1.000000
1502,215,0.94,565.31,69.80,150.88,1,1,1.000000
1502,218,928.91,156.54,118.62,49.41,1,1,1.000000
1502,175,72.56,543.38,108.96,98.18,1,1,1.000000
1502,25,382.98,437.06,80.82,63.85,1,1,1.000000
1502,216,1.01,564.97,68.88,95.60,1,1,1.000000
1502,133,284.14,575.97,100.36,120.55,1,1,1.000000
1503,87,527.76,232.44,129.01,51.88,1,1,1.000000
1503,128,486.87,482.27,189.40,104.90,1,1,1.000000
1503,129,551.06,304.20,214.98,64.26,1,1,1.000000
1503,144,715.89,96.24,218.81,73.73,1,1,1.000000
1503,151,564.31,405.13,264.91,67.16,1,1,1.000000
1503,155,710.67,193.48,286.98,73.81,1,1,1.000000
1503,162,39.03,330.91,211.13,81.76,1,1,1.000000
1503,193,952.92,542.19,326.01,85.70,1,1,1.000000
1503,202,1029.71,272.67,250.14,96.77,1,1,1.000000
1503,205,506.82,609.84,84.72,108.50,1,1,1.000000
1503,209,985.26,182.96,294.79,103.77,1,1,1.000000
1503,210,556.66,0.00,133.13,35.46,1,1,1.000000
1503,58,254.51,409.94,50.16,62.47,1,1,1.000000
1503,215,0.59,560.25,68.94,157.25,1,1,1.000000
1503,218,930.40,155.88,115.07,48.08,1,1,1.000000
1503,175,67.18,545.39,110.55,103.20,1,1,1.000000
1503,25,387.18,432.41,86.35,72.61,1,1,1.000000
1503,216,0.00,562.42,67.00,90.95,1,1,1.000000
1503,85,550.89,135.93,69.37,38.22,1,1,1.000000
1503,207,148.91,558.67,163.34,154.56,1,1,1.000000
1504,87,523.33,234.66,121.85,49.48,1,1,1.000000
1504,128,480.84,481.01,184.02,101.68,1,1,1.000000
1504,129,569.58,305.13,185.74,66.17,1,1,1.000000
1504,144,703.51,98.27,217.78,73.64,1,1,1.000000
1504,151,555.18,404.35,253.45,67.28,1,1,1.000000
1504,155,703.69,192.41,270.66,75.86,1,1,1.000000
1504,162,31.26,326.87,221.65,87.02,1,1,1.000000
1504,193,936.83,538.40,342.22,89.16,1,1,1.000000
1504,202,1012.66,275.34,266.58,89.03,1,1,1.000000
1504,205,497.88,604.98,97.62,113.51,1,1,1.000000
1504,209,971.74,186.66,307.68,97.02,1,1,1.000000
1504,210,546.49,0.10,139.32,35.67,1,1,1.000000
1504,58,250.70,413.99,58.19,59.78,1,1,1.000000
1504,215,0.48,554.94,70.93,162.62,1,1,1.000000
1504,175,62.03,547.04,139.97,100.62,1,1,1.000000
1504,25,376.99,430.15,94.07,81.82,1,1,1.000000
1504,216,0.86,553.66,69.74,101.58,1,1,1.000000
1504,226,44.68,652.72,117.36,66.28,1,1,1.000000
1504,227,0.00,634.99,38.06,84.41,1,1,1.000000
1504,85,551.13,135.62,73.18,34.87,1,1,1.000000
1504,133,334.49,570.65,54.21,75.41,1,1,1.000000
1505,87,510.87,232.11,122.62,47.95,1,1,1.000000
1505,128,467.09,479.91,185.92,96.14,1,1,1.000000
1505,129,566.78,307.64,176.85,60.91,1,1,1.000000
1505,144,692.97,99.27,219.50,74.34,1,1,1.000000
1505,151,532.98,404.61,256.32,66.47,1,1,1.000000
1505,155,687.94,195.10,271.79,73.50,1,1,1.000000
1505,162,30.80,329.46,212.67,59.07,1,1,1.000000
1505,193,908.45,531.88,369.50,89.60,1,1,1.000000
1505,202,991.43,276.53,289.13,82.49,1,1,1.000000
1505,205,486.27,603.31,97.31,115.60,1,1,1.000000
1505,209,932.54,187.91,347.41,95.57,1,1,1.000000
1505,210,538.66,0.20,136.37,36.32,1,1,1.000000
1505,175,46.15,539.91,105.38,108.06,1,1,1.000000
1505,25,368.19,422.18,94.25,89.66,1,1,1.000000
1505,216,0.68,554.69,62.21,93.67,1,1,1.000000
1505,226,34.37,657.55,113.24,62.08,1,1,1.000000
1505,85,539.02,137.77,79.49,34.75,1,1,1.000000
1505,133,317.36,578.34,59.42,67.59,1,1,1.000000
1505,86,387.51,366.97,136.35,50.42,1,1,1.000000
1506,87,510.87,232.11,122.62,47.95,1,1,1.000000
1506,128,467.09,479.91,185.92,96.14,1,1,1.000000
1506,129,566.78,307.64,176.85,60.91,1,1,1.000000
1506,144,692.97,99.27,219.50,74.34,1,1,1.000000
1506,151,532.98,404.61,256.32,66.47,1,1,1.000000
1506,155,687.94,195.10,271.79,73.50,1,1,1.000000
1506,162,30.80,329.46,212.67,59.07,1,1,1.000000
1506,193,908.45,531.88,369.50,89.60,1,1,1.000000
1506,202,991.43,276.53,289.13,82.49,1,1,1.000000
1506,205,486.27,603.31,97.31,115.60,1,1,1.000000
1506,209,932.54,187.91,347.41,95.57,1,1,1.000000
1506,210,538.66,0.20,136.37,36.32,1,1,1.000000
1506,175,46.15,539.91,105.38,108.06,1,1,1.000000
1506,25,368.19,422.18,94.25,89.66,1,1,1.000000
1506,216,0.68,554.69,62.21,93.67,1,1,1.000000
1506,226,34.37,657.55,113.24,62.08,1,1,1.000000
1506,85,539.02,137.77,79.49,34.75,1,1,1.000000
1506,133,317.36,578.34,59.42,67.59,1,1,1.000000
1506,228,330.93,212.57,116.90,59.92,1,1,1.000000
1506,86,387.51,366.97,136.35,50.42,1,1,1.000000
1507,87,485.31,229.95,117.09,53.65,1,1,1.000000
1507,128,437.74,478.02,228.21,107.53,1,1,1.000000
1507,129,542.89,300.24,170.30,69.52,1,1,1.000000
1507,144,657.98,101.60,217.16,74.12,1,1,1.000000
1507,151,497.12,401.30,237.94,69.34,1,1,1.000000
1507,155,655.42,185.83,256.17,83.27,1,1,1.000000
1507,162,26.95,323.54,213.87,66.56,1,1,1.000000
1507,193,865.42,522.26,375.20,98.06,1,1,1.000000
1507,202,937.41,274.36,342.04,81.39,1,1,1.000000
1507,205,464.95,598.27,85.37,115.23,1,1,1.000000
1507,209,880.26,192.98,398.62,93.64,1,1,1.000000
1507,210,505.17,0.19,132.81,39.56,1,1,1.000000
1507,175,8.21,543.26,163.21,109.89,1,1,1.000000
1507,25,346.85,411.85,112.36,108.18,1,1,1.000000
1507,216,0.58,550.83,48.58,70.77,1,1,1.000000
1507,226,2.58,651.28,129.63,66.81,1,1,1.000000
1507,133,300.71,568.12,67.75,87.44,1,1,1.000000
1507,26,328.29,325.83,64.22,80.25,1,1,1.000000
1507,207,147.76,581.87,169.04,133.73,1,1,1.000000
1507,58,211.65,411.29,66.22,58.62,1,1,1.000000
1508,87,476.20,232.23,113.26,49.19,1,1,1.000000
1508,128,423.57,474.49,176.22,94.96,1,1,1.000000
1508,129,525.99,304.66,162.06,66.04,1,1,1.000000
1508,144,642.17,103.20,211.02,73.09,1,1,1.000000
1508,151,479.27,397.36,235.52,73.71,1,1,1.000000
1508,155,639.62,180.34,253.96,88.76,1,1,1.000000
1508,162,15.11,323.08,214.45,67.00,1,1,1.000000
1508,193,844.30,518.96,362.19,101.25,1,1,1.000000
1508,202,915.47,272.94,362.60,83.03,1,1,1.000000
1508,205,451.21,593.47,88.85,123.37,1,1,1.000000
1508,209,849.55,190.04,429.00,94.70,1,1,1.000000
1508,210,493.47,0.00,130.05,41.46,1,1,1.000000
1508,175,0.87,542.28,129.56,116.30,1,1,1.000000
1508,133,290.06,570.59,63.50,80.01,1,1,1.000000
1508,26,298.29,341.97,64.45,81.13,1,1,1.000000
1508,207,136.24,601.25,167.57,115.92,1,1,1.000000
1509,87,466.85,234.29,102.64,51.14,1,1,1.000000
1509,128,413.42,474.76,199.62,106.70,1,1,1.000000
1509,129,512.27,302.15,166.43,66.27,1,1,1.000000
1509,144,630.89,104.48,208.54,73.17,1,1,1.000000
1509,151,462.69,402.52,229.86,73.63,1,1,1.000000
1509,155,622.50,183.59,253.71,85.61,1,1,1.000000
1509,162,15.65,321.42,200.63,68.19,1,1,1.000000
1509,193,811.25,513.31,371.39,105.14,1,1,1.000000
1509,202,890.74,273.29,387.56,80.90,1,1,1.000000
1509,205,448.15,592.62,84.72,125.36,1,1,1.000000
1509,209,822.24,192.19,421.53,94.17,1,1,1.000000
1509,210,474.61,0.35,134.94,42.90,1,1,1.000000
1509,207,111.92,594.05,185.69,122.73,1,1,1.000000
1509,229,1174.14,243.65,105.57,28.28,1,1,1.000000
1509,198,102.80,551.45,180.07,156.96,1,1,1.000000
1509,85,491.51,136.75,88.82,34.51,1,1,1.000000
1509,86,352.77,371.77,104.35,47.39,1,1,1.000000
1510,87,453.93,232.84,89.10,45.84,1,1,1.000000
1510,128,399.95,474.04,166.49,87.85,1,1,1.000000
1510,129,504.25,304.33,171.71,64.19,1,1,1.000000
1510,144,622.07,107.18,196.39,72.50,1,1,1.000000
1510,151,443.11,401.17,225.21,74.07,1,1,1.000000
1510,155,610.57,182.68,246.02,87.29,1,1,1.000000
1510,193,799.99,511.48,362.70,103.26,1,1,1.000000
1510,202,867.14,276.69,407.52,77.80,1,1,1.000000
1510,205,432.11,587.90,90.30,127.42,1,1,1.000000
1510,209,798.20,195.36,412.89,92.22,1,1,1.000000
1510,210,457.40,0.21,162.45,42.61,1,1,1.000000
1510,207,98.32,589.21,182.86,128.01,1,1,1.000000
1510,85,482.56,135.12,85.90,37.39,1,1,1.000000
1510,86,335.47,370.05,106.66,51.68,1,1,1.000000
1510,130,319.81,466.67,124.99,71.99,1,1,1.000000
1510,226,0.42,643.29,90.57,74.97,1,1,1.000000
1510,58,181.98,408.06,101.78,61.07,1,1,1.000000
1510,133,272.60,573.13,62.69,90.44,1,1,1.000000