15,1,0.79,596.88,206.93,119.93,1,1,1.000000
16,1,0.79,596.88,206.93,119.93,1,1,1.000000
17,1,1.11,596.42,239.43,121.37,1,1,1.000000
18,1,0.00,593.99,272.45,123.59,1,1,1.000000
19,1,0.61,593.16,317.45,124.56,1,1,1.000000
19,2,1228.76,392.20,50.26,54.87,1,1,1.000000
20,1,0.56,576.75,368.13,142.69,1,1,1.000000
20,2,1225.60,382.52,54.03,62.03,1,1,1.000000
21,1,0.56,576.75,368.13,142.69,1,1,1.000000
21,2,1225.60,382.52,54.03,62.03,1,1,1.000000
22,1,0.00,574.65,408.90,144.78,1,1,1.000000
22,2,1214.62,380.99,65.21,64.23,1,1,1.000000
23,1,0.00,574.58,448.18,145.09,1,1,1.000000
23,2,1207.33,364.95,72.46,77.53,1,1,1.000000
24,1,0.01,579.45,491.48,140.56,1,1,1.000000
24,2,1202.85,357.69,77.28,78.72,1,1,1.000000
25,1,0.00,588.29,526.78,131.71,1,1,1.000000
25,2,1195.65,349.57,83.95,84.18,1,1,1.000000
26,1,0.00,588.29,526.78,131.71,1,1,1.000000
26,2,1195.65,349.57,83.95,84.18,1,1,1.000000
27,1,0.00,590.51,551.08,129.28,1,1,1.000000
27,2,1189.91,341.46,90.11,90.33,1,1,1.000000
28,1,0.00,592.76,571.38,127.13,1,1,1.000000
28,2,1182.65,328.37,97.45,99.71,1,1,1.000000
29,1,0.00,587.38,583.84,132.37,1,1,1.000000
29,2,1173.54,319.20,106.34,108.30,1,1,1.000000
30,1,0.00,582.96,612.07,136.78,1,1,1.000000
30,2,1166.56,313.99,113.59,104.44,1,1,1.000000
31,1,0.00,582.96,612.07,136.78,1,1,1.000000
31,2,1166.56,313.99,113.59,104.44,1,1,1.000000
32,1,0.08,573.03,637.27,147.26,1,1,1.000000
32,2,1150.31,291.81,129.77,121.84,1,1,1.000000
33,1,4.53,559.17,674.94,160.48,1,1,1.000000
33,2,1138.86,284.55,141.16,122.36,1,1,1.000000
34,1,3.29,543.85,704.16,175.94,1,1,1.000000
34,2,1121.76,263.97,157.93,137.13,1,1,1.000000
35,1,211.21,496.79,527.32,222.39,1,1,1.000000
35,2,1106.32,246.93,173.96,142.36,1,1,1.000000
36,1,211.21,496.79,527.32,222.39,1,1,1.000000
36,2,1106.32,246.93,173.96,142.36,1,1,1.000000
36,3,0.72,604.06,256.55,115.27,1,1,1.000000
37,1,340.11,471.05,480.21,248.95,1,1,1.000000
37,2,1085.07,215.28,194.43,150.01,1,1,1.000000
37,3,0.96,558.77,299.77,161.57,1,1,1.000000
38,1,340.11,471.05,480.21,248.95,1,1,1.000000
38,2,1085.07,215.28,194.43,150.01,1,1,1.000000
38,3,0.96,558.77,299.77,161.57,1,1,1.000000
39,1,389.34,476.00,470.14,243.97,1,1,1.000000
39,2,1071.92,202.35,208.30,157.30,1,1,1.000000
39,3,2.91,563.44,218.34,157.06,1,1,1.000000
40,1,400.63,519.53,490.64,201.05,1,1,1.000000
40,2,1057.67,193.37,222.16,156.29,1,1,1.000000
41,1,400.63,519.53,490.64,201.05,1,1,1.000000
41,2,1057.67,193.37,222.16,156.29,1,1,1.000000
42,1,427.36,550.53,509.77,169.52,1,1,1.000000
42,2,1053.89,182.73,225.75,156.14,1,1,1.000000
43,1,494.62,575.10,457.87,144.82,1,1,1.000000
43,2,1042.29,170.91,238.18,158.54,1,1,1.000000
44,1,546.60,600.51,439.74,119.42,1,1,1.000000
44,2,1034.83,162.11,245.63,164.68,1,1,1.000000
45,1,601.88,602.67,435.68,117.32,1,1,1.000000
45,2,1008.02,154.41,271.77,161.02,1,1,1.000000
46,1,601.88,602.67,435.68,117.32,1,1,1.000000
46,2,1008.02,154.41,271.77,161.02,1,1,1.000000
47,1,658.72,588.30,393.16,131.52,1,1,1.000000
47,2,992.06,143.50,287.29,168.50,1,1,1.000000
48,1,693.22,585.16,383.39,134.64,1,1,1.000000
48,2,982.43,136.25,297.80,168.77,1,1,1.000000
49,1,770.05,616.93,322.05,103.01,1,1,1.000000
49,2,971.08,127.68,309.14,166.83,1,1,1.000000
50,1,828.77,649.65,282.31,69.70,1,1,1.000000
50,2,961.37,120.46,318.16,165.75,1,1,1.000000
51,1,882.45,643.95,222.82,75.70,1,1,1.000000
51,2,956.22,116.43,323.65,163.87,1,1,1.000000
52,1,882.45,643.95,222.82,75.70,1,1,1.000000
52,2,956.22,116.43,323.65,163.87,1,1,1.000000
53,1,921.45,634.03,186.10,86.12,1,1,1.000000
53,2,946.10,111.74,333.78,164.82,1,1,1.000000
54,1,954.63,639.02,154.33,80.76,1,1,1.000000
54,2,933.15,107.69,346.22,163.86,1,1,1.000000
55,2,923.83,107.05,355.11,165.23,1,1,1.000000
56,2,923.83,107.05,355.11,165.23,1,1,1.000000
57,2,908.55,109.18,371.46,160.84,1,1,1.000000
58,2,893.72,106.86,386.01,160.60,1,1,1.000000
59,2,887.65,106.88,391.57,160.97,1,1,1.000000
60,2,879.54,107.41,399.15,158.94,1,1,1.000000
61,2,879.54,107.41,399.15,158.94,1,1,1.000000
62,2,870.05,108.96,408.79,163.17,1,1,1.000000
63,2,867.34,109.39,412.42,164.61,1,1,1.000000
64,2,863.20,107.50,416.40,155.49,1,1,1.000000
65,2,858.44,107.17,420.91,154.75,1,1,1.000000
66,2,858.44,107.17,420.91,154.75,1,1,1.000000
67,2,857.24,106.45,422.34,155.73,1,1,1.000000
68,2,852.22,106.04,427.03,156.75,1,1,1.000000
69,2,848.39,106.90,430.53,159.31,1,1,1.000000
70,2,842.99,107.66,436.59,160.39,1,1,1.000000
71,2,842.99,107.66,436.59,160.39,1,1,1.000000
72,2,837.50,106.96,442.07,161.13,1,1,1.000000
73,2,830.44,104.81,448.51,159.79,1,1,1.000000
74,2,820.26,102.03,459.76,145.32,1,1,1.000000
75,2,815.15,97.33,464.65,143.63,1,1,1.000000
76,2,815.15,97.33,464.65,143.63,1,1,1.000000
77,2,805.29,90.83,474.40,141.14,1,1,1.000000
78,2,801.77,85.62,478.45,137.56,1,1,1.000000
79,2,796.89,77.20,483.78,141.52,1,1,1.000000
80,2,796.25,67.75,484.02,144.51,1,1,1.000000
81,2,796.25,67.75,484.02,144.51,1,1,1.000000
82,2,790.21,61.49,489.55,144.88,1,1,1.000000
83,2,786.95,52.81,492.88,148.83,1,1,1.000000
84,2,783.64,45.73,495.80,149.45,1,1,1.000000
85,2,783.64,45.73,495.80,149.45,1,1,1.000000
86,2,770.90,29.62,510.13,152.66,1,1,1.000000
87,2,770.90,29.62,510.13,152.66,1,1,1.000000
88,2,765.26,23.41,515.84,153.47,1,1,1.000000
89,2,755.48,15.94,524.59,156.48,1,1,1.000000
90,2,745.04,12.83,534.35,152.36,1,1,1.000000
91,2,745.04,12.83,534.35,152.36,1,1,1.000000
92,2,745.04,12.83,534.35,152.36,1,1,1.000000
93,2,732.45,13.55,547.01,150.89,1,1,1.000000
94,2,706.43,8.77,570.26,152.69,1,1,1.000000
95,2,706.43,8.77,570.26,152.69,1,1,1.000000
96,2,672.46,4.78,605.26,154.49,1,1,1.000000
97,2,639.01,4.25,638.46,151.25,1,1,1.000000
98,2,617.65,1.06,583.97,151.75,1,1,1.000000
99,2,590.90,0.00,573.31,148.87,1,1,1.000000
100,2,548.31,0.00,565.80,142.49,1,1,1.000000
101,2,548.31,0.00,565.80,142.49,1,1,1.000000
102,2,531.41,0.00,530.15,141.58,1,1,1.000000
103,2,498.83,0.00,515.59,140.11,1,1,1.000000
104,2,459.38,0.00,548.39,140.75,1,1,1.000000
105,2,418.73,0.07,561.05,144.81,1,1,1.000000
106,2,374.66,0.00,581.49,153.83,1,1,1.000000
107,2,335.46,0.00,579.58,164.07,1,1,1.000000
108,2,335.46,0.00,579.58,164.07,1,1,1.000000
109,2,295.66,0.00,564.20,170.07,1,1,1.000000
110,2,260.09,0.00,561.41,176.24,1,1,1.000000
111,2,260.09,0.00,561.41,176.24,1,1,1.000000
112,2,226.88,0.93,552.12,180.97,1,1,1.000000
113,2,192.85,0.00,557.04,191.23,1,1,1.000000
114,2,171.94,2.15,560.90,201.43,1,1,1.000000
115,2,171.94,2.15,560.90,201.43,1,1,1.000000
116,2,145.77,1.63,550.70,213.06,1,1,1.000000
117,2,123.97,8.85,554.85,218.82,1,1,1.000000
117,4,1219.43,261.09,60.30,70.66,1,1,1.000000
118,2,123.97,8.85,554.85,218.82,1,1,1.000000
118,4,1219.43,261.09,60.30,70.66,1,1,1.000000
119,2,84.86,13.29,589.50,232.19,1,1,1.000000
119,4,1207.94,258.99,71.78,77.24,1,1,1.000000
120,2,78.13,19.35,595.84,232.68,1,1,1.000000
120,4,1214.82,266.62,64.99,71.45,1,1,1.000000
121,2,78.13,19.35,595.84,232.68,1,1,1.000000
121,4,1214.82,266.62,64.99,71.45,1,1,1.000000
122,2,75.21,24.78,597.71,232.46,1,1,1.000000
122,4,1222.84,272.32,56.57,69.31,1,1,1.000000
123,2,72.09,28.87,601.73,234.52,1,1,1.000000
124,2,71.82,33.10,598.47,235.63,1,1,1.000000
125,2,61.08,39.70,599.26,235.27,1,1,1.000000
126,2,50.92,49.55,594.30,232.84,1,1,1.000000
127,2,50.92,49.55,594.30,232.84,1,1,1.000000
128,2,45.48,56.74,587.61,238.57,1,1,1.000000
129,2,44.93,65.03,579.31,238.84,1,1,1.000000
130,2,50.77,75.83,568.45,233.64,1,1,1.000000
131,2,58.29,88.03,555.91,223.72,1,1,1.000000
132,2,58.29,88.03,555.91,223.72,1,1,1.000000
133,2,74.97,98.84,534.53,215.36,1,1,1.000000
134,2,87.65,108.88,520.33,203.36,1,1,1.000000
135,2,87.65,108.88,520.33,203.36,1,1,1.000000
136,2,110.36,113.29,505.20,187.09,1,1,1.000000
137,2,110.36,113.29,505.20,187.09,1,1,1.000000
137,5,1.72,277.08,248.84,188.66,1,1,1.000000
138,2,108.95,124.08,498.81,173.88,1,1,1.000000
138,5,0.64,273.83,300.18,186.83,1,1,1.000000
139,2,99.61,141.03,498.47,151.75,1,1,1.000000
139,5,0.20,275.26,333.10,177.45,1,1,1.000000
139,6,1.13,636.27,250.66,83.39,1,1,1.000000
140,2,86.68,141.04,504.64,149.27,1,1,1.000000
140,5,0.29,274.81,370.74,179.11,1,1,1.000000
140,6,0.40,632.39,292.08,87.20,1,1,1.000000
141,2,86.68,141.04,504.64,149.27,1,1,1.000000
141,5,0.29,274.81,370.74,179.11,1,1,1.000000
141,6,0.40,632.39,292.08,87.20,1,1,1.000000
142,2,79.01,138.98,501.62,149.99,1,1,1.000000
142,5,0.00,268.90,421.05,189.84,1,1,1.000000
142,6,1.54,646.41,347.40,72.99,1,1,1.000000
143,2,65.23,133.87,496.60,164.89,1,1,1.000000
143,5,0.00,261.49,425.87,199.40,1,1,1.000000
143,6,1.30,653.44,388.14,65.89,1,1,1.000000
144,2,57.03,130.52,488.95,175.87,1,1,1.000000
144,5,0.00,266.76,424.64,204.04,1,1,1.000000
144,6,12.45,649.21,406.83,70.37,1,1,1.000000
145,2,51.34,127.73,482.99,180.03,1,1,1.000000
145,5,0.00,269.57,415.21,209.78,1,1,1.000000
145,6,65.76,652.93,369.61,66.81,1,1,1.000000
146,2,51.34,127.73,482.99,180.03,1,1,1.000000
146,5,0.00,269.57,415.21,209.78,1,1,1.000000
146,6,65.76,652.93,369.61,66.81,1,1,1.000000
147,2,47.45,127.62,484.47,181.81,1,1,1.000000
147,5,0.31,274.53,401.71,218.67,1,1,1.000000
147,6,59.52,650.38,392.97,69.26,1,1,1.000000
148,2,43.66,128.74,488.81,181.44,1,1,1.000000
148,5,0.44,276.20,390.79,227.01,1,1,1.000000
148,6,98.01,632.17,377.43,88.30,1,1,1.000000
149,2,43.43,131.22,491.99,171.79,1,1,1.000000
149,5,0.21,276.92,379.44,236.48,1,1,1.000000
149,6,190.08,606.89,270.52,113.55,1,1,1.000000
150,2,43.43,131.22,491.99,171.79,1,1,1.000000
150,5,0.21,276.92,379.44,236.48,1,1,1.000000
150,6,190.08,606.89,270.52,113.55,1,1,1.000000
151,2,40.32,129.55,491.79,166.91,1,1,1.000000
151,5,0.00,272.09,364.53,243.65,1,1,1.000000
151,6,264.62,602.32,166.19,117.77,1,1,1.000000
152,2,37.11,126.75,488.97,162.78,1,1,1.000000
152,5,0.00,292.33,332.92,185.62,1,1,1.000000
153,2,33.55,128.55,482.83,148.65,1,1,1.000000
153,5,0.00,319.15,290.88,153.49,1,1,1.000000
154,2,23.96,128.82,480.63,143.79,1,1,1.000000
154,5,0.03,304.48,277.16,179.21,1,1,1.000000
155,2,16.22,128.30,475.61,139.65,1,1,1.000000
155,5,0.00,286.60,271.65,219.41,1,1,1.000000
156,2,16.22,128.30,475.61,139.65,1,1,1.000000
156,5,0.00,286.60,271.65,219.41,1,1,1.000000
157,2,13.15,123.11,463.73,145.58,1,1,1.000000
157,5,0.37,279.38,224.53,246.74,1,1,1.000000
158,2,5.73,122.80,456.45,146.38,1,1,1.000000
158,5,0.70,285.03,192.90,258.55,1,1,1.000000
159,2,1.57,125.22,444.80,143.42,1,1,1.000000
159,5,0.36,290.32,141.14,271.08,1,1,1.000000
160,2,0.57,126.80,434.36,138.93,1,1,1.000000
160,5,0.24,317.57,106.08,263.56,1,1,1.000000
161,2,0.57,126.80,434.36,138.93,1,1,1.000000
161,5,0.24,317.57,106.08,263.56,1,1,1.000000
162,2,0.56,132.51,417.00,122.66,1,1,1.000000
163,2,0.56,132.51,417.00,122.66,1,1,1.000000
163,7,0.00,417.48,108.76,115.62,1,1,1.000000
164,2,0.82,138.50,410.09,114.42,1,1,1.000000
164,7,0.00,428.55,122.61,130.32,1,1,1.000000
165,2,0.74,142.12,408.54,110.67,1,1,1.000000
165,7,0.00,437.59,116.26,164.20,1,1,1.000000
166,2,0.74,142.12,408.54,110.67,1,1,1.000000
166,7,0.00,437.59,116.26,164.20,1,1,1.000000
167,2,0.27,149.36,406.02,105.47,1,1,1.000000
167,7,0.00,466.55,109.05,140.27,1,1,1.000000
168,2,0.00,151.82,400.54,105.32,1,1,1.000000
168,7,0.00,487.32,106.34,141.89,1,1,1.000000
169,2,0.00,152.30,389.41,106.16,1,1,1.000000
169,7,0.02,506.94,93.09,137.24,1,1,1.000000
170,2,0.00,156.17,366.86,104.47,1,1,1.000000
170,7,0.00,526.48,87.30,141.26,1,1,1.000000
171,2,0.00,156.17,366.86,104.47,1,1,1.000000
171,7,0.00,526.48,87.30,141.26,1,1,1.000000
172,2,0.00,158.42,344.65,103.63,1,1,1.000000
173,2,0.00,160.39,322.44,105.29,1,1,1.000000
174,2,0.00,162.66,303.28,109.51,1,1,1.000000
175,2,0.00,167.03,286.13,110.60,1,1,1.000000
176,2,0.00,167.03,286.13,110.60,1,1,1.000000
177,2,0.00,172.40,274.10,110.21,1,1,1.000000
178,2,0.00,177.41,263.52,112.05,1,1,1.000000
179,2,0.09,182.64,257.00,107.57,1,1,1.000000
180,2,0.00,187.67,252.82,104.86,1,1,1.000000
181,2,0.00,206.01,243.22,91.00,1,1,1.000000
182,2,0.00,206.01,243.22,91.00,1,1,1.000000
183,2,0.00,209.62,237.81,90.42,1,1,1.000000
184,2,0.00,219.49,221.87,84.31,1,1,1.000000
185,2,0.00,223.25,207.42,81.52,1,1,1.000000
186,2,0.00,226.73,190.60,82.66,1,1,1.000000
187,2,0.00,226.73,190.60,82.66,1,1,1.000000
188,2,0.00,230.22,174.96,80.55,1,1,1.000000
189,2,0.00,241.02,152.59,73.54,1,1,1.000000
190,2,0.00,238.34,138.65,83.56,1,1,1.000000
191,2,0.00,241.07,119.82,86.84,1,1,1.000000
192,2,0.00,245.88,108.15,85.98,1,1,1.000000
193,2,0.00,245.88,108.15,85.98,1,1,1.000000
194,2,0.03,248.23,92.27,87.23,1,1,1.000000
195,2,0.00,250.62,80.05,88.31,1,1,1.000000
196,2,0.00,250.62,80.05,88.31,1,1,1.000000
197,2,0.07,254.12,67.96,85.17,1,1,1.000000
198,2,0.07,250.42,57.97,87.66,1,1,1.000000
563,9,0.28,595.97,127.47,78.84,1,1,1.000000
564,9,0.00,578.43,175.78,100.55,1,1,1.000000
565,9,0.02,568.27,208.73,116.52,1,1,1.000000
566,9,0.00,558.19,246.45,124.61,1,1,1.000000
567,9,0.00,520.12,275.90,154.54,1,1,1.000000
568,9,0.00,520.12,275.90,154.54,1,1,1.000000
569,9,0.00,514.71,309.53,159.84,1,1,1.000000
570,9,0.00,509.07,344.27,161.14,1,1,1.000000
571,9,0.00,510.16,388.57,161.03,1,1,1.000000
572,9,0.00,510.16,388.57,161.03,1,1,1.000000
573,9,0.35,515.51,414.81,160.65,1,1,1.000000
574,9,0.37,519.36,442.41,160.93,1,1,1.000000
575,9,1.07,537.20,486.91,147.03,1,1,1.000000
576,9,0.84,532.35,517.92,156.10,1,1,1.000000
577,9,0.84,532.35,517.92,156.10,1,1,1.000000
578,9,0.79,502.58,556.00,194.41,1,1,1.000000
579,9,54.45,516.82,537.31,196.17,1,1,1.000000
580,9,76.31,548.85,544.35,170.62,1,1,1.000000
581,9,76.31,548.85,544.35,170.62,1,1,1.000000
582,9,127.83,564.73,521.66,154.64,1,1,1.000000
583,9,191.49,575.62,484.36,143.95,1,1,1.000000
584,9,244.32,579.75,456.68,139.24,1,1,1.000000
585,9,298.55,563.41,433.61,156.16,1,1,1.000000
586,9,298.55,563.41,433.61,156.16,1,1,1.000000
587,9,359.39,554.37,390.28,165.15,1,1,1.000000
588,9,400.41,545.24,381.01,174.04,1,1,1.000000
589,9,451.31,566.09,341.35,153.74,1,1,1.000000
590,9,488.75,591.46,321.42,128.70,1,1,1.000000
591,9,488.75,591.46,321.42,128.70,1,1,1.000000
592,9,513.80,607.72,310.25,112.74,1,1,1.000000
593,9,561.12,637.81,284.51,81.62,1,1,1.000000
594,9,618.53,641.69,229.73,78.32,1,1,1.000000
595,9,662.97,624.33,187.46,95.72,1,1,1.000000
596,9,662.97,624.33,187.46,95.72,1,1,1.000000
596,10,0.28,83.84,101.15,74.69,1,1,1.000000
597,9,695.42,626.66,160.94,92.30,1,1,1.000000
597,10,0.00,75.61,138.86,95.77,1,1,1.000000
598,10,0.00,60.62,210.73,118.10,1,1,1.000000
599,10,0.00,60.62,210.73,118.10,1,1,1.000000
600,10,0.00,61.61,265.53,117.62,1,1,1.000000
601,10,0.00,51.04,279.13,132.77,1,1,1.000000
602,10,0.00,51.04,279.13,132.77,1,1,1.000000
603,10,0.00,55.54,315.18,130.12,1,1,1.000000
604,10,0.00,56.77,383.92,128.65,1,1,1.000000
605,10,0.46,53.74,392.11,130.20,1,1,1.000000
606,10,0.50,57.07,440.06,123.26,1,1,1.000000
607,10,0.50,57.07,440.06,123.26,1,1,1.000000
608,10,0.34,53.70,513.59,127.20,1,1,1.000000
609,10,1.81,51.11,525.01,133.16,1,1,1.000000
610,10,22.77,46.16,546.57,153.62,1,1,1.000000
611,10,99.98,44.19,501.12,161.33,1,1,1.000000
612,10,99.98,44.19,501.12,161.33,1,1,1.000000
613,10,171.68,37.67,480.46,145.86,1,1,1.000000
614,10,217.23,30.53,474.03,151.41,1,1,1.000000
615,10,307.71,35.22,429.99,115.37,1,1,1.000000
616,10,360.28,23.80,434.77,123.98,1,1,1.000000
617,10,360.28,23.80,434.77,123.98,1,1,1.000000
618,10,405.35,27.26,445.80,117.79,1,1,1.000000
619,10,464.56,22.46,450.99,118.71,1,1,1.000000
620,10,464.56,22.46,450.99,118.71,1,1,1.000000
621,10,580.35,14.09,495.06,117.31,1,1,1.000000
622,10,580.35,14.09,495.06,117.31,1,1,1.000000
623,10,655.80,11.76,469.11,118.82,1,1,1.000000
624,10,714.27,1.20,490.90,126.29,1,1,1.000000
625,10,763.40,0.00,514.95,124.98,1,1,1.000000
626,10,763.40,0.00,514.95,124.98,1,1,1.000000
627,10,818.26,0.00,461.77,122.51,1,1,1.000000
628,10,873.65,0.00,406.00,121.64,1,1,1.000000
628,11,0.29,453.98,106.29,106.84,1,1,1.000000
629,10,925.27,0.00,355.35,112.18,1,1,1.000000
629,11,0.38,458.86,117.17,113.36,1,1,1.000000
630,10,991.68,0.00,288.58,110.41,1,1,1.000000
630,11,0.48,462.43,113.07,116.59,1,1,1.000000
631,10,1039.35,0.00,241.62,93.56,1,1,1.000000
631,11,0.16,469.21,120.20,119.43,1,1,1.000000
632,10,1039.35,0.00,241.62,93.56,1,1,1.000000
632,11,0.16,469.21,120.20,119.43,1,1,1.000000
633,10,1079.77,0.00,201.24,87.88,1,1,1.000000
633,11,0.13,481.55,113.45,117.64,1,1,1.000000
634,10,1122.18,0.00,158.38,80.43,1,1,1.000000
634,11,0.00,500.30,89.94,86.85,1,1,1.000000
635,10,1149.34,0.28,130.95,82.10,1,1,1.000000
636,10,1149.34,0.28,130.95,82.10,1,1,1.000000
676,12,1226.45,377.36,53.35,57.61,1,1,1.000000
677,12,1226.45,377.36,53.35,57.61,1,1,1.000000
678,12,1213.14,373.29,66.72,60.16,1,1,1.000000
679,12,1201.42,368.15,78.72,69.20,1,1,1.000000
680,12,1197.29,367.98,82.73,73.12,1,1,1.000000
681,12,1197.29,367.98,82.73,73.12,1,1,1.000000
682,12,1191.87,364.60,88.08,77.47,1,1,1.000000
683,12,1179.27,367.91,100.89,79.44,1,1,1.000000
684,12,1170.82,370.67,108.95,87.36,1,1,1.000000
685,12,1166.90,375.15,113.00,83.77,1,1,1.000000
686,12,1166.90,375.15,113.00,83.77,1,1,1.000000
687,12,1156.04,378.71,123.84,93.77,1,1,1.000000
688,12,1152.97,385.25,126.48,98.50,1,1,1.000000
689,12,1140.01,393.98,140.03,100.86,1,1,1.000000
690,12,1135.19,400.26,144.37,112.28,1,1,1.000000
691,12,1135.19,400.26,144.37,112.28,1,1,1.000000
692,12,1110.68,412.87,169.56,113.09,1,1,1.000000
693,12,1110.68,412.87,169.56,113.09,1,1,1.000000
694,12,1110.68,412.87,169.56,113.09,1,1,1.000000
695,12,1092.22,419.36,187.25,130.32,1,1,1.000000
696,12,1069.69,428.11,210.54,118.51,1,1,1.000000
697,12,1069.69,428.11,210.54,118.51,1,1,1.000000
698,12,1059.84,438.43,220.75,118.46,1,1,1.000000
699,12,1048.26,440.91,232.07,122.67,1,1,1.000000
700,12,1048.26,440.91,232.07,122.67,1,1,1.000000
701,12,1032.07,448.15,247.93,139.20,1,1,1.000000
702,12,1032.07,448.15,247.93,139.20,1,1,1.000000
703,12,1025.72,453.34,253.98,140.47,1,1,1.000000
704,12,1011.76,461.79,267.43,140.88,1,1,1.000000
705,12,1001.11,466.79,278.61,141.93,1,1,1.000000
706,12,994.19,467.47,285.30,150.70,1,1,1.000000
707,12,994.19,467.47,285.30,150.70,1,1,1.000000
708,12,979.77,468.85,298.97,151.24,1,1,1.000000
709,12,959.37,477.72,319.61,146.34,1,1,1.000000
710,12,952.74,478.71,327.05,144.20,1,1,1.000000
711,12,952.74,478.71,327.05,144.20,1,1,1.000000
712,12,938.67,480.53,341.16,147.32,1,1,1.000000
713,12,937.26,492.32,342.65,148.27,1,1,1.000000
714,12,920.31,497.56,359.41,155.93,1,1,1.000000
715,12,908.80,498.70,371.07,152.76,1,1,1.000000
716,12,908.80,498.70,371.07,152.76,1,1,1.000000
717,12,892.63,486.19,387.06,146.11,1,1,1.000000
718,12,892.63,486.19,387.06,146.11,1,1,1.000000
719,12,876.17,478.50,403.38,145.97,1,1,1.000000
720,12,864.14,469.33,414.65,159.38,1,1,1.000000
721,12,845.58,464.51,434.17,144.73,1,1,1.000000
722,12,845.58,464.51,434.17,144.73,1,1,1.000000
723,12,830.94,462.74,449.06,122.33,1,1,1.000000
724,12,818.27,459.58,460.07,112.26,1,1,1.000000
725,12,804.12,458.18,475.83,115.16,1,1,1.000000
726,12,801.47,457.79,478.53,110.79,1,1,1.000000
727,12,801.47,457.79,478.53,110.79,1,1,1.000000
728,12,783.34,447.46,494.48,118.76,1,1,1.000000
729,12,775.26,441.18,503.33,130.31,1,1,1.000000
730,12,751.99,440.76,511.43,135.92,1,1,1.000000
731,12,751.99,440.76,511.43,135.92,1,1,1.000000
732,12,736.87,442.36,479.34,132.50,1,1,1.000000
733,12,711.99,446.40,470.62,131.21,1,1,1.000000
734,12,695.32,439.27,439.64,139.75,1,1,1.000000
735,12,695.32,439.27,439.64,139.75,1,1,1.000000
736,12,658.77,412.65,404.60,173.82,1,1,1.000000
737,12,658.77,412.65,404.60,173.82,1,1,1.000000
738,12,638.77,417.42,389.25,183.42,1,1,1.000000
739,12,622.85,430.01,390.33,186.86,1,1,1.000000
740,12,605.26,453.30,399.58,180.12,1,1,1.000000
741,12,592.78,469.01,393.71,176.56,1,1,1.000000
742,12,592.78,469.01,393.71,176.56,1,1,1.000000
743,12,564.10,473.97,383.25,191.54,1,1,1.000000
744,12,540.64,459.99,365.80,217.00,1,1,1.000000
745,12,540.64,459.99,365.80,217.00,1,1,1.000000
746,12,492.00,448.18,355.31,272.19,1,1,1.000000
747,12,492.00,448.18,355.31,272.19,1,1,1.000000
748,12,485.75,455.09,330.45,266.14,1,1,1.000000
749,12,499.81,461.11,301.27,260.08,1,1,1.000000
750,12,504.23,500.01,291.09,220.83,1,1,1.000000
751,12,507.20,534.97,276.99,185.51,1,1,1.000000
752,12,507.20,534.97,276.99,185.51,1,1,1.000000
753,12,539.46,564.46,173.85,155.45,1,1,1.000000
754,12,581.02,559.51,78.54,159.77,1,1,1.000000
787,13,1232.05,523.90,48.00,75.22,1,1,1.000000
788,13,1225.74,525.20,53.93,82.78,1,1,1.000000
789,13,1207.37,518.96,72.61,98.02,1,1,1.000000
790,13,1194.50,519.55,85.47,107.09,1,1,1.000000
791,13,1174.77,519.68,105.41,115.93,1,1,1.000000
792,13,1174.77,519.68,105.41,115.93,1,1,1.000000
793,13,1165.94,514.55,114.24,131.10,1,1,1.000000
794,13,1145.86,518.71,134.22,137.57,1,1,1.000000
795,13,1136.66,521.13,143.63,144.32,1,1,1.000000
796,13,1126.59,526.40,152.87,153.45,1,1,1.000000
797,13,1126.59,526.40,152.87,153.45,1,1,1.000000
798,13,1113.18,530.45,166.92,174.29,1,1,1.000000
799,13,1104.16,530.47,175.92,175.25,1,1,1.000000
800,13,1075.41,536.23,204.35,177.76,1,1,1.000000
801,13,1038.13,547.54,242.64,164.06,1,1,1.000000
802,13,1038.13,547.54,242.64,164.06,1,1,1.000000
803,13,1020.80,555.75,259.62,160.66,1,1,1.000000
804,13,1001.83,568.73,278.63,148.21,1,1,1.000000
805,13,1001.83,568.73,278.63,148.21,1,1,1.000000
806,13,977.63,584.00,303.40,133.30,1,1,1.000000
807,13,959.37,600.88,321.26,117.95,1,1,1.000000
808,13,940.55,608.31,340.11,110.60,1,1,1.000000
809,13,924.77,618.19,355.99,101.37,1,1,1.000000
810,13,907.22,623.31,372.43,96.45,1,1,1.000000
811,13,907.22,623.31,372.43,96.45,1,1,1.000000
812,13,905.73,612.19,373.61,107.60,1,1,1.000000
813,13,908.69,611.91,371.66,108.37,1,1,1.000000
814,13,909.12,619.97,371.71,100.07,1,1,1.000000
815,13,912.40,628.33,366.20,91.64,1,1,1.000000
816,13,912.40,628.33,366.20,91.64,1,1,1.000000
817,13,911.80,635.09,365.71,84.69,1,1,1.000000
818,13,920.03,636.43,357.58,83.40,1,1,1.000000
819,13,925.88,611.19,343.23,108.95,1,1,1.000000
820,13,912.35,610.61,312.87,109.24,1,1,1.000000
821,13,912.35,610.61,312.87,109.24,1,1,1.000000
822,13,929.65,667.96,281.12,51.64,1,1,1.000000
823,13,918.95,668.18,304.38,51.48,1,1,1.000000
847,13,924.31,685.71,254.03,34.19,1,1,1.000000
848,13,924.31,685.71,254.03,34.19,1,1,1.000000
849,13,930.15,671.02,253.50,48.71,1,1,1.000000
850,13,931.71,645.20,261.01,74.47,1,1,1.000000
851,13,925.54,625.80,305.84,93.90,1,1,1.000000
852,13,925.54,625.80,305.84,93.90,1,1,1.000000
853,13,918.19,605.06,322.05,115.13,1,1,1.000000
854,13,915.81,587.13,320.62,133.05,1,1,1.000000
855,13,912.21,570.03,323.27,150.64,1,1,1.000000
856,13,912.21,570.03,323.27,150.64,1,1,1.000000
857,13,907.15,558.12,331.71,162.45,1,1,1.000000
858,13,899.74,546.77,371.25,173.83,1,1,1.000000
859,13,891.18,538.08,388.17,182.87,1,1,1.000000
860,13,888.93,536.19,391.12,184.28,1,1,1.000000
861,13,883.08,534.39,396.41,185.52,1,1,1.000000
862,13,883.08,534.39,396.41,185.52,1,1,1.000000
863,13,874.09,529.58,405.75,191.07,1,1,1.000000
864,13,866.40,527.25,413.27,193.24,1,1,1.000000
865,13,861.31,521.16,418.21,199.19,1,1,1.000000
866,13,857.14,519.85,422.92,200.38,1,1,1.000000
867,13,857.14,519.85,422.92,200.38,1,1,1.000000
868,13,849.32,515.06,430.68,203.44,1,1,1.000000
869,13,846.52,509.07,433.74,210.61,1,1,1.000000
870,13,840.12,501.37,440.21,216.98,1,1,1.000000
871,13,829.96,502.53,449.73,202.17,1,1,1.000000
872,13,829.96,502.53,449.73,202.17,1,1,1.000000
873,13,821.54,505.96,458.73,164.97,1,1,1.000000
874,13,808.42,512.13,446.76,140.58,1,1,1.000000
875,13,800.61,515.27,461.24,123.32,1,1,1.000000
876,13,800.61,515.27,461.24,123.32,1,1,1.000000
877,13,786.88,517.92,446.96,123.76,1,1,1.000000
878,13,778.32,519.73,439.19,117.77,1,1,1.000000
879,13,769.64,518.89,434.24,120.10,1,1,1.000000
880,13,762.35,518.07,433.63,122.77,1,1,1.000000
881,13,749.27,522.65,436.22,119.25,1,1,1.000000
882,13,749.27,522.65,436.22,119.25,1,1,1.000000
883,13,742.85,527.57,431.75,115.63,1,1,1.000000
884,13,728.78,529.26,447.71,116.15,1,1,1.000000
885,13,718.65,529.51,461.60,119.69,1,1,1.000000
886,13,718.65,529.51,461.60,119.69,1,1,1.000000
887,13,706.84,532.00,474.33,117.58,1,1,1.000000
888,13,694.24,536.46,462.10,115.64,1,1,1.000000
889,13,687.04,528.95,449.72,126.06,1,1,1.000000
890,13,679.17,521.53,435.35,136.73,1,1,1.000000
891,13,679.17,521.53,435.35,136.73,1,1,1.000000
892,13,672.70,521.65,429.77,139.60,1,1,1.000000
893,13,663.86,530.96,426.82,129.45,1,1,1.000000
894,13,656.15,537.93,425.26,117.52,1,1,1.000000
895,13,649.34,536.05,454.38,116.62,1,1,1.000000
896,13,649.34,536.05,454.38,116.62,1,1,1.000000
897,13,639.17,535.07,479.17,121.22,1,1,1.000000
898,13,631.15,534.18,500.80,135.62,1,1,1.000000
899,13,617.02,535.32,518.23,143.16,1,1,1.000000
900,13,606.30,535.59,519.14,148.50,1,1,1.000000
901,13,606.30,535.59,519.14,148.50,1,1,1.000000
902,13,594.39,536.02,511.03,140.08,1,1,1.000000
903,13,581.37,534.31,503.80,117.73,1,1,1.000000
904,13,570.22,532.36,486.57,109.38,1,1,1.000000
905,13,558.43,529.08,481.12,107.01,1,1,1.000000
906,13,546.44,523.91,479.22,113.72,1,1,1.000000
907,13,546.44,523.91,479.22,113.72,1,1,1.000000
908,13,529.42,518.66,479.09,109.50,1,1,1.000000
909,13,515.16,515.27,479.47,108.60,1,1,1.000000
910,13,495.38,509.08,485.78,112.00,1,1,1.000000
911,13,477.61,504.64,505.91,117.36,1,1,1.000000
912,13,477.61,504.64,505.91,117.36,1,1,1.000000
913,13,465.49,501.74,502.40,124.30,1,1,1.000000
914,13,449.62,499.62,510.62,129.42,1,1,1.000000
915,13,434.61,499.08,508.57,132.13,1,1,1.000000
916,13,419.93,501.75,498.39,128.09,1,1,1.000000
917,13,419.93,501.75,498.39,128.09,1,1,1.000000
918,13,411.14,508.89,486.53,126.50,1,1,1.000000
919,13,400.97,515.03,487.07,129.66,1,1,1.000000
920,13,396.06,520.71,475.15,127.62,1,1,1.000000
921,13,387.63,524.31,470.12,131.68,1,1,1.000000
922,13,385.09,519.73,468.28,143.56,1,1,1.000000
923,13,385.09,519.73,468.28,143.56,1,1,1.000000
924,13,387.49,509.94,470.51,153.11,1,1,1.000000
925,13,386.00,499.37,471.91,154.25,1,1,1.000000
926,13,392.74,489.92,498.18,164.54,1,1,1.000000
927,13,396.89,480.39,510.72,195.61,1,1,1.000000
928,13,396.89,480.39,510.72,195.61,1,1,1.000000
929,13,405.35,468.13,527.34,224.36,1,1,1.000000
930,13,405.35,468.13,527.34,224.36,1,1,1.000000
931,13,428.83,445.53,524.77,240.17,1,1,1.000000
932,13,428.83,445.53,524.77,240.17,1,1,1.000000
933,13,446.75,439.97,509.94,228.25,1,1,1.000000
934,13,459.90,420.36,506.87,207.22,1,1,1.000000
935,13,477.78,403.94,500.62,196.36,1,1,1.000000
936,13,477.78,403.94,500.62,196.36,1,1,1.000000
937,13,496.85,384.92,494.16,195.08,1,1,1.000000
938,13,508.26,370.66,485.81,189.32,1,1,1.000000
939,13,510.66,356.40,488.31,192.19,1,1,1.000000
939,14,0.00,419.41,255.92,174.06,1,1,1.000000
940,13,532.05,347.18,483.38,216.24,1,1,1.000000
940,14,0.00,389.08,314.71,213.87,1,1,1.000000
941,13,532.05,347.18,483.38,216.24,1,1,1.000000
941,14,0.00,389.08,314.71,213.87,1,1,1.000000
942,13,557.81,310.04,458.30,243.08,1,1,1.000000
942,14,0.10,344.85,391.45,256.00,1,1,1.000000
943,13,557.81,310.04,458.30,243.08,1,1,1.000000
943,14,0.10,344.85,391.45,256.00,1,1,1.000000
944,13,595.76,282.86,401.95,240.64,1,1,1.000000
944,14,0.00,313.19,407.13,302.62,1,1,1.000000
945,13,593.12,250.92,385.68,228.71,1,1,1.000000
945,14,0.00,306.50,399.22,303.01,1,1,1.000000
946,13,609.24,235.31,332.08,237.61,1,1,1.000000
946,14,1.91,295.79,371.49,303.41,1,1,1.000000
947,13,609.24,235.31,332.08,237.61,1,1,1.000000
947,14,1.91,295.79,371.49,303.41,1,1,1.000000
947,15,0.81,0.66,97.11,73.33,1,1,1.000000
948,13,615.83,219.00,283.22,268.48,1,1,1.000000
948,14,1.25,287.20,378.88,342.48,1,1,1.000000
949,13,618.78,200.74,244.36,302.28,1,1,1.000000
949,14,2.07,274.35,382.21,357.41,1,1,1.000000
950,13,619.84,187.37,204.43,322.93,1,1,1.000000
950,14,2.25,261.56,386.01,404.70,1,1,1.000000
951,13,617.11,174.50,162.33,325.58,1,1,1.000000
951,14,56.51,257.14,336.66,396.75,1,1,1.000000
952,13,617.11,174.50,162.33,325.58,1,1,1.000000
952,14,56.51,257.14,336.66,396.75,1,1,1.000000
953,13,604.83,163.95,135.69,324.39,1,1,1.000000
953,14,123.64,259.10,262.88,444.60,1,1,1.000000
954,13,587.75,158.52,118.01,300.28,1,1,1.000000
954,14,213.44,242.32,160.75,457.67,1,1,1.000000
955,13,561.25,146.61,139.76,270.69,1,1,1.000000
955,14,198.50,252.50,181.22,423.11,1,1,1.000000
956,13,529.58,149.42,161.76,258.79,1,1,1.000000
956,14,165.07,223.06,218.53,417.49,1,1,1.000000
957,13,491.72,153.37,191.61,221.87,1,1,1.000000
957,14,139.19,258.51,236.83,338.28,1,1,1.000000
958,13,491.72,153.37,191.61,221.87,1,1,1.000000
958,14,139.19,258.51,236.83,338.28,1,1,1.000000
959,13,468.34,152.54,202.13,241.59,1,1,1.000000
959,14,51.38,243.13,325.08,343.50,1,1,1.000000
960,13,446.86,151.51,213.86,234.60,1,1,1.000000
960,14,56.18,251.50,322.34,283.85,1,1,1.000000
961,13,446.86,151.51,213.86,234.60,1,1,1.000000
961,14,56.18,251.50,322.34,283.85,1,1,1.000000
962,13,413.54,148.62,247.58,226.76,1,1,1.000000
962,14,17.54,249.83,367.76,223.30,1,1,1.000000
963,13,395.71,144.92,272.63,196.62,1,1,1.000000
963,14,2.26,247.23,397.99,208.55,1,1,1.000000
964,13,382.54,142.46,286.76,199.76,1,1,1.000000
964,14,0.00,242.76,415.84,244.96,1,1,1.000000
965,13,367.08,137.74,305.01,192.76,1,1,1.000000
965,14,0.00,237.69,423.48,244.33,1,1,1.000000
966,13,367.08,137.74,305.01,192.76,1,1,1.000000
966,14,0.00,237.69,423.48,244.33,1,1,1.000000
967,13,358.63,130.71,311.05,186.31,1,1,1.000000
967,14,0.16,231.81,421.65,230.56,1,1,1.000000
968,13,347.97,122.64,315.51,185.15,1,1,1.000000
968,14,0.37,226.66,410.82,210.35,1,1,1.000000
969,13,333.43,120.61,324.78,177.28,1,1,1.000000
969,14,0.05,220.77,396.14,212.78,1,1,1.000000
970,13,324.93,117.42,326.81,168.60,1,1,1.000000
970,14,0.05,211.87,361.71,231.91,1,1,1.000000
971,13,314.62,114.06,326.22,165.95,1,1,1.000000
971,14,0.29,212.11,342.80,240.36,1,1,1.000000
972,13,297.13,108.46,338.96,168.47,1,1,1.000000
972,14,0.89,205.00,308.75,244.53,1,1,1.000000
973,13,297.13,108.46,338.96,168.47,1,1,1.000000
973,14,0.89,205.00,308.75,244.53,1,1,1.000000
974,13,280.56,104.58,341.75,183.87,1,1,1.000000
974,14,0.92,203.63,280.04,239.14,1,1,1.000000
975,13,264.74,99.18,344.61,182.19,1,1,1.000000
975,14,0.00,198.41,257.24,230.92,1,1,1.000000
976,13,264.74,99.18,344.61,182.19,1,1,1.000000
976,14,0.00,198.41,257.24,230.92,1,1,1.000000
977,13,245.14,93.00,350.60,177.53,1,1,1.000000
977,14,0.40,194.90,257.99,215.00,1,1,1.000000
978,13,227.93,87.44,349.23,171.34,1,1,1.000000
978,14,0.43,189.01,281.11,216.08,1,1,1.000000
979,13,214.24,77.81,367.14,162.97,1,1,1.000000
979,14,0.29,189.24,286.75,203.45,1,1,1.000000
980,13,190.81,64.04,388.53,164.58,1,1,1.000000
980,14,0.05,176.54,280.13,201.43,1,1,1.000000
981,13,186.38,55.27,391.64,159.46,1,1,1.000000
981,14,0.00,187.51,275.95,172.93,1,1,1.000000
982,13,186.38,55.27,391.64,159.46,1,1,1.000000
982,14,0.00,187.51,275.95,172.93,1,1,1.000000
983,13,178.16,35.65,391.20,161.87,1,1,1.000000
983,14,0.00,172.53,258.34,173.66,1,1,1.000000
984,13,160.40,18.35,411.65,173.90,1,1,1.000000
984,14,0.00,159.51,246.55,160.35,1,1,1.000000
985,13,154.81,0.00,419.49,179.16,1,1,1.000000
985,14,0.00,142.85,240.65,170.37,1,1,1.000000
986,13,154.81,0.00,419.49,179.16,1,1,1.000000
986,14,0.00,142.85,240.65,170.37,1,1,1.000000
987,13,185.74,0.12,382.78,144.14,1,1,1.000000
987,14,0.00,104.91,231.64,163.72,1,1,1.000000
988,13,185.74,0.12,382.78,144.14,1,1,1.000000
988,14,0.00,104.91,231.64,163.72,1,1,1.000000
989,13,202.75,0.16,361.25,127.87,1,1,1.000000
989,14,0.00,91.55,228.29,138.29,1,1,1.000000
990,13,252.00,0.15,313.01,103.30,1,1,1.000000
990,14,0.00,71.95,235.76,145.50,1,1,1.000000
990,16,0.00,132.85,153.97,89.88,1,1,1.000000
991,13,268.26,0.09,296.58,86.45,1,1,1.000000
991,14,0.00,52.85,244.54,146.45,1,1,1.000000
991,16,0.00,120.91,169.57,96.74,1,1,1.000000
992,13,268.26,0.09,296.58,86.45,1,1,1.000000
992,14,0.00,52.85,244.54,146.45,1,1,1.000000
992,16,0.00,120.91,169.57,96.74,1,1,1.000000
993,13,334.05,0.00,238.13,54.06,1,1,1.000000
993,14,0.00,40.95,260.61,147.02,1,1,1.000000
993,16,0.00,100.34,176.98,110.14,1,1,1.000000
994,13,395.20,0.00,200.78,60.92,1,1,1.000000
994,14,0.00,17.12,267.83,147.01,1,1,1.000000
994,16,0.00,100.54,198.90,116.54,1,1,1.000000
995,13,477.35,0.20,131.55,55.54,1,1,1.000000
995,14,0.00,1.79,278.70,153.08,1,1,1.000000
995,16,0.00,95.40,208.13,114.75,1,1,1.000000
995,17,0.14,304.49,165.69,89.59,1,1,1.000000
996,13,477.35,0.20,131.55,55.54,1,1,1.000000
996,14,0.00,1.79,278.70,153.08,1,1,1.000000
996,16,0.00,95.40,208.13,114.75,1,1,1.000000
996,17,0.14,304.49,165.69,89.59,1,1,1.000000
997,14,0.00,0.29,285.89,142.78,1,1,1.000000
997,16,0.00,90.96,214.73,109.54,1,1,1.000000
997,17,0.00,295.94,220.46,92.87,1,1,1.000000
998,14,0.00,0.80,288.25,139.67,1,1,1.000000
998,16,0.00,95.05,220.03,106.56,1,1,1.000000
998,17,0.00,287.12,259.62,100.09,1,1,1.000000
999,14,0.00,0.34,288.97,133.15,1,1,1.000000
999,16,0.00,96.76,224.60,104.70,1,1,1.000000
999,17,0.00,274.79,302.65,120.71,1,1,1.000000
1000,14,0.00,0.36,292.60,126.33,1,1,1.000000
1000,16,0.00,92.66,236.23,104.90,1,1,1.000000
1000,17,0.00,274.27,340.47,118.04,1,1,1.000000
1000,18,595.69,625.07,126.08,94.99,1,1,1.000000
1001,14,0.00,0.36,292.60,126.33,1,1,1.000000
1001,16,0.00,92.66,236.23,104.90,1,1,1.000000
1001,17,0.00,274.27,340.47,118.04,1,1,1.000000
1001,18,595.69,625.07,126.08,94.99,1,1,1.000000
1002,14,0.00,0.04,291.45,115.00,1,1,1.000000
1002,16,0.00,82.09,246.10,117.36,1,1,1.000000
1002,17,0.11,274.35,398.17,113.38,1,1,1.000000
1002,18,617.11,601.62,138.87,117.91,1,1,1.000000
1003,14,0.00,0.04,291.45,115.00,1,1,1.000000
1003,16,0.00,82.09,246.10,117.36,1,1,1.000000
1003,17,0.11,274.35,398.17,113.38,1,1,1.000000
1003,18,617.11,601.62,138.87,117.91,1,1,1.000000
1003,19,0.16,508.84,169.56,204.85,1,1,1.000000
1004,14,0.00,0.00,288.41,107.31,1,1,1.000000
1004,16,0.00,85.51,247.56,119.56,1,1,1.000000
1004,17,0.44,274.67,429.95,110.04,1,1,1.000000
1004,18,628.15,593.87,144.41,126.03,1,1,1.000000
1004,19,28.72,496.68,163.32,167.81,1,1,1.000000
1005,14,0.00,0.00,284.85,101.21,1,1,1.000000
1005,16,0.00,88.53,247.63,117.65,1,1,1.000000
1005,17,0.31,273.29,462.21,107.79,1,1,1.000000
1005,18,638.56,587.46,147.94,132.55,1,1,1.000000
1005,19,37.57,486.02,174.76,174.61,1,1,1.000000
1005,20,0.04,536.56,148.30,183.55,1,1,1.000000
1006,14,0.00,0.00,284.85,101.21,1,1,1.000000
1006,16,0.00,88.53,247.63,117.65,1,1,1.000000
1006,17,0.31,273.29,462.21,107.79,1,1,1.000000
1006,18,638.56,587.46,147.94,132.55,1,1,1.000000
1006,19,37.57,486.02,174.76,174.61,1,1,1.000000
1006,20,0.04,536.56,148.30,183.55,1,1,1.000000
1007,14,0.58,0.25,284.02,95.42,1,1,1.000000
1007,16,0.28,94.32,246.64,119.52,1,1,1.000000
1007,17,1.59,276.49,479.46,110.82,1,1,1.000000
1007,18,644.61,582.45,153.29,137.73,1,1,1.000000
1007,19,126.87,486.84,97.22,178.95,1,1,1.000000
1007,20,0.84,505.88,201.59,214.83,1,1,1.000000
1008,14,0.40,0.00,267.86,89.02,1,1,1.000000
1008,16,0.00,101.24,241.77,114.85,1,1,1.000000
1008,17,21.07,276.26,476.86,138.74,1,1,1.000000
1008,18,644.78,582.01,159.38,138.23,1,1,1.000000
1008,20,0.24,481.92,255.68,238.91,1,1,1.000000
1009,14,0.05,0.00,253.50,89.92,1,1,1.000000
1009,16,0.00,105.22,226.70,121.72,1,1,1.000000
1009,17,48.99,287.10,464.82,125.32,1,1,1.000000
1009,18,643.10,585.58,158.41,134.52,1,1,1.000000
1009,20,0.29,481.27,310.32,239.78,1,1,1.000000
1010,14,0.56,0.00,239.44,81.00,1,1,1.000000
1010,16,0.00,116.57,205.03,118.48,1,1,1.000000
1010,17,57.44,292.00,465.58,133.02,1,1,1.000000
1010,18,636.00,599.07,165.56,120.82,1,1,1.000000
1010,20,0.00,494.51,346.07,225.76,1,1,1.000000
1011,14,0.56,0.00,239.44,81.00,1,1,1.000000
1011,16,0.00,116.57,205.03,118.48,1,1,1.000000
1011,17,57.44,292.00,465.58,133.02,1,1,1.000000
1011,18,636.00,599.07,165.56,120.82,1,1,1.000000
1011,20,0.00,494.51,346.07,225.76,1,1,1.000000
1012,14,1.06,0.00,218.32,77.31,1,1,1.000000
1012,16,0.00,130.50,187.07,116.31,1,1,1.000000
1012,17,83.35,299.10,451.91,135.55,1,1,1.000000
1012,18,622.08,608.99,168.69,111.10,1,1,1.000000
1012,20,0.45,506.71,375.32,213.32,1,1,1.000000
1013,14,0.00,0.00,194.34,78.02,1,1,1.000000
1013,16,0.00,143.89,149.46,113.20,1,1,1.000000
1013,17,105.30,305.77,434.73,142.39,1,1,1.000000
1013,18,614.44,621.79,167.75,98.11,1,1,1.000000
1013,20,0.00,515.68,401.82,203.37,1,1,1.000000
1014,14,0.00,0.00,173.55,73.47,1,1,1.000000
1014,16,0.30,154.92,127.18,115.03,1,1,1.000000
1014,17,124.22,314.70,422.66,137.97,1,1,1.000000
1014,18,591.80,635.96,186.43,83.96,1,1,1.000000
1014,20,0.00,515.46,423.17,204.55,1,1,1.000000
1015,14,0.56,0.36,148.78,67.40,1,1,1.000000
1015,17,147.78,330.10,404.18,132.06,1,1,1.000000
1015,18,582.47,648.73,189.16,70.96,1,1,1.000000
1015,20,0.00,520.47,451.50,199.69,1,1,1.000000
1016,14,0.56,0.36,148.78,67.40,1,1,1.000000
1016,17,147.78,330.10,404.18,132.06,1,1,1.000000
1016,18,582.47,648.73,189.16,70.96,1,1,1.000000
1016,20,0.00,520.47,451.50,199.69,1,1,1.000000
1017,17,134.44,339.52,430.75,134.78,1,1,1.000000
1017,18,572.08,656.09,193.44,63.52,1,1,1.000000
1017,20,0.00,522.04,476.39,197.70,1,1,1.000000
1018,17,128.51,344.11,454.30,135.11,1,1,1.000000
1018,18,564.05,662.07,202.84,57.85,1,1,1.000000
1018,20,0.00,525.01,502.36,194.53,1,1,1.000000
1019,17,127.35,349.09,470.13,137.78,1,1,1.000000
1019,18,551.65,662.53,217.55,57.37,1,1,1.000000
1019,20,0.00,523.28,518.88,186.81,1,1,1.000000
1020,17,130.79,348.48,477.11,150.30,1,1,1.000000
1020,18,545.41,661.63,229.08,58.21,1,1,1.000000
1020,20,0.00,521.12,545.88,173.39,1,1,1.000000
1020,21,90.80,643.25,127.81,76.48,1,1,1.000000
1021,17,130.79,348.48,477.11,150.30,1,1,1.000000
1021,18,545.41,661.63,229.08,58.21,1,1,1.000000
1021,20,0.00,521.12,545.88,173.39,1,1,1.000000
1021,21,90.80,643.25,127.81,76.48,1,1,1.000000
1022,17,142.46,355.61,475.23,166.45,1,1,1.000000
1022,18,539.07,663.71,230.50,56.17,1,1,1.000000
1022,20,0.00,523.67,580.04,169.24,1,1,1.000000
1022,21,91.99,649.97,113.59,69.35,1,1,1.000000
1023,17,158.51,358.91,461.77,166.73,1,1,1.000000
1023,18,528.12,664.30,239.78,55.42,1,1,1.000000
1023,20,0.00,517.01,605.75,195.42,1,1,1.000000
1023,21,90.61,652.51,252.42,66.66,1,1,1.000000
1023,22,1108.18,637.85,134.25,82.03,1,1,1.000000
1024,17,177.73,361.36,453.67,166.34,1,1,1.000000
1024,18,522.86,664.31,262.15,55.24,1,1,1.000000
1024,20,0.32,514.33,634.96,200.73,1,1,1.000000
1024,21,80.99,652.82,122.31,66.22,1,1,1.000000
1024,22,1111.76,626.21,135.82,93.42,1,1,1.000000
1025,17,205.95,359.39,431.11,156.66,1,1,1.000000
1025,18,507.34,660.51,287.93,59.66,1,1,1.000000
1025,20,30.04,515.37,640.03,204.31,1,1,1.000000
1025,22,1126.32,624.60,152.72,95.27,1,1,1.000000
1026,17,232.62,364.86,420.66,122.75,1,1,1.000000
1026,18,505.82,657.87,288.70,62.10,1,1,1.000000
1026,20,81.37,509.05,622.15,208.35,1,1,1.000000
1026,22,1115.56,611.98,163.78,107.50,1,1,1.000000
1027,17,232.62,364.86,420.66,122.75,1,1,1.000000
1027,18,505.82,657.87,288.70,62.10,1,1,1.000000
1027,20,81.37,509.05,622.15,208.35,1,1,1.000000
1027,22,1115.56,611.98,163.78,107.50,1,1,1.000000
1028,17,255.34,362.99,418.03,112.08,1,1,1.000000
1028,18,497.08,649.80,298.79,69.97,1,1,1.000000
1028,20,155.25,504.59,586.35,177.93,1,1,1.000000
1028,22,1128.12,595.01,152.13,123.52,1,1,1.000000
1029,17,292.98,349.81,408.32,106.22,1,1,1.000000
1029,18,499.88,640.38,308.59,79.54,1,1,1.000000
1029,20,89.32,492.74,700.61,223.63,1,1,1.000000
1029,22,1149.14,573.51,130.85,144.21,1,1,1.000000
1030,17,344.32,346.20,385.79,99.54,1,1,1.000000
1030,18,506.13,634.22,314.57,85.96,1,1,1.000000
1030,20,271.55,483.11,548.32,151.64,1,1,1.000000
1030,22,1185.48,547.95,95.02,171.44,1,1,1.000000
1030,21,110.39,600.65,193.99,119.64,1,1,1.000000
1031,17,344.32,346.20,385.79,99.54,1,1,1.000000
1031,18,506.13,634.22,314.57,85.96,1,1,1.000000
1031,20,271.55,483.11,548.32,151.64,1,1,1.000000
1031,22,1185.48,547.95,95.02,171.44,1,1,1.000000
1031,24,133.42,27.34,94.94,29.25,1,1,1.000000
1031,21,110.39,600.65,193.99,119.64,1,1,1.000000
1032,17,448.32,332.67,363.33,98.61,1,1,1.000000
1032,18,531.02,614.58,312.56,104.46,1,1,1.000000
1032,20,428.38,471.66,501.65,108.33,1,1,1.000000
1032,21,138.07,595.91,233.97,123.95,1,1,1.000000
1033,17,448.32,332.67,363.33,98.61,1,1,1.000000
1033,18,531.02,614.58,312.56,104.46,1,1,1.000000
1033,20,428.38,471.66,501.65,108.33,1,1,1.000000
1033,21,138.07,595.91,233.97,123.95,1,1,1.000000
1034,17,498.17,325.31,340.05,97.49,1,1,1.000000
1034,18,544.74,606.43,317.50,112.12,1,1,1.000000
1034,20,463.89,462.14,517.40,111.36,1,1,1.000000
1034,21,162.98,578.03,249.39,142.20,1,1,1.000000
1035,17,514.02,315.06,359.44,109.01,1,1,1.000000
1035,18,558.55,602.26,310.71,108.60,1,1,1.000000
1035,20,528.15,453.63,512.52,111.00,1,1,1.000000
1035,21,175.72,588.00,267.77,131.92,1,1,1.000000
1036,17,627.16,308.63,287.07,103.99,1,1,1.000000
1036,18,571.33,597.90,311.66,105.18,1,1,1.000000
1036,20,597.95,442.26,501.53,115.37,1,1,1.000000
1036,21,190.15,584.57,273.10,135.03,1,1,1.000000
1037,17,655.73,298.26,289.67,106.54,1,1,1.000000
1037,18,582.17,585.16,314.75,109.37,1,1,1.000000
1037,20,642.71,425.57,527.42,122.02,1,1,1.000000
1037,21,202.23,573.17,284.75,146.57,1,1,1.000000
1038,17,655.73,298.26,289.67,106.54,1,1,1.000000
1038,18,582.17,585.16,314.75,109.37,1,1,1.000000
1038,20,642.71,425.57,527.42,122.02,1,1,1.000000
1038,21,202.23,573.17,284.75,146.57,1,1,1.000000
1039,17,685.67,293.41,303.21,111.62,1,1,1.000000
1039,18,594.12,575.31,313.64,118.04,1,1,1.000000
1039,20,686.48,412.53,557.27,124.09,1,1,1.000000
1039,21,200.28,553.35,315.00,166.36,1,1,1.000000
1040,17,709.85,284.91,315.39,97.28,1,1,1.000000
1040,18,609.05,564.03,311.02,117.52,1,1,1.000000
1040,20,754.93,392.07,523.69,138.51,1,1,1.000000
1040,21,190.21,541.07,326.02,178.79,1,1,1.000000
1041,17,751.43,279.34,316.90,94.54,1,1,1.000000
1041,18,623.87,554.10,308.78,120.66,1,1,1.000000
1041,20,793.23,383.25,485.81,136.73,1,1,1.000000
1041,21,178.34,533.08,353.26,187.36,1,1,1.000000
1042,17,751.43,279.34,316.90,94.54,1,1,1.000000
1042,18,623.87,554.10,308.78,120.66,1,1,1.000000
1042,20,793.23,383.25,485.81,136.73,1,1,1.000000
1042,21,178.34,533.08,353.26,187.36,1,1,1.000000
1043,17,780.10,274.30,329.02,96.63,1,1,1.000000
1043,18,631.96,542.49,305.42,128.04,1,1,1.000000
1043,20,851.62,366.73,427.27,146.36,1,1,1.000000
1043,21,186.35,558.74,344.72,161.57,1,1,1.000000
1044,17,818.56,269.69,363.72,108.82,1,1,1.000000
1044,18,635.43,533.05,304.44,139.87,1,1,1.000000
1044,20,888.03,371.28,391.68,140.85,1,1,1.000000
1044,21,196.35,574.11,349.00,145.38,1,1,1.000000
1044,25,0.20,343.21,188.73,212.04,1,1,1.000000
1044,26,0.00,343.52,161.70,89.71,1,1,1.000000
1045,17,838.40,269.90,420.03,101.17,1,1,1.000000
1045,18,643.09,536.46,302.48,137.98,1,1,1.000000
1045,20,926.66,365.89,353.31,135.49,1,1,1.000000
1045,21,209.61,584.56,360.67,134.53,1,1,1.000000
1045,25,0.06,341.04,216.11,232.36,1,1,1.000000
1045,26,0.43,341.94,175.39,87.15,1,1,1.000000
1045,27,0.03,88.70,94.91,133.96,1,1,1.000000
1045,28,0.13,198.08,73.97,129.48,1,1,1.000000
1045,29,0.27,88.35,92.51,238.14,1,1,1.000000
1045,30,667.11,689.89,243.81,30.01,1,1,1.000000
1046,17,838.40,269.90,420.03,101.17,1,1,1.000000
1046,18,643.09,536.46,302.48,137.98,1,1,1.000000
1046,20,926.66,365.89,353.31,135.49,1,1,1.000000
1046,21,209.61,584.56,360.67,134.53,1,1,1.000000
1046,25,0.06,341.04,216.11,232.36,1,1,1.000000
1046,26,0.43,341.94,175.39,87.15,1,1,1.000000
1046,27,0.03,88.70,94.91,133.96,1,1,1.000000
1046,28,0.13,198.08,73.97,129.48,1,1,1.000000
1046,29,0.27,88.35,92.51,238.14,1,1,1.000000
1046,30,667.11,689.89,243.81,30.01,1,1,1.000000
1047,17,846.17,264.60,353.70,106.26,1,1,1.000000
1047,18,649.93,531.24,305.77,145.43,1,1,1.000000
1047,20,974.62,346.17,305.78,142.51,1,1,1.000000
1047,21,213.77,539.46,379.31,180.53,1,1,1.000000
1047,25,0.73,403.98,231.53,175.41,1,1,1.000000
1047,26,0.48,332.79,193.55,115.12,1,1,1.000000
1047,27,0.59,82.62,121.78,165.38,1,1,1.000000
1047,28,0.40,204.78,112.98,126.43,1,1,1.000000
1047,30,670.72,683.70,252.92,35.14,1,1,1.000000
1048,17,864.45,261.61,358.19,106.75,1,1,1.000000
1048,18,649.68,531.66,311.19,144.57,1,1,1.000000
1048,20,999.18,333.25,281.13,151.97,1,1,1.000000
1048,21,194.37,536.01,405.50,183.90,1,1,1.000000
1048,25,0.00,420.89,241.94,178.14,1,1,1.000000
1048,26,0.00,335.12,215.00,122.70,1,1,1.000000
1048,27,0.63,78.43,131.56,185.90,1,1,1.000000
1048,28,4.61,210.31,120.00,86.41,1,1,1.000000
1049,17,861.45,258.77,369.68,113.40,1,1,1.000000
1049,18,633.66,536.21,319.10,142.74,1,1,1.000000
1049,20,1002.07,375.81,278.53,87.95,1,1,1.000000
1049,21,164.00,551.41,439.79,167.24,1,1,1.000000
1049,25,0.07,340.51,235.32,278.57,1,1,1.000000
1049,27,0.66,80.00,127.93,174.86,1,1,1.000000
1049,28,1.03,217.86,120.24,88.11,1,1,1.000000
1049,30,670.07,679.80,305.61,39.44,1,1,1.000000
1050,17,861.45,258.77,369.68,113.40,1,1,1.000000
1050,18,633.66,536.21,319.10,142.74,1,1,1.000000
1050,20,1002.07,375.81,278.53,87.95,1,1,1.000000
1050,21,164.00,551.41,439.79,167.24,1,1,1.000000
1050,25,0.07,340.51,235.32,278.57,1,1,1.000000
1050,27,0.66,80.00,127.93,174.86,1,1,1.000000
1050,28,1.03,217.86,120.24,88.11,1,1,1.000000
1050,32,1035.80,334.69,242.15,64.61,1,1,1.000000
1050,30,670.07,679.80,305.61,39.44,1,1,1.000000
1051,17,856.52,251.27,363.09,106.08,1,1,1.000000
1051,18,627.10,525.36,310.19,159.10,1,1,1.000000
1051,20,1002.87,325.49,278.02,124.22,1,1,1.000000
1051,21,134.40,551.87,471.28,168.47,1,1,1.000000
1051,25,0.16,363.68,205.48,280.23,1,1,1.000000
1051,27,0.88,91.12,112.44,159.52,1,1,1.000000
1051,28,0.00,217.59,106.10,81.72,1,1,1.000000
1051,30,684.24,660.59,326.72,59.07,1,1,1.000000
1052,17,851.59,249.82,343.53,104.98,1,1,1.000000
1052,18,599.99,526.81,312.57,175.49,1,1,1.000000
1052,20,996.23,309.54,284.16,118.68,1,1,1.000000
1052,21,107.11,613.68,490.63,106.89,1,1,1.000000
1052,25,0.54,415.42,183.08,260.43,1,1,1.000000
1052,27,1.53,110.17,243.20,197.85,1,1,1.000000
1052,30,682.05,670.03,385.01,49.73,1,1,1.000000
1053,17,853.63,243.20,327.77,99.20,1,1,1.000000
1053,18,594.42,521.01,308.64,191.20,1,1,1.000000
1053,20,1021.93,309.83,258.15,103.33,1,1,1.000000
1053,21,130.11,613.62,474.77,106.29,1,1,1.000000
1053,25,0.00,468.08,142.66,243.22,1,1,1.000000
1053,30,710.33,668.21,391.91,51.62,1,1,1.000000
1053,29,0.32,121.23,70.61,189.71,1,1,1.000000
1053,28,0.00,238.76,68.77,72.17,1,1,1.000000
1054,17,854.17,241.90,338.69,97.88,1,1,1.000000
1054,18,607.23,520.46,275.82,192.65,1,1,1.000000
1054,20,1025.79,302.76,254.88,95.92,1,1,1.000000
1054,21,161.71,626.18,441.09,93.16,1,1,1.000000
1054,25,0.26,444.78,165.36,274.84,1,1,1.000000
1054,30,728.04,672.37,405.95,47.62,1,1,1.000000
1055,17,853.92,245.94,334.58,103.71,1,1,1.000000
1055,18,595.99,536.59,266.30,182.60,1,1,1.000000
1055,20,1045.44,304.04,234.02,84.48,1,1,1.000000
1055,21,175.96,641.71,384.54,76.97,1,1,1.000000
1055,25,0.64,462.26,165.39,257.22,1,1,1.000000
1056,17,853.92,245.94,334.58,103.71,1,1,1.000000
1056,18,595.99,536.59,266.30,182.60,1,1,1.000000
1056,20,1045.44,304.04,234.02,84.48,1,1,1.000000
1056,21,175.96,641.71,384.54,76.97,1,1,1.000000
1056,25,0.64,462.26,165.39,257.22,1,1,1.000000
1057,17,845.30,254.95,331.82,96.91,1,1,1.000000
1057,18,558.82,531.31,284.92,188.69,1,1,1.000000
1057,20,1048.93,303.41,230.48,80.67,1,1,1.000000
1058,17,839.13,263.02,329.96,95.46,1,1,1.000000
1058,18,556.04,550.49,266.93,169.37,1,1,1.000000
1058,20,1055.34,304.53,224.77,81.33,1,1,1.000000
1059,17,836.17,277.82,443.35,112.76,1,1,1.000000
1059,18,559.28,552.02,256.25,168.36,1,1,1.000000
1060,17,836.59,286.69,443.12,111.42,1,1,1.000000
1060,18,554.50,563.36,239.26,156.93,1,1,1.000000
1061,17,837.44,291.57,442.00,115.59,1,1,1.000000
1061,18,552.92,565.56,220.95,154.80,1,1,1.000000
1062,17,839.65,296.22,439.14,121.04,1,1,1.000000
1062,18,549.88,567.87,206.79,152.33,1,1,1.000000
1063,17,839.65,296.22,439.14,121.04,1,1,1.000000
1063,18,549.88,567.87,206.79,152.33,1,1,1.000000
1063,35,1.53,683.55,187.25,36.22,1,1,1.000000
1064,17,844.36,298.78,433.94,124.18,1,1,1.000000
1064,18,539.74,573.08,200.48,147.38,1,1,1.000000
1064,35,0.90,676.94,208.16,42.70,1,1,1.000000
1065,17,851.54,301.58,398.23,117.41,1,1,1.000000
1065,18,540.48,578.88,180.23,141.57,1,1,1.000000
1065,35,0.00,667.49,223.27,52.53,1,1,1.000000
1065,32,1150.10,306.54,128.96,92.71,1,1,1.000000
1066,17,855.28,304.96,377.42,124.33,1,1,1.000000
1066,18,532.54,579.98,179.22,140.30,1,1,1.000000
1066,35,0.14,659.05,252.41,60.74,1,1,1.000000
1066,36,0.30,446.65,76.94,73.81,1,1,1.000000
1066,32,1175.67,304.14,103.76,91.29,1,1,1.000000
1067,17,866.20,310.27,407.28,120.90,1,1,1.000000
1067,18,530.90,586.89,167.14,132.78,1,1,1.000000
1067,35,0.00,647.42,280.55,72.26,1,1,1.000000
1067,36,0.16,439.07,92.37,81.33,1,1,1.000000
1068,17,866.20,310.27,407.28,120.90,1,1,1.000000
1068,18,530.90,586.89,167.14,132.78,1,1,1.000000
1068,35,0.00,647.42,280.55,72.26,1,1,1.000000
1068,36,0.16,439.07,92.37,81.33,1,1,1.000000
1068,38,1205.91,313.07,73.67,73.94,1,1,1.000000
1069,17,875.21,319.30,383.65,111.94,1,1,1.000000
1069,18,528.39,592.40,158.01,127.86,1,1,1.000000
1069,35,0.00,640.70,310.12,79.39,1,1,1.000000
1069,36,0.10,443.66,108.94,85.06,1,1,1.000000
1069,38,1223.94,311.93,56.03,82.09,1,1,1.000000
1070,17,897.42,329.68,379.48,114.22,1,1,1.000000
1070,18,529.73,613.70,144.62,106.15,1,1,1.000000
1070,35,0.82,629.83,336.85,90.25,1,1,1.000000
1070,36,0.03,424.50,133.19,130.89,1,1,1.000000
1071,17,897.42,329.68,379.48,114.22,1,1,1.000000
1071,18,529.73,613.70,144.62,106.15,1,1,1.000000
1071,35,0.82,629.83,336.85,90.25,1,1,1.000000
1071,36,0.03,424.50,133.19,130.89,1,1,1.000000
1072,17,905.86,337.67,373.33,121.58,1,1,1.000000
1072,18,535.30,613.23,134.24,106.36,1,1,1.000000
1072,35,1.56,619.21,362.89,101.47,1,1,1.000000
1072,36,0.00,414.68,155.30,136.83,1,1,1.000000
1073,17,910.97,352.19,367.92,116.04,1,1,1.000000
1073,18,553.65,630.65,112.74,89.15,1,1,1.000000
1073,35,0.93,606.34,389.96,114.02,1,1,1.000000
1073,36,0.00,409.86,174.89,149.67,1,1,1.000000
1074,17,910.97,352.19,367.92,116.04,1,1,1.000000
1074,18,553.65,630.65,112.74,89.15,1,1,1.000000
1074,35,0.93,606.34,389.96,114.02,1,1,1.000000
1074,36,0.00,409.86,174.89,149.67,1,1,1.000000
1074,41,1219.20,627.49,60.61,72.90,1,1,1.000000
1075,17,921.70,362.02,359.02,144.08,1,1,1.000000
1075,35,1.88,590.06,449.23,129.96,1,1,1.000000
1075,36,0.00,390.05,225.46,165.44,1,1,1.000000
1075,41,1164.62,591.33,115.28,126.35,1,1,1.000000
1076,17,921.70,362.02,359.02,144.08,1,1,1.000000
1076,35,1.88,590.06,449.23,129.96,1,1,1.000000
1076,36,0.00,390.05,225.46,165.44,1,1,1.000000
1076,41,1164.62,591.33,115.28,126.35,1,1,1.000000
1077,17,946.85,368.84,332.14,138.47,1,1,1.000000
1077,35,4.35,587.74,472.39,131.98,1,1,1.000000
1077,36,0.06,380.93,251.06,174.94,1,1,1.000000
1078,17,986.53,405.35,294.32,125.34,1,1,1.000000
1078,35,31.74,585.92,480.28,133.73,1,1,1.000000
1078,36,0.00,368.97,280.94,193.01,1,1,1.000000
1079,17,1008.76,414.97,272.14,130.03,1,1,1.000000
1079,35,59.05,586.05,489.80,133.61,1,1,1.000000
1079,36,0.00,367.12,310.96,185.82,1,1,1.000000
1080,17,1012.16,421.89,268.48,129.55,1,1,1.000000
1080,35,74.43,588.47,515.92,131.24,1,1,1.000000
1080,36,0.46,337.45,321.16,194.64,1,1,1.000000
1080,26,0.00,339.35,323.35,191.90,1,1,1.000000
1081,17,1012.16,421.89,268.48,129.55,1,1,1.000000
1081,35,74.43,588.47,515.92,131.24,1,1,1.000000
1081,36,0.46,337.45,321.16,194.64,1,1,1.000000
1081,26,0.00,339.35,323.35,191.90,1,1,1.000000
1082,17,1028.53,426.63,251.43,134.09,1,1,1.000000
1082,35,94.84,575.71,530.92,144.67,1,1,1.000000
1082,26,0.68,353.55,400.57,174.84,1,1,1.000000
1083,17,1036.18,436.11,243.91,130.40,1,1,1.000000
1083,35,91.22,580.22,572.13,140.00,1,1,1.000000
1083,26,2.37,348.17,423.64,206.85,1,1,1.000000
1084,17,1050.19,437.94,230.11,133.24,1,1,1.000000
1084,35,87.67,588.19,607.64,131.26,1,1,1.000000
1084,26,1.40,364.58,466.18,129.73,1,1,1.000000
1085,17,1057.05,445.66,223.74,121.33,1,1,1.000000
1085,35,16.66,586.99,737.18,131.77,1,1,1.000000
1085,26,3.64,361.52,534.14,132.98,1,1,1.000000
1085,45,0.81,504.74,87.50,73.75,1,1,1.000000
1086,17,1057.05,445.66,223.74,121.33,1,1,1.000000
1086,35,16.66,586.99,737.18,131.77,1,1,1.000000
1086,26,3.64,361.52,534.14,132.98,1,1,1.000000
1086,45,0.81,504.74,87.50,73.75,1,1,1.000000
1087,17,1081.97,448.30,197.93,115.11,1,1,1.000000
1087,35,129.23,590.60,674.83,128.57,1,1,1.000000
1087,26,76.58,363.75,513.19,137.20,1,1,1.000000
1087,45,0.72,501.47,95.89,81.63,1,1,1.000000
1088,17,1098.55,449.27,181.03,110.88,1,1,1.000000
1088,35,174.35,586.81,682.24,132.89,1,1,1.000000
1088,26,97.74,363.95,549.01,154.34,1,1,1.000000
1088,45,0.51,513.97,105.48,77.43,1,1,1.000000
1089,17,1120.27,453.23,159.37,103.33,1,1,1.000000
1089,35,265.91,553.75,645.24,166.08,1,1,1.000000
1089,26,143.23,368.02,553.97,143.32,1,1,1.000000
1089,45,0.06,522.95,115.99,74.47,1,1,1.000000
1090,17,1134.58,457.21,145.46,90.98,1,1,1.000000
1090,35,338.70,560.23,614.58,159.99,1,1,1.000000
1090,26,211.44,370.57,556.40,144.42,1,1,1.000000
1090,45,0.17,532.46,148.10,78.94,1,1,1.000000
1091,17,1134.58,457.21,145.46,90.98,1,1,1.000000
1091,35,338.70,560.23,614.58,159.99,1,1,1.000000
1091,26,211.44,370.57,556.40,144.42,1,1,1.000000
1091,45,0.17,532.46,148.10,78.94,1,1,1.000000
1092,17,1166.58,458.44,113.15,86.65,1,1,1.000000
1092,35,379.22,564.72,625.41,154.57,1,1,1.000000
1092,26,285.22,377.98,542.78,129.33,1,1,1.000000
1092,45,0.64,542.34,214.56,78.61,1,1,1.000000
1093,17,1180.91,471.52,98.73,77.25,1,1,1.000000
1093,35,467.14,577.00,598.29,142.44,1,1,1.000000
1093,26,346.90,378.52,523.11,112.27,1,1,1.000000
1093,45,0.00,551.85,248.87,76.11,1,1,1.000000
1094,35,552.72,589.03,561.39,129.99,1,1,1.000000
1094,26,482.02,379.52,440.98,104.87,1,1,1.000000
1094,45,0.22,557.41,250.36,78.12,1,1,1.000000
1095,35,611.22,599.83,536.89,119.48,1,1,1.000000
1095,26,495.19,328.29,551.35,149.46,1,1,1.000000
1095,45,0.02,559.55,206.80,70.72,1,1,1.000000
1096,35,648.19,602.05,597.17,117.23,1,1,1.000000
1096,26,763.29,363.48,323.24,112.93,1,1,1.000000
1096,45,2.33,555.25,289.92,70.22,1,1,1.000000
1097,35,726.20,614.94,549.34,104.21,1,1,1.000000
1097,26,683.66,360.90,522.74,125.09,1,1,1.000000
1097,45,0.97,541.99,319.32,69.44,1,1,1.000000
1098,35,726.20,614.94,549.34,104.21,1,1,1.000000
1098,26,683.66,360.90,522.74,125.09,1,1,1.000000
1098,45,0.97,541.99,319.32,69.44,1,1,1.000000
1099,35,829.39,610.27,450.06,109.19,1,1,1.000000
1099,26,715.83,349.31,563.51,141.84,1,1,1.000000
1099,45,2.98,534.70,292.36,67.93,1,1,1.000000
1100,35,885.59,590.48,394.63,129.11,1,1,1.000000
1100,26,765.30,346.19,515.47,156.60,1,1,1.000000
1100,45,4.75,523.67,319.96,73.89,1,1,1.000000
1100,46,0.52,409.61,151.94,97.92,1,1,1.000000
1101,35,942.25,584.83,338.86,134.99,1,1,1.000000
1101,26,839.23,347.60,441.25,161.21,1,1,1.000000
1101,45,5.87,514.49,378.41,94.19,1,1,1.000000
1101,46,1.27,388.70,211.21,105.76,1,1,1.000000
1102,35,1040.69,579.78,239.88,139.68,1,1,1.000000
1102,26,918.90,345.92,361.01,156.00,1,1,1.000000
1102,45,5.79,501.29,388.68,109.27,1,1,1.000000
1102,46,0.21,379.82,253.09,102.07,1,1,1.000000
1102,47,124.97,642.50,320.83,77.25,1,1,1.000000
1103,35,1040.69,579.78,239.88,139.68,1,1,1.000000
1103,26,918.90,345.92,361.01,156.00,1,1,1.000000
1103,45,5.79,501.29,388.68,109.27,1,1,1.000000
1103,46,0.21,379.82,253.09,102.07,1,1,1.000000
1103,47,124.97,642.50,320.83,77.25,1,1,1.000000
1104,35,1103.33,584.96,176.65,109.62,1,1,1.000000
1104,26,978.32,363.01,302.64,110.72,1,1,1.000000
1104,45,2.73,478.38,419.19,109.91,1,1,1.000000
1104,46,0.00,368.89,292.75,103.12,1,1,1.000000
1104,47,175.75,630.22,304.10,89.26,1,1,1.000000
1105,26,1073.60,356.34,205.98,85.99,1,1,1.000000
1105,45,0.46,461.01,452.90,168.72,1,1,1.000000
1105,46,0.80,335.97,332.69,124.69,1,1,1.000000
1105,47,224.21,618.75,297.85,99.36,1,1,1.000000
1106,26,1073.60,356.34,205.98,85.99,1,1,1.000000
1106,45,0.46,461.01,452.90,168.72,1,1,1.000000
1106,46,0.80,335.97,332.69,124.69,1,1,1.000000
1106,47,224.21,618.75,297.85,99.36,1,1,1.000000
1106,48,0.66,451.03,215.61,177.85,1,1,1.000000
1106,49,207.44,477.83,243.42,70.24,1,1,1.000000
1107,26,1161.21,351.10,118.61,81.18,1,1,1.000000
1107,46,1.55,319.15,376.19,139.03,1,1,1.000000
1107,47,252.28,603.10,311.48,108.63,1,1,1.000000
1107,48,5.15,414.10,209.81,248.77,1,1,1.000000
1107,49,157.26,468.48,333.29,84.86,1,1,1.000000
1108,47,284.48,591.56,318.63,109.61,1,1,1.000000
1108,48,0.00,542.88,305.48,174.79,1,1,1.000000
1108,49,141.84,437.77,351.68,115.88,1,1,1.000000
1108,50,0.22,146.27,147.46,104.27,1,1,1.000000
1108,45,1.96,314.57,416.90,263.19,1,1,1.000000
1109,47,330.31,582.13,313.71,121.59,1,1,1.000000
1109,48,1.66,535.64,345.06,182.90,1,1,1.000000
1109,49,276.06,451.19,273.69,72.30,1,1,1.000000
1109,50,0.13,127.24,196.90,138.02,1,1,1.000000
1109,45,2.09,302.97,454.64,308.25,1,1,1.000000
1109,46,0.78,305.63,456.09,133.52,1,1,1.000000
1110,47,338.77,575.37,345.64,99.22,1,1,1.000000
1110,49,315.57,443.14,274.57,77.45,1,1,1.000000
1110,50,0.86,116.91,245.35,157.59,1,1,1.000000
1110,45,0.00,338.03,394.13,380.53,1,1,1.000000
1110,51,472.52,659.66,211.19,58.35,1,1,1.000000
1110,46,0.93,296.21,503.66,126.83,1,1,1.000000
1111,47,338.77,575.37,345.64,99.22,1,1,1.000000
1111,49,315.57,443.14,274.57,77.45,1,1,1.000000
1111,50,0.86,116.91,245.35,157.59,1,1,1.000000
1111,45,0.00,338.03,394.13,380.53,1,1,1.000000
1111,51,472.52,659.66,211.19,58.35,1,1,1.000000
1111,46,0.93,296.21,503.66,126.83,1,1,1.000000
1112,47,358.76,569.86,358.41,102.30,1,1,1.000000
1112,49,360.96,442.36,254.57,77.11,1,1,1.000000
1112,50,0.00,106.63,291.58,255.36,1,1,1.000000
1112,45,1.68,318.13,513.90,395.06,1,1,1.000000
1112,51,516.42,658.99,205.16,59.60,1,1,1.000000
1112,46,0.00,287.77,535.57,130.75,1,1,1.000000
1113,47,398.06,570.84,354.27,97.33,1,1,1.000000
1113,49,392.32,434.57,259.49,87.23,1,1,1.000000
1113,50,0.00,103.41,149.79,153.96,1,1,1.000000
1113,45,1.47,450.83,465.75,266.06,1,1,1.000000
1113,46,0.70,283.97,367.92,152.86,1,1,1.000000
1113,36,76.01,314.80,495.62,136.07,1,1,1.000000
1114,47,410.10,572.30,360.16,103.95,1,1,1.000000
1114,49,426.98,447.61,241.31,81.03,1,1,1.000000
1114,50,1.50,81.94,220.93,317.46,1,1,1.000000
1114,45,0.00,307.18,462.67,411.86,1,1,1.000000
1114,46,123.51,278.32,274.07,130.04,1,1,1.000000
1114,56,0.72,0.00,145.72,114.75,1,1,1.000000
1114,57,204.94,133.91,155.98,73.55,1,1,1.000000
1114,58,365.05,313.10,231.18,76.81,1,1,1.000000
1114,59,0.58,88.10,222.33,535.94,1,1,1.000000
1114,60,370.54,521.47,134.20,87.62,1,1,1.000000
1114,36,127.50,281.55,467.82,127.62,1,1,1.000000
1114,51,544.85,659.43,209.88,59.35,1,1,1.000000
1115,47,455.84,580.34,352.32,119.47,1,1,1.000000
1115,49,436.10,434.01,258.47,103.09,1,1,1.000000
1115,50,10.43,133.29,384.91,153.92,1,1,1.000000
1115,45,0.00,384.53,438.24,332.50,1,1,1.000000
1115,46,147.24,285.95,259.83,112.97,1,1,1.000000
1115,56,0.00,0.22,171.63,78.47,1,1,1.000000
1115,58,350.77,309.32,286.31,105.31,1,1,1.000000
1115,59,0.00,286.45,407.11,218.77,1,1,1.000000
1115,60,396.93,525.72,134.74,93.80,1,1,1.000000
1115,62,0.10,301.44,189.83,204.69,1,1,1.000000
1115,51,566.12,668.11,203.07,50.78,1,1,1.000000
1116,47,441.31,583.92,401.25,124.21,1,1,1.000000
1116,49,455.60,460.06,254.39,84.48,1,1,1.000000
1116,50,0.92,55.40,285.82,274.00,1,1,1.000000
1116,45,6.07,329.61,479.92,388.49,1,1,1.000000
1116,46,213.00,286.22,203.97,114.57,1,1,1.000000
1116,56,0.00,0.52,191.37,108.52,1,1,1.000000
1116,58,385.76,307.95,269.45,101.81,1,1,1.000000
1116,59,0.00,57.42,285.85,413.53,1,1,1.000000
1116,60,411.93,520.20,148.19,113.21,1,1,1.000000
1116,62,50.35,306.22,172.74,167.43,1,1,1.000000
1116,57,235.43,144.19,179.92,77.58,1,1,1.000000
1117,47,441.31,583.92,401.25,124.21,1,1,1.000000
1117,49,455.60,460.06,254.39,84.48,1,1,1.000000
1117,50,0.92,55.40,285.82,274.00,1,1,1.000000
1117,45,6.07,329.61,479.92,388.49,1,1,1.000000
1117,46,213.00,286.22,203.97,114.57,1,1,1.000000
1117,56,0.00,0.52,191.37,108.52,1,1,1.000000
1117,58,385.76,307.95,269.45,101.81,1,1,1.000000
1117,59,0.00,57.42,285.85,413.53,1,1,1.000000
1117,60,411.93,520.20,148.19,113.21,1,1,1.000000
1117,62,50.35,306.22,172.74,167.43,1,1,1.000000
1117,68,1.95,481.83,356.55,234.06,1,1,1.000000
1117,69,3.69,243.12,108.23,228.95,1,1,1.000000
1117,70,210.24,291.20,444.46,121.35,1,1,1.000000
1117,57,235.43,144.19,179.92,77.58,1,1,1.000000
1118,47,433.13,552.02,430.65,160.62,1,1,1.000000
1118,49,493.82,466.77,236.00,86.56,1,1,1.000000
1118,45,21.34,380.89,488.37,338.41,1,1,1.000000
1118,46,244.00,291.31,200.59,105.59,1,1,1.000000
1118,56,103.97,1.21,107.80,70.49,1,1,1.000000
1118,58,401.10,315.83,284.36,94.86,1,1,1.000000
1118,59,5.49,51.23,320.01,431.58,1,1,1.000000
1118,60,428.38,541.62,148.46,115.71,1,1,1.000000
1118,62,101.60,311.46,152.08,128.19,1,1,1.000000
1118,68,10.19,482.21,355.65,231.83,1,1,1.000000
1118,69,2.77,306.33,255.46,298.15,1,1,1.000000
1118,70,240.55,289.06,443.96,120.88,1,1,1.000000
1118,57,257.44,150.31,193.42,80.04,1,1,1.000000
1118,51,467.10,648.45,284.29,67.08,1,1,1.000000
1119,47,582.28,606.20,318.69,111.01,1,1,1.000000
1119,49,514.79,477.13,234.86,87.32,1,1,1.000000
1119,45,200.58,355.24,314.25,362.54,1,1,1.000000
1119,46,220.45,298.53,227.31,93.76,1,1,1.000000
1119,56,120.27,16.90,99.24,61.04,1,1,1.000000
1119,58,494.23,319.66,211.44,88.49,1,1,1.000000
1119,59,0.00,38.69,332.69,521.47,1,1,1.000000
1119,60,450.67,547.84,146.25,139.56,1,1,1.000000
1119,68,44.02,488.59,348.76,169.29,1,1,1.000000
1119,69,0.57,317.59,266.17,251.87,1,1,1.000000
1119,70,219.92,302.50,485.03,108.88,1,1,1.000000
1119,57,263.83,154.56,206.68,86.29,1,1,1.000000
1119,73,1.30,1.14,216.38,163.48,1,1,1.000000
1120,47,592.16,616.07,328.18,102.99,1,1,1.000000
1120,49,511.81,468.16,245.92,104.30,1,1,1.000000
1120,46,269.39,304.62,192.26,94.44,1,1,1.000000
1120,56,124.87,22.70,116.84,78.54,1,1,1.000000
1120,58,497.17,327.61,235.25,83.65,1,1,1.000000
1120,59,2.44,31.00,365.88,514.08,1,1,1.000000
1120,60,458.15,551.51,152.31,159.23,1,1,1.000000
1120,68,175.05,464.67,259.18,253.26,1,1,1.000000
1120,69,3.40,314.97,276.40,231.36,1,1,1.000000
1120,57,275.63,166.98,223.21,81.20,1,1,1.000000
1120,73,1.07,6.37,225.10,201.92,1,1,1.000000
1120,74,0.00,165.64,88.33,219.92,1,1,1.000000
1120,75,436.79,323.57,74.44,86.70,1,1,1.000000
1120,62,100.70,260.95,153.56,133.47,1,1,1.000000
1121,47,592.16,616.07,328.18,102.99,1,1,1.000000
1121,49,511.81,468.16,245.92,104.30,1,1,1.000000
1121,46,269.39,304.62,192.26,94.44,1,1,1.000000
1121,56,124.87,22.70,116.84,78.54,1,1,1.000000
1121,58,497.17,327.61,235.25,83.65,1,1,1.000000
1121,59,2.44,31.00,365.88,514.08,1,1,1.000000
1121,60,458.15,551.51,152.31,159.23,1,1,1.000000
1121,68,175.05,464.67,259.18,253.26,1,1,1.000000
1121,69,3.40,314.97,276.40,231.36,1,1,1.000000
1121,57,275.63,166.98,223.21,81.20,1,1,1.000000
1121,73,1.07,6.37,225.10,201.92,1,1,1.000000
1121,74,0.00,165.64,88.33,219.92,1,1,1.000000
1121,75,436.79,323.57,74.44,86.70,1,1,1.000000
1121,76,239.73,461.86,173.95,165.97,1,1,1.000000
1121,77,411.03,382.93,113.75,320.09,1,1,1.000000
1121,78,179.54,611.58,197.51,105.74,1,1,1.000000
1121,79,110.32,492.34,187.47,77.25,1,1,1.000000
1121,80,56.99,551.43,142.32,151.39,1,1,1.000000
1121,62,100.70,260.95,153.56,133.47,1,1,1.000000
1122,47,603.93,637.66,362.10,81.40,1,1,1.000000
1122,49,525.14,494.78,260.90,94.17,1,1,1.000000
1122,46,285.31,320.54,173.33,91.30,1,1,1.000000
1122,58,518.40,337.71,258.49,85.14,1,1,1.000000
1122,59,23.12,18.91,374.85,458.69,1,1,1.000000
1122,60,491.26,576.40,124.56,142.67,1,1,1.000000
1122,68,312.79,331.25,223.59,383.55,1,1,1.000000
1122,69,10.63,322.52,294.76,270.07,1,1,1.000000
1122,57,272.06,183.27,258.87,84.16,1,1,1.000000
1122,73,1.61,8.32,173.05,287.85,1,1,1.000000
1122,74,0.00,172.56,139.98,331.79,1,1,1.000000
1122,76,267.02,485.36,179.42,223.68,1,1,1.000000
1122,79,156.66,510.10,160.35,89.18,1,1,1.000000
1122,80,90.23,575.18,98.39,122.22,1,1,1.000000
1122,62,146.68,264.53,107.73,93.70,1,1,1.000000
1122,50,0.00,15.07,215.26,490.45,1,1,1.000000
1123,47,603.93,637.66,362.10,81.40,1,1,1.000000
1123,49,525.14,494.78,260.90,94.17,1,1,1.000000
1123,46,285.31,320.54,173.33,91.30,1,1,1.000000
1123,58,518.40,337.71,258.49,85.14,1,1,1.000000
1123,59,23.12,18.91,374.85,458.69,1,1,1.000000
1123,60,491.26,576.40,124.56,142.67,1,1,1.000000
1123,69,10.63,322.52,294.76,270.07,1,1,1.000000
1123,57,272.06,183.27,258.87,84.16,1,1,1.000000
1123,73,1.61,8.32,173.05,287.85,1,1,1.000000
1123,74,0.00,172.56,139.98,331.79,1,1,1.000000
1123,76,267.02,485.36,179.42,223.68,1,1,1.000000
1123,79,156.66,510.10,160.35,89.18,1,1,1.000000
1123,80,90.23,575.18,98.39,122.22,1,1,1.000000
1123,62,146.68,264.53,107.73,93.70,1,1,1.000000
1123,81,0.75,35.53,59.94,94.08,1,1,1.000000
1123,82,485.50,69.81,69.87,29.14,1,1,1.000000
1123,84,0.00,15.07,215.26,490.45,1,1,1.000000
1123,77,312.79,331.25,223.59,383.55,1,1,1.000000
1124,47,607.37,640.57,378.02,78.78,1,1,1.000000
1124,49,523.83,479.87,273.14,116.14,1,1,1.000000
1124,46,303.06,329.10,146.47,107.87,1,1,1.000000
1124,58,515.53,339.86,272.88,91.53,1,1,1.000000
1124,59,82.81,1.87,346.86,382.81,1,1,1.000000
1124,69,4.40,330.31,313.42,323.46,1,1,1.000000
1124,57,266.55,189.31,276.48,85.04,1,1,1.000000
1124,73,0.41,6.52,232.92,321.78,1,1,1.000000
1124,74,0.00,229.70,128.39,184.09,1,1,1.000000
1124,76,231.69,482.23,227.51,233.19,1,1,1.000000
1124,80,87.40,597.41,106.32,116.65,1,1,1.000000
1124,62,168.79,259.32,82.72,88.12,1,1,1.000000
1124,81,0.01,35.47,48.95,104.14,1,1,1.000000
1124,68,419.70,334.63,185.64,381.56,1,1,1.000000
1125,47,607.37,640.57,378.02,78.78,1,1,1.000000
1125,49,523.83,479.87,273.14,116.14,1,1,1.000000
1125,46,303.06,329.10,146.47,107.87,1,1,1.000000
1125,58,515.53,339.86,272.88,91.53,1,1,1.000000
1125,59,82.81,1.87,346.86,382.81,1,1,1.000000
1125,69,4.40,330.31,313.42,323.46,1,1,1.000000
1125,57,266.55,189.31,276.48,85.04,1,1,1.000000
1125,73,0.41,6.52,232.92,321.78,1,1,1.000000
1125,74,0.00,229.70,128.39,184.09,1,1,1.000000
1125,76,231.69,482.23,227.51,233.19,1,1,1.000000
1125,80,87.40,597.41,106.32,116.65,1,1,1.000000
1125,62,168.79,259.32,82.72,88.12,1,1,1.000000
1125,81,0.01,35.47,48.95,104.14,1,1,1.000000
1125,87,998.53,222.55,179.67,63.65,1,1,1.000000
1125,68,419.70,334.63,185.64,381.56,1,1,1.000000
1126,47,675.65,651.19,387.27,68.27,1,1,1.000000
1126,49,456.86,501.88,393.87,111.44,1,1,1.000000
1126,58,528.67,346.88,327.11,89.55,1,1,1.000000
1126,59,89.27,0.60,385.55,350.51,1,1,1.000000
1126,69,91.08,319.24,251.56,286.52,1,1,1.000000
1126,57,239.91,200.72,338.89,86.10,1,1,1.000000
1126,74,0.36,215.05,156.03,142.73,1,1,1.000000
1126,76,273.33,617.55,245.82,99.76,1,1,1.000000
1126,80,127.91,617.11,116.73,92.30,1,1,1.000000
1126,87,1086.49,218.93,102.71,72.86,1,1,1.000000
1126,68,361.66,338.62,296.77,376.33,1,1,1.000000
1126,79,133.40,531.79,212.83,89.58,1,1,1.000000
1127,47,735.32,656.02,377.26,63.39,1,1,1.000000
1127,49,503.03,502.69,392.15,115.27,1,1,1.000000
1127,58,401.69,337.42,482.38,103.75,1,1,1.000000
1127,59,150.80,1.01,333.03,319.53,1,1,1.000000
1127,69,111.07,319.09,280.25,250.42,1,1,1.000000
1127,57,290.47,211.83,343.46,75.49,1,1,1.000000
1127,74,0.63,252.35,142.32,113.30,1,1,1.000000
1127,76,321.09,611.26,192.00,105.28,1,1,1.000000
1127,80,172.91,614.03,107.08,95.25,1,1,1.000000
1127,87,971.45,224.32,269.98,69.68,1,1,1.000000
1127,91,1.08,343.40,193.96,107.61,1,1,1.000000
1127,45,172.62,475.57,492.49,136.36,1,1,1.000000
1127,70,399.88,338.98,224.35,98.28,1,1,1.000000
1127,78,172.66,608.82,342.10,107.77,1,1,1.000000
1127,60,509.23,481.73,172.30,235.80,1,1,1.000000
1127,81,0.28,60.27,75.53,110.18,1,1,1.000000
1128,47,735.32,656.02,377.26,63.39,1,1,1.000000
1128,49,503.03,502.69,392.15,115.27,1,1,1.000000
1128,58,401.69,337.42,482.38,103.75,1,1,1.000000
1128,59,150.80,1.01,333.03,319.53,1,1,1.000000
1128,69,111.07,319.09,280.25,250.42,1,1,1.000000
1128,57,290.47,211.83,343.46,75.49,1,1,1.000000
1128,74,0.63,252.35,142.32,113.30,1,1,1.000000
1128,76,321.09,611.26,192.00,105.28,1,1,1.000000
1128,80,172.91,614.03,107.08,95.25,1,1,1.000000
1128,87,971.45,224.32,269.98,69.68,1,1,1.000000
1128,91,1.08,343.40,193.96,107.61,1,1,1.000000
1128,93,0.00,443.71,175.34,70.46,1,1,1.000000
1128,94,187.17,317.97,194.85,140.56,1,1,1.000000
1128,95,65.35,28.66,136.97,226.16,1,1,1.000000
1128,96,3.24,612.10,276.18,105.21,1,1,1.000000
1128,45,172.62,475.57,492.49,136.36,1,1,1.000000
1128,70,399.88,338.98,224.35,98.28,1,1,1.000000
1128,78,172.66,608.82,342.10,107.77,1,1,1.000000
1128,60,509.23,481.73,172.30,235.80,1,1,1.000000
1128,81,0.28,60.27,75.53,110.18,1,1,1.000000
1129,47,783.32,662.72,349.80,56.86,1,1,1.000000
1129,49,409.72,475.38,507.47,145.24,1,1,1.000000
1129,58,618.34,348.12,312.00,93.13,1,1,1.000000
1129,59,169.94,1.12,377.24,290.29,1,1,1.000000
1129,57,342.03,208.32,338.26,75.88,1,1,1.000000
1129,76,355.53,612.27,156.56,102.95,1,1,1.000000
1129,91,0.91,339.69,237.30,159.91,1,1,1.000000
1129,94,221.69,300.95,191.85,178.19,1,1,1.000000
1129,95,55.00,0.40,163.19,131.94,1,1,1.000000
1129,96,109.00,602.65,205.27,112.64,1,1,1.000000
1129,45,216.17,517.33,199.51,76.39,1,1,1.000000
1129,70,391.25,328.24,259.00,110.45,1,1,1.000000
1129,51,513.54,606.90,200.65,110.69,1,1,1.000000
1130,47,836.73,664.77,325.64,54.60,1,1,1.000000
1130,49,490.77,443.58,467.71,184.64,1,1,1.000000
1130,58,678.87,341.33,320.76,110.67,1,1,1.000000
1130,59,235.01,0.42,352.75,280.77,1,1,1.000000
1130,57,406.11,209.72,312.67,69.24,1,1,1.000000
1130,91,0.00,328.89,302.60,159.66,1,1,1.000000
1130,94,228.55,287.19,218.88,194.76,1,1,1.000000
1130,95,72.66,0.91,214.82,115.29,1,1,1.000000
1130,96,0.00,477.70,355.95,240.13,1,1,1.000000
1130,70,444.52,315.46,266.42,112.52,1,1,1.000000
1130,97,120.40,108.41,167.95,96.75,1,1,1.000000
1130,99,0.90,489.28,224.72,221.01,1,1,1.000000
1130,51,346.15,608.15,269.29,108.74,1,1,1.000000
1130,77,226.37,494.73,253.75,168.99,1,1,1.000000
1130,73,1.50,124.83,255.68,168.01,1,1,1.000000
1130,68,446.93,315.78,586.86,137.37,1,1,1.000000
1130,69,175.40,468.32,178.88,140.72,1,1,1.000000
1130,74,1.28,242.41,205.99,140.03,1,1,1.000000
1130,81,0.46,57.94,89.77,69.20,1,1,1.000000
1131,47,879.26,665.00,309.91,54.65,1,1,1.000000
1131,49,494.80,460.37,493.78,183.32,1,1,1.000000
1131,58,485.15,299.53,617.00,174.68,1,1,1.000000
1131,59,258.81,1.37,363.98,228.07,1,1,1.000000
1131,57,463.94,204.65,317.63,70.36,1,1,1.000000
1131,91,2.79,338.23,318.46,143.47,1,1,1.000000
1131,94,206.19,269.31,277.00,315.04,1,1,1.000000
1131,97,156.64,86.58,171.13,86.14,1,1,1.000000
1131,99,0.62,487.38,248.85,227.10,1,1,1.000000
1131,51,362.15,606.01,431.39,112.69,1,1,1.000000
1131,77,252.48,499.26,235.59,139.83,1,1,1.000000
1131,73,1.10,118.28,189.52,150.86,1,1,1.000000
1131,74,1.60,281.87,165.97,118.37,1,1,1.000000
1131,81,0.44,46.85,119.39,70.97,1,1,1.000000
1131,79,141.45,582.56,243.50,135.72,1,1,1.000000
1131,87,1116.81,242.80,162.23,52.13,1,1,1.000000
1131,93,2.94,415.90,278.04,68.39,1,1,1.000000
1132,47,953.96,657.69,252.32,61.87,1,1,1.000000
1132,49,693.37,473.82,336.54,179.39,1,1,1.000000
1132,58,494.69,288.68,682.02,205.11,1,1,1.000000
1132,59,304.30,0.61,352.42,221.31,1,1,1.000000
1132,57,507.45,196.95,315.19,75.16,1,1,1.000000
1132,91,4.19,321.75,332.35,163.00,1,1,1.000000
1132,99,0.06,465.12,277.66,250.56,1,1,1.000000
1132,51,362.55,602.86,305.07,114.94,1,1,1.000000
1132,73,1.61,102.51,327.66,186.03,1,1,1.000000
1132,81,0.00,43.24,154.32,71.14,1,1,1.000000
1132,104,135.56,0.97,218.20,125.88,1,1,1.000000
1132,107,509.95,457.86,284.44,87.40,1,1,1.000000
1132,79,171.90,557.96,258.42,161.56,1,1,1.000000
1132,75,367.24,260.61,144.97,149.57,1,1,1.000000
1132,96,1.05,404.25,473.32,314.86,1,1,1.000000
1132,70,499.63,286.26,285.70,134.89,1,1,1.000000
1132,68,701.40,353.84,474.65,137.55,1,1,1.000000
1132,69,245.01,401.52,219.60,216.23,1,1,1.000000
1133,47,953.96,657.69,252.32,61.87,1,1,1.000000
1133,49,693.37,473.82,336.54,179.39,1,1,1.000000
1133,58,494.69,288.68,682.02,205.11,1,1,1.000000
1133,59,304.30,0.61,352.42,221.31,1,1,1.000000
1133,57,507.45,196.95,315.19,75.16,1,1,1.000000
1133,91,4.19,321.75,332.35,163.00,1,1,1.000000
1133,99,0.06,465.12,277.66,250.56,1,1,1.000000
1133,51,362.55,602.86,305.07,114.94,1,1,1.000000
1133,73,1.61,102.51,327.66,186.03,1,1,1.000000
1133,81,0.00,43.24,154.32,71.14,1,1,1.000000
1133,104,135.56,0.97,218.20,125.88,1,1,1.000000
1133,107,509.95,457.86,284.44,87.40,1,1,1.000000
1133,79,171.90,557.96,258.42,161.56,1,1,1.000000
1133,108,677.77,619.40,155.82,100.48,1,1,1.000000
1133,109,1.28,468.58,267.27,114.32,1,1,1.000000
1133,110,453.35,603.25,212.18,77.78,1,1,1.000000
1133,111,98.01,320.64,102.84,58.09,1,1,1.000000
1133,112,199.71,315.86,135.21,69.04,1,1,1.000000
1133,113,706.93,396.87,99.31,115.32,1,1,1.000000
1133,114,111.97,211.75,219.21,79.99,1,1,1.000000
1133,75,367.24,260.61,144.97,149.57,1,1,1.000000
1133,96,1.05,404.25,473.32,314.86,1,1,1.000000
1133,70,499.63,286.26,285.70,134.89,1,1,1.000000
1133,68,701.40,353.84,474.65,137.55,1,1,1.000000
1133,69,245.01,401.52,219.60,216.23,1,1,1.000000
1134,49,542.47,452.72,675.32,264.02,1,1,1.000000
1134,58,512.92,292.08,345.39,179.09,1,1,1.000000
1134,59,372.18,0.00,301.25,194.76,1,1,1.000000
1134,57,557.31,191.51,312.74,77.37,1,1,1.000000
1134,91,96.58,304.16,291.21,112.41,1,1,1.000000
1134,99,11.68,580.32,273.44,135.10,1,1,1.000000
1134,51,391.33,603.30,315.18,112.83,1,1,1.000000
1134,73,0.72,102.84,363.51,176.18,1,1,1.000000
1134,81,20.40,38.85,176.89,69.60,1,1,1.000000
1134,104,181.79,0.50,282.70,92.63,1,1,1.000000
1134,79,209.08,494.33,362.13,223.42,1,1,1.000000
1134,108,709.04,593.38,119.96,126.61,1,1,1.000000
1134,109,1.02,460.17,287.82,147.35,1,1,1.000000
1134,114,3.64,179.59,209.45,103.56,1,1,1.000000
1134,70,517.35,291.91,311.87,121.75,1,1,1.000000
1134,68,763.78,351.61,501.84,170.39,1,1,1.000000
1134,94,178.27,260.59,368.10,333.01,1,1,1.000000
1134,97,201.05,80.80,214.57,51.43,1,1,1.000000
1134,74,0.81,289.08,167.05,77.77,1,1,1.000000
1134,87,1144.02,220.11,134.58,83.81,1,1,1.000000
1134,93,153.01,403.05,177.01,59.82,1,1,1.000000
1135,49,594.56,460.19,636.00,258.71,1,1,1.000000
1135,59,429.88,0.00,277.43,179.65,1,1,1.000000
1135,57,601.98,188.37,343.46,78.88,1,1,1.000000
1135,91,137.67,298.05,280.86,101.87,1,1,1.000000
1135,99,0.25,456.95,345.59,254.93,1,1,1.000000
1135,51,408.17,597.18,352.28,120.97,1,1,1.000000
1135,73,1.24,91.88,423.18,185.71,1,1,1.000000
1135,81,65.18,34.77,165.16,75.47,1,1,1.000000
1135,104,226.47,0.88,269.19,120.69,1,1,1.000000
1135,109,1.63,454.51,327.32,170.97,1,1,1.000000
1135,70,562.84,284.29,297.72,132.00,1,1,1.000000
1135,68,775.85,354.83,503.51,185.78,1,1,1.000000
1135,119,1.26,391.36,243.47,99.14,1,1,1.000000
1135,122,0.00,389.51,362.19,101.91,1,1,1.000000
1135,94,166.64,247.02,427.22,338.20,1,1,1.000000
1135,74,1.08,280.83,174.65,73.92,1,1,1.000000
1135,93,192.04,390.57,172.16,58.28,1,1,1.000000
1135,78,246.46,545.86,267.68,172.11,1,1,1.000000
1136,49,594.56,460.19,636.00,258.71,1,1,1.000000
1136,59,429.88,0.00,277.43,179.65,1,1,1.000000
1136,57,601.98,188.37,343.46,78.88,1,1,1.000000
1136,91,137.67,298.05,280.86,101.87,1,1,1.000000
1136,99,0.25,456.95,345.59,254.93,1,1,1.000000
1136,51,408.17,597.18,352.28,120.97,1,1,1.000000
1136,73,1.24,91.88,423.18,185.71,1,1,1.000000
1136,81,65.18,34.77,165.16,75.47,1,1,1.000000
1136,104,226.47,0.88,269.19,120.69,1,1,1.000000
1136,109,1.63,454.51,327.32,170.97,1,1,1.000000
1136,70,562.84,284.29,297.72,132.00,1,1,1.000000
1136,68,775.85,354.83,503.51,185.78,1,1,1.000000
1136,119,1.26,391.36,243.47,99.14,1,1,1.000000
1136,122,0.00,389.51,362.19,101.91,1,1,1.000000
1136,94,166.64,247.02,427.22,338.20,1,1,1.000000
1136,74,1.08,280.83,174.65,73.92,1,1,1.000000
1136,93,192.04,390.57,172.16,58.28,1,1,1.000000
1136,123,429.98,488.86,187.86,88.73,1,1,1.000000
1136,124,240.88,292.01,178.52,48.93,1,1,1.000000
1136,125,141.01,388.72,219.67,60.24,1,1,1.000000
1136,126,1.53,280.74,188.77,124.75,1,1,1.000000
1136,127,2.91,286.29,415.76,206.45,1,1,1.000000
1136,128,1186.44,259.59,91.82,201.49,1,1,1.000000
1136,78,246.46,545.86,267.68,172.11,1,1,1.000000
1137,49,650.81,469.34,625.93,248.83,1,1,1.000000
1137,59,577.95,0.74,218.32,127.86,1,1,1.000000
1137,57,711.24,186.19,380.60,89.64,1,1,1.000000
1137,91,141.76,264.78,349.74,115.99,1,1,1.000000
1137,51,422.14,607.45,397.87,110.83,1,1,1.000000
1137,73,5.57,67.06,356.81,109.07,1,1,1.000000
1137,81,147.18,30.03,157.30,47.78,1,1,1.000000
1137,104,311.35,1.34,282.49,125.16,1,1,1.000000
1137,109,29.24,441.10,632.48,147.17,1,1,1.000000
1137,70,456.37,237.42,228.13,228.67,1,1,1.000000
1137,122,23.42,436.71,367.96,94.64,1,1,1.000000
1137,93,208.39,376.35,222.01,63.21,1,1,1.000000
1137,126,1.70,268.16,238.41,103.61,1,1,1.000000
1137,127,8.54,333.25,415.20,137.82,1,1,1.000000
1137,78,308.54,536.96,264.43,180.92,1,1,1.000000
1137,46,457.03,361.38,211.71,102.30,1,1,1.000000
1137,110,531.58,608.42,263.08,70.08,1,1,1.000000
1137,58,634.92,287.14,646.20,261.23,1,1,1.000000
1137,79,4.84,528.59,568.78,188.33,1,1,1.000000
1138,49,650.81,469.34,625.93,248.83,1,1,1.000000
1138,59,577.95,0.74,218.32,127.86,1,1,1.000000
1138,57,711.24,186.19,380.60,89.64,1,1,1.000000
1138,91,141.76,264.78,349.74,115.99,1,1,1.000000
1138,51,422.14,607.45,397.87,110.83,1,1,1.000000
1138,73,5.57,67.06,356.81,109.07,1,1,1.000000
1138,81,147.18,30.03,157.30,47.78,1,1,1.000000
1138,104,311.35,1.34,282.49,125.16,1,1,1.000000
1138,109,29.24,441.10,632.48,147.17,1,1,1.000000
1138,70,456.37,237.42,228.13,228.67,1,1,1.000000
1138,122,23.42,436.71,367.96,94.64,1,1,1.000000
1138,93,208.39,376.35,222.01,63.21,1,1,1.000000
1138,126,1.70,268.16,238.41,103.61,1,1,1.000000
1138,127,8.54,333.25,415.20,137.82,1,1,1.000000
1138,78,308.54,536.96,264.43,180.92,1,1,1.000000
1138,129,0.00,142.44,156.69,61.18,1,1,1.000000
1138,130,323.29,157.26,160.34,103.05,1,1,1.000000
1138,131,575.17,237.61,101.89,136.58,1,1,1.000000
1138,132,2.40,68.61,482.61,192.84,1,1,1.000000
1138,133,639.76,292.51,354.41,131.47,1,1,1.000000
1138,46,457.03,361.38,211.71,102.30,1,1,1.000000
1138,110,531.58,608.42,263.08,70.08,1,1,1.000000
1138,58,634.92,287.14,646.20,261.23,1,1,1.000000
1138,79,4.84,528.59,568.78,188.33,1,1,1.000000
1139,49,680.12,473.31,598.69,243.97,1,1,1.000000
1139,59,687.02,0.57,168.36,49.70,1,1,1.000000
1139,57,775.82,190.51,378.36,92.15,1,1,1.000000
1139,91,157.47,259.16,363.83,120.25,1,1,1.000000
1139,51,497.24,609.21,315.54,103.43,1,1,1.000000
1139,73,56.24,65.46,331.43,101.13,1,1,1.000000
1139,81,173.77,20.70,162.25,59.37,1,1,1.000000
1139,104,330.48,0.92,295.26,107.26,1,1,1.000000
1139,109,52.20,447.20,631.79,151.46,1,1,1.000000
1139,126,2.21,265.29,230.55,195.24,1,1,1.000000
1139,127,75.50,364.83,386.11,82.98,1,1,1.000000
1139,129,0.51,92.34,162.50,112.26,1,1,1.000000
1139,130,336.73,145.51,185.84,108.84,1,1,1.000000
1139,131,593.61,231.24,124.16,156.09,1,1,1.000000
1139,133,580.11,293.66,456.85,143.59,1,1,1.000000
1139,79,1.68,546.33,600.82,170.55,1,1,1.000000
1139,45,0.30,556.54,200.43,115.33,1,1,1.000000
1139,68,861.45,383.25,414.13,169.64,1,1,1.000000
1139,119,37.27,320.27,197.81,138.12,1,1,1.000000
1139,74,0.83,258.87,129.84,70.40,1,1,1.000000
1140,49,712.99,479.27,563.49,237.20,1,1,1.000000
1140,57,813.46,197.06,424.72,97.60,1,1,1.000000
1140,91,222.83,255.11,261.09,121.58,1,1,1.000000
1140,51,548.00,617.42,287.07,89.65,1,1,1.000000
1140,73,96.30,54.61,314.10,102.90,1,1,1.000000
1140,81,187.11,16.84,174.57,62.39,1,1,1.000000
1140,104,367.38,1.00,290.00,111.52,1,1,1.000000
1140,126,1.45,291.07,243.09,178.87,1,1,1.000000
1140,129,0.57,82.06,166.03,118.90,1,1,1.000000
1140,130,370.23,150.31,170.34,107.95,1,1,1.000000
1140,131,609.27,229.00,148.46,123.26,1,1,1.000000
1140,133,644.03,297.99,423.46,136.02,1,1,1.000000
1140,79,142.30,546.00,467.76,171.95,1,1,1.000000
1140,135,0.83,0.45,89.83,84.38,1,1,1.000000
1140,137,1.11,208.05,93.83,74.62,1,1,1.000000
1140,139,1031.69,384.24,253.83,170.86,1,1,1.000000
1140,68,849.46,393.79,423.66,181.50,1,1,1.000000
1140,74,0.95,207.47,137.98,122.68,1,1,1.000000
1140,75,411.86,284.42,132.04,88.86,1,1,1.000000
1140,99,43.11,459.26,411.33,193.09,1,1,1.000000
1140,123,433.40,477.09,269.30,139.11,1,1,1.000000
1140,122,15.16,424.64,371.94,124.57,1,1,1.000000
1140,93,118.07,351.10,347.74,86.65,1,1,1.000000
1140,78,312.48,542.35,312.63,175.50,1,1,1.000000
1141,49,745.27,479.24,529.03,237.69,1,1,1.000000
1141,57,861.01,204.72,417.75,99.94,1,1,1.000000
1141,91,195.77,243.72,295.91,130.92,1,1,1.000000
1141,51,563.03,609.79,300.24,106.54,1,1,1.000000
1141,73,90.01,15.66,321.57,150.60,1,1,1.000000
1141,104,441.79,5.22,246.22,104.26,1,1,1.000000
1141,126,16.78,279.62,134.80,174.26,1,1,1.000000
1141,129,0.75,88.78,192.86,122.23,1,1,1.000000
1141,130,391.39,149.64,168.25,103.92,1,1,1.000000
1141,131,619.81,227.94,198.27,119.71,1,1,1.000000
1141,133,630.43,227.69,463.98,220.66,1,1,1.000000
1141,135,0.98,0.00,108.77,97.74,1,1,1.000000
1141,137,1.44,200.73,111.32,59.02,1,1,1.000000
1141,68,846.11,369.50,444.92,206.55,1,1,1.000000
1141,74,0.51,221.97,136.67,112.04,1,1,1.000000
1141,143,189.70,244.06,79.42,61.28,1,1,1.000000
1141,75,427.66,283.70,136.82,67.59,1,1,1.000000
1141,99,78.26,451.06,412.95,202.68,1,1,1.000000
1141,122,118.21,415.98,277.83,92.04,1,1,1.000000
1141,93,106.00,304.82,382.94,135.69,1,1,1.000000
1141,78,233.13,478.80,471.13,238.58,1,1,1.000000
1141,58,639.54,230.00,638.92,361.07,1,1,1.000000
1141,45,2.61,535.67,249.64,180.85,1,1,1.000000
1141,119,12.09,292.04,449.19,165.01,1,1,1.000000
1142,49,745.27,479.24,529.03,237.69,1,1,1.000000
1142,57,861.01,204.72,417.75,99.94,1,1,1.000000
1142,91,195.77,243.72,295.91,130.92,1,1,1.000000
1142,51,563.03,609.79,300.24,106.54,1,1,1.000000
1142,73,90.01,15.66,321.57,150.60,1,1,1.000000
1142,104,441.79,5.22,246.22,104.26,1,1,1.000000
1142,126,16.78,279.62,134.80,174.26,1,1,1.000000
1142,129,0.75,88.78,192.86,122.23,1,1,1.000000
1142,130,391.39,149.64,168.25,103.92,1,1,1.000000
1142,131,619.81,227.94,198.27,119.71,1,1,1.000000
1142,133,630.43,227.69,463.98,220.66,1,1,1.000000
1142,135,0.98,0.00,108.77,97.74,1,1,1.000000
1142,137,1.44,200.73,111.32,59.02,1,1,1.000000
1142,68,846.11,369.50,444.92,206.55,1,1,1.000000
1142,74,0.51,221.97,136.67,112.04,1,1,1.000000
1142,143,189.70,244.06,79.42,61.28,1,1,1.000000
1142,75,427.66,283.70,136.82,67.59,1,1,1.000000
1142,99,78.26,451.06,412.95,202.68,1,1,1.000000
1142,122,118.21,415.98,277.83,92.04,1,1,1.000000
1142,93,106.00,304.82,382.94,135.69,1,1,1.000000
1142,78,233.13,478.80,471.13,238.58,1,1,1.000000
1142,146,79.69,543.02,189.56,102.31,1,1,1.000000
1142,147,653.02,300.42,439.41,155.62,1,1,1.000000
1142,148,142.28,12.81,247.21,70.72,1,1,1.000000
1142,58,639.54,230.00,638.92,361.07,1,1,1.000000
1142,45,2.61,535.67,249.64,180.85,1,1,1.000000
1142,119,12.09,292.04,449.19,165.01,1,1,1.000000
1142,97,386.52,0.01,270.01,42.85,1,1,1.000000
1143,49,772.56,477.70,495.57,239.56,1,1,1.000000
1143,57,914.26,214.04,363.86,110.89,1,1,1.000000
1143,91,209.18,233.67,291.39,131.72,1,1,1.000000
1143,51,488.87,628.67,402.00,89.33,1,1,1.000000
1143,73,127.10,6.33,285.50,150.62,1,1,1.000000
1143,104,442.33,1.26,279.22,113.98,1,1,1.000000
1143,126,0.07,277.93,175.94,136.53,1,1,1.000000
1143,129,1.22,41.90,247.41,156.31,1,1,1.000000
1143,130,426.99,139.02,165.14,113.06,1,1,1.000000
1143,131,643.08,223.08,178.27,130.80,1,1,1.000000
1143,133,648.64,225.13,467.16,224.89,1,1,1.000000
1143,68,948.34,388.39,332.96,213.24,1,1,1.000000
1143,74,0.41,188.39,157.79,122.38,1,1,1.000000
1143,75,448.56,276.90,143.77,91.71,1,1,1.000000
1143,99,137.16,452.59,384.46,104.40,1,1,1.000000
1143,122,140.68,415.90,281.98,88.97,1,1,1.000000
1143,78,265.73,473.44,444.71,245.83,1,1,1.000000
1143,146,1.64,525.66,302.38,121.61,1,1,1.000000
1143,148,125.25,5.11,272.37,97.52,1,1,1.000000
1143,45,1.50,614.58,264.53,103.78,1,1,1.000000
1143,119,1.32,274.53,493.78,144.62,1,1,1.000000
1143,109,268.33,479.21,438.97,237.35,1,1,1.000000
1144,49,816.59,475.39,453.08,242.47,1,1,1.000000
1144,57,966.38,213.75,312.60,120.59,1,1,1.000000
1144,91,226.95,226.37,268.53,112.15,1,1,1.000000
1144,51,540.65,612.77,366.67,106.19,1,1,1.000000
1144,104,513.22,1.35,241.76,107.54,1,1,1.000000
1144,126,0.00,273.86,229.76,179.68,1,1,1.000000
1144,130,456.08,134.53,163.91,114.64,1,1,1.000000
1144,131,664.48,217.32,229.83,135.74,1,1,1.000000
1144,74,0.48,179.39,199.67,98.36,1,1,1.000000
1144,75,466.78,276.76,152.73,67.61,1,1,1.000000
1144,99,205.65,456.98,337.64,96.11,1,1,1.000000
1144,122,97.83,401.08,358.20,104.19,1,1,1.000000
1144,78,223.57,473.59,507.12,244.53,1,1,1.000000
1144,146,0.69,537.28,344.12,155.04,1,1,1.000000
1144,45,3.26,599.72,332.53,119.24,1,1,1.000000
1144,119,1.96,268.53,511.82,175.75,1,1,1.000000
1144,62,312.17,72.10,126.78,79.46,1,1,1.000000
1144,132,2.04,1.52,427.60,220.26,1,1,1.000000
1144,139,1019.17,404.73,260.87,188.92,1,1,1.000000
1144,147,686.48,327.78,485.78,123.98,1,1,1.000000
1144,97,468.12,0.00,150.88,24.23,1,1,1.000000
1145,49,864.30,487.13,414.11,231.07,1,1,1.000000
1145,57,1035.60,224.32,243.24,114.67,1,1,1.000000
1145,91,271.39,218.88,260.26,110.27,1,1,1.000000
1145,51,560.13,623.47,348.31,95.00,1,1,1.000000
1145,104,549.51,1.81,242.81,101.58,1,1,1.000000
1145,126,2.25,248.26,204.07,187.66,1,1,1.000000
1145,130,483.75,131.98,173.79,115.02,1,1,1.000000
1145,131,696.35,216.64,226.10,140.94,1,1,1.000000
1145,74,1.28,175.47,250.23,98.52,1,1,1.000000
1145,75,512.73,270.49,140.27,63.54,1,1,1.000000
1145,99,208.73,421.34,370.72,133.49,1,1,1.000000
1145,122,180.11,401.39,314.06,76.97,1,1,1.000000
1145,78,398.06,556.82,354.79,162.60,1,1,1.000000
1145,146,1.89,482.85,380.73,170.12,1,1,1.000000
1145,45,78.94,584.74,283.77,134.57,1,1,1.000000
1145,132,0.91,1.58,438.29,200.55,1,1,1.000000
1145,139,1141.81,457.15,137.32,131.13,1,1,1.000000
1145,147,707.78,341.70,515.33,131.83,1,1,1.000000
1145,127,293.51,400.99,196.62,61.22,1,1,1.000000
1145,123,553.08,483.17,207.93,135.26,1,1,1.000000
1145,93,91.94,290.30,466.02,124.42,1,1,1.000000
1146,49,894.69,498.07,384.93,220.09,1,1,1.000000
1146,57,1090.35,235.91,189.25,97.89,1,1,1.000000
1146,91,227.16,212.70,311.85,107.22,1,1,1.000000
1146,104,572.13,0.64,275.20,99.34,1,1,1.000000
1146,126,0.83,224.94,161.85,188.31,1,1,1.000000
1146,130,508.23,128.93,165.34,114.68,1,1,1.000000
1146,131,711.44,212.60,237.44,162.55,1,1,1.000000
1146,74,28.74,199.64,261.76,74.42,1,1,1.000000
1146,75,505.54,269.14,162.87,64.52,1,1,1.000000
1146,99,322.66,450.60,271.83,101.84,1,1,1.000000
1146,122,174.63,393.82,351.56,87.53,1,1,1.000000
1146,78,424.03,548.36,372.56,170.27,1,1,1.000000
1146,146,4.83,474.08,487.65,167.94,1,1,1.000000
1146,45,0.45,571.70,331.00,146.67,1,1,1.000000
1146,132,2.56,0.67,500.48,186.69,1,1,1.000000
1146,147,712.86,342.65,519.48,142.76,1,1,1.000000
1146,123,565.59,473.96,207.67,108.77,1,1,1.000000
1146,93,118.59,267.57,457.01,139.39,1,1,1.000000
1146,94,332.37,452.70,435.19,128.23,1,1,1.000000
1146,125,192.08,394.33,335.11,61.20,1,1,1.000000
1146,119,231.02,213.16,438.64,119.86,1,1,1.000000
1147,49,894.69,498.07,384.93,220.09,1,1,1.000000
1147,57,1090.35,235.91,189.25,97.89,1,1,1.000000
1147,91,227.16,212.70,311.85,107.22,1,1,1.000000
1147,104,572.13,0.64,275.20,99.34,1,1,1.000000
1147,126,0.83,224.94,161.85,188.31,1,1,1.000000
1147,130,508.23,128.93,165.34,114.68,1,1,1.000000
1147,131,711.44,212.60,237.44,162.55,1,1,1.000000
1147,74,28.74,199.64,261.76,74.42,1,1,1.000000
1147,75,505.54,269.14,162.87,64.52,1,1,1.000000
1147,99,322.66,450.60,271.83,101.84,1,1,1.000000
1147,122,174.63,393.82,351.56,87.53,1,1,1.000000
1147,78,424.03,548.36,372.56,170.27,1,1,1.000000
1147,146,4.83,474.08,487.65,167.94,1,1,1.000000
1147,45,0.45,571.70,331.00,146.67,1,1,1.000000
1147,132,2.56,0.67,500.48,186.69,1,1,1.000000
1147,147,712.86,342.65,519.48,142.76,1,1,1.000000
1147,123,565.59,473.96,207.67,108.77,1,1,1.000000
1147,93,118.59,267.57,457.01,139.39,1,1,1.000000
1147,162,293.88,115.46,380.97,127.71,1,1,1.000000
1147,163,0.79,227.32,108.56,83.54,1,1,1.000000
1147,164,113.30,578.67,219.25,139.91,1,1,1.000000
1147,165,176.18,429.40,219.00,55.34,1,1,1.000000
1147,94,332.37,452.70,435.19,128.23,1,1,1.000000
1147,125,192.08,394.33,335.11,61.20,1,1,1.000000
1147,119,231.02,213.16,438.64,119.86,1,1,1.000000
1148,49,927.51,509.88,350.76,208.01,1,1,1.000000
1148,57,1124.91,242.84,154.93,83.84,1,1,1.000000
1148,91,245.49,216.01,330.06,111.84,1,1,1.000000
1148,104,599.93,0.48,275.44,95.96,1,1,1.000000
1148,126,0.96,190.43,187.85,201.67,1,1,1.000000
1148,130,518.33,129.93,166.65,116.82,1,1,1.000000
1148,131,735.63,208.20,261.28,169.45,1,1,1.000000
1148,74,96.97,191.26,245.28,82.02,1,1,1.000000
1148,75,556.55,269.83,146.27,64.09,1,1,1.000000
1148,99,362.19,449.43,257.93,103.88,1,1,1.000000
1148,122,216.62,405.16,255.43,74.98,1,1,1.000000
1148,78,325.16,542.97,512.88,172.45,1,1,1.000000
1148,146,4.67,453.77,493.98,159.27,1,1,1.000000
1148,45,0.46,567.00,338.74,149.62,1,1,1.000000
1148,132,2.67,2.16,493.30,187.58,1,1,1.000000
1148,147,729.21,345.92,522.88,151.94,1,1,1.000000
1148,123,602.30,459.92,198.26,135.79,1,1,1.000000
1148,93,130.74,271.66,475.03,135.88,1,1,1.000000
1148,164,139.88,571.88,197.47,145.75,1,1,1.000000
1148,94,353.26,454.88,449.48,137.49,1,1,1.000000
1148,125,311.21,390.04,251.52,59.98,1,1,1.000000
1148,119,246.15,218.11,459.34,115.36,1,1,1.000000
1148,169,0.00,190.11,345.68,206.38,1,1,1.000000
1148,135,1.61,0.49,222.35,102.10,1,1,1.000000
1148,51,569.44,641.06,357.56,76.76,1,1,1.000000
1149,49,970.26,512.26,310.46,207.03,1,1,1.000000
1149,104,641.66,0.38,287.15,85.20,1,1,1.000000
1149,126,1.04,279.81,151.03,106.73,1,1,1.000000
1149,130,531.76,129.53,171.69,120.85,1,1,1.000000
1149,131,756.25,205.47,306.83,177.54,1,1,1.000000
1149,99,382.93,446.80,267.39,109.71,1,1,1.000000
1149,122,230.83,357.50,388.14,111.01,1,1,1.000000
1149,78,194.43,566.38,691.32,151.27,1,1,1.000000
1149,146,0.00,439.85,555.74,170.26,1,1,1.000000
1149,45,0.94,561.74,333.30,155.20,1,1,1.000000
1149,132,2.39,1.34,524.83,197.48,1,1,1.000000
1149,147,746.79,350.04,528.78,165.68,1,1,1.000000
1149,123,581.10,439.39,251.24,162.62,1,1,1.000000
1149,93,152.28,259.87,496.11,135.27,1,1,1.000000
1149,94,379.74,439.80,451.55,161.60,1,1,1.000000
1149,119,335.97,212.42,400.42,122.19,1,1,1.000000
1149,169,1.79,162.25,365.28,123.15,1,1,1.000000
1149,173,405.98,48.82,182.47,72.45,1,1,1.000000
1149,51,521.27,653.55,371.21,65.22,1,1,1.000000
1149,129,2.07,0.88,239.34,109.26,1,1,1.000000
1150,49,1036.30,566.39,243.82,150.30,1,1,1.000000
1150,104,676.65,0.75,306.53,85.09,1,1,1.000000
1150,126,0.78,246.95,132.80,129.64,1,1,1.000000
1150,130,580.11,126.61,140.83,126.77,1,1,1.000000
1150,131,789.43,201.74,321.64,183.79,1,1,1.000000
1150,99,417.30,453.16,267.89,104.71,1,1,1.000000
1150,122,272.34,375.41,373.44,91.46,1,1,1.000000
1150,78,470.83,575.22,446.91,142.35,1,1,1.000000
1150,146,0.50,450.53,572.58,156.56,1,1,1.000000
1150,132,5.26,3.13,560.39,213.24,1,1,1.000000
1150,147,765.35,356.41,511.65,174.77,1,1,1.000000
1150,123,581.31,462.58,293.92,152.80,1,1,1.000000
1150,93,163.42,260.95,520.69,139.93,1,1,1.000000
1150,119,349.13,209.82,430.42,129.39,1,1,1.000000
1150,169,2.91,152.69,255.31,222.53,1,1,1.000000
1150,173,476.00,47.05,134.53,62.18,1,1,1.000000
1150,51,576.82,653.11,309.19,65.38,1,1,1.000000
1150,129,1.13,0.43,322.16,103.24,1,1,1.000000
1150,84,5.88,161.98,398.15,173.91,1,1,1.000000
1150,112,135.41,318.78,150.01,105.93,1,1,1.000000
1150,162,424.13,115.01,267.06,136.44,1,1,1.000000
1150,74,165.18,180.60,238.19,91.57,1,1,1.000000
1150,164,197.68,552.66,329.76,165.52,1,1,1.000000
1151,49,1036.30,566.39,243.82,150.30,1,1,1.000000
1151,104,676.65,0.75,306.53,85.09,1,1,1.000000
1151,126,0.78,246.95,132.80,129.64,1,1,1.000000
1151,130,580.11,126.61,140.83,126.77,1,1,1.000000
1151,131,789.43,201.74,321.64,183.79,1,1,1.000000
1151,99,417.30,453.16,267.89,104.71,1,1,1.000000
1151,122,272.34,375.41,373.44,91.46,1,1,1.000000
1151,78,470.83,575.22,446.91,142.35,1,1,1.000000
1151,146,0.50,450.53,572.58,156.56,1,1,1.000000
1151,132,5.26,3.13,560.39,213.24,1,1,1.000000
1151,147,765.35,356.41,511.65,174.77,1,1,1.000000
1151,123,581.31,462.58,293.92,152.80,1,1,1.000000
1151,93,163.42,260.95,520.69,139.93,1,1,1.000000
1151,119,349.13,209.82,430.42,129.39,1,1,1.000000
1151,169,2.91,152.69,255.31,222.53,1,1,1.000000
1151,173,476.00,47.05,134.53,62.18,1,1,1.000000
1151,51,576.82,653.11,309.19,65.38,1,1,1.000000
1151,129,1.13,0.43,322.16,103.24,1,1,1.000000
1151,84,5.88,161.98,398.15,173.91,1,1,1.000000
1151,112,135.41,318.78,150.01,105.93,1,1,1.000000
1151,162,424.13,115.01,267.06,136.44,1,1,1.000000
1151,74,165.18,180.60,238.19,91.57,1,1,1.000000
1151,164,197.68,552.66,329.76,165.52,1,1,1.000000
1152,49,1068.49,576.85,211.60,138.51,1,1,1.000000
1152,104,709.36,0.00,310.74,92.84,1,1,1.000000
1152,126,0.33,210.77,123.62,157.75,1,1,1.000000
1152,130,604.00,120.21,149.80,143.10,1,1,1.000000
1152,131,804.64,194.51,325.66,218.14,1,1,1.000000
1152,99,429.97,455.15,278.33,107.02,1,1,1.000000
1152,122,393.83,389.10,251.30,83.60,1,1,1.000000
1152,78,492.37,560.72,451.18,155.99,1,1,1.000000
1152,146,0.52,446.39,596.26,185.76,1,1,1.000000
1152,132,112.64,3.16,520.71,151.29,1,1,1.000000
1152,147,774.72,350.20,502.99,181.39,1,1,1.000000
1152,123,702.73,469.45,203.42,153.03,1,1,1.000000
1152,93,309.38,294.76,398.36,109.91,1,1,1.000000
1152,119,425.32,210.15,382.80,133.27,1,1,1.000000
1152,169,4.72,97.74,182.82,189.58,1,1,1.000000
1152,129,1.27,4.98,275.66,95.41,1,1,1.000000
1152,112,108.98,298.97,184.42,131.96,1,1,1.000000
1152,74,154.48,179.74,275.54,109.83,1,1,1.000000
1152,164,233.20,562.83,276.25,157.10,1,1,1.000000
1152,124,253.89,259.99,201.75,58.53,1,1,1.000000
1152,148,0.00,1.28,358.45,96.93,1,1,1.000000
1153,49,1090.51,584.85,189.36,129.45,1,1,1.000000
1153,104,728.28,0.00,314.25,91.65,1,1,1.000000
1153,130,610.08,114.86,148.63,153.82,1,1,1.000000
1153,131,807.13,188.58,322.80,215.21,1,1,1.000000
1153,99,442.73,456.42,276.04,103.71,1,1,1.000000
1153,122,399.81,386.59,280.39,85.52,1,1,1.000000
1153,78,507.19,560.85,456.60,147.53,1,1,1.000000
1153,146,8.18,440.83,600.47,168.25,1,1,1.000000
1153,132,175.19,1.08,462.06,175.04,1,1,1.000000
1153,147,776.66,346.80,502.41,186.43,1,1,1.000000
1153,123,724.90,473.78,226.28,153.92,1,1,1.000000
1153,93,348.86,292.90,383.75,118.91,1,1,1.000000
1153,119,426.79,205.50,399.55,139.97,1,1,1.000000
1153,169,0.49,75.42,179.33,176.90,1,1,1.000000
1153,112,52.88,301.61,264.44,137.44,1,1,1.000000
1153,74,163.33,186.49,280.39,93.09,1,1,1.000000
1153,164,247.20,558.58,282.56,159.74,1,1,1.000000
1153,185,278.98,316.88,130.29,124.43,1,1,1.000000
1153,124,270.27,259.91,206.22,65.63,1,1,1.000000
1153,148,0.16,2.84,316.63,98.11,1,1,1.000000
1153,163,0.65,171.11,104.49,177.71,1,1,1.000000
1153,45,0.69,546.95,360.37,167.51,1,1,1.000000
1153,51,561.42,652.51,201.55,65.87,1,1,1.000000
1153,84,73.71,206.49,197.01,97.21,1,1,1.000000
1154,49,1108.55,589.59,171.24,115.85,1,1,1.000000
1154,104,735.87,0.00,316.98,84.19,1,1,1.000000
1154,130,608.52,112.89,153.83,150.80,1,1,1.000000
1154,131,808.85,179.70,276.75,211.27,1,1,1.000000
1154,99,456.07,449.42,268.50,109.35,1,1,1.000000
1154,122,323.84,383.89,350.37,74.41,1,1,1.000000
1154,78,525.46,551.68,443.79,136.46,1,1,1.000000
1154,146,55.99,429.34,654.14,171.65,1,1,1.000000
1154,132,170.77,1.56,490.79,161.66,1,1,1.000000
1154,147,776.30,349.95,500.09,179.52,1,1,1.000000
1154,93,344.04,292.88,393.88,119.67,1,1,1.000000
1154,119,442.08,204.12,393.16,140.46,1,1,1.000000
1154,169,0.12,77.86,166.49,144.35,1,1,1.000000
1154,112,14.42,301.04,305.61,134.23,1,1,1.000000
1154,74,179.14,177.55,274.11,93.33,1,1,1.000000
1154,164,280.19,579.12,272.80,139.09,1,1,1.000000
1154,124,276.23,254.58,185.38,79.87,1,1,1.000000
1154,148,1.40,4.78,323.45,101.94,1,1,1.000000
1154,163,0.40,169.00,107.53,150.67,1,1,1.000000
1154,45,0.00,495.83,273.04,155.96,1,1,1.000000
1154,51,604.13,642.68,153.79,75.05,1,1,1.000000
1154,84,1.85,221.15,278.00,89.61,1,1,1.000000
1154,108,767.01,480.49,195.22,154.42,1,1,1.000000
1155,104,730.94,0.00,290.05,74.18,1,1,1.000000
1155,130,592.72,112.05,166.22,150.43,1,1,1.000000
1155,131,790.24,165.89,278.81,215.05,1,1,1.000000
1155,99,493.70,451.89,249.09,99.76,1,1,1.000000
1155,78,575.39,512.89,430.84,170.84,1,1,1.000000
1155,146,165.32,429.71,556.52,193.63,1,1,1.000000
1155,132,182.93,1.93,491.08,150.87,1,1,1.000000
1155,147,775.75,337.95,503.13,167.49,1,1,1.000000
1155,93,366.44,296.21,406.73,163.47,1,1,1.000000
1155,119,428.99,202.53,426.09,131.26,1,1,1.000000
1155,169,0.94,80.67,144.04,193.84,1,1,1.000000
1155,112,35.00,302.18,301.62,135.04,1,1,1.000000
1155,74,127.59,152.19,345.81,125.74,1,1,1.000000
1155,164,311.70,583.74,138.58,134.83,1,1,1.000000
1155,124,282.69,256.61,205.50,58.82,1,1,1.000000
1155,148,0.54,2.78,318.24,91.02,1,1,1.000000
1155,45,13.77,490.02,275.91,146.71,1,1,1.000000
1155,51,533.63,618.15,245.05,99.52,1,1,1.000000
1155,84,1.42,225.47,258.84,75.39,1,1,1.000000
1155,69,639.10,641.12,322.11,77.34,1,1,1.000000
1155,139,1178.39,571.59,100.47,99.13,1,1,1.000000
1155,185,280.22,316.32,141.24,121.69,1,1,1.000000
1156,104,730.94,0.00,290.05,74.18,1,1,1.000000
1156,130,592.72,112.05,166.22,150.43,1,1,1.000000
1156,131,790.24,165.89,278.81,215.05,1,1,1.000000
1156,99,493.70,451.89,249.09,99.76,1,1,1.000000
1156,78,575.39,512.89,430.84,170.84,1,1,1.000000
1156,146,165.32,429.71,556.52,193.63,1,1,1.000000
1156,132,182.93,1.93,491.08,150.87,1,1,1.000000
1156,147,775.75,337.95,503.13,167.49,1,1,1.000000
1156,93,366.44,296.21,406.73,163.47,1,1,1.000000
1156,119,428.99,202.53,426.09,131.26,1,1,1.000000
1156,169,0.94,80.67,144.04,193.84,1,1,1.000000
1156,112,35.00,302.18,301.62,135.04,1,1,1.000000
1156,74,127.59,152.19,345.81,125.74,1,1,1.000000
1156,164,311.70,583.74,138.58,134.83,1,1,1.000000
1156,124,282.69,256.61,205.50,58.82,1,1,1.000000
1156,148,0.54,2.78,318.24,91.02,1,1,1.000000
1156,45,13.77,490.02,275.91,146.71,1,1,1.000000
1156,51,533.63,618.15,245.05,99.52,1,1,1.000000
1156,196,128.35,77.90,123.02,83.61,1,1,1.000000
1156,197,650.51,194.83,107.66,70.25,1,1,1.000000
1156,198,981.00,72.45,105.99,29.65,1,1,1.000000
1156,199,0.42,414.82,54.66,72.32,1,1,1.000000
1156,200,593.75,115.85,146.88,83.01,1,1,1.000000
1156,201,439.53,203.54,186.77,77.43,1,1,1.000000
1156,69,639.10,641.12,322.11,77.34,1,1,1.000000
1156,139,1178.39,571.59,100.47,99.13,1,1,1.000000
1156,185,280.22,316.32,141.24,121.69,1,1,1.000000
1157,104,743.16,0.00,245.23,53.19,1,1,1.000000
1157,130,585.07,106.48,180.94,154.61,1,1,1.000000
1157,131,783.26,153.56,201.56,174.84,1,1,1.000000
1157,99,483.48,448.67,261.75,99.04,1,1,1.000000
1157,78,629.22,533.82,405.85,149.90,1,1,1.000000
1157,146,82.16,372.59,586.95,228.90,1,1,1.000000
1157,132,208.92,1.02,485.09,167.32,1,1,1.000000
1157,147,770.31,334.97,482.36,151.77,1,1,1.000000
1157,93,372.73,290.22,397.09,115.92,1,1,1.000000
1157,112,27.00,293.11,305.09,152.82,1,1,1.000000
1157,74,163.39,162.75,309.69,132.44,1,1,1.000000
1157,124,292.57,258.13,191.84,70.38,1,1,1.000000
1157,148,8.23,5.79,235.53,134.52,1,1,1.000000
1157,45,9.66,466.12,265.91,185.53,1,1,1.000000
1157,199,0.17,411.20,60.55,77.24,1,1,1.000000
1157,201,422.67,192.23,218.41,104.76,1,1,1.000000
1157,185,274.02,315.54,138.21,124.05,1,1,1.000000
1157,75,623.33,256.00,231.06,75.03,1,1,1.000000
1157,122,434.66,385.88,266.88,90.56,1,1,1.000000
1157,163,0.77,140.97,123.92,117.49,1,1,1.000000
1158,104,747.17,0.22,180.34,49.50,1,1,1.000000
1158,131,778.06,136.40,214.74,148.13,1,1,1.000000
1158,99,547.68,452.98,215.64,86.83,1,1,1.000000
1158,78,622.46,521.71,436.83,174.98,1,1,1.000000
1158,146,212.04,418.00,544.65,174.79,1,1,1.000000
1158,132,278.06,0.50,467.87,140.42,1,1,1.000000
1158,147,791.38,330.08,453.22,143.25,1,1,1.000000
1158,93,394.34,283.20,407.58,124.41,1,1,1.000000
1158,112,56.02,294.40,282.01,153.20,1,1,1.000000
1158,74,155.19,180.52,311.48,119.32,1,1,1.000000
1158,124,315.95,256.72,178.96,60.34,1,1,1.000000
1158,148,2.80,2.73,338.39,130.40,1,1,1.000000
1158,45,65.86,472.56,247.48,154.84,1,1,1.000000
1158,199,0.00,394.40,65.73,98.77,1,1,1.000000
1158,201,437.21,187.22,207.21,101.20,1,1,1.000000
1158,185,283.68,315.12,142.71,125.81,1,1,1.000000
1158,204,130.40,147.43,202.92,64.62,1,1,1.000000
1158,75,638.10,251.00,239.86,76.24,1,1,1.000000
1158,122,446.78,382.03,216.53,98.52,1,1,1.000000
1158,163,0.33,118.08,156.16,125.88,1,1,1.000000
1158,126,1.06,182.56,228.07,119.11,1,1,1.000000
1158,164,316.54,567.26,176.96,152.50,1,1,1.000000
1158,51,470.57,585.01,191.05,133.07,1,1,1.000000
1158,197,636.73,169.30,151.87,107.65,1,1,1.000000
1158,200,585.57,94.48,185.55,94.56,1,1,1.000000
1158,69,784.57,647.52,208.65,71.96,1,1,1.000000
1159,131,746.88,122.97,263.43,141.14,1,1,1.000000
1159,78,585.85,552.74,563.55,161.90,1,1,1.000000
1159,146,200.29,420.46,626.73,164.66,1,1,1.000000
1159,132,292.67,0.12,458.65,137.78,1,1,1.000000
1159,147,801.12,327.25,402.95,145.95,1,1,1.000000
1159,93,353.94,263.84,460.77,128.04,1,1,1.000000
1159,112,94.73,300.55,274.65,150.37,1,1,1.000000
1159,74,141.96,169.31,365.62,133.47,1,1,1.000000
1159,148,59.81,2.53,287.90,142.34,1,1,1.000000
1159,199,0.35,392.65,117.04,107.19,1,1,1.000000
1159,201,458.33,170.18,309.81,111.30,1,1,1.000000
1159,185,271.45,315.28,241.38,118.55,1,1,1.000000
1159,204,98.37,142.62,232.18,79.62,1,1,1.000000
1159,75,630.91,249.75,254.85,84.34,1,1,1.000000
1159,122,465.74,367.82,356.14,93.19,1,1,1.000000
1159,163,1.66,105.15,143.30,124.00,1,1,1.000000
1159,197,615.39,167.40,160.90,102.53,1,1,1.000000
1159,200,588.07,90.45,174.56,96.81,1,1,1.000000
1159,107,626.08,407.47,262.35,128.07,1,1,1.000000
1159,137,62.16,137.76,73.71,87.94,1,1,1.000000
1159,165,236.94,423.37,136.62,76.97,1,1,1.000000
1159,125,465.04,383.64,196.55,81.58,1,1,1.000000
1159,162,590.44,93.32,423.24,173.98,1,1,1.000000
1160,78,759.65,509.20,408.17,205.98,1,1,1.000000
1160,146,240.73,417.00,579.83,173.18,1,1,1.000000
1160,132,466.33,0.40,360.99,95.07,1,1,1.000000
1160,147,838.40,315.79,400.00,154.08,1,1,1.000000
1160,93,384.80,244.20,496.56,157.60,1,1,1.000000
1160,112,36.43,274.00,353.93,145.92,1,1,1.000000
1160,74,230.64,162.34,293.80,130.94,1,1,1.000000
1160,148,134.57,3.74,356.66,105.73,1,1,1.000000
1160,199,0.44,365.64,137.65,116.38,1,1,1.000000
1160,201,480.02,169.56,230.43,101.26,1,1,1.000000
1160,185,322.27,303.07,180.25,129.30,1,1,1.000000
1160,204,175.52,133.58,184.52,65.90,1,1,1.000000
1160,75,685.64,237.48,260.26,96.00,1,1,1.000000
1160,122,476.91,364.39,220.32,114.31,1,1,1.000000
1160,163,0.12,97.98,146.39,92.36,1,1,1.000000
1160,197,650.11,154.95,169.48,109.43,1,1,1.000000
1160,200,615.75,73.08,182.62,89.74,1,1,1.000000
1160,212,0.04,2.06,160.87,93.30,1,1,1.000000
1160,137,0.33,152.26,159.78,108.33,1,1,1.000000
1160,162,776.96,105.95,315.89,181.56,1,1,1.000000
1160,169,0.03,4.48,181.27,147.92,1,1,1.000000
1160,45,25.14,541.81,184.93,101.30,1,1,1.000000
1160,51,606.78,624.21,224.58,94.24,1,1,1.000000
1161,132,459.16,0.00,342.17,82.14,1,1,1.000000
1161,147,515.99,274.11,739.38,190.13,1,1,1.000000
1161,112,184.36,310.28,240.18,104.81,1,1,1.000000
1161,74,141.42,150.80,460.26,147.16,1,1,1.000000
1161,148,152.50,11.30,337.57,124.24,1,1,1.000000
1161,199,1.97,366.96,222.07,110.82,1,1,1.000000
1161,185,336.08,297.37,283.13,79.25,1,1,1.000000
1161,204,139.88,132.51,216.36,80.52,1,1,1.000000
1161,75,694.72,234.95,261.83,94.44,1,1,1.000000
1161,122,487.50,355.16,257.74,118.81,1,1,1.000000
1161,163,0.48,122.14,170.69,67.84,1,1,1.000000
1161,197,644.61,149.68,178.13,104.57,1,1,1.000000
1161,137,0.00,122.73,177.04,107.62,1,1,1.000000
1161,162,629.13,67.87,479.11,197.34,1,1,1.000000
1161,169,1.08,1.67,182.85,140.10,1,1,1.000000
1161,91,480.81,165.75,150.70,75.47,1,1,1.000000
1161,135,158.07,7.29,144.55,123.20,1,1,1.000000
1161,94,612.95,495.37,254.42,92.90,1,1,1.000000
1161,124,359.36,240.05,204.49,66.70,1,1,1.000000
1161,165,222.90,446.36,157.50,140.27,1,1,1.000000
1162,132,459.16,0.00,342.17,82.14,1,1,1.000000
1162,147,515.99,274.11,739.38,190.13,1,1,1.000000
1162,112,184.36,310.28,240.18,104.81,1,1,1.000000
1162,74,141.42,150.80,460.26,147.16,1,1,1.000000
1162,148,152.50,11.30,337.57,124.24,1,1,1.000000
1162,199,1.97,366.96,222.07,110.82,1,1,1.000000
1162,185,336.08,297.37,283.13,79.25,1,1,1.000000
1162,204,139.88,132.51,216.36,80.52,1,1,1.000000
1162,75,694.72,234.95,261.83,94.44,1,1,1.000000
1162,122,487.50,355.16,257.74,118.81,1,1,1.000000
1162,163,0.48,122.14,170.69,67.84,1,1,1.000000
1162,197,644.61,149.68,178.13,104.57,1,1,1.000000
1162,137,0.00,122.73,177.04,107.62,1,1,1.000000
1162,162,629.13,67.87,479.11,197.34,1,1,1.000000
1162,169,1.08,1.67,182.85,140.10,1,1,1.000000
1162,223,0.00,1.87,299.35,139.87,1,1,1.000000
1162,224,1037.49,16.33,127.46,35.43,1,1,1.000000
1162,225,0.73,412.71,222.18,67.60,1,1,1.000000
1162,91,480.81,165.75,150.70,75.47,1,1,1.000000
1162,135,158.07,7.29,144.55,123.20,1,1,1.000000
1162,94,612.95,495.37,254.42,92.90,1,1,1.000000
1162,124,359.36,240.05,204.49,66.70,1,1,1.000000
1162,165,222.90,446.36,157.50,140.27,1,1,1.000000
1162,93,522.94,270.95,431.12,144.47,1,1,1.000000
1163,132,503.03,0.39,294.22,60.16,1,1,1.000000
1163,147,570.70,244.94,632.34,213.69,1,1,1.000000
1163,112,178.19,279.09,259.82,131.26,1,1,1.000000
1163,74,273.51,136.19,324.37,141.73,1,1,1.000000
1163,148,275.14,30.11,251.19,89.08,1,1,1.000000
1163,199,2.93,291.13,243.13,164.22,1,1,1.000000
1163,185,380.10,292.33,239.78,77.69,1,1,1.000000
1163,204,172.42,124.27,224.00,154.28,1,1,1.000000
1163,75,746.11,227.48,267.40,87.88,1,1,1.000000
1163,197,669.76,141.21,189.41,111.54,1,1,1.000000
1163,162,652.54,54.22,472.09,199.70,1,1,1.000000
1163,169,0.94,1.65,246.81,84.41,1,1,1.000000
1163,223,29.42,66.56,215.57,72.80,1,1,1.000000
1163,91,554.81,169.89,109.36,61.50,1,1,1.000000
1163,124,398.04,231.85,187.79,66.26,1,1,1.000000
1163,165,27.58,407.63,377.57,200.81,1,1,1.000000
1163,128,1075.04,347.96,186.44,128.14,1,1,1.000000
1163,143,93.77,211.04,196.17,76.43,1,1,1.000000
1163,196,1.86,75.63,239.43,90.08,1,1,1.000000
1163,164,388.80,617.13,210.80,101.47,1,1,1.000000
1163,125,521.85,362.13,215.25,102.94,1,1,1.000000
1163,78,875.15,478.23,401.07,238.64,1,1,1.000000
1163,146,411.29,428.97,539.47,176.27,1,1,1.000000
1163,45,106.07,506.04,193.55,120.85,1,1,1.000000
1163,51,653.66,621.27,234.91,96.85,1,1,1.000000
1164,132,510.53,0.36,288.82,43.17,1,1,1.000000
1164,147,664.19,278.60,613.34,200.00,1,1,1.000000
1164,112,11.88,288.72,471.80,121.52,1,1,1.000000
1164,74,198.15,136.19,483.86,148.73,1,1,1.000000
1164,148,232.50,2.46,293.52,112.82,1,1,1.000000
1164,199,2.39,334.80,356.49,134.07,1,1,1.000000
1164,185,387.51,289.93,335.60,77.06,1,1,1.000000
1164,204,175.02,128.61,242.71,84.03,1,1,1.000000
1164,75,761.45,227.73,288.64,71.25,1,1,1.000000
1164,197,672.03,138.48,210.47,107.54,1,1,1.000000
1164,162,670.38,53.51,442.84,195.97,1,1,1.000000
1164,169,0.92,0.84,252.13,83.25,1,1,1.000000
1164,124,421.99,224.24,245.67,75.11,1,1,1.000000
1164,165,5.34,440.66,414.96,174.57,1,1,1.000000
1164,236,362.52,591.67,221.79,76.22,1,1,1.000000
1164,196,3.52,64.51,333.51,82.61,1,1,1.000000
1164,164,415.41,637.55,225.53,80.87,1,1,1.000000
1164,125,547.72,361.50,239.71,94.52,1,1,1.000000
1164,78,509.23,434.65,769.80,281.32,1,1,1.000000
1164,146,514.21,437.30,548.42,211.74,1,1,1.000000
1164,51,591.89,571.96,318.09,144.58,1,1,1.000000
1164,137,2.30,146.74,232.52,74.39,1,1,1.000000
1165,147,649.52,272.18,631.75,208.15,1,1,1.000000
1165,112,150.20,332.14,249.85,80.28,1,1,1.000000
1165,74,378.90,129.70,313.18,130.47,1,1,1.000000
1165,148,379.28,2.30,197.10,111.80,1,1,1.000000
1165,185,427.18,276.54,248.86,97.23,1,1,1.000000
1165,204,221.30,102.93,248.41,137.26,1,1,1.000000
1165,75,826.44,228.06,293.27,71.60,1,1,1.000000
1165,197,712.71,131.38,211.90,125.01,1,1,1.000000
1165,162,857.86,42.68,263.30,199.68,1,1,1.000000
1165,124,445.76,222.99,241.48,82.38,1,1,1.000000
1165,165,64.44,405.13,381.79,214.49,1,1,1.000000
1165,236,401.56,585.77,242.84,131.79,1,1,1.000000
1165,196,1.13,61.63,201.64,105.93,1,1,1.000000
1165,125,606.27,366.77,210.51,78.23,1,1,1.000000
1165,78,559.92,447.56,708.46,270.57,1,1,1.000000
1165,146,566.14,442.06,615.98,269.63,1,1,1.000000
1165,51,633.25,562.85,298.54,155.81,1,1,1.000000
1165,241,386.89,400.59,202.56,118.07,1,1,1.000000
1165,137,8.31,127.02,189.22,77.79,1,1,1.000000
1165,126,0.54,184.00,175.24,72.99,1,1,1.000000
1165,69,974.92,648.52,186.45,70.26,1,1,1.000000
1165,131,710.32,48.54,248.54,167.25,1,1,1.000000
1165,200,710.04,45.34,241.11,99.12,1,1,1.000000
1165,135,22.47,1.81,293.69,105.34,1,1,1.000000
1165,223,1.60,62.30,173.39,77.61,1,1,1.000000
1165,91,613.42,172.16,121.49,54.64,1,1,1.000000
1166,147,649.52,272.18,631.75,208.15,1,1,1.000000
1166,112,150.20,332.14,249.85,80.28,1,1,1.000000
1166,74,378.90,129.70,313.18,130.47,1,1,1.000000
1166,148,379.28,2.30,197.10,111.80,1,1,1.000000
1166,185,427.18,276.54,248.86,97.23,1,1,1.000000
1166,204,221.30,102.93,248.41,137.26,1,1,1.000000
1166,75,826.44,228.06,293.27,71.60,1,1,1.000000
1166,197,712.71,131.38,211.90,125.01,1,1,1.000000
1166,162,857.86,42.68,263.30,199.68,1,1,1.000000
1166,124,445.76,222.99,241.48,82.38,1,1,1.000000
1166,165,64.44,405.13,381.79,214.49,1,1,1.000000
1166,236,401.56,585.77,242.84,131.79,1,1,1.000000
1166,196,1.13,61.63,201.64,105.93,1,1,1.000000
1166,125,606.27,366.77,210.51,78.23,1,1,1.000000
1166,78,559.92,447.56,708.46,270.57,1,1,1.000000
1166,146,566.14,442.06,615.98,269.63,1,1,1.000000
1166,51,633.25,562.85,298.54,155.81,1,1,1.000000
1166,241,386.89,400.59,202.56,118.07,1,1,1.000000
1166,137,8.31,127.02,189.22,77.79,1,1,1.000000
1166,247,218.87,183.78,156.18,100.68,1,1,1.000000
1166,248,0.56,249.63,104.82,134.12,1,1,1.000000
1166,249,17.51,4.48,366.45,126.59,1,1,1.000000
1166,250,410.36,514.82,226.64,97.48,1,1,1.000000
1166,126,0.54,184.00,175.24,72.99,1,1,1.000000
1166,69,974.92,648.52,186.45,70.26,1,1,1.000000
1166,131,710.32,48.54,248.54,167.25,1,1,1.000000
1166,200,710.04,45.34,241.11,99.12,1,1,1.000000
1166,135,22.47,1.81,293.69,105.34,1,1,1.000000
1166,223,1.60,62.30,173.39,77.61,1,1,1.000000
1166,91,613.42,172.16,121.49,54.64,1,1,1.000000
1166,199,74.04,239.33,419.84,171.82,1,1,1.000000
1167,147,716.04,276.75,562.63,173.18,1,1,1.000000
1167,112,171.74,332.15,279.55,110.07,1,1,1.000000
1167,74,455.81,132.99,275.06,117.69,1,1,1.000000
1167,148,419.27,15.13,200.81,97.84,1,1,1.000000
1167,185,480.75,288.85,367.42,91.98,1,1,1.000000
1167,204,226.26,128.19,284.37,129.84,1,1,1.000000
1167,75,899.55,234.89,301.88,74.36,1,1,1.000000
1167,197,747.38,146.03,199.69,114.77,1,1,1.000000
1167,162,897.60,34.97,235.73,191.07,1,1,1.000000
1167,124,450.76,228.67,274.85,73.54,1,1,1.000000
1167,165,127.14,431.09,326.60,189.07,1,1,1.000000
1167,125,650.01,350.16,222.97,97.79,1,1,1.000000
1167,78,566.34,442.23,646.43,274.79,1,1,1.000000
1167,146,436.48,404.41,764.45,312.41,1,1,1.000000
1167,51,677.58,581.28,274.31,136.74,1,1,1.000000
1167,241,439.44,397.81,195.56,128.28,1,1,1.000000
1167,137,17.15,122.92,220.43,63.97,1,1,1.000000
1167,247,226.35,211.80,242.11,72.55,1,1,1.000000
1167,249,124.51,51.55,295.57,80.02,1,1,1.000000
1167,250,513.40,509.01,240.74,103.43,1,1,1.000000
1167,126,1.78,173.38,204.78,99.99,1,1,1.000000
1167,200,743.93,51.91,196.82,89.61,1,1,1.000000
1167,135,1.60,1.03,351.68,77.99,1,1,1.000000
1167,223,1.86,73.17,161.35,76.79,1,1,1.000000
1167,199,262.29,280.71,280.65,128.05,1,1,1.000000
1167,110,1043.32,543.49,230.40,173.38,1,1,1.000000
1167,225,1.80,274.66,303.21,220.91,1,1,1.000000
1167,164,454.67,596.47,178.86,121.40,1,1,1.000000
1168,147,748.04,283.22,532.21,195.13,1,1,1.000000
1168,112,215.92,338.68,364.84,101.49,1,1,1.000000
1168,74,478.71,128.83,315.39,132.48,1,1,1.000000
1168,148,462.24,14.90,180.50,102.53,1,1,1.000000
1168,185,491.07,288.00,393.00,117.33,1,1,1.000000
1168,204,223.40,136.82,309.87,150.39,1,1,1.000000
1168,75,1024.53,239.32,251.69,83.84,1,1,1.000000
1168,197,761.11,145.59,229.13,115.59,1,1,1.000000
1168,162,902.99,28.30,267.87,191.97,1,1,1.000000
1168,124,529.44,228.91,211.87,72.69,1,1,1.000000
1168,165,133.47,421.53,471.59,226.72,1,1,1.000000
1168,78,665.43,408.90,610.50,310.26,1,1,1.000000
1168,51,651.88,584.16,312.93,134.41,1,1,1.000000
1168,241,452.90,394.31,186.33,94.40,1,1,1.000000
1168,249,209.23,45.28,255.59,114.33,1,1,1.000000
1168,250,521.00,484.44,277.78,113.44,1,1,1.000000
1168,126,1.10,169.62,263.73,122.33,1,1,1.000000
1168,200,754.47,43.49,239.18,117.79,1,1,1.000000
1168,135,5.30,1.08,348.67,64.62,1,1,1.000000
1168,223,14.69,106.71,87.22,62.51,1,1,1.000000
1168,199,260.23,283.40,469.46,92.73,1,1,1.000000
1168,225,1.45,251.92,277.73,212.31,1,1,1.000000
1168,164,331.26,629.42,320.69,87.64,1,1,1.000000
1168,70,500.03,230.82,374.56,160.91,1,1,1.000000
1168,45,0.00,549.26,318.32,167.01,1,1,1.000000
1168,196,1.18,23.21,229.32,158.35,1,1,1.000000
1168,248,0.65,251.75,208.44,58.01,1,1,1.000000
1169,147,859.32,297.32,418.03,206.87,1,1,1.000000
1169,112,236.70,329.51,268.09,126.93,1,1,1.000000
1169,148,469.61,28.39,243.45,91.44,1,1,1.000000
1169,185,568.26,297.99,214.33,73.35,1,1,1.000000
1169,204,254.57,123.16,341.50,169.43,1,1,1.000000
1169,75,991.30,250.76,288.43,84.43,1,1,1.000000
1169,197,800.77,163.91,241.44,106.39,1,1,1.000000
1169,162,947.85,29.37,297.89,140.52,1,1,1.000000
1169,124,621.09,238.42,189.73,93.21,1,1,1.000000
1169,165,191.24,423.13,521.45,258.79,1,1,1.000000
1169,78,719.78,416.18,559.55,302.91,1,1,1.000000
1169,51,704.38,505.78,283.81,212.22,1,1,1.000000
1169,241,492.79,375.42,160.88,91.33,1,1,1.000000
1169,249,233.99,48.00,305.56,131.99,1,1,1.000000
1169,250,497.16,379.02,203.29,215.06,1,1,1.000000
1169,126,1.05,168.95,326.76,98.64,1,1,1.000000
1169,200,797.36,55.23,224.08,100.37,1,1,1.000000
1169,199,339.15,283.18,357.02,106.77,1,1,1.000000
1169,225,1.23,283.98,344.91,224.33,1,1,1.000000
1169,164,361.11,651.08,199.33,67.61,1,1,1.000000
1169,260,1.70,480.83,176.16,143.34,1,1,1.000000
1169,265,524.01,668.79,167.14,50.15,1,1,1.000000
1169,70,619.12,239.12,197.43,109.58,1,1,1.000000
1169,196,2.01,98.23,257.97,85.41,1,1,1.000000
1169,46,900.24,449.05,262.88,119.02,1,1,1.000000
1169,201,574.18,133.39,249.93,116.81,1,1,1.000000
1169,212,0.32,8.26,183.49,97.90,1,1,1.000000
1169,125,752.93,302.84,222.57,143.82,1,1,1.000000
1170,147,919.77,314.44,358.91,197.84,1,1,1.000000
1170,112,269.75,392.75,264.12,61.73,1,1,1.000000
1170,148,518.78,32.23,208.09,92.83,1,1,1.000000
1170,185,590.69,303.85,210.03,81.17,1,1,1.000000
1170,204,270.21,135.03,376.72,163.17,1,1,1.000000
1170,75,1027.90,273.27,249.84,81.85,1,1,1.000000
1170,197,827.42,171.54,272.21,113.92,1,1,1.000000
1170,162,973.92,27.63,299.52,149.00,1,1,1.000000
1170,124,628.43,241.85,203.28,102.16,1,1,1.000000
1170,165,5.96,433.40,479.05,234.71,1,1,1.000000
1170,78,754.77,415.49,522.92,300.88,1,1,1.000000
1170,51,746.21,612.54,235.88,106.01,1,1,1.000000
1170,241,514.53,368.14,198.47,62.48,1,1,1.000000
1170,249,247.46,43.78,282.67,115.90,1,1,1.000000
1170,250,495.79,421.87,229.68,287.67,1,1,1.000000
1170,126,1.89,157.75,327.91,133.79,1,1,1.000000
1170,200,830.33,60.50,217.34,101.55,1,1,1.000000
1170,199,335.06,282.75,364.76,112.67,1,1,1.000000
1170,225,0.00,274.77,698.20,225.40,1,1,1.000000
1170,164,383.62,648.21,173.05,69.30,1,1,1.000000
1170,260,5.32,516.84,176.07,106.60,1,1,1.000000
1170,70,622.21,241.59,218.92,112.12,1,1,1.000000
1170,196,2.61,94.47,303.32,87.69,1,1,1.000000
1170,267,213.51,431.28,277.34,234.19,1,1,1.000000
1170,201,634.65,141.45,241.08,100.55,1,1,1.000000
1170,125,784.41,317.37,243.81,128.66,1,1,1.000000
1170,94,699.68,522.38,151.89,99.80,1,1,1.000000
1170,135,0.53,1.79,255.33,100.12,1,1,1.000000
1170,45,0.04,607.20,264.78,110.69,1,1,1.000000
1171,147,919.77,314.44,358.91,197.84,1,1,1.000000
1171,112,269.75,392.75,264.12,61.73,1,1,1.000000
1171,148,518.78,32.23,208.09,92.83,1,1,1.000000
1171,185,590.69,303.85,210.03,81.17,1,1,1.000000
1171,204,270.21,135.03,376.72,163.17,1,1,1.000000
1171,75,1027.90,273.27,249.84,81.85,1,1,1.000000
1171,197,827.42,171.54,272.21,113.92,1,1,1.000000
1171,162,973.92,27.63,299.52,149.00,1,1,1.000000
1171,124,628.43,241.85,203.28,102.16,1,1,1.000000
1171,165,5.96,433.40,479.05,234.71,1,1,1.000000
1171,78,754.77,415.49,522.92,300.88,1,1,1.000000
1171,51,746.21,612.54,235.88,106.01,1,1,1.000000
1171,241,514.53,368.14,198.47,62.48,1,1,1.000000
1171,249,247.46,43.78,282.67,115.90,1,1,1.000000
1171,250,495.79,421.87,229.68,287.67,1,1,1.000000
1171,126,1.89,157.75,327.91,133.79,1,1,1.000000
1171,200,830.33,60.50,217.34,101.55,1,1,1.000000
1171,199,335.06,282.75,364.76,112.67,1,1,1.000000
1171,225,0.00,274.77,698.20,225.40,1,1,1.000000
1171,164,383.62,648.21,173.05,69.30,1,1,1.000000
1171,260,5.32,516.84,176.07,106.60,1,1,1.000000
1171,70,622.21,241.59,218.92,112.12,1,1,1.000000
1171,196,2.61,94.47,303.32,87.69,1,1,1.000000
1171,267,213.51,431.28,277.34,234.19,1,1,1.000000
1171,201,634.65,141.45,241.08,100.55,1,1,1.000000
1171,125,784.41,317.37,243.81,128.66,1,1,1.000000
1171,277,12.08,452.21,342.45,115.07,1,1,1.000000
1171,278,1024.45,276.69,253.97,128.89,1,1,1.000000
1171,279,527.93,411.24,183.63,75.97,1,1,1.000000
1171,280,1.67,270.90,120.58,83.18,1,1,1.000000
1171,281,177.99,547.59,268.59,112.77,1,1,1.000000
1171,282,249.71,46.41,257.77,67.98,1,1,1.000000
1171,283,625.56,314.21,173.18,69.83,1,1,1.000000
1171,284,580.09,372.59,137.62,57.33,1,1,1.000000
1171,94,699.68,522.38,151.89,99.80,1,1,1.000000
1171,135,0.53,1.79,255.33,100.12,1,1,1.000000
1171,45,0.04,607.20,264.78,110.69,1,1,1.000000
1172,147,1005.47,324.15,273.03,187.39,1,1,1.000000
1172,112,293.74,346.13,258.90,103.87,1,1,1.000000
1172,148,550.57,36.01,215.26,91.53,1,1,1.000000
1172,204,272.84,148.13,392.19,166.05,1,1,1.000000
1172,75,1102.87,296.24,175.42,78.61,1,1,1.000000
1172,197,847.92,178.38,293.95,112.36,1,1,1.000000
1172,162,988.51,29.29,289.79,153.22,1,1,1.000000
1172,165,377.28,433.18,161.02,244.99,1,1,1.000000
1172,78,782.04,432.48,495.79,284.40,1,1,1.000000
1172,51,829.64,611.95,169.95,106.89,1,1,1.000000
1172,249,236.42,44.83,326.46,121.35,1,1,1.000000
1172,250,525.42,434.79,304.73,276.81,1,1,1.000000
1172,126,0.85,175.20,281.48,99.42,1,1,1.000000
1172,200,851.99,58.68,210.92,107.14,1,1,1.000000
1172,199,383.24,289.24,425.11,100.49,1,1,1.000000
1172,225,2.07,282.49,379.44,228.38,1,1,1.000000
1172,164,425.44,655.38,188.21,62.81,1,1,1.000000
1172,70,666.03,251.74,188.22,107.83,1,1,1.000000
1172,196,7.98,121.01,305.47,93.77,1,1,1.000000
1172,267,247.18,442.04,254.03,246.35,1,1,1.000000
1172,201,608.37,148.85,311.62,123.12,1,1,1.000000
1172,125,810.95,325.65,255.97,122.62,1,1,1.000000
1172,277,1.77,461.37,259.63,172.97,1,1,1.000000
1172,280,0.42,276.70,173.87,71.89,1,1,1.000000
1172,281,245.80,547.79,237.90,138.06,1,1,1.000000
1172,284,537.85,375.44,228.36,64.83,1,1,1.000000
1172,94,747.63,532.19,137.32,90.72,1,1,1.000000
1172,135,0.15,0.83,293.51,118.72,1,1,1.000000
1172,45,0.00,610.69,371.79,106.97,1,1,1.000000
1172,74,271.82,146.99,640.91,165.99,1,1,1.000000
1172,265,593.88,667.42,135.19,51.79,1,1,1.000000
1173,147,1029.86,328.50,249.26,176.81,1,1,1.000000
1173,148,569.87,42.87,222.38,89.35,1,1,1.000000
1173,204,265.07,146.67,497.18,166.24,1,1,1.000000
1173,197,867.54,189.10,314.28,116.37,1,1,1.000000
1173,162,999.86,28.58,278.32,143.37,1,1,1.000000
1173,78,833.71,445.52,444.20,271.50,1,1,1.000000
1173,51,772.45,542.79,256.04,174.84,1,1,1.000000
1173,249,339.67,49.03,244.94,111.96,1,1,1.000000
1173,250,542.59,449.72,311.19,268.83,1,1,1.000000
1173,126,2.75,186.84,366.78,148.71,1,1,1.000000
1173,200,871.84,63.68,221.05,83.96,1,1,1.000000
1173,199,426.52,320.95,384.38,99.00,1,1,1.000000
1173,225,4.40,299.04,418.48,211.84,1,1,1.000000
1173,70,699.80,258.00,159.84,96.07,1,1,1.000000
1173,196,6.15,94.76,332.18,122.83,1,1,1.000000
1173,267,218.59,413.34,303.74,296.00,1,1,1.000000
1173,201,711.40,150.74,245.02,105.53,1,1,1.000000
1173,125,823.20,332.42,279.39,117.28,1,1,1.000000
1173,280,2.32,292.55,185.00,112.34,1,1,1.000000
1173,135,1.80,0.63,316.47,111.56,1,1,1.000000
1173,45,0.00,579.47,176.11,138.16,1,1,1.000000
1173,289,7.27,299.14,413.80,132.14,1,1,1.000000
1173,290,634.58,0.74,152.41,31.38,1,1,1.000000
1173,107,699.27,435.25,167.10,120.08,1,1,1.000000
1173,146,688.81,436.53,341.39,279.50,1,1,1.000000
1173,110,1028.34,578.68,245.94,138.97,1,1,1.000000
1173,260,2.84,506.22,260.62,142.84,1,1,1.000000
1173,279,370.05,394.50,305.75,95.95,1,1,1.000000
1174,147,1051.52,337.84,226.40,153.96,1,1,1.000000
1174,148,609.01,44.96,233.99,104.17,1,1,1.000000
1174,204,245.50,135.19,526.12,185.61,1,1,1.000000
1174,197,881.26,197.97,376.99,124.20,1,1,1.000000
1174,162,1011.40,30.34,267.45,136.81,1,1,1.000000
1174,78,848.92,437.56,428.57,214.67,1,1,1.000000
1174,51,870.62,603.19,185.73,114.14,1,1,1.000000
1174,249,447.08,55.05,173.70,107.65,1,1,1.000000
1174,126,6.22,229.22,375.77,123.38,1,1,1.000000
1174,200,895.08,72.07,237.92,85.73,1,1,1.000000
1174,199,447.60,308.82,360.10,104.48,1,1,1.000000
1174,225,1.09,315.13,466.78,220.61,1,1,1.000000
1174,70,692.41,262.25,182.09,104.92,1,1,1.000000
1174,196,5.42,84.67,423.98,124.36,1,1,1.000000
1174,267,255.66,466.54,285.40,251.15,1,1,1.000000
1174,201,708.85,158.05,278.84,92.83,1,1,1.000000
1174,125,841.24,347.88,307.48,124.17,1,1,1.000000
1174,135,1.56,0.39,348.18,133.29,1,1,1.000000
1174,45,0.41,608.68,105.69,109.66,1,1,1.000000
1174,290,642.98,0.52,161.92,38.10,1,1,1.000000
1174,292,699.18,397.20,159.00,84.29,1,1,1.000000
1174,293,444.43,0.85,99.65,55.42,1,1,1.000000
1174,107,662.70,458.36,168.50,82.94,1,1,1.000000
1174,146,549.86,453.07,303.23,265.93,1,1,1.000000
1174,110,1003.17,560.69,273.93,159.08,1,1,1.000000
1174,260,48.63,515.96,246.45,148.70,1,1,1.000000
1174,143,13.66,184.14,268.02,91.76,1,1,1.000000
1174,282,328.04,3.34,163.86,92.67,1,1,1.000000
1174,284,619.77,384.71,150.31,56.81,1,1,1.000000
1174,94,780.94,546.45,154.19,123.97,1,1,1.000000
1175,147,1043.63,343.20,235.33,139.28,1,1,1.000000
1175,148,636.89,61.24,206.91,100.48,1,1,1.000000
1175,204,229.58,136.50,601.71,194.83,1,1,1.000000
1175,197,893.60,208.99,379.10,122.85,1,1,1.000000
1175,162,1009.40,33.04,267.82,125.47,1,1,1.000000
1175,78,707.59,393.69,569.50,323.95,1,1,1.000000
1175,51,776.41,525.15,271.74,192.95,1,1,1.000000
1175,249,334.93,19.15,317.98,149.79,1,1,1.000000
1175,126,7.96,210.65,353.68,168.50,1,1,1.000000
1175,200,911.13,79.92,257.36,88.90,1,1,1.000000
1175,199,434.91,317.36,377.80,146.06,1,1,1.000000
1175,225,4.42,333.66,443.81,216.34,1,1,1.000000
1175,70,686.43,256.42,207.77,121.91,1,1,1.000000
1175,196,79.36,96.62,393.38,118.47,1,1,1.000000
1175,267,242.89,461.49,250.33,248.93,1,1,1.000000
1175,201,770.63,164.81,260.84,94.66,1,1,1.000000
1175,125,868.95,364.95,228.20,98.75,1,1,1.000000
1175,135,1.38,7.87,347.43,123.09,1,1,1.000000
1175,45,0.67,546.76,170.13,169.92,1,1,1.000000
1175,290,600.54,1.11,224.32,60.35,1,1,1.000000
1175,107,705.78,474.75,185.27,101.06,1,1,1.000000
1175,146,569.05,472.88,365.49,245.82,1,1,1.000000
1175,260,96.77,552.78,247.35,129.13,1,1,1.000000
1175,94,735.14,490.30,303.97,225.22,1,1,1.000000
1175,277,95.69,503.27,243.66,177.40,1,1,1.000000
1175,281,450.18,480.94,119.73,237.34,1,1,1.000000
1176,147,1057.06,353.57,222.31,122.01,1,1,1.000000
1176,148,695.20,67.58,157.57,91.70,1,1,1.000000
1176,204,218.20,154.68,562.36,197.78,1,1,1.000000
1176,197,906.25,219.41,370.56,118.79,1,1,1.000000
1176,162,1015.77,33.34,261.60,112.92,1,1,1.000000
1176,78,761.82,404.71,513.31,312.05,1,1,1.000000
1176,51,823.75,572.24,174.38,141.58,1,1,1.000000
1176,249,334.09,27.72,314.76,144.54,1,1,1.000000
1176,126,28.80,230.88,223.91,121.60,1,1,1.000000
1176,200,929.54,87.96,263.26,93.20,1,1,1.000000
1176,199,404.70,318.22,453.41,162.96,1,1,1.000000
1176,225,2.20,369.93,388.87,153.45,1,1,1.000000
1176,70,670.49,256.66,244.13,129.98,1,1,1.000000
1176,196,149.04,104.85,287.67,119.72,1,1,1.000000
1176,267,264.64,455.78,308.85,258.60,1,1,1.000000
1176,201,748.66,167.24,314.12,100.46,1,1,1.000000
1176,125,885.93,368.15,241.86,100.39,1,1,1.000000
1176,135,1.56,1.16,345.08,138.86,1,1,1.000000
1176,45,1.90,516.40,145.49,198.59,1,1,1.000000
1176,290,651.24,0.84,198.56,59.23,1,1,1.000000
1176,107,733.98,409.09,230.85,179.34,1,1,1.000000
1176,146,578.68,487.92,363.31,231.49,1,1,1.000000
1176,260,111.38,516.69,270.28,188.66,1,1,1.000000
1176,289,176.56,342.08,285.39,68.77,1,1,1.000000
1176,293,496.31,0.70,200.01,69.14,1,1,1.000000
1176,110,924.02,563.10,252.60,154.48,1,1,1.000000
1176,282,344.93,9.92,167.02,104.05,1,1,1.000000
1177,147,1057.06,353.57,222.31,122.01,1,1,1.000000
1177,148,695.20,67.58,157.57,91.70,1,1,1.000000
1177,204,218.20,154.68,562.36,197.78,1,1,1.000000
1177,197,906.25,219.41,370.56,118.79,1,1,1.000000
1177,162,1015.77,33.34,261.60,112.92,1,1,1.000000
1177,78,761.82,404.71,513.31,312.05,1,1,1.000000
1177,51,823.75,572.24,174.38,141.58,1,1,1.000000
1177,249,334.09,27.72,314.76,144.54,1,1,1.000000
1177,126,28.80,230.88,223.91,121.60,1,1,1.000000
1177,200,929.54,87.96,263.26,93.20,1,1,1.000000
1177,199,404.70,318.22,453.41,162.96,1,1,1.000000
1177,225,2.20,369.93,388.87,153.45,1,1,1.000000
1177,70,670.49,256.66,244.13,129.98,1,1,1.000000
1177,196,149.04,104.85,287.67,119.72,1,1,1.000000
1177,267,264.64,455.78,308.85,258.60,1,1,1.000000
1177,201,748.66,167.24,314.12,100.46,1,1,1.000000
1177,125,885.93,368.15,241.86,100.39,1,1,1.000000
1177,135,1.56,1.16,345.08,138.86,1,1,1.000000
1177,45,1.90,516.40,145.49,198.59,1,1,1.000000
1177,290,651.24,0.84,198.56,59.23,1,1,1.000000
1177,107,733.98,409.09,230.85,179.34,1,1,1.000000
1177,146,578.68,487.92,363.31,231.49,1,1,1.000000
1177,260,111.38,516.69,270.28,188.66,1,1,1.000000
1177,310,335.77,64.46,147.70,86.25,1,1,1.000000
1177,311,0.89,258.87,91.77,161.06,1,1,1.000000
1177,312,725.68,412.38,312.83,182.65,1,1,1.000000
1177,313,143.75,207.20,168.46,65.25,1,1,1.000000
1177,314,23.34,232.03,199.44,74.60,1,1,1.000000
1177,289,176.56,342.08,285.39,68.77,1,1,1.000000
1177,293,496.31,0.70,200.01,69.14,1,1,1.000000
1177,110,924.02,563.10,252.60,154.48,1,1,1.000000
1177,282,344.93,9.92,167.02,104.05,1,1,1.000000
1178,147,1065.96,358.27,213.08,124.44,1,1,1.000000
1178,148,702.23,68.74,160.45,95.21,1,1,1.000000
1178,204,186.32,169.78,623.75,202.95,1,1,1.000000
1178,197,923.69,229.79,351.76,118.76,1,1,1.000000
1178,162,1014.73,34.77,263.23,111.05,1,1,1.000000
1178,78,866.41,418.92,409.51,244.40,1,1,1.000000
1178,51,843.22,589.13,197.01,129.06,1,1,1.000000
1178,249,356.97,50.85,307.96,133.72,1,1,1.000000
1178,126,41.06,262.39,248.77,127.13,1,1,1.000000
1178,200,932.73,91.97,276.70,94.42,1,1,1.000000
1178,199,413.29,335.74,496.16,153.72,1,1,1.000000
1178,70,679.33,261.12,250.04,129.19,1,1,1.000000
1178,196,144.61,114.03,268.76,109.02,1,1,1.000000
1178,267,341.55,464.65,243.22,251.58,1,1,1.000000
1178,201,773.66,175.27,333.55,98.04,1,1,1.000000
1178,125,908.29,362.02,257.69,125.88,1,1,1.000000
1178,135,1.14,35.79,324.39,104.34,1,1,1.000000
1178,45,1.97,562.85,150.23,150.72,1,1,1.000000
1178,290,660.40,0.55,204.39,67.37,1,1,1.000000
1178,107,745.56,422.80,242.83,172.01,1,1,1.000000
1178,146,567.42,502.55,360.27,216.45,1,1,1.000000
1178,260,59.73,564.33,358.56,149.58,1,1,1.000000
1178,310,351.86,45.05,156.92,91.54,1,1,1.000000
1178,311,1.53,321.87,165.78,112.48,1,1,1.000000
1178,312,864.97,424.46,210.40,181.97,1,1,1.000000
1178,313,83.83,211.55,228.28,97.44,1,1,1.000000
1178,289,313.13,351.24,196.65,71.79,1,1,1.000000
1178,110,1012.10,591.42,266.57,126.76,1,1,1.000000
1178,282,452.46,4.54,144.51,83.07,1,1,1.000000
1178,279,237.03,400.99,183.40,74.96,1,1,1.000000
1178,143,2.35,142.08,196.91,127.66,1,1,1.000000
1179,147,1070.05,359.14,209.73,123.35,1,1,1.000000
1179,148,744.44,72.78,142.16,97.65,1,1,1.000000
1179,204,168.54,173.92,607.32,223.43,1,1,1.000000
1179,197,938.41,240.83,337.45,118.41,1,1,1.000000
1179,162,1021.25,35.72,257.81,108.03,1,1,1.000000
1179,78,743.94,427.06,533.03,241.50,1,1,1.000000
1179,51,851.58,592.90,197.95,126.51,1,1,1.000000
1179,249,358.44,52.75,337.32,144.74,1,1,1.000000
1179,126,3.37,282.63,275.76,165.14,1,1,1.000000
1179,200,942.60,98.01,274.19,91.95,1,1,1.000000
1179,199,487.54,338.59,490.05,142.26,1,1,1.000000
1179,70,701.56,263.62,240.43,101.00,1,1,1.000000
1179,196,2.43,138.23,416.12,149.68,1,1,1.000000
1179,267,271.24,469.30,319.67,246.61,1,1,1.000000
1179,201,772.16,177.63,365.23,112.57,1,1,1.000000
1179,125,944.47,377.85,250.83,122.41,1,1,1.000000
1179,135,1.65,44.93,303.32,92.02,1,1,1.000000
1179,45,1.69,566.70,162.15,149.98,1,1,1.000000
1179,290,628.26,0.93,252.10,71.94,1,1,1.000000
1179,146,585.42,511.08,381.17,208.14,1,1,1.000000
1179,260,146.75,567.72,334.06,151.51,1,1,1.000000
1179,313,99.36,219.83,218.63,94.43,1,1,1.000000
1179,110,1012.04,591.95,265.17,125.82,1,1,1.000000
1179,315,1.96,0.72,294.69,72.08,1,1,1.000000
1179,316,169.74,488.23,183.46,135.02,1,1,1.000000
1179,143,1.39,148.14,188.97,135.46,1,1,1.000000
1179,112,312.65,367.62,245.47,142.41,1,1,1.000000
1179,281,593.41,477.74,296.61,140.23,1,1,1.000000
1179,225,2.14,443.28,256.20,154.71,1,1,1.000000
1179,293,571.14,2.21,306.69,79.54,1,1,1.000000
1180,147,1075.83,366.08,203.67,111.49,1,1,1.000000
1180,148,684.80,81.15,214.76,96.62,1,1,1.000000
1180,204,135.11,186.31,627.20,216.25,1,1,1.000000
1180,197,954.08,246.72,322.15,122.56,1,1,1.000000
1180,162,1026.08,37.80,253.53,101.48,1,1,1.000000
1180,78,756.19,420.44,521.25,242.02,1,1,1.000000
1180,51,859.72,602.56,199.10,116.05,1,1,1.000000
1180,249,401.15,79.35,298.00,159.44,1,1,1.000000
1180,126,0.00,287.89,144.84,209.68,1,1,1.000000
1180,200,962.96,102.80,257.98,91.45,1,1,1.000000
1180,199,483.30,340.28,622.04,176.94,1,1,1.000000
1180,70,756.39,268.93,200.60,93.59,1,1,1.000000
1180,196,107.33,142.11,300.14,96.91,1,1,1.000000
1180,267,324.28,482.62,275.48,234.63,1,1,1.000000
1180,201,760.17,179.55,417.17,110.87,1,1,1.000000
1180,135,1.37,46.14,329.20,127.72,1,1,1.000000
1180,45,1.94,571.46,163.25,146.03,1,1,1.000000
1180,290,781.08,1.68,118.61,71.87,1,1,1.000000
1180,146,590.26,489.13,381.51,229.87,1,1,1.000000
1180,260,141.07,609.77,331.28,109.30,1,1,1.000000
1180,110,1066.06,614.06,212.69,104.96,1,1,1.000000
1180,315,5.06,1.21,318.47,76.73,1,1,1.000000
1180,316,206.34,476.80,205.47,153.55,1,1,1.000000
1180,143,3.88,141.47,397.86,154.92,1,1,1.000000
1180,326,1169.75,453.07,108.24,94.56,1,1,1.000000
1180,327,190.71,104.16,175.66,60.43,1,1,1.000000
1180,330,191.87,1.96,284.92,78.45,1,1,1.000000
1180,112,78.27,378.74,478.86,137.75,1,1,1.000000
1180,225,1.45,493.58,174.22,140.11,1,1,1.000000
1180,293,672.09,1.28,224.55,71.69,1,1,1.000000
1180,99,961.34,416.08,233.54,85.68,1,1,1.000000
1180,280,44.63,296.77,207.69,196.94,1,1,1.000000
1180,282,431.71,0.52,101.61,67.12,1,1,1.000000
1181,147,1083.74,372.69,195.07,105.53,1,1,1.000000
1181,148,801.52,100.26,110.61,80.25,1,1,1.000000
1181,204,106.85,202.15,638.61,218.56,1,1,1.000000
1181,197,936.81,252.88,341.69,121.08,1,1,1.000000
1181,162,1025.14,37.90,253.90,102.94,1,1,1.000000
1181,78,793.93,447.93,484.49,237.41,1,1,1.000000
1181,51,856.96,611.05,204.75,107.45,1,1,1.000000
1181,249,466.37,91.44,244.44,116.70,1,1,1.000000
1181,200,970.16,106.56,241.75,90.30,1,1,1.000000
1181,199,487.39,347.53,604.40,171.75,1,1,1.000000
1181,70,745.54,255.30,175.63,101.50,1,1,1.000000
1181,196,237.66,159.74,213.07,80.06,1,1,1.000000
1181,267,441.32,509.15,182.91,208.95,1,1,1.000000
1181,201,810.30,175.92,405.54,130.21,1,1,1.000000
1181,135,1.24,57.28,259.57,122.33,1,1,1.000000
1181,45,3.06,604.45,151.66,114.32,1,1,1.000000
1181,290,805.76,10.29,99.57,73.18,1,1,1.000000
1181,146,586.93,492.81,388.20,226.26,1,1,1.000000
1181,110,1079.69,640.91,187.70,77.83,1,1,1.000000
1181,315,7.90,6.47,346.81,102.44,1,1,1.000000
1181,316,166.17,491.21,286.14,227.60,1,1,1.000000
1181,143,2.92,170.65,300.34,159.42,1,1,1.000000
1181,326,1176.43,464.13,101.12,82.34,1,1,1.000000
1181,327,270.22,98.44,106.45,69.66,1,1,1.000000
1181,112,75.03,384.91,436.89,127.02,1,1,1.000000
1181,225,0.07,472.56,132.36,157.56,1,1,1.000000
1181,293,680.67,0.27,159.76,70.59,1,1,1.000000
1181,334,487.77,59.87,107.29,67.45,1,1,1.000000
1181,335,154.01,466.30,111.67,191.98,1,1,1.000000
1181,99,898.60,432.09,312.25,89.71,1,1,1.000000
1181,280,0.59,302.12,118.22,188.21,1,1,1.000000
1181,282,454.47,0.72,82.56,71.86,1,1,1.000000
1181,165,157.39,480.92,341.67,236.67,1,1,1.000000
1181,281,629.19,487.56,215.42,130.69,1,1,1.000000
1182,147,1083.74,372.69,195.07,105.53,1,1,1.000000
1182,148,801.52,100.26,110.61,80.25,1,1,1.000000
1182,204,106.85,202.15,638.61,218.56,1,1,1.000000
1182,197,936.81,252.88,341.69,121.08,1,1,1.000000
1182,162,1025.14,37.90,253.90,102.94,1,1,1.000000
1182,78,793.93,447.93,484.49,237.41,1,1,1.000000
1182,51,856.96,611.05,204.75,107.45,1,1,1.000000
1182,249,466.37,91.44,244.44,116.70,1,1,1.000000
1182,200,970.16,106.56,241.75,90.30,1,1,1.000000
1182,199,487.39,347.53,604.40,171.75,1,1,1.000000
1182,70,745.54,255.30,175.63,101.50,1,1,1.000000
1182,196,237.66,159.74,213.07,80.06,1,1,1.000000
1182,267,441.32,509.15,182.91,208.95,1,1,1.000000
1182,201,810.30,175.92,405.54,130.21,1,1,1.000000
1182,135,1.24,57.28,259.57,122.33,1,1,1.000000
1182,45,3.06,604.45,151.66,114.32,1,1,1.000000
1182,290,805.76,10.29,99.57,73.18,1,1,1.000000
1182,146,586.93,492.81,388.20,226.26,1,1,1.000000
1182,110,1079.69,640.91,187.70,77.83,1,1,1.000000
1182,315,7.90,6.47,346.81,102.44,1,1,1.000000
1182,316,166.17,491.21,286.14,227.60,1,1,1.000000
1182,143,2.92,170.65,300.34,159.42,1,1,1.000000
1182,326,1176.43,464.13,101.12,82.34,1,1,1.000000
1182,327,270.22,98.44,106.45,69.66,1,1,1.000000
1182,112,75.03,384.91,436.89,127.02,1,1,1.000000
1182,225,0.07,472.56,132.36,157.56,1,1,1.000000
1182,293,680.67,0.27,159.76,70.59,1,1,1.000000
1182,334,487.77,59.87,107.29,67.45,1,1,1.000000
1182,335,154.01,466.30,111.67,191.98,1,1,1.000000
1182,99,898.60,432.09,312.25,89.71,1,1,1.000000
1182,280,0.59,302.12,118.22,188.21,1,1,1.000000
1182,282,454.47,0.72,82.56,71.86,1,1,1.000000
1182,338,707.48,93.61,97.97,75.50,1,1,1.000000
1182,339,754.79,200.84,156.78,99.91,1,1,1.000000
1182,340,544.64,192.28,154.52,73.74,1,1,1.000000
1182,341,2.01,570.74,122.65,58.92,1,1,1.000000
1182,342,265.79,99.44,282.28,146.95,1,1,1.000000
1182,343,109.73,110.70,181.77,66.34,1,1,1.000000
1182,344,742.50,203.35,207.46,155.60,1,1,1.000000
1182,165,157.39,480.92,341.67,236.67,1,1,1.000000
1182,281,629.19,487.56,215.42,130.69,1,1,1.000000
1183,147,1114.22,377.22,164.81,99.59,1,1,1.000000
1183,148,812.40,100.06,114.20,89.67,1,1,1.000000
1183,204,68.11,221.97,512.28,220.33,1,1,1.000000
1183,197,950.33,266.53,326.81,112.09,1,1,1.000000
1183,162,1024.41,40.37,254.18,95.65,1,1,1.000000
1183,78,825.59,447.53,450.50,269.55,1,1,1.000000
1183,51,905.75,615.95,165.70,103.31,1,1,1.000000
1183,249,490.12,85.85,239.46,120.31,1,1,1.000000
1183,200,976.55,110.35,236.55,78.85,1,1,1.000000
1183,199,526.28,344.12,614.81,152.51,1,1,1.000000
1183,70,725.31,254.37,163.15,100.16,1,1,1.000000
1183,196,253.82,169.56,244.72,93.95,1,1,1.000000
1183,267,309.87,490.95,327.44,227.63,1,1,1.000000
1183,201,871.63,175.27,375.31,129.80,1,1,1.000000
1183,135,1.52,61.08,240.31,128.37,1,1,1.000000
1183,290,827.87,17.30,87.94,66.73,1,1,1.000000
1183,146,605.94,529.80,375.71,189.33,1,1,1.000000
1183,315,6.03,1.65,382.55,122.83,1,1,1.000000
1183,316,154.84,469.95,365.39,249.36,1,1,1.000000
1183,143,1.85,165.32,300.39,156.34,1,1,1.000000
1183,327,239.70,108.95,146.29,65.87,1,1,1.000000
1183,112,138.28,411.44,399.28,112.92,1,1,1.000000
1183,225,22.65,443.96,171.13,273.29,1,1,1.000000
1183,293,672.22,1.07,165.94,83.97,1,1,1.000000
1183,334,504.25,70.34,97.33,58.08,1,1,1.000000
1183,99,1026.56,449.66,197.45,84.05,1,1,1.000000
1183,280,0.31,348.27,89.80,138.39,1,1,1.000000
1183,282,460.43,2.88,127.58,82.66,1,1,1.000000
1183,338,705.38,70.81,106.43,81.45,1,1,1.000000
1183,339,769.91,205.77,143.21,69.50,1,1,1.000000
1183,342,388.49,148.18,193.11,130.14,1,1,1.000000
1183,344,769.26,209.51,163.36,138.80,1,1,1.000000
1183,165,257.14,487.69,264.84,223.94,1,1,1.000000
1183,281,617.84,490.29,249.29,140.88,1,1,1.000000
1183,348,691.48,495.25,237.29,140.38,1,1,1.000000
1183,247,553.89,224.36,174.58,154.83,1,1,1.000000
1183,107,779.20,498.48,164.86,135.75,1,1,1.000000
1183,289,521.29,358.93,205.45,91.75,1,1,1.000000
1184,147,1130.69,381.82,146.69,145.11,1,1,1.000000
1184,148,813.45,101.51,124.56,94.47,1,1,1.000000
1184,204,32.79,247.15,659.48,211.58,1,1,1.000000
1184,197,961.04,271.07,318.09,94.80,1,1,1.000000
1184,162,1020.30,44.79,258.06,93.02,1,1,1.000000
1184,78,851.38,463.29,426.92,254.30,1,1,1.000000
1184,51,910.40,627.54,164.34,90.67,1,1,1.000000
1184,249,515.01,96.30,292.54,114.22,1,1,1.000000
1184,200,977.28,108.97,225.15,76.86,1,1,1.000000
1184,199,561.61,343.52,664.51,168.37,1,1,1.000000
1184,70,697.90,257.38,244.82,98.73,1,1,1.000000
1184,267,499.63,514.41,145.87,204.44,1,1,1.000000
1184,201,889.26,175.23,385.09,148.11,1,1,1.000000
1184,135,3.38,64.92,216.07,111.43,1,1,1.000000
1184,290,831.73,20.93,91.71,72.64,1,1,1.000000
1184,146,640.13,581.39,328.19,138.10,1,1,1.000000
1184,315,11.41,1.97,376.10,131.24,1,1,1.000000
1184,143,1.97,152.47,366.97,182.80,1,1,1.000000
1184,327,288.54,120.31,117.32,58.97,1,1,1.000000
1184,112,243.38,428.55,311.77,103.34,1,1,1.000000
1184,225,0.60,452.26,176.37,265.02,1,1,1.000000
1184,293,684.64,0.68,145.35,102.16,1,1,1.000000
1184,334,507.42,61.51,100.62,77.36,1,1,1.000000
1184,99,1029.68,460.54,200.61,82.16,1,1,1.000000
1184,282,451.99,0.43,116.26,84.15,1,1,1.000000
1184,339,768.71,209.04,145.08,65.24,1,1,1.000000
1184,342,300.16,165.95,278.47,110.73,1,1,1.000000
1184,165,250.75,495.17,295.99,221.45,1,1,1.000000
1184,281,628.53,488.64,233.29,142.17,1,1,1.000000
1184,348,622.66,486.00,319.27,150.32,1,1,1.000000
1184,107,767.78,492.44,188.50,144.91,1,1,1.000000
1184,289,536.82,353.21,242.36,91.30,1,1,1.000000
1184,335,146.31,454.09,132.09,263.58,1,1,1.000000
1184,340,585.24,208.13,127.22,57.28,1,1,1.000000
1185,147,1141.39,400.69,134.77,99.17,1,1,1.000000
1185,148,830.32,102.90,114.23,97.51,1,1,1.000000
1185,204,2.19,260.17,596.41,220.27,1,1,1.000000
1185,197,949.40,270.45,329.22,107.37,1,1,1.000000
1185,162,1017.38,45.82,260.35,87.49,1,1,1.000000
1185,78,863.27,464.84,415.56,253.41,1,1,1.000000
1185,51,929.33,636.46,153.76,82.28,1,1,1.000000
1185,249,540.97,107.01,202.85,116.38,1,1,1.000000
1185,200,983.38,109.25,210.90,69.90,1,1,1.000000
1185,199,488.72,344.94,744.69,155.19,1,1,1.000000
1185,70,673.15,259.32,231.23,99.71,1,1,1.000000
1185,267,530.52,522.69,126.58,196.30,1,1,1.000000
1185,201,930.35,170.45,346.31,159.52,1,1,1.000000
1185,135,2.26,72.43,189.42,140.93,1,1,1.000000
1185,290,833.64,22.93,93.94,70.26,1,1,1.000000
1185,146,691.32,569.94,273.40,145.42,1,1,1.000000
1185,315,5.22,2.98,386.35,140.55,1,1,1.000000
1185,143,1.94,154.71,383.07,194.78,1,1,1.000000
1185,112,259.99,447.92,340.81,107.98,1,1,1.000000
1185,293,692.01,1.47,134.94,77.58,1,1,1.000000
1185,334,528.05,23.68,97.34,110.52,1,1,1.000000
1185,339,760.39,210.47,206.78,70.06,1,1,1.000000
1185,342,312.13,162.98,284.69,136.41,1,1,1.000000
1185,165,256.60,498.08,316.40,219.71,1,1,1.000000
1185,281,630.36,465.81,209.28,142.53,1,1,1.000000
1185,348,635.84,470.39,326.31,247.71,1,1,1.000000
1185,107,785.73,487.37,229.28,163.39,1,1,1.000000
1185,289,583.70,360.06,219.89,61.97,1,1,1.000000
1185,353,595.38,2.11,86.10,98.69,1,1,1.000000
1185,335,144.95,467.64,143.32,248.74,1,1,1.000000
1185,340,586.73,215.14,83.84,59.42,1,1,1.000000
1185,310,393.64,15.48,158.81,82.54,1,1,1.000000
1185,125,1079.65,374.26,192.02,70.48,1,1,1.000000
1185,330,272.18,19.38,122.37,73.68,1,1,1.000000
1185,45,0.53,472.06,178.27,245.04,1,1,1.000000
1185,316,303.68,496.30,227.67,131.32,1,1,1.000000
1185,338,732.46,96.71,105.17,75.02,1,1,1.000000
1185,344,672.45,212.04,287.80,145.62,1,1,1.000000
1186,147,1141.39,400.69,134.77,99.17,1,1,1.000000
1186,148,830.32,102.90,114.23,97.51,1,1,1.000000
1186,204,2.19,260.17,596.41,220.27,1,1,1.000000
1186,197,949.40,270.45,329.22,107.37,1,1,1.000000
1186,162,1017.38,45.82,260.35,87.49,1,1,1.000000
1186,78,863.27,464.84,415.56,253.41,1,1,1.000000
1186,51,929.33,636.46,153.76,82.28,1,1,1.000000
1186,249,540.97,107.01,202.85,116.38,1,1,1.000000
1186,200,983.38,109.25,210.90,69.90,1,1,1.000000
1186,199,488.72,344.94,744.69,155.19,1,1,1.000000
1186,70,673.15,259.32,231.23,99.71,1,1,1.000000
1186,267,530.52,522.69,126.58,196.30,1,1,1.000000
1186,201,930.35,170.45,346.31,159.52,1,1,1.000000
1186,135,2.26,72.43,189.42,140.93,1,1,1.000000
1186,290,833.64,22.93,93.94,70.26,1,1,1.000000
1186,146,691.32,569.94,273.40,145.42,1,1,1.000000
1186,315,5.22,2.98,386.35,140.55,1,1,1.000000
1186,143,1.94,154.71,383.07,194.78,1,1,1.000000
1186,112,259.99,447.92,340.81,107.98,1,1,1.000000
1186,293,692.01,1.47,134.94,77.58,1,1,1.000000
1186,334,528.05,23.68,97.34,110.52,1,1,1.000000
1186,339,760.39,210.47,206.78,70.06,1,1,1.000000
1186,342,312.13,162.98,284.69,136.41,1,1,1.000000
1186,165,256.60,498.08,316.40,219.71,1,1,1.000000
1186,281,630.36,465.81,209.28,142.53,1,1,1.000000
1186,348,635.84,470.39,326.31,247.71,1,1,1.000000
1186,107,785.73,487.37,229.28,163.39,1,1,1.000000
1186,289,583.70,360.06,219.89,61.97,1,1,1.000000
1186,353,595.38,2.11,86.10,98.69,1,1,1.000000
1186,335,144.95,467.64,143.32,248.74,1,1,1.000000
1186,340,586.73,215.14,83.84,59.42,1,1,1.000000
1186,358,468.09,358.93,340.17,127.03,1,1,1.000000
1186,359,658.51,625.12,161.97,93.30,1,1,1.000000
1186,360,1140.04,401.90,138.10,139.49,1,1,1.000000
1186,361,554.58,264.57,108.32,123.71,1,1,1.000000
1186,310,393.64,15.48,158.81,82.54,1,1,1.000000
1186,125,1079.65,374.26,192.02,70.48,1,1,1.000000
1186,330,272.18,19.38,122.37,73.68,1,1,1.000000
1186,45,0.53,472.06,178.27,245.04,1,1,1.000000
1186,316,303.68,496.30,227.67,131.32,1,1,1.000000
1186,338,732.46,96.71,105.17,75.02,1,1,1.000000
1186,344,672.45,212.04,287.80,145.62,1,1,1.000000
1187,148,847.97,110.68,105.65,86.87,1,1,1.000000
1187,204,3.24,263.03,608.42,343.67,1,1,1.000000
1187,162,1006.91,51.30,271.08,80.91,1,1,1.000000
1187,78,831.88,464.23,446.03,253.62,1,1,1.000000
1187,51,858.39,639.21,236.81,79.06,1,1,1.000000
1187,249,589.10,116.56,170.81,107.54,1,1,1.000000
1187,200,985.71,112.66,188.97,74.18,1,1,1.000000
1187,199,667.48,288.34,608.86,196.63,1,1,1.000000
1187,70,709.50,263.38,233.55,111.30,1,1,1.000000
1187,267,297.22,443.86,376.81,270.24,1,1,1.000000
1187,201,935.80,167.02,340.05,144.87,1,1,1.000000
1187,135,1.71,89.99,133.03,122.76,1,1,1.000000
1187,290,835.68,27.86,90.98,69.81,1,1,1.000000
1187,315,19.98,32.92,405.49,121.97,1,1,1.000000
1187,143,2.03,157.12,422.06,215.23,1,1,1.000000
1187,112,299.37,446.05,341.30,116.18,1,1,1.000000
1187,293,671.05,2.32,160.75,112.95,1,1,1.000000
1187,339,765.76,210.37,197.35,77.04,1,1,1.000000
1187,342,324.91,188.06,285.41,107.94,1,1,1.000000
1187,165,259.34,491.02,361.51,227.47,1,1,1.000000
1187,281,583.51,441.64,279.82,199.77,1,1,1.000000
1187,107,798.20,465.07,310.32,246.58,1,1,1.000000
1187,353,593.98,9.43,124.86,117.08,1,1,1.000000
1187,340,590.65,221.47,70.16,59.29,1,1,1.000000
1187,358,444.84,366.54,383.33,114.81,1,1,1.000000
1187,359,661.94,611.90,165.05,103.74,1,1,1.000000
1187,45,0.00,484.58,288.95,231.92,1,1,1.000000
1187,338,724.72,77.96,115.87,86.41,1,1,1.000000
1187,163,1.61,0.17,330.65,57.37,1,1,1.000000
1187,282,479.48,1.34,141.22,95.58,1,1,1.000000
1188,148,847.97,110.68,105.65,86.87,1,1,1.000000
1188,204,3.24,263.03,608.42,343.67,1,1,1.000000
1188,162,1006.91,51.30,271.08,80.91,1,1,1.000000
1188,78,831.88,464.23,446.03,253.62,1,1,1.000000
1188,51,858.39,639.21,236.81,79.06,1,1,1.000000
1188,249,589.10,116.56,170.81,107.54,1,1,1.000000
1188,200,985.71,112.66,188.97,74.18,1,1,1.000000
1188,199,667.48,288.34,608.86,196.63,1,1,1.000000
1188,70,709.50,263.38,233.55,111.30,1,1,1.000000
1188,267,297.22,443.86,376.81,270.24,1,1,1.000000
1188,201,935.80,167.02,340.05,144.87,1,1,1.000000
1188,135,1.71,89.99,133.03,122.76,1,1,1.000000
1188,290,835.68,27.86,90.98,69.81,1,1,1.000000
1188,315,19.98,32.92,405.49,121.97,1,1,1.000000
1188,143,2.03,157.12,422.06,215.23,1,1,1.000000
1188,112,299.37,446.05,341.30,116.18,1,1,1.000000
1188,293,671.05,2.32,160.75,112.95,1,1,1.000000
1188,339,765.76,210.37,197.35,77.04,1,1,1.000000
1188,165,259.34,491.02,361.51,227.47,1,1,1.000000
1188,281,583.51,441.64,279.82,199.77,1,1,1.000000
1188,107,798.20,465.07,310.32,246.58,1,1,1.000000
1188,353,593.98,9.43,124.86,117.08,1,1,1.000000
1188,340,590.65,221.47,70.16,59.29,1,1,1.000000
1188,358,444.84,366.54,383.33,114.81,1,1,1.000000
1188,359,661.94,611.90,165.05,103.74,1,1,1.000000
1188,45,0.00,484.58,288.95,231.92,1,1,1.000000
1188,338,724.72,77.96,115.87,86.41,1,1,1.000000
1188,364,652.19,220.06,84.07,58.40,1,1,1.000000
1188,365,276.39,270.43,218.99,66.31,1,1,1.000000
1188,366,687.56,1.43,148.02,70.50,1,1,1.000000
1188,163,1.61,0.17,330.65,57.37,1,1,1.000000
1188,282,479.48,1.34,141.22,95.58,1,1,1.000000
1188,196,324.91,188.06,285.41,107.94,1,1,1.000000
1189,148,866.58,108.92,92.80,86.65,1,1,1.000000
1189,204,1.74,284.06,549.70,262.30,1,1,1.000000
1189,162,1000.28,47.84,277.17,85.67,1,1,1.000000
1189,78,765.27,454.49,513.87,263.51,1,1,1.000000
1189,51,822.89,650.39,217.82,67.82,1,1,1.000000
1189,249,592.15,113.67,177.46,117.49,1,1,1.000000
1189,200,985.27,104.47,166.49,78.04,1,1,1.000000
1189,199,692.75,305.74,585.93,192.49,1,1,1.000000
1189,70,690.95,268.31,260.60,110.43,1,1,1.000000
1189,267,300.10,429.75,378.27,283.44,1,1,1.000000
1189,201,940.49,137.39,336.66,174.08,1,1,1.000000
1189,135,1.56,97.93,166.32,130.21,1,1,1.000000
1189,290,839.35,29.01,87.92,68.82,1,1,1.000000
1189,315,3.24,23.60,424.81,135.37,1,1,1.000000
1189,143,2.03,157.98,435.15,182.10,1,1,1.000000
1189,339,756.07,206.29,205.14,84.97,1,1,1.000000
1189,165,278.00,513.25,362.83,204.82,1,1,1.000000
1189,281,589.88,445.99,312.89,224.00,1,1,1.000000
1189,353,644.68,45.27,96.43,88.88,1,1,1.000000
1189,358,510.29,373.19,322.22,118.71,1,1,1.000000
1189,359,677.69,645.12,147.82,72.95,1,1,1.000000
1189,45,0.49,499.43,287.81,216.83,1,1,1.000000
1189,338,737.47,108.66,112.72,58.81,1,1,1.000000
1189,364,641.43,220.89,99.07,60.69,1,1,1.000000
1189,365,274.83,266.70,138.72,77.10,1,1,1.000000
1189,366,682.46,0.27,147.94,64.24,1,1,1.000000
1189,368,533.99,98.77,75.33,100.75,1,1,1.000000
1189,196,337.64,191.40,280.94,113.12,1,1,1.000000
1189,124,953.89,272.53,209.48,83.23,1,1,1.000000
1189,265,822.39,647.68,114.87,71.24,1,1,1.000000
1189,341,2.42,516.35,93.56,108.77,1,1,1.000000
1189,361,535.10,306.51,95.05,82.10,1,1,1.000000
1189,310,478.60,2.73,84.87,103.07,1,1,1.000000
1190,148,881.69,109.38,80.39,88.51,1,1,1.000000
1190,204,1.97,325.44,438.59,227.11,1,1,1.000000
1190,162,990.70,46.34,287.05,83.04,1,1,1.000000
1190,78,886.82,480.11,388.98,237.72,1,1,1.000000
1190,51,927.05,656.58,148.48,62.04,1,1,1.000000
1190,249,600.29,116.20,175.06,107.80,1,1,1.000000
1190,200,976.83,111.18,180.16,73.59,1,1,1.000000
1190,199,726.61,273.24,553.41,187.64,1,1,1.000000
1190,70,770.95,280.97,193.61,101.69,1,1,1.000000
1190,267,279.91,455.44,405.33,218.41,1,1,1.000000
1190,201,947.43,151.24,329.23,162.91,1,1,1.000000
1190,135,1.00,107.63,177.95,132.31,1,1,1.000000
1190,290,837.44,24.98,88.62,74.24,1,1,1.000000
1190,315,12.75,28.19,445.65,129.22,1,1,1.000000
1190,143,1.33,156.83,445.42,199.18,1,1,1.000000
1190,339,736.53,208.48,220.84,110.26,1,1,1.000000
1190,165,280.94,513.60,356.21,204.47,1,1,1.000000
1190,281,628.52,451.63,272.70,206.16,1,1,1.000000
1190,353,606.84,45.51,129.37,87.98,1,1,1.000000
1190,358,610.12,377.47,144.39,77.92,1,1,1.000000
1190,359,697.96,655.84,152.54,61.41,1,1,1.000000
1190,45,5.53,511.81,235.09,206.12,1,1,1.000000
1190,338,740.69,112.77,110.43,50.93,1,1,1.000000
1190,364,662.85,211.61,74.84,73.22,1,1,1.000000
1190,366,659.07,0.55,175.05,61.52,1,1,1.000000
1190,196,347.70,195.50,268.28,105.16,1,1,1.000000
1190,371,484.04,390.88,151.62,92.88,1,1,1.000000
1190,373,378.35,287.92,252.66,181.24,1,1,1.000000
1190,265,841.04,653.22,100.16,66.10,1,1,1.000000
1190,310,463.53,1.67,102.18,107.71,1,1,1.000000
1190,284,864.61,432.74,163.61,61.56,1,1,1.000000
1190,313,2.06,314.88,199.46,136.64,1,1,1.000000
1190,335,209.69,477.52,95.18,238.89,1,1,1.000000
1190,112,285.18,455.89,343.85,139.58,1,1,1.000000
1190,107,811.75,477.65,351.11,238.70,1,1,1.000000
1190,340,591.55,219.19,65.22,62.41,1,1,1.000000
1191,148,892.78,106.91,74.19,90.42,1,1,1.000000
1191,204,2.16,367.38,379.73,206.40,1,1,1.000000
1191,162,988.49,41.74,288.09,92.19,1,1,1.000000
1191,78,922.03,474.84,358.58,243.62,1,1,1.000000
1191,51,907.83,661.72,178.57,57.09,1,1,1.000000
1191,249,611.76,117.41,173.79,103.43,1,1,1.000000
1191,200,979.85,111.69,168.63,68.23,1,1,1.000000
1191,199,765.40,290.21,515.27,164.27,1,1,1.000000
1191,70,802.44,279.80,147.63,99.58,1,1,1.000000
1191,201,954.35,152.66,323.00,141.92,1,1,1.000000
1191,135,1.20,136.67,154.12,109.36,1,1,1.000000
1191,290,833.37,26.98,88.71,72.61,1,1,1.000000
1191,315,53.01,41.11,387.94,114.92,1,1,1.000000
1191,143,1.26,155.23,458.50,208.78,1,1,1.000000
1191,339,748.91,203.97,205.62,115.86,1,1,1.000000
1191,165,279.53,543.68,327.53,173.46,1,1,1.000000
1191,281,632.80,440.70,271.51,224.44,1,1,1.000000
1191,353,604.01,45.36,130.17,79.03,1,1,1.000000
1191,358,663.80,373.18,128.84,76.88,1,1,1.000000
1191,359,704.84,659.98,138.11,58.12,1,1,1.000000
1191,45,27.74,529.83,267.73,187.28,1,1,1.000000
1191,338,746.80,113.42,100.37,51.22,1,1,1.000000
1191,364,653.93,204.29,93.79,82.66,1,1,1.000000
1191,366,649.64,0.85,187.21,58.61,1,1,1.000000
1191,196,360.12,204.06,258.80,93.32,1,1,1.000000
1191,371,445.53,396.11,197.63,85.74,1,1,1.000000
1191,373,361.91,351.01,268.36,125.24,1,1,1.000000
1191,265,704.80,658.44,358.77,60.04,1,1,1.000000
1191,310,466.83,1.92,98.99,110.19,1,1,1.000000
1191,375,686.12,299.53,46.94,51.76,1,1,1.000000
1191,284,910.83,434.49,102.41,53.76,1,1,1.000000
1191,112,263.94,442.26,384.89,148.25,1,1,1.000000
1191,107,725.90,444.79,448.33,272.11,1,1,1.000000
1191,340,588.43,221.28,80.01,64.12,1,1,1.000000
1191,164,428.71,664.98,313.80,54.22,1,1,1.000000
1191,311,217.09,485.97,85.38,134.39,1,1,1.000000
1191,360,1018.79,435.84,258.61,108.93,1,1,1.000000
1191,342,322.36,280.24,331.71,98.77,1,1,1.000000
1191,365,175.12,299.10,231.57,93.24,1,1,1.000000
1191,124,924.41,272.59,212.24,85.24,1,1,1.000000
1192,148,892.78,106.91,74.19,90.42,1,1,1.000000
1192,204,2.16,367.38,379.73,206.40,1,1,1.000000
1192,162,988.49,41.74,288.09,92.19,1,1,1.000000
1192,78,922.03,474.84,358.58,243.62,1,1,1.000000
1192,51,907.83,661.72,178.57,57.09,1,1,1.000000
1192,249,611.76,117.41,173.79,103.43,1,1,1.000000
1192,200,979.85,111.69,168.63,68.23,1,1,1.000000
1192,199,765.40,290.21,515.27,164.27,1,1,1.000000
1192,70,802.44,279.80,147.63,99.58,1,1,1.000000
1192,201,954.35,152.66,323.00,141.92,1,1,1.000000
1192,135,1.20,136.67,154.12,109.36,1,1,1.000000
1192,290,833.37,26.98,88.71,72.61,1,1,1.000000
1192,315,53.01,41.11,387.94,114.92,1,1,1.000000
1192,143,1.26,155.23,458.50,208.78,1,1,1.000000
1192,339,748.91,203.97,205.62,115.86,1,1,1.000000
1192,165,279.53,543.68,327.53,173.46,1,1,1.000000
1192,281,632.80,440.70,271.51,224.44,1,1,1.000000
1192,353,604.01,45.36,130.17,79.03,1,1,1.000000
1192,358,663.80,373.18,128.84,76.88,1,1,1.000000
1192,359,704.84,659.98,138.11,58.12,1,1,1.000000
1192,45,27.74,529.83,267.73,187.28,1,1,1.000000
1192,338,746.80,113.42,100.37,51.22,1,1,1.000000
1192,364,653.93,204.29,93.79,82.66,1,1,1.000000
1192,366,649.64,0.85,187.21,58.61,1,1,1.000000
1192,196,360.12,204.06,258.80,93.32,1,1,1.000000
1192,371,445.53,396.11,197.63,85.74,1,1,1.000000
1192,373,361.91,351.01,268.36,125.24,1,1,1.000000
1192,265,704.80,658.44,358.77,60.04,1,1,1.000000
1192,310,466.83,1.92,98.99,110.19,1,1,1.000000
1192,375,686.12,299.53,46.94,51.76,1,1,1.000000
1192,284,910.83,434.49,102.41,53.76,1,1,1.000000
1192,112,263.94,442.26,384.89,148.25,1,1,1.000000
1192,107,725.90,444.79,448.33,272.11,1,1,1.000000
1192,340,588.43,221.28,80.01,64.12,1,1,1.000000
1192,381,593.11,497.88,112.42,184.75,1,1,1.000000
1192,382,125.42,327.03,97.27,53.79,1,1,1.000000
1192,383,308.39,545.35,184.11,74.42,1,1,1.000000
1192,384,615.74,392.63,118.64,67.05,1,1,1.000000
1192,164,428.71,664.98,313.80,54.22,1,1,1.000000
1192,311,217.09,485.97,85.38,134.39,1,1,1.000000
1192,360,1018.79,435.84,258.61,108.93,1,1,1.000000
1192,342,322.36,280.24,331.71,98.77,1,1,1.000000
1192,365,175.12,299.10,231.57,93.24,1,1,1.000000
1192,124,924.41,272.59,212.24,85.24,1,1,1.000000
1193,148,895.13,104.73,74.66,95.83,1,1,1.000000
1193,204,1.30,374.89,381.72,210.18,1,1,1.000000
1193,162,982.79,37.19,274.89,93.24,1,1,1.000000
1193,78,944.27,475.04,332.91,243.15,1,1,1.000000
1193,249,624.39,120.08,157.59,100.79,1,1,1.000000
1193,200,977.13,104.41,157.57,62.87,1,1,1.000000
1193,199,808.52,275.21,471.81,171.24,1,1,1.000000
1193,70,808.18,279.97,161.76,96.29,1,1,1.000000
1193,201,962.79,146.82,313.98,137.13,1,1,1.000000
1193,135,1.01,138.63,150.65,112.61,1,1,1.000000
1193,290,830.88,27.03,87.42,72.90,1,1,1.000000
1193,315,79.89,44.02,370.85,111.21,1,1,1.000000
1193,143,4.49,152.58,464.69,214.30,1,1,1.000000
1193,339,765.77,198.54,188.32,113.61,1,1,1.000000
1193,165,277.16,563.11,346.63,153.73,1,1,1.000000
1193,281,605.09,449.99,307.04,216.73,1,1,1.000000
1193,353,618.95,45.57,101.24,72.29,1,1,1.000000
1193,358,650.03,370.84,181.04,85.45,1,1,1.000000
1193,45,1.56,560.73,153.33,156.60,1,1,1.000000
1193,338,752.39,110.89,98.95,54.49,1,1,1.000000
1193,364,654.17,212.52,79.41,76.51,1,1,1.000000
1193,366,621.43,0.35,217.49,57.68,1,1,1.000000
1193,196,351.83,207.07,268.16,90.61,1,1,1.000000
1193,371,430.69,396.35,240.20,89.72,1,1,1.000000
1193,265,717.69,646.45,251.27,71.84,1,1,1.000000
1193,310,473.26,18.48,96.55,98.51,1,1,1.000000
1193,375,687.84,301.75,45.06,49.80,1,1,1.000000
1193,112,326.03,450.84,334.58,163.90,1,1,1.000000
1193,107,712.72,454.42,495.24,263.83,1,1,1.000000
1193,340,595.07,215.89,63.79,72.94,1,1,1.000000
1193,383,251.10,498.82,241.54,126.33,1,1,1.000000
1193,164,448.72,668.48,290.69,50.62,1,1,1.000000
1193,360,924.11,419.06,265.96,117.40,1,1,1.000000
1193,342,383.23,289.47,274.22,94.73,1,1,1.000000
1193,365,147.54,308.90,170.78,82.69,1,1,1.000000
1193,124,928.45,273.67,203.84,81.87,1,1,1.000000
1193,163,7.08,0.45,400.80,54.31,1,1,1.000000
1193,267,316.23,452.41,357.21,208.70,1,1,1.000000
1194,148,893.92,105.50,82.32,93.33,1,1,1.000000
1194,204,3.38,377.98,306.06,252.77,1,1,1.000000
1194,162,972.94,34.79,267.97,81.96,1,1,1.000000
1194,78,1037.77,514.05,239.57,204.63,1,1,1.000000
1194,249,661.22,116.24,138.20,104.84,1,1,1.000000
1194,200,974.45,91.94,147.92,72.52,1,1,1.000000
1194,199,849.35,263.26,429.53,175.39,1,1,1.000000
1194,70,829.52,280.54,139.36,95.27,1,1,1.000000
1194,201,963.29,142.53,315.41,134.76,1,1,1.000000
1194,135,1.39,142.97,162.54,114.81,1,1,1.000000
1194,290,826.97,33.53,82.35,66.06,1,1,1.000000
1194,315,90.11,53.17,354.92,101.12,1,1,1.000000
1194,143,2.55,145.81,472.47,282.30,1,1,1.000000
1194,339,766.62,195.45,180.79,117.46,1,1,1.000000
1194,165,279.53,576.34,365.71,138.93,1,1,1.000000
1194,281,601.57,449.75,329.49,224.31,1,1,1.000000
1194,353,586.07,50.83,107.21,80.78,1,1,1.000000
1194,358,685.59,367.07,185.73,73.84,1,1,1.000000
1194,338,756.36,111.16,91.04,53.58,1,1,1.000000
1194,364,655.76,211.16,75.82,77.70,1,1,1.000000
1194,366,621.28,0.29,213.63,60.24,1,1,1.000000
1194,196,365.63,202.82,261.51,104.01,1,1,1.000000
1194,265,732.16,654.60,271.40,64.24,1,1,1.000000
1194,310,474.02,26.03,91.37,91.35,1,1,1.000000
1194,375,684.48,303.32,50.63,49.96,1,1,1.000000
1194,107,831.93,472.48,391.04,245.76,1,1,1.000000
1194,340,553.07,174.73,102.01,101.72,1,1,1.000000
1194,383,239.87,483.74,196.68,140.09,1,1,1.000000
1194,164,461.08,667.14,275.69,52.32,1,1,1.000000
1194,360,1011.75,417.29,262.83,139.39,1,1,1.000000
1194,342,407.45,291.23,250.26,67.36,1,1,1.000000
1194,365,194.33,311.46,173.37,126.22,1,1,1.000000
1194,124,931.54,272.66,212.17,85.74,1,1,1.000000
1194,392,350.88,350.94,311.39,76.40,1,1,1.000000
1194,163,3.57,0.47,418.99,59.50,1,1,1.000000
1194,267,390.02,462.58,312.36,202.78,1,1,1.000000
1194,314,1.22,206.17,110.66,103.08,1,1,1.000000
1194,368,568.88,123.14,92.39,90.84,1,1,1.000000
1194,373,391.17,395.05,363.79,110.02,1,1,1.000000
1195,148,888.96,104.30,78.51,93.45,1,1,1.000000
1195,204,2.29,331.94,350.54,294.47,1,1,1.000000
1195,162,965.47,27.04,255.58,86.20,1,1,1.000000
1195,78,1013.21,497.39,265.70,220.64,1,1,1.000000
1195,249,659.65,113.76,145.15,104.86,1,1,1.000000
1195,200,965.62,92.45,152.00,70.20,1,1,1.000000
1195,199,889.62,264.25,388.48,177.27,1,1,1.000000
1195,70,835.99,279.64,139.04,91.48,1,1,1.000000
1195,201,981.12,126.39,298.73,147.89,1,1,1.000000
1195,135,1.63,149.61,177.24,102.22,1,1,1.000000
1195,290,824.02,33.15,76.18,65.90,1,1,1.000000
1195,315,65.01,30.99,378.10,122.59,1,1,1.000000
1195,143,13.83,145.76,469.81,270.65,1,1,1.000000
1195,339,768.04,199.39,178.82,109.92,1,1,1.000000
1195,165,278.59,569.67,435.33,149.44,1,1,1.000000
1195,281,611.20,442.53,327.68,239.93,1,1,1.000000
1195,353,618.95,48.64,88.45,81.93,1,1,1.000000
1195,358,683.99,365.93,188.98,81.68,1,1,1.000000
1195,338,758.37,110.07,89.80,53.54,1,1,1.000000
1195,364,657.07,219.71,75.78,71.86,1,1,1.000000
1195,366,627.76,0.34,210.67,54.80,1,1,1.000000
1195,196,369.28,196.27,265.39,117.03,1,1,1.000000
1195,265,732.29,657.97,232.46,60.71,1,1,1.000000
1195,310,471.42,19.85,92.61,97.10,1,1,1.000000
1195,375,688.24,302.04,45.53,53.82,1,1,1.000000
1195,107,834.29,480.13,406.67,237.82,1,1,1.000000
1195,340,559.26,173.68,103.21,109.68,1,1,1.000000
1195,383,228.54,445.54,243.45,186.61,1,1,1.000000
1195,164,451.45,672.85,285.31,46.50,1,1,1.000000
1195,360,937.78,404.10,313.56,155.88,1,1,1.000000
1195,342,348.15,296.50,283.19,64.94,1,1,1.000000
1195,365,200.93,312.40,164.57,115.30,1,1,1.000000
1195,124,927.55,268.63,209.44,89.42,1,1,1.000000
1195,392,337.08,336.38,337.41,97.75,1,1,1.000000
1195,163,3.24,0.52,416.98,61.04,1,1,1.000000
1195,267,345.16,462.52,383.90,233.59,1,1,1.000000
1195,398,662.71,245.05,76.21,45.38,1,1,1.000000
1195,314,1.03,211.20,119.19,107.66,1,1,1.000000
1195,368,558.63,123.29,103.55,87.58,1,1,1.000000
1195,373,376.51,396.96,334.96,110.34,1,1,1.000000
1195,280,98.86,461.31,136.35,152.89,1,1,1.000000
1195,313,0.73,368.27,190.92,116.05,1,1,1.000000
1195,335,228.48,446.54,224.25,182.03,1,1,1.000000
1195,45,3.49,513.66,227.67,202.13,1,1,1.000000
1195,112,225.85,441.23,319.80,197.30,1,1,1.000000
1196,148,888.96,104.30,78.51,93.45,1,1,1.000000
1196,204,2.29,331.94,350.54,294.47,1,1,1.000000
1196,162,965.47,27.04,255.58,86.20,1,1,1.000000
1196,78,1013.21,497.39,265.70,220.64,1,1,1.000000
1196,249,659.65,113.76,145.15,104.86,1,1,1.000000
1196,200,965.62,92.45,152.00,70.20,1,1,1.000000
1196,199,889.62,264.25,388.48,177.27,1,1,1.000000
1196,70,835.99,279.64,139.04,91.48,1,1,1.000000
1196,201,981.12,126.39,298.73,147.89,1,1,1.000000
1196,135,1.63,149.61,177.24,102.22,1,1,1.000000
1196,290,824.02,33.15,76.18,65.90,1,1,1.000000
1196,315,65.01,30.99,378.10,122.59,1,1,1.000000
1196,143,13.83,145.76,469.81,270.65,1,1,1.000000
1196,339,768.04,199.39,178.82,109.92,1,1,1.000000
1196,165,278.59,569.67,435.33,149.44,1,1,1.000000
1196,281,611.20,442.53,327.68,239.93,1,1,1.000000
1196,353,618.95,48.64,88.45,81.93,1,1,1.000000
1196,358,683.99,365.93,188.98,81.68,1,1,1.000000
1196,338,758.37,110.07,89.80,53.54,1,1,1.000000
1196,364,657.07,219.71,75.78,71.86,1,1,1.000000
1196,366,627.76,0.34,210.67,54.80,1,1,1.000000
1196,196,369.28,196.27,265.39,117.03,1,1,1.000000
1196,265,732.29,657.97,232.46,60.71,1,1,1.000000
1196,310,471.42,19.85,92.61,97.10,1,1,1.000000
1196,375,688.24,302.04,45.53,53.82,1,1,1.000000
1196,107,834.29,480.13,406.67,237.82,1,1,1.000000
1196,340,559.26,173.68,103.21,109.68,1,1,1.000000
1196,383,228.54,445.54,243.45,186.61,1,1,1.000000
1196,164,451.45,672.85,285.31,46.50,1,1,1.000000
1196,360,937.78,404.10,313.56,155.88,1,1,1.000000
1196,342,348.15,296.50,283.19,64.94,1,1,1.000000
1196,365,200.93,312.40,164.57,115.30,1,1,1.000000
1196,124,927.55,268.63,209.44,89.42,1,1,1.000000
1196,392,337.08,336.38,337.41,97.75,1,1,1.000000
1196,163,3.24,0.52,416.98,61.04,1,1,1.000000
1196,267,345.16,462.52,383.90,233.59,1,1,1.000000
1196,398,662.71,245.05,76.21,45.38,1,1,1.000000
1196,314,1.03,211.20,119.19,107.66,1,1,1.000000
1196,368,558.63,123.29,103.55,87.58,1,1,1.000000
1196,373,376.51,396.96,334.96,110.34,1,1,1.000000
1196,405,1154.16,394.09,125.38,62.44,1,1,1.000000
1196,406,609.51,445.03,216.35,97.03,1,1,1.000000
1196,407,439.45,298.20,212.86,58.54,1,1,1.000000
1196,280,98.86,461.31,136.35,152.89,1,1,1.000000
1196,313,0.73,368.27,190.92,116.05,1,1,1.000000
1196,335,228.48,446.54,224.25,182.03,1,1,1.000000
1196,45,3.49,513.66,227.67,202.13,1,1,1.000000
1196,112,225.85,441.23,319.80,197.30,1,1,1.000000
1197,148,886.66,103.87,82.27,92.45,1,1,1.000000
1197,204,3.51,323.76,330.37,225.02,1,1,1.000000
1197,162,958.35,23.19,248.65,87.03,1,1,1.000000
1197,78,1034.92,516.94,243.47,191.02,1,1,1.000000
1197,249,662.56,90.80,150.21,132.95,1,1,1.000000
1197,200,961.37,98.53,153.29,63.06,1,1,1.000000
1197,199,879.53,266.71,399.26,173.64,1,1,1.000000
1197,70,854.21,282.12,156.19,92.19,1,1,1.000000
1197,201,982.36,116.29,297.83,146.81,1,1,1.000000
1197,135,1.37,153.05,158.44,96.65,1,1,1.000000
1197,290,820.76,32.54,73.30,67.15,1,1,1.000000
1197,315,89.05,56.00,362.01,94.85,1,1,1.000000
1197,143,14.71,142.55,478.65,261.12,1,1,1.000000
1197,339,768.56,207.12,169.77,100.03,1,1,1.000000
1197,165,264.62,572.41,466.93,145.25,1,1,1.000000
1197,281,619.78,421.62,330.23,263.52,1,1,1.000000
1197,353,611.04,52.89,83.97,84.34,1,1,1.000000
1197,358,681.33,367.92,190.80,88.57,1,1,1.000000
1197,338,758.62,107.33,88.01,56.63,1,1,1.000000
1197,364,653.34,219.99,82.99,73.52,1,1,1.000000
1197,366,618.09,0.73,215.65,53.53,1,1,1.000000
1197,196,373.86,205.30,262.62,95.25,1,1,1.000000
1197,265,735.07,639.74,231.47,79.13,1,1,1.000000
1197,310,467.45,27.77,101.16,92.40,1,1,1.000000
1197,375,688.33,302.47,47.99,59.57,1,1,1.000000
1197,107,877.73,511.69,394.50,205.09,1,1,1.000000
1197,360,939.83,390.62,320.57,168.19,1,1,1.000000
1197,124,921.24,268.83,211.07,82.03,1,1,1.000000
1197,392,306.31,332.97,357.58,108.77,1,1,1.000000
1197,163,15.62,0.61,417.86,61.69,1,1,1.000000
1197,267,356.10,468.38,334.46,169.74,1,1,1.000000
1197,314,1.24,217.93,122.95,91.26,1,1,1.000000
1197,368,551.96,124.06,103.62,79.62,1,1,1.000000
1197,373,369.35,391.36,376.34,120.17,1,1,1.000000
1197,405,1171.40,393.64,108.05,57.88,1,1,1.000000
1197,406,616.10,422.75,232.40,122.61,1,1,1.000000
1197,407,427.19,293.91,257.07,85.38,1,1,1.000000
1197,280,185.53,480.19,76.44,143.22,1,1,1.000000
1197,313,1.18,404.55,132.36,90.28,1,1,1.000000
1197,335,228.56,460.40,224.64,174.41,1,1,1.000000
1197,45,0.87,495.81,185.93,219.52,1,1,1.000000
1197,126,0.24,471.23,268.60,245.10,1,1,1.000000
1197,146,675.93,581.60,281.74,134.17,1,1,1.000000
1197,51,957.36,647.46,75.41,72.18,1,1,1.000000
1198,148,882.95,109.32,84.68,86.48,1,1,1.000000
1198,204,1.96,378.14,288.68,236.43,1,1,1.000000
1198,162,950.97,26.49,226.30,81.51,1,1,1.000000
1198,249,686.83,104.20,136.22,118.76,1,1,1.000000
1198,200,962.40,83.51,152.68,74.35,1,1,1.000000
1198,199,907.49,266.59,371.75,168.01,1,1,1.000000
1198,70,864.75,281.02,105.51,136.45,1,1,1.000000
1198,201,998.66,108.51,281.60,145.24,1,1,1.000000
1198,135,1.19,158.91,169.90,106.44,1,1,1.000000
1198,290,813.69,34.48,72.58,64.27,1,1,1.000000
1198,315,97.97,56.90,355.37,94.49,1,1,1.000000
1198,143,43.32,135.71,460.65,260.63,1,1,1.000000
1198,339,769.29,195.71,170.05,110.55,1,1,1.000000
1198,165,258.12,553.30,487.66,164.07,1,1,1.000000
1198,281,689.04,440.73,270.26,247.90,1,1,1.000000
1198,353,578.89,52.92,98.38,79.89,1,1,1.000000
1198,358,663.47,368.31,217.51,95.37,1,1,1.000000
1198,338,759.03,106.81,86.10,58.42,1,1,1.000000
1198,364,655.44,211.42,77.86,82.41,1,1,1.000000
1198,366,617.39,0.46,213.42,56.47,1,1,1.000000
1198,196,374.55,216.37,278.88,87.11,1,1,1.000000
1198,265,745.43,649.70,209.92,68.12,1,1,1.000000
1198,310,465.65,24.87,103.90,98.44,1,1,1.000000
1198,375,688.99,303.62,48.18,55.64,1,1,1.000000
1198,107,890.04,492.32,389.64,224.24,1,1,1.000000
1198,360,944.22,385.26,321.74,182.11,1,1,1.000000
1198,124,917.31,266.01,210.17,88.05,1,1,1.000000
1198,392,207.12,300.00,453.11,137.20,1,1,1.000000
1198,163,13.87,0.41,409.35,71.14,1,1,1.000000
1198,267,445.04,496.93,248.32,135.36,1,1,1.000000
1198,368,544.54,126.66,121.29,77.47,1,1,1.000000
1198,373,489.40,396.08,250.94,106.00,1,1,1.000000
1198,406,620.90,425.83,224.08,115.01,1,1,1.000000
1198,407,462.35,292.55,230.23,85.49,1,1,1.000000
1198,280,181.06,505.19,59.42,129.31,1,1,1.000000
1198,335,241.44,432.04,191.15,205.19,1,1,1.000000
1198,45,1.49,502.38,178.81,210.85,1,1,1.000000
1198,408,411.12,532.41,137.68,107.96,1,1,1.000000
1198,126,0.78,379.38,287.22,329.28,1,1,1.000000
1198,292,487.18,369.13,393.64,135.57,1,1,1.000000
1198,247,871.30,272.87,251.84,150.46,1,1,1.000000
1198,340,581.40,184.40,79.92,85.96,1,1,1.000000
1199,148,881.36,114.02,90.15,78.28,1,1,1.000000
1199,204,0.00,409.72,221.56,223.95,1,1,1.000000
1199,162,940.17,15.64,220.04,137.17,1,1,1.000000
1199,249,686.44,110.13,130.65,110.74,1,1,1.000000
1199,200,942.21,76.19,170.12,77.72,1,1,1.000000
1199,201,1006.59,131.54,273.61,113.50,1,1,1.000000
1199,135,0.14,163.08,167.26,112.49,1,1,1.000000
1199,290,809.24,33.50,75.51,66.25,1,1,1.000000
1199,315,108.77,51.54,336.36,102.94,1,1,1.000000
1199,143,54.52,129.87,453.28,253.19,1,1,1.000000
1199,339,766.99,187.27,176.44,118.08,1,1,1.000000
1199,165,243.48,577.87,445.08,141.29,1,1,1.000000
1199,281,700.91,424.63,279.99,279.62,1,1,1.000000
1199,353,631.62,59.03,78.42,110.60,1,1,1.000000
1199,358,677.65,366.10,198.25,104.96,1,1,1.000000
1199,338,762.07,107.12,83.01,58.51,1,1,1.000000
1199,364,655.83,217.72,65.77,74.44,1,1,1.000000
1199,196,375.04,213.27,284.50,87.59,1,1,1.000000
1199,265,759.91,661.76,183.55,57.25,1,1,1.000000
1199,310,462.87,22.90,111.56,99.16,1,1,1.000000
1199,375,688.43,303.71,46.11,55.20,1,1,1.000000
1199,107,886.98,486.78,391.75,230.33,1,1,1.000000
1199,360,1022.11,395.76,253.03,178.87,1,1,1.000000
1199,124,914.08,263.43,205.04,78.81,1,1,1.000000
1199,392,291.68,295.42,388.40,145.45,1,1,1.000000
1199,163,80.02,1.05,350.46,63.30,1,1,1.000000
1199,267,403.85,476.26,371.47,237.68,1,1,1.000000
1199,368,544.27,125.35,116.56,78.68,1,1,1.000000
1199,373,468.45,397.50,261.51,106.17,1,1,1.000000
1199,406,630.99,421.93,220.26,124.34,1,1,1.000000
1199,280,135.39,509.51,98.39,139.09,1,1,1.000000
1199,335,212.54,401.52,219.29,248.71,1,1,1.000000
1199,45,0.70,404.38,224.69,307.93,1,1,1.000000
1199,408,416.54,533.83,102.18,110.07,1,1,1.000000
1199,414,1.00,290.50,98.10,103.92,1,1,1.000000
1199,278,1001.64,259.54,277.66,167.36,1,1,1.000000
1199,250,870.84,273.73,403.89,303.25,1,1,1.000000
1199,289,1153.63,358.46,124.67,76.39,1,1,1.000000
1199,282,607.74,1.60,211.02,87.32,1,1,1.000000
1199,311,234.85,531.06,202.00,187.09,1,1,1.000000
1199,365,191.42,285.11,206.57,140.42,1,1,1.000000
1200,148,874.88,110.83,94.14,78.61,1,1,1.000000
1200,204,0.53,433.25,170.53,280.16,1,1,1.000000
1200,162,929.21,21.45,214.47,102.87,1,1,1.000000
1200,249,684.41,104.51,131.45,110.86,1,1,1.000000
1200,200,943.51,81.08,167.03,66.37,1,1,1.000000
1200,201,1023.32,132.15,256.09,100.55,1,1,1.000000
1200,135,1.57,165.83,162.84,96.12,1,1,1.000000
1200,290,804.21,29.98,79.06,68.82,1,1,1.000000
1200,315,108.31,48.66,336.05,97.40,1,1,1.000000
1200,143,33.52,129.32,483.03,255.85,1,1,1.000000
1200,339,765.52,184.94,178.70,114.73,1,1,1.000000
1200,165,262.60,619.47,462.97,98.33,1,1,1.000000
1200,281,692.81,417.06,291.92,277.70,1,1,1.000000
1200,358,670.72,363.00,209.78,109.91,1,1,1.000000
1200,338,759.13,103.14,85.72,60.72,1,1,1.000000
1200,364,656.36,216.25,58.42,74.54,1,1,1.000000
1200,196,378.69,216.94,283.97,83.79,1,1,1.000000
1200,310,463.49,21.48,97.17,95.58,1,1,1.000000
1200,107,844.63,475.13,432.69,240.89,1,1,1.000000
1200,124,906.00,255.74,214.13,87.64,1,1,1.000000
1200,392,303.21,294.45,385.74,149.03,1,1,1.000000
1200,163,85.58,1.24,347.92,68.93,1,1,1.000000
1200,267,475.84,498.98,311.26,205.96,1,1,1.000000
1200,368,541.16,121.95,120.80,81.79,1,1,1.000000
1200,373,471.98,399.58,224.64,101.72,1,1,1.000000
1200,406,632.18,414.76,220.23,125.69,1,1,1.000000
1200,280,103.48,447.19,160.04,214.60,1,1,1.000000
1200,335,161.21,405.53,273.64,253.10,1,1,1.000000
1200,45,0.00,446.19,271.08,272.93,1,1,1.000000
1200,408,424.59,536.35,112.98,110.77,1,1,1.000000
1200,278,1033.97,258.32,244.61,159.66,1,1,1.000000
1200,250,875.72,273.24,405.59,302.68,1,1,1.000000
1200,289,1211.41,358.39,68.95,79.50,1,1,1.000000
1200,282,603.75,1.08,205.96,80.29,1,1,1.000000
1200,311,260.31,641.50,181.69,76.74,1,1,1.000000
1200,365,177.70,290.89,214.96,117.19,1,1,1.000000
1200,371,309.65,406.74,370.11,99.81,1,1,1.000000
1201,148,874.88,110.83,94.14,78.61,1,1,1.000000
1201,204,0.53,433.25,170.53,280.16,1,1,1.000000
1201,162,929.21,21.45,214.47,102.87,1,1,1.000000
1201,249,684.41,104.51,131.45,110.86,1,1,1.000000
1201,200,943.51,81.08,167.03,66.37,1,1,1.000000
1201,201,1023.32,132.15,256.09,100.55,1,1,1.000000
1201,135,1.57,165.83,162.84,96.12,1,1,1.000000
1201,290,804.21,29.98,79.06,68.82,1,1,1.000000
1201,315,108.31,48.66,336.05,97.40,1,1,1.000000
1201,143,33.52,129.32,483.03,255.85,1,1,1.000000
1201,339,765.52,184.94,178.70,114.73,1,1,1.000000
1201,165,262.60,619.47,462.97,98.33,1,1,1.000000
1201,281,692.81,417.06,291.92,277.70,1,1,1.000000
1201,358,670.72,363.00,209.78,109.91,1,1,1.000000
1201,338,759.13,103.14,85.72,60.72,1,1,1.000000
1201,364,656.36,216.25,58.42,74.54,1,1,1.000000
1201,196,378.69,216.94,283.97,83.79,1,1,1.000000
1201,310,463.49,21.48,97.17,95.58,1,1,1.000000
1201,107,844.63,475.13,432.69,240.89,1,1,1.000000
1201,124,906.00,255.74,214.13,87.64,1,1,1.000000
1201,392,303.21,294.45,385.74,149.03,1,1,1.000000
1201,163,85.58,1.24,347.92,68.93,1,1,1.000000
1201,267,475.84,498.98,311.26,205.96,1,1,1.000000
1201,368,541.16,121.95,120.80,81.79,1,1,1.000000
1201,373,471.98,399.58,224.64,101.72,1,1,1.000000
1201,406,632.18,414.76,220.23,125.69,1,1,1.000000
1201,280,103.48,447.19,160.04,214.60,1,1,1.000000
1201,335,161.21,405.53,273.64,253.10,1,1,1.000000
1201,45,0.00,446.19,271.08,272.93,1,1,1.000000
1201,408,424.59,536.35,112.98,110.77,1,1,1.000000
1201,278,1033.97,258.32,244.61,159.66,1,1,1.000000
1201,250,875.72,273.24,405.59,302.68,1,1,1.000000
1201,289,1211.41,358.39,68.95,79.50,1,1,1.000000
1201,282,603.75,1.08,205.96,80.29,1,1,1.000000
1201,311,260.31,641.50,181.69,76.74,1,1,1.000000
1201,365,177.70,290.89,214.96,117.19,1,1,1.000000
1201,421,883.03,377.76,69.82,58.88,1,1,1.000000
1201,422,27.14,618.29,122.93,100.13,1,1,1.000000
1201,423,1.17,548.72,91.18,166.76,1,1,1.000000
1201,371,309.65,406.74,370.11,99.81,1,1,1.000000
1202,148,867.44,116.10,98.19,70.87,1,1,1.000000
1202,162,918.18,24.94,201.83,117.46,1,1,1.000000
1202,249,645.50,71.20,171.98,141.24,1,1,1.000000
1202,201,1036.03,128.66,243.35,97.70,1,1,1.000000
1202,290,797.76,23.53,83.18,71.88,1,1,1.000000
1202,315,104.06,41.38,331.95,100.91,1,1,1.000000
1202,143,39.41,125.79,481.60,252.47,1,1,1.000000
1202,339,764.43,185.20,159.44,113.42,1,1,1.000000
1202,165,262.51,618.98,455.36,98.26,1,1,1.000000
1202,281,704.27,455.49,294.24,239.56,1,1,1.000000
1202,358,670.92,358.69,218.71,111.96,1,1,1.000000
1202,338,759.84,103.05,86.15,61.39,1,1,1.000000
1202,364,658.01,213.17,61.99,75.85,1,1,1.000000
1202,196,375.94,219.19,292.81,82.56,1,1,1.000000
1202,310,459.05,25.60,82.86,90.98,1,1,1.000000
1202,107,844.05,472.98,435.04,243.26,1,1,1.000000
1202,124,907.54,253.83,185.60,109.35,1,1,1.000000
1202,392,304.54,294.96,386.77,147.78,1,1,1.000000
1202,163,114.35,0.59,302.58,60.53,1,1,1.000000
1202,267,474.59,496.34,266.05,169.87,1,1,1.000000
1202,368,540.71,104.06,114.19,102.90,1,1,1.000000
1202,373,476.64,399.95,234.67,102.48,1,1,1.000000
1202,406,647.18,407.60,207.24,125.65,1,1,1.000000
1202,280,165.32,469.70,119.93,201.00,1,1,1.000000
1202,335,163.99,412.40,266.90,258.04,1,1,1.000000
1202,45,0.21,462.09,173.93,255.75,1,1,1.000000
1202,408,420.54,531.17,113.65,125.73,1,1,1.000000
1202,278,1067.88,255.70,210.05,144.21,1,1,1.000000
1202,250,874.44,275.12,404.23,286.88,1,1,1.000000
1202,282,598.97,1.09,177.51,78.33,1,1,1.000000
1202,311,258.93,646.82,194.51,71.60,1,1,1.000000
1202,365,181.65,286.81,263.22,135.45,1,1,1.000000
1202,421,874.55,369.23,82.62,68.11,1,1,1.000000
1202,341,0.58,468.91,79.59,127.80,1,1,1.000000
1202,164,441.54,617.34,265.74,100.22,1,1,1.000000
1202,340,557.80,167.98,97.54,76.85,1,1,1.000000
1203,148,857.48,111.98,106.66,76.20,1,1,1.000000
1203,162,902.77,21.60,199.32,91.27,1,1,1.000000
1203,249,640.83,54.77,189.39,163.29,1,1,1.000000
1203,201,1052.26,123.11,226.17,97.29,1,1,1.000000
1203,290,791.86,18.49,89.57,77.13,1,1,1.000000
1203,315,115.83,39.24,316.11,100.84,1,1,1.000000
1203,143,71.82,118.34,459.74,249.90,1,1,1.000000
1203,339,764.42,202.08,146.59,96.94,1,1,1.000000
1203,281,730.36,471.01,284.32,220.90,1,1,1.000000
1203,358,701.62,359.42,191.64,119.32,1,1,1.000000
1203,364,654.91,211.40,61.83,79.21,1,1,1.000000
1203,196,364.07,214.57,295.27,83.48,1,1,1.000000
1203,310,453.27,23.60,83.58,96.03,1,1,1.000000
1203,107,864.47,502.73,414.57,214.39,1,1,1.000000
1203,124,907.88,252.93,197.18,115.08,1,1,1.000000
1203,392,308.36,290.98,399.84,159.31,1,1,1.000000
1203,163,131.49,0.38,289.73,51.36,1,1,1.000000
1203,267,499.83,498.33,231.09,124.41,1,1,1.000000
1203,368,548.86,99.79,100.67,113.94,1,1,1.000000
1203,373,486.10,401.01,239.93,100.15,1,1,1.000000
1203,406,641.63,407.15,245.04,122.31,1,1,1.000000
1203,280,167.65,475.98,83.31,205.71,1,1,1.000000
1203,335,229.27,446.23,198.85,235.15,1,1,1.000000
1203,45,1.00,459.35,188.29,255.10,1,1,1.000000
1203,408,420.17,527.53,115.61,133.79,1,1,1.000000
1203,278,1091.28,249.80,187.17,140.31,1,1,1.000000
1203,250,894.15,289.54,386.70,267.03,1,1,1.000000
1203,282,576.73,1.09,222.16,77.45,1,1,1.000000
1203,365,168.33,285.85,248.99,138.38,1,1,1.000000
1203,421,868.46,368.08,96.13,65.33,1,1,1.000000
1203,164,274.32,611.77,472.44,107.08,1,1,1.000000
1203,283,610.06,338.92,117.84,72.06,1,1,1.000000
1203,383,1.67,352.64,227.33,127.12,1,1,1.000000
1203,51,1005.55,650.28,124.89,67.58,1,1,1.000000
1203,265,678.37,644.05,342.80,73.26,1,1,1.000000
1203,200,951.59,70.35,148.43,70.39,1,1,1.000000
1203,422,28.48,646.05,124.22,72.23,1,1,1.000000
1203,423,0.57,471.02,87.08,193.83,1,1,1.000000
1203,371,299.56,421.17,185.33,91.57,1,1,1.000000
1204,148,853.37,114.43,104.36,75.26,1,1,1.000000
1204,162,898.39,16.09,203.45,111.41,1,1,1.000000
1204,249,650.56,98.35,190.33,117.17,1,1,1.000000
1204,201,1059.68,116.48,219.37,95.48,1,1,1.000000
1204,290,787.74,17.80,91.71,77.26,1,1,1.000000
1204,315,119.67,35.98,310.65,105.88,1,1,1.000000
1204,143,70.03,113.25,470.84,247.65,1,1,1.000000
1204,339,762.42,194.16,145.86,109.19,1,1,1.000000
1204,281,728.57,466.01,315.05,223.86,1,1,1.000000
1204,358,714.44,358.00,192.65,126.01,1,1,1.000000
1204,364,655.10,210.53,66.23,79.38,1,1,1.000000
1204,196,376.35,211.21,290.96,84.64,1,1,1.000000
1204,310,446.33,21.90,84.47,92.75,1,1,1.000000
1204,107,888.83,513.37,387.87,204.30,1,1,1.000000
1204,124,900.48,249.29,225.50,117.31,1,1,1.000000
1204,392,339.20,290.01,379.93,154.76,1,1,1.000000
1204,163,125.76,0.67,300.94,57.65,1,1,1.000000
1204,267,498.27,492.75,253.26,126.64,1,1,1.000000
1204,368,548.75,109.76,97.02,97.50,1,1,1.000000
1204,373,508.07,399.26,233.22,101.49,1,1,1.000000
1204,406,659.32,403.31,208.41,114.94,1,1,1.000000
1204,280,105.23,416.68,171.56,276.65,1,1,1.000000
1204,335,232.90,454.87,194.55,229.28,1,1,1.000000
1204,45,0.29,460.99,199.89,253.72,1,1,1.000000
1204,408,418.38,525.32,118.30,135.70,1,1,1.000000
1204,278,1122.67,246.24,155.64,131.24,1,1,1.000000
1204,250,912.33,308.55,365.93,240.99,1,1,1.000000
1204,365,168.82,288.25,244.81,168.56,1,1,1.000000
1204,421,859.76,367.82,102.98,63.50,1,1,1.000000
1204,164,441.04,608.90,328.23,109.06,1,1,1.000000
1204,432,245.98,549.05,87.37,129.89,1,1,1.000000
1204,283,611.09,341.97,135.11,63.05,1,1,1.000000
1204,383,1.00,345.99,236.43,140.22,1,1,1.000000
1204,51,1022.08,649.06,124.62,68.94,1,1,1.000000
1204,265,707.80,644.91,340.97,71.98,1,1,1.000000
1204,200,938.10,66.36,157.96,70.63,1,1,1.000000
1204,371,296.80,415.34,187.16,97.64,1,1,1.000000
1204,343,1.47,121.94,204.90,63.43,1,1,1.000000
1204,313,1.07,472.35,82.51,90.57,1,1,1.000000
1204,366,591.24,0.20,213.14,53.34,1,1,1.000000
1204,165,385.80,659.13,138.52,57.97,1,1,1.000000
1204,311,261.99,663.15,126.88,55.85,1,1,1.000000
1205,148,845.85,113.47,110.07,75.71,1,1,1.000000
1205,162,881.25,14.22,185.09,100.26,1,1,1.000000
1205,249,643.35,86.15,181.15,132.68,1,1,1.000000
1205,201,1070.93,114.67,208.05,94.72,1,1,1.000000
1205,290,783.05,23.94,96.06,72.49,1,1,1.000000
1205,315,126.91,32.43,299.22,108.36,1,1,1.000000
1205,143,81.45,107.97,468.99,238.71,1,1,1.000000
1205,339,753.90,203.95,146.86,101.77,1,1,1.000000
1205,281,741.21,464.62,320.72,218.39,1,1,1.000000
1205,358,726.41,364.50,192.92,117.79,1,1,1.000000
1205,196,356.87,211.72,360.47,83.22,1,1,1.000000
1205,310,441.51,29.71,78.46,82.58,1,1,1.000000
1205,107,867.05,488.53,407.92,228.19,1,1,1.000000
1205,124,893.27,241.43,221.97,113.29,1,1,1.000000
1205,392,328.10,288.00,385.72,162.56,1,1,1.000000
1205,163,140.07,0.43,295.10,52.40,1,1,1.000000
1205,267,489.63,490.37,260.11,127.06,1,1,1.000000
1205,368,548.09,56.33,116.04,131.61,1,1,1.000000
1205,280,102.40,452.83,137.24,246.45,1,1,1.000000
1205,335,233.95,446.31,196.56,250.27,1,1,1.000000
1205,45,0.92,473.93,195.44,242.73,1,1,1.000000
1205,408,406.38,538.27,134.68,150.66,1,1,1.000000
1205,278,1148.49,228.58,130.81,127.41,1,1,1.000000
1205,250,921.06,316.23,357.86,226.60,1,1,1.000000
1205,365,166.06,274.95,258.48,177.20,1,1,1.000000
1205,421,857.88,364.13,103.28,63.47,1,1,1.000000
1205,164,362.04,608.43,423.22,109.23,1,1,1.000000
1205,432,233.26,507.09,95.64,179.67,1,1,1.000000
1205,283,616.08,337.07,137.78,66.68,1,1,1.000000
1205,383,0.70,328.49,248.21,153.47,1,1,1.000000
1205,265,701.91,649.73,352.23,68.12,1,1,1.000000
1205,200,941.76,66.35,150.94,64.88,1,1,1.000000
1205,437,645.10,141.50,110.04,78.31,1,1,1.000000
1205,343,1.70,125.12,200.42,59.69,1,1,1.000000
1205,313,0.93,472.40,85.06,92.29,1,1,1.000000
1205,311,272.68,680.08,120.36,39.40,1,1,1.000000
1205,292,483.92,394.69,372.57,111.26,1,1,1.000000
1205,247,1113.41,314.37,159.24,67.49,1,1,1.000000
1205,360,860.92,468.10,273.36,94.47,1,1,1.000000
1205,338,759.85,98.65,88.11,68.18,1,1,1.000000
1205,282,579.54,0.17,219.32,63.99,1,1,1.000000
1206,148,845.85,113.47,110.07,75.71,1,1,1.000000
1206,162,881.25,14.22,185.09,100.26,1,1,1.000000
1206,249,643.35,86.15,181.15,132.68,1,1,1.000000
1206,201,1070.93,114.67,208.05,94.72,1,1,1.000000
1206,290,783.05,23.94,96.06,72.49,1,1,1.000000
1206,315,126.91,32.43,299.22,108.36,1,1,1.000000
1206,143,81.45,107.97,468.99,238.71,1,1,1.000000
1206,339,753.90,203.95,146.86,101.77,1,1,1.000000
1206,281,741.21,464.62,320.72,218.39,1,1,1.000000
1206,358,726.41,364.50,192.92,117.79,1,1,1.000000
1206,196,356.87,211.72,360.47,83.22,1,1,1.000000
1206,310,441.51,29.71,78.46,82.58,1,1,1.000000
1206,107,867.05,488.53,407.92,228.19,1,1,1.000000
1206,124,893.27,241.43,221.97,113.29,1,1,1.000000
1206,392,328.10,288.00,385.72,162.56,1,1,1.000000
1206,163,140.07,0.43,295.10,52.40,1,1,1.000000
1206,267,489.63,490.37,260.11,127.06,1,1,1.000000
1206,368,548.09,56.33,116.04,131.61,1,1,1.000000
1206,280,102.40,452.83,137.24,246.45,1,1,1.000000
1206,335,233.95,446.31,196.56,250.27,1,1,1.000000
1206,45,0.92,473.93,195.44,242.73,1,1,1.000000
1206,408,406.38,538.27,134.68,150.66,1,1,1.000000
1206,278,1148.49,228.58,130.81,127.41,1,1,1.000000
1206,250,921.06,316.23,357.86,226.60,1,1,1.000000
1206,365,166.06,274.95,258.48,177.20,1,1,1.000000
1206,421,857.88,364.13,103.28,63.47,1,1,1.000000
1206,164,362.04,608.43,423.22,109.23,1,1,1.000000
1206,432,233.26,507.09,95.64,179.67,1,1,1.000000
1206,283,616.08,337.07,137.78,66.68,1,1,1.000000
1206,383,0.70,328.49,248.21,153.47,1,1,1.000000
1206,265,701.91,649.73,352.23,68.12,1,1,1.000000
1206,200,941.76,66.35,150.94,64.88,1,1,1.000000
1206,437,645.10,141.50,110.04,78.31,1,1,1.000000
1206,343,1.70,125.12,200.42,59.69,1,1,1.000000
1206,313,0.93,472.40,85.06,92.29,1,1,1.000000
1206,311,272.68,680.08,120.36,39.40,1,1,1.000000
1206,442,2.35,3.49,149.28,125.34,1,1,1.000000
1206,292,483.92,394.69,372.57,111.26,1,1,1.000000
1206,247,1113.41,314.37,159.24,67.49,1,1,1.000000
1206,360,860.92,468.10,273.36,94.47,1,1,1.000000
1206,338,759.85,98.65,88.11,68.18,1,1,1.000000
1206,282,579.54,0.17,219.32,63.99,1,1,1.000000
1207,148,828.57,113.68,125.11,85.61,1,1,1.000000
1207,162,869.13,5.51,184.93,108.45,1,1,1.000000
1207,249,633.51,62.33,186.46,156.66,1,1,1.000000
1207,201,1086.78,108.12,192.89,89.60,1,1,1.000000
1207,290,778.91,24.61,99.98,67.67,1,1,1.000000
1207,315,117.00,29.36,300.52,112.77,1,1,1.000000
1207,143,102.36,103.26,449.34,237.45,1,1,1.000000
1207,339,750.42,201.61,135.68,105.76,1,1,1.000000
1207,281,745.04,464.02,333.60,208.65,1,1,1.000000
1207,358,735.39,357.90,197.85,126.26,1,1,1.000000
1207,196,375.50,213.03,337.38,78.54,1,1,1.000000
1207,310,440.00,32.28,69.11,76.69,1,1,1.000000
1207,107,848.52,470.50,430.08,249.06,1,1,1.000000
1207,124,864.85,236.09,267.81,130.95,1,1,1.000000
1207,392,352.68,288.40,354.91,146.08,1,1,1.000000
1207,163,146.19,0.25,280.52,52.50,1,1,1.000000
1207,267,502.94,480.41,240.53,127.97,1,1,1.000000
1207,368,549.89,76.26,83.67,102.94,1,1,1.000000
1207,280,100.55,467.50,131.33,244.60,1,1,1.000000
1207,335,249.59,449.83,190.60,258.71,1,1,1.000000
1207,45,1.35,537.53,175.41,181.16,1,1,1.000000
1207,408,409.27,541.06,150.05,148.68,1,1,1.000000
1207,278,1096.89,231.42,183.87,144.95,1,1,1.000000
1207,250,926.15,320.50,353.03,220.88,1,1,1.000000
1207,365,170.09,288.22,257.37,156.79,1,1,1.000000
1207,421,858.43,365.31,106.24,63.47,1,1,1.000000
1207,164,398.35,602.05,390.02,115.37,1,1,1.000000
1207,432,233.45,499.28,116.07,207.70,1,1,1.000000
1207,283,613.91,331.68,153.55,70.06,1,1,1.000000
1207,383,0.95,359.41,255.38,124.29,1,1,1.000000
1207,265,775.40,647.97,409.33,70.21,1,1,1.000000
1207,200,937.92,65.78,155.01,63.03,1,1,1.000000
1207,437,640.08,140.52,108.63,79.08,1,1,1.000000
1207,343,1.68,126.13,208.46,61.17,1,1,1.000000
1207,313,0.95,472.44,88.60,91.65,1,1,1.000000
1207,442,3.28,5.51,149.91,121.71,1,1,1.000000
1207,292,495.81,393.43,337.76,115.74,1,1,1.000000
1207,338,752.19,96.09,99.65,67.94,1,1,1.000000
1207,282,567.90,0.31,226.80,78.59,1,1,1.000000
1207,78,1029.23,536.17,248.17,127.41,1,1,1.000000
1207,314,0.54,206.11,110.81,125.06,1,1,1.000000
1207,199,870.23,238.23,385.39,138.37,1,1,1.000000
1207,340,548.70,171.00,94.31,57.35,1,1,1.000000
1207,422,32.92,623.70,148.04,94.76,1,1,1.000000
1208,148,825.90,114.58,123.13,79.53,1,1,1.000000
1208,162,861.16,10.34,184.67,105.80,1,1,1.000000
1208,249,632.86,48.65,198.33,168.61,1,1,1.000000
1208,201,1101.64,102.24,177.27,89.78,1,1,1.000000
1208,290,773.11,22.58,104.50,72.79,1,1,1.000000
1208,315,122.92,22.20,279.14,120.44,1,1,1.000000
1208,143,121.60,85.96,434.32,239.46,1,1,1.000000
1208,339,747.07,207.29,128.96,104.18,1,1,1.000000
1208,281,732.30,470.39,371.01,195.96,1,1,1.000000
1208,358,746.69,361.97,185.91,122.64,1,1,1.000000
1208,196,359.81,213.70,351.49,81.19,1,1,1.000000
1208,310,439.07,29.37,92.33,74.08,1,1,1.000000
1208,107,854.11,458.33,421.10,260.48,1,1,1.000000
1208,124,843.41,236.05,279.80,124.04,1,1,1.000000
1208,392,330.91,289.23,378.96,147.95,1,1,1.000000
1208,163,116.35,0.66,303.76,45.08,1,1,1.000000
1208,267,488.55,451.07,255.25,156.23,1,1,1.000000
1208,368,555.54,91.94,82.58,130.17,1,1,1.000000
1208,280,167.15,467.80,110.05,248.29,1,1,1.000000
1208,335,226.42,425.39,205.37,288.37,1,1,1.000000
1208,45,0.63,475.06,176.25,241.36,1,1,1.000000
1208,408,407.83,538.81,145.48,164.98,1,1,1.000000
1208,278,1102.43,303.06,125.72,65.99,1,1,1.000000
1208,250,928.54,352.87,348.27,187.62,1,1,1.000000
1208,365,32.27,296.89,370.20,150.40,1,1,1.000000
1208,421,858.59,362.27,102.06,62.98,1,1,1.000000
1208,164,408.99,601.92,395.12,115.75,1,1,1.000000
1208,283,614.89,326.70,155.53,76.89,1,1,1.000000
1208,383,0.62,359.22,269.50,126.28,1,1,1.000000
1208,265,780.97,639.00,332.21,78.72,1,1,1.000000
1208,200,917.84,63.11,171.16,64.55,1,1,1.000000
1208,437,637.05,143.68,110.65,73.42,1,1,1.000000
1208,343,1.81,124.86,206.70,62.38,1,1,1.000000
1208,313,0.90,470.90,92.76,96.83,1,1,1.000000
1208,442,1.94,2.45,167.94,129.87,1,1,1.000000
1208,292,498.35,397.61,256.95,132.69,1,1,1.000000
1208,282,539.61,1.67,252.70,63.51,1,1,1.000000
1208,314,0.39,208.86,127.59,119.99,1,1,1.000000
1208,199,961.37,303.58,267.29,65.42,1,1,1.000000
1208,361,375.44,410.52,125.93,118.38,1,1,1.000000
1208,373,607.97,400.04,160.31,92.05,1,1,1.000000
1209,148,821.06,114.31,123.00,84.59,1,1,1.000000
1209,162,854.30,7.45,184.88,108.57,1,1,1.000000
1209,249,630.58,36.12,204.03,179.64,1,1,1.000000
1209,201,1106.46,93.14,172.97,98.64,1,1,1.000000
1209,290,768.37,20.64,109.26,75.51,1,1,1.000000
1209,315,151.55,35.77,262.45,106.82,1,1,1.000000
1209,143,127.91,95.67,434.63,219.57,1,1,1.000000
1209,339,745.35,208.72,125.45,104.47,1,1,1.000000
1209,281,730.11,489.06,368.94,171.18,1,1,1.000000
1209,358,749.21,370.02,196.96,121.52,1,1,1.000000
1209,196,369.13,218.07,343.64,81.53,1,1,1.000000
1209,310,440.30,30.52,92.59,68.54,1,1,1.000000
1209,107,948.83,513.63,326.89,204.31,1,1,1.000000
1209,124,800.81,228.48,316.72,111.45,1,1,1.000000
1209,392,327.68,287.77,391.33,144.90,1,1,1.000000
1209,267,496.64,467.77,257.91,138.54,1,1,1.000000
1209,368,559.26,76.90,78.91,141.98,1,1,1.000000
1209,280,165.71,474.86,94.92,243.29,1,1,1.000000
1209,335,287.01,471.35,148.93,244.22,1,1,1.000000
1209,45,0.34,481.95,168.59,233.55,1,1,1.000000
1209,408,429.97,547.16,130.61,137.47,1,1,1.000000
1209,250,928.38,355.71,348.45,182.77,1,1,1.000000
1209,365,24.25,297.35,392.75,154.24,1,1,1.000000
1209,421,859.76,365.51,95.98,58.70,1,1,1.000000
1209,164,412.93,601.61,392.78,115.93,1,1,1.000000
1209,283,608.10,326.21,157.13,81.23,1,1,1.000000
1209,383,0.85,360.36,287.55,125.04,1,1,1.000000
1209,265,697.85,646.86,404.90,70.12,1,1,1.000000
1209,200,900.85,56.37,186.45,66.58,1,1,1.000000
1209,437,632.29,150.40,107.19,65.74,1,1,1.000000
1209,343,2.21,123.11,228.87,64.95,1,1,1.000000
1209,313,0.82,473.88,97.96,103.65,1,1,1.000000
1209,442,1.56,1.76,184.13,140.62,1,1,1.000000
1209,292,514.90,401.69,210.12,119.64,1,1,1.000000
1209,282,540.72,0.29,245.62,66.86,1,1,1.000000
1209,314,0.53,201.11,166.66,123.70,1,1,1.000000
1209,199,951.72,297.32,261.21,64.54,1,1,1.000000
1209,453,184.29,296.48,226.15,155.04,1,1,1.000000
1209,361,358.75,404.44,168.27,135.45,1,1,1.000000
1209,373,621.52,398.85,151.42,85.39,1,1,1.000000
1209,353,623.29,33.76,119.03,182.38,1,1,1.000000
1209,406,760.68,423.77,125.43,88.53,1,1,1.000000
1209,51,1028.46,654.21,179.05,64.65,1,1,1.000000
1209,371,246.26,435.63,217.98,106.17,1,1,1.000000
1209,432,239.54,464.07,102.79,241.60,1,1,1.000000
1209,78,1032.98,526.00,243.59,89.08,1,1,1.000000
1209,422,45.70,664.38,105.23,54.87,1,1,1.000000
1210,148,827.14,108.43,118.31,91.64,1,1,1.000000
1210,162,841.89,1.27,185.16,111.60,1,1,1.000000
1210,249,668.00,62.17,175.95,154.07,1,1,1.000000
1210,201,1122.77,81.72,157.03,86.75,1,1,1.000000
1210,290,753.13,13.53,125.38,85.15,1,1,1.000000
1210,315,157.74,27.23,251.96,114.72,1,1,1.000000
1210,143,145.44,87.32,423.75,208.51,1,1,1.000000
1210,339,741.74,213.64,94.29,98.00,1,1,1.000000
1210,281,734.99,497.25,377.13,162.88,1,1,1.000000
1210,358,758.26,357.34,191.57,128.68,1,1,1.000000
1210,196,360.29,215.74,349.20,86.52,1,1,1.000000
1210,107,932.00,466.86,344.12,250.23,1,1,1.000000
1210,124,777.51,223.57,402.64,132.13,1,1,1.000000
1210,392,366.61,285.97,355.79,141.37,1,1,1.000000
1210,267,511.65,469.14,229.53,141.74,1,1,1.000000
1210,280,161.20,480.77,98.03,235.55,1,1,1.000000
1210,335,320.70,481.63,122.41,236.85,1,1,1.000000
1210,45,0.80,497.29,166.37,221.43,1,1,1.000000
1210,408,434.59,543.61,129.98,128.88,1,1,1.000000
1210,250,925.43,351.88,353.18,187.24,1,1,1.000000
1210,365,7.31,306.61,410.37,143.53,1,1,1.000000
1210,421,855.05,360.25,98.64,68.63,1,1,1.000000
1210,164,411.74,601.10,427.96,116.58,1,1,1.000000
1210,283,601.99,324.31,151.22,80.06,1,1,1.000000
1210,383,0.85,359.81,291.05,124.54,1,1,1.000000
1210,265,822.67,637.79,296.75,79.20,1,1,1.000000
1210,200,912.74,51.78,169.46,68.59,1,1,1.000000
1210,437,636.25,153.92,106.73,61.66,1,1,1.000000
1210,343,1.52,122.60,208.21,64.03,1,1,1.000000
1210,313,1.25,478.85,104.53,103.38,1,1,1.000000
1210,442,1.09,4.32,226.89,160.84,1,1,1.000000
1210,292,515.36,400.76,220.80,112.91,1,1,1.000000
1210,282,525.07,0.60,176.73,67.22,1,1,1.000000
1210,314,1.33,216.91,154.09,108.99,1,1,1.000000
1210,199,935.55,293.37,256.18,61.77,1,1,1.000000
1210,453,186.04,294.10,225.24,158.39,1,1,1.000000
1210,361,364.12,399.36,168.82,103.52,1,1,1.000000
1210,373,647.61,400.76,218.86,97.06,1,1,1.000000
1210,460,360.46,397.19,357.89,144.36,1,1,1.000000
1210,353,597.12,60.94,143.31,156.63,1,1,1.000000
1210,371,239.22,429.55,267.02,109.39,1,1,1.000000
1210,432,177.23,476.04,158.79,240.28,1,1,1.000000
1210,78,962.34,502.41,319.30,119.34,1,1,1.000000
1210,414,4.19,315.57,180.37,74.91,1,1,1.000000
1210,163,177.12,0.97,194.30,48.22,1,1,1.000000
1211,148,833.80,111.66,114.16,84.72,1,1,1.000000
1211,162,831.18,0.81,186.80,115.74,1,1,1.000000
1211,249,691.44,81.03,160.77,134.21,1,1,1.000000
1211,201,1135.69,74.58,143.63,88.83,1,1,1.000000
1211,290,758.08,8.50,117.62,89.73,1,1,1.000000
1211,315,169.29,25.24,221.14,116.25,1,1,1.000000
1211,143,157.68,79.43,412.66,182.58,1,1,1.000000
1211,339,734.06,213.55,97.37,103.72,1,1,1.000000
1211,281,711.37,479.29,391.91,182.11,1,1,1.000000
1211,358,765.71,352.25,199.76,133.86,1,1,1.000000
1211,196,465.03,210.55,237.75,81.99,1,1,1.000000
1211,107,1032.47,553.81,244.63,163.81,1,1,1.000000
1211,124,810.04,230.92,356.32,120.54,1,1,1.000000
1211,392,336.17,286.77,381.13,127.76,1,1,1.000000
1211,267,502.21,464.66,145.82,143.16,1,1,1.000000
1211,280,98.11,477.83,162.83,239.28,1,1,1.000000
1211,335,252.53,474.23,182.04,242.40,1,1,1.000000
1211,45,11.07,606.89,108.27,111.62,1,1,1.000000
1211,408,413.36,541.26,162.87,169.92,1,1,1.000000
1211,250,918.87,349.92,359.97,185.25,1,1,1.000000
1211,365,26.78,300.23,372.01,122.35,1,1,1.000000
1211,164,421.96,581.69,418.45,136.44,1,1,1.000000
1211,283,639.39,326.57,113.49,70.31,1,1,1.000000
1211,383,0.72,357.06,301.25,126.99,1,1,1.000000
1211,265,765.34,648.89,340.45,69.45,1,1,1.000000
1211,200,924.57,46.92,151.83,73.03,1,1,1.000000
1211,437,630.68,147.61,112.07,67.44,1,1,1.000000
1211,343,1.96,127.79,244.00,136.68,1,1,1.000000
1211,313,1.20,489.42,118.65,97.12,1,1,1.000000
1211,442,0.62,3.41,245.91,161.65,1,1,1.000000
1211,292,472.02,394.16,298.09,108.19,1,1,1.000000
1211,282,525.95,0.00,144.49,78.08,1,1,1.000000
1211,314,0.76,222.29,211.45,110.69,1,1,1.000000
1211,199,935.49,287.75,238.11,63.72,1,1,1.000000
1211,453,180.02,302.69,202.80,121.81,1,1,1.000000
1211,460,467.19,395.51,305.64,170.93,1,1,1.000000
1211,371,257.93,393.73,257.51,128.00,1,1,1.000000
1211,432,248.21,465.29,92.23,162.07,1,1,1.000000
1211,78,959.29,478.88,320.13,136.98,1,1,1.000000
1211,463,190.27,248.99,183.62,55.70,1,1,1.000000
1211,465,256.76,610.88,88.23,104.53,1,1,1.000000
1211,163,190.32,2.07,174.53,70.24,1,1,1.000000
1211,407,556.43,322.59,195.46,87.51,1,1,1.000000
1211,360,900.86,467.69,177.36,108.96,1,1,1.000000
1211,310,432.72,16.56,91.59,73.85,1,1,1.000000
1211,368,591.63,69.64,85.90,131.62,1,1,1.000000
1211,406,702.49,425.45,179.99,84.49,1,1,1.000000
1212,148,833.80,111.66,114.16,84.72,1,1,1.000000
1212,162,831.18,0.81,186.80,115.74,1,1,1.000000
1212,249,691.44,81.03,160.77,134.21,1,1,1.000000
1212,201,1135.69,74.58,143.63,88.83,1,1,1.000000
1212,290,758.08,8.50,117.62,89.73,1,1,1.000000
1212,315,169.29,25.24,221.14,116.25,1,1,1.000000
1212,143,157.68,79.43,412.66,182.58,1,1,1.000000
1212,339,734.06,213.55,97.37,103.72,1,1,1.000000
1212,281,711.37,479.29,391.91,182.11,1,1,1.000000
1212,358,765.71,352.25,199.76,133.86,1,1,1.000000
1212,196,465.03,210.55,237.75,81.99,1,1,1.000000
1212,107,1032.47,553.81,244.63,163.81,1,1,1.000000
1212,124,810.04,230.92,356.32,120.54,1,1,1.000000
1212,392,336.17,286.77,381.13,127.76,1,1,1.000000
1212,267,502.21,464.66,145.82,143.16,1,1,1.000000
1212,280,98.11,477.83,162.83,239.28,1,1,1.000000
1212,335,252.53,474.23,182.04,242.40,1,1,1.000000
1212,45,11.07,606.89,108.27,111.62,1,1,1.000000
1212,408,413.36,541.26,162.87,169.92,1,1,1.000000
1212,250,918.87,349.92,359.97,185.25,1,1,1.000000
1212,365,26.78,300.23,372.01,122.35,1,1,1.000000
1212,164,421.96,581.69,418.45,136.44,1,1,1.000000
1212,283,639.39,326.57,113.49,70.31,1,1,1.000000
1212,383,0.72,357.06,301.25,126.99,1,1,1.000000
1212,265,765.34,648.89,340.45,69.45,1,1,1.000000
1212,200,924.57,46.92,151.83,73.03,1,1,1.000000
1212,437,630.68,147.61,112.07,67.44,1,1,1.000000
1212,343,1.96,127.79,244.00,136.68,1,1,1.000000
1212,313,1.20,489.42,118.65,97.12,1,1,1.000000
1212,442,0.62,3.41,245.91,161.65,1,1,1.000000
1212,292,472.02,394.16,298.09,108.19,1,1,1.000000
1212,282,525.95,0.00,144.49,78.08,1,1,1.000000
1212,314,0.76,222.29,211.45,110.69,1,1,1.000000
1212,199,935.49,287.75,238.11,63.72,1,1,1.000000
1212,453,180.02,302.69,202.80,121.81,1,1,1.000000
1212,460,467.19,395.51,305.64,170.93,1,1,1.000000
1212,371,257.93,393.73,257.51,128.00,1,1,1.000000
1212,432,248.21,465.29,92.23,162.07,1,1,1.000000
1212,78,959.29,478.88,320.13,136.98,1,1,1.000000
1212,463,190.27,248.99,183.62,55.70,1,1,1.000000
1212,465,256.76,610.88,88.23,104.53,1,1,1.000000
1212,163,190.32,2.07,174.53,70.24,1,1,1.000000
1212,469,386.17,231.63,177.12,80.63,1,1,1.000000
1212,470,901.50,465.41,373.65,150.09,1,1,1.000000
1212,471,573.77,474.03,166.74,96.34,1,1,1.000000
1212,472,15.29,318.64,168.41,70.90,1,1,1.000000
1212,407,556.43,322.59,195.46,87.51,1,1,1.000000
1212,360,900.86,467.69,177.36,108.96,1,1,1.000000
1212,310,432.72,16.56,91.59,73.85,1,1,1.000000
1212,368,591.63,69.64,85.90,131.62,1,1,1.000000
1212,406,702.49,425.45,179.99,84.49,1,1,1.000000
1213,148,830.00,99.53,115.48,94.77,1,1,1.000000
1213,162,825.67,0.75,185.97,115.67,1,1,1.000000
1213,249,692.52,74.79,163.82,140.38,1,1,1.000000
1213,201,1155.82,68.80,123.25,90.63,1,1,1.000000
1213,290,747.12,5.11,126.76,102.79,1,1,1.000000
1213,143,166.50,79.31,409.20,172.27,1,1,1.000000
1213,339,727.30,208.93,95.51,111.21,1,1,1.000000
1213,281,681.41,488.31,449.26,172.05,1,1,1.000000
1213,358,772.99,353.42,202.84,132.07,1,1,1.000000
1213,196,468.66,207.96,238.54,81.36,1,1,1.000000
1213,107,1052.42,519.51,226.42,197.50,1,1,1.000000
1213,124,807.26,230.70,342.18,113.04,1,1,1.000000
1213,392,339.65,283.32,393.67,127.76,1,1,1.000000
1213,267,515.94,469.60,148.30,139.06,1,1,1.000000
1213,280,105.63,456.10,166.17,259.39,1,1,1.000000
1213,335,256.21,463.12,180.00,251.68,1,1,1.000000
1213,45,3.83,586.46,171.98,131.48,1,1,1.000000
1213,408,421.40,541.97,162.88,162.65,1,1,1.000000
1213,250,912.78,351.04,365.93,186.49,1,1,1.000000
1213,365,111.03,300.33,244.26,114.59,1,1,1.000000
1213,164,422.96,582.23,442.40,135.89,1,1,1.000000
1213,383,1.43,362.24,308.35,121.13,1,1,1.000000
1213,265,849.12,649.56,240.64,68.71,1,1,1.000000
1213,200,880.25,40.29,187.89,81.36,1,1,1.000000
1213,437,633.28,144.96,110.32,68.52,1,1,1.000000
1213,343,0.83,119.56,231.32,79.62,1,1,1.000000
1213,313,0.37,464.38,131.92,127.55,1,1,1.000000
1213,442,3.02,1.90,281.78,148.57,1,1,1.000000
1213,292,471.39,392.46,422.18,114.25,1,1,1.000000
1213,314,0.96,225.75,199.20,117.61,1,1,1.000000
1213,453,104.18,310.18,223.63,96.34,1,1,1.000000
1213,371,265.93,385.70,247.08,138.21,1,1,1.000000
1213,432,236.60,449.79,105.60,183.58,1,1,1.000000
1213,78,1059.72,522.11,218.39,101.43,1,1,1.000000
1213,463,184.57,214.85,218.17,95.77,1,1,1.000000
1213,163,211.69,3.06,209.67,83.04,1,1,1.000000
1213,407,543.75,327.80,222.00,82.73,1,1,1.000000
1213,368,587.82,69.85,86.67,130.37,1,1,1.000000
1214,148,836.12,82.95,132.60,108.42,1,1,1.000000
1214,162,765.80,0.88,238.08,129.47,1,1,1.000000
1214,249,693.19,80.71,165.29,136.07,1,1,1.000000
1214,201,1172.63,65.86,106.53,90.74,1,1,1.000000
1214,290,750.19,9.36,119.93,86.08,1,1,1.000000
1214,143,164.26,76.12,416.12,166.43,1,1,1.000000
1214,339,724.86,211.38,91.54,112.40,1,1,1.000000
1214,281,653.34,490.44,504.57,174.04,1,1,1.000000
1214,358,779.42,356.48,205.33,130.02,1,1,1.000000
1214,196,448.60,206.27,264.30,80.96,1,1,1.000000
1214,107,1060.19,530.50,217.23,185.43,1,1,1.000000
1214,124,811.50,228.51,320.89,112.12,1,1,1.000000
1214,392,341.01,285.44,405.69,123.27,1,1,1.000000
1214,267,536.97,478.35,138.20,130.51,1,1,1.000000
1214,280,100.67,484.91,143.30,230.51,1,1,1.000000
1214,335,236.25,475.63,209.51,241.57,1,1,1.000000
1214,45,0.34,592.46,177.19,124.59,1,1,1.000000
1214,408,378.12,542.22,214.75,172.10,1,1,1.000000
1214,250,909.03,349.56,370.10,188.20,1,1,1.000000
1214,365,41.26,296.81,314.17,119.06,1,1,1.000000
1214,164,383.89,556.22,472.75,159.89,1,1,1.000000
1214,383,1.55,360.73,324.23,121.64,1,1,1.000000
1214,265,846.39,649.37,198.78,68.94,1,1,1.000000
1214,200,936.92,35.07,128.58,71.11,1,1,1.000000
1214,437,633.87,145.50,114.26,67.14,1,1,1.000000
1214,343,2.18,163.10,160.91,83.07,1,1,1.000000
1214,313,0.36,463.25,143.15,133.59,1,1,1.000000
1214,442,2.71,1.88,211.37,130.20,1,1,1.000000
1214,292,481.88,393.55,281.68,110.54,1,1,1.000000
1214,314,1.20,217.52,231.15,115.63,1,1,1.000000
1214,432,235.52,452.49,108.22,185.13,1,1,1.000000
1214,78,1093.54,532.57,183.21,99.79,1,1,1.000000
1214,463,201.85,231.84,208.09,80.69,1,1,1.000000
1214,368,583.40,70.66,67.48,131.57,1,1,1.000000
1214,476,833.95,37.52,229.14,152.52,1,1,1.000000
1214,330,204.27,65.81,179.75,72.47,1,1,1.000000
1214,51,1069.34,624.84,205.97,91.56,1,1,1.000000
1214,361,353.48,398.29,176.46,136.53,1,1,1.000000
1214,373,659.56,398.45,238.86,104.63,1,1,1.000000
1214,470,933.85,485.57,341.20,149.11,1,1,1.000000
1215,162,770.46,1.51,228.61,125.40,1,1,1.000000
1215,249,688.24,59.62,174.64,157.35,1,1,1.000000
1215,201,1186.81,62.85,92.95,94.82,1,1,1.000000
1215,290,749.71,7.42,120.76,90.83,1,1,1.000000
1215,143,153.59,72.56,438.36,160.35,1,1,1.000000
1215,339,726.87,217.07,85.49,109.67,1,1,1.000000
1215,281,672.31,490.23,502.27,185.62,1,1,1.000000
1215,358,790.31,357.82,213.60,128.49,1,1,1.000000
1215,196,458.77,205.94,259.59,79.13,1,1,1.000000
1215,124,810.70,227.48,301.80,111.74,1,1,1.000000
1215,392,345.07,280.26,395.88,125.37,1,1,1.000000
1215,267,541.95,485.87,140.05,123.53,1,1,1.000000
1215,280,102.57,493.46,137.18,215.04,1,1,1.000000
1215,335,263.45,471.74,179.20,246.21,1,1,1.000000
1215,408,370.91,538.26,218.39,179.65,1,1,1.000000
1215,250,902.04,350.92,378.27,182.59,1,1,1.000000
1215,365,2.62,299.21,358.09,112.08,1,1,1.000000
1215,164,447.62,612.01,423.55,105.75,1,1,1.000000
1215,383,1.59,357.64,339.82,126.85,1,1,1.000000
1215,265,870.35,661.83,150.84,56.76,1,1,1.000000
1215,200,884.24,29.97,171.03,92.81,1,1,1.000000
1215,437,635.02,144.85,133.14,67.94,1,1,1.000000
1215,343,1.26,175.99,165.87,62.10,1,1,1.000000
1215,313,0.51,455.77,145.44,145.98,1,1,1.000000
1215,442,2.64,5.74,269.44,136.40,1,1,1.000000
1215,292,500.00,391.52,255.23,116.46,1,1,1.000000
1215,314,1.13,220.02,218.14,113.78,1,1,1.000000
1215,432,126.76,443.62,218.29,196.94,1,1,1.000000
1215,78,1038.99,489.74,239.96,125.90,1,1,1.000000
1215,463,206.38,259.22,214.49,64.70,1,1,1.000000
1215,476,834.65,28.22,221.17,159.39,1,1,1.000000
1215,51,1066.86,613.77,212.24,104.39,1,1,1.000000
1215,373,669.33,395.76,217.75,103.69,1,1,1.000000
1215,375,639.81,320.93,129.26,64.05,1,1,1.000000
1215,353,613.83,36.85,104.55,110.05,1,1,1.000000
1215,371,282.55,397.17,272.15,136.47,1,1,1.000000
1216,162,785.98,2.73,212.08,112.49,1,1,1.000000
1216,249,684.40,83.71,181.43,133.55,1,1,1.000000
1216,201,1194.72,63.94,85.02,93.71,1,1,1.000000
1216,290,746.88,8.50,119.78,86.45,1,1,1.000000
1216,143,158.88,74.32,436.65,151.80,1,1,1.000000
1216,339,726.90,218.30,84.88,105.92,1,1,1.000000
1216,281,686.29,504.64,490.88,165.84,1,1,1.000000
1216,358,800.12,359.14,224.10,128.71,1,1,1.000000
1216,196,428.42,209.25,298.13,78.87,1,1,1.000000
1216,124,813.75,225.62,279.68,108.99,1,1,1.000000
1216,392,334.35,277.60,411.64,135.17,1,1,1.000000
1216,267,544.27,490.62,141.38,121.08,1,1,1.000000
1216,280,140.52,496.13,105.86,222.24,1,1,1.000000
1216,335,244.41,466.75,203.70,252.69,1,1,1.000000
1216,408,427.34,550.51,154.59,106.87,1,1,1.000000
1216,250,896.96,349.76,382.21,177.35,1,1,1.000000
1216,365,0.79,309.92,302.52,85.61,1,1,1.000000
1216,164,435.04,613.03,558.79,105.31,1,1,1.000000
1216,383,3.06,354.22,367.31,127.54,1,1,1.000000
1216,200,935.07,34.33,103.45,67.57,1,1,1.000000
1216,437,626.94,145.12,131.97,64.43,1,1,1.000000
1216,343,1.19,182.87,163.65,54.57,1,1,1.000000
1216,313,0.19,503.80,149.30,108.15,1,1,1.000000
1216,442,4.78,3.47,207.75,126.95,1,1,1.000000
1216,292,492.29,391.88,271.05,117.04,1,1,1.000000
1216,314,1.40,216.78,218.14,108.70,1,1,1.000000
1216,432,114.27,443.33,234.23,201.88,1,1,1.000000
1216,78,1048.82,495.06,230.52,132.07,1,1,1.000000
1216,463,209.12,255.61,221.28,68.17,1,1,1.000000
1216,476,836.67,36.63,201.98,143.45,1,1,1.000000
1216,51,1071.91,647.90,204.25,69.74,1,1,1.000000
1216,373,665.19,394.80,231.12,103.86,1,1,1.000000
1216,487,1.80,118.57,186.45,73.51,1,1,1.000000
1216,488,920.55,37.07,117.58,72.94,1,1,1.000000
1216,375,663.54,320.36,113.68,61.68,1,1,1.000000
1216,472,2.82,313.68,190.03,80.08,1,1,1.000000
1216,360,788.66,499.79,298.54,114.34,1,1,1.000000
1216,148,841.71,72.21,113.91,108.12,1,1,1.000000
1216,107,1128.23,612.91,149.47,80.88,1,1,1.000000
1216,361,366.25,400.42,184.23,129.19,1,1,1.000000
1217,162,785.98,2.73,212.08,112.49,1,1,1.000000
1217,249,684.40,83.71,181.43,133.55,1,1,1.000000
1217,201,1194.72,63.94,85.02,93.71,1,1,1.000000
1217,290,746.88,8.50,119.78,86.45,1,1,1.000000
1217,143,158.88,74.32,436.65,151.80,1,1,1.000000
1217,339,726.90,218.30,84.88,105.92,1,1,1.000000
1217,281,686.29,504.64,490.88,165.84,1,1,1.000000
1217,358,800.12,359.14,224.10,128.71,1,1,1.000000
1217,196,428.42,209.25,298.13,78.87,1,1,1.000000
1217,124,813.75,225.62,279.68,108.99,1,1,1.000000
1217,392,334.35,277.60,411.64,135.17,1,1,1.000000
1217,267,544.27,490.62,141.38,121.08,1,1,1.000000
1217,280,140.52,496.13,105.86,222.24,1,1,1.000000
1217,335,244.41,466.75,203.70,252.69,1,1,1.000000
1217,408,427.34,550.51,154.59,106.87,1,1,1.000000
1217,250,896.96,349.76,382.21,177.35,1,1,1.000000
1217,365,0.79,309.92,302.52,85.61,1,1,1.000000
1217,164,435.04,613.03,558.79,105.31,1,1,1.000000
1217,383,3.06,354.22,367.31,127.54,1,1,1.000000
1217,200,920.55,37.07,117.58,72.94,1,1,1.000000
1217,437,626.94,145.12,131.97,64.43,1,1,1.000000
1217,343,1.19,182.87,163.65,54.57,1,1,1.000000
1217,313,0.19,503.80,149.30,108.15,1,1,1.000000
1217,442,4.78,3.47,207.75,126.95,1,1,1.000000
1217,292,492.29,391.88,271.05,117.04,1,1,1.000000
1217,314,1.40,216.78,218.14,108.70,1,1,1.000000
1217,432,114.27,443.33,234.23,201.88,1,1,1.000000
1217,78,1048.82,495.06,230.52,132.07,1,1,1.000000
1217,463,209.12,255.61,221.28,68.17,1,1,1.000000
1217,476,836.67,36.63,201.98,143.45,1,1,1.000000
1217,51,1071.91,647.90,204.25,69.74,1,1,1.000000
1217,373,665.19,394.80,231.12,103.86,1,1,1.000000
1217,487,1.80,118.57,186.45,73.51,1,1,1.000000
1217,488,935.07,34.33,103.45,67.57,1,1,1.000000
1217,375,663.54,320.36,113.68,61.68,1,1,1.000000
1217,472,2.82,313.68,190.03,80.08,1,1,1.000000
1217,360,788.66,499.79,298.54,114.34,1,1,1.000000
1217,148,841.71,72.21,113.91,108.12,1,1,1.000000
1217,107,1128.23,612.91,149.47,80.88,1,1,1.000000
1217,361,366.25,400.42,184.23,129.19,1,1,1.000000
1218,162,745.06,4.53,279.58,112.81,1,1,1.000000
1218,249,679.81,98.45,190.47,119.45,1,1,1.000000
1218,201,1223.08,65.80,56.27,91.52,1,1,1.000000
1218,143,197.93,67.88,403.74,154.99,1,1,1.000000
1218,339,729.16,217.92,78.63,103.46,1,1,1.000000
1218,281,663.14,504.83,543.21,174.15,1,1,1.000000
1218,358,819.72,393.03,215.90,102.95,1,1,1.000000
1218,196,425.33,202.95,306.00,95.26,1,1,1.000000
1218,124,806.89,224.28,273.96,110.86,1,1,1.000000
1218,392,371.82,273.25,373.59,127.52,1,1,1.000000
1218,267,545.92,489.18,164.34,124.14,1,1,1.000000
1218,280,159.79,508.67,84.50,210.32,1,1,1.000000
1218,335,255.15,459.87,189.41,259.74,1,1,1.000000
1218,408,423.23,549.18,162.30,165.66,1,1,1.000000
1218,250,880.83,352.15,399.66,176.01,1,1,1.000000
1218,164,431.90,601.98,429.46,115.07,1,1,1.000000
1218,383,1.54,353.37,361.81,127.35,1,1,1.000000
1218,437,621.62,137.49,113.04,71.26,1,1,1.000000
1218,313,0.36,508.97,150.59,103.22,1,1,1.000000
1218,442,1.69,58.77,198.83,172.77,1,1,1.000000
1218,292,480.25,389.50,296.59,123.66,1,1,1.000000
1218,314,1.29,214.26,256.49,128.44,1,1,1.000000
1218,432,115.44,442.20,230.01,206.44,1,1,1.000000
1218,78,1057.35,492.18,220.18,149.92,1,1,1.000000
1218,463,228.82,259.15,195.82,60.90,1,1,1.000000
1218,51,1073.47,645.08,204.75,72.74,1,1,1.000000
1218,373,637.57,394.34,295.25,120.86,1,1,1.000000
1218,487,1.85,120.03,198.79,76.50,1,1,1.000000
1218,375,664.77,309.02,114.99,71.10,1,1,1.000000
1218,472,2.16,312.25,180.44,88.55,1,1,1.000000
1218,148,840.36,81.87,107.56,94.02,1,1,1.000000
1218,45,84.40,517.04,92.46,188.72,1,1,1.000000
1218,470,1055.84,490.74,222.84,226.06,1,1,1.000000
1218,265,848.15,664.21,189.77,53.64,1,1,1.000000
1218,353,613.29,0.61,140.86,153.95,1,1,1.000000
1218,371,0.00,305.02,523.25,194.34,1,1,1.000000
1219,162,769.16,3.97,245.94,111.53,1,1,1.000000
1219,249,677.43,86.51,191.09,130.98,1,1,1.000000
1219,143,194.38,62.50,410.68,155.91,1,1,1.000000
1219,339,732.22,221.56,73.55,102.29,1,1,1.000000
1219,281,711.49,439.16,431.45,253.71,1,1,1.000000
1219,358,816.73,352.84,237.17,137.13,1,1,1.000000
1219,196,428.69,202.35,305.53,90.01,1,1,1.000000
1219,124,806.91,225.15,262.77,104.11,1,1,1.000000
1219,392,375.09,271.62,378.07,157.07,1,1,1.000000
1219,267,559.68,514.10,206.94,109.98,1,1,1.000000
1219,280,158.81,508.70,86.66,208.97,1,1,1.000000
1219,335,264.92,445.35,178.56,274.01,1,1,1.000000
1219,408,446.90,546.34,135.79,81.59,1,1,1.000000
1219,250,914.75,351.39,363.35,177.62,1,1,1.000000
1219,164,435.22,600.71,447.44,116.51,1,1,1.000000
1219,383,1.75,350.88,370.39,118.58,1,1,1.000000
1219,313,0.38,505.23,151.79,107.15,1,1,1.000000
1219,442,0.92,2.70,216.15,126.42,1,1,1.000000
1219,292,488.91,389.84,307.81,155.92,1,1,1.000000
1219,314,1.05,211.52,276.18,131.23,1,1,1.000000
1219,432,131.81,441.65,213.75,207.40,1,1,1.000000
1219,78,1060.83,495.04,215.81,138.20,1,1,1.000000
1219,463,242.31,260.60,187.37,57.48,1,1,1.000000
1219,51,1120.46,648.25,157.36,70.88,1,1,1.000000
1219,373,654.50,394.04,209.17,100.85,1,1,1.000000
1219,487,1.44,124.56,206.52,102.05,1,1,1.000000
1219,375,657.69,316.18,127.09,64.57,1,1,1.000000
1219,472,1.86,304.00,203.28,98.62,1,1,1.000000
1219,45,80.95,534.59,93.79,174.83,1,1,1.000000
1219,371,222.78,303.66,310.92,209.63,1,1,1.000000
1219,381,558.08,516.03,218.44,113.41,1,1,1.000000
1219,460,497.12,388.14,644.95,309.90,1,1,1.000000
1219,290,735.03,12.96,124.41,80.01,1,1,1.000000
1220,162,740.93,2.91,262.76,110.78,1,1,1.000000
1220,249,669.04,89.48,202.32,128.78,1,1,1.000000
1220,143,208.73,58.88,401.31,163.31,1,1,1.000000
1220,339,730.57,227.20,76.73,92.16,1,1,1.000000
1220,281,746.21,492.45,526.25,190.49,1,1,1.000000
1220,358,825.79,400.19,232.66,90.05,1,1,1.000000
1220,196,438.55,193.28,300.26,89.05,1,1,1.000000
1220,124,800.15,224.77,260.15,100.02,1,1,1.000000
1220,392,389.52,266.38,370.45,181.21,1,1,1.000000
1220,267,561.17,493.88,179.82,129.63,1,1,1.000000
1220,335,264.23,450.47,179.06,267.74,1,1,1.000000
1220,408,445.04,550.59,142.96,76.33,1,1,1.000000
1220,250,978.17,353.99,301.27,174.49,1,1,1.000000
1220,164,453.46,603.74,458.65,114.82,1,1,1.000000
1220,383,2.49,353.78,373.48,105.42,1,1,1.000000
1220,313,0.05,505.50,152.62,104.54,1,1,1.000000
1220,292,491.68,378.66,249.10,151.62,1,1,1.000000
1220,314,1.86,211.89,274.95,126.31,1,1,1.000000
1220,432,126.99,444.17,215.64,271.95,1,1,1.000000
1220,463,253.02,261.59,197.16,55.48,1,1,1.000000
1220,51,1132.92,643.64,146.33,75.43,1,1,1.000000
1220,373,677.77,398.58,261.37,105.35,1,1,1.000000
1220,487,1.32,120.66,215.32,111.00,1,1,1.000000
1220,375,671.37,320.90,117.55,59.18,1,1,1.000000
1220,472,2.32,304.90,201.94,97.40,1,1,1.000000
1220,45,66.53,542.20,108.82,173.91,1,1,1.000000
1220,371,250.81,301.11,211.35,115.11,1,1,1.000000
1220,290,735.50,13.06,114.95,78.13,1,1,1.000000
1220,421,814.33,340.11,234.76,76.71,1,1,1.000000
1220,360,809.21,500.11,234.43,55.67,1,1,1.000000
1220,361,382.73,396.31,129.71,105.64,1,1,1.000000
1220,148,842.66,83.45,96.31,86.62,1,1,1.000000
1221,162,740.93,2.91,262.76,110.78,1,1,1.000000
1221,249,669.04,89.48,202.32,128.78,1,1,1.000000
1221,143,208.73,58.88,401.31,163.31,1,1,1.000000
1221,339,730.57,227.20,76.73,92.16,1,1,1.000000
1221,281,746.21,492.45,526.25,190.49,1,1,1.000000
1221,358,825.79,400.19,232.66,90.05,1,1,1.000000
1221,196,438.55,193.28,300.26,89.05,1,1,1.000000
1221,124,800.15,224.77,260.15,100.02,1,1,1.000000
1221,392,389.52,266.38,370.45,181.21,1,1,1.000000
1221,267,561.17,493.88,179.82,129.63,1,1,1.000000
1221,335,264.23,450.47,179.06,267.74,1,1,1.000000
1221,408,445.04,550.59,142.96,76.33,1,1,1.000000
1221,250,978.17,353.99,301.27,174.49,1,1,1.000000
1221,164,453.46,603.74,458.65,114.82,1,1,1.000000
1221,383,2.49,353.78,373.48,105.42,1,1,1.000000
1221,313,0.05,505.50,152.62,104.54,1,1,1.000000
1221,292,491.68,378.66,249.10,151.62,1,1,1.000000
1221,314,1.86,211.89,274.95,126.31,1,1,1.000000
1221,432,126.99,444.17,215.64,271.95,1,1,1.000000
1221,463,253.02,261.59,197.16,55.48,1,1,1.000000
1221,51,1132.92,643.64,146.33,75.43,1,1,1.000000
1221,373,677.77,398.58,261.37,105.35,1,1,1.000000
1221,487,1.32,120.66,215.32,111.00,1,1,1.000000
1221,375,671.37,320.90,117.55,59.18,1,1,1.000000
1221,472,2.32,304.90,201.94,97.40,1,1,1.000000
1221,45,66.53,542.20,108.82,173.91,1,1,1.000000
1221,371,250.81,301.11,211.35,115.11,1,1,1.000000
1221,290,735.50,13.06,114.95,78.13,1,1,1.000000
1221,500,216.41,175.49,193.40,85.46,1,1,1.000000
1221,501,0.25,618.87,72.89,99.60,1,1,1.000000
1221,502,1040.50,651.17,124.22,66.42,1,1,1.000000
1221,503,2.17,441.08,94.57,69.00,1,1,1.000000
1221,504,239.88,456.38,109.88,199.84,1,1,1.000000
1221,505,593.94,551.69,117.27,73.63,1,1,1.000000
1221,421,814.33,340.11,234.76,76.71,1,1,1.000000
1221,360,809.21,500.11,234.43,55.67,1,1,1.000000
1221,361,382.73,396.31,129.71,105.64,1,1,1.000000
1221,148,842.66,83.45,96.31,86.62,1,1,1.000000
1222,162,726.26,6.94,275.58,106.77,1,1,1.000000
1222,249,679.62,89.92,194.60,127.86,1,1,1.000000
1222,143,211.50,58.18,405.52,143.95,1,1,1.000000
1222,339,728.75,233.75,73.69,75.40,1,1,1.000000
1222,281,735.10,497.17,535.61,177.28,1,1,1.000000
1222,358,820.71,402.65,253.40,86.71,1,1,1.000000
1222,196,484.43,202.73,266.56,76.41,1,1,1.000000
1222,124,793.34,222.05,254.22,102.92,1,1,1.000000
1222,392,416.94,263.94,350.22,176.26,1,1,1.000000
1222,267,585.67,504.28,181.53,119.59,1,1,1.000000
1222,335,247.24,462.58,166.07,255.91,1,1,1.000000
1222,250,972.68,331.95,306.34,197.40,1,1,1.000000
1222,164,455.96,596.54,449.44,121.66,1,1,1.000000
1222,383,14.63,347.79,386.52,111.47,1,1,1.000000
1222,313,0.73,505.64,151.83,104.69,1,1,1.000000
1222,292,502.98,377.40,234.12,160.93,1,1,1.000000
1222,314,1.15,207.92,289.67,120.28,1,1,1.000000
1222,432,11.45,439.23,341.01,243.50,1,1,1.000000
1222,463,236.72,253.56,193.55,57.06,1,1,1.000000
1222,51,1108.74,638.48,170.28,80.79,1,1,1.000000
1222,373,680.87,400.67,237.63,102.06,1,1,1.000000
1222,487,1.70,108.05,224.83,68.28,1,1,1.000000
1222,375,671.08,318.83,121.38,62.04,1,1,1.000000
1222,472,2.40,301.84,206.57,104.29,1,1,1.000000
1222,45,49.34,545.08,125.95,172.96,1,1,1.000000
1222,371,263.73,302.08,245.06,195.64,1,1,1.000000
1222,500,236.56,173.86,149.33,84.36,1,1,1.000000
1222,501,0.72,608.28,55.86,109.46,1,1,1.000000
1222,504,212.13,446.02,134.01,220.12,1,1,1.000000
1222,421,809.60,354.24,203.93,63.06,1,1,1.000000
1222,360,769.30,484.48,278.92,71.30,1,1,1.000000
1222,148,839.62,86.35,99.39,87.06,1,1,1.000000
1222,342,402.63,441.99,193.98,90.06,1,1,1.000000
1222,465,266.15,616.01,110.39,103.87,1,1,1.000000
1222,365,1.84,318.87,96.02,92.48,1,1,1.000000
1222,265,902.54,666.38,159.31,51.58,1,1,1.000000
1222,280,152.86,517.06,105.94,200.27,1,1,1.000000
1222,442,3.50,51.74,227.85,101.18,1,1,1.000000
1223,162,723.32,12.44,277.20,101.16,1,1,1.000000
1223,249,669.83,80.13,207.74,138.47,1,1,1.000000
1223,143,233.47,53.41,390.80,165.65,1,1,1.000000
1223,281,717.30,507.04,563.23,165.01,1,1,1.000000
1223,358,816.85,402.39,299.09,89.06,1,1,1.000000
1223,196,508.58,196.26,253.55,81.18,1,1,1.000000
1223,124,786.79,221.92,251.97,99.07,1,1,1.000000
1223,392,426.30,250.21,360.42,186.24,1,1,1.000000
1223,267,577.40,520.45,364.69,153.47,1,1,1.000000
1223,335,263.64,451.79,137.71,261.18,1,1,1.000000
1223,250,1000.17,341.41,280.00,181.70,1,1,1.000000
1223,164,453.36,594.55,435.12,123.69,1,1,1.000000
1223,383,13.49,347.40,386.65,111.29,1,1,1.000000
1223,313,0.77,506.35,152.45,104.49,1,1,1.000000
1223,292,509.76,379.28,217.87,166.74,1,1,1.000000
1223,314,0.82,206.90,295.80,110.27,1,1,1.000000
1223,432,147.22,446.53,168.11,263.34,1,1,1.000000
1223,463,235.50,251.41,192.95,58.12,1,1,1.000000
1223,51,1119.08,641.60,160.16,77.47,1,1,1.000000
1223,373,683.11,397.52,182.49,95.64,1,1,1.000000
1223,487,3.47,118.45,230.60,62.94,1,1,1.000000
1223,375,642.43,322.38,156.09,59.26,1,1,1.000000
1223,45,40.54,547.10,147.61,171.30,1,1,1.000000
1223,371,207.35,295.33,305.26,199.03,1,1,1.000000
1223,501,0.88,614.77,49.49,103.43,1,1,1.000000
1223,504,254.82,451.69,91.90,218.35,1,1,1.000000
1223,421,809.76,346.74,192.51,74.38,1,1,1.000000
1223,360,762.44,478.40,285.83,82.66,1,1,1.000000
1223,148,839.04,88.24,103.57,80.65,1,1,1.000000
1223,508,372.96,488.84,78.72,229.52,1,1,1.000000
1223,509,828.92,283.30,117.59,47.46,1,1,1.000000
1223,511,584.70,520.92,345.38,152.42,1,1,1.000000
1223,342,394.63,478.78,216.31,64.49,1,1,1.000000
1223,465,266.61,644.41,113.71,74.74,1,1,1.000000
1223,365,1.36,311.11,113.94,95.14,1,1,1.000000
1223,265,926.88,670.81,130.54,48.54,1,1,1.000000
1223,442,0.64,65.85,240.20,110.48,1,1,1.000000
1223,340,509.10,134.53,115.97,70.75,1,1,1.000000
1223,315,198.69,41.75,177.53,74.15,1,1,1.000000
1223,469,439.28,270.39,140.73,86.83,1,1,1.000000
1223,503,0.79,443.84,107.05,66.65,1,1,1.000000
1224,162,721.27,15.88,275.74,95.52,1,1,1.000000
1224,249,653.27,75.41,226.47,144.55,1,1,1.000000
1224,143,245.67,44.23,389.56,164.41,1,1,1.000000
1224,281,719.74,510.45,557.68,155.97,1,1,1.000000
1224,358,810.46,400.66,279.57,94.68,1,1,1.000000
1224,196,514.10,189.03,271.37,89.97,1,1,1.000000
1224,124,766.21,220.57,259.05,101.68,1,1,1.000000
1224,392,439.02,265.33,339.58,164.88,1,1,1.000000
1224,335,247.83,463.59,172.95,253.79,1,1,1.000000
1224,250,986.37,353.21,292.80,167.92,1,1,1.000000
1224,164,470.94,560.06,549.26,157.56,1,1,1.000000
1224,383,9.08,349.82,400.75,130.15,1,1,1.000000
1224,313,0.64,509.86,152.82,97.32,1,1,1.000000
1224,292,513.58,378.36,213.08,165.13,1,1,1.000000
1224,314,0.17,200.42,320.27,117.44,1,1,1.000000
1224,432,157.13,448.11,182.57,236.17,1,1,1.000000
1224,51,1126.95,647.01,152.53,71.15,1,1,1.000000
1224,373,688.51,398.30,130.80,101.26,1,1,1.000000
1224,487,2.70,120.95,240.88,96.86,1,1,1.000000
1224,375,676.17,321.28,130.69,59.77,1,1,1.000000
1224,45,26.19,560.33,188.47,157.36,1,1,1.000000
1224,371,10.44,294.58,504.14,203.37,1,1,1.000000
1224,504,251.65,451.90,92.78,227.99,1,1,1.000000
1224,421,806.79,350.92,198.14,66.10,1,1,1.000000
1224,360,770.55,479.24,263.66,82.70,1,1,1.000000
1224,509,823.26,282.43,117.54,51.61,1,1,1.000000
1224,342,412.22,455.82,272.12,86.75,1,1,1.000000
1224,442,1.11,66.73,123.87,70.78,1,1,1.000000
1224,469,443.05,267.39,142.29,90.44,1,1,1.000000
1224,503,0.63,442.56,110.48,74.07,1,1,1.000000
1224,381,596.18,522.11,141.71,96.02,1,1,1.000000
1225,162,740.13,28.42,253.81,87.17,1,1,1.000000
1225,249,658.91,74.90,222.01,145.55,1,1,1.000000
1225,143,248.47,42.97,390.81,157.68,1,1,1.000000
1225,281,711.48,517.70,565.04,147.65,1,1,1.000000
1225,358,790.15,397.20,309.54,98.71,1,1,1.000000
1225,196,533.78,184.42,258.01,88.28,1,1,1.000000
1225,124,746.39,224.73,269.66,100.89,1,1,1.000000
1225,392,469.18,259.84,315.76,137.28,1,1,1.000000
1225,335,259.91,478.78,160.80,238.28,1,1,1.000000
1225,250,799.48,353.40,476.93,156.74,1,1,1.000000
1225,164,470.88,632.67,556.89,85.17,1,1,1.000000
1225,383,9.02,348.61,404.40,119.58,1,1,1.000000
1225,313,0.90,512.41,157.63,96.40,1,1,1.000000
1225,292,547.10,380.49,284.69,164.87,1,1,1.000000
1225,314,0.58,199.05,304.81,119.47,1,1,1.000000
1225,432,103.86,426.29,162.46,111.70,1,1,1.000000
1225,51,1108.75,655.15,171.74,63.70,1,1,1.000000
1225,487,2.24,120.83,248.62,98.14,1,1,1.000000
1225,375,671.61,322.12,141.60,58.82,1,1,1.000000
1225,45,5.18,566.01,191.45,150.99,1,1,1.000000
1225,504,254.79,481.54,89.42,204.67,1,1,1.000000
1225,360,768.07,470.13,252.76,93.83,1,1,1.000000
1225,509,817.60,282.62,115.81,51.56,1,1,1.000000
1225,342,421.25,480.01,208.32,68.64,1,1,1.000000
1225,442,0.32,62.74,136.65,71.14,1,1,1.000000
1225,503,0.66,445.07,111.18,79.23,1,1,1.000000
1225,505,515.34,530.83,192.27,123.01,1,1,1.000000
1225,361,333.61,391.12,187.48,108.10,1,1,1.000000
1225,472,2.86,290.39,316.00,110.41,1,1,1.000000
1225,500,211.96,164.01,230.92,99.55,1,1,1.000000
1225,280,130.51,578.91,130.19,139.88,1,1,1.000000
1225,463,239.54,252.42,221.41,57.80,1,1,1.000000
1225,148,837.13,81.68,97.63,78.14,1,1,1.000000
1226,162,724.86,30.11,266.42,87.70,1,1,1.000000
1226,249,643.86,73.86,241.24,145.85,1,1,1.000000
1226,143,287.99,43.43,365.55,152.19,1,1,1.000000
1226,281,712.93,523.22,561.19,142.75,1,1,1.000000
1226,196,502.23,179.17,294.39,96.15,1,1,1.000000
1226,124,774.91,223.45,229.66,107.05,1,1,1.000000
1226,392,473.68,257.53,318.30,132.51,1,1,1.000000
1226,335,330.54,497.46,98.19,221.28,1,1,1.000000
1226,250,803.71,354.90,315.97,144.50,1,1,1.000000
1226,164,504.27,647.54,457.43,71.96,1,1,1.000000
1226,383,8.30,337.91,412.14,150.84,1,1,1.000000
1226,313,1.35,511.95,162.93,100.31,1,1,1.000000
1226,292,472.80,379.80,364.02,158.05,1,1,1.000000
1226,314,1.26,197.90,309.52,127.78,1,1,1.000000
1226,51,1118.92,659.06,160.17,59.02,1,1,1.000000
1226,487,3.27,122.68,251.16,96.13,1,1,1.000000
1226,375,662.22,328.60,161.62,50.76,1,1,1.000000
1226,45,9.14,577.42,228.10,140.73,1,1,1.000000
1226,504,243.43,480.36,98.03,234.69,1,1,1.000000
1226,360,715.54,466.59,306.12,97.12,1,1,1.000000
1226,509,812.32,282.98,113.85,54.65,1,1,1.000000
1226,503,1.18,445.06,124.62,81.84,1,1,1.000000
1226,520,433.70,525.64,66.98,190.55,1,1,1.000000
1226,505,507.50,527.94,194.30,133.96,1,1,1.000000
1226,361,385.40,396.50,139.64,105.85,1,1,1.000000
1226,472,81.58,289.06,231.68,77.56,1,1,1.000000
1226,500,308.61,152.81,198.06,93.04,1,1,1.000000
1226,280,126.52,588.44,132.49,130.29,1,1,1.000000
1226,463,250.07,254.30,187.77,53.98,1,1,1.000000
1226,148,846.66,86.61,82.62,69.43,1,1,1.000000
1226,70,1012.81,364.00,267.13,142.85,1,1,1.000000
1226,501,0.20,632.21,54.38,85.94,1,1,1.000000
1226,265,872.25,648.34,184.69,70.47,1,1,1.000000
1226,371,272.04,297.74,196.46,125.18,1,1,1.000000
1227,162,724.86,30.11,266.42,87.70,1,1,1.000000
1227,249,643.86,73.86,241.24,145.85,1,1,1.000000
1227,143,287.99,43.43,365.55,152.19,1,1,1.000000
1227,281,712.93,523.22,561.19,142.75,1,1,1.000000
1227,196,502.23,179.17,294.39,96.15,1,1,1.000000
1227,124,774.91,223.45,229.66,107.05,1,1,1.000000
1227,392,473.68,257.53,318.30,132.51,1,1,1.000000
1227,335,330.54,497.46,98.19,221.28,1,1,1.000000
1227,250,803.71,354.90,315.97,144.50,1,1,1.000000
1227,164,504.27,647.54,457.43,71.96,1,1,1.000000
1227,383,8.30,337.91,412.14,150.84,1,1,1.000000
1227,313,1.35,511.95,162.93,100.31,1,1,1.000000
1227,292,472.80,379.80,364.02,158.05,1,1,1.000000
1227,314,1.26,197.90,309.52,127.78,1,1,1.000000
1227,51,1118.92,659.06,160.17,59.02,1,1,1.000000
1227,487,3.27,122.68,251.16,96.13,1,1,1.000000
1227,375,662.22,328.60,161.62,50.76,1,1,1.000000
1227,45,9.14,577.42,228.10,140.73,1,1,1.000000
1227,504,243.43,480.36,98.03,234.69,1,1,1.000000
1227,360,715.54,466.59,306.12,97.12,1,1,1.000000
1227,509,812.32,282.98,113.85,54.65,1,1,1.000000
1227,503,1.18,445.06,124.62,81.84,1,1,1.000000
1227,520,433.70,525.64,66.98,190.55,1,1,1.000000
1227,505,507.50,527.94,194.30,133.96,1,1,1.000000
1227,361,385.40,396.50,139.64,105.85,1,1,1.000000
1227,472,81.58,289.06,231.68,77.56,1,1,1.000000
1227,500,308.61,152.81,198.06,93.04,1,1,1.000000
1227,280,126.52,588.44,132.49,130.29,1,1,1.000000
1227,463,250.07,254.30,187.77,53.98,1,1,1.000000
1227,148,846.66,86.61,82.62,69.43,1,1,1.000000
1227,527,483.72,641.69,227.39,77.16,1,1,1.000000
1227,528,507.98,578.01,158.78,87.03,1,1,1.000000
1227,529,10.31,295.26,298.40,68.27,1,1,1.000000
1227,530,386.75,238.16,124.88,53.15,1,1,1.000000
1227,70,1012.81,364.00,267.13,142.85,1,1,1.000000
1227,501,0.20,632.21,54.38,85.94,1,1,1.000000
1227,265,872.25,648.34,184.69,70.47,1,1,1.000000
1227,371,272.04,297.74,196.46,125.18,1,1,1.000000
1227,423,1.46,1.49,232.97,118.83,1,1,1.000000
1228,162,724.58,34.95,263.72,82.73,1,1,1.000000
1228,249,721.44,118.47,164.43,101.71,1,1,1.000000
1228,143,316.52,35.11,352.67,151.12,1,1,1.000000
1228,281,772.91,522.90,503.40,146.81,1,1,1.000000
1228,196,537.81,168.38,306.75,122.71,1,1,1.000000
1228,124,809.18,224.97,180.83,100.20,1,1,1.000000
1228,392,470.92,258.54,324.96,129.05,1,1,1.000000
1228,335,269.05,501.53,154.70,214.52,1,1,1.000000
1228,164,674.47,654.31,216.50,64.73,1,1,1.000000
1228,383,3.45,323.25,427.60,166.59,1,1,1.000000
1228,313,1.94,513.08,170.02,94.59,1,1,1.000000
1228,292,480.35,377.34,310.01,99.29,1,1,1.000000
1228,314,0.18,195.61,324.21,132.73,1,1,1.000000
1228,51,1096.99,658.27,183.40,59.54,1,1,1.000000
1228,487,1.06,127.06,286.34,89.87,1,1,1.000000
1228,375,678.34,321.72,167.58,60.39,1,1,1.000000
1228,45,25.79,588.13,143.27,129.56,1,1,1.000000
1228,504,134.26,430.96,211.35,275.76,1,1,1.000000
1228,360,743.35,475.73,277.56,87.39,1,1,1.000000
1228,509,809.19,284.22,114.09,57.02,1,1,1.000000
1228,503,0.86,441.87,142.03,87.42,1,1,1.000000
1228,505,432.90,514.46,223.26,163.62,1,1,1.000000
1228,361,398.78,404.92,124.80,97.97,1,1,1.000000
1228,472,99.77,287.32,211.87,81.57,1,1,1.000000
1228,280,110.64,583.31,155.21,136.02,1,1,1.000000
1228,527,498.85,615.36,324.11,102.74,1,1,1.000000
1228,528,451.08,587.07,163.08,88.38,1,1,1.000000
1228,530,396.13,229.02,122.78,59.04,1,1,1.000000
1228,70,1041.63,378.21,236.77,127.23,1,1,1.000000
1228,501,0.52,634.85,55.17,84.75,1,1,1.000000
1228,265,930.42,642.50,136.42,75.34,1,1,1.000000
1228,371,269.41,296.85,202.02,118.56,1,1,1.000000
1228,146,664.65,641.51,353.71,76.53,1,1,1.000000
1228,163,1.02,1.25,340.57,108.80,1,1,1.000000
1228,368,638.11,76.76,93.77,82.19,1,1,1.000000
1228,511,664.52,503.42,140.50,109.97,1,1,1.000000
1228,421,803.97,353.45,194.35,69.40,1,1,1.000000
1228,358,761.37,406.62,387.92,90.29,1,1,1.000000
1228,442,1.33,68.64,140.00,75.26,1,1,1.000000
1229,162,731.25,37.31,249.00,74.59,1,1,1.000000
1229,249,708.93,102.08,176.58,115.74,1,1,1.000000
1229,143,327.50,33.35,346.25,143.46,1,1,1.000000
1229,281,781.86,523.90,493.55,145.11,1,1,1.000000
1229,196,524.77,176.76,304.84,106.71,1,1,1.000000
1229,124,527.22,180.56,463.67,145.78,1,1,1.000000
1229,392,470.53,257.54,333.62,140.92,1,1,1.000000
1229,335,309.26,511.38,119.88,203.68,1,1,1.000000
1229,383,16.30,339.38,488.58,154.11,1,1,1.000000
1229,313,3.48,514.12,176.88,102.16,1,1,1.000000
1229,292,558.57,379.70,235.14,95.85,1,1,1.000000
1229,314,1.35,190.37,328.51,130.50,1,1,1.000000
1229,51,1096.79,654.34,182.71,63.60,1,1,1.000000
1229,487,2.05,119.00,283.55,98.86,1,1,1.000000
1229,375,667.17,322.03,174.44,62.91,1,1,1.000000
1229,45,25.86,592.82,142.23,125.74,1,1,1.000000
1229,504,118.04,429.86,221.87,281.03,1,1,1.000000
1229,360,718.65,479.74,315.39,80.29,1,1,1.000000
1229,509,799.61,285.34,115.95,59.18,1,1,1.000000
1229,503,1.30,442.28,155.80,89.23,1,1,1.000000
1229,505,437.06,515.05,279.68,192.39,1,1,1.000000
1229,361,254.92,308.11,277.42,197.27,1,1,1.000000
1229,280,103.71,543.96,179.39,174.30,1,1,1.000000
1229,527,527.84,645.87,368.12,72.74,1,1,1.000000
1229,528,436.59,565.05,208.33,125.28,1,1,1.000000
1229,530,388.23,230.00,123.53,57.46,1,1,1.000000
1229,70,1074.45,386.51,203.58,104.18,1,1,1.000000
1229,371,256.61,296.43,217.75,130.06,1,1,1.000000
1229,146,796.33,628.29,226.66,90.45,1,1,1.000000
1229,368,626.71,88.18,96.01,94.74,1,1,1.000000
1229,421,795.26,361.53,192.32,61.18,1,1,1.000000
1229,358,753.17,410.35,386.88,84.66,1,1,1.000000
1229,442,1.43,63.32,151.53,80.98,1,1,1.000000
1229,471,547.81,419.44,181.17,107.37,1,1,1.000000
1229,340,380.11,127.37,200.87,64.04,1,1,1.000000
1229,469,463.74,264.23,142.54,69.86,1,1,1.000000
1229,342,447.89,514.60,268.38,109.56,1,1,1.000000
1230,162,710.29,37.44,266.67,81.46,1,1,1.000000
1230,249,723.60,109.97,163.25,109.25,1,1,1.000000
1230,143,347.78,32.06,337.31,111.47,1,1,1.000000
1230,281,784.61,516.51,491.44,156.38,1,1,1.000000
1230,196,599.77,180.91,217.68,80.61,1,1,1.000000
1230,124,765.31,225.65,212.38,99.62,1,1,1.000000
1230,392,468.80,257.67,348.76,136.67,1,1,1.000000
1230,335,302.24,517.68,124.50,200.20,1,1,1.000000
1230,383,104.77,338.32,426.29,164.27,1,1,1.000000
1230,313,2.42,516.52,190.08,99.33,1,1,1.000000
1230,314,2.06,188.50,325.37,138.05,1,1,1.000000
1230,51,1110.59,652.93,168.56,65.25,1,1,1.000000
1230,487,1.40,125.61,281.02,86.60,1,1,1.000000
1230,375,675.83,322.21,174.35,65.49,1,1,1.000000
1230,45,19.26,609.37,97.33,109.96,1,1,1.000000
1230,360,746.05,480.67,295.92,82.19,1,1,1.000000
1230,509,795.67,285.63,114.16,62.29,1,1,1.000000
1230,503,1.04,441.80,163.48,90.71,1,1,1.000000
1230,505,435.61,505.57,201.10,206.50,1,1,1.000000
1230,280,104.87,599.03,142.09,119.43,1,1,1.000000
1230,527,596.21,643.99,294.31,74.17,1,1,1.000000
1230,70,1124.82,379.56,154.10,96.69,1,1,1.000000
1230,371,277.17,300.98,198.69,115.01,1,1,1.000000
1230,146,821.41,618.84,235.30,98.95,1,1,1.000000
1230,368,636.76,86.38,89.20,79.11,1,1,1.000000
1230,421,795.77,359.33,184.78,64.43,1,1,1.000000
1230,358,799.77,401.13,354.02,99.98,1,1,1.000000
1230,442,1.60,55.19,191.56,87.98,1,1,1.000000
1230,471,509.51,383.37,242.61,144.52,1,1,1.000000
1230,340,358.30,125.45,217.40,65.42,1,1,1.000000
1230,469,476.91,262.75,143.17,59.23,1,1,1.000000
1230,342,443.29,507.03,192.64,98.43,1,1,1.000000
1230,135,3.44,318.63,149.73,99.63,1,1,1.000000
1230,330,217.26,64.40,156.08,79.43,1,1,1.000000
1230,465,286.24,659.74,80.17,59.78,1,1,1.000000
1230,520,432.01,518.25,97.06,199.06,1,1,1.000000
1230,500,216.29,167.33,302.27,123.26,1,1,1.000000
1230,163,1.20,2.59,214.75,76.59,1,1,1.000000
1231,162,710.29,37.44,266.67,81.46,1,1,1.000000
1231,249,723.60,109.97,163.25,109.25,1,1,1.000000
1231,143,347.78,32.06,337.31,111.47,1,1,1.000000
1231,281,784.61,516.51,491.44,156.38,1,1,1.000000
1231,196,599.77,180.91,217.68,80.61,1,1,1.000000
1231,124,765.31,225.65,212.38,99.62,1,1,1.000000
1231,392,468.80,257.67,348.76,136.67,1,1,1.000000
1231,335,302.24,517.68,124.50,200.20,1,1,1.000000
1231,383,104.77,338.32,426.29,164.27,1,1,1.000000
1231,313,2.42,516.52,190.08,99.33,1,1,1.000000
1231,314,2.06,188.50,325.37,138.05,1,1,1.000000
1231,51,1110.59,652.93,168.56,65.25,1,1,1.000000
1231,487,1.40,125.61,281.02,86.60,1,1,1.000000
1231,375,675.83,322.21,174.35,65.49,1,1,1.000000
1231,45,19.26,609.37,97.33,109.96,1,1,1.000000
1231,360,746.05,480.67,295.92,82.19,1,1,1.000000
1231,509,795.67,285.63,114.16,62.29,1,1,1.000000
1231,503,1.04,441.80,163.48,90.71,1,1,1.000000
1231,505,435.61,505.57,201.10,206.50,1,1,1.000000
1231,280,104.87,599.03,142.09,119.43,1,1,1.000000
1231,527,596.21,643.99,294.31,74.17,1,1,1.000000
1231,70,1124.82,379.56,154.10,96.69,1,1,1.000000
1231,371,277.17,300.98,198.69,115.01,1,1,1.000000
1231,146,821.41,618.84,235.30,98.95,1,1,1.000000
1231,368,636.76,86.38,89.20,79.11,1,1,1.000000
1231,421,795.77,359.33,184.78,64.43,1,1,1.000000
1231,358,799.77,401.13,354.02,99.98,1,1,1.000000
1231,442,1.60,55.19,191.56,87.98,1,1,1.000000
1231,471,509.51,383.37,242.61,144.52,1,1,1.000000
1231,340,358.30,125.45,217.40,65.42,1,1,1.000000
1231,469,476.91,262.75,143.17,59.23,1,1,1.000000
1231,342,443.29,507.03,192.64,98.43,1,1,1.000000
1231,544,482.34,379.31,125.92,89.99,1,1,1.000000
1231,545,524.40,629.28,167.05,88.87,1,1,1.000000
1231,546,231.45,665.94,65.58,53.23,1,1,1.000000
1231,547,1039.93,588.83,240.35,82.95,1,1,1.000000
1231,548,632.54,528.38,183.08,98.87,1,1,1.000000
1231,549,225.63,501.43,116.59,207.70,1,1,1.000000
1231,550,17.09,315.54,135.89,44.24,1,1,1.000000
1231,135,3.44,318.63,149.73,99.63,1,1,1.000000
1231,330,217.26,64.40,156.08,79.43,1,1,1.000000
1231,465,286.24,659.74,80.17,59.78,1,1,1.000000
1231,520,432.01,518.25,97.06,199.06,1,1,1.000000
1231,500,216.29,167.33,302.27,123.26,1,1,1.000000
1231,163,1.20,2.59,214.75,76.59,1,1,1.000000
1232,162,668.41,45.39,250.71,68.05,1,1,1.000000
1232,249,711.83,119.98,127.69,96.89,1,1,1.000000
1232,143,400.74,27.40,274.78,88.92,1,1,1.000000
1232,281,976.13,585.04,298.96,132.00,1,1,1.000000
1232,196,565.00,163.24,251.96,86.98,1,1,1.000000
1232,124,773.82,228.88,155.95,69.53,1,1,1.000000
1232,392,469.43,254.14,327.88,113.68,1,1,1.000000
1232,335,247.10,521.89,160.76,195.38,1,1,1.000000
1232,383,5.59,313.09,440.51,158.46,1,1,1.000000
1232,313,0.78,529.39,162.55,101.58,1,1,1.000000
1232,314,1.99,178.27,300.62,104.76,1,1,1.000000
1232,51,1110.65,622.29,170.00,96.38,1,1,1.000000
1232,375,644.90,304.88,186.72,82.11,1,1,1.000000
1232,45,1.11,602.58,173.87,115.58,1,1,1.000000
1232,503,0.52,453.20,135.47,86.08,1,1,1.000000
1232,280,145.05,534.20,102.32,182.59,1,1,1.000000
1232,527,616.99,615.99,255.81,102.03,1,1,1.000000
1232,70,1140.10,349.56,138.64,90.78,1,1,1.000000
1232,371,64.46,278.29,401.09,139.48,1,1,1.000000
1232,146,835.85,588.67,190.54,128.76,1,1,1.000000
1232,442,13.92,2.53,368.93,142.77,1,1,1.000000
1232,471,353.09,377.27,396.33,155.47,1,1,1.000000
1232,340,353.21,110.18,178.71,71.47,1,1,1.000000
1232,342,403.76,514.71,248.46,79.58,1,1,1.000000
1232,545,506.12,647.19,204.92,71.68,1,1,1.000000
1232,547,1021.16,560.70,254.13,95.23,1,1,1.000000
1232,548,581.70,514.09,200.67,115.22,1,1,1.000000
1232,163,3.08,5.46,236.35,134.06,1,1,1.000000
1232,78,747.60,472.56,524.75,123.88,1,1,1.000000
1232,315,305.27,38.82,127.87,78.02,1,1,1.000000
1232,432,2.25,392.25,225.30,79.73,1,1,1.000000
1232,250,744.50,370.47,381.13,118.81,1,1,1.000000
1232,463,196.45,246.59,222.76,61.12,1,1,1.000000
1232,265,971.67,592.89,216.82,120.81,1,1,1.000000
1232,511,643.28,440.64,130.44,134.41,1,1,1.000000
1232,504,140.42,459.27,259.03,88.81,1,1,1.000000
1232,528,403.49,576.05,164.20,82.92,1,1,1.000000
1233,162,668.41,45.39,250.71,68.05,1,1,1.000000
1233,249,711.83,119.98,127.69,96.89,1,1,1.000000
1233,143,400.74,27.40,274.78,88.92,1,1,1.000000
1233,281,976.13,585.04,298.96,132.00,1,1,1.000000
1233,196,565.00,163.24,251.96,86.98,1,1,1.000000
1233,124,773.82,228.88,155.95,69.53,1,1,1.000000
1233,392,469.43,254.14,327.88,113.68,1,1,1.000000
1233,335,247.10,521.89,160.76,195.38,1,1,1.000000
1233,383,5.59,313.09,440.51,158.46,1,1,1.000000
1233,313,0.78,529.39,162.55,101.58,1,1,1.000000
1233,314,1.99,178.27,300.62,104.76,1,1,1.000000
1233,51,1110.65,622.29,170.00,96.38,1,1,1.000000
1233,375,644.90,304.88,186.72,82.11,1,1,1.000000
1233,45,1.11,602.58,173.87,115.58,1,1,1.000000
1233,503,0.52,453.20,135.47,86.08,1,1,1.000000
1233,280,145.05,534.20,102.32,182.59,1,1,1.000000
1233,527,616.99,615.99,255.81,102.03,1,1,1.000000
1233,70,1140.10,349.56,138.64,90.78,1,1,1.000000
1233,371,64.46,278.29,401.09,139.48,1,1,1.000000
1233,146,835.85,588.67,190.54,128.76,1,1,1.000000
1233,442,13.92,2.53,368.93,142.77,1,1,1.000000
1233,471,353.09,377.27,396.33,155.47,1,1,1.000000
1233,340,353.21,110.18,178.71,71.47,1,1,1.000000
1233,342,403.76,514.71,248.46,79.58,1,1,1.000000
1233,545,506.12,647.19,204.92,71.68,1,1,1.000000
1233,547,1021.16,560.70,254.13,95.23,1,1,1.000000
1233,548,581.70,514.09,200.67,115.22,1,1,1.000000
1233,163,3.08,5.46,236.35,134.06,1,1,1.000000
1233,553,565.76,161.75,367.62,136.09,1,1,1.000000
1233,554,718.59,158.31,116.69,58.56,1,1,1.000000
1233,555,386.44,670.58,93.92,48.46,1,1,1.000000
1233,556,492.76,249.27,302.91,60.00,1,1,1.000000
1233,557,836.22,595.66,146.61,75.24,1,1,1.000000
1233,78,747.60,472.56,524.75,123.88,1,1,1.000000
1233,315,305.27,38.82,127.87,78.02,1,1,1.000000
1233,432,2.25,392.25,225.30,79.73,1,1,1.000000
1233,250,744.50,370.47,381.13,118.81,1,1,1.000000
1233,463,196.45,246.59,222.76,61.12,1,1,1.000000
1233,265,971.67,592.89,216.82,120.81,1,1,1.000000
1233,511,643.28,440.64,130.44,134.41,1,1,1.000000
1233,504,140.42,459.27,259.03,88.81,1,1,1.000000
1233,528,403.49,576.05,164.20,82.92,1,1,1.000000
1234,162,639.01,35.65,238.48,78.92,1,1,1.000000
1234,143,293.69,11.40,368.47,102.39,1,1,1.000000
1234,281,946.16,600.62,331.68,117.02,1,1,1.000000
1234,196,552.51,159.48,233.70,81.06,1,1,1.000000
1234,124,757.37,224.42,133.71,65.02,1,1,1.000000
1234,392,432.47,246.55,341.82,96.55,1,1,1.000000
1234,383,13.66,334.52,432.88,132.98,1,1,1.000000
1234,313,0.55,538.83,133.64,85.94,1,1,1.000000
1234,314,0.95,171.67,270.19,111.16,1,1,1.000000
1234,375,636.30,322.93,158.26,59.73,1,1,1.000000
1234,503,0.59,464.88,98.29,76.16,1,1,1.000000
1234,280,66.27,542.51,134.08,174.79,1,1,1.000000
1234,527,548.38,566.24,303.76,151.67,1,1,1.000000
1234,70,1127.06,339.28,152.25,103.92,1,1,1.000000
1234,371,13.34,272.70,453.20,137.99,1,1,1.000000
1234,146,782.07,590.30,237.01,128.29,1,1,1.000000
1234,442,0.00,11.59,394.32,213.21,1,1,1.000000
1234,471,244.01,370.87,469.91,159.95,1,1,1.000000
1234,545,466.58,646.94,250.75,71.36,1,1,1.000000
1234,547,922.25,545.84,359.50,107.06,1,1,1.000000
1234,553,513.56,156.57,376.90,133.76,1,1,1.000000
1234,554,694.17,153.77,108.92,57.69,1,1,1.000000
1234,555,344.88,671.75,116.27,47.62,1,1,1.000000
1234,557,813.60,583.85,135.53,71.61,1,1,1.000000
1234,78,800.38,466.64,478.13,185.99,1,1,1.000000
1234,315,165.62,44.82,327.77,136.24,1,1,1.000000
1234,432,2.69,409.01,212.84,73.55,1,1,1.000000
1234,250,704.35,369.88,391.87,116.98,1,1,1.000000
1234,511,624.77,465.10,152.17,110.60,1,1,1.000000
1234,528,357.53,573.30,193.51,90.06,1,1,1.000000
1234,487,2.94,112.72,370.91,112.20,1,1,1.000000
1234,360,761.44,501.80,110.64,98.81,1,1,1.000000
1234,505,356.03,573.12,352.97,142.77,1,1,1.000000
1234,549,186.89,525.71,187.12,193.49,1,1,1.000000
1234,500,258.10,230.19,274.91,85.31,1,1,1.000000
1235,162,617.66,32.54,208.58,65.48,1,1,1.000000
1235,143,210.53,1.02,458.17,107.11,1,1,1.000000
1235,196,501.12,156.95,261.27,76.65,1,1,1.000000
1235,383,4.51,368.25,404.04,116.87,1,1,1.000000
1235,313,0.86,547.78,99.22,75.14,1,1,1.000000
1235,314,1.02,164.74,227.55,105.09,1,1,1.000000
1235,375,571.67,283.70,193.40,92.90,1,1,1.000000
1235,503,2.95,444.93,261.54,108.02,1,1,1.000000
1235,527,526.06,549.78,333.00,169.22,1,1,1.000000
1235,70,1102.79,334.13,175.81,134.05,1,1,1.000000
1235,371,1.84,271.60,385.55,101.50,1,1,1.000000
1235,442,2.13,4.25,510.29,170.66,1,1,1.000000
1235,471,299.94,370.13,391.31,179.59,1,1,1.000000
1235,553,597.83,216.08,261.72,69.66,1,1,1.000000
1235,78,789.54,465.46,481.86,183.48,1,1,1.000000
1235,250,679.44,371.90,376.49,107.85,1,1,1.000000
1235,511,587.03,479.51,182.12,92.20,1,1,1.000000
1235,528,308.10,565.33,222.37,96.18,1,1,1.000000
1235,505,312.07,642.94,371.52,74.33,1,1,1.000000
1235,549,127.76,555.47,188.26,161.80,1,1,1.000000
1235,500,152.08,180.38,392.42,132.67,1,1,1.000000
1235,267,531.21,549.29,468.49,169.74,1,1,1.000000
1235,529,2.59,270.96,246.03,93.01,1,1,1.000000
1235,135,1.28,335.70,179.46,53.20,1,1,1.000000
1235,45,0.71,562.51,132.67,155.67,1,1,1.000000
1235,265,785.59,514.69,494.05,203.86,1,1,1.000000
1236,162,617.66,32.54,208.58,65.48,1,1,1.000000
1236,143,210.53,1.02,458.17,107.11,1,1,1.000000
1236,196,501.12,156.95,261.27,76.65,1,1,1.000000
1236,383,4.51,368.25,404.04,116.87,1,1,1.000000
1236,313,0.86,547.78,99.22,75.14,1,1,1.000000
1236,314,1.02,164.74,227.55,105.09,1,1,1.000000
1236,375,571.67,283.70,193.40,92.90,1,1,1.000000
1236,503,2.95,444.93,261.54,108.02,1,1,1.000000
1236,527,531.21,549.29,468.49,169.74,1,1,1.000000
1236,70,1102.79,334.13,175.81,134.05,1,1,1.000000
1236,371,1.84,271.60,385.55,101.50,1,1,1.000000
1236,442,2.13,4.25,510.29,170.66,1,1,1.000000
1236,471,299.94,370.13,391.31,179.59,1,1,1.000000
1236,553,597.83,216.08,261.72,69.66,1,1,1.000000
1236,78,789.54,465.46,481.86,183.48,1,1,1.000000
1236,250,679.44,371.90,376.49,107.85,1,1,1.000000
1236,511,587.03,479.51,182.12,92.20,1,1,1.000000
1236,528,308.10,565.33,222.37,96.18,1,1,1.000000
1236,505,312.07,642.94,371.52,74.33,1,1,1.000000
1236,549,127.76,555.47,188.26,161.80,1,1,1.000000
1236,500,152.08,180.38,392.42,132.67,1,1,1.000000
1236,566,301.12,494.57,289.07,64.03,1,1,1.000000
1236,567,300.24,491.19,394.19,92.84,1,1,1.000000
1236,568,2.39,274.31,416.14,213.81,1,1,1.000000
1236,569,172.34,178.67,401.96,130.68,1,1,1.000000
1236,267,526.06,549.78,333.00,169.22,1,1,1.000000
1236,529,2.59,270.96,246.03,93.01,1,1,1.000000
1236,135,1.28,335.70,179.46,53.20,1,1,1.000000
1236,45,0.71,562.51,132.67,155.67,1,1,1.000000
1236,265,785.59,514.69,494.05,203.86,1,1,1.000000
1237,162,535.44,26.60,187.67,64.46,1,1,1.000000
1237,143,102.40,1.47,461.49,98.50,1,1,1.000000
1237,196,411.04,140.68,280.35,91.54,1,1,1.000000
1237,383,1.67,371.40,293.58,147.18,1,1,1.000000
1237,314,0.62,174.30,123.41,70.90,1,1,1.000000
1237,375,475.58,291.84,230.06,94.30,1,1,1.000000
1237,527,493.97,555.97,461.80,161.15,1,1,1.000000
1237,70,1042.00,330.63,237.27,160.00,1,1,1.000000
1237,371,3.24,281.81,233.18,106.80,1,1,1.000000
1237,442,0.59,7.73,412.10,162.18,1,1,1.000000
1237,471,307.91,380.40,323.49,94.55,1,1,1.000000
1237,78,732.31,446.98,545.15,167.62,1,1,1.000000
1237,549,126.84,596.38,232.90,119.76,1,1,1.000000
1237,567,336.02,505.24,198.84,111.72,1,1,1.000000
1237,529,3.24,226.38,259.77,88.45,1,1,1.000000
1237,45,0.67,538.72,166.17,178.98,1,1,1.000000
1237,407,616.65,377.46,352.97,85.36,1,1,1.000000
1237,381,578.78,525.70,176.57,88.18,1,1,1.000000
1237,335,219.74,622.25,435.49,94.44,1,1,1.000000
1237,51,1134.67,605.25,144.23,110.28,1,1,1.000000
1237,556,544.65,217.54,203.48,85.06,1,1,1.000000
1237,463,226.93,239.70,156.68,69.40,1,1,1.000000
1237,281,978.35,613.23,207.74,105.85,1,1,1.000000
1237,392,341.76,242.56,298.19,102.52,1,1,1.000000
1237,146,742.06,524.48,291.14,132.51,1,1,1.000000
1237,487,1.57,81.12,396.32,163.71,1,1,1.000000
1238,162,535.44,26.60,187.67,64.46,1,1,1.000000
1238,143,102.40,1.47,461.49,98.50,1,1,1.000000
1238,196,411.04,140.68,280.35,91.54,1,1,1.000000
1238,383,1.67,371.40,293.58,147.18,1,1,1.000000
1238,314,0.62,174.30,123.41,70.90,1,1,1.000000
1238,375,475.58,291.84,230.06,94.30,1,1,1.000000
1238,527,493.97,555.97,461.80,161.15,1,1,1.000000
1238,70,1042.00,330.63,237.27,160.00,1,1,1.000000
1238,371,3.24,281.81,233.18,106.80,1,1,1.000000
1238,442,0.59,7.73,412.10,162.18,1,1,1.000000
1238,471,307.91,380.40,323.49,94.55,1,1,1.000000
1238,78,732.31,446.98,545.15,167.62,1,1,1.000000
1238,549,126.84,596.38,232.90,119.76,1,1,1.000000
1238,567,125.41,422.15,391.62,226.68,1,1,1.000000
1238,529,3.24,226.38,259.77,88.45,1,1,1.000000
1238,45,0.67,538.72,166.17,178.98,1,1,1.000000
1238,575,1196.06,59.84,83.22,81.47,1,1,1.000000
1238,576,125.99,425.10,389.63,218.72,1,1,1.000000
1238,577,1.37,233.43,383.90,77.29,1,1,1.000000
1238,578,170.11,358.45,229.86,64.83,1,1,1.000000
1238,579,261.50,305.23,208.47,64.34,1,1,1.000000
1238,580,798.43,531.87,245.12,78.47,1,1,1.000000
1238,407,616.65,377.46,352.97,85.36,1,1,1.000000
1238,381,578.78,525.70,176.57,88.18,1,1,1.000000
1238,335,219.74,622.25,435.49,94.44,1,1,1.000000
1238,51,1134.67,605.25,144.23,110.28,1,1,1.000000
1238,556,544.65,217.54,203.48,85.06,1,1,1.000000
1238,463,226.93,239.70,156.68,69.40,1,1,1.000000
1238,281,978.35,613.23,207.74,105.85,1,1,1.000000
1238,392,341.76,242.56,298.19,102.52,1,1,1.000000
1238,146,742.06,524.48,291.14,132.51,1,1,1.000000
1238,487,1.57,81.12,396.32,163.71,1,1,1.000000
1238,566,336.02,505.24,198.84,111.72,1,1,1.000000
1239,162,489.70,29.26,192.32,56.00,1,1,1.000000
1239,143,53.99,1.11,467.27,91.53,1,1,1.000000
1239,196,408.00,150.17,264.00,83.49,1,1,1.000000
1239,383,3.21,365.23,286.10,124.19,1,1,1.000000
1239,314,0.73,180.85,74.20,58.80,1,1,1.000000
1239,375,463.08,304.43,204.23,72.12,1,1,1.000000
1239,527,468.49,574.48,453.99,141.17,1,1,1.000000
1239,70,1028.20,341.47,251.38,150.12,1,1,1.000000
1239,371,2.91,302.97,223.80,88.31,1,1,1.000000
1239,471,280.92,366.64,314.84,99.52,1,1,1.000000
1239,78,755.34,467.42,520.31,130.23,1,1,1.000000
1239,529,1.84,224.68,238.62,92.81,1,1,1.000000
1239,45,0.51,522.45,158.05,192.67,1,1,1.000000
1239,575,1151.63,64.10,127.19,139.65,1,1,1.000000
1239,576,57.67,443.69,414.71,252.56,1,1,1.000000
1239,578,141.17,360.77,207.67,74.39,1,1,1.000000
1239,579,267.58,258.08,270.98,99.33,1,1,1.000000
1239,407,594.95,378.40,346.82,84.59,1,1,1.000000
1239,335,216.93,645.76,365.09,72.30,1,1,1.000000
1239,51,1105.12,602.70,173.87,97.83,1,1,1.000000
1239,556,452.10,223.68,265.14,92.25,1,1,1.000000
1239,281,936.44,615.86,217.06,100.83,1,1,1.000000
1239,392,261.07,239.29,329.97,122.29,1,1,1.000000
1239,146,754.14,553.67,228.54,103.79,1,1,1.000000
1239,487,7.88,130.86,264.63,109.09,1,1,1.000000
1239,408,485.83,464.20,103.29,109.66,1,1,1.000000
1239,508,333.03,512.83,180.09,90.67,1,1,1.000000
1239,469,571.61,220.21,139.66,90.65,1,1,1.000000
1239,330,136.56,68.30,219.21,108.10,1,1,1.000000
1239,548,545.53,449.60,226.07,167.17,1,1,1.000000
1239,280,67.60,593.79,277.47,120.30,1,1,1.000000
1239,545,551.48,656.81,249.73,61.72,1,1,1.000000
1239,547,967.50,542.42,308.81,73.65,1,1,1.000000
1239,503,1.66,476.21,179.97,62.92,1,1,1.000000
1239,568,1.54,303.21,302.15,184.31,1,1,1.000000
1239,265,752.31,553.58,398.55,162.53,1,1,1.000000
1240,162,431.02,28.12,205.91,78.17,1,1,1.000000
1240,143,11.68,0.60,491.97,97.31,1,1,1.000000
1240,196,390.49,139.67,263.28,93.79,1,1,1.000000
1240,383,2.90,394.69,256.45,96.91,1,1,1.000000
1240,375,416.91,302.43,238.58,80.92,1,1,1.000000
1240,527,437.12,573.13,329.33,143.76,1,1,1.000000
1240,70,1022.36,355.11,258.66,139.43,1,1,1.000000
1240,371,1.99,309.13,190.92,90.02,1,1,1.000000
1240,471,267.76,375.66,290.99,205.75,1,1,1.000000
1240,78,765.42,464.14,511.14,149.59,1,1,1.000000
1240,529,2.19,222.33,216.54,90.47,1,1,1.000000
1240,575,1124.01,70.80,155.39,147.70,1,1,1.000000
1240,576,3.66,448.87,430.85,266.88,1,1,1.000000
1240,578,78.17,363.61,246.89,70.20,1,1,1.000000
1240,407,563.75,378.29,357.25,88.75,1,1,1.000000
1240,51,1062.39,590.61,216.22,123.06,1,1,1.000000
1240,281,897.01,581.92,244.06,134.95,1,1,1.000000
1240,392,254.18,220.96,419.37,150.36,1,1,1.000000
1240,487,0.38,113.94,246.06,129.71,1,1,1.000000
1240,585,1155.11,340.69,123.47,100.48,1,1,1.000000
1240,408,376.85,397.24,191.50,183.46,1,1,1.000000
1240,330,80.13,88.09,233.38,86.01,1,1,1.000000
1240,548,575.14,436.56,264.51,175.07,1,1,1.000000
1240,280,80.71,571.81,384.42,145.71,1,1,1.000000
1240,545,466.04,653.66,302.96,65.05,1,1,1.000000
1240,503,1.67,473.05,177.27,75.64,1,1,1.000000
1240,568,2.59,306.33,214.95,108.60,1,1,1.000000
1240,361,260.72,369.83,189.92,91.54,1,1,1.000000
1240,340,373.89,95.32,248.63,78.13,1,1,1.000000
1240,342,446.95,573.43,137.62,83.19,1,1,1.000000
1240,267,564.71,608.97,335.60,109.61,1,1,1.000000
1240,566,284.26,514.23,206.00,98.19,1,1,1.000000
1241,162,315.90,33.23,304.13,76.93,1,1,1.000000
1241,143,2.39,0.55,491.17,97.27,1,1,1.000000
1241,196,357.00,106.34,284.89,125.45,1,1,1.000000
1241,383,1.75,407.03,242.52,101.57,1,1,1.000000
1241,375,386.41,302.10,238.22,81.96,1,1,1.000000
1241,527,449.14,613.01,422.97,105.84,1,1,1.000000
1241,70,1030.32,376.80,249.82,126.06,1,1,1.000000
1241,78,810.03,461.63,468.08,166.91,1,1,1.000000
1241,575,1095.99,86.65,183.39,157.04,1,1,1.000000
1241,576,2.27,393.24,440.82,320.34,1,1,1.000000
1241,578,87.45,347.86,142.93,75.01,1,1,1.000000
1241,407,543.23,374.66,362.00,95.28,1,1,1.000000
1241,51,1042.74,587.31,235.21,130.21,1,1,1.000000
1241,281,905.17,595.03,199.15,124.36,1,1,1.000000
1241,392,231.38,219.60,402.22,156.84,1,1,1.000000
1241,585,1136.47,355.46,139.50,92.77,1,1,1.000000
1241,408,369.89,390.67,162.74,205.42,1,1,1.000000
1241,330,20.53,65.73,301.53,133.53,1,1,1.000000
1241,548,562.17,438.82,261.63,176.44,1,1,1.000000
1241,280,56.15,539.63,383.74,177.32,1,1,1.000000
1241,545,450.14,638.35,279.22,80.66,1,1,1.000000
1241,503,1.09,504.02,119.56,90.02,1,1,1.000000
1241,568,3.16,305.52,173.99,103.35,1,1,1.000000
1241,589,422.98,391.25,109.13,58.00,1,1,1.000000
1241,593,763.90,602.70,177.10,58.48,1,1,1.000000
1241,361,238.34,374.14,185.70,74.30,1,1,1.000000
1241,340,312.60,109.84,221.20,69.55,1,1,1.000000
1241,360,715.04,510.43,133.99,109.61,1,1,1.000000
1241,528,287.92,536.53,168.57,85.06,1,1,1.000000
1241,500,249.05,220.02,150.09,69.50,1,1,1.000000
1241,577,1.49,238.03,140.33,76.97,1,1,1.000000
1241,463,178.97,222.33,219.33,91.98,1,1,1.000000
1241,45,2.46,503.00,123.66,213.57,1,1,1.000000
1241,335,372.73,629.45,79.09,90.12,1,1,1.000000
1241,146,717.14,510.77,222.76,147.71,1,1,1.000000