24,1,2.35,0.07,133.64,37.13,1,1,1.000000
25,1,2.35,0.07,133.64,37.13,1,1,1.000000
26,1,0.06,0.32,169.13,45.25,1,1,1.000000
27,1,0.06,0.32,169.13,45.25,1,1,1.000000
27,2,0.57,70.62,80.76,83.38,1,1,1.000000
28,1,0.18,0.03,238.27,45.08,1,1,1.000000
28,2,0.50,71.31,118.92,99.30,1,1,1.000000
29,1,0.48,0.00,271.52,42.17,1,1,1.000000
29,2,0.31,68.74,151.08,118.40,1,1,1.000000
30,1,0.48,0.00,271.52,42.17,1,1,1.000000
30,2,0.31,68.74,151.08,118.40,1,1,1.000000
31,1,1.11,0.00,325.72,38.58,1,1,1.000000
31,2,0.49,67.80,186.19,130.26,1,1,1.000000
32,1,3.58,0.01,369.85,49.35,1,1,1.000000
32,2,0.00,67.94,208.36,149.15,1,1,1.000000
33,1,3.58,0.01,369.85,49.35,1,1,1.000000
33,2,0.00,67.94,208.36,149.15,1,1,1.000000
33,3,625.70,126.23,93.84,48.87,1,1,1.000000
34,1,15.82,0.54,391.61,56.89,1,1,1.000000
34,2,0.00,70.27,244.08,149.88,1,1,1.000000
35,1,78.63,0.30,366.23,47.24,1,1,1.000000
35,2,0.00,69.60,265.74,150.30,1,1,1.000000
36,1,102.18,0.64,367.22,42.87,1,1,1.000000
36,2,0.00,67.27,284.01,165.37,1,1,1.000000
37,1,102.18,0.64,367.22,42.87,1,1,1.000000
37,2,0.00,67.27,284.01,165.37,1,1,1.000000
38,2,0.00,65.90,305.05,156.31,1,1,1.000000
39,2,0.00,65.90,305.05,156.31,1,1,1.000000
40,2,0.00,62.37,323.56,153.74,1,1,1.000000
41,2,0.00,62.37,323.56,153.74,1,1,1.000000
42,2,0.00,60.47,353.91,151.88,1,1,1.000000
43,2,0.00,56.82,378.03,153.90,1,1,1.000000
44,2,0.00,56.82,378.03,153.90,1,1,1.000000
45,2,0.00,52.06,403.70,154.21,1,1,1.000000
46,2,0.00,47.06,427.23,148.94,1,1,1.000000
47,2,0.00,47.06,427.23,148.94,1,1,1.000000
48,2,0.47,44.28,458.48,143.29,1,1,1.000000
49,2,0.63,38.96,492.37,163.67,1,1,1.000000
50,2,0.63,38.96,492.37,163.67,1,1,1.000000
51,2,5.31,33.10,506.08,166.11,1,1,1.000000
52,2,14.44,26.80,519.50,166.57,1,1,1.000000
52,4,0.75,10.09,170.24,129.11,1,1,1.000000
53,2,14.44,26.80,519.50,166.57,1,1,1.000000
53,4,0.75,10.09,170.24,129.11,1,1,1.000000
54,2,12.36,19.33,558.38,171.98,1,1,1.000000
54,4,1.19,0.77,248.07,124.88,1,1,1.000000
55,2,21.84,3.19,569.12,178.79,1,1,1.000000
55,4,1.39,1.24,307.99,181.60,1,1,1.000000
56,2,21.84,3.19,569.12,178.79,1,1,1.000000
56,4,1.39,1.24,307.99,181.60,1,1,1.000000
57,2,4.43,0.43,627.19,181.57,1,1,1.000000
57,4,0.00,2.59,317.73,171.66,1,1,1.000000
58,2,4.43,0.43,627.19,181.57,1,1,1.000000
58,4,0.00,2.59,317.73,171.66,1,1,1.000000
59,2,0.00,0.05,668.39,158.16,1,1,1.000000
60,2,0.00,0.05,723.23,128.55,1,1,1.000000
61,2,0.00,0.05,723.23,128.55,1,1,1.000000
62,2,0.00,0.00,766.82,106.50,1,1,1.000000
63,2,0.00,0.00,804.32,101.81,1,1,1.000000
63,5,0.00,353.40,192.72,102.32,1,1,1.000000
64,2,5.56,0.03,823.92,93.38,1,1,1.000000
64,5,0.00,312.80,262.34,146.17,1,1,1.000000
65,2,5.56,0.03,823.92,93.38,1,1,1.000000
65,5,0.00,312.80,262.34,146.17,1,1,1.000000
66,2,123.41,0.03,753.39,91.71,1,1,1.000000
66,5,0.00,300.81,330.57,154.00,1,1,1.000000
67,2,123.41,0.03,753.39,91.71,1,1,1.000000
67,5,0.00,300.81,330.57,154.00,1,1,1.000000
68,2,214.64,0.02,670.27,87.20,1,1,1.000000
68,5,0.52,304.62,379.50,143.68,1,1,1.000000
69,2,316.54,0.00,573.35,84.65,1,1,1.000000
69,5,0.00,308.80,448.30,131.28,1,1,1.000000
69,8,0.00,196.08,203.30,127.30,1,1,1.000000
70,2,316.54,0.00,573.35,84.65,1,1,1.000000
70,5,0.00,308.80,448.30,131.28,1,1,1.000000
70,8,0.00,196.08,203.30,127.30,1,1,1.000000
70,9,0.44,17.70,117.83,99.63,1,1,1.000000
70,10,294.84,0.39,197.90,61.74,1,1,1.000000
71,2,368.08,0.00,645.90,84.19,1,1,1.000000
71,5,9.01,300.21,505.78,134.62,1,1,1.000000
71,8,0.00,189.47,272.01,119.47,1,1,1.000000
71,9,0.66,7.38,174.49,121.85,1,1,1.000000
72,2,483.78,0.03,587.36,80.84,1,1,1.000000
72,5,74.85,303.53,506.83,128.89,1,1,1.000000
72,8,0.01,178.80,328.25,144.49,1,1,1.000000
72,9,0.20,1.95,237.46,125.76,1,1,1.000000
73,2,483.78,0.03,587.36,80.84,1,1,1.000000
73,5,74.85,303.53,506.83,128.89,1,1,1.000000
73,8,0.01,178.80,328.25,144.49,1,1,1.000000
73,9,0.20,1.95,237.46,125.76,1,1,1.000000
74,2,544.64,0.03,631.75,78.16,1,1,1.000000
74,5,169.09,308.20,476.21,119.41,1,1,1.000000
74,8,0.03,169.13,408.33,140.82,1,1,1.000000
74,9,0.00,0.58,301.85,125.80,1,1,1.000000
75,2,595.28,0.00,679.30,81.76,1,1,1.000000
75,5,233.99,310.06,472.23,120.86,1,1,1.000000
75,8,0.00,167.13,487.37,138.43,1,1,1.000000
75,9,0.00,0.71,359.25,125.27,1,1,1.000000
76,2,595.28,0.00,679.30,81.76,1,1,1.000000
76,5,233.99,310.06,472.23,120.86,1,1,1.000000
76,8,0.00,167.13,487.37,138.43,1,1,1.000000
76,9,0.00,0.71,359.25,125.27,1,1,1.000000
77,2,782.97,0.00,495.01,84.44,1,1,1.000000
77,5,261.78,303.43,501.83,145.55,1,1,1.000000
77,8,1.07,164.32,525.00,141.62,1,1,1.000000
77,9,0.00,0.52,422.66,124.58,1,1,1.000000
78,2,782.97,0.00,495.01,84.44,1,1,1.000000
78,5,261.78,303.43,501.83,145.55,1,1,1.000000
78,8,1.07,164.32,525.00,141.62,1,1,1.000000
78,9,0.00,0.52,422.66,124.58,1,1,1.000000
79,2,854.87,0.00,422.19,90.40,1,1,1.000000
79,5,292.90,300.60,516.13,148.20,1,1,1.000000
79,8,1.46,168.15,573.98,134.85,1,1,1.000000
79,9,0.89,0.33,467.07,124.22,1,1,1.000000
80,2,870.49,0.13,408.21,100.93,1,1,1.000000
80,5,320.47,304.98,542.83,167.73,1,1,1.000000
80,8,6.78,165.27,625.06,141.22,1,1,1.000000
80,9,1.47,0.23,513.91,129.32,1,1,1.000000
80,11,0.00,377.84,109.51,136.92,1,1,1.000000
81,2,870.49,0.13,408.21,100.93,1,1,1.000000
81,5,320.47,304.98,542.83,167.73,1,1,1.000000
81,8,6.78,165.27,625.06,141.22,1,1,1.000000
81,9,1.47,0.23,513.91,129.32,1,1,1.000000
81,11,0.00,377.84,109.51,136.92,1,1,1.000000
82,2,827.99,0.01,449.36,111.94,1,1,1.000000
82,5,368.47,308.43,535.48,155.96,1,1,1.000000
82,8,70.01,172.76,606.70,139.02,1,1,1.000000
82,9,1.14,0.06,540.43,136.39,1,1,1.000000
82,11,0.16,385.09,138.39,155.32,1,1,1.000000
83,2,868.52,0.00,410.67,120.99,1,1,1.000000
83,5,428.94,317.57,503.18,146.90,1,1,1.000000
83,8,116.26,177.46,580.31,142.68,1,1,1.000000
83,9,1.11,0.22,573.74,143.11,1,1,1.000000
83,11,0.00,395.62,174.51,155.96,1,1,1.000000
84,2,825.93,0.72,454.28,138.47,1,1,1.000000
84,5,470.73,324.49,490.91,141.31,1,1,1.000000
84,8,219.48,188.15,530.16,139.09,1,1,1.000000
84,9,0.00,0.32,603.60,158.00,1,1,1.000000
84,11,0.24,412.30,208.22,149.70,1,1,1.000000
85,2,825.93,0.72,454.28,138.47,1,1,1.000000
85,5,470.73,324.49,490.91,141.31,1,1,1.000000
85,8,219.48,188.15,530.16,139.09,1,1,1.000000
85,9,0.00,0.32,603.60,158.00,1,1,1.000000
85,11,0.24,412.30,208.22,149.70,1,1,1.000000
85,12,0.60,72.07,59.78,65.94,1,1,1.000000
86,2,967.84,0.13,312.19,143.49,1,1,1.000000
86,5,510.80,330.00,501.10,149.83,1,1,1.000000
86,8,228.72,185.02,541.09,147.67,1,1,1.000000
86,9,2.93,0.40,636.01,166.50,1,1,1.000000
86,11,0.09,429.74,231.50,141.95,1,1,1.000000
86,12,0.13,90.02,77.05,60.36,1,1,1.000000
87,2,967.84,0.13,312.19,143.49,1,1,1.000000
87,5,510.80,330.00,501.10,149.83,1,1,1.000000
87,8,228.72,185.02,541.09,147.67,1,1,1.000000
87,9,2.93,0.40,636.01,166.50,1,1,1.000000
87,11,0.09,429.74,231.50,141.95,1,1,1.000000
87,12,0.13,90.02,77.05,60.36,1,1,1.000000
88,2,1022.81,0.48,256.37,146.06,1,1,1.000000
88,5,543.16,336.43,514.45,154.32,1,1,1.000000
88,8,276.66,190.00,531.00,145.35,1,1,1.000000
88,9,39.18,0.55,633.46,177.24,1,1,1.000000
88,11,0.00,428.68,265.28,157.18,1,1,1.000000
88,12,0.09,78.63,95.90,73.16,1,1,1.000000
89,2,1022.81,0.48,256.37,146.06,1,1,1.000000
89,5,543.16,336.43,514.45,154.32,1,1,1.000000
89,8,276.66,190.00,531.00,145.35,1,1,1.000000
89,9,39.18,0.55,633.46,177.24,1,1,1.000000
89,11,0.00,428.68,265.28,157.18,1,1,1.000000
89,12,0.09,78.63,95.90,73.16,1,1,1.000000
90,2,1075.58,1.55,205.27,151.18,1,1,1.000000
90,5,561.21,341.35,541.89,157.53,1,1,1.000000
90,8,291.82,197.05,557.89,146.06,1,1,1.000000
90,9,61.99,0.00,645.29,189.04,1,1,1.000000
90,11,0.00,437.94,294.08,162.02,1,1,1.000000
90,12,0.59,77.85,126.15,76.19,1,1,1.000000
91,2,1110.55,6.15,169.46,139.86,1,1,1.000000
91,5,588.05,357.54,574.76,150.95,1,1,1.000000
91,8,309.97,200.71,599.49,161.12,1,1,1.000000
91,9,164.89,5.34,583.46,189.24,1,1,1.000000
91,11,0.70,441.97,330.38,173.80,1,1,1.000000
91,12,0.41,47.28,163.62,113.55,1,1,1.000000
92,2,1110.55,6.15,169.46,139.86,1,1,1.000000
92,5,588.05,357.54,574.76,150.95,1,1,1.000000
92,8,309.97,200.71,599.49,161.12,1,1,1.000000
92,9,164.89,5.34,583.46,189.24,1,1,1.000000
92,11,0.70,441.97,330.38,173.80,1,1,1.000000
92,12,0.41,47.28,163.62,113.55,1,1,1.000000
93,2,1153.67,11.68,126.46,136.89,1,1,1.000000
93,5,613.74,368.09,602.23,145.79,1,1,1.000000
93,8,381.82,205.15,576.98,158.99,1,1,1.000000
93,9,192.52,0.24,590.68,206.01,1,1,1.000000
93,11,0.86,450.85,364.56,182.78,1,1,1.000000
93,12,0.00,24.44,205.81,139.20,1,1,1.000000
94,5,680.98,366.53,565.93,149.85,1,1,1.000000
94,8,451.58,209.64,543.00,157.85,1,1,1.000000
94,9,247.25,12.78,573.50,194.71,1,1,1.000000
94,11,1.56,452.66,409.42,186.39,1,1,1.000000
94,12,0.00,23.01,247.08,144.89,1,1,1.000000
94,13,295.54,682.83,282.26,36.38,1,1,1.000000
95,5,680.98,366.53,565.93,149.85,1,1,1.000000
95,8,451.58,209.64,543.00,157.85,1,1,1.000000
95,9,247.25,12.78,573.50,194.71,1,1,1.000000
95,11,1.56,452.66,409.42,186.39,1,1,1.000000
95,12,0.00,23.01,247.08,144.89,1,1,1.000000
95,13,295.54,682.83,282.26,36.38,1,1,1.000000
96,5,720.20,361.12,558.33,152.41,1,1,1.000000
96,8,487.91,213.32,568.15,157.71,1,1,1.000000
96,9,286.05,0.61,577.30,213.10,1,1,1.000000
96,11,0.00,448.29,460.85,193.68,1,1,1.000000
96,12,0.00,14.59,286.30,157.78,1,1,1.000000
96,13,308.12,681.44,313.56,37.46,1,1,1.000000
97,5,769.01,357.06,509.96,158.71,1,1,1.000000
97,8,551.78,211.83,543.07,161.25,1,1,1.000000
97,9,319.90,1.72,585.44,211.98,1,1,1.000000
97,11,0.00,406.77,509.63,242.61,1,1,1.000000
97,12,0.00,3.92,318.15,174.57,1,1,1.000000
97,13,329.36,675.23,315.13,44.13,1,1,1.000000
98,5,769.01,357.06,509.96,158.71,1,1,1.000000
98,8,551.78,211.83,543.07,161.25,1,1,1.000000
98,9,319.90,1.72,585.44,211.98,1,1,1.000000
98,11,0.00,406.77,509.63,242.61,1,1,1.000000
98,12,0.00,3.92,318.15,174.57,1,1,1.000000
98,13,329.36,675.23,315.13,44.13,1,1,1.000000
99,5,815.94,359.11,463.09,153.79,1,1,1.000000
99,8,584.75,205.70,576.14,171.37,1,1,1.000000
99,9,355.49,14.93,590.39,200.30,1,1,1.000000
99,11,70.85,426.10,486.34,232.42,1,1,1.000000
99,12,0.00,12.87,353.13,173.08,1,1,1.000000
99,13,349.27,671.85,327.40,47.68,1,1,1.000000
100,5,873.49,368.93,405.36,137.44,1,1,1.000000
100,8,628.21,206.37,599.52,176.11,1,1,1.000000
100,9,420.71,39.99,562.42,170.71,1,1,1.000000
100,11,108.67,468.92,495.40,204.04,1,1,1.000000
100,12,0.36,26.22,383.52,169.70,1,1,1.000000
100,13,379.74,667.38,331.11,52.32,1,1,1.000000
101,5,873.49,368.93,405.36,137.44,1,1,1.000000
101,8,628.21,206.37,599.52,176.11,1,1,1.000000
101,9,420.71,39.99,562.42,170.71,1,1,1.000000
101,11,108.67,468.92,495.40,204.04,1,1,1.000000
101,12,0.36,26.22,383.52,169.70,1,1,1.000000
101,13,379.74,667.38,331.11,52.32,1,1,1.000000
102,5,908.89,371.98,370.71,124.79,1,1,1.000000
102,8,674.01,203.06,603.25,183.89,1,1,1.000000
102,9,448.22,52.21,570.25,154.39,1,1,1.000000
102,11,126.55,512.80,525.66,166.95,1,1,1.000000
102,12,0.12,42.43,411.78,164.18,1,1,1.000000
102,13,405.00,670.26,350.09,49.11,1,1,1.000000
103,5,949.22,375.99,330.93,98.73,1,1,1.000000
103,8,699.25,210.08,579.95,168.26,1,1,1.000000
103,9,494.36,47.65,543.40,152.51,1,1,1.000000
103,11,161.83,532.76,546.78,153.63,1,1,1.000000
103,12,0.09,55.54,437.20,161.78,1,1,1.000000
103,13,381.82,669.90,411.24,49.11,1,1,1.000000
104,5,949.22,375.99,330.93,98.73,1,1,1.000000
104,8,699.25,210.08,579.95,168.26,1,1,1.000000
104,9,494.36,47.65,543.40,152.51,1,1,1.000000
104,11,161.83,532.76,546.78,153.63,1,1,1.000000
104,12,0.09,55.54,437.20,161.78,1,1,1.000000
104,13,381.82,669.90,411.24,49.11,1,1,1.000000
105,5,1020.90,367.35,258.41,112.06,1,1,1.000000
105,8,739.25,212.87,538.41,159.75,1,1,1.000000
105,9,539.57,40.37,524.79,153.23,1,1,1.000000
105,11,243.15,534.78,520.10,150.18,1,1,1.000000
105,12,0.00,67.74,464.38,158.43,1,1,1.000000
105,13,402.08,672.33,447.64,46.65,1,1,1.000000
106,5,1073.89,356.16,206.97,88.35,1,1,1.000000
106,8,784.55,203.27,495.81,162.82,1,1,1.000000
106,9,581.86,37.85,513.50,148.28,1,1,1.000000
106,11,303.10,522.53,508.78,157.69,1,1,1.000000
106,12,0.00,80.14,500.06,154.28,1,1,1.000000
106,13,423.74,662.23,485.63,57.67,1,1,1.000000
107,5,1073.89,356.16,206.97,88.35,1,1,1.000000
107,8,784.55,203.27,495.81,162.82,1,1,1.000000
107,9,581.86,37.85,513.50,148.28,1,1,1.000000
107,11,303.10,522.53,508.78,157.69,1,1,1.000000
107,12,0.00,80.14,500.06,154.28,1,1,1.000000
107,13,423.74,662.23,485.63,57.67,1,1,1.000000
108,5,1088.86,341.11,191.97,98.04,1,1,1.000000
108,8,830.94,197.79,446.99,172.94,1,1,1.000000
108,9,612.99,34.56,534.05,148.83,1,1,1.000000
108,11,345.39,511.36,534.73,165.21,1,1,1.000000
108,12,0.00,85.10,524.13,155.00,1,1,1.000000
108,13,474.71,663.31,461.07,55.72,1,1,1.000000
109,5,1137.88,331.84,142.65,70.24,1,1,1.000000
109,8,869.90,181.65,409.03,160.58,1,1,1.000000
109,9,639.87,27.55,553.45,149.80,1,1,1.000000
109,11,407.38,517.03,516.79,156.08,1,1,1.000000
109,12,18.34,84.02,542.80,157.35,1,1,1.000000
109,13,514.82,660.61,474.18,59.12,1,1,1.000000
110,5,1137.88,331.84,142.65,70.24,1,1,1.000000
110,8,869.90,181.65,409.03,160.58,1,1,1.000000
110,9,639.87,27.55,553.45,149.80,1,1,1.000000
110,11,407.38,517.03,516.79,156.08,1,1,1.000000
110,12,18.34,84.02,542.80,157.35,1,1,1.000000
110,13,514.82,660.61,474.18,59.12,1,1,1.000000
111,5,1137.88,331.84,142.65,70.24,1,1,1.000000
111,8,869.90,181.65,409.03,160.58,1,1,1.000000
111,9,639.87,27.55,553.45,149.80,1,1,1.000000
111,11,407.38,517.03,516.79,156.08,1,1,1.000000
111,12,18.34,84.02,542.80,157.35,1,1,1.000000
111,13,514.82,660.61,474.18,59.12,1,1,1.000000
112,8,966.27,175.20,313.93,155.56,1,1,1.000000
112,9,721.34,9.06,555.70,156.70,1,1,1.000000
112,11,454.46,553.22,573.39,105.78,1,1,1.000000
112,12,114.71,88.09,501.13,152.62,1,1,1.000000
112,13,565.90,651.28,468.35,68.16,1,1,1.000000
113,8,966.27,175.20,313.93,155.56,1,1,1.000000
113,9,721.34,9.06,555.70,156.70,1,1,1.000000
113,11,454.46,553.22,573.39,105.78,1,1,1.000000
113,12,114.71,88.09,501.13,152.62,1,1,1.000000
113,13,565.90,651.28,468.35,68.16,1,1,1.000000
113,16,1096.86,674.40,182.71,44.63,1,1,1.000000
113,17,230.33,691.64,210.69,28.02,1,1,1.000000
114,8,999.50,166.21,280.54,137.50,1,1,1.000000
114,9,779.80,1.37,497.76,162.23,1,1,1.000000
114,11,500.35,551.10,571.12,104.68,1,1,1.000000
114,12,123.35,92.81,516.97,146.75,1,1,1.000000
114,13,603.71,647.88,452.58,71.70,1,1,1.000000
114,16,1079.35,668.59,199.67,50.44,1,1,1.000000
115,8,999.50,166.21,280.54,137.50,1,1,1.000000
115,9,779.80,1.37,497.76,162.23,1,1,1.000000
115,11,500.35,551.10,571.12,104.68,1,1,1.000000
115,12,123.35,92.81,516.97,146.75,1,1,1.000000
115,13,603.71,647.88,452.58,71.70,1,1,1.000000
115,16,1079.35,668.59,199.67,50.44,1,1,1.000000
116,8,1050.38,174.25,229.61,128.64,1,1,1.000000
116,9,807.31,0.78,470.77,154.73,1,1,1.000000
116,11,546.63,548.73,569.05,106.88,1,1,1.000000
116,12,117.87,98.90,548.93,142.77,1,1,1.000000
116,13,629.45,645.93,429.33,72.93,1,1,1.000000
116,16,1075.75,664.48,203.77,53.34,1,1,1.000000
117,8,1112.11,181.76,166.70,128.33,1,1,1.000000
117,9,818.36,0.92,459.50,146.57,1,1,1.000000
117,11,592.00,539.36,562.50,116.54,1,1,1.000000
117,12,136.01,104.58,566.92,138.66,1,1,1.000000
117,13,655.99,644.95,461.90,74.64,1,1,1.000000
117,16,1047.92,660.22,233.11,57.12,1,1,1.000000
118,8,1112.11,181.76,166.70,128.33,1,1,1.000000
118,9,818.36,0.92,459.50,146.57,1,1,1.000000
118,11,592.00,539.36,562.50,116.54,1,1,1.000000
118,12,136.01,104.58,566.92,138.66,1,1,1.000000
118,13,655.99,644.95,461.90,74.64,1,1,1.000000
118,16,1047.92,660.22,233.11,57.12,1,1,1.000000
119,8,1160.89,183.04,118.39,115.41,1,1,1.000000
119,9,844.47,0.53,433.97,131.81,1,1,1.000000
119,11,613.25,529.36,590.57,127.34,1,1,1.000000
119,12,169.92,104.97,564.16,138.97,1,1,1.000000
119,13,692.95,635.90,456.07,83.91,1,1,1.000000
119,16,1047.20,650.87,233.21,67.33,1,1,1.000000
120,8,1160.89,183.04,118.39,115.41,1,1,1.000000
120,9,844.47,0.53,433.97,131.81,1,1,1.000000
120,11,613.25,529.36,590.57,127.34,1,1,1.000000
120,12,169.92,104.97,564.16,138.97,1,1,1.000000
120,13,692.95,635.90,456.07,83.91,1,1,1.000000
120,16,1047.20,650.87,233.21,67.33,1,1,1.000000
121,8,1203.82,153.67,75.71,129.02,1,1,1.000000
121,9,881.06,0.55,397.01,119.18,1,1,1.000000
121,11,670.97,517.34,556.69,130.57,1,1,1.000000
121,12,185.39,107.33,579.51,137.18,1,1,1.000000
121,13,712.30,619.30,372.70,99.79,1,1,1.000000
122,9,893.37,0.00,385.45,111.25,1,1,1.000000
122,11,715.95,507.20,553.93,137.33,1,1,1.000000
122,12,243.71,107.62,546.35,137.17,1,1,1.000000
122,13,713.21,532.48,518.38,185.56,1,1,1.000000
122,18,0.00,390.85,93.24,71.96,1,1,1.000000
123,9,893.37,0.00,385.45,111.25,1,1,1.000000
123,11,715.95,507.20,553.93,137.33,1,1,1.000000
123,12,243.71,107.62,546.35,137.17,1,1,1.000000
123,13,713.21,532.48,518.38,185.56,1,1,1.000000
123,18,0.00,390.85,93.24,71.96,1,1,1.000000
124,9,940.65,0.46,337.62,102.51,1,1,1.000000
124,11,755.11,490.54,522.68,166.42,1,1,1.000000
124,12,292.48,108.07,513.86,137.59,1,1,1.000000
124,13,756.72,593.18,520.20,124.15,1,1,1.000000
124,18,0.00,382.12,107.52,84.52,1,1,1.000000
125,9,971.94,0.00,307.29,92.78,1,1,1.000000
125,11,791.94,481.85,487.81,232.78,1,1,1.000000
125,12,328.91,107.18,502.42,138.34,1,1,1.000000
125,18,0.65,373.07,129.07,97.19,1,1,1.000000
125,19,428.22,681.32,270.16,38.16,1,1,1.000000
126,9,1017.21,0.00,262.49,84.73,1,1,1.000000
126,11,835.36,474.32,444.54,237.70,1,1,1.000000
126,12,364.25,107.60,499.49,134.18,1,1,1.000000
126,18,0.00,367.91,155.76,110.47,1,1,1.000000
126,19,458.63,680.44,253.32,39.21,1,1,1.000000
126,16,902.41,649.17,377.36,68.93,1,1,1.000000
127,9,1017.21,0.00,262.49,84.73,1,1,1.000000
127,11,835.36,474.32,444.54,237.70,1,1,1.000000
127,12,364.25,107.60,499.49,134.18,1,1,1.000000
127,18,0.00,367.91,155.76,110.47,1,1,1.000000
127,19,458.63,680.44,253.32,39.21,1,1,1.000000
127,16,902.41,649.17,377.36,68.93,1,1,1.000000
128,9,1036.90,0.00,243.60,84.70,1,1,1.000000
128,11,882.58,467.85,396.34,163.77,1,1,1.000000
128,12,379.70,106.42,512.93,136.16,1,1,1.000000
128,18,0.00,359.71,172.82,118.31,1,1,1.000000
128,19,475.47,681.18,264.53,38.23,1,1,1.000000
128,16,864.90,653.00,412.86,65.72,1,1,1.000000
129,9,1042.96,0.00,237.28,81.48,1,1,1.000000
129,11,920.45,465.16,359.33,147.19,1,1,1.000000
129,12,392.52,106.78,530.13,134.77,1,1,1.000000
129,18,0.00,357.17,190.72,119.76,1,1,1.000000
129,19,475.36,681.86,286.66,37.85,1,1,1.000000
129,16,973.40,654.87,306.34,64.64,1,1,1.000000
130,9,1042.96,0.00,237.28,81.48,1,1,1.000000
130,11,920.45,465.16,359.33,147.19,1,1,1.000000
130,12,392.52,106.78,530.13,134.77,1,1,1.000000
130,18,0.00,357.17,190.72,119.76,1,1,1.000000
130,19,475.36,681.86,286.66,37.85,1,1,1.000000
130,16,973.40,654.87,306.34,64.64,1,1,1.000000
131,9,1065.20,0.00,214.75,76.17,1,1,1.000000
131,11,942.06,463.20,338.62,133.90,1,1,1.000000
131,12,418.76,110.13,546.30,137.83,1,1,1.000000
131,18,0.19,351.58,214.25,123.76,1,1,1.000000
131,19,476.93,682.63,336.08,37.05,1,1,1.000000
131,16,980.93,664.03,297.43,54.96,1,1,1.000000
132,9,1094.25,0.00,186.12,69.11,1,1,1.000000
132,11,982.66,477.86,297.36,112.68,1,1,1.000000
132,12,450.21,112.27,557.64,136.89,1,1,1.000000
132,18,0.00,345.92,240.34,126.10,1,1,1.000000
132,19,521.23,671.69,319.26,48.28,1,1,1.000000
132,16,995.41,672.79,282.31,46.32,1,1,1.000000
133,9,1094.25,0.00,186.12,69.11,1,1,1.000000
133,11,982.66,477.86,297.36,112.68,1,1,1.000000
133,12,450.21,112.27,557.64,136.89,1,1,1.000000
133,18,0.00,345.92,240.34,126.10,1,1,1.000000
133,19,521.23,671.69,319.26,48.28,1,1,1.000000
133,16,995.41,672.79,282.31,46.32,1,1,1.000000
134,9,1140.57,0.34,139.42,52.49,1,1,1.000000
134,11,1005.83,482.51,275.60,99.44,1,1,1.000000
134,12,502.27,113.86,543.82,136.69,1,1,1.000000
134,18,0.11,338.33,272.40,139.16,1,1,1.000000
134,19,565.45,668.79,306.11,51.39,1,1,1.000000
134,16,1029.54,679.98,248.73,39.51,1,1,1.000000
135,11,1053.54,480.49,226.83,103.09,1,1,1.000000
135,12,552.75,116.92,533.13,133.52,1,1,1.000000
135,18,0.31,329.80,308.74,144.98,1,1,1.000000
135,19,619.61,662.27,268.37,57.92,1,1,1.000000
135,16,1048.92,681.05,228.37,38.89,1,1,1.000000
136,11,1053.54,480.49,226.83,103.09,1,1,1.000000
136,12,552.75,116.92,533.13,133.52,1,1,1.000000
136,18,0.31,329.80,308.74,144.98,1,1,1.000000
136,19,619.61,662.27,268.37,57.92,1,1,1.000000
136,16,1048.92,681.05,228.37,38.89,1,1,1.000000
137,11,1106.49,483.89,173.84,97.73,1,1,1.000000
137,12,582.61,117.03,541.84,135.79,1,1,1.000000
137,18,0.24,317.09,341.65,140.14,1,1,1.000000
137,19,630.45,660.65,302.64,59.11,1,1,1.000000
137,16,1071.85,673.10,192.99,46.23,1,1,1.000000
138,11,1106.49,483.89,173.84,97.73,1,1,1.000000
138,12,582.61,117.03,541.84,135.79,1,1,1.000000
138,18,0.24,317.09,341.65,140.14,1,1,1.000000
138,19,630.45,660.65,302.64,59.11,1,1,1.000000
138,16,1071.85,673.10,192.99,46.23,1,1,1.000000
138,21,0.24,640.60,148.62,79.39,1,1,1.000000
138,22,1074.55,673.58,123.20,46.08,1,1,1.000000
139,11,1165.79,494.88,114.10,97.46,1,1,1.000000
139,12,614.54,118.23,540.72,140.53,1,1,1.000000
139,18,0.43,304.89,372.29,153.36,1,1,1.000000
139,19,650.58,660.25,317.85,59.76,1,1,1.000000
139,21,0.00,629.01,184.33,90.88,1,1,1.000000
140,12,648.37,121.60,550.78,139.72,1,1,1.000000
140,18,0.57,291.48,397.58,154.35,1,1,1.000000
140,19,655.12,659.08,342.02,60.61,1,1,1.000000
140,21,0.16,613.79,216.45,106.09,1,1,1.000000
141,12,648.37,121.60,550.78,139.72,1,1,1.000000
141,18,0.57,291.48,397.58,154.35,1,1,1.000000
141,19,655.12,659.08,342.02,60.61,1,1,1.000000
141,21,0.16,613.79,216.45,106.09,1,1,1.000000
142,12,689.75,123.87,560.46,141.23,1,1,1.000000
142,18,0.00,272.31,438.38,166.81,1,1,1.000000
142,19,651.45,658.26,367.44,61.41,1,1,1.000000
142,21,0.00,590.66,259.90,129.32,1,1,1.000000
143,12,689.75,123.87,560.46,141.23,1,1,1.000000
143,18,0.00,272.31,438.38,166.81,1,1,1.000000
143,19,651.45,658.26,367.44,61.41,1,1,1.000000
143,21,0.00,590.66,259.90,129.32,1,1,1.000000
144,12,730.06,118.25,549.00,145.64,1,1,1.000000
144,18,0.40,259.02,475.48,176.70,1,1,1.000000
144,19,643.47,657.57,414.78,62.30,1,1,1.000000
144,21,0.00,568.14,300.92,152.20,1,1,1.000000
145,12,774.00,116.85,505.44,149.01,1,1,1.000000
145,18,0.49,237.13,512.67,177.03,1,1,1.000000
145,19,615.98,651.94,485.26,68.03,1,1,1.000000
145,21,0.00,556.77,373.19,161.22,1,1,1.000000
146,12,774.00,116.85,505.44,149.01,1,1,1.000000
146,18,0.49,237.13,512.67,177.03,1,1,1.000000
146,19,615.98,651.94,485.26,68.03,1,1,1.000000
146,21,0.00,556.77,373.19,161.22,1,1,1.000000
147,12,824.09,114.44,456.36,148.28,1,1,1.000000
147,18,0.50,220.27,553.74,173.95,1,1,1.000000
147,19,653.62,644.26,479.91,74.79,1,1,1.000000
147,21,0.00,545.53,390.25,169.34,1,1,1.000000
148,12,876.95,113.87,402.48,149.13,1,1,1.000000
148,18,0.12,205.36,597.39,210.33,1,1,1.000000
148,19,697.54,637.67,488.20,81.58,1,1,1.000000
148,21,0.00,535.09,420.03,165.07,1,1,1.000000
149,12,876.95,113.87,402.48,149.13,1,1,1.000000
149,18,0.12,205.36,597.39,210.33,1,1,1.000000
149,19,697.54,637.67,488.20,81.58,1,1,1.000000
149,21,0.00,535.09,420.03,165.07,1,1,1.000000
150,12,922.83,103.41,357.56,154.75,1,1,1.000000
150,18,18.70,193.52,622.83,203.39,1,1,1.000000
150,19,736.93,635.73,498.10,83.46,1,1,1.000000
150,21,0.00,532.11,491.02,140.40,1,1,1.000000
151,12,922.83,103.41,357.56,154.75,1,1,1.000000
151,18,18.70,193.52,622.83,203.39,1,1,1.000000
151,19,736.93,635.73,498.10,83.46,1,1,1.000000
151,21,0.00,532.11,491.02,140.40,1,1,1.000000
152,12,983.91,110.06,296.53,141.61,1,1,1.000000
152,18,42.37,188.03,641.19,173.99,1,1,1.000000
152,19,790.19,634.41,487.79,84.96,1,1,1.000000
152,21,0.00,534.67,538.17,126.46,1,1,1.000000
153,12,1014.81,122.99,264.96,127.30,1,1,1.000000
153,18,132.03,187.22,592.74,144.88,1,1,1.000000
153,19,881.16,631.37,401.28,88.14,1,1,1.000000
153,21,0.00,531.89,575.98,128.77,1,1,1.000000
154,12,1062.69,117.45,217.27,110.34,1,1,1.000000
154,18,197.93,187.14,581.27,138.64,1,1,1.000000
154,19,873.83,642.17,408.14,77.28,1,1,1.000000
154,21,0.00,528.39,638.76,131.45,1,1,1.000000
154,23,0.00,222.56,156.99,161.83,1,1,1.000000
155,12,1062.69,117.45,217.27,110.34,1,1,1.000000
155,18,197.93,187.14,581.27,138.64,1,1,1.000000
155,19,873.83,642.17,408.14,77.28,1,1,1.000000
155,21,0.00,528.39,638.76,131.45,1,1,1.000000
155,23,0.00,222.56,156.99,161.83,1,1,1.000000
156,12,1110.94,120.78,169.50,99.35,1,1,1.000000
156,18,256.89,180.19,582.14,142.29,1,1,1.000000
156,19,921.70,647.38,360.16,72.27,1,1,1.000000
156,21,47.23,522.64,642.16,146.46,1,1,1.000000
156,23,0.00,198.56,226.83,224.57,1,1,1.000000
157,12,1157.94,128.31,122.31,82.43,1,1,1.000000
157,18,282.98,180.66,624.97,138.20,1,1,1.000000
157,19,959.46,654.80,320.84,65.01,1,1,1.000000
157,21,66.91,517.27,675.13,177.38,1,1,1.000000
157,23,0.00,170.77,284.71,252.18,1,1,1.000000
158,12,1157.94,128.31,122.31,82.43,1,1,1.000000
158,18,282.98,180.66,624.97,138.20,1,1,1.000000
158,19,959.46,654.80,320.84,65.01,1,1,1.000000
158,21,66.91,517.27,675.13,177.38,1,1,1.000000
158,23,0.00,170.77,284.71,252.18,1,1,1.000000
159,18,339.22,177.60,623.91,152.99,1,1,1.000000
159,19,979.75,653.94,301.54,64.97,1,1,1.000000
159,21,129.32,518.54,652.74,192.16,1,1,1.000000
159,23,0.00,146.01,348.22,286.24,1,1,1.000000
160,18,418.20,177.93,609.48,161.33,1,1,1.000000
160,19,1022.57,659.32,253.45,59.01,1,1,1.000000
160,21,267.28,520.53,593.87,171.79,1,1,1.000000
160,23,0.00,113.53,398.38,343.19,1,1,1.000000
161,18,418.20,177.93,609.48,161.33,1,1,1.000000
161,19,1022.57,659.32,253.45,59.01,1,1,1.000000
161,21,267.28,520.53,593.87,171.79,1,1,1.000000
161,23,0.00,113.53,398.38,343.19,1,1,1.000000
162,18,494.45,180.52,599.70,147.46,1,1,1.000000
162,21,345.98,541.86,574.21,114.93,1,1,1.000000
162,23,0.00,77.78,437.71,349.68,1,1,1.000000
163,18,494.45,180.52,599.70,147.46,1,1,1.000000
163,21,345.98,541.86,574.21,114.93,1,1,1.000000
163,23,0.00,77.78,437.71,349.68,1,1,1.000000
164,18,551.90,176.98,598.38,151.66,1,1,1.000000
164,21,411.77,530.79,586.69,133.53,1,1,1.000000
164,23,0.00,49.54,513.29,377.99,1,1,1.000000
165,18,621.61,173.74,622.94,161.44,1,1,1.000000
165,21,498.81,490.25,575.71,162.93,1,1,1.000000
165,23,0.00,5.22,602.46,445.65,1,1,1.000000
166,18,621.61,173.74,622.94,161.44,1,1,1.000000
166,21,498.81,490.25,575.71,162.93,1,1,1.000000
166,23,0.00,5.22,602.46,445.65,1,1,1.000000
167,18,716.79,182.38,561.90,161.52,1,1,1.000000
167,21,571.66,526.76,626.01,141.16,1,1,1.000000
167,23,1.55,0.00,698.23,439.02,1,1,1.000000
168,18,798.77,174.26,481.38,170.26,1,1,1.000000
168,21,698.40,534.13,579.90,163.13,1,1,1.000000
168,23,81.59,0.00,662.36,352.99,1,1,1.000000
169,18,798.77,174.26,481.38,170.26,1,1,1.000000
169,21,698.40,534.13,579.90,163.13,1,1,1.000000
169,23,81.59,0.00,662.36,352.99,1,1,1.000000
170,18,889.58,179.01,389.80,166.60,1,1,1.000000
170,21,779.79,534.12,500.50,175.48,1,1,1.000000
170,23,152.46,1.05,663.61,234.69,1,1,1.000000
171,18,990.70,194.25,290.84,136.33,1,1,1.000000
171,21,863.09,526.86,416.69,186.05,1,1,1.000000
171,23,348.34,0.00,538.53,238.45,1,1,1.000000
172,18,990.70,194.25,290.84,136.33,1,1,1.000000
172,21,863.09,526.86,416.69,186.05,1,1,1.000000
172,23,348.34,0.00,538.53,238.45,1,1,1.000000
173,18,1118.24,202.63,162.40,91.49,1,1,1.000000
173,21,960.86,513.97,320.59,184.33,1,1,1.000000
173,23,490.14,0.50,430.79,161.91,1,1,1.000000
174,23,668.87,0.00,241.44,109.02,1,1,1.000000
175,23,668.87,0.00,241.44,109.02,1,1,1.000000
175,24,1086.19,582.46,194.12,122.55,1,1,1.000000
178,25,0.15,72.56,96.83,80.45,1,1,1.000000
179,25,0.00,62.13,145.94,111.31,1,1,1.000000
180,25,0.00,62.13,145.94,111.31,1,1,1.000000
181,25,0.00,65.49,193.70,126.12,1,1,1.000000
182,25,0.00,60.88,285.26,142.09,1,1,1.000000
183,25,0.00,60.88,285.26,142.09,1,1,1.000000
184,25,0.00,64.48,331.71,134.26,1,1,1.000000
185,25,0.14,60.40,361.92,137.78,1,1,1.000000
186,25,0.14,60.40,361.92,137.78,1,1,1.000000
187,25,1.46,54.44,377.16,146.38,1,1,1.000000
188,25,1.46,54.44,377.16,146.38,1,1,1.000000
189,25,1.42,44.37,409.11,177.02,1,1,1.000000
190,25,10.35,29.45,430.65,176.23,1,1,1.000000
191,25,10.35,29.45,430.65,176.23,1,1,1.000000
192,25,44.27,10.05,413.88,195.92,1,1,1.000000
193,25,67.76,0.00,416.11,204.02,1,1,1.000000
194,25,133.04,0.00,361.91,202.59,1,1,1.000000
195,25,133.04,0.00,361.91,202.59,1,1,1.000000
195,26,0.87,220.87,60.68,107.11,1,1,1.000000
196,25,113.59,0.22,401.22,213.39,1,1,1.000000
196,26,0.40,217.92,68.08,89.82,1,1,1.000000
197,25,113.59,0.22,401.22,213.39,1,1,1.000000
197,26,0.40,217.92,68.08,89.82,1,1,1.000000
198,25,138.67,0.09,383.40,199.37,1,1,1.000000
198,26,0.45,204.89,113.57,115.01,1,1,1.000000
199,25,199.27,0.48,338.47,169.63,1,1,1.000000
199,26,0.00,197.50,121.66,99.54,1,1,1.000000
200,25,265.54,0.00,289.98,154.80,1,1,1.000000
201,25,265.54,0.00,289.98,154.80,1,1,1.000000
202,25,338.41,0.00,229.49,122.45,1,1,1.000000
203,25,352.59,0.00,225.36,122.96,1,1,1.000000
204,25,352.59,0.00,225.36,122.96,1,1,1.000000
208,27,233.29,626.22,276.71,93.36,1,1,1.000000
209,27,233.29,626.22,276.71,93.36,1,1,1.000000
210,27,243.32,617.22,311.45,102.28,1,1,1.000000
211,27,243.32,617.22,311.45,102.28,1,1,1.000000
212,27,292.28,607.96,325.14,111.48,1,1,1.000000
213,27,347.89,618.64,312.12,101.12,1,1,1.000000
214,27,377.87,606.91,375.07,113.48,1,1,1.000000
215,27,377.87,606.91,375.07,113.48,1,1,1.000000
216,27,392.47,653.11,346.98,65.53,1,1,1.000000
217,27,392.47,653.11,346.98,65.53,1,1,1.000000
567,28,0.61,395.21,105.38,260.30,1,1,1.000000
568,28,0.61,395.21,105.38,260.30,1,1,1.000000
569,28,0.61,395.21,105.38,260.30,1,1,1.000000
570,28,0.91,393.28,117.16,255.18,1,1,1.000000
571,28,0.91,393.28,117.16,255.18,1,1,1.000000
572,28,0.89,391.68,123.00,253.15,1,1,1.000000
573,28,0.57,390.87,133.88,248.91,1,1,1.000000
574,28,0.57,390.87,133.88,248.91,1,1,1.000000
575,28,0.23,381.25,143.91,253.09,1,1,1.000000
576,28,0.23,381.25,143.91,253.09,1,1,1.000000
577,28,0.57,378.57,154.22,249.29,1,1,1.000000
582,29,0.89,406.37,82.11,175.81,1,1,1.000000
593,30,2.24,337.91,268.46,220.01,1,1,1.000000
613,31,81.86,335.43,315.87,228.14,1,1,1.000000
646,32,104.55,679.77,267.81,39.50,1,1,1.000000
647,32,104.55,679.77,267.81,39.50,1,1,1.000000
648,32,72.89,676.16,331.03,42.71,1,1,1.000000
649,32,101.16,666.29,372.65,52.79,1,1,1.000000
650,32,101.16,666.29,372.65,52.79,1,1,1.000000
651,32,183.60,662.08,334.54,57.59,1,1,1.000000
652,32,217.46,654.12,343.51,65.75,1,1,1.000000
653,32,217.46,654.12,343.51,65.75,1,1,1.000000
654,32,248.10,655.22,346.27,64.59,1,1,1.000000
655,32,284.53,669.47,340.43,50.25,1,1,1.000000
656,32,284.53,669.47,340.43,50.25,1,1,1.000000
657,32,303.45,671.63,354.83,48.26,1,1,1.000000
658,32,303.45,671.63,354.83,48.26,1,1,1.000000
659,32,355.59,670.31,331.08,49.55,1,1,1.000000
660,32,384.34,669.81,336.60,49.62,1,1,1.000000
661,32,384.34,669.81,336.60,49.62,1,1,1.000000
662,32,424.52,667.77,332.94,51.17,1,1,1.000000
663,32,459.42,662.70,345.38,56.88,1,1,1.000000
664,32,459.42,662.70,345.38,56.88,1,1,1.000000
665,32,493.49,660.34,349.97,59.15,1,1,1.000000
666,32,523.67,647.79,348.94,72.42,1,1,1.000000
667,32,523.67,647.79,348.94,72.42,1,1,1.000000
668,32,555.05,650.54,348.45,69.41,1,1,1.000000
669,32,555.05,650.54,348.45,69.41,1,1,1.000000
670,32,581.53,654.38,358.46,65.46,1,1,1.000000
671,32,612.33,663.91,356.66,56.05,1,1,1.000000
672,32,612.33,663.91,356.66,56.05,1,1,1.000000
673,32,633.96,662.10,362.79,57.55,1,1,1.000000
674,32,658.20,660.52,372.24,58.34,1,1,1.000000
675,32,658.20,660.52,372.24,58.34,1,1,1.000000
676,32,701.99,658.01,361.19,61.30,1,1,1.000000
677,32,736.07,659.38,354.80,59.99,1,1,1.000000
678,32,736.07,659.38,354.80,59.99,1,1,1.000000
679,32,769.83,661.72,356.46,57.60,1,1,1.000000
680,32,794.80,660.68,349.26,58.83,1,1,1.000000
681,32,794.80,660.68,349.26,58.83,1,1,1.000000
682,32,814.95,655.09,357.84,64.24,1,1,1.000000
683,32,842.91,651.52,355.11,67.95,1,1,1.000000
684,32,842.91,651.52,355.11,67.95,1,1,1.000000
685,32,886.51,643.32,353.92,75.70,1,1,1.000000
686,32,914.40,636.15,363.12,83.50,1,1,1.000000
687,32,914.40,636.15,363.12,83.50,1,1,1.000000
688,32,958.54,629.95,320.64,89.37,1,1,1.000000
689,32,990.09,630.82,289.80,88.53,1,1,1.000000
690,32,990.09,630.82,289.80,88.53,1,1,1.000000
691,32,1012.73,635.25,265.95,82.98,1,1,1.000000
692,32,1046.58,644.91,232.87,72.43,1,1,1.000000
693,32,1046.58,644.91,232.87,72.43,1,1,1.000000
696,32,1073.43,656.93,206.20,60.74,1,1,1.000000
754,35,1.24,140.76,65.02,77.28,1,1,1.000000
754,36,0.38,142.57,128.33,82.31,1,1,1.000000
755,36,0.63,107.07,93.92,148.10,1,1,1.000000
756,36,0.42,99.21,128.33,179.30,1,1,1.000000
757,36,0.00,86.16,155.66,227.23,1,1,1.000000
758,36,0.00,86.16,155.66,227.23,1,1,1.000000
759,36,0.00,76.84,186.82,275.55,1,1,1.000000
760,36,0.00,63.99,216.26,281.40,1,1,1.000000
761,36,0.00,63.99,216.26,281.40,1,1,1.000000
762,36,0.00,51.42,253.40,302.85,1,1,1.000000
763,36,0.00,51.42,253.40,302.85,1,1,1.000000
764,36,0.02,39.93,312.98,348.75,1,1,1.000000
765,36,0.02,39.93,312.98,348.75,1,1,1.000000
766,36,0.00,30.83,354.22,337.36,1,1,1.000000
767,36,0.02,22.53,397.32,318.32,1,1,1.000000
768,36,0.02,22.53,397.32,318.32,1,1,1.000000
769,36,0.00,7.50,431.90,390.76,1,1,1.000000
770,36,0.00,0.32,473.01,369.19,1,1,1.000000
771,36,0.00,0.32,473.01,369.19,1,1,1.000000
772,36,0.70,0.00,507.58,350.98,1,1,1.000000
773,36,0.70,0.00,507.58,350.98,1,1,1.000000
774,36,9.92,0.00,510.39,320.50,1,1,1.000000
775,36,37.71,0.00,517.56,295.45,1,1,1.000000
775,38,441.31,677.61,329.12,42.61,1,1,1.000000
776,36,89.58,0.00,499.72,264.66,1,1,1.000000
776,38,494.59,667.74,311.78,52.30,1,1,1.000000
777,36,89.58,0.00,499.72,264.66,1,1,1.000000
777,38,494.59,667.74,311.78,52.30,1,1,1.000000
778,36,149.54,0.00,472.07,233.36,1,1,1.000000
778,38,512.62,656.48,341.54,62.67,1,1,1.000000
779,36,195.32,0.00,443.75,204.51,1,1,1.000000
779,38,523.27,650.97,363.94,68.93,1,1,1.000000
780,36,195.32,0.00,443.75,204.51,1,1,1.000000
780,38,523.27,650.97,363.94,68.93,1,1,1.000000
781,36,263.53,0.00,403.82,180.14,1,1,1.000000
781,38,560.12,641.87,382.09,77.93,1,1,1.000000
782,36,326.09,0.00,371.59,157.89,1,1,1.000000
782,38,612.93,637.47,369.39,82.21,1,1,1.000000
783,36,326.09,0.00,371.59,157.89,1,1,1.000000
783,38,612.93,637.47,369.39,82.21,1,1,1.000000
784,36,370.66,0.01,355.12,134.20,1,1,1.000000
784,38,648.98,621.49,384.46,98.31,1,1,1.000000
785,36,370.66,0.01,355.12,134.20,1,1,1.000000
785,38,648.98,621.49,384.46,98.31,1,1,1.000000
785,39,236.33,637.43,167.08,82.57,1,1,1.000000
786,36,427.09,0.00,315.42,116.99,1,1,1.000000
786,38,689.12,611.81,381.98,108.54,1,1,1.000000
786,39,270.96,631.10,167.05,88.28,1,1,1.000000
787,36,470.70,0.00,310.58,95.15,1,1,1.000000
787,38,729.30,608.41,373.52,112.24,1,1,1.000000
787,39,294.46,623.37,174.49,96.65,1,1,1.000000
788,36,470.70,0.00,310.58,95.15,1,1,1.000000
788,38,729.30,608.41,373.52,112.24,1,1,1.000000
788,39,294.46,623.37,174.49,96.65,1,1,1.000000
789,36,550.80,0.00,256.09,74.91,1,1,1.000000
789,38,767.01,619.25,368.52,101.07,1,1,1.000000
789,39,302.72,616.47,199.23,103.92,1,1,1.000000
790,36,610.82,0.00,224.30,77.82,1,1,1.000000
790,38,811.65,646.61,349.60,73.01,1,1,1.000000
790,39,297.94,606.16,236.31,113.28,1,1,1.000000
791,36,610.82,0.00,224.30,77.82,1,1,1.000000
791,38,811.65,646.61,349.60,73.01,1,1,1.000000
791,39,297.94,606.16,236.31,113.28,1,1,1.000000
792,36,668.47,0.00,184.96,87.65,1,1,1.000000
792,38,864.41,649.61,315.40,70.11,1,1,1.000000
792,39,330.89,593.45,234.11,99.00,1,1,1.000000
793,36,743.04,0.00,132.83,89.91,1,1,1.000000
793,38,924.63,646.36,282.12,73.64,1,1,1.000000
793,39,367.31,584.09,227.12,83.72,1,1,1.000000
794,36,743.04,0.00,132.83,89.91,1,1,1.000000
794,38,924.63,646.36,282.12,73.64,1,1,1.000000
794,39,367.31,584.09,227.12,83.72,1,1,1.000000
795,38,980.06,640.64,243.03,79.01,1,1,1.000000
795,39,426.00,572.17,243.68,82.29,1,1,1.000000
796,38,1027.84,643.99,194.51,75.50,1,1,1.000000
796,39,463.54,568.96,236.16,81.67,1,1,1.000000
796,40,0.00,535.85,147.38,68.77,1,1,1.000000
797,38,1027.84,643.99,194.51,75.50,1,1,1.000000
797,39,463.54,568.96,236.16,81.67,1,1,1.000000
797,40,0.00,535.85,147.38,68.77,1,1,1.000000
798,39,488.83,570.54,238.28,85.89,1,1,1.000000
798,40,0.00,534.38,159.55,68.00,1,1,1.000000
799,39,504.41,573.38,252.38,99.93,1,1,1.000000
799,40,0.00,537.28,175.66,66.66,1,1,1.000000
799,41,1168.42,304.65,109.87,226.86,1,1,1.000000
800,39,504.41,573.38,252.38,99.93,1,1,1.000000
800,40,0.00,537.28,175.66,66.66,1,1,1.000000
800,41,1168.42,304.65,109.87,226.86,1,1,1.000000
801,39,467.00,579.65,313.86,111.51,1,1,1.000000
801,40,0.00,541.91,182.00,68.47,1,1,1.000000
801,41,1168.99,320.29,110.19,225.65,1,1,1.000000
802,39,467.00,579.65,313.86,111.51,1,1,1.000000
802,40,0.00,541.91,182.00,68.47,1,1,1.000000
802,41,1168.99,320.29,110.19,225.65,1,1,1.000000
803,39,498.06,585.36,298.25,102.32,1,1,1.000000
803,40,0.00,549.59,183.03,70.63,1,1,1.000000
804,39,523.71,590.17,290.00,92.17,1,1,1.000000
804,40,0.00,559.47,185.81,72.88,1,1,1.000000
805,39,532.30,594.65,307.86,80.33,1,1,1.000000
805,40,0.00,566.62,193.16,74.63,1,1,1.000000
806,39,532.30,594.65,307.86,80.33,1,1,1.000000
806,40,0.00,566.62,193.16,74.63,1,1,1.000000
807,39,532.30,594.65,307.86,80.33,1,1,1.000000
807,40,0.00,566.62,193.16,74.63,1,1,1.000000
808,39,544.41,599.39,315.98,85.20,1,1,1.000000
808,40,0.00,576.89,195.68,78.92,1,1,1.000000
809,39,557.86,592.62,324.44,102.91,1,1,1.000000
809,40,0.00,583.02,197.99,85.73,1,1,1.000000
810,39,557.86,592.62,324.44,102.91,1,1,1.000000
810,40,0.00,583.02,197.99,85.73,1,1,1.000000
811,39,560.48,593.52,344.80,115.25,1,1,1.000000
811,40,0.01,584.39,203.17,97.60,1,1,1.000000
812,39,582.89,608.04,348.39,106.71,1,1,1.000000
812,40,0.00,591.41,208.17,109.80,1,1,1.000000
813,39,582.89,608.04,348.39,106.71,1,1,1.000000
813,40,0.00,591.41,208.17,109.80,1,1,1.000000
814,39,610.76,628.62,353.09,87.20,1,1,1.000000
814,40,0.58,594.08,210.52,121.36,1,1,1.000000
815,39,627.79,627.38,375.03,92.20,1,1,1.000000
815,40,0.80,599.20,220.00,118.63,1,1,1.000000
816,39,627.79,627.38,375.03,92.20,1,1,1.000000
816,40,0.80,599.20,220.00,118.63,1,1,1.000000
817,39,637.52,631.14,386.58,88.49,1,1,1.000000
817,40,0.43,598.53,234.22,118.93,1,1,1.000000
818,39,637.52,631.14,386.58,88.49,1,1,1.000000
818,40,0.43,598.53,234.22,118.93,1,1,1.000000
819,39,661.02,634.09,416.09,85.59,1,1,1.000000
819,40,0.36,598.42,247.35,115.66,1,1,1.000000
820,39,697.00,631.46,413.22,88.39,1,1,1.000000
820,40,0.94,597.12,266.27,116.76,1,1,1.000000
821,39,697.00,631.46,413.22,88.39,1,1,1.000000
821,40,0.94,597.12,266.27,116.76,1,1,1.000000
822,39,747.52,602.63,449.18,118.16,1,1,1.000000
822,40,0.82,590.87,312.83,116.92,1,1,1.000000
823,39,747.52,602.63,449.18,118.16,1,1,1.000000
823,40,0.82,590.87,312.83,116.92,1,1,1.000000
824,39,797.63,606.09,464.90,114.33,1,1,1.000000
824,40,0.59,586.61,345.50,128.26,1,1,1.000000
825,39,829.22,603.94,451.39,116.72,1,1,1.000000
825,40,5.84,584.04,366.09,125.89,1,1,1.000000
826,39,829.22,603.94,451.39,116.72,1,1,1.000000
826,40,5.84,584.04,366.09,125.89,1,1,1.000000
827,39,879.25,632.30,401.56,88.13,1,1,1.000000
827,40,43.76,580.75,353.78,89.79,1,1,1.000000
828,39,879.25,632.30,401.56,88.13,1,1,1.000000
828,40,43.76,580.75,353.78,89.79,1,1,1.000000
828,43,2.63,339.12,70.45,59.39,1,1,1.000000
829,39,910.25,646.02,370.42,73.30,1,1,1.000000
829,40,74.09,573.92,348.75,91.43,1,1,1.000000
830,39,953.52,643.28,327.93,76.26,1,1,1.000000
830,40,102.60,571.93,344.95,89.81,1,1,1.000000
831,39,953.52,643.28,327.93,76.26,1,1,1.000000
831,40,102.60,571.93,344.95,89.81,1,1,1.000000
832,39,998.75,641.42,280.61,77.99,1,1,1.000000
832,40,128.74,569.02,340.57,85.97,1,1,1.000000
833,39,1048.77,640.20,230.19,75.14,1,1,1.000000
833,40,142.75,563.09,348.08,90.64,1,1,1.000000
834,39,1048.77,640.20,230.19,75.14,1,1,1.000000
834,40,142.75,563.09,348.08,90.64,1,1,1.000000
835,39,1078.42,630.10,201.63,85.17,1,1,1.000000
835,40,161.79,549.52,348.16,106.43,1,1,1.000000
836,39,1078.42,630.10,201.63,85.17,1,1,1.000000
836,40,161.79,549.52,348.16,106.43,1,1,1.000000
837,39,1118.50,617.52,160.98,88.79,1,1,1.000000
837,40,178.20,555.42,352.26,109.56,1,1,1.000000
838,40,199.05,550.76,356.71,116.16,1,1,1.000000
839,40,199.05,550.76,356.71,116.16,1,1,1.000000
840,40,228.72,552.71,350.69,116.42,1,1,1.000000
841,40,259.03,552.11,341.90,109.72,1,1,1.000000
842,40,259.03,552.11,341.90,109.72,1,1,1.000000
843,40,283.45,550.08,345.01,92.68,1,1,1.000000
844,40,304.14,548.53,348.63,82.57,1,1,1.000000
845,40,304.14,548.53,348.63,82.57,1,1,1.000000
846,40,340.56,546.94,332.59,82.91,1,1,1.000000
847,40,364.72,538.71,340.04,93.49,1,1,1.000000
848,40,364.72,538.71,340.04,93.49,1,1,1.000000
849,40,386.10,538.30,343.34,97.23,1,1,1.000000
850,40,409.15,536.70,342.82,105.24,1,1,1.000000
851,40,409.15,536.70,342.82,105.24,1,1,1.000000
851,44,1173.44,325.34,104.30,217.22,1,1,1.000000
852,40,419.39,538.85,361.09,112.90,1,1,1.000000
852,44,1176.10,331.87,101.63,193.47,1,1,1.000000
853,40,440.52,547.12,360.92,122.76,1,1,1.000000
853,44,1182.33,337.06,96.41,196.31,1,1,1.000000
854,40,440.52,547.12,360.92,122.76,1,1,1.000000
854,44,1182.33,337.06,96.41,196.31,1,1,1.000000
855,40,464.50,548.46,366.68,140.26,1,1,1.000000
855,44,1183.44,343.82,95.10,199.27,1,1,1.000000
856,40,464.50,548.46,366.68,140.26,1,1,1.000000
856,44,1183.44,343.82,95.10,199.27,1,1,1.000000
857,40,491.90,549.49,367.42,153.69,1,1,1.000000
857,44,1189.80,350.55,88.37,202.36,1,1,1.000000
858,40,529.12,546.27,365.25,167.37,1,1,1.000000
859,40,529.12,546.27,365.25,167.37,1,1,1.000000
860,40,563.37,531.76,358.78,187.86,1,1,1.000000
860,44,1196.43,362.23,81.80,192.61,1,1,1.000000
861,40,588.00,510.90,367.01,210.20,1,1,1.000000
861,44,1202.81,372.43,76.23,188.94,1,1,1.000000
862,40,588.00,510.90,367.01,210.20,1,1,1.000000
862,44,1202.81,372.43,76.23,188.94,1,1,1.000000
863,40,620.14,521.65,375.73,199.28,1,1,1.000000
864,40,655.71,535.22,369.17,185.60,1,1,1.000000
865,40,655.71,535.22,369.17,185.60,1,1,1.000000
866,40,680.07,550.24,364.17,170.17,1,1,1.000000
867,40,680.07,550.24,364.17,170.17,1,1,1.000000
868,40,707.77,570.22,354.94,150.46,1,1,1.000000
869,40,733.11,576.58,341.96,143.84,1,1,1.000000
870,40,754.33,601.27,350.58,118.84,1,1,1.000000
871,40,754.33,601.27,350.58,118.84,1,1,1.000000
872,40,788.82,624.84,305.81,94.75,1,1,1.000000
873,40,827.22,640.47,287.07,79.22,1,1,1.000000
874,40,827.22,640.47,287.07,79.22,1,1,1.000000
875,40,875.98,644.31,234.16,75.25,1,1,1.000000
876,40,875.98,644.31,234.16,75.25,1,1,1.000000
877,40,902.51,636.76,197.84,83.35,1,1,1.000000
878,40,902.51,636.76,197.84,83.35,1,1,1.000000
879,40,948.54,645.77,151.82,74.03,1,1,1.000000
880,40,990.07,651.66,112.25,67.72,1,1,1.000000
881,45,122.06,223.81,88.59,87.38,1,1,1.000000
882,45,122.06,223.81,88.59,87.38,1,1,1.000000
962,46,0.00,646.15,200.86,73.00,1,1,1.000000
963,46,0.00,668.64,233.56,50.91,1,1,1.000000
964,46,0.00,668.64,233.56,50.91,1,1,1.000000
1074,48,0.12,500.03,80.32,58.48,1,1,1.000000
1075,48,0.00,484.00,114.78,75.21,1,1,1.000000
1076,48,0.00,478.45,144.54,80.24,1,1,1.000000
1077,48,0.00,478.45,144.54,80.24,1,1,1.000000
1078,48,0.00,461.11,175.98,100.86,1,1,1.000000
1079,48,0.00,461.11,175.98,100.86,1,1,1.000000
1080,48,0.00,457.01,204.10,107.27,1,1,1.000000
1081,48,0.00,453.08,229.65,113.97,1,1,1.000000
1082,48,0.00,434.14,255.22,138.53,1,1,1.000000
1083,48,0.00,434.14,255.22,138.53,1,1,1.000000
1084,48,0.00,441.74,286.55,138.23,1,1,1.000000
1085,48,0.81,443.30,306.12,146.96,1,1,1.000000
1086,48,0.81,443.30,306.12,146.96,1,1,1.000000
1087,48,0.58,442.74,328.15,157.23,1,1,1.000000
1088,48,0.58,442.74,328.15,157.23,1,1,1.000000
1089,48,1.97,443.47,352.92,164.50,1,1,1.000000
1090,48,2.43,446.56,378.06,167.12,1,1,1.000000
1090,49,1.17,637.54,203.31,81.41,1,1,1.000000
1090,50,0.55,0.00,217.70,33.21,1,1,1.000000
1091,48,2.43,446.56,378.06,167.12,1,1,1.000000
1091,49,1.17,637.54,203.31,81.41,1,1,1.000000
1091,50,0.55,0.00,217.70,33.21,1,1,1.000000
1092,48,1.98,446.24,415.50,170.97,1,1,1.000000
1092,49,0.78,635.56,245.97,83.31,1,1,1.000000
1092,50,0.81,0.00,244.16,28.92,1,1,1.000000
1093,48,0.57,427.98,449.91,192.17,1,1,1.000000
1093,49,1.07,630.54,293.81,88.34,1,1,1.000000
1094,48,0.57,427.98,449.91,192.17,1,1,1.000000
1094,49,1.07,630.54,293.81,88.34,1,1,1.000000
1095,48,56.79,423.05,430.76,197.24,1,1,1.000000
1095,49,0.89,627.35,336.07,92.36,1,1,1.000000
1096,48,127.08,423.47,392.21,205.21,1,1,1.000000
1096,49,0.39,613.48,395.81,106.32,1,1,1.000000
1097,48,127.08,423.47,392.21,205.21,1,1,1.000000
1097,49,0.39,613.48,395.81,106.32,1,1,1.000000
1098,48,167.01,417.44,387.01,225.25,1,1,1.000000
1098,49,0.00,603.16,437.84,116.50,1,1,1.000000
1098,50,87.93,0.00,328.00,43.06,1,1,1.000000
1099,48,206.49,434.80,372.79,220.66,1,1,1.000000
1099,49,0.00,590.03,467.19,129.06,1,1,1.000000
1099,50,179.65,0.02,250.32,44.61,1,1,1.000000
1100,48,206.49,434.80,372.79,220.66,1,1,1.000000
1100,49,0.00,590.03,467.19,129.06,1,1,1.000000
1100,50,179.65,0.02,250.32,44.61,1,1,1.000000
1101,48,213.18,453.35,390.82,221.76,1,1,1.000000
1101,49,0.59,625.83,429.62,93.71,1,1,1.000000
1102,48,229.33,468.90,398.52,230.68,1,1,1.000000
1102,49,0.15,623.42,483.80,96.47,1,1,1.000000
1102,51,274.42,579.97,263.40,110.23,1,1,1.000000
1102,50,259.88,0.00,217.82,47.35,1,1,1.000000
1103,48,229.33,468.90,398.52,230.68,1,1,1.000000
1103,49,0.15,623.42,483.80,96.47,1,1,1.000000
1103,51,274.42,579.97,263.40,110.23,1,1,1.000000
1103,52,0.76,275.37,48.42,56.73,1,1,1.000000
1103,50,259.88,0.00,217.82,47.35,1,1,1.000000
1104,48,247.23,470.13,375.84,159.59,1,1,1.000000
1104,49,0.00,619.15,518.77,100.46,1,1,1.000000
1104,51,318.97,573.23,337.80,146.95,1,1,1.000000
1104,52,0.00,265.88,91.10,69.18,1,1,1.000000
1105,48,275.74,501.90,402.25,217.77,1,1,1.000000
1105,49,7.11,615.24,559.43,103.94,1,1,1.000000
1105,51,327.02,573.97,349.73,144.74,1,1,1.000000
1105,52,0.00,258.43,122.00,77.66,1,1,1.000000
1106,48,275.74,501.90,402.25,217.77,1,1,1.000000
1106,49,7.11,615.24,559.43,103.94,1,1,1.000000
1106,51,327.02,573.97,349.73,144.74,1,1,1.000000
1106,52,0.00,258.43,122.00,77.66,1,1,1.000000
1106,53,564.58,650.32,109.40,69.70,1,1,1.000000
1106,54,272.91,501.34,368.18,108.69,1,1,1.000000
1107,49,10.67,621.94,587.42,97.63,1,1,1.000000
1107,51,340.61,573.35,362.62,100.33,1,1,1.000000
1107,52,0.00,251.87,154.61,96.83,1,1,1.000000
1107,53,520.14,658.11,178.82,61.18,1,1,1.000000
1107,54,326.21,514.32,269.79,71.89,1,1,1.000000
1108,49,10.67,621.94,587.42,97.63,1,1,1.000000
1108,51,340.61,573.35,362.62,100.33,1,1,1.000000
1108,52,0.00,251.87,154.61,96.83,1,1,1.000000
1108,53,520.14,658.11,178.82,61.18,1,1,1.000000
1108,54,326.21,514.32,269.79,71.89,1,1,1.000000
1108,55,0.00,553.55,54.85,160.52,1,1,1.000000
1109,49,8.80,593.73,623.76,126.17,1,1,1.000000
1109,51,358.48,570.40,383.11,103.80,1,1,1.000000
1109,52,0.00,249.97,190.94,95.48,1,1,1.000000
1109,53,540.69,657.02,177.37,62.40,1,1,1.000000
1109,54,362.90,507.73,251.26,75.26,1,1,1.000000
1109,48,365.78,503.23,342.02,95.65,1,1,1.000000
1110,49,153.18,597.44,568.63,122.59,1,1,1.000000
1110,51,355.91,497.87,446.79,174.77,1,1,1.000000
1110,52,0.00,221.13,234.50,131.23,1,1,1.000000
1110,56,0.00,58.93,98.84,73.45,1,1,1.000000
1110,50,313.47,0.00,335.64,35.35,1,1,1.000000
1111,49,153.18,597.44,568.63,122.59,1,1,1.000000
1111,51,355.91,497.87,446.79,174.77,1,1,1.000000
1111,52,0.00,221.13,234.50,131.23,1,1,1.000000
1111,56,0.00,58.93,98.84,73.45,1,1,1.000000
1111,58,244.97,604.85,508.14,114.99,1,1,1.000000
1111,50,313.47,0.00,335.64,35.35,1,1,1.000000
1112,51,353.87,508.73,492.19,161.11,1,1,1.000000
1112,52,0.00,223.05,276.35,132.48,1,1,1.000000
1112,56,0.26,46.54,138.93,93.15,1,1,1.000000
1112,58,250.31,562.85,533.77,157.35,1,1,1.000000
1112,54,465.39,500.62,175.02,71.07,1,1,1.000000
1113,51,417.53,551.57,483.22,103.69,1,1,1.000000
1113,52,0.00,205.71,315.01,147.13,1,1,1.000000
1113,56,0.00,43.15,187.16,99.35,1,1,1.000000
1113,54,519.17,500.39,128.28,70.70,1,1,1.000000
1113,49,304.74,584.80,525.60,135.71,1,1,1.000000
1114,51,417.53,551.57,483.22,103.69,1,1,1.000000
1114,52,0.00,205.71,315.01,147.13,1,1,1.000000
1114,56,0.00,43.15,187.16,99.35,1,1,1.000000
1114,54,519.17,500.39,128.28,70.70,1,1,1.000000
1114,49,304.74,584.80,525.60,135.71,1,1,1.000000
1115,51,487.33,510.08,464.88,142.16,1,1,1.000000
1115,52,0.00,169.19,356.76,187.26,1,1,1.000000
1115,56,0.00,26.37,242.78,117.84,1,1,1.000000
1115,49,393.28,640.99,487.14,78.82,1,1,1.000000
1116,51,487.33,510.08,464.88,142.16,1,1,1.000000
1116,52,0.00,169.19,356.76,187.26,1,1,1.000000
1116,56,0.00,26.37,242.78,117.84,1,1,1.000000
1116,49,393.28,640.99,487.14,78.82,1,1,1.000000
1117,51,487.33,510.08,464.88,142.16,1,1,1.000000
1117,52,0.00,169.19,356.76,187.26,1,1,1.000000
1117,56,0.00,26.37,242.78,117.84,1,1,1.000000
1117,49,393.28,640.99,487.14,78.82,1,1,1.000000
1118,52,14.81,243.13,437.55,124.71,1,1,1.000000
1118,56,1.61,38.20,350.52,106.99,1,1,1.000000
1118,49,591.09,590.57,382.27,129.45,1,1,1.000000
1119,52,14.81,243.13,437.55,124.71,1,1,1.000000
1119,56,1.61,38.20,350.52,106.99,1,1,1.000000
1119,49,591.09,590.57,382.27,129.45,1,1,1.000000
1119,60,0.68,147.33,120.05,74.43,1,1,1.000000
1120,52,9.24,237.19,489.77,137.39,1,1,1.000000
1120,56,5.82,47.00,396.30,97.80,1,1,1.000000
1120,49,655.34,542.84,365.78,173.59,1,1,1.000000
1120,60,0.14,129.92,178.39,103.30,1,1,1.000000
1120,51,697.92,518.62,513.42,120.64,1,1,1.000000
1121,52,7.04,230.78,533.44,149.56,1,1,1.000000
1121,56,29.48,49.43,412.68,97.09,1,1,1.000000
1121,60,0.00,122.81,248.52,112.94,1,1,1.000000
1121,61,30.05,634.98,354.26,83.59,1,1,1.000000
1121,62,1009.74,86.82,269.18,289.81,1,1,1.000000
1121,51,729.97,510.45,542.53,140.56,1,1,1.000000
1122,52,233.58,227.69,343.84,160.25,1,1,1.000000
1122,56,113.97,50.86,370.72,99.12,1,1,1.000000
1122,60,0.00,110.29,295.51,127.41,1,1,1.000000
1122,61,0.87,542.18,407.84,177.55,1,1,1.000000
1122,62,1132.75,77.69,143.39,226.02,1,1,1.000000
1122,51,795.78,505.44,484.67,150.24,1,1,1.000000
1122,63,0.00,381.86,149.52,131.16,1,1,1.000000
1122,64,0.00,0.13,227.31,54.87,1,1,1.000000
1122,49,743.07,554.55,347.38,163.91,1,1,1.000000
1123,52,233.58,227.69,343.84,160.25,1,1,1.000000
1123,56,113.97,50.86,370.72,99.12,1,1,1.000000
1123,60,0.00,110.29,295.51,127.41,1,1,1.000000
1123,61,0.87,542.18,407.84,177.55,1,1,1.000000
1123,62,1132.75,77.69,143.39,226.02,1,1,1.000000
1123,51,795.78,505.44,484.67,150.24,1,1,1.000000
1123,63,0.00,381.86,149.52,131.16,1,1,1.000000
1123,64,0.00,0.13,227.31,54.87,1,1,1.000000
1123,49,743.07,554.55,347.38,163.91,1,1,1.000000
1124,52,264.52,226.63,330.63,175.84,1,1,1.000000
1124,56,171.13,56.60,346.22,97.67,1,1,1.000000
1124,60,0.00,120.80,334.46,123.15,1,1,1.000000
1124,61,1.41,548.54,395.89,170.83,1,1,1.000000
1124,62,1142.45,72.58,137.11,226.35,1,1,1.000000
1124,51,811.69,503.57,467.95,157.25,1,1,1.000000
1124,63,0.00,375.82,171.76,169.76,1,1,1.000000
1124,64,0.00,0.02,258.27,61.78,1,1,1.000000
1124,49,816.26,562.83,285.29,154.94,1,1,1.000000
1125,52,264.52,226.63,330.63,175.84,1,1,1.000000
1125,56,171.13,56.60,346.22,97.67,1,1,1.000000
1125,60,0.00,120.80,334.46,123.15,1,1,1.000000
1125,61,1.41,548.54,395.89,170.83,1,1,1.000000
1125,62,1142.45,72.58,137.11,226.35,1,1,1.000000
1125,51,811.69,503.57,467.95,157.25,1,1,1.000000
1125,63,0.00,375.82,171.76,169.76,1,1,1.000000
1125,64,0.00,0.02,258.27,61.78,1,1,1.000000
1125,49,816.26,562.83,285.29,154.94,1,1,1.000000
1126,52,310.05,231.80,310.55,185.85,1,1,1.000000
1126,56,227.90,61.03,318.51,95.20,1,1,1.000000
1126,60,0.33,132.51,368.86,118.25,1,1,1.000000
1126,61,2.70,546.16,382.58,172.99,1,1,1.000000
1126,62,1156.20,63.27,123.09,240.49,1,1,1.000000
1126,51,859.46,505.77,420.13,142.92,1,1,1.000000
1126,63,0.44,385.36,214.52,180.91,1,1,1.000000
1126,64,0.00,0.00,283.65,65.57,1,1,1.000000
1126,49,883.82,580.99,238.83,138.59,1,1,1.000000
1127,52,328.28,257.38,322.89,174.83,1,1,1.000000
1127,56,262.62,62.58,322.52,96.89,1,1,1.000000
1127,60,0.63,126.92,407.73,127.52,1,1,1.000000
1127,61,42.63,572.09,338.32,148.06,1,1,1.000000
1127,62,1155.72,60.28,122.24,237.83,1,1,1.000000
1127,51,897.12,511.46,381.92,206.56,1,1,1.000000
1127,63,0.95,395.86,254.92,186.10,1,1,1.000000
1127,64,0.00,0.00,289.82,87.01,1,1,1.000000
1127,49,894.98,538.27,220.93,179.77,1,1,1.000000
1128,52,340.32,275.25,338.41,175.02,1,1,1.000000
1128,56,265.74,67.06,380.17,95.79,1,1,1.000000
1128,60,0.52,147.29,441.57,112.74,1,1,1.000000
1128,61,53.35,570.32,316.63,150.39,1,1,1.000000
1128,62,1158.08,64.38,121.06,236.92,1,1,1.000000
1128,51,943.22,501.45,336.56,145.24,1,1,1.000000
1128,63,1.29,401.88,302.64,193.21,1,1,1.000000
1128,64,0.00,0.00,308.13,74.58,1,1,1.000000
1128,49,931.70,542.69,173.07,177.78,1,1,1.000000
1129,52,340.32,275.25,338.41,175.02,1,1,1.000000
1129,56,265.74,67.06,380.17,95.79,1,1,1.000000
1129,60,0.52,147.29,441.57,112.74,1,1,1.000000
1129,61,53.35,570.32,316.63,150.39,1,1,1.000000
1129,62,1158.08,64.38,121.06,236.92,1,1,1.000000
1129,51,943.22,501.45,336.56,145.24,1,1,1.000000
1129,63,1.29,401.88,302.64,193.21,1,1,1.000000
1129,64,0.00,0.00,308.13,74.58,1,1,1.000000
1129,49,931.70,542.69,173.07,177.78,1,1,1.000000
1130,52,375.97,277.19,344.67,175.27,1,1,1.000000
1130,56,300.62,70.01,363.12,95.30,1,1,1.000000
1130,60,3.73,153.34,485.79,117.79,1,1,1.000000
1130,61,64.13,570.63,256.50,148.56,1,1,1.000000
1130,62,1154.81,65.20,124.20,233.52,1,1,1.000000
1130,51,983.45,499.28,296.35,144.03,1,1,1.000000
1130,63,33.76,407.79,318.72,195.37,1,1,1.000000
1130,64,0.00,0.00,360.40,81.75,1,1,1.000000
1131,52,434.59,279.24,345.37,179.73,1,1,1.000000
1131,56,370.76,74.75,341.48,94.15,1,1,1.000000
1131,60,93.70,163.60,450.05,104.25,1,1,1.000000
1131,61,63.99,547.91,268.68,170.30,1,1,1.000000
1131,62,1162.18,66.93,116.81,228.05,1,1,1.000000
1131,51,1027.38,504.64,253.30,125.97,1,1,1.000000
1131,63,105.08,425.51,305.23,187.79,1,1,1.000000
1131,64,3.39,0.02,387.25,97.67,1,1,1.000000
1131,67,992.93,639.07,85.84,81.35,1,1,1.000000
1132,52,434.59,279.24,345.37,179.73,1,1,1.000000
1132,56,370.76,74.75,341.48,94.15,1,1,1.000000
1132,60,93.70,163.60,450.05,104.25,1,1,1.000000
1132,61,63.99,547.91,268.68,170.30,1,1,1.000000
1132,62,1162.18,66.93,116.81,228.05,1,1,1.000000
1132,51,1027.38,504.64,253.30,125.97,1,1,1.000000
1132,63,105.08,425.51,305.23,187.79,1,1,1.000000
1132,64,3.39,0.02,387.25,97.67,1,1,1.000000
1132,67,992.93,639.07,85.84,81.35,1,1,1.000000
1133,52,471.97,278.15,344.65,183.94,1,1,1.000000
1133,56,400.73,76.84,364.67,95.24,1,1,1.000000
1133,60,117.35,154.66,479.31,117.58,1,1,1.000000
1133,61,156.95,595.19,189.58,123.06,1,1,1.000000
1133,62,1188.40,66.92,88.98,225.56,1,1,1.000000
1133,51,1095.91,518.85,184.20,104.00,1,1,1.000000
1133,63,110.87,407.48,344.12,210.23,1,1,1.000000
1133,64,1.80,0.14,439.47,115.44,1,1,1.000000
1134,52,471.97,278.15,344.65,183.94,1,1,1.000000
1134,56,400.73,76.84,364.67,95.24,1,1,1.000000
1134,60,117.35,154.66,479.31,117.58,1,1,1.000000
1134,61,156.95,595.19,189.58,123.06,1,1,1.000000
1134,62,1188.40,66.92,88.98,225.56,1,1,1.000000
1134,51,1095.91,518.85,184.20,104.00,1,1,1.000000
1134,63,110.87,407.48,344.12,210.23,1,1,1.000000
1134,64,1.80,0.14,439.47,115.44,1,1,1.000000
1135,52,517.61,287.33,330.91,181.30,1,1,1.000000
1135,56,452.00,78.29,354.77,97.28,1,1,1.000000
1135,60,192.43,164.93,447.13,104.87,1,1,1.000000
1135,61,215.05,595.19,136.84,124.19,1,1,1.000000
1135,51,1139.32,530.60,140.48,81.76,1,1,1.000000
1135,63,153.79,476.21,339.75,147.53,1,1,1.000000
1135,64,24.35,0.27,436.39,111.01,1,1,1.000000
1136,52,517.61,287.33,330.91,181.30,1,1,1.000000
1136,56,452.00,78.29,354.77,97.28,1,1,1.000000
1136,60,192.43,164.93,447.13,104.87,1,1,1.000000
1136,61,215.05,595.19,136.84,124.19,1,1,1.000000
1136,51,1139.32,530.60,140.48,81.76,1,1,1.000000
1136,63,153.79,476.21,339.75,147.53,1,1,1.000000
1136,64,24.35,0.27,436.39,111.01,1,1,1.000000
1137,52,549.26,328.86,331.66,150.77,1,1,1.000000
1137,56,495.71,72.78,353.79,104.08,1,1,1.000000
1137,60,267.43,161.62,409.86,107.87,1,1,1.000000
1137,61,221.34,596.40,132.78,123.70,1,1,1.000000
1137,51,1197.48,549.17,82.73,71.88,1,1,1.000000
1137,63,159.43,475.19,369.15,165.35,1,1,1.000000
1137,64,59.28,0.00,426.58,107.14,1,1,1.000000
1138,52,546.94,324.64,359.03,173.19,1,1,1.000000
1138,56,515.03,70.30,372.87,105.72,1,1,1.000000
1138,60,283.53,155.03,426.52,115.09,1,1,1.000000
1138,61,204.31,591.97,159.50,127.30,1,1,1.000000
1138,63,170.27,498.56,405.52,152.16,1,1,1.000000
1138,64,91.16,0.00,422.05,106.38,1,1,1.000000
1139,52,556.10,339.07,380.20,173.20,1,1,1.000000
1139,56,525.63,71.57,397.55,101.61,1,1,1.000000
1139,60,304.28,158.57,451.17,130.19,1,1,1.000000
1139,63,216.01,517.80,395.55,139.25,1,1,1.000000
1139,64,123.44,0.00,414.10,94.70,1,1,1.000000
1140,52,556.10,339.07,380.20,173.20,1,1,1.000000
1140,56,525.63,71.57,397.55,101.61,1,1,1.000000
1140,60,304.28,158.57,451.17,130.19,1,1,1.000000
1140,63,216.01,517.80,395.55,139.25,1,1,1.000000
1140,64,123.44,0.00,414.10,94.70,1,1,1.000000
1140,68,0.32,243.46,56.57,71.23,1,1,1.000000
1141,52,556.10,339.07,380.20,173.20,1,1,1.000000
1141,56,525.63,71.57,397.55,101.61,1,1,1.000000
1141,60,304.28,158.57,451.17,130.19,1,1,1.000000
1141,63,216.01,517.80,395.55,139.25,1,1,1.000000
1141,64,123.44,0.00,414.10,94.70,1,1,1.000000
1141,68,0.32,243.46,56.57,71.23,1,1,1.000000
1142,52,604.77,369.74,398.37,173.82,1,1,1.000000
1142,56,592.12,76.03,410.35,100.51,1,1,1.000000
1142,60,397.67,152.55,440.62,126.40,1,1,1.000000
1142,63,318.99,500.23,372.73,174.47,1,1,1.000000
1142,64,167.03,0.00,404.64,88.91,1,1,1.000000
1142,68,0.34,266.96,73.28,83.98,1,1,1.000000
1143,52,604.77,369.74,398.37,173.82,1,1,1.000000
1143,56,592.12,76.03,410.35,100.51,1,1,1.000000
1143,60,397.67,152.55,440.62,126.40,1,1,1.000000
1143,63,318.99,500.23,372.73,174.47,1,1,1.000000
1143,64,167.03,0.00,404.64,88.91,1,1,1.000000
1143,68,0.34,266.96,73.28,83.98,1,1,1.000000
1143,69,1179.92,68.70,99.14,217.41,1,1,1.000000
1144,52,639.84,369.79,409.74,185.45,1,1,1.000000
1144,56,633.84,77.15,403.62,100.38,1,1,1.000000
1144,60,462.48,152.69,424.60,112.55,1,1,1.000000
1144,63,358.32,505.20,375.31,184.51,1,1,1.000000
1144,64,193.30,0.02,407.71,84.89,1,1,1.000000
1144,68,0.00,283.31,66.33,83.93,1,1,1.000000
1144,69,1173.99,69.01,105.03,216.25,1,1,1.000000
1145,52,639.84,369.79,409.74,185.45,1,1,1.000000
1145,56,633.84,77.15,403.62,100.38,1,1,1.000000
1145,60,462.48,152.69,424.60,112.55,1,1,1.000000
1145,63,358.32,505.20,375.31,184.51,1,1,1.000000
1145,64,193.30,0.02,407.71,84.89,1,1,1.000000
1145,68,0.00,283.31,66.33,83.93,1,1,1.000000
1145,69,1173.99,69.01,105.03,216.25,1,1,1.000000
1146,52,639.84,369.79,409.74,185.45,1,1,1.000000
1146,56,633.84,77.15,403.62,100.38,1,1,1.000000
1146,60,462.48,152.69,424.60,112.55,1,1,1.000000
1146,63,358.32,505.20,375.31,184.51,1,1,1.000000
1146,64,193.30,0.02,407.71,84.89,1,1,1.000000
1146,68,0.00,283.31,66.33,83.93,1,1,1.000000
1146,69,1173.99,69.01,105.03,216.25,1,1,1.000000
1147,52,723.97,355.58,437.97,221.50,1,1,1.000000
1147,56,702.14,62.04,448.68,111.87,1,1,1.000000
1147,60,571.07,151.39,460.40,100.86,1,1,1.000000
1147,63,446.25,562.06,387.26,157.41,1,1,1.000000
1147,64,298.96,0.00,381.22,72.81,1,1,1.000000
1147,68,0.00,284.24,68.03,106.40,1,1,1.000000
1147,61,286.04,559.77,143.50,136.68,1,1,1.000000
1148,52,723.97,355.58,437.97,221.50,1,1,1.000000
1148,56,702.14,62.04,448.68,111.87,1,1,1.000000
1148,60,571.07,151.39,460.40,100.86,1,1,1.000000
1148,63,446.25,562.06,387.26,157.41,1,1,1.000000
1148,64,298.96,0.00,381.22,72.81,1,1,1.000000
1148,68,0.00,284.24,68.03,106.40,1,1,1.000000
1148,70,0.10,285.44,181.39,145.97,1,1,1.000000
1148,61,286.04,559.77,143.50,136.68,1,1,1.000000
1149,52,759.68,356.49,459.25,232.72,1,1,1.000000
1149,56,753.17,59.19,469.69,112.43,1,1,1.000000
1149,60,611.03,147.02,474.65,97.51,1,1,1.000000
1149,63,494.42,554.78,386.82,164.97,1,1,1.000000
1149,64,378.27,0.00,333.29,62.29,1,1,1.000000
1149,68,0.00,289.79,74.67,110.91,1,1,1.000000
1150,52,826.48,362.12,452.21,244.55,1,1,1.000000
1150,56,752.35,60.20,527.87,103.96,1,1,1.000000
1150,60,677.33,135.86,537.80,103.50,1,1,1.000000
1150,63,552.04,540.66,388.62,179.44,1,1,1.000000
1150,64,430.02,0.00,311.33,57.26,1,1,1.000000
1150,68,0.03,298.21,82.00,112.06,1,1,1.000000
1150,69,1222.64,70.27,56.63,211.35,1,1,1.000000
1150,61,384.08,590.88,229.64,129.43,1,1,1.000000
1151,52,826.48,362.12,452.21,244.55,1,1,1.000000
1151,56,752.35,60.20,527.87,103.96,1,1,1.000000
1151,60,677.33,135.86,537.80,103.50,1,1,1.000000
1151,63,552.04,540.66,388.62,179.44,1,1,1.000000
1151,64,430.02,0.00,311.33,57.26,1,1,1.000000
1151,68,0.03,298.21,82.00,112.06,1,1,1.000000
1151,69,1222.64,70.27,56.63,211.35,1,1,1.000000
1151,61,384.08,590.88,229.64,129.43,1,1,1.000000
1152,52,852.78,370.85,427.76,247.12,1,1,1.000000
1152,60,734.42,119.29,524.65,120.07,1,1,1.000000
1152,63,612.18,522.71,355.76,197.95,1,1,1.000000
1152,64,485.36,0.00,299.27,61.87,1,1,1.000000
1152,68,0.00,308.23,70.95,111.28,1,1,1.000000
1152,69,1182.96,67.02,98.92,213.54,1,1,1.000000
1152,61,402.16,580.47,96.73,138.22,1,1,1.000000
1153,52,875.79,373.53,404.42,245.44,1,1,1.000000
1153,60,771.97,55.55,509.51,187.15,1,1,1.000000
1153,63,647.76,518.34,351.86,202.12,1,1,1.000000
1153,64,513.69,0.00,301.24,53.20,1,1,1.000000
1153,61,402.02,584.74,102.75,134.30,1,1,1.000000
1153,56,946.39,55.71,333.98,104.24,1,1,1.000000
1154,52,875.79,373.53,404.42,245.44,1,1,1.000000
1154,60,771.97,55.55,509.51,187.15,1,1,1.000000
1154,63,647.76,518.34,351.86,202.12,1,1,1.000000
1154,64,513.69,0.00,301.24,53.20,1,1,1.000000
1154,61,402.02,584.74,102.75,134.30,1,1,1.000000
1154,74,1220.85,220.92,58.71,62.10,1,1,1.000000
1154,56,946.39,55.71,333.98,104.24,1,1,1.000000
1155,52,889.44,383.12,389.69,242.98,1,1,1.000000
1155,60,814.82,68.59,463.13,193.60,1,1,1.000000
1155,63,699.70,529.68,324.97,190.44,1,1,1.000000
1155,64,541.25,0.18,301.57,43.33,1,1,1.000000
1155,68,0.00,309.51,111.42,58.08,1,1,1.000000
1156,52,889.44,383.12,389.69,242.98,1,1,1.000000
1156,60,814.82,68.59,463.13,193.60,1,1,1.000000
1156,63,699.70,529.68,324.97,190.44,1,1,1.000000
1156,64,541.25,0.18,301.57,43.33,1,1,1.000000
1156,68,0.00,309.51,111.42,58.08,1,1,1.000000
1157,52,918.71,399.10,361.76,224.46,1,1,1.000000
1157,60,865.75,123.64,413.81,158.44,1,1,1.000000
1157,63,761.22,551.30,294.29,168.62,1,1,1.000000
1157,68,0.05,309.24,137.84,54.01,1,1,1.000000
1158,52,952.62,420.85,326.92,207.00,1,1,1.000000
1158,60,951.76,136.08,326.75,144.88,1,1,1.000000
1158,63,772.73,566.07,297.24,153.31,1,1,1.000000
1158,75,0.77,617.97,167.12,91.10,1,1,1.000000
1158,70,0.00,281.11,146.03,84.43,1,1,1.000000
1158,56,1118.67,72.71,160.85,69.58,1,1,1.000000
1159,52,952.62,420.85,326.92,207.00,1,1,1.000000
1159,60,951.76,136.08,326.75,144.88,1,1,1.000000
1159,63,772.73,566.07,297.24,153.31,1,1,1.000000
1159,75,0.77,617.97,167.12,91.10,1,1,1.000000
1159,70,0.00,281.11,146.03,84.43,1,1,1.000000
1159,56,1118.67,72.71,160.85,69.58,1,1,1.000000
1160,52,987.33,425.28,292.63,214.34,1,1,1.000000
1160,60,1005.22,136.90,273.86,145.92,1,1,1.000000
1160,63,801.89,604.23,281.22,115.87,1,1,1.000000
1160,75,1.00,632.86,96.36,83.10,1,1,1.000000
1160,70,0.00,280.11,167.50,93.19,1,1,1.000000
1160,56,1135.92,70.60,144.32,82.38,1,1,1.000000
1161,52,1021.52,435.79,258.72,197.59,1,1,1.000000
1161,60,1068.00,132.47,211.99,154.88,1,1,1.000000
1161,63,842.75,629.70,235.87,90.10,1,1,1.000000
1161,75,0.24,630.93,187.80,86.31,1,1,1.000000
1161,70,0.00,278.33,193.54,100.52,1,1,1.000000
1161,56,1157.73,70.34,121.60,84.92,1,1,1.000000
1162,52,1021.52,435.79,258.72,197.59,1,1,1.000000
1162,60,1068.00,132.47,211.99,154.88,1,1,1.000000
1162,63,842.75,629.70,235.87,90.10,1,1,1.000000
1162,75,0.24,630.93,187.80,86.31,1,1,1.000000
1162,70,0.00,278.33,193.54,100.52,1,1,1.000000
1162,56,1157.73,70.34,121.60,84.92,1,1,1.000000
1163,52,1045.46,439.54,235.45,192.16,1,1,1.000000
1163,63,797.00,625.05,276.93,94.44,1,1,1.000000
1163,75,1.43,637.61,194.29,81.37,1,1,1.000000
1163,70,0.00,280.81,207.15,109.28,1,1,1.000000
1163,69,1135.13,100.13,145.16,190.30,1,1,1.000000
1163,74,1186.40,228.36,94.26,62.81,1,1,1.000000
1164,52,1045.46,439.54,235.45,192.16,1,1,1.000000
1164,63,797.00,625.05,276.93,94.44,1,1,1.000000
1164,75,1.43,637.61,194.29,81.37,1,1,1.000000
1164,70,0.00,280.81,207.15,109.28,1,1,1.000000
1164,76,0.00,510.57,80.40,67.99,1,1,1.000000
1164,69,1135.13,100.13,145.16,190.30,1,1,1.000000
1164,74,1186.40,228.36,94.26,62.81,1,1,1.000000
1165,52,1072.58,454.84,208.08,174.92,1,1,1.000000
1165,63,950.75,630.56,110.15,89.74,1,1,1.000000
1165,75,1.45,645.18,212.77,74.57,1,1,1.000000
1165,70,0.00,289.14,227.80,113.34,1,1,1.000000
1165,76,0.00,513.16,93.58,72.39,1,1,1.000000
1165,69,1150.98,88.05,128.52,195.82,1,1,1.000000
1165,74,1175.18,230.73,105.17,63.04,1,1,1.000000
1165,56,1200.64,87.86,78.98,104.64,1,1,1.000000
1166,52,1115.46,482.06,164.86,147.05,1,1,1.000000
1166,75,1.31,653.57,220.63,66.17,1,1,1.000000
1166,70,0.03,312.06,247.80,99.51,1,1,1.000000
1166,76,0.00,520.03,119.56,72.26,1,1,1.000000
1167,52,1148.40,517.83,130.94,110.33,1,1,1.000000
1167,70,0.00,320.42,278.66,94.01,1,1,1.000000
1167,76,0.42,528.95,132.60,85.33,1,1,1.000000
1167,77,0.00,266.63,89.86,62.08,1,1,1.000000
1168,52,1148.40,517.83,130.94,110.33,1,1,1.000000
1168,70,0.00,320.42,278.66,94.01,1,1,1.000000
1168,76,0.42,528.95,132.60,85.33,1,1,1.000000
1168,77,0.00,266.63,89.86,62.08,1,1,1.000000
1168,79,937.00,0.00,339.70,33.02,1,1,1.000000
1168,80,418.47,0.68,91.73,57.49,1,1,1.000000
1169,52,1170.41,527.17,109.78,99.05,1,1,1.000000
1169,70,0.00,331.15,279.48,95.07,1,1,1.000000
1169,76,0.00,532.90,148.22,97.09,1,1,1.000000
1169,77,0.04,265.24,107.69,76.30,1,1,1.000000
1169,79,921.23,0.00,356.51,38.42,1,1,1.000000
1169,80,417.56,0.46,99.48,64.85,1,1,1.000000
1170,52,1212.41,555.29,67.48,76.33,1,1,1.000000
1170,70,0.00,343.09,313.25,94.77,1,1,1.000000
1170,76,0.13,535.32,160.80,120.12,1,1,1.000000
1170,77,0.32,250.23,132.03,105.46,1,1,1.000000
1170,79,920.96,0.64,352.73,47.02,1,1,1.000000
1170,80,401.27,0.23,124.19,82.56,1,1,1.000000
1171,52,1212.41,555.29,67.48,76.33,1,1,1.000000
1171,70,0.00,343.09,313.25,94.77,1,1,1.000000
1171,76,0.13,535.32,160.80,120.12,1,1,1.000000
1171,77,0.32,250.23,132.03,105.46,1,1,1.000000
1171,79,920.96,0.64,352.73,47.02,1,1,1.000000
1171,80,401.27,0.23,124.19,82.56,1,1,1.000000
1171,81,187.03,9.64,341.32,72.75,1,1,1.000000
1171,82,1055.73,0.14,223.53,43.94,1,1,1.000000
1171,83,192.65,26.01,143.48,52.78,1,1,1.000000
1172,70,0.66,350.74,322.92,116.78,1,1,1.000000
1172,76,0.11,549.61,179.25,126.82,1,1,1.000000
1172,77,0.28,263.60,144.34,110.87,1,1,1.000000
1172,80,408.40,1.99,130.37,93.26,1,1,1.000000
1172,83,203.72,39.79,141.72,56.08,1,1,1.000000
1173,70,0.66,350.74,322.92,116.78,1,1,1.000000
1173,76,0.11,549.61,179.25,126.82,1,1,1.000000
1173,77,0.28,263.60,144.34,110.87,1,1,1.000000
1173,80,408.40,1.99,130.37,93.26,1,1,1.000000
1173,83,203.72,39.79,141.72,56.08,1,1,1.000000
1173,84,0.33,87.28,83.98,77.26,1,1,1.000000
1174,70,1.00,356.18,269.50,121.59,1,1,1.000000
1174,76,0.01,564.68,197.52,121.27,1,1,1.000000
1174,77,0.27,272.21,164.05,113.82,1,1,1.000000
1174,80,417.43,22.58,128.24,83.42,1,1,1.000000
1174,83,210.60,46.51,142.30,60.13,1,1,1.000000
1174,84,0.00,85.62,112.01,90.63,1,1,1.000000
1174,82,1088.60,0.58,190.94,54.45,1,1,1.000000
1175,70,0.82,383.63,303.33,162.37,1,1,1.000000
1175,76,0.30,570.92,212.08,124.71,1,1,1.000000
1175,77,0.25,281.24,175.78,114.91,1,1,1.000000
1175,83,221.97,59.00,139.45,55.17,1,1,1.000000
1175,84,0.00,71.11,184.76,144.95,1,1,1.000000
1176,70,0.82,383.63,303.33,162.37,1,1,1.000000
1176,76,0.30,570.92,212.08,124.71,1,1,1.000000
1176,77,0.25,281.24,175.78,114.91,1,1,1.000000
1176,83,221.97,59.00,139.45,55.17,1,1,1.000000
1176,84,0.00,71.11,184.76,144.95,1,1,1.000000
1177,70,1.03,380.34,295.20,192.91,1,1,1.000000
1177,76,0.14,579.09,234.59,107.73,1,1,1.000000
1177,77,0.00,287.45,201.71,108.55,1,1,1.000000
1177,84,0.00,68.45,219.36,149.74,1,1,1.000000
1178,70,63.06,385.07,241.85,215.23,1,1,1.000000
1178,76,0.83,581.48,277.68,92.92,1,1,1.000000
1178,77,0.00,280.21,250.69,115.19,1,1,1.000000
1178,84,0.00,61.25,278.94,158.81,1,1,1.000000
1179,70,63.06,385.07,241.85,215.23,1,1,1.000000
1179,76,0.83,581.48,277.68,92.92,1,1,1.000000
1179,77,0.00,280.21,250.69,115.19,1,1,1.000000
1179,84,0.00,61.25,278.94,158.81,1,1,1.000000
1179,85,0.25,660.12,91.82,59.75,1,1,1.000000
1180,70,1.81,373.46,332.31,253.72,1,1,1.000000
1180,76,2.82,576.58,334.37,90.79,1,1,1.000000
1180,77,0.00,271.62,296.91,116.04,1,1,1.000000
1180,84,1.24,48.96,390.87,183.60,1,1,1.000000
1180,85,0.86,629.02,120.15,89.13,1,1,1.000000
1181,70,1.81,373.46,332.31,253.72,1,1,1.000000
1181,76,2.82,576.58,334.37,90.79,1,1,1.000000
1181,77,0.00,271.62,296.91,116.04,1,1,1.000000
1181,84,1.24,48.96,390.87,183.60,1,1,1.000000
1181,85,0.86,629.02,120.15,89.13,1,1,1.000000
1182,70,155.99,368.68,201.61,280.05,1,1,1.000000
1182,77,0.00,259.39,347.07,117.18,1,1,1.000000
1182,84,0.44,31.20,425.41,179.27,1,1,1.000000
1183,70,1.73,354.09,404.30,343.35,1,1,1.000000
1183,77,1.40,253.66,393.31,113.42,1,1,1.000000
1183,84,0.87,4.91,484.99,186.32,1,1,1.000000
1183,86,0.72,194.00,185.34,86.71,1,1,1.000000
1183,69,1175.13,128.63,103.21,203.46,1,1,1.000000
1184,70,1.73,354.09,404.30,343.35,1,1,1.000000
1184,77,1.40,253.66,393.31,113.42,1,1,1.000000
1184,84,0.87,4.91,484.99,186.32,1,1,1.000000
1184,86,0.72,194.00,185.34,86.71,1,1,1.000000
1184,69,1175.13,128.63,103.21,203.46,1,1,1.000000
1185,70,8.48,442.32,435.56,240.91,1,1,1.000000
1185,77,0.95,240.93,450.33,127.08,1,1,1.000000
1185,84,0.49,1.27,535.35,182.67,1,1,1.000000
1185,86,0.32,185.37,229.80,91.88,1,1,1.000000
1185,69,1197.85,129.12,81.78,189.48,1,1,1.000000
1185,85,1.11,616.34,91.95,103.56,1,1,1.000000
1186,70,175.80,441.45,328.33,183.72,1,1,1.000000
1186,77,26.72,231.44,477.12,122.98,1,1,1.000000
1186,84,69.27,1.02,566.18,184.36,1,1,1.000000
1186,86,0.00,183.23,283.51,94.40,1,1,1.000000
1186,69,1221.96,119.77,58.04,194.96,1,1,1.000000
1186,85,0.61,606.49,157.26,112.54,1,1,1.000000
1187,70,175.80,441.45,328.33,183.72,1,1,1.000000
1187,77,26.72,231.44,477.12,122.98,1,1,1.000000
1187,84,69.27,1.02,566.18,184.36,1,1,1.000000
1187,86,0.00,183.23,283.51,94.40,1,1,1.000000
1187,69,1221.96,119.77,58.04,194.96,1,1,1.000000
1187,85,0.61,606.49,157.26,112.54,1,1,1.000000
1187,87,554.77,669.20,225.81,50.61,1,1,1.000000
1187,88,109.30,503.03,140.06,80.87,1,1,1.000000
1188,70,169.83,420.38,369.54,195.54,1,1,1.000000
1188,77,84.31,225.92,464.19,121.87,1,1,1.000000
1188,84,166.30,0.67,530.23,136.92,1,1,1.000000
1188,86,0.03,134.15,320.57,132.30,1,1,1.000000
1188,87,542.45,661.41,288.08,57.76,1,1,1.000000
1188,76,50.68,581.63,237.67,120.05,1,1,1.000000
1189,70,169.57,419.14,408.82,201.63,1,1,1.000000
1189,77,121.12,217.01,478.99,123.16,1,1,1.000000
1189,84,263.07,0.52,487.00,134.26,1,1,1.000000
1189,86,0.00,130.40,371.11,125.90,1,1,1.000000
1189,87,562.82,654.71,300.68,64.30,1,1,1.000000
1189,89,310.40,639.04,345.01,77.54,1,1,1.000000
1189,90,0.05,66.91,144.83,80.75,1,1,1.000000
1189,76,0.83,585.31,285.91,134.17,1,1,1.000000
1190,70,169.57,419.14,408.82,201.63,1,1,1.000000
1190,77,121.12,217.01,478.99,123.16,1,1,1.000000
1190,84,263.07,0.52,487.00,134.26,1,1,1.000000
1190,86,0.00,130.40,371.11,125.90,1,1,1.000000
1190,87,562.82,654.71,300.68,64.30,1,1,1.000000
1190,89,310.40,639.04,345.01,77.54,1,1,1.000000
1190,90,0.05,66.91,144.83,80.75,1,1,1.000000
1190,76,0.83,585.31,285.91,134.17,1,1,1.000000
1190,91,259.03,530.09,325.43,91.01,1,1,1.000000
1191,70,162.50,421.55,412.73,201.55,1,1,1.000000
1191,77,163.22,209.80,477.55,131.25,1,1,1.000000
1191,84,346.39,0.65,483.08,112.36,1,1,1.000000
1191,86,0.00,116.57,430.79,135.36,1,1,1.000000
1191,87,361.02,629.61,544.17,89.10,1,1,1.000000
1191,89,360.25,628.36,332.54,86.14,1,1,1.000000
1191,90,0.47,58.84,173.95,80.78,1,1,1.000000
1191,76,0.02,545.57,275.72,174.62,1,1,1.000000
1191,91,265.19,525.71,342.55,100.66,1,1,1.000000
1192,70,157.43,408.69,453.03,219.48,1,1,1.000000
1192,77,236.63,209.08,448.59,131.57,1,1,1.000000
1192,84,430.99,0.34,449.84,94.72,1,1,1.000000
1192,86,0.00,118.20,476.59,136.03,1,1,1.000000
1192,87,437.98,649.98,509.38,68.35,1,1,1.000000
1192,89,429.48,618.82,296.14,95.10,1,1,1.000000
1192,90,0.00,54.89,216.33,82.47,1,1,1.000000
1192,76,0.04,542.96,264.38,173.45,1,1,1.000000
1192,91,439.73,517.89,216.74,81.19,1,1,1.000000
1193,70,157.43,408.69,453.03,219.48,1,1,1.000000
1193,77,236.63,209.08,448.59,131.57,1,1,1.000000
1193,84,430.99,0.34,449.84,94.72,1,1,1.000000
1193,86,0.00,118.20,476.59,136.03,1,1,1.000000
1193,87,437.98,649.98,509.38,68.35,1,1,1.000000
1193,89,429.48,618.82,296.14,95.10,1,1,1.000000
1193,90,0.00,54.89,216.33,82.47,1,1,1.000000
1193,76,0.04,542.96,264.38,173.45,1,1,1.000000
1193,91,439.73,517.89,216.74,81.19,1,1,1.000000
1194,70,159.95,423.26,463.49,193.61,1,1,1.000000
1194,77,293.89,209.59,440.69,122.84,1,1,1.000000
1194,84,523.17,0.03,437.88,78.81,1,1,1.000000
1194,86,29.71,111.85,479.02,140.58,1,1,1.000000
1194,89,446.14,622.66,551.73,96.39,1,1,1.000000
1194,90,0.63,52.59,255.41,79.29,1,1,1.000000
1194,76,0.00,566.88,467.23,149.93,1,1,1.000000
1195,70,161.55,442.11,589.58,157.58,1,1,1.000000
1195,77,345.28,209.88,438.34,116.04,1,1,1.000000
1195,84,606.40,0.14,422.87,72.58,1,1,1.000000
1195,86,69.98,112.19,520.12,127.24,1,1,1.000000
1195,89,474.24,619.03,591.68,99.74,1,1,1.000000
1195,90,37.67,52.57,309.62,79.46,1,1,1.000000
1195,76,20.50,567.66,492.87,132.81,1,1,1.000000
1196,70,161.55,442.11,589.58,157.58,1,1,1.000000
1196,77,345.28,209.88,438.34,116.04,1,1,1.000000
1196,84,606.40,0.14,422.87,72.58,1,1,1.000000
1196,86,69.98,112.19,520.12,127.24,1,1,1.000000
1196,89,474.24,619.03,591.68,99.74,1,1,1.000000
1196,90,37.67,52.57,309.62,79.46,1,1,1.000000
1196,76,20.50,567.66,492.87,132.81,1,1,1.000000
1197,70,165.83,480.10,424.64,117.67,1,1,1.000000
1197,77,398.88,206.24,434.20,115.98,1,1,1.000000
1197,84,655.47,0.75,438.11,61.37,1,1,1.000000
1197,86,169.14,102.78,467.44,133.20,1,1,1.000000
1197,89,426.51,609.36,673.17,109.11,1,1,1.000000
1197,90,61.41,57.34,315.79,82.08,1,1,1.000000
1197,87,518.12,608.40,328.63,93.32,1,1,1.000000
1197,91,168.31,474.65,625.12,128.21,1,1,1.000000
1198,70,165.83,480.10,424.64,117.67,1,1,1.000000
1198,77,398.88,206.24,434.20,115.98,1,1,1.000000
1198,84,655.47,0.75,438.11,61.37,1,1,1.000000
1198,86,169.14,102.78,467.44,133.20,1,1,1.000000
1198,89,426.51,609.36,673.17,109.11,1,1,1.000000
1198,90,61.41,57.34,315.79,82.08,1,1,1.000000
1198,95,421.67,667.23,207.39,52.61,1,1,1.000000
1198,87,518.12,608.40,328.63,93.32,1,1,1.000000
1198,91,168.31,474.65,625.12,128.21,1,1,1.000000
1199,70,165.14,470.00,421.12,111.62,1,1,1.000000
1199,77,481.39,200.99,416.37,106.87,1,1,1.000000
1199,86,240.21,95.31,437.66,124.21,1,1,1.000000
1199,89,553.98,604.90,566.20,113.69,1,1,1.000000
1199,90,137.33,59.25,285.64,89.58,1,1,1.000000
1199,95,409.61,624.13,259.17,94.56,1,1,1.000000
1199,87,556.25,602.97,323.07,106.24,1,1,1.000000
1199,91,164.73,473.57,674.08,109.69,1,1,1.000000
1199,97,805.56,659.90,311.09,59.37,1,1,1.000000
1200,70,140.62,475.38,466.11,110.54,1,1,1.000000
1200,77,511.08,191.07,404.93,113.42,1,1,1.000000
1200,86,268.28,95.18,442.77,117.53,1,1,1.000000
1200,89,421.12,616.27,721.84,101.92,1,1,1.000000
1200,90,169.82,42.98,279.91,96.93,1,1,1.000000
1200,87,425.89,607.12,512.80,110.35,1,1,1.000000
1200,91,370.39,542.10,373.22,85.14,1,1,1.000000
1200,98,594.20,499.29,278.75,79.65,1,1,1.000000
1200,99,0.14,363.84,126.44,93.57,1,1,1.000000
1200,79,876.22,60.80,242.83,55.40,1,1,1.000000
1201,70,140.62,475.38,466.11,110.54,1,1,1.000000
1201,77,511.08,191.07,404.93,113.42,1,1,1.000000
1201,86,268.28,95.18,442.77,117.53,1,1,1.000000
1201,89,421.12,616.27,721.84,101.92,1,1,1.000000
1201,90,169.82,42.98,279.91,96.93,1,1,1.000000
1201,87,425.89,607.12,512.80,110.35,1,1,1.000000
1201,91,370.39,542.10,373.22,85.14,1,1,1.000000
1201,98,594.20,499.29,278.75,79.65,1,1,1.000000
1201,99,0.14,363.84,126.44,93.57,1,1,1.000000
1201,101,0.04,104.22,64.95,62.37,1,1,1.000000
1201,102,0.07,292.71,64.89,50.56,1,1,1.000000
1201,103,0.48,234.27,46.43,52.51,1,1,1.000000
1201,79,876.22,60.80,242.83,55.40,1,1,1.000000
1202,70,127.45,478.57,464.74,109.45,1,1,1.000000
1202,77,548.64,185.70,422.69,119.82,1,1,1.000000
1202,86,316.47,85.94,480.16,133.52,1,1,1.000000
1202,90,225.63,53.45,286.45,92.97,1,1,1.000000
1202,87,602.29,559.70,336.14,115.24,1,1,1.000000
1202,91,382.64,530.76,255.92,93.58,1,1,1.000000
1202,98,553.45,494.32,350.11,88.47,1,1,1.000000
1202,99,0.25,361.08,197.36,101.50,1,1,1.000000
1202,101,0.79,97.72,115.88,89.48,1,1,1.000000
1202,102,0.64,298.68,117.73,61.18,1,1,1.000000
1202,103,0.87,220.77,99.95,68.01,1,1,1.000000
1202,95,435.15,648.66,302.97,71.04,1,1,1.000000
1202,97,725.28,664.38,446.52,54.23,1,1,1.000000
1203,70,113.04,476.28,449.37,125.36,1,1,1.000000
1203,77,595.11,178.38,425.48,135.39,1,1,1.000000
1203,86,361.73,82.73,475.59,142.84,1,1,1.000000
1203,90,250.60,62.86,272.01,80.39,1,1,1.000000
1203,87,678.77,602.53,303.67,76.43,1,1,1.000000
1203,91,387.51,520.47,276.81,104.28,1,1,1.000000
1203,98,610.33,488.37,337.05,101.05,1,1,1.000000
1203,99,0.09,346.10,251.74,136.58,1,1,1.000000
1203,101,0.33,98.30,147.09,87.76,1,1,1.000000
1203,102,0.51,281.73,159.89,70.09,1,1,1.000000
1203,103,0.12,219.25,136.73,68.46,1,1,1.000000
1203,95,478.82,664.92,261.80,55.05,1,1,1.000000
1203,97,882.19,667.60,315.37,52.15,1,1,1.000000
1204,70,113.04,476.28,449.37,125.36,1,1,1.000000
1204,77,595.11,178.38,425.48,135.39,1,1,1.000000
1204,86,361.73,82.73,475.59,142.84,1,1,1.000000
1204,90,250.60,62.86,272.01,80.39,1,1,1.000000
1204,87,678.77,602.53,303.67,76.43,1,1,1.000000
1204,91,387.51,520.47,276.81,104.28,1,1,1.000000
1204,98,610.33,488.37,337.05,101.05,1,1,1.000000
1204,99,0.09,346.10,251.74,136.58,1,1,1.000000
1204,101,0.33,98.30,147.09,87.76,1,1,1.000000
1204,102,0.51,281.73,159.89,70.09,1,1,1.000000
1204,103,0.12,219.25,136.73,68.46,1,1,1.000000
1204,95,478.82,664.92,261.80,55.05,1,1,1.000000
1204,97,882.19,667.60,315.37,52.15,1,1,1.000000
1205,70,117.18,471.28,450.69,128.36,1,1,1.000000
1205,77,614.84,188.88,464.71,136.38,1,1,1.000000
1205,86,391.28,82.42,452.76,135.87,1,1,1.000000
1205,90,238.20,46.91,287.67,104.91,1,1,1.000000
1205,91,439.44,519.25,274.36,114.36,1,1,1.000000
1205,98,648.33,492.28,347.93,102.38,1,1,1.000000
1205,99,0.00,336.41,302.97,173.06,1,1,1.000000
1205,101,0.84,99.35,152.78,95.52,1,1,1.000000
1205,102,0.66,297.91,162.55,57.03,1,1,1.000000
1205,103,0.00,222.15,136.28,63.85,1,1,1.000000
1205,95,532.15,665.01,227.69,54.93,1,1,1.000000
1205,97,1011.42,665.06,219.19,54.51,1,1,1.000000
1205,89,716.94,600.79,330.67,113.23,1,1,1.000000
1206,70,117.18,471.28,450.69,128.36,1,1,1.000000
1206,77,614.84,188.88,464.71,136.38,1,1,1.000000
1206,86,391.28,82.42,452.76,135.87,1,1,1.000000
1206,90,238.20,46.91,287.67,104.91,1,1,1.000000
1206,91,439.44,519.25,274.36,114.36,1,1,1.000000
1206,98,648.33,492.28,347.93,102.38,1,1,1.000000
1206,99,0.00,336.41,302.97,173.06,1,1,1.000000
1206,101,0.84,99.35,152.78,95.52,1,1,1.000000
1206,102,0.66,297.91,162.55,57.03,1,1,1.000000
1206,103,0.00,222.15,136.28,63.85,1,1,1.000000
1206,95,532.15,665.01,227.69,54.93,1,1,1.000000
1206,97,1011.42,665.06,219.19,54.51,1,1,1.000000
1206,89,716.94,600.79,330.67,113.23,1,1,1.000000
1207,70,79.45,474.58,651.77,170.63,1,1,1.000000
1207,77,666.23,190.19,440.78,139.37,1,1,1.000000
1207,86,443.37,77.69,430.87,134.68,1,1,1.000000
1207,90,271.38,55.14,281.63,108.60,1,1,1.000000
1207,98,658.43,493.11,348.20,102.51,1,1,1.000000
1207,99,0.00,339.25,317.68,179.93,1,1,1.000000
1207,101,0.60,97.23,197.24,125.37,1,1,1.000000
1207,102,0.54,271.34,220.56,80.05,1,1,1.000000
1207,103,0.00,226.40,175.52,58.41,1,1,1.000000
1207,95,579.95,664.83,203.51,54.89,1,1,1.000000
1207,89,576.77,605.41,650.24,113.01,1,1,1.000000
1207,87,734.73,605.46,501.44,113.25,1,1,1.000000
1208,70,46.77,505.92,435.49,135.78,1,1,1.000000
1208,77,725.99,195.73,465.47,144.12,1,1,1.000000
1208,86,534.52,79.36,404.95,98.41,1,1,1.000000
1208,90,345.39,74.05,288.77,100.78,1,1,1.000000
1208,98,693.46,479.15,381.33,122.88,1,1,1.000000
1208,99,1.10,334.09,370.05,174.17,1,1,1.000000
1208,101,0.53,104.18,235.89,134.82,1,1,1.000000
1208,102,0.58,224.68,276.85,150.29,1,1,1.000000
1208,95,585.64,595.34,191.04,124.67,1,1,1.000000
1208,87,766.85,600.40,372.77,118.15,1,1,1.000000
1208,91,381.15,513.35,394.87,137.52,1,1,1.000000
1209,70,46.77,505.92,435.49,135.78,1,1,1.000000
1209,77,725.99,195.73,465.47,144.12,1,1,1.000000
1209,86,534.52,79.36,404.95,98.41,1,1,1.000000
1209,90,345.39,74.05,288.77,100.78,1,1,1.000000
1209,98,693.46,479.15,381.33,122.88,1,1,1.000000
1209,99,1.10,334.09,370.05,174.17,1,1,1.000000
1209,101,0.53,104.18,235.89,134.82,1,1,1.000000
1209,102,0.58,224.68,276.85,150.29,1,1,1.000000
1209,95,585.64,595.34,191.04,124.67,1,1,1.000000
1209,87,766.85,600.40,372.77,118.15,1,1,1.000000
1209,91,381.15,513.35,394.87,137.52,1,1,1.000000
1210,70,35.62,492.17,490.15,165.26,1,1,1.000000
1210,77,741.61,196.10,525.77,156.61,1,1,1.000000
1210,86,567.76,77.65,384.81,99.55,1,1,1.000000
1210,90,357.35,81.48,292.97,95.41,1,1,1.000000
1210,98,758.49,472.42,388.68,132.55,1,1,1.000000
1210,99,1.55,328.33,416.78,173.07,1,1,1.000000
1210,101,0.00,115.45,233.84,125.84,1,1,1.000000
1210,102,0.51,229.42,307.79,151.76,1,1,1.000000
1210,87,830.34,610.73,358.09,109.37,1,1,1.000000
1210,91,507.38,515.39,328.27,141.35,1,1,1.000000
1211,70,16.32,499.43,475.64,167.75,1,1,1.000000
1211,77,796.34,191.04,484.29,180.23,1,1,1.000000
1211,86,627.22,69.91,391.20,114.78,1,1,1.000000
1211,90,408.79,78.85,272.44,111.05,1,1,1.000000
1211,98,766.63,462.00,436.20,150.95,1,1,1.000000
1211,99,0.13,326.32,431.66,179.58,1,1,1.000000
1211,101,0.44,115.51,272.68,144.49,1,1,1.000000
1211,102,0.33,215.80,331.77,130.40,1,1,1.000000
1211,87,867.86,610.86,367.78,109.25,1,1,1.000000
1211,91,477.09,513.74,402.98,174.72,1,1,1.000000
1212,70,0.00,514.49,484.59,168.10,1,1,1.000000
1212,77,841.65,205.55,438.38,177.98,1,1,1.000000
1212,86,666.52,64.10,427.89,118.07,1,1,1.000000
1212,90,462.08,94.10,272.31,106.06,1,1,1.000000
1212,98,815.75,499.56,424.29,119.10,1,1,1.000000
1212,99,0.00,321.42,473.57,172.76,1,1,1.000000
1212,101,3.84,118.83,310.35,144.45,1,1,1.000000
1212,102,0.00,227.09,378.43,127.82,1,1,1.000000
1212,87,908.43,618.42,355.32,101.53,1,1,1.000000
1212,91,557.60,503.64,346.26,187.43,1,1,1.000000
1213,70,0.00,514.49,484.59,168.10,1,1,1.000000
1213,77,841.65,205.55,438.38,177.98,1,1,1.000000
1213,86,666.52,64.10,427.89,118.07,1,1,1.000000
1213,90,462.08,94.10,272.31,106.06,1,1,1.000000
1213,98,815.75,499.56,424.29,119.10,1,1,1.000000
1213,99,0.00,321.42,473.57,172.76,1,1,1.000000
1213,101,3.84,118.83,310.35,144.45,1,1,1.000000
1213,102,0.00,227.09,378.43,127.82,1,1,1.000000
1213,87,908.43,618.42,355.32,101.53,1,1,1.000000
1213,91,557.60,503.64,346.26,187.43,1,1,1.000000
1213,109,0.77,510.07,133.68,69.13,1,1,1.000000
1214,70,0.00,499.49,471.92,197.52,1,1,1.000000
1214,77,870.22,224.06,408.18,165.40,1,1,1.000000
1214,86,694.96,63.95,464.54,116.25,1,1,1.000000
1214,90,469.31,91.46,302.39,123.10,1,1,1.000000
1214,98,846.37,520.06,432.78,118.60,1,1,1.000000
1214,99,0.05,324.17,530.08,184.09,1,1,1.000000
1214,101,0.04,119.34,326.10,147.82,1,1,1.000000
1214,102,23.26,232.01,394.16,111.10,1,1,1.000000
1214,87,915.90,601.16,362.44,118.21,1,1,1.000000
1214,91,505.23,503.85,465.22,192.24,1,1,1.000000
1214,109,0.98,506.77,161.88,63.06,1,1,1.000000
1214,95,503.01,506.82,228.78,188.78,1,1,1.000000
1215,70,0.00,499.49,471.92,197.52,1,1,1.000000
1215,77,870.22,224.06,408.18,165.40,1,1,1.000000
1215,86,694.96,63.95,464.54,116.25,1,1,1.000000
1215,90,469.31,91.46,302.39,123.10,1,1,1.000000
1215,98,846.37,520.06,432.78,118.60,1,1,1.000000
1215,99,0.05,324.17,530.08,184.09,1,1,1.000000
1215,101,0.04,119.34,326.10,147.82,1,1,1.000000
1215,102,23.26,232.01,394.16,111.10,1,1,1.000000
1215,87,915.90,601.16,362.44,118.21,1,1,1.000000
1215,91,505.23,503.85,465.22,192.24,1,1,1.000000
1215,109,0.98,506.77,161.88,63.06,1,1,1.000000
1215,95,503.01,506.82,228.78,188.78,1,1,1.000000
1216,70,0.00,485.48,445.03,227.01,1,1,1.000000
1216,77,935.36,240.13,343.58,159.37,1,1,1.000000
1216,86,716.18,56.36,497.82,120.60,1,1,1.000000
1216,90,514.88,107.55,288.04,117.75,1,1,1.000000
1216,98,890.81,527.96,388.11,130.45,1,1,1.000000
1216,99,0.00,320.71,556.97,177.56,1,1,1.000000
1216,101,1.99,111.53,344.67,185.76,1,1,1.000000
1216,102,69.16,237.35,351.62,103.05,1,1,1.000000
1216,87,974.54,646.23,304.37,72.90,1,1,1.000000
1216,91,518.40,513.84,519.27,198.46,1,1,1.000000
1216,109,1.41,493.44,214.25,78.52,1,1,1.000000
1216,95,513.85,510.14,231.66,195.68,1,1,1.000000
1217,70,0.00,502.80,409.51,214.31,1,1,1.000000
1217,77,976.82,229.53,303.63,159.76,1,1,1.000000
1217,86,699.25,55.39,578.58,125.89,1,1,1.000000
1217,90,522.96,108.44,300.45,136.17,1,1,1.000000
1217,98,934.14,527.79,345.03,124.11,1,1,1.000000
1217,99,28.51,328.66,568.80,172.37,1,1,1.000000
1217,101,25.63,100.05,350.30,197.64,1,1,1.000000
1217,102,64.30,236.97,392.97,101.86,1,1,1.000000
1217,87,1029.16,657.92,249.44,61.52,1,1,1.000000
1217,91,669.75,550.84,406.30,168.72,1,1,1.000000
1217,109,1.98,484.97,230.41,107.73,1,1,1.000000
1217,95,525.91,511.03,228.35,200.97,1,1,1.000000
1218,70,0.00,502.80,409.51,214.31,1,1,1.000000
1218,77,976.82,229.53,303.63,159.76,1,1,1.000000
1218,86,699.25,55.39,578.58,125.89,1,1,1.000000
1218,90,522.96,108.44,300.45,136.17,1,1,1.000000
1218,98,934.14,527.79,345.03,124.11,1,1,1.000000
1218,99,28.51,328.66,568.80,172.37,1,1,1.000000
1218,101,25.63,100.05,350.30,197.64,1,1,1.000000
1218,102,64.30,236.97,392.97,101.86,1,1,1.000000
1218,87,1029.16,657.92,249.44,61.52,1,1,1.000000
1218,91,669.75,550.84,406.30,168.72,1,1,1.000000
1218,109,1.98,484.97,230.41,107.73,1,1,1.000000
1218,95,525.91,511.03,228.35,200.97,1,1,1.000000
1218,110,30.70,240.64,431.00,265.84,1,1,1.000000
1218,111,0.23,6.17,52.18,107.28,1,1,1.000000
1218,112,0.80,232.75,51.20,61.43,1,1,1.000000
1219,70,0.23,504.62,385.45,212.67,1,1,1.000000
1219,77,1064.40,231.22,216.21,158.70,1,1,1.000000
1219,86,743.13,59.49,534.11,126.97,1,1,1.000000
1219,90,536.57,115.96,321.90,147.89,1,1,1.000000
1219,98,969.81,531.97,309.46,124.37,1,1,1.000000
1219,99,153.44,341.84,488.73,122.49,1,1,1.000000
1219,101,90.76,85.41,322.42,208.60,1,1,1.000000
1219,87,1077.16,656.98,200.33,62.46,1,1,1.000000
1219,91,710.58,572.73,388.00,146.68,1,1,1.000000
1219,109,1.70,500.45,261.97,105.27,1,1,1.000000
1219,95,546.11,509.14,226.82,207.51,1,1,1.000000
1219,110,90.37,236.78,398.91,211.35,1,1,1.000000
1219,111,0.00,2.35,61.65,100.58,1,1,1.000000
1220,70,0.00,521.57,369.66,192.52,1,1,1.000000
1220,77,1128.44,237.50,151.42,143.81,1,1,1.000000
1220,86,794.22,61.71,482.66,130.42,1,1,1.000000
1220,90,562.12,122.36,331.96,154.98,1,1,1.000000
1220,98,996.11,522.85,283.55,129.75,1,1,1.000000
1220,99,236.72,343.87,433.83,121.51,1,1,1.000000
1220,101,117.98,71.75,327.59,197.07,1,1,1.000000
1220,87,1094.08,652.37,184.26,66.16,1,1,1.000000
1220,91,715.78,577.55,433.29,141.82,1,1,1.000000
1220,109,0.44,508.93,276.13,85.79,1,1,1.000000
1220,95,559.27,501.01,226.27,216.80,1,1,1.000000
1220,110,120.86,240.14,397.99,200.12,1,1,1.000000
1220,111,0.00,0.87,77.99,103.83,1,1,1.000000
1220,113,0.71,456.84,157.75,73.16,1,1,1.000000
1221,70,0.37,509.00,338.65,205.68,1,1,1.000000
1221,77,1155.33,261.55,123.93,106.59,1,1,1.000000
1221,86,856.47,58.40,420.22,135.33,1,1,1.000000
1221,90,610.09,125.65,328.86,167.95,1,1,1.000000
1221,98,1047.53,519.22,231.36,131.33,1,1,1.000000
1221,99,157.71,338.85,540.86,127.29,1,1,1.000000
1221,101,159.58,58.04,320.18,192.91,1,1,1.000000
1221,91,768.12,570.82,407.15,148.47,1,1,1.000000
1221,95,590.19,483.40,190.92,236.09,1,1,1.000000
1221,110,135.92,236.33,419.93,129.67,1,1,1.000000
1221,111,0.00,0.72,95.46,97.61,1,1,1.000000
1221,113,0.63,451.47,176.68,83.17,1,1,1.000000
1222,70,0.37,509.00,338.65,205.68,1,1,1.000000
1222,77,1155.33,261.55,123.93,106.59,1,1,1.000000
1222,86,856.47,58.40,420.22,135.33,1,1,1.000000
1222,90,610.09,125.65,328.86,167.95,1,1,1.000000
1222,98,1047.53,519.22,231.36,131.33,1,1,1.000000
1222,99,157.71,338.85,540.86,127.29,1,1,1.000000
1222,101,159.58,58.04,320.18,192.91,1,1,1.000000
1222,91,768.12,570.82,407.15,148.47,1,1,1.000000
1222,95,590.19,483.40,190.92,236.09,1,1,1.000000
1222,111,0.00,0.72,95.46,97.61,1,1,1.000000
1222,113,0.63,451.47,176.68,83.17,1,1,1.000000
1222,102,135.92,236.33,419.93,129.67,1,1,1.000000
1223,70,0.00,504.84,316.90,212.07,1,1,1.000000
1223,86,888.59,49.96,389.54,146.77,1,1,1.000000
1223,90,642.63,126.14,347.84,186.04,1,1,1.000000
1223,98,1085.77,515.31,194.42,123.28,1,1,1.000000
1223,99,226.11,324.22,506.67,154.71,1,1,1.000000
1223,101,182.48,44.10,326.59,213.21,1,1,1.000000
1223,91,814.50,561.55,389.42,158.10,1,1,1.000000
1223,95,599.03,497.96,188.57,221.50,1,1,1.000000
1223,111,0.00,0.71,107.34,92.57,1,1,1.000000
1223,113,1.00,446.61,191.77,94.68,1,1,1.000000
1223,102,152.36,236.37,429.12,131.67,1,1,1.000000
1224,70,0.00,504.84,316.90,212.07,1,1,1.000000
1224,86,888.59,49.96,389.54,146.77,1,1,1.000000
1224,90,642.63,126.14,347.84,186.04,1,1,1.000000
1224,98,1085.77,515.31,194.42,123.28,1,1,1.000000
1224,99,226.11,324.22,506.67,154.71,1,1,1.000000
1224,101,182.48,44.10,326.59,213.21,1,1,1.000000
1224,91,814.50,561.55,389.42,158.10,1,1,1.000000
1224,95,599.03,497.96,188.57,221.50,1,1,1.000000
1224,111,0.00,0.71,107.34,92.57,1,1,1.000000
1224,113,1.00,446.61,191.77,94.68,1,1,1.000000
1224,102,152.36,236.37,429.12,131.67,1,1,1.000000
1225,70,0.00,506.39,368.00,206.40,1,1,1.000000
1225,86,927.61,50.65,351.76,149.46,1,1,1.000000
1225,90,677.79,143.23,348.49,188.35,1,1,1.000000
1225,98,1118.51,493.31,161.27,147.03,1,1,1.000000
1225,99,244.10,346.98,523.25,136.34,1,1,1.000000
1225,101,186.42,29.73,350.60,230.44,1,1,1.000000
1225,91,848.01,581.02,373.68,138.95,1,1,1.000000
1225,95,596.88,523.82,192.53,194.96,1,1,1.000000
1225,111,0.00,0.44,122.84,93.76,1,1,1.000000
1225,113,0.53,443.30,203.00,83.23,1,1,1.000000
1225,102,188.94,234.28,419.74,146.28,1,1,1.000000
1226,70,0.00,512.04,360.52,203.39,1,1,1.000000
1226,86,978.73,95.95,300.76,99.25,1,1,1.000000
1226,90,698.20,155.85,353.06,194.68,1,1,1.000000
1226,98,1172.79,541.56,106.88,98.36,1,1,1.000000
1226,99,247.55,351.08,553.89,136.95,1,1,1.000000
1226,101,208.71,16.15,361.40,236.65,1,1,1.000000
1226,91,873.77,614.67,361.69,105.39,1,1,1.000000
1226,95,609.74,546.47,181.35,172.34,1,1,1.000000
1226,111,0.00,1.97,148.59,85.01,1,1,1.000000
1226,113,1.03,437.97,216.52,84.56,1,1,1.000000
1226,102,231.93,233.38,396.93,139.96,1,1,1.000000
1226,109,76.35,510.20,303.48,124.49,1,1,1.000000
1226,110,189.42,139.32,302.90,115.58,1,1,1.000000
1227,70,0.00,512.04,360.52,203.39,1,1,1.000000
1227,86,978.73,95.95,300.76,99.25,1,1,1.000000
1227,90,698.20,155.85,353.06,194.68,1,1,1.000000
1227,98,1172.79,541.56,106.88,98.36,1,1,1.000000
1227,99,247.55,351.08,553.89,136.95,1,1,1.000000
1227,101,208.71,16.15,361.40,236.65,1,1,1.000000
1227,91,873.77,614.67,361.69,105.39,1,1,1.000000
1227,95,609.74,546.47,181.35,172.34,1,1,1.000000
1227,111,0.00,1.97,148.59,85.01,1,1,1.000000
1227,113,1.03,437.97,216.52,84.56,1,1,1.000000
1227,102,231.93,233.38,396.93,139.96,1,1,1.000000
1227,116,0.80,532.75,189.84,162.93,1,1,1.000000
1227,117,266.25,329.03,216.65,58.08,1,1,1.000000
1227,118,99.07,643.08,244.13,74.87,1,1,1.000000
1227,119,242.60,373.35,205.15,82.08,1,1,1.000000
1227,109,76.35,510.20,303.48,124.49,1,1,1.000000
1227,110,189.42,139.32,302.90,115.58,1,1,1.000000
1228,70,0.00,571.33,348.61,145.41,1,1,1.000000
1228,86,1069.41,96.52,210.30,102.06,1,1,1.000000
1228,90,709.27,176.41,379.80,205.26,1,1,1.000000
1228,98,1213.72,555.63,66.02,86.25,1,1,1.000000
1228,99,369.04,346.69,465.95,151.97,1,1,1.000000
1228,101,203.51,0.54,417.57,255.13,1,1,1.000000
1228,91,906.67,638.92,334.44,81.18,1,1,1.000000
1228,95,633.38,561.33,157.41,157.32,1,1,1.000000
1228,111,0.00,1.24,143.73,81.93,1,1,1.000000
1228,113,1.61,442.64,226.01,83.10,1,1,1.000000
1228,102,292.35,262.49,362.41,123.09,1,1,1.000000
1228,116,0.66,571.91,175.00,141.88,1,1,1.000000
1228,117,276.93,331.63,226.64,96.48,1,1,1.000000
1228,109,79.64,504.71,314.05,137.72,1,1,1.000000
1228,110,198.49,139.23,315.87,118.63,1,1,1.000000
1229,70,2.18,622.78,357.35,94.62,1,1,1.000000
1229,86,1110.26,93.91,169.89,98.14,1,1,1.000000
1229,90,710.63,194.95,442.35,220.10,1,1,1.000000
1229,99,421.27,349.85,458.52,166.61,1,1,1.000000
1229,101,207.04,0.07,438.15,256.38,1,1,1.000000
1229,91,966.15,637.96,276.71,81.91,1,1,1.000000
1229,95,668.09,551.37,123.98,169.78,1,1,1.000000
1229,111,0.96,1.83,105.13,79.46,1,1,1.000000
1229,113,0.00,401.01,235.77,121.61,1,1,1.000000
1229,102,305.35,261.90,375.00,173.24,1,1,1.000000
1229,116,3.05,546.77,174.53,110.25,1,1,1.000000
1229,109,85.55,494.47,325.99,146.28,1,1,1.000000
1229,110,204.66,129.90,326.53,128.47,1,1,1.000000
1229,120,285.40,223.62,293.75,103.35,1,1,1.000000
1230,70,2.18,622.78,357.35,94.62,1,1,1.000000
1230,86,1110.26,93.91,169.89,98.14,1,1,1.000000
1230,90,710.63,194.95,442.35,220.10,1,1,1.000000
1230,99,421.27,349.85,458.52,166.61,1,1,1.000000
1230,101,207.04,0.07,438.15,256.38,1,1,1.000000
1230,91,966.15,637.96,276.71,81.91,1,1,1.000000
1230,95,668.09,551.37,123.98,169.78,1,1,1.000000
1230,111,0.96,1.83,105.13,79.46,1,1,1.000000
1230,113,0.00,401.01,235.77,121.61,1,1,1.000000
1230,102,305.35,261.90,375.00,173.24,1,1,1.000000
1230,116,3.05,546.77,174.53,110.25,1,1,1.000000
1230,109,85.55,494.47,325.99,146.28,1,1,1.000000
1230,110,204.66,129.90,326.53,128.47,1,1,1.000000
1230,120,285.40,223.62,293.75,103.35,1,1,1.000000
1230,122,233.18,661.20,137.44,58.91,1,1,1.000000
1231,70,0.00,625.98,369.83,92.92,1,1,1.000000
1231,86,1112.36,90.05,167.40,107.15,1,1,1.000000
1231,90,778.22,223.36,419.53,215.51,1,1,1.000000
1231,99,369.57,355.23,546.81,172.89,1,1,1.000000
1231,101,372.13,0.26,303.60,160.76,1,1,1.000000
1231,91,999.81,626.14,232.34,93.83,1,1,1.000000
1231,113,0.20,399.01,249.54,111.99,1,1,1.000000
1231,102,331.53,252.44,372.41,164.70,1,1,1.000000
1231,116,1.61,550.04,185.39,121.87,1,1,1.000000
1231,109,7.82,480.01,411.31,158.82,1,1,1.000000
1231,110,217.33,124.34,332.69,133.21,1,1,1.000000
1231,120,311.82,212.78,295.76,102.80,1,1,1.000000
1231,118,184.98,635.79,190.37,85.09,1,1,1.000000
1232,90,845.19,211.49,409.92,260.91,1,1,1.000000
1232,99,512.34,366.34,459.74,174.79,1,1,1.000000
1232,101,380.74,0.36,319.79,136.64,1,1,1.000000
1232,91,1055.34,623.75,150.21,96.03,1,1,1.000000
1232,113,0.79,393.63,258.99,108.23,1,1,1.000000
1232,102,366.57,250.15,374.03,146.42,1,1,1.000000
1232,116,5.32,541.45,180.46,110.52,1,1,1.000000
1232,109,117.29,479.17,328.01,161.84,1,1,1.000000
1232,110,235.27,124.05,329.18,128.33,1,1,1.000000
1232,120,323.84,209.18,301.14,100.65,1,1,1.000000
1232,118,152.07,646.15,233.19,74.42,1,1,1.000000
1232,117,387.60,367.14,269.48,162.54,1,1,1.000000
1232,111,0.41,1.16,97.77,75.33,1,1,1.000000
1233,90,845.19,211.49,409.92,260.91,1,1,1.000000
1233,99,512.34,366.34,459.74,174.79,1,1,1.000000
1233,101,380.74,0.36,319.79,136.64,1,1,1.000000
1233,91,1055.34,623.75,150.21,96.03,1,1,1.000000
1233,113,0.79,393.63,258.99,108.23,1,1,1.000000
1233,102,366.57,250.15,374.03,146.42,1,1,1.000000
1233,116,5.32,541.45,180.46,110.52,1,1,1.000000
1233,109,117.29,479.17,328.01,161.84,1,1,1.000000
1233,110,235.27,124.05,329.18,128.33,1,1,1.000000
1233,120,323.84,209.18,301.14,100.65,1,1,1.000000
1233,118,152.07,646.15,233.19,74.42,1,1,1.000000
1233,125,0.00,468.44,134.12,76.92,1,1,1.000000
1233,126,367.24,253.50,368.15,142.83,1,1,1.000000
1233,117,387.60,367.14,269.48,162.54,1,1,1.000000
1233,111,0.41,1.16,97.77,75.33,1,1,1.000000
1234,90,897.65,212.21,382.29,298.32,1,1,1.000000
1234,99,522.54,365.09,496.12,190.91,1,1,1.000000
1234,101,438.10,0.01,285.32,116.96,1,1,1.000000
1234,113,0.08,385.72,269.70,127.40,1,1,1.000000
1234,102,392.02,244.12,385.07,135.53,1,1,1.000000
1234,116,1.53,529.61,187.91,123.30,1,1,1.000000
1234,109,159.58,496.19,311.02,147.00,1,1,1.000000
1234,110,250.25,116.56,326.54,136.10,1,1,1.000000
1234,120,326.89,203.88,319.81,115.69,1,1,1.000000
1234,118,153.69,635.80,249.89,84.68,1,1,1.000000
1234,117,369.50,322.55,282.27,228.76,1,1,1.000000
1234,111,0.04,1.48,94.48,78.45,1,1,1.000000
1234,95,688.50,584.28,106.30,135.24,1,1,1.000000
1235,90,948.50,245.00,332.26,290.52,1,1,1.000000
1235,99,562.44,353.20,496.08,225.37,1,1,1.000000
1235,101,472.72,0.00,260.76,100.59,1,1,1.000000
1235,113,0.00,377.26,275.98,127.17,1,1,1.000000
1235,102,435.10,258.67,370.29,102.62,1,1,1.000000
1235,116,1.93,522.44,192.08,135.55,1,1,1.000000
1235,109,157.26,519.31,326.13,121.20,1,1,1.000000
1235,110,268.01,114.33,326.60,131.77,1,1,1.000000
1235,120,334.80,195.78,333.55,129.93,1,1,1.000000
1235,118,162.86,627.36,249.78,93.23,1,1,1.000000
1235,117,384.13,362.84,264.09,213.66,1,1,1.000000
1235,95,682.75,606.35,112.14,112.89,1,1,1.000000
1236,90,948.50,245.00,332.26,290.52,1,1,1.000000
1236,99,562.44,353.20,496.08,225.37,1,1,1.000000
1236,101,472.72,0.00,260.76,100.59,1,1,1.000000
1236,113,0.00,377.26,275.98,127.17,1,1,1.000000
1236,102,435.10,258.67,370.29,102.62,1,1,1.000000
1236,116,1.93,522.44,192.08,135.55,1,1,1.000000
1236,109,157.26,519.31,326.13,121.20,1,1,1.000000
1236,110,268.01,114.33,326.60,131.77,1,1,1.000000
1236,120,334.80,195.78,333.55,129.93,1,1,1.000000
1236,118,162.86,627.36,249.78,93.23,1,1,1.000000
1236,117,384.13,362.84,264.09,213.66,1,1,1.000000
1236,95,682.75,606.35,112.14,112.89,1,1,1.000000
1237,90,959.28,261.50,320.83,288.15,1,1,1.000000
1237,99,627.64,351.24,471.25,257.31,1,1,1.000000
1237,101,512.91,0.00,232.59,96.05,1,1,1.000000
1237,113,0.36,376.82,296.00,122.76,1,1,1.000000
1237,102,467.69,255.68,375.87,102.60,1,1,1.000000
1237,116,2.12,522.03,194.48,139.67,1,1,1.000000
1237,109,155.07,515.62,350.14,134.68,1,1,1.000000
1237,110,288.75,111.42,322.12,128.76,1,1,1.000000
1237,120,361.65,193.35,335.73,133.47,1,1,1.000000
1237,118,159.27,624.00,256.34,96.33,1,1,1.000000
1237,117,415.06,370.10,236.14,233.88,1,1,1.000000
1237,95,671.35,624.71,116.75,94.86,1,1,1.000000
1238,90,959.28,261.50,320.83,288.15,1,1,1.000000
1238,99,627.64,351.24,471.25,257.31,1,1,1.000000
1238,101,512.91,0.00,232.59,96.05,1,1,1.000000
1238,113,0.36,376.82,296.00,122.76,1,1,1.000000
1238,102,467.69,255.68,375.87,102.60,1,1,1.000000
1238,116,2.12,522.03,194.48,139.67,1,1,1.000000
1238,109,155.07,515.62,350.14,134.68,1,1,1.000000
1238,110,288.75,111.42,322.12,128.76,1,1,1.000000
1238,120,361.65,193.35,335.73,133.47,1,1,1.000000
1238,118,159.27,624.00,256.34,96.33,1,1,1.000000
1238,117,415.06,370.10,236.14,233.88,1,1,1.000000
1238,95,671.35,624.71,116.75,94.86,1,1,1.000000
1238,127,1.69,375.93,111.11,77.33,1,1,1.000000
1239,90,984.30,289.49,296.11,265.13,1,1,1.000000
1239,99,641.27,365.49,505.79,291.94,1,1,1.000000
1239,101,565.41,0.00,180.09,76.12,1,1,1.000000
1239,113,0.37,366.80,308.24,124.82,1,1,1.000000
1239,102,498.61,260.87,377.72,98.06,1,1,1.000000
1239,116,125.26,521.04,85.08,147.75,1,1,1.000000
1239,109,130.25,515.77,377.37,157.21,1,1,1.000000
1239,110,306.73,108.36,320.41,120.96,1,1,1.000000
1239,120,379.96,189.71,348.17,127.65,1,1,1.000000
1239,118,170.70,611.77,260.20,108.65,1,1,1.000000
1239,117,455.59,367.52,193.23,259.73,1,1,1.000000
1240,90,1068.27,347.35,212.08,217.57,1,1,1.000000
1240,99,671.31,387.73,519.71,317.99,1,1,1.000000
1240,101,597.50,0.41,147.00,57.88,1,1,1.000000
1240,113,3.62,388.13,321.63,116.50,1,1,1.000000
1240,102,497.61,262.19,416.80,100.26,1,1,1.000000
1240,116,15.65,508.96,230.89,168.24,1,1,1.000000
1240,109,178.48,539.61,328.97,161.29,1,1,1.000000
1240,110,319.23,105.11,323.66,118.01,1,1,1.000000
1240,120,421.32,186.84,328.45,109.13,1,1,1.000000
1240,118,162.32,618.23,275.32,101.73,1,1,1.000000
1240,117,499.32,365.24,155.66,292.09,1,1,1.000000
1240,127,1.32,357.06,133.32,92.11,1,1,1.000000
1241,90,1068.27,347.35,212.08,217.57,1,1,1.000000
1241,99,671.31,387.73,519.71,317.99,1,1,1.000000
1241,101,597.50,0.41,147.00,57.88,1,1,1.000000
1241,113,3.62,388.13,321.63,116.50,1,1,1.000000
1241,102,497.61,262.19,416.80,100.26,1,1,1.000000
1241,116,15.65,508.96,230.89,168.24,1,1,1.000000
1241,109,178.48,539.61,328.97,161.29,1,1,1.000000
1241,110,319.23,105.11,323.66,118.01,1,1,1.000000
1241,120,421.32,186.84,328.45,109.13,1,1,1.000000
1241,118,162.32,618.23,275.32,101.73,1,1,1.000000
1241,117,499.32,365.24,155.66,292.09,1,1,1.000000
1241,127,1.32,357.06,133.32,92.11,1,1,1.000000
1242,90,1101.20,353.27,179.61,222.66,1,1,1.000000
1242,99,695.69,410.85,548.93,307.16,1,1,1.000000
1242,113,2.70,382.91,334.10,110.78,1,1,1.000000
1242,102,507.18,262.95,444.60,131.45,1,1,1.000000
1242,116,94.82,512.02,117.17,174.53,1,1,1.000000
1242,109,255.02,535.41,254.36,177.01,1,1,1.000000
1242,110,342.94,99.71,322.85,116.78,1,1,1.000000
1242,120,458.26,178.56,324.18,111.29,1,1,1.000000
1242,118,166.34,620.58,269.98,98.32,1,1,1.000000
1242,127,2.00,345.53,135.30,111.32,1,1,1.000000
1243,90,1104.13,370.46,176.35,187.86,1,1,1.000000
1243,99,761.79,425.29,514.36,292.96,1,1,1.000000
1243,113,4.43,382.37,342.33,115.79,1,1,1.000000
1243,102,546.64,261.79,443.78,119.27,1,1,1.000000
1243,116,67.65,534.58,127.79,159.77,1,1,1.000000
1243,109,69.66,493.12,427.53,210.53,1,1,1.000000
1243,110,364.48,100.87,325.61,106.73,1,1,1.000000
1243,120,487.02,174.78,320.75,98.62,1,1,1.000000
1243,118,169.10,617.35,270.03,101.71,1,1,1.000000
1243,127,0.88,332.14,146.81,141.58,1,1,1.000000
1243,128,549.38,361.50,123.58,357.72,1,1,1.000000
1243,129,1.57,329.71,142.72,88.39,1,1,1.000000
1244,90,1104.13,370.46,176.35,187.86,1,1,1.000000
1244,99,761.79,425.29,514.36,292.96,1,1,1.000000
1244,113,4.43,382.37,342.33,115.79,1,1,1.000000
1244,102,546.64,261.79,443.78,119.27,1,1,1.000000
1244,116,67.65,534.58,127.79,159.77,1,1,1.000000
1244,109,69.66,493.12,427.53,210.53,1,1,1.000000
1244,110,364.48,100.87,325.61,106.73,1,1,1.000000
1244,120,487.02,174.78,320.75,98.62,1,1,1.000000
1244,118,169.10,617.35,270.03,101.71,1,1,1.000000
1244,127,0.88,332.14,146.81,141.58,1,1,1.000000
1244,128,549.38,361.50,123.58,357.72,1,1,1.000000
1244,129,1.57,329.71,142.72,88.39,1,1,1.000000
1244,130,314.21,537.00,181.35,165.31,1,1,1.000000
1245,90,1175.83,394.37,104.34,161.40,1,1,1.000000
1245,99,783.48,408.47,495.00,309.52,1,1,1.000000
1245,113,18.89,380.09,338.78,115.79,1,1,1.000000
1245,102,579.41,270.38,440.72,113.63,1,1,1.000000
1245,116,55.59,560.35,139.08,142.30,1,1,1.000000
1245,109,147.73,497.39,352.90,220.57,1,1,1.000000
1245,110,385.00,101.05,326.07,97.77,1,1,1.000000
1245,120,501.07,169.98,340.25,98.46,1,1,1.000000
1245,118,185.47,606.23,231.71,112.24,1,1,1.000000
1245,127,1.58,368.01,144.88,79.46,1,1,1.000000
1245,128,587.09,368.75,86.29,349.43,1,1,1.000000
1245,129,0.00,332.51,146.36,60.17,1,1,1.000000
1245,130,322.78,534.78,175.50,182.27,1,1,1.000000
1246,99,833.77,410.10,446.59,308.40,1,1,1.000000
1246,113,1.33,367.37,365.69,110.19,1,1,1.000000
1246,102,622.12,282.32,429.15,107.43,1,1,1.000000
1246,116,46.26,548.67,149.17,164.86,1,1,1.000000
1246,110,405.22,100.51,320.50,97.14,1,1,1.000000
1246,120,510.55,166.11,356.79,105.68,1,1,1.000000
1246,118,150.94,599.49,261.59,118.82,1,1,1.000000
1246,127,1.74,357.72,152.63,99.21,1,1,1.000000
1246,128,542.71,412.43,146.71,305.29,1,1,1.000000
1246,129,0.65,281.46,149.52,84.08,1,1,1.000000
1246,130,361.48,518.65,138.88,199.59,1,1,1.000000
1246,125,24.67,503.35,141.48,92.90,1,1,1.000000
1247,99,833.77,410.10,446.59,308.40,1,1,1.000000
1247,113,1.33,367.37,365.69,110.19,1,1,1.000000
1247,102,622.12,282.32,429.15,107.43,1,1,1.000000
1247,116,46.26,548.67,149.17,164.86,1,1,1.000000
1247,110,405.22,100.51,320.50,97.14,1,1,1.000000
1247,120,510.55,166.11,356.79,105.68,1,1,1.000000
1247,118,150.94,599.49,261.59,118.82,1,1,1.000000
1247,127,1.74,357.72,152.63,99.21,1,1,1.000000
1247,128,542.71,412.43,146.71,305.29,1,1,1.000000
1247,129,0.65,281.46,149.52,84.08,1,1,1.000000
1247,130,361.48,518.65,138.88,199.59,1,1,1.000000
1247,134,175.70,513.77,219.96,98.23,1,1,1.000000
1247,135,1223.92,455.37,55.72,77.12,1,1,1.000000
1247,125,24.67,503.35,141.48,92.90,1,1,1.000000
1248,99,885.98,415.91,392.69,303.45,1,1,1.000000
1248,113,0.22,354.86,378.84,116.48,1,1,1.000000
1248,102,655.58,285.53,460.37,112.48,1,1,1.000000
1248,116,38.85,528.49,158.54,188.78,1,1,1.000000
1248,110,426.43,96.24,323.40,101.58,1,1,1.000000
1248,120,525.49,160.74,390.75,118.93,1,1,1.000000
1248,118,201.69,584.87,204.02,133.39,1,1,1.000000
1248,128,487.31,420.29,230.27,298.83,1,1,1.000000
1248,129,0.62,273.13,159.29,90.63,1,1,1.000000
1248,130,388.90,506.75,113.40,211.63,1,1,1.000000
1248,134,54.17,494.15,352.85,117.95,1,1,1.000000
1249,99,885.98,415.91,392.69,303.45,1,1,1.000000
1249,113,0.22,354.86,378.84,116.48,1,1,1.000000
1249,102,655.58,285.53,460.37,112.48,1,1,1.000000
1249,116,38.85,528.49,158.54,188.78,1,1,1.000000
1249,110,426.43,96.24,323.40,101.58,1,1,1.000000
1249,120,525.49,160.74,390.75,118.93,1,1,1.000000
1249,118,201.69,584.87,204.02,133.39,1,1,1.000000
1249,128,487.31,420.29,230.27,298.83,1,1,1.000000
1249,129,0.62,273.13,159.29,90.63,1,1,1.000000
1249,130,388.90,506.75,113.40,211.63,1,1,1.000000
1249,134,54.17,494.15,352.85,117.95,1,1,1.000000
1250,99,914.81,432.11,365.77,286.43,1,1,1.000000
1250,113,1.62,370.05,387.91,106.37,1,1,1.000000
1250,102,689.27,284.93,464.56,125.20,1,1,1.000000
1250,116,34.15,546.74,158.17,172.26,1,1,1.000000
1250,110,441.71,96.42,322.43,101.74,1,1,1.000000
1250,120,545.40,154.56,384.71,128.70,1,1,1.000000
1250,128,476.57,437.35,247.11,282.11,1,1,1.000000
1250,129,0.44,266.45,178.21,92.94,1,1,1.000000
1250,130,386.52,490.47,116.66,227.61,1,1,1.000000
1250,134,73.17,482.12,328.04,133.53,1,1,1.000000
1251,99,939.93,455.10,341.35,265.65,1,1,1.000000
1251,113,1.96,367.36,400.07,120.61,1,1,1.000000
1251,102,714.92,290.30,485.69,132.59,1,1,1.000000
1251,116,31.33,473.38,165.95,246.08,1,1,1.000000
1251,110,451.33,96.32,332.41,102.09,1,1,1.000000
1251,120,581.84,150.48,387.29,127.07,1,1,1.000000
1251,128,457.41,452.61,285.24,266.88,1,1,1.000000
1251,129,1.19,260.35,161.63,88.97,1,1,1.000000
1251,130,398.93,536.25,106.27,184.06,1,1,1.000000
1251,118,205.91,523.78,209.49,194.17,1,1,1.000000
1252,99,939.93,455.10,341.35,265.65,1,1,1.000000
1252,113,1.96,367.36,400.07,120.61,1,1,1.000000
1252,102,714.92,290.30,485.69,132.59,1,1,1.000000
1252,116,31.33,473.38,165.95,246.08,1,1,1.000000
1252,110,451.33,96.32,332.41,102.09,1,1,1.000000
1252,120,581.84,150.48,387.29,127.07,1,1,1.000000
1252,128,457.41,452.61,285.24,266.88,1,1,1.000000
1252,129,1.19,260.35,161.63,88.97,1,1,1.000000
1252,130,398.93,536.25,106.27,184.06,1,1,1.000000
1252,136,2.11,310.47,195.41,47.41,1,1,1.000000
1252,118,205.91,523.78,209.49,194.17,1,1,1.000000
1253,99,969.03,504.78,311.07,215.22,1,1,1.000000
1253,113,1.41,316.15,414.53,174.42,1,1,1.000000
1253,102,737.38,294.99,508.76,146.97,1,1,1.000000
1253,116,32.40,464.71,164.15,253.88,1,1,1.000000
1253,110,462.80,95.64,344.87,100.86,1,1,1.000000
1253,120,611.73,151.55,399.45,118.68,1,1,1.000000
1253,128,451.53,465.43,318.57,254.24,1,1,1.000000
1253,129,0.74,248.11,172.29,98.87,1,1,1.000000
1253,130,396.54,554.72,121.62,164.62,1,1,1.000000
1253,118,210.53,533.36,209.37,181.67,1,1,1.000000