2026/03/18 21:15:14 - mmengine - INFO - 
------------------------------------------------------------
System environment:
    sys.platform: linux
    Python: 3.11.10 (main, Sep  7 2024, 18:35:41) [GCC 11.4.0]
    CUDA available: True
    MUSA available: False
    numpy_random_seed: 0
    GPU 0: NVIDIA A100-SXM4-80GB
    CUDA_HOME: /usr/local/cuda
    NVCC: Cuda compilation tools, release 12.4, V12.4.131
    GCC: x86_64-linux-gnu-gcc (Ubuntu 11.4.0-1ubuntu1~22.04) 11.4.0
    PyTorch: 2.1.0+cu121
    PyTorch compiling details: PyTorch built with:
  - GCC 9.3
  - C++ Version: 201703
  - Intel(R) oneAPI Math Kernel Library Version 2022.2-Product Build 20220804 for Intel(R) 64 architecture applications
  - Intel(R) MKL-DNN v3.1.1 (Git Hash 64f6bcbcbab628e96f33a62c3e975f8535a7bde4)
  - OpenMP 201511 (a.k.a. OpenMP 4.5)
  - LAPACK is enabled (usually provided by MKL)
  - NNPACK is enabled
  - CPU capability usage: AVX2
  - CUDA Runtime 12.1
  - NVCC architecture flags: -gencode;arch=compute_50,code=sm_50;-gencode;arch=compute_60,code=sm_60;-gencode;arch=compute_70,code=sm_70;-gencode;arch=compute_75,code=sm_75;-gencode;arch=compute_80,code=sm_80;-gencode;arch=compute_86,code=sm_86;-gencode;arch=compute_90,code=sm_90
  - CuDNN 8.9.2
  - Magma 2.6.1
  - Build settings: BLAS_INFO=mkl, BUILD_TYPE=Release, CUDA_VERSION=12.1, CUDNN_VERSION=8.9.2, CXX_COMPILER=/opt/rh/devtoolset-9/root/usr/bin/c++, CXX_FLAGS= -D_GLIBCXX_USE_CXX11_ABI=0 -fabi-version=11 -fvisibility-inlines-hidden -DUSE_PTHREADPOOL -DNDEBUG -DUSE_KINETO -DLIBKINETO_NOROCTRACER -DUSE_FBGEMM -DUSE_QNNPACK -DUSE_PYTORCH_QNNPACK -DUSE_XNNPACK -DSYMBOLICATE_MOBILE_DEBUG_HANDLE -O2 -fPIC -Wall -Wextra -Werror=return-type -Werror=non-virtual-dtor -Werror=bool-operation -Wnarrowing -Wno-missing-field-initializers -Wno-type-limits -Wno-array-bounds -Wno-unknown-pragmas -Wno-unused-parameter -Wno-unused-function -Wno-unused-result -Wno-strict-overflow -Wno-strict-aliasing -Wno-stringop-overflow -Wno-psabi -Wno-error=pedantic -Wno-error=old-style-cast -Wno-invalid-partial-specialization -Wno-unused-private-field -Wno-aligned-allocation-unavailable -Wno-missing-braces -fdiagnostics-color=always -faligned-new -Wno-unused-but-set-variable -Wno-maybe-uninitialized -fno-math-errno -fno-trapping-math -Werror=format -Werror=cast-function-type -Wno-stringop-overflow, LAPACK_INFO=mkl, PERF_WITH_AVX=1, PERF_WITH_AVX2=1, PERF_WITH_AVX512=1, TORCH_DISABLE_GPU_ASSERTS=ON, TORCH_VERSION=2.1.0, USE_CUDA=ON, USE_CUDNN=ON, USE_EXCEPTION_PTR=1, USE_GFLAGS=OFF, USE_GLOG=OFF, USE_MKL=ON, USE_MKLDNN=ON, USE_MPI=OFF, USE_NCCL=1, USE_NNPACK=ON, USE_OPENMP=ON, USE_ROCM=OFF, 

    TorchVision: 0.16.0+cu121
    OpenCV: 4.11.0
    MMEngine: 0.10.7

Runtime environment:
    cudnn_benchmark: False
    mp_cfg: {'mp_start_method': 'fork', 'opencv_num_threads': 0}
    dist_cfg: {'backend': 'nccl'}
    seed: 0
    deterministic: False
    Distributed launcher: none
    Distributed training: False
    GPU number: 1
------------------------------------------------------------

2026/03/18 21:15:14 - mmengine - INFO - Config:
auto_scale_lr = dict(base_batch_size=16, enable=False)
backend_args = None
classes = (
    'holothurian',
    'echinus',
    'scallop',
    'starfish',
    'fish',
    'coral',
    'diver',
    'cuttlefish',
    'turtle',
    'jellyfish',
)
data_root = '../data-processing/vision/RUOD/processed/'
dataset_type = 'CocoDataset'
default_hooks = dict(
    checkpoint=dict(
        interval=-1,
        max_keep_ckpts=1,
        rule='greater',
        save_best='coco/bbox_mAP',
        save_last=True,
        type='CheckpointHook'),
    logger=dict(interval=50, type='LoggerHook'),
    param_scheduler=dict(type='ParamSchedulerHook'),
    sampler_seed=dict(type='DistSamplerSeedHook'),
    timer=dict(type='IterTimerHook'),
    visualization=dict(type='DetVisualizationHook'))
default_scope = 'mmdet'
env_cfg = dict(
    cudnn_benchmark=False,
    dist_cfg=dict(backend='nccl'),
    mp_cfg=dict(mp_start_method='fork', opencv_num_threads=0))
launcher = 'none'
load_from = 'https://download.openmmlab.com/mmdetection/v3.0/dino/dino-4scale_r50_8xb2-12e_coco/dino-4scale_r50_8xb2-12e_coco_20221202_182705-55b2bba2.pth'
log_level = 'INFO'
log_processor = dict(by_epoch=True, type='LogProcessor', window_size=50)
metainfo = dict(
    classes=(
        'holothurian',
        'echinus',
        'scallop',
        'starfish',
        'fish',
        'coral',
        'diver',
        'cuttlefish',
        'turtle',
        'jellyfish',
    ))
model = dict(
    as_two_stage=True,
    backbone=dict(
        depth=50,
        frozen_stages=1,
        init_cfg=dict(checkpoint='torchvision://resnet50', type='Pretrained'),
        norm_cfg=dict(requires_grad=False, type='BN'),
        norm_eval=True,
        num_stages=4,
        out_indices=(
            1,
            2,
            3,
        ),
        style='pytorch',
        type='ResNet'),
    bbox_head=dict(
        loss_bbox=dict(loss_weight=5.0, type='L1Loss'),
        loss_cls=dict(
            alpha=0.25,
            gamma=2.0,
            loss_weight=1.0,
            type='FocalLoss',
            use_sigmoid=True),
        loss_iou=dict(loss_weight=2.0, type='GIoULoss'),
        num_classes=10,
        sync_cls_avg_factor=True,
        type='DINOHead'),
    data_preprocessor=dict(
        bgr_to_rgb=True,
        mean=[
            123.675,
            116.28,
            103.53,
        ],
        pad_size_divisor=1,
        std=[
            58.395,
            57.12,
            57.375,
        ],
        type='DetDataPreprocessor'),
    decoder=dict(
        layer_cfg=dict(
            cross_attn_cfg=dict(dropout=0.0, embed_dims=256, num_levels=4),
            ffn_cfg=dict(
                embed_dims=256, feedforward_channels=2048, ffn_drop=0.0),
            self_attn_cfg=dict(dropout=0.0, embed_dims=256, num_heads=8)),
        num_layers=6,
        post_norm_cfg=None,
        return_intermediate=True),
    dn_cfg=dict(
        box_noise_scale=1.0,
        group_cfg=dict(dynamic=True, num_dn_queries=100, num_groups=None),
        label_noise_scale=0.5),
    encoder=dict(
        layer_cfg=dict(
            ffn_cfg=dict(
                embed_dims=256, feedforward_channels=2048, ffn_drop=0.0),
            self_attn_cfg=dict(dropout=0.0, embed_dims=256, num_levels=4)),
        num_layers=6),
    neck=dict(
        act_cfg=None,
        in_channels=[
            512,
            1024,
            2048,
        ],
        kernel_size=1,
        norm_cfg=dict(num_groups=32, type='GN'),
        num_outs=4,
        out_channels=256,
        type='ChannelMapper'),
    num_queries=900,
    positional_encoding=dict(
        normalize=True, num_feats=128, offset=0.0, temperature=20),
    test_cfg=dict(max_per_img=300),
    train_cfg=dict(
        assigner=dict(
            match_costs=[
                dict(type='FocalLossCost', weight=2.0),
                dict(box_format='xywh', type='BBoxL1Cost', weight=5.0),
                dict(iou_mode='giou', type='IoUCost', weight=2.0),
            ],
            type='HungarianAssigner')),
    type='DINO',
    with_box_refine=True)
num_classes = 10
optim_wrapper = dict(
    clip_grad=dict(max_norm=0.1, norm_type=2),
    optimizer=dict(lr=0.0001, type='AdamW', weight_decay=0.0001),
    paramwise_cfg=dict(custom_keys=dict(backbone=dict(lr_mult=0.1))),
    type='AmpOptimWrapper')
param_scheduler = [
    dict(
        begin=0,
        by_epoch=True,
        end=3,
        end_factor=1.0,
        start_factor=0.1,
        type='LinearLR'),
    dict(
        begin=3,
        by_epoch=True,
        end=80,
        end_factor=0.01,
        start_factor=1.0,
        type='LinearLR'),
]
randomness = dict(deterministic=False, seed=0)
resume = False
test_cfg = dict(type='TestLoop')
test_dataloader = dict(
    batch_size=1,
    dataset=dict(
        ann_file='annotations/test.json',
        backend_args=None,
        data_prefix=dict(img='images/test/'),
        data_root='../data-processing/vision/RUOD/processed/',
        metainfo=dict(
            classes=(
                'holothurian',
                'echinus',
                'scallop',
                'starfish',
                'fish',
                'coral',
                'diver',
                'cuttlefish',
                'turtle',
                'jellyfish',
            )),
        pipeline=[
            dict(backend_args=None, type='LoadImageFromFile'),
            dict(keep_ratio=True, scale=(
                640,
                640,
            ), type='Resize'),
            dict(type='LoadAnnotations', with_bbox=True),
            dict(
                meta_keys=(
                    'img_id',
                    'img_path',
                    'ori_shape',
                    'img_shape',
                    'scale_factor',
                ),
                type='PackDetInputs'),
        ],
        test_mode=True,
        type='CocoDataset'),
    drop_last=False,
    num_workers=2,
    persistent_workers=True,
    sampler=dict(shuffle=False, type='DefaultSampler'))
test_evaluator = dict(
    ann_file='../data-processing/vision/RUOD/processed/annotations/test.json',
    backend_args=None,
    format_only=False,
    metric='bbox',
    type='CocoMetric')
test_pipeline = [
    dict(backend_args=None, type='LoadImageFromFile'),
    dict(keep_ratio=True, scale=(
        640,
        640,
    ), type='Resize'),
    dict(type='LoadAnnotations', with_bbox=True),
    dict(
        meta_keys=(
            'img_id',
            'img_path',
            'ori_shape',
            'img_shape',
            'scale_factor',
        ),
        type='PackDetInputs'),
]
train_cfg = dict(max_epochs=80, type='EpochBasedTrainLoop', val_interval=2)
train_dataloader = dict(
    batch_sampler=dict(type='AspectRatioBatchSampler'),
    batch_size=32,
    dataset=dict(
        ann_file='annotations/train.json',
        backend_args=None,
        data_prefix=dict(img='images/train/'),
        data_root='../data-processing/vision/RUOD/processed/',
        filter_cfg=dict(filter_empty_gt=False),
        metainfo=dict(
            classes=(
                'holothurian',
                'echinus',
                'scallop',
                'starfish',
                'fish',
                'coral',
                'diver',
                'cuttlefish',
                'turtle',
                'jellyfish',
            )),
        pipeline=[
            dict(backend_args=None, type='LoadImageFromFile'),
            dict(type='LoadAnnotations', with_bbox=True),
            dict(keep_ratio=True, scale=(
                640,
                640,
            ), type='Resize'),
            dict(prob=0.5, type='RandomFlip'),
            dict(type='PackDetInputs'),
        ],
        type='CocoDataset'),
    num_workers=8,
    persistent_workers=True,
    pin_memory=True,
    prefetch_factor=4,
    sampler=dict(shuffle=True, type='DefaultSampler'))
train_pipeline = [
    dict(backend_args=None, type='LoadImageFromFile'),
    dict(type='LoadAnnotations', with_bbox=True),
    dict(keep_ratio=True, scale=(
        640,
        640,
    ), type='Resize'),
    dict(prob=0.5, type='RandomFlip'),
    dict(type='PackDetInputs'),
]
val_cfg = dict(type='ValLoop')
val_dataloader = dict(
    batch_size=8,
    dataset=dict(
        ann_file='annotations/val.json',
        backend_args=None,
        data_prefix=dict(img='images/val/'),
        data_root='../data-processing/vision/RUOD/processed/',
        metainfo=dict(
            classes=(
                'holothurian',
                'echinus',
                'scallop',
                'starfish',
                'fish',
                'coral',
                'diver',
                'cuttlefish',
                'turtle',
                'jellyfish',
            )),
        pipeline=[
            dict(backend_args=None, type='LoadImageFromFile'),
            dict(keep_ratio=True, scale=(
                640,
                640,
            ), type='Resize'),
            dict(type='LoadAnnotations', with_bbox=True),
            dict(
                meta_keys=(
                    'img_id',
                    'img_path',
                    'ori_shape',
                    'img_shape',
                    'scale_factor',
                ),
                type='PackDetInputs'),
        ],
        test_mode=True,
        type='CocoDataset'),
    drop_last=False,
    num_workers=4,
    persistent_workers=True,
    sampler=dict(shuffle=False, type='DefaultSampler'))
val_evaluator = dict(
    ann_file='../data-processing/vision/RUOD/processed/annotations/val.json',
    backend_args=None,
    format_only=False,
    metric='bbox',
    type='CocoMetric')
vis_backends = [
    dict(type='LocalVisBackend'),
]
visualizer = dict(
    name='visualizer',
    type='DetLocalVisualizer',
    vis_backends=[
        dict(type='LocalVisBackend'),
    ])
work_dir = '../runs/mmdet/dino_4scale_r50_ruod_120e_pretrained'

2026/03/18 21:15:32 - mmengine - INFO - Distributed training is not used, all SyncBatchNorm (SyncBN) layers in the model will be automatically reverted to BatchNormXd layers if they are used.
2026/03/18 21:15:32 - mmengine - INFO - Hooks will be executed in the following order:
before_run:
(VERY_HIGH   ) RuntimeInfoHook                    
(BELOW_NORMAL) LoggerHook                         
 -------------------- 
before_train:
(VERY_HIGH   ) RuntimeInfoHook                    
(NORMAL      ) IterTimerHook                      
(VERY_LOW    ) CheckpointHook                     
 -------------------- 
before_train_epoch:
(VERY_HIGH   ) RuntimeInfoHook                    
(NORMAL      ) IterTimerHook                      
(NORMAL      ) DistSamplerSeedHook                
 -------------------- 
before_train_iter:
(VERY_HIGH   ) RuntimeInfoHook                    
(NORMAL      ) IterTimerHook                      
 -------------------- 
after_train_iter:
(VERY_HIGH   ) RuntimeInfoHook                    
(NORMAL      ) IterTimerHook                      
(BELOW_NORMAL) LoggerHook                         
(LOW         ) ParamSchedulerHook                 
(VERY_LOW    ) CheckpointHook                     
 -------------------- 
after_train_epoch:
(NORMAL      ) IterTimerHook                      
(LOW         ) ParamSchedulerHook                 
(VERY_LOW    ) CheckpointHook                     
 -------------------- 
before_val:
(VERY_HIGH   ) RuntimeInfoHook                    
 -------------------- 
before_val_epoch:
(NORMAL      ) IterTimerHook                      
 -------------------- 
before_val_iter:
(NORMAL      ) IterTimerHook                      
 -------------------- 
after_val_iter:
(NORMAL      ) IterTimerHook                      
(NORMAL      ) DetVisualizationHook               
(BELOW_NORMAL) LoggerHook                         
 -------------------- 
after_val_epoch:
(VERY_HIGH   ) RuntimeInfoHook                    
(NORMAL      ) IterTimerHook                      
(BELOW_NORMAL) LoggerHook                         
(LOW         ) ParamSchedulerHook                 
(VERY_LOW    ) CheckpointHook                     
 -------------------- 
after_val:
(VERY_HIGH   ) RuntimeInfoHook                    
 -------------------- 
after_train:
(VERY_HIGH   ) RuntimeInfoHook                    
(VERY_LOW    ) CheckpointHook                     
 -------------------- 
before_test:
(VERY_HIGH   ) RuntimeInfoHook                    
 -------------------- 
before_test_epoch:
(NORMAL      ) IterTimerHook                      
 -------------------- 
before_test_iter:
(NORMAL      ) IterTimerHook                      
 -------------------- 
after_test_iter:
(NORMAL      ) IterTimerHook                      
(NORMAL      ) DetVisualizationHook               
(BELOW_NORMAL) LoggerHook                         
 -------------------- 
after_test_epoch:
(VERY_HIGH   ) RuntimeInfoHook                    
(NORMAL      ) IterTimerHook                      
(BELOW_NORMAL) LoggerHook                         
 -------------------- 
after_test:
(VERY_HIGH   ) RuntimeInfoHook                    
 -------------------- 
after_run:
(BELOW_NORMAL) LoggerHook                         
 -------------------- 
2026/03/18 21:15:33 - mmengine - WARNING - backbone.conv1.weight is skipped since its requires_grad=False
2026/03/18 21:15:33 - mmengine - WARNING - backbone.bn1.weight is skipped since its requires_grad=False
2026/03/18 21:15:33 - mmengine - WARNING - backbone.bn1.bias is skipped since its requires_grad=False
2026/03/18 21:15:33 - mmengine - WARNING - backbone.layer1.0.conv1.weight is skipped since its requires_grad=False
2026/03/18 21:15:33 - mmengine - WARNING - backbone.layer1.0.bn1.weight is skipped since its requires_grad=False
2026/03/18 21:15:33 - mmengine - WARNING - backbone.layer1.0.bn1.bias is skipped since its requires_grad=False
2026/03/18 21:15:33 - mmengine - WARNING - backbone.layer1.0.conv2.weight is skipped since its requires_grad=False
2026/03/18 21:15:33 - mmengine - WARNING - backbone.layer1.0.bn2.weight is skipped since its requires_grad=False
2026/03/18 21:15:33 - mmengine - WARNING - backbone.layer1.0.bn2.bias is skipped since its requires_grad=False
2026/03/18 21:15:33 - mmengine - WARNING - backbone.layer1.0.conv3.weight is skipped since its requires_grad=False
2026/03/18 21:15:33 - mmengine - WARNING - backbone.layer1.0.bn3.weight is skipped since its requires_grad=False
2026/03/18 21:15:33 - mmengine - WARNING - backbone.layer1.0.bn3.bias is skipped since its requires_grad=False
2026/03/18 21:15:33 - mmengine - WARNING - backbone.layer1.0.downsample.0.weight is skipped since its requires_grad=False
2026/03/18 21:15:33 - mmengine - WARNING - backbone.layer1.0.downsample.1.weight is skipped since its requires_grad=False
2026/03/18 21:15:33 - mmengine - WARNING - backbone.layer1.0.downsample.1.bias is skipped since its requires_grad=False
2026/03/18 21:15:33 - mmengine - WARNING - backbone.layer1.1.conv1.weight is skipped since its requires_grad=False
2026/03/18 21:15:33 - mmengine - WARNING - backbone.layer1.1.bn1.weight is skipped since its requires_grad=False
2026/03/18 21:15:33 - mmengine - WARNING - backbone.layer1.1.bn1.bias is skipped since its requires_grad=False
2026/03/18 21:15:33 - mmengine - WARNING - backbone.layer1.1.conv2.weight is skipped since its requires_grad=False
2026/03/18 21:15:33 - mmengine - WARNING - backbone.layer1.1.bn2.weight is skipped since its requires_grad=False
2026/03/18 21:15:33 - mmengine - WARNING - backbone.layer1.1.bn2.bias is skipped since its requires_grad=False
2026/03/18 21:15:33 - mmengine - WARNING - backbone.layer1.1.conv3.weight is skipped since its requires_grad=False
2026/03/18 21:15:33 - mmengine - WARNING - backbone.layer1.1.bn3.weight is skipped since its requires_grad=False
2026/03/18 21:15:33 - mmengine - WARNING - backbone.layer1.1.bn3.bias is skipped since its requires_grad=False
2026/03/18 21:15:33 - mmengine - WARNING - backbone.layer1.2.conv1.weight is skipped since its requires_grad=False
2026/03/18 21:15:33 - mmengine - WARNING - backbone.layer1.2.bn1.weight is skipped since its requires_grad=False
2026/03/18 21:15:33 - mmengine - WARNING - backbone.layer1.2.bn1.bias is skipped since its requires_grad=False
2026/03/18 21:15:33 - mmengine - WARNING - backbone.layer1.2.conv2.weight is skipped since its requires_grad=False
2026/03/18 21:15:33 - mmengine - WARNING - backbone.layer1.2.bn2.weight is skipped since its requires_grad=False
2026/03/18 21:15:33 - mmengine - WARNING - backbone.layer1.2.bn2.bias is skipped since its requires_grad=False
2026/03/18 21:15:33 - mmengine - WARNING - backbone.layer1.2.conv3.weight is skipped since its requires_grad=False
2026/03/18 21:15:33 - mmengine - WARNING - backbone.layer1.2.bn3.weight is skipped since its requires_grad=False
2026/03/18 21:15:33 - mmengine - WARNING - backbone.layer1.2.bn3.bias is skipped since its requires_grad=False
2026/03/18 21:15:33 - mmengine - INFO - paramwise_options -- backbone.layer2.0.conv1.weight:lr=1e-05
2026/03/18 21:15:33 - mmengine - INFO - paramwise_options -- backbone.layer2.0.conv1.weight:weight_decay=0.0001
2026/03/18 21:15:33 - mmengine - INFO - paramwise_options -- backbone.layer2.0.conv1.weight:lr_mult=0.1
2026/03/18 21:15:33 - mmengine - WARNING - backbone.layer2.0.bn1.weight is skipped since its requires_grad=False
2026/03/18 21:15:33 - mmengine - WARNING - backbone.layer2.0.bn1.bias is skipped since its requires_grad=False
2026/03/18 21:15:33 - mmengine - INFO - paramwise_options -- backbone.layer2.0.conv2.weight:lr=1e-05
2026/03/18 21:15:33 - mmengine - INFO - paramwise_options -- backbone.layer2.0.conv2.weight:weight_decay=0.0001
2026/03/18 21:15:33 - mmengine - INFO - paramwise_options -- backbone.layer2.0.conv2.weight:lr_mult=0.1
2026/03/18 21:15:33 - mmengine - WARNING - backbone.layer2.0.bn2.weight is skipped since its requires_grad=False
2026/03/18 21:15:33 - mmengine - WARNING - backbone.layer2.0.bn2.bias is skipped since its requires_grad=False
2026/03/18 21:15:33 - mmengine - INFO - paramwise_options -- backbone.layer2.0.conv3.weight:lr=1e-05
2026/03/18 21:15:33 - mmengine - INFO - paramwise_options -- backbone.layer2.0.conv3.weight:weight_decay=0.0001
2026/03/18 21:15:33 - mmengine - INFO - paramwise_options -- backbone.layer2.0.conv3.weight:lr_mult=0.1
2026/03/18 21:15:33 - mmengine - WARNING - backbone.layer2.0.bn3.weight is skipped since its requires_grad=False
2026/03/18 21:15:33 - mmengine - WARNING - backbone.layer2.0.bn3.bias is skipped since its requires_grad=False
2026/03/18 21:15:33 - mmengine - INFO - paramwise_options -- backbone.layer2.0.downsample.0.weight:lr=1e-05
2026/03/18 21:15:33 - mmengine - INFO - paramwise_options -- backbone.layer2.0.downsample.0.weight:weight_decay=0.0001
2026/03/18 21:15:33 - mmengine - INFO - paramwise_options -- backbone.layer2.0.downsample.0.weight:lr_mult=0.1
2026/03/18 21:15:33 - mmengine - WARNING - backbone.layer2.0.downsample.1.weight is skipped since its requires_grad=False
2026/03/18 21:15:33 - mmengine - WARNING - backbone.layer2.0.downsample.1.bias is skipped since its requires_grad=False
2026/03/18 21:15:33 - mmengine - INFO - paramwise_options -- backbone.layer2.1.conv1.weight:lr=1e-05
2026/03/18 21:15:33 - mmengine - INFO - paramwise_options -- backbone.layer2.1.conv1.weight:weight_decay=0.0001
2026/03/18 21:15:33 - mmengine - INFO - paramwise_options -- backbone.layer2.1.conv1.weight:lr_mult=0.1
2026/03/18 21:15:33 - mmengine - WARNING - backbone.layer2.1.bn1.weight is skipped since its requires_grad=False
2026/03/18 21:15:33 - mmengine - WARNING - backbone.layer2.1.bn1.bias is skipped since its requires_grad=False
2026/03/18 21:15:33 - mmengine - INFO - paramwise_options -- backbone.layer2.1.conv2.weight:lr=1e-05
2026/03/18 21:15:33 - mmengine - INFO - paramwise_options -- backbone.layer2.1.conv2.weight:weight_decay=0.0001
2026/03/18 21:15:33 - mmengine - INFO - paramwise_options -- backbone.layer2.1.conv2.weight:lr_mult=0.1
2026/03/18 21:15:33 - mmengine - WARNING - backbone.layer2.1.bn2.weight is skipped since its requires_grad=False
2026/03/18 21:15:33 - mmengine - WARNING - backbone.layer2.1.bn2.bias is skipped since its requires_grad=False
2026/03/18 21:15:33 - mmengine - INFO - paramwise_options -- backbone.layer2.1.conv3.weight:lr=1e-05
2026/03/18 21:15:33 - mmengine - INFO - paramwise_options -- backbone.layer2.1.conv3.weight:weight_decay=0.0001
2026/03/18 21:15:33 - mmengine - INFO - paramwise_options -- backbone.layer2.1.conv3.weight:lr_mult=0.1
2026/03/18 21:15:33 - mmengine - WARNING - backbone.layer2.1.bn3.weight is skipped since its requires_grad=False
2026/03/18 21:15:33 - mmengine - WARNING - backbone.layer2.1.bn3.bias is skipped since its requires_grad=False
2026/03/18 21:15:33 - mmengine - INFO - paramwise_options -- backbone.layer2.2.conv1.weight:lr=1e-05
2026/03/18 21:15:33 - mmengine - INFO - paramwise_options -- backbone.layer2.2.conv1.weight:weight_decay=0.0001
2026/03/18 21:15:33 - mmengine - INFO - paramwise_options -- backbone.layer2.2.conv1.weight:lr_mult=0.1
2026/03/18 21:15:33 - mmengine - WARNING - backbone.layer2.2.bn1.weight is skipped since its requires_grad=False
2026/03/18 21:15:33 - mmengine - WARNING - backbone.layer2.2.bn1.bias is skipped since its requires_grad=False
2026/03/18 21:15:33 - mmengine - INFO - paramwise_options -- backbone.layer2.2.conv2.weight:lr=1e-05
2026/03/18 21:15:33 - mmengine - INFO - paramwise_options -- backbone.layer2.2.conv2.weight:weight_decay=0.0001
2026/03/18 21:15:33 - mmengine - INFO - paramwise_options -- backbone.layer2.2.conv2.weight:lr_mult=0.1
2026/03/18 21:15:33 - mmengine - WARNING - backbone.layer2.2.bn2.weight is skipped since its requires_grad=False
2026/03/18 21:15:33 - mmengine - WARNING - backbone.layer2.2.bn2.bias is skipped since its requires_grad=False
2026/03/18 21:15:33 - mmengine - INFO - paramwise_options -- backbone.layer2.2.conv3.weight:lr=1e-05
2026/03/18 21:15:33 - mmengine - INFO - paramwise_options -- backbone.layer2.2.conv3.weight:weight_decay=0.0001
2026/03/18 21:15:33 - mmengine - INFO - paramwise_options -- backbone.layer2.2.conv3.weight:lr_mult=0.1
2026/03/18 21:15:33 - mmengine - WARNING - backbone.layer2.2.bn3.weight is skipped since its requires_grad=False
2026/03/18 21:15:33 - mmengine - WARNING - backbone.layer2.2.bn3.bias is skipped since its requires_grad=False
2026/03/18 21:15:33 - mmengine - INFO - paramwise_options -- backbone.layer2.3.conv1.weight:lr=1e-05
2026/03/18 21:15:33 - mmengine - INFO - paramwise_options -- backbone.layer2.3.conv1.weight:weight_decay=0.0001
2026/03/18 21:15:33 - mmengine - INFO - paramwise_options -- backbone.layer2.3.conv1.weight:lr_mult=0.1
2026/03/18 21:15:33 - mmengine - WARNING - backbone.layer2.3.bn1.weight is skipped since its requires_grad=False
2026/03/18 21:15:33 - mmengine - WARNING - backbone.layer2.3.bn1.bias is skipped since its requires_grad=False
2026/03/18 21:15:33 - mmengine - INFO - paramwise_options -- backbone.layer2.3.conv2.weight:lr=1e-05
2026/03/18 21:15:33 - mmengine - INFO - paramwise_options -- backbone.layer2.3.conv2.weight:weight_decay=0.0001
2026/03/18 21:15:33 - mmengine - INFO - paramwise_options -- backbone.layer2.3.conv2.weight:lr_mult=0.1
2026/03/18 21:15:33 - mmengine - WARNING - backbone.layer2.3.bn2.weight is skipped since its requires_grad=False
2026/03/18 21:15:33 - mmengine - WARNING - backbone.layer2.3.bn2.bias is skipped since its requires_grad=False
2026/03/18 21:15:33 - mmengine - INFO - paramwise_options -- backbone.layer2.3.conv3.weight:lr=1e-05
2026/03/18 21:15:33 - mmengine - INFO - paramwise_options -- backbone.layer2.3.conv3.weight:weight_decay=0.0001
2026/03/18 21:15:33 - mmengine - INFO - paramwise_options -- backbone.layer2.3.conv3.weight:lr_mult=0.1
2026/03/18 21:15:33 - mmengine - WARNING - backbone.layer2.3.bn3.weight is skipped since its requires_grad=False
2026/03/18 21:15:33 - mmengine - WARNING - backbone.layer2.3.bn3.bias is skipped since its requires_grad=False
2026/03/18 21:15:33 - mmengine - INFO - paramwise_options -- backbone.layer3.0.conv1.weight:lr=1e-05
2026/03/18 21:15:33 - mmengine - INFO - paramwise_options -- backbone.layer3.0.conv1.weight:weight_decay=0.0001
2026/03/18 21:15:33 - mmengine - INFO - paramwise_options -- backbone.layer3.0.conv1.weight:lr_mult=0.1
2026/03/18 21:15:33 - mmengine - WARNING - backbone.layer3.0.bn1.weight is skipped since its requires_grad=False
2026/03/18 21:15:33 - mmengine - WARNING - backbone.layer3.0.bn1.bias is skipped since its requires_grad=False
2026/03/18 21:15:33 - mmengine - INFO - paramwise_options -- backbone.layer3.0.conv2.weight:lr=1e-05
2026/03/18 21:15:33 - mmengine - INFO - paramwise_options -- backbone.layer3.0.conv2.weight:weight_decay=0.0001
2026/03/18 21:15:33 - mmengine - INFO - paramwise_options -- backbone.layer3.0.conv2.weight:lr_mult=0.1
2026/03/18 21:15:33 - mmengine - WARNING - backbone.layer3.0.bn2.weight is skipped since its requires_grad=False
2026/03/18 21:15:33 - mmengine - WARNING - backbone.layer3.0.bn2.bias is skipped since its requires_grad=False
2026/03/18 21:15:33 - mmengine - INFO - paramwise_options -- backbone.layer3.0.conv3.weight:lr=1e-05
2026/03/18 21:15:33 - mmengine - INFO - paramwise_options -- backbone.layer3.0.conv3.weight:weight_decay=0.0001
2026/03/18 21:15:33 - mmengine - INFO - paramwise_options -- backbone.layer3.0.conv3.weight:lr_mult=0.1
2026/03/18 21:15:33 - mmengine - WARNING - backbone.layer3.0.bn3.weight is skipped since its requires_grad=False
2026/03/18 21:15:33 - mmengine - WARNING - backbone.layer3.0.bn3.bias is skipped since its requires_grad=False
2026/03/18 21:15:33 - mmengine - INFO - paramwise_options -- backbone.layer3.0.downsample.0.weight:lr=1e-05
2026/03/18 21:15:33 - mmengine - INFO - paramwise_options -- backbone.layer3.0.downsample.0.weight:weight_decay=0.0001
2026/03/18 21:15:33 - mmengine - INFO - paramwise_options -- backbone.layer3.0.downsample.0.weight:lr_mult=0.1
2026/03/18 21:15:33 - mmengine - WARNING - backbone.layer3.0.downsample.1.weight is skipped since its requires_grad=False
2026/03/18 21:15:33 - mmengine - WARNING - backbone.layer3.0.downsample.1.bias is skipped since its requires_grad=False
2026/03/18 21:15:33 - mmengine - INFO - paramwise_options -- backbone.layer3.1.conv1.weight:lr=1e-05
2026/03/18 21:15:33 - mmengine - INFO - paramwise_options -- backbone.layer3.1.conv1.weight:weight_decay=0.0001
2026/03/18 21:15:33 - mmengine - INFO - paramwise_options -- backbone.layer3.1.conv1.weight:lr_mult=0.1
2026/03/18 21:15:33 - mmengine - WARNING - backbone.layer3.1.bn1.weight is skipped since its requires_grad=False
2026/03/18 21:15:33 - mmengine - WARNING - backbone.layer3.1.bn1.bias is skipped since its requires_grad=False
2026/03/18 21:15:33 - mmengine - INFO - paramwise_options -- backbone.layer3.1.conv2.weight:lr=1e-05
2026/03/18 21:15:33 - mmengine - INFO - paramwise_options -- backbone.layer3.1.conv2.weight:weight_decay=0.0001
2026/03/18 21:15:33 - mmengine - INFO - paramwise_options -- backbone.layer3.1.conv2.weight:lr_mult=0.1
2026/03/18 21:15:33 - mmengine - WARNING - backbone.layer3.1.bn2.weight is skipped since its requires_grad=False
2026/03/18 21:15:33 - mmengine - WARNING - backbone.layer3.1.bn2.bias is skipped since its requires_grad=False
2026/03/18 21:15:33 - mmengine - INFO - paramwise_options -- backbone.layer3.1.conv3.weight:lr=1e-05
2026/03/18 21:15:33 - mmengine - INFO - paramwise_options -- backbone.layer3.1.conv3.weight:weight_decay=0.0001
2026/03/18 21:15:33 - mmengine - INFO - paramwise_options -- backbone.layer3.1.conv3.weight:lr_mult=0.1
2026/03/18 21:15:33 - mmengine - WARNING - backbone.layer3.1.bn3.weight is skipped since its requires_grad=False
2026/03/18 21:15:33 - mmengine - WARNING - backbone.layer3.1.bn3.bias is skipped since its requires_grad=False
2026/03/18 21:15:33 - mmengine - INFO - paramwise_options -- backbone.layer3.2.conv1.weight:lr=1e-05
2026/03/18 21:15:33 - mmengine - INFO - paramwise_options -- backbone.layer3.2.conv1.weight:weight_decay=0.0001
2026/03/18 21:15:33 - mmengine - INFO - paramwise_options -- backbone.layer3.2.conv1.weight:lr_mult=0.1
2026/03/18 21:15:33 - mmengine - WARNING - backbone.layer3.2.bn1.weight is skipped since its requires_grad=False
2026/03/18 21:15:33 - mmengine - WARNING - backbone.layer3.2.bn1.bias is skipped since its requires_grad=False
2026/03/18 21:15:33 - mmengine - INFO - paramwise_options -- backbone.layer3.2.conv2.weight:lr=1e-05
2026/03/18 21:15:33 - mmengine - INFO - paramwise_options -- backbone.layer3.2.conv2.weight:weight_decay=0.0001
2026/03/18 21:15:33 - mmengine - INFO - paramwise_options -- backbone.layer3.2.conv2.weight:lr_mult=0.1
2026/03/18 21:15:33 - mmengine - WARNING - backbone.layer3.2.bn2.weight is skipped since its requires_grad=False
2026/03/18 21:15:33 - mmengine - WARNING - backbone.layer3.2.bn2.bias is skipped since its requires_grad=False
2026/03/18 21:15:33 - mmengine - INFO - paramwise_options -- backbone.layer3.2.conv3.weight:lr=1e-05
2026/03/18 21:15:33 - mmengine - INFO - paramwise_options -- backbone.layer3.2.conv3.weight:weight_decay=0.0001
2026/03/18 21:15:33 - mmengine - INFO - paramwise_options -- backbone.layer3.2.conv3.weight:lr_mult=0.1
2026/03/18 21:15:33 - mmengine - WARNING - backbone.layer3.2.bn3.weight is skipped since its requires_grad=False
2026/03/18 21:15:33 - mmengine - WARNING - backbone.layer3.2.bn3.bias is skipped since its requires_grad=False
2026/03/18 21:15:33 - mmengine - INFO - paramwise_options -- backbone.layer3.3.conv1.weight:lr=1e-05
2026/03/18 21:15:33 - mmengine - INFO - paramwise_options -- backbone.layer3.3.conv1.weight:weight_decay=0.0001
2026/03/18 21:15:33 - mmengine - INFO - paramwise_options -- backbone.layer3.3.conv1.weight:lr_mult=0.1
2026/03/18 21:15:33 - mmengine - WARNING - backbone.layer3.3.bn1.weight is skipped since its requires_grad=False
2026/03/18 21:15:33 - mmengine - WARNING - backbone.layer3.3.bn1.bias is skipped since its requires_grad=False
2026/03/18 21:15:33 - mmengine - INFO - paramwise_options -- backbone.layer3.3.conv2.weight:lr=1e-05
2026/03/18 21:15:33 - mmengine - INFO - paramwise_options -- backbone.layer3.3.conv2.weight:weight_decay=0.0001
2026/03/18 21:15:33 - mmengine - INFO - paramwise_options -- backbone.layer3.3.conv2.weight:lr_mult=0.1
2026/03/18 21:15:33 - mmengine - WARNING - backbone.layer3.3.bn2.weight is skipped since its requires_grad=False
2026/03/18 21:15:33 - mmengine - WARNING - backbone.layer3.3.bn2.bias is skipped since its requires_grad=False
2026/03/18 21:15:33 - mmengine - INFO - paramwise_options -- backbone.layer3.3.conv3.weight:lr=1e-05
2026/03/18 21:15:33 - mmengine - INFO - paramwise_options -- backbone.layer3.3.conv3.weight:weight_decay=0.0001
2026/03/18 21:15:33 - mmengine - INFO - paramwise_options -- backbone.layer3.3.conv3.weight:lr_mult=0.1
2026/03/18 21:15:33 - mmengine - WARNING - backbone.layer3.3.bn3.weight is skipped since its requires_grad=False
2026/03/18 21:15:33 - mmengine - WARNING - backbone.layer3.3.bn3.bias is skipped since its requires_grad=False
2026/03/18 21:15:33 - mmengine - INFO - paramwise_options -- backbone.layer3.4.conv1.weight:lr=1e-05
2026/03/18 21:15:33 - mmengine - INFO - paramwise_options -- backbone.layer3.4.conv1.weight:weight_decay=0.0001
2026/03/18 21:15:33 - mmengine - INFO - paramwise_options -- backbone.layer3.4.conv1.weight:lr_mult=0.1
2026/03/18 21:15:33 - mmengine - WARNING - backbone.layer3.4.bn1.weight is skipped since its requires_grad=False
2026/03/18 21:15:33 - mmengine - WARNING - backbone.layer3.4.bn1.bias is skipped since its requires_grad=False
2026/03/18 21:15:33 - mmengine - INFO - paramwise_options -- backbone.layer3.4.conv2.weight:lr=1e-05
2026/03/18 21:15:33 - mmengine - INFO - paramwise_options -- backbone.layer3.4.conv2.weight:weight_decay=0.0001
2026/03/18 21:15:33 - mmengine - INFO - paramwise_options -- backbone.layer3.4.conv2.weight:lr_mult=0.1
2026/03/18 21:15:33 - mmengine - WARNING - backbone.layer3.4.bn2.weight is skipped since its requires_grad=False
2026/03/18 21:15:33 - mmengine - WARNING - backbone.layer3.4.bn2.bias is skipped since its requires_grad=False
2026/03/18 21:15:33 - mmengine - INFO - paramwise_options -- backbone.layer3.4.conv3.weight:lr=1e-05
2026/03/18 21:15:33 - mmengine - INFO - paramwise_options -- backbone.layer3.4.conv3.weight:weight_decay=0.0001
2026/03/18 21:15:33 - mmengine - INFO - paramwise_options -- backbone.layer3.4.conv3.weight:lr_mult=0.1
2026/03/18 21:15:33 - mmengine - WARNING - backbone.layer3.4.bn3.weight is skipped since its requires_grad=False
2026/03/18 21:15:33 - mmengine - WARNING - backbone.layer3.4.bn3.bias is skipped since its requires_grad=False
2026/03/18 21:15:33 - mmengine - INFO - paramwise_options -- backbone.layer3.5.conv1.weight:lr=1e-05
2026/03/18 21:15:33 - mmengine - INFO - paramwise_options -- backbone.layer3.5.conv1.weight:weight_decay=0.0001
2026/03/18 21:15:33 - mmengine - INFO - paramwise_options -- backbone.layer3.5.conv1.weight:lr_mult=0.1
2026/03/18 21:15:33 - mmengine - WARNING - backbone.layer3.5.bn1.weight is skipped since its requires_grad=False
2026/03/18 21:15:33 - mmengine - WARNING - backbone.layer3.5.bn1.bias is skipped since its requires_grad=False
2026/03/18 21:15:33 - mmengine - INFO - paramwise_options -- backbone.layer3.5.conv2.weight:lr=1e-05
2026/03/18 21:15:33 - mmengine - INFO - paramwise_options -- backbone.layer3.5.conv2.weight:weight_decay=0.0001
2026/03/18 21:15:33 - mmengine - INFO - paramwise_options -- backbone.layer3.5.conv2.weight:lr_mult=0.1
2026/03/18 21:15:33 - mmengine - WARNING - backbone.layer3.5.bn2.weight is skipped since its requires_grad=False
2026/03/18 21:15:33 - mmengine - WARNING - backbone.layer3.5.bn2.bias is skipped since its requires_grad=False
2026/03/18 21:15:33 - mmengine - INFO - paramwise_options -- backbone.layer3.5.conv3.weight:lr=1e-05
2026/03/18 21:15:33 - mmengine - INFO - paramwise_options -- backbone.layer3.5.conv3.weight:weight_decay=0.0001
2026/03/18 21:15:33 - mmengine - INFO - paramwise_options -- backbone.layer3.5.conv3.weight:lr_mult=0.1
2026/03/18 21:15:33 - mmengine - WARNING - backbone.layer3.5.bn3.weight is skipped since its requires_grad=False
2026/03/18 21:15:33 - mmengine - WARNING - backbone.layer3.5.bn3.bias is skipped since its requires_grad=False
2026/03/18 21:15:33 - mmengine - INFO - paramwise_options -- backbone.layer4.0.conv1.weight:lr=1e-05
2026/03/18 21:15:33 - mmengine - INFO - paramwise_options -- backbone.layer4.0.conv1.weight:weight_decay=0.0001
2026/03/18 21:15:33 - mmengine - INFO - paramwise_options -- backbone.layer4.0.conv1.weight:lr_mult=0.1
2026/03/18 21:15:33 - mmengine - WARNING - backbone.layer4.0.bn1.weight is skipped since its requires_grad=False
2026/03/18 21:15:33 - mmengine - WARNING - backbone.layer4.0.bn1.bias is skipped since its requires_grad=False
2026/03/18 21:15:33 - mmengine - INFO - paramwise_options -- backbone.layer4.0.conv2.weight:lr=1e-05
2026/03/18 21:15:33 - mmengine - INFO - paramwise_options -- backbone.layer4.0.conv2.weight:weight_decay=0.0001
2026/03/18 21:15:33 - mmengine - INFO - paramwise_options -- backbone.layer4.0.conv2.weight:lr_mult=0.1
2026/03/18 21:15:33 - mmengine - WARNING - backbone.layer4.0.bn2.weight is skipped since its requires_grad=False
2026/03/18 21:15:33 - mmengine - WARNING - backbone.layer4.0.bn2.bias is skipped since its requires_grad=False
2026/03/18 21:15:33 - mmengine - INFO - paramwise_options -- backbone.layer4.0.conv3.weight:lr=1e-05
2026/03/18 21:15:33 - mmengine - INFO - paramwise_options -- backbone.layer4.0.conv3.weight:weight_decay=0.0001
2026/03/18 21:15:33 - mmengine - INFO - paramwise_options -- backbone.layer4.0.conv3.weight:lr_mult=0.1
2026/03/18 21:15:33 - mmengine - WARNING - backbone.layer4.0.bn3.weight is skipped since its requires_grad=False
2026/03/18 21:15:33 - mmengine - WARNING - backbone.layer4.0.bn3.bias is skipped since its requires_grad=False
2026/03/18 21:15:33 - mmengine - INFO - paramwise_options -- backbone.layer4.0.downsample.0.weight:lr=1e-05
2026/03/18 21:15:33 - mmengine - INFO - paramwise_options -- backbone.layer4.0.downsample.0.weight:weight_decay=0.0001
2026/03/18 21:15:33 - mmengine - INFO - paramwise_options -- backbone.layer4.0.downsample.0.weight:lr_mult=0.1
2026/03/18 21:15:33 - mmengine - WARNING - backbone.layer4.0.downsample.1.weight is skipped since its requires_grad=False
2026/03/18 21:15:33 - mmengine - WARNING - backbone.layer4.0.downsample.1.bias is skipped since its requires_grad=False
2026/03/18 21:15:33 - mmengine - INFO - paramwise_options -- backbone.layer4.1.conv1.weight:lr=1e-05
2026/03/18 21:15:33 - mmengine - INFO - paramwise_options -- backbone.layer4.1.conv1.weight:weight_decay=0.0001
2026/03/18 21:15:33 - mmengine - INFO - paramwise_options -- backbone.layer4.1.conv1.weight:lr_mult=0.1
2026/03/18 21:15:33 - mmengine - WARNING - backbone.layer4.1.bn1.weight is skipped since its requires_grad=False
2026/03/18 21:15:33 - mmengine - WARNING - backbone.layer4.1.bn1.bias is skipped since its requires_grad=False
2026/03/18 21:15:33 - mmengine - INFO - paramwise_options -- backbone.layer4.1.conv2.weight:lr=1e-05
2026/03/18 21:15:33 - mmengine - INFO - paramwise_options -- backbone.layer4.1.conv2.weight:weight_decay=0.0001
2026/03/18 21:15:33 - mmengine - INFO - paramwise_options -- backbone.layer4.1.conv2.weight:lr_mult=0.1
2026/03/18 21:15:33 - mmengine - WARNING - backbone.layer4.1.bn2.weight is skipped since its requires_grad=False
2026/03/18 21:15:33 - mmengine - WARNING - backbone.layer4.1.bn2.bias is skipped since its requires_grad=False
2026/03/18 21:15:33 - mmengine - INFO - paramwise_options -- backbone.layer4.1.conv3.weight:lr=1e-05
2026/03/18 21:15:33 - mmengine - INFO - paramwise_options -- backbone.layer4.1.conv3.weight:weight_decay=0.0001
2026/03/18 21:15:33 - mmengine - INFO - paramwise_options -- backbone.layer4.1.conv3.weight:lr_mult=0.1
2026/03/18 21:15:33 - mmengine - WARNING - backbone.layer4.1.bn3.weight is skipped since its requires_grad=False
2026/03/18 21:15:33 - mmengine - WARNING - backbone.layer4.1.bn3.bias is skipped since its requires_grad=False
2026/03/18 21:15:33 - mmengine - INFO - paramwise_options -- backbone.layer4.2.conv1.weight:lr=1e-05
2026/03/18 21:15:33 - mmengine - INFO - paramwise_options -- backbone.layer4.2.conv1.weight:weight_decay=0.0001
2026/03/18 21:15:33 - mmengine - INFO - paramwise_options -- backbone.layer4.2.conv1.weight:lr_mult=0.1
2026/03/18 21:15:33 - mmengine - WARNING - backbone.layer4.2.bn1.weight is skipped since its requires_grad=False
2026/03/18 21:15:33 - mmengine - WARNING - backbone.layer4.2.bn1.bias is skipped since its requires_grad=False
2026/03/18 21:15:33 - mmengine - INFO - paramwise_options -- backbone.layer4.2.conv2.weight:lr=1e-05
2026/03/18 21:15:33 - mmengine - INFO - paramwise_options -- backbone.layer4.2.conv2.weight:weight_decay=0.0001
2026/03/18 21:15:33 - mmengine - INFO - paramwise_options -- backbone.layer4.2.conv2.weight:lr_mult=0.1
2026/03/18 21:15:33 - mmengine - WARNING - backbone.layer4.2.bn2.weight is skipped since its requires_grad=False
2026/03/18 21:15:33 - mmengine - WARNING - backbone.layer4.2.bn2.bias is skipped since its requires_grad=False
2026/03/18 21:15:33 - mmengine - INFO - paramwise_options -- backbone.layer4.2.conv3.weight:lr=1e-05
2026/03/18 21:15:33 - mmengine - INFO - paramwise_options -- backbone.layer4.2.conv3.weight:weight_decay=0.0001
2026/03/18 21:15:33 - mmengine - INFO - paramwise_options -- backbone.layer4.2.conv3.weight:lr_mult=0.1
2026/03/18 21:15:33 - mmengine - WARNING - backbone.layer4.2.bn3.weight is skipped since its requires_grad=False
2026/03/18 21:15:33 - mmengine - WARNING - backbone.layer4.2.bn3.bias is skipped since its requires_grad=False
2026/03/18 21:15:34 - mmengine - INFO - load model from: torchvision://resnet50
2026/03/18 21:15:34 - mmengine - INFO - Loads checkpoint by torchvision backend from path: torchvision://resnet50
2026/03/18 21:15:35 - mmengine - WARNING - The model and loaded state dict do not match exactly

unexpected key in source state_dict: fc.weight, fc.bias

Name of parameter - Initialization information

level_embed - torch.Size([4, 256]): 
The value is the same before and after calling `init_weights` of DINO  

backbone.conv1.weight - torch.Size([64, 3, 7, 7]): 
PretrainedInit: load from torchvision://resnet50 

backbone.bn1.weight - torch.Size([64]): 
PretrainedInit: load from torchvision://resnet50 

backbone.bn1.bias - torch.Size([64]): 
PretrainedInit: load from torchvision://resnet50 

backbone.layer1.0.conv1.weight - torch.Size([64, 64, 1, 1]): 
PretrainedInit: load from torchvision://resnet50 

backbone.layer1.0.bn1.weight - torch.Size([64]): 
PretrainedInit: load from torchvision://resnet50 

backbone.layer1.0.bn1.bias - torch.Size([64]): 
PretrainedInit: load from torchvision://resnet50 

backbone.layer1.0.conv2.weight - torch.Size([64, 64, 3, 3]): 
PretrainedInit: load from torchvision://resnet50 

backbone.layer1.0.bn2.weight - torch.Size([64]): 
PretrainedInit: load from torchvision://resnet50 

backbone.layer1.0.bn2.bias - torch.Size([64]): 
PretrainedInit: load from torchvision://resnet50 

backbone.layer1.0.conv3.weight - torch.Size([256, 64, 1, 1]): 
PretrainedInit: load from torchvision://resnet50 

backbone.layer1.0.bn3.weight - torch.Size([256]): 
PretrainedInit: load from torchvision://resnet50 

backbone.layer1.0.bn3.bias - torch.Size([256]): 
PretrainedInit: load from torchvision://resnet50 

backbone.layer1.0.downsample.0.weight - torch.Size([256, 64, 1, 1]): 
PretrainedInit: load from torchvision://resnet50 

backbone.layer1.0.downsample.1.weight - torch.Size([256]): 
PretrainedInit: load from torchvision://resnet50 

backbone.layer1.0.downsample.1.bias - torch.Size([256]): 
PretrainedInit: load from torchvision://resnet50 

backbone.layer1.1.conv1.weight - torch.Size([64, 256, 1, 1]): 
PretrainedInit: load from torchvision://resnet50 

backbone.layer1.1.bn1.weight - torch.Size([64]): 
PretrainedInit: load from torchvision://resnet50 

backbone.layer1.1.bn1.bias - torch.Size([64]): 
PretrainedInit: load from torchvision://resnet50 

backbone.layer1.1.conv2.weight - torch.Size([64, 64, 3, 3]): 
PretrainedInit: load from torchvision://resnet50 

backbone.layer1.1.bn2.weight - torch.Size([64]): 
PretrainedInit: load from torchvision://resnet50 

backbone.layer1.1.bn2.bias - torch.Size([64]): 
PretrainedInit: load from torchvision://resnet50 

backbone.layer1.1.conv3.weight - torch.Size([256, 64, 1, 1]): 
PretrainedInit: load from torchvision://resnet50 

backbone.layer1.1.bn3.weight - torch.Size([256]): 
PretrainedInit: load from torchvision://resnet50 

backbone.layer1.1.bn3.bias - torch.Size([256]): 
PretrainedInit: load from torchvision://resnet50 

backbone.layer1.2.conv1.weight - torch.Size([64, 256, 1, 1]): 
PretrainedInit: load from torchvision://resnet50 

backbone.layer1.2.bn1.weight - torch.Size([64]): 
PretrainedInit: load from torchvision://resnet50 

backbone.layer1.2.bn1.bias - torch.Size([64]): 
PretrainedInit: load from torchvision://resnet50 

backbone.layer1.2.conv2.weight - torch.Size([64, 64, 3, 3]): 
PretrainedInit: load from torchvision://resnet50 

backbone.layer1.2.bn2.weight - torch.Size([64]): 
PretrainedInit: load from torchvision://resnet50 

backbone.layer1.2.bn2.bias - torch.Size([64]): 
PretrainedInit: load from torchvision://resnet50 

backbone.layer1.2.conv3.weight - torch.Size([256, 64, 1, 1]): 
PretrainedInit: load from torchvision://resnet50 

backbone.layer1.2.bn3.weight - torch.Size([256]): 
PretrainedInit: load from torchvision://resnet50 

backbone.layer1.2.bn3.bias - torch.Size([256]): 
PretrainedInit: load from torchvision://resnet50 

backbone.layer2.0.conv1.weight - torch.Size([128, 256, 1, 1]): 
PretrainedInit: load from torchvision://resnet50 

backbone.layer2.0.bn1.weight - torch.Size([128]): 
PretrainedInit: load from torchvision://resnet50 

backbone.layer2.0.bn1.bias - torch.Size([128]): 
PretrainedInit: load from torchvision://resnet50 

backbone.layer2.0.conv2.weight - torch.Size([128, 128, 3, 3]): 
PretrainedInit: load from torchvision://resnet50 

backbone.layer2.0.bn2.weight - torch.Size([128]): 
PretrainedInit: load from torchvision://resnet50 

backbone.layer2.0.bn2.bias - torch.Size([128]): 
PretrainedInit: load from torchvision://resnet50 

backbone.layer2.0.conv3.weight - torch.Size([512, 128, 1, 1]): 
PretrainedInit: load from torchvision://resnet50 

backbone.layer2.0.bn3.weight - torch.Size([512]): 
PretrainedInit: load from torchvision://resnet50 

backbone.layer2.0.bn3.bias - torch.Size([512]): 
PretrainedInit: load from torchvision://resnet50 

backbone.layer2.0.downsample.0.weight - torch.Size([512, 256, 1, 1]): 
PretrainedInit: load from torchvision://resnet50 

backbone.layer2.0.downsample.1.weight - torch.Size([512]): 
PretrainedInit: load from torchvision://resnet50 

backbone.layer2.0.downsample.1.bias - torch.Size([512]): 
PretrainedInit: load from torchvision://resnet50 

backbone.layer2.1.conv1.weight - torch.Size([128, 512, 1, 1]): 
PretrainedInit: load from torchvision://resnet50 

backbone.layer2.1.bn1.weight - torch.Size([128]): 
PretrainedInit: load from torchvision://resnet50 

backbone.layer2.1.bn1.bias - torch.Size([128]): 
PretrainedInit: load from torchvision://resnet50 

backbone.layer2.1.conv2.weight - torch.Size([128, 128, 3, 3]): 
PretrainedInit: load from torchvision://resnet50 

backbone.layer2.1.bn2.weight - torch.Size([128]): 
PretrainedInit: load from torchvision://resnet50 

backbone.layer2.1.bn2.bias - torch.Size([128]): 
PretrainedInit: load from torchvision://resnet50 

backbone.layer2.1.conv3.weight - torch.Size([512, 128, 1, 1]): 
PretrainedInit: load from torchvision://resnet50 

backbone.layer2.1.bn3.weight - torch.Size([512]): 
PretrainedInit: load from torchvision://resnet50 

backbone.layer2.1.bn3.bias - torch.Size([512]): 
PretrainedInit: load from torchvision://resnet50 

backbone.layer2.2.conv1.weight - torch.Size([128, 512, 1, 1]): 
PretrainedInit: load from torchvision://resnet50 

backbone.layer2.2.bn1.weight - torch.Size([128]): 
PretrainedInit: load from torchvision://resnet50 

backbone.layer2.2.bn1.bias - torch.Size([128]): 
PretrainedInit: load from torchvision://resnet50 

backbone.layer2.2.conv2.weight - torch.Size([128, 128, 3, 3]): 
PretrainedInit: load from torchvision://resnet50 

backbone.layer2.2.bn2.weight - torch.Size([128]): 
PretrainedInit: load from torchvision://resnet50 

backbone.layer2.2.bn2.bias - torch.Size([128]): 
PretrainedInit: load from torchvision://resnet50 

backbone.layer2.2.conv3.weight - torch.Size([512, 128, 1, 1]): 
PretrainedInit: load from torchvision://resnet50 

backbone.layer2.2.bn3.weight - torch.Size([512]): 
PretrainedInit: load from torchvision://resnet50 

backbone.layer2.2.bn3.bias - torch.Size([512]): 
PretrainedInit: load from torchvision://resnet50 

backbone.layer2.3.conv1.weight - torch.Size([128, 512, 1, 1]): 
PretrainedInit: load from torchvision://resnet50 

backbone.layer2.3.bn1.weight - torch.Size([128]): 
PretrainedInit: load from torchvision://resnet50 

backbone.layer2.3.bn1.bias - torch.Size([128]): 
PretrainedInit: load from torchvision://resnet50 

backbone.layer2.3.conv2.weight - torch.Size([128, 128, 3, 3]): 
PretrainedInit: load from torchvision://resnet50 

backbone.layer2.3.bn2.weight - torch.Size([128]): 
PretrainedInit: load from torchvision://resnet50 

backbone.layer2.3.bn2.bias - torch.Size([128]): 
PretrainedInit: load from torchvision://resnet50 

backbone.layer2.3.conv3.weight - torch.Size([512, 128, 1, 1]): 
PretrainedInit: load from torchvision://resnet50 

backbone.layer2.3.bn3.weight - torch.Size([512]): 
PretrainedInit: load from torchvision://resnet50 

backbone.layer2.3.bn3.bias - torch.Size([512]): 
PretrainedInit: load from torchvision://resnet50 

backbone.layer3.0.conv1.weight - torch.Size([256, 512, 1, 1]): 
PretrainedInit: load from torchvision://resnet50 

backbone.layer3.0.bn1.weight - torch.Size([256]): 
PretrainedInit: load from torchvision://resnet50 

backbone.layer3.0.bn1.bias - torch.Size([256]): 
PretrainedInit: load from torchvision://resnet50 

backbone.layer3.0.conv2.weight - torch.Size([256, 256, 3, 3]): 
PretrainedInit: load from torchvision://resnet50 

backbone.layer3.0.bn2.weight - torch.Size([256]): 
PretrainedInit: load from torchvision://resnet50 

backbone.layer3.0.bn2.bias - torch.Size([256]): 
PretrainedInit: load from torchvision://resnet50 

backbone.layer3.0.conv3.weight - torch.Size([1024, 256, 1, 1]): 
PretrainedInit: load from torchvision://resnet50 

backbone.layer3.0.bn3.weight - torch.Size([1024]): 
PretrainedInit: load from torchvision://resnet50 

backbone.layer3.0.bn3.bias - torch.Size([1024]): 
PretrainedInit: load from torchvision://resnet50 

backbone.layer3.0.downsample.0.weight - torch.Size([1024, 512, 1, 1]): 
PretrainedInit: load from torchvision://resnet50 

backbone.layer3.0.downsample.1.weight - torch.Size([1024]): 
PretrainedInit: load from torchvision://resnet50 

backbone.layer3.0.downsample.1.bias - torch.Size([1024]): 
PretrainedInit: load from torchvision://resnet50 

backbone.layer3.1.conv1.weight - torch.Size([256, 1024, 1, 1]): 
PretrainedInit: load from torchvision://resnet50 

backbone.layer3.1.bn1.weight - torch.Size([256]): 
PretrainedInit: load from torchvision://resnet50 

backbone.layer3.1.bn1.bias - torch.Size([256]): 
PretrainedInit: load from torchvision://resnet50 

backbone.layer3.1.conv2.weight - torch.Size([256, 256, 3, 3]): 
PretrainedInit: load from torchvision://resnet50 

backbone.layer3.1.bn2.weight - torch.Size([256]): 
PretrainedInit: load from torchvision://resnet50 

backbone.layer3.1.bn2.bias - torch.Size([256]): 
PretrainedInit: load from torchvision://resnet50 

backbone.layer3.1.conv3.weight - torch.Size([1024, 256, 1, 1]): 
PretrainedInit: load from torchvision://resnet50 

backbone.layer3.1.bn3.weight - torch.Size([1024]): 
PretrainedInit: load from torchvision://resnet50 

backbone.layer3.1.bn3.bias - torch.Size([1024]): 
PretrainedInit: load from torchvision://resnet50 

backbone.layer3.2.conv1.weight - torch.Size([256, 1024, 1, 1]): 
PretrainedInit: load from torchvision://resnet50 

backbone.layer3.2.bn1.weight - torch.Size([256]): 
PretrainedInit: load from torchvision://resnet50 

backbone.layer3.2.bn1.bias - torch.Size([256]): 
PretrainedInit: load from torchvision://resnet50 

backbone.layer3.2.conv2.weight - torch.Size([256, 256, 3, 3]): 
PretrainedInit: load from torchvision://resnet50 

backbone.layer3.2.bn2.weight - torch.Size([256]): 
PretrainedInit: load from torchvision://resnet50 

backbone.layer3.2.bn2.bias - torch.Size([256]): 
PretrainedInit: load from torchvision://resnet50 

backbone.layer3.2.conv3.weight - torch.Size([1024, 256, 1, 1]): 
PretrainedInit: load from torchvision://resnet50 

backbone.layer3.2.bn3.weight - torch.Size([1024]): 
PretrainedInit: load from torchvision://resnet50 

backbone.layer3.2.bn3.bias - torch.Size([1024]): 
PretrainedInit: load from torchvision://resnet50 

backbone.layer3.3.conv1.weight - torch.Size([256, 1024, 1, 1]): 
PretrainedInit: load from torchvision://resnet50 

backbone.layer3.3.bn1.weight - torch.Size([256]): 
PretrainedInit: load from torchvision://resnet50 

backbone.layer3.3.bn1.bias - torch.Size([256]): 
PretrainedInit: load from torchvision://resnet50 

backbone.layer3.3.conv2.weight - torch.Size([256, 256, 3, 3]): 
PretrainedInit: load from torchvision://resnet50 

backbone.layer3.3.bn2.weight - torch.Size([256]): 
PretrainedInit: load from torchvision://resnet50 

backbone.layer3.3.bn2.bias - torch.Size([256]): 
PretrainedInit: load from torchvision://resnet50 

backbone.layer3.3.conv3.weight - torch.Size([1024, 256, 1, 1]): 
PretrainedInit: load from torchvision://resnet50 

backbone.layer3.3.bn3.weight - torch.Size([1024]): 
PretrainedInit: load from torchvision://resnet50 

backbone.layer3.3.bn3.bias - torch.Size([1024]): 
PretrainedInit: load from torchvision://resnet50 

backbone.layer3.4.conv1.weight - torch.Size([256, 1024, 1, 1]): 
PretrainedInit: load from torchvision://resnet50 

backbone.layer3.4.bn1.weight - torch.Size([256]): 
PretrainedInit: load from torchvision://resnet50 

backbone.layer3.4.bn1.bias - torch.Size([256]): 
PretrainedInit: load from torchvision://resnet50 

backbone.layer3.4.conv2.weight - torch.Size([256, 256, 3, 3]): 
PretrainedInit: load from torchvision://resnet50 

backbone.layer3.4.bn2.weight - torch.Size([256]): 
PretrainedInit: load from torchvision://resnet50 

backbone.layer3.4.bn2.bias - torch.Size([256]): 
PretrainedInit: load from torchvision://resnet50 

backbone.layer3.4.conv3.weight - torch.Size([1024, 256, 1, 1]): 
PretrainedInit: load from torchvision://resnet50 

backbone.layer3.4.bn3.weight - torch.Size([1024]): 
PretrainedInit: load from torchvision://resnet50 

backbone.layer3.4.bn3.bias - torch.Size([1024]): 
PretrainedInit: load from torchvision://resnet50 

backbone.layer3.5.conv1.weight - torch.Size([256, 1024, 1, 1]): 
PretrainedInit: load from torchvision://resnet50 

backbone.layer3.5.bn1.weight - torch.Size([256]): 
PretrainedInit: load from torchvision://resnet50 

backbone.layer3.5.bn1.bias - torch.Size([256]): 
PretrainedInit: load from torchvision://resnet50 

backbone.layer3.5.conv2.weight - torch.Size([256, 256, 3, 3]): 
PretrainedInit: load from torchvision://resnet50 

backbone.layer3.5.bn2.weight - torch.Size([256]): 
PretrainedInit: load from torchvision://resnet50 

backbone.layer3.5.bn2.bias - torch.Size([256]): 
PretrainedInit: load from torchvision://resnet50 

backbone.layer3.5.conv3.weight - torch.Size([1024, 256, 1, 1]): 
PretrainedInit: load from torchvision://resnet50 

backbone.layer3.5.bn3.weight - torch.Size([1024]): 
PretrainedInit: load from torchvision://resnet50 

backbone.layer3.5.bn3.bias - torch.Size([1024]): 
PretrainedInit: load from torchvision://resnet50 

backbone.layer4.0.conv1.weight - torch.Size([512, 1024, 1, 1]): 
PretrainedInit: load from torchvision://resnet50 

backbone.layer4.0.bn1.weight - torch.Size([512]): 
PretrainedInit: load from torchvision://resnet50 

backbone.layer4.0.bn1.bias - torch.Size([512]): 
PretrainedInit: load from torchvision://resnet50 

backbone.layer4.0.conv2.weight - torch.Size([512, 512, 3, 3]): 
PretrainedInit: load from torchvision://resnet50 

backbone.layer4.0.bn2.weight - torch.Size([512]): 
PretrainedInit: load from torchvision://resnet50 

backbone.layer4.0.bn2.bias - torch.Size([512]): 
PretrainedInit: load from torchvision://resnet50 

backbone.layer4.0.conv3.weight - torch.Size([2048, 512, 1, 1]): 
PretrainedInit: load from torchvision://resnet50 

backbone.layer4.0.bn3.weight - torch.Size([2048]): 
PretrainedInit: load from torchvision://resnet50 

backbone.layer4.0.bn3.bias - torch.Size([2048]): 
PretrainedInit: load from torchvision://resnet50 

backbone.layer4.0.downsample.0.weight - torch.Size([2048, 1024, 1, 1]): 
PretrainedInit: load from torchvision://resnet50 

backbone.layer4.0.downsample.1.weight - torch.Size([2048]): 
PretrainedInit: load from torchvision://resnet50 

backbone.layer4.0.downsample.1.bias - torch.Size([2048]): 
PretrainedInit: load from torchvision://resnet50 

backbone.layer4.1.conv1.weight - torch.Size([512, 2048, 1, 1]): 
PretrainedInit: load from torchvision://resnet50 

backbone.layer4.1.bn1.weight - torch.Size([512]): 
PretrainedInit: load from torchvision://resnet50 

backbone.layer4.1.bn1.bias - torch.Size([512]): 
PretrainedInit: load from torchvision://resnet50 

backbone.layer4.1.conv2.weight - torch.Size([512, 512, 3, 3]): 
PretrainedInit: load from torchvision://resnet50 

backbone.layer4.1.bn2.weight - torch.Size([512]): 
PretrainedInit: load from torchvision://resnet50 

backbone.layer4.1.bn2.bias - torch.Size([512]): 
PretrainedInit: load from torchvision://resnet50 

backbone.layer4.1.conv3.weight - torch.Size([2048, 512, 1, 1]): 
PretrainedInit: load from torchvision://resnet50 

backbone.layer4.1.bn3.weight - torch.Size([2048]): 
PretrainedInit: load from torchvision://resnet50 

backbone.layer4.1.bn3.bias - torch.Size([2048]): 
PretrainedInit: load from torchvision://resnet50 

backbone.layer4.2.conv1.weight - torch.Size([512, 2048, 1, 1]): 
PretrainedInit: load from torchvision://resnet50 

backbone.layer4.2.bn1.weight - torch.Size([512]): 
PretrainedInit: load from torchvision://resnet50 

backbone.layer4.2.bn1.bias - torch.Size([512]): 
PretrainedInit: load from torchvision://resnet50 

backbone.layer4.2.conv2.weight - torch.Size([512, 512, 3, 3]): 
PretrainedInit: load from torchvision://resnet50 

backbone.layer4.2.bn2.weight - torch.Size([512]): 
PretrainedInit: load from torchvision://resnet50 

backbone.layer4.2.bn2.bias - torch.Size([512]): 
PretrainedInit: load from torchvision://resnet50 

backbone.layer4.2.conv3.weight - torch.Size([2048, 512, 1, 1]): 
PretrainedInit: load from torchvision://resnet50 

backbone.layer4.2.bn3.weight - torch.Size([2048]): 
PretrainedInit: load from torchvision://resnet50 

backbone.layer4.2.bn3.bias - torch.Size([2048]): 
PretrainedInit: load from torchvision://resnet50 

neck.convs.0.conv.weight - torch.Size([256, 512, 1, 1]): 
XavierInit: gain=1, distribution=uniform, bias=0 

neck.convs.0.gn.weight - torch.Size([256]): 
The value is the same before and after calling `init_weights` of DINO  

neck.convs.0.gn.bias - torch.Size([256]): 
The value is the same before and after calling `init_weights` of DINO  

neck.convs.1.conv.weight - torch.Size([256, 1024, 1, 1]): 
XavierInit: gain=1, distribution=uniform, bias=0 

neck.convs.1.gn.weight - torch.Size([256]): 
The value is the same before and after calling `init_weights` of DINO  

neck.convs.1.gn.bias - torch.Size([256]): 
The value is the same before and after calling `init_weights` of DINO  

neck.convs.2.conv.weight - torch.Size([256, 2048, 1, 1]): 
XavierInit: gain=1, distribution=uniform, bias=0 

neck.convs.2.gn.weight - torch.Size([256]): 
The value is the same before and after calling `init_weights` of DINO  

neck.convs.2.gn.bias - torch.Size([256]): 
The value is the same before and after calling `init_weights` of DINO  

neck.extra_convs.0.conv.weight - torch.Size([256, 2048, 3, 3]): 
XavierInit: gain=1, distribution=uniform, bias=0 

neck.extra_convs.0.gn.weight - torch.Size([256]): 
The value is the same before and after calling `init_weights` of DINO  

neck.extra_convs.0.gn.bias - torch.Size([256]): 
The value is the same before and after calling `init_weights` of DINO  

bbox_head.cls_branches.0.weight - torch.Size([10, 256]): 
The value is the same before and after calling `init_weights` of DINO  

bbox_head.cls_branches.0.bias - torch.Size([10]): 
Initialized by user-defined `init_weights` in DINOHead  

bbox_head.cls_branches.1.weight - torch.Size([10, 256]): 
The value is the same before and after calling `init_weights` of DINO  

bbox_head.cls_branches.1.bias - torch.Size([10]): 
Initialized by user-defined `init_weights` in DINOHead  

bbox_head.cls_branches.2.weight - torch.Size([10, 256]): 
The value is the same before and after calling `init_weights` of DINO  

bbox_head.cls_branches.2.bias - torch.Size([10]): 
Initialized by user-defined `init_weights` in DINOHead  

bbox_head.cls_branches.3.weight - torch.Size([10, 256]): 
The value is the same before and after calling `init_weights` of DINO  

bbox_head.cls_branches.3.bias - torch.Size([10]): 
Initialized by user-defined `init_weights` in DINOHead  

bbox_head.cls_branches.4.weight - torch.Size([10, 256]): 
The value is the same before and after calling `init_weights` of DINO  

bbox_head.cls_branches.4.bias - torch.Size([10]): 
Initialized by user-defined `init_weights` in DINOHead  

bbox_head.cls_branches.5.weight - torch.Size([10, 256]): 
The value is the same before and after calling `init_weights` of DINO  

bbox_head.cls_branches.5.bias - torch.Size([10]): 
Initialized by user-defined `init_weights` in DINOHead  

bbox_head.cls_branches.6.weight - torch.Size([10, 256]): 
The value is the same before and after calling `init_weights` of DINO  

bbox_head.cls_branches.6.bias - torch.Size([10]): 
Initialized by user-defined `init_weights` in DINOHead  

bbox_head.reg_branches.0.0.weight - torch.Size([256, 256]): 
The value is the same before and after calling `init_weights` of DINO  

bbox_head.reg_branches.0.0.bias - torch.Size([256]): 
The value is the same before and after calling `init_weights` of DINO  

bbox_head.reg_branches.0.2.weight - torch.Size([256, 256]): 
The value is the same before and after calling `init_weights` of DINO  

bbox_head.reg_branches.0.2.bias - torch.Size([256]): 
The value is the same before and after calling `init_weights` of DINO  

bbox_head.reg_branches.0.4.weight - torch.Size([4, 256]): 
Initialized by user-defined `init_weights` in DINOHead  

bbox_head.reg_branches.0.4.bias - torch.Size([4]): 
Initialized by user-defined `init_weights` in DINOHead  

bbox_head.reg_branches.1.0.weight - torch.Size([256, 256]): 
The value is the same before and after calling `init_weights` of DINO  

bbox_head.reg_branches.1.0.bias - torch.Size([256]): 
The value is the same before and after calling `init_weights` of DINO  

bbox_head.reg_branches.1.2.weight - torch.Size([256, 256]): 
The value is the same before and after calling `init_weights` of DINO  

bbox_head.reg_branches.1.2.bias - torch.Size([256]): 
The value is the same before and after calling `init_weights` of DINO  

bbox_head.reg_branches.1.4.weight - torch.Size([4, 256]): 
Initialized by user-defined `init_weights` in DINOHead  

bbox_head.reg_branches.1.4.bias - torch.Size([4]): 
Initialized by user-defined `init_weights` in DINOHead  

bbox_head.reg_branches.2.0.weight - torch.Size([256, 256]): 
The value is the same before and after calling `init_weights` of DINO  

bbox_head.reg_branches.2.0.bias - torch.Size([256]): 
The value is the same before and after calling `init_weights` of DINO  

bbox_head.reg_branches.2.2.weight - torch.Size([256, 256]): 
The value is the same before and after calling `init_weights` of DINO  

bbox_head.reg_branches.2.2.bias - torch.Size([256]): 
The value is the same before and after calling `init_weights` of DINO  

bbox_head.reg_branches.2.4.weight - torch.Size([4, 256]): 
Initialized by user-defined `init_weights` in DINOHead  

bbox_head.reg_branches.2.4.bias - torch.Size([4]): 
Initialized by user-defined `init_weights` in DINOHead  

bbox_head.reg_branches.3.0.weight - torch.Size([256, 256]): 
The value is the same before and after calling `init_weights` of DINO  

bbox_head.reg_branches.3.0.bias - torch.Size([256]): 
The value is the same before and after calling `init_weights` of DINO  

bbox_head.reg_branches.3.2.weight - torch.Size([256, 256]): 
The value is the same before and after calling `init_weights` of DINO  

bbox_head.reg_branches.3.2.bias - torch.Size([256]): 
The value is the same before and after calling `init_weights` of DINO  

bbox_head.reg_branches.3.4.weight - torch.Size([4, 256]): 
Initialized by user-defined `init_weights` in DINOHead  

bbox_head.reg_branches.3.4.bias - torch.Size([4]): 
Initialized by user-defined `init_weights` in DINOHead  

bbox_head.reg_branches.4.0.weight - torch.Size([256, 256]): 
The value is the same before and after calling `init_weights` of DINO  

bbox_head.reg_branches.4.0.bias - torch.Size([256]): 
The value is the same before and after calling `init_weights` of DINO  

bbox_head.reg_branches.4.2.weight - torch.Size([256, 256]): 
The value is the same before and after calling `init_weights` of DINO  

bbox_head.reg_branches.4.2.bias - torch.Size([256]): 
The value is the same before and after calling `init_weights` of DINO  

bbox_head.reg_branches.4.4.weight - torch.Size([4, 256]): 
Initialized by user-defined `init_weights` in DINOHead  

bbox_head.reg_branches.4.4.bias - torch.Size([4]): 
Initialized by user-defined `init_weights` in DINOHead  

bbox_head.reg_branches.5.0.weight - torch.Size([256, 256]): 
The value is the same before and after calling `init_weights` of DINO  

bbox_head.reg_branches.5.0.bias - torch.Size([256]): 
The value is the same before and after calling `init_weights` of DINO  

bbox_head.reg_branches.5.2.weight - torch.Size([256, 256]): 
The value is the same before and after calling `init_weights` of DINO  

bbox_head.reg_branches.5.2.bias - torch.Size([256]): 
The value is the same before and after calling `init_weights` of DINO  

bbox_head.reg_branches.5.4.weight - torch.Size([4, 256]): 
Initialized by user-defined `init_weights` in DINOHead  

bbox_head.reg_branches.5.4.bias - torch.Size([4]): 
Initialized by user-defined `init_weights` in DINOHead  

bbox_head.reg_branches.6.0.weight - torch.Size([256, 256]): 
The value is the same before and after calling `init_weights` of DINO  

bbox_head.reg_branches.6.0.bias - torch.Size([256]): 
The value is the same before and after calling `init_weights` of DINO  

bbox_head.reg_branches.6.2.weight - torch.Size([256, 256]): 
The value is the same before and after calling `init_weights` of DINO  

bbox_head.reg_branches.6.2.bias - torch.Size([256]): 
The value is the same before and after calling `init_weights` of DINO  

bbox_head.reg_branches.6.4.weight - torch.Size([4, 256]): 
Initialized by user-defined `init_weights` in DINOHead  

bbox_head.reg_branches.6.4.bias - torch.Size([4]): 
Initialized by user-defined `init_weights` in DINOHead  

encoder.layers.0.self_attn.sampling_offsets.weight - torch.Size([256, 256]): 
The value is the same before and after calling `init_weights` of DINO  

encoder.layers.0.self_attn.sampling_offsets.bias - torch.Size([256]): 
The value is the same before and after calling `init_weights` of DINO  

encoder.layers.0.self_attn.attention_weights.weight - torch.Size([128, 256]): 
The value is the same before and after calling `init_weights` of DINO  

encoder.layers.0.self_attn.attention_weights.bias - torch.Size([128]): 
The value is the same before and after calling `init_weights` of DINO  

encoder.layers.0.self_attn.value_proj.weight - torch.Size([256, 256]): 
The value is the same before and after calling `init_weights` of DINO  

encoder.layers.0.self_attn.value_proj.bias - torch.Size([256]): 
The value is the same before and after calling `init_weights` of DINO  

encoder.layers.0.self_attn.output_proj.weight - torch.Size([256, 256]): 
The value is the same before and after calling `init_weights` of DINO  

encoder.layers.0.self_attn.output_proj.bias - torch.Size([256]): 
The value is the same before and after calling `init_weights` of DINO  

encoder.layers.0.ffn.layers.0.0.weight - torch.Size([2048, 256]): 
The value is the same before and after calling `init_weights` of DINO  

encoder.layers.0.ffn.layers.0.0.bias - torch.Size([2048]): 
The value is the same before and after calling `init_weights` of DINO  

encoder.layers.0.ffn.layers.1.weight - torch.Size([256, 2048]): 
The value is the same before and after calling `init_weights` of DINO  

encoder.layers.0.ffn.layers.1.bias - torch.Size([256]): 
The value is the same before and after calling `init_weights` of DINO  

encoder.layers.0.norms.0.weight - torch.Size([256]): 
The value is the same before and after calling `init_weights` of DINO  

encoder.layers.0.norms.0.bias - torch.Size([256]): 
The value is the same before and after calling `init_weights` of DINO  

encoder.layers.0.norms.1.weight - torch.Size([256]): 
The value is the same before and after calling `init_weights` of DINO  

encoder.layers.0.norms.1.bias - torch.Size([256]): 
The value is the same before and after calling `init_weights` of DINO  

encoder.layers.1.self_attn.sampling_offsets.weight - torch.Size([256, 256]): 
The value is the same before and after calling `init_weights` of DINO  

encoder.layers.1.self_attn.sampling_offsets.bias - torch.Size([256]): 
The value is the same before and after calling `init_weights` of DINO  

encoder.layers.1.self_attn.attention_weights.weight - torch.Size([128, 256]): 
The value is the same before and after calling `init_weights` of DINO  

encoder.layers.1.self_attn.attention_weights.bias - torch.Size([128]): 
The value is the same before and after calling `init_weights` of DINO  

encoder.layers.1.self_attn.value_proj.weight - torch.Size([256, 256]): 
The value is the same before and after calling `init_weights` of DINO  

encoder.layers.1.self_attn.value_proj.bias - torch.Size([256]): 
The value is the same before and after calling `init_weights` of DINO  

encoder.layers.1.self_attn.output_proj.weight - torch.Size([256, 256]): 
The value is the same before and after calling `init_weights` of DINO  

encoder.layers.1.self_attn.output_proj.bias - torch.Size([256]): 
The value is the same before and after calling `init_weights` of DINO  

encoder.layers.1.ffn.layers.0.0.weight - torch.Size([2048, 256]): 
The value is the same before and after calling `init_weights` of DINO  

encoder.layers.1.ffn.layers.0.0.bias - torch.Size([2048]): 
The value is the same before and after calling `init_weights` of DINO  

encoder.layers.1.ffn.layers.1.weight - torch.Size([256, 2048]): 
The value is the same before and after calling `init_weights` of DINO  

encoder.layers.1.ffn.layers.1.bias - torch.Size([256]): 
The value is the same before and after calling `init_weights` of DINO  

encoder.layers.1.norms.0.weight - torch.Size([256]): 
The value is the same before and after calling `init_weights` of DINO  

encoder.layers.1.norms.0.bias - torch.Size([256]): 
The value is the same before and after calling `init_weights` of DINO  

encoder.layers.1.norms.1.weight - torch.Size([256]): 
The value is the same before and after calling `init_weights` of DINO  

encoder.layers.1.norms.1.bias - torch.Size([256]): 
The value is the same before and after calling `init_weights` of DINO  

encoder.layers.2.self_attn.sampling_offsets.weight - torch.Size([256, 256]): 
The value is the same before and after calling `init_weights` of DINO  

encoder.layers.2.self_attn.sampling_offsets.bias - torch.Size([256]): 
The value is the same before and after calling `init_weights` of DINO  

encoder.layers.2.self_attn.attention_weights.weight - torch.Size([128, 256]): 
The value is the same before and after calling `init_weights` of DINO  

encoder.layers.2.self_attn.attention_weights.bias - torch.Size([128]): 
The value is the same before and after calling `init_weights` of DINO  

encoder.layers.2.self_attn.value_proj.weight - torch.Size([256, 256]): 
The value is the same before and after calling `init_weights` of DINO  

encoder.layers.2.self_attn.value_proj.bias - torch.Size([256]): 
The value is the same before and after calling `init_weights` of DINO  

encoder.layers.2.self_attn.output_proj.weight - torch.Size([256, 256]): 
The value is the same before and after calling `init_weights` of DINO  

encoder.layers.2.self_attn.output_proj.bias - torch.Size([256]): 
The value is the same before and after calling `init_weights` of DINO  

encoder.layers.2.ffn.layers.0.0.weight - torch.Size([2048, 256]): 
The value is the same before and after calling `init_weights` of DINO  

encoder.layers.2.ffn.layers.0.0.bias - torch.Size([2048]): 
The value is the same before and after calling `init_weights` of DINO  

encoder.layers.2.ffn.layers.1.weight - torch.Size([256, 2048]): 
The value is the same before and after calling `init_weights` of DINO  

encoder.layers.2.ffn.layers.1.bias - torch.Size([256]): 
The value is the same before and after calling `init_weights` of DINO  

encoder.layers.2.norms.0.weight - torch.Size([256]): 
The value is the same before and after calling `init_weights` of DINO  

encoder.layers.2.norms.0.bias - torch.Size([256]): 
The value is the same before and after calling `init_weights` of DINO  

encoder.layers.2.norms.1.weight - torch.Size([256]): 
The value is the same before and after calling `init_weights` of DINO  

encoder.layers.2.norms.1.bias - torch.Size([256]): 
The value is the same before and after calling `init_weights` of DINO  

encoder.layers.3.self_attn.sampling_offsets.weight - torch.Size([256, 256]): 
The value is the same before and after calling `init_weights` of DINO  

encoder.layers.3.self_attn.sampling_offsets.bias - torch.Size([256]): 
The value is the same before and after calling `init_weights` of DINO  

encoder.layers.3.self_attn.attention_weights.weight - torch.Size([128, 256]): 
The value is the same before and after calling `init_weights` of DINO  

encoder.layers.3.self_attn.attention_weights.bias - torch.Size([128]): 
The value is the same before and after calling `init_weights` of DINO  

encoder.layers.3.self_attn.value_proj.weight - torch.Size([256, 256]): 
The value is the same before and after calling `init_weights` of DINO  

encoder.layers.3.self_attn.value_proj.bias - torch.Size([256]): 
The value is the same before and after calling `init_weights` of DINO  

encoder.layers.3.self_attn.output_proj.weight - torch.Size([256, 256]): 
The value is the same before and after calling `init_weights` of DINO  

encoder.layers.3.self_attn.output_proj.bias - torch.Size([256]): 
The value is the same before and after calling `init_weights` of DINO  

encoder.layers.3.ffn.layers.0.0.weight - torch.Size([2048, 256]): 
The value is the same before and after calling `init_weights` of DINO  

encoder.layers.3.ffn.layers.0.0.bias - torch.Size([2048]): 
The value is the same before and after calling `init_weights` of DINO  

encoder.layers.3.ffn.layers.1.weight - torch.Size([256, 2048]): 
The value is the same before and after calling `init_weights` of DINO  

encoder.layers.3.ffn.layers.1.bias - torch.Size([256]): 
The value is the same before and after calling `init_weights` of DINO  

encoder.layers.3.norms.0.weight - torch.Size([256]): 
The value is the same before and after calling `init_weights` of DINO  

encoder.layers.3.norms.0.bias - torch.Size([256]): 
The value is the same before and after calling `init_weights` of DINO  

encoder.layers.3.norms.1.weight - torch.Size([256]): 
The value is the same before and after calling `init_weights` of DINO  

encoder.layers.3.norms.1.bias - torch.Size([256]): 
The value is the same before and after calling `init_weights` of DINO  

encoder.layers.4.self_attn.sampling_offsets.weight - torch.Size([256, 256]): 
The value is the same before and after calling `init_weights` of DINO  

encoder.layers.4.self_attn.sampling_offsets.bias - torch.Size([256]): 
The value is the same before and after calling `init_weights` of DINO  

encoder.layers.4.self_attn.attention_weights.weight - torch.Size([128, 256]): 
The value is the same before and after calling `init_weights` of DINO  

encoder.layers.4.self_attn.attention_weights.bias - torch.Size([128]): 
The value is the same before and after calling `init_weights` of DINO  

encoder.layers.4.self_attn.value_proj.weight - torch.Size([256, 256]): 
The value is the same before and after calling `init_weights` of DINO  

encoder.layers.4.self_attn.value_proj.bias - torch.Size([256]): 
The value is the same before and after calling `init_weights` of DINO  

encoder.layers.4.self_attn.output_proj.weight - torch.Size([256, 256]): 
The value is the same before and after calling `init_weights` of DINO  

encoder.layers.4.self_attn.output_proj.bias - torch.Size([256]): 
The value is the same before and after calling `init_weights` of DINO  

encoder.layers.4.ffn.layers.0.0.weight - torch.Size([2048, 256]): 
The value is the same before and after calling `init_weights` of DINO  

encoder.layers.4.ffn.layers.0.0.bias - torch.Size([2048]): 
The value is the same before and after calling `init_weights` of DINO  

encoder.layers.4.ffn.layers.1.weight - torch.Size([256, 2048]): 
The value is the same before and after calling `init_weights` of DINO  

encoder.layers.4.ffn.layers.1.bias - torch.Size([256]): 
The value is the same before and after calling `init_weights` of DINO  

encoder.layers.4.norms.0.weight - torch.Size([256]): 
The value is the same before and after calling `init_weights` of DINO  

encoder.layers.4.norms.0.bias - torch.Size([256]): 
The value is the same before and after calling `init_weights` of DINO  

encoder.layers.4.norms.1.weight - torch.Size([256]): 
The value is the same before and after calling `init_weights` of DINO  

encoder.layers.4.norms.1.bias - torch.Size([256]): 
The value is the same before and after calling `init_weights` of DINO  

encoder.layers.5.self_attn.sampling_offsets.weight - torch.Size([256, 256]): 
The value is the same before and after calling `init_weights` of DINO  

encoder.layers.5.self_attn.sampling_offsets.bias - torch.Size([256]): 
The value is the same before and after calling `init_weights` of DINO  

encoder.layers.5.self_attn.attention_weights.weight - torch.Size([128, 256]): 
The value is the same before and after calling `init_weights` of DINO  

encoder.layers.5.self_attn.attention_weights.bias - torch.Size([128]): 
The value is the same before and after calling `init_weights` of DINO  

encoder.layers.5.self_attn.value_proj.weight - torch.Size([256, 256]): 
The value is the same before and after calling `init_weights` of DINO  

encoder.layers.5.self_attn.value_proj.bias - torch.Size([256]): 
The value is the same before and after calling `init_weights` of DINO  

encoder.layers.5.self_attn.output_proj.weight - torch.Size([256, 256]): 
The value is the same before and after calling `init_weights` of DINO  

encoder.layers.5.self_attn.output_proj.bias - torch.Size([256]): 
The value is the same before and after calling `init_weights` of DINO  

encoder.layers.5.ffn.layers.0.0.weight - torch.Size([2048, 256]): 
The value is the same before and after calling `init_weights` of DINO  

encoder.layers.5.ffn.layers.0.0.bias - torch.Size([2048]): 
The value is the same before and after calling `init_weights` of DINO  

encoder.layers.5.ffn.layers.1.weight - torch.Size([256, 2048]): 
The value is the same before and after calling `init_weights` of DINO  

encoder.layers.5.ffn.layers.1.bias - torch.Size([256]): 
The value is the same before and after calling `init_weights` of DINO  

encoder.layers.5.norms.0.weight - torch.Size([256]): 
The value is the same before and after calling `init_weights` of DINO  

encoder.layers.5.norms.0.bias - torch.Size([256]): 
The value is the same before and after calling `init_weights` of DINO  

encoder.layers.5.norms.1.weight - torch.Size([256]): 
The value is the same before and after calling `init_weights` of DINO  

encoder.layers.5.norms.1.bias - torch.Size([256]): 
The value is the same before and after calling `init_weights` of DINO  

decoder.layers.0.self_attn.attn.in_proj_weight - torch.Size([768, 256]): 
The value is the same before and after calling `init_weights` of DINO  

decoder.layers.0.self_attn.attn.in_proj_bias - torch.Size([768]): 
The value is the same before and after calling `init_weights` of DINO  

decoder.layers.0.self_attn.attn.out_proj.weight - torch.Size([256, 256]): 
The value is the same before and after calling `init_weights` of DINO  

decoder.layers.0.self_attn.attn.out_proj.bias - torch.Size([256]): 
The value is the same before and after calling `init_weights` of DINO  

decoder.layers.0.cross_attn.sampling_offsets.weight - torch.Size([256, 256]): 
The value is the same before and after calling `init_weights` of DINO  

decoder.layers.0.cross_attn.sampling_offsets.bias - torch.Size([256]): 
The value is the same before and after calling `init_weights` of DINO  

decoder.layers.0.cross_attn.attention_weights.weight - torch.Size([128, 256]): 
The value is the same before and after calling `init_weights` of DINO  

decoder.layers.0.cross_attn.attention_weights.bias - torch.Size([128]): 
The value is the same before and after calling `init_weights` of DINO  

decoder.layers.0.cross_attn.value_proj.weight - torch.Size([256, 256]): 
The value is the same before and after calling `init_weights` of DINO  

decoder.layers.0.cross_attn.value_proj.bias - torch.Size([256]): 
The value is the same before and after calling `init_weights` of DINO  

decoder.layers.0.cross_attn.output_proj.weight - torch.Size([256, 256]): 
The value is the same before and after calling `init_weights` of DINO  

decoder.layers.0.cross_attn.output_proj.bias - torch.Size([256]): 
The value is the same before and after calling `init_weights` of DINO  

decoder.layers.0.ffn.layers.0.0.weight - torch.Size([2048, 256]): 
The value is the same before and after calling `init_weights` of DINO  

decoder.layers.0.ffn.layers.0.0.bias - torch.Size([2048]): 
The value is the same before and after calling `init_weights` of DINO  

decoder.layers.0.ffn.layers.1.weight - torch.Size([256, 2048]): 
The value is the same before and after calling `init_weights` of DINO  

decoder.layers.0.ffn.layers.1.bias - torch.Size([256]): 
The value is the same before and after calling `init_weights` of DINO  

decoder.layers.0.norms.0.weight - torch.Size([256]): 
The value is the same before and after calling `init_weights` of DINO  

decoder.layers.0.norms.0.bias - torch.Size([256]): 
The value is the same before and after calling `init_weights` of DINO  

decoder.layers.0.norms.1.weight - torch.Size([256]): 
The value is the same before and after calling `init_weights` of DINO  

decoder.layers.0.norms.1.bias - torch.Size([256]): 
The value is the same before and after calling `init_weights` of DINO  

decoder.layers.0.norms.2.weight - torch.Size([256]): 
The value is the same before and after calling `init_weights` of DINO  

decoder.layers.0.norms.2.bias - torch.Size([256]): 
The value is the same before and after calling `init_weights` of DINO  

decoder.layers.1.self_attn.attn.in_proj_weight - torch.Size([768, 256]): 
The value is the same before and after calling `init_weights` of DINO  

decoder.layers.1.self_attn.attn.in_proj_bias - torch.Size([768]): 
The value is the same before and after calling `init_weights` of DINO  

decoder.layers.1.self_attn.attn.out_proj.weight - torch.Size([256, 256]): 
The value is the same before and after calling `init_weights` of DINO  

decoder.layers.1.self_attn.attn.out_proj.bias - torch.Size([256]): 
The value is the same before and after calling `init_weights` of DINO  

decoder.layers.1.cross_attn.sampling_offsets.weight - torch.Size([256, 256]): 
The value is the same before and after calling `init_weights` of DINO  

decoder.layers.1.cross_attn.sampling_offsets.bias - torch.Size([256]): 
The value is the same before and after calling `init_weights` of DINO  

decoder.layers.1.cross_attn.attention_weights.weight - torch.Size([128, 256]): 
The value is the same before and after calling `init_weights` of DINO  

decoder.layers.1.cross_attn.attention_weights.bias - torch.Size([128]): 
The value is the same before and after calling `init_weights` of DINO  

decoder.layers.1.cross_attn.value_proj.weight - torch.Size([256, 256]): 
The value is the same before and after calling `init_weights` of DINO  

decoder.layers.1.cross_attn.value_proj.bias - torch.Size([256]): 
The value is the same before and after calling `init_weights` of DINO  

decoder.layers.1.cross_attn.output_proj.weight - torch.Size([256, 256]): 
The value is the same before and after calling `init_weights` of DINO  

decoder.layers.1.cross_attn.output_proj.bias - torch.Size([256]): 
The value is the same before and after calling `init_weights` of DINO  

decoder.layers.1.ffn.layers.0.0.weight - torch.Size([2048, 256]): 
The value is the same before and after calling `init_weights` of DINO  

decoder.layers.1.ffn.layers.0.0.bias - torch.Size([2048]): 
The value is the same before and after calling `init_weights` of DINO  

decoder.layers.1.ffn.layers.1.weight - torch.Size([256, 2048]): 
The value is the same before and after calling `init_weights` of DINO  

decoder.layers.1.ffn.layers.1.bias - torch.Size([256]): 
The value is the same before and after calling `init_weights` of DINO  

decoder.layers.1.norms.0.weight - torch.Size([256]): 
The value is the same before and after calling `init_weights` of DINO  

decoder.layers.1.norms.0.bias - torch.Size([256]): 
The value is the same before and after calling `init_weights` of DINO  

decoder.layers.1.norms.1.weight - torch.Size([256]): 
The value is the same before and after calling `init_weights` of DINO  

decoder.layers.1.norms.1.bias - torch.Size([256]): 
The value is the same before and after calling `init_weights` of DINO  

decoder.layers.1.norms.2.weight - torch.Size([256]): 
The value is the same before and after calling `init_weights` of DINO  

decoder.layers.1.norms.2.bias - torch.Size([256]): 
The value is the same before and after calling `init_weights` of DINO  

decoder.layers.2.self_attn.attn.in_proj_weight - torch.Size([768, 256]): 
The value is the same before and after calling `init_weights` of DINO  

decoder.layers.2.self_attn.attn.in_proj_bias - torch.Size([768]): 
The value is the same before and after calling `init_weights` of DINO  

decoder.layers.2.self_attn.attn.out_proj.weight - torch.Size([256, 256]): 
The value is the same before and after calling `init_weights` of DINO  

decoder.layers.2.self_attn.attn.out_proj.bias - torch.Size([256]): 
The value is the same before and after calling `init_weights` of DINO  

decoder.layers.2.cross_attn.sampling_offsets.weight - torch.Size([256, 256]): 
The value is the same before and after calling `init_weights` of DINO  

decoder.layers.2.cross_attn.sampling_offsets.bias - torch.Size([256]): 
The value is the same before and after calling `init_weights` of DINO  

decoder.layers.2.cross_attn.attention_weights.weight - torch.Size([128, 256]): 
The value is the same before and after calling `init_weights` of DINO  

decoder.layers.2.cross_attn.attention_weights.bias - torch.Size([128]): 
The value is the same before and after calling `init_weights` of DINO  

decoder.layers.2.cross_attn.value_proj.weight - torch.Size([256, 256]): 
The value is the same before and after calling `init_weights` of DINO  

decoder.layers.2.cross_attn.value_proj.bias - torch.Size([256]): 
The value is the same before and after calling `init_weights` of DINO  

decoder.layers.2.cross_attn.output_proj.weight - torch.Size([256, 256]): 
The value is the same before and after calling `init_weights` of DINO  

decoder.layers.2.cross_attn.output_proj.bias - torch.Size([256]): 
The value is the same before and after calling `init_weights` of DINO  

decoder.layers.2.ffn.layers.0.0.weight - torch.Size([2048, 256]): 
The value is the same before and after calling `init_weights` of DINO  

decoder.layers.2.ffn.layers.0.0.bias - torch.Size([2048]): 
The value is the same before and after calling `init_weights` of DINO  

decoder.layers.2.ffn.layers.1.weight - torch.Size([256, 2048]): 
The value is the same before and after calling `init_weights` of DINO  

decoder.layers.2.ffn.layers.1.bias - torch.Size([256]): 
The value is the same before and after calling `init_weights` of DINO  

decoder.layers.2.norms.0.weight - torch.Size([256]): 
The value is the same before and after calling `init_weights` of DINO  

decoder.layers.2.norms.0.bias - torch.Size([256]): 
The value is the same before and after calling `init_weights` of DINO  

decoder.layers.2.norms.1.weight - torch.Size([256]): 
The value is the same before and after calling `init_weights` of DINO  

decoder.layers.2.norms.1.bias - torch.Size([256]): 
The value is the same before and after calling `init_weights` of DINO  

decoder.layers.2.norms.2.weight - torch.Size([256]): 
The value is the same before and after calling `init_weights` of DINO  

decoder.layers.2.norms.2.bias - torch.Size([256]): 
The value is the same before and after calling `init_weights` of DINO  

decoder.layers.3.self_attn.attn.in_proj_weight - torch.Size([768, 256]): 
The value is the same before and after calling `init_weights` of DINO  

decoder.layers.3.self_attn.attn.in_proj_bias - torch.Size([768]): 
The value is the same before and after calling `init_weights` of DINO  

decoder.layers.3.self_attn.attn.out_proj.weight - torch.Size([256, 256]): 
The value is the same before and after calling `init_weights` of DINO  

decoder.layers.3.self_attn.attn.out_proj.bias - torch.Size([256]): 
The value is the same before and after calling `init_weights` of DINO  

decoder.layers.3.cross_attn.sampling_offsets.weight - torch.Size([256, 256]): 
The value is the same before and after calling `init_weights` of DINO  

decoder.layers.3.cross_attn.sampling_offsets.bias - torch.Size([256]): 
The value is the same before and after calling `init_weights` of DINO  

decoder.layers.3.cross_attn.attention_weights.weight - torch.Size([128, 256]): 
The value is the same before and after calling `init_weights` of DINO  

decoder.layers.3.cross_attn.attention_weights.bias - torch.Size([128]): 
The value is the same before and after calling `init_weights` of DINO  

decoder.layers.3.cross_attn.value_proj.weight - torch.Size([256, 256]): 
The value is the same before and after calling `init_weights` of DINO  

decoder.layers.3.cross_attn.value_proj.bias - torch.Size([256]): 
The value is the same before and after calling `init_weights` of DINO  

decoder.layers.3.cross_attn.output_proj.weight - torch.Size([256, 256]): 
The value is the same before and after calling `init_weights` of DINO  

decoder.layers.3.cross_attn.output_proj.bias - torch.Size([256]): 
The value is the same before and after calling `init_weights` of DINO  

decoder.layers.3.ffn.layers.0.0.weight - torch.Size([2048, 256]): 
The value is the same before and after calling `init_weights` of DINO  

decoder.layers.3.ffn.layers.0.0.bias - torch.Size([2048]): 
The value is the same before and after calling `init_weights` of DINO  

decoder.layers.3.ffn.layers.1.weight - torch.Size([256, 2048]): 
The value is the same before and after calling `init_weights` of DINO  

decoder.layers.3.ffn.layers.1.bias - torch.Size([256]): 
The value is the same before and after calling `init_weights` of DINO  

decoder.layers.3.norms.0.weight - torch.Size([256]): 
The value is the same before and after calling `init_weights` of DINO  

decoder.layers.3.norms.0.bias - torch.Size([256]): 
The value is the same before and after calling `init_weights` of DINO  

decoder.layers.3.norms.1.weight - torch.Size([256]): 
The value is the same before and after calling `init_weights` of DINO  

decoder.layers.3.norms.1.bias - torch.Size([256]): 
The value is the same before and after calling `init_weights` of DINO  

decoder.layers.3.norms.2.weight - torch.Size([256]): 
The value is the same before and after calling `init_weights` of DINO  

decoder.layers.3.norms.2.bias - torch.Size([256]): 
The value is the same before and after calling `init_weights` of DINO  

decoder.layers.4.self_attn.attn.in_proj_weight - torch.Size([768, 256]): 
The value is the same before and after calling `init_weights` of DINO  

decoder.layers.4.self_attn.attn.in_proj_bias - torch.Size([768]): 
The value is the same before and after calling `init_weights` of DINO  

decoder.layers.4.self_attn.attn.out_proj.weight - torch.Size([256, 256]): 
The value is the same before and after calling `init_weights` of DINO  

decoder.layers.4.self_attn.attn.out_proj.bias - torch.Size([256]): 
The value is the same before and after calling `init_weights` of DINO  

decoder.layers.4.cross_attn.sampling_offsets.weight - torch.Size([256, 256]): 
The value is the same before and after calling `init_weights` of DINO  

decoder.layers.4.cross_attn.sampling_offsets.bias - torch.Size([256]): 
The value is the same before and after calling `init_weights` of DINO  

decoder.layers.4.cross_attn.attention_weights.weight - torch.Size([128, 256]): 
The value is the same before and after calling `init_weights` of DINO  

decoder.layers.4.cross_attn.attention_weights.bias - torch.Size([128]): 
The value is the same before and after calling `init_weights` of DINO  

decoder.layers.4.cross_attn.value_proj.weight - torch.Size([256, 256]): 
The value is the same before and after calling `init_weights` of DINO  

decoder.layers.4.cross_attn.value_proj.bias - torch.Size([256]): 
The value is the same before and after calling `init_weights` of DINO  

decoder.layers.4.cross_attn.output_proj.weight - torch.Size([256, 256]): 
The value is the same before and after calling `init_weights` of DINO  

decoder.layers.4.cross_attn.output_proj.bias - torch.Size([256]): 
The value is the same before and after calling `init_weights` of DINO  

decoder.layers.4.ffn.layers.0.0.weight - torch.Size([2048, 256]): 
The value is the same before and after calling `init_weights` of DINO  

decoder.layers.4.ffn.layers.0.0.bias - torch.Size([2048]): 
The value is the same before and after calling `init_weights` of DINO  

decoder.layers.4.ffn.layers.1.weight - torch.Size([256, 2048]): 
The value is the same before and after calling `init_weights` of DINO  

decoder.layers.4.ffn.layers.1.bias - torch.Size([256]): 
The value is the same before and after calling `init_weights` of DINO  

decoder.layers.4.norms.0.weight - torch.Size([256]): 
The value is the same before and after calling `init_weights` of DINO  

decoder.layers.4.norms.0.bias - torch.Size([256]): 
The value is the same before and after calling `init_weights` of DINO  

decoder.layers.4.norms.1.weight - torch.Size([256]): 
The value is the same before and after calling `init_weights` of DINO  

decoder.layers.4.norms.1.bias - torch.Size([256]): 
The value is the same before and after calling `init_weights` of DINO  

decoder.layers.4.norms.2.weight - torch.Size([256]): 
The value is the same before and after calling `init_weights` of DINO  

decoder.layers.4.norms.2.bias - torch.Size([256]): 
The value is the same before and after calling `init_weights` of DINO  

decoder.layers.5.self_attn.attn.in_proj_weight - torch.Size([768, 256]): 
The value is the same before and after calling `init_weights` of DINO  

decoder.layers.5.self_attn.attn.in_proj_bias - torch.Size([768]): 
The value is the same before and after calling `init_weights` of DINO  

decoder.layers.5.self_attn.attn.out_proj.weight - torch.Size([256, 256]): 
The value is the same before and after calling `init_weights` of DINO  

decoder.layers.5.self_attn.attn.out_proj.bias - torch.Size([256]): 
The value is the same before and after calling `init_weights` of DINO  

decoder.layers.5.cross_attn.sampling_offsets.weight - torch.Size([256, 256]): 
The value is the same before and after calling `init_weights` of DINO  

decoder.layers.5.cross_attn.sampling_offsets.bias - torch.Size([256]): 
The value is the same before and after calling `init_weights` of DINO  

decoder.layers.5.cross_attn.attention_weights.weight - torch.Size([128, 256]): 
The value is the same before and after calling `init_weights` of DINO  

decoder.layers.5.cross_attn.attention_weights.bias - torch.Size([128]): 
The value is the same before and after calling `init_weights` of DINO  

decoder.layers.5.cross_attn.value_proj.weight - torch.Size([256, 256]): 
The value is the same before and after calling `init_weights` of DINO  

decoder.layers.5.cross_attn.value_proj.bias - torch.Size([256]): 
The value is the same before and after calling `init_weights` of DINO  

decoder.layers.5.cross_attn.output_proj.weight - torch.Size([256, 256]): 
The value is the same before and after calling `init_weights` of DINO  

decoder.layers.5.cross_attn.output_proj.bias - torch.Size([256]): 
The value is the same before and after calling `init_weights` of DINO  

decoder.layers.5.ffn.layers.0.0.weight - torch.Size([2048, 256]): 
The value is the same before and after calling `init_weights` of DINO  

decoder.layers.5.ffn.layers.0.0.bias - torch.Size([2048]): 
The value is the same before and after calling `init_weights` of DINO  

decoder.layers.5.ffn.layers.1.weight - torch.Size([256, 2048]): 
The value is the same before and after calling `init_weights` of DINO  

decoder.layers.5.ffn.layers.1.bias - torch.Size([256]): 
The value is the same before and after calling `init_weights` of DINO  

decoder.layers.5.norms.0.weight - torch.Size([256]): 
The value is the same before and after calling `init_weights` of DINO  

decoder.layers.5.norms.0.bias - torch.Size([256]): 
The value is the same before and after calling `init_weights` of DINO  

decoder.layers.5.norms.1.weight - torch.Size([256]): 
The value is the same before and after calling `init_weights` of DINO  

decoder.layers.5.norms.1.bias - torch.Size([256]): 
The value is the same before and after calling `init_weights` of DINO  

decoder.layers.5.norms.2.weight - torch.Size([256]): 
The value is the same before and after calling `init_weights` of DINO  

decoder.layers.5.norms.2.bias - torch.Size([256]): 
The value is the same before and after calling `init_weights` of DINO  

decoder.ref_point_head.layers.0.weight - torch.Size([256, 512]): 
The value is the same before and after calling `init_weights` of DINO  

decoder.ref_point_head.layers.0.bias - torch.Size([256]): 
The value is the same before and after calling `init_weights` of DINO  

decoder.ref_point_head.layers.1.weight - torch.Size([256, 256]): 
The value is the same before and after calling `init_weights` of DINO  

decoder.ref_point_head.layers.1.bias - torch.Size([256]): 
The value is the same before and after calling `init_weights` of DINO  

decoder.norm.weight - torch.Size([256]): 
The value is the same before and after calling `init_weights` of DINO  

decoder.norm.bias - torch.Size([256]): 
The value is the same before and after calling `init_weights` of DINO  

query_embedding.weight - torch.Size([900, 256]): 
The value is the same before and after calling `init_weights` of DINO  

memory_trans_fc.weight - torch.Size([256, 256]): 
The value is the same before and after calling `init_weights` of DINO  

memory_trans_fc.bias - torch.Size([256]): 
The value is the same before and after calling `init_weights` of DINO  

memory_trans_norm.weight - torch.Size([256]): 
The value is the same before and after calling `init_weights` of DINO  

memory_trans_norm.bias - torch.Size([256]): 
The value is the same before and after calling `init_weights` of DINO  

dn_query_generator.label_embedding.weight - torch.Size([10, 256]): 
The value is the same before and after calling `init_weights` of DINO  
2026/03/18 21:15:36 - mmengine - INFO - Load checkpoint from https://download.openmmlab.com/mmdetection/v3.0/dino/dino-4scale_r50_8xb2-12e_coco/dino-4scale_r50_8xb2-12e_coco_20221202_182705-55b2bba2.pth
2026/03/18 21:15:36 - mmengine - WARNING - "FileClient" will be deprecated in future. Please use io functions in https://mmengine.readthedocs.io/en/latest/api/fileio.html#file-io
2026/03/18 21:15:36 - mmengine - WARNING - "HardDiskBackend" is the alias of "LocalBackend" and the former will be deprecated in future.
2026/03/18 21:15:36 - mmengine - INFO - Checkpoints will be saved to /workspace/aquaculture-perception/runs/mmdet/dino_4scale_r50_ruod_120e_pretrained.
2026/03/18 21:17:10 - mmengine - INFO - Epoch(train)  [1][ 50/245]  base_lr: 1.0000e-05 lr: 1.0000e-05  eta: 10:12:47  time: 1.8807  data_time: 0.0475  memory: 42084  grad_norm: nan  loss: 25.4979  loss_cls: 0.9122  loss_bbox: 0.2996  loss_iou: 0.5895  d0.loss_cls: 0.9833  d0.loss_bbox: 0.3409  d0.loss_iou: 0.6427  d1.loss_cls: 0.9300  d1.loss_bbox: 0.3209  d1.loss_iou: 0.6152  d2.loss_cls: 0.9126  d2.loss_bbox: 0.3092  d2.loss_iou: 0.6007  d3.loss_cls: 0.9253  d3.loss_bbox: 0.3038  d3.loss_iou: 0.5943  d4.loss_cls: 0.9258  d4.loss_bbox: 0.3019  d4.loss_iou: 0.5924  enc_loss_cls: 1.0366  enc_loss_bbox: 0.3934  enc_loss_iou: 0.7173  dn_loss_cls: 0.8473  dn_loss_bbox: 0.4135  dn_loss_iou: 0.6308  d0.dn_loss_cls: 1.0343  d0.dn_loss_bbox: 0.6328  d0.dn_loss_iou: 0.8349  d1.dn_loss_cls: 0.9415  d1.dn_loss_bbox: 0.4552  d1.dn_loss_iou: 0.6834  d2.dn_loss_cls: 0.8784  d2.dn_loss_bbox: 0.4233  d2.dn_loss_iou: 0.6412  d3.dn_loss_cls: 0.8770  d3.dn_loss_bbox: 0.4143  d3.dn_loss_iou: 0.6325  d4.dn_loss_cls: 0.8657  d4.dn_loss_bbox: 0.4134  d4.dn_loss_iou: 0.6308
2026/03/18 21:18:36 - mmengine - INFO - Epoch(train)  [1][100/245]  base_lr: 1.0000e-05 lr: 1.0000e-05  eta: 9:46:32  time: 1.7288  data_time: 0.0042  memory: 42431  grad_norm: 28.6433  loss: 20.3987  loss_cls: 0.6763  loss_bbox: 0.2338  loss_iou: 0.4742  d0.loss_cls: 0.8930  d0.loss_bbox: 0.2582  d0.loss_iou: 0.5015  d1.loss_cls: 0.7813  d1.loss_bbox: 0.2420  d1.loss_iou: 0.4823  d2.loss_cls: 0.7223  d2.loss_bbox: 0.2390  d2.loss_iou: 0.4792  d3.loss_cls: 0.6940  d3.loss_bbox: 0.2342  d3.loss_iou: 0.4742  d4.loss_cls: 0.6789  d4.loss_bbox: 0.2342  d4.loss_iou: 0.4743  enc_loss_cls: 0.9704  enc_loss_bbox: 0.3092  enc_loss_iou: 0.5689  dn_loss_cls: 0.4594  dn_loss_bbox: 0.3904  dn_loss_iou: 0.5698  d0.dn_loss_cls: 0.9124  d0.dn_loss_bbox: 0.5251  d0.dn_loss_iou: 0.7395  d1.dn_loss_cls: 0.6930  d1.dn_loss_bbox: 0.4161  d1.dn_loss_iou: 0.6111  d2.dn_loss_cls: 0.5652  d2.dn_loss_bbox: 0.3943  d2.dn_loss_iou: 0.5794  d3.dn_loss_cls: 0.5267  d3.dn_loss_bbox: 0.3908  d3.dn_loss_iou: 0.5708  d4.dn_loss_cls: 0.4722  d4.dn_loss_bbox: 0.3909  d4.dn_loss_iou: 0.5702
2026/03/18 21:20:02 - mmengine - INFO - Epoch(train)  [1][150/245]  base_lr: 1.0000e-05 lr: 1.0000e-05  eta: 9:34:54  time: 1.7110  data_time: 0.0035  memory: 46376  grad_norm: 26.6605  loss: 18.3453  loss_cls: 0.5258  loss_bbox: 0.2392  loss_iou: 0.4906  d0.loss_cls: 0.8085  d0.loss_bbox: 0.2422  d0.loss_iou: 0.4883  d1.loss_cls: 0.6815  d1.loss_bbox: 0.2328  d1.loss_iou: 0.4749  d2.loss_cls: 0.6079  d2.loss_bbox: 0.2352  d2.loss_iou: 0.4818  d3.loss_cls: 0.5733  d3.loss_bbox: 0.2326  d3.loss_iou: 0.4801  d4.loss_cls: 0.5407  d4.loss_bbox: 0.2370  d4.loss_iou: 0.4871  enc_loss_cls: 0.9045  enc_loss_bbox: 0.2825  enc_loss_iou: 0.5485  dn_loss_cls: 0.2688  dn_loss_bbox: 0.3600  dn_loss_iou: 0.5660  d0.dn_loss_cls: 0.8107  d0.dn_loss_bbox: 0.4789  d0.dn_loss_iou: 0.7232  d1.dn_loss_cls: 0.5304  d1.dn_loss_bbox: 0.3831  d1.dn_loss_iou: 0.6015  d2.dn_loss_cls: 0.3969  d2.dn_loss_bbox: 0.3642  d2.dn_loss_iou: 0.5745  d3.dn_loss_cls: 0.3465  d3.dn_loss_bbox: 0.3608  d3.dn_loss_iou: 0.5674  d4.dn_loss_cls: 0.2911  d4.dn_loss_bbox: 0.3602  d4.dn_loss_iou: 0.5663
2026/03/18 21:21:33 - mmengine - INFO - Epoch(train)  [1][200/245]  base_lr: 1.0000e-05 lr: 1.0000e-05  eta: 9:37:26  time: 1.8231  data_time: 0.0040  memory: 42431  grad_norm: 26.5402  loss: 16.5149  loss_cls: 0.4353  loss_bbox: 0.2287  loss_iou: 0.4648  d0.loss_cls: 0.7469  d0.loss_bbox: 0.2168  d0.loss_iou: 0.4437  d1.loss_cls: 0.6137  d1.loss_bbox: 0.2092  d1.loss_iou: 0.4344  d2.loss_cls: 0.5352  d2.loss_bbox: 0.2134  d2.loss_iou: 0.4460  d3.loss_cls: 0.4896  d3.loss_bbox: 0.2169  d3.loss_iou: 0.4506  d4.loss_cls: 0.4499  d4.loss_bbox: 0.2237  d4.loss_iou: 0.4608  enc_loss_cls: 0.8560  enc_loss_bbox: 0.2567  enc_loss_iou: 0.4984  dn_loss_cls: 0.1803  dn_loss_bbox: 0.3429  dn_loss_iou: 0.5280  d0.dn_loss_cls: 0.7254  d0.dn_loss_bbox: 0.4630  d0.dn_loss_iou: 0.6824  d1.dn_loss_cls: 0.4154  d1.dn_loss_bbox: 0.3684  d1.dn_loss_iou: 0.5641  d2.dn_loss_cls: 0.2892  d2.dn_loss_bbox: 0.3486  d2.dn_loss_iou: 0.5364  d3.dn_loss_cls: 0.2366  d3.dn_loss_bbox: 0.3438  d3.dn_loss_iou: 0.5295  d4.dn_loss_cls: 0.1985  d4.dn_loss_bbox: 0.3432  d4.dn_loss_iou: 0.5284
2026/03/18 21:22:50 - mmengine - INFO - Exp name: dino_4scale_r50_ruod_120e_pretrained_20260318_211448
2026/03/18 21:24:19 - mmengine - INFO - Epoch(train)  [2][ 50/245]  base_lr: 5.5000e-05 lr: 5.5000e-05  eta: 9:31:02  time: 1.7754  data_time: 0.0120  memory: 45126  grad_norm: inf  loss: 14.4245  loss_cls: 0.3506  loss_bbox: 0.2339  loss_iou: 0.4690  d0.loss_cls: 0.5971  d0.loss_bbox: 0.2035  d0.loss_iou: 0.4271  d1.loss_cls: 0.4699  d1.loss_bbox: 0.2130  d1.loss_iou: 0.4413  d2.loss_cls: 0.4048  d2.loss_bbox: 0.2210  d2.loss_iou: 0.4548  d3.loss_cls: 0.3736  d3.loss_bbox: 0.2266  d3.loss_iou: 0.4617  d4.loss_cls: 0.3583  d4.loss_bbox: 0.2308  d4.loss_iou: 0.4671  enc_loss_cls: 0.6836  enc_loss_bbox: 0.2291  enc_loss_iou: 0.4657  dn_loss_cls: 0.1054  dn_loss_bbox: 0.3216  dn_loss_iou: 0.5029  d0.dn_loss_cls: 0.4532  d0.dn_loss_bbox: 0.4344  d0.dn_loss_iou: 0.6463  d1.dn_loss_cls: 0.2130  d1.dn_loss_bbox: 0.3466  d1.dn_loss_iou: 0.5365  d2.dn_loss_cls: 0.1506  d2.dn_loss_bbox: 0.3277  d2.dn_loss_iou: 0.5120  d3.dn_loss_cls: 0.1266  d3.dn_loss_bbox: 0.3226  d3.dn_loss_iou: 0.5046  d4.dn_loss_cls: 0.1132  d4.dn_loss_bbox: 0.3217  d4.dn_loss_iou: 0.5031
2026/03/18 21:25:47 - mmengine - INFO - Epoch(train)  [2][100/245]  base_lr: 5.5000e-05 lr: 5.5000e-05  eta: 9:28:20  time: 1.7485  data_time: 0.0041  memory: 42423  grad_norm: 25.4540  loss: 12.5733  loss_cls: 0.2843  loss_bbox: 0.2126  loss_iou: 0.4409  d0.loss_cls: 0.4689  d0.loss_bbox: 0.1864  d0.loss_iou: 0.4066  d1.loss_cls: 0.3624  d1.loss_bbox: 0.1997  d1.loss_iou: 0.4293  d2.loss_cls: 0.3209  d2.loss_bbox: 0.2049  d2.loss_iou: 0.4349  d3.loss_cls: 0.2988  d3.loss_bbox: 0.2103  d3.loss_iou: 0.4381  d4.loss_cls: 0.2894  d4.loss_bbox: 0.2113  d4.loss_iou: 0.4400  enc_loss_cls: 0.5328  enc_loss_bbox: 0.2030  enc_loss_iou: 0.4308  dn_loss_cls: 0.0646  dn_loss_bbox: 0.2940  dn_loss_iou: 0.4708  d0.dn_loss_cls: 0.2525  d0.dn_loss_bbox: 0.3992  d0.dn_loss_iou: 0.6023  d1.dn_loss_cls: 0.1197  d1.dn_loss_bbox: 0.3189  d1.dn_loss_iou: 0.5027  d2.dn_loss_cls: 0.0882  d2.dn_loss_bbox: 0.2996  d2.dn_loss_iou: 0.4797  d3.dn_loss_cls: 0.0750  d3.dn_loss_bbox: 0.2945  d3.dn_loss_iou: 0.4722  d4.dn_loss_cls: 0.0683  d4.dn_loss_bbox: 0.2940  d4.dn_loss_iou: 0.4709
2026/03/18 21:27:13 - mmengine - INFO - Epoch(train)  [2][150/245]  base_lr: 5.5000e-05 lr: 5.5000e-05  eta: 9:25:15  time: 1.7313  data_time: 0.0040  memory: 42372  grad_norm: 24.2432  loss: 11.6717  loss_cls: 0.2577  loss_bbox: 0.1969  loss_iou: 0.4216  d0.loss_cls: 0.4029  d0.loss_bbox: 0.1805  d0.loss_iou: 0.3988  d1.loss_cls: 0.3174  d1.loss_bbox: 0.1916  d1.loss_iou: 0.4157  d2.loss_cls: 0.2850  d2.loss_bbox: 0.1923  d2.loss_iou: 0.4183  d3.loss_cls: 0.2692  d3.loss_bbox: 0.1951  d3.loss_iou: 0.4197  d4.loss_cls: 0.2619  d4.loss_bbox: 0.1953  d4.loss_iou: 0.4212  enc_loss_cls: 0.4600  enc_loss_bbox: 0.1883  enc_loss_iou: 0.4130  dn_loss_cls: 0.0535  dn_loss_bbox: 0.2687  dn_loss_iou: 0.4550  d0.dn_loss_cls: 0.1811  d0.dn_loss_bbox: 0.3742  d0.dn_loss_iou: 0.5849  d1.dn_loss_cls: 0.0948  d1.dn_loss_bbox: 0.2944  d1.dn_loss_iou: 0.4874  d2.dn_loss_cls: 0.0706  d2.dn_loss_bbox: 0.2744  d2.dn_loss_iou: 0.4631  d3.dn_loss_cls: 0.0614  d3.dn_loss_bbox: 0.2696  d3.dn_loss_iou: 0.4566  d4.dn_loss_cls: 0.0560  d4.dn_loss_bbox: 0.2686  d4.dn_loss_iou: 0.4551
2026/03/18 21:28:40 - mmengine - INFO - Epoch(train)  [2][200/245]  base_lr: 5.5000e-05 lr: 5.5000e-05  eta: 9:22:51  time: 1.7401  data_time: 0.0041  memory: 42431  grad_norm: 24.9851  loss: 11.2958  loss_cls: 0.2407  loss_bbox: 0.1941  loss_iou: 0.4237  d0.loss_cls: 0.3538  d0.loss_bbox: 0.1867  d0.loss_iou: 0.4122  d1.loss_cls: 0.2871  d1.loss_bbox: 0.1916  d1.loss_iou: 0.4214  d2.loss_cls: 0.2628  d2.loss_bbox: 0.1904  d2.loss_iou: 0.4207  d3.loss_cls: 0.2506  d3.loss_bbox: 0.1921  d3.loss_iou: 0.4214  d4.loss_cls: 0.2448  d4.loss_bbox: 0.1931  d4.loss_iou: 0.4224  enc_loss_cls: 0.4106  enc_loss_bbox: 0.1878  enc_loss_iou: 0.4166  dn_loss_cls: 0.0480  dn_loss_bbox: 0.2600  dn_loss_iou: 0.4460  d0.dn_loss_cls: 0.1495  d0.dn_loss_bbox: 0.3577  d0.dn_loss_iou: 0.5708  d1.dn_loss_cls: 0.0816  d1.dn_loss_bbox: 0.2826  d1.dn_loss_iou: 0.4760  d2.dn_loss_cls: 0.0613  d2.dn_loss_bbox: 0.2655  d2.dn_loss_iou: 0.4541  d3.dn_loss_cls: 0.0537  d3.dn_loss_bbox: 0.2610  d3.dn_loss_iou: 0.4476  d4.dn_loss_cls: 0.0495  d4.dn_loss_bbox: 0.2601  d4.dn_loss_iou: 0.4462
2026/03/18 21:29:59 - mmengine - INFO - Exp name: dino_4scale_r50_ruod_120e_pretrained_20260318_211448
2026/03/18 21:30:09 - mmengine - INFO - Epoch(val)  [2][ 50/245]    eta: 0:00:39  time: 0.2000  data_time: 0.0169  memory: 42431  
2026/03/18 21:30:19 - mmengine - INFO - Epoch(val)  [2][100/245]    eta: 0:00:28  time: 0.1980  data_time: 0.0092  memory: 1538  
2026/03/18 21:30:29 - mmengine - INFO - Epoch(val)  [2][150/245]    eta: 0:00:18  time: 0.1980  data_time: 0.0094  memory: 1538  
2026/03/18 21:30:39 - mmengine - INFO - Epoch(val)  [2][200/245]    eta: 0:00:08  time: 0.2012  data_time: 0.0099  memory: 1538  
2026/03/18 21:30:55 - mmengine - INFO - Evaluating bbox...
2026/03/18 21:31:19 - mmengine - INFO - bbox_mAP_copypaste: 0.442 0.670 0.456 0.096 0.292 0.490
2026/03/18 21:31:20 - mmengine - INFO - Epoch(val) [2][245/245]    coco/bbox_mAP: 0.4420  coco/bbox_mAP_50: 0.6700  coco/bbox_mAP_75: 0.4560  coco/bbox_mAP_s: 0.0960  coco/bbox_mAP_m: 0.2920  coco/bbox_mAP_l: 0.4900  data_time: 0.0111  time: 0.1991
2026/03/18 21:31:21 - mmengine - INFO - The best checkpoint with 0.4420 coco/bbox_mAP at 2 epoch is saved to best_coco_bbox_mAP_epoch_2.pth.
2026/03/18 21:32:49 - mmengine - INFO - Epoch(train)  [3][ 50/245]  base_lr: 1.0000e-04 lr: 1.0000e-04  eta: 9:19:54  time: 1.7618  data_time: 0.0175  memory: 42431  grad_norm: 25.2731  loss: 10.5425  loss_cls: 0.2231  loss_bbox: 0.1825  loss_iou: 0.4037  d0.loss_cls: 0.3086  d0.loss_bbox: 0.1812  d0.loss_iou: 0.3997  d1.loss_cls: 0.2581  d1.loss_bbox: 0.1841  d1.loss_iou: 0.4048  d2.loss_cls: 0.2405  d2.loss_bbox: 0.1810  d2.loss_iou: 0.4008  d3.loss_cls: 0.2315  d3.loss_bbox: 0.1816  d3.loss_iou: 0.4017  d4.loss_cls: 0.2264  d4.loss_bbox: 0.1813  d4.loss_iou: 0.4019  enc_loss_cls: 0.3496  enc_loss_bbox: 0.1850  enc_loss_iou: 0.4093  dn_loss_cls: 0.0402  dn_loss_bbox: 0.2360  dn_loss_iou: 0.4248  d0.dn_loss_cls: 0.1236  d0.dn_loss_bbox: 0.3293  d0.dn_loss_iou: 0.5449  d1.dn_loss_cls: 0.0679  d1.dn_loss_bbox: 0.2564  d1.dn_loss_iou: 0.4521  d2.dn_loss_cls: 0.0509  d2.dn_loss_bbox: 0.2403  d2.dn_loss_iou: 0.4313  d3.dn_loss_cls: 0.0445  d3.dn_loss_bbox: 0.2364  d3.dn_loss_iou: 0.4258  d4.dn_loss_cls: 0.0412  d4.dn_loss_bbox: 0.2359  d4.dn_loss_iou: 0.4247
2026/03/18 21:34:17 - mmengine - INFO - Epoch(train)  [3][100/245]  base_lr: 1.0000e-04 lr: 1.0000e-04  eta: 9:18:23  time: 1.7608  data_time: 0.0040  memory: 44303  grad_norm: 25.8168  loss: 10.1315  loss_cls: 0.2094  loss_bbox: 0.1779  loss_iou: 0.3927  d0.loss_cls: 0.2711  d0.loss_bbox: 0.1801  d0.loss_iou: 0.3961  d1.loss_cls: 0.2316  d1.loss_bbox: 0.1793  d1.loss_iou: 0.3964  d2.loss_cls: 0.2166  d2.loss_bbox: 0.1769  d2.loss_iou: 0.3927  d3.loss_cls: 0.2102  d3.loss_bbox: 0.1775  d3.loss_iou: 0.3924  d4.loss_cls: 0.2073  d4.loss_bbox: 0.1778  d4.loss_iou: 0.3924  enc_loss_cls: 0.3107  enc_loss_bbox: 0.1852  enc_loss_iou: 0.4060  dn_loss_cls: 0.0367  dn_loss_bbox: 0.2303  dn_loss_iou: 0.4090  d0.dn_loss_cls: 0.1122  d0.dn_loss_bbox: 0.3275  d0.dn_loss_iou: 0.5290  d1.dn_loss_cls: 0.0621  d1.dn_loss_bbox: 0.2519  d1.dn_loss_iou: 0.4361  d2.dn_loss_cls: 0.0466  d2.dn_loss_bbox: 0.2353  d2.dn_loss_iou: 0.4160  d3.dn_loss_cls: 0.0409  d3.dn_loss_bbox: 0.2307  d3.dn_loss_iou: 0.4101  d4.dn_loss_cls: 0.0376  d4.dn_loss_bbox: 0.2302  d4.dn_loss_iou: 0.4091
2026/03/18 21:35:44 - mmengine - INFO - Epoch(train)  [3][150/245]  base_lr: 1.0000e-04 lr: 1.0000e-04  eta: 9:16:14  time: 1.7348  data_time: 0.0040  memory: 42431  grad_norm: 26.3669  loss: 9.6927  loss_cls: 0.1966  loss_bbox: 0.1723  loss_iou: 0.3725  d0.loss_cls: 0.2568  d0.loss_bbox: 0.1788  d0.loss_iou: 0.3780  d1.loss_cls: 0.2218  d1.loss_bbox: 0.1752  d1.loss_iou: 0.3768  d2.loss_cls: 0.2091  d2.loss_bbox: 0.1718  d2.loss_iou: 0.3725  d3.loss_cls: 0.2012  d3.loss_bbox: 0.1726  d3.loss_iou: 0.3727  d4.loss_cls: 0.1970  d4.loss_bbox: 0.1730  d4.loss_iou: 0.3729  enc_loss_cls: 0.2907  enc_loss_bbox: 0.1888  enc_loss_iou: 0.3942  dn_loss_cls: 0.0327  dn_loss_bbox: 0.2214  dn_loss_iou: 0.3880  d0.dn_loss_cls: 0.1014  d0.dn_loss_bbox: 0.3244  d0.dn_loss_iou: 0.5091  d1.dn_loss_cls: 0.0554  d1.dn_loss_bbox: 0.2449  d1.dn_loss_iou: 0.4159  d2.dn_loss_cls: 0.0418  d2.dn_loss_bbox: 0.2272  d2.dn_loss_iou: 0.3948  d3.dn_loss_cls: 0.0364  d3.dn_loss_bbox: 0.2221  d3.dn_loss_iou: 0.3890  d4.dn_loss_cls: 0.0332  d4.dn_loss_bbox: 0.2215  d4.dn_loss_iou: 0.3882
2026/03/18 21:37:11 - mmengine - INFO - Epoch(train)  [3][200/245]  base_lr: 1.0000e-04 lr: 1.0000e-04  eta: 9:14:23  time: 1.7439  data_time: 0.0039  memory: 42423  grad_norm: 27.0976  loss: 10.0743  loss_cls: 0.1976  loss_bbox: 0.1800  loss_iou: 0.3970  d0.loss_cls: 0.2556  d0.loss_bbox: 0.1889  d0.loss_iou: 0.4039  d1.loss_cls: 0.2215  d1.loss_bbox: 0.1852  d1.loss_iou: 0.4017  d2.loss_cls: 0.2094  d2.loss_bbox: 0.1810  d2.loss_iou: 0.3978  d3.loss_cls: 0.2026  d3.loss_bbox: 0.1800  d3.loss_iou: 0.3972  d4.loss_cls: 0.1995  d4.loss_bbox: 0.1793  d4.loss_iou: 0.3964  enc_loss_cls: 0.2832  enc_loss_bbox: 0.1974  enc_loss_iou: 0.4181  dn_loss_cls: 0.0339  dn_loss_bbox: 0.2299  dn_loss_iou: 0.4076  d0.dn_loss_cls: 0.0958  d0.dn_loss_bbox: 0.3271  d0.dn_loss_iou: 0.5280  d1.dn_loss_cls: 0.0539  d1.dn_loss_bbox: 0.2520  d1.dn_loss_iou: 0.4349  d2.dn_loss_cls: 0.0415  d2.dn_loss_bbox: 0.2344  d2.dn_loss_iou: 0.4142  d3.dn_loss_cls: 0.0368  d3.dn_loss_bbox: 0.2306  d3.dn_loss_iou: 0.4088  d4.dn_loss_cls: 0.0343  d4.dn_loss_bbox: 0.2299  d4.dn_loss_iou: 0.4076
2026/03/18 21:38:28 - mmengine - INFO - Exp name: dino_4scale_r50_ruod_120e_pretrained_20260318_211448
2026/03/18 21:39:57 - mmengine - INFO - Epoch(train)  [4][ 50/245]  base_lr: 1.0000e-04 lr: 1.0000e-04  eta: 9:11:01  time: 1.7665  data_time: 0.0130  memory: 44519  grad_norm: nan  loss: 9.0883  loss_cls: 0.1674  loss_bbox: 0.1608  loss_iou: 0.3719  d0.loss_cls: 0.2205  d0.loss_bbox: 0.1680  d0.loss_iou: 0.3792  d1.loss_cls: 0.1882  d1.loss_bbox: 0.1639  d1.loss_iou: 0.3756  d2.loss_cls: 0.1766  d2.loss_bbox: 0.1611  d2.loss_iou: 0.3726  d3.loss_cls: 0.1711  d3.loss_bbox: 0.1610  d3.loss_iou: 0.3721  d4.loss_cls: 0.1677  d4.loss_bbox: 0.1614  d4.loss_iou: 0.3719  enc_loss_cls: 0.2486  enc_loss_bbox: 0.1734  enc_loss_iou: 0.3906  dn_loss_cls: 0.0276  dn_loss_bbox: 0.1963  dn_loss_iou: 0.3778  d0.dn_loss_cls: 0.0862  d0.dn_loss_bbox: 0.2885  d0.dn_loss_iou: 0.4940  d1.dn_loss_cls: 0.0465  d1.dn_loss_bbox: 0.2164  d1.dn_loss_iou: 0.4035  d2.dn_loss_cls: 0.0348  d2.dn_loss_bbox: 0.2010  d2.dn_loss_iou: 0.3841  d3.dn_loss_cls: 0.0303  d3.dn_loss_bbox: 0.1970  d3.dn_loss_iou: 0.3787  d4.dn_loss_cls: 0.0278  d4.dn_loss_bbox: 0.1964  d4.dn_loss_iou: 0.3778
2026/03/18 21:41:23 - mmengine - INFO - Epoch(train)  [4][100/245]  base_lr: 1.0000e-04 lr: 1.0000e-04  eta: 9:09:08  time: 1.7346  data_time: 0.0040  memory: 42212  grad_norm: 27.5381  loss: 9.1033  loss_cls: 0.1680  loss_bbox: 0.1675  loss_iou: 0.3635  d0.loss_cls: 0.2171  d0.loss_bbox: 0.1750  d0.loss_iou: 0.3702  d1.loss_cls: 0.1879  d1.loss_bbox: 0.1723  d1.loss_iou: 0.3679  d2.loss_cls: 0.1768  d2.loss_bbox: 0.1691  d2.loss_iou: 0.3646  d3.loss_cls: 0.1715  d3.loss_bbox: 0.1681  d3.loss_iou: 0.3638  d4.loss_cls: 0.1693  d4.loss_bbox: 0.1678  d4.loss_iou: 0.3634  enc_loss_cls: 0.2434  enc_loss_bbox: 0.1834  enc_loss_iou: 0.3819  dn_loss_cls: 0.0287  dn_loss_bbox: 0.2058  dn_loss_iou: 0.3709  d0.dn_loss_cls: 0.0840  d0.dn_loss_bbox: 0.3023  d0.dn_loss_iou: 0.4896  d1.dn_loss_cls: 0.0460  d1.dn_loss_bbox: 0.2274  d1.dn_loss_iou: 0.3970  d2.dn_loss_cls: 0.0350  d2.dn_loss_bbox: 0.2111  d2.dn_loss_iou: 0.3774  d3.dn_loss_cls: 0.0312  d3.dn_loss_bbox: 0.2065  d3.dn_loss_iou: 0.3720  d4.dn_loss_cls: 0.0291  d4.dn_loss_bbox: 0.2058  d4.dn_loss_iou: 0.3709
2026/03/18 21:42:53 - mmengine - INFO - Epoch(train)  [4][150/245]  base_lr: 1.0000e-04 lr: 1.0000e-04  eta: 9:08:27  time: 1.8003  data_time: 0.0039  memory: 42423  grad_norm: 26.4979  loss: 8.9263  loss_cls: 0.1639  loss_bbox: 0.1621  loss_iou: 0.3638  d0.loss_cls: 0.2114  d0.loss_bbox: 0.1706  d0.loss_iou: 0.3707  d1.loss_cls: 0.1837  d1.loss_bbox: 0.1662  d1.loss_iou: 0.3676  d2.loss_cls: 0.1740  d2.loss_bbox: 0.1626  d2.loss_iou: 0.3639  d3.loss_cls: 0.1679  d3.loss_bbox: 0.1629  d3.loss_iou: 0.3641  d4.loss_cls: 0.1642  d4.loss_bbox: 0.1624  d4.loss_iou: 0.3647  enc_loss_cls: 0.2328  enc_loss_bbox: 0.1795  enc_loss_iou: 0.3850  dn_loss_cls: 0.0277  dn_loss_bbox: 0.1937  dn_loss_iou: 0.3684  d0.dn_loss_cls: 0.0808  d0.dn_loss_bbox: 0.2861  d0.dn_loss_iou: 0.4832  d1.dn_loss_cls: 0.0439  d1.dn_loss_bbox: 0.2138  d1.dn_loss_iou: 0.3931  d2.dn_loss_cls: 0.0340  d2.dn_loss_bbox: 0.1986  d2.dn_loss_iou: 0.3743  d3.dn_loss_cls: 0.0303  d3.dn_loss_bbox: 0.1945  d3.dn_loss_iou: 0.3695  d4.dn_loss_cls: 0.0280  d4.dn_loss_bbox: 0.1938  d4.dn_loss_iou: 0.3684
2026/03/18 21:44:20 - mmengine - INFO - Epoch(train)  [4][200/245]  base_lr: 1.0000e-04 lr: 1.0000e-04  eta: 9:06:39  time: 1.7378  data_time: 0.0038  memory: 42431  grad_norm: 25.4971  loss: 8.9689  loss_cls: 0.1653  loss_bbox: 0.1633  loss_iou: 0.3653  d0.loss_cls: 0.2135  d0.loss_bbox: 0.1705  d0.loss_iou: 0.3732  d1.loss_cls: 0.1843  d1.loss_bbox: 0.1663  d1.loss_iou: 0.3706  d2.loss_cls: 0.1753  d2.loss_bbox: 0.1627  d2.loss_iou: 0.3655  d3.loss_cls: 0.1687  d3.loss_bbox: 0.1635  d3.loss_iou: 0.3658  d4.loss_cls: 0.1663  d4.loss_bbox: 0.1632  d4.loss_iou: 0.3650  enc_loss_cls: 0.2331  enc_loss_bbox: 0.1823  enc_loss_iou: 0.3923  dn_loss_cls: 0.0262  dn_loss_bbox: 0.1980  dn_loss_iou: 0.3679  d0.dn_loss_cls: 0.0772  d0.dn_loss_bbox: 0.2912  d0.dn_loss_iou: 0.4818  d1.dn_loss_cls: 0.0419  d1.dn_loss_bbox: 0.2186  d1.dn_loss_iou: 0.3934  d2.dn_loss_cls: 0.0318  d2.dn_loss_bbox: 0.2025  d2.dn_loss_iou: 0.3739  d3.dn_loss_cls: 0.0283  d3.dn_loss_bbox: 0.1987  d3.dn_loss_iou: 0.3691  d4.dn_loss_cls: 0.0265  d4.dn_loss_bbox: 0.1980  d4.dn_loss_iou: 0.3679
2026/03/18 21:45:37 - mmengine - INFO - Exp name: dino_4scale_r50_ruod_120e_pretrained_20260318_211448
2026/03/18 21:45:47 - mmengine - INFO - Epoch(val)  [4][ 50/245]    eta: 0:00:39  time: 0.2034  data_time: 0.0141  memory: 42431  
2026/03/18 21:45:57 - mmengine - INFO - Epoch(val)  [4][100/245]    eta: 0:00:29  time: 0.2004  data_time: 0.0091  memory: 1538  
2026/03/18 21:46:07 - mmengine - INFO - Epoch(val)  [4][150/245]    eta: 0:00:19  time: 0.1998  data_time: 0.0092  memory: 1538  
2026/03/18 21:46:17 - mmengine - INFO - Epoch(val)  [4][200/245]    eta: 0:00:09  time: 0.2004  data_time: 0.0088  memory: 1538  
2026/03/18 21:46:32 - mmengine - INFO - Evaluating bbox...
2026/03/18 21:46:57 - mmengine - INFO - bbox_mAP_copypaste: 0.520 0.767 0.542 0.121 0.366 0.581
2026/03/18 21:46:58 - mmengine - INFO - Epoch(val) [4][245/245]    coco/bbox_mAP: 0.5200  coco/bbox_mAP_50: 0.7670  coco/bbox_mAP_75: 0.5420  coco/bbox_mAP_s: 0.1210  coco/bbox_mAP_m: 0.3660  coco/bbox_mAP_l: 0.5810  data_time: 0.0100  time: 0.2007
2026/03/18 21:46:58 - mmengine - INFO - The previous best checkpoint /workspace/aquaculture-perception/runs/mmdet/dino_4scale_r50_ruod_120e_pretrained/best_coco_bbox_mAP_epoch_2.pth is removed
2026/03/18 21:46:59 - mmengine - INFO - The best checkpoint with 0.5200 coco/bbox_mAP at 4 epoch is saved to best_coco_bbox_mAP_epoch_4.pth.
2026/03/18 21:47:35 - mmengine - INFO - Exp name: dino_4scale_r50_ruod_120e_pretrained_20260318_211448
2026/03/18 21:48:27 - mmengine - INFO - Epoch(train)  [5][ 50/245]  base_lr: 9.8697e-05 lr: 9.8697e-05  eta: 9:03:11  time: 1.7547  data_time: 0.0145  memory: 42431  grad_norm: 25.0048  loss: 8.4591  loss_cls: 0.1403  loss_bbox: 0.1568  loss_iou: 0.3554  d0.loss_cls: 0.1867  d0.loss_bbox: 0.1644  d0.loss_iou: 0.3643  d1.loss_cls: 0.1591  d1.loss_bbox: 0.1602  d1.loss_iou: 0.3599  d2.loss_cls: 0.1501  d2.loss_bbox: 0.1564  d2.loss_iou: 0.3555  d3.loss_cls: 0.1452  d3.loss_bbox: 0.1560  d3.loss_iou: 0.3545  d4.loss_cls: 0.1417  d4.loss_bbox: 0.1564  d4.loss_iou: 0.3548  enc_loss_cls: 0.2071  enc_loss_bbox: 0.1740  enc_loss_iou: 0.3803  dn_loss_cls: 0.0229  dn_loss_bbox: 0.1828  dn_loss_iou: 0.3526  d0.dn_loss_cls: 0.0728  d0.dn_loss_bbox: 0.2698  d0.dn_loss_iou: 0.4671  d1.dn_loss_cls: 0.0387  d1.dn_loss_bbox: 0.2007  d1.dn_loss_iou: 0.3771  d2.dn_loss_cls: 0.0286  d2.dn_loss_bbox: 0.1871  d2.dn_loss_iou: 0.3584  d3.dn_loss_cls: 0.0252  d3.dn_loss_bbox: 0.1834  d3.dn_loss_iou: 0.3538  d4.dn_loss_cls: 0.0234  d4.dn_loss_bbox: 0.1828  d4.dn_loss_iou: 0.3526
2026/03/18 21:49:53 - mmengine - INFO - Epoch(train)  [5][100/245]  base_lr: 9.8697e-05 lr: 9.8697e-05  eta: 9:01:14  time: 1.7213  data_time: 0.0037  memory: 42372  grad_norm: 27.1276  loss: 8.6073  loss_cls: 0.1487  loss_bbox: 0.1601  loss_iou: 0.3568  d0.loss_cls: 0.1926  d0.loss_bbox: 0.1662  d0.loss_iou: 0.3638  d1.loss_cls: 0.1660  d1.loss_bbox: 0.1628  d1.loss_iou: 0.3590  d2.loss_cls: 0.1560  d2.loss_bbox: 0.1603  d2.loss_iou: 0.3571  d3.loss_cls: 0.1521  d3.loss_bbox: 0.1593  d3.loss_iou: 0.3562  d4.loss_cls: 0.1497  d4.loss_bbox: 0.1590  d4.loss_iou: 0.3563  enc_loss_cls: 0.2110  enc_loss_bbox: 0.1776  enc_loss_iou: 0.3797  dn_loss_cls: 0.0253  dn_loss_bbox: 0.1885  dn_loss_iou: 0.3566  d0.dn_loss_cls: 0.0725  d0.dn_loss_bbox: 0.2818  d0.dn_loss_iou: 0.4717  d1.dn_loss_cls: 0.0398  d1.dn_loss_bbox: 0.2090  d1.dn_loss_iou: 0.3812  d2.dn_loss_cls: 0.0305  d2.dn_loss_bbox: 0.1930  d2.dn_loss_iou: 0.3624  d3.dn_loss_cls: 0.0272  d3.dn_loss_bbox: 0.1892  d3.dn_loss_iou: 0.3575  d4.dn_loss_cls: 0.0256  d4.dn_loss_bbox: 0.1886  d4.dn_loss_iou: 0.3566
2026/03/18 21:51:19 - mmengine - INFO - Epoch(train)  [5][150/245]  base_lr: 9.8697e-05 lr: 9.8697e-05  eta: 8:59:30  time: 1.7331  data_time: 0.0040  memory: 42423  grad_norm: 25.1314  loss: 8.3654  loss_cls: 0.1454  loss_bbox: 0.1506  loss_iou: 0.3535  d0.loss_cls: 0.1849  d0.loss_bbox: 0.1599  d0.loss_iou: 0.3635  d1.loss_cls: 0.1601  d1.loss_bbox: 0.1557  d1.loss_iou: 0.3590  d2.loss_cls: 0.1522  d2.loss_bbox: 0.1519  d2.loss_iou: 0.3540  d3.loss_cls: 0.1482  d3.loss_bbox: 0.1513  d3.loss_iou: 0.3536  d4.loss_cls: 0.1452  d4.loss_bbox: 0.1512  d4.loss_iou: 0.3540  enc_loss_cls: 0.2047  enc_loss_bbox: 0.1705  enc_loss_iou: 0.3797  dn_loss_cls: 0.0233  dn_loss_bbox: 0.1760  dn_loss_iou: 0.3512  d0.dn_loss_cls: 0.0686  d0.dn_loss_bbox: 0.2622  d0.dn_loss_iou: 0.4598  d1.dn_loss_cls: 0.0363  d1.dn_loss_bbox: 0.1953  d1.dn_loss_iou: 0.3749  d2.dn_loss_cls: 0.0275  d2.dn_loss_bbox: 0.1807  d2.dn_loss_iou: 0.3568  d3.dn_loss_cls: 0.0249  d3.dn_loss_bbox: 0.1765  d3.dn_loss_iou: 0.3519  d4.dn_loss_cls: 0.0233  d4.dn_loss_bbox: 0.1760  d4.dn_loss_iou: 0.3511
2026/03/18 21:52:46 - mmengine - INFO - Epoch(train)  [5][200/245]  base_lr: 9.8697e-05 lr: 9.8697e-05  eta: 8:57:41  time: 1.7250  data_time: 0.0043  memory: 42431  grad_norm: 28.1816  loss: 8.2748  loss_cls: 0.1421  loss_bbox: 0.1514  loss_iou: 0.3485  d0.loss_cls: 0.1828  d0.loss_bbox: 0.1589  d0.loss_iou: 0.3578  d1.loss_cls: 0.1572  d1.loss_bbox: 0.1549  d1.loss_iou: 0.3546  d2.loss_cls: 0.1496  d2.loss_bbox: 0.1520  d2.loss_iou: 0.3493  d3.loss_cls: 0.1459  d3.loss_bbox: 0.1509  d3.loss_iou: 0.3482  d4.loss_cls: 0.1428  d4.loss_bbox: 0.1516  d4.loss_iou: 0.3485  enc_loss_cls: 0.2013  enc_loss_bbox: 0.1708  enc_loss_iou: 0.3749  dn_loss_cls: 0.0228  dn_loss_bbox: 0.1745  dn_loss_iou: 0.3475  d0.dn_loss_cls: 0.0677  d0.dn_loss_bbox: 0.2605  d0.dn_loss_iou: 0.4559  d1.dn_loss_cls: 0.0361  d1.dn_loss_bbox: 0.1927  d1.dn_loss_iou: 0.3710  d2.dn_loss_cls: 0.0279  d2.dn_loss_bbox: 0.1782  d2.dn_loss_iou: 0.3527  d3.dn_loss_cls: 0.0247  d3.dn_loss_bbox: 0.1750  d3.dn_loss_iou: 0.3484  d4.dn_loss_cls: 0.0230  d4.dn_loss_bbox: 0.1745  d4.dn_loss_iou: 0.3475
2026/03/18 21:54:02 - mmengine - INFO - Exp name: dino_4scale_r50_ruod_120e_pretrained_20260318_211448
2026/03/18 21:55:31 - mmengine - INFO - Epoch(train)  [6][ 50/245]  base_lr: 9.7395e-05 lr: 9.7395e-05  eta: 8:54:35  time: 1.7700  data_time: 0.0167  memory: 42320  grad_norm: 24.3085  loss: 7.9436  loss_cls: 0.1306  loss_bbox: 0.1472  loss_iou: 0.3357  d0.loss_cls: 0.1706  d0.loss_bbox: 0.1548  d0.loss_iou: 0.3442  d1.loss_cls: 0.1457  d1.loss_bbox: 0.1510  d1.loss_iou: 0.3404  d2.loss_cls: 0.1377  d2.loss_bbox: 0.1482  d2.loss_iou: 0.3371  d3.loss_cls: 0.1331  d3.loss_bbox: 0.1478  d3.loss_iou: 0.3364  d4.loss_cls: 0.1311  d4.loss_bbox: 0.1473  d4.loss_iou: 0.3358  enc_loss_cls: 0.1897  enc_loss_bbox: 0.1651  enc_loss_iou: 0.3604  dn_loss_cls: 0.0211  dn_loss_bbox: 0.1693  dn_loss_iou: 0.3344  d0.dn_loss_cls: 0.0654  d0.dn_loss_bbox: 0.2509  d0.dn_loss_iou: 0.4408  d1.dn_loss_cls: 0.0342  d1.dn_loss_bbox: 0.1869  d1.dn_loss_iou: 0.3582  d2.dn_loss_cls: 0.0261  d2.dn_loss_bbox: 0.1731  d2.dn_loss_iou: 0.3401  d3.dn_loss_cls: 0.0230  d3.dn_loss_bbox: 0.1698  d3.dn_loss_iou: 0.3354  d4.dn_loss_cls: 0.0214  d4.dn_loss_bbox: 0.1693  d4.dn_loss_iou: 0.3344
2026/03/18 21:56:57 - mmengine - INFO - Epoch(train)  [6][100/245]  base_lr: 9.7395e-05 lr: 9.7395e-05  eta: 8:52:49  time: 1.7233  data_time: 0.0040  memory: 42431  grad_norm: 24.3782  loss: 7.9013  loss_cls: 0.1292  loss_bbox: 0.1433  loss_iou: 0.3382  d0.loss_cls: 0.1694  d0.loss_bbox: 0.1523  d0.loss_iou: 0.3477  d1.loss_cls: 0.1459  d1.loss_bbox: 0.1478  d1.loss_iou: 0.3429  d2.loss_cls: 0.1383  d2.loss_bbox: 0.1437  d2.loss_iou: 0.3390  d3.loss_cls: 0.1340  d3.loss_bbox: 0.1435  d3.loss_iou: 0.3385  d4.loss_cls: 0.1299  d4.loss_bbox: 0.1434  d4.loss_iou: 0.3385  enc_loss_cls: 0.1883  enc_loss_bbox: 0.1638  enc_loss_iou: 0.3661  dn_loss_cls: 0.0208  dn_loss_bbox: 0.1633  dn_loss_iou: 0.3337  d0.dn_loss_cls: 0.0640  d0.dn_loss_bbox: 0.2492  d0.dn_loss_iou: 0.4421  d1.dn_loss_cls: 0.0333  d1.dn_loss_bbox: 0.1818  d1.dn_loss_iou: 0.3564  d2.dn_loss_cls: 0.0257  d2.dn_loss_bbox: 0.1679  d2.dn_loss_iou: 0.3396  d3.dn_loss_cls: 0.0229  d3.dn_loss_bbox: 0.1639  d3.dn_loss_iou: 0.3348  d4.dn_loss_cls: 0.0211  d4.dn_loss_bbox: 0.1633  d4.dn_loss_iou: 0.3337
2026/03/18 21:58:24 - mmengine - INFO - Epoch(train)  [6][150/245]  base_lr: 9.7395e-05 lr: 9.7395e-05  eta: 8:51:21  time: 1.7480  data_time: 0.0038  memory: 44298  grad_norm: 27.1816  loss: 7.8271  loss_cls: 0.1274  loss_bbox: 0.1460  loss_iou: 0.3346  d0.loss_cls: 0.1631  d0.loss_bbox: 0.1549  d0.loss_iou: 0.3444  d1.loss_cls: 0.1408  d1.loss_bbox: 0.1490  d1.loss_iou: 0.3383  d2.loss_cls: 0.1337  d2.loss_bbox: 0.1455  d2.loss_iou: 0.3346  d3.loss_cls: 0.1292  d3.loss_bbox: 0.1461  d3.loss_iou: 0.3351  d4.loss_cls: 0.1274  d4.loss_bbox: 0.1460  d4.loss_iou: 0.3350  enc_loss_cls: 0.1847  enc_loss_bbox: 0.1677  enc_loss_iou: 0.3623  dn_loss_cls: 0.0214  dn_loss_bbox: 0.1620  dn_loss_iou: 0.3286  d0.dn_loss_cls: 0.0633  d0.dn_loss_bbox: 0.2508  d0.dn_loss_iou: 0.4376  d1.dn_loss_cls: 0.0331  d1.dn_loss_bbox: 0.1800  d1.dn_loss_iou: 0.3514  d2.dn_loss_cls: 0.0257  d2.dn_loss_bbox: 0.1662  d2.dn_loss_iou: 0.3338  d3.dn_loss_cls: 0.0231  d3.dn_loss_bbox: 0.1627  d3.dn_loss_iou: 0.3294  d4.dn_loss_cls: 0.0216  d4.dn_loss_bbox: 0.1620  d4.dn_loss_iou: 0.3285
2026/03/18 21:59:50 - mmengine - INFO - Epoch(train)  [6][200/245]  base_lr: 9.7395e-05 lr: 9.7395e-05  eta: 8:49:31  time: 1.7150  data_time: 0.0038  memory: 42431  grad_norm: 26.8159  loss: 8.0287  loss_cls: 0.1339  loss_bbox: 0.1471  loss_iou: 0.3368  d0.loss_cls: 0.1696  d0.loss_bbox: 0.1579  d0.loss_iou: 0.3493  d1.loss_cls: 0.1491  d1.loss_bbox: 0.1507  d1.loss_iou: 0.3416  d2.loss_cls: 0.1405  d2.loss_bbox: 0.1482  d2.loss_iou: 0.3384  d3.loss_cls: 0.1370  d3.loss_bbox: 0.1474  d3.loss_iou: 0.3374  d4.loss_cls: 0.1347  d4.loss_bbox: 0.1470  d4.loss_iou: 0.3367  enc_loss_cls: 0.1909  enc_loss_bbox: 0.1673  enc_loss_iou: 0.3643  dn_loss_cls: 0.0212  dn_loss_bbox: 0.1750  dn_loss_iou: 0.3355  d0.dn_loss_cls: 0.0627  d0.dn_loss_bbox: 0.2621  d0.dn_loss_iou: 0.4482  d1.dn_loss_cls: 0.0332  d1.dn_loss_bbox: 0.1928  d1.dn_loss_iou: 0.3592  d2.dn_loss_cls: 0.0258  d2.dn_loss_bbox: 0.1790  d2.dn_loss_iou: 0.3412  d3.dn_loss_cls: 0.0228  d3.dn_loss_bbox: 0.1756  d3.dn_loss_iou: 0.3365  d4.dn_loss_cls: 0.0215  d4.dn_loss_bbox: 0.1750  d4.dn_loss_iou: 0.3355
2026/03/18 22:01:06 - mmengine - INFO - Exp name: dino_4scale_r50_ruod_120e_pretrained_20260318_211448
2026/03/18 22:01:17 - mmengine - INFO - Epoch(val)  [6][ 50/245]    eta: 0:00:39  time: 0.2023  data_time: 0.0126  memory: 42431  
2026/03/18 22:01:30 - mmengine - INFO - Epoch(val)  [6][100/245]    eta: 0:00:33  time: 0.2622  data_time: 0.0704  memory: 1538  
2026/03/18 22:01:40 - mmengine - INFO - Epoch(val)  [6][150/245]    eta: 0:00:21  time: 0.1999  data_time: 0.0090  memory: 1538  
2026/03/18 22:01:50 - mmengine - INFO - Epoch(val)  [6][200/245]    eta: 0:00:09  time: 0.2004  data_time: 0.0093  memory: 1538  
2026/03/18 22:02:05 - mmengine - INFO - Evaluating bbox...
2026/03/18 22:02:28 - mmengine - INFO - bbox_mAP_copypaste: 0.549 0.793 0.588 0.131 0.384 0.613
2026/03/18 22:02:29 - mmengine - INFO - Epoch(val) [6][245/245]    coco/bbox_mAP: 0.5490  coco/bbox_mAP_50: 0.7930  coco/bbox_mAP_75: 0.5880  coco/bbox_mAP_s: 0.1310  coco/bbox_mAP_m: 0.3840  coco/bbox_mAP_l: 0.6130  data_time: 0.0222  time: 0.2130
2026/03/18 22:02:29 - mmengine - INFO - The previous best checkpoint /workspace/aquaculture-perception/runs/mmdet/dino_4scale_r50_ruod_120e_pretrained/best_coco_bbox_mAP_epoch_4.pth is removed
2026/03/18 22:02:30 - mmengine - INFO - The best checkpoint with 0.5490 coco/bbox_mAP at 6 epoch is saved to best_coco_bbox_mAP_epoch_6.pth.
2026/03/18 22:03:57 - mmengine - INFO - Epoch(train)  [7][ 50/245]  base_lr: 9.6092e-05 lr: 9.6092e-05  eta: 8:46:15  time: 1.7404  data_time: 0.0145  memory: 42431  grad_norm: 26.3326  loss: 7.4652  loss_cls: 0.1114  loss_bbox: 0.1365  loss_iou: 0.3281  d0.loss_cls: 0.1501  d0.loss_bbox: 0.1440  d0.loss_iou: 0.3365  d1.loss_cls: 0.1274  d1.loss_bbox: 0.1392  d1.loss_iou: 0.3319  d2.loss_cls: 0.1183  d2.loss_bbox: 0.1371  d2.loss_iou: 0.3294  d3.loss_cls: 0.1149  d3.loss_bbox: 0.1359  d3.loss_iou: 0.3276  d4.loss_cls: 0.1118  d4.loss_bbox: 0.1364  d4.loss_iou: 0.3280  enc_loss_cls: 0.1669  enc_loss_bbox: 0.1546  enc_loss_iou: 0.3536  dn_loss_cls: 0.0173  dn_loss_bbox: 0.1525  dn_loss_iou: 0.3227  d0.dn_loss_cls: 0.0558  d0.dn_loss_bbox: 0.2325  d0.dn_loss_iou: 0.4258  d1.dn_loss_cls: 0.0281  d1.dn_loss_bbox: 0.1702  d1.dn_loss_iou: 0.3452  d2.dn_loss_cls: 0.0215  d2.dn_loss_bbox: 0.1571  d2.dn_loss_iou: 0.3284  d3.dn_loss_cls: 0.0191  d3.dn_loss_bbox: 0.1531  d3.dn_loss_iou: 0.3235  d4.dn_loss_cls: 0.0176  d4.dn_loss_bbox: 0.1526  d4.dn_loss_iou: 0.3227
2026/03/18 22:05:23 - mmengine - INFO - Epoch(train)  [7][100/245]  base_lr: 9.6092e-05 lr: 9.6092e-05  eta: 8:44:31  time: 1.7168  data_time: 0.0041  memory: 42423  grad_norm: 26.1812  loss: 7.4497  loss_cls: 0.1118  loss_bbox: 0.1402  loss_iou: 0.3201  d0.loss_cls: 0.1505  d0.loss_bbox: 0.1468  d0.loss_iou: 0.3282  d1.loss_cls: 0.1277  d1.loss_bbox: 0.1418  d1.loss_iou: 0.3229  d2.loss_cls: 0.1190  d2.loss_bbox: 0.1403  d2.loss_iou: 0.3204  d3.loss_cls: 0.1151  d3.loss_bbox: 0.1401  d3.loss_iou: 0.3199  d4.loss_cls: 0.1125  d4.loss_bbox: 0.1401  d4.loss_iou: 0.3199  enc_loss_cls: 0.1678  enc_loss_bbox: 0.1592  enc_loss_iou: 0.3457  dn_loss_cls: 0.0179  dn_loss_bbox: 0.1594  dn_loss_iou: 0.3165  d0.dn_loss_cls: 0.0584  d0.dn_loss_bbox: 0.2432  d0.dn_loss_iou: 0.4214  d1.dn_loss_cls: 0.0297  d1.dn_loss_bbox: 0.1763  d1.dn_loss_iou: 0.3374  d2.dn_loss_cls: 0.0227  d2.dn_loss_bbox: 0.1637  d2.dn_loss_iou: 0.3220  d3.dn_loss_cls: 0.0196  d3.dn_loss_bbox: 0.1601  d3.dn_loss_iou: 0.3175  d4.dn_loss_cls: 0.0182  d4.dn_loss_bbox: 0.1594  d4.dn_loss_iou: 0.3165
2026/03/18 22:06:49 - mmengine - INFO - Epoch(train)  [7][150/245]  base_lr: 9.6092e-05 lr: 9.6092e-05  eta: 8:42:55  time: 1.7294  data_time: 0.0043  memory: 42431  grad_norm: 26.2524  loss: 7.4945  loss_cls: 0.1116  loss_bbox: 0.1397  loss_iou: 0.3228  d0.loss_cls: 0.1474  d0.loss_bbox: 0.1491  d0.loss_iou: 0.3328  d1.loss_cls: 0.1253  d1.loss_bbox: 0.1437  d1.loss_iou: 0.3270  d2.loss_cls: 0.1184  d2.loss_bbox: 0.1402  d2.loss_iou: 0.3235  d3.loss_cls: 0.1147  d3.loss_bbox: 0.1400  d3.loss_iou: 0.3227  d4.loss_cls: 0.1125  d4.loss_bbox: 0.1400  d4.loss_iou: 0.3227  enc_loss_cls: 0.1658  enc_loss_bbox: 0.1594  enc_loss_iou: 0.3504  dn_loss_cls: 0.0192  dn_loss_bbox: 0.1590  dn_loss_iou: 0.3181  d0.dn_loss_cls: 0.0577  d0.dn_loss_bbox: 0.2457  d0.dn_loss_iou: 0.4285  d1.dn_loss_cls: 0.0305  d1.dn_loss_bbox: 0.1773  d1.dn_loss_iou: 0.3422  d2.dn_loss_cls: 0.0236  d2.dn_loss_bbox: 0.1633  d2.dn_loss_iou: 0.3237  d3.dn_loss_cls: 0.0206  d3.dn_loss_bbox: 0.1598  d3.dn_loss_iou: 0.3192  d4.dn_loss_cls: 0.0193  d4.dn_loss_bbox: 0.1591  d4.dn_loss_iou: 0.3180
2026/03/18 22:08:15 - mmengine - INFO - Epoch(train)  [7][200/245]  base_lr: 9.6092e-05 lr: 9.6092e-05  eta: 8:41:13  time: 1.7184  data_time: 0.0041  memory: 42431  grad_norm: 28.0855  loss: 7.5108  loss_cls: 0.1234  loss_bbox: 0.1392  loss_iou: 0.3243  d0.loss_cls: 0.1577  d0.loss_bbox: 0.1476  d0.loss_iou: 0.3340  d1.loss_cls: 0.1369  d1.loss_bbox: 0.1429  d1.loss_iou: 0.3291  d2.loss_cls: 0.1293  d2.loss_bbox: 0.1400  d2.loss_iou: 0.3253  d3.loss_cls: 0.1266  d3.loss_bbox: 0.1396  d3.loss_iou: 0.3242  d4.loss_cls: 0.1239  d4.loss_bbox: 0.1395  d4.loss_iou: 0.3244  enc_loss_cls: 0.1759  enc_loss_bbox: 0.1591  enc_loss_iou: 0.3520  dn_loss_cls: 0.0198  dn_loss_bbox: 0.1515  dn_loss_iou: 0.3148  d0.dn_loss_cls: 0.0585  d0.dn_loss_bbox: 0.2352  d0.dn_loss_iou: 0.4233  d1.dn_loss_cls: 0.0301  d1.dn_loss_bbox: 0.1697  d1.dn_loss_iou: 0.3383  d2.dn_loss_cls: 0.0235  d2.dn_loss_bbox: 0.1555  d2.dn_loss_iou: 0.3204  d3.dn_loss_cls: 0.0212  d3.dn_loss_bbox: 0.1520  d3.dn_loss_iou: 0.3156  d4.dn_loss_cls: 0.0199  d4.dn_loss_bbox: 0.1515  d4.dn_loss_iou: 0.3148
2026/03/18 22:09:31 - mmengine - INFO - Exp name: dino_4scale_r50_ruod_120e_pretrained_20260318_211448
2026/03/18 22:10:59 - mmengine - INFO - Epoch(train)  [8][ 50/245]  base_lr: 9.4789e-05 lr: 9.4789e-05  eta: 8:38:12  time: 1.7566  data_time: 0.0149  memory: 42431  grad_norm: 25.9296  loss: 7.1355  loss_cls: 0.1014  loss_bbox: 0.1310  loss_iou: 0.3116  d0.loss_cls: 0.1430  d0.loss_bbox: 0.1372  d0.loss_iou: 0.3196  d1.loss_cls: 0.1176  d1.loss_bbox: 0.1329  d1.loss_iou: 0.3151  d2.loss_cls: 0.1095  d2.loss_bbox: 0.1311  d2.loss_iou: 0.3123  d3.loss_cls: 0.1051  d3.loss_bbox: 0.1313  d3.loss_iou: 0.3116  d4.loss_cls: 0.1020  d4.loss_bbox: 0.1309  d4.loss_iou: 0.3114  enc_loss_cls: 0.1594  enc_loss_bbox: 0.1495  enc_loss_iou: 0.3376  dn_loss_cls: 0.0171  dn_loss_bbox: 0.1475  dn_loss_iou: 0.3085  d0.dn_loss_cls: 0.0554  d0.dn_loss_bbox: 0.2310  d0.dn_loss_iou: 0.4135  d1.dn_loss_cls: 0.0280  d1.dn_loss_bbox: 0.1658  d1.dn_loss_iou: 0.3305  d2.dn_loss_cls: 0.0214  d2.dn_loss_bbox: 0.1519  d2.dn_loss_iou: 0.3137  d3.dn_loss_cls: 0.0188  d3.dn_loss_bbox: 0.1481  d3.dn_loss_iou: 0.3095  d4.dn_loss_cls: 0.0174  d4.dn_loss_bbox: 0.1475  d4.dn_loss_iou: 0.3085
2026/03/18 22:12:24 - mmengine - INFO - Epoch(train)  [8][100/245]  base_lr: 9.4789e-05 lr: 9.4789e-05  eta: 8:36:24  time: 1.7003  data_time: 0.0046  memory: 42423  grad_norm: 27.2144  loss: 7.0765  loss_cls: 0.1020  loss_bbox: 0.1333  loss_iou: 0.3115  d0.loss_cls: 0.1365  d0.loss_bbox: 0.1417  d0.loss_iou: 0.3194  d1.loss_cls: 0.1151  d1.loss_bbox: 0.1370  d1.loss_iou: 0.3158  d2.loss_cls: 0.1088  d2.loss_bbox: 0.1340  d2.loss_iou: 0.3123  d3.loss_cls: 0.1051  d3.loss_bbox: 0.1335  d3.loss_iou: 0.3118  d4.loss_cls: 0.1029  d4.loss_bbox: 0.1330  d4.loss_iou: 0.3113  enc_loss_cls: 0.1545  enc_loss_bbox: 0.1534  enc_loss_iou: 0.3385  dn_loss_cls: 0.0161  dn_loss_bbox: 0.1448  dn_loss_iou: 0.3012  d0.dn_loss_cls: 0.0535  d0.dn_loss_bbox: 0.2279  d0.dn_loss_iou: 0.4077  d1.dn_loss_cls: 0.0267  d1.dn_loss_bbox: 0.1616  d1.dn_loss_iou: 0.3226  d2.dn_loss_cls: 0.0203  d2.dn_loss_bbox: 0.1489  d2.dn_loss_iou: 0.3063  d3.dn_loss_cls: 0.0178  d3.dn_loss_bbox: 0.1454  d3.dn_loss_iou: 0.3021  d4.dn_loss_cls: 0.0163  d4.dn_loss_bbox: 0.1449  d4.dn_loss_iou: 0.3012
2026/03/18 22:13:49 - mmengine - INFO - Epoch(train)  [8][150/245]  base_lr: 9.4789e-05 lr: 9.4789e-05  eta: 8:34:32  time: 1.6902  data_time: 0.0042  memory: 42431  grad_norm: 27.8114  loss: 7.3182  loss_cls: 0.1002  loss_bbox: 0.1385  loss_iou: 0.3236  d0.loss_cls: 0.1358  d0.loss_bbox: 0.1466  d0.loss_iou: 0.3323  d1.loss_cls: 0.1144  d1.loss_bbox: 0.1422  d1.loss_iou: 0.3280  d2.loss_cls: 0.1074  d2.loss_bbox: 0.1391  d2.loss_iou: 0.3244  d3.loss_cls: 0.1034  d3.loss_bbox: 0.1385  d3.loss_iou: 0.3235  d4.loss_cls: 0.1005  d4.loss_bbox: 0.1389  d4.loss_iou: 0.3237  enc_loss_cls: 0.1547  enc_loss_bbox: 0.1585  enc_loss_iou: 0.3489  dn_loss_cls: 0.0179  dn_loss_bbox: 0.1507  dn_loss_iou: 0.3166  d0.dn_loss_cls: 0.0560  d0.dn_loss_bbox: 0.2309  d0.dn_loss_iou: 0.4196  d1.dn_loss_cls: 0.0284  d1.dn_loss_bbox: 0.1668  d1.dn_loss_iou: 0.3375  d2.dn_loss_cls: 0.0218  d2.dn_loss_bbox: 0.1543  d2.dn_loss_iou: 0.3214  d3.dn_loss_cls: 0.0192  d3.dn_loss_bbox: 0.1512  d3.dn_loss_iou: 0.3172  d4.dn_loss_cls: 0.0181  d4.dn_loss_bbox: 0.1507  d4.dn_loss_iou: 0.3166
2026/03/18 22:15:14 - mmengine - INFO - Epoch(train)  [8][200/245]  base_lr: 9.4789e-05 lr: 9.4789e-05  eta: 8:32:47  time: 1.7014  data_time: 0.0043  memory: 42205  grad_norm: 27.3958  loss: 7.0870  loss_cls: 0.1073  loss_bbox: 0.1312  loss_iou: 0.3105  d0.loss_cls: 0.1404  d0.loss_bbox: 0.1387  d0.loss_iou: 0.3199  d1.loss_cls: 0.1203  d1.loss_bbox: 0.1348  d1.loss_iou: 0.3148  d2.loss_cls: 0.1142  d2.loss_bbox: 0.1310  d2.loss_iou: 0.3107  d3.loss_cls: 0.1101  d3.loss_bbox: 0.1314  d3.loss_iou: 0.3108  d4.loss_cls: 0.1078  d4.loss_bbox: 0.1317  d4.loss_iou: 0.3111  enc_loss_cls: 0.1579  enc_loss_bbox: 0.1506  enc_loss_iou: 0.3362  dn_loss_cls: 0.0161  dn_loss_bbox: 0.1440  dn_loss_iou: 0.3029  d0.dn_loss_cls: 0.0529  d0.dn_loss_bbox: 0.2252  d0.dn_loss_iou: 0.4084  d1.dn_loss_cls: 0.0259  d1.dn_loss_bbox: 0.1605  d1.dn_loss_iou: 0.3245  d2.dn_loss_cls: 0.0199  d2.dn_loss_bbox: 0.1479  d2.dn_loss_iou: 0.3084  d3.dn_loss_cls: 0.0174  d3.dn_loss_bbox: 0.1446  d3.dn_loss_iou: 0.3038  d4.dn_loss_cls: 0.0163  d4.dn_loss_bbox: 0.1440  d4.dn_loss_iou: 0.3029
2026/03/18 22:16:30 - mmengine - INFO - Exp name: dino_4scale_r50_ruod_120e_pretrained_20260318_211448
2026/03/18 22:17:09 - mmengine - INFO - Epoch(val)  [8][ 50/245]    eta: 0:02:29  time: 0.7683  data_time: 0.5797  memory: 46370  
2026/03/18 22:18:02 - mmengine - INFO - Epoch(val)  [8][100/245]    eta: 0:02:12  time: 1.0643  data_time: 0.8713  memory: 1538  
2026/03/18 22:18:16 - mmengine - INFO - Epoch(val)  [8][150/245]    eta: 0:01:07  time: 0.2879  data_time: 0.0957  memory: 1538  
2026/03/18 22:18:26 - mmengine - INFO - Epoch(val)  [8][200/245]    eta: 0:00:26  time: 0.2003  data_time: 0.0086  memory: 1538  
2026/03/18 22:18:42 - mmengine - INFO - Evaluating bbox...
2026/03/18 22:19:05 - mmengine - INFO - bbox_mAP_copypaste: 0.555 0.803 0.590 0.133 0.398 0.620
2026/03/18 22:19:05 - mmengine - INFO - Epoch(val) [8][245/245]    coco/bbox_mAP: 0.5550  coco/bbox_mAP_50: 0.8030  coco/bbox_mAP_75: 0.5900  coco/bbox_mAP_s: 0.1330  coco/bbox_mAP_m: 0.3980  coco/bbox_mAP_l: 0.6200  data_time: 0.3177  time: 0.5094
2026/03/18 22:19:06 - mmengine - INFO - The previous best checkpoint /workspace/aquaculture-perception/runs/mmdet/dino_4scale_r50_ruod_120e_pretrained/best_coco_bbox_mAP_epoch_6.pth is removed
2026/03/18 22:19:09 - mmengine - INFO - The best checkpoint with 0.5550 coco/bbox_mAP at 8 epoch is saved to best_coco_bbox_mAP_epoch_8.pth.
2026/03/18 22:20:27 - mmengine - INFO - Exp name: dino_4scale_r50_ruod_120e_pretrained_20260318_211448
2026/03/18 22:20:44 - mmengine - INFO - Epoch(train)  [9][ 50/245]  base_lr: 9.3487e-05 lr: 9.3487e-05  eta: 8:30:53  time: 1.8960  data_time: 0.1888  memory: 42312  grad_norm: 26.1709  loss: 6.8586  loss_cls: 0.0937  loss_bbox: 0.1250  loss_iou: 0.3075  d0.loss_cls: 0.1282  d0.loss_bbox: 0.1327  d0.loss_iou: 0.3167  d1.loss_cls: 0.1093  d1.loss_bbox: 0.1276  d1.loss_iou: 0.3105  d2.loss_cls: 0.1006  d2.loss_bbox: 0.1257  d2.loss_iou: 0.3086  d3.loss_cls: 0.0971  d3.loss_bbox: 0.1251  d3.loss_iou: 0.3078  d4.loss_cls: 0.0945  d4.loss_bbox: 0.1252  d4.loss_iou: 0.3076  enc_loss_cls: 0.1454  enc_loss_bbox: 0.1454  enc_loss_iou: 0.3363  dn_loss_cls: 0.0152  dn_loss_bbox: 0.1377  dn_loss_iou: 0.2995  d0.dn_loss_cls: 0.0498  d0.dn_loss_bbox: 0.2148  d0.dn_loss_iou: 0.4002  d1.dn_loss_cls: 0.0248  d1.dn_loss_bbox: 0.1535  d1.dn_loss_iou: 0.3196  d2.dn_loss_cls: 0.0191  d2.dn_loss_bbox: 0.1414  d2.dn_loss_iou: 0.3042  d3.dn_loss_cls: 0.0169  d3.dn_loss_bbox: 0.1383  d3.dn_loss_iou: 0.3003  d4.dn_loss_cls: 0.0155  d4.dn_loss_bbox: 0.1377  d4.dn_loss_iou: 0.2996
2026/03/18 22:22:09 - mmengine - INFO - Epoch(train)  [9][100/245]  base_lr: 9.3487e-05 lr: 9.3487e-05  eta: 8:29:10  time: 1.7062  data_time: 0.0040  memory: 42431  grad_norm: 27.5924  loss: 6.7843  loss_cls: 0.0923  loss_bbox: 0.1271  loss_iou: 0.2997  d0.loss_cls: 0.1278  d0.loss_bbox: 0.1351  d0.loss_iou: 0.3090  d1.loss_cls: 0.1070  d1.loss_bbox: 0.1307  d1.loss_iou: 0.3037  d2.loss_cls: 0.0999  d2.loss_bbox: 0.1279  d2.loss_iou: 0.3007  d3.loss_cls: 0.0966  d3.loss_bbox: 0.1272  d3.loss_iou: 0.2996  d4.loss_cls: 0.0935  d4.loss_bbox: 0.1271  d4.loss_iou: 0.2995  enc_loss_cls: 0.1440  enc_loss_bbox: 0.1470  enc_loss_iou: 0.3276  dn_loss_cls: 0.0150  dn_loss_bbox: 0.1388  dn_loss_iou: 0.2927  d0.dn_loss_cls: 0.0509  d0.dn_loss_bbox: 0.2188  d0.dn_loss_iou: 0.3966  d1.dn_loss_cls: 0.0251  d1.dn_loss_bbox: 0.1550  d1.dn_loss_iou: 0.3129  d2.dn_loss_cls: 0.0189  d2.dn_loss_bbox: 0.1426  d2.dn_loss_iou: 0.2979  d3.dn_loss_cls: 0.0165  d3.dn_loss_bbox: 0.1392  d3.dn_loss_iou: 0.2935  d4.dn_loss_cls: 0.0152  d4.dn_loss_bbox: 0.1388  d4.dn_loss_iou: 0.2928
2026/03/18 22:23:35 - mmengine - INFO - Epoch(train)  [9][150/245]  base_lr: 9.3487e-05 lr: 9.3487e-05  eta: 8:27:29  time: 1.7085  data_time: 0.0043  memory: 42372  grad_norm: 27.0302  loss: 6.8613  loss_cls: 0.0934  loss_bbox: 0.1258  loss_iou: 0.3010  d0.loss_cls: 0.1268  d0.loss_bbox: 0.1345  d0.loss_iou: 0.3102  d1.loss_cls: 0.1057  d1.loss_bbox: 0.1298  d1.loss_iou: 0.3057  d2.loss_cls: 0.0993  d2.loss_bbox: 0.1266  d2.loss_iou: 0.3019  d3.loss_cls: 0.0957  d3.loss_bbox: 0.1260  d3.loss_iou: 0.3017  d4.loss_cls: 0.0934  d4.loss_bbox: 0.1259  d4.loss_iou: 0.3013  enc_loss_cls: 0.1430  enc_loss_bbox: 0.1488  enc_loss_iou: 0.3293  dn_loss_cls: 0.0172  dn_loss_bbox: 0.1446  dn_loss_iou: 0.2989  d0.dn_loss_cls: 0.0508  d0.dn_loss_bbox: 0.2237  d0.dn_loss_iou: 0.3998  d1.dn_loss_cls: 0.0257  d1.dn_loss_bbox: 0.1599  d1.dn_loss_iou: 0.3184  d2.dn_loss_cls: 0.0202  d2.dn_loss_bbox: 0.1489  d2.dn_loss_iou: 0.3036  d3.dn_loss_cls: 0.0182  d3.dn_loss_bbox: 0.1452  d3.dn_loss_iou: 0.2997  d4.dn_loss_cls: 0.0173  d4.dn_loss_bbox: 0.1447  d4.dn_loss_iou: 0.2988
2026/03/18 22:25:01 - mmengine - INFO - Epoch(train)  [9][200/245]  base_lr: 9.3487e-05 lr: 9.3487e-05  eta: 8:25:56  time: 1.7256  data_time: 0.0041  memory: 42431  grad_norm: 27.1699  loss: 6.9012  loss_cls: 0.0896  loss_bbox: 0.1309  loss_iou: 0.3115  d0.loss_cls: 0.1198  d0.loss_bbox: 0.1393  d0.loss_iou: 0.3210  d1.loss_cls: 0.1004  d1.loss_bbox: 0.1340  d1.loss_iou: 0.3153  d2.loss_cls: 0.0948  d2.loss_bbox: 0.1319  d2.loss_iou: 0.3124  d3.loss_cls: 0.0923  d3.loss_bbox: 0.1305  d3.loss_iou: 0.3112  d4.loss_cls: 0.0898  d4.loss_bbox: 0.1310  d4.loss_iou: 0.3115  enc_loss_cls: 0.1398  enc_loss_bbox: 0.1533  enc_loss_iou: 0.3394  dn_loss_cls: 0.0151  dn_loss_bbox: 0.1396  dn_loss_iou: 0.2995  d0.dn_loss_cls: 0.0495  d0.dn_loss_bbox: 0.2201  d0.dn_loss_iou: 0.3998  d1.dn_loss_cls: 0.0241  d1.dn_loss_bbox: 0.1557  d1.dn_loss_iou: 0.3201  d2.dn_loss_cls: 0.0188  d2.dn_loss_bbox: 0.1434  d2.dn_loss_iou: 0.3042  d3.dn_loss_cls: 0.0165  d3.dn_loss_bbox: 0.1402  d3.dn_loss_iou: 0.3004  d4.dn_loss_cls: 0.0153  d4.dn_loss_bbox: 0.1397  d4.dn_loss_iou: 0.2996
2026/03/18 22:26:17 - mmengine - INFO - Exp name: dino_4scale_r50_ruod_120e_pretrained_20260318_211448
2026/03/18 22:27:43 - mmengine - INFO - Epoch(train) [10][ 50/245]  base_lr: 9.2184e-05 lr: 9.2184e-05  eta: 8:22:43  time: 1.7097  data_time: 0.0165  memory: 43851  grad_norm: 25.6324  loss: 6.5859  loss_cls: 0.0851  loss_bbox: 0.1236  loss_iou: 0.2951  d0.loss_cls: 0.1178  d0.loss_bbox: 0.1297  d0.loss_iou: 0.3043  d1.loss_cls: 0.0987  d1.loss_bbox: 0.1256  d1.loss_iou: 0.2979  d2.loss_cls: 0.0918  d2.loss_bbox: 0.1233  d2.loss_iou: 0.2951  d3.loss_cls: 0.0881  d3.loss_bbox: 0.1232  d3.loss_iou: 0.2950  d4.loss_cls: 0.0856  d4.loss_bbox: 0.1236  d4.loss_iou: 0.2950  enc_loss_cls: 0.1360  enc_loss_bbox: 0.1418  enc_loss_iou: 0.3219  dn_loss_cls: 0.0141  dn_loss_bbox: 0.1347  dn_loss_iou: 0.2883  d0.dn_loss_cls: 0.0477  d0.dn_loss_bbox: 0.2092  d0.dn_loss_iou: 0.3850  d1.dn_loss_cls: 0.0231  d1.dn_loss_bbox: 0.1507  d1.dn_loss_iou: 0.3079  d2.dn_loss_cls: 0.0176  d2.dn_loss_bbox: 0.1388  d2.dn_loss_iou: 0.2932  d3.dn_loss_cls: 0.0155  d3.dn_loss_bbox: 0.1353  d3.dn_loss_iou: 0.2893  d4.dn_loss_cls: 0.0144  d4.dn_loss_bbox: 0.1347  d4.dn_loss_iou: 0.2884
2026/03/18 22:29:08 - mmengine - INFO - Epoch(train) [10][100/245]  base_lr: 9.2184e-05 lr: 9.2184e-05  eta: 8:21:06  time: 1.7131  data_time: 0.0043  memory: 42431  grad_norm: 26.8304  loss: 6.5337  loss_cls: 0.0848  loss_bbox: 0.1225  loss_iou: 0.2911  d0.loss_cls: 0.1158  d0.loss_bbox: 0.1310  d0.loss_iou: 0.3018  d1.loss_cls: 0.0986  d1.loss_bbox: 0.1252  d1.loss_iou: 0.2945  d2.loss_cls: 0.0918  d2.loss_bbox: 0.1230  d2.loss_iou: 0.2911  d3.loss_cls: 0.0871  d3.loss_bbox: 0.1233  d3.loss_iou: 0.2914  d4.loss_cls: 0.0854  d4.loss_bbox: 0.1226  d4.loss_iou: 0.2910  enc_loss_cls: 0.1332  enc_loss_bbox: 0.1427  enc_loss_iou: 0.3196  dn_loss_cls: 0.0143  dn_loss_bbox: 0.1327  dn_loss_iou: 0.2856  d0.dn_loss_cls: 0.0479  d0.dn_loss_bbox: 0.2098  d0.dn_loss_iou: 0.3850  d1.dn_loss_cls: 0.0233  d1.dn_loss_bbox: 0.1475  d1.dn_loss_iou: 0.3054  d2.dn_loss_cls: 0.0180  d2.dn_loss_bbox: 0.1371  d2.dn_loss_iou: 0.2909  d3.dn_loss_cls: 0.0158  d3.dn_loss_bbox: 0.1334  d3.dn_loss_iou: 0.2865  d4.dn_loss_cls: 0.0145  d4.dn_loss_bbox: 0.1328  d4.dn_loss_iou: 0.2857
2026/03/18 22:30:33 - mmengine - INFO - Epoch(train) [10][150/245]  base_lr: 9.2184e-05 lr: 9.2184e-05  eta: 8:19:21  time: 1.6885  data_time: 0.0044  memory: 45776  grad_norm: 27.5084  loss: 6.5059  loss_cls: 0.0848  loss_bbox: 0.1177  loss_iou: 0.2930  d0.loss_cls: 0.1161  d0.loss_bbox: 0.1254  d0.loss_iou: 0.3032  d1.loss_cls: 0.0967  d1.loss_bbox: 0.1214  d1.loss_iou: 0.2977  d2.loss_cls: 0.0900  d2.loss_bbox: 0.1189  d2.loss_iou: 0.2945  d3.loss_cls: 0.0874  d3.loss_bbox: 0.1180  d3.loss_iou: 0.2930  d4.loss_cls: 0.0847  d4.loss_bbox: 0.1178  d4.loss_iou: 0.2931  enc_loss_cls: 0.1324  enc_loss_bbox: 0.1381  enc_loss_iou: 0.3208  dn_loss_cls: 0.0147  dn_loss_bbox: 0.1292  dn_loss_iou: 0.2876  d0.dn_loss_cls: 0.0478  d0.dn_loss_bbox: 0.2074  d0.dn_loss_iou: 0.3879  d1.dn_loss_cls: 0.0234  d1.dn_loss_bbox: 0.1451  d1.dn_loss_iou: 0.3070  d2.dn_loss_cls: 0.0181  d2.dn_loss_bbox: 0.1334  d2.dn_loss_iou: 0.2929  d3.dn_loss_cls: 0.0161  d3.dn_loss_bbox: 0.1299  d3.dn_loss_iou: 0.2888  d4.dn_loss_cls: 0.0148  d4.dn_loss_bbox: 0.1292  d4.dn_loss_iou: 0.2877
2026/03/18 22:31:57 - mmengine - INFO - Epoch(train) [10][200/245]  base_lr: 9.2184e-05 lr: 9.2184e-05  eta: 8:17:39  time: 1.6945  data_time: 0.0036  memory: 42431  grad_norm: 27.9494  loss: 6.4995  loss_cls: 0.0818  loss_bbox: 0.1208  loss_iou: 0.2922  d0.loss_cls: 0.1147  d0.loss_bbox: 0.1278  d0.loss_iou: 0.3008  d1.loss_cls: 0.0946  d1.loss_bbox: 0.1226  d1.loss_iou: 0.2951  d2.loss_cls: 0.0875  d2.loss_bbox: 0.1210  d2.loss_iou: 0.2930  d3.loss_cls: 0.0842  d3.loss_bbox: 0.1210  d3.loss_iou: 0.2923  d4.loss_cls: 0.0816  d4.loss_bbox: 0.1210  d4.loss_iou: 0.2925  enc_loss_cls: 0.1305  enc_loss_bbox: 0.1406  enc_loss_iou: 0.3215  dn_loss_cls: 0.0137  dn_loss_bbox: 0.1324  dn_loss_iou: 0.2843  d0.dn_loss_cls: 0.0474  d0.dn_loss_bbox: 0.2137  d0.dn_loss_iou: 0.3853  d1.dn_loss_cls: 0.0232  d1.dn_loss_bbox: 0.1492  d1.dn_loss_iou: 0.3055  d2.dn_loss_cls: 0.0175  d2.dn_loss_bbox: 0.1365  d2.dn_loss_iou: 0.2895  d3.dn_loss_cls: 0.0153  d3.dn_loss_bbox: 0.1331  d3.dn_loss_iou: 0.2852  d4.dn_loss_cls: 0.0140  d4.dn_loss_bbox: 0.1324  d4.dn_loss_iou: 0.2843
2026/03/18 22:33:14 - mmengine - INFO - Exp name: dino_4scale_r50_ruod_120e_pretrained_20260318_211448
2026/03/18 22:34:04 - mmengine - INFO - Epoch(val) [10][ 50/245]    eta: 0:03:17  time: 1.0148  data_time: 0.8266  memory: 42431  
2026/03/18 22:35:08 - mmengine - INFO - Epoch(val) [10][100/245]    eta: 0:02:45  time: 1.2682  data_time: 1.0766  memory: 1538  
2026/03/18 22:35:23 - mmengine - INFO - Epoch(val) [10][150/245]    eta: 0:01:21  time: 0.3058  data_time: 0.1117  memory: 1538  
2026/03/18 22:35:33 - mmengine - INFO - Epoch(val) [10][200/245]    eta: 0:00:31  time: 0.2024  data_time: 0.0095  memory: 1538  
2026/03/18 22:35:49 - mmengine - INFO - Evaluating bbox...
2026/03/18 22:36:13 - mmengine - INFO - bbox_mAP_copypaste: 0.566 0.812 0.609 0.129 0.410 0.634
2026/03/18 22:36:14 - mmengine - INFO - Epoch(val) [10][245/245]    coco/bbox_mAP: 0.5660  coco/bbox_mAP_50: 0.8120  coco/bbox_mAP_75: 0.6090  coco/bbox_mAP_s: 0.1290  coco/bbox_mAP_m: 0.4100  coco/bbox_mAP_l: 0.6340  data_time: 0.4157  time: 0.6074
2026/03/18 22:36:14 - mmengine - INFO - The previous best checkpoint /workspace/aquaculture-perception/runs/mmdet/dino_4scale_r50_ruod_120e_pretrained/best_coco_bbox_mAP_epoch_8.pth is removed
2026/03/18 22:36:15 - mmengine - INFO - The best checkpoint with 0.5660 coco/bbox_mAP at 10 epoch is saved to best_coco_bbox_mAP_epoch_10.pth.
2026/03/18 22:37:41 - mmengine - INFO - Epoch(train) [11][ 50/245]  base_lr: 9.0882e-05 lr: 9.0882e-05  eta: 8:14:35  time: 1.7243  data_time: 0.0196  memory: 42372  grad_norm: 28.5655  loss: 6.3650  loss_cls: 0.0752  loss_bbox: 0.1176  loss_iou: 0.2869  d0.loss_cls: 0.1089  d0.loss_bbox: 0.1247  d0.loss_iou: 0.2962  d1.loss_cls: 0.0887  d1.loss_bbox: 0.1201  d1.loss_iou: 0.2905  d2.loss_cls: 0.0819  d2.loss_bbox: 0.1184  d2.loss_iou: 0.2880  d3.loss_cls: 0.0783  d3.loss_bbox: 0.1179  d3.loss_iou: 0.2872  d4.loss_cls: 0.0758  d4.loss_bbox: 0.1176  d4.loss_iou: 0.2869  enc_loss_cls: 0.1241  enc_loss_bbox: 0.1371  enc_loss_iou: 0.3148  dn_loss_cls: 0.0140  dn_loss_bbox: 0.1296  dn_loss_iou: 0.2830  d0.dn_loss_cls: 0.0460  d0.dn_loss_bbox: 0.2071  d0.dn_loss_iou: 0.3830  d1.dn_loss_cls: 0.0232  d1.dn_loss_bbox: 0.1448  d1.dn_loss_iou: 0.3022  d2.dn_loss_cls: 0.0175  d2.dn_loss_bbox: 0.1333  d2.dn_loss_iou: 0.2882  d3.dn_loss_cls: 0.0153  d3.dn_loss_bbox: 0.1301  d3.dn_loss_iou: 0.2840  d4.dn_loss_cls: 0.0142  d4.dn_loss_bbox: 0.1296  d4.dn_loss_iou: 0.2830
2026/03/18 22:39:06 - mmengine - INFO - Epoch(train) [11][100/245]  base_lr: 9.0882e-05 lr: 9.0882e-05  eta: 8:13:00  time: 1.7083  data_time: 0.0050  memory: 42312  grad_norm: 28.2218  loss: 6.2300  loss_cls: 0.0789  loss_bbox: 0.1121  loss_iou: 0.2850  d0.loss_cls: 0.1111  d0.loss_bbox: 0.1198  d0.loss_iou: 0.2941  d1.loss_cls: 0.0926  d1.loss_bbox: 0.1145  d1.loss_iou: 0.2876  d2.loss_cls: 0.0848  d2.loss_bbox: 0.1129  d2.loss_iou: 0.2856  d3.loss_cls: 0.0813  d3.loss_bbox: 0.1124  d3.loss_iou: 0.2850  d4.loss_cls: 0.0792  d4.loss_bbox: 0.1122  d4.loss_iou: 0.2850  enc_loss_cls: 0.1259  enc_loss_bbox: 0.1329  enc_loss_iou: 0.3128  dn_loss_cls: 0.0129  dn_loss_bbox: 0.1224  dn_loss_iou: 0.2762  d0.dn_loss_cls: 0.0452  d0.dn_loss_bbox: 0.1952  d0.dn_loss_iou: 0.3737  d1.dn_loss_cls: 0.0216  d1.dn_loss_bbox: 0.1357  d1.dn_loss_iou: 0.2935  d2.dn_loss_cls: 0.0163  d2.dn_loss_bbox: 0.1258  d2.dn_loss_iou: 0.2803  d3.dn_loss_cls: 0.0142  d3.dn_loss_bbox: 0.1229  d3.dn_loss_iou: 0.2769  d4.dn_loss_cls: 0.0130  d4.dn_loss_bbox: 0.1224  d4.dn_loss_iou: 0.2763
2026/03/18 22:40:32 - mmengine - INFO - Epoch(train) [11][150/245]  base_lr: 9.0882e-05 lr: 9.0882e-05  eta: 8:11:26  time: 1.7128  data_time: 0.0040  memory: 42205  grad_norm: 27.1448  loss: 6.2280  loss_cls: 0.0740  loss_bbox: 0.1176  loss_iou: 0.2799  d0.loss_cls: 0.1058  d0.loss_bbox: 0.1249  d0.loss_iou: 0.2905  d1.loss_cls: 0.0864  d1.loss_bbox: 0.1202  d1.loss_iou: 0.2840  d2.loss_cls: 0.0800  d2.loss_bbox: 0.1183  d2.loss_iou: 0.2811  d3.loss_cls: 0.0766  d3.loss_bbox: 0.1177  d3.loss_iou: 0.2807  d4.loss_cls: 0.0748  d4.loss_bbox: 0.1177  d4.loss_iou: 0.2801  enc_loss_cls: 0.1226  enc_loss_bbox: 0.1384  enc_loss_iou: 0.3102  dn_loss_cls: 0.0118  dn_loss_bbox: 0.1280  dn_loss_iou: 0.2736  d0.dn_loss_cls: 0.0430  d0.dn_loss_bbox: 0.2052  d0.dn_loss_iou: 0.3725  d1.dn_loss_cls: 0.0198  d1.dn_loss_bbox: 0.1437  d1.dn_loss_iou: 0.2940  d2.dn_loss_cls: 0.0147  d2.dn_loss_bbox: 0.1319  d2.dn_loss_iou: 0.2787  d3.dn_loss_cls: 0.0128  d3.dn_loss_bbox: 0.1287  d3.dn_loss_iou: 0.2745  d4.dn_loss_cls: 0.0119  d4.dn_loss_bbox: 0.1280  d4.dn_loss_iou: 0.2736
2026/03/18 22:41:58 - mmengine - INFO - Epoch(train) [11][200/245]  base_lr: 9.0882e-05 lr: 9.0882e-05  eta: 8:09:52  time: 1.7121  data_time: 0.0045  memory: 42319  grad_norm: 27.8365  loss: 6.3368  loss_cls: 0.0773  loss_bbox: 0.1187  loss_iou: 0.2860  d0.loss_cls: 0.1099  d0.loss_bbox: 0.1262  d0.loss_iou: 0.2958  d1.loss_cls: 0.0899  d1.loss_bbox: 0.1216  d1.loss_iou: 0.2894  d2.loss_cls: 0.0829  d2.loss_bbox: 0.1196  d2.loss_iou: 0.2872  d3.loss_cls: 0.0797  d3.loss_bbox: 0.1191  d3.loss_iou: 0.2863  d4.loss_cls: 0.0777  d4.loss_bbox: 0.1189  d4.loss_iou: 0.2860  enc_loss_cls: 0.1233  enc_loss_bbox: 0.1414  enc_loss_iou: 0.3162  dn_loss_cls: 0.0151  dn_loss_bbox: 0.1272  dn_loss_iou: 0.2775  d0.dn_loss_cls: 0.0458  d0.dn_loss_bbox: 0.2051  d0.dn_loss_iou: 0.3786  d1.dn_loss_cls: 0.0230  d1.dn_loss_bbox: 0.1420  d1.dn_loss_iou: 0.2968  d2.dn_loss_cls: 0.0180  d2.dn_loss_bbox: 0.1305  d2.dn_loss_iou: 0.2821  d3.dn_loss_cls: 0.0161  d3.dn_loss_bbox: 0.1278  d3.dn_loss_iou: 0.2783  d4.dn_loss_cls: 0.0153  d4.dn_loss_bbox: 0.1272  d4.dn_loss_iou: 0.2775
2026/03/18 22:43:16 - mmengine - INFO - Exp name: dino_4scale_r50_ruod_120e_pretrained_20260318_211448
2026/03/18 22:44:42 - mmengine - INFO - Epoch(train) [12][ 50/245]  base_lr: 8.9579e-05 lr: 8.9579e-05  eta: 8:07:05  time: 1.7175  data_time: 0.0151  memory: 42431  grad_norm: 27.2420  loss: 6.1113  loss_cls: 0.0698  loss_bbox: 0.1126  loss_iou: 0.2792  d0.loss_cls: 0.1013  d0.loss_bbox: 0.1201  d0.loss_iou: 0.2896  d1.loss_cls: 0.0823  d1.loss_bbox: 0.1150  d1.loss_iou: 0.2826  d2.loss_cls: 0.0764  d2.loss_bbox: 0.1130  d2.loss_iou: 0.2798  d3.loss_cls: 0.0729  d3.loss_bbox: 0.1125  d3.loss_iou: 0.2790  d4.loss_cls: 0.0702  d4.loss_bbox: 0.1124  d4.loss_iou: 0.2790  enc_loss_cls: 0.1178  enc_loss_bbox: 0.1324  enc_loss_iou: 0.3085  dn_loss_cls: 0.0136  dn_loss_bbox: 0.1204  dn_loss_iou: 0.2723  d0.dn_loss_cls: 0.0455  d0.dn_loss_bbox: 0.1983  d0.dn_loss_iou: 0.3711  d1.dn_loss_cls: 0.0224  d1.dn_loss_bbox: 0.1362  d1.dn_loss_iou: 0.2912  d2.dn_loss_cls: 0.0171  d2.dn_loss_bbox: 0.1240  d2.dn_loss_iou: 0.2767  d3.dn_loss_cls: 0.0150  d3.dn_loss_bbox: 0.1211  d3.dn_loss_iou: 0.2732  d4.dn_loss_cls: 0.0138  d4.dn_loss_bbox: 0.1205  d4.dn_loss_iou: 0.2723
2026/03/18 22:46:08 - mmengine - INFO - Epoch(train) [12][100/245]  base_lr: 8.9579e-05 lr: 8.9579e-05  eta: 8:05:33  time: 1.7170  data_time: 0.0052  memory: 42431  grad_norm: 29.6290  loss: 6.0241  loss_cls: 0.0671  loss_bbox: 0.1121  loss_iou: 0.2774  d0.loss_cls: 0.0987  d0.loss_bbox: 0.1185  d0.loss_iou: 0.2867  d1.loss_cls: 0.0801  d1.loss_bbox: 0.1145  d1.loss_iou: 0.2814  d2.loss_cls: 0.0726  d2.loss_bbox: 0.1126  d2.loss_iou: 0.2789  d3.loss_cls: 0.0700  d3.loss_bbox: 0.1119  d3.loss_iou: 0.2774  d4.loss_cls: 0.0676  d4.loss_bbox: 0.1121  d4.loss_iou: 0.2775  enc_loss_cls: 0.1167  enc_loss_bbox: 0.1322  enc_loss_iou: 0.3051  dn_loss_cls: 0.0114  dn_loss_bbox: 0.1193  dn_loss_iou: 0.2686  d0.dn_loss_cls: 0.0423  d0.dn_loss_bbox: 0.1929  d0.dn_loss_iou: 0.3661  d1.dn_loss_cls: 0.0193  d1.dn_loss_bbox: 0.1336  d1.dn_loss_iou: 0.2875  d2.dn_loss_cls: 0.0147  d2.dn_loss_bbox: 0.1228  d2.dn_loss_iou: 0.2732  d3.dn_loss_cls: 0.0128  d3.dn_loss_bbox: 0.1198  d3.dn_loss_iou: 0.2693  d4.dn_loss_cls: 0.0117  d4.dn_loss_bbox: 0.1194  d4.dn_loss_iou: 0.2686
2026/03/18 22:47:33 - mmengine - INFO - Epoch(train) [12][150/245]  base_lr: 8.9579e-05 lr: 8.9579e-05  eta: 8:03:57  time: 1.7005  data_time: 0.0045  memory: 42364  grad_norm: 28.9314  loss: 6.0654  loss_cls: 0.0749  loss_bbox: 0.1125  loss_iou: 0.2748  d0.loss_cls: 0.1047  d0.loss_bbox: 0.1208  d0.loss_iou: 0.2849  d1.loss_cls: 0.0868  d1.loss_bbox: 0.1155  d1.loss_iou: 0.2783  d2.loss_cls: 0.0801  d2.loss_bbox: 0.1136  d2.loss_iou: 0.2761  d3.loss_cls: 0.0769  d3.loss_bbox: 0.1129  d3.loss_iou: 0.2752  d4.loss_cls: 0.0752  d4.loss_bbox: 0.1126  d4.loss_iou: 0.2751  enc_loss_cls: 0.1202  enc_loss_bbox: 0.1352  enc_loss_iou: 0.3036  dn_loss_cls: 0.0122  dn_loss_bbox: 0.1219  dn_loss_iou: 0.2649  d0.dn_loss_cls: 0.0424  d0.dn_loss_bbox: 0.2008  d0.dn_loss_iou: 0.3616  d1.dn_loss_cls: 0.0204  d1.dn_loss_bbox: 0.1372  d1.dn_loss_iou: 0.2831  d2.dn_loss_cls: 0.0155  d2.dn_loss_bbox: 0.1255  d2.dn_loss_iou: 0.2692  d3.dn_loss_cls: 0.0134  d3.dn_loss_bbox: 0.1226  d3.dn_loss_iou: 0.2656  d4.dn_loss_cls: 0.0124  d4.dn_loss_bbox: 0.1220  d4.dn_loss_iou: 0.2649
2026/03/18 22:48:58 - mmengine - INFO - Epoch(train) [12][200/245]  base_lr: 8.9579e-05 lr: 8.9579e-05  eta: 8:02:19  time: 1.6934  data_time: 0.0048  memory: 42320  grad_norm: 27.6766  loss: 6.0803  loss_cls: 0.0706  loss_bbox: 0.1130  loss_iou: 0.2743  d0.loss_cls: 0.1032  d0.loss_bbox: 0.1202  d0.loss_iou: 0.2839  d1.loss_cls: 0.0831  d1.loss_bbox: 0.1158  d1.loss_iou: 0.2780  d2.loss_cls: 0.0766  d2.loss_bbox: 0.1137  d2.loss_iou: 0.2752  d3.loss_cls: 0.0735  d3.loss_bbox: 0.1130  d3.loss_iou: 0.2741  d4.loss_cls: 0.0713  d4.loss_bbox: 0.1128  d4.loss_iou: 0.2742  enc_loss_cls: 0.1167  enc_loss_bbox: 0.1345  enc_loss_iou: 0.3054  dn_loss_cls: 0.0139  dn_loss_bbox: 0.1226  dn_loss_iou: 0.2694  d0.dn_loss_cls: 0.0445  d0.dn_loss_bbox: 0.1977  d0.dn_loss_iou: 0.3686  d1.dn_loss_cls: 0.0224  d1.dn_loss_bbox: 0.1380  d1.dn_loss_iou: 0.2880  d2.dn_loss_cls: 0.0174  d2.dn_loss_bbox: 0.1264  d2.dn_loss_iou: 0.2738  d3.dn_loss_cls: 0.0152  d3.dn_loss_bbox: 0.1231  d3.dn_loss_iou: 0.2701  d4.dn_loss_cls: 0.0141  d4.dn_loss_bbox: 0.1226  d4.dn_loss_iou: 0.2693
2026/03/18 22:50:13 - mmengine - INFO - Exp name: dino_4scale_r50_ruod_120e_pretrained_20260318_211448
2026/03/18 22:50:27 - mmengine - INFO - Epoch(val) [12][ 50/245]    eta: 0:00:51  time: 0.2640  data_time: 0.0736  memory: 42212  
2026/03/18 22:50:40 - mmengine - INFO - Epoch(val) [12][100/245]    eta: 0:00:38  time: 0.2683  data_time: 0.0801  memory: 1538  
2026/03/18 22:50:50 - mmengine - INFO - Epoch(val) [12][150/245]    eta: 0:00:23  time: 0.2017  data_time: 0.0105  memory: 1538  
2026/03/18 22:51:00 - mmengine - INFO - Epoch(val) [12][200/245]    eta: 0:00:10  time: 0.2025  data_time: 0.0109  memory: 1538  
2026/03/18 22:51:15 - mmengine - INFO - Evaluating bbox...
2026/03/18 22:51:40 - mmengine - INFO - bbox_mAP_copypaste: 0.565 0.816 0.609 0.140 0.411 0.629
2026/03/18 22:51:40 - mmengine - INFO - Epoch(val) [12][245/245]    coco/bbox_mAP: 0.5650  coco/bbox_mAP_50: 0.8160  coco/bbox_mAP_75: 0.6090  coco/bbox_mAP_s: 0.1400  coco/bbox_mAP_m: 0.4110  coco/bbox_mAP_l: 0.6290  data_time: 0.0379  time: 0.2280
2026/03/18 22:53:09 - mmengine - INFO - Epoch(train) [13][ 50/245]  base_lr: 8.8276e-05 lr: 8.8276e-05  eta: 7:59:27  time: 1.7522  data_time: 0.0236  memory: 42431  grad_norm: 28.5526  loss: 5.7599  loss_cls: 0.0618  loss_bbox: 0.1059  loss_iou: 0.2649  d0.loss_cls: 0.0955  d0.loss_bbox: 0.1115  d0.loss_iou: 0.2729  d1.loss_cls: 0.0754  d1.loss_bbox: 0.1076  d1.loss_iou: 0.2681  d2.loss_cls: 0.0683  d2.loss_bbox: 0.1064  d2.loss_iou: 0.2659  d3.loss_cls: 0.0651  d3.loss_bbox: 0.1059  d3.loss_iou: 0.2650  d4.loss_cls: 0.0627  d4.loss_bbox: 0.1057  d4.loss_iou: 0.2645  enc_loss_cls: 0.1093  enc_loss_bbox: 0.1242  enc_loss_iou: 0.2916  dn_loss_cls: 0.0111  dn_loss_bbox: 0.1149  dn_loss_iou: 0.2592  d0.dn_loss_cls: 0.0414  d0.dn_loss_bbox: 0.1884  d0.dn_loss_iou: 0.3529  d1.dn_loss_cls: 0.0193  d1.dn_loss_bbox: 0.1288  d1.dn_loss_iou: 0.2768  d2.dn_loss_cls: 0.0142  d2.dn_loss_bbox: 0.1183  d2.dn_loss_iou: 0.2635  d3.dn_loss_cls: 0.0123  d3.dn_loss_bbox: 0.1154  d3.dn_loss_iou: 0.2599  d4.dn_loss_cls: 0.0113  d4.dn_loss_bbox: 0.1149  d4.dn_loss_iou: 0.2592
2026/03/18 22:53:25 - mmengine - INFO - Exp name: dino_4scale_r50_ruod_120e_pretrained_20260318_211448
2026/03/18 22:54:35 - mmengine - INFO - Epoch(train) [13][100/245]  base_lr: 8.8276e-05 lr: 8.8276e-05  eta: 7:58:01  time: 1.7324  data_time: 0.0040  memory: 42364  grad_norm: 28.0831  loss: 5.7428  loss_cls: 0.0610  loss_bbox: 0.1058  loss_iou: 0.2614  d0.loss_cls: 0.0949  d0.loss_bbox: 0.1118  d0.loss_iou: 0.2698  d1.loss_cls: 0.0733  d1.loss_bbox: 0.1073  d1.loss_iou: 0.2638  d2.loss_cls: 0.0670  d2.loss_bbox: 0.1060  d2.loss_iou: 0.2616  d3.loss_cls: 0.0641  d3.loss_bbox: 0.1057  d3.loss_iou: 0.2611  d4.loss_cls: 0.0618  d4.loss_bbox: 0.1057  d4.loss_iou: 0.2613  enc_loss_cls: 0.1077  enc_loss_bbox: 0.1245  enc_loss_iou: 0.2884  dn_loss_cls: 0.0116  dn_loss_bbox: 0.1160  dn_loss_iou: 0.2578  d0.dn_loss_cls: 0.0424  d0.dn_loss_bbox: 0.1934  d0.dn_loss_iou: 0.3553  d1.dn_loss_cls: 0.0202  d1.dn_loss_bbox: 0.1319  d1.dn_loss_iou: 0.2773  d2.dn_loss_cls: 0.0151  d2.dn_loss_bbox: 0.1203  d2.dn_loss_iou: 0.2630  d3.dn_loss_cls: 0.0130  d3.dn_loss_bbox: 0.1168  d3.dn_loss_iou: 0.2590  d4.dn_loss_cls: 0.0118  d4.dn_loss_bbox: 0.1161  d4.dn_loss_iou: 0.2579
2026/03/18 22:56:02 - mmengine - INFO - Epoch(train) [13][150/245]  base_lr: 8.8276e-05 lr: 8.8276e-05  eta: 7:56:35  time: 1.7344  data_time: 0.0038  memory: 42431  grad_norm: 29.6380  loss: 5.9048  loss_cls: 0.0652  loss_bbox: 0.1090  loss_iou: 0.2700  d0.loss_cls: 0.0954  d0.loss_bbox: 0.1161  d0.loss_iou: 0.2781  d1.loss_cls: 0.0773  d1.loss_bbox: 0.1112  d1.loss_iou: 0.2728  d2.loss_cls: 0.0708  d2.loss_bbox: 0.1092  d2.loss_iou: 0.2702  d3.loss_cls: 0.0678  d3.loss_bbox: 0.1089  d3.loss_iou: 0.2698  d4.loss_cls: 0.0658  d4.loss_bbox: 0.1089  d4.loss_iou: 0.2700  enc_loss_cls: 0.1110  enc_loss_bbox: 0.1293  enc_loss_iou: 0.2981  dn_loss_cls: 0.0119  dn_loss_bbox: 0.1195  dn_loss_iou: 0.2647  d0.dn_loss_cls: 0.0421  d0.dn_loss_bbox: 0.1938  d0.dn_loss_iou: 0.3600  d1.dn_loss_cls: 0.0201  d1.dn_loss_bbox: 0.1335  d1.dn_loss_iou: 0.2825  d2.dn_loss_cls: 0.0150  d2.dn_loss_bbox: 0.1227  d2.dn_loss_iou: 0.2691  d3.dn_loss_cls: 0.0131  d3.dn_loss_bbox: 0.1200  d3.dn_loss_iou: 0.2657  d4.dn_loss_cls: 0.0121  d4.dn_loss_bbox: 0.1194  d4.dn_loss_iou: 0.2647
2026/03/18 22:57:28 - mmengine - INFO - Epoch(train) [13][200/245]  base_lr: 8.8276e-05 lr: 8.8276e-05  eta: 7:55:05  time: 1.7212  data_time: 0.0042  memory: 42431  grad_norm: nan  loss: 5.8776  loss_cls: 0.0638  loss_bbox: 0.1097  loss_iou: 0.2707  d0.loss_cls: 0.0956  d0.loss_bbox: 0.1171  d0.loss_iou: 0.2805  d1.loss_cls: 0.0769  d1.loss_bbox: 0.1120  d1.loss_iou: 0.2741  d2.loss_cls: 0.0701  d2.loss_bbox: 0.1099  d2.loss_iou: 0.2718  d3.loss_cls: 0.0675  d3.loss_bbox: 0.1095  d3.loss_iou: 0.2707  d4.loss_cls: 0.0648  d4.loss_bbox: 0.1095  d4.loss_iou: 0.2707  enc_loss_cls: 0.1099  enc_loss_bbox: 0.1296  enc_loss_iou: 0.3010  dn_loss_cls: 0.0126  dn_loss_bbox: 0.1151  dn_loss_iou: 0.2635  d0.dn_loss_cls: 0.0423  d0.dn_loss_bbox: 0.1851  d0.dn_loss_iou: 0.3568  d1.dn_loss_cls: 0.0199  d1.dn_loss_bbox: 0.1291  d1.dn_loss_iou: 0.2815  d2.dn_loss_cls: 0.0153  d2.dn_loss_bbox: 0.1185  d2.dn_loss_iou: 0.2676  d3.dn_loss_cls: 0.0136  d3.dn_loss_bbox: 0.1158  d3.dn_loss_iou: 0.2643  d4.dn_loss_cls: 0.0127  d4.dn_loss_bbox: 0.1152  d4.dn_loss_iou: 0.2635
2026/03/18 22:58:44 - mmengine - INFO - Exp name: dino_4scale_r50_ruod_120e_pretrained_20260318_211448
2026/03/18 23:00:11 - mmengine - INFO - Epoch(train) [14][ 50/245]  base_lr: 8.6974e-05 lr: 8.6974e-05  eta: 7:52:15  time: 1.7376  data_time: 0.0120  memory: 43850  grad_norm: 30.4190  loss: 5.6111  loss_cls: 0.0569  loss_bbox: 0.1040  loss_iou: 0.2590  d0.loss_cls: 0.0909  d0.loss_bbox: 0.1110  d0.loss_iou: 0.2692  d1.loss_cls: 0.0706  d1.loss_bbox: 0.1063  d1.loss_iou: 0.2624  d2.loss_cls: 0.0637  d2.loss_bbox: 0.1047  d2.loss_iou: 0.2597  d3.loss_cls: 0.0599  d3.loss_bbox: 0.1042  d3.loss_iou: 0.2591  d4.loss_cls: 0.0580  d4.loss_bbox: 0.1038  d4.loss_iou: 0.2588  enc_loss_cls: 0.1030  enc_loss_bbox: 0.1237  enc_loss_iou: 0.2888  dn_loss_cls: 0.0111  dn_loss_bbox: 0.1104  dn_loss_iou: 0.2527  d0.dn_loss_cls: 0.0406  d0.dn_loss_bbox: 0.1833  d0.dn_loss_iou: 0.3460  d1.dn_loss_cls: 0.0186  d1.dn_loss_bbox: 0.1245  d1.dn_loss_iou: 0.2700  d2.dn_loss_cls: 0.0140  d2.dn_loss_bbox: 0.1139  d2.dn_loss_iou: 0.2571  d3.dn_loss_cls: 0.0122  d3.dn_loss_bbox: 0.1110  d3.dn_loss_iou: 0.2535  d4.dn_loss_cls: 0.0114  d4.dn_loss_bbox: 0.1104  d4.dn_loss_iou: 0.2527
2026/03/18 23:01:35 - mmengine - INFO - Epoch(train) [14][100/245]  base_lr: 8.6974e-05 lr: 8.6974e-05  eta: 7:50:32  time: 1.6666  data_time: 0.0044  memory: 42431  grad_norm: 28.8271  loss: 5.7281  loss_cls: 0.0572  loss_bbox: 0.1068  loss_iou: 0.2651  d0.loss_cls: 0.0872  d0.loss_bbox: 0.1133  d0.loss_iou: 0.2740  d1.loss_cls: 0.0693  d1.loss_bbox: 0.1097  d1.loss_iou: 0.2692  d2.loss_cls: 0.0632  d2.loss_bbox: 0.1075  d2.loss_iou: 0.2664  d3.loss_cls: 0.0597  d3.loss_bbox: 0.1070  d3.loss_iou: 0.2654  d4.loss_cls: 0.0580  d4.loss_bbox: 0.1068  d4.loss_iou: 0.2650  enc_loss_cls: 0.1025  enc_loss_bbox: 0.1264  enc_loss_iou: 0.2936  dn_loss_cls: 0.0113  dn_loss_bbox: 0.1134  dn_loss_iou: 0.2581  d0.dn_loss_cls: 0.0403  d0.dn_loss_bbox: 0.1888  d0.dn_loss_iou: 0.3549  d1.dn_loss_cls: 0.0191  d1.dn_loss_bbox: 0.1285  d1.dn_loss_iou: 0.2772  d2.dn_loss_cls: 0.0144  d2.dn_loss_bbox: 0.1173  d2.dn_loss_iou: 0.2628  d3.dn_loss_cls: 0.0126  d3.dn_loss_bbox: 0.1140  d3.dn_loss_iou: 0.2590  d4.dn_loss_cls: 0.0116  d4.dn_loss_bbox: 0.1135  d4.dn_loss_iou: 0.2581
2026/03/18 23:03:00 - mmengine - INFO - Epoch(train) [14][150/245]  base_lr: 8.6974e-05 lr: 8.6974e-05  eta: 7:48:58  time: 1.6992  data_time: 0.0044  memory: 42431  grad_norm: 31.2478  loss: 5.6215  loss_cls: 0.0602  loss_bbox: 0.1013  loss_iou: 0.2608  d0.loss_cls: 0.0891  d0.loss_bbox: 0.1083  d0.loss_iou: 0.2696  d1.loss_cls: 0.0717  d1.loss_bbox: 0.1034  d1.loss_iou: 0.2634  d2.loss_cls: 0.0658  d2.loss_bbox: 0.1021  d2.loss_iou: 0.2614  d3.loss_cls: 0.0631  d3.loss_bbox: 0.1016  d3.loss_iou: 0.2609  d4.loss_cls: 0.0614  d4.loss_bbox: 0.1012  d4.loss_iou: 0.2605  enc_loss_cls: 0.1028  enc_loss_bbox: 0.1209  enc_loss_iou: 0.2895  dn_loss_cls: 0.0114  dn_loss_bbox: 0.1106  dn_loss_iou: 0.2554  d0.dn_loss_cls: 0.0390  d0.dn_loss_bbox: 0.1800  d0.dn_loss_iou: 0.3472  d1.dn_loss_cls: 0.0183  d1.dn_loss_bbox: 0.1235  d1.dn_loss_iou: 0.2724  d2.dn_loss_cls: 0.0143  d2.dn_loss_bbox: 0.1137  d2.dn_loss_iou: 0.2594  d3.dn_loss_cls: 0.0125  d3.dn_loss_bbox: 0.1111  d3.dn_loss_iou: 0.2561  d4.dn_loss_cls: 0.0116  d4.dn_loss_bbox: 0.1106  d4.dn_loss_iou: 0.2553
2026/03/18 23:04:25 - mmengine - INFO - Epoch(train) [14][200/245]  base_lr: 8.6974e-05 lr: 8.6974e-05  eta: 7:47:28  time: 1.7132  data_time: 0.0045  memory: 43843  grad_norm: 31.0657  loss: 5.7399  loss_cls: 0.0579  loss_bbox: 0.1046  loss_iou: 0.2707  d0.loss_cls: 0.0891  d0.loss_bbox: 0.1108  d0.loss_iou: 0.2801  d1.loss_cls: 0.0705  d1.loss_bbox: 0.1068  d1.loss_iou: 0.2742  d2.loss_cls: 0.0635  d2.loss_bbox: 0.1052  d2.loss_iou: 0.2715  d3.loss_cls: 0.0605  d3.loss_bbox: 0.1044  d3.loss_iou: 0.2703  d4.loss_cls: 0.0584  d4.loss_bbox: 0.1046  d4.loss_iou: 0.2706  enc_loss_cls: 0.1033  enc_loss_bbox: 0.1229  enc_loss_iou: 0.2973  dn_loss_cls: 0.0109  dn_loss_bbox: 0.1109  dn_loss_iou: 0.2618  d0.dn_loss_cls: 0.0386  d0.dn_loss_bbox: 0.1814  d0.dn_loss_iou: 0.3547  d1.dn_loss_cls: 0.0178  d1.dn_loss_bbox: 0.1243  d1.dn_loss_iou: 0.2786  d2.dn_loss_cls: 0.0135  d2.dn_loss_bbox: 0.1144  d2.dn_loss_iou: 0.2661  d3.dn_loss_cls: 0.0118  d3.dn_loss_bbox: 0.1113  d3.dn_loss_iou: 0.2625  d4.dn_loss_cls: 0.0111  d4.dn_loss_bbox: 0.1109  d4.dn_loss_iou: 0.2618
2026/03/18 23:05:43 - mmengine - INFO - Exp name: dino_4scale_r50_ruod_120e_pretrained_20260318_211448
2026/03/18 23:05:53 - mmengine - INFO - Epoch(val) [14][ 50/245]    eta: 0:00:39  time: 0.2031  data_time: 0.0119  memory: 42431  
2026/03/18 23:06:04 - mmengine - INFO - Epoch(val) [14][100/245]    eta: 0:00:29  time: 0.2003  data_time: 0.0093  memory: 1538  
2026/03/18 23:06:14 - mmengine - INFO - Epoch(val) [14][150/245]    eta: 0:00:19  time: 0.1998  data_time: 0.0090  memory: 1538  
2026/03/18 23:06:24 - mmengine - INFO - Epoch(val) [14][200/245]    eta: 0:00:09  time: 0.2004  data_time: 0.0090  memory: 1538  
2026/03/18 23:06:40 - mmengine - INFO - Evaluating bbox...
2026/03/18 23:07:04 - mmengine - INFO - bbox_mAP_copypaste: 0.568 0.818 0.608 0.134 0.411 0.634
2026/03/18 23:07:05 - mmengine - INFO - Epoch(val) [14][245/245]    coco/bbox_mAP: 0.5680  coco/bbox_mAP_50: 0.8180  coco/bbox_mAP_75: 0.6080  coco/bbox_mAP_s: 0.1340  coco/bbox_mAP_m: 0.4110  coco/bbox_mAP_l: 0.6340  data_time: 0.0096  time: 0.2006
2026/03/18 23:07:05 - mmengine - INFO - The previous best checkpoint /workspace/aquaculture-perception/runs/mmdet/dino_4scale_r50_ruod_120e_pretrained/best_coco_bbox_mAP_epoch_10.pth is removed
2026/03/18 23:07:06 - mmengine - INFO - The best checkpoint with 0.5680 coco/bbox_mAP at 14 epoch is saved to best_coco_bbox_mAP_epoch_14.pth.
2026/03/18 23:08:34 - mmengine - INFO - Epoch(train) [15][ 50/245]  base_lr: 8.5671e-05 lr: 8.5671e-05  eta: 7:44:54  time: 1.7730  data_time: 0.0154  memory: 42431  grad_norm: 29.6907  loss: 5.3735  loss_cls: 0.0491  loss_bbox: 0.0997  loss_iou: 0.2504  d0.loss_cls: 0.0794  d0.loss_bbox: 0.1065  d0.loss_iou: 0.2593  d1.loss_cls: 0.0601  d1.loss_bbox: 0.1022  d1.loss_iou: 0.2536  d2.loss_cls: 0.0543  d2.loss_bbox: 0.1002  d2.loss_iou: 0.2507  d3.loss_cls: 0.0515  d3.loss_bbox: 0.0998  d3.loss_iou: 0.2501  d4.loss_cls: 0.0499  d4.loss_bbox: 0.0997  d4.loss_iou: 0.2501  enc_loss_cls: 0.0939  enc_loss_bbox: 0.1190  enc_loss_iou: 0.2794  dn_loss_cls: 0.0105  dn_loss_bbox: 0.1064  dn_loss_iou: 0.2442  d0.dn_loss_cls: 0.0390  d0.dn_loss_bbox: 0.1798  d0.dn_loss_iou: 0.3377  d1.dn_loss_cls: 0.0180  d1.dn_loss_bbox: 0.1204  d1.dn_loss_iou: 0.2617  d2.dn_loss_cls: 0.0134  d2.dn_loss_bbox: 0.1099  d2.dn_loss_iou: 0.2484  d3.dn_loss_cls: 0.0116  d3.dn_loss_bbox: 0.1071  d3.dn_loss_iou: 0.2451  d4.dn_loss_cls: 0.0107  d4.dn_loss_bbox: 0.1065  d4.dn_loss_iou: 0.2442
2026/03/18 23:10:03 - mmengine - INFO - Epoch(train) [15][100/245]  base_lr: 8.5671e-05 lr: 8.5671e-05  eta: 7:43:38  time: 1.7740  data_time: 0.0040  memory: 42431  grad_norm: 29.3054  loss: 5.5022  loss_cls: 0.0537  loss_bbox: 0.1004  loss_iou: 0.2560  d0.loss_cls: 0.0846  d0.loss_bbox: 0.1069  d0.loss_iou: 0.2661  d1.loss_cls: 0.0652  d1.loss_bbox: 0.1025  d1.loss_iou: 0.2606  d2.loss_cls: 0.0596  d2.loss_bbox: 0.1004  d2.loss_iou: 0.2574  d3.loss_cls: 0.0562  d3.loss_bbox: 0.1002  d3.loss_iou: 0.2565  d4.loss_cls: 0.0549  d4.loss_bbox: 0.0998  d4.loss_iou: 0.2558  enc_loss_cls: 0.0967  enc_loss_bbox: 0.1188  enc_loss_iou: 0.2867  dn_loss_cls: 0.0115  dn_loss_bbox: 0.1075  dn_loss_iou: 0.2513  d0.dn_loss_cls: 0.0390  d0.dn_loss_bbox: 0.1774  d0.dn_loss_iou: 0.3439  d1.dn_loss_cls: 0.0188  d1.dn_loss_bbox: 0.1208  d1.dn_loss_iou: 0.2689  d2.dn_loss_cls: 0.0142  d2.dn_loss_bbox: 0.1108  d2.dn_loss_iou: 0.2558  d3.dn_loss_cls: 0.0124  d3.dn_loss_bbox: 0.1080  d3.dn_loss_iou: 0.2522  d4.dn_loss_cls: 0.0116  d4.dn_loss_bbox: 0.1076  d4.dn_loss_iou: 0.2513
2026/03/18 23:11:31 - mmengine - INFO - Epoch(train) [15][150/245]  base_lr: 8.5671e-05 lr: 8.5671e-05  eta: 7:42:19  time: 1.7645  data_time: 0.0045  memory: 42431  grad_norm: 33.1793  loss: 5.4379  loss_cls: 0.0511  loss_bbox: 0.1015  loss_iou: 0.2497  d0.loss_cls: 0.0800  d0.loss_bbox: 0.1085  d0.loss_iou: 0.2588  d1.loss_cls: 0.0630  d1.loss_bbox: 0.1038  d1.loss_iou: 0.2533  d2.loss_cls: 0.0577  d2.loss_bbox: 0.1017  d2.loss_iou: 0.2499  d3.loss_cls: 0.0545  d3.loss_bbox: 0.1013  d3.loss_iou: 0.2497  d4.loss_cls: 0.0520  d4.loss_bbox: 0.1012  d4.loss_iou: 0.2495  enc_loss_cls: 0.0957  enc_loss_bbox: 0.1215  enc_loss_iou: 0.2771  dn_loss_cls: 0.0094  dn_loss_bbox: 0.1123  dn_loss_iou: 0.2456  d0.dn_loss_cls: 0.0382  d0.dn_loss_bbox: 0.1877  d0.dn_loss_iou: 0.3418  d1.dn_loss_cls: 0.0167  d1.dn_loss_bbox: 0.1266  d1.dn_loss_iou: 0.2633  d2.dn_loss_cls: 0.0125  d2.dn_loss_bbox: 0.1155  d2.dn_loss_iou: 0.2497  d3.dn_loss_cls: 0.0106  d3.dn_loss_bbox: 0.1128  d3.dn_loss_iou: 0.2463  d4.dn_loss_cls: 0.0097  d4.dn_loss_bbox: 0.1123  d4.dn_loss_iou: 0.2455
2026/03/18 23:12:58 - mmengine - INFO - Epoch(train) [15][200/245]  base_lr: 8.5671e-05 lr: 8.5671e-05  eta: 7:40:54  time: 1.7414  data_time: 0.0055  memory: 42594  grad_norm: 31.2077  loss: 5.5034  loss_cls: 0.0539  loss_bbox: 0.1029  loss_iou: 0.2545  d0.loss_cls: 0.0837  d0.loss_bbox: 0.1090  d0.loss_iou: 0.2630  d1.loss_cls: 0.0656  d1.loss_bbox: 0.1051  d1.loss_iou: 0.2579  d2.loss_cls: 0.0592  d2.loss_bbox: 0.1033  d2.loss_iou: 0.2555  d3.loss_cls: 0.0564  d3.loss_bbox: 0.1032  d3.loss_iou: 0.2548  d4.loss_cls: 0.0542  d4.loss_bbox: 0.1029  d4.loss_iou: 0.2545  enc_loss_cls: 0.0974  enc_loss_bbox: 0.1233  enc_loss_iou: 0.2839  dn_loss_cls: 0.0110  dn_loss_bbox: 0.1091  dn_loss_iou: 0.2494  d0.dn_loss_cls: 0.0397  d0.dn_loss_bbox: 0.1804  d0.dn_loss_iou: 0.3400  d1.dn_loss_cls: 0.0181  d1.dn_loss_bbox: 0.1230  d1.dn_loss_iou: 0.2670  d2.dn_loss_cls: 0.0136  d2.dn_loss_bbox: 0.1124  d2.dn_loss_iou: 0.2538  d3.dn_loss_cls: 0.0119  d3.dn_loss_bbox: 0.1096  d3.dn_loss_iou: 0.2502  d4.dn_loss_cls: 0.0111  d4.dn_loss_bbox: 0.1091  d4.dn_loss_iou: 0.2495
2026/03/18 23:14:16 - mmengine - INFO - Exp name: dino_4scale_r50_ruod_120e_pretrained_20260318_211448
2026/03/18 23:15:41 - mmengine - INFO - Epoch(train) [16][ 50/245]  base_lr: 8.4368e-05 lr: 8.4368e-05  eta: 7:38:04  time: 1.7122  data_time: 0.0139  memory: 46376  grad_norm: 28.6427  loss: 5.2722  loss_cls: 0.0508  loss_bbox: 0.0966  loss_iou: 0.2438  d0.loss_cls: 0.0806  d0.loss_bbox: 0.1031  d0.loss_iou: 0.2533  d1.loss_cls: 0.0621  d1.loss_bbox: 0.0989  d1.loss_iou: 0.2475  d2.loss_cls: 0.0562  d2.loss_bbox: 0.0972  d2.loss_iou: 0.2448  d3.loss_cls: 0.0532  d3.loss_bbox: 0.0968  d3.loss_iou: 0.2441  d4.loss_cls: 0.0514  d4.loss_bbox: 0.0966  d4.loss_iou: 0.2439  enc_loss_cls: 0.0937  enc_loss_bbox: 0.1161  enc_loss_iou: 0.2730  dn_loss_cls: 0.0099  dn_loss_bbox: 0.1046  dn_loss_iou: 0.2414  d0.dn_loss_cls: 0.0379  d0.dn_loss_bbox: 0.1733  d0.dn_loss_iou: 0.3316  d1.dn_loss_cls: 0.0168  d1.dn_loss_bbox: 0.1174  d1.dn_loss_iou: 0.2574  d2.dn_loss_cls: 0.0123  d2.dn_loss_bbox: 0.1075  d2.dn_loss_iou: 0.2452  d3.dn_loss_cls: 0.0108  d3.dn_loss_bbox: 0.1049  d3.dn_loss_iou: 0.2419  d4.dn_loss_cls: 0.0100  d4.dn_loss_bbox: 0.1046  d4.dn_loss_iou: 0.2413
2026/03/18 23:17:08 - mmengine - INFO - Epoch(train) [16][100/245]  base_lr: 8.4368e-05 lr: 8.4368e-05  eta: 7:36:36  time: 1.7243  data_time: 0.0041  memory: 42372  grad_norm: 30.9180  loss: 5.2357  loss_cls: 0.0455  loss_bbox: 0.0979  loss_iou: 0.2384  d0.loss_cls: 0.0738  d0.loss_bbox: 0.1056  d0.loss_iou: 0.2472  d1.loss_cls: 0.0574  d1.loss_bbox: 0.1006  d1.loss_iou: 0.2414  d2.loss_cls: 0.0520  d2.loss_bbox: 0.0986  d2.loss_iou: 0.2389  d3.loss_cls: 0.0483  d3.loss_bbox: 0.0981  d3.loss_iou: 0.2386  d4.loss_cls: 0.0460  d4.loss_bbox: 0.0979  d4.loss_iou: 0.2384  enc_loss_cls: 0.0892  enc_loss_bbox: 0.1190  enc_loss_iou: 0.2679  dn_loss_cls: 0.0109  dn_loss_bbox: 0.1080  dn_loss_iou: 0.2391  d0.dn_loss_cls: 0.0395  d0.dn_loss_bbox: 0.1830  d0.dn_loss_iou: 0.3310  d1.dn_loss_cls: 0.0183  d1.dn_loss_bbox: 0.1225  d1.dn_loss_iou: 0.2559  d2.dn_loss_cls: 0.0139  d2.dn_loss_bbox: 0.1112  d2.dn_loss_iou: 0.2430  d3.dn_loss_cls: 0.0121  d3.dn_loss_bbox: 0.1085  d3.dn_loss_iou: 0.2398  d4.dn_loss_cls: 0.0111  d4.dn_loss_bbox: 0.1081  d4.dn_loss_iou: 0.2391
2026/03/18 23:18:34 - mmengine - INFO - Epoch(train) [16][150/245]  base_lr: 8.4368e-05 lr: 8.4368e-05  eta: 7:35:09  time: 1.7289  data_time: 0.0040  memory: 42431  grad_norm: 32.1316  loss: 5.2798  loss_cls: 0.0492  loss_bbox: 0.0946  loss_iou: 0.2498  d0.loss_cls: 0.0768  d0.loss_bbox: 0.1018  d0.loss_iou: 0.2592  d1.loss_cls: 0.0596  d1.loss_bbox: 0.0968  d1.loss_iou: 0.2530  d2.loss_cls: 0.0540  d2.loss_bbox: 0.0953  d2.loss_iou: 0.2503  d3.loss_cls: 0.0513  d3.loss_bbox: 0.0946  d3.loss_iou: 0.2496  d4.loss_cls: 0.0499  d4.loss_bbox: 0.0943  d4.loss_iou: 0.2494  enc_loss_cls: 0.0934  enc_loss_bbox: 0.1156  enc_loss_iou: 0.2798  dn_loss_cls: 0.0096  dn_loss_bbox: 0.1006  dn_loss_iou: 0.2429  d0.dn_loss_cls: 0.0363  d0.dn_loss_bbox: 0.1713  d0.dn_loss_iou: 0.3354  d1.dn_loss_cls: 0.0160  d1.dn_loss_bbox: 0.1153  d1.dn_loss_iou: 0.2611  d2.dn_loss_cls: 0.0118  d2.dn_loss_bbox: 0.1047  d2.dn_loss_iou: 0.2475  d3.dn_loss_cls: 0.0103  d3.dn_loss_bbox: 0.1014  d3.dn_loss_iou: 0.2436  d4.dn_loss_cls: 0.0097  d4.dn_loss_bbox: 0.1007  d4.dn_loss_iou: 0.2429
2026/03/18 23:20:01 - mmengine - INFO - Epoch(train) [16][200/245]  base_lr: 8.4368e-05 lr: 8.4368e-05  eta: 7:33:43  time: 1.7342  data_time: 0.0039  memory: 42431  grad_norm: 30.8514  loss: 5.2388  loss_cls: 0.0472  loss_bbox: 0.0946  loss_iou: 0.2464  d0.loss_cls: 0.0760  d0.loss_bbox: 0.1014  d0.loss_iou: 0.2553  d1.loss_cls: 0.0591  d1.loss_bbox: 0.0970  d1.loss_iou: 0.2496  d2.loss_cls: 0.0531  d2.loss_bbox: 0.0954  d2.loss_iou: 0.2473  d3.loss_cls: 0.0501  d3.loss_bbox: 0.0947  d3.loss_iou: 0.2465  d4.loss_cls: 0.0480  d4.loss_bbox: 0.0945  d4.loss_iou: 0.2462  enc_loss_cls: 0.0903  enc_loss_bbox: 0.1135  enc_loss_iou: 0.2742  dn_loss_cls: 0.0098  dn_loss_bbox: 0.1022  dn_loss_iou: 0.2406  d0.dn_loss_cls: 0.0378  d0.dn_loss_bbox: 0.1726  d0.dn_loss_iou: 0.3333  d1.dn_loss_cls: 0.0171  d1.dn_loss_bbox: 0.1163  d1.dn_loss_iou: 0.2579  d2.dn_loss_cls: 0.0127  d2.dn_loss_bbox: 0.1055  d2.dn_loss_iou: 0.2447  d3.dn_loss_cls: 0.0110  d3.dn_loss_bbox: 0.1027  d3.dn_loss_iou: 0.2413  d4.dn_loss_cls: 0.0101  d4.dn_loss_bbox: 0.1022  d4.dn_loss_iou: 0.2406
2026/03/18 23:21:16 - mmengine - INFO - Exp name: dino_4scale_r50_ruod_120e_pretrained_20260318_211448
2026/03/18 23:21:27 - mmengine - INFO - Epoch(val) [16][ 50/245]    eta: 0:00:43  time: 0.2224  data_time: 0.0345  memory: 42431  
2026/03/18 23:21:38 - mmengine - INFO - Epoch(val) [16][100/245]    eta: 0:00:31  time: 0.2162  data_time: 0.0261  memory: 1538  
2026/03/18 23:21:47 - mmengine - INFO - Epoch(val) [16][150/245]    eta: 0:00:20  time: 0.1998  data_time: 0.0090  memory: 1538  
2026/03/18 23:21:58 - mmengine - INFO - Epoch(val) [16][200/245]    eta: 0:00:09  time: 0.2006  data_time: 0.0087  memory: 1538  
2026/03/18 23:22:13 - mmengine - INFO - Evaluating bbox...
2026/03/18 23:22:37 - mmengine - INFO - bbox_mAP_copypaste: 0.564 0.811 0.606 0.122 0.404 0.631
2026/03/18 23:22:37 - mmengine - INFO - Epoch(val) [16][245/245]    coco/bbox_mAP: 0.5640  coco/bbox_mAP_50: 0.8110  coco/bbox_mAP_75: 0.6060  coco/bbox_mAP_s: 0.1220  coco/bbox_mAP_m: 0.4040  coco/bbox_mAP_l: 0.6310  data_time: 0.0177  time: 0.2073
2026/03/18 23:24:04 - mmengine - INFO - Epoch(train) [17][ 50/245]  base_lr: 8.3066e-05 lr: 8.3066e-05  eta: 7:30:46  time: 1.7292  data_time: 0.0159  memory: 42431  grad_norm: 29.9010  loss: 5.0575  loss_cls: 0.0412  loss_bbox: 0.0926  loss_iou: 0.2335  d0.loss_cls: 0.0696  d0.loss_bbox: 0.0992  d0.loss_iou: 0.2432  d1.loss_cls: 0.0523  d1.loss_bbox: 0.0950  d1.loss_iou: 0.2367  d2.loss_cls: 0.0464  d2.loss_bbox: 0.0934  d2.loss_iou: 0.2344  d3.loss_cls: 0.0434  d3.loss_bbox: 0.0928  d3.loss_iou: 0.2339  d4.loss_cls: 0.0414  d4.loss_bbox: 0.0927  d4.loss_iou: 0.2337  enc_loss_cls: 0.0830  enc_loss_bbox: 0.1130  enc_loss_iou: 0.2641  dn_loss_cls: 0.0094  dn_loss_bbox: 0.1045  dn_loss_iou: 0.2336  d0.dn_loss_cls: 0.0354  d0.dn_loss_bbox: 0.1756  d0.dn_loss_iou: 0.3250  d1.dn_loss_cls: 0.0160  d1.dn_loss_bbox: 0.1179  d1.dn_loss_iou: 0.2502  d2.dn_loss_cls: 0.0117  d2.dn_loss_bbox: 0.1080  d2.dn_loss_iou: 0.2376  d3.dn_loss_cls: 0.0102  d3.dn_loss_bbox: 0.1050  d3.dn_loss_iou: 0.2342  d4.dn_loss_cls: 0.0095  d4.dn_loss_bbox: 0.1046  d4.dn_loss_iou: 0.2336
2026/03/18 23:24:55 - mmengine - INFO - Exp name: dino_4scale_r50_ruod_120e_pretrained_20260318_211448
2026/03/18 23:25:28 - mmengine - INFO - Epoch(train) [17][100/245]  base_lr: 8.3066e-05 lr: 8.3066e-05  eta: 7:29:12  time: 1.6927  data_time: 0.0039  memory: 42431  grad_norm: 29.5827  loss: 5.0377  loss_cls: 0.0395  loss_bbox: 0.0939  loss_iou: 0.2336  d0.loss_cls: 0.0691  d0.loss_bbox: 0.1005  d0.loss_iou: 0.2428  d1.loss_cls: 0.0508  d1.loss_bbox: 0.0964  d1.loss_iou: 0.2372  d2.loss_cls: 0.0452  d2.loss_bbox: 0.0946  d2.loss_iou: 0.2346  d3.loss_cls: 0.0423  d3.loss_bbox: 0.0940  d3.loss_iou: 0.2338  d4.loss_cls: 0.0405  d4.loss_bbox: 0.0937  d4.loss_iou: 0.2334  enc_loss_cls: 0.0836  enc_loss_bbox: 0.1137  enc_loss_iou: 0.2629  dn_loss_cls: 0.0092  dn_loss_bbox: 0.1017  dn_loss_iou: 0.2322  d0.dn_loss_cls: 0.0355  d0.dn_loss_bbox: 0.1740  d0.dn_loss_iou: 0.3250  d1.dn_loss_cls: 0.0159  d1.dn_loss_bbox: 0.1158  d1.dn_loss_iou: 0.2497  d2.dn_loss_cls: 0.0119  d2.dn_loss_bbox: 0.1054  d2.dn_loss_iou: 0.2363  d3.dn_loss_cls: 0.0102  d3.dn_loss_bbox: 0.1023  d3.dn_loss_iou: 0.2331  d4.dn_loss_cls: 0.0094  d4.dn_loss_bbox: 0.1017  d4.dn_loss_iou: 0.2322
2026/03/18 23:26:54 - mmengine - INFO - Epoch(train) [17][150/245]  base_lr: 8.3066e-05 lr: 8.3066e-05  eta: 7:27:43  time: 1.7172  data_time: 0.0042  memory: 42431  grad_norm: 30.3080  loss: 5.0523  loss_cls: 0.0440  loss_bbox: 0.0917  loss_iou: 0.2354  d0.loss_cls: 0.0730  d0.loss_bbox: 0.0984  d0.loss_iou: 0.2446  d1.loss_cls: 0.0547  d1.loss_bbox: 0.0936  d1.loss_iou: 0.2382  d2.loss_cls: 0.0492  d2.loss_bbox: 0.0919  d2.loss_iou: 0.2361  d3.loss_cls: 0.0466  d3.loss_bbox: 0.0916  d3.loss_iou: 0.2352  d4.loss_cls: 0.0447  d4.loss_bbox: 0.0916  d4.loss_iou: 0.2353  enc_loss_cls: 0.0861  enc_loss_bbox: 0.1121  enc_loss_iou: 0.2662  dn_loss_cls: 0.0091  dn_loss_bbox: 0.1006  dn_loss_iou: 0.2330  d0.dn_loss_cls: 0.0356  d0.dn_loss_bbox: 0.1702  d0.dn_loss_iou: 0.3227  d1.dn_loss_cls: 0.0159  d1.dn_loss_bbox: 0.1140  d1.dn_loss_iou: 0.2497  d2.dn_loss_cls: 0.0119  d2.dn_loss_bbox: 0.1040  d2.dn_loss_iou: 0.2375  d3.dn_loss_cls: 0.0102  d3.dn_loss_bbox: 0.1012  d3.dn_loss_iou: 0.2340  d4.dn_loss_cls: 0.0092  d4.dn_loss_bbox: 0.1006  d4.dn_loss_iou: 0.2330
2026/03/18 23:28:20 - mmengine - INFO - Epoch(train) [17][200/245]  base_lr: 8.3066e-05 lr: 8.3066e-05  eta: 7:26:13  time: 1.7109  data_time: 0.0038  memory: 46376  grad_norm: 33.6461  loss: 5.2071  loss_cls: 0.0472  loss_bbox: 0.0930  loss_iou: 0.2438  d0.loss_cls: 0.0776  d0.loss_bbox: 0.1005  d0.loss_iou: 0.2540  d1.loss_cls: 0.0587  d1.loss_bbox: 0.0950  d1.loss_iou: 0.2473  d2.loss_cls: 0.0521  d2.loss_bbox: 0.0938  d2.loss_iou: 0.2452  d3.loss_cls: 0.0493  d3.loss_bbox: 0.0932  d3.loss_iou: 0.2439  d4.loss_cls: 0.0475  d4.loss_bbox: 0.0930  d4.loss_iou: 0.2438  enc_loss_cls: 0.0897  enc_loss_bbox: 0.1168  enc_loss_iou: 0.2782  dn_loss_cls: 0.0094  dn_loss_bbox: 0.1002  dn_loss_iou: 0.2415  d0.dn_loss_cls: 0.0356  d0.dn_loss_bbox: 0.1701  d0.dn_loss_iou: 0.3335  d1.dn_loss_cls: 0.0159  d1.dn_loss_bbox: 0.1138  d1.dn_loss_iou: 0.2585  d2.dn_loss_cls: 0.0119  d2.dn_loss_bbox: 0.1034  d2.dn_loss_iou: 0.2457  d3.dn_loss_cls: 0.0103  d3.dn_loss_bbox: 0.1006  d3.dn_loss_iou: 0.2421  d4.dn_loss_cls: 0.0096  d4.dn_loss_bbox: 0.1002  d4.dn_loss_iou: 0.2415
2026/03/18 23:29:37 - mmengine - INFO - Exp name: dino_4scale_r50_ruod_120e_pretrained_20260318_211448
2026/03/18 23:31:03 - mmengine - INFO - Epoch(train) [18][ 50/245]  base_lr: 8.1763e-05 lr: 8.1763e-05  eta: 7:23:26  time: 1.7348  data_time: 0.0107  memory: 42431  grad_norm: 30.3176  loss: 4.9325  loss_cls: 0.0399  loss_bbox: 0.0901  loss_iou: 0.2309  d0.loss_cls: 0.0682  d0.loss_bbox: 0.0975  d0.loss_iou: 0.2401  d1.loss_cls: 0.0507  d1.loss_bbox: 0.0927  d1.loss_iou: 0.2342  d2.loss_cls: 0.0455  d2.loss_bbox: 0.0908  d2.loss_iou: 0.2317  d3.loss_cls: 0.0428  d3.loss_bbox: 0.0905  d3.loss_iou: 0.2312  d4.loss_cls: 0.0409  d4.loss_bbox: 0.0902  d4.loss_iou: 0.2308  enc_loss_cls: 0.0821  enc_loss_bbox: 0.1099  enc_loss_iou: 0.2598  dn_loss_cls: 0.0091  dn_loss_bbox: 0.0976  dn_loss_iou: 0.2287  d0.dn_loss_cls: 0.0353  d0.dn_loss_bbox: 0.1667  d0.dn_loss_iou: 0.3158  d1.dn_loss_cls: 0.0160  d1.dn_loss_bbox: 0.1109  d1.dn_loss_iou: 0.2442  d2.dn_loss_cls: 0.0118  d2.dn_loss_bbox: 0.1006  d2.dn_loss_iou: 0.2321  d3.dn_loss_cls: 0.0101  d3.dn_loss_bbox: 0.0981  d3.dn_loss_iou: 0.2293  d4.dn_loss_cls: 0.0093  d4.dn_loss_bbox: 0.0977  d4.dn_loss_iou: 0.2287
2026/03/18 23:32:29 - mmengine - INFO - Epoch(train) [18][100/245]  base_lr: 8.1763e-05 lr: 8.1763e-05  eta: 7:21:57  time: 1.7108  data_time: 0.0043  memory: 42431  grad_norm: 31.5272  loss: 4.9378  loss_cls: 0.0380  loss_bbox: 0.0906  loss_iou: 0.2327  d0.loss_cls: 0.0653  d0.loss_bbox: 0.0962  d0.loss_iou: 0.2417  d1.loss_cls: 0.0483  d1.loss_bbox: 0.0922  d1.loss_iou: 0.2353  d2.loss_cls: 0.0427  d2.loss_bbox: 0.0908  d2.loss_iou: 0.2330  d3.loss_cls: 0.0402  d3.loss_bbox: 0.0904  d3.loss_iou: 0.2324  d4.loss_cls: 0.0386  d4.loss_bbox: 0.0903  d4.loss_iou: 0.2323  enc_loss_cls: 0.0813  enc_loss_bbox: 0.1099  enc_loss_iou: 0.2623  dn_loss_cls: 0.0085  dn_loss_bbox: 0.0990  dn_loss_iou: 0.2302  d0.dn_loss_cls: 0.0335  d0.dn_loss_bbox: 0.1659  d0.dn_loss_iou: 0.3197  d1.dn_loss_cls: 0.0145  d1.dn_loss_bbox: 0.1113  d1.dn_loss_iou: 0.2463  d2.dn_loss_cls: 0.0108  d2.dn_loss_bbox: 0.1018  d2.dn_loss_iou: 0.2342  d3.dn_loss_cls: 0.0093  d3.dn_loss_bbox: 0.0994  d3.dn_loss_iou: 0.2308  d4.dn_loss_cls: 0.0086  d4.dn_loss_bbox: 0.0991  d4.dn_loss_iou: 0.2302
2026/03/18 23:33:55 - mmengine - INFO - Epoch(train) [18][150/245]  base_lr: 8.1763e-05 lr: 8.1763e-05  eta: 7:20:28  time: 1.7169  data_time: 0.0038  memory: 42431  grad_norm: 30.2398  loss: 4.9155  loss_cls: 0.0405  loss_bbox: 0.0880  loss_iou: 0.2316  d0.loss_cls: 0.0671  d0.loss_bbox: 0.0941  d0.loss_iou: 0.2404  d1.loss_cls: 0.0502  d1.loss_bbox: 0.0898  d1.loss_iou: 0.2344  d2.loss_cls: 0.0449  d2.loss_bbox: 0.0885  d2.loss_iou: 0.2324  d3.loss_cls: 0.0424  d3.loss_bbox: 0.0881  d3.loss_iou: 0.2319  d4.loss_cls: 0.0410  d4.loss_bbox: 0.0880  d4.loss_iou: 0.2318  enc_loss_cls: 0.0802  enc_loss_bbox: 0.1063  enc_loss_iou: 0.2598  dn_loss_cls: 0.0091  dn_loss_bbox: 0.0967  dn_loss_iou: 0.2295  d0.dn_loss_cls: 0.0345  d0.dn_loss_bbox: 0.1667  d0.dn_loss_iou: 0.3194  d1.dn_loss_cls: 0.0152  d1.dn_loss_bbox: 0.1098  d1.dn_loss_iou: 0.2453  d2.dn_loss_cls: 0.0113  d2.dn_loss_bbox: 0.1002  d2.dn_loss_iou: 0.2334  d3.dn_loss_cls: 0.0099  d3.dn_loss_bbox: 0.0973  d3.dn_loss_iou: 0.2302  d4.dn_loss_cls: 0.0092  d4.dn_loss_bbox: 0.0967  d4.dn_loss_iou: 0.2295
2026/03/18 23:35:20 - mmengine - INFO - Epoch(train) [18][200/245]  base_lr: 8.1763e-05 lr: 8.1763e-05  eta: 7:18:59  time: 1.7143  data_time: 0.0038  memory: 42431  grad_norm: 31.2284  loss: 4.9664  loss_cls: 0.0386  loss_bbox: 0.0924  loss_iou: 0.2291  d0.loss_cls: 0.0681  d0.loss_bbox: 0.0987  d0.loss_iou: 0.2378  d1.loss_cls: 0.0510  d1.loss_bbox: 0.0941  d1.loss_iou: 0.2316  d2.loss_cls: 0.0450  d2.loss_bbox: 0.0930  d2.loss_iou: 0.2301  d3.loss_cls: 0.0418  d3.loss_bbox: 0.0926  d3.loss_iou: 0.2295  d4.loss_cls: 0.0394  d4.loss_bbox: 0.0925  d4.loss_iou: 0.2291  enc_loss_cls: 0.0839  enc_loss_bbox: 0.1118  enc_loss_iou: 0.2584  dn_loss_cls: 0.0099  dn_loss_bbox: 0.1003  dn_loss_iou: 0.2284  d0.dn_loss_cls: 0.0369  d0.dn_loss_bbox: 0.1743  d0.dn_loss_iou: 0.3210  d1.dn_loss_cls: 0.0167  d1.dn_loss_bbox: 0.1147  d1.dn_loss_iou: 0.2461  d2.dn_loss_cls: 0.0125  d2.dn_loss_bbox: 0.1041  d2.dn_loss_iou: 0.2328  d3.dn_loss_cls: 0.0108  d3.dn_loss_bbox: 0.1009  d3.dn_loss_iou: 0.2294  d4.dn_loss_cls: 0.0100  d4.dn_loss_bbox: 0.1003  d4.dn_loss_iou: 0.2285
2026/03/18 23:36:37 - mmengine - INFO - Exp name: dino_4scale_r50_ruod_120e_pretrained_20260318_211448
2026/03/18 23:36:47 - mmengine - INFO - Epoch(val) [18][ 50/245]    eta: 0:00:41  time: 0.2142  data_time: 0.0264  memory: 42372  
2026/03/18 23:36:59 - mmengine - INFO - Epoch(val) [18][100/245]    eta: 0:00:31  time: 0.2205  data_time: 0.0283  memory: 1538  
2026/03/18 23:37:09 - mmengine - INFO - Epoch(val) [18][150/245]    eta: 0:00:20  time: 0.1999  data_time: 0.0089  memory: 1538  
2026/03/18 23:37:19 - mmengine - INFO - Epoch(val) [18][200/245]    eta: 0:00:09  time: 0.2003  data_time: 0.0086  memory: 1538  
2026/03/18 23:37:34 - mmengine - INFO - Evaluating bbox...
2026/03/18 23:37:58 - mmengine - INFO - bbox_mAP_copypaste: 0.557 0.812 0.594 0.129 0.397 0.625
2026/03/18 23:37:58 - mmengine - INFO - Epoch(val) [18][245/245]    coco/bbox_mAP: 0.5570  coco/bbox_mAP_50: 0.8120  coco/bbox_mAP_75: 0.5940  coco/bbox_mAP_s: 0.1290  coco/bbox_mAP_m: 0.3970  coco/bbox_mAP_l: 0.6250  data_time: 0.0162  time: 0.2073
2026/03/18 23:39:25 - mmengine - INFO - Epoch(train) [19][ 50/245]  base_lr: 8.0461e-05 lr: 8.0461e-05  eta: 7:16:10  time: 1.7331  data_time: 0.0149  memory: 42372  grad_norm: 32.2216  loss: 4.8440  loss_cls: 0.0360  loss_bbox: 0.0899  loss_iou: 0.2274  d0.loss_cls: 0.0631  d0.loss_bbox: 0.0965  d0.loss_iou: 0.2371  d1.loss_cls: 0.0467  d1.loss_bbox: 0.0918  d1.loss_iou: 0.2308  d2.loss_cls: 0.0412  d2.loss_bbox: 0.0908  d2.loss_iou: 0.2286  d3.loss_cls: 0.0386  d3.loss_bbox: 0.0902  d3.loss_iou: 0.2277  d4.loss_cls: 0.0365  d4.loss_bbox: 0.0900  d4.loss_iou: 0.2273  enc_loss_cls: 0.0775  enc_loss_bbox: 0.1085  enc_loss_iou: 0.2573  dn_loss_cls: 0.0085  dn_loss_bbox: 0.0971  dn_loss_iou: 0.2245  d0.dn_loss_cls: 0.0339  d0.dn_loss_bbox: 0.1653  d0.dn_loss_iou: 0.3127  d1.dn_loss_cls: 0.0147  d1.dn_loss_bbox: 0.1103  d1.dn_loss_iou: 0.2404  d2.dn_loss_cls: 0.0110  d2.dn_loss_bbox: 0.1008  d2.dn_loss_iou: 0.2284  d3.dn_loss_cls: 0.0095  d3.dn_loss_bbox: 0.0978  d3.dn_loss_iou: 0.2253  d4.dn_loss_cls: 0.0087  d4.dn_loss_bbox: 0.0971  d4.dn_loss_iou: 0.2244
2026/03/18 23:40:50 - mmengine - INFO - Epoch(train) [19][100/245]  base_lr: 8.0461e-05 lr: 8.0461e-05  eta: 7:14:40  time: 1.7056  data_time: 0.0040  memory: 42431  grad_norm: 31.3710  loss: 4.7683  loss_cls: 0.0348  loss_bbox: 0.0876  loss_iou: 0.2272  d0.loss_cls: 0.0634  d0.loss_bbox: 0.0939  d0.loss_iou: 0.2364  d1.loss_cls: 0.0457  d1.loss_bbox: 0.0893  d1.loss_iou: 0.2295  d2.loss_cls: 0.0394  d2.loss_bbox: 0.0880  d2.loss_iou: 0.2278  d3.loss_cls: 0.0366  d3.loss_bbox: 0.0877  d3.loss_iou: 0.2275  d4.loss_cls: 0.0356  d4.loss_bbox: 0.0876  d4.loss_iou: 0.2271  enc_loss_cls: 0.0768  enc_loss_bbox: 0.1084  enc_loss_iou: 0.2574  dn_loss_cls: 0.0082  dn_loss_bbox: 0.0928  dn_loss_iou: 0.2221  d0.dn_loss_cls: 0.0328  d0.dn_loss_bbox: 0.1594  d0.dn_loss_iou: 0.3085  d1.dn_loss_cls: 0.0142  d1.dn_loss_bbox: 0.1049  d1.dn_loss_iou: 0.2373  d2.dn_loss_cls: 0.0104  d2.dn_loss_bbox: 0.0957  d2.dn_loss_iou: 0.2256  d3.dn_loss_cls: 0.0090  d3.dn_loss_bbox: 0.0935  d3.dn_loss_iou: 0.2228  d4.dn_loss_cls: 0.0083  d4.dn_loss_bbox: 0.0929  d4.dn_loss_iou: 0.2221
2026/03/18 23:42:15 - mmengine - INFO - Epoch(train) [19][150/245]  base_lr: 8.0461e-05 lr: 8.0461e-05  eta: 7:13:09  time: 1.6992  data_time: 0.0039  memory: 42372  grad_norm: 34.1140  loss: 4.9003  loss_cls: 0.0390  loss_bbox: 0.0889  loss_iou: 0.2272  d0.loss_cls: 0.0671  d0.loss_bbox: 0.0957  d0.loss_iou: 0.2365  d1.loss_cls: 0.0499  d1.loss_bbox: 0.0909  d1.loss_iou: 0.2304  d2.loss_cls: 0.0442  d2.loss_bbox: 0.0896  d2.loss_iou: 0.2281  d3.loss_cls: 0.0415  d3.loss_bbox: 0.0894  d3.loss_iou: 0.2276  d4.loss_cls: 0.0396  d4.loss_bbox: 0.0889  d4.loss_iou: 0.2272  enc_loss_cls: 0.0797  enc_loss_bbox: 0.1098  enc_loss_iou: 0.2580  dn_loss_cls: 0.0089  dn_loss_bbox: 0.0985  dn_loss_iou: 0.2270  d0.dn_loss_cls: 0.0353  d0.dn_loss_bbox: 0.1719  d0.dn_loss_iou: 0.3194  d1.dn_loss_cls: 0.0158  d1.dn_loss_bbox: 0.1129  d1.dn_loss_iou: 0.2445  d2.dn_loss_cls: 0.0118  d2.dn_loss_bbox: 0.1025  d2.dn_loss_iou: 0.2313  d3.dn_loss_cls: 0.0099  d3.dn_loss_bbox: 0.0993  d3.dn_loss_iou: 0.2279  d4.dn_loss_cls: 0.0090  d4.dn_loss_bbox: 0.0986  d4.dn_loss_iou: 0.2270
2026/03/18 23:43:42 - mmengine - INFO - Epoch(train) [19][200/245]  base_lr: 8.0461e-05 lr: 8.0461e-05  eta: 7:11:45  time: 1.7444  data_time: 0.0059  memory: 43851  grad_norm: 30.9188  loss: 4.8171  loss_cls: 0.0340  loss_bbox: 0.0873  loss_iou: 0.2302  d0.loss_cls: 0.0625  d0.loss_bbox: 0.0930  d0.loss_iou: 0.2385  d1.loss_cls: 0.0453  d1.loss_bbox: 0.0888  d1.loss_iou: 0.2328  d2.loss_cls: 0.0391  d2.loss_bbox: 0.0875  d2.loss_iou: 0.2307  d3.loss_cls: 0.0363  d3.loss_bbox: 0.0873  d3.loss_iou: 0.2303  d4.loss_cls: 0.0347  d4.loss_bbox: 0.0872  d4.loss_iou: 0.2300  enc_loss_cls: 0.0751  enc_loss_bbox: 0.1053  enc_loss_iou: 0.2580  dn_loss_cls: 0.0088  dn_loss_bbox: 0.0928  dn_loss_iou: 0.2273  d0.dn_loss_cls: 0.0342  d0.dn_loss_bbox: 0.1609  d0.dn_loss_iou: 0.3172  d1.dn_loss_cls: 0.0155  d1.dn_loss_bbox: 0.1047  d1.dn_loss_iou: 0.2428  d2.dn_loss_cls: 0.0113  d2.dn_loss_bbox: 0.0960  d2.dn_loss_iou: 0.2316  d3.dn_loss_cls: 0.0097  d3.dn_loss_bbox: 0.0934  d3.dn_loss_iou: 0.2282  d4.dn_loss_cls: 0.0090  d4.dn_loss_bbox: 0.0928  d4.dn_loss_iou: 0.2273
2026/03/18 23:45:05 - mmengine - INFO - Exp name: dino_4scale_r50_ruod_120e_pretrained_20260318_211448
2026/03/18 23:46:36 - mmengine - INFO - Epoch(train) [20][ 50/245]  base_lr: 7.9158e-05 lr: 7.9158e-05  eta: 7:09:31  time: 1.8267  data_time: 0.0193  memory: 44303  grad_norm: 31.1392  loss: 4.5915  loss_cls: 0.0307  loss_bbox: 0.0837  loss_iou: 0.2157  d0.loss_cls: 0.0591  d0.loss_bbox: 0.0902  d0.loss_iou: 0.2244  d1.loss_cls: 0.0407  d1.loss_bbox: 0.0858  d1.loss_iou: 0.2185  d2.loss_cls: 0.0356  d2.loss_bbox: 0.0841  d2.loss_iou: 0.2161  d3.loss_cls: 0.0329  d3.loss_bbox: 0.0839  d3.loss_iou: 0.2158  d4.loss_cls: 0.0312  d4.loss_bbox: 0.0836  d4.loss_iou: 0.2155  enc_loss_cls: 0.0721  enc_loss_bbox: 0.1037  enc_loss_iou: 0.2456  dn_loss_cls: 0.0080  dn_loss_bbox: 0.0922  dn_loss_iou: 0.2150  d0.dn_loss_cls: 0.0330  d0.dn_loss_bbox: 0.1638  d0.dn_loss_iou: 0.3061  d1.dn_loss_cls: 0.0140  d1.dn_loss_bbox: 0.1042  d1.dn_loss_iou: 0.2304  d2.dn_loss_cls: 0.0101  d2.dn_loss_bbox: 0.0949  d2.dn_loss_iou: 0.2183  d3.dn_loss_cls: 0.0088  d3.dn_loss_bbox: 0.0927  d3.dn_loss_iou: 0.2157  d4.dn_loss_cls: 0.0082  d4.dn_loss_bbox: 0.0922  d4.dn_loss_iou: 0.2150
2026/03/18 23:48:02 - mmengine - INFO - Epoch(train) [20][100/245]  base_lr: 7.9158e-05 lr: 7.9158e-05  eta: 7:08:02  time: 1.7151  data_time: 0.0035  memory: 42431  grad_norm: 32.0822  loss: 4.6156  loss_cls: 0.0326  loss_bbox: 0.0840  loss_iou: 0.2167  d0.loss_cls: 0.0650  d0.loss_bbox: 0.0898  d0.loss_iou: 0.2246  d1.loss_cls: 0.0454  d1.loss_bbox: 0.0856  d1.loss_iou: 0.2189  d2.loss_cls: 0.0389  d2.loss_bbox: 0.0842  d2.loss_iou: 0.2172  d3.loss_cls: 0.0360  d3.loss_bbox: 0.0840  d3.loss_iou: 0.2164  d4.loss_cls: 0.0335  d4.loss_bbox: 0.0839  d4.loss_iou: 0.2164  enc_loss_cls: 0.0733  enc_loss_bbox: 0.1038  enc_loss_iou: 0.2464  dn_loss_cls: 0.0084  dn_loss_bbox: 0.0909  dn_loss_iou: 0.2162  d0.dn_loss_cls: 0.0334  d0.dn_loss_bbox: 0.1584  d0.dn_loss_iou: 0.3036  d1.dn_loss_cls: 0.0146  d1.dn_loss_bbox: 0.1035  d1.dn_loss_iou: 0.2319  d2.dn_loss_cls: 0.0109  d2.dn_loss_bbox: 0.0939  d2.dn_loss_iou: 0.2202  d3.dn_loss_cls: 0.0093  d3.dn_loss_bbox: 0.0914  d3.dn_loss_iou: 0.2169  d4.dn_loss_cls: 0.0085  d4.dn_loss_bbox: 0.0909  d4.dn_loss_iou: 0.2162
2026/03/18 23:49:28 - mmengine - INFO - Epoch(train) [20][150/245]  base_lr: 7.9158e-05 lr: 7.9158e-05  eta: 7:06:37  time: 1.7351  data_time: 0.0039  memory: 42431  grad_norm: 30.7713  loss: 4.6579  loss_cls: 0.0349  loss_bbox: 0.0848  loss_iou: 0.2186  d0.loss_cls: 0.0633  d0.loss_bbox: 0.0911  d0.loss_iou: 0.2283  d1.loss_cls: 0.0459  d1.loss_bbox: 0.0865  d1.loss_iou: 0.2215  d2.loss_cls: 0.0398  d2.loss_bbox: 0.0854  d2.loss_iou: 0.2197  d3.loss_cls: 0.0366  d3.loss_bbox: 0.0849  d3.loss_iou: 0.2188  d4.loss_cls: 0.0352  d4.loss_bbox: 0.0848  d4.loss_iou: 0.2188  enc_loss_cls: 0.0740  enc_loss_bbox: 0.1053  enc_loss_iou: 0.2495  dn_loss_cls: 0.0079  dn_loss_bbox: 0.0928  dn_loss_iou: 0.2167  d0.dn_loss_cls: 0.0330  d0.dn_loss_bbox: 0.1613  d0.dn_loss_iou: 0.3049  d1.dn_loss_cls: 0.0137  d1.dn_loss_bbox: 0.1047  d1.dn_loss_iou: 0.2325  d2.dn_loss_cls: 0.0100  d2.dn_loss_bbox: 0.0955  d2.dn_loss_iou: 0.2203  d3.dn_loss_cls: 0.0086  d3.dn_loss_bbox: 0.0931  d3.dn_loss_iou: 0.2174  d4.dn_loss_cls: 0.0080  d4.dn_loss_bbox: 0.0928  d4.dn_loss_iou: 0.2167
2026/03/18 23:50:57 - mmengine - INFO - Epoch(train) [20][200/245]  base_lr: 7.9158e-05 lr: 7.9158e-05  eta: 7:05:16  time: 1.7683  data_time: 0.0042  memory: 42431  grad_norm: 30.8755  loss: 4.6232  loss_cls: 0.0317  loss_bbox: 0.0822  loss_iou: 0.2185  d0.loss_cls: 0.0592  d0.loss_bbox: 0.0878  d0.loss_iou: 0.2268  d1.loss_cls: 0.0424  d1.loss_bbox: 0.0841  d1.loss_iou: 0.2214  d2.loss_cls: 0.0365  d2.loss_bbox: 0.0829  d2.loss_iou: 0.2193  d3.loss_cls: 0.0337  d3.loss_bbox: 0.0824  d3.loss_iou: 0.2185  d4.loss_cls: 0.0319  d4.loss_bbox: 0.0822  d4.loss_iou: 0.2185  enc_loss_cls: 0.0731  enc_loss_bbox: 0.1002  enc_loss_iou: 0.2491  dn_loss_cls: 0.0089  dn_loss_bbox: 0.0924  dn_loss_iou: 0.2193  d0.dn_loss_cls: 0.0332  d0.dn_loss_bbox: 0.1563  d0.dn_loss_iou: 0.3051  d1.dn_loss_cls: 0.0148  d1.dn_loss_bbox: 0.1038  d1.dn_loss_iou: 0.2339  d2.dn_loss_cls: 0.0114  d2.dn_loss_bbox: 0.0951  d2.dn_loss_iou: 0.2228  d3.dn_loss_cls: 0.0099  d3.dn_loss_bbox: 0.0928  d3.dn_loss_iou: 0.2200  d4.dn_loss_cls: 0.0090  d4.dn_loss_bbox: 0.0925  d4.dn_loss_iou: 0.2193
2026/03/18 23:52:15 - mmengine - INFO - Exp name: dino_4scale_r50_ruod_120e_pretrained_20260318_211448
2026/03/18 23:52:25 - mmengine - INFO - Epoch(val) [20][ 50/245]    eta: 0:00:41  time: 0.2142  data_time: 0.0273  memory: 42431  
2026/03/18 23:52:35 - mmengine - INFO - Epoch(val) [20][100/245]    eta: 0:00:29  time: 0.1984  data_time: 0.0092  memory: 1538  
2026/03/18 23:52:45 - mmengine - INFO - Epoch(val) [20][150/245]    eta: 0:00:19  time: 0.1997  data_time: 0.0092  memory: 1538  
2026/03/18 23:52:55 - mmengine - INFO - Epoch(val) [20][200/245]    eta: 0:00:09  time: 0.2005  data_time: 0.0090  memory: 1538  
2026/03/18 23:53:10 - mmengine - INFO - Evaluating bbox...
2026/03/18 23:53:34 - mmengine - INFO - bbox_mAP_copypaste: 0.563 0.815 0.606 0.139 0.405 0.629
2026/03/18 23:53:35 - mmengine - INFO - Epoch(val) [20][245/245]    coco/bbox_mAP: 0.5630  coco/bbox_mAP_50: 0.8150  coco/bbox_mAP_75: 0.6060  coco/bbox_mAP_s: 0.1390  coco/bbox_mAP_m: 0.4050  coco/bbox_mAP_l: 0.6290  data_time: 0.0127  time: 0.2024
2026/03/18 23:55:04 - mmengine - INFO - Epoch(train) [21][ 50/245]  base_lr: 7.7855e-05 lr: 7.7855e-05  eta: 7:02:40  time: 1.7883  data_time: 0.0243  memory: 42212  grad_norm: 31.7388  loss: 4.5001  loss_cls: 0.0292  loss_bbox: 0.0817  loss_iou: 0.2130  d0.loss_cls: 0.0551  d0.loss_bbox: 0.0881  d0.loss_iou: 0.2234  d1.loss_cls: 0.0384  d1.loss_bbox: 0.0835  d1.loss_iou: 0.2161  d2.loss_cls: 0.0332  d2.loss_bbox: 0.0822  d2.loss_iou: 0.2140  d3.loss_cls: 0.0307  d3.loss_bbox: 0.0819  d3.loss_iou: 0.2132  d4.loss_cls: 0.0299  d4.loss_bbox: 0.0815  d4.loss_iou: 0.2127  enc_loss_cls: 0.0699  enc_loss_bbox: 0.1011  enc_loss_iou: 0.2436  dn_loss_cls: 0.0078  dn_loss_bbox: 0.0885  dn_loss_iou: 0.2119  d0.dn_loss_cls: 0.0325  d0.dn_loss_bbox: 0.1573  d0.dn_loss_iou: 0.3011  d1.dn_loss_cls: 0.0141  d1.dn_loss_bbox: 0.1007  d1.dn_loss_iou: 0.2276  d2.dn_loss_cls: 0.0103  d2.dn_loss_bbox: 0.0912  d2.dn_loss_iou: 0.2157  d3.dn_loss_cls: 0.0088  d3.dn_loss_bbox: 0.0889  d3.dn_loss_iou: 0.2126  d4.dn_loss_cls: 0.0080  d4.dn_loss_bbox: 0.0885  d4.dn_loss_iou: 0.2119
2026/03/18 23:56:33 - mmengine - INFO - Exp name: dino_4scale_r50_ruod_120e_pretrained_20260318_211448
2026/03/18 23:56:33 - mmengine - INFO - Epoch(train) [21][100/245]  base_lr: 7.7855e-05 lr: 7.7855e-05  eta: 7:01:20  time: 1.7719  data_time: 0.0036  memory: 42372  grad_norm: 33.7976  loss: 4.5652  loss_cls: 0.0304  loss_bbox: 0.0822  loss_iou: 0.2141  d0.loss_cls: 0.0578  d0.loss_bbox: 0.0891  d0.loss_iou: 0.2240  d1.loss_cls: 0.0406  d1.loss_bbox: 0.0846  d1.loss_iou: 0.2178  d2.loss_cls: 0.0352  d2.loss_bbox: 0.0828  d2.loss_iou: 0.2150  d3.loss_cls: 0.0324  d3.loss_bbox: 0.0824  d3.loss_iou: 0.2145  d4.loss_cls: 0.0308  d4.loss_bbox: 0.0822  d4.loss_iou: 0.2142  enc_loss_cls: 0.0729  enc_loss_bbox: 0.1033  enc_loss_iou: 0.2442  dn_loss_cls: 0.0084  dn_loss_bbox: 0.0918  dn_loss_iou: 0.2137  d0.dn_loss_cls: 0.0328  d0.dn_loss_bbox: 0.1627  d0.dn_loss_iou: 0.3036  d1.dn_loss_cls: 0.0143  d1.dn_loss_bbox: 0.1045  d1.dn_loss_iou: 0.2298  d2.dn_loss_cls: 0.0105  d2.dn_loss_bbox: 0.0948  d2.dn_loss_iou: 0.2175  d3.dn_loss_cls: 0.0091  d3.dn_loss_bbox: 0.0924  d3.dn_loss_iou: 0.2145  d4.dn_loss_cls: 0.0085  d4.dn_loss_bbox: 0.0918  d4.dn_loss_iou: 0.2137
2026/03/18 23:58:02 - mmengine - INFO - Epoch(train) [21][150/245]  base_lr: 7.7855e-05 lr: 7.7855e-05  eta: 7:00:01  time: 1.7860  data_time: 0.0041  memory: 42212  grad_norm: 31.4541  loss: 4.4732  loss_cls: 0.0298  loss_bbox: 0.0830  loss_iou: 0.2092  d0.loss_cls: 0.0550  d0.loss_bbox: 0.0889  d0.loss_iou: 0.2184  d1.loss_cls: 0.0383  d1.loss_bbox: 0.0851  d1.loss_iou: 0.2122  d2.loss_cls: 0.0341  d2.loss_bbox: 0.0834  d2.loss_iou: 0.2099  d3.loss_cls: 0.0318  d3.loss_bbox: 0.0829  d3.loss_iou: 0.2090  d4.loss_cls: 0.0302  d4.loss_bbox: 0.0830  d4.loss_iou: 0.2091  enc_loss_cls: 0.0682  enc_loss_bbox: 0.1007  enc_loss_iou: 0.2379  dn_loss_cls: 0.0085  dn_loss_bbox: 0.0914  dn_loss_iou: 0.2101  d0.dn_loss_cls: 0.0319  d0.dn_loss_bbox: 0.1543  d0.dn_loss_iou: 0.2963  d1.dn_loss_cls: 0.0140  d1.dn_loss_bbox: 0.1021  d1.dn_loss_iou: 0.2251  d2.dn_loss_cls: 0.0106  d2.dn_loss_bbox: 0.0935  d2.dn_loss_iou: 0.2136  d3.dn_loss_cls: 0.0092  d3.dn_loss_bbox: 0.0917  d3.dn_loss_iou: 0.2107  d4.dn_loss_cls: 0.0086  d4.dn_loss_bbox: 0.0914  d4.dn_loss_iou: 0.2101
2026/03/18 23:59:34 - mmengine - INFO - Epoch(train) [21][200/245]  base_lr: 7.7855e-05 lr: 7.7855e-05  eta: 6:58:48  time: 1.8293  data_time: 0.0065  memory: 42372  grad_norm: 31.2503  loss: 4.5485  loss_cls: 0.0298  loss_bbox: 0.0817  loss_iou: 0.2168  d0.loss_cls: 0.0573  d0.loss_bbox: 0.0879  d0.loss_iou: 0.2252  d1.loss_cls: 0.0394  d1.loss_bbox: 0.0832  d1.loss_iou: 0.2188  d2.loss_cls: 0.0349  d2.loss_bbox: 0.0821  d2.loss_iou: 0.2173  d3.loss_cls: 0.0321  d3.loss_bbox: 0.0817  d3.loss_iou: 0.2168  d4.loss_cls: 0.0301  d4.loss_bbox: 0.0817  d4.loss_iou: 0.2169  enc_loss_cls: 0.0692  enc_loss_bbox: 0.1014  enc_loss_iou: 0.2464  dn_loss_cls: 0.0081  dn_loss_bbox: 0.0898  dn_loss_iou: 0.2141  d0.dn_loss_cls: 0.0316  d0.dn_loss_bbox: 0.1583  d0.dn_loss_iou: 0.3017  d1.dn_loss_cls: 0.0139  d1.dn_loss_bbox: 0.1025  d1.dn_loss_iou: 0.2297  d2.dn_loss_cls: 0.0104  d2.dn_loss_bbox: 0.0933  d2.dn_loss_iou: 0.2183  d3.dn_loss_cls: 0.0089  d3.dn_loss_bbox: 0.0904  d3.dn_loss_iou: 0.2148  d4.dn_loss_cls: 0.0082  d4.dn_loss_bbox: 0.0899  d4.dn_loss_iou: 0.2141
2026/03/19 00:00:51 - mmengine - INFO - Exp name: dino_4scale_r50_ruod_120e_pretrained_20260318_211448
2026/03/19 00:02:19 - mmengine - INFO - Epoch(train) [22][ 50/245]  base_lr: 7.6553e-05 lr: 7.6553e-05  eta: 6:56:06  time: 1.7591  data_time: 0.0140  memory: 44303  grad_norm: 34.5211  loss: 4.4163  loss_cls: 0.0262  loss_bbox: 0.0810  loss_iou: 0.2067  d0.loss_cls: 0.0530  d0.loss_bbox: 0.0882  d0.loss_iou: 0.2167  d1.loss_cls: 0.0361  d1.loss_bbox: 0.0831  d1.loss_iou: 0.2097  d2.loss_cls: 0.0309  d2.loss_bbox: 0.0816  d2.loss_iou: 0.2074  d3.loss_cls: 0.0280  d3.loss_bbox: 0.0812  d3.loss_iou: 0.2070  d4.loss_cls: 0.0266  d4.loss_bbox: 0.0810  d4.loss_iou: 0.2066  enc_loss_cls: 0.0650  enc_loss_bbox: 0.1015  enc_loss_iou: 0.2380  dn_loss_cls: 0.0077  dn_loss_bbox: 0.0904  dn_loss_iou: 0.2066  d0.dn_loss_cls: 0.0322  d0.dn_loss_bbox: 0.1610  d0.dn_loss_iou: 0.2971  d1.dn_loss_cls: 0.0136  d1.dn_loss_bbox: 0.1035  d1.dn_loss_iou: 0.2224  d2.dn_loss_cls: 0.0099  d2.dn_loss_bbox: 0.0937  d2.dn_loss_iou: 0.2106  d3.dn_loss_cls: 0.0085  d3.dn_loss_bbox: 0.0909  d3.dn_loss_iou: 0.2073  d4.dn_loss_cls: 0.0079  d4.dn_loss_bbox: 0.0905  d4.dn_loss_iou: 0.2067
2026/03/19 00:03:46 - mmengine - INFO - Epoch(train) [22][100/245]  base_lr: 7.6553e-05 lr: 7.6553e-05  eta: 6:54:40  time: 1.7384  data_time: 0.0048  memory: 42431  grad_norm: 32.1353  loss: 4.3434  loss_cls: 0.0255  loss_bbox: 0.0788  loss_iou: 0.2062  d0.loss_cls: 0.0534  d0.loss_bbox: 0.0844  d0.loss_iou: 0.2138  d1.loss_cls: 0.0353  d1.loss_bbox: 0.0803  d1.loss_iou: 0.2082  d2.loss_cls: 0.0302  d2.loss_bbox: 0.0792  d2.loss_iou: 0.2068  d3.loss_cls: 0.0280  d3.loss_bbox: 0.0789  d3.loss_iou: 0.2065  d4.loss_cls: 0.0261  d4.loss_bbox: 0.0789  d4.loss_iou: 0.2062  enc_loss_cls: 0.0651  enc_loss_bbox: 0.0969  enc_loss_iou: 0.2348  dn_loss_cls: 0.0080  dn_loss_bbox: 0.0856  dn_loss_iou: 0.2067  d0.dn_loss_cls: 0.0314  d0.dn_loss_bbox: 0.1493  d0.dn_loss_iou: 0.2940  d1.dn_loss_cls: 0.0137  d1.dn_loss_bbox: 0.0975  d1.dn_loss_iou: 0.2221  d2.dn_loss_cls: 0.0102  d2.dn_loss_bbox: 0.0883  d2.dn_loss_iou: 0.2105  d3.dn_loss_cls: 0.0088  d3.dn_loss_bbox: 0.0861  d3.dn_loss_iou: 0.2074  d4.dn_loss_cls: 0.0081  d4.dn_loss_bbox: 0.0856  d4.dn_loss_iou: 0.2066
2026/03/19 00:05:09 - mmengine - INFO - Epoch(train) [22][150/245]  base_lr: 7.6553e-05 lr: 7.6553e-05  eta: 6:53:04  time: 1.6639  data_time: 0.0043  memory: 42431  grad_norm: 32.7308  loss: 4.5008  loss_cls: 0.0276  loss_bbox: 0.0823  loss_iou: 0.2132  d0.loss_cls: 0.0562  d0.loss_bbox: 0.0883  d0.loss_iou: 0.2216  d1.loss_cls: 0.0390  d1.loss_bbox: 0.0840  d1.loss_iou: 0.2152  d2.loss_cls: 0.0329  d2.loss_bbox: 0.0827  d2.loss_iou: 0.2135  d3.loss_cls: 0.0301  d3.loss_bbox: 0.0823  d3.loss_iou: 0.2129  d4.loss_cls: 0.0284  d4.loss_bbox: 0.0823  d4.loss_iou: 0.2129  enc_loss_cls: 0.0677  enc_loss_bbox: 0.1028  enc_loss_iou: 0.2450  dn_loss_cls: 0.0080  dn_loss_bbox: 0.0899  dn_loss_iou: 0.2115  d0.dn_loss_cls: 0.0331  d0.dn_loss_bbox: 0.1570  d0.dn_loss_iou: 0.2988  d1.dn_loss_cls: 0.0142  d1.dn_loss_bbox: 0.1016  d1.dn_loss_iou: 0.2268  d2.dn_loss_cls: 0.0103  d2.dn_loss_bbox: 0.0928  d2.dn_loss_iou: 0.2150  d3.dn_loss_cls: 0.0088  d3.dn_loss_bbox: 0.0904  d3.dn_loss_iou: 0.2121  d4.dn_loss_cls: 0.0081  d4.dn_loss_bbox: 0.0900  d4.dn_loss_iou: 0.2114
2026/03/19 00:06:35 - mmengine - INFO - Epoch(train) [22][200/245]  base_lr: 7.6553e-05 lr: 7.6553e-05  eta: 6:51:35  time: 1.7147  data_time: 0.0037  memory: 43030  grad_norm: 31.8712  loss: 4.3685  loss_cls: 0.0269  loss_bbox: 0.0783  loss_iou: 0.2030  d0.loss_cls: 0.0541  d0.loss_bbox: 0.0853  d0.loss_iou: 0.2118  d1.loss_cls: 0.0364  d1.loss_bbox: 0.0803  d1.loss_iou: 0.2054  d2.loss_cls: 0.0314  d2.loss_bbox: 0.0788  d2.loss_iou: 0.2033  d3.loss_cls: 0.0292  d3.loss_bbox: 0.0783  d3.loss_iou: 0.2029  d4.loss_cls: 0.0274  d4.loss_bbox: 0.0783  d4.loss_iou: 0.2029  enc_loss_cls: 0.0659  enc_loss_bbox: 0.0995  enc_loss_iou: 0.2339  dn_loss_cls: 0.0085  dn_loss_bbox: 0.0904  dn_loss_iou: 0.2057  d0.dn_loss_cls: 0.0320  d0.dn_loss_bbox: 0.1616  d0.dn_loss_iou: 0.2937  d1.dn_loss_cls: 0.0138  d1.dn_loss_bbox: 0.1038  d1.dn_loss_iou: 0.2207  d2.dn_loss_cls: 0.0104  d2.dn_loss_bbox: 0.0938  d2.dn_loss_iou: 0.2095  d3.dn_loss_cls: 0.0090  d3.dn_loss_bbox: 0.0911  d3.dn_loss_iou: 0.2064  d4.dn_loss_cls: 0.0085  d4.dn_loss_bbox: 0.0905  d4.dn_loss_iou: 0.2057
2026/03/19 00:07:51 - mmengine - INFO - Exp name: dino_4scale_r50_ruod_120e_pretrained_20260318_211448
2026/03/19 00:08:02 - mmengine - INFO - Epoch(val) [22][ 50/245]    eta: 0:00:41  time: 0.2141  data_time: 0.0272  memory: 42372  
2026/03/19 00:08:12 - mmengine - INFO - Epoch(val) [22][100/245]    eta: 0:00:30  time: 0.2004  data_time: 0.0089  memory: 1538  
2026/03/19 00:08:22 - mmengine - INFO - Epoch(val) [22][150/245]    eta: 0:00:19  time: 0.1998  data_time: 0.0094  memory: 1538  
2026/03/19 00:08:32 - mmengine - INFO - Epoch(val) [22][200/245]    eta: 0:00:09  time: 0.1985  data_time: 0.0091  memory: 1538  
2026/03/19 00:08:47 - mmengine - INFO - Evaluating bbox...
2026/03/19 00:09:10 - mmengine - INFO - bbox_mAP_copypaste: 0.561 0.811 0.599 0.127 0.404 0.628
2026/03/19 00:09:10 - mmengine - INFO - Epoch(val) [22][245/245]    coco/bbox_mAP: 0.5610  coco/bbox_mAP_50: 0.8110  coco/bbox_mAP_75: 0.5990  coco/bbox_mAP_s: 0.1270  coco/bbox_mAP_m: 0.4040  coco/bbox_mAP_l: 0.6280  data_time: 0.0127  time: 0.2024
2026/03/19 00:10:43 - mmengine - INFO - Epoch(train) [23][ 50/245]  base_lr: 7.5250e-05 lr: 7.5250e-05  eta: 6:48:59  time: 1.8448  data_time: 0.0297  memory: 42423  grad_norm: 31.9372  loss: 4.2759  loss_cls: 0.0260  loss_bbox: 0.0754  loss_iou: 0.2042  d0.loss_cls: 0.0545  d0.loss_bbox: 0.0813  d0.loss_iou: 0.2132  d1.loss_cls: 0.0363  d1.loss_bbox: 0.0772  d1.loss_iou: 0.2069  d2.loss_cls: 0.0305  d2.loss_bbox: 0.0759  d2.loss_iou: 0.2050  d3.loss_cls: 0.0277  d3.loss_bbox: 0.0755  d3.loss_iou: 0.2045  d4.loss_cls: 0.0264  d4.loss_bbox: 0.0753  d4.loss_iou: 0.2042  enc_loss_cls: 0.0651  enc_loss_bbox: 0.0931  enc_loss_iou: 0.2324  dn_loss_cls: 0.0083  dn_loss_bbox: 0.0829  dn_loss_iou: 0.2043  d0.dn_loss_cls: 0.0319  d0.dn_loss_bbox: 0.1468  d0.dn_loss_iou: 0.2892  d1.dn_loss_cls: 0.0136  d1.dn_loss_bbox: 0.0935  d1.dn_loss_iou: 0.2188  d2.dn_loss_cls: 0.0101  d2.dn_loss_bbox: 0.0852  d2.dn_loss_iou: 0.2079  d3.dn_loss_cls: 0.0089  d3.dn_loss_bbox: 0.0833  d3.dn_loss_iou: 0.2051  d4.dn_loss_cls: 0.0083  d4.dn_loss_bbox: 0.0829  d4.dn_loss_iou: 0.2043
2026/03/19 00:12:16 - mmengine - INFO - Epoch(train) [23][100/245]  base_lr: 7.5250e-05 lr: 7.5250e-05  eta: 6:47:49  time: 1.8559  data_time: 0.0053  memory: 42212  grad_norm: 33.4828  loss: 4.2891  loss_cls: 0.0226  loss_bbox: 0.0790  loss_iou: 0.2037  d0.loss_cls: 0.0472  d0.loss_bbox: 0.0842  d0.loss_iou: 0.2115  d1.loss_cls: 0.0319  d1.loss_bbox: 0.0800  d1.loss_iou: 0.2058  d2.loss_cls: 0.0270  d2.loss_bbox: 0.0791  d2.loss_iou: 0.2041  d3.loss_cls: 0.0247  d3.loss_bbox: 0.0788  d3.loss_iou: 0.2036  d4.loss_cls: 0.0231  d4.loss_bbox: 0.0788  d4.loss_iou: 0.2036  enc_loss_cls: 0.0614  enc_loss_bbox: 0.0969  enc_loss_iou: 0.2320  dn_loss_cls: 0.0067  dn_loss_bbox: 0.0868  dn_loss_iou: 0.2044  d0.dn_loss_cls: 0.0301  d0.dn_loss_bbox: 0.1544  d0.dn_loss_iou: 0.2924  d1.dn_loss_cls: 0.0125  d1.dn_loss_bbox: 0.0988  d1.dn_loss_iou: 0.2198  d2.dn_loss_cls: 0.0087  d2.dn_loss_bbox: 0.0898  d2.dn_loss_iou: 0.2080  d3.dn_loss_cls: 0.0074  d3.dn_loss_bbox: 0.0873  d3.dn_loss_iou: 0.2051  d4.dn_loss_cls: 0.0068  d4.dn_loss_bbox: 0.0869  d4.dn_loss_iou: 0.2044
2026/03/19 00:13:47 - mmengine - INFO - Epoch(train) [23][150/245]  base_lr: 7.5250e-05 lr: 7.5250e-05  eta: 6:46:33  time: 1.8205  data_time: 0.0056  memory: 42372  grad_norm: 32.1149  loss: 4.3585  loss_cls: 0.0286  loss_bbox: 0.0797  loss_iou: 0.2046  d0.loss_cls: 0.0557  d0.loss_bbox: 0.0847  d0.loss_iou: 0.2122  d1.loss_cls: 0.0377  d1.loss_bbox: 0.0812  d1.loss_iou: 0.2068  d2.loss_cls: 0.0326  d2.loss_bbox: 0.0804  d2.loss_iou: 0.2055  d3.loss_cls: 0.0304  d3.loss_bbox: 0.0799  d3.loss_iou: 0.2047  d4.loss_cls: 0.0291  d4.loss_bbox: 0.0798  d4.loss_iou: 0.2047  enc_loss_cls: 0.0680  enc_loss_bbox: 0.0977  enc_loss_iou: 0.2335  dn_loss_cls: 0.0088  dn_loss_bbox: 0.0869  dn_loss_iou: 0.2048  d0.dn_loss_cls: 0.0319  d0.dn_loss_bbox: 0.1542  d0.dn_loss_iou: 0.2919  d1.dn_loss_cls: 0.0142  d1.dn_loss_bbox: 0.0982  d1.dn_loss_iou: 0.2191  d2.dn_loss_cls: 0.0108  d2.dn_loss_bbox: 0.0895  d2.dn_loss_iou: 0.2083  d3.dn_loss_cls: 0.0094  d3.dn_loss_bbox: 0.0874  d3.dn_loss_iou: 0.2055  d4.dn_loss_cls: 0.0089  d4.dn_loss_bbox: 0.0868  d4.dn_loss_iou: 0.2048
2026/03/19 00:15:19 - mmengine - INFO - Epoch(train) [23][200/245]  base_lr: 7.5250e-05 lr: 7.5250e-05  eta: 6:45:21  time: 1.8508  data_time: 0.0053  memory: 42431  grad_norm: 36.1521  loss: 4.3304  loss_cls: 0.0251  loss_bbox: 0.0782  loss_iou: 0.2037  d0.loss_cls: 0.0511  d0.loss_bbox: 0.0843  d0.loss_iou: 0.2131  d1.loss_cls: 0.0350  d1.loss_bbox: 0.0802  d1.loss_iou: 0.2065  d2.loss_cls: 0.0300  d2.loss_bbox: 0.0787  d2.loss_iou: 0.2044  d3.loss_cls: 0.0274  d3.loss_bbox: 0.0783  d3.loss_iou: 0.2039  d4.loss_cls: 0.0259  d4.loss_bbox: 0.0782  d4.loss_iou: 0.2036  enc_loss_cls: 0.0652  enc_loss_bbox: 0.0975  enc_loss_iou: 0.2338  dn_loss_cls: 0.0083  dn_loss_bbox: 0.0880  dn_loss_iou: 0.2047  d0.dn_loss_cls: 0.0314  d0.dn_loss_bbox: 0.1558  d0.dn_loss_iou: 0.2922  d1.dn_loss_cls: 0.0137  d1.dn_loss_bbox: 0.0999  d1.dn_loss_iou: 0.2198  d2.dn_loss_cls: 0.0103  d2.dn_loss_bbox: 0.0908  d2.dn_loss_iou: 0.2083  d3.dn_loss_cls: 0.0089  d3.dn_loss_bbox: 0.0884  d3.dn_loss_iou: 0.2051  d4.dn_loss_cls: 0.0083  d4.dn_loss_bbox: 0.0881  d4.dn_loss_iou: 0.2046
2026/03/19 00:16:39 - mmengine - INFO - Exp name: dino_4scale_r50_ruod_120e_pretrained_20260318_211448
2026/03/19 00:18:09 - mmengine - INFO - Epoch(train) [24][ 50/245]  base_lr: 7.3947e-05 lr: 7.3947e-05  eta: 6:42:48  time: 1.8013  data_time: 0.0230  memory: 42431  grad_norm: nan  loss: 4.0996  loss_cls: 0.0217  loss_bbox: 0.0740  loss_iou: 0.1948  d0.loss_cls: 0.0482  d0.loss_bbox: 0.0798  d0.loss_iou: 0.2032  d1.loss_cls: 0.0310  d1.loss_bbox: 0.0758  d1.loss_iou: 0.1974  d2.loss_cls: 0.0265  d2.loss_bbox: 0.0745  d2.loss_iou: 0.1959  d3.loss_cls: 0.0240  d3.loss_bbox: 0.0741  d3.loss_iou: 0.1950  d4.loss_cls: 0.0223  d4.loss_bbox: 0.0739  d4.loss_iou: 0.1948  enc_loss_cls: 0.0584  enc_loss_bbox: 0.0924  enc_loss_iou: 0.2238  dn_loss_cls: 0.0077  dn_loss_bbox: 0.0816  dn_loss_iou: 0.1941  d0.dn_loss_cls: 0.0300  d0.dn_loss_bbox: 0.1498  d0.dn_loss_iou: 0.2808  d1.dn_loss_cls: 0.0124  d1.dn_loss_bbox: 0.0930  d1.dn_loss_iou: 0.2085  d2.dn_loss_cls: 0.0095  d2.dn_loss_bbox: 0.0844  d2.dn_loss_iou: 0.1977  d3.dn_loss_cls: 0.0083  d3.dn_loss_bbox: 0.0821  d3.dn_loss_iou: 0.1946  d4.dn_loss_cls: 0.0078  d4.dn_loss_bbox: 0.0816  d4.dn_loss_iou: 0.1940
2026/03/19 00:19:38 - mmengine - INFO - Epoch(train) [24][100/245]  base_lr: 7.3947e-05 lr: 7.3947e-05  eta: 6:41:27  time: 1.7883  data_time: 0.0075  memory: 42431  grad_norm: 35.0563  loss: 4.1842  loss_cls: 0.0204  loss_bbox: 0.0772  loss_iou: 0.1964  d0.loss_cls: 0.0504  d0.loss_bbox: 0.0829  d0.loss_iou: 0.2044  d1.loss_cls: 0.0308  d1.loss_bbox: 0.0789  d1.loss_iou: 0.1989  d2.loss_cls: 0.0256  d2.loss_bbox: 0.0779  d2.loss_iou: 0.1971  d3.loss_cls: 0.0230  d3.loss_bbox: 0.0773  d3.loss_iou: 0.1965  d4.loss_cls: 0.0212  d4.loss_bbox: 0.0772  d4.loss_iou: 0.1963  enc_loss_cls: 0.0589  enc_loss_bbox: 0.0953  enc_loss_iou: 0.2250  dn_loss_cls: 0.0077  dn_loss_bbox: 0.0860  dn_loss_iou: 0.1991  d0.dn_loss_cls: 0.0302  d0.dn_loss_bbox: 0.1513  d0.dn_loss_iou: 0.2846  d1.dn_loss_cls: 0.0132  d1.dn_loss_bbox: 0.0976  d1.dn_loss_iou: 0.2137  d2.dn_loss_cls: 0.0099  d2.dn_loss_bbox: 0.0889  d2.dn_loss_iou: 0.2025  d3.dn_loss_cls: 0.0085  d3.dn_loss_bbox: 0.0865  d3.dn_loss_iou: 0.1998  d4.dn_loss_cls: 0.0078  d4.dn_loss_bbox: 0.0860  d4.dn_loss_iou: 0.1991
2026/03/19 00:21:08 - mmengine - INFO - Epoch(train) [24][150/245]  base_lr: 7.3947e-05 lr: 7.3947e-05  eta: 6:40:06  time: 1.7861  data_time: 0.0060  memory: 44303  grad_norm: 32.9535  loss: 4.1789  loss_cls: 0.0237  loss_bbox: 0.0743  loss_iou: 0.1950  d0.loss_cls: 0.0518  d0.loss_bbox: 0.0805  d0.loss_iou: 0.2042  d1.loss_cls: 0.0341  d1.loss_bbox: 0.0756  d1.loss_iou: 0.1975  d2.loss_cls: 0.0281  d2.loss_bbox: 0.0744  d2.loss_iou: 0.1954  d3.loss_cls: 0.0256  d3.loss_bbox: 0.0741  d3.loss_iou: 0.1949  d4.loss_cls: 0.0241  d4.loss_bbox: 0.0743  d4.loss_iou: 0.1950  enc_loss_cls: 0.0611  enc_loss_bbox: 0.0943  enc_loss_iou: 0.2265  dn_loss_cls: 0.0085  dn_loss_bbox: 0.0858  dn_loss_iou: 0.1993  d0.dn_loss_cls: 0.0306  d0.dn_loss_bbox: 0.1515  d0.dn_loss_iou: 0.2844  d1.dn_loss_cls: 0.0138  d1.dn_loss_bbox: 0.0967  d1.dn_loss_iou: 0.2134  d2.dn_loss_cls: 0.0104  d2.dn_loss_bbox: 0.0884  d2.dn_loss_iou: 0.2027  d3.dn_loss_cls: 0.0091  d3.dn_loss_bbox: 0.0863  d3.dn_loss_iou: 0.2001  d4.dn_loss_cls: 0.0085  d4.dn_loss_bbox: 0.0858  d4.dn_loss_iou: 0.1993
2026/03/19 00:22:38 - mmengine - INFO - Epoch(train) [24][200/245]  base_lr: 7.3947e-05 lr: 7.3947e-05  eta: 6:38:47  time: 1.8028  data_time: 0.0058  memory: 42084  grad_norm: 33.5898  loss: 4.1696  loss_cls: 0.0209  loss_bbox: 0.0754  loss_iou: 0.1991  d0.loss_cls: 0.0485  d0.loss_bbox: 0.0812  d0.loss_iou: 0.2072  d1.loss_cls: 0.0310  d1.loss_bbox: 0.0768  d1.loss_iou: 0.2014  d2.loss_cls: 0.0254  d2.loss_bbox: 0.0759  d2.loss_iou: 0.1998  d3.loss_cls: 0.0230  d3.loss_bbox: 0.0756  d3.loss_iou: 0.1993  d4.loss_cls: 0.0215  d4.loss_bbox: 0.0753  d4.loss_iou: 0.1990  enc_loss_cls: 0.0598  enc_loss_bbox: 0.0956  enc_loss_iou: 0.2300  dn_loss_cls: 0.0066  dn_loss_bbox: 0.0824  dn_loss_iou: 0.1984  d0.dn_loss_cls: 0.0304  d0.dn_loss_bbox: 0.1499  d0.dn_loss_iou: 0.2853  d1.dn_loss_cls: 0.0125  d1.dn_loss_bbox: 0.0945  d1.dn_loss_iou: 0.2139  d2.dn_loss_cls: 0.0089  d2.dn_loss_bbox: 0.0854  d2.dn_loss_iou: 0.2024  d3.dn_loss_cls: 0.0076  d3.dn_loss_bbox: 0.0829  d3.dn_loss_iou: 0.1991  d4.dn_loss_cls: 0.0068  d4.dn_loss_bbox: 0.0824  d4.dn_loss_iou: 0.1985
2026/03/19 00:23:58 - mmengine - INFO - Exp name: dino_4scale_r50_ruod_120e_pretrained_20260318_211448
2026/03/19 00:24:08 - mmengine - INFO - Epoch(val) [24][ 50/245]    eta: 0:00:39  time: 0.2026  data_time: 0.0132  memory: 42431  
2026/03/19 00:24:18 - mmengine - INFO - Epoch(val) [24][100/245]    eta: 0:00:29  time: 0.1980  data_time: 0.0095  memory: 1538  
2026/03/19 00:24:28 - mmengine - INFO - Epoch(val) [24][150/245]    eta: 0:00:19  time: 0.2001  data_time: 0.0086  memory: 1538  
2026/03/19 00:24:38 - mmengine - INFO - Epoch(val) [24][200/245]    eta: 0:00:09  time: 0.2005  data_time: 0.0087  memory: 1538  
2026/03/19 00:24:53 - mmengine - INFO - Evaluating bbox...
2026/03/19 00:25:17 - mmengine - INFO - bbox_mAP_copypaste: 0.554 0.807 0.590 0.126 0.390 0.622
2026/03/19 00:25:17 - mmengine - INFO - Epoch(val) [24][245/245]    coco/bbox_mAP: 0.5540  coco/bbox_mAP_50: 0.8070  coco/bbox_mAP_75: 0.5900  coco/bbox_mAP_s: 0.1260  coco/bbox_mAP_m: 0.3900  coco/bbox_mAP_l: 0.6220  data_time: 0.0098  time: 0.2001
2026/03/19 00:26:46 - mmengine - INFO - Epoch(train) [25][ 50/245]  base_lr: 7.2645e-05 lr: 7.2645e-05  eta: 6:36:10  time: 1.7686  data_time: 0.0174  memory: 42431  grad_norm: 32.2285  loss: 4.0153  loss_cls: 0.0181  loss_bbox: 0.0737  loss_iou: 0.1890  d0.loss_cls: 0.0430  d0.loss_bbox: 0.0790  d0.loss_iou: 0.1978  d1.loss_cls: 0.0274  d1.loss_bbox: 0.0750  d1.loss_iou: 0.1911  d2.loss_cls: 0.0221  d2.loss_bbox: 0.0739  d2.loss_iou: 0.1896  d3.loss_cls: 0.0201  d3.loss_bbox: 0.0737  d3.loss_iou: 0.1891  d4.loss_cls: 0.0187  d4.loss_bbox: 0.0736  d4.loss_iou: 0.1889  enc_loss_cls: 0.0556  enc_loss_bbox: 0.0919  enc_loss_iou: 0.2180  dn_loss_cls: 0.0077  dn_loss_bbox: 0.0820  dn_loss_iou: 0.1913  d0.dn_loss_cls: 0.0315  d0.dn_loss_bbox: 0.1489  d0.dn_loss_iou: 0.2774  d1.dn_loss_cls: 0.0138  d1.dn_loss_bbox: 0.0935  d1.dn_loss_iou: 0.2059  d2.dn_loss_cls: 0.0100  d2.dn_loss_bbox: 0.0848  d2.dn_loss_iou: 0.1952  d3.dn_loss_cls: 0.0085  d3.dn_loss_bbox: 0.0825  d3.dn_loss_iou: 0.1921  d4.dn_loss_cls: 0.0078  d4.dn_loss_bbox: 0.0820  d4.dn_loss_iou: 0.1914
2026/03/19 00:28:12 - mmengine - INFO - Epoch(train) [25][100/245]  base_lr: 7.2645e-05 lr: 7.2645e-05  eta: 6:34:41  time: 1.7173  data_time: 0.0055  memory: 43851  grad_norm: 33.8630  loss: 4.0325  loss_cls: 0.0205  loss_bbox: 0.0723  loss_iou: 0.1907  d0.loss_cls: 0.0448  d0.loss_bbox: 0.0790  d0.loss_iou: 0.2001  d1.loss_cls: 0.0281  d1.loss_bbox: 0.0744  d1.loss_iou: 0.1937  d2.loss_cls: 0.0238  d2.loss_bbox: 0.0727  d2.loss_iou: 0.1913  d3.loss_cls: 0.0221  d3.loss_bbox: 0.0723  d3.loss_iou: 0.1907  d4.loss_cls: 0.0209  d4.loss_bbox: 0.0723  d4.loss_iou: 0.1906  enc_loss_cls: 0.0558  enc_loss_bbox: 0.0913  enc_loss_iou: 0.2206  dn_loss_cls: 0.0079  dn_loss_bbox: 0.0812  dn_loss_iou: 0.1922  d0.dn_loss_cls: 0.0293  d0.dn_loss_bbox: 0.1470  d0.dn_loss_iou: 0.2809  d1.dn_loss_cls: 0.0126  d1.dn_loss_bbox: 0.0930  d1.dn_loss_iou: 0.2079  d2.dn_loss_cls: 0.0093  d2.dn_loss_bbox: 0.0837  d2.dn_loss_iou: 0.1957  d3.dn_loss_cls: 0.0083  d3.dn_loss_bbox: 0.0816  d3.dn_loss_iou: 0.1927  d4.dn_loss_cls: 0.0078  d4.dn_loss_bbox: 0.0812  d4.dn_loss_iou: 0.1921
2026/03/19 00:28:47 - mmengine - INFO - Exp name: dino_4scale_r50_ruod_120e_pretrained_20260318_211448
2026/03/19 00:29:38 - mmengine - INFO - Epoch(train) [25][150/245]  base_lr: 7.2645e-05 lr: 7.2645e-05  eta: 6:33:11  time: 1.7154  data_time: 0.0060  memory: 42431  grad_norm: 34.7915  loss: 4.1037  loss_cls: 0.0198  loss_bbox: 0.0743  loss_iou: 0.1978  d0.loss_cls: 0.0452  d0.loss_bbox: 0.0800  d0.loss_iou: 0.2065  d1.loss_cls: 0.0291  d1.loss_bbox: 0.0755  d1.loss_iou: 0.2004  d2.loss_cls: 0.0242  d2.loss_bbox: 0.0745  d2.loss_iou: 0.1985  d3.loss_cls: 0.0218  d3.loss_bbox: 0.0744  d3.loss_iou: 0.1981  d4.loss_cls: 0.0203  d4.loss_bbox: 0.0743  d4.loss_iou: 0.1978  enc_loss_cls: 0.0580  enc_loss_bbox: 0.0931  enc_loss_iou: 0.2283  dn_loss_cls: 0.0070  dn_loss_bbox: 0.0809  dn_loss_iou: 0.1969  d0.dn_loss_cls: 0.0295  d0.dn_loss_bbox: 0.1430  d0.dn_loss_iou: 0.2783  d1.dn_loss_cls: 0.0121  d1.dn_loss_bbox: 0.0910  d1.dn_loss_iou: 0.2099  d2.dn_loss_cls: 0.0089  d2.dn_loss_bbox: 0.0832  d2.dn_loss_iou: 0.1997  d3.dn_loss_cls: 0.0078  d3.dn_loss_bbox: 0.0814  d3.dn_loss_iou: 0.1973  d4.dn_loss_cls: 0.0072  d4.dn_loss_bbox: 0.0809  d4.dn_loss_iou: 0.1969
2026/03/19 00:31:04 - mmengine - INFO - Epoch(train) [25][200/245]  base_lr: 7.2645e-05 lr: 7.2645e-05  eta: 6:31:43  time: 1.7240  data_time: 0.0056  memory: 42205  grad_norm: 33.2615  loss: 4.1404  loss_cls: 0.0222  loss_bbox: 0.0741  loss_iou: 0.1971  d0.loss_cls: 0.0475  d0.loss_bbox: 0.0803  d0.loss_iou: 0.2062  d1.loss_cls: 0.0312  d1.loss_bbox: 0.0758  d1.loss_iou: 0.1995  d2.loss_cls: 0.0267  d2.loss_bbox: 0.0747  d2.loss_iou: 0.1979  d3.loss_cls: 0.0245  d3.loss_bbox: 0.0743  d3.loss_iou: 0.1971  d4.loss_cls: 0.0227  d4.loss_bbox: 0.0741  d4.loss_iou: 0.1971  enc_loss_cls: 0.0584  enc_loss_bbox: 0.0935  enc_loss_iou: 0.2281  dn_loss_cls: 0.0078  dn_loss_bbox: 0.0818  dn_loss_iou: 0.1979  d0.dn_loss_cls: 0.0297  d0.dn_loss_bbox: 0.1458  d0.dn_loss_iou: 0.2842  d1.dn_loss_cls: 0.0126  d1.dn_loss_bbox: 0.0928  d1.dn_loss_iou: 0.2126  d2.dn_loss_cls: 0.0095  d2.dn_loss_bbox: 0.0844  d2.dn_loss_iou: 0.2013  d3.dn_loss_cls: 0.0084  d3.dn_loss_bbox: 0.0822  d3.dn_loss_iou: 0.1986  d4.dn_loss_cls: 0.0078  d4.dn_loss_bbox: 0.0818  d4.dn_loss_iou: 0.1980
2026/03/19 00:32:20 - mmengine - INFO - Exp name: dino_4scale_r50_ruod_120e_pretrained_20260318_211448
2026/03/19 00:33:47 - mmengine - INFO - Epoch(train) [26][ 50/245]  base_lr: 7.1342e-05 lr: 7.1342e-05  eta: 6:28:54  time: 1.7518  data_time: 0.0201  memory: 42431  grad_norm: 35.1876  loss: 4.0008  loss_cls: 0.0189  loss_bbox: 0.0718  loss_iou: 0.1932  d0.loss_cls: 0.0445  d0.loss_bbox: 0.0767  d0.loss_iou: 0.2001  d1.loss_cls: 0.0276  d1.loss_bbox: 0.0728  d1.loss_iou: 0.1952  d2.loss_cls: 0.0232  d2.loss_bbox: 0.0721  d2.loss_iou: 0.1937  d3.loss_cls: 0.0203  d3.loss_bbox: 0.0720  d3.loss_iou: 0.1933  d4.loss_cls: 0.0192  d4.loss_bbox: 0.0718  d4.loss_iou: 0.1932  enc_loss_cls: 0.0554  enc_loss_bbox: 0.0896  enc_loss_iou: 0.2212  dn_loss_cls: 0.0071  dn_loss_bbox: 0.0771  dn_loss_iou: 0.1933  d0.dn_loss_cls: 0.0298  d0.dn_loss_bbox: 0.1412  d0.dn_loss_iou: 0.2773  d1.dn_loss_cls: 0.0126  d1.dn_loss_bbox: 0.0877  d1.dn_loss_iou: 0.2069  d2.dn_loss_cls: 0.0092  d2.dn_loss_bbox: 0.0796  d2.dn_loss_iou: 0.1967  d3.dn_loss_cls: 0.0077  d3.dn_loss_bbox: 0.0775  d3.dn_loss_iou: 0.1939  d4.dn_loss_cls: 0.0072  d4.dn_loss_bbox: 0.0771  d4.dn_loss_iou: 0.1933
2026/03/19 00:35:13 - mmengine - INFO - Epoch(train) [26][100/245]  base_lr: 7.1342e-05 lr: 7.1342e-05  eta: 6:27:25  time: 1.7152  data_time: 0.0058  memory: 42372  grad_norm: 32.2276  loss: 3.9038  loss_cls: 0.0174  loss_bbox: 0.0713  loss_iou: 0.1858  d0.loss_cls: 0.0411  d0.loss_bbox: 0.0763  d0.loss_iou: 0.1932  d1.loss_cls: 0.0254  d1.loss_bbox: 0.0728  d1.loss_iou: 0.1880  d2.loss_cls: 0.0212  d2.loss_bbox: 0.0715  d2.loss_iou: 0.1858  d3.loss_cls: 0.0191  d3.loss_bbox: 0.0710  d3.loss_iou: 0.1854  d4.loss_cls: 0.0179  d4.loss_bbox: 0.0711  d4.loss_iou: 0.1855  enc_loss_cls: 0.0521  enc_loss_bbox: 0.0887  enc_loss_iou: 0.2130  dn_loss_cls: 0.0067  dn_loss_bbox: 0.0784  dn_loss_iou: 0.1877  d0.dn_loss_cls: 0.0292  d0.dn_loss_bbox: 0.1437  d0.dn_loss_iou: 0.2734  d1.dn_loss_cls: 0.0117  d1.dn_loss_bbox: 0.0894  d1.dn_loss_iou: 0.2018  d2.dn_loss_cls: 0.0083  d2.dn_loss_bbox: 0.0812  d2.dn_loss_iou: 0.1913  d3.dn_loss_cls: 0.0072  d3.dn_loss_bbox: 0.0790  d3.dn_loss_iou: 0.1883  d4.dn_loss_cls: 0.0067  d4.dn_loss_bbox: 0.0785  d4.dn_loss_iou: 0.1876
2026/03/19 00:36:39 - mmengine - INFO - Epoch(train) [26][150/245]  base_lr: 7.1342e-05 lr: 7.1342e-05  eta: 6:25:55  time: 1.7148  data_time: 0.0045  memory: 44303  grad_norm: 33.4680  loss: 3.9671  loss_cls: 0.0201  loss_bbox: 0.0712  loss_iou: 0.1872  d0.loss_cls: 0.0453  d0.loss_bbox: 0.0768  d0.loss_iou: 0.1955  d1.loss_cls: 0.0290  d1.loss_bbox: 0.0723  d1.loss_iou: 0.1891  d2.loss_cls: 0.0239  d2.loss_bbox: 0.0712  d2.loss_iou: 0.1872  d3.loss_cls: 0.0220  d3.loss_bbox: 0.0712  d3.loss_iou: 0.1871  d4.loss_cls: 0.0202  d4.loss_bbox: 0.0713  d4.loss_iou: 0.1873  enc_loss_cls: 0.0564  enc_loss_bbox: 0.0907  enc_loss_iou: 0.2169  dn_loss_cls: 0.0074  dn_loss_bbox: 0.0792  dn_loss_iou: 0.1889  d0.dn_loss_cls: 0.0297  d0.dn_loss_bbox: 0.1489  d0.dn_loss_iou: 0.2776  d1.dn_loss_cls: 0.0126  d1.dn_loss_bbox: 0.0906  d1.dn_loss_iou: 0.2038  d2.dn_loss_cls: 0.0093  d2.dn_loss_bbox: 0.0819  d2.dn_loss_iou: 0.1926  d3.dn_loss_cls: 0.0080  d3.dn_loss_bbox: 0.0797  d3.dn_loss_iou: 0.1894  d4.dn_loss_cls: 0.0074  d4.dn_loss_bbox: 0.0792  d4.dn_loss_iou: 0.1889
2026/03/19 00:38:05 - mmengine - INFO - Epoch(train) [26][200/245]  base_lr: 7.1342e-05 lr: 7.1342e-05  eta: 6:24:27  time: 1.7240  data_time: 0.0057  memory: 42431  grad_norm: 31.2230  loss: 3.9840  loss_cls: 0.0192  loss_bbox: 0.0718  loss_iou: 0.1891  d0.loss_cls: 0.0437  d0.loss_bbox: 0.0780  d0.loss_iou: 0.1980  d1.loss_cls: 0.0280  d1.loss_bbox: 0.0734  d1.loss_iou: 0.1915  d2.loss_cls: 0.0235  d2.loss_bbox: 0.0723  d2.loss_iou: 0.1898  d3.loss_cls: 0.0212  d3.loss_bbox: 0.0718  d3.loss_iou: 0.1892  d4.loss_cls: 0.0197  d4.loss_bbox: 0.0718  d4.loss_iou: 0.1891  enc_loss_cls: 0.0553  enc_loss_bbox: 0.0923  enc_loss_iou: 0.2205  dn_loss_cls: 0.0072  dn_loss_bbox: 0.0800  dn_loss_iou: 0.1903  d0.dn_loss_cls: 0.0294  d0.dn_loss_bbox: 0.1433  d0.dn_loss_iou: 0.2747  d1.dn_loss_cls: 0.0121  d1.dn_loss_bbox: 0.0907  d1.dn_loss_iou: 0.2045  d2.dn_loss_cls: 0.0089  d2.dn_loss_bbox: 0.0827  d2.dn_loss_iou: 0.1939  d3.dn_loss_cls: 0.0078  d3.dn_loss_bbox: 0.0805  d3.dn_loss_iou: 0.1910  d4.dn_loss_cls: 0.0073  d4.dn_loss_bbox: 0.0801  d4.dn_loss_iou: 0.1903
2026/03/19 00:39:21 - mmengine - INFO - Exp name: dino_4scale_r50_ruod_120e_pretrained_20260318_211448
2026/03/19 00:39:31 - mmengine - INFO - Epoch(val) [26][ 50/245]    eta: 0:00:39  time: 0.2016  data_time: 0.0114  memory: 42431  
2026/03/19 00:39:41 - mmengine - INFO - Epoch(val) [26][100/245]    eta: 0:00:29  time: 0.2007  data_time: 0.0089  memory: 1538  
2026/03/19 00:39:51 - mmengine - INFO - Epoch(val) [26][150/245]    eta: 0:00:19  time: 0.1998  data_time: 0.0087  memory: 1538  
2026/03/19 00:40:02 - mmengine - INFO - Epoch(val) [26][200/245]    eta: 0:00:09  time: 0.2024  data_time: 0.0086  memory: 1538  
2026/03/19 00:40:16 - mmengine - INFO - Evaluating bbox...
2026/03/19 00:40:40 - mmengine - INFO - bbox_mAP_copypaste: 0.553 0.806 0.587 0.128 0.387 0.622
2026/03/19 00:40:40 - mmengine - INFO - Epoch(val) [26][245/245]    coco/bbox_mAP: 0.5530  coco/bbox_mAP_50: 0.8060  coco/bbox_mAP_75: 0.5870  coco/bbox_mAP_s: 0.1280  coco/bbox_mAP_m: 0.3870  coco/bbox_mAP_l: 0.6220  data_time: 0.0093  time: 0.2008
2026/03/19 00:42:07 - mmengine - INFO - Epoch(train) [27][ 50/245]  base_lr: 7.0039e-05 lr: 7.0039e-05  eta: 6:21:37  time: 1.7244  data_time: 0.0169  memory: 42212  grad_norm: 32.2581  loss: 3.7972  loss_cls: 0.0168  loss_bbox: 0.0687  loss_iou: 0.1787  d0.loss_cls: 0.0418  d0.loss_bbox: 0.0740  d0.loss_iou: 0.1868  d1.loss_cls: 0.0251  d1.loss_bbox: 0.0701  d1.loss_iou: 0.1808  d2.loss_cls: 0.0202  d2.loss_bbox: 0.0692  d2.loss_iou: 0.1793  d3.loss_cls: 0.0178  d3.loss_bbox: 0.0689  d3.loss_iou: 0.1788  d4.loss_cls: 0.0172  d4.loss_bbox: 0.0687  d4.loss_iou: 0.1786  enc_loss_cls: 0.0517  enc_loss_bbox: 0.0870  enc_loss_iou: 0.2086  dn_loss_cls: 0.0067  dn_loss_bbox: 0.0773  dn_loss_iou: 0.1820  d0.dn_loss_cls: 0.0287  d0.dn_loss_bbox: 0.1424  d0.dn_loss_iou: 0.2667  d1.dn_loss_cls: 0.0117  d1.dn_loss_bbox: 0.0884  d1.dn_loss_iou: 0.1961  d2.dn_loss_cls: 0.0086  d2.dn_loss_bbox: 0.0805  d2.dn_loss_iou: 0.1856  d3.dn_loss_cls: 0.0073  d3.dn_loss_bbox: 0.0778  d3.dn_loss_iou: 0.1826  d4.dn_loss_cls: 0.0067  d4.dn_loss_bbox: 0.0773  d4.dn_loss_iou: 0.1820
2026/03/19 00:43:32 - mmengine - INFO - Epoch(train) [27][100/245]  base_lr: 7.0039e-05 lr: 7.0039e-05  eta: 6:20:06  time: 1.7043  data_time: 0.0039  memory: 46376  grad_norm: 35.1801  loss: 3.9651  loss_cls: 0.0170  loss_bbox: 0.0710  loss_iou: 0.1888  d0.loss_cls: 0.0418  d0.loss_bbox: 0.0766  d0.loss_iou: 0.1966  d1.loss_cls: 0.0260  d1.loss_bbox: 0.0725  d1.loss_iou: 0.1908  d2.loss_cls: 0.0214  d2.loss_bbox: 0.0713  d2.loss_iou: 0.1894  d3.loss_cls: 0.0189  d3.loss_bbox: 0.0711  d3.loss_iou: 0.1890  d4.loss_cls: 0.0173  d4.loss_bbox: 0.0710  d4.loss_iou: 0.1889  enc_loss_cls: 0.0521  enc_loss_bbox: 0.0888  enc_loss_iou: 0.2179  dn_loss_cls: 0.0071  dn_loss_bbox: 0.0800  dn_loss_iou: 0.1918  d0.dn_loss_cls: 0.0296  d0.dn_loss_bbox: 0.1450  d0.dn_loss_iou: 0.2774  d1.dn_loss_cls: 0.0122  d1.dn_loss_bbox: 0.0911  d1.dn_loss_iou: 0.2063  d2.dn_loss_cls: 0.0088  d2.dn_loss_bbox: 0.0829  d2.dn_loss_iou: 0.1952  d3.dn_loss_cls: 0.0078  d3.dn_loss_bbox: 0.0804  d3.dn_loss_iou: 0.1924  d4.dn_loss_cls: 0.0072  d4.dn_loss_bbox: 0.0800  d4.dn_loss_iou: 0.1917
2026/03/19 00:44:58 - mmengine - INFO - Epoch(train) [27][150/245]  base_lr: 7.0039e-05 lr: 7.0039e-05  eta: 6:18:39  time: 1.7328  data_time: 0.0042  memory: 42320  grad_norm: 34.2530  loss: 3.8667  loss_cls: 0.0155  loss_bbox: 0.0712  loss_iou: 0.1795  d0.loss_cls: 0.0395  d0.loss_bbox: 0.0770  d0.loss_iou: 0.1880  d1.loss_cls: 0.0240  d1.loss_bbox: 0.0728  d1.loss_iou: 0.1822  d2.loss_cls: 0.0192  d2.loss_bbox: 0.0715  d2.loss_iou: 0.1803  d3.loss_cls: 0.0169  d3.loss_bbox: 0.0712  d3.loss_iou: 0.1796  d4.loss_cls: 0.0157  d4.loss_bbox: 0.0712  d4.loss_iou: 0.1795  enc_loss_cls: 0.0530  enc_loss_bbox: 0.0893  enc_loss_iou: 0.2085  dn_loss_cls: 0.0068  dn_loss_bbox: 0.0823  dn_loss_iou: 0.1841  d0.dn_loss_cls: 0.0293  d0.dn_loss_bbox: 0.1514  d0.dn_loss_iou: 0.2723  d1.dn_loss_cls: 0.0121  d1.dn_loss_bbox: 0.0942  d1.dn_loss_iou: 0.1987  d2.dn_loss_cls: 0.0087  d2.dn_loss_bbox: 0.0849  d2.dn_loss_iou: 0.1876  d3.dn_loss_cls: 0.0074  d3.dn_loss_bbox: 0.0829  d3.dn_loss_iou: 0.1849  d4.dn_loss_cls: 0.0068  d4.dn_loss_bbox: 0.0824  d4.dn_loss_iou: 0.1841
2026/03/19 00:46:23 - mmengine - INFO - Epoch(train) [27][200/245]  base_lr: 7.0039e-05 lr: 7.0039e-05  eta: 6:17:09  time: 1.7003  data_time: 0.0041  memory: 42423  grad_norm: 32.4873  loss: 3.8225  loss_cls: 0.0167  loss_bbox: 0.0682  loss_iou: 0.1820  d0.loss_cls: 0.0411  d0.loss_bbox: 0.0733  d0.loss_iou: 0.1901  d1.loss_cls: 0.0239  d1.loss_bbox: 0.0696  d1.loss_iou: 0.1846  d2.loss_cls: 0.0198  d2.loss_bbox: 0.0686  d2.loss_iou: 0.1825  d3.loss_cls: 0.0177  d3.loss_bbox: 0.0683  d3.loss_iou: 0.1822  d4.loss_cls: 0.0167  d4.loss_bbox: 0.0682  d4.loss_iou: 0.1820  enc_loss_cls: 0.0511  enc_loss_bbox: 0.0856  enc_loss_iou: 0.2106  dn_loss_cls: 0.0073  dn_loss_bbox: 0.0761  dn_loss_iou: 0.1850  d0.dn_loss_cls: 0.0296  d0.dn_loss_bbox: 0.1407  d0.dn_loss_iou: 0.2685  d1.dn_loss_cls: 0.0127  d1.dn_loss_bbox: 0.0868  d1.dn_loss_iou: 0.1984  d2.dn_loss_cls: 0.0094  d2.dn_loss_bbox: 0.0785  d2.dn_loss_iou: 0.1880  d3.dn_loss_cls: 0.0080  d3.dn_loss_bbox: 0.0766  d3.dn_loss_iou: 0.1855  d4.dn_loss_cls: 0.0073  d4.dn_loss_bbox: 0.0761  d4.dn_loss_iou: 0.1850
2026/03/19 00:47:38 - mmengine - INFO - Exp name: dino_4scale_r50_ruod_120e_pretrained_20260318_211448
2026/03/19 00:49:04 - mmengine - INFO - Epoch(train) [28][ 50/245]  base_lr: 6.8737e-05 lr: 6.8737e-05  eta: 6:14:15  time: 1.7235  data_time: 0.0155  memory: 43851  grad_norm: 33.1897  loss: 3.7476  loss_cls: 0.0143  loss_bbox: 0.0675  loss_iou: 0.1780  d0.loss_cls: 0.0376  d0.loss_bbox: 0.0726  d0.loss_iou: 0.1862  d1.loss_cls: 0.0219  d1.loss_bbox: 0.0690  d1.loss_iou: 0.1804  d2.loss_cls: 0.0182  d2.loss_bbox: 0.0678  d2.loss_iou: 0.1785  d3.loss_cls: 0.0156  d3.loss_bbox: 0.0676  d3.loss_iou: 0.1780  d4.loss_cls: 0.0145  d4.loss_bbox: 0.0675  d4.loss_iou: 0.1780  enc_loss_cls: 0.0476  enc_loss_bbox: 0.0853  enc_loss_iou: 0.2069  dn_loss_cls: 0.0065  dn_loss_bbox: 0.0757  dn_loss_iou: 0.1798  d0.dn_loss_cls: 0.0286  d0.dn_loss_bbox: 0.1428  d0.dn_loss_iou: 0.2694  d1.dn_loss_cls: 0.0115  d1.dn_loss_bbox: 0.0883  d1.dn_loss_iou: 0.1953  d2.dn_loss_cls: 0.0083  d2.dn_loss_bbox: 0.0788  d2.dn_loss_iou: 0.1839  d3.dn_loss_cls: 0.0071  d3.dn_loss_bbox: 0.0762  d3.dn_loss_iou: 0.1805  d4.dn_loss_cls: 0.0066  d4.dn_loss_bbox: 0.0757  d4.dn_loss_iou: 0.1798
2026/03/19 00:50:29 - mmengine - INFO - Epoch(train) [28][100/245]  base_lr: 6.8737e-05 lr: 6.8737e-05  eta: 6:12:45  time: 1.7042  data_time: 0.0036  memory: 42431  grad_norm: 34.2987  loss: 3.6522  loss_cls: 0.0142  loss_bbox: 0.0649  loss_iou: 0.1763  d0.loss_cls: 0.0381  d0.loss_bbox: 0.0699  d0.loss_iou: 0.1844  d1.loss_cls: 0.0219  d1.loss_bbox: 0.0659  d1.loss_iou: 0.1781  d2.loss_cls: 0.0177  d2.loss_bbox: 0.0651  d2.loss_iou: 0.1769  d3.loss_cls: 0.0157  d3.loss_bbox: 0.0650  d3.loss_iou: 0.1765  d4.loss_cls: 0.0145  d4.loss_bbox: 0.0649  d4.loss_iou: 0.1764  enc_loss_cls: 0.0476  enc_loss_bbox: 0.0817  enc_loss_iou: 0.2044  dn_loss_cls: 0.0064  dn_loss_bbox: 0.0701  dn_loss_iou: 0.1772  d0.dn_loss_cls: 0.0284  d0.dn_loss_bbox: 0.1333  d0.dn_loss_iou: 0.2615  d1.dn_loss_cls: 0.0115  d1.dn_loss_bbox: 0.0811  d1.dn_loss_iou: 0.1912  d2.dn_loss_cls: 0.0082  d2.dn_loss_bbox: 0.0731  d2.dn_loss_iou: 0.1809  d3.dn_loss_cls: 0.0069  d3.dn_loss_bbox: 0.0706  d3.dn_loss_iou: 0.1779  d4.dn_loss_cls: 0.0064  d4.dn_loss_bbox: 0.0701  d4.dn_loss_iou: 0.1773
2026/03/19 00:51:56 - mmengine - INFO - Epoch(train) [28][150/245]  base_lr: 6.8737e-05 lr: 6.8737e-05  eta: 6:11:19  time: 1.7455  data_time: 0.0048  memory: 42431  grad_norm: 32.7785  loss: 3.7071  loss_cls: 0.0181  loss_bbox: 0.0665  loss_iou: 0.1750  d0.loss_cls: 0.0422  d0.loss_bbox: 0.0717  d0.loss_iou: 0.1832  d1.loss_cls: 0.0267  d1.loss_bbox: 0.0678  d1.loss_iou: 0.1773  d2.loss_cls: 0.0215  d2.loss_bbox: 0.0667  d2.loss_iou: 0.1755  d3.loss_cls: 0.0195  d3.loss_bbox: 0.0666  d3.loss_iou: 0.1751  d4.loss_cls: 0.0182  d4.loss_bbox: 0.0666  d4.loss_iou: 0.1750  enc_loss_cls: 0.0531  enc_loss_bbox: 0.0838  enc_loss_iou: 0.2038  dn_loss_cls: 0.0060  dn_loss_bbox: 0.0740  dn_loss_iou: 0.1768  d0.dn_loss_cls: 0.0285  d0.dn_loss_bbox: 0.1387  d0.dn_loss_iou: 0.2611  d1.dn_loss_cls: 0.0112  d1.dn_loss_bbox: 0.0854  d1.dn_loss_iou: 0.1911  d2.dn_loss_cls: 0.0079  d2.dn_loss_bbox: 0.0767  d2.dn_loss_iou: 0.1804  d3.dn_loss_cls: 0.0067  d3.dn_loss_bbox: 0.0745  d3.dn_loss_iou: 0.1775  d4.dn_loss_cls: 0.0061  d4.dn_loss_bbox: 0.0740  d4.dn_loss_iou: 0.1768
2026/03/19 00:53:29 - mmengine - INFO - Epoch(train) [28][200/245]  base_lr: 6.8737e-05 lr: 6.8737e-05  eta: 6:10:03  time: 1.8502  data_time: 0.0065  memory: 42372  grad_norm: 33.8240  loss: 3.8604  loss_cls: 0.0152  loss_bbox: 0.0694  loss_iou: 0.1831  d0.loss_cls: 0.0405  d0.loss_bbox: 0.0749  d0.loss_iou: 0.1911  d1.loss_cls: 0.0233  d1.loss_bbox: 0.0711  d1.loss_iou: 0.1852  d2.loss_cls: 0.0191  d2.loss_bbox: 0.0699  d2.loss_iou: 0.1836  d3.loss_cls: 0.0167  d3.loss_bbox: 0.0695  d3.loss_iou: 0.1832  d4.loss_cls: 0.0156  d4.loss_bbox: 0.0694  d4.loss_iou: 0.1830  enc_loss_cls: 0.0514  enc_loss_bbox: 0.0884  enc_loss_iou: 0.2120  dn_loss_cls: 0.0069  dn_loss_bbox: 0.0790  dn_loss_iou: 0.1861  d0.dn_loss_cls: 0.0285  d0.dn_loss_bbox: 0.1449  d0.dn_loss_iou: 0.2713  d1.dn_loss_cls: 0.0115  d1.dn_loss_bbox: 0.0903  d1.dn_loss_iou: 0.2011  d2.dn_loss_cls: 0.0086  d2.dn_loss_bbox: 0.0814  d2.dn_loss_iou: 0.1899  d3.dn_loss_cls: 0.0075  d3.dn_loss_bbox: 0.0794  d3.dn_loss_iou: 0.1866  d4.dn_loss_cls: 0.0070  d4.dn_loss_bbox: 0.0790  d4.dn_loss_iou: 0.1860
2026/03/19 00:54:46 - mmengine - INFO - Exp name: dino_4scale_r50_ruod_120e_pretrained_20260318_211448
2026/03/19 00:54:56 - mmengine - INFO - Epoch(val) [28][ 50/245]    eta: 0:00:39  time: 0.2025  data_time: 0.0118  memory: 42372  
2026/03/19 00:55:06 - mmengine - INFO - Epoch(val) [28][100/245]    eta: 0:00:29  time: 0.2001  data_time: 0.0117  memory: 1538  
2026/03/19 00:55:16 - mmengine - INFO - Epoch(val) [28][150/245]    eta: 0:00:19  time: 0.1999  data_time: 0.0087  memory: 1538  
2026/03/19 00:55:26 - mmengine - INFO - Epoch(val) [28][200/245]    eta: 0:00:09  time: 0.2007  data_time: 0.0089  memory: 1538  
2026/03/19 00:55:41 - mmengine - INFO - Evaluating bbox...
2026/03/19 00:56:04 - mmengine - INFO - bbox_mAP_copypaste: 0.557 0.809 0.593 0.132 0.397 0.626
2026/03/19 00:56:04 - mmengine - INFO - Epoch(val) [28][245/245]    coco/bbox_mAP: 0.5570  coco/bbox_mAP_50: 0.8090  coco/bbox_mAP_75: 0.5930  coco/bbox_mAP_s: 0.1320  coco/bbox_mAP_m: 0.3970  coco/bbox_mAP_l: 0.6260  data_time: 0.0101  time: 0.2000
2026/03/19 00:57:31 - mmengine - INFO - Epoch(train) [29][ 50/245]  base_lr: 6.7434e-05 lr: 6.7434e-05  eta: 6:07:15  time: 1.7318  data_time: 0.0129  memory: 42602  grad_norm: 34.5108  loss: 3.6542  loss_cls: 0.0145  loss_bbox: 0.0642  loss_iou: 0.1730  d0.loss_cls: 0.0392  d0.loss_bbox: 0.0699  d0.loss_iou: 0.1811  d1.loss_cls: 0.0229  d1.loss_bbox: 0.0658  d1.loss_iou: 0.1754  d2.loss_cls: 0.0181  d2.loss_bbox: 0.0646  d2.loss_iou: 0.1735  d3.loss_cls: 0.0160  d3.loss_bbox: 0.0642  d3.loss_iou: 0.1731  d4.loss_cls: 0.0147  d4.loss_bbox: 0.0641  d4.loss_iou: 0.1729  enc_loss_cls: 0.0486  enc_loss_bbox: 0.0817  enc_loss_iou: 0.2012  dn_loss_cls: 0.0063  dn_loss_bbox: 0.0735  dn_loss_iou: 0.1763  d0.dn_loss_cls: 0.0277  d0.dn_loss_bbox: 0.1418  d0.dn_loss_iou: 0.2634  d1.dn_loss_cls: 0.0113  d1.dn_loss_bbox: 0.0857  d1.dn_loss_iou: 0.1908  d2.dn_loss_cls: 0.0082  d2.dn_loss_bbox: 0.0764  d2.dn_loss_iou: 0.1797  d3.dn_loss_cls: 0.0069  d3.dn_loss_bbox: 0.0741  d3.dn_loss_iou: 0.1770  d4.dn_loss_cls: 0.0063  d4.dn_loss_bbox: 0.0736  d4.dn_loss_iou: 0.1764
2026/03/19 00:58:55 - mmengine - INFO - Epoch(train) [29][100/245]  base_lr: 6.7434e-05 lr: 6.7434e-05  eta: 6:05:42  time: 1.6703  data_time: 0.0037  memory: 42319  grad_norm: 36.3069  loss: 3.6501  loss_cls: 0.0137  loss_bbox: 0.0680  loss_iou: 0.1708  d0.loss_cls: 0.0398  d0.loss_bbox: 0.0734  d0.loss_iou: 0.1790  d1.loss_cls: 0.0238  d1.loss_bbox: 0.0692  d1.loss_iou: 0.1729  d2.loss_cls: 0.0179  d2.loss_bbox: 0.0683  d2.loss_iou: 0.1711  d3.loss_cls: 0.0156  d3.loss_bbox: 0.0680  d3.loss_iou: 0.1707  d4.loss_cls: 0.0141  d4.loss_bbox: 0.0681  d4.loss_iou: 0.1707  enc_loss_cls: 0.0475  enc_loss_bbox: 0.0856  enc_loss_iou: 0.2002  dn_loss_cls: 0.0057  dn_loss_bbox: 0.0773  dn_loss_iou: 0.1729  d0.dn_loss_cls: 0.0277  d0.dn_loss_bbox: 0.1404  d0.dn_loss_iou: 0.2570  d1.dn_loss_cls: 0.0108  d1.dn_loss_bbox: 0.0874  d1.dn_loss_iou: 0.1857  d2.dn_loss_cls: 0.0077  d2.dn_loss_bbox: 0.0799  d2.dn_loss_iou: 0.1760  d3.dn_loss_cls: 0.0064  d3.dn_loss_bbox: 0.0777  d3.dn_loss_iou: 0.1733  d4.dn_loss_cls: 0.0057  d4.dn_loss_bbox: 0.0773  d4.dn_loss_iou: 0.1730
2026/03/19 01:00:04 - mmengine - INFO - Exp name: dino_4scale_r50_ruod_120e_pretrained_20260318_211448
2026/03/19 01:00:22 - mmengine - INFO - Epoch(train) [29][150/245]  base_lr: 6.7434e-05 lr: 6.7434e-05  eta: 6:04:16  time: 1.7391  data_time: 0.0041  memory: 42431  grad_norm: 38.5550  loss: 3.7706  loss_cls: 0.0160  loss_bbox: 0.0673  loss_iou: 0.1783  d0.loss_cls: 0.0434  d0.loss_bbox: 0.0736  d0.loss_iou: 0.1873  d1.loss_cls: 0.0238  d1.loss_bbox: 0.0693  d1.loss_iou: 0.1804  d2.loss_cls: 0.0191  d2.loss_bbox: 0.0679  d2.loss_iou: 0.1788  d3.loss_cls: 0.0170  d3.loss_bbox: 0.0675  d3.loss_iou: 0.1785  d4.loss_cls: 0.0162  d4.loss_bbox: 0.0673  d4.loss_iou: 0.1781  enc_loss_cls: 0.0487  enc_loss_bbox: 0.0843  enc_loss_iou: 0.2067  dn_loss_cls: 0.0073  dn_loss_bbox: 0.0771  dn_loss_iou: 0.1811  d0.dn_loss_cls: 0.0280  d0.dn_loss_bbox: 0.1410  d0.dn_loss_iou: 0.2655  d1.dn_loss_cls: 0.0118  d1.dn_loss_bbox: 0.0887  d1.dn_loss_iou: 0.1952  d2.dn_loss_cls: 0.0088  d2.dn_loss_bbox: 0.0798  d2.dn_loss_iou: 0.1844  d3.dn_loss_cls: 0.0079  d3.dn_loss_bbox: 0.0776  d3.dn_loss_iou: 0.1816  d4.dn_loss_cls: 0.0073  d4.dn_loss_bbox: 0.0771  d4.dn_loss_iou: 0.1810
2026/03/19 01:01:46 - mmengine - INFO - Epoch(train) [29][200/245]  base_lr: 6.7434e-05 lr: 6.7434e-05  eta: 6:02:45  time: 1.6921  data_time: 0.0036  memory: 42212  grad_norm: 34.4136  loss: 3.7398  loss_cls: 0.0137  loss_bbox: 0.0650  loss_iou: 0.1818  d0.loss_cls: 0.0401  d0.loss_bbox: 0.0708  d0.loss_iou: 0.1903  d1.loss_cls: 0.0228  d1.loss_bbox: 0.0668  d1.loss_iou: 0.1842  d2.loss_cls: 0.0175  d2.loss_bbox: 0.0655  d2.loss_iou: 0.1822  d3.loss_cls: 0.0152  d3.loss_bbox: 0.0652  d3.loss_iou: 0.1820  d4.loss_cls: 0.0141  d4.loss_bbox: 0.0650  d4.loss_iou: 0.1817  enc_loss_cls: 0.0493  enc_loss_bbox: 0.0835  enc_loss_iou: 0.2119  dn_loss_cls: 0.0064  dn_loss_bbox: 0.0717  dn_loss_iou: 0.1829  d0.dn_loss_cls: 0.0278  d0.dn_loss_bbox: 0.1338  d0.dn_loss_iou: 0.2667  d1.dn_loss_cls: 0.0116  d1.dn_loss_bbox: 0.0816  d1.dn_loss_iou: 0.1965  d2.dn_loss_cls: 0.0083  d2.dn_loss_bbox: 0.0740  d2.dn_loss_iou: 0.1861  d3.dn_loss_cls: 0.0071  d3.dn_loss_bbox: 0.0719  d3.dn_loss_iou: 0.1834  d4.dn_loss_cls: 0.0066  d4.dn_loss_bbox: 0.0717  d4.dn_loss_iou: 0.1829
2026/03/19 01:03:01 - mmengine - INFO - Exp name: dino_4scale_r50_ruod_120e_pretrained_20260318_211448
2026/03/19 01:04:27 - mmengine - INFO - Epoch(train) [30][ 50/245]  base_lr: 6.6132e-05 lr: 6.6132e-05  eta: 5:59:54  time: 1.7186  data_time: 0.0168  memory: 46376  grad_norm: 35.4430  loss: 3.6760  loss_cls: 0.0167  loss_bbox: 0.0646  loss_iou: 0.1723  d0.loss_cls: 0.0396  d0.loss_bbox: 0.0703  d0.loss_iou: 0.1802  d1.loss_cls: 0.0236  d1.loss_bbox: 0.0666  d1.loss_iou: 0.1748  d2.loss_cls: 0.0193  d2.loss_bbox: 0.0650  d2.loss_iou: 0.1729  d3.loss_cls: 0.0174  d3.loss_bbox: 0.0647  d3.loss_iou: 0.1723  d4.loss_cls: 0.0162  d4.loss_bbox: 0.0647  d4.loss_iou: 0.1723  enc_loss_cls: 0.0491  enc_loss_bbox: 0.0809  enc_loss_iou: 0.2002  dn_loss_cls: 0.0074  dn_loss_bbox: 0.0768  dn_loss_iou: 0.1761  d0.dn_loss_cls: 0.0284  d0.dn_loss_bbox: 0.1413  d0.dn_loss_iou: 0.2616  d1.dn_loss_cls: 0.0122  d1.dn_loss_bbox: 0.0876  d1.dn_loss_iou: 0.1903  d2.dn_loss_cls: 0.0091  d2.dn_loss_bbox: 0.0795  d2.dn_loss_iou: 0.1797  d3.dn_loss_cls: 0.0080  d3.dn_loss_bbox: 0.0773  d3.dn_loss_iou: 0.1767  d4.dn_loss_cls: 0.0074  d4.dn_loss_bbox: 0.0768  d4.dn_loss_iou: 0.1761
2026/03/19 01:05:52 - mmengine - INFO - Epoch(train) [30][100/245]  base_lr: 6.6132e-05 lr: 6.6132e-05  eta: 5:58:24  time: 1.6996  data_time: 0.0067  memory: 42137  grad_norm: 32.6008  loss: 3.5224  loss_cls: 0.0136  loss_bbox: 0.0625  loss_iou: 0.1658  d0.loss_cls: 0.0369  d0.loss_bbox: 0.0674  d0.loss_iou: 0.1736  d1.loss_cls: 0.0215  d1.loss_bbox: 0.0639  d1.loss_iou: 0.1678  d2.loss_cls: 0.0166  d2.loss_bbox: 0.0630  d2.loss_iou: 0.1667  d3.loss_cls: 0.0144  d3.loss_bbox: 0.0626  d3.loss_iou: 0.1660  d4.loss_cls: 0.0137  d4.loss_bbox: 0.0625  d4.loss_iou: 0.1658  enc_loss_cls: 0.0473  enc_loss_bbox: 0.0796  enc_loss_iou: 0.1943  dn_loss_cls: 0.0065  dn_loss_bbox: 0.0715  dn_loss_iou: 0.1700  d0.dn_loss_cls: 0.0271  d0.dn_loss_bbox: 0.1356  d0.dn_loss_iou: 0.2545  d1.dn_loss_cls: 0.0114  d1.dn_loss_bbox: 0.0822  d1.dn_loss_iou: 0.1837  d2.dn_loss_cls: 0.0085  d2.dn_loss_bbox: 0.0744  d2.dn_loss_iou: 0.1736  d3.dn_loss_cls: 0.0073  d3.dn_loss_bbox: 0.0721  d3.dn_loss_iou: 0.1706  d4.dn_loss_cls: 0.0067  d4.dn_loss_bbox: 0.0716  d4.dn_loss_iou: 0.1699
2026/03/19 01:07:16 - mmengine - INFO - Epoch(train) [30][150/245]  base_lr: 6.6132e-05 lr: 6.6132e-05  eta: 5:56:51  time: 1.6658  data_time: 0.0040  memory: 42423  grad_norm: 37.1996  loss: 3.6136  loss_cls: 0.0135  loss_bbox: 0.0652  loss_iou: 0.1705  d0.loss_cls: 0.0365  d0.loss_bbox: 0.0713  d0.loss_iou: 0.1793  d1.loss_cls: 0.0216  d1.loss_bbox: 0.0667  d1.loss_iou: 0.1728  d2.loss_cls: 0.0166  d2.loss_bbox: 0.0655  d2.loss_iou: 0.1709  d3.loss_cls: 0.0147  d3.loss_bbox: 0.0652  d3.loss_iou: 0.1706  d4.loss_cls: 0.0137  d4.loss_bbox: 0.0651  d4.loss_iou: 0.1704  enc_loss_cls: 0.0477  enc_loss_bbox: 0.0840  enc_loss_iou: 0.2000  dn_loss_cls: 0.0057  dn_loss_bbox: 0.0735  dn_loss_iou: 0.1736  d0.dn_loss_cls: 0.0268  d0.dn_loss_bbox: 0.1411  d0.dn_loss_iou: 0.2585  d1.dn_loss_cls: 0.0108  d1.dn_loss_bbox: 0.0851  d1.dn_loss_iou: 0.1879  d2.dn_loss_cls: 0.0077  d2.dn_loss_bbox: 0.0763  d2.dn_loss_iou: 0.1771  d3.dn_loss_cls: 0.0064  d3.dn_loss_bbox: 0.0740  d3.dn_loss_iou: 0.1743  d4.dn_loss_cls: 0.0058  d4.dn_loss_bbox: 0.0736  d4.dn_loss_iou: 0.1736
2026/03/19 01:08:41 - mmengine - INFO - Epoch(train) [30][200/245]  base_lr: 6.6132e-05 lr: 6.6132e-05  eta: 5:55:22  time: 1.7058  data_time: 0.0037  memory: 42423  grad_norm: 35.3637  loss: 3.5720  loss_cls: 0.0112  loss_bbox: 0.0656  loss_iou: 0.1709  d0.loss_cls: 0.0350  d0.loss_bbox: 0.0707  d0.loss_iou: 0.1783  d1.loss_cls: 0.0190  d1.loss_bbox: 0.0668  d1.loss_iou: 0.1729  d2.loss_cls: 0.0146  d2.loss_bbox: 0.0656  d2.loss_iou: 0.1711  d3.loss_cls: 0.0128  d3.loss_bbox: 0.0654  d3.loss_iou: 0.1709  d4.loss_cls: 0.0115  d4.loss_bbox: 0.0654  d4.loss_iou: 0.1708  enc_loss_cls: 0.0469  enc_loss_bbox: 0.0831  enc_loss_iou: 0.1987  dn_loss_cls: 0.0056  dn_loss_bbox: 0.0719  dn_loss_iou: 0.1720  d0.dn_loss_cls: 0.0271  d0.dn_loss_bbox: 0.1378  d0.dn_loss_iou: 0.2555  d1.dn_loss_cls: 0.0102  d1.dn_loss_bbox: 0.0829  d1.dn_loss_iou: 0.1847  d2.dn_loss_cls: 0.0074  d2.dn_loss_bbox: 0.0744  d2.dn_loss_iou: 0.1752  d3.dn_loss_cls: 0.0061  d3.dn_loss_bbox: 0.0722  d3.dn_loss_iou: 0.1724  d4.dn_loss_cls: 0.0057  d4.dn_loss_bbox: 0.0719  d4.dn_loss_iou: 0.1720
2026/03/19 01:09:57 - mmengine - INFO - Exp name: dino_4scale_r50_ruod_120e_pretrained_20260318_211448
2026/03/19 01:10:09 - mmengine - INFO - Epoch(val) [30][ 50/245]    eta: 0:00:49  time: 0.2513  data_time: 0.0652  memory: 42431  
2026/03/19 01:10:21 - mmengine - INFO - Epoch(val) [30][100/245]    eta: 0:00:34  time: 0.2203  data_time: 0.0274  memory: 1538  
2026/03/19 01:10:30 - mmengine - INFO - Epoch(val) [30][150/245]    eta: 0:00:21  time: 0.1997  data_time: 0.0098  memory: 1538  
2026/03/19 01:10:41 - mmengine - INFO - Epoch(val) [30][200/245]    eta: 0:00:09  time: 0.2105  data_time: 0.0178  memory: 1538  
2026/03/19 01:10:57 - mmengine - INFO - Evaluating bbox...
2026/03/19 01:11:22 - mmengine - INFO - bbox_mAP_copypaste: 0.553 0.803 0.588 0.123 0.391 0.622
2026/03/19 01:11:23 - mmengine - INFO - Epoch(val) [30][245/245]    coco/bbox_mAP: 0.5530  coco/bbox_mAP_50: 0.8030  coco/bbox_mAP_75: 0.5880  coco/bbox_mAP_s: 0.1230  coco/bbox_mAP_m: 0.3910  coco/bbox_mAP_l: 0.6220  data_time: 0.0264  time: 0.2162
2026/03/19 01:12:53 - mmengine - INFO - Epoch(train) [31][ 50/245]  base_lr: 6.4829e-05 lr: 6.4829e-05  eta: 5:52:39  time: 1.7986  data_time: 0.0276  memory: 42205  grad_norm: 31.7222  loss: 3.5076  loss_cls: 0.0106  loss_bbox: 0.0640  loss_iou: 0.1662  d0.loss_cls: 0.0351  d0.loss_bbox: 0.0690  d0.loss_iou: 0.1738  d1.loss_cls: 0.0186  d1.loss_bbox: 0.0654  d1.loss_iou: 0.1682  d2.loss_cls: 0.0141  d2.loss_bbox: 0.0643  d2.loss_iou: 0.1665  d3.loss_cls: 0.0120  d3.loss_bbox: 0.0641  d3.loss_iou: 0.1661  d4.loss_cls: 0.0109  d4.loss_bbox: 0.0641  d4.loss_iou: 0.1661  enc_loss_cls: 0.0437  enc_loss_bbox: 0.0808  enc_loss_iou: 0.1937  dn_loss_cls: 0.0062  dn_loss_bbox: 0.0725  dn_loss_iou: 0.1690  d0.dn_loss_cls: 0.0267  d0.dn_loss_bbox: 0.1364  d0.dn_loss_iou: 0.2515  d1.dn_loss_cls: 0.0107  d1.dn_loss_bbox: 0.0831  d1.dn_loss_iou: 0.1821  d2.dn_loss_cls: 0.0077  d2.dn_loss_bbox: 0.0751  d2.dn_loss_iou: 0.1724  d3.dn_loss_cls: 0.0067  d3.dn_loss_bbox: 0.0729  d3.dn_loss_iou: 0.1696  d4.dn_loss_cls: 0.0063  d4.dn_loss_bbox: 0.0725  d4.dn_loss_iou: 0.1690
2026/03/19 01:14:21 - mmengine - INFO - Epoch(train) [31][100/245]  base_lr: 6.4829e-05 lr: 6.4829e-05  eta: 5:51:15  time: 1.7667  data_time: 0.0051  memory: 42431  grad_norm: 33.0384  loss: 3.5947  loss_cls: 0.0116  loss_bbox: 0.0636  loss_iou: 0.1697  d0.loss_cls: 0.0372  d0.loss_bbox: 0.0687  d0.loss_iou: 0.1781  d1.loss_cls: 0.0203  d1.loss_bbox: 0.0648  d1.loss_iou: 0.1718  d2.loss_cls: 0.0153  d2.loss_bbox: 0.0640  d2.loss_iou: 0.1700  d3.loss_cls: 0.0134  d3.loss_bbox: 0.0637  d3.loss_iou: 0.1699  d4.loss_cls: 0.0121  d4.loss_bbox: 0.0635  d4.loss_iou: 0.1696  enc_loss_cls: 0.0447  enc_loss_bbox: 0.0813  enc_loss_iou: 0.1989  dn_loss_cls: 0.0069  dn_loss_bbox: 0.0737  dn_loss_iou: 0.1747  d0.dn_loss_cls: 0.0288  d0.dn_loss_bbox: 0.1387  d0.dn_loss_iou: 0.2603  d1.dn_loss_cls: 0.0120  d1.dn_loss_bbox: 0.0843  d1.dn_loss_iou: 0.1883  d2.dn_loss_cls: 0.0086  d2.dn_loss_bbox: 0.0760  d2.dn_loss_iou: 0.1779  d3.dn_loss_cls: 0.0075  d3.dn_loss_bbox: 0.0741  d3.dn_loss_iou: 0.1754  d4.dn_loss_cls: 0.0070  d4.dn_loss_bbox: 0.0737  d4.dn_loss_iou: 0.1746
2026/03/19 01:15:49 - mmengine - INFO - Epoch(train) [31][150/245]  base_lr: 6.4829e-05 lr: 6.4829e-05  eta: 5:49:51  time: 1.7595  data_time: 0.0053  memory: 42431  grad_norm: 33.1031  loss: 3.5474  loss_cls: 0.0113  loss_bbox: 0.0648  loss_iou: 0.1677  d0.loss_cls: 0.0375  d0.loss_bbox: 0.0702  d0.loss_iou: 0.1756  d1.loss_cls: 0.0193  d1.loss_bbox: 0.0662  d1.loss_iou: 0.1702  d2.loss_cls: 0.0152  d2.loss_bbox: 0.0652  d2.loss_iou: 0.1684  d3.loss_cls: 0.0130  d3.loss_bbox: 0.0650  d3.loss_iou: 0.1680  d4.loss_cls: 0.0118  d4.loss_bbox: 0.0649  d4.loss_iou: 0.1678  enc_loss_cls: 0.0455  enc_loss_bbox: 0.0817  enc_loss_iou: 0.1955  dn_loss_cls: 0.0053  dn_loss_bbox: 0.0727  dn_loss_iou: 0.1717  d0.dn_loss_cls: 0.0261  d0.dn_loss_bbox: 0.1351  d0.dn_loss_iou: 0.2557  d1.dn_loss_cls: 0.0100  d1.dn_loss_bbox: 0.0827  d1.dn_loss_iou: 0.1854  d2.dn_loss_cls: 0.0069  d2.dn_loss_bbox: 0.0752  d2.dn_loss_iou: 0.1752  d3.dn_loss_cls: 0.0057  d3.dn_loss_bbox: 0.0731  d3.dn_loss_iou: 0.1723  d4.dn_loss_cls: 0.0053  d4.dn_loss_bbox: 0.0726  d4.dn_loss_iou: 0.1717
2026/03/19 01:17:17 - mmengine - INFO - Epoch(train) [31][200/245]  base_lr: 6.4829e-05 lr: 6.4829e-05  eta: 5:48:26  time: 1.7636  data_time: 0.0052  memory: 42431  grad_norm: 34.8601  loss: 3.5150  loss_cls: 0.0127  loss_bbox: 0.0623  loss_iou: 0.1664  d0.loss_cls: 0.0364  d0.loss_bbox: 0.0677  d0.loss_iou: 0.1745  d1.loss_cls: 0.0202  d1.loss_bbox: 0.0637  d1.loss_iou: 0.1687  d2.loss_cls: 0.0159  d2.loss_bbox: 0.0627  d2.loss_iou: 0.1670  d3.loss_cls: 0.0145  d3.loss_bbox: 0.0623  d3.loss_iou: 0.1663  d4.loss_cls: 0.0133  d4.loss_bbox: 0.0622  d4.loss_iou: 0.1663  enc_loss_cls: 0.0457  enc_loss_bbox: 0.0795  enc_loss_iou: 0.1943  dn_loss_cls: 0.0064  dn_loss_bbox: 0.0701  dn_loss_iou: 0.1696  d0.dn_loss_cls: 0.0280  d0.dn_loss_bbox: 0.1364  d0.dn_loss_iou: 0.2551  d1.dn_loss_cls: 0.0117  d1.dn_loss_bbox: 0.0818  d1.dn_loss_iou: 0.1841  d2.dn_loss_cls: 0.0085  d2.dn_loss_bbox: 0.0731  d2.dn_loss_iou: 0.1733  d3.dn_loss_cls: 0.0072  d3.dn_loss_bbox: 0.0707  d3.dn_loss_iou: 0.1703  d4.dn_loss_cls: 0.0065  d4.dn_loss_bbox: 0.0701  d4.dn_loss_iou: 0.1696
2026/03/19 01:18:36 - mmengine - INFO - Exp name: dino_4scale_r50_ruod_120e_pretrained_20260318_211448
2026/03/19 01:20:05 - mmengine - INFO - Epoch(train) [32][ 50/245]  base_lr: 6.3526e-05 lr: 6.3526e-05  eta: 5:45:46  time: 1.7846  data_time: 0.0265  memory: 42431  grad_norm: 33.4501  loss: 3.3842  loss_cls: 0.0092  loss_bbox: 0.0598  loss_iou: 0.1625  d0.loss_cls: 0.0340  d0.loss_bbox: 0.0647  d0.loss_iou: 0.1700  d1.loss_cls: 0.0174  d1.loss_bbox: 0.0614  d1.loss_iou: 0.1648  d2.loss_cls: 0.0133  d2.loss_bbox: 0.0601  d2.loss_iou: 0.1629  d3.loss_cls: 0.0108  d3.loss_bbox: 0.0599  d3.loss_iou: 0.1625  d4.loss_cls: 0.0094  d4.loss_bbox: 0.0598  d4.loss_iou: 0.1626  enc_loss_cls: 0.0422  enc_loss_bbox: 0.0760  enc_loss_iou: 0.1900  dn_loss_cls: 0.0056  dn_loss_bbox: 0.0662  dn_loss_iou: 0.1652  d0.dn_loss_cls: 0.0268  d0.dn_loss_bbox: 0.1307  d0.dn_loss_iou: 0.2497  d1.dn_loss_cls: 0.0104  d1.dn_loss_bbox: 0.0769  d1.dn_loss_iou: 0.1785  d2.dn_loss_cls: 0.0074  d2.dn_loss_bbox: 0.0689  d2.dn_loss_iou: 0.1686  d3.dn_loss_cls: 0.0061  d3.dn_loss_bbox: 0.0667  d3.dn_loss_iou: 0.1660  d4.dn_loss_cls: 0.0057  d4.dn_loss_bbox: 0.0662  d4.dn_loss_iou: 0.1652
2026/03/19 01:21:34 - mmengine - INFO - Epoch(train) [32][100/245]  base_lr: 6.3526e-05 lr: 6.3526e-05  eta: 5:44:22  time: 1.7789  data_time: 0.0227  memory: 42431  grad_norm: 36.3716  loss: 3.4430  loss_cls: 0.0133  loss_bbox: 0.0611  loss_iou: 0.1640  d0.loss_cls: 0.0387  d0.loss_bbox: 0.0660  d0.loss_iou: 0.1719  d1.loss_cls: 0.0216  d1.loss_bbox: 0.0622  d1.loss_iou: 0.1657  d2.loss_cls: 0.0167  d2.loss_bbox: 0.0614  d2.loss_iou: 0.1644  d3.loss_cls: 0.0144  d3.loss_bbox: 0.0611  d3.loss_iou: 0.1638  d4.loss_cls: 0.0135  d4.loss_bbox: 0.0610  d4.loss_iou: 0.1638  enc_loss_cls: 0.0457  enc_loss_bbox: 0.0784  enc_loss_iou: 0.1927  dn_loss_cls: 0.0054  dn_loss_bbox: 0.0678  dn_loss_iou: 0.1655  d0.dn_loss_cls: 0.0266  d0.dn_loss_bbox: 0.1331  d0.dn_loss_iou: 0.2504  d1.dn_loss_cls: 0.0104  d1.dn_loss_bbox: 0.0783  d1.dn_loss_iou: 0.1789  d2.dn_loss_cls: 0.0072  d2.dn_loss_bbox: 0.0702  d2.dn_loss_iou: 0.1687  d3.dn_loss_cls: 0.0060  d3.dn_loss_bbox: 0.0682  d3.dn_loss_iou: 0.1661  d4.dn_loss_cls: 0.0055  d4.dn_loss_bbox: 0.0678  d4.dn_loss_iou: 0.1656
2026/03/19 01:23:02 - mmengine - INFO - Epoch(train) [32][150/245]  base_lr: 6.3526e-05 lr: 6.3526e-05  eta: 5:42:57  time: 1.7612  data_time: 0.0055  memory: 42320  grad_norm: 37.8450  loss: 3.4455  loss_cls: 0.0100  loss_bbox: 0.0609  loss_iou: 0.1648  d0.loss_cls: 0.0355  d0.loss_bbox: 0.0654  d0.loss_iou: 0.1726  d1.loss_cls: 0.0178  d1.loss_bbox: 0.0621  d1.loss_iou: 0.1670  d2.loss_cls: 0.0132  d2.loss_bbox: 0.0612  d2.loss_iou: 0.1653  d3.loss_cls: 0.0112  d3.loss_bbox: 0.0610  d3.loss_iou: 0.1648  d4.loss_cls: 0.0103  d4.loss_bbox: 0.0609  d4.loss_iou: 0.1648  enc_loss_cls: 0.0429  enc_loss_bbox: 0.0768  enc_loss_iou: 0.1924  dn_loss_cls: 0.0069  dn_loss_bbox: 0.0684  dn_loss_iou: 0.1682  d0.dn_loss_cls: 0.0274  d0.dn_loss_bbox: 0.1305  d0.dn_loss_iou: 0.2521  d1.dn_loss_cls: 0.0115  d1.dn_loss_bbox: 0.0786  d1.dn_loss_iou: 0.1818  d2.dn_loss_cls: 0.0085  d2.dn_loss_bbox: 0.0708  d2.dn_loss_iou: 0.1716  d3.dn_loss_cls: 0.0073  d3.dn_loss_bbox: 0.0688  d3.dn_loss_iou: 0.1688  d4.dn_loss_cls: 0.0069  d4.dn_loss_bbox: 0.0684  d4.dn_loss_iou: 0.1682
2026/03/19 01:24:32 - mmengine - INFO - Epoch(train) [32][200/245]  base_lr: 6.3526e-05 lr: 6.3526e-05  eta: 5:41:36  time: 1.8082  data_time: 0.0049  memory: 44303  grad_norm: 33.6688  loss: 3.4947  loss_cls: 0.0128  loss_bbox: 0.0636  loss_iou: 0.1634  d0.loss_cls: 0.0366  d0.loss_bbox: 0.0688  d0.loss_iou: 0.1715  d1.loss_cls: 0.0206  d1.loss_bbox: 0.0648  d1.loss_iou: 0.1654  d2.loss_cls: 0.0162  d2.loss_bbox: 0.0639  d2.loss_iou: 0.1640  d3.loss_cls: 0.0142  d3.loss_bbox: 0.0637  d3.loss_iou: 0.1636  d4.loss_cls: 0.0129  d4.loss_bbox: 0.0636  d4.loss_iou: 0.1634  enc_loss_cls: 0.0442  enc_loss_bbox: 0.0817  enc_loss_iou: 0.1919  dn_loss_cls: 0.0065  dn_loss_bbox: 0.0725  dn_loss_iou: 0.1671  d0.dn_loss_cls: 0.0276  d0.dn_loss_bbox: 0.1370  d0.dn_loss_iou: 0.2513  d1.dn_loss_cls: 0.0111  d1.dn_loss_bbox: 0.0829  d1.dn_loss_iou: 0.1808  d2.dn_loss_cls: 0.0082  d2.dn_loss_bbox: 0.0748  d2.dn_loss_iou: 0.1704  d3.dn_loss_cls: 0.0070  d3.dn_loss_bbox: 0.0729  d3.dn_loss_iou: 0.1677  d4.dn_loss_cls: 0.0065  d4.dn_loss_bbox: 0.0725  d4.dn_loss_iou: 0.1671
2026/03/19 01:25:53 - mmengine - INFO - Exp name: dino_4scale_r50_ruod_120e_pretrained_20260318_211448
2026/03/19 01:26:03 - mmengine - INFO - Epoch(val) [32][ 50/245]    eta: 0:00:39  time: 0.2003  data_time: 0.0127  memory: 42431  
2026/03/19 01:26:13 - mmengine - INFO - Epoch(val) [32][100/245]    eta: 0:00:29  time: 0.2003  data_time: 0.0098  memory: 1538  
2026/03/19 01:26:23 - mmengine - INFO - Epoch(val) [32][150/245]    eta: 0:00:19  time: 0.2015  data_time: 0.0102  memory: 1538  
2026/03/19 01:26:33 - mmengine - INFO - Epoch(val) [32][200/245]    eta: 0:00:09  time: 0.2006  data_time: 0.0104  memory: 1538  
2026/03/19 01:26:50 - mmengine - INFO - Evaluating bbox...
2026/03/19 01:27:16 - mmengine - INFO - bbox_mAP_copypaste: 0.548 0.804 0.578 0.124 0.391 0.618
2026/03/19 01:27:17 - mmengine - INFO - Epoch(val) [32][245/245]    coco/bbox_mAP: 0.5480  coco/bbox_mAP_50: 0.8040  coco/bbox_mAP_75: 0.5780  coco/bbox_mAP_s: 0.1240  coco/bbox_mAP_m: 0.3910  coco/bbox_mAP_l: 0.6180  data_time: 0.0106  time: 0.2004
2026/03/19 01:28:49 - mmengine - INFO - Epoch(train) [33][ 50/245]  base_lr: 6.2224e-05 lr: 6.2224e-05  eta: 5:39:03  time: 1.8408  data_time: 0.0213  memory: 42431  grad_norm: nan  loss: 3.3230  loss_cls: 0.0092  loss_bbox: 0.0593  loss_iou: 0.1566  d0.loss_cls: 0.0305  d0.loss_bbox: 0.0640  d0.loss_iou: 0.1634  d1.loss_cls: 0.0147  d1.loss_bbox: 0.0603  d1.loss_iou: 0.1582  d2.loss_cls: 0.0112  d2.loss_bbox: 0.0596  d2.loss_iou: 0.1570  d3.loss_cls: 0.0096  d3.loss_bbox: 0.0593  d3.loss_iou: 0.1566  d4.loss_cls: 0.0093  d4.loss_bbox: 0.0592  d4.loss_iou: 0.1566  enc_loss_cls: 0.0387  enc_loss_bbox: 0.0759  enc_loss_iou: 0.1835  dn_loss_cls: 0.0063  dn_loss_bbox: 0.0686  dn_loss_iou: 0.1619  d0.dn_loss_cls: 0.0267  d0.dn_loss_bbox: 0.1334  d0.dn_loss_iou: 0.2467  d1.dn_loss_cls: 0.0108  d1.dn_loss_bbox: 0.0801  d1.dn_loss_iou: 0.1759  d2.dn_loss_cls: 0.0080  d2.dn_loss_bbox: 0.0713  d2.dn_loss_iou: 0.1652  d3.dn_loss_cls: 0.0069  d3.dn_loss_bbox: 0.0691  d3.dn_loss_iou: 0.1625  d4.dn_loss_cls: 0.0064  d4.dn_loss_bbox: 0.0687  d4.dn_loss_iou: 0.1619
2026/03/19 01:30:18 - mmengine - INFO - Epoch(train) [33][100/245]  base_lr: 6.2224e-05 lr: 6.2224e-05  eta: 5:37:40  time: 1.7851  data_time: 0.0046  memory: 42431  grad_norm: 34.9334  loss: 3.3859  loss_cls: 0.0105  loss_bbox: 0.0596  loss_iou: 0.1610  d0.loss_cls: 0.0347  d0.loss_bbox: 0.0648  d0.loss_iou: 0.1694  d1.loss_cls: 0.0204  d1.loss_bbox: 0.0611  d1.loss_iou: 0.1637  d2.loss_cls: 0.0140  d2.loss_bbox: 0.0602  d2.loss_iou: 0.1618  d3.loss_cls: 0.0122  d3.loss_bbox: 0.0597  d3.loss_iou: 0.1612  d4.loss_cls: 0.0108  d4.loss_bbox: 0.0596  d4.loss_iou: 0.1610  enc_loss_cls: 0.0432  enc_loss_bbox: 0.0770  enc_loss_iou: 0.1900  dn_loss_cls: 0.0064  dn_loss_bbox: 0.0666  dn_loss_iou: 0.1641  d0.dn_loss_cls: 0.0270  d0.dn_loss_bbox: 0.1302  d0.dn_loss_iou: 0.2485  d1.dn_loss_cls: 0.0113  d1.dn_loss_bbox: 0.0771  d1.dn_loss_iou: 0.1780  d2.dn_loss_cls: 0.0081  d2.dn_loss_bbox: 0.0693  d2.dn_loss_iou: 0.1676  d3.dn_loss_cls: 0.0070  d3.dn_loss_bbox: 0.0671  d3.dn_loss_iou: 0.1648  d4.dn_loss_cls: 0.0065  d4.dn_loss_bbox: 0.0666  d4.dn_loss_iou: 0.1641
2026/03/19 01:31:48 - mmengine - INFO - Epoch(train) [33][150/245]  base_lr: 6.2224e-05 lr: 6.2224e-05  eta: 5:36:17  time: 1.7951  data_time: 0.0055  memory: 46149  grad_norm: 35.2201  loss: 3.3938  loss_cls: 0.0115  loss_bbox: 0.0616  loss_iou: 0.1587  d0.loss_cls: 0.0372  d0.loss_bbox: 0.0667  d0.loss_iou: 0.1655  d1.loss_cls: 0.0197  d1.loss_bbox: 0.0631  d1.loss_iou: 0.1606  d2.loss_cls: 0.0150  d2.loss_bbox: 0.0622  d2.loss_iou: 0.1594  d3.loss_cls: 0.0128  d3.loss_bbox: 0.0617  d3.loss_iou: 0.1588  d4.loss_cls: 0.0119  d4.loss_bbox: 0.0616  d4.loss_iou: 0.1587  enc_loss_cls: 0.0437  enc_loss_bbox: 0.0805  enc_loss_iou: 0.1874  dn_loss_cls: 0.0062  dn_loss_bbox: 0.0691  dn_loss_iou: 0.1626  d0.dn_loss_cls: 0.0261  d0.dn_loss_bbox: 0.1365  d0.dn_loss_iou: 0.2472  d1.dn_loss_cls: 0.0101  d1.dn_loss_bbox: 0.0800  d1.dn_loss_iou: 0.1753  d2.dn_loss_cls: 0.0078  d2.dn_loss_bbox: 0.0718  d2.dn_loss_iou: 0.1658  d3.dn_loss_cls: 0.0066  d3.dn_loss_bbox: 0.0696  d3.dn_loss_iou: 0.1630  d4.dn_loss_cls: 0.0062  d4.dn_loss_bbox: 0.0692  d4.dn_loss_iou: 0.1626
2026/03/19 01:32:05 - mmengine - INFO - Exp name: dino_4scale_r50_ruod_120e_pretrained_20260318_211448
2026/03/19 01:33:19 - mmengine - INFO - Epoch(train) [33][200/245]  base_lr: 6.2224e-05 lr: 6.2224e-05  eta: 5:34:56  time: 1.8178  data_time: 0.0069  memory: 42423  grad_norm: 33.5750  loss: 3.3983  loss_cls: 0.0103  loss_bbox: 0.0602  loss_iou: 0.1616  d0.loss_cls: 0.0336  d0.loss_bbox: 0.0647  d0.loss_iou: 0.1687  d1.loss_cls: 0.0177  d1.loss_bbox: 0.0613  d1.loss_iou: 0.1633  d2.loss_cls: 0.0133  d2.loss_bbox: 0.0606  d2.loss_iou: 0.1619  d3.loss_cls: 0.0115  d3.loss_bbox: 0.0603  d3.loss_iou: 0.1616  d4.loss_cls: 0.0106  d4.loss_bbox: 0.0602  d4.loss_iou: 0.1616  enc_loss_cls: 0.0411  enc_loss_bbox: 0.0776  enc_loss_iou: 0.1904  dn_loss_cls: 0.0063  dn_loss_bbox: 0.0688  dn_loss_iou: 0.1651  d0.dn_loss_cls: 0.0269  d0.dn_loss_bbox: 0.1309  d0.dn_loss_iou: 0.2485  d1.dn_loss_cls: 0.0107  d1.dn_loss_bbox: 0.0798  d1.dn_loss_iou: 0.1789  d2.dn_loss_cls: 0.0080  d2.dn_loss_bbox: 0.0714  d2.dn_loss_iou: 0.1686  d3.dn_loss_cls: 0.0068  d3.dn_loss_bbox: 0.0692  d3.dn_loss_iou: 0.1658  d4.dn_loss_cls: 0.0064  d4.dn_loss_bbox: 0.0688  d4.dn_loss_iou: 0.1650
2026/03/19 01:34:39 - mmengine - INFO - Exp name: dino_4scale_r50_ruod_120e_pretrained_20260318_211448
2026/03/19 01:36:15 - mmengine - INFO - Epoch(train) [34][ 50/245]  base_lr: 6.0921e-05 lr: 6.0921e-05  eta: 5:32:26  time: 1.9184  data_time: 0.0157  memory: 46376  grad_norm: 36.1360  loss: 3.3849  loss_cls: 0.0094  loss_bbox: 0.0587  loss_iou: 0.1626  d0.loss_cls: 0.0331  d0.loss_bbox: 0.0637  d0.loss_iou: 0.1714  d1.loss_cls: 0.0170  d1.loss_bbox: 0.0599  d1.loss_iou: 0.1649  d2.loss_cls: 0.0127  d2.loss_bbox: 0.0589  d2.loss_iou: 0.1633  d3.loss_cls: 0.0105  d3.loss_bbox: 0.0588  d3.loss_iou: 0.1626  d4.loss_cls: 0.0095  d4.loss_bbox: 0.0587  d4.loss_iou: 0.1626  enc_loss_cls: 0.0405  enc_loss_bbox: 0.0758  enc_loss_iou: 0.1922  dn_loss_cls: 0.0067  dn_loss_bbox: 0.0661  dn_loss_iou: 0.1655  d0.dn_loss_cls: 0.0275  d0.dn_loss_bbox: 0.1287  d0.dn_loss_iou: 0.2510  d1.dn_loss_cls: 0.0117  d1.dn_loss_bbox: 0.0769  d1.dn_loss_iou: 0.1793  d2.dn_loss_cls: 0.0084  d2.dn_loss_bbox: 0.0687  d2.dn_loss_iou: 0.1691  d3.dn_loss_cls: 0.0073  d3.dn_loss_bbox: 0.0667  d3.dn_loss_iou: 0.1662  d4.dn_loss_cls: 0.0068  d4.dn_loss_bbox: 0.0662  d4.dn_loss_iou: 0.1655
2026/03/19 01:37:44 - mmengine - INFO - Epoch(train) [34][100/245]  base_lr: 6.0921e-05 lr: 6.0921e-05  eta: 5:31:02  time: 1.7828  data_time: 0.0175  memory: 42431  grad_norm: 33.7322  loss: 3.2928  loss_cls: 0.0087  loss_bbox: 0.0598  loss_iou: 0.1558  d0.loss_cls: 0.0315  d0.loss_bbox: 0.0649  d0.loss_iou: 0.1631  d1.loss_cls: 0.0169  d1.loss_bbox: 0.0612  d1.loss_iou: 0.1577  d2.loss_cls: 0.0120  d2.loss_bbox: 0.0601  d2.loss_iou: 0.1560  d3.loss_cls: 0.0101  d3.loss_bbox: 0.0599  d3.loss_iou: 0.1558  d4.loss_cls: 0.0090  d4.loss_bbox: 0.0598  d4.loss_iou: 0.1558  enc_loss_cls: 0.0385  enc_loss_bbox: 0.0779  enc_loss_iou: 0.1851  dn_loss_cls: 0.0055  dn_loss_bbox: 0.0660  dn_loss_iou: 0.1595  d0.dn_loss_cls: 0.0265  d0.dn_loss_bbox: 0.1293  d0.dn_loss_iou: 0.2441  d1.dn_loss_cls: 0.0104  d1.dn_loss_bbox: 0.0766  d1.dn_loss_iou: 0.1728  d2.dn_loss_cls: 0.0073  d2.dn_loss_bbox: 0.0686  d2.dn_loss_iou: 0.1627  d3.dn_loss_cls: 0.0061  d3.dn_loss_bbox: 0.0665  d3.dn_loss_iou: 0.1601  d4.dn_loss_cls: 0.0055  d4.dn_loss_bbox: 0.0660  d4.dn_loss_iou: 0.1595
2026/03/19 01:39:13 - mmengine - INFO - Epoch(train) [34][150/245]  base_lr: 6.0921e-05 lr: 6.0921e-05  eta: 5:29:39  time: 1.7871  data_time: 0.0064  memory: 42431  grad_norm: 34.4726  loss: 3.1981  loss_cls: 0.0086  loss_bbox: 0.0583  loss_iou: 0.1523  d0.loss_cls: 0.0304  d0.loss_bbox: 0.0637  d0.loss_iou: 0.1595  d1.loss_cls: 0.0158  d1.loss_bbox: 0.0598  d1.loss_iou: 0.1546  d2.loss_cls: 0.0117  d2.loss_bbox: 0.0587  d2.loss_iou: 0.1528  d3.loss_cls: 0.0096  d3.loss_bbox: 0.0585  d3.loss_iou: 0.1525  d4.loss_cls: 0.0089  d4.loss_bbox: 0.0583  d4.loss_iou: 0.1522  enc_loss_cls: 0.0399  enc_loss_bbox: 0.0754  enc_loss_iou: 0.1801  dn_loss_cls: 0.0054  dn_loss_bbox: 0.0624  dn_loss_iou: 0.1534  d0.dn_loss_cls: 0.0257  d0.dn_loss_bbox: 0.1287  d0.dn_loss_iou: 0.2363  d1.dn_loss_cls: 0.0103  d1.dn_loss_bbox: 0.0738  d1.dn_loss_iou: 0.1666  d2.dn_loss_cls: 0.0072  d2.dn_loss_bbox: 0.0653  d2.dn_loss_iou: 0.1568  d3.dn_loss_cls: 0.0060  d3.dn_loss_bbox: 0.0630  d3.dn_loss_iou: 0.1540  d4.dn_loss_cls: 0.0055  d4.dn_loss_bbox: 0.0625  d4.dn_loss_iou: 0.1535
2026/03/19 01:40:41 - mmengine - INFO - Epoch(train) [34][200/245]  base_lr: 6.0921e-05 lr: 6.0921e-05  eta: 5:28:13  time: 1.7552  data_time: 0.0065  memory: 42192  grad_norm: 37.4427  loss: 3.3579  loss_cls: 0.0102  loss_bbox: 0.0587  loss_iou: 0.1598  d0.loss_cls: 0.0311  d0.loss_bbox: 0.0642  d0.loss_iou: 0.1683  d1.loss_cls: 0.0165  d1.loss_bbox: 0.0602  d1.loss_iou: 0.1622  d2.loss_cls: 0.0126  d2.loss_bbox: 0.0592  d2.loss_iou: 0.1606  d3.loss_cls: 0.0110  d3.loss_bbox: 0.0588  d3.loss_iou: 0.1601  d4.loss_cls: 0.0103  d4.loss_bbox: 0.0588  d4.loss_iou: 0.1599  enc_loss_cls: 0.0405  enc_loss_bbox: 0.0762  enc_loss_iou: 0.1889  dn_loss_cls: 0.0055  dn_loss_bbox: 0.0685  dn_loss_iou: 0.1636  d0.dn_loss_cls: 0.0251  d0.dn_loss_bbox: 0.1312  d0.dn_loss_iou: 0.2477  d1.dn_loss_cls: 0.0100  d1.dn_loss_bbox: 0.0792  d1.dn_loss_iou: 0.1774  d2.dn_loss_cls: 0.0071  d2.dn_loss_bbox: 0.0709  d2.dn_loss_iou: 0.1670  d3.dn_loss_cls: 0.0060  d3.dn_loss_bbox: 0.0688  d3.dn_loss_iou: 0.1643  d4.dn_loss_cls: 0.0056  d4.dn_loss_bbox: 0.0685  d4.dn_loss_iou: 0.1636
2026/03/19 01:42:00 - mmengine - INFO - Exp name: dino_4scale_r50_ruod_120e_pretrained_20260318_211448
2026/03/19 01:42:11 - mmengine - INFO - Epoch(val) [34][ 50/245]    eta: 0:00:42  time: 0.2184  data_time: 0.0305  memory: 42431  
2026/03/19 01:42:21 - mmengine - INFO - Epoch(val) [34][100/245]    eta: 0:00:30  time: 0.2004  data_time: 0.0112  memory: 1538  
2026/03/19 01:42:31 - mmengine - INFO - Epoch(val) [34][150/245]    eta: 0:00:19  time: 0.1999  data_time: 0.0105  memory: 1538  
2026/03/19 01:42:41 - mmengine - INFO - Epoch(val) [34][200/245]    eta: 0:00:09  time: 0.2004  data_time: 0.0101  memory: 1538  
2026/03/19 01:42:57 - mmengine - INFO - Evaluating bbox...
2026/03/19 01:43:22 - mmengine - INFO - bbox_mAP_copypaste: 0.542 0.795 0.576 0.120 0.383 0.611
2026/03/19 01:43:22 - mmengine - INFO - Epoch(val) [34][245/245]    coco/bbox_mAP: 0.5420  coco/bbox_mAP_50: 0.7950  coco/bbox_mAP_75: 0.5760  coco/bbox_mAP_s: 0.1200  coco/bbox_mAP_m: 0.3830  coco/bbox_mAP_l: 0.6110  data_time: 0.0146  time: 0.2037
2026/03/19 01:44:54 - mmengine - INFO - Epoch(train) [35][ 50/245]  base_lr: 5.9618e-05 lr: 5.9618e-05  eta: 5:25:33  time: 1.8253  data_time: 0.0236  memory: 46149  grad_norm: 35.1920  loss: 3.2119  loss_cls: 0.0082  loss_bbox: 0.0561  loss_iou: 0.1511  d0.loss_cls: 0.0314  d0.loss_bbox: 0.0619  d0.loss_iou: 0.1590  d1.loss_cls: 0.0156  d1.loss_bbox: 0.0579  d1.loss_iou: 0.1533  d2.loss_cls: 0.0112  d2.loss_bbox: 0.0567  d2.loss_iou: 0.1517  d3.loss_cls: 0.0094  d3.loss_bbox: 0.0563  d3.loss_iou: 0.1513  d4.loss_cls: 0.0085  d4.loss_bbox: 0.0561  d4.loss_iou: 0.1511  enc_loss_cls: 0.0377  enc_loss_bbox: 0.0729  enc_loss_iou: 0.1787  dn_loss_cls: 0.0065  dn_loss_bbox: 0.0661  dn_loss_iou: 0.1569  d0.dn_loss_cls: 0.0268  d0.dn_loss_bbox: 0.1278  d0.dn_loss_iou: 0.2386  d1.dn_loss_cls: 0.0114  d1.dn_loss_bbox: 0.0758  d1.dn_loss_iou: 0.1687  d2.dn_loss_cls: 0.0083  d2.dn_loss_bbox: 0.0684  d2.dn_loss_iou: 0.1598  d3.dn_loss_cls: 0.0071  d3.dn_loss_bbox: 0.0665  d3.dn_loss_iou: 0.1574  d4.dn_loss_cls: 0.0066  d4.dn_loss_bbox: 0.0661  d4.dn_loss_iou: 0.1569
2026/03/19 01:46:23 - mmengine - INFO - Epoch(train) [35][100/245]  base_lr: 5.9618e-05 lr: 5.9618e-05  eta: 5:24:10  time: 1.7921  data_time: 0.0052  memory: 42431  grad_norm: 35.1673  loss: 3.1987  loss_cls: 0.0079  loss_bbox: 0.0578  loss_iou: 0.1509  d0.loss_cls: 0.0318  d0.loss_bbox: 0.0626  d0.loss_iou: 0.1588  d1.loss_cls: 0.0150  d1.loss_bbox: 0.0592  d1.loss_iou: 0.1529  d2.loss_cls: 0.0109  d2.loss_bbox: 0.0582  d2.loss_iou: 0.1514  d3.loss_cls: 0.0091  d3.loss_bbox: 0.0579  d3.loss_iou: 0.1510  d4.loss_cls: 0.0081  d4.loss_bbox: 0.0578  d4.loss_iou: 0.1508  enc_loss_cls: 0.0380  enc_loss_bbox: 0.0752  enc_loss_iou: 0.1786  dn_loss_cls: 0.0055  dn_loss_bbox: 0.0650  dn_loss_iou: 0.1543  d0.dn_loss_cls: 0.0266  d0.dn_loss_bbox: 0.1300  d0.dn_loss_iou: 0.2377  d1.dn_loss_cls: 0.0101  d1.dn_loss_bbox: 0.0758  d1.dn_loss_iou: 0.1670  d2.dn_loss_cls: 0.0070  d2.dn_loss_bbox: 0.0677  d2.dn_loss_iou: 0.1571  d3.dn_loss_cls: 0.0059  d3.dn_loss_bbox: 0.0654  d3.dn_loss_iou: 0.1547  d4.dn_loss_cls: 0.0055  d4.dn_loss_bbox: 0.0650  d4.dn_loss_iou: 0.1543
2026/03/19 01:47:51 - mmengine - INFO - Epoch(train) [35][150/245]  base_lr: 5.9618e-05 lr: 5.9618e-05  eta: 5:22:44  time: 1.7661  data_time: 0.0052  memory: 42431  grad_norm: 32.5467  loss: 3.2115  loss_cls: 0.0081  loss_bbox: 0.0570  loss_iou: 0.1535  d0.loss_cls: 0.0308  d0.loss_bbox: 0.0621  d0.loss_iou: 0.1607  d1.loss_cls: 0.0149  d1.loss_bbox: 0.0583  d1.loss_iou: 0.1556  d2.loss_cls: 0.0108  d2.loss_bbox: 0.0573  d2.loss_iou: 0.1541  d3.loss_cls: 0.0093  d3.loss_bbox: 0.0571  d3.loss_iou: 0.1537  d4.loss_cls: 0.0083  d4.loss_bbox: 0.0570  d4.loss_iou: 0.1534  enc_loss_cls: 0.0383  enc_loss_bbox: 0.0737  enc_loss_iou: 0.1803  dn_loss_cls: 0.0057  dn_loss_bbox: 0.0630  dn_loss_iou: 0.1561  d0.dn_loss_cls: 0.0265  d0.dn_loss_bbox: 0.1273  d0.dn_loss_iou: 0.2411  d1.dn_loss_cls: 0.0100  d1.dn_loss_bbox: 0.0740  d1.dn_loss_iou: 0.1697  d2.dn_loss_cls: 0.0073  d2.dn_loss_bbox: 0.0658  d2.dn_loss_iou: 0.1595  d3.dn_loss_cls: 0.0062  d3.dn_loss_bbox: 0.0636  d3.dn_loss_iou: 0.1568  d4.dn_loss_cls: 0.0058  d4.dn_loss_bbox: 0.0630  d4.dn_loss_iou: 0.1561
2026/03/19 01:49:22 - mmengine - INFO - Epoch(train) [35][200/245]  base_lr: 5.9618e-05 lr: 5.9618e-05  eta: 5:21:22  time: 1.8171  data_time: 0.0057  memory: 42431  grad_norm: 32.9600  loss: 3.3273  loss_cls: 0.0094  loss_bbox: 0.0593  loss_iou: 0.1574  d0.loss_cls: 0.0309  d0.loss_bbox: 0.0640  d0.loss_iou: 0.1648  d1.loss_cls: 0.0171  d1.loss_bbox: 0.0607  d1.loss_iou: 0.1593  d2.loss_cls: 0.0127  d2.loss_bbox: 0.0598  d2.loss_iou: 0.1579  d3.loss_cls: 0.0107  d3.loss_bbox: 0.0595  d3.loss_iou: 0.1576  d4.loss_cls: 0.0097  d4.loss_bbox: 0.0593  d4.loss_iou: 0.1574  enc_loss_cls: 0.0403  enc_loss_bbox: 0.0750  enc_loss_iou: 0.1842  dn_loss_cls: 0.0056  dn_loss_bbox: 0.0680  dn_loss_iou: 0.1623  d0.dn_loss_cls: 0.0260  d0.dn_loss_bbox: 0.1321  d0.dn_loss_iou: 0.2460  d1.dn_loss_cls: 0.0102  d1.dn_loss_bbox: 0.0780  d1.dn_loss_iou: 0.1755  d2.dn_loss_cls: 0.0074  d2.dn_loss_bbox: 0.0702  d2.dn_loss_iou: 0.1654  d3.dn_loss_cls: 0.0063  d3.dn_loss_bbox: 0.0684  d3.dn_loss_iou: 0.1628  d4.dn_loss_cls: 0.0057  d4.dn_loss_bbox: 0.0680  d4.dn_loss_iou: 0.1623
2026/03/19 01:50:41 - mmengine - INFO - Exp name: dino_4scale_r50_ruod_120e_pretrained_20260318_211448
2026/03/19 01:52:09 - mmengine - INFO - Epoch(train) [36][ 50/245]  base_lr: 5.8316e-05 lr: 5.8316e-05  eta: 5:18:39  time: 1.7774  data_time: 0.0213  memory: 42431  grad_norm: 32.7359  loss: 3.1564  loss_cls: 0.0072  loss_bbox: 0.0561  loss_iou: 0.1482  d0.loss_cls: 0.0315  d0.loss_bbox: 0.0613  d0.loss_iou: 0.1555  d1.loss_cls: 0.0142  d1.loss_bbox: 0.0573  d1.loss_iou: 0.1501  d2.loss_cls: 0.0102  d2.loss_bbox: 0.0565  d2.loss_iou: 0.1488  d3.loss_cls: 0.0084  d3.loss_bbox: 0.0562  d3.loss_iou: 0.1483  d4.loss_cls: 0.0076  d4.loss_bbox: 0.0561  d4.loss_iou: 0.1482  enc_loss_cls: 0.0374  enc_loss_bbox: 0.0724  enc_loss_iou: 0.1759  dn_loss_cls: 0.0061  dn_loss_bbox: 0.0640  dn_loss_iou: 0.1541  d0.dn_loss_cls: 0.0264  d0.dn_loss_bbox: 0.1278  d0.dn_loss_iou: 0.2380  d1.dn_loss_cls: 0.0104  d1.dn_loss_bbox: 0.0746  d1.dn_loss_iou: 0.1672  d2.dn_loss_cls: 0.0075  d2.dn_loss_bbox: 0.0662  d2.dn_loss_iou: 0.1572  d3.dn_loss_cls: 0.0065  d3.dn_loss_bbox: 0.0643  d3.dn_loss_iou: 0.1546  d4.dn_loss_cls: 0.0062  d4.dn_loss_bbox: 0.0640  d4.dn_loss_iou: 0.1540
2026/03/19 01:53:38 - mmengine - INFO - Epoch(train) [36][100/245]  base_lr: 5.8316e-05 lr: 5.8316e-05  eta: 5:17:13  time: 1.7622  data_time: 0.0165  memory: 42372  grad_norm: 34.4577  loss: 3.1459  loss_cls: 0.0065  loss_bbox: 0.0561  loss_iou: 0.1482  d0.loss_cls: 0.0293  d0.loss_bbox: 0.0610  d0.loss_iou: 0.1553  d1.loss_cls: 0.0137  d1.loss_bbox: 0.0573  d1.loss_iou: 0.1501  d2.loss_cls: 0.0094  d2.loss_bbox: 0.0565  d2.loss_iou: 0.1488  d3.loss_cls: 0.0077  d3.loss_bbox: 0.0562  d3.loss_iou: 0.1483  d4.loss_cls: 0.0069  d4.loss_bbox: 0.0560  d4.loss_iou: 0.1482  enc_loss_cls: 0.0366  enc_loss_bbox: 0.0721  enc_loss_iou: 0.1748  dn_loss_cls: 0.0056  dn_loss_bbox: 0.0660  dn_loss_iou: 0.1537  d0.dn_loss_cls: 0.0253  d0.dn_loss_bbox: 0.1266  d0.dn_loss_iou: 0.2338  d1.dn_loss_cls: 0.0102  d1.dn_loss_bbox: 0.0755  d1.dn_loss_iou: 0.1663  d2.dn_loss_cls: 0.0073  d2.dn_loss_bbox: 0.0681  d2.dn_loss_iou: 0.1567  d3.dn_loss_cls: 0.0062  d3.dn_loss_bbox: 0.0663  d3.dn_loss_iou: 0.1542  d4.dn_loss_cls: 0.0057  d4.dn_loss_bbox: 0.0660  d4.dn_loss_iou: 0.1537
2026/03/19 01:55:05 - mmengine - INFO - Epoch(train) [36][150/245]  base_lr: 5.8316e-05 lr: 5.8316e-05  eta: 5:15:46  time: 1.7433  data_time: 0.0062  memory: 44895  grad_norm: 34.3113  loss: 3.2146  loss_cls: 0.0081  loss_bbox: 0.0575  loss_iou: 0.1517  d0.loss_cls: 0.0304  d0.loss_bbox: 0.0624  d0.loss_iou: 0.1597  d1.loss_cls: 0.0143  d1.loss_bbox: 0.0586  d1.loss_iou: 0.1533  d2.loss_cls: 0.0108  d2.loss_bbox: 0.0577  d2.loss_iou: 0.1520  d3.loss_cls: 0.0090  d3.loss_bbox: 0.0575  d3.loss_iou: 0.1516  d4.loss_cls: 0.0083  d4.loss_bbox: 0.0574  d4.loss_iou: 0.1516  enc_loss_cls: 0.0374  enc_loss_bbox: 0.0740  enc_loss_iou: 0.1800  dn_loss_cls: 0.0060  dn_loss_bbox: 0.0667  dn_loss_iou: 0.1565  d0.dn_loss_cls: 0.0255  d0.dn_loss_bbox: 0.1276  d0.dn_loss_iou: 0.2380  d1.dn_loss_cls: 0.0099  d1.dn_loss_bbox: 0.0766  d1.dn_loss_iou: 0.1692  d2.dn_loss_cls: 0.0071  d2.dn_loss_bbox: 0.0689  d2.dn_loss_iou: 0.1594  d3.dn_loss_cls: 0.0064  d3.dn_loss_bbox: 0.0671  d3.dn_loss_iou: 0.1570  d4.dn_loss_cls: 0.0061  d4.dn_loss_bbox: 0.0667  d4.dn_loss_iou: 0.1565
2026/03/19 01:56:31 - mmengine - INFO - Epoch(train) [36][200/245]  base_lr: 5.8316e-05 lr: 5.8316e-05  eta: 5:14:18  time: 1.7297  data_time: 0.0060  memory: 42431  grad_norm: 39.3986  loss: 3.1841  loss_cls: 0.0098  loss_bbox: 0.0570  loss_iou: 0.1498  d0.loss_cls: 0.0300  d0.loss_bbox: 0.0625  d0.loss_iou: 0.1575  d1.loss_cls: 0.0165  d1.loss_bbox: 0.0586  d1.loss_iou: 0.1519  d2.loss_cls: 0.0122  d2.loss_bbox: 0.0576  d2.loss_iou: 0.1504  d3.loss_cls: 0.0103  d3.loss_bbox: 0.0572  d3.loss_iou: 0.1500  d4.loss_cls: 0.0098  d4.loss_bbox: 0.0571  d4.loss_iou: 0.1498  enc_loss_cls: 0.0404  enc_loss_bbox: 0.0758  enc_loss_iou: 0.1790  dn_loss_cls: 0.0050  dn_loss_bbox: 0.0647  dn_loss_iou: 0.1523  d0.dn_loss_cls: 0.0255  d0.dn_loss_bbox: 0.1295  d0.dn_loss_iou: 0.2376  d1.dn_loss_cls: 0.0098  d1.dn_loss_bbox: 0.0751  d1.dn_loss_iou: 0.1660  d2.dn_loss_cls: 0.0066  d2.dn_loss_bbox: 0.0672  d2.dn_loss_iou: 0.1557  d3.dn_loss_cls: 0.0056  d3.dn_loss_bbox: 0.0653  d3.dn_loss_iou: 0.1530  d4.dn_loss_cls: 0.0051  d4.dn_loss_bbox: 0.0648  d4.dn_loss_iou: 0.1524
2026/03/19 01:57:50 - mmengine - INFO - Exp name: dino_4scale_r50_ruod_120e_pretrained_20260318_211448
2026/03/19 01:58:00 - mmengine - INFO - Epoch(val) [36][ 50/245]    eta: 0:00:39  time: 0.2028  data_time: 0.0137  memory: 42431  
2026/03/19 01:58:10 - mmengine - INFO - Epoch(val) [36][100/245]    eta: 0:00:29  time: 0.2002  data_time: 0.0098  memory: 1538  
2026/03/19 01:58:20 - mmengine - INFO - Epoch(val) [36][150/245]    eta: 0:00:19  time: 0.1999  data_time: 0.0095  memory: 1538  
2026/03/19 01:58:30 - mmengine - INFO - Epoch(val) [36][200/245]    eta: 0:00:09  time: 0.2006  data_time: 0.0094  memory: 1538  
2026/03/19 01:58:46 - mmengine - INFO - Evaluating bbox...
2026/03/19 01:59:11 - mmengine - INFO - bbox_mAP_copypaste: 0.545 0.796 0.580 0.120 0.387 0.616
2026/03/19 01:59:12 - mmengine - INFO - Epoch(val) [36][245/245]    coco/bbox_mAP: 0.5450  coco/bbox_mAP_50: 0.7960  coco/bbox_mAP_75: 0.5800  coco/bbox_mAP_s: 0.1200  coco/bbox_mAP_m: 0.3870  coco/bbox_mAP_l: 0.6160  data_time: 0.0104  time: 0.2005
2026/03/19 02:00:42 - mmengine - INFO - Epoch(train) [37][ 50/245]  base_lr: 5.7013e-05 lr: 5.7013e-05  eta: 5:11:36  time: 1.7945  data_time: 0.0156  memory: 42431  grad_norm: 34.4653  loss: 2.9813  loss_cls: 0.0076  loss_bbox: 0.0536  loss_iou: 0.1384  d0.loss_cls: 0.0286  d0.loss_bbox: 0.0590  d0.loss_iou: 0.1459  d1.loss_cls: 0.0130  d1.loss_bbox: 0.0551  d1.loss_iou: 0.1403  d2.loss_cls: 0.0096  d2.loss_bbox: 0.0541  d2.loss_iou: 0.1389  d3.loss_cls: 0.0082  d3.loss_bbox: 0.0537  d3.loss_iou: 0.1384  d4.loss_cls: 0.0077  d4.loss_bbox: 0.0536  d4.loss_iou: 0.1384  enc_loss_cls: 0.0352  enc_loss_bbox: 0.0711  enc_loss_iou: 0.1663  dn_loss_cls: 0.0048  dn_loss_bbox: 0.0620  dn_loss_iou: 0.1428  d0.dn_loss_cls: 0.0250  d0.dn_loss_bbox: 0.1271  d0.dn_loss_iou: 0.2259  d1.dn_loss_cls: 0.0093  d1.dn_loss_bbox: 0.0734  d1.dn_loss_iou: 0.1558  d2.dn_loss_cls: 0.0065  d2.dn_loss_bbox: 0.0648  d2.dn_loss_iou: 0.1462  d3.dn_loss_cls: 0.0053  d3.dn_loss_bbox: 0.0625  d3.dn_loss_iou: 0.1433  d4.dn_loss_cls: 0.0049  d4.dn_loss_bbox: 0.0621  d4.dn_loss_iou: 0.1428
2026/03/19 02:02:10 - mmengine - INFO - Epoch(train) [37][100/245]  base_lr: 5.7013e-05 lr: 5.7013e-05  eta: 5:10:11  time: 1.7747  data_time: 0.0048  memory: 42431  grad_norm: 32.9412  loss: 3.0885  loss_cls: 0.0071  loss_bbox: 0.0552  loss_iou: 0.1442  d0.loss_cls: 0.0287  d0.loss_bbox: 0.0603  d0.loss_iou: 0.1521  d1.loss_cls: 0.0132  d1.loss_bbox: 0.0564  d1.loss_iou: 0.1460  d2.loss_cls: 0.0098  d2.loss_bbox: 0.0554  d2.loss_iou: 0.1443  d3.loss_cls: 0.0082  d3.loss_bbox: 0.0552  d3.loss_iou: 0.1441  d4.loss_cls: 0.0073  d4.loss_bbox: 0.0552  d4.loss_iou: 0.1441  enc_loss_cls: 0.0366  enc_loss_bbox: 0.0718  enc_loss_iou: 0.1718  dn_loss_cls: 0.0061  dn_loss_bbox: 0.0642  dn_loss_iou: 0.1488  d0.dn_loss_cls: 0.0257  d0.dn_loss_bbox: 0.1302  d0.dn_loss_iou: 0.2344  d1.dn_loss_cls: 0.0103  d1.dn_loss_bbox: 0.0747  d1.dn_loss_iou: 0.1617  d2.dn_loss_cls: 0.0075  d2.dn_loss_bbox: 0.0665  d2.dn_loss_iou: 0.1515  d3.dn_loss_cls: 0.0066  d3.dn_loss_bbox: 0.0647  d3.dn_loss_iou: 0.1493  d4.dn_loss_cls: 0.0062  d4.dn_loss_bbox: 0.0643  d4.dn_loss_iou: 0.1488
2026/03/19 02:03:43 - mmengine - INFO - Epoch(train) [37][150/245]  base_lr: 5.7013e-05 lr: 5.7013e-05  eta: 5:08:51  time: 1.8571  data_time: 0.0069  memory: 46149  grad_norm: 36.8388  loss: 3.1617  loss_cls: 0.0074  loss_bbox: 0.0558  loss_iou: 0.1497  d0.loss_cls: 0.0309  d0.loss_bbox: 0.0603  d0.loss_iou: 0.1569  d1.loss_cls: 0.0142  d1.loss_bbox: 0.0571  d1.loss_iou: 0.1514  d2.loss_cls: 0.0103  d2.loss_bbox: 0.0562  d2.loss_iou: 0.1505  d3.loss_cls: 0.0086  d3.loss_bbox: 0.0559  d3.loss_iou: 0.1499  d4.loss_cls: 0.0076  d4.loss_bbox: 0.0558  d4.loss_iou: 0.1497  enc_loss_cls: 0.0374  enc_loss_bbox: 0.0712  enc_loss_iou: 0.1766  dn_loss_cls: 0.0060  dn_loss_bbox: 0.0647  dn_loss_iou: 0.1548  d0.dn_loss_cls: 0.0259  d0.dn_loss_bbox: 0.1236  d0.dn_loss_iou: 0.2359  d1.dn_loss_cls: 0.0106  d1.dn_loss_bbox: 0.0739  d1.dn_loss_iou: 0.1674  d2.dn_loss_cls: 0.0077  d2.dn_loss_bbox: 0.0670  d2.dn_loss_iou: 0.1581  d3.dn_loss_cls: 0.0066  d3.dn_loss_bbox: 0.0652  d3.dn_loss_iou: 0.1554  d4.dn_loss_cls: 0.0061  d4.dn_loss_bbox: 0.0648  d4.dn_loss_iou: 0.1548
2026/03/19 02:04:39 - mmengine - INFO - Exp name: dino_4scale_r50_ruod_120e_pretrained_20260318_211448
2026/03/19 02:05:16 - mmengine - INFO - Epoch(train) [37][200/245]  base_lr: 5.7013e-05 lr: 5.7013e-05  eta: 5:07:30  time: 1.8478  data_time: 0.0049  memory: 42431  grad_norm: 35.1460  loss: 3.1908  loss_cls: 0.0069  loss_bbox: 0.0552  loss_iou: 0.1499  d0.loss_cls: 0.0311  d0.loss_bbox: 0.0601  d0.loss_iou: 0.1578  d1.loss_cls: 0.0144  d1.loss_bbox: 0.0565  d1.loss_iou: 0.1522  d2.loss_cls: 0.0101  d2.loss_bbox: 0.0556  d2.loss_iou: 0.1505  d3.loss_cls: 0.0081  d3.loss_bbox: 0.0553  d3.loss_iou: 0.1502  d4.loss_cls: 0.0072  d4.loss_bbox: 0.0552  d4.loss_iou: 0.1500  enc_loss_cls: 0.0375  enc_loss_bbox: 0.0723  enc_loss_iou: 0.1784  dn_loss_cls: 0.0060  dn_loss_bbox: 0.0658  dn_loss_iou: 0.1563  d0.dn_loss_cls: 0.0267  d0.dn_loss_bbox: 0.1285  d0.dn_loss_iou: 0.2414  d1.dn_loss_cls: 0.0109  d1.dn_loss_bbox: 0.0769  d1.dn_loss_iou: 0.1703  d2.dn_loss_cls: 0.0076  d2.dn_loss_bbox: 0.0682  d2.dn_loss_iou: 0.1597  d3.dn_loss_cls: 0.0066  d3.dn_loss_bbox: 0.0662  d3.dn_loss_iou: 0.1569  d4.dn_loss_cls: 0.0061  d4.dn_loss_bbox: 0.0658  d4.dn_loss_iou: 0.1563
2026/03/19 02:06:35 - mmengine - INFO - Exp name: dino_4scale_r50_ruod_120e_pretrained_20260318_211448
2026/03/19 02:08:06 - mmengine - INFO - Epoch(train) [38][ 50/245]  base_lr: 5.5711e-05 lr: 5.5711e-05  eta: 5:04:49  time: 1.8228  data_time: 0.0198  memory: 42431  grad_norm: 34.3458  loss: 3.0056  loss_cls: 0.0058  loss_bbox: 0.0520  loss_iou: 0.1413  d0.loss_cls: 0.0272  d0.loss_bbox: 0.0572  d0.loss_iou: 0.1489  d1.loss_cls: 0.0124  d1.loss_bbox: 0.0535  d1.loss_iou: 0.1433  d2.loss_cls: 0.0084  d2.loss_bbox: 0.0525  d2.loss_iou: 0.1421  d3.loss_cls: 0.0068  d3.loss_bbox: 0.0521  d3.loss_iou: 0.1415  d4.loss_cls: 0.0060  d4.loss_bbox: 0.0520  d4.loss_iou: 0.1414  enc_loss_cls: 0.0347  enc_loss_bbox: 0.0702  enc_loss_iou: 0.1706  dn_loss_cls: 0.0055  dn_loss_bbox: 0.0612  dn_loss_iou: 0.1473  d0.dn_loss_cls: 0.0251  d0.dn_loss_bbox: 0.1237  d0.dn_loss_iou: 0.2302  d1.dn_loss_cls: 0.0098  d1.dn_loss_bbox: 0.0719  d1.dn_loss_iou: 0.1600  d2.dn_loss_cls: 0.0071  d2.dn_loss_bbox: 0.0638  d2.dn_loss_iou: 0.1505  d3.dn_loss_cls: 0.0061  d3.dn_loss_bbox: 0.0616  d3.dn_loss_iou: 0.1479  d4.dn_loss_cls: 0.0056  d4.dn_loss_bbox: 0.0612  d4.dn_loss_iou: 0.1474
2026/03/19 02:09:35 - mmengine - INFO - Epoch(train) [38][100/245]  base_lr: 5.5711e-05 lr: 5.5711e-05  eta: 5:03:24  time: 1.7862  data_time: 0.0067  memory: 42372  grad_norm: 36.6472  loss: 2.9659  loss_cls: 0.0066  loss_bbox: 0.0539  loss_iou: 0.1379  d0.loss_cls: 0.0257  d0.loss_bbox: 0.0587  d0.loss_iou: 0.1448  d1.loss_cls: 0.0124  d1.loss_bbox: 0.0551  d1.loss_iou: 0.1397  d2.loss_cls: 0.0087  d2.loss_bbox: 0.0542  d2.loss_iou: 0.1383  d3.loss_cls: 0.0074  d3.loss_bbox: 0.0539  d3.loss_iou: 0.1379  d4.loss_cls: 0.0067  d4.loss_bbox: 0.0539  d4.loss_iou: 0.1379  enc_loss_cls: 0.0333  enc_loss_bbox: 0.0707  enc_loss_iou: 0.1651  dn_loss_cls: 0.0050  dn_loss_bbox: 0.0627  dn_loss_iou: 0.1431  d0.dn_loss_cls: 0.0244  d0.dn_loss_bbox: 0.1251  d0.dn_loss_iou: 0.2245  d1.dn_loss_cls: 0.0091  d1.dn_loss_bbox: 0.0730  d1.dn_loss_iou: 0.1556  d2.dn_loss_cls: 0.0065  d2.dn_loss_bbox: 0.0650  d2.dn_loss_iou: 0.1460  d3.dn_loss_cls: 0.0055  d3.dn_loss_bbox: 0.0631  d3.dn_loss_iou: 0.1436  d4.dn_loss_cls: 0.0051  d4.dn_loss_bbox: 0.0627  d4.dn_loss_iou: 0.1431
2026/03/19 02:11:04 - mmengine - INFO - Epoch(train) [38][150/245]  base_lr: 5.5711e-05 lr: 5.5711e-05  eta: 5:01:59  time: 1.7766  data_time: 0.0062  memory: 42431  grad_norm: 37.1595  loss: 3.1590  loss_cls: 0.0086  loss_bbox: 0.0555  loss_iou: 0.1504  d0.loss_cls: 0.0299  d0.loss_bbox: 0.0602  d0.loss_iou: 0.1579  d1.loss_cls: 0.0152  d1.loss_bbox: 0.0567  d1.loss_iou: 0.1522  d2.loss_cls: 0.0118  d2.loss_bbox: 0.0559  d2.loss_iou: 0.1506  d3.loss_cls: 0.0103  d3.loss_bbox: 0.0556  d3.loss_iou: 0.1503  d4.loss_cls: 0.0088  d4.loss_bbox: 0.0555  d4.loss_iou: 0.1504  enc_loss_cls: 0.0381  enc_loss_bbox: 0.0712  enc_loss_iou: 0.1774  dn_loss_cls: 0.0060  dn_loss_bbox: 0.0628  dn_loss_iou: 0.1541  d0.dn_loss_cls: 0.0256  d0.dn_loss_bbox: 0.1251  d0.dn_loss_iou: 0.2367  d1.dn_loss_cls: 0.0105  d1.dn_loss_bbox: 0.0720  d1.dn_loss_iou: 0.1665  d2.dn_loss_cls: 0.0078  d2.dn_loss_bbox: 0.0648  d2.dn_loss_iou: 0.1569  d3.dn_loss_cls: 0.0068  d3.dn_loss_bbox: 0.0631  d3.dn_loss_iou: 0.1546  d4.dn_loss_cls: 0.0061  d4.dn_loss_bbox: 0.0628  d4.dn_loss_iou: 0.1541
2026/03/19 02:12:32 - mmengine - INFO - Epoch(train) [38][200/245]  base_lr: 5.5711e-05 lr: 5.5711e-05  eta: 5:00:32  time: 1.7575  data_time: 0.0065  memory: 42319  grad_norm: 33.4479  loss: 3.0262  loss_cls: 0.0076  loss_bbox: 0.0533  loss_iou: 0.1420  d0.loss_cls: 0.0296  d0.loss_bbox: 0.0583  d0.loss_iou: 0.1498  d1.loss_cls: 0.0144  d1.loss_bbox: 0.0547  d1.loss_iou: 0.1441  d2.loss_cls: 0.0103  d2.loss_bbox: 0.0538  d2.loss_iou: 0.1426  d3.loss_cls: 0.0087  d3.loss_bbox: 0.0534  d3.loss_iou: 0.1420  d4.loss_cls: 0.0078  d4.loss_bbox: 0.0533  d4.loss_iou: 0.1419  enc_loss_cls: 0.0352  enc_loss_bbox: 0.0700  enc_loss_iou: 0.1701  dn_loss_cls: 0.0051  dn_loss_bbox: 0.0614  dn_loss_iou: 0.1463  d0.dn_loss_cls: 0.0252  d0.dn_loss_bbox: 0.1264  d0.dn_loss_iou: 0.2312  d1.dn_loss_cls: 0.0094  d1.dn_loss_bbox: 0.0721  d1.dn_loss_iou: 0.1595  d2.dn_loss_cls: 0.0065  d2.dn_loss_bbox: 0.0639  d2.dn_loss_iou: 0.1495  d3.dn_loss_cls: 0.0055  d3.dn_loss_bbox: 0.0617  d3.dn_loss_iou: 0.1467  d4.dn_loss_cls: 0.0051  d4.dn_loss_bbox: 0.0614  d4.dn_loss_iou: 0.1462
2026/03/19 02:13:50 - mmengine - INFO - Exp name: dino_4scale_r50_ruod_120e_pretrained_20260318_211448
2026/03/19 02:14:01 - mmengine - INFO - Epoch(val) [38][ 50/245]    eta: 0:00:39  time: 0.2017  data_time: 0.0117  memory: 42431  
2026/03/19 02:14:11 - mmengine - INFO - Epoch(val) [38][100/245]    eta: 0:00:29  time: 0.2064  data_time: 0.0156  memory: 1538  
2026/03/19 02:14:21 - mmengine - INFO - Epoch(val) [38][150/245]    eta: 0:00:19  time: 0.1997  data_time: 0.0099  memory: 1538  
2026/03/19 02:14:31 - mmengine - INFO - Epoch(val) [38][200/245]    eta: 0:00:09  time: 0.2007  data_time: 0.0094  memory: 1538  
2026/03/19 02:14:47 - mmengine - INFO - Evaluating bbox...
2026/03/19 02:15:12 - mmengine - INFO - bbox_mAP_copypaste: 0.541 0.791 0.574 0.119 0.388 0.611
2026/03/19 02:15:12 - mmengine - INFO - Epoch(val) [38][245/245]    coco/bbox_mAP: 0.5410  coco/bbox_mAP_50: 0.7910  coco/bbox_mAP_75: 0.5740  coco/bbox_mAP_s: 0.1190  coco/bbox_mAP_m: 0.3880  coco/bbox_mAP_l: 0.6110  data_time: 0.0112  time: 0.2015
2026/03/19 02:16:42 - mmengine - INFO - Epoch(train) [39][ 50/245]  base_lr: 5.4408e-05 lr: 5.4408e-05  eta: 4:57:49  time: 1.7942  data_time: 0.0149  memory: 42192  grad_norm: 35.2630  loss: 2.9498  loss_cls: 0.0052  loss_bbox: 0.0511  loss_iou: 0.1412  d0.loss_cls: 0.0266  d0.loss_bbox: 0.0556  d0.loss_iou: 0.1486  d1.loss_cls: 0.0120  d1.loss_bbox: 0.0523  d1.loss_iou: 0.1428  d2.loss_cls: 0.0076  d2.loss_bbox: 0.0515  d2.loss_iou: 0.1418  d3.loss_cls: 0.0059  d3.loss_bbox: 0.0511  d3.loss_iou: 0.1412  d4.loss_cls: 0.0054  d4.loss_bbox: 0.0511  d4.loss_iou: 0.1412  enc_loss_cls: 0.0335  enc_loss_bbox: 0.0659  enc_loss_iou: 0.1683  dn_loss_cls: 0.0054  dn_loss_bbox: 0.0583  dn_loss_iou: 0.1458  d0.dn_loss_cls: 0.0250  d0.dn_loss_bbox: 0.1171  d0.dn_loss_iou: 0.2278  d1.dn_loss_cls: 0.0097  d1.dn_loss_bbox: 0.0669  d1.dn_loss_iou: 0.1577  d2.dn_loss_cls: 0.0069  d2.dn_loss_bbox: 0.0604  d2.dn_loss_iou: 0.1487  d3.dn_loss_cls: 0.0059  d3.dn_loss_bbox: 0.0587  d3.dn_loss_iou: 0.1464  d4.dn_loss_cls: 0.0054  d4.dn_loss_bbox: 0.0583  d4.dn_loss_iou: 0.1458
2026/03/19 02:18:12 - mmengine - INFO - Epoch(train) [39][100/245]  base_lr: 5.4408e-05 lr: 5.4408e-05  eta: 4:56:25  time: 1.8001  data_time: 0.0051  memory: 42431  grad_norm: 34.9587  loss: 3.0456  loss_cls: 0.0064  loss_bbox: 0.0539  loss_iou: 0.1439  d0.loss_cls: 0.0263  d0.loss_bbox: 0.0585  d0.loss_iou: 0.1517  d1.loss_cls: 0.0127  d1.loss_bbox: 0.0549  d1.loss_iou: 0.1459  d2.loss_cls: 0.0089  d2.loss_bbox: 0.0542  d2.loss_iou: 0.1443  d3.loss_cls: 0.0073  d3.loss_bbox: 0.0540  d3.loss_iou: 0.1440  d4.loss_cls: 0.0066  d4.loss_bbox: 0.0539  d4.loss_iou: 0.1439  enc_loss_cls: 0.0335  enc_loss_bbox: 0.0699  enc_loss_iou: 0.1715  dn_loss_cls: 0.0052  dn_loss_bbox: 0.0620  dn_loss_iou: 0.1488  d0.dn_loss_cls: 0.0250  d0.dn_loss_bbox: 0.1228  d0.dn_loss_iou: 0.2319  d1.dn_loss_cls: 0.0098  d1.dn_loss_bbox: 0.0728  d1.dn_loss_iou: 0.1627  d2.dn_loss_cls: 0.0069  d2.dn_loss_bbox: 0.0649  d2.dn_loss_iou: 0.1525  d3.dn_loss_cls: 0.0058  d3.dn_loss_bbox: 0.0625  d3.dn_loss_iou: 0.1495  d4.dn_loss_cls: 0.0053  d4.dn_loss_bbox: 0.0620  d4.dn_loss_iou: 0.1488
2026/03/19 02:19:39 - mmengine - INFO - Epoch(train) [39][150/245]  base_lr: 5.4408e-05 lr: 5.4408e-05  eta: 4:54:58  time: 1.7428  data_time: 0.0050  memory: 42431  grad_norm: 37.6181  loss: 2.9331  loss_cls: 0.0068  loss_bbox: 0.0521  loss_iou: 0.1355  d0.loss_cls: 0.0264  d0.loss_bbox: 0.0574  d0.loss_iou: 0.1433  d1.loss_cls: 0.0128  d1.loss_bbox: 0.0534  d1.loss_iou: 0.1379  d2.loss_cls: 0.0094  d2.loss_bbox: 0.0523  d2.loss_iou: 0.1360  d3.loss_cls: 0.0079  d3.loss_bbox: 0.0521  d3.loss_iou: 0.1356  d4.loss_cls: 0.0071  d4.loss_bbox: 0.0520  d4.loss_iou: 0.1354  enc_loss_cls: 0.0334  enc_loss_bbox: 0.0698  enc_loss_iou: 0.1643  dn_loss_cls: 0.0052  dn_loss_bbox: 0.0614  dn_loss_iou: 0.1406  d0.dn_loss_cls: 0.0245  d0.dn_loss_bbox: 0.1288  d0.dn_loss_iou: 0.2249  d1.dn_loss_cls: 0.0094  d1.dn_loss_bbox: 0.0724  d1.dn_loss_iou: 0.1540  d2.dn_loss_cls: 0.0067  d2.dn_loss_bbox: 0.0641  d2.dn_loss_iou: 0.1441  d3.dn_loss_cls: 0.0058  d3.dn_loss_bbox: 0.0618  d3.dn_loss_iou: 0.1412  d4.dn_loss_cls: 0.0053  d4.dn_loss_bbox: 0.0614  d4.dn_loss_iou: 0.1406
2026/03/19 02:21:08 - mmengine - INFO - Epoch(train) [39][200/245]  base_lr: 5.4408e-05 lr: 5.4408e-05  eta: 4:53:32  time: 1.7714  data_time: 0.0049  memory: 46149  grad_norm: 36.5157  loss: 3.0355  loss_cls: 0.0078  loss_bbox: 0.0524  loss_iou: 0.1425  d0.loss_cls: 0.0280  d0.loss_bbox: 0.0569  d0.loss_iou: 0.1495  d1.loss_cls: 0.0138  d1.loss_bbox: 0.0533  d1.loss_iou: 0.1442  d2.loss_cls: 0.0101  d2.loss_bbox: 0.0528  d2.loss_iou: 0.1429  d3.loss_cls: 0.0090  d3.loss_bbox: 0.0524  d3.loss_iou: 0.1425  d4.loss_cls: 0.0080  d4.loss_bbox: 0.0524  d4.loss_iou: 0.1425  enc_loss_cls: 0.0357  enc_loss_bbox: 0.0677  enc_loss_iou: 0.1688  dn_loss_cls: 0.0053  dn_loss_bbox: 0.0631  dn_loss_iou: 0.1486  d0.dn_loss_cls: 0.0256  d0.dn_loss_bbox: 0.1236  d0.dn_loss_iou: 0.2296  d1.dn_loss_cls: 0.0098  d1.dn_loss_bbox: 0.0734  d1.dn_loss_iou: 0.1622  d2.dn_loss_cls: 0.0071  d2.dn_loss_bbox: 0.0657  d2.dn_loss_iou: 0.1522  d3.dn_loss_cls: 0.0059  d3.dn_loss_bbox: 0.0637  d3.dn_loss_iou: 0.1493  d4.dn_loss_cls: 0.0054  d4.dn_loss_bbox: 0.0632  d4.dn_loss_iou: 0.1486
2026/03/19 02:22:26 - mmengine - INFO - Exp name: dino_4scale_r50_ruod_120e_pretrained_20260318_211448
2026/03/19 02:23:55 - mmengine - INFO - Epoch(train) [40][ 50/245]  base_lr: 5.3105e-05 lr: 5.3105e-05  eta: 4:50:48  time: 1.7894  data_time: 0.0313  memory: 42431  grad_norm: 35.5527  loss: 2.8756  loss_cls: 0.0059  loss_bbox: 0.0504  loss_iou: 0.1342  d0.loss_cls: 0.0266  d0.loss_bbox: 0.0553  d0.loss_iou: 0.1422  d1.loss_cls: 0.0120  d1.loss_bbox: 0.0519  d1.loss_iou: 0.1362  d2.loss_cls: 0.0085  d2.loss_bbox: 0.0508  d2.loss_iou: 0.1348  d3.loss_cls: 0.0069  d3.loss_bbox: 0.0506  d3.loss_iou: 0.1343  d4.loss_cls: 0.0062  d4.loss_bbox: 0.0504  d4.loss_iou: 0.1342  enc_loss_cls: 0.0333  enc_loss_bbox: 0.0670  enc_loss_iou: 0.1631  dn_loss_cls: 0.0045  dn_loss_bbox: 0.0590  dn_loss_iou: 0.1393  d0.dn_loss_cls: 0.0239  d0.dn_loss_bbox: 0.1232  d0.dn_loss_iou: 0.2230  d1.dn_loss_cls: 0.0088  d1.dn_loss_bbox: 0.0695  d1.dn_loss_iou: 0.1523  d2.dn_loss_cls: 0.0059  d2.dn_loss_bbox: 0.0615  d2.dn_loss_iou: 0.1426  d3.dn_loss_cls: 0.0050  d3.dn_loss_bbox: 0.0595  d3.dn_loss_iou: 0.1399  d4.dn_loss_cls: 0.0045  d4.dn_loss_bbox: 0.0590  d4.dn_loss_iou: 0.1394
2026/03/19 02:25:23 - mmengine - INFO - Epoch(train) [40][100/245]  base_lr: 5.3105e-05 lr: 5.3105e-05  eta: 4:49:21  time: 1.7486  data_time: 0.0072  memory: 42431  grad_norm: 33.2709  loss: 2.9358  loss_cls: 0.0062  loss_bbox: 0.0509  loss_iou: 0.1403  d0.loss_cls: 0.0304  d0.loss_bbox: 0.0556  d0.loss_iou: 0.1480  d1.loss_cls: 0.0123  d1.loss_bbox: 0.0523  d1.loss_iou: 0.1424  d2.loss_cls: 0.0084  d2.loss_bbox: 0.0513  d2.loss_iou: 0.1409  d3.loss_cls: 0.0071  d3.loss_bbox: 0.0510  d3.loss_iou: 0.1404  d4.loss_cls: 0.0064  d4.loss_bbox: 0.0509  d4.loss_iou: 0.1403  enc_loss_cls: 0.0344  enc_loss_bbox: 0.0659  enc_loss_iou: 0.1666  dn_loss_cls: 0.0049  dn_loss_bbox: 0.0573  dn_loss_iou: 0.1446  d0.dn_loss_cls: 0.0244  d0.dn_loss_bbox: 0.1163  d0.dn_loss_iou: 0.2256  d1.dn_loss_cls: 0.0091  d1.dn_loss_bbox: 0.0666  d1.dn_loss_iou: 0.1568  d2.dn_loss_cls: 0.0063  d2.dn_loss_bbox: 0.0594  d2.dn_loss_iou: 0.1473  d3.dn_loss_cls: 0.0054  d3.dn_loss_bbox: 0.0577  d3.dn_loss_iou: 0.1451  d4.dn_loss_cls: 0.0049  d4.dn_loss_bbox: 0.0573  d4.dn_loss_iou: 0.1446
2026/03/19 02:26:52 - mmengine - INFO - Epoch(train) [40][150/245]  base_lr: 5.3105e-05 lr: 5.3105e-05  eta: 4:47:56  time: 1.7888  data_time: 0.0069  memory: 42431  grad_norm: 34.0147  loss: 2.9896  loss_cls: 0.0069  loss_bbox: 0.0534  loss_iou: 0.1384  d0.loss_cls: 0.0269  d0.loss_bbox: 0.0585  d0.loss_iou: 0.1466  d1.loss_cls: 0.0129  d1.loss_bbox: 0.0548  d1.loss_iou: 0.1406  d2.loss_cls: 0.0093  d2.loss_bbox: 0.0538  d2.loss_iou: 0.1390  d3.loss_cls: 0.0078  d3.loss_bbox: 0.0535  d3.loss_iou: 0.1385  d4.loss_cls: 0.0074  d4.loss_bbox: 0.0534  d4.loss_iou: 0.1384  enc_loss_cls: 0.0342  enc_loss_bbox: 0.0708  enc_loss_iou: 0.1677  dn_loss_cls: 0.0054  dn_loss_bbox: 0.0629  dn_loss_iou: 0.1437  d0.dn_loss_cls: 0.0258  d0.dn_loss_bbox: 0.1256  d0.dn_loss_iou: 0.2287  d1.dn_loss_cls: 0.0099  d1.dn_loss_bbox: 0.0731  d1.dn_loss_iou: 0.1568  d2.dn_loss_cls: 0.0070  d2.dn_loss_bbox: 0.0655  d2.dn_loss_iou: 0.1468  d3.dn_loss_cls: 0.0060  d3.dn_loss_bbox: 0.0633  d3.dn_loss_iou: 0.1442  d4.dn_loss_cls: 0.0055  d4.dn_loss_bbox: 0.0629  d4.dn_loss_iou: 0.1437
2026/03/19 02:28:21 - mmengine - INFO - Epoch(train) [40][200/245]  base_lr: 5.3105e-05 lr: 5.3105e-05  eta: 4:46:30  time: 1.7742  data_time: 0.0067  memory: 45126  grad_norm: 34.6548  loss: 2.9354  loss_cls: 0.0061  loss_bbox: 0.0515  loss_iou: 0.1380  d0.loss_cls: 0.0268  d0.loss_bbox: 0.0559  d0.loss_iou: 0.1449  d1.loss_cls: 0.0121  d1.loss_bbox: 0.0526  d1.loss_iou: 0.1396  d2.loss_cls: 0.0086  d2.loss_bbox: 0.0518  d2.loss_iou: 0.1384  d3.loss_cls: 0.0071  d3.loss_bbox: 0.0516  d3.loss_iou: 0.1382  d4.loss_cls: 0.0063  d4.loss_bbox: 0.0515  d4.loss_iou: 0.1381  enc_loss_cls: 0.0354  enc_loss_bbox: 0.0688  enc_loss_iou: 0.1662  dn_loss_cls: 0.0055  dn_loss_bbox: 0.0581  dn_loss_iou: 0.1427  d0.dn_loss_cls: 0.0259  d0.dn_loss_bbox: 0.1234  d0.dn_loss_iou: 0.2269  d1.dn_loss_cls: 0.0098  d1.dn_loss_bbox: 0.0692  d1.dn_loss_iou: 0.1564  d2.dn_loss_cls: 0.0068  d2.dn_loss_bbox: 0.0608  d2.dn_loss_iou: 0.1461  d3.dn_loss_cls: 0.0059  d3.dn_loss_bbox: 0.0586  d3.dn_loss_iou: 0.1434  d4.dn_loss_cls: 0.0055  d4.dn_loss_bbox: 0.0582  d4.dn_loss_iou: 0.1427
2026/03/19 02:29:40 - mmengine - INFO - Exp name: dino_4scale_r50_ruod_120e_pretrained_20260318_211448
2026/03/19 02:29:51 - mmengine - INFO - Epoch(val) [40][ 50/245]    eta: 0:00:41  time: 0.2131  data_time: 0.0248  memory: 42431  
2026/03/19 02:30:02 - mmengine - INFO - Epoch(val) [40][100/245]    eta: 0:00:31  time: 0.2262  data_time: 0.0335  memory: 1538  
2026/03/19 02:30:12 - mmengine - INFO - Epoch(val) [40][150/245]    eta: 0:00:20  time: 0.1999  data_time: 0.0094  memory: 1538  
2026/03/19 02:30:22 - mmengine - INFO - Epoch(val) [40][200/245]    eta: 0:00:09  time: 0.2008  data_time: 0.0094  memory: 1538  
2026/03/19 02:30:38 - mmengine - INFO - Evaluating bbox...
2026/03/19 02:31:06 - mmengine - INFO - bbox_mAP_copypaste: 0.546 0.795 0.579 0.116 0.392 0.614
2026/03/19 02:31:07 - mmengine - INFO - Epoch(val) [40][245/245]    coco/bbox_mAP: 0.5460  coco/bbox_mAP_50: 0.7950  coco/bbox_mAP_75: 0.5790  coco/bbox_mAP_s: 0.1160  coco/bbox_mAP_m: 0.3920  coco/bbox_mAP_l: 0.6140  data_time: 0.0175  time: 0.2079
2026/03/19 02:32:36 - mmengine - INFO - Epoch(train) [41][ 50/245]  base_lr: 5.1803e-05 lr: 5.1803e-05  eta: 4:43:46  time: 1.7850  data_time: 0.0260  memory: 42312  grad_norm: 37.9131  loss: 2.8047  loss_cls: 0.0044  loss_bbox: 0.0493  loss_iou: 0.1302  d0.loss_cls: 0.0245  d0.loss_bbox: 0.0542  d0.loss_iou: 0.1372  d1.loss_cls: 0.0097  d1.loss_bbox: 0.0507  d1.loss_iou: 0.1322  d2.loss_cls: 0.0068  d2.loss_bbox: 0.0496  d2.loss_iou: 0.1309  d3.loss_cls: 0.0053  d3.loss_bbox: 0.0494  d3.loss_iou: 0.1304  d4.loss_cls: 0.0046  d4.loss_bbox: 0.0493  d4.loss_iou: 0.1303  enc_loss_cls: 0.0309  enc_loss_bbox: 0.0656  enc_loss_iou: 0.1566  dn_loss_cls: 0.0052  dn_loss_bbox: 0.0586  dn_loss_iou: 0.1362  d0.dn_loss_cls: 0.0246  d0.dn_loss_bbox: 0.1210  d0.dn_loss_iou: 0.2184  d1.dn_loss_cls: 0.0093  d1.dn_loss_bbox: 0.0697  d1.dn_loss_iou: 0.1499  d2.dn_loss_cls: 0.0068  d2.dn_loss_bbox: 0.0614  d2.dn_loss_iou: 0.1399  d3.dn_loss_cls: 0.0058  d3.dn_loss_bbox: 0.0591  d3.dn_loss_iou: 0.1369  d4.dn_loss_cls: 0.0052  d4.dn_loss_bbox: 0.0587  d4.dn_loss_iou: 0.1362
2026/03/19 02:34:06 - mmengine - INFO - Epoch(train) [41][100/245]  base_lr: 5.1803e-05 lr: 5.1803e-05  eta: 4:42:21  time: 1.7866  data_time: 0.0053  memory: 42212  grad_norm: 34.7779  loss: 2.8458  loss_cls: 0.0060  loss_bbox: 0.0494  loss_iou: 0.1350  d0.loss_cls: 0.0263  d0.loss_bbox: 0.0539  d0.loss_iou: 0.1419  d1.loss_cls: 0.0119  d1.loss_bbox: 0.0506  d1.loss_iou: 0.1368  d2.loss_cls: 0.0086  d2.loss_bbox: 0.0498  d2.loss_iou: 0.1355  d3.loss_cls: 0.0070  d3.loss_bbox: 0.0494  d3.loss_iou: 0.1351  d4.loss_cls: 0.0062  d4.loss_bbox: 0.0494  d4.loss_iou: 0.1351  enc_loss_cls: 0.0319  enc_loss_bbox: 0.0648  enc_loss_iou: 0.1622  dn_loss_cls: 0.0049  dn_loss_bbox: 0.0567  dn_loss_iou: 0.1398  d0.dn_loss_cls: 0.0232  d0.dn_loss_bbox: 0.1158  d0.dn_loss_iou: 0.2195  d1.dn_loss_cls: 0.0086  d1.dn_loss_bbox: 0.0658  d1.dn_loss_iou: 0.1519  d2.dn_loss_cls: 0.0062  d2.dn_loss_bbox: 0.0591  d2.dn_loss_iou: 0.1432  d3.dn_loss_cls: 0.0053  d3.dn_loss_bbox: 0.0572  d3.dn_loss_iou: 0.1405  d4.dn_loss_cls: 0.0049  d4.dn_loss_bbox: 0.0567  d4.dn_loss_iou: 0.1398
2026/03/19 02:35:35 - mmengine - INFO - Epoch(train) [41][150/245]  base_lr: 5.1803e-05 lr: 5.1803e-05  eta: 4:40:56  time: 1.7876  data_time: 0.0055  memory: 43851  grad_norm: 36.1062  loss: 2.8763  loss_cls: 0.0080  loss_bbox: 0.0499  loss_iou: 0.1347  d0.loss_cls: 0.0288  d0.loss_bbox: 0.0541  d0.loss_iou: 0.1411  d1.loss_cls: 0.0133  d1.loss_bbox: 0.0511  d1.loss_iou: 0.1362  d2.loss_cls: 0.0101  d2.loss_bbox: 0.0503  d2.loss_iou: 0.1350  d3.loss_cls: 0.0087  d3.loss_bbox: 0.0501  d3.loss_iou: 0.1347  d4.loss_cls: 0.0080  d4.loss_bbox: 0.0499  d4.loss_iou: 0.1347  enc_loss_cls: 0.0337  enc_loss_bbox: 0.0656  enc_loss_iou: 0.1618  dn_loss_cls: 0.0053  dn_loss_bbox: 0.0579  dn_loss_iou: 0.1404  d0.dn_loss_cls: 0.0240  d0.dn_loss_bbox: 0.1190  d0.dn_loss_iou: 0.2224  d1.dn_loss_cls: 0.0093  d1.dn_loss_bbox: 0.0676  d1.dn_loss_iou: 0.1526  d2.dn_loss_cls: 0.0066  d2.dn_loss_bbox: 0.0600  d2.dn_loss_iou: 0.1431  d3.dn_loss_cls: 0.0056  d3.dn_loss_bbox: 0.0583  d3.dn_loss_iou: 0.1409  d4.dn_loss_cls: 0.0053  d4.dn_loss_bbox: 0.0580  d4.dn_loss_iou: 0.1404
2026/03/19 02:37:05 - mmengine - INFO - Exp name: dino_4scale_r50_ruod_120e_pretrained_20260318_211448
2026/03/19 02:37:05 - mmengine - INFO - Epoch(train) [41][200/245]  base_lr: 5.1803e-05 lr: 5.1803e-05  eta: 4:39:31  time: 1.7948  data_time: 0.0054  memory: 42431  grad_norm: 37.0906  loss: 2.9252  loss_cls: 0.0056  loss_bbox: 0.0518  loss_iou: 0.1365  d0.loss_cls: 0.0268  d0.loss_bbox: 0.0566  d0.loss_iou: 0.1441  d1.loss_cls: 0.0123  d1.loss_bbox: 0.0531  d1.loss_iou: 0.1386  d2.loss_cls: 0.0084  d2.loss_bbox: 0.0522  d2.loss_iou: 0.1374  d3.loss_cls: 0.0067  d3.loss_bbox: 0.0519  d3.loss_iou: 0.1366  d4.loss_cls: 0.0059  d4.loss_bbox: 0.0518  d4.loss_iou: 0.1364  enc_loss_cls: 0.0331  enc_loss_bbox: 0.0684  enc_loss_iou: 0.1634  dn_loss_cls: 0.0054  dn_loss_bbox: 0.0610  dn_loss_iou: 0.1418  d0.dn_loss_cls: 0.0239  d0.dn_loss_bbox: 0.1228  d0.dn_loss_iou: 0.2247  d1.dn_loss_cls: 0.0092  d1.dn_loss_bbox: 0.0707  d1.dn_loss_iou: 0.1549  d2.dn_loss_cls: 0.0068  d2.dn_loss_bbox: 0.0635  d2.dn_loss_iou: 0.1450  d3.dn_loss_cls: 0.0058  d3.dn_loss_bbox: 0.0614  d3.dn_loss_iou: 0.1424  d4.dn_loss_cls: 0.0055  d4.dn_loss_bbox: 0.0610  d4.dn_loss_iou: 0.1418
2026/03/19 02:38:24 - mmengine - INFO - Exp name: dino_4scale_r50_ruod_120e_pretrained_20260318_211448
2026/03/19 02:39:58 - mmengine - INFO - Epoch(train) [42][ 50/245]  base_lr: 5.0500e-05 lr: 5.0500e-05  eta: 4:36:52  time: 1.8848  data_time: 0.0160  memory: 42431  grad_norm: 32.4462  loss: 2.8551  loss_cls: 0.0048  loss_bbox: 0.0495  loss_iou: 0.1328  d0.loss_cls: 0.0269  d0.loss_bbox: 0.0543  d0.loss_iou: 0.1398  d1.loss_cls: 0.0111  d1.loss_bbox: 0.0510  d1.loss_iou: 0.1349  d2.loss_cls: 0.0075  d2.loss_bbox: 0.0500  d2.loss_iou: 0.1333  d3.loss_cls: 0.0057  d3.loss_bbox: 0.0497  d3.loss_iou: 0.1329  d4.loss_cls: 0.0050  d4.loss_bbox: 0.0496  d4.loss_iou: 0.1329  enc_loss_cls: 0.0318  enc_loss_bbox: 0.0660  enc_loss_iou: 0.1606  dn_loss_cls: 0.0051  dn_loss_bbox: 0.0591  dn_loss_iou: 0.1397  d0.dn_loss_cls: 0.0249  d0.dn_loss_bbox: 0.1209  d0.dn_loss_iou: 0.2230  d1.dn_loss_cls: 0.0094  d1.dn_loss_bbox: 0.0689  d1.dn_loss_iou: 0.1531  d2.dn_loss_cls: 0.0068  d2.dn_loss_bbox: 0.0613  d2.dn_loss_iou: 0.1432  d3.dn_loss_cls: 0.0057  d3.dn_loss_bbox: 0.0595  d3.dn_loss_iou: 0.1404  d4.dn_loss_cls: 0.0052  d4.dn_loss_bbox: 0.0591  d4.dn_loss_iou: 0.1397
2026/03/19 02:41:32 - mmengine - INFO - Epoch(train) [42][100/245]  base_lr: 5.0500e-05 lr: 5.0500e-05  eta: 4:35:30  time: 1.8774  data_time: 0.0052  memory: 42431  grad_norm: 36.4687  loss: 2.8387  loss_cls: 0.0060  loss_bbox: 0.0485  loss_iou: 0.1336  d0.loss_cls: 0.0268  d0.loss_bbox: 0.0532  d0.loss_iou: 0.1410  d1.loss_cls: 0.0123  d1.loss_bbox: 0.0496  d1.loss_iou: 0.1354  d2.loss_cls: 0.0086  d2.loss_bbox: 0.0488  d2.loss_iou: 0.1340  d3.loss_cls: 0.0072  d3.loss_bbox: 0.0486  d3.loss_iou: 0.1337  d4.loss_cls: 0.0062  d4.loss_bbox: 0.0485  d4.loss_iou: 0.1337  enc_loss_cls: 0.0319  enc_loss_bbox: 0.0651  enc_loss_iou: 0.1606  dn_loss_cls: 0.0051  dn_loss_bbox: 0.0571  dn_loss_iou: 0.1388  d0.dn_loss_cls: 0.0237  d0.dn_loss_bbox: 0.1201  d0.dn_loss_iou: 0.2222  d1.dn_loss_cls: 0.0088  d1.dn_loss_bbox: 0.0671  d1.dn_loss_iou: 0.1512  d2.dn_loss_cls: 0.0064  d2.dn_loss_bbox: 0.0593  d2.dn_loss_iou: 0.1418  d3.dn_loss_cls: 0.0055  d3.dn_loss_bbox: 0.0576  d3.dn_loss_iou: 0.1394  d4.dn_loss_cls: 0.0051  d4.dn_loss_bbox: 0.0572  d4.dn_loss_iou: 0.1388
2026/03/19 02:43:05 - mmengine - INFO - Epoch(train) [42][150/245]  base_lr: 5.0500e-05 lr: 5.0500e-05  eta: 4:34:08  time: 1.8638  data_time: 0.0052  memory: 42372  grad_norm: 32.0567  loss: 2.8065  loss_cls: 0.0059  loss_bbox: 0.0494  loss_iou: 0.1295  d0.loss_cls: 0.0246  d0.loss_bbox: 0.0545  d0.loss_iou: 0.1369  d1.loss_cls: 0.0117  d1.loss_bbox: 0.0507  d1.loss_iou: 0.1314  d2.loss_cls: 0.0084  d2.loss_bbox: 0.0498  d2.loss_iou: 0.1299  d3.loss_cls: 0.0065  d3.loss_bbox: 0.0496  d3.loss_iou: 0.1294  d4.loss_cls: 0.0060  d4.loss_bbox: 0.0494  d4.loss_iou: 0.1294  enc_loss_cls: 0.0312  enc_loss_bbox: 0.0671  enc_loss_iou: 0.1581  dn_loss_cls: 0.0053  dn_loss_bbox: 0.0584  dn_loss_iou: 0.1367  d0.dn_loss_cls: 0.0242  d0.dn_loss_bbox: 0.1191  d0.dn_loss_iou: 0.2182  d1.dn_loss_cls: 0.0093  d1.dn_loss_bbox: 0.0679  d1.dn_loss_iou: 0.1484  d2.dn_loss_cls: 0.0068  d2.dn_loss_bbox: 0.0609  d2.dn_loss_iou: 0.1396  d3.dn_loss_cls: 0.0057  d3.dn_loss_bbox: 0.0589  d3.dn_loss_iou: 0.1373  d4.dn_loss_cls: 0.0053  d4.dn_loss_bbox: 0.0585  d4.dn_loss_iou: 0.1367
2026/03/19 02:44:38 - mmengine - INFO - Epoch(train) [42][200/245]  base_lr: 5.0500e-05 lr: 5.0500e-05  eta: 4:32:46  time: 1.8665  data_time: 0.0049  memory: 42431  grad_norm: 33.7861  loss: 2.8208  loss_cls: 0.0057  loss_bbox: 0.0504  loss_iou: 0.1298  d0.loss_cls: 0.0239  d0.loss_bbox: 0.0555  d0.loss_iou: 0.1374  d1.loss_cls: 0.0111  d1.loss_bbox: 0.0517  d1.loss_iou: 0.1319  d2.loss_cls: 0.0078  d2.loss_bbox: 0.0507  d2.loss_iou: 0.1303  d3.loss_cls: 0.0064  d3.loss_bbox: 0.0505  d3.loss_iou: 0.1301  d4.loss_cls: 0.0059  d4.loss_bbox: 0.0504  d4.loss_iou: 0.1298  enc_loss_cls: 0.0338  enc_loss_bbox: 0.0675  enc_loss_iou: 0.1576  dn_loss_cls: 0.0046  dn_loss_bbox: 0.0605  dn_loss_iou: 0.1361  d0.dn_loss_cls: 0.0233  d0.dn_loss_bbox: 0.1238  d0.dn_loss_iou: 0.2164  d1.dn_loss_cls: 0.0086  d1.dn_loss_bbox: 0.0701  d1.dn_loss_iou: 0.1476  d2.dn_loss_cls: 0.0063  d2.dn_loss_bbox: 0.0626  d2.dn_loss_iou: 0.1387  d3.dn_loss_cls: 0.0052  d3.dn_loss_bbox: 0.0609  d3.dn_loss_iou: 0.1367  d4.dn_loss_cls: 0.0047  d4.dn_loss_bbox: 0.0606  d4.dn_loss_iou: 0.1361
2026/03/19 02:46:01 - mmengine - INFO - Exp name: dino_4scale_r50_ruod_120e_pretrained_20260318_211448
2026/03/19 02:46:12 - mmengine - INFO - Epoch(val) [42][ 50/245]    eta: 0:00:43  time: 0.2225  data_time: 0.0361  memory: 42372  
2026/03/19 02:46:23 - mmengine - INFO - Epoch(val) [42][100/245]    eta: 0:00:32  time: 0.2243  data_time: 0.0303  memory: 1538  
2026/03/19 02:46:33 - mmengine - INFO - Epoch(val) [42][150/245]    eta: 0:00:20  time: 0.1999  data_time: 0.0103  memory: 1538  
2026/03/19 02:46:43 - mmengine - INFO - Epoch(val) [42][200/245]    eta: 0:00:09  time: 0.1983  data_time: 0.0100  memory: 1538  
2026/03/19 02:47:01 - mmengine - INFO - Evaluating bbox...
2026/03/19 02:47:31 - mmengine - INFO - bbox_mAP_copypaste: 0.541 0.793 0.569 0.115 0.385 0.610
2026/03/19 02:47:32 - mmengine - INFO - Epoch(val) [42][245/245]    coco/bbox_mAP: 0.5410  coco/bbox_mAP_50: 0.7930  coco/bbox_mAP_75: 0.5690  coco/bbox_mAP_s: 0.1150  coco/bbox_mAP_m: 0.3850  coco/bbox_mAP_l: 0.6100  data_time: 0.0214  time: 0.2106
2026/03/19 02:49:07 - mmengine - INFO - Epoch(train) [43][ 50/245]  base_lr: 4.9197e-05 lr: 4.9197e-05  eta: 4:30:10  time: 1.9000  data_time: 0.0185  memory: 42212  grad_norm: 36.6768  loss: 2.7415  loss_cls: 0.0048  loss_bbox: 0.0488  loss_iou: 0.1270  d0.loss_cls: 0.0227  d0.loss_bbox: 0.0538  d0.loss_iou: 0.1345  d1.loss_cls: 0.0092  d1.loss_bbox: 0.0501  d1.loss_iou: 0.1290  d2.loss_cls: 0.0064  d2.loss_bbox: 0.0491  d2.loss_iou: 0.1274  d3.loss_cls: 0.0054  d3.loss_bbox: 0.0489  d3.loss_iou: 0.1271  d4.loss_cls: 0.0049  d4.loss_bbox: 0.0488  d4.loss_iou: 0.1270  enc_loss_cls: 0.0299  enc_loss_bbox: 0.0645  enc_loss_iou: 0.1540  dn_loss_cls: 0.0049  dn_loss_bbox: 0.0577  dn_loss_iou: 0.1333  d0.dn_loss_cls: 0.0236  d0.dn_loss_bbox: 0.1185  d0.dn_loss_iou: 0.2138  d1.dn_loss_cls: 0.0088  d1.dn_loss_bbox: 0.0669  d1.dn_loss_iou: 0.1450  d2.dn_loss_cls: 0.0062  d2.dn_loss_bbox: 0.0600  d2.dn_loss_iou: 0.1362  d3.dn_loss_cls: 0.0053  d3.dn_loss_bbox: 0.0583  d3.dn_loss_iou: 0.1337  d4.dn_loss_cls: 0.0049  d4.dn_loss_bbox: 0.0578  d4.dn_loss_iou: 0.1333
2026/03/19 02:50:39 - mmengine - INFO - Epoch(train) [43][100/245]  base_lr: 4.9197e-05 lr: 4.9197e-05  eta: 4:28:47  time: 1.8434  data_time: 0.0050  memory: 42431  grad_norm: 35.9477  loss: 2.6911  loss_cls: 0.0041  loss_bbox: 0.0471  loss_iou: 0.1261  d0.loss_cls: 0.0242  d0.loss_bbox: 0.0517  d0.loss_iou: 0.1331  d1.loss_cls: 0.0096  d1.loss_bbox: 0.0483  d1.loss_iou: 0.1278  d2.loss_cls: 0.0063  d2.loss_bbox: 0.0475  d2.loss_iou: 0.1267  d3.loss_cls: 0.0051  d3.loss_bbox: 0.0472  d3.loss_iou: 0.1261  d4.loss_cls: 0.0044  d4.loss_bbox: 0.0471  d4.loss_iou: 0.1261  enc_loss_cls: 0.0285  enc_loss_bbox: 0.0620  enc_loss_iou: 0.1521  dn_loss_cls: 0.0050  dn_loss_bbox: 0.0547  dn_loss_iou: 0.1311  d0.dn_loss_cls: 0.0239  d0.dn_loss_bbox: 0.1149  d0.dn_loss_iou: 0.2129  d1.dn_loss_cls: 0.0091  d1.dn_loss_bbox: 0.0640  d1.dn_loss_iou: 0.1435  d2.dn_loss_cls: 0.0065  d2.dn_loss_bbox: 0.0569  d2.dn_loss_iou: 0.1344  d3.dn_loss_cls: 0.0055  d3.dn_loss_bbox: 0.0551  d3.dn_loss_iou: 0.1317  d4.dn_loss_cls: 0.0051  d4.dn_loss_bbox: 0.0547  d4.dn_loss_iou: 0.1311
2026/03/19 02:52:12 - mmengine - INFO - Epoch(train) [43][150/245]  base_lr: 4.9197e-05 lr: 4.9197e-05  eta: 4:27:24  time: 1.8667  data_time: 0.0051  memory: 42594  grad_norm: 35.7934  loss: 2.8413  loss_cls: 0.0064  loss_bbox: 0.0485  loss_iou: 0.1325  d0.loss_cls: 0.0287  d0.loss_bbox: 0.0529  d0.loss_iou: 0.1396  d1.loss_cls: 0.0121  d1.loss_bbox: 0.0494  d1.loss_iou: 0.1339  d2.loss_cls: 0.0086  d2.loss_bbox: 0.0488  d2.loss_iou: 0.1329  d3.loss_cls: 0.0074  d3.loss_bbox: 0.0485  d3.loss_iou: 0.1326  d4.loss_cls: 0.0067  d4.loss_bbox: 0.0485  d4.loss_iou: 0.1325  enc_loss_cls: 0.0322  enc_loss_bbox: 0.0636  enc_loss_iou: 0.1589  dn_loss_cls: 0.0055  dn_loss_bbox: 0.0578  dn_loss_iou: 0.1391  d0.dn_loss_cls: 0.0241  d0.dn_loss_bbox: 0.1192  d0.dn_loss_iou: 0.2221  d1.dn_loss_cls: 0.0094  d1.dn_loss_bbox: 0.0688  d1.dn_loss_iou: 0.1527  d2.dn_loss_cls: 0.0069  d2.dn_loss_bbox: 0.0606  d2.dn_loss_iou: 0.1427  d3.dn_loss_cls: 0.0061  d3.dn_loss_bbox: 0.0584  d3.dn_loss_iou: 0.1399  d4.dn_loss_cls: 0.0056  d4.dn_loss_bbox: 0.0578  d4.dn_loss_iou: 0.1392
2026/03/19 02:53:45 - mmengine - INFO - Epoch(train) [43][200/245]  base_lr: 4.9197e-05 lr: 4.9197e-05  eta: 4:26:01  time: 1.8546  data_time: 0.0052  memory: 42431  grad_norm: 36.4446  loss: 2.8025  loss_cls: 0.0056  loss_bbox: 0.0483  loss_iou: 0.1291  d0.loss_cls: 0.0254  d0.loss_bbox: 0.0534  d0.loss_iou: 0.1365  d1.loss_cls: 0.0121  d1.loss_bbox: 0.0498  d1.loss_iou: 0.1310  d2.loss_cls: 0.0083  d2.loss_bbox: 0.0488  d2.loss_iou: 0.1297  d3.loss_cls: 0.0069  d3.loss_bbox: 0.0484  d3.loss_iou: 0.1292  d4.loss_cls: 0.0059  d4.loss_bbox: 0.0483  d4.loss_iou: 0.1291  enc_loss_cls: 0.0313  enc_loss_bbox: 0.0651  enc_loss_iou: 0.1578  dn_loss_cls: 0.0051  dn_loss_bbox: 0.0585  dn_loss_iou: 0.1355  d0.dn_loss_cls: 0.0239  d0.dn_loss_bbox: 0.1242  d0.dn_loss_iou: 0.2208  d1.dn_loss_cls: 0.0092  d1.dn_loss_bbox: 0.0696  d1.dn_loss_iou: 0.1490  d2.dn_loss_cls: 0.0067  d2.dn_loss_bbox: 0.0611  d2.dn_loss_iou: 0.1390  d3.dn_loss_cls: 0.0057  d3.dn_loss_bbox: 0.0590  d3.dn_loss_iou: 0.1361  d4.dn_loss_cls: 0.0051  d4.dn_loss_bbox: 0.0585  d4.dn_loss_iou: 0.1355
2026/03/19 02:55:09 - mmengine - INFO - Exp name: dino_4scale_r50_ruod_120e_pretrained_20260318_211448
2026/03/19 02:56:42 - mmengine - INFO - Epoch(train) [44][ 50/245]  base_lr: 4.7895e-05 lr: 4.7895e-05  eta: 4:23:24  time: 1.8699  data_time: 0.0141  memory: 42431  grad_norm: 33.1157  loss: 2.6965  loss_cls: 0.0045  loss_bbox: 0.0480  loss_iou: 0.1259  d0.loss_cls: 0.0223  d0.loss_bbox: 0.0524  d0.loss_iou: 0.1321  d1.loss_cls: 0.0089  d1.loss_bbox: 0.0491  d1.loss_iou: 0.1275  d2.loss_cls: 0.0061  d2.loss_bbox: 0.0484  d2.loss_iou: 0.1263  d3.loss_cls: 0.0051  d3.loss_bbox: 0.0481  d3.loss_iou: 0.1260  d4.loss_cls: 0.0046  d4.loss_bbox: 0.0480  d4.loss_iou: 0.1259  enc_loss_cls: 0.0287  enc_loss_bbox: 0.0626  enc_loss_iou: 0.1512  dn_loss_cls: 0.0046  dn_loss_bbox: 0.0565  dn_loss_iou: 0.1311  d0.dn_loss_cls: 0.0235  d0.dn_loss_bbox: 0.1159  d0.dn_loss_iou: 0.2100  d1.dn_loss_cls: 0.0089  d1.dn_loss_bbox: 0.0664  d1.dn_loss_iou: 0.1426  d2.dn_loss_cls: 0.0061  d2.dn_loss_bbox: 0.0590  d2.dn_loss_iou: 0.1339  d3.dn_loss_cls: 0.0051  d3.dn_loss_bbox: 0.0571  d3.dn_loss_iou: 0.1317  d4.dn_loss_cls: 0.0047  d4.dn_loss_bbox: 0.0565  d4.dn_loss_iou: 0.1311
2026/03/19 02:58:15 - mmengine - INFO - Epoch(train) [44][100/245]  base_lr: 4.7895e-05 lr: 4.7895e-05  eta: 4:22:01  time: 1.8565  data_time: 0.0051  memory: 42431  grad_norm: 36.7397  loss: 2.6903  loss_cls: 0.0048  loss_bbox: 0.0472  loss_iou: 0.1252  d0.loss_cls: 0.0251  d0.loss_bbox: 0.0518  d0.loss_iou: 0.1328  d1.loss_cls: 0.0105  d1.loss_bbox: 0.0484  d1.loss_iou: 0.1271  d2.loss_cls: 0.0073  d2.loss_bbox: 0.0476  d2.loss_iou: 0.1257  d3.loss_cls: 0.0059  d3.loss_bbox: 0.0473  d3.loss_iou: 0.1253  d4.loss_cls: 0.0051  d4.loss_bbox: 0.0472  d4.loss_iou: 0.1253  enc_loss_cls: 0.0305  enc_loss_bbox: 0.0623  enc_loss_iou: 0.1524  dn_loss_cls: 0.0050  dn_loss_bbox: 0.0541  dn_loss_iou: 0.1309  d0.dn_loss_cls: 0.0236  d0.dn_loss_bbox: 0.1141  d0.dn_loss_iou: 0.2135  d1.dn_loss_cls: 0.0089  d1.dn_loss_bbox: 0.0632  d1.dn_loss_iou: 0.1435  d2.dn_loss_cls: 0.0064  d2.dn_loss_bbox: 0.0565  d2.dn_loss_iou: 0.1342  d3.dn_loss_cls: 0.0055  d3.dn_loss_bbox: 0.0545  d3.dn_loss_iou: 0.1315  d4.dn_loss_cls: 0.0051  d4.dn_loss_bbox: 0.0541  d4.dn_loss_iou: 0.1309
2026/03/19 02:59:48 - mmengine - INFO - Epoch(train) [44][150/245]  base_lr: 4.7895e-05 lr: 4.7895e-05  eta: 4:20:38  time: 1.8634  data_time: 0.0051  memory: 42319  grad_norm: 34.3439  loss: 2.6948  loss_cls: 0.0037  loss_bbox: 0.0474  loss_iou: 0.1249  d0.loss_cls: 0.0239  d0.loss_bbox: 0.0516  d0.loss_iou: 0.1322  d1.loss_cls: 0.0095  d1.loss_bbox: 0.0485  d1.loss_iou: 0.1268  d2.loss_cls: 0.0058  d2.loss_bbox: 0.0477  d2.loss_iou: 0.1254  d3.loss_cls: 0.0044  d3.loss_bbox: 0.0476  d3.loss_iou: 0.1252  d4.loss_cls: 0.0038  d4.loss_bbox: 0.0474  d4.loss_iou: 0.1250  enc_loss_cls: 0.0294  enc_loss_bbox: 0.0622  enc_loss_iou: 0.1521  dn_loss_cls: 0.0051  dn_loss_bbox: 0.0554  dn_loss_iou: 0.1315  d0.dn_loss_cls: 0.0242  d0.dn_loss_bbox: 0.1162  d0.dn_loss_iou: 0.2140  d1.dn_loss_cls: 0.0094  d1.dn_loss_bbox: 0.0656  d1.dn_loss_iou: 0.1445  d2.dn_loss_cls: 0.0064  d2.dn_loss_bbox: 0.0578  d2.dn_loss_iou: 0.1349  d3.dn_loss_cls: 0.0056  d3.dn_loss_bbox: 0.0558  d3.dn_loss_iou: 0.1323  d4.dn_loss_cls: 0.0051  d4.dn_loss_bbox: 0.0554  d4.dn_loss_iou: 0.1315
2026/03/19 03:01:16 - mmengine - INFO - Epoch(train) [44][200/245]  base_lr: 4.7895e-05 lr: 4.7895e-05  eta: 4:19:10  time: 1.7582  data_time: 0.0047  memory: 42431  grad_norm: 35.9787  loss: 2.8017  loss_cls: 0.0050  loss_bbox: 0.0476  loss_iou: 0.1318  d0.loss_cls: 0.0253  d0.loss_bbox: 0.0521  d0.loss_iou: 0.1389  d1.loss_cls: 0.0107  d1.loss_bbox: 0.0489  d1.loss_iou: 0.1336  d2.loss_cls: 0.0073  d2.loss_bbox: 0.0479  d2.loss_iou: 0.1322  d3.loss_cls: 0.0057  d3.loss_bbox: 0.0477  d3.loss_iou: 0.1319  d4.loss_cls: 0.0050  d4.loss_bbox: 0.0476  d4.loss_iou: 0.1318  enc_loss_cls: 0.0300  enc_loss_bbox: 0.0631  enc_loss_iou: 0.1583  dn_loss_cls: 0.0053  dn_loss_bbox: 0.0565  dn_loss_iou: 0.1382  d0.dn_loss_cls: 0.0249  d0.dn_loss_bbox: 0.1172  d0.dn_loss_iou: 0.2218  d1.dn_loss_cls: 0.0095  d1.dn_loss_bbox: 0.0661  d1.dn_loss_iou: 0.1518  d2.dn_loss_cls: 0.0067  d2.dn_loss_bbox: 0.0586  d2.dn_loss_iou: 0.1414  d3.dn_loss_cls: 0.0058  d3.dn_loss_bbox: 0.0569  d3.dn_loss_iou: 0.1388  d4.dn_loss_cls: 0.0053  d4.dn_loss_bbox: 0.0565  d4.dn_loss_iou: 0.1382
2026/03/19 03:02:35 - mmengine - INFO - Exp name: dino_4scale_r50_ruod_120e_pretrained_20260318_211448
2026/03/19 03:02:46 - mmengine - INFO - Epoch(val) [44][ 50/245]    eta: 0:00:43  time: 0.2234  data_time: 0.0329  memory: 42423  
2026/03/19 03:03:12 - mmengine - INFO - Epoch(val) [44][100/245]    eta: 0:00:53  time: 0.5161  data_time: 0.3244  memory: 1538  
2026/03/19 03:03:23 - mmengine - INFO - Epoch(val) [44][150/245]    eta: 0:00:30  time: 0.2139  data_time: 0.0227  memory: 1538  
2026/03/19 03:03:33 - mmengine - INFO - Epoch(val) [44][200/245]    eta: 0:00:12  time: 0.2003  data_time: 0.0101  memory: 1538  
2026/03/19 03:03:51 - mmengine - INFO - Evaluating bbox...
2026/03/19 03:04:17 - mmengine - INFO - bbox_mAP_copypaste: 0.543 0.793 0.573 0.119 0.383 0.611
2026/03/19 03:04:18 - mmengine - INFO - Epoch(val) [44][245/245]    coco/bbox_mAP: 0.5430  coco/bbox_mAP_50: 0.7930  coco/bbox_mAP_75: 0.5730  coco/bbox_mAP_s: 0.1190  coco/bbox_mAP_m: 0.3830  coco/bbox_mAP_l: 0.6110  data_time: 0.0877  time: 0.2786
2026/03/19 03:05:50 - mmengine - INFO - Epoch(train) [45][ 50/245]  base_lr: 4.6592e-05 lr: 4.6592e-05  eta: 4:16:27  time: 1.8407  data_time: 0.0191  memory: 42423  grad_norm: 34.8746  loss: 2.6998  loss_cls: 0.0038  loss_bbox: 0.0462  loss_iou: 0.1262  d0.loss_cls: 0.0232  d0.loss_bbox: 0.0507  d0.loss_iou: 0.1331  d1.loss_cls: 0.0097  d1.loss_bbox: 0.0473  d1.loss_iou: 0.1278  d2.loss_cls: 0.0062  d2.loss_bbox: 0.0466  d2.loss_iou: 0.1267  d3.loss_cls: 0.0047  d3.loss_bbox: 0.0462  d3.loss_iou: 0.1263  d4.loss_cls: 0.0041  d4.loss_bbox: 0.0462  d4.loss_iou: 0.1263  enc_loss_cls: 0.0303  enc_loss_bbox: 0.0616  enc_loss_iou: 0.1528  dn_loss_cls: 0.0048  dn_loss_bbox: 0.0554  dn_loss_iou: 0.1324  d0.dn_loss_cls: 0.0235  d0.dn_loss_bbox: 0.1172  d0.dn_loss_iou: 0.2152  d1.dn_loss_cls: 0.0088  d1.dn_loss_bbox: 0.0654  d1.dn_loss_iou: 0.1448  d2.dn_loss_cls: 0.0060  d2.dn_loss_bbox: 0.0581  d2.dn_loss_iou: 0.1358  d3.dn_loss_cls: 0.0052  d3.dn_loss_bbox: 0.0558  d3.dn_loss_iou: 0.1329  d4.dn_loss_cls: 0.0048  d4.dn_loss_bbox: 0.0554  d4.dn_loss_iou: 0.1324
2026/03/19 03:07:21 - mmengine - INFO - Epoch(train) [45][100/245]  base_lr: 4.6592e-05 lr: 4.6592e-05  eta: 4:15:02  time: 1.8224  data_time: 0.0048  memory: 42212  grad_norm: 34.5893  loss: 2.6918  loss_cls: 0.0050  loss_bbox: 0.0477  loss_iou: 0.1242  d0.loss_cls: 0.0252  d0.loss_bbox: 0.0520  d0.loss_iou: 0.1314  d1.loss_cls: 0.0120  d1.loss_bbox: 0.0485  d1.loss_iou: 0.1259  d2.loss_cls: 0.0077  d2.loss_bbox: 0.0480  d2.loss_iou: 0.1246  d3.loss_cls: 0.0060  d3.loss_bbox: 0.0477  d3.loss_iou: 0.1243  d4.loss_cls: 0.0053  d4.loss_bbox: 0.0477  d4.loss_iou: 0.1242  enc_loss_cls: 0.0305  enc_loss_bbox: 0.0624  enc_loss_iou: 0.1502  dn_loss_cls: 0.0051  dn_loss_bbox: 0.0558  dn_loss_iou: 0.1301  d0.dn_loss_cls: 0.0243  d0.dn_loss_bbox: 0.1159  d0.dn_loss_iou: 0.2120  d1.dn_loss_cls: 0.0090  d1.dn_loss_bbox: 0.0651  d1.dn_loss_iou: 0.1423  d2.dn_loss_cls: 0.0064  d2.dn_loss_bbox: 0.0583  d2.dn_loss_iou: 0.1332  d3.dn_loss_cls: 0.0056  d3.dn_loss_bbox: 0.0563  d3.dn_loss_iou: 0.1307  d4.dn_loss_cls: 0.0052  d4.dn_loss_bbox: 0.0559  d4.dn_loss_iou: 0.1301
2026/03/19 03:08:54 - mmengine - INFO - Epoch(train) [45][150/245]  base_lr: 4.6592e-05 lr: 4.6592e-05  eta: 4:13:39  time: 1.8696  data_time: 0.0051  memory: 42431  grad_norm: 34.7624  loss: 2.6450  loss_cls: 0.0049  loss_bbox: 0.0446  loss_iou: 0.1225  d0.loss_cls: 0.0258  d0.loss_bbox: 0.0492  d0.loss_iou: 0.1295  d1.loss_cls: 0.0124  d1.loss_bbox: 0.0458  d1.loss_iou: 0.1247  d2.loss_cls: 0.0074  d2.loss_bbox: 0.0450  d2.loss_iou: 0.1230  d3.loss_cls: 0.0058  d3.loss_bbox: 0.0447  d3.loss_iou: 0.1226  d4.loss_cls: 0.0051  d4.loss_bbox: 0.0447  d4.loss_iou: 0.1225  enc_loss_cls: 0.0300  enc_loss_bbox: 0.0597  enc_loss_iou: 0.1496  dn_loss_cls: 0.0052  dn_loss_bbox: 0.0543  dn_loss_iou: 0.1295  d0.dn_loss_cls: 0.0233  d0.dn_loss_bbox: 0.1131  d0.dn_loss_iou: 0.2117  d1.dn_loss_cls: 0.0091  d1.dn_loss_bbox: 0.0630  d1.dn_loss_iou: 0.1415  d2.dn_loss_cls: 0.0064  d2.dn_loss_bbox: 0.0564  d2.dn_loss_iou: 0.1322  d3.dn_loss_cls: 0.0056  d3.dn_loss_bbox: 0.0548  d3.dn_loss_iou: 0.1300  d4.dn_loss_cls: 0.0053  d4.dn_loss_bbox: 0.0544  d4.dn_loss_iou: 0.1295
2026/03/19 03:10:28 - mmengine - INFO - Epoch(train) [45][200/245]  base_lr: 4.6592e-05 lr: 4.6592e-05  eta: 4:12:16  time: 1.8735  data_time: 0.0049  memory: 42431  grad_norm: 38.4316  loss: 2.6821  loss_cls: 0.0046  loss_bbox: 0.0468  loss_iou: 0.1248  d0.loss_cls: 0.0232  d0.loss_bbox: 0.0521  d0.loss_iou: 0.1322  d1.loss_cls: 0.0102  d1.loss_bbox: 0.0481  d1.loss_iou: 0.1263  d2.loss_cls: 0.0070  d2.loss_bbox: 0.0471  d2.loss_iou: 0.1251  d3.loss_cls: 0.0053  d3.loss_bbox: 0.0469  d3.loss_iou: 0.1249  d4.loss_cls: 0.0047  d4.loss_bbox: 0.0468  d4.loss_iou: 0.1247  enc_loss_cls: 0.0296  enc_loss_bbox: 0.0628  enc_loss_iou: 0.1520  dn_loss_cls: 0.0047  dn_loss_bbox: 0.0546  dn_loss_iou: 0.1298  d0.dn_loss_cls: 0.0238  d0.dn_loss_bbox: 0.1190  d0.dn_loss_iou: 0.2132  d1.dn_loss_cls: 0.0088  d1.dn_loss_bbox: 0.0648  d1.dn_loss_iou: 0.1423  d2.dn_loss_cls: 0.0062  d2.dn_loss_bbox: 0.0570  d2.dn_loss_iou: 0.1326  d3.dn_loss_cls: 0.0052  d3.dn_loss_bbox: 0.0550  d3.dn_loss_iou: 0.1304  d4.dn_loss_cls: 0.0048  d4.dn_loss_bbox: 0.0546  d4.dn_loss_iou: 0.1298
2026/03/19 03:11:04 - mmengine - INFO - Exp name: dino_4scale_r50_ruod_120e_pretrained_20260318_211448
2026/03/19 03:11:50 - mmengine - INFO - Exp name: dino_4scale_r50_ruod_120e_pretrained_20260318_211448
2026/03/19 03:13:23 - mmengine - INFO - Epoch(train) [46][ 50/245]  base_lr: 4.5289e-05 lr: 4.5289e-05  eta: 4:09:36  time: 1.8785  data_time: 0.0154  memory: 42431  grad_norm: 34.4281  loss: 2.6927  loss_cls: 0.0039  loss_bbox: 0.0468  loss_iou: 0.1237  d0.loss_cls: 0.0221  d0.loss_bbox: 0.0515  d0.loss_iou: 0.1312  d1.loss_cls: 0.0087  d1.loss_bbox: 0.0479  d1.loss_iou: 0.1254  d2.loss_cls: 0.0055  d2.loss_bbox: 0.0471  d2.loss_iou: 0.1243  d3.loss_cls: 0.0044  d3.loss_bbox: 0.0468  d3.loss_iou: 0.1240  d4.loss_cls: 0.0039  d4.loss_bbox: 0.0468  d4.loss_iou: 0.1237  enc_loss_cls: 0.0289  enc_loss_bbox: 0.0619  enc_loss_iou: 0.1503  dn_loss_cls: 0.0051  dn_loss_bbox: 0.0567  dn_loss_iou: 0.1309  d0.dn_loss_cls: 0.0246  d0.dn_loss_bbox: 0.1237  d0.dn_loss_iou: 0.2161  d1.dn_loss_cls: 0.0092  d1.dn_loss_bbox: 0.0674  d1.dn_loss_iou: 0.1436  d2.dn_loss_cls: 0.0066  d2.dn_loss_bbox: 0.0592  d2.dn_loss_iou: 0.1339  d3.dn_loss_cls: 0.0054  d3.dn_loss_bbox: 0.0572  d3.dn_loss_iou: 0.1314  d4.dn_loss_cls: 0.0051  d4.dn_loss_bbox: 0.0568  d4.dn_loss_iou: 0.1309
2026/03/19 03:14:57 - mmengine - INFO - Epoch(train) [46][100/245]  base_lr: 4.5289e-05 lr: 4.5289e-05  eta: 4:08:12  time: 1.8640  data_time: 0.0052  memory: 42212  grad_norm: 37.9403  loss: 2.6844  loss_cls: 0.0045  loss_bbox: 0.0486  loss_iou: 0.1244  d0.loss_cls: 0.0230  d0.loss_bbox: 0.0530  d0.loss_iou: 0.1319  d1.loss_cls: 0.0096  d1.loss_bbox: 0.0497  d1.loss_iou: 0.1260  d2.loss_cls: 0.0064  d2.loss_bbox: 0.0490  d2.loss_iou: 0.1248  d3.loss_cls: 0.0052  d3.loss_bbox: 0.0487  d3.loss_iou: 0.1245  d4.loss_cls: 0.0046  d4.loss_bbox: 0.0486  d4.loss_iou: 0.1244  enc_loss_cls: 0.0290  enc_loss_bbox: 0.0635  enc_loss_iou: 0.1507  dn_loss_cls: 0.0050  dn_loss_bbox: 0.0554  dn_loss_iou: 0.1286  d0.dn_loss_cls: 0.0241  d0.dn_loss_bbox: 0.1179  d0.dn_loss_iou: 0.2122  d1.dn_loss_cls: 0.0094  d1.dn_loss_bbox: 0.0649  d1.dn_loss_iou: 0.1411  d2.dn_loss_cls: 0.0065  d2.dn_loss_bbox: 0.0578  d2.dn_loss_iou: 0.1317  d3.dn_loss_cls: 0.0056  d3.dn_loss_bbox: 0.0559  d3.dn_loss_iou: 0.1292  d4.dn_loss_cls: 0.0051  d4.dn_loss_bbox: 0.0555  d4.dn_loss_iou: 0.1286
2026/03/19 03:16:30 - mmengine - INFO - Epoch(train) [46][150/245]  base_lr: 4.5289e-05 lr: 4.5289e-05  eta: 4:06:48  time: 1.8672  data_time: 0.0053  memory: 46376  grad_norm: 37.6743  loss: 2.6692  loss_cls: 0.0056  loss_bbox: 0.0453  loss_iou: 0.1235  d0.loss_cls: 0.0237  d0.loss_bbox: 0.0496  d0.loss_iou: 0.1303  d1.loss_cls: 0.0105  d1.loss_bbox: 0.0465  d1.loss_iou: 0.1256  d2.loss_cls: 0.0076  d2.loss_bbox: 0.0456  d2.loss_iou: 0.1241  d3.loss_cls: 0.0066  d3.loss_bbox: 0.0454  d3.loss_iou: 0.1237  d4.loss_cls: 0.0058  d4.loss_bbox: 0.0453  d4.loss_iou: 0.1235  enc_loss_cls: 0.0300  enc_loss_bbox: 0.0600  enc_loss_iou: 0.1502  dn_loss_cls: 0.0047  dn_loss_bbox: 0.0557  dn_loss_iou: 0.1307  d0.dn_loss_cls: 0.0230  d0.dn_loss_bbox: 0.1162  d0.dn_loss_iou: 0.2131  d1.dn_loss_cls: 0.0086  d1.dn_loss_bbox: 0.0651  d1.dn_loss_iou: 0.1427  d2.dn_loss_cls: 0.0061  d2.dn_loss_bbox: 0.0576  d2.dn_loss_iou: 0.1334  d3.dn_loss_cls: 0.0052  d3.dn_loss_bbox: 0.0560  d3.dn_loss_iou: 0.1312  d4.dn_loss_cls: 0.0048  d4.dn_loss_bbox: 0.0557  d4.dn_loss_iou: 0.1308
2026/03/19 03:18:03 - mmengine - INFO - Epoch(train) [46][200/245]  base_lr: 4.5289e-05 lr: 4.5289e-05  eta: 4:05:24  time: 1.8662  data_time: 0.0048  memory: 42205  grad_norm: 36.5473  loss: 2.5732  loss_cls: 0.0052  loss_bbox: 0.0444  loss_iou: 0.1199  d0.loss_cls: 0.0247  d0.loss_bbox: 0.0488  d0.loss_iou: 0.1268  d1.loss_cls: 0.0101  d1.loss_bbox: 0.0455  d1.loss_iou: 0.1211  d2.loss_cls: 0.0071  d2.loss_bbox: 0.0446  d2.loss_iou: 0.1203  d3.loss_cls: 0.0061  d3.loss_bbox: 0.0445  d3.loss_iou: 0.1200  d4.loss_cls: 0.0054  d4.loss_bbox: 0.0444  d4.loss_iou: 0.1198  enc_loss_cls: 0.0292  enc_loss_bbox: 0.0593  enc_loss_iou: 0.1460  dn_loss_cls: 0.0044  dn_loss_bbox: 0.0522  dn_loss_iou: 0.1249  d0.dn_loss_cls: 0.0227  d0.dn_loss_bbox: 0.1126  d0.dn_loss_iou: 0.2060  d1.dn_loss_cls: 0.0082  d1.dn_loss_bbox: 0.0613  d1.dn_loss_iou: 0.1362  d2.dn_loss_cls: 0.0056  d2.dn_loss_bbox: 0.0543  d2.dn_loss_iou: 0.1277  d3.dn_loss_cls: 0.0047  d3.dn_loss_bbox: 0.0526  d3.dn_loss_iou: 0.1254  d4.dn_loss_cls: 0.0044  d4.dn_loss_bbox: 0.0522  d4.dn_loss_iou: 0.1249
2026/03/19 03:19:26 - mmengine - INFO - Exp name: dino_4scale_r50_ruod_120e_pretrained_20260318_211448
2026/03/19 03:19:38 - mmengine - INFO - Epoch(val) [46][ 50/245]    eta: 0:00:45  time: 0.2326  data_time: 0.0418  memory: 42431  
2026/03/19 03:19:48 - mmengine - INFO - Epoch(val) [46][100/245]    eta: 0:00:31  time: 0.2063  data_time: 0.0163  memory: 1538  
2026/03/19 03:19:58 - mmengine - INFO - Epoch(val) [46][150/245]    eta: 0:00:20  time: 0.1996  data_time: 0.0102  memory: 1538  
2026/03/19 03:20:08 - mmengine - INFO - Epoch(val) [46][200/245]    eta: 0:00:09  time: 0.2006  data_time: 0.0100  memory: 1538  
2026/03/19 03:20:25 - mmengine - INFO - Evaluating bbox...
2026/03/19 03:20:54 - mmengine - INFO - bbox_mAP_copypaste: 0.533 0.785 0.559 0.117 0.372 0.604
2026/03/19 03:20:54 - mmengine - INFO - Epoch(val) [46][245/245]    coco/bbox_mAP: 0.5330  coco/bbox_mAP_50: 0.7850  coco/bbox_mAP_75: 0.5590  coco/bbox_mAP_s: 0.1170  coco/bbox_mAP_m: 0.3720  coco/bbox_mAP_l: 0.6040  data_time: 0.0180  time: 0.2081
2026/03/19 03:22:29 - mmengine - INFO - Epoch(train) [47][ 50/245]  base_lr: 4.3987e-05 lr: 4.3987e-05  eta: 4:02:45  time: 1.8961  data_time: 0.0145  memory: 42431  grad_norm: 37.9085  loss: 2.5711  loss_cls: 0.0042  loss_bbox: 0.0435  loss_iou: 0.1206  d0.loss_cls: 0.0237  d0.loss_bbox: 0.0478  d0.loss_iou: 0.1276  d1.loss_cls: 0.0097  d1.loss_bbox: 0.0446  d1.loss_iou: 0.1224  d2.loss_cls: 0.0061  d2.loss_bbox: 0.0438  d2.loss_iou: 0.1210  d3.loss_cls: 0.0048  d3.loss_bbox: 0.0436  d3.loss_iou: 0.1207  d4.loss_cls: 0.0043  d4.loss_bbox: 0.0435  d4.loss_iou: 0.1206  enc_loss_cls: 0.0285  enc_loss_bbox: 0.0586  enc_loss_iou: 0.1474  dn_loss_cls: 0.0046  dn_loss_bbox: 0.0509  dn_loss_iou: 0.1265  d0.dn_loss_cls: 0.0233  d0.dn_loss_bbox: 0.1107  d0.dn_loss_iou: 0.2077  d1.dn_loss_cls: 0.0084  d1.dn_loss_bbox: 0.0595  d1.dn_loss_iou: 0.1384  d2.dn_loss_cls: 0.0060  d2.dn_loss_bbox: 0.0529  d2.dn_loss_iou: 0.1293  d3.dn_loss_cls: 0.0051  d3.dn_loss_bbox: 0.0514  d3.dn_loss_iou: 0.1271  d4.dn_loss_cls: 0.0047  d4.dn_loss_bbox: 0.0510  d4.dn_loss_iou: 0.1265
2026/03/19 03:24:02 - mmengine - INFO - Epoch(train) [47][100/245]  base_lr: 4.3987e-05 lr: 4.3987e-05  eta: 4:01:21  time: 1.8651  data_time: 0.0050  memory: 42372  grad_norm: 33.6022  loss: 2.5336  loss_cls: 0.0038  loss_bbox: 0.0443  loss_iou: 0.1154  d0.loss_cls: 0.0215  d0.loss_bbox: 0.0487  d0.loss_iou: 0.1225  d1.loss_cls: 0.0083  d1.loss_bbox: 0.0454  d1.loss_iou: 0.1169  d2.loss_cls: 0.0050  d2.loss_bbox: 0.0445  d2.loss_iou: 0.1157  d3.loss_cls: 0.0041  d3.loss_bbox: 0.0444  d3.loss_iou: 0.1155  d4.loss_cls: 0.0038  d4.loss_bbox: 0.0443  d4.loss_iou: 0.1154  enc_loss_cls: 0.0272  enc_loss_bbox: 0.0594  enc_loss_iou: 0.1415  dn_loss_cls: 0.0046  dn_loss_bbox: 0.0543  dn_loss_iou: 0.1229  d0.dn_loss_cls: 0.0232  d0.dn_loss_bbox: 0.1148  d0.dn_loss_iou: 0.2046  d1.dn_loss_cls: 0.0086  d1.dn_loss_bbox: 0.0634  d1.dn_loss_iou: 0.1350  d2.dn_loss_cls: 0.0060  d2.dn_loss_bbox: 0.0567  d2.dn_loss_iou: 0.1264  d3.dn_loss_cls: 0.0051  d3.dn_loss_bbox: 0.0547  d3.dn_loss_iou: 0.1235  d4.dn_loss_cls: 0.0046  d4.dn_loss_bbox: 0.0543  d4.dn_loss_iou: 0.1230
2026/03/19 03:25:37 - mmengine - INFO - Epoch(train) [47][150/245]  base_lr: 4.3987e-05 lr: 4.3987e-05  eta: 3:59:58  time: 1.8851  data_time: 0.0051  memory: 42423  grad_norm: 33.9119  loss: 2.5441  loss_cls: 0.0040  loss_bbox: 0.0442  loss_iou: 0.1167  d0.loss_cls: 0.0226  d0.loss_bbox: 0.0483  d0.loss_iou: 0.1235  d1.loss_cls: 0.0089  d1.loss_bbox: 0.0453  d1.loss_iou: 0.1183  d2.loss_cls: 0.0060  d2.loss_bbox: 0.0445  d2.loss_iou: 0.1170  d3.loss_cls: 0.0049  d3.loss_bbox: 0.0442  d3.loss_iou: 0.1168  d4.loss_cls: 0.0043  d4.loss_bbox: 0.0441  d4.loss_iou: 0.1166  enc_loss_cls: 0.0267  enc_loss_bbox: 0.0585  enc_loss_iou: 0.1429  dn_loss_cls: 0.0051  dn_loss_bbox: 0.0531  dn_loss_iou: 0.1239  d0.dn_loss_cls: 0.0240  d0.dn_loss_bbox: 0.1112  d0.dn_loss_iou: 0.2048  d1.dn_loss_cls: 0.0090  d1.dn_loss_bbox: 0.0630  d1.dn_loss_iou: 0.1366  d2.dn_loss_cls: 0.0065  d2.dn_loss_bbox: 0.0556  d2.dn_loss_iou: 0.1271  d3.dn_loss_cls: 0.0057  d3.dn_loss_bbox: 0.0535  d3.dn_loss_iou: 0.1245  d4.dn_loss_cls: 0.0052  d4.dn_loss_bbox: 0.0531  d4.dn_loss_iou: 0.1239
2026/03/19 03:27:10 - mmengine - INFO - Epoch(train) [47][200/245]  base_lr: 4.3987e-05 lr: 4.3987e-05  eta: 3:58:33  time: 1.8605  data_time: 0.0049  memory: 42320  grad_norm: 35.7313  loss: 2.5604  loss_cls: 0.0031  loss_bbox: 0.0455  loss_iou: 0.1172  d0.loss_cls: 0.0206  d0.loss_bbox: 0.0500  d0.loss_iou: 0.1243  d1.loss_cls: 0.0073  d1.loss_bbox: 0.0464  d1.loss_iou: 0.1189  d2.loss_cls: 0.0046  d2.loss_bbox: 0.0458  d2.loss_iou: 0.1178  d3.loss_cls: 0.0035  d3.loss_bbox: 0.0455  d3.loss_iou: 0.1173  d4.loss_cls: 0.0032  d4.loss_bbox: 0.0455  d4.loss_iou: 0.1172  enc_loss_cls: 0.0268  enc_loss_bbox: 0.0617  enc_loss_iou: 0.1441  dn_loss_cls: 0.0049  dn_loss_bbox: 0.0539  dn_loss_iou: 0.1232  d0.dn_loss_cls: 0.0236  d0.dn_loss_bbox: 0.1181  d0.dn_loss_iou: 0.2075  d1.dn_loss_cls: 0.0090  d1.dn_loss_bbox: 0.0637  d1.dn_loss_iou: 0.1354  d2.dn_loss_cls: 0.0063  d2.dn_loss_bbox: 0.0562  d2.dn_loss_iou: 0.1263  d3.dn_loss_cls: 0.0055  d3.dn_loss_bbox: 0.0544  d3.dn_loss_iou: 0.1238  d4.dn_loss_cls: 0.0050  d4.dn_loss_bbox: 0.0540  d4.dn_loss_iou: 0.1232
2026/03/19 03:28:33 - mmengine - INFO - Exp name: dino_4scale_r50_ruod_120e_pretrained_20260318_211448
2026/03/19 03:30:06 - mmengine - INFO - Epoch(train) [48][ 50/245]  base_lr: 4.2684e-05 lr: 4.2684e-05  eta: 3:55:52  time: 1.8686  data_time: 0.0138  memory: 45120  grad_norm: 41.0107  loss: 2.6434  loss_cls: 0.0043  loss_bbox: 0.0447  loss_iou: 0.1261  d0.loss_cls: 0.0230  d0.loss_bbox: 0.0488  d0.loss_iou: 0.1332  d1.loss_cls: 0.0096  d1.loss_bbox: 0.0456  d1.loss_iou: 0.1277  d2.loss_cls: 0.0065  d2.loss_bbox: 0.0450  d2.loss_iou: 0.1264  d3.loss_cls: 0.0049  d3.loss_bbox: 0.0448  d3.loss_iou: 0.1261  d4.loss_cls: 0.0044  d4.loss_bbox: 0.0447  d4.loss_iou: 0.1261  enc_loss_cls: 0.0270  enc_loss_bbox: 0.0589  enc_loss_iou: 0.1527  dn_loss_cls: 0.0044  dn_loss_bbox: 0.0522  dn_loss_iou: 0.1315  d0.dn_loss_cls: 0.0228  d0.dn_loss_bbox: 0.1074  d0.dn_loss_iou: 0.2108  d1.dn_loss_cls: 0.0081  d1.dn_loss_bbox: 0.0609  d1.dn_loss_iou: 0.1433  d2.dn_loss_cls: 0.0057  d2.dn_loss_bbox: 0.0542  d2.dn_loss_iou: 0.1343  d3.dn_loss_cls: 0.0049  d3.dn_loss_bbox: 0.0525  d3.dn_loss_iou: 0.1321  d4.dn_loss_cls: 0.0044  d4.dn_loss_bbox: 0.0522  d4.dn_loss_iou: 0.1315
2026/03/19 03:31:40 - mmengine - INFO - Epoch(train) [48][100/245]  base_lr: 4.2684e-05 lr: 4.2684e-05  eta: 3:54:28  time: 1.8755  data_time: 0.0048  memory: 42431  grad_norm: 37.1090  loss: 2.5511  loss_cls: 0.0055  loss_bbox: 0.0438  loss_iou: 0.1165  d0.loss_cls: 0.0247  d0.loss_bbox: 0.0481  d0.loss_iou: 0.1234  d1.loss_cls: 0.0103  d1.loss_bbox: 0.0448  d1.loss_iou: 0.1182  d2.loss_cls: 0.0074  d2.loss_bbox: 0.0441  d2.loss_iou: 0.1170  d3.loss_cls: 0.0063  d3.loss_bbox: 0.0439  d3.loss_iou: 0.1166  d4.loss_cls: 0.0057  d4.loss_bbox: 0.0437  d4.loss_iou: 0.1165  enc_loss_cls: 0.0293  enc_loss_bbox: 0.0590  enc_loss_iou: 0.1429  dn_loss_cls: 0.0047  dn_loss_bbox: 0.0536  dn_loss_iou: 0.1236  d0.dn_loss_cls: 0.0236  d0.dn_loss_bbox: 0.1127  d0.dn_loss_iou: 0.2036  d1.dn_loss_cls: 0.0087  d1.dn_loss_bbox: 0.0630  d1.dn_loss_iou: 0.1356  d2.dn_loss_cls: 0.0063  d2.dn_loss_bbox: 0.0558  d2.dn_loss_iou: 0.1265  d3.dn_loss_cls: 0.0052  d3.dn_loss_bbox: 0.0541  d3.dn_loss_iou: 0.1242  d4.dn_loss_cls: 0.0048  d4.dn_loss_bbox: 0.0536  d4.dn_loss_iou: 0.1236
2026/03/19 03:33:14 - mmengine - INFO - Epoch(train) [48][150/245]  base_lr: 4.2684e-05 lr: 4.2684e-05  eta: 3:53:04  time: 1.8779  data_time: 0.0051  memory: 42431  grad_norm: 33.8313  loss: 2.4803  loss_cls: 0.0039  loss_bbox: 0.0435  loss_iou: 0.1133  d0.loss_cls: 0.0219  d0.loss_bbox: 0.0485  d0.loss_iou: 0.1208  d1.loss_cls: 0.0090  d1.loss_bbox: 0.0446  d1.loss_iou: 0.1152  d2.loss_cls: 0.0060  d2.loss_bbox: 0.0439  d2.loss_iou: 0.1138  d3.loss_cls: 0.0047  d3.loss_bbox: 0.0436  d3.loss_iou: 0.1134  d4.loss_cls: 0.0041  d4.loss_bbox: 0.0435  d4.loss_iou: 0.1133  enc_loss_cls: 0.0271  enc_loss_bbox: 0.0602  enc_loss_iou: 0.1408  dn_loss_cls: 0.0044  dn_loss_bbox: 0.0508  dn_loss_iou: 0.1191  d0.dn_loss_cls: 0.0226  d0.dn_loss_bbox: 0.1136  d0.dn_loss_iou: 0.2023  d1.dn_loss_cls: 0.0081  d1.dn_loss_bbox: 0.0611  d1.dn_loss_iou: 0.1317  d2.dn_loss_cls: 0.0056  d2.dn_loss_bbox: 0.0534  d2.dn_loss_iou: 0.1222  d3.dn_loss_cls: 0.0048  d3.dn_loss_bbox: 0.0512  d3.dn_loss_iou: 0.1197  d4.dn_loss_cls: 0.0045  d4.dn_loss_bbox: 0.0508  d4.dn_loss_iou: 0.1191
2026/03/19 03:34:47 - mmengine - INFO - Epoch(train) [48][200/245]  base_lr: 4.2684e-05 lr: 4.2684e-05  eta: 3:51:39  time: 1.8632  data_time: 0.0053  memory: 42431  grad_norm: 36.4463  loss: 2.4256  loss_cls: 0.0025  loss_bbox: 0.0424  loss_iou: 0.1122  d0.loss_cls: 0.0196  d0.loss_bbox: 0.0467  d0.loss_iou: 0.1189  d1.loss_cls: 0.0072  d1.loss_bbox: 0.0434  d1.loss_iou: 0.1138  d2.loss_cls: 0.0043  d2.loss_bbox: 0.0426  d2.loss_iou: 0.1125  d3.loss_cls: 0.0033  d3.loss_bbox: 0.0425  d3.loss_iou: 0.1122  d4.loss_cls: 0.0027  d4.loss_bbox: 0.0424  d4.loss_iou: 0.1121  enc_loss_cls: 0.0241  enc_loss_bbox: 0.0576  enc_loss_iou: 0.1381  dn_loss_cls: 0.0045  dn_loss_bbox: 0.0509  dn_loss_iou: 0.1176  d0.dn_loss_cls: 0.0228  d0.dn_loss_bbox: 0.1088  d0.dn_loss_iou: 0.1973  d1.dn_loss_cls: 0.0082  d1.dn_loss_bbox: 0.0590  d1.dn_loss_iou: 0.1285  d2.dn_loss_cls: 0.0058  d2.dn_loss_bbox: 0.0528  d2.dn_loss_iou: 0.1205  d3.dn_loss_cls: 0.0050  d3.dn_loss_bbox: 0.0515  d3.dn_loss_iou: 0.1184  d4.dn_loss_cls: 0.0045  d4.dn_loss_bbox: 0.0510  d4.dn_loss_iou: 0.1177
2026/03/19 03:36:10 - mmengine - INFO - Exp name: dino_4scale_r50_ruod_120e_pretrained_20260318_211448
2026/03/19 03:36:20 - mmengine - INFO - Epoch(val) [48][ 50/245]    eta: 0:00:39  time: 0.2029  data_time: 0.0124  memory: 42212  
2026/03/19 03:36:31 - mmengine - INFO - Epoch(val) [48][100/245]    eta: 0:00:29  time: 0.2001  data_time: 0.0100  memory: 1538  
2026/03/19 03:36:41 - mmengine - INFO - Epoch(val) [48][150/245]    eta: 0:00:19  time: 0.1999  data_time: 0.0098  memory: 1538  
2026/03/19 03:36:51 - mmengine - INFO - Epoch(val) [48][200/245]    eta: 0:00:09  time: 0.2007  data_time: 0.0095  memory: 1538  
2026/03/19 03:37:07 - mmengine - INFO - Evaluating bbox...
2026/03/19 03:37:33 - mmengine - INFO - bbox_mAP_copypaste: 0.532 0.784 0.560 0.112 0.374 0.603
2026/03/19 03:37:34 - mmengine - INFO - Epoch(val) [48][245/245]    coco/bbox_mAP: 0.5320  coco/bbox_mAP_50: 0.7840  coco/bbox_mAP_75: 0.5600  coco/bbox_mAP_s: 0.1120  coco/bbox_mAP_m: 0.3740  coco/bbox_mAP_l: 0.6030  data_time: 0.0103  time: 0.2005
2026/03/19 03:39:07 - mmengine - INFO - Epoch(train) [49][ 50/245]  base_lr: 4.1382e-05 lr: 4.1382e-05  eta: 3:48:58  time: 1.8628  data_time: 0.0137  memory: 42431  grad_norm: 40.4101  loss: 2.4565  loss_cls: 0.0044  loss_bbox: 0.0414  loss_iou: 0.1143  d0.loss_cls: 0.0228  d0.loss_bbox: 0.0459  d0.loss_iou: 0.1214  d1.loss_cls: 0.0091  d1.loss_bbox: 0.0426  d1.loss_iou: 0.1160  d2.loss_cls: 0.0060  d2.loss_bbox: 0.0418  d2.loss_iou: 0.1147  d3.loss_cls: 0.0051  d3.loss_bbox: 0.0415  d3.loss_iou: 0.1144  d4.loss_cls: 0.0045  d4.loss_bbox: 0.0414  d4.loss_iou: 0.1143  enc_loss_cls: 0.0259  enc_loss_bbox: 0.0565  enc_loss_iou: 0.1426  dn_loss_cls: 0.0046  dn_loss_bbox: 0.0480  dn_loss_iou: 0.1198  d0.dn_loss_cls: 0.0233  d0.dn_loss_bbox: 0.1085  d0.dn_loss_iou: 0.2035  d1.dn_loss_cls: 0.0086  d1.dn_loss_bbox: 0.0570  d1.dn_loss_iou: 0.1315  d2.dn_loss_cls: 0.0059  d2.dn_loss_bbox: 0.0502  d2.dn_loss_iou: 0.1227  d3.dn_loss_cls: 0.0050  d3.dn_loss_bbox: 0.0484  d3.dn_loss_iou: 0.1204  d4.dn_loss_cls: 0.0046  d4.dn_loss_bbox: 0.0480  d4.dn_loss_iou: 0.1198
2026/03/19 03:40:39 - mmengine - INFO - Epoch(train) [49][100/245]  base_lr: 4.1382e-05 lr: 4.1382e-05  eta: 3:47:33  time: 1.8514  data_time: 0.0046  memory: 42205  grad_norm: 37.8029  loss: 2.5069  loss_cls: 0.0028  loss_bbox: 0.0433  loss_iou: 0.1148  d0.loss_cls: 0.0220  d0.loss_bbox: 0.0480  d0.loss_iou: 0.1220  d1.loss_cls: 0.0081  d1.loss_bbox: 0.0444  d1.loss_iou: 0.1165  d2.loss_cls: 0.0049  d2.loss_bbox: 0.0437  d2.loss_iou: 0.1154  d3.loss_cls: 0.0036  d3.loss_bbox: 0.0434  d3.loss_iou: 0.1151  d4.loss_cls: 0.0031  d4.loss_bbox: 0.0433  d4.loss_iou: 0.1148  enc_loss_cls: 0.0259  enc_loss_bbox: 0.0596  enc_loss_iou: 0.1420  dn_loss_cls: 0.0050  dn_loss_bbox: 0.0516  dn_loss_iou: 0.1215  d0.dn_loss_cls: 0.0238  d0.dn_loss_bbox: 0.1145  d0.dn_loss_iou: 0.2057  d1.dn_loss_cls: 0.0089  d1.dn_loss_bbox: 0.0617  d1.dn_loss_iou: 0.1346  d2.dn_loss_cls: 0.0063  d2.dn_loss_bbox: 0.0541  d2.dn_loss_iou: 0.1247  d3.dn_loss_cls: 0.0054  d3.dn_loss_bbox: 0.0522  d3.dn_loss_iou: 0.1222  d4.dn_loss_cls: 0.0050  d4.dn_loss_bbox: 0.0517  d4.dn_loss_iou: 0.1215
2026/03/19 03:42:12 - mmengine - INFO - Epoch(train) [49][150/245]  base_lr: 4.1382e-05 lr: 4.1382e-05  eta: 3:46:07  time: 1.8472  data_time: 0.0047  memory: 43851  grad_norm: 35.2187  loss: 2.5149  loss_cls: 0.0033  loss_bbox: 0.0435  loss_iou: 0.1160  d0.loss_cls: 0.0232  d0.loss_bbox: 0.0483  d0.loss_iou: 0.1230  d1.loss_cls: 0.0090  d1.loss_bbox: 0.0445  d1.loss_iou: 0.1175  d2.loss_cls: 0.0055  d2.loss_bbox: 0.0439  d2.loss_iou: 0.1165  d3.loss_cls: 0.0041  d3.loss_bbox: 0.0435  d3.loss_iou: 0.1161  d4.loss_cls: 0.0035  d4.loss_bbox: 0.0435  d4.loss_iou: 0.1160  enc_loss_cls: 0.0268  enc_loss_bbox: 0.0597  enc_loss_iou: 0.1434  dn_loss_cls: 0.0043  dn_loss_bbox: 0.0523  dn_loss_iou: 0.1218  d0.dn_loss_cls: 0.0237  d0.dn_loss_bbox: 0.1125  d0.dn_loss_iou: 0.2037  d1.dn_loss_cls: 0.0084  d1.dn_loss_bbox: 0.0614  d1.dn_loss_iou: 0.1338  d2.dn_loss_cls: 0.0056  d2.dn_loss_bbox: 0.0544  d2.dn_loss_iou: 0.1248  d3.dn_loss_cls: 0.0047  d3.dn_loss_bbox: 0.0526  d3.dn_loss_iou: 0.1223  d4.dn_loss_cls: 0.0043  d4.dn_loss_bbox: 0.0523  d4.dn_loss_iou: 0.1218
2026/03/19 03:43:44 - mmengine - INFO - Epoch(train) [49][200/245]  base_lr: 4.1382e-05 lr: 4.1382e-05  eta: 3:44:41  time: 1.8472  data_time: 0.0048  memory: 42192  grad_norm: 34.9191  loss: 2.4941  loss_cls: 0.0040  loss_bbox: 0.0436  loss_iou: 0.1144  d0.loss_cls: 0.0210  d0.loss_bbox: 0.0480  d0.loss_iou: 0.1217  d1.loss_cls: 0.0077  d1.loss_bbox: 0.0448  d1.loss_iou: 0.1161  d2.loss_cls: 0.0053  d2.loss_bbox: 0.0439  d2.loss_iou: 0.1149  d3.loss_cls: 0.0043  d3.loss_bbox: 0.0437  d3.loss_iou: 0.1146  d4.loss_cls: 0.0039  d4.loss_bbox: 0.0436  d4.loss_iou: 0.1144  enc_loss_cls: 0.0267  enc_loss_bbox: 0.0583  enc_loss_iou: 0.1410  dn_loss_cls: 0.0042  dn_loss_bbox: 0.0521  dn_loss_iou: 0.1209  d0.dn_loss_cls: 0.0230  d0.dn_loss_bbox: 0.1120  d0.dn_loss_iou: 0.2024  d1.dn_loss_cls: 0.0082  d1.dn_loss_bbox: 0.0618  d1.dn_loss_iou: 0.1334  d2.dn_loss_cls: 0.0056  d2.dn_loss_bbox: 0.0545  d2.dn_loss_iou: 0.1240  d3.dn_loss_cls: 0.0047  d3.dn_loss_bbox: 0.0526  d3.dn_loss_iou: 0.1217  d4.dn_loss_cls: 0.0043  d4.dn_loss_bbox: 0.0521  d4.dn_loss_iou: 0.1209
2026/03/19 03:45:02 - mmengine - INFO - Exp name: dino_4scale_r50_ruod_120e_pretrained_20260318_211448
2026/03/19 03:45:11 - mmengine - INFO - Exp name: dino_4scale_r50_ruod_120e_pretrained_20260318_211448
2026/03/19 03:46:45 - mmengine - INFO - Epoch(train) [50][ 50/245]  base_lr: 4.0079e-05 lr: 4.0079e-05  eta: 3:42:02  time: 1.8646  data_time: 0.0180  memory: 42431  grad_norm: 34.2085  loss: 2.4572  loss_cls: 0.0039  loss_bbox: 0.0421  loss_iou: 0.1136  d0.loss_cls: 0.0218  d0.loss_bbox: 0.0464  d0.loss_iou: 0.1202  d1.loss_cls: 0.0086  d1.loss_bbox: 0.0431  d1.loss_iou: 0.1149  d2.loss_cls: 0.0059  d2.loss_bbox: 0.0424  d2.loss_iou: 0.1139  d3.loss_cls: 0.0048  d3.loss_bbox: 0.0422  d3.loss_iou: 0.1135  d4.loss_cls: 0.0042  d4.loss_bbox: 0.0421  d4.loss_iou: 0.1136  enc_loss_cls: 0.0261  enc_loss_bbox: 0.0568  enc_loss_iou: 0.1387  dn_loss_cls: 0.0043  dn_loss_bbox: 0.0498  dn_loss_iou: 0.1191  d0.dn_loss_cls: 0.0222  d0.dn_loss_bbox: 0.1124  d0.dn_loss_iou: 0.2022  d1.dn_loss_cls: 0.0080  d1.dn_loss_bbox: 0.0600  d1.dn_loss_iou: 0.1317  d2.dn_loss_cls: 0.0057  d2.dn_loss_bbox: 0.0523  d2.dn_loss_iou: 0.1223  d3.dn_loss_cls: 0.0047  d3.dn_loss_bbox: 0.0504  d3.dn_loss_iou: 0.1198  d4.dn_loss_cls: 0.0044  d4.dn_loss_bbox: 0.0499  d4.dn_loss_iou: 0.1192
2026/03/19 03:48:16 - mmengine - INFO - Epoch(train) [50][100/245]  base_lr: 4.0079e-05 lr: 4.0079e-05  eta: 3:40:36  time: 1.8314  data_time: 0.0046  memory: 45126  grad_norm: nan  loss: 2.4756  loss_cls: 0.0039  loss_bbox: 0.0429  loss_iou: 0.1128  d0.loss_cls: 0.0215  d0.loss_bbox: 0.0470  d0.loss_iou: 0.1196  d1.loss_cls: 0.0079  d1.loss_bbox: 0.0442  d1.loss_iou: 0.1144  d2.loss_cls: 0.0050  d2.loss_bbox: 0.0432  d2.loss_iou: 0.1131  d3.loss_cls: 0.0040  d3.loss_bbox: 0.0430  d3.loss_iou: 0.1128  d4.loss_cls: 0.0038  d4.loss_bbox: 0.0429  d4.loss_iou: 0.1127  enc_loss_cls: 0.0258  enc_loss_bbox: 0.0577  enc_loss_iou: 0.1384  dn_loss_cls: 0.0047  dn_loss_bbox: 0.0532  dn_loss_iou: 0.1210  d0.dn_loss_cls: 0.0232  d0.dn_loss_bbox: 0.1114  d0.dn_loss_iou: 0.2020  d1.dn_loss_cls: 0.0084  d1.dn_loss_bbox: 0.0607  d1.dn_loss_iou: 0.1317  d2.dn_loss_cls: 0.0058  d2.dn_loss_bbox: 0.0547  d2.dn_loss_iou: 0.1235  d3.dn_loss_cls: 0.0050  d3.dn_loss_bbox: 0.0535  d3.dn_loss_iou: 0.1214  d4.dn_loss_cls: 0.0047  d4.dn_loss_bbox: 0.0532  d4.dn_loss_iou: 0.1210
2026/03/19 03:49:48 - mmengine - INFO - Epoch(train) [50][150/245]  base_lr: 4.0079e-05 lr: 4.0079e-05  eta: 3:39:10  time: 1.8411  data_time: 0.0046  memory: 42212  grad_norm: 31.8075  loss: 2.4061  loss_cls: 0.0029  loss_bbox: 0.0421  loss_iou: 0.1082  d0.loss_cls: 0.0201  d0.loss_bbox: 0.0465  d0.loss_iou: 0.1151  d1.loss_cls: 0.0073  d1.loss_bbox: 0.0434  d1.loss_iou: 0.1100  d2.loss_cls: 0.0047  d2.loss_bbox: 0.0426  d2.loss_iou: 0.1086  d3.loss_cls: 0.0034  d3.loss_bbox: 0.0423  d3.loss_iou: 0.1084  d4.loss_cls: 0.0030  d4.loss_bbox: 0.0422  d4.loss_iou: 0.1082  enc_loss_cls: 0.0263  enc_loss_bbox: 0.0566  enc_loss_iou: 0.1340  dn_loss_cls: 0.0047  dn_loss_bbox: 0.0514  dn_loss_iou: 0.1150  d0.dn_loss_cls: 0.0251  d0.dn_loss_bbox: 0.1151  d0.dn_loss_iou: 0.1988  d1.dn_loss_cls: 0.0089  d1.dn_loss_bbox: 0.0614  d1.dn_loss_iou: 0.1275  d2.dn_loss_cls: 0.0062  d2.dn_loss_bbox: 0.0540  d2.dn_loss_iou: 0.1181  d3.dn_loss_cls: 0.0052  d3.dn_loss_bbox: 0.0519  d3.dn_loss_iou: 0.1157  d4.dn_loss_cls: 0.0047  d4.dn_loss_bbox: 0.0515  d4.dn_loss_iou: 0.1151
2026/03/19 03:51:20 - mmengine - INFO - Epoch(train) [50][200/245]  base_lr: 4.0079e-05 lr: 4.0079e-05  eta: 3:37:43  time: 1.8269  data_time: 0.0047  memory: 42212  grad_norm: 35.5931  loss: 2.4733  loss_cls: 0.0045  loss_bbox: 0.0405  loss_iou: 0.1165  d0.loss_cls: 0.0223  d0.loss_bbox: 0.0447  d0.loss_iou: 0.1236  d1.loss_cls: 0.0089  d1.loss_bbox: 0.0415  d1.loss_iou: 0.1180  d2.loss_cls: 0.0060  d2.loss_bbox: 0.0408  d2.loss_iou: 0.1167  d3.loss_cls: 0.0051  d3.loss_bbox: 0.0406  d3.loss_iou: 0.1164  d4.loss_cls: 0.0045  d4.loss_bbox: 0.0405  d4.loss_iou: 0.1164  enc_loss_cls: 0.0269  enc_loss_bbox: 0.0549  enc_loss_iou: 0.1434  dn_loss_cls: 0.0041  dn_loss_bbox: 0.0488  dn_loss_iou: 0.1225  d0.dn_loss_cls: 0.0220  d0.dn_loss_bbox: 0.1061  d0.dn_loss_iou: 0.2024  d1.dn_loss_cls: 0.0081  d1.dn_loss_bbox: 0.0581  d1.dn_loss_iou: 0.1344  d2.dn_loss_cls: 0.0055  d2.dn_loss_bbox: 0.0510  d2.dn_loss_iou: 0.1252  d3.dn_loss_cls: 0.0045  d3.dn_loss_bbox: 0.0491  d3.dn_loss_iou: 0.1230  d4.dn_loss_cls: 0.0042  d4.dn_loss_bbox: 0.0488  d4.dn_loss_iou: 0.1226
2026/03/19 03:52:41 - mmengine - INFO - Exp name: dino_4scale_r50_ruod_120e_pretrained_20260318_211448
2026/03/19 03:52:52 - mmengine - INFO - Epoch(val) [50][ 50/245]    eta: 0:00:43  time: 0.2232  data_time: 0.0342  memory: 42431  
2026/03/19 03:53:03 - mmengine - INFO - Epoch(val) [50][100/245]    eta: 0:00:30  time: 0.2003  data_time: 0.0102  memory: 1538  
2026/03/19 03:53:13 - mmengine - INFO - Epoch(val) [50][150/245]    eta: 0:00:19  time: 0.2000  data_time: 0.0097  memory: 1538  
2026/03/19 03:53:23 - mmengine - INFO - Epoch(val) [50][200/245]    eta: 0:00:09  time: 0.2003  data_time: 0.0096  memory: 1538  
2026/03/19 03:53:39 - mmengine - INFO - Evaluating bbox...
2026/03/19 03:54:06 - mmengine - INFO - bbox_mAP_copypaste: 0.533 0.784 0.565 0.114 0.375 0.604
2026/03/19 03:54:07 - mmengine - INFO - Epoch(val) [50][245/245]    coco/bbox_mAP: 0.5330  coco/bbox_mAP_50: 0.7840  coco/bbox_mAP_75: 0.5650  coco/bbox_mAP_s: 0.1140  coco/bbox_mAP_m: 0.3750  coco/bbox_mAP_l: 0.6040  data_time: 0.0148  time: 0.2047
2026/03/19 03:55:39 - mmengine - INFO - Epoch(train) [51][ 50/245]  base_lr: 3.8776e-05 lr: 3.8776e-05  eta: 3:34:59  time: 1.8430  data_time: 0.0152  memory: 42431  grad_norm: 36.9843  loss: 2.4368  loss_cls: 0.0031  loss_bbox: 0.0412  loss_iou: 0.1116  d0.loss_cls: 0.0189  d0.loss_bbox: 0.0460  d0.loss_iou: 0.1186  d1.loss_cls: 0.0069  d1.loss_bbox: 0.0425  d1.loss_iou: 0.1134  d2.loss_cls: 0.0045  d2.loss_bbox: 0.0416  d2.loss_iou: 0.1117  d3.loss_cls: 0.0036  d3.loss_bbox: 0.0414  d3.loss_iou: 0.1116  d4.loss_cls: 0.0032  d4.loss_bbox: 0.0413  d4.loss_iou: 0.1115  enc_loss_cls: 0.0246  enc_loss_bbox: 0.0565  enc_loss_iou: 0.1379  dn_loss_cls: 0.0053  dn_loss_bbox: 0.0501  dn_loss_iou: 0.1185  d0.dn_loss_cls: 0.0238  d0.dn_loss_bbox: 0.1128  d0.dn_loss_iou: 0.2036  d1.dn_loss_cls: 0.0092  d1.dn_loss_bbox: 0.0598  d1.dn_loss_iou: 0.1313  d2.dn_loss_cls: 0.0068  d2.dn_loss_bbox: 0.0526  d2.dn_loss_iou: 0.1217  d3.dn_loss_cls: 0.0057  d3.dn_loss_bbox: 0.0507  d3.dn_loss_iou: 0.1193  d4.dn_loss_cls: 0.0053  d4.dn_loss_bbox: 0.0502  d4.dn_loss_iou: 0.1185
2026/03/19 03:57:10 - mmengine - INFO - Epoch(train) [51][100/245]  base_lr: 3.8776e-05 lr: 3.8776e-05  eta: 3:33:32  time: 1.8172  data_time: 0.0045  memory: 42320  grad_norm: 34.8250  loss: 2.3728  loss_cls: 0.0031  loss_bbox: 0.0417  loss_iou: 0.1096  d0.loss_cls: 0.0191  d0.loss_bbox: 0.0463  d0.loss_iou: 0.1167  d1.loss_cls: 0.0070  d1.loss_bbox: 0.0429  d1.loss_iou: 0.1112  d2.loss_cls: 0.0046  d2.loss_bbox: 0.0420  d2.loss_iou: 0.1101  d3.loss_cls: 0.0037  d3.loss_bbox: 0.0418  d3.loss_iou: 0.1096  d4.loss_cls: 0.0032  d4.loss_bbox: 0.0417  d4.loss_iou: 0.1096  enc_loss_cls: 0.0259  enc_loss_bbox: 0.0572  enc_loss_iou: 0.1364  dn_loss_cls: 0.0041  dn_loss_bbox: 0.0473  dn_loss_iou: 0.1144  d0.dn_loss_cls: 0.0228  d0.dn_loss_bbox: 0.1090  d0.dn_loss_iou: 0.1945  d1.dn_loss_cls: 0.0082  d1.dn_loss_bbox: 0.0575  d1.dn_loss_iou: 0.1258  d2.dn_loss_cls: 0.0056  d2.dn_loss_bbox: 0.0498  d2.dn_loss_iou: 0.1173  d3.dn_loss_cls: 0.0046  d3.dn_loss_bbox: 0.0478  d3.dn_loss_iou: 0.1150  d4.dn_loss_cls: 0.0041  d4.dn_loss_bbox: 0.0473  d4.dn_loss_iou: 0.1144
2026/03/19 03:58:42 - mmengine - INFO - Epoch(train) [51][150/245]  base_lr: 3.8776e-05 lr: 3.8776e-05  eta: 3:32:06  time: 1.8540  data_time: 0.0050  memory: 42431  grad_norm: 33.0034  loss: 2.4119  loss_cls: 0.0039  loss_bbox: 0.0416  loss_iou: 0.1097  d0.loss_cls: 0.0208  d0.loss_bbox: 0.0461  d0.loss_iou: 0.1168  d1.loss_cls: 0.0083  d1.loss_bbox: 0.0426  d1.loss_iou: 0.1114  d2.loss_cls: 0.0054  d2.loss_bbox: 0.0419  d2.loss_iou: 0.1102  d3.loss_cls: 0.0044  d3.loss_bbox: 0.0416  d3.loss_iou: 0.1098  d4.loss_cls: 0.0040  d4.loss_bbox: 0.0415  d4.loss_iou: 0.1097  enc_loss_cls: 0.0254  enc_loss_bbox: 0.0557  enc_loss_iou: 0.1360  dn_loss_cls: 0.0046  dn_loss_bbox: 0.0511  dn_loss_iou: 0.1167  d0.dn_loss_cls: 0.0234  d0.dn_loss_bbox: 0.1098  d0.dn_loss_iou: 0.1968  d1.dn_loss_cls: 0.0087  d1.dn_loss_bbox: 0.0600  d1.dn_loss_iou: 0.1283  d2.dn_loss_cls: 0.0060  d2.dn_loss_bbox: 0.0533  d2.dn_loss_iou: 0.1197  d3.dn_loss_cls: 0.0050  d3.dn_loss_bbox: 0.0515  d3.dn_loss_iou: 0.1175  d4.dn_loss_cls: 0.0047  d4.dn_loss_bbox: 0.0511  d4.dn_loss_iou: 0.1168
2026/03/19 04:00:16 - mmengine - INFO - Epoch(train) [51][200/245]  base_lr: 3.8776e-05 lr: 3.8776e-05  eta: 3:30:41  time: 1.8757  data_time: 0.0054  memory: 42431  grad_norm: 31.4351  loss: 2.3532  loss_cls: 0.0022  loss_bbox: 0.0403  loss_iou: 0.1080  d0.loss_cls: 0.0189  d0.loss_bbox: 0.0446  d0.loss_iou: 0.1152  d1.loss_cls: 0.0061  d1.loss_bbox: 0.0413  d1.loss_iou: 0.1096  d2.loss_cls: 0.0035  d2.loss_bbox: 0.0406  d2.loss_iou: 0.1084  d3.loss_cls: 0.0026  d3.loss_bbox: 0.0404  d3.loss_iou: 0.1082  d4.loss_cls: 0.0023  d4.loss_bbox: 0.0403  d4.loss_iou: 0.1080  enc_loss_cls: 0.0230  enc_loss_bbox: 0.0541  enc_loss_iou: 0.1332  dn_loss_cls: 0.0047  dn_loss_bbox: 0.0496  dn_loss_iou: 0.1150  d0.dn_loss_cls: 0.0232  d0.dn_loss_bbox: 0.1062  d0.dn_loss_iou: 0.1950  d1.dn_loss_cls: 0.0086  d1.dn_loss_bbox: 0.0580  d1.dn_loss_iou: 0.1268  d2.dn_loss_cls: 0.0060  d2.dn_loss_bbox: 0.0514  d2.dn_loss_iou: 0.1178  d3.dn_loss_cls: 0.0051  d3.dn_loss_bbox: 0.0500  d3.dn_loss_iou: 0.1156  d4.dn_loss_cls: 0.0047  d4.dn_loss_bbox: 0.0496  d4.dn_loss_iou: 0.1150
2026/03/19 04:01:40 - mmengine - INFO - Exp name: dino_4scale_r50_ruod_120e_pretrained_20260318_211448
2026/03/19 04:03:13 - mmengine - INFO - Epoch(train) [52][ 50/245]  base_lr: 3.7474e-05 lr: 3.7474e-05  eta: 3:27:58  time: 1.8596  data_time: 0.0163  memory: 42431  grad_norm: 31.3471  loss: 2.3822  loss_cls: 0.0030  loss_bbox: 0.0403  loss_iou: 0.1072  d0.loss_cls: 0.0193  d0.loss_bbox: 0.0444  d0.loss_iou: 0.1141  d1.loss_cls: 0.0073  d1.loss_bbox: 0.0411  d1.loss_iou: 0.1088  d2.loss_cls: 0.0044  d2.loss_bbox: 0.0404  d2.loss_iou: 0.1075  d3.loss_cls: 0.0036  d3.loss_bbox: 0.0402  d3.loss_iou: 0.1070  d4.loss_cls: 0.0030  d4.loss_bbox: 0.0403  d4.loss_iou: 0.1071  enc_loss_cls: 0.0251  enc_loss_bbox: 0.0546  enc_loss_iou: 0.1331  dn_loss_cls: 0.0052  dn_loss_bbox: 0.0517  dn_loss_iou: 0.1159  d0.dn_loss_cls: 0.0230  d0.dn_loss_bbox: 0.1117  d0.dn_loss_iou: 0.1975  d1.dn_loss_cls: 0.0087  d1.dn_loss_bbox: 0.0616  d1.dn_loss_iou: 0.1281  d2.dn_loss_cls: 0.0063  d2.dn_loss_bbox: 0.0543  d2.dn_loss_iou: 0.1192  d3.dn_loss_cls: 0.0056  d3.dn_loss_bbox: 0.0522  d3.dn_loss_iou: 0.1165  d4.dn_loss_cls: 0.0052  d4.dn_loss_bbox: 0.0518  d4.dn_loss_iou: 0.1159
2026/03/19 04:04:45 - mmengine - INFO - Epoch(train) [52][100/245]  base_lr: 3.7474e-05 lr: 3.7474e-05  eta: 3:26:31  time: 1.8427  data_time: 0.0045  memory: 42431  grad_norm: 36.1715  loss: 2.3094  loss_cls: 0.0032  loss_bbox: 0.0397  loss_iou: 0.1036  d0.loss_cls: 0.0198  d0.loss_bbox: 0.0441  d0.loss_iou: 0.1107  d1.loss_cls: 0.0071  d1.loss_bbox: 0.0407  d1.loss_iou: 0.1053  d2.loss_cls: 0.0046  d2.loss_bbox: 0.0401  d2.loss_iou: 0.1042  d3.loss_cls: 0.0037  d3.loss_bbox: 0.0398  d3.loss_iou: 0.1037  d4.loss_cls: 0.0034  d4.loss_bbox: 0.0398  d4.loss_iou: 0.1037  enc_loss_cls: 0.0240  enc_loss_bbox: 0.0541  enc_loss_iou: 0.1297  dn_loss_cls: 0.0045  dn_loss_bbox: 0.0490  dn_loss_iou: 0.1109  d0.dn_loss_cls: 0.0224  d0.dn_loss_bbox: 0.1121  d0.dn_loss_iou: 0.1937  d1.dn_loss_cls: 0.0079  d1.dn_loss_bbox: 0.0589  d1.dn_loss_iou: 0.1230  d2.dn_loss_cls: 0.0057  d2.dn_loss_bbox: 0.0515  d2.dn_loss_iou: 0.1143  d3.dn_loss_cls: 0.0049  d3.dn_loss_bbox: 0.0494  d3.dn_loss_iou: 0.1116  d4.dn_loss_cls: 0.0045  d4.dn_loss_bbox: 0.0490  d4.dn_loss_iou: 0.1110
2026/03/19 04:06:17 - mmengine - INFO - Epoch(train) [52][150/245]  base_lr: 3.7474e-05 lr: 3.7474e-05  eta: 3:25:05  time: 1.8497  data_time: 0.0051  memory: 45775  grad_norm: 33.4468  loss: 2.3597  loss_cls: 0.0033  loss_bbox: 0.0410  loss_iou: 0.1085  d0.loss_cls: 0.0198  d0.loss_bbox: 0.0456  d0.loss_iou: 0.1158  d1.loss_cls: 0.0075  d1.loss_bbox: 0.0420  d1.loss_iou: 0.1101  d2.loss_cls: 0.0049  d2.loss_bbox: 0.0413  d2.loss_iou: 0.1089  d3.loss_cls: 0.0039  d3.loss_bbox: 0.0411  d3.loss_iou: 0.1087  d4.loss_cls: 0.0034  d4.loss_bbox: 0.0410  d4.loss_iou: 0.1084  enc_loss_cls: 0.0248  enc_loss_bbox: 0.0559  enc_loss_iou: 0.1353  dn_loss_cls: 0.0046  dn_loss_bbox: 0.0477  dn_loss_iou: 0.1143  d0.dn_loss_cls: 0.0229  d0.dn_loss_bbox: 0.1060  d0.dn_loss_iou: 0.1958  d1.dn_loss_cls: 0.0086  d1.dn_loss_bbox: 0.0558  d1.dn_loss_iou: 0.1256  d2.dn_loss_cls: 0.0060  d2.dn_loss_bbox: 0.0498  d2.dn_loss_iou: 0.1169  d3.dn_loss_cls: 0.0051  d3.dn_loss_bbox: 0.0481  d3.dn_loss_iou: 0.1148  d4.dn_loss_cls: 0.0047  d4.dn_loss_bbox: 0.0477  d4.dn_loss_iou: 0.1143
2026/03/19 04:07:51 - mmengine - INFO - Epoch(train) [52][200/245]  base_lr: 3.7474e-05 lr: 3.7474e-05  eta: 3:23:40  time: 1.8750  data_time: 0.0053  memory: 42431  grad_norm: 36.2397  loss: 2.3860  loss_cls: 0.0037  loss_bbox: 0.0401  loss_iou: 0.1088  d0.loss_cls: 0.0202  d0.loss_bbox: 0.0450  d0.loss_iou: 0.1159  d1.loss_cls: 0.0077  d1.loss_bbox: 0.0414  d1.loss_iou: 0.1108  d2.loss_cls: 0.0055  d2.loss_bbox: 0.0405  d2.loss_iou: 0.1092  d3.loss_cls: 0.0044  d3.loss_bbox: 0.0402  d3.loss_iou: 0.1089  d4.loss_cls: 0.0039  d4.loss_bbox: 0.0401  d4.loss_iou: 0.1088  enc_loss_cls: 0.0250  enc_loss_bbox: 0.0563  enc_loss_iou: 0.1359  dn_loss_cls: 0.0044  dn_loss_bbox: 0.0498  dn_loss_iou: 0.1160  d0.dn_loss_cls: 0.0226  d0.dn_loss_bbox: 0.1102  d0.dn_loss_iou: 0.1967  d1.dn_loss_cls: 0.0080  d1.dn_loss_bbox: 0.0594  d1.dn_loss_iou: 0.1284  d2.dn_loss_cls: 0.0057  d2.dn_loss_bbox: 0.0517  d2.dn_loss_iou: 0.1189  d3.dn_loss_cls: 0.0048  d3.dn_loss_bbox: 0.0502  d3.dn_loss_iou: 0.1167  d4.dn_loss_cls: 0.0045  d4.dn_loss_bbox: 0.0498  d4.dn_loss_iou: 0.1161
2026/03/19 04:09:15 - mmengine - INFO - Exp name: dino_4scale_r50_ruod_120e_pretrained_20260318_211448
2026/03/19 04:09:25 - mmengine - INFO - Epoch(val) [52][ 50/245]    eta: 0:00:39  time: 0.2017  data_time: 0.0129  memory: 42431  
2026/03/19 04:09:35 - mmengine - INFO - Epoch(val) [52][100/245]    eta: 0:00:29  time: 0.2000  data_time: 0.0101  memory: 1538  
2026/03/19 04:09:45 - mmengine - INFO - Epoch(val) [52][150/245]    eta: 0:00:19  time: 0.1996  data_time: 0.0101  memory: 1538  
2026/03/19 04:09:55 - mmengine - INFO - Epoch(val) [52][200/245]    eta: 0:00:09  time: 0.2004  data_time: 0.0103  memory: 1538  
2026/03/19 04:10:12 - mmengine - INFO - Evaluating bbox...
2026/03/19 04:10:38 - mmengine - INFO - bbox_mAP_copypaste: 0.537 0.787 0.568 0.115 0.378 0.609
2026/03/19 04:10:39 - mmengine - INFO - Epoch(val) [52][245/245]    coco/bbox_mAP: 0.5370  coco/bbox_mAP_50: 0.7870  coco/bbox_mAP_75: 0.5680  coco/bbox_mAP_s: 0.1150  coco/bbox_mAP_m: 0.3780  coco/bbox_mAP_l: 0.6090  data_time: 0.0108  time: 0.1998
2026/03/19 04:12:12 - mmengine - INFO - Epoch(train) [53][ 50/245]  base_lr: 3.6171e-05 lr: 3.6171e-05  eta: 3:20:56  time: 1.8742  data_time: 0.0161  memory: 42431  grad_norm: 37.2633  loss: 2.3187  loss_cls: 0.0033  loss_bbox: 0.0395  loss_iou: 0.1047  d0.loss_cls: 0.0198  d0.loss_bbox: 0.0443  d0.loss_iou: 0.1119  d1.loss_cls: 0.0069  d1.loss_bbox: 0.0411  d1.loss_iou: 0.1065  d2.loss_cls: 0.0047  d2.loss_bbox: 0.0401  d2.loss_iou: 0.1051  d3.loss_cls: 0.0041  d3.loss_bbox: 0.0397  d3.loss_iou: 0.1047  d4.loss_cls: 0.0034  d4.loss_bbox: 0.0396  d4.loss_iou: 0.1046  enc_loss_cls: 0.0236  enc_loss_bbox: 0.0543  enc_loss_iou: 0.1311  dn_loss_cls: 0.0046  dn_loss_bbox: 0.0485  dn_loss_iou: 0.1126  d0.dn_loss_cls: 0.0224  d0.dn_loss_bbox: 0.1079  d0.dn_loss_iou: 0.1953  d1.dn_loss_cls: 0.0082  d1.dn_loss_bbox: 0.0573  d1.dn_loss_iou: 0.1243  d2.dn_loss_cls: 0.0058  d2.dn_loss_bbox: 0.0505  d2.dn_loss_iou: 0.1154  d3.dn_loss_cls: 0.0049  d3.dn_loss_bbox: 0.0489  d3.dn_loss_iou: 0.1132  d4.dn_loss_cls: 0.0047  d4.dn_loss_bbox: 0.0485  d4.dn_loss_iou: 0.1126
2026/03/19 04:13:46 - mmengine - INFO - Epoch(train) [53][100/245]  base_lr: 3.6171e-05 lr: 3.6171e-05  eta: 3:19:31  time: 1.8746  data_time: 0.0052  memory: 42423  grad_norm: 34.9853  loss: 2.2841  loss_cls: 0.0043  loss_bbox: 0.0405  loss_iou: 0.1025  d0.loss_cls: 0.0210  d0.loss_bbox: 0.0448  d0.loss_iou: 0.1092  d1.loss_cls: 0.0087  d1.loss_bbox: 0.0417  d1.loss_iou: 0.1040  d2.loss_cls: 0.0061  d2.loss_bbox: 0.0409  d2.loss_iou: 0.1030  d3.loss_cls: 0.0052  d3.loss_bbox: 0.0406  d3.loss_iou: 0.1025  d4.loss_cls: 0.0045  d4.loss_bbox: 0.0405  d4.loss_iou: 0.1024  enc_loss_cls: 0.0258  enc_loss_bbox: 0.0559  enc_loss_iou: 0.1294  dn_loss_cls: 0.0038  dn_loss_bbox: 0.0475  dn_loss_iou: 0.1077  d0.dn_loss_cls: 0.0219  d0.dn_loss_bbox: 0.1109  d0.dn_loss_iou: 0.1885  d1.dn_loss_cls: 0.0075  d1.dn_loss_bbox: 0.0575  d1.dn_loss_iou: 0.1195  d2.dn_loss_cls: 0.0051  d2.dn_loss_bbox: 0.0501  d2.dn_loss_iou: 0.1109  d3.dn_loss_cls: 0.0041  d3.dn_loss_bbox: 0.0480  d3.dn_loss_iou: 0.1085  d4.dn_loss_cls: 0.0038  d4.dn_loss_bbox: 0.0475  d4.dn_loss_iou: 0.1078
2026/03/19 04:15:18 - mmengine - INFO - Epoch(train) [53][150/245]  base_lr: 3.6171e-05 lr: 3.6171e-05  eta: 3:18:04  time: 1.8478  data_time: 0.0054  memory: 42431  grad_norm: 37.2949  loss: 2.2973  loss_cls: 0.0025  loss_bbox: 0.0394  loss_iou: 0.1051  d0.loss_cls: 0.0189  d0.loss_bbox: 0.0437  d0.loss_iou: 0.1122  d1.loss_cls: 0.0067  d1.loss_bbox: 0.0405  d1.loss_iou: 0.1070  d2.loss_cls: 0.0039  d2.loss_bbox: 0.0397  d2.loss_iou: 0.1055  d3.loss_cls: 0.0031  d3.loss_bbox: 0.0395  d3.loss_iou: 0.1052  d4.loss_cls: 0.0026  d4.loss_bbox: 0.0394  d4.loss_iou: 0.1051  enc_loss_cls: 0.0234  enc_loss_bbox: 0.0543  enc_loss_iou: 0.1313  dn_loss_cls: 0.0043  dn_loss_bbox: 0.0483  dn_loss_iou: 0.1111  d0.dn_loss_cls: 0.0221  d0.dn_loss_bbox: 0.1068  d0.dn_loss_iou: 0.1916  d1.dn_loss_cls: 0.0078  d1.dn_loss_bbox: 0.0561  d1.dn_loss_iou: 0.1219  d2.dn_loss_cls: 0.0056  d2.dn_loss_bbox: 0.0499  d2.dn_loss_iou: 0.1139  d3.dn_loss_cls: 0.0049  d3.dn_loss_bbox: 0.0485  d3.dn_loss_iou: 0.1115  d4.dn_loss_cls: 0.0044  d4.dn_loss_bbox: 0.0483  d4.dn_loss_iou: 0.1111
2026/03/19 04:16:52 - mmengine - INFO - Epoch(train) [53][200/245]  base_lr: 3.6171e-05 lr: 3.6171e-05  eta: 3:16:38  time: 1.8776  data_time: 0.0056  memory: 42431  grad_norm: 35.2279  loss: 2.3517  loss_cls: 0.0038  loss_bbox: 0.0407  loss_iou: 0.1059  d0.loss_cls: 0.0198  d0.loss_bbox: 0.0451  d0.loss_iou: 0.1131  d1.loss_cls: 0.0074  d1.loss_bbox: 0.0418  d1.loss_iou: 0.1077  d2.loss_cls: 0.0052  d2.loss_bbox: 0.0411  d2.loss_iou: 0.1064  d3.loss_cls: 0.0041  d3.loss_bbox: 0.0409  d3.loss_iou: 0.1061  d4.loss_cls: 0.0039  d4.loss_bbox: 0.0407  d4.loss_iou: 0.1060  enc_loss_cls: 0.0243  enc_loss_bbox: 0.0544  enc_loss_iou: 0.1314  dn_loss_cls: 0.0049  dn_loss_bbox: 0.0493  dn_loss_iou: 0.1132  d0.dn_loss_cls: 0.0242  d0.dn_loss_bbox: 0.1086  d0.dn_loss_iou: 0.1960  d1.dn_loss_cls: 0.0092  d1.dn_loss_bbox: 0.0592  d1.dn_loss_iou: 0.1260  d2.dn_loss_cls: 0.0065  d2.dn_loss_bbox: 0.0518  d2.dn_loss_iou: 0.1165  d3.dn_loss_cls: 0.0055  d3.dn_loss_bbox: 0.0499  d3.dn_loss_iou: 0.1138  d4.dn_loss_cls: 0.0050  d4.dn_loss_bbox: 0.0493  d4.dn_loss_iou: 0.1132
2026/03/19 04:18:15 - mmengine - INFO - Exp name: dino_4scale_r50_ruod_120e_pretrained_20260318_211448
2026/03/19 04:18:44 - mmengine - INFO - Exp name: dino_4scale_r50_ruod_120e_pretrained_20260318_211448
2026/03/19 04:19:49 - mmengine - INFO - Epoch(train) [54][ 50/245]  base_lr: 3.4868e-05 lr: 3.4868e-05  eta: 3:13:54  time: 1.8791  data_time: 0.0189  memory: 45126  grad_norm: 32.4986  loss: 2.2868  loss_cls: 0.0028  loss_bbox: 0.0390  loss_iou: 0.1025  d0.loss_cls: 0.0178  d0.loss_bbox: 0.0434  d0.loss_iou: 0.1096  d1.loss_cls: 0.0062  d1.loss_bbox: 0.0402  d1.loss_iou: 0.1044  d2.loss_cls: 0.0039  d2.loss_bbox: 0.0393  d2.loss_iou: 0.1029  d3.loss_cls: 0.0032  d3.loss_bbox: 0.0391  d3.loss_iou: 0.1026  d4.loss_cls: 0.0028  d4.loss_bbox: 0.0390  d4.loss_iou: 0.1026  enc_loss_cls: 0.0231  enc_loss_bbox: 0.0527  enc_loss_iou: 0.1282  dn_loss_cls: 0.0044  dn_loss_bbox: 0.0489  dn_loss_iou: 0.1105  d0.dn_loss_cls: 0.0228  d0.dn_loss_bbox: 0.1090  d0.dn_loss_iou: 0.1929  d1.dn_loss_cls: 0.0082  d1.dn_loss_bbox: 0.0597  d1.dn_loss_iou: 0.1235  d2.dn_loss_cls: 0.0057  d2.dn_loss_bbox: 0.0519  d2.dn_loss_iou: 0.1139  d3.dn_loss_cls: 0.0049  d3.dn_loss_bbox: 0.0495  d3.dn_loss_iou: 0.1111  d4.dn_loss_cls: 0.0046  d4.dn_loss_bbox: 0.0489  d4.dn_loss_iou: 0.1105
2026/03/19 04:21:21 - mmengine - INFO - Epoch(train) [54][100/245]  base_lr: 3.4868e-05 lr: 3.4868e-05  eta: 3:12:27  time: 1.8526  data_time: 0.0054  memory: 42423  grad_norm: 31.2024  loss: 2.2810  loss_cls: 0.0026  loss_bbox: 0.0390  loss_iou: 0.1037  d0.loss_cls: 0.0191  d0.loss_bbox: 0.0430  d0.loss_iou: 0.1101  d1.loss_cls: 0.0067  d1.loss_bbox: 0.0399  d1.loss_iou: 0.1052  d2.loss_cls: 0.0040  d2.loss_bbox: 0.0392  d2.loss_iou: 0.1041  d3.loss_cls: 0.0031  d3.loss_bbox: 0.0391  d3.loss_iou: 0.1038  d4.loss_cls: 0.0027  d4.loss_bbox: 0.0390  d4.loss_iou: 0.1038  enc_loss_cls: 0.0230  enc_loss_bbox: 0.0526  enc_loss_iou: 0.1280  dn_loss_cls: 0.0046  dn_loss_bbox: 0.0478  dn_loss_iou: 0.1113  d0.dn_loss_cls: 0.0228  d0.dn_loss_bbox: 0.1065  d0.dn_loss_iou: 0.1906  d1.dn_loss_cls: 0.0082  d1.dn_loss_bbox: 0.0566  d1.dn_loss_iou: 0.1223  d2.dn_loss_cls: 0.0059  d2.dn_loss_bbox: 0.0498  d2.dn_loss_iou: 0.1142  d3.dn_loss_cls: 0.0050  d3.dn_loss_bbox: 0.0482  d3.dn_loss_iou: 0.1119  d4.dn_loss_cls: 0.0047  d4.dn_loss_bbox: 0.0478  d4.dn_loss_iou: 0.1113
2026/03/19 04:22:54 - mmengine - INFO - Epoch(train) [54][150/245]  base_lr: 3.4868e-05 lr: 3.4868e-05  eta: 3:11:01  time: 1.8436  data_time: 0.0052  memory: 46370  grad_norm: 34.3717  loss: 2.3080  loss_cls: 0.0039  loss_bbox: 0.0382  loss_iou: 0.1052  d0.loss_cls: 0.0195  d0.loss_bbox: 0.0426  d0.loss_iou: 0.1124  d1.loss_cls: 0.0080  d1.loss_bbox: 0.0394  d1.loss_iou: 0.1071  d2.loss_cls: 0.0054  d2.loss_bbox: 0.0385  d2.loss_iou: 0.1058  d3.loss_cls: 0.0046  d3.loss_bbox: 0.0383  d3.loss_iou: 0.1052  d4.loss_cls: 0.0042  d4.loss_bbox: 0.0382  d4.loss_iou: 0.1052  enc_loss_cls: 0.0252  enc_loss_bbox: 0.0520  enc_loss_iou: 0.1314  dn_loss_cls: 0.0047  dn_loss_bbox: 0.0471  dn_loss_iou: 0.1120  d0.dn_loss_cls: 0.0228  d0.dn_loss_bbox: 0.1056  d0.dn_loss_iou: 0.1951  d1.dn_loss_cls: 0.0085  d1.dn_loss_bbox: 0.0571  d1.dn_loss_iou: 0.1247  d2.dn_loss_cls: 0.0059  d2.dn_loss_bbox: 0.0496  d2.dn_loss_iou: 0.1154  d3.dn_loss_cls: 0.0052  d3.dn_loss_bbox: 0.0476  d3.dn_loss_iou: 0.1127  d4.dn_loss_cls: 0.0048  d4.dn_loss_bbox: 0.0471  d4.dn_loss_iou: 0.1121
2026/03/19 04:24:27 - mmengine - INFO - Epoch(train) [54][200/245]  base_lr: 3.4868e-05 lr: 3.4868e-05  eta: 3:09:34  time: 1.8658  data_time: 0.0055  memory: 42431  grad_norm: 32.4168  loss: 2.2216  loss_cls: 0.0025  loss_bbox: 0.0380  loss_iou: 0.1010  d0.loss_cls: 0.0187  d0.loss_bbox: 0.0417  d0.loss_iou: 0.1073  d1.loss_cls: 0.0068  d1.loss_bbox: 0.0391  d1.loss_iou: 0.1025  d2.loss_cls: 0.0038  d2.loss_bbox: 0.0384  d2.loss_iou: 0.1015  d3.loss_cls: 0.0030  d3.loss_bbox: 0.0381  d3.loss_iou: 0.1011  d4.loss_cls: 0.0026  d4.loss_bbox: 0.0380  d4.loss_iou: 0.1009  enc_loss_cls: 0.0233  enc_loss_bbox: 0.0523  enc_loss_iou: 0.1272  dn_loss_cls: 0.0041  dn_loss_bbox: 0.0464  dn_loss_iou: 0.1071  d0.dn_loss_cls: 0.0216  d0.dn_loss_bbox: 0.1055  d0.dn_loss_iou: 0.1867  d1.dn_loss_cls: 0.0076  d1.dn_loss_bbox: 0.0554  d1.dn_loss_iou: 0.1187  d2.dn_loss_cls: 0.0053  d2.dn_loss_bbox: 0.0485  d2.dn_loss_iou: 0.1099  d3.dn_loss_cls: 0.0045  d3.dn_loss_bbox: 0.0468  d3.dn_loss_iou: 0.1077  d4.dn_loss_cls: 0.0042  d4.dn_loss_bbox: 0.0464  d4.dn_loss_iou: 0.1071
2026/03/19 04:25:50 - mmengine - INFO - Exp name: dino_4scale_r50_ruod_120e_pretrained_20260318_211448
2026/03/19 04:26:01 - mmengine - INFO - Epoch(val) [54][ 50/245]    eta: 0:00:39  time: 0.2051  data_time: 0.0143  memory: 42431  
2026/03/19 04:26:11 - mmengine - INFO - Epoch(val) [54][100/245]    eta: 0:00:29  time: 0.2000  data_time: 0.0105  memory: 1538  
2026/03/19 04:26:21 - mmengine - INFO - Epoch(val) [54][150/245]    eta: 0:00:19  time: 0.2000  data_time: 0.0104  memory: 1538  
2026/03/19 04:26:31 - mmengine - INFO - Epoch(val) [54][200/245]    eta: 0:00:09  time: 0.2003  data_time: 0.0100  memory: 1538  
2026/03/19 04:26:48 - mmengine - INFO - Evaluating bbox...
2026/03/19 04:27:15 - mmengine - INFO - bbox_mAP_copypaste: 0.534 0.783 0.567 0.121 0.376 0.606
2026/03/19 04:27:15 - mmengine - INFO - Epoch(val) [54][245/245]    coco/bbox_mAP: 0.5340  coco/bbox_mAP_50: 0.7830  coco/bbox_mAP_75: 0.5670  coco/bbox_mAP_s: 0.1210  coco/bbox_mAP_m: 0.3760  coco/bbox_mAP_l: 0.6060  data_time: 0.0110  time: 0.2009
2026/03/19 04:28:47 - mmengine - INFO - Epoch(train) [55][ 50/245]  base_lr: 3.3566e-05 lr: 3.3566e-05  eta: 3:06:49  time: 1.8362  data_time: 0.0185  memory: 42431  grad_norm: 31.3165  loss: 2.2311  loss_cls: 0.0043  loss_bbox: 0.0375  loss_iou: 0.1007  d0.loss_cls: 0.0195  d0.loss_bbox: 0.0415  d0.loss_iou: 0.1071  d1.loss_cls: 0.0081  d1.loss_bbox: 0.0386  d1.loss_iou: 0.1023  d2.loss_cls: 0.0057  d2.loss_bbox: 0.0379  d2.loss_iou: 0.1014  d3.loss_cls: 0.0049  d3.loss_bbox: 0.0376  d3.loss_iou: 0.1009  d4.loss_cls: 0.0046  d4.loss_bbox: 0.0375  d4.loss_iou: 0.1007  enc_loss_cls: 0.0243  enc_loss_bbox: 0.0513  enc_loss_iou: 0.1264  dn_loss_cls: 0.0044  dn_loss_bbox: 0.0462  dn_loss_iou: 0.1072  d0.dn_loss_cls: 0.0225  d0.dn_loss_bbox: 0.1056  d0.dn_loss_iou: 0.1888  d1.dn_loss_cls: 0.0078  d1.dn_loss_bbox: 0.0552  d1.dn_loss_iou: 0.1190  d2.dn_loss_cls: 0.0056  d2.dn_loss_bbox: 0.0484  d2.dn_loss_iou: 0.1102  d3.dn_loss_cls: 0.0048  d3.dn_loss_bbox: 0.0466  d3.dn_loss_iou: 0.1078  d4.dn_loss_cls: 0.0045  d4.dn_loss_bbox: 0.0462  d4.dn_loss_iou: 0.1073
2026/03/19 04:30:16 - mmengine - INFO - Epoch(train) [55][100/245]  base_lr: 3.3566e-05 lr: 3.3566e-05  eta: 3:05:20  time: 1.7738  data_time: 0.0049  memory: 42212  grad_norm: 33.0354  loss: 2.1955  loss_cls: 0.0036  loss_bbox: 0.0370  loss_iou: 0.0976  d0.loss_cls: 0.0184  d0.loss_bbox: 0.0415  d0.loss_iou: 0.1048  d1.loss_cls: 0.0072  d1.loss_bbox: 0.0382  d1.loss_iou: 0.0993  d2.loss_cls: 0.0051  d2.loss_bbox: 0.0374  d2.loss_iou: 0.0981  d3.loss_cls: 0.0041  d3.loss_bbox: 0.0371  d3.loss_iou: 0.0977  d4.loss_cls: 0.0037  d4.loss_bbox: 0.0370  d4.loss_iou: 0.0976  enc_loss_cls: 0.0228  enc_loss_bbox: 0.0510  enc_loss_iou: 0.1231  dn_loss_cls: 0.0046  dn_loss_bbox: 0.0458  dn_loss_iou: 0.1063  d0.dn_loss_cls: 0.0228  d0.dn_loss_bbox: 0.1060  d0.dn_loss_iou: 0.1883  d1.dn_loss_cls: 0.0084  d1.dn_loss_bbox: 0.0547  d1.dn_loss_iou: 0.1178  d2.dn_loss_cls: 0.0061  d2.dn_loss_bbox: 0.0481  d2.dn_loss_iou: 0.1093  d3.dn_loss_cls: 0.0051  d3.dn_loss_bbox: 0.0462  d3.dn_loss_iou: 0.1068  d4.dn_loss_cls: 0.0046  d4.dn_loss_bbox: 0.0458  d4.dn_loss_iou: 0.1063
2026/03/19 04:31:43 - mmengine - INFO - Epoch(train) [55][150/245]  base_lr: 3.3566e-05 lr: 3.3566e-05  eta: 3:03:51  time: 1.7461  data_time: 0.0051  memory: 42431  grad_norm: 33.5351  loss: 2.2163  loss_cls: 0.0020  loss_bbox: 0.0378  loss_iou: 0.0996  d0.loss_cls: 0.0176  d0.loss_bbox: 0.0421  d0.loss_iou: 0.1059  d1.loss_cls: 0.0062  d1.loss_bbox: 0.0390  d1.loss_iou: 0.1011  d2.loss_cls: 0.0036  d2.loss_bbox: 0.0382  d2.loss_iou: 0.1000  d3.loss_cls: 0.0027  d3.loss_bbox: 0.0380  d3.loss_iou: 0.0997  d4.loss_cls: 0.0022  d4.loss_bbox: 0.0379  d4.loss_iou: 0.0996  enc_loss_cls: 0.0220  enc_loss_bbox: 0.0517  enc_loss_iou: 0.1249  dn_loss_cls: 0.0040  dn_loss_bbox: 0.0474  dn_loss_iou: 0.1069  d0.dn_loss_cls: 0.0220  d0.dn_loss_bbox: 0.1073  d0.dn_loss_iou: 0.1890  d1.dn_loss_cls: 0.0078  d1.dn_loss_bbox: 0.0574  d1.dn_loss_iou: 0.1190  d2.dn_loss_cls: 0.0054  d2.dn_loss_bbox: 0.0498  d2.dn_loss_iou: 0.1098  d3.dn_loss_cls: 0.0044  d3.dn_loss_bbox: 0.0479  d3.dn_loss_iou: 0.1075  d4.dn_loss_cls: 0.0041  d4.dn_loss_bbox: 0.0475  d4.dn_loss_iou: 0.1070
2026/03/19 04:33:13 - mmengine - INFO - Epoch(train) [55][200/245]  base_lr: 3.3566e-05 lr: 3.3566e-05  eta: 3:02:23  time: 1.7867  data_time: 0.0051  memory: 44303  grad_norm: 35.9659  loss: 2.3310  loss_cls: 0.0029  loss_bbox: 0.0392  loss_iou: 0.1065  d0.loss_cls: 0.0198  d0.loss_bbox: 0.0436  d0.loss_iou: 0.1140  d1.loss_cls: 0.0073  d1.loss_bbox: 0.0403  d1.loss_iou: 0.1083  d2.loss_cls: 0.0043  d2.loss_bbox: 0.0396  d2.loss_iou: 0.1071  d3.loss_cls: 0.0035  d3.loss_bbox: 0.0393  d3.loss_iou: 0.1066  d4.loss_cls: 0.0031  d4.loss_bbox: 0.0392  d4.loss_iou: 0.1064  enc_loss_cls: 0.0234  enc_loss_bbox: 0.0536  enc_loss_iou: 0.1324  dn_loss_cls: 0.0044  dn_loss_bbox: 0.0483  dn_loss_iou: 0.1130  d0.dn_loss_cls: 0.0228  d0.dn_loss_bbox: 0.1093  d0.dn_loss_iou: 0.1964  d1.dn_loss_cls: 0.0081  d1.dn_loss_bbox: 0.0575  d1.dn_loss_iou: 0.1253  d2.dn_loss_cls: 0.0057  d2.dn_loss_bbox: 0.0507  d2.dn_loss_iou: 0.1161  d3.dn_loss_cls: 0.0048  d3.dn_loss_bbox: 0.0488  d3.dn_loss_iou: 0.1136  d4.dn_loss_cls: 0.0045  d4.dn_loss_bbox: 0.0483  d4.dn_loss_iou: 0.1129
2026/03/19 04:34:33 - mmengine - INFO - Exp name: dino_4scale_r50_ruod_120e_pretrained_20260318_211448
2026/03/19 04:36:05 - mmengine - INFO - Epoch(train) [56][ 50/245]  base_lr: 3.2263e-05 lr: 3.2263e-05  eta: 2:59:36  time: 1.8262  data_time: 0.0176  memory: 42431  grad_norm: 35.5826  loss: 2.1740  loss_cls: 0.0019  loss_bbox: 0.0373  loss_iou: 0.0964  d0.loss_cls: 0.0174  d0.loss_bbox: 0.0411  d0.loss_iou: 0.1028  d1.loss_cls: 0.0053  d1.loss_bbox: 0.0382  d1.loss_iou: 0.0980  d2.loss_cls: 0.0032  d2.loss_bbox: 0.0376  d2.loss_iou: 0.0967  d3.loss_cls: 0.0023  d3.loss_bbox: 0.0373  d3.loss_iou: 0.0964  d4.loss_cls: 0.0020  d4.loss_bbox: 0.0373  d4.loss_iou: 0.0963  enc_loss_cls: 0.0212  enc_loss_bbox: 0.0502  enc_loss_iou: 0.1209  dn_loss_cls: 0.0046  dn_loss_bbox: 0.0467  dn_loss_iou: 0.1058  d0.dn_loss_cls: 0.0232  d0.dn_loss_bbox: 0.1049  d0.dn_loss_iou: 0.1876  d1.dn_loss_cls: 0.0086  d1.dn_loss_bbox: 0.0554  d1.dn_loss_iou: 0.1180  d2.dn_loss_cls: 0.0061  d2.dn_loss_bbox: 0.0487  d2.dn_loss_iou: 0.1089  d3.dn_loss_cls: 0.0052  d3.dn_loss_bbox: 0.0470  d3.dn_loss_iou: 0.1064  d4.dn_loss_cls: 0.0047  d4.dn_loss_bbox: 0.0467  d4.dn_loss_iou: 0.1058
2026/03/19 04:37:34 - mmengine - INFO - Epoch(train) [56][100/245]  base_lr: 3.2263e-05 lr: 3.2263e-05  eta: 2:58:07  time: 1.7900  data_time: 0.0047  memory: 42431  grad_norm: 36.7784  loss: 2.1972  loss_cls: 0.0027  loss_bbox: 0.0376  loss_iou: 0.0993  d0.loss_cls: 0.0176  d0.loss_bbox: 0.0418  d0.loss_iou: 0.1061  d1.loss_cls: 0.0058  d1.loss_bbox: 0.0387  d1.loss_iou: 0.1010  d2.loss_cls: 0.0037  d2.loss_bbox: 0.0380  d2.loss_iou: 0.0999  d3.loss_cls: 0.0030  d3.loss_bbox: 0.0377  d3.loss_iou: 0.0995  d4.loss_cls: 0.0028  d4.loss_bbox: 0.0376  d4.loss_iou: 0.0993  enc_loss_cls: 0.0219  enc_loss_bbox: 0.0516  enc_loss_iou: 0.1252  dn_loss_cls: 0.0038  dn_loss_bbox: 0.0450  dn_loss_iou: 0.1066  d0.dn_loss_cls: 0.0219  d0.dn_loss_bbox: 0.1044  d0.dn_loss_iou: 0.1887  d1.dn_loss_cls: 0.0077  d1.dn_loss_bbox: 0.0544  d1.dn_loss_iou: 0.1184  d2.dn_loss_cls: 0.0051  d2.dn_loss_bbox: 0.0477  d2.dn_loss_iou: 0.1098  d3.dn_loss_cls: 0.0043  d3.dn_loss_bbox: 0.0457  d3.dn_loss_iou: 0.1074  d4.dn_loss_cls: 0.0039  d4.dn_loss_bbox: 0.0451  d4.dn_loss_iou: 0.1066
2026/03/19 04:39:03 - mmengine - INFO - Epoch(train) [56][150/245]  base_lr: 3.2263e-05 lr: 3.2263e-05  eta: 2:56:39  time: 1.7731  data_time: 0.0047  memory: 42431  grad_norm: 38.6748  loss: 2.1927  loss_cls: 0.0036  loss_bbox: 0.0364  loss_iou: 0.0993  d0.loss_cls: 0.0187  d0.loss_bbox: 0.0408  d0.loss_iou: 0.1067  d1.loss_cls: 0.0071  d1.loss_bbox: 0.0375  d1.loss_iou: 0.1011  d2.loss_cls: 0.0053  d2.loss_bbox: 0.0367  d2.loss_iou: 0.0998  d3.loss_cls: 0.0043  d3.loss_bbox: 0.0365  d3.loss_iou: 0.0994  d4.loss_cls: 0.0039  d4.loss_bbox: 0.0364  d4.loss_iou: 0.0993  enc_loss_cls: 0.0232  enc_loss_bbox: 0.0505  enc_loss_iou: 0.1256  dn_loss_cls: 0.0040  dn_loss_bbox: 0.0453  dn_loss_iou: 0.1067  d0.dn_loss_cls: 0.0216  d0.dn_loss_bbox: 0.1021  d0.dn_loss_iou: 0.1869  d1.dn_loss_cls: 0.0072  d1.dn_loss_bbox: 0.0535  d1.dn_loss_iou: 0.1179  d2.dn_loss_cls: 0.0050  d2.dn_loss_bbox: 0.0474  d2.dn_loss_iou: 0.1095  d3.dn_loss_cls: 0.0043  d3.dn_loss_bbox: 0.0458  d3.dn_loss_iou: 0.1073  d4.dn_loss_cls: 0.0040  d4.dn_loss_bbox: 0.0454  d4.dn_loss_iou: 0.1067
2026/03/19 04:40:31 - mmengine - INFO - Epoch(train) [56][200/245]  base_lr: 3.2263e-05 lr: 3.2263e-05  eta: 2:55:10  time: 1.7566  data_time: 0.0049  memory: 42431  grad_norm: 32.1623  loss: 2.2505  loss_cls: 0.0030  loss_bbox: 0.0382  loss_iou: 0.1018  d0.loss_cls: 0.0195  d0.loss_bbox: 0.0427  d0.loss_iou: 0.1088  d1.loss_cls: 0.0075  d1.loss_bbox: 0.0395  d1.loss_iou: 0.1034  d2.loss_cls: 0.0047  d2.loss_bbox: 0.0385  d2.loss_iou: 0.1022  d3.loss_cls: 0.0036  d3.loss_bbox: 0.0383  d3.loss_iou: 0.1019  d4.loss_cls: 0.0031  d4.loss_bbox: 0.0382  d4.loss_iou: 0.1018  enc_loss_cls: 0.0233  enc_loss_bbox: 0.0523  enc_loss_iou: 0.1272  dn_loss_cls: 0.0042  dn_loss_bbox: 0.0467  dn_loss_iou: 0.1086  d0.dn_loss_cls: 0.0220  d0.dn_loss_bbox: 0.1069  d0.dn_loss_iou: 0.1898  d1.dn_loss_cls: 0.0080  d1.dn_loss_bbox: 0.0566  d1.dn_loss_iou: 0.1210  d2.dn_loss_cls: 0.0055  d2.dn_loss_bbox: 0.0490  d2.dn_loss_iou: 0.1119  d3.dn_loss_cls: 0.0046  d3.dn_loss_bbox: 0.0472  d3.dn_loss_iou: 0.1094  d4.dn_loss_cls: 0.0042  d4.dn_loss_bbox: 0.0467  d4.dn_loss_iou: 0.1087
2026/03/19 04:41:49 - mmengine - INFO - Exp name: dino_4scale_r50_ruod_120e_pretrained_20260318_211448
2026/03/19 04:42:00 - mmengine - INFO - Epoch(val) [56][ 50/245]    eta: 0:00:43  time: 0.2206  data_time: 0.0329  memory: 42431  
2026/03/19 04:42:11 - mmengine - INFO - Epoch(val) [56][100/245]    eta: 0:00:31  time: 0.2162  data_time: 0.0267  memory: 1538  
2026/03/19 04:42:21 - mmengine - INFO - Epoch(val) [56][150/245]    eta: 0:00:20  time: 0.2001  data_time: 0.0096  memory: 1538  
2026/03/19 04:42:31 - mmengine - INFO - Epoch(val) [56][200/245]    eta: 0:00:09  time: 0.2002  data_time: 0.0094  memory: 1538  
2026/03/19 04:42:47 - mmengine - INFO - Evaluating bbox...
2026/03/19 04:43:10 - mmengine - INFO - bbox_mAP_copypaste: 0.536 0.785 0.567 0.119 0.377 0.608
2026/03/19 04:43:10 - mmengine - INFO - Epoch(val) [56][245/245]    coco/bbox_mAP: 0.5360  coco/bbox_mAP_50: 0.7850  coco/bbox_mAP_75: 0.5670  coco/bbox_mAP_s: 0.1190  coco/bbox_mAP_m: 0.3770  coco/bbox_mAP_l: 0.6080  data_time: 0.0178  time: 0.2074
2026/03/19 04:44:39 - mmengine - INFO - Epoch(train) [57][ 50/245]  base_lr: 3.0961e-05 lr: 3.0961e-05  eta: 2:52:21  time: 1.7779  data_time: 0.0143  memory: 42431  grad_norm: 34.3881  loss: 2.1992  loss_cls: 0.0036  loss_bbox: 0.0371  loss_iou: 0.0980  d0.loss_cls: 0.0186  d0.loss_bbox: 0.0416  d0.loss_iou: 0.1051  d1.loss_cls: 0.0082  d1.loss_bbox: 0.0383  d1.loss_iou: 0.1000  d2.loss_cls: 0.0052  d2.loss_bbox: 0.0374  d2.loss_iou: 0.0985  d3.loss_cls: 0.0043  d3.loss_bbox: 0.0372  d3.loss_iou: 0.0983  d4.loss_cls: 0.0038  d4.loss_bbox: 0.0371  d4.loss_iou: 0.0979  enc_loss_cls: 0.0225  enc_loss_bbox: 0.0512  enc_loss_iou: 0.1228  dn_loss_cls: 0.0048  dn_loss_bbox: 0.0464  dn_loss_iou: 0.1066  d0.dn_loss_cls: 0.0231  d0.dn_loss_bbox: 0.1037  d0.dn_loss_iou: 0.1860  d1.dn_loss_cls: 0.0082  d1.dn_loss_bbox: 0.0551  d1.dn_loss_iou: 0.1179  d2.dn_loss_cls: 0.0059  d2.dn_loss_bbox: 0.0484  d2.dn_loss_iou: 0.1090  d3.dn_loss_cls: 0.0051  d3.dn_loss_bbox: 0.0469  d3.dn_loss_iou: 0.1072  d4.dn_loss_cls: 0.0048  d4.dn_loss_bbox: 0.0464  d4.dn_loss_iou: 0.1067
2026/03/19 04:46:07 - mmengine - INFO - Epoch(train) [57][100/245]  base_lr: 3.0961e-05 lr: 3.0961e-05  eta: 2:50:52  time: 1.7619  data_time: 0.0044  memory: 42312  grad_norm: 31.2710  loss: 2.1883  loss_cls: 0.0026  loss_bbox: 0.0367  loss_iou: 0.0983  d0.loss_cls: 0.0168  d0.loss_bbox: 0.0414  d0.loss_iou: 0.1059  d1.loss_cls: 0.0063  d1.loss_bbox: 0.0380  d1.loss_iou: 0.1001  d2.loss_cls: 0.0040  d2.loss_bbox: 0.0371  d2.loss_iou: 0.0987  d3.loss_cls: 0.0029  d3.loss_bbox: 0.0369  d3.loss_iou: 0.0985  d4.loss_cls: 0.0027  d4.loss_bbox: 0.0367  d4.loss_iou: 0.0983  enc_loss_cls: 0.0221  enc_loss_bbox: 0.0517  enc_loss_iou: 0.1247  dn_loss_cls: 0.0045  dn_loss_bbox: 0.0458  dn_loss_iou: 0.1062  d0.dn_loss_cls: 0.0217  d0.dn_loss_bbox: 0.1062  d0.dn_loss_iou: 0.1867  d1.dn_loss_cls: 0.0078  d1.dn_loss_bbox: 0.0551  d1.dn_loss_iou: 0.1172  d2.dn_loss_cls: 0.0053  d2.dn_loss_bbox: 0.0480  d2.dn_loss_iou: 0.1091  d3.dn_loss_cls: 0.0047  d3.dn_loss_bbox: 0.0462  d3.dn_loss_iou: 0.1068  d4.dn_loss_cls: 0.0045  d4.dn_loss_bbox: 0.0458  d4.dn_loss_iou: 0.1063
2026/03/19 04:47:35 - mmengine - INFO - Epoch(train) [57][150/245]  base_lr: 3.0961e-05 lr: 3.0961e-05  eta: 2:49:23  time: 1.7583  data_time: 0.0047  memory: 42431  grad_norm: 33.8018  loss: 2.1309  loss_cls: 0.0028  loss_bbox: 0.0358  loss_iou: 0.0964  d0.loss_cls: 0.0185  d0.loss_bbox: 0.0399  d0.loss_iou: 0.1033  d1.loss_cls: 0.0061  d1.loss_bbox: 0.0369  d1.loss_iou: 0.0979  d2.loss_cls: 0.0042  d2.loss_bbox: 0.0361  d2.loss_iou: 0.0968  d3.loss_cls: 0.0033  d3.loss_bbox: 0.0359  d3.loss_iou: 0.0966  d4.loss_cls: 0.0029  d4.loss_bbox: 0.0358  d4.loss_iou: 0.0964  enc_loss_cls: 0.0214  enc_loss_bbox: 0.0499  enc_loss_iou: 0.1225  dn_loss_cls: 0.0044  dn_loss_bbox: 0.0438  dn_loss_iou: 0.1036  d0.dn_loss_cls: 0.0219  d0.dn_loss_bbox: 0.0996  d0.dn_loss_iou: 0.1828  d1.dn_loss_cls: 0.0078  d1.dn_loss_bbox: 0.0515  d1.dn_loss_iou: 0.1144  d2.dn_loss_cls: 0.0055  d2.dn_loss_bbox: 0.0453  d2.dn_loss_iou: 0.1061  d3.dn_loss_cls: 0.0047  d3.dn_loss_bbox: 0.0441  d3.dn_loss_iou: 0.1041  d4.dn_loss_cls: 0.0044  d4.dn_loss_bbox: 0.0438  d4.dn_loss_iou: 0.1036
2026/03/19 04:49:03 - mmengine - INFO - Epoch(train) [57][200/245]  base_lr: 3.0961e-05 lr: 3.0961e-05  eta: 2:47:54  time: 1.7543  data_time: 0.0049  memory: 46149  grad_norm: 33.7765  loss: 2.1321  loss_cls: 0.0029  loss_bbox: 0.0357  loss_iou: 0.0957  d0.loss_cls: 0.0185  d0.loss_bbox: 0.0396  d0.loss_iou: 0.1027  d1.loss_cls: 0.0064  d1.loss_bbox: 0.0367  d1.loss_iou: 0.0972  d2.loss_cls: 0.0043  d2.loss_bbox: 0.0361  d2.loss_iou: 0.0963  d3.loss_cls: 0.0033  d3.loss_bbox: 0.0360  d3.loss_iou: 0.0960  d4.loss_cls: 0.0030  d4.loss_bbox: 0.0358  d4.loss_iou: 0.0957  enc_loss_cls: 0.0219  enc_loss_bbox: 0.0499  enc_loss_iou: 0.1218  dn_loss_cls: 0.0042  dn_loss_bbox: 0.0438  dn_loss_iou: 0.1024  d0.dn_loss_cls: 0.0221  d0.dn_loss_bbox: 0.1026  d0.dn_loss_iou: 0.1859  d1.dn_loss_cls: 0.0081  d1.dn_loss_bbox: 0.0530  d1.dn_loss_iou: 0.1150  d2.dn_loss_cls: 0.0055  d2.dn_loss_bbox: 0.0461  d2.dn_loss_iou: 0.1057  d3.dn_loss_cls: 0.0046  d3.dn_loss_bbox: 0.0442  d3.dn_loss_iou: 0.1029  d4.dn_loss_cls: 0.0042  d4.dn_loss_bbox: 0.0438  d4.dn_loss_iou: 0.1024
2026/03/19 04:50:21 - mmengine - INFO - Exp name: dino_4scale_r50_ruod_120e_pretrained_20260318_211448
2026/03/19 04:51:24 - mmengine - INFO - Exp name: dino_4scale_r50_ruod_120e_pretrained_20260318_211448
2026/03/19 04:51:50 - mmengine - INFO - Epoch(train) [58][ 50/245]  base_lr: 2.9658e-05 lr: 2.9658e-05  eta: 2:45:05  time: 1.7807  data_time: 0.0142  memory: 42431  grad_norm: 33.6040  loss: 2.1029  loss_cls: 0.0022  loss_bbox: 0.0358  loss_iou: 0.0936  d0.loss_cls: 0.0174  d0.loss_bbox: 0.0402  d0.loss_iou: 0.1006  d1.loss_cls: 0.0062  d1.loss_bbox: 0.0368  d1.loss_iou: 0.0951  d2.loss_cls: 0.0038  d2.loss_bbox: 0.0362  d2.loss_iou: 0.0940  d3.loss_cls: 0.0025  d3.loss_bbox: 0.0359  d3.loss_iou: 0.0937  d4.loss_cls: 0.0022  d4.loss_bbox: 0.0358  d4.loss_iou: 0.0936  enc_loss_cls: 0.0205  enc_loss_bbox: 0.0498  enc_loss_iou: 0.1187  dn_loss_cls: 0.0043  dn_loss_bbox: 0.0436  dn_loss_iou: 0.1004  d0.dn_loss_cls: 0.0218  d0.dn_loss_bbox: 0.1049  d0.dn_loss_iou: 0.1848  d1.dn_loss_cls: 0.0082  d1.dn_loss_bbox: 0.0533  d1.dn_loss_iou: 0.1133  d2.dn_loss_cls: 0.0056  d2.dn_loss_bbox: 0.0462  d2.dn_loss_iou: 0.1038  d3.dn_loss_cls: 0.0047  d3.dn_loss_bbox: 0.0441  d3.dn_loss_iou: 0.1011  d4.dn_loss_cls: 0.0043  d4.dn_loss_bbox: 0.0436  d4.dn_loss_iou: 0.1005
2026/03/19 04:53:18 - mmengine - INFO - Epoch(train) [58][100/245]  base_lr: 2.9658e-05 lr: 2.9658e-05  eta: 2:43:36  time: 1.7593  data_time: 0.0048  memory: 42431  grad_norm: 34.7038  loss: 2.1224  loss_cls: 0.0033  loss_bbox: 0.0347  loss_iou: 0.0938  d0.loss_cls: 0.0183  d0.loss_bbox: 0.0388  d0.loss_iou: 0.1003  d1.loss_cls: 0.0068  d1.loss_bbox: 0.0359  d1.loss_iou: 0.0956  d2.loss_cls: 0.0045  d2.loss_bbox: 0.0350  d2.loss_iou: 0.0944  d3.loss_cls: 0.0036  d3.loss_bbox: 0.0348  d3.loss_iou: 0.0939  d4.loss_cls: 0.0033  d4.loss_bbox: 0.0347  d4.loss_iou: 0.0938  enc_loss_cls: 0.0230  enc_loss_bbox: 0.0479  enc_loss_iou: 0.1186  dn_loss_cls: 0.0048  dn_loss_bbox: 0.0451  dn_loss_iou: 0.1025  d0.dn_loss_cls: 0.0232  d0.dn_loss_bbox: 0.1050  d0.dn_loss_iou: 0.1843  d1.dn_loss_cls: 0.0085  d1.dn_loss_bbox: 0.0540  d1.dn_loss_iou: 0.1142  d2.dn_loss_cls: 0.0061  d2.dn_loss_bbox: 0.0474  d2.dn_loss_iou: 0.1055  d3.dn_loss_cls: 0.0053  d3.dn_loss_bbox: 0.0457  d3.dn_loss_iou: 0.1031  d4.dn_loss_cls: 0.0049  d4.dn_loss_bbox: 0.0452  d4.dn_loss_iou: 0.1025
2026/03/19 04:54:46 - mmengine - INFO - Epoch(train) [58][150/245]  base_lr: 2.9658e-05 lr: 2.9658e-05  eta: 2:42:07  time: 1.7621  data_time: 0.0048  memory: 42372  grad_norm: 33.3286  loss: 2.0855  loss_cls: 0.0028  loss_bbox: 0.0351  loss_iou: 0.0939  d0.loss_cls: 0.0165  d0.loss_bbox: 0.0388  d0.loss_iou: 0.1001  d1.loss_cls: 0.0055  d1.loss_bbox: 0.0360  d1.loss_iou: 0.0953  d2.loss_cls: 0.0039  d2.loss_bbox: 0.0354  d2.loss_iou: 0.0943  d3.loss_cls: 0.0033  d3.loss_bbox: 0.0353  d3.loss_iou: 0.0941  d4.loss_cls: 0.0030  d4.loss_bbox: 0.0351  d4.loss_iou: 0.0939  enc_loss_cls: 0.0211  enc_loss_bbox: 0.0481  enc_loss_iou: 0.1178  dn_loss_cls: 0.0042  dn_loss_bbox: 0.0436  dn_loss_iou: 0.1007  d0.dn_loss_cls: 0.0216  d0.dn_loss_bbox: 0.1010  d0.dn_loss_iou: 0.1807  d1.dn_loss_cls: 0.0074  d1.dn_loss_bbox: 0.0521  d1.dn_loss_iou: 0.1123  d2.dn_loss_cls: 0.0053  d2.dn_loss_bbox: 0.0458  d2.dn_loss_iou: 0.1036  d3.dn_loss_cls: 0.0044  d3.dn_loss_bbox: 0.0440  d3.dn_loss_iou: 0.1012  d4.dn_loss_cls: 0.0042  d4.dn_loss_bbox: 0.0436  d4.dn_loss_iou: 0.1007
2026/03/19 04:56:14 - mmengine - INFO - Epoch(train) [58][200/245]  base_lr: 2.9658e-05 lr: 2.9658e-05  eta: 2:40:38  time: 1.7571  data_time: 0.0049  memory: 42372  grad_norm: 37.4997  loss: 2.0975  loss_cls: 0.0030  loss_bbox: 0.0355  loss_iou: 0.0934  d0.loss_cls: 0.0178  d0.loss_bbox: 0.0398  d0.loss_iou: 0.1009  d1.loss_cls: 0.0069  d1.loss_bbox: 0.0365  d1.loss_iou: 0.0951  d2.loss_cls: 0.0044  d2.loss_bbox: 0.0358  d2.loss_iou: 0.0940  d3.loss_cls: 0.0036  d3.loss_bbox: 0.0356  d3.loss_iou: 0.0935  d4.loss_cls: 0.0032  d4.loss_bbox: 0.0354  d4.loss_iou: 0.0934  enc_loss_cls: 0.0209  enc_loss_bbox: 0.0495  enc_loss_iou: 0.1199  dn_loss_cls: 0.0043  dn_loss_bbox: 0.0429  dn_loss_iou: 0.1018  d0.dn_loss_cls: 0.0226  d0.dn_loss_bbox: 0.1003  d0.dn_loss_iou: 0.1814  d1.dn_loss_cls: 0.0078  d1.dn_loss_bbox: 0.0513  d1.dn_loss_iou: 0.1127  d2.dn_loss_cls: 0.0056  d2.dn_loss_bbox: 0.0447  d2.dn_loss_iou: 0.1045  d3.dn_loss_cls: 0.0047  d3.dn_loss_bbox: 0.0432  d3.dn_loss_iou: 0.1024  d4.dn_loss_cls: 0.0043  d4.dn_loss_bbox: 0.0429  d4.dn_loss_iou: 0.1018
2026/03/19 04:57:32 - mmengine - INFO - Exp name: dino_4scale_r50_ruod_120e_pretrained_20260318_211448
2026/03/19 04:57:42 - mmengine - INFO - Epoch(val) [58][ 50/245]    eta: 0:00:39  time: 0.2019  data_time: 0.0117  memory: 42364  
2026/03/19 04:57:52 - mmengine - INFO - Epoch(val) [58][100/245]    eta: 0:00:29  time: 0.2080  data_time: 0.0180  memory: 1538  
2026/03/19 04:58:02 - mmengine - INFO - Epoch(val) [58][150/245]    eta: 0:00:19  time: 0.1999  data_time: 0.0094  memory: 1538  
2026/03/19 04:58:12 - mmengine - INFO - Epoch(val) [58][200/245]    eta: 0:00:09  time: 0.2003  data_time: 0.0091  memory: 1538  
2026/03/19 04:58:28 - mmengine - INFO - Evaluating bbox...
2026/03/19 04:58:51 - mmengine - INFO - bbox_mAP_copypaste: 0.532 0.783 0.562 0.114 0.377 0.605
2026/03/19 04:58:51 - mmengine - INFO - Epoch(val) [58][245/245]    coco/bbox_mAP: 0.5320  coco/bbox_mAP_50: 0.7830  coco/bbox_mAP_75: 0.5620  coco/bbox_mAP_s: 0.1140  coco/bbox_mAP_m: 0.3770  coco/bbox_mAP_l: 0.6050  data_time: 0.0115  time: 0.2019
2026/03/19 05:00:20 - mmengine - INFO - Epoch(train) [59][ 50/245]  base_lr: 2.8355e-05 lr: 2.8355e-05  eta: 2:37:49  time: 1.7840  data_time: 0.0171  memory: 42320  grad_norm: 30.7526  loss: 2.0499  loss_cls: 0.0020  loss_bbox: 0.0351  loss_iou: 0.0893  d0.loss_cls: 0.0151  d0.loss_bbox: 0.0392  d0.loss_iou: 0.0959  d1.loss_cls: 0.0051  d1.loss_bbox: 0.0362  d1.loss_iou: 0.0909  d2.loss_cls: 0.0030  d2.loss_bbox: 0.0354  d2.loss_iou: 0.0898  d3.loss_cls: 0.0024  d3.loss_bbox: 0.0352  d3.loss_iou: 0.0895  d4.loss_cls: 0.0021  d4.loss_bbox: 0.0351  d4.loss_iou: 0.0893  enc_loss_cls: 0.0191  enc_loss_bbox: 0.0493  enc_loss_iou: 0.1143  dn_loss_cls: 0.0040  dn_loss_bbox: 0.0449  dn_loss_iou: 0.0978  d0.dn_loss_cls: 0.0215  d0.dn_loss_bbox: 0.1067  d0.dn_loss_iou: 0.1817  d1.dn_loss_cls: 0.0075  d1.dn_loss_bbox: 0.0544  d1.dn_loss_iou: 0.1100  d2.dn_loss_cls: 0.0052  d2.dn_loss_bbox: 0.0471  d2.dn_loss_iou: 0.1008  d3.dn_loss_cls: 0.0044  d3.dn_loss_bbox: 0.0453  d3.dn_loss_iou: 0.0985  d4.dn_loss_cls: 0.0041  d4.dn_loss_bbox: 0.0449  d4.dn_loss_iou: 0.0978
2026/03/19 05:01:47 - mmengine - INFO - Epoch(train) [59][100/245]  base_lr: 2.8355e-05 lr: 2.8355e-05  eta: 2:36:19  time: 1.7345  data_time: 0.0048  memory: 42192  grad_norm: 34.0737  loss: 2.0878  loss_cls: 0.0030  loss_bbox: 0.0343  loss_iou: 0.0933  d0.loss_cls: 0.0184  d0.loss_bbox: 0.0385  d0.loss_iou: 0.1003  d1.loss_cls: 0.0068  d1.loss_bbox: 0.0353  d1.loss_iou: 0.0949  d2.loss_cls: 0.0043  d2.loss_bbox: 0.0346  d2.loss_iou: 0.0937  d3.loss_cls: 0.0034  d3.loss_bbox: 0.0344  d3.loss_iou: 0.0933  d4.loss_cls: 0.0030  d4.loss_bbox: 0.0343  d4.loss_iou: 0.0932  enc_loss_cls: 0.0214  enc_loss_bbox: 0.0478  enc_loss_iou: 0.1184  dn_loss_cls: 0.0045  dn_loss_bbox: 0.0437  dn_loss_iou: 0.1014  d0.dn_loss_cls: 0.0218  d0.dn_loss_bbox: 0.0996  d0.dn_loss_iou: 0.1818  d1.dn_loss_cls: 0.0080  d1.dn_loss_bbox: 0.0519  d1.dn_loss_iou: 0.1125  d2.dn_loss_cls: 0.0057  d2.dn_loss_bbox: 0.0457  d2.dn_loss_iou: 0.1040  d3.dn_loss_cls: 0.0049  d3.dn_loss_bbox: 0.0441  d3.dn_loss_iou: 0.1019  d4.dn_loss_cls: 0.0045  d4.dn_loss_bbox: 0.0438  d4.dn_loss_iou: 0.1014
2026/03/19 05:03:16 - mmengine - INFO - Epoch(train) [59][150/245]  base_lr: 2.8355e-05 lr: 2.8355e-05  eta: 2:34:51  time: 1.7710  data_time: 0.0049  memory: 42312  grad_norm: 33.7503  loss: 2.0705  loss_cls: 0.0025  loss_bbox: 0.0346  loss_iou: 0.0919  d0.loss_cls: 0.0182  d0.loss_bbox: 0.0388  d0.loss_iou: 0.0990  d1.loss_cls: 0.0063  d1.loss_bbox: 0.0356  d1.loss_iou: 0.0934  d2.loss_cls: 0.0037  d2.loss_bbox: 0.0349  d2.loss_iou: 0.0923  d3.loss_cls: 0.0028  d3.loss_bbox: 0.0347  d3.loss_iou: 0.0919  d4.loss_cls: 0.0025  d4.loss_bbox: 0.0346  d4.loss_iou: 0.0919  enc_loss_cls: 0.0202  enc_loss_bbox: 0.0481  enc_loss_iou: 0.1173  dn_loss_cls: 0.0043  dn_loss_bbox: 0.0445  dn_loss_iou: 0.1005  d0.dn_loss_cls: 0.0214  d0.dn_loss_bbox: 0.0990  d0.dn_loss_iou: 0.1799  d1.dn_loss_cls: 0.0079  d1.dn_loss_bbox: 0.0517  d1.dn_loss_iou: 0.1113  d2.dn_loss_cls: 0.0056  d2.dn_loss_bbox: 0.0462  d2.dn_loss_iou: 0.1031  d3.dn_loss_cls: 0.0048  d3.dn_loss_bbox: 0.0448  d3.dn_loss_iou: 0.1010  d4.dn_loss_cls: 0.0044  d4.dn_loss_bbox: 0.0445  d4.dn_loss_iou: 0.1005
2026/03/19 05:04:43 - mmengine - INFO - Epoch(train) [59][200/245]  base_lr: 2.8355e-05 lr: 2.8355e-05  eta: 2:33:22  time: 1.7506  data_time: 0.0049  memory: 42431  grad_norm: 35.0306  loss: 2.1482  loss_cls: 0.0029  loss_bbox: 0.0357  loss_iou: 0.0948  d0.loss_cls: 0.0191  d0.loss_bbox: 0.0397  d0.loss_iou: 0.1012  d1.loss_cls: 0.0066  d1.loss_bbox: 0.0366  d1.loss_iou: 0.0963  d2.loss_cls: 0.0042  d2.loss_bbox: 0.0360  d2.loss_iou: 0.0954  d3.loss_cls: 0.0033  d3.loss_bbox: 0.0358  d3.loss_iou: 0.0950  d4.loss_cls: 0.0030  d4.loss_bbox: 0.0357  d4.loss_iou: 0.0947  enc_loss_cls: 0.0215  enc_loss_bbox: 0.0490  enc_loss_iou: 0.1193  dn_loss_cls: 0.0044  dn_loss_bbox: 0.0461  dn_loss_iou: 0.1036  d0.dn_loss_cls: 0.0228  d0.dn_loss_bbox: 0.1079  d0.dn_loss_iou: 0.1863  d1.dn_loss_cls: 0.0085  d1.dn_loss_bbox: 0.0554  d1.dn_loss_iou: 0.1161  d2.dn_loss_cls: 0.0059  d2.dn_loss_bbox: 0.0485  d2.dn_loss_iou: 0.1068  d3.dn_loss_cls: 0.0050  d3.dn_loss_bbox: 0.0466  d3.dn_loss_iou: 0.1043  d4.dn_loss_cls: 0.0045  d4.dn_loss_bbox: 0.0461  d4.dn_loss_iou: 0.1036
2026/03/19 05:06:01 - mmengine - INFO - Exp name: dino_4scale_r50_ruod_120e_pretrained_20260318_211448
2026/03/19 05:07:30 - mmengine - INFO - Epoch(train) [60][ 50/245]  base_lr: 2.7053e-05 lr: 2.7053e-05  eta: 2:30:33  time: 1.7831  data_time: 0.0141  memory: 42431  grad_norm: 32.3869  loss: 1.9746  loss_cls: 0.0021  loss_bbox: 0.0330  loss_iou: 0.0872  d0.loss_cls: 0.0160  d0.loss_bbox: 0.0371  d0.loss_iou: 0.0937  d1.loss_cls: 0.0051  d1.loss_bbox: 0.0340  d1.loss_iou: 0.0885  d2.loss_cls: 0.0031  d2.loss_bbox: 0.0334  d2.loss_iou: 0.0875  d3.loss_cls: 0.0025  d3.loss_bbox: 0.0331  d3.loss_iou: 0.0873  d4.loss_cls: 0.0022  d4.loss_bbox: 0.0330  d4.loss_iou: 0.0871  enc_loss_cls: 0.0200  enc_loss_bbox: 0.0466  enc_loss_iou: 0.1120  dn_loss_cls: 0.0040  dn_loss_bbox: 0.0416  dn_loss_iou: 0.0949  d0.dn_loss_cls: 0.0213  d0.dn_loss_bbox: 0.1006  d0.dn_loss_iou: 0.1765  d1.dn_loss_cls: 0.0072  d1.dn_loss_bbox: 0.0497  d1.dn_loss_iou: 0.1059  d2.dn_loss_cls: 0.0051  d2.dn_loss_bbox: 0.0434  d2.dn_loss_iou: 0.0975  d3.dn_loss_cls: 0.0043  d3.dn_loss_bbox: 0.0419  d3.dn_loss_iou: 0.0954  d4.dn_loss_cls: 0.0040  d4.dn_loss_bbox: 0.0416  d4.dn_loss_iou: 0.0950
2026/03/19 05:08:59 - mmengine - INFO - Epoch(train) [60][100/245]  base_lr: 2.7053e-05 lr: 2.7053e-05  eta: 2:29:04  time: 1.7747  data_time: 0.0054  memory: 42033  grad_norm: 35.1575  loss: 2.0923  loss_cls: 0.0023  loss_bbox: 0.0350  loss_iou: 0.0911  d0.loss_cls: 0.0180  d0.loss_bbox: 0.0394  d0.loss_iou: 0.0983  d1.loss_cls: 0.0060  d1.loss_bbox: 0.0362  d1.loss_iou: 0.0928  d2.loss_cls: 0.0036  d2.loss_bbox: 0.0354  d2.loss_iou: 0.0915  d3.loss_cls: 0.0027  d3.loss_bbox: 0.0352  d3.loss_iou: 0.0912  d4.loss_cls: 0.0024  d4.loss_bbox: 0.0351  d4.loss_iou: 0.0911  enc_loss_cls: 0.0192  enc_loss_bbox: 0.0489  enc_loss_iou: 0.1167  dn_loss_cls: 0.0047  dn_loss_bbox: 0.0455  dn_loss_iou: 0.1009  d0.dn_loss_cls: 0.0228  d0.dn_loss_bbox: 0.1050  d0.dn_loss_iou: 0.1842  d1.dn_loss_cls: 0.0083  d1.dn_loss_bbox: 0.0550  d1.dn_loss_iou: 0.1128  d2.dn_loss_cls: 0.0060  d2.dn_loss_bbox: 0.0478  d2.dn_loss_iou: 0.1040  d3.dn_loss_cls: 0.0051  d3.dn_loss_bbox: 0.0459  d3.dn_loss_iou: 0.1014  d4.dn_loss_cls: 0.0047  d4.dn_loss_bbox: 0.0455  d4.dn_loss_iou: 0.1009
2026/03/19 05:10:31 - mmengine - INFO - Epoch(train) [60][150/245]  base_lr: 2.7053e-05 lr: 2.7053e-05  eta: 2:27:37  time: 1.8448  data_time: 0.0068  memory: 42431  grad_norm: 38.4701  loss: 2.0273  loss_cls: 0.0022  loss_bbox: 0.0340  loss_iou: 0.0881  d0.loss_cls: 0.0166  d0.loss_bbox: 0.0384  d0.loss_iou: 0.0949  d1.loss_cls: 0.0059  d1.loss_bbox: 0.0351  d1.loss_iou: 0.0896  d2.loss_cls: 0.0037  d2.loss_bbox: 0.0344  d2.loss_iou: 0.0885  d3.loss_cls: 0.0026  d3.loss_bbox: 0.0342  d3.loss_iou: 0.0882  d4.loss_cls: 0.0022  d4.loss_bbox: 0.0340  d4.loss_iou: 0.0881  enc_loss_cls: 0.0198  enc_loss_bbox: 0.0496  enc_loss_iou: 0.1145  dn_loss_cls: 0.0041  dn_loss_bbox: 0.0435  dn_loss_iou: 0.0966  d0.dn_loss_cls: 0.0217  d0.dn_loss_bbox: 0.1055  d0.dn_loss_iou: 0.1790  d1.dn_loss_cls: 0.0078  d1.dn_loss_bbox: 0.0541  d1.dn_loss_iou: 0.1090  d2.dn_loss_cls: 0.0055  d2.dn_loss_bbox: 0.0460  d2.dn_loss_iou: 0.0996  d3.dn_loss_cls: 0.0046  d3.dn_loss_bbox: 0.0440  d3.dn_loss_iou: 0.0973  d4.dn_loss_cls: 0.0042  d4.dn_loss_bbox: 0.0435  d4.dn_loss_iou: 0.0966
2026/03/19 05:11:59 - mmengine - INFO - Epoch(train) [60][200/245]  base_lr: 2.7053e-05 lr: 2.7053e-05  eta: 2:26:08  time: 1.7581  data_time: 0.0066  memory: 42192  grad_norm: 31.7138  loss: 2.0784  loss_cls: 0.0028  loss_bbox: 0.0354  loss_iou: 0.0915  d0.loss_cls: 0.0174  d0.loss_bbox: 0.0395  d0.loss_iou: 0.0981  d1.loss_cls: 0.0059  d1.loss_bbox: 0.0367  d1.loss_iou: 0.0927  d2.loss_cls: 0.0039  d2.loss_bbox: 0.0358  d2.loss_iou: 0.0918  d3.loss_cls: 0.0032  d3.loss_bbox: 0.0356  d3.loss_iou: 0.0916  d4.loss_cls: 0.0028  d4.loss_bbox: 0.0354  d4.loss_iou: 0.0915  enc_loss_cls: 0.0210  enc_loss_bbox: 0.0497  enc_loss_iou: 0.1170  dn_loss_cls: 0.0043  dn_loss_bbox: 0.0434  dn_loss_iou: 0.0990  d0.dn_loss_cls: 0.0229  d0.dn_loss_bbox: 0.1040  d0.dn_loss_iou: 0.1832  d1.dn_loss_cls: 0.0082  d1.dn_loss_bbox: 0.0535  d1.dn_loss_iou: 0.1117  d2.dn_loss_cls: 0.0057  d2.dn_loss_bbox: 0.0459  d2.dn_loss_iou: 0.1023  d3.dn_loss_cls: 0.0048  d3.dn_loss_bbox: 0.0438  d3.dn_loss_iou: 0.0996  d4.dn_loss_cls: 0.0044  d4.dn_loss_bbox: 0.0434  d4.dn_loss_iou: 0.0990
2026/03/19 05:13:18 - mmengine - INFO - Exp name: dino_4scale_r50_ruod_120e_pretrained_20260318_211448
2026/03/19 05:13:29 - mmengine - INFO - Epoch(val) [60][ 50/245]    eta: 0:00:39  time: 0.2045  data_time: 0.0153  memory: 46149  
2026/03/19 05:13:48 - mmengine - INFO - Epoch(val) [60][100/245]    eta: 0:00:42  time: 0.3761  data_time: 0.1861  memory: 1538  
2026/03/19 05:13:57 - mmengine - INFO - Epoch(val) [60][150/245]    eta: 0:00:24  time: 0.1980  data_time: 0.0100  memory: 1538  
2026/03/19 05:14:07 - mmengine - INFO - Epoch(val) [60][200/245]    eta: 0:00:10  time: 0.1983  data_time: 0.0105  memory: 1538  
2026/03/19 05:14:24 - mmengine - INFO - Evaluating bbox...
2026/03/19 05:14:50 - mmengine - INFO - bbox_mAP_copypaste: 0.530 0.779 0.557 0.112 0.374 0.601
2026/03/19 05:14:50 - mmengine - INFO - Epoch(val) [60][245/245]    coco/bbox_mAP: 0.5300  coco/bbox_mAP_50: 0.7790  coco/bbox_mAP_75: 0.5570  coco/bbox_mAP_s: 0.1120  coco/bbox_mAP_m: 0.3740  coco/bbox_mAP_l: 0.6010  data_time: 0.0470  time: 0.2354
2026/03/19 05:16:24 - mmengine - INFO - Epoch(train) [61][ 50/245]  base_lr: 2.5750e-05 lr: 2.5750e-05  eta: 2:23:21  time: 1.8621  data_time: 0.0167  memory: 42431  grad_norm: 34.0269  loss: 2.0229  loss_cls: 0.0022  loss_bbox: 0.0336  loss_iou: 0.0895  d0.loss_cls: 0.0168  d0.loss_bbox: 0.0380  d0.loss_iou: 0.0963  d1.loss_cls: 0.0054  d1.loss_bbox: 0.0348  d1.loss_iou: 0.0911  d2.loss_cls: 0.0032  d2.loss_bbox: 0.0342  d2.loss_iou: 0.0901  d3.loss_cls: 0.0027  d3.loss_bbox: 0.0337  d3.loss_iou: 0.0896  d4.loss_cls: 0.0022  d4.loss_bbox: 0.0336  d4.loss_iou: 0.0895  enc_loss_cls: 0.0191  enc_loss_bbox: 0.0472  enc_loss_iou: 0.1144  dn_loss_cls: 0.0042  dn_loss_bbox: 0.0427  dn_loss_iou: 0.0967  d0.dn_loss_cls: 0.0215  d0.dn_loss_bbox: 0.1032  d0.dn_loss_iou: 0.1796  d1.dn_loss_cls: 0.0076  d1.dn_loss_bbox: 0.0520  d1.dn_loss_iou: 0.1090  d2.dn_loss_cls: 0.0055  d2.dn_loss_bbox: 0.0450  d2.dn_loss_iou: 0.0999  d3.dn_loss_cls: 0.0045  d3.dn_loss_bbox: 0.0431  d3.dn_loss_iou: 0.0974  d4.dn_loss_cls: 0.0042  d4.dn_loss_bbox: 0.0427  d4.dn_loss_iou: 0.0968
2026/03/19 05:17:55 - mmengine - INFO - Epoch(train) [61][100/245]  base_lr: 2.5750e-05 lr: 2.5750e-05  eta: 2:21:53  time: 1.8358  data_time: 0.0052  memory: 42212  grad_norm: 31.3434  loss: 2.0077  loss_cls: 0.0021  loss_bbox: 0.0331  loss_iou: 0.0898  d0.loss_cls: 0.0165  d0.loss_bbox: 0.0370  d0.loss_iou: 0.0961  d1.loss_cls: 0.0048  d1.loss_bbox: 0.0341  d1.loss_iou: 0.0914  d2.loss_cls: 0.0033  d2.loss_bbox: 0.0334  d2.loss_iou: 0.0902  d3.loss_cls: 0.0025  d3.loss_bbox: 0.0333  d3.loss_iou: 0.0899  d4.loss_cls: 0.0022  d4.loss_bbox: 0.0331  d4.loss_iou: 0.0898  enc_loss_cls: 0.0192  enc_loss_bbox: 0.0459  enc_loss_iou: 0.1141  dn_loss_cls: 0.0042  dn_loss_bbox: 0.0405  dn_loss_iou: 0.0970  d0.dn_loss_cls: 0.0219  d0.dn_loss_bbox: 0.0997  d0.dn_loss_iou: 0.1798  d1.dn_loss_cls: 0.0081  d1.dn_loss_bbox: 0.0507  d1.dn_loss_iou: 0.1101  d2.dn_loss_cls: 0.0055  d2.dn_loss_bbox: 0.0429  d2.dn_loss_iou: 0.1004  d3.dn_loss_cls: 0.0046  d3.dn_loss_bbox: 0.0409  d3.dn_loss_iou: 0.0977  d4.dn_loss_cls: 0.0043  d4.dn_loss_bbox: 0.0405  d4.dn_loss_iou: 0.0970
2026/03/19 05:19:28 - mmengine - INFO - Epoch(train) [61][150/245]  base_lr: 2.5750e-05 lr: 2.5750e-05  eta: 2:20:25  time: 1.8451  data_time: 0.0050  memory: 46376  grad_norm: 36.3756  loss: 2.0781  loss_cls: 0.0025  loss_bbox: 0.0342  loss_iou: 0.0936  d0.loss_cls: 0.0181  d0.loss_bbox: 0.0384  d0.loss_iou: 0.1008  d1.loss_cls: 0.0065  d1.loss_bbox: 0.0353  d1.loss_iou: 0.0954  d2.loss_cls: 0.0041  d2.loss_bbox: 0.0347  d2.loss_iou: 0.0943  d3.loss_cls: 0.0029  d3.loss_bbox: 0.0344  d3.loss_iou: 0.0939  d4.loss_cls: 0.0026  d4.loss_bbox: 0.0342  d4.loss_iou: 0.0937  enc_loss_cls: 0.0203  enc_loss_bbox: 0.0479  enc_loss_iou: 0.1193  dn_loss_cls: 0.0041  dn_loss_bbox: 0.0424  dn_loss_iou: 0.1008  d0.dn_loss_cls: 0.0213  d0.dn_loss_bbox: 0.1004  d0.dn_loss_iou: 0.1827  d1.dn_loss_cls: 0.0077  d1.dn_loss_bbox: 0.0507  d1.dn_loss_iou: 0.1118  d2.dn_loss_cls: 0.0053  d2.dn_loss_bbox: 0.0443  d2.dn_loss_iou: 0.1035  d3.dn_loss_cls: 0.0046  d3.dn_loss_bbox: 0.0428  d3.dn_loss_iou: 0.1013  d4.dn_loss_cls: 0.0042  d4.dn_loss_bbox: 0.0424  d4.dn_loss_iou: 0.1008
2026/03/19 05:20:59 - mmengine - INFO - Epoch(train) [61][200/245]  base_lr: 2.5750e-05 lr: 2.5750e-05  eta: 2:18:58  time: 1.8365  data_time: 0.0055  memory: 42423  grad_norm: 30.9432  loss: 1.9919  loss_cls: 0.0027  loss_bbox: 0.0343  loss_iou: 0.0853  d0.loss_cls: 0.0172  d0.loss_bbox: 0.0384  d0.loss_iou: 0.0915  d1.loss_cls: 0.0060  d1.loss_bbox: 0.0353  d1.loss_iou: 0.0867  d2.loss_cls: 0.0037  d2.loss_bbox: 0.0347  d2.loss_iou: 0.0858  d3.loss_cls: 0.0032  d3.loss_bbox: 0.0345  d3.loss_iou: 0.0855  d4.loss_cls: 0.0028  d4.loss_bbox: 0.0343  d4.loss_iou: 0.0853  enc_loss_cls: 0.0215  enc_loss_bbox: 0.0482  enc_loss_iou: 0.1107  dn_loss_cls: 0.0044  dn_loss_bbox: 0.0437  dn_loss_iou: 0.0932  d0.dn_loss_cls: 0.0221  d0.dn_loss_bbox: 0.1061  d0.dn_loss_iou: 0.1771  d1.dn_loss_cls: 0.0078  d1.dn_loss_bbox: 0.0527  d1.dn_loss_iou: 0.1055  d2.dn_loss_cls: 0.0055  d2.dn_loss_bbox: 0.0457  d2.dn_loss_iou: 0.0962  d3.dn_loss_cls: 0.0048  d3.dn_loss_bbox: 0.0441  d3.dn_loss_iou: 0.0939  d4.dn_loss_cls: 0.0044  d4.dn_loss_bbox: 0.0437  d4.dn_loss_iou: 0.0932
2026/03/19 05:22:22 - mmengine - INFO - Exp name: dino_4scale_r50_ruod_120e_pretrained_20260318_211448
2026/03/19 05:23:56 - mmengine - INFO - Epoch(train) [62][ 50/245]  base_lr: 2.4447e-05 lr: 2.4447e-05  eta: 2:16:12  time: 1.8729  data_time: 0.0169  memory: 42431  grad_norm: 32.4392  loss: 1.9651  loss_cls: 0.0018  loss_bbox: 0.0327  loss_iou: 0.0859  d0.loss_cls: 0.0159  d0.loss_bbox: 0.0371  d0.loss_iou: 0.0932  d1.loss_cls: 0.0053  d1.loss_bbox: 0.0340  d1.loss_iou: 0.0877  d2.loss_cls: 0.0031  d2.loss_bbox: 0.0330  d2.loss_iou: 0.0866  d3.loss_cls: 0.0023  d3.loss_bbox: 0.0329  d3.loss_iou: 0.0861  d4.loss_cls: 0.0019  d4.loss_bbox: 0.0327  d4.loss_iou: 0.0859  enc_loss_cls: 0.0184  enc_loss_bbox: 0.0466  enc_loss_iou: 0.1113  dn_loss_cls: 0.0040  dn_loss_bbox: 0.0417  dn_loss_iou: 0.0943  d0.dn_loss_cls: 0.0214  d0.dn_loss_bbox: 0.1025  d0.dn_loss_iou: 0.1761  d1.dn_loss_cls: 0.0076  d1.dn_loss_bbox: 0.0507  d1.dn_loss_iou: 0.1054  d2.dn_loss_cls: 0.0053  d2.dn_loss_bbox: 0.0437  d2.dn_loss_iou: 0.0970  d3.dn_loss_cls: 0.0045  d3.dn_loss_bbox: 0.0420  d3.dn_loss_iou: 0.0947  d4.dn_loss_cls: 0.0041  d4.dn_loss_bbox: 0.0417  d4.dn_loss_iou: 0.0943
2026/03/19 05:24:05 - mmengine - INFO - Exp name: dino_4scale_r50_ruod_120e_pretrained_20260318_211448
2026/03/19 05:25:28 - mmengine - INFO - Epoch(train) [62][100/245]  base_lr: 2.4447e-05 lr: 2.4447e-05  eta: 2:14:44  time: 1.8301  data_time: 0.0058  memory: 42431  grad_norm: 34.5965  loss: 2.0570  loss_cls: 0.0031  loss_bbox: 0.0333  loss_iou: 0.0901  d0.loss_cls: 0.0180  d0.loss_bbox: 0.0375  d0.loss_iou: 0.0974  d1.loss_cls: 0.0067  d1.loss_bbox: 0.0344  d1.loss_iou: 0.0919  d2.loss_cls: 0.0048  d2.loss_bbox: 0.0336  d2.loss_iou: 0.0906  d3.loss_cls: 0.0037  d3.loss_bbox: 0.0334  d3.loss_iou: 0.0903  d4.loss_cls: 0.0032  d4.loss_bbox: 0.0333  d4.loss_iou: 0.0902  enc_loss_cls: 0.0207  enc_loss_bbox: 0.0469  enc_loss_iou: 0.1159  dn_loss_cls: 0.0051  dn_loss_bbox: 0.0439  dn_loss_iou: 0.0991  d0.dn_loss_cls: 0.0236  d0.dn_loss_bbox: 0.1019  d0.dn_loss_iou: 0.1802  d1.dn_loss_cls: 0.0089  d1.dn_loss_bbox: 0.0522  d1.dn_loss_iou: 0.1104  d2.dn_loss_cls: 0.0066  d2.dn_loss_bbox: 0.0459  d2.dn_loss_iou: 0.1021  d3.dn_loss_cls: 0.0056  d3.dn_loss_bbox: 0.0444  d3.dn_loss_iou: 0.0997  d4.dn_loss_cls: 0.0052  d4.dn_loss_bbox: 0.0440  d4.dn_loss_iou: 0.0991
2026/03/19 05:27:00 - mmengine - INFO - Epoch(train) [62][150/245]  base_lr: 2.4447e-05 lr: 2.4447e-05  eta: 2:13:16  time: 1.8508  data_time: 0.0053  memory: 42431  grad_norm: 32.2720  loss: 1.9555  loss_cls: 0.0025  loss_bbox: 0.0323  loss_iou: 0.0857  d0.loss_cls: 0.0176  d0.loss_bbox: 0.0362  d0.loss_iou: 0.0923  d1.loss_cls: 0.0063  d1.loss_bbox: 0.0333  d1.loss_iou: 0.0873  d2.loss_cls: 0.0039  d2.loss_bbox: 0.0326  d2.loss_iou: 0.0861  d3.loss_cls: 0.0031  d3.loss_bbox: 0.0324  d3.loss_iou: 0.0857  d4.loss_cls: 0.0026  d4.loss_bbox: 0.0323  d4.loss_iou: 0.0857  enc_loss_cls: 0.0199  enc_loss_bbox: 0.0450  enc_loss_iou: 0.1105  dn_loss_cls: 0.0036  dn_loss_bbox: 0.0423  dn_loss_iou: 0.0941  d0.dn_loss_cls: 0.0210  d0.dn_loss_bbox: 0.0998  d0.dn_loss_iou: 0.1714  d1.dn_loss_cls: 0.0074  d1.dn_loss_bbox: 0.0512  d1.dn_loss_iou: 0.1047  d2.dn_loss_cls: 0.0049  d2.dn_loss_bbox: 0.0441  d2.dn_loss_iou: 0.0965  d3.dn_loss_cls: 0.0042  d3.dn_loss_bbox: 0.0425  d3.dn_loss_iou: 0.0945  d4.dn_loss_cls: 0.0037  d4.dn_loss_bbox: 0.0423  d4.dn_loss_iou: 0.0941
2026/03/19 05:28:34 - mmengine - INFO - Epoch(train) [62][200/245]  base_lr: 2.4447e-05 lr: 2.4447e-05  eta: 2:11:49  time: 1.8668  data_time: 0.0053  memory: 42431  grad_norm: 34.1593  loss: 2.0241  loss_cls: 0.0024  loss_bbox: 0.0341  loss_iou: 0.0894  d0.loss_cls: 0.0172  d0.loss_bbox: 0.0383  d0.loss_iou: 0.0968  d1.loss_cls: 0.0061  d1.loss_bbox: 0.0351  d1.loss_iou: 0.0911  d2.loss_cls: 0.0037  d2.loss_bbox: 0.0345  d2.loss_iou: 0.0899  d3.loss_cls: 0.0028  d3.loss_bbox: 0.0342  d3.loss_iou: 0.0896  d4.loss_cls: 0.0026  d4.loss_bbox: 0.0341  d4.loss_iou: 0.0895  enc_loss_cls: 0.0204  enc_loss_bbox: 0.0476  enc_loss_iou: 0.1156  dn_loss_cls: 0.0044  dn_loss_bbox: 0.0414  dn_loss_iou: 0.0972  d0.dn_loss_cls: 0.0220  d0.dn_loss_bbox: 0.0998  d0.dn_loss_iou: 0.1804  d1.dn_loss_cls: 0.0079  d1.dn_loss_bbox: 0.0504  d1.dn_loss_iou: 0.1086  d2.dn_loss_cls: 0.0057  d2.dn_loss_bbox: 0.0436  d2.dn_loss_iou: 0.1001  d3.dn_loss_cls: 0.0048  d3.dn_loss_bbox: 0.0417  d3.dn_loss_iou: 0.0978  d4.dn_loss_cls: 0.0045  d4.dn_loss_bbox: 0.0414  d4.dn_loss_iou: 0.0972
2026/03/19 05:29:55 - mmengine - INFO - Exp name: dino_4scale_r50_ruod_120e_pretrained_20260318_211448
2026/03/19 05:30:05 - mmengine - INFO - Epoch(val) [62][ 50/245]    eta: 0:00:38  time: 0.1992  data_time: 0.0133  memory: 42423  
2026/03/19 05:30:16 - mmengine - INFO - Epoch(val) [62][100/245]    eta: 0:00:29  time: 0.2099  data_time: 0.0206  memory: 1538  
2026/03/19 05:30:26 - mmengine - INFO - Epoch(val) [62][150/245]    eta: 0:00:19  time: 0.1997  data_time: 0.0096  memory: 1538  
2026/03/19 05:30:36 - mmengine - INFO - Epoch(val) [62][200/245]    eta: 0:00:09  time: 0.1984  data_time: 0.0097  memory: 1538  
2026/03/19 05:30:52 - mmengine - INFO - Evaluating bbox...
2026/03/19 05:31:26 - mmengine - INFO - bbox_mAP_copypaste: 0.527 0.777 0.557 0.113 0.372 0.600
2026/03/19 05:31:26 - mmengine - INFO - Epoch(val) [62][245/245]    coco/bbox_mAP: 0.5270  coco/bbox_mAP_50: 0.7770  coco/bbox_mAP_75: 0.5570  coco/bbox_mAP_s: 0.1130  coco/bbox_mAP_m: 0.3720  coco/bbox_mAP_l: 0.6000  data_time: 0.0126  time: 0.2010
2026/03/19 05:32:58 - mmengine - INFO - Epoch(train) [63][ 50/245]  base_lr: 2.3145e-05 lr: 2.3145e-05  eta: 2:09:01  time: 1.8321  data_time: 0.0182  memory: 44525  grad_norm: 33.0024  loss: 1.9625  loss_cls: 0.0027  loss_bbox: 0.0323  loss_iou: 0.0872  d0.loss_cls: 0.0168  d0.loss_bbox: 0.0364  d0.loss_iou: 0.0939  d1.loss_cls: 0.0059  d1.loss_bbox: 0.0332  d1.loss_iou: 0.0890  d2.loss_cls: 0.0037  d2.loss_bbox: 0.0326  d2.loss_iou: 0.0876  d3.loss_cls: 0.0031  d3.loss_bbox: 0.0324  d3.loss_iou: 0.0873  d4.loss_cls: 0.0028  d4.loss_bbox: 0.0323  d4.loss_iou: 0.0872  enc_loss_cls: 0.0200  enc_loss_bbox: 0.0455  enc_loss_iou: 0.1131  dn_loss_cls: 0.0044  dn_loss_bbox: 0.0402  dn_loss_iou: 0.0940  d0.dn_loss_cls: 0.0218  d0.dn_loss_bbox: 0.0967  d0.dn_loss_iou: 0.1747  d1.dn_loss_cls: 0.0079  d1.dn_loss_bbox: 0.0486  d1.dn_loss_iou: 0.1053  d2.dn_loss_cls: 0.0057  d2.dn_loss_bbox: 0.0424  d2.dn_loss_iou: 0.0971  d3.dn_loss_cls: 0.0049  d3.dn_loss_bbox: 0.0406  d3.dn_loss_iou: 0.0946  d4.dn_loss_cls: 0.0045  d4.dn_loss_bbox: 0.0402  d4.dn_loss_iou: 0.0940
2026/03/19 05:34:29 - mmengine - INFO - Epoch(train) [63][100/245]  base_lr: 2.3145e-05 lr: 2.3145e-05  eta: 2:07:33  time: 1.8355  data_time: 0.0049  memory: 42364  grad_norm: 32.7677  loss: 1.9490  loss_cls: 0.0026  loss_bbox: 0.0329  loss_iou: 0.0837  d0.loss_cls: 0.0172  d0.loss_bbox: 0.0371  d0.loss_iou: 0.0906  d1.loss_cls: 0.0064  d1.loss_bbox: 0.0340  d1.loss_iou: 0.0852  d2.loss_cls: 0.0041  d2.loss_bbox: 0.0333  d2.loss_iou: 0.0842  d3.loss_cls: 0.0031  d3.loss_bbox: 0.0331  d3.loss_iou: 0.0839  d4.loss_cls: 0.0027  d4.loss_bbox: 0.0329  d4.loss_iou: 0.0836  enc_loss_cls: 0.0194  enc_loss_bbox: 0.0464  enc_loss_iou: 0.1090  dn_loss_cls: 0.0043  dn_loss_bbox: 0.0429  dn_loss_iou: 0.0929  d0.dn_loss_cls: 0.0208  d0.dn_loss_bbox: 0.1009  d0.dn_loss_iou: 0.1738  d1.dn_loss_cls: 0.0075  d1.dn_loss_bbox: 0.0506  d1.dn_loss_iou: 0.1035  d2.dn_loss_cls: 0.0053  d2.dn_loss_bbox: 0.0446  d2.dn_loss_iou: 0.0952  d3.dn_loss_cls: 0.0046  d3.dn_loss_bbox: 0.0432  d3.dn_loss_iou: 0.0934  d4.dn_loss_cls: 0.0043  d4.dn_loss_bbox: 0.0429  d4.dn_loss_iou: 0.0929
2026/03/19 05:36:00 - mmengine - INFO - Epoch(train) [63][150/245]  base_lr: 2.3145e-05 lr: 2.3145e-05  eta: 2:06:05  time: 1.8135  data_time: 0.0048  memory: 42431  grad_norm: 35.4777  loss: 1.9905  loss_cls: 0.0016  loss_bbox: 0.0333  loss_iou: 0.0893  d0.loss_cls: 0.0157  d0.loss_bbox: 0.0375  d0.loss_iou: 0.0961  d1.loss_cls: 0.0046  d1.loss_bbox: 0.0344  d1.loss_iou: 0.0908  d2.loss_cls: 0.0026  d2.loss_bbox: 0.0337  d2.loss_iou: 0.0898  d3.loss_cls: 0.0021  d3.loss_bbox: 0.0335  d3.loss_iou: 0.0895  d4.loss_cls: 0.0017  d4.loss_bbox: 0.0333  d4.loss_iou: 0.0893  enc_loss_cls: 0.0196  enc_loss_bbox: 0.0463  enc_loss_iou: 0.1150  dn_loss_cls: 0.0042  dn_loss_bbox: 0.0406  dn_loss_iou: 0.0960  d0.dn_loss_cls: 0.0210  d0.dn_loss_bbox: 0.0983  d0.dn_loss_iou: 0.1770  d1.dn_loss_cls: 0.0076  d1.dn_loss_bbox: 0.0487  d1.dn_loss_iou: 0.1072  d2.dn_loss_cls: 0.0053  d2.dn_loss_bbox: 0.0427  d2.dn_loss_iou: 0.0989  d3.dn_loss_cls: 0.0046  d3.dn_loss_bbox: 0.0411  d3.dn_loss_iou: 0.0967  d4.dn_loss_cls: 0.0042  d4.dn_loss_bbox: 0.0406  d4.dn_loss_iou: 0.0960
2026/03/19 05:37:32 - mmengine - INFO - Epoch(train) [63][200/245]  base_lr: 2.3145e-05 lr: 2.3145e-05  eta: 2:04:37  time: 1.8287  data_time: 0.0048  memory: 42212  grad_norm: 32.2055  loss: 1.9379  loss_cls: 0.0019  loss_bbox: 0.0323  loss_iou: 0.0831  d0.loss_cls: 0.0160  d0.loss_bbox: 0.0369  d0.loss_iou: 0.0899  d1.loss_cls: 0.0047  d1.loss_bbox: 0.0333  d1.loss_iou: 0.0845  d2.loss_cls: 0.0028  d2.loss_bbox: 0.0327  d2.loss_iou: 0.0837  d3.loss_cls: 0.0023  d3.loss_bbox: 0.0324  d3.loss_iou: 0.0833  d4.loss_cls: 0.0020  d4.loss_bbox: 0.0323  d4.loss_iou: 0.0832  enc_loss_cls: 0.0176  enc_loss_bbox: 0.0463  enc_loss_iou: 0.1080  dn_loss_cls: 0.0037  dn_loss_bbox: 0.0432  dn_loss_iou: 0.0917  d0.dn_loss_cls: 0.0221  d0.dn_loss_bbox: 0.1064  d0.dn_loss_iou: 0.1754  d1.dn_loss_cls: 0.0074  d1.dn_loss_bbox: 0.0525  d1.dn_loss_iou: 0.1035  d2.dn_loss_cls: 0.0049  d2.dn_loss_bbox: 0.0453  d2.dn_loss_iou: 0.0945  d3.dn_loss_cls: 0.0040  d3.dn_loss_bbox: 0.0436  d3.dn_loss_iou: 0.0922  d4.dn_loss_cls: 0.0037  d4.dn_loss_bbox: 0.0432  d4.dn_loss_iou: 0.0916
2026/03/19 05:38:53 - mmengine - INFO - Exp name: dino_4scale_r50_ruod_120e_pretrained_20260318_211448
2026/03/19 05:40:25 - mmengine - INFO - Epoch(train) [64][ 50/245]  base_lr: 2.1842e-05 lr: 2.1842e-05  eta: 2:01:50  time: 1.8386  data_time: 0.0127  memory: 42431  grad_norm: 32.9857  loss: 1.9354  loss_cls: 0.0023  loss_bbox: 0.0314  loss_iou: 0.0862  d0.loss_cls: 0.0165  d0.loss_bbox: 0.0356  d0.loss_iou: 0.0931  d1.loss_cls: 0.0058  d1.loss_bbox: 0.0324  d1.loss_iou: 0.0876  d2.loss_cls: 0.0037  d2.loss_bbox: 0.0316  d2.loss_iou: 0.0865  d3.loss_cls: 0.0028  d3.loss_bbox: 0.0314  d3.loss_iou: 0.0862  d4.loss_cls: 0.0025  d4.loss_bbox: 0.0314  d4.loss_iou: 0.0862  enc_loss_cls: 0.0191  enc_loss_bbox: 0.0445  enc_loss_iou: 0.1113  dn_loss_cls: 0.0035  dn_loss_bbox: 0.0393  dn_loss_iou: 0.0932  d0.dn_loss_cls: 0.0209  d0.dn_loss_bbox: 0.0973  d0.dn_loss_iou: 0.1758  d1.dn_loss_cls: 0.0070  d1.dn_loss_bbox: 0.0486  d1.dn_loss_iou: 0.1054  d2.dn_loss_cls: 0.0047  d2.dn_loss_bbox: 0.0417  d2.dn_loss_iou: 0.0964  d3.dn_loss_cls: 0.0039  d3.dn_loss_bbox: 0.0397  d3.dn_loss_iou: 0.0938  d4.dn_loss_cls: 0.0036  d4.dn_loss_bbox: 0.0393  d4.dn_loss_iou: 0.0932
2026/03/19 05:41:57 - mmengine - INFO - Epoch(train) [64][100/245]  base_lr: 2.1842e-05 lr: 2.1842e-05  eta: 2:00:22  time: 1.8297  data_time: 0.0046  memory: 42431  grad_norm: 33.8460  loss: 1.9427  loss_cls: 0.0023  loss_bbox: 0.0326  loss_iou: 0.0830  d0.loss_cls: 0.0161  d0.loss_bbox: 0.0371  d0.loss_iou: 0.0905  d1.loss_cls: 0.0061  d1.loss_bbox: 0.0339  d1.loss_iou: 0.0846  d2.loss_cls: 0.0037  d2.loss_bbox: 0.0331  d2.loss_iou: 0.0837  d3.loss_cls: 0.0029  d3.loss_bbox: 0.0327  d3.loss_iou: 0.0830  d4.loss_cls: 0.0024  d4.loss_bbox: 0.0326  d4.loss_iou: 0.0830  enc_loss_cls: 0.0180  enc_loss_bbox: 0.0466  enc_loss_iou: 0.1089  dn_loss_cls: 0.0050  dn_loss_bbox: 0.0423  dn_loss_iou: 0.0917  d0.dn_loss_cls: 0.0225  d0.dn_loss_bbox: 0.1011  d0.dn_loss_iou: 0.1736  d1.dn_loss_cls: 0.0086  d1.dn_loss_bbox: 0.0514  d1.dn_loss_iou: 0.1036  d2.dn_loss_cls: 0.0062  d2.dn_loss_bbox: 0.0447  d2.dn_loss_iou: 0.0950  d3.dn_loss_cls: 0.0054  d3.dn_loss_bbox: 0.0427  d3.dn_loss_iou: 0.0925  d4.dn_loss_cls: 0.0051  d4.dn_loss_bbox: 0.0423  d4.dn_loss_iou: 0.0918
2026/03/19 05:43:30 - mmengine - INFO - Epoch(train) [64][150/245]  base_lr: 2.1842e-05 lr: 2.1842e-05  eta: 1:58:54  time: 1.8538  data_time: 0.0048  memory: 42312  grad_norm: 37.9009  loss: 1.9095  loss_cls: 0.0018  loss_bbox: 0.0320  loss_iou: 0.0835  d0.loss_cls: 0.0148  d0.loss_bbox: 0.0361  d0.loss_iou: 0.0897  d1.loss_cls: 0.0042  d1.loss_bbox: 0.0331  d1.loss_iou: 0.0850  d2.loss_cls: 0.0026  d2.loss_bbox: 0.0324  d2.loss_iou: 0.0840  d3.loss_cls: 0.0020  d3.loss_bbox: 0.0322  d3.loss_iou: 0.0837  d4.loss_cls: 0.0019  d4.loss_bbox: 0.0320  d4.loss_iou: 0.0835  enc_loss_cls: 0.0178  enc_loss_bbox: 0.0457  enc_loss_iou: 0.1089  dn_loss_cls: 0.0038  dn_loss_bbox: 0.0398  dn_loss_iou: 0.0909  d0.dn_loss_cls: 0.0215  d0.dn_loss_bbox: 0.1025  d0.dn_loss_iou: 0.1733  d1.dn_loss_cls: 0.0073  d1.dn_loss_bbox: 0.0498  d1.dn_loss_iou: 0.1025  d2.dn_loss_cls: 0.0050  d2.dn_loss_bbox: 0.0422  d2.dn_loss_iou: 0.0938  d3.dn_loss_cls: 0.0042  d3.dn_loss_bbox: 0.0402  d3.dn_loss_iou: 0.0913  d4.dn_loss_cls: 0.0038  d4.dn_loss_bbox: 0.0399  d4.dn_loss_iou: 0.0909
2026/03/19 05:45:02 - mmengine - INFO - Epoch(train) [64][200/245]  base_lr: 2.1842e-05 lr: 2.1842e-05  eta: 1:57:26  time: 1.8500  data_time: 0.0051  memory: 46376  grad_norm: 34.4520  loss: 1.8921  loss_cls: 0.0029  loss_bbox: 0.0313  loss_iou: 0.0833  d0.loss_cls: 0.0168  d0.loss_bbox: 0.0350  d0.loss_iou: 0.0899  d1.loss_cls: 0.0057  d1.loss_bbox: 0.0321  d1.loss_iou: 0.0845  d2.loss_cls: 0.0037  d2.loss_bbox: 0.0316  d2.loss_iou: 0.0836  d3.loss_cls: 0.0032  d3.loss_bbox: 0.0314  d3.loss_iou: 0.0835  d4.loss_cls: 0.0029  d4.loss_bbox: 0.0313  d4.loss_iou: 0.0833  enc_loss_cls: 0.0178  enc_loss_bbox: 0.0439  enc_loss_iou: 0.1074  dn_loss_cls: 0.0042  dn_loss_bbox: 0.0387  dn_loss_iou: 0.0904  d0.dn_loss_cls: 0.0223  d0.dn_loss_bbox: 0.0954  d0.dn_loss_iou: 0.1720  d1.dn_loss_cls: 0.0081  d1.dn_loss_bbox: 0.0466  d1.dn_loss_iou: 0.1015  d2.dn_loss_cls: 0.0056  d2.dn_loss_bbox: 0.0404  d2.dn_loss_iou: 0.0934  d3.dn_loss_cls: 0.0046  d3.dn_loss_bbox: 0.0391  d3.dn_loss_iou: 0.0910  d4.dn_loss_cls: 0.0042  d4.dn_loss_bbox: 0.0388  d4.dn_loss_iou: 0.0904
2026/03/19 05:46:25 - mmengine - INFO - Exp name: dino_4scale_r50_ruod_120e_pretrained_20260318_211448
2026/03/19 05:46:35 - mmengine - INFO - Epoch(val) [64][ 50/245]    eta: 0:00:42  time: 0.2167  data_time: 0.0282  memory: 42372  
2026/03/19 05:46:47 - mmengine - INFO - Epoch(val) [64][100/245]    eta: 0:00:32  time: 0.2282  data_time: 0.0407  memory: 1538  
2026/03/19 05:46:57 - mmengine - INFO - Epoch(val) [64][150/245]    eta: 0:00:20  time: 0.1997  data_time: 0.0103  memory: 1538  
2026/03/19 05:47:07 - mmengine - INFO - Epoch(val) [64][200/245]    eta: 0:00:09  time: 0.1983  data_time: 0.0108  memory: 1538  
2026/03/19 05:47:23 - mmengine - INFO - Evaluating bbox...
2026/03/19 05:47:48 - mmengine - INFO - bbox_mAP_copypaste: 0.527 0.777 0.557 0.110 0.371 0.599
2026/03/19 05:47:49 - mmengine - INFO - Epoch(val) [64][245/245]    coco/bbox_mAP: 0.5270  coco/bbox_mAP_50: 0.7770  coco/bbox_mAP_75: 0.5570  coco/bbox_mAP_s: 0.1100  coco/bbox_mAP_m: 0.3710  coco/bbox_mAP_l: 0.5990  data_time: 0.0202  time: 0.2085
2026/03/19 05:49:21 - mmengine - INFO - Epoch(train) [65][ 50/245]  base_lr: 2.0539e-05 lr: 2.0539e-05  eta: 1:54:39  time: 1.8519  data_time: 0.0209  memory: 42431  grad_norm: 32.2596  loss: 1.9221  loss_cls: 0.0027  loss_bbox: 0.0315  loss_iou: 0.0815  d0.loss_cls: 0.0176  d0.loss_bbox: 0.0359  d0.loss_iou: 0.0887  d1.loss_cls: 0.0059  d1.loss_bbox: 0.0326  d1.loss_iou: 0.0831  d2.loss_cls: 0.0037  d2.loss_bbox: 0.0319  d2.loss_iou: 0.0820  d3.loss_cls: 0.0029  d3.loss_bbox: 0.0317  d3.loss_iou: 0.0817  d4.loss_cls: 0.0028  d4.loss_bbox: 0.0315  d4.loss_iou: 0.0815  enc_loss_cls: 0.0186  enc_loss_bbox: 0.0449  enc_loss_iou: 0.1065  dn_loss_cls: 0.0045  dn_loss_bbox: 0.0421  dn_loss_iou: 0.0911  d0.dn_loss_cls: 0.0226  d0.dn_loss_bbox: 0.1030  d0.dn_loss_iou: 0.1755  d1.dn_loss_cls: 0.0083  d1.dn_loss_bbox: 0.0511  d1.dn_loss_iou: 0.1032  d2.dn_loss_cls: 0.0058  d2.dn_loss_bbox: 0.0444  d2.dn_loss_iou: 0.0942  d3.dn_loss_cls: 0.0049  d3.dn_loss_bbox: 0.0427  d3.dn_loss_iou: 0.0918  d4.dn_loss_cls: 0.0046  d4.dn_loss_bbox: 0.0422  d4.dn_loss_iou: 0.0911
2026/03/19 05:50:53 - mmengine - INFO - Epoch(train) [65][100/245]  base_lr: 2.0539e-05 lr: 2.0539e-05  eta: 1:53:10  time: 1.8275  data_time: 0.0047  memory: 44519  grad_norm: 30.7928  loss: 1.9289  loss_cls: 0.0023  loss_bbox: 0.0318  loss_iou: 0.0842  d0.loss_cls: 0.0163  d0.loss_bbox: 0.0360  d0.loss_iou: 0.0910  d1.loss_cls: 0.0056  d1.loss_bbox: 0.0328  d1.loss_iou: 0.0859  d2.loss_cls: 0.0035  d2.loss_bbox: 0.0321  d2.loss_iou: 0.0849  d3.loss_cls: 0.0027  d3.loss_bbox: 0.0318  d3.loss_iou: 0.0843  d4.loss_cls: 0.0023  d4.loss_bbox: 0.0318  d4.loss_iou: 0.0843  enc_loss_cls: 0.0187  enc_loss_bbox: 0.0449  enc_loss_iou: 0.1090  dn_loss_cls: 0.0040  dn_loss_bbox: 0.0416  dn_loss_iou: 0.0927  d0.dn_loss_cls: 0.0210  d0.dn_loss_bbox: 0.0984  d0.dn_loss_iou: 0.1731  d1.dn_loss_cls: 0.0073  d1.dn_loss_bbox: 0.0495  d1.dn_loss_iou: 0.1035  d2.dn_loss_cls: 0.0051  d2.dn_loss_bbox: 0.0435  d2.dn_loss_iou: 0.0952  d3.dn_loss_cls: 0.0043  d3.dn_loss_bbox: 0.0419  d3.dn_loss_iou: 0.0932  d4.dn_loss_cls: 0.0041  d4.dn_loss_bbox: 0.0416  d4.dn_loss_iou: 0.0928
2026/03/19 05:52:24 - mmengine - INFO - Epoch(train) [65][150/245]  base_lr: 2.0539e-05 lr: 2.0539e-05  eta: 1:51:42  time: 1.8221  data_time: 0.0050  memory: 42364  grad_norm: 32.4418  loss: 1.8341  loss_cls: 0.0014  loss_bbox: 0.0302  loss_iou: 0.0809  d0.loss_cls: 0.0139  d0.loss_bbox: 0.0343  d0.loss_iou: 0.0876  d1.loss_cls: 0.0043  d1.loss_bbox: 0.0312  d1.loss_iou: 0.0824  d2.loss_cls: 0.0023  d2.loss_bbox: 0.0307  d2.loss_iou: 0.0815  d3.loss_cls: 0.0017  d3.loss_bbox: 0.0304  d3.loss_iou: 0.0811  d4.loss_cls: 0.0015  d4.loss_bbox: 0.0302  d4.loss_iou: 0.0809  enc_loss_cls: 0.0168  enc_loss_bbox: 0.0434  enc_loss_iou: 0.1059  dn_loss_cls: 0.0041  dn_loss_bbox: 0.0377  dn_loss_iou: 0.0883  d0.dn_loss_cls: 0.0211  d0.dn_loss_bbox: 0.0926  d0.dn_loss_iou: 0.1686  d1.dn_loss_cls: 0.0072  d1.dn_loss_bbox: 0.0455  d1.dn_loss_iou: 0.0992  d2.dn_loss_cls: 0.0051  d2.dn_loss_bbox: 0.0394  d2.dn_loss_iou: 0.0909  d3.dn_loss_cls: 0.0044  d3.dn_loss_bbox: 0.0381  d3.dn_loss_iou: 0.0890  d4.dn_loss_cls: 0.0041  d4.dn_loss_bbox: 0.0377  d4.dn_loss_iou: 0.0883
2026/03/19 05:53:54 - mmengine - INFO - Epoch(train) [65][200/245]  base_lr: 2.0539e-05 lr: 2.0539e-05  eta: 1:50:13  time: 1.8011  data_time: 0.0051  memory: 42320  grad_norm: 31.2306  loss: 1.8872  loss_cls: 0.0020  loss_bbox: 0.0318  loss_iou: 0.0821  d0.loss_cls: 0.0151  d0.loss_bbox: 0.0357  d0.loss_iou: 0.0887  d1.loss_cls: 0.0049  d1.loss_bbox: 0.0327  d1.loss_iou: 0.0833  d2.loss_cls: 0.0032  d2.loss_bbox: 0.0321  d2.loss_iou: 0.0825  d3.loss_cls: 0.0024  d3.loss_bbox: 0.0319  d3.loss_iou: 0.0821  d4.loss_cls: 0.0021  d4.loss_bbox: 0.0319  d4.loss_iou: 0.0821  enc_loss_cls: 0.0176  enc_loss_bbox: 0.0449  enc_loss_iou: 0.1067  dn_loss_cls: 0.0035  dn_loss_bbox: 0.0416  dn_loss_iou: 0.0899  d0.dn_loss_cls: 0.0208  d0.dn_loss_bbox: 0.0987  d0.dn_loss_iou: 0.1682  d1.dn_loss_cls: 0.0068  d1.dn_loss_bbox: 0.0500  d1.dn_loss_iou: 0.1000  d2.dn_loss_cls: 0.0046  d2.dn_loss_bbox: 0.0436  d2.dn_loss_iou: 0.0923  d3.dn_loss_cls: 0.0039  d3.dn_loss_bbox: 0.0420  d3.dn_loss_iou: 0.0904  d4.dn_loss_cls: 0.0036  d4.dn_loss_bbox: 0.0416  d4.dn_loss_iou: 0.0899
2026/03/19 05:55:17 - mmengine - INFO - Exp name: dino_4scale_r50_ruod_120e_pretrained_20260318_211448
2026/03/19 05:56:50 - mmengine - INFO - Epoch(train) [66][ 50/245]  base_lr: 1.9237e-05 lr: 1.9237e-05  eta: 1:47:26  time: 1.8771  data_time: 0.0223  memory: 42431  grad_norm: 32.9983  loss: 1.8870  loss_cls: 0.0025  loss_bbox: 0.0309  loss_iou: 0.0817  d0.loss_cls: 0.0155  d0.loss_bbox: 0.0352  d0.loss_iou: 0.0889  d1.loss_cls: 0.0057  d1.loss_bbox: 0.0320  d1.loss_iou: 0.0834  d2.loss_cls: 0.0037  d2.loss_bbox: 0.0313  d2.loss_iou: 0.0823  d3.loss_cls: 0.0030  d3.loss_bbox: 0.0311  d3.loss_iou: 0.0818  d4.loss_cls: 0.0025  d4.loss_bbox: 0.0310  d4.loss_iou: 0.0817  enc_loss_cls: 0.0191  enc_loss_bbox: 0.0442  enc_loss_iou: 0.1075  dn_loss_cls: 0.0040  dn_loss_bbox: 0.0408  dn_loss_iou: 0.0893  d0.dn_loss_cls: 0.0203  d0.dn_loss_bbox: 0.0988  d0.dn_loss_iou: 0.1708  d1.dn_loss_cls: 0.0073  d1.dn_loss_bbox: 0.0498  d1.dn_loss_iou: 0.1009  d2.dn_loss_cls: 0.0052  d2.dn_loss_bbox: 0.0429  d2.dn_loss_iou: 0.0922  d3.dn_loss_cls: 0.0044  d3.dn_loss_bbox: 0.0412  d3.dn_loss_iou: 0.0898  d4.dn_loss_cls: 0.0040  d4.dn_loss_bbox: 0.0409  d4.dn_loss_iou: 0.0894
2026/03/19 05:57:37 - mmengine - INFO - Exp name: dino_4scale_r50_ruod_120e_pretrained_20260318_211448
2026/03/19 05:58:24 - mmengine - INFO - Epoch(train) [66][100/245]  base_lr: 1.9237e-05 lr: 1.9237e-05  eta: 1:45:58  time: 1.8640  data_time: 0.0059  memory: 44519  grad_norm: 33.8315  loss: 1.9176  loss_cls: 0.0030  loss_bbox: 0.0306  loss_iou: 0.0825  d0.loss_cls: 0.0174  d0.loss_bbox: 0.0349  d0.loss_iou: 0.0895  d1.loss_cls: 0.0059  d1.loss_bbox: 0.0315  d1.loss_iou: 0.0838  d2.loss_cls: 0.0039  d2.loss_bbox: 0.0308  d2.loss_iou: 0.0828  d3.loss_cls: 0.0032  d3.loss_bbox: 0.0307  d3.loss_iou: 0.0825  d4.loss_cls: 0.0030  d4.loss_bbox: 0.0306  d4.loss_iou: 0.0825  enc_loss_cls: 0.0191  enc_loss_bbox: 0.0440  enc_loss_iou: 0.1084  dn_loss_cls: 0.0043  dn_loss_bbox: 0.0410  dn_loss_iou: 0.0915  d0.dn_loss_cls: 0.0222  d0.dn_loss_bbox: 0.1021  d0.dn_loss_iou: 0.1755  d1.dn_loss_cls: 0.0083  d1.dn_loss_bbox: 0.0500  d1.dn_loss_iou: 0.1032  d2.dn_loss_cls: 0.0058  d2.dn_loss_bbox: 0.0432  d2.dn_loss_iou: 0.0946  d3.dn_loss_cls: 0.0048  d3.dn_loss_bbox: 0.0414  d3.dn_loss_iou: 0.0922  d4.dn_loss_cls: 0.0044  d4.dn_loss_bbox: 0.0410  d4.dn_loss_iou: 0.0915
2026/03/19 05:59:56 - mmengine - INFO - Epoch(train) [66][150/245]  base_lr: 1.9237e-05 lr: 1.9237e-05  eta: 1:44:30  time: 1.8463  data_time: 0.0067  memory: 42320  grad_norm: 31.3691  loss: 1.8480  loss_cls: 0.0019  loss_bbox: 0.0306  loss_iou: 0.0793  d0.loss_cls: 0.0146  d0.loss_bbox: 0.0347  d0.loss_iou: 0.0862  d1.loss_cls: 0.0045  d1.loss_bbox: 0.0315  d1.loss_iou: 0.0809  d2.loss_cls: 0.0026  d2.loss_bbox: 0.0309  d2.loss_iou: 0.0799  d3.loss_cls: 0.0022  d3.loss_bbox: 0.0307  d3.loss_iou: 0.0796  d4.loss_cls: 0.0019  d4.loss_bbox: 0.0306  d4.loss_iou: 0.0793  enc_loss_cls: 0.0171  enc_loss_bbox: 0.0438  enc_loss_iou: 0.1047  dn_loss_cls: 0.0041  dn_loss_bbox: 0.0397  dn_loss_iou: 0.0885  d0.dn_loss_cls: 0.0209  d0.dn_loss_bbox: 0.0975  d0.dn_loss_iou: 0.1699  d1.dn_loss_cls: 0.0075  d1.dn_loss_bbox: 0.0484  d1.dn_loss_iou: 0.0995  d2.dn_loss_cls: 0.0051  d2.dn_loss_bbox: 0.0420  d2.dn_loss_iou: 0.0913  d3.dn_loss_cls: 0.0045  d3.dn_loss_bbox: 0.0402  d3.dn_loss_iou: 0.0891  d4.dn_loss_cls: 0.0042  d4.dn_loss_bbox: 0.0397  d4.dn_loss_iou: 0.0885
2026/03/19 06:01:28 - mmengine - INFO - Epoch(train) [66][200/245]  base_lr: 1.9237e-05 lr: 1.9237e-05  eta: 1:43:02  time: 1.8446  data_time: 0.0064  memory: 42431  grad_norm: 32.0078  loss: 1.9063  loss_cls: 0.0019  loss_bbox: 0.0319  loss_iou: 0.0833  d0.loss_cls: 0.0164  d0.loss_bbox: 0.0361  d0.loss_iou: 0.0907  d1.loss_cls: 0.0051  d1.loss_bbox: 0.0329  d1.loss_iou: 0.0848  d2.loss_cls: 0.0030  d2.loss_bbox: 0.0322  d2.loss_iou: 0.0838  d3.loss_cls: 0.0023  d3.loss_bbox: 0.0320  d3.loss_iou: 0.0834  d4.loss_cls: 0.0020  d4.loss_bbox: 0.0319  d4.loss_iou: 0.0832  enc_loss_cls: 0.0182  enc_loss_bbox: 0.0450  enc_loss_iou: 0.1083  dn_loss_cls: 0.0042  dn_loss_bbox: 0.0388  dn_loss_iou: 0.0908  d0.dn_loss_cls: 0.0227  d0.dn_loss_bbox: 0.0981  d0.dn_loss_iou: 0.1748  d1.dn_loss_cls: 0.0082  d1.dn_loss_bbox: 0.0475  d1.dn_loss_iou: 0.1028  d2.dn_loss_cls: 0.0057  d2.dn_loss_bbox: 0.0409  d2.dn_loss_iou: 0.0940  d3.dn_loss_cls: 0.0047  d3.dn_loss_bbox: 0.0392  d3.dn_loss_iou: 0.0914  d4.dn_loss_cls: 0.0043  d4.dn_loss_bbox: 0.0388  d4.dn_loss_iou: 0.0909
2026/03/19 06:02:50 - mmengine - INFO - Exp name: dino_4scale_r50_ruod_120e_pretrained_20260318_211448
2026/03/19 06:03:00 - mmengine - INFO - Epoch(val) [66][ 50/245]    eta: 0:00:38  time: 0.1999  data_time: 0.0139  memory: 42372  
2026/03/19 06:03:10 - mmengine - INFO - Epoch(val) [66][100/245]    eta: 0:00:28  time: 0.1980  data_time: 0.0111  memory: 1538  
2026/03/19 06:03:20 - mmengine - INFO - Epoch(val) [66][150/245]    eta: 0:00:18  time: 0.1978  data_time: 0.0109  memory: 1538  
2026/03/19 06:03:30 - mmengine - INFO - Epoch(val) [66][200/245]    eta: 0:00:08  time: 0.2003  data_time: 0.0108  memory: 1538  
2026/03/19 06:03:46 - mmengine - INFO - Evaluating bbox...
2026/03/19 06:04:11 - mmengine - INFO - bbox_mAP_copypaste: 0.527 0.776 0.556 0.108 0.372 0.599
2026/03/19 06:04:11 - mmengine - INFO - Epoch(val) [66][245/245]    coco/bbox_mAP: 0.5270  coco/bbox_mAP_50: 0.7760  coco/bbox_mAP_75: 0.5560  coco/bbox_mAP_s: 0.1080  coco/bbox_mAP_m: 0.3720  coco/bbox_mAP_l: 0.5990  data_time: 0.0115  time: 0.1990
2026/03/19 06:05:42 - mmengine - INFO - Epoch(train) [67][ 50/245]  base_lr: 1.7934e-05 lr: 1.7934e-05  eta: 1:40:13  time: 1.8220  data_time: 0.0178  memory: 42431  grad_norm: 32.8807  loss: 1.8377  loss_cls: 0.0020  loss_bbox: 0.0307  loss_iou: 0.0789  d0.loss_cls: 0.0146  d0.loss_bbox: 0.0349  d0.loss_iou: 0.0852  d1.loss_cls: 0.0043  d1.loss_bbox: 0.0317  d1.loss_iou: 0.0800  d2.loss_cls: 0.0030  d2.loss_bbox: 0.0310  d2.loss_iou: 0.0792  d3.loss_cls: 0.0023  d3.loss_bbox: 0.0308  d3.loss_iou: 0.0789  d4.loss_cls: 0.0021  d4.loss_bbox: 0.0307  d4.loss_iou: 0.0788  enc_loss_cls: 0.0178  enc_loss_bbox: 0.0441  enc_loss_iou: 0.1037  dn_loss_cls: 0.0036  dn_loss_bbox: 0.0403  dn_loss_iou: 0.0870  d0.dn_loss_cls: 0.0207  d0.dn_loss_bbox: 0.1011  d0.dn_loss_iou: 0.1669  d1.dn_loss_cls: 0.0069  d1.dn_loss_bbox: 0.0491  d1.dn_loss_iou: 0.0979  d2.dn_loss_cls: 0.0048  d2.dn_loss_bbox: 0.0421  d2.dn_loss_iou: 0.0896  d3.dn_loss_cls: 0.0040  d3.dn_loss_bbox: 0.0406  d3.dn_loss_iou: 0.0875  d4.dn_loss_cls: 0.0037  d4.dn_loss_bbox: 0.0403  d4.dn_loss_iou: 0.0870
2026/03/19 06:07:12 - mmengine - INFO - Epoch(train) [67][100/245]  base_lr: 1.7934e-05 lr: 1.7934e-05  eta: 1:38:45  time: 1.8056  data_time: 0.0047  memory: 42423  grad_norm: 34.1401  loss: 1.8122  loss_cls: 0.0018  loss_bbox: 0.0293  loss_iou: 0.0778  d0.loss_cls: 0.0149  d0.loss_bbox: 0.0334  d0.loss_iou: 0.0853  d1.loss_cls: 0.0047  d1.loss_bbox: 0.0302  d1.loss_iou: 0.0794  d2.loss_cls: 0.0028  d2.loss_bbox: 0.0296  d2.loss_iou: 0.0782  d3.loss_cls: 0.0022  d3.loss_bbox: 0.0294  d3.loss_iou: 0.0779  d4.loss_cls: 0.0020  d4.loss_bbox: 0.0293  d4.loss_iou: 0.0778  enc_loss_cls: 0.0165  enc_loss_bbox: 0.0420  enc_loss_iou: 0.1027  dn_loss_cls: 0.0040  dn_loss_bbox: 0.0388  dn_loss_iou: 0.0867  d0.dn_loss_cls: 0.0219  d0.dn_loss_bbox: 0.0965  d0.dn_loss_iou: 0.1701  d1.dn_loss_cls: 0.0075  d1.dn_loss_bbox: 0.0464  d1.dn_loss_iou: 0.0979  d2.dn_loss_cls: 0.0052  d2.dn_loss_bbox: 0.0405  d2.dn_loss_iou: 0.0896  d3.dn_loss_cls: 0.0044  d3.dn_loss_bbox: 0.0390  d3.dn_loss_iou: 0.0872  d4.dn_loss_cls: 0.0041  d4.dn_loss_bbox: 0.0388  d4.dn_loss_iou: 0.0867
2026/03/19 06:08:42 - mmengine - INFO - Epoch(train) [67][150/245]  base_lr: 1.7934e-05 lr: 1.7934e-05  eta: 1:37:16  time: 1.7960  data_time: 0.0048  memory: 42431  grad_norm: 33.8595  loss: 1.8087  loss_cls: 0.0018  loss_bbox: 0.0293  loss_iou: 0.0781  d0.loss_cls: 0.0158  d0.loss_bbox: 0.0335  d0.loss_iou: 0.0849  d1.loss_cls: 0.0050  d1.loss_bbox: 0.0302  d1.loss_iou: 0.0796  d2.loss_cls: 0.0029  d2.loss_bbox: 0.0297  d2.loss_iou: 0.0788  d3.loss_cls: 0.0022  d3.loss_bbox: 0.0295  d3.loss_iou: 0.0783  d4.loss_cls: 0.0019  d4.loss_bbox: 0.0293  d4.loss_iou: 0.0781  enc_loss_cls: 0.0175  enc_loss_bbox: 0.0420  enc_loss_iou: 0.1030  dn_loss_cls: 0.0036  dn_loss_bbox: 0.0386  dn_loss_iou: 0.0866  d0.dn_loss_cls: 0.0212  d0.dn_loss_bbox: 0.0942  d0.dn_loss_iou: 0.1667  d1.dn_loss_cls: 0.0073  d1.dn_loss_bbox: 0.0472  d1.dn_loss_iou: 0.0975  d2.dn_loss_cls: 0.0048  d2.dn_loss_bbox: 0.0407  d2.dn_loss_iou: 0.0896  d3.dn_loss_cls: 0.0040  d3.dn_loss_bbox: 0.0390  d3.dn_loss_iou: 0.0872  d4.dn_loss_cls: 0.0037  d4.dn_loss_bbox: 0.0387  d4.dn_loss_iou: 0.0866
2026/03/19 06:10:13 - mmengine - INFO - Epoch(train) [67][200/245]  base_lr: 1.7934e-05 lr: 1.7934e-05  eta: 1:35:47  time: 1.8062  data_time: 0.0047  memory: 42372  grad_norm: nan  loss: 1.8443  loss_cls: 0.0022  loss_bbox: 0.0300  loss_iou: 0.0816  d0.loss_cls: 0.0172  d0.loss_bbox: 0.0341  d0.loss_iou: 0.0889  d1.loss_cls: 0.0058  d1.loss_bbox: 0.0310  d1.loss_iou: 0.0831  d2.loss_cls: 0.0035  d2.loss_bbox: 0.0304  d2.loss_iou: 0.0819  d3.loss_cls: 0.0028  d3.loss_bbox: 0.0302  d3.loss_iou: 0.0818  d4.loss_cls: 0.0023  d4.loss_bbox: 0.0300  d4.loss_iou: 0.0816  enc_loss_cls: 0.0178  enc_loss_bbox: 0.0430  enc_loss_iou: 0.1073  dn_loss_cls: 0.0041  dn_loss_bbox: 0.0372  dn_loss_iou: 0.0881  d0.dn_loss_cls: 0.0206  d0.dn_loss_bbox: 0.0929  d0.dn_loss_iou: 0.1688  d1.dn_loss_cls: 0.0073  d1.dn_loss_bbox: 0.0447  d1.dn_loss_iou: 0.0988  d2.dn_loss_cls: 0.0051  d2.dn_loss_bbox: 0.0390  d2.dn_loss_iou: 0.0908  d3.dn_loss_cls: 0.0045  d3.dn_loss_bbox: 0.0375  d3.dn_loss_iou: 0.0887  d4.dn_loss_cls: 0.0042  d4.dn_loss_bbox: 0.0372  d4.dn_loss_iou: 0.0881
2026/03/19 06:11:33 - mmengine - INFO - Exp name: dino_4scale_r50_ruod_120e_pretrained_20260318_211448
2026/03/19 06:13:04 - mmengine - INFO - Epoch(train) [68][ 50/245]  base_lr: 1.6632e-05 lr: 1.6632e-05  eta: 1:32:59  time: 1.8145  data_time: 0.0169  memory: 42431  grad_norm: 31.9572  loss: 1.8562  loss_cls: 0.0022  loss_bbox: 0.0301  loss_iou: 0.0791  d0.loss_cls: 0.0158  d0.loss_bbox: 0.0343  d0.loss_iou: 0.0864  d1.loss_cls: 0.0053  d1.loss_bbox: 0.0312  d1.loss_iou: 0.0806  d2.loss_cls: 0.0032  d2.loss_bbox: 0.0305  d2.loss_iou: 0.0795  d3.loss_cls: 0.0025  d3.loss_bbox: 0.0303  d3.loss_iou: 0.0792  d4.loss_cls: 0.0023  d4.loss_bbox: 0.0302  d4.loss_iou: 0.0791  enc_loss_cls: 0.0179  enc_loss_bbox: 0.0431  enc_loss_iou: 0.1052  dn_loss_cls: 0.0043  dn_loss_bbox: 0.0402  dn_loss_iou: 0.0879  d0.dn_loss_cls: 0.0213  d0.dn_loss_bbox: 0.1006  d0.dn_loss_iou: 0.1712  d1.dn_loss_cls: 0.0077  d1.dn_loss_bbox: 0.0497  d1.dn_loss_iou: 0.0998  d2.dn_loss_cls: 0.0054  d2.dn_loss_bbox: 0.0427  d2.dn_loss_iou: 0.0911  d3.dn_loss_cls: 0.0046  d3.dn_loss_bbox: 0.0407  d3.dn_loss_iou: 0.0886  d4.dn_loss_cls: 0.0043  d4.dn_loss_bbox: 0.0403  d4.dn_loss_iou: 0.0880
2026/03/19 06:14:34 - mmengine - INFO - Epoch(train) [68][100/245]  base_lr: 1.6632e-05 lr: 1.6632e-05  eta: 1:31:30  time: 1.8048  data_time: 0.0049  memory: 42431  grad_norm: 34.2640  loss: 1.7852  loss_cls: 0.0017  loss_bbox: 0.0291  loss_iou: 0.0760  d0.loss_cls: 0.0148  d0.loss_bbox: 0.0335  d0.loss_iou: 0.0829  d1.loss_cls: 0.0044  d1.loss_bbox: 0.0303  d1.loss_iou: 0.0776  d2.loss_cls: 0.0027  d2.loss_bbox: 0.0296  d2.loss_iou: 0.0766  d3.loss_cls: 0.0021  d3.loss_bbox: 0.0293  d3.loss_iou: 0.0762  d4.loss_cls: 0.0018  d4.loss_bbox: 0.0291  d4.loss_iou: 0.0760  enc_loss_cls: 0.0168  enc_loss_bbox: 0.0430  enc_loss_iou: 0.1019  dn_loss_cls: 0.0036  dn_loss_bbox: 0.0385  dn_loss_iou: 0.0849  d0.dn_loss_cls: 0.0204  d0.dn_loss_bbox: 0.0970  d0.dn_loss_iou: 0.1671  d1.dn_loss_cls: 0.0069  d1.dn_loss_bbox: 0.0468  d1.dn_loss_iou: 0.0963  d2.dn_loss_cls: 0.0047  d2.dn_loss_bbox: 0.0404  d2.dn_loss_iou: 0.0879  d3.dn_loss_cls: 0.0039  d3.dn_loss_bbox: 0.0390  d3.dn_loss_iou: 0.0855  d4.dn_loss_cls: 0.0036  d4.dn_loss_bbox: 0.0386  d4.dn_loss_iou: 0.0849
2026/03/19 06:16:04 - mmengine - INFO - Epoch(train) [68][150/245]  base_lr: 1.6632e-05 lr: 1.6632e-05  eta: 1:30:01  time: 1.8008  data_time: 0.0045  memory: 46149  grad_norm: 32.0905  loss: 1.8434  loss_cls: 0.0015  loss_bbox: 0.0297  loss_iou: 0.0802  d0.loss_cls: 0.0156  d0.loss_bbox: 0.0340  d0.loss_iou: 0.0882  d1.loss_cls: 0.0047  d1.loss_bbox: 0.0307  d1.loss_iou: 0.0819  d2.loss_cls: 0.0026  d2.loss_bbox: 0.0300  d2.loss_iou: 0.0808  d3.loss_cls: 0.0020  d3.loss_bbox: 0.0297  d3.loss_iou: 0.0803  d4.loss_cls: 0.0016  d4.loss_bbox: 0.0297  d4.loss_iou: 0.0803  enc_loss_cls: 0.0174  enc_loss_bbox: 0.0432  enc_loss_iou: 0.1062  dn_loss_cls: 0.0043  dn_loss_bbox: 0.0380  dn_loss_iou: 0.0881  d0.dn_loss_cls: 0.0214  d0.dn_loss_bbox: 0.0973  d0.dn_loss_iou: 0.1694  d1.dn_loss_cls: 0.0079  d1.dn_loss_bbox: 0.0474  d1.dn_loss_iou: 0.0997  d2.dn_loss_cls: 0.0056  d2.dn_loss_bbox: 0.0402  d2.dn_loss_iou: 0.0912  d3.dn_loss_cls: 0.0048  d3.dn_loss_bbox: 0.0385  d3.dn_loss_iou: 0.0888  d4.dn_loss_cls: 0.0043  d4.dn_loss_bbox: 0.0380  d4.dn_loss_iou: 0.0882
2026/03/19 06:17:34 - mmengine - INFO - Epoch(train) [68][200/245]  base_lr: 1.6632e-05 lr: 1.6632e-05  eta: 1:28:32  time: 1.7935  data_time: 0.0047  memory: 42431  grad_norm: 29.8467  loss: 1.8021  loss_cls: 0.0018  loss_bbox: 0.0306  loss_iou: 0.0765  d0.loss_cls: 0.0149  d0.loss_bbox: 0.0349  d0.loss_iou: 0.0832  d1.loss_cls: 0.0047  d1.loss_bbox: 0.0316  d1.loss_iou: 0.0780  d2.loss_cls: 0.0028  d2.loss_bbox: 0.0310  d2.loss_iou: 0.0769  d3.loss_cls: 0.0020  d3.loss_bbox: 0.0308  d3.loss_iou: 0.0766  d4.loss_cls: 0.0018  d4.loss_bbox: 0.0307  d4.loss_iou: 0.0765  enc_loss_cls: 0.0162  enc_loss_bbox: 0.0437  enc_loss_iou: 0.1015  dn_loss_cls: 0.0043  dn_loss_bbox: 0.0387  dn_loss_iou: 0.0844  d0.dn_loss_cls: 0.0216  d0.dn_loss_bbox: 0.0980  d0.dn_loss_iou: 0.1667  d1.dn_loss_cls: 0.0075  d1.dn_loss_bbox: 0.0474  d1.dn_loss_iou: 0.0965  d2.dn_loss_cls: 0.0054  d2.dn_loss_bbox: 0.0409  d2.dn_loss_iou: 0.0876  d3.dn_loss_cls: 0.0047  d3.dn_loss_bbox: 0.0391  d3.dn_loss_iou: 0.0852  d4.dn_loss_cls: 0.0043  d4.dn_loss_bbox: 0.0387  d4.dn_loss_iou: 0.0844
2026/03/19 06:18:54 - mmengine - INFO - Exp name: dino_4scale_r50_ruod_120e_pretrained_20260318_211448
2026/03/19 06:19:04 - mmengine - INFO - Epoch(val) [68][ 50/245]    eta: 0:00:39  time: 0.2043  data_time: 0.0179  memory: 42431  
2026/03/19 06:19:14 - mmengine - INFO - Epoch(val) [68][100/245]    eta: 0:00:29  time: 0.2002  data_time: 0.0109  memory: 1538  
2026/03/19 06:19:24 - mmengine - INFO - Epoch(val) [68][150/245]    eta: 0:00:19  time: 0.1998  data_time: 0.0107  memory: 1538  
2026/03/19 06:19:34 - mmengine - INFO - Epoch(val) [68][200/245]    eta: 0:00:09  time: 0.2001  data_time: 0.0109  memory: 1538  
2026/03/19 06:19:51 - mmengine - INFO - Evaluating bbox...
2026/03/19 06:20:15 - mmengine - INFO - bbox_mAP_copypaste: 0.525 0.773 0.553 0.111 0.370 0.598
2026/03/19 06:20:16 - mmengine - INFO - Epoch(val) [68][245/245]    coco/bbox_mAP: 0.5250  coco/bbox_mAP_50: 0.7730  coco/bbox_mAP_75: 0.5530  coco/bbox_mAP_s: 0.1110  coco/bbox_mAP_m: 0.3700  coco/bbox_mAP_l: 0.5980  data_time: 0.0123  time: 0.2003
2026/03/19 06:21:46 - mmengine - INFO - Epoch(train) [69][ 50/245]  base_lr: 1.5329e-05 lr: 1.5329e-05  eta: 1:25:44  time: 1.8139  data_time: 0.0171  memory: 42431  grad_norm: 30.3523  loss: 1.7246  loss_cls: 0.0020  loss_bbox: 0.0282  loss_iou: 0.0730  d0.loss_cls: 0.0147  d0.loss_bbox: 0.0323  d0.loss_iou: 0.0801  d1.loss_cls: 0.0044  d1.loss_bbox: 0.0293  d1.loss_iou: 0.0748  d2.loss_cls: 0.0029  d2.loss_bbox: 0.0285  d2.loss_iou: 0.0735  d3.loss_cls: 0.0023  d3.loss_bbox: 0.0283  d3.loss_iou: 0.0732  d4.loss_cls: 0.0020  d4.loss_bbox: 0.0282  d4.loss_iou: 0.0731  enc_loss_cls: 0.0168  enc_loss_bbox: 0.0415  enc_loss_iou: 0.0987  dn_loss_cls: 0.0036  dn_loss_bbox: 0.0365  dn_loss_iou: 0.0812  d0.dn_loss_cls: 0.0201  d0.dn_loss_bbox: 0.0964  d0.dn_loss_iou: 0.1629  d1.dn_loss_cls: 0.0068  d1.dn_loss_bbox: 0.0456  d1.dn_loss_iou: 0.0925  d2.dn_loss_cls: 0.0046  d2.dn_loss_bbox: 0.0387  d2.dn_loss_iou: 0.0840  d3.dn_loss_cls: 0.0039  d3.dn_loss_bbox: 0.0371  d3.dn_loss_iou: 0.0818  d4.dn_loss_cls: 0.0036  d4.dn_loss_bbox: 0.0366  d4.dn_loss_iou: 0.0812
2026/03/19 06:23:16 - mmengine - INFO - Epoch(train) [69][100/245]  base_lr: 1.5329e-05 lr: 1.5329e-05  eta: 1:24:15  time: 1.8018  data_time: 0.0046  memory: 44519  grad_norm: 36.5613  loss: 1.8028  loss_cls: 0.0020  loss_bbox: 0.0294  loss_iou: 0.0772  d0.loss_cls: 0.0161  d0.loss_bbox: 0.0337  d0.loss_iou: 0.0843  d1.loss_cls: 0.0050  d1.loss_bbox: 0.0305  d1.loss_iou: 0.0786  d2.loss_cls: 0.0030  d2.loss_bbox: 0.0298  d2.loss_iou: 0.0777  d3.loss_cls: 0.0024  d3.loss_bbox: 0.0296  d3.loss_iou: 0.0775  d4.loss_cls: 0.0020  d4.loss_bbox: 0.0294  d4.loss_iou: 0.0772  enc_loss_cls: 0.0176  enc_loss_bbox: 0.0426  enc_loss_iou: 0.1026  dn_loss_cls: 0.0039  dn_loss_bbox: 0.0379  dn_loss_iou: 0.0854  d0.dn_loss_cls: 0.0210  d0.dn_loss_bbox: 0.0962  d0.dn_loss_iou: 0.1681  d1.dn_loss_cls: 0.0075  d1.dn_loss_bbox: 0.0471  d1.dn_loss_iou: 0.0972  d2.dn_loss_cls: 0.0051  d2.dn_loss_bbox: 0.0402  d2.dn_loss_iou: 0.0885  d3.dn_loss_cls: 0.0043  d3.dn_loss_bbox: 0.0385  d3.dn_loss_iou: 0.0862  d4.dn_loss_cls: 0.0040  d4.dn_loss_bbox: 0.0379  d4.dn_loss_iou: 0.0855
2026/03/19 06:24:46 - mmengine - INFO - Epoch(train) [69][150/245]  base_lr: 1.5329e-05 lr: 1.5329e-05  eta: 1:22:46  time: 1.7883  data_time: 0.0046  memory: 42431  grad_norm: 32.4100  loss: 1.8544  loss_cls: 0.0021  loss_bbox: 0.0304  loss_iou: 0.0790  d0.loss_cls: 0.0148  d0.loss_bbox: 0.0347  d0.loss_iou: 0.0855  d1.loss_cls: 0.0051  d1.loss_bbox: 0.0316  d1.loss_iou: 0.0807  d2.loss_cls: 0.0033  d2.loss_bbox: 0.0308  d2.loss_iou: 0.0794  d3.loss_cls: 0.0024  d3.loss_bbox: 0.0306  d3.loss_iou: 0.0791  d4.loss_cls: 0.0022  d4.loss_bbox: 0.0304  d4.loss_iou: 0.0790  enc_loss_cls: 0.0161  enc_loss_bbox: 0.0435  enc_loss_iou: 0.1040  dn_loss_cls: 0.0044  dn_loss_bbox: 0.0408  dn_loss_iou: 0.0883  d0.dn_loss_cls: 0.0217  d0.dn_loss_bbox: 0.0988  d0.dn_loss_iou: 0.1696  d1.dn_loss_cls: 0.0077  d1.dn_loss_bbox: 0.0501  d1.dn_loss_iou: 0.0999  d2.dn_loss_cls: 0.0054  d2.dn_loss_bbox: 0.0433  d2.dn_loss_iou: 0.0912  d3.dn_loss_cls: 0.0047  d3.dn_loss_bbox: 0.0413  d3.dn_loss_iou: 0.0888  d4.dn_loss_cls: 0.0044  d4.dn_loss_bbox: 0.0408  d4.dn_loss_iou: 0.0883
2026/03/19 06:26:16 - mmengine - INFO - Epoch(train) [69][200/245]  base_lr: 1.5329e-05 lr: 1.5329e-05  eta: 1:21:17  time: 1.7954  data_time: 0.0048  memory: 42423  grad_norm: 29.3971  loss: 1.7924  loss_cls: 0.0020  loss_bbox: 0.0289  loss_iou: 0.0771  d0.loss_cls: 0.0145  d0.loss_bbox: 0.0329  d0.loss_iou: 0.0842  d1.loss_cls: 0.0049  d1.loss_bbox: 0.0299  d1.loss_iou: 0.0786  d2.loss_cls: 0.0028  d2.loss_bbox: 0.0294  d2.loss_iou: 0.0777  d3.loss_cls: 0.0023  d3.loss_bbox: 0.0290  d3.loss_iou: 0.0772  d4.loss_cls: 0.0020  d4.loss_bbox: 0.0289  d4.loss_iou: 0.0771  enc_loss_cls: 0.0165  enc_loss_bbox: 0.0422  enc_loss_iou: 0.1027  dn_loss_cls: 0.0042  dn_loss_bbox: 0.0373  dn_loss_iou: 0.0857  d0.dn_loss_cls: 0.0216  d0.dn_loss_bbox: 0.0969  d0.dn_loss_iou: 0.1677  d1.dn_loss_cls: 0.0076  d1.dn_loss_bbox: 0.0451  d1.dn_loss_iou: 0.0963  d2.dn_loss_cls: 0.0053  d2.dn_loss_bbox: 0.0392  d2.dn_loss_iou: 0.0886  d3.dn_loss_cls: 0.0046  d3.dn_loss_bbox: 0.0377  d3.dn_loss_iou: 0.0863  d4.dn_loss_cls: 0.0042  d4.dn_loss_bbox: 0.0374  d4.dn_loss_iou: 0.0858
2026/03/19 06:27:35 - mmengine - INFO - Exp name: dino_4scale_r50_ruod_120e_pretrained_20260318_211448
2026/03/19 06:29:07 - mmengine - INFO - Epoch(train) [70][ 50/245]  base_lr: 1.4026e-05 lr: 1.4026e-05  eta: 1:18:28  time: 1.8373  data_time: 0.0270  memory: 42431  grad_norm: 33.5478  loss: 1.7785  loss_cls: 0.0024  loss_bbox: 0.0293  loss_iou: 0.0746  d0.loss_cls: 0.0152  d0.loss_bbox: 0.0333  d0.loss_iou: 0.0817  d1.loss_cls: 0.0049  d1.loss_bbox: 0.0302  d1.loss_iou: 0.0759  d2.loss_cls: 0.0031  d2.loss_bbox: 0.0296  d2.loss_iou: 0.0750  d3.loss_cls: 0.0027  d3.loss_bbox: 0.0294  d3.loss_iou: 0.0747  d4.loss_cls: 0.0025  d4.loss_bbox: 0.0293  d4.loss_iou: 0.0745  enc_loss_cls: 0.0163  enc_loss_bbox: 0.0419  enc_loss_iou: 0.0995  dn_loss_cls: 0.0047  dn_loss_bbox: 0.0392  dn_loss_iou: 0.0835  d0.dn_loss_cls: 0.0214  d0.dn_loss_bbox: 0.0970  d0.dn_loss_iou: 0.1667  d1.dn_loss_cls: 0.0076  d1.dn_loss_bbox: 0.0477  d1.dn_loss_iou: 0.0950  d2.dn_loss_cls: 0.0056  d2.dn_loss_bbox: 0.0411  d2.dn_loss_iou: 0.0866  d3.dn_loss_cls: 0.0050  d3.dn_loss_bbox: 0.0396  d3.dn_loss_iou: 0.0842  d4.dn_loss_cls: 0.0048  d4.dn_loss_bbox: 0.0392  d4.dn_loss_iou: 0.0836
2026/03/19 06:30:27 - mmengine - INFO - Exp name: dino_4scale_r50_ruod_120e_pretrained_20260318_211448
2026/03/19 06:30:36 - mmengine - INFO - Epoch(train) [70][100/245]  base_lr: 1.4026e-05 lr: 1.4026e-05  eta: 1:16:59  time: 1.7857  data_time: 0.0046  memory: 44303  grad_norm: 29.8863  loss: 1.7745  loss_cls: 0.0019  loss_bbox: 0.0295  loss_iou: 0.0748  d0.loss_cls: 0.0150  d0.loss_bbox: 0.0336  d0.loss_iou: 0.0816  d1.loss_cls: 0.0048  d1.loss_bbox: 0.0305  d1.loss_iou: 0.0763  d2.loss_cls: 0.0032  d2.loss_bbox: 0.0299  d2.loss_iou: 0.0752  d3.loss_cls: 0.0022  d3.loss_bbox: 0.0296  d3.loss_iou: 0.0750  d4.loss_cls: 0.0020  d4.loss_bbox: 0.0296  d4.loss_iou: 0.0748  enc_loss_cls: 0.0159  enc_loss_bbox: 0.0426  enc_loss_iou: 0.0993  dn_loss_cls: 0.0038  dn_loss_bbox: 0.0394  dn_loss_iou: 0.0827  d0.dn_loss_cls: 0.0209  d0.dn_loss_bbox: 0.0993  d0.dn_loss_iou: 0.1652  d1.dn_loss_cls: 0.0074  d1.dn_loss_bbox: 0.0484  d1.dn_loss_iou: 0.0945  d2.dn_loss_cls: 0.0049  d2.dn_loss_bbox: 0.0415  d2.dn_loss_iou: 0.0856  d3.dn_loss_cls: 0.0042  d3.dn_loss_bbox: 0.0398  d3.dn_loss_iou: 0.0833  d4.dn_loss_cls: 0.0038  d4.dn_loss_bbox: 0.0394  d4.dn_loss_iou: 0.0827
2026/03/19 06:32:06 - mmengine - INFO - Epoch(train) [70][150/245]  base_lr: 1.4026e-05 lr: 1.4026e-05  eta: 1:15:30  time: 1.8003  data_time: 0.0045  memory: 42431  grad_norm: 33.6867  loss: 1.7161  loss_cls: 0.0020  loss_bbox: 0.0280  loss_iou: 0.0715  d0.loss_cls: 0.0150  d0.loss_bbox: 0.0319  d0.loss_iou: 0.0780  d1.loss_cls: 0.0054  d1.loss_bbox: 0.0290  d1.loss_iou: 0.0728  d2.loss_cls: 0.0032  d2.loss_bbox: 0.0284  d2.loss_iou: 0.0719  d3.loss_cls: 0.0025  d3.loss_bbox: 0.0282  d3.loss_iou: 0.0716  d4.loss_cls: 0.0021  d4.loss_bbox: 0.0280  d4.loss_iou: 0.0715  enc_loss_cls: 0.0153  enc_loss_bbox: 0.0407  enc_loss_iou: 0.0959  dn_loss_cls: 0.0041  dn_loss_bbox: 0.0368  dn_loss_iou: 0.0808  d0.dn_loss_cls: 0.0227  d0.dn_loss_bbox: 0.0963  d0.dn_loss_iou: 0.1640  d1.dn_loss_cls: 0.0078  d1.dn_loss_bbox: 0.0454  d1.dn_loss_iou: 0.0920  d2.dn_loss_cls: 0.0054  d2.dn_loss_bbox: 0.0389  d2.dn_loss_iou: 0.0837  d3.dn_loss_cls: 0.0046  d3.dn_loss_bbox: 0.0373  d3.dn_loss_iou: 0.0815  d4.dn_loss_cls: 0.0042  d4.dn_loss_bbox: 0.0369  d4.dn_loss_iou: 0.0808
2026/03/19 06:33:35 - mmengine - INFO - Epoch(train) [70][200/245]  base_lr: 1.4026e-05 lr: 1.4026e-05  eta: 1:14:01  time: 1.7847  data_time: 0.0047  memory: 42431  grad_norm: 31.0140  loss: 1.7611  loss_cls: 0.0018  loss_bbox: 0.0283  loss_iou: 0.0762  d0.loss_cls: 0.0149  d0.loss_bbox: 0.0324  d0.loss_iou: 0.0833  d1.loss_cls: 0.0047  d1.loss_bbox: 0.0293  d1.loss_iou: 0.0777  d2.loss_cls: 0.0029  d2.loss_bbox: 0.0286  d2.loss_iou: 0.0767  d3.loss_cls: 0.0022  d3.loss_bbox: 0.0284  d3.loss_iou: 0.0763  d4.loss_cls: 0.0019  d4.loss_bbox: 0.0283  d4.loss_iou: 0.0761  enc_loss_cls: 0.0160  enc_loss_bbox: 0.0411  enc_loss_iou: 0.1021  dn_loss_cls: 0.0039  dn_loss_bbox: 0.0371  dn_loss_iou: 0.0843  d0.dn_loss_cls: 0.0206  d0.dn_loss_bbox: 0.0921  d0.dn_loss_iou: 0.1642  d1.dn_loss_cls: 0.0070  d1.dn_loss_bbox: 0.0450  d1.dn_loss_iou: 0.0951  d2.dn_loss_cls: 0.0049  d2.dn_loss_bbox: 0.0387  d2.dn_loss_iou: 0.0870  d3.dn_loss_cls: 0.0042  d3.dn_loss_bbox: 0.0374  d3.dn_loss_iou: 0.0848  d4.dn_loss_cls: 0.0039  d4.dn_loss_bbox: 0.0371  d4.dn_loss_iou: 0.0843
2026/03/19 06:34:56 - mmengine - INFO - Exp name: dino_4scale_r50_ruod_120e_pretrained_20260318_211448
2026/03/19 06:35:05 - mmengine - INFO - Epoch(val) [70][ 50/245]    eta: 0:00:38  time: 0.1965  data_time: 0.0130  memory: 42205  
2026/03/19 06:35:15 - mmengine - INFO - Epoch(val) [70][100/245]    eta: 0:00:28  time: 0.2001  data_time: 0.0109  memory: 1538  
2026/03/19 06:35:26 - mmengine - INFO - Epoch(val) [70][150/245]    eta: 0:00:18  time: 0.2002  data_time: 0.0102  memory: 1538  
2026/03/19 06:35:36 - mmengine - INFO - Epoch(val) [70][200/245]    eta: 0:00:08  time: 0.2003  data_time: 0.0108  memory: 1538  
2026/03/19 06:35:52 - mmengine - INFO - Evaluating bbox...
2026/03/19 06:36:15 - mmengine - INFO - bbox_mAP_copypaste: 0.524 0.774 0.553 0.117 0.370 0.597
2026/03/19 06:36:15 - mmengine - INFO - Epoch(val) [70][245/245]    coco/bbox_mAP: 0.5240  coco/bbox_mAP_50: 0.7740  coco/bbox_mAP_75: 0.5530  coco/bbox_mAP_s: 0.1170  coco/bbox_mAP_m: 0.3700  coco/bbox_mAP_l: 0.5970  data_time: 0.0110  time: 0.1991
2026/03/19 06:37:46 - mmengine - INFO - Epoch(train) [71][ 50/245]  base_lr: 1.2724e-05 lr: 1.2724e-05  eta: 1:11:12  time: 1.8115  data_time: 0.0185  memory: 42431  grad_norm: 32.2776  loss: 1.7155  loss_cls: 0.0019  loss_bbox: 0.0269  loss_iou: 0.0719  d0.loss_cls: 0.0152  d0.loss_bbox: 0.0309  d0.loss_iou: 0.0790  d1.loss_cls: 0.0049  d1.loss_bbox: 0.0279  d1.loss_iou: 0.0734  d2.loss_cls: 0.0029  d2.loss_bbox: 0.0272  d2.loss_iou: 0.0725  d3.loss_cls: 0.0023  d3.loss_bbox: 0.0270  d3.loss_iou: 0.0720  d4.loss_cls: 0.0020  d4.loss_bbox: 0.0269  d4.loss_iou: 0.0719  enc_loss_cls: 0.0155  enc_loss_bbox: 0.0397  enc_loss_iou: 0.0976  dn_loss_cls: 0.0041  dn_loss_bbox: 0.0372  dn_loss_iou: 0.0823  d0.dn_loss_cls: 0.0207  d0.dn_loss_bbox: 0.0949  d0.dn_loss_iou: 0.1641  d1.dn_loss_cls: 0.0071  d1.dn_loss_bbox: 0.0452  d1.dn_loss_iou: 0.0929  d2.dn_loss_cls: 0.0051  d2.dn_loss_bbox: 0.0391  d2.dn_loss_iou: 0.0849  d3.dn_loss_cls: 0.0044  d3.dn_loss_bbox: 0.0375  d3.dn_loss_iou: 0.0828  d4.dn_loss_cls: 0.0041  d4.dn_loss_bbox: 0.0372  d4.dn_loss_iou: 0.0823
2026/03/19 06:39:16 - mmengine - INFO - Epoch(train) [71][100/245]  base_lr: 1.2724e-05 lr: 1.2724e-05  eta: 1:09:43  time: 1.7942  data_time: 0.0046  memory: 43851  grad_norm: 31.4729  loss: 1.7801  loss_cls: 0.0022  loss_bbox: 0.0291  loss_iou: 0.0766  d0.loss_cls: 0.0150  d0.loss_bbox: 0.0328  d0.loss_iou: 0.0833  d1.loss_cls: 0.0048  d1.loss_bbox: 0.0299  d1.loss_iou: 0.0779  d2.loss_cls: 0.0031  d2.loss_bbox: 0.0294  d2.loss_iou: 0.0771  d3.loss_cls: 0.0025  d3.loss_bbox: 0.0292  d3.loss_iou: 0.0768  d4.loss_cls: 0.0023  d4.loss_bbox: 0.0291  d4.loss_iou: 0.0766  enc_loss_cls: 0.0170  enc_loss_bbox: 0.0412  enc_loss_iou: 0.1008  dn_loss_cls: 0.0038  dn_loss_bbox: 0.0380  dn_loss_iou: 0.0852  d0.dn_loss_cls: 0.0207  d0.dn_loss_bbox: 0.0927  d0.dn_loss_iou: 0.1648  d1.dn_loss_cls: 0.0072  d1.dn_loss_bbox: 0.0463  d1.dn_loss_iou: 0.0963  d2.dn_loss_cls: 0.0049  d2.dn_loss_bbox: 0.0399  d2.dn_loss_iou: 0.0880  d3.dn_loss_cls: 0.0041  d3.dn_loss_bbox: 0.0383  d3.dn_loss_iou: 0.0858  d4.dn_loss_cls: 0.0038  d4.dn_loss_bbox: 0.0381  d4.dn_loss_iou: 0.0853
2026/03/19 06:40:45 - mmengine - INFO - Epoch(train) [71][150/245]  base_lr: 1.2724e-05 lr: 1.2724e-05  eta: 1:08:14  time: 1.7814  data_time: 0.0041  memory: 42212  grad_norm: 30.4273  loss: 1.6759  loss_cls: 0.0016  loss_bbox: 0.0274  loss_iou: 0.0692  d0.loss_cls: 0.0146  d0.loss_bbox: 0.0318  d0.loss_iou: 0.0764  d1.loss_cls: 0.0046  d1.loss_bbox: 0.0286  d1.loss_iou: 0.0708  d2.loss_cls: 0.0026  d2.loss_bbox: 0.0278  d2.loss_iou: 0.0697  d3.loss_cls: 0.0019  d3.loss_bbox: 0.0275  d3.loss_iou: 0.0693  d4.loss_cls: 0.0017  d4.loss_bbox: 0.0274  d4.loss_iou: 0.0691  enc_loss_cls: 0.0163  enc_loss_bbox: 0.0409  enc_loss_iou: 0.0945  dn_loss_cls: 0.0038  dn_loss_bbox: 0.0369  dn_loss_iou: 0.0781  d0.dn_loss_cls: 0.0213  d0.dn_loss_bbox: 0.0973  d0.dn_loss_iou: 0.1602  d1.dn_loss_cls: 0.0070  d1.dn_loss_bbox: 0.0452  d1.dn_loss_iou: 0.0887  d2.dn_loss_cls: 0.0048  d2.dn_loss_bbox: 0.0390  d2.dn_loss_iou: 0.0808  d3.dn_loss_cls: 0.0041  d3.dn_loss_bbox: 0.0374  d3.dn_loss_iou: 0.0787  d4.dn_loss_cls: 0.0039  d4.dn_loss_bbox: 0.0370  d4.dn_loss_iou: 0.0781
2026/03/19 06:42:14 - mmengine - INFO - Epoch(train) [71][200/245]  base_lr: 1.2724e-05 lr: 1.2724e-05  eta: 1:06:46  time: 1.7875  data_time: 0.0043  memory: 42372  grad_norm: 37.1703  loss: 1.7655  loss_cls: 0.0016  loss_bbox: 0.0293  loss_iou: 0.0749  d0.loss_cls: 0.0149  d0.loss_bbox: 0.0336  d0.loss_iou: 0.0824  d1.loss_cls: 0.0044  d1.loss_bbox: 0.0304  d1.loss_iou: 0.0768  d2.loss_cls: 0.0025  d2.loss_bbox: 0.0298  d2.loss_iou: 0.0756  d3.loss_cls: 0.0019  d3.loss_bbox: 0.0294  d3.loss_iou: 0.0751  d4.loss_cls: 0.0017  d4.loss_bbox: 0.0293  d4.loss_iou: 0.0749  enc_loss_cls: 0.0158  enc_loss_bbox: 0.0419  enc_loss_iou: 0.1003  dn_loss_cls: 0.0037  dn_loss_bbox: 0.0379  dn_loss_iou: 0.0835  d0.dn_loss_cls: 0.0212  d0.dn_loss_bbox: 0.0943  d0.dn_loss_iou: 0.1666  d1.dn_loss_cls: 0.0074  d1.dn_loss_bbox: 0.0462  d1.dn_loss_iou: 0.0949  d2.dn_loss_cls: 0.0050  d2.dn_loss_bbox: 0.0398  d2.dn_loss_iou: 0.0865  d3.dn_loss_cls: 0.0042  d3.dn_loss_bbox: 0.0383  d3.dn_loss_iou: 0.0841  d4.dn_loss_cls: 0.0038  d4.dn_loss_bbox: 0.0380  d4.dn_loss_iou: 0.0835
2026/03/19 06:43:33 - mmengine - INFO - Exp name: dino_4scale_r50_ruod_120e_pretrained_20260318_211448
2026/03/19 06:45:03 - mmengine - INFO - Epoch(train) [72][ 50/245]  base_lr: 1.1421e-05 lr: 1.1421e-05  eta: 1:03:56  time: 1.7918  data_time: 0.0152  memory: 42431  grad_norm: 33.2530  loss: 1.7565  loss_cls: 0.0021  loss_bbox: 0.0280  loss_iou: 0.0751  d0.loss_cls: 0.0160  d0.loss_bbox: 0.0319  d0.loss_iou: 0.0821  d1.loss_cls: 0.0051  d1.loss_bbox: 0.0289  d1.loss_iou: 0.0767  d2.loss_cls: 0.0033  d2.loss_bbox: 0.0283  d2.loss_iou: 0.0756  d3.loss_cls: 0.0026  d3.loss_bbox: 0.0281  d3.loss_iou: 0.0753  d4.loss_cls: 0.0022  d4.loss_bbox: 0.0280  d4.loss_iou: 0.0752  enc_loss_cls: 0.0169  enc_loss_bbox: 0.0406  enc_loss_iou: 0.1013  dn_loss_cls: 0.0041  dn_loss_bbox: 0.0355  dn_loss_iou: 0.0831  d0.dn_loss_cls: 0.0217  d0.dn_loss_bbox: 0.0942  d0.dn_loss_iou: 0.1690  d1.dn_loss_cls: 0.0081  d1.dn_loss_bbox: 0.0445  d1.dn_loss_iou: 0.0956  d2.dn_loss_cls: 0.0055  d2.dn_loss_bbox: 0.0378  d2.dn_loss_iou: 0.0866  d3.dn_loss_cls: 0.0046  d3.dn_loss_bbox: 0.0360  d3.dn_loss_iou: 0.0839  d4.dn_loss_cls: 0.0042  d4.dn_loss_bbox: 0.0355  d4.dn_loss_iou: 0.0832
2026/03/19 06:46:32 - mmengine - INFO - Epoch(train) [72][100/245]  base_lr: 1.1421e-05 lr: 1.1421e-05  eta: 1:02:27  time: 1.7727  data_time: 0.0049  memory: 42372  grad_norm: 28.6348  loss: 1.6875  loss_cls: 0.0019  loss_bbox: 0.0278  loss_iou: 0.0691  d0.loss_cls: 0.0140  d0.loss_bbox: 0.0322  d0.loss_iou: 0.0765  d1.loss_cls: 0.0044  d1.loss_bbox: 0.0289  d1.loss_iou: 0.0706  d2.loss_cls: 0.0028  d2.loss_bbox: 0.0283  d2.loss_iou: 0.0697  d3.loss_cls: 0.0022  d3.loss_bbox: 0.0280  d3.loss_iou: 0.0695  d4.loss_cls: 0.0020  d4.loss_bbox: 0.0279  d4.loss_iou: 0.0692  enc_loss_cls: 0.0162  enc_loss_bbox: 0.0416  enc_loss_iou: 0.0950  dn_loss_cls: 0.0036  dn_loss_bbox: 0.0381  dn_loss_iou: 0.0781  d0.dn_loss_cls: 0.0207  d0.dn_loss_bbox: 0.0982  d0.dn_loss_iou: 0.1603  d1.dn_loss_cls: 0.0069  d1.dn_loss_bbox: 0.0472  d1.dn_loss_iou: 0.0896  d2.dn_loss_cls: 0.0046  d2.dn_loss_bbox: 0.0403  d2.dn_loss_iou: 0.0811  d3.dn_loss_cls: 0.0040  d3.dn_loss_bbox: 0.0385  d3.dn_loss_iou: 0.0788  d4.dn_loss_cls: 0.0037  d4.dn_loss_bbox: 0.0381  d4.dn_loss_iou: 0.0781
2026/03/19 06:48:06 - mmengine - INFO - Epoch(train) [72][150/245]  base_lr: 1.1421e-05 lr: 1.1421e-05  eta: 1:00:59  time: 1.8905  data_time: 0.0048  memory: 42431  grad_norm: 28.6617  loss: 1.6916  loss_cls: 0.0020  loss_bbox: 0.0274  loss_iou: 0.0712  d0.loss_cls: 0.0141  d0.loss_bbox: 0.0317  d0.loss_iou: 0.0780  d1.loss_cls: 0.0045  d1.loss_bbox: 0.0287  d1.loss_iou: 0.0732  d2.loss_cls: 0.0031  d2.loss_bbox: 0.0280  d2.loss_iou: 0.0719  d3.loss_cls: 0.0023  d3.loss_bbox: 0.0277  d3.loss_iou: 0.0714  d4.loss_cls: 0.0022  d4.loss_bbox: 0.0274  d4.loss_iou: 0.0712  enc_loss_cls: 0.0165  enc_loss_bbox: 0.0406  enc_loss_iou: 0.0967  dn_loss_cls: 0.0035  dn_loss_bbox: 0.0366  dn_loss_iou: 0.0794  d0.dn_loss_cls: 0.0201  d0.dn_loss_bbox: 0.0940  d0.dn_loss_iou: 0.1593  d1.dn_loss_cls: 0.0069  d1.dn_loss_bbox: 0.0458  d1.dn_loss_iou: 0.0905  d2.dn_loss_cls: 0.0046  d2.dn_loss_bbox: 0.0386  d2.dn_loss_iou: 0.0821  d3.dn_loss_cls: 0.0038  d3.dn_loss_bbox: 0.0370  d3.dn_loss_iou: 0.0799  d4.dn_loss_cls: 0.0035  d4.dn_loss_bbox: 0.0366  d4.dn_loss_iou: 0.0794
2026/03/19 06:49:36 - mmengine - INFO - Epoch(train) [72][200/245]  base_lr: 1.1421e-05 lr: 1.1421e-05  eta: 0:59:30  time: 1.7895  data_time: 0.0046  memory: 42431  grad_norm: 28.7137  loss: 1.6859  loss_cls: 0.0020  loss_bbox: 0.0279  loss_iou: 0.0701  d0.loss_cls: 0.0141  d0.loss_bbox: 0.0321  d0.loss_iou: 0.0768  d1.loss_cls: 0.0043  d1.loss_bbox: 0.0289  d1.loss_iou: 0.0715  d2.loss_cls: 0.0028  d2.loss_bbox: 0.0283  d2.loss_iou: 0.0706  d3.loss_cls: 0.0022  d3.loss_bbox: 0.0281  d3.loss_iou: 0.0702  d4.loss_cls: 0.0020  d4.loss_bbox: 0.0280  d4.loss_iou: 0.0701  enc_loss_cls: 0.0155  enc_loss_bbox: 0.0410  enc_loss_iou: 0.0948  dn_loss_cls: 0.0036  dn_loss_bbox: 0.0372  dn_loss_iou: 0.0786  d0.dn_loss_cls: 0.0209  d0.dn_loss_bbox: 0.0941  d0.dn_loss_iou: 0.1611  d1.dn_loss_cls: 0.0071  d1.dn_loss_bbox: 0.0457  d1.dn_loss_iou: 0.0904  d2.dn_loss_cls: 0.0047  d2.dn_loss_bbox: 0.0393  d2.dn_loss_iou: 0.0817  d3.dn_loss_cls: 0.0040  d3.dn_loss_bbox: 0.0376  d3.dn_loss_iou: 0.0792  d4.dn_loss_cls: 0.0036  d4.dn_loss_bbox: 0.0372  d4.dn_loss_iou: 0.0786
2026/03/19 06:50:56 - mmengine - INFO - Exp name: dino_4scale_r50_ruod_120e_pretrained_20260318_211448
2026/03/19 06:51:06 - mmengine - INFO - Epoch(val) [72][ 50/245]    eta: 0:00:38  time: 0.1991  data_time: 0.0139  memory: 43252  
2026/03/19 06:51:16 - mmengine - INFO - Epoch(val) [72][100/245]    eta: 0:00:28  time: 0.2001  data_time: 0.0112  memory: 1538  
2026/03/19 06:51:26 - mmengine - INFO - Epoch(val) [72][150/245]    eta: 0:00:18  time: 0.1979  data_time: 0.0105  memory: 1538  
2026/03/19 06:51:36 - mmengine - INFO - Epoch(val) [72][200/245]    eta: 0:00:08  time: 0.1982  data_time: 0.0110  memory: 1538  
2026/03/19 06:51:52 - mmengine - INFO - Evaluating bbox...
2026/03/19 06:52:16 - mmengine - INFO - bbox_mAP_copypaste: 0.523 0.774 0.550 0.112 0.369 0.595
2026/03/19 06:52:16 - mmengine - INFO - Epoch(val) [72][245/245]    coco/bbox_mAP: 0.5230  coco/bbox_mAP_50: 0.7740  coco/bbox_mAP_75: 0.5500  coco/bbox_mAP_s: 0.1120  coco/bbox_mAP_m: 0.3690  coco/bbox_mAP_l: 0.5950  data_time: 0.0114  time: 0.1985
2026/03/19 06:53:47 - mmengine - INFO - Epoch(train) [73][ 50/245]  base_lr: 1.0118e-05 lr: 1.0118e-05  eta: 0:56:41  time: 1.8140  data_time: 0.0180  memory: 42212  grad_norm: 31.2207  loss: 1.6825  loss_cls: 0.0020  loss_bbox: 0.0263  loss_iou: 0.0720  d0.loss_cls: 0.0144  d0.loss_bbox: 0.0300  d0.loss_iou: 0.0794  d1.loss_cls: 0.0045  d1.loss_bbox: 0.0271  d1.loss_iou: 0.0737  d2.loss_cls: 0.0027  d2.loss_bbox: 0.0266  d2.loss_iou: 0.0726  d3.loss_cls: 0.0022  d3.loss_bbox: 0.0264  d3.loss_iou: 0.0722  d4.loss_cls: 0.0021  d4.loss_bbox: 0.0263  d4.loss_iou: 0.0721  enc_loss_cls: 0.0155  enc_loss_bbox: 0.0387  enc_loss_iou: 0.0977  dn_loss_cls: 0.0044  dn_loss_bbox: 0.0339  dn_loss_iou: 0.0809  d0.dn_loss_cls: 0.0214  d0.dn_loss_bbox: 0.0886  d0.dn_loss_iou: 0.1625  d1.dn_loss_cls: 0.0078  d1.dn_loss_bbox: 0.0418  d1.dn_loss_iou: 0.0917  d2.dn_loss_cls: 0.0054  d2.dn_loss_bbox: 0.0359  d2.dn_loss_iou: 0.0838  d3.dn_loss_cls: 0.0047  d3.dn_loss_bbox: 0.0343  d3.dn_loss_iou: 0.0815  d4.dn_loss_cls: 0.0044  d4.dn_loss_bbox: 0.0340  d4.dn_loss_iou: 0.0809
2026/03/19 06:55:17 - mmengine - INFO - Epoch(train) [73][100/245]  base_lr: 1.0118e-05 lr: 1.0118e-05  eta: 0:55:12  time: 1.8042  data_time: 0.0050  memory: 42431  grad_norm: 28.0705  loss: 1.7109  loss_cls: 0.0023  loss_bbox: 0.0279  loss_iou: 0.0704  d0.loss_cls: 0.0153  d0.loss_bbox: 0.0328  d0.loss_iou: 0.0783  d1.loss_cls: 0.0056  d1.loss_bbox: 0.0291  d1.loss_iou: 0.0719  d2.loss_cls: 0.0035  d2.loss_bbox: 0.0285  d2.loss_iou: 0.0710  d3.loss_cls: 0.0027  d3.loss_bbox: 0.0282  d3.loss_iou: 0.0707  d4.loss_cls: 0.0024  d4.loss_bbox: 0.0279  d4.loss_iou: 0.0705  enc_loss_cls: 0.0160  enc_loss_bbox: 0.0415  enc_loss_iou: 0.0959  dn_loss_cls: 0.0037  dn_loss_bbox: 0.0374  dn_loss_iou: 0.0795  d0.dn_loss_cls: 0.0207  d0.dn_loss_bbox: 0.0979  d0.dn_loss_iou: 0.1646  d1.dn_loss_cls: 0.0069  d1.dn_loss_bbox: 0.0463  d1.dn_loss_iou: 0.0916  d2.dn_loss_cls: 0.0048  d2.dn_loss_bbox: 0.0395  d2.dn_loss_iou: 0.0826  d3.dn_loss_cls: 0.0041  d3.dn_loss_bbox: 0.0378  d3.dn_loss_iou: 0.0803  d4.dn_loss_cls: 0.0037  d4.dn_loss_bbox: 0.0374  d4.dn_loss_iou: 0.0795
2026/03/19 06:56:47 - mmengine - INFO - Epoch(train) [73][150/245]  base_lr: 1.0118e-05 lr: 1.0118e-05  eta: 0:53:43  time: 1.8039  data_time: 0.0050  memory: 42372  grad_norm: 30.9776  loss: 1.6394  loss_cls: 0.0020  loss_bbox: 0.0265  loss_iou: 0.0693  d0.loss_cls: 0.0133  d0.loss_bbox: 0.0305  d0.loss_iou: 0.0765  d1.loss_cls: 0.0045  d1.loss_bbox: 0.0274  d1.loss_iou: 0.0709  d2.loss_cls: 0.0029  d2.loss_bbox: 0.0268  d2.loss_iou: 0.0699  d3.loss_cls: 0.0023  d3.loss_bbox: 0.0266  d3.loss_iou: 0.0695  d4.loss_cls: 0.0021  d4.loss_bbox: 0.0265  d4.loss_iou: 0.0693  enc_loss_cls: 0.0149  enc_loss_bbox: 0.0391  enc_loss_iou: 0.0943  dn_loss_cls: 0.0034  dn_loss_bbox: 0.0345  dn_loss_iou: 0.0773  d0.dn_loss_cls: 0.0199  d0.dn_loss_bbox: 0.0907  d0.dn_loss_iou: 0.1587  d1.dn_loss_cls: 0.0067  d1.dn_loss_bbox: 0.0425  d1.dn_loss_iou: 0.0879  d2.dn_loss_cls: 0.0044  d2.dn_loss_bbox: 0.0366  d2.dn_loss_iou: 0.0801  d3.dn_loss_cls: 0.0037  d3.dn_loss_bbox: 0.0349  d3.dn_loss_iou: 0.0778  d4.dn_loss_cls: 0.0034  d4.dn_loss_bbox: 0.0346  d4.dn_loss_iou: 0.0773
2026/03/19 06:58:18 - mmengine - INFO - Epoch(train) [73][200/245]  base_lr: 1.0118e-05 lr: 1.0118e-05  eta: 0:52:14  time: 1.8043  data_time: 0.0049  memory: 42431  grad_norm: 29.0112  loss: 1.7143  loss_cls: 0.0011  loss_bbox: 0.0283  loss_iou: 0.0707  d0.loss_cls: 0.0135  d0.loss_bbox: 0.0328  d0.loss_iou: 0.0779  d1.loss_cls: 0.0036  d1.loss_bbox: 0.0295  d1.loss_iou: 0.0722  d2.loss_cls: 0.0019  d2.loss_bbox: 0.0286  d2.loss_iou: 0.0711  d3.loss_cls: 0.0014  d3.loss_bbox: 0.0284  d3.loss_iou: 0.0708  d4.loss_cls: 0.0013  d4.loss_bbox: 0.0283  d4.loss_iou: 0.0706  enc_loss_cls: 0.0157  enc_loss_bbox: 0.0412  enc_loss_iou: 0.0951  dn_loss_cls: 0.0039  dn_loss_bbox: 0.0381  dn_loss_iou: 0.0798  d0.dn_loss_cls: 0.0213  d0.dn_loss_bbox: 0.1010  d0.dn_loss_iou: 0.1660  d1.dn_loss_cls: 0.0075  d1.dn_loss_bbox: 0.0475  d1.dn_loss_iou: 0.0920  d2.dn_loss_cls: 0.0052  d2.dn_loss_bbox: 0.0402  d2.dn_loss_iou: 0.0828  d3.dn_loss_cls: 0.0044  d3.dn_loss_bbox: 0.0384  d3.dn_loss_iou: 0.0804  d4.dn_loss_cls: 0.0040  d4.dn_loss_bbox: 0.0381  d4.dn_loss_iou: 0.0799
2026/03/19 06:59:38 - mmengine - INFO - Exp name: dino_4scale_r50_ruod_120e_pretrained_20260318_211448
2026/03/19 07:01:09 - mmengine - INFO - Epoch(train) [74][ 50/245]  base_lr: 8.8158e-06 lr: 8.8158e-06  eta: 0:49:25  time: 1.8242  data_time: 0.0181  memory: 46149  grad_norm: 30.4690  loss: 1.6512  loss_cls: 0.0014  loss_bbox: 0.0258  loss_iou: 0.0697  d0.loss_cls: 0.0144  d0.loss_bbox: 0.0300  d0.loss_iou: 0.0767  d1.loss_cls: 0.0042  d1.loss_bbox: 0.0268  d1.loss_iou: 0.0712  d2.loss_cls: 0.0025  d2.loss_bbox: 0.0262  d2.loss_iou: 0.0700  d3.loss_cls: 0.0019  d3.loss_bbox: 0.0259  d3.loss_iou: 0.0697  d4.loss_cls: 0.0015  d4.loss_bbox: 0.0258  d4.loss_iou: 0.0696  enc_loss_cls: 0.0146  enc_loss_bbox: 0.0385  enc_loss_iou: 0.0951  dn_loss_cls: 0.0033  dn_loss_bbox: 0.0349  dn_loss_iou: 0.0785  d0.dn_loss_cls: 0.0201  d0.dn_loss_bbox: 0.0943  d0.dn_loss_iou: 0.1616  d1.dn_loss_cls: 0.0066  d1.dn_loss_bbox: 0.0435  d1.dn_loss_iou: 0.0895  d2.dn_loss_cls: 0.0045  d2.dn_loss_bbox: 0.0369  d2.dn_loss_iou: 0.0811  d3.dn_loss_cls: 0.0037  d3.dn_loss_bbox: 0.0353  d3.dn_loss_iou: 0.0790  d4.dn_loss_cls: 0.0034  d4.dn_loss_bbox: 0.0349  d4.dn_loss_iou: 0.0785
2026/03/19 07:02:39 - mmengine - INFO - Epoch(train) [74][100/245]  base_lr: 8.8158e-06 lr: 8.8158e-06  eta: 0:47:56  time: 1.8043  data_time: 0.0045  memory: 42431  grad_norm: 31.4922  loss: 1.6415  loss_cls: 0.0014  loss_bbox: 0.0263  loss_iou: 0.0667  d0.loss_cls: 0.0144  d0.loss_bbox: 0.0307  d0.loss_iou: 0.0740  d1.loss_cls: 0.0040  d1.loss_bbox: 0.0272  d1.loss_iou: 0.0680  d2.loss_cls: 0.0023  d2.loss_bbox: 0.0266  d2.loss_iou: 0.0671  d3.loss_cls: 0.0018  d3.loss_bbox: 0.0264  d3.loss_iou: 0.0669  d4.loss_cls: 0.0015  d4.loss_bbox: 0.0263  d4.loss_iou: 0.0667  enc_loss_cls: 0.0143  enc_loss_bbox: 0.0392  enc_loss_iou: 0.0918  dn_loss_cls: 0.0041  dn_loss_bbox: 0.0360  dn_loss_iou: 0.0764  d0.dn_loss_cls: 0.0228  d0.dn_loss_bbox: 0.0963  d0.dn_loss_iou: 0.1618  d1.dn_loss_cls: 0.0081  d1.dn_loss_bbox: 0.0454  d1.dn_loss_iou: 0.0889  d2.dn_loss_cls: 0.0055  d2.dn_loss_bbox: 0.0382  d2.dn_loss_iou: 0.0797  d3.dn_loss_cls: 0.0046  d3.dn_loss_bbox: 0.0364  d3.dn_loss_iou: 0.0771  d4.dn_loss_cls: 0.0042  d4.dn_loss_bbox: 0.0360  d4.dn_loss_iou: 0.0764
2026/03/19 07:03:07 - mmengine - INFO - Exp name: dino_4scale_r50_ruod_120e_pretrained_20260318_211448
2026/03/19 07:04:10 - mmengine - INFO - Epoch(train) [74][150/245]  base_lr: 8.8158e-06 lr: 8.8158e-06  eta: 0:46:27  time: 1.8133  data_time: 0.0049  memory: 42431  grad_norm: 27.1068  loss: 1.6420  loss_cls: 0.0019  loss_bbox: 0.0271  loss_iou: 0.0663  d0.loss_cls: 0.0149  d0.loss_bbox: 0.0310  d0.loss_iou: 0.0731  d1.loss_cls: 0.0049  d1.loss_bbox: 0.0280  d1.loss_iou: 0.0677  d2.loss_cls: 0.0027  d2.loss_bbox: 0.0274  d2.loss_iou: 0.0669  d3.loss_cls: 0.0022  d3.loss_bbox: 0.0272  d3.loss_iou: 0.0664  d4.loss_cls: 0.0020  d4.loss_bbox: 0.0271  d4.loss_iou: 0.0663  enc_loss_cls: 0.0156  enc_loss_bbox: 0.0395  enc_loss_iou: 0.0913  dn_loss_cls: 0.0040  dn_loss_bbox: 0.0371  dn_loss_iou: 0.0761  d0.dn_loss_cls: 0.0209  d0.dn_loss_bbox: 0.0971  d0.dn_loss_iou: 0.1598  d1.dn_loss_cls: 0.0072  d1.dn_loss_bbox: 0.0452  d1.dn_loss_iou: 0.0868  d2.dn_loss_cls: 0.0050  d2.dn_loss_bbox: 0.0390  d2.dn_loss_iou: 0.0786  d3.dn_loss_cls: 0.0043  d3.dn_loss_bbox: 0.0375  d3.dn_loss_iou: 0.0765  d4.dn_loss_cls: 0.0040  d4.dn_loss_bbox: 0.0371  d4.dn_loss_iou: 0.0761
2026/03/19 07:05:41 - mmengine - INFO - Epoch(train) [74][200/245]  base_lr: 8.8158e-06 lr: 8.8158e-06  eta: 0:44:58  time: 1.8090  data_time: 0.0047  memory: 42431  grad_norm: 27.1079  loss: 1.6347  loss_cls: 0.0019  loss_bbox: 0.0256  loss_iou: 0.0692  d0.loss_cls: 0.0145  d0.loss_bbox: 0.0299  d0.loss_iou: 0.0768  d1.loss_cls: 0.0047  d1.loss_bbox: 0.0267  d1.loss_iou: 0.0710  d2.loss_cls: 0.0028  d2.loss_bbox: 0.0260  d2.loss_iou: 0.0699  d3.loss_cls: 0.0021  d3.loss_bbox: 0.0258  d3.loss_iou: 0.0694  d4.loss_cls: 0.0020  d4.loss_bbox: 0.0256  d4.loss_iou: 0.0692  enc_loss_cls: 0.0151  enc_loss_bbox: 0.0386  enc_loss_iou: 0.0953  dn_loss_cls: 0.0036  dn_loss_bbox: 0.0330  dn_loss_iou: 0.0775  d0.dn_loss_cls: 0.0208  d0.dn_loss_bbox: 0.0902  d0.dn_loss_iou: 0.1589  d1.dn_loss_cls: 0.0070  d1.dn_loss_bbox: 0.0423  d1.dn_loss_iou: 0.0888  d2.dn_loss_cls: 0.0047  d2.dn_loss_bbox: 0.0353  d2.dn_loss_iou: 0.0806  d3.dn_loss_cls: 0.0040  d3.dn_loss_bbox: 0.0335  d3.dn_loss_iou: 0.0782  d4.dn_loss_cls: 0.0037  d4.dn_loss_bbox: 0.0330  d4.dn_loss_iou: 0.0775
2026/03/19 07:07:00 - mmengine - INFO - Exp name: dino_4scale_r50_ruod_120e_pretrained_20260318_211448
2026/03/19 07:07:10 - mmengine - INFO - Epoch(val) [74][ 50/245]    eta: 0:00:38  time: 0.1985  data_time: 0.0135  memory: 42212  
2026/03/19 07:07:20 - mmengine - INFO - Epoch(val) [74][100/245]    eta: 0:00:28  time: 0.1960  data_time: 0.0109  memory: 1538  
2026/03/19 07:07:29 - mmengine - INFO - Epoch(val) [74][150/245]    eta: 0:00:18  time: 0.1980  data_time: 0.0106  memory: 1538  
2026/03/19 07:07:39 - mmengine - INFO - Epoch(val) [74][200/245]    eta: 0:00:08  time: 0.2001  data_time: 0.0111  memory: 1538  
2026/03/19 07:07:56 - mmengine - INFO - Evaluating bbox...
2026/03/19 07:08:20 - mmengine - INFO - bbox_mAP_copypaste: 0.522 0.771 0.549 0.110 0.367 0.595
2026/03/19 07:08:20 - mmengine - INFO - Epoch(val) [74][245/245]    coco/bbox_mAP: 0.5220  coco/bbox_mAP_50: 0.7710  coco/bbox_mAP_75: 0.5490  coco/bbox_mAP_s: 0.1100  coco/bbox_mAP_m: 0.3670  coco/bbox_mAP_l: 0.5950  data_time: 0.0114  time: 0.1984
2026/03/19 07:09:51 - mmengine - INFO - Epoch(train) [75][ 50/245]  base_lr: 7.5132e-06 lr: 7.5132e-06  eta: 0:42:09  time: 1.8145  data_time: 0.0169  memory: 42431  grad_norm: 27.9601  loss: 1.6769  loss_cls: 0.0017  loss_bbox: 0.0267  loss_iou: 0.0702  d0.loss_cls: 0.0145  d0.loss_bbox: 0.0309  d0.loss_iou: 0.0769  d1.loss_cls: 0.0042  d1.loss_bbox: 0.0278  d1.loss_iou: 0.0716  d2.loss_cls: 0.0026  d2.loss_bbox: 0.0271  d2.loss_iou: 0.0706  d3.loss_cls: 0.0020  d3.loss_bbox: 0.0268  d3.loss_iou: 0.0703  d4.loss_cls: 0.0018  d4.loss_bbox: 0.0267  d4.loss_iou: 0.0702  enc_loss_cls: 0.0147  enc_loss_bbox: 0.0390  enc_loss_iou: 0.0948  dn_loss_cls: 0.0039  dn_loss_bbox: 0.0361  dn_loss_iou: 0.0790  d0.dn_loss_cls: 0.0209  d0.dn_loss_bbox: 0.0946  d0.dn_loss_iou: 0.1632  d1.dn_loss_cls: 0.0073  d1.dn_loss_bbox: 0.0449  d1.dn_loss_iou: 0.0910  d2.dn_loss_cls: 0.0051  d2.dn_loss_bbox: 0.0383  d2.dn_loss_iou: 0.0821  d3.dn_loss_cls: 0.0042  d3.dn_loss_bbox: 0.0366  d3.dn_loss_iou: 0.0797  d4.dn_loss_cls: 0.0039  d4.dn_loss_bbox: 0.0361  d4.dn_loss_iou: 0.0791
2026/03/19 07:11:21 - mmengine - INFO - Epoch(train) [75][100/245]  base_lr: 7.5132e-06 lr: 7.5132e-06  eta: 0:40:40  time: 1.7940  data_time: 0.0046  memory: 42372  grad_norm: 30.5247  loss: 1.6337  loss_cls: 0.0018  loss_bbox: 0.0261  loss_iou: 0.0678  d0.loss_cls: 0.0146  d0.loss_bbox: 0.0304  d0.loss_iou: 0.0753  d1.loss_cls: 0.0047  d1.loss_bbox: 0.0272  d1.loss_iou: 0.0694  d2.loss_cls: 0.0028  d2.loss_bbox: 0.0264  d2.loss_iou: 0.0684  d3.loss_cls: 0.0021  d3.loss_bbox: 0.0262  d3.loss_iou: 0.0681  d4.loss_cls: 0.0019  d4.loss_bbox: 0.0261  d4.loss_iou: 0.0678  enc_loss_cls: 0.0144  enc_loss_bbox: 0.0389  enc_loss_iou: 0.0933  dn_loss_cls: 0.0036  dn_loss_bbox: 0.0349  dn_loss_iou: 0.0767  d0.dn_loss_cls: 0.0209  d0.dn_loss_bbox: 0.0931  d0.dn_loss_iou: 0.1599  d1.dn_loss_cls: 0.0071  d1.dn_loss_bbox: 0.0432  d1.dn_loss_iou: 0.0878  d2.dn_loss_cls: 0.0047  d2.dn_loss_bbox: 0.0368  d2.dn_loss_iou: 0.0795  d3.dn_loss_cls: 0.0039  d3.dn_loss_bbox: 0.0353  d3.dn_loss_iou: 0.0773  d4.dn_loss_cls: 0.0037  d4.dn_loss_bbox: 0.0349  d4.dn_loss_iou: 0.0767
2026/03/19 07:12:51 - mmengine - INFO - Epoch(train) [75][150/245]  base_lr: 7.5132e-06 lr: 7.5132e-06  eta: 0:39:11  time: 1.8032  data_time: 0.0043  memory: 42431  grad_norm: 28.0581  loss: 1.6402  loss_cls: 0.0015  loss_bbox: 0.0262  loss_iou: 0.0676  d0.loss_cls: 0.0132  d0.loss_bbox: 0.0306  d0.loss_iou: 0.0748  d1.loss_cls: 0.0041  d1.loss_bbox: 0.0272  d1.loss_iou: 0.0693  d2.loss_cls: 0.0025  d2.loss_bbox: 0.0265  d2.loss_iou: 0.0682  d3.loss_cls: 0.0019  d3.loss_bbox: 0.0263  d3.loss_iou: 0.0677  d4.loss_cls: 0.0016  d4.loss_bbox: 0.0262  d4.loss_iou: 0.0677  enc_loss_cls: 0.0145  enc_loss_bbox: 0.0389  enc_loss_iou: 0.0926  dn_loss_cls: 0.0034  dn_loss_bbox: 0.0364  dn_loss_iou: 0.0770  d0.dn_loss_cls: 0.0204  d0.dn_loss_bbox: 0.0960  d0.dn_loss_iou: 0.1604  d1.dn_loss_cls: 0.0070  d1.dn_loss_bbox: 0.0445  d1.dn_loss_iou: 0.0883  d2.dn_loss_cls: 0.0046  d2.dn_loss_bbox: 0.0382  d2.dn_loss_iou: 0.0799  d3.dn_loss_cls: 0.0038  d3.dn_loss_bbox: 0.0368  d3.dn_loss_iou: 0.0777  d4.dn_loss_cls: 0.0034  d4.dn_loss_bbox: 0.0364  d4.dn_loss_iou: 0.0770
2026/03/19 07:14:21 - mmengine - INFO - Epoch(train) [75][200/245]  base_lr: 7.5132e-06 lr: 7.5132e-06  eta: 0:37:42  time: 1.7973  data_time: 0.0043  memory: 42431  grad_norm: 26.5872  loss: 1.6147  loss_cls: 0.0021  loss_bbox: 0.0261  loss_iou: 0.0661  d0.loss_cls: 0.0152  d0.loss_bbox: 0.0299  d0.loss_iou: 0.0734  d1.loss_cls: 0.0053  d1.loss_bbox: 0.0269  d1.loss_iou: 0.0676  d2.loss_cls: 0.0032  d2.loss_bbox: 0.0264  d2.loss_iou: 0.0665  d3.loss_cls: 0.0025  d3.loss_bbox: 0.0262  d3.loss_iou: 0.0663  d4.loss_cls: 0.0022  d4.loss_bbox: 0.0261  d4.loss_iou: 0.0661  enc_loss_cls: 0.0149  enc_loss_bbox: 0.0385  enc_loss_iou: 0.0916  dn_loss_cls: 0.0039  dn_loss_bbox: 0.0350  dn_loss_iou: 0.0747  d0.dn_loss_cls: 0.0208  d0.dn_loss_bbox: 0.0934  d0.dn_loss_iou: 0.1588  d1.dn_loss_cls: 0.0074  d1.dn_loss_bbox: 0.0433  d1.dn_loss_iou: 0.0858  d2.dn_loss_cls: 0.0049  d2.dn_loss_bbox: 0.0371  d2.dn_loss_iou: 0.0776  d3.dn_loss_cls: 0.0043  d3.dn_loss_bbox: 0.0355  d3.dn_loss_iou: 0.0753  d4.dn_loss_cls: 0.0040  d4.dn_loss_bbox: 0.0351  d4.dn_loss_iou: 0.0747
2026/03/19 07:15:41 - mmengine - INFO - Exp name: dino_4scale_r50_ruod_120e_pretrained_20260318_211448
2026/03/19 07:17:13 - mmengine - INFO - Epoch(train) [76][ 50/245]  base_lr: 6.2105e-06 lr: 6.2105e-06  eta: 0:34:53  time: 1.8342  data_time: 0.0170  memory: 46376  grad_norm: 27.6181  loss: 1.6085  loss_cls: 0.0018  loss_bbox: 0.0262  loss_iou: 0.0653  d0.loss_cls: 0.0140  d0.loss_bbox: 0.0308  d0.loss_iou: 0.0728  d1.loss_cls: 0.0042  d1.loss_bbox: 0.0275  d1.loss_iou: 0.0671  d2.loss_cls: 0.0025  d2.loss_bbox: 0.0267  d2.loss_iou: 0.0659  d3.loss_cls: 0.0022  d3.loss_bbox: 0.0262  d3.loss_iou: 0.0655  d4.loss_cls: 0.0019  d4.loss_bbox: 0.0262  d4.loss_iou: 0.0654  enc_loss_cls: 0.0146  enc_loss_bbox: 0.0391  enc_loss_iou: 0.0911  dn_loss_cls: 0.0037  dn_loss_bbox: 0.0356  dn_loss_iou: 0.0739  d0.dn_loss_cls: 0.0208  d0.dn_loss_bbox: 0.0961  d0.dn_loss_iou: 0.1585  d1.dn_loss_cls: 0.0068  d1.dn_loss_bbox: 0.0443  d1.dn_loss_iou: 0.0853  d2.dn_loss_cls: 0.0046  d2.dn_loss_bbox: 0.0374  d2.dn_loss_iou: 0.0767  d3.dn_loss_cls: 0.0040  d3.dn_loss_bbox: 0.0360  d3.dn_loss_iou: 0.0746  d4.dn_loss_cls: 0.0037  d4.dn_loss_bbox: 0.0356  d4.dn_loss_iou: 0.0739
2026/03/19 07:18:43 - mmengine - INFO - Epoch(train) [76][100/245]  base_lr: 6.2105e-06 lr: 6.2105e-06  eta: 0:33:24  time: 1.8074  data_time: 0.0049  memory: 42431  grad_norm: 27.6657  loss: 1.5902  loss_cls: 0.0016  loss_bbox: 0.0254  loss_iou: 0.0662  d0.loss_cls: 0.0138  d0.loss_bbox: 0.0298  d0.loss_iou: 0.0741  d1.loss_cls: 0.0042  d1.loss_bbox: 0.0264  d1.loss_iou: 0.0681  d2.loss_cls: 0.0025  d2.loss_bbox: 0.0258  d2.loss_iou: 0.0668  d3.loss_cls: 0.0018  d3.loss_bbox: 0.0255  d3.loss_iou: 0.0664  d4.loss_cls: 0.0017  d4.loss_bbox: 0.0254  d4.loss_iou: 0.0662  enc_loss_cls: 0.0148  enc_loss_bbox: 0.0383  enc_loss_iou: 0.0926  dn_loss_cls: 0.0033  dn_loss_bbox: 0.0330  dn_loss_iou: 0.0749  d0.dn_loss_cls: 0.0204  d0.dn_loss_bbox: 0.0884  d0.dn_loss_iou: 0.1575  d1.dn_loss_cls: 0.0065  d1.dn_loss_bbox: 0.0413  d1.dn_loss_iou: 0.0863  d2.dn_loss_cls: 0.0044  d2.dn_loss_bbox: 0.0351  d2.dn_loss_iou: 0.0778  d3.dn_loss_cls: 0.0036  d3.dn_loss_bbox: 0.0334  d3.dn_loss_iou: 0.0755  d4.dn_loss_cls: 0.0033  d4.dn_loss_bbox: 0.0330  d4.dn_loss_iou: 0.0750
2026/03/19 07:20:13 - mmengine - INFO - Epoch(train) [76][150/245]  base_lr: 6.2105e-06 lr: 6.2105e-06  eta: 0:31:55  time: 1.7968  data_time: 0.0045  memory: 42423  grad_norm: 26.6982  loss: 1.6229  loss_cls: 0.0018  loss_bbox: 0.0259  loss_iou: 0.0662  d0.loss_cls: 0.0143  d0.loss_bbox: 0.0299  d0.loss_iou: 0.0735  d1.loss_cls: 0.0040  d1.loss_bbox: 0.0269  d1.loss_iou: 0.0678  d2.loss_cls: 0.0025  d2.loss_bbox: 0.0263  d2.loss_iou: 0.0668  d3.loss_cls: 0.0021  d3.loss_bbox: 0.0260  d3.loss_iou: 0.0663  d4.loss_cls: 0.0019  d4.loss_bbox: 0.0259  d4.loss_iou: 0.0662  enc_loss_cls: 0.0144  enc_loss_bbox: 0.0386  enc_loss_iou: 0.0922  dn_loss_cls: 0.0042  dn_loss_bbox: 0.0348  dn_loss_iou: 0.0763  d0.dn_loss_cls: 0.0224  d0.dn_loss_bbox: 0.0921  d0.dn_loss_iou: 0.1609  d1.dn_loss_cls: 0.0079  d1.dn_loss_bbox: 0.0433  d1.dn_loss_iou: 0.0882  d2.dn_loss_cls: 0.0054  d2.dn_loss_bbox: 0.0367  d2.dn_loss_iou: 0.0794  d3.dn_loss_cls: 0.0045  d3.dn_loss_bbox: 0.0351  d3.dn_loss_iou: 0.0770  d4.dn_loss_cls: 0.0042  d4.dn_loss_bbox: 0.0348  d4.dn_loss_iou: 0.0763
2026/03/19 07:21:43 - mmengine - INFO - Epoch(train) [76][200/245]  base_lr: 6.2105e-06 lr: 6.2105e-06  eta: 0:30:26  time: 1.7948  data_time: 0.0047  memory: 42431  grad_norm: 26.5757  loss: 1.6488  loss_cls: 0.0016  loss_bbox: 0.0259  loss_iou: 0.0679  d0.loss_cls: 0.0139  d0.loss_bbox: 0.0302  d0.loss_iou: 0.0751  d1.loss_cls: 0.0044  d1.loss_bbox: 0.0271  d1.loss_iou: 0.0693  d2.loss_cls: 0.0025  d2.loss_bbox: 0.0263  d2.loss_iou: 0.0684  d3.loss_cls: 0.0018  d3.loss_bbox: 0.0261  d3.loss_iou: 0.0682  d4.loss_cls: 0.0016  d4.loss_bbox: 0.0259  d4.loss_iou: 0.0679  enc_loss_cls: 0.0148  enc_loss_bbox: 0.0383  enc_loss_iou: 0.0931  dn_loss_cls: 0.0036  dn_loss_bbox: 0.0372  dn_loss_iou: 0.0779  d0.dn_loss_cls: 0.0200  d0.dn_loss_bbox: 0.0953  d0.dn_loss_iou: 0.1602  d1.dn_loss_cls: 0.0068  d1.dn_loss_bbox: 0.0453  d1.dn_loss_iou: 0.0886  d2.dn_loss_cls: 0.0047  d2.dn_loss_bbox: 0.0393  d2.dn_loss_iou: 0.0808  d3.dn_loss_cls: 0.0039  d3.dn_loss_bbox: 0.0376  d3.dn_loss_iou: 0.0785  d4.dn_loss_cls: 0.0036  d4.dn_loss_bbox: 0.0373  d4.dn_loss_iou: 0.0779
2026/03/19 07:23:03 - mmengine - INFO - Exp name: dino_4scale_r50_ruod_120e_pretrained_20260318_211448
2026/03/19 07:23:14 - mmengine - INFO - Epoch(val) [76][ 50/245]    eta: 0:00:41  time: 0.2142  data_time: 0.0347  memory: 43851  
2026/03/19 07:23:25 - mmengine - INFO - Epoch(val) [76][100/245]    eta: 0:00:31  time: 0.2141  data_time: 0.0242  memory: 1538  
2026/03/19 07:23:35 - mmengine - INFO - Epoch(val) [76][150/245]    eta: 0:00:19  time: 0.1958  data_time: 0.0103  memory: 1538  
2026/03/19 07:23:45 - mmengine - INFO - Epoch(val) [76][200/245]    eta: 0:00:09  time: 0.2086  data_time: 0.0198  memory: 1538  
2026/03/19 07:24:01 - mmengine - INFO - Evaluating bbox...
2026/03/19 07:24:24 - mmengine - INFO - bbox_mAP_copypaste: 0.521 0.771 0.549 0.112 0.361 0.594
2026/03/19 07:24:25 - mmengine - INFO - Epoch(val) [76][245/245]    coco/bbox_mAP: 0.5210  coco/bbox_mAP_50: 0.7710  coco/bbox_mAP_75: 0.5490  coco/bbox_mAP_s: 0.1120  coco/bbox_mAP_m: 0.3610  coco/bbox_mAP_l: 0.5940  data_time: 0.0201  time: 0.2065
2026/03/19 07:25:56 - mmengine - INFO - Epoch(train) [77][ 50/245]  base_lr: 4.9079e-06 lr: 4.9079e-06  eta: 0:27:37  time: 1.8261  data_time: 0.0145  memory: 42431  grad_norm: 26.1106  loss: 1.6189  loss_cls: 0.0014  loss_bbox: 0.0261  loss_iou: 0.0667  d0.loss_cls: 0.0132  d0.loss_bbox: 0.0302  d0.loss_iou: 0.0741  d1.loss_cls: 0.0039  d1.loss_bbox: 0.0271  d1.loss_iou: 0.0681  d2.loss_cls: 0.0022  d2.loss_bbox: 0.0265  d2.loss_iou: 0.0673  d3.loss_cls: 0.0016  d3.loss_bbox: 0.0262  d3.loss_iou: 0.0668  d4.loss_cls: 0.0015  d4.loss_bbox: 0.0261  d4.loss_iou: 0.0667  enc_loss_cls: 0.0139  enc_loss_bbox: 0.0388  enc_loss_iou: 0.0930  dn_loss_cls: 0.0035  dn_loss_bbox: 0.0348  dn_loss_iou: 0.0756  d0.dn_loss_cls: 0.0209  d0.dn_loss_bbox: 0.0929  d0.dn_loss_iou: 0.1594  d1.dn_loss_cls: 0.0068  d1.dn_loss_bbox: 0.0445  d1.dn_loss_iou: 0.0881  d2.dn_loss_cls: 0.0046  d2.dn_loss_bbox: 0.0373  d2.dn_loss_iou: 0.0790  d3.dn_loss_cls: 0.0040  d3.dn_loss_bbox: 0.0354  d3.dn_loss_iou: 0.0765  d4.dn_loss_cls: 0.0036  d4.dn_loss_bbox: 0.0349  d4.dn_loss_iou: 0.0757
2026/03/19 07:27:27 - mmengine - INFO - Epoch(train) [77][100/245]  base_lr: 4.9079e-06 lr: 4.9079e-06  eta: 0:26:08  time: 1.8200  data_time: 0.0049  memory: 45126  grad_norm: 30.3972  loss: 1.6060  loss_cls: 0.0024  loss_bbox: 0.0256  loss_iou: 0.0662  d0.loss_cls: 0.0148  d0.loss_bbox: 0.0299  d0.loss_iou: 0.0731  d1.loss_cls: 0.0048  d1.loss_bbox: 0.0266  d1.loss_iou: 0.0675  d2.loss_cls: 0.0031  d2.loss_bbox: 0.0260  d2.loss_iou: 0.0666  d3.loss_cls: 0.0026  d3.loss_bbox: 0.0257  d3.loss_iou: 0.0664  d4.loss_cls: 0.0024  d4.loss_bbox: 0.0256  d4.loss_iou: 0.0662  enc_loss_cls: 0.0152  enc_loss_bbox: 0.0380  enc_loss_iou: 0.0908  dn_loss_cls: 0.0038  dn_loss_bbox: 0.0343  dn_loss_iou: 0.0745  d0.dn_loss_cls: 0.0203  d0.dn_loss_bbox: 0.0929  d0.dn_loss_iou: 0.1579  d1.dn_loss_cls: 0.0071  d1.dn_loss_bbox: 0.0433  d1.dn_loss_iou: 0.0861  d2.dn_loss_cls: 0.0049  d2.dn_loss_bbox: 0.0368  d2.dn_loss_iou: 0.0777  d3.dn_loss_cls: 0.0042  d3.dn_loss_bbox: 0.0349  d3.dn_loss_iou: 0.0752  d4.dn_loss_cls: 0.0039  d4.dn_loss_bbox: 0.0344  d4.dn_loss_iou: 0.0745
2026/03/19 07:28:58 - mmengine - INFO - Epoch(train) [77][150/245]  base_lr: 4.9079e-06 lr: 4.9079e-06  eta: 0:24:39  time: 1.8249  data_time: 0.0079  memory: 42212  grad_norm: 25.8322  loss: 1.5964  loss_cls: 0.0016  loss_bbox: 0.0256  loss_iou: 0.0650  d0.loss_cls: 0.0148  d0.loss_bbox: 0.0298  d0.loss_iou: 0.0722  d1.loss_cls: 0.0046  d1.loss_bbox: 0.0266  d1.loss_iou: 0.0664  d2.loss_cls: 0.0027  d2.loss_bbox: 0.0259  d2.loss_iou: 0.0653  d3.loss_cls: 0.0018  d3.loss_bbox: 0.0257  d3.loss_iou: 0.0651  d4.loss_cls: 0.0016  d4.loss_bbox: 0.0256  d4.loss_iou: 0.0650  enc_loss_cls: 0.0142  enc_loss_bbox: 0.0386  enc_loss_iou: 0.0911  dn_loss_cls: 0.0040  dn_loss_bbox: 0.0335  dn_loss_iou: 0.0739  d0.dn_loss_cls: 0.0217  d0.dn_loss_bbox: 0.0948  d0.dn_loss_iou: 0.1599  d1.dn_loss_cls: 0.0073  d1.dn_loss_bbox: 0.0430  d1.dn_loss_iou: 0.0865  d2.dn_loss_cls: 0.0051  d2.dn_loss_bbox: 0.0358  d2.dn_loss_iou: 0.0772  d3.dn_loss_cls: 0.0043  d3.dn_loss_bbox: 0.0340  d3.dn_loss_iou: 0.0747  d4.dn_loss_cls: 0.0040  d4.dn_loss_bbox: 0.0336  d4.dn_loss_iou: 0.0740
2026/03/19 07:30:28 - mmengine - INFO - Epoch(train) [77][200/245]  base_lr: 4.9079e-06 lr: 4.9079e-06  eta: 0:23:10  time: 1.7856  data_time: 0.0043  memory: 42431  grad_norm: 25.8260  loss: 1.6117  loss_cls: 0.0011  loss_bbox: 0.0258  loss_iou: 0.0674  d0.loss_cls: 0.0131  d0.loss_bbox: 0.0298  d0.loss_iou: 0.0745  d1.loss_cls: 0.0036  d1.loss_bbox: 0.0267  d1.loss_iou: 0.0687  d2.loss_cls: 0.0019  d2.loss_bbox: 0.0261  d2.loss_iou: 0.0678  d3.loss_cls: 0.0013  d3.loss_bbox: 0.0259  d3.loss_iou: 0.0675  d4.loss_cls: 0.0011  d4.loss_bbox: 0.0258  d4.loss_iou: 0.0674  enc_loss_cls: 0.0137  enc_loss_bbox: 0.0386  enc_loss_iou: 0.0929  dn_loss_cls: 0.0039  dn_loss_bbox: 0.0337  dn_loss_iou: 0.0768  d0.dn_loss_cls: 0.0207  d0.dn_loss_bbox: 0.0906  d0.dn_loss_iou: 0.1585  d1.dn_loss_cls: 0.0071  d1.dn_loss_bbox: 0.0417  d1.dn_loss_iou: 0.0876  d2.dn_loss_cls: 0.0049  d2.dn_loss_bbox: 0.0356  d2.dn_loss_iou: 0.0796  d3.dn_loss_cls: 0.0043  d3.dn_loss_bbox: 0.0340  d3.dn_loss_iou: 0.0775  d4.dn_loss_cls: 0.0039  d4.dn_loss_bbox: 0.0337  d4.dn_loss_iou: 0.0769
2026/03/19 07:31:48 - mmengine - INFO - Exp name: dino_4scale_r50_ruod_120e_pretrained_20260318_211448
2026/03/19 07:33:21 - mmengine - INFO - Epoch(train) [78][ 50/245]  base_lr: 3.6053e-06 lr: 3.6053e-06  eta: 0:20:20  time: 1.8482  data_time: 0.0212  memory: 43257  grad_norm: 26.7349  loss: 1.5973  loss_cls: 0.0019  loss_bbox: 0.0247  loss_iou: 0.0646  d0.loss_cls: 0.0146  d0.loss_bbox: 0.0292  d0.loss_iou: 0.0721  d1.loss_cls: 0.0045  d1.loss_bbox: 0.0260  d1.loss_iou: 0.0663  d2.loss_cls: 0.0026  d2.loss_bbox: 0.0254  d2.loss_iou: 0.0652  d3.loss_cls: 0.0021  d3.loss_bbox: 0.0251  d3.loss_iou: 0.0649  d4.loss_cls: 0.0020  d4.loss_bbox: 0.0247  d4.loss_iou: 0.0646  enc_loss_cls: 0.0148  enc_loss_bbox: 0.0382  enc_loss_iou: 0.0910  dn_loss_cls: 0.0036  dn_loss_bbox: 0.0349  dn_loss_iou: 0.0742  d0.dn_loss_cls: 0.0209  d0.dn_loss_bbox: 0.0955  d0.dn_loss_iou: 0.1599  d1.dn_loss_cls: 0.0074  d1.dn_loss_bbox: 0.0442  d1.dn_loss_iou: 0.0859  d2.dn_loss_cls: 0.0049  d2.dn_loss_bbox: 0.0373  d2.dn_loss_iou: 0.0773  d3.dn_loss_cls: 0.0040  d3.dn_loss_bbox: 0.0354  d3.dn_loss_iou: 0.0748  d4.dn_loss_cls: 0.0036  d4.dn_loss_bbox: 0.0349  d4.dn_loss_iou: 0.0742
2026/03/19 07:34:53 - mmengine - INFO - Epoch(train) [78][100/245]  base_lr: 3.6053e-06 lr: 3.6053e-06  eta: 0:18:51  time: 1.8530  data_time: 0.0072  memory: 42431  grad_norm: 25.5328  loss: 1.5926  loss_cls: 0.0018  loss_bbox: 0.0256  loss_iou: 0.0653  d0.loss_cls: 0.0140  d0.loss_bbox: 0.0296  d0.loss_iou: 0.0727  d1.loss_cls: 0.0043  d1.loss_bbox: 0.0264  d1.loss_iou: 0.0667  d2.loss_cls: 0.0027  d2.loss_bbox: 0.0259  d2.loss_iou: 0.0657  d3.loss_cls: 0.0021  d3.loss_bbox: 0.0257  d3.loss_iou: 0.0654  d4.loss_cls: 0.0018  d4.loss_bbox: 0.0256  d4.loss_iou: 0.0654  enc_loss_cls: 0.0146  enc_loss_bbox: 0.0383  enc_loss_iou: 0.0906  dn_loss_cls: 0.0035  dn_loss_bbox: 0.0340  dn_loss_iou: 0.0734  d0.dn_loss_cls: 0.0216  d0.dn_loss_bbox: 0.0951  d0.dn_loss_iou: 0.1585  d1.dn_loss_cls: 0.0073  d1.dn_loss_bbox: 0.0428  d1.dn_loss_iou: 0.0852  d2.dn_loss_cls: 0.0048  d2.dn_loss_bbox: 0.0362  d2.dn_loss_iou: 0.0766  d3.dn_loss_cls: 0.0038  d3.dn_loss_bbox: 0.0345  d3.dn_loss_iou: 0.0741  d4.dn_loss_cls: 0.0036  d4.dn_loss_bbox: 0.0341  d4.dn_loss_iou: 0.0735
2026/03/19 07:35:58 - mmengine - INFO - Exp name: dino_4scale_r50_ruod_120e_pretrained_20260318_211448
2026/03/19 07:36:27 - mmengine - INFO - Epoch(train) [78][150/245]  base_lr: 3.6053e-06 lr: 3.6053e-06  eta: 0:17:22  time: 1.8616  data_time: 0.0056  memory: 42431  grad_norm: 26.7227  loss: 1.5915  loss_cls: 0.0018  loss_bbox: 0.0256  loss_iou: 0.0643  d0.loss_cls: 0.0139  d0.loss_bbox: 0.0300  d0.loss_iou: 0.0716  d1.loss_cls: 0.0044  d1.loss_bbox: 0.0266  d1.loss_iou: 0.0657  d2.loss_cls: 0.0025  d2.loss_bbox: 0.0260  d2.loss_iou: 0.0649  d3.loss_cls: 0.0020  d3.loss_bbox: 0.0257  d3.loss_iou: 0.0644  d4.loss_cls: 0.0018  d4.loss_bbox: 0.0256  d4.loss_iou: 0.0644  enc_loss_cls: 0.0145  enc_loss_bbox: 0.0383  enc_loss_iou: 0.0897  dn_loss_cls: 0.0037  dn_loss_bbox: 0.0355  dn_loss_iou: 0.0734  d0.dn_loss_cls: 0.0210  d0.dn_loss_bbox: 0.0942  d0.dn_loss_iou: 0.1574  d1.dn_loss_cls: 0.0072  d1.dn_loss_bbox: 0.0443  d1.dn_loss_iou: 0.0851  d2.dn_loss_cls: 0.0049  d2.dn_loss_bbox: 0.0376  d2.dn_loss_iou: 0.0765  d3.dn_loss_cls: 0.0041  d3.dn_loss_bbox: 0.0359  d3.dn_loss_iou: 0.0740  d4.dn_loss_cls: 0.0037  d4.dn_loss_bbox: 0.0355  d4.dn_loss_iou: 0.0734
2026/03/19 07:38:00 - mmengine - INFO - Epoch(train) [78][200/245]  base_lr: 3.6053e-06 lr: 3.6053e-06  eta: 0:15:53  time: 1.8737  data_time: 0.0057  memory: 42312  grad_norm: 24.6252  loss: 1.6039  loss_cls: 0.0016  loss_bbox: 0.0263  loss_iou: 0.0651  d0.loss_cls: 0.0134  d0.loss_bbox: 0.0305  d0.loss_iou: 0.0725  d1.loss_cls: 0.0041  d1.loss_bbox: 0.0273  d1.loss_iou: 0.0667  d2.loss_cls: 0.0026  d2.loss_bbox: 0.0267  d2.loss_iou: 0.0657  d3.loss_cls: 0.0020  d3.loss_bbox: 0.0264  d3.loss_iou: 0.0653  d4.loss_cls: 0.0017  d4.loss_bbox: 0.0263  d4.loss_iou: 0.0651  enc_loss_cls: 0.0135  enc_loss_bbox: 0.0387  enc_loss_iou: 0.0905  dn_loss_cls: 0.0039  dn_loss_bbox: 0.0352  dn_loss_iou: 0.0745  d0.dn_loss_cls: 0.0213  d0.dn_loss_bbox: 0.0939  d0.dn_loss_iou: 0.1590  d1.dn_loss_cls: 0.0073  d1.dn_loss_bbox: 0.0432  d1.dn_loss_iou: 0.0856  d2.dn_loss_cls: 0.0050  d2.dn_loss_bbox: 0.0370  d2.dn_loss_iou: 0.0774  d3.dn_loss_cls: 0.0043  d3.dn_loss_bbox: 0.0355  d3.dn_loss_iou: 0.0752  d4.dn_loss_cls: 0.0040  d4.dn_loss_bbox: 0.0352  d4.dn_loss_iou: 0.0746
2026/03/19 07:39:22 - mmengine - INFO - Exp name: dino_4scale_r50_ruod_120e_pretrained_20260318_211448
2026/03/19 07:39:32 - mmengine - INFO - Epoch(val) [78][ 50/245]    eta: 0:00:38  time: 0.1984  data_time: 0.0130  memory: 42212  
2026/03/19 07:39:42 - mmengine - INFO - Epoch(val) [78][100/245]    eta: 0:00:28  time: 0.1987  data_time: 0.0115  memory: 1538  
2026/03/19 07:40:34 - mmengine - INFO - Epoch(val) [78][150/245]    eta: 0:00:45  time: 1.0382  data_time: 0.8492  memory: 1538  
2026/03/19 07:41:26 - mmengine - INFO - Epoch(val) [78][200/245]    eta: 0:00:27  time: 1.0359  data_time: 0.8468  memory: 1538  
2026/03/19 07:42:08 - mmengine - INFO - Evaluating bbox...
2026/03/19 07:42:32 - mmengine - INFO - bbox_mAP_copypaste: 0.520 0.769 0.548 0.110 0.366 0.593
2026/03/19 07:42:33 - mmengine - INFO - Epoch(val) [78][245/245]    coco/bbox_mAP: 0.5200  coco/bbox_mAP_50: 0.7690  coco/bbox_mAP_75: 0.5480  coco/bbox_mAP_s: 0.1100  coco/bbox_mAP_m: 0.3660  coco/bbox_mAP_l: 0.5930  data_time: 0.4513  time: 0.6391
2026/03/19 07:44:07 - mmengine - INFO - Epoch(train) [79][ 50/245]  base_lr: 2.3026e-06 lr: 2.3026e-06  eta: 0:13:04  time: 1.8854  data_time: 0.0214  memory: 42212  grad_norm: 24.4593  loss: 1.5819  loss_cls: 0.0017  loss_bbox: 0.0249  loss_iou: 0.0652  d0.loss_cls: 0.0145  d0.loss_bbox: 0.0295  d0.loss_iou: 0.0727  d1.loss_cls: 0.0045  d1.loss_bbox: 0.0261  d1.loss_iou: 0.0666  d2.loss_cls: 0.0026  d2.loss_bbox: 0.0254  d2.loss_iou: 0.0657  d3.loss_cls: 0.0020  d3.loss_bbox: 0.0251  d3.loss_iou: 0.0654  d4.loss_cls: 0.0018  d4.loss_bbox: 0.0249  d4.loss_iou: 0.0652  enc_loss_cls: 0.0142  enc_loss_bbox: 0.0383  enc_loss_iou: 0.0908  dn_loss_cls: 0.0037  dn_loss_bbox: 0.0334  dn_loss_iou: 0.0735  d0.dn_loss_cls: 0.0207  d0.dn_loss_bbox: 0.0927  d0.dn_loss_iou: 0.1579  d1.dn_loss_cls: 0.0073  d1.dn_loss_bbox: 0.0420  d1.dn_loss_iou: 0.0846  d2.dn_loss_cls: 0.0048  d2.dn_loss_bbox: 0.0354  d2.dn_loss_iou: 0.0762  d3.dn_loss_cls: 0.0041  d3.dn_loss_bbox: 0.0338  d3.dn_loss_iou: 0.0741  d4.dn_loss_cls: 0.0038  d4.dn_loss_bbox: 0.0334  d4.dn_loss_iou: 0.0735
2026/03/19 07:45:41 - mmengine - INFO - Epoch(train) [79][100/245]  base_lr: 2.3026e-06 lr: 2.3026e-06  eta: 0:11:35  time: 1.8720  data_time: 0.0055  memory: 42431  grad_norm: 24.5358  loss: 1.5309  loss_cls: 0.0015  loss_bbox: 0.0240  loss_iou: 0.0613  d0.loss_cls: 0.0138  d0.loss_bbox: 0.0285  d0.loss_iou: 0.0684  d1.loss_cls: 0.0038  d1.loss_bbox: 0.0251  d1.loss_iou: 0.0627  d2.loss_cls: 0.0022  d2.loss_bbox: 0.0245  d2.loss_iou: 0.0618  d3.loss_cls: 0.0017  d3.loss_bbox: 0.0241  d3.loss_iou: 0.0615  d4.loss_cls: 0.0015  d4.loss_bbox: 0.0240  d4.loss_iou: 0.0614  enc_loss_cls: 0.0136  enc_loss_bbox: 0.0374  enc_loss_iou: 0.0868  dn_loss_cls: 0.0039  dn_loss_bbox: 0.0332  dn_loss_iou: 0.0710  d0.dn_loss_cls: 0.0219  d0.dn_loss_bbox: 0.0916  d0.dn_loss_iou: 0.1547  d1.dn_loss_cls: 0.0074  d1.dn_loss_bbox: 0.0421  d1.dn_loss_iou: 0.0829  d2.dn_loss_cls: 0.0050  d2.dn_loss_bbox: 0.0356  d2.dn_loss_iou: 0.0742  d3.dn_loss_cls: 0.0042  d3.dn_loss_bbox: 0.0338  d3.dn_loss_iou: 0.0717  d4.dn_loss_cls: 0.0039  d4.dn_loss_bbox: 0.0333  d4.dn_loss_iou: 0.0710
2026/03/19 07:47:14 - mmengine - INFO - Epoch(train) [79][150/245]  base_lr: 2.3026e-06 lr: 2.3026e-06  eta: 0:10:06  time: 1.8583  data_time: 0.0052  memory: 42431  grad_norm: 30.2687  loss: 1.6743  loss_cls: 0.0023  loss_bbox: 0.0269  loss_iou: 0.0675  d0.loss_cls: 0.0147  d0.loss_bbox: 0.0313  d0.loss_iou: 0.0755  d1.loss_cls: 0.0048  d1.loss_bbox: 0.0279  d1.loss_iou: 0.0692  d2.loss_cls: 0.0030  d2.loss_bbox: 0.0273  d2.loss_iou: 0.0680  d3.loss_cls: 0.0024  d3.loss_bbox: 0.0271  d3.loss_iou: 0.0677  d4.loss_cls: 0.0023  d4.loss_bbox: 0.0269  d4.loss_iou: 0.0675  enc_loss_cls: 0.0138  enc_loss_bbox: 0.0395  enc_loss_iou: 0.0937  dn_loss_cls: 0.0045  dn_loss_bbox: 0.0374  dn_loss_iou: 0.0779  d0.dn_loss_cls: 0.0219  d0.dn_loss_bbox: 0.0974  d0.dn_loss_iou: 0.1641  d1.dn_loss_cls: 0.0078  d1.dn_loss_bbox: 0.0459  d1.dn_loss_iou: 0.0903  d2.dn_loss_cls: 0.0057  d2.dn_loss_bbox: 0.0395  d2.dn_loss_iou: 0.0813  d3.dn_loss_cls: 0.0049  d3.dn_loss_bbox: 0.0378  d3.dn_loss_iou: 0.0786  d4.dn_loss_cls: 0.0046  d4.dn_loss_bbox: 0.0375  d4.dn_loss_iou: 0.0780
2026/03/19 07:48:47 - mmengine - INFO - Epoch(train) [79][200/245]  base_lr: 2.3026e-06 lr: 2.3026e-06  eta: 0:08:37  time: 1.8603  data_time: 0.0058  memory: 42431  grad_norm: 23.9350  loss: 1.5713  loss_cls: 0.0010  loss_bbox: 0.0250  loss_iou: 0.0647  d0.loss_cls: 0.0120  d0.loss_bbox: 0.0292  d0.loss_iou: 0.0721  d1.loss_cls: 0.0035  d1.loss_bbox: 0.0259  d1.loss_iou: 0.0661  d2.loss_cls: 0.0018  d2.loss_bbox: 0.0252  d2.loss_iou: 0.0650  d3.loss_cls: 0.0012  d3.loss_bbox: 0.0251  d3.loss_iou: 0.0649  d4.loss_cls: 0.0011  d4.loss_bbox: 0.0250  d4.loss_iou: 0.0647  enc_loss_cls: 0.0133  enc_loss_bbox: 0.0373  enc_loss_iou: 0.0902  dn_loss_cls: 0.0035  dn_loss_bbox: 0.0333  dn_loss_iou: 0.0739  d0.dn_loss_cls: 0.0209  d0.dn_loss_bbox: 0.0910  d0.dn_loss_iou: 0.1586  d1.dn_loss_cls: 0.0071  d1.dn_loss_bbox: 0.0420  d1.dn_loss_iou: 0.0859  d2.dn_loss_cls: 0.0047  d2.dn_loss_bbox: 0.0356  d2.dn_loss_iou: 0.0771  d3.dn_loss_cls: 0.0038  d3.dn_loss_bbox: 0.0339  d3.dn_loss_iou: 0.0746  d4.dn_loss_cls: 0.0035  d4.dn_loss_bbox: 0.0334  d4.dn_loss_iou: 0.0740
2026/03/19 07:50:10 - mmengine - INFO - Exp name: dino_4scale_r50_ruod_120e_pretrained_20260318_211448
2026/03/19 07:51:45 - mmengine - INFO - Epoch(train) [80][ 50/245]  base_lr: 1.0000e-06 lr: 1.0000e-06  eta: 0:05:47  time: 1.8920  data_time: 0.0172  memory: 42431  grad_norm: 27.8399  loss: 1.5605  loss_cls: 0.0017  loss_bbox: 0.0244  loss_iou: 0.0648  d0.loss_cls: 0.0129  d0.loss_bbox: 0.0287  d0.loss_iou: 0.0725  d1.loss_cls: 0.0036  d1.loss_bbox: 0.0254  d1.loss_iou: 0.0664  d2.loss_cls: 0.0022  d2.loss_bbox: 0.0248  d2.loss_iou: 0.0652  d3.loss_cls: 0.0019  d3.loss_bbox: 0.0245  d3.loss_iou: 0.0650  d4.loss_cls: 0.0017  d4.loss_bbox: 0.0244  d4.loss_iou: 0.0648  enc_loss_cls: 0.0136  enc_loss_bbox: 0.0374  enc_loss_iou: 0.0915  dn_loss_cls: 0.0037  dn_loss_bbox: 0.0325  dn_loss_iou: 0.0731  d0.dn_loss_cls: 0.0206  d0.dn_loss_bbox: 0.0892  d0.dn_loss_iou: 0.1566  d1.dn_loss_cls: 0.0067  d1.dn_loss_bbox: 0.0411  d1.dn_loss_iou: 0.0842  d2.dn_loss_cls: 0.0046  d2.dn_loss_bbox: 0.0348  d2.dn_loss_iou: 0.0759  d3.dn_loss_cls: 0.0039  d3.dn_loss_bbox: 0.0329  d3.dn_loss_iou: 0.0737  d4.dn_loss_cls: 0.0038  d4.dn_loss_bbox: 0.0325  d4.dn_loss_iou: 0.0732
2026/03/19 07:53:18 - mmengine - INFO - Epoch(train) [80][100/245]  base_lr: 1.0000e-06 lr: 1.0000e-06  eta: 0:04:18  time: 1.8596  data_time: 0.0055  memory: 42431  grad_norm: 25.4560  loss: 1.5772  loss_cls: 0.0015  loss_bbox: 0.0254  loss_iou: 0.0650  d0.loss_cls: 0.0129  d0.loss_bbox: 0.0296  d0.loss_iou: 0.0722  d1.loss_cls: 0.0037  d1.loss_bbox: 0.0264  d1.loss_iou: 0.0665  d2.loss_cls: 0.0025  d2.loss_bbox: 0.0258  d2.loss_iou: 0.0654  d3.loss_cls: 0.0019  d3.loss_bbox: 0.0255  d3.loss_iou: 0.0650  d4.loss_cls: 0.0016  d4.loss_bbox: 0.0254  d4.loss_iou: 0.0649  enc_loss_cls: 0.0140  enc_loss_bbox: 0.0384  enc_loss_iou: 0.0905  dn_loss_cls: 0.0042  dn_loss_bbox: 0.0331  dn_loss_iou: 0.0733  d0.dn_loss_cls: 0.0214  d0.dn_loss_bbox: 0.0910  d0.dn_loss_iou: 0.1562  d1.dn_loss_cls: 0.0074  d1.dn_loss_bbox: 0.0421  d1.dn_loss_iou: 0.0850  d2.dn_loss_cls: 0.0051  d2.dn_loss_bbox: 0.0353  d2.dn_loss_iou: 0.0763  d3.dn_loss_cls: 0.0044  d3.dn_loss_bbox: 0.0336  d3.dn_loss_iou: 0.0740  d4.dn_loss_cls: 0.0042  d4.dn_loss_bbox: 0.0332  d4.dn_loss_iou: 0.0733
2026/03/19 07:54:51 - mmengine - INFO - Epoch(train) [80][150/245]  base_lr: 1.0000e-06 lr: 1.0000e-06  eta: 0:02:49  time: 1.8599  data_time: 0.0056  memory: 43851  grad_norm: 23.9889  loss: 1.5859  loss_cls: 0.0020  loss_bbox: 0.0248  loss_iou: 0.0645  d0.loss_cls: 0.0142  d0.loss_bbox: 0.0292  d0.loss_iou: 0.0717  d1.loss_cls: 0.0045  d1.loss_bbox: 0.0259  d1.loss_iou: 0.0660  d2.loss_cls: 0.0029  d2.loss_bbox: 0.0252  d2.loss_iou: 0.0649  d3.loss_cls: 0.0023  d3.loss_bbox: 0.0250  d3.loss_iou: 0.0645  d4.loss_cls: 0.0021  d4.loss_bbox: 0.0248  d4.loss_iou: 0.0644  enc_loss_cls: 0.0146  enc_loss_bbox: 0.0375  enc_loss_iou: 0.0900  dn_loss_cls: 0.0040  dn_loss_bbox: 0.0352  dn_loss_iou: 0.0739  d0.dn_loss_cls: 0.0211  d0.dn_loss_bbox: 0.0914  d0.dn_loss_iou: 0.1580  d1.dn_loss_cls: 0.0073  d1.dn_loss_bbox: 0.0426  d1.dn_loss_iou: 0.0852  d2.dn_loss_cls: 0.0050  d2.dn_loss_bbox: 0.0367  d2.dn_loss_iou: 0.0768  d3.dn_loss_cls: 0.0043  d3.dn_loss_bbox: 0.0355  d3.dn_loss_iou: 0.0745  d4.dn_loss_cls: 0.0040  d4.dn_loss_bbox: 0.0352  d4.dn_loss_iou: 0.0740
2026/03/19 07:56:25 - mmengine - INFO - Epoch(train) [80][200/245]  base_lr: 1.0000e-06 lr: 1.0000e-06  eta: 0:01:20  time: 1.8753  data_time: 0.0055  memory: 42431  grad_norm: 24.0558  loss: 1.5403  loss_cls: 0.0019  loss_bbox: 0.0242  loss_iou: 0.0633  d0.loss_cls: 0.0142  d0.loss_bbox: 0.0282  d0.loss_iou: 0.0707  d1.loss_cls: 0.0045  d1.loss_bbox: 0.0252  d1.loss_iou: 0.0649  d2.loss_cls: 0.0027  d2.loss_bbox: 0.0245  d2.loss_iou: 0.0638  d3.loss_cls: 0.0022  d3.loss_bbox: 0.0244  d3.loss_iou: 0.0635  d4.loss_cls: 0.0019  d4.loss_bbox: 0.0242  d4.loss_iou: 0.0633  enc_loss_cls: 0.0146  enc_loss_bbox: 0.0370  enc_loss_iou: 0.0896  dn_loss_cls: 0.0032  dn_loss_bbox: 0.0329  dn_loss_iou: 0.0723  d0.dn_loss_cls: 0.0189  d0.dn_loss_bbox: 0.0885  d0.dn_loss_iou: 0.1545  d1.dn_loss_cls: 0.0060  d1.dn_loss_bbox: 0.0406  d1.dn_loss_iou: 0.0827  d2.dn_loss_cls: 0.0042  d2.dn_loss_bbox: 0.0346  d2.dn_loss_iou: 0.0748  d3.dn_loss_cls: 0.0035  d3.dn_loss_bbox: 0.0333  d3.dn_loss_iou: 0.0728  d4.dn_loss_cls: 0.0032  d4.dn_loss_bbox: 0.0329  d4.dn_loss_iou: 0.0724
2026/03/19 07:57:48 - mmengine - INFO - Exp name: dino_4scale_r50_ruod_120e_pretrained_20260318_211448
2026/03/19 07:57:48 - mmengine - INFO - Saving checkpoint at 80 epochs
2026/03/19 07:58:00 - mmengine - INFO - Epoch(val) [80][ 50/245]    eta: 0:00:39  time: 0.2020  data_time: 0.0144  memory: 42372  
2026/03/19 07:58:10 - mmengine - INFO - Epoch(val) [80][100/245]    eta: 0:00:29  time: 0.2003  data_time: 0.0111  memory: 1538  
2026/03/19 07:58:20 - mmengine - INFO - Epoch(val) [80][150/245]    eta: 0:00:19  time: 0.1999  data_time: 0.0107  memory: 1538  
2026/03/19 07:58:30 - mmengine - INFO - Epoch(val) [80][200/245]    eta: 0:00:09  time: 0.2005  data_time: 0.0102  memory: 1538  
2026/03/19 07:58:47 - mmengine - INFO - Evaluating bbox...
2026/03/19 07:59:12 - mmengine - INFO - bbox_mAP_copypaste: 0.520 0.769 0.548 0.111 0.365 0.593
2026/03/19 07:59:13 - mmengine - INFO - Epoch(val) [80][245/245]    coco/bbox_mAP: 0.5200  coco/bbox_mAP_50: 0.7690  coco/bbox_mAP_75: 0.5480  coco/bbox_mAP_s: 0.1110  coco/bbox_mAP_m: 0.3650  coco/bbox_mAP_l: 0.5930  data_time: 0.0115  time: 0.2003
