2026/03/19 08:00:21 - mmengine - INFO - 
------------------------------------------------------------
System environment:
    sys.platform: linux
    Python: 3.11.10 (main, Sep  7 2024, 18:35:41) [GCC 11.4.0]
    CUDA available: True
    MUSA available: False
    numpy_random_seed: 0
    GPU 0: NVIDIA A100-SXM4-80GB
    CUDA_HOME: /usr/local/cuda
    NVCC: Cuda compilation tools, release 12.4, V12.4.131
    GCC: x86_64-linux-gnu-gcc (Ubuntu 11.4.0-1ubuntu1~22.04) 11.4.0
    PyTorch: 2.1.0+cu121
    PyTorch compiling details: PyTorch built with:
  - GCC 9.3
  - C++ Version: 201703
  - Intel(R) oneAPI Math Kernel Library Version 2022.2-Product Build 20220804 for Intel(R) 64 architecture applications
  - Intel(R) MKL-DNN v3.1.1 (Git Hash 64f6bcbcbab628e96f33a62c3e975f8535a7bde4)
  - OpenMP 201511 (a.k.a. OpenMP 4.5)
  - LAPACK is enabled (usually provided by MKL)
  - NNPACK is enabled
  - CPU capability usage: AVX2
  - CUDA Runtime 12.1
  - NVCC architecture flags: -gencode;arch=compute_50,code=sm_50;-gencode;arch=compute_60,code=sm_60;-gencode;arch=compute_70,code=sm_70;-gencode;arch=compute_75,code=sm_75;-gencode;arch=compute_80,code=sm_80;-gencode;arch=compute_86,code=sm_86;-gencode;arch=compute_90,code=sm_90
  - CuDNN 8.9.2
  - Magma 2.6.1
  - Build settings: BLAS_INFO=mkl, BUILD_TYPE=Release, CUDA_VERSION=12.1, CUDNN_VERSION=8.9.2, CXX_COMPILER=/opt/rh/devtoolset-9/root/usr/bin/c++, CXX_FLAGS= -D_GLIBCXX_USE_CXX11_ABI=0 -fabi-version=11 -fvisibility-inlines-hidden -DUSE_PTHREADPOOL -DNDEBUG -DUSE_KINETO -DLIBKINETO_NOROCTRACER -DUSE_FBGEMM -DUSE_QNNPACK -DUSE_PYTORCH_QNNPACK -DUSE_XNNPACK -DSYMBOLICATE_MOBILE_DEBUG_HANDLE -O2 -fPIC -Wall -Wextra -Werror=return-type -Werror=non-virtual-dtor -Werror=bool-operation -Wnarrowing -Wno-missing-field-initializers -Wno-type-limits -Wno-array-bounds -Wno-unknown-pragmas -Wno-unused-parameter -Wno-unused-function -Wno-unused-result -Wno-strict-overflow -Wno-strict-aliasing -Wno-stringop-overflow -Wno-psabi -Wno-error=pedantic -Wno-error=old-style-cast -Wno-invalid-partial-specialization -Wno-unused-private-field -Wno-aligned-allocation-unavailable -Wno-missing-braces -fdiagnostics-color=always -faligned-new -Wno-unused-but-set-variable -Wno-maybe-uninitialized -fno-math-errno -fno-trapping-math -Werror=format -Werror=cast-function-type -Wno-stringop-overflow, LAPACK_INFO=mkl, PERF_WITH_AVX=1, PERF_WITH_AVX2=1, PERF_WITH_AVX512=1, TORCH_DISABLE_GPU_ASSERTS=ON, TORCH_VERSION=2.1.0, USE_CUDA=ON, USE_CUDNN=ON, USE_EXCEPTION_PTR=1, USE_GFLAGS=OFF, USE_GLOG=OFF, USE_MKL=ON, USE_MKLDNN=ON, USE_MPI=OFF, USE_NCCL=1, USE_NNPACK=ON, USE_OPENMP=ON, USE_ROCM=OFF, 

    TorchVision: 0.16.0+cu121
    OpenCV: 4.11.0
    MMEngine: 0.10.7

Runtime environment:
    cudnn_benchmark: False
    mp_cfg: {'mp_start_method': 'fork', 'opencv_num_threads': 0}
    dist_cfg: {'backend': 'nccl'}
    seed: 0
    deterministic: False
    Distributed launcher: none
    Distributed training: False
    GPU number: 1
------------------------------------------------------------

2026/03/19 08:00:21 - mmengine - INFO - Config:
auto_scale_lr = dict(base_batch_size=16, enable=False)
backend_args = None
classes = (
    'holothurian',
    'echinus',
    'scallop',
    'starfish',
    'fish',
    'coral',
    'diver',
    'cuttlefish',
    'turtle',
    'jellyfish',
)
data_root = '../data-processing/vision/RUOD/processed/'
dataset_type = 'CocoDataset'
default_hooks = dict(
    checkpoint=dict(
        interval=-1,
        max_keep_ckpts=1,
        rule='greater',
        save_best='coco/bbox_mAP',
        save_last=True,
        type='CheckpointHook'),
    logger=dict(interval=50, type='LoggerHook'),
    param_scheduler=dict(type='ParamSchedulerHook'),
    sampler_seed=dict(type='DistSamplerSeedHook'),
    timer=dict(type='IterTimerHook'),
    visualization=dict(type='DetVisualizationHook'))
default_scope = 'mmdet'
env_cfg = dict(
    cudnn_benchmark=False,
    dist_cfg=dict(backend='nccl'),
    mp_cfg=dict(mp_start_method='fork', opencv_num_threads=0))
launcher = 'none'
load_from = 'https://download.openmmlab.com/mmdetection/v3.0/detr/detr_r50_8xb2-150e_coco/detr_r50_8xb2-150e_coco_20221023_153551-436d03e8.pth'
log_level = 'INFO'
log_processor = dict(by_epoch=True, type='LogProcessor', window_size=50)
metainfo = dict(
    classes=(
        'holothurian',
        'echinus',
        'scallop',
        'starfish',
        'fish',
        'coral',
        'diver',
        'cuttlefish',
        'turtle',
        'jellyfish',
    ))
model = dict(
    backbone=dict(
        depth=50,
        frozen_stages=1,
        init_cfg=dict(checkpoint='torchvision://resnet50', type='Pretrained'),
        norm_cfg=dict(requires_grad=False, type='BN'),
        norm_eval=True,
        num_stages=4,
        out_indices=(3, ),
        style='pytorch',
        type='ResNet'),
    bbox_head=dict(
        embed_dims=256,
        loss_bbox=dict(loss_weight=5.0, type='L1Loss'),
        loss_cls=dict(
            bg_cls_weight=0.1,
            class_weight=1.0,
            loss_weight=1.0,
            type='CrossEntropyLoss',
            use_sigmoid=False),
        loss_iou=dict(loss_weight=2.0, type='GIoULoss'),
        num_classes=10,
        type='DETRHead'),
    data_preprocessor=dict(
        bgr_to_rgb=True,
        mean=[
            123.675,
            116.28,
            103.53,
        ],
        pad_size_divisor=1,
        std=[
            58.395,
            57.12,
            57.375,
        ],
        type='DetDataPreprocessor'),
    decoder=dict(
        layer_cfg=dict(
            cross_attn_cfg=dict(
                batch_first=True, dropout=0.1, embed_dims=256, num_heads=8),
            ffn_cfg=dict(
                act_cfg=dict(inplace=True, type='ReLU'),
                embed_dims=256,
                feedforward_channels=2048,
                ffn_drop=0.1,
                num_fcs=2),
            self_attn_cfg=dict(
                batch_first=True, dropout=0.1, embed_dims=256, num_heads=8)),
        num_layers=6,
        return_intermediate=True),
    encoder=dict(
        layer_cfg=dict(
            ffn_cfg=dict(
                act_cfg=dict(inplace=True, type='ReLU'),
                embed_dims=256,
                feedforward_channels=2048,
                ffn_drop=0.1,
                num_fcs=2),
            self_attn_cfg=dict(
                batch_first=True, dropout=0.1, embed_dims=256, num_heads=8)),
        num_layers=6),
    neck=dict(
        act_cfg=None,
        in_channels=[
            2048,
        ],
        kernel_size=1,
        norm_cfg=None,
        num_outs=1,
        out_channels=256,
        type='ChannelMapper'),
    num_queries=100,
    positional_encoding=dict(normalize=True, num_feats=128),
    test_cfg=dict(max_per_img=100),
    train_cfg=dict(
        assigner=dict(
            match_costs=[
                dict(type='ClassificationCost', weight=1.0),
                dict(box_format='xywh', type='BBoxL1Cost', weight=5.0),
                dict(iou_mode='giou', type='IoUCost', weight=2.0),
            ],
            type='HungarianAssigner')),
    type='DETR')
num_classes = 10
optim_wrapper = dict(
    clip_grad=dict(max_norm=0.1, norm_type=2),
    optimizer=dict(lr=0.0001, type='AdamW', weight_decay=0.0001),
    paramwise_cfg=dict(custom_keys=dict(backbone=dict(lr_mult=0.1))),
    type='AmpOptimWrapper')
param_scheduler = [
    dict(
        begin=0,
        by_epoch=True,
        end=3,
        end_factor=1.0,
        start_factor=0.1,
        type='LinearLR'),
    dict(
        begin=3,
        by_epoch=True,
        end=80,
        end_factor=0.01,
        start_factor=1.0,
        type='LinearLR'),
]
randomness = dict(deterministic=False, seed=0)
resume = False
test_cfg = dict(type='TestLoop')
test_dataloader = dict(
    batch_size=1,
    dataset=dict(
        ann_file='annotations/test.json',
        backend_args=None,
        data_prefix=dict(img='images/test/'),
        data_root='../data-processing/vision/RUOD/processed/',
        metainfo=dict(
            classes=(
                'holothurian',
                'echinus',
                'scallop',
                'starfish',
                'fish',
                'coral',
                'diver',
                'cuttlefish',
                'turtle',
                'jellyfish',
            )),
        pipeline=[
            dict(backend_args=None, type='LoadImageFromFile'),
            dict(keep_ratio=True, scale=(
                640,
                640,
            ), type='Resize'),
            dict(type='LoadAnnotations', with_bbox=True),
            dict(
                meta_keys=(
                    'img_id',
                    'img_path',
                    'ori_shape',
                    'img_shape',
                    'scale_factor',
                ),
                type='PackDetInputs'),
        ],
        test_mode=True,
        type='CocoDataset'),
    drop_last=False,
    num_workers=2,
    persistent_workers=True,
    sampler=dict(shuffle=False, type='DefaultSampler'))
test_evaluator = dict(
    ann_file='../data-processing/vision/RUOD/processed/annotations/test.json',
    backend_args=None,
    format_only=False,
    metric='bbox',
    type='CocoMetric')
test_pipeline = [
    dict(backend_args=None, type='LoadImageFromFile'),
    dict(keep_ratio=True, scale=(
        640,
        640,
    ), type='Resize'),
    dict(type='LoadAnnotations', with_bbox=True),
    dict(
        meta_keys=(
            'img_id',
            'img_path',
            'ori_shape',
            'img_shape',
            'scale_factor',
        ),
        type='PackDetInputs'),
]
train_cfg = dict(max_epochs=80, type='EpochBasedTrainLoop', val_interval=2)
train_dataloader = dict(
    batch_sampler=dict(type='AspectRatioBatchSampler'),
    batch_size=32,
    dataset=dict(
        ann_file='annotations/train.json',
        backend_args=None,
        data_prefix=dict(img='images/train/'),
        data_root='../data-processing/vision/RUOD/processed/',
        filter_cfg=dict(filter_empty_gt=False),
        metainfo=dict(
            classes=(
                'holothurian',
                'echinus',
                'scallop',
                'starfish',
                'fish',
                'coral',
                'diver',
                'cuttlefish',
                'turtle',
                'jellyfish',
            )),
        pipeline=[
            dict(backend_args=None, type='LoadImageFromFile'),
            dict(type='LoadAnnotations', with_bbox=True),
            dict(keep_ratio=True, scale=(
                640,
                640,
            ), type='Resize'),
            dict(prob=0.5, type='RandomFlip'),
            dict(type='PackDetInputs'),
        ],
        type='CocoDataset'),
    num_workers=8,
    persistent_workers=True,
    pin_memory=True,
    prefetch_factor=4,
    sampler=dict(shuffle=True, type='DefaultSampler'))
train_pipeline = [
    dict(backend_args=None, type='LoadImageFromFile'),
    dict(type='LoadAnnotations', with_bbox=True),
    dict(keep_ratio=True, scale=(
        640,
        640,
    ), type='Resize'),
    dict(prob=0.5, type='RandomFlip'),
    dict(type='PackDetInputs'),
]
val_cfg = dict(type='ValLoop')
val_dataloader = dict(
    batch_size=8,
    dataset=dict(
        ann_file='annotations/val.json',
        backend_args=None,
        data_prefix=dict(img='images/val/'),
        data_root='../data-processing/vision/RUOD/processed/',
        metainfo=dict(
            classes=(
                'holothurian',
                'echinus',
                'scallop',
                'starfish',
                'fish',
                'coral',
                'diver',
                'cuttlefish',
                'turtle',
                'jellyfish',
            )),
        pipeline=[
            dict(backend_args=None, type='LoadImageFromFile'),
            dict(keep_ratio=True, scale=(
                640,
                640,
            ), type='Resize'),
            dict(type='LoadAnnotations', with_bbox=True),
            dict(
                meta_keys=(
                    'img_id',
                    'img_path',
                    'ori_shape',
                    'img_shape',
                    'scale_factor',
                ),
                type='PackDetInputs'),
        ],
        test_mode=True,
        type='CocoDataset'),
    drop_last=False,
    num_workers=4,
    persistent_workers=True,
    sampler=dict(shuffle=False, type='DefaultSampler'))
val_evaluator = dict(
    ann_file='../data-processing/vision/RUOD/processed/annotations/val.json',
    backend_args=None,
    format_only=False,
    metric='bbox',
    type='CocoMetric')
vis_backends = [
    dict(type='LocalVisBackend'),
]
visualizer = dict(
    name='visualizer',
    type='DetLocalVisualizer',
    vis_backends=[
        dict(type='LocalVisBackend'),
    ])
work_dir = '../runs/mmdet/detr_r50_ruod_120e_pretrained'

2026/03/19 08:00:25 - mmengine - INFO - Distributed training is not used, all SyncBatchNorm (SyncBN) layers in the model will be automatically reverted to BatchNormXd layers if they are used.
2026/03/19 08:00:25 - mmengine - INFO - Hooks will be executed in the following order:
before_run:
(VERY_HIGH   ) RuntimeInfoHook                    
(BELOW_NORMAL) LoggerHook                         
 -------------------- 
before_train:
(VERY_HIGH   ) RuntimeInfoHook                    
(NORMAL      ) IterTimerHook                      
(VERY_LOW    ) CheckpointHook                     
 -------------------- 
before_train_epoch:
(VERY_HIGH   ) RuntimeInfoHook                    
(NORMAL      ) IterTimerHook                      
(NORMAL      ) DistSamplerSeedHook                
 -------------------- 
before_train_iter:
(VERY_HIGH   ) RuntimeInfoHook                    
(NORMAL      ) IterTimerHook                      
 -------------------- 
after_train_iter:
(VERY_HIGH   ) RuntimeInfoHook                    
(NORMAL      ) IterTimerHook                      
(BELOW_NORMAL) LoggerHook                         
(LOW         ) ParamSchedulerHook                 
(VERY_LOW    ) CheckpointHook                     
 -------------------- 
after_train_epoch:
(NORMAL      ) IterTimerHook                      
(LOW         ) ParamSchedulerHook                 
(VERY_LOW    ) CheckpointHook                     
 -------------------- 
before_val:
(VERY_HIGH   ) RuntimeInfoHook                    
 -------------------- 
before_val_epoch:
(NORMAL      ) IterTimerHook                      
 -------------------- 
before_val_iter:
(NORMAL      ) IterTimerHook                      
 -------------------- 
after_val_iter:
(NORMAL      ) IterTimerHook                      
(NORMAL      ) DetVisualizationHook               
(BELOW_NORMAL) LoggerHook                         
 -------------------- 
after_val_epoch:
(VERY_HIGH   ) RuntimeInfoHook                    
(NORMAL      ) IterTimerHook                      
(BELOW_NORMAL) LoggerHook                         
(LOW         ) ParamSchedulerHook                 
(VERY_LOW    ) CheckpointHook                     
 -------------------- 
after_val:
(VERY_HIGH   ) RuntimeInfoHook                    
 -------------------- 
after_train:
(VERY_HIGH   ) RuntimeInfoHook                    
(VERY_LOW    ) CheckpointHook                     
 -------------------- 
before_test:
(VERY_HIGH   ) RuntimeInfoHook                    
 -------------------- 
before_test_epoch:
(NORMAL      ) IterTimerHook                      
 -------------------- 
before_test_iter:
(NORMAL      ) IterTimerHook                      
 -------------------- 
after_test_iter:
(NORMAL      ) IterTimerHook                      
(NORMAL      ) DetVisualizationHook               
(BELOW_NORMAL) LoggerHook                         
 -------------------- 
after_test_epoch:
(VERY_HIGH   ) RuntimeInfoHook                    
(NORMAL      ) IterTimerHook                      
(BELOW_NORMAL) LoggerHook                         
 -------------------- 
after_test:
(VERY_HIGH   ) RuntimeInfoHook                    
 -------------------- 
after_run:
(BELOW_NORMAL) LoggerHook                         
 -------------------- 
2026/03/19 08:00:26 - mmengine - WARNING - backbone.conv1.weight is skipped since its requires_grad=False
2026/03/19 08:00:26 - mmengine - WARNING - backbone.bn1.weight is skipped since its requires_grad=False
2026/03/19 08:00:26 - mmengine - WARNING - backbone.bn1.bias is skipped since its requires_grad=False
2026/03/19 08:00:26 - mmengine - WARNING - backbone.layer1.0.conv1.weight is skipped since its requires_grad=False
2026/03/19 08:00:26 - mmengine - WARNING - backbone.layer1.0.bn1.weight is skipped since its requires_grad=False
2026/03/19 08:00:26 - mmengine - WARNING - backbone.layer1.0.bn1.bias is skipped since its requires_grad=False
2026/03/19 08:00:26 - mmengine - WARNING - backbone.layer1.0.conv2.weight is skipped since its requires_grad=False
2026/03/19 08:00:26 - mmengine - WARNING - backbone.layer1.0.bn2.weight is skipped since its requires_grad=False
2026/03/19 08:00:26 - mmengine - WARNING - backbone.layer1.0.bn2.bias is skipped since its requires_grad=False
2026/03/19 08:00:26 - mmengine - WARNING - backbone.layer1.0.conv3.weight is skipped since its requires_grad=False
2026/03/19 08:00:26 - mmengine - WARNING - backbone.layer1.0.bn3.weight is skipped since its requires_grad=False
2026/03/19 08:00:26 - mmengine - WARNING - backbone.layer1.0.bn3.bias is skipped since its requires_grad=False
2026/03/19 08:00:26 - mmengine - WARNING - backbone.layer1.0.downsample.0.weight is skipped since its requires_grad=False
2026/03/19 08:00:26 - mmengine - WARNING - backbone.layer1.0.downsample.1.weight is skipped since its requires_grad=False
2026/03/19 08:00:26 - mmengine - WARNING - backbone.layer1.0.downsample.1.bias is skipped since its requires_grad=False
2026/03/19 08:00:26 - mmengine - WARNING - backbone.layer1.1.conv1.weight is skipped since its requires_grad=False
2026/03/19 08:00:26 - mmengine - WARNING - backbone.layer1.1.bn1.weight is skipped since its requires_grad=False
2026/03/19 08:00:26 - mmengine - WARNING - backbone.layer1.1.bn1.bias is skipped since its requires_grad=False
2026/03/19 08:00:26 - mmengine - WARNING - backbone.layer1.1.conv2.weight is skipped since its requires_grad=False
2026/03/19 08:00:26 - mmengine - WARNING - backbone.layer1.1.bn2.weight is skipped since its requires_grad=False
2026/03/19 08:00:26 - mmengine - WARNING - backbone.layer1.1.bn2.bias is skipped since its requires_grad=False
2026/03/19 08:00:26 - mmengine - WARNING - backbone.layer1.1.conv3.weight is skipped since its requires_grad=False
2026/03/19 08:00:26 - mmengine - WARNING - backbone.layer1.1.bn3.weight is skipped since its requires_grad=False
2026/03/19 08:00:26 - mmengine - WARNING - backbone.layer1.1.bn3.bias is skipped since its requires_grad=False
2026/03/19 08:00:26 - mmengine - WARNING - backbone.layer1.2.conv1.weight is skipped since its requires_grad=False
2026/03/19 08:00:26 - mmengine - WARNING - backbone.layer1.2.bn1.weight is skipped since its requires_grad=False
2026/03/19 08:00:26 - mmengine - WARNING - backbone.layer1.2.bn1.bias is skipped since its requires_grad=False
2026/03/19 08:00:26 - mmengine - WARNING - backbone.layer1.2.conv2.weight is skipped since its requires_grad=False
2026/03/19 08:00:26 - mmengine - WARNING - backbone.layer1.2.bn2.weight is skipped since its requires_grad=False
2026/03/19 08:00:26 - mmengine - WARNING - backbone.layer1.2.bn2.bias is skipped since its requires_grad=False
2026/03/19 08:00:26 - mmengine - WARNING - backbone.layer1.2.conv3.weight is skipped since its requires_grad=False
2026/03/19 08:00:26 - mmengine - WARNING - backbone.layer1.2.bn3.weight is skipped since its requires_grad=False
2026/03/19 08:00:26 - mmengine - WARNING - backbone.layer1.2.bn3.bias is skipped since its requires_grad=False
2026/03/19 08:00:26 - mmengine - INFO - paramwise_options -- backbone.layer2.0.conv1.weight:lr=1e-05
2026/03/19 08:00:26 - mmengine - INFO - paramwise_options -- backbone.layer2.0.conv1.weight:weight_decay=0.0001
2026/03/19 08:00:26 - mmengine - INFO - paramwise_options -- backbone.layer2.0.conv1.weight:lr_mult=0.1
2026/03/19 08:00:27 - mmengine - WARNING - backbone.layer2.0.bn1.weight is skipped since its requires_grad=False
2026/03/19 08:00:27 - mmengine - WARNING - backbone.layer2.0.bn1.bias is skipped since its requires_grad=False
2026/03/19 08:00:27 - mmengine - INFO - paramwise_options -- backbone.layer2.0.conv2.weight:lr=1e-05
2026/03/19 08:00:27 - mmengine - INFO - paramwise_options -- backbone.layer2.0.conv2.weight:weight_decay=0.0001
2026/03/19 08:00:27 - mmengine - INFO - paramwise_options -- backbone.layer2.0.conv2.weight:lr_mult=0.1
2026/03/19 08:00:27 - mmengine - WARNING - backbone.layer2.0.bn2.weight is skipped since its requires_grad=False
2026/03/19 08:00:27 - mmengine - WARNING - backbone.layer2.0.bn2.bias is skipped since its requires_grad=False
2026/03/19 08:00:27 - mmengine - INFO - paramwise_options -- backbone.layer2.0.conv3.weight:lr=1e-05
2026/03/19 08:00:27 - mmengine - INFO - paramwise_options -- backbone.layer2.0.conv3.weight:weight_decay=0.0001
2026/03/19 08:00:27 - mmengine - INFO - paramwise_options -- backbone.layer2.0.conv3.weight:lr_mult=0.1
2026/03/19 08:00:27 - mmengine - WARNING - backbone.layer2.0.bn3.weight is skipped since its requires_grad=False
2026/03/19 08:00:27 - mmengine - WARNING - backbone.layer2.0.bn3.bias is skipped since its requires_grad=False
2026/03/19 08:00:27 - mmengine - INFO - paramwise_options -- backbone.layer2.0.downsample.0.weight:lr=1e-05
2026/03/19 08:00:27 - mmengine - INFO - paramwise_options -- backbone.layer2.0.downsample.0.weight:weight_decay=0.0001
2026/03/19 08:00:27 - mmengine - INFO - paramwise_options -- backbone.layer2.0.downsample.0.weight:lr_mult=0.1
2026/03/19 08:00:27 - mmengine - WARNING - backbone.layer2.0.downsample.1.weight is skipped since its requires_grad=False
2026/03/19 08:00:27 - mmengine - WARNING - backbone.layer2.0.downsample.1.bias is skipped since its requires_grad=False
2026/03/19 08:00:27 - mmengine - INFO - paramwise_options -- backbone.layer2.1.conv1.weight:lr=1e-05
2026/03/19 08:00:27 - mmengine - INFO - paramwise_options -- backbone.layer2.1.conv1.weight:weight_decay=0.0001
2026/03/19 08:00:27 - mmengine - INFO - paramwise_options -- backbone.layer2.1.conv1.weight:lr_mult=0.1
2026/03/19 08:00:27 - mmengine - WARNING - backbone.layer2.1.bn1.weight is skipped since its requires_grad=False
2026/03/19 08:00:27 - mmengine - WARNING - backbone.layer2.1.bn1.bias is skipped since its requires_grad=False
2026/03/19 08:00:27 - mmengine - INFO - paramwise_options -- backbone.layer2.1.conv2.weight:lr=1e-05
2026/03/19 08:00:27 - mmengine - INFO - paramwise_options -- backbone.layer2.1.conv2.weight:weight_decay=0.0001
2026/03/19 08:00:27 - mmengine - INFO - paramwise_options -- backbone.layer2.1.conv2.weight:lr_mult=0.1
2026/03/19 08:00:27 - mmengine - WARNING - backbone.layer2.1.bn2.weight is skipped since its requires_grad=False
2026/03/19 08:00:27 - mmengine - WARNING - backbone.layer2.1.bn2.bias is skipped since its requires_grad=False
2026/03/19 08:00:27 - mmengine - INFO - paramwise_options -- backbone.layer2.1.conv3.weight:lr=1e-05
2026/03/19 08:00:27 - mmengine - INFO - paramwise_options -- backbone.layer2.1.conv3.weight:weight_decay=0.0001
2026/03/19 08:00:27 - mmengine - INFO - paramwise_options -- backbone.layer2.1.conv3.weight:lr_mult=0.1
2026/03/19 08:00:27 - mmengine - WARNING - backbone.layer2.1.bn3.weight is skipped since its requires_grad=False
2026/03/19 08:00:27 - mmengine - WARNING - backbone.layer2.1.bn3.bias is skipped since its requires_grad=False
2026/03/19 08:00:27 - mmengine - INFO - paramwise_options -- backbone.layer2.2.conv1.weight:lr=1e-05
2026/03/19 08:00:27 - mmengine - INFO - paramwise_options -- backbone.layer2.2.conv1.weight:weight_decay=0.0001
2026/03/19 08:00:27 - mmengine - INFO - paramwise_options -- backbone.layer2.2.conv1.weight:lr_mult=0.1
2026/03/19 08:00:27 - mmengine - WARNING - backbone.layer2.2.bn1.weight is skipped since its requires_grad=False
2026/03/19 08:00:27 - mmengine - WARNING - backbone.layer2.2.bn1.bias is skipped since its requires_grad=False
2026/03/19 08:00:27 - mmengine - INFO - paramwise_options -- backbone.layer2.2.conv2.weight:lr=1e-05
2026/03/19 08:00:27 - mmengine - INFO - paramwise_options -- backbone.layer2.2.conv2.weight:weight_decay=0.0001
2026/03/19 08:00:27 - mmengine - INFO - paramwise_options -- backbone.layer2.2.conv2.weight:lr_mult=0.1
2026/03/19 08:00:27 - mmengine - WARNING - backbone.layer2.2.bn2.weight is skipped since its requires_grad=False
2026/03/19 08:00:27 - mmengine - WARNING - backbone.layer2.2.bn2.bias is skipped since its requires_grad=False
2026/03/19 08:00:27 - mmengine - INFO - paramwise_options -- backbone.layer2.2.conv3.weight:lr=1e-05
2026/03/19 08:00:27 - mmengine - INFO - paramwise_options -- backbone.layer2.2.conv3.weight:weight_decay=0.0001
2026/03/19 08:00:27 - mmengine - INFO - paramwise_options -- backbone.layer2.2.conv3.weight:lr_mult=0.1
2026/03/19 08:00:27 - mmengine - WARNING - backbone.layer2.2.bn3.weight is skipped since its requires_grad=False
2026/03/19 08:00:27 - mmengine - WARNING - backbone.layer2.2.bn3.bias is skipped since its requires_grad=False
2026/03/19 08:00:27 - mmengine - INFO - paramwise_options -- backbone.layer2.3.conv1.weight:lr=1e-05
2026/03/19 08:00:27 - mmengine - INFO - paramwise_options -- backbone.layer2.3.conv1.weight:weight_decay=0.0001
2026/03/19 08:00:27 - mmengine - INFO - paramwise_options -- backbone.layer2.3.conv1.weight:lr_mult=0.1
2026/03/19 08:00:27 - mmengine - WARNING - backbone.layer2.3.bn1.weight is skipped since its requires_grad=False
2026/03/19 08:00:27 - mmengine - WARNING - backbone.layer2.3.bn1.bias is skipped since its requires_grad=False
2026/03/19 08:00:27 - mmengine - INFO - paramwise_options -- backbone.layer2.3.conv2.weight:lr=1e-05
2026/03/19 08:00:27 - mmengine - INFO - paramwise_options -- backbone.layer2.3.conv2.weight:weight_decay=0.0001
2026/03/19 08:00:27 - mmengine - INFO - paramwise_options -- backbone.layer2.3.conv2.weight:lr_mult=0.1
2026/03/19 08:00:27 - mmengine - WARNING - backbone.layer2.3.bn2.weight is skipped since its requires_grad=False
2026/03/19 08:00:27 - mmengine - WARNING - backbone.layer2.3.bn2.bias is skipped since its requires_grad=False
2026/03/19 08:00:27 - mmengine - INFO - paramwise_options -- backbone.layer2.3.conv3.weight:lr=1e-05
2026/03/19 08:00:27 - mmengine - INFO - paramwise_options -- backbone.layer2.3.conv3.weight:weight_decay=0.0001
2026/03/19 08:00:27 - mmengine - INFO - paramwise_options -- backbone.layer2.3.conv3.weight:lr_mult=0.1
2026/03/19 08:00:27 - mmengine - WARNING - backbone.layer2.3.bn3.weight is skipped since its requires_grad=False
2026/03/19 08:00:27 - mmengine - WARNING - backbone.layer2.3.bn3.bias is skipped since its requires_grad=False
2026/03/19 08:00:27 - mmengine - INFO - paramwise_options -- backbone.layer3.0.conv1.weight:lr=1e-05
2026/03/19 08:00:27 - mmengine - INFO - paramwise_options -- backbone.layer3.0.conv1.weight:weight_decay=0.0001
2026/03/19 08:00:27 - mmengine - INFO - paramwise_options -- backbone.layer3.0.conv1.weight:lr_mult=0.1
2026/03/19 08:00:27 - mmengine - WARNING - backbone.layer3.0.bn1.weight is skipped since its requires_grad=False
2026/03/19 08:00:27 - mmengine - WARNING - backbone.layer3.0.bn1.bias is skipped since its requires_grad=False
2026/03/19 08:00:27 - mmengine - INFO - paramwise_options -- backbone.layer3.0.conv2.weight:lr=1e-05
2026/03/19 08:00:27 - mmengine - INFO - paramwise_options -- backbone.layer3.0.conv2.weight:weight_decay=0.0001
2026/03/19 08:00:27 - mmengine - INFO - paramwise_options -- backbone.layer3.0.conv2.weight:lr_mult=0.1
2026/03/19 08:00:27 - mmengine - WARNING - backbone.layer3.0.bn2.weight is skipped since its requires_grad=False
2026/03/19 08:00:27 - mmengine - WARNING - backbone.layer3.0.bn2.bias is skipped since its requires_grad=False
2026/03/19 08:00:27 - mmengine - INFO - paramwise_options -- backbone.layer3.0.conv3.weight:lr=1e-05
2026/03/19 08:00:27 - mmengine - INFO - paramwise_options -- backbone.layer3.0.conv3.weight:weight_decay=0.0001
2026/03/19 08:00:27 - mmengine - INFO - paramwise_options -- backbone.layer3.0.conv3.weight:lr_mult=0.1
2026/03/19 08:00:27 - mmengine - WARNING - backbone.layer3.0.bn3.weight is skipped since its requires_grad=False
2026/03/19 08:00:27 - mmengine - WARNING - backbone.layer3.0.bn3.bias is skipped since its requires_grad=False
2026/03/19 08:00:27 - mmengine - INFO - paramwise_options -- backbone.layer3.0.downsample.0.weight:lr=1e-05
2026/03/19 08:00:27 - mmengine - INFO - paramwise_options -- backbone.layer3.0.downsample.0.weight:weight_decay=0.0001
2026/03/19 08:00:27 - mmengine - INFO - paramwise_options -- backbone.layer3.0.downsample.0.weight:lr_mult=0.1
2026/03/19 08:00:27 - mmengine - WARNING - backbone.layer3.0.downsample.1.weight is skipped since its requires_grad=False
2026/03/19 08:00:27 - mmengine - WARNING - backbone.layer3.0.downsample.1.bias is skipped since its requires_grad=False
2026/03/19 08:00:27 - mmengine - INFO - paramwise_options -- backbone.layer3.1.conv1.weight:lr=1e-05
2026/03/19 08:00:27 - mmengine - INFO - paramwise_options -- backbone.layer3.1.conv1.weight:weight_decay=0.0001
2026/03/19 08:00:27 - mmengine - INFO - paramwise_options -- backbone.layer3.1.conv1.weight:lr_mult=0.1
2026/03/19 08:00:27 - mmengine - WARNING - backbone.layer3.1.bn1.weight is skipped since its requires_grad=False
2026/03/19 08:00:27 - mmengine - WARNING - backbone.layer3.1.bn1.bias is skipped since its requires_grad=False
2026/03/19 08:00:27 - mmengine - INFO - paramwise_options -- backbone.layer3.1.conv2.weight:lr=1e-05
2026/03/19 08:00:27 - mmengine - INFO - paramwise_options -- backbone.layer3.1.conv2.weight:weight_decay=0.0001
2026/03/19 08:00:27 - mmengine - INFO - paramwise_options -- backbone.layer3.1.conv2.weight:lr_mult=0.1
2026/03/19 08:00:27 - mmengine - WARNING - backbone.layer3.1.bn2.weight is skipped since its requires_grad=False
2026/03/19 08:00:27 - mmengine - WARNING - backbone.layer3.1.bn2.bias is skipped since its requires_grad=False
2026/03/19 08:00:27 - mmengine - INFO - paramwise_options -- backbone.layer3.1.conv3.weight:lr=1e-05
2026/03/19 08:00:27 - mmengine - INFO - paramwise_options -- backbone.layer3.1.conv3.weight:weight_decay=0.0001
2026/03/19 08:00:27 - mmengine - INFO - paramwise_options -- backbone.layer3.1.conv3.weight:lr_mult=0.1
2026/03/19 08:00:27 - mmengine - WARNING - backbone.layer3.1.bn3.weight is skipped since its requires_grad=False
2026/03/19 08:00:27 - mmengine - WARNING - backbone.layer3.1.bn3.bias is skipped since its requires_grad=False
2026/03/19 08:00:27 - mmengine - INFO - paramwise_options -- backbone.layer3.2.conv1.weight:lr=1e-05
2026/03/19 08:00:27 - mmengine - INFO - paramwise_options -- backbone.layer3.2.conv1.weight:weight_decay=0.0001
2026/03/19 08:00:27 - mmengine - INFO - paramwise_options -- backbone.layer3.2.conv1.weight:lr_mult=0.1
2026/03/19 08:00:27 - mmengine - WARNING - backbone.layer3.2.bn1.weight is skipped since its requires_grad=False
2026/03/19 08:00:27 - mmengine - WARNING - backbone.layer3.2.bn1.bias is skipped since its requires_grad=False
2026/03/19 08:00:27 - mmengine - INFO - paramwise_options -- backbone.layer3.2.conv2.weight:lr=1e-05
2026/03/19 08:00:27 - mmengine - INFO - paramwise_options -- backbone.layer3.2.conv2.weight:weight_decay=0.0001
2026/03/19 08:00:27 - mmengine - INFO - paramwise_options -- backbone.layer3.2.conv2.weight:lr_mult=0.1
2026/03/19 08:00:27 - mmengine - WARNING - backbone.layer3.2.bn2.weight is skipped since its requires_grad=False
2026/03/19 08:00:27 - mmengine - WARNING - backbone.layer3.2.bn2.bias is skipped since its requires_grad=False
2026/03/19 08:00:27 - mmengine - INFO - paramwise_options -- backbone.layer3.2.conv3.weight:lr=1e-05
2026/03/19 08:00:27 - mmengine - INFO - paramwise_options -- backbone.layer3.2.conv3.weight:weight_decay=0.0001
2026/03/19 08:00:27 - mmengine - INFO - paramwise_options -- backbone.layer3.2.conv3.weight:lr_mult=0.1
2026/03/19 08:00:27 - mmengine - WARNING - backbone.layer3.2.bn3.weight is skipped since its requires_grad=False
2026/03/19 08:00:27 - mmengine - WARNING - backbone.layer3.2.bn3.bias is skipped since its requires_grad=False
2026/03/19 08:00:27 - mmengine - INFO - paramwise_options -- backbone.layer3.3.conv1.weight:lr=1e-05
2026/03/19 08:00:27 - mmengine - INFO - paramwise_options -- backbone.layer3.3.conv1.weight:weight_decay=0.0001
2026/03/19 08:00:27 - mmengine - INFO - paramwise_options -- backbone.layer3.3.conv1.weight:lr_mult=0.1
2026/03/19 08:00:27 - mmengine - WARNING - backbone.layer3.3.bn1.weight is skipped since its requires_grad=False
2026/03/19 08:00:27 - mmengine - WARNING - backbone.layer3.3.bn1.bias is skipped since its requires_grad=False
2026/03/19 08:00:27 - mmengine - INFO - paramwise_options -- backbone.layer3.3.conv2.weight:lr=1e-05
2026/03/19 08:00:27 - mmengine - INFO - paramwise_options -- backbone.layer3.3.conv2.weight:weight_decay=0.0001
2026/03/19 08:00:27 - mmengine - INFO - paramwise_options -- backbone.layer3.3.conv2.weight:lr_mult=0.1
2026/03/19 08:00:27 - mmengine - WARNING - backbone.layer3.3.bn2.weight is skipped since its requires_grad=False
2026/03/19 08:00:27 - mmengine - WARNING - backbone.layer3.3.bn2.bias is skipped since its requires_grad=False
2026/03/19 08:00:27 - mmengine - INFO - paramwise_options -- backbone.layer3.3.conv3.weight:lr=1e-05
2026/03/19 08:00:27 - mmengine - INFO - paramwise_options -- backbone.layer3.3.conv3.weight:weight_decay=0.0001
2026/03/19 08:00:27 - mmengine - INFO - paramwise_options -- backbone.layer3.3.conv3.weight:lr_mult=0.1
2026/03/19 08:00:27 - mmengine - WARNING - backbone.layer3.3.bn3.weight is skipped since its requires_grad=False
2026/03/19 08:00:27 - mmengine - WARNING - backbone.layer3.3.bn3.bias is skipped since its requires_grad=False
2026/03/19 08:00:27 - mmengine - INFO - paramwise_options -- backbone.layer3.4.conv1.weight:lr=1e-05
2026/03/19 08:00:27 - mmengine - INFO - paramwise_options -- backbone.layer3.4.conv1.weight:weight_decay=0.0001
2026/03/19 08:00:27 - mmengine - INFO - paramwise_options -- backbone.layer3.4.conv1.weight:lr_mult=0.1
2026/03/19 08:00:27 - mmengine - WARNING - backbone.layer3.4.bn1.weight is skipped since its requires_grad=False
2026/03/19 08:00:27 - mmengine - WARNING - backbone.layer3.4.bn1.bias is skipped since its requires_grad=False
2026/03/19 08:00:27 - mmengine - INFO - paramwise_options -- backbone.layer3.4.conv2.weight:lr=1e-05
2026/03/19 08:00:27 - mmengine - INFO - paramwise_options -- backbone.layer3.4.conv2.weight:weight_decay=0.0001
2026/03/19 08:00:27 - mmengine - INFO - paramwise_options -- backbone.layer3.4.conv2.weight:lr_mult=0.1
2026/03/19 08:00:27 - mmengine - WARNING - backbone.layer3.4.bn2.weight is skipped since its requires_grad=False
2026/03/19 08:00:27 - mmengine - WARNING - backbone.layer3.4.bn2.bias is skipped since its requires_grad=False
2026/03/19 08:00:27 - mmengine - INFO - paramwise_options -- backbone.layer3.4.conv3.weight:lr=1e-05
2026/03/19 08:00:27 - mmengine - INFO - paramwise_options -- backbone.layer3.4.conv3.weight:weight_decay=0.0001
2026/03/19 08:00:27 - mmengine - INFO - paramwise_options -- backbone.layer3.4.conv3.weight:lr_mult=0.1
2026/03/19 08:00:27 - mmengine - WARNING - backbone.layer3.4.bn3.weight is skipped since its requires_grad=False
2026/03/19 08:00:27 - mmengine - WARNING - backbone.layer3.4.bn3.bias is skipped since its requires_grad=False
2026/03/19 08:00:27 - mmengine - INFO - paramwise_options -- backbone.layer3.5.conv1.weight:lr=1e-05
2026/03/19 08:00:27 - mmengine - INFO - paramwise_options -- backbone.layer3.5.conv1.weight:weight_decay=0.0001
2026/03/19 08:00:27 - mmengine - INFO - paramwise_options -- backbone.layer3.5.conv1.weight:lr_mult=0.1
2026/03/19 08:00:27 - mmengine - WARNING - backbone.layer3.5.bn1.weight is skipped since its requires_grad=False
2026/03/19 08:00:27 - mmengine - WARNING - backbone.layer3.5.bn1.bias is skipped since its requires_grad=False
2026/03/19 08:00:27 - mmengine - INFO - paramwise_options -- backbone.layer3.5.conv2.weight:lr=1e-05
2026/03/19 08:00:27 - mmengine - INFO - paramwise_options -- backbone.layer3.5.conv2.weight:weight_decay=0.0001
2026/03/19 08:00:27 - mmengine - INFO - paramwise_options -- backbone.layer3.5.conv2.weight:lr_mult=0.1
2026/03/19 08:00:27 - mmengine - WARNING - backbone.layer3.5.bn2.weight is skipped since its requires_grad=False
2026/03/19 08:00:27 - mmengine - WARNING - backbone.layer3.5.bn2.bias is skipped since its requires_grad=False
2026/03/19 08:00:27 - mmengine - INFO - paramwise_options -- backbone.layer3.5.conv3.weight:lr=1e-05
2026/03/19 08:00:27 - mmengine - INFO - paramwise_options -- backbone.layer3.5.conv3.weight:weight_decay=0.0001
2026/03/19 08:00:27 - mmengine - INFO - paramwise_options -- backbone.layer3.5.conv3.weight:lr_mult=0.1
2026/03/19 08:00:27 - mmengine - WARNING - backbone.layer3.5.bn3.weight is skipped since its requires_grad=False
2026/03/19 08:00:27 - mmengine - WARNING - backbone.layer3.5.bn3.bias is skipped since its requires_grad=False
2026/03/19 08:00:27 - mmengine - INFO - paramwise_options -- backbone.layer4.0.conv1.weight:lr=1e-05
2026/03/19 08:00:27 - mmengine - INFO - paramwise_options -- backbone.layer4.0.conv1.weight:weight_decay=0.0001
2026/03/19 08:00:27 - mmengine - INFO - paramwise_options -- backbone.layer4.0.conv1.weight:lr_mult=0.1
2026/03/19 08:00:27 - mmengine - WARNING - backbone.layer4.0.bn1.weight is skipped since its requires_grad=False
2026/03/19 08:00:27 - mmengine - WARNING - backbone.layer4.0.bn1.bias is skipped since its requires_grad=False
2026/03/19 08:00:27 - mmengine - INFO - paramwise_options -- backbone.layer4.0.conv2.weight:lr=1e-05
2026/03/19 08:00:27 - mmengine - INFO - paramwise_options -- backbone.layer4.0.conv2.weight:weight_decay=0.0001
2026/03/19 08:00:27 - mmengine - INFO - paramwise_options -- backbone.layer4.0.conv2.weight:lr_mult=0.1
2026/03/19 08:00:27 - mmengine - WARNING - backbone.layer4.0.bn2.weight is skipped since its requires_grad=False
2026/03/19 08:00:27 - mmengine - WARNING - backbone.layer4.0.bn2.bias is skipped since its requires_grad=False
2026/03/19 08:00:27 - mmengine - INFO - paramwise_options -- backbone.layer4.0.conv3.weight:lr=1e-05
2026/03/19 08:00:27 - mmengine - INFO - paramwise_options -- backbone.layer4.0.conv3.weight:weight_decay=0.0001
2026/03/19 08:00:27 - mmengine - INFO - paramwise_options -- backbone.layer4.0.conv3.weight:lr_mult=0.1
2026/03/19 08:00:27 - mmengine - WARNING - backbone.layer4.0.bn3.weight is skipped since its requires_grad=False
2026/03/19 08:00:27 - mmengine - WARNING - backbone.layer4.0.bn3.bias is skipped since its requires_grad=False
2026/03/19 08:00:27 - mmengine - INFO - paramwise_options -- backbone.layer4.0.downsample.0.weight:lr=1e-05
2026/03/19 08:00:27 - mmengine - INFO - paramwise_options -- backbone.layer4.0.downsample.0.weight:weight_decay=0.0001
2026/03/19 08:00:27 - mmengine - INFO - paramwise_options -- backbone.layer4.0.downsample.0.weight:lr_mult=0.1
2026/03/19 08:00:27 - mmengine - WARNING - backbone.layer4.0.downsample.1.weight is skipped since its requires_grad=False
2026/03/19 08:00:27 - mmengine - WARNING - backbone.layer4.0.downsample.1.bias is skipped since its requires_grad=False
2026/03/19 08:00:27 - mmengine - INFO - paramwise_options -- backbone.layer4.1.conv1.weight:lr=1e-05
2026/03/19 08:00:27 - mmengine - INFO - paramwise_options -- backbone.layer4.1.conv1.weight:weight_decay=0.0001
2026/03/19 08:00:27 - mmengine - INFO - paramwise_options -- backbone.layer4.1.conv1.weight:lr_mult=0.1
2026/03/19 08:00:27 - mmengine - WARNING - backbone.layer4.1.bn1.weight is skipped since its requires_grad=False
2026/03/19 08:00:27 - mmengine - WARNING - backbone.layer4.1.bn1.bias is skipped since its requires_grad=False
2026/03/19 08:00:27 - mmengine - INFO - paramwise_options -- backbone.layer4.1.conv2.weight:lr=1e-05
2026/03/19 08:00:27 - mmengine - INFO - paramwise_options -- backbone.layer4.1.conv2.weight:weight_decay=0.0001
2026/03/19 08:00:27 - mmengine - INFO - paramwise_options -- backbone.layer4.1.conv2.weight:lr_mult=0.1
2026/03/19 08:00:27 - mmengine - WARNING - backbone.layer4.1.bn2.weight is skipped since its requires_grad=False
2026/03/19 08:00:27 - mmengine - WARNING - backbone.layer4.1.bn2.bias is skipped since its requires_grad=False
2026/03/19 08:00:27 - mmengine - INFO - paramwise_options -- backbone.layer4.1.conv3.weight:lr=1e-05
2026/03/19 08:00:27 - mmengine - INFO - paramwise_options -- backbone.layer4.1.conv3.weight:weight_decay=0.0001
2026/03/19 08:00:27 - mmengine - INFO - paramwise_options -- backbone.layer4.1.conv3.weight:lr_mult=0.1
2026/03/19 08:00:27 - mmengine - WARNING - backbone.layer4.1.bn3.weight is skipped since its requires_grad=False
2026/03/19 08:00:27 - mmengine - WARNING - backbone.layer4.1.bn3.bias is skipped since its requires_grad=False
2026/03/19 08:00:27 - mmengine - INFO - paramwise_options -- backbone.layer4.2.conv1.weight:lr=1e-05
2026/03/19 08:00:27 - mmengine - INFO - paramwise_options -- backbone.layer4.2.conv1.weight:weight_decay=0.0001
2026/03/19 08:00:27 - mmengine - INFO - paramwise_options -- backbone.layer4.2.conv1.weight:lr_mult=0.1
2026/03/19 08:00:27 - mmengine - WARNING - backbone.layer4.2.bn1.weight is skipped since its requires_grad=False
2026/03/19 08:00:27 - mmengine - WARNING - backbone.layer4.2.bn1.bias is skipped since its requires_grad=False
2026/03/19 08:00:27 - mmengine - INFO - paramwise_options -- backbone.layer4.2.conv2.weight:lr=1e-05
2026/03/19 08:00:27 - mmengine - INFO - paramwise_options -- backbone.layer4.2.conv2.weight:weight_decay=0.0001
2026/03/19 08:00:27 - mmengine - INFO - paramwise_options -- backbone.layer4.2.conv2.weight:lr_mult=0.1
2026/03/19 08:00:27 - mmengine - WARNING - backbone.layer4.2.bn2.weight is skipped since its requires_grad=False
2026/03/19 08:00:27 - mmengine - WARNING - backbone.layer4.2.bn2.bias is skipped since its requires_grad=False
2026/03/19 08:00:27 - mmengine - INFO - paramwise_options -- backbone.layer4.2.conv3.weight:lr=1e-05
2026/03/19 08:00:27 - mmengine - INFO - paramwise_options -- backbone.layer4.2.conv3.weight:weight_decay=0.0001
2026/03/19 08:00:27 - mmengine - INFO - paramwise_options -- backbone.layer4.2.conv3.weight:lr_mult=0.1
2026/03/19 08:00:27 - mmengine - WARNING - backbone.layer4.2.bn3.weight is skipped since its requires_grad=False
2026/03/19 08:00:27 - mmengine - WARNING - backbone.layer4.2.bn3.bias is skipped since its requires_grad=False
2026/03/19 08:00:27 - mmengine - INFO - load model from: torchvision://resnet50
2026/03/19 08:00:27 - mmengine - INFO - Loads checkpoint by torchvision backend from path: torchvision://resnet50
2026/03/19 08:00:28 - mmengine - WARNING - The model and loaded state dict do not match exactly

unexpected key in source state_dict: fc.weight, fc.bias

Name of parameter - Initialization information

backbone.conv1.weight - torch.Size([64, 3, 7, 7]): 
PretrainedInit: load from torchvision://resnet50 

backbone.bn1.weight - torch.Size([64]): 
PretrainedInit: load from torchvision://resnet50 

backbone.bn1.bias - torch.Size([64]): 
PretrainedInit: load from torchvision://resnet50 

backbone.layer1.0.conv1.weight - torch.Size([64, 64, 1, 1]): 
PretrainedInit: load from torchvision://resnet50 

backbone.layer1.0.bn1.weight - torch.Size([64]): 
PretrainedInit: load from torchvision://resnet50 

backbone.layer1.0.bn1.bias - torch.Size([64]): 
PretrainedInit: load from torchvision://resnet50 

backbone.layer1.0.conv2.weight - torch.Size([64, 64, 3, 3]): 
PretrainedInit: load from torchvision://resnet50 

backbone.layer1.0.bn2.weight - torch.Size([64]): 
PretrainedInit: load from torchvision://resnet50 

backbone.layer1.0.bn2.bias - torch.Size([64]): 
PretrainedInit: load from torchvision://resnet50 

backbone.layer1.0.conv3.weight - torch.Size([256, 64, 1, 1]): 
PretrainedInit: load from torchvision://resnet50 

backbone.layer1.0.bn3.weight - torch.Size([256]): 
PretrainedInit: load from torchvision://resnet50 

backbone.layer1.0.bn3.bias - torch.Size([256]): 
PretrainedInit: load from torchvision://resnet50 

backbone.layer1.0.downsample.0.weight - torch.Size([256, 64, 1, 1]): 
PretrainedInit: load from torchvision://resnet50 

backbone.layer1.0.downsample.1.weight - torch.Size([256]): 
PretrainedInit: load from torchvision://resnet50 

backbone.layer1.0.downsample.1.bias - torch.Size([256]): 
PretrainedInit: load from torchvision://resnet50 

backbone.layer1.1.conv1.weight - torch.Size([64, 256, 1, 1]): 
PretrainedInit: load from torchvision://resnet50 

backbone.layer1.1.bn1.weight - torch.Size([64]): 
PretrainedInit: load from torchvision://resnet50 

backbone.layer1.1.bn1.bias - torch.Size([64]): 
PretrainedInit: load from torchvision://resnet50 

backbone.layer1.1.conv2.weight - torch.Size([64, 64, 3, 3]): 
PretrainedInit: load from torchvision://resnet50 

backbone.layer1.1.bn2.weight - torch.Size([64]): 
PretrainedInit: load from torchvision://resnet50 

backbone.layer1.1.bn2.bias - torch.Size([64]): 
PretrainedInit: load from torchvision://resnet50 

backbone.layer1.1.conv3.weight - torch.Size([256, 64, 1, 1]): 
PretrainedInit: load from torchvision://resnet50 

backbone.layer1.1.bn3.weight - torch.Size([256]): 
PretrainedInit: load from torchvision://resnet50 

backbone.layer1.1.bn3.bias - torch.Size([256]): 
PretrainedInit: load from torchvision://resnet50 

backbone.layer1.2.conv1.weight - torch.Size([64, 256, 1, 1]): 
PretrainedInit: load from torchvision://resnet50 

backbone.layer1.2.bn1.weight - torch.Size([64]): 
PretrainedInit: load from torchvision://resnet50 

backbone.layer1.2.bn1.bias - torch.Size([64]): 
PretrainedInit: load from torchvision://resnet50 

backbone.layer1.2.conv2.weight - torch.Size([64, 64, 3, 3]): 
PretrainedInit: load from torchvision://resnet50 

backbone.layer1.2.bn2.weight - torch.Size([64]): 
PretrainedInit: load from torchvision://resnet50 

backbone.layer1.2.bn2.bias - torch.Size([64]): 
PretrainedInit: load from torchvision://resnet50 

backbone.layer1.2.conv3.weight - torch.Size([256, 64, 1, 1]): 
PretrainedInit: load from torchvision://resnet50 

backbone.layer1.2.bn3.weight - torch.Size([256]): 
PretrainedInit: load from torchvision://resnet50 

backbone.layer1.2.bn3.bias - torch.Size([256]): 
PretrainedInit: load from torchvision://resnet50 

backbone.layer2.0.conv1.weight - torch.Size([128, 256, 1, 1]): 
PretrainedInit: load from torchvision://resnet50 

backbone.layer2.0.bn1.weight - torch.Size([128]): 
PretrainedInit: load from torchvision://resnet50 

backbone.layer2.0.bn1.bias - torch.Size([128]): 
PretrainedInit: load from torchvision://resnet50 

backbone.layer2.0.conv2.weight - torch.Size([128, 128, 3, 3]): 
PretrainedInit: load from torchvision://resnet50 

backbone.layer2.0.bn2.weight - torch.Size([128]): 
PretrainedInit: load from torchvision://resnet50 

backbone.layer2.0.bn2.bias - torch.Size([128]): 
PretrainedInit: load from torchvision://resnet50 

backbone.layer2.0.conv3.weight - torch.Size([512, 128, 1, 1]): 
PretrainedInit: load from torchvision://resnet50 

backbone.layer2.0.bn3.weight - torch.Size([512]): 
PretrainedInit: load from torchvision://resnet50 

backbone.layer2.0.bn3.bias - torch.Size([512]): 
PretrainedInit: load from torchvision://resnet50 

backbone.layer2.0.downsample.0.weight - torch.Size([512, 256, 1, 1]): 
PretrainedInit: load from torchvision://resnet50 

backbone.layer2.0.downsample.1.weight - torch.Size([512]): 
PretrainedInit: load from torchvision://resnet50 

backbone.layer2.0.downsample.1.bias - torch.Size([512]): 
PretrainedInit: load from torchvision://resnet50 

backbone.layer2.1.conv1.weight - torch.Size([128, 512, 1, 1]): 
PretrainedInit: load from torchvision://resnet50 

backbone.layer2.1.bn1.weight - torch.Size([128]): 
PretrainedInit: load from torchvision://resnet50 

backbone.layer2.1.bn1.bias - torch.Size([128]): 
PretrainedInit: load from torchvision://resnet50 

backbone.layer2.1.conv2.weight - torch.Size([128, 128, 3, 3]): 
PretrainedInit: load from torchvision://resnet50 

backbone.layer2.1.bn2.weight - torch.Size([128]): 
PretrainedInit: load from torchvision://resnet50 

backbone.layer2.1.bn2.bias - torch.Size([128]): 
PretrainedInit: load from torchvision://resnet50 

backbone.layer2.1.conv3.weight - torch.Size([512, 128, 1, 1]): 
PretrainedInit: load from torchvision://resnet50 

backbone.layer2.1.bn3.weight - torch.Size([512]): 
PretrainedInit: load from torchvision://resnet50 

backbone.layer2.1.bn3.bias - torch.Size([512]): 
PretrainedInit: load from torchvision://resnet50 

backbone.layer2.2.conv1.weight - torch.Size([128, 512, 1, 1]): 
PretrainedInit: load from torchvision://resnet50 

backbone.layer2.2.bn1.weight - torch.Size([128]): 
PretrainedInit: load from torchvision://resnet50 

backbone.layer2.2.bn1.bias - torch.Size([128]): 
PretrainedInit: load from torchvision://resnet50 

backbone.layer2.2.conv2.weight - torch.Size([128, 128, 3, 3]): 
PretrainedInit: load from torchvision://resnet50 

backbone.layer2.2.bn2.weight - torch.Size([128]): 
PretrainedInit: load from torchvision://resnet50 

backbone.layer2.2.bn2.bias - torch.Size([128]): 
PretrainedInit: load from torchvision://resnet50 

backbone.layer2.2.conv3.weight - torch.Size([512, 128, 1, 1]): 
PretrainedInit: load from torchvision://resnet50 

backbone.layer2.2.bn3.weight - torch.Size([512]): 
PretrainedInit: load from torchvision://resnet50 

backbone.layer2.2.bn3.bias - torch.Size([512]): 
PretrainedInit: load from torchvision://resnet50 

backbone.layer2.3.conv1.weight - torch.Size([128, 512, 1, 1]): 
PretrainedInit: load from torchvision://resnet50 

backbone.layer2.3.bn1.weight - torch.Size([128]): 
PretrainedInit: load from torchvision://resnet50 

backbone.layer2.3.bn1.bias - torch.Size([128]): 
PretrainedInit: load from torchvision://resnet50 

backbone.layer2.3.conv2.weight - torch.Size([128, 128, 3, 3]): 
PretrainedInit: load from torchvision://resnet50 

backbone.layer2.3.bn2.weight - torch.Size([128]): 
PretrainedInit: load from torchvision://resnet50 

backbone.layer2.3.bn2.bias - torch.Size([128]): 
PretrainedInit: load from torchvision://resnet50 

backbone.layer2.3.conv3.weight - torch.Size([512, 128, 1, 1]): 
PretrainedInit: load from torchvision://resnet50 

backbone.layer2.3.bn3.weight - torch.Size([512]): 
PretrainedInit: load from torchvision://resnet50 

backbone.layer2.3.bn3.bias - torch.Size([512]): 
PretrainedInit: load from torchvision://resnet50 

backbone.layer3.0.conv1.weight - torch.Size([256, 512, 1, 1]): 
PretrainedInit: load from torchvision://resnet50 

backbone.layer3.0.bn1.weight - torch.Size([256]): 
PretrainedInit: load from torchvision://resnet50 

backbone.layer3.0.bn1.bias - torch.Size([256]): 
PretrainedInit: load from torchvision://resnet50 

backbone.layer3.0.conv2.weight - torch.Size([256, 256, 3, 3]): 
PretrainedInit: load from torchvision://resnet50 

backbone.layer3.0.bn2.weight - torch.Size([256]): 
PretrainedInit: load from torchvision://resnet50 

backbone.layer3.0.bn2.bias - torch.Size([256]): 
PretrainedInit: load from torchvision://resnet50 

backbone.layer3.0.conv3.weight - torch.Size([1024, 256, 1, 1]): 
PretrainedInit: load from torchvision://resnet50 

backbone.layer3.0.bn3.weight - torch.Size([1024]): 
PretrainedInit: load from torchvision://resnet50 

backbone.layer3.0.bn3.bias - torch.Size([1024]): 
PretrainedInit: load from torchvision://resnet50 

backbone.layer3.0.downsample.0.weight - torch.Size([1024, 512, 1, 1]): 
PretrainedInit: load from torchvision://resnet50 

backbone.layer3.0.downsample.1.weight - torch.Size([1024]): 
PretrainedInit: load from torchvision://resnet50 

backbone.layer3.0.downsample.1.bias - torch.Size([1024]): 
PretrainedInit: load from torchvision://resnet50 

backbone.layer3.1.conv1.weight - torch.Size([256, 1024, 1, 1]): 
PretrainedInit: load from torchvision://resnet50 

backbone.layer3.1.bn1.weight - torch.Size([256]): 
PretrainedInit: load from torchvision://resnet50 

backbone.layer3.1.bn1.bias - torch.Size([256]): 
PretrainedInit: load from torchvision://resnet50 

backbone.layer3.1.conv2.weight - torch.Size([256, 256, 3, 3]): 
PretrainedInit: load from torchvision://resnet50 

backbone.layer3.1.bn2.weight - torch.Size([256]): 
PretrainedInit: load from torchvision://resnet50 

backbone.layer3.1.bn2.bias - torch.Size([256]): 
PretrainedInit: load from torchvision://resnet50 

backbone.layer3.1.conv3.weight - torch.Size([1024, 256, 1, 1]): 
PretrainedInit: load from torchvision://resnet50 

backbone.layer3.1.bn3.weight - torch.Size([1024]): 
PretrainedInit: load from torchvision://resnet50 

backbone.layer3.1.bn3.bias - torch.Size([1024]): 
PretrainedInit: load from torchvision://resnet50 

backbone.layer3.2.conv1.weight - torch.Size([256, 1024, 1, 1]): 
PretrainedInit: load from torchvision://resnet50 

backbone.layer3.2.bn1.weight - torch.Size([256]): 
PretrainedInit: load from torchvision://resnet50 

backbone.layer3.2.bn1.bias - torch.Size([256]): 
PretrainedInit: load from torchvision://resnet50 

backbone.layer3.2.conv2.weight - torch.Size([256, 256, 3, 3]): 
PretrainedInit: load from torchvision://resnet50 

backbone.layer3.2.bn2.weight - torch.Size([256]): 
PretrainedInit: load from torchvision://resnet50 

backbone.layer3.2.bn2.bias - torch.Size([256]): 
PretrainedInit: load from torchvision://resnet50 

backbone.layer3.2.conv3.weight - torch.Size([1024, 256, 1, 1]): 
PretrainedInit: load from torchvision://resnet50 

backbone.layer3.2.bn3.weight - torch.Size([1024]): 
PretrainedInit: load from torchvision://resnet50 

backbone.layer3.2.bn3.bias - torch.Size([1024]): 
PretrainedInit: load from torchvision://resnet50 

backbone.layer3.3.conv1.weight - torch.Size([256, 1024, 1, 1]): 
PretrainedInit: load from torchvision://resnet50 

backbone.layer3.3.bn1.weight - torch.Size([256]): 
PretrainedInit: load from torchvision://resnet50 

backbone.layer3.3.bn1.bias - torch.Size([256]): 
PretrainedInit: load from torchvision://resnet50 

backbone.layer3.3.conv2.weight - torch.Size([256, 256, 3, 3]): 
PretrainedInit: load from torchvision://resnet50 

backbone.layer3.3.bn2.weight - torch.Size([256]): 
PretrainedInit: load from torchvision://resnet50 

backbone.layer3.3.bn2.bias - torch.Size([256]): 
PretrainedInit: load from torchvision://resnet50 

backbone.layer3.3.conv3.weight - torch.Size([1024, 256, 1, 1]): 
PretrainedInit: load from torchvision://resnet50 

backbone.layer3.3.bn3.weight - torch.Size([1024]): 
PretrainedInit: load from torchvision://resnet50 

backbone.layer3.3.bn3.bias - torch.Size([1024]): 
PretrainedInit: load from torchvision://resnet50 

backbone.layer3.4.conv1.weight - torch.Size([256, 1024, 1, 1]): 
PretrainedInit: load from torchvision://resnet50 

backbone.layer3.4.bn1.weight - torch.Size([256]): 
PretrainedInit: load from torchvision://resnet50 

backbone.layer3.4.bn1.bias - torch.Size([256]): 
PretrainedInit: load from torchvision://resnet50 

backbone.layer3.4.conv2.weight - torch.Size([256, 256, 3, 3]): 
PretrainedInit: load from torchvision://resnet50 

backbone.layer3.4.bn2.weight - torch.Size([256]): 
PretrainedInit: load from torchvision://resnet50 

backbone.layer3.4.bn2.bias - torch.Size([256]): 
PretrainedInit: load from torchvision://resnet50 

backbone.layer3.4.conv3.weight - torch.Size([1024, 256, 1, 1]): 
PretrainedInit: load from torchvision://resnet50 

backbone.layer3.4.bn3.weight - torch.Size([1024]): 
PretrainedInit: load from torchvision://resnet50 

backbone.layer3.4.bn3.bias - torch.Size([1024]): 
PretrainedInit: load from torchvision://resnet50 

backbone.layer3.5.conv1.weight - torch.Size([256, 1024, 1, 1]): 
PretrainedInit: load from torchvision://resnet50 

backbone.layer3.5.bn1.weight - torch.Size([256]): 
PretrainedInit: load from torchvision://resnet50 

backbone.layer3.5.bn1.bias - torch.Size([256]): 
PretrainedInit: load from torchvision://resnet50 

backbone.layer3.5.conv2.weight - torch.Size([256, 256, 3, 3]): 
PretrainedInit: load from torchvision://resnet50 

backbone.layer3.5.bn2.weight - torch.Size([256]): 
PretrainedInit: load from torchvision://resnet50 

backbone.layer3.5.bn2.bias - torch.Size([256]): 
PretrainedInit: load from torchvision://resnet50 

backbone.layer3.5.conv3.weight - torch.Size([1024, 256, 1, 1]): 
PretrainedInit: load from torchvision://resnet50 

backbone.layer3.5.bn3.weight - torch.Size([1024]): 
PretrainedInit: load from torchvision://resnet50 

backbone.layer3.5.bn3.bias - torch.Size([1024]): 
PretrainedInit: load from torchvision://resnet50 

backbone.layer4.0.conv1.weight - torch.Size([512, 1024, 1, 1]): 
PretrainedInit: load from torchvision://resnet50 

backbone.layer4.0.bn1.weight - torch.Size([512]): 
PretrainedInit: load from torchvision://resnet50 

backbone.layer4.0.bn1.bias - torch.Size([512]): 
PretrainedInit: load from torchvision://resnet50 

backbone.layer4.0.conv2.weight - torch.Size([512, 512, 3, 3]): 
PretrainedInit: load from torchvision://resnet50 

backbone.layer4.0.bn2.weight - torch.Size([512]): 
PretrainedInit: load from torchvision://resnet50 

backbone.layer4.0.bn2.bias - torch.Size([512]): 
PretrainedInit: load from torchvision://resnet50 

backbone.layer4.0.conv3.weight - torch.Size([2048, 512, 1, 1]): 
PretrainedInit: load from torchvision://resnet50 

backbone.layer4.0.bn3.weight - torch.Size([2048]): 
PretrainedInit: load from torchvision://resnet50 

backbone.layer4.0.bn3.bias - torch.Size([2048]): 
PretrainedInit: load from torchvision://resnet50 

backbone.layer4.0.downsample.0.weight - torch.Size([2048, 1024, 1, 1]): 
PretrainedInit: load from torchvision://resnet50 

backbone.layer4.0.downsample.1.weight - torch.Size([2048]): 
PretrainedInit: load from torchvision://resnet50 

backbone.layer4.0.downsample.1.bias - torch.Size([2048]): 
PretrainedInit: load from torchvision://resnet50 

backbone.layer4.1.conv1.weight - torch.Size([512, 2048, 1, 1]): 
PretrainedInit: load from torchvision://resnet50 

backbone.layer4.1.bn1.weight - torch.Size([512]): 
PretrainedInit: load from torchvision://resnet50 

backbone.layer4.1.bn1.bias - torch.Size([512]): 
PretrainedInit: load from torchvision://resnet50 

backbone.layer4.1.conv2.weight - torch.Size([512, 512, 3, 3]): 
PretrainedInit: load from torchvision://resnet50 

backbone.layer4.1.bn2.weight - torch.Size([512]): 
PretrainedInit: load from torchvision://resnet50 

backbone.layer4.1.bn2.bias - torch.Size([512]): 
PretrainedInit: load from torchvision://resnet50 

backbone.layer4.1.conv3.weight - torch.Size([2048, 512, 1, 1]): 
PretrainedInit: load from torchvision://resnet50 

backbone.layer4.1.bn3.weight - torch.Size([2048]): 
PretrainedInit: load from torchvision://resnet50 

backbone.layer4.1.bn3.bias - torch.Size([2048]): 
PretrainedInit: load from torchvision://resnet50 

backbone.layer4.2.conv1.weight - torch.Size([512, 2048, 1, 1]): 
PretrainedInit: load from torchvision://resnet50 

backbone.layer4.2.bn1.weight - torch.Size([512]): 
PretrainedInit: load from torchvision://resnet50 

backbone.layer4.2.bn1.bias - torch.Size([512]): 
PretrainedInit: load from torchvision://resnet50 

backbone.layer4.2.conv2.weight - torch.Size([512, 512, 3, 3]): 
PretrainedInit: load from torchvision://resnet50 

backbone.layer4.2.bn2.weight - torch.Size([512]): 
PretrainedInit: load from torchvision://resnet50 

backbone.layer4.2.bn2.bias - torch.Size([512]): 
PretrainedInit: load from torchvision://resnet50 

backbone.layer4.2.conv3.weight - torch.Size([2048, 512, 1, 1]): 
PretrainedInit: load from torchvision://resnet50 

backbone.layer4.2.bn3.weight - torch.Size([2048]): 
PretrainedInit: load from torchvision://resnet50 

backbone.layer4.2.bn3.bias - torch.Size([2048]): 
PretrainedInit: load from torchvision://resnet50 

neck.convs.0.conv.weight - torch.Size([256, 2048, 1, 1]): 
XavierInit: gain=1, distribution=uniform, bias=0 

neck.convs.0.conv.bias - torch.Size([256]): 
The value is the same before and after calling `init_weights` of DETR  

bbox_head.fc_cls.weight - torch.Size([11, 256]): 
The value is the same before and after calling `init_weights` of DETR  

bbox_head.fc_cls.bias - torch.Size([11]): 
The value is the same before and after calling `init_weights` of DETR  

bbox_head.reg_ffn.layers.0.0.weight - torch.Size([256, 256]): 
The value is the same before and after calling `init_weights` of DETR  

bbox_head.reg_ffn.layers.0.0.bias - torch.Size([256]): 
The value is the same before and after calling `init_weights` of DETR  

bbox_head.reg_ffn.layers.1.weight - torch.Size([256, 256]): 
The value is the same before and after calling `init_weights` of DETR  

bbox_head.reg_ffn.layers.1.bias - torch.Size([256]): 
The value is the same before and after calling `init_weights` of DETR  

bbox_head.fc_reg.weight - torch.Size([4, 256]): 
The value is the same before and after calling `init_weights` of DETR  

bbox_head.fc_reg.bias - torch.Size([4]): 
The value is the same before and after calling `init_weights` of DETR  

encoder.layers.0.self_attn.attn.in_proj_weight - torch.Size([768, 256]): 
The value is the same before and after calling `init_weights` of DETR  

encoder.layers.0.self_attn.attn.in_proj_bias - torch.Size([768]): 
The value is the same before and after calling `init_weights` of DETR  

encoder.layers.0.self_attn.attn.out_proj.weight - torch.Size([256, 256]): 
The value is the same before and after calling `init_weights` of DETR  

encoder.layers.0.self_attn.attn.out_proj.bias - torch.Size([256]): 
The value is the same before and after calling `init_weights` of DETR  

encoder.layers.0.ffn.layers.0.0.weight - torch.Size([2048, 256]): 
The value is the same before and after calling `init_weights` of DETR  

encoder.layers.0.ffn.layers.0.0.bias - torch.Size([2048]): 
The value is the same before and after calling `init_weights` of DETR  

encoder.layers.0.ffn.layers.1.weight - torch.Size([256, 2048]): 
The value is the same before and after calling `init_weights` of DETR  

encoder.layers.0.ffn.layers.1.bias - torch.Size([256]): 
The value is the same before and after calling `init_weights` of DETR  

encoder.layers.0.norms.0.weight - torch.Size([256]): 
The value is the same before and after calling `init_weights` of DETR  

encoder.layers.0.norms.0.bias - torch.Size([256]): 
The value is the same before and after calling `init_weights` of DETR  

encoder.layers.0.norms.1.weight - torch.Size([256]): 
The value is the same before and after calling `init_weights` of DETR  

encoder.layers.0.norms.1.bias - torch.Size([256]): 
The value is the same before and after calling `init_weights` of DETR  

encoder.layers.1.self_attn.attn.in_proj_weight - torch.Size([768, 256]): 
The value is the same before and after calling `init_weights` of DETR  

encoder.layers.1.self_attn.attn.in_proj_bias - torch.Size([768]): 
The value is the same before and after calling `init_weights` of DETR  

encoder.layers.1.self_attn.attn.out_proj.weight - torch.Size([256, 256]): 
The value is the same before and after calling `init_weights` of DETR  

encoder.layers.1.self_attn.attn.out_proj.bias - torch.Size([256]): 
The value is the same before and after calling `init_weights` of DETR  

encoder.layers.1.ffn.layers.0.0.weight - torch.Size([2048, 256]): 
The value is the same before and after calling `init_weights` of DETR  

encoder.layers.1.ffn.layers.0.0.bias - torch.Size([2048]): 
The value is the same before and after calling `init_weights` of DETR  

encoder.layers.1.ffn.layers.1.weight - torch.Size([256, 2048]): 
The value is the same before and after calling `init_weights` of DETR  

encoder.layers.1.ffn.layers.1.bias - torch.Size([256]): 
The value is the same before and after calling `init_weights` of DETR  

encoder.layers.1.norms.0.weight - torch.Size([256]): 
The value is the same before and after calling `init_weights` of DETR  

encoder.layers.1.norms.0.bias - torch.Size([256]): 
The value is the same before and after calling `init_weights` of DETR  

encoder.layers.1.norms.1.weight - torch.Size([256]): 
The value is the same before and after calling `init_weights` of DETR  

encoder.layers.1.norms.1.bias - torch.Size([256]): 
The value is the same before and after calling `init_weights` of DETR  

encoder.layers.2.self_attn.attn.in_proj_weight - torch.Size([768, 256]): 
The value is the same before and after calling `init_weights` of DETR  

encoder.layers.2.self_attn.attn.in_proj_bias - torch.Size([768]): 
The value is the same before and after calling `init_weights` of DETR  

encoder.layers.2.self_attn.attn.out_proj.weight - torch.Size([256, 256]): 
The value is the same before and after calling `init_weights` of DETR  

encoder.layers.2.self_attn.attn.out_proj.bias - torch.Size([256]): 
The value is the same before and after calling `init_weights` of DETR  

encoder.layers.2.ffn.layers.0.0.weight - torch.Size([2048, 256]): 
The value is the same before and after calling `init_weights` of DETR  

encoder.layers.2.ffn.layers.0.0.bias - torch.Size([2048]): 
The value is the same before and after calling `init_weights` of DETR  

encoder.layers.2.ffn.layers.1.weight - torch.Size([256, 2048]): 
The value is the same before and after calling `init_weights` of DETR  

encoder.layers.2.ffn.layers.1.bias - torch.Size([256]): 
The value is the same before and after calling `init_weights` of DETR  

encoder.layers.2.norms.0.weight - torch.Size([256]): 
The value is the same before and after calling `init_weights` of DETR  

encoder.layers.2.norms.0.bias - torch.Size([256]): 
The value is the same before and after calling `init_weights` of DETR  

encoder.layers.2.norms.1.weight - torch.Size([256]): 
The value is the same before and after calling `init_weights` of DETR  

encoder.layers.2.norms.1.bias - torch.Size([256]): 
The value is the same before and after calling `init_weights` of DETR  

encoder.layers.3.self_attn.attn.in_proj_weight - torch.Size([768, 256]): 
The value is the same before and after calling `init_weights` of DETR  

encoder.layers.3.self_attn.attn.in_proj_bias - torch.Size([768]): 
The value is the same before and after calling `init_weights` of DETR  

encoder.layers.3.self_attn.attn.out_proj.weight - torch.Size([256, 256]): 
The value is the same before and after calling `init_weights` of DETR  

encoder.layers.3.self_attn.attn.out_proj.bias - torch.Size([256]): 
The value is the same before and after calling `init_weights` of DETR  

encoder.layers.3.ffn.layers.0.0.weight - torch.Size([2048, 256]): 
The value is the same before and after calling `init_weights` of DETR  

encoder.layers.3.ffn.layers.0.0.bias - torch.Size([2048]): 
The value is the same before and after calling `init_weights` of DETR  

encoder.layers.3.ffn.layers.1.weight - torch.Size([256, 2048]): 
The value is the same before and after calling `init_weights` of DETR  

encoder.layers.3.ffn.layers.1.bias - torch.Size([256]): 
The value is the same before and after calling `init_weights` of DETR  

encoder.layers.3.norms.0.weight - torch.Size([256]): 
The value is the same before and after calling `init_weights` of DETR  

encoder.layers.3.norms.0.bias - torch.Size([256]): 
The value is the same before and after calling `init_weights` of DETR  

encoder.layers.3.norms.1.weight - torch.Size([256]): 
The value is the same before and after calling `init_weights` of DETR  

encoder.layers.3.norms.1.bias - torch.Size([256]): 
The value is the same before and after calling `init_weights` of DETR  

encoder.layers.4.self_attn.attn.in_proj_weight - torch.Size([768, 256]): 
The value is the same before and after calling `init_weights` of DETR  

encoder.layers.4.self_attn.attn.in_proj_bias - torch.Size([768]): 
The value is the same before and after calling `init_weights` of DETR  

encoder.layers.4.self_attn.attn.out_proj.weight - torch.Size([256, 256]): 
The value is the same before and after calling `init_weights` of DETR  

encoder.layers.4.self_attn.attn.out_proj.bias - torch.Size([256]): 
The value is the same before and after calling `init_weights` of DETR  

encoder.layers.4.ffn.layers.0.0.weight - torch.Size([2048, 256]): 
The value is the same before and after calling `init_weights` of DETR  

encoder.layers.4.ffn.layers.0.0.bias - torch.Size([2048]): 
The value is the same before and after calling `init_weights` of DETR  

encoder.layers.4.ffn.layers.1.weight - torch.Size([256, 2048]): 
The value is the same before and after calling `init_weights` of DETR  

encoder.layers.4.ffn.layers.1.bias - torch.Size([256]): 
The value is the same before and after calling `init_weights` of DETR  

encoder.layers.4.norms.0.weight - torch.Size([256]): 
The value is the same before and after calling `init_weights` of DETR  

encoder.layers.4.norms.0.bias - torch.Size([256]): 
The value is the same before and after calling `init_weights` of DETR  

encoder.layers.4.norms.1.weight - torch.Size([256]): 
The value is the same before and after calling `init_weights` of DETR  

encoder.layers.4.norms.1.bias - torch.Size([256]): 
The value is the same before and after calling `init_weights` of DETR  

encoder.layers.5.self_attn.attn.in_proj_weight - torch.Size([768, 256]): 
The value is the same before and after calling `init_weights` of DETR  

encoder.layers.5.self_attn.attn.in_proj_bias - torch.Size([768]): 
The value is the same before and after calling `init_weights` of DETR  

encoder.layers.5.self_attn.attn.out_proj.weight - torch.Size([256, 256]): 
The value is the same before and after calling `init_weights` of DETR  

encoder.layers.5.self_attn.attn.out_proj.bias - torch.Size([256]): 
The value is the same before and after calling `init_weights` of DETR  

encoder.layers.5.ffn.layers.0.0.weight - torch.Size([2048, 256]): 
The value is the same before and after calling `init_weights` of DETR  

encoder.layers.5.ffn.layers.0.0.bias - torch.Size([2048]): 
The value is the same before and after calling `init_weights` of DETR  

encoder.layers.5.ffn.layers.1.weight - torch.Size([256, 2048]): 
The value is the same before and after calling `init_weights` of DETR  

encoder.layers.5.ffn.layers.1.bias - torch.Size([256]): 
The value is the same before and after calling `init_weights` of DETR  

encoder.layers.5.norms.0.weight - torch.Size([256]): 
The value is the same before and after calling `init_weights` of DETR  

encoder.layers.5.norms.0.bias - torch.Size([256]): 
The value is the same before and after calling `init_weights` of DETR  

encoder.layers.5.norms.1.weight - torch.Size([256]): 
The value is the same before and after calling `init_weights` of DETR  

encoder.layers.5.norms.1.bias - torch.Size([256]): 
The value is the same before and after calling `init_weights` of DETR  

decoder.layers.0.self_attn.attn.in_proj_weight - torch.Size([768, 256]): 
The value is the same before and after calling `init_weights` of DETR  

decoder.layers.0.self_attn.attn.in_proj_bias - torch.Size([768]): 
The value is the same before and after calling `init_weights` of DETR  

decoder.layers.0.self_attn.attn.out_proj.weight - torch.Size([256, 256]): 
The value is the same before and after calling `init_weights` of DETR  

decoder.layers.0.self_attn.attn.out_proj.bias - torch.Size([256]): 
The value is the same before and after calling `init_weights` of DETR  

decoder.layers.0.cross_attn.attn.in_proj_weight - torch.Size([768, 256]): 
The value is the same before and after calling `init_weights` of DETR  

decoder.layers.0.cross_attn.attn.in_proj_bias - torch.Size([768]): 
The value is the same before and after calling `init_weights` of DETR  

decoder.layers.0.cross_attn.attn.out_proj.weight - torch.Size([256, 256]): 
The value is the same before and after calling `init_weights` of DETR  

decoder.layers.0.cross_attn.attn.out_proj.bias - torch.Size([256]): 
The value is the same before and after calling `init_weights` of DETR  

decoder.layers.0.ffn.layers.0.0.weight - torch.Size([2048, 256]): 
The value is the same before and after calling `init_weights` of DETR  

decoder.layers.0.ffn.layers.0.0.bias - torch.Size([2048]): 
The value is the same before and after calling `init_weights` of DETR  

decoder.layers.0.ffn.layers.1.weight - torch.Size([256, 2048]): 
The value is the same before and after calling `init_weights` of DETR  

decoder.layers.0.ffn.layers.1.bias - torch.Size([256]): 
The value is the same before and after calling `init_weights` of DETR  

decoder.layers.0.norms.0.weight - torch.Size([256]): 
The value is the same before and after calling `init_weights` of DETR  

decoder.layers.0.norms.0.bias - torch.Size([256]): 
The value is the same before and after calling `init_weights` of DETR  

decoder.layers.0.norms.1.weight - torch.Size([256]): 
The value is the same before and after calling `init_weights` of DETR  

decoder.layers.0.norms.1.bias - torch.Size([256]): 
The value is the same before and after calling `init_weights` of DETR  

decoder.layers.0.norms.2.weight - torch.Size([256]): 
The value is the same before and after calling `init_weights` of DETR  

decoder.layers.0.norms.2.bias - torch.Size([256]): 
The value is the same before and after calling `init_weights` of DETR  

decoder.layers.1.self_attn.attn.in_proj_weight - torch.Size([768, 256]): 
The value is the same before and after calling `init_weights` of DETR  

decoder.layers.1.self_attn.attn.in_proj_bias - torch.Size([768]): 
The value is the same before and after calling `init_weights` of DETR  

decoder.layers.1.self_attn.attn.out_proj.weight - torch.Size([256, 256]): 
The value is the same before and after calling `init_weights` of DETR  

decoder.layers.1.self_attn.attn.out_proj.bias - torch.Size([256]): 
The value is the same before and after calling `init_weights` of DETR  

decoder.layers.1.cross_attn.attn.in_proj_weight - torch.Size([768, 256]): 
The value is the same before and after calling `init_weights` of DETR  

decoder.layers.1.cross_attn.attn.in_proj_bias - torch.Size([768]): 
The value is the same before and after calling `init_weights` of DETR  

decoder.layers.1.cross_attn.attn.out_proj.weight - torch.Size([256, 256]): 
The value is the same before and after calling `init_weights` of DETR  

decoder.layers.1.cross_attn.attn.out_proj.bias - torch.Size([256]): 
The value is the same before and after calling `init_weights` of DETR  

decoder.layers.1.ffn.layers.0.0.weight - torch.Size([2048, 256]): 
The value is the same before and after calling `init_weights` of DETR  

decoder.layers.1.ffn.layers.0.0.bias - torch.Size([2048]): 
The value is the same before and after calling `init_weights` of DETR  

decoder.layers.1.ffn.layers.1.weight - torch.Size([256, 2048]): 
The value is the same before and after calling `init_weights` of DETR  

decoder.layers.1.ffn.layers.1.bias - torch.Size([256]): 
The value is the same before and after calling `init_weights` of DETR  

decoder.layers.1.norms.0.weight - torch.Size([256]): 
The value is the same before and after calling `init_weights` of DETR  

decoder.layers.1.norms.0.bias - torch.Size([256]): 
The value is the same before and after calling `init_weights` of DETR  

decoder.layers.1.norms.1.weight - torch.Size([256]): 
The value is the same before and after calling `init_weights` of DETR  

decoder.layers.1.norms.1.bias - torch.Size([256]): 
The value is the same before and after calling `init_weights` of DETR  

decoder.layers.1.norms.2.weight - torch.Size([256]): 
The value is the same before and after calling `init_weights` of DETR  

decoder.layers.1.norms.2.bias - torch.Size([256]): 
The value is the same before and after calling `init_weights` of DETR  

decoder.layers.2.self_attn.attn.in_proj_weight - torch.Size([768, 256]): 
The value is the same before and after calling `init_weights` of DETR  

decoder.layers.2.self_attn.attn.in_proj_bias - torch.Size([768]): 
The value is the same before and after calling `init_weights` of DETR  

decoder.layers.2.self_attn.attn.out_proj.weight - torch.Size([256, 256]): 
The value is the same before and after calling `init_weights` of DETR  

decoder.layers.2.self_attn.attn.out_proj.bias - torch.Size([256]): 
The value is the same before and after calling `init_weights` of DETR  

decoder.layers.2.cross_attn.attn.in_proj_weight - torch.Size([768, 256]): 
The value is the same before and after calling `init_weights` of DETR  

decoder.layers.2.cross_attn.attn.in_proj_bias - torch.Size([768]): 
The value is the same before and after calling `init_weights` of DETR  

decoder.layers.2.cross_attn.attn.out_proj.weight - torch.Size([256, 256]): 
The value is the same before and after calling `init_weights` of DETR  

decoder.layers.2.cross_attn.attn.out_proj.bias - torch.Size([256]): 
The value is the same before and after calling `init_weights` of DETR  

decoder.layers.2.ffn.layers.0.0.weight - torch.Size([2048, 256]): 
The value is the same before and after calling `init_weights` of DETR  

decoder.layers.2.ffn.layers.0.0.bias - torch.Size([2048]): 
The value is the same before and after calling `init_weights` of DETR  

decoder.layers.2.ffn.layers.1.weight - torch.Size([256, 2048]): 
The value is the same before and after calling `init_weights` of DETR  

decoder.layers.2.ffn.layers.1.bias - torch.Size([256]): 
The value is the same before and after calling `init_weights` of DETR  

decoder.layers.2.norms.0.weight - torch.Size([256]): 
The value is the same before and after calling `init_weights` of DETR  

decoder.layers.2.norms.0.bias - torch.Size([256]): 
The value is the same before and after calling `init_weights` of DETR  

decoder.layers.2.norms.1.weight - torch.Size([256]): 
The value is the same before and after calling `init_weights` of DETR  

decoder.layers.2.norms.1.bias - torch.Size([256]): 
The value is the same before and after calling `init_weights` of DETR  

decoder.layers.2.norms.2.weight - torch.Size([256]): 
The value is the same before and after calling `init_weights` of DETR  

decoder.layers.2.norms.2.bias - torch.Size([256]): 
The value is the same before and after calling `init_weights` of DETR  

decoder.layers.3.self_attn.attn.in_proj_weight - torch.Size([768, 256]): 
The value is the same before and after calling `init_weights` of DETR  

decoder.layers.3.self_attn.attn.in_proj_bias - torch.Size([768]): 
The value is the same before and after calling `init_weights` of DETR  

decoder.layers.3.self_attn.attn.out_proj.weight - torch.Size([256, 256]): 
The value is the same before and after calling `init_weights` of DETR  

decoder.layers.3.self_attn.attn.out_proj.bias - torch.Size([256]): 
The value is the same before and after calling `init_weights` of DETR  

decoder.layers.3.cross_attn.attn.in_proj_weight - torch.Size([768, 256]): 
The value is the same before and after calling `init_weights` of DETR  

decoder.layers.3.cross_attn.attn.in_proj_bias - torch.Size([768]): 
The value is the same before and after calling `init_weights` of DETR  

decoder.layers.3.cross_attn.attn.out_proj.weight - torch.Size([256, 256]): 
The value is the same before and after calling `init_weights` of DETR  

decoder.layers.3.cross_attn.attn.out_proj.bias - torch.Size([256]): 
The value is the same before and after calling `init_weights` of DETR  

decoder.layers.3.ffn.layers.0.0.weight - torch.Size([2048, 256]): 
The value is the same before and after calling `init_weights` of DETR  

decoder.layers.3.ffn.layers.0.0.bias - torch.Size([2048]): 
The value is the same before and after calling `init_weights` of DETR  

decoder.layers.3.ffn.layers.1.weight - torch.Size([256, 2048]): 
The value is the same before and after calling `init_weights` of DETR  

decoder.layers.3.ffn.layers.1.bias - torch.Size([256]): 
The value is the same before and after calling `init_weights` of DETR  

decoder.layers.3.norms.0.weight - torch.Size([256]): 
The value is the same before and after calling `init_weights` of DETR  

decoder.layers.3.norms.0.bias - torch.Size([256]): 
The value is the same before and after calling `init_weights` of DETR  

decoder.layers.3.norms.1.weight - torch.Size([256]): 
The value is the same before and after calling `init_weights` of DETR  

decoder.layers.3.norms.1.bias - torch.Size([256]): 
The value is the same before and after calling `init_weights` of DETR  

decoder.layers.3.norms.2.weight - torch.Size([256]): 
The value is the same before and after calling `init_weights` of DETR  

decoder.layers.3.norms.2.bias - torch.Size([256]): 
The value is the same before and after calling `init_weights` of DETR  

decoder.layers.4.self_attn.attn.in_proj_weight - torch.Size([768, 256]): 
The value is the same before and after calling `init_weights` of DETR  

decoder.layers.4.self_attn.attn.in_proj_bias - torch.Size([768]): 
The value is the same before and after calling `init_weights` of DETR  

decoder.layers.4.self_attn.attn.out_proj.weight - torch.Size([256, 256]): 
The value is the same before and after calling `init_weights` of DETR  

decoder.layers.4.self_attn.attn.out_proj.bias - torch.Size([256]): 
The value is the same before and after calling `init_weights` of DETR  

decoder.layers.4.cross_attn.attn.in_proj_weight - torch.Size([768, 256]): 
The value is the same before and after calling `init_weights` of DETR  

decoder.layers.4.cross_attn.attn.in_proj_bias - torch.Size([768]): 
The value is the same before and after calling `init_weights` of DETR  

decoder.layers.4.cross_attn.attn.out_proj.weight - torch.Size([256, 256]): 
The value is the same before and after calling `init_weights` of DETR  

decoder.layers.4.cross_attn.attn.out_proj.bias - torch.Size([256]): 
The value is the same before and after calling `init_weights` of DETR  

decoder.layers.4.ffn.layers.0.0.weight - torch.Size([2048, 256]): 
The value is the same before and after calling `init_weights` of DETR  

decoder.layers.4.ffn.layers.0.0.bias - torch.Size([2048]): 
The value is the same before and after calling `init_weights` of DETR  

decoder.layers.4.ffn.layers.1.weight - torch.Size([256, 2048]): 
The value is the same before and after calling `init_weights` of DETR  

decoder.layers.4.ffn.layers.1.bias - torch.Size([256]): 
The value is the same before and after calling `init_weights` of DETR  

decoder.layers.4.norms.0.weight - torch.Size([256]): 
The value is the same before and after calling `init_weights` of DETR  

decoder.layers.4.norms.0.bias - torch.Size([256]): 
The value is the same before and after calling `init_weights` of DETR  

decoder.layers.4.norms.1.weight - torch.Size([256]): 
The value is the same before and after calling `init_weights` of DETR  

decoder.layers.4.norms.1.bias - torch.Size([256]): 
The value is the same before and after calling `init_weights` of DETR  

decoder.layers.4.norms.2.weight - torch.Size([256]): 
The value is the same before and after calling `init_weights` of DETR  

decoder.layers.4.norms.2.bias - torch.Size([256]): 
The value is the same before and after calling `init_weights` of DETR  

decoder.layers.5.self_attn.attn.in_proj_weight - torch.Size([768, 256]): 
The value is the same before and after calling `init_weights` of DETR  

decoder.layers.5.self_attn.attn.in_proj_bias - torch.Size([768]): 
The value is the same before and after calling `init_weights` of DETR  

decoder.layers.5.self_attn.attn.out_proj.weight - torch.Size([256, 256]): 
The value is the same before and after calling `init_weights` of DETR  

decoder.layers.5.self_attn.attn.out_proj.bias - torch.Size([256]): 
The value is the same before and after calling `init_weights` of DETR  

decoder.layers.5.cross_attn.attn.in_proj_weight - torch.Size([768, 256]): 
The value is the same before and after calling `init_weights` of DETR  

decoder.layers.5.cross_attn.attn.in_proj_bias - torch.Size([768]): 
The value is the same before and after calling `init_weights` of DETR  

decoder.layers.5.cross_attn.attn.out_proj.weight - torch.Size([256, 256]): 
The value is the same before and after calling `init_weights` of DETR  

decoder.layers.5.cross_attn.attn.out_proj.bias - torch.Size([256]): 
The value is the same before and after calling `init_weights` of DETR  

decoder.layers.5.ffn.layers.0.0.weight - torch.Size([2048, 256]): 
The value is the same before and after calling `init_weights` of DETR  

decoder.layers.5.ffn.layers.0.0.bias - torch.Size([2048]): 
The value is the same before and after calling `init_weights` of DETR  

decoder.layers.5.ffn.layers.1.weight - torch.Size([256, 2048]): 
The value is the same before and after calling `init_weights` of DETR  

decoder.layers.5.ffn.layers.1.bias - torch.Size([256]): 
The value is the same before and after calling `init_weights` of DETR  

decoder.layers.5.norms.0.weight - torch.Size([256]): 
The value is the same before and after calling `init_weights` of DETR  

decoder.layers.5.norms.0.bias - torch.Size([256]): 
The value is the same before and after calling `init_weights` of DETR  

decoder.layers.5.norms.1.weight - torch.Size([256]): 
The value is the same before and after calling `init_weights` of DETR  

decoder.layers.5.norms.1.bias - torch.Size([256]): 
The value is the same before and after calling `init_weights` of DETR  

decoder.layers.5.norms.2.weight - torch.Size([256]): 
The value is the same before and after calling `init_weights` of DETR  

decoder.layers.5.norms.2.bias - torch.Size([256]): 
The value is the same before and after calling `init_weights` of DETR  

decoder.post_norm.weight - torch.Size([256]): 
The value is the same before and after calling `init_weights` of DETR  

decoder.post_norm.bias - torch.Size([256]): 
The value is the same before and after calling `init_weights` of DETR  

query_embedding.weight - torch.Size([100, 256]): 
The value is the same before and after calling `init_weights` of DETR  
2026/03/19 08:00:29 - mmengine - INFO - Load checkpoint from https://download.openmmlab.com/mmdetection/v3.0/detr/detr_r50_8xb2-150e_coco/detr_r50_8xb2-150e_coco_20221023_153551-436d03e8.pth
2026/03/19 08:00:29 - mmengine - WARNING - "FileClient" will be deprecated in future. Please use io functions in https://mmengine.readthedocs.io/en/latest/api/fileio.html#file-io
2026/03/19 08:00:29 - mmengine - WARNING - "HardDiskBackend" is the alias of "LocalBackend" and the former will be deprecated in future.
2026/03/19 08:00:29 - mmengine - INFO - Checkpoints will be saved to /workspace/aquaculture-perception/runs/mmdet/detr_r50_ruod_120e_pretrained.
2026/03/19 08:01:05 - mmengine - INFO - Epoch(train)  [1][ 50/245]  base_lr: 1.0000e-05 lr: 1.0000e-06  eta: 3:57:10  time: 0.7279  data_time: 0.0239  memory: 10692  grad_norm: nan  loss: 28.3173  loss_cls: 2.5030  loss_bbox: 0.9150  loss_iou: 1.2321  d0.loss_cls: 2.5347  d0.loss_bbox: 0.9498  d0.loss_iou: 1.2749  d1.loss_cls: 2.6047  d1.loss_bbox: 0.9432  d1.loss_iou: 1.2581  d2.loss_cls: 2.5546  d2.loss_bbox: 0.9340  d2.loss_iou: 1.2536  d3.loss_cls: 2.5283  d3.loss_bbox: 0.9212  d3.loss_iou: 1.2458  d4.loss_cls: 2.5159  d4.loss_bbox: 0.9132  d4.loss_iou: 1.2353
2026/03/19 08:01:37 - mmengine - INFO - Epoch(train)  [1][100/245]  base_lr: 1.0000e-05 lr: 1.0000e-06  eta: 3:39:51  time: 0.6251  data_time: 0.0034  memory: 10692  grad_norm: 315.1243  loss: 22.0460  loss_cls: 1.8906  loss_bbox: 0.5695  loss_iou: 0.9764  d0.loss_cls: 2.2783  d0.loss_bbox: 0.6206  d0.loss_iou: 1.0412  d1.loss_cls: 2.2515  d1.loss_bbox: 0.5954  d1.loss_iou: 1.0045  d2.loss_cls: 2.1324  d2.loss_bbox: 0.5791  d2.loss_iou: 0.9915  d3.loss_cls: 2.0499  d3.loss_bbox: 0.5721  d3.loss_iou: 0.9873  d4.loss_cls: 1.9568  d4.loss_bbox: 0.5700  d4.loss_iou: 0.9788
2026/03/19 08:02:08 - mmengine - INFO - Epoch(train)  [1][150/245]  base_lr: 1.0000e-05 lr: 1.0000e-06  eta: 3:33:43  time: 0.6250  data_time: 0.0036  memory: 10692  grad_norm: 186.2039  loss: 19.5683  loss_cls: 1.5204  loss_bbox: 0.5345  loss_iou: 0.9637  d0.loss_cls: 1.9882  d0.loss_bbox: 0.5830  d0.loss_iou: 1.0275  d1.loss_cls: 1.8928  d1.loss_bbox: 0.5586  d1.loss_iou: 0.9884  d2.loss_cls: 1.7508  d2.loss_bbox: 0.5446  d2.loss_iou: 0.9772  d3.loss_cls: 1.6602  d3.loss_bbox: 0.5382  d3.loss_iou: 0.9721  d4.loss_cls: 1.5675  d4.loss_bbox: 0.5357  d4.loss_iou: 0.9649
2026/03/19 08:02:39 - mmengine - INFO - Epoch(train)  [1][200/245]  base_lr: 1.0000e-05 lr: 1.0000e-06  eta: 3:30:34  time: 0.6271  data_time: 0.0035  memory: 10692  grad_norm: 153.1831  loss: 17.6623  loss_cls: 1.4034  loss_bbox: 0.4853  loss_iou: 0.9004  d0.loss_cls: 1.7505  d0.loss_bbox: 0.5350  d0.loss_iou: 0.9690  d1.loss_cls: 1.6171  d1.loss_bbox: 0.5076  d1.loss_iou: 0.9248  d2.loss_cls: 1.5012  d2.loss_bbox: 0.4962  d2.loss_iou: 0.9173  d3.loss_cls: 1.4532  d3.loss_bbox: 0.4899  d3.loss_iou: 0.9072  d4.loss_cls: 1.4144  d4.loss_bbox: 0.4874  d4.loss_iou: 0.9025
2026/03/19 08:03:07 - mmengine - INFO - Exp name: detr_r50_ruod_120e_pretrained_20260319_080015
2026/03/19 08:03:39 - mmengine - INFO - Epoch(train)  [2][ 50/245]  base_lr: 5.5000e-05 lr: 5.5000e-06  eta: 3:27:14  time: 0.6461  data_time: 0.0111  memory: 10692  grad_norm: 144.7885  loss: 16.0791  loss_cls: 1.2838  loss_bbox: 0.4581  loss_iou: 0.8465  d0.loss_cls: 1.4495  d0.loss_bbox: 0.5108  d0.loss_iou: 0.9246  d1.loss_cls: 1.3600  d1.loss_bbox: 0.4825  d1.loss_iou: 0.8777  d2.loss_cls: 1.3284  d2.loss_bbox: 0.4687  d2.loss_iou: 0.8628  d3.loss_cls: 1.3129  d3.loss_bbox: 0.4610  d3.loss_iou: 0.8543  d4.loss_cls: 1.2920  d4.loss_bbox: 0.4581  d4.loss_iou: 0.8474
2026/03/19 08:04:10 - mmengine - INFO - Epoch(train)  [2][100/245]  base_lr: 5.5000e-05 lr: 5.5000e-06  eta: 3:25:34  time: 0.6197  data_time: 0.0034  memory: 10692  grad_norm: 160.5575  loss: 14.8558  loss_cls: 1.1702  loss_bbox: 0.4101  loss_iou: 0.8002  d0.loss_cls: 1.3291  d0.loss_bbox: 0.4604  d0.loss_iou: 0.8656  d1.loss_cls: 1.2696  d1.loss_bbox: 0.4305  d1.loss_iou: 0.8255  d2.loss_cls: 1.2399  d2.loss_bbox: 0.4169  d2.loss_iou: 0.8109  d3.loss_cls: 1.2114  d3.loss_bbox: 0.4127  d3.loss_iou: 0.8042  d4.loss_cls: 1.1871  d4.loss_bbox: 0.4111  d4.loss_iou: 0.8005
2026/03/19 08:04:41 - mmengine - INFO - Epoch(train)  [2][150/245]  base_lr: 5.5000e-05 lr: 5.5000e-06  eta: 3:24:16  time: 0.6218  data_time: 0.0035  memory: 10692  grad_norm: 137.5416  loss: 14.3431  loss_cls: 1.0934  loss_bbox: 0.3913  loss_iou: 0.7902  d0.loss_cls: 1.2864  d0.loss_bbox: 0.4393  d0.loss_iou: 0.8589  d1.loss_cls: 1.2260  d1.loss_bbox: 0.4129  d1.loss_iou: 0.8196  d2.loss_cls: 1.1861  d2.loss_bbox: 0.3993  d2.loss_iou: 0.8029  d3.loss_cls: 1.1484  d3.loss_bbox: 0.3954  d3.loss_iou: 0.7955  d4.loss_cls: 1.1144  d4.loss_bbox: 0.3913  d4.loss_iou: 0.7920
2026/03/19 08:05:12 - mmengine - INFO - Epoch(train)  [2][200/245]  base_lr: 5.5000e-05 lr: 5.5000e-06  eta: 3:23:04  time: 0.6195  data_time: 0.0034  memory: 10692  grad_norm: 124.3769  loss: 13.7628  loss_cls: 0.9956  loss_bbox: 0.3890  loss_iou: 0.7989  d0.loss_cls: 1.2000  d0.loss_bbox: 0.4327  d0.loss_iou: 0.8622  d1.loss_cls: 1.1353  d1.loss_bbox: 0.4069  d1.loss_iou: 0.8203  d2.loss_cls: 1.0903  d2.loss_bbox: 0.3936  d2.loss_iou: 0.8049  d3.loss_cls: 1.0466  d3.loss_bbox: 0.3891  d3.loss_iou: 0.7980  d4.loss_cls: 1.0151  d4.loss_bbox: 0.3873  d4.loss_iou: 0.7970
2026/03/19 08:05:40 - mmengine - INFO - Exp name: detr_r50_ruod_120e_pretrained_20260319_080015
2026/03/19 08:05:43 - mmengine - INFO - Epoch(val)  [2][ 50/245]    eta: 0:00:14  time: 0.0724  data_time: 0.0302  memory: 10692  
2026/03/19 08:05:47 - mmengine - INFO - Epoch(val)  [2][100/245]    eta: 0:00:11  time: 0.0805  data_time: 0.0328  memory: 1187  
2026/03/19 08:05:50 - mmengine - INFO - Epoch(val)  [2][150/245]    eta: 0:00:06  time: 0.0567  data_time: 0.0111  memory: 1187  
2026/03/19 08:05:53 - mmengine - INFO - Epoch(val)  [2][200/245]    eta: 0:00:02  time: 0.0557  data_time: 0.0110  memory: 1187  
2026/03/19 08:05:58 - mmengine - INFO - Evaluating bbox...
2026/03/19 08:06:10 - mmengine - INFO - bbox_mAP_copypaste: 0.070 0.140 0.058 0.012 0.036 0.081
2026/03/19 08:06:11 - mmengine - INFO - Epoch(val) [2][245/245]    coco/bbox_mAP: 0.0700  coco/bbox_mAP_50: 0.1400  coco/bbox_mAP_75: 0.0580  coco/bbox_mAP_s: 0.0120  coco/bbox_mAP_m: 0.0360  coco/bbox_mAP_l: 0.0810  data_time: 0.0193  time: 0.0640
2026/03/19 08:06:12 - mmengine - INFO - The best checkpoint with 0.0700 coco/bbox_mAP at 2 epoch is saved to best_coco_bbox_mAP_epoch_2.pth.
2026/03/19 08:06:45 - mmengine - INFO - Epoch(train)  [3][ 50/245]  base_lr: 1.0000e-04 lr: 1.0000e-05  eta: 3:22:30  time: 0.6748  data_time: 0.0170  memory: 10692  grad_norm: 133.7647  loss: 12.6746  loss_cls: 0.8690  loss_bbox: 0.3682  loss_iou: 0.7841  d0.loss_cls: 1.0506  d0.loss_bbox: 0.4080  d0.loss_iou: 0.8435  d1.loss_cls: 0.9826  d1.loss_bbox: 0.3837  d1.loss_iou: 0.8013  d2.loss_cls: 0.9355  d2.loss_bbox: 0.3740  d2.loss_iou: 0.7894  d3.loss_cls: 0.9006  d3.loss_bbox: 0.3698  d3.loss_iou: 0.7856  d4.loss_cls: 0.8789  d4.loss_bbox: 0.3679  d4.loss_iou: 0.7820
2026/03/19 08:07:17 - mmengine - INFO - Epoch(train)  [3][100/245]  base_lr: 1.0000e-04 lr: 1.0000e-05  eta: 3:21:49  time: 0.6318  data_time: 0.0059  memory: 10692  grad_norm: 117.4171  loss: 11.9464  loss_cls: 0.8078  loss_bbox: 0.3584  loss_iou: 0.7403  d0.loss_cls: 0.9767  d0.loss_bbox: 0.3995  d0.loss_iou: 0.8043  d1.loss_cls: 0.9063  d1.loss_bbox: 0.3744  d1.loss_iou: 0.7620  d2.loss_cls: 0.8609  d2.loss_bbox: 0.3632  d2.loss_iou: 0.7464  d3.loss_cls: 0.8320  d3.loss_bbox: 0.3596  d3.loss_iou: 0.7411  d4.loss_cls: 0.8160  d4.loss_bbox: 0.3583  d4.loss_iou: 0.7393
2026/03/19 08:07:49 - mmengine - INFO - Epoch(train)  [3][150/245]  base_lr: 1.0000e-04 lr: 1.0000e-05  eta: 3:21:31  time: 0.6465  data_time: 0.0071  memory: 10692  grad_norm: 112.3940  loss: 11.0982  loss_cls: 0.7292  loss_bbox: 0.3381  loss_iou: 0.7006  d0.loss_cls: 0.8921  d0.loss_bbox: 0.3780  d0.loss_iou: 0.7603  d1.loss_cls: 0.8250  d1.loss_bbox: 0.3523  d1.loss_iou: 0.7211  d2.loss_cls: 0.7816  d2.loss_bbox: 0.3418  d2.loss_iou: 0.7059  d3.loss_cls: 0.7544  d3.loss_bbox: 0.3408  d3.loss_iou: 0.7025  d4.loss_cls: 0.7362  d4.loss_bbox: 0.3387  d4.loss_iou: 0.6997
2026/03/19 08:08:21 - mmengine - INFO - Epoch(train)  [3][200/245]  base_lr: 1.0000e-04 lr: 1.0000e-05  eta: 3:21:06  time: 0.6428  data_time: 0.0061  memory: 10692  grad_norm: 126.1076  loss: 11.4057  loss_cls: 0.7069  loss_bbox: 0.3653  loss_iou: 0.7462  d0.loss_cls: 0.8639  d0.loss_bbox: 0.4051  d0.loss_iou: 0.8058  d1.loss_cls: 0.8009  d1.loss_bbox: 0.3834  d1.loss_iou: 0.7673  d2.loss_cls: 0.7565  d2.loss_bbox: 0.3735  d2.loss_iou: 0.7563  d3.loss_cls: 0.7292  d3.loss_bbox: 0.3689  d3.loss_iou: 0.7508  d4.loss_cls: 0.7148  d4.loss_bbox: 0.3649  d4.loss_iou: 0.7461
2026/03/19 08:08:49 - mmengine - INFO - Exp name: detr_r50_ruod_120e_pretrained_20260319_080015
2026/03/19 08:09:22 - mmengine - INFO - Epoch(train)  [4][ 50/245]  base_lr: 1.0000e-04 lr: 1.0000e-05  eta: 3:20:08  time: 0.6621  data_time: 0.0158  memory: 10692  grad_norm: 120.7495  loss: 10.6657  loss_cls: 0.6358  loss_bbox: 0.3340  loss_iou: 0.7235  d0.loss_cls: 0.8031  d0.loss_bbox: 0.3697  d0.loss_iou: 0.7820  d1.loss_cls: 0.7384  d1.loss_bbox: 0.3482  d1.loss_iou: 0.7433  d2.loss_cls: 0.6877  d2.loss_bbox: 0.3388  d2.loss_iou: 0.7330  d3.loss_cls: 0.6604  d3.loss_bbox: 0.3378  d3.loss_iou: 0.7291  d4.loss_cls: 0.6436  d4.loss_bbox: 0.3348  d4.loss_iou: 0.7224
2026/03/19 08:09:54 - mmengine - INFO - Epoch(train)  [4][100/245]  base_lr: 1.0000e-04 lr: 1.0000e-05  eta: 3:19:32  time: 0.6346  data_time: 0.0058  memory: 10692  grad_norm: 127.1369  loss: 10.0377  loss_cls: 0.6017  loss_bbox: 0.3221  loss_iou: 0.6687  d0.loss_cls: 0.7571  d0.loss_bbox: 0.3592  d0.loss_iou: 0.7324  d1.loss_cls: 0.6967  d1.loss_bbox: 0.3343  d1.loss_iou: 0.6867  d2.loss_cls: 0.6501  d2.loss_bbox: 0.3270  d2.loss_iou: 0.6777  d3.loss_cls: 0.6229  d3.loss_bbox: 0.3261  d3.loss_iou: 0.6758  d4.loss_cls: 0.6069  d4.loss_bbox: 0.3223  d4.loss_iou: 0.6702
2026/03/19 08:10:25 - mmengine - INFO - Epoch(train)  [4][150/245]  base_lr: 1.0000e-04 lr: 1.0000e-05  eta: 3:18:54  time: 0.6328  data_time: 0.0056  memory: 10692  grad_norm: 118.8677  loss: 10.1747  loss_cls: 0.6020  loss_bbox: 0.3214  loss_iou: 0.6989  d0.loss_cls: 0.7464  d0.loss_bbox: 0.3605  d0.loss_iou: 0.7561  d1.loss_cls: 0.6863  d1.loss_bbox: 0.3350  d1.loss_iou: 0.7185  d2.loss_cls: 0.6422  d2.loss_bbox: 0.3264  d2.loss_iou: 0.7043  d3.loss_cls: 0.6207  d3.loss_bbox: 0.3257  d3.loss_iou: 0.7025  d4.loss_cls: 0.6063  d4.loss_bbox: 0.3220  d4.loss_iou: 0.6994
2026/03/19 08:10:57 - mmengine - INFO - Epoch(train)  [4][200/245]  base_lr: 1.0000e-04 lr: 1.0000e-05  eta: 3:18:20  time: 0.6352  data_time: 0.0057  memory: 10692  grad_norm: 119.5570  loss: 10.0015  loss_cls: 0.5754  loss_bbox: 0.3219  loss_iou: 0.6986  d0.loss_cls: 0.7129  d0.loss_bbox: 0.3568  d0.loss_iou: 0.7548  d1.loss_cls: 0.6612  d1.loss_bbox: 0.3325  d1.loss_iou: 0.7126  d2.loss_cls: 0.6175  d2.loss_bbox: 0.3268  d2.loss_iou: 0.7063  d3.loss_cls: 0.5939  d3.loss_bbox: 0.3245  d3.loss_iou: 0.7045  d4.loss_cls: 0.5806  d4.loss_bbox: 0.3223  d4.loss_iou: 0.6984
2026/03/19 08:11:25 - mmengine - INFO - Exp name: detr_r50_ruod_120e_pretrained_20260319_080015
2026/03/19 08:11:28 - mmengine - INFO - Epoch(val)  [4][ 50/245]    eta: 0:00:10  time: 0.0520  data_time: 0.0175  memory: 10692  
2026/03/19 08:11:31 - mmengine - INFO - Epoch(val)  [4][100/245]    eta: 0:00:08  time: 0.0671  data_time: 0.0292  memory: 1187  
2026/03/19 08:11:33 - mmengine - INFO - Epoch(val)  [4][150/245]    eta: 0:00:05  time: 0.0484  data_time: 0.0108  memory: 1187  
2026/03/19 08:11:36 - mmengine - INFO - Epoch(val)  [4][200/245]    eta: 0:00:02  time: 0.0466  data_time: 0.0100  memory: 1187  
2026/03/19 08:11:41 - mmengine - INFO - Evaluating bbox...
2026/03/19 08:11:53 - mmengine - INFO - bbox_mAP_copypaste: 0.252 0.460 0.233 0.049 0.139 0.283
2026/03/19 08:11:54 - mmengine - INFO - Epoch(val) [4][245/245]    coco/bbox_mAP: 0.2520  coco/bbox_mAP_50: 0.4600  coco/bbox_mAP_75: 0.2330  coco/bbox_mAP_s: 0.0490  coco/bbox_mAP_m: 0.1390  coco/bbox_mAP_l: 0.2830  data_time: 0.0155  time: 0.0524
2026/03/19 08:11:54 - mmengine - INFO - The previous best checkpoint /workspace/aquaculture-perception/runs/mmdet/detr_r50_ruod_120e_pretrained/best_coco_bbox_mAP_epoch_2.pth is removed
2026/03/19 08:11:55 - mmengine - INFO - The best checkpoint with 0.2520 coco/bbox_mAP at 4 epoch is saved to best_coco_bbox_mAP_epoch_4.pth.
2026/03/19 08:12:08 - mmengine - INFO - Exp name: detr_r50_ruod_120e_pretrained_20260319_080015
2026/03/19 08:12:27 - mmengine - INFO - Epoch(train)  [5][ 50/245]  base_lr: 9.8697e-05 lr: 9.8697e-06  eta: 3:17:11  time: 0.6465  data_time: 0.0159  memory: 10692  grad_norm: 111.6955  loss: 9.5546  loss_cls: 0.5301  loss_bbox: 0.3093  loss_iou: 0.6745  d0.loss_cls: 0.6824  d0.loss_bbox: 0.3491  d0.loss_iou: 0.7370  d1.loss_cls: 0.6212  d1.loss_bbox: 0.3217  d1.loss_iou: 0.6917  d2.loss_cls: 0.5788  d2.loss_bbox: 0.3130  d2.loss_iou: 0.6811  d3.loss_cls: 0.5492  d3.loss_bbox: 0.3128  d3.loss_iou: 0.6818  d4.loss_cls: 0.5335  d4.loss_bbox: 0.3107  d4.loss_iou: 0.6767
2026/03/19 08:12:57 - mmengine - INFO - Epoch(train)  [5][100/245]  base_lr: 9.8697e-05 lr: 9.8697e-06  eta: 3:16:18  time: 0.6122  data_time: 0.0039  memory: 10692  grad_norm: inf  loss: 9.4788  loss_cls: 0.5097  loss_bbox: 0.3160  loss_iou: 0.6805  d0.loss_cls: 0.6540  d0.loss_bbox: 0.3508  d0.loss_iou: 0.7391  d1.loss_cls: 0.5975  d1.loss_bbox: 0.3264  d1.loss_iou: 0.6968  d2.loss_cls: 0.5587  d2.loss_bbox: 0.3181  d2.loss_iou: 0.6847  d3.loss_cls: 0.5303  d3.loss_bbox: 0.3177  d3.loss_iou: 0.6858  d4.loss_cls: 0.5150  d4.loss_bbox: 0.3171  d4.loss_iou: 0.6806
2026/03/19 08:13:28 - mmengine - INFO - Epoch(train)  [5][150/245]  base_lr: 9.8697e-05 lr: 9.8697e-06  eta: 3:15:32  time: 0.6185  data_time: 0.0045  memory: 10692  grad_norm: 118.3319  loss: 9.3484  loss_cls: 0.4983  loss_bbox: 0.3046  loss_iou: 0.6793  d0.loss_cls: 0.6472  d0.loss_bbox: 0.3406  d0.loss_iou: 0.7339  d1.loss_cls: 0.5859  d1.loss_bbox: 0.3174  d1.loss_iou: 0.7002  d2.loss_cls: 0.5491  d2.loss_bbox: 0.3069  d2.loss_iou: 0.6861  d3.loss_cls: 0.5183  d3.loss_bbox: 0.3075  d3.loss_iou: 0.6842  d4.loss_cls: 0.5041  d4.loss_bbox: 0.3044  d4.loss_iou: 0.6802
2026/03/19 08:13:59 - mmengine - INFO - Epoch(train)  [5][200/245]  base_lr: 9.8697e-05 lr: 9.8697e-06  eta: 3:14:49  time: 0.6217  data_time: 0.0046  memory: 10692  grad_norm: 101.5323  loss: 9.1732  loss_cls: 0.4907  loss_bbox: 0.3009  loss_iou: 0.6658  d0.loss_cls: 0.6303  d0.loss_bbox: 0.3354  d0.loss_iou: 0.7239  d1.loss_cls: 0.5723  d1.loss_bbox: 0.3117  d1.loss_iou: 0.6832  d2.loss_cls: 0.5322  d2.loss_bbox: 0.3072  d2.loss_iou: 0.6732  d3.loss_cls: 0.5050  d3.loss_bbox: 0.3056  d3.loss_iou: 0.6736  d4.loss_cls: 0.4943  d4.loss_bbox: 0.3016  d4.loss_iou: 0.6663
2026/03/19 08:14:27 - mmengine - INFO - Exp name: detr_r50_ruod_120e_pretrained_20260319_080015
2026/03/19 08:14:59 - mmengine - INFO - Epoch(train)  [6][ 50/245]  base_lr: 9.7395e-05 lr: 9.7395e-06  eta: 3:13:38  time: 0.6479  data_time: 0.0160  memory: 10692  grad_norm: 111.7626  loss: 8.8970  loss_cls: 0.4583  loss_bbox: 0.2968  loss_iou: 0.6509  d0.loss_cls: 0.6035  d0.loss_bbox: 0.3312  d0.loss_iou: 0.7092  d1.loss_cls: 0.5467  d1.loss_bbox: 0.3083  d1.loss_iou: 0.6714  d2.loss_cls: 0.5081  d2.loss_bbox: 0.3008  d2.loss_iou: 0.6591  d3.loss_cls: 0.4783  d3.loss_bbox: 0.3001  d3.loss_iou: 0.6586  d4.loss_cls: 0.4649  d4.loss_bbox: 0.2975  d4.loss_iou: 0.6532
2026/03/19 08:15:30 - mmengine - INFO - Epoch(train)  [6][100/245]  base_lr: 9.7395e-05 lr: 9.7395e-06  eta: 3:12:58  time: 0.6209  data_time: 0.0043  memory: 10692  grad_norm: 119.6035  loss: 8.8462  loss_cls: 0.4487  loss_bbox: 0.2909  loss_iou: 0.6600  d0.loss_cls: 0.5898  d0.loss_bbox: 0.3257  d0.loss_iou: 0.7198  d1.loss_cls: 0.5360  d1.loss_bbox: 0.3027  d1.loss_iou: 0.6769  d2.loss_cls: 0.4984  d2.loss_bbox: 0.2962  d2.loss_iou: 0.6651  d3.loss_cls: 0.4664  d3.loss_bbox: 0.2959  d3.loss_iou: 0.6667  d4.loss_cls: 0.4540  d4.loss_bbox: 0.2919  d4.loss_iou: 0.6607
2026/03/19 08:16:01 - mmengine - INFO - Epoch(train)  [6][150/245]  base_lr: 9.7395e-05 lr: 9.7395e-06  eta: 3:12:22  time: 0.6280  data_time: 0.0043  memory: 10692  grad_norm: 105.8615  loss: 8.6166  loss_cls: 0.4213  loss_bbox: 0.2947  loss_iou: 0.6484  d0.loss_cls: 0.5635  d0.loss_bbox: 0.3279  d0.loss_iou: 0.7004  d1.loss_cls: 0.5048  d1.loss_bbox: 0.3069  d1.loss_iou: 0.6661  d2.loss_cls: 0.4653  d2.loss_bbox: 0.3000  d2.loss_iou: 0.6576  d3.loss_cls: 0.4371  d3.loss_bbox: 0.2991  d3.loss_iou: 0.6550  d4.loss_cls: 0.4240  d4.loss_bbox: 0.2959  d4.loss_iou: 0.6488
2026/03/19 08:16:33 - mmengine - INFO - Epoch(train)  [6][200/245]  base_lr: 9.7395e-05 lr: 9.7395e-06  eta: 3:11:46  time: 0.6256  data_time: 0.0047  memory: 10692  grad_norm: 111.9290  loss: 8.8068  loss_cls: 0.4407  loss_bbox: 0.3003  loss_iou: 0.6644  d0.loss_cls: 0.5651  d0.loss_bbox: 0.3307  d0.loss_iou: 0.7142  d1.loss_cls: 0.5142  d1.loss_bbox: 0.3092  d1.loss_iou: 0.6777  d2.loss_cls: 0.4761  d2.loss_bbox: 0.3042  d2.loss_iou: 0.6711  d3.loss_cls: 0.4531  d3.loss_bbox: 0.3038  d3.loss_iou: 0.6703  d4.loss_cls: 0.4447  d4.loss_bbox: 0.3014  d4.loss_iou: 0.6655
2026/03/19 08:17:00 - mmengine - INFO - Exp name: detr_r50_ruod_120e_pretrained_20260319_080015
2026/03/19 08:17:03 - mmengine - INFO - Epoch(val)  [6][ 50/245]    eta: 0:00:12  time: 0.0663  data_time: 0.0324  memory: 10692  
2026/03/19 08:17:07 - mmengine - INFO - Epoch(val)  [6][100/245]    eta: 0:00:09  time: 0.0691  data_time: 0.0313  memory: 1187  
2026/03/19 08:17:09 - mmengine - INFO - Epoch(val)  [6][150/245]    eta: 0:00:05  time: 0.0490  data_time: 0.0110  memory: 1187  
2026/03/19 08:17:11 - mmengine - INFO - Epoch(val)  [6][200/245]    eta: 0:00:02  time: 0.0482  data_time: 0.0108  memory: 1187  
2026/03/19 08:17:16 - mmengine - INFO - Evaluating bbox...
2026/03/19 08:17:29 - mmengine - INFO - bbox_mAP_copypaste: 0.322 0.566 0.303 0.051 0.174 0.361
2026/03/19 08:17:29 - mmengine - INFO - Epoch(val) [6][245/245]    coco/bbox_mAP: 0.3220  coco/bbox_mAP_50: 0.5660  coco/bbox_mAP_75: 0.3030  coco/bbox_mAP_s: 0.0510  coco/bbox_mAP_m: 0.1740  coco/bbox_mAP_l: 0.3610  data_time: 0.0191  time: 0.0558
2026/03/19 08:17:29 - mmengine - INFO - The previous best checkpoint /workspace/aquaculture-perception/runs/mmdet/detr_r50_ruod_120e_pretrained/best_coco_bbox_mAP_epoch_4.pth is removed
2026/03/19 08:17:30 - mmengine - INFO - The best checkpoint with 0.3220 coco/bbox_mAP at 6 epoch is saved to best_coco_bbox_mAP_epoch_6.pth.
2026/03/19 08:18:02 - mmengine - INFO - Epoch(train)  [7][ 50/245]  base_lr: 9.6092e-05 lr: 9.6092e-06  eta: 3:10:35  time: 0.6436  data_time: 0.0182  memory: 10692  grad_norm: 111.5831  loss: 8.4675  loss_cls: 0.3989  loss_bbox: 0.2832  loss_iou: 0.6567  d0.loss_cls: 0.5263  d0.loss_bbox: 0.3215  d0.loss_iou: 0.7210  d1.loss_cls: 0.4783  d1.loss_bbox: 0.2968  d1.loss_iou: 0.6767  d2.loss_cls: 0.4398  d2.loss_bbox: 0.2898  d2.loss_iou: 0.6648  d3.loss_cls: 0.4136  d3.loss_bbox: 0.2891  d3.loss_iou: 0.6644  d4.loss_cls: 0.4034  d4.loss_bbox: 0.2850  d4.loss_iou: 0.6582
2026/03/19 08:18:33 - mmengine - INFO - Epoch(train)  [7][100/245]  base_lr: 9.6092e-05 lr: 9.6092e-06  eta: 3:09:55  time: 0.6179  data_time: 0.0043  memory: 10692  grad_norm: 115.0089  loss: 8.4105  loss_cls: 0.4105  loss_bbox: 0.2883  loss_iou: 0.6320  d0.loss_cls: 0.5337  d0.loss_bbox: 0.3270  d0.loss_iou: 0.6933  d1.loss_cls: 0.4882  d1.loss_bbox: 0.3020  d1.loss_iou: 0.6543  d2.loss_cls: 0.4511  d2.loss_bbox: 0.2933  d2.loss_iou: 0.6429  d3.loss_cls: 0.4234  d3.loss_bbox: 0.2930  d3.loss_iou: 0.6404  d4.loss_cls: 0.4128  d4.loss_bbox: 0.2898  d4.loss_iou: 0.6346
2026/03/19 08:19:04 - mmengine - INFO - Epoch(train)  [7][150/245]  base_lr: 9.6092e-05 lr: 9.6092e-06  eta: 3:09:18  time: 0.6215  data_time: 0.0041  memory: 10692  grad_norm: 100.7183  loss: 8.3035  loss_cls: 0.4028  loss_bbox: 0.2824  loss_iou: 0.6296  d0.loss_cls: 0.5283  d0.loss_bbox: 0.3183  d0.loss_iou: 0.6884  d1.loss_cls: 0.4770  d1.loss_bbox: 0.2970  d1.loss_iou: 0.6494  d2.loss_cls: 0.4422  d2.loss_bbox: 0.2886  d2.loss_iou: 0.6369  d3.loss_cls: 0.4148  d3.loss_bbox: 0.2886  d3.loss_iou: 0.6381  d4.loss_cls: 0.4054  d4.loss_bbox: 0.2841  d4.loss_iou: 0.6315
2026/03/19 08:19:35 - mmengine - INFO - Epoch(train)  [7][200/245]  base_lr: 9.6092e-05 lr: 9.6092e-06  eta: 3:08:40  time: 0.6209  data_time: 0.0042  memory: 10692  grad_norm: 110.3383  loss: 8.2019  loss_cls: 0.3884  loss_bbox: 0.2816  loss_iou: 0.6313  d0.loss_cls: 0.5079  d0.loss_bbox: 0.3168  d0.loss_iou: 0.6929  d1.loss_cls: 0.4615  d1.loss_bbox: 0.2947  d1.loss_iou: 0.6482  d2.loss_cls: 0.4227  d2.loss_bbox: 0.2886  d2.loss_iou: 0.6373  d3.loss_cls: 0.4005  d3.loss_bbox: 0.2863  d3.loss_iou: 0.6363  d4.loss_cls: 0.3906  d4.loss_bbox: 0.2831  d4.loss_iou: 0.6331
2026/03/19 08:20:02 - mmengine - INFO - Exp name: detr_r50_ruod_120e_pretrained_20260319_080015
2026/03/19 08:20:36 - mmengine - INFO - Epoch(train)  [8][ 50/245]  base_lr: 9.4789e-05 lr: 9.4789e-06  eta: 3:07:52  time: 0.6800  data_time: 0.0167  memory: 10692  grad_norm: 105.0123  loss: 8.0469  loss_cls: 0.3753  loss_bbox: 0.2755  loss_iou: 0.6216  d0.loss_cls: 0.4991  d0.loss_bbox: 0.3101  d0.loss_iou: 0.6824  d1.loss_cls: 0.4501  d1.loss_bbox: 0.2898  d1.loss_iou: 0.6428  d2.loss_cls: 0.4118  d2.loss_bbox: 0.2817  d2.loss_iou: 0.6325  d3.loss_cls: 0.3850  d3.loss_bbox: 0.2797  d3.loss_iou: 0.6313  d4.loss_cls: 0.3787  d4.loss_bbox: 0.2762  d4.loss_iou: 0.6234
2026/03/19 08:21:08 - mmengine - INFO - Epoch(train)  [8][100/245]  base_lr: 9.4789e-05 lr: 9.4789e-06  eta: 3:07:21  time: 0.6328  data_time: 0.0042  memory: 10692  grad_norm: 113.4554  loss: 7.8666  loss_cls: 0.3761  loss_bbox: 0.2707  loss_iou: 0.6004  d0.loss_cls: 0.4906  d0.loss_bbox: 0.3047  d0.loss_iou: 0.6590  d1.loss_cls: 0.4482  d1.loss_bbox: 0.2831  d1.loss_iou: 0.6188  d2.loss_cls: 0.4116  d2.loss_bbox: 0.2762  d2.loss_iou: 0.6085  d3.loss_cls: 0.3846  d3.loss_bbox: 0.2752  d3.loss_iou: 0.6077  d4.loss_cls: 0.3786  d4.loss_bbox: 0.2712  d4.loss_iou: 0.6016
2026/03/19 08:21:40 - mmengine - INFO - Epoch(train)  [8][150/245]  base_lr: 9.4789e-05 lr: 9.4789e-06  eta: 3:06:53  time: 0.6396  data_time: 0.0044  memory: 10692  grad_norm: 96.3538  loss: 7.9970  loss_cls: 0.3700  loss_bbox: 0.2759  loss_iou: 0.6188  d0.loss_cls: 0.4942  d0.loss_bbox: 0.3101  d0.loss_iou: 0.6781  d1.loss_cls: 0.4421  d1.loss_bbox: 0.2904  d1.loss_iou: 0.6414  d2.loss_cls: 0.4070  d2.loss_bbox: 0.2827  d2.loss_iou: 0.6292  d3.loss_cls: 0.3816  d3.loss_bbox: 0.2806  d3.loss_iou: 0.6258  d4.loss_cls: 0.3716  d4.loss_bbox: 0.2770  d4.loss_iou: 0.6205
2026/03/19 08:22:11 - mmengine - INFO - Epoch(train)  [8][200/245]  base_lr: 9.4789e-05 lr: 9.4789e-06  eta: 3:06:19  time: 0.6279  data_time: 0.0045  memory: 10692  grad_norm: 98.1244  loss: 7.9100  loss_cls: 0.3672  loss_bbox: 0.2682  loss_iou: 0.6159  d0.loss_cls: 0.4866  d0.loss_bbox: 0.3055  d0.loss_iou: 0.6730  d1.loss_cls: 0.4415  d1.loss_bbox: 0.2815  d1.loss_iou: 0.6369  d2.loss_cls: 0.4030  d2.loss_bbox: 0.2757  d2.loss_iou: 0.6237  d3.loss_cls: 0.3767  d3.loss_bbox: 0.2736  d3.loss_iou: 0.6251  d4.loss_cls: 0.3705  d4.loss_bbox: 0.2684  d4.loss_iou: 0.6171
2026/03/19 08:22:39 - mmengine - INFO - Exp name: detr_r50_ruod_120e_pretrained_20260319_080015
2026/03/19 08:22:42 - mmengine - INFO - Epoch(val)  [8][ 50/245]    eta: 0:00:12  time: 0.0648  data_time: 0.0285  memory: 10692  
2026/03/19 08:22:46 - mmengine - INFO - Epoch(val)  [8][100/245]    eta: 0:00:09  time: 0.0684  data_time: 0.0310  memory: 1187  
2026/03/19 08:22:48 - mmengine - INFO - Epoch(val)  [8][150/245]    eta: 0:00:05  time: 0.0487  data_time: 0.0103  memory: 1187  
2026/03/19 08:22:51 - mmengine - INFO - Epoch(val)  [8][200/245]    eta: 0:00:02  time: 0.0486  data_time: 0.0103  memory: 1187  
2026/03/19 08:22:56 - mmengine - INFO - Evaluating bbox...
2026/03/19 08:23:09 - mmengine - INFO - bbox_mAP_copypaste: 0.348 0.614 0.327 0.055 0.193 0.393
2026/03/19 08:23:09 - mmengine - INFO - Epoch(val) [8][245/245]    coco/bbox_mAP: 0.3480  coco/bbox_mAP_50: 0.6140  coco/bbox_mAP_75: 0.3270  coco/bbox_mAP_s: 0.0550  coco/bbox_mAP_m: 0.1930  coco/bbox_mAP_l: 0.3930  data_time: 0.0181  time: 0.0560
2026/03/19 08:23:09 - mmengine - INFO - The previous best checkpoint /workspace/aquaculture-perception/runs/mmdet/detr_r50_ruod_120e_pretrained/best_coco_bbox_mAP_epoch_6.pth is removed
2026/03/19 08:23:10 - mmengine - INFO - The best checkpoint with 0.3480 coco/bbox_mAP at 8 epoch is saved to best_coco_bbox_mAP_epoch_8.pth.
2026/03/19 08:23:37 - mmengine - INFO - Exp name: detr_r50_ruod_120e_pretrained_20260319_080015
2026/03/19 08:23:43 - mmengine - INFO - Epoch(train)  [9][ 50/245]  base_lr: 9.3487e-05 lr: 9.3487e-06  eta: 3:05:29  time: 0.6645  data_time: 0.0131  memory: 10692  grad_norm: 101.5416  loss: 7.8463  loss_cls: 0.3618  loss_bbox: 0.2626  loss_iou: 0.6175  d0.loss_cls: 0.4802  d0.loss_bbox: 0.2986  d0.loss_iou: 0.6797  d1.loss_cls: 0.4308  d1.loss_bbox: 0.2775  d1.loss_iou: 0.6381  d2.loss_cls: 0.3964  d2.loss_bbox: 0.2686  d2.loss_iou: 0.6257  d3.loss_cls: 0.3711  d3.loss_bbox: 0.2666  d3.loss_iou: 0.6264  d4.loss_cls: 0.3629  d4.loss_bbox: 0.2634  d4.loss_iou: 0.6184
2026/03/19 08:24:15 - mmengine - INFO - Epoch(train)  [9][100/245]  base_lr: 9.3487e-05 lr: 9.3487e-06  eta: 3:05:00  time: 0.6371  data_time: 0.0040  memory: 10692  grad_norm: 100.2773  loss: 7.6347  loss_cls: 0.3488  loss_bbox: 0.2608  loss_iou: 0.5930  d0.loss_cls: 0.4695  d0.loss_bbox: 0.2966  d0.loss_iou: 0.6560  d1.loss_cls: 0.4225  d1.loss_bbox: 0.2754  d1.loss_iou: 0.6147  d2.loss_cls: 0.3889  d2.loss_bbox: 0.2673  d2.loss_iou: 0.6014  d3.loss_cls: 0.3618  d3.loss_bbox: 0.2658  d3.loss_iou: 0.6024  d4.loss_cls: 0.3516  d4.loss_bbox: 0.2620  d4.loss_iou: 0.5962
2026/03/19 08:24:46 - mmengine - INFO - Epoch(train)  [9][150/245]  base_lr: 9.3487e-05 lr: 9.3487e-06  eta: 3:04:26  time: 0.6281  data_time: 0.0037  memory: 10692  grad_norm: 108.1927  loss: 7.7243  loss_cls: 0.3510  loss_bbox: 0.2665  loss_iou: 0.6051  d0.loss_cls: 0.4624  d0.loss_bbox: 0.3049  d0.loss_iou: 0.6664  d1.loss_cls: 0.4236  d1.loss_bbox: 0.2795  d1.loss_iou: 0.6225  d2.loss_cls: 0.3879  d2.loss_bbox: 0.2715  d2.loss_iou: 0.6106  d3.loss_cls: 0.3619  d3.loss_bbox: 0.2711  d3.loss_iou: 0.6131  d4.loss_cls: 0.3527  d4.loss_bbox: 0.2671  d4.loss_iou: 0.6065
2026/03/19 08:25:18 - mmengine - INFO - Epoch(train)  [9][200/245]  base_lr: 9.3487e-05 lr: 9.3487e-06  eta: 3:03:51  time: 0.6236  data_time: 0.0039  memory: 10692  grad_norm: 100.6238  loss: 7.4596  loss_cls: 0.3336  loss_bbox: 0.2590  loss_iou: 0.5850  d0.loss_cls: 0.4504  d0.loss_bbox: 0.2932  d0.loss_iou: 0.6419  d1.loss_cls: 0.4072  d1.loss_bbox: 0.2719  d1.loss_iou: 0.6036  d2.loss_cls: 0.3714  d2.loss_bbox: 0.2638  d2.loss_iou: 0.5920  d3.loss_cls: 0.3447  d3.loss_bbox: 0.2636  d3.loss_iou: 0.5937  d4.loss_cls: 0.3366  d4.loss_bbox: 0.2608  d4.loss_iou: 0.5872
2026/03/19 08:25:45 - mmengine - INFO - Exp name: detr_r50_ruod_120e_pretrained_20260319_080015
2026/03/19 08:26:18 - mmengine - INFO - Epoch(train) [10][ 50/245]  base_lr: 9.2184e-05 lr: 9.2184e-06  eta: 3:02:56  time: 0.6630  data_time: 0.0137  memory: 10692  grad_norm: 96.2321  loss: 7.5740  loss_cls: 0.3425  loss_bbox: 0.2599  loss_iou: 0.5938  d0.loss_cls: 0.4625  d0.loss_bbox: 0.2939  d0.loss_iou: 0.6475  d1.loss_cls: 0.4151  d1.loss_bbox: 0.2747  d1.loss_iou: 0.6125  d2.loss_cls: 0.3766  d2.loss_bbox: 0.2670  d2.loss_iou: 0.6049  d3.loss_cls: 0.3511  d3.loss_bbox: 0.2657  d3.loss_iou: 0.6042  d4.loss_cls: 0.3442  d4.loss_bbox: 0.2614  d4.loss_iou: 0.5964
2026/03/19 08:26:51 - mmengine - INFO - Epoch(train) [10][100/245]  base_lr: 9.2184e-05 lr: 9.2184e-06  eta: 3:02:29  time: 0.6433  data_time: 0.0042  memory: 10692  grad_norm: 106.4254  loss: 7.4513  loss_cls: 0.3271  loss_bbox: 0.2574  loss_iou: 0.5872  d0.loss_cls: 0.4452  d0.loss_bbox: 0.2963  d0.loss_iou: 0.6488  d1.loss_cls: 0.4005  d1.loss_bbox: 0.2730  d1.loss_iou: 0.6122  d2.loss_cls: 0.3648  d2.loss_bbox: 0.2647  d2.loss_iou: 0.6009  d3.loss_cls: 0.3353  d3.loss_bbox: 0.2632  d3.loss_iou: 0.5975  d4.loss_cls: 0.3297  d4.loss_bbox: 0.2585  d4.loss_iou: 0.5888
2026/03/19 08:27:23 - mmengine - INFO - Epoch(train) [10][150/245]  base_lr: 9.2184e-05 lr: 9.2184e-06  eta: 3:02:04  time: 0.6523  data_time: 0.0048  memory: 10692  grad_norm: 106.3735  loss: 7.5053  loss_cls: 0.3312  loss_bbox: 0.2555  loss_iou: 0.5996  d0.loss_cls: 0.4453  d0.loss_bbox: 0.2873  d0.loss_iou: 0.6570  d1.loss_cls: 0.4003  d1.loss_bbox: 0.2692  d1.loss_iou: 0.6218  d2.loss_cls: 0.3660  d2.loss_bbox: 0.2624  d2.loss_iou: 0.6087  d3.loss_cls: 0.3431  d3.loss_bbox: 0.2595  d3.loss_iou: 0.6070  d4.loss_cls: 0.3345  d4.loss_bbox: 0.2562  d4.loss_iou: 0.6007
2026/03/19 08:27:55 - mmengine - INFO - Epoch(train) [10][200/245]  base_lr: 9.2184e-05 lr: 9.2184e-06  eta: 3:01:36  time: 0.6425  data_time: 0.0044  memory: 10692  grad_norm: 97.5124  loss: 7.3981  loss_cls: 0.3191  loss_bbox: 0.2564  loss_iou: 0.5935  d0.loss_cls: 0.4376  d0.loss_bbox: 0.2893  d0.loss_iou: 0.6491  d1.loss_cls: 0.3889  d1.loss_bbox: 0.2689  d1.loss_iou: 0.6094  d2.loss_cls: 0.3568  d2.loss_bbox: 0.2628  d2.loss_iou: 0.6028  d3.loss_cls: 0.3280  d3.loss_bbox: 0.2607  d3.loss_iou: 0.6016  d4.loss_cls: 0.3209  d4.loss_bbox: 0.2572  d4.loss_iou: 0.5951
2026/03/19 08:28:23 - mmengine - INFO - Exp name: detr_r50_ruod_120e_pretrained_20260319_080015
2026/03/19 08:28:26 - mmengine - INFO - Epoch(val) [10][ 50/245]    eta: 0:00:13  time: 0.0669  data_time: 0.0304  memory: 10692  
2026/03/19 08:28:30 - mmengine - INFO - Epoch(val) [10][100/245]    eta: 0:00:09  time: 0.0670  data_time: 0.0276  memory: 1187  
2026/03/19 08:28:32 - mmengine - INFO - Epoch(val) [10][150/245]    eta: 0:00:05  time: 0.0492  data_time: 0.0105  memory: 1187  
2026/03/19 08:28:35 - mmengine - INFO - Epoch(val) [10][200/245]    eta: 0:00:02  time: 0.0487  data_time: 0.0104  memory: 1187  
2026/03/19 08:28:39 - mmengine - INFO - Evaluating bbox...
2026/03/19 08:28:53 - mmengine - INFO - bbox_mAP_copypaste: 0.374 0.647 0.361 0.073 0.209 0.426
2026/03/19 08:28:53 - mmengine - INFO - Epoch(val) [10][245/245]    coco/bbox_mAP: 0.3740  coco/bbox_mAP_50: 0.6470  coco/bbox_mAP_75: 0.3610  coco/bbox_mAP_s: 0.0730  coco/bbox_mAP_m: 0.2090  coco/bbox_mAP_l: 0.4260  data_time: 0.0178  time: 0.0560
2026/03/19 08:28:53 - mmengine - INFO - The previous best checkpoint /workspace/aquaculture-perception/runs/mmdet/detr_r50_ruod_120e_pretrained/best_coco_bbox_mAP_epoch_8.pth is removed
2026/03/19 08:28:54 - mmengine - INFO - The best checkpoint with 0.3740 coco/bbox_mAP at 10 epoch is saved to best_coco_bbox_mAP_epoch_10.pth.
2026/03/19 08:29:27 - mmengine - INFO - Epoch(train) [11][ 50/245]  base_lr: 9.0882e-05 lr: 9.0882e-06  eta: 3:00:41  time: 0.6675  data_time: 0.0169  memory: 10692  grad_norm: 92.2638  loss: 7.3234  loss_cls: 0.3201  loss_bbox: 0.2528  loss_iou: 0.5839  d0.loss_cls: 0.4332  d0.loss_bbox: 0.2864  d0.loss_iou: 0.6369  d1.loss_cls: 0.3874  d1.loss_bbox: 0.2681  d1.loss_iou: 0.6048  d2.loss_cls: 0.3555  d2.loss_bbox: 0.2596  d2.loss_iou: 0.5956  d3.loss_cls: 0.3290  d3.loss_bbox: 0.2582  d3.loss_iou: 0.5899  d4.loss_cls: 0.3229  d4.loss_bbox: 0.2541  d4.loss_iou: 0.5850
2026/03/19 08:29:59 - mmengine - INFO - Epoch(train) [11][100/245]  base_lr: 9.0882e-05 lr: 9.0882e-06  eta: 3:00:08  time: 0.6284  data_time: 0.0037  memory: 10692  grad_norm: 143.3821  loss: 7.3962  loss_cls: 0.3169  loss_bbox: 0.2514  loss_iou: 0.6024  d0.loss_cls: 0.4260  d0.loss_bbox: 0.2858  d0.loss_iou: 0.6604  d1.loss_cls: 0.3802  d1.loss_bbox: 0.2651  d1.loss_iou: 0.6237  d2.loss_cls: 0.3487  d2.loss_bbox: 0.2577  d2.loss_iou: 0.6110  d3.loss_cls: 0.3245  d3.loss_bbox: 0.2560  d3.loss_iou: 0.6117  d4.loss_cls: 0.3183  d4.loss_bbox: 0.2526  d4.loss_iou: 0.6039
2026/03/19 08:30:30 - mmengine - INFO - Epoch(train) [11][150/245]  base_lr: 9.0882e-05 lr: 9.0882e-06  eta: 2:59:30  time: 0.6160  data_time: 0.0039  memory: 10692  grad_norm: 102.3426  loss: 7.1600  loss_cls: 0.3015  loss_bbox: 0.2507  loss_iou: 0.5753  d0.loss_cls: 0.4088  d0.loss_bbox: 0.2868  d0.loss_iou: 0.6400  d1.loss_cls: 0.3653  d1.loss_bbox: 0.2666  d1.loss_iou: 0.6003  d2.loss_cls: 0.3348  d2.loss_bbox: 0.2578  d2.loss_iou: 0.5854  d3.loss_cls: 0.3100  d3.loss_bbox: 0.2563  d3.loss_iou: 0.5862  d4.loss_cls: 0.3045  d4.loss_bbox: 0.2517  d4.loss_iou: 0.5780
2026/03/19 08:31:00 - mmengine - INFO - Epoch(train) [11][200/245]  base_lr: 9.0882e-05 lr: 9.0882e-06  eta: 2:58:49  time: 0.6030  data_time: 0.0037  memory: 10692  grad_norm: 103.3852  loss: 7.2485  loss_cls: 0.3079  loss_bbox: 0.2523  loss_iou: 0.5828  d0.loss_cls: 0.4179  d0.loss_bbox: 0.2881  d0.loss_iou: 0.6489  d1.loss_cls: 0.3706  d1.loss_bbox: 0.2655  d1.loss_iou: 0.6075  d2.loss_cls: 0.3382  d2.loss_bbox: 0.2583  d2.loss_iou: 0.5957  d3.loss_cls: 0.3171  d3.loss_bbox: 0.2562  d3.loss_iou: 0.5928  d4.loss_cls: 0.3089  d4.loss_bbox: 0.2533  d4.loss_iou: 0.5865
2026/03/19 08:31:27 - mmengine - INFO - Exp name: detr_r50_ruod_120e_pretrained_20260319_080015
2026/03/19 08:31:59 - mmengine - INFO - Epoch(train) [12][ 50/245]  base_lr: 8.9579e-05 lr: 8.9579e-06  eta: 2:57:40  time: 0.6406  data_time: 0.0124  memory: 10692  grad_norm: 103.5548  loss: 7.2375  loss_cls: 0.2998  loss_bbox: 0.2501  loss_iou: 0.5911  d0.loss_cls: 0.4091  d0.loss_bbox: 0.2851  d0.loss_iou: 0.6574  d1.loss_cls: 0.3618  d1.loss_bbox: 0.2638  d1.loss_iou: 0.6182  d2.loss_cls: 0.3314  d2.loss_bbox: 0.2564  d2.loss_iou: 0.6034  d3.loss_cls: 0.3084  d3.loss_bbox: 0.2547  d3.loss_iou: 0.6008  d4.loss_cls: 0.3022  d4.loss_bbox: 0.2510  d4.loss_iou: 0.5926
2026/03/19 08:32:29 - mmengine - INFO - Epoch(train) [12][100/245]  base_lr: 8.9579e-05 lr: 8.9579e-06  eta: 2:57:04  time: 0.6166  data_time: 0.0041  memory: 10692  grad_norm: 113.4207  loss: 7.0431  loss_cls: 0.3028  loss_bbox: 0.2389  loss_iou: 0.5686  d0.loss_cls: 0.4125  d0.loss_bbox: 0.2746  d0.loss_iou: 0.6265  d1.loss_cls: 0.3596  d1.loss_bbox: 0.2579  d1.loss_iou: 0.5936  d2.loss_cls: 0.3330  d2.loss_bbox: 0.2475  d2.loss_iou: 0.5799  d3.loss_cls: 0.3099  d3.loss_bbox: 0.2453  d3.loss_iou: 0.5774  d4.loss_cls: 0.3045  d4.loss_bbox: 0.2402  d4.loss_iou: 0.5703
2026/03/19 08:33:00 - mmengine - INFO - Epoch(train) [12][150/245]  base_lr: 8.9579e-05 lr: 8.9579e-06  eta: 2:56:29  time: 0.6204  data_time: 0.0039  memory: 10692  grad_norm: 94.9796  loss: 7.1042  loss_cls: 0.3070  loss_bbox: 0.2461  loss_iou: 0.5670  d0.loss_cls: 0.4177  d0.loss_bbox: 0.2786  d0.loss_iou: 0.6245  d1.loss_cls: 0.3694  d1.loss_bbox: 0.2621  d1.loss_iou: 0.5919  d2.loss_cls: 0.3381  d2.loss_bbox: 0.2538  d2.loss_iou: 0.5791  d3.loss_cls: 0.3159  d3.loss_bbox: 0.2503  d3.loss_iou: 0.5771  d4.loss_cls: 0.3089  d4.loss_bbox: 0.2474  d4.loss_iou: 0.5691
2026/03/19 08:33:31 - mmengine - INFO - Epoch(train) [12][200/245]  base_lr: 8.9579e-05 lr: 8.9579e-06  eta: 2:55:51  time: 0.6106  data_time: 0.0036  memory: 10692  grad_norm: 85.4318  loss: 7.1254  loss_cls: 0.3047  loss_bbox: 0.2483  loss_iou: 0.5696  d0.loss_cls: 0.4188  d0.loss_bbox: 0.2818  d0.loss_iou: 0.6275  d1.loss_cls: 0.3702  d1.loss_bbox: 0.2625  d1.loss_iou: 0.5930  d2.loss_cls: 0.3389  d2.loss_bbox: 0.2550  d2.loss_iou: 0.5799  d3.loss_cls: 0.3141  d3.loss_bbox: 0.2539  d3.loss_iou: 0.5782  d4.loss_cls: 0.3081  d4.loss_bbox: 0.2494  d4.loss_iou: 0.5716
2026/03/19 08:33:58 - mmengine - INFO - Exp name: detr_r50_ruod_120e_pretrained_20260319_080015
2026/03/19 08:34:01 - mmengine - INFO - Epoch(val) [12][ 50/245]    eta: 0:00:12  time: 0.0648  data_time: 0.0281  memory: 10692  
2026/03/19 08:34:04 - mmengine - INFO - Epoch(val) [12][100/245]    eta: 0:00:09  time: 0.0663  data_time: 0.0276  memory: 1187  
2026/03/19 08:34:07 - mmengine - INFO - Epoch(val) [12][150/245]    eta: 0:00:05  time: 0.0501  data_time: 0.0105  memory: 1187  
2026/03/19 08:34:09 - mmengine - INFO - Epoch(val) [12][200/245]    eta: 0:00:02  time: 0.0466  data_time: 0.0093  memory: 1187  
2026/03/19 08:34:14 - mmengine - INFO - Evaluating bbox...
2026/03/19 08:34:26 - mmengine - INFO - bbox_mAP_copypaste: 0.386 0.666 0.372 0.076 0.219 0.438
2026/03/19 08:34:26 - mmengine - INFO - Epoch(val) [12][245/245]    coco/bbox_mAP: 0.3860  coco/bbox_mAP_50: 0.6660  coco/bbox_mAP_75: 0.3720  coco/bbox_mAP_s: 0.0760  coco/bbox_mAP_m: 0.2190  coco/bbox_mAP_l: 0.4380  data_time: 0.0171  time: 0.0550
2026/03/19 08:34:26 - mmengine - INFO - The previous best checkpoint /workspace/aquaculture-perception/runs/mmdet/detr_r50_ruod_120e_pretrained/best_coco_bbox_mAP_epoch_10.pth is removed
2026/03/19 08:34:27 - mmengine - INFO - The best checkpoint with 0.3860 coco/bbox_mAP at 12 epoch is saved to best_coco_bbox_mAP_epoch_12.pth.
2026/03/19 08:34:59 - mmengine - INFO - Epoch(train) [13][ 50/245]  base_lr: 8.8276e-05 lr: 8.8276e-06  eta: 2:54:44  time: 0.6421  data_time: 0.0132  memory: 10692  grad_norm: 106.2416  loss: 6.9955  loss_cls: 0.2920  loss_bbox: 0.2392  loss_iou: 0.5730  d0.loss_cls: 0.3989  d0.loss_bbox: 0.2757  d0.loss_iou: 0.6302  d1.loss_cls: 0.3486  d1.loss_bbox: 0.2562  d1.loss_iou: 0.5966  d2.loss_cls: 0.3200  d2.loss_bbox: 0.2471  d2.loss_iou: 0.5819  d3.loss_cls: 0.2991  d3.loss_bbox: 0.2453  d3.loss_iou: 0.5810  d4.loss_cls: 0.2930  d4.loss_bbox: 0.2416  d4.loss_iou: 0.5759
2026/03/19 08:35:06 - mmengine - INFO - Exp name: detr_r50_ruod_120e_pretrained_20260319_080015
2026/03/19 08:35:30 - mmengine - INFO - Epoch(train) [13][100/245]  base_lr: 8.8276e-05 lr: 8.8276e-06  eta: 2:54:09  time: 0.6195  data_time: 0.0039  memory: 10692  grad_norm: 108.8867  loss: 6.8795  loss_cls: 0.2840  loss_bbox: 0.2348  loss_iou: 0.5589  d0.loss_cls: 0.4050  d0.loss_bbox: 0.2688  d0.loss_iou: 0.6180  d1.loss_cls: 0.3540  d1.loss_bbox: 0.2505  d1.loss_iou: 0.5833  d2.loss_cls: 0.3249  d2.loss_bbox: 0.2411  d2.loss_iou: 0.5677  d3.loss_cls: 0.2958  d3.loss_bbox: 0.2398  d3.loss_iou: 0.5677  d4.loss_cls: 0.2875  d4.loss_bbox: 0.2361  d4.loss_iou: 0.5617
2026/03/19 08:36:02 - mmengine - INFO - Epoch(train) [13][150/245]  base_lr: 8.8276e-05 lr: 8.8276e-06  eta: 2:53:35  time: 0.6223  data_time: 0.0039  memory: 10692  grad_norm: 97.9801  loss: 7.0118  loss_cls: 0.2926  loss_bbox: 0.2413  loss_iou: 0.5684  d0.loss_cls: 0.4084  d0.loss_bbox: 0.2739  d0.loss_iou: 0.6243  d1.loss_cls: 0.3577  d1.loss_bbox: 0.2572  d1.loss_iou: 0.5936  d2.loss_cls: 0.3235  d2.loss_bbox: 0.2495  d2.loss_iou: 0.5826  d3.loss_cls: 0.3003  d3.loss_bbox: 0.2469  d3.loss_iou: 0.5809  d4.loss_cls: 0.2941  d4.loss_bbox: 0.2434  d4.loss_iou: 0.5732
2026/03/19 08:36:33 - mmengine - INFO - Epoch(train) [13][200/245]  base_lr: 8.8276e-05 lr: 8.8276e-06  eta: 2:53:02  time: 0.6242  data_time: 0.0044  memory: 10692  grad_norm: 101.1347  loss: 7.0775  loss_cls: 0.2963  loss_bbox: 0.2443  loss_iou: 0.5733  d0.loss_cls: 0.4148  d0.loss_bbox: 0.2770  d0.loss_iou: 0.6306  d1.loss_cls: 0.3624  d1.loss_bbox: 0.2588  d1.loss_iou: 0.5956  d2.loss_cls: 0.3292  d2.loss_bbox: 0.2523  d2.loss_iou: 0.5871  d3.loss_cls: 0.3054  d3.loss_bbox: 0.2498  d3.loss_iou: 0.5824  d4.loss_cls: 0.2973  d4.loss_bbox: 0.2457  d4.loss_iou: 0.5753
2026/03/19 08:37:00 - mmengine - INFO - Exp name: detr_r50_ruod_120e_pretrained_20260319_080015
2026/03/19 08:37:31 - mmengine - INFO - Epoch(train) [14][ 50/245]  base_lr: 8.6974e-05 lr: 8.6974e-06  eta: 2:51:56  time: 0.6377  data_time: 0.0126  memory: 10692  grad_norm: 86.6120  loss: 6.8361  loss_cls: 0.2887  loss_bbox: 0.2341  loss_iou: 0.5539  d0.loss_cls: 0.4041  d0.loss_bbox: 0.2673  d0.loss_iou: 0.6130  d1.loss_cls: 0.3517  d1.loss_bbox: 0.2465  d1.loss_iou: 0.5773  d2.loss_cls: 0.3162  d2.loss_bbox: 0.2416  d2.loss_iou: 0.5668  d3.loss_cls: 0.2967  d3.loss_bbox: 0.2376  d3.loss_iou: 0.5608  d4.loss_cls: 0.2904  d4.loss_bbox: 0.2348  d4.loss_iou: 0.5545
2026/03/19 08:38:02 - mmengine - INFO - Epoch(train) [14][100/245]  base_lr: 8.6974e-05 lr: 8.6974e-06  eta: 2:51:22  time: 0.6200  data_time: 0.0037  memory: 10692  grad_norm: 99.2433  loss: 6.9340  loss_cls: 0.2756  loss_bbox: 0.2428  loss_iou: 0.5744  d0.loss_cls: 0.3918  d0.loss_bbox: 0.2747  d0.loss_iou: 0.6314  d1.loss_cls: 0.3420  d1.loss_bbox: 0.2542  d1.loss_iou: 0.5952  d2.loss_cls: 0.3069  d2.loss_bbox: 0.2484  d2.loss_iou: 0.5855  d3.loss_cls: 0.2858  d3.loss_bbox: 0.2460  d3.loss_iou: 0.5812  d4.loss_cls: 0.2790  d4.loss_bbox: 0.2436  d4.loss_iou: 0.5755
2026/03/19 08:38:34 - mmengine - INFO - Epoch(train) [14][150/245]  base_lr: 8.6974e-05 lr: 8.6974e-06  eta: 2:50:49  time: 0.6234  data_time: 0.0045  memory: 10692  grad_norm: 114.6551  loss: 6.8783  loss_cls: 0.2828  loss_bbox: 0.2340  loss_iou: 0.5675  d0.loss_cls: 0.3954  d0.loss_bbox: 0.2653  d0.loss_iou: 0.6236  d1.loss_cls: 0.3457  d1.loss_bbox: 0.2478  d1.loss_iou: 0.5887  d2.loss_cls: 0.3131  d2.loss_bbox: 0.2418  d2.loss_iou: 0.5780  d3.loss_cls: 0.2919  d3.loss_bbox: 0.2391  d3.loss_iou: 0.5757  d4.loss_cls: 0.2867  d4.loss_bbox: 0.2343  d4.loss_iou: 0.5670
2026/03/19 08:39:04 - mmengine - INFO - Epoch(train) [14][200/245]  base_lr: 8.6974e-05 lr: 8.6974e-06  eta: 2:50:13  time: 0.6136  data_time: 0.0039  memory: 10692  grad_norm: 106.2051  loss: 6.9504  loss_cls: 0.2769  loss_bbox: 0.2368  loss_iou: 0.5799  d0.loss_cls: 0.3870  d0.loss_bbox: 0.2721  d0.loss_iou: 0.6468  d1.loss_cls: 0.3378  d1.loss_bbox: 0.2521  d1.loss_iou: 0.6025  d2.loss_cls: 0.3097  d2.loss_bbox: 0.2437  d2.loss_iou: 0.5911  d3.loss_cls: 0.2856  d3.loss_bbox: 0.2412  d3.loss_iou: 0.5885  d4.loss_cls: 0.2785  d4.loss_bbox: 0.2383  d4.loss_iou: 0.5818
2026/03/19 08:39:31 - mmengine - INFO - Exp name: detr_r50_ruod_120e_pretrained_20260319_080015
2026/03/19 08:39:35 - mmengine - INFO - Epoch(val) [14][ 50/245]    eta: 0:00:12  time: 0.0620  data_time: 0.0262  memory: 10692  
2026/03/19 08:39:38 - mmengine - INFO - Epoch(val) [14][100/245]    eta: 0:00:09  time: 0.0713  data_time: 0.0329  memory: 1187  
2026/03/19 08:39:40 - mmengine - INFO - Epoch(val) [14][150/245]    eta: 0:00:05  time: 0.0467  data_time: 0.0100  memory: 1187  
2026/03/19 08:39:43 - mmengine - INFO - Epoch(val) [14][200/245]    eta: 0:00:02  time: 0.0471  data_time: 0.0097  memory: 1187  
2026/03/19 08:39:48 - mmengine - INFO - Evaluating bbox...
2026/03/19 08:40:00 - mmengine - INFO - bbox_mAP_copypaste: 0.402 0.682 0.389 0.078 0.228 0.454
2026/03/19 08:40:00 - mmengine - INFO - Epoch(val) [14][245/245]    coco/bbox_mAP: 0.4020  coco/bbox_mAP_50: 0.6820  coco/bbox_mAP_75: 0.3890  coco/bbox_mAP_s: 0.0780  coco/bbox_mAP_m: 0.2280  coco/bbox_mAP_l: 0.4540  data_time: 0.0179  time: 0.0551
2026/03/19 08:40:00 - mmengine - INFO - The previous best checkpoint /workspace/aquaculture-perception/runs/mmdet/detr_r50_ruod_120e_pretrained/best_coco_bbox_mAP_epoch_12.pth is removed
2026/03/19 08:40:01 - mmengine - INFO - The best checkpoint with 0.4020 coco/bbox_mAP at 14 epoch is saved to best_coco_bbox_mAP_epoch_14.pth.
2026/03/19 08:40:34 - mmengine - INFO - Epoch(train) [15][ 50/245]  base_lr: 8.5671e-05 lr: 8.5671e-06  eta: 2:49:13  time: 0.6537  data_time: 0.0177  memory: 10692  grad_norm: 103.1851  loss: 6.7535  loss_cls: 0.2732  loss_bbox: 0.2334  loss_iou: 0.5535  d0.loss_cls: 0.3908  d0.loss_bbox: 0.2661  d0.loss_iou: 0.6124  d1.loss_cls: 0.3349  d1.loss_bbox: 0.2474  d1.loss_iou: 0.5789  d2.loss_cls: 0.3030  d2.loss_bbox: 0.2416  d2.loss_iou: 0.5688  d3.loss_cls: 0.2816  d3.loss_bbox: 0.2386  d3.loss_iou: 0.5640  d4.loss_cls: 0.2747  d4.loss_bbox: 0.2345  d4.loss_iou: 0.5561
2026/03/19 08:41:05 - mmengine - INFO - Epoch(train) [15][100/245]  base_lr: 8.5671e-05 lr: 8.5671e-06  eta: 2:48:39  time: 0.6187  data_time: 0.0041  memory: 10692  grad_norm: 108.0308  loss: 6.8256  loss_cls: 0.2744  loss_bbox: 0.2343  loss_iou: 0.5654  d0.loss_cls: 0.3861  d0.loss_bbox: 0.2679  d0.loss_iou: 0.6248  d1.loss_cls: 0.3360  d1.loss_bbox: 0.2496  d1.loss_iou: 0.5889  d2.loss_cls: 0.3059  d2.loss_bbox: 0.2418  d2.loss_iou: 0.5767  d3.loss_cls: 0.2826  d3.loss_bbox: 0.2388  d3.loss_iou: 0.5730  d4.loss_cls: 0.2764  d4.loss_bbox: 0.2355  d4.loss_iou: 0.5675
2026/03/19 08:41:35 - mmengine - INFO - Epoch(train) [15][150/245]  base_lr: 8.5671e-05 lr: 8.5671e-06  eta: 2:48:02  time: 0.6071  data_time: 0.0038  memory: 10692  grad_norm: 112.9002  loss: 6.5882  loss_cls: 0.2593  loss_bbox: 0.2301  loss_iou: 0.5431  d0.loss_cls: 0.3757  d0.loss_bbox: 0.2643  d0.loss_iou: 0.6011  d1.loss_cls: 0.3257  d1.loss_bbox: 0.2461  d1.loss_iou: 0.5662  d2.loss_cls: 0.2899  d2.loss_bbox: 0.2376  d2.loss_iou: 0.5549  d3.loss_cls: 0.2684  d3.loss_bbox: 0.2356  d3.loss_iou: 0.5528  d4.loss_cls: 0.2630  d4.loss_bbox: 0.2305  d4.loss_iou: 0.5440
2026/03/19 08:42:06 - mmengine - INFO - Epoch(train) [15][200/245]  base_lr: 8.5671e-05 lr: 8.5671e-06  eta: 2:47:29  time: 0.6198  data_time: 0.0039  memory: 10692  grad_norm: 105.0091  loss: 6.7436  loss_cls: 0.2704  loss_bbox: 0.2359  loss_iou: 0.5506  d0.loss_cls: 0.3841  d0.loss_bbox: 0.2697  d0.loss_iou: 0.6111  d1.loss_cls: 0.3341  d1.loss_bbox: 0.2520  d1.loss_iou: 0.5789  d2.loss_cls: 0.2999  d2.loss_bbox: 0.2439  d2.loss_iou: 0.5662  d3.loss_cls: 0.2779  d3.loss_bbox: 0.2415  d3.loss_iou: 0.5625  d4.loss_cls: 0.2728  d4.loss_bbox: 0.2373  d4.loss_iou: 0.5549
2026/03/19 08:42:33 - mmengine - INFO - Exp name: detr_r50_ruod_120e_pretrained_20260319_080015
2026/03/19 08:43:05 - mmengine - INFO - Epoch(train) [16][ 50/245]  base_lr: 8.4368e-05 lr: 8.4368e-06  eta: 2:46:26  time: 0.6454  data_time: 0.0127  memory: 10692  grad_norm: 97.9904  loss: 6.7521  loss_cls: 0.2710  loss_bbox: 0.2336  loss_iou: 0.5559  d0.loss_cls: 0.3866  d0.loss_bbox: 0.2645  d0.loss_iou: 0.6149  d1.loss_cls: 0.3372  d1.loss_bbox: 0.2469  d1.loss_iou: 0.5801  d2.loss_cls: 0.3034  d2.loss_bbox: 0.2393  d2.loss_iou: 0.5668  d3.loss_cls: 0.2827  d3.loss_bbox: 0.2377  d3.loss_iou: 0.5651  d4.loss_cls: 0.2733  d4.loss_bbox: 0.2346  d4.loss_iou: 0.5584
2026/03/19 08:43:36 - mmengine - INFO - Epoch(train) [16][100/245]  base_lr: 8.4368e-05 lr: 8.4368e-06  eta: 2:45:52  time: 0.6157  data_time: 0.0037  memory: 10692  grad_norm: 97.9867  loss: 6.3888  loss_cls: 0.2490  loss_bbox: 0.2288  loss_iou: 0.5252  d0.loss_cls: 0.3641  d0.loss_bbox: 0.2606  d0.loss_iou: 0.5781  d1.loss_cls: 0.3167  d1.loss_bbox: 0.2411  d1.loss_iou: 0.5423  d2.loss_cls: 0.2836  d2.loss_bbox: 0.2348  d2.loss_iou: 0.5355  d3.loss_cls: 0.2567  d3.loss_bbox: 0.2333  d3.loss_iou: 0.5332  d4.loss_cls: 0.2504  d4.loss_bbox: 0.2293  d4.loss_iou: 0.5261
2026/03/19 08:44:07 - mmengine - INFO - Epoch(train) [16][150/245]  base_lr: 8.4368e-05 lr: 8.4368e-06  eta: 2:45:18  time: 0.6156  data_time: 0.0038  memory: 10692  grad_norm: 101.0137  loss: 6.8090  loss_cls: 0.2618  loss_bbox: 0.2329  loss_iou: 0.5770  d0.loss_cls: 0.3778  d0.loss_bbox: 0.2655  d0.loss_iou: 0.6296  d1.loss_cls: 0.3269  d1.loss_bbox: 0.2479  d1.loss_iou: 0.5968  d2.loss_cls: 0.2903  d2.loss_bbox: 0.2407  d2.loss_iou: 0.5880  d3.loss_cls: 0.2720  d3.loss_bbox: 0.2382  d3.loss_iou: 0.5861  d4.loss_cls: 0.2646  d4.loss_bbox: 0.2337  d4.loss_iou: 0.5790
2026/03/19 08:44:38 - mmengine - INFO - Epoch(train) [16][200/245]  base_lr: 8.4368e-05 lr: 8.4368e-06  eta: 2:44:43  time: 0.6137  data_time: 0.0038  memory: 10692  grad_norm: 98.9767  loss: 6.6249  loss_cls: 0.2599  loss_bbox: 0.2260  loss_iou: 0.5543  d0.loss_cls: 0.3761  d0.loss_bbox: 0.2579  d0.loss_iou: 0.6174  d1.loss_cls: 0.3226  d1.loss_bbox: 0.2389  d1.loss_iou: 0.5772  d2.loss_cls: 0.2892  d2.loss_bbox: 0.2323  d2.loss_iou: 0.5657  d3.loss_cls: 0.2718  d3.loss_bbox: 0.2289  d3.loss_iou: 0.5616  d4.loss_cls: 0.2631  d4.loss_bbox: 0.2264  d4.loss_iou: 0.5554
2026/03/19 08:45:04 - mmengine - INFO - Exp name: detr_r50_ruod_120e_pretrained_20260319_080015
2026/03/19 08:45:07 - mmengine - INFO - Epoch(val) [16][ 50/245]    eta: 0:00:12  time: 0.0632  data_time: 0.0285  memory: 10692  
2026/03/19 08:45:11 - mmengine - INFO - Epoch(val) [16][100/245]    eta: 0:00:09  time: 0.0650  data_time: 0.0268  memory: 1187  
2026/03/19 08:45:13 - mmengine - INFO - Epoch(val) [16][150/245]    eta: 0:00:05  time: 0.0500  data_time: 0.0108  memory: 1187  
2026/03/19 08:45:16 - mmengine - INFO - Epoch(val) [16][200/245]    eta: 0:00:02  time: 0.0492  data_time: 0.0110  memory: 1187  
2026/03/19 08:45:20 - mmengine - INFO - Evaluating bbox...
2026/03/19 08:45:33 - mmengine - INFO - bbox_mAP_copypaste: 0.406 0.687 0.395 0.064 0.227 0.460
2026/03/19 08:45:33 - mmengine - INFO - Epoch(val) [16][245/245]    coco/bbox_mAP: 0.4060  coco/bbox_mAP_50: 0.6870  coco/bbox_mAP_75: 0.3950  coco/bbox_mAP_s: 0.0640  coco/bbox_mAP_m: 0.2270  coco/bbox_mAP_l: 0.4600  data_time: 0.0174  time: 0.0551
2026/03/19 08:45:33 - mmengine - INFO - The previous best checkpoint /workspace/aquaculture-perception/runs/mmdet/detr_r50_ruod_120e_pretrained/best_coco_bbox_mAP_epoch_14.pth is removed
2026/03/19 08:45:34 - mmengine - INFO - The best checkpoint with 0.4060 coco/bbox_mAP at 16 epoch is saved to best_coco_bbox_mAP_epoch_16.pth.
2026/03/19 08:46:06 - mmengine - INFO - Epoch(train) [17][ 50/245]  base_lr: 8.3066e-05 lr: 8.3066e-06  eta: 2:43:38  time: 0.6407  data_time: 0.0140  memory: 10692  grad_norm: 91.8593  loss: 6.3697  loss_cls: 0.2440  loss_bbox: 0.2217  loss_iou: 0.5316  d0.loss_cls: 0.3625  d0.loss_bbox: 0.2538  d0.loss_iou: 0.5907  d1.loss_cls: 0.3111  d1.loss_bbox: 0.2338  d1.loss_iou: 0.5553  d2.loss_cls: 0.2773  d2.loss_bbox: 0.2265  d2.loss_iou: 0.5421  d3.loss_cls: 0.2529  d3.loss_bbox: 0.2257  d3.loss_iou: 0.5394  d4.loss_cls: 0.2468  d4.loss_bbox: 0.2222  d4.loss_iou: 0.5323
2026/03/19 08:46:24 - mmengine - INFO - Exp name: detr_r50_ruod_120e_pretrained_20260319_080015
2026/03/19 08:46:37 - mmengine - INFO - Epoch(train) [17][100/245]  base_lr: 8.3066e-05 lr: 8.3066e-06  eta: 2:43:05  time: 0.6183  data_time: 0.0039  memory: 10692  grad_norm: 102.8480  loss: 6.4170  loss_cls: 0.2473  loss_bbox: 0.2267  loss_iou: 0.5307  d0.loss_cls: 0.3641  d0.loss_bbox: 0.2596  d0.loss_iou: 0.5854  d1.loss_cls: 0.3144  d1.loss_bbox: 0.2406  d1.loss_iou: 0.5513  d2.loss_cls: 0.2830  d2.loss_bbox: 0.2334  d2.loss_iou: 0.5416  d3.loss_cls: 0.2555  d3.loss_bbox: 0.2318  d3.loss_iou: 0.5409  d4.loss_cls: 0.2519  d4.loss_bbox: 0.2274  d4.loss_iou: 0.5313
2026/03/19 08:47:07 - mmengine - INFO - Epoch(train) [17][150/245]  base_lr: 8.3066e-05 lr: 8.3066e-06  eta: 2:42:30  time: 0.6101  data_time: 0.0036  memory: 10692  grad_norm: 101.1925  loss: 6.5614  loss_cls: 0.2565  loss_bbox: 0.2243  loss_iou: 0.5482  d0.loss_cls: 0.3670  d0.loss_bbox: 0.2611  d0.loss_iou: 0.6124  d1.loss_cls: 0.3154  d1.loss_bbox: 0.2408  d1.loss_iou: 0.5729  d2.loss_cls: 0.2846  d2.loss_bbox: 0.2328  d2.loss_iou: 0.5593  d3.loss_cls: 0.2642  d3.loss_bbox: 0.2306  d3.loss_iou: 0.5573  d4.loss_cls: 0.2594  d4.loss_bbox: 0.2254  d4.loss_iou: 0.5493
2026/03/19 08:47:38 - mmengine - INFO - Epoch(train) [17][200/245]  base_lr: 8.3066e-05 lr: 8.3066e-06  eta: 2:41:57  time: 0.6178  data_time: 0.0040  memory: 10692  grad_norm: 93.2536  loss: 6.5739  loss_cls: 0.2495  loss_bbox: 0.2266  loss_iou: 0.5550  d0.loss_cls: 0.3648  d0.loss_bbox: 0.2585  d0.loss_iou: 0.6145  d1.loss_cls: 0.3144  d1.loss_bbox: 0.2398  d1.loss_iou: 0.5787  d2.loss_cls: 0.2810  d2.loss_bbox: 0.2330  d2.loss_iou: 0.5677  d3.loss_cls: 0.2598  d3.loss_bbox: 0.2301  d3.loss_iou: 0.5647  d4.loss_cls: 0.2497  d4.loss_bbox: 0.2276  d4.loss_iou: 0.5583
2026/03/19 08:48:05 - mmengine - INFO - Exp name: detr_r50_ruod_120e_pretrained_20260319_080015
2026/03/19 08:48:36 - mmengine - INFO - Epoch(train) [18][ 50/245]  base_lr: 8.1763e-05 lr: 8.1763e-06  eta: 2:40:52  time: 0.6331  data_time: 0.0108  memory: 10692  grad_norm: 102.1016  loss: 6.3989  loss_cls: 0.2406  loss_bbox: 0.2247  loss_iou: 0.5358  d0.loss_cls: 0.3624  d0.loss_bbox: 0.2570  d0.loss_iou: 0.5914  d1.loss_cls: 0.3084  d1.loss_bbox: 0.2392  d1.loss_iou: 0.5576  d2.loss_cls: 0.2731  d2.loss_bbox: 0.2317  d2.loss_iou: 0.5470  d3.loss_cls: 0.2499  d3.loss_bbox: 0.2292  d3.loss_iou: 0.5446  d4.loss_cls: 0.2437  d4.loss_bbox: 0.2257  d4.loss_iou: 0.5368
2026/03/19 08:49:07 - mmengine - INFO - Epoch(train) [18][100/245]  base_lr: 8.1763e-05 lr: 8.1763e-06  eta: 2:40:20  time: 0.6204  data_time: 0.0040  memory: 10692  grad_norm: 116.9007  loss: 6.3777  loss_cls: 0.2455  loss_bbox: 0.2187  loss_iou: 0.5348  d0.loss_cls: 0.3548  d0.loss_bbox: 0.2528  d0.loss_iou: 0.6003  d1.loss_cls: 0.3059  d1.loss_bbox: 0.2331  d1.loss_iou: 0.5588  d2.loss_cls: 0.2767  d2.loss_bbox: 0.2253  d2.loss_iou: 0.5470  d3.loss_cls: 0.2531  d3.loss_bbox: 0.2229  d3.loss_iou: 0.5436  d4.loss_cls: 0.2474  d4.loss_bbox: 0.2203  d4.loss_iou: 0.5368
2026/03/19 08:49:38 - mmengine - INFO - Epoch(train) [18][150/245]  base_lr: 8.1763e-05 lr: 8.1763e-06  eta: 2:39:46  time: 0.6157  data_time: 0.0041  memory: 10692  grad_norm: 99.4786  loss: 6.4705  loss_cls: 0.2428  loss_bbox: 0.2200  loss_iou: 0.5465  d0.loss_cls: 0.3613  d0.loss_bbox: 0.2553  d0.loss_iou: 0.6132  d1.loss_cls: 0.3139  d1.loss_bbox: 0.2350  d1.loss_iou: 0.5717  d2.loss_cls: 0.2781  d2.loss_bbox: 0.2274  d2.loss_iou: 0.5580  d3.loss_cls: 0.2538  d3.loss_bbox: 0.2253  d3.loss_iou: 0.5543  d4.loss_cls: 0.2458  d4.loss_bbox: 0.2207  d4.loss_iou: 0.5474
2026/03/19 08:50:09 - mmengine - INFO - Epoch(train) [18][200/245]  base_lr: 8.1763e-05 lr: 8.1763e-06  eta: 2:39:13  time: 0.6165  data_time: 0.0041  memory: 10692  grad_norm: 90.6633  loss: 6.4255  loss_cls: 0.2482  loss_bbox: 0.2271  loss_iou: 0.5314  d0.loss_cls: 0.3651  d0.loss_bbox: 0.2599  d0.loss_iou: 0.5928  d1.loss_cls: 0.3104  d1.loss_bbox: 0.2405  d1.loss_iou: 0.5551  d2.loss_cls: 0.2757  d2.loss_bbox: 0.2352  d2.loss_iou: 0.5446  d3.loss_cls: 0.2545  d3.loss_bbox: 0.2322  d3.loss_iou: 0.5406  d4.loss_cls: 0.2506  d4.loss_bbox: 0.2282  d4.loss_iou: 0.5336
2026/03/19 08:50:36 - mmengine - INFO - Exp name: detr_r50_ruod_120e_pretrained_20260319_080015
2026/03/19 08:50:39 - mmengine - INFO - Epoch(val) [18][ 50/245]    eta: 0:00:13  time: 0.0686  data_time: 0.0310  memory: 10692  
2026/03/19 08:50:43 - mmengine - INFO - Epoch(val) [18][100/245]    eta: 0:00:09  time: 0.0686  data_time: 0.0282  memory: 1187  
2026/03/19 08:50:45 - mmengine - INFO - Epoch(val) [18][150/245]    eta: 0:00:05  time: 0.0487  data_time: 0.0103  memory: 1187  
2026/03/19 08:50:48 - mmengine - INFO - Epoch(val) [18][200/245]    eta: 0:00:02  time: 0.0468  data_time: 0.0093  memory: 1187  
2026/03/19 08:50:53 - mmengine - INFO - Evaluating bbox...
2026/03/19 08:51:05 - mmengine - INFO - bbox_mAP_copypaste: 0.413 0.699 0.404 0.072 0.233 0.470
2026/03/19 08:51:06 - mmengine - INFO - Epoch(val) [18][245/245]    coco/bbox_mAP: 0.4130  coco/bbox_mAP_50: 0.6990  coco/bbox_mAP_75: 0.4040  coco/bbox_mAP_s: 0.0720  coco/bbox_mAP_m: 0.2330  coco/bbox_mAP_l: 0.4700  data_time: 0.0179  time: 0.0565
2026/03/19 08:51:06 - mmengine - INFO - The previous best checkpoint /workspace/aquaculture-perception/runs/mmdet/detr_r50_ruod_120e_pretrained/best_coco_bbox_mAP_epoch_16.pth is removed
2026/03/19 08:51:07 - mmengine - INFO - The best checkpoint with 0.4130 coco/bbox_mAP at 18 epoch is saved to best_coco_bbox_mAP_epoch_18.pth.
2026/03/19 08:51:39 - mmengine - INFO - Epoch(train) [19][ 50/245]  base_lr: 8.0461e-05 lr: 8.0461e-06  eta: 2:38:13  time: 0.6481  data_time: 0.0174  memory: 10692  grad_norm: 81.9845  loss: 6.3274  loss_cls: 0.2439  loss_bbox: 0.2199  loss_iou: 0.5255  d0.loss_cls: 0.3574  d0.loss_bbox: 0.2517  d0.loss_iou: 0.5880  d1.loss_cls: 0.3105  d1.loss_bbox: 0.2321  d1.loss_iou: 0.5501  d2.loss_cls: 0.2754  d2.loss_bbox: 0.2259  d2.loss_iou: 0.5390  d3.loss_cls: 0.2535  d3.loss_bbox: 0.2246  d3.loss_iou: 0.5347  d4.loss_cls: 0.2467  d4.loss_bbox: 0.2209  d4.loss_iou: 0.5277
2026/03/19 08:52:10 - mmengine - INFO - Epoch(train) [19][100/245]  base_lr: 8.0461e-05 lr: 8.0461e-06  eta: 2:37:42  time: 0.6303  data_time: 0.0043  memory: 10692  grad_norm: 94.7791  loss: 6.3209  loss_cls: 0.2406  loss_bbox: 0.2158  loss_iou: 0.5317  d0.loss_cls: 0.3586  d0.loss_bbox: 0.2476  d0.loss_iou: 0.5912  d1.loss_cls: 0.3082  d1.loss_bbox: 0.2292  d1.loss_iou: 0.5541  d2.loss_cls: 0.2726  d2.loss_bbox: 0.2219  d2.loss_iou: 0.5432  d3.loss_cls: 0.2497  d3.loss_bbox: 0.2204  d3.loss_iou: 0.5411  d4.loss_cls: 0.2443  d4.loss_bbox: 0.2171  d4.loss_iou: 0.5338
2026/03/19 08:52:42 - mmengine - INFO - Epoch(train) [19][150/245]  base_lr: 8.0461e-05 lr: 8.0461e-06  eta: 2:37:11  time: 0.6249  data_time: 0.0051  memory: 10692  grad_norm: 93.8113  loss: 6.3243  loss_cls: 0.2374  loss_bbox: 0.2204  loss_iou: 0.5323  d0.loss_cls: 0.3542  d0.loss_bbox: 0.2514  d0.loss_iou: 0.5908  d1.loss_cls: 0.3013  d1.loss_bbox: 0.2326  d1.loss_iou: 0.5558  d2.loss_cls: 0.2716  d2.loss_bbox: 0.2259  d2.loss_iou: 0.5423  d3.loss_cls: 0.2484  d3.loss_bbox: 0.2247  d3.loss_iou: 0.5408  d4.loss_cls: 0.2397  d4.loss_bbox: 0.2208  d4.loss_iou: 0.5341
2026/03/19 08:53:13 - mmengine - INFO - Epoch(train) [19][200/245]  base_lr: 8.0461e-05 lr: 8.0461e-06  eta: 2:36:40  time: 0.6283  data_time: 0.0045  memory: 10692  grad_norm: 103.4126  loss: 6.4021  loss_cls: 0.2354  loss_bbox: 0.2225  loss_iou: 0.5457  d0.loss_cls: 0.3472  d0.loss_bbox: 0.2579  d0.loss_iou: 0.6093  d1.loss_cls: 0.2974  d1.loss_bbox: 0.2366  d1.loss_iou: 0.5683  d2.loss_cls: 0.2660  d2.loss_bbox: 0.2294  d2.loss_iou: 0.5542  d3.loss_cls: 0.2447  d3.loss_bbox: 0.2272  d3.loss_iou: 0.5524  d4.loss_cls: 0.2385  d4.loss_bbox: 0.2236  d4.loss_iou: 0.5459
2026/03/19 08:53:41 - mmengine - INFO - Exp name: detr_r50_ruod_120e_pretrained_20260319_080015
2026/03/19 08:54:14 - mmengine - INFO - Epoch(train) [20][ 50/245]  base_lr: 7.9158e-05 lr: 7.9158e-06  eta: 2:35:43  time: 0.6585  data_time: 0.0182  memory: 10692  grad_norm: 96.0532  loss: 6.2156  loss_cls: 0.2304  loss_bbox: 0.2196  loss_iou: 0.5197  d0.loss_cls: 0.3495  d0.loss_bbox: 0.2522  d0.loss_iou: 0.5757  d1.loss_cls: 0.2941  d1.loss_bbox: 0.2350  d1.loss_iou: 0.5450  d2.loss_cls: 0.2607  d2.loss_bbox: 0.2281  d2.loss_iou: 0.5331  d3.loss_cls: 0.2388  d3.loss_bbox: 0.2262  d3.loss_iou: 0.5306  d4.loss_cls: 0.2321  d4.loss_bbox: 0.2218  d4.loss_iou: 0.5232
2026/03/19 08:54:45 - mmengine - INFO - Epoch(train) [20][100/245]  base_lr: 7.9158e-05 lr: 7.9158e-06  eta: 2:35:11  time: 0.6268  data_time: 0.0043  memory: 10692  grad_norm: 97.3635  loss: 6.2079  loss_cls: 0.2287  loss_bbox: 0.2129  loss_iou: 0.5272  d0.loss_cls: 0.3454  d0.loss_bbox: 0.2448  d0.loss_iou: 0.5844  d1.loss_cls: 0.2940  d1.loss_bbox: 0.2268  d1.loss_iou: 0.5512  d2.loss_cls: 0.2624  d2.loss_bbox: 0.2219  d2.loss_iou: 0.5406  d3.loss_cls: 0.2369  d3.loss_bbox: 0.2188  d3.loss_iou: 0.5381  d4.loss_cls: 0.2298  d4.loss_bbox: 0.2145  d4.loss_iou: 0.5296
2026/03/19 08:55:16 - mmengine - INFO - Epoch(train) [20][150/245]  base_lr: 7.9158e-05 lr: 7.9158e-06  eta: 2:34:39  time: 0.6215  data_time: 0.0046  memory: 10692  grad_norm: 101.5730  loss: 6.2142  loss_cls: 0.2348  loss_bbox: 0.2167  loss_iou: 0.5211  d0.loss_cls: 0.3451  d0.loss_bbox: 0.2488  d0.loss_iou: 0.5836  d1.loss_cls: 0.2941  d1.loss_bbox: 0.2312  d1.loss_iou: 0.5468  d2.loss_cls: 0.2635  d2.loss_bbox: 0.2236  d2.loss_iou: 0.5355  d3.loss_cls: 0.2423  d3.loss_bbox: 0.2215  d3.loss_iou: 0.5300  d4.loss_cls: 0.2354  d4.loss_bbox: 0.2176  d4.loss_iou: 0.5226
2026/03/19 08:55:47 - mmengine - INFO - Epoch(train) [20][200/245]  base_lr: 7.9158e-05 lr: 7.9158e-06  eta: 2:34:08  time: 0.6274  data_time: 0.0048  memory: 10692  grad_norm: 100.2004  loss: 6.3640  loss_cls: 0.2341  loss_bbox: 0.2174  loss_iou: 0.5447  d0.loss_cls: 0.3484  d0.loss_bbox: 0.2481  d0.loss_iou: 0.6061  d1.loss_cls: 0.2964  d1.loss_bbox: 0.2314  d1.loss_iou: 0.5703  d2.loss_cls: 0.2655  d2.loss_bbox: 0.2249  d2.loss_iou: 0.5586  d3.loss_cls: 0.2428  d3.loss_bbox: 0.2219  d3.loss_iou: 0.5535  d4.loss_cls: 0.2354  d4.loss_bbox: 0.2188  d4.loss_iou: 0.5459
2026/03/19 08:56:15 - mmengine - INFO - Exp name: detr_r50_ruod_120e_pretrained_20260319_080015
2026/03/19 08:56:18 - mmengine - INFO - Epoch(val) [20][ 50/245]    eta: 0:00:13  time: 0.0681  data_time: 0.0320  memory: 10692  
2026/03/19 08:56:22 - mmengine - INFO - Epoch(val) [20][100/245]    eta: 0:00:10  time: 0.0741  data_time: 0.0352  memory: 1187  
2026/03/19 08:56:24 - mmengine - INFO - Epoch(val) [20][150/245]    eta: 0:00:06  time: 0.0514  data_time: 0.0111  memory: 1187  
2026/03/19 08:56:27 - mmengine - INFO - Epoch(val) [20][200/245]    eta: 0:00:02  time: 0.0493  data_time: 0.0105  memory: 1187  
2026/03/19 08:56:32 - mmengine - INFO - Evaluating bbox...
2026/03/19 08:56:44 - mmengine - INFO - bbox_mAP_copypaste: 0.423 0.706 0.419 0.071 0.249 0.479
2026/03/19 08:56:45 - mmengine - INFO - Epoch(val) [20][245/245]    coco/bbox_mAP: 0.4230  coco/bbox_mAP_50: 0.7060  coco/bbox_mAP_75: 0.4190  coco/bbox_mAP_s: 0.0710  coco/bbox_mAP_m: 0.2490  coco/bbox_mAP_l: 0.4790  data_time: 0.0199  time: 0.0584
2026/03/19 08:56:45 - mmengine - INFO - The previous best checkpoint /workspace/aquaculture-perception/runs/mmdet/detr_r50_ruod_120e_pretrained/best_coco_bbox_mAP_epoch_18.pth is removed
2026/03/19 08:56:46 - mmengine - INFO - The best checkpoint with 0.4230 coco/bbox_mAP at 20 epoch is saved to best_coco_bbox_mAP_epoch_20.pth.
2026/03/19 08:57:18 - mmengine - INFO - Epoch(train) [21][ 50/245]  base_lr: 7.7855e-05 lr: 7.7855e-06  eta: 2:33:09  time: 0.6533  data_time: 0.0159  memory: 10692  grad_norm: 103.8912  loss: 6.2121  loss_cls: 0.2277  loss_bbox: 0.2166  loss_iou: 0.5274  d0.loss_cls: 0.3428  d0.loss_bbox: 0.2485  d0.loss_iou: 0.5841  d1.loss_cls: 0.2903  d1.loss_bbox: 0.2307  d1.loss_iou: 0.5512  d2.loss_cls: 0.2575  d2.loss_bbox: 0.2232  d2.loss_iou: 0.5403  d3.loss_cls: 0.2362  d3.loss_bbox: 0.2207  d3.loss_iou: 0.5366  d4.loss_cls: 0.2313  d4.loss_bbox: 0.2176  d4.loss_iou: 0.5295
2026/03/19 08:57:50 - mmengine - INFO - Exp name: detr_r50_ruod_120e_pretrained_20260319_080015
2026/03/19 08:57:50 - mmengine - INFO - Epoch(train) [21][100/245]  base_lr: 7.7855e-05 lr: 7.7855e-06  eta: 2:32:38  time: 0.6259  data_time: 0.0040  memory: 10692  grad_norm: 89.8041  loss: 6.1729  loss_cls: 0.2238  loss_bbox: 0.2149  loss_iou: 0.5242  d0.loss_cls: 0.3394  d0.loss_bbox: 0.2489  d0.loss_iou: 0.5866  d1.loss_cls: 0.2844  d1.loss_bbox: 0.2304  d1.loss_iou: 0.5496  d2.loss_cls: 0.2534  d2.loss_bbox: 0.2232  d2.loss_iou: 0.5386  d3.loss_cls: 0.2320  d3.loss_bbox: 0.2207  d3.loss_iou: 0.5342  d4.loss_cls: 0.2249  d4.loss_bbox: 0.2165  d4.loss_iou: 0.5270
2026/03/19 08:58:21 - mmengine - INFO - Epoch(train) [21][150/245]  base_lr: 7.7855e-05 lr: 7.7855e-06  eta: 2:32:06  time: 0.6224  data_time: 0.0041  memory: 10692  grad_norm: 93.5499  loss: 6.0446  loss_cls: 0.2260  loss_bbox: 0.2085  loss_iou: 0.5085  d0.loss_cls: 0.3354  d0.loss_bbox: 0.2438  d0.loss_iou: 0.5712  d1.loss_cls: 0.2831  d1.loss_bbox: 0.2255  d1.loss_iou: 0.5368  d2.loss_cls: 0.2536  d2.loss_bbox: 0.2160  d2.loss_iou: 0.5209  d3.loss_cls: 0.2317  d3.loss_bbox: 0.2146  d3.loss_iou: 0.5195  d4.loss_cls: 0.2277  d4.loss_bbox: 0.2102  d4.loss_iou: 0.5115
2026/03/19 08:58:52 - mmengine - INFO - Epoch(train) [21][200/245]  base_lr: 7.7855e-05 lr: 7.7855e-06  eta: 2:31:33  time: 0.6196  data_time: 0.0041  memory: 10692  grad_norm: 93.7264  loss: 6.1675  loss_cls: 0.2218  loss_bbox: 0.2153  loss_iou: 0.5306  d0.loss_cls: 0.3268  d0.loss_bbox: 0.2468  d0.loss_iou: 0.5941  d1.loss_cls: 0.2792  d1.loss_bbox: 0.2275  d1.loss_iou: 0.5559  d2.loss_cls: 0.2460  d2.loss_bbox: 0.2215  d2.loss_iou: 0.5435  d3.loss_cls: 0.2289  d3.loss_bbox: 0.2196  d3.loss_iou: 0.5386  d4.loss_cls: 0.2240  d4.loss_bbox: 0.2157  d4.loss_iou: 0.5317
2026/03/19 08:59:19 - mmengine - INFO - Exp name: detr_r50_ruod_120e_pretrained_20260319_080015
2026/03/19 08:59:52 - mmengine - INFO - Epoch(train) [22][ 50/245]  base_lr: 7.6553e-05 lr: 7.6553e-06  eta: 2:30:36  time: 0.6640  data_time: 0.0150  memory: 10692  grad_norm: 100.3630  loss: 6.1142  loss_cls: 0.2210  loss_bbox: 0.2141  loss_iou: 0.5172  d0.loss_cls: 0.3400  d0.loss_bbox: 0.2453  d0.loss_iou: 0.5765  d1.loss_cls: 0.2860  d1.loss_bbox: 0.2285  d1.loss_iou: 0.5436  d2.loss_cls: 0.2524  d2.loss_bbox: 0.2219  d2.loss_iou: 0.5321  d3.loss_cls: 0.2279  d3.loss_bbox: 0.2201  d3.loss_iou: 0.5282  d4.loss_cls: 0.2242  d4.loss_bbox: 0.2150  d4.loss_iou: 0.5203
2026/03/19 09:00:24 - mmengine - INFO - Epoch(train) [22][100/245]  base_lr: 7.6553e-05 lr: 7.6553e-06  eta: 2:30:06  time: 0.6334  data_time: 0.0042  memory: 10692  grad_norm: 95.9544  loss: 5.9276  loss_cls: 0.2108  loss_bbox: 0.2046  loss_iou: 0.5057  d0.loss_cls: 0.3265  d0.loss_bbox: 0.2388  d0.loss_iou: 0.5702  d1.loss_cls: 0.2726  d1.loss_bbox: 0.2207  d1.loss_iou: 0.5337  d2.loss_cls: 0.2414  d2.loss_bbox: 0.2128  d2.loss_iou: 0.5188  d3.loss_cls: 0.2183  d3.loss_bbox: 0.2100  d3.loss_iou: 0.5157  d4.loss_cls: 0.2146  d4.loss_bbox: 0.2056  d4.loss_iou: 0.5070
2026/03/19 09:00:55 - mmengine - INFO - Epoch(train) [22][150/245]  base_lr: 7.6553e-05 lr: 7.6553e-06  eta: 2:29:34  time: 0.6281  data_time: 0.0048  memory: 10692  grad_norm: 92.4150  loss: 6.1885  loss_cls: 0.2213  loss_bbox: 0.2161  loss_iou: 0.5309  d0.loss_cls: 0.3365  d0.loss_bbox: 0.2485  d0.loss_iou: 0.5857  d1.loss_cls: 0.2861  d1.loss_bbox: 0.2297  d1.loss_iou: 0.5523  d2.loss_cls: 0.2479  d2.loss_bbox: 0.2252  d2.loss_iou: 0.5442  d3.loss_cls: 0.2283  d3.loss_bbox: 0.2220  d3.loss_iou: 0.5407  d4.loss_cls: 0.2228  d4.loss_bbox: 0.2177  d4.loss_iou: 0.5326
2026/03/19 09:01:27 - mmengine - INFO - Epoch(train) [22][200/245]  base_lr: 7.6553e-05 lr: 7.6553e-06  eta: 2:29:03  time: 0.6266  data_time: 0.0043  memory: 10692  grad_norm: 95.2171  loss: 5.9472  loss_cls: 0.2113  loss_bbox: 0.2109  loss_iou: 0.5033  d0.loss_cls: 0.3271  d0.loss_bbox: 0.2473  d0.loss_iou: 0.5622  d1.loss_cls: 0.2752  d1.loss_bbox: 0.2255  d1.loss_iou: 0.5263  d2.loss_cls: 0.2420  d2.loss_bbox: 0.2188  d2.loss_iou: 0.5170  d3.loss_cls: 0.2171  d3.loss_bbox: 0.2176  d3.loss_iou: 0.5128  d4.loss_cls: 0.2141  d4.loss_bbox: 0.2128  d4.loss_iou: 0.5059
2026/03/19 09:01:54 - mmengine - INFO - Exp name: detr_r50_ruod_120e_pretrained_20260319_080015
2026/03/19 09:01:57 - mmengine - INFO - Epoch(val) [22][ 50/245]    eta: 0:00:13  time: 0.0677  data_time: 0.0310  memory: 10692  
2026/03/19 09:02:01 - mmengine - INFO - Epoch(val) [22][100/245]    eta: 0:00:09  time: 0.0695  data_time: 0.0304  memory: 1187  
2026/03/19 09:02:03 - mmengine - INFO - Epoch(val) [22][150/245]    eta: 0:00:05  time: 0.0503  data_time: 0.0108  memory: 1187  
2026/03/19 09:02:06 - mmengine - INFO - Epoch(val) [22][200/245]    eta: 0:00:02  time: 0.0494  data_time: 0.0100  memory: 1187  
2026/03/19 09:02:10 - mmengine - INFO - Evaluating bbox...
2026/03/19 09:02:23 - mmengine - INFO - bbox_mAP_copypaste: 0.429 0.713 0.427 0.082 0.247 0.487
2026/03/19 09:02:23 - mmengine - INFO - Epoch(val) [22][245/245]    coco/bbox_mAP: 0.4290  coco/bbox_mAP_50: 0.7130  coco/bbox_mAP_75: 0.4270  coco/bbox_mAP_s: 0.0820  coco/bbox_mAP_m: 0.2470  coco/bbox_mAP_l: 0.4870  data_time: 0.0184  time: 0.0570
2026/03/19 09:02:23 - mmengine - INFO - The previous best checkpoint /workspace/aquaculture-perception/runs/mmdet/detr_r50_ruod_120e_pretrained/best_coco_bbox_mAP_epoch_20.pth is removed
2026/03/19 09:02:25 - mmengine - INFO - The best checkpoint with 0.4290 coco/bbox_mAP at 22 epoch is saved to best_coco_bbox_mAP_epoch_22.pth.
2026/03/19 09:02:57 - mmengine - INFO - Epoch(train) [23][ 50/245]  base_lr: 7.5250e-05 lr: 7.5250e-06  eta: 2:28:04  time: 0.6560  data_time: 0.0161  memory: 10692  grad_norm: 86.2041  loss: 5.9294  loss_cls: 0.2085  loss_bbox: 0.2009  loss_iou: 0.5112  d0.loss_cls: 0.3285  d0.loss_bbox: 0.2343  d0.loss_iou: 0.5732  d1.loss_cls: 0.2752  d1.loss_bbox: 0.2163  d1.loss_iou: 0.5377  d2.loss_cls: 0.2353  d2.loss_bbox: 0.2093  d2.loss_iou: 0.5261  d3.loss_cls: 0.2147  d3.loss_bbox: 0.2078  d3.loss_iou: 0.5228  d4.loss_cls: 0.2104  d4.loss_bbox: 0.2025  d4.loss_iou: 0.5146
2026/03/19 09:03:29 - mmengine - INFO - Epoch(train) [23][100/245]  base_lr: 7.5250e-05 lr: 7.5250e-06  eta: 2:27:33  time: 0.6288  data_time: 0.0046  memory: 10692  grad_norm: 81.0974  loss: 5.7921  loss_cls: 0.1972  loss_bbox: 0.2053  loss_iou: 0.4993  d0.loss_cls: 0.3112  d0.loss_bbox: 0.2371  d0.loss_iou: 0.5623  d1.loss_cls: 0.2573  d1.loss_bbox: 0.2181  d1.loss_iou: 0.5252  d2.loss_cls: 0.2240  d2.loss_bbox: 0.2115  d2.loss_iou: 0.5127  d3.loss_cls: 0.2012  d3.loss_bbox: 0.2112  d3.loss_iou: 0.5101  d4.loss_cls: 0.1998  d4.loss_bbox: 0.2063  d4.loss_iou: 0.5022
2026/03/19 09:04:00 - mmengine - INFO - Epoch(train) [23][150/245]  base_lr: 7.5250e-05 lr: 7.5250e-06  eta: 2:27:01  time: 0.6226  data_time: 0.0046  memory: 10692  grad_norm: 87.2577  loss: 6.0744  loss_cls: 0.2152  loss_bbox: 0.2113  loss_iou: 0.5218  d0.loss_cls: 0.3330  d0.loss_bbox: 0.2409  d0.loss_iou: 0.5829  d1.loss_cls: 0.2799  d1.loss_bbox: 0.2234  d1.loss_iou: 0.5462  d2.loss_cls: 0.2445  d2.loss_bbox: 0.2185  d2.loss_iou: 0.5351  d3.loss_cls: 0.2232  d3.loss_bbox: 0.2162  d3.loss_iou: 0.5300  d4.loss_cls: 0.2173  d4.loss_bbox: 0.2125  d4.loss_iou: 0.5224
2026/03/19 09:04:31 - mmengine - INFO - Epoch(train) [23][200/245]  base_lr: 7.5250e-05 lr: 7.5250e-06  eta: 2:26:30  time: 0.6298  data_time: 0.0043  memory: 10692  grad_norm: 90.5571  loss: 6.0625  loss_cls: 0.2199  loss_bbox: 0.2130  loss_iou: 0.5148  d0.loss_cls: 0.3338  d0.loss_bbox: 0.2459  d0.loss_iou: 0.5767  d1.loss_cls: 0.2781  d1.loss_bbox: 0.2258  d1.loss_iou: 0.5397  d2.loss_cls: 0.2478  d2.loss_bbox: 0.2189  d2.loss_iou: 0.5275  d3.loss_cls: 0.2280  d3.loss_bbox: 0.2168  d3.loss_iou: 0.5231  d4.loss_cls: 0.2206  d4.loss_bbox: 0.2144  d4.loss_iou: 0.5175
2026/03/19 09:04:59 - mmengine - INFO - Exp name: detr_r50_ruod_120e_pretrained_20260319_080015
2026/03/19 09:05:31 - mmengine - INFO - Epoch(train) [24][ 50/245]  base_lr: 7.3947e-05 lr: 7.3947e-06  eta: 2:25:30  time: 0.6467  data_time: 0.0146  memory: 10692  grad_norm: 94.5230  loss: 5.7701  loss_cls: 0.2027  loss_bbox: 0.2007  loss_iou: 0.4958  d0.loss_cls: 0.3177  d0.loss_bbox: 0.2321  d0.loss_iou: 0.5565  d1.loss_cls: 0.2643  d1.loss_bbox: 0.2125  d1.loss_iou: 0.5189  d2.loss_cls: 0.2313  d2.loss_bbox: 0.2062  d2.loss_iou: 0.5084  d3.loss_cls: 0.2082  d3.loss_bbox: 0.2055  d3.loss_iou: 0.5054  d4.loss_cls: 0.2043  d4.loss_bbox: 0.2015  d4.loss_iou: 0.4982
2026/03/19 09:06:02 - mmengine - INFO - Epoch(train) [24][100/245]  base_lr: 7.3947e-05 lr: 7.3947e-06  eta: 2:24:59  time: 0.6267  data_time: 0.0040  memory: 10692  grad_norm: 92.1169  loss: 5.7286  loss_cls: 0.2012  loss_bbox: 0.2029  loss_iou: 0.4864  d0.loss_cls: 0.3206  d0.loss_bbox: 0.2330  d0.loss_iou: 0.5442  d1.loss_cls: 0.2672  d1.loss_bbox: 0.2139  d1.loss_iou: 0.5106  d2.loss_cls: 0.2291  d2.loss_bbox: 0.2104  d2.loss_iou: 0.5017  d3.loss_cls: 0.2092  d3.loss_bbox: 0.2071  d3.loss_iou: 0.4959  d4.loss_cls: 0.2038  d4.loss_bbox: 0.2037  d4.loss_iou: 0.4876
2026/03/19 09:06:34 - mmengine - INFO - Epoch(train) [24][150/245]  base_lr: 7.3947e-05 lr: 7.3947e-06  eta: 2:24:29  time: 0.6381  data_time: 0.0045  memory: 10692  grad_norm: 87.7239  loss: 5.7997  loss_cls: 0.2031  loss_bbox: 0.2013  loss_iou: 0.4983  d0.loss_cls: 0.3183  d0.loss_bbox: 0.2350  d0.loss_iou: 0.5587  d1.loss_cls: 0.2619  d1.loss_bbox: 0.2165  d1.loss_iou: 0.5265  d2.loss_cls: 0.2299  d2.loss_bbox: 0.2085  d2.loss_iou: 0.5118  d3.loss_cls: 0.2120  d3.loss_bbox: 0.2056  d3.loss_iou: 0.5068  d4.loss_cls: 0.2055  d4.loss_bbox: 0.2018  d4.loss_iou: 0.4983
2026/03/19 09:07:05 - mmengine - INFO - Epoch(train) [24][200/245]  base_lr: 7.3947e-05 lr: 7.3947e-06  eta: 2:23:57  time: 0.6235  data_time: 0.0045  memory: 10692  grad_norm: 94.1979  loss: 5.9864  loss_cls: 0.2116  loss_bbox: 0.2086  loss_iou: 0.5141  d0.loss_cls: 0.3280  d0.loss_bbox: 0.2384  d0.loss_iou: 0.5727  d1.loss_cls: 0.2722  d1.loss_bbox: 0.2220  d1.loss_iou: 0.5389  d2.loss_cls: 0.2392  d2.loss_bbox: 0.2149  d2.loss_iou: 0.5302  d3.loss_cls: 0.2193  d3.loss_bbox: 0.2131  d3.loss_iou: 0.5233  d4.loss_cls: 0.2133  d4.loss_bbox: 0.2103  d4.loss_iou: 0.5162
2026/03/19 09:07:33 - mmengine - INFO - Exp name: detr_r50_ruod_120e_pretrained_20260319_080015
2026/03/19 09:07:36 - mmengine - INFO - Epoch(val) [24][ 50/245]    eta: 0:00:12  time: 0.0662  data_time: 0.0293  memory: 10692  
2026/03/19 09:07:40 - mmengine - INFO - Epoch(val) [24][100/245]    eta: 0:00:09  time: 0.0661  data_time: 0.0265  memory: 1187  
2026/03/19 09:07:42 - mmengine - INFO - Epoch(val) [24][150/245]    eta: 0:00:05  time: 0.0514  data_time: 0.0111  memory: 1187  
2026/03/19 09:07:45 - mmengine - INFO - Epoch(val) [24][200/245]    eta: 0:00:02  time: 0.0479  data_time: 0.0098  memory: 1187  
2026/03/19 09:07:49 - mmengine - INFO - Evaluating bbox...
2026/03/19 09:08:02 - mmengine - INFO - bbox_mAP_copypaste: 0.429 0.716 0.420 0.095 0.246 0.485
2026/03/19 09:08:02 - mmengine - INFO - Epoch(val) [24][245/245]    coco/bbox_mAP: 0.4290  coco/bbox_mAP_50: 0.7160  coco/bbox_mAP_75: 0.4200  coco/bbox_mAP_s: 0.0950  coco/bbox_mAP_m: 0.2460  coco/bbox_mAP_l: 0.4850  data_time: 0.0173  time: 0.0559
2026/03/19 09:08:36 - mmengine - INFO - Epoch(train) [25][ 50/245]  base_lr: 7.2645e-05 lr: 7.2645e-06  eta: 2:23:01  time: 0.6726  data_time: 0.0151  memory: 10692  grad_norm: 94.2456  loss: 5.6788  loss_cls: 0.1911  loss_bbox: 0.2005  loss_iou: 0.4898  d0.loss_cls: 0.3064  d0.loss_bbox: 0.2324  d0.loss_iou: 0.5532  d1.loss_cls: 0.2497  d1.loss_bbox: 0.2143  d1.loss_iou: 0.5176  d2.loss_cls: 0.2190  d2.loss_bbox: 0.2080  d2.loss_iou: 0.5063  d3.loss_cls: 0.1981  d3.loss_bbox: 0.2054  d3.loss_iou: 0.4999  d4.loss_cls: 0.1935  d4.loss_bbox: 0.2013  d4.loss_iou: 0.4921
2026/03/19 09:09:06 - mmengine - INFO - Epoch(train) [25][100/245]  base_lr: 7.2645e-05 lr: 7.2645e-06  eta: 2:22:28  time: 0.6143  data_time: 0.0036  memory: 10692  grad_norm: 90.0760  loss: 5.7841  loss_cls: 0.2000  loss_bbox: 0.2011  loss_iou: 0.5002  d0.loss_cls: 0.3169  d0.loss_bbox: 0.2322  d0.loss_iou: 0.5543  d1.loss_cls: 0.2596  d1.loss_bbox: 0.2151  d1.loss_iou: 0.5242  d2.loss_cls: 0.2258  d2.loss_bbox: 0.2082  d2.loss_iou: 0.5151  d3.loss_cls: 0.2072  d3.loss_bbox: 0.2063  d3.loss_iou: 0.5104  d4.loss_cls: 0.2023  d4.loss_bbox: 0.2025  d4.loss_iou: 0.5028
2026/03/19 09:09:19 - mmengine - INFO - Exp name: detr_r50_ruod_120e_pretrained_20260319_080015
2026/03/19 09:09:37 - mmengine - INFO - Epoch(train) [25][150/245]  base_lr: 7.2645e-05 lr: 7.2645e-06  eta: 2:21:56  time: 0.6196  data_time: 0.0043  memory: 10692  grad_norm: 95.2518  loss: 5.8650  loss_cls: 0.2043  loss_bbox: 0.2004  loss_iou: 0.5093  d0.loss_cls: 0.3166  d0.loss_bbox: 0.2330  d0.loss_iou: 0.5666  d1.loss_cls: 0.2620  d1.loss_bbox: 0.2141  d1.loss_iou: 0.5354  d2.loss_cls: 0.2309  d2.loss_bbox: 0.2080  d2.loss_iou: 0.5270  d3.loss_cls: 0.2093  d3.loss_bbox: 0.2067  d3.loss_iou: 0.5217  d4.loss_cls: 0.2058  d4.loss_bbox: 0.2019  d4.loss_iou: 0.5122
2026/03/19 09:10:11 - mmengine - INFO - Epoch(train) [25][200/245]  base_lr: 7.2645e-05 lr: 7.2645e-06  eta: 2:21:30  time: 0.6771  data_time: 0.0044  memory: 10692  grad_norm: 90.6035  loss: 5.8378  loss_cls: 0.2048  loss_bbox: 0.1993  loss_iou: 0.5011  d0.loss_cls: 0.3256  d0.loss_bbox: 0.2314  d0.loss_iou: 0.5622  d1.loss_cls: 0.2668  d1.loss_bbox: 0.2149  d1.loss_iou: 0.5318  d2.loss_cls: 0.2315  d2.loss_bbox: 0.2089  d2.loss_iou: 0.5201  d3.loss_cls: 0.2115  d3.loss_bbox: 0.2050  d3.loss_iou: 0.5129  d4.loss_cls: 0.2065  d4.loss_bbox: 0.2007  d4.loss_iou: 0.5029
2026/03/19 09:10:40 - mmengine - INFO - Exp name: detr_r50_ruod_120e_pretrained_20260319_080015
2026/03/19 09:11:12 - mmengine - INFO - Epoch(train) [26][ 50/245]  base_lr: 7.1342e-05 lr: 7.1342e-06  eta: 2:20:33  time: 0.6492  data_time: 0.0174  memory: 10692  grad_norm: 87.0283  loss: 5.8015  loss_cls: 0.2020  loss_bbox: 0.1957  loss_iou: 0.5046  d0.loss_cls: 0.3171  d0.loss_bbox: 0.2312  d0.loss_iou: 0.5664  d1.loss_cls: 0.2628  d1.loss_bbox: 0.2108  d1.loss_iou: 0.5266  d2.loss_cls: 0.2298  d2.loss_bbox: 0.2040  d2.loss_iou: 0.5178  d3.loss_cls: 0.2085  d3.loss_bbox: 0.2021  d3.loss_iou: 0.5149  d4.loss_cls: 0.2039  d4.loss_bbox: 0.1976  d4.loss_iou: 0.5061
2026/03/19 09:11:43 - mmengine - INFO - Epoch(train) [26][100/245]  base_lr: 7.1342e-05 lr: 7.1342e-06  eta: 2:20:00  time: 0.6167  data_time: 0.0083  memory: 10692  grad_norm: 87.4455  loss: 5.5501  loss_cls: 0.1821  loss_bbox: 0.1955  loss_iou: 0.4831  d0.loss_cls: 0.2983  d0.loss_bbox: 0.2274  d0.loss_iou: 0.5419  d1.loss_cls: 0.2416  d1.loss_bbox: 0.2106  d1.loss_iou: 0.5082  d2.loss_cls: 0.2084  d2.loss_bbox: 0.2029  d2.loss_iou: 0.4978  d3.loss_cls: 0.1888  d3.loss_bbox: 0.2011  d3.loss_iou: 0.4950  d4.loss_cls: 0.1831  d4.loss_bbox: 0.1977  d4.loss_iou: 0.4865
2026/03/19 09:12:14 - mmengine - INFO - Epoch(train) [26][150/245]  base_lr: 7.1342e-05 lr: 7.1342e-06  eta: 2:19:28  time: 0.6267  data_time: 0.0042  memory: 10692  grad_norm: 143.9694  loss: 5.8109  loss_cls: 0.1959  loss_bbox: 0.2036  loss_iou: 0.5066  d0.loss_cls: 0.3095  d0.loss_bbox: 0.2337  d0.loss_iou: 0.5604  d1.loss_cls: 0.2568  d1.loss_bbox: 0.2171  d1.loss_iou: 0.5293  d2.loss_cls: 0.2218  d2.loss_bbox: 0.2112  d2.loss_iou: 0.5221  d3.loss_cls: 0.2046  d3.loss_bbox: 0.2084  d3.loss_iou: 0.5167  d4.loss_cls: 0.1992  d4.loss_bbox: 0.2050  d4.loss_iou: 0.5089
2026/03/19 09:12:45 - mmengine - INFO - Epoch(train) [26][200/245]  base_lr: 7.1342e-05 lr: 7.1342e-06  eta: 2:18:56  time: 0.6232  data_time: 0.0040  memory: 10692  grad_norm: 89.3909  loss: 5.7059  loss_cls: 0.1976  loss_bbox: 0.1998  loss_iou: 0.4930  d0.loss_cls: 0.3175  d0.loss_bbox: 0.2291  d0.loss_iou: 0.5442  d1.loss_cls: 0.2615  d1.loss_bbox: 0.2129  d1.loss_iou: 0.5129  d2.loss_cls: 0.2241  d2.loss_bbox: 0.2069  d2.loss_iou: 0.5023  d3.loss_cls: 0.2033  d3.loss_bbox: 0.2044  d3.loss_iou: 0.5020  d4.loss_cls: 0.1994  d4.loss_bbox: 0.2007  d4.loss_iou: 0.4943
2026/03/19 09:13:13 - mmengine - INFO - Exp name: detr_r50_ruod_120e_pretrained_20260319_080015
2026/03/19 09:13:16 - mmengine - INFO - Epoch(val) [26][ 50/245]    eta: 0:00:12  time: 0.0656  data_time: 0.0296  memory: 10692  
2026/03/19 09:13:20 - mmengine - INFO - Epoch(val) [26][100/245]    eta: 0:00:10  time: 0.0723  data_time: 0.0327  memory: 1187  
2026/03/19 09:13:22 - mmengine - INFO - Epoch(val) [26][150/245]    eta: 0:00:05  time: 0.0501  data_time: 0.0104  memory: 1187  
2026/03/19 09:13:25 - mmengine - INFO - Epoch(val) [26][200/245]    eta: 0:00:02  time: 0.0487  data_time: 0.0102  memory: 1187  
2026/03/19 09:13:30 - mmengine - INFO - Evaluating bbox...
2026/03/19 09:13:42 - mmengine - INFO - bbox_mAP_copypaste: 0.438 0.722 0.438 0.095 0.259 0.498
2026/03/19 09:13:42 - mmengine - INFO - Epoch(val) [26][245/245]    coco/bbox_mAP: 0.4380  coco/bbox_mAP_50: 0.7220  coco/bbox_mAP_75: 0.4380  coco/bbox_mAP_s: 0.0950  coco/bbox_mAP_m: 0.2590  coco/bbox_mAP_l: 0.4980  data_time: 0.0187  time: 0.0573
2026/03/19 09:13:42 - mmengine - INFO - The previous best checkpoint /workspace/aquaculture-perception/runs/mmdet/detr_r50_ruod_120e_pretrained/best_coco_bbox_mAP_epoch_22.pth is removed
2026/03/19 09:13:43 - mmengine - INFO - The best checkpoint with 0.4380 coco/bbox_mAP at 26 epoch is saved to best_coco_bbox_mAP_epoch_26.pth.
2026/03/19 09:14:16 - mmengine - INFO - Epoch(train) [27][ 50/245]  base_lr: 7.0039e-05 lr: 7.0039e-06  eta: 2:17:57  time: 0.6501  data_time: 0.0166  memory: 10692  grad_norm: 83.6221  loss: 5.6215  loss_cls: 0.1874  loss_bbox: 0.1973  loss_iou: 0.4869  d0.loss_cls: 0.3128  d0.loss_bbox: 0.2278  d0.loss_iou: 0.5422  d1.loss_cls: 0.2519  d1.loss_bbox: 0.2112  d1.loss_iou: 0.5108  d2.loss_cls: 0.2156  d2.loss_bbox: 0.2049  d2.loss_iou: 0.5008  d3.loss_cls: 0.1948  d3.loss_bbox: 0.2018  d3.loss_iou: 0.4966  d4.loss_cls: 0.1893  d4.loss_bbox: 0.1987  d4.loss_iou: 0.4904
2026/03/19 09:14:47 - mmengine - INFO - Epoch(train) [27][100/245]  base_lr: 7.0039e-05 lr: 7.0039e-06  eta: 2:17:26  time: 0.6286  data_time: 0.0042  memory: 10692  grad_norm: 86.3816  loss: 5.7179  loss_cls: 0.1835  loss_bbox: 0.2008  loss_iou: 0.5036  d0.loss_cls: 0.3005  d0.loss_bbox: 0.2322  d0.loss_iou: 0.5640  d1.loss_cls: 0.2457  d1.loss_bbox: 0.2149  d1.loss_iou: 0.5296  d2.loss_cls: 0.2117  d2.loss_bbox: 0.2096  d2.loss_iou: 0.5188  d3.loss_cls: 0.1895  d3.loss_bbox: 0.2059  d3.loss_iou: 0.5137  d4.loss_cls: 0.1842  d4.loss_bbox: 0.2031  d4.loss_iou: 0.5068
2026/03/19 09:15:19 - mmengine - INFO - Epoch(train) [27][150/245]  base_lr: 7.0039e-05 lr: 7.0039e-06  eta: 2:16:55  time: 0.6318  data_time: 0.0040  memory: 10692  grad_norm: 82.1075  loss: 5.5722  loss_cls: 0.1894  loss_bbox: 0.1975  loss_iou: 0.4803  d0.loss_cls: 0.2999  d0.loss_bbox: 0.2279  d0.loss_iou: 0.5353  d1.loss_cls: 0.2518  d1.loss_bbox: 0.2105  d1.loss_iou: 0.5011  d2.loss_cls: 0.2183  d2.loss_bbox: 0.2052  d2.loss_iou: 0.4940  d3.loss_cls: 0.1963  d3.loss_bbox: 0.2020  d3.loss_iou: 0.4896  d4.loss_cls: 0.1911  d4.loss_bbox: 0.1986  d4.loss_iou: 0.4834
2026/03/19 09:15:51 - mmengine - INFO - Epoch(train) [27][200/245]  base_lr: 7.0039e-05 lr: 7.0039e-06  eta: 2:16:25  time: 0.6403  data_time: 0.0039  memory: 10692  grad_norm: 95.9908  loss: 5.7133  loss_cls: 0.1939  loss_bbox: 0.1974  loss_iou: 0.4977  d0.loss_cls: 0.3129  d0.loss_bbox: 0.2285  d0.loss_iou: 0.5533  d1.loss_cls: 0.2586  d1.loss_bbox: 0.2098  d1.loss_iou: 0.5176  d2.loss_cls: 0.2229  d2.loss_bbox: 0.2043  d2.loss_iou: 0.5111  d3.loss_cls: 0.1997  d3.loss_bbox: 0.2021  d3.loss_iou: 0.5081  d4.loss_cls: 0.1967  d4.loss_bbox: 0.1987  d4.loss_iou: 0.5002
2026/03/19 09:16:18 - mmengine - INFO - Exp name: detr_r50_ruod_120e_pretrained_20260319_080015
2026/03/19 09:16:51 - mmengine - INFO - Epoch(train) [28][ 50/245]  base_lr: 6.8737e-05 lr: 6.8737e-06  eta: 2:15:27  time: 0.6682  data_time: 0.0180  memory: 10692  grad_norm: 85.8332  loss: 5.4875  loss_cls: 0.1765  loss_bbox: 0.1922  loss_iou: 0.4813  d0.loss_cls: 0.2927  d0.loss_bbox: 0.2257  d0.loss_iou: 0.5451  d1.loss_cls: 0.2386  d1.loss_bbox: 0.2063  d1.loss_iou: 0.5061  d2.loss_cls: 0.2040  d2.loss_bbox: 0.1994  d2.loss_iou: 0.4944  d3.loss_cls: 0.1839  d3.loss_bbox: 0.1971  d3.loss_iou: 0.4905  d4.loss_cls: 0.1780  d4.loss_bbox: 0.1930  d4.loss_iou: 0.4829
2026/03/19 09:17:26 - mmengine - INFO - Epoch(train) [28][100/245]  base_lr: 6.8737e-05 lr: 6.8737e-06  eta: 2:15:01  time: 0.6943  data_time: 0.0043  memory: 10692  grad_norm: 90.9841  loss: 5.5353  loss_cls: 0.1789  loss_bbox: 0.1929  loss_iou: 0.4859  d0.loss_cls: 0.2929  d0.loss_bbox: 0.2252  d0.loss_iou: 0.5468  d1.loss_cls: 0.2428  d1.loss_bbox: 0.2070  d1.loss_iou: 0.5123  d2.loss_cls: 0.2039  d2.loss_bbox: 0.2011  d2.loss_iou: 0.5020  d3.loss_cls: 0.1872  d3.loss_bbox: 0.1976  d3.loss_iou: 0.4955  d4.loss_cls: 0.1815  d4.loss_bbox: 0.1938  d4.loss_iou: 0.4881
2026/03/19 09:18:00 - mmengine - INFO - Epoch(train) [28][150/245]  base_lr: 6.8737e-05 lr: 6.8737e-06  eta: 2:14:35  time: 0.6861  data_time: 0.0047  memory: 10692  grad_norm: 96.9434  loss: 5.6140  loss_cls: 0.1939  loss_bbox: 0.1926  loss_iou: 0.4840  d0.loss_cls: 0.3163  d0.loss_bbox: 0.2251  d0.loss_iou: 0.5404  d1.loss_cls: 0.2588  d1.loss_bbox: 0.2062  d1.loss_iou: 0.5074  d2.loss_cls: 0.2240  d2.loss_bbox: 0.2000  d2.loss_iou: 0.4979  d3.loss_cls: 0.2004  d3.loss_bbox: 0.1979  d3.loss_iou: 0.4937  d4.loss_cls: 0.1949  d4.loss_bbox: 0.1941  d4.loss_iou: 0.4865
2026/03/19 09:18:32 - mmengine - INFO - Epoch(train) [28][200/245]  base_lr: 6.8737e-05 lr: 6.8737e-06  eta: 2:14:05  time: 0.6365  data_time: 0.0042  memory: 10692  grad_norm: 91.1605  loss: 5.6586  loss_cls: 0.1882  loss_bbox: 0.1980  loss_iou: 0.4930  d0.loss_cls: 0.3054  d0.loss_bbox: 0.2307  d0.loss_iou: 0.5495  d1.loss_cls: 0.2508  d1.loss_bbox: 0.2116  d1.loss_iou: 0.5148  d2.loss_cls: 0.2192  d2.loss_bbox: 0.2045  d2.loss_iou: 0.5057  d3.loss_cls: 0.1960  d3.loss_bbox: 0.2032  d3.loss_iou: 0.5030  d4.loss_cls: 0.1915  d4.loss_bbox: 0.1993  d4.loss_iou: 0.4942
2026/03/19 09:19:00 - mmengine - INFO - Exp name: detr_r50_ruod_120e_pretrained_20260319_080015
2026/03/19 09:19:03 - mmengine - INFO - Epoch(val) [28][ 50/245]    eta: 0:00:12  time: 0.0643  data_time: 0.0269  memory: 10692  
2026/03/19 09:19:07 - mmengine - INFO - Epoch(val) [28][100/245]    eta: 0:00:09  time: 0.0686  data_time: 0.0292  memory: 1187  
2026/03/19 09:19:09 - mmengine - INFO - Epoch(val) [28][150/245]    eta: 0:00:05  time: 0.0499  data_time: 0.0104  memory: 1187  
2026/03/19 09:19:12 - mmengine - INFO - Epoch(val) [28][200/245]    eta: 0:00:02  time: 0.0491  data_time: 0.0103  memory: 1187  
2026/03/19 09:19:17 - mmengine - INFO - Evaluating bbox...
2026/03/19 09:19:30 - mmengine - INFO - bbox_mAP_copypaste: 0.437 0.723 0.431 0.077 0.249 0.494
2026/03/19 09:19:30 - mmengine - INFO - Epoch(val) [28][245/245]    coco/bbox_mAP: 0.4370  coco/bbox_mAP_50: 0.7230  coco/bbox_mAP_75: 0.4310  coco/bbox_mAP_s: 0.0770  coco/bbox_mAP_m: 0.2490  coco/bbox_mAP_l: 0.4940  data_time: 0.0175  time: 0.0564
2026/03/19 09:20:03 - mmengine - INFO - Epoch(train) [29][ 50/245]  base_lr: 6.7434e-05 lr: 6.7434e-06  eta: 2:13:07  time: 0.6572  data_time: 0.0146  memory: 10692  grad_norm: 82.4291  loss: 5.5127  loss_cls: 0.1795  loss_bbox: 0.1910  loss_iou: 0.4830  d0.loss_cls: 0.2966  d0.loss_bbox: 0.2251  d0.loss_iou: 0.5445  d1.loss_cls: 0.2397  d1.loss_bbox: 0.2062  d1.loss_iou: 0.5104  d2.loss_cls: 0.2062  d2.loss_bbox: 0.1986  d2.loss_iou: 0.4972  d3.loss_cls: 0.1866  d3.loss_bbox: 0.1959  d3.loss_iou: 0.4937  d4.loss_cls: 0.1804  d4.loss_bbox: 0.1925  d4.loss_iou: 0.4855
2026/03/19 09:20:35 - mmengine - INFO - Epoch(train) [29][100/245]  base_lr: 6.7434e-05 lr: 6.7434e-06  eta: 2:12:35  time: 0.6301  data_time: 0.0038  memory: 10692  grad_norm: 83.0729  loss: 5.4350  loss_cls: 0.1765  loss_bbox: 0.1917  loss_iou: 0.4742  d0.loss_cls: 0.2844  d0.loss_bbox: 0.2254  d0.loss_iou: 0.5350  d1.loss_cls: 0.2361  d1.loss_bbox: 0.2060  d1.loss_iou: 0.5008  d2.loss_cls: 0.2058  d2.loss_bbox: 0.1994  d2.loss_iou: 0.4882  d3.loss_cls: 0.1834  d3.loss_bbox: 0.1968  d3.loss_iou: 0.4840  d4.loss_cls: 0.1779  d4.loss_bbox: 0.1935  d4.loss_iou: 0.4757
2026/03/19 09:21:00 - mmengine - INFO - Exp name: detr_r50_ruod_120e_pretrained_20260319_080015
2026/03/19 09:21:06 - mmengine - INFO - Epoch(train) [29][150/245]  base_lr: 6.7434e-05 lr: 6.7434e-06  eta: 2:12:04  time: 0.6289  data_time: 0.0042  memory: 10692  grad_norm: 95.5368  loss: 5.6292  loss_cls: 0.1799  loss_bbox: 0.1966  loss_iou: 0.4983  d0.loss_cls: 0.2924  d0.loss_bbox: 0.2280  d0.loss_iou: 0.5583  d1.loss_cls: 0.2420  d1.loss_bbox: 0.2082  d1.loss_iou: 0.5198  d2.loss_cls: 0.2118  d2.loss_bbox: 0.2029  d2.loss_iou: 0.5114  d3.loss_cls: 0.1898  d3.loss_bbox: 0.2011  d3.loss_iou: 0.5084  d4.loss_cls: 0.1814  d4.loss_bbox: 0.1981  d4.loss_iou: 0.5008
2026/03/19 09:21:38 - mmengine - INFO - Epoch(train) [29][200/245]  base_lr: 6.7434e-05 lr: 6.7434e-06  eta: 2:11:32  time: 0.6305  data_time: 0.0040  memory: 10692  grad_norm: 95.6706  loss: 5.5970  loss_cls: 0.1790  loss_bbox: 0.1906  loss_iou: 0.4971  d0.loss_cls: 0.3030  d0.loss_bbox: 0.2208  d0.loss_iou: 0.5515  d1.loss_cls: 0.2475  d1.loss_bbox: 0.2038  d1.loss_iou: 0.5209  d2.loss_cls: 0.2116  d2.loss_bbox: 0.1964  d2.loss_iou: 0.5105  d3.loss_cls: 0.1885  d3.loss_bbox: 0.1951  d3.loss_iou: 0.5074  d4.loss_cls: 0.1827  d4.loss_bbox: 0.1915  d4.loss_iou: 0.4990
2026/03/19 09:22:06 - mmengine - INFO - Exp name: detr_r50_ruod_120e_pretrained_20260319_080015
2026/03/19 09:22:39 - mmengine - INFO - Epoch(train) [30][ 50/245]  base_lr: 6.6132e-05 lr: 6.6132e-06  eta: 2:10:35  time: 0.6648  data_time: 0.0192  memory: 10692  grad_norm: 104.0311  loss: 5.5903  loss_cls: 0.1814  loss_bbox: 0.1918  loss_iou: 0.4937  d0.loss_cls: 0.3010  d0.loss_bbox: 0.2249  d0.loss_iou: 0.5484  d1.loss_cls: 0.2426  d1.loss_bbox: 0.2077  d1.loss_iou: 0.5199  d2.loss_cls: 0.2107  d2.loss_bbox: 0.1992  d2.loss_iou: 0.5066  d3.loss_cls: 0.1879  d3.loss_bbox: 0.1972  d3.loss_iou: 0.5043  d4.loss_cls: 0.1838  d4.loss_bbox: 0.1927  d4.loss_iou: 0.4964
2026/03/19 09:23:11 - mmengine - INFO - Epoch(train) [30][100/245]  base_lr: 6.6132e-05 lr: 6.6132e-06  eta: 2:10:04  time: 0.6364  data_time: 0.0045  memory: 10692  grad_norm: 82.5024  loss: 5.4658  loss_cls: 0.1812  loss_bbox: 0.1874  loss_iou: 0.4758  d0.loss_cls: 0.3032  d0.loss_bbox: 0.2189  d0.loss_iou: 0.5356  d1.loss_cls: 0.2439  d1.loss_bbox: 0.2018  d1.loss_iou: 0.5024  d2.loss_cls: 0.2091  d2.loss_bbox: 0.1952  d2.loss_iou: 0.4917  d3.loss_cls: 0.1885  d3.loss_bbox: 0.1933  d3.loss_iou: 0.4877  d4.loss_cls: 0.1832  d4.loss_bbox: 0.1888  d4.loss_iou: 0.4779
2026/03/19 09:23:42 - mmengine - INFO - Epoch(train) [30][150/245]  base_lr: 6.6132e-05 lr: 6.6132e-06  eta: 2:09:32  time: 0.6263  data_time: 0.0044  memory: 10692  grad_norm: 95.2092  loss: 5.3507  loss_cls: 0.1757  loss_bbox: 0.1857  loss_iou: 0.4647  d0.loss_cls: 0.2936  d0.loss_bbox: 0.2173  d0.loss_iou: 0.5255  d1.loss_cls: 0.2390  d1.loss_bbox: 0.1995  d1.loss_iou: 0.4913  d2.loss_cls: 0.2047  d2.loss_bbox: 0.1930  d2.loss_iou: 0.4801  d3.loss_cls: 0.1831  d3.loss_bbox: 0.1912  d3.loss_iou: 0.4752  d4.loss_cls: 0.1780  d4.loss_bbox: 0.1869  d4.loss_iou: 0.4663
2026/03/19 09:24:14 - mmengine - INFO - Epoch(train) [30][200/245]  base_lr: 6.6132e-05 lr: 6.6132e-06  eta: 2:09:02  time: 0.6439  data_time: 0.0049  memory: 10692  grad_norm: 88.3424  loss: 5.3774  loss_cls: 0.1693  loss_bbox: 0.1888  loss_iou: 0.4755  d0.loss_cls: 0.2877  d0.loss_bbox: 0.2195  d0.loss_iou: 0.5318  d1.loss_cls: 0.2290  d1.loss_bbox: 0.2025  d1.loss_iou: 0.5002  d2.loss_cls: 0.1952  d2.loss_bbox: 0.1959  d2.loss_iou: 0.4901  d3.loss_cls: 0.1748  d3.loss_bbox: 0.1938  d3.loss_iou: 0.4851  d4.loss_cls: 0.1696  d4.loss_bbox: 0.1905  d4.loss_iou: 0.4781
2026/03/19 09:24:43 - mmengine - INFO - Exp name: detr_r50_ruod_120e_pretrained_20260319_080015
2026/03/19 09:24:46 - mmengine - INFO - Epoch(val) [30][ 50/245]    eta: 0:00:13  time: 0.0694  data_time: 0.0311  memory: 10692  
2026/03/19 09:24:50 - mmengine - INFO - Epoch(val) [30][100/245]    eta: 0:00:10  time: 0.0699  data_time: 0.0296  memory: 1187  
2026/03/19 09:24:52 - mmengine - INFO - Epoch(val) [30][150/245]    eta: 0:00:05  time: 0.0489  data_time: 0.0104  memory: 1187  
2026/03/19 09:24:55 - mmengine - INFO - Epoch(val) [30][200/245]    eta: 0:00:02  time: 0.0543  data_time: 0.0115  memory: 1187  
2026/03/19 09:25:00 - mmengine - INFO - Evaluating bbox...
2026/03/19 09:25:13 - mmengine - INFO - bbox_mAP_copypaste: 0.439 0.723 0.437 0.080 0.251 0.500
2026/03/19 09:25:13 - mmengine - INFO - Epoch(val) [30][245/245]    coco/bbox_mAP: 0.4390  coco/bbox_mAP_50: 0.7230  coco/bbox_mAP_75: 0.4370  coco/bbox_mAP_s: 0.0800  coco/bbox_mAP_m: 0.2510  coco/bbox_mAP_l: 0.5000  data_time: 0.0189  time: 0.0599
2026/03/19 09:25:13 - mmengine - INFO - The previous best checkpoint /workspace/aquaculture-perception/runs/mmdet/detr_r50_ruod_120e_pretrained/best_coco_bbox_mAP_epoch_26.pth is removed
2026/03/19 09:25:14 - mmengine - INFO - The best checkpoint with 0.4390 coco/bbox_mAP at 30 epoch is saved to best_coco_bbox_mAP_epoch_30.pth.
2026/03/19 09:25:47 - mmengine - INFO - Epoch(train) [31][ 50/245]  base_lr: 6.4829e-05 lr: 6.4829e-06  eta: 2:08:05  time: 0.6625  data_time: 0.0161  memory: 10692  grad_norm: 87.6093  loss: 5.3940  loss_cls: 0.1732  loss_bbox: 0.1876  loss_iou: 0.4737  d0.loss_cls: 0.2874  d0.loss_bbox: 0.2201  d0.loss_iou: 0.5352  d1.loss_cls: 0.2345  d1.loss_bbox: 0.2009  d1.loss_iou: 0.5001  d2.loss_cls: 0.2019  d2.loss_bbox: 0.1934  d2.loss_iou: 0.4871  d3.loss_cls: 0.1813  d3.loss_bbox: 0.1921  d3.loss_iou: 0.4835  d4.loss_cls: 0.1759  d4.loss_bbox: 0.1892  d4.loss_iou: 0.4769
2026/03/19 09:26:19 - mmengine - INFO - Epoch(train) [31][100/245]  base_lr: 6.4829e-05 lr: 6.4829e-06  eta: 2:07:34  time: 0.6341  data_time: 0.0042  memory: 10692  grad_norm: 90.3356  loss: 5.4737  loss_cls: 0.1781  loss_bbox: 0.1909  loss_iou: 0.4793  d0.loss_cls: 0.2944  d0.loss_bbox: 0.2232  d0.loss_iou: 0.5383  d1.loss_cls: 0.2387  d1.loss_bbox: 0.2052  d1.loss_iou: 0.5066  d2.loss_cls: 0.2039  d2.loss_bbox: 0.1984  d2.loss_iou: 0.4945  d3.loss_cls: 0.1858  d3.loss_bbox: 0.1949  d3.loss_iou: 0.4876  d4.loss_cls: 0.1803  d4.loss_bbox: 0.1918  d4.loss_iou: 0.4817
2026/03/19 09:26:51 - mmengine - INFO - Epoch(train) [31][150/245]  base_lr: 6.4829e-05 lr: 6.4829e-06  eta: 2:07:03  time: 0.6376  data_time: 0.0045  memory: 10692  grad_norm: 86.8628  loss: 5.3139  loss_cls: 0.1720  loss_bbox: 0.1858  loss_iou: 0.4652  d0.loss_cls: 0.2847  d0.loss_bbox: 0.2161  d0.loss_iou: 0.5224  d1.loss_cls: 0.2328  d1.loss_bbox: 0.1993  d1.loss_iou: 0.4896  d2.loss_cls: 0.1995  d2.loss_bbox: 0.1929  d2.loss_iou: 0.4787  d3.loss_cls: 0.1801  d3.loss_bbox: 0.1904  d3.loss_iou: 0.4754  d4.loss_cls: 0.1733  d4.loss_bbox: 0.1873  d4.loss_iou: 0.4682
2026/03/19 09:27:23 - mmengine - INFO - Epoch(train) [31][200/245]  base_lr: 6.4829e-05 lr: 6.4829e-06  eta: 2:06:33  time: 0.6497  data_time: 0.0041  memory: 10692  grad_norm: 88.7867  loss: 5.3837  loss_cls: 0.1685  loss_bbox: 0.1866  loss_iou: 0.4772  d0.loss_cls: 0.2852  d0.loss_bbox: 0.2185  d0.loss_iou: 0.5356  d1.loss_cls: 0.2302  d1.loss_bbox: 0.2012  d1.loss_iou: 0.5026  d2.loss_cls: 0.1953  d2.loss_bbox: 0.1953  d2.loss_iou: 0.4918  d3.loss_cls: 0.1757  d3.loss_bbox: 0.1916  d3.loss_iou: 0.4882  d4.loss_cls: 0.1711  d4.loss_bbox: 0.1883  d4.loss_iou: 0.4807
2026/03/19 09:27:51 - mmengine - INFO - Exp name: detr_r50_ruod_120e_pretrained_20260319_080015
2026/03/19 09:28:25 - mmengine - INFO - Epoch(train) [32][ 50/245]  base_lr: 6.3526e-05 lr: 6.3526e-06  eta: 2:05:35  time: 0.6677  data_time: 0.0209  memory: 10692  grad_norm: 95.3612  loss: 5.4325  loss_cls: 0.1705  loss_bbox: 0.1859  loss_iou: 0.4842  d0.loss_cls: 0.2846  d0.loss_bbox: 0.2179  d0.loss_iou: 0.5480  d1.loss_cls: 0.2314  d1.loss_bbox: 0.1991  d1.loss_iou: 0.5126  d2.loss_cls: 0.1964  d2.loss_bbox: 0.1928  d2.loss_iou: 0.5016  d3.loss_cls: 0.1783  d3.loss_bbox: 0.1899  d3.loss_iou: 0.4938  d4.loss_cls: 0.1729  d4.loss_bbox: 0.1867  d4.loss_iou: 0.4859
2026/03/19 09:28:56 - mmengine - INFO - Epoch(train) [32][100/245]  base_lr: 6.3526e-05 lr: 6.3526e-06  eta: 2:05:03  time: 0.6198  data_time: 0.0039  memory: 10692  grad_norm: 93.3441  loss: 5.3729  loss_cls: 0.1678  loss_bbox: 0.1860  loss_iou: 0.4764  d0.loss_cls: 0.2817  d0.loss_bbox: 0.2191  d0.loss_iou: 0.5424  d1.loss_cls: 0.2288  d1.loss_bbox: 0.2002  d1.loss_iou: 0.5055  d2.loss_cls: 0.1957  d2.loss_bbox: 0.1917  d2.loss_iou: 0.4904  d3.loss_cls: 0.1739  d3.loss_bbox: 0.1906  d3.loss_iou: 0.4861  d4.loss_cls: 0.1708  d4.loss_bbox: 0.1869  d4.loss_iou: 0.4788
2026/03/19 09:29:27 - mmengine - INFO - Epoch(train) [32][150/245]  base_lr: 6.3526e-05 lr: 6.3526e-06  eta: 2:04:32  time: 0.6318  data_time: 0.0042  memory: 10692  grad_norm: 85.7439  loss: 5.3815  loss_cls: 0.1627  loss_bbox: 0.1868  loss_iou: 0.4807  d0.loss_cls: 0.2840  d0.loss_bbox: 0.2193  d0.loss_iou: 0.5410  d1.loss_cls: 0.2230  d1.loss_bbox: 0.2011  d1.loss_iou: 0.5073  d2.loss_cls: 0.1879  d2.loss_bbox: 0.1964  d2.loss_iou: 0.4982  d3.loss_cls: 0.1713  d3.loss_bbox: 0.1925  d3.loss_iou: 0.4921  d4.loss_cls: 0.1649  d4.loss_bbox: 0.1884  d4.loss_iou: 0.4840
2026/03/19 09:29:59 - mmengine - INFO - Epoch(train) [32][200/245]  base_lr: 6.3526e-05 lr: 6.3526e-06  eta: 2:04:01  time: 0.6407  data_time: 0.0041  memory: 10692  grad_norm: 97.1933  loss: 5.2914  loss_cls: 0.1639  loss_bbox: 0.1882  loss_iou: 0.4668  d0.loss_cls: 0.2831  d0.loss_bbox: 0.2201  d0.loss_iou: 0.5231  d1.loss_cls: 0.2247  d1.loss_bbox: 0.2018  d1.loss_iou: 0.4895  d2.loss_cls: 0.1891  d2.loss_bbox: 0.1961  d2.loss_iou: 0.4816  d3.loss_cls: 0.1697  d3.loss_bbox: 0.1939  d3.loss_iou: 0.4765  d4.loss_cls: 0.1653  d4.loss_bbox: 0.1895  d4.loss_iou: 0.4685
2026/03/19 09:30:27 - mmengine - INFO - Exp name: detr_r50_ruod_120e_pretrained_20260319_080015
2026/03/19 09:30:31 - mmengine - INFO - Epoch(val) [32][ 50/245]    eta: 0:00:13  time: 0.0695  data_time: 0.0325  memory: 10692  
2026/03/19 09:30:34 - mmengine - INFO - Epoch(val) [32][100/245]    eta: 0:00:10  time: 0.0705  data_time: 0.0293  memory: 1187  
2026/03/19 09:30:37 - mmengine - INFO - Epoch(val) [32][150/245]    eta: 0:00:05  time: 0.0491  data_time: 0.0103  memory: 1187  
2026/03/19 09:30:39 - mmengine - INFO - Epoch(val) [32][200/245]    eta: 0:00:02  time: 0.0512  data_time: 0.0132  memory: 1187  
2026/03/19 09:30:45 - mmengine - INFO - Evaluating bbox...
2026/03/19 09:30:57 - mmengine - INFO - bbox_mAP_copypaste: 0.445 0.728 0.448 0.095 0.257 0.506
2026/03/19 09:30:58 - mmengine - INFO - Epoch(val) [32][245/245]    coco/bbox_mAP: 0.4450  coco/bbox_mAP_50: 0.7280  coco/bbox_mAP_75: 0.4480  coco/bbox_mAP_s: 0.0950  coco/bbox_mAP_m: 0.2570  coco/bbox_mAP_l: 0.5060  data_time: 0.0191  time: 0.0577
2026/03/19 09:30:58 - mmengine - INFO - The previous best checkpoint /workspace/aquaculture-perception/runs/mmdet/detr_r50_ruod_120e_pretrained/best_coco_bbox_mAP_epoch_30.pth is removed
2026/03/19 09:30:59 - mmengine - INFO - The best checkpoint with 0.4450 coco/bbox_mAP at 32 epoch is saved to best_coco_bbox_mAP_epoch_32.pth.
2026/03/19 09:31:32 - mmengine - INFO - Epoch(train) [33][ 50/245]  base_lr: 6.2224e-05 lr: 6.2224e-06  eta: 2:03:03  time: 0.6622  data_time: 0.0129  memory: 10692  grad_norm: 90.9394  loss: 5.1968  loss_cls: 0.1604  loss_bbox: 0.1814  loss_iou: 0.4588  d0.loss_cls: 0.2824  d0.loss_bbox: 0.2122  d0.loss_iou: 0.5195  d1.loss_cls: 0.2262  d1.loss_bbox: 0.1938  d1.loss_iou: 0.4821  d2.loss_cls: 0.1860  d2.loss_bbox: 0.1889  d2.loss_iou: 0.4736  d3.loss_cls: 0.1690  d3.loss_bbox: 0.1858  d3.loss_iou: 0.4689  d4.loss_cls: 0.1625  d4.loss_bbox: 0.1832  d4.loss_iou: 0.4621
2026/03/19 09:32:03 - mmengine - INFO - Epoch(train) [33][100/245]  base_lr: 6.2224e-05 lr: 6.2224e-06  eta: 2:02:31  time: 0.6345  data_time: 0.0041  memory: 10692  grad_norm: 86.2115  loss: 5.3757  loss_cls: 0.1677  loss_bbox: 0.1858  loss_iou: 0.4798  d0.loss_cls: 0.2770  d0.loss_bbox: 0.2195  d0.loss_iou: 0.5437  d1.loss_cls: 0.2257  d1.loss_bbox: 0.1999  d1.loss_iou: 0.5059  d2.loss_cls: 0.1930  d2.loss_bbox: 0.1926  d2.loss_iou: 0.4937  d3.loss_cls: 0.1730  d3.loss_bbox: 0.1908  d3.loss_iou: 0.4900  d4.loss_cls: 0.1691  d4.loss_bbox: 0.1869  d4.loss_iou: 0.4815
2026/03/19 09:32:34 - mmengine - INFO - Epoch(train) [33][150/245]  base_lr: 6.2224e-05 lr: 6.2224e-06  eta: 2:01:59  time: 0.6197  data_time: 0.0040  memory: 10692  grad_norm: 85.2868  loss: 5.2083  loss_cls: 0.1583  loss_bbox: 0.1855  loss_iou: 0.4605  d0.loss_cls: 0.2735  d0.loss_bbox: 0.2181  d0.loss_iou: 0.5194  d1.loss_cls: 0.2201  d1.loss_bbox: 0.1993  d1.loss_iou: 0.4842  d2.loss_cls: 0.1882  d2.loss_bbox: 0.1917  d2.loss_iou: 0.4729  d3.loss_cls: 0.1652  d3.loss_bbox: 0.1911  d3.loss_iou: 0.4704  d4.loss_cls: 0.1597  d4.loss_bbox: 0.1871  d4.loss_iou: 0.4631
2026/03/19 09:32:41 - mmengine - INFO - Exp name: detr_r50_ruod_120e_pretrained_20260319_080015
2026/03/19 09:33:05 - mmengine - INFO - Epoch(train) [33][200/245]  base_lr: 6.2224e-05 lr: 6.2224e-06  eta: 2:01:26  time: 0.6143  data_time: 0.0038  memory: 10692  grad_norm: 94.2833  loss: 5.4118  loss_cls: 0.1659  loss_bbox: 0.1882  loss_iou: 0.4825  d0.loss_cls: 0.2809  d0.loss_bbox: 0.2195  d0.loss_iou: 0.5433  d1.loss_cls: 0.2246  d1.loss_bbox: 0.2033  d1.loss_iou: 0.5118  d2.loss_cls: 0.1937  d2.loss_bbox: 0.1961  d2.loss_iou: 0.4994  d3.loss_cls: 0.1738  d3.loss_bbox: 0.1928  d3.loss_iou: 0.4930  d4.loss_cls: 0.1694  d4.loss_bbox: 0.1887  d4.loss_iou: 0.4849
2026/03/19 09:33:32 - mmengine - INFO - Exp name: detr_r50_ruod_120e_pretrained_20260319_080015
2026/03/19 09:34:04 - mmengine - INFO - Epoch(train) [34][ 50/245]  base_lr: 6.0921e-05 lr: 6.0921e-06  eta: 2:00:25  time: 0.6433  data_time: 0.0148  memory: 10692  grad_norm: 88.0865  loss: 5.3879  loss_cls: 0.1629  loss_bbox: 0.1839  loss_iou: 0.4863  d0.loss_cls: 0.2808  d0.loss_bbox: 0.2158  d0.loss_iou: 0.5452  d1.loss_cls: 0.2239  d1.loss_bbox: 0.1990  d1.loss_iou: 0.5129  d2.loss_cls: 0.1895  d2.loss_bbox: 0.1912  d2.loss_iou: 0.5002  d3.loss_cls: 0.1695  d3.loss_bbox: 0.1895  d3.loss_iou: 0.4970  d4.loss_cls: 0.1653  d4.loss_bbox: 0.1853  d4.loss_iou: 0.4896
2026/03/19 09:34:35 - mmengine - INFO - Epoch(train) [34][100/245]  base_lr: 6.0921e-05 lr: 6.0921e-06  eta: 1:59:53  time: 0.6157  data_time: 0.0041  memory: 10692  grad_norm: 83.4818  loss: 5.2405  loss_cls: 0.1613  loss_bbox: 0.1835  loss_iou: 0.4632  d0.loss_cls: 0.2800  d0.loss_bbox: 0.2165  d0.loss_iou: 0.5216  d1.loss_cls: 0.2215  d1.loss_bbox: 0.1984  d1.loss_iou: 0.4892  d2.loss_cls: 0.1909  d2.loss_bbox: 0.1917  d2.loss_iou: 0.4767  d3.loss_cls: 0.1709  d3.loss_bbox: 0.1884  d3.loss_iou: 0.4724  d4.loss_cls: 0.1637  d4.loss_bbox: 0.1850  d4.loss_iou: 0.4656
2026/03/19 09:35:06 - mmengine - INFO - Epoch(train) [34][150/245]  base_lr: 6.0921e-05 lr: 6.0921e-06  eta: 1:59:20  time: 0.6127  data_time: 0.0038  memory: 10692  grad_norm: 93.8935  loss: 5.1235  loss_cls: 0.1573  loss_bbox: 0.1827  loss_iou: 0.4533  d0.loss_cls: 0.2701  d0.loss_bbox: 0.2132  d0.loss_iou: 0.5121  d1.loss_cls: 0.2134  d1.loss_bbox: 0.1958  d1.loss_iou: 0.4768  d2.loss_cls: 0.1809  d2.loss_bbox: 0.1898  d2.loss_iou: 0.4683  d3.loss_cls: 0.1623  d3.loss_bbox: 0.1870  d3.loss_iou: 0.4636  d4.loss_cls: 0.1584  d4.loss_bbox: 0.1834  d4.loss_iou: 0.4552
2026/03/19 09:35:37 - mmengine - INFO - Epoch(train) [34][200/245]  base_lr: 6.0921e-05 lr: 6.0921e-06  eta: 1:58:48  time: 0.6269  data_time: 0.0043  memory: 10692  grad_norm: 82.5215  loss: 5.2150  loss_cls: 0.1630  loss_bbox: 0.1776  loss_iou: 0.4656  d0.loss_cls: 0.2697  d0.loss_bbox: 0.2097  d0.loss_iou: 0.5319  d1.loss_cls: 0.2192  d1.loss_bbox: 0.1918  d1.loss_iou: 0.4944  d2.loss_cls: 0.1889  d2.loss_bbox: 0.1846  d2.loss_iou: 0.4793  d3.loss_cls: 0.1693  d3.loss_bbox: 0.1824  d3.loss_iou: 0.4759  d4.loss_cls: 0.1640  d4.loss_bbox: 0.1789  d4.loss_iou: 0.4687
2026/03/19 09:36:04 - mmengine - INFO - Exp name: detr_r50_ruod_120e_pretrained_20260319_080015
2026/03/19 09:36:07 - mmengine - INFO - Epoch(val) [34][ 50/245]    eta: 0:00:12  time: 0.0660  data_time: 0.0292  memory: 10692  
2026/03/19 09:36:11 - mmengine - INFO - Epoch(val) [34][100/245]    eta: 0:00:10  time: 0.0736  data_time: 0.0345  memory: 1187  
2026/03/19 09:36:13 - mmengine - INFO - Epoch(val) [34][150/245]    eta: 0:00:06  time: 0.0503  data_time: 0.0107  memory: 1187  
2026/03/19 09:36:16 - mmengine - INFO - Epoch(val) [34][200/245]    eta: 0:00:02  time: 0.0484  data_time: 0.0102  memory: 1187  
2026/03/19 09:36:20 - mmengine - INFO - Evaluating bbox...
2026/03/19 09:36:33 - mmengine - INFO - bbox_mAP_copypaste: 0.446 0.731 0.442 0.091 0.254 0.507
2026/03/19 09:36:33 - mmengine - INFO - Epoch(val) [34][245/245]    coco/bbox_mAP: 0.4460  coco/bbox_mAP_50: 0.7310  coco/bbox_mAP_75: 0.4420  coco/bbox_mAP_s: 0.0910  coco/bbox_mAP_m: 0.2540  coco/bbox_mAP_l: 0.5070  data_time: 0.0191  time: 0.0575
2026/03/19 09:36:33 - mmengine - INFO - The previous best checkpoint /workspace/aquaculture-perception/runs/mmdet/detr_r50_ruod_120e_pretrained/best_coco_bbox_mAP_epoch_32.pth is removed
2026/03/19 09:36:34 - mmengine - INFO - The best checkpoint with 0.4460 coco/bbox_mAP at 34 epoch is saved to best_coco_bbox_mAP_epoch_34.pth.
2026/03/19 09:37:06 - mmengine - INFO - Epoch(train) [35][ 50/245]  base_lr: 5.9618e-05 lr: 5.9618e-06  eta: 1:57:47  time: 0.6344  data_time: 0.0127  memory: 10692  grad_norm: 81.2912  loss: 5.1071  loss_cls: 0.1516  loss_bbox: 0.1795  loss_iou: 0.4566  d0.loss_cls: 0.2669  d0.loss_bbox: 0.2117  d0.loss_iou: 0.5166  d1.loss_cls: 0.2089  d1.loss_bbox: 0.1941  d1.loss_iou: 0.4854  d2.loss_cls: 0.1778  d2.loss_bbox: 0.1866  d2.loss_iou: 0.4694  d3.loss_cls: 0.1591  d3.loss_bbox: 0.1845  d3.loss_iou: 0.4661  d4.loss_cls: 0.1537  d4.loss_bbox: 0.1804  d4.loss_iou: 0.4583
2026/03/19 09:37:37 - mmengine - INFO - Epoch(train) [35][100/245]  base_lr: 5.9618e-05 lr: 5.9618e-06  eta: 1:57:15  time: 0.6210  data_time: 0.0042  memory: 10692  grad_norm: inf  loss: 5.0645  loss_cls: 0.1527  loss_bbox: 0.1784  loss_iou: 0.4490  d0.loss_cls: 0.2636  d0.loss_bbox: 0.2134  d0.loss_iou: 0.5152  d1.loss_cls: 0.2101  d1.loss_bbox: 0.1922  d1.loss_iou: 0.4750  d2.loss_cls: 0.1802  d2.loss_bbox: 0.1859  d2.loss_iou: 0.4633  d3.loss_cls: 0.1592  d3.loss_bbox: 0.1828  d3.loss_iou: 0.4576  d4.loss_cls: 0.1552  d4.loss_bbox: 0.1793  d4.loss_iou: 0.4512
2026/03/19 09:38:07 - mmengine - INFO - Epoch(train) [35][150/245]  base_lr: 5.9618e-05 lr: 5.9618e-06  eta: 1:56:42  time: 0.6083  data_time: 0.0038  memory: 10692  grad_norm: 82.4599  loss: 5.2184  loss_cls: 0.1547  loss_bbox: 0.1812  loss_iou: 0.4667  d0.loss_cls: 0.2695  d0.loss_bbox: 0.2145  d0.loss_iou: 0.5320  d1.loss_cls: 0.2149  d1.loss_bbox: 0.1961  d1.loss_iou: 0.4983  d2.loss_cls: 0.1816  d2.loss_bbox: 0.1885  d2.loss_iou: 0.4839  d3.loss_cls: 0.1610  d3.loss_bbox: 0.1867  d3.loss_iou: 0.4794  d4.loss_cls: 0.1575  d4.loss_bbox: 0.1821  d4.loss_iou: 0.4696
2026/03/19 09:38:38 - mmengine - INFO - Epoch(train) [35][200/245]  base_lr: 5.9618e-05 lr: 5.9618e-06  eta: 1:56:09  time: 0.6143  data_time: 0.0040  memory: 10692  grad_norm: 111.2058  loss: 5.1778  loss_cls: 0.1520  loss_bbox: 0.1803  loss_iou: 0.4677  d0.loss_cls: 0.2627  d0.loss_bbox: 0.2116  d0.loss_iou: 0.5335  d1.loss_cls: 0.2066  d1.loss_bbox: 0.1943  d1.loss_iou: 0.4973  d2.loss_cls: 0.1760  d2.loss_bbox: 0.1879  d2.loss_iou: 0.4825  d3.loss_cls: 0.1575  d3.loss_bbox: 0.1856  d3.loss_iou: 0.4774  d4.loss_cls: 0.1520  d4.loss_bbox: 0.1821  d4.loss_iou: 0.4708
2026/03/19 09:39:05 - mmengine - INFO - Exp name: detr_r50_ruod_120e_pretrained_20260319_080015
2026/03/19 09:39:37 - mmengine - INFO - Epoch(train) [36][ 50/245]  base_lr: 5.8316e-05 lr: 5.8316e-06  eta: 1:55:09  time: 0.6418  data_time: 0.0168  memory: 10692  grad_norm: 85.3856  loss: 5.1117  loss_cls: 0.1533  loss_bbox: 0.1767  loss_iou: 0.4557  d0.loss_cls: 0.2672  d0.loss_bbox: 0.2096  d0.loss_iou: 0.5210  d1.loss_cls: 0.2119  d1.loss_bbox: 0.1916  d1.loss_iou: 0.4870  d2.loss_cls: 0.1803  d2.loss_bbox: 0.1842  d2.loss_iou: 0.4728  d3.loss_cls: 0.1616  d3.loss_bbox: 0.1815  d3.loss_iou: 0.4662  d4.loss_cls: 0.1552  d4.loss_bbox: 0.1777  d4.loss_iou: 0.4582
2026/03/19 09:40:08 - mmengine - INFO - Epoch(train) [36][100/245]  base_lr: 5.8316e-05 lr: 5.8316e-06  eta: 1:54:37  time: 0.6146  data_time: 0.0038  memory: 10692  grad_norm: 88.2020  loss: 5.0737  loss_cls: 0.1570  loss_bbox: 0.1750  loss_iou: 0.4469  d0.loss_cls: 0.2762  d0.loss_bbox: 0.2072  d0.loss_iou: 0.5110  d1.loss_cls: 0.2171  d1.loss_bbox: 0.1900  d1.loss_iou: 0.4759  d2.loss_cls: 0.1839  d2.loss_bbox: 0.1829  d2.loss_iou: 0.4614  d3.loss_cls: 0.1656  d3.loss_bbox: 0.1805  d3.loss_iou: 0.4576  d4.loss_cls: 0.1590  d4.loss_bbox: 0.1770  d4.loss_iou: 0.4497
2026/03/19 09:40:39 - mmengine - INFO - Epoch(train) [36][150/245]  base_lr: 5.8316e-05 lr: 5.8316e-06  eta: 1:54:04  time: 0.6183  data_time: 0.0043  memory: 10692  grad_norm: 98.7027  loss: 5.1321  loss_cls: 0.1458  loss_bbox: 0.1818  loss_iou: 0.4666  d0.loss_cls: 0.2593  d0.loss_bbox: 0.2127  d0.loss_iou: 0.5238  d1.loss_cls: 0.2052  d1.loss_bbox: 0.1948  d1.loss_iou: 0.4904  d2.loss_cls: 0.1711  d2.loss_bbox: 0.1889  d2.loss_iou: 0.4787  d3.loss_cls: 0.1516  d3.loss_bbox: 0.1867  d3.loss_iou: 0.4758  d4.loss_cls: 0.1465  d4.loss_bbox: 0.1835  d4.loss_iou: 0.4689
2026/03/19 09:41:10 - mmengine - INFO - Epoch(train) [36][200/245]  base_lr: 5.8316e-05 lr: 5.8316e-06  eta: 1:53:32  time: 0.6141  data_time: 0.0039  memory: 10692  grad_norm: 86.7795  loss: 5.0638  loss_cls: 0.1517  loss_bbox: 0.1786  loss_iou: 0.4537  d0.loss_cls: 0.2599  d0.loss_bbox: 0.2102  d0.loss_iou: 0.5135  d1.loss_cls: 0.2054  d1.loss_bbox: 0.1925  d1.loss_iou: 0.4791  d2.loss_cls: 0.1742  d2.loss_bbox: 0.1851  d2.loss_iou: 0.4670  d3.loss_cls: 0.1584  d3.loss_bbox: 0.1835  d3.loss_iou: 0.4618  d4.loss_cls: 0.1540  d4.loss_bbox: 0.1793  d4.loss_iou: 0.4557
2026/03/19 09:41:37 - mmengine - INFO - Exp name: detr_r50_ruod_120e_pretrained_20260319_080015
2026/03/19 09:41:40 - mmengine - INFO - Epoch(val) [36][ 50/245]    eta: 0:00:12  time: 0.0643  data_time: 0.0292  memory: 10692  
2026/03/19 09:41:44 - mmengine - INFO - Epoch(val) [36][100/245]    eta: 0:00:09  time: 0.0713  data_time: 0.0330  memory: 1187  
2026/03/19 09:41:46 - mmengine - INFO - Epoch(val) [36][150/245]    eta: 0:00:05  time: 0.0509  data_time: 0.0121  memory: 1187  
2026/03/19 09:41:49 - mmengine - INFO - Epoch(val) [36][200/245]    eta: 0:00:02  time: 0.0481  data_time: 0.0095  memory: 1187  
2026/03/19 09:41:53 - mmengine - INFO - Evaluating bbox...
2026/03/19 09:42:06 - mmengine - INFO - bbox_mAP_copypaste: 0.450 0.733 0.453 0.092 0.264 0.510
2026/03/19 09:42:06 - mmengine - INFO - Epoch(val) [36][245/245]    coco/bbox_mAP: 0.4500  coco/bbox_mAP_50: 0.7330  coco/bbox_mAP_75: 0.4530  coco/bbox_mAP_s: 0.0920  coco/bbox_mAP_m: 0.2640  coco/bbox_mAP_l: 0.5100  data_time: 0.0187  time: 0.0564
2026/03/19 09:42:06 - mmengine - INFO - The previous best checkpoint /workspace/aquaculture-perception/runs/mmdet/detr_r50_ruod_120e_pretrained/best_coco_bbox_mAP_epoch_34.pth is removed
2026/03/19 09:42:07 - mmengine - INFO - The best checkpoint with 0.4500 coco/bbox_mAP at 36 epoch is saved to best_coco_bbox_mAP_epoch_36.pth.
2026/03/19 09:42:38 - mmengine - INFO - Epoch(train) [37][ 50/245]  base_lr: 5.7013e-05 lr: 5.7013e-06  eta: 1:52:31  time: 0.6287  data_time: 0.0167  memory: 10692  grad_norm: 86.3264  loss: 4.8984  loss_cls: 0.1433  loss_bbox: 0.1743  loss_iou: 0.4336  d0.loss_cls: 0.2573  d0.loss_bbox: 0.2079  d0.loss_iou: 0.4956  d1.loss_cls: 0.2026  d1.loss_bbox: 0.1887  d1.loss_iou: 0.4623  d2.loss_cls: 0.1672  d2.loss_bbox: 0.1833  d2.loss_iou: 0.4515  d3.loss_cls: 0.1508  d3.loss_bbox: 0.1794  d3.loss_iou: 0.4438  d4.loss_cls: 0.1440  d4.loss_bbox: 0.1758  d4.loss_iou: 0.4371
2026/03/19 09:43:09 - mmengine - INFO - Epoch(train) [37][100/245]  base_lr: 5.7013e-05 lr: 5.7013e-06  eta: 1:51:59  time: 0.6188  data_time: 0.0043  memory: 10692  grad_norm: 86.2697  loss: 4.9390  loss_cls: 0.1454  loss_bbox: 0.1752  loss_iou: 0.4407  d0.loss_cls: 0.2568  d0.loss_bbox: 0.2074  d0.loss_iou: 0.4999  d1.loss_cls: 0.2008  d1.loss_bbox: 0.1892  d1.loss_iou: 0.4660  d2.loss_cls: 0.1694  d2.loss_bbox: 0.1826  d2.loss_iou: 0.4548  d3.loss_cls: 0.1526  d3.loss_bbox: 0.1802  d3.loss_iou: 0.4511  d4.loss_cls: 0.1468  d4.loss_bbox: 0.1768  d4.loss_iou: 0.4434
2026/03/19 09:43:40 - mmengine - INFO - Epoch(train) [37][150/245]  base_lr: 5.7013e-05 lr: 5.7013e-06  eta: 1:51:26  time: 0.6146  data_time: 0.0040  memory: 10692  grad_norm: 93.3609  loss: 5.1425  loss_cls: 0.1481  loss_bbox: 0.1773  loss_iou: 0.4677  d0.loss_cls: 0.2648  d0.loss_bbox: 0.2072  d0.loss_iou: 0.5301  d1.loss_cls: 0.2114  d1.loss_bbox: 0.1897  d1.loss_iou: 0.4918  d2.loss_cls: 0.1773  d2.loss_bbox: 0.1832  d2.loss_iou: 0.4794  d3.loss_cls: 0.1582  d3.loss_bbox: 0.1813  d3.loss_iou: 0.4763  d4.loss_cls: 0.1522  d4.loss_bbox: 0.1779  d4.loss_iou: 0.4687
2026/03/19 09:43:59 - mmengine - INFO - Exp name: detr_r50_ruod_120e_pretrained_20260319_080015
2026/03/19 09:44:11 - mmengine - INFO - Epoch(train) [37][200/245]  base_lr: 5.7013e-05 lr: 5.7013e-06  eta: 1:50:54  time: 0.6139  data_time: 0.0041  memory: 10692  grad_norm: 86.6689  loss: 5.1963  loss_cls: 0.1567  loss_bbox: 0.1780  loss_iou: 0.4674  d0.loss_cls: 0.2759  d0.loss_bbox: 0.2080  d0.loss_iou: 0.5296  d1.loss_cls: 0.2174  d1.loss_bbox: 0.1899  d1.loss_iou: 0.4940  d2.loss_cls: 0.1825  d2.loss_bbox: 0.1849  d2.loss_iou: 0.4826  d3.loss_cls: 0.1631  d3.loss_bbox: 0.1820  d3.loss_iou: 0.4775  d4.loss_cls: 0.1583  d4.loss_bbox: 0.1790  d4.loss_iou: 0.4696
2026/03/19 09:44:39 - mmengine - INFO - Exp name: detr_r50_ruod_120e_pretrained_20260319_080015
2026/03/19 09:45:11 - mmengine - INFO - Epoch(train) [38][ 50/245]  base_lr: 5.5711e-05 lr: 5.5711e-06  eta: 1:49:54  time: 0.6392  data_time: 0.0131  memory: 10692  grad_norm: 87.8335  loss: 5.0432  loss_cls: 0.1451  loss_bbox: 0.1759  loss_iou: 0.4543  d0.loss_cls: 0.2623  d0.loss_bbox: 0.2086  d0.loss_iou: 0.5177  d1.loss_cls: 0.2039  d1.loss_bbox: 0.1898  d1.loss_iou: 0.4807  d2.loss_cls: 0.1720  d2.loss_bbox: 0.1829  d2.loss_iou: 0.4705  d3.loss_cls: 0.1535  d3.loss_bbox: 0.1803  d3.loss_iou: 0.4637  d4.loss_cls: 0.1468  d4.loss_bbox: 0.1773  d4.loss_iou: 0.4578
2026/03/19 09:45:41 - mmengine - INFO - Epoch(train) [38][100/245]  base_lr: 5.5711e-05 lr: 5.5711e-06  eta: 1:49:22  time: 0.6097  data_time: 0.0037  memory: 10692  grad_norm: 88.6623  loss: 4.8584  loss_cls: 0.1406  loss_bbox: 0.1743  loss_iou: 0.4329  d0.loss_cls: 0.2482  d0.loss_bbox: 0.2076  d0.loss_iou: 0.4976  d1.loss_cls: 0.1919  d1.loss_bbox: 0.1887  d1.loss_iou: 0.4637  d2.loss_cls: 0.1628  d2.loss_bbox: 0.1813  d2.loss_iou: 0.4486  d3.loss_cls: 0.1467  d3.loss_bbox: 0.1788  d3.loss_iou: 0.4425  d4.loss_cls: 0.1417  d4.loss_bbox: 0.1756  d4.loss_iou: 0.4349
2026/03/19 09:46:12 - mmengine - INFO - Epoch(train) [38][150/245]  base_lr: 5.5711e-05 lr: 5.5711e-06  eta: 1:48:49  time: 0.6116  data_time: 0.0042  memory: 10692  grad_norm: 87.0265  loss: 5.0224  loss_cls: 0.1415  loss_bbox: 0.1729  loss_iou: 0.4558  d0.loss_cls: 0.2547  d0.loss_bbox: 0.2070  d0.loss_iou: 0.5235  d1.loss_cls: 0.2023  d1.loss_bbox: 0.1878  d1.loss_iou: 0.4842  d2.loss_cls: 0.1698  d2.loss_bbox: 0.1814  d2.loss_iou: 0.4717  d3.loss_cls: 0.1499  d3.loss_bbox: 0.1776  d3.loss_iou: 0.4659  d4.loss_cls: 0.1444  d4.loss_bbox: 0.1741  d4.loss_iou: 0.4581
2026/03/19 09:46:42 - mmengine - INFO - Epoch(train) [38][200/245]  base_lr: 5.5711e-05 lr: 5.5711e-06  eta: 1:48:17  time: 0.6094  data_time: 0.0039  memory: 10692  grad_norm: 94.9580  loss: 5.0148  loss_cls: 0.1438  loss_bbox: 0.1756  loss_iou: 0.4534  d0.loss_cls: 0.2578  d0.loss_bbox: 0.2055  d0.loss_iou: 0.5121  d1.loss_cls: 0.1999  d1.loss_bbox: 0.1901  d1.loss_iou: 0.4819  d2.loss_cls: 0.1715  d2.loss_bbox: 0.1827  d2.loss_iou: 0.4677  d3.loss_cls: 0.1521  d3.loss_bbox: 0.1792  d3.loss_iou: 0.4628  d4.loss_cls: 0.1465  d4.loss_bbox: 0.1763  d4.loss_iou: 0.4559
2026/03/19 09:47:09 - mmengine - INFO - Exp name: detr_r50_ruod_120e_pretrained_20260319_080015
2026/03/19 09:47:12 - mmengine - INFO - Epoch(val) [38][ 50/245]    eta: 0:00:12  time: 0.0632  data_time: 0.0275  memory: 10692  
2026/03/19 09:47:16 - mmengine - INFO - Epoch(val) [38][100/245]    eta: 0:00:09  time: 0.0672  data_time: 0.0292  memory: 1187  
2026/03/19 09:47:18 - mmengine - INFO - Epoch(val) [38][150/245]    eta: 0:00:05  time: 0.0481  data_time: 0.0100  memory: 1187  
2026/03/19 09:47:20 - mmengine - INFO - Epoch(val) [38][200/245]    eta: 0:00:02  time: 0.0484  data_time: 0.0103  memory: 1187  
2026/03/19 09:47:25 - mmengine - INFO - Evaluating bbox...
2026/03/19 09:47:38 - mmengine - INFO - bbox_mAP_copypaste: 0.445 0.733 0.444 0.105 0.254 0.506
2026/03/19 09:47:38 - mmengine - INFO - Epoch(val) [38][245/245]    coco/bbox_mAP: 0.4450  coco/bbox_mAP_50: 0.7330  coco/bbox_mAP_75: 0.4440  coco/bbox_mAP_s: 0.1050  coco/bbox_mAP_m: 0.2540  coco/bbox_mAP_l: 0.5060  data_time: 0.0174  time: 0.0548
2026/03/19 09:48:10 - mmengine - INFO - Epoch(train) [39][ 50/245]  base_lr: 5.4408e-05 lr: 5.4408e-06  eta: 1:47:16  time: 0.6396  data_time: 0.0143  memory: 10692  grad_norm: 89.8445  loss: 5.0644  loss_cls: 0.1472  loss_bbox: 0.1720  loss_iou: 0.4594  d0.loss_cls: 0.2584  d0.loss_bbox: 0.2050  d0.loss_iou: 0.5275  d1.loss_cls: 0.2058  d1.loss_bbox: 0.1856  d1.loss_iou: 0.4876  d2.loss_cls: 0.1728  d2.loss_bbox: 0.1793  d2.loss_iou: 0.4762  d3.loss_cls: 0.1541  d3.loss_bbox: 0.1771  d3.loss_iou: 0.4709  d4.loss_cls: 0.1492  d4.loss_bbox: 0.1734  d4.loss_iou: 0.4629
2026/03/19 09:48:41 - mmengine - INFO - Epoch(train) [39][100/245]  base_lr: 5.4408e-05 lr: 5.4408e-06  eta: 1:46:44  time: 0.6158  data_time: 0.0040  memory: 10692  grad_norm: 89.9442  loss: 5.0622  loss_cls: 0.1492  loss_bbox: 0.1758  loss_iou: 0.4557  d0.loss_cls: 0.2621  d0.loss_bbox: 0.2089  d0.loss_iou: 0.5172  d1.loss_cls: 0.2047  d1.loss_bbox: 0.1903  d1.loss_iou: 0.4825  d2.loss_cls: 0.1719  d2.loss_bbox: 0.1847  d2.loss_iou: 0.4731  d3.loss_cls: 0.1538  d3.loss_bbox: 0.1815  d3.loss_iou: 0.4655  d4.loss_cls: 0.1504  d4.loss_bbox: 0.1769  d4.loss_iou: 0.4579
2026/03/19 09:49:11 - mmengine - INFO - Epoch(train) [39][150/245]  base_lr: 5.4408e-05 lr: 5.4408e-06  eta: 1:46:12  time: 0.6172  data_time: 0.0042  memory: 10692  grad_norm: 86.4619  loss: 4.9099  loss_cls: 0.1402  loss_bbox: 0.1750  loss_iou: 0.4397  d0.loss_cls: 0.2452  d0.loss_bbox: 0.2102  d0.loss_iou: 0.5087  d1.loss_cls: 0.1940  d1.loss_bbox: 0.1896  d1.loss_iou: 0.4719  d2.loss_cls: 0.1604  d2.loss_bbox: 0.1826  d2.loss_iou: 0.4559  d3.loss_cls: 0.1440  d3.loss_bbox: 0.1805  d3.loss_iou: 0.4519  d4.loss_cls: 0.1401  d4.loss_bbox: 0.1765  d4.loss_iou: 0.4437
2026/03/19 09:49:42 - mmengine - INFO - Epoch(train) [39][200/245]  base_lr: 5.4408e-05 lr: 5.4408e-06  eta: 1:45:40  time: 0.6182  data_time: 0.0038  memory: 10692  grad_norm: 81.3813  loss: 4.9489  loss_cls: 0.1430  loss_bbox: 0.1716  loss_iou: 0.4451  d0.loss_cls: 0.2544  d0.loss_bbox: 0.2046  d0.loss_iou: 0.5104  d1.loss_cls: 0.1996  d1.loss_bbox: 0.1850  d1.loss_iou: 0.4740  d2.loss_cls: 0.1674  d2.loss_bbox: 0.1790  d2.loss_iou: 0.4625  d3.loss_cls: 0.1519  d3.loss_bbox: 0.1762  d3.loss_iou: 0.4568  d4.loss_cls: 0.1467  d4.loss_bbox: 0.1724  d4.loss_iou: 0.4479
2026/03/19 09:50:09 - mmengine - INFO - Exp name: detr_r50_ruod_120e_pretrained_20260319_080015
2026/03/19 09:50:42 - mmengine - INFO - Epoch(train) [40][ 50/245]  base_lr: 5.3105e-05 lr: 5.3105e-06  eta: 1:44:40  time: 0.6473  data_time: 0.0139  memory: 10692  grad_norm: 97.0708  loss: 4.8536  loss_cls: 0.1367  loss_bbox: 0.1689  loss_iou: 0.4396  d0.loss_cls: 0.2486  d0.loss_bbox: 0.2020  d0.loss_iou: 0.5036  d1.loss_cls: 0.1913  d1.loss_bbox: 0.1837  d1.loss_iou: 0.4687  d2.loss_cls: 0.1608  d2.loss_bbox: 0.1768  d2.loss_iou: 0.4553  d3.loss_cls: 0.1442  d3.loss_bbox: 0.1737  d3.loss_iou: 0.4492  d4.loss_cls: 0.1386  d4.loss_bbox: 0.1702  d4.loss_iou: 0.4417
2026/03/19 09:51:13 - mmengine - INFO - Epoch(train) [40][100/245]  base_lr: 5.3105e-05 lr: 5.3105e-06  eta: 1:44:08  time: 0.6238  data_time: 0.0042  memory: 10692  grad_norm: 85.9856  loss: 5.0063  loss_cls: 0.1419  loss_bbox: 0.1691  loss_iou: 0.4604  d0.loss_cls: 0.2553  d0.loss_bbox: 0.2006  d0.loss_iou: 0.5238  d1.loss_cls: 0.1986  d1.loss_bbox: 0.1829  d1.loss_iou: 0.4865  d2.loss_cls: 0.1638  d2.loss_bbox: 0.1766  d2.loss_iou: 0.4759  d3.loss_cls: 0.1491  d3.loss_bbox: 0.1742  d3.loss_iou: 0.4695  d4.loss_cls: 0.1434  d4.loss_bbox: 0.1711  d4.loss_iou: 0.4634
2026/03/19 09:51:44 - mmengine - INFO - Epoch(train) [40][150/245]  base_lr: 5.3105e-05 lr: 5.3105e-06  eta: 1:43:36  time: 0.6208  data_time: 0.0043  memory: 10692  grad_norm: 87.2157  loss: 5.0067  loss_cls: 0.1387  loss_bbox: 0.1791  loss_iou: 0.4523  d0.loss_cls: 0.2533  d0.loss_bbox: 0.2115  d0.loss_iou: 0.5174  d1.loss_cls: 0.1968  d1.loss_bbox: 0.1926  d1.loss_iou: 0.4789  d2.loss_cls: 0.1650  d2.loss_bbox: 0.1863  d2.loss_iou: 0.4674  d3.loss_cls: 0.1476  d3.loss_bbox: 0.1835  d3.loss_iou: 0.4605  d4.loss_cls: 0.1402  d4.loss_bbox: 0.1805  d4.loss_iou: 0.4550
2026/03/19 09:52:15 - mmengine - INFO - Epoch(train) [40][200/245]  base_lr: 5.3105e-05 lr: 5.3105e-06  eta: 1:43:04  time: 0.6176  data_time: 0.0040  memory: 10692  grad_norm: 80.4151  loss: 4.9161  loss_cls: 0.1358  loss_bbox: 0.1732  loss_iou: 0.4461  d0.loss_cls: 0.2504  d0.loss_bbox: 0.2047  d0.loss_iou: 0.5078  d1.loss_cls: 0.1934  d1.loss_bbox: 0.1876  d1.loss_iou: 0.4766  d2.loss_cls: 0.1573  d2.loss_bbox: 0.1809  d2.loss_iou: 0.4651  d3.loss_cls: 0.1409  d3.loss_bbox: 0.1783  d3.loss_iou: 0.4576  d4.loss_cls: 0.1373  d4.loss_bbox: 0.1742  d4.loss_iou: 0.4488
2026/03/19 09:52:42 - mmengine - INFO - Exp name: detr_r50_ruod_120e_pretrained_20260319_080015
2026/03/19 09:52:45 - mmengine - INFO - Epoch(val) [40][ 50/245]    eta: 0:00:12  time: 0.0636  data_time: 0.0287  memory: 10692  
2026/03/19 09:52:49 - mmengine - INFO - Epoch(val) [40][100/245]    eta: 0:00:09  time: 0.0709  data_time: 0.0332  memory: 1187  
2026/03/19 09:52:51 - mmengine - INFO - Epoch(val) [40][150/245]    eta: 0:00:05  time: 0.0513  data_time: 0.0104  memory: 1187  
2026/03/19 09:52:54 - mmengine - INFO - Epoch(val) [40][200/245]    eta: 0:00:02  time: 0.0488  data_time: 0.0097  memory: 1187  
2026/03/19 09:52:59 - mmengine - INFO - Evaluating bbox...
2026/03/19 09:53:11 - mmengine - INFO - bbox_mAP_copypaste: 0.452 0.736 0.453 0.113 0.272 0.513
2026/03/19 09:53:12 - mmengine - INFO - Epoch(val) [40][245/245]    coco/bbox_mAP: 0.4520  coco/bbox_mAP_50: 0.7360  coco/bbox_mAP_75: 0.4530  coco/bbox_mAP_s: 0.1130  coco/bbox_mAP_m: 0.2720  coco/bbox_mAP_l: 0.5130  data_time: 0.0185  time: 0.0568
2026/03/19 09:53:12 - mmengine - INFO - The previous best checkpoint /workspace/aquaculture-perception/runs/mmdet/detr_r50_ruod_120e_pretrained/best_coco_bbox_mAP_epoch_36.pth is removed
2026/03/19 09:53:13 - mmengine - INFO - The best checkpoint with 0.4520 coco/bbox_mAP at 40 epoch is saved to best_coco_bbox_mAP_epoch_40.pth.
2026/03/19 09:53:45 - mmengine - INFO - Epoch(train) [41][ 50/245]  base_lr: 5.1803e-05 lr: 5.1803e-06  eta: 1:42:05  time: 0.6516  data_time: 0.0131  memory: 10692  grad_norm: 91.2471  loss: 4.7586  loss_cls: 0.1324  loss_bbox: 0.1650  loss_iou: 0.4313  d0.loss_cls: 0.2510  d0.loss_bbox: 0.1974  d0.loss_iou: 0.4922  d1.loss_cls: 0.1915  d1.loss_bbox: 0.1798  d1.loss_iou: 0.4573  d2.loss_cls: 0.1591  d2.loss_bbox: 0.1719  d2.loss_iou: 0.4459  d3.loss_cls: 0.1382  d3.loss_bbox: 0.1700  d3.loss_iou: 0.4417  d4.loss_cls: 0.1334  d4.loss_bbox: 0.1666  d4.loss_iou: 0.4340
2026/03/19 09:54:16 - mmengine - INFO - Epoch(train) [41][100/245]  base_lr: 5.1803e-05 lr: 5.1803e-06  eta: 1:41:33  time: 0.6243  data_time: 0.0041  memory: 10692  grad_norm: 96.9433  loss: 4.9087  loss_cls: 0.1393  loss_bbox: 0.1669  loss_iou: 0.4475  d0.loss_cls: 0.2539  d0.loss_bbox: 0.1992  d0.loss_iou: 0.5121  d1.loss_cls: 0.1959  d1.loss_bbox: 0.1819  d1.loss_iou: 0.4753  d2.loss_cls: 0.1638  d2.loss_bbox: 0.1747  d2.loss_iou: 0.4646  d3.loss_cls: 0.1457  d3.loss_bbox: 0.1714  d3.loss_iou: 0.4588  d4.loss_cls: 0.1401  d4.loss_bbox: 0.1681  d4.loss_iou: 0.4495
2026/03/19 09:54:48 - mmengine - INFO - Epoch(train) [41][150/245]  base_lr: 5.1803e-05 lr: 5.1803e-06  eta: 1:41:02  time: 0.6238  data_time: 0.0044  memory: 10692  grad_norm: 84.3023  loss: 4.8466  loss_cls: 0.1353  loss_bbox: 0.1674  loss_iou: 0.4381  d0.loss_cls: 0.2519  d0.loss_bbox: 0.1996  d0.loss_iou: 0.5045  d1.loss_cls: 0.1902  d1.loss_bbox: 0.1820  d1.loss_iou: 0.4692  d2.loss_cls: 0.1595  d2.loss_bbox: 0.1762  d2.loss_iou: 0.4569  d3.loss_cls: 0.1434  d3.loss_bbox: 0.1735  d3.loss_iou: 0.4509  d4.loss_cls: 0.1380  d4.loss_bbox: 0.1688  d4.loss_iou: 0.4412
2026/03/19 09:55:19 - mmengine - INFO - Exp name: detr_r50_ruod_120e_pretrained_20260319_080015
2026/03/19 09:55:19 - mmengine - INFO - Epoch(train) [41][200/245]  base_lr: 5.1803e-05 lr: 5.1803e-06  eta: 1:40:30  time: 0.6278  data_time: 0.0042  memory: 10692  grad_norm: 112.7757  loss: 4.9635  loss_cls: 0.1382  loss_bbox: 0.1729  loss_iou: 0.4526  d0.loss_cls: 0.2490  d0.loss_bbox: 0.2047  d0.loss_iou: 0.5181  d1.loss_cls: 0.1939  d1.loss_bbox: 0.1870  d1.loss_iou: 0.4797  d2.loss_cls: 0.1636  d2.loss_bbox: 0.1800  d2.loss_iou: 0.4680  d3.loss_cls: 0.1452  d3.loss_bbox: 0.1777  d3.loss_iou: 0.4636  d4.loss_cls: 0.1407  d4.loss_bbox: 0.1739  d4.loss_iou: 0.4547
2026/03/19 09:55:46 - mmengine - INFO - Exp name: detr_r50_ruod_120e_pretrained_20260319_080015
2026/03/19 09:56:19 - mmengine - INFO - Epoch(train) [42][ 50/245]  base_lr: 5.0500e-05 lr: 5.0500e-06  eta: 1:39:31  time: 0.6531  data_time: 0.0176  memory: 10692  grad_norm: 89.7930  loss: 4.9307  loss_cls: 0.1385  loss_bbox: 0.1677  loss_iou: 0.4507  d0.loss_cls: 0.2534  d0.loss_bbox: 0.2007  d0.loss_iou: 0.5150  d1.loss_cls: 0.1949  d1.loss_bbox: 0.1821  d1.loss_iou: 0.4793  d2.loss_cls: 0.1628  d2.loss_bbox: 0.1762  d2.loss_iou: 0.4675  d3.loss_cls: 0.1458  d3.loss_bbox: 0.1729  d3.loss_iou: 0.4602  d4.loss_cls: 0.1400  d4.loss_bbox: 0.1694  d4.loss_iou: 0.4539
2026/03/19 09:56:50 - mmengine - INFO - Epoch(train) [42][100/245]  base_lr: 5.0500e-05 lr: 5.0500e-06  eta: 1:38:59  time: 0.6293  data_time: 0.0042  memory: 10692  grad_norm: 89.9896  loss: 4.8138  loss_cls: 0.1309  loss_bbox: 0.1674  loss_iou: 0.4407  d0.loss_cls: 0.2453  d0.loss_bbox: 0.1988  d0.loss_iou: 0.5056  d1.loss_cls: 0.1870  d1.loss_bbox: 0.1815  d1.loss_iou: 0.4696  d2.loss_cls: 0.1535  d2.loss_bbox: 0.1749  d2.loss_iou: 0.4568  d3.loss_cls: 0.1351  d3.loss_bbox: 0.1721  d3.loss_iou: 0.4517  d4.loss_cls: 0.1316  d4.loss_bbox: 0.1685  d4.loss_iou: 0.4429
2026/03/19 09:57:21 - mmengine - INFO - Epoch(train) [42][150/245]  base_lr: 5.0500e-05 lr: 5.0500e-06  eta: 1:38:28  time: 0.6202  data_time: 0.0038  memory: 10692  grad_norm: 92.7585  loss: 4.7636  loss_cls: 0.1318  loss_bbox: 0.1662  loss_iou: 0.4279  d0.loss_cls: 0.2484  d0.loss_bbox: 0.1985  d0.loss_iou: 0.4955  d1.loss_cls: 0.1922  d1.loss_bbox: 0.1815  d1.loss_iou: 0.4606  d2.loss_cls: 0.1566  d2.loss_bbox: 0.1747  d2.loss_iou: 0.4466  d3.loss_cls: 0.1394  d3.loss_bbox: 0.1712  d3.loss_iou: 0.4395  d4.loss_cls: 0.1339  d4.loss_bbox: 0.1675  d4.loss_iou: 0.4315
2026/03/19 09:57:53 - mmengine - INFO - Epoch(train) [42][200/245]  base_lr: 5.0500e-05 lr: 5.0500e-06  eta: 1:37:56  time: 0.6258  data_time: 0.0046  memory: 10692  grad_norm: 84.4077  loss: 4.7782  loss_cls: 0.1340  loss_bbox: 0.1683  loss_iou: 0.4311  d0.loss_cls: 0.2450  d0.loss_bbox: 0.2011  d0.loss_iou: 0.4945  d1.loss_cls: 0.1885  d1.loss_bbox: 0.1831  d1.loss_iou: 0.4587  d2.loss_cls: 0.1591  d2.loss_bbox: 0.1752  d2.loss_iou: 0.4468  d3.loss_cls: 0.1387  d3.loss_bbox: 0.1736  d3.loss_iou: 0.4426  d4.loss_cls: 0.1350  d4.loss_bbox: 0.1690  d4.loss_iou: 0.4337
2026/03/19 09:58:20 - mmengine - INFO - Exp name: detr_r50_ruod_120e_pretrained_20260319_080015
2026/03/19 09:58:24 - mmengine - INFO - Epoch(val) [42][ 50/245]    eta: 0:00:13  time: 0.0695  data_time: 0.0325  memory: 10692  
2026/03/19 09:58:27 - mmengine - INFO - Epoch(val) [42][100/245]    eta: 0:00:10  time: 0.0703  data_time: 0.0308  memory: 1187  
2026/03/19 09:58:30 - mmengine - INFO - Epoch(val) [42][150/245]    eta: 0:00:06  time: 0.0517  data_time: 0.0113  memory: 1187  
2026/03/19 09:58:32 - mmengine - INFO - Epoch(val) [42][200/245]    eta: 0:00:02  time: 0.0512  data_time: 0.0107  memory: 1187  
2026/03/19 09:58:37 - mmengine - INFO - Evaluating bbox...
2026/03/19 09:58:50 - mmengine - INFO - bbox_mAP_copypaste: 0.456 0.737 0.457 0.107 0.258 0.519
2026/03/19 09:58:50 - mmengine - INFO - Epoch(val) [42][245/245]    coco/bbox_mAP: 0.4560  coco/bbox_mAP_50: 0.7370  coco/bbox_mAP_75: 0.4570  coco/bbox_mAP_s: 0.1070  coco/bbox_mAP_m: 0.2580  coco/bbox_mAP_l: 0.5190  data_time: 0.0192  time: 0.0587
2026/03/19 09:58:50 - mmengine - INFO - The previous best checkpoint /workspace/aquaculture-perception/runs/mmdet/detr_r50_ruod_120e_pretrained/best_coco_bbox_mAP_epoch_40.pth is removed
2026/03/19 09:58:51 - mmengine - INFO - The best checkpoint with 0.4560 coco/bbox_mAP at 42 epoch is saved to best_coco_bbox_mAP_epoch_42.pth.
2026/03/19 09:59:24 - mmengine - INFO - Epoch(train) [43][ 50/245]  base_lr: 4.9197e-05 lr: 4.9197e-06  eta: 1:36:57  time: 0.6606  data_time: 0.0147  memory: 10692  grad_norm: 94.6705  loss: 4.6687  loss_cls: 0.1220  loss_bbox: 0.1654  loss_iou: 0.4268  d0.loss_cls: 0.2371  d0.loss_bbox: 0.1978  d0.loss_iou: 0.4916  d1.loss_cls: 0.1795  d1.loss_bbox: 0.1793  d1.loss_iou: 0.4513  d2.loss_cls: 0.1467  d2.loss_bbox: 0.1725  d2.loss_iou: 0.4429  d3.loss_cls: 0.1280  d3.loss_bbox: 0.1711  d3.loss_iou: 0.4374  d4.loss_cls: 0.1233  d4.loss_bbox: 0.1668  d4.loss_iou: 0.4292
2026/03/19 09:59:55 - mmengine - INFO - Epoch(train) [43][100/245]  base_lr: 4.9197e-05 lr: 4.9197e-06  eta: 1:36:25  time: 0.6167  data_time: 0.0040  memory: 10692  grad_norm: 94.8255  loss: 4.8135  loss_cls: 0.1259  loss_bbox: 0.1679  loss_iou: 0.4406  d0.loss_cls: 0.2442  d0.loss_bbox: 0.2009  d0.loss_iou: 0.5059  d1.loss_cls: 0.1879  d1.loss_bbox: 0.1821  d1.loss_iou: 0.4697  d2.loss_cls: 0.1536  d2.loss_bbox: 0.1759  d2.loss_iou: 0.4568  d3.loss_cls: 0.1358  d3.loss_bbox: 0.1736  d3.loss_iou: 0.4506  d4.loss_cls: 0.1290  d4.loss_bbox: 0.1693  d4.loss_iou: 0.4437
2026/03/19 10:00:26 - mmengine - INFO - Epoch(train) [43][150/245]  base_lr: 4.9197e-05 lr: 4.9197e-06  eta: 1:35:54  time: 0.6284  data_time: 0.0044  memory: 10692  grad_norm: 90.3547  loss: 4.8822  loss_cls: 0.1368  loss_bbox: 0.1676  loss_iou: 0.4472  d0.loss_cls: 0.2449  d0.loss_bbox: 0.1978  d0.loss_iou: 0.5083  d1.loss_cls: 0.1911  d1.loss_bbox: 0.1820  d1.loss_iou: 0.4757  d2.loss_cls: 0.1595  d2.loss_bbox: 0.1756  d2.loss_iou: 0.4643  d3.loss_cls: 0.1437  d3.loss_bbox: 0.1723  d3.loss_iou: 0.4580  d4.loss_cls: 0.1385  d4.loss_bbox: 0.1689  d4.loss_iou: 0.4501
2026/03/19 10:00:58 - mmengine - INFO - Epoch(train) [43][200/245]  base_lr: 4.9197e-05 lr: 4.9197e-06  eta: 1:35:22  time: 0.6287  data_time: 0.0043  memory: 10692  grad_norm: 86.7071  loss: 4.8661  loss_cls: 0.1307  loss_bbox: 0.1691  loss_iou: 0.4464  d0.loss_cls: 0.2459  d0.loss_bbox: 0.2020  d0.loss_iou: 0.5100  d1.loss_cls: 0.1896  d1.loss_bbox: 0.1836  d1.loss_iou: 0.4734  d2.loss_cls: 0.1550  d2.loss_bbox: 0.1780  d2.loss_iou: 0.4622  d3.loss_cls: 0.1385  d3.loss_bbox: 0.1744  d3.loss_iou: 0.4551  d4.loss_cls: 0.1334  d4.loss_bbox: 0.1704  d4.loss_iou: 0.4487
2026/03/19 10:01:25 - mmengine - INFO - Exp name: detr_r50_ruod_120e_pretrained_20260319_080015
2026/03/19 10:01:58 - mmengine - INFO - Epoch(train) [44][ 50/245]  base_lr: 4.7895e-05 lr: 4.7895e-06  eta: 1:34:23  time: 0.6499  data_time: 0.0142  memory: 10692  grad_norm: 87.6244  loss: 4.7209  loss_cls: 0.1277  loss_bbox: 0.1627  loss_iou: 0.4309  d0.loss_cls: 0.2452  d0.loss_bbox: 0.1960  d0.loss_iou: 0.4945  d1.loss_cls: 0.1850  d1.loss_bbox: 0.1776  d1.loss_iou: 0.4606  d2.loss_cls: 0.1511  d2.loss_bbox: 0.1716  d2.loss_iou: 0.4467  d3.loss_cls: 0.1355  d3.loss_bbox: 0.1675  d3.loss_iou: 0.4410  d4.loss_cls: 0.1297  d4.loss_bbox: 0.1638  d4.loss_iou: 0.4337
2026/03/19 10:02:29 - mmengine - INFO - Epoch(train) [44][100/245]  base_lr: 4.7895e-05 lr: 4.7895e-06  eta: 1:33:52  time: 0.6270  data_time: 0.0042  memory: 10692  grad_norm: 85.6665  loss: 4.7970  loss_cls: 0.1346  loss_bbox: 0.1657  loss_iou: 0.4359  d0.loss_cls: 0.2476  d0.loss_bbox: 0.1969  d0.loss_iou: 0.5008  d1.loss_cls: 0.1893  d1.loss_bbox: 0.1805  d1.loss_iou: 0.4655  d2.loss_cls: 0.1556  d2.loss_bbox: 0.1736  d2.loss_iou: 0.4531  d3.loss_cls: 0.1393  d3.loss_bbox: 0.1704  d3.loss_iou: 0.4476  d4.loss_cls: 0.1349  d4.loss_bbox: 0.1669  d4.loss_iou: 0.4389
2026/03/19 10:03:00 - mmengine - INFO - Epoch(train) [44][150/245]  base_lr: 4.7895e-05 lr: 4.7895e-06  eta: 1:33:20  time: 0.6217  data_time: 0.0050  memory: 10692  grad_norm: 89.3545  loss: 4.7126  loss_cls: 0.1182  loss_bbox: 0.1666  loss_iou: 0.4361  d0.loss_cls: 0.2324  d0.loss_bbox: 0.1997  d0.loss_iou: 0.5025  d1.loss_cls: 0.1757  d1.loss_bbox: 0.1809  d1.loss_iou: 0.4624  d2.loss_cls: 0.1426  d2.loss_bbox: 0.1741  d2.loss_iou: 0.4540  d3.loss_cls: 0.1247  d3.loss_bbox: 0.1712  d3.loss_iou: 0.4463  d4.loss_cls: 0.1207  d4.loss_bbox: 0.1674  d4.loss_iou: 0.4370
2026/03/19 10:03:32 - mmengine - INFO - Epoch(train) [44][200/245]  base_lr: 4.7895e-05 lr: 4.7895e-06  eta: 1:32:49  time: 0.6298  data_time: 0.0043  memory: 10692  grad_norm: 85.1951  loss: 4.8784  loss_cls: 0.1312  loss_bbox: 0.1695  loss_iou: 0.4487  d0.loss_cls: 0.2439  d0.loss_bbox: 0.2024  d0.loss_iou: 0.5121  d1.loss_cls: 0.1848  d1.loss_bbox: 0.1836  d1.loss_iou: 0.4790  d2.loss_cls: 0.1537  d2.loss_bbox: 0.1768  d2.loss_iou: 0.4651  d3.loss_cls: 0.1377  d3.loss_bbox: 0.1744  d3.loss_iou: 0.4597  d4.loss_cls: 0.1321  d4.loss_bbox: 0.1709  d4.loss_iou: 0.4528
2026/03/19 10:03:59 - mmengine - INFO - Exp name: detr_r50_ruod_120e_pretrained_20260319_080015
2026/03/19 10:04:03 - mmengine - INFO - Epoch(val) [44][ 50/245]    eta: 0:00:13  time: 0.0691  data_time: 0.0321  memory: 10692  
2026/03/19 10:04:06 - mmengine - INFO - Epoch(val) [44][100/245]    eta: 0:00:10  time: 0.0738  data_time: 0.0345  memory: 1187  
2026/03/19 10:04:09 - mmengine - INFO - Epoch(val) [44][150/245]    eta: 0:00:06  time: 0.0498  data_time: 0.0104  memory: 1187  
2026/03/19 10:04:11 - mmengine - INFO - Epoch(val) [44][200/245]    eta: 0:00:02  time: 0.0496  data_time: 0.0106  memory: 1187  
2026/03/19 10:04:16 - mmengine - INFO - Evaluating bbox...
2026/03/19 10:04:29 - mmengine - INFO - bbox_mAP_copypaste: 0.458 0.740 0.460 0.103 0.264 0.522
2026/03/19 10:04:29 - mmengine - INFO - Epoch(val) [44][245/245]    coco/bbox_mAP: 0.4580  coco/bbox_mAP_50: 0.7400  coco/bbox_mAP_75: 0.4600  coco/bbox_mAP_s: 0.1030  coco/bbox_mAP_m: 0.2640  coco/bbox_mAP_l: 0.5220  data_time: 0.0204  time: 0.0590
2026/03/19 10:04:29 - mmengine - INFO - The previous best checkpoint /workspace/aquaculture-perception/runs/mmdet/detr_r50_ruod_120e_pretrained/best_coco_bbox_mAP_epoch_42.pth is removed
2026/03/19 10:04:30 - mmengine - INFO - The best checkpoint with 0.4580 coco/bbox_mAP at 44 epoch is saved to best_coco_bbox_mAP_epoch_44.pth.
2026/03/19 10:05:03 - mmengine - INFO - Epoch(train) [45][ 50/245]  base_lr: 4.6592e-05 lr: 4.6592e-06  eta: 1:31:49  time: 0.6554  data_time: 0.0176  memory: 10692  grad_norm: 86.4546  loss: 4.7880  loss_cls: 0.1254  loss_bbox: 0.1664  loss_iou: 0.4411  d0.loss_cls: 0.2343  d0.loss_bbox: 0.2019  d0.loss_iou: 0.5102  d1.loss_cls: 0.1813  d1.loss_bbox: 0.1816  d1.loss_iou: 0.4716  d2.loss_cls: 0.1490  d2.loss_bbox: 0.1740  d2.loss_iou: 0.4574  d3.loss_cls: 0.1331  d3.loss_bbox: 0.1714  d3.loss_iou: 0.4520  d4.loss_cls: 0.1272  d4.loss_bbox: 0.1676  d4.loss_iou: 0.4426
2026/03/19 10:05:34 - mmengine - INFO - Epoch(train) [45][100/245]  base_lr: 4.6592e-05 lr: 4.6592e-06  eta: 1:31:18  time: 0.6274  data_time: 0.0045  memory: 10692  grad_norm: 87.4827  loss: 4.6658  loss_cls: 0.1182  loss_bbox: 0.1647  loss_iou: 0.4295  d0.loss_cls: 0.2326  d0.loss_bbox: 0.1973  d0.loss_iou: 0.4922  d1.loss_cls: 0.1756  d1.loss_bbox: 0.1801  d1.loss_iou: 0.4587  d2.loss_cls: 0.1409  d2.loss_bbox: 0.1741  d2.loss_iou: 0.4465  d3.loss_cls: 0.1260  d3.loss_bbox: 0.1706  d3.loss_iou: 0.4409  d4.loss_cls: 0.1199  d4.loss_bbox: 0.1662  d4.loss_iou: 0.4319
2026/03/19 10:06:06 - mmengine - INFO - Epoch(train) [45][150/245]  base_lr: 4.6592e-05 lr: 4.6592e-06  eta: 1:30:46  time: 0.6280  data_time: 0.0043  memory: 10692  grad_norm: 81.5032  loss: 4.7078  loss_cls: 0.1238  loss_bbox: 0.1606  loss_iou: 0.4339  d0.loss_cls: 0.2389  d0.loss_bbox: 0.1938  d0.loss_iou: 0.4997  d1.loss_cls: 0.1814  d1.loss_bbox: 0.1763  d1.loss_iou: 0.4661  d2.loss_cls: 0.1479  d2.loss_bbox: 0.1694  d2.loss_iou: 0.4519  d3.loss_cls: 0.1295  d3.loss_bbox: 0.1660  d3.loss_iou: 0.4451  d4.loss_cls: 0.1243  d4.loss_bbox: 0.1623  d4.loss_iou: 0.4369
2026/03/19 10:06:37 - mmengine - INFO - Epoch(train) [45][200/245]  base_lr: 4.6592e-05 lr: 4.6592e-06  eta: 1:30:15  time: 0.6199  data_time: 0.0042  memory: 10692  grad_norm: 92.9866  loss: 4.7692  loss_cls: 0.1331  loss_bbox: 0.1648  loss_iou: 0.4313  d0.loss_cls: 0.2485  d0.loss_bbox: 0.1983  d0.loss_iou: 0.4952  d1.loss_cls: 0.1915  d1.loss_bbox: 0.1785  d1.loss_iou: 0.4595  d2.loss_cls: 0.1589  d2.loss_bbox: 0.1725  d2.loss_iou: 0.4494  d3.loss_cls: 0.1385  d3.loss_bbox: 0.1698  d3.loss_iou: 0.4434  d4.loss_cls: 0.1346  d4.loss_bbox: 0.1663  d4.loss_iou: 0.4350
2026/03/19 10:06:49 - mmengine - INFO - Exp name: detr_r50_ruod_120e_pretrained_20260319_080015
2026/03/19 10:07:04 - mmengine - INFO - Exp name: detr_r50_ruod_120e_pretrained_20260319_080015
2026/03/19 10:07:37 - mmengine - INFO - Epoch(train) [46][ 50/245]  base_lr: 4.5289e-05 lr: 4.5289e-06  eta: 1:29:15  time: 0.6542  data_time: 0.0141  memory: 10692  grad_norm: 79.9508  loss: 4.6429  loss_cls: 0.1193  loss_bbox: 0.1635  loss_iou: 0.4269  d0.loss_cls: 0.2350  d0.loss_bbox: 0.1944  d0.loss_iou: 0.4900  d1.loss_cls: 0.1754  d1.loss_bbox: 0.1780  d1.loss_iou: 0.4533  d2.loss_cls: 0.1428  d2.loss_bbox: 0.1711  d2.loss_iou: 0.4441  d3.loss_cls: 0.1265  d3.loss_bbox: 0.1686  d3.loss_iou: 0.4383  d4.loss_cls: 0.1200  d4.loss_bbox: 0.1652  d4.loss_iou: 0.4307
2026/03/19 10:08:08 - mmengine - INFO - Epoch(train) [46][100/245]  base_lr: 4.5289e-05 lr: 4.5289e-06  eta: 1:28:44  time: 0.6255  data_time: 0.0047  memory: 10692  grad_norm: 85.2364  loss: 4.6493  loss_cls: 0.1209  loss_bbox: 0.1638  loss_iou: 0.4245  d0.loss_cls: 0.2376  d0.loss_bbox: 0.1943  d0.loss_iou: 0.4895  d1.loss_cls: 0.1810  d1.loss_bbox: 0.1769  d1.loss_iou: 0.4537  d2.loss_cls: 0.1469  d2.loss_bbox: 0.1709  d2.loss_iou: 0.4413  d3.loss_cls: 0.1300  d3.loss_bbox: 0.1678  d3.loss_iou: 0.4340  d4.loss_cls: 0.1241  d4.loss_bbox: 0.1647  d4.loss_iou: 0.4275
2026/03/19 10:08:39 - mmengine - INFO - Epoch(train) [46][150/245]  base_lr: 4.5289e-05 lr: 4.5289e-06  eta: 1:28:12  time: 0.6253  data_time: 0.0045  memory: 10692  grad_norm: 100.4042  loss: 4.7826  loss_cls: 0.1302  loss_bbox: 0.1636  loss_iou: 0.4390  d0.loss_cls: 0.2372  d0.loss_bbox: 0.1985  d0.loss_iou: 0.5080  d1.loss_cls: 0.1804  d1.loss_bbox: 0.1797  d1.loss_iou: 0.4711  d2.loss_cls: 0.1512  d2.loss_bbox: 0.1718  d2.loss_iou: 0.4578  d3.loss_cls: 0.1340  d3.loss_bbox: 0.1692  d3.loss_iou: 0.4512  d4.loss_cls: 0.1323  d4.loss_bbox: 0.1653  d4.loss_iou: 0.4421
2026/03/19 10:09:11 - mmengine - INFO - Epoch(train) [46][200/245]  base_lr: 4.5289e-05 lr: 4.5289e-06  eta: 1:27:41  time: 0.6306  data_time: 0.0044  memory: 10692  grad_norm: 85.6065  loss: 4.6729  loss_cls: 0.1220  loss_bbox: 0.1600  loss_iou: 0.4295  d0.loss_cls: 0.2397  d0.loss_bbox: 0.1950  d0.loss_iou: 0.4968  d1.loss_cls: 0.1823  d1.loss_bbox: 0.1760  d1.loss_iou: 0.4589  d2.loss_cls: 0.1477  d2.loss_bbox: 0.1685  d2.loss_iou: 0.4463  d3.loss_cls: 0.1292  d3.loss_bbox: 0.1645  d3.loss_iou: 0.4398  d4.loss_cls: 0.1229  d4.loss_bbox: 0.1614  d4.loss_iou: 0.4323
2026/03/19 10:09:38 - mmengine - INFO - Exp name: detr_r50_ruod_120e_pretrained_20260319_080015
2026/03/19 10:09:42 - mmengine - INFO - Epoch(val) [46][ 50/245]    eta: 0:00:13  time: 0.0684  data_time: 0.0318  memory: 10692  
2026/03/19 10:09:45 - mmengine - INFO - Epoch(val) [46][100/245]    eta: 0:00:09  time: 0.0683  data_time: 0.0289  memory: 1187  
2026/03/19 10:09:48 - mmengine - INFO - Epoch(val) [46][150/245]    eta: 0:00:05  time: 0.0514  data_time: 0.0106  memory: 1187  
2026/03/19 10:09:50 - mmengine - INFO - Epoch(val) [46][200/245]    eta: 0:00:02  time: 0.0505  data_time: 0.0103  memory: 1187  
2026/03/19 10:09:55 - mmengine - INFO - Evaluating bbox...
2026/03/19 10:10:08 - mmengine - INFO - bbox_mAP_copypaste: 0.453 0.737 0.453 0.119 0.260 0.515
2026/03/19 10:10:09 - mmengine - INFO - Epoch(val) [46][245/245]    coco/bbox_mAP: 0.4530  coco/bbox_mAP_50: 0.7370  coco/bbox_mAP_75: 0.4530  coco/bbox_mAP_s: 0.1190  coco/bbox_mAP_m: 0.2600  coco/bbox_mAP_l: 0.5150  data_time: 0.0184  time: 0.0576
2026/03/19 10:10:41 - mmengine - INFO - Epoch(train) [47][ 50/245]  base_lr: 4.3987e-05 lr: 4.3987e-06  eta: 1:26:41  time: 0.6466  data_time: 0.0123  memory: 10692  grad_norm: 81.5034  loss: 4.6791  loss_cls: 0.1210  loss_bbox: 0.1612  loss_iou: 0.4330  d0.loss_cls: 0.2350  d0.loss_bbox: 0.1916  d0.loss_iou: 0.4976  d1.loss_cls: 0.1777  d1.loss_bbox: 0.1745  d1.loss_iou: 0.4648  d2.loss_cls: 0.1435  d2.loss_bbox: 0.1688  d2.loss_iou: 0.4518  d3.loss_cls: 0.1260  d3.loss_bbox: 0.1662  d3.loss_iou: 0.4450  d4.loss_cls: 0.1226  d4.loss_bbox: 0.1628  d4.loss_iou: 0.4359
2026/03/19 10:11:12 - mmengine - INFO - Epoch(train) [47][100/245]  base_lr: 4.3987e-05 lr: 4.3987e-06  eta: 1:26:10  time: 0.6259  data_time: 0.0043  memory: 10692  grad_norm: 93.3358  loss: 4.5792  loss_cls: 0.1170  loss_bbox: 0.1638  loss_iou: 0.4185  d0.loss_cls: 0.2323  d0.loss_bbox: 0.1960  d0.loss_iou: 0.4784  d1.loss_cls: 0.1754  d1.loss_bbox: 0.1781  d1.loss_iou: 0.4455  d2.loss_cls: 0.1428  d2.loss_bbox: 0.1709  d2.loss_iou: 0.4332  d3.loss_cls: 0.1236  d3.loss_bbox: 0.1693  d3.loss_iou: 0.4292  d4.loss_cls: 0.1184  d4.loss_bbox: 0.1654  d4.loss_iou: 0.4213
2026/03/19 10:11:44 - mmengine - INFO - Epoch(train) [47][150/245]  base_lr: 4.3987e-05 lr: 4.3987e-06  eta: 1:25:38  time: 0.6282  data_time: 0.0044  memory: 10692  grad_norm: 84.1463  loss: 4.5987  loss_cls: 0.1214  loss_bbox: 0.1591  loss_iou: 0.4209  d0.loss_cls: 0.2381  d0.loss_bbox: 0.1912  d0.loss_iou: 0.4855  d1.loss_cls: 0.1805  d1.loss_bbox: 0.1730  d1.loss_iou: 0.4487  d2.loss_cls: 0.1448  d2.loss_bbox: 0.1669  d2.loss_iou: 0.4386  d3.loss_cls: 0.1273  d3.loss_bbox: 0.1634  d3.loss_iou: 0.4326  d4.loss_cls: 0.1222  d4.loss_bbox: 0.1607  d4.loss_iou: 0.4238
2026/03/19 10:12:15 - mmengine - INFO - Epoch(train) [47][200/245]  base_lr: 4.3987e-05 lr: 4.3987e-06  eta: 1:25:07  time: 0.6243  data_time: 0.0045  memory: 10692  grad_norm: 88.8789  loss: 4.6149  loss_cls: 0.1203  loss_bbox: 0.1606  loss_iou: 0.4234  d0.loss_cls: 0.2304  d0.loss_bbox: 0.1953  d0.loss_iou: 0.4897  d1.loss_cls: 0.1737  d1.loss_bbox: 0.1771  d1.loss_iou: 0.4537  d2.loss_cls: 0.1405  d2.loss_bbox: 0.1704  d2.loss_iou: 0.4422  d3.loss_cls: 0.1259  d3.loss_bbox: 0.1665  d3.loss_iou: 0.4343  d4.loss_cls: 0.1213  d4.loss_bbox: 0.1624  d4.loss_iou: 0.4273
2026/03/19 10:12:42 - mmengine - INFO - Exp name: detr_r50_ruod_120e_pretrained_20260319_080015
2026/03/19 10:13:14 - mmengine - INFO - Epoch(train) [48][ 50/245]  base_lr: 4.2684e-05 lr: 4.2684e-06  eta: 1:24:07  time: 0.6410  data_time: 0.0128  memory: 10692  grad_norm: 79.4538  loss: 4.8362  loss_cls: 0.1235  loss_bbox: 0.1633  loss_iou: 0.4519  d0.loss_cls: 0.2402  d0.loss_bbox: 0.1965  d0.loss_iou: 0.5201  d1.loss_cls: 0.1811  d1.loss_bbox: 0.1779  d1.loss_iou: 0.4845  d2.loss_cls: 0.1511  d2.loss_bbox: 0.1700  d2.loss_iou: 0.4704  d3.loss_cls: 0.1297  d3.loss_bbox: 0.1681  d3.loss_iou: 0.4642  d4.loss_cls: 0.1259  d4.loss_bbox: 0.1642  d4.loss_iou: 0.4535
2026/03/19 10:13:45 - mmengine - INFO - Epoch(train) [48][100/245]  base_lr: 4.2684e-05 lr: 4.2684e-06  eta: 1:23:35  time: 0.6166  data_time: 0.0043  memory: 10692  grad_norm: 92.9752  loss: 4.5737  loss_cls: 0.1150  loss_bbox: 0.1596  loss_iou: 0.4229  d0.loss_cls: 0.2283  d0.loss_bbox: 0.1932  d0.loss_iou: 0.4891  d1.loss_cls: 0.1712  d1.loss_bbox: 0.1742  d1.loss_iou: 0.4516  d2.loss_cls: 0.1376  d2.loss_bbox: 0.1675  d2.loss_iou: 0.4395  d3.loss_cls: 0.1219  d3.loss_bbox: 0.1643  d3.loss_iou: 0.4345  d4.loss_cls: 0.1160  d4.loss_bbox: 0.1611  d4.loss_iou: 0.4263
2026/03/19 10:14:16 - mmengine - INFO - Epoch(train) [48][150/245]  base_lr: 4.2684e-05 lr: 4.2684e-06  eta: 1:23:03  time: 0.6281  data_time: 0.0043  memory: 10692  grad_norm: 96.6458  loss: 4.4661  loss_cls: 0.1130  loss_bbox: 0.1590  loss_iou: 0.4086  d0.loss_cls: 0.2262  d0.loss_bbox: 0.1923  d0.loss_iou: 0.4721  d1.loss_cls: 0.1685  d1.loss_bbox: 0.1734  d1.loss_iou: 0.4357  d2.loss_cls: 0.1373  d2.loss_bbox: 0.1668  d2.loss_iou: 0.4249  d3.loss_cls: 0.1210  d3.loss_bbox: 0.1639  d3.loss_iou: 0.4178  d4.loss_cls: 0.1150  d4.loss_bbox: 0.1603  d4.loss_iou: 0.4104
2026/03/19 10:14:48 - mmengine - INFO - Epoch(train) [48][200/245]  base_lr: 4.2684e-05 lr: 4.2684e-06  eta: 1:22:32  time: 0.6272  data_time: 0.0041  memory: 10692  grad_norm: 80.1271  loss: 4.5185  loss_cls: 0.1142  loss_bbox: 0.1589  loss_iou: 0.4153  d0.loss_cls: 0.2297  d0.loss_bbox: 0.1934  d0.loss_iou: 0.4788  d1.loss_cls: 0.1717  d1.loss_bbox: 0.1730  d1.loss_iou: 0.4436  d2.loss_cls: 0.1387  d2.loss_bbox: 0.1659  d2.loss_iou: 0.4318  d3.loss_cls: 0.1218  d3.loss_bbox: 0.1628  d3.loss_iou: 0.4248  d4.loss_cls: 0.1169  d4.loss_bbox: 0.1596  d4.loss_iou: 0.4176
2026/03/19 10:15:15 - mmengine - INFO - Exp name: detr_r50_ruod_120e_pretrained_20260319_080015
2026/03/19 10:15:19 - mmengine - INFO - Epoch(val) [48][ 50/245]    eta: 0:00:13  time: 0.0692  data_time: 0.0320  memory: 10692  
2026/03/19 10:15:22 - mmengine - INFO - Epoch(val) [48][100/245]    eta: 0:00:10  time: 0.0735  data_time: 0.0350  memory: 1187  
2026/03/19 10:15:25 - mmengine - INFO - Epoch(val) [48][150/245]    eta: 0:00:06  time: 0.0490  data_time: 0.0105  memory: 1187  
2026/03/19 10:15:27 - mmengine - INFO - Epoch(val) [48][200/245]    eta: 0:00:02  time: 0.0476  data_time: 0.0101  memory: 1187  
2026/03/19 10:15:32 - mmengine - INFO - Evaluating bbox...
2026/03/19 10:15:45 - mmengine - INFO - bbox_mAP_copypaste: 0.459 0.741 0.461 0.093 0.269 0.522
2026/03/19 10:15:45 - mmengine - INFO - Epoch(val) [48][245/245]    coco/bbox_mAP: 0.4590  coco/bbox_mAP_50: 0.7410  coco/bbox_mAP_75: 0.4610  coco/bbox_mAP_s: 0.0930  coco/bbox_mAP_m: 0.2690  coco/bbox_mAP_l: 0.5220  data_time: 0.0197  time: 0.0579
2026/03/19 10:15:45 - mmengine - INFO - The previous best checkpoint /workspace/aquaculture-perception/runs/mmdet/detr_r50_ruod_120e_pretrained/best_coco_bbox_mAP_epoch_44.pth is removed
2026/03/19 10:15:46 - mmengine - INFO - The best checkpoint with 0.4590 coco/bbox_mAP at 48 epoch is saved to best_coco_bbox_mAP_epoch_48.pth.
2026/03/19 10:16:19 - mmengine - INFO - Epoch(train) [49][ 50/245]  base_lr: 4.1382e-05 lr: 4.1382e-06  eta: 1:21:33  time: 0.6546  data_time: 0.0165  memory: 10692  grad_norm: 84.9151  loss: 4.6622  loss_cls: 0.1162  loss_bbox: 0.1599  loss_iou: 0.4364  d0.loss_cls: 0.2275  d0.loss_bbox: 0.1936  d0.loss_iou: 0.5024  d1.loss_cls: 0.1728  d1.loss_bbox: 0.1747  d1.loss_iou: 0.4668  d2.loss_cls: 0.1408  d2.loss_bbox: 0.1671  d2.loss_iou: 0.4540  d3.loss_cls: 0.1227  d3.loss_bbox: 0.1644  d3.loss_iou: 0.4454  d4.loss_cls: 0.1174  d4.loss_bbox: 0.1612  d4.loss_iou: 0.4388
2026/03/19 10:16:50 - mmengine - INFO - Epoch(train) [49][100/245]  base_lr: 4.1382e-05 lr: 4.1382e-06  eta: 1:21:01  time: 0.6199  data_time: 0.0041  memory: 10692  grad_norm: 83.5351  loss: 4.5443  loss_cls: 0.1165  loss_bbox: 0.1589  loss_iou: 0.4186  d0.loss_cls: 0.2274  d0.loss_bbox: 0.1927  d0.loss_iou: 0.4830  d1.loss_cls: 0.1729  d1.loss_bbox: 0.1730  d1.loss_iou: 0.4477  d2.loss_cls: 0.1396  d2.loss_bbox: 0.1666  d2.loss_iou: 0.4338  d3.loss_cls: 0.1233  d3.loss_bbox: 0.1640  d3.loss_iou: 0.4285  d4.loss_cls: 0.1176  d4.loss_bbox: 0.1600  d4.loss_iou: 0.4200
2026/03/19 10:17:21 - mmengine - INFO - Epoch(train) [49][150/245]  base_lr: 4.1382e-05 lr: 4.1382e-06  eta: 1:20:30  time: 0.6259  data_time: 0.0044  memory: 10692  grad_norm: 81.2460  loss: 4.6091  loss_cls: 0.1182  loss_bbox: 0.1596  loss_iou: 0.4252  d0.loss_cls: 0.2274  d0.loss_bbox: 0.1936  d0.loss_iou: 0.4954  d1.loss_cls: 0.1724  d1.loss_bbox: 0.1752  d1.loss_iou: 0.4584  d2.loss_cls: 0.1380  d2.loss_bbox: 0.1683  d2.loss_iou: 0.4443  d3.loss_cls: 0.1231  d3.loss_bbox: 0.1646  d3.loss_iou: 0.4375  d4.loss_cls: 0.1187  d4.loss_bbox: 0.1609  d4.loss_iou: 0.4284
2026/03/19 10:17:52 - mmengine - INFO - Epoch(train) [49][200/245]  base_lr: 4.1382e-05 lr: 4.1382e-06  eta: 1:19:58  time: 0.6269  data_time: 0.0043  memory: 10692  grad_norm: 86.0718  loss: 4.5534  loss_cls: 0.1223  loss_bbox: 0.1576  loss_iou: 0.4131  d0.loss_cls: 0.2383  d0.loss_bbox: 0.1913  d0.loss_iou: 0.4817  d1.loss_cls: 0.1816  d1.loss_bbox: 0.1716  d1.loss_iou: 0.4426  d2.loss_cls: 0.1473  d2.loss_bbox: 0.1646  d2.loss_iou: 0.4273  d3.loss_cls: 0.1285  d3.loss_bbox: 0.1626  d3.loss_iou: 0.4237  d4.loss_cls: 0.1240  d4.loss_bbox: 0.1593  d4.loss_iou: 0.4159
2026/03/19 10:18:17 - mmengine - INFO - Exp name: detr_r50_ruod_120e_pretrained_20260319_080015
2026/03/19 10:18:20 - mmengine - INFO - Exp name: detr_r50_ruod_120e_pretrained_20260319_080015
2026/03/19 10:18:53 - mmengine - INFO - Epoch(train) [50][ 50/245]  base_lr: 4.0079e-05 lr: 4.0079e-06  eta: 1:18:59  time: 0.6497  data_time: 0.0163  memory: 10692  grad_norm: 86.7484  loss: 4.5500  loss_cls: 0.1180  loss_bbox: 0.1575  loss_iou: 0.4154  d0.loss_cls: 0.2252  d0.loss_bbox: 0.1943  d0.loss_iou: 0.4855  d1.loss_cls: 0.1716  d1.loss_bbox: 0.1763  d1.loss_iou: 0.4498  d2.loss_cls: 0.1419  d2.loss_bbox: 0.1669  d2.loss_iou: 0.4348  d3.loss_cls: 0.1228  d3.loss_bbox: 0.1640  d3.loss_iou: 0.4286  d4.loss_cls: 0.1182  d4.loss_bbox: 0.1598  d4.loss_iou: 0.4193
2026/03/19 10:19:24 - mmengine - INFO - Epoch(train) [50][100/245]  base_lr: 4.0079e-05 lr: 4.0079e-06  eta: 1:18:27  time: 0.6267  data_time: 0.0041  memory: 10692  grad_norm: 85.3086  loss: 4.4940  loss_cls: 0.1059  loss_bbox: 0.1602  loss_iou: 0.4172  d0.loss_cls: 0.2186  d0.loss_bbox: 0.1941  d0.loss_iou: 0.4863  d1.loss_cls: 0.1619  d1.loss_bbox: 0.1746  d1.loss_iou: 0.4486  d2.loss_cls: 0.1302  d2.loss_bbox: 0.1677  d2.loss_iou: 0.4347  d3.loss_cls: 0.1110  d3.loss_bbox: 0.1651  d3.loss_iou: 0.4299  d4.loss_cls: 0.1075  d4.loss_bbox: 0.1612  d4.loss_iou: 0.4192
2026/03/19 10:19:55 - mmengine - INFO - Epoch(train) [50][150/245]  base_lr: 4.0079e-05 lr: 4.0079e-06  eta: 1:17:56  time: 0.6263  data_time: 0.0044  memory: 10692  grad_norm: 81.6855  loss: 4.4320  loss_cls: 0.1139  loss_bbox: 0.1584  loss_iou: 0.4021  d0.loss_cls: 0.2251  d0.loss_bbox: 0.1923  d0.loss_iou: 0.4696  d1.loss_cls: 0.1691  d1.loss_bbox: 0.1732  d1.loss_iou: 0.4322  d2.loss_cls: 0.1387  d2.loss_bbox: 0.1657  d2.loss_iou: 0.4175  d3.loss_cls: 0.1188  d3.loss_bbox: 0.1632  d3.loss_iou: 0.4118  d4.loss_cls: 0.1144  d4.loss_bbox: 0.1601  d4.loss_iou: 0.4057
2026/03/19 10:20:26 - mmengine - INFO - Epoch(train) [50][200/245]  base_lr: 4.0079e-05 lr: 4.0079e-06  eta: 1:17:24  time: 0.6232  data_time: 0.0041  memory: 10692  grad_norm: 85.6733  loss: 4.7440  loss_cls: 0.1250  loss_bbox: 0.1559  loss_iou: 0.4452  d0.loss_cls: 0.2368  d0.loss_bbox: 0.1876  d0.loss_iou: 0.5118  d1.loss_cls: 0.1817  d1.loss_bbox: 0.1693  d1.loss_iou: 0.4749  d2.loss_cls: 0.1524  d2.loss_bbox: 0.1622  d2.loss_iou: 0.4621  d3.loss_cls: 0.1322  d3.loss_bbox: 0.1604  d3.loss_iou: 0.4561  d4.loss_cls: 0.1249  d4.loss_bbox: 0.1573  d4.loss_iou: 0.4481
2026/03/19 10:20:54 - mmengine - INFO - Exp name: detr_r50_ruod_120e_pretrained_20260319_080015
2026/03/19 10:20:57 - mmengine - INFO - Epoch(val) [50][ 50/245]    eta: 0:00:14  time: 0.0723  data_time: 0.0364  memory: 10692  
2026/03/19 10:21:01 - mmengine - INFO - Epoch(val) [50][100/245]    eta: 0:00:10  time: 0.0667  data_time: 0.0285  memory: 1187  
2026/03/19 10:21:03 - mmengine - INFO - Epoch(val) [50][150/245]    eta: 0:00:06  time: 0.0522  data_time: 0.0129  memory: 1187  
2026/03/19 10:21:06 - mmengine - INFO - Epoch(val) [50][200/245]    eta: 0:00:02  time: 0.0497  data_time: 0.0100  memory: 1187  
2026/03/19 10:21:10 - mmengine - INFO - Evaluating bbox...
2026/03/19 10:21:23 - mmengine - INFO - bbox_mAP_copypaste: 0.455 0.740 0.456 0.108 0.259 0.518
2026/03/19 10:21:23 - mmengine - INFO - Epoch(val) [50][245/245]    coco/bbox_mAP: 0.4550  coco/bbox_mAP_50: 0.7400  coco/bbox_mAP_75: 0.4560  coco/bbox_mAP_s: 0.1080  coco/bbox_mAP_m: 0.2590  coco/bbox_mAP_l: 0.5180  data_time: 0.0196  time: 0.0580
2026/03/19 10:21:56 - mmengine - INFO - Epoch(train) [51][ 50/245]  base_lr: 3.8776e-05 lr: 3.8776e-06  eta: 1:16:25  time: 0.6471  data_time: 0.0134  memory: 10692  grad_norm: 89.1614  loss: 4.5607  loss_cls: 0.1162  loss_bbox: 0.1565  loss_iou: 0.4216  d0.loss_cls: 0.2317  d0.loss_bbox: 0.1905  d0.loss_iou: 0.4881  d1.loss_cls: 0.1741  d1.loss_bbox: 0.1716  d1.loss_iou: 0.4500  d2.loss_cls: 0.1406  d2.loss_bbox: 0.1642  d2.loss_iou: 0.4394  d3.loss_cls: 0.1232  d3.loss_bbox: 0.1608  d3.loss_iou: 0.4327  d4.loss_cls: 0.1177  d4.loss_bbox: 0.1571  d4.loss_iou: 0.4247
2026/03/19 10:22:27 - mmengine - INFO - Epoch(train) [51][100/245]  base_lr: 3.8776e-05 lr: 3.8776e-06  eta: 1:15:53  time: 0.6223  data_time: 0.0044  memory: 10692  grad_norm: 94.1050  loss: 4.4611  loss_cls: 0.1101  loss_bbox: 0.1591  loss_iou: 0.4099  d0.loss_cls: 0.2220  d0.loss_bbox: 0.1920  d0.loss_iou: 0.4755  d1.loss_cls: 0.1630  d1.loss_bbox: 0.1748  d1.loss_iou: 0.4419  d2.loss_cls: 0.1286  d2.loss_bbox: 0.1682  d2.loss_iou: 0.4299  d3.loss_cls: 0.1170  d3.loss_bbox: 0.1641  d3.loss_iou: 0.4203  d4.loss_cls: 0.1100  d4.loss_bbox: 0.1608  d4.loss_iou: 0.4140
2026/03/19 10:22:58 - mmengine - INFO - Epoch(train) [51][150/245]  base_lr: 3.8776e-05 lr: 3.8776e-06  eta: 1:15:21  time: 0.6249  data_time: 0.0049  memory: 10692  grad_norm: 87.9921  loss: 4.5474  loss_cls: 0.1141  loss_bbox: 0.1575  loss_iou: 0.4218  d0.loss_cls: 0.2302  d0.loss_bbox: 0.1892  d0.loss_iou: 0.4858  d1.loss_cls: 0.1724  d1.loss_bbox: 0.1715  d1.loss_iou: 0.4504  d2.loss_cls: 0.1384  d2.loss_bbox: 0.1643  d2.loss_iou: 0.4391  d3.loss_cls: 0.1203  d3.loss_bbox: 0.1618  d3.loss_iou: 0.4315  d4.loss_cls: 0.1148  d4.loss_bbox: 0.1594  d4.loss_iou: 0.4249
2026/03/19 10:23:29 - mmengine - INFO - Epoch(train) [51][200/245]  base_lr: 3.8776e-05 lr: 3.8776e-06  eta: 1:14:50  time: 0.6201  data_time: 0.0038  memory: 10692  grad_norm: 82.3087  loss: 4.3995  loss_cls: 0.1062  loss_bbox: 0.1525  loss_iou: 0.4091  d0.loss_cls: 0.2192  d0.loss_bbox: 0.1867  d0.loss_iou: 0.4787  d1.loss_cls: 0.1644  d1.loss_bbox: 0.1675  d1.loss_iou: 0.4372  d2.loss_cls: 0.1303  d2.loss_bbox: 0.1609  d2.loss_iou: 0.4254  d3.loss_cls: 0.1121  d3.loss_bbox: 0.1576  d3.loss_iou: 0.4196  d4.loss_cls: 0.1070  d4.loss_bbox: 0.1540  d4.loss_iou: 0.4112
2026/03/19 10:23:56 - mmengine - INFO - Exp name: detr_r50_ruod_120e_pretrained_20260319_080015
2026/03/19 10:24:29 - mmengine - INFO - Epoch(train) [52][ 50/245]  base_lr: 3.7474e-05 lr: 3.7474e-06  eta: 1:13:50  time: 0.6469  data_time: 0.0135  memory: 10692  grad_norm: 78.5025  loss: 4.4535  loss_cls: 0.1097  loss_bbox: 0.1552  loss_iou: 0.4103  d0.loss_cls: 0.2241  d0.loss_bbox: 0.1874  d0.loss_iou: 0.4776  d1.loss_cls: 0.1698  d1.loss_bbox: 0.1688  d1.loss_iou: 0.4417  d2.loss_cls: 0.1330  d2.loss_bbox: 0.1636  d2.loss_iou: 0.4310  d3.loss_cls: 0.1157  d3.loss_bbox: 0.1607  d3.loss_iou: 0.4230  d4.loss_cls: 0.1112  d4.loss_bbox: 0.1569  d4.loss_iou: 0.4138
2026/03/19 10:25:00 - mmengine - INFO - Epoch(train) [52][100/245]  base_lr: 3.7474e-05 lr: 3.7474e-06  eta: 1:13:19  time: 0.6261  data_time: 0.0042  memory: 10692  grad_norm: 87.1264  loss: 4.4154  loss_cls: 0.1080  loss_bbox: 0.1536  loss_iou: 0.4083  d0.loss_cls: 0.2221  d0.loss_bbox: 0.1879  d0.loss_iou: 0.4750  d1.loss_cls: 0.1656  d1.loss_bbox: 0.1683  d1.loss_iou: 0.4392  d2.loss_cls: 0.1320  d2.loss_bbox: 0.1612  d2.loss_iou: 0.4260  d3.loss_cls: 0.1141  d3.loss_bbox: 0.1590  d3.loss_iou: 0.4190  d4.loss_cls: 0.1099  d4.loss_bbox: 0.1550  d4.loss_iou: 0.4113
2026/03/19 10:25:32 - mmengine - INFO - Epoch(train) [52][150/245]  base_lr: 3.7474e-05 lr: 3.7474e-06  eta: 1:12:47  time: 0.6297  data_time: 0.0045  memory: 10692  grad_norm: 86.5128  loss: 4.4463  loss_cls: 0.1098  loss_bbox: 0.1534  loss_iou: 0.4134  d0.loss_cls: 0.2188  d0.loss_bbox: 0.1865  d0.loss_iou: 0.4787  d1.loss_cls: 0.1641  d1.loss_bbox: 0.1690  d1.loss_iou: 0.4423  d2.loss_cls: 0.1312  d2.loss_bbox: 0.1624  d2.loss_iou: 0.4329  d3.loss_cls: 0.1161  d3.loss_bbox: 0.1587  d3.loss_iou: 0.4259  d4.loss_cls: 0.1108  d4.loss_bbox: 0.1547  d4.loss_iou: 0.4174
2026/03/19 10:26:03 - mmengine - INFO - Epoch(train) [52][200/245]  base_lr: 3.7474e-05 lr: 3.7474e-06  eta: 1:12:16  time: 0.6271  data_time: 0.0050  memory: 10692  grad_norm: 81.8087  loss: 4.5033  loss_cls: 0.1116  loss_bbox: 0.1535  loss_iou: 0.4199  d0.loss_cls: 0.2244  d0.loss_bbox: 0.1868  d0.loss_iou: 0.4873  d1.loss_cls: 0.1684  d1.loss_bbox: 0.1673  d1.loss_iou: 0.4505  d2.loss_cls: 0.1361  d2.loss_bbox: 0.1609  d2.loss_iou: 0.4378  d3.loss_cls: 0.1184  d3.loss_bbox: 0.1588  d3.loss_iou: 0.4312  d4.loss_cls: 0.1117  d4.loss_bbox: 0.1554  d4.loss_iou: 0.4231
2026/03/19 10:26:30 - mmengine - INFO - Exp name: detr_r50_ruod_120e_pretrained_20260319_080015
2026/03/19 10:26:35 - mmengine - INFO - Epoch(val) [52][ 50/245]    eta: 0:00:16  time: 0.0855  data_time: 0.0479  memory: 10692  
2026/03/19 10:26:39 - mmengine - INFO - Epoch(val) [52][100/245]    eta: 0:00:12  time: 0.0819  data_time: 0.0430  memory: 1187  
2026/03/19 10:26:41 - mmengine - INFO - Epoch(val) [52][150/245]    eta: 0:00:06  time: 0.0512  data_time: 0.0127  memory: 1187  
2026/03/19 10:26:44 - mmengine - INFO - Epoch(val) [52][200/245]    eta: 0:00:03  time: 0.0485  data_time: 0.0103  memory: 1187  
2026/03/19 10:26:49 - mmengine - INFO - Evaluating bbox...
2026/03/19 10:27:01 - mmengine - INFO - bbox_mAP_copypaste: 0.459 0.740 0.466 0.119 0.270 0.521
2026/03/19 10:27:02 - mmengine - INFO - Epoch(val) [52][245/245]    coco/bbox_mAP: 0.4590  coco/bbox_mAP_50: 0.7400  coco/bbox_mAP_75: 0.4660  coco/bbox_mAP_s: 0.1190  coco/bbox_mAP_m: 0.2700  coco/bbox_mAP_l: 0.5210  data_time: 0.0255  time: 0.0640
2026/03/19 10:27:35 - mmengine - INFO - Epoch(train) [53][ 50/245]  base_lr: 3.6171e-05 lr: 3.6171e-06  eta: 1:11:17  time: 0.6572  data_time: 0.0160  memory: 10692  grad_norm: 77.1353  loss: 4.4569  loss_cls: 0.1063  loss_bbox: 0.1549  loss_iou: 0.4165  d0.loss_cls: 0.2206  d0.loss_bbox: 0.1878  d0.loss_iou: 0.4816  d1.loss_cls: 0.1617  d1.loss_bbox: 0.1692  d1.loss_iou: 0.4466  d2.loss_cls: 0.1298  d2.loss_bbox: 0.1626  d2.loss_iou: 0.4329  d3.loss_cls: 0.1148  d3.loss_bbox: 0.1603  d3.loss_iou: 0.4265  d4.loss_cls: 0.1085  d4.loss_bbox: 0.1565  d4.loss_iou: 0.4194
2026/03/19 10:28:06 - mmengine - INFO - Epoch(train) [53][100/245]  base_lr: 3.6171e-05 lr: 3.6171e-06  eta: 1:10:45  time: 0.6295  data_time: 0.0043  memory: 10692  grad_norm: 81.6572  loss: 4.3335  loss_cls: 0.1048  loss_bbox: 0.1551  loss_iou: 0.3998  d0.loss_cls: 0.2155  d0.loss_bbox: 0.1890  d0.loss_iou: 0.4619  d1.loss_cls: 0.1596  d1.loss_bbox: 0.1689  d1.loss_iou: 0.4275  d2.loss_cls: 0.1284  d2.loss_bbox: 0.1630  d2.loss_iou: 0.4148  d3.loss_cls: 0.1107  d3.loss_bbox: 0.1596  d3.loss_iou: 0.4094  d4.loss_cls: 0.1068  d4.loss_bbox: 0.1564  d4.loss_iou: 0.4023
2026/03/19 10:28:39 - mmengine - INFO - Epoch(train) [53][150/245]  base_lr: 3.6171e-05 lr: 3.6171e-06  eta: 1:10:14  time: 0.6539  data_time: 0.0067  memory: 10692  grad_norm: 79.6031  loss: 4.4629  loss_cls: 0.1064  loss_bbox: 0.1540  loss_iou: 0.4173  d0.loss_cls: 0.2197  d0.loss_bbox: 0.1878  d0.loss_iou: 0.4837  d1.loss_cls: 0.1638  d1.loss_bbox: 0.1694  d1.loss_iou: 0.4504  d2.loss_cls: 0.1309  d2.loss_bbox: 0.1614  d2.loss_iou: 0.4346  d3.loss_cls: 0.1128  d3.loss_bbox: 0.1584  d3.loss_iou: 0.4282  d4.loss_cls: 0.1085  d4.loss_bbox: 0.1554  d4.loss_iou: 0.4202
2026/03/19 10:29:10 - mmengine - INFO - Epoch(train) [53][200/245]  base_lr: 3.6171e-05 lr: 3.6171e-06  eta: 1:09:43  time: 0.6228  data_time: 0.0046  memory: 10692  grad_norm: 86.3986  loss: 4.4705  loss_cls: 0.1114  loss_bbox: 0.1554  loss_iou: 0.4140  d0.loss_cls: 0.2208  d0.loss_bbox: 0.1896  d0.loss_iou: 0.4791  d1.loss_cls: 0.1658  d1.loss_bbox: 0.1699  d1.loss_iou: 0.4449  d2.loss_cls: 0.1330  d2.loss_bbox: 0.1637  d2.loss_iou: 0.4313  d3.loss_cls: 0.1170  d3.loss_bbox: 0.1613  d3.loss_iou: 0.4260  d4.loss_cls: 0.1133  d4.loss_bbox: 0.1568  d4.loss_iou: 0.4172
2026/03/19 10:29:37 - mmengine - INFO - Exp name: detr_r50_ruod_120e_pretrained_20260319_080015
2026/03/19 10:29:48 - mmengine - INFO - Exp name: detr_r50_ruod_120e_pretrained_20260319_080015
2026/03/19 10:30:10 - mmengine - INFO - Epoch(train) [54][ 50/245]  base_lr: 3.4868e-05 lr: 3.4868e-06  eta: 1:08:44  time: 0.6546  data_time: 0.0149  memory: 10692  grad_norm: 85.5946  loss: 4.3790  loss_cls: 0.1037  loss_bbox: 0.1531  loss_iou: 0.4084  d0.loss_cls: 0.2180  d0.loss_bbox: 0.1865  d0.loss_iou: 0.4730  d1.loss_cls: 0.1610  d1.loss_bbox: 0.1678  d1.loss_iou: 0.4377  d2.loss_cls: 0.1255  d2.loss_bbox: 0.1610  d2.loss_iou: 0.4265  d3.loss_cls: 0.1079  d3.loss_bbox: 0.1585  d3.loss_iou: 0.4197  d4.loss_cls: 0.1049  d4.loss_bbox: 0.1544  d4.loss_iou: 0.4115
2026/03/19 10:30:41 - mmengine - INFO - Epoch(train) [54][100/245]  base_lr: 3.4868e-05 lr: 3.4868e-06  eta: 1:08:12  time: 0.6244  data_time: 0.0038  memory: 10692  grad_norm: 81.6673  loss: 4.3649  loss_cls: 0.1068  loss_bbox: 0.1532  loss_iou: 0.4044  d0.loss_cls: 0.2201  d0.loss_bbox: 0.1842  d0.loss_iou: 0.4674  d1.loss_cls: 0.1636  d1.loss_bbox: 0.1663  d1.loss_iou: 0.4337  d2.loss_cls: 0.1291  d2.loss_bbox: 0.1602  d2.loss_iou: 0.4212  d3.loss_cls: 0.1136  d3.loss_bbox: 0.1572  d3.loss_iou: 0.4147  d4.loss_cls: 0.1076  d4.loss_bbox: 0.1541  d4.loss_iou: 0.4075
2026/03/19 10:31:13 - mmengine - INFO - Epoch(train) [54][150/245]  base_lr: 3.4868e-05 lr: 3.4868e-06  eta: 1:07:41  time: 0.6272  data_time: 0.0042  memory: 10692  grad_norm: 84.5536  loss: 4.5187  loss_cls: 0.1078  loss_bbox: 0.1542  loss_iou: 0.4269  d0.loss_cls: 0.2160  d0.loss_bbox: 0.1874  d0.loss_iou: 0.4969  d1.loss_cls: 0.1608  d1.loss_bbox: 0.1684  d1.loss_iou: 0.4594  d2.loss_cls: 0.1264  d2.loss_bbox: 0.1622  d2.loss_iou: 0.4465  d3.loss_cls: 0.1121  d3.loss_bbox: 0.1594  d3.loss_iou: 0.4389  d4.loss_cls: 0.1096  d4.loss_bbox: 0.1552  d4.loss_iou: 0.4304
2026/03/19 10:31:44 - mmengine - INFO - Epoch(train) [54][200/245]  base_lr: 3.4868e-05 lr: 3.4868e-06  eta: 1:07:09  time: 0.6304  data_time: 0.0047  memory: 10692  grad_norm: 83.6055  loss: 4.2747  loss_cls: 0.1003  loss_bbox: 0.1494  loss_iou: 0.3984  d0.loss_cls: 0.2103  d0.loss_bbox: 0.1836  d0.loss_iou: 0.4658  d1.loss_cls: 0.1549  d1.loss_bbox: 0.1643  d1.loss_iou: 0.4280  d2.loss_cls: 0.1220  d2.loss_bbox: 0.1573  d2.loss_iou: 0.4159  d3.loss_cls: 0.1060  d3.loss_bbox: 0.1546  d3.loss_iou: 0.4101  d4.loss_cls: 0.1021  d4.loss_bbox: 0.1508  d4.loss_iou: 0.4007
2026/03/19 10:32:12 - mmengine - INFO - Exp name: detr_r50_ruod_120e_pretrained_20260319_080015
2026/03/19 10:32:15 - mmengine - INFO - Epoch(val) [54][ 50/245]    eta: 0:00:12  time: 0.0663  data_time: 0.0275  memory: 10692  
2026/03/19 10:32:18 - mmengine - INFO - Epoch(val) [54][100/245]    eta: 0:00:09  time: 0.0686  data_time: 0.0299  memory: 1187  
2026/03/19 10:32:21 - mmengine - INFO - Epoch(val) [54][150/245]    eta: 0:00:05  time: 0.0482  data_time: 0.0097  memory: 1187  
2026/03/19 10:32:23 - mmengine - INFO - Epoch(val) [54][200/245]    eta: 0:00:02  time: 0.0482  data_time: 0.0098  memory: 1187  
2026/03/19 10:32:28 - mmengine - INFO - Evaluating bbox...
2026/03/19 10:32:41 - mmengine - INFO - bbox_mAP_copypaste: 0.458 0.739 0.464 0.095 0.267 0.520
2026/03/19 10:32:42 - mmengine - INFO - Epoch(val) [54][245/245]    coco/bbox_mAP: 0.4580  coco/bbox_mAP_50: 0.7390  coco/bbox_mAP_75: 0.4640  coco/bbox_mAP_s: 0.0950  coco/bbox_mAP_m: 0.2670  coco/bbox_mAP_l: 0.5200  data_time: 0.0174  time: 0.0558
2026/03/19 10:33:14 - mmengine - INFO - Epoch(train) [55][ 50/245]  base_lr: 3.3566e-05 lr: 3.3566e-06  eta: 1:06:10  time: 0.6536  data_time: 0.0139  memory: 10692  grad_norm: 83.5908  loss: 4.3525  loss_cls: 0.1016  loss_bbox: 0.1495  loss_iou: 0.4087  d0.loss_cls: 0.2113  d0.loss_bbox: 0.1832  d0.loss_iou: 0.4771  d1.loss_cls: 0.1569  d1.loss_bbox: 0.1650  d1.loss_iou: 0.4415  d2.loss_cls: 0.1246  d2.loss_bbox: 0.1575  d2.loss_iou: 0.4275  d3.loss_cls: 0.1065  d3.loss_bbox: 0.1550  d3.loss_iou: 0.4210  d4.loss_cls: 0.1021  d4.loss_bbox: 0.1510  d4.loss_iou: 0.4125
2026/03/19 10:33:45 - mmengine - INFO - Epoch(train) [55][100/245]  base_lr: 3.3566e-05 lr: 3.3566e-06  eta: 1:05:38  time: 0.6250  data_time: 0.0041  memory: 10692  grad_norm: 83.1674  loss: 4.2985  loss_cls: 0.1004  loss_bbox: 0.1518  loss_iou: 0.4002  d0.loss_cls: 0.2085  d0.loss_bbox: 0.1855  d0.loss_iou: 0.4666  d1.loss_cls: 0.1543  d1.loss_bbox: 0.1664  d1.loss_iou: 0.4329  d2.loss_cls: 0.1204  d2.loss_bbox: 0.1605  d2.loss_iou: 0.4191  d3.loss_cls: 0.1053  d3.loss_bbox: 0.1569  d3.loss_iou: 0.4125  d4.loss_cls: 0.1010  d4.loss_bbox: 0.1534  d4.loss_iou: 0.4028
2026/03/19 10:34:17 - mmengine - INFO - Epoch(train) [55][150/245]  base_lr: 3.3566e-05 lr: 3.3566e-06  eta: 1:05:07  time: 0.6263  data_time: 0.0043  memory: 10692  grad_norm: 85.2073  loss: 4.3562  loss_cls: 0.1035  loss_bbox: 0.1517  loss_iou: 0.4046  d0.loss_cls: 0.2160  d0.loss_bbox: 0.1842  d0.loss_iou: 0.4730  d1.loss_cls: 0.1607  d1.loss_bbox: 0.1655  d1.loss_iou: 0.4355  d2.loss_cls: 0.1284  d2.loss_bbox: 0.1593  d2.loss_iou: 0.4232  d3.loss_cls: 0.1108  d3.loss_bbox: 0.1565  d3.loss_iou: 0.4170  d4.loss_cls: 0.1060  d4.loss_bbox: 0.1528  d4.loss_iou: 0.4076
2026/03/19 10:34:48 - mmengine - INFO - Epoch(train) [55][200/245]  base_lr: 3.3566e-05 lr: 3.3566e-06  eta: 1:04:35  time: 0.6242  data_time: 0.0041  memory: 10692  grad_norm: 93.3708  loss: 4.4692  loss_cls: 0.1053  loss_bbox: 0.1527  loss_iou: 0.4187  d0.loss_cls: 0.2161  d0.loss_bbox: 0.1908  d0.loss_iou: 0.4908  d1.loss_cls: 0.1620  d1.loss_bbox: 0.1695  d1.loss_iou: 0.4501  d2.loss_cls: 0.1299  d2.loss_bbox: 0.1621  d2.loss_iou: 0.4363  d3.loss_cls: 0.1128  d3.loss_bbox: 0.1579  d3.loss_iou: 0.4297  d4.loss_cls: 0.1074  d4.loss_bbox: 0.1546  d4.loss_iou: 0.4225
2026/03/19 10:35:15 - mmengine - INFO - Exp name: detr_r50_ruod_120e_pretrained_20260319_080015
2026/03/19 10:35:47 - mmengine - INFO - Epoch(train) [56][ 50/245]  base_lr: 3.2263e-05 lr: 3.2263e-06  eta: 1:03:35  time: 0.6464  data_time: 0.0167  memory: 10692  grad_norm: 83.4071  loss: 4.2432  loss_cls: 0.0982  loss_bbox: 0.1480  loss_iou: 0.3916  d0.loss_cls: 0.2175  d0.loss_bbox: 0.1829  d0.loss_iou: 0.4611  d1.loss_cls: 0.1601  d1.loss_bbox: 0.1639  d1.loss_iou: 0.4221  d2.loss_cls: 0.1228  d2.loss_bbox: 0.1568  d2.loss_iou: 0.4108  d3.loss_cls: 0.1061  d3.loss_bbox: 0.1535  d3.loss_iou: 0.4039  d4.loss_cls: 0.0991  d4.loss_bbox: 0.1498  d4.loss_iou: 0.3952
2026/03/19 10:36:18 - mmengine - INFO - Epoch(train) [56][100/245]  base_lr: 3.2263e-05 lr: 3.2263e-06  eta: 1:03:04  time: 0.6179  data_time: 0.0037  memory: 10692  grad_norm: 80.2730  loss: 4.3555  loss_cls: 0.1020  loss_bbox: 0.1519  loss_iou: 0.4058  d0.loss_cls: 0.2072  d0.loss_bbox: 0.1888  d0.loss_iou: 0.4747  d1.loss_cls: 0.1563  d1.loss_bbox: 0.1684  d1.loss_iou: 0.4383  d2.loss_cls: 0.1240  d2.loss_bbox: 0.1613  d2.loss_iou: 0.4258  d3.loss_cls: 0.1081  d3.loss_bbox: 0.1580  d3.loss_iou: 0.4182  d4.loss_cls: 0.1038  d4.loss_bbox: 0.1539  d4.loss_iou: 0.4088
2026/03/19 10:36:49 - mmengine - INFO - Epoch(train) [56][150/245]  base_lr: 3.2263e-05 lr: 3.2263e-06  eta: 1:02:32  time: 0.6212  data_time: 0.0040  memory: 10692  grad_norm: 103.8956  loss: 4.4409  loss_cls: 0.1040  loss_bbox: 0.1501  loss_iou: 0.4194  d0.loss_cls: 0.2136  d0.loss_bbox: 0.1856  d0.loss_iou: 0.4893  d1.loss_cls: 0.1586  d1.loss_bbox: 0.1663  d1.loss_iou: 0.4515  d2.loss_cls: 0.1268  d2.loss_bbox: 0.1592  d2.loss_iou: 0.4387  d3.loss_cls: 0.1110  d3.loss_bbox: 0.1556  d3.loss_iou: 0.4307  d4.loss_cls: 0.1061  d4.loss_bbox: 0.1517  d4.loss_iou: 0.4227
2026/03/19 10:37:20 - mmengine - INFO - Epoch(train) [56][200/245]  base_lr: 3.2263e-05 lr: 3.2263e-06  eta: 1:02:01  time: 0.6195  data_time: 0.0039  memory: 10692  grad_norm: 76.5367  loss: 4.3781  loss_cls: 0.1033  loss_bbox: 0.1521  loss_iou: 0.4111  d0.loss_cls: 0.2112  d0.loss_bbox: 0.1855  d0.loss_iou: 0.4792  d1.loss_cls: 0.1561  d1.loss_bbox: 0.1674  d1.loss_iou: 0.4423  d2.loss_cls: 0.1243  d2.loss_bbox: 0.1601  d2.loss_iou: 0.4275  d3.loss_cls: 0.1085  d3.loss_bbox: 0.1563  d3.loss_iou: 0.4214  d4.loss_cls: 0.1048  d4.loss_bbox: 0.1532  d4.loss_iou: 0.4139
2026/03/19 10:37:47 - mmengine - INFO - Exp name: detr_r50_ruod_120e_pretrained_20260319_080015
2026/03/19 10:37:50 - mmengine - INFO - Epoch(val) [56][ 50/245]    eta: 0:00:13  time: 0.0668  data_time: 0.0297  memory: 10692  
2026/03/19 10:37:54 - mmengine - INFO - Epoch(val) [56][100/245]    eta: 0:00:09  time: 0.0694  data_time: 0.0305  memory: 1187  
2026/03/19 10:37:56 - mmengine - INFO - Epoch(val) [56][150/245]    eta: 0:00:05  time: 0.0506  data_time: 0.0111  memory: 1187  
2026/03/19 10:37:58 - mmengine - INFO - Epoch(val) [56][200/245]    eta: 0:00:02  time: 0.0472  data_time: 0.0093  memory: 1187  
2026/03/19 10:38:03 - mmengine - INFO - Evaluating bbox...
2026/03/19 10:38:16 - mmengine - INFO - bbox_mAP_copypaste: 0.460 0.740 0.463 0.091 0.265 0.522
2026/03/19 10:38:16 - mmengine - INFO - Epoch(val) [56][245/245]    coco/bbox_mAP: 0.4600  coco/bbox_mAP_50: 0.7400  coco/bbox_mAP_75: 0.4630  coco/bbox_mAP_s: 0.0910  coco/bbox_mAP_m: 0.2650  coco/bbox_mAP_l: 0.5220  data_time: 0.0181  time: 0.0563
2026/03/19 10:38:16 - mmengine - INFO - The previous best checkpoint /workspace/aquaculture-perception/runs/mmdet/detr_r50_ruod_120e_pretrained/best_coco_bbox_mAP_epoch_48.pth is removed
2026/03/19 10:38:17 - mmengine - INFO - The best checkpoint with 0.4600 coco/bbox_mAP at 56 epoch is saved to best_coco_bbox_mAP_epoch_56.pth.
2026/03/19 10:38:49 - mmengine - INFO - Epoch(train) [57][ 50/245]  base_lr: 3.0961e-05 lr: 3.0961e-06  eta: 1:01:01  time: 0.6425  data_time: 0.0148  memory: 10692  grad_norm: 84.4925  loss: 4.3392  loss_cls: 0.1006  loss_bbox: 0.1506  loss_iou: 0.4058  d0.loss_cls: 0.2111  d0.loss_bbox: 0.1850  d0.loss_iou: 0.4727  d1.loss_cls: 0.1570  d1.loss_bbox: 0.1660  d1.loss_iou: 0.4377  d2.loss_cls: 0.1247  d2.loss_bbox: 0.1586  d2.loss_iou: 0.4236  d3.loss_cls: 0.1060  d3.loss_bbox: 0.1566  d3.loss_iou: 0.4194  d4.loss_cls: 0.1008  d4.loss_bbox: 0.1525  d4.loss_iou: 0.4105
2026/03/19 10:39:20 - mmengine - INFO - Epoch(train) [57][100/245]  base_lr: 3.0961e-05 lr: 3.0961e-06  eta: 1:00:29  time: 0.6188  data_time: 0.0039  memory: 10692  grad_norm: 82.8520  loss: 4.3582  loss_cls: 0.1014  loss_bbox: 0.1510  loss_iou: 0.4087  d0.loss_cls: 0.2142  d0.loss_bbox: 0.1839  d0.loss_iou: 0.4777  d1.loss_cls: 0.1559  d1.loss_bbox: 0.1667  d1.loss_iou: 0.4389  d2.loss_cls: 0.1258  d2.loss_bbox: 0.1595  d2.loss_iou: 0.4254  d3.loss_cls: 0.1066  d3.loss_bbox: 0.1561  d3.loss_iou: 0.4194  d4.loss_cls: 0.1035  d4.loss_bbox: 0.1523  d4.loss_iou: 0.4114
2026/03/19 10:39:52 - mmengine - INFO - Epoch(train) [57][150/245]  base_lr: 3.0961e-05 lr: 3.0961e-06  eta: 0:59:58  time: 0.6292  data_time: 0.0041  memory: 10692  grad_norm: 77.8322  loss: 4.3505  loss_cls: 0.0985  loss_bbox: 0.1520  loss_iou: 0.4107  d0.loss_cls: 0.2089  d0.loss_bbox: 0.1845  d0.loss_iou: 0.4791  d1.loss_cls: 0.1518  d1.loss_bbox: 0.1659  d1.loss_iou: 0.4404  d2.loss_cls: 0.1204  d2.loss_bbox: 0.1594  d2.loss_iou: 0.4281  d3.loss_cls: 0.1043  d3.loss_bbox: 0.1567  d3.loss_iou: 0.4225  d4.loss_cls: 0.1006  d4.loss_bbox: 0.1530  d4.loss_iou: 0.4139
2026/03/19 10:40:23 - mmengine - INFO - Epoch(train) [57][200/245]  base_lr: 3.0961e-05 lr: 3.0961e-06  eta: 0:59:26  time: 0.6161  data_time: 0.0036  memory: 10692  grad_norm: 87.6609  loss: 4.3422  loss_cls: 0.1032  loss_bbox: 0.1486  loss_iou: 0.4067  d0.loss_cls: 0.2118  d0.loss_bbox: 0.1837  d0.loss_iou: 0.4772  d1.loss_cls: 0.1573  d1.loss_bbox: 0.1640  d1.loss_iou: 0.4399  d2.loss_cls: 0.1250  d2.loss_bbox: 0.1569  d2.loss_iou: 0.4244  d3.loss_cls: 0.1072  d3.loss_bbox: 0.1541  d3.loss_iou: 0.4185  d4.loss_cls: 0.1040  d4.loss_bbox: 0.1501  d4.loss_iou: 0.4095
2026/03/19 10:40:49 - mmengine - INFO - Exp name: detr_r50_ruod_120e_pretrained_20260319_080015
2026/03/19 10:41:12 - mmengine - INFO - Exp name: detr_r50_ruod_120e_pretrained_20260319_080015
2026/03/19 10:41:21 - mmengine - INFO - Epoch(train) [58][ 50/245]  base_lr: 2.9658e-05 lr: 2.9658e-06  eta: 0:58:26  time: 0.6430  data_time: 0.0135  memory: 10692  grad_norm: 80.6358  loss: 4.2821  loss_cls: 0.0953  loss_bbox: 0.1510  loss_iou: 0.4016  d0.loss_cls: 0.2088  d0.loss_bbox: 0.1859  d0.loss_iou: 0.4679  d1.loss_cls: 0.1511  d1.loss_bbox: 0.1664  d1.loss_iou: 0.4311  d2.loss_cls: 0.1192  d2.loss_bbox: 0.1590  d2.loss_iou: 0.4181  d3.loss_cls: 0.1020  d3.loss_bbox: 0.1563  d3.loss_iou: 0.4132  d4.loss_cls: 0.0985  d4.loss_bbox: 0.1524  d4.loss_iou: 0.4042
2026/03/19 10:41:53 - mmengine - INFO - Epoch(train) [58][100/245]  base_lr: 2.9658e-05 lr: 2.9658e-06  eta: 0:57:55  time: 0.6321  data_time: 0.0046  memory: 10692  grad_norm: 106.7800  loss: 4.3316  loss_cls: 0.1032  loss_bbox: 0.1504  loss_iou: 0.4033  d0.loss_cls: 0.2154  d0.loss_bbox: 0.1836  d0.loss_iou: 0.4726  d1.loss_cls: 0.1578  d1.loss_bbox: 0.1642  d1.loss_iou: 0.4338  d2.loss_cls: 0.1265  d2.loss_bbox: 0.1582  d2.loss_iou: 0.4208  d3.loss_cls: 0.1095  d3.loss_bbox: 0.1549  d3.loss_iou: 0.4153  d4.loss_cls: 0.1046  d4.loss_bbox: 0.1514  d4.loss_iou: 0.4060
2026/03/19 10:42:24 - mmengine - INFO - Epoch(train) [58][150/245]  base_lr: 2.9658e-05 lr: 2.9658e-06  eta: 0:57:23  time: 0.6246  data_time: 0.0041  memory: 10692  grad_norm: 83.7782  loss: 4.1969  loss_cls: 0.0984  loss_bbox: 0.1446  loss_iou: 0.3903  d0.loss_cls: 0.2106  d0.loss_bbox: 0.1778  d0.loss_iou: 0.4606  d1.loss_cls: 0.1539  d1.loss_bbox: 0.1593  d1.loss_iou: 0.4234  d2.loss_cls: 0.1215  d2.loss_bbox: 0.1532  d2.loss_iou: 0.4088  d3.loss_cls: 0.1033  d3.loss_bbox: 0.1502  d3.loss_iou: 0.4020  d4.loss_cls: 0.0998  d4.loss_bbox: 0.1461  d4.loss_iou: 0.3933
2026/03/19 10:42:55 - mmengine - INFO - Epoch(train) [58][200/245]  base_lr: 2.9658e-05 lr: 2.9658e-06  eta: 0:56:52  time: 0.6169  data_time: 0.0044  memory: 10692  grad_norm: 77.1244  loss: 4.3007  loss_cls: 0.0984  loss_bbox: 0.1494  loss_iou: 0.4030  d0.loss_cls: 0.2161  d0.loss_bbox: 0.1815  d0.loss_iou: 0.4705  d1.loss_cls: 0.1577  d1.loss_bbox: 0.1636  d1.loss_iou: 0.4324  d2.loss_cls: 0.1217  d2.loss_bbox: 0.1574  d2.loss_iou: 0.4205  d3.loss_cls: 0.1051  d3.loss_bbox: 0.1538  d3.loss_iou: 0.4140  d4.loss_cls: 0.1006  d4.loss_bbox: 0.1499  d4.loss_iou: 0.4052
2026/03/19 10:43:22 - mmengine - INFO - Exp name: detr_r50_ruod_120e_pretrained_20260319_080015
2026/03/19 10:43:25 - mmengine - INFO - Epoch(val) [58][ 50/245]    eta: 0:00:13  time: 0.0670  data_time: 0.0298  memory: 10692  
2026/03/19 10:43:29 - mmengine - INFO - Epoch(val) [58][100/245]    eta: 0:00:09  time: 0.0681  data_time: 0.0280  memory: 1187  
2026/03/19 10:43:31 - mmengine - INFO - Epoch(val) [58][150/245]    eta: 0:00:05  time: 0.0504  data_time: 0.0098  memory: 1187  
2026/03/19 10:43:34 - mmengine - INFO - Epoch(val) [58][200/245]    eta: 0:00:02  time: 0.0497  data_time: 0.0104  memory: 1187  
2026/03/19 10:43:38 - mmengine - INFO - Evaluating bbox...
2026/03/19 10:43:52 - mmengine - INFO - bbox_mAP_copypaste: 0.456 0.740 0.457 0.110 0.260 0.518
2026/03/19 10:43:52 - mmengine - INFO - Epoch(val) [58][245/245]    coco/bbox_mAP: 0.4560  coco/bbox_mAP_50: 0.7400  coco/bbox_mAP_75: 0.4570  coco/bbox_mAP_s: 0.1100  coco/bbox_mAP_m: 0.2600  coco/bbox_mAP_l: 0.5180  data_time: 0.0176  time: 0.0568
2026/03/19 10:44:24 - mmengine - INFO - Epoch(train) [59][ 50/245]  base_lr: 2.8355e-05 lr: 2.8355e-06  eta: 0:55:52  time: 0.6377  data_time: 0.0150  memory: 10692  grad_norm: 87.3928  loss: 4.1522  loss_cls: 0.0954  loss_bbox: 0.1456  loss_iou: 0.3863  d0.loss_cls: 0.2066  d0.loss_bbox: 0.1796  d0.loss_iou: 0.4551  d1.loss_cls: 0.1449  d1.loss_bbox: 0.1619  d1.loss_iou: 0.4186  d2.loss_cls: 0.1168  d2.loss_bbox: 0.1536  d2.loss_iou: 0.4042  d3.loss_cls: 0.1005  d3.loss_bbox: 0.1509  d3.loss_iou: 0.3983  d4.loss_cls: 0.0976  d4.loss_bbox: 0.1467  d4.loss_iou: 0.3895
2026/03/19 10:44:55 - mmengine - INFO - Epoch(train) [59][100/245]  base_lr: 2.8355e-05 lr: 2.8355e-06  eta: 0:55:20  time: 0.6224  data_time: 0.0041  memory: 10692  grad_norm: 82.3503  loss: 4.3311  loss_cls: 0.0974  loss_bbox: 0.1489  loss_iou: 0.4102  d0.loss_cls: 0.2091  d0.loss_bbox: 0.1826  d0.loss_iou: 0.4813  d1.loss_cls: 0.1523  d1.loss_bbox: 0.1641  d1.loss_iou: 0.4422  d2.loss_cls: 0.1176  d2.loss_bbox: 0.1573  d2.loss_iou: 0.4296  d3.loss_cls: 0.1022  d3.loss_bbox: 0.1531  d3.loss_iou: 0.4211  d4.loss_cls: 0.0986  d4.loss_bbox: 0.1500  d4.loss_iou: 0.4135
2026/03/19 10:45:26 - mmengine - INFO - Epoch(train) [59][150/245]  base_lr: 2.8355e-05 lr: 2.8355e-06  eta: 0:54:49  time: 0.6265  data_time: 0.0044  memory: 10692  grad_norm: 82.2372  loss: 4.2803  loss_cls: 0.0964  loss_bbox: 0.1491  loss_iou: 0.4036  d0.loss_cls: 0.2078  d0.loss_bbox: 0.1817  d0.loss_iou: 0.4714  d1.loss_cls: 0.1507  d1.loss_bbox: 0.1638  d1.loss_iou: 0.4341  d2.loss_cls: 0.1204  d2.loss_bbox: 0.1567  d2.loss_iou: 0.4191  d3.loss_cls: 0.1008  d3.loss_bbox: 0.1544  d3.loss_iou: 0.4154  d4.loss_cls: 0.0975  d4.loss_bbox: 0.1504  d4.loss_iou: 0.4068
2026/03/19 10:45:57 - mmengine - INFO - Epoch(train) [59][200/245]  base_lr: 2.8355e-05 lr: 2.8355e-06  eta: 0:54:17  time: 0.6152  data_time: 0.0044  memory: 10692  grad_norm: 81.3528  loss: 4.2640  loss_cls: 0.0950  loss_bbox: 0.1483  loss_iou: 0.3997  d0.loss_cls: 0.2125  d0.loss_bbox: 0.1826  d0.loss_iou: 0.4669  d1.loss_cls: 0.1538  d1.loss_bbox: 0.1640  d1.loss_iou: 0.4309  d2.loss_cls: 0.1172  d2.loss_bbox: 0.1564  d2.loss_iou: 0.4194  d3.loss_cls: 0.1012  d3.loss_bbox: 0.1537  d3.loss_iou: 0.4129  d4.loss_cls: 0.0971  d4.loss_bbox: 0.1496  d4.loss_iou: 0.4026
2026/03/19 10:46:24 - mmengine - INFO - Exp name: detr_r50_ruod_120e_pretrained_20260319_080015
2026/03/19 10:46:57 - mmengine - INFO - Epoch(train) [60][ 50/245]  base_lr: 2.7053e-05 lr: 2.7053e-06  eta: 0:53:18  time: 0.6495  data_time: 0.0139  memory: 10692  grad_norm: inf  loss: 4.1385  loss_cls: 0.0923  loss_bbox: 0.1454  loss_iou: 0.3889  d0.loss_cls: 0.2024  d0.loss_bbox: 0.1781  d0.loss_iou: 0.4553  d1.loss_cls: 0.1464  d1.loss_bbox: 0.1595  d1.loss_iou: 0.4163  d2.loss_cls: 0.1157  d2.loss_bbox: 0.1530  d2.loss_iou: 0.4047  d3.loss_cls: 0.0985  d3.loss_bbox: 0.1504  d3.loss_iou: 0.3999  d4.loss_cls: 0.0937  d4.loss_bbox: 0.1468  d4.loss_iou: 0.3913
2026/03/19 10:47:28 - mmengine - INFO - Epoch(train) [60][100/245]  base_lr: 2.7053e-05 lr: 2.7053e-06  eta: 0:52:46  time: 0.6205  data_time: 0.0042  memory: 10692  grad_norm: 100.1243  loss: 4.2667  loss_cls: 0.0944  loss_bbox: 0.1496  loss_iou: 0.4015  d0.loss_cls: 0.2094  d0.loss_bbox: 0.1826  d0.loss_iou: 0.4688  d1.loss_cls: 0.1525  d1.loss_bbox: 0.1635  d1.loss_iou: 0.4297  d2.loss_cls: 0.1219  d2.loss_bbox: 0.1567  d2.loss_iou: 0.4171  d3.loss_cls: 0.1020  d3.loss_bbox: 0.1541  d3.loss_iou: 0.4116  d4.loss_cls: 0.0955  d4.loss_bbox: 0.1509  d4.loss_iou: 0.4048
2026/03/19 10:47:58 - mmengine - INFO - Epoch(train) [60][150/245]  base_lr: 2.7053e-05 lr: 2.7053e-06  eta: 0:52:14  time: 0.6124  data_time: 0.0042  memory: 10692  grad_norm: 77.9287  loss: 4.1313  loss_cls: 0.0930  loss_bbox: 0.1463  loss_iou: 0.3852  d0.loss_cls: 0.2045  d0.loss_bbox: 0.1823  d0.loss_iou: 0.4509  d1.loss_cls: 0.1476  d1.loss_bbox: 0.1613  d1.loss_iou: 0.4125  d2.loss_cls: 0.1149  d2.loss_bbox: 0.1544  d2.loss_iou: 0.4016  d3.loss_cls: 0.0984  d3.loss_bbox: 0.1520  d3.loss_iou: 0.3964  d4.loss_cls: 0.0940  d4.loss_bbox: 0.1477  d4.loss_iou: 0.3883
2026/03/19 10:48:29 - mmengine - INFO - Epoch(train) [60][200/245]  base_lr: 2.7053e-05 lr: 2.7053e-06  eta: 0:51:43  time: 0.6232  data_time: 0.0044  memory: 10692  grad_norm: 82.0165  loss: 4.1273  loss_cls: 0.0885  loss_bbox: 0.1448  loss_iou: 0.3879  d0.loss_cls: 0.2045  d0.loss_bbox: 0.1773  d0.loss_iou: 0.4555  d1.loss_cls: 0.1466  d1.loss_bbox: 0.1587  d1.loss_iou: 0.4206  d2.loss_cls: 0.1159  d2.loss_bbox: 0.1520  d2.loss_iou: 0.4056  d3.loss_cls: 0.0959  d3.loss_bbox: 0.1490  d3.loss_iou: 0.3965  d4.loss_cls: 0.0916  d4.loss_bbox: 0.1459  d4.loss_iou: 0.3905
2026/03/19 10:48:56 - mmengine - INFO - Exp name: detr_r50_ruod_120e_pretrained_20260319_080015
2026/03/19 10:49:00 - mmengine - INFO - Epoch(val) [60][ 50/245]    eta: 0:00:13  time: 0.0667  data_time: 0.0288  memory: 10692  
2026/03/19 10:49:03 - mmengine - INFO - Epoch(val) [60][100/245]    eta: 0:00:09  time: 0.0652  data_time: 0.0254  memory: 1187  
2026/03/19 10:49:05 - mmengine - INFO - Epoch(val) [60][150/245]    eta: 0:00:05  time: 0.0513  data_time: 0.0107  memory: 1187  
2026/03/19 10:49:08 - mmengine - INFO - Epoch(val) [60][200/245]    eta: 0:00:02  time: 0.0495  data_time: 0.0101  memory: 1187  
2026/03/19 10:49:13 - mmengine - INFO - Evaluating bbox...
2026/03/19 10:49:26 - mmengine - INFO - bbox_mAP_copypaste: 0.458 0.738 0.460 0.115 0.263 0.521
2026/03/19 10:49:26 - mmengine - INFO - Epoch(val) [60][245/245]    coco/bbox_mAP: 0.4580  coco/bbox_mAP_50: 0.7380  coco/bbox_mAP_75: 0.4600  coco/bbox_mAP_s: 0.1150  coco/bbox_mAP_m: 0.2630  coco/bbox_mAP_l: 0.5210  data_time: 0.0169  time: 0.0561
2026/03/19 10:49:58 - mmengine - INFO - Epoch(train) [61][ 50/245]  base_lr: 2.5750e-05 lr: 2.5750e-06  eta: 0:50:43  time: 0.6487  data_time: 0.0184  memory: 10692  grad_norm: 74.0415  loss: 4.2136  loss_cls: 0.0936  loss_bbox: 0.1470  loss_iou: 0.3969  d0.loss_cls: 0.2025  d0.loss_bbox: 0.1805  d0.loss_iou: 0.4653  d1.loss_cls: 0.1441  d1.loss_bbox: 0.1627  d1.loss_iou: 0.4300  d2.loss_cls: 0.1154  d2.loss_bbox: 0.1553  d2.loss_iou: 0.4168  d3.loss_cls: 0.0971  d3.loss_bbox: 0.1528  d3.loss_iou: 0.4099  d4.loss_cls: 0.0948  d4.loss_bbox: 0.1486  d4.loss_iou: 0.4003
2026/03/19 10:50:30 - mmengine - INFO - Epoch(train) [61][100/245]  base_lr: 2.5750e-05 lr: 2.5750e-06  eta: 0:50:12  time: 0.6304  data_time: 0.0046  memory: 10692  grad_norm: 89.4531  loss: 4.1762  loss_cls: 0.0931  loss_bbox: 0.1445  loss_iou: 0.3948  d0.loss_cls: 0.2040  d0.loss_bbox: 0.1770  d0.loss_iou: 0.4646  d1.loss_cls: 0.1456  d1.loss_bbox: 0.1589  d1.loss_iou: 0.4279  d2.loss_cls: 0.1130  d2.loss_bbox: 0.1518  d2.loss_iou: 0.4123  d3.loss_cls: 0.0959  d3.loss_bbox: 0.1498  d3.loss_iou: 0.4069  d4.loss_cls: 0.0931  d4.loss_bbox: 0.1457  d4.loss_iou: 0.3973
2026/03/19 10:51:01 - mmengine - INFO - Epoch(train) [61][150/245]  base_lr: 2.5750e-05 lr: 2.5750e-06  eta: 0:49:40  time: 0.6222  data_time: 0.0043  memory: 10692  grad_norm: 84.8029  loss: 4.3277  loss_cls: 0.0930  loss_bbox: 0.1476  loss_iou: 0.4158  d0.loss_cls: 0.2042  d0.loss_bbox: 0.1823  d0.loss_iou: 0.4888  d1.loss_cls: 0.1460  d1.loss_bbox: 0.1620  d1.loss_iou: 0.4459  d2.loss_cls: 0.1164  d2.loss_bbox: 0.1546  d2.loss_iou: 0.4319  d3.loss_cls: 0.1005  d3.loss_bbox: 0.1513  d3.loss_iou: 0.4257  d4.loss_cls: 0.0946  d4.loss_bbox: 0.1487  d4.loss_iou: 0.4185
2026/03/19 10:51:32 - mmengine - INFO - Epoch(train) [61][200/245]  base_lr: 2.5750e-05 lr: 2.5750e-06  eta: 0:49:09  time: 0.6200  data_time: 0.0040  memory: 10692  grad_norm: 77.0517  loss: 4.0433  loss_cls: 0.0920  loss_bbox: 0.1427  loss_iou: 0.3725  d0.loss_cls: 0.2076  d0.loss_bbox: 0.1761  d0.loss_iou: 0.4440  d1.loss_cls: 0.1469  d1.loss_bbox: 0.1583  d1.loss_iou: 0.4032  d2.loss_cls: 0.1141  d2.loss_bbox: 0.1512  d2.loss_iou: 0.3916  d3.loss_cls: 0.0962  d3.loss_bbox: 0.1481  d3.loss_iou: 0.3861  d4.loss_cls: 0.0926  d4.loss_bbox: 0.1442  d4.loss_iou: 0.3758
2026/03/19 10:51:59 - mmengine - INFO - Exp name: detr_r50_ruod_120e_pretrained_20260319_080015
2026/03/19 10:52:32 - mmengine - INFO - Epoch(train) [62][ 50/245]  base_lr: 2.4447e-05 lr: 2.4447e-06  eta: 0:48:09  time: 0.6512  data_time: 0.0155  memory: 10692  grad_norm: 74.0484  loss: 4.1219  loss_cls: 0.0903  loss_bbox: 0.1435  loss_iou: 0.3873  d0.loss_cls: 0.1971  d0.loss_bbox: 0.1795  d0.loss_iou: 0.4633  d1.loss_cls: 0.1429  d1.loss_bbox: 0.1583  d1.loss_iou: 0.4197  d2.loss_cls: 0.1115  d2.loss_bbox: 0.1517  d2.loss_iou: 0.4054  d3.loss_cls: 0.0950  d3.loss_bbox: 0.1492  d3.loss_iou: 0.4001  d4.loss_cls: 0.0914  d4.loss_bbox: 0.1450  d4.loss_iou: 0.3907
2026/03/19 10:52:35 - mmengine - INFO - Exp name: detr_r50_ruod_120e_pretrained_20260319_080015
2026/03/19 10:53:02 - mmengine - INFO - Epoch(train) [62][100/245]  base_lr: 2.4447e-05 lr: 2.4447e-06  eta: 0:47:38  time: 0.6091  data_time: 0.0043  memory: 10692  grad_norm: 85.6723  loss: 4.1587  loss_cls: 0.0896  loss_bbox: 0.1454  loss_iou: 0.3896  d0.loss_cls: 0.2031  d0.loss_bbox: 0.1817  d0.loss_iou: 0.4642  d1.loss_cls: 0.1456  d1.loss_bbox: 0.1605  d1.loss_iou: 0.4223  d2.loss_cls: 0.1110  d2.loss_bbox: 0.1539  d2.loss_iou: 0.4101  d3.loss_cls: 0.0963  d3.loss_bbox: 0.1509  d3.loss_iou: 0.4028  d4.loss_cls: 0.0904  d4.loss_bbox: 0.1473  d4.loss_iou: 0.3939
2026/03/19 10:53:34 - mmengine - INFO - Epoch(train) [62][150/245]  base_lr: 2.4447e-05 lr: 2.4447e-06  eta: 0:47:06  time: 0.6332  data_time: 0.0048  memory: 10692  grad_norm: 87.7677  loss: 4.1721  loss_cls: 0.0931  loss_bbox: 0.1437  loss_iou: 0.3940  d0.loss_cls: 0.2011  d0.loss_bbox: 0.1762  d0.loss_iou: 0.4647  d1.loss_cls: 0.1461  d1.loss_bbox: 0.1588  d1.loss_iou: 0.4270  d2.loss_cls: 0.1150  d2.loss_bbox: 0.1509  d2.loss_iou: 0.4132  d3.loss_cls: 0.0986  d3.loss_bbox: 0.1484  d3.loss_iou: 0.4053  d4.loss_cls: 0.0950  d4.loss_bbox: 0.1445  d4.loss_iou: 0.3965
2026/03/19 10:54:05 - mmengine - INFO - Epoch(train) [62][200/245]  base_lr: 2.4447e-05 lr: 2.4447e-06  eta: 0:46:35  time: 0.6276  data_time: 0.0047  memory: 10692  grad_norm: 82.8060  loss: 4.2874  loss_cls: 0.0938  loss_bbox: 0.1476  loss_iou: 0.4078  d0.loss_cls: 0.2047  d0.loss_bbox: 0.1792  d0.loss_iou: 0.4739  d1.loss_cls: 0.1506  d1.loss_bbox: 0.1624  d1.loss_iou: 0.4402  d2.loss_cls: 0.1176  d2.loss_bbox: 0.1558  d2.loss_iou: 0.4260  d3.loss_cls: 0.1029  d3.loss_bbox: 0.1520  d3.loss_iou: 0.4173  d4.loss_cls: 0.0965  d4.loss_bbox: 0.1488  d4.loss_iou: 0.4102
2026/03/19 10:54:32 - mmengine - INFO - Exp name: detr_r50_ruod_120e_pretrained_20260319_080015
2026/03/19 10:54:36 - mmengine - INFO - Epoch(val) [62][ 50/245]    eta: 0:00:13  time: 0.0687  data_time: 0.0316  memory: 10692  
2026/03/19 10:54:39 - mmengine - INFO - Epoch(val) [62][100/245]    eta: 0:00:10  time: 0.0730  data_time: 0.0340  memory: 1187  
2026/03/19 10:54:42 - mmengine - INFO - Epoch(val) [62][150/245]    eta: 0:00:06  time: 0.0509  data_time: 0.0112  memory: 1187  
2026/03/19 10:54:44 - mmengine - INFO - Epoch(val) [62][200/245]    eta: 0:00:02  time: 0.0493  data_time: 0.0102  memory: 1187  
2026/03/19 10:54:49 - mmengine - INFO - Evaluating bbox...
2026/03/19 10:55:02 - mmengine - INFO - bbox_mAP_copypaste: 0.462 0.740 0.468 0.109 0.261 0.526
2026/03/19 10:55:02 - mmengine - INFO - Epoch(val) [62][245/245]    coco/bbox_mAP: 0.4620  coco/bbox_mAP_50: 0.7400  coco/bbox_mAP_75: 0.4680  coco/bbox_mAP_s: 0.1090  coco/bbox_mAP_m: 0.2610  coco/bbox_mAP_l: 0.5260  data_time: 0.0197  time: 0.0585
2026/03/19 10:55:02 - mmengine - INFO - The previous best checkpoint /workspace/aquaculture-perception/runs/mmdet/detr_r50_ruod_120e_pretrained/best_coco_bbox_mAP_epoch_56.pth is removed
2026/03/19 10:55:03 - mmengine - INFO - The best checkpoint with 0.4620 coco/bbox_mAP at 62 epoch is saved to best_coco_bbox_mAP_epoch_62.pth.
2026/03/19 10:55:36 - mmengine - INFO - Epoch(train) [63][ 50/245]  base_lr: 2.3145e-05 lr: 2.3145e-06  eta: 0:45:36  time: 0.6572  data_time: 0.0153  memory: 10692  grad_norm: 84.5721  loss: 4.1547  loss_cls: 0.0878  loss_bbox: 0.1442  loss_iou: 0.3929  d0.loss_cls: 0.2054  d0.loss_bbox: 0.1776  d0.loss_iou: 0.4619  d1.loss_cls: 0.1454  d1.loss_bbox: 0.1586  d1.loss_iou: 0.4230  d2.loss_cls: 0.1128  d2.loss_bbox: 0.1517  d2.loss_iou: 0.4119  d3.loss_cls: 0.0933  d3.loss_bbox: 0.1498  d3.loss_iou: 0.4050  d4.loss_cls: 0.0894  d4.loss_bbox: 0.1463  d4.loss_iou: 0.3977
2026/03/19 10:56:08 - mmengine - INFO - Epoch(train) [63][100/245]  base_lr: 2.3145e-05 lr: 2.3145e-06  eta: 0:45:04  time: 0.6289  data_time: 0.0047  memory: 10692  grad_norm: 91.0779  loss: 4.0884  loss_cls: 0.0902  loss_bbox: 0.1429  loss_iou: 0.3820  d0.loss_cls: 0.2081  d0.loss_bbox: 0.1760  d0.loss_iou: 0.4497  d1.loss_cls: 0.1478  d1.loss_bbox: 0.1576  d1.loss_iou: 0.4133  d2.loss_cls: 0.1137  d2.loss_bbox: 0.1509  d2.loss_iou: 0.4000  d3.loss_cls: 0.0949  d3.loss_bbox: 0.1480  d3.loss_iou: 0.3925  d4.loss_cls: 0.0920  d4.loss_bbox: 0.1443  d4.loss_iou: 0.3847
2026/03/19 10:56:39 - mmengine - INFO - Epoch(train) [63][150/245]  base_lr: 2.3145e-05 lr: 2.3145e-06  eta: 0:44:33  time: 0.6269  data_time: 0.0048  memory: 10692  grad_norm: 89.7540  loss: 4.1891  loss_cls: 0.0916  loss_bbox: 0.1439  loss_iou: 0.3955  d0.loss_cls: 0.2083  d0.loss_bbox: 0.1776  d0.loss_iou: 0.4639  d1.loss_cls: 0.1474  d1.loss_bbox: 0.1589  d1.loss_iou: 0.4280  d2.loss_cls: 0.1155  d2.loss_bbox: 0.1516  d2.loss_iou: 0.4141  d3.loss_cls: 0.0977  d3.loss_bbox: 0.1492  d3.loss_iou: 0.4077  d4.loss_cls: 0.0928  d4.loss_bbox: 0.1458  d4.loss_iou: 0.3997
2026/03/19 10:57:11 - mmengine - INFO - Epoch(train) [63][200/245]  base_lr: 2.3145e-05 lr: 2.3145e-06  eta: 0:44:02  time: 0.6330  data_time: 0.0048  memory: 10692  grad_norm: 80.8585  loss: 4.1095  loss_cls: 0.0903  loss_bbox: 0.1445  loss_iou: 0.3839  d0.loss_cls: 0.2028  d0.loss_bbox: 0.1794  d0.loss_iou: 0.4526  d1.loss_cls: 0.1445  d1.loss_bbox: 0.1604  d1.loss_iou: 0.4156  d2.loss_cls: 0.1138  d2.loss_bbox: 0.1531  d2.loss_iou: 0.4023  d3.loss_cls: 0.0974  d3.loss_bbox: 0.1494  d3.loss_iou: 0.3957  d4.loss_cls: 0.0910  d4.loss_bbox: 0.1459  d4.loss_iou: 0.3870
2026/03/19 10:57:38 - mmengine - INFO - Exp name: detr_r50_ruod_120e_pretrained_20260319_080015
2026/03/19 10:58:11 - mmengine - INFO - Epoch(train) [64][ 50/245]  base_lr: 2.1842e-05 lr: 2.1842e-06  eta: 0:43:02  time: 0.6547  data_time: 0.0125  memory: 10692  grad_norm: 105.4473  loss: 4.2433  loss_cls: 0.0914  loss_bbox: 0.1444  loss_iou: 0.4088  d0.loss_cls: 0.2000  d0.loss_bbox: 0.1773  d0.loss_iou: 0.4775  d1.loss_cls: 0.1423  d1.loss_bbox: 0.1588  d1.loss_iou: 0.4381  d2.loss_cls: 0.1118  d2.loss_bbox: 0.1517  d2.loss_iou: 0.4263  d3.loss_cls: 0.0968  d3.loss_bbox: 0.1491  d3.loss_iou: 0.4198  d4.loss_cls: 0.0923  d4.loss_bbox: 0.1457  d4.loss_iou: 0.4114
2026/03/19 10:58:43 - mmengine - INFO - Epoch(train) [64][100/245]  base_lr: 2.1842e-05 lr: 2.1842e-06  eta: 0:42:31  time: 0.6366  data_time: 0.0041  memory: 10692  grad_norm: 77.5920  loss: 4.1510  loss_cls: 0.0911  loss_bbox: 0.1455  loss_iou: 0.3902  d0.loss_cls: 0.2030  d0.loss_bbox: 0.1805  d0.loss_iou: 0.4575  d1.loss_cls: 0.1415  d1.loss_bbox: 0.1612  d1.loss_iou: 0.4215  d2.loss_cls: 0.1121  d2.loss_bbox: 0.1539  d2.loss_iou: 0.4098  d3.loss_cls: 0.0977  d3.loss_bbox: 0.1505  d3.loss_iou: 0.4014  d4.loss_cls: 0.0931  d4.loss_bbox: 0.1475  d4.loss_iou: 0.3932
2026/03/19 10:59:14 - mmengine - INFO - Epoch(train) [64][150/245]  base_lr: 2.1842e-05 lr: 2.1842e-06  eta: 0:41:59  time: 0.6210  data_time: 0.0043  memory: 10692  grad_norm: 85.2912  loss: 4.0837  loss_cls: 0.0900  loss_bbox: 0.1414  loss_iou: 0.3836  d0.loss_cls: 0.2056  d0.loss_bbox: 0.1740  d0.loss_iou: 0.4501  d1.loss_cls: 0.1458  d1.loss_bbox: 0.1565  d1.loss_iou: 0.4150  d2.loss_cls: 0.1109  d2.loss_bbox: 0.1497  d2.loss_iou: 0.4029  d3.loss_cls: 0.0963  d3.loss_bbox: 0.1464  d3.loss_iou: 0.3949  d4.loss_cls: 0.0910  d4.loss_bbox: 0.1429  d4.loss_iou: 0.3867
2026/03/19 10:59:45 - mmengine - INFO - Epoch(train) [64][200/245]  base_lr: 2.1842e-05 lr: 2.1842e-06  eta: 0:41:28  time: 0.6230  data_time: 0.0045  memory: 10692  grad_norm: 71.7399  loss: 4.0788  loss_cls: 0.0866  loss_bbox: 0.1429  loss_iou: 0.3859  d0.loss_cls: 0.1988  d0.loss_bbox: 0.1768  d0.loss_iou: 0.4547  d1.loss_cls: 0.1396  d1.loss_bbox: 0.1585  d1.loss_iou: 0.4162  d2.loss_cls: 0.1065  d2.loss_bbox: 0.1505  d2.loss_iou: 0.4028  d3.loss_cls: 0.0920  d3.loss_bbox: 0.1481  d3.loss_iou: 0.3974  d4.loss_cls: 0.0886  d4.loss_bbox: 0.1442  d4.loss_iou: 0.3885
2026/03/19 11:00:12 - mmengine - INFO - Exp name: detr_r50_ruod_120e_pretrained_20260319_080015
2026/03/19 11:00:15 - mmengine - INFO - Epoch(val) [64][ 50/245]    eta: 0:00:13  time: 0.0667  data_time: 0.0310  memory: 10692  
2026/03/19 11:00:19 - mmengine - INFO - Epoch(val) [64][100/245]    eta: 0:00:09  time: 0.0646  data_time: 0.0247  memory: 1187  
2026/03/19 11:00:21 - mmengine - INFO - Epoch(val) [64][150/245]    eta: 0:00:05  time: 0.0512  data_time: 0.0107  memory: 1187  
2026/03/19 11:00:24 - mmengine - INFO - Epoch(val) [64][200/245]    eta: 0:00:02  time: 0.0504  data_time: 0.0112  memory: 1187  
2026/03/19 11:00:29 - mmengine - INFO - Evaluating bbox...
2026/03/19 11:00:41 - mmengine - INFO - bbox_mAP_copypaste: 0.459 0.738 0.463 0.092 0.266 0.522
2026/03/19 11:00:41 - mmengine - INFO - Epoch(val) [64][245/245]    coco/bbox_mAP: 0.4590  coco/bbox_mAP_50: 0.7380  coco/bbox_mAP_75: 0.4630  coco/bbox_mAP_s: 0.0920  coco/bbox_mAP_m: 0.2660  coco/bbox_mAP_l: 0.5220  data_time: 0.0175  time: 0.0562
2026/03/19 11:01:14 - mmengine - INFO - Epoch(train) [65][ 50/245]  base_lr: 2.0539e-05 lr: 2.0539e-06  eta: 0:40:28  time: 0.6544  data_time: 0.0168  memory: 10692  grad_norm: 82.3662  loss: 4.0976  loss_cls: 0.0872  loss_bbox: 0.1429  loss_iou: 0.3857  d0.loss_cls: 0.2012  d0.loss_bbox: 0.1777  d0.loss_iou: 0.4561  d1.loss_cls: 0.1446  d1.loss_bbox: 0.1583  d1.loss_iou: 0.4180  d2.loss_cls: 0.1106  d2.loss_bbox: 0.1516  d2.loss_iou: 0.4056  d3.loss_cls: 0.0943  d3.loss_bbox: 0.1476  d3.loss_iou: 0.3958  d4.loss_cls: 0.0881  d4.loss_bbox: 0.1443  d4.loss_iou: 0.3879
2026/03/19 11:01:46 - mmengine - INFO - Epoch(train) [65][100/245]  base_lr: 2.0539e-05 lr: 2.0539e-06  eta: 0:39:57  time: 0.6331  data_time: 0.0041  memory: 10692  grad_norm: 78.8816  loss: 4.0976  loss_cls: 0.0882  loss_bbox: 0.1424  loss_iou: 0.3878  d0.loss_cls: 0.1990  d0.loss_bbox: 0.1773  d0.loss_iou: 0.4559  d1.loss_cls: 0.1406  d1.loss_bbox: 0.1574  d1.loss_iou: 0.4196  d2.loss_cls: 0.1090  d2.loss_bbox: 0.1509  d2.loss_iou: 0.4063  d3.loss_cls: 0.0925  d3.loss_bbox: 0.1474  d3.loss_iou: 0.3999  d4.loss_cls: 0.0884  d4.loss_bbox: 0.1441  d4.loss_iou: 0.3908
2026/03/19 11:02:17 - mmengine - INFO - Epoch(train) [65][150/245]  base_lr: 2.0539e-05 lr: 2.0539e-06  eta: 0:39:26  time: 0.6287  data_time: 0.0045  memory: 10692  grad_norm: 79.1449  loss: 4.0385  loss_cls: 0.0850  loss_bbox: 0.1399  loss_iou: 0.3813  d0.loss_cls: 0.2022  d0.loss_bbox: 0.1724  d0.loss_iou: 0.4526  d1.loss_cls: 0.1413  d1.loss_bbox: 0.1543  d1.loss_iou: 0.4114  d2.loss_cls: 0.1076  d2.loss_bbox: 0.1474  d2.loss_iou: 0.3991  d3.loss_cls: 0.0918  d3.loss_bbox: 0.1447  d3.loss_iou: 0.3937  d4.loss_cls: 0.0878  d4.loss_bbox: 0.1411  d4.loss_iou: 0.3848
2026/03/19 11:02:48 - mmengine - INFO - Epoch(train) [65][200/245]  base_lr: 2.0539e-05 lr: 2.0539e-06  eta: 0:38:54  time: 0.6206  data_time: 0.0041  memory: 10692  grad_norm: 87.3866  loss: 4.0905  loss_cls: 0.0868  loss_bbox: 0.1424  loss_iou: 0.3865  d0.loss_cls: 0.2013  d0.loss_bbox: 0.1759  d0.loss_iou: 0.4560  d1.loss_cls: 0.1396  d1.loss_bbox: 0.1574  d1.loss_iou: 0.4188  d2.loss_cls: 0.1073  d2.loss_bbox: 0.1504  d2.loss_iou: 0.4061  d3.loss_cls: 0.0930  d3.loss_bbox: 0.1478  d3.loss_iou: 0.4000  d4.loss_cls: 0.0885  d4.loss_bbox: 0.1434  d4.loss_iou: 0.3893
2026/03/19 11:03:16 - mmengine - INFO - Exp name: detr_r50_ruod_120e_pretrained_20260319_080015
2026/03/19 11:03:48 - mmengine - INFO - Epoch(train) [66][ 50/245]  base_lr: 1.9237e-05 lr: 1.9237e-06  eta: 0:37:55  time: 0.6485  data_time: 0.0155  memory: 10692  grad_norm: 82.0904  loss: 4.0794  loss_cls: 0.0882  loss_bbox: 0.1424  loss_iou: 0.3846  d0.loss_cls: 0.1956  d0.loss_bbox: 0.1767  d0.loss_iou: 0.4542  d1.loss_cls: 0.1403  d1.loss_bbox: 0.1578  d1.loss_iou: 0.4159  d2.loss_cls: 0.1088  d2.loss_bbox: 0.1508  d2.loss_iou: 0.4042  d3.loss_cls: 0.0942  d3.loss_bbox: 0.1472  d3.loss_iou: 0.3963  d4.loss_cls: 0.0902  d4.loss_bbox: 0.1438  d4.loss_iou: 0.3882
2026/03/19 11:04:04 - mmengine - INFO - Exp name: detr_r50_ruod_120e_pretrained_20260319_080015
2026/03/19 11:04:20 - mmengine - INFO - Epoch(train) [66][100/245]  base_lr: 1.9237e-05 lr: 1.9237e-06  eta: 0:37:23  time: 0.6336  data_time: 0.0046  memory: 10692  grad_norm: 78.8604  loss: 4.1969  loss_cls: 0.0936  loss_bbox: 0.1416  loss_iou: 0.3963  d0.loss_cls: 0.2068  d0.loss_bbox: 0.1779  d0.loss_iou: 0.4686  d1.loss_cls: 0.1481  d1.loss_bbox: 0.1586  d1.loss_iou: 0.4289  d2.loss_cls: 0.1158  d2.loss_bbox: 0.1510  d2.loss_iou: 0.4160  d3.loss_cls: 0.0979  d3.loss_bbox: 0.1475  d3.loss_iou: 0.4099  d4.loss_cls: 0.0951  d4.loss_bbox: 0.1432  d4.loss_iou: 0.4000
2026/03/19 11:04:52 - mmengine - INFO - Epoch(train) [66][150/245]  base_lr: 1.9237e-05 lr: 1.9237e-06  eta: 0:36:52  time: 0.6534  data_time: 0.0056  memory: 10692  grad_norm: 81.3984  loss: 4.1023  loss_cls: 0.0881  loss_bbox: 0.1421  loss_iou: 0.3874  d0.loss_cls: 0.1993  d0.loss_bbox: 0.1762  d0.loss_iou: 0.4566  d1.loss_cls: 0.1405  d1.loss_bbox: 0.1574  d1.loss_iou: 0.4200  d2.loss_cls: 0.1084  d2.loss_bbox: 0.1510  d2.loss_iou: 0.4070  d3.loss_cls: 0.0949  d3.loss_bbox: 0.1476  d3.loss_iou: 0.4007  d4.loss_cls: 0.0904  d4.loss_bbox: 0.1439  d4.loss_iou: 0.3908
2026/03/19 11:05:24 - mmengine - INFO - Epoch(train) [66][200/245]  base_lr: 1.9237e-05 lr: 1.9237e-06  eta: 0:36:21  time: 0.6371  data_time: 0.0045  memory: 10692  grad_norm: 87.3076  loss: 4.1072  loss_cls: 0.0913  loss_bbox: 0.1419  loss_iou: 0.3861  d0.loss_cls: 0.1959  d0.loss_bbox: 0.1755  d0.loss_iou: 0.4584  d1.loss_cls: 0.1389  d1.loss_bbox: 0.1583  d1.loss_iou: 0.4214  d2.loss_cls: 0.1107  d2.loss_bbox: 0.1511  d2.loss_iou: 0.4085  d3.loss_cls: 0.0953  d3.loss_bbox: 0.1479  d3.loss_iou: 0.4012  d4.loss_cls: 0.0911  d4.loss_bbox: 0.1436  d4.loss_iou: 0.3903
2026/03/19 11:05:53 - mmengine - INFO - Exp name: detr_r50_ruod_120e_pretrained_20260319_080015
2026/03/19 11:05:58 - mmengine - INFO - Epoch(val) [66][ 50/245]    eta: 0:00:22  time: 0.1136  data_time: 0.0759  memory: 10692  
2026/03/19 11:06:05 - mmengine - INFO - Epoch(val) [66][100/245]    eta: 0:00:17  time: 0.1310  data_time: 0.0919  memory: 1187  
2026/03/19 11:06:09 - mmengine - INFO - Epoch(val) [66][150/245]    eta: 0:00:10  time: 0.0799  data_time: 0.0400  memory: 1187  
2026/03/19 11:06:14 - mmengine - INFO - Epoch(val) [66][200/245]    eta: 0:00:04  time: 0.0957  data_time: 0.0565  memory: 1187  
2026/03/19 11:06:19 - mmengine - INFO - Evaluating bbox...
2026/03/19 11:06:31 - mmengine - INFO - bbox_mAP_copypaste: 0.461 0.740 0.467 0.096 0.273 0.522
2026/03/19 11:06:32 - mmengine - INFO - Epoch(val) [66][245/245]    coco/bbox_mAP: 0.4610  coco/bbox_mAP_50: 0.7400  coco/bbox_mAP_75: 0.4670  coco/bbox_mAP_s: 0.0960  coco/bbox_mAP_m: 0.2730  coco/bbox_mAP_l: 0.5220  data_time: 0.0560  time: 0.0950
2026/03/19 11:07:07 - mmengine - INFO - Epoch(train) [67][ 50/245]  base_lr: 1.7934e-05 lr: 1.7934e-06  eta: 0:35:22  time: 0.7069  data_time: 0.0339  memory: 10692  grad_norm: 81.8718  loss: 3.9218  loss_cls: 0.0798  loss_bbox: 0.1386  loss_iou: 0.3706  d0.loss_cls: 0.1894  d0.loss_bbox: 0.1728  d0.loss_iou: 0.4386  d1.loss_cls: 0.1292  d1.loss_bbox: 0.1552  d1.loss_iou: 0.4036  d2.loss_cls: 0.0996  d2.loss_bbox: 0.1479  d2.loss_iou: 0.3901  d3.loss_cls: 0.0861  d3.loss_bbox: 0.1435  d3.loss_iou: 0.3822  d4.loss_cls: 0.0810  d4.loss_bbox: 0.1400  d4.loss_iou: 0.3736
2026/03/19 11:07:40 - mmengine - INFO - Epoch(train) [67][100/245]  base_lr: 1.7934e-05 lr: 1.7934e-06  eta: 0:34:51  time: 0.6541  data_time: 0.0049  memory: 10692  grad_norm: 76.2415  loss: 4.1797  loss_cls: 0.0875  loss_bbox: 0.1440  loss_iou: 0.4001  d0.loss_cls: 0.1977  d0.loss_bbox: 0.1781  d0.loss_iou: 0.4691  d1.loss_cls: 0.1426  d1.loss_bbox: 0.1582  d1.loss_iou: 0.4329  d2.loss_cls: 0.1099  d2.loss_bbox: 0.1509  d2.loss_iou: 0.4177  d3.loss_cls: 0.0940  d3.loss_bbox: 0.1484  d3.loss_iou: 0.4116  d4.loss_cls: 0.0894  d4.loss_bbox: 0.1451  d4.loss_iou: 0.4025
2026/03/19 11:08:12 - mmengine - INFO - Epoch(train) [67][150/245]  base_lr: 1.7934e-05 lr: 1.7934e-06  eta: 0:34:20  time: 0.6514  data_time: 0.0055  memory: 10692  grad_norm: 84.8150  loss: 4.0707  loss_cls: 0.0877  loss_bbox: 0.1379  loss_iou: 0.3866  d0.loss_cls: 0.2000  d0.loss_bbox: 0.1716  d0.loss_iou: 0.4584  d1.loss_cls: 0.1424  d1.loss_bbox: 0.1525  d1.loss_iou: 0.4187  d2.loss_cls: 0.1077  d2.loss_bbox: 0.1464  d2.loss_iou: 0.4055  d3.loss_cls: 0.0947  d3.loss_bbox: 0.1436  d3.loss_iou: 0.3983  d4.loss_cls: 0.0897  d4.loss_bbox: 0.1396  d4.loss_iou: 0.3895
2026/03/19 11:08:45 - mmengine - INFO - Epoch(train) [67][200/245]  base_lr: 1.7934e-05 lr: 1.7934e-06  eta: 0:33:49  time: 0.6457  data_time: 0.0049  memory: 10692  grad_norm: 78.3073  loss: 4.1600  loss_cls: 0.0913  loss_bbox: 0.1412  loss_iou: 0.3967  d0.loss_cls: 0.1963  d0.loss_bbox: 0.1767  d0.loss_iou: 0.4723  d1.loss_cls: 0.1421  d1.loss_bbox: 0.1566  d1.loss_iou: 0.4299  d2.loss_cls: 0.1110  d2.loss_bbox: 0.1490  d2.loss_iou: 0.4150  d3.loss_cls: 0.0963  d3.loss_bbox: 0.1457  d3.loss_iou: 0.4064  d4.loss_cls: 0.0916  d4.loss_bbox: 0.1427  d4.loss_iou: 0.3991
2026/03/19 11:09:13 - mmengine - INFO - Exp name: detr_r50_ruod_120e_pretrained_20260319_080015
2026/03/19 11:09:46 - mmengine - INFO - Epoch(train) [68][ 50/245]  base_lr: 1.6632e-05 lr: 1.6632e-06  eta: 0:32:49  time: 0.6559  data_time: 0.0160  memory: 10692  grad_norm: 77.4443  loss: 4.1052  loss_cls: 0.0869  loss_bbox: 0.1400  loss_iou: 0.3902  d0.loss_cls: 0.1998  d0.loss_bbox: 0.1743  d0.loss_iou: 0.4612  d1.loss_cls: 0.1413  d1.loss_bbox: 0.1550  d1.loss_iou: 0.4231  d2.loss_cls: 0.1077  d2.loss_bbox: 0.1488  d2.loss_iou: 0.4106  d3.loss_cls: 0.0928  d3.loss_bbox: 0.1453  d3.loss_iou: 0.4045  d4.loss_cls: 0.0884  d4.loss_bbox: 0.1414  d4.loss_iou: 0.3940
2026/03/19 11:10:18 - mmengine - INFO - Epoch(train) [68][100/245]  base_lr: 1.6632e-05 lr: 1.6632e-06  eta: 0:32:18  time: 0.6296  data_time: 0.0046  memory: 10692  grad_norm: inf  loss: 3.9540  loss_cls: 0.0849  loss_bbox: 0.1369  loss_iou: 0.3724  d0.loss_cls: 0.1906  d0.loss_bbox: 0.1717  d0.loss_iou: 0.4452  d1.loss_cls: 0.1364  d1.loss_bbox: 0.1524  d1.loss_iou: 0.4050  d2.loss_cls: 0.1071  d2.loss_bbox: 0.1450  d2.loss_iou: 0.3888  d3.loss_cls: 0.0919  d3.loss_bbox: 0.1424  d3.loss_iou: 0.3835  d4.loss_cls: 0.0853  d4.loss_bbox: 0.1391  d4.loss_iou: 0.3754
2026/03/19 11:10:50 - mmengine - INFO - Epoch(train) [68][150/245]  base_lr: 1.6632e-05 lr: 1.6632e-06  eta: 0:31:47  time: 0.6451  data_time: 0.0049  memory: 10692  grad_norm: 88.1491  loss: 4.1216  loss_cls: 0.0805  loss_bbox: 0.1435  loss_iou: 0.3969  d0.loss_cls: 0.1923  d0.loss_bbox: 0.1778  d0.loss_iou: 0.4677  d1.loss_cls: 0.1336  d1.loss_bbox: 0.1584  d1.loss_iou: 0.4285  d2.loss_cls: 0.1055  d2.loss_bbox: 0.1508  d2.loss_iou: 0.4158  d3.loss_cls: 0.0880  d3.loss_bbox: 0.1478  d3.loss_iou: 0.4070  d4.loss_cls: 0.0830  d4.loss_bbox: 0.1445  d4.loss_iou: 0.4000
2026/03/19 11:11:22 - mmengine - INFO - Epoch(train) [68][200/245]  base_lr: 1.6632e-05 lr: 1.6632e-06  eta: 0:31:15  time: 0.6352  data_time: 0.0060  memory: 10692  grad_norm: 88.3109  loss: 4.0029  loss_cls: 0.0885  loss_bbox: 0.1418  loss_iou: 0.3706  d0.loss_cls: 0.2000  d0.loss_bbox: 0.1758  d0.loss_iou: 0.4410  d1.loss_cls: 0.1403  d1.loss_bbox: 0.1572  d1.loss_iou: 0.4024  d2.loss_cls: 0.1096  d2.loss_bbox: 0.1500  d2.loss_iou: 0.3903  d3.loss_cls: 0.0944  d3.loss_bbox: 0.1474  d3.loss_iou: 0.3856  d4.loss_cls: 0.0890  d4.loss_bbox: 0.1436  d4.loss_iou: 0.3754
2026/03/19 11:11:49 - mmengine - INFO - Exp name: detr_r50_ruod_120e_pretrained_20260319_080015
2026/03/19 11:11:52 - mmengine - INFO - Epoch(val) [68][ 50/245]    eta: 0:00:12  time: 0.0645  data_time: 0.0278  memory: 10692  
2026/03/19 11:11:56 - mmengine - INFO - Epoch(val) [68][100/245]    eta: 0:00:09  time: 0.0673  data_time: 0.0277  memory: 1187  
2026/03/19 11:11:58 - mmengine - INFO - Epoch(val) [68][150/245]    eta: 0:00:05  time: 0.0481  data_time: 0.0095  memory: 1187  
2026/03/19 11:12:00 - mmengine - INFO - Epoch(val) [68][200/245]    eta: 0:00:02  time: 0.0485  data_time: 0.0099  memory: 1187  
2026/03/19 11:12:05 - mmengine - INFO - Evaluating bbox...
2026/03/19 11:12:18 - mmengine - INFO - bbox_mAP_copypaste: 0.462 0.741 0.471 0.093 0.262 0.525
2026/03/19 11:12:19 - mmengine - INFO - Epoch(val) [68][245/245]    coco/bbox_mAP: 0.4620  coco/bbox_mAP_50: 0.7410  coco/bbox_mAP_75: 0.4710  coco/bbox_mAP_s: 0.0930  coco/bbox_mAP_m: 0.2620  coco/bbox_mAP_l: 0.5250  data_time: 0.0170  time: 0.0554
2026/03/19 11:12:51 - mmengine - INFO - Epoch(train) [69][ 50/245]  base_lr: 1.5329e-05 lr: 1.5329e-06  eta: 0:30:16  time: 0.6546  data_time: 0.0171  memory: 10692  grad_norm: 74.6967  loss: 3.9368  loss_cls: 0.0782  loss_bbox: 0.1399  loss_iou: 0.3730  d0.loss_cls: 0.1831  d0.loss_bbox: 0.1755  d0.loss_iou: 0.4464  d1.loss_cls: 0.1265  d1.loss_bbox: 0.1564  d1.loss_iou: 0.4089  d2.loss_cls: 0.0951  d2.loss_bbox: 0.1495  d2.loss_iou: 0.3927  d3.loss_cls: 0.0833  d3.loss_bbox: 0.1452  d3.loss_iou: 0.3847  d4.loss_cls: 0.0801  d4.loss_bbox: 0.1418  d4.loss_iou: 0.3766
2026/03/19 11:13:23 - mmengine - INFO - Epoch(train) [69][100/245]  base_lr: 1.5329e-05 lr: 1.5329e-06  eta: 0:29:44  time: 0.6285  data_time: 0.0049  memory: 10692  grad_norm: 75.2098  loss: 4.0426  loss_cls: 0.0849  loss_bbox: 0.1402  loss_iou: 0.3844  d0.loss_cls: 0.1916  d0.loss_bbox: 0.1748  d0.loss_iou: 0.4565  d1.loss_cls: 0.1370  d1.loss_bbox: 0.1545  d1.loss_iou: 0.4157  d2.loss_cls: 0.1050  d2.loss_bbox: 0.1481  d2.loss_iou: 0.4023  d3.loss_cls: 0.0899  d3.loss_bbox: 0.1451  d3.loss_iou: 0.3967  d4.loss_cls: 0.0853  d4.loss_bbox: 0.1419  d4.loss_iou: 0.3886
2026/03/19 11:13:54 - mmengine - INFO - Epoch(train) [69][150/245]  base_lr: 1.5329e-05 lr: 1.5329e-06  eta: 0:29:13  time: 0.6185  data_time: 0.0043  memory: 10692  grad_norm: 78.0336  loss: 4.0667  loss_cls: 0.0828  loss_bbox: 0.1405  loss_iou: 0.3872  d0.loss_cls: 0.1983  d0.loss_bbox: 0.1745  d0.loss_iou: 0.4561  d1.loss_cls: 0.1390  d1.loss_bbox: 0.1553  d1.loss_iou: 0.4185  d2.loss_cls: 0.1061  d2.loss_bbox: 0.1487  d2.loss_iou: 0.4078  d3.loss_cls: 0.0895  d3.loss_bbox: 0.1453  d3.loss_iou: 0.3990  d4.loss_cls: 0.0848  d4.loss_bbox: 0.1420  d4.loss_iou: 0.3913
2026/03/19 11:14:25 - mmengine - INFO - Epoch(train) [69][200/245]  base_lr: 1.5329e-05 lr: 1.5329e-06  eta: 0:28:41  time: 0.6258  data_time: 0.0045  memory: 10692  grad_norm: 73.5260  loss: 3.9925  loss_cls: 0.0835  loss_bbox: 0.1388  loss_iou: 0.3772  d0.loss_cls: 0.1954  d0.loss_bbox: 0.1733  d0.loss_iou: 0.4481  d1.loss_cls: 0.1369  d1.loss_bbox: 0.1542  d1.loss_iou: 0.4092  d2.loss_cls: 0.1057  d2.loss_bbox: 0.1471  d2.loss_iou: 0.3952  d3.loss_cls: 0.0892  d3.loss_bbox: 0.1437  d3.loss_iou: 0.3887  d4.loss_cls: 0.0850  d4.loss_bbox: 0.1408  d4.loss_iou: 0.3807
2026/03/19 11:14:52 - mmengine - INFO - Exp name: detr_r50_ruod_120e_pretrained_20260319_080015
2026/03/19 11:15:25 - mmengine - INFO - Epoch(train) [70][ 50/245]  base_lr: 1.4026e-05 lr: 1.4026e-06  eta: 0:27:42  time: 0.6483  data_time: 0.0170  memory: 10692  grad_norm: 79.1601  loss: 4.1015  loss_cls: 0.0827  loss_bbox: 0.1434  loss_iou: 0.3908  d0.loss_cls: 0.1943  d0.loss_bbox: 0.1772  d0.loss_iou: 0.4622  d1.loss_cls: 0.1386  d1.loss_bbox: 0.1591  d1.loss_iou: 0.4222  d2.loss_cls: 0.1058  d2.loss_bbox: 0.1520  d2.loss_iou: 0.4087  d3.loss_cls: 0.0898  d3.loss_bbox: 0.1486  d3.loss_iou: 0.4023  d4.loss_cls: 0.0860  d4.loss_bbox: 0.1445  d4.loss_iou: 0.3935
2026/03/19 11:15:53 - mmengine - INFO - Exp name: detr_r50_ruod_120e_pretrained_20260319_080015
2026/03/19 11:15:56 - mmengine - INFO - Epoch(train) [70][100/245]  base_lr: 1.4026e-05 lr: 1.4026e-06  eta: 0:27:10  time: 0.6286  data_time: 0.0041  memory: 10692  grad_norm: 71.7139  loss: 3.9146  loss_cls: 0.0796  loss_bbox: 0.1384  loss_iou: 0.3704  d0.loss_cls: 0.1853  d0.loss_bbox: 0.1727  d0.loss_iou: 0.4415  d1.loss_cls: 0.1297  d1.loss_bbox: 0.1526  d1.loss_iou: 0.4028  d2.loss_cls: 0.1010  d2.loss_bbox: 0.1457  d2.loss_iou: 0.3891  d3.loss_cls: 0.0839  d3.loss_bbox: 0.1433  d3.loss_iou: 0.3835  d4.loss_cls: 0.0807  d4.loss_bbox: 0.1401  d4.loss_iou: 0.3745
2026/03/19 11:16:27 - mmengine - INFO - Epoch(train) [70][150/245]  base_lr: 1.4026e-05 lr: 1.4026e-06  eta: 0:26:39  time: 0.6219  data_time: 0.0041  memory: 10692  grad_norm: 75.1490  loss: 3.9313  loss_cls: 0.0797  loss_bbox: 0.1397  loss_iou: 0.3696  d0.loss_cls: 0.1921  d0.loss_bbox: 0.1740  d0.loss_iou: 0.4413  d1.loss_cls: 0.1331  d1.loss_bbox: 0.1541  d1.loss_iou: 0.4023  d2.loss_cls: 0.1030  d2.loss_bbox: 0.1470  d2.loss_iou: 0.3879  d3.loss_cls: 0.0856  d3.loss_bbox: 0.1444  d3.loss_iou: 0.3813  d4.loss_cls: 0.0814  d4.loss_bbox: 0.1412  d4.loss_iou: 0.3733
2026/03/19 11:16:58 - mmengine - INFO - Epoch(train) [70][200/245]  base_lr: 1.4026e-05 lr: 1.4026e-06  eta: 0:26:07  time: 0.6252  data_time: 0.0047  memory: 10692  grad_norm: 78.0068  loss: 4.0732  loss_cls: 0.0846  loss_bbox: 0.1378  loss_iou: 0.3900  d0.loss_cls: 0.1932  d0.loss_bbox: 0.1717  d0.loss_iou: 0.4642  d1.loss_cls: 0.1344  d1.loss_bbox: 0.1530  d1.loss_iou: 0.4251  d2.loss_cls: 0.1050  d2.loss_bbox: 0.1465  d2.loss_iou: 0.4119  d3.loss_cls: 0.0896  d3.loss_bbox: 0.1432  d3.loss_iou: 0.4041  d4.loss_cls: 0.0853  d4.loss_bbox: 0.1392  d4.loss_iou: 0.3944
2026/03/19 11:17:26 - mmengine - INFO - Exp name: detr_r50_ruod_120e_pretrained_20260319_080015
2026/03/19 11:17:29 - mmengine - INFO - Epoch(val) [70][ 50/245]    eta: 0:00:13  time: 0.0699  data_time: 0.0328  memory: 10692  
2026/03/19 11:17:32 - mmengine - INFO - Epoch(val) [70][100/245]    eta: 0:00:10  time: 0.0692  data_time: 0.0307  memory: 1187  
2026/03/19 11:17:35 - mmengine - INFO - Epoch(val) [70][150/245]    eta: 0:00:06  time: 0.0513  data_time: 0.0110  memory: 1187  
2026/03/19 11:17:38 - mmengine - INFO - Epoch(val) [70][200/245]    eta: 0:00:02  time: 0.0496  data_time: 0.0102  memory: 1187  
2026/03/19 11:17:42 - mmengine - INFO - Evaluating bbox...
2026/03/19 11:17:55 - mmengine - INFO - bbox_mAP_copypaste: 0.461 0.736 0.470 0.087 0.265 0.524
2026/03/19 11:17:55 - mmengine - INFO - Epoch(val) [70][245/245]    coco/bbox_mAP: 0.4610  coco/bbox_mAP_50: 0.7360  coco/bbox_mAP_75: 0.4700  coco/bbox_mAP_s: 0.0870  coco/bbox_mAP_m: 0.2650  coco/bbox_mAP_l: 0.5240  data_time: 0.0191  time: 0.0579
2026/03/19 11:18:28 - mmengine - INFO - Epoch(train) [71][ 50/245]  base_lr: 1.2724e-05 lr: 1.2724e-06  eta: 0:25:07  time: 0.6483  data_time: 0.0140  memory: 10692  grad_norm: 70.3207  loss: 3.9898  loss_cls: 0.0789  loss_bbox: 0.1370  loss_iou: 0.3817  d0.loss_cls: 0.1890  d0.loss_bbox: 0.1723  d0.loss_iou: 0.4536  d1.loss_cls: 0.1306  d1.loss_bbox: 0.1543  d1.loss_iou: 0.4179  d2.loss_cls: 0.1001  d2.loss_bbox: 0.1464  d2.loss_iou: 0.4027  d3.loss_cls: 0.0837  d3.loss_bbox: 0.1424  d3.loss_iou: 0.3946  d4.loss_cls: 0.0798  d4.loss_bbox: 0.1386  d4.loss_iou: 0.3863
2026/03/19 11:18:59 - mmengine - INFO - Epoch(train) [71][100/245]  base_lr: 1.2724e-05 lr: 1.2724e-06  eta: 0:24:36  time: 0.6249  data_time: 0.0045  memory: 10692  grad_norm: 81.9929  loss: 4.0451  loss_cls: 0.0804  loss_bbox: 0.1408  loss_iou: 0.3874  d0.loss_cls: 0.1954  d0.loss_bbox: 0.1725  d0.loss_iou: 0.4570  d1.loss_cls: 0.1366  d1.loss_bbox: 0.1550  d1.loss_iou: 0.4190  d2.loss_cls: 0.1026  d2.loss_bbox: 0.1484  d2.loss_iou: 0.4046  d3.loss_cls: 0.0872  d3.loss_bbox: 0.1448  d3.loss_iou: 0.3982  d4.loss_cls: 0.0831  d4.loss_bbox: 0.1418  d4.loss_iou: 0.3902
2026/03/19 11:19:31 - mmengine - INFO - Epoch(train) [71][150/245]  base_lr: 1.2724e-05 lr: 1.2724e-06  eta: 0:24:05  time: 0.6337  data_time: 0.0048  memory: 10692  grad_norm: 92.2082  loss: 3.8568  loss_cls: 0.0787  loss_bbox: 0.1368  loss_iou: 0.3611  d0.loss_cls: 0.1922  d0.loss_bbox: 0.1697  d0.loss_iou: 0.4321  d1.loss_cls: 0.1343  d1.loss_bbox: 0.1516  d1.loss_iou: 0.3947  d2.loss_cls: 0.0997  d2.loss_bbox: 0.1451  d2.loss_iou: 0.3799  d3.loss_cls: 0.0840  d3.loss_bbox: 0.1420  d3.loss_iou: 0.3734  d4.loss_cls: 0.0808  d4.loss_bbox: 0.1379  d4.loss_iou: 0.3629
2026/03/19 11:20:02 - mmengine - INFO - Epoch(train) [71][200/245]  base_lr: 1.2724e-05 lr: 1.2724e-06  eta: 0:23:33  time: 0.6260  data_time: 0.0042  memory: 10692  grad_norm: 87.0489  loss: 4.1011  loss_cls: 0.0848  loss_bbox: 0.1424  loss_iou: 0.3900  d0.loss_cls: 0.1947  d0.loss_bbox: 0.1768  d0.loss_iou: 0.4631  d1.loss_cls: 0.1371  d1.loss_bbox: 0.1578  d1.loss_iou: 0.4231  d2.loss_cls: 0.1037  d2.loss_bbox: 0.1514  d2.loss_iou: 0.4104  d3.loss_cls: 0.0909  d3.loss_bbox: 0.1483  d3.loss_iou: 0.4025  d4.loss_cls: 0.0865  d4.loss_bbox: 0.1442  d4.loss_iou: 0.3934
2026/03/19 11:20:30 - mmengine - INFO - Exp name: detr_r50_ruod_120e_pretrained_20260319_080015
2026/03/19 11:21:02 - mmengine - INFO - Epoch(train) [72][ 50/245]  base_lr: 1.1421e-05 lr: 1.1421e-06  eta: 0:22:34  time: 0.6571  data_time: 0.0147  memory: 10692  grad_norm: 86.2215  loss: 4.1958  loss_cls: 0.0863  loss_bbox: 0.1423  loss_iou: 0.4035  d0.loss_cls: 0.1972  d0.loss_bbox: 0.1765  d0.loss_iou: 0.4780  d1.loss_cls: 0.1399  d1.loss_bbox: 0.1570  d1.loss_iou: 0.4380  d2.loss_cls: 0.1113  d2.loss_bbox: 0.1499  d2.loss_iou: 0.4221  d3.loss_cls: 0.0919  d3.loss_bbox: 0.1471  d3.loss_iou: 0.4153  d4.loss_cls: 0.0885  d4.loss_bbox: 0.1442  d4.loss_iou: 0.4067
2026/03/19 11:21:34 - mmengine - INFO - Epoch(train) [72][100/245]  base_lr: 1.1421e-05 lr: 1.1421e-06  eta: 0:22:02  time: 0.6240  data_time: 0.0043  memory: 10692  grad_norm: 70.8074  loss: 3.8440  loss_cls: 0.0770  loss_bbox: 0.1366  loss_iou: 0.3626  d0.loss_cls: 0.1894  d0.loss_bbox: 0.1717  d0.loss_iou: 0.4302  d1.loss_cls: 0.1293  d1.loss_bbox: 0.1509  d1.loss_iou: 0.3913  d2.loss_cls: 0.0977  d2.loss_bbox: 0.1449  d2.loss_iou: 0.3807  d3.loss_cls: 0.0833  d3.loss_bbox: 0.1418  d3.loss_iou: 0.3737  d4.loss_cls: 0.0789  d4.loss_bbox: 0.1380  d4.loss_iou: 0.3658
2026/03/19 11:22:05 - mmengine - INFO - Epoch(train) [72][150/245]  base_lr: 1.1421e-05 lr: 1.1421e-06  eta: 0:21:31  time: 0.6208  data_time: 0.0042  memory: 10692  grad_norm: 92.6348  loss: 3.9395  loss_cls: 0.0803  loss_bbox: 0.1354  loss_iou: 0.3747  d0.loss_cls: 0.1913  d0.loss_bbox: 0.1695  d0.loss_iou: 0.4445  d1.loss_cls: 0.1334  d1.loss_bbox: 0.1504  d1.loss_iou: 0.4088  d2.loss_cls: 0.1027  d2.loss_bbox: 0.1427  d2.loss_iou: 0.3941  d3.loss_cls: 0.0868  d3.loss_bbox: 0.1405  d3.loss_iou: 0.3863  d4.loss_cls: 0.0827  d4.loss_bbox: 0.1367  d4.loss_iou: 0.3788
2026/03/19 11:22:35 - mmengine - INFO - Epoch(train) [72][200/245]  base_lr: 1.1421e-05 lr: 1.1421e-06  eta: 0:20:59  time: 0.6155  data_time: 0.0046  memory: 10692  grad_norm: 82.1849  loss: 3.8946  loss_cls: 0.0804  loss_bbox: 0.1372  loss_iou: 0.3662  d0.loss_cls: 0.1884  d0.loss_bbox: 0.1724  d0.loss_iou: 0.4352  d1.loss_cls: 0.1357  d1.loss_bbox: 0.1529  d1.loss_iou: 0.3993  d2.loss_cls: 0.1009  d2.loss_bbox: 0.1451  d2.loss_iou: 0.3843  d3.loss_cls: 0.0853  d3.loss_bbox: 0.1424  d3.loss_iou: 0.3792  d4.loss_cls: 0.0821  d4.loss_bbox: 0.1386  d4.loss_iou: 0.3690
2026/03/19 11:23:02 - mmengine - INFO - Exp name: detr_r50_ruod_120e_pretrained_20260319_080015
2026/03/19 11:23:05 - mmengine - INFO - Epoch(val) [72][ 50/245]    eta: 0:00:13  time: 0.0668  data_time: 0.0306  memory: 10692  
2026/03/19 11:23:09 - mmengine - INFO - Epoch(val) [72][100/245]    eta: 0:00:09  time: 0.0669  data_time: 0.0275  memory: 1187  
2026/03/19 11:23:11 - mmengine - INFO - Epoch(val) [72][150/245]    eta: 0:00:05  time: 0.0504  data_time: 0.0101  memory: 1187  
2026/03/19 11:23:13 - mmengine - INFO - Epoch(val) [72][200/245]    eta: 0:00:02  time: 0.0482  data_time: 0.0098  memory: 1187  
2026/03/19 11:23:18 - mmengine - INFO - Evaluating bbox...
2026/03/19 11:23:30 - mmengine - INFO - bbox_mAP_copypaste: 0.461 0.739 0.465 0.092 0.270 0.523
2026/03/19 11:23:31 - mmengine - INFO - Epoch(val) [72][245/245]    coco/bbox_mAP: 0.4610  coco/bbox_mAP_50: 0.7390  coco/bbox_mAP_75: 0.4650  coco/bbox_mAP_s: 0.0920  coco/bbox_mAP_m: 0.2700  coco/bbox_mAP_l: 0.5230  data_time: 0.0176  time: 0.0561
2026/03/19 11:24:02 - mmengine - INFO - Epoch(train) [73][ 50/245]  base_lr: 1.0118e-05 lr: 1.0118e-06  eta: 0:19:59  time: 0.6350  data_time: 0.0154  memory: 10692  grad_norm: 76.3313  loss: 4.0902  loss_cls: 0.0824  loss_bbox: 0.1394  loss_iou: 0.3934  d0.loss_cls: 0.1898  d0.loss_bbox: 0.1740  d0.loss_iou: 0.4683  d1.loss_cls: 0.1369  d1.loss_bbox: 0.1537  d1.loss_iou: 0.4253  d2.loss_cls: 0.1047  d2.loss_bbox: 0.1474  d2.loss_iou: 0.4133  d3.loss_cls: 0.0891  d3.loss_bbox: 0.1443  d3.loss_iou: 0.4052  d4.loss_cls: 0.0840  d4.loss_bbox: 0.1413  d4.loss_iou: 0.3976
2026/03/19 11:24:33 - mmengine - INFO - Epoch(train) [73][100/245]  base_lr: 1.0118e-05 lr: 1.0118e-06  eta: 0:19:28  time: 0.6162  data_time: 0.0039  memory: 10692  grad_norm: 76.3416  loss: 3.9856  loss_cls: 0.0814  loss_bbox: 0.1397  loss_iou: 0.3773  d0.loss_cls: 0.1871  d0.loss_bbox: 0.1745  d0.loss_iou: 0.4508  d1.loss_cls: 0.1326  d1.loss_bbox: 0.1551  d1.loss_iou: 0.4103  d2.loss_cls: 0.1025  d2.loss_bbox: 0.1485  d2.loss_iou: 0.3983  d3.loss_cls: 0.0864  d3.loss_bbox: 0.1456  d3.loss_iou: 0.3902  d4.loss_cls: 0.0830  d4.loss_bbox: 0.1413  d4.loss_iou: 0.3810
2026/03/19 11:25:04 - mmengine - INFO - Epoch(train) [73][150/245]  base_lr: 1.0118e-05 lr: 1.0118e-06  eta: 0:18:56  time: 0.6141  data_time: 0.0039  memory: 10692  grad_norm: 87.3847  loss: 3.9107  loss_cls: 0.0793  loss_bbox: 0.1346  loss_iou: 0.3717  d0.loss_cls: 0.1903  d0.loss_bbox: 0.1691  d0.loss_iou: 0.4447  d1.loss_cls: 0.1335  d1.loss_bbox: 0.1498  d1.loss_iou: 0.4049  d2.loss_cls: 0.1015  d2.loss_bbox: 0.1423  d2.loss_iou: 0.3891  d3.loss_cls: 0.0843  d3.loss_bbox: 0.1396  d3.loss_iou: 0.3835  d4.loss_cls: 0.0811  d4.loss_bbox: 0.1363  d4.loss_iou: 0.3749
2026/03/19 11:25:34 - mmengine - INFO - Epoch(train) [73][200/245]  base_lr: 1.0118e-05 lr: 1.0118e-06  eta: 0:18:25  time: 0.6112  data_time: 0.0042  memory: 10692  grad_norm: 79.2001  loss: 3.9245  loss_cls: 0.0831  loss_bbox: 0.1377  loss_iou: 0.3675  d0.loss_cls: 0.1880  d0.loss_bbox: 0.1726  d0.loss_iou: 0.4396  d1.loss_cls: 0.1346  d1.loss_bbox: 0.1535  d1.loss_iou: 0.4025  d2.loss_cls: 0.1024  d2.loss_bbox: 0.1466  d2.loss_iou: 0.3878  d3.loss_cls: 0.0896  d3.loss_bbox: 0.1433  d3.loss_iou: 0.3814  d4.loss_cls: 0.0832  d4.loss_bbox: 0.1398  d4.loss_iou: 0.3712
2026/03/19 11:26:01 - mmengine - INFO - Exp name: detr_r50_ruod_120e_pretrained_20260319_080015
2026/03/19 11:26:33 - mmengine - INFO - Epoch(train) [74][ 50/245]  base_lr: 8.8158e-06 lr: 8.8158e-07  eta: 0:17:25  time: 0.6423  data_time: 0.0143  memory: 10692  grad_norm: 84.5095  loss: 3.8865  loss_cls: 0.0740  loss_bbox: 0.1344  loss_iou: 0.3723  d0.loss_cls: 0.1855  d0.loss_bbox: 0.1691  d0.loss_iou: 0.4433  d1.loss_cls: 0.1286  d1.loss_bbox: 0.1506  d1.loss_iou: 0.4062  d2.loss_cls: 0.0969  d2.loss_bbox: 0.1424  d2.loss_iou: 0.3910  d3.loss_cls: 0.0801  d3.loss_bbox: 0.1394  d3.loss_iou: 0.3844  d4.loss_cls: 0.0765  d4.loss_bbox: 0.1363  d4.loss_iou: 0.3755
2026/03/19 11:27:04 - mmengine - INFO - Epoch(train) [74][100/245]  base_lr: 8.8158e-06 lr: 8.8158e-07  eta: 0:16:54  time: 0.6165  data_time: 0.0039  memory: 10692  grad_norm: 80.3488  loss: 3.9862  loss_cls: 0.0839  loss_bbox: 0.1385  loss_iou: 0.3759  d0.loss_cls: 0.1937  d0.loss_bbox: 0.1745  d0.loss_iou: 0.4473  d1.loss_cls: 0.1379  d1.loss_bbox: 0.1535  d1.loss_iou: 0.4071  d2.loss_cls: 0.1053  d2.loss_bbox: 0.1474  d2.loss_iou: 0.3954  d3.loss_cls: 0.0901  d3.loss_bbox: 0.1437  d3.loss_iou: 0.3869  d4.loss_cls: 0.0862  d4.loss_bbox: 0.1398  d4.loss_iou: 0.3790
2026/03/19 11:27:13 - mmengine - INFO - Exp name: detr_r50_ruod_120e_pretrained_20260319_080015
2026/03/19 11:27:35 - mmengine - INFO - Epoch(train) [74][150/245]  base_lr: 8.8158e-06 lr: 8.8158e-07  eta: 0:16:22  time: 0.6101  data_time: 0.0042  memory: 10692  grad_norm: 74.2042  loss: 3.8192  loss_cls: 0.0752  loss_bbox: 0.1363  loss_iou: 0.3604  d0.loss_cls: 0.1830  d0.loss_bbox: 0.1718  d0.loss_iou: 0.4318  d1.loss_cls: 0.1237  d1.loss_bbox: 0.1522  d1.loss_iou: 0.3943  d2.loss_cls: 0.0932  d2.loss_bbox: 0.1447  d2.loss_iou: 0.3789  d3.loss_cls: 0.0810  d3.loss_bbox: 0.1414  d3.loss_iou: 0.3727  d4.loss_cls: 0.0767  d4.loss_bbox: 0.1378  d4.loss_iou: 0.3641
2026/03/19 11:28:05 - mmengine - INFO - Epoch(train) [74][200/245]  base_lr: 8.8158e-06 lr: 8.8158e-07  eta: 0:15:51  time: 0.6056  data_time: 0.0037  memory: 10692  grad_norm: 92.8071  loss: 4.0700  loss_cls: 0.0796  loss_bbox: 0.1397  loss_iou: 0.3928  d0.loss_cls: 0.1929  d0.loss_bbox: 0.1725  d0.loss_iou: 0.4649  d1.loss_cls: 0.1350  d1.loss_bbox: 0.1544  d1.loss_iou: 0.4248  d2.loss_cls: 0.1013  d2.loss_bbox: 0.1476  d2.loss_iou: 0.4110  d3.loss_cls: 0.0859  d3.loss_bbox: 0.1446  d3.loss_iou: 0.4041  d4.loss_cls: 0.0822  d4.loss_bbox: 0.1408  d4.loss_iou: 0.3960
2026/03/19 11:28:32 - mmengine - INFO - Exp name: detr_r50_ruod_120e_pretrained_20260319_080015
2026/03/19 11:28:35 - mmengine - INFO - Epoch(val) [74][ 50/245]    eta: 0:00:12  time: 0.0654  data_time: 0.0285  memory: 10692  
2026/03/19 11:28:38 - mmengine - INFO - Epoch(val) [74][100/245]    eta: 0:00:09  time: 0.0659  data_time: 0.0267  memory: 1187  
2026/03/19 11:28:41 - mmengine - INFO - Epoch(val) [74][150/245]    eta: 0:00:05  time: 0.0486  data_time: 0.0092  memory: 1187  
2026/03/19 11:28:43 - mmengine - INFO - Epoch(val) [74][200/245]    eta: 0:00:02  time: 0.0508  data_time: 0.0103  memory: 1187  
2026/03/19 11:28:48 - mmengine - INFO - Evaluating bbox...
2026/03/19 11:29:01 - mmengine - INFO - bbox_mAP_copypaste: 0.458 0.739 0.460 0.094 0.262 0.520
2026/03/19 11:29:01 - mmengine - INFO - Epoch(val) [74][245/245]    coco/bbox_mAP: 0.4580  coco/bbox_mAP_50: 0.7390  coco/bbox_mAP_75: 0.4600  coco/bbox_mAP_s: 0.0940  coco/bbox_mAP_m: 0.2620  coco/bbox_mAP_l: 0.5200  data_time: 0.0170  time: 0.0559
2026/03/19 11:29:33 - mmengine - INFO - Epoch(train) [75][ 50/245]  base_lr: 7.5132e-06 lr: 7.5132e-07  eta: 0:14:51  time: 0.6348  data_time: 0.0140  memory: 10692  grad_norm: 74.5549  loss: 3.9820  loss_cls: 0.0794  loss_bbox: 0.1366  loss_iou: 0.3804  d0.loss_cls: 0.1938  d0.loss_bbox: 0.1708  d0.loss_iou: 0.4509  d1.loss_cls: 0.1324  d1.loss_bbox: 0.1525  d1.loss_iou: 0.4129  d2.loss_cls: 0.1018  d2.loss_bbox: 0.1451  d2.loss_iou: 0.4001  d3.loss_cls: 0.0856  d3.loss_bbox: 0.1423  d3.loss_iou: 0.3941  d4.loss_cls: 0.0812  d4.loss_bbox: 0.1382  d4.loss_iou: 0.3839
2026/03/19 11:30:04 - mmengine - INFO - Epoch(train) [75][100/245]  base_lr: 7.5132e-06 lr: 7.5132e-07  eta: 0:14:20  time: 0.6116  data_time: 0.0041  memory: 10692  grad_norm: 73.1900  loss: 3.9775  loss_cls: 0.0825  loss_bbox: 0.1362  loss_iou: 0.3781  d0.loss_cls: 0.1913  d0.loss_bbox: 0.1704  d0.loss_iou: 0.4526  d1.loss_cls: 0.1339  d1.loss_bbox: 0.1510  d1.loss_iou: 0.4119  d2.loss_cls: 0.1025  d2.loss_bbox: 0.1447  d2.loss_iou: 0.3965  d3.loss_cls: 0.0900  d3.loss_bbox: 0.1411  d3.loss_iou: 0.3912  d4.loss_cls: 0.0845  d4.loss_bbox: 0.1377  d4.loss_iou: 0.3814
2026/03/19 11:30:34 - mmengine - INFO - Epoch(train) [75][150/245]  base_lr: 7.5132e-06 lr: 7.5132e-07  eta: 0:13:48  time: 0.6144  data_time: 0.0038  memory: 10692  grad_norm: 72.3282  loss: 3.9321  loss_cls: 0.0802  loss_bbox: 0.1375  loss_iou: 0.3696  d0.loss_cls: 0.1909  d0.loss_bbox: 0.1744  d0.loss_iou: 0.4463  d1.loss_cls: 0.1327  d1.loss_bbox: 0.1536  d1.loss_iou: 0.4031  d2.loss_cls: 0.1005  d2.loss_bbox: 0.1466  d2.loss_iou: 0.3905  d3.loss_cls: 0.0871  d3.loss_bbox: 0.1426  d3.loss_iou: 0.3818  d4.loss_cls: 0.0820  d4.loss_bbox: 0.1395  d4.loss_iou: 0.3732
2026/03/19 11:31:05 - mmengine - INFO - Epoch(train) [75][200/245]  base_lr: 7.5132e-06 lr: 7.5132e-07  eta: 0:13:17  time: 0.6121  data_time: 0.0042  memory: 10692  grad_norm: 75.9889  loss: 3.9438  loss_cls: 0.0772  loss_bbox: 0.1369  loss_iou: 0.3764  d0.loss_cls: 0.1849  d0.loss_bbox: 0.1728  d0.loss_iou: 0.4492  d1.loss_cls: 0.1291  d1.loss_bbox: 0.1523  d1.loss_iou: 0.4106  d2.loss_cls: 0.1010  d2.loss_bbox: 0.1447  d2.loss_iou: 0.3973  d3.loss_cls: 0.0848  d3.loss_bbox: 0.1412  d3.loss_iou: 0.3881  d4.loss_cls: 0.0799  d4.loss_bbox: 0.1381  d4.loss_iou: 0.3793
2026/03/19 11:31:32 - mmengine - INFO - Exp name: detr_r50_ruod_120e_pretrained_20260319_080015
2026/03/19 11:32:03 - mmengine - INFO - Epoch(train) [76][ 50/245]  base_lr: 6.2105e-06 lr: 6.2105e-07  eta: 0:12:17  time: 0.6374  data_time: 0.0172  memory: 10692  grad_norm: 71.9123  loss: 3.8918  loss_cls: 0.0772  loss_bbox: 0.1352  loss_iou: 0.3695  d0.loss_cls: 0.1866  d0.loss_bbox: 0.1704  d0.loss_iou: 0.4418  d1.loss_cls: 0.1285  d1.loss_bbox: 0.1505  d1.loss_iou: 0.4028  d2.loss_cls: 0.1001  d2.loss_bbox: 0.1432  d2.loss_iou: 0.3891  d3.loss_cls: 0.0855  d3.loss_bbox: 0.1400  d3.loss_iou: 0.3825  d4.loss_cls: 0.0797  d4.loss_bbox: 0.1362  d4.loss_iou: 0.3729
2026/03/19 11:32:34 - mmengine - INFO - Epoch(train) [76][100/245]  base_lr: 6.2105e-06 lr: 6.2105e-07  eta: 0:11:46  time: 0.6101  data_time: 0.0038  memory: 10692  grad_norm: 74.9229  loss: 3.9557  loss_cls: 0.0767  loss_bbox: 0.1363  loss_iou: 0.3785  d0.loss_cls: 0.1850  d0.loss_bbox: 0.1705  d0.loss_iou: 0.4523  d1.loss_cls: 0.1321  d1.loss_bbox: 0.1516  d1.loss_iou: 0.4124  d2.loss_cls: 0.0985  d2.loss_bbox: 0.1452  d2.loss_iou: 0.3999  d3.loss_cls: 0.0840  d3.loss_bbox: 0.1419  d3.loss_iou: 0.3924  d4.loss_cls: 0.0772  d4.loss_bbox: 0.1381  d4.loss_iou: 0.3830
2026/03/19 11:33:04 - mmengine - INFO - Epoch(train) [76][150/245]  base_lr: 6.2105e-06 lr: 6.2105e-07  eta: 0:11:14  time: 0.5976  data_time: 0.0042  memory: 10692  grad_norm: 71.1160  loss: 3.9689  loss_cls: 0.0787  loss_bbox: 0.1385  loss_iou: 0.3777  d0.loss_cls: 0.1928  d0.loss_bbox: 0.1728  d0.loss_iou: 0.4487  d1.loss_cls: 0.1324  d1.loss_bbox: 0.1532  d1.loss_iou: 0.4097  d2.loss_cls: 0.0992  d2.loss_bbox: 0.1461  d2.loss_iou: 0.3975  d3.loss_cls: 0.0844  d3.loss_bbox: 0.1436  d3.loss_iou: 0.3914  d4.loss_cls: 0.0799  d4.loss_bbox: 0.1404  d4.loss_iou: 0.3817
2026/03/19 11:33:34 - mmengine - INFO - Epoch(train) [76][200/245]  base_lr: 6.2105e-06 lr: 6.2105e-07  eta: 0:10:43  time: 0.6122  data_time: 0.0044  memory: 10692  grad_norm: inf  loss: 3.9442  loss_cls: 0.0792  loss_bbox: 0.1335  loss_iou: 0.3789  d0.loss_cls: 0.1841  d0.loss_bbox: 0.1689  d0.loss_iou: 0.4530  d1.loss_cls: 0.1293  d1.loss_bbox: 0.1494  d1.loss_iou: 0.4128  d2.loss_cls: 0.1007  d2.loss_bbox: 0.1422  d2.loss_iou: 0.3987  d3.loss_cls: 0.0846  d3.loss_bbox: 0.1389  d3.loss_iou: 0.3917  d4.loss_cls: 0.0805  d4.loss_bbox: 0.1352  d4.loss_iou: 0.3826
2026/03/19 11:34:01 - mmengine - INFO - Exp name: detr_r50_ruod_120e_pretrained_20260319_080015
2026/03/19 11:34:05 - mmengine - INFO - Epoch(val) [76][ 50/245]    eta: 0:00:12  time: 0.0621  data_time: 0.0256  memory: 10692  
2026/03/19 11:34:08 - mmengine - INFO - Epoch(val) [76][100/245]    eta: 0:00:09  time: 0.0666  data_time: 0.0280  memory: 1187  
2026/03/19 11:34:10 - mmengine - INFO - Epoch(val) [76][150/245]    eta: 0:00:05  time: 0.0484  data_time: 0.0098  memory: 1187  
2026/03/19 11:34:13 - mmengine - INFO - Epoch(val) [76][200/245]    eta: 0:00:02  time: 0.0465  data_time: 0.0094  memory: 1187  
2026/03/19 11:34:17 - mmengine - INFO - Evaluating bbox...
2026/03/19 11:34:30 - mmengine - INFO - bbox_mAP_copypaste: 0.462 0.740 0.467 0.095 0.270 0.525
2026/03/19 11:34:30 - mmengine - INFO - Epoch(val) [76][245/245]    coco/bbox_mAP: 0.4620  coco/bbox_mAP_50: 0.7400  coco/bbox_mAP_75: 0.4670  coco/bbox_mAP_s: 0.0950  coco/bbox_mAP_m: 0.2700  coco/bbox_mAP_l: 0.5250  data_time: 0.0165  time: 0.0542
2026/03/19 11:35:01 - mmengine - INFO - Epoch(train) [77][ 50/245]  base_lr: 4.9079e-06 lr: 4.9079e-07  eta: 0:09:43  time: 0.6162  data_time: 0.0111  memory: 10692  grad_norm: 83.5895  loss: 3.9007  loss_cls: 0.0771  loss_bbox: 0.1359  loss_iou: 0.3720  d0.loss_cls: 0.1874  d0.loss_bbox: 0.1703  d0.loss_iou: 0.4439  d1.loss_cls: 0.1300  d1.loss_bbox: 0.1503  d1.loss_iou: 0.4032  d2.loss_cls: 0.0995  d2.loss_bbox: 0.1434  d2.loss_iou: 0.3899  d3.loss_cls: 0.0830  d3.loss_bbox: 0.1404  d3.loss_iou: 0.3831  d4.loss_cls: 0.0790  d4.loss_bbox: 0.1370  d4.loss_iou: 0.3754
2026/03/19 11:35:31 - mmengine - INFO - Epoch(train) [77][100/245]  base_lr: 4.9079e-06 lr: 4.9079e-07  eta: 0:09:12  time: 0.5995  data_time: 0.0041  memory: 10692  grad_norm: 75.3975  loss: 3.8725  loss_cls: 0.0756  loss_bbox: 0.1353  loss_iou: 0.3692  d0.loss_cls: 0.1815  d0.loss_bbox: 0.1701  d0.loss_iou: 0.4433  d1.loss_cls: 0.1244  d1.loss_bbox: 0.1517  d1.loss_iou: 0.4050  d2.loss_cls: 0.0933  d2.loss_bbox: 0.1442  d2.loss_iou: 0.3904  d3.loss_cls: 0.0796  d3.loss_bbox: 0.1407  d3.loss_iou: 0.3822  d4.loss_cls: 0.0768  d4.loss_bbox: 0.1369  d4.loss_iou: 0.3724
2026/03/19 11:36:00 - mmengine - INFO - Epoch(train) [77][150/245]  base_lr: 4.9079e-06 lr: 4.9079e-07  eta: 0:08:40  time: 0.5866  data_time: 0.0034  memory: 10692  grad_norm: 68.7572  loss: 3.9562  loss_cls: 0.0840  loss_bbox: 0.1367  loss_iou: 0.3733  d0.loss_cls: 0.1920  d0.loss_bbox: 0.1720  d0.loss_iou: 0.4466  d1.loss_cls: 0.1352  d1.loss_bbox: 0.1524  d1.loss_iou: 0.4067  d2.loss_cls: 0.1039  d2.loss_bbox: 0.1447  d2.loss_iou: 0.3928  d3.loss_cls: 0.0887  d3.loss_bbox: 0.1418  d3.loss_iou: 0.3862  d4.loss_cls: 0.0835  d4.loss_bbox: 0.1383  d4.loss_iou: 0.3775
2026/03/19 11:36:29 - mmengine - INFO - Epoch(train) [77][200/245]  base_lr: 4.9079e-06 lr: 4.9079e-07  eta: 0:08:09  time: 0.5854  data_time: 0.0035  memory: 10692  grad_norm: 74.2312  loss: 3.9444  loss_cls: 0.0765  loss_bbox: 0.1357  loss_iou: 0.3798  d0.loss_cls: 0.1806  d0.loss_bbox: 0.1704  d0.loss_iou: 0.4542  d1.loss_cls: 0.1232  d1.loss_bbox: 0.1522  d1.loss_iou: 0.4179  d2.loss_cls: 0.0944  d2.loss_bbox: 0.1441  d2.loss_iou: 0.4007  d3.loss_cls: 0.0811  d3.loss_bbox: 0.1410  d3.loss_iou: 0.3937  d4.loss_cls: 0.0778  d4.loss_bbox: 0.1371  d4.loss_iou: 0.3841
2026/03/19 11:36:55 - mmengine - INFO - Exp name: detr_r50_ruod_120e_pretrained_20260319_080015
2026/03/19 11:37:25 - mmengine - INFO - Epoch(train) [78][ 50/245]  base_lr: 3.6053e-06 lr: 3.6053e-07  eta: 0:07:09  time: 0.6038  data_time: 0.0187  memory: 10692  grad_norm: 76.0659  loss: 3.9988  loss_cls: 0.0838  loss_bbox: 0.1352  loss_iou: 0.3793  d0.loss_cls: 0.1926  d0.loss_bbox: 0.1709  d0.loss_iou: 0.4547  d1.loss_cls: 0.1370  d1.loss_bbox: 0.1518  d1.loss_iou: 0.4160  d2.loss_cls: 0.1061  d2.loss_bbox: 0.1443  d2.loss_iou: 0.3983  d3.loss_cls: 0.0909  d3.loss_bbox: 0.1406  d3.loss_iou: 0.3921  d4.loss_cls: 0.0862  d4.loss_bbox: 0.1366  d4.loss_iou: 0.3823
2026/03/19 11:37:54 - mmengine - INFO - Epoch(train) [78][100/245]  base_lr: 3.6053e-06 lr: 3.6053e-07  eta: 0:06:38  time: 0.5867  data_time: 0.0035  memory: 10692  grad_norm: 87.4156  loss: 3.8855  loss_cls: 0.0745  loss_bbox: 0.1355  loss_iou: 0.3725  d0.loss_cls: 0.1831  d0.loss_bbox: 0.1700  d0.loss_iou: 0.4457  d1.loss_cls: 0.1233  d1.loss_bbox: 0.1510  d1.loss_iou: 0.4066  d2.loss_cls: 0.0949  d2.loss_bbox: 0.1438  d2.loss_iou: 0.3911  d3.loss_cls: 0.0814  d3.loss_bbox: 0.1402  d3.loss_iou: 0.3838  d4.loss_cls: 0.0759  d4.loss_bbox: 0.1366  d4.loss_iou: 0.3755
2026/03/19 11:38:15 - mmengine - INFO - Exp name: detr_r50_ruod_120e_pretrained_20260319_080015
2026/03/19 11:38:24 - mmengine - INFO - Epoch(train) [78][150/245]  base_lr: 3.6053e-06 lr: 3.6053e-07  eta: 0:06:06  time: 0.5923  data_time: 0.0035  memory: 10692  grad_norm: 74.8617  loss: 3.9045  loss_cls: 0.0788  loss_bbox: 0.1339  loss_iou: 0.3727  d0.loss_cls: 0.1869  d0.loss_bbox: 0.1682  d0.loss_iou: 0.4433  d1.loss_cls: 0.1311  d1.loss_bbox: 0.1492  d1.loss_iou: 0.4045  d2.loss_cls: 0.0996  d2.loss_bbox: 0.1427  d2.loss_iou: 0.3934  d3.loss_cls: 0.0833  d3.loss_bbox: 0.1392  d3.loss_iou: 0.3863  d4.loss_cls: 0.0795  d4.loss_bbox: 0.1354  d4.loss_iou: 0.3766
2026/03/19 11:38:54 - mmengine - INFO - Epoch(train) [78][200/245]  base_lr: 3.6053e-06 lr: 3.6053e-07  eta: 0:05:35  time: 0.5899  data_time: 0.0033  memory: 10692  grad_norm: 72.3301  loss: 3.9119  loss_cls: 0.0802  loss_bbox: 0.1400  loss_iou: 0.3662  d0.loss_cls: 0.1862  d0.loss_bbox: 0.1745  d0.loss_iou: 0.4419  d1.loss_cls: 0.1292  d1.loss_bbox: 0.1561  d1.loss_iou: 0.4009  d2.loss_cls: 0.1007  d2.loss_bbox: 0.1485  d2.loss_iou: 0.3850  d3.loss_cls: 0.0863  d3.loss_bbox: 0.1449  d3.loss_iou: 0.3783  d4.loss_cls: 0.0814  d4.loss_bbox: 0.1416  d4.loss_iou: 0.3701
2026/03/19 11:39:18 - mmengine - INFO - Exp name: detr_r50_ruod_120e_pretrained_20260319_080015
2026/03/19 11:39:21 - mmengine - INFO - Epoch(val) [78][ 50/245]    eta: 0:00:11  time: 0.0605  data_time: 0.0250  memory: 10692  
2026/03/19 11:39:25 - mmengine - INFO - Epoch(val) [78][100/245]    eta: 0:00:09  time: 0.0645  data_time: 0.0267  memory: 1187  
2026/03/19 11:39:27 - mmengine - INFO - Epoch(val) [78][150/245]    eta: 0:00:05  time: 0.0478  data_time: 0.0092  memory: 1187  
2026/03/19 11:39:29 - mmengine - INFO - Epoch(val) [78][200/245]    eta: 0:00:02  time: 0.0471  data_time: 0.0095  memory: 1187  
2026/03/19 11:39:34 - mmengine - INFO - Evaluating bbox...
2026/03/19 11:39:45 - mmengine - INFO - bbox_mAP_copypaste: 0.462 0.739 0.469 0.094 0.274 0.524
2026/03/19 11:39:45 - mmengine - INFO - Epoch(val) [78][245/245]    coco/bbox_mAP: 0.4620  coco/bbox_mAP_50: 0.7390  coco/bbox_mAP_75: 0.4690  coco/bbox_mAP_s: 0.0940  coco/bbox_mAP_m: 0.2740  coco/bbox_mAP_l: 0.5240  data_time: 0.0159  time: 0.0529
2026/03/19 11:40:16 - mmengine - INFO - Epoch(train) [79][ 50/245]  base_lr: 2.3026e-06 lr: 2.3026e-07  eta: 0:04:35  time: 0.6094  data_time: 0.0134  memory: 10692  grad_norm: 75.7764  loss: 3.8656  loss_cls: 0.0714  loss_bbox: 0.1371  loss_iou: 0.3709  d0.loss_cls: 0.1749  d0.loss_bbox: 0.1727  d0.loss_iou: 0.4456  d1.loss_cls: 0.1223  d1.loss_bbox: 0.1528  d1.loss_iou: 0.4047  d2.loss_cls: 0.0925  d2.loss_bbox: 0.1450  d2.loss_iou: 0.3889  d3.loss_cls: 0.0760  d3.loss_bbox: 0.1426  d3.loss_iou: 0.3828  d4.loss_cls: 0.0727  d4.loss_bbox: 0.1386  d4.loss_iou: 0.3742
2026/03/19 11:40:45 - mmengine - INFO - Epoch(train) [79][100/245]  base_lr: 2.3026e-06 lr: 2.3026e-07  eta: 0:04:04  time: 0.5843  data_time: 0.0033  memory: 10692  grad_norm: 67.3960  loss: 3.8431  loss_cls: 0.0778  loss_bbox: 0.1357  loss_iou: 0.3605  d0.loss_cls: 0.1848  d0.loss_bbox: 0.1718  d0.loss_iou: 0.4385  d1.loss_cls: 0.1266  d1.loss_bbox: 0.1518  d1.loss_iou: 0.3975  d2.loss_cls: 0.0976  d2.loss_bbox: 0.1446  d2.loss_iou: 0.3807  d3.loss_cls: 0.0824  d3.loss_bbox: 0.1411  d3.loss_iou: 0.3726  d4.loss_cls: 0.0782  d4.loss_bbox: 0.1371  d4.loss_iou: 0.3641
2026/03/19 11:41:18 - mmengine - INFO - Epoch(train) [79][150/245]  base_lr: 2.3026e-06 lr: 2.3026e-07  eta: 0:03:32  time: 0.6616  data_time: 0.0038  memory: 10692  grad_norm: 70.7914  loss: 3.9648  loss_cls: 0.0780  loss_bbox: 0.1372  loss_iou: 0.3806  d0.loss_cls: 0.1848  d0.loss_bbox: 0.1708  d0.loss_iou: 0.4546  d1.loss_cls: 0.1302  d1.loss_bbox: 0.1520  d1.loss_iou: 0.4151  d2.loss_cls: 0.0985  d2.loss_bbox: 0.1449  d2.loss_iou: 0.3997  d3.loss_cls: 0.0834  d3.loss_bbox: 0.1415  d3.loss_iou: 0.3911  d4.loss_cls: 0.0790  d4.loss_bbox: 0.1387  d4.loss_iou: 0.3847
2026/03/19 11:41:50 - mmengine - INFO - Epoch(train) [79][200/245]  base_lr: 2.3026e-06 lr: 2.3026e-07  eta: 0:03:01  time: 0.6384  data_time: 0.0055  memory: 10692  grad_norm: 82.3863  loss: 3.8827  loss_cls: 0.0770  loss_bbox: 0.1321  loss_iou: 0.3682  d0.loss_cls: 0.1892  d0.loss_bbox: 0.1684  d0.loss_iou: 0.4466  d1.loss_cls: 0.1333  d1.loss_bbox: 0.1479  d1.loss_iou: 0.4034  d2.loss_cls: 0.0989  d2.loss_bbox: 0.1408  d2.loss_iou: 0.3899  d3.loss_cls: 0.0834  d3.loss_bbox: 0.1377  d3.loss_iou: 0.3812  d4.loss_cls: 0.0792  d4.loss_bbox: 0.1340  d4.loss_iou: 0.3716
2026/03/19 11:42:15 - mmengine - INFO - Exp name: detr_r50_ruod_120e_pretrained_20260319_080015
2026/03/19 11:42:45 - mmengine - INFO - Epoch(train) [80][ 50/245]  base_lr: 1.0000e-06 lr: 1.0000e-07  eta: 0:02:02  time: 0.6076  data_time: 0.0139  memory: 10692  grad_norm: 83.0314  loss: 3.9721  loss_cls: 0.0752  loss_bbox: 0.1366  loss_iou: 0.3842  d0.loss_cls: 0.1800  d0.loss_bbox: 0.1733  d0.loss_iou: 0.4612  d1.loss_cls: 0.1240  d1.loss_bbox: 0.1528  d1.loss_iou: 0.4197  d2.loss_cls: 0.0943  d2.loss_bbox: 0.1450  d2.loss_iou: 0.4051  d3.loss_cls: 0.0801  d3.loss_bbox: 0.1412  d3.loss_iou: 0.3966  d4.loss_cls: 0.0765  d4.loss_bbox: 0.1382  d4.loss_iou: 0.3880
2026/03/19 11:43:14 - mmengine - INFO - Epoch(train) [80][100/245]  base_lr: 1.0000e-06 lr: 1.0000e-07  eta: 0:01:30  time: 0.5760  data_time: 0.0028  memory: 10692  grad_norm: 72.9671  loss: 3.8774  loss_cls: 0.0778  loss_bbox: 0.1364  loss_iou: 0.3650  d0.loss_cls: 0.1896  d0.loss_bbox: 0.1706  d0.loss_iou: 0.4390  d1.loss_cls: 0.1292  d1.loss_bbox: 0.1517  d1.loss_iou: 0.4002  d2.loss_cls: 0.0987  d2.loss_bbox: 0.1443  d2.loss_iou: 0.3854  d3.loss_cls: 0.0850  d3.loss_bbox: 0.1413  d3.loss_iou: 0.3777  d4.loss_cls: 0.0792  d4.loss_bbox: 0.1378  d4.loss_iou: 0.3686
2026/03/19 11:43:43 - mmengine - INFO - Epoch(train) [80][150/245]  base_lr: 1.0000e-06 lr: 1.0000e-07  eta: 0:00:59  time: 0.5771  data_time: 0.0030  memory: 10692  grad_norm: 73.2097  loss: 3.8585  loss_cls: 0.0742  loss_bbox: 0.1323  loss_iou: 0.3679  d0.loss_cls: 0.1812  d0.loss_bbox: 0.1692  d0.loss_iou: 0.4459  d1.loss_cls: 0.1232  d1.loss_bbox: 0.1496  d1.loss_iou: 0.4073  d2.loss_cls: 0.0942  d2.loss_bbox: 0.1415  d2.loss_iou: 0.3897  d3.loss_cls: 0.0796  d3.loss_bbox: 0.1380  d3.loss_iou: 0.3827  d4.loss_cls: 0.0753  d4.loss_bbox: 0.1339  d4.loss_iou: 0.3728
2026/03/19 11:44:12 - mmengine - INFO - Epoch(train) [80][200/245]  base_lr: 1.0000e-06 lr: 1.0000e-07  eta: 0:00:28  time: 0.5863  data_time: 0.0032  memory: 10692  grad_norm: 81.0759  loss: 3.9122  loss_cls: 0.0771  loss_bbox: 0.1326  loss_iou: 0.3742  d0.loss_cls: 0.1864  d0.loss_bbox: 0.1684  d0.loss_iou: 0.4494  d1.loss_cls: 0.1296  d1.loss_bbox: 0.1489  d1.loss_iou: 0.4080  d2.loss_cls: 0.1002  d2.loss_bbox: 0.1414  d2.loss_iou: 0.3937  d3.loss_cls: 0.0845  d3.loss_bbox: 0.1381  d3.loss_iou: 0.3875  d4.loss_cls: 0.0805  d4.loss_bbox: 0.1342  d4.loss_iou: 0.3775
2026/03/19 11:44:38 - mmengine - INFO - Exp name: detr_r50_ruod_120e_pretrained_20260319_080015
2026/03/19 11:44:38 - mmengine - INFO - Saving checkpoint at 80 epochs
2026/03/19 11:44:43 - mmengine - INFO - Epoch(val) [80][ 50/245]    eta: 0:00:12  time: 0.0659  data_time: 0.0289  memory: 10692  
2026/03/19 11:44:47 - mmengine - INFO - Epoch(val) [80][100/245]    eta: 0:00:09  time: 0.0662  data_time: 0.0287  memory: 1187  
2026/03/19 11:44:49 - mmengine - INFO - Epoch(val) [80][150/245]    eta: 0:00:05  time: 0.0468  data_time: 0.0094  memory: 1187  
2026/03/19 11:44:52 - mmengine - INFO - Epoch(val) [80][200/245]    eta: 0:00:02  time: 0.0494  data_time: 0.0099  memory: 1187  
2026/03/19 11:44:56 - mmengine - INFO - Evaluating bbox...
2026/03/19 11:45:08 - mmengine - INFO - bbox_mAP_copypaste: 0.462 0.741 0.468 0.095 0.268 0.524
2026/03/19 11:45:08 - mmengine - INFO - Epoch(val) [80][245/245]    coco/bbox_mAP: 0.4620  coco/bbox_mAP_50: 0.7410  coco/bbox_mAP_75: 0.4680  coco/bbox_mAP_s: 0.0950  coco/bbox_mAP_m: 0.2680  coco/bbox_mAP_l: 0.5240  data_time: 0.0173  time: 0.0552
