2026/03/27 22:29:07 - mmengine - INFO - 
------------------------------------------------------------
System environment:
    sys.platform: linux
    Python: 3.11.10 (main, Sep  7 2024, 18:35:41) [GCC 11.4.0]
    CUDA available: True
    MUSA available: False
    numpy_random_seed: 0
    GPU 0: NVIDIA A100-SXM4-80GB
    CUDA_HOME: /usr/local/cuda
    NVCC: Cuda compilation tools, release 12.4, V12.4.131
    GCC: x86_64-linux-gnu-gcc (Ubuntu 11.4.0-1ubuntu1~22.04) 11.4.0
    PyTorch: 2.1.0+cu121
    PyTorch compiling details: PyTorch built with:
  - GCC 9.3
  - C++ Version: 201703
  - Intel(R) oneAPI Math Kernel Library Version 2022.2-Product Build 20220804 for Intel(R) 64 architecture applications
  - Intel(R) MKL-DNN v3.1.1 (Git Hash 64f6bcbcbab628e96f33a62c3e975f8535a7bde4)
  - OpenMP 201511 (a.k.a. OpenMP 4.5)
  - LAPACK is enabled (usually provided by MKL)
  - NNPACK is enabled
  - CPU capability usage: AVX2
  - CUDA Runtime 12.1
  - NVCC architecture flags: -gencode;arch=compute_50,code=sm_50;-gencode;arch=compute_60,code=sm_60;-gencode;arch=compute_70,code=sm_70;-gencode;arch=compute_75,code=sm_75;-gencode;arch=compute_80,code=sm_80;-gencode;arch=compute_86,code=sm_86;-gencode;arch=compute_90,code=sm_90
  - CuDNN 8.9.2
  - Magma 2.6.1
  - Build settings: BLAS_INFO=mkl, BUILD_TYPE=Release, CUDA_VERSION=12.1, CUDNN_VERSION=8.9.2, CXX_COMPILER=/opt/rh/devtoolset-9/root/usr/bin/c++, CXX_FLAGS= -D_GLIBCXX_USE_CXX11_ABI=0 -fabi-version=11 -fvisibility-inlines-hidden -DUSE_PTHREADPOOL -DNDEBUG -DUSE_KINETO -DLIBKINETO_NOROCTRACER -DUSE_FBGEMM -DUSE_QNNPACK -DUSE_PYTORCH_QNNPACK -DUSE_XNNPACK -DSYMBOLICATE_MOBILE_DEBUG_HANDLE -O2 -fPIC -Wall -Wextra -Werror=return-type -Werror=non-virtual-dtor -Werror=bool-operation -Wnarrowing -Wno-missing-field-initializers -Wno-type-limits -Wno-array-bounds -Wno-unknown-pragmas -Wno-unused-parameter -Wno-unused-function -Wno-unused-result -Wno-strict-overflow -Wno-strict-aliasing -Wno-stringop-overflow -Wno-psabi -Wno-error=pedantic -Wno-error=old-style-cast -Wno-invalid-partial-specialization -Wno-unused-private-field -Wno-aligned-allocation-unavailable -Wno-missing-braces -fdiagnostics-color=always -faligned-new -Wno-unused-but-set-variable -Wno-maybe-uninitialized -fno-math-errno -fno-trapping-math -Werror=format -Werror=cast-function-type -Wno-stringop-overflow, LAPACK_INFO=mkl, PERF_WITH_AVX=1, PERF_WITH_AVX2=1, PERF_WITH_AVX512=1, TORCH_DISABLE_GPU_ASSERTS=ON, TORCH_VERSION=2.1.0, USE_CUDA=ON, USE_CUDNN=ON, USE_EXCEPTION_PTR=1, USE_GFLAGS=OFF, USE_GLOG=OFF, USE_MKL=ON, USE_MKLDNN=ON, USE_MPI=OFF, USE_NCCL=1, USE_NNPACK=ON, USE_OPENMP=ON, USE_ROCM=OFF, 

    TorchVision: 0.16.0+cu121
    OpenCV: 4.11.0
    MMEngine: 0.10.7

Runtime environment:
    cudnn_benchmark: False
    mp_cfg: {'mp_start_method': 'fork', 'opencv_num_threads': 0}
    dist_cfg: {'backend': 'nccl'}
    seed: 0
    deterministic: False
    Distributed launcher: none
    Distributed training: False
    GPU number: 1
------------------------------------------------------------

2026/03/27 22:29:08 - mmengine - INFO - Config:
auto_scale_lr = dict(base_batch_size=16, enable=False)
backend_args = None
classes = (
    'fish',
    'net',
)
data_root = '../data-processing/sonar/net_fish_sonar/processed/split_yolo_fish_net/'
dataset_type = 'CocoDataset'
default_hooks = dict(
    checkpoint=dict(
        interval=-1,
        max_keep_ckpts=1,
        rule='greater',
        save_best='coco/bbox_mAP',
        save_last=True,
        type='CheckpointHook'),
    logger=dict(interval=50, type='LoggerHook'),
    param_scheduler=dict(type='ParamSchedulerHook'),
    sampler_seed=dict(type='DistSamplerSeedHook'),
    timer=dict(type='IterTimerHook'),
    visualization=dict(type='DetVisualizationHook'))
default_scope = 'mmdet'
env_cfg = dict(
    cudnn_benchmark=False,
    dist_cfg=dict(backend='nccl'),
    mp_cfg=dict(mp_start_method='fork', opencv_num_threads=0))
launcher = 'none'
load_from = 'https://download.openmmlab.com/mmdetection/v3.0/detr/detr_r50_8xb2-150e_coco/detr_r50_8xb2-150e_coco_20221023_153551-436d03e8.pth'
log_level = 'INFO'
log_processor = dict(by_epoch=True, type='LogProcessor', window_size=50)
metainfo = dict(classes=(
    'fish',
    'net',
))
model = dict(
    backbone=dict(
        depth=50,
        frozen_stages=1,
        init_cfg=dict(checkpoint='torchvision://resnet50', type='Pretrained'),
        norm_cfg=dict(requires_grad=False, type='BN'),
        norm_eval=True,
        num_stages=4,
        out_indices=(3, ),
        style='pytorch',
        type='ResNet'),
    bbox_head=dict(
        embed_dims=256,
        loss_bbox=dict(loss_weight=5.0, type='L1Loss'),
        loss_cls=dict(
            bg_cls_weight=0.1,
            class_weight=1.0,
            loss_weight=1.0,
            type='CrossEntropyLoss',
            use_sigmoid=False),
        loss_iou=dict(loss_weight=2.0, type='GIoULoss'),
        num_classes=2,
        type='DETRHead'),
    data_preprocessor=dict(
        bgr_to_rgb=True,
        mean=[
            123.675,
            116.28,
            103.53,
        ],
        pad_size_divisor=1,
        std=[
            58.395,
            57.12,
            57.375,
        ],
        type='DetDataPreprocessor'),
    decoder=dict(
        layer_cfg=dict(
            cross_attn_cfg=dict(
                batch_first=True, dropout=0.1, embed_dims=256, num_heads=8),
            ffn_cfg=dict(
                act_cfg=dict(inplace=True, type='ReLU'),
                embed_dims=256,
                feedforward_channels=2048,
                ffn_drop=0.1,
                num_fcs=2),
            self_attn_cfg=dict(
                batch_first=True, dropout=0.1, embed_dims=256, num_heads=8)),
        num_layers=6,
        return_intermediate=True),
    encoder=dict(
        layer_cfg=dict(
            ffn_cfg=dict(
                act_cfg=dict(inplace=True, type='ReLU'),
                embed_dims=256,
                feedforward_channels=2048,
                ffn_drop=0.1,
                num_fcs=2),
            self_attn_cfg=dict(
                batch_first=True, dropout=0.1, embed_dims=256, num_heads=8)),
        num_layers=6),
    neck=dict(
        act_cfg=None,
        in_channels=[
            2048,
        ],
        kernel_size=1,
        norm_cfg=None,
        num_outs=1,
        out_channels=256,
        type='ChannelMapper'),
    num_queries=100,
    positional_encoding=dict(normalize=True, num_feats=128),
    test_cfg=dict(max_per_img=100),
    train_cfg=dict(
        assigner=dict(
            match_costs=[
                dict(type='ClassificationCost', weight=1.0),
                dict(box_format='xywh', type='BBoxL1Cost', weight=5.0),
                dict(iou_mode='giou', type='IoUCost', weight=2.0),
            ],
            type='HungarianAssigner')),
    type='DETR')
num_classes = 2
optim_wrapper = dict(
    clip_grad=dict(max_norm=0.1, norm_type=2),
    optimizer=dict(lr=0.0001, type='AdamW', weight_decay=0.0001),
    paramwise_cfg=dict(custom_keys=dict(backbone=dict(lr_mult=0.1))),
    type='AmpOptimWrapper')
param_scheduler = [
    dict(
        begin=0,
        by_epoch=True,
        end=3,
        end_factor=1.0,
        start_factor=0.1,
        type='LinearLR'),
    dict(
        begin=3,
        by_epoch=True,
        end=80,
        end_factor=0.01,
        start_factor=1.0,
        type='LinearLR'),
]
randomness = dict(deterministic=False, seed=0)
resume = False
test_cfg = dict(type='TestLoop')
test_dataloader = dict(
    batch_size=1,
    dataset=dict(
        ann_file='annotations/test.json',
        backend_args=None,
        data_prefix=dict(img='images/test/'),
        data_root=
        '../data-processing/sonar/net_fish_sonar/processed/split_yolo_fish_net/',
        metainfo=dict(classes=(
            'fish',
            'net',
        )),
        pipeline=[
            dict(backend_args=None, type='LoadImageFromFile'),
            dict(keep_ratio=True, scale=(
                640,
                640,
            ), type='Resize'),
            dict(type='LoadAnnotations', with_bbox=True),
            dict(
                meta_keys=(
                    'img_id',
                    'img_path',
                    'ori_shape',
                    'img_shape',
                    'scale_factor',
                ),
                type='PackDetInputs'),
        ],
        test_mode=True,
        type='CocoDataset'),
    drop_last=False,
    num_workers=2,
    persistent_workers=True,
    sampler=dict(shuffle=False, type='DefaultSampler'))
test_evaluator = dict(
    ann_file=
    '../data-processing/sonar/net_fish_sonar/processed/split_yolo_fish_net/annotations/test.json',
    backend_args=None,
    format_only=False,
    metric='bbox',
    type='CocoMetric')
test_pipeline = [
    dict(backend_args=None, type='LoadImageFromFile'),
    dict(keep_ratio=True, scale=(
        640,
        640,
    ), type='Resize'),
    dict(type='LoadAnnotations', with_bbox=True),
    dict(
        meta_keys=(
            'img_id',
            'img_path',
            'ori_shape',
            'img_shape',
            'scale_factor',
        ),
        type='PackDetInputs'),
]
train_cfg = dict(max_epochs=80, type='EpochBasedTrainLoop', val_interval=2)
train_dataloader = dict(
    batch_sampler=dict(type='AspectRatioBatchSampler'),
    batch_size=32,
    dataset=dict(
        ann_file='annotations/train.json',
        backend_args=None,
        data_prefix=dict(img='images/train/'),
        data_root=
        '../data-processing/sonar/net_fish_sonar/processed/split_yolo_fish_net/',
        filter_cfg=dict(filter_empty_gt=False),
        metainfo=dict(classes=(
            'fish',
            'net',
        )),
        pipeline=[
            dict(backend_args=None, type='LoadImageFromFile'),
            dict(type='LoadAnnotations', with_bbox=True),
            dict(keep_ratio=True, scale=(
                640,
                640,
            ), type='Resize'),
            dict(prob=0.5, type='RandomFlip'),
            dict(type='PackDetInputs'),
        ],
        type='CocoDataset'),
    num_workers=8,
    persistent_workers=True,
    pin_memory=True,
    prefetch_factor=4,
    sampler=dict(shuffle=True, type='DefaultSampler'))
train_pipeline = [
    dict(backend_args=None, type='LoadImageFromFile'),
    dict(type='LoadAnnotations', with_bbox=True),
    dict(keep_ratio=True, scale=(
        640,
        640,
    ), type='Resize'),
    dict(prob=0.5, type='RandomFlip'),
    dict(type='PackDetInputs'),
]
val_cfg = dict(type='ValLoop')
val_dataloader = dict(
    batch_size=8,
    dataset=dict(
        ann_file='annotations/val.json',
        backend_args=None,
        data_prefix=dict(img='images/val/'),
        data_root=
        '../data-processing/sonar/net_fish_sonar/processed/split_yolo_fish_net/',
        metainfo=dict(classes=(
            'fish',
            'net',
        )),
        pipeline=[
            dict(backend_args=None, type='LoadImageFromFile'),
            dict(keep_ratio=True, scale=(
                640,
                640,
            ), type='Resize'),
            dict(type='LoadAnnotations', with_bbox=True),
            dict(
                meta_keys=(
                    'img_id',
                    'img_path',
                    'ori_shape',
                    'img_shape',
                    'scale_factor',
                ),
                type='PackDetInputs'),
        ],
        test_mode=True,
        type='CocoDataset'),
    drop_last=False,
    num_workers=4,
    persistent_workers=True,
    sampler=dict(shuffle=False, type='DefaultSampler'))
val_evaluator = dict(
    ann_file=
    '../data-processing/sonar/net_fish_sonar/processed/split_yolo_fish_net/annotations/val.json',
    backend_args=None,
    format_only=False,
    metric='bbox',
    type='CocoMetric')
vis_backends = [
    dict(type='LocalVisBackend'),
]
visualizer = dict(
    name='visualizer',
    type='DetLocalVisualizer',
    vis_backends=[
        dict(type='LocalVisBackend'),
    ])
work_dir = '../runs/mmdet/net_fish_sonar/detr_r50_net_fish_sonar_80e_pretrained'

2026/03/27 22:29:12 - mmengine - INFO - Distributed training is not used, all SyncBatchNorm (SyncBN) layers in the model will be automatically reverted to BatchNormXd layers if they are used.
2026/03/27 22:29:12 - mmengine - INFO - Hooks will be executed in the following order:
before_run:
(VERY_HIGH   ) RuntimeInfoHook                    
(BELOW_NORMAL) LoggerHook                         
 -------------------- 
before_train:
(VERY_HIGH   ) RuntimeInfoHook                    
(NORMAL      ) IterTimerHook                      
(VERY_LOW    ) CheckpointHook                     
 -------------------- 
before_train_epoch:
(VERY_HIGH   ) RuntimeInfoHook                    
(NORMAL      ) IterTimerHook                      
(NORMAL      ) DistSamplerSeedHook                
 -------------------- 
before_train_iter:
(VERY_HIGH   ) RuntimeInfoHook                    
(NORMAL      ) IterTimerHook                      
 -------------------- 
after_train_iter:
(VERY_HIGH   ) RuntimeInfoHook                    
(NORMAL      ) IterTimerHook                      
(BELOW_NORMAL) LoggerHook                         
(LOW         ) ParamSchedulerHook                 
(VERY_LOW    ) CheckpointHook                     
 -------------------- 
after_train_epoch:
(NORMAL      ) IterTimerHook                      
(LOW         ) ParamSchedulerHook                 
(VERY_LOW    ) CheckpointHook                     
 -------------------- 
before_val:
(VERY_HIGH   ) RuntimeInfoHook                    
 -------------------- 
before_val_epoch:
(NORMAL      ) IterTimerHook                      
 -------------------- 
before_val_iter:
(NORMAL      ) IterTimerHook                      
 -------------------- 
after_val_iter:
(NORMAL      ) IterTimerHook                      
(NORMAL      ) DetVisualizationHook               
(BELOW_NORMAL) LoggerHook                         
 -------------------- 
after_val_epoch:
(VERY_HIGH   ) RuntimeInfoHook                    
(NORMAL      ) IterTimerHook                      
(BELOW_NORMAL) LoggerHook                         
(LOW         ) ParamSchedulerHook                 
(VERY_LOW    ) CheckpointHook                     
 -------------------- 
after_val:
(VERY_HIGH   ) RuntimeInfoHook                    
 -------------------- 
after_train:
(VERY_HIGH   ) RuntimeInfoHook                    
(VERY_LOW    ) CheckpointHook                     
 -------------------- 
before_test:
(VERY_HIGH   ) RuntimeInfoHook                    
 -------------------- 
before_test_epoch:
(NORMAL      ) IterTimerHook                      
 -------------------- 
before_test_iter:
(NORMAL      ) IterTimerHook                      
 -------------------- 
after_test_iter:
(NORMAL      ) IterTimerHook                      
(NORMAL      ) DetVisualizationHook               
(BELOW_NORMAL) LoggerHook                         
 -------------------- 
after_test_epoch:
(VERY_HIGH   ) RuntimeInfoHook                    
(NORMAL      ) IterTimerHook                      
(BELOW_NORMAL) LoggerHook                         
 -------------------- 
after_test:
(VERY_HIGH   ) RuntimeInfoHook                    
 -------------------- 
after_run:
(BELOW_NORMAL) LoggerHook                         
 -------------------- 
2026/03/27 22:29:12 - mmengine - WARNING - backbone.conv1.weight is skipped since its requires_grad=False
2026/03/27 22:29:12 - mmengine - WARNING - backbone.bn1.weight is skipped since its requires_grad=False
2026/03/27 22:29:12 - mmengine - WARNING - backbone.bn1.bias is skipped since its requires_grad=False
2026/03/27 22:29:12 - mmengine - WARNING - backbone.layer1.0.conv1.weight is skipped since its requires_grad=False
2026/03/27 22:29:12 - mmengine - WARNING - backbone.layer1.0.bn1.weight is skipped since its requires_grad=False
2026/03/27 22:29:12 - mmengine - WARNING - backbone.layer1.0.bn1.bias is skipped since its requires_grad=False
2026/03/27 22:29:12 - mmengine - WARNING - backbone.layer1.0.conv2.weight is skipped since its requires_grad=False
2026/03/27 22:29:12 - mmengine - WARNING - backbone.layer1.0.bn2.weight is skipped since its requires_grad=False
2026/03/27 22:29:12 - mmengine - WARNING - backbone.layer1.0.bn2.bias is skipped since its requires_grad=False
2026/03/27 22:29:12 - mmengine - WARNING - backbone.layer1.0.conv3.weight is skipped since its requires_grad=False
2026/03/27 22:29:12 - mmengine - WARNING - backbone.layer1.0.bn3.weight is skipped since its requires_grad=False
2026/03/27 22:29:12 - mmengine - WARNING - backbone.layer1.0.bn3.bias is skipped since its requires_grad=False
2026/03/27 22:29:12 - mmengine - WARNING - backbone.layer1.0.downsample.0.weight is skipped since its requires_grad=False
2026/03/27 22:29:12 - mmengine - WARNING - backbone.layer1.0.downsample.1.weight is skipped since its requires_grad=False
2026/03/27 22:29:12 - mmengine - WARNING - backbone.layer1.0.downsample.1.bias is skipped since its requires_grad=False
2026/03/27 22:29:12 - mmengine - WARNING - backbone.layer1.1.conv1.weight is skipped since its requires_grad=False
2026/03/27 22:29:12 - mmengine - WARNING - backbone.layer1.1.bn1.weight is skipped since its requires_grad=False
2026/03/27 22:29:12 - mmengine - WARNING - backbone.layer1.1.bn1.bias is skipped since its requires_grad=False
2026/03/27 22:29:12 - mmengine - WARNING - backbone.layer1.1.conv2.weight is skipped since its requires_grad=False
2026/03/27 22:29:12 - mmengine - WARNING - backbone.layer1.1.bn2.weight is skipped since its requires_grad=False
2026/03/27 22:29:12 - mmengine - WARNING - backbone.layer1.1.bn2.bias is skipped since its requires_grad=False
2026/03/27 22:29:12 - mmengine - WARNING - backbone.layer1.1.conv3.weight is skipped since its requires_grad=False
2026/03/27 22:29:12 - mmengine - WARNING - backbone.layer1.1.bn3.weight is skipped since its requires_grad=False
2026/03/27 22:29:12 - mmengine - WARNING - backbone.layer1.1.bn3.bias is skipped since its requires_grad=False
2026/03/27 22:29:12 - mmengine - WARNING - backbone.layer1.2.conv1.weight is skipped since its requires_grad=False
2026/03/27 22:29:12 - mmengine - WARNING - backbone.layer1.2.bn1.weight is skipped since its requires_grad=False
2026/03/27 22:29:12 - mmengine - WARNING - backbone.layer1.2.bn1.bias is skipped since its requires_grad=False
2026/03/27 22:29:12 - mmengine - WARNING - backbone.layer1.2.conv2.weight is skipped since its requires_grad=False
2026/03/27 22:29:12 - mmengine - WARNING - backbone.layer1.2.bn2.weight is skipped since its requires_grad=False
2026/03/27 22:29:12 - mmengine - WARNING - backbone.layer1.2.bn2.bias is skipped since its requires_grad=False
2026/03/27 22:29:12 - mmengine - WARNING - backbone.layer1.2.conv3.weight is skipped since its requires_grad=False
2026/03/27 22:29:12 - mmengine - WARNING - backbone.layer1.2.bn3.weight is skipped since its requires_grad=False
2026/03/27 22:29:12 - mmengine - WARNING - backbone.layer1.2.bn3.bias is skipped since its requires_grad=False
2026/03/27 22:29:12 - mmengine - INFO - paramwise_options -- backbone.layer2.0.conv1.weight:lr=1e-05
2026/03/27 22:29:12 - mmengine - INFO - paramwise_options -- backbone.layer2.0.conv1.weight:weight_decay=0.0001
2026/03/27 22:29:12 - mmengine - INFO - paramwise_options -- backbone.layer2.0.conv1.weight:lr_mult=0.1
2026/03/27 22:29:12 - mmengine - WARNING - backbone.layer2.0.bn1.weight is skipped since its requires_grad=False
2026/03/27 22:29:12 - mmengine - WARNING - backbone.layer2.0.bn1.bias is skipped since its requires_grad=False
2026/03/27 22:29:12 - mmengine - INFO - paramwise_options -- backbone.layer2.0.conv2.weight:lr=1e-05
2026/03/27 22:29:12 - mmengine - INFO - paramwise_options -- backbone.layer2.0.conv2.weight:weight_decay=0.0001
2026/03/27 22:29:12 - mmengine - INFO - paramwise_options -- backbone.layer2.0.conv2.weight:lr_mult=0.1
2026/03/27 22:29:12 - mmengine - WARNING - backbone.layer2.0.bn2.weight is skipped since its requires_grad=False
2026/03/27 22:29:12 - mmengine - WARNING - backbone.layer2.0.bn2.bias is skipped since its requires_grad=False
2026/03/27 22:29:12 - mmengine - INFO - paramwise_options -- backbone.layer2.0.conv3.weight:lr=1e-05
2026/03/27 22:29:12 - mmengine - INFO - paramwise_options -- backbone.layer2.0.conv3.weight:weight_decay=0.0001
2026/03/27 22:29:12 - mmengine - INFO - paramwise_options -- backbone.layer2.0.conv3.weight:lr_mult=0.1
2026/03/27 22:29:12 - mmengine - WARNING - backbone.layer2.0.bn3.weight is skipped since its requires_grad=False
2026/03/27 22:29:12 - mmengine - WARNING - backbone.layer2.0.bn3.bias is skipped since its requires_grad=False
2026/03/27 22:29:12 - mmengine - INFO - paramwise_options -- backbone.layer2.0.downsample.0.weight:lr=1e-05
2026/03/27 22:29:12 - mmengine - INFO - paramwise_options -- backbone.layer2.0.downsample.0.weight:weight_decay=0.0001
2026/03/27 22:29:12 - mmengine - INFO - paramwise_options -- backbone.layer2.0.downsample.0.weight:lr_mult=0.1
2026/03/27 22:29:12 - mmengine - WARNING - backbone.layer2.0.downsample.1.weight is skipped since its requires_grad=False
2026/03/27 22:29:12 - mmengine - WARNING - backbone.layer2.0.downsample.1.bias is skipped since its requires_grad=False
2026/03/27 22:29:12 - mmengine - INFO - paramwise_options -- backbone.layer2.1.conv1.weight:lr=1e-05
2026/03/27 22:29:12 - mmengine - INFO - paramwise_options -- backbone.layer2.1.conv1.weight:weight_decay=0.0001
2026/03/27 22:29:12 - mmengine - INFO - paramwise_options -- backbone.layer2.1.conv1.weight:lr_mult=0.1
2026/03/27 22:29:12 - mmengine - WARNING - backbone.layer2.1.bn1.weight is skipped since its requires_grad=False
2026/03/27 22:29:12 - mmengine - WARNING - backbone.layer2.1.bn1.bias is skipped since its requires_grad=False
2026/03/27 22:29:12 - mmengine - INFO - paramwise_options -- backbone.layer2.1.conv2.weight:lr=1e-05
2026/03/27 22:29:12 - mmengine - INFO - paramwise_options -- backbone.layer2.1.conv2.weight:weight_decay=0.0001
2026/03/27 22:29:12 - mmengine - INFO - paramwise_options -- backbone.layer2.1.conv2.weight:lr_mult=0.1
2026/03/27 22:29:12 - mmengine - WARNING - backbone.layer2.1.bn2.weight is skipped since its requires_grad=False
2026/03/27 22:29:12 - mmengine - WARNING - backbone.layer2.1.bn2.bias is skipped since its requires_grad=False
2026/03/27 22:29:12 - mmengine - INFO - paramwise_options -- backbone.layer2.1.conv3.weight:lr=1e-05
2026/03/27 22:29:12 - mmengine - INFO - paramwise_options -- backbone.layer2.1.conv3.weight:weight_decay=0.0001
2026/03/27 22:29:12 - mmengine - INFO - paramwise_options -- backbone.layer2.1.conv3.weight:lr_mult=0.1
2026/03/27 22:29:12 - mmengine - WARNING - backbone.layer2.1.bn3.weight is skipped since its requires_grad=False
2026/03/27 22:29:12 - mmengine - WARNING - backbone.layer2.1.bn3.bias is skipped since its requires_grad=False
2026/03/27 22:29:12 - mmengine - INFO - paramwise_options -- backbone.layer2.2.conv1.weight:lr=1e-05
2026/03/27 22:29:12 - mmengine - INFO - paramwise_options -- backbone.layer2.2.conv1.weight:weight_decay=0.0001
2026/03/27 22:29:12 - mmengine - INFO - paramwise_options -- backbone.layer2.2.conv1.weight:lr_mult=0.1
2026/03/27 22:29:12 - mmengine - WARNING - backbone.layer2.2.bn1.weight is skipped since its requires_grad=False
2026/03/27 22:29:12 - mmengine - WARNING - backbone.layer2.2.bn1.bias is skipped since its requires_grad=False
2026/03/27 22:29:12 - mmengine - INFO - paramwise_options -- backbone.layer2.2.conv2.weight:lr=1e-05
2026/03/27 22:29:12 - mmengine - INFO - paramwise_options -- backbone.layer2.2.conv2.weight:weight_decay=0.0001
2026/03/27 22:29:12 - mmengine - INFO - paramwise_options -- backbone.layer2.2.conv2.weight:lr_mult=0.1
2026/03/27 22:29:12 - mmengine - WARNING - backbone.layer2.2.bn2.weight is skipped since its requires_grad=False
2026/03/27 22:29:12 - mmengine - WARNING - backbone.layer2.2.bn2.bias is skipped since its requires_grad=False
2026/03/27 22:29:12 - mmengine - INFO - paramwise_options -- backbone.layer2.2.conv3.weight:lr=1e-05
2026/03/27 22:29:12 - mmengine - INFO - paramwise_options -- backbone.layer2.2.conv3.weight:weight_decay=0.0001
2026/03/27 22:29:12 - mmengine - INFO - paramwise_options -- backbone.layer2.2.conv3.weight:lr_mult=0.1
2026/03/27 22:29:12 - mmengine - WARNING - backbone.layer2.2.bn3.weight is skipped since its requires_grad=False
2026/03/27 22:29:12 - mmengine - WARNING - backbone.layer2.2.bn3.bias is skipped since its requires_grad=False
2026/03/27 22:29:12 - mmengine - INFO - paramwise_options -- backbone.layer2.3.conv1.weight:lr=1e-05
2026/03/27 22:29:12 - mmengine - INFO - paramwise_options -- backbone.layer2.3.conv1.weight:weight_decay=0.0001
2026/03/27 22:29:12 - mmengine - INFO - paramwise_options -- backbone.layer2.3.conv1.weight:lr_mult=0.1
2026/03/27 22:29:12 - mmengine - WARNING - backbone.layer2.3.bn1.weight is skipped since its requires_grad=False
2026/03/27 22:29:12 - mmengine - WARNING - backbone.layer2.3.bn1.bias is skipped since its requires_grad=False
2026/03/27 22:29:12 - mmengine - INFO - paramwise_options -- backbone.layer2.3.conv2.weight:lr=1e-05
2026/03/27 22:29:12 - mmengine - INFO - paramwise_options -- backbone.layer2.3.conv2.weight:weight_decay=0.0001
2026/03/27 22:29:12 - mmengine - INFO - paramwise_options -- backbone.layer2.3.conv2.weight:lr_mult=0.1
2026/03/27 22:29:12 - mmengine - WARNING - backbone.layer2.3.bn2.weight is skipped since its requires_grad=False
2026/03/27 22:29:12 - mmengine - WARNING - backbone.layer2.3.bn2.bias is skipped since its requires_grad=False
2026/03/27 22:29:12 - mmengine - INFO - paramwise_options -- backbone.layer2.3.conv3.weight:lr=1e-05
2026/03/27 22:29:12 - mmengine - INFO - paramwise_options -- backbone.layer2.3.conv3.weight:weight_decay=0.0001
2026/03/27 22:29:12 - mmengine - INFO - paramwise_options -- backbone.layer2.3.conv3.weight:lr_mult=0.1
2026/03/27 22:29:12 - mmengine - WARNING - backbone.layer2.3.bn3.weight is skipped since its requires_grad=False
2026/03/27 22:29:12 - mmengine - WARNING - backbone.layer2.3.bn3.bias is skipped since its requires_grad=False
2026/03/27 22:29:12 - mmengine - INFO - paramwise_options -- backbone.layer3.0.conv1.weight:lr=1e-05
2026/03/27 22:29:12 - mmengine - INFO - paramwise_options -- backbone.layer3.0.conv1.weight:weight_decay=0.0001
2026/03/27 22:29:12 - mmengine - INFO - paramwise_options -- backbone.layer3.0.conv1.weight:lr_mult=0.1
2026/03/27 22:29:12 - mmengine - WARNING - backbone.layer3.0.bn1.weight is skipped since its requires_grad=False
2026/03/27 22:29:12 - mmengine - WARNING - backbone.layer3.0.bn1.bias is skipped since its requires_grad=False
2026/03/27 22:29:12 - mmengine - INFO - paramwise_options -- backbone.layer3.0.conv2.weight:lr=1e-05
2026/03/27 22:29:12 - mmengine - INFO - paramwise_options -- backbone.layer3.0.conv2.weight:weight_decay=0.0001
2026/03/27 22:29:12 - mmengine - INFO - paramwise_options -- backbone.layer3.0.conv2.weight:lr_mult=0.1
2026/03/27 22:29:12 - mmengine - WARNING - backbone.layer3.0.bn2.weight is skipped since its requires_grad=False
2026/03/27 22:29:12 - mmengine - WARNING - backbone.layer3.0.bn2.bias is skipped since its requires_grad=False
2026/03/27 22:29:12 - mmengine - INFO - paramwise_options -- backbone.layer3.0.conv3.weight:lr=1e-05
2026/03/27 22:29:12 - mmengine - INFO - paramwise_options -- backbone.layer3.0.conv3.weight:weight_decay=0.0001
2026/03/27 22:29:12 - mmengine - INFO - paramwise_options -- backbone.layer3.0.conv3.weight:lr_mult=0.1
2026/03/27 22:29:12 - mmengine - WARNING - backbone.layer3.0.bn3.weight is skipped since its requires_grad=False
2026/03/27 22:29:12 - mmengine - WARNING - backbone.layer3.0.bn3.bias is skipped since its requires_grad=False
2026/03/27 22:29:12 - mmengine - INFO - paramwise_options -- backbone.layer3.0.downsample.0.weight:lr=1e-05
2026/03/27 22:29:12 - mmengine - INFO - paramwise_options -- backbone.layer3.0.downsample.0.weight:weight_decay=0.0001
2026/03/27 22:29:12 - mmengine - INFO - paramwise_options -- backbone.layer3.0.downsample.0.weight:lr_mult=0.1
2026/03/27 22:29:12 - mmengine - WARNING - backbone.layer3.0.downsample.1.weight is skipped since its requires_grad=False
2026/03/27 22:29:12 - mmengine - WARNING - backbone.layer3.0.downsample.1.bias is skipped since its requires_grad=False
2026/03/27 22:29:12 - mmengine - INFO - paramwise_options -- backbone.layer3.1.conv1.weight:lr=1e-05
2026/03/27 22:29:12 - mmengine - INFO - paramwise_options -- backbone.layer3.1.conv1.weight:weight_decay=0.0001
2026/03/27 22:29:12 - mmengine - INFO - paramwise_options -- backbone.layer3.1.conv1.weight:lr_mult=0.1
2026/03/27 22:29:12 - mmengine - WARNING - backbone.layer3.1.bn1.weight is skipped since its requires_grad=False
2026/03/27 22:29:12 - mmengine - WARNING - backbone.layer3.1.bn1.bias is skipped since its requires_grad=False
2026/03/27 22:29:12 - mmengine - INFO - paramwise_options -- backbone.layer3.1.conv2.weight:lr=1e-05
2026/03/27 22:29:12 - mmengine - INFO - paramwise_options -- backbone.layer3.1.conv2.weight:weight_decay=0.0001
2026/03/27 22:29:12 - mmengine - INFO - paramwise_options -- backbone.layer3.1.conv2.weight:lr_mult=0.1
2026/03/27 22:29:12 - mmengine - WARNING - backbone.layer3.1.bn2.weight is skipped since its requires_grad=False
2026/03/27 22:29:12 - mmengine - WARNING - backbone.layer3.1.bn2.bias is skipped since its requires_grad=False
2026/03/27 22:29:12 - mmengine - INFO - paramwise_options -- backbone.layer3.1.conv3.weight:lr=1e-05
2026/03/27 22:29:12 - mmengine - INFO - paramwise_options -- backbone.layer3.1.conv3.weight:weight_decay=0.0001
2026/03/27 22:29:12 - mmengine - INFO - paramwise_options -- backbone.layer3.1.conv3.weight:lr_mult=0.1
2026/03/27 22:29:12 - mmengine - WARNING - backbone.layer3.1.bn3.weight is skipped since its requires_grad=False
2026/03/27 22:29:12 - mmengine - WARNING - backbone.layer3.1.bn3.bias is skipped since its requires_grad=False
2026/03/27 22:29:12 - mmengine - INFO - paramwise_options -- backbone.layer3.2.conv1.weight:lr=1e-05
2026/03/27 22:29:12 - mmengine - INFO - paramwise_options -- backbone.layer3.2.conv1.weight:weight_decay=0.0001
2026/03/27 22:29:12 - mmengine - INFO - paramwise_options -- backbone.layer3.2.conv1.weight:lr_mult=0.1
2026/03/27 22:29:12 - mmengine - WARNING - backbone.layer3.2.bn1.weight is skipped since its requires_grad=False
2026/03/27 22:29:12 - mmengine - WARNING - backbone.layer3.2.bn1.bias is skipped since its requires_grad=False
2026/03/27 22:29:12 - mmengine - INFO - paramwise_options -- backbone.layer3.2.conv2.weight:lr=1e-05
2026/03/27 22:29:12 - mmengine - INFO - paramwise_options -- backbone.layer3.2.conv2.weight:weight_decay=0.0001
2026/03/27 22:29:12 - mmengine - INFO - paramwise_options -- backbone.layer3.2.conv2.weight:lr_mult=0.1
2026/03/27 22:29:12 - mmengine - WARNING - backbone.layer3.2.bn2.weight is skipped since its requires_grad=False
2026/03/27 22:29:12 - mmengine - WARNING - backbone.layer3.2.bn2.bias is skipped since its requires_grad=False
2026/03/27 22:29:12 - mmengine - INFO - paramwise_options -- backbone.layer3.2.conv3.weight:lr=1e-05
2026/03/27 22:29:12 - mmengine - INFO - paramwise_options -- backbone.layer3.2.conv3.weight:weight_decay=0.0001
2026/03/27 22:29:12 - mmengine - INFO - paramwise_options -- backbone.layer3.2.conv3.weight:lr_mult=0.1
2026/03/27 22:29:12 - mmengine - WARNING - backbone.layer3.2.bn3.weight is skipped since its requires_grad=False
2026/03/27 22:29:12 - mmengine - WARNING - backbone.layer3.2.bn3.bias is skipped since its requires_grad=False
2026/03/27 22:29:12 - mmengine - INFO - paramwise_options -- backbone.layer3.3.conv1.weight:lr=1e-05
2026/03/27 22:29:12 - mmengine - INFO - paramwise_options -- backbone.layer3.3.conv1.weight:weight_decay=0.0001
2026/03/27 22:29:12 - mmengine - INFO - paramwise_options -- backbone.layer3.3.conv1.weight:lr_mult=0.1
2026/03/27 22:29:12 - mmengine - WARNING - backbone.layer3.3.bn1.weight is skipped since its requires_grad=False
2026/03/27 22:29:12 - mmengine - WARNING - backbone.layer3.3.bn1.bias is skipped since its requires_grad=False
2026/03/27 22:29:12 - mmengine - INFO - paramwise_options -- backbone.layer3.3.conv2.weight:lr=1e-05
2026/03/27 22:29:12 - mmengine - INFO - paramwise_options -- backbone.layer3.3.conv2.weight:weight_decay=0.0001
2026/03/27 22:29:12 - mmengine - INFO - paramwise_options -- backbone.layer3.3.conv2.weight:lr_mult=0.1
2026/03/27 22:29:12 - mmengine - WARNING - backbone.layer3.3.bn2.weight is skipped since its requires_grad=False
2026/03/27 22:29:12 - mmengine - WARNING - backbone.layer3.3.bn2.bias is skipped since its requires_grad=False
2026/03/27 22:29:12 - mmengine - INFO - paramwise_options -- backbone.layer3.3.conv3.weight:lr=1e-05
2026/03/27 22:29:12 - mmengine - INFO - paramwise_options -- backbone.layer3.3.conv3.weight:weight_decay=0.0001
2026/03/27 22:29:12 - mmengine - INFO - paramwise_options -- backbone.layer3.3.conv3.weight:lr_mult=0.1
2026/03/27 22:29:12 - mmengine - WARNING - backbone.layer3.3.bn3.weight is skipped since its requires_grad=False
2026/03/27 22:29:12 - mmengine - WARNING - backbone.layer3.3.bn3.bias is skipped since its requires_grad=False
2026/03/27 22:29:12 - mmengine - INFO - paramwise_options -- backbone.layer3.4.conv1.weight:lr=1e-05
2026/03/27 22:29:12 - mmengine - INFO - paramwise_options -- backbone.layer3.4.conv1.weight:weight_decay=0.0001
2026/03/27 22:29:12 - mmengine - INFO - paramwise_options -- backbone.layer3.4.conv1.weight:lr_mult=0.1
2026/03/27 22:29:12 - mmengine - WARNING - backbone.layer3.4.bn1.weight is skipped since its requires_grad=False
2026/03/27 22:29:12 - mmengine - WARNING - backbone.layer3.4.bn1.bias is skipped since its requires_grad=False
2026/03/27 22:29:12 - mmengine - INFO - paramwise_options -- backbone.layer3.4.conv2.weight:lr=1e-05
2026/03/27 22:29:12 - mmengine - INFO - paramwise_options -- backbone.layer3.4.conv2.weight:weight_decay=0.0001
2026/03/27 22:29:12 - mmengine - INFO - paramwise_options -- backbone.layer3.4.conv2.weight:lr_mult=0.1
2026/03/27 22:29:12 - mmengine - WARNING - backbone.layer3.4.bn2.weight is skipped since its requires_grad=False
2026/03/27 22:29:12 - mmengine - WARNING - backbone.layer3.4.bn2.bias is skipped since its requires_grad=False
2026/03/27 22:29:12 - mmengine - INFO - paramwise_options -- backbone.layer3.4.conv3.weight:lr=1e-05
2026/03/27 22:29:12 - mmengine - INFO - paramwise_options -- backbone.layer3.4.conv3.weight:weight_decay=0.0001
2026/03/27 22:29:12 - mmengine - INFO - paramwise_options -- backbone.layer3.4.conv3.weight:lr_mult=0.1
2026/03/27 22:29:12 - mmengine - WARNING - backbone.layer3.4.bn3.weight is skipped since its requires_grad=False
2026/03/27 22:29:12 - mmengine - WARNING - backbone.layer3.4.bn3.bias is skipped since its requires_grad=False
2026/03/27 22:29:12 - mmengine - INFO - paramwise_options -- backbone.layer3.5.conv1.weight:lr=1e-05
2026/03/27 22:29:12 - mmengine - INFO - paramwise_options -- backbone.layer3.5.conv1.weight:weight_decay=0.0001
2026/03/27 22:29:12 - mmengine - INFO - paramwise_options -- backbone.layer3.5.conv1.weight:lr_mult=0.1
2026/03/27 22:29:12 - mmengine - WARNING - backbone.layer3.5.bn1.weight is skipped since its requires_grad=False
2026/03/27 22:29:12 - mmengine - WARNING - backbone.layer3.5.bn1.bias is skipped since its requires_grad=False
2026/03/27 22:29:12 - mmengine - INFO - paramwise_options -- backbone.layer3.5.conv2.weight:lr=1e-05
2026/03/27 22:29:12 - mmengine - INFO - paramwise_options -- backbone.layer3.5.conv2.weight:weight_decay=0.0001
2026/03/27 22:29:12 - mmengine - INFO - paramwise_options -- backbone.layer3.5.conv2.weight:lr_mult=0.1
2026/03/27 22:29:12 - mmengine - WARNING - backbone.layer3.5.bn2.weight is skipped since its requires_grad=False
2026/03/27 22:29:12 - mmengine - WARNING - backbone.layer3.5.bn2.bias is skipped since its requires_grad=False
2026/03/27 22:29:12 - mmengine - INFO - paramwise_options -- backbone.layer3.5.conv3.weight:lr=1e-05
2026/03/27 22:29:12 - mmengine - INFO - paramwise_options -- backbone.layer3.5.conv3.weight:weight_decay=0.0001
2026/03/27 22:29:12 - mmengine - INFO - paramwise_options -- backbone.layer3.5.conv3.weight:lr_mult=0.1
2026/03/27 22:29:12 - mmengine - WARNING - backbone.layer3.5.bn3.weight is skipped since its requires_grad=False
2026/03/27 22:29:12 - mmengine - WARNING - backbone.layer3.5.bn3.bias is skipped since its requires_grad=False
2026/03/27 22:29:12 - mmengine - INFO - paramwise_options -- backbone.layer4.0.conv1.weight:lr=1e-05
2026/03/27 22:29:12 - mmengine - INFO - paramwise_options -- backbone.layer4.0.conv1.weight:weight_decay=0.0001
2026/03/27 22:29:12 - mmengine - INFO - paramwise_options -- backbone.layer4.0.conv1.weight:lr_mult=0.1
2026/03/27 22:29:12 - mmengine - WARNING - backbone.layer4.0.bn1.weight is skipped since its requires_grad=False
2026/03/27 22:29:12 - mmengine - WARNING - backbone.layer4.0.bn1.bias is skipped since its requires_grad=False
2026/03/27 22:29:12 - mmengine - INFO - paramwise_options -- backbone.layer4.0.conv2.weight:lr=1e-05
2026/03/27 22:29:12 - mmengine - INFO - paramwise_options -- backbone.layer4.0.conv2.weight:weight_decay=0.0001
2026/03/27 22:29:12 - mmengine - INFO - paramwise_options -- backbone.layer4.0.conv2.weight:lr_mult=0.1
2026/03/27 22:29:12 - mmengine - WARNING - backbone.layer4.0.bn2.weight is skipped since its requires_grad=False
2026/03/27 22:29:12 - mmengine - WARNING - backbone.layer4.0.bn2.bias is skipped since its requires_grad=False
2026/03/27 22:29:12 - mmengine - INFO - paramwise_options -- backbone.layer4.0.conv3.weight:lr=1e-05
2026/03/27 22:29:12 - mmengine - INFO - paramwise_options -- backbone.layer4.0.conv3.weight:weight_decay=0.0001
2026/03/27 22:29:12 - mmengine - INFO - paramwise_options -- backbone.layer4.0.conv3.weight:lr_mult=0.1
2026/03/27 22:29:12 - mmengine - WARNING - backbone.layer4.0.bn3.weight is skipped since its requires_grad=False
2026/03/27 22:29:12 - mmengine - WARNING - backbone.layer4.0.bn3.bias is skipped since its requires_grad=False
2026/03/27 22:29:12 - mmengine - INFO - paramwise_options -- backbone.layer4.0.downsample.0.weight:lr=1e-05
2026/03/27 22:29:12 - mmengine - INFO - paramwise_options -- backbone.layer4.0.downsample.0.weight:weight_decay=0.0001
2026/03/27 22:29:12 - mmengine - INFO - paramwise_options -- backbone.layer4.0.downsample.0.weight:lr_mult=0.1
2026/03/27 22:29:12 - mmengine - WARNING - backbone.layer4.0.downsample.1.weight is skipped since its requires_grad=False
2026/03/27 22:29:12 - mmengine - WARNING - backbone.layer4.0.downsample.1.bias is skipped since its requires_grad=False
2026/03/27 22:29:12 - mmengine - INFO - paramwise_options -- backbone.layer4.1.conv1.weight:lr=1e-05
2026/03/27 22:29:12 - mmengine - INFO - paramwise_options -- backbone.layer4.1.conv1.weight:weight_decay=0.0001
2026/03/27 22:29:12 - mmengine - INFO - paramwise_options -- backbone.layer4.1.conv1.weight:lr_mult=0.1
2026/03/27 22:29:12 - mmengine - WARNING - backbone.layer4.1.bn1.weight is skipped since its requires_grad=False
2026/03/27 22:29:12 - mmengine - WARNING - backbone.layer4.1.bn1.bias is skipped since its requires_grad=False
2026/03/27 22:29:12 - mmengine - INFO - paramwise_options -- backbone.layer4.1.conv2.weight:lr=1e-05
2026/03/27 22:29:12 - mmengine - INFO - paramwise_options -- backbone.layer4.1.conv2.weight:weight_decay=0.0001
2026/03/27 22:29:12 - mmengine - INFO - paramwise_options -- backbone.layer4.1.conv2.weight:lr_mult=0.1
2026/03/27 22:29:12 - mmengine - WARNING - backbone.layer4.1.bn2.weight is skipped since its requires_grad=False
2026/03/27 22:29:12 - mmengine - WARNING - backbone.layer4.1.bn2.bias is skipped since its requires_grad=False
2026/03/27 22:29:12 - mmengine - INFO - paramwise_options -- backbone.layer4.1.conv3.weight:lr=1e-05
2026/03/27 22:29:12 - mmengine - INFO - paramwise_options -- backbone.layer4.1.conv3.weight:weight_decay=0.0001
2026/03/27 22:29:12 - mmengine - INFO - paramwise_options -- backbone.layer4.1.conv3.weight:lr_mult=0.1
2026/03/27 22:29:12 - mmengine - WARNING - backbone.layer4.1.bn3.weight is skipped since its requires_grad=False
2026/03/27 22:29:12 - mmengine - WARNING - backbone.layer4.1.bn3.bias is skipped since its requires_grad=False
2026/03/27 22:29:12 - mmengine - INFO - paramwise_options -- backbone.layer4.2.conv1.weight:lr=1e-05
2026/03/27 22:29:12 - mmengine - INFO - paramwise_options -- backbone.layer4.2.conv1.weight:weight_decay=0.0001
2026/03/27 22:29:12 - mmengine - INFO - paramwise_options -- backbone.layer4.2.conv1.weight:lr_mult=0.1
2026/03/27 22:29:12 - mmengine - WARNING - backbone.layer4.2.bn1.weight is skipped since its requires_grad=False
2026/03/27 22:29:12 - mmengine - WARNING - backbone.layer4.2.bn1.bias is skipped since its requires_grad=False
2026/03/27 22:29:12 - mmengine - INFO - paramwise_options -- backbone.layer4.2.conv2.weight:lr=1e-05
2026/03/27 22:29:12 - mmengine - INFO - paramwise_options -- backbone.layer4.2.conv2.weight:weight_decay=0.0001
2026/03/27 22:29:12 - mmengine - INFO - paramwise_options -- backbone.layer4.2.conv2.weight:lr_mult=0.1
2026/03/27 22:29:12 - mmengine - WARNING - backbone.layer4.2.bn2.weight is skipped since its requires_grad=False
2026/03/27 22:29:12 - mmengine - WARNING - backbone.layer4.2.bn2.bias is skipped since its requires_grad=False
2026/03/27 22:29:12 - mmengine - INFO - paramwise_options -- backbone.layer4.2.conv3.weight:lr=1e-05
2026/03/27 22:29:12 - mmengine - INFO - paramwise_options -- backbone.layer4.2.conv3.weight:weight_decay=0.0001
2026/03/27 22:29:12 - mmengine - INFO - paramwise_options -- backbone.layer4.2.conv3.weight:lr_mult=0.1
2026/03/27 22:29:12 - mmengine - WARNING - backbone.layer4.2.bn3.weight is skipped since its requires_grad=False
2026/03/27 22:29:12 - mmengine - WARNING - backbone.layer4.2.bn3.bias is skipped since its requires_grad=False
2026/03/27 22:29:13 - mmengine - INFO - load model from: torchvision://resnet50
2026/03/27 22:29:13 - mmengine - INFO - Loads checkpoint by torchvision backend from path: torchvision://resnet50
2026/03/27 22:29:13 - mmengine - WARNING - The model and loaded state dict do not match exactly

unexpected key in source state_dict: fc.weight, fc.bias

Name of parameter - Initialization information

backbone.conv1.weight - torch.Size([64, 3, 7, 7]): 
PretrainedInit: load from torchvision://resnet50 

backbone.bn1.weight - torch.Size([64]): 
PretrainedInit: load from torchvision://resnet50 

backbone.bn1.bias - torch.Size([64]): 
PretrainedInit: load from torchvision://resnet50 

backbone.layer1.0.conv1.weight - torch.Size([64, 64, 1, 1]): 
PretrainedInit: load from torchvision://resnet50 

backbone.layer1.0.bn1.weight - torch.Size([64]): 
PretrainedInit: load from torchvision://resnet50 

backbone.layer1.0.bn1.bias - torch.Size([64]): 
PretrainedInit: load from torchvision://resnet50 

backbone.layer1.0.conv2.weight - torch.Size([64, 64, 3, 3]): 
PretrainedInit: load from torchvision://resnet50 

backbone.layer1.0.bn2.weight - torch.Size([64]): 
PretrainedInit: load from torchvision://resnet50 

backbone.layer1.0.bn2.bias - torch.Size([64]): 
PretrainedInit: load from torchvision://resnet50 

backbone.layer1.0.conv3.weight - torch.Size([256, 64, 1, 1]): 
PretrainedInit: load from torchvision://resnet50 

backbone.layer1.0.bn3.weight - torch.Size([256]): 
PretrainedInit: load from torchvision://resnet50 

backbone.layer1.0.bn3.bias - torch.Size([256]): 
PretrainedInit: load from torchvision://resnet50 

backbone.layer1.0.downsample.0.weight - torch.Size([256, 64, 1, 1]): 
PretrainedInit: load from torchvision://resnet50 

backbone.layer1.0.downsample.1.weight - torch.Size([256]): 
PretrainedInit: load from torchvision://resnet50 

backbone.layer1.0.downsample.1.bias - torch.Size([256]): 
PretrainedInit: load from torchvision://resnet50 

backbone.layer1.1.conv1.weight - torch.Size([64, 256, 1, 1]): 
PretrainedInit: load from torchvision://resnet50 

backbone.layer1.1.bn1.weight - torch.Size([64]): 
PretrainedInit: load from torchvision://resnet50 

backbone.layer1.1.bn1.bias - torch.Size([64]): 
PretrainedInit: load from torchvision://resnet50 

backbone.layer1.1.conv2.weight - torch.Size([64, 64, 3, 3]): 
PretrainedInit: load from torchvision://resnet50 

backbone.layer1.1.bn2.weight - torch.Size([64]): 
PretrainedInit: load from torchvision://resnet50 

backbone.layer1.1.bn2.bias - torch.Size([64]): 
PretrainedInit: load from torchvision://resnet50 

backbone.layer1.1.conv3.weight - torch.Size([256, 64, 1, 1]): 
PretrainedInit: load from torchvision://resnet50 

backbone.layer1.1.bn3.weight - torch.Size([256]): 
PretrainedInit: load from torchvision://resnet50 

backbone.layer1.1.bn3.bias - torch.Size([256]): 
PretrainedInit: load from torchvision://resnet50 

backbone.layer1.2.conv1.weight - torch.Size([64, 256, 1, 1]): 
PretrainedInit: load from torchvision://resnet50 

backbone.layer1.2.bn1.weight - torch.Size([64]): 
PretrainedInit: load from torchvision://resnet50 

backbone.layer1.2.bn1.bias - torch.Size([64]): 
PretrainedInit: load from torchvision://resnet50 

backbone.layer1.2.conv2.weight - torch.Size([64, 64, 3, 3]): 
PretrainedInit: load from torchvision://resnet50 

backbone.layer1.2.bn2.weight - torch.Size([64]): 
PretrainedInit: load from torchvision://resnet50 

backbone.layer1.2.bn2.bias - torch.Size([64]): 
PretrainedInit: load from torchvision://resnet50 

backbone.layer1.2.conv3.weight - torch.Size([256, 64, 1, 1]): 
PretrainedInit: load from torchvision://resnet50 

backbone.layer1.2.bn3.weight - torch.Size([256]): 
PretrainedInit: load from torchvision://resnet50 

backbone.layer1.2.bn3.bias - torch.Size([256]): 
PretrainedInit: load from torchvision://resnet50 

backbone.layer2.0.conv1.weight - torch.Size([128, 256, 1, 1]): 
PretrainedInit: load from torchvision://resnet50 

backbone.layer2.0.bn1.weight - torch.Size([128]): 
PretrainedInit: load from torchvision://resnet50 

backbone.layer2.0.bn1.bias - torch.Size([128]): 
PretrainedInit: load from torchvision://resnet50 

backbone.layer2.0.conv2.weight - torch.Size([128, 128, 3, 3]): 
PretrainedInit: load from torchvision://resnet50 

backbone.layer2.0.bn2.weight - torch.Size([128]): 
PretrainedInit: load from torchvision://resnet50 

backbone.layer2.0.bn2.bias - torch.Size([128]): 
PretrainedInit: load from torchvision://resnet50 

backbone.layer2.0.conv3.weight - torch.Size([512, 128, 1, 1]): 
PretrainedInit: load from torchvision://resnet50 

backbone.layer2.0.bn3.weight - torch.Size([512]): 
PretrainedInit: load from torchvision://resnet50 

backbone.layer2.0.bn3.bias - torch.Size([512]): 
PretrainedInit: load from torchvision://resnet50 

backbone.layer2.0.downsample.0.weight - torch.Size([512, 256, 1, 1]): 
PretrainedInit: load from torchvision://resnet50 

backbone.layer2.0.downsample.1.weight - torch.Size([512]): 
PretrainedInit: load from torchvision://resnet50 

backbone.layer2.0.downsample.1.bias - torch.Size([512]): 
PretrainedInit: load from torchvision://resnet50 

backbone.layer2.1.conv1.weight - torch.Size([128, 512, 1, 1]): 
PretrainedInit: load from torchvision://resnet50 

backbone.layer2.1.bn1.weight - torch.Size([128]): 
PretrainedInit: load from torchvision://resnet50 

backbone.layer2.1.bn1.bias - torch.Size([128]): 
PretrainedInit: load from torchvision://resnet50 

backbone.layer2.1.conv2.weight - torch.Size([128, 128, 3, 3]): 
PretrainedInit: load from torchvision://resnet50 

backbone.layer2.1.bn2.weight - torch.Size([128]): 
PretrainedInit: load from torchvision://resnet50 

backbone.layer2.1.bn2.bias - torch.Size([128]): 
PretrainedInit: load from torchvision://resnet50 

backbone.layer2.1.conv3.weight - torch.Size([512, 128, 1, 1]): 
PretrainedInit: load from torchvision://resnet50 

backbone.layer2.1.bn3.weight - torch.Size([512]): 
PretrainedInit: load from torchvision://resnet50 

backbone.layer2.1.bn3.bias - torch.Size([512]): 
PretrainedInit: load from torchvision://resnet50 

backbone.layer2.2.conv1.weight - torch.Size([128, 512, 1, 1]): 
PretrainedInit: load from torchvision://resnet50 

backbone.layer2.2.bn1.weight - torch.Size([128]): 
PretrainedInit: load from torchvision://resnet50 

backbone.layer2.2.bn1.bias - torch.Size([128]): 
PretrainedInit: load from torchvision://resnet50 

backbone.layer2.2.conv2.weight - torch.Size([128, 128, 3, 3]): 
PretrainedInit: load from torchvision://resnet50 

backbone.layer2.2.bn2.weight - torch.Size([128]): 
PretrainedInit: load from torchvision://resnet50 

backbone.layer2.2.bn2.bias - torch.Size([128]): 
PretrainedInit: load from torchvision://resnet50 

backbone.layer2.2.conv3.weight - torch.Size([512, 128, 1, 1]): 
PretrainedInit: load from torchvision://resnet50 

backbone.layer2.2.bn3.weight - torch.Size([512]): 
PretrainedInit: load from torchvision://resnet50 

backbone.layer2.2.bn3.bias - torch.Size([512]): 
PretrainedInit: load from torchvision://resnet50 

backbone.layer2.3.conv1.weight - torch.Size([128, 512, 1, 1]): 
PretrainedInit: load from torchvision://resnet50 

backbone.layer2.3.bn1.weight - torch.Size([128]): 
PretrainedInit: load from torchvision://resnet50 

backbone.layer2.3.bn1.bias - torch.Size([128]): 
PretrainedInit: load from torchvision://resnet50 

backbone.layer2.3.conv2.weight - torch.Size([128, 128, 3, 3]): 
PretrainedInit: load from torchvision://resnet50 

backbone.layer2.3.bn2.weight - torch.Size([128]): 
PretrainedInit: load from torchvision://resnet50 

backbone.layer2.3.bn2.bias - torch.Size([128]): 
PretrainedInit: load from torchvision://resnet50 

backbone.layer2.3.conv3.weight - torch.Size([512, 128, 1, 1]): 
PretrainedInit: load from torchvision://resnet50 

backbone.layer2.3.bn3.weight - torch.Size([512]): 
PretrainedInit: load from torchvision://resnet50 

backbone.layer2.3.bn3.bias - torch.Size([512]): 
PretrainedInit: load from torchvision://resnet50 

backbone.layer3.0.conv1.weight - torch.Size([256, 512, 1, 1]): 
PretrainedInit: load from torchvision://resnet50 

backbone.layer3.0.bn1.weight - torch.Size([256]): 
PretrainedInit: load from torchvision://resnet50 

backbone.layer3.0.bn1.bias - torch.Size([256]): 
PretrainedInit: load from torchvision://resnet50 

backbone.layer3.0.conv2.weight - torch.Size([256, 256, 3, 3]): 
PretrainedInit: load from torchvision://resnet50 

backbone.layer3.0.bn2.weight - torch.Size([256]): 
PretrainedInit: load from torchvision://resnet50 

backbone.layer3.0.bn2.bias - torch.Size([256]): 
PretrainedInit: load from torchvision://resnet50 

backbone.layer3.0.conv3.weight - torch.Size([1024, 256, 1, 1]): 
PretrainedInit: load from torchvision://resnet50 

backbone.layer3.0.bn3.weight - torch.Size([1024]): 
PretrainedInit: load from torchvision://resnet50 

backbone.layer3.0.bn3.bias - torch.Size([1024]): 
PretrainedInit: load from torchvision://resnet50 

backbone.layer3.0.downsample.0.weight - torch.Size([1024, 512, 1, 1]): 
PretrainedInit: load from torchvision://resnet50 

backbone.layer3.0.downsample.1.weight - torch.Size([1024]): 
PretrainedInit: load from torchvision://resnet50 

backbone.layer3.0.downsample.1.bias - torch.Size([1024]): 
PretrainedInit: load from torchvision://resnet50 

backbone.layer3.1.conv1.weight - torch.Size([256, 1024, 1, 1]): 
PretrainedInit: load from torchvision://resnet50 

backbone.layer3.1.bn1.weight - torch.Size([256]): 
PretrainedInit: load from torchvision://resnet50 

backbone.layer3.1.bn1.bias - torch.Size([256]): 
PretrainedInit: load from torchvision://resnet50 

backbone.layer3.1.conv2.weight - torch.Size([256, 256, 3, 3]): 
PretrainedInit: load from torchvision://resnet50 

backbone.layer3.1.bn2.weight - torch.Size([256]): 
PretrainedInit: load from torchvision://resnet50 

backbone.layer3.1.bn2.bias - torch.Size([256]): 
PretrainedInit: load from torchvision://resnet50 

backbone.layer3.1.conv3.weight - torch.Size([1024, 256, 1, 1]): 
PretrainedInit: load from torchvision://resnet50 

backbone.layer3.1.bn3.weight - torch.Size([1024]): 
PretrainedInit: load from torchvision://resnet50 

backbone.layer3.1.bn3.bias - torch.Size([1024]): 
PretrainedInit: load from torchvision://resnet50 

backbone.layer3.2.conv1.weight - torch.Size([256, 1024, 1, 1]): 
PretrainedInit: load from torchvision://resnet50 

backbone.layer3.2.bn1.weight - torch.Size([256]): 
PretrainedInit: load from torchvision://resnet50 

backbone.layer3.2.bn1.bias - torch.Size([256]): 
PretrainedInit: load from torchvision://resnet50 

backbone.layer3.2.conv2.weight - torch.Size([256, 256, 3, 3]): 
PretrainedInit: load from torchvision://resnet50 

backbone.layer3.2.bn2.weight - torch.Size([256]): 
PretrainedInit: load from torchvision://resnet50 

backbone.layer3.2.bn2.bias - torch.Size([256]): 
PretrainedInit: load from torchvision://resnet50 

backbone.layer3.2.conv3.weight - torch.Size([1024, 256, 1, 1]): 
PretrainedInit: load from torchvision://resnet50 

backbone.layer3.2.bn3.weight - torch.Size([1024]): 
PretrainedInit: load from torchvision://resnet50 

backbone.layer3.2.bn3.bias - torch.Size([1024]): 
PretrainedInit: load from torchvision://resnet50 

backbone.layer3.3.conv1.weight - torch.Size([256, 1024, 1, 1]): 
PretrainedInit: load from torchvision://resnet50 

backbone.layer3.3.bn1.weight - torch.Size([256]): 
PretrainedInit: load from torchvision://resnet50 

backbone.layer3.3.bn1.bias - torch.Size([256]): 
PretrainedInit: load from torchvision://resnet50 

backbone.layer3.3.conv2.weight - torch.Size([256, 256, 3, 3]): 
PretrainedInit: load from torchvision://resnet50 

backbone.layer3.3.bn2.weight - torch.Size([256]): 
PretrainedInit: load from torchvision://resnet50 

backbone.layer3.3.bn2.bias - torch.Size([256]): 
PretrainedInit: load from torchvision://resnet50 

backbone.layer3.3.conv3.weight - torch.Size([1024, 256, 1, 1]): 
PretrainedInit: load from torchvision://resnet50 

backbone.layer3.3.bn3.weight - torch.Size([1024]): 
PretrainedInit: load from torchvision://resnet50 

backbone.layer3.3.bn3.bias - torch.Size([1024]): 
PretrainedInit: load from torchvision://resnet50 

backbone.layer3.4.conv1.weight - torch.Size([256, 1024, 1, 1]): 
PretrainedInit: load from torchvision://resnet50 

backbone.layer3.4.bn1.weight - torch.Size([256]): 
PretrainedInit: load from torchvision://resnet50 

backbone.layer3.4.bn1.bias - torch.Size([256]): 
PretrainedInit: load from torchvision://resnet50 

backbone.layer3.4.conv2.weight - torch.Size([256, 256, 3, 3]): 
PretrainedInit: load from torchvision://resnet50 

backbone.layer3.4.bn2.weight - torch.Size([256]): 
PretrainedInit: load from torchvision://resnet50 

backbone.layer3.4.bn2.bias - torch.Size([256]): 
PretrainedInit: load from torchvision://resnet50 

backbone.layer3.4.conv3.weight - torch.Size([1024, 256, 1, 1]): 
PretrainedInit: load from torchvision://resnet50 

backbone.layer3.4.bn3.weight - torch.Size([1024]): 
PretrainedInit: load from torchvision://resnet50 

backbone.layer3.4.bn3.bias - torch.Size([1024]): 
PretrainedInit: load from torchvision://resnet50 

backbone.layer3.5.conv1.weight - torch.Size([256, 1024, 1, 1]): 
PretrainedInit: load from torchvision://resnet50 

backbone.layer3.5.bn1.weight - torch.Size([256]): 
PretrainedInit: load from torchvision://resnet50 

backbone.layer3.5.bn1.bias - torch.Size([256]): 
PretrainedInit: load from torchvision://resnet50 

backbone.layer3.5.conv2.weight - torch.Size([256, 256, 3, 3]): 
PretrainedInit: load from torchvision://resnet50 

backbone.layer3.5.bn2.weight - torch.Size([256]): 
PretrainedInit: load from torchvision://resnet50 

backbone.layer3.5.bn2.bias - torch.Size([256]): 
PretrainedInit: load from torchvision://resnet50 

backbone.layer3.5.conv3.weight - torch.Size([1024, 256, 1, 1]): 
PretrainedInit: load from torchvision://resnet50 

backbone.layer3.5.bn3.weight - torch.Size([1024]): 
PretrainedInit: load from torchvision://resnet50 

backbone.layer3.5.bn3.bias - torch.Size([1024]): 
PretrainedInit: load from torchvision://resnet50 

backbone.layer4.0.conv1.weight - torch.Size([512, 1024, 1, 1]): 
PretrainedInit: load from torchvision://resnet50 

backbone.layer4.0.bn1.weight - torch.Size([512]): 
PretrainedInit: load from torchvision://resnet50 

backbone.layer4.0.bn1.bias - torch.Size([512]): 
PretrainedInit: load from torchvision://resnet50 

backbone.layer4.0.conv2.weight - torch.Size([512, 512, 3, 3]): 
PretrainedInit: load from torchvision://resnet50 

backbone.layer4.0.bn2.weight - torch.Size([512]): 
PretrainedInit: load from torchvision://resnet50 

backbone.layer4.0.bn2.bias - torch.Size([512]): 
PretrainedInit: load from torchvision://resnet50 

backbone.layer4.0.conv3.weight - torch.Size([2048, 512, 1, 1]): 
PretrainedInit: load from torchvision://resnet50 

backbone.layer4.0.bn3.weight - torch.Size([2048]): 
PretrainedInit: load from torchvision://resnet50 

backbone.layer4.0.bn3.bias - torch.Size([2048]): 
PretrainedInit: load from torchvision://resnet50 

backbone.layer4.0.downsample.0.weight - torch.Size([2048, 1024, 1, 1]): 
PretrainedInit: load from torchvision://resnet50 

backbone.layer4.0.downsample.1.weight - torch.Size([2048]): 
PretrainedInit: load from torchvision://resnet50 

backbone.layer4.0.downsample.1.bias - torch.Size([2048]): 
PretrainedInit: load from torchvision://resnet50 

backbone.layer4.1.conv1.weight - torch.Size([512, 2048, 1, 1]): 
PretrainedInit: load from torchvision://resnet50 

backbone.layer4.1.bn1.weight - torch.Size([512]): 
PretrainedInit: load from torchvision://resnet50 

backbone.layer4.1.bn1.bias - torch.Size([512]): 
PretrainedInit: load from torchvision://resnet50 

backbone.layer4.1.conv2.weight - torch.Size([512, 512, 3, 3]): 
PretrainedInit: load from torchvision://resnet50 

backbone.layer4.1.bn2.weight - torch.Size([512]): 
PretrainedInit: load from torchvision://resnet50 

backbone.layer4.1.bn2.bias - torch.Size([512]): 
PretrainedInit: load from torchvision://resnet50 

backbone.layer4.1.conv3.weight - torch.Size([2048, 512, 1, 1]): 
PretrainedInit: load from torchvision://resnet50 

backbone.layer4.1.bn3.weight - torch.Size([2048]): 
PretrainedInit: load from torchvision://resnet50 

backbone.layer4.1.bn3.bias - torch.Size([2048]): 
PretrainedInit: load from torchvision://resnet50 

backbone.layer4.2.conv1.weight - torch.Size([512, 2048, 1, 1]): 
PretrainedInit: load from torchvision://resnet50 

backbone.layer4.2.bn1.weight - torch.Size([512]): 
PretrainedInit: load from torchvision://resnet50 

backbone.layer4.2.bn1.bias - torch.Size([512]): 
PretrainedInit: load from torchvision://resnet50 

backbone.layer4.2.conv2.weight - torch.Size([512, 512, 3, 3]): 
PretrainedInit: load from torchvision://resnet50 

backbone.layer4.2.bn2.weight - torch.Size([512]): 
PretrainedInit: load from torchvision://resnet50 

backbone.layer4.2.bn2.bias - torch.Size([512]): 
PretrainedInit: load from torchvision://resnet50 

backbone.layer4.2.conv3.weight - torch.Size([2048, 512, 1, 1]): 
PretrainedInit: load from torchvision://resnet50 

backbone.layer4.2.bn3.weight - torch.Size([2048]): 
PretrainedInit: load from torchvision://resnet50 

backbone.layer4.2.bn3.bias - torch.Size([2048]): 
PretrainedInit: load from torchvision://resnet50 

neck.convs.0.conv.weight - torch.Size([256, 2048, 1, 1]): 
XavierInit: gain=1, distribution=uniform, bias=0 

neck.convs.0.conv.bias - torch.Size([256]): 
The value is the same before and after calling `init_weights` of DETR  

bbox_head.fc_cls.weight - torch.Size([3, 256]): 
The value is the same before and after calling `init_weights` of DETR  

bbox_head.fc_cls.bias - torch.Size([3]): 
The value is the same before and after calling `init_weights` of DETR  

bbox_head.reg_ffn.layers.0.0.weight - torch.Size([256, 256]): 
The value is the same before and after calling `init_weights` of DETR  

bbox_head.reg_ffn.layers.0.0.bias - torch.Size([256]): 
The value is the same before and after calling `init_weights` of DETR  

bbox_head.reg_ffn.layers.1.weight - torch.Size([256, 256]): 
The value is the same before and after calling `init_weights` of DETR  

bbox_head.reg_ffn.layers.1.bias - torch.Size([256]): 
The value is the same before and after calling `init_weights` of DETR  

bbox_head.fc_reg.weight - torch.Size([4, 256]): 
The value is the same before and after calling `init_weights` of DETR  

bbox_head.fc_reg.bias - torch.Size([4]): 
The value is the same before and after calling `init_weights` of DETR  

encoder.layers.0.self_attn.attn.in_proj_weight - torch.Size([768, 256]): 
The value is the same before and after calling `init_weights` of DETR  

encoder.layers.0.self_attn.attn.in_proj_bias - torch.Size([768]): 
The value is the same before and after calling `init_weights` of DETR  

encoder.layers.0.self_attn.attn.out_proj.weight - torch.Size([256, 256]): 
The value is the same before and after calling `init_weights` of DETR  

encoder.layers.0.self_attn.attn.out_proj.bias - torch.Size([256]): 
The value is the same before and after calling `init_weights` of DETR  

encoder.layers.0.ffn.layers.0.0.weight - torch.Size([2048, 256]): 
The value is the same before and after calling `init_weights` of DETR  

encoder.layers.0.ffn.layers.0.0.bias - torch.Size([2048]): 
The value is the same before and after calling `init_weights` of DETR  

encoder.layers.0.ffn.layers.1.weight - torch.Size([256, 2048]): 
The value is the same before and after calling `init_weights` of DETR  

encoder.layers.0.ffn.layers.1.bias - torch.Size([256]): 
The value is the same before and after calling `init_weights` of DETR  

encoder.layers.0.norms.0.weight - torch.Size([256]): 
The value is the same before and after calling `init_weights` of DETR  

encoder.layers.0.norms.0.bias - torch.Size([256]): 
The value is the same before and after calling `init_weights` of DETR  

encoder.layers.0.norms.1.weight - torch.Size([256]): 
The value is the same before and after calling `init_weights` of DETR  

encoder.layers.0.norms.1.bias - torch.Size([256]): 
The value is the same before and after calling `init_weights` of DETR  

encoder.layers.1.self_attn.attn.in_proj_weight - torch.Size([768, 256]): 
The value is the same before and after calling `init_weights` of DETR  

encoder.layers.1.self_attn.attn.in_proj_bias - torch.Size([768]): 
The value is the same before and after calling `init_weights` of DETR  

encoder.layers.1.self_attn.attn.out_proj.weight - torch.Size([256, 256]): 
The value is the same before and after calling `init_weights` of DETR  

encoder.layers.1.self_attn.attn.out_proj.bias - torch.Size([256]): 
The value is the same before and after calling `init_weights` of DETR  

encoder.layers.1.ffn.layers.0.0.weight - torch.Size([2048, 256]): 
The value is the same before and after calling `init_weights` of DETR  

encoder.layers.1.ffn.layers.0.0.bias - torch.Size([2048]): 
The value is the same before and after calling `init_weights` of DETR  

encoder.layers.1.ffn.layers.1.weight - torch.Size([256, 2048]): 
The value is the same before and after calling `init_weights` of DETR  

encoder.layers.1.ffn.layers.1.bias - torch.Size([256]): 
The value is the same before and after calling `init_weights` of DETR  

encoder.layers.1.norms.0.weight - torch.Size([256]): 
The value is the same before and after calling `init_weights` of DETR  

encoder.layers.1.norms.0.bias - torch.Size([256]): 
The value is the same before and after calling `init_weights` of DETR  

encoder.layers.1.norms.1.weight - torch.Size([256]): 
The value is the same before and after calling `init_weights` of DETR  

encoder.layers.1.norms.1.bias - torch.Size([256]): 
The value is the same before and after calling `init_weights` of DETR  

encoder.layers.2.self_attn.attn.in_proj_weight - torch.Size([768, 256]): 
The value is the same before and after calling `init_weights` of DETR  

encoder.layers.2.self_attn.attn.in_proj_bias - torch.Size([768]): 
The value is the same before and after calling `init_weights` of DETR  

encoder.layers.2.self_attn.attn.out_proj.weight - torch.Size([256, 256]): 
The value is the same before and after calling `init_weights` of DETR  

encoder.layers.2.self_attn.attn.out_proj.bias - torch.Size([256]): 
The value is the same before and after calling `init_weights` of DETR  

encoder.layers.2.ffn.layers.0.0.weight - torch.Size([2048, 256]): 
The value is the same before and after calling `init_weights` of DETR  

encoder.layers.2.ffn.layers.0.0.bias - torch.Size([2048]): 
The value is the same before and after calling `init_weights` of DETR  

encoder.layers.2.ffn.layers.1.weight - torch.Size([256, 2048]): 
The value is the same before and after calling `init_weights` of DETR  

encoder.layers.2.ffn.layers.1.bias - torch.Size([256]): 
The value is the same before and after calling `init_weights` of DETR  

encoder.layers.2.norms.0.weight - torch.Size([256]): 
The value is the same before and after calling `init_weights` of DETR  

encoder.layers.2.norms.0.bias - torch.Size([256]): 
The value is the same before and after calling `init_weights` of DETR  

encoder.layers.2.norms.1.weight - torch.Size([256]): 
The value is the same before and after calling `init_weights` of DETR  

encoder.layers.2.norms.1.bias - torch.Size([256]): 
The value is the same before and after calling `init_weights` of DETR  

encoder.layers.3.self_attn.attn.in_proj_weight - torch.Size([768, 256]): 
The value is the same before and after calling `init_weights` of DETR  

encoder.layers.3.self_attn.attn.in_proj_bias - torch.Size([768]): 
The value is the same before and after calling `init_weights` of DETR  

encoder.layers.3.self_attn.attn.out_proj.weight - torch.Size([256, 256]): 
The value is the same before and after calling `init_weights` of DETR  

encoder.layers.3.self_attn.attn.out_proj.bias - torch.Size([256]): 
The value is the same before and after calling `init_weights` of DETR  

encoder.layers.3.ffn.layers.0.0.weight - torch.Size([2048, 256]): 
The value is the same before and after calling `init_weights` of DETR  

encoder.layers.3.ffn.layers.0.0.bias - torch.Size([2048]): 
The value is the same before and after calling `init_weights` of DETR  

encoder.layers.3.ffn.layers.1.weight - torch.Size([256, 2048]): 
The value is the same before and after calling `init_weights` of DETR  

encoder.layers.3.ffn.layers.1.bias - torch.Size([256]): 
The value is the same before and after calling `init_weights` of DETR  

encoder.layers.3.norms.0.weight - torch.Size([256]): 
The value is the same before and after calling `init_weights` of DETR  

encoder.layers.3.norms.0.bias - torch.Size([256]): 
The value is the same before and after calling `init_weights` of DETR  

encoder.layers.3.norms.1.weight - torch.Size([256]): 
The value is the same before and after calling `init_weights` of DETR  

encoder.layers.3.norms.1.bias - torch.Size([256]): 
The value is the same before and after calling `init_weights` of DETR  

encoder.layers.4.self_attn.attn.in_proj_weight - torch.Size([768, 256]): 
The value is the same before and after calling `init_weights` of DETR  

encoder.layers.4.self_attn.attn.in_proj_bias - torch.Size([768]): 
The value is the same before and after calling `init_weights` of DETR  

encoder.layers.4.self_attn.attn.out_proj.weight - torch.Size([256, 256]): 
The value is the same before and after calling `init_weights` of DETR  

encoder.layers.4.self_attn.attn.out_proj.bias - torch.Size([256]): 
The value is the same before and after calling `init_weights` of DETR  

encoder.layers.4.ffn.layers.0.0.weight - torch.Size([2048, 256]): 
The value is the same before and after calling `init_weights` of DETR  

encoder.layers.4.ffn.layers.0.0.bias - torch.Size([2048]): 
The value is the same before and after calling `init_weights` of DETR  

encoder.layers.4.ffn.layers.1.weight - torch.Size([256, 2048]): 
The value is the same before and after calling `init_weights` of DETR  

encoder.layers.4.ffn.layers.1.bias - torch.Size([256]): 
The value is the same before and after calling `init_weights` of DETR  

encoder.layers.4.norms.0.weight - torch.Size([256]): 
The value is the same before and after calling `init_weights` of DETR  

encoder.layers.4.norms.0.bias - torch.Size([256]): 
The value is the same before and after calling `init_weights` of DETR  

encoder.layers.4.norms.1.weight - torch.Size([256]): 
The value is the same before and after calling `init_weights` of DETR  

encoder.layers.4.norms.1.bias - torch.Size([256]): 
The value is the same before and after calling `init_weights` of DETR  

encoder.layers.5.self_attn.attn.in_proj_weight - torch.Size([768, 256]): 
The value is the same before and after calling `init_weights` of DETR  

encoder.layers.5.self_attn.attn.in_proj_bias - torch.Size([768]): 
The value is the same before and after calling `init_weights` of DETR  

encoder.layers.5.self_attn.attn.out_proj.weight - torch.Size([256, 256]): 
The value is the same before and after calling `init_weights` of DETR  

encoder.layers.5.self_attn.attn.out_proj.bias - torch.Size([256]): 
The value is the same before and after calling `init_weights` of DETR  

encoder.layers.5.ffn.layers.0.0.weight - torch.Size([2048, 256]): 
The value is the same before and after calling `init_weights` of DETR  

encoder.layers.5.ffn.layers.0.0.bias - torch.Size([2048]): 
The value is the same before and after calling `init_weights` of DETR  

encoder.layers.5.ffn.layers.1.weight - torch.Size([256, 2048]): 
The value is the same before and after calling `init_weights` of DETR  

encoder.layers.5.ffn.layers.1.bias - torch.Size([256]): 
The value is the same before and after calling `init_weights` of DETR  

encoder.layers.5.norms.0.weight - torch.Size([256]): 
The value is the same before and after calling `init_weights` of DETR  

encoder.layers.5.norms.0.bias - torch.Size([256]): 
The value is the same before and after calling `init_weights` of DETR  

encoder.layers.5.norms.1.weight - torch.Size([256]): 
The value is the same before and after calling `init_weights` of DETR  

encoder.layers.5.norms.1.bias - torch.Size([256]): 
The value is the same before and after calling `init_weights` of DETR  

decoder.layers.0.self_attn.attn.in_proj_weight - torch.Size([768, 256]): 
The value is the same before and after calling `init_weights` of DETR  

decoder.layers.0.self_attn.attn.in_proj_bias - torch.Size([768]): 
The value is the same before and after calling `init_weights` of DETR  

decoder.layers.0.self_attn.attn.out_proj.weight - torch.Size([256, 256]): 
The value is the same before and after calling `init_weights` of DETR  

decoder.layers.0.self_attn.attn.out_proj.bias - torch.Size([256]): 
The value is the same before and after calling `init_weights` of DETR  

decoder.layers.0.cross_attn.attn.in_proj_weight - torch.Size([768, 256]): 
The value is the same before and after calling `init_weights` of DETR  

decoder.layers.0.cross_attn.attn.in_proj_bias - torch.Size([768]): 
The value is the same before and after calling `init_weights` of DETR  

decoder.layers.0.cross_attn.attn.out_proj.weight - torch.Size([256, 256]): 
The value is the same before and after calling `init_weights` of DETR  

decoder.layers.0.cross_attn.attn.out_proj.bias - torch.Size([256]): 
The value is the same before and after calling `init_weights` of DETR  

decoder.layers.0.ffn.layers.0.0.weight - torch.Size([2048, 256]): 
The value is the same before and after calling `init_weights` of DETR  

decoder.layers.0.ffn.layers.0.0.bias - torch.Size([2048]): 
The value is the same before and after calling `init_weights` of DETR  

decoder.layers.0.ffn.layers.1.weight - torch.Size([256, 2048]): 
The value is the same before and after calling `init_weights` of DETR  

decoder.layers.0.ffn.layers.1.bias - torch.Size([256]): 
The value is the same before and after calling `init_weights` of DETR  

decoder.layers.0.norms.0.weight - torch.Size([256]): 
The value is the same before and after calling `init_weights` of DETR  

decoder.layers.0.norms.0.bias - torch.Size([256]): 
The value is the same before and after calling `init_weights` of DETR  

decoder.layers.0.norms.1.weight - torch.Size([256]): 
The value is the same before and after calling `init_weights` of DETR  

decoder.layers.0.norms.1.bias - torch.Size([256]): 
The value is the same before and after calling `init_weights` of DETR  

decoder.layers.0.norms.2.weight - torch.Size([256]): 
The value is the same before and after calling `init_weights` of DETR  

decoder.layers.0.norms.2.bias - torch.Size([256]): 
The value is the same before and after calling `init_weights` of DETR  

decoder.layers.1.self_attn.attn.in_proj_weight - torch.Size([768, 256]): 
The value is the same before and after calling `init_weights` of DETR  

decoder.layers.1.self_attn.attn.in_proj_bias - torch.Size([768]): 
The value is the same before and after calling `init_weights` of DETR  

decoder.layers.1.self_attn.attn.out_proj.weight - torch.Size([256, 256]): 
The value is the same before and after calling `init_weights` of DETR  

decoder.layers.1.self_attn.attn.out_proj.bias - torch.Size([256]): 
The value is the same before and after calling `init_weights` of DETR  

decoder.layers.1.cross_attn.attn.in_proj_weight - torch.Size([768, 256]): 
The value is the same before and after calling `init_weights` of DETR  

decoder.layers.1.cross_attn.attn.in_proj_bias - torch.Size([768]): 
The value is the same before and after calling `init_weights` of DETR  

decoder.layers.1.cross_attn.attn.out_proj.weight - torch.Size([256, 256]): 
The value is the same before and after calling `init_weights` of DETR  

decoder.layers.1.cross_attn.attn.out_proj.bias - torch.Size([256]): 
The value is the same before and after calling `init_weights` of DETR  

decoder.layers.1.ffn.layers.0.0.weight - torch.Size([2048, 256]): 
The value is the same before and after calling `init_weights` of DETR  

decoder.layers.1.ffn.layers.0.0.bias - torch.Size([2048]): 
The value is the same before and after calling `init_weights` of DETR  

decoder.layers.1.ffn.layers.1.weight - torch.Size([256, 2048]): 
The value is the same before and after calling `init_weights` of DETR  

decoder.layers.1.ffn.layers.1.bias - torch.Size([256]): 
The value is the same before and after calling `init_weights` of DETR  

decoder.layers.1.norms.0.weight - torch.Size([256]): 
The value is the same before and after calling `init_weights` of DETR  

decoder.layers.1.norms.0.bias - torch.Size([256]): 
The value is the same before and after calling `init_weights` of DETR  

decoder.layers.1.norms.1.weight - torch.Size([256]): 
The value is the same before and after calling `init_weights` of DETR  

decoder.layers.1.norms.1.bias - torch.Size([256]): 
The value is the same before and after calling `init_weights` of DETR  

decoder.layers.1.norms.2.weight - torch.Size([256]): 
The value is the same before and after calling `init_weights` of DETR  

decoder.layers.1.norms.2.bias - torch.Size([256]): 
The value is the same before and after calling `init_weights` of DETR  

decoder.layers.2.self_attn.attn.in_proj_weight - torch.Size([768, 256]): 
The value is the same before and after calling `init_weights` of DETR  

decoder.layers.2.self_attn.attn.in_proj_bias - torch.Size([768]): 
The value is the same before and after calling `init_weights` of DETR  

decoder.layers.2.self_attn.attn.out_proj.weight - torch.Size([256, 256]): 
The value is the same before and after calling `init_weights` of DETR  

decoder.layers.2.self_attn.attn.out_proj.bias - torch.Size([256]): 
The value is the same before and after calling `init_weights` of DETR  

decoder.layers.2.cross_attn.attn.in_proj_weight - torch.Size([768, 256]): 
The value is the same before and after calling `init_weights` of DETR  

decoder.layers.2.cross_attn.attn.in_proj_bias - torch.Size([768]): 
The value is the same before and after calling `init_weights` of DETR  

decoder.layers.2.cross_attn.attn.out_proj.weight - torch.Size([256, 256]): 
The value is the same before and after calling `init_weights` of DETR  

decoder.layers.2.cross_attn.attn.out_proj.bias - torch.Size([256]): 
The value is the same before and after calling `init_weights` of DETR  

decoder.layers.2.ffn.layers.0.0.weight - torch.Size([2048, 256]): 
The value is the same before and after calling `init_weights` of DETR  

decoder.layers.2.ffn.layers.0.0.bias - torch.Size([2048]): 
The value is the same before and after calling `init_weights` of DETR  

decoder.layers.2.ffn.layers.1.weight - torch.Size([256, 2048]): 
The value is the same before and after calling `init_weights` of DETR  

decoder.layers.2.ffn.layers.1.bias - torch.Size([256]): 
The value is the same before and after calling `init_weights` of DETR  

decoder.layers.2.norms.0.weight - torch.Size([256]): 
The value is the same before and after calling `init_weights` of DETR  

decoder.layers.2.norms.0.bias - torch.Size([256]): 
The value is the same before and after calling `init_weights` of DETR  

decoder.layers.2.norms.1.weight - torch.Size([256]): 
The value is the same before and after calling `init_weights` of DETR  

decoder.layers.2.norms.1.bias - torch.Size([256]): 
The value is the same before and after calling `init_weights` of DETR  

decoder.layers.2.norms.2.weight - torch.Size([256]): 
The value is the same before and after calling `init_weights` of DETR  

decoder.layers.2.norms.2.bias - torch.Size([256]): 
The value is the same before and after calling `init_weights` of DETR  

decoder.layers.3.self_attn.attn.in_proj_weight - torch.Size([768, 256]): 
The value is the same before and after calling `init_weights` of DETR  

decoder.layers.3.self_attn.attn.in_proj_bias - torch.Size([768]): 
The value is the same before and after calling `init_weights` of DETR  

decoder.layers.3.self_attn.attn.out_proj.weight - torch.Size([256, 256]): 
The value is the same before and after calling `init_weights` of DETR  

decoder.layers.3.self_attn.attn.out_proj.bias - torch.Size([256]): 
The value is the same before and after calling `init_weights` of DETR  

decoder.layers.3.cross_attn.attn.in_proj_weight - torch.Size([768, 256]): 
The value is the same before and after calling `init_weights` of DETR  

decoder.layers.3.cross_attn.attn.in_proj_bias - torch.Size([768]): 
The value is the same before and after calling `init_weights` of DETR  

decoder.layers.3.cross_attn.attn.out_proj.weight - torch.Size([256, 256]): 
The value is the same before and after calling `init_weights` of DETR  

decoder.layers.3.cross_attn.attn.out_proj.bias - torch.Size([256]): 
The value is the same before and after calling `init_weights` of DETR  

decoder.layers.3.ffn.layers.0.0.weight - torch.Size([2048, 256]): 
The value is the same before and after calling `init_weights` of DETR  

decoder.layers.3.ffn.layers.0.0.bias - torch.Size([2048]): 
The value is the same before and after calling `init_weights` of DETR  

decoder.layers.3.ffn.layers.1.weight - torch.Size([256, 2048]): 
The value is the same before and after calling `init_weights` of DETR  

decoder.layers.3.ffn.layers.1.bias - torch.Size([256]): 
The value is the same before and after calling `init_weights` of DETR  

decoder.layers.3.norms.0.weight - torch.Size([256]): 
The value is the same before and after calling `init_weights` of DETR  

decoder.layers.3.norms.0.bias - torch.Size([256]): 
The value is the same before and after calling `init_weights` of DETR  

decoder.layers.3.norms.1.weight - torch.Size([256]): 
The value is the same before and after calling `init_weights` of DETR  

decoder.layers.3.norms.1.bias - torch.Size([256]): 
The value is the same before and after calling `init_weights` of DETR  

decoder.layers.3.norms.2.weight - torch.Size([256]): 
The value is the same before and after calling `init_weights` of DETR  

decoder.layers.3.norms.2.bias - torch.Size([256]): 
The value is the same before and after calling `init_weights` of DETR  

decoder.layers.4.self_attn.attn.in_proj_weight - torch.Size([768, 256]): 
The value is the same before and after calling `init_weights` of DETR  

decoder.layers.4.self_attn.attn.in_proj_bias - torch.Size([768]): 
The value is the same before and after calling `init_weights` of DETR  

decoder.layers.4.self_attn.attn.out_proj.weight - torch.Size([256, 256]): 
The value is the same before and after calling `init_weights` of DETR  

decoder.layers.4.self_attn.attn.out_proj.bias - torch.Size([256]): 
The value is the same before and after calling `init_weights` of DETR  

decoder.layers.4.cross_attn.attn.in_proj_weight - torch.Size([768, 256]): 
The value is the same before and after calling `init_weights` of DETR  

decoder.layers.4.cross_attn.attn.in_proj_bias - torch.Size([768]): 
The value is the same before and after calling `init_weights` of DETR  

decoder.layers.4.cross_attn.attn.out_proj.weight - torch.Size([256, 256]): 
The value is the same before and after calling `init_weights` of DETR  

decoder.layers.4.cross_attn.attn.out_proj.bias - torch.Size([256]): 
The value is the same before and after calling `init_weights` of DETR  

decoder.layers.4.ffn.layers.0.0.weight - torch.Size([2048, 256]): 
The value is the same before and after calling `init_weights` of DETR  

decoder.layers.4.ffn.layers.0.0.bias - torch.Size([2048]): 
The value is the same before and after calling `init_weights` of DETR  

decoder.layers.4.ffn.layers.1.weight - torch.Size([256, 2048]): 
The value is the same before and after calling `init_weights` of DETR  

decoder.layers.4.ffn.layers.1.bias - torch.Size([256]): 
The value is the same before and after calling `init_weights` of DETR  

decoder.layers.4.norms.0.weight - torch.Size([256]): 
The value is the same before and after calling `init_weights` of DETR  

decoder.layers.4.norms.0.bias - torch.Size([256]): 
The value is the same before and after calling `init_weights` of DETR  

decoder.layers.4.norms.1.weight - torch.Size([256]): 
The value is the same before and after calling `init_weights` of DETR  

decoder.layers.4.norms.1.bias - torch.Size([256]): 
The value is the same before and after calling `init_weights` of DETR  

decoder.layers.4.norms.2.weight - torch.Size([256]): 
The value is the same before and after calling `init_weights` of DETR  

decoder.layers.4.norms.2.bias - torch.Size([256]): 
The value is the same before and after calling `init_weights` of DETR  

decoder.layers.5.self_attn.attn.in_proj_weight - torch.Size([768, 256]): 
The value is the same before and after calling `init_weights` of DETR  

decoder.layers.5.self_attn.attn.in_proj_bias - torch.Size([768]): 
The value is the same before and after calling `init_weights` of DETR  

decoder.layers.5.self_attn.attn.out_proj.weight - torch.Size([256, 256]): 
The value is the same before and after calling `init_weights` of DETR  

decoder.layers.5.self_attn.attn.out_proj.bias - torch.Size([256]): 
The value is the same before and after calling `init_weights` of DETR  

decoder.layers.5.cross_attn.attn.in_proj_weight - torch.Size([768, 256]): 
The value is the same before and after calling `init_weights` of DETR  

decoder.layers.5.cross_attn.attn.in_proj_bias - torch.Size([768]): 
The value is the same before and after calling `init_weights` of DETR  

decoder.layers.5.cross_attn.attn.out_proj.weight - torch.Size([256, 256]): 
The value is the same before and after calling `init_weights` of DETR  

decoder.layers.5.cross_attn.attn.out_proj.bias - torch.Size([256]): 
The value is the same before and after calling `init_weights` of DETR  

decoder.layers.5.ffn.layers.0.0.weight - torch.Size([2048, 256]): 
The value is the same before and after calling `init_weights` of DETR  

decoder.layers.5.ffn.layers.0.0.bias - torch.Size([2048]): 
The value is the same before and after calling `init_weights` of DETR  

decoder.layers.5.ffn.layers.1.weight - torch.Size([256, 2048]): 
The value is the same before and after calling `init_weights` of DETR  

decoder.layers.5.ffn.layers.1.bias - torch.Size([256]): 
The value is the same before and after calling `init_weights` of DETR  

decoder.layers.5.norms.0.weight - torch.Size([256]): 
The value is the same before and after calling `init_weights` of DETR  

decoder.layers.5.norms.0.bias - torch.Size([256]): 
The value is the same before and after calling `init_weights` of DETR  

decoder.layers.5.norms.1.weight - torch.Size([256]): 
The value is the same before and after calling `init_weights` of DETR  

decoder.layers.5.norms.1.bias - torch.Size([256]): 
The value is the same before and after calling `init_weights` of DETR  

decoder.layers.5.norms.2.weight - torch.Size([256]): 
The value is the same before and after calling `init_weights` of DETR  

decoder.layers.5.norms.2.bias - torch.Size([256]): 
The value is the same before and after calling `init_weights` of DETR  

decoder.post_norm.weight - torch.Size([256]): 
The value is the same before and after calling `init_weights` of DETR  

decoder.post_norm.bias - torch.Size([256]): 
The value is the same before and after calling `init_weights` of DETR  

query_embedding.weight - torch.Size([100, 256]): 
The value is the same before and after calling `init_weights` of DETR  
2026/03/27 22:29:57 - mmengine - INFO - Load checkpoint from https://download.openmmlab.com/mmdetection/v3.0/detr/detr_r50_8xb2-150e_coco/detr_r50_8xb2-150e_coco_20221023_153551-436d03e8.pth
2026/03/27 22:29:57 - mmengine - WARNING - "FileClient" will be deprecated in future. Please use io functions in https://mmengine.readthedocs.io/en/latest/api/fileio.html#file-io
2026/03/27 22:29:57 - mmengine - WARNING - "HardDiskBackend" is the alias of "LocalBackend" and the former will be deprecated in future.
2026/03/27 22:29:57 - mmengine - INFO - Checkpoints will be saved to /workspace/aquaculture-perception/runs/mmdet/net_fish_sonar/detr_r50_net_fish_sonar_80e_pretrained.
2026/03/27 22:30:20 - mmengine - INFO - Exp name: detr_r50_net_fish_sonar_80e_pretrained_20260327_222901
2026/03/27 22:30:20 - mmengine - INFO - Epoch(train)  [1][38/38]  base_lr: 1.0000e-05 lr: 1.0000e-06  eta: 0:30:57  time: 0.6189  data_time: 0.0351  memory: 6459  grad_norm: nan  loss: 28.8109  loss_cls: 0.7484  loss_bbox: 1.8392  loss_iou: 1.9682  d0.loss_cls: 0.8325  d0.loss_bbox: 2.1782  d0.loss_iou: 2.0246  d1.loss_cls: 0.9364  d1.loss_bbox: 2.1270  d1.loss_iou: 2.0009  d2.loss_cls: 0.8816  d2.loss_bbox: 1.9584  d2.loss_iou: 2.0273  d3.loss_cls: 0.8073  d3.loss_bbox: 1.8623  d3.loss_iou: 2.0364  d4.loss_cls: 0.7765  d4.loss_bbox: 1.8050  d4.loss_iou: 2.0008
2026/03/27 22:30:41 - mmengine - INFO - Exp name: detr_r50_net_fish_sonar_80e_pretrained_20260327_222901
2026/03/27 22:30:41 - mmengine - INFO - Epoch(train)  [2][38/38]  base_lr: 5.5000e-05 lr: 5.5000e-06  eta: 0:29:01  time: 0.5412  data_time: 0.0103  memory: 6459  grad_norm: 255.0442  loss: 10.6677  loss_cls: 0.4792  loss_bbox: 0.3802  loss_iou: 0.8301  d0.loss_cls: 0.5915  d0.loss_bbox: 0.4498  d0.loss_iou: 0.9233  d1.loss_cls: 0.5660  d1.loss_bbox: 0.4017  d1.loss_iou: 0.8611  d2.loss_cls: 0.5454  d2.loss_bbox: 0.3858  d2.loss_iou: 0.8402  d3.loss_cls: 0.5121  d3.loss_bbox: 0.3761  d3.loss_iou: 0.8314  d4.loss_cls: 0.4906  d4.loss_bbox: 0.3777  d4.loss_iou: 0.8254
2026/03/27 22:30:44 - mmengine - INFO - Epoch(val)  [2][50/50]    eta: 0:00:00  time: 0.0499  data_time: 0.0133  memory: 950  
2026/03/27 22:30:44 - mmengine - INFO - Evaluating bbox...
2026/03/27 22:30:46 - mmengine - INFO - bbox_mAP_copypaste: 0.037 0.064 0.036 0.000 0.029 0.104
2026/03/27 22:30:46 - mmengine - INFO - Epoch(val) [2][50/50]    coco/bbox_mAP: 0.0370  coco/bbox_mAP_50: 0.0640  coco/bbox_mAP_75: 0.0360  coco/bbox_mAP_s: 0.0000  coco/bbox_mAP_m: 0.0290  coco/bbox_mAP_l: 0.1040  data_time: 0.0133  time: 0.0499
2026/03/27 22:30:47 - mmengine - INFO - The best checkpoint with 0.0370 coco/bbox_mAP at 2 epoch is saved to best_coco_bbox_mAP_epoch_2.pth.
2026/03/27 22:31:08 - mmengine - INFO - Exp name: detr_r50_net_fish_sonar_80e_pretrained_20260327_222901
2026/03/27 22:31:08 - mmengine - INFO - Epoch(train)  [3][38/38]  base_lr: 1.0000e-04 lr: 1.0000e-05  eta: 0:28:06  time: 0.5435  data_time: 0.0076  memory: 6459  grad_norm: 143.0605  loss: 6.0960  loss_cls: 0.3735  loss_bbox: 0.1299  loss_iou: 0.4773  d0.loss_cls: 0.4136  d0.loss_bbox: 0.1654  d0.loss_iou: 0.5598  d1.loss_cls: 0.3954  d1.loss_bbox: 0.1379  d1.loss_iou: 0.5040  d2.loss_cls: 0.3768  d2.loss_bbox: 0.1305  d2.loss_iou: 0.4763  d3.loss_cls: 0.3755  d3.loss_bbox: 0.1312  d3.loss_iou: 0.4783  d4.loss_cls: 0.3732  d4.loss_bbox: 0.1288  d4.loss_iou: 0.4686
2026/03/27 22:31:29 - mmengine - INFO - Exp name: detr_r50_net_fish_sonar_80e_pretrained_20260327_222901
2026/03/27 22:31:29 - mmengine - INFO - Epoch(train)  [4][38/38]  base_lr: 1.0000e-04 lr: 1.0000e-05  eta: 0:27:23  time: 0.5383  data_time: 0.0118  memory: 6459  grad_norm: 144.9386  loss: 5.4520  loss_cls: 0.2936  loss_bbox: 0.1235  loss_iou: 0.4574  d0.loss_cls: 0.3385  d0.loss_bbox: 0.1492  d0.loss_iou: 0.5210  d1.loss_cls: 0.3300  d1.loss_bbox: 0.1305  d1.loss_iou: 0.4708  d2.loss_cls: 0.3099  d2.loss_bbox: 0.1257  d2.loss_iou: 0.4593  d3.loss_cls: 0.2979  d3.loss_bbox: 0.1237  d3.loss_iou: 0.4545  d4.loss_cls: 0.2964  d4.loss_bbox: 0.1220  d4.loss_iou: 0.4480
2026/03/27 22:31:31 - mmengine - INFO - Epoch(val)  [4][50/50]    eta: 0:00:00  time: 0.0429  data_time: 0.0117  memory: 950  
2026/03/27 22:31:31 - mmengine - INFO - Evaluating bbox...
2026/03/27 22:31:33 - mmengine - INFO - bbox_mAP_copypaste: 0.189 0.354 0.177 0.003 0.119 0.445
2026/03/27 22:31:33 - mmengine - INFO - Epoch(val) [4][50/50]    coco/bbox_mAP: 0.1890  coco/bbox_mAP_50: 0.3540  coco/bbox_mAP_75: 0.1770  coco/bbox_mAP_s: 0.0030  coco/bbox_mAP_m: 0.1190  coco/bbox_mAP_l: 0.4450  data_time: 0.0116  time: 0.0427
2026/03/27 22:31:33 - mmengine - INFO - The previous best checkpoint /workspace/aquaculture-perception/runs/mmdet/net_fish_sonar/detr_r50_net_fish_sonar_80e_pretrained/best_coco_bbox_mAP_epoch_2.pth is removed
2026/03/27 22:31:34 - mmengine - INFO - The best checkpoint with 0.1890 coco/bbox_mAP at 4 epoch is saved to best_coco_bbox_mAP_epoch_4.pth.
2026/03/27 22:31:58 - mmengine - INFO - Exp name: detr_r50_net_fish_sonar_80e_pretrained_20260327_222901
2026/03/27 22:31:58 - mmengine - INFO - Epoch(train)  [5][38/38]  base_lr: 9.8697e-05 lr: 9.8697e-06  eta: 0:27:33  time: 0.5960  data_time: 0.0118  memory: 6459  grad_norm: 154.3193  loss: 4.9761  loss_cls: 0.1754  loss_bbox: 0.1263  loss_iou: 0.4912  d0.loss_cls: 0.2624  d0.loss_bbox: 0.1415  d0.loss_iou: 0.5129  d1.loss_cls: 0.2366  d1.loss_bbox: 0.1284  d1.loss_iou: 0.4819  d2.loss_cls: 0.2199  d2.loss_bbox: 0.1253  d2.loss_iou: 0.4714  d3.loss_cls: 0.1930  d3.loss_bbox: 0.1282  d3.loss_iou: 0.4879  d4.loss_cls: 0.1814  d4.loss_bbox: 0.1256  d4.loss_iou: 0.4869
2026/03/27 22:32:19 - mmengine - INFO - Exp name: detr_r50_net_fish_sonar_80e_pretrained_20260327_222901
2026/03/27 22:32:19 - mmengine - INFO - Epoch(train)  [6][38/38]  base_lr: 9.7395e-05 lr: 9.7395e-06  eta: 0:26:58  time: 0.5590  data_time: 0.0078  memory: 6459  grad_norm: 162.7924  loss: 4.6054  loss_cls: 0.0982  loss_bbox: 0.1260  loss_iou: 0.5047  d0.loss_cls: 0.1915  d0.loss_bbox: 0.1421  d0.loss_iou: 0.5140  d1.loss_cls: 0.1563  d1.loss_bbox: 0.1310  d1.loss_iou: 0.5038  d2.loss_cls: 0.1381  d2.loss_bbox: 0.1266  d2.loss_iou: 0.4905  d3.loss_cls: 0.1141  d3.loss_bbox: 0.1285  d3.loss_iou: 0.5046  d4.loss_cls: 0.1027  d4.loss_bbox: 0.1275  d4.loss_iou: 0.5053
2026/03/27 22:32:21 - mmengine - INFO - Epoch(val)  [6][50/50]    eta: 0:00:00  time: 0.0394  data_time: 0.0094  memory: 950  
2026/03/27 22:32:21 - mmengine - INFO - Evaluating bbox...
2026/03/27 22:32:22 - mmengine - INFO - bbox_mAP_copypaste: 0.295 0.499 0.320 0.010 0.246 0.622
2026/03/27 22:32:22 - mmengine - INFO - Epoch(val) [6][50/50]    coco/bbox_mAP: 0.2950  coco/bbox_mAP_50: 0.4990  coco/bbox_mAP_75: 0.3200  coco/bbox_mAP_s: 0.0100  coco/bbox_mAP_m: 0.2460  coco/bbox_mAP_l: 0.6220  data_time: 0.0094  time: 0.0394
2026/03/27 22:32:22 - mmengine - INFO - The previous best checkpoint /workspace/aquaculture-perception/runs/mmdet/net_fish_sonar/detr_r50_net_fish_sonar_80e_pretrained/best_coco_bbox_mAP_epoch_4.pth is removed
2026/03/27 22:32:23 - mmengine - INFO - The best checkpoint with 0.2950 coco/bbox_mAP at 6 epoch is saved to best_coco_bbox_mAP_epoch_6.pth.
2026/03/27 22:32:43 - mmengine - INFO - Exp name: detr_r50_net_fish_sonar_80e_pretrained_20260327_222901
2026/03/27 22:32:43 - mmengine - INFO - Epoch(train)  [7][38/38]  base_lr: 9.6092e-05 lr: 9.6092e-06  eta: 0:26:16  time: 0.5202  data_time: 0.0077  memory: 6459  grad_norm: 173.3211  loss: 4.4405  loss_cls: 0.0809  loss_bbox: 0.1263  loss_iou: 0.4949  d0.loss_cls: 0.1553  d0.loss_bbox: 0.1457  d0.loss_iou: 0.5236  d1.loss_cls: 0.1213  d1.loss_bbox: 0.1325  d1.loss_iou: 0.5040  d2.loss_cls: 0.1045  d2.loss_bbox: 0.1288  d2.loss_iou: 0.4980  d3.loss_cls: 0.0895  d3.loss_bbox: 0.1285  d3.loss_iou: 0.5021  d4.loss_cls: 0.0823  d4.loss_bbox: 0.1272  d4.loss_iou: 0.4951
2026/03/27 22:33:04 - mmengine - INFO - Exp name: detr_r50_net_fish_sonar_80e_pretrained_20260327_222901
2026/03/27 22:33:04 - mmengine - INFO - Epoch(train)  [8][38/38]  base_lr: 9.4789e-05 lr: 9.4789e-06  eta: 0:25:44  time: 0.5221  data_time: 0.0108  memory: 6459  grad_norm: 196.5906  loss: 4.4023  loss_cls: 0.0823  loss_bbox: 0.1210  loss_iou: 0.4901  d0.loss_cls: 0.1405  d0.loss_bbox: 0.1464  d0.loss_iou: 0.5431  d1.loss_cls: 0.1099  d1.loss_bbox: 0.1294  d1.loss_iou: 0.5097  d2.loss_cls: 0.0945  d2.loss_bbox: 0.1240  d2.loss_iou: 0.5021  d3.loss_cls: 0.0843  d3.loss_bbox: 0.1253  d3.loss_iou: 0.5029  d4.loss_cls: 0.0815  d4.loss_bbox: 0.1221  d4.loss_iou: 0.4932
2026/03/27 22:33:06 - mmengine - INFO - Epoch(val)  [8][50/50]    eta: 0:00:00  time: 0.0399  data_time: 0.0096  memory: 950  
2026/03/27 22:33:06 - mmengine - INFO - Evaluating bbox...
2026/03/27 22:33:07 - mmengine - INFO - bbox_mAP_copypaste: 0.158 0.427 0.046 0.002 0.062 0.390
2026/03/27 22:33:07 - mmengine - INFO - Epoch(val) [8][50/50]    coco/bbox_mAP: 0.1580  coco/bbox_mAP_50: 0.4270  coco/bbox_mAP_75: 0.0460  coco/bbox_mAP_s: 0.0020  coco/bbox_mAP_m: 0.0620  coco/bbox_mAP_l: 0.3900  data_time: 0.0096  time: 0.0399
2026/03/27 22:33:28 - mmengine - INFO - Exp name: detr_r50_net_fish_sonar_80e_pretrained_20260327_222901
2026/03/27 22:33:28 - mmengine - INFO - Epoch(train)  [9][38/38]  base_lr: 9.3487e-05 lr: 9.3487e-06  eta: 0:25:16  time: 0.5302  data_time: 0.0112  memory: 6459  grad_norm: 215.7867  loss: 4.3560  loss_cls: 0.0772  loss_bbox: 0.1216  loss_iou: 0.4958  d0.loss_cls: 0.1193  d0.loss_bbox: 0.1477  d0.loss_iou: 0.5454  d1.loss_cls: 0.0986  d1.loss_bbox: 0.1317  d1.loss_iou: 0.5136  d2.loss_cls: 0.0855  d2.loss_bbox: 0.1239  d2.loss_iou: 0.5021  d3.loss_cls: 0.0801  d3.loss_bbox: 0.1233  d3.loss_iou: 0.4975  d4.loss_cls: 0.0774  d4.loss_bbox: 0.1215  d4.loss_iou: 0.4938
2026/03/27 22:33:48 - mmengine - INFO - Exp name: detr_r50_net_fish_sonar_80e_pretrained_20260327_222901
2026/03/27 22:33:48 - mmengine - INFO - Epoch(train) [10][38/38]  base_lr: 9.2184e-05 lr: 9.2184e-06  eta: 0:24:46  time: 0.5209  data_time: 0.0073  memory: 6459  grad_norm: 232.2626  loss: 4.1342  loss_cls: 0.0708  loss_bbox: 0.1119  loss_iou: 0.4660  d0.loss_cls: 0.0986  d0.loss_bbox: 0.1431  d0.loss_iou: 0.5444  d1.loss_cls: 0.0867  d1.loss_bbox: 0.1252  d1.loss_iou: 0.4955  d2.loss_cls: 0.0806  d2.loss_bbox: 0.1155  d2.loss_iou: 0.4772  d3.loss_cls: 0.0753  d3.loss_bbox: 0.1147  d3.loss_iou: 0.4753  d4.loss_cls: 0.0720  d4.loss_bbox: 0.1134  d4.loss_iou: 0.4682
2026/03/27 22:33:50 - mmengine - INFO - Epoch(val) [10][50/50]    eta: 0:00:00  time: 0.0399  data_time: 0.0099  memory: 950  
2026/03/27 22:33:50 - mmengine - INFO - Evaluating bbox...
2026/03/27 22:33:52 - mmengine - INFO - bbox_mAP_copypaste: 0.237 0.532 0.155 0.019 0.256 0.456
2026/03/27 22:33:52 - mmengine - INFO - Epoch(val) [10][50/50]    coco/bbox_mAP: 0.2370  coco/bbox_mAP_50: 0.5320  coco/bbox_mAP_75: 0.1550  coco/bbox_mAP_s: 0.0190  coco/bbox_mAP_m: 0.2560  coco/bbox_mAP_l: 0.4560  data_time: 0.0098  time: 0.0398
2026/03/27 22:34:12 - mmengine - INFO - Exp name: detr_r50_net_fish_sonar_80e_pretrained_20260327_222901
2026/03/27 22:34:12 - mmengine - INFO - Epoch(train) [11][38/38]  base_lr: 9.0882e-05 lr: 9.0882e-06  eta: 0:24:19  time: 0.5249  data_time: 0.0130  memory: 6459  grad_norm: 187.1652  loss: 3.8993  loss_cls: 0.0612  loss_bbox: 0.1071  loss_iou: 0.4437  d0.loss_cls: 0.0908  d0.loss_bbox: 0.1383  d0.loss_iou: 0.5161  d1.loss_cls: 0.0777  d1.loss_bbox: 0.1200  d1.loss_iou: 0.4705  d2.loss_cls: 0.0711  d2.loss_bbox: 0.1120  d2.loss_iou: 0.4480  d3.loss_cls: 0.0679  d3.loss_bbox: 0.1105  d3.loss_iou: 0.4477  d4.loss_cls: 0.0638  d4.loss_bbox: 0.1086  d4.loss_iou: 0.4443
2026/03/27 22:34:32 - mmengine - INFO - Exp name: detr_r50_net_fish_sonar_80e_pretrained_20260327_222901
2026/03/27 22:34:32 - mmengine - INFO - Epoch(train) [12][38/38]  base_lr: 8.9579e-05 lr: 8.9579e-06  eta: 0:23:55  time: 0.5298  data_time: 0.0128  memory: 6459  grad_norm: 175.9842  loss: 3.7805  loss_cls: 0.0560  loss_bbox: 0.1031  loss_iou: 0.4301  d0.loss_cls: 0.0834  d0.loss_bbox: 0.1340  d0.loss_iou: 0.5075  d1.loss_cls: 0.0707  d1.loss_bbox: 0.1157  d1.loss_iou: 0.4612  d2.loss_cls: 0.0641  d2.loss_bbox: 0.1097  d2.loss_iou: 0.4464  d3.loss_cls: 0.0596  d3.loss_bbox: 0.1064  d3.loss_iou: 0.4379  d4.loss_cls: 0.0567  d4.loss_bbox: 0.1039  d4.loss_iou: 0.4339
2026/03/27 22:34:35 - mmengine - INFO - Epoch(val) [12][50/50]    eta: 0:00:00  time: 0.0406  data_time: 0.0104  memory: 950  
2026/03/27 22:34:35 - mmengine - INFO - Evaluating bbox...
2026/03/27 22:34:36 - mmengine - INFO - bbox_mAP_copypaste: 0.327 0.587 0.334 0.047 0.260 0.663
2026/03/27 22:34:36 - mmengine - INFO - Epoch(val) [12][50/50]    coco/bbox_mAP: 0.3270  coco/bbox_mAP_50: 0.5870  coco/bbox_mAP_75: 0.3340  coco/bbox_mAP_s: 0.0470  coco/bbox_mAP_m: 0.2600  coco/bbox_mAP_l: 0.6630  data_time: 0.0104  time: 0.0405
2026/03/27 22:34:36 - mmengine - INFO - The previous best checkpoint /workspace/aquaculture-perception/runs/mmdet/net_fish_sonar/detr_r50_net_fish_sonar_80e_pretrained/best_coco_bbox_mAP_epoch_6.pth is removed
2026/03/27 22:34:37 - mmengine - INFO - The best checkpoint with 0.3270 coco/bbox_mAP at 12 epoch is saved to best_coco_bbox_mAP_epoch_12.pth.
2026/03/27 22:34:57 - mmengine - INFO - Exp name: detr_r50_net_fish_sonar_80e_pretrained_20260327_222901
2026/03/27 22:34:57 - mmengine - INFO - Epoch(train) [13][38/38]  base_lr: 8.8276e-05 lr: 8.8276e-06  eta: 0:23:28  time: 0.5188  data_time: 0.0102  memory: 6459  grad_norm: 227.2671  loss: 3.8223  loss_cls: 0.0529  loss_bbox: 0.1038  loss_iou: 0.4442  d0.loss_cls: 0.0752  d0.loss_bbox: 0.1338  d0.loss_iou: 0.5170  d1.loss_cls: 0.0666  d1.loss_bbox: 0.1151  d1.loss_iou: 0.4688  d2.loss_cls: 0.0605  d2.loss_bbox: 0.1087  d2.loss_iou: 0.4553  d3.loss_cls: 0.0543  d3.loss_bbox: 0.1082  d3.loss_iou: 0.4553  d4.loss_cls: 0.0541  d4.loss_bbox: 0.1048  d4.loss_iou: 0.4438
2026/03/27 22:35:18 - mmengine - INFO - Exp name: detr_r50_net_fish_sonar_80e_pretrained_20260327_222901
2026/03/27 22:35:18 - mmengine - INFO - Epoch(train) [14][38/38]  base_lr: 8.6974e-05 lr: 8.6974e-06  eta: 0:23:05  time: 0.5260  data_time: 0.0080  memory: 6459  grad_norm: 225.7789  loss: 3.7990  loss_cls: 0.0523  loss_bbox: 0.1046  loss_iou: 0.4407  d0.loss_cls: 0.0722  d0.loss_bbox: 0.1335  d0.loss_iou: 0.5145  d1.loss_cls: 0.0644  d1.loss_bbox: 0.1150  d1.loss_iou: 0.4692  d2.loss_cls: 0.0589  d2.loss_bbox: 0.1081  d2.loss_iou: 0.4532  d3.loss_cls: 0.0532  d3.loss_bbox: 0.1085  d3.loss_iou: 0.4530  d4.loss_cls: 0.0532  d4.loss_bbox: 0.1053  d4.loss_iou: 0.4391
2026/03/27 22:35:20 - mmengine - INFO - Epoch(val) [14][50/50]    eta: 0:00:00  time: 0.0392  data_time: 0.0106  memory: 950  
2026/03/27 22:35:20 - mmengine - INFO - Evaluating bbox...
2026/03/27 22:35:21 - mmengine - INFO - bbox_mAP_copypaste: 0.345 0.589 0.366 0.058 0.301 0.671
2026/03/27 22:35:21 - mmengine - INFO - Epoch(val) [14][50/50]    coco/bbox_mAP: 0.3450  coco/bbox_mAP_50: 0.5890  coco/bbox_mAP_75: 0.3660  coco/bbox_mAP_s: 0.0580  coco/bbox_mAP_m: 0.3010  coco/bbox_mAP_l: 0.6710  data_time: 0.0105  time: 0.0392
2026/03/27 22:35:21 - mmengine - INFO - The previous best checkpoint /workspace/aquaculture-perception/runs/mmdet/net_fish_sonar/detr_r50_net_fish_sonar_80e_pretrained/best_coco_bbox_mAP_epoch_12.pth is removed
2026/03/27 22:35:22 - mmengine - INFO - The best checkpoint with 0.3450 coco/bbox_mAP at 14 epoch is saved to best_coco_bbox_mAP_epoch_14.pth.
2026/03/27 22:35:43 - mmengine - INFO - Exp name: detr_r50_net_fish_sonar_80e_pretrained_20260327_222901
2026/03/27 22:35:43 - mmengine - INFO - Epoch(train) [15][38/38]  base_lr: 8.5671e-05 lr: 8.5671e-06  eta: 0:22:45  time: 0.5408  data_time: 0.0094  memory: 6459  grad_norm: 175.0033  loss: 3.6161  loss_cls: 0.0461  loss_bbox: 0.0979  loss_iou: 0.4198  d0.loss_cls: 0.0683  d0.loss_bbox: 0.1303  d0.loss_iou: 0.4977  d1.loss_cls: 0.0593  d1.loss_bbox: 0.1106  d1.loss_iou: 0.4477  d2.loss_cls: 0.0533  d2.loss_bbox: 0.1030  d2.loss_iou: 0.4331  d3.loss_cls: 0.0499  d3.loss_bbox: 0.1015  d3.loss_iou: 0.4272  d4.loss_cls: 0.0466  d4.loss_bbox: 0.0995  d4.loss_iou: 0.4242
2026/03/27 22:36:05 - mmengine - INFO - Exp name: detr_r50_net_fish_sonar_80e_pretrained_20260327_222901
2026/03/27 22:36:05 - mmengine - INFO - Epoch(train) [16][38/38]  base_lr: 8.4368e-05 lr: 8.4368e-06  eta: 0:22:25  time: 0.5496  data_time: 0.0129  memory: 6459  grad_norm: 172.3384  loss: 3.6202  loss_cls: 0.0475  loss_bbox: 0.0994  loss_iou: 0.4233  d0.loss_cls: 0.0625  d0.loss_bbox: 0.1279  d0.loss_iou: 0.4966  d1.loss_cls: 0.0570  d1.loss_bbox: 0.1097  d1.loss_iou: 0.4514  d2.loss_cls: 0.0532  d2.loss_bbox: 0.1028  d2.loss_iou: 0.4329  d3.loss_cls: 0.0508  d3.loss_bbox: 0.1018  d3.loss_iou: 0.4278  d4.loss_cls: 0.0483  d4.loss_bbox: 0.1002  d4.loss_iou: 0.4272
2026/03/27 22:36:07 - mmengine - INFO - Epoch(val) [16][50/50]    eta: 0:00:00  time: 0.0392  data_time: 0.0103  memory: 950  
2026/03/27 22:36:07 - mmengine - INFO - Evaluating bbox...
2026/03/27 22:36:08 - mmengine - INFO - bbox_mAP_copypaste: 0.335 0.562 0.384 0.028 0.331 0.639
2026/03/27 22:36:08 - mmengine - INFO - Epoch(val) [16][50/50]    coco/bbox_mAP: 0.3350  coco/bbox_mAP_50: 0.5620  coco/bbox_mAP_75: 0.3840  coco/bbox_mAP_s: 0.0280  coco/bbox_mAP_m: 0.3310  coco/bbox_mAP_l: 0.6390  data_time: 0.0103  time: 0.0392
2026/03/27 22:36:29 - mmengine - INFO - Exp name: detr_r50_net_fish_sonar_80e_pretrained_20260327_222901
2026/03/27 22:36:29 - mmengine - INFO - Epoch(train) [17][38/38]  base_lr: 8.3066e-05 lr: 8.3066e-06  eta: 0:22:05  time: 0.5510  data_time: 0.0105  memory: 6459  grad_norm: 192.0762  loss: 3.5889  loss_cls: 0.0460  loss_bbox: 0.0984  loss_iou: 0.4190  d0.loss_cls: 0.0617  d0.loss_bbox: 0.1253  d0.loss_iou: 0.4946  d1.loss_cls: 0.0561  d1.loss_bbox: 0.1081  d1.loss_iou: 0.4458  d2.loss_cls: 0.0541  d2.loss_bbox: 0.1023  d2.loss_iou: 0.4295  d3.loss_cls: 0.0489  d3.loss_bbox: 0.1011  d3.loss_iou: 0.4289  d4.loss_cls: 0.0478  d4.loss_bbox: 0.0993  d4.loss_iou: 0.4222
2026/03/27 22:36:51 - mmengine - INFO - Exp name: detr_r50_net_fish_sonar_80e_pretrained_20260327_222901
2026/03/27 22:36:51 - mmengine - INFO - Epoch(train) [18][38/38]  base_lr: 8.1763e-05 lr: 8.1763e-06  eta: 0:21:45  time: 0.5538  data_time: 0.0133  memory: 6459  grad_norm: 175.2290  loss: 3.4697  loss_cls: 0.0442  loss_bbox: 0.0953  loss_iou: 0.3998  d0.loss_cls: 0.0579  d0.loss_bbox: 0.1259  d0.loss_iou: 0.4851  d1.loss_cls: 0.0521  d1.loss_bbox: 0.1086  d1.loss_iou: 0.4400  d2.loss_cls: 0.0493  d2.loss_bbox: 0.1003  d2.loss_iou: 0.4138  d3.loss_cls: 0.0465  d3.loss_bbox: 0.0981  d3.loss_iou: 0.4107  d4.loss_cls: 0.0446  d4.loss_bbox: 0.0959  d4.loss_iou: 0.4016
2026/03/27 22:36:53 - mmengine - INFO - Epoch(val) [18][50/50]    eta: 0:00:00  time: 0.0388  data_time: 0.0096  memory: 950  
2026/03/27 22:36:54 - mmengine - INFO - Evaluating bbox...
2026/03/27 22:36:55 - mmengine - INFO - bbox_mAP_copypaste: 0.334 0.578 0.342 0.039 0.252 0.690
2026/03/27 22:36:55 - mmengine - INFO - Epoch(val) [18][50/50]    coco/bbox_mAP: 0.3340  coco/bbox_mAP_50: 0.5780  coco/bbox_mAP_75: 0.3420  coco/bbox_mAP_s: 0.0390  coco/bbox_mAP_m: 0.2520  coco/bbox_mAP_l: 0.6900  data_time: 0.0095  time: 0.0388
2026/03/27 22:37:16 - mmengine - INFO - Exp name: detr_r50_net_fish_sonar_80e_pretrained_20260327_222901
2026/03/27 22:37:16 - mmengine - INFO - Epoch(train) [19][38/38]  base_lr: 8.0461e-05 lr: 8.0461e-06  eta: 0:21:25  time: 0.5517  data_time: 0.0122  memory: 6459  grad_norm: 164.6941  loss: 3.3964  loss_cls: 0.0419  loss_bbox: 0.0935  loss_iou: 0.3917  d0.loss_cls: 0.0553  d0.loss_bbox: 0.1218  d0.loss_iou: 0.4736  d1.loss_cls: 0.0490  d1.loss_bbox: 0.1046  d1.loss_iou: 0.4328  d2.loss_cls: 0.0470  d2.loss_bbox: 0.0982  d2.loss_iou: 0.4109  d3.loss_cls: 0.0424  d3.loss_bbox: 0.0966  d3.loss_iou: 0.4055  d4.loss_cls: 0.0410  d4.loss_bbox: 0.0941  d4.loss_iou: 0.3963
2026/03/27 22:37:37 - mmengine - INFO - Exp name: detr_r50_net_fish_sonar_80e_pretrained_20260327_222901
2026/03/27 22:37:37 - mmengine - INFO - Epoch(train) [20][38/38]  base_lr: 7.9158e-05 lr: 7.9158e-06  eta: 0:21:05  time: 0.5505  data_time: 0.0120  memory: 6459  grad_norm: 167.4192  loss: 3.3632  loss_cls: 0.0403  loss_bbox: 0.0920  loss_iou: 0.3908  d0.loss_cls: 0.0543  d0.loss_bbox: 0.1195  d0.loss_iou: 0.4753  d1.loss_cls: 0.0501  d1.loss_bbox: 0.1027  d1.loss_iou: 0.4257  d2.loss_cls: 0.0457  d2.loss_bbox: 0.0952  d2.loss_iou: 0.4039  d3.loss_cls: 0.0437  d3.loss_bbox: 0.0947  d3.loss_iou: 0.4027  d4.loss_cls: 0.0428  d4.loss_bbox: 0.0925  d4.loss_iou: 0.3915
2026/03/27 22:37:39 - mmengine - INFO - Epoch(val) [20][50/50]    eta: 0:00:00  time: 0.0385  data_time: 0.0092  memory: 950  
2026/03/27 22:37:40 - mmengine - INFO - Evaluating bbox...
2026/03/27 22:37:41 - mmengine - INFO - bbox_mAP_copypaste: 0.336 0.604 0.360 0.059 0.270 0.670
2026/03/27 22:37:41 - mmengine - INFO - Epoch(val) [20][50/50]    coco/bbox_mAP: 0.3360  coco/bbox_mAP_50: 0.6040  coco/bbox_mAP_75: 0.3600  coco/bbox_mAP_s: 0.0590  coco/bbox_mAP_m: 0.2700  coco/bbox_mAP_l: 0.6700  data_time: 0.0092  time: 0.0385
2026/03/27 22:38:03 - mmengine - INFO - Exp name: detr_r50_net_fish_sonar_80e_pretrained_20260327_222901
2026/03/27 22:38:03 - mmengine - INFO - Epoch(train) [21][38/38]  base_lr: 7.7855e-05 lr: 7.7855e-06  eta: 0:20:46  time: 0.5613  data_time: 0.0092  memory: 6459  grad_norm: 181.8182  loss: 3.3464  loss_cls: 0.0400  loss_bbox: 0.0905  loss_iou: 0.3885  d0.loss_cls: 0.0564  d0.loss_bbox: 0.1186  d0.loss_iou: 0.4733  d1.loss_cls: 0.0489  d1.loss_bbox: 0.1024  d1.loss_iou: 0.4270  d2.loss_cls: 0.0461  d2.loss_bbox: 0.0944  d2.loss_iou: 0.4027  d3.loss_cls: 0.0423  d3.loss_bbox: 0.0935  d3.loss_iou: 0.3983  d4.loss_cls: 0.0416  d4.loss_bbox: 0.0909  d4.loss_iou: 0.3910
2026/03/27 22:38:24 - mmengine - INFO - Exp name: detr_r50_net_fish_sonar_80e_pretrained_20260327_222901
2026/03/27 22:38:24 - mmengine - INFO - Epoch(train) [22][38/38]  base_lr: 7.6553e-05 lr: 7.6553e-06  eta: 0:20:25  time: 0.5482  data_time: 0.0121  memory: 6459  grad_norm: 175.7735  loss: 3.2604  loss_cls: 0.0372  loss_bbox: 0.0885  loss_iou: 0.3836  d0.loss_cls: 0.0503  d0.loss_bbox: 0.1148  d0.loss_iou: 0.4628  d1.loss_cls: 0.0457  d1.loss_bbox: 0.0975  d1.loss_iou: 0.4128  d2.loss_cls: 0.0416  d2.loss_bbox: 0.0930  d2.loss_iou: 0.3983  d3.loss_cls: 0.0388  d3.loss_bbox: 0.0913  d3.loss_iou: 0.3932  d4.loss_cls: 0.0389  d4.loss_bbox: 0.0884  d4.loss_iou: 0.3837
2026/03/27 22:38:26 - mmengine - INFO - Epoch(val) [22][50/50]    eta: 0:00:00  time: 0.0387  data_time: 0.0097  memory: 950  
2026/03/27 22:38:26 - mmengine - INFO - Evaluating bbox...
2026/03/27 22:38:27 - mmengine - INFO - bbox_mAP_copypaste: 0.347 0.597 0.380 0.041 0.304 0.676
2026/03/27 22:38:27 - mmengine - INFO - Epoch(val) [22][50/50]    coco/bbox_mAP: 0.3470  coco/bbox_mAP_50: 0.5970  coco/bbox_mAP_75: 0.3800  coco/bbox_mAP_s: 0.0410  coco/bbox_mAP_m: 0.3040  coco/bbox_mAP_l: 0.6760  data_time: 0.0096  time: 0.0386
2026/03/27 22:38:27 - mmengine - INFO - The previous best checkpoint /workspace/aquaculture-perception/runs/mmdet/net_fish_sonar/detr_r50_net_fish_sonar_80e_pretrained/best_coco_bbox_mAP_epoch_14.pth is removed
2026/03/27 22:38:28 - mmengine - INFO - The best checkpoint with 0.3470 coco/bbox_mAP at 22 epoch is saved to best_coco_bbox_mAP_epoch_22.pth.
2026/03/27 22:38:50 - mmengine - INFO - Exp name: detr_r50_net_fish_sonar_80e_pretrained_20260327_222901
2026/03/27 22:38:50 - mmengine - INFO - Epoch(train) [23][38/38]  base_lr: 7.5250e-05 lr: 7.5250e-06  eta: 0:20:04  time: 0.5498  data_time: 0.0107  memory: 6459  grad_norm: 204.6880  loss: 3.2879  loss_cls: 0.0360  loss_bbox: 0.0887  loss_iou: 0.3863  d0.loss_cls: 0.0510  d0.loss_bbox: 0.1158  d0.loss_iou: 0.4649  d1.loss_cls: 0.0442  d1.loss_bbox: 0.0990  d1.loss_iou: 0.4192  d2.loss_cls: 0.0405  d2.loss_bbox: 0.0936  d2.loss_iou: 0.4075  d3.loss_cls: 0.0368  d3.loss_bbox: 0.0921  d3.loss_iou: 0.4001  d4.loss_cls: 0.0378  d4.loss_bbox: 0.0888  d4.loss_iou: 0.3856
2026/03/27 22:39:11 - mmengine - INFO - Exp name: detr_r50_net_fish_sonar_80e_pretrained_20260327_222901
2026/03/27 22:39:11 - mmengine - INFO - Epoch(train) [24][38/38]  base_lr: 7.3947e-05 lr: 7.3947e-06  eta: 0:19:44  time: 0.5497  data_time: 0.0098  memory: 6459  grad_norm: 189.4591  loss: 3.1862  loss_cls: 0.0359  loss_bbox: 0.0867  loss_iou: 0.3728  d0.loss_cls: 0.0510  d0.loss_bbox: 0.1130  d0.loss_iou: 0.4517  d1.loss_cls: 0.0430  d1.loss_bbox: 0.0966  d1.loss_iou: 0.4031  d2.loss_cls: 0.0395  d2.loss_bbox: 0.0909  d2.loss_iou: 0.3902  d3.loss_cls: 0.0359  d3.loss_bbox: 0.0912  d3.loss_iou: 0.3863  d4.loss_cls: 0.0355  d4.loss_bbox: 0.0878  d4.loss_iou: 0.3751
2026/03/27 22:39:13 - mmengine - INFO - Epoch(val) [24][50/50]    eta: 0:00:00  time: 0.0383  data_time: 0.0096  memory: 950  
2026/03/27 22:39:13 - mmengine - INFO - Evaluating bbox...
2026/03/27 22:39:15 - mmengine - INFO - bbox_mAP_copypaste: 0.337 0.609 0.354 0.043 0.296 0.644
2026/03/27 22:39:15 - mmengine - INFO - Epoch(val) [24][50/50]    coco/bbox_mAP: 0.3370  coco/bbox_mAP_50: 0.6090  coco/bbox_mAP_75: 0.3540  coco/bbox_mAP_s: 0.0430  coco/bbox_mAP_m: 0.2960  coco/bbox_mAP_l: 0.6440  data_time: 0.0095  time: 0.0383
2026/03/27 22:39:36 - mmengine - INFO - Exp name: detr_r50_net_fish_sonar_80e_pretrained_20260327_222901
2026/03/27 22:39:36 - mmengine - INFO - Epoch(train) [25][38/38]  base_lr: 7.2645e-05 lr: 7.2645e-06  eta: 0:19:23  time: 0.5495  data_time: 0.0093  memory: 6459  grad_norm: 230.5969  loss: 3.2630  loss_cls: 0.0322  loss_bbox: 0.0888  loss_iou: 0.3929  d0.loss_cls: 0.0494  d0.loss_bbox: 0.1137  d0.loss_iou: 0.4605  d1.loss_cls: 0.0420  d1.loss_bbox: 0.0968  d1.loss_iou: 0.4122  d2.loss_cls: 0.0378  d2.loss_bbox: 0.0916  d2.loss_iou: 0.4028  d3.loss_cls: 0.0345  d3.loss_bbox: 0.0920  d3.loss_iou: 0.4017  d4.loss_cls: 0.0334  d4.loss_bbox: 0.0891  d4.loss_iou: 0.3916
2026/03/27 22:39:57 - mmengine - INFO - Exp name: detr_r50_net_fish_sonar_80e_pretrained_20260327_222901
2026/03/27 22:39:57 - mmengine - INFO - Epoch(train) [26][38/38]  base_lr: 7.1342e-05 lr: 7.1342e-06  eta: 0:19:01  time: 0.5288  data_time: 0.0088  memory: 6459  grad_norm: 233.1068  loss: 3.0724  loss_cls: 0.0287  loss_bbox: 0.0844  loss_iou: 0.3678  d0.loss_cls: 0.0441  d0.loss_bbox: 0.1095  d0.loss_iou: 0.4335  d1.loss_cls: 0.0397  d1.loss_bbox: 0.0929  d1.loss_iou: 0.3916  d2.loss_cls: 0.0351  d2.loss_bbox: 0.0873  d2.loss_iou: 0.3792  d3.loss_cls: 0.0300  d3.loss_bbox: 0.0871  d3.loss_iou: 0.3773  d4.loss_cls: 0.0294  d4.loss_bbox: 0.0848  d4.loss_iou: 0.3699
2026/03/27 22:39:59 - mmengine - INFO - Epoch(val) [26][50/50]    eta: 0:00:00  time: 0.0399  data_time: 0.0096  memory: 950  
2026/03/27 22:39:59 - mmengine - INFO - Evaluating bbox...
2026/03/27 22:40:00 - mmengine - INFO - bbox_mAP_copypaste: 0.329 0.623 0.333 0.078 0.278 0.625
2026/03/27 22:40:00 - mmengine - INFO - Epoch(val) [26][50/50]    coco/bbox_mAP: 0.3290  coco/bbox_mAP_50: 0.6230  coco/bbox_mAP_75: 0.3330  coco/bbox_mAP_s: 0.0780  coco/bbox_mAP_m: 0.2780  coco/bbox_mAP_l: 0.6250  data_time: 0.0096  time: 0.0398
2026/03/27 22:40:08 - mmengine - INFO - Exp name: detr_r50_net_fish_sonar_80e_pretrained_20260327_222901
2026/03/27 22:40:21 - mmengine - INFO - Exp name: detr_r50_net_fish_sonar_80e_pretrained_20260327_222901
2026/03/27 22:40:21 - mmengine - INFO - Epoch(train) [27][38/38]  base_lr: 7.0039e-05 lr: 7.0039e-06  eta: 0:18:39  time: 0.5383  data_time: 0.0133  memory: 6459  grad_norm: 200.4734  loss: 3.0377  loss_cls: 0.0303  loss_bbox: 0.0816  loss_iou: 0.3599  d0.loss_cls: 0.0422  d0.loss_bbox: 0.1074  d0.loss_iou: 0.4371  d1.loss_cls: 0.0384  d1.loss_bbox: 0.0910  d1.loss_iou: 0.3875  d2.loss_cls: 0.0352  d2.loss_bbox: 0.0863  d2.loss_iou: 0.3766  d3.loss_cls: 0.0299  d3.loss_bbox: 0.0853  d3.loss_iou: 0.3737  d4.loss_cls: 0.0293  d4.loss_bbox: 0.0827  d4.loss_iou: 0.3631
2026/03/27 22:40:42 - mmengine - INFO - Exp name: detr_r50_net_fish_sonar_80e_pretrained_20260327_222901
2026/03/27 22:40:42 - mmengine - INFO - Epoch(train) [28][38/38]  base_lr: 6.8737e-05 lr: 6.8737e-06  eta: 0:18:17  time: 0.5271  data_time: 0.0107  memory: 6459  grad_norm: 183.3243  loss: 3.0890  loss_cls: 0.0305  loss_bbox: 0.0834  loss_iou: 0.3685  d0.loss_cls: 0.0433  d0.loss_bbox: 0.1091  d0.loss_iou: 0.4442  d1.loss_cls: 0.0387  d1.loss_bbox: 0.0938  d1.loss_iou: 0.3986  d2.loss_cls: 0.0348  d2.loss_bbox: 0.0869  d2.loss_iou: 0.3794  d3.loss_cls: 0.0320  d3.loss_bbox: 0.0858  d3.loss_iou: 0.3756  d4.loss_cls: 0.0299  d4.loss_bbox: 0.0839  d4.loss_iou: 0.3706
2026/03/27 22:40:44 - mmengine - INFO - Epoch(val) [28][50/50]    eta: 0:00:00  time: 0.0395  data_time: 0.0097  memory: 950  
2026/03/27 22:40:44 - mmengine - INFO - Evaluating bbox...
2026/03/27 22:40:45 - mmengine - INFO - bbox_mAP_copypaste: 0.355 0.618 0.393 0.069 0.333 0.658
2026/03/27 22:40:45 - mmengine - INFO - Epoch(val) [28][50/50]    coco/bbox_mAP: 0.3550  coco/bbox_mAP_50: 0.6180  coco/bbox_mAP_75: 0.3930  coco/bbox_mAP_s: 0.0690  coco/bbox_mAP_m: 0.3330  coco/bbox_mAP_l: 0.6580  data_time: 0.0097  time: 0.0395
2026/03/27 22:40:45 - mmengine - INFO - The previous best checkpoint /workspace/aquaculture-perception/runs/mmdet/net_fish_sonar/detr_r50_net_fish_sonar_80e_pretrained/best_coco_bbox_mAP_epoch_22.pth is removed
2026/03/27 22:40:46 - mmengine - INFO - The best checkpoint with 0.3550 coco/bbox_mAP at 28 epoch is saved to best_coco_bbox_mAP_epoch_28.pth.
2026/03/27 22:41:06 - mmengine - INFO - Exp name: detr_r50_net_fish_sonar_80e_pretrained_20260327_222901
2026/03/27 22:41:06 - mmengine - INFO - Epoch(train) [29][38/38]  base_lr: 6.7434e-05 lr: 6.7434e-06  eta: 0:17:55  time: 0.5260  data_time: 0.0115  memory: 6459  grad_norm: 201.1660  loss: 2.9782  loss_cls: 0.0283  loss_bbox: 0.0808  loss_iou: 0.3527  d0.loss_cls: 0.0426  d0.loss_bbox: 0.1074  d0.loss_iou: 0.4256  d1.loss_cls: 0.0363  d1.loss_bbox: 0.0914  d1.loss_iou: 0.3826  d2.loss_cls: 0.0320  d2.loss_bbox: 0.0857  d2.loss_iou: 0.3679  d3.loss_cls: 0.0290  d3.loss_bbox: 0.0843  d3.loss_iou: 0.3667  d4.loss_cls: 0.0269  d4.loss_bbox: 0.0814  d4.loss_iou: 0.3569
2026/03/27 22:41:27 - mmengine - INFO - Exp name: detr_r50_net_fish_sonar_80e_pretrained_20260327_222901
2026/03/27 22:41:27 - mmengine - INFO - Epoch(train) [30][38/38]  base_lr: 6.6132e-05 lr: 6.6132e-06  eta: 0:17:32  time: 0.5215  data_time: 0.0110  memory: 6459  grad_norm: 182.3385  loss: 2.9556  loss_cls: 0.0276  loss_bbox: 0.0790  loss_iou: 0.3503  d0.loss_cls: 0.0417  d0.loss_bbox: 0.1057  d0.loss_iou: 0.4272  d1.loss_cls: 0.0366  d1.loss_bbox: 0.0899  d1.loss_iou: 0.3843  d2.loss_cls: 0.0318  d2.loss_bbox: 0.0833  d2.loss_iou: 0.3652  d3.loss_cls: 0.0283  d3.loss_bbox: 0.0818  d3.loss_iou: 0.3616  d4.loss_cls: 0.0279  d4.loss_bbox: 0.0797  d4.loss_iou: 0.3536
2026/03/27 22:41:29 - mmengine - INFO - Epoch(val) [30][50/50]    eta: 0:00:00  time: 0.0390  data_time: 0.0096  memory: 950  
2026/03/27 22:41:29 - mmengine - INFO - Evaluating bbox...
2026/03/27 22:41:30 - mmengine - INFO - bbox_mAP_copypaste: 0.343 0.596 0.371 0.048 0.316 0.651
2026/03/27 22:41:30 - mmengine - INFO - Epoch(val) [30][50/50]    coco/bbox_mAP: 0.3430  coco/bbox_mAP_50: 0.5960  coco/bbox_mAP_75: 0.3710  coco/bbox_mAP_s: 0.0480  coco/bbox_mAP_m: 0.3160  coco/bbox_mAP_l: 0.6510  data_time: 0.0096  time: 0.0390
2026/03/27 22:41:50 - mmengine - INFO - Exp name: detr_r50_net_fish_sonar_80e_pretrained_20260327_222901
2026/03/27 22:41:50 - mmengine - INFO - Epoch(train) [31][38/38]  base_lr: 6.4829e-05 lr: 6.4829e-06  eta: 0:17:10  time: 0.5187  data_time: 0.0132  memory: 6459  grad_norm: 222.0475  loss: 2.9346  loss_cls: 0.0251  loss_bbox: 0.0797  loss_iou: 0.3494  d0.loss_cls: 0.0380  d0.loss_bbox: 0.1061  d0.loss_iou: 0.4275  d1.loss_cls: 0.0329  d1.loss_bbox: 0.0888  d1.loss_iou: 0.3785  d2.loss_cls: 0.0284  d2.loss_bbox: 0.0836  d2.loss_iou: 0.3654  d3.loss_cls: 0.0251  d3.loss_bbox: 0.0828  d3.loss_iou: 0.3620  d4.loss_cls: 0.0231  d4.loss_bbox: 0.0810  d4.loss_iou: 0.3571
2026/03/27 22:42:10 - mmengine - INFO - Exp name: detr_r50_net_fish_sonar_80e_pretrained_20260327_222901
2026/03/27 22:42:10 - mmengine - INFO - Epoch(train) [32][38/38]  base_lr: 6.3526e-05 lr: 6.3526e-06  eta: 0:16:47  time: 0.5183  data_time: 0.0118  memory: 6459  grad_norm: 219.8081  loss: 2.9646  loss_cls: 0.0253  loss_bbox: 0.0791  loss_iou: 0.3604  d0.loss_cls: 0.0406  d0.loss_bbox: 0.1035  d0.loss_iou: 0.4282  d1.loss_cls: 0.0355  d1.loss_bbox: 0.0872  d1.loss_iou: 0.3845  d2.loss_cls: 0.0299  d2.loss_bbox: 0.0816  d2.loss_iou: 0.3672  d3.loss_cls: 0.0273  d3.loss_bbox: 0.0818  d3.loss_iou: 0.3668  d4.loss_cls: 0.0253  d4.loss_bbox: 0.0795  d4.loss_iou: 0.3609
2026/03/27 22:42:12 - mmengine - INFO - Epoch(val) [32][50/50]    eta: 0:00:00  time: 0.0402  data_time: 0.0102  memory: 950  
2026/03/27 22:42:13 - mmengine - INFO - Evaluating bbox...
2026/03/27 22:42:14 - mmengine - INFO - bbox_mAP_copypaste: 0.329 0.592 0.364 0.026 0.309 0.631
2026/03/27 22:42:14 - mmengine - INFO - Epoch(val) [32][50/50]    coco/bbox_mAP: 0.3290  coco/bbox_mAP_50: 0.5920  coco/bbox_mAP_75: 0.3640  coco/bbox_mAP_s: 0.0260  coco/bbox_mAP_m: 0.3090  coco/bbox_mAP_l: 0.6310  data_time: 0.0102  time: 0.0401
2026/03/27 22:42:34 - mmengine - INFO - Exp name: detr_r50_net_fish_sonar_80e_pretrained_20260327_222901
2026/03/27 22:42:34 - mmengine - INFO - Epoch(train) [33][38/38]  base_lr: 6.2224e-05 lr: 6.2224e-06  eta: 0:16:25  time: 0.5134  data_time: 0.0108  memory: 6459  grad_norm: 203.2683  loss: 2.8711  loss_cls: 0.0249  loss_bbox: 0.0761  loss_iou: 0.3445  d0.loss_cls: 0.0391  d0.loss_bbox: 0.1016  d0.loss_iou: 0.4228  d1.loss_cls: 0.0360  d1.loss_bbox: 0.0844  d1.loss_iou: 0.3667  d2.loss_cls: 0.0299  d2.loss_bbox: 0.0804  d2.loss_iou: 0.3567  d3.loss_cls: 0.0273  d3.loss_bbox: 0.0787  d3.loss_iou: 0.3551  d4.loss_cls: 0.0262  d4.loss_bbox: 0.0765  d4.loss_iou: 0.3442
2026/03/27 22:42:54 - mmengine - INFO - Exp name: detr_r50_net_fish_sonar_80e_pretrained_20260327_222901
2026/03/27 22:42:54 - mmengine - INFO - Epoch(train) [34][38/38]  base_lr: 6.0921e-05 lr: 6.0921e-06  eta: 0:16:02  time: 0.5106  data_time: 0.0115  memory: 6459  grad_norm: 237.5831  loss: 2.8704  loss_cls: 0.0267  loss_bbox: 0.0765  loss_iou: 0.3447  d0.loss_cls: 0.0392  d0.loss_bbox: 0.1013  d0.loss_iou: 0.4147  d1.loss_cls: 0.0361  d1.loss_bbox: 0.0854  d1.loss_iou: 0.3695  d2.loss_cls: 0.0307  d2.loss_bbox: 0.0802  d2.loss_iou: 0.3543  d3.loss_cls: 0.0289  d3.loss_bbox: 0.0789  d3.loss_iou: 0.3512  d4.loss_cls: 0.0270  d4.loss_bbox: 0.0772  d4.loss_iou: 0.3479
2026/03/27 22:42:56 - mmengine - INFO - Epoch(val) [34][50/50]    eta: 0:00:00  time: 0.0399  data_time: 0.0100  memory: 950  
2026/03/27 22:42:56 - mmengine - INFO - Evaluating bbox...
2026/03/27 22:42:57 - mmengine - INFO - bbox_mAP_copypaste: 0.372 0.627 0.400 0.054 0.352 0.683
2026/03/27 22:42:57 - mmengine - INFO - Epoch(val) [34][50/50]    coco/bbox_mAP: 0.3720  coco/bbox_mAP_50: 0.6270  coco/bbox_mAP_75: 0.4000  coco/bbox_mAP_s: 0.0540  coco/bbox_mAP_m: 0.3520  coco/bbox_mAP_l: 0.6830  data_time: 0.0100  time: 0.0398
2026/03/27 22:42:58 - mmengine - INFO - The previous best checkpoint /workspace/aquaculture-perception/runs/mmdet/net_fish_sonar/detr_r50_net_fish_sonar_80e_pretrained/best_coco_bbox_mAP_epoch_28.pth is removed
2026/03/27 22:43:05 - mmengine - INFO - The best checkpoint with 0.3720 coco/bbox_mAP at 34 epoch is saved to best_coco_bbox_mAP_epoch_34.pth.
2026/03/27 22:43:31 - mmengine - INFO - Exp name: detr_r50_net_fish_sonar_80e_pretrained_20260327_222901
2026/03/27 22:43:31 - mmengine - INFO - Epoch(train) [35][38/38]  base_lr: 5.9618e-05 lr: 5.9618e-06  eta: 0:15:47  time: 0.6294  data_time: 0.0450  memory: 6459  grad_norm: 191.5256  loss: 2.8893  loss_cls: 0.0270  loss_bbox: 0.0765  loss_iou: 0.3420  d0.loss_cls: 0.0420  d0.loss_bbox: 0.1018  d0.loss_iou: 0.4197  d1.loss_cls: 0.0371  d1.loss_bbox: 0.0864  d1.loss_iou: 0.3713  d2.loss_cls: 0.0324  d2.loss_bbox: 0.0807  d2.loss_iou: 0.3590  d3.loss_cls: 0.0295  d3.loss_bbox: 0.0791  d3.loss_iou: 0.3550  d4.loss_cls: 0.0279  d4.loss_bbox: 0.0770  d4.loss_iou: 0.3449
2026/03/27 22:44:00 - mmengine - INFO - Exp name: detr_r50_net_fish_sonar_80e_pretrained_20260327_222901
2026/03/27 22:44:00 - mmengine - INFO - Epoch(train) [36][38/38]  base_lr: 5.8316e-05 lr: 5.8316e-06  eta: 0:15:36  time: 0.7174  data_time: 0.0766  memory: 6459  grad_norm: 167.9239  loss: 2.7632  loss_cls: 0.0246  loss_bbox: 0.0736  loss_iou: 0.3263  d0.loss_cls: 0.0395  d0.loss_bbox: 0.1006  d0.loss_iou: 0.4115  d1.loss_cls: 0.0347  d1.loss_bbox: 0.0826  d1.loss_iou: 0.3520  d2.loss_cls: 0.0307  d2.loss_bbox: 0.0775  d2.loss_iou: 0.3399  d3.loss_cls: 0.0265  d3.loss_bbox: 0.0766  d3.loss_iou: 0.3390  d4.loss_cls: 0.0259  d4.loss_bbox: 0.0739  d4.loss_iou: 0.3277
2026/03/27 22:44:13 - mmengine - INFO - Epoch(val) [36][50/50]    eta: 0:00:00  time: 0.2428  data_time: 0.2091  memory: 950  
2026/03/27 22:44:13 - mmengine - INFO - Evaluating bbox...
2026/03/27 22:44:15 - mmengine - INFO - bbox_mAP_copypaste: 0.368 0.610 0.407 0.029 0.327 0.707
2026/03/27 22:44:15 - mmengine - INFO - Epoch(val) [36][50/50]    coco/bbox_mAP: 0.3680  coco/bbox_mAP_50: 0.6100  coco/bbox_mAP_75: 0.4070  coco/bbox_mAP_s: 0.0290  coco/bbox_mAP_m: 0.3270  coco/bbox_mAP_l: 0.7070  data_time: 0.2051  time: 0.2388
2026/03/27 22:44:41 - mmengine - INFO - Exp name: detr_r50_net_fish_sonar_80e_pretrained_20260327_222901
2026/03/27 22:44:41 - mmengine - INFO - Epoch(train) [37][38/38]  base_lr: 5.7013e-05 lr: 5.7013e-06  eta: 0:15:20  time: 0.6646  data_time: 0.0636  memory: 6459  grad_norm: 168.8860  loss: 2.7092  loss_cls: 0.0248  loss_bbox: 0.0726  loss_iou: 0.3177  d0.loss_cls: 0.0385  d0.loss_bbox: 0.0993  d0.loss_iou: 0.4021  d1.loss_cls: 0.0337  d1.loss_bbox: 0.0826  d1.loss_iou: 0.3500  d2.loss_cls: 0.0296  d2.loss_bbox: 0.0760  d2.loss_iou: 0.3337  d3.loss_cls: 0.0263  d3.loss_bbox: 0.0750  d3.loss_iou: 0.3296  d4.loss_cls: 0.0259  d4.loss_bbox: 0.0732  d4.loss_iou: 0.3186
2026/03/27 22:45:05 - mmengine - INFO - Exp name: detr_r50_net_fish_sonar_80e_pretrained_20260327_222901
2026/03/27 22:45:05 - mmengine - INFO - Epoch(train) [38][38/38]  base_lr: 5.5711e-05 lr: 5.5711e-06  eta: 0:15:02  time: 0.6130  data_time: 0.0378  memory: 6459  grad_norm: 180.7548  loss: 2.7691  loss_cls: 0.0259  loss_bbox: 0.0725  loss_iou: 0.3282  d0.loss_cls: 0.0406  d0.loss_bbox: 0.0985  d0.loss_iou: 0.4045  d1.loss_cls: 0.0358  d1.loss_bbox: 0.0816  d1.loss_iou: 0.3564  d2.loss_cls: 0.0311  d2.loss_bbox: 0.0759  d2.loss_iou: 0.3441  d3.loss_cls: 0.0278  d3.loss_bbox: 0.0752  d3.loss_iou: 0.3419  d4.loss_cls: 0.0265  d4.loss_bbox: 0.0729  d4.loss_iou: 0.3296
2026/03/27 22:45:07 - mmengine - INFO - Epoch(val) [38][50/50]    eta: 0:00:00  time: 0.0394  data_time: 0.0096  memory: 950  
2026/03/27 22:45:08 - mmengine - INFO - Evaluating bbox...
2026/03/27 22:45:09 - mmengine - INFO - bbox_mAP_copypaste: 0.358 0.604 0.407 0.049 0.326 0.682
2026/03/27 22:45:09 - mmengine - INFO - Epoch(val) [38][50/50]    coco/bbox_mAP: 0.3580  coco/bbox_mAP_50: 0.6040  coco/bbox_mAP_75: 0.4070  coco/bbox_mAP_s: 0.0490  coco/bbox_mAP_m: 0.3260  coco/bbox_mAP_l: 0.6820  data_time: 0.0096  time: 0.0394
2026/03/27 22:45:30 - mmengine - INFO - Exp name: detr_r50_net_fish_sonar_80e_pretrained_20260327_222901
2026/03/27 22:45:30 - mmengine - INFO - Epoch(train) [39][38/38]  base_lr: 5.4408e-05 lr: 5.4408e-06  eta: 0:14:40  time: 0.5512  data_time: 0.0156  memory: 6459  grad_norm: 199.8084  loss: 2.7102  loss_cls: 0.0259  loss_bbox: 0.0714  loss_iou: 0.3220  d0.loss_cls: 0.0367  d0.loss_bbox: 0.0959  d0.loss_iou: 0.4003  d1.loss_cls: 0.0318  d1.loss_bbox: 0.0807  d1.loss_iou: 0.3483  d2.loss_cls: 0.0285  d2.loss_bbox: 0.0763  d2.loss_iou: 0.3369  d3.loss_cls: 0.0276  d3.loss_bbox: 0.0744  d3.loss_iou: 0.3311  d4.loss_cls: 0.0251  d4.loss_bbox: 0.0725  d4.loss_iou: 0.3247
2026/03/27 22:45:51 - mmengine - INFO - Exp name: detr_r50_net_fish_sonar_80e_pretrained_20260327_222901
2026/03/27 22:45:51 - mmengine - INFO - Epoch(train) [40][38/38]  base_lr: 5.3105e-05 lr: 5.3105e-06  eta: 0:14:18  time: 0.5420  data_time: 0.0113  memory: 6459  grad_norm: 183.0868  loss: 2.7322  loss_cls: 0.0239  loss_bbox: 0.0723  loss_iou: 0.3215  d0.loss_cls: 0.0344  d0.loss_bbox: 0.0986  d0.loss_iou: 0.4073  d1.loss_cls: 0.0299  d1.loss_bbox: 0.0818  d1.loss_iou: 0.3598  d2.loss_cls: 0.0272  d2.loss_bbox: 0.0769  d2.loss_iou: 0.3391  d3.loss_cls: 0.0247  d3.loss_bbox: 0.0759  d3.loss_iou: 0.3359  d4.loss_cls: 0.0231  d4.loss_bbox: 0.0734  d4.loss_iou: 0.3266
2026/03/27 22:45:53 - mmengine - INFO - Epoch(val) [40][50/50]    eta: 0:00:00  time: 0.0407  data_time: 0.0101  memory: 950  
2026/03/27 22:45:53 - mmengine - INFO - Evaluating bbox...
2026/03/27 22:45:54 - mmengine - INFO - bbox_mAP_copypaste: 0.363 0.607 0.411 0.063 0.331 0.688
2026/03/27 22:45:54 - mmengine - INFO - Epoch(val) [40][50/50]    coco/bbox_mAP: 0.3630  coco/bbox_mAP_50: 0.6070  coco/bbox_mAP_75: 0.4110  coco/bbox_mAP_s: 0.0630  coco/bbox_mAP_m: 0.3310  coco/bbox_mAP_l: 0.6880  data_time: 0.0101  time: 0.0406
2026/03/27 22:46:15 - mmengine - INFO - Exp name: detr_r50_net_fish_sonar_80e_pretrained_20260327_222901
2026/03/27 22:46:15 - mmengine - INFO - Epoch(train) [41][38/38]  base_lr: 5.1803e-05 lr: 5.1803e-06  eta: 0:13:56  time: 0.5316  data_time: 0.0125  memory: 6459  grad_norm: 217.1828  loss: 2.6940  loss_cls: 0.0212  loss_bbox: 0.0706  loss_iou: 0.3217  d0.loss_cls: 0.0340  d0.loss_bbox: 0.0960  d0.loss_iou: 0.3998  d1.loss_cls: 0.0290  d1.loss_bbox: 0.0807  d1.loss_iou: 0.3542  d2.loss_cls: 0.0257  d2.loss_bbox: 0.0745  d2.loss_iou: 0.3388  d3.loss_cls: 0.0229  d3.loss_bbox: 0.0733  d3.loss_iou: 0.3328  d4.loss_cls: 0.0218  d4.loss_bbox: 0.0715  d4.loss_iou: 0.3253
2026/03/27 22:46:35 - mmengine - INFO - Exp name: detr_r50_net_fish_sonar_80e_pretrained_20260327_222901
2026/03/27 22:46:35 - mmengine - INFO - Epoch(train) [42][38/38]  base_lr: 5.0500e-05 lr: 5.0500e-06  eta: 0:13:33  time: 0.5199  data_time: 0.0142  memory: 6459  grad_norm: 207.8840  loss: 2.6199  loss_cls: 0.0243  loss_bbox: 0.0687  loss_iou: 0.3085  d0.loss_cls: 0.0344  d0.loss_bbox: 0.0938  d0.loss_iou: 0.3887  d1.loss_cls: 0.0307  d1.loss_bbox: 0.0792  d1.loss_iou: 0.3412  d2.loss_cls: 0.0276  d2.loss_bbox: 0.0728  d2.loss_iou: 0.3269  d3.loss_cls: 0.0253  d3.loss_bbox: 0.0714  d3.loss_iou: 0.3218  d4.loss_cls: 0.0248  d4.loss_bbox: 0.0690  d4.loss_iou: 0.3108
2026/03/27 22:46:37 - mmengine - INFO - Epoch(val) [42][50/50]    eta: 0:00:00  time: 0.0418  data_time: 0.0102  memory: 950  
2026/03/27 22:46:38 - mmengine - INFO - Evaluating bbox...
2026/03/27 22:46:39 - mmengine - INFO - bbox_mAP_copypaste: 0.354 0.606 0.394 0.038 0.328 0.668
2026/03/27 22:46:39 - mmengine - INFO - Epoch(val) [42][50/50]    coco/bbox_mAP: 0.3540  coco/bbox_mAP_50: 0.6060  coco/bbox_mAP_75: 0.3940  coco/bbox_mAP_s: 0.0380  coco/bbox_mAP_m: 0.3280  coco/bbox_mAP_l: 0.6680  data_time: 0.0102  time: 0.0418
2026/03/27 22:46:59 - mmengine - INFO - Exp name: detr_r50_net_fish_sonar_80e_pretrained_20260327_222901
2026/03/27 22:46:59 - mmengine - INFO - Epoch(train) [43][38/38]  base_lr: 4.9197e-05 lr: 4.9197e-06  eta: 0:13:11  time: 0.5237  data_time: 0.0143  memory: 6459  grad_norm: 178.4434  loss: 2.5806  loss_cls: 0.0230  loss_bbox: 0.0669  loss_iou: 0.3027  d0.loss_cls: 0.0342  d0.loss_bbox: 0.0939  d0.loss_iou: 0.3851  d1.loss_cls: 0.0301  d1.loss_bbox: 0.0778  d1.loss_iou: 0.3422  d2.loss_cls: 0.0264  d2.loss_bbox: 0.0719  d2.loss_iou: 0.3188  d3.loss_cls: 0.0242  d3.loss_bbox: 0.0700  d3.loss_iou: 0.3141  d4.loss_cls: 0.0234  d4.loss_bbox: 0.0680  d4.loss_iou: 0.3077
2026/03/27 22:47:20 - mmengine - INFO - Exp name: detr_r50_net_fish_sonar_80e_pretrained_20260327_222901
2026/03/27 22:47:20 - mmengine - INFO - Epoch(train) [44][38/38]  base_lr: 4.7895e-05 lr: 4.7895e-06  eta: 0:12:49  time: 0.5431  data_time: 0.0127  memory: 6459  grad_norm: 190.0489  loss: 2.5664  loss_cls: 0.0228  loss_bbox: 0.0671  loss_iou: 0.3019  d0.loss_cls: 0.0368  d0.loss_bbox: 0.0928  d0.loss_iou: 0.3806  d1.loss_cls: 0.0320  d1.loss_bbox: 0.0769  d1.loss_iou: 0.3335  d2.loss_cls: 0.0263  d2.loss_bbox: 0.0726  d2.loss_iou: 0.3220  d3.loss_cls: 0.0235  d3.loss_bbox: 0.0702  d3.loss_iou: 0.3141  d4.loss_cls: 0.0230  d4.loss_bbox: 0.0676  d4.loss_iou: 0.3025
2026/03/27 22:47:23 - mmengine - INFO - Epoch(val) [44][50/50]    eta: 0:00:00  time: 0.0427  data_time: 0.0108  memory: 950  
2026/03/27 22:47:23 - mmengine - INFO - Evaluating bbox...
2026/03/27 22:47:24 - mmengine - INFO - bbox_mAP_copypaste: 0.352 0.613 0.391 0.054 0.314 0.676
2026/03/27 22:47:24 - mmengine - INFO - Epoch(val) [44][50/50]    coco/bbox_mAP: 0.3520  coco/bbox_mAP_50: 0.6130  coco/bbox_mAP_75: 0.3910  coco/bbox_mAP_s: 0.0540  coco/bbox_mAP_m: 0.3140  coco/bbox_mAP_l: 0.6760  data_time: 0.0108  time: 0.0426
2026/03/27 22:47:45 - mmengine - INFO - Exp name: detr_r50_net_fish_sonar_80e_pretrained_20260327_222901
2026/03/27 22:47:45 - mmengine - INFO - Epoch(train) [45][38/38]  base_lr: 4.6592e-05 lr: 4.6592e-06  eta: 0:12:27  time: 0.5357  data_time: 0.0138  memory: 6459  grad_norm: 172.4465  loss: 2.5658  loss_cls: 0.0219  loss_bbox: 0.0677  loss_iou: 0.3041  d0.loss_cls: 0.0349  d0.loss_bbox: 0.0940  d0.loss_iou: 0.3858  d1.loss_cls: 0.0299  d1.loss_bbox: 0.0764  d1.loss_iou: 0.3311  d2.loss_cls: 0.0255  d2.loss_bbox: 0.0712  d2.loss_iou: 0.3178  d3.loss_cls: 0.0223  d3.loss_bbox: 0.0708  d3.loss_iou: 0.3165  d4.loss_cls: 0.0216  d4.loss_bbox: 0.0687  d4.loss_iou: 0.3055
2026/03/27 22:48:05 - mmengine - INFO - Exp name: detr_r50_net_fish_sonar_80e_pretrained_20260327_222901
2026/03/27 22:48:05 - mmengine - INFO - Epoch(train) [46][38/38]  base_lr: 4.5289e-05 lr: 4.5289e-06  eta: 0:12:05  time: 0.5326  data_time: 0.0130  memory: 6459  grad_norm: 196.1942  loss: 2.5446  loss_cls: 0.0209  loss_bbox: 0.0661  loss_iou: 0.3001  d0.loss_cls: 0.0347  d0.loss_bbox: 0.0919  d0.loss_iou: 0.3841  d1.loss_cls: 0.0299  d1.loss_bbox: 0.0746  d1.loss_iou: 0.3314  d2.loss_cls: 0.0242  d2.loss_bbox: 0.0707  d2.loss_iou: 0.3220  d3.loss_cls: 0.0213  d3.loss_bbox: 0.0692  d3.loss_iou: 0.3137  d4.loss_cls: 0.0218  d4.loss_bbox: 0.0665  d4.loss_iou: 0.3016
2026/03/27 22:48:07 - mmengine - INFO - Epoch(val) [46][50/50]    eta: 0:00:00  time: 0.0396  data_time: 0.0094  memory: 950  
2026/03/27 22:48:08 - mmengine - INFO - Evaluating bbox...
2026/03/27 22:48:09 - mmengine - INFO - bbox_mAP_copypaste: 0.357 0.637 0.374 0.045 0.293 0.696
2026/03/27 22:48:09 - mmengine - INFO - Epoch(val) [46][50/50]    coco/bbox_mAP: 0.3570  coco/bbox_mAP_50: 0.6370  coco/bbox_mAP_75: 0.3740  coco/bbox_mAP_s: 0.0450  coco/bbox_mAP_m: 0.2930  coco/bbox_mAP_l: 0.6960  data_time: 0.0093  time: 0.0396
2026/03/27 22:48:29 - mmengine - INFO - Exp name: detr_r50_net_fish_sonar_80e_pretrained_20260327_222901
2026/03/27 22:48:29 - mmengine - INFO - Epoch(train) [47][38/38]  base_lr: 4.3987e-05 lr: 4.3987e-06  eta: 0:11:43  time: 0.5210  data_time: 0.0130  memory: 6459  grad_norm: 207.1229  loss: 2.4635  loss_cls: 0.0205  loss_bbox: 0.0644  loss_iou: 0.2888  d0.loss_cls: 0.0328  d0.loss_bbox: 0.0897  d0.loss_iou: 0.3718  d1.loss_cls: 0.0285  d1.loss_bbox: 0.0736  d1.loss_iou: 0.3208  d2.loss_cls: 0.0244  d2.loss_bbox: 0.0692  d2.loss_iou: 0.3065  d3.loss_cls: 0.0226  d3.loss_bbox: 0.0679  d3.loss_iou: 0.3029  d4.loss_cls: 0.0209  d4.loss_bbox: 0.0656  d4.loss_iou: 0.2928
2026/03/27 22:48:50 - mmengine - INFO - Exp name: detr_r50_net_fish_sonar_80e_pretrained_20260327_222901
2026/03/27 22:48:50 - mmengine - INFO - Epoch(train) [48][38/38]  base_lr: 4.2684e-05 lr: 4.2684e-06  eta: 0:11:21  time: 0.5240  data_time: 0.0123  memory: 6459  grad_norm: 179.8671  loss: 2.4586  loss_cls: 0.0209  loss_bbox: 0.0637  loss_iou: 0.2885  d0.loss_cls: 0.0332  d0.loss_bbox: 0.0893  d0.loss_iou: 0.3734  d1.loss_cls: 0.0284  d1.loss_bbox: 0.0737  d1.loss_iou: 0.3196  d2.loss_cls: 0.0245  d2.loss_bbox: 0.0685  d2.loss_iou: 0.3051  d3.loss_cls: 0.0210  d3.loss_bbox: 0.0670  d3.loss_iou: 0.3036  d4.loss_cls: 0.0213  d4.loss_bbox: 0.0649  d4.loss_iou: 0.2921
2026/03/27 22:48:52 - mmengine - INFO - Epoch(val) [48][50/50]    eta: 0:00:00  time: 0.0399  data_time: 0.0098  memory: 950  
2026/03/27 22:48:52 - mmengine - INFO - Evaluating bbox...
2026/03/27 22:48:53 - mmengine - INFO - bbox_mAP_copypaste: 0.354 0.587 0.407 0.029 0.334 0.672
2026/03/27 22:48:53 - mmengine - INFO - Epoch(val) [48][50/50]    coco/bbox_mAP: 0.3540  coco/bbox_mAP_50: 0.5870  coco/bbox_mAP_75: 0.4070  coco/bbox_mAP_s: 0.0290  coco/bbox_mAP_m: 0.3340  coco/bbox_mAP_l: 0.6720  data_time: 0.0098  time: 0.0398
2026/03/27 22:49:13 - mmengine - INFO - Exp name: detr_r50_net_fish_sonar_80e_pretrained_20260327_222901
2026/03/27 22:49:13 - mmengine - INFO - Epoch(train) [49][38/38]  base_lr: 4.1382e-05 lr: 4.1382e-06  eta: 0:10:59  time: 0.5164  data_time: 0.0118  memory: 6459  grad_norm: 194.5814  loss: 2.4650  loss_cls: 0.0206  loss_bbox: 0.0634  loss_iou: 0.2856  d0.loss_cls: 0.0353  d0.loss_bbox: 0.0896  d0.loss_iou: 0.3759  d1.loss_cls: 0.0303  d1.loss_bbox: 0.0735  d1.loss_iou: 0.3188  d2.loss_cls: 0.0254  d2.loss_bbox: 0.0686  d2.loss_iou: 0.3096  d3.loss_cls: 0.0210  d3.loss_bbox: 0.0672  d3.loss_iou: 0.3034  d4.loss_cls: 0.0207  d4.loss_bbox: 0.0644  d4.loss_iou: 0.2917
2026/03/27 22:49:34 - mmengine - INFO - Exp name: detr_r50_net_fish_sonar_80e_pretrained_20260327_222901
2026/03/27 22:49:34 - mmengine - INFO - Epoch(train) [50][38/38]  base_lr: 4.0079e-05 lr: 4.0079e-06  eta: 0:10:37  time: 0.5199  data_time: 0.0082  memory: 6459  grad_norm: 186.3412  loss: 2.5020  loss_cls: 0.0207  loss_bbox: 0.0649  loss_iou: 0.2965  d0.loss_cls: 0.0351  d0.loss_bbox: 0.0894  d0.loss_iou: 0.3770  d1.loss_cls: 0.0307  d1.loss_bbox: 0.0737  d1.loss_iou: 0.3229  d2.loss_cls: 0.0259  d2.loss_bbox: 0.0686  d2.loss_iou: 0.3099  d3.loss_cls: 0.0215  d3.loss_bbox: 0.0678  d3.loss_iou: 0.3108  d4.loss_cls: 0.0209  d4.loss_bbox: 0.0656  d4.loss_iou: 0.3001
2026/03/27 22:49:36 - mmengine - INFO - Epoch(val) [50][50/50]    eta: 0:00:00  time: 0.0403  data_time: 0.0102  memory: 950  
2026/03/27 22:49:36 - mmengine - INFO - Evaluating bbox...
2026/03/27 22:49:37 - mmengine - INFO - bbox_mAP_copypaste: 0.358 0.603 0.395 0.028 0.326 0.687
2026/03/27 22:49:37 - mmengine - INFO - Epoch(val) [50][50/50]    coco/bbox_mAP: 0.3580  coco/bbox_mAP_50: 0.6030  coco/bbox_mAP_75: 0.3950  coco/bbox_mAP_s: 0.0280  coco/bbox_mAP_m: 0.3260  coco/bbox_mAP_l: 0.6870  data_time: 0.0101  time: 0.0403
2026/03/27 22:49:57 - mmengine - INFO - Exp name: detr_r50_net_fish_sonar_80e_pretrained_20260327_222901
2026/03/27 22:49:57 - mmengine - INFO - Epoch(train) [51][38/38]  base_lr: 3.8776e-05 lr: 3.8776e-06  eta: 0:10:15  time: 0.5225  data_time: 0.0146  memory: 6459  grad_norm: 192.9484  loss: 2.4148  loss_cls: 0.0200  loss_bbox: 0.0630  loss_iou: 0.2824  d0.loss_cls: 0.0336  d0.loss_bbox: 0.0865  d0.loss_iou: 0.3606  d1.loss_cls: 0.0307  d1.loss_bbox: 0.0721  d1.loss_iou: 0.3152  d2.loss_cls: 0.0251  d2.loss_bbox: 0.0667  d2.loss_iou: 0.3033  d3.loss_cls: 0.0210  d3.loss_bbox: 0.0657  d3.loss_iou: 0.2989  d4.loss_cls: 0.0202  d4.loss_bbox: 0.0635  d4.loss_iou: 0.2863
2026/03/27 22:50:18 - mmengine - INFO - Exp name: detr_r50_net_fish_sonar_80e_pretrained_20260327_222901
2026/03/27 22:50:18 - mmengine - INFO - Epoch(train) [52][38/38]  base_lr: 3.7474e-05 lr: 3.7474e-06  eta: 0:09:54  time: 0.5332  data_time: 0.0105  memory: 6459  grad_norm: 191.3587  loss: 2.4696  loss_cls: 0.0206  loss_bbox: 0.0646  loss_iou: 0.2891  d0.loss_cls: 0.0356  d0.loss_bbox: 0.0877  d0.loss_iou: 0.3742  d1.loss_cls: 0.0315  d1.loss_bbox: 0.0736  d1.loss_iou: 0.3217  d2.loss_cls: 0.0263  d2.loss_bbox: 0.0689  d2.loss_iou: 0.3081  d3.loss_cls: 0.0216  d3.loss_bbox: 0.0679  d3.loss_iou: 0.3005  d4.loss_cls: 0.0203  d4.loss_bbox: 0.0656  d4.loss_iou: 0.2922
2026/03/27 22:50:20 - mmengine - INFO - Epoch(val) [52][50/50]    eta: 0:00:00  time: 0.0401  data_time: 0.0097  memory: 950  
2026/03/27 22:50:21 - mmengine - INFO - Evaluating bbox...
2026/03/27 22:50:22 - mmengine - INFO - bbox_mAP_copypaste: 0.365 0.596 0.413 0.035 0.343 0.690
2026/03/27 22:50:22 - mmengine - INFO - Epoch(val) [52][50/50]    coco/bbox_mAP: 0.3650  coco/bbox_mAP_50: 0.5960  coco/bbox_mAP_75: 0.4130  coco/bbox_mAP_s: 0.0350  coco/bbox_mAP_m: 0.3430  coco/bbox_mAP_l: 0.6900  data_time: 0.0097  time: 0.0400
2026/03/27 22:50:35 - mmengine - INFO - Exp name: detr_r50_net_fish_sonar_80e_pretrained_20260327_222901
2026/03/27 22:50:42 - mmengine - INFO - Exp name: detr_r50_net_fish_sonar_80e_pretrained_20260327_222901
2026/03/27 22:50:42 - mmengine - INFO - Epoch(train) [53][38/38]  base_lr: 3.6171e-05 lr: 3.6171e-06  eta: 0:09:32  time: 0.5264  data_time: 0.0111  memory: 6459  grad_norm: 197.0598  loss: 2.3634  loss_cls: 0.0181  loss_bbox: 0.0613  loss_iou: 0.2772  d0.loss_cls: 0.0316  d0.loss_bbox: 0.0859  d0.loss_iou: 0.3613  d1.loss_cls: 0.0275  d1.loss_bbox: 0.0708  d1.loss_iou: 0.3086  d2.loss_cls: 0.0216  d2.loss_bbox: 0.0663  d2.loss_iou: 0.2985  d3.loss_cls: 0.0185  d3.loss_bbox: 0.0649  d3.loss_iou: 0.2894  d4.loss_cls: 0.0185  d4.loss_bbox: 0.0621  d4.loss_iou: 0.2811
2026/03/27 22:51:02 - mmengine - INFO - Exp name: detr_r50_net_fish_sonar_80e_pretrained_20260327_222901
2026/03/27 22:51:02 - mmengine - INFO - Epoch(train) [54][38/38]  base_lr: 3.4868e-05 lr: 3.4868e-06  eta: 0:09:10  time: 0.5106  data_time: 0.0116  memory: 6459  grad_norm: inf  loss: 2.3529  loss_cls: 0.0196  loss_bbox: 0.0607  loss_iou: 0.2765  d0.loss_cls: 0.0331  d0.loss_bbox: 0.0855  d0.loss_iou: 0.3572  d1.loss_cls: 0.0283  d1.loss_bbox: 0.0696  d1.loss_iou: 0.3056  d2.loss_cls: 0.0230  d2.loss_bbox: 0.0654  d2.loss_iou: 0.2952  d3.loss_cls: 0.0203  d3.loss_bbox: 0.0639  d3.loss_iou: 0.2890  d4.loss_cls: 0.0194  d4.loss_bbox: 0.0614  d4.loss_iou: 0.2792
2026/03/27 22:51:04 - mmengine - INFO - Epoch(val) [54][50/50]    eta: 0:00:00  time: 0.0385  data_time: 0.0094  memory: 950  
2026/03/27 22:51:04 - mmengine - INFO - Evaluating bbox...
2026/03/27 22:51:05 - mmengine - INFO - bbox_mAP_copypaste: 0.358 0.633 0.386 0.050 0.315 0.673
2026/03/27 22:51:05 - mmengine - INFO - Epoch(val) [54][50/50]    coco/bbox_mAP: 0.3580  coco/bbox_mAP_50: 0.6330  coco/bbox_mAP_75: 0.3860  coco/bbox_mAP_s: 0.0500  coco/bbox_mAP_m: 0.3150  coco/bbox_mAP_l: 0.6730  data_time: 0.0094  time: 0.0384
2026/03/27 22:51:26 - mmengine - INFO - Exp name: detr_r50_net_fish_sonar_80e_pretrained_20260327_222901
2026/03/27 22:51:26 - mmengine - INFO - Epoch(train) [55][38/38]  base_lr: 3.3566e-05 lr: 3.3566e-06  eta: 0:08:49  time: 0.5261  data_time: 0.0079  memory: 6459  grad_norm: inf  loss: 2.3323  loss_cls: 0.0195  loss_bbox: 0.0607  loss_iou: 0.2719  d0.loss_cls: 0.0333  d0.loss_bbox: 0.0851  d0.loss_iou: 0.3537  d1.loss_cls: 0.0275  d1.loss_bbox: 0.0702  d1.loss_iou: 0.3059  d2.loss_cls: 0.0235  d2.loss_bbox: 0.0653  d2.loss_iou: 0.2915  d3.loss_cls: 0.0201  d3.loss_bbox: 0.0640  d3.loss_iou: 0.2850  d4.loss_cls: 0.0196  d4.loss_bbox: 0.0615  d4.loss_iou: 0.2739
2026/03/27 22:51:46 - mmengine - INFO - Exp name: detr_r50_net_fish_sonar_80e_pretrained_20260327_222901
2026/03/27 22:51:46 - mmengine - INFO - Epoch(train) [56][38/38]  base_lr: 3.2263e-05 lr: 3.2263e-06  eta: 0:08:27  time: 0.5212  data_time: 0.0099  memory: 6459  grad_norm: 196.3315  loss: 2.3529  loss_cls: 0.0193  loss_bbox: 0.0603  loss_iou: 0.2764  d0.loss_cls: 0.0352  d0.loss_bbox: 0.0849  d0.loss_iou: 0.3512  d1.loss_cls: 0.0284  d1.loss_bbox: 0.0703  d1.loss_iou: 0.3098  d2.loss_cls: 0.0231  d2.loss_bbox: 0.0646  d2.loss_iou: 0.2954  d3.loss_cls: 0.0202  d3.loss_bbox: 0.0633  d3.loss_iou: 0.2903  d4.loss_cls: 0.0196  d4.loss_bbox: 0.0609  d4.loss_iou: 0.2797
2026/03/27 22:51:48 - mmengine - INFO - Epoch(val) [56][50/50]    eta: 0:00:00  time: 0.0402  data_time: 0.0098  memory: 950  
2026/03/27 22:51:48 - mmengine - INFO - Evaluating bbox...
2026/03/27 22:51:49 - mmengine - INFO - bbox_mAP_copypaste: 0.366 0.632 0.417 0.042 0.340 0.686
2026/03/27 22:51:50 - mmengine - INFO - Epoch(val) [56][50/50]    coco/bbox_mAP: 0.3660  coco/bbox_mAP_50: 0.6320  coco/bbox_mAP_75: 0.4170  coco/bbox_mAP_s: 0.0420  coco/bbox_mAP_m: 0.3400  coco/bbox_mAP_l: 0.6860  data_time: 0.0098  time: 0.0401
2026/03/27 22:52:10 - mmengine - INFO - Exp name: detr_r50_net_fish_sonar_80e_pretrained_20260327_222901
2026/03/27 22:52:10 - mmengine - INFO - Epoch(train) [57][38/38]  base_lr: 3.0961e-05 lr: 3.0961e-06  eta: 0:08:06  time: 0.5140  data_time: 0.0076  memory: 6459  grad_norm: 194.1277  loss: 2.3341  loss_cls: 0.0193  loss_bbox: 0.0591  loss_iou: 0.2709  d0.loss_cls: 0.0339  d0.loss_bbox: 0.0847  d0.loss_iou: 0.3584  d1.loss_cls: 0.0283  d1.loss_bbox: 0.0698  d1.loss_iou: 0.3086  d2.loss_cls: 0.0232  d2.loss_bbox: 0.0636  d2.loss_iou: 0.2903  d3.loss_cls: 0.0211  d3.loss_bbox: 0.0624  d3.loss_iou: 0.2856  d4.loss_cls: 0.0201  d4.loss_bbox: 0.0600  d4.loss_iou: 0.2747
2026/03/27 22:52:29 - mmengine - INFO - Exp name: detr_r50_net_fish_sonar_80e_pretrained_20260327_222901
2026/03/27 22:52:29 - mmengine - INFO - Epoch(train) [58][38/38]  base_lr: 2.9658e-05 lr: 2.9658e-06  eta: 0:07:44  time: 0.5149  data_time: 0.0089  memory: 6459  grad_norm: 178.4081  loss: 2.2834  loss_cls: 0.0176  loss_bbox: 0.0590  loss_iou: 0.2661  d0.loss_cls: 0.0322  d0.loss_bbox: 0.0853  d0.loss_iou: 0.3485  d1.loss_cls: 0.0268  d1.loss_bbox: 0.0701  d1.loss_iou: 0.3039  d2.loss_cls: 0.0228  d2.loss_bbox: 0.0637  d2.loss_iou: 0.2829  d3.loss_cls: 0.0187  d3.loss_bbox: 0.0618  d3.loss_iou: 0.2792  d4.loss_cls: 0.0179  d4.loss_bbox: 0.0597  d4.loss_iou: 0.2671
2026/03/27 22:52:31 - mmengine - INFO - Epoch(val) [58][50/50]    eta: 0:00:00  time: 0.0409  data_time: 0.0106  memory: 950  
2026/03/27 22:52:32 - mmengine - INFO - Evaluating bbox...
2026/03/27 22:52:33 - mmengine - INFO - bbox_mAP_copypaste: 0.368 0.622 0.412 0.042 0.342 0.686
2026/03/27 22:52:33 - mmengine - INFO - Epoch(val) [58][50/50]    coco/bbox_mAP: 0.3680  coco/bbox_mAP_50: 0.6220  coco/bbox_mAP_75: 0.4120  coco/bbox_mAP_s: 0.0420  coco/bbox_mAP_m: 0.3420  coco/bbox_mAP_l: 0.6860  data_time: 0.0106  time: 0.0408
2026/03/27 22:52:53 - mmengine - INFO - Exp name: detr_r50_net_fish_sonar_80e_pretrained_20260327_222901
2026/03/27 22:52:53 - mmengine - INFO - Epoch(train) [59][38/38]  base_lr: 2.8355e-05 lr: 2.8355e-06  eta: 0:07:23  time: 0.5181  data_time: 0.0138  memory: 6459  grad_norm: 174.5758  loss: 2.3815  loss_cls: 0.0203  loss_bbox: 0.0605  loss_iou: 0.2816  d0.loss_cls: 0.0335  d0.loss_bbox: 0.0861  d0.loss_iou: 0.3614  d1.loss_cls: 0.0290  d1.loss_bbox: 0.0696  d1.loss_iou: 0.3106  d2.loss_cls: 0.0253  d2.loss_bbox: 0.0643  d2.loss_iou: 0.2968  d3.loss_cls: 0.0218  d3.loss_bbox: 0.0634  d3.loss_iou: 0.2938  d4.loss_cls: 0.0207  d4.loss_bbox: 0.0609  d4.loss_iou: 0.2820
2026/03/27 22:53:13 - mmengine - INFO - Exp name: detr_r50_net_fish_sonar_80e_pretrained_20260327_222901
2026/03/27 22:53:13 - mmengine - INFO - Epoch(train) [60][38/38]  base_lr: 2.7053e-05 lr: 2.7053e-06  eta: 0:07:01  time: 0.5065  data_time: 0.0090  memory: 6459  grad_norm: 172.9968  loss: 2.3328  loss_cls: 0.0197  loss_bbox: 0.0587  loss_iou: 0.2722  d0.loss_cls: 0.0326  d0.loss_bbox: 0.0848  d0.loss_iou: 0.3567  d1.loss_cls: 0.0281  d1.loss_bbox: 0.0697  d1.loss_iou: 0.3090  d2.loss_cls: 0.0250  d2.loss_bbox: 0.0631  d2.loss_iou: 0.2878  d3.loss_cls: 0.0207  d3.loss_bbox: 0.0625  d3.loss_iou: 0.2874  d4.loss_cls: 0.0200  d4.loss_bbox: 0.0595  d4.loss_iou: 0.2752
2026/03/27 22:53:15 - mmengine - INFO - Epoch(val) [60][50/50]    eta: 0:00:00  time: 0.0398  data_time: 0.0099  memory: 950  
2026/03/27 22:53:15 - mmengine - INFO - Evaluating bbox...
2026/03/27 22:53:16 - mmengine - INFO - bbox_mAP_copypaste: 0.370 0.627 0.418 0.057 0.344 0.686
2026/03/27 22:53:16 - mmengine - INFO - Epoch(val) [60][50/50]    coco/bbox_mAP: 0.3700  coco/bbox_mAP_50: 0.6270  coco/bbox_mAP_75: 0.4180  coco/bbox_mAP_s: 0.0570  coco/bbox_mAP_m: 0.3440  coco/bbox_mAP_l: 0.6860  data_time: 0.0099  time: 0.0398
2026/03/27 22:53:36 - mmengine - INFO - Exp name: detr_r50_net_fish_sonar_80e_pretrained_20260327_222901
2026/03/27 22:53:36 - mmengine - INFO - Epoch(train) [61][38/38]  base_lr: 2.5750e-05 lr: 2.5750e-06  eta: 0:06:40  time: 0.5171  data_time: 0.0115  memory: 6459  grad_norm: 160.7421  loss: 2.2801  loss_cls: 0.0176  loss_bbox: 0.0584  loss_iou: 0.2645  d0.loss_cls: 0.0322  d0.loss_bbox: 0.0840  d0.loss_iou: 0.3522  d1.loss_cls: 0.0275  d1.loss_bbox: 0.0683  d1.loss_iou: 0.2998  d2.loss_cls: 0.0228  d2.loss_bbox: 0.0622  d2.loss_iou: 0.2834  d3.loss_cls: 0.0190  d3.loss_bbox: 0.0614  d3.loss_iou: 0.2801  d4.loss_cls: 0.0179  d4.loss_bbox: 0.0593  d4.loss_iou: 0.2696
2026/03/27 22:53:56 - mmengine - INFO - Exp name: detr_r50_net_fish_sonar_80e_pretrained_20260327_222901
2026/03/27 22:53:56 - mmengine - INFO - Epoch(train) [62][38/38]  base_lr: 2.4447e-05 lr: 2.4447e-06  eta: 0:06:18  time: 0.5118  data_time: 0.0117  memory: 6459  grad_norm: 183.9540  loss: 2.1816  loss_cls: 0.0144  loss_bbox: 0.0562  loss_iou: 0.2543  d0.loss_cls: 0.0314  d0.loss_bbox: 0.0818  d0.loss_iou: 0.3357  d1.loss_cls: 0.0240  d1.loss_bbox: 0.0657  d1.loss_iou: 0.2887  d2.loss_cls: 0.0187  d2.loss_bbox: 0.0605  d2.loss_iou: 0.2736  d3.loss_cls: 0.0155  d3.loss_bbox: 0.0598  d3.loss_iou: 0.2700  d4.loss_cls: 0.0145  d4.loss_bbox: 0.0573  d4.loss_iou: 0.2596
2026/03/27 22:53:58 - mmengine - INFO - Epoch(val) [62][50/50]    eta: 0:00:00  time: 0.0400  data_time: 0.0099  memory: 950  
2026/03/27 22:53:59 - mmengine - INFO - Evaluating bbox...
2026/03/27 22:54:00 - mmengine - INFO - bbox_mAP_copypaste: 0.359 0.639 0.381 0.057 0.301 0.687
2026/03/27 22:54:00 - mmengine - INFO - Epoch(val) [62][50/50]    coco/bbox_mAP: 0.3590  coco/bbox_mAP_50: 0.6390  coco/bbox_mAP_75: 0.3810  coco/bbox_mAP_s: 0.0570  coco/bbox_mAP_m: 0.3010  coco/bbox_mAP_l: 0.6870  data_time: 0.0098  time: 0.0399
2026/03/27 22:54:20 - mmengine - INFO - Exp name: detr_r50_net_fish_sonar_80e_pretrained_20260327_222901
2026/03/27 22:54:20 - mmengine - INFO - Epoch(train) [63][38/38]  base_lr: 2.3145e-05 lr: 2.3145e-06  eta: 0:05:57  time: 0.5146  data_time: 0.0088  memory: 6459  grad_norm: 175.1386  loss: 2.2041  loss_cls: 0.0157  loss_bbox: 0.0562  loss_iou: 0.2552  d0.loss_cls: 0.0316  d0.loss_bbox: 0.0827  d0.loss_iou: 0.3459  d1.loss_cls: 0.0245  d1.loss_bbox: 0.0669  d1.loss_iou: 0.2940  d2.loss_cls: 0.0208  d2.loss_bbox: 0.0609  d2.loss_iou: 0.2707  d3.loss_cls: 0.0168  d3.loss_bbox: 0.0599  d3.loss_iou: 0.2699  d4.loss_cls: 0.0148  d4.loss_bbox: 0.0572  d4.loss_iou: 0.2603
2026/03/27 22:54:40 - mmengine - INFO - Exp name: detr_r50_net_fish_sonar_80e_pretrained_20260327_222901
2026/03/27 22:54:40 - mmengine - INFO - Epoch(train) [64][38/38]  base_lr: 2.1842e-05 lr: 2.1842e-06  eta: 0:05:36  time: 0.5134  data_time: 0.0116  memory: 6459  grad_norm: 175.6384  loss: 2.1759  loss_cls: 0.0159  loss_bbox: 0.0569  loss_iou: 0.2523  d0.loss_cls: 0.0289  d0.loss_bbox: 0.0832  d0.loss_iou: 0.3401  d1.loss_cls: 0.0236  d1.loss_bbox: 0.0659  d1.loss_iou: 0.2873  d2.loss_cls: 0.0196  d2.loss_bbox: 0.0617  d2.loss_iou: 0.2706  d3.loss_cls: 0.0171  d3.loss_bbox: 0.0602  d3.loss_iou: 0.2642  d4.loss_cls: 0.0148  d4.loss_bbox: 0.0578  d4.loss_iou: 0.2557
2026/03/27 22:54:42 - mmengine - INFO - Epoch(val) [64][50/50]    eta: 0:00:00  time: 0.0393  data_time: 0.0093  memory: 950  
2026/03/27 22:54:42 - mmengine - INFO - Evaluating bbox...
2026/03/27 22:54:43 - mmengine - INFO - bbox_mAP_copypaste: 0.363 0.642 0.399 0.038 0.331 0.679
2026/03/27 22:54:43 - mmengine - INFO - Epoch(val) [64][50/50]    coco/bbox_mAP: 0.3630  coco/bbox_mAP_50: 0.6420  coco/bbox_mAP_75: 0.3990  coco/bbox_mAP_s: 0.0380  coco/bbox_mAP_m: 0.3310  coco/bbox_mAP_l: 0.6790  data_time: 0.0093  time: 0.0393
2026/03/27 22:55:04 - mmengine - INFO - Exp name: detr_r50_net_fish_sonar_80e_pretrained_20260327_222901
2026/03/27 22:55:04 - mmengine - INFO - Epoch(train) [65][38/38]  base_lr: 2.0539e-05 lr: 2.0539e-06  eta: 0:05:15  time: 0.5250  data_time: 0.0082  memory: 6459  grad_norm: 190.9059  loss: 2.2297  loss_cls: 0.0170  loss_bbox: 0.0568  loss_iou: 0.2622  d0.loss_cls: 0.0313  d0.loss_bbox: 0.0821  d0.loss_iou: 0.3460  d1.loss_cls: 0.0253  d1.loss_bbox: 0.0658  d1.loss_iou: 0.2942  d2.loss_cls: 0.0218  d2.loss_bbox: 0.0606  d2.loss_iou: 0.2774  d3.loss_cls: 0.0180  d3.loss_bbox: 0.0599  d3.loss_iou: 0.2720  d4.loss_cls: 0.0172  d4.loss_bbox: 0.0576  d4.loss_iou: 0.2647
2026/03/27 22:55:24 - mmengine - INFO - Exp name: detr_r50_net_fish_sonar_80e_pretrained_20260327_222901
2026/03/27 22:55:24 - mmengine - INFO - Epoch(train) [66][38/38]  base_lr: 1.9237e-05 lr: 1.9237e-06  eta: 0:04:53  time: 0.5241  data_time: 0.0129  memory: 6459  grad_norm: 196.3989  loss: 2.1867  loss_cls: 0.0151  loss_bbox: 0.0564  loss_iou: 0.2548  d0.loss_cls: 0.0297  d0.loss_bbox: 0.0825  d0.loss_iou: 0.3396  d1.loss_cls: 0.0249  d1.loss_bbox: 0.0670  d1.loss_iou: 0.2895  d2.loss_cls: 0.0203  d2.loss_bbox: 0.0614  d2.loss_iou: 0.2757  d3.loss_cls: 0.0162  d3.loss_bbox: 0.0593  d3.loss_iou: 0.2657  d4.loss_cls: 0.0154  d4.loss_bbox: 0.0569  d4.loss_iou: 0.2564
2026/03/27 22:55:26 - mmengine - INFO - Epoch(val) [66][50/50]    eta: 0:00:00  time: 0.0427  data_time: 0.0127  memory: 950  
2026/03/27 22:55:26 - mmengine - INFO - Evaluating bbox...
2026/03/27 22:55:28 - mmengine - INFO - bbox_mAP_copypaste: 0.360 0.619 0.404 0.036 0.337 0.666
2026/03/27 22:55:28 - mmengine - INFO - Epoch(val) [66][50/50]    coco/bbox_mAP: 0.3600  coco/bbox_mAP_50: 0.6190  coco/bbox_mAP_75: 0.4040  coco/bbox_mAP_s: 0.0360  coco/bbox_mAP_m: 0.3370  coco/bbox_mAP_l: 0.6660  data_time: 0.0126  time: 0.0426
2026/03/27 22:55:49 - mmengine - INFO - Exp name: detr_r50_net_fish_sonar_80e_pretrained_20260327_222901
2026/03/27 22:55:49 - mmengine - INFO - Epoch(train) [67][38/38]  base_lr: 1.7934e-05 lr: 1.7934e-06  eta: 0:04:32  time: 0.5363  data_time: 0.0098  memory: 6459  grad_norm: 157.6598  loss: 2.2190  loss_cls: 0.0170  loss_bbox: 0.0562  loss_iou: 0.2578  d0.loss_cls: 0.0312  d0.loss_bbox: 0.0823  d0.loss_iou: 0.3467  d1.loss_cls: 0.0261  d1.loss_bbox: 0.0666  d1.loss_iou: 0.2946  d2.loss_cls: 0.0221  d2.loss_bbox: 0.0612  d2.loss_iou: 0.2790  d3.loss_cls: 0.0187  d3.loss_bbox: 0.0590  d3.loss_iou: 0.2695  d4.loss_cls: 0.0187  d4.loss_bbox: 0.0563  d4.loss_iou: 0.2561
2026/03/27 22:56:11 - mmengine - INFO - Exp name: detr_r50_net_fish_sonar_80e_pretrained_20260327_222901
2026/03/27 22:56:11 - mmengine - INFO - Epoch(train) [68][38/38]  base_lr: 1.6632e-05 lr: 1.6632e-06  eta: 0:04:12  time: 0.5795  data_time: 0.0115  memory: 6459  grad_norm: 148.2505  loss: 2.0957  loss_cls: 0.0157  loss_bbox: 0.0541  loss_iou: 0.2406  d0.loss_cls: 0.0283  d0.loss_bbox: 0.0791  d0.loss_iou: 0.3321  d1.loss_cls: 0.0241  d1.loss_bbox: 0.0639  d1.loss_iou: 0.2755  d2.loss_cls: 0.0200  d2.loss_bbox: 0.0587  d2.loss_iou: 0.2628  d3.loss_cls: 0.0166  d3.loss_bbox: 0.0574  d3.loss_iou: 0.2547  d4.loss_cls: 0.0161  d4.loss_bbox: 0.0545  d4.loss_iou: 0.2416
2026/03/27 22:56:13 - mmengine - INFO - Epoch(val) [68][50/50]    eta: 0:00:00  time: 0.0409  data_time: 0.0109  memory: 950  
2026/03/27 22:56:14 - mmengine - INFO - Evaluating bbox...
2026/03/27 22:56:15 - mmengine - INFO - bbox_mAP_copypaste: 0.365 0.638 0.414 0.037 0.339 0.682
2026/03/27 22:56:15 - mmengine - INFO - Epoch(val) [68][50/50]    coco/bbox_mAP: 0.3650  coco/bbox_mAP_50: 0.6380  coco/bbox_mAP_75: 0.4140  coco/bbox_mAP_s: 0.0370  coco/bbox_mAP_m: 0.3390  coco/bbox_mAP_l: 0.6820  data_time: 0.0108  time: 0.0408
2026/03/27 22:56:38 - mmengine - INFO - Exp name: detr_r50_net_fish_sonar_80e_pretrained_20260327_222901
2026/03/27 22:56:38 - mmengine - INFO - Epoch(train) [69][38/38]  base_lr: 1.5329e-05 lr: 1.5329e-06  eta: 0:03:51  time: 0.5916  data_time: 0.0115  memory: 6459  grad_norm: 146.9927  loss: 2.1289  loss_cls: 0.0159  loss_bbox: 0.0536  loss_iou: 0.2460  d0.loss_cls: 0.0288  d0.loss_bbox: 0.0797  d0.loss_iou: 0.3374  d1.loss_cls: 0.0241  d1.loss_bbox: 0.0635  d1.loss_iou: 0.2817  d2.loss_cls: 0.0203  d2.loss_bbox: 0.0584  d2.loss_iou: 0.2661  d3.loss_cls: 0.0172  d3.loss_bbox: 0.0572  d3.loss_iou: 0.2589  d4.loss_cls: 0.0165  d4.loss_bbox: 0.0546  d4.loss_iou: 0.2489
2026/03/27 22:57:01 - mmengine - INFO - Exp name: detr_r50_net_fish_sonar_80e_pretrained_20260327_222901
2026/03/27 22:57:01 - mmengine - INFO - Epoch(train) [70][38/38]  base_lr: 1.4026e-05 lr: 1.4026e-06  eta: 0:03:30  time: 0.5873  data_time: 0.0116  memory: 6459  grad_norm: 146.5400  loss: 2.1181  loss_cls: 0.0178  loss_bbox: 0.0533  loss_iou: 0.2410  d0.loss_cls: 0.0314  d0.loss_bbox: 0.0790  d0.loss_iou: 0.3337  d1.loss_cls: 0.0260  d1.loss_bbox: 0.0636  d1.loss_iou: 0.2773  d2.loss_cls: 0.0210  d2.loss_bbox: 0.0584  d2.loss_iou: 0.2658  d3.loss_cls: 0.0177  d3.loss_bbox: 0.0566  d3.loss_iou: 0.2570  d4.loss_cls: 0.0172  d4.loss_bbox: 0.0543  d4.loss_iou: 0.2472
2026/03/27 22:57:03 - mmengine - INFO - Epoch(val) [70][50/50]    eta: 0:00:00  time: 0.0404  data_time: 0.0107  memory: 950  
2026/03/27 22:57:04 - mmengine - INFO - Evaluating bbox...
2026/03/27 22:57:05 - mmengine - INFO - bbox_mAP_copypaste: 0.370 0.637 0.403 0.054 0.332 0.692
2026/03/27 22:57:05 - mmengine - INFO - Epoch(val) [70][50/50]    coco/bbox_mAP: 0.3700  coco/bbox_mAP_50: 0.6370  coco/bbox_mAP_75: 0.4030  coco/bbox_mAP_s: 0.0540  coco/bbox_mAP_m: 0.3320  coco/bbox_mAP_l: 0.6920  data_time: 0.0107  time: 0.0404
2026/03/27 22:57:28 - mmengine - INFO - Exp name: detr_r50_net_fish_sonar_80e_pretrained_20260327_222901
2026/03/27 22:57:28 - mmengine - INFO - Epoch(train) [71][38/38]  base_lr: 1.2724e-05 lr: 1.2724e-06  eta: 0:03:09  time: 0.5887  data_time: 0.0125  memory: 6459  grad_norm: 151.4757  loss: 2.0977  loss_cls: 0.0169  loss_bbox: 0.0528  loss_iou: 0.2379  d0.loss_cls: 0.0319  d0.loss_bbox: 0.0796  d0.loss_iou: 0.3311  d1.loss_cls: 0.0253  d1.loss_bbox: 0.0637  d1.loss_iou: 0.2780  d2.loss_cls: 0.0210  d2.loss_bbox: 0.0576  d2.loss_iou: 0.2610  d3.loss_cls: 0.0169  d3.loss_bbox: 0.0561  d3.loss_iou: 0.2539  d4.loss_cls: 0.0172  d4.loss_bbox: 0.0537  d4.loss_iou: 0.2431
2026/03/27 22:57:50 - mmengine - INFO - Exp name: detr_r50_net_fish_sonar_80e_pretrained_20260327_222901
2026/03/27 22:57:50 - mmengine - INFO - Epoch(train) [72][38/38]  base_lr: 1.1421e-05 lr: 1.1421e-06  eta: 0:02:48  time: 0.5882  data_time: 0.0102  memory: 6459  grad_norm: 152.2386  loss: 2.0642  loss_cls: 0.0144  loss_bbox: 0.0532  loss_iou: 0.2330  d0.loss_cls: 0.0292  d0.loss_bbox: 0.0797  d0.loss_iou: 0.3286  d1.loss_cls: 0.0237  d1.loss_bbox: 0.0636  d1.loss_iou: 0.2747  d2.loss_cls: 0.0196  d2.loss_bbox: 0.0588  d2.loss_iou: 0.2596  d3.loss_cls: 0.0165  d3.loss_bbox: 0.0564  d3.loss_iou: 0.2480  d4.loss_cls: 0.0149  d4.loss_bbox: 0.0538  d4.loss_iou: 0.2365
2026/03/27 22:57:52 - mmengine - INFO - Epoch(val) [72][50/50]    eta: 0:00:00  time: 0.0383  data_time: 0.0087  memory: 950  
2026/03/27 22:57:53 - mmengine - INFO - Evaluating bbox...
2026/03/27 22:57:54 - mmengine - INFO - bbox_mAP_copypaste: 0.367 0.639 0.409 0.049 0.338 0.681
2026/03/27 22:57:54 - mmengine - INFO - Epoch(val) [72][50/50]    coco/bbox_mAP: 0.3670  coco/bbox_mAP_50: 0.6390  coco/bbox_mAP_75: 0.4090  coco/bbox_mAP_s: 0.0490  coco/bbox_mAP_m: 0.3380  coco/bbox_mAP_l: 0.6810  data_time: 0.0087  time: 0.0383
2026/03/27 22:58:16 - mmengine - INFO - Exp name: detr_r50_net_fish_sonar_80e_pretrained_20260327_222901
2026/03/27 22:58:16 - mmengine - INFO - Epoch(train) [73][38/38]  base_lr: 1.0118e-05 lr: 1.0118e-06  eta: 0:02:27  time: 0.5831  data_time: 0.0098  memory: 6459  grad_norm: 141.2750  loss: 2.1377  loss_cls: 0.0169  loss_bbox: 0.0534  loss_iou: 0.2418  d0.loss_cls: 0.0316  d0.loss_bbox: 0.0803  d0.loss_iou: 0.3443  d1.loss_cls: 0.0250  d1.loss_bbox: 0.0641  d1.loss_iou: 0.2833  d2.loss_cls: 0.0211  d2.loss_bbox: 0.0590  d2.loss_iou: 0.2675  d3.loss_cls: 0.0183  d3.loss_bbox: 0.0565  d3.loss_iou: 0.2570  d4.loss_cls: 0.0169  d4.loss_bbox: 0.0540  d4.loss_iou: 0.2463
2026/03/27 22:58:39 - mmengine - INFO - Exp name: detr_r50_net_fish_sonar_80e_pretrained_20260327_222901
2026/03/27 22:58:39 - mmengine - INFO - Epoch(train) [74][38/38]  base_lr: 8.8158e-06 lr: 8.8158e-07  eta: 0:02:06  time: 0.5839  data_time: 0.0133  memory: 6459  grad_norm: 160.6440  loss: 2.0512  loss_cls: 0.0150  loss_bbox: 0.0519  loss_iou: 0.2333  d0.loss_cls: 0.0303  d0.loss_bbox: 0.0779  d0.loss_iou: 0.3245  d1.loss_cls: 0.0244  d1.loss_bbox: 0.0628  d1.loss_iou: 0.2723  d2.loss_cls: 0.0206  d2.loss_bbox: 0.0573  d2.loss_iou: 0.2550  d3.loss_cls: 0.0165  d3.loss_bbox: 0.0556  d3.loss_iou: 0.2486  d4.loss_cls: 0.0149  d4.loss_bbox: 0.0526  d4.loss_iou: 0.2379
2026/03/27 22:58:41 - mmengine - INFO - Epoch(val) [74][50/50]    eta: 0:00:00  time: 0.0399  data_time: 0.0101  memory: 950  
2026/03/27 22:58:41 - mmengine - INFO - Evaluating bbox...
2026/03/27 22:58:42 - mmengine - INFO - bbox_mAP_copypaste: 0.367 0.637 0.406 0.044 0.340 0.681
2026/03/27 22:58:42 - mmengine - INFO - Epoch(val) [74][50/50]    coco/bbox_mAP: 0.3670  coco/bbox_mAP_50: 0.6370  coco/bbox_mAP_75: 0.4060  coco/bbox_mAP_s: 0.0440  coco/bbox_mAP_m: 0.3400  coco/bbox_mAP_l: 0.6810  data_time: 0.0100  time: 0.0398
2026/03/27 22:59:04 - mmengine - INFO - Exp name: detr_r50_net_fish_sonar_80e_pretrained_20260327_222901
2026/03/27 22:59:04 - mmengine - INFO - Epoch(train) [75][38/38]  base_lr: 7.5132e-06 lr: 7.5132e-07  eta: 0:01:45  time: 0.5710  data_time: 0.0114  memory: 6459  grad_norm: 144.3036  loss: 2.0869  loss_cls: 0.0167  loss_bbox: 0.0518  loss_iou: 0.2369  d0.loss_cls: 0.0306  d0.loss_bbox: 0.0793  d0.loss_iou: 0.3326  d1.loss_cls: 0.0251  d1.loss_bbox: 0.0628  d1.loss_iou: 0.2779  d2.loss_cls: 0.0207  d2.loss_bbox: 0.0571  d2.loss_iou: 0.2597  d3.loss_cls: 0.0174  d3.loss_bbox: 0.0553  d3.loss_iou: 0.2535  d4.loss_cls: 0.0157  d4.loss_bbox: 0.0525  d4.loss_iou: 0.2413
2026/03/27 22:59:25 - mmengine - INFO - Exp name: detr_r50_net_fish_sonar_80e_pretrained_20260327_222901
2026/03/27 22:59:25 - mmengine - INFO - Epoch(train) [76][38/38]  base_lr: 6.2105e-06 lr: 6.2105e-07  eta: 0:01:24  time: 0.5243  data_time: 0.0112  memory: 6459  grad_norm: 147.9432  loss: 2.0626  loss_cls: 0.0149  loss_bbox: 0.0522  loss_iou: 0.2341  d0.loss_cls: 0.0297  d0.loss_bbox: 0.0777  d0.loss_iou: 0.3289  d1.loss_cls: 0.0236  d1.loss_bbox: 0.0636  d1.loss_iou: 0.2798  d2.loss_cls: 0.0196  d2.loss_bbox: 0.0570  d2.loss_iou: 0.2557  d3.loss_cls: 0.0158  d3.loss_bbox: 0.0553  d3.loss_iou: 0.2502  d4.loss_cls: 0.0152  d4.loss_bbox: 0.0524  d4.loss_iou: 0.2369
2026/03/27 22:59:27 - mmengine - INFO - Epoch(val) [76][50/50]    eta: 0:00:00  time: 0.0384  data_time: 0.0095  memory: 950  
2026/03/27 22:59:27 - mmengine - INFO - Evaluating bbox...
2026/03/27 22:59:28 - mmengine - INFO - bbox_mAP_copypaste: 0.368 0.636 0.407 0.046 0.335 0.686
2026/03/27 22:59:28 - mmengine - INFO - Epoch(val) [76][50/50]    coco/bbox_mAP: 0.3680  coco/bbox_mAP_50: 0.6360  coco/bbox_mAP_75: 0.4070  coco/bbox_mAP_s: 0.0460  coco/bbox_mAP_m: 0.3350  coco/bbox_mAP_l: 0.6860  data_time: 0.0095  time: 0.0383
2026/03/27 22:59:48 - mmengine - INFO - Exp name: detr_r50_net_fish_sonar_80e_pretrained_20260327_222901
2026/03/27 22:59:48 - mmengine - INFO - Epoch(train) [77][38/38]  base_lr: 4.9079e-06 lr: 4.9079e-07  eta: 0:01:03  time: 0.5141  data_time: 0.0129  memory: 6459  grad_norm: 145.0394  loss: 2.0094  loss_cls: 0.0144  loss_bbox: 0.0512  loss_iou: 0.2286  d0.loss_cls: 0.0278  d0.loss_bbox: 0.0766  d0.loss_iou: 0.3209  d1.loss_cls: 0.0233  d1.loss_bbox: 0.0614  d1.loss_iou: 0.2677  d2.loss_cls: 0.0190  d2.loss_bbox: 0.0557  d2.loss_iou: 0.2511  d3.loss_cls: 0.0149  d3.loss_bbox: 0.0546  d3.loss_iou: 0.2445  d4.loss_cls: 0.0143  d4.loss_bbox: 0.0518  d4.loss_iou: 0.2317
2026/03/27 23:00:07 - mmengine - INFO - Exp name: detr_r50_net_fish_sonar_80e_pretrained_20260327_222901
2026/03/27 23:00:07 - mmengine - INFO - Epoch(train) [78][38/38]  base_lr: 3.6053e-06 lr: 3.6053e-07  eta: 0:00:42  time: 0.4916  data_time: 0.0122  memory: 6459  grad_norm: 139.1774  loss: 2.0140  loss_cls: 0.0151  loss_bbox: 0.0510  loss_iou: 0.2278  d0.loss_cls: 0.0276  d0.loss_bbox: 0.0762  d0.loss_iou: 0.3189  d1.loss_cls: 0.0229  d1.loss_bbox: 0.0615  d1.loss_iou: 0.2691  d2.loss_cls: 0.0187  d2.loss_bbox: 0.0564  d2.loss_iou: 0.2515  d3.loss_cls: 0.0150  d3.loss_bbox: 0.0550  d3.loss_iou: 0.2474  d4.loss_cls: 0.0150  d4.loss_bbox: 0.0520  d4.loss_iou: 0.2330
2026/03/27 23:00:09 - mmengine - INFO - Epoch(val) [78][50/50]    eta: 0:00:00  time: 0.0400  data_time: 0.0103  memory: 950  
2026/03/27 23:00:09 - mmengine - INFO - Evaluating bbox...
2026/03/27 23:00:10 - mmengine - INFO - bbox_mAP_copypaste: 0.370 0.643 0.416 0.046 0.341 0.686
2026/03/27 23:00:10 - mmengine - INFO - Epoch(val) [78][50/50]    coco/bbox_mAP: 0.3700  coco/bbox_mAP_50: 0.6430  coco/bbox_mAP_75: 0.4160  coco/bbox_mAP_s: 0.0460  coco/bbox_mAP_m: 0.3410  coco/bbox_mAP_l: 0.6860  data_time: 0.0103  time: 0.0399
2026/03/27 23:00:29 - mmengine - INFO - Exp name: detr_r50_net_fish_sonar_80e_pretrained_20260327_222901
2026/03/27 23:00:30 - mmengine - INFO - Exp name: detr_r50_net_fish_sonar_80e_pretrained_20260327_222901
2026/03/27 23:00:30 - mmengine - INFO - Epoch(train) [79][38/38]  base_lr: 2.3026e-06 lr: 2.3026e-07  eta: 0:00:21  time: 0.5054  data_time: 0.0129  memory: 6459  grad_norm: 122.6524  loss: 2.0454  loss_cls: 0.0171  loss_bbox: 0.0513  loss_iou: 0.2324  d0.loss_cls: 0.0302  d0.loss_bbox: 0.0773  d0.loss_iou: 0.3250  d1.loss_cls: 0.0243  d1.loss_bbox: 0.0613  d1.loss_iou: 0.2717  d2.loss_cls: 0.0214  d2.loss_bbox: 0.0558  d2.loss_iou: 0.2512  d3.loss_cls: 0.0179  d3.loss_bbox: 0.0542  d3.loss_iou: 0.2487  d4.loss_cls: 0.0162  d4.loss_bbox: 0.0519  d4.loss_iou: 0.2374
2026/03/27 23:00:50 - mmengine - INFO - Exp name: detr_r50_net_fish_sonar_80e_pretrained_20260327_222901
2026/03/27 23:00:50 - mmengine - INFO - Epoch(train) [80][38/38]  base_lr: 1.0000e-06 lr: 1.0000e-07  eta: 0:00:00  time: 0.5069  data_time: 0.0091  memory: 6459  grad_norm: 117.2918  loss: 2.0200  loss_cls: 0.0149  loss_bbox: 0.0504  loss_iou: 0.2290  d0.loss_cls: 0.0299  d0.loss_bbox: 0.0769  d0.loss_iou: 0.3215  d1.loss_cls: 0.0237  d1.loss_bbox: 0.0613  d1.loss_iou: 0.2745  d2.loss_cls: 0.0198  d2.loss_bbox: 0.0553  d2.loss_iou: 0.2515  d3.loss_cls: 0.0160  d3.loss_bbox: 0.0536  d3.loss_iou: 0.2432  d4.loss_cls: 0.0148  d4.loss_bbox: 0.0510  d4.loss_iou: 0.2326
2026/03/27 23:00:50 - mmengine - INFO - Saving checkpoint at 80 epochs
2026/03/27 23:00:54 - mmengine - INFO - Epoch(val) [80][50/50]    eta: 0:00:00  time: 0.0427  data_time: 0.0122  memory: 950  
2026/03/27 23:00:54 - mmengine - INFO - Evaluating bbox...
2026/03/27 23:00:55 - mmengine - INFO - bbox_mAP_copypaste: 0.369 0.638 0.414 0.046 0.338 0.686
2026/03/27 23:00:55 - mmengine - INFO - Epoch(val) [80][50/50]    coco/bbox_mAP: 0.3690  coco/bbox_mAP_50: 0.6380  coco/bbox_mAP_75: 0.4140  coco/bbox_mAP_s: 0.0460  coco/bbox_mAP_m: 0.3380  coco/bbox_mAP_l: 0.6860  data_time: 0.0121  time: 0.0425
