2026/03/24 13:35:25 - mmengine - INFO - 
------------------------------------------------------------
System environment:
    sys.platform: linux
    Python: 3.11.10 (main, Sep  7 2024, 18:35:41) [GCC 11.4.0]
    CUDA available: True
    MUSA available: False
    numpy_random_seed: 0
    GPU 0: NVIDIA A100-SXM4-80GB
    CUDA_HOME: /usr/local/cuda
    NVCC: Cuda compilation tools, release 12.4, V12.4.131
    GCC: x86_64-linux-gnu-gcc (Ubuntu 11.4.0-1ubuntu1~22.04) 11.4.0
    PyTorch: 2.1.0+cu121
    PyTorch compiling details: PyTorch built with:
  - GCC 9.3
  - C++ Version: 201703
  - Intel(R) oneAPI Math Kernel Library Version 2022.2-Product Build 20220804 for Intel(R) 64 architecture applications
  - Intel(R) MKL-DNN v3.1.1 (Git Hash 64f6bcbcbab628e96f33a62c3e975f8535a7bde4)
  - OpenMP 201511 (a.k.a. OpenMP 4.5)
  - LAPACK is enabled (usually provided by MKL)
  - NNPACK is enabled
  - CPU capability usage: AVX2
  - CUDA Runtime 12.1
  - NVCC architecture flags: -gencode;arch=compute_50,code=sm_50;-gencode;arch=compute_60,code=sm_60;-gencode;arch=compute_70,code=sm_70;-gencode;arch=compute_75,code=sm_75;-gencode;arch=compute_80,code=sm_80;-gencode;arch=compute_86,code=sm_86;-gencode;arch=compute_90,code=sm_90
  - CuDNN 8.9.2
  - Magma 2.6.1
  - Build settings: BLAS_INFO=mkl, BUILD_TYPE=Release, CUDA_VERSION=12.1, CUDNN_VERSION=8.9.2, CXX_COMPILER=/opt/rh/devtoolset-9/root/usr/bin/c++, CXX_FLAGS= -D_GLIBCXX_USE_CXX11_ABI=0 -fabi-version=11 -fvisibility-inlines-hidden -DUSE_PTHREADPOOL -DNDEBUG -DUSE_KINETO -DLIBKINETO_NOROCTRACER -DUSE_FBGEMM -DUSE_QNNPACK -DUSE_PYTORCH_QNNPACK -DUSE_XNNPACK -DSYMBOLICATE_MOBILE_DEBUG_HANDLE -O2 -fPIC -Wall -Wextra -Werror=return-type -Werror=non-virtual-dtor -Werror=bool-operation -Wnarrowing -Wno-missing-field-initializers -Wno-type-limits -Wno-array-bounds -Wno-unknown-pragmas -Wno-unused-parameter -Wno-unused-function -Wno-unused-result -Wno-strict-overflow -Wno-strict-aliasing -Wno-stringop-overflow -Wno-psabi -Wno-error=pedantic -Wno-error=old-style-cast -Wno-invalid-partial-specialization -Wno-unused-private-field -Wno-aligned-allocation-unavailable -Wno-missing-braces -fdiagnostics-color=always -faligned-new -Wno-unused-but-set-variable -Wno-maybe-uninitialized -fno-math-errno -fno-trapping-math -Werror=format -Werror=cast-function-type -Wno-stringop-overflow, LAPACK_INFO=mkl, PERF_WITH_AVX=1, PERF_WITH_AVX2=1, PERF_WITH_AVX512=1, TORCH_DISABLE_GPU_ASSERTS=ON, TORCH_VERSION=2.1.0, USE_CUDA=ON, USE_CUDNN=ON, USE_EXCEPTION_PTR=1, USE_GFLAGS=OFF, USE_GLOG=OFF, USE_MKL=ON, USE_MKLDNN=ON, USE_MPI=OFF, USE_NCCL=1, USE_NNPACK=ON, USE_OPENMP=ON, USE_ROCM=OFF, 

    TorchVision: 0.16.0+cu121
    OpenCV: 4.11.0
    MMEngine: 0.10.7

Runtime environment:
    cudnn_benchmark: False
    mp_cfg: {'mp_start_method': 'fork', 'opencv_num_threads': 0}
    dist_cfg: {'backend': 'nccl'}
    seed: 0
    deterministic: False
    Distributed launcher: none
    Distributed training: False
    GPU number: 1
------------------------------------------------------------

2026/03/24 13:35:25 - mmengine - INFO - Config:
auto_scale_lr = dict(base_batch_size=16, enable=False)
backend_args = None
classes = ('fish', )
data_root = '../data-processing/vision/solaqua_fish/processed/split_yolo/'
dataset_type = 'CocoDataset'
default_hooks = dict(
    checkpoint=dict(
        interval=-1,
        max_keep_ckpts=1,
        rule='greater',
        save_best='coco/bbox_mAP',
        save_last=True,
        type='CheckpointHook'),
    logger=dict(interval=50, type='LoggerHook'),
    param_scheduler=dict(type='ParamSchedulerHook'),
    sampler_seed=dict(type='DistSamplerSeedHook'),
    timer=dict(type='IterTimerHook'),
    visualization=dict(type='DetVisualizationHook'))
default_scope = 'mmdet'
env_cfg = dict(
    cudnn_benchmark=False,
    dist_cfg=dict(backend='nccl'),
    mp_cfg=dict(mp_start_method='fork', opencv_num_threads=0))
launcher = 'none'
load_from = 'https://download.openmmlab.com/mmdetection/v3.0/dino/dino-4scale_r50_8xb2-12e_coco/dino-4scale_r50_8xb2-12e_coco_20221202_182705-55b2bba2.pth'
log_level = 'INFO'
log_processor = dict(by_epoch=True, type='LogProcessor', window_size=50)
metainfo = dict(classes=('fish', ))
model = dict(
    as_two_stage=True,
    backbone=dict(
        depth=50,
        frozen_stages=1,
        init_cfg=dict(checkpoint='torchvision://resnet50', type='Pretrained'),
        norm_cfg=dict(requires_grad=False, type='BN'),
        norm_eval=True,
        num_stages=4,
        out_indices=(
            1,
            2,
            3,
        ),
        style='pytorch',
        type='ResNet'),
    bbox_head=dict(
        loss_bbox=dict(loss_weight=5.0, type='L1Loss'),
        loss_cls=dict(
            alpha=0.25,
            gamma=2.0,
            loss_weight=1.0,
            type='FocalLoss',
            use_sigmoid=True),
        loss_iou=dict(loss_weight=2.0, type='GIoULoss'),
        num_classes=1,
        sync_cls_avg_factor=True,
        type='DINOHead'),
    data_preprocessor=dict(
        bgr_to_rgb=True,
        mean=[
            123.675,
            116.28,
            103.53,
        ],
        pad_size_divisor=1,
        std=[
            58.395,
            57.12,
            57.375,
        ],
        type='DetDataPreprocessor'),
    decoder=dict(
        layer_cfg=dict(
            cross_attn_cfg=dict(dropout=0.0, embed_dims=256, num_levels=4),
            ffn_cfg=dict(
                embed_dims=256, feedforward_channels=2048, ffn_drop=0.0),
            self_attn_cfg=dict(dropout=0.0, embed_dims=256, num_heads=8)),
        num_layers=6,
        post_norm_cfg=None,
        return_intermediate=True),
    dn_cfg=dict(
        box_noise_scale=1.0,
        group_cfg=dict(dynamic=True, num_dn_queries=100, num_groups=None),
        label_noise_scale=0.5),
    encoder=dict(
        layer_cfg=dict(
            ffn_cfg=dict(
                embed_dims=256, feedforward_channels=2048, ffn_drop=0.0),
            self_attn_cfg=dict(dropout=0.0, embed_dims=256, num_levels=4)),
        num_layers=6),
    neck=dict(
        act_cfg=None,
        in_channels=[
            512,
            1024,
            2048,
        ],
        kernel_size=1,
        norm_cfg=dict(num_groups=32, type='GN'),
        num_outs=4,
        out_channels=256,
        type='ChannelMapper'),
    num_queries=900,
    positional_encoding=dict(
        normalize=True, num_feats=128, offset=0.0, temperature=20),
    test_cfg=dict(max_per_img=300),
    train_cfg=dict(
        assigner=dict(
            match_costs=[
                dict(type='FocalLossCost', weight=2.0),
                dict(box_format='xywh', type='BBoxL1Cost', weight=5.0),
                dict(iou_mode='giou', type='IoUCost', weight=2.0),
            ],
            type='HungarianAssigner')),
    type='DINO',
    with_box_refine=True)
num_classes = 1
optim_wrapper = dict(
    clip_grad=dict(max_norm=0.1, norm_type=2),
    optimizer=dict(lr=0.0001, type='AdamW', weight_decay=0.0001),
    paramwise_cfg=dict(custom_keys=dict(backbone=dict(lr_mult=0.1))),
    type='AmpOptimWrapper')
param_scheduler = [
    dict(
        begin=0,
        by_epoch=True,
        end=3,
        end_factor=1.0,
        start_factor=0.1,
        type='LinearLR'),
    dict(
        begin=3,
        by_epoch=True,
        end=80,
        end_factor=0.01,
        start_factor=1.0,
        type='LinearLR'),
]
randomness = dict(deterministic=False, seed=0)
resume = False
test_cfg = dict(type='TestLoop')
test_dataloader = dict(
    batch_size=1,
    dataset=dict(
        ann_file='annotations/test.json',
        backend_args=None,
        data_prefix=dict(img='images/test/'),
        data_root=
        '../data-processing/vision/solaqua_fish/processed/split_yolo/',
        metainfo=dict(classes=('fish', )),
        pipeline=[
            dict(backend_args=None, type='LoadImageFromFile'),
            dict(keep_ratio=True, scale=(
                640,
                640,
            ), type='Resize'),
            dict(type='LoadAnnotations', with_bbox=True),
            dict(
                meta_keys=(
                    'img_id',
                    'img_path',
                    'ori_shape',
                    'img_shape',
                    'scale_factor',
                ),
                type='PackDetInputs'),
        ],
        test_mode=True,
        type='CocoDataset'),
    drop_last=False,
    num_workers=2,
    persistent_workers=True,
    sampler=dict(shuffle=False, type='DefaultSampler'))
test_evaluator = dict(
    ann_file=
    '../data-processing/vision/solaqua_fish/processed/split_yolo/annotations/test.json',
    backend_args=None,
    format_only=False,
    metric='bbox',
    type='CocoMetric')
test_pipeline = [
    dict(backend_args=None, type='LoadImageFromFile'),
    dict(keep_ratio=True, scale=(
        640,
        640,
    ), type='Resize'),
    dict(type='LoadAnnotations', with_bbox=True),
    dict(
        meta_keys=(
            'img_id',
            'img_path',
            'ori_shape',
            'img_shape',
            'scale_factor',
        ),
        type='PackDetInputs'),
]
train_cfg = dict(max_epochs=80, type='EpochBasedTrainLoop', val_interval=2)
train_dataloader = dict(
    batch_sampler=dict(type='AspectRatioBatchSampler'),
    batch_size=32,
    dataset=dict(
        ann_file='annotations/train.json',
        backend_args=None,
        data_prefix=dict(img='images/train/'),
        data_root=
        '../data-processing/vision/solaqua_fish/processed/split_yolo/',
        filter_cfg=dict(filter_empty_gt=False),
        metainfo=dict(classes=('fish', )),
        pipeline=[
            dict(backend_args=None, type='LoadImageFromFile'),
            dict(type='LoadAnnotations', with_bbox=True),
            dict(keep_ratio=True, scale=(
                640,
                640,
            ), type='Resize'),
            dict(prob=0.5, type='RandomFlip'),
            dict(type='PackDetInputs'),
        ],
        type='CocoDataset'),
    num_workers=8,
    persistent_workers=True,
    pin_memory=True,
    prefetch_factor=4,
    sampler=dict(shuffle=True, type='DefaultSampler'))
train_pipeline = [
    dict(backend_args=None, type='LoadImageFromFile'),
    dict(type='LoadAnnotations', with_bbox=True),
    dict(keep_ratio=True, scale=(
        640,
        640,
    ), type='Resize'),
    dict(prob=0.5, type='RandomFlip'),
    dict(type='PackDetInputs'),
]
val_cfg = dict(type='ValLoop')
val_dataloader = dict(
    batch_size=8,
    dataset=dict(
        ann_file='annotations/val.json',
        backend_args=None,
        data_prefix=dict(img='images/val/'),
        data_root=
        '../data-processing/vision/solaqua_fish/processed/split_yolo/',
        metainfo=dict(classes=('fish', )),
        pipeline=[
            dict(backend_args=None, type='LoadImageFromFile'),
            dict(keep_ratio=True, scale=(
                640,
                640,
            ), type='Resize'),
            dict(type='LoadAnnotations', with_bbox=True),
            dict(
                meta_keys=(
                    'img_id',
                    'img_path',
                    'ori_shape',
                    'img_shape',
                    'scale_factor',
                ),
                type='PackDetInputs'),
        ],
        test_mode=True,
        type='CocoDataset'),
    drop_last=False,
    num_workers=4,
    persistent_workers=True,
    sampler=dict(shuffle=False, type='DefaultSampler'))
val_evaluator = dict(
    ann_file=
    '../data-processing/vision/solaqua_fish/processed/split_yolo/annotations/val.json',
    backend_args=None,
    format_only=False,
    metric='bbox',
    type='CocoMetric')
vis_backends = [
    dict(type='LocalVisBackend'),
]
visualizer = dict(
    name='visualizer',
    type='DetLocalVisualizer',
    vis_backends=[
        dict(type='LocalVisBackend'),
    ])
work_dir = '../runs/mmdet/solaqua_fish/dino_4scale_r50_solaqua_fish_80e_pretrained'

2026/03/24 13:35:40 - mmengine - INFO - Distributed training is not used, all SyncBatchNorm (SyncBN) layers in the model will be automatically reverted to BatchNormXd layers if they are used.
2026/03/24 13:35:40 - mmengine - INFO - Hooks will be executed in the following order:
before_run:
(VERY_HIGH   ) RuntimeInfoHook                    
(BELOW_NORMAL) LoggerHook                         
 -------------------- 
before_train:
(VERY_HIGH   ) RuntimeInfoHook                    
(NORMAL      ) IterTimerHook                      
(VERY_LOW    ) CheckpointHook                     
 -------------------- 
before_train_epoch:
(VERY_HIGH   ) RuntimeInfoHook                    
(NORMAL      ) IterTimerHook                      
(NORMAL      ) DistSamplerSeedHook                
 -------------------- 
before_train_iter:
(VERY_HIGH   ) RuntimeInfoHook                    
(NORMAL      ) IterTimerHook                      
 -------------------- 
after_train_iter:
(VERY_HIGH   ) RuntimeInfoHook                    
(NORMAL      ) IterTimerHook                      
(BELOW_NORMAL) LoggerHook                         
(LOW         ) ParamSchedulerHook                 
(VERY_LOW    ) CheckpointHook                     
 -------------------- 
after_train_epoch:
(NORMAL      ) IterTimerHook                      
(LOW         ) ParamSchedulerHook                 
(VERY_LOW    ) CheckpointHook                     
 -------------------- 
before_val:
(VERY_HIGH   ) RuntimeInfoHook                    
 -------------------- 
before_val_epoch:
(NORMAL      ) IterTimerHook                      
 -------------------- 
before_val_iter:
(NORMAL      ) IterTimerHook                      
 -------------------- 
after_val_iter:
(NORMAL      ) IterTimerHook                      
(NORMAL      ) DetVisualizationHook               
(BELOW_NORMAL) LoggerHook                         
 -------------------- 
after_val_epoch:
(VERY_HIGH   ) RuntimeInfoHook                    
(NORMAL      ) IterTimerHook                      
(BELOW_NORMAL) LoggerHook                         
(LOW         ) ParamSchedulerHook                 
(VERY_LOW    ) CheckpointHook                     
 -------------------- 
after_val:
(VERY_HIGH   ) RuntimeInfoHook                    
 -------------------- 
after_train:
(VERY_HIGH   ) RuntimeInfoHook                    
(VERY_LOW    ) CheckpointHook                     
 -------------------- 
before_test:
(VERY_HIGH   ) RuntimeInfoHook                    
 -------------------- 
before_test_epoch:
(NORMAL      ) IterTimerHook                      
 -------------------- 
before_test_iter:
(NORMAL      ) IterTimerHook                      
 -------------------- 
after_test_iter:
(NORMAL      ) IterTimerHook                      
(NORMAL      ) DetVisualizationHook               
(BELOW_NORMAL) LoggerHook                         
 -------------------- 
after_test_epoch:
(VERY_HIGH   ) RuntimeInfoHook                    
(NORMAL      ) IterTimerHook                      
(BELOW_NORMAL) LoggerHook                         
 -------------------- 
after_test:
(VERY_HIGH   ) RuntimeInfoHook                    
 -------------------- 
after_run:
(BELOW_NORMAL) LoggerHook                         
 -------------------- 
2026/03/24 13:35:41 - mmengine - WARNING - backbone.conv1.weight is skipped since its requires_grad=False
2026/03/24 13:35:41 - mmengine - WARNING - backbone.bn1.weight is skipped since its requires_grad=False
2026/03/24 13:35:41 - mmengine - WARNING - backbone.bn1.bias is skipped since its requires_grad=False
2026/03/24 13:35:41 - mmengine - WARNING - backbone.layer1.0.conv1.weight is skipped since its requires_grad=False
2026/03/24 13:35:41 - mmengine - WARNING - backbone.layer1.0.bn1.weight is skipped since its requires_grad=False
2026/03/24 13:35:41 - mmengine - WARNING - backbone.layer1.0.bn1.bias is skipped since its requires_grad=False
2026/03/24 13:35:41 - mmengine - WARNING - backbone.layer1.0.conv2.weight is skipped since its requires_grad=False
2026/03/24 13:35:41 - mmengine - WARNING - backbone.layer1.0.bn2.weight is skipped since its requires_grad=False
2026/03/24 13:35:41 - mmengine - WARNING - backbone.layer1.0.bn2.bias is skipped since its requires_grad=False
2026/03/24 13:35:41 - mmengine - WARNING - backbone.layer1.0.conv3.weight is skipped since its requires_grad=False
2026/03/24 13:35:41 - mmengine - WARNING - backbone.layer1.0.bn3.weight is skipped since its requires_grad=False
2026/03/24 13:35:41 - mmengine - WARNING - backbone.layer1.0.bn3.bias is skipped since its requires_grad=False
2026/03/24 13:35:41 - mmengine - WARNING - backbone.layer1.0.downsample.0.weight is skipped since its requires_grad=False
2026/03/24 13:35:41 - mmengine - WARNING - backbone.layer1.0.downsample.1.weight is skipped since its requires_grad=False
2026/03/24 13:35:41 - mmengine - WARNING - backbone.layer1.0.downsample.1.bias is skipped since its requires_grad=False
2026/03/24 13:35:41 - mmengine - WARNING - backbone.layer1.1.conv1.weight is skipped since its requires_grad=False
2026/03/24 13:35:41 - mmengine - WARNING - backbone.layer1.1.bn1.weight is skipped since its requires_grad=False
2026/03/24 13:35:41 - mmengine - WARNING - backbone.layer1.1.bn1.bias is skipped since its requires_grad=False
2026/03/24 13:35:41 - mmengine - WARNING - backbone.layer1.1.conv2.weight is skipped since its requires_grad=False
2026/03/24 13:35:41 - mmengine - WARNING - backbone.layer1.1.bn2.weight is skipped since its requires_grad=False
2026/03/24 13:35:41 - mmengine - WARNING - backbone.layer1.1.bn2.bias is skipped since its requires_grad=False
2026/03/24 13:35:41 - mmengine - WARNING - backbone.layer1.1.conv3.weight is skipped since its requires_grad=False
2026/03/24 13:35:41 - mmengine - WARNING - backbone.layer1.1.bn3.weight is skipped since its requires_grad=False
2026/03/24 13:35:41 - mmengine - WARNING - backbone.layer1.1.bn3.bias is skipped since its requires_grad=False
2026/03/24 13:35:41 - mmengine - WARNING - backbone.layer1.2.conv1.weight is skipped since its requires_grad=False
2026/03/24 13:35:41 - mmengine - WARNING - backbone.layer1.2.bn1.weight is skipped since its requires_grad=False
2026/03/24 13:35:41 - mmengine - WARNING - backbone.layer1.2.bn1.bias is skipped since its requires_grad=False
2026/03/24 13:35:41 - mmengine - WARNING - backbone.layer1.2.conv2.weight is skipped since its requires_grad=False
2026/03/24 13:35:41 - mmengine - WARNING - backbone.layer1.2.bn2.weight is skipped since its requires_grad=False
2026/03/24 13:35:41 - mmengine - WARNING - backbone.layer1.2.bn2.bias is skipped since its requires_grad=False
2026/03/24 13:35:41 - mmengine - WARNING - backbone.layer1.2.conv3.weight is skipped since its requires_grad=False
2026/03/24 13:35:41 - mmengine - WARNING - backbone.layer1.2.bn3.weight is skipped since its requires_grad=False
2026/03/24 13:35:41 - mmengine - WARNING - backbone.layer1.2.bn3.bias is skipped since its requires_grad=False
2026/03/24 13:35:41 - mmengine - INFO - paramwise_options -- backbone.layer2.0.conv1.weight:lr=1e-05
2026/03/24 13:35:41 - mmengine - INFO - paramwise_options -- backbone.layer2.0.conv1.weight:weight_decay=0.0001
2026/03/24 13:35:41 - mmengine - INFO - paramwise_options -- backbone.layer2.0.conv1.weight:lr_mult=0.1
2026/03/24 13:35:41 - mmengine - WARNING - backbone.layer2.0.bn1.weight is skipped since its requires_grad=False
2026/03/24 13:35:41 - mmengine - WARNING - backbone.layer2.0.bn1.bias is skipped since its requires_grad=False
2026/03/24 13:35:41 - mmengine - INFO - paramwise_options -- backbone.layer2.0.conv2.weight:lr=1e-05
2026/03/24 13:35:41 - mmengine - INFO - paramwise_options -- backbone.layer2.0.conv2.weight:weight_decay=0.0001
2026/03/24 13:35:41 - mmengine - INFO - paramwise_options -- backbone.layer2.0.conv2.weight:lr_mult=0.1
2026/03/24 13:35:41 - mmengine - WARNING - backbone.layer2.0.bn2.weight is skipped since its requires_grad=False
2026/03/24 13:35:41 - mmengine - WARNING - backbone.layer2.0.bn2.bias is skipped since its requires_grad=False
2026/03/24 13:35:41 - mmengine - INFO - paramwise_options -- backbone.layer2.0.conv3.weight:lr=1e-05
2026/03/24 13:35:41 - mmengine - INFO - paramwise_options -- backbone.layer2.0.conv3.weight:weight_decay=0.0001
2026/03/24 13:35:41 - mmengine - INFO - paramwise_options -- backbone.layer2.0.conv3.weight:lr_mult=0.1
2026/03/24 13:35:41 - mmengine - WARNING - backbone.layer2.0.bn3.weight is skipped since its requires_grad=False
2026/03/24 13:35:41 - mmengine - WARNING - backbone.layer2.0.bn3.bias is skipped since its requires_grad=False
2026/03/24 13:35:41 - mmengine - INFO - paramwise_options -- backbone.layer2.0.downsample.0.weight:lr=1e-05
2026/03/24 13:35:41 - mmengine - INFO - paramwise_options -- backbone.layer2.0.downsample.0.weight:weight_decay=0.0001
2026/03/24 13:35:41 - mmengine - INFO - paramwise_options -- backbone.layer2.0.downsample.0.weight:lr_mult=0.1
2026/03/24 13:35:41 - mmengine - WARNING - backbone.layer2.0.downsample.1.weight is skipped since its requires_grad=False
2026/03/24 13:35:41 - mmengine - WARNING - backbone.layer2.0.downsample.1.bias is skipped since its requires_grad=False
2026/03/24 13:35:41 - mmengine - INFO - paramwise_options -- backbone.layer2.1.conv1.weight:lr=1e-05
2026/03/24 13:35:41 - mmengine - INFO - paramwise_options -- backbone.layer2.1.conv1.weight:weight_decay=0.0001
2026/03/24 13:35:41 - mmengine - INFO - paramwise_options -- backbone.layer2.1.conv1.weight:lr_mult=0.1
2026/03/24 13:35:41 - mmengine - WARNING - backbone.layer2.1.bn1.weight is skipped since its requires_grad=False
2026/03/24 13:35:41 - mmengine - WARNING - backbone.layer2.1.bn1.bias is skipped since its requires_grad=False
2026/03/24 13:35:41 - mmengine - INFO - paramwise_options -- backbone.layer2.1.conv2.weight:lr=1e-05
2026/03/24 13:35:41 - mmengine - INFO - paramwise_options -- backbone.layer2.1.conv2.weight:weight_decay=0.0001
2026/03/24 13:35:41 - mmengine - INFO - paramwise_options -- backbone.layer2.1.conv2.weight:lr_mult=0.1
2026/03/24 13:35:41 - mmengine - WARNING - backbone.layer2.1.bn2.weight is skipped since its requires_grad=False
2026/03/24 13:35:41 - mmengine - WARNING - backbone.layer2.1.bn2.bias is skipped since its requires_grad=False
2026/03/24 13:35:41 - mmengine - INFO - paramwise_options -- backbone.layer2.1.conv3.weight:lr=1e-05
2026/03/24 13:35:41 - mmengine - INFO - paramwise_options -- backbone.layer2.1.conv3.weight:weight_decay=0.0001
2026/03/24 13:35:41 - mmengine - INFO - paramwise_options -- backbone.layer2.1.conv3.weight:lr_mult=0.1
2026/03/24 13:35:41 - mmengine - WARNING - backbone.layer2.1.bn3.weight is skipped since its requires_grad=False
2026/03/24 13:35:41 - mmengine - WARNING - backbone.layer2.1.bn3.bias is skipped since its requires_grad=False
2026/03/24 13:35:41 - mmengine - INFO - paramwise_options -- backbone.layer2.2.conv1.weight:lr=1e-05
2026/03/24 13:35:41 - mmengine - INFO - paramwise_options -- backbone.layer2.2.conv1.weight:weight_decay=0.0001
2026/03/24 13:35:41 - mmengine - INFO - paramwise_options -- backbone.layer2.2.conv1.weight:lr_mult=0.1
2026/03/24 13:35:41 - mmengine - WARNING - backbone.layer2.2.bn1.weight is skipped since its requires_grad=False
2026/03/24 13:35:41 - mmengine - WARNING - backbone.layer2.2.bn1.bias is skipped since its requires_grad=False
2026/03/24 13:35:41 - mmengine - INFO - paramwise_options -- backbone.layer2.2.conv2.weight:lr=1e-05
2026/03/24 13:35:41 - mmengine - INFO - paramwise_options -- backbone.layer2.2.conv2.weight:weight_decay=0.0001
2026/03/24 13:35:41 - mmengine - INFO - paramwise_options -- backbone.layer2.2.conv2.weight:lr_mult=0.1
2026/03/24 13:35:41 - mmengine - WARNING - backbone.layer2.2.bn2.weight is skipped since its requires_grad=False
2026/03/24 13:35:41 - mmengine - WARNING - backbone.layer2.2.bn2.bias is skipped since its requires_grad=False
2026/03/24 13:35:41 - mmengine - INFO - paramwise_options -- backbone.layer2.2.conv3.weight:lr=1e-05
2026/03/24 13:35:41 - mmengine - INFO - paramwise_options -- backbone.layer2.2.conv3.weight:weight_decay=0.0001
2026/03/24 13:35:41 - mmengine - INFO - paramwise_options -- backbone.layer2.2.conv3.weight:lr_mult=0.1
2026/03/24 13:35:41 - mmengine - WARNING - backbone.layer2.2.bn3.weight is skipped since its requires_grad=False
2026/03/24 13:35:41 - mmengine - WARNING - backbone.layer2.2.bn3.bias is skipped since its requires_grad=False
2026/03/24 13:35:41 - mmengine - INFO - paramwise_options -- backbone.layer2.3.conv1.weight:lr=1e-05
2026/03/24 13:35:41 - mmengine - INFO - paramwise_options -- backbone.layer2.3.conv1.weight:weight_decay=0.0001
2026/03/24 13:35:41 - mmengine - INFO - paramwise_options -- backbone.layer2.3.conv1.weight:lr_mult=0.1
2026/03/24 13:35:41 - mmengine - WARNING - backbone.layer2.3.bn1.weight is skipped since its requires_grad=False
2026/03/24 13:35:41 - mmengine - WARNING - backbone.layer2.3.bn1.bias is skipped since its requires_grad=False
2026/03/24 13:35:41 - mmengine - INFO - paramwise_options -- backbone.layer2.3.conv2.weight:lr=1e-05
2026/03/24 13:35:41 - mmengine - INFO - paramwise_options -- backbone.layer2.3.conv2.weight:weight_decay=0.0001
2026/03/24 13:35:41 - mmengine - INFO - paramwise_options -- backbone.layer2.3.conv2.weight:lr_mult=0.1
2026/03/24 13:35:41 - mmengine - WARNING - backbone.layer2.3.bn2.weight is skipped since its requires_grad=False
2026/03/24 13:35:41 - mmengine - WARNING - backbone.layer2.3.bn2.bias is skipped since its requires_grad=False
2026/03/24 13:35:41 - mmengine - INFO - paramwise_options -- backbone.layer2.3.conv3.weight:lr=1e-05
2026/03/24 13:35:41 - mmengine - INFO - paramwise_options -- backbone.layer2.3.conv3.weight:weight_decay=0.0001
2026/03/24 13:35:41 - mmengine - INFO - paramwise_options -- backbone.layer2.3.conv3.weight:lr_mult=0.1
2026/03/24 13:35:41 - mmengine - WARNING - backbone.layer2.3.bn3.weight is skipped since its requires_grad=False
2026/03/24 13:35:41 - mmengine - WARNING - backbone.layer2.3.bn3.bias is skipped since its requires_grad=False
2026/03/24 13:35:41 - mmengine - INFO - paramwise_options -- backbone.layer3.0.conv1.weight:lr=1e-05
2026/03/24 13:35:41 - mmengine - INFO - paramwise_options -- backbone.layer3.0.conv1.weight:weight_decay=0.0001
2026/03/24 13:35:41 - mmengine - INFO - paramwise_options -- backbone.layer3.0.conv1.weight:lr_mult=0.1
2026/03/24 13:35:41 - mmengine - WARNING - backbone.layer3.0.bn1.weight is skipped since its requires_grad=False
2026/03/24 13:35:41 - mmengine - WARNING - backbone.layer3.0.bn1.bias is skipped since its requires_grad=False
2026/03/24 13:35:41 - mmengine - INFO - paramwise_options -- backbone.layer3.0.conv2.weight:lr=1e-05
2026/03/24 13:35:41 - mmengine - INFO - paramwise_options -- backbone.layer3.0.conv2.weight:weight_decay=0.0001
2026/03/24 13:35:41 - mmengine - INFO - paramwise_options -- backbone.layer3.0.conv2.weight:lr_mult=0.1
2026/03/24 13:35:41 - mmengine - WARNING - backbone.layer3.0.bn2.weight is skipped since its requires_grad=False
2026/03/24 13:35:41 - mmengine - WARNING - backbone.layer3.0.bn2.bias is skipped since its requires_grad=False
2026/03/24 13:35:41 - mmengine - INFO - paramwise_options -- backbone.layer3.0.conv3.weight:lr=1e-05
2026/03/24 13:35:41 - mmengine - INFO - paramwise_options -- backbone.layer3.0.conv3.weight:weight_decay=0.0001
2026/03/24 13:35:41 - mmengine - INFO - paramwise_options -- backbone.layer3.0.conv3.weight:lr_mult=0.1
2026/03/24 13:35:41 - mmengine - WARNING - backbone.layer3.0.bn3.weight is skipped since its requires_grad=False
2026/03/24 13:35:41 - mmengine - WARNING - backbone.layer3.0.bn3.bias is skipped since its requires_grad=False
2026/03/24 13:35:41 - mmengine - INFO - paramwise_options -- backbone.layer3.0.downsample.0.weight:lr=1e-05
2026/03/24 13:35:41 - mmengine - INFO - paramwise_options -- backbone.layer3.0.downsample.0.weight:weight_decay=0.0001
2026/03/24 13:35:41 - mmengine - INFO - paramwise_options -- backbone.layer3.0.downsample.0.weight:lr_mult=0.1
2026/03/24 13:35:41 - mmengine - WARNING - backbone.layer3.0.downsample.1.weight is skipped since its requires_grad=False
2026/03/24 13:35:41 - mmengine - WARNING - backbone.layer3.0.downsample.1.bias is skipped since its requires_grad=False
2026/03/24 13:35:41 - mmengine - INFO - paramwise_options -- backbone.layer3.1.conv1.weight:lr=1e-05
2026/03/24 13:35:41 - mmengine - INFO - paramwise_options -- backbone.layer3.1.conv1.weight:weight_decay=0.0001
2026/03/24 13:35:41 - mmengine - INFO - paramwise_options -- backbone.layer3.1.conv1.weight:lr_mult=0.1
2026/03/24 13:35:41 - mmengine - WARNING - backbone.layer3.1.bn1.weight is skipped since its requires_grad=False
2026/03/24 13:35:41 - mmengine - WARNING - backbone.layer3.1.bn1.bias is skipped since its requires_grad=False
2026/03/24 13:35:41 - mmengine - INFO - paramwise_options -- backbone.layer3.1.conv2.weight:lr=1e-05
2026/03/24 13:35:41 - mmengine - INFO - paramwise_options -- backbone.layer3.1.conv2.weight:weight_decay=0.0001
2026/03/24 13:35:41 - mmengine - INFO - paramwise_options -- backbone.layer3.1.conv2.weight:lr_mult=0.1
2026/03/24 13:35:41 - mmengine - WARNING - backbone.layer3.1.bn2.weight is skipped since its requires_grad=False
2026/03/24 13:35:41 - mmengine - WARNING - backbone.layer3.1.bn2.bias is skipped since its requires_grad=False
2026/03/24 13:35:41 - mmengine - INFO - paramwise_options -- backbone.layer3.1.conv3.weight:lr=1e-05
2026/03/24 13:35:41 - mmengine - INFO - paramwise_options -- backbone.layer3.1.conv3.weight:weight_decay=0.0001
2026/03/24 13:35:41 - mmengine - INFO - paramwise_options -- backbone.layer3.1.conv3.weight:lr_mult=0.1
2026/03/24 13:35:41 - mmengine - WARNING - backbone.layer3.1.bn3.weight is skipped since its requires_grad=False
2026/03/24 13:35:41 - mmengine - WARNING - backbone.layer3.1.bn3.bias is skipped since its requires_grad=False
2026/03/24 13:35:41 - mmengine - INFO - paramwise_options -- backbone.layer3.2.conv1.weight:lr=1e-05
2026/03/24 13:35:41 - mmengine - INFO - paramwise_options -- backbone.layer3.2.conv1.weight:weight_decay=0.0001
2026/03/24 13:35:41 - mmengine - INFO - paramwise_options -- backbone.layer3.2.conv1.weight:lr_mult=0.1
2026/03/24 13:35:41 - mmengine - WARNING - backbone.layer3.2.bn1.weight is skipped since its requires_grad=False
2026/03/24 13:35:41 - mmengine - WARNING - backbone.layer3.2.bn1.bias is skipped since its requires_grad=False
2026/03/24 13:35:41 - mmengine - INFO - paramwise_options -- backbone.layer3.2.conv2.weight:lr=1e-05
2026/03/24 13:35:41 - mmengine - INFO - paramwise_options -- backbone.layer3.2.conv2.weight:weight_decay=0.0001
2026/03/24 13:35:41 - mmengine - INFO - paramwise_options -- backbone.layer3.2.conv2.weight:lr_mult=0.1
2026/03/24 13:35:41 - mmengine - WARNING - backbone.layer3.2.bn2.weight is skipped since its requires_grad=False
2026/03/24 13:35:41 - mmengine - WARNING - backbone.layer3.2.bn2.bias is skipped since its requires_grad=False
2026/03/24 13:35:41 - mmengine - INFO - paramwise_options -- backbone.layer3.2.conv3.weight:lr=1e-05
2026/03/24 13:35:41 - mmengine - INFO - paramwise_options -- backbone.layer3.2.conv3.weight:weight_decay=0.0001
2026/03/24 13:35:41 - mmengine - INFO - paramwise_options -- backbone.layer3.2.conv3.weight:lr_mult=0.1
2026/03/24 13:35:41 - mmengine - WARNING - backbone.layer3.2.bn3.weight is skipped since its requires_grad=False
2026/03/24 13:35:41 - mmengine - WARNING - backbone.layer3.2.bn3.bias is skipped since its requires_grad=False
2026/03/24 13:35:41 - mmengine - INFO - paramwise_options -- backbone.layer3.3.conv1.weight:lr=1e-05
2026/03/24 13:35:41 - mmengine - INFO - paramwise_options -- backbone.layer3.3.conv1.weight:weight_decay=0.0001
2026/03/24 13:35:41 - mmengine - INFO - paramwise_options -- backbone.layer3.3.conv1.weight:lr_mult=0.1
2026/03/24 13:35:41 - mmengine - WARNING - backbone.layer3.3.bn1.weight is skipped since its requires_grad=False
2026/03/24 13:35:41 - mmengine - WARNING - backbone.layer3.3.bn1.bias is skipped since its requires_grad=False
2026/03/24 13:35:41 - mmengine - INFO - paramwise_options -- backbone.layer3.3.conv2.weight:lr=1e-05
2026/03/24 13:35:41 - mmengine - INFO - paramwise_options -- backbone.layer3.3.conv2.weight:weight_decay=0.0001
2026/03/24 13:35:41 - mmengine - INFO - paramwise_options -- backbone.layer3.3.conv2.weight:lr_mult=0.1
2026/03/24 13:35:41 - mmengine - WARNING - backbone.layer3.3.bn2.weight is skipped since its requires_grad=False
2026/03/24 13:35:41 - mmengine - WARNING - backbone.layer3.3.bn2.bias is skipped since its requires_grad=False
2026/03/24 13:35:41 - mmengine - INFO - paramwise_options -- backbone.layer3.3.conv3.weight:lr=1e-05
2026/03/24 13:35:41 - mmengine - INFO - paramwise_options -- backbone.layer3.3.conv3.weight:weight_decay=0.0001
2026/03/24 13:35:41 - mmengine - INFO - paramwise_options -- backbone.layer3.3.conv3.weight:lr_mult=0.1
2026/03/24 13:35:41 - mmengine - WARNING - backbone.layer3.3.bn3.weight is skipped since its requires_grad=False
2026/03/24 13:35:41 - mmengine - WARNING - backbone.layer3.3.bn3.bias is skipped since its requires_grad=False
2026/03/24 13:35:41 - mmengine - INFO - paramwise_options -- backbone.layer3.4.conv1.weight:lr=1e-05
2026/03/24 13:35:41 - mmengine - INFO - paramwise_options -- backbone.layer3.4.conv1.weight:weight_decay=0.0001
2026/03/24 13:35:41 - mmengine - INFO - paramwise_options -- backbone.layer3.4.conv1.weight:lr_mult=0.1
2026/03/24 13:35:41 - mmengine - WARNING - backbone.layer3.4.bn1.weight is skipped since its requires_grad=False
2026/03/24 13:35:41 - mmengine - WARNING - backbone.layer3.4.bn1.bias is skipped since its requires_grad=False
2026/03/24 13:35:41 - mmengine - INFO - paramwise_options -- backbone.layer3.4.conv2.weight:lr=1e-05
2026/03/24 13:35:41 - mmengine - INFO - paramwise_options -- backbone.layer3.4.conv2.weight:weight_decay=0.0001
2026/03/24 13:35:41 - mmengine - INFO - paramwise_options -- backbone.layer3.4.conv2.weight:lr_mult=0.1
2026/03/24 13:35:41 - mmengine - WARNING - backbone.layer3.4.bn2.weight is skipped since its requires_grad=False
2026/03/24 13:35:41 - mmengine - WARNING - backbone.layer3.4.bn2.bias is skipped since its requires_grad=False
2026/03/24 13:35:41 - mmengine - INFO - paramwise_options -- backbone.layer3.4.conv3.weight:lr=1e-05
2026/03/24 13:35:41 - mmengine - INFO - paramwise_options -- backbone.layer3.4.conv3.weight:weight_decay=0.0001
2026/03/24 13:35:41 - mmengine - INFO - paramwise_options -- backbone.layer3.4.conv3.weight:lr_mult=0.1
2026/03/24 13:35:41 - mmengine - WARNING - backbone.layer3.4.bn3.weight is skipped since its requires_grad=False
2026/03/24 13:35:41 - mmengine - WARNING - backbone.layer3.4.bn3.bias is skipped since its requires_grad=False
2026/03/24 13:35:41 - mmengine - INFO - paramwise_options -- backbone.layer3.5.conv1.weight:lr=1e-05
2026/03/24 13:35:41 - mmengine - INFO - paramwise_options -- backbone.layer3.5.conv1.weight:weight_decay=0.0001
2026/03/24 13:35:41 - mmengine - INFO - paramwise_options -- backbone.layer3.5.conv1.weight:lr_mult=0.1
2026/03/24 13:35:41 - mmengine - WARNING - backbone.layer3.5.bn1.weight is skipped since its requires_grad=False
2026/03/24 13:35:41 - mmengine - WARNING - backbone.layer3.5.bn1.bias is skipped since its requires_grad=False
2026/03/24 13:35:41 - mmengine - INFO - paramwise_options -- backbone.layer3.5.conv2.weight:lr=1e-05
2026/03/24 13:35:41 - mmengine - INFO - paramwise_options -- backbone.layer3.5.conv2.weight:weight_decay=0.0001
2026/03/24 13:35:41 - mmengine - INFO - paramwise_options -- backbone.layer3.5.conv2.weight:lr_mult=0.1
2026/03/24 13:35:41 - mmengine - WARNING - backbone.layer3.5.bn2.weight is skipped since its requires_grad=False
2026/03/24 13:35:41 - mmengine - WARNING - backbone.layer3.5.bn2.bias is skipped since its requires_grad=False
2026/03/24 13:35:41 - mmengine - INFO - paramwise_options -- backbone.layer3.5.conv3.weight:lr=1e-05
2026/03/24 13:35:41 - mmengine - INFO - paramwise_options -- backbone.layer3.5.conv3.weight:weight_decay=0.0001
2026/03/24 13:35:41 - mmengine - INFO - paramwise_options -- backbone.layer3.5.conv3.weight:lr_mult=0.1
2026/03/24 13:35:41 - mmengine - WARNING - backbone.layer3.5.bn3.weight is skipped since its requires_grad=False
2026/03/24 13:35:41 - mmengine - WARNING - backbone.layer3.5.bn3.bias is skipped since its requires_grad=False
2026/03/24 13:35:41 - mmengine - INFO - paramwise_options -- backbone.layer4.0.conv1.weight:lr=1e-05
2026/03/24 13:35:41 - mmengine - INFO - paramwise_options -- backbone.layer4.0.conv1.weight:weight_decay=0.0001
2026/03/24 13:35:41 - mmengine - INFO - paramwise_options -- backbone.layer4.0.conv1.weight:lr_mult=0.1
2026/03/24 13:35:41 - mmengine - WARNING - backbone.layer4.0.bn1.weight is skipped since its requires_grad=False
2026/03/24 13:35:41 - mmengine - WARNING - backbone.layer4.0.bn1.bias is skipped since its requires_grad=False
2026/03/24 13:35:41 - mmengine - INFO - paramwise_options -- backbone.layer4.0.conv2.weight:lr=1e-05
2026/03/24 13:35:41 - mmengine - INFO - paramwise_options -- backbone.layer4.0.conv2.weight:weight_decay=0.0001
2026/03/24 13:35:41 - mmengine - INFO - paramwise_options -- backbone.layer4.0.conv2.weight:lr_mult=0.1
2026/03/24 13:35:41 - mmengine - WARNING - backbone.layer4.0.bn2.weight is skipped since its requires_grad=False
2026/03/24 13:35:41 - mmengine - WARNING - backbone.layer4.0.bn2.bias is skipped since its requires_grad=False
2026/03/24 13:35:41 - mmengine - INFO - paramwise_options -- backbone.layer4.0.conv3.weight:lr=1e-05
2026/03/24 13:35:41 - mmengine - INFO - paramwise_options -- backbone.layer4.0.conv3.weight:weight_decay=0.0001
2026/03/24 13:35:41 - mmengine - INFO - paramwise_options -- backbone.layer4.0.conv3.weight:lr_mult=0.1
2026/03/24 13:35:41 - mmengine - WARNING - backbone.layer4.0.bn3.weight is skipped since its requires_grad=False
2026/03/24 13:35:41 - mmengine - WARNING - backbone.layer4.0.bn3.bias is skipped since its requires_grad=False
2026/03/24 13:35:41 - mmengine - INFO - paramwise_options -- backbone.layer4.0.downsample.0.weight:lr=1e-05
2026/03/24 13:35:41 - mmengine - INFO - paramwise_options -- backbone.layer4.0.downsample.0.weight:weight_decay=0.0001
2026/03/24 13:35:41 - mmengine - INFO - paramwise_options -- backbone.layer4.0.downsample.0.weight:lr_mult=0.1
2026/03/24 13:35:41 - mmengine - WARNING - backbone.layer4.0.downsample.1.weight is skipped since its requires_grad=False
2026/03/24 13:35:41 - mmengine - WARNING - backbone.layer4.0.downsample.1.bias is skipped since its requires_grad=False
2026/03/24 13:35:41 - mmengine - INFO - paramwise_options -- backbone.layer4.1.conv1.weight:lr=1e-05
2026/03/24 13:35:41 - mmengine - INFO - paramwise_options -- backbone.layer4.1.conv1.weight:weight_decay=0.0001
2026/03/24 13:35:41 - mmengine - INFO - paramwise_options -- backbone.layer4.1.conv1.weight:lr_mult=0.1
2026/03/24 13:35:41 - mmengine - WARNING - backbone.layer4.1.bn1.weight is skipped since its requires_grad=False
2026/03/24 13:35:41 - mmengine - WARNING - backbone.layer4.1.bn1.bias is skipped since its requires_grad=False
2026/03/24 13:35:41 - mmengine - INFO - paramwise_options -- backbone.layer4.1.conv2.weight:lr=1e-05
2026/03/24 13:35:41 - mmengine - INFO - paramwise_options -- backbone.layer4.1.conv2.weight:weight_decay=0.0001
2026/03/24 13:35:41 - mmengine - INFO - paramwise_options -- backbone.layer4.1.conv2.weight:lr_mult=0.1
2026/03/24 13:35:41 - mmengine - WARNING - backbone.layer4.1.bn2.weight is skipped since its requires_grad=False
2026/03/24 13:35:41 - mmengine - WARNING - backbone.layer4.1.bn2.bias is skipped since its requires_grad=False
2026/03/24 13:35:41 - mmengine - INFO - paramwise_options -- backbone.layer4.1.conv3.weight:lr=1e-05
2026/03/24 13:35:41 - mmengine - INFO - paramwise_options -- backbone.layer4.1.conv3.weight:weight_decay=0.0001
2026/03/24 13:35:41 - mmengine - INFO - paramwise_options -- backbone.layer4.1.conv3.weight:lr_mult=0.1
2026/03/24 13:35:41 - mmengine - WARNING - backbone.layer4.1.bn3.weight is skipped since its requires_grad=False
2026/03/24 13:35:41 - mmengine - WARNING - backbone.layer4.1.bn3.bias is skipped since its requires_grad=False
2026/03/24 13:35:41 - mmengine - INFO - paramwise_options -- backbone.layer4.2.conv1.weight:lr=1e-05
2026/03/24 13:35:41 - mmengine - INFO - paramwise_options -- backbone.layer4.2.conv1.weight:weight_decay=0.0001
2026/03/24 13:35:41 - mmengine - INFO - paramwise_options -- backbone.layer4.2.conv1.weight:lr_mult=0.1
2026/03/24 13:35:41 - mmengine - WARNING - backbone.layer4.2.bn1.weight is skipped since its requires_grad=False
2026/03/24 13:35:41 - mmengine - WARNING - backbone.layer4.2.bn1.bias is skipped since its requires_grad=False
2026/03/24 13:35:41 - mmengine - INFO - paramwise_options -- backbone.layer4.2.conv2.weight:lr=1e-05
2026/03/24 13:35:41 - mmengine - INFO - paramwise_options -- backbone.layer4.2.conv2.weight:weight_decay=0.0001
2026/03/24 13:35:41 - mmengine - INFO - paramwise_options -- backbone.layer4.2.conv2.weight:lr_mult=0.1
2026/03/24 13:35:41 - mmengine - WARNING - backbone.layer4.2.bn2.weight is skipped since its requires_grad=False
2026/03/24 13:35:41 - mmengine - WARNING - backbone.layer4.2.bn2.bias is skipped since its requires_grad=False
2026/03/24 13:35:41 - mmengine - INFO - paramwise_options -- backbone.layer4.2.conv3.weight:lr=1e-05
2026/03/24 13:35:41 - mmengine - INFO - paramwise_options -- backbone.layer4.2.conv3.weight:weight_decay=0.0001
2026/03/24 13:35:41 - mmengine - INFO - paramwise_options -- backbone.layer4.2.conv3.weight:lr_mult=0.1
2026/03/24 13:35:41 - mmengine - WARNING - backbone.layer4.2.bn3.weight is skipped since its requires_grad=False
2026/03/24 13:35:41 - mmengine - WARNING - backbone.layer4.2.bn3.bias is skipped since its requires_grad=False
2026/03/24 13:35:44 - mmengine - INFO - load model from: torchvision://resnet50
2026/03/24 13:35:44 - mmengine - INFO - Loads checkpoint by torchvision backend from path: torchvision://resnet50
2026/03/24 13:35:44 - mmengine - WARNING - The model and loaded state dict do not match exactly

unexpected key in source state_dict: fc.weight, fc.bias

Name of parameter - Initialization information

level_embed - torch.Size([4, 256]): 
The value is the same before and after calling `init_weights` of DINO  

backbone.conv1.weight - torch.Size([64, 3, 7, 7]): 
PretrainedInit: load from torchvision://resnet50 

backbone.bn1.weight - torch.Size([64]): 
PretrainedInit: load from torchvision://resnet50 

backbone.bn1.bias - torch.Size([64]): 
PretrainedInit: load from torchvision://resnet50 

backbone.layer1.0.conv1.weight - torch.Size([64, 64, 1, 1]): 
PretrainedInit: load from torchvision://resnet50 

backbone.layer1.0.bn1.weight - torch.Size([64]): 
PretrainedInit: load from torchvision://resnet50 

backbone.layer1.0.bn1.bias - torch.Size([64]): 
PretrainedInit: load from torchvision://resnet50 

backbone.layer1.0.conv2.weight - torch.Size([64, 64, 3, 3]): 
PretrainedInit: load from torchvision://resnet50 

backbone.layer1.0.bn2.weight - torch.Size([64]): 
PretrainedInit: load from torchvision://resnet50 

backbone.layer1.0.bn2.bias - torch.Size([64]): 
PretrainedInit: load from torchvision://resnet50 

backbone.layer1.0.conv3.weight - torch.Size([256, 64, 1, 1]): 
PretrainedInit: load from torchvision://resnet50 

backbone.layer1.0.bn3.weight - torch.Size([256]): 
PretrainedInit: load from torchvision://resnet50 

backbone.layer1.0.bn3.bias - torch.Size([256]): 
PretrainedInit: load from torchvision://resnet50 

backbone.layer1.0.downsample.0.weight - torch.Size([256, 64, 1, 1]): 
PretrainedInit: load from torchvision://resnet50 

backbone.layer1.0.downsample.1.weight - torch.Size([256]): 
PretrainedInit: load from torchvision://resnet50 

backbone.layer1.0.downsample.1.bias - torch.Size([256]): 
PretrainedInit: load from torchvision://resnet50 

backbone.layer1.1.conv1.weight - torch.Size([64, 256, 1, 1]): 
PretrainedInit: load from torchvision://resnet50 

backbone.layer1.1.bn1.weight - torch.Size([64]): 
PretrainedInit: load from torchvision://resnet50 

backbone.layer1.1.bn1.bias - torch.Size([64]): 
PretrainedInit: load from torchvision://resnet50 

backbone.layer1.1.conv2.weight - torch.Size([64, 64, 3, 3]): 
PretrainedInit: load from torchvision://resnet50 

backbone.layer1.1.bn2.weight - torch.Size([64]): 
PretrainedInit: load from torchvision://resnet50 

backbone.layer1.1.bn2.bias - torch.Size([64]): 
PretrainedInit: load from torchvision://resnet50 

backbone.layer1.1.conv3.weight - torch.Size([256, 64, 1, 1]): 
PretrainedInit: load from torchvision://resnet50 

backbone.layer1.1.bn3.weight - torch.Size([256]): 
PretrainedInit: load from torchvision://resnet50 

backbone.layer1.1.bn3.bias - torch.Size([256]): 
PretrainedInit: load from torchvision://resnet50 

backbone.layer1.2.conv1.weight - torch.Size([64, 256, 1, 1]): 
PretrainedInit: load from torchvision://resnet50 

backbone.layer1.2.bn1.weight - torch.Size([64]): 
PretrainedInit: load from torchvision://resnet50 

backbone.layer1.2.bn1.bias - torch.Size([64]): 
PretrainedInit: load from torchvision://resnet50 

backbone.layer1.2.conv2.weight - torch.Size([64, 64, 3, 3]): 
PretrainedInit: load from torchvision://resnet50 

backbone.layer1.2.bn2.weight - torch.Size([64]): 
PretrainedInit: load from torchvision://resnet50 

backbone.layer1.2.bn2.bias - torch.Size([64]): 
PretrainedInit: load from torchvision://resnet50 

backbone.layer1.2.conv3.weight - torch.Size([256, 64, 1, 1]): 
PretrainedInit: load from torchvision://resnet50 

backbone.layer1.2.bn3.weight - torch.Size([256]): 
PretrainedInit: load from torchvision://resnet50 

backbone.layer1.2.bn3.bias - torch.Size([256]): 
PretrainedInit: load from torchvision://resnet50 

backbone.layer2.0.conv1.weight - torch.Size([128, 256, 1, 1]): 
PretrainedInit: load from torchvision://resnet50 

backbone.layer2.0.bn1.weight - torch.Size([128]): 
PretrainedInit: load from torchvision://resnet50 

backbone.layer2.0.bn1.bias - torch.Size([128]): 
PretrainedInit: load from torchvision://resnet50 

backbone.layer2.0.conv2.weight - torch.Size([128, 128, 3, 3]): 
PretrainedInit: load from torchvision://resnet50 

backbone.layer2.0.bn2.weight - torch.Size([128]): 
PretrainedInit: load from torchvision://resnet50 

backbone.layer2.0.bn2.bias - torch.Size([128]): 
PretrainedInit: load from torchvision://resnet50 

backbone.layer2.0.conv3.weight - torch.Size([512, 128, 1, 1]): 
PretrainedInit: load from torchvision://resnet50 

backbone.layer2.0.bn3.weight - torch.Size([512]): 
PretrainedInit: load from torchvision://resnet50 

backbone.layer2.0.bn3.bias - torch.Size([512]): 
PretrainedInit: load from torchvision://resnet50 

backbone.layer2.0.downsample.0.weight - torch.Size([512, 256, 1, 1]): 
PretrainedInit: load from torchvision://resnet50 

backbone.layer2.0.downsample.1.weight - torch.Size([512]): 
PretrainedInit: load from torchvision://resnet50 

backbone.layer2.0.downsample.1.bias - torch.Size([512]): 
PretrainedInit: load from torchvision://resnet50 

backbone.layer2.1.conv1.weight - torch.Size([128, 512, 1, 1]): 
PretrainedInit: load from torchvision://resnet50 

backbone.layer2.1.bn1.weight - torch.Size([128]): 
PretrainedInit: load from torchvision://resnet50 

backbone.layer2.1.bn1.bias - torch.Size([128]): 
PretrainedInit: load from torchvision://resnet50 

backbone.layer2.1.conv2.weight - torch.Size([128, 128, 3, 3]): 
PretrainedInit: load from torchvision://resnet50 

backbone.layer2.1.bn2.weight - torch.Size([128]): 
PretrainedInit: load from torchvision://resnet50 

backbone.layer2.1.bn2.bias - torch.Size([128]): 
PretrainedInit: load from torchvision://resnet50 

backbone.layer2.1.conv3.weight - torch.Size([512, 128, 1, 1]): 
PretrainedInit: load from torchvision://resnet50 

backbone.layer2.1.bn3.weight - torch.Size([512]): 
PretrainedInit: load from torchvision://resnet50 

backbone.layer2.1.bn3.bias - torch.Size([512]): 
PretrainedInit: load from torchvision://resnet50 

backbone.layer2.2.conv1.weight - torch.Size([128, 512, 1, 1]): 
PretrainedInit: load from torchvision://resnet50 

backbone.layer2.2.bn1.weight - torch.Size([128]): 
PretrainedInit: load from torchvision://resnet50 

backbone.layer2.2.bn1.bias - torch.Size([128]): 
PretrainedInit: load from torchvision://resnet50 

backbone.layer2.2.conv2.weight - torch.Size([128, 128, 3, 3]): 
PretrainedInit: load from torchvision://resnet50 

backbone.layer2.2.bn2.weight - torch.Size([128]): 
PretrainedInit: load from torchvision://resnet50 

backbone.layer2.2.bn2.bias - torch.Size([128]): 
PretrainedInit: load from torchvision://resnet50 

backbone.layer2.2.conv3.weight - torch.Size([512, 128, 1, 1]): 
PretrainedInit: load from torchvision://resnet50 

backbone.layer2.2.bn3.weight - torch.Size([512]): 
PretrainedInit: load from torchvision://resnet50 

backbone.layer2.2.bn3.bias - torch.Size([512]): 
PretrainedInit: load from torchvision://resnet50 

backbone.layer2.3.conv1.weight - torch.Size([128, 512, 1, 1]): 
PretrainedInit: load from torchvision://resnet50 

backbone.layer2.3.bn1.weight - torch.Size([128]): 
PretrainedInit: load from torchvision://resnet50 

backbone.layer2.3.bn1.bias - torch.Size([128]): 
PretrainedInit: load from torchvision://resnet50 

backbone.layer2.3.conv2.weight - torch.Size([128, 128, 3, 3]): 
PretrainedInit: load from torchvision://resnet50 

backbone.layer2.3.bn2.weight - torch.Size([128]): 
PretrainedInit: load from torchvision://resnet50 

backbone.layer2.3.bn2.bias - torch.Size([128]): 
PretrainedInit: load from torchvision://resnet50 

backbone.layer2.3.conv3.weight - torch.Size([512, 128, 1, 1]): 
PretrainedInit: load from torchvision://resnet50 

backbone.layer2.3.bn3.weight - torch.Size([512]): 
PretrainedInit: load from torchvision://resnet50 

backbone.layer2.3.bn3.bias - torch.Size([512]): 
PretrainedInit: load from torchvision://resnet50 

backbone.layer3.0.conv1.weight - torch.Size([256, 512, 1, 1]): 
PretrainedInit: load from torchvision://resnet50 

backbone.layer3.0.bn1.weight - torch.Size([256]): 
PretrainedInit: load from torchvision://resnet50 

backbone.layer3.0.bn1.bias - torch.Size([256]): 
PretrainedInit: load from torchvision://resnet50 

backbone.layer3.0.conv2.weight - torch.Size([256, 256, 3, 3]): 
PretrainedInit: load from torchvision://resnet50 

backbone.layer3.0.bn2.weight - torch.Size([256]): 
PretrainedInit: load from torchvision://resnet50 

backbone.layer3.0.bn2.bias - torch.Size([256]): 
PretrainedInit: load from torchvision://resnet50 

backbone.layer3.0.conv3.weight - torch.Size([1024, 256, 1, 1]): 
PretrainedInit: load from torchvision://resnet50 

backbone.layer3.0.bn3.weight - torch.Size([1024]): 
PretrainedInit: load from torchvision://resnet50 

backbone.layer3.0.bn3.bias - torch.Size([1024]): 
PretrainedInit: load from torchvision://resnet50 

backbone.layer3.0.downsample.0.weight - torch.Size([1024, 512, 1, 1]): 
PretrainedInit: load from torchvision://resnet50 

backbone.layer3.0.downsample.1.weight - torch.Size([1024]): 
PretrainedInit: load from torchvision://resnet50 

backbone.layer3.0.downsample.1.bias - torch.Size([1024]): 
PretrainedInit: load from torchvision://resnet50 

backbone.layer3.1.conv1.weight - torch.Size([256, 1024, 1, 1]): 
PretrainedInit: load from torchvision://resnet50 

backbone.layer3.1.bn1.weight - torch.Size([256]): 
PretrainedInit: load from torchvision://resnet50 

backbone.layer3.1.bn1.bias - torch.Size([256]): 
PretrainedInit: load from torchvision://resnet50 

backbone.layer3.1.conv2.weight - torch.Size([256, 256, 3, 3]): 
PretrainedInit: load from torchvision://resnet50 

backbone.layer3.1.bn2.weight - torch.Size([256]): 
PretrainedInit: load from torchvision://resnet50 

backbone.layer3.1.bn2.bias - torch.Size([256]): 
PretrainedInit: load from torchvision://resnet50 

backbone.layer3.1.conv3.weight - torch.Size([1024, 256, 1, 1]): 
PretrainedInit: load from torchvision://resnet50 

backbone.layer3.1.bn3.weight - torch.Size([1024]): 
PretrainedInit: load from torchvision://resnet50 

backbone.layer3.1.bn3.bias - torch.Size([1024]): 
PretrainedInit: load from torchvision://resnet50 

backbone.layer3.2.conv1.weight - torch.Size([256, 1024, 1, 1]): 
PretrainedInit: load from torchvision://resnet50 

backbone.layer3.2.bn1.weight - torch.Size([256]): 
PretrainedInit: load from torchvision://resnet50 

backbone.layer3.2.bn1.bias - torch.Size([256]): 
PretrainedInit: load from torchvision://resnet50 

backbone.layer3.2.conv2.weight - torch.Size([256, 256, 3, 3]): 
PretrainedInit: load from torchvision://resnet50 

backbone.layer3.2.bn2.weight - torch.Size([256]): 
PretrainedInit: load from torchvision://resnet50 

backbone.layer3.2.bn2.bias - torch.Size([256]): 
PretrainedInit: load from torchvision://resnet50 

backbone.layer3.2.conv3.weight - torch.Size([1024, 256, 1, 1]): 
PretrainedInit: load from torchvision://resnet50 

backbone.layer3.2.bn3.weight - torch.Size([1024]): 
PretrainedInit: load from torchvision://resnet50 

backbone.layer3.2.bn3.bias - torch.Size([1024]): 
PretrainedInit: load from torchvision://resnet50 

backbone.layer3.3.conv1.weight - torch.Size([256, 1024, 1, 1]): 
PretrainedInit: load from torchvision://resnet50 

backbone.layer3.3.bn1.weight - torch.Size([256]): 
PretrainedInit: load from torchvision://resnet50 

backbone.layer3.3.bn1.bias - torch.Size([256]): 
PretrainedInit: load from torchvision://resnet50 

backbone.layer3.3.conv2.weight - torch.Size([256, 256, 3, 3]): 
PretrainedInit: load from torchvision://resnet50 

backbone.layer3.3.bn2.weight - torch.Size([256]): 
PretrainedInit: load from torchvision://resnet50 

backbone.layer3.3.bn2.bias - torch.Size([256]): 
PretrainedInit: load from torchvision://resnet50 

backbone.layer3.3.conv3.weight - torch.Size([1024, 256, 1, 1]): 
PretrainedInit: load from torchvision://resnet50 

backbone.layer3.3.bn3.weight - torch.Size([1024]): 
PretrainedInit: load from torchvision://resnet50 

backbone.layer3.3.bn3.bias - torch.Size([1024]): 
PretrainedInit: load from torchvision://resnet50 

backbone.layer3.4.conv1.weight - torch.Size([256, 1024, 1, 1]): 
PretrainedInit: load from torchvision://resnet50 

backbone.layer3.4.bn1.weight - torch.Size([256]): 
PretrainedInit: load from torchvision://resnet50 

backbone.layer3.4.bn1.bias - torch.Size([256]): 
PretrainedInit: load from torchvision://resnet50 

backbone.layer3.4.conv2.weight - torch.Size([256, 256, 3, 3]): 
PretrainedInit: load from torchvision://resnet50 

backbone.layer3.4.bn2.weight - torch.Size([256]): 
PretrainedInit: load from torchvision://resnet50 

backbone.layer3.4.bn2.bias - torch.Size([256]): 
PretrainedInit: load from torchvision://resnet50 

backbone.layer3.4.conv3.weight - torch.Size([1024, 256, 1, 1]): 
PretrainedInit: load from torchvision://resnet50 

backbone.layer3.4.bn3.weight - torch.Size([1024]): 
PretrainedInit: load from torchvision://resnet50 

backbone.layer3.4.bn3.bias - torch.Size([1024]): 
PretrainedInit: load from torchvision://resnet50 

backbone.layer3.5.conv1.weight - torch.Size([256, 1024, 1, 1]): 
PretrainedInit: load from torchvision://resnet50 

backbone.layer3.5.bn1.weight - torch.Size([256]): 
PretrainedInit: load from torchvision://resnet50 

backbone.layer3.5.bn1.bias - torch.Size([256]): 
PretrainedInit: load from torchvision://resnet50 

backbone.layer3.5.conv2.weight - torch.Size([256, 256, 3, 3]): 
PretrainedInit: load from torchvision://resnet50 

backbone.layer3.5.bn2.weight - torch.Size([256]): 
PretrainedInit: load from torchvision://resnet50 

backbone.layer3.5.bn2.bias - torch.Size([256]): 
PretrainedInit: load from torchvision://resnet50 

backbone.layer3.5.conv3.weight - torch.Size([1024, 256, 1, 1]): 
PretrainedInit: load from torchvision://resnet50 

backbone.layer3.5.bn3.weight - torch.Size([1024]): 
PretrainedInit: load from torchvision://resnet50 

backbone.layer3.5.bn3.bias - torch.Size([1024]): 
PretrainedInit: load from torchvision://resnet50 

backbone.layer4.0.conv1.weight - torch.Size([512, 1024, 1, 1]): 
PretrainedInit: load from torchvision://resnet50 

backbone.layer4.0.bn1.weight - torch.Size([512]): 
PretrainedInit: load from torchvision://resnet50 

backbone.layer4.0.bn1.bias - torch.Size([512]): 
PretrainedInit: load from torchvision://resnet50 

backbone.layer4.0.conv2.weight - torch.Size([512, 512, 3, 3]): 
PretrainedInit: load from torchvision://resnet50 

backbone.layer4.0.bn2.weight - torch.Size([512]): 
PretrainedInit: load from torchvision://resnet50 

backbone.layer4.0.bn2.bias - torch.Size([512]): 
PretrainedInit: load from torchvision://resnet50 

backbone.layer4.0.conv3.weight - torch.Size([2048, 512, 1, 1]): 
PretrainedInit: load from torchvision://resnet50 

backbone.layer4.0.bn3.weight - torch.Size([2048]): 
PretrainedInit: load from torchvision://resnet50 

backbone.layer4.0.bn3.bias - torch.Size([2048]): 
PretrainedInit: load from torchvision://resnet50 

backbone.layer4.0.downsample.0.weight - torch.Size([2048, 1024, 1, 1]): 
PretrainedInit: load from torchvision://resnet50 

backbone.layer4.0.downsample.1.weight - torch.Size([2048]): 
PretrainedInit: load from torchvision://resnet50 

backbone.layer4.0.downsample.1.bias - torch.Size([2048]): 
PretrainedInit: load from torchvision://resnet50 

backbone.layer4.1.conv1.weight - torch.Size([512, 2048, 1, 1]): 
PretrainedInit: load from torchvision://resnet50 

backbone.layer4.1.bn1.weight - torch.Size([512]): 
PretrainedInit: load from torchvision://resnet50 

backbone.layer4.1.bn1.bias - torch.Size([512]): 
PretrainedInit: load from torchvision://resnet50 

backbone.layer4.1.conv2.weight - torch.Size([512, 512, 3, 3]): 
PretrainedInit: load from torchvision://resnet50 

backbone.layer4.1.bn2.weight - torch.Size([512]): 
PretrainedInit: load from torchvision://resnet50 

backbone.layer4.1.bn2.bias - torch.Size([512]): 
PretrainedInit: load from torchvision://resnet50 

backbone.layer4.1.conv3.weight - torch.Size([2048, 512, 1, 1]): 
PretrainedInit: load from torchvision://resnet50 

backbone.layer4.1.bn3.weight - torch.Size([2048]): 
PretrainedInit: load from torchvision://resnet50 

backbone.layer4.1.bn3.bias - torch.Size([2048]): 
PretrainedInit: load from torchvision://resnet50 

backbone.layer4.2.conv1.weight - torch.Size([512, 2048, 1, 1]): 
PretrainedInit: load from torchvision://resnet50 

backbone.layer4.2.bn1.weight - torch.Size([512]): 
PretrainedInit: load from torchvision://resnet50 

backbone.layer4.2.bn1.bias - torch.Size([512]): 
PretrainedInit: load from torchvision://resnet50 

backbone.layer4.2.conv2.weight - torch.Size([512, 512, 3, 3]): 
PretrainedInit: load from torchvision://resnet50 

backbone.layer4.2.bn2.weight - torch.Size([512]): 
PretrainedInit: load from torchvision://resnet50 

backbone.layer4.2.bn2.bias - torch.Size([512]): 
PretrainedInit: load from torchvision://resnet50 

backbone.layer4.2.conv3.weight - torch.Size([2048, 512, 1, 1]): 
PretrainedInit: load from torchvision://resnet50 

backbone.layer4.2.bn3.weight - torch.Size([2048]): 
PretrainedInit: load from torchvision://resnet50 

backbone.layer4.2.bn3.bias - torch.Size([2048]): 
PretrainedInit: load from torchvision://resnet50 

neck.convs.0.conv.weight - torch.Size([256, 512, 1, 1]): 
XavierInit: gain=1, distribution=uniform, bias=0 

neck.convs.0.gn.weight - torch.Size([256]): 
The value is the same before and after calling `init_weights` of DINO  

neck.convs.0.gn.bias - torch.Size([256]): 
The value is the same before and after calling `init_weights` of DINO  

neck.convs.1.conv.weight - torch.Size([256, 1024, 1, 1]): 
XavierInit: gain=1, distribution=uniform, bias=0 

neck.convs.1.gn.weight - torch.Size([256]): 
The value is the same before and after calling `init_weights` of DINO  

neck.convs.1.gn.bias - torch.Size([256]): 
The value is the same before and after calling `init_weights` of DINO  

neck.convs.2.conv.weight - torch.Size([256, 2048, 1, 1]): 
XavierInit: gain=1, distribution=uniform, bias=0 

neck.convs.2.gn.weight - torch.Size([256]): 
The value is the same before and after calling `init_weights` of DINO  

neck.convs.2.gn.bias - torch.Size([256]): 
The value is the same before and after calling `init_weights` of DINO  

neck.extra_convs.0.conv.weight - torch.Size([256, 2048, 3, 3]): 
XavierInit: gain=1, distribution=uniform, bias=0 

neck.extra_convs.0.gn.weight - torch.Size([256]): 
The value is the same before and after calling `init_weights` of DINO  

neck.extra_convs.0.gn.bias - torch.Size([256]): 
The value is the same before and after calling `init_weights` of DINO  

bbox_head.cls_branches.0.weight - torch.Size([1, 256]): 
The value is the same before and after calling `init_weights` of DINO  

bbox_head.cls_branches.0.bias - torch.Size([1]): 
Initialized by user-defined `init_weights` in DINOHead  

bbox_head.cls_branches.1.weight - torch.Size([1, 256]): 
The value is the same before and after calling `init_weights` of DINO  

bbox_head.cls_branches.1.bias - torch.Size([1]): 
Initialized by user-defined `init_weights` in DINOHead  

bbox_head.cls_branches.2.weight - torch.Size([1, 256]): 
The value is the same before and after calling `init_weights` of DINO  

bbox_head.cls_branches.2.bias - torch.Size([1]): 
Initialized by user-defined `init_weights` in DINOHead  

bbox_head.cls_branches.3.weight - torch.Size([1, 256]): 
The value is the same before and after calling `init_weights` of DINO  

bbox_head.cls_branches.3.bias - torch.Size([1]): 
Initialized by user-defined `init_weights` in DINOHead  

bbox_head.cls_branches.4.weight - torch.Size([1, 256]): 
The value is the same before and after calling `init_weights` of DINO  

bbox_head.cls_branches.4.bias - torch.Size([1]): 
Initialized by user-defined `init_weights` in DINOHead  

bbox_head.cls_branches.5.weight - torch.Size([1, 256]): 
The value is the same before and after calling `init_weights` of DINO  

bbox_head.cls_branches.5.bias - torch.Size([1]): 
Initialized by user-defined `init_weights` in DINOHead  

bbox_head.cls_branches.6.weight - torch.Size([1, 256]): 
The value is the same before and after calling `init_weights` of DINO  

bbox_head.cls_branches.6.bias - torch.Size([1]): 
Initialized by user-defined `init_weights` in DINOHead  

bbox_head.reg_branches.0.0.weight - torch.Size([256, 256]): 
The value is the same before and after calling `init_weights` of DINO  

bbox_head.reg_branches.0.0.bias - torch.Size([256]): 
The value is the same before and after calling `init_weights` of DINO  

bbox_head.reg_branches.0.2.weight - torch.Size([256, 256]): 
The value is the same before and after calling `init_weights` of DINO  

bbox_head.reg_branches.0.2.bias - torch.Size([256]): 
The value is the same before and after calling `init_weights` of DINO  

bbox_head.reg_branches.0.4.weight - torch.Size([4, 256]): 
Initialized by user-defined `init_weights` in DINOHead  

bbox_head.reg_branches.0.4.bias - torch.Size([4]): 
Initialized by user-defined `init_weights` in DINOHead  

bbox_head.reg_branches.1.0.weight - torch.Size([256, 256]): 
The value is the same before and after calling `init_weights` of DINO  

bbox_head.reg_branches.1.0.bias - torch.Size([256]): 
The value is the same before and after calling `init_weights` of DINO  

bbox_head.reg_branches.1.2.weight - torch.Size([256, 256]): 
The value is the same before and after calling `init_weights` of DINO  

bbox_head.reg_branches.1.2.bias - torch.Size([256]): 
The value is the same before and after calling `init_weights` of DINO  

bbox_head.reg_branches.1.4.weight - torch.Size([4, 256]): 
Initialized by user-defined `init_weights` in DINOHead  

bbox_head.reg_branches.1.4.bias - torch.Size([4]): 
Initialized by user-defined `init_weights` in DINOHead  

bbox_head.reg_branches.2.0.weight - torch.Size([256, 256]): 
The value is the same before and after calling `init_weights` of DINO  

bbox_head.reg_branches.2.0.bias - torch.Size([256]): 
The value is the same before and after calling `init_weights` of DINO  

bbox_head.reg_branches.2.2.weight - torch.Size([256, 256]): 
The value is the same before and after calling `init_weights` of DINO  

bbox_head.reg_branches.2.2.bias - torch.Size([256]): 
The value is the same before and after calling `init_weights` of DINO  

bbox_head.reg_branches.2.4.weight - torch.Size([4, 256]): 
Initialized by user-defined `init_weights` in DINOHead  

bbox_head.reg_branches.2.4.bias - torch.Size([4]): 
Initialized by user-defined `init_weights` in DINOHead  

bbox_head.reg_branches.3.0.weight - torch.Size([256, 256]): 
The value is the same before and after calling `init_weights` of DINO  

bbox_head.reg_branches.3.0.bias - torch.Size([256]): 
The value is the same before and after calling `init_weights` of DINO  

bbox_head.reg_branches.3.2.weight - torch.Size([256, 256]): 
The value is the same before and after calling `init_weights` of DINO  

bbox_head.reg_branches.3.2.bias - torch.Size([256]): 
The value is the same before and after calling `init_weights` of DINO  

bbox_head.reg_branches.3.4.weight - torch.Size([4, 256]): 
Initialized by user-defined `init_weights` in DINOHead  

bbox_head.reg_branches.3.4.bias - torch.Size([4]): 
Initialized by user-defined `init_weights` in DINOHead  

bbox_head.reg_branches.4.0.weight - torch.Size([256, 256]): 
The value is the same before and after calling `init_weights` of DINO  

bbox_head.reg_branches.4.0.bias - torch.Size([256]): 
The value is the same before and after calling `init_weights` of DINO  

bbox_head.reg_branches.4.2.weight - torch.Size([256, 256]): 
The value is the same before and after calling `init_weights` of DINO  

bbox_head.reg_branches.4.2.bias - torch.Size([256]): 
The value is the same before and after calling `init_weights` of DINO  

bbox_head.reg_branches.4.4.weight - torch.Size([4, 256]): 
Initialized by user-defined `init_weights` in DINOHead  

bbox_head.reg_branches.4.4.bias - torch.Size([4]): 
Initialized by user-defined `init_weights` in DINOHead  

bbox_head.reg_branches.5.0.weight - torch.Size([256, 256]): 
The value is the same before and after calling `init_weights` of DINO  

bbox_head.reg_branches.5.0.bias - torch.Size([256]): 
The value is the same before and after calling `init_weights` of DINO  

bbox_head.reg_branches.5.2.weight - torch.Size([256, 256]): 
The value is the same before and after calling `init_weights` of DINO  

bbox_head.reg_branches.5.2.bias - torch.Size([256]): 
The value is the same before and after calling `init_weights` of DINO  

bbox_head.reg_branches.5.4.weight - torch.Size([4, 256]): 
Initialized by user-defined `init_weights` in DINOHead  

bbox_head.reg_branches.5.4.bias - torch.Size([4]): 
Initialized by user-defined `init_weights` in DINOHead  

bbox_head.reg_branches.6.0.weight - torch.Size([256, 256]): 
The value is the same before and after calling `init_weights` of DINO  

bbox_head.reg_branches.6.0.bias - torch.Size([256]): 
The value is the same before and after calling `init_weights` of DINO  

bbox_head.reg_branches.6.2.weight - torch.Size([256, 256]): 
The value is the same before and after calling `init_weights` of DINO  

bbox_head.reg_branches.6.2.bias - torch.Size([256]): 
The value is the same before and after calling `init_weights` of DINO  

bbox_head.reg_branches.6.4.weight - torch.Size([4, 256]): 
Initialized by user-defined `init_weights` in DINOHead  

bbox_head.reg_branches.6.4.bias - torch.Size([4]): 
Initialized by user-defined `init_weights` in DINOHead  

encoder.layers.0.self_attn.sampling_offsets.weight - torch.Size([256, 256]): 
The value is the same before and after calling `init_weights` of DINO  

encoder.layers.0.self_attn.sampling_offsets.bias - torch.Size([256]): 
The value is the same before and after calling `init_weights` of DINO  

encoder.layers.0.self_attn.attention_weights.weight - torch.Size([128, 256]): 
The value is the same before and after calling `init_weights` of DINO  

encoder.layers.0.self_attn.attention_weights.bias - torch.Size([128]): 
The value is the same before and after calling `init_weights` of DINO  

encoder.layers.0.self_attn.value_proj.weight - torch.Size([256, 256]): 
The value is the same before and after calling `init_weights` of DINO  

encoder.layers.0.self_attn.value_proj.bias - torch.Size([256]): 
The value is the same before and after calling `init_weights` of DINO  

encoder.layers.0.self_attn.output_proj.weight - torch.Size([256, 256]): 
The value is the same before and after calling `init_weights` of DINO  

encoder.layers.0.self_attn.output_proj.bias - torch.Size([256]): 
The value is the same before and after calling `init_weights` of DINO  

encoder.layers.0.ffn.layers.0.0.weight - torch.Size([2048, 256]): 
The value is the same before and after calling `init_weights` of DINO  

encoder.layers.0.ffn.layers.0.0.bias - torch.Size([2048]): 
The value is the same before and after calling `init_weights` of DINO  

encoder.layers.0.ffn.layers.1.weight - torch.Size([256, 2048]): 
The value is the same before and after calling `init_weights` of DINO  

encoder.layers.0.ffn.layers.1.bias - torch.Size([256]): 
The value is the same before and after calling `init_weights` of DINO  

encoder.layers.0.norms.0.weight - torch.Size([256]): 
The value is the same before and after calling `init_weights` of DINO  

encoder.layers.0.norms.0.bias - torch.Size([256]): 
The value is the same before and after calling `init_weights` of DINO  

encoder.layers.0.norms.1.weight - torch.Size([256]): 
The value is the same before and after calling `init_weights` of DINO  

encoder.layers.0.norms.1.bias - torch.Size([256]): 
The value is the same before and after calling `init_weights` of DINO  

encoder.layers.1.self_attn.sampling_offsets.weight - torch.Size([256, 256]): 
The value is the same before and after calling `init_weights` of DINO  

encoder.layers.1.self_attn.sampling_offsets.bias - torch.Size([256]): 
The value is the same before and after calling `init_weights` of DINO  

encoder.layers.1.self_attn.attention_weights.weight - torch.Size([128, 256]): 
The value is the same before and after calling `init_weights` of DINO  

encoder.layers.1.self_attn.attention_weights.bias - torch.Size([128]): 
The value is the same before and after calling `init_weights` of DINO  

encoder.layers.1.self_attn.value_proj.weight - torch.Size([256, 256]): 
The value is the same before and after calling `init_weights` of DINO  

encoder.layers.1.self_attn.value_proj.bias - torch.Size([256]): 
The value is the same before and after calling `init_weights` of DINO  

encoder.layers.1.self_attn.output_proj.weight - torch.Size([256, 256]): 
The value is the same before and after calling `init_weights` of DINO  

encoder.layers.1.self_attn.output_proj.bias - torch.Size([256]): 
The value is the same before and after calling `init_weights` of DINO  

encoder.layers.1.ffn.layers.0.0.weight - torch.Size([2048, 256]): 
The value is the same before and after calling `init_weights` of DINO  

encoder.layers.1.ffn.layers.0.0.bias - torch.Size([2048]): 
The value is the same before and after calling `init_weights` of DINO  

encoder.layers.1.ffn.layers.1.weight - torch.Size([256, 2048]): 
The value is the same before and after calling `init_weights` of DINO  

encoder.layers.1.ffn.layers.1.bias - torch.Size([256]): 
The value is the same before and after calling `init_weights` of DINO  

encoder.layers.1.norms.0.weight - torch.Size([256]): 
The value is the same before and after calling `init_weights` of DINO  

encoder.layers.1.norms.0.bias - torch.Size([256]): 
The value is the same before and after calling `init_weights` of DINO  

encoder.layers.1.norms.1.weight - torch.Size([256]): 
The value is the same before and after calling `init_weights` of DINO  

encoder.layers.1.norms.1.bias - torch.Size([256]): 
The value is the same before and after calling `init_weights` of DINO  

encoder.layers.2.self_attn.sampling_offsets.weight - torch.Size([256, 256]): 
The value is the same before and after calling `init_weights` of DINO  

encoder.layers.2.self_attn.sampling_offsets.bias - torch.Size([256]): 
The value is the same before and after calling `init_weights` of DINO  

encoder.layers.2.self_attn.attention_weights.weight - torch.Size([128, 256]): 
The value is the same before and after calling `init_weights` of DINO  

encoder.layers.2.self_attn.attention_weights.bias - torch.Size([128]): 
The value is the same before and after calling `init_weights` of DINO  

encoder.layers.2.self_attn.value_proj.weight - torch.Size([256, 256]): 
The value is the same before and after calling `init_weights` of DINO  

encoder.layers.2.self_attn.value_proj.bias - torch.Size([256]): 
The value is the same before and after calling `init_weights` of DINO  

encoder.layers.2.self_attn.output_proj.weight - torch.Size([256, 256]): 
The value is the same before and after calling `init_weights` of DINO  

encoder.layers.2.self_attn.output_proj.bias - torch.Size([256]): 
The value is the same before and after calling `init_weights` of DINO  

encoder.layers.2.ffn.layers.0.0.weight - torch.Size([2048, 256]): 
The value is the same before and after calling `init_weights` of DINO  

encoder.layers.2.ffn.layers.0.0.bias - torch.Size([2048]): 
The value is the same before and after calling `init_weights` of DINO  

encoder.layers.2.ffn.layers.1.weight - torch.Size([256, 2048]): 
The value is the same before and after calling `init_weights` of DINO  

encoder.layers.2.ffn.layers.1.bias - torch.Size([256]): 
The value is the same before and after calling `init_weights` of DINO  

encoder.layers.2.norms.0.weight - torch.Size([256]): 
The value is the same before and after calling `init_weights` of DINO  

encoder.layers.2.norms.0.bias - torch.Size([256]): 
The value is the same before and after calling `init_weights` of DINO  

encoder.layers.2.norms.1.weight - torch.Size([256]): 
The value is the same before and after calling `init_weights` of DINO  

encoder.layers.2.norms.1.bias - torch.Size([256]): 
The value is the same before and after calling `init_weights` of DINO  

encoder.layers.3.self_attn.sampling_offsets.weight - torch.Size([256, 256]): 
The value is the same before and after calling `init_weights` of DINO  

encoder.layers.3.self_attn.sampling_offsets.bias - torch.Size([256]): 
The value is the same before and after calling `init_weights` of DINO  

encoder.layers.3.self_attn.attention_weights.weight - torch.Size([128, 256]): 
The value is the same before and after calling `init_weights` of DINO  

encoder.layers.3.self_attn.attention_weights.bias - torch.Size([128]): 
The value is the same before and after calling `init_weights` of DINO  

encoder.layers.3.self_attn.value_proj.weight - torch.Size([256, 256]): 
The value is the same before and after calling `init_weights` of DINO  

encoder.layers.3.self_attn.value_proj.bias - torch.Size([256]): 
The value is the same before and after calling `init_weights` of DINO  

encoder.layers.3.self_attn.output_proj.weight - torch.Size([256, 256]): 
The value is the same before and after calling `init_weights` of DINO  

encoder.layers.3.self_attn.output_proj.bias - torch.Size([256]): 
The value is the same before and after calling `init_weights` of DINO  

encoder.layers.3.ffn.layers.0.0.weight - torch.Size([2048, 256]): 
The value is the same before and after calling `init_weights` of DINO  

encoder.layers.3.ffn.layers.0.0.bias - torch.Size([2048]): 
The value is the same before and after calling `init_weights` of DINO  

encoder.layers.3.ffn.layers.1.weight - torch.Size([256, 2048]): 
The value is the same before and after calling `init_weights` of DINO  

encoder.layers.3.ffn.layers.1.bias - torch.Size([256]): 
The value is the same before and after calling `init_weights` of DINO  

encoder.layers.3.norms.0.weight - torch.Size([256]): 
The value is the same before and after calling `init_weights` of DINO  

encoder.layers.3.norms.0.bias - torch.Size([256]): 
The value is the same before and after calling `init_weights` of DINO  

encoder.layers.3.norms.1.weight - torch.Size([256]): 
The value is the same before and after calling `init_weights` of DINO  

encoder.layers.3.norms.1.bias - torch.Size([256]): 
The value is the same before and after calling `init_weights` of DINO  

encoder.layers.4.self_attn.sampling_offsets.weight - torch.Size([256, 256]): 
The value is the same before and after calling `init_weights` of DINO  

encoder.layers.4.self_attn.sampling_offsets.bias - torch.Size([256]): 
The value is the same before and after calling `init_weights` of DINO  

encoder.layers.4.self_attn.attention_weights.weight - torch.Size([128, 256]): 
The value is the same before and after calling `init_weights` of DINO  

encoder.layers.4.self_attn.attention_weights.bias - torch.Size([128]): 
The value is the same before and after calling `init_weights` of DINO  

encoder.layers.4.self_attn.value_proj.weight - torch.Size([256, 256]): 
The value is the same before and after calling `init_weights` of DINO  

encoder.layers.4.self_attn.value_proj.bias - torch.Size([256]): 
The value is the same before and after calling `init_weights` of DINO  

encoder.layers.4.self_attn.output_proj.weight - torch.Size([256, 256]): 
The value is the same before and after calling `init_weights` of DINO  

encoder.layers.4.self_attn.output_proj.bias - torch.Size([256]): 
The value is the same before and after calling `init_weights` of DINO  

encoder.layers.4.ffn.layers.0.0.weight - torch.Size([2048, 256]): 
The value is the same before and after calling `init_weights` of DINO  

encoder.layers.4.ffn.layers.0.0.bias - torch.Size([2048]): 
The value is the same before and after calling `init_weights` of DINO  

encoder.layers.4.ffn.layers.1.weight - torch.Size([256, 2048]): 
The value is the same before and after calling `init_weights` of DINO  

encoder.layers.4.ffn.layers.1.bias - torch.Size([256]): 
The value is the same before and after calling `init_weights` of DINO  

encoder.layers.4.norms.0.weight - torch.Size([256]): 
The value is the same before and after calling `init_weights` of DINO  

encoder.layers.4.norms.0.bias - torch.Size([256]): 
The value is the same before and after calling `init_weights` of DINO  

encoder.layers.4.norms.1.weight - torch.Size([256]): 
The value is the same before and after calling `init_weights` of DINO  

encoder.layers.4.norms.1.bias - torch.Size([256]): 
The value is the same before and after calling `init_weights` of DINO  

encoder.layers.5.self_attn.sampling_offsets.weight - torch.Size([256, 256]): 
The value is the same before and after calling `init_weights` of DINO  

encoder.layers.5.self_attn.sampling_offsets.bias - torch.Size([256]): 
The value is the same before and after calling `init_weights` of DINO  

encoder.layers.5.self_attn.attention_weights.weight - torch.Size([128, 256]): 
The value is the same before and after calling `init_weights` of DINO  

encoder.layers.5.self_attn.attention_weights.bias - torch.Size([128]): 
The value is the same before and after calling `init_weights` of DINO  

encoder.layers.5.self_attn.value_proj.weight - torch.Size([256, 256]): 
The value is the same before and after calling `init_weights` of DINO  

encoder.layers.5.self_attn.value_proj.bias - torch.Size([256]): 
The value is the same before and after calling `init_weights` of DINO  

encoder.layers.5.self_attn.output_proj.weight - torch.Size([256, 256]): 
The value is the same before and after calling `init_weights` of DINO  

encoder.layers.5.self_attn.output_proj.bias - torch.Size([256]): 
The value is the same before and after calling `init_weights` of DINO  

encoder.layers.5.ffn.layers.0.0.weight - torch.Size([2048, 256]): 
The value is the same before and after calling `init_weights` of DINO  

encoder.layers.5.ffn.layers.0.0.bias - torch.Size([2048]): 
The value is the same before and after calling `init_weights` of DINO  

encoder.layers.5.ffn.layers.1.weight - torch.Size([256, 2048]): 
The value is the same before and after calling `init_weights` of DINO  

encoder.layers.5.ffn.layers.1.bias - torch.Size([256]): 
The value is the same before and after calling `init_weights` of DINO  

encoder.layers.5.norms.0.weight - torch.Size([256]): 
The value is the same before and after calling `init_weights` of DINO  

encoder.layers.5.norms.0.bias - torch.Size([256]): 
The value is the same before and after calling `init_weights` of DINO  

encoder.layers.5.norms.1.weight - torch.Size([256]): 
The value is the same before and after calling `init_weights` of DINO  

encoder.layers.5.norms.1.bias - torch.Size([256]): 
The value is the same before and after calling `init_weights` of DINO  

decoder.layers.0.self_attn.attn.in_proj_weight - torch.Size([768, 256]): 
The value is the same before and after calling `init_weights` of DINO  

decoder.layers.0.self_attn.attn.in_proj_bias - torch.Size([768]): 
The value is the same before and after calling `init_weights` of DINO  

decoder.layers.0.self_attn.attn.out_proj.weight - torch.Size([256, 256]): 
The value is the same before and after calling `init_weights` of DINO  

decoder.layers.0.self_attn.attn.out_proj.bias - torch.Size([256]): 
The value is the same before and after calling `init_weights` of DINO  

decoder.layers.0.cross_attn.sampling_offsets.weight - torch.Size([256, 256]): 
The value is the same before and after calling `init_weights` of DINO  

decoder.layers.0.cross_attn.sampling_offsets.bias - torch.Size([256]): 
The value is the same before and after calling `init_weights` of DINO  

decoder.layers.0.cross_attn.attention_weights.weight - torch.Size([128, 256]): 
The value is the same before and after calling `init_weights` of DINO  

decoder.layers.0.cross_attn.attention_weights.bias - torch.Size([128]): 
The value is the same before and after calling `init_weights` of DINO  

decoder.layers.0.cross_attn.value_proj.weight - torch.Size([256, 256]): 
The value is the same before and after calling `init_weights` of DINO  

decoder.layers.0.cross_attn.value_proj.bias - torch.Size([256]): 
The value is the same before and after calling `init_weights` of DINO  

decoder.layers.0.cross_attn.output_proj.weight - torch.Size([256, 256]): 
The value is the same before and after calling `init_weights` of DINO  

decoder.layers.0.cross_attn.output_proj.bias - torch.Size([256]): 
The value is the same before and after calling `init_weights` of DINO  

decoder.layers.0.ffn.layers.0.0.weight - torch.Size([2048, 256]): 
The value is the same before and after calling `init_weights` of DINO  

decoder.layers.0.ffn.layers.0.0.bias - torch.Size([2048]): 
The value is the same before and after calling `init_weights` of DINO  

decoder.layers.0.ffn.layers.1.weight - torch.Size([256, 2048]): 
The value is the same before and after calling `init_weights` of DINO  

decoder.layers.0.ffn.layers.1.bias - torch.Size([256]): 
The value is the same before and after calling `init_weights` of DINO  

decoder.layers.0.norms.0.weight - torch.Size([256]): 
The value is the same before and after calling `init_weights` of DINO  

decoder.layers.0.norms.0.bias - torch.Size([256]): 
The value is the same before and after calling `init_weights` of DINO  

decoder.layers.0.norms.1.weight - torch.Size([256]): 
The value is the same before and after calling `init_weights` of DINO  

decoder.layers.0.norms.1.bias - torch.Size([256]): 
The value is the same before and after calling `init_weights` of DINO  

decoder.layers.0.norms.2.weight - torch.Size([256]): 
The value is the same before and after calling `init_weights` of DINO  

decoder.layers.0.norms.2.bias - torch.Size([256]): 
The value is the same before and after calling `init_weights` of DINO  

decoder.layers.1.self_attn.attn.in_proj_weight - torch.Size([768, 256]): 
The value is the same before and after calling `init_weights` of DINO  

decoder.layers.1.self_attn.attn.in_proj_bias - torch.Size([768]): 
The value is the same before and after calling `init_weights` of DINO  

decoder.layers.1.self_attn.attn.out_proj.weight - torch.Size([256, 256]): 
The value is the same before and after calling `init_weights` of DINO  

decoder.layers.1.self_attn.attn.out_proj.bias - torch.Size([256]): 
The value is the same before and after calling `init_weights` of DINO  

decoder.layers.1.cross_attn.sampling_offsets.weight - torch.Size([256, 256]): 
The value is the same before and after calling `init_weights` of DINO  

decoder.layers.1.cross_attn.sampling_offsets.bias - torch.Size([256]): 
The value is the same before and after calling `init_weights` of DINO  

decoder.layers.1.cross_attn.attention_weights.weight - torch.Size([128, 256]): 
The value is the same before and after calling `init_weights` of DINO  

decoder.layers.1.cross_attn.attention_weights.bias - torch.Size([128]): 
The value is the same before and after calling `init_weights` of DINO  

decoder.layers.1.cross_attn.value_proj.weight - torch.Size([256, 256]): 
The value is the same before and after calling `init_weights` of DINO  

decoder.layers.1.cross_attn.value_proj.bias - torch.Size([256]): 
The value is the same before and after calling `init_weights` of DINO  

decoder.layers.1.cross_attn.output_proj.weight - torch.Size([256, 256]): 
The value is the same before and after calling `init_weights` of DINO  

decoder.layers.1.cross_attn.output_proj.bias - torch.Size([256]): 
The value is the same before and after calling `init_weights` of DINO  

decoder.layers.1.ffn.layers.0.0.weight - torch.Size([2048, 256]): 
The value is the same before and after calling `init_weights` of DINO  

decoder.layers.1.ffn.layers.0.0.bias - torch.Size([2048]): 
The value is the same before and after calling `init_weights` of DINO  

decoder.layers.1.ffn.layers.1.weight - torch.Size([256, 2048]): 
The value is the same before and after calling `init_weights` of DINO  

decoder.layers.1.ffn.layers.1.bias - torch.Size([256]): 
The value is the same before and after calling `init_weights` of DINO  

decoder.layers.1.norms.0.weight - torch.Size([256]): 
The value is the same before and after calling `init_weights` of DINO  

decoder.layers.1.norms.0.bias - torch.Size([256]): 
The value is the same before and after calling `init_weights` of DINO  

decoder.layers.1.norms.1.weight - torch.Size([256]): 
The value is the same before and after calling `init_weights` of DINO  

decoder.layers.1.norms.1.bias - torch.Size([256]): 
The value is the same before and after calling `init_weights` of DINO  

decoder.layers.1.norms.2.weight - torch.Size([256]): 
The value is the same before and after calling `init_weights` of DINO  

decoder.layers.1.norms.2.bias - torch.Size([256]): 
The value is the same before and after calling `init_weights` of DINO  

decoder.layers.2.self_attn.attn.in_proj_weight - torch.Size([768, 256]): 
The value is the same before and after calling `init_weights` of DINO  

decoder.layers.2.self_attn.attn.in_proj_bias - torch.Size([768]): 
The value is the same before and after calling `init_weights` of DINO  

decoder.layers.2.self_attn.attn.out_proj.weight - torch.Size([256, 256]): 
The value is the same before and after calling `init_weights` of DINO  

decoder.layers.2.self_attn.attn.out_proj.bias - torch.Size([256]): 
The value is the same before and after calling `init_weights` of DINO  

decoder.layers.2.cross_attn.sampling_offsets.weight - torch.Size([256, 256]): 
The value is the same before and after calling `init_weights` of DINO  

decoder.layers.2.cross_attn.sampling_offsets.bias - torch.Size([256]): 
The value is the same before and after calling `init_weights` of DINO  

decoder.layers.2.cross_attn.attention_weights.weight - torch.Size([128, 256]): 
The value is the same before and after calling `init_weights` of DINO  

decoder.layers.2.cross_attn.attention_weights.bias - torch.Size([128]): 
The value is the same before and after calling `init_weights` of DINO  

decoder.layers.2.cross_attn.value_proj.weight - torch.Size([256, 256]): 
The value is the same before and after calling `init_weights` of DINO  

decoder.layers.2.cross_attn.value_proj.bias - torch.Size([256]): 
The value is the same before and after calling `init_weights` of DINO  

decoder.layers.2.cross_attn.output_proj.weight - torch.Size([256, 256]): 
The value is the same before and after calling `init_weights` of DINO  

decoder.layers.2.cross_attn.output_proj.bias - torch.Size([256]): 
The value is the same before and after calling `init_weights` of DINO  

decoder.layers.2.ffn.layers.0.0.weight - torch.Size([2048, 256]): 
The value is the same before and after calling `init_weights` of DINO  

decoder.layers.2.ffn.layers.0.0.bias - torch.Size([2048]): 
The value is the same before and after calling `init_weights` of DINO  

decoder.layers.2.ffn.layers.1.weight - torch.Size([256, 2048]): 
The value is the same before and after calling `init_weights` of DINO  

decoder.layers.2.ffn.layers.1.bias - torch.Size([256]): 
The value is the same before and after calling `init_weights` of DINO  

decoder.layers.2.norms.0.weight - torch.Size([256]): 
The value is the same before and after calling `init_weights` of DINO  

decoder.layers.2.norms.0.bias - torch.Size([256]): 
The value is the same before and after calling `init_weights` of DINO  

decoder.layers.2.norms.1.weight - torch.Size([256]): 
The value is the same before and after calling `init_weights` of DINO  

decoder.layers.2.norms.1.bias - torch.Size([256]): 
The value is the same before and after calling `init_weights` of DINO  

decoder.layers.2.norms.2.weight - torch.Size([256]): 
The value is the same before and after calling `init_weights` of DINO  

decoder.layers.2.norms.2.bias - torch.Size([256]): 
The value is the same before and after calling `init_weights` of DINO  

decoder.layers.3.self_attn.attn.in_proj_weight - torch.Size([768, 256]): 
The value is the same before and after calling `init_weights` of DINO  

decoder.layers.3.self_attn.attn.in_proj_bias - torch.Size([768]): 
The value is the same before and after calling `init_weights` of DINO  

decoder.layers.3.self_attn.attn.out_proj.weight - torch.Size([256, 256]): 
The value is the same before and after calling `init_weights` of DINO  

decoder.layers.3.self_attn.attn.out_proj.bias - torch.Size([256]): 
The value is the same before and after calling `init_weights` of DINO  

decoder.layers.3.cross_attn.sampling_offsets.weight - torch.Size([256, 256]): 
The value is the same before and after calling `init_weights` of DINO  

decoder.layers.3.cross_attn.sampling_offsets.bias - torch.Size([256]): 
The value is the same before and after calling `init_weights` of DINO  

decoder.layers.3.cross_attn.attention_weights.weight - torch.Size([128, 256]): 
The value is the same before and after calling `init_weights` of DINO  

decoder.layers.3.cross_attn.attention_weights.bias - torch.Size([128]): 
The value is the same before and after calling `init_weights` of DINO  

decoder.layers.3.cross_attn.value_proj.weight - torch.Size([256, 256]): 
The value is the same before and after calling `init_weights` of DINO  

decoder.layers.3.cross_attn.value_proj.bias - torch.Size([256]): 
The value is the same before and after calling `init_weights` of DINO  

decoder.layers.3.cross_attn.output_proj.weight - torch.Size([256, 256]): 
The value is the same before and after calling `init_weights` of DINO  

decoder.layers.3.cross_attn.output_proj.bias - torch.Size([256]): 
The value is the same before and after calling `init_weights` of DINO  

decoder.layers.3.ffn.layers.0.0.weight - torch.Size([2048, 256]): 
The value is the same before and after calling `init_weights` of DINO  

decoder.layers.3.ffn.layers.0.0.bias - torch.Size([2048]): 
The value is the same before and after calling `init_weights` of DINO  

decoder.layers.3.ffn.layers.1.weight - torch.Size([256, 2048]): 
The value is the same before and after calling `init_weights` of DINO  

decoder.layers.3.ffn.layers.1.bias - torch.Size([256]): 
The value is the same before and after calling `init_weights` of DINO  

decoder.layers.3.norms.0.weight - torch.Size([256]): 
The value is the same before and after calling `init_weights` of DINO  

decoder.layers.3.norms.0.bias - torch.Size([256]): 
The value is the same before and after calling `init_weights` of DINO  

decoder.layers.3.norms.1.weight - torch.Size([256]): 
The value is the same before and after calling `init_weights` of DINO  

decoder.layers.3.norms.1.bias - torch.Size([256]): 
The value is the same before and after calling `init_weights` of DINO  

decoder.layers.3.norms.2.weight - torch.Size([256]): 
The value is the same before and after calling `init_weights` of DINO  

decoder.layers.3.norms.2.bias - torch.Size([256]): 
The value is the same before and after calling `init_weights` of DINO  

decoder.layers.4.self_attn.attn.in_proj_weight - torch.Size([768, 256]): 
The value is the same before and after calling `init_weights` of DINO  

decoder.layers.4.self_attn.attn.in_proj_bias - torch.Size([768]): 
The value is the same before and after calling `init_weights` of DINO  

decoder.layers.4.self_attn.attn.out_proj.weight - torch.Size([256, 256]): 
The value is the same before and after calling `init_weights` of DINO  

decoder.layers.4.self_attn.attn.out_proj.bias - torch.Size([256]): 
The value is the same before and after calling `init_weights` of DINO  

decoder.layers.4.cross_attn.sampling_offsets.weight - torch.Size([256, 256]): 
The value is the same before and after calling `init_weights` of DINO  

decoder.layers.4.cross_attn.sampling_offsets.bias - torch.Size([256]): 
The value is the same before and after calling `init_weights` of DINO  

decoder.layers.4.cross_attn.attention_weights.weight - torch.Size([128, 256]): 
The value is the same before and after calling `init_weights` of DINO  

decoder.layers.4.cross_attn.attention_weights.bias - torch.Size([128]): 
The value is the same before and after calling `init_weights` of DINO  

decoder.layers.4.cross_attn.value_proj.weight - torch.Size([256, 256]): 
The value is the same before and after calling `init_weights` of DINO  

decoder.layers.4.cross_attn.value_proj.bias - torch.Size([256]): 
The value is the same before and after calling `init_weights` of DINO  

decoder.layers.4.cross_attn.output_proj.weight - torch.Size([256, 256]): 
The value is the same before and after calling `init_weights` of DINO  

decoder.layers.4.cross_attn.output_proj.bias - torch.Size([256]): 
The value is the same before and after calling `init_weights` of DINO  

decoder.layers.4.ffn.layers.0.0.weight - torch.Size([2048, 256]): 
The value is the same before and after calling `init_weights` of DINO  

decoder.layers.4.ffn.layers.0.0.bias - torch.Size([2048]): 
The value is the same before and after calling `init_weights` of DINO  

decoder.layers.4.ffn.layers.1.weight - torch.Size([256, 2048]): 
The value is the same before and after calling `init_weights` of DINO  

decoder.layers.4.ffn.layers.1.bias - torch.Size([256]): 
The value is the same before and after calling `init_weights` of DINO  

decoder.layers.4.norms.0.weight - torch.Size([256]): 
The value is the same before and after calling `init_weights` of DINO  

decoder.layers.4.norms.0.bias - torch.Size([256]): 
The value is the same before and after calling `init_weights` of DINO  

decoder.layers.4.norms.1.weight - torch.Size([256]): 
The value is the same before and after calling `init_weights` of DINO  

decoder.layers.4.norms.1.bias - torch.Size([256]): 
The value is the same before and after calling `init_weights` of DINO  

decoder.layers.4.norms.2.weight - torch.Size([256]): 
The value is the same before and after calling `init_weights` of DINO  

decoder.layers.4.norms.2.bias - torch.Size([256]): 
The value is the same before and after calling `init_weights` of DINO  

decoder.layers.5.self_attn.attn.in_proj_weight - torch.Size([768, 256]): 
The value is the same before and after calling `init_weights` of DINO  

decoder.layers.5.self_attn.attn.in_proj_bias - torch.Size([768]): 
The value is the same before and after calling `init_weights` of DINO  

decoder.layers.5.self_attn.attn.out_proj.weight - torch.Size([256, 256]): 
The value is the same before and after calling `init_weights` of DINO  

decoder.layers.5.self_attn.attn.out_proj.bias - torch.Size([256]): 
The value is the same before and after calling `init_weights` of DINO  

decoder.layers.5.cross_attn.sampling_offsets.weight - torch.Size([256, 256]): 
The value is the same before and after calling `init_weights` of DINO  

decoder.layers.5.cross_attn.sampling_offsets.bias - torch.Size([256]): 
The value is the same before and after calling `init_weights` of DINO  

decoder.layers.5.cross_attn.attention_weights.weight - torch.Size([128, 256]): 
The value is the same before and after calling `init_weights` of DINO  

decoder.layers.5.cross_attn.attention_weights.bias - torch.Size([128]): 
The value is the same before and after calling `init_weights` of DINO  

decoder.layers.5.cross_attn.value_proj.weight - torch.Size([256, 256]): 
The value is the same before and after calling `init_weights` of DINO  

decoder.layers.5.cross_attn.value_proj.bias - torch.Size([256]): 
The value is the same before and after calling `init_weights` of DINO  

decoder.layers.5.cross_attn.output_proj.weight - torch.Size([256, 256]): 
The value is the same before and after calling `init_weights` of DINO  

decoder.layers.5.cross_attn.output_proj.bias - torch.Size([256]): 
The value is the same before and after calling `init_weights` of DINO  

decoder.layers.5.ffn.layers.0.0.weight - torch.Size([2048, 256]): 
The value is the same before and after calling `init_weights` of DINO  

decoder.layers.5.ffn.layers.0.0.bias - torch.Size([2048]): 
The value is the same before and after calling `init_weights` of DINO  

decoder.layers.5.ffn.layers.1.weight - torch.Size([256, 2048]): 
The value is the same before and after calling `init_weights` of DINO  

decoder.layers.5.ffn.layers.1.bias - torch.Size([256]): 
The value is the same before and after calling `init_weights` of DINO  

decoder.layers.5.norms.0.weight - torch.Size([256]): 
The value is the same before and after calling `init_weights` of DINO  

decoder.layers.5.norms.0.bias - torch.Size([256]): 
The value is the same before and after calling `init_weights` of DINO  

decoder.layers.5.norms.1.weight - torch.Size([256]): 
The value is the same before and after calling `init_weights` of DINO  

decoder.layers.5.norms.1.bias - torch.Size([256]): 
The value is the same before and after calling `init_weights` of DINO  

decoder.layers.5.norms.2.weight - torch.Size([256]): 
The value is the same before and after calling `init_weights` of DINO  

decoder.layers.5.norms.2.bias - torch.Size([256]): 
The value is the same before and after calling `init_weights` of DINO  

decoder.ref_point_head.layers.0.weight - torch.Size([256, 512]): 
The value is the same before and after calling `init_weights` of DINO  

decoder.ref_point_head.layers.0.bias - torch.Size([256]): 
The value is the same before and after calling `init_weights` of DINO  

decoder.ref_point_head.layers.1.weight - torch.Size([256, 256]): 
The value is the same before and after calling `init_weights` of DINO  

decoder.ref_point_head.layers.1.bias - torch.Size([256]): 
The value is the same before and after calling `init_weights` of DINO  

decoder.norm.weight - torch.Size([256]): 
The value is the same before and after calling `init_weights` of DINO  

decoder.norm.bias - torch.Size([256]): 
The value is the same before and after calling `init_weights` of DINO  

query_embedding.weight - torch.Size([900, 256]): 
The value is the same before and after calling `init_weights` of DINO  

memory_trans_fc.weight - torch.Size([256, 256]): 
The value is the same before and after calling `init_weights` of DINO  

memory_trans_fc.bias - torch.Size([256]): 
The value is the same before and after calling `init_weights` of DINO  

memory_trans_norm.weight - torch.Size([256]): 
The value is the same before and after calling `init_weights` of DINO  

memory_trans_norm.bias - torch.Size([256]): 
The value is the same before and after calling `init_weights` of DINO  

dn_query_generator.label_embedding.weight - torch.Size([1, 256]): 
The value is the same before and after calling `init_weights` of DINO  
2026/03/24 13:35:45 - mmengine - INFO - Load checkpoint from https://download.openmmlab.com/mmdetection/v3.0/dino/dino-4scale_r50_8xb2-12e_coco/dino-4scale_r50_8xb2-12e_coco_20221202_182705-55b2bba2.pth
2026/03/24 13:35:45 - mmengine - WARNING - "FileClient" will be deprecated in future. Please use io functions in https://mmengine.readthedocs.io/en/latest/api/fileio.html#file-io
2026/03/24 13:35:45 - mmengine - WARNING - "HardDiskBackend" is the alias of "LocalBackend" and the former will be deprecated in future.
2026/03/24 13:35:45 - mmengine - INFO - Checkpoints will be saved to /workspace/aquaculture-perception/runs/mmdet/solaqua_fish/dino_4scale_r50_solaqua_fish_80e_pretrained.
2026/03/24 13:36:32 - mmengine - INFO - Exp name: dino_4scale_r50_solaqua_fish_80e_pretrained_20260324_133509
2026/03/24 13:36:32 - mmengine - INFO - Epoch(train)  [1][16/16]  base_lr: 1.0000e-05 lr: 1.0000e-05  eta: 1:01:46  time: 2.9327  data_time: 0.2546  memory: 31338  grad_norm: nan  loss: 19.9767  loss_cls: 0.9316  loss_bbox: 0.1255  loss_iou: 0.2855  d0.loss_cls: 1.0582  d0.loss_bbox: 0.1460  d0.loss_iou: 0.3256  d1.loss_cls: 0.8805  d1.loss_bbox: 0.1371  d1.loss_iou: 0.3039  d2.loss_cls: 0.9306  d2.loss_bbox: 0.1343  d2.loss_iou: 0.3008  d3.loss_cls: 0.9394  d3.loss_bbox: 0.1289  d3.loss_iou: 0.2917  d4.loss_cls: 0.9171  d4.loss_bbox: 0.1273  d4.loss_iou: 0.2884  enc_loss_cls: 0.7607  enc_loss_bbox: 0.1898  enc_loss_iou: 0.4133  dn_loss_cls: 0.9369  dn_loss_bbox: 0.2173  dn_loss_iou: 0.3920  d0.dn_loss_cls: 0.9775  d0.dn_loss_bbox: 0.5505  d0.dn_loss_iou: 0.6784  d1.dn_loss_cls: 1.0558  d1.dn_loss_bbox: 0.2734  d1.dn_loss_iou: 0.4607  d2.dn_loss_cls: 1.0080  d2.dn_loss_bbox: 0.2308  d2.dn_loss_iou: 0.4107  d3.dn_loss_cls: 0.9960  d3.dn_loss_bbox: 0.2191  d3.dn_loss_iou: 0.3960  d4.dn_loss_cls: 0.9474  d4.dn_loss_bbox: 0.2176  d4.dn_loss_iou: 0.3923
2026/03/24 13:36:56 - mmengine - INFO - Exp name: dino_4scale_r50_solaqua_fish_80e_pretrained_20260324_133509
2026/03/24 13:36:56 - mmengine - INFO - Epoch(train)  [2][16/16]  base_lr: 5.5000e-05 lr: 5.5000e-05  eta: 0:45:35  time: 2.1920  data_time: 0.1459  memory: 31549  grad_norm: nan  loss: 14.8244  loss_cls: 0.5987  loss_bbox: 0.1226  loss_iou: 0.2761  d0.loss_cls: 0.8229  d0.loss_bbox: 0.1281  d0.loss_iou: 0.2893  d1.loss_cls: 0.6012  d1.loss_bbox: 0.1276  d1.loss_iou: 0.2847  d2.loss_cls: 0.6132  d2.loss_bbox: 0.1255  d2.loss_iou: 0.2815  d3.loss_cls: 0.6030  d3.loss_bbox: 0.1244  d3.loss_iou: 0.2789  d4.loss_cls: 0.5919  d4.loss_bbox: 0.1232  d4.loss_iou: 0.2767  enc_loss_cls: 0.6386  enc_loss_bbox: 0.1627  enc_loss_iou: 0.3581  dn_loss_cls: 0.5193  dn_loss_bbox: 0.1838  dn_loss_iou: 0.3502  d0.dn_loss_cls: 0.7832  d0.dn_loss_bbox: 0.4029  d0.dn_loss_iou: 0.5697  d1.dn_loss_cls: 0.6550  d1.dn_loss_bbox: 0.2210  d1.dn_loss_iou: 0.3996  d2.dn_loss_cls: 0.5904  d2.dn_loss_bbox: 0.1924  d2.dn_loss_iou: 0.3636  d3.dn_loss_cls: 0.5640  d3.dn_loss_bbox: 0.1851  d3.dn_loss_iou: 0.3533  d4.dn_loss_cls: 0.5274  d4.dn_loss_bbox: 0.1838  d4.dn_loss_iou: 0.3505
2026/03/24 13:37:00 - mmengine - INFO - Evaluating bbox...
2026/03/24 13:37:02 - mmengine - INFO - bbox_mAP_copypaste: 0.725 0.928 0.838 -1.000 0.426 0.759
2026/03/24 13:37:02 - mmengine - INFO - Epoch(val) [2][16/16]    coco/bbox_mAP: 0.7250  coco/bbox_mAP_50: 0.9280  coco/bbox_mAP_75: 0.8380  coco/bbox_mAP_s: -1.0000  coco/bbox_mAP_m: 0.4260  coco/bbox_mAP_l: 0.7590  data_time: 0.0306  time: 0.2467
2026/03/24 13:37:03 - mmengine - INFO - The best checkpoint with 0.7250 coco/bbox_mAP at 2 epoch is saved to best_coco_bbox_mAP_epoch_2.pth.
2026/03/24 13:37:26 - mmengine - INFO - Exp name: dino_4scale_r50_solaqua_fish_80e_pretrained_20260324_133509
2026/03/24 13:37:26 - mmengine - INFO - Epoch(train)  [3][16/16]  base_lr: 1.0000e-04 lr: 1.0000e-04  eta: 0:39:58  time: 1.9471  data_time: 0.1078  memory: 31549  grad_norm: nan  loss: 11.9472  loss_cls: 0.4238  loss_bbox: 0.1201  loss_iou: 0.2681  d0.loss_cls: 0.6052  d0.loss_bbox: 0.1231  d0.loss_iou: 0.2773  d1.loss_cls: 0.4349  d1.loss_bbox: 0.1233  d1.loss_iou: 0.2745  d2.loss_cls: 0.4357  d2.loss_bbox: 0.1215  d2.loss_iou: 0.2716  d3.loss_cls: 0.4261  d3.loss_bbox: 0.1210  d3.loss_iou: 0.2698  d4.loss_cls: 0.4187  d4.loss_bbox: 0.1205  d4.loss_iou: 0.2687  enc_loss_cls: 0.5090  enc_loss_bbox: 0.1482  enc_loss_iou: 0.3296  dn_loss_cls: 0.3523  dn_loss_bbox: 0.1642  dn_loss_iou: 0.3221  d0.dn_loss_cls: 0.5604  d0.dn_loss_bbox: 0.3307  d0.dn_loss_iou: 0.5045  d1.dn_loss_cls: 0.4473  d1.dn_loss_bbox: 0.1923  d1.dn_loss_iou: 0.3613  d2.dn_loss_cls: 0.4014  d2.dn_loss_bbox: 0.1705  d2.dn_loss_iou: 0.3326  d3.dn_loss_cls: 0.3828  d3.dn_loss_bbox: 0.1652  d3.dn_loss_iou: 0.3246  d4.dn_loss_cls: 0.3579  d4.dn_loss_bbox: 0.1642  d4.dn_loss_iou: 0.3222
2026/03/24 13:37:49 - mmengine - INFO - Exp name: dino_4scale_r50_solaqua_fish_80e_pretrained_20260324_133509
2026/03/24 13:37:49 - mmengine - INFO - Epoch(train)  [4][16/16]  base_lr: 1.0000e-04 lr: 1.0000e-04  eta: 0:36:52  time: 1.4433  data_time: 0.0344  memory: 31549  grad_norm: nan  loss: 7.3841  loss_cls: 0.1509  loss_bbox: 0.1122  loss_iou: 0.2492  d0.loss_cls: 0.3132  d0.loss_bbox: 0.1094  d0.loss_iou: 0.2476  d1.loss_cls: 0.1846  d1.loss_bbox: 0.1122  d1.loss_iou: 0.2509  d2.loss_cls: 0.1655  d2.loss_bbox: 0.1113  d2.loss_iou: 0.2486  d3.loss_cls: 0.1515  d3.loss_bbox: 0.1122  d3.loss_iou: 0.2492  d4.loss_cls: 0.1500  d4.loss_bbox: 0.1121  d4.loss_iou: 0.2491  enc_loss_cls: 0.3230  enc_loss_bbox: 0.1233  enc_loss_iou: 0.2781  dn_loss_cls: 0.0677  dn_loss_bbox: 0.1290  dn_loss_iou: 0.2717  d0.dn_loss_cls: 0.2794  d0.dn_loss_bbox: 0.2059  d0.dn_loss_iou: 0.3934  d1.dn_loss_cls: 0.1336  d1.dn_loss_bbox: 0.1414  d1.dn_loss_iou: 0.2939  d2.dn_loss_cls: 0.0990  d2.dn_loss_bbox: 0.1315  d2.dn_loss_iou: 0.2776  d3.dn_loss_cls: 0.0823  d3.dn_loss_bbox: 0.1295  d3.dn_loss_iou: 0.2730  d4.dn_loss_cls: 0.0704  d4.dn_loss_bbox: 0.1289  d4.dn_loss_iou: 0.2717
2026/03/24 13:37:53 - mmengine - INFO - Evaluating bbox...
2026/03/24 13:37:54 - mmengine - INFO - bbox_mAP_copypaste: 0.782 0.974 0.888 -1.000 0.515 0.805
2026/03/24 13:37:54 - mmengine - INFO - Epoch(val) [4][16/16]    coco/bbox_mAP: 0.7820  coco/bbox_mAP_50: 0.9740  coco/bbox_mAP_75: 0.8880  coco/bbox_mAP_s: -1.0000  coco/bbox_mAP_m: 0.5150  coco/bbox_mAP_l: 0.8050  data_time: 0.0165  time: 0.1883
2026/03/24 13:37:54 - mmengine - INFO - The previous best checkpoint /workspace/aquaculture-perception/runs/mmdet/solaqua_fish/dino_4scale_r50_solaqua_fish_80e_pretrained/best_coco_bbox_mAP_epoch_2.pth is removed
2026/03/24 13:37:56 - mmengine - INFO - The best checkpoint with 0.7820 coco/bbox_mAP at 4 epoch is saved to best_coco_bbox_mAP_epoch_4.pth.
2026/03/24 13:38:19 - mmengine - INFO - Exp name: dino_4scale_r50_solaqua_fish_80e_pretrained_20260324_133509
2026/03/24 13:38:19 - mmengine - INFO - Epoch(train)  [5][16/16]  base_lr: 9.8697e-05 lr: 9.8697e-05  eta: 0:34:57  time: 1.4441  data_time: 0.0372  memory: 31549  grad_norm: nan  loss: 5.4341  loss_cls: 0.0510  loss_bbox: 0.1044  loss_iou: 0.2318  d0.loss_cls: 0.1206  d0.loss_bbox: 0.1049  d0.loss_iou: 0.2358  d1.loss_cls: 0.0710  d1.loss_bbox: 0.1046  d1.loss_iou: 0.2337  d2.loss_cls: 0.0553  d2.loss_bbox: 0.1042  d2.loss_iou: 0.2324  d3.loss_cls: 0.0498  d3.loss_bbox: 0.1045  d3.loss_iou: 0.2322  d4.loss_cls: 0.0501  d4.loss_bbox: 0.1045  d4.loss_iou: 0.2322  enc_loss_cls: 0.1826  enc_loss_bbox: 0.1133  enc_loss_iou: 0.2573  dn_loss_cls: 0.0150  dn_loss_bbox: 0.1112  dn_loss_iou: 0.2400  d0.dn_loss_cls: 0.0802  d0.dn_loss_bbox: 0.1642  d0.dn_loss_iou: 0.3344  d1.dn_loss_cls: 0.0252  d1.dn_loss_bbox: 0.1196  d1.dn_loss_iou: 0.2565  d2.dn_loss_cls: 0.0185  d2.dn_loss_bbox: 0.1131  d2.dn_loss_iou: 0.2446  d3.dn_loss_cls: 0.0165  d3.dn_loss_bbox: 0.1114  d3.dn_loss_iou: 0.2409  d4.dn_loss_cls: 0.0153  d4.dn_loss_bbox: 0.1111  d4.dn_loss_iou: 0.2400
2026/03/24 13:38:42 - mmengine - INFO - Exp name: dino_4scale_r50_solaqua_fish_80e_pretrained_20260324_133509
2026/03/24 13:38:42 - mmengine - INFO - Epoch(train)  [6][16/16]  base_lr: 9.7395e-05 lr: 9.7395e-05  eta: 0:33:22  time: 1.4295  data_time: 0.0394  memory: 31549  grad_norm: nan  loss: 4.8073  loss_cls: 0.0319  loss_bbox: 0.0953  loss_iou: 0.2154  d0.loss_cls: 0.0802  d0.loss_bbox: 0.0977  d0.loss_iou: 0.2214  d1.loss_cls: 0.0479  d1.loss_bbox: 0.0963  d1.loss_iou: 0.2177  d2.loss_cls: 0.0361  d2.loss_bbox: 0.0962  d2.loss_iou: 0.2168  d3.loss_cls: 0.0327  d3.loss_bbox: 0.0958  d3.loss_iou: 0.2160  d4.loss_cls: 0.0316  d4.loss_bbox: 0.0956  d4.loss_iou: 0.2158  enc_loss_cls: 0.1278  enc_loss_bbox: 0.1069  enc_loss_iou: 0.2436  dn_loss_cls: 0.0120  dn_loss_bbox: 0.0992  dn_loss_iou: 0.2195  d0.dn_loss_cls: 0.0469  d0.dn_loss_bbox: 0.1447  d0.dn_loss_iou: 0.3044  d1.dn_loss_cls: 0.0198  d1.dn_loss_bbox: 0.1061  d1.dn_loss_iou: 0.2336  d2.dn_loss_cls: 0.0144  d2.dn_loss_bbox: 0.1009  d2.dn_loss_iou: 0.2238  d3.dn_loss_cls: 0.0130  d3.dn_loss_bbox: 0.0994  d3.dn_loss_iou: 0.2201  d4.dn_loss_cls: 0.0121  d4.dn_loss_bbox: 0.0992  d4.dn_loss_iou: 0.2195
2026/03/24 13:38:45 - mmengine - INFO - Evaluating bbox...
2026/03/24 13:38:47 - mmengine - INFO - bbox_mAP_copypaste: 0.780 0.973 0.892 -1.000 0.516 0.803
2026/03/24 13:38:47 - mmengine - INFO - Epoch(val) [6][16/16]    coco/bbox_mAP: 0.7800  coco/bbox_mAP_50: 0.9730  coco/bbox_mAP_75: 0.8920  coco/bbox_mAP_s: -1.0000  coco/bbox_mAP_m: 0.5160  coco/bbox_mAP_l: 0.8030  data_time: 0.0185  time: 0.2013
2026/03/24 13:39:10 - mmengine - INFO - Exp name: dino_4scale_r50_solaqua_fish_80e_pretrained_20260324_133509
2026/03/24 13:39:10 - mmengine - INFO - Epoch(train)  [7][16/16]  base_lr: 9.6092e-05 lr: 9.6092e-05  eta: 0:32:14  time: 1.4297  data_time: 0.0405  memory: 31549  grad_norm: 19.6068  loss: 4.4134  loss_cls: 0.0245  loss_bbox: 0.0890  loss_iou: 0.2012  d0.loss_cls: 0.0659  d0.loss_bbox: 0.0917  d0.loss_iou: 0.2075  d1.loss_cls: 0.0372  d1.loss_bbox: 0.0898  d1.loss_iou: 0.2031  d2.loss_cls: 0.0286  d2.loss_bbox: 0.0894  d2.loss_iou: 0.2019  d3.loss_cls: 0.0254  d3.loss_bbox: 0.0895  d3.loss_iou: 0.2019  d4.loss_cls: 0.0248  d4.loss_bbox: 0.0891  d4.loss_iou: 0.2014  enc_loss_cls: 0.1053  enc_loss_bbox: 0.1012  enc_loss_iou: 0.2303  dn_loss_cls: 0.0099  dn_loss_bbox: 0.0914  dn_loss_iou: 0.2037  d0.dn_loss_cls: 0.0409  d0.dn_loss_bbox: 0.1335  d0.dn_loss_iou: 0.2817  d1.dn_loss_cls: 0.0170  d1.dn_loss_bbox: 0.0976  d1.dn_loss_iou: 0.2157  d2.dn_loss_cls: 0.0121  d2.dn_loss_bbox: 0.0930  d2.dn_loss_iou: 0.2069  d3.dn_loss_cls: 0.0107  d3.dn_loss_bbox: 0.0916  d3.dn_loss_iou: 0.2040  d4.dn_loss_cls: 0.0099  d4.dn_loss_bbox: 0.0915  d4.dn_loss_iou: 0.2036
2026/03/24 13:39:33 - mmengine - INFO - Exp name: dino_4scale_r50_solaqua_fish_80e_pretrained_20260324_133509
2026/03/24 13:39:33 - mmengine - INFO - Epoch(train)  [8][16/16]  base_lr: 9.4789e-05 lr: 9.4789e-05  eta: 0:31:15  time: 1.4219  data_time: 0.0443  memory: 31549  grad_norm: 20.8193  loss: 4.1660  loss_cls: 0.0192  loss_bbox: 0.0838  loss_iou: 0.1920  d0.loss_cls: 0.0594  d0.loss_bbox: 0.0862  d0.loss_iou: 0.1982  d1.loss_cls: 0.0315  d1.loss_bbox: 0.0843  d1.loss_iou: 0.1935  d2.loss_cls: 0.0235  d2.loss_bbox: 0.0840  d2.loss_iou: 0.1923  d3.loss_cls: 0.0202  d3.loss_bbox: 0.0841  d3.loss_iou: 0.1924  d4.loss_cls: 0.0196  d4.loss_bbox: 0.0839  d4.loss_iou: 0.1919  enc_loss_cls: 0.0921  enc_loss_bbox: 0.0951  enc_loss_iou: 0.2192  dn_loss_cls: 0.0094  dn_loss_bbox: 0.0863  dn_loss_iou: 0.1945  d0.dn_loss_cls: 0.0382  d0.dn_loss_bbox: 0.1266  d0.dn_loss_iou: 0.2709  d1.dn_loss_cls: 0.0163  d1.dn_loss_bbox: 0.0923  d1.dn_loss_iou: 0.2064  d2.dn_loss_cls: 0.0115  d2.dn_loss_bbox: 0.0878  d2.dn_loss_iou: 0.1978  d3.dn_loss_cls: 0.0100  d3.dn_loss_bbox: 0.0865  d3.dn_loss_iou: 0.1949  d4.dn_loss_cls: 0.0094  d4.dn_loss_bbox: 0.0863  d4.dn_loss_iou: 0.1945
2026/03/24 13:39:37 - mmengine - INFO - Evaluating bbox...
2026/03/24 13:39:38 - mmengine - INFO - bbox_mAP_copypaste: 0.780 0.973 0.888 -1.000 0.506 0.802
2026/03/24 13:39:38 - mmengine - INFO - Epoch(val) [8][16/16]    coco/bbox_mAP: 0.7800  coco/bbox_mAP_50: 0.9730  coco/bbox_mAP_75: 0.8880  coco/bbox_mAP_s: -1.0000  coco/bbox_mAP_m: 0.5060  coco/bbox_mAP_l: 0.8020  data_time: 0.0145  time: 0.1931
2026/03/24 13:40:00 - mmengine - INFO - Exp name: dino_4scale_r50_solaqua_fish_80e_pretrained_20260324_133509
2026/03/24 13:40:00 - mmengine - INFO - Epoch(train)  [9][16/16]  base_lr: 9.3487e-05 lr: 9.3487e-05  eta: 0:30:18  time: 1.4140  data_time: 0.0424  memory: 31495  grad_norm: 21.7754  loss: 3.9446  loss_cls: 0.0167  loss_bbox: 0.0788  loss_iou: 0.1829  d0.loss_cls: 0.0546  d0.loss_bbox: 0.0812  d0.loss_iou: 0.1894  d1.loss_cls: 0.0280  d1.loss_bbox: 0.0791  d1.loss_iou: 0.1842  d2.loss_cls: 0.0206  d2.loss_bbox: 0.0786  d2.loss_iou: 0.1827  d3.loss_cls: 0.0174  d3.loss_bbox: 0.0790  d3.loss_iou: 0.1832  d4.loss_cls: 0.0170  d4.loss_bbox: 0.0787  d4.loss_iou: 0.1828  enc_loss_cls: 0.0827  enc_loss_bbox: 0.0909  enc_loss_iou: 0.2111  dn_loss_cls: 0.0093  dn_loss_bbox: 0.0811  dn_loss_iou: 0.1854  d0.dn_loss_cls: 0.0356  d0.dn_loss_bbox: 0.1196  d0.dn_loss_iou: 0.2599  d1.dn_loss_cls: 0.0152  d1.dn_loss_bbox: 0.0868  d1.dn_loss_iou: 0.1969  d2.dn_loss_cls: 0.0108  d2.dn_loss_bbox: 0.0827  d2.dn_loss_iou: 0.1888  d3.dn_loss_cls: 0.0096  d3.dn_loss_bbox: 0.0814  d3.dn_loss_iou: 0.1860  d4.dn_loss_cls: 0.0093  d4.dn_loss_bbox: 0.0811  d4.dn_loss_iou: 0.1854
2026/03/24 13:40:23 - mmengine - INFO - Exp name: dino_4scale_r50_solaqua_fish_80e_pretrained_20260324_133509
2026/03/24 13:40:23 - mmengine - INFO - Epoch(train) [10][16/16]  base_lr: 9.2184e-05 lr: 9.2184e-05  eta: 0:29:31  time: 1.4001  data_time: 0.0416  memory: 31549  grad_norm: nan  loss: 3.7272  loss_cls: 0.0131  loss_bbox: 0.0737  loss_iou: 0.1728  d0.loss_cls: 0.0499  d0.loss_bbox: 0.0761  d0.loss_iou: 0.1789  d1.loss_cls: 0.0241  d1.loss_bbox: 0.0741  d1.loss_iou: 0.1743  d2.loss_cls: 0.0168  d2.loss_bbox: 0.0738  d2.loss_iou: 0.1731  d3.loss_cls: 0.0139  d3.loss_bbox: 0.0738  d3.loss_iou: 0.1729  d4.loss_cls: 0.0131  d4.loss_bbox: 0.0738  d4.loss_iou: 0.1729  enc_loss_cls: 0.0749  enc_loss_bbox: 0.0854  enc_loss_iou: 0.2002  dn_loss_cls: 0.0087  dn_loss_bbox: 0.0767  dn_loss_iou: 0.1768  d0.dn_loss_cls: 0.0342  d0.dn_loss_bbox: 0.1161  d0.dn_loss_iou: 0.2530  d1.dn_loss_cls: 0.0148  d1.dn_loss_bbox: 0.0824  d1.dn_loss_iou: 0.1882  d2.dn_loss_cls: 0.0103  d2.dn_loss_bbox: 0.0783  d2.dn_loss_iou: 0.1802  d3.dn_loss_cls: 0.0091  d3.dn_loss_bbox: 0.0770  d3.dn_loss_iou: 0.1775  d4.dn_loss_cls: 0.0087  d4.dn_loss_bbox: 0.0768  d4.dn_loss_iou: 0.1768
2026/03/24 13:40:27 - mmengine - INFO - Evaluating bbox...
2026/03/24 13:40:28 - mmengine - INFO - bbox_mAP_copypaste: 0.776 0.975 0.890 -1.000 0.520 0.799
2026/03/24 13:40:28 - mmengine - INFO - Epoch(val) [10][16/16]    coco/bbox_mAP: 0.7760  coco/bbox_mAP_50: 0.9750  coco/bbox_mAP_75: 0.8900  coco/bbox_mAP_s: -1.0000  coco/bbox_mAP_m: 0.5200  coco/bbox_mAP_l: 0.7990  data_time: 0.0175  time: 0.1958
2026/03/24 13:40:51 - mmengine - INFO - Exp name: dino_4scale_r50_solaqua_fish_80e_pretrained_20260324_133509
2026/03/24 13:40:51 - mmengine - INFO - Epoch(train) [11][16/16]  base_lr: 9.0882e-05 lr: 9.0882e-05  eta: 0:28:46  time: 1.3860  data_time: 0.0373  memory: 31549  grad_norm: nan  loss: 3.5589  loss_cls: 0.0112  loss_bbox: 0.0705  loss_iou: 0.1652  d0.loss_cls: 0.0450  d0.loss_bbox: 0.0727  d0.loss_iou: 0.1710  d1.loss_cls: 0.0210  d1.loss_bbox: 0.0707  d1.loss_iou: 0.1665  d2.loss_cls: 0.0140  d2.loss_bbox: 0.0705  d2.loss_iou: 0.1655  d3.loss_cls: 0.0119  d3.loss_bbox: 0.0705  d3.loss_iou: 0.1653  d4.loss_cls: 0.0112  d4.loss_bbox: 0.0705  d4.loss_iou: 0.1653  enc_loss_cls: 0.0688  enc_loss_bbox: 0.0812  enc_loss_iou: 0.1907  dn_loss_cls: 0.0092  dn_loss_bbox: 0.0734  dn_loss_iou: 0.1696  d0.dn_loss_cls: 0.0337  d0.dn_loss_bbox: 0.1118  d0.dn_loss_iou: 0.2445  d1.dn_loss_cls: 0.0149  d1.dn_loss_bbox: 0.0787  d1.dn_loss_iou: 0.1805  d2.dn_loss_cls: 0.0106  d2.dn_loss_bbox: 0.0748  d2.dn_loss_iou: 0.1728  d3.dn_loss_cls: 0.0095  d3.dn_loss_bbox: 0.0736  d3.dn_loss_iou: 0.1702  d4.dn_loss_cls: 0.0092  d4.dn_loss_bbox: 0.0734  d4.dn_loss_iou: 0.1696
2026/03/24 13:41:13 - mmengine - INFO - Exp name: dino_4scale_r50_solaqua_fish_80e_pretrained_20260324_133509
2026/03/24 13:41:13 - mmengine - INFO - Epoch(train) [12][16/16]  base_lr: 8.9579e-05 lr: 8.9579e-05  eta: 0:28:05  time: 1.3887  data_time: 0.0430  memory: 31549  grad_norm: nan  loss: 3.3788  loss_cls: 0.0093  loss_bbox: 0.0667  loss_iou: 0.1559  d0.loss_cls: 0.0408  d0.loss_bbox: 0.0690  d0.loss_iou: 0.1619  d1.loss_cls: 0.0188  d1.loss_bbox: 0.0670  d1.loss_iou: 0.1573  d2.loss_cls: 0.0123  d2.loss_bbox: 0.0667  d2.loss_iou: 0.1561  d3.loss_cls: 0.0102  d3.loss_bbox: 0.0667  d3.loss_iou: 0.1560  d4.loss_cls: 0.0095  d4.loss_bbox: 0.0667  d4.loss_iou: 0.1559  enc_loss_cls: 0.0638  enc_loss_bbox: 0.0772  enc_loss_iou: 0.1812  dn_loss_cls: 0.0088  dn_loss_bbox: 0.0704  dn_loss_iou: 0.1615  d0.dn_loss_cls: 0.0333  d0.dn_loss_bbox: 0.1084  d0.dn_loss_iou: 0.2355  d1.dn_loss_cls: 0.0144  d1.dn_loss_bbox: 0.0758  d1.dn_loss_iou: 0.1723  d2.dn_loss_cls: 0.0103  d2.dn_loss_bbox: 0.0718  d2.dn_loss_iou: 0.1646  d3.dn_loss_cls: 0.0092  d3.dn_loss_bbox: 0.0707  d3.dn_loss_iou: 0.1621  d4.dn_loss_cls: 0.0088  d4.dn_loss_bbox: 0.0704  d4.dn_loss_iou: 0.1615
2026/03/24 13:41:17 - mmengine - INFO - Evaluating bbox...
2026/03/24 13:41:19 - mmengine - INFO - bbox_mAP_copypaste: 0.772 0.970 0.884 -1.000 0.497 0.797
2026/03/24 13:41:19 - mmengine - INFO - Epoch(val) [12][16/16]    coco/bbox_mAP: 0.7720  coco/bbox_mAP_50: 0.9700  coco/bbox_mAP_75: 0.8840  coco/bbox_mAP_s: -1.0000  coco/bbox_mAP_m: 0.4970  coco/bbox_mAP_l: 0.7970  data_time: 0.0155  time: 0.1958
2026/03/24 13:41:42 - mmengine - INFO - Exp name: dino_4scale_r50_solaqua_fish_80e_pretrained_20260324_133509
2026/03/24 13:41:42 - mmengine - INFO - Epoch(train) [13][16/16]  base_lr: 8.8276e-05 lr: 8.8276e-05  eta: 0:27:32  time: 1.4011  data_time: 0.0438  memory: 31549  grad_norm: nan  loss: 3.2531  loss_cls: 0.0080  loss_bbox: 0.0641  loss_iou: 0.1493  d0.loss_cls: 0.0384  d0.loss_bbox: 0.0665  d0.loss_iou: 0.1559  d1.loss_cls: 0.0171  d1.loss_bbox: 0.0643  d1.loss_iou: 0.1507  d2.loss_cls: 0.0110  d2.loss_bbox: 0.0641  d2.loss_iou: 0.1495  d3.loss_cls: 0.0090  d3.loss_bbox: 0.0640  d3.loss_iou: 0.1494  d4.loss_cls: 0.0082  d4.loss_bbox: 0.0641  d4.loss_iou: 0.1494  enc_loss_cls: 0.0604  enc_loss_bbox: 0.0747  enc_loss_iou: 0.1753  dn_loss_cls: 0.0088  dn_loss_bbox: 0.0683  dn_loss_iou: 0.1559  d0.dn_loss_cls: 0.0328  d0.dn_loss_bbox: 0.1049  d0.dn_loss_iou: 0.2285  d1.dn_loss_cls: 0.0143  d1.dn_loss_bbox: 0.0736  d1.dn_loss_iou: 0.1667  d2.dn_loss_cls: 0.0104  d2.dn_loss_bbox: 0.0696  d2.dn_loss_iou: 0.1589  d3.dn_loss_cls: 0.0092  d3.dn_loss_bbox: 0.0685  d3.dn_loss_iou: 0.1565  d4.dn_loss_cls: 0.0088  d4.dn_loss_bbox: 0.0683  d4.dn_loss_iou: 0.1559
2026/03/24 13:42:06 - mmengine - INFO - Exp name: dino_4scale_r50_solaqua_fish_80e_pretrained_20260324_133509
2026/03/24 13:42:06 - mmengine - INFO - Epoch(train) [14][16/16]  base_lr: 8.6974e-05 lr: 8.6974e-05  eta: 0:27:04  time: 1.4364  data_time: 0.0435  memory: 31549  grad_norm: nan  loss: 3.1172  loss_cls: 0.0066  loss_bbox: 0.0612  loss_iou: 0.1429  d0.loss_cls: 0.0359  d0.loss_bbox: 0.0634  d0.loss_iou: 0.1491  d1.loss_cls: 0.0154  d1.loss_bbox: 0.0615  d1.loss_iou: 0.1442  d2.loss_cls: 0.0097  d2.loss_bbox: 0.0613  d2.loss_iou: 0.1432  d3.loss_cls: 0.0075  d3.loss_bbox: 0.0610  d3.loss_iou: 0.1428  d4.loss_cls: 0.0067  d4.loss_bbox: 0.0612  d4.loss_iou: 0.1429  enc_loss_cls: 0.0567  enc_loss_bbox: 0.0726  enc_loss_iou: 0.1697  dn_loss_cls: 0.0082  dn_loss_bbox: 0.0657  dn_loss_iou: 0.1498  d0.dn_loss_cls: 0.0312  d0.dn_loss_bbox: 0.1016  d0.dn_loss_iou: 0.2216  d1.dn_loss_cls: 0.0134  d1.dn_loss_bbox: 0.0710  d1.dn_loss_iou: 0.1608  d2.dn_loss_cls: 0.0098  d2.dn_loss_bbox: 0.0670  d2.dn_loss_iou: 0.1531  d3.dn_loss_cls: 0.0086  d3.dn_loss_bbox: 0.0659  d3.dn_loss_iou: 0.1505  d4.dn_loss_cls: 0.0082  d4.dn_loss_bbox: 0.0657  d4.dn_loss_iou: 0.1498
2026/03/24 13:42:10 - mmengine - INFO - Evaluating bbox...
2026/03/24 13:42:12 - mmengine - INFO - bbox_mAP_copypaste: 0.771 0.969 0.880 -1.000 0.504 0.795
2026/03/24 13:42:12 - mmengine - INFO - Epoch(val) [14][16/16]    coco/bbox_mAP: 0.7710  coco/bbox_mAP_50: 0.9690  coco/bbox_mAP_75: 0.8800  coco/bbox_mAP_s: -1.0000  coco/bbox_mAP_m: 0.5040  coco/bbox_mAP_l: 0.7950  data_time: 0.0283  time: 0.2045
2026/03/24 13:42:37 - mmengine - INFO - Exp name: dino_4scale_r50_solaqua_fish_80e_pretrained_20260324_133509
2026/03/24 13:42:37 - mmengine - INFO - Epoch(train) [15][16/16]  base_lr: 8.5671e-05 lr: 8.5671e-05  eta: 0:26:42  time: 1.4959  data_time: 0.0540  memory: 31549  grad_norm: 21.8194  loss: 2.9736  loss_cls: 0.0050  loss_bbox: 0.0582  loss_iou: 0.1359  d0.loss_cls: 0.0341  d0.loss_bbox: 0.0607  d0.loss_iou: 0.1424  d1.loss_cls: 0.0135  d1.loss_bbox: 0.0586  d1.loss_iou: 0.1372  d2.loss_cls: 0.0079  d2.loss_bbox: 0.0583  d2.loss_iou: 0.1363  d3.loss_cls: 0.0058  d3.loss_bbox: 0.0581  d3.loss_iou: 0.1361  d4.loss_cls: 0.0052  d4.loss_bbox: 0.0582  d4.loss_iou: 0.1359  enc_loss_cls: 0.0546  enc_loss_bbox: 0.0697  enc_loss_iou: 0.1630  dn_loss_cls: 0.0075  dn_loss_bbox: 0.0626  dn_loss_iou: 0.1427  d0.dn_loss_cls: 0.0301  d0.dn_loss_bbox: 0.0993  d0.dn_loss_iou: 0.2157  d1.dn_loss_cls: 0.0127  d1.dn_loss_bbox: 0.0681  d1.dn_loss_iou: 0.1540  d2.dn_loss_cls: 0.0091  d2.dn_loss_bbox: 0.0641  d2.dn_loss_iou: 0.1461  d3.dn_loss_cls: 0.0079  d3.dn_loss_bbox: 0.0629  d3.dn_loss_iou: 0.1434  d4.dn_loss_cls: 0.0075  d4.dn_loss_bbox: 0.0626  d4.dn_loss_iou: 0.1427
2026/03/24 13:43:04 - mmengine - INFO - Exp name: dino_4scale_r50_solaqua_fish_80e_pretrained_20260324_133509
2026/03/24 13:43:04 - mmengine - INFO - Epoch(train) [16][16/16]  base_lr: 8.4368e-05 lr: 8.4368e-05  eta: 0:26:25  time: 1.5656  data_time: 0.1052  memory: 31549  grad_norm: nan  loss: 2.8146  loss_cls: 0.0040  loss_bbox: 0.0547  loss_iou: 0.1285  d0.loss_cls: 0.0324  d0.loss_bbox: 0.0570  d0.loss_iou: 0.1344  d1.loss_cls: 0.0122  d1.loss_bbox: 0.0550  d1.loss_iou: 0.1295  d2.loss_cls: 0.0066  d2.loss_bbox: 0.0549  d2.loss_iou: 0.1289  d3.loss_cls: 0.0046  d3.loss_bbox: 0.0547  d3.loss_iou: 0.1286  d4.loss_cls: 0.0042  d4.loss_bbox: 0.0547  d4.loss_iou: 0.1285  enc_loss_cls: 0.0521  enc_loss_bbox: 0.0662  enc_loss_iou: 0.1554  dn_loss_cls: 0.0071  dn_loss_bbox: 0.0588  dn_loss_iou: 0.1348  d0.dn_loss_cls: 0.0294  d0.dn_loss_bbox: 0.0960  d0.dn_loss_iou: 0.2080  d1.dn_loss_cls: 0.0122  d1.dn_loss_bbox: 0.0643  d1.dn_loss_iou: 0.1461  d2.dn_loss_cls: 0.0088  d2.dn_loss_bbox: 0.0604  d2.dn_loss_iou: 0.1384  d3.dn_loss_cls: 0.0075  d3.dn_loss_bbox: 0.0591  d3.dn_loss_iou: 0.1356  d4.dn_loss_cls: 0.0071  d4.dn_loss_bbox: 0.0588  d4.dn_loss_iou: 0.1348
2026/03/24 13:43:08 - mmengine - INFO - Evaluating bbox...
2026/03/24 13:43:09 - mmengine - INFO - bbox_mAP_copypaste: 0.760 0.967 0.874 -1.000 0.498 0.786
2026/03/24 13:43:09 - mmengine - INFO - Epoch(val) [16][16/16]    coco/bbox_mAP: 0.7600  coco/bbox_mAP_50: 0.9670  coco/bbox_mAP_75: 0.8740  coco/bbox_mAP_s: -1.0000  coco/bbox_mAP_m: 0.4980  coco/bbox_mAP_l: 0.7860  data_time: 0.0291  time: 0.2106
2026/03/24 13:43:34 - mmengine - INFO - Exp name: dino_4scale_r50_solaqua_fish_80e_pretrained_20260324_133509
2026/03/24 13:43:34 - mmengine - INFO - Epoch(train) [17][16/16]  base_lr: 8.3066e-05 lr: 8.3066e-05  eta: 0:25:59  time: 1.5806  data_time: 0.1124  memory: 31549  grad_norm: nan  loss: 2.7166  loss_cls: 0.0030  loss_bbox: 0.0528  loss_iou: 0.1238  d0.loss_cls: 0.0310  d0.loss_bbox: 0.0552  d0.loss_iou: 0.1300  d1.loss_cls: 0.0115  d1.loss_bbox: 0.0531  d1.loss_iou: 0.1248  d2.loss_cls: 0.0059  d2.loss_bbox: 0.0528  d2.loss_iou: 0.1240  d3.loss_cls: 0.0037  d3.loss_bbox: 0.0527  d3.loss_iou: 0.1238  d4.loss_cls: 0.0032  d4.loss_bbox: 0.0527  d4.loss_iou: 0.1238  enc_loss_cls: 0.0497  enc_loss_bbox: 0.0642  enc_loss_iou: 0.1505  dn_loss_cls: 0.0066  dn_loss_bbox: 0.0568  dn_loss_iou: 0.1300  d0.dn_loss_cls: 0.0289  d0.dn_loss_bbox: 0.0937  d0.dn_loss_iou: 0.2037  d1.dn_loss_cls: 0.0119  d1.dn_loss_bbox: 0.0622  d1.dn_loss_iou: 0.1414  d2.dn_loss_cls: 0.0085  d2.dn_loss_bbox: 0.0584  d2.dn_loss_iou: 0.1335  d3.dn_loss_cls: 0.0072  d3.dn_loss_bbox: 0.0571  d3.dn_loss_iou: 0.1309  d4.dn_loss_cls: 0.0067  d4.dn_loss_bbox: 0.0568  d4.dn_loss_iou: 0.1300
2026/03/24 13:44:00 - mmengine - INFO - Exp name: dino_4scale_r50_solaqua_fish_80e_pretrained_20260324_133509
2026/03/24 13:44:00 - mmengine - INFO - Epoch(train) [18][16/16]  base_lr: 8.1763e-05 lr: 8.1763e-05  eta: 0:25:39  time: 1.5918  data_time: 0.1117  memory: 31549  grad_norm: nan  loss: 2.6421  loss_cls: 0.0024  loss_bbox: 0.0508  loss_iou: 0.1199  d0.loss_cls: 0.0293  d0.loss_bbox: 0.0530  d0.loss_iou: 0.1258  d1.loss_cls: 0.0107  d1.loss_bbox: 0.0510  d1.loss_iou: 0.1208  d2.loss_cls: 0.0054  d2.loss_bbox: 0.0508  d2.loss_iou: 0.1201  d3.loss_cls: 0.0033  d3.loss_bbox: 0.0507  d3.loss_iou: 0.1199  d4.loss_cls: 0.0026  d4.loss_bbox: 0.0508  d4.loss_iou: 0.1198  enc_loss_cls: 0.0472  enc_loss_bbox: 0.0620  enc_loss_iou: 0.1466  dn_loss_cls: 0.0066  dn_loss_bbox: 0.0554  dn_loss_iou: 0.1273  d0.dn_loss_cls: 0.0286  d0.dn_loss_bbox: 0.0922  d0.dn_loss_iou: 0.2015  d1.dn_loss_cls: 0.0119  d1.dn_loss_bbox: 0.0608  d1.dn_loss_iou: 0.1387  d2.dn_loss_cls: 0.0086  d2.dn_loss_bbox: 0.0568  d2.dn_loss_iou: 0.1307  d3.dn_loss_cls: 0.0072  d3.dn_loss_bbox: 0.0556  d3.dn_loss_iou: 0.1281  d4.dn_loss_cls: 0.0066  d4.dn_loss_bbox: 0.0554  d4.dn_loss_iou: 0.1273
2026/03/24 13:44:04 - mmengine - INFO - Evaluating bbox...
2026/03/24 13:44:06 - mmengine - INFO - bbox_mAP_copypaste: 0.757 0.961 0.860 -1.000 0.492 0.783
2026/03/24 13:44:06 - mmengine - INFO - Epoch(val) [18][16/16]    coco/bbox_mAP: 0.7570  coco/bbox_mAP_50: 0.9610  coco/bbox_mAP_75: 0.8600  coco/bbox_mAP_s: -1.0000  coco/bbox_mAP_m: 0.4920  coco/bbox_mAP_l: 0.7830  data_time: 0.0207  time: 0.1981
2026/03/24 13:44:30 - mmengine - INFO - Exp name: dino_4scale_r50_solaqua_fish_80e_pretrained_20260324_133509
2026/03/24 13:44:30 - mmengine - INFO - Epoch(train) [19][16/16]  base_lr: 8.0461e-05 lr: 8.0461e-05  eta: 0:25:10  time: 1.5317  data_time: 0.0745  memory: 31549  grad_norm: 25.4961  loss: 2.5906  loss_cls: 0.0025  loss_bbox: 0.0497  loss_iou: 0.1177  d0.loss_cls: 0.0277  d0.loss_bbox: 0.0518  d0.loss_iou: 0.1234  d1.loss_cls: 0.0102  d1.loss_bbox: 0.0499  d1.loss_iou: 0.1185  d2.loss_cls: 0.0052  d2.loss_bbox: 0.0496  d2.loss_iou: 0.1177  d3.loss_cls: 0.0035  d3.loss_bbox: 0.0495  d3.loss_iou: 0.1174  d4.loss_cls: 0.0027  d4.loss_bbox: 0.0497  d4.loss_iou: 0.1175  enc_loss_cls: 0.0455  enc_loss_bbox: 0.0600  enc_loss_iou: 0.1423  dn_loss_cls: 0.0063  dn_loss_bbox: 0.0545  dn_loss_iou: 0.1247  d0.dn_loss_cls: 0.0281  d0.dn_loss_bbox: 0.0917  d0.dn_loss_iou: 0.1999  d1.dn_loss_cls: 0.0117  d1.dn_loss_bbox: 0.0602  d1.dn_loss_iou: 0.1367  d2.dn_loss_cls: 0.0081  d2.dn_loss_bbox: 0.0560  d2.dn_loss_iou: 0.1282  d3.dn_loss_cls: 0.0069  d3.dn_loss_bbox: 0.0547  d3.dn_loss_iou: 0.1255  d4.dn_loss_cls: 0.0063  d4.dn_loss_bbox: 0.0545  d4.dn_loss_iou: 0.1247
2026/03/24 13:44:53 - mmengine - INFO - Exp name: dino_4scale_r50_solaqua_fish_80e_pretrained_20260324_133509
2026/03/24 13:44:53 - mmengine - INFO - Epoch(train) [20][16/16]  base_lr: 7.9158e-05 lr: 7.9158e-05  eta: 0:24:41  time: 1.5108  data_time: 0.0662  memory: 31549  grad_norm: 25.6687  loss: 2.4918  loss_cls: 0.0019  loss_bbox: 0.0478  loss_iou: 0.1126  d0.loss_cls: 0.0260  d0.loss_bbox: 0.0496  d0.loss_iou: 0.1180  d1.loss_cls: 0.0091  d1.loss_bbox: 0.0479  d1.loss_iou: 0.1132  d2.loss_cls: 0.0044  d2.loss_bbox: 0.0477  d2.loss_iou: 0.1126  d3.loss_cls: 0.0029  d3.loss_bbox: 0.0476  d3.loss_iou: 0.1124  d4.loss_cls: 0.0021  d4.loss_bbox: 0.0478  d4.loss_iou: 0.1126  enc_loss_cls: 0.0433  enc_loss_bbox: 0.0577  enc_loss_iou: 0.1371  dn_loss_cls: 0.0061  dn_loss_bbox: 0.0525  dn_loss_iou: 0.1202  d0.dn_loss_cls: 0.0276  d0.dn_loss_bbox: 0.0900  d0.dn_loss_iou: 0.1950  d1.dn_loss_cls: 0.0113  d1.dn_loss_bbox: 0.0583  d1.dn_loss_iou: 0.1318  d2.dn_loss_cls: 0.0078  d2.dn_loss_bbox: 0.0541  d2.dn_loss_iou: 0.1235  d3.dn_loss_cls: 0.0067  d3.dn_loss_bbox: 0.0528  d3.dn_loss_iou: 0.1209  d4.dn_loss_cls: 0.0062  d4.dn_loss_bbox: 0.0526  d4.dn_loss_iou: 0.1202
2026/03/24 13:44:57 - mmengine - INFO - Evaluating bbox...
2026/03/24 13:44:58 - mmengine - INFO - bbox_mAP_copypaste: 0.760 0.964 0.876 -1.000 0.482 0.787
2026/03/24 13:44:58 - mmengine - INFO - Epoch(val) [20][16/16]    coco/bbox_mAP: 0.7600  coco/bbox_mAP_50: 0.9640  coco/bbox_mAP_75: 0.8760  coco/bbox_mAP_s: -1.0000  coco/bbox_mAP_m: 0.4820  coco/bbox_mAP_l: 0.7870  data_time: 0.0169  time: 0.1971
2026/03/24 13:45:21 - mmengine - INFO - Exp name: dino_4scale_r50_solaqua_fish_80e_pretrained_20260324_133509
2026/03/24 13:45:21 - mmengine - INFO - Epoch(train) [21][16/16]  base_lr: 7.7855e-05 lr: 7.7855e-05  eta: 0:24:12  time: 1.4498  data_time: 0.0557  memory: 31549  grad_norm: 25.3277  loss: 2.4298  loss_cls: 0.0017  loss_bbox: 0.0463  loss_iou: 0.1093  d0.loss_cls: 0.0253  d0.loss_bbox: 0.0483  d0.loss_iou: 0.1151  d1.loss_cls: 0.0089  d1.loss_bbox: 0.0466  d1.loss_iou: 0.1103  d2.loss_cls: 0.0040  d2.loss_bbox: 0.0463  d2.loss_iou: 0.1095  d3.loss_cls: 0.0026  d3.loss_bbox: 0.0461  d3.loss_iou: 0.1091  d4.loss_cls: 0.0019  d4.loss_bbox: 0.0463  d4.loss_iou: 0.1093  enc_loss_cls: 0.0419  enc_loss_bbox: 0.0563  enc_loss_iou: 0.1336  dn_loss_cls: 0.0066  dn_loss_bbox: 0.0512  dn_loss_iou: 0.1171  d0.dn_loss_cls: 0.0277  d0.dn_loss_bbox: 0.0881  d0.dn_loss_iou: 0.1920  d1.dn_loss_cls: 0.0114  d1.dn_loss_bbox: 0.0566  d1.dn_loss_iou: 0.1282  d2.dn_loss_cls: 0.0080  d2.dn_loss_bbox: 0.0527  d2.dn_loss_iou: 0.1204  d3.dn_loss_cls: 0.0071  d3.dn_loss_bbox: 0.0515  d3.dn_loss_iou: 0.1177  d4.dn_loss_cls: 0.0066  d4.dn_loss_bbox: 0.0512  d4.dn_loss_iou: 0.1172
2026/03/24 13:45:45 - mmengine - INFO - Exp name: dino_4scale_r50_solaqua_fish_80e_pretrained_20260324_133509
2026/03/24 13:45:45 - mmengine - INFO - Epoch(train) [22][16/16]  base_lr: 7.6553e-05 lr: 7.6553e-05  eta: 0:23:44  time: 1.4469  data_time: 0.0425  memory: 31549  grad_norm: 24.2519  loss: 2.3137  loss_cls: 0.0009  loss_bbox: 0.0441  loss_iou: 0.1038  d0.loss_cls: 0.0238  d0.loss_bbox: 0.0458  d0.loss_iou: 0.1091  d1.loss_cls: 0.0079  d1.loss_bbox: 0.0441  d1.loss_iou: 0.1043  d2.loss_cls: 0.0033  d2.loss_bbox: 0.0439  d2.loss_iou: 0.1039  d3.loss_cls: 0.0018  d3.loss_bbox: 0.0440  d3.loss_iou: 0.1037  d4.loss_cls: 0.0011  d4.loss_bbox: 0.0441  d4.loss_iou: 0.1038  enc_loss_cls: 0.0402  enc_loss_bbox: 0.0535  enc_loss_iou: 0.1266  dn_loss_cls: 0.0064  dn_loss_bbox: 0.0488  dn_loss_iou: 0.1120  d0.dn_loss_cls: 0.0268  d0.dn_loss_bbox: 0.0850  d0.dn_loss_iou: 0.1855  d1.dn_loss_cls: 0.0109  d1.dn_loss_bbox: 0.0536  d1.dn_loss_iou: 0.1222  d2.dn_loss_cls: 0.0077  d2.dn_loss_bbox: 0.0501  d2.dn_loss_iou: 0.1151  d3.dn_loss_cls: 0.0068  d3.dn_loss_bbox: 0.0490  d3.dn_loss_iou: 0.1125  d4.dn_loss_cls: 0.0065  d4.dn_loss_bbox: 0.0488  d4.dn_loss_iou: 0.1120
2026/03/24 13:45:49 - mmengine - INFO - Evaluating bbox...
2026/03/24 13:45:51 - mmengine - INFO - bbox_mAP_copypaste: 0.757 0.963 0.871 -1.000 0.492 0.783
2026/03/24 13:45:51 - mmengine - INFO - Epoch(val) [22][16/16]    coco/bbox_mAP: 0.7570  coco/bbox_mAP_50: 0.9630  coco/bbox_mAP_75: 0.8710  coco/bbox_mAP_s: -1.0000  coco/bbox_mAP_m: 0.4920  coco/bbox_mAP_l: 0.7830  data_time: 0.0172  time: 0.1993
2026/03/24 13:46:13 - mmengine - INFO - Exp name: dino_4scale_r50_solaqua_fish_80e_pretrained_20260324_133509
2026/03/24 13:46:13 - mmengine - INFO - Epoch(train) [23][16/16]  base_lr: 7.5250e-05 lr: 7.5250e-05  eta: 0:23:14  time: 1.4338  data_time: 0.0448  memory: 31549  grad_norm: 24.1067  loss: 2.2632  loss_cls: 0.0009  loss_bbox: 0.0426  loss_iou: 0.1008  d0.loss_cls: 0.0230  d0.loss_bbox: 0.0446  d0.loss_iou: 0.1065  d1.loss_cls: 0.0073  d1.loss_bbox: 0.0428  d1.loss_iou: 0.1017  d2.loss_cls: 0.0031  d2.loss_bbox: 0.0426  d2.loss_iou: 0.1011  d3.loss_cls: 0.0018  d3.loss_bbox: 0.0426  d3.loss_iou: 0.1009  d4.loss_cls: 0.0011  d4.loss_bbox: 0.0426  d4.loss_iou: 0.1008  enc_loss_cls: 0.0387  enc_loss_bbox: 0.0518  enc_loss_iou: 0.1231  dn_loss_cls: 0.0066  dn_loss_bbox: 0.0477  dn_loss_iou: 0.1096  d0.dn_loss_cls: 0.0266  d0.dn_loss_bbox: 0.0848  d0.dn_loss_iou: 0.1849  d1.dn_loss_cls: 0.0110  d1.dn_loss_bbox: 0.0528  d1.dn_loss_iou: 0.1200  d2.dn_loss_cls: 0.0079  d2.dn_loss_bbox: 0.0491  d2.dn_loss_iou: 0.1127  d3.dn_loss_cls: 0.0069  d3.dn_loss_bbox: 0.0479  d3.dn_loss_iou: 0.1101  d4.dn_loss_cls: 0.0066  d4.dn_loss_bbox: 0.0477  d4.dn_loss_iou: 0.1096
2026/03/24 13:46:36 - mmengine - INFO - Exp name: dino_4scale_r50_solaqua_fish_80e_pretrained_20260324_133509
2026/03/24 13:46:36 - mmengine - INFO - Epoch(train) [24][16/16]  base_lr: 7.3947e-05 lr: 7.3947e-05  eta: 0:22:45  time: 1.4186  data_time: 0.0406  memory: 31549  grad_norm: 25.7904  loss: 2.1968  loss_cls: 0.0019  loss_bbox: 0.0413  loss_iou: 0.0979  d0.loss_cls: 0.0229  d0.loss_bbox: 0.0436  d0.loss_iou: 0.1038  d1.loss_cls: 0.0071  d1.loss_bbox: 0.0416  d1.loss_iou: 0.0988  d2.loss_cls: 0.0033  d2.loss_bbox: 0.0414  d2.loss_iou: 0.0982  d3.loss_cls: 0.0022  d3.loss_bbox: 0.0413  d3.loss_iou: 0.0979  d4.loss_cls: 0.0018  d4.loss_bbox: 0.0413  d4.loss_iou: 0.0978  enc_loss_cls: 0.0376  enc_loss_bbox: 0.0506  enc_loss_iou: 0.1201  dn_loss_cls: 0.0059  dn_loss_bbox: 0.0456  dn_loss_iou: 0.1054  d0.dn_loss_cls: 0.0261  d0.dn_loss_bbox: 0.0836  d0.dn_loss_iou: 0.1816  d1.dn_loss_cls: 0.0106  d1.dn_loss_bbox: 0.0511  d1.dn_loss_iou: 0.1164  d2.dn_loss_cls: 0.0073  d2.dn_loss_bbox: 0.0471  d2.dn_loss_iou: 0.1087  d3.dn_loss_cls: 0.0062  d3.dn_loss_bbox: 0.0458  d3.dn_loss_iou: 0.1060  d4.dn_loss_cls: 0.0059  d4.dn_loss_bbox: 0.0456  d4.dn_loss_iou: 0.1054
2026/03/24 13:46:39 - mmengine - INFO - Evaluating bbox...
2026/03/24 13:46:41 - mmengine - INFO - bbox_mAP_copypaste: 0.759 0.964 0.869 -1.000 0.496 0.784
2026/03/24 13:46:41 - mmengine - INFO - Epoch(val) [24][16/16]    coco/bbox_mAP: 0.7590  coco/bbox_mAP_50: 0.9640  coco/bbox_mAP_75: 0.8690  coco/bbox_mAP_s: -1.0000  coco/bbox_mAP_m: 0.4960  coco/bbox_mAP_l: 0.7840  data_time: 0.0161  time: 0.2012
2026/03/24 13:47:05 - mmengine - INFO - Exp name: dino_4scale_r50_solaqua_fish_80e_pretrained_20260324_133509
2026/03/24 13:47:05 - mmengine - INFO - Epoch(train) [25][16/16]  base_lr: 7.2645e-05 lr: 7.2645e-05  eta: 0:22:18  time: 1.4155  data_time: 0.0400  memory: 31549  grad_norm: 28.7889  loss: 2.1771  loss_cls: 0.0021  loss_bbox: 0.0411  loss_iou: 0.0969  d0.loss_cls: 0.0236  d0.loss_bbox: 0.0437  d0.loss_iou: 0.1031  d1.loss_cls: 0.0071  d1.loss_bbox: 0.0416  d1.loss_iou: 0.0983  d2.loss_cls: 0.0035  d2.loss_bbox: 0.0412  d2.loss_iou: 0.0972  d3.loss_cls: 0.0024  d3.loss_bbox: 0.0411  d3.loss_iou: 0.0969  d4.loss_cls: 0.0021  d4.loss_bbox: 0.0411  d4.loss_iou: 0.0967  enc_loss_cls: 0.0373  enc_loss_bbox: 0.0511  enc_loss_iou: 0.1210  dn_loss_cls: 0.0059  dn_loss_bbox: 0.0449  dn_loss_iou: 0.1033  d0.dn_loss_cls: 0.0260  d0.dn_loss_bbox: 0.0832  d0.dn_loss_iou: 0.1798  d1.dn_loss_cls: 0.0105  d1.dn_loss_bbox: 0.0505  d1.dn_loss_iou: 0.1145  d2.dn_loss_cls: 0.0073  d2.dn_loss_bbox: 0.0464  d2.dn_loss_iou: 0.1064  d3.dn_loss_cls: 0.0063  d3.dn_loss_bbox: 0.0452  d3.dn_loss_iou: 0.1039  d4.dn_loss_cls: 0.0059  d4.dn_loss_bbox: 0.0449  d4.dn_loss_iou: 0.1033
2026/03/24 13:47:28 - mmengine - INFO - Exp name: dino_4scale_r50_solaqua_fish_80e_pretrained_20260324_133509
2026/03/24 13:47:28 - mmengine - INFO - Epoch(train) [26][16/16]  base_lr: 7.1342e-05 lr: 7.1342e-05  eta: 0:21:52  time: 1.4309  data_time: 0.0379  memory: 31495  grad_norm: 30.2607  loss: 2.1580  loss_cls: 0.0023  loss_bbox: 0.0403  loss_iou: 0.0956  d0.loss_cls: 0.0240  d0.loss_bbox: 0.0431  d0.loss_iou: 0.1023  d1.loss_cls: 0.0074  d1.loss_bbox: 0.0409  d1.loss_iou: 0.0971  d2.loss_cls: 0.0037  d2.loss_bbox: 0.0405  d2.loss_iou: 0.0960  d3.loss_cls: 0.0024  d3.loss_bbox: 0.0404  d3.loss_iou: 0.0956  d4.loss_cls: 0.0022  d4.loss_bbox: 0.0403  d4.loss_iou: 0.0955  enc_loss_cls: 0.0365  enc_loss_bbox: 0.0506  enc_loss_iou: 0.1203  dn_loss_cls: 0.0061  dn_loss_bbox: 0.0441  dn_loss_iou: 0.1025  d0.dn_loss_cls: 0.0265  d0.dn_loss_bbox: 0.0824  d0.dn_loss_iou: 0.1797  d1.dn_loss_cls: 0.0109  d1.dn_loss_bbox: 0.0496  d1.dn_loss_iou: 0.1135  d2.dn_loss_cls: 0.0076  d2.dn_loss_bbox: 0.0455  d2.dn_loss_iou: 0.1054  d3.dn_loss_cls: 0.0066  d3.dn_loss_bbox: 0.0444  d3.dn_loss_iou: 0.1032  d4.dn_loss_cls: 0.0062  d4.dn_loss_bbox: 0.0441  d4.dn_loss_iou: 0.1026
2026/03/24 13:47:32 - mmengine - INFO - Evaluating bbox...
2026/03/24 13:47:33 - mmengine - INFO - bbox_mAP_copypaste: 0.756 0.962 0.872 -1.000 0.490 0.783
2026/03/24 13:47:33 - mmengine - INFO - Epoch(val) [26][16/16]    coco/bbox_mAP: 0.7560  coco/bbox_mAP_50: 0.9620  coco/bbox_mAP_75: 0.8720  coco/bbox_mAP_s: -1.0000  coco/bbox_mAP_m: 0.4900  coco/bbox_mAP_l: 0.7830  data_time: 0.0156  time: 0.1957
2026/03/24 13:47:56 - mmengine - INFO - Exp name: dino_4scale_r50_solaqua_fish_80e_pretrained_20260324_133509
2026/03/24 13:47:56 - mmengine - INFO - Epoch(train) [27][16/16]  base_lr: 7.0039e-05 lr: 7.0039e-05  eta: 0:21:25  time: 1.4456  data_time: 0.0377  memory: 31549  grad_norm: 27.6422  loss: 2.0791  loss_cls: 0.0013  loss_bbox: 0.0385  loss_iou: 0.0912  d0.loss_cls: 0.0245  d0.loss_bbox: 0.0410  d0.loss_iou: 0.0976  d1.loss_cls: 0.0072  d1.loss_bbox: 0.0389  d1.loss_iou: 0.0925  d2.loss_cls: 0.0033  d2.loss_bbox: 0.0386  d2.loss_iou: 0.0915  d3.loss_cls: 0.0018  d3.loss_bbox: 0.0385  d3.loss_iou: 0.0914  d4.loss_cls: 0.0015  d4.loss_bbox: 0.0385  d4.loss_iou: 0.0912  enc_loss_cls: 0.0351  enc_loss_bbox: 0.0485  enc_loss_iou: 0.1157  dn_loss_cls: 0.0061  dn_loss_bbox: 0.0430  dn_loss_iou: 0.0990  d0.dn_loss_cls: 0.0262  d0.dn_loss_bbox: 0.0806  d0.dn_loss_iou: 0.1758  d1.dn_loss_cls: 0.0109  d1.dn_loss_bbox: 0.0482  d1.dn_loss_iou: 0.1096  d2.dn_loss_cls: 0.0077  d2.dn_loss_bbox: 0.0443  d2.dn_loss_iou: 0.1017  d3.dn_loss_cls: 0.0067  d3.dn_loss_bbox: 0.0433  d3.dn_loss_iou: 0.0996  d4.dn_loss_cls: 0.0062  d4.dn_loss_bbox: 0.0430  d4.dn_loss_iou: 0.0990
2026/03/24 13:48:20 - mmengine - INFO - Exp name: dino_4scale_r50_solaqua_fish_80e_pretrained_20260324_133509
2026/03/24 13:48:20 - mmengine - INFO - Epoch(train) [28][16/16]  base_lr: 6.8737e-05 lr: 6.8737e-05  eta: 0:21:00  time: 1.4535  data_time: 0.0406  memory: 31549  grad_norm: 23.0019  loss: 1.9725  loss_cls: 0.0013  loss_bbox: 0.0360  loss_iou: 0.0854  d0.loss_cls: 0.0233  d0.loss_bbox: 0.0384  d0.loss_iou: 0.0916  d1.loss_cls: 0.0067  d1.loss_bbox: 0.0364  d1.loss_iou: 0.0865  d2.loss_cls: 0.0028  d2.loss_bbox: 0.0361  d2.loss_iou: 0.0857  d3.loss_cls: 0.0016  d3.loss_bbox: 0.0361  d3.loss_iou: 0.0855  d4.loss_cls: 0.0014  d4.loss_bbox: 0.0360  d4.loss_iou: 0.0854  enc_loss_cls: 0.0335  enc_loss_bbox: 0.0453  enc_loss_iou: 0.1082  dn_loss_cls: 0.0059  dn_loss_bbox: 0.0412  dn_loss_iou: 0.0942  d0.dn_loss_cls: 0.0253  d0.dn_loss_bbox: 0.0787  d0.dn_loss_iou: 0.1706  d1.dn_loss_cls: 0.0106  d1.dn_loss_bbox: 0.0464  d1.dn_loss_iou: 0.1047  d2.dn_loss_cls: 0.0075  d2.dn_loss_bbox: 0.0426  d2.dn_loss_iou: 0.0970  d3.dn_loss_cls: 0.0065  d3.dn_loss_bbox: 0.0415  d3.dn_loss_iou: 0.0948  d4.dn_loss_cls: 0.0061  d4.dn_loss_bbox: 0.0413  d4.dn_loss_iou: 0.0943
2026/03/24 13:48:24 - mmengine - INFO - Evaluating bbox...
2026/03/24 13:48:26 - mmengine - INFO - bbox_mAP_copypaste: 0.757 0.957 0.866 -1.000 0.493 0.782
2026/03/24 13:48:26 - mmengine - INFO - Epoch(val) [28][16/16]    coco/bbox_mAP: 0.7570  coco/bbox_mAP_50: 0.9570  coco/bbox_mAP_75: 0.8660  coco/bbox_mAP_s: -1.0000  coco/bbox_mAP_m: 0.4930  coco/bbox_mAP_l: 0.7820  data_time: 0.0184  time: 0.1979
2026/03/24 13:48:50 - mmengine - INFO - Exp name: dino_4scale_r50_solaqua_fish_80e_pretrained_20260324_133509
2026/03/24 13:48:50 - mmengine - INFO - Epoch(train) [29][16/16]  base_lr: 6.7434e-05 lr: 6.7434e-05  eta: 0:20:35  time: 1.4620  data_time: 0.0463  memory: 31549  grad_norm: 21.8339  loss: 1.8988  loss_cls: 0.0014  loss_bbox: 0.0343  loss_iou: 0.0818  d0.loss_cls: 0.0226  d0.loss_bbox: 0.0367  d0.loss_iou: 0.0881  d1.loss_cls: 0.0064  d1.loss_bbox: 0.0347  d1.loss_iou: 0.0830  d2.loss_cls: 0.0026  d2.loss_bbox: 0.0345  d2.loss_iou: 0.0821  d3.loss_cls: 0.0015  d3.loss_bbox: 0.0344  d3.loss_iou: 0.0819  d4.loss_cls: 0.0014  d4.loss_bbox: 0.0343  d4.loss_iou: 0.0818  enc_loss_cls: 0.0322  enc_loss_bbox: 0.0436  enc_loss_iou: 0.1043  dn_loss_cls: 0.0055  dn_loss_bbox: 0.0394  dn_loss_iou: 0.0906  d0.dn_loss_cls: 0.0247  d0.dn_loss_bbox: 0.0770  d0.dn_loss_iou: 0.1678  d1.dn_loss_cls: 0.0101  d1.dn_loss_bbox: 0.0446  d1.dn_loss_iou: 0.1013  d2.dn_loss_cls: 0.0072  d2.dn_loss_bbox: 0.0408  d2.dn_loss_iou: 0.0936  d3.dn_loss_cls: 0.0060  d3.dn_loss_bbox: 0.0397  d3.dn_loss_iou: 0.0912  d4.dn_loss_cls: 0.0056  d4.dn_loss_bbox: 0.0394  d4.dn_loss_iou: 0.0906
2026/03/24 13:49:14 - mmengine - INFO - Exp name: dino_4scale_r50_solaqua_fish_80e_pretrained_20260324_133509
2026/03/24 13:49:14 - mmengine - INFO - Epoch(train) [30][16/16]  base_lr: 6.6132e-05 lr: 6.6132e-05  eta: 0:20:10  time: 1.4795  data_time: 0.0573  memory: 31549  grad_norm: 23.0219  loss: 1.8536  loss_cls: 0.0013  loss_bbox: 0.0335  loss_iou: 0.0799  d0.loss_cls: 0.0211  d0.loss_bbox: 0.0356  d0.loss_iou: 0.0858  d1.loss_cls: 0.0059  d1.loss_bbox: 0.0338  d1.loss_iou: 0.0810  d2.loss_cls: 0.0023  d2.loss_bbox: 0.0336  d2.loss_iou: 0.0801  d3.loss_cls: 0.0014  d3.loss_bbox: 0.0335  d3.loss_iou: 0.0800  d4.loss_cls: 0.0013  d4.loss_bbox: 0.0335  d4.loss_iou: 0.0799  enc_loss_cls: 0.0302  enc_loss_bbox: 0.0423  enc_loss_iou: 0.1015  dn_loss_cls: 0.0052  dn_loss_bbox: 0.0385  dn_loss_iou: 0.0887  d0.dn_loss_cls: 0.0245  d0.dn_loss_bbox: 0.0760  d0.dn_loss_iou: 0.1662  d1.dn_loss_cls: 0.0098  d1.dn_loss_bbox: 0.0435  d1.dn_loss_iou: 0.0992  d2.dn_loss_cls: 0.0068  d2.dn_loss_bbox: 0.0399  d2.dn_loss_iou: 0.0916  d3.dn_loss_cls: 0.0057  d3.dn_loss_bbox: 0.0388  d3.dn_loss_iou: 0.0893  d4.dn_loss_cls: 0.0052  d4.dn_loss_bbox: 0.0386  d4.dn_loss_iou: 0.0887
2026/03/24 13:49:18 - mmengine - INFO - Evaluating bbox...
2026/03/24 13:49:20 - mmengine - INFO - bbox_mAP_copypaste: 0.758 0.958 0.864 -1.000 0.492 0.783
2026/03/24 13:49:20 - mmengine - INFO - Epoch(val) [30][16/16]    coco/bbox_mAP: 0.7580  coco/bbox_mAP_50: 0.9580  coco/bbox_mAP_75: 0.8640  coco/bbox_mAP_s: -1.0000  coco/bbox_mAP_m: 0.4920  coco/bbox_mAP_l: 0.7830  data_time: 0.0147  time: 0.1850
2026/03/24 13:49:44 - mmengine - INFO - Exp name: dino_4scale_r50_solaqua_fish_80e_pretrained_20260324_133509
2026/03/24 13:49:44 - mmengine - INFO - Epoch(train) [31][16/16]  base_lr: 6.4829e-05 lr: 6.4829e-05  eta: 0:19:46  time: 1.4942  data_time: 0.0508  memory: 31549  grad_norm: 23.5362  loss: 1.7723  loss_cls: 0.0008  loss_bbox: 0.0319  loss_iou: 0.0761  d0.loss_cls: 0.0202  d0.loss_bbox: 0.0339  d0.loss_iou: 0.0821  d1.loss_cls: 0.0055  d1.loss_bbox: 0.0321  d1.loss_iou: 0.0772  d2.loss_cls: 0.0022  d2.loss_bbox: 0.0320  d2.loss_iou: 0.0764  d3.loss_cls: 0.0012  d3.loss_bbox: 0.0319  d3.loss_iou: 0.0762  d4.loss_cls: 0.0009  d4.loss_bbox: 0.0319  d4.loss_iou: 0.0761  enc_loss_cls: 0.0292  enc_loss_bbox: 0.0407  enc_loss_iou: 0.0977  dn_loss_cls: 0.0054  dn_loss_bbox: 0.0362  dn_loss_iou: 0.0840  d0.dn_loss_cls: 0.0245  d0.dn_loss_bbox: 0.0746  d0.dn_loss_iou: 0.1629  d1.dn_loss_cls: 0.0096  d1.dn_loss_bbox: 0.0410  d1.dn_loss_iou: 0.0944  d2.dn_loss_cls: 0.0068  d2.dn_loss_bbox: 0.0375  d2.dn_loss_iou: 0.0869  d3.dn_loss_cls: 0.0058  d3.dn_loss_bbox: 0.0365  d3.dn_loss_iou: 0.0846  d4.dn_loss_cls: 0.0054  d4.dn_loss_bbox: 0.0362  d4.dn_loss_iou: 0.0840
2026/03/24 13:50:08 - mmengine - INFO - Exp name: dino_4scale_r50_solaqua_fish_80e_pretrained_20260324_133509
2026/03/24 13:50:08 - mmengine - INFO - Epoch(train) [32][16/16]  base_lr: 6.3526e-05 lr: 6.3526e-05  eta: 0:19:22  time: 1.5012  data_time: 0.0496  memory: 31549  grad_norm: 24.3063  loss: 1.7302  loss_cls: 0.0006  loss_bbox: 0.0310  loss_iou: 0.0741  d0.loss_cls: 0.0199  d0.loss_bbox: 0.0331  d0.loss_iou: 0.0803  d1.loss_cls: 0.0052  d1.loss_bbox: 0.0312  d1.loss_iou: 0.0751  d2.loss_cls: 0.0021  d2.loss_bbox: 0.0310  d2.loss_iou: 0.0743  d3.loss_cls: 0.0011  d3.loss_bbox: 0.0309  d3.loss_iou: 0.0741  d4.loss_cls: 0.0007  d4.loss_bbox: 0.0310  d4.loss_iou: 0.0741  enc_loss_cls: 0.0283  enc_loss_bbox: 0.0397  enc_loss_iou: 0.0958  dn_loss_cls: 0.0056  dn_loss_bbox: 0.0353  dn_loss_iou: 0.0816  d0.dn_loss_cls: 0.0243  d0.dn_loss_bbox: 0.0734  d0.dn_loss_iou: 0.1608  d1.dn_loss_cls: 0.0096  d1.dn_loss_bbox: 0.0400  d1.dn_loss_iou: 0.0916  d2.dn_loss_cls: 0.0069  d2.dn_loss_bbox: 0.0366  d2.dn_loss_iou: 0.0844  d3.dn_loss_cls: 0.0061  d3.dn_loss_bbox: 0.0356  d3.dn_loss_iou: 0.0822  d4.dn_loss_cls: 0.0056  d4.dn_loss_bbox: 0.0353  d4.dn_loss_iou: 0.0817
2026/03/24 13:50:12 - mmengine - INFO - Evaluating bbox...
2026/03/24 13:50:14 - mmengine - INFO - bbox_mAP_copypaste: 0.760 0.966 0.874 -1.000 0.508 0.785
2026/03/24 13:50:14 - mmengine - INFO - Epoch(val) [32][16/16]    coco/bbox_mAP: 0.7600  coco/bbox_mAP_50: 0.9660  coco/bbox_mAP_75: 0.8740  coco/bbox_mAP_s: -1.0000  coco/bbox_mAP_m: 0.5080  coco/bbox_mAP_l: 0.7850  data_time: 0.0146  time: 0.1918
2026/03/24 13:50:37 - mmengine - INFO - Exp name: dino_4scale_r50_solaqua_fish_80e_pretrained_20260324_133509
2026/03/24 13:50:37 - mmengine - INFO - Epoch(train) [33][16/16]  base_lr: 6.2224e-05 lr: 6.2224e-05  eta: 0:18:56  time: 1.4781  data_time: 0.0416  memory: 31549  grad_norm: 26.8886  loss: 1.7051  loss_cls: 0.0005  loss_bbox: 0.0305  loss_iou: 0.0731  d0.loss_cls: 0.0195  d0.loss_bbox: 0.0330  d0.loss_iou: 0.0796  d1.loss_cls: 0.0050  d1.loss_bbox: 0.0309  d1.loss_iou: 0.0743  d2.loss_cls: 0.0019  d2.loss_bbox: 0.0306  d2.loss_iou: 0.0734  d3.loss_cls: 0.0010  d3.loss_bbox: 0.0305  d3.loss_iou: 0.0731  d4.loss_cls: 0.0006  d4.loss_bbox: 0.0305  d4.loss_iou: 0.0731  enc_loss_cls: 0.0272  enc_loss_bbox: 0.0397  enc_loss_iou: 0.0948  dn_loss_cls: 0.0057  dn_loss_bbox: 0.0345  dn_loss_iou: 0.0800  d0.dn_loss_cls: 0.0240  d0.dn_loss_bbox: 0.0730  d0.dn_loss_iou: 0.1589  d1.dn_loss_cls: 0.0096  d1.dn_loss_bbox: 0.0392  d1.dn_loss_iou: 0.0899  d2.dn_loss_cls: 0.0070  d2.dn_loss_bbox: 0.0358  d2.dn_loss_iou: 0.0828  d3.dn_loss_cls: 0.0061  d3.dn_loss_bbox: 0.0347  d3.dn_loss_iou: 0.0805  d4.dn_loss_cls: 0.0057  d4.dn_loss_bbox: 0.0345  d4.dn_loss_iou: 0.0800
2026/03/24 13:51:01 - mmengine - INFO - Exp name: dino_4scale_r50_solaqua_fish_80e_pretrained_20260324_133509
2026/03/24 13:51:01 - mmengine - INFO - Epoch(train) [34][16/16]  base_lr: 6.0921e-05 lr: 6.0921e-05  eta: 0:18:32  time: 1.4821  data_time: 0.0517  memory: 31549  grad_norm: 28.4805  loss: 1.6801  loss_cls: 0.0005  loss_bbox: 0.0301  loss_iou: 0.0712  d0.loss_cls: 0.0191  d0.loss_bbox: 0.0329  d0.loss_iou: 0.0779  d1.loss_cls: 0.0048  d1.loss_bbox: 0.0306  d1.loss_iou: 0.0725  d2.loss_cls: 0.0018  d2.loss_bbox: 0.0302  d2.loss_iou: 0.0715  d3.loss_cls: 0.0010  d3.loss_bbox: 0.0301  d3.loss_iou: 0.0712  d4.loss_cls: 0.0006  d4.loss_bbox: 0.0301  d4.loss_iou: 0.0712  enc_loss_cls: 0.0259  enc_loss_bbox: 0.0402  enc_loss_iou: 0.0939  dn_loss_cls: 0.0052  dn_loss_bbox: 0.0348  dn_loss_iou: 0.0792  d0.dn_loss_cls: 0.0233  d0.dn_loss_bbox: 0.0723  d0.dn_loss_iou: 0.1563  d1.dn_loss_cls: 0.0090  d1.dn_loss_bbox: 0.0397  d1.dn_loss_iou: 0.0893  d2.dn_loss_cls: 0.0064  d2.dn_loss_bbox: 0.0360  d2.dn_loss_iou: 0.0819  d3.dn_loss_cls: 0.0056  d3.dn_loss_bbox: 0.0349  d3.dn_loss_iou: 0.0797  d4.dn_loss_cls: 0.0052  d4.dn_loss_bbox: 0.0348  d4.dn_loss_iou: 0.0792
2026/03/24 13:51:05 - mmengine - INFO - Evaluating bbox...
2026/03/24 13:51:08 - mmengine - INFO - bbox_mAP_copypaste: 0.754 0.957 0.869 -1.000 0.490 0.780
2026/03/24 13:51:08 - mmengine - INFO - Epoch(val) [34][16/16]    coco/bbox_mAP: 0.7540  coco/bbox_mAP_50: 0.9570  coco/bbox_mAP_75: 0.8690  coco/bbox_mAP_s: -1.0000  coco/bbox_mAP_m: 0.4900  coco/bbox_mAP_l: 0.7800  data_time: 0.0213  time: 0.2056
2026/03/24 13:51:32 - mmengine - INFO - Exp name: dino_4scale_r50_solaqua_fish_80e_pretrained_20260324_133509
2026/03/24 13:51:32 - mmengine - INFO - Epoch(train) [35][16/16]  base_lr: 5.9618e-05 lr: 5.9618e-05  eta: 0:18:07  time: 1.4769  data_time: 0.0535  memory: 31549  grad_norm: 26.9590  loss: 1.6259  loss_cls: 0.0003  loss_bbox: 0.0289  loss_iou: 0.0685  d0.loss_cls: 0.0189  d0.loss_bbox: 0.0316  d0.loss_iou: 0.0750  d1.loss_cls: 0.0045  d1.loss_bbox: 0.0293  d1.loss_iou: 0.0696  d2.loss_cls: 0.0016  d2.loss_bbox: 0.0289  d2.loss_iou: 0.0686  d3.loss_cls: 0.0009  d3.loss_bbox: 0.0288  d3.loss_iou: 0.0683  d4.loss_cls: 0.0004  d4.loss_bbox: 0.0289  d4.loss_iou: 0.0684  enc_loss_cls: 0.0249  enc_loss_bbox: 0.0391  enc_loss_iou: 0.0912  dn_loss_cls: 0.0050  dn_loss_bbox: 0.0335  dn_loss_iou: 0.0770  d0.dn_loss_cls: 0.0231  d0.dn_loss_bbox: 0.0710  d0.dn_loss_iou: 0.1533  d1.dn_loss_cls: 0.0089  d1.dn_loss_bbox: 0.0384  d1.dn_loss_iou: 0.0869  d2.dn_loss_cls: 0.0062  d2.dn_loss_bbox: 0.0347  d2.dn_loss_iou: 0.0794  d3.dn_loss_cls: 0.0053  d3.dn_loss_bbox: 0.0337  d3.dn_loss_iou: 0.0775  d4.dn_loss_cls: 0.0050  d4.dn_loss_bbox: 0.0336  d4.dn_loss_iou: 0.0770
2026/03/24 13:51:55 - mmengine - INFO - Exp name: dino_4scale_r50_solaqua_fish_80e_pretrained_20260324_133509
2026/03/24 13:51:55 - mmengine - INFO - Epoch(train) [36][16/16]  base_lr: 5.8316e-05 lr: 5.8316e-05  eta: 0:17:42  time: 1.4780  data_time: 0.0500  memory: 31549  grad_norm: 24.5249  loss: 1.5733  loss_cls: 0.0003  loss_bbox: 0.0272  loss_iou: 0.0652  d0.loss_cls: 0.0191  d0.loss_bbox: 0.0298  d0.loss_iou: 0.0720  d1.loss_cls: 0.0045  d1.loss_bbox: 0.0277  d1.loss_iou: 0.0664  d2.loss_cls: 0.0016  d2.loss_bbox: 0.0273  d2.loss_iou: 0.0655  d3.loss_cls: 0.0009  d3.loss_bbox: 0.0272  d3.loss_iou: 0.0652  d4.loss_cls: 0.0005  d4.loss_bbox: 0.0272  d4.loss_iou: 0.0652  enc_loss_cls: 0.0242  enc_loss_bbox: 0.0369  enc_loss_iou: 0.0879  dn_loss_cls: 0.0046  dn_loss_bbox: 0.0326  dn_loss_iou: 0.0745  d0.dn_loss_cls: 0.0231  d0.dn_loss_bbox: 0.0706  d0.dn_loss_iou: 0.1525  d1.dn_loss_cls: 0.0088  d1.dn_loss_bbox: 0.0379  d1.dn_loss_iou: 0.0852  d2.dn_loss_cls: 0.0060  d2.dn_loss_bbox: 0.0338  d2.dn_loss_iou: 0.0771  d3.dn_loss_cls: 0.0051  d3.dn_loss_bbox: 0.0328  d3.dn_loss_iou: 0.0750  d4.dn_loss_cls: 0.0047  d4.dn_loss_bbox: 0.0326  d4.dn_loss_iou: 0.0745
2026/03/24 13:51:58 - mmengine - INFO - Evaluating bbox...
2026/03/24 13:52:00 - mmengine - INFO - bbox_mAP_copypaste: 0.752 0.959 0.862 -1.000 0.491 0.778
2026/03/24 13:52:00 - mmengine - INFO - Epoch(val) [36][16/16]    coco/bbox_mAP: 0.7520  coco/bbox_mAP_50: 0.9590  coco/bbox_mAP_75: 0.8620  coco/bbox_mAP_s: -1.0000  coco/bbox_mAP_m: 0.4910  coco/bbox_mAP_l: 0.7780  data_time: 0.0194  time: 0.2014
2026/03/24 13:52:24 - mmengine - INFO - Exp name: dino_4scale_r50_solaqua_fish_80e_pretrained_20260324_133509
2026/03/24 13:52:24 - mmengine - INFO - Epoch(train) [37][16/16]  base_lr: 5.7013e-05 lr: 5.7013e-05  eta: 0:17:17  time: 1.4593  data_time: 0.0532  memory: 31549  grad_norm: 25.1757  loss: 1.5117  loss_cls: 0.0004  loss_bbox: 0.0258  loss_iou: 0.0619  d0.loss_cls: 0.0178  d0.loss_bbox: 0.0284  d0.loss_iou: 0.0685  d1.loss_cls: 0.0044  d1.loss_bbox: 0.0262  d1.loss_iou: 0.0629  d2.loss_cls: 0.0015  d2.loss_bbox: 0.0259  d2.loss_iou: 0.0622  d3.loss_cls: 0.0008  d3.loss_bbox: 0.0258  d3.loss_iou: 0.0619  d4.loss_cls: 0.0005  d4.loss_bbox: 0.0258  d4.loss_iou: 0.0619  enc_loss_cls: 0.0234  enc_loss_bbox: 0.0346  enc_loss_iou: 0.0830  dn_loss_cls: 0.0045  dn_loss_bbox: 0.0312  dn_loss_iou: 0.0714  d0.dn_loss_cls: 0.0230  d0.dn_loss_bbox: 0.0704  d0.dn_loss_iou: 0.1515  d1.dn_loss_cls: 0.0089  d1.dn_loss_bbox: 0.0365  d1.dn_loss_iou: 0.0823  d2.dn_loss_cls: 0.0061  d2.dn_loss_bbox: 0.0325  d2.dn_loss_iou: 0.0741  d3.dn_loss_cls: 0.0051  d3.dn_loss_bbox: 0.0314  d3.dn_loss_iou: 0.0719  d4.dn_loss_cls: 0.0046  d4.dn_loss_bbox: 0.0312  d4.dn_loss_iou: 0.0714
2026/03/24 13:52:47 - mmengine - INFO - Exp name: dino_4scale_r50_solaqua_fish_80e_pretrained_20260324_133509
2026/03/24 13:52:47 - mmengine - INFO - Epoch(train) [38][16/16]  base_lr: 5.5711e-05 lr: 5.5711e-05  eta: 0:16:52  time: 1.4450  data_time: 0.0536  memory: 31549  grad_norm: 28.7220  loss: 1.5058  loss_cls: 0.0004  loss_bbox: 0.0256  loss_iou: 0.0615  d0.loss_cls: 0.0189  d0.loss_bbox: 0.0285  d0.loss_iou: 0.0685  d1.loss_cls: 0.0045  d1.loss_bbox: 0.0261  d1.loss_iou: 0.0627  d2.loss_cls: 0.0015  d2.loss_bbox: 0.0258  d2.loss_iou: 0.0619  d3.loss_cls: 0.0008  d3.loss_bbox: 0.0256  d3.loss_iou: 0.0616  d4.loss_cls: 0.0005  d4.loss_bbox: 0.0256  d4.loss_iou: 0.0615  enc_loss_cls: 0.0227  enc_loss_bbox: 0.0347  enc_loss_iou: 0.0830  dn_loss_cls: 0.0049  dn_loss_bbox: 0.0307  dn_loss_iou: 0.0706  d0.dn_loss_cls: 0.0235  d0.dn_loss_bbox: 0.0699  d0.dn_loss_iou: 0.1511  d1.dn_loss_cls: 0.0093  d1.dn_loss_bbox: 0.0360  d1.dn_loss_iou: 0.0816  d2.dn_loss_cls: 0.0066  d2.dn_loss_bbox: 0.0321  d2.dn_loss_iou: 0.0736  d3.dn_loss_cls: 0.0055  d3.dn_loss_bbox: 0.0310  d3.dn_loss_iou: 0.0712  d4.dn_loss_cls: 0.0049  d4.dn_loss_bbox: 0.0307  d4.dn_loss_iou: 0.0706
2026/03/24 13:52:51 - mmengine - INFO - Evaluating bbox...
2026/03/24 13:52:52 - mmengine - INFO - bbox_mAP_copypaste: 0.750 0.955 0.861 -1.000 0.486 0.775
2026/03/24 13:52:53 - mmengine - INFO - Epoch(val) [38][16/16]    coco/bbox_mAP: 0.7500  coco/bbox_mAP_50: 0.9550  coco/bbox_mAP_75: 0.8610  coco/bbox_mAP_s: -1.0000  coco/bbox_mAP_m: 0.4860  coco/bbox_mAP_l: 0.7750  data_time: 0.0172  time: 0.2018
2026/03/24 13:53:16 - mmengine - INFO - Exp name: dino_4scale_r50_solaqua_fish_80e_pretrained_20260324_133509
2026/03/24 13:53:16 - mmengine - INFO - Epoch(train) [39][16/16]  base_lr: 5.4408e-05 lr: 5.4408e-05  eta: 0:16:27  time: 1.4524  data_time: 0.0633  memory: 31549  grad_norm: 29.6403  loss: 1.4851  loss_cls: 0.0004  loss_bbox: 0.0253  loss_iou: 0.0607  d0.loss_cls: 0.0203  d0.loss_bbox: 0.0282  d0.loss_iou: 0.0676  d1.loss_cls: 0.0051  d1.loss_bbox: 0.0258  d1.loss_iou: 0.0619  d2.loss_cls: 0.0019  d2.loss_bbox: 0.0255  d2.loss_iou: 0.0611  d3.loss_cls: 0.0007  d3.loss_bbox: 0.0253  d3.loss_iou: 0.0608  d4.loss_cls: 0.0005  d4.loss_bbox: 0.0253  d4.loss_iou: 0.0607  enc_loss_cls: 0.0223  enc_loss_bbox: 0.0342  enc_loss_iou: 0.0813  dn_loss_cls: 0.0049  dn_loss_bbox: 0.0300  dn_loss_iou: 0.0692  d0.dn_loss_cls: 0.0232  d0.dn_loss_bbox: 0.0689  d0.dn_loss_iou: 0.1499  d1.dn_loss_cls: 0.0092  d1.dn_loss_bbox: 0.0351  d1.dn_loss_iou: 0.0801  d2.dn_loss_cls: 0.0066  d2.dn_loss_bbox: 0.0313  d2.dn_loss_iou: 0.0721  d3.dn_loss_cls: 0.0055  d3.dn_loss_bbox: 0.0303  d3.dn_loss_iou: 0.0699  d4.dn_loss_cls: 0.0049  d4.dn_loss_bbox: 0.0300  d4.dn_loss_iou: 0.0692
2026/03/24 13:53:39 - mmengine - INFO - Exp name: dino_4scale_r50_solaqua_fish_80e_pretrained_20260324_133509
2026/03/24 13:53:39 - mmengine - INFO - Epoch(train) [40][16/16]  base_lr: 5.3105e-05 lr: 5.3105e-05  eta: 0:16:02  time: 1.4441  data_time: 0.0622  memory: 31549  grad_norm: 27.5699  loss: 1.4372  loss_cls: 0.0002  loss_bbox: 0.0244  loss_iou: 0.0582  d0.loss_cls: 0.0204  d0.loss_bbox: 0.0270  d0.loss_iou: 0.0650  d1.loss_cls: 0.0049  d1.loss_bbox: 0.0248  d1.loss_iou: 0.0595  d2.loss_cls: 0.0018  d2.loss_bbox: 0.0245  d2.loss_iou: 0.0586  d3.loss_cls: 0.0007  d3.loss_bbox: 0.0244  d3.loss_iou: 0.0583  d4.loss_cls: 0.0003  d4.loss_bbox: 0.0244  d4.loss_iou: 0.0582  enc_loss_cls: 0.0217  enc_loss_bbox: 0.0328  enc_loss_iou: 0.0785  dn_loss_cls: 0.0048  dn_loss_bbox: 0.0294  dn_loss_iou: 0.0670  d0.dn_loss_cls: 0.0233  d0.dn_loss_bbox: 0.0673  d0.dn_loss_iou: 0.1459  d1.dn_loss_cls: 0.0090  d1.dn_loss_bbox: 0.0342  d1.dn_loss_iou: 0.0773  d2.dn_loss_cls: 0.0064  d2.dn_loss_bbox: 0.0305  d2.dn_loss_iou: 0.0698  d3.dn_loss_cls: 0.0053  d3.dn_loss_bbox: 0.0296  d3.dn_loss_iou: 0.0676  d4.dn_loss_cls: 0.0048  d4.dn_loss_bbox: 0.0294  d4.dn_loss_iou: 0.0670
2026/03/24 13:53:42 - mmengine - INFO - Evaluating bbox...
2026/03/24 13:53:44 - mmengine - INFO - bbox_mAP_copypaste: 0.751 0.958 0.856 -1.000 0.494 0.775
2026/03/24 13:53:44 - mmengine - INFO - Epoch(val) [40][16/16]    coco/bbox_mAP: 0.7510  coco/bbox_mAP_50: 0.9580  coco/bbox_mAP_75: 0.8560  coco/bbox_mAP_s: -1.0000  coco/bbox_mAP_m: 0.4940  coco/bbox_mAP_l: 0.7750  data_time: 0.0149  time: 0.1832
2026/03/24 13:54:07 - mmengine - INFO - Exp name: dino_4scale_r50_solaqua_fish_80e_pretrained_20260324_133509
2026/03/24 13:54:07 - mmengine - INFO - Epoch(train) [41][16/16]  base_lr: 5.1803e-05 lr: 5.1803e-05  eta: 0:15:37  time: 1.4370  data_time: 0.0619  memory: 31549  grad_norm: 27.2594  loss: 1.4233  loss_cls: 0.0001  loss_bbox: 0.0239  loss_iou: 0.0577  d0.loss_cls: 0.0198  d0.loss_bbox: 0.0263  d0.loss_iou: 0.0638  d1.loss_cls: 0.0049  d1.loss_bbox: 0.0243  d1.loss_iou: 0.0588  d2.loss_cls: 0.0017  d2.loss_bbox: 0.0240  d2.loss_iou: 0.0579  d3.loss_cls: 0.0005  d3.loss_bbox: 0.0240  d3.loss_iou: 0.0578  d4.loss_cls: 0.0002  d4.loss_bbox: 0.0239  d4.loss_iou: 0.0577  enc_loss_cls: 0.0212  enc_loss_bbox: 0.0317  enc_loss_iou: 0.0764  dn_loss_cls: 0.0048  dn_loss_bbox: 0.0290  dn_loss_iou: 0.0668  d0.dn_loss_cls: 0.0232  d0.dn_loss_bbox: 0.0671  d0.dn_loss_iou: 0.1461  d1.dn_loss_cls: 0.0089  d1.dn_loss_bbox: 0.0341  d1.dn_loss_iou: 0.0776  d2.dn_loss_cls: 0.0062  d2.dn_loss_bbox: 0.0303  d2.dn_loss_iou: 0.0698  d3.dn_loss_cls: 0.0053  d3.dn_loss_bbox: 0.0293  d3.dn_loss_iou: 0.0675  d4.dn_loss_cls: 0.0048  d4.dn_loss_bbox: 0.0290  d4.dn_loss_iou: 0.0668
2026/03/24 13:54:30 - mmengine - INFO - Exp name: dino_4scale_r50_solaqua_fish_80e_pretrained_20260324_133509
2026/03/24 13:54:30 - mmengine - INFO - Epoch(train) [42][16/16]  base_lr: 5.0500e-05 lr: 5.0500e-05  eta: 0:15:12  time: 1.4324  data_time: 0.0645  memory: 31549  grad_norm: 28.5337  loss: 1.4031  loss_cls: 0.0001  loss_bbox: 0.0235  loss_iou: 0.0565  d0.loss_cls: 0.0184  d0.loss_bbox: 0.0261  d0.loss_iou: 0.0627  d1.loss_cls: 0.0046  d1.loss_bbox: 0.0239  d1.loss_iou: 0.0576  d2.loss_cls: 0.0015  d2.loss_bbox: 0.0236  d2.loss_iou: 0.0568  d3.loss_cls: 0.0006  d3.loss_bbox: 0.0235  d3.loss_iou: 0.0565  d4.loss_cls: 0.0003  d4.loss_bbox: 0.0235  d4.loss_iou: 0.0564  enc_loss_cls: 0.0211  enc_loss_bbox: 0.0315  enc_loss_iou: 0.0756  dn_loss_cls: 0.0050  dn_loss_bbox: 0.0287  dn_loss_iou: 0.0658  d0.dn_loss_cls: 0.0228  d0.dn_loss_bbox: 0.0668  d0.dn_loss_iou: 0.1451  d1.dn_loss_cls: 0.0089  d1.dn_loss_bbox: 0.0338  d1.dn_loss_iou: 0.0766  d2.dn_loss_cls: 0.0063  d2.dn_loss_bbox: 0.0301  d2.dn_loss_iou: 0.0689  d3.dn_loss_cls: 0.0055  d3.dn_loss_bbox: 0.0290  d3.dn_loss_iou: 0.0665  d4.dn_loss_cls: 0.0051  d4.dn_loss_bbox: 0.0287  d4.dn_loss_iou: 0.0658
2026/03/24 13:54:34 - mmengine - INFO - Evaluating bbox...
2026/03/24 13:54:36 - mmengine - INFO - bbox_mAP_copypaste: 0.748 0.954 0.860 -1.000 0.492 0.773
2026/03/24 13:54:36 - mmengine - INFO - Epoch(val) [42][16/16]    coco/bbox_mAP: 0.7480  coco/bbox_mAP_50: 0.9540  coco/bbox_mAP_75: 0.8600  coco/bbox_mAP_s: -1.0000  coco/bbox_mAP_m: 0.4920  coco/bbox_mAP_l: 0.7730  data_time: 0.0176  time: 0.2036
2026/03/24 13:54:59 - mmengine - INFO - Exp name: dino_4scale_r50_solaqua_fish_80e_pretrained_20260324_133509
2026/03/24 13:54:59 - mmengine - INFO - Epoch(train) [43][16/16]  base_lr: 4.9197e-05 lr: 4.9197e-05  eta: 0:14:47  time: 1.4392  data_time: 0.0639  memory: 31495  grad_norm: 30.3715  loss: 1.3773  loss_cls: 0.0003  loss_bbox: 0.0231  loss_iou: 0.0551  d0.loss_cls: 0.0176  d0.loss_bbox: 0.0258  d0.loss_iou: 0.0617  d1.loss_cls: 0.0041  d1.loss_bbox: 0.0236  d1.loss_iou: 0.0565  d2.loss_cls: 0.0015  d2.loss_bbox: 0.0232  d2.loss_iou: 0.0555  d3.loss_cls: 0.0007  d3.loss_bbox: 0.0231  d3.loss_iou: 0.0552  d4.loss_cls: 0.0004  d4.loss_bbox: 0.0231  d4.loss_iou: 0.0551  enc_loss_cls: 0.0206  enc_loss_bbox: 0.0312  enc_loss_iou: 0.0745  dn_loss_cls: 0.0051  dn_loss_bbox: 0.0278  dn_loss_iou: 0.0639  d0.dn_loss_cls: 0.0224  d0.dn_loss_bbox: 0.0667  d0.dn_loss_iou: 0.1442  d1.dn_loss_cls: 0.0090  d1.dn_loss_bbox: 0.0332  d1.dn_loss_iou: 0.0750  d2.dn_loss_cls: 0.0064  d2.dn_loss_bbox: 0.0293  d2.dn_loss_iou: 0.0670  d3.dn_loss_cls: 0.0056  d3.dn_loss_bbox: 0.0281  d3.dn_loss_iou: 0.0647  d4.dn_loss_cls: 0.0052  d4.dn_loss_bbox: 0.0278  d4.dn_loss_iou: 0.0639
2026/03/24 13:55:22 - mmengine - INFO - Exp name: dino_4scale_r50_solaqua_fish_80e_pretrained_20260324_133509
2026/03/24 13:55:22 - mmengine - INFO - Epoch(train) [44][16/16]  base_lr: 4.7895e-05 lr: 4.7895e-05  eta: 0:14:23  time: 1.4417  data_time: 0.0625  memory: 31549  grad_norm: 28.6981  loss: 1.3321  loss_cls: 0.0004  loss_bbox: 0.0224  loss_iou: 0.0530  d0.loss_cls: 0.0174  d0.loss_bbox: 0.0251  d0.loss_iou: 0.0598  d1.loss_cls: 0.0039  d1.loss_bbox: 0.0229  d1.loss_iou: 0.0544  d2.loss_cls: 0.0015  d2.loss_bbox: 0.0226  d2.loss_iou: 0.0536  d3.loss_cls: 0.0006  d3.loss_bbox: 0.0224  d3.loss_iou: 0.0531  d4.loss_cls: 0.0005  d4.loss_bbox: 0.0224  d4.loss_iou: 0.0530  enc_loss_cls: 0.0201  enc_loss_bbox: 0.0304  enc_loss_iou: 0.0723  dn_loss_cls: 0.0050  dn_loss_bbox: 0.0266  dn_loss_iou: 0.0611  d0.dn_loss_cls: 0.0218  d0.dn_loss_bbox: 0.0656  d0.dn_loss_iou: 0.1417  d1.dn_loss_cls: 0.0090  d1.dn_loss_bbox: 0.0318  d1.dn_loss_iou: 0.0720  d2.dn_loss_cls: 0.0063  d2.dn_loss_bbox: 0.0280  d2.dn_loss_iou: 0.0642  d3.dn_loss_cls: 0.0054  d3.dn_loss_bbox: 0.0269  d3.dn_loss_iou: 0.0618  d4.dn_loss_cls: 0.0050  d4.dn_loss_bbox: 0.0266  d4.dn_loss_iou: 0.0611
2026/03/24 13:55:26 - mmengine - INFO - Evaluating bbox...
2026/03/24 13:55:28 - mmengine - INFO - bbox_mAP_copypaste: 0.750 0.956 0.860 -1.000 0.494 0.775
2026/03/24 13:55:28 - mmengine - INFO - Epoch(val) [44][16/16]    coco/bbox_mAP: 0.7500  coco/bbox_mAP_50: 0.9560  coco/bbox_mAP_75: 0.8600  coco/bbox_mAP_s: -1.0000  coco/bbox_mAP_m: 0.4940  coco/bbox_mAP_l: 0.7750  data_time: 0.0153  time: 0.2019
2026/03/24 13:55:51 - mmengine - INFO - Exp name: dino_4scale_r50_solaqua_fish_80e_pretrained_20260324_133509
2026/03/24 13:55:51 - mmengine - INFO - Epoch(train) [45][16/16]  base_lr: 4.6592e-05 lr: 4.6592e-05  eta: 0:13:58  time: 1.4443  data_time: 0.0623  memory: 31549  grad_norm: 25.5633  loss: 1.2963  loss_cls: 0.0004  loss_bbox: 0.0213  loss_iou: 0.0508  d0.loss_cls: 0.0170  d0.loss_bbox: 0.0240  d0.loss_iou: 0.0576  d1.loss_cls: 0.0036  d1.loss_bbox: 0.0218  d1.loss_iou: 0.0523  d2.loss_cls: 0.0013  d2.loss_bbox: 0.0215  d2.loss_iou: 0.0514  d3.loss_cls: 0.0006  d3.loss_bbox: 0.0213  d3.loss_iou: 0.0510  d4.loss_cls: 0.0005  d4.loss_bbox: 0.0213  d4.loss_iou: 0.0509  enc_loss_cls: 0.0190  enc_loss_bbox: 0.0291  enc_loss_iou: 0.0695  dn_loss_cls: 0.0050  dn_loss_bbox: 0.0259  dn_loss_iou: 0.0598  d0.dn_loss_cls: 0.0221  d0.dn_loss_bbox: 0.0655  d0.dn_loss_iou: 0.1409  d1.dn_loss_cls: 0.0091  d1.dn_loss_bbox: 0.0314  d1.dn_loss_iou: 0.0712  d2.dn_loss_cls: 0.0064  d2.dn_loss_bbox: 0.0274  d2.dn_loss_iou: 0.0630  d3.dn_loss_cls: 0.0054  d3.dn_loss_bbox: 0.0262  d3.dn_loss_iou: 0.0604  d4.dn_loss_cls: 0.0051  d4.dn_loss_bbox: 0.0259  d4.dn_loss_iou: 0.0598
2026/03/24 13:56:14 - mmengine - INFO - Exp name: dino_4scale_r50_solaqua_fish_80e_pretrained_20260324_133509
2026/03/24 13:56:14 - mmengine - INFO - Epoch(train) [46][16/16]  base_lr: 4.5289e-05 lr: 4.5289e-05  eta: 0:13:33  time: 1.4380  data_time: 0.0615  memory: 31549  grad_norm: 23.4787  loss: 1.2837  loss_cls: 0.0003  loss_bbox: 0.0209  loss_iou: 0.0503  d0.loss_cls: 0.0172  d0.loss_bbox: 0.0233  d0.loss_iou: 0.0563  d1.loss_cls: 0.0040  d1.loss_bbox: 0.0211  d1.loss_iou: 0.0510  d2.loss_cls: 0.0015  d2.loss_bbox: 0.0209  d2.loss_iou: 0.0504  d3.loss_cls: 0.0007  d3.loss_bbox: 0.0208  d3.loss_iou: 0.0500  d4.loss_cls: 0.0006  d4.loss_bbox: 0.0207  d4.loss_iou: 0.0500  enc_loss_cls: 0.0183  enc_loss_bbox: 0.0281  enc_loss_iou: 0.0674  dn_loss_cls: 0.0050  dn_loss_bbox: 0.0261  dn_loss_iou: 0.0597  d0.dn_loss_cls: 0.0223  d0.dn_loss_bbox: 0.0649  d0.dn_loss_iou: 0.1404  d1.dn_loss_cls: 0.0090  d1.dn_loss_bbox: 0.0314  d1.dn_loss_iou: 0.0710  d2.dn_loss_cls: 0.0064  d2.dn_loss_bbox: 0.0276  d2.dn_loss_iou: 0.0630  d3.dn_loss_cls: 0.0054  d3.dn_loss_bbox: 0.0263  d3.dn_loss_iou: 0.0604  d4.dn_loss_cls: 0.0051  d4.dn_loss_bbox: 0.0261  d4.dn_loss_iou: 0.0597
2026/03/24 13:56:18 - mmengine - INFO - Evaluating bbox...
2026/03/24 13:56:20 - mmengine - INFO - bbox_mAP_copypaste: 0.752 0.956 0.860 -1.000 0.496 0.777
2026/03/24 13:56:20 - mmengine - INFO - Epoch(val) [46][16/16]    coco/bbox_mAP: 0.7520  coco/bbox_mAP_50: 0.9560  coco/bbox_mAP_75: 0.8600  coco/bbox_mAP_s: -1.0000  coco/bbox_mAP_m: 0.4960  coco/bbox_mAP_l: 0.7770  data_time: 0.0171  time: 0.1905
2026/03/24 13:56:43 - mmengine - INFO - Exp name: dino_4scale_r50_solaqua_fish_80e_pretrained_20260324_133509
2026/03/24 13:56:43 - mmengine - INFO - Epoch(train) [47][16/16]  base_lr: 4.3987e-05 lr: 4.3987e-05  eta: 0:13:09  time: 1.4289  data_time: 0.0578  memory: 31549  grad_norm: 21.9362  loss: 1.2403  loss_cls: 0.0002  loss_bbox: 0.0199  loss_iou: 0.0479  d0.loss_cls: 0.0165  d0.loss_bbox: 0.0223  d0.loss_iou: 0.0539  d1.loss_cls: 0.0036  d1.loss_bbox: 0.0201  d1.loss_iou: 0.0487  d2.loss_cls: 0.0015  d2.loss_bbox: 0.0199  d2.loss_iou: 0.0480  d3.loss_cls: 0.0007  d3.loss_bbox: 0.0198  d3.loss_iou: 0.0477  d4.loss_cls: 0.0005  d4.loss_bbox: 0.0197  d4.loss_iou: 0.0476  enc_loss_cls: 0.0178  enc_loss_bbox: 0.0272  enc_loss_iou: 0.0653  dn_loss_cls: 0.0050  dn_loss_bbox: 0.0253  dn_loss_iou: 0.0574  d0.dn_loss_cls: 0.0224  d0.dn_loss_bbox: 0.0642  d0.dn_loss_iou: 0.1380  d1.dn_loss_cls: 0.0089  d1.dn_loss_bbox: 0.0307  d1.dn_loss_iou: 0.0689  d2.dn_loss_cls: 0.0065  d2.dn_loss_bbox: 0.0269  d2.dn_loss_iou: 0.0608  d3.dn_loss_cls: 0.0055  d3.dn_loss_bbox: 0.0256  d3.dn_loss_iou: 0.0581  d4.dn_loss_cls: 0.0051  d4.dn_loss_bbox: 0.0253  d4.dn_loss_iou: 0.0574
2026/03/24 13:57:06 - mmengine - INFO - Exp name: dino_4scale_r50_solaqua_fish_80e_pretrained_20260324_133509
2026/03/24 13:57:06 - mmengine - INFO - Epoch(train) [48][16/16]  base_lr: 4.2684e-05 lr: 4.2684e-05  eta: 0:12:44  time: 1.4246  data_time: 0.0528  memory: 31549  grad_norm: 24.2265  loss: 1.2121  loss_cls: 0.0002  loss_bbox: 0.0193  loss_iou: 0.0468  d0.loss_cls: 0.0160  d0.loss_bbox: 0.0217  d0.loss_iou: 0.0528  d1.loss_cls: 0.0036  d1.loss_bbox: 0.0195  d1.loss_iou: 0.0476  d2.loss_cls: 0.0014  d2.loss_bbox: 0.0192  d2.loss_iou: 0.0469  d3.loss_cls: 0.0007  d3.loss_bbox: 0.0191  d3.loss_iou: 0.0466  d4.loss_cls: 0.0005  d4.loss_bbox: 0.0191  d4.loss_iou: 0.0465  enc_loss_cls: 0.0175  enc_loss_bbox: 0.0267  enc_loss_iou: 0.0645  dn_loss_cls: 0.0049  dn_loss_bbox: 0.0244  dn_loss_iou: 0.0560  d0.dn_loss_cls: 0.0225  d0.dn_loss_bbox: 0.0628  d0.dn_loss_iou: 0.1362  d1.dn_loss_cls: 0.0088  d1.dn_loss_bbox: 0.0295  d1.dn_loss_iou: 0.0672  d2.dn_loss_cls: 0.0063  d2.dn_loss_bbox: 0.0259  d2.dn_loss_iou: 0.0592  d3.dn_loss_cls: 0.0053  d3.dn_loss_bbox: 0.0246  d3.dn_loss_iou: 0.0567  d4.dn_loss_cls: 0.0050  d4.dn_loss_bbox: 0.0244  d4.dn_loss_iou: 0.0560
2026/03/24 13:57:09 - mmengine - INFO - Evaluating bbox...
2026/03/24 13:57:11 - mmengine - INFO - bbox_mAP_copypaste: 0.753 0.959 0.862 -1.000 0.504 0.777
2026/03/24 13:57:11 - mmengine - INFO - Epoch(val) [48][16/16]    coco/bbox_mAP: 0.7530  coco/bbox_mAP_50: 0.9590  coco/bbox_mAP_75: 0.8620  coco/bbox_mAP_s: -1.0000  coco/bbox_mAP_m: 0.5040  coco/bbox_mAP_l: 0.7770  data_time: 0.0144  time: 0.1959
2026/03/24 13:57:34 - mmengine - INFO - Exp name: dino_4scale_r50_solaqua_fish_80e_pretrained_20260324_133509
2026/03/24 13:57:34 - mmengine - INFO - Epoch(train) [49][16/16]  base_lr: 4.1382e-05 lr: 4.1382e-05  eta: 0:12:20  time: 1.4309  data_time: 0.0427  memory: 31549  grad_norm: 25.7613  loss: 1.1824  loss_cls: 0.0002  loss_bbox: 0.0188  loss_iou: 0.0454  d0.loss_cls: 0.0154  d0.loss_bbox: 0.0214  d0.loss_iou: 0.0517  d1.loss_cls: 0.0033  d1.loss_bbox: 0.0192  d1.loss_iou: 0.0464  d2.loss_cls: 0.0011  d2.loss_bbox: 0.0189  d2.loss_iou: 0.0456  d3.loss_cls: 0.0005  d3.loss_bbox: 0.0188  d3.loss_iou: 0.0455  d4.loss_cls: 0.0003  d4.loss_bbox: 0.0188  d4.loss_iou: 0.0454  enc_loss_cls: 0.0166  enc_loss_bbox: 0.0262  enc_loss_iou: 0.0633  dn_loss_cls: 0.0050  dn_loss_bbox: 0.0235  dn_loss_iou: 0.0543  d0.dn_loss_cls: 0.0222  d0.dn_loss_bbox: 0.0624  d0.dn_loss_iou: 0.1344  d1.dn_loss_cls: 0.0086  d1.dn_loss_bbox: 0.0287  d1.dn_loss_iou: 0.0652  d2.dn_loss_cls: 0.0062  d2.dn_loss_bbox: 0.0249  d2.dn_loss_iou: 0.0573  d3.dn_loss_cls: 0.0054  d3.dn_loss_bbox: 0.0237  d3.dn_loss_iou: 0.0550  d4.dn_loss_cls: 0.0050  d4.dn_loss_bbox: 0.0235  d4.dn_loss_iou: 0.0543
2026/03/24 13:57:57 - mmengine - INFO - Exp name: dino_4scale_r50_solaqua_fish_80e_pretrained_20260324_133509
2026/03/24 13:57:57 - mmengine - INFO - Epoch(train) [50][16/16]  base_lr: 4.0079e-05 lr: 4.0079e-05  eta: 0:11:55  time: 1.4275  data_time: 0.0443  memory: 31549  grad_norm: 27.6887  loss: 1.1895  loss_cls: 0.0002  loss_bbox: 0.0189  loss_iou: 0.0462  d0.loss_cls: 0.0156  d0.loss_bbox: 0.0215  d0.loss_iou: 0.0525  d1.loss_cls: 0.0033  d1.loss_bbox: 0.0193  d1.loss_iou: 0.0472  d2.loss_cls: 0.0010  d2.loss_bbox: 0.0190  d2.loss_iou: 0.0464  d3.loss_cls: 0.0004  d3.loss_bbox: 0.0189  d3.loss_iou: 0.0463  d4.loss_cls: 0.0002  d4.loss_bbox: 0.0189  d4.loss_iou: 0.0462  enc_loss_cls: 0.0163  enc_loss_bbox: 0.0264  enc_loss_iou: 0.0641  dn_loss_cls: 0.0050  dn_loss_bbox: 0.0234  dn_loss_iou: 0.0548  d0.dn_loss_cls: 0.0223  d0.dn_loss_bbox: 0.0621  d0.dn_loss_iou: 0.1348  d1.dn_loss_cls: 0.0087  d1.dn_loss_bbox: 0.0284  d1.dn_loss_iou: 0.0652  d2.dn_loss_cls: 0.0062  d2.dn_loss_bbox: 0.0247  d2.dn_loss_iou: 0.0575  d3.dn_loss_cls: 0.0054  d3.dn_loss_bbox: 0.0236  d3.dn_loss_iou: 0.0554  d4.dn_loss_cls: 0.0051  d4.dn_loss_bbox: 0.0234  d4.dn_loss_iou: 0.0548
2026/03/24 13:58:01 - mmengine - INFO - Evaluating bbox...
2026/03/24 13:58:03 - mmengine - INFO - bbox_mAP_copypaste: 0.752 0.958 0.862 -1.000 0.503 0.776
2026/03/24 13:58:03 - mmengine - INFO - Epoch(val) [50][16/16]    coco/bbox_mAP: 0.7520  coco/bbox_mAP_50: 0.9580  coco/bbox_mAP_75: 0.8620  coco/bbox_mAP_s: -1.0000  coco/bbox_mAP_m: 0.5030  coco/bbox_mAP_l: 0.7760  data_time: 0.0172  time: 0.1984
2026/03/24 13:58:26 - mmengine - INFO - Exp name: dino_4scale_r50_solaqua_fish_80e_pretrained_20260324_133509
2026/03/24 13:58:26 - mmengine - INFO - Epoch(train) [51][16/16]  base_lr: 3.8776e-05 lr: 3.8776e-05  eta: 0:11:31  time: 1.4284  data_time: 0.0421  memory: 31549  grad_norm: 26.1473  loss: 1.1759  loss_cls: 0.0001  loss_bbox: 0.0186  loss_iou: 0.0455  d0.loss_cls: 0.0156  d0.loss_bbox: 0.0212  d0.loss_iou: 0.0516  d1.loss_cls: 0.0032  d1.loss_bbox: 0.0189  d1.loss_iou: 0.0465  d2.loss_cls: 0.0008  d2.loss_bbox: 0.0187  d2.loss_iou: 0.0457  d3.loss_cls: 0.0003  d3.loss_bbox: 0.0186  d3.loss_iou: 0.0456  d4.loss_cls: 0.0001  d4.loss_bbox: 0.0185  d4.loss_iou: 0.0455  enc_loss_cls: 0.0156  enc_loss_bbox: 0.0258  enc_loss_iou: 0.0627  dn_loss_cls: 0.0047  dn_loss_bbox: 0.0234  dn_loss_iou: 0.0541  d0.dn_loss_cls: 0.0219  d0.dn_loss_bbox: 0.0625  d0.dn_loss_iou: 0.1345  d1.dn_loss_cls: 0.0084  d1.dn_loss_bbox: 0.0286  d1.dn_loss_iou: 0.0651  d2.dn_loss_cls: 0.0060  d2.dn_loss_bbox: 0.0247  d2.dn_loss_iou: 0.0570  d3.dn_loss_cls: 0.0052  d3.dn_loss_bbox: 0.0236  d3.dn_loss_iou: 0.0548  d4.dn_loss_cls: 0.0048  d4.dn_loss_bbox: 0.0234  d4.dn_loss_iou: 0.0541
2026/03/24 13:58:49 - mmengine - INFO - Exp name: dino_4scale_r50_solaqua_fish_80e_pretrained_20260324_133509
2026/03/24 13:58:49 - mmengine - INFO - Epoch(train) [52][16/16]  base_lr: 3.7474e-05 lr: 3.7474e-05  eta: 0:11:07  time: 1.4227  data_time: 0.0509  memory: 31549  grad_norm: 26.8456  loss: 1.1472  loss_cls: 0.0001  loss_bbox: 0.0178  loss_iou: 0.0437  d0.loss_cls: 0.0157  d0.loss_bbox: 0.0205  d0.loss_iou: 0.0501  d1.loss_cls: 0.0032  d1.loss_bbox: 0.0182  d1.loss_iou: 0.0449  d2.loss_cls: 0.0011  d2.loss_bbox: 0.0179  d2.loss_iou: 0.0441  d3.loss_cls: 0.0003  d3.loss_bbox: 0.0178  d3.loss_iou: 0.0439  d4.loss_cls: 0.0001  d4.loss_bbox: 0.0178  d4.loss_iou: 0.0437  enc_loss_cls: 0.0153  enc_loss_bbox: 0.0253  enc_loss_iou: 0.0610  dn_loss_cls: 0.0043  dn_loss_bbox: 0.0228  dn_loss_iou: 0.0529  d0.dn_loss_cls: 0.0213  d0.dn_loss_bbox: 0.0620  d0.dn_loss_iou: 0.1339  d1.dn_loss_cls: 0.0081  d1.dn_loss_bbox: 0.0281  d1.dn_loss_iou: 0.0642  d2.dn_loss_cls: 0.0056  d2.dn_loss_bbox: 0.0241  d2.dn_loss_iou: 0.0560  d3.dn_loss_cls: 0.0047  d3.dn_loss_bbox: 0.0230  d3.dn_loss_iou: 0.0536  d4.dn_loss_cls: 0.0044  d4.dn_loss_bbox: 0.0228  d4.dn_loss_iou: 0.0529
2026/03/24 13:58:52 - mmengine - INFO - Evaluating bbox...
2026/03/24 13:58:54 - mmengine - INFO - bbox_mAP_copypaste: 0.746 0.954 0.855 -1.000 0.485 0.771
2026/03/24 13:58:54 - mmengine - INFO - Epoch(val) [52][16/16]    coco/bbox_mAP: 0.7460  coco/bbox_mAP_50: 0.9540  coco/bbox_mAP_75: 0.8550  coco/bbox_mAP_s: -1.0000  coco/bbox_mAP_m: 0.4850  coco/bbox_mAP_l: 0.7710  data_time: 0.0176  time: 0.2086
2026/03/24 13:59:17 - mmengine - INFO - Exp name: dino_4scale_r50_solaqua_fish_80e_pretrained_20260324_133509
2026/03/24 13:59:17 - mmengine - INFO - Epoch(train) [53][16/16]  base_lr: 3.6171e-05 lr: 3.6171e-05  eta: 0:10:42  time: 1.4334  data_time: 0.0577  memory: 31549  grad_norm: 24.7403  loss: 1.1146  loss_cls: 0.0001  loss_bbox: 0.0169  loss_iou: 0.0419  d0.loss_cls: 0.0151  d0.loss_bbox: 0.0196  d0.loss_iou: 0.0484  d1.loss_cls: 0.0032  d1.loss_bbox: 0.0174  d1.loss_iou: 0.0431  d2.loss_cls: 0.0011  d2.loss_bbox: 0.0171  d2.loss_iou: 0.0423  d3.loss_cls: 0.0003  d3.loss_bbox: 0.0170  d3.loss_iou: 0.0421  d4.loss_cls: 0.0002  d4.loss_bbox: 0.0169  d4.loss_iou: 0.0419  enc_loss_cls: 0.0150  enc_loss_bbox: 0.0238  enc_loss_iou: 0.0581  dn_loss_cls: 0.0045  dn_loss_bbox: 0.0222  dn_loss_iou: 0.0514  d0.dn_loss_cls: 0.0215  d0.dn_loss_bbox: 0.0608  d0.dn_loss_iou: 0.1318  d1.dn_loss_cls: 0.0083  d1.dn_loss_bbox: 0.0277  d1.dn_loss_iou: 0.0629  d2.dn_loss_cls: 0.0059  d2.dn_loss_bbox: 0.0236  d2.dn_loss_iou: 0.0546  d3.dn_loss_cls: 0.0050  d3.dn_loss_bbox: 0.0225  d3.dn_loss_iou: 0.0522  d4.dn_loss_cls: 0.0046  d4.dn_loss_bbox: 0.0222  d4.dn_loss_iou: 0.0514
2026/03/24 13:59:40 - mmengine - INFO - Exp name: dino_4scale_r50_solaqua_fish_80e_pretrained_20260324_133509
2026/03/24 13:59:40 - mmengine - INFO - Epoch(train) [54][16/16]  base_lr: 3.4868e-05 lr: 3.4868e-05  eta: 0:10:18  time: 1.4257  data_time: 0.0524  memory: 31549  grad_norm: 25.2457  loss: 1.0975  loss_cls: 0.0002  loss_bbox: 0.0165  loss_iou: 0.0408  d0.loss_cls: 0.0150  d0.loss_bbox: 0.0191  d0.loss_iou: 0.0473  d1.loss_cls: 0.0031  d1.loss_bbox: 0.0169  d1.loss_iou: 0.0420  d2.loss_cls: 0.0011  d2.loss_bbox: 0.0166  d2.loss_iou: 0.0412  d3.loss_cls: 0.0004  d3.loss_bbox: 0.0165  d3.loss_iou: 0.0409  d4.loss_cls: 0.0002  d4.loss_bbox: 0.0165  d4.loss_iou: 0.0408  enc_loss_cls: 0.0147  enc_loss_bbox: 0.0234  enc_loss_iou: 0.0571  dn_loss_cls: 0.0048  dn_loss_bbox: 0.0218  dn_loss_iou: 0.0502  d0.dn_loss_cls: 0.0214  d0.dn_loss_bbox: 0.0610  d0.dn_loss_iou: 0.1319  d1.dn_loss_cls: 0.0083  d1.dn_loss_bbox: 0.0273  d1.dn_loss_iou: 0.0621  d2.dn_loss_cls: 0.0061  d2.dn_loss_bbox: 0.0232  d2.dn_loss_iou: 0.0537  d3.dn_loss_cls: 0.0053  d3.dn_loss_bbox: 0.0221  d3.dn_loss_iou: 0.0511  d4.dn_loss_cls: 0.0049  d4.dn_loss_bbox: 0.0218  d4.dn_loss_iou: 0.0503
2026/03/24 13:59:44 - mmengine - INFO - Evaluating bbox...
2026/03/24 13:59:45 - mmengine - INFO - bbox_mAP_copypaste: 0.746 0.954 0.852 -1.000 0.489 0.771
2026/03/24 13:59:45 - mmengine - INFO - Epoch(val) [54][16/16]    coco/bbox_mAP: 0.7460  coco/bbox_mAP_50: 0.9540  coco/bbox_mAP_75: 0.8520  coco/bbox_mAP_s: -1.0000  coco/bbox_mAP_m: 0.4890  coco/bbox_mAP_l: 0.7710  data_time: 0.0158  time: 0.1935
2026/03/24 14:00:08 - mmengine - INFO - Exp name: dino_4scale_r50_solaqua_fish_80e_pretrained_20260324_133509
2026/03/24 14:00:08 - mmengine - INFO - Epoch(train) [55][16/16]  base_lr: 3.3566e-05 lr: 3.3566e-05  eta: 0:09:54  time: 1.4251  data_time: 0.0536  memory: 31445  grad_norm: 23.2595  loss: 1.0810  loss_cls: 0.0004  loss_bbox: 0.0163  loss_iou: 0.0400  d0.loss_cls: 0.0149  d0.loss_bbox: 0.0188  d0.loss_iou: 0.0464  d1.loss_cls: 0.0032  d1.loss_bbox: 0.0167  d1.loss_iou: 0.0413  d2.loss_cls: 0.0011  d2.loss_bbox: 0.0164  d2.loss_iou: 0.0404  d3.loss_cls: 0.0005  d3.loss_bbox: 0.0163  d3.loss_iou: 0.0401  d4.loss_cls: 0.0004  d4.loss_bbox: 0.0163  d4.loss_iou: 0.0400  enc_loss_cls: 0.0142  enc_loss_bbox: 0.0230  enc_loss_iou: 0.0561  dn_loss_cls: 0.0047  dn_loss_bbox: 0.0214  dn_loss_iou: 0.0490  d0.dn_loss_cls: 0.0219  d0.dn_loss_bbox: 0.0610  d0.dn_loss_iou: 0.1310  d1.dn_loss_cls: 0.0084  d1.dn_loss_bbox: 0.0270  d1.dn_loss_iou: 0.0610  d2.dn_loss_cls: 0.0061  d2.dn_loss_bbox: 0.0229  d2.dn_loss_iou: 0.0523  d3.dn_loss_cls: 0.0052  d3.dn_loss_bbox: 0.0217  d3.dn_loss_iou: 0.0498  d4.dn_loss_cls: 0.0048  d4.dn_loss_bbox: 0.0214  d4.dn_loss_iou: 0.0490
2026/03/24 14:00:32 - mmengine - INFO - Exp name: dino_4scale_r50_solaqua_fish_80e_pretrained_20260324_133509
2026/03/24 14:00:32 - mmengine - INFO - Epoch(train) [56][16/16]  base_lr: 3.2263e-05 lr: 3.2263e-05  eta: 0:09:30  time: 1.4299  data_time: 0.0517  memory: 31445  grad_norm: 23.9253  loss: 1.0596  loss_cls: 0.0004  loss_bbox: 0.0159  loss_iou: 0.0393  d0.loss_cls: 0.0148  d0.loss_bbox: 0.0184  d0.loss_iou: 0.0454  d1.loss_cls: 0.0031  d1.loss_bbox: 0.0163  d1.loss_iou: 0.0405  d2.loss_cls: 0.0011  d2.loss_bbox: 0.0160  d2.loss_iou: 0.0396  d3.loss_cls: 0.0006  d3.loss_bbox: 0.0159  d3.loss_iou: 0.0393  d4.loss_cls: 0.0004  d4.loss_bbox: 0.0159  d4.loss_iou: 0.0392  enc_loss_cls: 0.0140  enc_loss_bbox: 0.0227  enc_loss_iou: 0.0554  dn_loss_cls: 0.0045  dn_loss_bbox: 0.0206  dn_loss_iou: 0.0479  d0.dn_loss_cls: 0.0216  d0.dn_loss_bbox: 0.0601  d0.dn_loss_iou: 0.1300  d1.dn_loss_cls: 0.0082  d1.dn_loss_bbox: 0.0261  d1.dn_loss_iou: 0.0597  d2.dn_loss_cls: 0.0059  d2.dn_loss_bbox: 0.0221  d2.dn_loss_iou: 0.0512  d3.dn_loss_cls: 0.0049  d3.dn_loss_bbox: 0.0210  d3.dn_loss_iou: 0.0487  d4.dn_loss_cls: 0.0045  d4.dn_loss_bbox: 0.0206  d4.dn_loss_iou: 0.0479
2026/03/24 14:00:35 - mmengine - INFO - Evaluating bbox...
2026/03/24 14:00:37 - mmengine - INFO - bbox_mAP_copypaste: 0.746 0.953 0.866 -1.000 0.494 0.770
2026/03/24 14:00:37 - mmengine - INFO - Epoch(val) [56][16/16]    coco/bbox_mAP: 0.7460  coco/bbox_mAP_50: 0.9530  coco/bbox_mAP_75: 0.8660  coco/bbox_mAP_s: -1.0000  coco/bbox_mAP_m: 0.4940  coco/bbox_mAP_l: 0.7700  data_time: 0.0163  time: 0.2008
2026/03/24 14:01:00 - mmengine - INFO - Exp name: dino_4scale_r50_solaqua_fish_80e_pretrained_20260324_133509
2026/03/24 14:01:00 - mmengine - INFO - Epoch(train) [57][16/16]  base_lr: 3.0961e-05 lr: 3.0961e-05  eta: 0:09:06  time: 1.4320  data_time: 0.0631  memory: 31549  grad_norm: 23.7276  loss: 1.0412  loss_cls: 0.0005  loss_bbox: 0.0156  loss_iou: 0.0386  d0.loss_cls: 0.0147  d0.loss_bbox: 0.0183  d0.loss_iou: 0.0446  d1.loss_cls: 0.0032  d1.loss_bbox: 0.0161  d1.loss_iou: 0.0397  d2.loss_cls: 0.0011  d2.loss_bbox: 0.0158  d2.loss_iou: 0.0389  d3.loss_cls: 0.0006  d3.loss_bbox: 0.0157  d3.loss_iou: 0.0386  d4.loss_cls: 0.0005  d4.loss_bbox: 0.0156  d4.loss_iou: 0.0385  enc_loss_cls: 0.0135  enc_loss_bbox: 0.0223  enc_loss_iou: 0.0542  dn_loss_cls: 0.0044  dn_loss_bbox: 0.0202  dn_loss_iou: 0.0470  d0.dn_loss_cls: 0.0219  d0.dn_loss_bbox: 0.0590  d0.dn_loss_iou: 0.1282  d1.dn_loss_cls: 0.0082  d1.dn_loss_bbox: 0.0253  d1.dn_loss_iou: 0.0581  d2.dn_loss_cls: 0.0058  d2.dn_loss_bbox: 0.0216  d2.dn_loss_iou: 0.0499  d3.dn_loss_cls: 0.0049  d3.dn_loss_bbox: 0.0205  d3.dn_loss_iou: 0.0477  d4.dn_loss_cls: 0.0045  d4.dn_loss_bbox: 0.0202  d4.dn_loss_iou: 0.0471
2026/03/24 14:01:23 - mmengine - INFO - Exp name: dino_4scale_r50_solaqua_fish_80e_pretrained_20260324_133509
2026/03/24 14:01:23 - mmengine - INFO - Epoch(train) [58][16/16]  base_lr: 2.9658e-05 lr: 2.9658e-05  eta: 0:08:42  time: 1.4360  data_time: 0.0651  memory: 31549  grad_norm: 23.3789  loss: 1.0226  loss_cls: 0.0003  loss_bbox: 0.0152  loss_iou: 0.0375  d0.loss_cls: 0.0142  d0.loss_bbox: 0.0179  d0.loss_iou: 0.0437  d1.loss_cls: 0.0028  d1.loss_bbox: 0.0156  d1.loss_iou: 0.0387  d2.loss_cls: 0.0009  d2.loss_bbox: 0.0153  d2.loss_iou: 0.0379  d3.loss_cls: 0.0005  d3.loss_bbox: 0.0153  d3.loss_iou: 0.0376  d4.loss_cls: 0.0003  d4.loss_bbox: 0.0152  d4.loss_iou: 0.0375  enc_loss_cls: 0.0137  enc_loss_bbox: 0.0220  enc_loss_iou: 0.0529  dn_loss_cls: 0.0045  dn_loss_bbox: 0.0198  dn_loss_iou: 0.0460  d0.dn_loss_cls: 0.0218  d0.dn_loss_bbox: 0.0592  d0.dn_loss_iou: 0.1276  d1.dn_loss_cls: 0.0083  d1.dn_loss_bbox: 0.0252  d1.dn_loss_iou: 0.0571  d2.dn_loss_cls: 0.0059  d2.dn_loss_bbox: 0.0211  d2.dn_loss_iou: 0.0489  d3.dn_loss_cls: 0.0049  d3.dn_loss_bbox: 0.0201  d3.dn_loss_iou: 0.0467  d4.dn_loss_cls: 0.0045  d4.dn_loss_bbox: 0.0198  d4.dn_loss_iou: 0.0460
2026/03/24 14:01:27 - mmengine - INFO - Evaluating bbox...
2026/03/24 14:01:29 - mmengine - INFO - bbox_mAP_copypaste: 0.746 0.950 0.852 -1.000 0.501 0.770
2026/03/24 14:01:29 - mmengine - INFO - Epoch(val) [58][16/16]    coco/bbox_mAP: 0.7460  coco/bbox_mAP_50: 0.9500  coco/bbox_mAP_75: 0.8520  coco/bbox_mAP_s: -1.0000  coco/bbox_mAP_m: 0.5010  coco/bbox_mAP_l: 0.7700  data_time: 0.0155  time: 0.2017
2026/03/24 14:01:51 - mmengine - INFO - Exp name: dino_4scale_r50_solaqua_fish_80e_pretrained_20260324_133509
2026/03/24 14:01:51 - mmengine - INFO - Epoch(train) [59][16/16]  base_lr: 2.8355e-05 lr: 2.8355e-05  eta: 0:08:18  time: 1.4216  data_time: 0.0542  memory: 31549  grad_norm: 24.1142  loss: 1.0192  loss_cls: 0.0002  loss_bbox: 0.0149  loss_iou: 0.0369  d0.loss_cls: 0.0141  d0.loss_bbox: 0.0176  d0.loss_iou: 0.0431  d1.loss_cls: 0.0027  d1.loss_bbox: 0.0152  d1.loss_iou: 0.0379  d2.loss_cls: 0.0007  d2.loss_bbox: 0.0150  d2.loss_iou: 0.0372  d3.loss_cls: 0.0004  d3.loss_bbox: 0.0149  d3.loss_iou: 0.0370  d4.loss_cls: 0.0002  d4.loss_bbox: 0.0149  d4.loss_iou: 0.0369  enc_loss_cls: 0.0134  enc_loss_bbox: 0.0213  enc_loss_iou: 0.0518  dn_loss_cls: 0.0048  dn_loss_bbox: 0.0200  dn_loss_iou: 0.0463  d0.dn_loss_cls: 0.0221  d0.dn_loss_bbox: 0.0595  d0.dn_loss_iou: 0.1282  d1.dn_loss_cls: 0.0085  d1.dn_loss_bbox: 0.0254  d1.dn_loss_iou: 0.0575  d2.dn_loss_cls: 0.0062  d2.dn_loss_bbox: 0.0214  d2.dn_loss_iou: 0.0493  d3.dn_loss_cls: 0.0052  d3.dn_loss_bbox: 0.0203  d3.dn_loss_iou: 0.0469  d4.dn_loss_cls: 0.0049  d4.dn_loss_bbox: 0.0201  d4.dn_loss_iou: 0.0463
2026/03/24 14:02:15 - mmengine - INFO - Exp name: dino_4scale_r50_solaqua_fish_80e_pretrained_20260324_133509
2026/03/24 14:02:15 - mmengine - INFO - Epoch(train) [60][16/16]  base_lr: 2.7053e-05 lr: 2.7053e-05  eta: 0:07:54  time: 1.4259  data_time: 0.0551  memory: 31549  grad_norm: 23.4569  loss: 1.0067  loss_cls: 0.0001  loss_bbox: 0.0143  loss_iou: 0.0362  d0.loss_cls: 0.0139  d0.loss_bbox: 0.0171  d0.loss_iou: 0.0427  d1.loss_cls: 0.0026  d1.loss_bbox: 0.0147  d1.loss_iou: 0.0373  d2.loss_cls: 0.0007  d2.loss_bbox: 0.0144  d2.loss_iou: 0.0365  d3.loss_cls: 0.0002  d3.loss_bbox: 0.0144  d3.loss_iou: 0.0363  d4.loss_cls: 0.0001  d4.loss_bbox: 0.0143  d4.loss_iou: 0.0362  enc_loss_cls: 0.0134  enc_loss_bbox: 0.0207  enc_loss_iou: 0.0511  dn_loss_cls: 0.0047  dn_loss_bbox: 0.0197  dn_loss_iou: 0.0458  d0.dn_loss_cls: 0.0217  d0.dn_loss_bbox: 0.0598  d0.dn_loss_iou: 0.1288  d1.dn_loss_cls: 0.0083  d1.dn_loss_bbox: 0.0252  d1.dn_loss_iou: 0.0572  d2.dn_loss_cls: 0.0060  d2.dn_loss_bbox: 0.0211  d2.dn_loss_iou: 0.0489  d3.dn_loss_cls: 0.0051  d3.dn_loss_bbox: 0.0200  d3.dn_loss_iou: 0.0464  d4.dn_loss_cls: 0.0048  d4.dn_loss_bbox: 0.0198  d4.dn_loss_iou: 0.0459
2026/03/24 14:02:18 - mmengine - INFO - Evaluating bbox...
2026/03/24 14:02:20 - mmengine - INFO - bbox_mAP_copypaste: 0.745 0.951 0.851 -1.000 0.481 0.770
2026/03/24 14:02:20 - mmengine - INFO - Epoch(val) [60][16/16]    coco/bbox_mAP: 0.7450  coco/bbox_mAP_50: 0.9510  coco/bbox_mAP_75: 0.8510  coco/bbox_mAP_s: -1.0000  coco/bbox_mAP_m: 0.4810  coco/bbox_mAP_l: 0.7700  data_time: 0.0170  time: 0.2006
2026/03/24 14:02:42 - mmengine - INFO - Exp name: dino_4scale_r50_solaqua_fish_80e_pretrained_20260324_133509
2026/03/24 14:02:42 - mmengine - INFO - Epoch(train) [61][16/16]  base_lr: 2.5750e-05 lr: 2.5750e-05  eta: 0:07:30  time: 1.4119  data_time: 0.0498  memory: 31549  grad_norm: 25.1524  loss: 0.9974  loss_cls: 0.0003  loss_bbox: 0.0142  loss_iou: 0.0358  d0.loss_cls: 0.0133  d0.loss_bbox: 0.0170  d0.loss_iou: 0.0422  d1.loss_cls: 0.0025  d1.loss_bbox: 0.0146  d1.loss_iou: 0.0369  d2.loss_cls: 0.0009  d2.loss_bbox: 0.0143  d2.loss_iou: 0.0361  d3.loss_cls: 0.0003  d3.loss_bbox: 0.0143  d3.loss_iou: 0.0359  d4.loss_cls: 0.0003  d4.loss_bbox: 0.0142  d4.loss_iou: 0.0358  enc_loss_cls: 0.0130  enc_loss_bbox: 0.0205  enc_loss_iou: 0.0506  dn_loss_cls: 0.0044  dn_loss_bbox: 0.0196  dn_loss_iou: 0.0456  d0.dn_loss_cls: 0.0212  d0.dn_loss_bbox: 0.0596  d0.dn_loss_iou: 0.1282  d1.dn_loss_cls: 0.0079  d1.dn_loss_bbox: 0.0249  d1.dn_loss_iou: 0.0567  d2.dn_loss_cls: 0.0056  d2.dn_loss_bbox: 0.0211  d2.dn_loss_iou: 0.0488  d3.dn_loss_cls: 0.0047  d3.dn_loss_bbox: 0.0199  d3.dn_loss_iou: 0.0462  d4.dn_loss_cls: 0.0044  d4.dn_loss_bbox: 0.0196  d4.dn_loss_iou: 0.0456
2026/03/24 14:03:05 - mmengine - INFO - Exp name: dino_4scale_r50_solaqua_fish_80e_pretrained_20260324_133509
2026/03/24 14:03:05 - mmengine - INFO - Epoch(train) [62][16/16]  base_lr: 2.4447e-05 lr: 2.4447e-05  eta: 0:07:06  time: 1.4215  data_time: 0.0611  memory: 31549  grad_norm: 24.1401  loss: 0.9804  loss_cls: 0.0003  loss_bbox: 0.0140  loss_iou: 0.0354  d0.loss_cls: 0.0133  d0.loss_bbox: 0.0170  d0.loss_iou: 0.0420  d1.loss_cls: 0.0027  d1.loss_bbox: 0.0145  d1.loss_iou: 0.0364  d2.loss_cls: 0.0010  d2.loss_bbox: 0.0141  d2.loss_iou: 0.0355  d3.loss_cls: 0.0004  d3.loss_bbox: 0.0141  d3.loss_iou: 0.0354  d4.loss_cls: 0.0003  d4.loss_bbox: 0.0140  d4.loss_iou: 0.0353  enc_loss_cls: 0.0126  enc_loss_bbox: 0.0203  enc_loss_iou: 0.0501  dn_loss_cls: 0.0044  dn_loss_bbox: 0.0187  dn_loss_iou: 0.0445  d0.dn_loss_cls: 0.0211  d0.dn_loss_bbox: 0.0581  d0.dn_loss_iou: 0.1271  d1.dn_loss_cls: 0.0081  d1.dn_loss_bbox: 0.0238  d1.dn_loss_iou: 0.0555  d2.dn_loss_cls: 0.0057  d2.dn_loss_bbox: 0.0201  d2.dn_loss_iou: 0.0477  d3.dn_loss_cls: 0.0048  d3.dn_loss_bbox: 0.0190  d3.dn_loss_iou: 0.0452  d4.dn_loss_cls: 0.0045  d4.dn_loss_bbox: 0.0187  d4.dn_loss_iou: 0.0446
2026/03/24 14:03:09 - mmengine - INFO - Evaluating bbox...
2026/03/24 14:03:11 - mmengine - INFO - bbox_mAP_copypaste: 0.747 0.951 0.856 -1.000 0.487 0.771
2026/03/24 14:03:11 - mmengine - INFO - Epoch(val) [62][16/16]    coco/bbox_mAP: 0.7470  coco/bbox_mAP_50: 0.9510  coco/bbox_mAP_75: 0.8560  coco/bbox_mAP_s: -1.0000  coco/bbox_mAP_m: 0.4870  coco/bbox_mAP_l: 0.7710  data_time: 0.0168  time: 0.2019
2026/03/24 14:03:23 - mmengine - INFO - Exp name: dino_4scale_r50_solaqua_fish_80e_pretrained_20260324_133509
2026/03/24 14:03:34 - mmengine - INFO - Exp name: dino_4scale_r50_solaqua_fish_80e_pretrained_20260324_133509
2026/03/24 14:03:34 - mmengine - INFO - Epoch(train) [63][16/16]  base_lr: 2.3145e-05 lr: 2.3145e-05  eta: 0:06:42  time: 1.4234  data_time: 0.0605  memory: 31549  grad_norm: 23.3083  loss: 0.9603  loss_cls: 0.0004  loss_bbox: 0.0137  loss_iou: 0.0343  d0.loss_cls: 0.0133  d0.loss_bbox: 0.0166  d0.loss_iou: 0.0407  d1.loss_cls: 0.0027  d1.loss_bbox: 0.0141  d1.loss_iou: 0.0353  d2.loss_cls: 0.0010  d2.loss_bbox: 0.0138  d2.loss_iou: 0.0345  d3.loss_cls: 0.0004  d3.loss_bbox: 0.0137  d3.loss_iou: 0.0344  d4.loss_cls: 0.0003  d4.loss_bbox: 0.0137  d4.loss_iou: 0.0343  enc_loss_cls: 0.0121  enc_loss_bbox: 0.0200  enc_loss_iou: 0.0490  dn_loss_cls: 0.0041  dn_loss_bbox: 0.0183  dn_loss_iou: 0.0435  d0.dn_loss_cls: 0.0208  d0.dn_loss_bbox: 0.0578  d0.dn_loss_iou: 0.1262  d1.dn_loss_cls: 0.0079  d1.dn_loss_bbox: 0.0236  d1.dn_loss_iou: 0.0547  d2.dn_loss_cls: 0.0054  d2.dn_loss_bbox: 0.0198  d2.dn_loss_iou: 0.0467  d3.dn_loss_cls: 0.0045  d3.dn_loss_bbox: 0.0186  d3.dn_loss_iou: 0.0442  d4.dn_loss_cls: 0.0042  d4.dn_loss_bbox: 0.0184  d4.dn_loss_iou: 0.0435
2026/03/24 14:03:57 - mmengine - INFO - Exp name: dino_4scale_r50_solaqua_fish_80e_pretrained_20260324_133509
2026/03/24 14:03:57 - mmengine - INFO - Epoch(train) [64][16/16]  base_lr: 2.1842e-05 lr: 2.1842e-05  eta: 0:06:18  time: 1.4367  data_time: 0.0655  memory: 31338  grad_norm: 21.1983  loss: 0.9383  loss_cls: 0.0002  loss_bbox: 0.0131  loss_iou: 0.0329  d0.loss_cls: 0.0136  d0.loss_bbox: 0.0159  d0.loss_iou: 0.0394  d1.loss_cls: 0.0030  d1.loss_bbox: 0.0135  d1.loss_iou: 0.0340  d2.loss_cls: 0.0011  d2.loss_bbox: 0.0132  d2.loss_iou: 0.0331  d3.loss_cls: 0.0004  d3.loss_bbox: 0.0131  d3.loss_iou: 0.0330  d4.loss_cls: 0.0002  d4.loss_bbox: 0.0131  d4.loss_iou: 0.0329  enc_loss_cls: 0.0117  enc_loss_bbox: 0.0192  enc_loss_iou: 0.0474  dn_loss_cls: 0.0040  dn_loss_bbox: 0.0182  dn_loss_iou: 0.0427  d0.dn_loss_cls: 0.0204  d0.dn_loss_bbox: 0.0578  d0.dn_loss_iou: 0.1254  d1.dn_loss_cls: 0.0076  d1.dn_loss_bbox: 0.0233  d1.dn_loss_iou: 0.0537  d2.dn_loss_cls: 0.0052  d2.dn_loss_bbox: 0.0195  d2.dn_loss_iou: 0.0456  d3.dn_loss_cls: 0.0043  d3.dn_loss_bbox: 0.0184  d3.dn_loss_iou: 0.0433  d4.dn_loss_cls: 0.0040  d4.dn_loss_bbox: 0.0182  d4.dn_loss_iou: 0.0427
2026/03/24 14:04:01 - mmengine - INFO - Evaluating bbox...
2026/03/24 14:04:03 - mmengine - INFO - bbox_mAP_copypaste: 0.742 0.948 0.851 -1.000 0.488 0.765
2026/03/24 14:04:03 - mmengine - INFO - Epoch(val) [64][16/16]    coco/bbox_mAP: 0.7420  coco/bbox_mAP_50: 0.9480  coco/bbox_mAP_75: 0.8510  coco/bbox_mAP_s: -1.0000  coco/bbox_mAP_m: 0.4880  coco/bbox_mAP_l: 0.7650  data_time: 0.0191  time: 0.2035
2026/03/24 14:04:26 - mmengine - INFO - Exp name: dino_4scale_r50_solaqua_fish_80e_pretrained_20260324_133509
2026/03/24 14:04:26 - mmengine - INFO - Epoch(train) [65][16/16]  base_lr: 2.0539e-05 lr: 2.0539e-05  eta: 0:05:54  time: 1.4411  data_time: 0.0643  memory: 31549  grad_norm: 21.9798  loss: 0.9126  loss_cls: 0.0002  loss_bbox: 0.0125  loss_iou: 0.0316  d0.loss_cls: 0.0132  d0.loss_bbox: 0.0153  d0.loss_iou: 0.0382  d1.loss_cls: 0.0029  d1.loss_bbox: 0.0129  d1.loss_iou: 0.0326  d2.loss_cls: 0.0011  d2.loss_bbox: 0.0126  d2.loss_iou: 0.0318  d3.loss_cls: 0.0005  d3.loss_bbox: 0.0126  d3.loss_iou: 0.0317  d4.loss_cls: 0.0002  d4.loss_bbox: 0.0125  d4.loss_iou: 0.0316  enc_loss_cls: 0.0117  enc_loss_bbox: 0.0186  enc_loss_iou: 0.0459  dn_loss_cls: 0.0041  dn_loss_bbox: 0.0175  dn_loss_iou: 0.0410  d0.dn_loss_cls: 0.0206  d0.dn_loss_bbox: 0.0575  d0.dn_loss_iou: 0.1241  d1.dn_loss_cls: 0.0075  d1.dn_loss_bbox: 0.0230  d1.dn_loss_iou: 0.0524  d2.dn_loss_cls: 0.0052  d2.dn_loss_bbox: 0.0189  d2.dn_loss_iou: 0.0440  d3.dn_loss_cls: 0.0044  d3.dn_loss_bbox: 0.0178  d3.dn_loss_iou: 0.0416  d4.dn_loss_cls: 0.0041  d4.dn_loss_bbox: 0.0176  d4.dn_loss_iou: 0.0410
2026/03/24 14:04:50 - mmengine - INFO - Exp name: dino_4scale_r50_solaqua_fish_80e_pretrained_20260324_133509
2026/03/24 14:04:50 - mmengine - INFO - Epoch(train) [66][16/16]  base_lr: 1.9237e-05 lr: 1.9237e-05  eta: 0:05:31  time: 1.4504  data_time: 0.0615  memory: 31549  grad_norm: 23.3446  loss: 0.9076  loss_cls: 0.0002  loss_bbox: 0.0123  loss_iou: 0.0311  d0.loss_cls: 0.0130  d0.loss_bbox: 0.0151  d0.loss_iou: 0.0379  d1.loss_cls: 0.0027  d1.loss_bbox: 0.0127  d1.loss_iou: 0.0323  d2.loss_cls: 0.0012  d2.loss_bbox: 0.0124  d2.loss_iou: 0.0314  d3.loss_cls: 0.0006  d3.loss_bbox: 0.0123  d3.loss_iou: 0.0312  d4.loss_cls: 0.0003  d4.loss_bbox: 0.0123  d4.loss_iou: 0.0312  enc_loss_cls: 0.0117  enc_loss_bbox: 0.0185  enc_loss_iou: 0.0455  dn_loss_cls: 0.0042  dn_loss_bbox: 0.0174  dn_loss_iou: 0.0409  d0.dn_loss_cls: 0.0210  d0.dn_loss_bbox: 0.0570  d0.dn_loss_iou: 0.1234  d1.dn_loss_cls: 0.0077  d1.dn_loss_bbox: 0.0229  d1.dn_loss_iou: 0.0524  d2.dn_loss_cls: 0.0055  d2.dn_loss_bbox: 0.0188  d2.dn_loss_iou: 0.0440  d3.dn_loss_cls: 0.0046  d3.dn_loss_bbox: 0.0177  d3.dn_loss_iou: 0.0415  d4.dn_loss_cls: 0.0042  d4.dn_loss_bbox: 0.0174  d4.dn_loss_iou: 0.0410
2026/03/24 14:04:54 - mmengine - INFO - Evaluating bbox...
2026/03/24 14:04:56 - mmengine - INFO - bbox_mAP_copypaste: 0.743 0.949 0.857 -1.000 0.486 0.768
2026/03/24 14:04:56 - mmengine - INFO - Epoch(val) [66][16/16]    coco/bbox_mAP: 0.7430  coco/bbox_mAP_50: 0.9490  coco/bbox_mAP_75: 0.8570  coco/bbox_mAP_s: -1.0000  coco/bbox_mAP_m: 0.4860  coco/bbox_mAP_l: 0.7680  data_time: 0.0144  time: 0.1951
2026/03/24 14:05:19 - mmengine - INFO - Exp name: dino_4scale_r50_solaqua_fish_80e_pretrained_20260324_133509
2026/03/24 14:05:19 - mmengine - INFO - Epoch(train) [67][16/16]  base_lr: 1.7934e-05 lr: 1.7934e-05  eta: 0:05:07  time: 1.4605  data_time: 0.0525  memory: 31549  grad_norm: 24.4422  loss: 0.9006  loss_cls: 0.0004  loss_bbox: 0.0121  loss_iou: 0.0306  d0.loss_cls: 0.0129  d0.loss_bbox: 0.0150  d0.loss_iou: 0.0372  d1.loss_cls: 0.0026  d1.loss_bbox: 0.0125  d1.loss_iou: 0.0317  d2.loss_cls: 0.0010  d2.loss_bbox: 0.0122  d2.loss_iou: 0.0308  d3.loss_cls: 0.0006  d3.loss_bbox: 0.0121  d3.loss_iou: 0.0306  d4.loss_cls: 0.0004  d4.loss_bbox: 0.0121  d4.loss_iou: 0.0306  enc_loss_cls: 0.0115  enc_loss_bbox: 0.0182  enc_loss_iou: 0.0446  dn_loss_cls: 0.0044  dn_loss_bbox: 0.0175  dn_loss_iou: 0.0408  d0.dn_loss_cls: 0.0215  d0.dn_loss_bbox: 0.0566  d0.dn_loss_iou: 0.1226  d1.dn_loss_cls: 0.0079  d1.dn_loss_bbox: 0.0227  d1.dn_loss_iou: 0.0518  d2.dn_loss_cls: 0.0057  d2.dn_loss_bbox: 0.0189  d2.dn_loss_iou: 0.0438  d3.dn_loss_cls: 0.0048  d3.dn_loss_bbox: 0.0177  d3.dn_loss_iou: 0.0414  d4.dn_loss_cls: 0.0044  d4.dn_loss_bbox: 0.0175  d4.dn_loss_iou: 0.0409
2026/03/24 14:05:43 - mmengine - INFO - Exp name: dino_4scale_r50_solaqua_fish_80e_pretrained_20260324_133509
2026/03/24 14:05:43 - mmengine - INFO - Epoch(train) [68][16/16]  base_lr: 1.6632e-05 lr: 1.6632e-05  eta: 0:04:43  time: 1.4765  data_time: 0.0522  memory: 31549  grad_norm: 23.8526  loss: 0.8993  loss_cls: 0.0005  loss_bbox: 0.0119  loss_iou: 0.0305  d0.loss_cls: 0.0126  d0.loss_bbox: 0.0149  d0.loss_iou: 0.0372  d1.loss_cls: 0.0025  d1.loss_bbox: 0.0123  d1.loss_iou: 0.0316  d2.loss_cls: 0.0008  d2.loss_bbox: 0.0120  d2.loss_iou: 0.0307  d3.loss_cls: 0.0005  d3.loss_bbox: 0.0119  d3.loss_iou: 0.0305  d4.loss_cls: 0.0005  d4.loss_bbox: 0.0119  d4.loss_iou: 0.0305  enc_loss_cls: 0.0113  enc_loss_bbox: 0.0180  enc_loss_iou: 0.0441  dn_loss_cls: 0.0046  dn_loss_bbox: 0.0173  dn_loss_iou: 0.0408  d0.dn_loss_cls: 0.0216  d0.dn_loss_bbox: 0.0575  d0.dn_loss_iou: 0.1234  d1.dn_loss_cls: 0.0081  d1.dn_loss_bbox: 0.0227  d1.dn_loss_iou: 0.0515  d2.dn_loss_cls: 0.0058  d2.dn_loss_bbox: 0.0188  d2.dn_loss_iou: 0.0436  d3.dn_loss_cls: 0.0049  d3.dn_loss_bbox: 0.0177  d3.dn_loss_iou: 0.0414  d4.dn_loss_cls: 0.0046  d4.dn_loss_bbox: 0.0174  d4.dn_loss_iou: 0.0409
2026/03/24 14:05:47 - mmengine - INFO - Evaluating bbox...
2026/03/24 14:05:49 - mmengine - INFO - bbox_mAP_copypaste: 0.746 0.951 0.858 -1.000 0.492 0.771
2026/03/24 14:05:49 - mmengine - INFO - Epoch(val) [68][16/16]    coco/bbox_mAP: 0.7460  coco/bbox_mAP_50: 0.9510  coco/bbox_mAP_75: 0.8580  coco/bbox_mAP_s: -1.0000  coco/bbox_mAP_m: 0.4920  coco/bbox_mAP_l: 0.7710  data_time: 0.0177  time: 0.2023
2026/03/24 14:06:13 - mmengine - INFO - Exp name: dino_4scale_r50_solaqua_fish_80e_pretrained_20260324_133509
2026/03/24 14:06:13 - mmengine - INFO - Epoch(train) [69][16/16]  base_lr: 1.5329e-05 lr: 1.5329e-05  eta: 0:04:20  time: 1.4849  data_time: 0.0534  memory: 31549  grad_norm: 21.3167  loss: 0.8895  loss_cls: 0.0004  loss_bbox: 0.0117  loss_iou: 0.0303  d0.loss_cls: 0.0125  d0.loss_bbox: 0.0146  d0.loss_iou: 0.0368  d1.loss_cls: 0.0025  d1.loss_bbox: 0.0120  d1.loss_iou: 0.0312  d2.loss_cls: 0.0006  d2.loss_bbox: 0.0118  d2.loss_iou: 0.0304  d3.loss_cls: 0.0003  d3.loss_bbox: 0.0117  d3.loss_iou: 0.0303  d4.loss_cls: 0.0003  d4.loss_bbox: 0.0117  d4.loss_iou: 0.0303  enc_loss_cls: 0.0111  enc_loss_bbox: 0.0174  enc_loss_iou: 0.0435  dn_loss_cls: 0.0043  dn_loss_bbox: 0.0172  dn_loss_iou: 0.0405  d0.dn_loss_cls: 0.0210  d0.dn_loss_bbox: 0.0571  d0.dn_loss_iou: 0.1237  d1.dn_loss_cls: 0.0078  d1.dn_loss_bbox: 0.0224  d1.dn_loss_iou: 0.0513  d2.dn_loss_cls: 0.0055  d2.dn_loss_bbox: 0.0186  d2.dn_loss_iou: 0.0433  d3.dn_loss_cls: 0.0046  d3.dn_loss_bbox: 0.0175  d3.dn_loss_iou: 0.0411  d4.dn_loss_cls: 0.0043  d4.dn_loss_bbox: 0.0172  d4.dn_loss_iou: 0.0406
2026/03/24 14:06:37 - mmengine - INFO - Exp name: dino_4scale_r50_solaqua_fish_80e_pretrained_20260324_133509
2026/03/24 14:06:37 - mmengine - INFO - Epoch(train) [70][16/16]  base_lr: 1.4026e-05 lr: 1.4026e-05  eta: 0:03:56  time: 1.4889  data_time: 0.0558  memory: 31549  grad_norm: 19.7745  loss: 0.8661  loss_cls: 0.0003  loss_bbox: 0.0112  loss_iou: 0.0291  d0.loss_cls: 0.0127  d0.loss_bbox: 0.0142  d0.loss_iou: 0.0356  d1.loss_cls: 0.0027  d1.loss_bbox: 0.0116  d1.loss_iou: 0.0300  d2.loss_cls: 0.0007  d2.loss_bbox: 0.0113  d2.loss_iou: 0.0293  d3.loss_cls: 0.0004  d3.loss_bbox: 0.0113  d3.loss_iou: 0.0291  d4.loss_cls: 0.0003  d4.loss_bbox: 0.0112  d4.loss_iou: 0.0291  enc_loss_cls: 0.0110  enc_loss_bbox: 0.0169  enc_loss_iou: 0.0420  dn_loss_cls: 0.0044  dn_loss_bbox: 0.0164  dn_loss_iou: 0.0386  d0.dn_loss_cls: 0.0215  d0.dn_loss_bbox: 0.0574  d0.dn_loss_iou: 0.1232  d1.dn_loss_cls: 0.0081  d1.dn_loss_bbox: 0.0218  d1.dn_loss_iou: 0.0496  d2.dn_loss_cls: 0.0056  d2.dn_loss_bbox: 0.0178  d2.dn_loss_iou: 0.0415  d3.dn_loss_cls: 0.0047  d3.dn_loss_bbox: 0.0167  d3.dn_loss_iou: 0.0392  d4.dn_loss_cls: 0.0044  d4.dn_loss_bbox: 0.0164  d4.dn_loss_iou: 0.0387
2026/03/24 14:06:41 - mmengine - INFO - Evaluating bbox...
2026/03/24 14:06:43 - mmengine - INFO - bbox_mAP_copypaste: 0.743 0.949 0.855 -1.000 0.493 0.768
2026/03/24 14:06:43 - mmengine - INFO - Epoch(val) [70][16/16]    coco/bbox_mAP: 0.7430  coco/bbox_mAP_50: 0.9490  coco/bbox_mAP_75: 0.8550  coco/bbox_mAP_s: -1.0000  coco/bbox_mAP_m: 0.4930  coco/bbox_mAP_l: 0.7680  data_time: 0.0182  time: 0.1888
2026/03/24 14:07:07 - mmengine - INFO - Exp name: dino_4scale_r50_solaqua_fish_80e_pretrained_20260324_133509
2026/03/24 14:07:07 - mmengine - INFO - Epoch(train) [71][16/16]  base_lr: 1.2724e-05 lr: 1.2724e-05  eta: 0:03:32  time: 1.4815  data_time: 0.0513  memory: 31549  grad_norm: 18.4747  loss: 0.8487  loss_cls: 0.0002  loss_bbox: 0.0110  loss_iou: 0.0282  d0.loss_cls: 0.0129  d0.loss_bbox: 0.0139  d0.loss_iou: 0.0347  d1.loss_cls: 0.0026  d1.loss_bbox: 0.0113  d1.loss_iou: 0.0291  d2.loss_cls: 0.0008  d2.loss_bbox: 0.0111  d2.loss_iou: 0.0285  d3.loss_cls: 0.0004  d3.loss_bbox: 0.0110  d3.loss_iou: 0.0282  d4.loss_cls: 0.0003  d4.loss_bbox: 0.0110  d4.loss_iou: 0.0282  enc_loss_cls: 0.0106  enc_loss_bbox: 0.0167  enc_loss_iou: 0.0412  dn_loss_cls: 0.0041  dn_loss_bbox: 0.0163  dn_loss_iou: 0.0379  d0.dn_loss_cls: 0.0210  d0.dn_loss_bbox: 0.0564  d0.dn_loss_iou: 0.1214  d1.dn_loss_cls: 0.0078  d1.dn_loss_bbox: 0.0214  d1.dn_loss_iou: 0.0486  d2.dn_loss_cls: 0.0054  d2.dn_loss_bbox: 0.0176  d2.dn_loss_iou: 0.0407  d3.dn_loss_cls: 0.0045  d3.dn_loss_bbox: 0.0166  d3.dn_loss_iou: 0.0385  d4.dn_loss_cls: 0.0042  d4.dn_loss_bbox: 0.0164  d4.dn_loss_iou: 0.0379
2026/03/24 14:07:30 - mmengine - INFO - Exp name: dino_4scale_r50_solaqua_fish_80e_pretrained_20260324_133509
2026/03/24 14:07:30 - mmengine - INFO - Epoch(train) [72][16/16]  base_lr: 1.1421e-05 lr: 1.1421e-05  eta: 0:03:09  time: 1.4786  data_time: 0.0498  memory: 31549  grad_norm: 18.5085  loss: 0.8394  loss_cls: 0.0002  loss_bbox: 0.0106  loss_iou: 0.0276  d0.loss_cls: 0.0134  d0.loss_bbox: 0.0137  d0.loss_iou: 0.0344  d1.loss_cls: 0.0030  d1.loss_bbox: 0.0110  d1.loss_iou: 0.0286  d2.loss_cls: 0.0009  d2.loss_bbox: 0.0107  d2.loss_iou: 0.0279  d3.loss_cls: 0.0004  d3.loss_bbox: 0.0106  d3.loss_iou: 0.0277  d4.loss_cls: 0.0003  d4.loss_bbox: 0.0106  d4.loss_iou: 0.0276  enc_loss_cls: 0.0107  enc_loss_bbox: 0.0164  enc_loss_iou: 0.0404  dn_loss_cls: 0.0043  dn_loss_bbox: 0.0160  dn_loss_iou: 0.0374  d0.dn_loss_cls: 0.0210  d0.dn_loss_bbox: 0.0560  d0.dn_loss_iou: 0.1213  d1.dn_loss_cls: 0.0080  d1.dn_loss_bbox: 0.0211  d1.dn_loss_iou: 0.0481  d2.dn_loss_cls: 0.0057  d2.dn_loss_bbox: 0.0173  d2.dn_loss_iou: 0.0402  d3.dn_loss_cls: 0.0047  d3.dn_loss_bbox: 0.0162  d3.dn_loss_iou: 0.0380  d4.dn_loss_cls: 0.0043  d4.dn_loss_bbox: 0.0160  d4.dn_loss_iou: 0.0375
2026/03/24 14:07:34 - mmengine - INFO - Evaluating bbox...
2026/03/24 14:07:36 - mmengine - INFO - bbox_mAP_copypaste: 0.744 0.951 0.855 -1.000 0.490 0.768
2026/03/24 14:07:36 - mmengine - INFO - Epoch(val) [72][16/16]    coco/bbox_mAP: 0.7440  coco/bbox_mAP_50: 0.9510  coco/bbox_mAP_75: 0.8550  coco/bbox_mAP_s: -1.0000  coco/bbox_mAP_m: 0.4900  coco/bbox_mAP_l: 0.7680  data_time: 0.0179  time: 0.1960
2026/03/24 14:08:00 - mmengine - INFO - Exp name: dino_4scale_r50_solaqua_fish_80e_pretrained_20260324_133509
2026/03/24 14:08:00 - mmengine - INFO - Epoch(train) [73][16/16]  base_lr: 1.0118e-05 lr: 1.0118e-05  eta: 0:02:45  time: 1.4825  data_time: 0.0557  memory: 31549  grad_norm: 17.7755  loss: 0.8385  loss_cls: 0.0001  loss_bbox: 0.0105  loss_iou: 0.0271  d0.loss_cls: 0.0134  d0.loss_bbox: 0.0135  d0.loss_iou: 0.0339  d1.loss_cls: 0.0028  d1.loss_bbox: 0.0109  d1.loss_iou: 0.0282  d2.loss_cls: 0.0010  d2.loss_bbox: 0.0106  d2.loss_iou: 0.0274  d3.loss_cls: 0.0003  d3.loss_bbox: 0.0105  d3.loss_iou: 0.0272  d4.loss_cls: 0.0002  d4.loss_bbox: 0.0105  d4.loss_iou: 0.0271  enc_loss_cls: 0.0105  enc_loss_bbox: 0.0161  enc_loss_iou: 0.0395  dn_loss_cls: 0.0043  dn_loss_bbox: 0.0163  dn_loss_iou: 0.0377  d0.dn_loss_cls: 0.0209  d0.dn_loss_bbox: 0.0564  d0.dn_loss_iou: 0.1218  d1.dn_loss_cls: 0.0080  d1.dn_loss_bbox: 0.0215  d1.dn_loss_iou: 0.0485  d2.dn_loss_cls: 0.0056  d2.dn_loss_bbox: 0.0176  d2.dn_loss_iou: 0.0405  d3.dn_loss_cls: 0.0047  d3.dn_loss_bbox: 0.0166  d3.dn_loss_iou: 0.0383  d4.dn_loss_cls: 0.0044  d4.dn_loss_bbox: 0.0164  d4.dn_loss_iou: 0.0378
2026/03/24 14:08:24 - mmengine - INFO - Exp name: dino_4scale_r50_solaqua_fish_80e_pretrained_20260324_133509
2026/03/24 14:08:24 - mmengine - INFO - Epoch(train) [74][16/16]  base_lr: 8.8158e-06 lr: 8.8158e-06  eta: 0:02:22  time: 1.4827  data_time: 0.0578  memory: 31549  grad_norm: 17.6983  loss: 0.8331  loss_cls: 0.0002  loss_bbox: 0.0103  loss_iou: 0.0266  d0.loss_cls: 0.0133  d0.loss_bbox: 0.0134  d0.loss_iou: 0.0336  d1.loss_cls: 0.0030  d1.loss_bbox: 0.0107  d1.loss_iou: 0.0277  d2.loss_cls: 0.0010  d2.loss_bbox: 0.0104  d2.loss_iou: 0.0269  d3.loss_cls: 0.0004  d3.loss_bbox: 0.0103  d3.loss_iou: 0.0268  d4.loss_cls: 0.0002  d4.loss_bbox: 0.0103  d4.loss_iou: 0.0267  enc_loss_cls: 0.0106  enc_loss_bbox: 0.0156  enc_loss_iou: 0.0385  dn_loss_cls: 0.0042  dn_loss_bbox: 0.0162  dn_loss_iou: 0.0374  d0.dn_loss_cls: 0.0209  d0.dn_loss_bbox: 0.0570  d0.dn_loss_iou: 0.1221  d1.dn_loss_cls: 0.0080  d1.dn_loss_bbox: 0.0216  d1.dn_loss_iou: 0.0487  d2.dn_loss_cls: 0.0056  d2.dn_loss_bbox: 0.0176  d2.dn_loss_iou: 0.0403  d3.dn_loss_cls: 0.0047  d3.dn_loss_bbox: 0.0164  d3.dn_loss_iou: 0.0380  d4.dn_loss_cls: 0.0042  d4.dn_loss_bbox: 0.0162  d4.dn_loss_iou: 0.0374
2026/03/24 14:08:28 - mmengine - INFO - Evaluating bbox...
2026/03/24 14:08:30 - mmengine - INFO - bbox_mAP_copypaste: 0.744 0.951 0.859 -1.000 0.494 0.768
2026/03/24 14:08:30 - mmengine - INFO - Epoch(val) [74][16/16]    coco/bbox_mAP: 0.7440  coco/bbox_mAP_50: 0.9510  coco/bbox_mAP_75: 0.8590  coco/bbox_mAP_s: -1.0000  coco/bbox_mAP_m: 0.4940  coco/bbox_mAP_l: 0.7680  data_time: 0.0185  time: 0.1966
2026/03/24 14:08:53 - mmengine - INFO - Exp name: dino_4scale_r50_solaqua_fish_80e_pretrained_20260324_133509
2026/03/24 14:08:53 - mmengine - INFO - Epoch(train) [75][16/16]  base_lr: 7.5132e-06 lr: 7.5132e-06  eta: 0:01:58  time: 1.4826  data_time: 0.0570  memory: 31549  grad_norm: 15.9997  loss: 0.8321  loss_cls: 0.0002  loss_bbox: 0.0100  loss_iou: 0.0263  d0.loss_cls: 0.0133  d0.loss_bbox: 0.0131  d0.loss_iou: 0.0332  d1.loss_cls: 0.0027  d1.loss_bbox: 0.0104  d1.loss_iou: 0.0272  d2.loss_cls: 0.0009  d2.loss_bbox: 0.0101  d2.loss_iou: 0.0264  d3.loss_cls: 0.0004  d3.loss_bbox: 0.0100  d3.loss_iou: 0.0263  d4.loss_cls: 0.0002  d4.loss_bbox: 0.0100  d4.loss_iou: 0.0262  enc_loss_cls: 0.0105  enc_loss_bbox: 0.0151  enc_loss_iou: 0.0380  dn_loss_cls: 0.0044  dn_loss_bbox: 0.0161  dn_loss_iou: 0.0375  d0.dn_loss_cls: 0.0214  d0.dn_loss_bbox: 0.0572  d0.dn_loss_iou: 0.1231  d1.dn_loss_cls: 0.0081  d1.dn_loss_bbox: 0.0219  d1.dn_loss_iou: 0.0497  d2.dn_loss_cls: 0.0058  d2.dn_loss_bbox: 0.0177  d2.dn_loss_iou: 0.0408  d3.dn_loss_cls: 0.0048  d3.dn_loss_bbox: 0.0165  d3.dn_loss_iou: 0.0382  d4.dn_loss_cls: 0.0045  d4.dn_loss_bbox: 0.0161  d4.dn_loss_iou: 0.0376
2026/03/24 14:09:18 - mmengine - INFO - Exp name: dino_4scale_r50_solaqua_fish_80e_pretrained_20260324_133509
2026/03/24 14:09:18 - mmengine - INFO - Epoch(train) [76][16/16]  base_lr: 6.2105e-06 lr: 6.2105e-06  eta: 0:01:34  time: 1.4870  data_time: 0.0595  memory: 31549  grad_norm: 15.5447  loss: 0.8354  loss_cls: 0.0002  loss_bbox: 0.0100  loss_iou: 0.0263  d0.loss_cls: 0.0134  d0.loss_bbox: 0.0131  d0.loss_iou: 0.0335  d1.loss_cls: 0.0026  d1.loss_bbox: 0.0104  d1.loss_iou: 0.0273  d2.loss_cls: 0.0009  d2.loss_bbox: 0.0101  d2.loss_iou: 0.0265  d3.loss_cls: 0.0005  d3.loss_bbox: 0.0100  d3.loss_iou: 0.0264  d4.loss_cls: 0.0003  d4.loss_bbox: 0.0100  d4.loss_iou: 0.0262  enc_loss_cls: 0.0105  enc_loss_bbox: 0.0152  enc_loss_iou: 0.0382  dn_loss_cls: 0.0044  dn_loss_bbox: 0.0162  dn_loss_iou: 0.0376  d0.dn_loss_cls: 0.0213  d0.dn_loss_bbox: 0.0574  d0.dn_loss_iou: 0.1234  d1.dn_loss_cls: 0.0081  d1.dn_loss_bbox: 0.0223  d1.dn_loss_iou: 0.0502  d2.dn_loss_cls: 0.0058  d2.dn_loss_bbox: 0.0179  d2.dn_loss_iou: 0.0411  d3.dn_loss_cls: 0.0049  d3.dn_loss_bbox: 0.0166  d3.dn_loss_iou: 0.0384  d4.dn_loss_cls: 0.0045  d4.dn_loss_bbox: 0.0162  d4.dn_loss_iou: 0.0376
2026/03/24 14:09:21 - mmengine - INFO - Evaluating bbox...
2026/03/24 14:09:24 - mmengine - INFO - bbox_mAP_copypaste: 0.742 0.950 0.854 -1.000 0.481 0.767
2026/03/24 14:09:24 - mmengine - INFO - Epoch(val) [76][16/16]    coco/bbox_mAP: 0.7420  coco/bbox_mAP_50: 0.9500  coco/bbox_mAP_75: 0.8540  coco/bbox_mAP_s: -1.0000  coco/bbox_mAP_m: 0.4810  coco/bbox_mAP_l: 0.7670  data_time: 0.0179  time: 0.1977
2026/03/24 14:09:48 - mmengine - INFO - Exp name: dino_4scale_r50_solaqua_fish_80e_pretrained_20260324_133509
2026/03/24 14:09:48 - mmengine - INFO - Epoch(train) [77][16/16]  base_lr: 4.9079e-06 lr: 4.9079e-06  eta: 0:01:11  time: 1.4898  data_time: 0.0523  memory: 31549  grad_norm: 14.1354  loss: 0.8099  loss_cls: 0.0001  loss_bbox: 0.0095  loss_iou: 0.0250  d0.loss_cls: 0.0127  d0.loss_bbox: 0.0128  d0.loss_iou: 0.0323  d1.loss_cls: 0.0022  d1.loss_bbox: 0.0099  d1.loss_iou: 0.0260  d2.loss_cls: 0.0006  d2.loss_bbox: 0.0096  d2.loss_iou: 0.0252  d3.loss_cls: 0.0003  d3.loss_bbox: 0.0096  d3.loss_iou: 0.0251  d4.loss_cls: 0.0001  d4.loss_bbox: 0.0095  d4.loss_iou: 0.0250  enc_loss_cls: 0.0103  enc_loss_bbox: 0.0148  enc_loss_iou: 0.0371  dn_loss_cls: 0.0043  dn_loss_bbox: 0.0156  dn_loss_iou: 0.0361  d0.dn_loss_cls: 0.0210  d0.dn_loss_bbox: 0.0572  d0.dn_loss_iou: 0.1225  d1.dn_loss_cls: 0.0078  d1.dn_loss_bbox: 0.0218  d1.dn_loss_iou: 0.0489  d2.dn_loss_cls: 0.0056  d2.dn_loss_bbox: 0.0174  d2.dn_loss_iou: 0.0399  d3.dn_loss_cls: 0.0048  d3.dn_loss_bbox: 0.0160  d3.dn_loss_iou: 0.0370  d4.dn_loss_cls: 0.0044  d4.dn_loss_bbox: 0.0156  d4.dn_loss_iou: 0.0362
2026/03/24 14:10:11 - mmengine - INFO - Exp name: dino_4scale_r50_solaqua_fish_80e_pretrained_20260324_133509
2026/03/24 14:10:11 - mmengine - INFO - Epoch(train) [78][16/16]  base_lr: 3.6053e-06 lr: 3.6053e-06  eta: 0:00:47  time: 1.4879  data_time: 0.0556  memory: 31549  grad_norm: 13.2840  loss: 0.7929  loss_cls: 0.0001  loss_bbox: 0.0094  loss_iou: 0.0246  d0.loss_cls: 0.0125  d0.loss_bbox: 0.0128  d0.loss_iou: 0.0320  d1.loss_cls: 0.0023  d1.loss_bbox: 0.0098  d1.loss_iou: 0.0257  d2.loss_cls: 0.0006  d2.loss_bbox: 0.0095  d2.loss_iou: 0.0249  d3.loss_cls: 0.0003  d3.loss_bbox: 0.0095  d3.loss_iou: 0.0248  d4.loss_cls: 0.0001  d4.loss_bbox: 0.0094  d4.loss_iou: 0.0247  enc_loss_cls: 0.0103  enc_loss_bbox: 0.0147  enc_loss_iou: 0.0364  dn_loss_cls: 0.0043  dn_loss_bbox: 0.0149  dn_loss_iou: 0.0347  d0.dn_loss_cls: 0.0209  d0.dn_loss_bbox: 0.0566  d0.dn_loss_iou: 0.1213  d1.dn_loss_cls: 0.0080  d1.dn_loss_bbox: 0.0209  d1.dn_loss_iou: 0.0469  d2.dn_loss_cls: 0.0056  d2.dn_loss_bbox: 0.0166  d2.dn_loss_iou: 0.0381  d3.dn_loss_cls: 0.0047  d3.dn_loss_bbox: 0.0153  d3.dn_loss_iou: 0.0355  d4.dn_loss_cls: 0.0044  d4.dn_loss_bbox: 0.0150  d4.dn_loss_iou: 0.0348
2026/03/24 14:10:15 - mmengine - INFO - Evaluating bbox...
2026/03/24 14:10:17 - mmengine - INFO - bbox_mAP_copypaste: 0.744 0.949 0.858 -1.000 0.483 0.769
2026/03/24 14:10:17 - mmengine - INFO - Epoch(val) [78][16/16]    coco/bbox_mAP: 0.7440  coco/bbox_mAP_50: 0.9490  coco/bbox_mAP_75: 0.8580  coco/bbox_mAP_s: -1.0000  coco/bbox_mAP_m: 0.4830  coco/bbox_mAP_l: 0.7690  data_time: 0.0168  time: 0.1942
2026/03/24 14:10:41 - mmengine - INFO - Exp name: dino_4scale_r50_solaqua_fish_80e_pretrained_20260324_133509
2026/03/24 14:10:41 - mmengine - INFO - Epoch(train) [79][16/16]  base_lr: 2.3026e-06 lr: 2.3026e-06  eta: 0:00:23  time: 1.4877  data_time: 0.0521  memory: 31549  grad_norm: 11.6156  loss: 0.7721  loss_cls: 0.0000  loss_bbox: 0.0090  loss_iou: 0.0237  d0.loss_cls: 0.0123  d0.loss_bbox: 0.0125  d0.loss_iou: 0.0314  d1.loss_cls: 0.0023  d1.loss_bbox: 0.0095  d1.loss_iou: 0.0247  d2.loss_cls: 0.0006  d2.loss_bbox: 0.0091  d2.loss_iou: 0.0240  d3.loss_cls: 0.0001  d3.loss_bbox: 0.0091  d3.loss_iou: 0.0238  d4.loss_cls: 0.0001  d4.loss_bbox: 0.0090  d4.loss_iou: 0.0237  enc_loss_cls: 0.0103  enc_loss_bbox: 0.0143  enc_loss_iou: 0.0356  dn_loss_cls: 0.0043  dn_loss_bbox: 0.0145  dn_loss_iou: 0.0337  d0.dn_loss_cls: 0.0210  d0.dn_loss_bbox: 0.0560  d0.dn_loss_iou: 0.1200  d1.dn_loss_cls: 0.0078  d1.dn_loss_bbox: 0.0201  d1.dn_loss_iou: 0.0452  d2.dn_loss_cls: 0.0055  d2.dn_loss_bbox: 0.0159  d2.dn_loss_iou: 0.0368  d3.dn_loss_cls: 0.0046  d3.dn_loss_bbox: 0.0148  d3.dn_loss_iou: 0.0343  d4.dn_loss_cls: 0.0043  d4.dn_loss_bbox: 0.0145  d4.dn_loss_iou: 0.0337
2026/03/24 14:11:05 - mmengine - INFO - Exp name: dino_4scale_r50_solaqua_fish_80e_pretrained_20260324_133509
2026/03/24 14:11:05 - mmengine - INFO - Epoch(train) [80][16/16]  base_lr: 1.0000e-06 lr: 1.0000e-06  eta: 0:00:00  time: 1.4838  data_time: 0.0640  memory: 31549  grad_norm: 10.3157  loss: 0.7665  loss_cls: 0.0000  loss_bbox: 0.0090  loss_iou: 0.0235  d0.loss_cls: 0.0123  d0.loss_bbox: 0.0124  d0.loss_iou: 0.0311  d1.loss_cls: 0.0023  d1.loss_bbox: 0.0094  d1.loss_iou: 0.0246  d2.loss_cls: 0.0007  d2.loss_bbox: 0.0091  d2.loss_iou: 0.0239  d3.loss_cls: 0.0001  d3.loss_bbox: 0.0090  d3.loss_iou: 0.0236  d4.loss_cls: 0.0001  d4.loss_bbox: 0.0090  d4.loss_iou: 0.0235  enc_loss_cls: 0.0103  enc_loss_bbox: 0.0141  enc_loss_iou: 0.0351  dn_loss_cls: 0.0044  dn_loss_bbox: 0.0142  dn_loss_iou: 0.0337  d0.dn_loss_cls: 0.0211  d0.dn_loss_bbox: 0.0548  d0.dn_loss_iou: 0.1188  d1.dn_loss_cls: 0.0079  d1.dn_loss_bbox: 0.0197  d1.dn_loss_iou: 0.0450  d2.dn_loss_cls: 0.0056  d2.dn_loss_bbox: 0.0155  d2.dn_loss_iou: 0.0367  d3.dn_loss_cls: 0.0047  d3.dn_loss_bbox: 0.0145  d3.dn_loss_iou: 0.0343  d4.dn_loss_cls: 0.0044  d4.dn_loss_bbox: 0.0143  d4.dn_loss_iou: 0.0337
2026/03/24 14:11:05 - mmengine - INFO - Saving checkpoint at 80 epochs
2026/03/24 14:11:12 - mmengine - INFO - Evaluating bbox...
2026/03/24 14:11:14 - mmengine - INFO - bbox_mAP_copypaste: 0.743 0.949 0.857 -1.000 0.483 0.768
2026/03/24 14:11:14 - mmengine - INFO - Epoch(val) [80][16/16]    coco/bbox_mAP: 0.7430  coco/bbox_mAP_50: 0.9490  coco/bbox_mAP_75: 0.8570  coco/bbox_mAP_s: -1.0000  coco/bbox_mAP_m: 0.4830  coco/bbox_mAP_l: 0.7680  data_time: 0.0152  time: 0.1960
